indexLine	algoIter	time	best obj	current obj	T	probdelta1	nb uses 1	nb uses 2	nb uses 3	nb uses 4	nb uses 5	nb uses 6	nb uses 7	nb uses 8	nb uses 9	score 1	score 2	score 3	score 4	score 5	score 6	score 7	score 8	score 9	duration 1	duration 2	duration 3	duration 4	duration 5	duration 6	duration 7	duration 8	duration 9	avgDuration 1	avgDuration 2	avgDuration 3	avgDuration 4	avgDuration 5	avgDuration 6	avgDuration 7	avgDuration 8	avgDuration 9	sigmas1 1	sigmas1 2	sigmas1 3	sigmas1 4	sigmas1 5	sigmas1 6	sigmas1 7	sigmas1 8	sigmas1 9	sigmas2 1	sigmas2 2	sigmas2 3	sigmas2 4	sigmas2 5	sigmas2 6	sigmas2 7	sigmas2 8	sigmas2 9	sigmas3 1	sigmas3 2	sigmas3 3	sigmas3 4	sigmas3 5	sigmas3 6	sigmas3 7	sigmas3 8	sigmas3 9	sigmas4 1	sigmas4 2	sigmas4 3	sigmas4 4	sigmas4 5	sigmas4 6	sigmas4 7	sigmas4 8	sigmas4 9	sigmas5 1	sigmas5 2	sigmas5 3	sigmas5 4	sigmas5 5	sigmas5 6	sigmas5 7	sigmas5 8	sigmas5 9	sigmas6 1	sigmas6 2	sigmas6 3	sigmas6 4	sigmas6 5	sigmas6 6	sigmas6 7	sigmas6 8	sigmas6 9	weight 1	weight 2	weight 3	weight 4	weight 5	weight 6	weight 7	weight 8	weight 9	proba 1	proba 2	proba 3	proba 4	proba 5	proba 6	proba 7	proba 8	proba 9	
1	2	104.933261213	6084.972	6084.972	100.0	0.99005	0	0	0	0	0	0	0	0	0	0.0	0.0	0.0	0.0	0.0	0.0	0.0	0.0	0.0	0.0	0.0	0.0	0.0	0.0	0.0	0.0	0.0	0.0	0.0	0.0	0.0	0.0	0.0	0.0	0.0	0.0	0.0	0	0	0	0	0	0	0	0	0	0	0	0	0	0	0	0	0	0	0	0	0	0	0	0	0	0	0	0	0	0	0	0	0	0	0	0	0	0	0	0	0	0	0	0	0	0	0	0	0	0	0	0	0	0	0.0	0.0	0.0	0.0	0.0	0.0	0.0	0.0	0.0	0.0	0.0	0.0	0.0	0.0	0.0	0.0	0.0	0.0	
2	4	118.510202577	5967.972	5967.972	100.0	0.99005	0	0	0	0	0	0	0	0	0	1.0	0.0	0.0	0.0	1.0	0.0	0.0	0.0	0.0	0.0	0.0	0.0	0.0	0.0	0.0	0.0	0.0	0.0	0.000223	0.0	0.0	0.0	13.5767	0.0	0.0	0.0	0.0	0	0	0	0	0	0	0	0	0	0	0	0	0	0	0	0	0	0	0	0	0	0	0	0	0	0	0	0	0	0	0	0	0	0	0	0	0	0	0	0	0	0	0	0	0	0	0	0	0	0	0	0	0	0	4479.32	0.0	0.0	0.0	0.073656	0.0	0.0	0.0	0.0	0.0	0.0	0.0	0.0	0.0	0.0	0.0	0.0	0.0	
3	165	151.683961558	5884.222	5884.222	79.6041	0.987516	160	0	0	0	1	0	0	0	0	0.000912	0.0	0.0	0.0	1.0	0.0	0.0	0.0	0.0	0.047034	0.0	0.0	0.0	33.1266	0.0	0.0	0.0	0.0	0.000294	0.0	0.0	0.0	33.1266	0.0	0.0	0.0	0.0	0	0	0	0	1	0	0	0	0	14	0	0	0	0	0	0	0	0	86	0	0	0	0	0	0	0	0	8	0	0	0	0	0	0	0	0	4	0	0	0	0	0	0	0	0	48	0	0	0	0	0	0	0	0	3.10343	0.0	0.0	0.0	0.030187	0.0	0.0	0.0	0.0	0.990367	0.0	0.0	0.0	0.009633	0.0	0.0	0.0	0.0	
4	238	175.277489078	5614.25	5614.25	74.6852	0.9867	232	0	0	0	2	0	0	0	0	0.000289	0.0	0.0	0.0	1.0	0.0	0.0	0.0	0.0	0.071867	0.0	0.0	0.0	56.6952	0.0	0.0	0.0	0.0	0.00031	0.0	0.0	0.0	28.3476	0.0	0.0	0.0	0.0	0	0	0	0	2	0	0	0	0	18	0	0	0	0	0	0	0	0	130	0	0	0	0	0	0	0	0	10	0	0	0	0	0	0	0	0	5	0	0	0	0	0	0	0	0	69	0	0	0	0	0	0	0	0	0.933867	0.0	0.0	0.0	0.035276	0.0	0.0	0.0	0.0	0.9636	0.0	0.0	0.0	0.0364	0.0	0.0	0.0	0.0	
5	239	207.745974788	5324.194	5324.194	71.3741	0.986087	232	0	0	0	3	0	0	0	0	0.000289	0.0	0.0	0.0	1.0	0.0	0.0	0.0	0.0	0.071867	0.0	0.0	0.0	89.1637	0.0	0.0	0.0	0.0	0.00031	0.0	0.0	0.0	29.7212	0.0	0.0	0.0	0.0	0	0	0	0	3	0	0	0	0	18	0	0	0	0	0	0	0	0	130	0	0	0	0	0	0	0	0	10	0	0	0	0	0	0	0	0	5	0	0	0	0	0	0	0	0	69	0	0	0	0	0	0	0	0	0.933867	0.0	0.0	0.0	0.033646	0.0	0.0	0.0	0.0	0.965224	0.0	0.0	0.0	0.034776	0.0	0.0	0.0	0.0	
6	304	210.722537708	5308.480666666667	5440.028	67.0246	0.985191	296	0	0	0	4	0	0	0	0	0.002073	0.0	0.0	0.0	0.9	0.0	0.0	0.0	0.0	0.282772	0.0	0.0	0.0	91.9293	0.0	0.0	0.0	0.0	0.000955	0.0	0.0	0.0	22.9823	0.0	0.0	0.0	0.0	1	0	0	0	3	0	0	0	0	20	0	0	0	0	0	0	0	0	168	0	0	0	1	0	0	0	0	16	0	0	0	0	0	0	0	0	6	0	0	0	0	0	0	0	0	85	0	0	0	0	0	0	0	0	2.17009	0.0	0.0	0.0	0.03916	0.0	0.0	0.0	0.0	0.982274	0.0	0.0	0.0	0.017726	0.0	0.0	0.0	0.0	
7	308	214.317394648	5308.480666666667	5407.444	66.6688	0.985112	299	0	0	0	5	0	0	0	0	0.002014	0.0	0.0	0.0	0.8105	0.0	0.0	0.0	0.0	0.283934	0.0	0.0	0.0	95.523	0.0	0.0	0.0	0.0	0.00095	0.0	0.0	0.0	19.1046	0.0	0.0	0.0	0.0	1	0	0	0	3	0	0	0	0	21	0	0	0	1	0	0	0	0	169	0	0	0	1	0	0	0	0	16	0	0	0	0	0	0	0	0	7	0	0	0	0	0	0	0	0	85	0	0	0	0	0	0	0	0	2.12099	0.0	0.0	0.0	0.042424	0.0	0.0	0.0	0.0	0.98039	0.0	0.0	0.0	0.01961	0.0	0.0	0.0	0.0	
8	310	223.463679972	5308.480666666667	5364.444	66.2093	0.98501	300	0	0	0	6	0	0	0	0	0.001911	0.0	0.0	0.0	0.72995	0.0	0.0	0.0	0.0	0.284302	0.0	0.0	0.0	104.669	0.0	0.0	0.0	0.0	0.000948	0.0	0.0	0.0	17.4448	0.0	0.0	0.0	0.0	1	0	0	0	3	0	0	0	0	21	0	0	0	2	0	0	0	0	170	0	0	0	1	0	0	0	0	16	0	0	0	0	0	0	0	0	7	0	0	0	0	0	0	0	0	85	0	0	0	0	0	0	0	0	2.01694	0.0	0.0	0.0	0.041843	0.0	0.0	0.0	0.0	0.979676	0.0	0.0	0.0	0.020324	0.0	0.0	0.0	0.0	
9	337	238.625261616	5151.028	5151.028	65.0534	0.984746	326	0	0	0	7	0	0	0	0	0.000878	0.0	0.0	0.0	0.756955	0.0	0.0	0.0	0.0	0.292417	0.0	0.0	0.0	119.822	0.0	0.0	0.0	0.0	0.000897	0.0	0.0	0.0	17.1175	0.0	0.0	0.0	0.0	1	0	0	0	4	0	0	0	0	25	0	0	0	2	0	0	0	0	184	0	0	0	1	0	0	0	0	16	0	0	0	0	0	0	0	0	8	0	0	0	0	0	0	0	0	92	0	0	0	0	0	0	0	0	0.978484	0.0	0.0	0.0	0.044221	0.0	0.0	0.0	0.0	0.956761	0.0	0.0	0.0	0.04324	0.0	0.0	0.0	0.0	
10	340	254.64957215	4962.278	4962.278	63.184	0.984298	328	0	0	0	8	0	0	0	0	0.000788	0.0	0.0	0.0	0.78126	0.0	0.0	0.0	0.0	0.293356	0.0	0.0	0.0	135.846	0.0	0.0	0.0	0.0	0.000894	0.0	0.0	0.0	16.9807	0.0	0.0	0.0	0.0	1	0	0	0	5	0	0	0	0	25	0	0	0	2	0	0	0	0	185	0	0	0	1	0	0	0	0	16	0	0	0	0	0	0	0	0	8	0	0	0	0	0	0	0	0	93	0	0	0	0	0	0	0	0	0.881333	0.0	0.0	0.0	0.046009	0.0	0.0	0.0	0.0	0.950387	0.0	0.0	0.0	0.049614	0.0	0.0	0.0	0.0	
11	450	264.817213015	4962.275777777778	5068.194	61.262	0.983809	437	0	0	0	9	0	0	0	0	0.000604	0.0	0.0	0.0	0.703634	0.0	0.0	0.0	0.0	0.326432	0.0	0.0	0.0	145.98	0.0	0.0	0.0	0.0	0.000747	0.0	0.0	0.0	16.22	0.0	0.0	0.0	0.0	2	0	0	0	5	0	0	0	0	31	0	0	0	3	0	0	0	0	238	0	0	0	1	0	0	0	0	25	0	0	0	0	0	0	0	0	10	0	0	0	0	0	0	0	0	131	0	0	0	0	0	0	0	0	0.808487	0.0	0.0	0.0	0.043381	0.0	0.0	0.0	0.0	0.949076	0.0	0.0	0.0	0.050924	0.0	0.0	0.0	0.0	
12	506	271.883299997	4962.275777777778	5028.861	60.0769	0.983492	492	0	0	0	10	0	0	0	0	0.000514	0.0	0.0	0.0	0.63377	0.0	0.0	0.0	0.0	0.344439	0.0	0.0	0.0	153.028	0.0	0.0	0.0	0.0	0.0007	0.0	0.0	0.0	15.3028	0.0	0.0	0.0	0.0	2	0	0	0	5	0	0	0	0	39	0	0	0	4	0	0	0	0	256	0	0	0	1	0	0	0	0	31	0	0	0	0	0	0	0	0	11	0	0	0	0	0	0	0	0	153	0	0	0	0	0	0	0	0	0.733719	0.0	0.0	0.0	0.041415	0.0	0.0	0.0	0.0	0.94657	0.0	0.0	0.0	0.05343	0.0	0.0	0.0	0.0	
13	529	291.190497164	4962.275777777778	5022.667	59.2669	0.983269	514	0	0	0	11	0	0	0	0	0.000415	0.0	0.0	0.0	0.570893	0.0	0.0	0.0	0.0	0.352049	0.0	0.0	0.0	172.328	0.0	0.0	0.0	0.0	0.000685	0.0	0.0	0.0	15.6662	0.0	0.0	0.0	0.0	2	0	0	0	5	0	0	0	0	41	0	0	0	5	0	0	0	0	270	0	0	0	1	0	0	0	0	33	0	0	0	0	0	0	0	0	11	0	0	0	0	0	0	0	0	157	0	0	0	0	0	0	0	0	0.606059	0.0	0.0	0.0	0.036441	0.0	0.0	0.0	0.0	0.943282	0.0	0.0	0.0	0.056718	0.0	0.0	0.0	0.0	
14	534	300.627512151	4962.275777777778	5003.389	57.1063	0.982641	518	0	0	0	12	0	0	0	0	0.000561	0.0	0.0	0.0	0.514304	0.0	0.0	0.0	0.0	0.353846	0.0	0.0	0.0	181.763	0.0	0.0	0.0	0.0	0.000683	0.0	0.0	0.0	15.1469	0.0	0.0	0.0	0.0	2	0	0	0	5	0	0	0	0	42	0	0	0	6	0	0	0	0	273	0	0	0	1	0	0	0	0	33	0	0	0	0	0	0	0	0	11	0	0	0	0	0	0	0	0	157	0	0	0	0	0	0	0	0	0.820831	0.0	0.0	0.0	0.033954	0.0	0.0	0.0	0.0	0.960277	0.0	0.0	0.0	0.039723	0.0	0.0	0.0	0.0	
15	539	323.002841649	4735.167	4735.167	56.0788	0.982326	522	0	0	0	13	0	0	0	0	0.000701	0.0	0.0	0.0	0.562873	0.0	0.0	0.0	0.0	0.355753	0.0	0.0	0.0	204.136	0.0	0.0	0.0	0.0	0.000682	0.0	0.0	0.0	15.7028	0.0	0.0	0.0	0.0	2	0	0	0	6	0	0	0	0	43	0	0	0	6	0	0	0	0	275	0	0	0	1	0	0	0	0	33	0	0	0	0	0	0	0	0	12	0	0	0	0	0	0	0	0	157	0	0	0	0	0	0	0	0	1.02834	0.0	0.0	0.0	0.035845	0.0	0.0	0.0	0.0	0.966316	0.0	0.0	0.0	0.033684	0.0	0.0	0.0	0.0	
16	576	354.713154396	4699.083	4699.083	53.7145	0.981555	558	0	0	0	14	0	0	0	0	9.0e-5	0.0	0.0	0.0	0.606586	0.0	0.0	0.0	0.0	0.369659	0.0	0.0	0.0	235.833	0.0	0.0	0.0	0.0	0.000662	0.0	0.0	0.0	16.8452	0.0	0.0	0.0	0.0	2	0	0	0	7	0	0	0	0	43	0	0	0	6	0	0	0	0	299	0	0	0	1	0	0	0	0	36	0	0	0	0	0	0	0	0	14	0	0	0	0	0	0	0	0	164	0	0	0	0	0	0	0	0	0.136422	0.0	0.0	0.0	0.03601	0.0	0.0	0.0	0.0	0.791166	0.0	0.0	0.0	0.208834	0.0	0.0	0.0	0.0	
17	650	360.15265388	4697.634111111112	4880.75	50.5274	0.980403	631	0	0	0	15	0	0	0	0	0.006743	0.0	0.0	0.0	0.546428	0.0	0.0	0.0	0.0	0.465347	0.0	0.0	0.0	241.176	0.0	0.0	0.0	0.0	0.000737	0.0	0.0	0.0	16.0784	0.0	0.0	0.0	0.0	4	0	0	0	7	0	0	0	0	47	0	0	0	7	0	0	0	0	338	0	0	0	1	0	0	0	0	41	0	0	0	0	0	0	0	0	16	0	0	0	0	0	0	0	0	185	0	0	0	0	0	0	0	0	9.14337	0.0	0.0	0.0	0.033985	0.0	0.0	0.0	0.0	0.996297	0.0	0.0	0.0	0.003703	0.0	0.0	0.0	0.0	
18	692	372.570128645	4697.634111111112	4793.583	50.0095	0.980202	672	0	0	0	16	0	0	0	0	0.000848	0.0	0.0	0.0	0.492285	0.0	0.0	0.0	0.0	0.476269	0.0	0.0	0.0	253.583	0.0	0.0	0.0	0.0	0.000709	0.0	0.0	0.0	15.8489	0.0	0.0	0.0	0.0	4	0	0	0	7	0	0	0	0	48	0	0	0	8	0	0	0	0	358	0	0	0	1	0	0	0	0	48	0	0	0	0	0	0	0	0	16	0	0	0	0	0	0	0	0	198	0	0	0	0	0	0	0	0	1.19657	0.0	0.0	0.0	0.031061	0.0	0.0	0.0	0.0	0.974698	0.0	0.0	0.0	0.025302	0.0	0.0	0.0	0.0	
19	697	376.694181693	4697.634111111112	4794.083	48.8298	0.979729	676	0	0	0	17	0	0	0	0	0.000687	0.0	0.0	0.0	0.443556	0.0	0.0	0.0	0.0	0.477473	0.0	0.0	0.0	257.706	0.0	0.0	0.0	0.0	0.000706	0.0	0.0	0.0	15.1592	0.0	0.0	0.0	0.0	4	0	0	0	7	0	0	0	0	48	0	0	0	9	0	0	0	0	361	0	0	0	1	0	0	0	0	48	0	0	0	0	0	0	0	0	16	0	0	0	0	0	0	0	0	199	0	0	0	0	0	0	0	0	0.97217	0.0	0.0	0.0	0.02926	0.0	0.0	0.0	0.0	0.970782	0.0	0.0	0.0	0.029218	0.0	0.0	0.0	0.0	
20	704	381.442966686	4697.634111111112	4843.75	48.4438	0.979569	682	0	0	0	18	0	0	0	0	0.000721	0.0	0.0	0.0	0.399701	0.0	0.0	0.0	0.0	0.479436	0.0	0.0	0.0	262.453	0.0	0.0	0.0	0.0	0.000703	0.0	0.0	0.0	14.5807	0.0	0.0	0.0	0.0	4	0	0	0	7	0	0	0	0	49	0	0	0	10	0	0	0	0	364	0	0	0	1	0	0	0	0	48	0	0	0	0	0	0	0	0	16	0	0	0	0	0	0	0	0	201	0	0	0	0	0	0	0	0	1.02535	0.0	0.0	0.0	0.027413	0.0	0.0	0.0	0.0	0.973961	0.0	0.0	0.0	0.026039	0.0	0.0	0.0	0.0	
21	731	404.176360685	4697.634111111112	4754.389	48.0028	0.979383	708	0	0	0	19	0	0	0	0	0.000367	0.0	0.0	0.0	0.360231	0.0	0.0	0.0	0.0	0.48571	0.0	0.0	0.0	285.18	0.0	0.0	0.0	0.0	0.000686	0.0	0.0	0.0	15.0095	0.0	0.0	0.0	0.0	4	0	0	0	7	0	0	0	0	51	0	0	0	11	0	0	0	0	370	0	0	0	1	0	0	0	0	51	0	0	0	0	0	0	0	0	17	0	0	0	0	0	0	0	0	215	0	0	0	0	0	0	0	0	0.534707	0.0	0.0	0.0	0.024	0.0	0.0	0.0	0.0	0.957043	0.0	0.0	0.0	0.042957	0.0	0.0	0.0	0.0	
22	749	415.415683777	4697.634111111112	4763.389	45.9486	0.978472	725	0	0	0	20	0	0	0	0	0.000259	0.0	0.0	0.0	0.324708	0.0	0.0	0.0	0.0	0.490169	0.0	0.0	0.0	296.414	0.0	0.0	0.0	0.0	0.000676	0.0	0.0	0.0	14.8207	0.0	0.0	0.0	0.0	4	0	0	0	7	0	0	0	0	52	0	0	0	12	0	0	0	0	376	0	0	0	1	0	0	0	0	52	0	0	0	0	0	0	0	0	17	0	0	0	0	0	0	0	0	224	0	0	0	0	0	0	0	0	0.382851	0.0	0.0	0.0	0.021909	0.0	0.0	0.0	0.0	0.945872	0.0	0.0	0.0	0.054128	0.0	0.0	0.0	0.0	
23	772	422.292831783	4697.634111111112	4737.056	44.9655	0.978006	747	0	0	0	21	0	0	0	0	7.4e-5	0.0	0.0	0.0	0.292737	0.0	0.0	0.0	0.0	0.496492	0.0	0.0	0.0	303.285	0.0	0.0	0.0	0.0	0.000665	0.0	0.0	0.0	14.4422	0.0	0.0	0.0	0.0	4	0	0	0	7	0	0	0	0	52	0	0	0	13	0	0	0	0	388	0	0	0	1	0	0	0	0	54	0	0	0	0	0	0	0	0	18	0	0	0	0	0	0	0	0	231	0	0	0	0	0	0	0	0	0.111072	0.0	0.0	0.0	0.02027	0.0	0.0	0.0	0.0	0.845673	0.0	0.0	0.0	0.154327	0.0	0.0	0.0	0.0	
24	788	427.189642862	4697.634111111112	4735.556	44.3746	0.977717	762	0	0	0	22	0	0	0	0	0.000171	0.0	0.0	0.0	0.263963	0.0	0.0	0.0	0.0	0.500862	0.0	0.0	0.0	308.178	0.0	0.0	0.0	0.0	0.000657	0.0	0.0	0.0	14.0081	0.0	0.0	0.0	0.0	4	0	0	0	7	0	0	0	0	53	0	0	0	14	0	0	0	0	393	0	0	0	1	0	0	0	0	54	0	0	0	0	0	0	0	0	19	0	0	0	0	0	0	0	0	239	0	0	0	0	0	0	0	0	0.260432	0.0	0.0	0.0	0.018844	0.0	0.0	0.0	0.0	0.932527	0.0	0.0	0.0	0.067473	0.0	0.0	0.0	0.0	
25	807	443.760689916	4697.634111111112	4741.194	43.9584	0.977508	780	0	0	0	23	0	0	0	0	0.000173	0.0	0.0	0.0	0.238067	0.0	0.0	0.0	0.0	0.506781	0.0	0.0	0.0	324.743	0.0	0.0	0.0	0.0	0.00065	0.0	0.0	0.0	14.1193	0.0	0.0	0.0	0.0	4	0	0	0	7	0	0	0	0	54	0	0	0	15	0	0	0	0	401	0	0	0	1	0	0	0	0	57	0	0	0	0	0	0	0	0	19	0	0	0	0	0	0	0	0	245	0	0	0	0	0	0	0	0	0.265768	0.0	0.0	0.0	0.016861	0.0	0.0	0.0	0.0	0.940342	0.0	0.0	0.0	0.059658	0.0	0.0	0.0	0.0	
26	819	456.104661349	4697.634111111112	4703.194	42.5792	0.976788	791	0	0	0	24	0	0	0	0	0.000253	0.0	0.0	0.0	0.21476	0.0	0.0	0.0	0.0	0.510106	0.0	0.0	0.0	337.083	0.0	0.0	0.0	0.0	0.000645	0.0	0.0	0.0	14.0451	0.0	0.0	0.0	0.0	4	0	0	0	7	0	0	0	0	55	0	0	0	16	0	0	0	0	407	0	0	0	1	0	0	0	0	57	0	0	0	0	0	0	0	0	19	0	0	0	0	0	0	0	0	249	0	0	0	0	0	0	0	0	0.391841	0.0	0.0	0.0	0.015291	0.0	0.0	0.0	0.0	0.962443	0.0	0.0	0.0	0.037557	0.0	0.0	0.0	0.0	
27	826	547.803227767	4547.333	4547.333	41.5799	0.976237	797	0	0	0	25	0	0	0	0	0.000183	0.0	0.0	0.0	0.293284	0.0	0.0	0.0	0.0	0.512117	0.0	0.0	0.0	428.78	0.0	0.0	0.0	0.0	0.000643	0.0	0.0	0.0	17.1512	0.0	0.0	0.0	0.0	4	0	0	0	8	0	0	0	0	55	0	0	0	16	0	0	0	0	411	0	0	0	1	0	0	0	0	58	0	0	0	0	0	0	0	0	19	0	0	0	0	0	0	0	0	250	0	0	0	0	0	0	0	0	0.285029	0.0	0.0	0.0	0.0171	0.0	0.0	0.0	0.0	0.943402	0.0	0.0	0.0	0.056598	0.0	0.0	0.0	0.0	
28	831	553.560880274	4547.333	4551.833	34.8548	0.971717	801	0	0	0	26	0	0	0	0	0.000147	0.0	0.0	0.0	0.264456	0.0	0.0	0.0	0.0	0.513432	0.0	0.0	0.0	434.536	0.0	0.0	0.0	0.0	0.000641	0.0	0.0	0.0	16.7129	0.0	0.0	0.0	0.0	4	0	0	0	8	0	0	0	0	55	0	0	0	17	0	0	0	0	413	0	0	0	1	0	0	0	0	58	0	0	0	0	0	0	0	0	19	0	0	0	0	0	0	0	0	252	0	0	0	0	0	0	0	0	0.22955	0.0	0.0	0.0	0.015823	0.0	0.0	0.0	0.0	0.935513	0.0	0.0	0.0	0.064487	0.0	0.0	0.0	0.0	
29	843	572.124890519	4532.472	4532.472	34.4707	0.971407	812	0	0	0	27	0	0	0	0	7.9e-5	0.0	0.0	0.0	0.33801	0.0	0.0	0.0	0.0	0.51723	0.0	0.0	0.0	453.096	0.0	0.0	0.0	0.0	0.000637	0.0	0.0	0.0	16.7813	0.0	0.0	0.0	0.0	4	0	0	0	9	0	0	0	0	55	0	0	0	17	0	0	0	0	416	0	0	0	1	0	0	0	0	59	0	0	0	0	0	0	0	0	21	0	0	0	0	0	0	0	0	257	0	0	0	0	0	0	0	0	0.124548	0.0	0.0	0.0	0.020142	0.0	0.0	0.0	0.0	0.860792	0.0	0.0	0.0	0.139208	0.0	0.0	0.0	0.0	
30	846	576.189804115	4527.972	4527.972	33.2614	0.970383	814	0	0	0	28	0	0	0	0	7.0e-5	0.0	0.0	0.0	0.404209	0.0	0.0	0.0	0.0	0.517945	0.0	0.0	0.0	457.161	0.0	0.0	0.0	0.0	0.000636	0.0	0.0	0.0	16.3272	0.0	0.0	0.0	0.0	4	0	0	0	10	0	0	0	0	55	0	0	0	17	0	0	0	0	417	0	0	0	1	0	0	0	0	59	0	0	0	0	0	0	0	0	21	0	0	0	0	0	0	0	0	258	0	0	0	0	0	0	0	0	0.110562	0.0	0.0	0.0	0.024757	0.0	0.0	0.0	0.0	0.817048	0.0	0.0	0.0	0.182952	0.0	0.0	0.0	0.0	
31	850	756.355516648	4445.25	4445.25	33.0023	0.970154	817	0	0	0	29	0	0	0	0	5.8e-5	0.0	0.0	0.0	0.463788	0.0	0.0	0.0	0.0	0.518464	0.0	0.0	0.0	637.326	0.0	0.0	0.0	0.0	0.000635	0.0	0.0	0.0	21.9768	0.0	0.0	0.0	0.0	4	0	0	0	11	0	0	0	0	55	0	0	0	17	0	0	0	0	417	0	0	0	1	0	0	0	0	59	0	0	0	0	0	0	0	0	21	0	0	0	0	0	0	0	0	261	0	0	0	0	0	0	0	0	0.09151	0.0	0.0	0.0	0.021104	0.0	0.0	0.0	0.0	0.812601	0.0	0.0	0.0	0.187399	0.0	0.0	0.0	0.0	
32	851	764.144492524	4432.75	4432.75	23.3346	0.95805	817	0	0	0	30	0	0	0	0	5.8e-5	0.0	0.0	0.0	0.517409	0.0	0.0	0.0	0.0	0.518464	0.0	0.0	0.0	645.115	0.0	0.0	0.0	0.0	0.000635	0.0	0.0	0.0	21.5038	0.0	0.0	0.0	0.0	4	0	0	0	12	0	0	0	0	55	0	0	0	17	0	0	0	0	417	0	0	0	1	0	0	0	0	59	0	0	0	0	0	0	0	0	21	0	0	0	0	0	0	0	0	261	0	0	0	0	0	0	0	0	0.09151	0.0	0.0	0.0	0.024061	0.0	0.0	0.0	0.0	0.791805	0.0	0.0	0.0	0.208195	0.0	0.0	0.0	0.0	
33	853	772.457962743	4432.75	4432.75	22.9875	0.957431	818	0	0	0	31	0	0	0	0	5.4e-5	0.0	0.0	0.0	0.465668	0.0	0.0	0.0	0.0	0.51877	0.0	0.0	0.0	653.428	0.0	0.0	0.0	0.0	0.000634	0.0	0.0	0.0	21.0783	0.0	0.0	0.0	0.0	4	0	0	0	12	0	0	0	0	55	0	0	0	17	0	0	0	0	417	0	0	0	2	0	0	0	0	59	0	0	0	0	0	0	0	0	21	0	0	0	0	0	0	0	0	262	0	0	0	0	0	0	0	0	0.085785	0.0	0.0	0.0	0.022092	0.0	0.0	0.0	0.0	0.79521	0.0	0.0	0.0	0.20479	0.0	0.0	0.0	0.0	
34	859	778.955412253	4429.75	4429.75	22.6227	0.956759	823	0	0	0	32	0	0	0	0	3.9e-5	0.0	0.0	0.0	0.519102	0.0	0.0	0.0	0.0	0.520325	0.0	0.0	0.0	659.924	0.0	0.0	0.0	0.0	0.000632	0.0	0.0	0.0	20.6226	0.0	0.0	0.0	0.0	4	0	0	0	13	0	0	0	0	55	0	0	0	17	0	0	0	0	418	0	0	0	2	0	0	0	0	61	0	0	0	0	0	0	0	0	21	0	0	0	0	0	0	0	0	264	0	0	0	0	0	0	0	0	0.06158	0.0	0.0	0.0	0.025172	0.0	0.0	0.0	0.0	0.709844	0.0	0.0	0.0	0.290156	0.0	0.0	0.0	0.0	
35	860	782.716322218	4429.75	4429.75	22.3417	0.956228	823	0	0	0	33	0	0	0	0	3.9e-5	0.0	0.0	0.0	0.467191	0.0	0.0	0.0	0.0	0.520325	0.0	0.0	0.0	663.685	0.0	0.0	0.0	0.0	0.000632	0.0	0.0	0.0	20.1117	0.0	0.0	0.0	0.0	4	0	0	0	13	0	0	0	0	55	0	0	0	17	0	0	0	0	418	0	0	0	3	0	0	0	0	61	0	0	0	0	0	0	0	0	21	0	0	0	0	0	0	0	0	264	0	0	0	0	0	0	0	0	0.06158	0.0	0.0	0.0	0.02323	0.0	0.0	0.0	0.0	0.726095	0.0	0.0	0.0	0.273905	0.0	0.0	0.0	0.0	
36	865	785.916804866	4391.944	4391.944	22.1806	0.955917	827	0	0	0	34	0	0	0	0	2.9e-5	0.0	0.0	0.0	0.520472	0.0	0.0	0.0	0.0	0.521642	0.0	0.0	0.0	666.884	0.0	0.0	0.0	0.0	0.000631	0.0	0.0	0.0	19.6142	0.0	0.0	0.0	0.0	4	0	0	0	14	0	0	0	0	55	0	0	0	17	0	0	0	0	421	0	0	0	3	0	0	0	0	61	0	0	0	0	0	0	0	0	21	0	0	0	0	0	0	0	0	265	0	0	0	0	0	0	0	0	0.045962	0.0	0.0	0.0	0.026535	0.0	0.0	0.0	0.0	0.633978	0.0	0.0	0.0	0.366022	0.0	0.0	0.0	0.0	
37	866	789.353293748	4391.944	4391.944	22.0445	0.955651	827	0	0	0	35	0	0	0	0	2.9e-5	0.0	0.0	0.0	0.468425	0.0	0.0	0.0	0.0	0.521642	0.0	0.0	0.0	670.32	0.0	0.0	0.0	0.0	0.000631	0.0	0.0	0.0	19.152	0.0	0.0	0.0	0.0	4	0	0	0	14	0	0	0	0	55	0	0	0	17	0	0	0	0	421	0	0	0	4	0	0	0	0	61	0	0	0	0	0	0	0	0	21	0	0	0	0	0	0	0	0	265	0	0	0	0	0	0	0	0	0.045962	0.0	0.0	0.0	0.024458	0.0	0.0	0.0	0.0	0.652679	0.0	0.0	0.0	0.347321	0.0	0.0	0.0	0.0	
38	867	797.956100381	4350.806	4350.806	21.8992	0.955363	827	0	0	0	36	0	0	0	0	2.9e-5	0.0	0.0	0.0	0.521583	0.0	0.0	0.0	0.0	0.521642	0.0	0.0	0.0	678.923	0.0	0.0	0.0	0.0	0.000631	0.0	0.0	0.0	18.859	0.0	0.0	0.0	0.0	4	0	0	0	15	0	0	0	0	55	0	0	0	17	0	0	0	0	421	0	0	0	4	0	0	0	0	61	0	0	0	0	0	0	0	0	21	0	0	0	0	0	0	0	0	265	0	0	0	0	0	0	0	0	0.045962	0.0	0.0	0.0	0.027657	0.0	0.0	0.0	0.0	0.62432	0.0	0.0	0.0	0.37568	0.0	0.0	0.0	0.0	
39	869	835.277794115	4288.25	4288.25	21.5397	0.954635	828	0	0	0	37	0	0	0	0	2.7e-5	0.0	0.0	0.0	0.569424	0.0	0.0	0.0	0.0	0.522228	0.0	0.0	0.0	716.244	0.0	0.0	0.0	0.0	0.000631	0.0	0.0	0.0	19.3579	0.0	0.0	0.0	0.0	4	0	0	0	16	0	0	0	0	55	0	0	0	17	0	0	0	0	422	0	0	0	4	0	0	0	0	61	0	0	0	0	0	0	0	0	21	0	0	0	0	0	0	0	0	265	0	0	0	0	0	0	0	0	0.042285	0.0	0.0	0.0	0.029416	0.0	0.0	0.0	0.0	0.589747	0.0	0.0	0.0	0.410253	0.0	0.0	0.0	0.0	
40	870	838.621267709	4288.25	4288.25	20.0472	0.951341	828	0	0	0	38	0	0	0	0	2.7e-5	0.0	0.0	0.0	0.512482	0.0	0.0	0.0	0.0	0.522228	0.0	0.0	0.0	719.588	0.0	0.0	0.0	0.0	0.000631	0.0	0.0	0.0	18.9365	0.0	0.0	0.0	0.0	4	0	0	0	16	0	0	0	0	55	0	0	0	17	0	0	0	0	422	0	0	0	5	0	0	0	0	61	0	0	0	0	0	0	0	0	21	0	0	0	0	0	0	0	0	265	0	0	0	0	0	0	0	0	0.042285	0.0	0.0	0.0	0.027063	0.0	0.0	0.0	0.0	0.609752	0.0	0.0	0.0	0.390248	0.0	0.0	0.0	0.0	
41	972	867.826881884	4288.246666666667	4374.889	19.8917	0.950971	929	0	0	0	39	0	0	0	0	0.000473	0.0	0.0	0.0	0.461734	0.0	0.0	0.0	0.0	1.22532	0.0	0.0	0.0	748.09	0.0	0.0	0.0	0.0	0.001319	0.0	0.0	0.0	19.1818	0.0	0.0	0.0	0.0	5	0	0	0	16	0	0	0	0	56	0	0	0	18	0	0	0	0	453	0	0	0	5	0	0	0	0	73	0	0	0	0	0	0	0	0	25	0	0	0	0	0	0	0	0	317	0	0	0	0	0	0	0	0	0.358793	0.0	0.0	0.0	0.024072	0.0	0.0	0.0	0.0	0.937128	0.0	0.0	0.0	0.062872	0.0	0.0	0.0	0.0	
42	994	893.403578646	4288.246666666667	4337.417	18.8301	0.948279	950	0	0	0	40	0	0	0	0	0.000345	0.0	0.0	0.0	0.41606	0.0	0.0	0.0	0.0	1.23128	0.0	0.0	0.0	773.661	0.0	0.0	0.0	0.0	0.001296	0.0	0.0	0.0	19.3415	0.0	0.0	0.0	0.0	5	0	0	0	16	0	0	0	0	58	0	0	0	19	0	0	0	0	461	0	0	0	5	0	0	0	0	77	0	0	0	0	0	0	0	0	25	0	0	0	0	0	0	0	0	324	0	0	0	0	0	0	0	0	0.266429	0.0	0.0	0.0	0.021511	0.0	0.0	0.0	0.0	0.925293	0.0	0.0	0.0	0.074707	0.0	0.0	0.0	0.0	
43	1004	904.643274392	4288.246666666667	4296.417	17.926	0.945743	959	0	0	0	41	0	0	0	0	0.000207	0.0	0.0	0.0	0.374954	0.0	0.0	0.0	0.0	1.23348	0.0	0.0	0.0	784.898	0.0	0.0	0.0	0.0	0.001286	0.0	0.0	0.0	19.1439	0.0	0.0	0.0	0.0	5	0	0	0	16	0	0	0	0	58	0	0	0	20	0	0	0	0	465	0	0	0	5	0	0	0	0	77	0	0	0	0	0	0	0	0	25	0	0	0	0	0	0	0	0	329	0	0	0	0	0	0	0	0	0.16122	0.0	0.0	0.0	0.019586	0.0	0.0	0.0	0.0	0.891673	0.0	0.0	0.0	0.108327	0.0	0.0	0.0	0.0	
44	1009	936.928776035	4279.222	4279.222	17.5425	0.94459	963	0	0	0	42	0	0	0	0	0.000164	0.0	0.0	0.0	0.437459	0.0	0.0	0.0	0.0	1.23506	0.0	0.0	0.0	817.182	0.0	0.0	0.0	0.0	0.001283	0.0	0.0	0.0	19.4567	0.0	0.0	0.0	0.0	5	0	0	0	17	0	0	0	0	58	0	0	0	20	0	0	0	0	466	0	0	0	5	0	0	0	0	78	0	0	0	0	0	0	0	0	26	0	0	0	0	0	0	0	0	330	0	0	0	0	0	0	0	0	0.128055	0.0	0.0	0.0	0.022484	0.0	0.0	0.0	0.0	0.850645	0.0	0.0	0.0	0.149355	0.0	0.0	0.0	0.0	
45	1015	951.761697065	4264.25	4264.25	16.486	0.941145	968	0	0	0	43	0	0	0	0	0.000121	0.0	0.0	0.0	0.493713	0.0	0.0	0.0	0.0	1.23649	0.0	0.0	0.0	832.013	0.0	0.0	0.0	0.0	0.001277	0.0	0.0	0.0	19.3492	0.0	0.0	0.0	0.0	5	0	0	0	18	0	0	0	0	58	0	0	0	20	0	0	0	0	467	0	0	0	5	0	0	0	0	79	0	0	0	0	0	0	0	0	26	0	0	0	0	0	0	0	0	333	0	0	0	0	0	0	0	0	0.094387	0.0	0.0	0.0	0.025516	0.0	0.0	0.0	0.0	0.787195	0.0	0.0	0.0	0.212805	0.0	0.0	0.0	0.0	
46	1022	959.549336904	4264.25	4266.75	16.0221	0.939494	974	0	0	0	44	0	0	0	0	8.0e-5	0.0	0.0	0.0	0.444842	0.0	0.0	0.0	0.0	1.2381	0.0	0.0	0.0	839.8	0.0	0.0	0.0	0.0	0.001271	0.0	0.0	0.0	19.0864	0.0	0.0	0.0	0.0	5	0	0	0	18	0	0	0	0	58	0	0	0	21	0	0	0	0	468	0	0	0	5	0	0	0	0	80	0	0	0	0	0	0	0	0	26	0	0	0	0	0	0	0	0	337	0	0	0	0	0	0	0	0	0.062945	0.0	0.0	0.0	0.023307	0.0	0.0	0.0	0.0	0.729781	0.0	0.0	0.0	0.270219	0.0	0.0	0.0	0.0	
47	1024	976.562397342	4238.806	4238.806	15.7839	0.93861	975	0	0	0	45	0	0	0	0	7.5e-5	0.0	0.0	0.0	0.500358	0.0	0.0	0.0	0.0	1.23863	0.0	0.0	0.0	856.812	0.0	0.0	0.0	0.0	0.00127	0.0	0.0	0.0	19.0403	0.0	0.0	0.0	0.0	5	0	0	0	19	0	0	0	0	58	0	0	0	21	0	0	0	0	468	0	0	0	5	0	0	0	0	81	0	0	0	0	0	0	0	0	26	0	0	0	0	0	0	0	0	337	0	0	0	0	0	0	0	0	0.058667	0.0	0.0	0.0	0.026279	0.0	0.0	0.0	0.0	0.69064	0.0	0.0	0.0	0.30936	0.0	0.0	0.0	0.0	
48	1027	991.639851794	4231.306	4231.306	15.2756	0.936633	977	0	0	0	46	0	0	0	0	6.4e-5	0.0	0.0	0.0	0.550322	0.0	0.0	0.0	0.0	1.23929	0.0	0.0	0.0	871.889	0.0	0.0	0.0	0.0	0.001268	0.0	0.0	0.0	18.9541	0.0	0.0	0.0	0.0	5	0	0	0	20	0	0	0	0	58	0	0	0	21	0	0	0	0	469	0	0	0	5	0	0	0	0	81	0	0	0	0	0	0	0	0	26	0	0	0	0	0	0	0	0	338	0	0	0	0	0	0	0	0	0.050463	0.0	0.0	0.0	0.029034	0.0	0.0	0.0	0.0	0.634775	0.0	0.0	0.0	0.365225	0.0	0.0	0.0	0.0	
49	1029	1013.206823472	4224.806	4224.806	14.8388	0.93483	978	0	0	0	47	0	0	0	0	5.9e-5	0.0	0.0	0.0	0.59529	0.0	0.0	0.0	0.0	1.23957	0.0	0.0	0.0	893.455	0.0	0.0	0.0	0.0	0.001267	0.0	0.0	0.0	19.0097	0.0	0.0	0.0	0.0	5	0	0	0	21	0	0	0	0	58	0	0	0	21	0	0	0	0	469	0	0	0	5	0	0	0	0	81	0	0	0	0	0	0	0	0	26	0	0	0	0	0	0	0	0	339	0	0	0	0	0	0	0	0	0.046525	0.0	0.0	0.0	0.031315	0.0	0.0	0.0	0.0	0.5977	0.0	0.0	0.0	0.4023	0.0	0.0	0.0	0.0	
50	1031	1036.019797612	4208.806	4208.806	14.2357	0.932165	979	0	0	0	48	0	0	0	0	5.4e-5	0.0	0.0	0.0	0.635761	0.0	0.0	0.0	0.0	1.24013	0.0	0.0	0.0	916.268	0.0	0.0	0.0	0.0	0.001267	0.0	0.0	0.0	19.0889	0.0	0.0	0.0	0.0	5	0	0	0	22	0	0	0	0	58	0	0	0	21	0	0	0	0	469	0	0	0	5	0	0	0	0	82	0	0	0	0	0	0	0	0	26	0	0	0	0	0	0	0	0	339	0	0	0	0	0	0	0	0	0.042657	0.0	0.0	0.0	0.033305	0.0	0.0	0.0	0.0	0.561557	0.0	0.0	0.0	0.438443	0.0	0.0	0.0	0.0	
51	1032	1048.110814225	4181.0	4181.0	13.6244	0.929231	979	0	0	0	49	0	0	0	0	5.4e-5	0.0	0.0	0.0	0.672185	0.0	0.0	0.0	0.0	1.24013	0.0	0.0	0.0	928.359	0.0	0.0	0.0	0.0	0.001267	0.0	0.0	0.0	18.9461	0.0	0.0	0.0	0.0	5	0	0	0	23	0	0	0	0	58	0	0	0	21	0	0	0	0	469	0	0	0	5	0	0	0	0	82	0	0	0	0	0	0	0	0	26	0	0	0	0	0	0	0	0	339	0	0	0	0	0	0	0	0	0.042657	0.0	0.0	0.0	0.035479	0.0	0.0	0.0	0.0	0.545936	0.0	0.0	0.0	0.454064	0.0	0.0	0.0	0.0	
52	1033	1064.726869349	4177.389	4177.389	13.3111	0.927627	979	0	0	0	50	0	0	0	0	5.4e-5	0.0	0.0	0.0	0.704966	0.0	0.0	0.0	0.0	1.24013	0.0	0.0	0.0	944.975	0.0	0.0	0.0	0.0	0.001267	0.0	0.0	0.0	18.8995	0.0	0.0	0.0	0.0	5	0	0	0	24	0	0	0	0	58	0	0	0	21	0	0	0	0	469	0	0	0	5	0	0	0	0	82	0	0	0	0	0	0	0	0	26	0	0	0	0	0	0	0	0	339	0	0	0	0	0	0	0	0	0.042657	0.0	0.0	0.0	0.037301	0.0	0.0	0.0	0.0	0.533496	0.0	0.0	0.0	0.466504	0.0	0.0	0.0	0.0	
53	1034	1073.467581415	4175.889	4175.889	12.8923	0.925366	979	0	0	0	51	0	0	0	0	5.4e-5	0.0	0.0	0.0	0.734469	0.0	0.0	0.0	0.0	1.24013	0.0	0.0	0.0	953.716	0.0	0.0	0.0	0.0	0.001267	0.0	0.0	0.0	18.7003	0.0	0.0	0.0	0.0	5	0	0	0	25	0	0	0	0	58	0	0	0	21	0	0	0	0	469	0	0	0	5	0	0	0	0	82	0	0	0	0	0	0	0	0	26	0	0	0	0	0	0	0	0	339	0	0	0	0	0	0	0	0	0.042657	0.0	0.0	0.0	0.039276	0.0	0.0	0.0	0.0	0.520636	0.0	0.0	0.0	0.479364	0.0	0.0	0.0	0.0	
54	1035	1087.744607161	4175.889	4175.889	12.6773	0.92415	979	0	0	0	52	0	0	0	0	5.4e-5	0.0	0.0	0.0	0.661023	0.0	0.0	0.0	0.0	1.24013	0.0	0.0	0.0	967.993	0.0	0.0	0.0	0.0	0.001267	0.0	0.0	0.0	18.6152	0.0	0.0	0.0	0.0	5	0	0	0	25	0	0	0	0	58	0	0	0	21	0	0	0	0	469	0	0	0	6	0	0	0	0	82	0	0	0	0	0	0	0	0	26	0	0	0	0	0	0	0	0	339	0	0	0	0	0	0	0	0	0.042657	0.0	0.0	0.0	0.03551	0.0	0.0	0.0	0.0	0.54572	0.0	0.0	0.0	0.45428	0.0	0.0	0.0	0.0	
55	1036	1146.937001942	4175.889	4175.889	12.3338	0.922122	979	0	0	0	53	0	0	0	0	5.4e-5	0.0	0.0	0.0	0.59492	0.0	0.0	0.0	0.0	1.24013	0.0	0.0	0.0	1027.18	0.0	0.0	0.0	0.0	0.001267	0.0	0.0	0.0	19.3808	0.0	0.0	0.0	0.0	5	0	0	0	25	0	0	0	0	58	0	0	0	21	0	0	0	0	469	0	0	0	7	0	0	0	0	82	0	0	0	0	0	0	0	0	26	0	0	0	0	0	0	0	0	339	0	0	0	0	0	0	0	0	0.042657	0.0	0.0	0.0	0.030696	0.0	0.0	0.0	0.0	0.58153	0.0	0.0	0.0	0.41847	0.0	0.0	0.0	0.0	
56	1038	1150.542549166	4170.778	4170.778	11.0062	0.913147	980	0	0	0	54	0	0	0	0	4.9e-5	0.0	0.0	0.0	0.635428	0.0	0.0	0.0	0.0	1.24044	0.0	0.0	0.0	1030.79	0.0	0.0	0.0	0.0	0.001266	0.0	0.0	0.0	19.0887	0.0	0.0	0.0	0.0	5	0	0	0	26	0	0	0	0	58	0	0	0	21	0	0	0	0	469	0	0	0	7	0	0	0	0	82	0	0	0	0	0	0	0	0	26	0	0	0	0	0	0	0	0	340	0	0	0	0	0	0	0	0	0.03902	0.0	0.0	0.0	0.033288	0.0	0.0	0.0	0.0	0.539633	0.0	0.0	0.0	0.460367	0.0	0.0	0.0	0.0	
57	1040	1157.790009368	4134.778	4134.778	10.9301	0.91257	981	0	0	0	55	0	0	0	0	4.5e-5	0.0	0.0	0.0	0.671885	0.0	0.0	0.0	0.0	1.2411	0.0	0.0	0.0	1038.04	0.0	0.0	0.0	0.0	0.001265	0.0	0.0	0.0	18.8734	0.0	0.0	0.0	0.0	5	0	0	0	27	0	0	0	0	58	0	0	0	21	0	0	0	0	469	0	0	0	7	0	0	0	0	83	0	0	0	0	0	0	0	0	26	0	0	0	0	0	0	0	0	340	0	0	0	0	0	0	0	0	0.035422	0.0	0.0	0.0	0.0356	0.0	0.0	0.0	0.0	0.498748	0.0	0.0	0.0	0.501252	0.0	0.0	0.0	0.0	
58	1041	1165.964494852	4126.278	4126.278	10.7787	0.911398	981	0	0	0	56	0	0	0	0	4.5e-5	0.0	0.0	0.0	0.704615	0.0	0.0	0.0	0.0	1.2411	0.0	0.0	0.0	1046.21	0.0	0.0	0.0	0.0	0.001265	0.0	0.0	0.0	18.6823	0.0	0.0	0.0	0.0	5	0	0	0	28	0	0	0	0	58	0	0	0	21	0	0	0	0	469	0	0	0	7	0	0	0	0	83	0	0	0	0	0	0	0	0	26	0	0	0	0	0	0	0	0	340	0	0	0	0	0	0	0	0	0.035422	0.0	0.0	0.0	0.037716	0.0	0.0	0.0	0.0	0.484318	0.0	0.0	0.0	0.515682	0.0	0.0	0.0	0.0	
59	1042	1184.952366371	4123.278	4123.278	10.6105	0.910059	981	0	0	0	57	0	0	0	0	4.5e-5	0.0	0.0	0.0	0.733255	0.0	0.0	0.0	0.0	1.2411	0.0	0.0	0.0	1065.2	0.0	0.0	0.0	0.0	0.001265	0.0	0.0	0.0	18.6877	0.0	0.0	0.0	0.0	5	0	0	0	29	0	0	0	0	58	0	0	0	21	0	0	0	0	469	0	0	0	7	0	0	0	0	83	0	0	0	0	0	0	0	0	26	0	0	0	0	0	0	0	0	340	0	0	0	0	0	0	0	0	0.035422	0.0	0.0	0.0	0.039237	0.0	0.0	0.0	0.0	0.474447	0.0	0.0	0.0	0.525553	0.0	0.0	0.0	0.0	
60	1043	1237.569541176	4114.278	4114.278	10.2299	0.906873	981	0	0	0	58	0	0	0	0	4.5e-5	0.0	0.0	0.0	0.758633	0.0	0.0	0.0	0.0	1.2411	0.0	0.0	0.0	1117.82	0.0	0.0	0.0	0.0	0.001265	0.0	0.0	0.0	19.2727	0.0	0.0	0.0	0.0	5	0	0	0	30	0	0	0	0	58	0	0	0	21	0	0	0	0	469	0	0	0	7	0	0	0	0	83	0	0	0	0	0	0	0	0	26	0	0	0	0	0	0	0	0	340	0	0	0	0	0	0	0	0	0.035422	0.0	0.0	0.0	0.039363	0.0	0.0	0.0	0.0	0.473649	0.0	0.0	0.0	0.526351	0.0	0.0	0.0	0.0	
61	1045	1288.041560996	4114.278	4114.278	9.24495	0.897478	982	0	0	0	59	0	0	0	0	4.0e-5	0.0	0.0	0.0	0.689962	0.0	0.0	0.0	0.0	1.24164	0.0	0.0	0.0	1168.29	0.0	0.0	0.0	0.0	0.001264	0.0	0.0	0.0	19.8015	0.0	0.0	0.0	0.0	5	0	0	0	30	0	0	0	0	58	0	0	0	21	0	0	0	0	470	0	0	0	8	0	0	0	0	83	0	0	0	0	0	0	0	0	26	0	0	0	0	0	0	0	0	340	0	0	0	0	0	0	0	0	0.031899	0.0	0.0	0.0	0.034844	0.0	0.0	0.0	0.0	0.477938	0.0	0.0	0.0	0.522062	0.0	0.0	0.0	0.0	
62	1046	1299.018988671	4112.778	4112.778	8.38941	0.887632	982	0	0	0	60	0	0	0	0	4.0e-5	0.0	0.0	0.0	0.719656	0.0	0.0	0.0	0.0	1.24164	0.0	0.0	0.0	1179.27	0.0	0.0	0.0	0.0	0.001264	0.0	0.0	0.0	19.6544	0.0	0.0	0.0	0.0	5	0	0	0	31	0	0	0	0	58	0	0	0	21	0	0	0	0	470	0	0	0	8	0	0	0	0	83	0	0	0	0	0	0	0	0	26	0	0	0	0	0	0	0	0	340	0	0	0	0	0	0	0	0	0.031899	0.0	0.0	0.0	0.036616	0.0	0.0	0.0	0.0	0.46558	0.0	0.0	0.0	0.53442	0.0	0.0	0.0	0.0	
63	1049	1404.773793408	4079.361	4079.361	8.21407	0.885376	984	0	0	0	61	0	0	0	0	3.3e-5	0.0	0.0	0.0	0.743578	0.0	0.0	0.0	0.0	1.24244	0.0	0.0	0.0	1285.02	0.0	0.0	0.0	0.0	0.001263	0.0	0.0	0.0	21.0659	0.0	0.0	0.0	0.0	5	0	0	0	32	0	0	0	0	58	0	0	0	21	0	0	0	0	470	0	0	0	8	0	0	0	0	84	0	0	0	0	0	0	0	0	26	0	0	0	0	0	0	0	0	341	0	0	0	0	0	0	0	0	0.025874	0.0	0.0	0.0	0.035298	0.0	0.0	0.0	0.0	0.422974	0.0	0.0	0.0	0.577026	0.0	0.0	0.0	0.0	
64	1050	1419.293652272	4075.861	4075.861	6.7018	0.861385	984	0	0	0	62	0	0	0	0	3.3e-5	0.0	0.0	0.0	0.765797	0.0	0.0	0.0	0.0	1.24244	0.0	0.0	0.0	1299.54	0.0	0.0	0.0	0.0	0.001263	0.0	0.0	0.0	20.9603	0.0	0.0	0.0	0.0	5	0	0	0	33	0	0	0	0	58	0	0	0	21	0	0	0	0	470	0	0	0	8	0	0	0	0	84	0	0	0	0	0	0	0	0	26	0	0	0	0	0	0	0	0	341	0	0	0	0	0	0	0	0	0.025874	0.0	0.0	0.0	0.036536	0.0	0.0	0.0	0.0	0.414585	0.0	0.0	0.0	0.585415	0.0	0.0	0.0	0.0	
65	1053	1440.804925077	4057.861	4057.861	6.51716	0.857751	986	0	0	0	63	0	0	0	0	2.6e-5	0.0	0.0	0.0	0.784236	0.0	0.0	0.0	0.0	1.24295	0.0	0.0	0.0	1321.05	0.0	0.0	0.0	0.0	0.001261	0.0	0.0	0.0	20.969	0.0	0.0	0.0	0.0	5	0	0	0	34	0	0	0	0	58	0	0	0	21	0	0	0	0	470	0	0	0	8	0	0	0	0	84	0	0	0	0	0	0	0	0	26	0	0	0	0	0	0	0	0	343	0	0	0	0	0	0	0	0	0.020992	0.0	0.0	0.0	0.0374	0.0	0.0	0.0	0.0	0.359502	0.0	0.0	0.0	0.640498	0.0	0.0	0.0	0.0	
66	1054	1454.505047897	4054.861	4054.861	6.25294	0.852208	986	0	0	0	64	0	0	0	0	2.6e-5	0.0	0.0	0.0	0.801079	0.0	0.0	0.0	0.0	1.24295	0.0	0.0	0.0	1334.75	0.0	0.0	0.0	0.0	0.001261	0.0	0.0	0.0	20.8555	0.0	0.0	0.0	0.0	5	0	0	0	35	0	0	0	0	58	0	0	0	21	0	0	0	0	470	0	0	0	8	0	0	0	0	84	0	0	0	0	0	0	0	0	26	0	0	0	0	0	0	0	0	343	0	0	0	0	0	0	0	0	0.020992	0.0	0.0	0.0	0.038411	0.0	0.0	0.0	0.0	0.353382	0.0	0.0	0.0	0.646618	0.0	0.0	0.0	0.0	
67	1056	1478.920762527	4045.861	4045.861	6.09027	0.848575	987	0	0	0	65	0	0	0	0	2.4e-5	0.0	0.0	0.0	0.815919	0.0	0.0	0.0	0.0	1.24368	0.0	0.0	0.0	1359.16	0.0	0.0	0.0	0.0	0.00126	0.0	0.0	0.0	20.9102	0.0	0.0	0.0	0.0	5	0	0	0	36	0	0	0	0	58	0	0	0	21	0	0	0	0	470	0	0	0	8	0	0	0	0	85	0	0	0	0	0	0	0	0	26	0	0	0	0	0	0	0	0	343	0	0	0	0	0	0	0	0	0.018901	0.0	0.0	0.0	0.03902	0.0	0.0	0.0	0.0	0.326321	0.0	0.0	0.0	0.673679	0.0	0.0	0.0	0.0	
68	1057	1492.062304867	4030.333	4030.333	5.81079	0.8419	987	0	0	0	66	0	0	0	0	2.4e-5	0.0	0.0	0.0	0.829582	0.0	0.0	0.0	0.0	1.24368	0.0	0.0	0.0	1372.31	0.0	0.0	0.0	0.0	0.00126	0.0	0.0	0.0	20.7925	0.0	0.0	0.0	0.0	5	0	0	0	37	0	0	0	0	58	0	0	0	21	0	0	0	0	470	0	0	0	8	0	0	0	0	85	0	0	0	0	0	0	0	0	26	0	0	0	0	0	0	0	0	343	0	0	0	0	0	0	0	0	0.018901	0.0	0.0	0.0	0.039898	0.0	0.0	0.0	0.0	0.321448	0.0	0.0	0.0	0.678552	0.0	0.0	0.0	0.0	
69	1059	1511.584372011	4030.333	4030.333	5.66571	0.838198	988	0	0	0	67	0	0	0	0	2.1e-5	0.0	0.0	0.0	0.770409	0.0	0.0	0.0	0.0	1.24431	0.0	0.0	0.0	1391.83	0.0	0.0	0.0	0.0	0.001259	0.0	0.0	0.0	20.7735	0.0	0.0	0.0	0.0	5	0	0	0	37	0	0	0	0	58	0	0	0	21	0	0	0	0	470	0	0	0	9	0	0	0	0	86	0	0	0	0	0	0	0	0	26	0	0	0	0	0	0	0	0	343	0	0	0	0	0	0	0	0	0.017019	0.0	0.0	0.0	0.037086	0.0	0.0	0.0	0.0	0.31456	0.0	0.0	0.0	0.68544	0.0	0.0	0.0	0.0	
70	1060	1519.110330331	4027.333	4027.333	5.45685	0.832555	988	0	0	0	68	0	0	0	0	2.1e-5	0.0	0.0	0.0	0.787157	0.0	0.0	0.0	0.0	1.24431	0.0	0.0	0.0	1399.35	0.0	0.0	0.0	0.0	0.001259	0.0	0.0	0.0	20.5787	0.0	0.0	0.0	0.0	5	0	0	0	38	0	0	0	0	58	0	0	0	21	0	0	0	0	470	0	0	0	9	0	0	0	0	86	0	0	0	0	0	0	0	0	26	0	0	0	0	0	0	0	0	343	0	0	0	0	0	0	0	0	0.017019	0.0	0.0	0.0	0.038251	0.0	0.0	0.0	0.0	0.30793	0.0	0.0	0.0	0.69207	0.0	0.0	0.0	0.0	
71	1062	1531.359531312	4027.333	4027.333	5.3784	0.830333	989	0	0	0	69	0	0	0	0	1.9e-5	0.0	0.0	0.0	0.732029	0.0	0.0	0.0	0.0	1.24484	0.0	0.0	0.0	1411.6	0.0	0.0	0.0	0.0	0.001259	0.0	0.0	0.0	20.458	0.0	0.0	0.0	0.0	5	0	0	0	38	0	0	0	0	58	0	0	0	21	0	0	0	0	470	0	0	0	10	0	0	0	0	86	0	0	0	0	0	0	0	0	27	0	0	0	0	0	0	0	0	343	0	0	0	0	0	0	0	0	0.015326	0.0	0.0	0.0	0.035782	0.0	0.0	0.0	0.0	0.29988	0.0	0.0	0.0	0.70012	0.0	0.0	0.0	0.0	
72	1063	1536.901428359	4020.611	4020.611	5.25313	0.826659	989	0	0	0	70	0	0	0	0	1.9e-5	0.0	0.0	0.0	0.751166	0.0	0.0	0.0	0.0	1.24484	0.0	0.0	0.0	1417.14	0.0	0.0	0.0	0.0	0.001259	0.0	0.0	0.0	20.2449	0.0	0.0	0.0	0.0	5	0	0	0	39	0	0	0	0	58	0	0	0	21	0	0	0	0	470	0	0	0	10	0	0	0	0	86	0	0	0	0	0	0	0	0	27	0	0	0	0	0	0	0	0	343	0	0	0	0	0	0	0	0	0.015326	0.0	0.0	0.0	0.037104	0.0	0.0	0.0	0.0	0.292319	0.0	0.0	0.0	0.707681	0.0	0.0	0.0	0.0	
73	1064	1551.241113273	4019.111	4019.111	5.19742	0.824974	989	0	0	0	71	0	0	0	0	1.9e-5	0.0	0.0	0.0	0.768747	0.0	0.0	0.0	0.0	1.24484	0.0	0.0	0.0	1431.48	0.0	0.0	0.0	0.0	0.001259	0.0	0.0	0.0	20.1617	0.0	0.0	0.0	0.0	5	0	0	0	40	0	0	0	0	58	0	0	0	21	0	0	0	0	470	0	0	0	10	0	0	0	0	86	0	0	0	0	0	0	0	0	27	0	0	0	0	0	0	0	0	343	0	0	0	0	0	0	0	0	0.015326	0.0	0.0	0.0	0.038129	0.0	0.0	0.0	0.0	0.286714	0.0	0.0	0.0	0.713286	0.0	0.0	0.0	0.0	
74	1065	1562.158878461	4019.111	4019.111	5.05598	0.820546	989	0	0	0	72	0	0	0	0	1.9e-5	0.0	0.0	0.0	0.71486	0.0	0.0	0.0	0.0	1.24484	0.0	0.0	0.0	1442.4	0.0	0.0	0.0	0.0	0.001259	0.0	0.0	0.0	20.0334	0.0	0.0	0.0	0.0	5	0	0	0	40	0	0	0	0	58	0	0	0	21	0	0	0	0	470	0	0	0	11	0	0	0	0	86	0	0	0	0	0	0	0	0	27	0	0	0	0	0	0	0	0	343	0	0	0	0	0	0	0	0	0.015326	0.0	0.0	0.0	0.035684	0.0	0.0	0.0	0.0	0.30046	0.0	0.0	0.0	0.69954	0.0	0.0	0.0	0.0	
75	1066	1641.614793497	4015.111	4015.111	4.95089	0.817108	989	0	0	0	73	0	0	0	0	1.9e-5	0.0	0.0	0.0	0.73524	0.0	0.0	0.0	0.0	1.24484	0.0	0.0	0.0	1521.86	0.0	0.0	0.0	0.0	0.001259	0.0	0.0	0.0	20.8474	0.0	0.0	0.0	0.0	5	0	0	0	41	0	0	0	0	58	0	0	0	21	0	0	0	0	470	0	0	0	11	0	0	0	0	86	0	0	0	0	0	0	0	0	27	0	0	0	0	0	0	0	0	343	0	0	0	0	0	0	0	0	0.015326	0.0	0.0	0.0	0.035268	0.0	0.0	0.0	0.0	0.302928	0.0	0.0	0.0	0.697072	0.0	0.0	0.0	0.0	
76	1070	1648.852175648	4008.944	4008.944	4.24903	0.790296	992	0	0	0	74	0	0	0	0	1.4e-5	0.0	0.0	0.0	0.752682	0.0	0.0	0.0	0.0	1.2458	0.0	0.0	0.0	1529.09	0.0	0.0	0.0	0.0	0.001256	0.0	0.0	0.0	20.6634	0.0	0.0	0.0	0.0	5	0	0	0	42	0	0	0	0	58	0	0	0	21	0	0	0	0	472	0	0	0	11	0	0	0	0	86	0	0	0	0	0	0	0	0	27	0	0	0	0	0	0	0	0	344	0	0	0	0	0	0	0	0	0.0112	0.0	0.0	0.0	0.036426	0.0	0.0	0.0	0.0	0.235159	0.0	0.0	0.0	0.764841	0.0	0.0	0.0	0.0	
77	1072	1655.281378455	4008.944	4008.944	4.19028	0.787692	993	0	0	0	75	0	0	0	0	1.3e-5	0.0	0.0	0.0	0.704629	0.0	0.0	0.0	0.0	1.24649	0.0	0.0	0.0	1535.52	0.0	0.0	0.0	0.0	0.001255	0.0	0.0	0.0	20.4736	0.0	0.0	0.0	0.0	5	0	0	0	42	0	0	0	0	58	0	0	0	21	0	0	0	0	472	0	0	0	12	0	0	0	0	87	0	0	0	0	0	0	0	0	27	0	0	0	0	0	0	0	0	344	0	0	0	0	0	0	0	0	0.010084	0.0	0.0	0.0	0.034416	0.0	0.0	0.0	0.0	0.226608	0.0	0.0	0.0	0.773392	0.0	0.0	0.0	0.0	
78	1074	1672.075100685	4008.944	4008.944	4.13877	0.785356	994	0	0	0	76	0	0	0	0	1.1e-5	0.0	0.0	0.0	0.660099	0.0	0.0	0.0	0.0	1.24684	0.0	0.0	0.0	1552.32	0.0	0.0	0.0	0.0	0.001254	0.0	0.0	0.0	20.4252	0.0	0.0	0.0	0.0	5	0	0	0	42	0	0	0	0	58	0	0	0	21	0	0	0	0	473	0	0	0	13	0	0	0	0	87	0	0	0	0	0	0	0	0	27	0	0	0	0	0	0	0	0	344	0	0	0	0	0	0	0	0	0.009083	0.0	0.0	0.0	0.032318	0.0	0.0	0.0	0.0	0.219394	0.0	0.0	0.0	0.780606	0.0	0.0	0.0	0.0	
79	1075	1678.080163637	4008.444	4008.444	4.00718	0.77915	994	0	0	0	77	0	0	0	0	1.1e-5	0.0	0.0	0.0	0.681871	0.0	0.0	0.0	0.0	1.24684	0.0	0.0	0.0	1558.32	0.0	0.0	0.0	0.0	0.001254	0.0	0.0	0.0	20.2379	0.0	0.0	0.0	0.0	5	0	0	0	43	0	0	0	0	58	0	0	0	21	0	0	0	0	473	0	0	0	13	0	0	0	0	87	0	0	0	0	0	0	0	0	27	0	0	0	0	0	0	0	0	344	0	0	0	0	0	0	0	0	0.009083	0.0	0.0	0.0	0.033693	0.0	0.0	0.0	0.0	0.212343	0.0	0.0	0.0	0.787657	0.0	0.0	0.0	0.0	
80	1076	1692.570896993	4008.444	4008.444	3.96115	0.776893	994	0	0	0	78	0	0	0	0	1.1e-5	0.0	0.0	0.0	0.638586	0.0	0.0	0.0	0.0	1.24684	0.0	0.0	0.0	1572.81	0.0	0.0	0.0	0.0	0.001254	0.0	0.0	0.0	20.1643	0.0	0.0	0.0	0.0	5	0	0	0	43	0	0	0	0	58	0	0	0	21	0	0	0	0	473	0	0	0	14	0	0	0	0	87	0	0	0	0	0	0	0	0	27	0	0	0	0	0	0	0	0	344	0	0	0	0	0	0	0	0	0.009083	0.0	0.0	0.0	0.031669	0.0	0.0	0.0	0.0	0.222886	0.0	0.0	0.0	0.777114	0.0	0.0	0.0	0.0	
81	1077	1706.310893389	4008.444	4008.444	3.85223	0.771368	994	0	0	0	79	0	0	0	0	1.1e-5	0.0	0.0	0.0	0.597499	0.0	0.0	0.0	0.0	1.24684	0.0	0.0	0.0	1586.55	0.0	0.0	0.0	0.0	0.001254	0.0	0.0	0.0	20.0829	0.0	0.0	0.0	0.0	5	0	0	0	43	0	0	0	0	58	0	0	0	21	0	0	0	0	473	0	0	0	15	0	0	0	0	87	0	0	0	0	0	0	0	0	27	0	0	0	0	0	0	0	0	344	0	0	0	0	0	0	0	0	0.009083	0.0	0.0	0.0	0.029752	0.0	0.0	0.0	0.0	0.233892	0.0	0.0	0.0	0.766108	0.0	0.0	0.0	0.0	
82	1079	1716.408875031	4006.944	4006.944	3.75173	0.766022	995	0	0	0	80	0	0	0	0	1.0e-5	0.0	0.0	0.0	0.623158	0.0	0.0	0.0	0.0	1.24715	0.0	0.0	0.0	1596.65	0.0	0.0	0.0	0.0	0.001253	0.0	0.0	0.0	19.9581	0.0	0.0	0.0	0.0	5	0	0	0	44	0	0	0	0	58	0	0	0	21	0	0	0	0	473	0	0	0	15	0	0	0	0	87	0	0	0	0	0	0	0	0	27	0	0	0	0	0	0	0	0	345	0	0	0	0	0	0	0	0	0.008181	0.0	0.0	0.0	0.031223	0.0	0.0	0.0	0.0	0.207617	0.0	0.0	0.0	0.792383	0.0	0.0	0.0	0.0	
83	1080	1739.626288388	4006.944	4006.944	3.67954	0.762027	995	0	0	0	81	0	0	0	0	1.0e-5	0.0	0.0	0.0	0.583836	0.0	0.0	0.0	0.0	1.24715	0.0	0.0	0.0	1619.87	0.0	0.0	0.0	0.0	0.001253	0.0	0.0	0.0	19.9984	0.0	0.0	0.0	0.0	5	0	0	0	44	0	0	0	0	58	0	0	0	21	0	0	0	0	473	0	0	0	16	0	0	0	0	87	0	0	0	0	0	0	0	0	27	0	0	0	0	0	0	0	0	345	0	0	0	0	0	0	0	0	0.008181	0.0	0.0	0.0	0.029194	0.0	0.0	0.0	0.0	0.218889	0.0	0.0	0.0	0.781111	0.0	0.0	0.0	0.0	
84	1081	1752.558308675	4001.944	4001.944	3.51879	0.752625	995	0	0	0	82	0	0	0	0	1.0e-5	0.0	0.0	0.0	0.610476	0.0	0.0	0.0	0.0	1.24715	0.0	0.0	0.0	1632.8	0.0	0.0	0.0	0.0	0.001253	0.0	0.0	0.0	19.9122	0.0	0.0	0.0	0.0	5	0	0	0	45	0	0	0	0	58	0	0	0	21	0	0	0	0	473	0	0	0	16	0	0	0	0	87	0	0	0	0	0	0	0	0	27	0	0	0	0	0	0	0	0	345	0	0	0	0	0	0	0	0	0.008181	0.0	0.0	0.0	0.030658	0.0	0.0	0.0	0.0	0.210637	0.0	0.0	0.0	0.789363	0.0	0.0	0.0	0.0	
85	1082	1759.147430129	4001.944	4001.944	3.43232	0.747256	995	0	0	0	83	0	0	0	0	1.0e-5	0.0	0.0	0.0	0.571807	0.0	0.0	0.0	0.0	1.24715	0.0	0.0	0.0	1639.39	0.0	0.0	0.0	0.0	0.001253	0.0	0.0	0.0	19.7517	0.0	0.0	0.0	0.0	5	0	0	0	45	0	0	0	0	58	0	0	0	21	0	0	0	0	473	0	0	0	17	0	0	0	0	87	0	0	0	0	0	0	0	0	27	0	0	0	0	0	0	0	0	345	0	0	0	0	0	0	0	0	0.008181	0.0	0.0	0.0	0.02895	0.0	0.0	0.0	0.0	0.22033	0.0	0.0	0.0	0.77967	0.0	0.0	0.0	0.0	
86	1083	1773.410295111	4001.944	4001.944	3.38908	0.744483	995	0	0	0	84	0	0	0	0	1.0e-5	0.0	0.0	0.0	0.535137	0.0	0.0	0.0	0.0	1.24715	0.0	0.0	0.0	1653.65	0.0	0.0	0.0	0.0	0.001253	0.0	0.0	0.0	19.6863	0.0	0.0	0.0	0.0	5	0	0	0	45	0	0	0	0	58	0	0	0	21	0	0	0	0	473	0	0	0	18	0	0	0	0	87	0	0	0	0	0	0	0	0	27	0	0	0	0	0	0	0	0	345	0	0	0	0	0	0	0	0	0.008181	0.0	0.0	0.0	0.027183	0.0	0.0	0.0	0.0	0.231336	0.0	0.0	0.0	0.768664	0.0	0.0	0.0	0.0	
87	1084	1777.698035662	4001.944	4001.944	3.29735	0.738397	995	0	0	0	85	0	0	0	0	1.0e-5	0.0	0.0	0.0	0.500327	0.0	0.0	0.0	0.0	1.24715	0.0	0.0	0.0	1657.94	0.0	0.0	0.0	0.0	0.001253	0.0	0.0	0.0	19.5052	0.0	0.0	0.0	0.0	5	0	0	0	45	0	0	0	0	58	0	0	0	21	0	0	0	0	473	0	0	0	19	0	0	0	0	87	0	0	0	0	0	0	0	0	27	0	0	0	0	0	0	0	0	345	0	0	0	0	0	0	0	0	0.008181	0.0	0.0	0.0	0.025651	0.0	0.0	0.0	0.0	0.241813	0.0	0.0	0.0	0.758187	0.0	0.0	0.0	0.0	
88	1085	1808.093634275	4001.944	4001.944	3.27026	0.736544	995	0	0	0	86	0	0	0	0	1.0e-5	0.0	0.0	0.0	0.467332	0.0	0.0	0.0	0.0	1.24715	0.0	0.0	0.0	1688.33	0.0	0.0	0.0	0.0	0.001253	0.0	0.0	0.0	19.6318	0.0	0.0	0.0	0.0	5	0	0	0	45	0	0	0	0	58	0	0	0	21	0	0	0	0	473	0	0	0	20	0	0	0	0	87	0	0	0	0	0	0	0	0	27	0	0	0	0	0	0	0	0	345	0	0	0	0	0	0	0	0	0.008181	0.0	0.0	0.0	0.023805	0.0	0.0	0.0	0.0	0.25577	0.0	0.0	0.0	0.74423	0.0	0.0	0.0	0.0	
89	1086	1819.328647964	4001.944	4001.944	3.08449	0.723104	995	0	0	0	87	0	0	0	0	1.0e-5	0.0	0.0	0.0	0.435935	0.0	0.0	0.0	0.0	1.24715	0.0	0.0	0.0	1699.57	0.0	0.0	0.0	0.0	0.001253	0.0	0.0	0.0	19.5353	0.0	0.0	0.0	0.0	5	0	0	0	45	0	0	0	0	58	0	0	0	21	0	0	0	0	473	0	0	0	21	0	0	0	0	87	0	0	0	0	0	0	0	0	27	0	0	0	0	0	0	0	0	345	0	0	0	0	0	0	0	0	0.008181	0.0	0.0	0.0	0.022315	0.0	0.0	0.0	0.0	0.268263	0.0	0.0	0.0	0.731737	0.0	0.0	0.0	0.0	
90	1088	1826.469679616	4001.944	4001.944	3.01853	0.717999	996	0	0	0	88	0	0	0	0	9.0e-6	0.0	0.0	0.0	0.406941	0.0	0.0	0.0	0.0	1.2474	0.0	0.0	0.0	1706.71	0.0	0.0	0.0	0.0	0.001252	0.0	0.0	0.0	19.3944	0.0	0.0	0.0	0.0	5	0	0	0	45	0	0	0	0	58	0	0	0	21	0	0	0	0	473	0	0	0	22	0	0	0	0	87	0	0	0	0	0	0	0	0	27	0	0	0	0	0	0	0	0	346	0	0	0	0	0	0	0	0	0.007369	0.0	0.0	0.0	0.020982	0.0	0.0	0.0	0.0	0.259913	0.0	0.0	0.0	0.740087	0.0	0.0	0.0	0.0	
91	1089	1838.364470996	4001.944	4001.944	2.97734	0.714716	996	0	0	0	89	0	0	0	0	9.0e-6	0.0	0.0	0.0	0.379448	0.0	0.0	0.0	0.0	1.2474	0.0	0.0	0.0	1718.6	0.0	0.0	0.0	0.0	0.001252	0.0	0.0	0.0	19.3102	0.0	0.0	0.0	0.0	5	0	0	0	45	0	0	0	0	58	0	0	0	21	0	0	0	0	473	0	0	0	23	0	0	0	0	87	0	0	0	0	0	0	0	0	27	0	0	0	0	0	0	0	0	346	0	0	0	0	0	0	0	0	0.007369	0.0	0.0	0.0	0.01965	0.0	0.0	0.0	0.0	0.272728	0.0	0.0	0.0	0.727272	0.0	0.0	0.0	0.0	
92	1091	1855.547466139	4001.944	4001.944	2.90998	0.70918	997	0	0	0	90	0	0	0	0	8.0e-6	0.0	0.0	0.0	0.354067	0.0	0.0	0.0	0.0	1.24762	0.0	0.0	0.0	1735.79	0.0	0.0	0.0	0.0	0.001251	0.0	0.0	0.0	19.2865	0.0	0.0	0.0	0.0	5	0	0	0	45	0	0	0	0	58	0	0	0	21	0	0	0	0	473	0	0	0	24	0	0	0	0	87	0	0	0	0	0	0	0	0	27	0	0	0	0	0	0	0	0	347	0	0	0	0	0	0	0	0	0.006637	0.0	0.0	0.0	0.018358	0.0	0.0	0.0	0.0	0.265544	0.0	0.0	0.0	0.734456	0.0	0.0	0.0	0.0	
93	1092	1859.933042797	4001.944	4001.944	2.81535	0.701036	997	0	0	0	91	0	0	0	0	8.0e-6	0.0	0.0	0.0	0.329963	0.0	0.0	0.0	0.0	1.24762	0.0	0.0	0.0	1740.17	0.0	0.0	0.0	0.0	0.001251	0.0	0.0	0.0	19.1228	0.0	0.0	0.0	0.0	5	0	0	0	45	0	0	0	0	58	0	0	0	21	0	0	0	0	473	0	0	0	25	0	0	0	0	87	0	0	0	0	0	0	0	0	27	0	0	0	0	0	0	0	0	347	0	0	0	0	0	0	0	0	0.006637	0.0	0.0	0.0	0.017255	0.0	0.0	0.0	0.0	0.277806	0.0	0.0	0.0	0.722194	0.0	0.0	0.0	0.0	
94	1093	1936.259600146	4001.944	4001.944	2.79169	0.698929	997	0	0	0	92	0	0	0	0	8.0e-6	0.0	0.0	0.0	0.307119	0.0	0.0	0.0	0.0	1.24762	0.0	0.0	0.0	1816.5	0.0	0.0	0.0	0.0	0.001251	0.0	0.0	0.0	19.7446	0.0	0.0	0.0	0.0	5	0	0	0	45	0	0	0	0	58	0	0	0	21	0	0	0	0	473	0	0	0	26	0	0	0	0	87	0	0	0	0	0	0	0	0	27	0	0	0	0	0	0	0	0	347	0	0	0	0	0	0	0	0	0.006637	0.0	0.0	0.0	0.015555	0.0	0.0	0.0	0.0	0.299092	0.0	0.0	0.0	0.700908	0.0	0.0	0.0	0.0	
95	1094	1945.092773803	3988.944	3988.944	2.4104	0.660427	997	0	0	0	93	0	0	0	0	8.0e-6	0.0	0.0	0.0	0.356546	0.0	0.0	0.0	0.0	1.24762	0.0	0.0	0.0	1825.33	0.0	0.0	0.0	0.0	0.001251	0.0	0.0	0.0	19.6272	0.0	0.0	0.0	0.0	5	0	0	0	46	0	0	0	0	58	0	0	0	21	0	0	0	0	473	0	0	0	26	0	0	0	0	87	0	0	0	0	0	0	0	0	27	0	0	0	0	0	0	0	0	347	0	0	0	0	0	0	0	0	0.006637	0.0	0.0	0.0	0.018166	0.0	0.0	0.0	0.0	0.267603	0.0	0.0	0.0	0.732397	0.0	0.0	0.0	0.0	
96	1095	1950.375252396	3988.944	3988.944	2.36979	0.655748	997	0	0	0	94	0	0	0	0	8.0e-6	0.0	0.0	0.0	0.332205	0.0	0.0	0.0	0.0	1.24762	0.0	0.0	0.0	1830.61	0.0	0.0	0.0	0.0	0.001251	0.0	0.0	0.0	19.4746	0.0	0.0	0.0	0.0	5	0	0	0	46	0	0	0	0	58	0	0	0	21	0	0	0	0	473	0	0	0	27	0	0	0	0	87	0	0	0	0	0	0	0	0	27	0	0	0	0	0	0	0	0	347	0	0	0	0	0	0	0	0	0.006637	0.0	0.0	0.0	0.017058	0.0	0.0	0.0	0.0	0.280111	0.0	0.0	0.0	0.719889	0.0	0.0	0.0	0.0	
97	1096	1953.659834	3988.944	3988.944	2.34582	0.652927	997	0	0	0	95	0	0	0	0	8.0e-6	0.0	0.0	0.0	0.309132	0.0	0.0	0.0	0.0	1.24762	0.0	0.0	0.0	1833.9	0.0	0.0	0.0	0.0	0.001251	0.0	0.0	0.0	19.3042	0.0	0.0	0.0	0.0	5	0	0	0	46	0	0	0	0	58	0	0	0	21	0	0	0	0	473	0	0	0	28	0	0	0	0	87	0	0	0	0	0	0	0	0	27	0	0	0	0	0	0	0	0	347	0	0	0	0	0	0	0	0	0.006637	0.0	0.0	0.0	0.016014	0.0	0.0	0.0	0.0	0.29303	0.0	0.0	0.0	0.70697	0.0	0.0	0.0	0.0	
98	1097	1959.813980439	3988.944	3988.944	2.33104	0.651165	997	0	0	0	96	0	0	0	0	8.0e-6	0.0	0.0	0.0	0.287269	0.0	0.0	0.0	0.0	1.24762	0.0	0.0	0.0	1840.05	0.0	0.0	0.0	0.0	0.001251	0.0	0.0	0.0	19.1672	0.0	0.0	0.0	0.0	5	0	0	0	46	0	0	0	0	58	0	0	0	21	0	0	0	0	473	0	0	0	29	0	0	0	0	87	0	0	0	0	0	0	0	0	27	0	0	0	0	0	0	0	0	347	0	0	0	0	0	0	0	0	0.006637	0.0	0.0	0.0	0.014988	0.0	0.0	0.0	0.0	0.306935	0.0	0.0	0.0	0.693065	0.0	0.0	0.0	0.0	
99	1098	1972.947559298	3983.083	3983.083	2.30361	0.647846	997	0	0	0	97	0	0	0	0	8.0e-6	0.0	0.0	0.0	0.338687	0.0	0.0	0.0	0.0	1.24762	0.0	0.0	0.0	1853.19	0.0	0.0	0.0	0.0	0.001251	0.0	0.0	0.0	19.105	0.0	0.0	0.0	0.0	5	0	0	0	47	0	0	0	0	58	0	0	0	21	0	0	0	0	473	0	0	0	29	0	0	0	0	87	0	0	0	0	0	0	0	0	27	0	0	0	0	0	0	0	0	347	0	0	0	0	0	0	0	0	0.006637	0.0	0.0	0.0	0.017728	0.0	0.0	0.0	0.0	0.272416	0.0	0.0	0.0	0.727584	0.0	0.0	0.0	0.0	
100	1099	1977.579495062	3983.083	3983.083	2.24613	0.640689	997	0	0	0	98	0	0	0	0	8.0e-6	0.0	0.0	0.0	0.315413	0.0	0.0	0.0	0.0	1.24762	0.0	0.0	0.0	1857.82	0.0	0.0	0.0	0.0	0.001251	0.0	0.0	0.0	18.9573	0.0	0.0	0.0	0.0	5	0	0	0	47	0	0	0	0	58	0	0	0	21	0	0	0	0	473	0	0	0	30	0	0	0	0	87	0	0	0	0	0	0	0	0	27	0	0	0	0	0	0	0	0	347	0	0	0	0	0	0	0	0	0.006637	0.0	0.0	0.0	0.016638	0.0	0.0	0.0	0.0	0.28517	0.0	0.0	0.0	0.71483	0.0	0.0	0.0	0.0	
101	1101	1984.619936376	3983.083	3983.083	2.2262	0.638141	998	0	0	0	99	0	0	0	0	7.0e-6	0.0	0.0	0.0	0.293975	0.0	0.0	0.0	0.0	1.24787	0.0	0.0	0.0	1864.86	0.0	0.0	0.0	0.0	0.00125	0.0	0.0	0.0	18.837	0.0	0.0	0.0	0.0	5	0	0	0	47	0	0	0	0	58	0	0	0	21	0	0	0	0	473	0	0	0	31	0	0	0	0	87	0	0	0	0	0	0	0	0	27	0	0	0	0	0	0	0	0	348	0	0	0	0	0	0	0	0	0.005979	0.0	0.0	0.0	0.015606	0.0	0.0	0.0	0.0	0.276978	0.0	0.0	0.0	0.723022	0.0	0.0	0.0	0.0	
102	1103	1989.185654169	3983.083	3983.083	2.19624	0.634243	999	0	0	0	100	0	0	0	0	7.0e-6	0.0	0.0	0.0	0.274206	0.0	0.0	0.0	0.0	1.24844	0.0	0.0	0.0	1869.42	0.0	0.0	0.0	0.0	0.00125	0.0	0.0	0.0	18.6942	0.0	0.0	0.0	0.0	5	0	0	0	47	0	0	0	0	58	0	0	0	21	0	0	0	0	473	0	0	0	32	0	0	0	0	88	0	0	0	0	0	0	0	0	27	0	0	0	0	0	0	0	0	348	0	0	0	0	0	0	0	0	0.005384	0.0	0.0	0.0	0.014668	0.0	0.0	0.0	0.0	0.268487	0.0	0.0	0.0	0.731513	0.0	0.0	0.0	0.0	
103	1104	1993.93762715	3981.583	3981.583	2.17704	0.6317	999	0	0	0	101	0	0	0	0	7.0e-6	0.0	0.0	0.0	0.323815	0.0	0.0	0.0	0.0	1.24844	0.0	0.0	0.0	1874.18	0.0	0.0	0.0	0.0	0.00125	0.0	0.0	0.0	18.5562	0.0	0.0	0.0	0.0	5	0	0	0	48	0	0	0	0	58	0	0	0	21	0	0	0	0	473	0	0	0	32	0	0	0	0	88	0	0	0	0	0	0	0	0	27	0	0	0	0	0	0	0	0	348	0	0	0	0	0	0	0	0	0.005384	0.0	0.0	0.0	0.01745	0.0	0.0	0.0	0.0	0.235769	0.0	0.0	0.0	0.764231	0.0	0.0	0.0	0.0	
104	1105	2000.758060649	3981.583	3981.583	2.15722	0.629041	999	0	0	0	102	0	0	0	0	7.0e-6	0.0	0.0	0.0	0.302629	0.0	0.0	0.0	0.0	1.24844	0.0	0.0	0.0	1881.0	0.0	0.0	0.0	0.0	0.00125	0.0	0.0	0.0	18.4411	0.0	0.0	0.0	0.0	5	0	0	0	48	0	0	0	0	58	0	0	0	21	0	0	0	0	473	0	0	0	33	0	0	0	0	88	0	0	0	0	0	0	0	0	27	0	0	0	0	0	0	0	0	348	0	0	0	0	0	0	0	0	0.005384	0.0	0.0	0.0	0.016411	0.0	0.0	0.0	0.0	0.247019	0.0	0.0	0.0	0.752981	0.0	0.0	0.0	0.0	
105	1107	2006.971231774	3981.583	3981.583	2.1291	0.625201	1000	0	0	0	103	0	0	0	0	6.0e-6	0.0	0.0	0.0	0.283026	0.0	0.0	0.0	0.0	1.24881	0.0	0.0	0.0	1887.21	0.0	0.0	0.0	0.0	0.001249	0.0	0.0	0.0	18.3224	0.0	0.0	0.0	0.0	5	0	0	0	48	0	0	0	0	58	0	0	0	21	0	0	0	0	474	0	0	0	34	0	0	0	0	88	0	0	0	0	0	0	0	0	27	0	0	0	0	0	0	0	0	348	0	0	0	0	0	0	0	0	0.004849	0.0	0.0	0.0	0.015447	0.0	0.0	0.0	0.0	0.23893	0.0	0.0	0.0	0.76107	0.0	0.0	0.0	0.0	
106	1108	2011.230041134	3981.583	3981.583	2.1038	0.62168	1000	0	0	0	104	0	0	0	0	6.0e-6	0.0	0.0	0.0	0.264432	0.0	0.0	0.0	0.0	1.24881	0.0	0.0	0.0	1891.47	0.0	0.0	0.0	0.0	0.001249	0.0	0.0	0.0	18.1872	0.0	0.0	0.0	0.0	5	0	0	0	48	0	0	0	0	58	0	0	0	21	0	0	0	0	474	0	0	0	35	0	0	0	0	88	0	0	0	0	0	0	0	0	27	0	0	0	0	0	0	0	0	348	0	0	0	0	0	0	0	0	0.004849	0.0	0.0	0.0	0.01454	0.0	0.0	0.0	0.0	0.250113	0.0	0.0	0.0	0.749887	0.0	0.0	0.0	0.0	
107	1109	2014.117995854	3981.583	3981.583	2.08663	0.619253	1000	0	0	0	105	0	0	0	0	6.0e-6	0.0	0.0	0.0	0.246801	0.0	0.0	0.0	0.0	1.24881	0.0	0.0	0.0	1894.36	0.0	0.0	0.0	0.0	0.001249	0.0	0.0	0.0	18.0415	0.0	0.0	0.0	0.0	5	0	0	0	48	0	0	0	0	58	0	0	0	21	0	0	0	0	474	0	0	0	36	0	0	0	0	88	0	0	0	0	0	0	0	0	27	0	0	0	0	0	0	0	0	348	0	0	0	0	0	0	0	0	0.004849	0.0	0.0	0.0	0.01368	0.0	0.0	0.0	0.0	0.26172	0.0	0.0	0.0	0.73828	0.0	0.0	0.0	0.0	
108	1110	2017.887611544	3981.583	3981.583	2.07507	0.617602	1000	0	0	0	106	0	0	0	0	6.0e-6	0.0	0.0	0.0	0.230086	0.0	0.0	0.0	0.0	1.24881	0.0	0.0	0.0	1898.13	0.0	0.0	0.0	0.0	0.001249	0.0	0.0	0.0	17.9068	0.0	0.0	0.0	0.0	5	0	0	0	48	0	0	0	0	58	0	0	0	21	0	0	0	0	474	0	0	0	37	0	0	0	0	88	0	0	0	0	0	0	0	0	27	0	0	0	0	0	0	0	0	348	0	0	0	0	0	0	0	0	0.004849	0.0	0.0	0.0	0.012849	0.0	0.0	0.0	0.0	0.274002	0.0	0.0	0.0	0.725998	0.0	0.0	0.0	0.0	
109	1112	2024.619721606	3981.583	3981.583	2.06007	0.615439	1001	0	0	0	107	0	0	0	0	5.0e-6	0.0	0.0	0.0	0.214671	0.0	0.0	0.0	0.0	1.24902	0.0	0.0	0.0	1904.86	0.0	0.0	0.0	0.0	0.001248	0.0	0.0	0.0	17.8024	0.0	0.0	0.0	0.0	5	0	0	0	48	0	0	0	0	58	0	0	0	21	0	0	0	0	474	0	0	0	38	0	0	0	0	88	0	0	0	0	0	0	0	0	27	0	0	0	0	0	0	0	0	349	0	0	0	0	0	0	0	0	0.004368	0.0	0.0	0.0	0.012058	0.0	0.0	0.0	0.0	0.265917	0.0	0.0	0.0	0.734083	0.0	0.0	0.0	0.0	
110	1113	2045.941579526	3980.583	3980.583	2.03356	0.611557	1001	0	0	0	108	0	0	0	0	5.0e-6	0.0	0.0	0.0	0.268162	0.0	0.0	0.0	0.0	1.24902	0.0	0.0	0.0	1926.18	0.0	0.0	0.0	0.0	0.001248	0.0	0.0	0.0	17.835	0.0	0.0	0.0	0.0	5	0	0	0	49	0	0	0	0	58	0	0	0	21	0	0	0	0	474	0	0	0	38	0	0	0	0	88	0	0	0	0	0	0	0	0	27	0	0	0	0	0	0	0	0	349	0	0	0	0	0	0	0	0	0.004368	0.0	0.0	0.0	0.015036	0.0	0.0	0.0	0.0	0.225117	0.0	0.0	0.0	0.774883	0.0	0.0	0.0	0.0	
111	1114	2152.102681444	3966.583	3966.583	1.95183	0.599092	1001	0	0	0	109	0	0	0	0	5.0e-6	0.0	0.0	0.0	0.315384	0.0	0.0	0.0	0.0	1.24902	0.0	0.0	0.0	2032.34	0.0	0.0	0.0	0.0	0.001248	0.0	0.0	0.0	18.6453	0.0	0.0	0.0	0.0	5	0	0	0	50	0	0	0	0	58	0	0	0	21	0	0	0	0	474	0	0	0	38	0	0	0	0	88	0	0	0	0	0	0	0	0	27	0	0	0	0	0	0	0	0	349	0	0	0	0	0	0	0	0	0.004368	0.0	0.0	0.0	0.016915	0.0	0.0	0.0	0.0	0.20524	0.0	0.0	0.0	0.79476	0.0	0.0	0.0	0.0	
112	1116	2246.995009688	3966.083	3966.083	1.59123	0.533422	1002	0	0	0	110	0	0	0	0	5.0e-6	0.0	0.0	0.0	0.357577	0.0	0.0	0.0	0.0	1.24948	0.0	0.0	0.0	2127.23	0.0	0.0	0.0	0.0	0.001247	0.0	0.0	0.0	19.3385	0.0	0.0	0.0	0.0	5	0	0	0	51	0	0	0	0	58	0	0	0	21	0	0	0	0	475	0	0	0	38	0	0	0	0	88	0	0	0	0	0	0	0	0	27	0	0	0	0	0	0	0	0	349	0	0	0	0	0	0	0	0	0.003935	0.0	0.0	0.0	0.01849	0.0	0.0	0.0	0.0	0.175455	0.0	0.0	0.0	0.824545	0.0	0.0	0.0	0.0	
113	1117	2251.672583727	3966.083	3966.083	1.3257	0.47033	1002	0	0	0	111	0	0	0	0	5.0e-6	0.0	0.0	0.0	0.335894	0.0	0.0	0.0	0.0	1.24948	0.0	0.0	0.0	2131.91	0.0	0.0	0.0	0.0	0.001247	0.0	0.0	0.0	19.2064	0.0	0.0	0.0	0.0	5	0	0	0	51	0	0	0	0	58	0	0	0	21	0	0	0	0	475	0	0	0	39	0	0	0	0	88	0	0	0	0	0	0	0	0	27	0	0	0	0	0	0	0	0	349	0	0	0	0	0	0	0	0	0.003935	0.0	0.0	0.0	0.017489	0.0	0.0	0.0	0.0	0.18366	0.0	0.0	0.0	0.81634	0.0	0.0	0.0	0.0	
114	1118	2263.84731614	3966.083	3966.083	1.31382	0.467134	1002	0	0	0	112	0	0	0	0	5.0e-6	0.0	0.0	0.0	0.315321	0.0	0.0	0.0	0.0	1.24948	0.0	0.0	0.0	2144.08	0.0	0.0	0.0	0.0	0.001247	0.0	0.0	0.0	19.1436	0.0	0.0	0.0	0.0	5	0	0	0	51	0	0	0	0	58	0	0	0	21	0	0	0	0	475	0	0	0	40	0	0	0	0	88	0	0	0	0	0	0	0	0	27	0	0	0	0	0	0	0	0	349	0	0	0	0	0	0	0	0	0.003935	0.0	0.0	0.0	0.016471	0.0	0.0	0.0	0.0	0.192816	0.0	0.0	0.0	0.807184	0.0	0.0	0.0	0.0	
115	1119	2273.036376986	3966.083	3966.083	1.2834	0.458782	1002	0	0	0	113	0	0	0	0	5.0e-6	0.0	0.0	0.0	0.295789	0.0	0.0	0.0	0.0	1.24948	0.0	0.0	0.0	2153.27	0.0	0.0	0.0	0.0	0.001247	0.0	0.0	0.0	19.0555	0.0	0.0	0.0	0.0	5	0	0	0	51	0	0	0	0	58	0	0	0	21	0	0	0	0	475	0	0	0	41	0	0	0	0	88	0	0	0	0	0	0	0	0	27	0	0	0	0	0	0	0	0	349	0	0	0	0	0	0	0	0	0.003935	0.0	0.0	0.0	0.015522	0.0	0.0	0.0	0.0	0.202219	0.0	0.0	0.0	0.797781	0.0	0.0	0.0	0.0	
116	1120	2285.125258575	3966.083	3966.083	1.26091	0.45245	1002	0	0	0	114	0	0	0	0	5.0e-6	0.0	0.0	0.0	0.27725	0.0	0.0	0.0	0.0	1.24948	0.0	0.0	0.0	2165.36	0.0	0.0	0.0	0.0	0.001247	0.0	0.0	0.0	18.9944	0.0	0.0	0.0	0.0	5	0	0	0	51	0	0	0	0	58	0	0	0	21	0	0	0	0	475	0	0	0	42	0	0	0	0	88	0	0	0	0	0	0	0	0	27	0	0	0	0	0	0	0	0	349	0	0	0	0	0	0	0	0	0.003935	0.0	0.0	0.0	0.014596	0.0	0.0	0.0	0.0	0.212324	0.0	0.0	0.0	0.787676	0.0	0.0	0.0	0.0	
117	1121	2291.840680793	3966.083	3966.083	1.23192	0.444085	1002	0	0	0	115	0	0	0	0	5.0e-6	0.0	0.0	0.0	0.259651	0.0	0.0	0.0	0.0	1.24948	0.0	0.0	0.0	2172.08	0.0	0.0	0.0	0.0	0.001247	0.0	0.0	0.0	18.8876	0.0	0.0	0.0	0.0	5	0	0	0	51	0	0	0	0	58	0	0	0	21	0	0	0	0	475	0	0	0	43	0	0	0	0	88	0	0	0	0	0	0	0	0	27	0	0	0	0	0	0	0	0	349	0	0	0	0	0	0	0	0	0.003935	0.0	0.0	0.0	0.013747	0.0	0.0	0.0	0.0	0.222523	0.0	0.0	0.0	0.777477	0.0	0.0	0.0	0.0	
118	1122	2309.681205303	3966.083	3966.083	1.21611	0.439421	1002	0	0	0	116	0	0	0	0	5.0e-6	0.0	0.0	0.0	0.242953	0.0	0.0	0.0	0.0	1.24948	0.0	0.0	0.0	2189.92	0.0	0.0	0.0	0.0	0.001247	0.0	0.0	0.0	18.8786	0.0	0.0	0.0	0.0	5	0	0	0	51	0	0	0	0	58	0	0	0	21	0	0	0	0	475	0	0	0	44	0	0	0	0	88	0	0	0	0	0	0	0	0	27	0	0	0	0	0	0	0	0	349	0	0	0	0	0	0	0	0	0.003935	0.0	0.0	0.0	0.012869	0.0	0.0	0.0	0.0	0.234149	0.0	0.0	0.0	0.765851	0.0	0.0	0.0	0.0	
119	1123	2316.444363232	3966.083	3966.083	1.17507	0.426983	1002	0	0	0	117	0	0	0	0	5.0e-6	0.0	0.0	0.0	0.227091	0.0	0.0	0.0	0.0	1.24948	0.0	0.0	0.0	2196.68	0.0	0.0	0.0	0.0	0.001247	0.0	0.0	0.0	18.7751	0.0	0.0	0.0	0.0	5	0	0	0	51	0	0	0	0	58	0	0	0	21	0	0	0	0	475	0	0	0	45	0	0	0	0	88	0	0	0	0	0	0	0	0	27	0	0	0	0	0	0	0	0	349	0	0	0	0	0	0	0	0	0.003935	0.0	0.0	0.0	0.012095	0.0	0.0	0.0	0.0	0.245452	0.0	0.0	0.0	0.754548	0.0	0.0	0.0	0.0	
120	1124	2330.245773014	3966.083	3966.083	1.15988	0.42225	1002	0	0	0	118	0	0	0	0	5.0e-6	0.0	0.0	0.0	0.212043	0.0	0.0	0.0	0.0	1.24948	0.0	0.0	0.0	2210.48	0.0	0.0	0.0	0.0	0.001247	0.0	0.0	0.0	18.7329	0.0	0.0	0.0	0.0	5	0	0	0	51	0	0	0	0	58	0	0	0	21	0	0	0	0	475	0	0	0	46	0	0	0	0	88	0	0	0	0	0	0	0	0	27	0	0	0	0	0	0	0	0	349	0	0	0	0	0	0	0	0	0.003935	0.0	0.0	0.0	0.011319	0.0	0.0	0.0	0.0	0.25794	0.0	0.0	0.0	0.74206	0.0	0.0	0.0	0.0	
121	1126	2340.583276922	3966.083	3966.083	1.12949	0.412566	1003	0	0	0	119	0	0	0	0	4.0e-6	0.0	0.0	0.0	0.198122	0.0	0.0	0.0	0.0	1.24977	0.0	0.0	0.0	2220.82	0.0	0.0	0.0	0.0	0.001246	0.0	0.0	0.0	18.6624	0.0	0.0	0.0	0.0	5	0	0	0	51	0	0	0	0	58	0	0	0	21	0	0	0	0	475	0	0	0	47	0	0	0	0	88	0	0	0	0	0	0	0	0	27	0	0	0	0	0	0	0	0	350	0	0	0	0	0	0	0	0	0.003544	0.0	0.0	0.0	0.010616	0.0	0.0	0.0	0.0	0.250273	0.0	0.0	0.0	0.749727	0.0	0.0	0.0	0.0	
122	1127	2360.076504278	3966.083	3966.083	1.10724	0.405293	1003	0	0	0	120	0	0	0	0	4.0e-6	0.0	0.0	0.0	0.184909	0.0	0.0	0.0	0.0	1.24977	0.0	0.0	0.0	2240.31	0.0	0.0	0.0	0.0	0.001246	0.0	0.0	0.0	18.6693	0.0	0.0	0.0	0.0	5	0	0	0	51	0	0	0	0	58	0	0	0	21	0	0	0	0	475	0	0	0	48	0	0	0	0	88	0	0	0	0	0	0	0	0	27	0	0	0	0	0	0	0	0	350	0	0	0	0	0	0	0	0	0.003544	0.0	0.0	0.0	0.009904	0.0	0.0	0.0	0.0	0.263517	0.0	0.0	0.0	0.736483	0.0	0.0	0.0	0.0	
123	1128	2370.845190589	3966.083	3966.083	1.06648	0.391543	1003	0	0	0	121	0	0	0	0	4.0e-6	0.0	0.0	0.0	0.172355	0.0	0.0	0.0	0.0	1.24977	0.0	0.0	0.0	2251.08	0.0	0.0	0.0	0.0	0.001246	0.0	0.0	0.0	18.604	0.0	0.0	0.0	0.0	5	0	0	0	51	0	0	0	0	58	0	0	0	21	0	0	0	0	475	0	0	0	49	0	0	0	0	88	0	0	0	0	0	0	0	0	27	0	0	0	0	0	0	0	0	350	0	0	0	0	0	0	0	0	0.003544	0.0	0.0	0.0	0.009264	0.0	0.0	0.0	0.0	0.276685	0.0	0.0	0.0	0.723315	0.0	0.0	0.0	0.0	
124	1129	2375.520994174	3966.083	3966.083	1.04462	0.383932	1003	0	0	0	122	0	0	0	0	4.0e-6	0.0	0.0	0.0	0.160441	0.0	0.0	0.0	0.0	1.24977	0.0	0.0	0.0	2255.76	0.0	0.0	0.0	0.0	0.001246	0.0	0.0	0.0	18.4898	0.0	0.0	0.0	0.0	5	0	0	0	51	0	0	0	0	58	0	0	0	21	0	0	0	0	475	0	0	0	50	0	0	0	0	88	0	0	0	0	0	0	0	0	27	0	0	0	0	0	0	0	0	350	0	0	0	0	0	0	0	0	0.003544	0.0	0.0	0.0	0.008677	0.0	0.0	0.0	0.0	0.289978	0.0	0.0	0.0	0.710022	0.0	0.0	0.0	0.0	
125	1130	2474.341514858	3966.083	3966.083	1.03526	0.380625	1003	0	0	0	123	0	0	0	0	4.0e-6	0.0	0.0	0.0	0.149143	0.0	0.0	0.0	0.0	1.24977	0.0	0.0	0.0	2354.58	0.0	0.0	0.0	0.0	0.001246	0.0	0.0	0.0	19.1429	0.0	0.0	0.0	0.0	5	0	0	0	51	0	0	0	0	58	0	0	0	21	0	0	0	0	475	0	0	0	51	0	0	0	0	88	0	0	0	0	0	0	0	0	27	0	0	0	0	0	0	0	0	350	0	0	0	0	0	0	0	0	0.003544	0.0	0.0	0.0	0.007791	0.0	0.0	0.0	0.0	0.312651	0.0	0.0	0.0	0.687349	0.0	0.0	0.0	0.0	
126	1131	2481.225760432	3966.083	3966.083	0.856006	0.310921	1003	0	0	0	124	0	0	0	0	4.0e-6	0.0	0.0	0.0	0.138294	0.0	0.0	0.0	0.0	1.24977	0.0	0.0	0.0	2361.46	0.0	0.0	0.0	0.0	0.001246	0.0	0.0	0.0	19.0441	0.0	0.0	0.0	0.0	5	0	0	0	51	0	0	0	0	58	0	0	0	21	0	0	0	0	475	0	0	0	52	0	0	0	0	88	0	0	0	0	0	0	0	0	27	0	0	0	0	0	0	0	0	350	0	0	0	0	0	0	0	0	0.003544	0.0	0.0	0.0	0.007262	0.0	0.0	0.0	0.0	0.327964	0.0	0.0	0.0	0.672036	0.0	0.0	0.0	0.0	
127	1132	2488.745748008	3966.083	3966.083	0.844742	0.306115	1003	0	0	0	125	0	0	0	0	4.0e-6	0.0	0.0	0.0	0.128004	0.0	0.0	0.0	0.0	1.24977	0.0	0.0	0.0	2368.98	0.0	0.0	0.0	0.0	0.001246	0.0	0.0	0.0	18.9519	0.0	0.0	0.0	0.0	5	0	0	0	51	0	0	0	0	58	0	0	0	21	0	0	0	0	475	0	0	0	53	0	0	0	0	88	0	0	0	0	0	0	0	0	27	0	0	0	0	0	0	0	0	350	0	0	0	0	0	0	0	0	0.003544	0.0	0.0	0.0	0.006754	0.0	0.0	0.0	0.0	0.344129	0.0	0.0	0.0	0.655871	0.0	0.0	0.0	0.0	
128	1133	2500.924544289	3966.083	3966.083	0.832608	0.30088	1003	0	0	0	126	0	0	0	0	4.0e-6	0.0	0.0	0.0	0.118246	0.0	0.0	0.0	0.0	1.24977	0.0	0.0	0.0	2381.16	0.0	0.0	0.0	0.0	0.001246	0.0	0.0	0.0	18.8981	0.0	0.0	0.0	0.0	5	0	0	0	51	0	0	0	0	58	0	0	0	21	0	0	0	0	475	0	0	0	54	0	0	0	0	88	0	0	0	0	0	0	0	0	27	0	0	0	0	0	0	0	0	350	0	0	0	0	0	0	0	0	0.003544	0.0	0.0	0.0	0.006257	0.0	0.0	0.0	0.0	0.361585	0.0	0.0	0.0	0.638415	0.0	0.0	0.0	0.0	
129	1134	2522.170548182	3963.583	3963.583	0.813325	0.292433	1003	0	0	0	127	0	0	0	0	4.0e-6	0.0	0.0	0.0	0.187304	0.0	0.0	0.0	0.0	1.24977	0.0	0.0	0.0	2402.41	0.0	0.0	0.0	0.0	0.001246	0.0	0.0	0.0	18.9166	0.0	0.0	0.0	0.0	5	0	0	0	52	0	0	0	0	58	0	0	0	21	0	0	0	0	475	0	0	0	54	0	0	0	0	88	0	0	0	0	0	0	0	0	27	0	0	0	0	0	0	0	0	350	0	0	0	0	0	0	0	0	0.003544	0.0	0.0	0.0	0.009902	0.0	0.0	0.0	0.0	0.263573	0.0	0.0	0.0	0.736427	0.0	0.0	0.0	0.0	
130	1135	2528.648487378	3963.583	3963.583	0.780749	0.277809	1003	0	0	0	128	0	0	0	0	4.0e-6	0.0	0.0	0.0	0.174587	0.0	0.0	0.0	0.0	1.24977	0.0	0.0	0.0	2408.89	0.0	0.0	0.0	0.0	0.001246	0.0	0.0	0.0	18.8194	0.0	0.0	0.0	0.0	5	0	0	0	52	0	0	0	0	58	0	0	0	21	0	0	0	0	475	0	0	0	55	0	0	0	0	88	0	0	0	0	0	0	0	0	27	0	0	0	0	0	0	0	0	350	0	0	0	0	0	0	0	0	0.003544	0.0	0.0	0.0	0.009277	0.0	0.0	0.0	0.0	0.276414	0.0	0.0	0.0	0.723586	0.0	0.0	0.0	0.0	
131	1136	2539.434363141	3963.583	3963.583	0.771078	0.273382	1003	0	0	0	129	0	0	0	0	4.0e-6	0.0	0.0	0.0	0.162523	0.0	0.0	0.0	0.0	1.24977	0.0	0.0	0.0	2419.67	0.0	0.0	0.0	0.0	0.001246	0.0	0.0	0.0	18.7571	0.0	0.0	0.0	0.0	5	0	0	0	52	0	0	0	0	58	0	0	0	21	0	0	0	0	475	0	0	0	56	0	0	0	0	88	0	0	0	0	0	0	0	0	27	0	0	0	0	0	0	0	0	350	0	0	0	0	0	0	0	0	0.003544	0.0	0.0	0.0	0.008665	0.0	0.0	0.0	0.0	0.290279	0.0	0.0	0.0	0.709721	0.0	0.0	0.0	0.0	
132	1137	2625.305408268	3963.583	3963.583	0.755242	0.266048	1003	0	0	0	130	0	0	0	0	4.0e-6	0.0	0.0	0.0	0.151073	0.0	0.0	0.0	0.0	1.24977	0.0	0.0	0.0	2505.54	0.0	0.0	0.0	0.0	0.001246	0.0	0.0	0.0	19.2734	0.0	0.0	0.0	0.0	5	0	0	0	52	0	0	0	0	58	0	0	0	21	0	0	0	0	475	0	0	0	57	0	0	0	0	88	0	0	0	0	0	0	0	0	27	0	0	0	0	0	0	0	0	350	0	0	0	0	0	0	0	0	0.003544	0.0	0.0	0.0	0.007838	0.0	0.0	0.0	0.0	0.311348	0.0	0.0	0.0	0.688652	0.0	0.0	0.0	0.0	
133	1138	2629.224838507	3963.583	3963.583	0.640226	0.209727	1003	0	0	0	131	0	0	0	0	4.0e-6	0.0	0.0	0.0	0.140104	0.0	0.0	0.0	0.0	1.24977	0.0	0.0	0.0	2509.46	0.0	0.0	0.0	0.0	0.001246	0.0	0.0	0.0	19.1562	0.0	0.0	0.0	0.0	5	0	0	0	52	0	0	0	0	58	0	0	0	21	0	0	0	0	475	0	0	0	58	0	0	0	0	88	0	0	0	0	0	0	0	0	27	0	0	0	0	0	0	0	0	350	0	0	0	0	0	0	0	0	0.003544	0.0	0.0	0.0	0.007314	0.0	0.0	0.0	0.0	0.326392	0.0	0.0	0.0	0.673608	0.0	0.0	0.0	0.0	
134	1139	2644.568786622	3954.583	3954.583	0.635416	0.207262	1003	0	0	0	132	0	0	0	0	4.0e-6	0.0	0.0	0.0	0.203932	0.0	0.0	0.0	0.0	1.24977	0.0	0.0	0.0	2524.81	0.0	0.0	0.0	0.0	0.001246	0.0	0.0	0.0	19.1273	0.0	0.0	0.0	0.0	5	0	0	0	53	0	0	0	0	58	0	0	0	21	0	0	0	0	475	0	0	0	58	0	0	0	0	88	0	0	0	0	0	0	0	0	27	0	0	0	0	0	0	0	0	350	0	0	0	0	0	0	0	0	0.003544	0.0	0.0	0.0	0.010662	0.0	0.0	0.0	0.0	0.249467	0.0	0.0	0.0	0.750533	0.0	0.0	0.0	0.0	
135	1140	2648.326390276	3954.583	3954.583	0.616932	0.197716	1003	0	0	0	133	0	0	0	0	4.0e-6	0.0	0.0	0.0	0.190346	0.0	0.0	0.0	0.0	1.24977	0.0	0.0	0.0	2528.56	0.0	0.0	0.0	0.0	0.001246	0.0	0.0	0.0	19.0118	0.0	0.0	0.0	0.0	5	0	0	0	53	0	0	0	0	58	0	0	0	21	0	0	0	0	475	0	0	0	59	0	0	0	0	88	0	0	0	0	0	0	0	0	27	0	0	0	0	0	0	0	0	350	0	0	0	0	0	0	0	0	0.003544	0.0	0.0	0.0	0.010012	0.0	0.0	0.0	0.0	0.261425	0.0	0.0	0.0	0.738575	0.0	0.0	0.0	0.0	
136	1141	2656.995835484	3954.583	3954.583	0.612488	0.195404	1003	0	0	0	134	0	0	0	0	4.0e-6	0.0	0.0	0.0	0.17746	0.0	0.0	0.0	0.0	1.24977	0.0	0.0	0.0	2537.23	0.0	0.0	0.0	0.0	0.001246	0.0	0.0	0.0	18.9346	0.0	0.0	0.0	0.0	5	0	0	0	53	0	0	0	0	58	0	0	0	21	0	0	0	0	475	0	0	0	60	0	0	0	0	88	0	0	0	0	0	0	0	0	27	0	0	0	0	0	0	0	0	350	0	0	0	0	0	0	0	0	0.003544	0.0	0.0	0.0	0.009372	0.0	0.0	0.0	0.0	0.274374	0.0	0.0	0.0	0.725626	0.0	0.0	0.0	0.0	
137	1143	2664.772547884	3954.583	3954.583	0.602356	0.190111	1004	0	0	0	135	0	0	0	0	4.0e-6	0.0	0.0	0.0	0.1659	0.0	0.0	0.0	0.0	1.25026	0.0	0.0	0.0	2545.01	0.0	0.0	0.0	0.0	0.001245	0.0	0.0	0.0	18.8519	0.0	0.0	0.0	0.0	5	0	0	0	53	0	0	0	0	58	0	0	0	22	0	0	0	0	476	0	0	0	60	0	0	0	0	88	0	0	0	0	0	0	0	0	27	0	0	0	0	0	0	0	0	350	0	0	0	0	0	0	0	0	0.003192	0.0	0.0	0.0	0.0088	0.0	0.0	0.0	0.0	0.266185	0.0	0.0	0.0	0.733815	0.0	0.0	0.0	0.0	
138	1145	2689.945330752	3954.583	3954.583	0.59341	0.185412	1005	0	0	0	136	0	0	0	0	4.0e-6	0.0	0.0	0.0	0.154895	0.0	0.0	0.0	0.0	1.25046	0.0	0.0	0.0	2570.18	0.0	0.0	0.0	0.0	0.001244	0.0	0.0	0.0	18.8984	0.0	0.0	0.0	0.0	5	0	0	0	53	0	0	0	0	58	0	0	0	22	0	0	0	0	476	0	0	0	61	0	0	0	0	88	0	0	0	0	0	0	0	0	27	0	0	0	0	0	0	0	0	351	0	0	0	0	0	0	0	0	0.002875	0.0	0.0	0.0	0.008196	0.0	0.0	0.0	0.0	0.259708	0.0	0.0	0.0	0.740292	0.0	0.0	0.0	0.0	
139	1146	2698.156612288	3954.583	3954.583	0.565355	0.170537	1005	0	0	0	137	0	0	0	0	4.0e-6	0.0	0.0	0.0	0.144433	0.0	0.0	0.0	0.0	1.25046	0.0	0.0	0.0	2578.39	0.0	0.0	0.0	0.0	0.001244	0.0	0.0	0.0	18.8204	0.0	0.0	0.0	0.0	5	0	0	0	53	0	0	0	0	58	0	0	0	22	0	0	0	0	476	0	0	0	62	0	0	0	0	88	0	0	0	0	0	0	0	0	27	0	0	0	0	0	0	0	0	351	0	0	0	0	0	0	0	0	0.002875	0.0	0.0	0.0	0.007674	0.0	0.0	0.0	0.0	0.272556	0.0	0.0	0.0	0.727444	0.0	0.0	0.0	0.0	
140	1147	2703.207123989	3954.583	3954.583	0.556493	0.165801	1005	0	0	0	138	0	0	0	0	4.0e-6	0.0	0.0	0.0	0.134506	0.0	0.0	0.0	0.0	1.25046	0.0	0.0	0.0	2583.44	0.0	0.0	0.0	0.0	0.001244	0.0	0.0	0.0	18.7206	0.0	0.0	0.0	0.0	5	0	0	0	53	0	0	0	0	58	0	0	0	22	0	0	0	0	476	0	0	0	63	0	0	0	0	88	0	0	0	0	0	0	0	0	27	0	0	0	0	0	0	0	0	351	0	0	0	0	0	0	0	0	0.002875	0.0	0.0	0.0	0.007185	0.0	0.0	0.0	0.0	0.285815	0.0	0.0	0.0	0.714185	0.0	0.0	0.0	0.0	
141	1148	2711.585655637	3954.583	3954.583	0.551112	0.162917	1005	0	0	0	139	0	0	0	0	4.0e-6	0.0	0.0	0.0	0.125089	0.0	0.0	0.0	0.0	1.25046	0.0	0.0	0.0	2591.82	0.0	0.0	0.0	0.0	0.001244	0.0	0.0	0.0	18.6462	0.0	0.0	0.0	0.0	5	0	0	0	53	0	0	0	0	58	0	0	0	22	0	0	0	0	476	0	0	0	64	0	0	0	0	88	0	0	0	0	0	0	0	0	27	0	0	0	0	0	0	0	0	351	0	0	0	0	0	0	0	0	0.002875	0.0	0.0	0.0	0.006709	0.0	0.0	0.0	0.0	0.300021	0.0	0.0	0.0	0.699979	0.0	0.0	0.0	0.0	
142	1149	2723.304986339	3954.583	3954.583	0.542299	0.158183	1005	0	0	0	140	0	0	0	0	4.0e-6	0.0	0.0	0.0	0.116154	0.0	0.0	0.0	0.0	1.25046	0.0	0.0	0.0	2603.54	0.0	0.0	0.0	0.0	0.001244	0.0	0.0	0.0	18.5967	0.0	0.0	0.0	0.0	5	0	0	0	53	0	0	0	0	58	0	0	0	22	0	0	0	0	476	0	0	0	65	0	0	0	0	88	0	0	0	0	0	0	0	0	27	0	0	0	0	0	0	0	0	351	0	0	0	0	0	0	0	0	0.002875	0.0	0.0	0.0	0.006246	0.0	0.0	0.0	0.0	0.315237	0.0	0.0	0.0	0.684763	0.0	0.0	0.0	0.0	
143	1150	2733.55576029	3954.583	3954.583	0.530208	0.151669	1005	0	0	0	141	0	0	0	0	4.0e-6	0.0	0.0	0.0	0.107672	0.0	0.0	0.0	0.0	1.25046	0.0	0.0	0.0	2613.79	0.0	0.0	0.0	0.0	0.001244	0.0	0.0	0.0	18.5375	0.0	0.0	0.0	0.0	5	0	0	0	53	0	0	0	0	58	0	0	0	22	0	0	0	0	476	0	0	0	66	0	0	0	0	88	0	0	0	0	0	0	0	0	27	0	0	0	0	0	0	0	0	351	0	0	0	0	0	0	0	0	0.002875	0.0	0.0	0.0	0.005808	0.0	0.0	0.0	0.0	0.331122	0.0	0.0	0.0	0.668878	0.0	0.0	0.0	0.0	
144	1151	2738.64035343	3954.583	3954.583	0.519853	0.146077	1005	0	0	0	142	0	0	0	0	4.0e-6	0.0	0.0	0.0	0.099624	0.0	0.0	0.0	0.0	1.25046	0.0	0.0	0.0	2618.88	0.0	0.0	0.0	0.0	0.001244	0.0	0.0	0.0	18.4428	0.0	0.0	0.0	0.0	5	0	0	0	53	0	0	0	0	58	0	0	0	22	0	0	0	0	476	0	0	0	67	0	0	0	0	88	0	0	0	0	0	0	0	0	27	0	0	0	0	0	0	0	0	351	0	0	0	0	0	0	0	0	0.002875	0.0	0.0	0.0	0.005402	0.0	0.0	0.0	0.0	0.347387	0.0	0.0	0.0	0.652613	0.0	0.0	0.0	0.0	
145	1154	2749.009552837	3954.583	3954.583	0.514792	0.143341	1007	0	0	0	143	0	0	0	0	3.0e-6	0.0	0.0	0.0	0.092491	0.0	0.0	0.0	0.0	1.25084	0.0	0.0	0.0	2629.24	0.0	0.0	0.0	0.0	0.001242	0.0	0.0	0.0	18.3863	0.0	0.0	0.0	0.0	5	0	0	0	53	0	0	0	0	58	0	0	0	22	0	0	0	0	476	0	0	0	68	0	0	0	0	88	0	0	0	0	0	0	0	0	27	0	0	0	0	0	0	0	0	353	0	0	0	0	0	0	0	0	0.002333	0.0	0.0	0.0	0.00503	0.0	0.0	0.0	0.0	0.316834	0.0	0.0	0.0	0.683166	0.0	0.0	0.0	0.0	
146	1155	2755.884259683	3954.583	3954.583	0.504624	0.137838	1007	0	0	0	144	0	0	0	0	3.0e-6	0.0	0.0	0.0	0.085722	0.0	0.0	0.0	0.0	1.25084	0.0	0.0	0.0	2636.12	0.0	0.0	0.0	0.0	0.001242	0.0	0.0	0.0	18.3064	0.0	0.0	0.0	0.0	5	0	0	0	53	0	0	0	0	58	0	0	0	22	0	0	0	0	476	0	0	0	69	0	0	0	0	88	0	0	0	0	0	0	0	0	27	0	0	0	0	0	0	0	0	353	0	0	0	0	0	0	0	0	0.002333	0.0	0.0	0.0	0.004683	0.0	0.0	0.0	0.0	0.332541	0.0	0.0	0.0	0.667459	0.0	0.0	0.0	0.0	
147	1156	2762.138486647	3951.583	3951.583	0.497993	0.134249	1007	0	0	0	145	0	0	0	0	3.0e-6	0.0	0.0	0.0	0.154211	0.0	0.0	0.0	0.0	1.25084	0.0	0.0	0.0	2642.37	0.0	0.0	0.0	0.0	0.001242	0.0	0.0	0.0	18.2233	0.0	0.0	0.0	0.0	5	0	0	0	54	0	0	0	0	58	0	0	0	22	0	0	0	0	476	0	0	0	69	0	0	0	0	88	0	0	0	0	0	0	0	0	27	0	0	0	0	0	0	0	0	353	0	0	0	0	0	0	0	0	0.002333	0.0	0.0	0.0	0.008462	0.0	0.0	0.0	0.0	0.21611	0.0	0.0	0.0	0.78389	0.0	0.0	0.0	0.0	
148	1157	2771.836750331	3951.583	3951.583	0.492037	0.131025	1007	0	0	0	146	0	0	0	0	3.0e-6	0.0	0.0	0.0	0.144375	0.0	0.0	0.0	0.0	1.25084	0.0	0.0	0.0	2652.07	0.0	0.0	0.0	0.0	0.001242	0.0	0.0	0.0	18.1649	0.0	0.0	0.0	0.0	5	0	0	0	54	0	0	0	0	58	0	0	0	22	0	0	0	0	476	0	0	0	70	0	0	0	0	88	0	0	0	0	0	0	0	0	27	0	0	0	0	0	0	0	0	353	0	0	0	0	0	0	0	0	0.002333	0.0	0.0	0.0	0.007948	0.0	0.0	0.0	0.0	0.226921	0.0	0.0	0.0	0.773079	0.0	0.0	0.0	0.0	
149	1158	2776.384101113	3951.583	3951.583	0.482941	0.126104	1007	0	0	0	147	0	0	0	0	3.0e-6	0.0	0.0	0.0	0.135037	0.0	0.0	0.0	0.0	1.25084	0.0	0.0	0.0	2656.62	0.0	0.0	0.0	0.0	0.001242	0.0	0.0	0.0	18.0722	0.0	0.0	0.0	0.0	5	0	0	0	54	0	0	0	0	58	0	0	0	22	0	0	0	0	476	0	0	0	71	0	0	0	0	88	0	0	0	0	0	0	0	0	27	0	0	0	0	0	0	0	0	353	0	0	0	0	0	0	0	0	0.002333	0.0	0.0	0.0	0.007472	0.0	0.0	0.0	0.0	0.237936	0.0	0.0	0.0	0.762064	0.0	0.0	0.0	0.0	
150	1159	2780.897311204	3951.583	3951.583	0.478734	0.12383	1007	0	0	0	148	0	0	0	0	3.0e-6	0.0	0.0	0.0	0.126177	0.0	0.0	0.0	0.0	1.25084	0.0	0.0	0.0	2661.13	0.0	0.0	0.0	0.0	0.001242	0.0	0.0	0.0	17.9806	0.0	0.0	0.0	0.0	5	0	0	0	54	0	0	0	0	58	0	0	0	22	0	0	0	0	476	0	0	0	72	0	0	0	0	88	0	0	0	0	0	0	0	0	27	0	0	0	0	0	0	0	0	353	0	0	0	0	0	0	0	0	0.002333	0.0	0.0	0.0	0.007017	0.0	0.0	0.0	0.0	0.249506	0.0	0.0	0.0	0.750494	0.0	0.0	0.0	0.0	
151	1160	2784.342793447	3951.583	3951.583	0.474595	0.121595	1007	0	0	0	149	0	0	0	0	3.0e-6	0.0	0.0	0.0	0.117771	0.0	0.0	0.0	0.0	1.25084	0.0	0.0	0.0	2664.58	0.0	0.0	0.0	0.0	0.001242	0.0	0.0	0.0	17.8831	0.0	0.0	0.0	0.0	5	0	0	0	54	0	0	0	0	58	0	0	0	22	0	0	0	0	476	0	0	0	73	0	0	0	0	88	0	0	0	0	0	0	0	0	27	0	0	0	0	0	0	0	0	353	0	0	0	0	0	0	0	0	0.002333	0.0	0.0	0.0	0.006586	0.0	0.0	0.0	0.0	0.261585	0.0	0.0	0.0	0.738415	0.0	0.0	0.0	0.0	
152	1161	2790.407290143	3951.583	3951.583	0.471459	0.119903	1007	0	0	0	150	0	0	0	0	3.0e-6	0.0	0.0	0.0	0.109797	0.0	0.0	0.0	0.0	1.25084	0.0	0.0	0.0	2670.64	0.0	0.0	0.0	0.0	0.001242	0.0	0.0	0.0	17.8043	0.0	0.0	0.0	0.0	5	0	0	0	54	0	0	0	0	58	0	0	0	22	0	0	0	0	476	0	0	0	74	0	0	0	0	88	0	0	0	0	0	0	0	0	27	0	0	0	0	0	0	0	0	353	0	0	0	0	0	0	0	0	0.002333	0.0	0.0	0.0	0.006167	0.0	0.0	0.0	0.0	0.274473	0.0	0.0	0.0	0.725527	0.0	0.0	0.0	0.0	
153	1162	2970.578509153	3951.583	3951.583	0.46599	0.116955	1007	0	0	0	151	0	0	0	0	3.0e-6	0.0	0.0	0.0	0.10223	0.0	0.0	0.0	0.0	1.25084	0.0	0.0	0.0	2850.81	0.0	0.0	0.0	0.0	0.001242	0.0	0.0	0.0	18.8796	0.0	0.0	0.0	0.0	5	0	0	0	54	0	0	0	0	58	0	0	0	22	0	0	0	0	476	0	0	0	75	0	0	0	0	88	0	0	0	0	0	0	0	0	27	0	0	0	0	0	0	0	0	353	0	0	0	0	0	0	0	0	0.002333	0.0	0.0	0.0	0.005415	0.0	0.0	0.0	0.0	0.301114	0.0	0.0	0.0	0.698886	0.0	0.0	0.0	0.0	
154	1163	2977.194317468	3951.583	3951.583	0.329479	0.04807	1007	0	0	0	152	0	0	0	0	3.0e-6	0.0	0.0	0.0	0.094916	0.0	0.0	0.0	0.0	1.25084	0.0	0.0	0.0	2857.43	0.0	0.0	0.0	0.0	0.001242	0.0	0.0	0.0	18.7989	0.0	0.0	0.0	0.0	5	0	0	0	54	0	0	0	0	58	0	0	0	22	0	0	0	0	476	0	0	0	76	0	0	0	0	88	0	0	0	0	0	0	0	0	27	0	0	0	0	0	0	0	0	353	0	0	0	0	0	0	0	0	0.002333	0.0	0.0	0.0	0.005049	0.0	0.0	0.0	0.0	0.316035	0.0	0.0	0.0	0.683965	0.0	0.0	0.0	0.0	
155	1164	2991.669838876	3951.583	3951.583	0.325312	0.046237	1007	0	0	0	153	0	0	0	0	3.0e-6	0.0	0.0	0.0	0.087977	0.0	0.0	0.0	0.0	1.25084	0.0	0.0	0.0	2871.9	0.0	0.0	0.0	0.0	0.001242	0.0	0.0	0.0	18.7706	0.0	0.0	0.0	0.0	5	0	0	0	54	0	0	0	0	58	0	0	0	22	0	0	0	0	476	0	0	0	77	0	0	0	0	88	0	0	0	0	0	0	0	0	27	0	0	0	0	0	0	0	0	353	0	0	0	0	0	0	0	0	0.002333	0.0	0.0	0.0	0.004687	0.0	0.0	0.0	0.0	0.332335	0.0	0.0	0.0	0.667665	0.0	0.0	0.0	0.0	
156	1165	3005.83426806	3951.583	3951.583	0.316377	0.042392	1007	0	0	0	154	0	0	0	0	3.0e-6	0.0	0.0	0.0	0.081389	0.0	0.0	0.0	0.0	1.25084	0.0	0.0	0.0	2886.07	0.0	0.0	0.0	0.0	0.001242	0.0	0.0	0.0	18.7407	0.0	0.0	0.0	0.0	5	0	0	0	54	0	0	0	0	58	0	0	0	22	0	0	0	0	476	0	0	0	78	0	0	0	0	88	0	0	0	0	0	0	0	0	27	0	0	0	0	0	0	0	0	353	0	0	0	0	0	0	0	0	0.002333	0.0	0.0	0.0	0.004343	0.0	0.0	0.0	0.0	0.349464	0.0	0.0	0.0	0.650536	0.0	0.0	0.0	0.0	
157	1166	3011.747350632	3951.583	3951.583	0.307871	0.038848	1007	0	0	0	155	0	0	0	0	3.0e-6	0.0	0.0	0.0	0.075134	0.0	0.0	0.0	0.0	1.25084	0.0	0.0	0.0	2891.98	0.0	0.0	0.0	0.0	0.001242	0.0	0.0	0.0	18.658	0.0	0.0	0.0	0.0	5	0	0	0	54	0	0	0	0	58	0	0	0	22	0	0	0	0	476	0	0	0	79	0	0	0	0	88	0	0	0	0	0	0	0	0	27	0	0	0	0	0	0	0	0	353	0	0	0	0	0	0	0	0	0.002333	0.0	0.0	0.0	0.004027	0.0	0.0	0.0	0.0	0.366828	0.0	0.0	0.0	0.633172	0.0	0.0	0.0	0.0	
158	1167	3016.968240074	3951.583	3951.583	0.304388	0.03743	1007	0	0	0	156	0	0	0	0	3.0e-6	0.0	0.0	0.0	0.0692	0.0	0.0	0.0	0.0	1.25084	0.0	0.0	0.0	2897.2	0.0	0.0	0.0	0.0	0.001242	0.0	0.0	0.0	18.5718	0.0	0.0	0.0	0.0	5	0	0	0	54	0	0	0	0	58	0	0	0	22	0	0	0	0	476	0	0	0	80	0	0	0	0	88	0	0	0	0	0	0	0	0	27	0	0	0	0	0	0	0	0	353	0	0	0	0	0	0	0	0	0.002333	0.0	0.0	0.0	0.003726	0.0	0.0	0.0	0.0	0.385038	0.0	0.0	0.0	0.614962	0.0	0.0	0.0	0.0	
159	1168	3033.285177204	3951.583	3951.583	0.301346	0.036209	1007	0	0	0	157	0	0	0	0	3.0e-6	0.0	0.0	0.0	0.063574	0.0	0.0	0.0	0.0	1.25084	0.0	0.0	0.0	2913.52	0.0	0.0	0.0	0.0	0.001242	0.0	0.0	0.0	18.5575	0.0	0.0	0.0	0.0	5	0	0	0	54	0	0	0	0	58	0	0	0	22	0	0	0	0	476	0	0	0	81	0	0	0	0	88	0	0	0	0	0	0	0	0	27	0	0	0	0	0	0	0	0	353	0	0	0	0	0	0	0	0	0.002333	0.0	0.0	0.0	0.003426	0.0	0.0	0.0	0.0	0.405117	0.0	0.0	0.0	0.594883	0.0	0.0	0.0	0.0	
160	1169	3037.104259837	3951.583	3951.583	0.292033	0.032573	1007	0	0	0	158	0	0	0	0	3.0e-6	0.0	0.0	0.0	0.058231	0.0	0.0	0.0	0.0	1.25084	0.0	0.0	0.0	2917.34	0.0	0.0	0.0	0.0	0.001242	0.0	0.0	0.0	18.4642	0.0	0.0	0.0	0.0	5	0	0	0	54	0	0	0	0	58	0	0	0	22	0	0	0	0	476	0	0	0	82	0	0	0	0	88	0	0	0	0	0	0	0	0	27	0	0	0	0	0	0	0	0	353	0	0	0	0	0	0	0	0	0.002333	0.0	0.0	0.0	0.003154	0.0	0.0	0.0	0.0	0.425207	0.0	0.0	0.0	0.574793	0.0	0.0	0.0	0.0	
161	1171	3042.950767834	3951.583	3951.583	0.289894	0.03176	1008	0	0	0	159	0	0	0	0	3.0e-6	0.0	0.0	0.0	0.05338	0.0	0.0	0.0	0.0	1.25139	0.0	0.0	0.0	2923.19	0.0	0.0	0.0	0.0	0.001241	0.0	0.0	0.0	18.3848	0.0	0.0	0.0	0.0	5	0	0	0	54	0	0	0	0	58	0	0	0	22	0	0	0	0	476	0	0	0	83	0	0	0	0	89	0	0	0	0	0	0	0	0	27	0	0	0	0	0	0	0	0	353	0	0	0	0	0	0	0	0	0.002101	0.0	0.0	0.0	0.002903	0.0	0.0	0.0	0.0	0.419807	0.0	0.0	0.0	0.580193	0.0	0.0	0.0	0.0	
162	1173	3053.176538536	3951.583	3951.583	0.286652	0.030545	1009	0	0	0	160	0	0	0	0	2.0e-6	0.0	0.0	0.0	0.048971	0.0	0.0	0.0	0.0	1.25183	0.0	0.0	0.0	2933.41	0.0	0.0	0.0	0.0	0.001241	0.0	0.0	0.0	18.3338	0.0	0.0	0.0	0.0	5	0	0	0	54	0	0	0	0	58	0	0	0	22	0	0	0	0	476	0	0	0	84	0	0	0	0	90	0	0	0	0	0	0	0	0	27	0	0	0	0	0	0	0	0	353	0	0	0	0	0	0	0	0	0.001892	0.0	0.0	0.0	0.002671	0.0	0.0	0.0	0.0	0.414626	0.0	0.0	0.0	0.585374	0.0	0.0	0.0	0.0	
163	1174	3072.592360204	3935.139	3935.139	0.281067	0.0285	1009	0	0	0	161	0	0	0	0	2.0e-6	0.0	0.0	0.0	0.130204	0.0	0.0	0.0	0.0	1.25183	0.0	0.0	0.0	2952.83	0.0	0.0	0.0	0.0	0.001241	0.0	0.0	0.0	18.3405	0.0	0.0	0.0	0.0	5	0	0	0	55	0	0	0	0	58	0	0	0	22	0	0	0	0	476	0	0	0	84	0	0	0	0	90	0	0	0	0	0	0	0	0	27	0	0	0	0	0	0	0	0	353	0	0	0	0	0	0	0	0	0.001892	0.0	0.0	0.0	0.007099	0.0	0.0	0.0	0.0	0.210424	0.0	0.0	0.0	0.789576	0.0	0.0	0.0	0.0	
164	1175	3078.497275128	3935.139	3935.139	0.270762	0.02489	1009	0	0	0	162	0	0	0	0	2.0e-6	0.0	0.0	0.0	0.121959	0.0	0.0	0.0	0.0	1.25183	0.0	0.0	0.0	2958.73	0.0	0.0	0.0	0.0	0.001241	0.0	0.0	0.0	18.2638	0.0	0.0	0.0	0.0	5	0	0	0	55	0	0	0	0	58	0	0	0	22	0	0	0	0	476	0	0	0	85	0	0	0	0	90	0	0	0	0	0	0	0	0	27	0	0	0	0	0	0	0	0	353	0	0	0	0	0	0	0	0	0.001892	0.0	0.0	0.0	0.006678	0.0	0.0	0.0	0.0	0.220776	0.0	0.0	0.0	0.779224	0.0	0.0	0.0	0.0	
165	1176	3086.413586639	3935.139	3935.139	0.267703	0.023862	1009	0	0	0	163	0	0	0	0	2.0e-6	0.0	0.0	0.0	0.114133	0.0	0.0	0.0	0.0	1.25183	0.0	0.0	0.0	2966.65	0.0	0.0	0.0	0.0	0.001241	0.0	0.0	0.0	18.2003	0.0	0.0	0.0	0.0	5	0	0	0	55	0	0	0	0	58	0	0	0	22	0	0	0	0	476	0	0	0	86	0	0	0	0	90	0	0	0	0	0	0	0	0	27	0	0	0	0	0	0	0	0	353	0	0	0	0	0	0	0	0	0.001892	0.0	0.0	0.0	0.006271	0.0	0.0	0.0	0.0	0.231776	0.0	0.0	0.0	0.768224	0.0	0.0	0.0	0.0	
166	1177	3105.806609939	3935.139	3935.139	0.263656	0.022532	1009	0	0	0	164	0	0	0	0	2.0e-6	0.0	0.0	0.0	0.106705	0.0	0.0	0.0	0.0	1.25183	0.0	0.0	0.0	2986.04	0.0	0.0	0.0	0.0	0.001241	0.0	0.0	0.0	18.2076	0.0	0.0	0.0	0.0	5	0	0	0	55	0	0	0	0	58	0	0	0	22	0	0	0	0	476	0	0	0	87	0	0	0	0	90	0	0	0	0	0	0	0	0	27	0	0	0	0	0	0	0	0	353	0	0	0	0	0	0	0	0	0.001892	0.0	0.0	0.0	0.00586	0.0	0.0	0.0	0.0	0.244048	0.0	0.0	0.0	0.755952	0.0	0.0	0.0	0.0	
167	1178	3114.971660265	3935.139	3935.139	0.254	0.019506	1009	0	0	0	165	0	0	0	0	2.0e-6	0.0	0.0	0.0	0.099647	0.0	0.0	0.0	0.0	1.25183	0.0	0.0	0.0	2995.21	0.0	0.0	0.0	0.0	0.001241	0.0	0.0	0.0	18.1528	0.0	0.0	0.0	0.0	5	0	0	0	55	0	0	0	0	58	0	0	0	22	0	0	0	0	476	0	0	0	88	0	0	0	0	90	0	0	0	0	0	0	0	0	27	0	0	0	0	0	0	0	0	353	0	0	0	0	0	0	0	0	0.001892	0.0	0.0	0.0	0.005489	0.0	0.0	0.0	0.0	0.256318	0.0	0.0	0.0	0.743682	0.0	0.0	0.0	0.0	
168	1179	3123.328152803	3935.139	3935.139	0.24956	0.018187	1009	0	0	0	166	0	0	0	0	2.0e-6	0.0	0.0	0.0	0.092948	0.0	0.0	0.0	0.0	1.25183	0.0	0.0	0.0	3003.56	0.0	0.0	0.0	0.0	0.001241	0.0	0.0	0.0	18.0937	0.0	0.0	0.0	0.0	5	0	0	0	55	0	0	0	0	58	0	0	0	22	0	0	0	0	476	0	0	0	89	0	0	0	0	90	0	0	0	0	0	0	0	0	27	0	0	0	0	0	0	0	0	353	0	0	0	0	0	0	0	0	0.001892	0.0	0.0	0.0	0.005137	0.0	0.0	0.0	0.0	0.269167	0.0	0.0	0.0	0.730833	0.0	0.0	0.0	0.0	
169	1180	3127.505268511	3935.139	3935.139	0.24558	0.017043	1009	0	0	0	167	0	0	0	0	2.0e-6	0.0	0.0	0.0	0.086588	0.0	0.0	0.0	0.0	1.25183	0.0	0.0	0.0	3007.74	0.0	0.0	0.0	0.0	0.001241	0.0	0.0	0.0	18.0104	0.0	0.0	0.0	0.0	5	0	0	0	55	0	0	0	0	58	0	0	0	22	0	0	0	0	476	0	0	0	90	0	0	0	0	90	0	0	0	0	0	0	0	0	27	0	0	0	0	0	0	0	0	353	0	0	0	0	0	0	0	0	0.001892	0.0	0.0	0.0	0.004808	0.0	0.0	0.0	0.0	0.282397	0.0	0.0	0.0	0.717603	0.0	0.0	0.0	0.0	
170	1181	3143.091945266	3935.139	3935.139	0.243614	0.016492	1009	0	0	0	168	0	0	0	0	2.0e-6	0.0	0.0	0.0	0.080555	0.0	0.0	0.0	0.0	1.25183	0.0	0.0	0.0	3023.33	0.0	0.0	0.0	0.0	0.001241	0.0	0.0	0.0	17.996	0.0	0.0	0.0	0.0	5	0	0	0	55	0	0	0	0	58	0	0	0	22	0	0	0	0	476	0	0	0	91	0	0	0	0	90	0	0	0	0	0	0	0	0	27	0	0	0	0	0	0	0	0	353	0	0	0	0	0	0	0	0	0.001892	0.0	0.0	0.0	0.004476	0.0	0.0	0.0	0.0	0.297093	0.0	0.0	0.0	0.702907	0.0	0.0	0.0	0.0	
171	1182	3146.599508016	3935.139	3935.139	0.236417	0.014555	1009	0	0	0	169	0	0	0	0	2.0e-6	0.0	0.0	0.0	0.074825	0.0	0.0	0.0	0.0	1.25183	0.0	0.0	0.0	3026.83	0.0	0.0	0.0	0.0	0.001241	0.0	0.0	0.0	17.9103	0.0	0.0	0.0	0.0	5	0	0	0	55	0	0	0	0	58	0	0	0	22	0	0	0	0	476	0	0	0	92	0	0	0	0	90	0	0	0	0	0	0	0	0	27	0	0	0	0	0	0	0	0	353	0	0	0	0	0	0	0	0	0.001892	0.0	0.0	0.0	0.004178	0.0	0.0	0.0	0.0	0.311704	0.0	0.0	0.0	0.688296	0.0	0.0	0.0	0.0	
172	1183	3186.488937138	3935.139	3935.139	0.234827	0.014144	1009	0	0	0	170	0	0	0	0	2.0e-6	0.0	0.0	0.0	0.06939	0.0	0.0	0.0	0.0	1.25183	0.0	0.0	0.0	3066.72	0.0	0.0	0.0	0.0	0.001241	0.0	0.0	0.0	18.0395	0.0	0.0	0.0	0.0	5	0	0	0	55	0	0	0	0	58	0	0	0	22	0	0	0	0	476	0	0	0	93	0	0	0	0	90	0	0	0	0	0	0	0	0	27	0	0	0	0	0	0	0	0	353	0	0	0	0	0	0	0	0	0.001892	0.0	0.0	0.0	0.003847	0.0	0.0	0.0	0.0	0.329697	0.0	0.0	0.0	0.670303	0.0	0.0	0.0	0.0	
173	1185	3194.329665447	3935.139	3935.139	0.217478	0.01007	1010	0	0	0	171	0	0	0	0	2.0e-6	0.0	0.0	0.0	0.064383	0.0	0.0	0.0	0.0	1.25227	0.0	0.0	0.0	3074.56	0.0	0.0	0.0	0.0	0.00124	0.0	0.0	0.0	17.9799	0.0	0.0	0.0	0.0	5	0	0	0	55	0	0	0	0	58	0	0	0	22	0	0	0	0	477	0	0	0	94	0	0	0	0	90	0	0	0	0	0	0	0	0	27	0	0	0	0	0	0	0	0	353	0	0	0	0	0	0	0	0	0.001705	0.0	0.0	0.0	0.003581	0.0	0.0	0.0	0.0	0.322519	0.0	0.0	0.0	0.677481	0.0	0.0	0.0	0.0	
174	1186	3206.097975657	3935.139	3935.139	0.214222	0.009391	1010	0	0	0	172	0	0	0	0	2.0e-6	0.0	0.0	0.0	0.059631	0.0	0.0	0.0	0.0	1.25227	0.0	0.0	0.0	3086.33	0.0	0.0	0.0	0.0	0.00124	0.0	0.0	0.0	17.9438	0.0	0.0	0.0	0.0	5	0	0	0	55	0	0	0	0	58	0	0	0	22	0	0	0	0	477	0	0	0	95	0	0	0	0	90	0	0	0	0	0	0	0	0	27	0	0	0	0	0	0	0	0	353	0	0	0	0	0	0	0	0	0.001705	0.0	0.0	0.0	0.003323	0.0	0.0	0.0	0.0	0.339043	0.0	0.0	0.0	0.660957	0.0	0.0	0.0	0.0	
175	1188	3221.276428521	3935.139	3935.139	0.209426	0.008439	1011	0	0	0	173	0	0	0	0	2.0e-6	0.0	0.0	0.0	0.055272	0.0	0.0	0.0	0.0	1.25246	0.0	0.0	0.0	3101.51	0.0	0.0	0.0	0.0	0.001239	0.0	0.0	0.0	17.9278	0.0	0.0	0.0	0.0	5	0	0	0	55	0	0	0	0	58	0	0	0	22	0	0	0	0	477	0	0	0	96	0	0	0	0	90	0	0	0	0	0	0	0	0	27	0	0	0	0	0	0	0	0	354	0	0	0	0	0	0	0	0	0.001535	0.0	0.0	0.0	0.003083	0.0	0.0	0.0	0.0	0.332464	0.0	0.0	0.0	0.667536	0.0	0.0	0.0	0.0	
176	1189	3229.981361417	3935.139	3935.139	0.203399	0.007325	1011	0	0	0	174	0	0	0	0	2.0e-6	0.0	0.0	0.0	0.051132	0.0	0.0	0.0	0.0	1.25246	0.0	0.0	0.0	3110.21	0.0	0.0	0.0	0.0	0.001239	0.0	0.0	0.0	17.8748	0.0	0.0	0.0	0.0	5	0	0	0	55	0	0	0	0	58	0	0	0	22	0	0	0	0	477	0	0	0	97	0	0	0	0	90	0	0	0	0	0	0	0	0	27	0	0	0	0	0	0	0	0	354	0	0	0	0	0	0	0	0	0.001535	0.0	0.0	0.0	0.002861	0.0	0.0	0.0	0.0	0.349289	0.0	0.0	0.0	0.650711	0.0	0.0	0.0	0.0	
177	1190	3240.572517827	3935.139	3935.139	0.200021	0.006741	1011	0	0	0	175	0	0	0	0	2.0e-6	0.0	0.0	0.0	0.047203	0.0	0.0	0.0	0.0	1.25246	0.0	0.0	0.0	3120.81	0.0	0.0	0.0	0.0	0.001239	0.0	0.0	0.0	17.8332	0.0	0.0	0.0	0.0	5	0	0	0	55	0	0	0	0	58	0	0	0	22	0	0	0	0	477	0	0	0	98	0	0	0	0	90	0	0	0	0	0	0	0	0	27	0	0	0	0	0	0	0	0	354	0	0	0	0	0	0	0	0	0.001535	0.0	0.0	0.0	0.002647	0.0	0.0	0.0	0.0	0.367131	0.0	0.0	0.0	0.632869	0.0	0.0	0.0	0.0	
178	1193	3246.468102254	3935.139	3935.139	0.195986	0.006082	1013	0	0	0	176	0	0	0	0	2.0e-6	0.0	0.0	0.0	0.043732	0.0	0.0	0.0	0.0	1.25284	0.0	0.0	0.0	3126.7	0.0	0.0	0.0	0.0	0.001237	0.0	0.0	0.0	17.7653	0.0	0.0	0.0	0.0	5	0	0	0	55	0	0	0	0	58	0	0	0	22	0	0	0	0	477	0	0	0	99	0	0	0	0	90	0	0	0	0	0	0	0	0	27	0	0	0	0	0	0	0	0	356	0	0	0	0	0	0	0	0	0.001246	0.0	0.0	0.0	0.002462	0.0	0.0	0.0	0.0	0.336032	0.0	0.0	0.0	0.663968	0.0	0.0	0.0	0.0	
179	1196	3252.267785131	3935.139	3935.139	0.193775	0.005738	1015	0	0	0	177	0	0	0	0	1.0e-6	0.0	0.0	0.0	0.040647	0.0	0.0	0.0	0.0	1.25316	0.0	0.0	0.0	3132.5	0.0	0.0	0.0	0.0	0.001235	0.0	0.0	0.0	17.6977	0.0	0.0	0.0	0.0	5	0	0	0	55	0	0	0	0	58	0	0	0	22	0	0	0	0	477	0	0	0	100	0	0	0	0	90	0	0	0	0	0	0	0	0	27	0	0	0	0	0	0	0	0	358	0	0	0	0	0	0	0	0	0.001011	0.0	0.0	0.0	0.002297	0.0	0.0	0.0	0.0	0.305614	0.0	0.0	0.0	0.694386	0.0	0.0	0.0	0.0	
180	1197	3262.259673489	3935.139	3935.139	0.191625	0.005415	1015	0	0	0	178	0	0	0	0	1.0e-6	0.0	0.0	0.0	0.03772	0.0	0.0	0.0	0.0	1.25316	0.0	0.0	0.0	3142.49	0.0	0.0	0.0	0.0	0.001235	0.0	0.0	0.0	17.6544	0.0	0.0	0.0	0.0	5	0	0	0	55	0	0	0	0	58	0	0	0	22	0	0	0	0	477	0	0	0	101	0	0	0	0	90	0	0	0	0	0	0	0	0	27	0	0	0	0	0	0	0	0	358	0	0	0	0	0	0	0	0	0.001011	0.0	0.0	0.0	0.002137	0.0	0.0	0.0	0.0	0.321165	0.0	0.0	0.0	0.678835	0.0	0.0	0.0	0.0	
181	1198	3269.299921122	3935.139	3935.139	0.187977	0.004894	1015	0	0	0	179	0	0	0	0	1.0e-6	0.0	0.0	0.0	0.034942	0.0	0.0	0.0	0.0	1.25316	0.0	0.0	0.0	3149.53	0.0	0.0	0.0	0.0	0.001235	0.0	0.0	0.0	17.5952	0.0	0.0	0.0	0.0	5	0	0	0	55	0	0	0	0	58	0	0	0	22	0	0	0	0	477	0	0	0	102	0	0	0	0	90	0	0	0	0	0	0	0	0	27	0	0	0	0	0	0	0	0	358	0	0	0	0	0	0	0	0	0.001011	0.0	0.0	0.0	0.001986	0.0	0.0	0.0	0.0	0.337316	0.0	0.0	0.0	0.662684	0.0	0.0	0.0	0.0	
182	1199	3284.590826979	3935.139	3935.139	0.185448	0.004551	1015	0	0	0	180	0	0	0	0	1.0e-6	0.0	0.0	0.0	0.032306	0.0	0.0	0.0	0.0	1.25316	0.0	0.0	0.0	3164.82	0.0	0.0	0.0	0.0	0.001235	0.0	0.0	0.0	17.5823	0.0	0.0	0.0	0.0	5	0	0	0	55	0	0	0	0	58	0	0	0	22	0	0	0	0	477	0	0	0	103	0	0	0	0	90	0	0	0	0	0	0	0	0	27	0	0	0	0	0	0	0	0	358	0	0	0	0	0	0	0	0	0.001011	0.0	0.0	0.0	0.001837	0.0	0.0	0.0	0.0	0.354902	0.0	0.0	0.0	0.645098	0.0	0.0	0.0	0.0	
183	1200	3295.564339655	3935.139	3935.139	0.180071	0.003874	1015	0	0	0	181	0	0	0	0	1.0e-6	0.0	0.0	0.0	0.029802	0.0	0.0	0.0	0.0	1.25316	0.0	0.0	0.0	3175.8	0.0	0.0	0.0	0.0	0.001235	0.0	0.0	0.0	17.5458	0.0	0.0	0.0	0.0	5	0	0	0	55	0	0	0	0	58	0	0	0	22	0	0	0	0	477	0	0	0	104	0	0	0	0	90	0	0	0	0	0	0	0	0	27	0	0	0	0	0	0	0	0	358	0	0	0	0	0	0	0	0	0.001011	0.0	0.0	0.0	0.001699	0.0	0.0	0.0	0.0	0.373095	0.0	0.0	0.0	0.626905	0.0	0.0	0.0	0.0	
184	1201	3305.910652045	3935.139	3935.139	0.176309	0.003441	1015	0	0	0	182	0	0	0	0	1.0e-6	0.0	0.0	0.0	0.027425	0.0	0.0	0.0	0.0	1.25316	0.0	0.0	0.0	3186.14	0.0	0.0	0.0	0.0	0.001235	0.0	0.0	0.0	17.5063	0.0	0.0	0.0	0.0	5	0	0	0	55	0	0	0	0	58	0	0	0	22	0	0	0	0	477	0	0	0	105	0	0	0	0	90	0	0	0	0	0	0	0	0	27	0	0	0	0	0	0	0	0	358	0	0	0	0	0	0	0	0	0.001011	0.0	0.0	0.0	0.001567	0.0	0.0	0.0	0.0	0.392194	0.0	0.0	0.0	0.607806	0.0	0.0	0.0	0.0	
185	1203	3325.485108084	3935.139	3935.139	0.172834	0.003071	1016	0	0	0	183	0	0	0	0	1.0e-6	0.0	0.0	0.0	0.025652	0.0	0.0	0.0	0.0	1.25364	0.0	0.0	0.0	3205.72	0.0	0.0	0.0	0.0	0.001234	0.0	0.0	0.0	17.5176	0.0	0.0	0.0	0.0	5	0	0	0	55	0	0	0	0	58	0	0	0	23	0	0	0	0	478	0	0	0	105	0	0	0	0	90	0	0	0	0	0	0	0	0	27	0	0	0	0	0	0	0	0	358	0	0	0	0	0	0	0	0	0.000911	0.0	0.0	0.0	0.001464	0.0	0.0	0.0	0.0	0.383557	0.0	0.0	0.0	0.616443	0.0	0.0	0.0	0.0	
186	1204	3330.141440013	3935.139	3935.139	0.166446	0.002459	1016	0	0	0	184	0	0	0	0	1.0e-6	0.0	0.0	0.0	0.023571	0.0	0.0	0.0	0.0	1.25364	0.0	0.0	0.0	3210.37	0.0	0.0	0.0	0.0	0.001234	0.0	0.0	0.0	17.4477	0.0	0.0	0.0	0.0	5	0	0	0	55	0	0	0	0	58	0	0	0	23	0	0	0	0	478	0	0	0	106	0	0	0	0	90	0	0	0	0	0	0	0	0	27	0	0	0	0	0	0	0	0	358	0	0	0	0	0	0	0	0	0.000911	0.0	0.0	0.0	0.001351	0.0	0.0	0.0	0.0	0.402782	0.0	0.0	0.0	0.597218	0.0	0.0	0.0	0.0	
187	1206	3341.472904394	3935.139	3935.139	0.164961	0.00233	1017	0	0	0	185	0	0	0	0	1.0e-6	0.0	0.0	0.0	0.021676	0.0	0.0	0.0	0.0	1.25388	0.0	0.0	0.0	3221.7	0.0	0.0	0.0	0.0	0.001233	0.0	0.0	0.0	17.4146	0.0	0.0	0.0	0.0	5	0	0	0	55	0	0	0	0	58	0	0	0	23	0	0	0	0	478	0	0	0	107	0	0	0	0	90	0	0	0	0	0	0	0	0	27	0	0	0	0	0	0	0	0	359	0	0	0	0	0	0	0	0	0.000821	0.0	0.0	0.0	0.001245	0.0	0.0	0.0	0.0	0.397341	0.0	0.0	0.0	0.602659	0.0	0.0	0.0	0.0	
188	1207	3347.190620938	3935.139	3935.139	0.161404	0.002038	1017	0	0	0	186	0	0	0	0	1.0e-6	0.0	0.0	0.0	0.019878	0.0	0.0	0.0	0.0	1.25388	0.0	0.0	0.0	3227.42	0.0	0.0	0.0	0.0	0.001233	0.0	0.0	0.0	17.3517	0.0	0.0	0.0	0.0	5	0	0	0	55	0	0	0	0	58	0	0	0	23	0	0	0	0	478	0	0	0	108	0	0	0	0	90	0	0	0	0	0	0	0	0	27	0	0	0	0	0	0	0	0	359	0	0	0	0	0	0	0	0	0.000821	0.0	0.0	0.0	0.001146	0.0	0.0	0.0	0.0	0.417373	0.0	0.0	0.0	0.582627	0.0	0.0	0.0	0.0	
189	1208	3355.559820718	3935.139	3935.139	0.159638	0.001903	1017	0	0	0	187	0	0	0	0	1.0e-6	0.0	0.0	0.0	0.018172	0.0	0.0	0.0	0.0	1.25388	0.0	0.0	0.0	3235.79	0.0	0.0	0.0	0.0	0.001233	0.0	0.0	0.0	17.3037	0.0	0.0	0.0	0.0	5	0	0	0	55	0	0	0	0	58	0	0	0	23	0	0	0	0	478	0	0	0	109	0	0	0	0	90	0	0	0	0	0	0	0	0	27	0	0	0	0	0	0	0	0	359	0	0	0	0	0	0	0	0	0.000821	0.0	0.0	0.0	0.00105	0.0	0.0	0.0	0.0	0.438658	0.0	0.0	0.0	0.561342	0.0	0.0	0.0	0.0	
190	1209	3385.741706157	3935.139	3935.139	0.157088	0.001719	1017	0	0	0	188	0	0	0	0	1.0e-6	0.0	0.0	0.0	0.016554	0.0	0.0	0.0	0.0	1.25388	0.0	0.0	0.0	3265.97	0.0	0.0	0.0	0.0	0.001233	0.0	0.0	0.0	17.3722	0.0	0.0	0.0	0.0	5	0	0	0	55	0	0	0	0	58	0	0	0	23	0	0	0	0	478	0	0	0	110	0	0	0	0	90	0	0	0	0	0	0	0	0	27	0	0	0	0	0	0	0	0	359	0	0	0	0	0	0	0	0	0.000821	0.0	0.0	0.0	0.000953	0.0	0.0	0.0	0.0	0.462727	0.0	0.0	0.0	0.537273	0.0	0.0	0.0	0.0	
191	1212	3399.202362517	3932.139	3932.139	0.148226	0.001175	1019	0	0	0	189	0	0	0	0	1.0e-6	0.0	0.0	0.0	0.100072	0.0	0.0	0.0	0.0	1.25478	0.0	0.0	0.0	3279.43	0.0	0.0	0.0	0.0	0.001231	0.0	0.0	0.0	17.3515	0.0	0.0	0.0	0.0	5	0	0	0	56	0	0	0	0	58	0	0	0	23	0	0	0	0	478	0	0	0	110	0	0	0	0	92	0	0	0	0	0	0	0	0	27	0	0	0	0	0	0	0	0	359	0	0	0	0	0	0	0	0	0.000666	0.0	0.0	0.0	0.005767	0.0	0.0	0.0	0.0	0.103463	0.0	0.0	0.0	0.896537	0.0	0.0	0.0	0.0	
192	1213	3403.951280347	3932.139	3932.139	0.144436	0.000984	1019	0	0	0	190	0	0	0	0	1.0e-6	0.0	0.0	0.0	0.094491	0.0	0.0	0.0	0.0	1.25478	0.0	0.0	0.0	3284.18	0.0	0.0	0.0	0.0	0.001231	0.0	0.0	0.0	17.2852	0.0	0.0	0.0	0.0	5	0	0	0	56	0	0	0	0	58	0	0	0	23	0	0	0	0	478	0	0	0	111	0	0	0	0	92	0	0	0	0	0	0	0	0	27	0	0	0	0	0	0	0	0	359	0	0	0	0	0	0	0	0	0.000666	0.0	0.0	0.0	0.005467	0.0	0.0	0.0	0.0	0.108537	0.0	0.0	0.0	0.891463	0.0	0.0	0.0	0.0	
193	1214	3413.366852224	3932.139	3932.139	0.143123	0.000924	1019	0	0	0	191	0	0	0	0	1.0e-6	0.0	0.0	0.0	0.089191	0.0	0.0	0.0	0.0	1.25478	0.0	0.0	0.0	3293.6	0.0	0.0	0.0	0.0	0.001231	0.0	0.0	0.0	17.244	0.0	0.0	0.0	0.0	5	0	0	0	56	0	0	0	0	58	0	0	0	23	0	0	0	0	478	0	0	0	112	0	0	0	0	92	0	0	0	0	0	0	0	0	27	0	0	0	0	0	0	0	0	359	0	0	0	0	0	0	0	0	0.000666	0.0	0.0	0.0	0.005172	0.0	0.0	0.0	0.0	0.114009	0.0	0.0	0.0	0.885991	0.0	0.0	0.0	0.0	
194	1215	3427.219909004	3928.639	3928.639	0.140553	0.000813	1019	0	0	0	192	0	0	0	0	1.0e-6	0.0	0.0	0.0	0.140592	0.0	0.0	0.0	0.0	1.25478	0.0	0.0	0.0	3307.45	0.0	0.0	0.0	0.0	0.001231	0.0	0.0	0.0	17.2263	0.0	0.0	0.0	0.0	5	0	0	0	57	0	0	0	0	58	0	0	0	23	0	0	0	0	478	0	0	0	112	0	0	0	0	92	0	0	0	0	0	0	0	0	27	0	0	0	0	0	0	0	0	359	0	0	0	0	0	0	0	0	0.000666	0.0	0.0	0.0	0.008161	0.0	0.0	0.0	0.0	0.075401	0.0	0.0	0.0	0.924599	0.0	0.0	0.0	0.0	
195	1216	3436.473685302	3928.639	3928.639	0.136856	0.000671	1019	0	0	0	193	0	0	0	0	1.0e-6	0.0	0.0	0.0	0.132989	0.0	0.0	0.0	0.0	1.25478	0.0	0.0	0.0	3316.7	0.0	0.0	0.0	0.0	0.001231	0.0	0.0	0.0	17.185	0.0	0.0	0.0	0.0	5	0	0	0	57	0	0	0	0	58	0	0	0	23	0	0	0	0	478	0	0	0	113	0	0	0	0	92	0	0	0	0	0	0	0	0	27	0	0	0	0	0	0	0	0	359	0	0	0	0	0	0	0	0	0.000666	0.0	0.0	0.0	0.007739	0.0	0.0	0.0	0.0	0.079194	0.0	0.0	0.0	0.920806	0.0	0.0	0.0	0.0	
196	1218	3444.741891029	3927.139	3927.139	0.134441	0.000588	1020	0	0	0	194	0	0	0	0	1.0e-6	0.0	0.0	0.0	0.179702	0.0	0.0	0.0	0.0	1.25519	0.0	0.0	0.0	3324.97	0.0	0.0	0.0	0.0	0.001231	0.0	0.0	0.0	17.139	0.0	0.0	0.0	0.0	5	0	0	0	58	0	0	0	0	58	0	0	0	23	0	0	0	0	479	0	0	0	113	0	0	0	0	92	0	0	0	0	0	0	0	0	27	0	0	0	0	0	0	0	0	359	0	0	0	0	0	0	0	0	0.0006	0.0	0.0	0.0	0.010485	0.0	0.0	0.0	0.0	0.054146	0.0	0.0	0.0	0.945854	0.0	0.0	0.0	0.0	
197	1219	3448.138847645	3927.139	3927.139	0.13232	0.000522	1020	0	0	0	195	0	0	0	0	1.0e-6	0.0	0.0	0.0	0.170202	0.0	0.0	0.0	0.0	1.25519	0.0	0.0	0.0	3328.37	0.0	0.0	0.0	0.0	0.001231	0.0	0.0	0.0	17.0686	0.0	0.0	0.0	0.0	5	0	0	0	58	0	0	0	0	58	0	0	0	23	0	0	0	0	479	0	0	0	114	0	0	0	0	92	0	0	0	0	0	0	0	0	27	0	0	0	0	0	0	0	0	359	0	0	0	0	0	0	0	0	0.0006	0.0	0.0	0.0	0.009972	0.0	0.0	0.0	0.0	0.056774	0.0	0.0	0.0	0.943226	0.0	0.0	0.0	0.0	
198	1220	3451.137411492	3927.139	3927.139	0.131458	0.000497	1020	0	0	0	196	0	0	0	0	1.0e-6	0.0	0.0	0.0	0.16118	0.0	0.0	0.0	0.0	1.25519	0.0	0.0	0.0	3331.37	0.0	0.0	0.0	0.0	0.001231	0.0	0.0	0.0	16.9968	0.0	0.0	0.0	0.0	5	0	0	0	58	0	0	0	0	58	0	0	0	23	0	0	0	0	479	0	0	0	115	0	0	0	0	92	0	0	0	0	0	0	0	0	27	0	0	0	0	0	0	0	0	359	0	0	0	0	0	0	0	0	0.0006	0.0	0.0	0.0	0.009483	0.0	0.0	0.0	0.0	0.059526	0.0	0.0	0.0	0.940474	0.0	0.0	0.0	0.0	
199	1221	3456.46305023	3927.139	3927.139	0.130701	0.000476	1020	0	0	0	197	0	0	0	0	1.0e-6	0.0	0.0	0.0	0.152611	0.0	0.0	0.0	0.0	1.25519	0.0	0.0	0.0	3336.69	0.0	0.0	0.0	0.0	0.001231	0.0	0.0	0.0	16.9375	0.0	0.0	0.0	0.0	5	0	0	0	58	0	0	0	0	58	0	0	0	23	0	0	0	0	479	0	0	0	116	0	0	0	0	92	0	0	0	0	0	0	0	0	27	0	0	0	0	0	0	0	0	359	0	0	0	0	0	0	0	0	0.0006	0.0	0.0	0.0	0.00901	0.0	0.0	0.0	0.0	0.062454	0.0	0.0	0.0	0.937546	0.0	0.0	0.0	0.0	
200	1222	3461.664682065	3927.139	3927.139	0.129369	0.00044	1020	0	0	0	198	0	0	0	0	1.0e-6	0.0	0.0	0.0	0.144472	0.0	0.0	0.0	0.0	1.25519	0.0	0.0	0.0	3341.89	0.0	0.0	0.0	0.0	0.001231	0.0	0.0	0.0	16.8783	0.0	0.0	0.0	0.0	5	0	0	0	58	0	0	0	0	58	0	0	0	23	0	0	0	0	479	0	0	0	117	0	0	0	0	92	0	0	0	0	0	0	0	0	27	0	0	0	0	0	0	0	0	359	0	0	0	0	0	0	0	0	0.0006	0.0	0.0	0.0	0.00856	0.0	0.0	0.0	0.0	0.065526	0.0	0.0	0.0	0.934474	0.0	0.0	0.0	0.0	
201	1223	3475.586665251	3927.139	3927.139	0.128081	0.000407	1020	0	0	0	199	0	0	0	0	1.0e-6	0.0	0.0	0.0	0.136742	0.0	0.0	0.0	0.0	1.25519	0.0	0.0	0.0	3355.82	0.0	0.0	0.0	0.0	0.001231	0.0	0.0	0.0	16.8634	0.0	0.0	0.0	0.0	5	0	0	0	58	0	0	0	0	58	0	0	0	23	0	0	0	0	479	0	0	0	118	0	0	0	0	92	0	0	0	0	0	0	0	0	27	0	0	0	0	0	0	0	0	359	0	0	0	0	0	0	0	0	0.0006	0.0	0.0	0.0	0.008109	0.0	0.0	0.0	0.0	0.068919	0.0	0.0	0.0	0.931081	0.0	0.0	0.0	0.0	
202	1224	3479.761656936	3927.139	3927.139	0.124696	0.000329	1020	0	0	0	200	0	0	0	0	1.0e-6	0.0	0.0	0.0	0.129399	0.0	0.0	0.0	0.0	1.25519	0.0	0.0	0.0	3359.99	0.0	0.0	0.0	0.0	0.001231	0.0	0.0	0.0	16.8	0.0	0.0	0.0	0.0	5	0	0	0	58	0	0	0	0	58	0	0	0	23	0	0	0	0	479	0	0	0	119	0	0	0	0	92	0	0	0	0	0	0	0	0	27	0	0	0	0	0	0	0	0	359	0	0	0	0	0	0	0	0	0.0006	0.0	0.0	0.0	0.007702	0.0	0.0	0.0	0.0	0.072293	0.0	0.0	0.0	0.927707	0.0	0.0	0.0	0.0	
203	1225	3483.163271958	3927.139	3927.139	0.123698	0.000308	1020	0	0	0	201	0	0	0	0	1.0e-6	0.0	0.0	0.0	0.122425	0.0	0.0	0.0	0.0	1.25519	0.0	0.0	0.0	3363.39	0.0	0.0	0.0	0.0	0.001231	0.0	0.0	0.0	16.7333	0.0	0.0	0.0	0.0	5	0	0	0	58	0	0	0	0	58	0	0	0	23	0	0	0	0	479	0	0	0	120	0	0	0	0	92	0	0	0	0	0	0	0	0	27	0	0	0	0	0	0	0	0	359	0	0	0	0	0	0	0	0	0.0006	0.0	0.0	0.0	0.007316	0.0	0.0	0.0	0.0	0.075819	0.0	0.0	0.0	0.924181	0.0	0.0	0.0	0.0	
204	1226	3490.935963361	3927.139	3927.139	0.122891	0.000292	1020	0	0	0	202	0	0	0	0	1.0e-6	0.0	0.0	0.0	0.115801	0.0	0.0	0.0	0.0	1.25519	0.0	0.0	0.0	3371.17	0.0	0.0	0.0	0.0	0.001231	0.0	0.0	0.0	16.6889	0.0	0.0	0.0	0.0	5	0	0	0	58	0	0	0	0	58	0	0	0	23	0	0	0	0	479	0	0	0	121	0	0	0	0	92	0	0	0	0	0	0	0	0	27	0	0	0	0	0	0	0	0	359	0	0	0	0	0	0	0	0	0.0006	0.0	0.0	0.0	0.006939	0.0	0.0	0.0	0.0	0.079614	0.0	0.0	0.0	0.920386	0.0	0.0	0.0	0.0	
205	1228	3499.217458726	3927.139	3927.139	0.121067	0.000259	1021	0	0	0	203	0	0	0	0	1.0e-6	0.0	0.0	0.0	0.10956	0.0	0.0	0.0	0.0	1.25543	0.0	0.0	0.0	3379.45	0.0	0.0	0.0	0.0	0.00123	0.0	0.0	0.0	16.6475	0.0	0.0	0.0	0.0	5	0	0	0	58	0	0	0	0	58	0	0	0	23	0	0	0	0	479	0	0	0	122	0	0	0	0	92	0	0	0	0	0	0	0	0	27	0	0	0	0	0	0	0	0	360	0	0	0	0	0	0	0	0	0.000541	0.0	0.0	0.0	0.006581	0.0	0.0	0.0	0.0	0.075911	0.0	0.0	0.0	0.924089	0.0	0.0	0.0	0.0	
206	1229	3509.310659932	3927.139	3927.139	0.119153	0.000227	1021	0	0	0	204	0	0	0	0	1.0e-6	0.0	0.0	0.0	0.103632	0.0	0.0	0.0	0.0	1.25543	0.0	0.0	0.0	3389.54	0.0	0.0	0.0	0.0	0.00123	0.0	0.0	0.0	16.6154	0.0	0.0	0.0	0.0	5	0	0	0	58	0	0	0	0	58	0	0	0	23	0	0	0	0	479	0	0	0	123	0	0	0	0	92	0	0	0	0	0	0	0	0	27	0	0	0	0	0	0	0	0	360	0	0	0	0	0	0	0	0	0.000541	0.0	0.0	0.0	0.006237	0.0	0.0	0.0	0.0	0.079764	0.0	0.0	0.0	0.920236	0.0	0.0	0.0	0.0	
207	1230	3559.439703436	3927.139	3927.139	0.116862	0.000192	1021	0	0	0	205	0	0	0	0	1.0e-6	0.0	0.0	0.0	0.098001	0.0	0.0	0.0	0.0	1.25543	0.0	0.0	0.0	3439.67	0.0	0.0	0.0	0.0	0.00123	0.0	0.0	0.0	16.7789	0.0	0.0	0.0	0.0	5	0	0	0	58	0	0	0	0	58	0	0	0	23	0	0	0	0	479	0	0	0	124	0	0	0	0	92	0	0	0	0	0	0	0	0	27	0	0	0	0	0	0	0	0	360	0	0	0	0	0	0	0	0	0.000541	0.0	0.0	0.0	0.005841	0.0	0.0	0.0	0.0	0.084719	0.0	0.0	0.0	0.915281	0.0	0.0	0.0	0.0	
208	1231	3563.902689901	3927.139	3927.139	0.106117	8.1e-5	1021	0	0	0	206	0	0	0	0	1.0e-6	0.0	0.0	0.0	0.092648	0.0	0.0	0.0	0.0	1.25543	0.0	0.0	0.0	3444.13	0.0	0.0	0.0	0.0	0.00123	0.0	0.0	0.0	16.7191	0.0	0.0	0.0	0.0	5	0	0	0	58	0	0	0	0	58	0	0	0	23	0	0	0	0	479	0	0	0	125	0	0	0	0	92	0	0	0	0	0	0	0	0	27	0	0	0	0	0	0	0	0	360	0	0	0	0	0	0	0	0	0.000541	0.0	0.0	0.0	0.005541	0.0	0.0	0.0	0.0	0.088888	0.0	0.0	0.0	0.911112	0.0	0.0	0.0	0.0	
209	1232	3574.065745004	3927.139	3927.139	0.10521	7.4e-5	1021	0	0	0	207	0	0	0	0	1.0e-6	0.0	0.0	0.0	0.087563	0.0	0.0	0.0	0.0	1.25543	0.0	0.0	0.0	3454.3	0.0	0.0	0.0	0.0	0.00123	0.0	0.0	0.0	16.6874	0.0	0.0	0.0	0.0	5	0	0	0	58	0	0	0	0	58	0	0	0	23	0	0	0	0	479	0	0	0	126	0	0	0	0	92	0	0	0	0	0	0	0	0	27	0	0	0	0	0	0	0	0	360	0	0	0	0	0	0	0	0	0.000541	0.0	0.0	0.0	0.005247	0.0	0.0	0.0	0.0	0.093406	0.0	0.0	0.0	0.906594	0.0	0.0	0.0	0.0	
210	1234	3597.733304718	3927.139	3927.139	0.103172	6.2e-5	1022	0	0	0	208	0	0	0	0	1.0e-6	0.0	0.0	0.0	0.082779	0.0	0.0	0.0	0.0	1.25566	0.0	0.0	0.0	3477.96	0.0	0.0	0.0	0.0	0.001229	0.0	0.0	0.0	16.721	0.0	0.0	0.0	0.0	5	0	0	0	58	0	0	0	0	58	0	0	0	23	0	0	0	0	479	0	0	0	127	0	0	0	0	92	0	0	0	0	0	0	0	0	27	0	0	0	0	0	0	0	0	361	0	0	0	0	0	0	0	0	0.000487	0.0	0.0	0.0	0.004951	0.0	0.0	0.0	0.0	0.089552	0.0	0.0	0.0	0.910448	0.0	0.0	0.0	0.0	
211	1235	3619.232491357	3927.139	3927.139	0.09858	3.9e-5	1022	0	0	0	209	0	0	0	0	1.0e-6	0.0	0.0	0.0	0.078233	0.0	0.0	0.0	0.0	1.25566	0.0	0.0	0.0	3499.46	0.0	0.0	0.0	0.0	0.001229	0.0	0.0	0.0	16.7438	0.0	0.0	0.0	0.0	5	0	0	0	58	0	0	0	0	58	0	0	0	23	0	0	0	0	479	0	0	0	128	0	0	0	0	92	0	0	0	0	0	0	0	0	27	0	0	0	0	0	0	0	0	361	0	0	0	0	0	0	0	0	0.000487	0.0	0.0	0.0	0.004672	0.0	0.0	0.0	0.0	0.094382	0.0	0.0	0.0	0.905618	0.0	0.0	0.0	0.0	
212	1236	3631.205570195	3927.139	3927.139	0.094585	2.6e-5	1022	0	0	0	210	0	0	0	0	1.0e-6	0.0	0.0	0.0	0.073914	0.0	0.0	0.0	0.0	1.25566	0.0	0.0	0.0	3511.43	0.0	0.0	0.0	0.0	0.001229	0.0	0.0	0.0	16.7211	0.0	0.0	0.0	0.0	5	0	0	0	58	0	0	0	0	58	0	0	0	23	0	0	0	0	479	0	0	0	129	0	0	0	0	92	0	0	0	0	0	0	0	0	27	0	0	0	0	0	0	0	0	361	0	0	0	0	0	0	0	0	0.000487	0.0	0.0	0.0	0.00442	0.0	0.0	0.0	0.0	0.099228	0.0	0.0	0.0	0.900772	0.0	0.0	0.0	0.0	
213	1238	3644.058148068	3927.139	3927.139	0.092431	2.0e-5	1023	0	0	0	211	0	0	0	0	1.0e-6	0.0	0.0	0.0	0.069851	0.0	0.0	0.0	0.0	1.2559	0.0	0.0	0.0	3524.29	0.0	0.0	0.0	0.0	0.001228	0.0	0.0	0.0	16.7028	0.0	0.0	0.0	0.0	5	0	0	0	58	0	0	0	0	58	0	0	0	23	0	0	0	0	479	0	0	0	130	0	0	0	0	92	0	0	0	0	0	0	0	0	27	0	0	0	0	0	0	0	0	362	0	0	0	0	0	0	0	0	0.000439	0.0	0.0	0.0	0.004182	0.0	0.0	0.0	0.0	0.094922	0.0	0.0	0.0	0.905078	0.0	0.0	0.0	0.0	
214	1239	3664.418317125	3915.278	3915.278	0.090173	1.5e-5	1023	0	0	0	212	0	0	0	0	1.0e-6	0.0	0.0	0.0	0.121236	0.0	0.0	0.0	0.0	1.2559	0.0	0.0	0.0	3544.65	0.0	0.0	0.0	0.0	0.001228	0.0	0.0	0.0	16.72	0.0	0.0	0.0	0.0	5	0	0	0	59	0	0	0	0	58	0	0	0	23	0	0	0	0	479	0	0	0	130	0	0	0	0	92	0	0	0	0	0	0	0	0	27	0	0	0	0	0	0	0	0	362	0	0	0	0	0	0	0	0	0.000439	0.0	0.0	0.0	0.007251	0.0	0.0	0.0	0.0	0.057038	0.0	0.0	0.0	0.942962	0.0	0.0	0.0	0.0	
215	1240	3669.673308179	3915.278	3915.278	0.086709	1.0e-5	1023	0	0	0	213	0	0	0	0	1.0e-6	0.0	0.0	0.0	0.114808	0.0	0.0	0.0	0.0	1.2559	0.0	0.0	0.0	3549.9	0.0	0.0	0.0	0.0	0.001228	0.0	0.0	0.0	16.6662	0.0	0.0	0.0	0.0	5	0	0	0	59	0	0	0	0	58	0	0	0	23	0	0	0	0	479	0	0	0	131	0	0	0	0	92	0	0	0	0	0	0	0	0	27	0	0	0	0	0	0	0	0	362	0	0	0	0	0	0	0	0	0.000439	0.0	0.0	0.0	0.006889	0.0	0.0	0.0	0.0	0.059858	0.0	0.0	0.0	0.940142	0.0	0.0	0.0	0.0	
216	1241	3678.923725916	3914.278	3914.278	0.085837	9.0e-6	1023	0	0	0	214	0	0	0	0	1.0e-6	0.0	0.0	0.0	0.161885	0.0	0.0	0.0	0.0	1.2559	0.0	0.0	0.0	3559.15	0.0	0.0	0.0	0.0	0.001228	0.0	0.0	0.0	16.6316	0.0	0.0	0.0	0.0	5	0	0	0	60	0	0	0	0	58	0	0	0	23	0	0	0	0	479	0	0	0	131	0	0	0	0	92	0	0	0	0	0	0	0	0	27	0	0	0	0	0	0	0	0	362	0	0	0	0	0	0	0	0	0.000439	0.0	0.0	0.0	0.009734	0.0	0.0	0.0	0.0	0.043117	0.0	0.0	0.0	0.956883	0.0	0.0	0.0	0.0	
217	1242	3729.161669587	3912.278	3912.278	0.084323	7.0e-6	1023	0	0	0	215	0	0	0	0	1.0e-6	0.0	0.0	0.0	0.205679	0.0	0.0	0.0	0.0	1.2559	0.0	0.0	0.0	3609.39	0.0	0.0	0.0	0.0	0.001228	0.0	0.0	0.0	16.7879	0.0	0.0	0.0	0.0	5	0	0	0	61	0	0	0	0	58	0	0	0	23	0	0	0	0	479	0	0	0	131	0	0	0	0	92	0	0	0	0	0	0	0	0	27	0	0	0	0	0	0	0	0	362	0	0	0	0	0	0	0	0	0.000439	0.0	0.0	0.0	0.012252	0.0	0.0	0.0	0.0	0.034562	0.0	0.0	0.0	0.965438	0.0	0.0	0.0	0.0	
218	1243	3733.268761508	3912.278	3912.278	0.076554	2.0e-6	1023	0	0	0	216	0	0	0	0	1.0e-6	0.0	0.0	0.0	0.195027	0.0	0.0	0.0	0.0	1.2559	0.0	0.0	0.0	3613.5	0.0	0.0	0.0	0.0	0.001228	0.0	0.0	0.0	16.7292	0.0	0.0	0.0	0.0	5	0	0	0	61	0	0	0	0	58	0	0	0	23	0	0	0	0	479	0	0	0	132	0	0	0	0	92	0	0	0	0	0	0	0	0	27	0	0	0	0	0	0	0	0	362	0	0	0	0	0	0	0	0	0.000439	0.0	0.0	0.0	0.011658	0.0	0.0	0.0	0.0	0.036258	0.0	0.0	0.0	0.963742	0.0	0.0	0.0	0.0	
219	1244	3737.52089056	3912.278	3912.278	0.075951	2.0e-6	1023	0	0	0	217	0	0	0	0	1.0e-6	0.0	0.0	0.0	0.184909	0.0	0.0	0.0	0.0	1.2559	0.0	0.0	0.0	3617.75	0.0	0.0	0.0	0.0	0.001228	0.0	0.0	0.0	16.6717	0.0	0.0	0.0	0.0	5	0	0	0	61	0	0	0	0	58	0	0	0	23	0	0	0	0	479	0	0	0	133	0	0	0	0	92	0	0	0	0	0	0	0	0	27	0	0	0	0	0	0	0	0	362	0	0	0	0	0	0	0	0	0.000439	0.0	0.0	0.0	0.011091	0.0	0.0	0.0	0.0	0.03804	0.0	0.0	0.0	0.96196	0.0	0.0	0.0	0.0	
220	1245	3742.528135336	3912.278	3912.278	0.075332	2.0e-6	1023	0	0	0	218	0	0	0	0	1.0e-6	0.0	0.0	0.0	0.175298	0.0	0.0	0.0	0.0	1.2559	0.0	0.0	0.0	3622.76	0.0	0.0	0.0	0.0	0.001228	0.0	0.0	0.0	16.6182	0.0	0.0	0.0	0.0	5	0	0	0	61	0	0	0	0	58	0	0	0	23	0	0	0	0	479	0	0	0	134	0	0	0	0	92	0	0	0	0	0	0	0	0	27	0	0	0	0	0	0	0	0	362	0	0	0	0	0	0	0	0	0.000439	0.0	0.0	0.0	0.010549	0.0	0.0	0.0	0.0	0.039919	0.0	0.0	0.0	0.960081	0.0	0.0	0.0	0.0	
221	1246	3745.184788707	3912.278	3912.278	0.07461	2.0e-6	1023	0	0	0	219	0	0	0	0	1.0e-6	0.0	0.0	0.0	0.166169	0.0	0.0	0.0	0.0	1.2559	0.0	0.0	0.0	3625.41	0.0	0.0	0.0	0.0	0.001228	0.0	0.0	0.0	16.5544	0.0	0.0	0.0	0.0	5	0	0	0	61	0	0	0	0	58	0	0	0	23	0	0	0	0	479	0	0	0	135	0	0	0	0	92	0	0	0	0	0	0	0	0	27	0	0	0	0	0	0	0	0	362	0	0	0	0	0	0	0	0	0.000439	0.0	0.0	0.0	0.010038	0.0	0.0	0.0	0.0	0.041866	0.0	0.0	0.0	0.958134	0.0	0.0	0.0	0.0	
222	1247	3753.251608198	3912.278	3912.278	0.07423	1.0e-6	1023	0	0	0	220	0	0	0	0	1.0e-6	0.0	0.0	0.0	0.157497	0.0	0.0	0.0	0.0	1.2559	0.0	0.0	0.0	3633.48	0.0	0.0	0.0	0.0	0.001228	0.0	0.0	0.0	16.5158	0.0	0.0	0.0	0.0	5	0	0	0	61	0	0	0	0	58	0	0	0	23	0	0	0	0	479	0	0	0	136	0	0	0	0	92	0	0	0	0	0	0	0	0	27	0	0	0	0	0	0	0	0	362	0	0	0	0	0	0	0	0	0.000439	0.0	0.0	0.0	0.009536	0.0	0.0	0.0	0.0	0.043971	0.0	0.0	0.0	0.956029	0.0	0.0	0.0	0.0	
223	1248	3763.872364519	3912.278	3912.278	0.073087	1.0e-6	1023	0	0	0	221	0	0	0	0	1.0e-6	0.0	0.0	0.0	0.14926	0.0	0.0	0.0	0.0	1.2559	0.0	0.0	0.0	3644.1	0.0	0.0	0.0	0.0	0.001228	0.0	0.0	0.0	16.4891	0.0	0.0	0.0	0.0	5	0	0	0	61	0	0	0	0	58	0	0	0	23	0	0	0	0	479	0	0	0	137	0	0	0	0	92	0	0	0	0	0	0	0	0	27	0	0	0	0	0	0	0	0	362	0	0	0	0	0	0	0	0	0.000439	0.0	0.0	0.0	0.009052	0.0	0.0	0.0	0.0	0.046214	0.0	0.0	0.0	0.953786	0.0	0.0	0.0	0.0	
224	1250	3776.452021681	3912.278	3912.278	0.071608	1.0e-6	1024	0	0	0	222	0	0	0	0	0.0	0.0	0.0	0.0	0.141471	0.0	0.0	0.0	0.0	1.25613	0.0	0.0	0.0	3656.68	0.0	0.0	0.0	0.0	0.001227	0.0	0.0	0.0	16.4715	0.0	0.0	0.0	0.0	5	0	0	0	61	0	0	0	0	58	0	0	0	23	0	0	0	0	479	0	0	0	138	0	0	0	0	92	0	0	0	0	0	0	0	0	27	0	0	0	0	0	0	0	0	363	0	0	0	0	0	0	0	0	0.000395	0.0	0.0	0.0	0.008589	0.0	0.0	0.0	0.0	0.043973	0.0	0.0	0.0	0.956027	0.0	0.0	0.0	0.0	
225	1251	3787.298706838	3912.278	3912.278	0.069896	1.0e-6	1024	0	0	0	223	0	0	0	0	0.0	0.0	0.0	0.0	0.134072	0.0	0.0	0.0	0.0	1.25613	0.0	0.0	0.0	3667.53	0.0	0.0	0.0	0.0	0.001227	0.0	0.0	0.0	16.4463	0.0	0.0	0.0	0.0	5	0	0	0	61	0	0	0	0	58	0	0	0	23	0	0	0	0	479	0	0	0	139	0	0	0	0	92	0	0	0	0	0	0	0	0	27	0	0	0	0	0	0	0	0	363	0	0	0	0	0	0	0	0	0.000395	0.0	0.0	0.0	0.008152	0.0	0.0	0.0	0.0	0.04622	0.0	0.0	0.0	0.95378	0.0	0.0	0.0	0.0	
226	1252	3801.26591914	3912.278	3912.278	0.068452	0.0	1024	0	0	0	224	0	0	0	0	0.0	0.0	0.0	0.0	0.127044	0.0	0.0	0.0	0.0	1.25613	0.0	0.0	0.0	3681.49	0.0	0.0	0.0	0.0	0.001227	0.0	0.0	0.0	16.4352	0.0	0.0	0.0	0.0	5	0	0	0	61	0	0	0	0	58	0	0	0	23	0	0	0	0	479	0	0	0	140	0	0	0	0	92	0	0	0	0	0	0	0	0	27	0	0	0	0	0	0	0	0	363	0	0	0	0	0	0	0	0	0.000395	0.0	0.0	0.0	0.00773	0.0	0.0	0.0	0.0	0.048622	0.0	0.0	0.0	0.951378	0.0	0.0	0.0	0.0	
227	1253	3812.341200515	3912.278	3912.278	0.066637	0.0	1024	0	0	0	225	0	0	0	0	0.0	0.0	0.0	0.0	0.120367	0.0	0.0	0.0	0.0	1.25613	0.0	0.0	0.0	3692.57	0.0	0.0	0.0	0.0	0.001227	0.0	0.0	0.0	16.4114	0.0	0.0	0.0	0.0	5	0	0	0	61	0	0	0	0	58	0	0	0	23	0	0	0	0	479	0	0	0	141	0	0	0	0	92	0	0	0	0	0	0	0	0	27	0	0	0	0	0	0	0	0	363	0	0	0	0	0	0	0	0	0.000395	0.0	0.0	0.0	0.007334	0.0	0.0	0.0	0.0	0.05111	0.0	0.0	0.0	0.94889	0.0	0.0	0.0	0.0	
228	1254	3824.490995368	3912.278	3912.278	0.065232	0.0	1024	0	0	0	226	0	0	0	0	0.0	0.0	0.0	0.0	0.114025	0.0	0.0	0.0	0.0	1.25613	0.0	0.0	0.0	3704.72	0.0	0.0	0.0	0.0	0.001227	0.0	0.0	0.0	16.3926	0.0	0.0	0.0	0.0	5	0	0	0	61	0	0	0	0	58	0	0	0	23	0	0	0	0	479	0	0	0	142	0	0	0	0	92	0	0	0	0	0	0	0	0	27	0	0	0	0	0	0	0	0	363	0	0	0	0	0	0	0	0	0.000395	0.0	0.0	0.0	0.006956	0.0	0.0	0.0	0.0	0.053742	0.0	0.0	0.0	0.946258	0.0	0.0	0.0	0.0	
229	1255	3830.469042244	3912.278	3912.278	0.063725	0.0	1024	0	0	0	227	0	0	0	0	0.0	0.0	0.0	0.0	0.108	0.0	0.0	0.0	0.0	1.25613	0.0	0.0	0.0	3710.7	0.0	0.0	0.0	0.0	0.001227	0.0	0.0	0.0	16.3467	0.0	0.0	0.0	0.0	5	0	0	0	61	0	0	0	0	58	0	0	0	23	0	0	0	0	479	0	0	0	143	0	0	0	0	92	0	0	0	0	0	0	0	0	27	0	0	0	0	0	0	0	0	363	0	0	0	0	0	0	0	0	0.000395	0.0	0.0	0.0	0.006607	0.0	0.0	0.0	0.0	0.056421	0.0	0.0	0.0	0.943579	0.0	0.0	0.0	0.0	
230	1257	3836.936661939	3912.278	3912.278	0.062996	0.0	1025	0	0	0	228	0	0	0	0	0.0	0.0	0.0	0.0	0.102309	0.0	0.0	0.0	0.0	1.25636	0.0	0.0	0.0	3717.16	0.0	0.0	0.0	0.0	0.001226	0.0	0.0	0.0	16.3034	0.0	0.0	0.0	0.0	5	0	0	0	61	0	0	0	0	58	0	0	0	23	0	0	0	0	479	0	0	0	144	0	0	0	0	92	0	0	0	0	0	0	0	0	27	0	0	0	0	0	0	0	0	364	0	0	0	0	0	0	0	0	0.000356	0.0	0.0	0.0	0.006275	0.0	0.0	0.0	0.0	0.05366	0.0	0.0	0.0	0.94634	0.0	0.0	0.0	0.0	
231	1258	3848.813891866	3912.278	3912.278	0.062217	0.0	1025	0	0	0	229	0	0	0	0	0.0	0.0	0.0	0.0	0.096903	0.0	0.0	0.0	0.0	1.25636	0.0	0.0	0.0	3729.04	0.0	0.0	0.0	0.0	0.001226	0.0	0.0	0.0	16.284	0.0	0.0	0.0	0.0	5	0	0	0	61	0	0	0	0	58	0	0	0	23	0	0	0	0	479	0	0	0	145	0	0	0	0	92	0	0	0	0	0	0	0	0	27	0	0	0	0	0	0	0	0	364	0	0	0	0	0	0	0	0	0.000356	0.0	0.0	0.0	0.005951	0.0	0.0	0.0	0.0	0.056421	0.0	0.0	0.0	0.943579	0.0	0.0	0.0	0.0	
232	1259	3852.270305794	3912.278	3912.278	0.060812	0.0	1025	0	0	0	230	0	0	0	0	0.0	0.0	0.0	0.0	0.091768	0.0	0.0	0.0	0.0	1.25636	0.0	0.0	0.0	3732.5	0.0	0.0	0.0	0.0	0.001226	0.0	0.0	0.0	16.2283	0.0	0.0	0.0	0.0	5	0	0	0	61	0	0	0	0	58	0	0	0	23	0	0	0	0	479	0	0	0	146	0	0	0	0	92	0	0	0	0	0	0	0	0	27	0	0	0	0	0	0	0	0	364	0	0	0	0	0	0	0	0	0.000356	0.0	0.0	0.0	0.005655	0.0	0.0	0.0	0.0	0.059199	0.0	0.0	0.0	0.940801	0.0	0.0	0.0	0.0	
233	1260	3862.159611922	3912.278	3912.278	0.060409	0.0	1025	0	0	0	231	0	0	0	0	0.0	0.0	0.0	0.0	0.086891	0.0	0.0	0.0	0.0	1.25636	0.0	0.0	0.0	3742.39	0.0	0.0	0.0	0.0	0.001226	0.0	0.0	0.0	16.2008	0.0	0.0	0.0	0.0	5	0	0	0	61	0	0	0	0	58	0	0	0	23	0	0	0	0	479	0	0	0	147	0	0	0	0	92	0	0	0	0	0	0	0	0	27	0	0	0	0	0	0	0	0	364	0	0	0	0	0	0	0	0	0.000356	0.0	0.0	0.0	0.005363	0.0	0.0	0.0	0.0	0.062216	0.0	0.0	0.0	0.937784	0.0	0.0	0.0	0.0	
234	1261	3869.955117325	3912.278	3912.278	0.05927	0.0	1025	0	0	0	232	0	0	0	0	0.0	0.0	0.0	0.0	0.082258	0.0	0.0	0.0	0.0	1.25636	0.0	0.0	0.0	3750.18	0.0	0.0	0.0	0.0	0.001226	0.0	0.0	0.0	16.1646	0.0	0.0	0.0	0.0	5	0	0	0	61	0	0	0	0	58	0	0	0	23	0	0	0	0	479	0	0	0	148	0	0	0	0	92	0	0	0	0	0	0	0	0	27	0	0	0	0	0	0	0	0	364	0	0	0	0	0	0	0	0	0.000356	0.0	0.0	0.0	0.005089	0.0	0.0	0.0	0.0	0.065354	0.0	0.0	0.0	0.934646	0.0	0.0	0.0	0.0	
235	1262	3876.005559093	3912.278	3912.278	0.058388	0.0	1025	0	0	0	233	0	0	0	0	0.0	0.0	0.0	0.0	0.077858	0.0	0.0	0.0	0.0	1.25636	0.0	0.0	0.0	3756.23	0.0	0.0	0.0	0.0	0.001226	0.0	0.0	0.0	16.1212	0.0	0.0	0.0	0.0	5	0	0	0	61	0	0	0	0	58	0	0	0	23	0	0	0	0	479	0	0	0	149	0	0	0	0	92	0	0	0	0	0	0	0	0	27	0	0	0	0	0	0	0	0	364	0	0	0	0	0	0	0	0	0.000356	0.0	0.0	0.0	0.00483	0.0	0.0	0.0	0.0	0.068621	0.0	0.0	0.0	0.931379	0.0	0.0	0.0	0.0	
236	1263	3880.085192946	3912.278	3912.278	0.057712	0.0	1025	0	0	0	234	0	0	0	0	0.0	0.0	0.0	0.0	0.073678	0.0	0.0	0.0	0.0	1.25636	0.0	0.0	0.0	3760.31	0.0	0.0	0.0	0.0	0.001226	0.0	0.0	0.0	16.0697	0.0	0.0	0.0	0.0	5	0	0	0	61	0	0	0	0	58	0	0	0	23	0	0	0	0	479	0	0	0	150	0	0	0	0	92	0	0	0	0	0	0	0	0	27	0	0	0	0	0	0	0	0	364	0	0	0	0	0	0	0	0	0.000356	0.0	0.0	0.0	0.004585	0.0	0.0	0.0	0.0	0.072019	0.0	0.0	0.0	0.927981	0.0	0.0	0.0	0.0	
237	1264	3892.461750884	3912.278	3912.278	0.057261	0.0	1025	0	0	0	235	0	0	0	0	0.0	0.0	0.0	0.0	0.069708	0.0	0.0	0.0	0.0	1.25636	0.0	0.0	0.0	3772.69	0.0	0.0	0.0	0.0	0.001226	0.0	0.0	0.0	16.054	0.0	0.0	0.0	0.0	5	0	0	0	61	0	0	0	0	58	0	0	0	23	0	0	0	0	479	0	0	0	151	0	0	0	0	92	0	0	0	0	0	0	0	0	27	0	0	0	0	0	0	0	0	364	0	0	0	0	0	0	0	0	0.000356	0.0	0.0	0.0	0.004342	0.0	0.0	0.0	0.0	0.075741	0.0	0.0	0.0	0.924259	0.0	0.0	0.0	0.0	
238	1265	3898.718377054	3912.278	3912.278	0.055913	0.0	1025	0	0	0	236	0	0	0	0	0.0	0.0	0.0	0.0	0.065937	0.0	0.0	0.0	0.0	1.25636	0.0	0.0	0.0	3778.95	0.0	0.0	0.0	0.0	0.001226	0.0	0.0	0.0	16.0125	0.0	0.0	0.0	0.0	5	0	0	0	61	0	0	0	0	58	0	0	0	23	0	0	0	0	479	0	0	0	152	0	0	0	0	92	0	0	0	0	0	0	0	0	27	0	0	0	0	0	0	0	0	364	0	0	0	0	0	0	0	0	0.000356	0.0	0.0	0.0	0.004118	0.0	0.0	0.0	0.0	0.079538	0.0	0.0	0.0	0.920462	0.0	0.0	0.0	0.0	
239	1266	3908.827577716	3912.278	3912.278	0.055244	0.0	1025	0	0	0	237	0	0	0	0	0.0	0.0	0.0	0.0	0.062356	0.0	0.0	0.0	0.0	1.25636	0.0	0.0	0.0	3789.06	0.0	0.0	0.0	0.0	0.001226	0.0	0.0	0.0	15.9876	0.0	0.0	0.0	0.0	5	0	0	0	61	0	0	0	0	58	0	0	0	23	0	0	0	0	479	0	0	0	153	0	0	0	0	92	0	0	0	0	0	0	0	0	27	0	0	0	0	0	0	0	0	364	0	0	0	0	0	0	0	0	0.000356	0.0	0.0	0.0	0.0039	0.0	0.0	0.0	0.0	0.083604	0.0	0.0	0.0	0.916396	0.0	0.0	0.0	0.0	
240	1267	3919.164995989	3912.278	3912.278	0.05418	0.0	1025	0	0	0	238	0	0	0	0	0.0	0.0	0.0	0.0	0.058953	0.0	0.0	0.0	0.0	1.25636	0.0	0.0	0.0	3799.39	0.0	0.0	0.0	0.0	0.001226	0.0	0.0	0.0	15.9638	0.0	0.0	0.0	0.0	5	0	0	0	61	0	0	0	0	58	0	0	0	23	0	0	0	0	479	0	0	0	154	0	0	0	0	92	0	0	0	0	0	0	0	0	27	0	0	0	0	0	0	0	0	364	0	0	0	0	0	0	0	0	0.000356	0.0	0.0	0.0	0.003693	0.0	0.0	0.0	0.0	0.087885	0.0	0.0	0.0	0.912115	0.0	0.0	0.0	0.0	
241	1268	3928.20744103	3912.278	3912.278	0.053113	0.0	1025	0	0	0	239	0	0	0	0	0.0	0.0	0.0	0.0	0.055722	0.0	0.0	0.0	0.0	1.25636	0.0	0.0	0.0	3808.44	0.0	0.0	0.0	0.0	0.001226	0.0	0.0	0.0	15.9349	0.0	0.0	0.0	0.0	5	0	0	0	61	0	0	0	0	58	0	0	0	23	0	0	0	0	479	0	0	0	155	0	0	0	0	92	0	0	0	0	0	0	0	0	27	0	0	0	0	0	0	0	0	364	0	0	0	0	0	0	0	0	0.000356	0.0	0.0	0.0	0.003497	0.0	0.0	0.0	0.0	0.092359	0.0	0.0	0.0	0.907641	0.0	0.0	0.0	0.0	
242	1269	3941.493805416	3912.278	3912.278	0.052197	0.0	1025	0	0	0	240	0	0	0	0	0.0	0.0	0.0	0.0	0.052652	0.0	0.0	0.0	0.0	1.25636	0.0	0.0	0.0	3821.72	0.0	0.0	0.0	0.0	0.001226	0.0	0.0	0.0	15.9238	0.0	0.0	0.0	0.0	5	0	0	0	61	0	0	0	0	58	0	0	0	23	0	0	0	0	479	0	0	0	156	0	0	0	0	92	0	0	0	0	0	0	0	0	27	0	0	0	0	0	0	0	0	364	0	0	0	0	0	0	0	0	0.000356	0.0	0.0	0.0	0.003306	0.0	0.0	0.0	0.0	0.097159	0.0	0.0	0.0	0.902841	0.0	0.0	0.0	0.0	
243	1270	3948.641134039	3912.278	3912.278	0.05088	0.0	1025	0	0	0	241	0	0	0	0	0.0	0.0	0.0	0.0	0.049736	0.0	0.0	0.0	0.0	1.25636	0.0	0.0	0.0	3828.87	0.0	0.0	0.0	0.0	0.001226	0.0	0.0	0.0	15.8874	0.0	0.0	0.0	0.0	5	0	0	0	61	0	0	0	0	58	0	0	0	23	0	0	0	0	479	0	0	0	157	0	0	0	0	92	0	0	0	0	0	0	0	0	27	0	0	0	0	0	0	0	0	364	0	0	0	0	0	0	0	0	0.000356	0.0	0.0	0.0	0.003131	0.0	0.0	0.0	0.0	0.102062	0.0	0.0	0.0	0.897938	0.0	0.0	0.0	0.0	
244	1271	3955.078896324	3912.278	3912.278	0.050185	0.0	1025	0	0	0	242	0	0	0	0	0.0	0.0	0.0	0.0	0.046967	0.0	0.0	0.0	0.0	1.25636	0.0	0.0	0.0	3835.31	0.0	0.0	0.0	0.0	0.001226	0.0	0.0	0.0	15.8484	0.0	0.0	0.0	0.0	5	0	0	0	61	0	0	0	0	58	0	0	0	23	0	0	0	0	479	0	0	0	158	0	0	0	0	92	0	0	0	0	0	0	0	0	27	0	0	0	0	0	0	0	0	364	0	0	0	0	0	0	0	0	0.000356	0.0	0.0	0.0	0.002964	0.0	0.0	0.0	0.0	0.107198	0.0	0.0	0.0	0.892802	0.0	0.0	0.0	0.0	
245	1272	3964.511577191	3912.278	3912.278	0.049567	0.0	1025	0	0	0	243	0	0	0	0	0.0	0.0	0.0	0.0	0.044336	0.0	0.0	0.0	0.0	1.25636	0.0	0.0	0.0	3844.74	0.0	0.0	0.0	0.0	0.001226	0.0	0.0	0.0	15.822	0.0	0.0	0.0	0.0	5	0	0	0	61	0	0	0	0	58	0	0	0	23	0	0	0	0	479	0	0	0	159	0	0	0	0	92	0	0	0	0	0	0	0	0	27	0	0	0	0	0	0	0	0	364	0	0	0	0	0	0	0	0	0.000356	0.0	0.0	0.0	0.002802	0.0	0.0	0.0	0.0	0.112674	0.0	0.0	0.0	0.887326	0.0	0.0	0.0	0.0	
246	1273	3973.78996927	3912.278	3912.278	0.048676	0.0	1025	0	0	0	244	0	0	0	0	0.0	0.0	0.0	0.0	0.041838	0.0	0.0	0.0	0.0	1.25636	0.0	0.0	0.0	3854.02	0.0	0.0	0.0	0.0	0.001226	0.0	0.0	0.0	15.7952	0.0	0.0	0.0	0.0	5	0	0	0	61	0	0	0	0	58	0	0	0	23	0	0	0	0	479	0	0	0	160	0	0	0	0	92	0	0	0	0	0	0	0	0	27	0	0	0	0	0	0	0	0	364	0	0	0	0	0	0	0	0	0.000356	0.0	0.0	0.0	0.002649	0.0	0.0	0.0	0.0	0.118427	0.0	0.0	0.0	0.881573	0.0	0.0	0.0	0.0	
247	1274	3978.378863585	3912.278	3912.278	0.047814	0.0	1025	0	0	0	245	0	0	0	0	0.0	0.0	0.0	0.0	0.039465	0.0	0.0	0.0	0.0	1.25636	0.0	0.0	0.0	3858.61	0.0	0.0	0.0	0.0	0.001226	0.0	0.0	0.0	15.7494	0.0	0.0	0.0	0.0	5	0	0	0	61	0	0	0	0	58	0	0	0	23	0	0	0	0	479	0	0	0	161	0	0	0	0	92	0	0	0	0	0	0	0	0	27	0	0	0	0	0	0	0	0	364	0	0	0	0	0	0	0	0	0.000356	0.0	0.0	0.0	0.002506	0.0	0.0	0.0	0.0	0.124343	0.0	0.0	0.0	0.875657	0.0	0.0	0.0	0.0	
248	1275	3983.24234323	3912.278	3912.278	0.047394	0.0	1025	0	0	0	246	0	0	0	0	0.0	0.0	0.0	0.0	0.037212	0.0	0.0	0.0	0.0	1.25636	0.0	0.0	0.0	3863.47	0.0	0.0	0.0	0.0	0.001226	0.0	0.0	0.0	15.7052	0.0	0.0	0.0	0.0	5	0	0	0	61	0	0	0	0	58	0	0	0	23	0	0	0	0	479	0	0	0	162	0	0	0	0	92	0	0	0	0	0	0	0	0	27	0	0	0	0	0	0	0	0	364	0	0	0	0	0	0	0	0	0.000356	0.0	0.0	0.0	0.002369	0.0	0.0	0.0	0.0	0.130568	0.0	0.0	0.0	0.869432	0.0	0.0	0.0	0.0	
249	1276	3993.03539476	3912.278	3912.278	0.046953	0.0	1025	0	0	0	247	0	0	0	0	0.0	0.0	0.0	0.0	0.035072	0.0	0.0	0.0	0.0	1.25636	0.0	0.0	0.0	3873.26	0.0	0.0	0.0	0.0	0.001226	0.0	0.0	0.0	15.6812	0.0	0.0	0.0	0.0	5	0	0	0	61	0	0	0	0	58	0	0	0	23	0	0	0	0	479	0	0	0	163	0	0	0	0	92	0	0	0	0	0	0	0	0	27	0	0	0	0	0	0	0	0	364	0	0	0	0	0	0	0	0	0.000356	0.0	0.0	0.0	0.002237	0.0	0.0	0.0	0.0	0.137259	0.0	0.0	0.0	0.862741	0.0	0.0	0.0	0.0	
250	1277	4005.728772147	3912.278	3912.278	0.046076	0.0	1025	0	0	0	248	0	0	0	0	0.0	0.0	0.0	0.0	0.033039	0.0	0.0	0.0	0.0	1.25636	0.0	0.0	0.0	3885.96	0.0	0.0	0.0	0.0	0.001226	0.0	0.0	0.0	15.6692	0.0	0.0	0.0	0.0	5	0	0	0	61	0	0	0	0	58	0	0	0	23	0	0	0	0	479	0	0	0	164	0	0	0	0	92	0	0	0	0	0	0	0	0	27	0	0	0	0	0	0	0	0	364	0	0	0	0	0	0	0	0	0.000356	0.0	0.0	0.0	0.002109	0.0	0.0	0.0	0.0	0.144388	0.0	0.0	0.0	0.855612	0.0	0.0	0.0	0.0	
251	1278	4015.211205411	3912.278	3912.278	0.044965	0.0	1025	0	0	0	249	0	0	0	0	0.0	0.0	0.0	0.0	0.031108	0.0	0.0	0.0	0.0	1.25636	0.0	0.0	0.0	3895.44	0.0	0.0	0.0	0.0	0.001226	0.0	0.0	0.0	15.6443	0.0	0.0	0.0	0.0	5	0	0	0	61	0	0	0	0	58	0	0	0	23	0	0	0	0	479	0	0	0	165	0	0	0	0	92	0	0	0	0	0	0	0	0	27	0	0	0	0	0	0	0	0	364	0	0	0	0	0	0	0	0	0.000356	0.0	0.0	0.0	0.001988	0.0	0.0	0.0	0.0	0.151783	0.0	0.0	0.0	0.848217	0.0	0.0	0.0	0.0	
252	1280	4023.062489994	3912.278	3912.278	0.044152	0.0	1026	0	0	0	250	0	0	0	0	0.0	0.0	0.0	0.0	0.029302	0.0	0.0	0.0	0.0	1.25661	0.0	0.0	0.0	3903.29	0.0	0.0	0.0	0.0	0.001225	0.0	0.0	0.0	15.6132	0.0	0.0	0.0	0.0	5	0	0	0	61	0	0	0	0	58	0	0	0	23	0	0	0	0	479	0	0	0	166	0	0	0	0	92	0	0	0	0	0	0	0	0	27	0	0	0	0	0	0	0	0	365	0	0	0	0	0	0	0	0	0.00032	0.0	0.0	0.0	0.001877	0.0	0.0	0.0	0.0	0.14586	0.0	0.0	0.0	0.85414	0.0	0.0	0.0	0.0	
253	1281	4028.545410094	3912.278	3912.278	0.04349	0.0	1026	0	0	0	251	0	0	0	0	0.0	0.0	0.0	0.0	0.027587	0.0	0.0	0.0	0.0	1.25661	0.0	0.0	0.0	3908.77	0.0	0.0	0.0	0.0	0.001225	0.0	0.0	0.0	15.5728	0.0	0.0	0.0	0.0	5	0	0	0	61	0	0	0	0	58	0	0	0	23	0	0	0	0	479	0	0	0	167	0	0	0	0	92	0	0	0	0	0	0	0	0	27	0	0	0	0	0	0	0	0	365	0	0	0	0	0	0	0	0	0.00032	0.0	0.0	0.0	0.001771	0.0	0.0	0.0	0.0	0.153201	0.0	0.0	0.0	0.846799	0.0	0.0	0.0	0.0	
254	1282	4041.951172429	3912.278	3912.278	0.043034	0.0	1026	0	0	0	252	0	0	0	0	0.0	0.0	0.0	0.0	0.025958	0.0	0.0	0.0	0.0	1.25661	0.0	0.0	0.0	3922.18	0.0	0.0	0.0	0.0	0.001225	0.0	0.0	0.0	15.5642	0.0	0.0	0.0	0.0	5	0	0	0	61	0	0	0	0	58	0	0	0	23	0	0	0	0	479	0	0	0	168	0	0	0	0	92	0	0	0	0	0	0	0	0	27	0	0	0	0	0	0	0	0	365	0	0	0	0	0	0	0	0	0.00032	0.0	0.0	0.0	0.001668	0.0	0.0	0.0	0.0	0.161189	0.0	0.0	0.0	0.838811	0.0	0.0	0.0	0.0	
255	1284	4055.07877987	3912.278	3912.278	0.041938	0.0	1027	0	0	0	253	0	0	0	0	0.0	0.0	0.0	0.0	0.024436	0.0	0.0	0.0	0.0	1.25682	0.0	0.0	0.0	3935.31	0.0	0.0	0.0	0.0	0.001224	0.0	0.0	0.0	15.5546	0.0	0.0	0.0	0.0	5	0	0	0	61	0	0	0	0	58	0	0	0	23	0	0	0	0	479	0	0	0	169	0	0	0	0	92	0	0	0	0	0	0	0	0	27	0	0	0	0	0	0	0	0	366	0	0	0	0	0	0	0	0	0.000289	0.0	0.0	0.0	0.001571	0.0	0.0	0.0	0.0	0.155233	0.0	0.0	0.0	0.844767	0.0	0.0	0.0	0.0	
256	1287	4073.3468715	3912.278	3912.278	0.040892	0.0	1029	0	0	0	254	0	0	0	0	0.0	0.0	0.0	0.0	0.023032	0.0	0.0	0.0	0.0	1.25741	0.0	0.0	0.0	3953.57	0.0	0.0	0.0	0.0	0.001222	0.0	0.0	0.0	15.5652	0.0	0.0	0.0	0.0	5	0	0	0	61	0	0	0	0	58	0	0	0	23	0	0	0	0	479	0	0	0	170	0	0	0	0	93	0	0	0	0	0	0	0	0	27	0	0	0	0	0	0	0	0	367	0	0	0	0	0	0	0	0	0.000234	0.0	0.0	0.0	0.00148	0.0	0.0	0.0	0.0	0.136635	0.0	0.0	0.0	0.863365	0.0	0.0	0.0	0.0	
257	1288	4084.926708459	3912.278	3912.278	0.03948	0.0	1029	0	0	0	255	0	0	0	0	0.0	0.0	0.0	0.0	0.021698	0.0	0.0	0.0	0.0	1.25741	0.0	0.0	0.0	3965.15	0.0	0.0	0.0	0.0	0.001222	0.0	0.0	0.0	15.5496	0.0	0.0	0.0	0.0	5	0	0	0	61	0	0	0	0	58	0	0	0	23	0	0	0	0	479	0	0	0	171	0	0	0	0	93	0	0	0	0	0	0	0	0	27	0	0	0	0	0	0	0	0	367	0	0	0	0	0	0	0	0	0.000234	0.0	0.0	0.0	0.001395	0.0	0.0	0.0	0.0	0.143702	0.0	0.0	0.0	0.856298	0.0	0.0	0.0	0.0	
258	1289	4088.648434108	3912.278	3912.278	0.03861	0.0	1029	0	0	0	256	0	0	0	0	0.0	0.0	0.0	0.0	0.020431	0.0	0.0	0.0	0.0	1.25741	0.0	0.0	0.0	3968.87	0.0	0.0	0.0	0.0	0.001222	0.0	0.0	0.0	15.5034	0.0	0.0	0.0	0.0	5	0	0	0	61	0	0	0	0	58	0	0	0	23	0	0	0	0	479	0	0	0	172	0	0	0	0	93	0	0	0	0	0	0	0	0	27	0	0	0	0	0	0	0	0	367	0	0	0	0	0	0	0	0	0.000234	0.0	0.0	0.0	0.001318	0.0	0.0	0.0	0.0	0.150884	0.0	0.0	0.0	0.849116	0.0	0.0	0.0	0.0	
259	1290	4093.983103828	3912.278	3912.278	0.038334	0.0	1029	0	0	0	257	0	0	0	0	0.0	0.0	0.0	0.0	0.019228	0.0	0.0	0.0	0.0	1.25741	0.0	0.0	0.0	3974.21	0.0	0.0	0.0	0.0	0.001222	0.0	0.0	0.0	15.4638	0.0	0.0	0.0	0.0	5	0	0	0	61	0	0	0	0	58	0	0	0	23	0	0	0	0	479	0	0	0	173	0	0	0	0	93	0	0	0	0	0	0	0	0	27	0	0	0	0	0	0	0	0	367	0	0	0	0	0	0	0	0	0.000234	0.0	0.0	0.0	0.001243	0.0	0.0	0.0	0.0	0.158484	0.0	0.0	0.0	0.841516	0.0	0.0	0.0	0.0	
260	1292	4106.561847659	3912.278	3912.278	0.037943	0.0	1030	0	0	0	258	0	0	0	0	0.0	0.0	0.0	0.0	0.018103	0.0	0.0	0.0	0.0	1.25763	0.0	0.0	0.0	3986.79	0.0	0.0	0.0	0.0	0.001221	0.0	0.0	0.0	15.4527	0.0	0.0	0.0	0.0	5	0	0	0	61	0	0	0	0	58	0	0	0	23	0	0	0	0	479	0	0	0	174	0	0	0	0	93	0	0	0	0	0	0	0	0	27	0	0	0	0	0	0	0	0	368	0	0	0	0	0	0	0	0	0.000211	0.0	0.0	0.0	0.001172	0.0	0.0	0.0	0.0	0.152572	0.0	0.0	0.0	0.847428	0.0	0.0	0.0	0.0	
261	1293	4114.483498574	3912.278	3912.278	0.037035	0.0	1030	0	0	0	259	0	0	0	0	0.0	0.0	0.0	0.0	0.017035	0.0	0.0	0.0	0.0	1.25763	0.0	0.0	0.0	3994.71	0.0	0.0	0.0	0.0	0.001221	0.0	0.0	0.0	15.4236	0.0	0.0	0.0	0.0	5	0	0	0	61	0	0	0	0	58	0	0	0	23	0	0	0	0	479	0	0	0	175	0	0	0	0	93	0	0	0	0	0	0	0	0	27	0	0	0	0	0	0	0	0	368	0	0	0	0	0	0	0	0	0.000211	0.0	0.0	0.0	0.001104	0.0	0.0	0.0	0.0	0.160348	0.0	0.0	0.0	0.839652	0.0	0.0	0.0	0.0	
262	1294	4121.658966855	3912.278	3912.278	0.036475	0.0	1030	0	0	0	260	0	0	0	0	0.0	0.0	0.0	0.0	0.016021	0.0	0.0	0.0	0.0	1.25763	0.0	0.0	0.0	4001.88	0.0	0.0	0.0	0.0	0.001221	0.0	0.0	0.0	15.3919	0.0	0.0	0.0	0.0	5	0	0	0	61	0	0	0	0	58	0	0	0	23	0	0	0	0	479	0	0	0	176	0	0	0	0	93	0	0	0	0	0	0	0	0	27	0	0	0	0	0	0	0	0	368	0	0	0	0	0	0	0	0	0.000211	0.0	0.0	0.0	0.001041	0.0	0.0	0.0	0.0	0.168499	0.0	0.0	0.0	0.831501	0.0	0.0	0.0	0.0	
263	1295	4130.382396039	3912.278	3912.278	0.035975	0.0	1030	0	0	0	261	0	0	0	0	0.0	0.0	0.0	0.0	0.015057	0.0	0.0	0.0	0.0	1.25763	0.0	0.0	0.0	4010.61	0.0	0.0	0.0	0.0	0.001221	0.0	0.0	0.0	15.3663	0.0	0.0	0.0	0.0	5	0	0	0	61	0	0	0	0	58	0	0	0	23	0	0	0	0	479	0	0	0	177	0	0	0	0	93	0	0	0	0	0	0	0	0	27	0	0	0	0	0	0	0	0	368	0	0	0	0	0	0	0	0	0.000211	0.0	0.0	0.0	0.00098	0.0	0.0	0.0	0.0	0.177125	0.0	0.0	0.0	0.822875	0.0	0.0	0.0	0.0	
264	1296	4135.493543904	3912.278	3912.278	0.035376	0.0	1030	0	0	0	262	0	0	0	0	0.0	0.0	0.0	0.0	0.014142	0.0	0.0	0.0	0.0	1.25763	0.0	0.0	0.0	4015.72	0.0	0.0	0.0	0.0	0.001221	0.0	0.0	0.0	15.3272	0.0	0.0	0.0	0.0	5	0	0	0	61	0	0	0	0	58	0	0	0	23	0	0	0	0	479	0	0	0	178	0	0	0	0	93	0	0	0	0	0	0	0	0	27	0	0	0	0	0	0	0	0	368	0	0	0	0	0	0	0	0	0.000211	0.0	0.0	0.0	0.000923	0.0	0.0	0.0	0.0	0.18606	0.0	0.0	0.0	0.81394	0.0	0.0	0.0	0.0	
265	1298	4139.645585584	3912.278	3912.278	0.03503	0.0	1031	0	0	0	263	0	0	0	0	0.0	0.0	0.0	0.0	0.013289	0.0	0.0	0.0	0.0	1.25802	0.0	0.0	0.0	4019.87	0.0	0.0	0.0	0.0	0.00122	0.0	0.0	0.0	15.2847	0.0	0.0	0.0	0.0	5	0	0	0	61	0	0	0	0	58	0	0	0	23	0	0	0	0	480	0	0	0	179	0	0	0	0	93	0	0	0	0	0	0	0	0	27	0	0	0	0	0	0	0	0	368	0	0	0	0	0	0	0	0	0.000191	0.0	0.0	0.0	0.000869	0.0	0.0	0.0	0.0	0.17994	0.0	0.0	0.0	0.82006	0.0	0.0	0.0	0.0	
266	1299	4147.062277336	3912.278	3912.278	0.034752	0.0	1031	0	0	0	264	0	0	0	0	0.0	0.0	0.0	0.0	0.012479	0.0	0.0	0.0	0.0	1.25802	0.0	0.0	0.0	4027.29	0.0	0.0	0.0	0.0	0.00122	0.0	0.0	0.0	15.2549	0.0	0.0	0.0	0.0	5	0	0	0	61	0	0	0	0	58	0	0	0	23	0	0	0	0	480	0	0	0	180	0	0	0	0	93	0	0	0	0	0	0	0	0	27	0	0	0	0	0	0	0	0	368	0	0	0	0	0	0	0	0	0.000191	0.0	0.0	0.0	0.000818	0.0	0.0	0.0	0.0	0.189111	0.0	0.0	0.0	0.810889	0.0	0.0	0.0	0.0	
267	1300	4159.861875027	3912.278	3912.278	0.034259	0.0	1031	0	0	0	265	0	0	0	0	0.0	0.0	0.0	0.0	0.011709	0.0	0.0	0.0	0.0	1.25802	0.0	0.0	0.0	4040.09	0.0	0.0	0.0	0.0	0.00122	0.0	0.0	0.0	15.2456	0.0	0.0	0.0	0.0	5	0	0	0	61	0	0	0	0	58	0	0	0	23	0	0	0	0	480	0	0	0	181	0	0	0	0	93	0	0	0	0	0	0	0	0	27	0	0	0	0	0	0	0	0	368	0	0	0	0	0	0	0	0	0.000191	0.0	0.0	0.0	0.000768	0.0	0.0	0.0	0.0	0.198967	0.0	0.0	0.0	0.801033	0.0	0.0	0.0	0.0	
268	1301	4182.210876657	3912.278	3912.278	0.033426	0.0	1031	0	0	0	266	0	0	0	0	0.0	0.0	0.0	0.0	0.010978	0.0	0.0	0.0	0.0	1.25802	0.0	0.0	0.0	4062.44	0.0	0.0	0.0	0.0	0.00122	0.0	0.0	0.0	15.2723	0.0	0.0	0.0	0.0	5	0	0	0	61	0	0	0	0	58	0	0	0	23	0	0	0	0	480	0	0	0	182	0	0	0	0	93	0	0	0	0	0	0	0	0	27	0	0	0	0	0	0	0	0	368	0	0	0	0	0	0	0	0	0.000191	0.0	0.0	0.0	0.000719	0.0	0.0	0.0	0.0	0.209729	0.0	0.0	0.0	0.790271	0.0	0.0	0.0	0.0	
269	1302	4189.614977901	3912.278	3912.278	0.032019	0.0	1031	0	0	0	267	0	0	0	0	0.0	0.0	0.0	0.0	0.010284	0.0	0.0	0.0	0.0	1.25802	0.0	0.0	0.0	4069.84	0.0	0.0	0.0	0.0	0.00122	0.0	0.0	0.0	15.2428	0.0	0.0	0.0	0.0	5	0	0	0	61	0	0	0	0	58	0	0	0	23	0	0	0	0	480	0	0	0	183	0	0	0	0	93	0	0	0	0	0	0	0	0	27	0	0	0	0	0	0	0	0	368	0	0	0	0	0	0	0	0	0.000191	0.0	0.0	0.0	0.000675	0.0	0.0	0.0	0.0	0.220435	0.0	0.0	0.0	0.779565	0.0	0.0	0.0	0.0	
270	1303	4195.245125746	3912.278	3912.278	0.031566	0.0	1031	0	0	0	268	0	0	0	0	0.0	0.0	0.0	0.0	0.009624	0.0	0.0	0.0	0.0	1.25802	0.0	0.0	0.0	4075.47	0.0	0.0	0.0	0.0	0.00122	0.0	0.0	0.0	15.207	0.0	0.0	0.0	0.0	5	0	0	0	61	0	0	0	0	58	0	0	0	23	0	0	0	0	480	0	0	0	184	0	0	0	0	93	0	0	0	0	0	0	0	0	27	0	0	0	0	0	0	0	0	368	0	0	0	0	0	0	0	0	0.000191	0.0	0.0	0.0	0.000633	0.0	0.0	0.0	0.0	0.231618	0.0	0.0	0.0	0.768382	0.0	0.0	0.0	0.0	
271	1304	4209.335197458	3912.278	3912.278	0.031226	0.0	1031	0	0	0	269	0	0	0	0	0.0	0.0	0.0	0.0	0.008998	0.0	0.0	0.0	0.0	1.25802	0.0	0.0	0.0	4089.56	0.0	0.0	0.0	0.0	0.00122	0.0	0.0	0.0	15.2028	0.0	0.0	0.0	0.0	5	0	0	0	61	0	0	0	0	58	0	0	0	23	0	0	0	0	480	0	0	0	185	0	0	0	0	93	0	0	0	0	0	0	0	0	27	0	0	0	0	0	0	0	0	368	0	0	0	0	0	0	0	0	0.000191	0.0	0.0	0.0	0.000592	0.0	0.0	0.0	0.0	0.243758	0.0	0.0	0.0	0.756242	0.0	0.0	0.0	0.0	
272	1305	4212.624988301	3912.278	3912.278	0.030391	0.0	1031	0	0	0	270	0	0	0	0	0.0	0.0	0.0	0.0	0.008403	0.0	0.0	0.0	0.0	1.25802	0.0	0.0	0.0	4092.85	0.0	0.0	0.0	0.0	0.00122	0.0	0.0	0.0	15.1587	0.0	0.0	0.0	0.0	5	0	0	0	61	0	0	0	0	58	0	0	0	23	0	0	0	0	480	0	0	0	186	0	0	0	0	93	0	0	0	0	0	0	0	0	27	0	0	0	0	0	0	0	0	368	0	0	0	0	0	0	0	0	0.000191	0.0	0.0	0.0	0.000554	0.0	0.0	0.0	0.0	0.256033	0.0	0.0	0.0	0.743967	0.0	0.0	0.0	0.0	
273	1306	4214.990273012	3912.278	3912.278	0.030199	0.0	1031	0	0	0	271	0	0	0	0	0.0	0.0	0.0	0.0	0.007838	0.0	0.0	0.0	0.0	1.25802	0.0	0.0	0.0	4095.22	0.0	0.0	0.0	0.0	0.00122	0.0	0.0	0.0	15.1115	0.0	0.0	0.0	0.0	5	0	0	0	61	0	0	0	0	58	0	0	0	23	0	0	0	0	480	0	0	0	187	0	0	0	0	93	0	0	0	0	0	0	0	0	27	0	0	0	0	0	0	0	0	368	0	0	0	0	0	0	0	0	0.000191	0.0	0.0	0.0	0.000519	0.0	0.0	0.0	0.0	0.268895	0.0	0.0	0.0	0.731105	0.0	0.0	0.0	0.0	
274	1307	4233.218398371	3912.278	3912.278	0.030062	0.0	1031	0	0	0	272	0	0	0	0	0.0	0.0	0.0	0.0	0.007302	0.0	0.0	0.0	0.0	1.25802	0.0	0.0	0.0	4113.44	0.0	0.0	0.0	0.0	0.00122	0.0	0.0	0.0	15.123	0.0	0.0	0.0	0.0	5	0	0	0	61	0	0	0	0	58	0	0	0	23	0	0	0	0	480	0	0	0	188	0	0	0	0	93	0	0	0	0	0	0	0	0	27	0	0	0	0	0	0	0	0	368	0	0	0	0	0	0	0	0	0.000191	0.0	0.0	0.0	0.000483	0.0	0.0	0.0	0.0	0.283201	0.0	0.0	0.0	0.716799	0.0	0.0	0.0	0.0	
275	1308	4239.789805084	3912.278	3912.278	0.029026	0.0	1031	0	0	0	273	0	0	0	0	0.0	0.0	0.0	0.0	0.006793	0.0	0.0	0.0	0.0	1.25802	0.0	0.0	0.0	4120.02	0.0	0.0	0.0	0.0	0.00122	0.0	0.0	0.0	15.0916	0.0	0.0	0.0	0.0	5	0	0	0	61	0	0	0	0	58	0	0	0	23	0	0	0	0	480	0	0	0	189	0	0	0	0	93	0	0	0	0	0	0	0	0	27	0	0	0	0	0	0	0	0	368	0	0	0	0	0	0	0	0	0.000191	0.0	0.0	0.0	0.00045	0.0	0.0	0.0	0.0	0.297673	0.0	0.0	0.0	0.702327	0.0	0.0	0.0	0.0	
276	1309	4243.716276259	3912.278	3912.278	0.028661	0.0	1031	0	0	0	274	0	0	0	0	0.0	0.0	0.0	0.0	0.006309	0.0	0.0	0.0	0.0	1.25802	0.0	0.0	0.0	4123.94	0.0	0.0	0.0	0.0	0.00122	0.0	0.0	0.0	15.0509	0.0	0.0	0.0	0.0	5	0	0	0	61	0	0	0	0	58	0	0	0	23	0	0	0	0	480	0	0	0	190	0	0	0	0	93	0	0	0	0	0	0	0	0	27	0	0	0	0	0	0	0	0	368	0	0	0	0	0	0	0	0	0.000191	0.0	0.0	0.0	0.000419	0.0	0.0	0.0	0.0	0.312758	0.0	0.0	0.0	0.687242	0.0	0.0	0.0	0.0	
277	1310	4248.362792102	3912.278	3912.278	0.028446	0.0	1031	0	0	0	275	0	0	0	0	0.0	0.0	0.0	0.0	0.00585	0.0	0.0	0.0	0.0	1.25802	0.0	0.0	0.0	4128.59	0.0	0.0	0.0	0.0	0.00122	0.0	0.0	0.0	15.013	0.0	0.0	0.0	0.0	5	0	0	0	61	0	0	0	0	58	0	0	0	23	0	0	0	0	480	0	0	0	191	0	0	0	0	93	0	0	0	0	0	0	0	0	27	0	0	0	0	0	0	0	0	368	0	0	0	0	0	0	0	0	0.000191	0.0	0.0	0.0	0.00039	0.0	0.0	0.0	0.0	0.328664	0.0	0.0	0.0	0.671336	0.0	0.0	0.0	0.0	
278	1312	4255.323930252	3912.278	3912.278	0.028192	0.0	1032	0	0	0	276	0	0	0	0	0.0	0.0	0.0	0.0	0.005428	0.0	0.0	0.0	0.0	1.25843	0.0	0.0	0.0	4135.55	0.0	0.0	0.0	0.0	0.001219	0.0	0.0	0.0	14.9839	0.0	0.0	0.0	0.0	5	0	0	0	61	0	0	0	0	58	0	0	0	23	0	0	0	0	481	0	0	0	192	0	0	0	0	93	0	0	0	0	0	0	0	0	27	0	0	0	0	0	0	0	0	368	0	0	0	0	0	0	0	0	0.000173	0.0	0.0	0.0	0.000362	0.0	0.0	0.0	0.0	0.322732	0.0	0.0	0.0	0.677268	0.0	0.0	0.0	0.0	
279	1314	4257.723466819	3912.278	3912.278	0.027817	0.0	1033	0	0	0	277	0	0	0	0	0.0	0.0	0.0	0.0	0.00504	0.0	0.0	0.0	0.0	1.25863	0.0	0.0	0.0	4137.95	0.0	0.0	0.0	0.0	0.001218	0.0	0.0	0.0	14.9384	0.0	0.0	0.0	0.0	5	0	0	0	61	0	0	0	0	58	0	0	0	23	0	0	0	0	481	0	0	0	193	0	0	0	0	93	0	0	0	0	0	0	0	0	27	0	0	0	0	0	0	0	0	369	0	0	0	0	0	0	0	0	0.000155	0.0	0.0	0.0	0.000337	0.0	0.0	0.0	0.0	0.315464	0.0	0.0	0.0	0.684536	0.0	0.0	0.0	0.0	
280	1317	4260.716183915	3912.278	3912.278	0.027689	0.0	1035	0	0	0	278	0	0	0	0	0.0	0.0	0.0	0.0	0.004694	0.0	0.0	0.0	0.0	1.25896	0.0	0.0	0.0	4140.94	0.0	0.0	0.0	0.0	0.001216	0.0	0.0	0.0	14.8955	0.0	0.0	0.0	0.0	5	0	0	0	61	0	0	0	0	58	0	0	0	23	0	0	0	0	481	0	0	0	194	0	0	0	0	93	0	0	0	0	0	0	0	0	27	0	0	0	0	0	0	0	0	371	0	0	0	0	0	0	0	0	0.000126	0.0	0.0	0.0	0.000315	0.0	0.0	0.0	0.0	0.285885	0.0	0.0	0.0	0.714115	0.0	0.0	0.0	0.0	
281	1318	4263.465178661	3912.278	3912.278	0.02753	0.0	1035	0	0	0	279	0	0	0	0	0.0	0.0	0.0	0.0	0.004365	0.0	0.0	0.0	0.0	1.25896	0.0	0.0	0.0	4143.69	0.0	0.0	0.0	0.0	0.001216	0.0	0.0	0.0	14.8519	0.0	0.0	0.0	0.0	5	0	0	0	61	0	0	0	0	58	0	0	0	23	0	0	0	0	481	0	0	0	195	0	0	0	0	93	0	0	0	0	0	0	0	0	27	0	0	0	0	0	0	0	0	371	0	0	0	0	0	0	0	0	0.000126	0.0	0.0	0.0	0.000294	0.0	0.0	0.0	0.0	0.300316	0.0	0.0	0.0	0.699684	0.0	0.0	0.0	0.0	
282	1319	4352.006635587	3912.278	3912.278	0.027385	0.0	1035	0	0	0	280	0	0	0	0	0.0	0.0	0.0	0.0	0.004053	0.0	0.0	0.0	0.0	1.25896	0.0	0.0	0.0	4232.23	0.0	0.0	0.0	0.0	0.001216	0.0	0.0	0.0	15.1151	0.0	0.0	0.0	0.0	5	0	0	0	61	0	0	0	0	58	0	0	0	23	0	0	0	0	481	0	0	0	196	0	0	0	0	93	0	0	0	0	0	0	0	0	27	0	0	0	0	0	0	0	0	371	0	0	0	0	0	0	0	0	0.000126	0.0	0.0	0.0	0.000268	0.0	0.0	0.0	0.0	0.319932	0.0	0.0	0.0	0.680068	0.0	0.0	0.0	0.0	
283	1320	4359.678116918	3912.278	3912.278	0.023096	0.0	1035	0	0	0	281	0	0	0	0	0.0	0.0	0.0	0.0	0.003755	0.0	0.0	0.0	0.0	1.25896	0.0	0.0	0.0	4239.9	0.0	0.0	0.0	0.0	0.001216	0.0	0.0	0.0	15.0886	0.0	0.0	0.0	0.0	5	0	0	0	61	0	0	0	0	58	0	0	0	23	0	0	0	0	481	0	0	0	197	0	0	0	0	93	0	0	0	0	0	0	0	0	27	0	0	0	0	0	0	0	0	371	0	0	0	0	0	0	0	0	0.000126	0.0	0.0	0.0	0.000249	0.0	0.0	0.0	0.0	0.336379	0.0	0.0	0.0	0.663621	0.0	0.0	0.0	0.0	
284	1321	4369.00145573	3912.278	3912.278	0.022757	0.0	1035	0	0	0	282	0	0	0	0	0.0	0.0	0.0	0.0	0.003472	0.0	0.0	0.0	0.0	1.25896	0.0	0.0	0.0	4249.23	0.0	0.0	0.0	0.0	0.001216	0.0	0.0	0.0	15.0682	0.0	0.0	0.0	0.0	5	0	0	0	61	0	0	0	0	58	0	0	0	23	0	0	0	0	481	0	0	0	198	0	0	0	0	93	0	0	0	0	0	0	0	0	27	0	0	0	0	0	0	0	0	371	0	0	0	0	0	0	0	0	0.000126	0.0	0.0	0.0	0.00023	0.0	0.0	0.0	0.0	0.353773	0.0	0.0	0.0	0.646227	0.0	0.0	0.0	0.0	
285	1324	4377.559193974	3912.278	3912.278	0.022352	0.0	1037	0	0	0	283	0	0	0	0	0.0	0.0	0.0	0.0	0.003221	0.0	0.0	0.0	0.0	1.25961	0.0	0.0	0.0	4257.78	0.0	0.0	0.0	0.0	0.001215	0.0	0.0	0.0	15.0452	0.0	0.0	0.0	0.0	5	0	0	0	61	0	0	0	0	58	0	0	0	23	0	0	0	0	482	0	0	0	199	0	0	0	0	93	0	0	0	0	0	0	0	0	27	0	0	0	0	0	0	0	0	372	0	0	0	0	0	0	0	0	0.000103	0.0	0.0	0.0	0.000214	0.0	0.0	0.0	0.0	0.324975	0.0	0.0	0.0	0.675025	0.0	0.0	0.0	0.0	
286	1325	4382.955170203	3912.278	3912.278	0.021988	0.0	1037	0	0	0	284	0	0	0	0	0.0	0.0	0.0	0.0	0.002983	0.0	0.0	0.0	0.0	1.25961	0.0	0.0	0.0	4263.18	0.0	0.0	0.0	0.0	0.001215	0.0	0.0	0.0	15.0112	0.0	0.0	0.0	0.0	5	0	0	0	61	0	0	0	0	58	0	0	0	23	0	0	0	0	482	0	0	0	200	0	0	0	0	93	0	0	0	0	0	0	0	0	27	0	0	0	0	0	0	0	0	372	0	0	0	0	0	0	0	0	0.000103	0.0	0.0	0.0	0.000199	0.0	0.0	0.0	0.0	0.34157	0.0	0.0	0.0	0.65843	0.0	0.0	0.0	0.0	
287	1327	4394.234669799	3912.278	3912.278	0.02176	0.0	1038	0	0	0	285	0	0	0	0	0.0	0.0	0.0	0.0	0.002764	0.0	0.0	0.0	0.0	1.2598	0.0	0.0	0.0	4274.46	0.0	0.0	0.0	0.0	0.001214	0.0	0.0	0.0	14.9981	0.0	0.0	0.0	0.0	5	0	0	0	61	0	0	0	0	58	0	0	0	23	0	0	0	0	482	0	0	0	201	0	0	0	0	93	0	0	0	0	0	0	0	0	27	0	0	0	0	0	0	0	0	373	0	0	0	0	0	0	0	0	9.3e-5	0.0	0.0	0.0	0.000184	0.0	0.0	0.0	0.0	0.335027	0.0	0.0	0.0	0.664973	0.0	0.0	0.0	0.0	
288	1328	4407.017139804	3912.278	3912.278	0.021293	0.0	1038	0	0	0	286	0	0	0	0	0.0	0.0	0.0	0.0	0.002556	0.0	0.0	0.0	0.0	1.2598	0.0	0.0	0.0	4287.24	0.0	0.0	0.0	0.0	0.001214	0.0	0.0	0.0	14.9904	0.0	0.0	0.0	0.0	5	0	0	0	61	0	0	0	0	58	0	0	0	23	0	0	0	0	482	0	0	0	202	0	0	0	0	93	0	0	0	0	0	0	0	0	27	0	0	0	0	0	0	0	0	373	0	0	0	0	0	0	0	0	9.3e-5	0.0	0.0	0.0	0.000171	0.0	0.0	0.0	0.0	0.352542	0.0	0.0	0.0	0.647458	0.0	0.0	0.0	0.0	
289	1329	4410.23639653	3912.278	3912.278	0.020776	0.0	1038	0	0	0	287	0	0	0	0	0.0	0.0	0.0	0.0	0.002359	0.0	0.0	0.0	0.0	1.2598	0.0	0.0	0.0	4290.46	0.0	0.0	0.0	0.0	0.001214	0.0	0.0	0.0	14.9493	0.0	0.0	0.0	0.0	5	0	0	0	61	0	0	0	0	58	0	0	0	23	0	0	0	0	482	0	0	0	203	0	0	0	0	93	0	0	0	0	0	0	0	0	27	0	0	0	0	0	0	0	0	373	0	0	0	0	0	0	0	0	9.3e-5	0.0	0.0	0.0	0.000158	0.0	0.0	0.0	0.0	0.370458	0.0	0.0	0.0	0.629542	0.0	0.0	0.0	0.0	
290	1330	4428.569842174	3912.278	3912.278	0.020648	0.0	1038	0	0	0	288	0	0	0	0	0.0	0.0	0.0	0.0	0.002171	0.0	0.0	0.0	0.0	1.2598	0.0	0.0	0.0	4308.79	0.0	0.0	0.0	0.0	0.001214	0.0	0.0	0.0	14.9611	0.0	0.0	0.0	0.0	5	0	0	0	61	0	0	0	0	58	0	0	0	23	0	0	0	0	482	0	0	0	204	0	0	0	0	93	0	0	0	0	0	0	0	0	27	0	0	0	0	0	0	0	0	373	0	0	0	0	0	0	0	0	9.3e-5	0.0	0.0	0.0	0.000145	0.0	0.0	0.0	0.0	0.390143	0.0	0.0	0.0	0.609857	0.0	0.0	0.0	0.0	
291	1331	4441.891350025	3912.278	3912.278	0.019932	0.0	1038	0	0	0	289	0	0	0	0	0.0	0.0	0.0	0.0	0.001993	0.0	0.0	0.0	0.0	1.2598	0.0	0.0	0.0	4322.11	0.0	0.0	0.0	0.0	0.001214	0.0	0.0	0.0	14.9554	0.0	0.0	0.0	0.0	5	0	0	0	61	0	0	0	0	58	0	0	0	23	0	0	0	0	482	0	0	0	205	0	0	0	0	93	0	0	0	0	0	0	0	0	27	0	0	0	0	0	0	0	0	373	0	0	0	0	0	0	0	0	9.3e-5	0.0	0.0	0.0	0.000133	0.0	0.0	0.0	0.0	0.410584	0.0	0.0	0.0	0.589416	0.0	0.0	0.0	0.0	
292	1333	4447.77514057	3912.278	3912.278	0.019428	0.0	1039	0	0	0	290	0	0	0	0	0.0	0.0	0.0	0.0	0.001831	0.0	0.0	0.0	0.0	1.26004	0.0	0.0	0.0	4328.0	0.0	0.0	0.0	0.0	0.001213	0.0	0.0	0.0	14.9241	0.0	0.0	0.0	0.0	5	0	0	0	61	0	0	0	0	58	0	0	0	23	0	0	0	0	482	0	0	0	206	0	0	0	0	93	0	0	0	0	0	0	0	0	27	0	0	0	0	0	0	0	0	374	0	0	0	0	0	0	0	0	8.4e-5	0.0	0.0	0.0	0.000123	0.0	0.0	0.0	0.0	0.405318	0.0	0.0	0.0	0.594682	0.0	0.0	0.0	0.0	
293	1334	4452.21562301	3912.278	3912.278	0.019209	0.0	1039	0	0	0	291	0	0	0	0	0.0	0.0	0.0	0.0	0.001677	0.0	0.0	0.0	0.0	1.26004	0.0	0.0	0.0	4332.44	0.0	0.0	0.0	0.0	0.001213	0.0	0.0	0.0	14.8881	0.0	0.0	0.0	0.0	5	0	0	0	61	0	0	0	0	58	0	0	0	23	0	0	0	0	482	0	0	0	207	0	0	0	0	93	0	0	0	0	0	0	0	0	27	0	0	0	0	0	0	0	0	374	0	0	0	0	0	0	0	0	8.4e-5	0.0	0.0	0.0	0.000113	0.0	0.0	0.0	0.0	0.42606	0.0	0.0	0.0	0.57394	0.0	0.0	0.0	0.0	
294	1336	4456.677021847	3912.278	3912.278	0.019046	0.0	1040	0	0	0	292	0	0	0	0	0.0	0.0	0.0	0.0	0.001537	0.0	0.0	0.0	0.0	1.26046	0.0	0.0	0.0	4336.9	0.0	0.0	0.0	0.0	0.001212	0.0	0.0	0.0	14.8524	0.0	0.0	0.0	0.0	5	0	0	0	61	0	0	0	0	58	0	0	0	23	0	0	0	0	483	0	0	0	208	0	0	0	0	93	0	0	0	0	0	0	0	0	27	0	0	0	0	0	0	0	0	374	0	0	0	0	0	0	0	0	7.6e-5	0.0	0.0	0.0	0.000103	0.0	0.0	0.0	0.0	0.423927	0.0	0.0	0.0	0.576073	0.0	0.0	0.0	0.0	
295	1338	4461.534637035	3912.278	3912.278	0.018883	0.0	1041	0	0	0	293	0	0	0	0	0.0	0.0	0.0	0.0	0.001409	0.0	0.0	0.0	0.0	1.26066	0.0	0.0	0.0	4341.76	0.0	0.0	0.0	0.0	0.001211	0.0	0.0	0.0	14.8183	0.0	0.0	0.0	0.0	5	0	0	0	61	0	0	0	0	58	0	0	0	23	0	0	0	0	483	0	0	0	209	0	0	0	0	93	0	0	0	0	0	0	0	0	27	0	0	0	0	0	0	0	0	375	0	0	0	0	0	0	0	0	6.9e-5	0.0	0.0	0.0	9.5e-5	0.0	0.0	0.0	0.0	0.419036	0.0	0.0	0.0	0.580964	0.0	0.0	0.0	0.0	
296	1340	4468.472499689	3912.278	3912.278	0.018707	0.0	1042	0	0	0	294	0	0	0	0	0.0	0.0	0.0	0.0	0.001292	0.0	0.0	0.0	0.0	1.26099	0.0	0.0	0.0	4348.69	0.0	0.0	0.0	0.0	0.00121	0.0	0.0	0.0	14.7915	0.0	0.0	0.0	0.0	5	0	0	0	61	0	0	0	0	58	0	0	0	23	0	0	0	0	484	0	0	0	210	0	0	0	0	93	0	0	0	0	0	0	0	0	27	0	0	0	0	0	0	0	0	375	0	0	0	0	0	0	0	0	6.3e-5	0.0	0.0	0.0	8.7e-5	0.0	0.0	0.0	0.0	0.417424	0.0	0.0	0.0	0.582576	0.0	0.0	0.0	0.0	
297	1341	4471.132217505	3912.278	3912.278	0.018459	0.0	1042	0	0	0	295	0	0	0	0	0.0	0.0	0.0	0.0	0.001181	0.0	0.0	0.0	0.0	1.26099	0.0	0.0	0.0	4351.35	0.0	0.0	0.0	0.0	0.00121	0.0	0.0	0.0	14.7504	0.0	0.0	0.0	0.0	5	0	0	0	61	0	0	0	0	58	0	0	0	23	0	0	0	0	484	0	0	0	211	0	0	0	0	93	0	0	0	0	0	0	0	0	27	0	0	0	0	0	0	0	0	375	0	0	0	0	0	0	0	0	6.3e-5	0.0	0.0	0.0	8.0e-5	0.0	0.0	0.0	0.0	0.438708	0.0	0.0	0.0	0.561292	0.0	0.0	0.0	0.0	
298	1343	4573.444578202	3912.278	3912.278	0.018365	0.0	1043	0	0	0	296	0	0	0	0	0.0	0.0	0.0	0.0	0.00108	0.0	0.0	0.0	0.0	1.26122	0.0	0.0	0.0	4453.67	0.0	0.0	0.0	0.0	0.001209	0.0	0.0	0.0	15.0462	0.0	0.0	0.0	0.0	5	0	0	0	61	0	0	0	0	58	0	0	0	23	0	0	0	0	484	0	0	0	212	0	0	0	0	93	0	0	0	0	0	0	0	0	27	0	0	0	0	0	0	0	0	376	0	0	0	0	0	0	0	0	5.6e-5	0.0	0.0	0.0	7.2e-5	0.0	0.0	0.0	0.0	0.439772	0.0	0.0	0.0	0.560228	0.0	0.0	0.0	0.0	
299	1344	4576.439698256	3912.278	3912.278	0.015083	0.0	1043	0	0	0	297	0	0	0	0	0.0	0.0	0.0	0.0	0.000984	0.0	0.0	0.0	0.0	1.26122	0.0	0.0	0.0	4456.66	0.0	0.0	0.0	0.0	0.001209	0.0	0.0	0.0	15.0056	0.0	0.0	0.0	0.0	5	0	0	0	61	0	0	0	0	58	0	0	0	23	0	0	0	0	484	0	0	0	213	0	0	0	0	93	0	0	0	0	0	0	0	0	27	0	0	0	0	0	0	0	0	376	0	0	0	0	0	0	0	0	5.6e-5	0.0	0.0	0.0	6.6e-5	0.0	0.0	0.0	0.0	0.462247	0.0	0.0	0.0	0.537753	0.0	0.0	0.0	0.0	
300	1347	4581.340882955	3912.278	3912.278	0.014997	0.0	1045	0	0	0	298	0	0	0	0	0.0	0.0	0.0	0.0	0.000901	0.0	0.0	0.0	0.0	1.26175	0.0	0.0	0.0	4461.56	0.0	0.0	0.0	0.0	0.001207	0.0	0.0	0.0	14.9717	0.0	0.0	0.0	0.0	5	0	0	0	61	0	0	0	0	58	0	0	0	23	0	0	0	0	484	0	0	0	214	0	0	0	0	94	0	0	0	0	0	0	0	0	27	0	0	0	0	0	0	0	0	377	0	0	0	0	0	0	0	0	4.6e-5	0.0	0.0	0.0	6.0e-5	0.0	0.0	0.0	0.0	0.431899	0.0	0.0	0.0	0.568101	0.0	0.0	0.0	0.0	
301	1348	4587.631380751	3912.278	3912.278	0.014856	0.0	1045	0	0	0	299	0	0	0	0	0.0	0.0	0.0	0.0	0.000821	0.0	0.0	0.0	0.0	1.26175	0.0	0.0	0.0	4467.85	0.0	0.0	0.0	0.0	0.001207	0.0	0.0	0.0	14.9427	0.0	0.0	0.0	0.0	5	0	0	0	61	0	0	0	0	58	0	0	0	23	0	0	0	0	484	0	0	0	215	0	0	0	0	94	0	0	0	0	0	0	0	0	27	0	0	0	0	0	0	0	0	377	0	0	0	0	0	0	0	0	4.6e-5	0.0	0.0	0.0	5.5e-5	0.0	0.0	0.0	0.0	0.454149	0.0	0.0	0.0	0.545851	0.0	0.0	0.0	0.0	
302	1349	4597.260093001	3912.278	3912.278	0.014677	0.0	1045	0	0	0	300	0	0	0	0	0.0	0.0	0.0	0.0	0.000746	0.0	0.0	0.0	0.0	1.26175	0.0	0.0	0.0	4477.48	0.0	0.0	0.0	0.0	0.001207	0.0	0.0	0.0	14.9249	0.0	0.0	0.0	0.0	5	0	0	0	61	0	0	0	0	58	0	0	0	23	0	0	0	0	484	0	0	0	216	0	0	0	0	94	0	0	0	0	0	0	0	0	27	0	0	0	0	0	0	0	0	377	0	0	0	0	0	0	0	0	4.6e-5	0.0	0.0	0.0	5.0e-5	0.0	0.0	0.0	0.0	0.477755	0.0	0.0	0.0	0.522245	0.0	0.0	0.0	0.0	
303	1351	4610.181131303	3912.278	3912.278	0.014408	0.0	1046	0	0	0	301	0	0	0	0	0.0	0.0	0.0	0.0	0.000678	0.0	0.0	0.0	0.0	1.26234	0.0	0.0	0.0	4490.4	0.0	0.0	0.0	0.0	0.001207	0.0	0.0	0.0	14.9183	0.0	0.0	0.0	0.0	5	0	0	0	61	0	0	0	0	58	0	0	0	23	0	0	0	0	484	0	0	0	217	0	0	0	0	94	0	0	0	0	0	0	0	0	28	0	0	0	0	0	0	0	0	377	0	0	0	0	0	0	0	0	4.1e-5	0.0	0.0	0.0	4.5e-5	0.0	0.0	0.0	0.0	0.475335	0.0	0.0	0.0	0.524665	0.0	0.0	0.0	0.0	
304	1352	4616.533659034	3912.278	3912.278	0.014054	0.0	1046	0	0	0	302	0	0	0	0	0.0	0.0	0.0	0.0	0.000613	0.0	0.0	0.0	0.0	1.26234	0.0	0.0	0.0	4496.75	0.0	0.0	0.0	0.0	0.001207	0.0	0.0	0.0	14.8899	0.0	0.0	0.0	0.0	5	0	0	0	61	0	0	0	0	58	0	0	0	23	0	0	0	0	484	0	0	0	218	0	0	0	0	94	0	0	0	0	0	0	0	0	28	0	0	0	0	0	0	0	0	377	0	0	0	0	0	0	0	0	4.1e-5	0.0	0.0	0.0	4.1e-5	0.0	0.0	0.0	0.0	0.499876	0.0	0.0	0.0	0.500124	0.0	0.0	0.0	0.0	
305	1355	4795.446509152	3906.278	3906.278	0.013883	0.0	1048	0	0	0	303	0	0	0	0	0.0	0.0	0.0	0.0	0.091104	0.0	0.0	0.0	0.0	1.26269	0.0	0.0	0.0	4675.67	0.0	0.0	0.0	0.0	0.001205	0.0	0.0	0.0	15.4312	0.0	0.0	0.0	0.0	5	0	0	0	62	0	0	0	0	58	0	0	0	23	0	0	0	0	484	0	0	0	218	0	0	0	0	94	0	0	0	0	0	0	0	0	28	0	0	0	0	0	0	0	0	379	0	0	0	0	0	0	0	0	3.3e-5	0.0	0.0	0.0	0.005904	0.0	0.0	0.0	0.0	0.005627	0.0	0.0	0.0	0.994373	0.0	0.0	0.0	0.0	
306	1356	4797.923980861	3906.278	3906.278	0.00984	0.0	1048	0	0	0	304	0	0	0	0	0.0	0.0	0.0	0.0	0.086523	0.0	0.0	0.0	0.0	1.26269	0.0	0.0	0.0	4678.14	0.0	0.0	0.0	0.0	0.001205	0.0	0.0	0.0	15.3886	0.0	0.0	0.0	0.0	5	0	0	0	62	0	0	0	0	58	0	0	0	23	0	0	0	0	484	0	0	0	219	0	0	0	0	94	0	0	0	0	0	0	0	0	28	0	0	0	0	0	0	0	0	379	0	0	0	0	0	0	0	0	3.3e-5	0.0	0.0	0.0	0.005623	0.0	0.0	0.0	0.0	0.005907	0.0	0.0	0.0	0.994093	0.0	0.0	0.0	0.0	
307	1357	4813.580010068	3906.278	3906.278	0.009793	0.0	1048	0	0	0	305	0	0	0	0	0.0	0.0	0.0	0.0	0.082171	0.0	0.0	0.0	0.0	1.26269	0.0	0.0	0.0	4693.8	0.0	0.0	0.0	0.0	0.001205	0.0	0.0	0.0	15.3895	0.0	0.0	0.0	0.0	5	0	0	0	62	0	0	0	0	58	0	0	0	23	0	0	0	0	484	0	0	0	220	0	0	0	0	94	0	0	0	0	0	0	0	0	28	0	0	0	0	0	0	0	0	379	0	0	0	0	0	0	0	0	3.3e-5	0.0	0.0	0.0	0.005339	0.0	0.0	0.0	0.0	0.006218	0.0	0.0	0.0	0.993782	0.0	0.0	0.0	0.0	
308	1358	4818.955269626	3906.278	3906.278	0.009503	0.0	1048	0	0	0	306	0	0	0	0	0.0	0.0	0.0	0.0	0.078037	0.0	0.0	0.0	0.0	1.26269	0.0	0.0	0.0	4699.18	0.0	0.0	0.0	0.0	0.001205	0.0	0.0	0.0	15.3568	0.0	0.0	0.0	0.0	5	0	0	0	62	0	0	0	0	58	0	0	0	23	0	0	0	0	484	0	0	0	221	0	0	0	0	94	0	0	0	0	0	0	0	0	28	0	0	0	0	0	0	0	0	379	0	0	0	0	0	0	0	0	3.3e-5	0.0	0.0	0.0	0.005082	0.0	0.0	0.0	0.0	0.006531	0.0	0.0	0.0	0.993469	0.0	0.0	0.0	0.0	
309	1359	4829.028210243	3906.278	3906.278	0.009405	0.0	1048	0	0	0	307	0	0	0	0	0.0	0.0	0.0	0.0	0.07411	0.0	0.0	0.0	0.0	1.26269	0.0	0.0	0.0	4709.25	0.0	0.0	0.0	0.0	0.001205	0.0	0.0	0.0	15.3396	0.0	0.0	0.0	0.0	5	0	0	0	62	0	0	0	0	58	0	0	0	23	0	0	0	0	484	0	0	0	222	0	0	0	0	94	0	0	0	0	0	0	0	0	28	0	0	0	0	0	0	0	0	379	0	0	0	0	0	0	0	0	3.3e-5	0.0	0.0	0.0	0.004831	0.0	0.0	0.0	0.0	0.006867	0.0	0.0	0.0	0.993133	0.0	0.0	0.0	0.0	
310	1360	4911.523727476	3906.278	3906.278	0.009224	0.0	1048	0	0	0	308	0	0	0	0	0.0	0.0	0.0	0.0	0.070378	0.0	0.0	0.0	0.0	1.26269	0.0	0.0	0.0	4791.74	0.0	0.0	0.0	0.0	0.001205	0.0	0.0	0.0	15.5576	0.0	0.0	0.0	0.0	5	0	0	0	62	0	0	0	0	58	0	0	0	23	0	0	0	0	484	0	0	0	223	0	0	0	0	94	0	0	0	0	0	0	0	0	28	0	0	0	0	0	0	0	0	379	0	0	0	0	0	0	0	0	3.3e-5	0.0	0.0	0.0	0.004524	0.0	0.0	0.0	0.0	0.007331	0.0	0.0	0.0	0.992669	0.0	0.0	0.0	0.0	
311	1361	4917.908287366	3906.278	3906.278	0.007871	0.0	1048	0	0	0	309	0	0	0	0	0.0	0.0	0.0	0.0	0.066834	0.0	0.0	0.0	0.0	1.26269	0.0	0.0	0.0	4798.13	0.0	0.0	0.0	0.0	0.001205	0.0	0.0	0.0	15.5279	0.0	0.0	0.0	0.0	5	0	0	0	62	0	0	0	0	58	0	0	0	23	0	0	0	0	484	0	0	0	224	0	0	0	0	94	0	0	0	0	0	0	0	0	28	0	0	0	0	0	0	0	0	379	0	0	0	0	0	0	0	0	3.3e-5	0.0	0.0	0.0	0.004304	0.0	0.0	0.0	0.0	0.007702	0.0	0.0	0.0	0.992298	0.0	0.0	0.0	0.0	
312	1362	4927.597003939	3906.278	3906.278	0.007774	0.0	1048	0	0	0	310	0	0	0	0	0.0	0.0	0.0	0.0	0.063466	0.0	0.0	0.0	0.0	1.26269	0.0	0.0	0.0	4807.82	0.0	0.0	0.0	0.0	0.001205	0.0	0.0	0.0	15.5091	0.0	0.0	0.0	0.0	5	0	0	0	62	0	0	0	0	58	0	0	0	23	0	0	0	0	484	0	0	0	225	0	0	0	0	94	0	0	0	0	0	0	0	0	28	0	0	0	0	0	0	0	0	379	0	0	0	0	0	0	0	0	3.3e-5	0.0	0.0	0.0	0.004092	0.0	0.0	0.0	0.0	0.008098	0.0	0.0	0.0	0.991902	0.0	0.0	0.0	0.0	
313	1363	4937.016467301	3906.278	3906.278	0.007631	0.0	1048	0	0	0	311	0	0	0	0	0.0	0.0	0.0	0.0	0.060267	0.0	0.0	0.0	0.0	1.26269	0.0	0.0	0.0	4817.24	0.0	0.0	0.0	0.0	0.001205	0.0	0.0	0.0	15.4895	0.0	0.0	0.0	0.0	5	0	0	0	62	0	0	0	0	58	0	0	0	23	0	0	0	0	484	0	0	0	226	0	0	0	0	94	0	0	0	0	0	0	0	0	28	0	0	0	0	0	0	0	0	379	0	0	0	0	0	0	0	0	3.3e-5	0.0	0.0	0.0	0.003891	0.0	0.0	0.0	0.0	0.008513	0.0	0.0	0.0	0.991487	0.0	0.0	0.0	0.0	
314	1364	4943.119137894	3906.278	3906.278	0.007494	0.0	1048	0	0	0	312	0	0	0	0	0.0	0.0	0.0	0.0	0.057228	0.0	0.0	0.0	0.0	1.26269	0.0	0.0	0.0	4823.34	0.0	0.0	0.0	0.0	0.001205	0.0	0.0	0.0	15.4594	0.0	0.0	0.0	0.0	5	0	0	0	62	0	0	0	0	58	0	0	0	23	0	0	0	0	484	0	0	0	227	0	0	0	0	94	0	0	0	0	0	0	0	0	28	0	0	0	0	0	0	0	0	379	0	0	0	0	0	0	0	0	3.3e-5	0.0	0.0	0.0	0.003702	0.0	0.0	0.0	0.0	0.008944	0.0	0.0	0.0	0.991056	0.0	0.0	0.0	0.0	
315	1365	4956.949428586	3906.278	3906.278	0.007406	0.0	1048	0	0	0	313	0	0	0	0	0.0	0.0	0.0	0.0	0.05434	0.0	0.0	0.0	0.0	1.26269	0.0	0.0	0.0	4837.17	0.0	0.0	0.0	0.0	0.001205	0.0	0.0	0.0	15.4542	0.0	0.0	0.0	0.0	5	0	0	0	62	0	0	0	0	58	0	0	0	23	0	0	0	0	484	0	0	0	228	0	0	0	0	94	0	0	0	0	0	0	0	0	28	0	0	0	0	0	0	0	0	379	0	0	0	0	0	0	0	0	3.3e-5	0.0	0.0	0.0	0.003516	0.0	0.0	0.0	0.0	0.009412	0.0	0.0	0.0	0.990588	0.0	0.0	0.0	0.0	
316	1366	4966.221460251	3906.278	3906.278	0.007212	0.0	1048	0	0	0	314	0	0	0	0	0.0	0.0	0.0	0.0	0.051598	0.0	0.0	0.0	0.0	1.26269	0.0	0.0	0.0	4846.44	0.0	0.0	0.0	0.0	0.001205	0.0	0.0	0.0	15.4345	0.0	0.0	0.0	0.0	5	0	0	0	62	0	0	0	0	58	0	0	0	23	0	0	0	0	484	0	0	0	229	0	0	0	0	94	0	0	0	0	0	0	0	0	28	0	0	0	0	0	0	0	0	379	0	0	0	0	0	0	0	0	3.3e-5	0.0	0.0	0.0	0.003343	0.0	0.0	0.0	0.0	0.009894	0.0	0.0	0.0	0.990106	0.0	0.0	0.0	0.0	
317	1367	4976.582359726	3906.278	3906.278	0.007084	0.0	1048	0	0	0	315	0	0	0	0	0.0	0.0	0.0	0.0	0.048992	0.0	0.0	0.0	0.0	1.26269	0.0	0.0	0.0	4856.8	0.0	0.0	0.0	0.0	0.001205	0.0	0.0	0.0	15.4184	0.0	0.0	0.0	0.0	5	0	0	0	62	0	0	0	0	58	0	0	0	23	0	0	0	0	484	0	0	0	230	0	0	0	0	94	0	0	0	0	0	0	0	0	28	0	0	0	0	0	0	0	0	379	0	0	0	0	0	0	0	0	3.3e-5	0.0	0.0	0.0	0.003177	0.0	0.0	0.0	0.0	0.010404	0.0	0.0	0.0	0.989595	0.0	0.0	0.0	0.0	
318	1368	4981.429561781	3906.278	3906.278	0.006944	0.0	1048	0	0	0	316	0	0	0	0	0.0	0.0	0.0	0.0	0.046516	0.0	0.0	0.0	0.0	1.26269	0.0	0.0	0.0	4861.65	0.0	0.0	0.0	0.0	0.001205	0.0	0.0	0.0	15.385	0.0	0.0	0.0	0.0	5	0	0	0	62	0	0	0	0	58	0	0	0	23	0	0	0	0	484	0	0	0	231	0	0	0	0	94	0	0	0	0	0	0	0	0	28	0	0	0	0	0	0	0	0	379	0	0	0	0	0	0	0	0	3.3e-5	0.0	0.0	0.0	0.003024	0.0	0.0	0.0	0.0	0.010929	0.0	0.0	0.0	0.989071	0.0	0.0	0.0	0.0	
319	1369	4995.924323156	3906.278	3906.278	0.00688	0.0	1048	0	0	0	317	0	0	0	0	0.0	0.0	0.0	0.0	0.044165	0.0	0.0	0.0	0.0	1.26269	0.0	0.0	0.0	4876.14	0.0	0.0	0.0	0.0	0.001205	0.0	0.0	0.0	15.3822	0.0	0.0	0.0	0.0	5	0	0	0	62	0	0	0	0	58	0	0	0	23	0	0	0	0	484	0	0	0	232	0	0	0	0	94	0	0	0	0	0	0	0	0	28	0	0	0	0	0	0	0	0	379	0	0	0	0	0	0	0	0	3.3e-5	0.0	0.0	0.0	0.002871	0.0	0.0	0.0	0.0	0.011502	0.0	0.0	0.0	0.988498	0.0	0.0	0.0	0.0	
320	1370	5010.690738568	3906.278	3906.278	0.006691	0.0	1048	0	0	0	318	0	0	0	0	0.0	0.0	0.0	0.0	0.041931	0.0	0.0	0.0	0.0	1.26269	0.0	0.0	0.0	4890.91	0.0	0.0	0.0	0.0	0.001205	0.0	0.0	0.0	15.3802	0.0	0.0	0.0	0.0	5	0	0	0	62	0	0	0	0	58	0	0	0	23	0	0	0	0	484	0	0	0	233	0	0	0	0	94	0	0	0	0	0	0	0	0	28	0	0	0	0	0	0	0	0	379	0	0	0	0	0	0	0	0	3.3e-5	0.0	0.0	0.0	0.002726	0.0	0.0	0.0	0.0	0.012106	0.0	0.0	0.0	0.987894	0.0	0.0	0.0	0.0	
321	1371	5021.140480895	3906.278	3906.278	0.006503	0.0	1048	0	0	0	319	0	0	0	0	0.0	0.0	0.0	0.0	0.039809	0.0	0.0	0.0	0.0	1.26269	0.0	0.0	0.0	4901.36	0.0	0.0	0.0	0.0	0.001205	0.0	0.0	0.0	15.3648	0.0	0.0	0.0	0.0	5	0	0	0	62	0	0	0	0	58	0	0	0	23	0	0	0	0	484	0	0	0	234	0	0	0	0	94	0	0	0	0	0	0	0	0	28	0	0	0	0	0	0	0	0	379	0	0	0	0	0	0	0	0	3.3e-5	0.0	0.0	0.0	0.002591	0.0	0.0	0.0	0.0	0.01273	0.0	0.0	0.0	0.98727	0.0	0.0	0.0	0.0	
322	1372	5027.63676307	3906.278	3906.278	0.006374	0.0	1048	0	0	0	320	0	0	0	0	0.0	0.0	0.0	0.0	0.037793	0.0	0.0	0.0	0.0	1.26269	0.0	0.0	0.0	4907.86	0.0	0.0	0.0	0.0	0.001205	0.0	0.0	0.0	15.3371	0.0	0.0	0.0	0.0	5	0	0	0	62	0	0	0	0	58	0	0	0	23	0	0	0	0	484	0	0	0	235	0	0	0	0	94	0	0	0	0	0	0	0	0	28	0	0	0	0	0	0	0	0	379	0	0	0	0	0	0	0	0	3.3e-5	0.0	0.0	0.0	0.002464	0.0	0.0	0.0	0.0	0.013376	0.0	0.0	0.0	0.986624	0.0	0.0	0.0	0.0	
323	1373	5031.402993175	3906.278	3906.278	0.006295	0.0	1048	0	0	0	321	0	0	0	0	0.0	0.0	0.0	0.0	0.035877	0.0	0.0	0.0	0.0	1.26269	0.0	0.0	0.0	4911.62	0.0	0.0	0.0	0.0	0.001205	0.0	0.0	0.0	15.301	0.0	0.0	0.0	0.0	5	0	0	0	62	0	0	0	0	58	0	0	0	23	0	0	0	0	484	0	0	0	236	0	0	0	0	94	0	0	0	0	0	0	0	0	28	0	0	0	0	0	0	0	0	379	0	0	0	0	0	0	0	0	3.3e-5	0.0	0.0	0.0	0.002345	0.0	0.0	0.0	0.0	0.014048	0.0	0.0	0.0	0.985952	0.0	0.0	0.0	0.0	
324	1374	5038.304227682	3906.278	3906.278	0.006249	0.0	1048	0	0	0	322	0	0	0	0	0.0	0.0	0.0	0.0	0.034058	0.0	0.0	0.0	0.0	1.26269	0.0	0.0	0.0	4918.52	0.0	0.0	0.0	0.0	0.001205	0.0	0.0	0.0	15.2749	0.0	0.0	0.0	0.0	5	0	0	0	62	0	0	0	0	58	0	0	0	23	0	0	0	0	484	0	0	0	237	0	0	0	0	94	0	0	0	0	0	0	0	0	28	0	0	0	0	0	0	0	0	379	0	0	0	0	0	0	0	0	3.3e-5	0.0	0.0	0.0	0.00223	0.0	0.0	0.0	0.0	0.014762	0.0	0.0	0.0	0.985238	0.0	0.0	0.0	0.0	
325	1375	5127.319905737	3906.278	3906.278	0.006167	0.0	1048	0	0	0	323	0	0	0	0	0.0	0.0	0.0	0.0	0.03233	0.0	0.0	0.0	0.0	1.26269	0.0	0.0	0.0	5007.54	0.0	0.0	0.0	0.0	0.001205	0.0	0.0	0.0	15.5032	0.0	0.0	0.0	0.0	5	0	0	0	62	0	0	0	0	58	0	0	0	23	0	0	0	0	484	0	0	0	238	0	0	0	0	94	0	0	0	0	0	0	0	0	28	0	0	0	0	0	0	0	0	379	0	0	0	0	0	0	0	0	3.3e-5	0.0	0.0	0.0	0.002085	0.0	0.0	0.0	0.0	0.015768	0.0	0.0	0.0	0.984232	0.0	0.0	0.0	0.0	
326	1376	5130.239813679	3906.278	3906.278	0.005196	0.0	1048	0	0	0	324	0	0	0	0	0.0	0.0	0.0	0.0	0.030687	0.0	0.0	0.0	0.0	1.26269	0.0	0.0	0.0	5010.46	0.0	0.0	0.0	0.0	0.001205	0.0	0.0	0.0	15.4644	0.0	0.0	0.0	0.0	5	0	0	0	62	0	0	0	0	58	0	0	0	23	0	0	0	0	484	0	0	0	239	0	0	0	0	94	0	0	0	0	0	0	0	0	28	0	0	0	0	0	0	0	0	379	0	0	0	0	0	0	0	0	3.3e-5	0.0	0.0	0.0	0.001984	0.0	0.0	0.0	0.0	0.016557	0.0	0.0	0.0	0.983443	0.0	0.0	0.0	0.0	
327	1377	5141.152670606	3906.278	3906.278	0.005167	0.0	1048	0	0	0	325	0	0	0	0	0.0	0.0	0.0	0.0	0.029127	0.0	0.0	0.0	0.0	1.26269	0.0	0.0	0.0	5021.37	0.0	0.0	0.0	0.0	0.001205	0.0	0.0	0.0	15.4504	0.0	0.0	0.0	0.0	5	0	0	0	62	0	0	0	0	58	0	0	0	23	0	0	0	0	484	0	0	0	240	0	0	0	0	94	0	0	0	0	0	0	0	0	28	0	0	0	0	0	0	0	0	379	0	0	0	0	0	0	0	0	3.3e-5	0.0	0.0	0.0	0.001885	0.0	0.0	0.0	0.0	0.017412	0.0	0.0	0.0	0.982587	0.0	0.0	0.0	0.0	
328	1378	5163.268373554	3906.278	3906.278	0.00506	0.0	1048	0	0	0	326	0	0	0	0	0.0	0.0	0.0	0.0	0.027645	0.0	0.0	0.0	0.0	1.26269	0.0	0.0	0.0	5043.49	0.0	0.0	0.0	0.0	0.001205	0.0	0.0	0.0	15.4708	0.0	0.0	0.0	0.0	5	0	0	0	62	0	0	0	0	58	0	0	0	23	0	0	0	0	484	0	0	0	241	0	0	0	0	94	0	0	0	0	0	0	0	0	28	0	0	0	0	0	0	0	0	379	0	0	0	0	0	0	0	0	3.3e-5	0.0	0.0	0.0	0.001787	0.0	0.0	0.0	0.0	0.018353	0.0	0.0	0.0	0.981647	0.0	0.0	0.0	0.0	
329	1379	5172.979162679	3906.278	3906.278	0.004849	0.0	1048	0	0	0	327	0	0	0	0	0.0	0.0	0.0	0.0	0.026237	0.0	0.0	0.0	0.0	1.26269	0.0	0.0	0.0	5053.2	0.0	0.0	0.0	0.0	0.001205	0.0	0.0	0.0	15.4532	0.0	0.0	0.0	0.0	5	0	0	0	62	0	0	0	0	58	0	0	0	23	0	0	0	0	484	0	0	0	242	0	0	0	0	94	0	0	0	0	0	0	0	0	28	0	0	0	0	0	0	0	0	379	0	0	0	0	0	0	0	0	3.3e-5	0.0	0.0	0.0	0.001698	0.0	0.0	0.0	0.0	0.019297	0.0	0.0	0.0	0.980703	0.0	0.0	0.0	0.0	
330	1380	5189.204591544	3906.278	3906.278	0.004759	0.0	1048	0	0	0	328	0	0	0	0	0.0	0.0	0.0	0.0	0.024899	0.0	0.0	0.0	0.0	1.26269	0.0	0.0	0.0	5069.42	0.0	0.0	0.0	0.0	0.001205	0.0	0.0	0.0	15.4556	0.0	0.0	0.0	0.0	5	0	0	0	62	0	0	0	0	58	0	0	0	23	0	0	0	0	484	0	0	0	243	0	0	0	0	94	0	0	0	0	0	0	0	0	28	0	0	0	0	0	0	0	0	379	0	0	0	0	0	0	0	0	3.3e-5	0.0	0.0	0.0	0.001611	0.0	0.0	0.0	0.0	0.020316	0.0	0.0	0.0	0.979684	0.0	0.0	0.0	0.0	
331	1381	5196.833398548	3906.278	3906.278	0.004613	0.0	1048	0	0	0	329	0	0	0	0	0.0	0.0	0.0	0.0	0.023628	0.0	0.0	0.0	0.0	1.26269	0.0	0.0	0.0	5077.05	0.0	0.0	0.0	0.0	0.001205	0.0	0.0	0.0	15.4318	0.0	0.0	0.0	0.0	5	0	0	0	62	0	0	0	0	58	0	0	0	23	0	0	0	0	484	0	0	0	244	0	0	0	0	94	0	0	0	0	0	0	0	0	28	0	0	0	0	0	0	0	0	379	0	0	0	0	0	0	0	0	3.3e-5	0.0	0.0	0.0	0.001531	0.0	0.0	0.0	0.0	0.021353	0.0	0.0	0.0	0.978647	0.0	0.0	0.0	0.0	
332	1382	5213.102429737	3906.278	3906.278	0.004546	0.0	1048	0	0	0	330	0	0	0	0	0.0	0.0	0.0	0.0	0.022421	0.0	0.0	0.0	0.0	1.26269	0.0	0.0	0.0	5093.32	0.0	0.0	0.0	0.0	0.001205	0.0	0.0	0.0	15.4343	0.0	0.0	0.0	0.0	5	0	0	0	62	0	0	0	0	58	0	0	0	23	0	0	0	0	484	0	0	0	245	0	0	0	0	94	0	0	0	0	0	0	0	0	28	0	0	0	0	0	0	0	0	379	0	0	0	0	0	0	0	0	3.3e-5	0.0	0.0	0.0	0.001453	0.0	0.0	0.0	0.0	0.02248	0.0	0.0	0.0	0.97752	0.0	0.0	0.0	0.0	
333	1383	5322.076538475	3898.778	3898.778	0.004406	0.0	1048	0	0	0	331	0	0	0	0	0.0	0.0	0.0	0.0	0.072424	0.0	0.0	0.0	0.0	1.26269	0.0	0.0	0.0	5202.3	0.0	0.0	0.0	0.0	0.001205	0.0	0.0	0.0	15.7169	0.0	0.0	0.0	0.0	5	0	0	0	63	0	0	0	0	58	0	0	0	23	0	0	0	0	484	0	0	0	245	0	0	0	0	94	0	0	0	0	0	0	0	0	28	0	0	0	0	0	0	0	0	379	0	0	0	0	0	0	0	0	3.3e-5	0.0	0.0	0.0	0.004608	0.0	0.0	0.0	0.0	0.007198	0.0	0.0	0.0	0.992802	0.0	0.0	0.0	0.0	
334	1384	5327.126812449	3898.778	3898.778	0.003572	0.0	1048	0	0	0	332	0	0	0	0	0.0	0.0	0.0	0.0	0.068777	0.0	0.0	0.0	0.0	1.26269	0.0	0.0	0.0	5207.35	0.0	0.0	0.0	0.0	0.001205	0.0	0.0	0.0	15.6848	0.0	0.0	0.0	0.0	5	0	0	0	63	0	0	0	0	58	0	0	0	23	0	0	0	0	484	0	0	0	246	0	0	0	0	94	0	0	0	0	0	0	0	0	28	0	0	0	0	0	0	0	0	379	0	0	0	0	0	0	0	0	3.3e-5	0.0	0.0	0.0	0.004385	0.0	0.0	0.0	0.0	0.007561	0.0	0.0	0.0	0.992439	0.0	0.0	0.0	0.0	
335	1385	5342.210603954	3898.778	3898.778	0.003538	0.0	1048	0	0	0	333	0	0	0	0	0.0	0.0	0.0	0.0	0.065312	0.0	0.0	0.0	0.0	1.26269	0.0	0.0	0.0	5222.43	0.0	0.0	0.0	0.0	0.001205	0.0	0.0	0.0	15.683	0.0	0.0	0.0	0.0	5	0	0	0	63	0	0	0	0	58	0	0	0	23	0	0	0	0	484	0	0	0	247	0	0	0	0	94	0	0	0	0	0	0	0	0	28	0	0	0	0	0	0	0	0	379	0	0	0	0	0	0	0	0	3.3e-5	0.0	0.0	0.0	0.004164	0.0	0.0	0.0	0.0	0.007958	0.0	0.0	0.0	0.992042	0.0	0.0	0.0	0.0	
336	1386	5345.761790087	3898.778	3898.778	0.003437	0.0	1048	0	0	0	334	0	0	0	0	0.0	0.0	0.0	0.0	0.06202	0.0	0.0	0.0	0.0	1.26269	0.0	0.0	0.0	5225.98	0.0	0.0	0.0	0.0	0.001205	0.0	0.0	0.0	15.6467	0.0	0.0	0.0	0.0	5	0	0	0	63	0	0	0	0	58	0	0	0	23	0	0	0	0	484	0	0	0	248	0	0	0	0	94	0	0	0	0	0	0	0	0	28	0	0	0	0	0	0	0	0	379	0	0	0	0	0	0	0	0	3.3e-5	0.0	0.0	0.0	0.003964	0.0	0.0	0.0	0.0	0.008358	0.0	0.0	0.0	0.991642	0.0	0.0	0.0	0.0	
337	1387	5349.949303201	3898.778	3898.778	0.003413	0.0	1048	0	0	0	335	0	0	0	0	0.0	0.0	0.0	0.0	0.058893	0.0	0.0	0.0	0.0	1.26269	0.0	0.0	0.0	5230.17	0.0	0.0	0.0	0.0	0.001205	0.0	0.0	0.0	15.6124	0.0	0.0	0.0	0.0	5	0	0	0	63	0	0	0	0	58	0	0	0	23	0	0	0	0	484	0	0	0	249	0	0	0	0	94	0	0	0	0	0	0	0	0	28	0	0	0	0	0	0	0	0	379	0	0	0	0	0	0	0	0	3.3e-5	0.0	0.0	0.0	0.003772	0.0	0.0	0.0	0.0	0.008779	0.0	0.0	0.0	0.991221	0.0	0.0	0.0	0.0	
338	1388	5356.458743763	3898.778	3898.778	0.003386	0.0	1048	0	0	0	336	0	0	0	0	0.0	0.0	0.0	0.0	0.055922	0.0	0.0	0.0	0.0	1.26269	0.0	0.0	0.0	5236.68	0.0	0.0	0.0	0.0	0.001205	0.0	0.0	0.0	15.5854	0.0	0.0	0.0	0.0	5	0	0	0	63	0	0	0	0	58	0	0	0	23	0	0	0	0	484	0	0	0	250	0	0	0	0	94	0	0	0	0	0	0	0	0	28	0	0	0	0	0	0	0	0	379	0	0	0	0	0	0	0	0	3.3e-5	0.0	0.0	0.0	0.003588	0.0	0.0	0.0	0.0	0.009225	0.0	0.0	0.0	0.990775	0.0	0.0	0.0	0.0	
339	1389	5359.667474155	3898.778	3898.778	0.003344	0.0	1048	0	0	0	337	0	0	0	0	0.0	0.0	0.0	0.0	0.0531	0.0	0.0	0.0	0.0	1.26269	0.0	0.0	0.0	5239.89	0.0	0.0	0.0	0.0	0.001205	0.0	0.0	0.0	15.5486	0.0	0.0	0.0	0.0	5	0	0	0	63	0	0	0	0	58	0	0	0	23	0	0	0	0	484	0	0	0	251	0	0	0	0	94	0	0	0	0	0	0	0	0	28	0	0	0	0	0	0	0	0	379	0	0	0	0	0	0	0	0	3.3e-5	0.0	0.0	0.0	0.003415	0.0	0.0	0.0	0.0	0.009688	0.0	0.0	0.0	0.990312	0.0	0.0	0.0	0.0	
340	1390	5372.077779139	3898.778	3898.778	0.003323	0.0	1048	0	0	0	338	0	0	0	0	0.0	0.0	0.0	0.0	0.050419	0.0	0.0	0.0	0.0	1.26269	0.0	0.0	0.0	5252.3	0.0	0.0	0.0	0.0	0.001205	0.0	0.0	0.0	15.5393	0.0	0.0	0.0	0.0	5	0	0	0	63	0	0	0	0	58	0	0	0	23	0	0	0	0	484	0	0	0	252	0	0	0	0	94	0	0	0	0	0	0	0	0	28	0	0	0	0	0	0	0	0	379	0	0	0	0	0	0	0	0	3.3e-5	0.0	0.0	0.0	0.003245	0.0	0.0	0.0	0.0	0.010192	0.0	0.0	0.0	0.989809	0.0	0.0	0.0	0.0	
341	1391	5418.67093311	3898.778	3898.778	0.003245	0.0	1048	0	0	0	339	0	0	0	0	0.0	0.0	0.0	0.0	0.047872	0.0	0.0	0.0	0.0	1.26269	0.0	0.0	0.0	5298.89	0.0	0.0	0.0	0.0	0.001205	0.0	0.0	0.0	15.6309	0.0	0.0	0.0	0.0	5	0	0	0	63	0	0	0	0	58	0	0	0	23	0	0	0	0	484	0	0	0	253	0	0	0	0	94	0	0	0	0	0	0	0	0	28	0	0	0	0	0	0	0	0	379	0	0	0	0	0	0	0	0	3.3e-5	0.0	0.0	0.0	0.003063	0.0	0.0	0.0	0.0	0.01079	0.0	0.0	0.0	0.98921	0.0	0.0	0.0	0.0	
342	1392	5421.798061721	3898.778	3898.778	0.002966	0.0	1048	0	0	0	340	0	0	0	0	0.0	0.0	0.0	0.0	0.045452	0.0	0.0	0.0	0.0	1.26269	0.0	0.0	0.0	5302.02	0.0	0.0	0.0	0.0	0.001205	0.0	0.0	0.0	15.5942	0.0	0.0	0.0	0.0	5	0	0	0	63	0	0	0	0	58	0	0	0	23	0	0	0	0	484	0	0	0	254	0	0	0	0	94	0	0	0	0	0	0	0	0	28	0	0	0	0	0	0	0	0	379	0	0	0	0	0	0	0	0	3.3e-5	0.0	0.0	0.0	0.002915	0.0	0.0	0.0	0.0	0.011332	0.0	0.0	0.0	0.988668	0.0	0.0	0.0	0.0	
343	1393	5427.60151579	3898.778	3898.778	0.002949	0.0	1048	0	0	0	341	0	0	0	0	0.0	0.0	0.0	0.0	0.043154	0.0	0.0	0.0	0.0	1.26269	0.0	0.0	0.0	5307.82	0.0	0.0	0.0	0.0	0.001205	0.0	0.0	0.0	15.5655	0.0	0.0	0.0	0.0	5	0	0	0	63	0	0	0	0	58	0	0	0	23	0	0	0	0	484	0	0	0	255	0	0	0	0	94	0	0	0	0	0	0	0	0	28	0	0	0	0	0	0	0	0	379	0	0	0	0	0	0	0	0	3.3e-5	0.0	0.0	0.0	0.002772	0.0	0.0	0.0	0.0	0.011907	0.0	0.0	0.0	0.988093	0.0	0.0	0.0	0.0	
344	1394	5607.741187154	3898.778	3898.778	0.002916	0.0	1048	0	0	0	342	0	0	0	0	0.0	0.0	0.0	0.0	0.04097	0.0	0.0	0.0	0.0	1.26269	0.0	0.0	0.0	5487.96	0.0	0.0	0.0	0.0	0.001205	0.0	0.0	0.0	16.0467	0.0	0.0	0.0	0.0	5	0	0	0	63	0	0	0	0	58	0	0	0	23	0	0	0	0	484	0	0	0	256	0	0	0	0	94	0	0	0	0	0	0	0	0	28	0	0	0	0	0	0	0	0	379	0	0	0	0	0	0	0	0	3.3e-5	0.0	0.0	0.0	0.002553	0.0	0.0	0.0	0.0	0.012916	0.0	0.0	0.0	0.987084	0.0	0.0	0.0	0.0	
345	1395	5614.549316639	3898.778	3898.778	0.002062	0.0	1048	0	0	0	343	0	0	0	0	0.0	0.0	0.0	0.0	0.038895	0.0	0.0	0.0	0.0	1.26269	0.0	0.0	0.0	5494.77	0.0	0.0	0.0	0.0	0.001205	0.0	0.0	0.0	16.0197	0.0	0.0	0.0	0.0	5	0	0	0	63	0	0	0	0	58	0	0	0	23	0	0	0	0	484	0	0	0	257	0	0	0	0	94	0	0	0	0	0	0	0	0	28	0	0	0	0	0	0	0	0	379	0	0	0	0	0	0	0	0	3.3e-5	0.0	0.0	0.0	0.002428	0.0	0.0	0.0	0.0	0.013573	0.0	0.0	0.0	0.986427	0.0	0.0	0.0	0.0	
346	1396	5628.670560722	3898.778	3898.778	0.002035	0.0	1048	0	0	0	344	0	0	0	0	0.0	0.0	0.0	0.0	0.036923	0.0	0.0	0.0	0.0	1.26269	0.0	0.0	0.0	5508.89	0.0	0.0	0.0	0.0	0.001205	0.0	0.0	0.0	16.0142	0.0	0.0	0.0	0.0	5	0	0	0	63	0	0	0	0	58	0	0	0	23	0	0	0	0	484	0	0	0	258	0	0	0	0	94	0	0	0	0	0	0	0	0	28	0	0	0	0	0	0	0	0	379	0	0	0	0	0	0	0	0	3.3e-5	0.0	0.0	0.0	0.002306	0.0	0.0	0.0	0.0	0.014283	0.0	0.0	0.0	0.985717	0.0	0.0	0.0	0.0	
347	1397	5633.27015461	3898.778	3898.778	0.00198	0.0	1048	0	0	0	345	0	0	0	0	0.0	0.0	0.0	0.0	0.03505	0.0	0.0	0.0	0.0	1.26269	0.0	0.0	0.0	5513.49	0.0	0.0	0.0	0.0	0.001205	0.0	0.0	0.0	15.9811	0.0	0.0	0.0	0.0	5	0	0	0	63	0	0	0	0	58	0	0	0	23	0	0	0	0	484	0	0	0	259	0	0	0	0	94	0	0	0	0	0	0	0	0	28	0	0	0	0	0	0	0	0	379	0	0	0	0	0	0	0	0	3.3e-5	0.0	0.0	0.0	0.002193	0.0	0.0	0.0	0.0	0.015004	0.0	0.0	0.0	0.984996	0.0	0.0	0.0	0.0	
348	1398	5642.633557547	3898.778	3898.778	0.001963	0.0	1048	0	0	0	346	0	0	0	0	0.0	0.0	0.0	0.0	0.033271	0.0	0.0	0.0	0.0	1.26269	0.0	0.0	0.0	5522.85	0.0	0.0	0.0	0.0	0.001205	0.0	0.0	0.0	15.962	0.0	0.0	0.0	0.0	5	0	0	0	63	0	0	0	0	58	0	0	0	23	0	0	0	0	484	0	0	0	260	0	0	0	0	94	0	0	0	0	0	0	0	0	28	0	0	0	0	0	0	0	0	379	0	0	0	0	0	0	0	0	3.3e-5	0.0	0.0	0.0	0.002084	0.0	0.0	0.0	0.0	0.015775	0.0	0.0	0.0	0.984225	0.0	0.0	0.0	0.0	
349	1399	5647.619059637	3898.778	3898.778	0.001928	0.0	1048	0	0	0	347	0	0	0	0	0.0	0.0	0.0	0.0	0.031581	0.0	0.0	0.0	0.0	1.26269	0.0	0.0	0.0	5527.84	0.0	0.0	0.0	0.0	0.001205	0.0	0.0	0.0	15.9304	0.0	0.0	0.0	0.0	5	0	0	0	63	0	0	0	0	58	0	0	0	23	0	0	0	0	484	0	0	0	261	0	0	0	0	94	0	0	0	0	0	0	0	0	28	0	0	0	0	0	0	0	0	379	0	0	0	0	0	0	0	0	3.3e-5	0.0	0.0	0.0	0.001982	0.0	0.0	0.0	0.0	0.016573	0.0	0.0	0.0	0.983427	0.0	0.0	0.0	0.0	
350	1400	5652.162143283	3898.778	3898.778	0.00191	0.0	1048	0	0	0	348	0	0	0	0	0.0	0.0	0.0	0.0	0.029975	0.0	0.0	0.0	0.0	1.26269	0.0	0.0	0.0	5532.38	0.0	0.0	0.0	0.0	0.001205	0.0	0.0	0.0	15.8976	0.0	0.0	0.0	0.0	5	0	0	0	63	0	0	0	0	58	0	0	0	23	0	0	0	0	484	0	0	0	262	0	0	0	0	94	0	0	0	0	0	0	0	0	28	0	0	0	0	0	0	0	0	379	0	0	0	0	0	0	0	0	3.3e-5	0.0	0.0	0.0	0.001886	0.0	0.0	0.0	0.0	0.01741	0.0	0.0	0.0	0.98259	0.0	0.0	0.0	0.0	
351	1401	5784.071067873	3898.778	3898.778	0.001893	0.0	1048	0	0	0	349	0	0	0	0	0.0	0.0	0.0	0.0	0.02845	0.0	0.0	0.0	0.0	1.26269	0.0	0.0	0.0	5664.29	0.0	0.0	0.0	0.0	0.001205	0.0	0.0	0.0	16.2301	0.0	0.0	0.0	0.0	5	0	0	0	63	0	0	0	0	58	0	0	0	23	0	0	0	0	484	0	0	0	263	0	0	0	0	94	0	0	0	0	0	0	0	0	28	0	0	0	0	0	0	0	0	379	0	0	0	0	0	0	0	0	3.3e-5	0.0	0.0	0.0	0.001753	0.0	0.0	0.0	0.0	0.018702	0.0	0.0	0.0	0.981298	0.0	0.0	0.0	0.0	
352	1402	5794.168543494	3898.778	3898.778	0.001469	0.0	1048	0	0	0	350	0	0	0	0	0.0	0.0	0.0	0.0	0.027	0.0	0.0	0.0	0.0	1.26269	0.0	0.0	0.0	5674.39	0.0	0.0	0.0	0.0	0.001205	0.0	0.0	0.0	16.2125	0.0	0.0	0.0	0.0	5	0	0	0	63	0	0	0	0	58	0	0	0	23	0	0	0	0	484	0	0	0	264	0	0	0	0	94	0	0	0	0	0	0	0	0	28	0	0	0	0	0	0	0	0	379	0	0	0	0	0	0	0	0	3.3e-5	0.0	0.0	0.0	0.001665	0.0	0.0	0.0	0.0	0.019666	0.0	0.0	0.0	0.980335	0.0	0.0	0.0	0.0	
353	1403	5803.522093713	3898.778	3898.778	0.00144	0.0	1048	0	0	0	351	0	0	0	0	0.0	0.0	0.0	0.0	0.025623	0.0	0.0	0.0	0.0	1.26269	0.0	0.0	0.0	5683.74	0.0	0.0	0.0	0.0	0.001205	0.0	0.0	0.0	16.193	0.0	0.0	0.0	0.0	5	0	0	0	63	0	0	0	0	58	0	0	0	23	0	0	0	0	484	0	0	0	265	0	0	0	0	94	0	0	0	0	0	0	0	0	28	0	0	0	0	0	0	0	0	379	0	0	0	0	0	0	0	0	3.3e-5	0.0	0.0	0.0	0.001582	0.0	0.0	0.0	0.0	0.020676	0.0	0.0	0.0	0.979324	0.0	0.0	0.0	0.0	
354	1404	5808.165998489	3898.778	3898.778	0.001415	0.0	1048	0	0	0	352	0	0	0	0	0.0	0.0	0.0	0.0	0.024315	0.0	0.0	0.0	0.0	1.26269	0.0	0.0	0.0	5688.39	0.0	0.0	0.0	0.0	0.001205	0.0	0.0	0.0	16.1602	0.0	0.0	0.0	0.0	5	0	0	0	63	0	0	0	0	58	0	0	0	23	0	0	0	0	484	0	0	0	266	0	0	0	0	94	0	0	0	0	0	0	0	0	28	0	0	0	0	0	0	0	0	379	0	0	0	0	0	0	0	0	3.3e-5	0.0	0.0	0.0	0.001505	0.0	0.0	0.0	0.0	0.021721	0.0	0.0	0.0	0.978279	0.0	0.0	0.0	0.0	
355	1405	5811.623000194	3898.778	3898.778	0.001402	0.0	1048	0	0	0	353	0	0	0	0	0.0	0.0	0.0	0.0	0.023072	0.0	0.0	0.0	0.0	1.26269	0.0	0.0	0.0	5691.84	0.0	0.0	0.0	0.0	0.001205	0.0	0.0	0.0	16.1242	0.0	0.0	0.0	0.0	5	0	0	0	63	0	0	0	0	58	0	0	0	23	0	0	0	0	484	0	0	0	267	0	0	0	0	94	0	0	0	0	0	0	0	0	28	0	0	0	0	0	0	0	0	379	0	0	0	0	0	0	0	0	3.3e-5	0.0	0.0	0.0	0.001431	0.0	0.0	0.0	0.0	0.022815	0.0	0.0	0.0	0.977185	0.0	0.0	0.0	0.0	
356	1406	5874.052184188	3898.778	3898.778	0.001393	0.0	1048	0	0	0	354	0	0	0	0	0.0	0.0	0.0	0.0	0.021892	0.0	0.0	0.0	0.0	1.26269	0.0	0.0	0.0	5754.27	0.0	0.0	0.0	0.0	0.001205	0.0	0.0	0.0	16.255	0.0	0.0	0.0	0.0	5	0	0	0	63	0	0	0	0	58	0	0	0	23	0	0	0	0	484	0	0	0	268	0	0	0	0	94	0	0	0	0	0	0	0	0	28	0	0	0	0	0	0	0	0	379	0	0	0	0	0	0	0	0	3.3e-5	0.0	0.0	0.0	0.001347	0.0	0.0	0.0	0.0	0.024206	0.0	0.0	0.0	0.975795	0.0	0.0	0.0	0.0	
357	1407	5876.405957125	3898.778	3898.778	0.001235	0.0	1048	0	0	0	355	0	0	0	0	0.0	0.0	0.0	0.0	0.02077	0.0	0.0	0.0	0.0	1.26269	0.0	0.0	0.0	5756.62	0.0	0.0	0.0	0.0	0.001205	0.0	0.0	0.0	16.2158	0.0	0.0	0.0	0.0	5	0	0	0	63	0	0	0	0	58	0	0	0	23	0	0	0	0	484	0	0	0	269	0	0	0	0	94	0	0	0	0	0	0	0	0	28	0	0	0	0	0	0	0	0	379	0	0	0	0	0	0	0	0	3.3e-5	0.0	0.0	0.0	0.001281	0.0	0.0	0.0	0.0	0.02542	0.0	0.0	0.0	0.97458	0.0	0.0	0.0	0.0	
358	1408	5888.987419874	3898.778	3898.778	0.00123	0.0	1048	0	0	0	356	0	0	0	0	0.0	0.0	0.0	0.0	0.019704	0.0	0.0	0.0	0.0	1.26269	0.0	0.0	0.0	5769.21	0.0	0.0	0.0	0.0	0.001205	0.0	0.0	0.0	16.2056	0.0	0.0	0.0	0.0	5	0	0	0	63	0	0	0	0	58	0	0	0	23	0	0	0	0	484	0	0	0	270	0	0	0	0	94	0	0	0	0	0	0	0	0	28	0	0	0	0	0	0	0	0	379	0	0	0	0	0	0	0	0	3.3e-5	0.0	0.0	0.0	0.001216	0.0	0.0	0.0	0.0	0.026741	0.0	0.0	0.0	0.973259	0.0	0.0	0.0	0.0	
359	1409	5893.86608203	3898.778	3898.778	0.0012	0.0	1048	0	0	0	357	0	0	0	0	0.0	0.0	0.0	0.0	0.018692	0.0	0.0	0.0	0.0	1.26269	0.0	0.0	0.0	5774.09	0.0	0.0	0.0	0.0	0.001205	0.0	0.0	0.0	16.1739	0.0	0.0	0.0	0.0	5	0	0	0	63	0	0	0	0	58	0	0	0	23	0	0	0	0	484	0	0	0	271	0	0	0	0	94	0	0	0	0	0	0	0	0	28	0	0	0	0	0	0	0	0	379	0	0	0	0	0	0	0	0	3.3e-5	0.0	0.0	0.0	0.001156	0.0	0.0	0.0	0.0	0.028095	0.0	0.0	0.0	0.971905	0.0	0.0	0.0	0.0	
360	1410	5902.809610042	3898.778	3898.778	0.001189	0.0	1048	0	0	0	358	0	0	0	0	0.0	0.0	0.0	0.0	0.01773	0.0	0.0	0.0	0.0	1.26269	0.0	0.0	0.0	5783.03	0.0	0.0	0.0	0.0	0.001205	0.0	0.0	0.0	16.1537	0.0	0.0	0.0	0.0	5	0	0	0	63	0	0	0	0	58	0	0	0	23	0	0	0	0	484	0	0	0	272	0	0	0	0	94	0	0	0	0	0	0	0	0	28	0	0	0	0	0	0	0	0	379	0	0	0	0	0	0	0	0	3.3e-5	0.0	0.0	0.0	0.001098	0.0	0.0	0.0	0.0	0.029538	0.0	0.0	0.0	0.970462	0.0	0.0	0.0	0.0	
361	1411	5919.211431751	3898.778	3898.778	0.001169	0.0	1048	0	0	0	359	0	0	0	0	0.0	0.0	0.0	0.0	0.016817	0.0	0.0	0.0	0.0	1.26269	0.0	0.0	0.0	5799.43	0.0	0.0	0.0	0.0	0.001205	0.0	0.0	0.0	16.1544	0.0	0.0	0.0	0.0	5	0	0	0	63	0	0	0	0	58	0	0	0	23	0	0	0	0	484	0	0	0	273	0	0	0	0	94	0	0	0	0	0	0	0	0	28	0	0	0	0	0	0	0	0	379	0	0	0	0	0	0	0	0	3.3e-5	0.0	0.0	0.0	0.001041	0.0	0.0	0.0	0.0	0.031094	0.0	0.0	0.0	0.968906	0.0	0.0	0.0	0.0	
362	1412	5931.785793484	3898.778	3898.778	0.001132	0.0	1048	0	0	0	360	0	0	0	0	0.0	0.0	0.0	0.0	0.015949	0.0	0.0	0.0	0.0	1.26269	0.0	0.0	0.0	5812.0	0.0	0.0	0.0	0.0	0.001205	0.0	0.0	0.0	16.1445	0.0	0.0	0.0	0.0	5	0	0	0	63	0	0	0	0	58	0	0	0	23	0	0	0	0	484	0	0	0	274	0	0	0	0	94	0	0	0	0	0	0	0	0	28	0	0	0	0	0	0	0	0	379	0	0	0	0	0	0	0	0	3.3e-5	0.0	0.0	0.0	0.000988	0.0	0.0	0.0	0.0	0.032711	0.0	0.0	0.0	0.967289	0.0	0.0	0.0	0.0	
363	1413	5934.827893776	3898.778	3898.778	0.001105	0.0	1048	0	0	0	361	0	0	0	0	0.0	0.0	0.0	0.0	0.015125	0.0	0.0	0.0	0.0	1.26269	0.0	0.0	0.0	5815.05	0.0	0.0	0.0	0.0	0.001205	0.0	0.0	0.0	16.1082	0.0	0.0	0.0	0.0	5	0	0	0	63	0	0	0	0	58	0	0	0	23	0	0	0	0	484	0	0	0	275	0	0	0	0	94	0	0	0	0	0	0	0	0	28	0	0	0	0	0	0	0	0	379	0	0	0	0	0	0	0	0	3.3e-5	0.0	0.0	0.0	0.000939	0.0	0.0	0.0	0.0	0.034358	0.0	0.0	0.0	0.965642	0.0	0.0	0.0	0.0	
364	1415	5939.619646594	3898.778	3898.778	0.001099	0.0	1049	0	0	0	362	0	0	0	0	0.0	0.0	0.0	0.0	0.014344	0.0	0.0	0.0	0.0	1.26309	0.0	0.0	0.0	5819.84	0.0	0.0	0.0	0.0	0.001204	0.0	0.0	0.0	16.0769	0.0	0.0	0.0	0.0	5	0	0	0	63	0	0	0	0	58	0	0	0	23	0	0	0	0	485	0	0	0	276	0	0	0	0	94	0	0	0	0	0	0	0	0	28	0	0	0	0	0	0	0	0	379	0	0	0	0	0	0	0	0	3.1e-5	0.0	0.0	0.0	0.000892	0.0	0.0	0.0	0.0	0.033492	0.0	0.0	0.0	0.966508	0.0	0.0	0.0	0.0	
365	1416	5960.465235259	3898.778	3898.778	0.001089	0.0	1049	0	0	0	363	0	0	0	0	0.0	0.0	0.0	0.0	0.013602	0.0	0.0	0.0	0.0	1.26309	0.0	0.0	0.0	5840.68	0.0	0.0	0.0	0.0	0.001204	0.0	0.0	0.0	16.09	0.0	0.0	0.0	0.0	5	0	0	0	63	0	0	0	0	58	0	0	0	23	0	0	0	0	485	0	0	0	277	0	0	0	0	94	0	0	0	0	0	0	0	0	28	0	0	0	0	0	0	0	0	379	0	0	0	0	0	0	0	0	3.1e-5	0.0	0.0	0.0	0.000845	0.0	0.0	0.0	0.0	0.035283	0.0	0.0	0.0	0.964717	0.0	0.0	0.0	0.0	
366	1417	5964.202539047	3898.778	3898.778	0.001046	0.0	1049	0	0	0	364	0	0	0	0	0.0	0.0	0.0	0.0	0.012897	0.0	0.0	0.0	0.0	1.26309	0.0	0.0	0.0	5844.42	0.0	0.0	0.0	0.0	0.001204	0.0	0.0	0.0	16.0561	0.0	0.0	0.0	0.0	5	0	0	0	63	0	0	0	0	58	0	0	0	23	0	0	0	0	485	0	0	0	278	0	0	0	0	94	0	0	0	0	0	0	0	0	28	0	0	0	0	0	0	0	0	379	0	0	0	0	0	0	0	0	3.1e-5	0.0	0.0	0.0	0.000803	0.0	0.0	0.0	0.0	0.037064	0.0	0.0	0.0	0.962936	0.0	0.0	0.0	0.0	
367	1418	5971.79467431	3898.778	3898.778	0.001038	0.0	1049	0	0	0	365	0	0	0	0	0.0	0.0	0.0	0.0	0.012227	0.0	0.0	0.0	0.0	1.26309	0.0	0.0	0.0	5852.01	0.0	0.0	0.0	0.0	0.001204	0.0	0.0	0.0	16.0329	0.0	0.0	0.0	0.0	5	0	0	0	63	0	0	0	0	58	0	0	0	23	0	0	0	0	485	0	0	0	279	0	0	0	0	94	0	0	0	0	0	0	0	0	28	0	0	0	0	0	0	0	0	379	0	0	0	0	0	0	0	0	3.1e-5	0.0	0.0	0.0	0.000763	0.0	0.0	0.0	0.0	0.038961	0.0	0.0	0.0	0.961039	0.0	0.0	0.0	0.0	
368	1419	5975.368536627	3898.778	3898.778	0.001023	0.0	1049	0	0	0	366	0	0	0	0	0.0	0.0	0.0	0.0	0.011591	0.0	0.0	0.0	0.0	1.26309	0.0	0.0	0.0	5855.59	0.0	0.0	0.0	0.0	0.001204	0.0	0.0	0.0	15.9989	0.0	0.0	0.0	0.0	5	0	0	0	63	0	0	0	0	58	0	0	0	23	0	0	0	0	485	0	0	0	280	0	0	0	0	94	0	0	0	0	0	0	0	0	28	0	0	0	0	0	0	0	0	379	0	0	0	0	0	0	0	0	3.1e-5	0.0	0.0	0.0	0.000724	0.0	0.0	0.0	0.0	0.040928	0.0	0.0	0.0	0.959072	0.0	0.0	0.0	0.0	
369	1420	5980.403858676	3898.778	3898.778	0.001016	0.0	1049	0	0	0	367	0	0	0	0	0.0	0.0	0.0	0.0	0.010986	0.0	0.0	0.0	0.0	1.26309	0.0	0.0	0.0	5860.62	0.0	0.0	0.0	0.0	0.001204	0.0	0.0	0.0	15.969	0.0	0.0	0.0	0.0	5	0	0	0	63	0	0	0	0	58	0	0	0	23	0	0	0	0	485	0	0	0	281	0	0	0	0	94	0	0	0	0	0	0	0	0	28	0	0	0	0	0	0	0	0	379	0	0	0	0	0	0	0	0	3.1e-5	0.0	0.0	0.0	0.000688	0.0	0.0	0.0	0.0	0.043005	0.0	0.0	0.0	0.956995	0.0	0.0	0.0	0.0	
370	1421	5984.430694316	3898.778	3898.778	0.001007	0.0	1049	0	0	0	368	0	0	0	0	0.0	0.0	0.0	0.0	0.010412	0.0	0.0	0.0	0.0	1.26309	0.0	0.0	0.0	5864.65	0.0	0.0	0.0	0.0	0.001204	0.0	0.0	0.0	15.9365	0.0	0.0	0.0	0.0	5	0	0	0	63	0	0	0	0	58	0	0	0	23	0	0	0	0	485	0	0	0	282	0	0	0	0	94	0	0	0	0	0	0	0	0	28	0	0	0	0	0	0	0	0	379	0	0	0	0	0	0	0	0	3.1e-5	0.0	0.0	0.0	0.000653	0.0	0.0	0.0	0.0	0.04518	0.0	0.0	0.0	0.954819	0.0	0.0	0.0	0.0	
371	1422	5988.698993829	3898.778	3898.778	0.000999	0.0	1049	0	0	0	369	0	0	0	0	0.0	0.0	0.0	0.0	0.009867	0.0	0.0	0.0	0.0	1.26309	0.0	0.0	0.0	5868.92	0.0	0.0	0.0	0.0	0.001204	0.0	0.0	0.0	15.9049	0.0	0.0	0.0	0.0	5	0	0	0	63	0	0	0	0	58	0	0	0	23	0	0	0	0	485	0	0	0	283	0	0	0	0	94	0	0	0	0	0	0	0	0	28	0	0	0	0	0	0	0	0	379	0	0	0	0	0	0	0	0	3.1e-5	0.0	0.0	0.0	0.00062	0.0	0.0	0.0	0.0	0.047469	0.0	0.0	0.0	0.952531	0.0	0.0	0.0	0.0	
372	1423	6012.313670103	3898.778	3898.778	0.000991	0.0	1049	0	0	0	370	0	0	0	0	0.0	0.0	0.0	0.0	0.009349	0.0	0.0	0.0	0.0	1.26309	0.0	0.0	0.0	5892.53	0.0	0.0	0.0	0.0	0.001204	0.0	0.0	0.0	15.9258	0.0	0.0	0.0	0.0	5	0	0	0	63	0	0	0	0	58	0	0	0	23	0	0	0	0	485	0	0	0	284	0	0	0	0	94	0	0	0	0	0	0	0	0	28	0	0	0	0	0	0	0	0	379	0	0	0	0	0	0	0	0	3.1e-5	0.0	0.0	0.0	0.000587	0.0	0.0	0.0	0.0	0.050029	0.0	0.0	0.0	0.949971	0.0	0.0	0.0	0.0	
373	1424	6017.070199244	3898.778	3898.778	0.000947	0.0	1049	0	0	0	371	0	0	0	0	0.0	0.0	0.0	0.0	0.008857	0.0	0.0	0.0	0.0	1.26309	0.0	0.0	0.0	5897.29	0.0	0.0	0.0	0.0	0.001204	0.0	0.0	0.0	15.8957	0.0	0.0	0.0	0.0	5	0	0	0	63	0	0	0	0	58	0	0	0	23	0	0	0	0	485	0	0	0	285	0	0	0	0	94	0	0	0	0	0	0	0	0	28	0	0	0	0	0	0	0	0	379	0	0	0	0	0	0	0	0	3.1e-5	0.0	0.0	0.0	0.000557	0.0	0.0	0.0	0.0	0.052568	0.0	0.0	0.0	0.947432	0.0	0.0	0.0	0.0	
374	1425	6029.596246287	3898.778	3898.778	0.000938	0.0	1049	0	0	0	372	0	0	0	0	0.0	0.0	0.0	0.0	0.00839	0.0	0.0	0.0	0.0	1.26309	0.0	0.0	0.0	5909.81	0.0	0.0	0.0	0.0	0.001204	0.0	0.0	0.0	15.8866	0.0	0.0	0.0	0.0	5	0	0	0	63	0	0	0	0	58	0	0	0	23	0	0	0	0	485	0	0	0	286	0	0	0	0	94	0	0	0	0	0	0	0	0	28	0	0	0	0	0	0	0	0	379	0	0	0	0	0	0	0	0	3.1e-5	0.0	0.0	0.0	0.000528	0.0	0.0	0.0	0.0	0.055305	0.0	0.0	0.0	0.944695	0.0	0.0	0.0	0.0	
375	1426	6039.554353577	3898.778	3898.778	0.000916	0.0	1049	0	0	0	373	0	0	0	0	0.0	0.0	0.0	0.0	0.007946	0.0	0.0	0.0	0.0	1.26309	0.0	0.0	0.0	5919.77	0.0	0.0	0.0	0.0	0.001204	0.0	0.0	0.0	15.8707	0.0	0.0	0.0	0.0	5	0	0	0	63	0	0	0	0	58	0	0	0	23	0	0	0	0	485	0	0	0	287	0	0	0	0	94	0	0	0	0	0	0	0	0	28	0	0	0	0	0	0	0	0	379	0	0	0	0	0	0	0	0	3.1e-5	0.0	0.0	0.0	0.000501	0.0	0.0	0.0	0.0	0.058161	0.0	0.0	0.0	0.941839	0.0	0.0	0.0	0.0	
376	1427	6046.143465488	3898.778	3898.778	0.000898	0.0	1049	0	0	0	374	0	0	0	0	0.0	0.0	0.0	0.0	0.007524	0.0	0.0	0.0	0.0	1.26309	0.0	0.0	0.0	5926.36	0.0	0.0	0.0	0.0	0.001204	0.0	0.0	0.0	15.8459	0.0	0.0	0.0	0.0	5	0	0	0	63	0	0	0	0	58	0	0	0	23	0	0	0	0	485	0	0	0	288	0	0	0	0	94	0	0	0	0	0	0	0	0	28	0	0	0	0	0	0	0	0	379	0	0	0	0	0	0	0	0	3.1e-5	0.0	0.0	0.0	0.000475	0.0	0.0	0.0	0.0	0.061132	0.0	0.0	0.0	0.938868	0.0	0.0	0.0	0.0	
377	1428	6059.325760394	3898.778	3898.778	0.000887	0.0	1049	0	0	0	375	0	0	0	0	0.0	0.0	0.0	0.0	0.007123	0.0	0.0	0.0	0.0	1.26309	0.0	0.0	0.0	5939.54	0.0	0.0	0.0	0.0	0.001204	0.0	0.0	0.0	15.8388	0.0	0.0	0.0	0.0	5	0	0	0	63	0	0	0	0	58	0	0	0	23	0	0	0	0	485	0	0	0	289	0	0	0	0	94	0	0	0	0	0	0	0	0	28	0	0	0	0	0	0	0	0	379	0	0	0	0	0	0	0	0	3.1e-5	0.0	0.0	0.0	0.00045	0.0	0.0	0.0	0.0	0.064322	0.0	0.0	0.0	0.935678	0.0	0.0	0.0	0.0	
378	1429	6065.935975851	3898.778	3898.778	0.000865	0.0	1049	0	0	0	376	0	0	0	0	0.0	0.0	0.0	0.0	0.006743	0.0	0.0	0.0	0.0	1.26309	0.0	0.0	0.0	5946.15	0.0	0.0	0.0	0.0	0.001204	0.0	0.0	0.0	15.8142	0.0	0.0	0.0	0.0	5	0	0	0	63	0	0	0	0	58	0	0	0	23	0	0	0	0	485	0	0	0	290	0	0	0	0	94	0	0	0	0	0	0	0	0	28	0	0	0	0	0	0	0	0	379	0	0	0	0	0	0	0	0	3.1e-5	0.0	0.0	0.0	0.000426	0.0	0.0	0.0	0.0	0.06761	0.0	0.0	0.0	0.93239	0.0	0.0	0.0	0.0	
379	1430	6070.534504663	3898.778	3898.778	0.000854	0.0	1049	0	0	0	377	0	0	0	0	0.0	0.0	0.0	0.0	0.006381	0.0	0.0	0.0	0.0	1.26309	0.0	0.0	0.0	5950.75	0.0	0.0	0.0	0.0	0.001204	0.0	0.0	0.0	15.7845	0.0	0.0	0.0	0.0	5	0	0	0	63	0	0	0	0	58	0	0	0	23	0	0	0	0	485	0	0	0	291	0	0	0	0	94	0	0	0	0	0	0	0	0	28	0	0	0	0	0	0	0	0	379	0	0	0	0	0	0	0	0	3.1e-5	0.0	0.0	0.0	0.000404	0.0	0.0	0.0	0.0	0.071044	0.0	0.0	0.0	0.928956	0.0	0.0	0.0	0.0	
380	1432	6136.108717312	3898.778	3898.778	0.000846	0.0	1050	0	0	0	378	0	0	0	0	0.0	0.0	0.0	0.0	0.00604	0.0	0.0	0.0	0.0	1.2635	0.0	0.0	0.0	6016.33	0.0	0.0	0.0	0.0	0.001203	0.0	0.0	0.0	15.9162	0.0	0.0	0.0	0.0	5	0	0	0	63	0	0	0	0	58	0	0	0	23	0	0	0	0	485	0	0	0	292	0	0	0	0	95	0	0	0	0	0	0	0	0	28	0	0	0	0	0	0	0	0	379	0	0	0	0	0	0	0	0	2.8e-5	0.0	0.0	0.0	0.000379	0.0	0.0	0.0	0.0	0.068353	0.0	0.0	0.0	0.931647	0.0	0.0	0.0	0.0	
381	1433	6138.406261025	3898.778	3898.778	0.000746	0.0	1050	0	0	0	379	0	0	0	0	0.0	0.0	0.0	0.0	0.005716	0.0	0.0	0.0	0.0	1.2635	0.0	0.0	0.0	6018.62	0.0	0.0	0.0	0.0	0.001203	0.0	0.0	0.0	15.8803	0.0	0.0	0.0	0.0	5	0	0	0	63	0	0	0	0	58	0	0	0	23	0	0	0	0	485	0	0	0	293	0	0	0	0	95	0	0	0	0	0	0	0	0	28	0	0	0	0	0	0	0	0	379	0	0	0	0	0	0	0	0	2.8e-5	0.0	0.0	0.0	0.00036	0.0	0.0	0.0	0.0	0.0718	0.0	0.0	0.0	0.9282	0.0	0.0	0.0	0.0	
382	1434	6143.965586551	3898.778	3898.778	0.000743	0.0	1050	0	0	0	380	0	0	0	0	0.0	0.0	0.0	0.0	0.005408	0.0	0.0	0.0	0.0	1.2635	0.0	0.0	0.0	6024.18	0.0	0.0	0.0	0.0	0.001203	0.0	0.0	0.0	15.8531	0.0	0.0	0.0	0.0	5	0	0	0	63	0	0	0	0	58	0	0	0	23	0	0	0	0	485	0	0	0	294	0	0	0	0	95	0	0	0	0	0	0	0	0	28	0	0	0	0	0	0	0	0	379	0	0	0	0	0	0	0	0	2.8e-5	0.0	0.0	0.0	0.000341	0.0	0.0	0.0	0.0	0.07546	0.0	0.0	0.0	0.924541	0.0	0.0	0.0	0.0	
383	1435	6147.141451083	3898.778	3898.778	0.000735	0.0	1050	0	0	0	381	0	0	0	0	0.0	0.0	0.0	0.0	0.005115	0.0	0.0	0.0	0.0	1.2635	0.0	0.0	0.0	6027.36	0.0	0.0	0.0	0.0	0.001203	0.0	0.0	0.0	15.8198	0.0	0.0	0.0	0.0	5	0	0	0	63	0	0	0	0	58	0	0	0	23	0	0	0	0	485	0	0	0	295	0	0	0	0	95	0	0	0	0	0	0	0	0	28	0	0	0	0	0	0	0	0	379	0	0	0	0	0	0	0	0	2.8e-5	0.0	0.0	0.0	0.000323	0.0	0.0	0.0	0.0	0.079278	0.0	0.0	0.0	0.920722	0.0	0.0	0.0	0.0	
384	1436	6163.582770875	3898.778	3898.778	0.00073	0.0	1050	0	0	0	382	0	0	0	0	0.0	0.0	0.0	0.0	0.004838	0.0	0.0	0.0	0.0	1.2635	0.0	0.0	0.0	6043.8	0.0	0.0	0.0	0.0	0.001203	0.0	0.0	0.0	15.8215	0.0	0.0	0.0	0.0	5	0	0	0	63	0	0	0	0	58	0	0	0	23	0	0	0	0	485	0	0	0	296	0	0	0	0	95	0	0	0	0	0	0	0	0	28	0	0	0	0	0	0	0	0	379	0	0	0	0	0	0	0	0	2.8e-5	0.0	0.0	0.0	0.000306	0.0	0.0	0.0	0.0	0.083458	0.0	0.0	0.0	0.916542	0.0	0.0	0.0	0.0	
385	1437	6185.885764671	3898.778	3898.778	0.000708	0.0	1050	0	0	0	383	0	0	0	0	0.0	0.0	0.0	0.0	0.004574	0.0	0.0	0.0	0.0	1.2635	0.0	0.0	0.0	6066.1	0.0	0.0	0.0	0.0	0.001203	0.0	0.0	0.0	15.8384	0.0	0.0	0.0	0.0	5	0	0	0	63	0	0	0	0	58	0	0	0	23	0	0	0	0	485	0	0	0	297	0	0	0	0	95	0	0	0	0	0	0	0	0	28	0	0	0	0	0	0	0	0	379	0	0	0	0	0	0	0	0	2.8e-5	0.0	0.0	0.0	0.000289	0.0	0.0	0.0	0.0	0.087936	0.0	0.0	0.0	0.912064	0.0	0.0	0.0	0.0	
386	1438	6205.948920046	3898.778	3898.778	0.000678	0.0	1050	0	0	0	384	0	0	0	0	0.0	0.0	0.0	0.0	0.004323	0.0	0.0	0.0	0.0	1.2635	0.0	0.0	0.0	6086.17	0.0	0.0	0.0	0.0	0.001203	0.0	0.0	0.0	15.8494	0.0	0.0	0.0	0.0	5	0	0	0	63	0	0	0	0	58	0	0	0	23	0	0	0	0	485	0	0	0	298	0	0	0	0	95	0	0	0	0	0	0	0	0	28	0	0	0	0	0	0	0	0	379	0	0	0	0	0	0	0	0	2.8e-5	0.0	0.0	0.0	0.000273	0.0	0.0	0.0	0.0	0.092623	0.0	0.0	0.0	0.907377	0.0	0.0	0.0	0.0	
387	1439	6226.520193541	3898.778	3898.778	0.000652	0.0	1050	0	0	0	385	0	0	0	0	0.0	0.0	0.0	0.0	0.004085	0.0	0.0	0.0	0.0	1.2635	0.0	0.0	0.0	6106.74	0.0	0.0	0.0	0.0	0.001203	0.0	0.0	0.0	15.8617	0.0	0.0	0.0	0.0	5	0	0	0	63	0	0	0	0	58	0	0	0	23	0	0	0	0	485	0	0	0	299	0	0	0	0	95	0	0	0	0	0	0	0	0	28	0	0	0	0	0	0	0	0	379	0	0	0	0	0	0	0	0	2.8e-5	0.0	0.0	0.0	0.000258	0.0	0.0	0.0	0.0	0.097566	0.0	0.0	0.0	0.902434	0.0	0.0	0.0	0.0	
388	1440	6230.642426968	3898.778	3898.778	0.000627	0.0	1050	0	0	0	386	0	0	0	0	0.0	0.0	0.0	0.0	0.003858	0.0	0.0	0.0	0.0	1.2635	0.0	0.0	0.0	6110.86	0.0	0.0	0.0	0.0	0.001203	0.0	0.0	0.0	15.8312	0.0	0.0	0.0	0.0	5	0	0	0	63	0	0	0	0	58	0	0	0	23	0	0	0	0	485	0	0	0	300	0	0	0	0	95	0	0	0	0	0	0	0	0	28	0	0	0	0	0	0	0	0	379	0	0	0	0	0	0	0	0	2.8e-5	0.0	0.0	0.0	0.000244	0.0	0.0	0.0	0.0	0.102524	0.0	0.0	0.0	0.897476	0.0	0.0	0.0	0.0	
389	1441	6235.218761829	3898.778	3898.778	0.000622	0.0	1050	0	0	0	387	0	0	0	0	0.0	0.0	0.0	0.0	0.003644	0.0	0.0	0.0	0.0	1.2635	0.0	0.0	0.0	6115.44	0.0	0.0	0.0	0.0	0.001203	0.0	0.0	0.0	15.8022	0.0	0.0	0.0	0.0	5	0	0	0	63	0	0	0	0	58	0	0	0	23	0	0	0	0	485	0	0	0	301	0	0	0	0	95	0	0	0	0	0	0	0	0	28	0	0	0	0	0	0	0	0	379	0	0	0	0	0	0	0	0	2.8e-5	0.0	0.0	0.0	0.000231	0.0	0.0	0.0	0.0	0.107743	0.0	0.0	0.0	0.892257	0.0	0.0	0.0	0.0	
390	1442	6248.320057469	3898.778	3898.778	0.000617	0.0	1050	0	0	0	388	0	0	0	0	0.0	0.0	0.0	0.0	0.003439	0.0	0.0	0.0	0.0	1.2635	0.0	0.0	0.0	6128.54	0.0	0.0	0.0	0.0	0.001203	0.0	0.0	0.0	15.7952	0.0	0.0	0.0	0.0	5	0	0	0	63	0	0	0	0	58	0	0	0	23	0	0	0	0	485	0	0	0	302	0	0	0	0	95	0	0	0	0	0	0	0	0	28	0	0	0	0	0	0	0	0	379	0	0	0	0	0	0	0	0	2.8e-5	0.0	0.0	0.0	0.000218	0.0	0.0	0.0	0.0	0.113369	0.0	0.0	0.0	0.886631	0.0	0.0	0.0	0.0	
391	1443	6251.564152719	3898.778	3898.778	0.000601	0.0	1050	0	0	0	389	0	0	0	0	0.0	0.0	0.0	0.0	0.003245	0.0	0.0	0.0	0.0	1.2635	0.0	0.0	0.0	6131.78	0.0	0.0	0.0	0.0	0.001203	0.0	0.0	0.0	15.7629	0.0	0.0	0.0	0.0	5	0	0	0	63	0	0	0	0	58	0	0	0	23	0	0	0	0	485	0	0	0	303	0	0	0	0	95	0	0	0	0	0	0	0	0	28	0	0	0	0	0	0	0	0	379	0	0	0	0	0	0	0	0	2.8e-5	0.0	0.0	0.0	0.000206	0.0	0.0	0.0	0.0	0.119121	0.0	0.0	0.0	0.880879	0.0	0.0	0.0	0.0	
392	1444	6254.317219697	3898.778	3898.778	0.000597	0.0	1050	0	0	0	390	0	0	0	0	0.0	0.0	0.0	0.0	0.003061	0.0	0.0	0.0	0.0	1.2635	0.0	0.0	0.0	6134.53	0.0	0.0	0.0	0.0	0.001203	0.0	0.0	0.0	15.7296	0.0	0.0	0.0	0.0	5	0	0	0	63	0	0	0	0	58	0	0	0	23	0	0	0	0	485	0	0	0	304	0	0	0	0	95	0	0	0	0	0	0	0	0	28	0	0	0	0	0	0	0	0	379	0	0	0	0	0	0	0	0	2.8e-5	0.0	0.0	0.0	0.000195	0.0	0.0	0.0	0.0	0.125159	0.0	0.0	0.0	0.874841	0.0	0.0	0.0	0.0	
393	1446	6434.456171256	3898.778	3898.778	0.000594	0.0	1051	0	0	0	391	0	0	0	0	0.0	0.0	0.0	0.0	0.002888	0.0	0.0	0.0	0.0	1.26374	0.0	0.0	0.0	6314.67	0.0	0.0	0.0	0.0	0.001202	0.0	0.0	0.0	16.1501	0.0	0.0	0.0	0.0	5	0	0	0	63	0	0	0	0	58	0	0	0	23	0	0	0	0	485	0	0	0	305	0	0	0	0	95	0	0	0	0	0	0	0	0	28	0	0	0	0	0	0	0	0	380	0	0	0	0	0	0	0	0	2.5e-5	0.0	0.0	0.0	0.000179	0.0	0.0	0.0	0.0	0.122973	0.0	0.0	0.0	0.877027	0.0	0.0	0.0	0.0	
394	1447	6449.032290305	3898.778	3898.778	0.00042	0.0	1051	0	0	0	392	0	0	0	0	0.0	0.0	0.0	0.0	0.002724	0.0	0.0	0.0	0.0	1.26374	0.0	0.0	0.0	6329.25	0.0	0.0	0.0	0.0	0.001202	0.0	0.0	0.0	16.146	0.0	0.0	0.0	0.0	5	0	0	0	63	0	0	0	0	58	0	0	0	23	0	0	0	0	485	0	0	0	306	0	0	0	0	95	0	0	0	0	0	0	0	0	28	0	0	0	0	0	0	0	0	380	0	0	0	0	0	0	0	0	2.5e-5	0.0	0.0	0.0	0.000169	0.0	0.0	0.0	0.0	0.129417	0.0	0.0	0.0	0.870583	0.0	0.0	0.0	0.0	
395	1448	6468.020584505	3898.778	3898.778	0.000409	0.0	1051	0	0	0	393	0	0	0	0	0.0	0.0	0.0	0.0	0.002567	0.0	0.0	0.0	0.0	1.26374	0.0	0.0	0.0	6348.24	0.0	0.0	0.0	0.0	0.001202	0.0	0.0	0.0	16.1533	0.0	0.0	0.0	0.0	5	0	0	0	63	0	0	0	0	58	0	0	0	23	0	0	0	0	485	0	0	0	307	0	0	0	0	95	0	0	0	0	0	0	0	0	28	0	0	0	0	0	0	0	0	380	0	0	0	0	0	0	0	0	2.5e-5	0.0	0.0	0.0	0.000159	0.0	0.0	0.0	0.0	0.136281	0.0	0.0	0.0	0.863719	0.0	0.0	0.0	0.0	
396	1450	6474.127759351	3898.778	3898.778	0.000394	0.0	1052	0	0	0	394	0	0	0	0	0.0	0.0	0.0	0.0	0.002421	0.0	0.0	0.0	0.0	1.26398	0.0	0.0	0.0	6354.34	0.0	0.0	0.0	0.0	0.001202	0.0	0.0	0.0	16.1278	0.0	0.0	0.0	0.0	5	0	0	0	63	0	0	0	0	58	0	0	0	23	0	0	0	0	485	0	0	0	308	0	0	0	0	95	0	0	0	0	0	0	0	0	28	0	0	0	0	0	0	0	0	381	0	0	0	0	0	0	0	0	2.3e-5	0.0	0.0	0.0	0.00015	0.0	0.0	0.0	0.0	0.1308	0.0	0.0	0.0	0.8692	0.0	0.0	0.0	0.0	
397	1451	6490.256106556	3898.778	3898.778	0.000389	0.0	1052	0	0	0	395	0	0	0	0	0.0	0.0	0.0	0.0	0.002281	0.0	0.0	0.0	0.0	1.26398	0.0	0.0	0.0	6370.47	0.0	0.0	0.0	0.0	0.001202	0.0	0.0	0.0	16.1278	0.0	0.0	0.0	0.0	5	0	0	0	63	0	0	0	0	58	0	0	0	23	0	0	0	0	485	0	0	0	309	0	0	0	0	95	0	0	0	0	0	0	0	0	28	0	0	0	0	0	0	0	0	381	0	0	0	0	0	0	0	0	2.3e-5	0.0	0.0	0.0	0.000141	0.0	0.0	0.0	0.0	0.137684	0.0	0.0	0.0	0.862316	0.0	0.0	0.0	0.0	
398	1452	6492.588278148	3898.778	3898.778	0.000377	0.0	1052	0	0	0	396	0	0	0	0	0.0	0.0	0.0	0.0	0.002149	0.0	0.0	0.0	0.0	1.26398	0.0	0.0	0.0	6372.81	0.0	0.0	0.0	0.0	0.001202	0.0	0.0	0.0	16.0929	0.0	0.0	0.0	0.0	5	0	0	0	63	0	0	0	0	58	0	0	0	23	0	0	0	0	485	0	0	0	310	0	0	0	0	95	0	0	0	0	0	0	0	0	28	0	0	0	0	0	0	0	0	381	0	0	0	0	0	0	0	0	2.3e-5	0.0	0.0	0.0	0.000134	0.0	0.0	0.0	0.0	0.144663	0.0	0.0	0.0	0.855337	0.0	0.0	0.0	0.0	
399	1453	6496.681138102	3898.778	3898.778	0.000376	0.0	1052	0	0	0	397	0	0	0	0	0.0	0.0	0.0	0.0	0.002024	0.0	0.0	0.0	0.0	1.26398	0.0	0.0	0.0	6376.9	0.0	0.0	0.0	0.0	0.001202	0.0	0.0	0.0	16.0627	0.0	0.0	0.0	0.0	5	0	0	0	63	0	0	0	0	58	0	0	0	23	0	0	0	0	485	0	0	0	311	0	0	0	0	95	0	0	0	0	0	0	0	0	28	0	0	0	0	0	0	0	0	381	0	0	0	0	0	0	0	0	2.3e-5	0.0	0.0	0.0	0.000126	0.0	0.0	0.0	0.0	0.152034	0.0	0.0	0.0	0.847966	0.0	0.0	0.0	0.0	
400	1454	6514.095842997	3898.778	3898.778	0.000373	0.0	1052	0	0	0	398	0	0	0	0	0.0	0.0	0.0	0.0	0.001904	0.0	0.0	0.0	0.0	1.26398	0.0	0.0	0.0	6394.31	0.0	0.0	0.0	0.0	0.001202	0.0	0.0	0.0	16.0661	0.0	0.0	0.0	0.0	5	0	0	0	63	0	0	0	0	58	0	0	0	23	0	0	0	0	485	0	0	0	312	0	0	0	0	95	0	0	0	0	0	0	0	0	28	0	0	0	0	0	0	0	0	381	0	0	0	0	0	0	0	0	2.3e-5	0.0	0.0	0.0	0.000119	0.0	0.0	0.0	0.0	0.160064	0.0	0.0	0.0	0.839936	0.0	0.0	0.0	0.0	
401	1455	6520.257126238	3898.778	3898.778	0.000361	0.0	1052	0	0	0	399	0	0	0	0	0.0	0.0	0.0	0.0	0.001791	0.0	0.0	0.0	0.0	1.26398	0.0	0.0	0.0	6400.47	0.0	0.0	0.0	0.0	0.001202	0.0	0.0	0.0	16.0413	0.0	0.0	0.0	0.0	5	0	0	0	63	0	0	0	0	58	0	0	0	23	0	0	0	0	485	0	0	0	313	0	0	0	0	95	0	0	0	0	0	0	0	0	28	0	0	0	0	0	0	0	0	381	0	0	0	0	0	0	0	0	2.3e-5	0.0	0.0	0.0	0.000112	0.0	0.0	0.0	0.0	0.168272	0.0	0.0	0.0	0.831728	0.0	0.0	0.0	0.0	
402	1456	6543.704081507	3898.778	3898.778	0.000356	0.0	1052	0	0	0	400	0	0	0	0	0.0	0.0	0.0	0.0	0.001683	0.0	0.0	0.0	0.0	1.26398	0.0	0.0	0.0	6423.92	0.0	0.0	0.0	0.0	0.001202	0.0	0.0	0.0	16.0598	0.0	0.0	0.0	0.0	5	0	0	0	63	0	0	0	0	58	0	0	0	23	0	0	0	0	485	0	0	0	314	0	0	0	0	95	0	0	0	0	0	0	0	0	28	0	0	0	0	0	0	0	0	381	0	0	0	0	0	0	0	0	2.3e-5	0.0	0.0	0.0	0.000105	0.0	0.0	0.0	0.0	0.177297	0.0	0.0	0.0	0.822703	0.0	0.0	0.0	0.0	
403	1457	6572.584884868	3898.778	3898.778	0.000341	0.0	1052	0	0	0	401	0	0	0	0	0.0	0.0	0.0	0.0	0.001581	0.0	0.0	0.0	0.0	1.26398	0.0	0.0	0.0	6452.8	0.0	0.0	0.0	0.0	0.001202	0.0	0.0	0.0	16.0918	0.0	0.0	0.0	0.0	5	0	0	0	63	0	0	0	0	58	0	0	0	23	0	0	0	0	485	0	0	0	315	0	0	0	0	95	0	0	0	0	0	0	0	0	28	0	0	0	0	0	0	0	0	381	0	0	0	0	0	0	0	0	2.3e-5	0.0	0.0	0.0	9.8e-5	0.0	0.0	0.0	0.0	0.18693	0.0	0.0	0.0	0.81307	0.0	0.0	0.0	0.0	
404	1459	6583.144920706	3898.778	3898.778	0.000322	0.0	1053	0	0	0	402	0	0	0	0	0.0	0.0	0.0	0.0	0.001485	0.0	0.0	0.0	0.0	1.26423	0.0	0.0	0.0	6463.36	0.0	0.0	0.0	0.0	0.001201	0.0	0.0	0.0	16.078	0.0	0.0	0.0	0.0	5	0	0	0	63	0	0	0	0	58	0	0	0	23	0	0	0	0	485	0	0	0	316	0	0	0	0	95	0	0	0	0	0	0	0	0	28	0	0	0	0	0	0	0	0	382	0	0	0	0	0	0	0	0	2.0e-5	0.0	0.0	0.0	9.2e-5	0.0	0.0	0.0	0.0	0.180451	0.0	0.0	0.0	0.819549	0.0	0.0	0.0	0.0	
405	1460	6585.890118761	3898.778	3898.778	0.000316	0.0	1053	0	0	0	403	0	0	0	0	0.0	0.0	0.0	0.0	0.001395	0.0	0.0	0.0	0.0	1.26423	0.0	0.0	0.0	6466.11	0.0	0.0	0.0	0.0	0.001201	0.0	0.0	0.0	16.0449	0.0	0.0	0.0	0.0	5	0	0	0	63	0	0	0	0	58	0	0	0	23	0	0	0	0	485	0	0	0	317	0	0	0	0	95	0	0	0	0	0	0	0	0	28	0	0	0	0	0	0	0	0	382	0	0	0	0	0	0	0	0	2.0e-5	0.0	0.0	0.0	8.7e-5	0.0	0.0	0.0	0.0	0.189631	0.0	0.0	0.0	0.810369	0.0	0.0	0.0	0.0	
406	1461	6588.560782843	3898.778	3898.778	0.000314	0.0	1053	0	0	0	404	0	0	0	0	0.0	0.0	0.0	0.0	0.001309	0.0	0.0	0.0	0.0	1.26423	0.0	0.0	0.0	6468.78	0.0	0.0	0.0	0.0	0.001201	0.0	0.0	0.0	16.0118	0.0	0.0	0.0	0.0	5	0	0	0	63	0	0	0	0	58	0	0	0	23	0	0	0	0	485	0	0	0	318	0	0	0	0	95	0	0	0	0	0	0	0	0	28	0	0	0	0	0	0	0	0	382	0	0	0	0	0	0	0	0	2.0e-5	0.0	0.0	0.0	8.2e-5	0.0	0.0	0.0	0.0	0.199282	0.0	0.0	0.0	0.800718	0.0	0.0	0.0	0.0	
407	1463	6595.979146844	3898.778	3898.778	0.000312	0.0	1054	0	0	0	405	0	0	0	0	0.0	0.0	0.0	0.0	0.001229	0.0	0.0	0.0	0.0	1.26464	0.0	0.0	0.0	6476.2	0.0	0.0	0.0	0.0	0.0012	0.0	0.0	0.0	15.9906	0.0	0.0	0.0	0.0	5	0	0	0	63	0	0	0	0	58	0	0	0	23	0	0	0	0	485	0	0	0	319	0	0	0	0	96	0	0	0	0	0	0	0	0	28	0	0	0	0	0	0	0	0	382	0	0	0	0	0	0	0	0	1.8e-5	0.0	0.0	0.0	7.7e-5	0.0	0.0	0.0	0.0	0.192525	0.0	0.0	0.0	0.807475	0.0	0.0	0.0	0.0	
408	1465	6599.939565701	3898.778	3898.778	0.000308	0.0	1055	0	0	0	406	0	0	0	0	0.0	0.0	0.0	0.0	0.001154	0.0	0.0	0.0	0.0	1.26487	0.0	0.0	0.0	6480.16	0.0	0.0	0.0	0.0	0.001199	0.0	0.0	0.0	15.961	0.0	0.0	0.0	0.0	5	0	0	0	63	0	0	0	0	58	0	0	0	23	0	0	0	0	485	0	0	0	320	0	0	0	0	96	0	0	0	0	0	0	0	0	28	0	0	0	0	0	0	0	0	383	0	0	0	0	0	0	0	0	1.7e-5	0.0	0.0	0.0	7.2e-5	0.0	0.0	0.0	0.0	0.185809	0.0	0.0	0.0	0.814191	0.0	0.0	0.0	0.0	
409	1466	6617.742188738	3898.778	3898.778	0.000306	0.0	1055	0	0	0	407	0	0	0	0	0.0	0.0	0.0	0.0	0.001083	0.0	0.0	0.0	0.0	1.26487	0.0	0.0	0.0	6497.96	0.0	0.0	0.0	0.0	0.001199	0.0	0.0	0.0	15.9655	0.0	0.0	0.0	0.0	5	0	0	0	63	0	0	0	0	58	0	0	0	23	0	0	0	0	485	0	0	0	321	0	0	0	0	96	0	0	0	0	0	0	0	0	28	0	0	0	0	0	0	0	0	383	0	0	0	0	0	0	0	0	1.7e-5	0.0	0.0	0.0	6.8e-5	0.0	0.0	0.0	0.0	0.195633	0.0	0.0	0.0	0.804367	0.0	0.0	0.0	0.0	
410	1467	6623.136358815	3898.778	3898.778	0.000295	0.0	1055	0	0	0	408	0	0	0	0	0.0	0.0	0.0	0.0	0.001016	0.0	0.0	0.0	0.0	1.26487	0.0	0.0	0.0	6503.35	0.0	0.0	0.0	0.0	0.001199	0.0	0.0	0.0	15.9396	0.0	0.0	0.0	0.0	5	0	0	0	63	0	0	0	0	58	0	0	0	23	0	0	0	0	485	0	0	0	322	0	0	0	0	96	0	0	0	0	0	0	0	0	28	0	0	0	0	0	0	0	0	383	0	0	0	0	0	0	0	0	1.7e-5	0.0	0.0	0.0	6.4e-5	0.0	0.0	0.0	0.0	0.205664	0.0	0.0	0.0	0.794336	0.0	0.0	0.0	0.0	
411	1470	6627.128743249	3898.778	3898.778	0.000292	0.0	1057	0	0	0	409	0	0	0	0	0.0	0.0	0.0	0.0	0.000954	0.0	0.0	0.0	0.0	1.26542	0.0	0.0	0.0	6507.34	0.0	0.0	0.0	0.0	0.001197	0.0	0.0	0.0	15.9104	0.0	0.0	0.0	0.0	5	0	0	0	63	0	0	0	0	58	0	0	0	23	0	0	0	0	485	0	0	0	323	0	0	0	0	97	0	0	0	0	0	0	0	0	28	0	0	0	0	0	0	0	0	384	0	0	0	0	0	0	0	0	1.3e-5	0.0	0.0	0.0	6.0e-5	0.0	0.0	0.0	0.0	0.182433	0.0	0.0	0.0	0.817567	0.0	0.0	0.0	0.0	
412	1472	6632.953451541	3898.778	3898.778	0.00029	0.0	1058	0	0	0	410	0	0	0	0	0.0	0.0	0.0	0.0	0.000897	0.0	0.0	0.0	0.0	1.26561	0.0	0.0	0.0	6513.17	0.0	0.0	0.0	0.0	0.001196	0.0	0.0	0.0	15.8858	0.0	0.0	0.0	0.0	5	0	0	0	63	0	0	0	0	58	0	0	0	23	0	0	0	0	485	0	0	0	324	0	0	0	0	97	0	0	0	0	0	0	0	0	28	0	0	0	0	0	0	0	0	385	0	0	0	0	0	0	0	0	1.2e-5	0.0	0.0	0.0	5.6e-5	0.0	0.0	0.0	0.0	0.175934	0.0	0.0	0.0	0.824066	0.0	0.0	0.0	0.0	
413	1473	6643.060596285	3898.778	3898.778	0.000287	0.0	1058	0	0	0	411	0	0	0	0	0.0	0.0	0.0	0.0	0.000843	0.0	0.0	0.0	0.0	1.26561	0.0	0.0	0.0	6523.28	0.0	0.0	0.0	0.0	0.001196	0.0	0.0	0.0	15.8717	0.0	0.0	0.0	0.0	5	0	0	0	63	0	0	0	0	58	0	0	0	23	0	0	0	0	485	0	0	0	325	0	0	0	0	97	0	0	0	0	0	0	0	0	28	0	0	0	0	0	0	0	0	385	0	0	0	0	0	0	0	0	1.2e-5	0.0	0.0	0.0	5.3e-5	0.0	0.0	0.0	0.0	0.18506	0.0	0.0	0.0	0.81494	0.0	0.0	0.0	0.0	
414	1474	6666.793774415	3898.778	3898.778	0.000281	0.0	1058	0	0	0	412	0	0	0	0	0.0	0.0	0.0	0.0	0.000791	0.0	0.0	0.0	0.0	1.26561	0.0	0.0	0.0	6547.01	0.0	0.0	0.0	0.0	0.001196	0.0	0.0	0.0	15.8908	0.0	0.0	0.0	0.0	5	0	0	0	63	0	0	0	0	58	0	0	0	23	0	0	0	0	485	0	0	0	326	0	0	0	0	97	0	0	0	0	0	0	0	0	28	0	0	0	0	0	0	0	0	385	0	0	0	0	0	0	0	0	1.2e-5	0.0	0.0	0.0	5.0e-5	0.0	0.0	0.0	0.0	0.194988	0.0	0.0	0.0	0.805012	0.0	0.0	0.0	0.0	
415	1475	6672.523930374	3898.778	3898.778	0.000269	0.0	1058	0	0	0	413	0	0	0	0	0.0	0.0	0.0	0.0	0.000742	0.0	0.0	0.0	0.0	1.26561	0.0	0.0	0.0	6552.74	0.0	0.0	0.0	0.0	0.001196	0.0	0.0	0.0	15.8662	0.0	0.0	0.0	0.0	5	0	0	0	63	0	0	0	0	58	0	0	0	23	0	0	0	0	485	0	0	0	327	0	0	0	0	97	0	0	0	0	0	0	0	0	28	0	0	0	0	0	0	0	0	385	0	0	0	0	0	0	0	0	1.2e-5	0.0	0.0	0.0	4.7e-5	0.0	0.0	0.0	0.0	0.204998	0.0	0.0	0.0	0.795002	0.0	0.0	0.0	0.0	
416	1477	6678.372136777	3898.778	3898.778	0.000266	0.0	1059	0	0	0	414	0	0	0	0	0.0	0.0	0.0	0.0	0.000696	0.0	0.0	0.0	0.0	1.26585	0.0	0.0	0.0	6558.59	0.0	0.0	0.0	0.0	0.001195	0.0	0.0	0.0	15.842	0.0	0.0	0.0	0.0	5	0	0	0	63	0	0	0	0	58	0	0	0	23	0	0	0	0	485	0	0	0	328	0	0	0	0	97	0	0	0	0	0	0	0	0	28	0	0	0	0	0	0	0	0	386	0	0	0	0	0	0	0	0	1.1e-5	0.0	0.0	0.0	4.4e-5	0.0	0.0	0.0	0.0	0.198152	0.0	0.0	0.0	0.801848	0.0	0.0	0.0	0.0	
417	1478	6686.07648598	3898.778	3898.778	0.000263	0.0	1059	0	0	0	415	0	0	0	0	0.0	0.0	0.0	0.0	0.000653	0.0	0.0	0.0	0.0	1.26585	0.0	0.0	0.0	6566.29	0.0	0.0	0.0	0.0	0.001195	0.0	0.0	0.0	15.8224	0.0	0.0	0.0	0.0	5	0	0	0	63	0	0	0	0	58	0	0	0	23	0	0	0	0	485	0	0	0	329	0	0	0	0	97	0	0	0	0	0	0	0	0	28	0	0	0	0	0	0	0	0	386	0	0	0	0	0	0	0	0	1.1e-5	0.0	0.0	0.0	4.1e-5	0.0	0.0	0.0	0.0	0.208377	0.0	0.0	0.0	0.791623	0.0	0.0	0.0	0.0	
418	1479	6691.46019411	3898.778	3898.778	0.000259	0.0	1059	0	0	0	416	0	0	0	0	0.0	0.0	0.0	0.0	0.000611	0.0	0.0	0.0	0.0	1.26585	0.0	0.0	0.0	6571.67	0.0	0.0	0.0	0.0	0.001195	0.0	0.0	0.0	15.7973	0.0	0.0	0.0	0.0	5	0	0	0	63	0	0	0	0	58	0	0	0	23	0	0	0	0	485	0	0	0	330	0	0	0	0	97	0	0	0	0	0	0	0	0	28	0	0	0	0	0	0	0	0	386	0	0	0	0	0	0	0	0	1.1e-5	0.0	0.0	0.0	3.9e-5	0.0	0.0	0.0	0.0	0.219072	0.0	0.0	0.0	0.780928	0.0	0.0	0.0	0.0	
419	1480	6699.822199133	3898.778	3898.778	0.000256	0.0	1059	0	0	0	417	0	0	0	0	0.0	0.0	0.0	0.0	0.000572	0.0	0.0	0.0	0.0	1.26585	0.0	0.0	0.0	6580.04	0.0	0.0	0.0	0.0	0.001195	0.0	0.0	0.0	15.7795	0.0	0.0	0.0	0.0	5	0	0	0	63	0	0	0	0	58	0	0	0	23	0	0	0	0	485	0	0	0	331	0	0	0	0	97	0	0	0	0	0	0	0	0	28	0	0	0	0	0	0	0	0	386	0	0	0	0	0	0	0	0	1.1e-5	0.0	0.0	0.0	3.6e-5	0.0	0.0	0.0	0.0	0.230402	0.0	0.0	0.0	0.769598	0.0	0.0	0.0	0.0	
420	1481	6705.666237207	3898.778	3898.778	0.000252	0.0	1059	0	0	0	418	0	0	0	0	0.0	0.0	0.0	0.0	0.000535	0.0	0.0	0.0	0.0	1.26585	0.0	0.0	0.0	6585.88	0.0	0.0	0.0	0.0	0.001195	0.0	0.0	0.0	15.7557	0.0	0.0	0.0	0.0	5	0	0	0	63	0	0	0	0	58	0	0	0	23	0	0	0	0	485	0	0	0	332	0	0	0	0	97	0	0	0	0	0	0	0	0	28	0	0	0	0	0	0	0	0	386	0	0	0	0	0	0	0	0	1.1e-5	0.0	0.0	0.0	3.4e-5	0.0	0.0	0.0	0.0	0.242251	0.0	0.0	0.0	0.757749	0.0	0.0	0.0	0.0	
421	1482	6708.77454408	3898.778	3898.778	0.000249	0.0	1059	0	0	0	419	0	0	0	0	0.0	0.0	0.0	0.0	0.0005	0.0	0.0	0.0	0.0	1.26585	0.0	0.0	0.0	6588.99	0.0	0.0	0.0	0.0	0.001195	0.0	0.0	0.0	15.7255	0.0	0.0	0.0	0.0	5	0	0	0	63	0	0	0	0	58	0	0	0	23	0	0	0	0	485	0	0	0	333	0	0	0	0	97	0	0	0	0	0	0	0	0	28	0	0	0	0	0	0	0	0	386	0	0	0	0	0	0	0	0	1.1e-5	0.0	0.0	0.0	3.2e-5	0.0	0.0	0.0	0.0	0.254637	0.0	0.0	0.0	0.745363	0.0	0.0	0.0	0.0	
422	1484	6717.834476196	3898.778	3898.778	0.000248	0.0	1060	0	0	0	420	0	0	0	0	0.0	0.0	0.0	0.0	0.000467	0.0	0.0	0.0	0.0	1.26603	0.0	0.0	0.0	6598.05	0.0	0.0	0.0	0.0	0.001194	0.0	0.0	0.0	15.7096	0.0	0.0	0.0	0.0	5	0	0	0	63	0	0	0	0	58	0	0	0	23	0	0	0	0	485	0	0	0	334	0	0	0	0	97	0	0	0	0	0	0	0	0	28	0	0	0	0	0	0	0	0	387	0	0	0	0	0	0	0	0	1.0e-5	0.0	0.0	0.0	3.0e-5	0.0	0.0	0.0	0.0	0.247501	0.0	0.0	0.0	0.752499	0.0	0.0	0.0	0.0	
423	1485	6728.97589089	3898.778	3898.778	0.000244	0.0	1060	0	0	0	421	0	0	0	0	0.0	0.0	0.0	0.0	0.000436	0.0	0.0	0.0	0.0	1.26603	0.0	0.0	0.0	6609.19	0.0	0.0	0.0	0.0	0.001194	0.0	0.0	0.0	15.6988	0.0	0.0	0.0	0.0	5	0	0	0	63	0	0	0	0	58	0	0	0	23	0	0	0	0	485	0	0	0	335	0	0	0	0	97	0	0	0	0	0	0	0	0	28	0	0	0	0	0	0	0	0	387	0	0	0	0	0	0	0	0	1.0e-5	0.0	0.0	0.0	2.8e-5	0.0	0.0	0.0	0.0	0.260394	0.0	0.0	0.0	0.739606	0.0	0.0	0.0	0.0	
424	1486	6731.293730565	3898.778	3898.778	0.000238	0.0	1060	0	0	0	422	0	0	0	0	0.0	0.0	0.0	0.0	0.000407	0.0	0.0	0.0	0.0	1.26603	0.0	0.0	0.0	6611.51	0.0	0.0	0.0	0.0	0.001194	0.0	0.0	0.0	15.6671	0.0	0.0	0.0	0.0	5	0	0	0	63	0	0	0	0	58	0	0	0	23	0	0	0	0	485	0	0	0	336	0	0	0	0	97	0	0	0	0	0	0	0	0	28	0	0	0	0	0	0	0	0	387	0	0	0	0	0	0	0	0	1.0e-5	0.0	0.0	0.0	2.6e-5	0.0	0.0	0.0	0.0	0.273697	0.0	0.0	0.0	0.726303	0.0	0.0	0.0	0.0	
425	1488	6735.156508075	3898.778	3898.778	0.000237	0.0	1061	0	0	0	423	0	0	0	0	0.0	0.0	0.0	0.0	0.000379	0.0	0.0	0.0	0.0	1.26626	0.0	0.0	0.0	6615.37	0.0	0.0	0.0	0.0	0.001193	0.0	0.0	0.0	15.6392	0.0	0.0	0.0	0.0	5	0	0	0	63	0	0	0	0	58	0	0	0	23	0	0	0	0	485	0	0	0	337	0	0	0	0	97	0	0	0	0	0	0	0	0	28	0	0	0	0	0	0	0	0	388	0	0	0	0	0	0	0	0	9.0e-6	0.0	0.0	0.0	2.4e-5	0.0	0.0	0.0	0.0	0.266391	0.0	0.0	0.0	0.733609	0.0	0.0	0.0	0.0	
426	1492	6745.051125519	3898.778	3898.778	0.000236	0.0	1064	0	0	0	424	0	0	0	0	0.0	0.0	0.0	0.0	0.000355	0.0	0.0	0.0	0.0	1.2668	0.0	0.0	0.0	6625.26	0.0	0.0	0.0	0.0	0.001191	0.0	0.0	0.0	15.6256	0.0	0.0	0.0	0.0	5	0	0	0	63	0	0	0	0	58	0	0	0	23	0	0	0	0	485	0	0	0	338	0	0	0	0	97	0	0	0	0	0	0	0	0	28	0	0	0	0	0	0	0	0	391	0	0	0	0	0	0	0	0	6.0e-6	0.0	0.0	0.0	2.3e-5	0.0	0.0	0.0	0.0	0.220594	0.0	0.0	0.0	0.779406	0.0	0.0	0.0	0.0	
427	1493	6925.203046265	3898.778	3898.778	0.000231	0.0	1064	0	0	0	425	0	0	0	0	0.0	0.0	0.0	0.0	0.000333	0.0	0.0	0.0	0.0	1.2668	0.0	0.0	0.0	6805.42	0.0	0.0	0.0	0.0	0.001191	0.0	0.0	0.0	16.0127	0.0	0.0	0.0	0.0	5	0	0	0	63	0	0	0	0	58	0	0	0	23	0	0	0	0	485	0	0	0	339	0	0	0	0	97	0	0	0	0	0	0	0	0	28	0	0	0	0	0	0	0	0	391	0	0	0	0	0	0	0	0	6.0e-6	0.0	0.0	0.0	2.1e-5	0.0	0.0	0.0	0.0	0.236596	0.0	0.0	0.0	0.763404	0.0	0.0	0.0	0.0	
428	1494	6938.170564191	3898.778	3898.778	0.000163	0.0	1064	0	0	0	426	0	0	0	0	0.0	0.0	0.0	0.0	0.000311	0.0	0.0	0.0	0.0	1.2668	0.0	0.0	0.0	6818.38	0.0	0.0	0.0	0.0	0.001191	0.0	0.0	0.0	16.0056	0.0	0.0	0.0	0.0	5	0	0	0	63	0	0	0	0	58	0	0	0	23	0	0	0	0	485	0	0	0	340	0	0	0	0	97	0	0	0	0	0	0	0	0	28	0	0	0	0	0	0	0	0	391	0	0	0	0	0	0	0	0	6.0e-6	0.0	0.0	0.0	1.9e-5	0.0	0.0	0.0	0.0	0.248964	0.0	0.0	0.0	0.751036	0.0	0.0	0.0	0.0	
429	1496	6943.569772409	3898.778	3898.778	0.000159	0.0	1065	0	0	0	427	0	0	0	0	0.0	0.0	0.0	0.0	0.000291	0.0	0.0	0.0	0.0	1.26739	0.0	0.0	0.0	6823.78	0.0	0.0	0.0	0.0	0.00119	0.0	0.0	0.0	15.9808	0.0	0.0	0.0	0.0	5	0	0	0	63	0	0	0	0	58	0	0	0	23	0	0	0	0	485	0	0	0	341	0	0	0	0	97	0	0	0	0	0	0	0	0	29	0	0	0	0	0	0	0	0	391	0	0	0	0	0	0	0	0	6.0e-6	0.0	0.0	0.0	1.8e-5	0.0	0.0	0.0	0.0	0.241687	0.0	0.0	0.0	0.758313	0.0	0.0	0.0	0.0	
430	1497	6949.621295984	3898.778	3898.778	0.000158	0.0	1065	0	0	0	428	0	0	0	0	0.0	0.0	0.0	0.0	0.000271	0.0	0.0	0.0	0.0	1.26739	0.0	0.0	0.0	6829.83	0.0	0.0	0.0	0.0	0.00119	0.0	0.0	0.0	15.9576	0.0	0.0	0.0	0.0	5	0	0	0	63	0	0	0	0	58	0	0	0	23	0	0	0	0	485	0	0	0	342	0	0	0	0	97	0	0	0	0	0	0	0	0	29	0	0	0	0	0	0	0	0	391	0	0	0	0	0	0	0	0	6.0e-6	0.0	0.0	0.0	1.7e-5	0.0	0.0	0.0	0.0	0.254131	0.0	0.0	0.0	0.745869	0.0	0.0	0.0	0.0	
431	1499	6953.500666874	3898.778	3898.778	0.000156	0.0	1066	0	0	0	429	0	0	0	0	0.0	0.0	0.0	0.0	0.000254	0.0	0.0	0.0	0.0	1.26762	0.0	0.0	0.0	6833.71	0.0	0.0	0.0	0.0	0.001189	0.0	0.0	0.0	15.9294	0.0	0.0	0.0	0.0	5	0	0	0	63	0	0	0	0	58	0	0	0	23	0	0	0	0	485	0	0	0	343	0	0	0	0	97	0	0	0	0	0	0	0	0	29	0	0	0	0	0	0	0	0	392	0	0	0	0	0	0	0	0	5.0e-6	0.0	0.0	0.0	1.6e-5	0.0	0.0	0.0	0.0	0.246848	0.0	0.0	0.0	0.753152	0.0	0.0	0.0	0.0	
432	1500	6963.984410807	3898.778	3898.778	0.000155	0.0	1066	0	0	0	430	0	0	0	0	0.0	0.0	0.0	0.0	0.000237	0.0	0.0	0.0	0.0	1.26762	0.0	0.0	0.0	6844.2	0.0	0.0	0.0	0.0	0.001189	0.0	0.0	0.0	15.9167	0.0	0.0	0.0	0.0	5	0	0	0	63	0	0	0	0	58	0	0	0	23	0	0	0	0	485	0	0	0	344	0	0	0	0	97	0	0	0	0	0	0	0	0	29	0	0	0	0	0	0	0	0	392	0	0	0	0	0	0	0	0	5.0e-6	0.0	0.0	0.0	1.5e-5	0.0	0.0	0.0	0.0	0.259687	0.0	0.0	0.0	0.740313	0.0	0.0	0.0	0.0	
433	1502	6969.778288535	3898.778	3898.778	0.000152	0.0	1067	0	0	0	431	0	0	0	0	0.0	0.0	0.0	0.0	0.000221	0.0	0.0	0.0	0.0	1.268	0.0	0.0	0.0	6849.99	0.0	0.0	0.0	0.0	0.001188	0.0	0.0	0.0	15.8932	0.0	0.0	0.0	0.0	5	0	0	0	63	0	0	0	0	58	0	0	0	23	0	0	0	0	485	0	0	0	345	0	0	0	0	98	0	0	0	0	0	0	0	0	29	0	0	0	0	0	0	0	0	392	0	0	0	0	0	0	0	0	5.0e-6	0.0	0.0	0.0	1.4e-5	0.0	0.0	0.0	0.0	0.252421	0.0	0.0	0.0	0.747579	0.0	0.0	0.0	0.0	
434	1745	6975.996303368	3898.7757777777774	3898.7757777777774	0.00015	0.0	1309	0	0	0	432	0	0	0	0	0.0	0.0	0.0	0.0	0.000199	0.0	0.0	0.0	0.0	1.32172	0.0	0.0	0.0	6856.15	0.0	0.0	0.0	0.0	0.00101	0.0	0.0	0.0	15.8707	0.0	0.0	0.0	0.0	6	0	0	0	63	0	0	0	0	58	0	0	0	23	0	0	0	0	526	0	0	0	345	0	0	0	0	139	0	0	0	1	0	0	0	0	35	0	0	0	0	0	0	0	0	545	0	0	0	0	0	0	0	0	0.000412	0.0	0.0	0.0	1.3e-5	0.0	0.0	0.0	0.0	0.970461	0.0	0.0	0.0	0.029539	0.0	0.0	0.0	0.0	
435	1774	6993.404294639	3898.7757777777774	3898.7757777777774	0.000148	0.0	1337	0	0	0	433	0	0	0	0	0.0	0.0	0.0	0.0	0.000179	0.0	0.0	0.0	0.0	1.32673	0.0	0.0	0.0	6873.56	0.0	0.0	0.0	0.0	0.000992	0.0	0.0	0.0	15.8743	0.0	0.0	0.0	0.0	6	0	0	0	63	0	0	0	0	58	0	0	0	23	0	0	0	0	528	0	0	0	345	0	0	0	0	145	0	0	0	2	0	0	0	0	35	0	0	0	0	0	0	0	0	565	0	0	0	0	0	0	0	0	9.1e-5	0.0	0.0	0.0	1.1e-5	0.0	0.0	0.0	0.0	0.889368	0.0	0.0	0.0	0.110632	0.0	0.0	0.0	0.0	
436	1783	6998.707463047	3898.7757777777774	3898.7757777777774	0.000143	0.0	1345	0	0	0	434	0	0	0	0	0.0	0.0	0.0	0.0	0.000161	0.0	0.0	0.0	0.0	1.32831	0.0	0.0	0.0	6878.86	0.0	0.0	0.0	0.0	0.000988	0.0	0.0	0.0	15.8499	0.0	0.0	0.0	0.0	6	0	0	0	63	0	0	0	0	58	0	0	0	23	0	0	0	0	529	0	0	0	345	0	0	0	0	147	0	0	0	3	0	0	0	0	35	0	0	0	0	0	0	0	0	570	0	0	0	0	0	0	0	0	5.7e-5	0.0	0.0	0.0	1.0e-5	0.0	0.0	0.0	0.0	0.849165	0.0	0.0	0.0	0.150835	0.0	0.0	0.0	0.0	
437	1788	7010.898400839	3898.7757777777774	3898.7757777777774	0.000142	0.0	1349	0	0	0	435	0	0	0	0	0.0	0.0	0.0	0.0	0.000145	0.0	0.0	0.0	0.0	1.32934	0.0	0.0	0.0	6891.05	0.0	0.0	0.0	0.0	0.000985	0.0	0.0	0.0	15.8415	0.0	0.0	0.0	0.0	6	0	0	0	63	0	0	0	0	58	0	0	0	23	0	0	0	0	529	0	0	0	345	0	0	0	0	149	0	0	0	4	0	0	0	0	35	0	0	0	0	0	0	0	0	572	0	0	0	0	0	0	0	0	4.5e-5	0.0	0.0	0.0	9.0e-6	0.0	0.0	0.0	0.0	0.830427	0.0	0.0	0.0	0.169573	0.0	0.0	0.0	0.0	
438	1789	7014.25425264	3898.7757777777774	3898.7757777777774	0.000139	0.0	1349	0	0	0	436	0	0	0	0	0.0	0.0	0.0	0.0	0.000131	0.0	0.0	0.0	0.0	1.32934	0.0	0.0	0.0	6894.4	0.0	0.0	0.0	0.0	0.000985	0.0	0.0	0.0	15.8129	0.0	0.0	0.0	0.0	6	0	0	0	63	0	0	0	0	58	0	0	0	23	0	0	0	0	529	0	0	0	345	0	0	0	0	149	0	0	0	5	0	0	0	0	35	0	0	0	0	0	0	0	0	572	0	0	0	0	0	0	0	0	4.5e-5	0.0	0.0	0.0	8.0e-6	0.0	0.0	0.0	0.0	0.844514	0.0	0.0	0.0	0.155486	0.0	0.0	0.0	0.0	
439	1795	7018.027368319	3898.7757777777774	3898.7757777777774	0.000138	0.0	1354	0	0	0	437	0	0	0	0	0.0	0.0	0.0	0.0	0.000118	0.0	0.0	0.0	0.0	1.33078	0.0	0.0	0.0	6898.18	0.0	0.0	0.0	0.0	0.000983	0.0	0.0	0.0	15.7853	0.0	0.0	0.0	0.0	6	0	0	0	63	0	0	0	0	58	0	0	0	23	0	0	0	0	530	0	0	0	345	0	0	0	0	150	0	0	0	6	0	0	0	0	36	0	0	0	0	0	0	0	0	574	0	0	0	0	0	0	0	0	3.3e-5	0.0	0.0	0.0	7.0e-6	0.0	0.0	0.0	0.0	0.817797	0.0	0.0	0.0	0.182203	0.0	0.0	0.0	0.0	
440	1796	7023.979086245	3898.7757777777774	3898.7757777777774	0.000137	0.0	1354	0	0	0	438	0	0	0	0	0.0	0.0	0.0	0.0	0.000106	0.0	0.0	0.0	0.0	1.33078	0.0	0.0	0.0	6904.13	0.0	0.0	0.0	0.0	0.000983	0.0	0.0	0.0	15.7628	0.0	0.0	0.0	0.0	6	0	0	0	63	0	0	0	0	58	0	0	0	23	0	0	0	0	530	0	0	0	345	0	0	0	0	150	0	0	0	7	0	0	0	0	36	0	0	0	0	0	0	0	0	574	0	0	0	0	0	0	0	0	3.3e-5	0.0	0.0	0.0	7.0e-6	0.0	0.0	0.0	0.0	0.832776	0.0	0.0	0.0	0.167224	0.0	0.0	0.0	0.0	
441	1798	7030.429462849	3898.7757777777774	3898.7757777777774	0.000135	0.0	1355	0	0	0	439	0	0	0	0	0.0	0.0	0.0	0.0	9.5e-5	0.0	0.0	0.0	0.0	1.33098	0.0	0.0	0.0	6910.58	0.0	0.0	0.0	0.0	0.000982	0.0	0.0	0.0	15.7416	0.0	0.0	0.0	0.0	6	0	0	0	63	0	0	0	0	58	0	0	0	23	0	0	0	0	530	0	0	0	345	0	0	0	0	150	0	0	0	8	0	0	0	0	36	0	0	0	0	0	0	0	0	575	0	0	0	0	0	0	0	0	3.1e-5	0.0	0.0	0.0	6.0e-6	0.0	0.0	0.0	0.0	0.838636	0.0	0.0	0.0	0.161364	0.0	0.0	0.0	0.0	
442	1804	7035.158289235	3898.7757777777774	3898.7757777777774	0.000133	0.0	1360	0	0	0	440	0	0	0	0	0.0	0.0	0.0	0.0	8.6e-5	0.0	0.0	0.0	0.0	1.33229	0.0	0.0	0.0	6915.31	0.0	0.0	0.0	0.0	0.00098	0.0	0.0	0.0	15.7166	0.0	0.0	0.0	0.0	6	0	0	0	63	0	0	0	0	58	0	0	0	23	0	0	0	0	531	0	0	0	345	0	0	0	0	151	0	0	0	9	0	0	0	0	36	0	0	0	0	0	0	0	0	578	0	0	0	0	0	0	0	0	2.4e-5	0.0	0.0	0.0	5.0e-6	0.0	0.0	0.0	0.0	0.811773	0.0	0.0	0.0	0.188227	0.0	0.0	0.0	0.0	
443	1813	7040.794514044	3898.7757777777774	3898.7757777777774	0.000132	0.0	1368	0	0	0	441	0	0	0	0	0.0	0.0	0.0	0.0	7.7e-5	0.0	0.0	0.0	0.0	1.33411	0.0	0.0	0.0	6920.94	0.0	0.0	0.0	0.0	0.000975	0.0	0.0	0.0	15.6937	0.0	0.0	0.0	0.0	6	0	0	0	63	0	0	0	0	58	0	0	0	23	0	0	0	0	531	0	0	0	345	0	0	0	0	152	0	0	0	10	0	0	0	0	36	0	0	0	0	0	0	0	0	585	0	0	0	0	0	0	0	0	1.4e-5	0.0	0.0	0.0	5.0e-6	0.0	0.0	0.0	0.0	0.737837	0.0	0.0	0.0	0.262163	0.0	0.0	0.0	0.0	
444	1816	7043.950880035	3898.7757777777774	3898.7757777777774	0.000131	0.0	1370	0	0	0	442	0	0	0	0	0.0	0.0	0.0	0.0	6.9e-5	0.0	0.0	0.0	0.0	1.33464	0.0	0.0	0.0	6924.1	0.0	0.0	0.0	0.0	0.000974	0.0	0.0	0.0	15.6654	0.0	0.0	0.0	0.0	6	0	0	0	63	0	0	0	0	58	0	0	0	23	0	0	0	0	532	0	0	0	345	0	0	0	0	152	0	0	0	11	0	0	0	0	36	0	0	0	0	0	0	0	0	586	0	0	0	0	0	0	0	0	1.3e-5	0.0	0.0	0.0	4.0e-6	0.0	0.0	0.0	0.0	0.740997	0.0	0.0	0.0	0.259003	0.0	0.0	0.0	0.0	
445	1818	7052.065344916	3898.7757777777774	3898.7757777777774	0.00013	0.0	1371	0	0	0	443	0	0	0	0	0.0	0.0	0.0	0.0	6.3e-5	0.0	0.0	0.0	0.0	1.3349	0.0	0.0	0.0	6932.21	0.0	0.0	0.0	0.0	0.000974	0.0	0.0	0.0	15.6483	0.0	0.0	0.0	0.0	6	0	0	0	63	0	0	0	0	58	0	0	0	23	0	0	0	0	532	0	0	0	345	0	0	0	0	152	0	0	0	12	0	0	0	0	36	0	0	0	0	0	0	0	0	587	0	0	0	0	0	0	0	0	1.2e-5	0.0	0.0	0.0	4.0e-6	0.0	0.0	0.0	0.0	0.747648	0.0	0.0	0.0	0.252352	0.0	0.0	0.0	0.0	
446	1823	7057.733801088	3898.7757777777774	3898.7757777777774	0.000128	0.0	1375	0	0	0	444	0	0	0	0	0.0	0.0	0.0	0.0	5.6e-5	0.0	0.0	0.0	0.0	1.33596	0.0	0.0	0.0	6937.88	0.0	0.0	0.0	0.0	0.000972	0.0	0.0	0.0	15.6259	0.0	0.0	0.0	0.0	6	0	0	0	63	0	0	0	0	58	0	0	0	23	0	0	0	0	533	0	0	0	345	0	0	0	0	153	0	0	0	13	0	0	0	0	36	0	0	0	0	0	0	0	0	589	0	0	0	0	0	0	0	0	1.0e-5	0.0	0.0	0.0	4.0e-6	0.0	0.0	0.0	0.0	0.728225	0.0	0.0	0.0	0.271775	0.0	0.0	0.0	0.0	
447	1826	7063.990118774	3898.7757777777774	3898.7757777777774	0.000127	0.0	1377	0	0	0	445	0	0	0	0	0.0	0.0	0.0	0.0	5.1e-5	0.0	0.0	0.0	0.0	1.33631	0.0	0.0	0.0	6944.13	0.0	0.0	0.0	0.0	0.00097	0.0	0.0	0.0	15.6048	0.0	0.0	0.0	0.0	6	0	0	0	63	0	0	0	0	58	0	0	0	23	0	0	0	0	533	0	0	0	345	0	0	0	0	153	0	0	0	14	0	0	0	0	36	0	0	0	0	0	0	0	0	591	0	0	0	0	0	0	0	0	8.0e-6	0.0	0.0	0.0	3.0e-6	0.0	0.0	0.0	0.0	0.720534	0.0	0.0	0.0	0.279466	0.0	0.0	0.0	0.0	
448	1836	7074.536817133	3898.7757777777774	3898.7757777777774	0.000125	0.0	1386	0	0	0	446	0	0	0	0	0.0	0.0	0.0	0.0	4.6e-5	0.0	0.0	0.0	0.0	1.33801	0.0	0.0	0.0	6954.68	0.0	0.0	0.0	0.0	0.000965	0.0	0.0	0.0	15.5934	0.0	0.0	0.0	0.0	6	0	0	0	63	0	0	0	0	58	0	0	0	23	0	0	0	0	534	0	0	0	345	0	0	0	0	154	0	0	0	15	0	0	0	0	36	0	0	0	0	0	0	0	0	598	0	0	0	0	0	0	0	0	5.0e-6	0.0	0.0	0.0	3.0e-6	0.0	0.0	0.0	0.0	0.613997	0.0	0.0	0.0	0.386003	0.0	0.0	0.0	0.0	
449	1837	7077.61301159	3898.7757777777774	3898.7757777777774	0.000123	0.0	1386	0	0	0	447	0	0	0	0	0.0	0.0	0.0	0.0	4.1e-5	0.0	0.0	0.0	0.0	1.33801	0.0	0.0	0.0	6957.75	0.0	0.0	0.0	0.0	0.000965	0.0	0.0	0.0	15.5654	0.0	0.0	0.0	0.0	6	0	0	0	63	0	0	0	0	58	0	0	0	23	0	0	0	0	534	0	0	0	345	0	0	0	0	154	0	0	0	16	0	0	0	0	36	0	0	0	0	0	0	0	0	598	0	0	0	0	0	0	0	0	5.0e-6	0.0	0.0	0.0	3.0e-6	0.0	0.0	0.0	0.0	0.638234	0.0	0.0	0.0	0.361766	0.0	0.0	0.0	0.0	
450	1838	7082.330851883	3898.7757777777774	3898.7757777777774	0.000122	0.0	1386	0	0	0	448	0	0	0	0	0.0	0.0	0.0	0.0	3.7e-5	0.0	0.0	0.0	0.0	1.33801	0.0	0.0	0.0	6962.47	0.0	0.0	0.0	0.0	0.000965	0.0	0.0	0.0	15.5412	0.0	0.0	0.0	0.0	6	0	0	0	63	0	0	0	0	58	0	0	0	23	0	0	0	0	534	0	0	0	345	0	0	0	0	154	0	0	0	17	0	0	0	0	36	0	0	0	0	0	0	0	0	598	0	0	0	0	0	0	0	0	5.0e-6	0.0	0.0	0.0	2.0e-6	0.0	0.0	0.0	0.0	0.661841	0.0	0.0	0.0	0.338159	0.0	0.0	0.0	0.0	
451	1844	7091.004134905	3898.7757777777774	3898.7757777777774	0.000121	0.0	1391	0	0	0	449	0	0	0	0	0.0	0.0	0.0	0.0	3.3e-5	0.0	0.0	0.0	0.0	1.33919	0.0	0.0	0.0	6971.14	0.0	0.0	0.0	0.0	0.000963	0.0	0.0	0.0	15.5259	0.0	0.0	0.0	0.0	6	0	0	0	63	0	0	0	0	58	0	0	0	23	0	0	0	0	534	0	0	0	345	0	0	0	0	156	0	0	0	18	0	0	0	0	36	0	0	0	0	0	0	0	0	601	0	0	0	0	0	0	0	0	3.0e-6	0.0	0.0	0.0	2.0e-6	0.0	0.0	0.0	0.0	0.589173	0.0	0.0	0.0	0.410827	0.0	0.0	0.0	0.0	
452	1848	7105.34598972	3898.7757777777774	3898.7757777777774	0.000119	0.0	1394	0	0	0	450	0	0	0	0	0.0	0.0	0.0	0.0	3.0e-5	0.0	0.0	0.0	0.0	1.33964	0.0	0.0	0.0	6985.49	0.0	0.0	0.0	0.0	0.000961	0.0	0.0	0.0	15.5233	0.0	0.0	0.0	0.0	6	0	0	0	63	0	0	0	0	58	0	0	0	23	0	0	0	0	534	0	0	0	345	0	0	0	0	156	0	0	0	19	0	0	0	0	36	0	0	0	0	0	0	0	0	604	0	0	0	0	0	0	0	0	2.0e-6	0.0	0.0	0.0	2.0e-6	0.0	0.0	0.0	0.0	0.547472	0.0	0.0	0.0	0.452528	0.0	0.0	0.0	0.0	
453	1850	7108.457134994	3898.7757777777774	3898.7757777777774	0.000116	0.0	1395	0	0	0	451	0	0	0	0	0.0	0.0	0.0	0.0	2.7e-5	0.0	0.0	0.0	0.0	1.34005	0.0	0.0	0.0	6988.6	0.0	0.0	0.0	0.0	0.000961	0.0	0.0	0.0	15.4958	0.0	0.0	0.0	0.0	6	0	0	0	63	0	0	0	0	58	0	0	0	23	0	0	0	0	534	0	0	0	345	0	0	0	0	157	0	0	0	20	0	0	0	0	36	0	0	0	0	0	0	0	0	604	0	0	0	0	0	0	0	0	2.0e-6	0.0	0.0	0.0	2.0e-6	0.0	0.0	0.0	0.0	0.549509	0.0	0.0	0.0	0.450491	0.0	0.0	0.0	0.0	
454	1851	7113.683230347	3898.7757777777774	3898.7757777777774	0.000115	0.0	1395	0	0	0	452	0	0	0	0	0.0	0.0	0.0	0.0	2.4e-5	0.0	0.0	0.0	0.0	1.34005	0.0	0.0	0.0	6993.82	0.0	0.0	0.0	0.0	0.000961	0.0	0.0	0.0	15.4731	0.0	0.0	0.0	0.0	6	0	0	0	63	0	0	0	0	58	0	0	0	23	0	0	0	0	534	0	0	0	345	0	0	0	0	157	0	0	0	21	0	0	0	0	36	0	0	0	0	0	0	0	0	604	0	0	0	0	0	0	0	0	2.0e-6	0.0	0.0	0.0	2.0e-6	0.0	0.0	0.0	0.0	0.575073	0.0	0.0	0.0	0.424927	0.0	0.0	0.0	0.0	
455	1852	7121.53692261	3898.7757777777774	3898.7757777777774	0.000114	0.0	1395	0	0	0	453	0	0	0	0	0.0	0.0	0.0	0.0	2.2e-5	0.0	0.0	0.0	0.0	1.34005	0.0	0.0	0.0	7001.68	0.0	0.0	0.0	0.0	0.000961	0.0	0.0	0.0	15.4562	0.0	0.0	0.0	0.0	6	0	0	0	63	0	0	0	0	58	0	0	0	23	0	0	0	0	534	0	0	0	345	0	0	0	0	157	0	0	0	22	0	0	0	0	36	0	0	0	0	0	0	0	0	604	0	0	0	0	0	0	0	0	2.0e-6	0.0	0.0	0.0	1.0e-6	0.0	0.0	0.0	0.0	0.600333	0.0	0.0	0.0	0.399667	0.0	0.0	0.0	0.0	
456	1854	7125.625618258	3898.7757777777774	3898.7757777777774	0.000112	0.0	1396	0	0	0	454	0	0	0	0	0.0	0.0	0.0	0.0	2.0e-5	0.0	0.0	0.0	0.0	1.34024	0.0	0.0	0.0	7005.77	0.0	0.0	0.0	0.0	0.00096	0.0	0.0	0.0	15.4312	0.0	0.0	0.0	0.0	6	0	0	0	63	0	0	0	0	58	0	0	0	23	0	0	0	0	534	0	0	0	345	0	0	0	0	157	0	0	0	23	0	0	0	0	36	0	0	0	0	0	0	0	0	605	0	0	0	0	0	0	0	0	2.0e-6	0.0	0.0	0.0	1.0e-6	0.0	0.0	0.0	0.0	0.60449	0.0	0.0	0.0	0.39551	0.0	0.0	0.0	0.0	
457	1858	7133.704808159	3898.7757777777774	3898.7757777777774	0.000111	0.0	1399	0	0	0	455	0	0	0	0	0.0	0.0	0.0	0.0	1.8e-5	0.0	0.0	0.0	0.0	1.34086	0.0	0.0	0.0	7013.84	0.0	0.0	0.0	0.0	0.000958	0.0	0.0	0.0	15.415	0.0	0.0	0.0	0.0	6	0	0	0	63	0	0	0	0	58	0	0	0	23	0	0	0	0	535	0	0	0	345	0	0	0	0	157	0	0	0	24	0	0	0	0	36	0	0	0	0	0	0	0	0	607	0	0	0	0	0	0	0	0	2.0e-6	0.0	0.0	0.0	1.0e-6	0.0	0.0	0.0	0.0	0.671021	0.0	0.0	0.0	0.328979	0.0	0.0	0.0	0.0	
458	1859	7137.189755063	3898.7757777777774	3898.7757777777774	0.000109	0.0	1399	0	0	0	456	0	0	0	0	0.0	0.0	0.0	0.0	1.6e-5	0.0	0.0	0.0	0.0	1.34086	0.0	0.0	0.0	7017.33	0.0	0.0	0.0	0.0	0.000958	0.0	0.0	0.0	15.3889	0.0	0.0	0.0	0.0	6	0	0	0	63	0	0	0	0	58	0	0	0	23	0	0	0	0	535	0	0	0	345	0	0	0	0	157	0	0	0	25	0	0	0	0	36	0	0	0	0	0	0	0	0	607	0	0	0	0	0	0	0	0	2.0e-6	0.0	0.0	0.0	1.0e-6	0.0	0.0	0.0	0.0	0.693486	0.0	0.0	0.0	0.306514	0.0	0.0	0.0	0.0	
459	1861	7145.971798644	3898.7757777777774	3898.7757777777774	0.000109	0.0	1400	0	0	0	457	0	0	0	0	0.0	0.0	0.0	0.0	1.4e-5	0.0	0.0	0.0	0.0	1.34125	0.0	0.0	0.0	7026.11	0.0	0.0	0.0	0.0	0.000958	0.0	0.0	0.0	15.3744	0.0	0.0	0.0	0.0	6	0	0	0	63	0	0	0	0	58	0	0	0	23	0	0	0	0	535	0	0	0	345	0	0	0	0	158	0	0	0	26	0	0	0	0	36	0	0	0	0	0	0	0	0	607	0	0	0	0	0	0	0	0	2.0e-6	0.0	0.0	0.0	1.0e-6	0.0	0.0	0.0	0.0	0.699828	0.0	0.0	0.0	0.300172	0.0	0.0	0.0	0.0	
460	1862	7152.482287371	3896.778	3896.778	0.000107	0.0	1400	0	0	0	458	0	0	0	0	0.0	0.0	0.0	0.0	0.100013	0.0	0.0	0.0	0.0	1.34125	0.0	0.0	0.0	7032.62	0.0	0.0	0.0	0.0	0.000958	0.0	0.0	0.0	15.3551	0.0	0.0	0.0	0.0	6	0	0	0	64	0	0	0	0	58	0	0	0	23	0	0	0	0	535	0	0	0	345	0	0	0	0	158	0	0	0	26	0	0	0	0	36	0	0	0	0	0	0	0	0	607	0	0	0	0	0	0	0	0	2.0e-6	0.0	0.0	0.0	0.006513	0.0	0.0	0.0	0.0	0.000333	0.0	0.0	0.0	0.999667	0.0	0.0	0.0	0.0	
461	1863	7155.407947615	3896.778	3896.778	0.000106	0.0	1400	0	0	0	459	0	0	0	0	0.0	0.0	0.0	0.0	0.095011	0.0	0.0	0.0	0.0	1.34125	0.0	0.0	0.0	7035.55	0.0	0.0	0.0	0.0	0.000958	0.0	0.0	0.0	15.328	0.0	0.0	0.0	0.0	6	0	0	0	64	0	0	0	0	58	0	0	0	23	0	0	0	0	535	0	0	0	346	0	0	0	0	158	0	0	0	26	0	0	0	0	36	0	0	0	0	0	0	0	0	607	0	0	0	0	0	0	0	0	2.0e-6	0.0	0.0	0.0	0.006198	0.0	0.0	0.0	0.0	0.00035	0.0	0.0	0.0	0.99965	0.0	0.0	0.0	0.0	
462	1865	7160.49572201	3896.778	3896.778	0.000105	0.0	1401	0	0	0	460	0	0	0	0	0.0	0.0	0.0	0.0	0.090258	0.0	0.0	0.0	0.0	1.34149	0.0	0.0	0.0	7040.63	0.0	0.0	0.0	0.0	0.000958	0.0	0.0	0.0	15.3057	0.0	0.0	0.0	0.0	6	0	0	0	64	0	0	0	0	58	0	0	0	23	0	0	0	0	535	0	0	0	347	0	0	0	0	158	0	0	0	26	0	0	0	0	36	0	0	0	0	0	0	0	0	608	0	0	0	0	0	0	0	0	2.0e-6	0.0	0.0	0.0	0.005897	0.0	0.0	0.0	0.0	0.000331	0.0	0.0	0.0	0.999669	0.0	0.0	0.0	0.0	
463	1866	7162.816353547	3896.778	3896.778	0.000104	0.0	1401	0	0	0	461	0	0	0	0	0.0	0.0	0.0	0.0	0.085744	0.0	0.0	0.0	0.0	1.34149	0.0	0.0	0.0	7042.95	0.0	0.0	0.0	0.0	0.000958	0.0	0.0	0.0	15.2776	0.0	0.0	0.0	0.0	6	0	0	0	64	0	0	0	0	58	0	0	0	23	0	0	0	0	535	0	0	0	348	0	0	0	0	158	0	0	0	26	0	0	0	0	36	0	0	0	0	0	0	0	0	608	0	0	0	0	0	0	0	0	2.0e-6	0.0	0.0	0.0	0.005612	0.0	0.0	0.0	0.0	0.000348	0.0	0.0	0.0	0.999652	0.0	0.0	0.0	0.0	
464	1867	7179.226642066	3896.778	3896.778	0.000103	0.0	1401	0	0	0	462	0	0	0	0	0.0	0.0	0.0	0.0	0.081455	0.0	0.0	0.0	0.0	1.34149	0.0	0.0	0.0	7059.36	0.0	0.0	0.0	0.0	0.000958	0.0	0.0	0.0	15.28	0.0	0.0	0.0	0.0	6	0	0	0	64	0	0	0	0	58	0	0	0	23	0	0	0	0	535	0	0	0	349	0	0	0	0	158	0	0	0	26	0	0	0	0	36	0	0	0	0	0	0	0	0	608	0	0	0	0	0	0	0	0	2.0e-6	0.0	0.0	0.0	0.005331	0.0	0.0	0.0	0.0	0.000366	0.0	0.0	0.0	0.999634	0.0	0.0	0.0	0.0	
465	1868	7190.287800093	3896.778	3896.778	0.0001	0.0	1401	0	0	0	463	0	0	0	0	0.0	0.0	0.0	0.0	0.077381	0.0	0.0	0.0	0.0	1.34149	0.0	0.0	0.0	7070.43	0.0	0.0	0.0	0.0	0.000958	0.0	0.0	0.0	15.2709	0.0	0.0	0.0	0.0	6	0	0	0	64	0	0	0	0	58	0	0	0	23	0	0	0	0	535	0	0	0	350	0	0	0	0	158	0	0	0	26	0	0	0	0	36	0	0	0	0	0	0	0	0	608	0	0	0	0	0	0	0	0	2.0e-6	0.0	0.0	0.0	0.005067	0.0	0.0	0.0	0.0	0.000385	0.0	0.0	0.0	0.999615	0.0	0.0	0.0	0.0	
466	1868	7190.287811432	3896.778	3896.778	9.8e-5	0.0	1401	0	0	0	463	0	0	0	0	0.0	0.0	0.0	0.0	0.077381	0.0	0.0	0.0	0.0	1.34149	0.0	0.0	0.0	7070.43	0.0	0.0	0.0	0.0	0.000958	0.0	0.0	0.0	15.2709	0.0	0.0	0.0	0.0	6	0	0	0	64	0	0	0	0	58	0	0	0	23	0	0	0	0	535	0	0	0	350	0	0	0	0	158	0	0	0	26	0	0	0	0	36	0	0	0	0	0	0	0	0	608	0	0	0	0	0	0	0	0	2.0e-6	0.0	0.0	0.0	0.005067	0.0	0.0	0.0	0.0	0.000385	0.0	0.0	0.0	0.999615	0.0	0.0	0.0	0.0	
