indexLine	algoIter	time	best obj	current obj	T	probdelta1	nb uses 1	nb uses 2	nb uses 3	nb uses 4	nb uses 5	nb uses 6	nb uses 7	nb uses 8	nb uses 9	score 1	score 2	score 3	score 4	score 5	score 6	score 7	score 8	score 9	duration 1	duration 2	duration 3	duration 4	duration 5	duration 6	duration 7	duration 8	duration 9	avgDuration 1	avgDuration 2	avgDuration 3	avgDuration 4	avgDuration 5	avgDuration 6	avgDuration 7	avgDuration 8	avgDuration 9	sigmas1 1	sigmas1 2	sigmas1 3	sigmas1 4	sigmas1 5	sigmas1 6	sigmas1 7	sigmas1 8	sigmas1 9	sigmas2 1	sigmas2 2	sigmas2 3	sigmas2 4	sigmas2 5	sigmas2 6	sigmas2 7	sigmas2 8	sigmas2 9	sigmas3 1	sigmas3 2	sigmas3 3	sigmas3 4	sigmas3 5	sigmas3 6	sigmas3 7	sigmas3 8	sigmas3 9	sigmas4 1	sigmas4 2	sigmas4 3	sigmas4 4	sigmas4 5	sigmas4 6	sigmas4 7	sigmas4 8	sigmas4 9	sigmas5 1	sigmas5 2	sigmas5 3	sigmas5 4	sigmas5 5	sigmas5 6	sigmas5 7	sigmas5 8	sigmas5 9	sigmas6 1	sigmas6 2	sigmas6 3	sigmas6 4	sigmas6 5	sigmas6 6	sigmas6 7	sigmas6 8	sigmas6 9	weight 1	weight 2	weight 3	weight 4	weight 5	weight 6	weight 7	weight 8	weight 9	proba 1	proba 2	proba 3	proba 4	proba 5	proba 6	proba 7	proba 8	proba 9	
1	2	52.745192999	14184.603	14184.603	100.0	0.99005	0	0	0	0	0	0	0	0	0	0.0	0.0	0.0	0.0	0.0	0.0	0.0	0.0	0.0	0.0	0.0	0.0	0.0	0.0	0.0	0.0	0.0	0.0	0.0	0.0	0.0	0.0	0.0	0.0	0.0	0.0	0.0	0	0	0	0	0	0	0	0	0	0	0	0	0	0	0	0	0	0	0	0	0	0	0	0	0	0	0	0	0	0	0	0	0	0	0	0	0	0	0	0	0	0	0	0	0	0	0	0	0	0	0	0	0	0	0.0	0.0	0.0	0.0	0.0	0.0	0.0	0.0	0.0	0.0	0.0	0.0	0.0	0.0	0.0	0.0	0.0	0.0	
2	4	114.132477406	13220.868	13220.868	100.0	0.99005	0	0	0	0	0	0	0	0	0	1.0	0.0	0.0	0.0	1.0	0.0	0.0	0.0	0.0	0.0	0.0	0.0	0.0	0.0	0.0	0.0	0.0	0.0	0.000397	0.0	0.0	0.0	61.3869	0.0	0.0	0.0	0.0	0	0	0	0	0	0	0	0	0	0	0	0	0	0	0	0	0	0	0	0	0	0	0	0	0	0	0	0	0	0	0	0	0	0	0	0	0	0	0	0	0	0	0	0	0	0	0	0	0	0	0	0	0	0	2517.46	0.0	0.0	0.0	0.01629	0.0	0.0	0.0	0.0	0.0	0.0	0.0	0.0	0.0	0.0	0.0	0.0	0.0	
3	84	115.692459945	13220.808588235283	13226.296823529392	80.194	0.987608	80	0	0	0	0	0	0	0	0	0.018898	0.0	0.0	0.0	1.0	0.0	0.0	0.0	0.0	1.55988	0.0	0.0	0.0	0.0	0.0	0.0	0.0	0.0	0.019498	0.0	0.0	0.0	61.3869	0.0	0.0	0.0	0.0	2	0	0	0	0	0	0	0	0	8	0	0	0	0	0	0	0	0	41	0	0	0	0	0	0	0	0	2	0	0	0	0	0	0	0	0	2	0	0	0	0	0	0	0	0	25	0	0	0	0	0	0	0	0	0.969202	0.0	0.0	0.0	0.01629	0.0	0.0	0.0	0.0	0.98347	0.0	0.0	0.0	0.01653	0.0	0.0	0.0	0.0	
4	169	140.881131371	12888.426	12888.426	79.9583	0.987571	164	0	0	0	1	0	0	0	0	0.002278	0.0	0.0	0.0	1.0	0.0	0.0	0.0	0.0	1.59392	0.0	0.0	0.0	25.1546	0.0	0.0	0.0	0.0	0.009719	0.0	0.0	0.0	25.1546	0.0	0.0	0.0	0.0	3	0	0	0	1	0	0	0	0	15	0	0	0	0	0	0	0	0	87	0	0	0	0	0	0	0	0	7	0	0	0	0	0	0	0	0	4	0	0	0	0	0	0	0	0	48	0	0	0	0	0	0	0	0	0.234409	0.0	0.0	0.0	0.039754	0.0	0.0	0.0	0.0	0.854998	0.0	0.0	0.0	0.145002	0.0	0.0	0.0	0.0	
5	199	179.013600615	12039.015	12039.015	76.1622	0.986956	193	0	0	0	2	0	0	0	0	0.043544	0.0	0.0	0.0	1.0	0.0	0.0	0.0	0.0	1.60628	0.0	0.0	0.0	63.2746	0.0	0.0	0.0	0.0	0.008323	0.0	0.0	0.0	31.6373	0.0	0.0	0.0	0.0	6	0	0	0	2	0	0	0	0	15	0	0	0	0	0	0	0	0	103	0	0	0	0	0	0	0	0	10	0	0	0	0	0	0	0	0	4	0	0	0	0	0	0	0	0	55	0	0	0	0	0	0	0	0	5.23191	0.0	0.0	0.0	0.031608	0.0	0.0	0.0	0.0	0.993995	0.0	0.0	0.0	0.006005	0.0	0.0	0.0	0.0	
6	259	202.256270437	11879.059	11879.059	70.7473	0.985965	252	0	0	0	3	0	0	0	0	0.007457	0.0	0.0	0.0	1.0	0.0	0.0	0.0	0.0	1.64564	0.0	0.0	0.0	86.4779	0.0	0.0	0.0	0.0	0.00653	0.0	0.0	0.0	28.826	0.0	0.0	0.0	0.0	8	0	0	0	3	0	0	0	0	17	0	0	0	0	0	0	0	0	130	0	0	0	0	0	0	0	0	15	0	0	0	0	0	0	0	0	5	0	0	0	0	0	0	0	0	77	0	0	0	0	0	0	0	0	1.14189	0.0	0.0	0.0	0.034691	0.0	0.0	0.0	0.0	0.970516	0.0	0.0	0.0	0.029484	0.0	0.0	0.0	0.0	
7	338	239.505039575	11650.324	11650.324	67.6373	0.985324	330	0	0	0	4	0	0	0	0	0.001612	0.0	0.0	0.0	1.0	0.0	0.0	0.0	0.0	1.70241	0.0	0.0	0.0	123.67	0.0	0.0	0.0	0.0	0.005159	0.0	0.0	0.0	30.9174	0.0	0.0	0.0	0.0	9	0	0	0	4	0	0	0	0	23	0	0	0	0	0	0	0	0	179	0	0	0	0	0	0	0	0	24	0	0	0	0	0	0	0	0	7	0	0	0	0	0	0	0	0	88	0	0	0	0	0	0	0	0	0.312416	0.0	0.0	0.0	0.032344	0.0	0.0	0.0	0.0	0.906183	0.0	0.0	0.0	0.093816	0.0	0.0	0.0	0.0	
8	376	262.835926242	11540.134588235287	11686.676	62.943	0.984238	367	0	0	0	5	0	0	0	0	0.010757	0.0	0.0	0.0	0.9005	0.0	0.0	0.0	0.0	1.72812	0.0	0.0	0.0	146.975	0.0	0.0	0.0	0.0	0.004709	0.0	0.0	0.0	29.395	0.0	0.0	0.0	0.0	10	0	0	0	4	0	0	0	0	26	0	0	0	1	0	0	0	0	203	0	0	0	0	0	0	0	0	25	0	0	0	0	0	0	0	0	7	0	0	0	0	0	0	0	0	96	0	0	0	0	0	0	0	0	2.28437	0.0	0.0	0.0	0.030634	0.0	0.0	0.0	0.0	0.986767	0.0	0.0	0.0	0.013233	0.0	0.0	0.0	0.0	
9	400	280.066770698	11540.134588235287	11706.176	60.169	0.983517	390	0	0	0	6	0	0	0	0	0.003347	0.0	0.0	0.0	0.81095	0.0	0.0	0.0	0.0	1.74439	0.0	0.0	0.0	164.189	0.0	0.0	0.0	0.0	0.004473	0.0	0.0	0.0	27.3649	0.0	0.0	0.0	0.0	10	0	0	0	4	0	0	0	0	27	0	0	0	2	0	0	0	0	213	0	0	0	0	0	0	0	0	31	0	0	0	0	0	0	0	0	7	0	0	0	0	0	0	0	0	102	0	0	0	0	0	0	0	0	0.748345	0.0	0.0	0.0	0.029635	0.0	0.0	0.0	0.0	0.961908	0.0	0.0	0.0	0.038092	0.0	0.0	0.0	0.0	
10	427	347.365492512	11130.853	11130.853	58.1982	0.982964	416	0	0	0	7	0	0	0	0	0.001117	0.0	0.0	0.0	0.829855	0.0	0.0	0.0	0.0	1.76052	0.0	0.0	0.0	231.472	0.0	0.0	0.0	0.0	0.004232	0.0	0.0	0.0	33.0674	0.0	0.0	0.0	0.0	10	0	0	0	5	0	0	0	0	29	0	0	0	2	0	0	0	0	229	0	0	0	0	0	0	0	0	32	0	0	0	0	0	0	0	0	7	0	0	0	0	0	0	0	0	109	0	0	0	0	0	0	0	0	0.263926	0.0	0.0	0.0	0.025096	0.0	0.0	0.0	0.0	0.91317	0.0	0.0	0.0	0.08683	0.0	0.0	0.0	0.0	
11	442	363.989700961	11130.853	11180.529	51.1007	0.980621	430	0	0	0	8	0	0	0	0	0.000985	0.0	0.0	0.0	0.747369	0.0	0.0	0.0	0.0	1.77063	0.0	0.0	0.0	248.086	0.0	0.0	0.0	0.0	0.004118	0.0	0.0	0.0	31.0108	0.0	0.0	0.0	0.0	10	0	0	0	5	0	0	0	0	31	0	0	0	3	0	0	0	0	238	0	0	0	0	0	0	0	0	32	0	0	0	0	0	0	0	0	7	0	0	0	0	0	0	0	0	112	0	0	0	0	0	0	0	0	0.23931	0.0	0.0	0.0	0.0241	0.0	0.0	0.0	0.0	0.908506	0.0	0.0	0.0	0.091494	0.0	0.0	0.0	0.0	
12	457	380.459928016	11130.853	11193.529	49.485	0.979995	444	0	0	0	9	0	0	0	0	0.000683	0.0	0.0	0.0	0.673133	0.0	0.0	0.0	0.0	1.78032	0.0	0.0	0.0	264.547	0.0	0.0	0.0	0.0	0.00401	0.0	0.0	0.0	29.3941	0.0	0.0	0.0	0.0	10	0	0	0	5	0	0	0	0	32	0	0	0	4	0	0	0	0	244	0	0	0	0	0	0	0	0	32	0	0	0	0	0	0	0	0	7	0	0	0	0	0	0	0	0	119	0	0	0	0	0	0	0	0	0.170257	0.0	0.0	0.0	0.0229	0.0	0.0	0.0	0.0	0.881442	0.0	0.0	0.0	0.118558	0.0	0.0	0.0	0.0	
13	463	397.491082165	11130.853	11193.529	47.9353	0.979355	449	0	0	0	10	0	0	0	0	0.000783	0.0	0.0	0.0	0.605819	0.0	0.0	0.0	0.0	1.78302	0.0	0.0	0.0	281.575	0.0	0.0	0.0	0.0	0.003971	0.0	0.0	0.0	28.1575	0.0	0.0	0.0	0.0	10	0	0	0	5	0	0	0	0	33	0	0	0	4	0	0	0	0	245	0	0	0	1	0	0	0	0	32	0	0	0	0	0	0	0	0	7	0	0	0	0	0	0	0	0	122	0	0	0	0	0	0	0	0	0.197162	0.0	0.0	0.0	0.021515	0.0	0.0	0.0	0.0	0.901611	0.0	0.0	0.0	0.098388	0.0	0.0	0.0	0.0	
14	465	414.357772514	11028.735	11028.735	46.3832	0.978671	450	0	0	0	11	0	0	0	0	0.00074	0.0	0.0	0.0	0.645237	0.0	0.0	0.0	0.0	1.7844	0.0	0.0	0.0	298.44	0.0	0.0	0.0	0.0	0.003965	0.0	0.0	0.0	27.1309	0.0	0.0	0.0	0.0	10	0	0	0	6	0	0	0	0	33	0	0	0	4	0	0	0	0	245	0	0	0	1	0	0	0	0	33	0	0	0	0	0	0	0	0	7	0	0	0	0	0	0	0	0	122	0	0	0	0	0	0	0	0	0.186499	0.0	0.0	0.0	0.023782	0.0	0.0	0.0	0.0	0.886902	0.0	0.0	0.0	0.113098	0.0	0.0	0.0	0.0	
15	466	428.969430998	11028.735	11028.735	44.8957	0.977972	450	0	0	0	12	0	0	0	0	0.00074	0.0	0.0	0.0	0.580714	0.0	0.0	0.0	0.0	1.7844	0.0	0.0	0.0	313.052	0.0	0.0	0.0	0.0	0.003965	0.0	0.0	0.0	26.0877	0.0	0.0	0.0	0.0	10	0	0	0	6	0	0	0	0	33	0	0	0	4	0	0	0	0	245	0	0	0	2	0	0	0	0	33	0	0	0	0	0	0	0	0	7	0	0	0	0	0	0	0	0	122	0	0	0	0	0	0	0	0	0.186499	0.0	0.0	0.0	0.02226	0.0	0.0	0.0	0.0	0.893369	0.0	0.0	0.0	0.106631	0.0	0.0	0.0	0.0	
16	471	453.831424435	10923.279	10923.279	43.6453	0.977349	454	0	0	0	13	0	0	0	0	0.000586	0.0	0.0	0.0	0.622642	0.0	0.0	0.0	0.0	1.78811	0.0	0.0	0.0	337.91	0.0	0.0	0.0	0.0	0.003939	0.0	0.0	0.0	25.9931	0.0	0.0	0.0	0.0	10	0	0	0	7	0	0	0	0	33	0	0	0	4	0	0	0	0	247	0	0	0	2	0	0	0	0	35	0	0	0	0	0	0	0	0	7	0	0	0	0	0	0	0	0	122	0	0	0	0	0	0	0	0	0.148791	0.0	0.0	0.0	0.023954	0.0	0.0	0.0	0.0	0.861332	0.0	0.0	0.0	0.138668	0.0	0.0	0.0	0.0	
17	551	480.066767687	10923.271352941176	10967.088	41.5939	0.976245	533	0	0	0	14	0	0	0	0	0.001407	0.0	0.0	0.0	0.560878	0.0	0.0	0.0	0.0	1.83828	0.0	0.0	0.0	364.095	0.0	0.0	0.0	0.0	0.003449	0.0	0.0	0.0	26.0068	0.0	0.0	0.0	0.0	11	0	0	0	7	0	0	0	0	36	0	0	0	5	0	0	0	0	286	0	0	0	2	0	0	0	0	44	0	0	0	0	0	0	0	0	8	0	0	0	0	0	0	0	0	148	0	0	0	0	0	0	0	0	0.407843	0.0	0.0	0.0	0.021567	0.0	0.0	0.0	0.0	0.949776	0.0	0.0	0.0	0.050224	0.0	0.0	0.0	0.0	
18	586	608.918911844	10386.029	10386.029	39.5396	0.975026	567	0	0	0	15	0	0	0	0	0.000409	0.0	0.0	0.0	0.60479	0.0	0.0	0.0	0.0	1.86158	0.0	0.0	0.0	492.924	0.0	0.0	0.0	0.0	0.003283	0.0	0.0	0.0	32.8616	0.0	0.0	0.0	0.0	11	0	0	0	8	0	0	0	0	38	0	0	0	5	0	0	0	0	300	0	0	0	2	0	0	0	0	51	0	0	0	0	0	0	0	0	9	0	0	0	0	0	0	0	0	158	0	0	0	0	0	0	0	0	0.124555	0.0	0.0	0.0	0.018404	0.0	0.0	0.0	0.0	0.871263	0.0	0.0	0.0	0.128737	0.0	0.0	0.0	0.0	
19	590	637.251827287	10291.897	10291.897	30.8245	0.968079	570	0	0	0	16	0	0	0	0	0.000342	0.0	0.0	0.0	0.644311	0.0	0.0	0.0	0.0	1.86362	0.0	0.0	0.0	521.255	0.0	0.0	0.0	0.0	0.00327	0.0	0.0	0.0	32.5784	0.0	0.0	0.0	0.0	11	0	0	0	9	0	0	0	0	38	0	0	0	5	0	0	0	0	302	0	0	0	2	0	0	0	0	51	0	0	0	0	0	0	0	0	9	0	0	0	0	0	0	0	0	159	0	0	0	0	0	0	0	0	0.104605	0.0	0.0	0.0	0.019777	0.0	0.0	0.0	0.0	0.840997	0.0	0.0	0.0	0.159003	0.0	0.0	0.0	0.0	
20	703	681.435228724	10257.618	10257.618	29.1781	0.966308	682	0	0	0	17	0	0	0	0	0.000221	0.0	0.0	0.0	0.67988	0.0	0.0	0.0	0.0	1.93452	0.0	0.0	0.0	565.367	0.0	0.0	0.0	0.0	0.002837	0.0	0.0	0.0	33.2569	0.0	0.0	0.0	0.0	12	0	0	0	10	0	0	0	0	44	0	0	0	5	0	0	0	0	359	0	0	0	2	0	0	0	0	62	0	0	0	0	0	0	0	0	11	0	0	0	0	0	0	0	0	194	0	0	0	0	0	0	0	0	0.078041	0.0	0.0	0.0	0.020443	0.0	0.0	0.0	0.0	0.792421	0.0	0.0	0.0	0.207579	0.0	0.0	0.0	0.0	
21	777	807.688676715	10134.353	10134.353	26.7913	0.963362	755	0	0	0	18	0	0	0	0	0.001523	0.0	0.0	0.0	0.711892	0.0	0.0	0.0	0.0	1.97833	0.0	0.0	0.0	691.577	0.0	0.0	0.0	0.0	0.00262	0.0	0.0	0.0	38.4209	0.0	0.0	0.0	0.0	13	0	0	0	11	0	0	0	0	44	0	0	0	5	0	0	0	0	392	0	0	0	2	0	0	0	0	68	0	0	0	0	0	0	0	0	13	0	0	0	0	0	0	0	0	225	0	0	0	0	0	0	0	0	0.581115	0.0	0.0	0.0	0.018529	0.0	0.0	0.0	0.0	0.9691	0.0	0.0	0.0	0.0309	0.0	0.0	0.0	0.0	
22	875	828.740340264	10047.485	10047.485	20.9892	0.953474	852	0	0	0	19	0	0	0	0	0.000839	0.0	0.0	0.0	0.740703	0.0	0.0	0.0	0.0	2.05331	0.0	0.0	0.0	712.553	0.0	0.0	0.0	0.0	0.00241	0.0	0.0	0.0	37.5028	0.0	0.0	0.0	0.0	14	0	0	0	12	0	0	0	0	49	0	0	0	5	0	0	0	0	438	0	0	0	2	0	0	0	0	80	0	0	0	0	0	0	0	0	14	0	0	0	0	0	0	0	0	257	0	0	0	0	0	0	0	0	0.348072	0.0	0.0	0.0	0.019751	0.0	0.0	0.0	0.0	0.946304	0.0	0.0	0.0	0.053696	0.0	0.0	0.0	0.0	
23	1015	851.472231246	9987.770882352934	10087.25	20.1527	0.95159	991	0	0	0	20	0	0	0	0	0.000513	0.0	0.0	0.0	0.667133	0.0	0.0	0.0	0.0	2.11954	0.0	0.0	0.0	735.219	0.0	0.0	0.0	0.0	0.002139	0.0	0.0	0.0	36.7609	0.0	0.0	0.0	0.0	18	0	0	0	12	0	0	0	0	52	0	0	0	6	0	0	0	0	490	0	0	0	2	0	0	0	0	98	0	0	0	0	0	0	0	0	17	0	0	0	0	0	0	0	0	316	0	0	0	0	0	0	0	0	0.239684	0.0	0.0	0.0	0.018148	0.0	0.0	0.0	0.0	0.929614	0.0	0.0	0.0	0.070386	0.0	0.0	0.0	0.0	
24	1021	886.727131805	9974.544	9974.544	19.2888	0.949477	996	0	0	0	21	0	0	0	0	0.000661	0.0	0.0	0.0	0.700419	0.0	0.0	0.0	0.0	2.12369	0.0	0.0	0.0	770.47	0.0	0.0	0.0	0.0	0.002132	0.0	0.0	0.0	36.689	0.0	0.0	0.0	0.0	18	0	0	0	13	0	0	0	0	53	0	0	0	6	0	0	0	0	491	0	0	0	2	0	0	0	0	99	0	0	0	0	0	0	0	0	17	0	0	0	0	0	0	0	0	318	0	0	0	0	0	0	0	0	0.310233	0.0	0.0	0.0	0.019091	0.0	0.0	0.0	0.0	0.942031	0.0	0.0	0.0	0.05797	0.0	0.0	0.0	0.0	
25	1024	979.871644352	9784.0	9784.0	17.9858	0.945918	998	0	0	0	22	0	0	0	0	0.000592	0.0	0.0	0.0	0.730377	0.0	0.0	0.0	0.0	3.06119	0.0	0.0	0.0	862.677	0.0	0.0	0.0	0.0	0.003067	0.0	0.0	0.0	39.2126	0.0	0.0	0.0	0.0	18	0	0	0	14	0	0	0	0	53	0	0	0	6	0	0	0	0	492	0	0	0	2	0	0	0	0	99	0	0	0	0	0	0	0	0	17	0	0	0	0	0	0	0	0	319	0	0	0	0	0	0	0	0	0.193043	0.0	0.0	0.0	0.018626	0.0	0.0	0.0	0.0	0.912004	0.0	0.0	0.0	0.087996	0.0	0.0	0.0	0.0	
26	1100	999.831961516	9775.491764705877	9777.662	15.0491	0.93571	1073	0	0	0	23	0	0	0	0	0.002763	0.0	0.0	0.0	0.65784	0.0	0.0	0.0	0.0	3.0924	0.0	0.0	0.0	882.606	0.0	0.0	0.0	0.0	0.002882	0.0	0.0	0.0	38.3742	0.0	0.0	0.0	0.0	20	0	0	0	14	0	0	0	0	55	0	0	0	7	0	0	0	0	522	0	0	0	2	0	0	0	0	107	0	0	0	0	0	0	0	0	17	0	0	0	0	0	0	0	0	352	0	0	0	0	0	0	0	0	0.958828	0.0	0.0	0.0	0.017143	0.0	0.0	0.0	0.0	0.982435	0.0	0.0	0.0	0.017565	0.0	0.0	0.0	0.0	
27	1101	1018.808557051	9687.868	9687.868	14.4804	0.933272	1073	0	0	0	24	0	0	0	0	0.002763	0.0	0.0	0.0	0.692056	0.0	0.0	0.0	0.0	3.0924	0.0	0.0	0.0	901.582	0.0	0.0	0.0	0.0	0.002882	0.0	0.0	0.0	37.5659	0.0	0.0	0.0	0.0	20	0	0	0	15	0	0	0	0	55	0	0	0	7	0	0	0	0	522	0	0	0	2	0	0	0	0	107	0	0	0	0	0	0	0	0	17	0	0	0	0	0	0	0	0	352	0	0	0	0	0	0	0	0	0.958828	0.0	0.0	0.0	0.018422	0.0	0.0	0.0	0.0	0.981149	0.0	0.0	0.0	0.018851	0.0	0.0	0.0	0.0	
28	1146	1043.447767424	9580.971	9580.971	13.9584	0.930865	1117	0	0	0	25	0	0	0	0	0.006159	0.0	0.0	0.0	0.72285	0.0	0.0	0.0	0.0	3.11253	0.0	0.0	0.0	926.201	0.0	0.0	0.0	0.0	0.002787	0.0	0.0	0.0	37.0481	0.0	0.0	0.0	0.0	21	0	0	0	16	0	0	0	0	55	0	0	0	7	0	0	0	0	542	0	0	0	2	0	0	0	0	116	0	0	0	0	0	0	0	0	17	0	0	0	0	0	0	0	0	366	0	0	0	0	0	0	0	0	2.21037	0.0	0.0	0.0	0.019511	0.0	0.0	0.0	0.0	0.99125	0.0	0.0	0.0	0.00875	0.0	0.0	0.0	0.0	
29	1246	1067.560920343	9557.471	9557.471	13.3083	0.927613	1216	0	0	0	26	0	0	0	0	0.010895	0.0	0.0	0.0	0.750565	0.0	0.0	0.0	0.0	3.17017	0.0	0.0	0.0	950.257	0.0	0.0	0.0	0.0	0.002607	0.0	0.0	0.0	36.5483	0.0	0.0	0.0	0.0	23	0	0	0	17	0	0	0	0	55	0	0	0	7	0	0	0	0	589	0	0	0	2	0	0	0	0	129	0	0	0	0	0	0	0	0	17	0	0	0	0	0	0	0	0	403	0	0	0	0	0	0	0	0	4.1789	0.0	0.0	0.0	0.020536	0.0	0.0	0.0	0.0	0.99511	0.0	0.0	0.0	0.00489	0.0	0.0	0.0	0.0	
30	1282	1089.245491441	9552.603	9552.603	12.7033	0.924299	1251	0	0	0	27	0	0	0	0	0.001843	0.0	0.0	0.0	0.775509	0.0	0.0	0.0	0.0	3.19075	0.0	0.0	0.0	971.921	0.0	0.0	0.0	0.0	0.002551	0.0	0.0	0.0	35.9971	0.0	0.0	0.0	0.0	23	0	0	0	18	0	0	0	0	56	0	0	0	7	0	0	0	0	599	0	0	0	2	0	0	0	0	133	0	0	0	0	0	0	0	0	17	0	0	0	0	0	0	0	0	423	0	0	0	0	0	0	0	0	0.722537	0.0	0.0	0.0	0.021544	0.0	0.0	0.0	0.0	0.971047	0.0	0.0	0.0	0.028953	0.0	0.0	0.0	0.0	
31	1300	1108.0862597	9546.485	9546.485	12.1821	0.921191	1268	0	0	0	28	0	0	0	0	0.000942	0.0	0.0	0.0	0.797958	0.0	0.0	0.0	0.0	3.2013	0.0	0.0	0.0	990.751	0.0	0.0	0.0	0.0	0.002525	0.0	0.0	0.0	35.384	0.0	0.0	0.0	0.0	23	0	0	0	19	0	0	0	0	57	0	0	0	7	0	0	0	0	603	0	0	0	2	0	0	0	0	136	0	0	0	0	0	0	0	0	17	0	0	0	0	0	0	0	0	432	0	0	0	0	0	0	0	0	0.373313	0.0	0.0	0.0	0.022551	0.0	0.0	0.0	0.0	0.943032	0.0	0.0	0.0	0.056968	0.0	0.0	0.0	0.0	
32	1351	1112.221392801	9546.466176470589	9572.514411764696	11.746	0.918388	1319	0	0	0	28	0	0	0	0	0.004325	0.0	0.0	0.0	0.797958	0.0	0.0	0.0	0.0	7.33638	0.0	0.0	0.0	990.751	0.0	0.0	0.0	0.0	0.005562	0.0	0.0	0.0	35.384	0.0	0.0	0.0	0.0	24	0	0	0	19	0	0	0	0	57	0	0	0	7	0	0	0	0	625	0	0	0	2	0	0	0	0	141	0	0	0	0	0	0	0	0	19	0	0	0	0	0	0	0	0	453	0	0	0	0	0	0	0	0	0.777612	0.0	0.0	0.0	0.022551	0.0	0.0	0.0	0.0	0.971817	0.0	0.0	0.0	0.028184	0.0	0.0	0.0	0.0	
33	1366	1130.566384085	9546.466176470589	9569.529	11.6531	0.917765	1333	0	0	0	29	0	0	0	0	0.002045	0.0	0.0	0.0	0.718662	0.0	0.0	0.0	0.0	7.34343	0.0	0.0	0.0	1009.09	0.0	0.0	0.0	0.0	0.005509	0.0	0.0	0.0	34.7962	0.0	0.0	0.0	0.0	24	0	0	0	19	0	0	0	0	57	0	0	0	8	0	0	0	0	634	0	0	0	2	0	0	0	0	141	0	0	0	0	0	0	0	0	20	0	0	0	0	0	0	0	0	457	0	0	0	0	0	0	0	0	0.371273	0.0	0.0	0.0	0.020654	0.0	0.0	0.0	0.0	0.947303	0.0	0.0	0.0	0.052697	0.0	0.0	0.0	0.0	
34	1377	1157.933398102	9546.466176470589	9557.941	11.2472	0.914927	1343	0	0	0	30	0	0	0	0	0.001179	0.0	0.0	0.0	0.647296	0.0	0.0	0.0	0.0	7.34841	0.0	0.0	0.0	1036.45	0.0	0.0	0.0	0.0	0.005472	0.0	0.0	0.0	34.5484	0.0	0.0	0.0	0.0	24	0	0	0	19	0	0	0	0	57	0	0	0	9	0	0	0	0	637	0	0	0	2	0	0	0	0	144	0	0	0	0	0	0	0	0	20	0	0	0	0	0	0	0	0	461	0	0	0	0	0	0	0	0	0.215494	0.0	0.0	0.0	0.018736	0.0	0.0	0.0	0.0	0.920011	0.0	0.0	0.0	0.079989	0.0	0.0	0.0	0.0	
35	1392	1192.140163047	9462.191	9462.191	10.6677	0.910519	1357	0	0	0	31	0	0	0	0	0.000523	0.0	0.0	0.0	0.682566	0.0	0.0	0.0	0.0	7.35521	0.0	0.0	0.0	1070.65	0.0	0.0	0.0	0.0	0.00542	0.0	0.0	0.0	34.5371	0.0	0.0	0.0	0.0	24	0	0	0	20	0	0	0	0	57	0	0	0	9	0	0	0	0	641	0	0	0	2	0	0	0	0	147	0	0	0	0	0	0	0	0	21	0	0	0	0	0	0	0	0	467	0	0	0	0	0	0	0	0	0.096447	0.0	0.0	0.0	0.019763	0.0	0.0	0.0	0.0	0.829935	0.0	0.0	0.0	0.170065	0.0	0.0	0.0	0.0	
36	1494	1212.684358155	9460.662	9460.662	9.98439	0.904696	1458	0	0	0	32	0	0	0	0	0.000721	0.0	0.0	0.0	0.71431	0.0	0.0	0.0	0.0	7.40802	0.0	0.0	0.0	1091.14	0.0	0.0	0.0	0.0	0.005081	0.0	0.0	0.0	34.0982	0.0	0.0	0.0	0.0	26	0	0	0	21	0	0	0	0	58	0	0	0	9	0	0	0	0	678	0	0	0	2	0	0	0	0	167	0	0	0	0	0	0	0	0	23	0	0	0	0	0	0	0	0	506	0	0	0	0	0	0	0	0	0.14198	0.0	0.0	0.0	0.020949	0.0	0.0	0.0	0.0	0.871425	0.0	0.0	0.0	0.128575	0.0	0.0	0.0	0.0	
37	1499	1232.492108466	9453.662	9453.662	9.59665	0.901042	1462	0	0	0	33	0	0	0	0	0.000568	0.0	0.0	0.0	0.742879	0.0	0.0	0.0	0.0	7.41051	0.0	0.0	0.0	1110.95	0.0	0.0	0.0	0.0	0.005069	0.0	0.0	0.0	33.6651	0.0	0.0	0.0	0.0	26	0	0	0	22	0	0	0	0	58	0	0	0	9	0	0	0	0	679	0	0	0	2	0	0	0	0	168	0	0	0	0	0	0	0	0	23	0	0	0	0	0	0	0	0	508	0	0	0	0	0	0	0	0	0.112031	0.0	0.0	0.0	0.022067	0.0	0.0	0.0	0.0	0.835442	0.0	0.0	0.0	0.164558	0.0	0.0	0.0	0.0	
38	1502	1261.220873201	9435.426	9435.426	9.23624	0.897386	1464	0	0	0	34	0	0	0	0	0.000502	0.0	0.0	0.0	0.768591	0.0	0.0	0.0	0.0	7.41137	0.0	0.0	0.0	1139.68	0.0	0.0	0.0	0.0	0.005062	0.0	0.0	0.0	33.5199	0.0	0.0	0.0	0.0	26	0	0	0	23	0	0	0	0	58	0	0	0	9	0	0	0	0	679	0	0	0	2	0	0	0	0	168	0	0	0	0	0	0	0	0	23	0	0	0	0	0	0	0	0	510	0	0	0	0	0	0	0	0	0.09908	0.0	0.0	0.0	0.022929	0.0	0.0	0.0	0.0	0.812069	0.0	0.0	0.0	0.187931	0.0	0.0	0.0	0.0	
39	1517	1277.60180036	9435.426	9435.426	8.73727	0.891854	1478	0	0	0	35	0	0	0	0	0.000404	0.0	0.0	0.0	0.692232	0.0	0.0	0.0	0.0	7.41952	0.0	0.0	0.0	1156.05	0.0	0.0	0.0	0.0	0.00502	0.0	0.0	0.0	33.0299	0.0	0.0	0.0	0.0	26	0	0	0	23	0	0	0	0	59	0	0	0	10	0	0	0	0	686	0	0	0	2	0	0	0	0	169	0	0	0	0	0	0	0	0	23	0	0	0	0	0	0	0	0	515	0	0	0	0	0	0	0	0	0.080538	0.0	0.0	0.0	0.020958	0.0	0.0	0.0	0.0	0.793512	0.0	0.0	0.0	0.206488	0.0	0.0	0.0	0.0	
40	1518	1326.760750002	9409.397	9409.397	8.46512	0.888579	1478	0	0	0	36	0	0	0	0	0.000404	0.0	0.0	0.0	0.723009	0.0	0.0	0.0	0.0	7.41952	0.0	0.0	0.0	1205.21	0.0	0.0	0.0	0.0	0.00502	0.0	0.0	0.0	33.478	0.0	0.0	0.0	0.0	26	0	0	0	24	0	0	0	0	59	0	0	0	10	0	0	0	0	686	0	0	0	2	0	0	0	0	169	0	0	0	0	0	0	0	0	23	0	0	0	0	0	0	0	0	515	0	0	0	0	0	0	0	0	0.080538	0.0	0.0	0.0	0.021596	0.0	0.0	0.0	0.0	0.788549	0.0	0.0	0.0	0.211451	0.0	0.0	0.0	0.0	
41	1683	1360.946110935	9379.397	9379.397	7.69642	0.878156	1642	0	0	0	37	0	0	0	0	0.007878	0.0	0.0	0.0	0.750708	0.0	0.0	0.0	0.0	7.51748	0.0	0.0	0.0	1239.29	0.0	0.0	0.0	0.0	0.004578	0.0	0.0	0.0	33.4944	0.0	0.0	0.0	0.0	29	0	0	0	25	0	0	0	0	61	0	0	0	10	0	0	0	0	760	0	0	0	2	0	0	0	0	199	0	0	0	0	0	0	0	0	24	0	0	0	0	0	0	0	0	569	0	0	0	0	0	0	0	0	1.72075	0.0	0.0	0.0	0.022413	0.0	0.0	0.0	0.0	0.987142	0.0	0.0	0.0	0.012858	0.0	0.0	0.0	0.0	
42	1771	1388.915989366	9338.603	9338.603	7.20506	0.87041	1729	0	0	0	38	0	0	0	0	0.006398	0.0	0.0	0.0	0.775637	0.0	0.0	0.0	0.0	7.56453	0.0	0.0	0.0	1267.22	0.0	0.0	0.0	0.0	0.004375	0.0	0.0	0.0	33.3478	0.0	0.0	0.0	0.0	32	0	0	0	26	0	0	0	0	61	0	0	0	10	0	0	0	0	782	0	0	0	2	0	0	0	0	215	0	0	0	0	0	0	0	0	25	0	0	0	0	0	0	0	0	614	0	0	0	0	0	0	0	0	1.46234	0.0	0.0	0.0	0.023259	0.0	0.0	0.0	0.0	0.984344	0.0	0.0	0.0	0.015656	0.0	0.0	0.0	0.0	
43	1778	1408.821178326	9314.103	9314.103	6.82648	0.863736	1735	0	0	0	39	0	0	0	0	0.004931	0.0	0.0	0.0	0.798073	0.0	0.0	0.0	0.0	7.56868	0.0	0.0	0.0	1287.12	0.0	0.0	0.0	0.0	0.004362	0.0	0.0	0.0	33.003	0.0	0.0	0.0	0.0	32	0	0	0	27	0	0	0	0	62	0	0	0	10	0	0	0	0	783	0	0	0	2	0	0	0	0	216	0	0	0	0	0	0	0	0	25	0	0	0	0	0	0	0	0	617	0	0	0	0	0	0	0	0	1.13041	0.0	0.0	0.0	0.024182	0.0	0.0	0.0	0.0	0.979056	0.0	0.0	0.0	0.020944	0.0	0.0	0.0	0.0	
44	1885	1441.107757666	9288.603	9288.603	6.56635	0.858738	1841	0	0	0	40	0	0	0	0	0.005455	0.0	0.0	0.0	0.818266	0.0	0.0	0.0	0.0	7.76953	0.0	0.0	0.0	1319.2	0.0	0.0	0.0	0.0	0.00422	0.0	0.0	0.0	32.9801	0.0	0.0	0.0	0.0	35	0	0	0	28	0	0	0	0	62	0	0	0	10	0	0	0	0	822	0	0	0	2	0	0	0	0	240	0	0	0	0	0	0	0	0	27	0	0	0	0	0	0	0	0	655	0	0	0	0	0	0	0	0	1.29267	0.0	0.0	0.0	0.024811	0.0	0.0	0.0	0.0	0.981168	0.0	0.0	0.0	0.018832	0.0	0.0	0.0	0.0	
45	1976	1457.487035466	9288.102999999997	9296.103	6.17106	0.850401	1931	0	0	0	41	0	0	0	0	0.001323	0.0	0.0	0.0	0.736939	0.0	0.0	0.0	0.0	7.80871	0.0	0.0	0.0	1335.54	0.0	0.0	0.0	0.0	0.004044	0.0	0.0	0.0	32.5742	0.0	0.0	0.0	0.0	37	0	0	0	28	0	0	0	0	63	0	0	0	11	0	0	0	0	847	0	0	0	2	0	0	0	0	253	0	0	0	0	0	0	0	0	28	0	0	0	0	0	0	0	0	703	0	0	0	0	0	0	0	0	0.327186	0.0	0.0	0.0	0.022623	0.0	0.0	0.0	0.0	0.935327	0.0	0.0	0.0	0.064673	0.0	0.0	0.0	0.0	
46	1983	1495.77559652	9256.221	9256.221	5.97918	0.845991	1937	0	0	0	42	0	0	0	0	0.001179	0.0	0.0	0.0	0.763245	0.0	0.0	0.0	0.0	7.8122	0.0	0.0	0.0	1373.83	0.0	0.0	0.0	0.0	0.004033	0.0	0.0	0.0	32.7102	0.0	0.0	0.0	0.0	37	0	0	0	29	0	0	0	0	64	0	0	0	11	0	0	0	0	848	0	0	0	2	0	0	0	0	255	0	0	0	0	0	0	0	0	28	0	0	0	0	0	0	0	0	705	0	0	0	0	0	0	0	0	0.292394	0.0	0.0	0.0	0.023334	0.0	0.0	0.0	0.0	0.926096	0.0	0.0	0.0	0.073904	0.0	0.0	0.0	0.0	
47	1984	1528.517983766	9256.221	9256.221	5.55273	0.835194	1937	0	0	0	43	0	0	0	0	0.001179	0.0	0.0	0.0	0.686921	0.0	0.0	0.0	0.0	7.8122	0.0	0.0	0.0	1406.57	0.0	0.0	0.0	0.0	0.004033	0.0	0.0	0.0	32.7109	0.0	0.0	0.0	0.0	37	0	0	0	29	0	0	0	0	64	0	0	0	11	0	0	0	0	848	0	0	0	3	0	0	0	0	255	0	0	0	0	0	0	0	0	28	0	0	0	0	0	0	0	0	705	0	0	0	0	0	0	0	0	0.292394	0.0	0.0	0.0	0.021	0.0	0.0	0.0	0.0	0.932992	0.0	0.0	0.0	0.067008	0.0	0.0	0.0	0.0	
48	1985	1545.86030545	9255.721	9255.721	5.21224	0.825425	1937	0	0	0	44	0	0	0	0	0.001179	0.0	0.0	0.0	0.718229	0.0	0.0	0.0	0.0	7.8122	0.0	0.0	0.0	1423.91	0.0	0.0	0.0	0.0	0.004033	0.0	0.0	0.0	32.3617	0.0	0.0	0.0	0.0	37	0	0	0	30	0	0	0	0	64	0	0	0	11	0	0	0	0	848	0	0	0	3	0	0	0	0	255	0	0	0	0	0	0	0	0	28	0	0	0	0	0	0	0	0	705	0	0	0	0	0	0	0	0	0.292394	0.0	0.0	0.0	0.022194	0.0	0.0	0.0	0.0	0.929451	0.0	0.0	0.0	0.070549	0.0	0.0	0.0	0.0	
49	2127	1562.465834695	9241.741588235287	9248.221	5.03964	0.82002	2078	0	0	0	45	0	0	0	0	0.002546	0.0	0.0	0.0	0.646906	0.0	0.0	0.0	0.0	7.89361	0.0	0.0	0.0	1440.44	0.0	0.0	0.0	0.0	0.003799	0.0	0.0	0.0	32.0097	0.0	0.0	0.0	0.0	43	0	0	0	30	0	0	0	0	64	0	0	0	12	0	0	0	0	896	0	0	0	3	0	0	0	0	279	0	0	0	0	0	0	0	0	28	0	0	0	0	0	0	0	0	768	0	0	0	0	0	0	0	0	0.670197	0.0	0.0	0.0	0.02021	0.0	0.0	0.0	0.0	0.970728	0.0	0.0	0.0	0.029272	0.0	0.0	0.0	0.0	
50	2143	1579.192486664	9241.741588235287	9248.221	4.88113	0.814753	2093	0	0	0	46	0	0	0	0	0.001418	0.0	0.0	0.0	0.582215	0.0	0.0	0.0	0.0	7.90463	0.0	0.0	0.0	1457.15	0.0	0.0	0.0	0.0	0.003777	0.0	0.0	0.0	31.6772	0.0	0.0	0.0	0.0	43	0	0	0	30	0	0	0	0	66	0	0	0	12	0	0	0	0	900	0	0	0	4	0	0	0	0	283	0	0	0	0	0	0	0	0	29	0	0	0	0	0	0	0	0	772	0	0	0	0	0	0	0	0	0.375332	0.0	0.0	0.0	0.01838	0.0	0.0	0.0	0.0	0.953317	0.0	0.0	0.0	0.046683	0.0	0.0	0.0	0.0	
51	2154	1603.825347824	9241.741588235287	9242.221	4.7259	0.809288	2103	0	0	0	47	0	0	0	0	0.000821	0.0	0.0	0.0	0.524494	0.0	0.0	0.0	0.0	7.91093	0.0	0.0	0.0	1481.78	0.0	0.0	0.0	0.0	0.003762	0.0	0.0	0.0	31.5272	0.0	0.0	0.0	0.0	43	0	0	0	30	0	0	0	0	66	0	0	0	13	0	0	0	0	904	0	0	0	4	0	0	0	0	284	0	0	0	0	0	0	0	0	30	0	0	0	0	0	0	0	0	776	0	0	0	0	0	0	0	0	0.21823	0.0	0.0	0.0	0.016636	0.0	0.0	0.0	0.0	0.929167	0.0	0.0	0.0	0.070833	0.0	0.0	0.0	0.0	
52	2167	1621.209620071	9241.741588235287	9242.221	4.50618	0.800981	2115	0	0	0	48	0	0	0	0	0.000415	0.0	0.0	0.0	0.472544	0.0	0.0	0.0	0.0	7.91774	0.0	0.0	0.0	1499.16	0.0	0.0	0.0	0.0	0.003744	0.0	0.0	0.0	31.2324	0.0	0.0	0.0	0.0	43	0	0	0	30	0	0	0	0	66	0	0	0	14	0	0	0	0	910	0	0	0	4	0	0	0	0	284	0	0	0	0	0	0	0	0	30	0	0	0	0	0	0	0	0	782	0	0	0	0	0	0	0	0	0.110829	0.0	0.0	0.0	0.01513	0.0	0.0	0.0	0.0	0.879882	0.0	0.0	0.0	0.120118	0.0	0.0	0.0	0.0	
53	2172	1669.25987985	9216.221	9216.221	4.35732	0.794932	2119	0	0	0	49	0	0	0	0	0.000327	0.0	0.0	0.0	0.52529	0.0	0.0	0.0	0.0	7.92088	0.0	0.0	0.0	1547.2	0.0	0.0	0.0	0.0	0.003738	0.0	0.0	0.0	31.5756	0.0	0.0	0.0	0.0	43	0	0	0	31	0	0	0	0	66	0	0	0	14	0	0	0	0	910	0	0	0	4	0	0	0	0	286	0	0	0	0	0	0	0	0	30	0	0	0	0	0	0	0	0	784	0	0	0	0	0	0	0	0	0.087597	0.0	0.0	0.0	0.016636	0.0	0.0	0.0	0.0	0.840396	0.0	0.0	0.0	0.159604	0.0	0.0	0.0	0.0	
54	2210	1688.227468624	9186.103	9186.103	3.97073	0.777367	2156	0	0	0	50	0	0	0	0	0.009977	0.0	0.0	0.0	0.572761	0.0	0.0	0.0	0.0	7.94589	0.0	0.0	0.0	1566.15	0.0	0.0	0.0	0.0	0.003685	0.0	0.0	0.0	31.3229	0.0	0.0	0.0	0.0	44	0	0	0	32	0	0	0	0	66	0	0	0	14	0	0	0	0	924	0	0	0	4	0	0	0	0	295	0	0	0	0	0	0	0	0	30	0	0	0	0	0	0	0	0	797	0	0	0	0	0	0	0	0	2.70717	0.0	0.0	0.0	0.018286	0.0	0.0	0.0	0.0	0.993291	0.0	0.0	0.0	0.006709	0.0	0.0	0.0	0.0	
55	2286	1790.043729719	9149.647	9149.647	3.82775	0.770088	2231	0	0	0	51	0	0	0	0	0.003112	0.0	0.0	0.0	0.615485	0.0	0.0	0.0	0.0	7.97815	0.0	0.0	0.0	1667.93	0.0	0.0	0.0	0.0	0.003576	0.0	0.0	0.0	32.7045	0.0	0.0	0.0	0.0	46	0	0	0	33	0	0	0	0	67	0	0	0	14	0	0	0	0	947	0	0	0	4	0	0	0	0	311	0	0	0	0	0	0	0	0	30	0	0	0	0	0	0	0	0	830	0	0	0	0	0	0	0	0	0.870248	0.0	0.0	0.0	0.01882	0.0	0.0	0.0	0.0	0.978832	0.0	0.0	0.0	0.021168	0.0	0.0	0.0	0.0	
56	2314	1825.54641836	9088.882	9088.882	3.14412	0.727563	2258	0	0	0	52	0	0	0	0	0.000729	0.0	0.0	0.0	0.653936	0.0	0.0	0.0	0.0	7.99153	0.0	0.0	0.0	1703.42	0.0	0.0	0.0	0.0	0.003539	0.0	0.0	0.0	32.7581	0.0	0.0	0.0	0.0	46	0	0	0	34	0	0	0	0	67	0	0	0	14	0	0	0	0	958	0	0	0	4	0	0	0	0	314	0	0	0	0	0	0	0	0	30	0	0	0	0	0	0	0	0	843	0	0	0	0	0	0	0	0	0.205962	0.0	0.0	0.0	0.019963	0.0	0.0	0.0	0.0	0.91164	0.0	0.0	0.0	0.08836	0.0	0.0	0.0	0.0	
57	2316	1857.104672759	9079.956	9079.956	2.93569	0.711318	2259	0	0	0	53	0	0	0	0	0.000689	0.0	0.0	0.0	0.688543	0.0	0.0	0.0	0.0	7.9922	0.0	0.0	0.0	1734.98	0.0	0.0	0.0	0.0	0.003538	0.0	0.0	0.0	32.7354	0.0	0.0	0.0	0.0	46	0	0	0	35	0	0	0	0	67	0	0	0	14	0	0	0	0	959	0	0	0	4	0	0	0	0	314	0	0	0	0	0	0	0	0	30	0	0	0	0	0	0	0	0	843	0	0	0	0	0	0	0	0	0.194736	0.0	0.0	0.0	0.021034	0.0	0.0	0.0	0.0	0.902518	0.0	0.0	0.0	0.097482	0.0	0.0	0.0	0.0	
58	2360	1881.286657494	9061.132	9061.132	2.76187	0.696231	2302	0	0	0	54	0	0	0	0	0.009658	0.0	0.0	0.0	0.719688	0.0	0.0	0.0	0.0	8.01451	0.0	0.0	0.0	1759.14	0.0	0.0	0.0	0.0	0.003482	0.0	0.0	0.0	32.5766	0.0	0.0	0.0	0.0	47	0	0	0	36	0	0	0	0	67	0	0	0	14	0	0	0	0	969	0	0	0	4	0	0	0	0	320	0	0	0	0	0	0	0	0	31	0	0	0	0	0	0	0	0	868	0	0	0	0	0	0	0	0	2.77408	0.0	0.0	0.0	0.022092	0.0	0.0	0.0	0.0	0.992099	0.0	0.0	0.0	0.007901	0.0	0.0	0.0	0.0	
59	2433	1901.445725089	9058.132	9058.132	2.63565	0.684263	2374	0	0	0	55	0	0	0	0	0.001558	0.0	0.0	0.0	0.74772	0.0	0.0	0.0	0.0	8.05742	0.0	0.0	0.0	1779.25	0.0	0.0	0.0	0.0	0.003394	0.0	0.0	0.0	32.3501	0.0	0.0	0.0	0.0	48	0	0	0	37	0	0	0	0	68	0	0	0	14	0	0	0	0	995	0	0	0	4	0	0	0	0	334	0	0	0	0	0	0	0	0	34	0	0	0	0	0	0	0	0	895	0	0	0	0	0	0	0	0	0.45897	0.0	0.0	0.0	0.023113	0.0	0.0	0.0	0.0	0.952055	0.0	0.0	0.0	0.047945	0.0	0.0	0.0	0.0	
60	2463	1918.803472496	9058.10964705882	9059.632	2.53508	0.67404	2403	0	0	0	56	0	0	0	0	0.014982	0.0	0.0	0.0	0.673448	0.0	0.0	0.0	0.0	8.07237	0.0	0.0	0.0	1796.6	0.0	0.0	0.0	0.0	0.003359	0.0	0.0	0.0	32.0821	0.0	0.0	0.0	0.0	49	0	0	0	37	0	0	0	0	68	0	0	0	15	0	0	0	0	1001	0	0	0	4	0	0	0	0	337	0	0	0	0	0	0	0	0	35	0	0	0	0	0	0	0	0	913	0	0	0	0	0	0	0	0	4.4598	0.0	0.0	0.0	0.020991	0.0	0.0	0.0	0.0	0.995315	0.0	0.0	0.0	0.004685	0.0	0.0	0.0	0.0	
61	2486	1995.106407103	8927.294	8927.294	2.45145	0.665031	2425	0	0	0	57	0	0	0	0	0.0048	0.0	0.0	0.0	0.706103	0.0	0.0	0.0	0.0	8.08496	0.0	0.0	0.0	1872.89	0.0	0.0	0.0	0.0	0.003334	0.0	0.0	0.0	32.8576	0.0	0.0	0.0	0.0	49	0	0	0	38	0	0	0	0	68	0	0	0	15	0	0	0	0	1006	0	0	0	4	0	0	0	0	341	0	0	0	0	0	0	0	0	36	0	0	0	0	0	0	0	0	925	0	0	0	0	0	0	0	0	1.43959	0.0	0.0	0.0	0.02149	0.0	0.0	0.0	0.0	0.985292	0.0	0.0	0.0	0.014708	0.0	0.0	0.0	0.0	
62	2539	2018.994143527	8927.253411764703	8928.794	2.11476	0.623213	2477	0	0	0	58	0	0	0	0	0.009693	0.0	0.0	0.0	0.635493	0.0	0.0	0.0	0.0	8.23698	0.0	0.0	0.0	1896.62	0.0	0.0	0.0	0.0	0.003325	0.0	0.0	0.0	32.7004	0.0	0.0	0.0	0.0	51	0	0	0	38	0	0	0	0	68	0	0	0	15	0	0	0	0	1023	0	0	0	5	0	0	0	0	351	0	0	0	0	0	0	0	0	38	0	0	0	0	0	0	0	0	946	0	0	0	0	0	0	0	0	2.91493	0.0	0.0	0.0	0.019434	0.0	0.0	0.0	0.0	0.993377	0.0	0.0	0.0	0.006623	0.0	0.0	0.0	0.0	
63	2589	2200.037907163	8927.253411764703	8931.288117647053	2.01985	0.609518	2526	0	0	0	59	0	0	0	0	0.000762	0.0	0.0	0.0	0.571943	0.0	0.0	0.0	0.0	8.25951	0.0	0.0	0.0	2077.64	0.0	0.0	0.0	0.0	0.00327	0.0	0.0	0.0	35.2143	0.0	0.0	0.0	0.0	51	0	0	0	38	0	0	0	0	69	0	0	0	15	0	0	0	0	1045	0	0	0	5	0	0	0	0	358	0	0	0	1	0	0	0	0	38	0	0	0	0	0	0	0	0	965	0	0	0	0	0	0	0	0	0.233162	0.0	0.0	0.0	0.016242	0.0	0.0	0.0	0.0	0.934878	0.0	0.0	0.0	0.065122	0.0	0.0	0.0	0.0	
64	2593	2236.566927534	8924.103	8924.103	1.42356	0.495363	2529	0	0	0	60	0	0	0	0	0.000646	0.0	0.0	0.0	0.614749	0.0	0.0	0.0	0.0	8.26152	0.0	0.0	0.0	2114.17	0.0	0.0	0.0	0.0	0.003267	0.0	0.0	0.0	35.2362	0.0	0.0	0.0	0.0	51	0	0	0	39	0	0	0	0	69	0	0	0	15	0	0	0	0	1048	0	0	0	5	0	0	0	0	358	0	0	0	1	0	0	0	0	38	0	0	0	0	0	0	0	0	965	0	0	0	0	0	0	0	0	0.197779	0.0	0.0	0.0	0.017446	0.0	0.0	0.0	0.0	0.918938	0.0	0.0	0.0	0.081062	0.0	0.0	0.0	0.0	
65	2596	2256.862143975	8921.103	8921.103	1.32653	0.470552	2531	0	0	0	61	0	0	0	0	0.000578	0.0	0.0	0.0	0.653274	0.0	0.0	0.0	0.0	8.2625	0.0	0.0	0.0	2134.46	0.0	0.0	0.0	0.0	0.003265	0.0	0.0	0.0	34.9912	0.0	0.0	0.0	0.0	51	0	0	0	40	0	0	0	0	69	0	0	0	15	0	0	0	0	1049	0	0	0	5	0	0	0	0	358	0	0	0	1	0	0	0	0	38	0	0	0	0	0	0	0	0	966	0	0	0	0	0	0	0	0	0.176913	0.0	0.0	0.0	0.01867	0.0	0.0	0.0	0.0	0.904544	0.0	0.0	0.0	0.095456	0.0	0.0	0.0	0.0	
66	2854	2273.453889319	8920.085941176463	8922.603	1.27484	0.456388	2788	0	0	0	62	0	0	0	0	0.000559	0.0	0.0	0.0	0.587947	0.0	0.0	0.0	0.0	8.53124	0.0	0.0	0.0	2150.79	0.0	0.0	0.0	0.0	0.00306	0.0	0.0	0.0	34.6901	0.0	0.0	0.0	0.0	55	0	0	0	40	0	0	0	0	70	0	0	0	15	0	0	0	0	1132	0	0	0	6	0	0	0	0	405	0	0	0	1	0	0	0	0	45	0	0	0	0	0	0	0	0	1081	0	0	0	0	0	0	0	0	0.182631	0.0	0.0	0.0	0.016948	0.0	0.0	0.0	0.0	0.915079	0.0	0.0	0.0	0.084921	0.0	0.0	0.0	0.0	
67	2864	2325.842718898	8890.603	8890.603	1.23524	0.445054	2797	0	0	0	63	0	0	0	0	0.000333	0.0	0.0	0.0	0.629152	0.0	0.0	0.0	0.0	8.53523	0.0	0.0	0.0	2203.17	0.0	0.0	0.0	0.0	0.003052	0.0	0.0	0.0	34.971	0.0	0.0	0.0	0.0	55	0	0	0	41	0	0	0	0	70	0	0	0	15	0	0	0	0	1133	0	0	0	6	0	0	0	0	408	0	0	0	1	0	0	0	0	46	0	0	0	0	0	0	0	0	1085	0	0	0	0	0	0	0	0	0.109146	0.0	0.0	0.0	0.017991	0.0	0.0	0.0	0.0	0.858493	0.0	0.0	0.0	0.141507	0.0	0.0	0.0	0.0	
68	2867	2358.911987295	8890.603	8890.603	1.1163	0.408274	2799	0	0	0	64	0	0	0	0	0.000295	0.0	0.0	0.0	0.566737	0.0	0.0	0.0	0.0	8.53676	0.0	0.0	0.0	2236.24	0.0	0.0	0.0	0.0	0.00305	0.0	0.0	0.0	34.9412	0.0	0.0	0.0	0.0	55	0	0	0	41	0	0	0	0	70	0	0	0	16	0	0	0	0	1134	0	0	0	6	0	0	0	0	409	0	0	0	1	0	0	0	0	46	0	0	0	0	0	0	0	0	1085	0	0	0	0	0	0	0	0	0.096802	0.0	0.0	0.0	0.01622	0.0	0.0	0.0	0.0	0.85649	0.0	0.0	0.0	0.14351	0.0	0.0	0.0	0.0	
69	2868	2378.170566898	8888.603	8888.603	1.04719	0.384836	2799	0	0	0	65	0	0	0	0	0.000295	0.0	0.0	0.0	0.610063	0.0	0.0	0.0	0.0	8.53676	0.0	0.0	0.0	2255.5	0.0	0.0	0.0	0.0	0.00305	0.0	0.0	0.0	34.7	0.0	0.0	0.0	0.0	55	0	0	0	42	0	0	0	0	70	0	0	0	16	0	0	0	0	1134	0	0	0	6	0	0	0	0	409	0	0	0	1	0	0	0	0	46	0	0	0	0	0	0	0	0	1085	0	0	0	0	0	0	0	0	0.096802	0.0	0.0	0.0	0.017581	0.0	0.0	0.0	0.0	0.846296	0.0	0.0	0.0	0.153704	0.0	0.0	0.0	0.0	
70	2876	2397.377457336	8888.603	8888.603	1.00892	0.371147	2806	0	0	0	66	0	0	0	0	0.00019	0.0	0.0	0.0	0.549057	0.0	0.0	0.0	0.0	8.54032	0.0	0.0	0.0	2274.7	0.0	0.0	0.0	0.0	0.003044	0.0	0.0	0.0	34.4652	0.0	0.0	0.0	0.0	55	0	0	0	42	0	0	0	0	70	0	0	0	16	0	0	0	0	1135	0	0	0	7	0	0	0	0	412	0	0	0	1	0	0	0	0	46	0	0	0	0	0	0	0	0	1088	0	0	0	0	0	0	0	0	0.062432	0.0	0.0	0.0	0.015931	0.0	0.0	0.0	0.0	0.796705	0.0	0.0	0.0	0.203295	0.0	0.0	0.0	0.0	
71	2878	2416.248566964	8880.103	8880.103	0.972161	0.357494	2807	0	0	0	67	0	0	0	0	0.000178	0.0	0.0	0.0	0.594151	0.0	0.0	0.0	0.0	8.54074	0.0	0.0	0.0	2293.57	0.0	0.0	0.0	0.0	0.003043	0.0	0.0	0.0	34.2324	0.0	0.0	0.0	0.0	55	0	0	0	43	0	0	0	0	70	0	0	0	16	0	0	0	0	1135	0	0	0	7	0	0	0	0	412	0	0	0	1	0	0	0	0	46	0	0	0	0	0	0	0	0	1089	0	0	0	0	0	0	0	0	0.058532	0.0	0.0	0.0	0.017356	0.0	0.0	0.0	0.0	0.77129	0.0	0.0	0.0	0.22871	0.0	0.0	0.0	0.0	
72	2879	2430.210415346	8880.103	8880.103	0.937344	0.344093	2807	0	0	0	68	0	0	0	0	0.000178	0.0	0.0	0.0	0.534736	0.0	0.0	0.0	0.0	8.54074	0.0	0.0	0.0	2307.53	0.0	0.0	0.0	0.0	0.003043	0.0	0.0	0.0	33.9343	0.0	0.0	0.0	0.0	55	0	0	0	43	0	0	0	0	70	0	0	0	16	0	0	0	0	1135	0	0	0	8	0	0	0	0	412	0	0	0	1	0	0	0	0	46	0	0	0	0	0	0	0	0	1089	0	0	0	0	0	0	0	0	0.058532	0.0	0.0	0.0	0.015758	0.0	0.0	0.0	0.0	0.787885	0.0	0.0	0.0	0.212115	0.0	0.0	0.0	0.0	
73	2882	2446.607149925	8880.103	8880.103	0.912386	0.334196	2809	0	0	0	69	0	0	0	0	0.000156	0.0	0.0	0.0	0.481262	0.0	0.0	0.0	0.0	8.54226	0.0	0.0	0.0	2323.93	0.0	0.0	0.0	0.0	0.003041	0.0	0.0	0.0	33.6801	0.0	0.0	0.0	0.0	55	0	0	0	43	0	0	0	0	70	0	0	0	16	0	0	0	0	1136	0	0	0	9	0	0	0	0	413	0	0	0	1	0	0	0	0	46	0	0	0	0	0	0	0	0	1089	0	0	0	0	0	0	0	0	0.051316	0.0	0.0	0.0	0.014289	0.0	0.0	0.0	0.0	0.782195	0.0	0.0	0.0	0.217805	0.0	0.0	0.0	0.0	
74	2885	2466.109157594	8869.191	8869.191	0.883927	0.322609	2811	0	0	0	70	0	0	0	0	0.000137	0.0	0.0	0.0	0.533136	0.0	0.0	0.0	0.0	8.54343	0.0	0.0	0.0	2343.43	0.0	0.0	0.0	0.0	0.003039	0.0	0.0	0.0	33.4776	0.0	0.0	0.0	0.0	55	0	0	0	44	0	0	0	0	70	0	0	0	16	0	0	0	0	1136	0	0	0	9	0	0	0	0	414	0	0	0	1	0	0	0	0	46	0	0	0	0	0	0	0	0	1090	0	0	0	0	0	0	0	0	0.044946	0.0	0.0	0.0	0.015925	0.0	0.0	0.0	0.0	0.738378	0.0	0.0	0.0	0.261622	0.0	0.0	0.0	0.0	
75	3052	2492.380057631	8868.682176470582	8868.691	0.851095	0.308832	2977	0	0	0	71	0	0	0	0	0.002639	0.0	0.0	0.0	0.479823	0.0	0.0	0.0	0.0	8.62686	0.0	0.0	0.0	2369.62	0.0	0.0	0.0	0.0	0.002898	0.0	0.0	0.0	33.3749	0.0	0.0	0.0	0.0	58	0	0	0	44	0	0	0	0	72	0	0	0	16	0	0	0	0	1172	0	0	0	10	0	0	0	0	452	0	0	0	1	0	0	0	0	49	0	0	0	0	0	0	0	0	1174	0	0	0	0	0	0	0	0	0.910685	0.0	0.0	0.0	0.014377	0.0	0.0	0.0	0.0	0.984459	0.0	0.0	0.0	0.015541	0.0	0.0	0.0	0.0	
76	3072	2511.869815437	8867.191	8867.191	0.809072	0.290549	2996	0	0	0	72	0	0	0	0	0.001094	0.0	0.0	0.0	0.53184	0.0	0.0	0.0	0.0	8.63877	0.0	0.0	0.0	2389.09	0.0	0.0	0.0	0.0	0.002883	0.0	0.0	0.0	33.1819	0.0	0.0	0.0	0.0	58	0	0	0	45	0	0	0	0	73	0	0	0	16	0	0	0	0	1181	0	0	0	10	0	0	0	0	455	0	0	0	1	0	0	0	0	49	0	0	0	0	0	0	0	0	1180	0	0	0	0	0	0	0	0	0.379501	0.0	0.0	0.0	0.016028	0.0	0.0	0.0	0.0	0.959477	0.0	0.0	0.0	0.040523	0.0	0.0	0.0	0.0	
77	3219	2529.792771239	8867.182176470582	8867.691	0.778911	0.276971	3142	0	0	0	73	0	0	0	0	0.000271	0.0	0.0	0.0	0.479156	0.0	0.0	0.0	0.0	8.8177	0.0	0.0	0.0	2406.84	0.0	0.0	0.0	0.0	0.002806	0.0	0.0	0.0	32.9704	0.0	0.0	0.0	0.0	60	0	0	0	45	0	0	0	0	74	0	0	0	17	0	0	0	0	1215	0	0	0	10	0	0	0	0	482	0	0	0	1	0	0	0	0	52	0	0	0	0	0	0	0	0	1259	0	0	0	0	0	0	0	0	0.09663	0.0	0.0	0.0	0.014533	0.0	0.0	0.0	0.0	0.869264	0.0	0.0	0.0	0.130736	0.0	0.0	0.0	0.0	
78	3247	2545.923001105	8867.182176470582	8867.691	0.752639	0.264832	3169	0	0	0	74	0	0	0	0	0.000178	0.0	0.0	0.0	0.431741	0.0	0.0	0.0	0.0	8.82697	0.0	0.0	0.0	2422.96	0.0	0.0	0.0	0.0	0.002785	0.0	0.0	0.0	32.7427	0.0	0.0	0.0	0.0	60	0	0	0	45	0	0	0	0	75	0	0	0	18	0	0	0	0	1220	0	0	0	10	0	0	0	0	486	0	0	0	1	0	0	0	0	52	0	0	0	0	0	0	0	0	1276	0	0	0	0	0	0	0	0	0.063951	0.0	0.0	0.0	0.013186	0.0	0.0	0.0	0.0	0.829059	0.0	0.0	0.0	0.170941	0.0	0.0	0.0	0.0	
79	3248	2562.991537919	8867.182176470582	8867.691	0.729551	0.253927	3169	0	0	0	75	0	0	0	0	0.000178	0.0	0.0	0.0	0.388567	0.0	0.0	0.0	0.0	8.82697	0.0	0.0	0.0	2440.03	0.0	0.0	0.0	0.0	0.002785	0.0	0.0	0.0	32.5337	0.0	0.0	0.0	0.0	60	0	0	0	45	0	0	0	0	75	0	0	0	18	0	0	0	0	1220	0	0	0	11	0	0	0	0	486	0	0	0	1	0	0	0	0	52	0	0	0	0	0	0	0	0	1276	0	0	0	0	0	0	0	0	0.063951	0.0	0.0	0.0	0.011944	0.0	0.0	0.0	0.0	0.84263	0.0	0.0	0.0	0.15737	0.0	0.0	0.0	0.0	
80	3254	2589.021783888	8867.182176470582	8867.191	0.705872	0.242516	3174	0	0	0	76	0	0	0	0	0.00013	0.0	0.0	0.0	0.35021	0.0	0.0	0.0	0.0	8.83052	0.0	0.0	0.0	2466.05	0.0	0.0	0.0	0.0	0.002782	0.0	0.0	0.0	32.4481	0.0	0.0	0.0	0.0	60	0	0	0	45	0	0	0	0	75	0	0	0	19	0	0	0	0	1221	0	0	0	11	0	0	0	0	489	0	0	0	1	0	0	0	0	52	0	0	0	0	0	0	0	0	1277	0	0	0	0	0	0	0	0	0.046839	0.0	0.0	0.0	0.010793	0.0	0.0	0.0	0.0	0.812725	0.0	0.0	0.0	0.187275	0.0	0.0	0.0	0.0	
81	3258	2625.585836608	8857.691	8857.691	0.671241	0.225423	3177	0	0	0	77	0	0	0	0	0.000107	0.0	0.0	0.0	0.415189	0.0	0.0	0.0	0.0	8.83241	0.0	0.0	0.0	2502.62	0.0	0.0	0.0	0.0	0.00278	0.0	0.0	0.0	32.5015	0.0	0.0	0.0	0.0	60	0	0	0	46	0	0	0	0	75	0	0	0	19	0	0	0	0	1222	0	0	0	11	0	0	0	0	490	0	0	0	1	0	0	0	0	52	0	0	0	0	0	0	0	0	1278	0	0	0	0	0	0	0	0	0.038648	0.0	0.0	0.0	0.012774	0.0	0.0	0.0	0.0	0.751577	0.0	0.0	0.0	0.248423	0.0	0.0	0.0	0.0	
82	3370	2645.214051601	8844.191	8844.191	0.625374	0.20209	3288	0	0	0	78	0	0	0	0	0.002124	0.0	0.0	0.0	0.47367	0.0	0.0	0.0	0.0	8.89191	0.0	0.0	0.0	2522.19	0.0	0.0	0.0	0.0	0.002704	0.0	0.0	0.0	32.3357	0.0	0.0	0.0	0.0	62	0	0	0	47	0	0	0	0	76	0	0	0	19	0	0	0	0	1253	0	0	0	11	0	0	0	0	511	0	0	0	1	0	0	0	0	56	0	0	0	0	0	0	0	0	1330	0	0	0	0	0	0	0	0	0.785356	0.0	0.0	0.0	0.014648	0.0	0.0	0.0	0.0	0.981689	0.0	0.0	0.0	0.01831	0.0	0.0	0.0	0.0	
83	3452	2662.909893799	8844.182176470582	8844.191	0.602107	0.18998	3369	0	0	0	79	0	0	0	0	0.007769	0.0	0.0	0.0	0.426303	0.0	0.0	0.0	0.0	8.94046	0.0	0.0	0.0	2539.83	0.0	0.0	0.0	0.0	0.002654	0.0	0.0	0.0	32.1498	0.0	0.0	0.0	0.0	65	0	0	0	47	0	0	0	0	76	0	0	0	19	0	0	0	0	1279	0	0	0	12	0	0	0	0	527	0	0	0	1	0	0	0	0	57	0	0	0	0	0	0	0	0	1365	0	0	0	0	0	0	0	0	2.92755	0.0	0.0	0.0	0.01326	0.0	0.0	0.0	0.0	0.995491	0.0	0.0	0.0	0.004509	0.0	0.0	0.0	0.0	
84	3609	2683.02053232	8841.691	8841.691	0.581712	0.179234	3525	0	0	0	80	0	0	0	0	0.000223	0.0	0.0	0.0	0.483673	0.0	0.0	0.0	0.0	9.12319	0.0	0.0	0.0	2559.76	0.0	0.0	0.0	0.0	0.002588	0.0	0.0	0.0	31.997	0.0	0.0	0.0	0.0	66	0	0	0	48	0	0	0	0	78	0	0	0	19	0	0	0	0	1315	0	0	0	12	0	0	0	0	555	0	0	0	1	0	0	0	0	63	0	0	0	0	0	0	0	0	1448	0	0	0	0	0	0	0	0	0.086289	0.0	0.0	0.0	0.015116	0.0	0.0	0.0	0.0	0.850933	0.0	0.0	0.0	0.149067	0.0	0.0	0.0	0.0	
85	3612	2702.759170675	8826.691	8826.691	0.559732	0.167534	3527	0	0	0	81	0	0	0	0	0.000198	0.0	0.0	0.0	0.535305	0.0	0.0	0.0	0.0	9.12448	0.0	0.0	0.0	2579.5	0.0	0.0	0.0	0.0	0.002587	0.0	0.0	0.0	31.8457	0.0	0.0	0.0	0.0	66	0	0	0	49	0	0	0	0	78	0	0	0	19	0	0	0	0	1315	0	0	0	12	0	0	0	0	556	0	0	0	1	0	0	0	0	63	0	0	0	0	0	0	0	0	1449	0	0	0	0	0	0	0	0	0.076435	0.0	0.0	0.0	0.016809	0.0	0.0	0.0	0.0	0.819727	0.0	0.0	0.0	0.180273	0.0	0.0	0.0	0.0	
86	3619	2741.087775284	8804.368	8804.368	0.538775	0.156287	3533	0	0	0	82	0	0	0	0	0.000134	0.0	0.0	0.0	0.581775	0.0	0.0	0.0	0.0	9.13143	0.0	0.0	0.0	2617.82	0.0	0.0	0.0	0.0	0.002585	0.0	0.0	0.0	31.9246	0.0	0.0	0.0	0.0	66	0	0	0	50	0	0	0	0	78	0	0	0	19	0	0	0	0	1317	0	0	0	12	0	0	0	0	556	0	0	0	1	0	0	0	0	63	0	0	0	0	0	0	0	0	1453	0	0	0	0	0	0	0	0	0.051784	0.0	0.0	0.0	0.018223	0.0	0.0	0.0	0.0	0.739691	0.0	0.0	0.0	0.260309	0.0	0.0	0.0	0.0	
87	3625	2754.964547615	8804.368	8804.368	0.500311	0.135503	3538	0	0	0	83	0	0	0	0	9.3e-5	0.0	0.0	0.0	0.523597	0.0	0.0	0.0	0.0	9.13433	0.0	0.0	0.0	2631.69	0.0	0.0	0.0	0.0	0.002582	0.0	0.0	0.0	31.7071	0.0	0.0	0.0	0.0	66	0	0	0	50	0	0	0	0	78	0	0	0	19	0	0	0	0	1317	0	0	0	13	0	0	0	0	557	0	0	0	1	0	0	0	0	63	0	0	0	0	0	0	0	0	1457	0	0	0	0	0	0	0	0	0.035988	0.0	0.0	0.0	0.016514	0.0	0.0	0.0	0.0	0.685465	0.0	0.0	0.0	0.314535	0.0	0.0	0.0	0.0	
88	3626	2773.519306199	8804.368	8804.368	0.487074	0.128339	3538	0	0	0	84	0	0	0	0	9.3e-5	0.0	0.0	0.0	0.471238	0.0	0.0	0.0	0.0	9.13433	0.0	0.0	0.0	2650.25	0.0	0.0	0.0	0.0	0.002582	0.0	0.0	0.0	31.5506	0.0	0.0	0.0	0.0	66	0	0	0	50	0	0	0	0	78	0	0	0	19	0	0	0	0	1317	0	0	0	14	0	0	0	0	557	0	0	0	1	0	0	0	0	63	0	0	0	0	0	0	0	0	1457	0	0	0	0	0	0	0	0	0.035988	0.0	0.0	0.0	0.014936	0.0	0.0	0.0	0.0	0.7067	0.0	0.0	0.0	0.2933	0.0	0.0	0.0	0.0	
89	3627	2791.158122602	8804.368	8804.368	0.469916	0.119071	3538	0	0	0	85	0	0	0	0	9.3e-5	0.0	0.0	0.0	0.424114	0.0	0.0	0.0	0.0	9.13433	0.0	0.0	0.0	2667.89	0.0	0.0	0.0	0.0	0.002582	0.0	0.0	0.0	31.3869	0.0	0.0	0.0	0.0	66	0	0	0	50	0	0	0	0	78	0	0	0	19	0	0	0	0	1317	0	0	0	15	0	0	0	0	557	0	0	0	1	0	0	0	0	63	0	0	0	0	0	0	0	0	1457	0	0	0	0	0	0	0	0	0.035988	0.0	0.0	0.0	0.013512	0.0	0.0	0.0	0.0	0.727023	0.0	0.0	0.0	0.272977	0.0	0.0	0.0	0.0	
90	3630	2817.823882252	8802.368	8802.368	0.454165	0.110599	3540	0	0	0	86	0	0	0	0	8.0e-5	0.0	0.0	0.0	0.481703	0.0	0.0	0.0	0.0	9.1363	0.0	0.0	0.0	2694.55	0.0	0.0	0.0	0.0	0.002581	0.0	0.0	0.0	31.332	0.0	0.0	0.0	0.0	66	0	0	0	51	0	0	0	0	78	0	0	0	19	0	0	0	0	1318	0	0	0	15	0	0	0	0	558	0	0	0	1	0	0	0	0	63	0	0	0	0	0	0	0	0	1457	0	0	0	0	0	0	0	0	0.031173	0.0	0.0	0.0	0.015374	0.0	0.0	0.0	0.0	0.669707	0.0	0.0	0.0	0.330293	0.0	0.0	0.0	0.0	
91	3634	2835.195809071	8801.868	8801.868	0.431352	0.098442	3543	0	0	0	87	0	0	0	0	6.3e-5	0.0	0.0	0.0	0.533532	0.0	0.0	0.0	0.0	9.13753	0.0	0.0	0.0	2711.92	0.0	0.0	0.0	0.0	0.002579	0.0	0.0	0.0	31.1715	0.0	0.0	0.0	0.0	66	0	0	0	52	0	0	0	0	78	0	0	0	19	0	0	0	0	1318	0	0	0	15	0	0	0	0	558	0	0	0	1	0	0	0	0	63	0	0	0	0	0	0	0	0	1460	0	0	0	0	0	0	0	0	0.024552	0.0	0.0	0.0	0.017116	0.0	0.0	0.0	0.0	0.58923	0.0	0.0	0.0	0.41077	0.0	0.0	0.0	0.0	
92	3635	2860.527879654	8798.368	8798.368	0.417111	0.09095	3543	0	0	0	88	0	0	0	0	6.3e-5	0.0	0.0	0.0	0.580179	0.0	0.0	0.0	0.0	9.13753	0.0	0.0	0.0	2737.25	0.0	0.0	0.0	0.0	0.002579	0.0	0.0	0.0	31.1052	0.0	0.0	0.0	0.0	66	0	0	0	53	0	0	0	0	78	0	0	0	19	0	0	0	0	1318	0	0	0	15	0	0	0	0	558	0	0	0	1	0	0	0	0	63	0	0	0	0	0	0	0	0	1460	0	0	0	0	0	0	0	0	0.024552	0.0	0.0	0.0	0.018652	0.0	0.0	0.0	0.0	0.568279	0.0	0.0	0.0	0.431721	0.0	0.0	0.0	0.0	
93	3636	2889.2282487	8798.368	8798.368	0.397181	0.080642	3543	0	0	0	89	0	0	0	0	6.3e-5	0.0	0.0	0.0	0.522161	0.0	0.0	0.0	0.0	9.13753	0.0	0.0	0.0	2765.95	0.0	0.0	0.0	0.0	0.002579	0.0	0.0	0.0	31.0781	0.0	0.0	0.0	0.0	66	0	0	0	53	0	0	0	0	78	0	0	0	19	0	0	0	0	1318	0	0	0	16	0	0	0	0	558	0	0	0	1	0	0	0	0	63	0	0	0	0	0	0	0	0	1460	0	0	0	0	0	0	0	0	0.024552	0.0	0.0	0.0	0.016802	0.0	0.0	0.0	0.0	0.59371	0.0	0.0	0.0	0.40629	0.0	0.0	0.0	0.0	
94	3638	2904.501387589	8798.368	8798.368	0.375749	0.069854	3544	0	0	0	90	0	0	0	0	5.8e-5	0.0	0.0	0.0	0.469945	0.0	0.0	0.0	0.0	9.13864	0.0	0.0	0.0	2781.23	0.0	0.0	0.0	0.0	0.002579	0.0	0.0	0.0	30.9025	0.0	0.0	0.0	0.0	66	0	0	0	53	0	0	0	0	78	0	0	0	19	0	0	0	0	1318	0	0	0	17	0	0	0	0	558	0	0	0	1	0	0	0	0	64	0	0	0	0	0	0	0	0	1460	0	0	0	0	0	0	0	0	0.022488	0.0	0.0	0.0	0.015207	0.0	0.0	0.0	0.0	0.596573	0.0	0.0	0.0	0.403427	0.0	0.0	0.0	0.0	
95	3641	2918.557335697	8798.368	8798.368	0.364819	0.0645	3546	0	0	0	91	0	0	0	0	4.9e-5	0.0	0.0	0.0	0.422951	0.0	0.0	0.0	0.0	9.14059	0.0	0.0	0.0	2795.28	0.0	0.0	0.0	0.0	0.002578	0.0	0.0	0.0	30.7174	0.0	0.0	0.0	0.0	66	0	0	0	53	0	0	0	0	78	0	0	0	19	0	0	0	0	1318	0	0	0	18	0	0	0	0	559	0	0	0	1	0	0	0	0	65	0	0	0	0	0	0	0	0	1460	0	0	0	0	0	0	0	0	0.01882	0.0	0.0	0.0	0.013769	0.0	0.0	0.0	0.0	0.577487	0.0	0.0	0.0	0.422513	0.0	0.0	0.0	0.0	
96	3642	2939.406634908	8765.544	8765.544	0.355043	0.059812	3546	0	0	0	92	0	0	0	0	4.9e-5	0.0	0.0	0.0	0.480655	0.0	0.0	0.0	0.0	9.14059	0.0	0.0	0.0	2816.13	0.0	0.0	0.0	0.0	0.002578	0.0	0.0	0.0	30.6101	0.0	0.0	0.0	0.0	66	0	0	0	54	0	0	0	0	78	0	0	0	19	0	0	0	0	1318	0	0	0	18	0	0	0	0	559	0	0	0	1	0	0	0	0	65	0	0	0	0	0	0	0	0	1460	0	0	0	0	0	0	0	0	0.01882	0.0	0.0	0.0	0.015703	0.0	0.0	0.0	0.0	0.545145	0.0	0.0	0.0	0.454855	0.0	0.0	0.0	0.0	
97	3643	2971.034198219	8762.544	8762.544	0.341021	0.053271	3546	0	0	0	93	0	0	0	0	4.9e-5	0.0	0.0	0.0	0.53259	0.0	0.0	0.0	0.0	9.14059	0.0	0.0	0.0	2847.76	0.0	0.0	0.0	0.0	0.002578	0.0	0.0	0.0	30.621	0.0	0.0	0.0	0.0	66	0	0	0	55	0	0	0	0	78	0	0	0	19	0	0	0	0	1318	0	0	0	18	0	0	0	0	559	0	0	0	1	0	0	0	0	65	0	0	0	0	0	0	0	0	1460	0	0	0	0	0	0	0	0	0.01882	0.0	0.0	0.0	0.017393	0.0	0.0	0.0	0.0	0.519697	0.0	0.0	0.0	0.480303	0.0	0.0	0.0	0.0	
98	3644	2988.325673169	8762.044	8762.044	0.3208	0.044281	3546	0	0	0	94	0	0	0	0	4.9e-5	0.0	0.0	0.0	0.579331	0.0	0.0	0.0	0.0	9.14059	0.0	0.0	0.0	2865.05	0.0	0.0	0.0	0.0	0.002578	0.0	0.0	0.0	30.4792	0.0	0.0	0.0	0.0	66	0	0	0	56	0	0	0	0	78	0	0	0	19	0	0	0	0	1318	0	0	0	18	0	0	0	0	559	0	0	0	1	0	0	0	0	65	0	0	0	0	0	0	0	0	1460	0	0	0	0	0	0	0	0	0.01882	0.0	0.0	0.0	0.019007	0.0	0.0	0.0	0.0	0.497516	0.0	0.0	0.0	0.502484	0.0	0.0	0.0	0.0	
99	3645	3015.518264323	8762.044	8762.044	0.310256	0.03983	3546	0	0	0	95	0	0	0	0	4.9e-5	0.0	0.0	0.0	0.521684	0.0	0.0	0.0	0.0	9.14059	0.0	0.0	0.0	2892.24	0.0	0.0	0.0	0.0	0.002578	0.0	0.0	0.0	30.4446	0.0	0.0	0.0	0.0	66	0	0	0	56	0	0	0	0	78	0	0	0	19	0	0	0	0	1318	0	0	0	19	0	0	0	0	559	0	0	0	1	0	0	0	0	65	0	0	0	0	0	0	0	0	1460	0	0	0	0	0	0	0	0	0.01882	0.0	0.0	0.0	0.017136	0.0	0.0	0.0	0.0	0.523418	0.0	0.0	0.0	0.476582	0.0	0.0	0.0	0.0	
100	3647	3043.11022505	8761.044	8761.044	0.294372	0.033471	3547	0	0	0	96	0	0	0	0	4.4e-5	0.0	0.0	0.0	0.569362	0.0	0.0	0.0	0.0	9.14115	0.0	0.0	0.0	2919.83	0.0	0.0	0.0	0.0	0.002577	0.0	0.0	0.0	30.4149	0.0	0.0	0.0	0.0	66	0	0	0	57	0	0	0	0	78	0	0	0	19	0	0	0	0	1318	0	0	0	19	0	0	0	0	559	0	0	0	1	0	0	0	0	65	0	0	0	0	0	0	0	0	1461	0	0	0	0	0	0	0	0	0.017026	0.0	0.0	0.0	0.01872	0.0	0.0	0.0	0.0	0.4763	0.0	0.0	0.0	0.5237	0.0	0.0	0.0	0.0	
101	3648	3064.154276348	8760.044	8760.044	0.279085	0.027788	3547	0	0	0	97	0	0	0	0	4.4e-5	0.0	0.0	0.0	0.610477	0.0	0.0	0.0	0.0	9.14115	0.0	0.0	0.0	2940.88	0.0	0.0	0.0	0.0	0.002577	0.0	0.0	0.0	30.3183	0.0	0.0	0.0	0.0	66	0	0	0	58	0	0	0	0	78	0	0	0	19	0	0	0	0	1318	0	0	0	19	0	0	0	0	559	0	0	0	1	0	0	0	0	65	0	0	0	0	0	0	0	0	1461	0	0	0	0	0	0	0	0	0.017026	0.0	0.0	0.0	0.020136	0.0	0.0	0.0	0.0	0.458154	0.0	0.0	0.0	0.541846	0.0	0.0	0.0	0.0	
102	3650	3079.852250119	8760.044	8760.044	0.267962	0.023948	3548	0	0	0	98	0	0	0	0	3.9e-5	0.0	0.0	0.0	0.55672	0.0	0.0	0.0	0.0	9.14167	0.0	0.0	0.0	2956.57	0.0	0.0	0.0	0.0	0.002577	0.0	0.0	0.0	30.1691	0.0	0.0	0.0	0.0	66	0	0	0	58	0	0	0	0	78	0	0	0	19	0	0	0	0	1318	0	0	0	20	0	0	0	0	559	0	0	0	1	0	0	0	0	65	0	0	0	0	0	0	0	0	1462	0	0	0	0	0	0	0	0	0.015326	0.0	0.0	0.0	0.018453	0.0	0.0	0.0	0.0	0.453716	0.0	0.0	0.0	0.546284	0.0	0.0	0.0	0.0	
103	3651	3093.71861082	8760.044	8760.044	0.259954	0.021347	3548	0	0	0	99	0	0	0	0	3.9e-5	0.0	0.0	0.0	0.505765	0.0	0.0	0.0	0.0	9.14167	0.0	0.0	0.0	2970.44	0.0	0.0	0.0	0.0	0.002577	0.0	0.0	0.0	30.0044	0.0	0.0	0.0	0.0	66	0	0	0	58	0	0	0	0	78	0	0	0	19	0	0	0	0	1318	0	0	0	21	0	0	0	0	559	0	0	0	1	0	0	0	0	65	0	0	0	0	0	0	0	0	1462	0	0	0	0	0	0	0	0	0.015326	0.0	0.0	0.0	0.016856	0.0	0.0	0.0	0.0	0.47623	0.0	0.0	0.0	0.52377	0.0	0.0	0.0	0.0	
104	3653	3116.398592223	8740.544	8740.544	0.25308	0.019229	3549	0	0	0	100	0	0	0	0	3.6e-5	0.0	0.0	0.0	0.550701	0.0	0.0	0.0	0.0	9.14298	0.0	0.0	0.0	2993.12	0.0	0.0	0.0	0.0	0.002576	0.0	0.0	0.0	29.9312	0.0	0.0	0.0	0.0	66	0	0	0	59	0	0	0	0	78	0	0	0	19	0	0	0	0	1318	0	0	0	21	0	0	0	0	560	0	0	0	1	0	0	0	0	65	0	0	0	0	0	0	0	0	1462	0	0	0	0	0	0	0	0	0.013796	0.0	0.0	0.0	0.018399	0.0	0.0	0.0	0.0	0.428509	0.0	0.0	0.0	0.571491	0.0	0.0	0.0	0.0	
105	3654	3136.181031171	8740.544	8740.544	0.242226	0.016109	3549	0	0	0	101	0	0	0	0	3.6e-5	0.0	0.0	0.0	0.50252	0.0	0.0	0.0	0.0	9.14298	0.0	0.0	0.0	3012.9	0.0	0.0	0.0	0.0	0.002576	0.0	0.0	0.0	29.8307	0.0	0.0	0.0	0.0	66	0	0	0	59	0	0	0	0	78	0	0	0	19	0	0	0	0	1318	0	0	0	22	0	0	0	0	560	0	0	0	1	0	0	0	0	65	0	0	0	0	0	0	0	0	1462	0	0	0	0	0	0	0	0	0.013796	0.0	0.0	0.0	0.016846	0.0	0.0	0.0	0.0	0.450229	0.0	0.0	0.0	0.549771	0.0	0.0	0.0	0.0	
106	3655	3156.05212251	8740.044	8740.044	0.23314	0.013715	3549	0	0	0	102	0	0	0	0	3.6e-5	0.0	0.0	0.0	0.547764	0.0	0.0	0.0	0.0	9.14298	0.0	0.0	0.0	3032.77	0.0	0.0	0.0	0.0	0.002576	0.0	0.0	0.0	29.7331	0.0	0.0	0.0	0.0	66	0	0	0	60	0	0	0	0	78	0	0	0	19	0	0	0	0	1318	0	0	0	22	0	0	0	0	560	0	0	0	1	0	0	0	0	65	0	0	0	0	0	0	0	0	1462	0	0	0	0	0	0	0	0	0.013796	0.0	0.0	0.0	0.018423	0.0	0.0	0.0	0.0	0.428192	0.0	0.0	0.0	0.571808	0.0	0.0	0.0	0.0	
107	3657	3170.988672595	8740.044	8740.044	0.224356	0.011595	3550	0	0	0	103	0	0	0	0	3.2e-5	0.0	0.0	0.0	0.501914	0.0	0.0	0.0	0.0	9.14354	0.0	0.0	0.0	3047.71	0.0	0.0	0.0	0.0	0.002576	0.0	0.0	0.0	29.5894	0.0	0.0	0.0	0.0	66	0	0	0	60	0	0	0	0	78	0	0	0	19	0	0	0	0	1318	0	0	0	23	0	0	0	0	560	0	0	0	1	0	0	0	0	65	0	0	0	0	0	0	0	0	1463	0	0	0	0	0	0	0	0	0.012419	0.0	0.0	0.0	0.016963	0.0	0.0	0.0	0.0	0.422676	0.0	0.0	0.0	0.577324	0.0	0.0	0.0	0.0	
108	3659	3190.679257721	8740.044	8740.044	0.217972	0.010176	3551	0	0	0	104	0	0	0	0	2.9e-5	0.0	0.0	0.0	0.460278	0.0	0.0	0.0	0.0	9.14406	0.0	0.0	0.0	3067.4	0.0	0.0	0.0	0.0	0.002575	0.0	0.0	0.0	29.4942	0.0	0.0	0.0	0.0	66	0	0	0	60	0	0	0	0	78	0	0	0	19	0	0	0	0	1318	0	0	0	24	0	0	0	0	560	0	0	0	1	0	0	0	0	65	0	0	0	0	0	0	0	0	1464	0	0	0	0	0	0	0	0	0.01118	0.0	0.0	0.0	0.015606	0.0	0.0	0.0	0.0	0.417375	0.0	0.0	0.0	0.582625	0.0	0.0	0.0	0.0	
109	3660	3218.985777204	8740.044	8740.044	0.209833	0.008517	3551	0	0	0	105	0	0	0	0	2.9e-5	0.0	0.0	0.0	0.420778	0.0	0.0	0.0	0.0	9.14406	0.0	0.0	0.0	3095.7	0.0	0.0	0.0	0.0	0.002575	0.0	0.0	0.0	29.4829	0.0	0.0	0.0	0.0	66	0	0	0	60	0	0	0	0	78	0	0	0	19	0	0	0	0	1318	0	0	0	25	0	0	0	0	560	0	0	0	1	0	0	0	0	65	0	0	0	0	0	0	0	0	1464	0	0	0	0	0	0	0	0	0.01118	0.0	0.0	0.0	0.014272	0.0	0.0	0.0	0.0	0.439248	0.0	0.0	0.0	0.560752	0.0	0.0	0.0	0.0	
110	3661	3246.414021095	8740.044	8740.044	0.198662	0.006515	3551	0	0	0	106	0	0	0	0	2.9e-5	0.0	0.0	0.0	0.383259	0.0	0.0	0.0	0.0	9.14406	0.0	0.0	0.0	3123.13	0.0	0.0	0.0	0.0	0.002575	0.0	0.0	0.0	29.4635	0.0	0.0	0.0	0.0	66	0	0	0	60	0	0	0	0	78	0	0	0	19	0	0	0	0	1318	0	0	0	26	0	0	0	0	560	0	0	0	1	0	0	0	0	65	0	0	0	0	0	0	0	0	1464	0	0	0	0	0	0	0	0	0.01118	0.0	0.0	0.0	0.013008	0.0	0.0	0.0	0.0	0.462202	0.0	0.0	0.0	0.537798	0.0	0.0	0.0	0.0	
111	3664	3264.175583974	8740.044	8740.044	0.188404	0.004953	3553	0	0	0	107	0	0	0	0	2.3e-5	0.0	0.0	0.0	0.350751	0.0	0.0	0.0	0.0	9.1458	0.0	0.0	0.0	3140.89	0.0	0.0	0.0	0.0	0.002574	0.0	0.0	0.0	29.3541	0.0	0.0	0.0	0.0	66	0	0	0	60	0	0	0	0	78	0	0	0	19	0	0	0	0	1318	0	0	0	27	0	0	0	0	561	0	0	0	1	0	0	0	0	65	0	0	0	0	0	0	0	0	1465	0	0	0	0	0	0	0	0	0.009059	0.0	0.0	0.0	0.011949	0.0	0.0	0.0	0.0	0.431211	0.0	0.0	0.0	0.568789	0.0	0.0	0.0	0.0	
112	3748	3289.68435609	8740.006941176467	8740.044	0.181982	0.004107	3636	0	0	0	108	0	0	0	0	0.001709	0.0	0.0	0.0	0.315676	0.0	0.0	0.0	0.0	9.33062	0.0	0.0	0.0	3166.22	0.0	0.0	0.0	0.0	0.002566	0.0	0.0	0.0	29.3168	0.0	0.0	0.0	0.0	67	0	0	0	60	0	0	0	0	78	0	0	0	19	0	0	0	0	1334	0	0	0	28	0	0	0	0	576	0	0	0	1	0	0	0	0	65	0	0	0	0	0	0	0	0	1516	0	0	0	0	0	0	0	0	0.665785	0.0	0.0	0.0	0.010768	0.0	0.0	0.0	0.0	0.984084	0.0	0.0	0.0	0.015916	0.0	0.0	0.0	0.0	
113	3758	3330.421549138	8740.006941176467	8740.044	0.173288	0.003117	3645	0	0	0	109	0	0	0	0	0.001235	0.0	0.0	0.0	0.284108	0.0	0.0	0.0	0.0	9.33477	0.0	0.0	0.0	3206.95	0.0	0.0	0.0	0.0	0.002561	0.0	0.0	0.0	29.4216	0.0	0.0	0.0	0.0	67	0	0	0	60	0	0	0	0	79	0	0	0	19	0	0	0	0	1336	0	0	0	29	0	0	0	0	578	0	0	0	1	0	0	0	0	66	0	0	0	0	0	0	0	0	1519	0	0	0	0	0	0	0	0	0.482287	0.0	0.0	0.0	0.009656	0.0	0.0	0.0	0.0	0.980371	0.0	0.0	0.0	0.019629	0.0	0.0	0.0	0.0	
114	3760	3360.785544554	8740.006941176467	8740.044	0.160169	0.001943	3646	0	0	0	110	0	0	0	0	0.001172	0.0	0.0	0.0	0.255697	0.0	0.0	0.0	0.0	9.33521	0.0	0.0	0.0	3237.31	0.0	0.0	0.0	0.0	0.00256	0.0	0.0	0.0	29.4301	0.0	0.0	0.0	0.0	67	0	0	0	60	0	0	0	0	79	0	0	0	19	0	0	0	0	1336	0	0	0	30	0	0	0	0	578	0	0	0	1	0	0	0	0	66	0	0	0	0	0	0	0	0	1520	0	0	0	0	0	0	0	0	0.457794	0.0	0.0	0.0	0.008688	0.0	0.0	0.0	0.0	0.981375	0.0	0.0	0.0	0.018625	0.0	0.0	0.0	0.0	
115	3768	3395.937550091	8740.006941176467	8740.044	0.151039	0.001332	3653	0	0	0	111	0	0	0	0	0.000812	0.0	0.0	0.0	0.230628	0.0	0.0	0.0	0.0	9.33886	0.0	0.0	0.0	3272.46	0.0	0.0	0.0	0.0	0.002556	0.0	0.0	0.0	29.4816	0.0	0.0	0.0	0.0	67	0	0	0	60	0	0	0	0	79	0	0	0	20	0	0	0	0	1337	0	0	0	30	0	0	0	0	579	0	0	0	1	0	0	0	0	67	0	0	0	0	0	0	0	0	1524	0	0	0	0	0	0	0	0	0.31756	0.0	0.0	0.0	0.007823	0.0	0.0	0.0	0.0	0.975958	0.0	0.0	0.0	0.024042	0.0	0.0	0.0	0.0	
116	3793	3424.048952175	8740.006941176467	8740.044	0.141116	0.000836	3677	0	0	0	112	0	0	0	0	0.000337	0.0	0.0	0.0	0.208065	0.0	0.0	0.0	0.0	9.35123	0.0	0.0	0.0	3300.56	0.0	0.0	0.0	0.0	0.002543	0.0	0.0	0.0	29.4693	0.0	0.0	0.0	0.0	67	0	0	0	60	0	0	0	0	80	0	0	0	21	0	0	0	0	1340	0	0	0	30	0	0	0	0	587	0	0	0	1	0	0	0	0	67	0	0	0	0	0	0	0	0	1536	0	0	0	0	0	0	0	0	0.132465	0.0	0.0	0.0	0.00706	0.0	0.0	0.0	0.0	0.949397	0.0	0.0	0.0	0.050603	0.0	0.0	0.0	0.0	
117	3813	3447.469484714	8707.25	8707.25	0.133655	0.000563	3696	0	0	0	113	0	0	0	0	0.000402	0.0	0.0	0.0	0.287258	0.0	0.0	0.0	0.0	9.35953	0.0	0.0	0.0	3323.97	0.0	0.0	0.0	0.0	0.002532	0.0	0.0	0.0	29.4157	0.0	0.0	0.0	0.0	67	0	0	0	61	0	0	0	0	81	0	0	0	21	0	0	0	0	1342	0	0	0	30	0	0	0	0	591	0	0	0	1	0	0	0	0	68	0	0	0	0	0	0	0	0	1547	0	0	0	0	0	0	0	0	0.15887	0.0	0.0	0.0	0.009765	0.0	0.0	0.0	0.0	0.942091	0.0	0.0	0.0	0.057909	0.0	0.0	0.0	0.0	
118	3818	3480.916932534	8707.25	8707.25	0.127741	0.000398	3700	0	0	0	114	0	0	0	0	0.000323	0.0	0.0	0.0	0.258533	0.0	0.0	0.0	0.0	9.36209	0.0	0.0	0.0	3357.42	0.0	0.0	0.0	0.0	0.00253	0.0	0.0	0.0	29.451	0.0	0.0	0.0	0.0	67	0	0	0	61	0	0	0	0	81	0	0	0	21	0	0	0	0	1343	0	0	0	31	0	0	0	0	592	0	0	0	1	0	0	0	0	68	0	0	0	0	0	0	0	0	1549	0	0	0	0	0	0	0	0	0.127693	0.0	0.0	0.0	0.008778	0.0	0.0	0.0	0.0	0.935676	0.0	0.0	0.0	0.064324	0.0	0.0	0.0	0.0	
119	3824	3501.058599774	8706.25	8706.25	0.119745	0.000236	3705	0	0	0	115	0	0	0	0	0.000245	0.0	0.0	0.0	0.332679	0.0	0.0	0.0	0.0	9.36469	0.0	0.0	0.0	3377.56	0.0	0.0	0.0	0.0	0.002528	0.0	0.0	0.0	29.3701	0.0	0.0	0.0	0.0	67	0	0	0	62	0	0	0	0	81	0	0	0	21	0	0	0	0	1345	0	0	0	31	0	0	0	0	592	0	0	0	1	0	0	0	0	68	0	0	0	0	0	0	0	0	1552	0	0	0	0	0	0	0	0	0.096926	0.0	0.0	0.0	0.011327	0.0	0.0	0.0	0.0	0.895364	0.0	0.0	0.0	0.104636	0.0	0.0	0.0	0.0	
120	3845	3523.000146914	8706.25	8706.25	0.115172	0.000169	3725	0	0	0	116	0	0	0	0	7.0e-5	0.0	0.0	0.0	0.299911	0.0	0.0	0.0	0.0	9.37467	0.0	0.0	0.0	3399.49	0.0	0.0	0.0	0.0	0.002517	0.0	0.0	0.0	29.3059	0.0	0.0	0.0	0.0	67	0	0	0	62	0	0	0	0	81	0	0	0	22	0	0	0	0	1347	0	0	0	31	0	0	0	0	595	0	0	0	1	0	0	0	0	68	0	0	0	0	0	0	0	0	1567	0	0	0	0	0	0	0	0	0.027617	0.0	0.0	0.0	0.010234	0.0	0.0	0.0	0.0	0.729627	0.0	0.0	0.0	0.270373	0.0	0.0	0.0	0.0	
121	3846	3547.752403336	8706.25	8706.25	0.110392	0.000116	3725	0	0	0	117	0	0	0	0	7.0e-5	0.0	0.0	0.0	0.26992	0.0	0.0	0.0	0.0	9.37467	0.0	0.0	0.0	3424.24	0.0	0.0	0.0	0.0	0.002517	0.0	0.0	0.0	29.267	0.0	0.0	0.0	0.0	67	0	0	0	62	0	0	0	0	81	0	0	0	22	0	0	0	0	1347	0	0	0	32	0	0	0	0	595	0	0	0	1	0	0	0	0	68	0	0	0	0	0	0	0	0	1567	0	0	0	0	0	0	0	0	0.027617	0.0	0.0	0.0	0.009223	0.0	0.0	0.0	0.0	0.749653	0.0	0.0	0.0	0.250347	0.0	0.0	0.0	0.0	
122	3848	3568.81788062	8705.25	8705.25	0.105235	7.5e-5	3726	0	0	0	118	0	0	0	0	6.5e-5	0.0	0.0	0.0	0.342928	0.0	0.0	0.0	0.0	9.37563	0.0	0.0	0.0	3445.3	0.0	0.0	0.0	0.0	0.002516	0.0	0.0	0.0	29.1975	0.0	0.0	0.0	0.0	67	0	0	0	63	0	0	0	0	81	0	0	0	22	0	0	0	0	1347	0	0	0	32	0	0	0	0	596	0	0	0	1	0	0	0	0	68	0	0	0	0	0	0	0	0	1567	0	0	0	0	0	0	0	0	0.025779	0.0	0.0	0.0	0.011745	0.0	0.0	0.0	0.0	0.687	0.0	0.0	0.0	0.313	0.0	0.0	0.0	0.0	
123	3849	3617.946289128	8705.25	8705.25	0.101037	5.0e-5	3726	0	0	0	119	0	0	0	0	6.5e-5	0.0	0.0	0.0	0.308635	0.0	0.0	0.0	0.0	9.37563	0.0	0.0	0.0	3494.43	0.0	0.0	0.0	0.0	0.002516	0.0	0.0	0.0	29.365	0.0	0.0	0.0	0.0	67	0	0	0	63	0	0	0	0	81	0	0	0	22	0	0	0	0	1347	0	0	0	33	0	0	0	0	596	0	0	0	1	0	0	0	0	68	0	0	0	0	0	0	0	0	1567	0	0	0	0	0	0	0	0	0.025779	0.0	0.0	0.0	0.01051	0.0	0.0	0.0	0.0	0.710376	0.0	0.0	0.0	0.289624	0.0	0.0	0.0	0.0	
124	3851	3637.454478175	8705.25	8705.25	0.091884	1.9e-5	3727	0	0	0	120	0	0	0	0	6.0e-5	0.0	0.0	0.0	0.277772	0.0	0.0	0.0	0.0	9.37647	0.0	0.0	0.0	3513.94	0.0	0.0	0.0	0.0	0.002516	0.0	0.0	0.0	29.2828	0.0	0.0	0.0	0.0	67	0	0	0	63	0	0	0	0	81	0	0	0	22	0	0	0	0	1348	0	0	0	34	0	0	0	0	596	0	0	0	1	0	0	0	0	68	0	0	0	0	0	0	0	0	1567	0	0	0	0	0	0	0	0	0.023969	0.0	0.0	0.0	0.009486	0.0	0.0	0.0	0.0	0.716462	0.0	0.0	0.0	0.283538	0.0	0.0	0.0	0.0	
125	3852	3668.833265799	8705.25	8705.25	0.088485	1.2e-5	3727	0	0	0	121	0	0	0	0	6.0e-5	0.0	0.0	0.0	0.249995	0.0	0.0	0.0	0.0	9.37647	0.0	0.0	0.0	3545.32	0.0	0.0	0.0	0.0	0.002516	0.0	0.0	0.0	29.3002	0.0	0.0	0.0	0.0	67	0	0	0	63	0	0	0	0	81	0	0	0	22	0	0	0	0	1348	0	0	0	35	0	0	0	0	596	0	0	0	1	0	0	0	0	68	0	0	0	0	0	0	0	0	1567	0	0	0	0	0	0	0	0	0.023969	0.0	0.0	0.0	0.008532	0.0	0.0	0.0	0.0	0.737483	0.0	0.0	0.0	0.262517	0.0	0.0	0.0	0.0	
126	3854	3792.108559311	8673.603	8673.603	0.083278	6.0e-6	3728	0	0	0	122	0	0	0	0	5.6e-5	0.0	0.0	0.0	0.324995	0.0	0.0	0.0	0.0	9.37699	0.0	0.0	0.0	3668.59	0.0	0.0	0.0	0.0	0.002515	0.0	0.0	0.0	30.0704	0.0	0.0	0.0	0.0	67	0	0	0	64	0	0	0	0	81	0	0	0	22	0	0	0	0	1348	0	0	0	35	0	0	0	0	596	0	0	0	1	0	0	0	0	68	0	0	0	0	0	0	0	0	1568	0	0	0	0	0	0	0	0	0.022349	0.0	0.0	0.0	0.010808	0.0	0.0	0.0	0.0	0.67404	0.0	0.0	0.0	0.32596	0.0	0.0	0.0	0.0	
127	3855	3837.834966031	8673.603	8673.603	0.065623	0.0	3728	0	0	0	123	0	0	0	0	5.6e-5	0.0	0.0	0.0	0.292496	0.0	0.0	0.0	0.0	9.37699	0.0	0.0	0.0	3714.32	0.0	0.0	0.0	0.0	0.002515	0.0	0.0	0.0	30.1977	0.0	0.0	0.0	0.0	67	0	0	0	64	0	0	0	0	81	0	0	0	22	0	0	0	0	1348	0	0	0	36	0	0	0	0	596	0	0	0	1	0	0	0	0	68	0	0	0	0	0	0	0	0	1568	0	0	0	0	0	0	0	0	0.022349	0.0	0.0	0.0	0.009686	0.0	0.0	0.0	0.0	0.697643	0.0	0.0	0.0	0.302357	0.0	0.0	0.0	0.0	
128	3856	3851.721630418	8673.603	8673.603	0.060073	0.0	3728	0	0	0	124	0	0	0	0	5.6e-5	0.0	0.0	0.0	0.263246	0.0	0.0	0.0	0.0	9.37699	0.0	0.0	0.0	3728.21	0.0	0.0	0.0	0.0	0.002515	0.0	0.0	0.0	30.0662	0.0	0.0	0.0	0.0	67	0	0	0	64	0	0	0	0	81	0	0	0	22	0	0	0	0	1348	0	0	0	37	0	0	0	0	596	0	0	0	1	0	0	0	0	68	0	0	0	0	0	0	0	0	1568	0	0	0	0	0	0	0	0	0.022349	0.0	0.0	0.0	0.008756	0.0	0.0	0.0	0.0	0.718512	0.0	0.0	0.0	0.281488	0.0	0.0	0.0	0.0	
129	3865	3872.790988741	8673.603	8673.603	0.058481	0.0	3736	0	0	0	125	0	0	0	0	3.0e-5	0.0	0.0	0.0	0.236922	0.0	0.0	0.0	0.0	9.38178	0.0	0.0	0.0	3749.27	0.0	0.0	0.0	0.0	0.002511	0.0	0.0	0.0	29.9942	0.0	0.0	0.0	0.0	67	0	0	0	64	0	0	0	0	81	0	0	0	22	0	0	0	0	1349	0	0	0	38	0	0	0	0	598	0	0	0	1	0	0	0	0	68	0	0	0	0	0	0	0	0	1573	0	0	0	0	0	0	0	0	0.011902	0.0	0.0	0.0	0.007899	0.0	0.0	0.0	0.0	0.601079	0.0	0.0	0.0	0.398921	0.0	0.0	0.0	0.0	
130	3866	3912.48163144	8670.485	8670.485	0.056148	0.0	3736	0	0	0	126	0	0	0	0	3.0e-5	0.0	0.0	0.0	0.313229	0.0	0.0	0.0	0.0	9.38178	0.0	0.0	0.0	3788.96	0.0	0.0	0.0	0.0	0.002511	0.0	0.0	0.0	30.0711	0.0	0.0	0.0	0.0	67	0	0	0	65	0	0	0	0	81	0	0	0	22	0	0	0	0	1349	0	0	0	38	0	0	0	0	598	0	0	0	1	0	0	0	0	68	0	0	0	0	0	0	0	0	1573	0	0	0	0	0	0	0	0	0.011902	0.0	0.0	0.0	0.010416	0.0	0.0	0.0	0.0	0.53328	0.0	0.0	0.0	0.46672	0.0	0.0	0.0	0.0	
131	3867	3927.391615478	8670.485	8670.485	0.052002	0.0	3736	0	0	0	127	0	0	0	0	3.0e-5	0.0	0.0	0.0	0.281906	0.0	0.0	0.0	0.0	9.38178	0.0	0.0	0.0	3803.87	0.0	0.0	0.0	0.0	0.002511	0.0	0.0	0.0	29.9517	0.0	0.0	0.0	0.0	67	0	0	0	65	0	0	0	0	81	0	0	0	22	0	0	0	0	1349	0	0	0	39	0	0	0	0	598	0	0	0	1	0	0	0	0	68	0	0	0	0	0	0	0	0	1573	0	0	0	0	0	0	0	0	0.011902	0.0	0.0	0.0	0.009412	0.0	0.0	0.0	0.0	0.558407	0.0	0.0	0.0	0.441593	0.0	0.0	0.0	0.0	
132	3871	3952.702296631	8670.485	8670.485	0.050525	0.0	3739	0	0	0	128	0	0	0	0	2.2e-5	0.0	0.0	0.0	0.254532	0.0	0.0	0.0	0.0	9.38479	0.0	0.0	0.0	3829.18	0.0	0.0	0.0	0.0	0.00251	0.0	0.0	0.0	29.9155	0.0	0.0	0.0	0.0	67	0	0	0	65	0	0	0	0	81	0	0	0	22	0	0	0	0	1350	0	0	0	40	0	0	0	0	600	0	0	0	1	0	0	0	0	68	0	0	0	0	0	0	0	0	1573	0	0	0	0	0	0	0	0	0.008867	0.0	0.0	0.0	0.008508	0.0	0.0	0.0	0.0	0.510312	0.0	0.0	0.0	0.489688	0.0	0.0	0.0	0.0	
133	3872	3971.876292719	8670.485	8670.485	0.048113	0.0	3739	0	0	0	129	0	0	0	0	2.2e-5	0.0	0.0	0.0	0.229079	0.0	0.0	0.0	0.0	9.38479	0.0	0.0	0.0	3848.35	0.0	0.0	0.0	0.0	0.00251	0.0	0.0	0.0	29.8322	0.0	0.0	0.0	0.0	67	0	0	0	65	0	0	0	0	81	0	0	0	22	0	0	0	0	1350	0	0	0	41	0	0	0	0	600	0	0	0	1	0	0	0	0	68	0	0	0	0	0	0	0	0	1573	0	0	0	0	0	0	0	0	0.008867	0.0	0.0	0.0	0.007679	0.0	0.0	0.0	0.0	0.535895	0.0	0.0	0.0	0.464105	0.0	0.0	0.0	0.0	
134	3878	4012.975301483	8670.485	8670.485	0.046362	0.0	3744	0	0	0	130	0	0	0	0	1.3e-5	0.0	0.0	0.0	0.209729	0.0	0.0	0.0	0.0	9.38812	0.0	0.0	0.0	3889.45	0.0	0.0	0.0	0.0	0.002508	0.0	0.0	0.0	29.9188	0.0	0.0	0.0	0.0	67	0	0	0	65	0	0	0	0	81	0	0	0	22	0	0	0	0	1351	0	0	0	42	0	0	0	0	601	0	0	0	1	0	0	0	0	68	0	0	0	0	0	0	0	0	1576	0	0	0	0	0	0	0	0	0.005293	0.0	0.0	0.0	0.00701	0.0	0.0	0.0	0.0	0.430241	0.0	0.0	0.0	0.569759	0.0	0.0	0.0	0.0	
135	3881	4033.669018141	8670.485	8670.485	0.042822	0.0	3746	0	0	0	131	0	0	0	0	1.1e-5	0.0	0.0	0.0	0.193229	0.0	0.0	0.0	0.0	9.38974	0.0	0.0	0.0	3910.14	0.0	0.0	0.0	0.0	0.002507	0.0	0.0	0.0	29.8484	0.0	0.0	0.0	0.0	67	0	0	0	65	0	0	0	0	81	0	0	0	23	0	0	0	0	1352	0	0	0	42	0	0	0	0	601	0	0	0	1	0	0	0	0	68	0	0	0	0	0	0	0	0	1577	0	0	0	0	0	0	0	0	0.00429	0.0	0.0	0.0	0.006474	0.0	0.0	0.0	0.0	0.398539	0.0	0.0	0.0	0.601461	0.0	0.0	0.0	0.0	
136	3883	4050.196378327	8633.794	8633.794	0.041144	0.0	3747	0	0	0	132	0	0	0	0	1.0e-5	0.0	0.0	0.0	0.257629	0.0	0.0	0.0	0.0	9.39028	0.0	0.0	0.0	3926.67	0.0	0.0	0.0	0.0	0.002506	0.0	0.0	0.0	29.7475	0.0	0.0	0.0	0.0	67	0	0	0	66	0	0	0	0	81	0	0	0	23	0	0	0	0	1352	0	0	0	42	0	0	0	0	601	0	0	0	1	0	0	0	0	68	0	0	0	0	0	0	0	0	1578	0	0	0	0	0	0	0	0	0.003861	0.0	0.0	0.0	0.008661	0.0	0.0	0.0	0.0	0.308372	0.0	0.0	0.0	0.691628	0.0	0.0	0.0	0.0	
137	3884	4071.845792601	8626.294	8626.294	0.03985	0.0	3747	0	0	0	133	0	0	0	0	1.0e-5	0.0	0.0	0.0	0.311297	0.0	0.0	0.0	0.0	9.39028	0.0	0.0	0.0	3948.32	0.0	0.0	0.0	0.0	0.002506	0.0	0.0	0.0	29.6866	0.0	0.0	0.0	0.0	67	0	0	0	67	0	0	0	0	81	0	0	0	23	0	0	0	0	1352	0	0	0	42	0	0	0	0	601	0	0	0	1	0	0	0	0	68	0	0	0	0	0	0	0	0	1578	0	0	0	0	0	0	0	0	0.003861	0.0	0.0	0.0	0.010486	0.0	0.0	0.0	0.0	0.269135	0.0	0.0	0.0	0.730865	0.0	0.0	0.0	0.0	
138	3886	4097.254874445	8626.294	8626.294	0.038217	0.0	3748	0	0	0	134	0	0	0	0	9.0e-6	0.0	0.0	0.0	0.290905	0.0	0.0	0.0	0.0	9.39141	0.0	0.0	0.0	3973.73	0.0	0.0	0.0	0.0	0.002506	0.0	0.0	0.0	29.6547	0.0	0.0	0.0	0.0	67	0	0	0	67	0	0	0	0	81	0	0	0	24	0	0	0	0	1353	0	0	0	42	0	0	0	0	601	0	0	0	1	0	0	0	0	68	0	0	0	0	0	0	0	0	1578	0	0	0	0	0	0	0	0	0.003476	0.0	0.0	0.0	0.00981	0.0	0.0	0.0	0.0	0.261644	0.0	0.0	0.0	0.738356	0.0	0.0	0.0	0.0	
139	3887	4117.075556346	8626.294	8626.294	0.036386	0.0	3748	0	0	0	135	0	0	0	0	9.0e-6	0.0	0.0	0.0	0.271206	0.0	0.0	0.0	0.0	9.39141	0.0	0.0	0.0	3993.55	0.0	0.0	0.0	0.0	0.002506	0.0	0.0	0.0	29.5818	0.0	0.0	0.0	0.0	67	0	0	0	67	0	0	0	0	81	0	0	0	24	0	0	0	0	1353	0	0	0	43	0	0	0	0	601	0	0	0	1	0	0	0	0	68	0	0	0	0	0	0	0	0	1578	0	0	0	0	0	0	0	0	0.003476	0.0	0.0	0.0	0.009168	0.0	0.0	0.0	0.0	0.274924	0.0	0.0	0.0	0.725076	0.0	0.0	0.0	0.0	
140	3888	4137.000360996	8626.294	8626.294	0.035018	0.0	3748	0	0	0	136	0	0	0	0	9.0e-6	0.0	0.0	0.0	0.252504	0.0	0.0	0.0	0.0	9.39141	0.0	0.0	0.0	4013.47	0.0	0.0	0.0	0.0	0.002506	0.0	0.0	0.0	29.5108	0.0	0.0	0.0	0.0	67	0	0	0	67	0	0	0	0	81	0	0	0	24	0	0	0	0	1353	0	0	0	44	0	0	0	0	601	0	0	0	1	0	0	0	0	68	0	0	0	0	0	0	0	0	1578	0	0	0	0	0	0	0	0	0.003476	0.0	0.0	0.0	0.008556	0.0	0.0	0.0	0.0	0.2889	0.0	0.0	0.0	0.7111	0.0	0.0	0.0	0.0	
141	3891	4168.316865299	8626.294	8626.294	0.033695	0.0	3750	0	0	0	137	0	0	0	0	7.0e-6	0.0	0.0	0.0	0.235722	0.0	0.0	0.0	0.0	9.39247	0.0	0.0	0.0	4044.79	0.0	0.0	0.0	0.0	0.002505	0.0	0.0	0.0	29.524	0.0	0.0	0.0	0.0	67	0	0	0	67	0	0	0	0	81	0	0	0	24	0	0	0	0	1353	0	0	0	45	0	0	0	0	601	0	0	0	1	0	0	0	0	68	0	0	0	0	0	0	0	0	1580	0	0	0	0	0	0	0	0	0.002817	0.0	0.0	0.0	0.007984	0.0	0.0	0.0	0.0	0.2608	0.0	0.0	0.0	0.7392	0.0	0.0	0.0	0.0	
142	3892	4182.232044109	8626.294	8626.294	0.031716	0.0	3750	0	0	0	138	0	0	0	0	7.0e-6	0.0	0.0	0.0	0.219778	0.0	0.0	0.0	0.0	9.39247	0.0	0.0	0.0	4058.7	0.0	0.0	0.0	0.0	0.002505	0.0	0.0	0.0	29.4109	0.0	0.0	0.0	0.0	67	0	0	0	67	0	0	0	0	81	0	0	0	24	0	0	0	0	1353	0	0	0	46	0	0	0	0	601	0	0	0	1	0	0	0	0	68	0	0	0	0	0	0	0	0	1580	0	0	0	0	0	0	0	0	0.002817	0.0	0.0	0.0	0.007473	0.0	0.0	0.0	0.0	0.273762	0.0	0.0	0.0	0.726238	0.0	0.0	0.0	0.0	
143	3893	4199.048220913	8626.294	8626.294	0.030875	0.0	3750	0	0	0	139	0	0	0	0	7.0e-6	0.0	0.0	0.0	0.204647	0.0	0.0	0.0	0.0	9.39247	0.0	0.0	0.0	4075.52	0.0	0.0	0.0	0.0	0.002505	0.0	0.0	0.0	29.3203	0.0	0.0	0.0	0.0	67	0	0	0	67	0	0	0	0	81	0	0	0	24	0	0	0	0	1353	0	0	0	47	0	0	0	0	601	0	0	0	1	0	0	0	0	68	0	0	0	0	0	0	0	0	1580	0	0	0	0	0	0	0	0	0.002817	0.0	0.0	0.0	0.00698	0.0	0.0	0.0	0.0	0.287538	0.0	0.0	0.0	0.712462	0.0	0.0	0.0	0.0	
144	3894	4379.788376986	8612.294	8612.294	0.029888	0.0	3750	0	0	0	140	0	0	0	0	7.0e-6	0.0	0.0	0.0	0.260464	0.0	0.0	0.0	0.0	9.39247	0.0	0.0	0.0	4256.26	0.0	0.0	0.0	0.0	0.002505	0.0	0.0	0.0	30.4018	0.0	0.0	0.0	0.0	67	0	0	0	68	0	0	0	0	81	0	0	0	24	0	0	0	0	1353	0	0	0	47	0	0	0	0	601	0	0	0	1	0	0	0	0	68	0	0	0	0	0	0	0	0	1580	0	0	0	0	0	0	0	0	0.002817	0.0	0.0	0.0	0.008567	0.0	0.0	0.0	0.0	0.247438	0.0	0.0	0.0	0.752562	0.0	0.0	0.0	0.0	
145	3895	4560.605264083	8590.912	8590.912	0.021076	0.0	3750	0	0	0	141	0	0	0	0	7.0e-6	0.0	0.0	0.0	0.309598	0.0	0.0	0.0	0.0	9.39247	0.0	0.0	0.0	4437.07	0.0	0.0	0.0	0.0	0.002505	0.0	0.0	0.0	31.4686	0.0	0.0	0.0	0.0	67	0	0	0	69	0	0	0	0	81	0	0	0	24	0	0	0	0	1353	0	0	0	47	0	0	0	0	601	0	0	0	1	0	0	0	0	68	0	0	0	0	0	0	0	0	1580	0	0	0	0	0	0	0	0	0.002817	0.0	0.0	0.0	0.009838	0.0	0.0	0.0	0.0	0.222588	0.0	0.0	0.0	0.777412	0.0	0.0	0.0	0.0	
146	3896	4658.946343101	8585.912	8585.912	0.01486	0.0	3750	0	0	0	142	0	0	0	0	7.0e-6	0.0	0.0	0.0	0.354002	0.0	0.0	0.0	0.0	9.39247	0.0	0.0	0.0	4535.42	0.0	0.0	0.0	0.0	0.002505	0.0	0.0	0.0	31.9395	0.0	0.0	0.0	0.0	67	0	0	0	70	0	0	0	0	81	0	0	0	24	0	0	0	0	1353	0	0	0	47	0	0	0	0	601	0	0	0	1	0	0	0	0	68	0	0	0	0	0	0	0	0	1580	0	0	0	0	0	0	0	0	0.002817	0.0	0.0	0.0	0.011084	0.0	0.0	0.0	0.0	0.202649	0.0	0.0	0.0	0.797351	0.0	0.0	0.0	0.0	
147	3897	4707.192742721	8577.412	8577.412	0.012288	0.0	3750	0	0	0	143	0	0	0	0	7.0e-6	0.0	0.0	0.0	0.394511	0.0	0.0	0.0	0.0	9.39247	0.0	0.0	0.0	4583.66	0.0	0.0	0.0	0.0	0.002505	0.0	0.0	0.0	32.0536	0.0	0.0	0.0	0.0	67	0	0	0	71	0	0	0	0	81	0	0	0	24	0	0	0	0	1353	0	0	0	47	0	0	0	0	601	0	0	0	1	0	0	0	0	68	0	0	0	0	0	0	0	0	1580	0	0	0	0	0	0	0	0	0.002817	0.0	0.0	0.0	0.012308	0.0	0.0	0.0	0.0	0.186244	0.0	0.0	0.0	0.813756	0.0	0.0	0.0	0.0	
148	3898	4742.7166062	8577.412	8577.412	0.011194	0.0	3750	0	0	0	144	0	0	0	0	7.0e-6	0.0	0.0	0.0	0.370271	0.0	0.0	0.0	0.0	9.39247	0.0	0.0	0.0	4619.19	0.0	0.0	0.0	0.0	0.002505	0.0	0.0	0.0	32.0777	0.0	0.0	0.0	0.0	67	0	0	0	71	0	0	0	0	81	0	0	0	24	0	0	0	0	1353	0	0	0	48	0	0	0	0	601	0	0	0	1	0	0	0	0	68	0	0	0	0	0	0	0	0	1580	0	0	0	0	0	0	0	0	0.002817	0.0	0.0	0.0	0.011543	0.0	0.0	0.0	0.0	0.196165	0.0	0.0	0.0	0.803835	0.0	0.0	0.0	0.0	
149	3899	4759.82360352	8576.412	8576.412	0.010451	0.0	3750	0	0	0	145	0	0	0	0	7.0e-6	0.0	0.0	0.0	0.409441	0.0	0.0	0.0	0.0	9.39247	0.0	0.0	0.0	4636.29	0.0	0.0	0.0	0.0	0.002505	0.0	0.0	0.0	31.9744	0.0	0.0	0.0	0.0	67	0	0	0	72	0	0	0	0	81	0	0	0	24	0	0	0	0	1353	0	0	0	48	0	0	0	0	601	0	0	0	1	0	0	0	0	68	0	0	0	0	0	0	0	0	1580	0	0	0	0	0	0	0	0	0.002817	0.0	0.0	0.0	0.012805	0.0	0.0	0.0	0.0	0.180314	0.0	0.0	0.0	0.819686	0.0	0.0	0.0	0.0	
150	3900	4789.168639867	8574.412	8574.412	0.010111	0.0	3750	0	0	0	146	0	0	0	0	7.0e-6	0.0	0.0	0.0	0.445465	0.0	0.0	0.0	0.0	9.39247	0.0	0.0	0.0	4665.64	0.0	0.0	0.0	0.0	0.002505	0.0	0.0	0.0	31.9564	0.0	0.0	0.0	0.0	67	0	0	0	73	0	0	0	0	81	0	0	0	24	0	0	0	0	1353	0	0	0	48	0	0	0	0	601	0	0	0	1	0	0	0	0	68	0	0	0	0	0	0	0	0	1580	0	0	0	0	0	0	0	0	0.002817	0.0	0.0	0.0	0.01394	0.0	0.0	0.0	0.0	0.168106	0.0	0.0	0.0	0.831894	0.0	0.0	0.0	0.0	
151	3901	4804.150007711	8574.412	8574.412	0.009554	0.0	3750	0	0	0	147	0	0	0	0	7.0e-6	0.0	0.0	0.0	0.418691	0.0	0.0	0.0	0.0	9.39247	0.0	0.0	0.0	4680.62	0.0	0.0	0.0	0.0	0.002505	0.0	0.0	0.0	31.8409	0.0	0.0	0.0	0.0	67	0	0	0	73	0	0	0	0	81	0	0	0	24	0	0	0	0	1353	0	0	0	49	0	0	0	0	601	0	0	0	1	0	0	0	0	68	0	0	0	0	0	0	0	0	1580	0	0	0	0	0	0	0	0	0.002817	0.0	0.0	0.0	0.013149	0.0	0.0	0.0	0.0	0.176427	0.0	0.0	0.0	0.823573	0.0	0.0	0.0	0.0	
152	3902	4818.031199115	8574.412	8574.412	0.009281	0.0	3750	0	0	0	148	0	0	0	0	7.0e-6	0.0	0.0	0.0	0.393272	0.0	0.0	0.0	0.0	9.39247	0.0	0.0	0.0	4694.5	0.0	0.0	0.0	0.0	0.002505	0.0	0.0	0.0	31.7196	0.0	0.0	0.0	0.0	67	0	0	0	73	0	0	0	0	81	0	0	0	24	0	0	0	0	1353	0	0	0	50	0	0	0	0	601	0	0	0	1	0	0	0	0	68	0	0	0	0	0	0	0	0	1580	0	0	0	0	0	0	0	0	0.002817	0.0	0.0	0.0	0.012398	0.0	0.0	0.0	0.0	0.185136	0.0	0.0	0.0	0.814864	0.0	0.0	0.0	0.0	
153	3904	4836.544464853	8574.412	8574.412	0.009035	0.0	3751	0	0	0	149	0	0	0	0	6.0e-6	0.0	0.0	0.0	0.369586	0.0	0.0	0.0	0.0	9.39291	0.0	0.0	0.0	4713.01	0.0	0.0	0.0	0.0	0.002504	0.0	0.0	0.0	31.631	0.0	0.0	0.0	0.0	67	0	0	0	73	0	0	0	0	81	0	0	0	24	0	0	0	0	1353	0	0	0	51	0	0	0	0	601	0	0	0	1	0	0	0	0	68	0	0	0	0	0	0	0	0	1581	0	0	0	0	0	0	0	0	0.002536	0.0	0.0	0.0	0.011684	0.0	0.0	0.0	0.0	0.178323	0.0	0.0	0.0	0.821677	0.0	0.0	0.0	0.0	
154	3907	4858.170555677	8574.412	8574.412	0.008718	0.0	3753	0	0	0	150	0	0	0	0	5.0e-6	0.0	0.0	0.0	0.347857	0.0	0.0	0.0	0.0	9.39386	0.0	0.0	0.0	4734.64	0.0	0.0	0.0	0.0	0.002503	0.0	0.0	0.0	31.5643	0.0	0.0	0.0	0.0	67	0	0	0	73	0	0	0	0	81	0	0	0	24	0	0	0	0	1354	0	0	0	52	0	0	0	0	601	0	0	0	1	0	0	0	0	68	0	0	0	0	0	0	0	0	1582	0	0	0	0	0	0	0	0	0.002055	0.0	0.0	0.0	0.011021	0.0	0.0	0.0	0.0	0.157177	0.0	0.0	0.0	0.842823	0.0	0.0	0.0	0.0	
155	3909	4873.681844778	8574.412	8574.412	0.008361	0.0	3754	0	0	0	151	0	0	0	0	5.0e-6	0.0	0.0	0.0	0.327544	0.0	0.0	0.0	0.0	9.39428	0.0	0.0	0.0	4750.15	0.0	0.0	0.0	0.0	0.002502	0.0	0.0	0.0	31.4579	0.0	0.0	0.0	0.0	67	0	0	0	73	0	0	0	0	81	0	0	0	24	0	0	0	0	1354	0	0	0	53	0	0	0	0	601	0	0	0	1	0	0	0	0	68	0	0	0	0	0	0	0	0	1583	0	0	0	0	0	0	0	0	0.00185	0.0	0.0	0.0	0.010412	0.0	0.0	0.0	0.0	0.150878	0.0	0.0	0.0	0.849122	0.0	0.0	0.0	0.0	
156	3910	4887.569313775	8574.412	8574.412	0.008114	0.0	3754	0	0	0	152	0	0	0	0	5.0e-6	0.0	0.0	0.0	0.308257	0.0	0.0	0.0	0.0	9.39428	0.0	0.0	0.0	4764.04	0.0	0.0	0.0	0.0	0.002502	0.0	0.0	0.0	31.3423	0.0	0.0	0.0	0.0	67	0	0	0	73	0	0	0	0	81	0	0	0	24	0	0	0	0	1354	0	0	0	54	0	0	0	0	601	0	0	0	1	0	0	0	0	68	0	0	0	0	0	0	0	0	1583	0	0	0	0	0	0	0	0	0.00185	0.0	0.0	0.0	0.009835	0.0	0.0	0.0	0.0	0.158328	0.0	0.0	0.0	0.841672	0.0	0.0	0.0	0.0	
157	3911	4902.745239238	8574.412	8574.412	0.007899	0.0	3754	0	0	0	153	0	0	0	0	5.0e-6	0.0	0.0	0.0	0.289944	0.0	0.0	0.0	0.0	9.39428	0.0	0.0	0.0	4779.21	0.0	0.0	0.0	0.0	0.002502	0.0	0.0	0.0	31.2367	0.0	0.0	0.0	0.0	67	0	0	0	73	0	0	0	0	81	0	0	0	24	0	0	0	0	1354	0	0	0	55	0	0	0	0	601	0	0	0	1	0	0	0	0	68	0	0	0	0	0	0	0	0	1583	0	0	0	0	0	0	0	0	0.00185	0.0	0.0	0.0	0.009282	0.0	0.0	0.0	0.0	0.166193	0.0	0.0	0.0	0.833807	0.0	0.0	0.0	0.0	
158	3915	4927.339062556	8574.412	8574.412	0.007671	0.0	3757	0	0	0	154	0	0	0	0	3.0e-6	0.0	0.0	0.0	0.27334	0.0	0.0	0.0	0.0	9.39627	0.0	0.0	0.0	4803.8	0.0	0.0	0.0	0.0	0.002501	0.0	0.0	0.0	31.1935	0.0	0.0	0.0	0.0	67	0	0	0	73	0	0	0	0	81	0	0	0	24	0	0	0	0	1354	0	0	0	56	0	0	0	0	602	0	0	0	1	0	0	0	0	68	0	0	0	0	0	0	0	0	1585	0	0	0	0	0	0	0	0	0.00135	0.0	0.0	0.0	0.008763	0.0	0.0	0.0	0.0	0.133454	0.0	0.0	0.0	0.866546	0.0	0.0	0.0	0.0	
159	3916	4945.763774645	8570.912	8570.912	0.007315	0.0	3757	0	0	0	155	0	0	0	0	3.0e-6	0.0	0.0	0.0	0.315268	0.0	0.0	0.0	0.0	9.39627	0.0	0.0	0.0	4822.23	0.0	0.0	0.0	0.0	0.002501	0.0	0.0	0.0	31.1112	0.0	0.0	0.0	0.0	67	0	0	0	74	0	0	0	0	81	0	0	0	24	0	0	0	0	1354	0	0	0	56	0	0	0	0	602	0	0	0	1	0	0	0	0	68	0	0	0	0	0	0	0	0	1585	0	0	0	0	0	0	0	0	0.00135	0.0	0.0	0.0	0.010134	0.0	0.0	0.0	0.0	0.117522	0.0	0.0	0.0	0.882478	0.0	0.0	0.0	0.0	
160	3917	4964.186535166	8570.912	8570.912	0.007059	0.0	3757	0	0	0	156	0	0	0	0	3.0e-6	0.0	0.0	0.0	0.297405	0.0	0.0	0.0	0.0	9.39627	0.0	0.0	0.0	4840.65	0.0	0.0	0.0	0.0	0.002501	0.0	0.0	0.0	31.0298	0.0	0.0	0.0	0.0	67	0	0	0	74	0	0	0	0	81	0	0	0	24	0	0	0	0	1354	0	0	0	57	0	0	0	0	602	0	0	0	1	0	0	0	0	68	0	0	0	0	0	0	0	0	1585	0	0	0	0	0	0	0	0	0.00135	0.0	0.0	0.0	0.009585	0.0	0.0	0.0	0.0	0.123424	0.0	0.0	0.0	0.876576	0.0	0.0	0.0	0.0	
161	3918	4981.714908442	8570.912	8570.912	0.006812	0.0	3757	0	0	0	157	0	0	0	0	3.0e-6	0.0	0.0	0.0	0.280441	0.0	0.0	0.0	0.0	9.39627	0.0	0.0	0.0	4858.18	0.0	0.0	0.0	0.0	0.002501	0.0	0.0	0.0	30.9438	0.0	0.0	0.0	0.0	67	0	0	0	74	0	0	0	0	81	0	0	0	24	0	0	0	0	1354	0	0	0	58	0	0	0	0	602	0	0	0	1	0	0	0	0	68	0	0	0	0	0	0	0	0	1585	0	0	0	0	0	0	0	0	0.00135	0.0	0.0	0.0	0.009063	0.0	0.0	0.0	0.0	0.129606	0.0	0.0	0.0	0.870394	0.0	0.0	0.0	0.0	
162	3921	5027.391994051	8570.912	8570.912	0.006585	0.0	3759	0	0	0	158	0	0	0	0	3.0e-6	0.0	0.0	0.0	0.264727	0.0	0.0	0.0	0.0	9.3976	0.0	0.0	0.0	4903.86	0.0	0.0	0.0	0.0	0.0025	0.0	0.0	0.0	31.0371	0.0	0.0	0.0	0.0	67	0	0	0	74	0	0	0	0	81	0	0	0	24	0	0	0	0	1354	0	0	0	59	0	0	0	0	603	0	0	0	1	0	0	0	0	68	0	0	0	0	0	0	0	0	1586	0	0	0	0	0	0	0	0	0.001094	0.0	0.0	0.0	0.008529	0.0	0.0	0.0	0.0	0.113639	0.0	0.0	0.0	0.886361	0.0	0.0	0.0	0.0	
163	3922	5055.372515154	8570.912	8570.912	0.006029	0.0	3759	0	0	0	159	0	0	0	0	3.0e-6	0.0	0.0	0.0	0.249794	0.0	0.0	0.0	0.0	9.3976	0.0	0.0	0.0	4931.84	0.0	0.0	0.0	0.0	0.0025	0.0	0.0	0.0	31.0178	0.0	0.0	0.0	0.0	67	0	0	0	74	0	0	0	0	81	0	0	0	24	0	0	0	0	1354	0	0	0	60	0	0	0	0	603	0	0	0	1	0	0	0	0	68	0	0	0	0	0	0	0	0	1586	0	0	0	0	0	0	0	0	0.001094	0.0	0.0	0.0	0.008053	0.0	0.0	0.0	0.0	0.119554	0.0	0.0	0.0	0.880446	0.0	0.0	0.0	0.0	
164	3923	5069.229197501	8570.912	8570.912	0.005711	0.0	3759	0	0	0	160	0	0	0	0	3.0e-6	0.0	0.0	0.0	0.235608	0.0	0.0	0.0	0.0	9.3976	0.0	0.0	0.0	4945.69	0.0	0.0	0.0	0.0	0.0025	0.0	0.0	0.0	30.9106	0.0	0.0	0.0	0.0	67	0	0	0	74	0	0	0	0	81	0	0	0	24	0	0	0	0	1354	0	0	0	61	0	0	0	0	603	0	0	0	1	0	0	0	0	68	0	0	0	0	0	0	0	0	1586	0	0	0	0	0	0	0	0	0.001094	0.0	0.0	0.0	0.007622	0.0	0.0	0.0	0.0	0.125466	0.0	0.0	0.0	0.874534	0.0	0.0	0.0	0.0	
165	3924	5085.102408781	8570.912	8570.912	0.00556	0.0	3759	0	0	0	161	0	0	0	0	3.0e-6	0.0	0.0	0.0	0.222138	0.0	0.0	0.0	0.0	9.3976	0.0	0.0	0.0	4961.57	0.0	0.0	0.0	0.0	0.0025	0.0	0.0	0.0	30.8172	0.0	0.0	0.0	0.0	67	0	0	0	74	0	0	0	0	81	0	0	0	24	0	0	0	0	1354	0	0	0	62	0	0	0	0	603	0	0	0	1	0	0	0	0	68	0	0	0	0	0	0	0	0	1586	0	0	0	0	0	0	0	0	0.001094	0.0	0.0	0.0	0.007208	0.0	0.0	0.0	0.0	0.131723	0.0	0.0	0.0	0.868277	0.0	0.0	0.0	0.0	
166	3925	5106.595671583	8566.912	8566.912	0.005392	0.0	3759	0	0	0	162	0	0	0	0	3.0e-6	0.0	0.0	0.0	0.266931	0.0	0.0	0.0	0.0	9.3976	0.0	0.0	0.0	4983.06	0.0	0.0	0.0	0.0	0.0025	0.0	0.0	0.0	30.7596	0.0	0.0	0.0	0.0	67	0	0	0	75	0	0	0	0	81	0	0	0	24	0	0	0	0	1354	0	0	0	62	0	0	0	0	603	0	0	0	1	0	0	0	0	68	0	0	0	0	0	0	0	0	1586	0	0	0	0	0	0	0	0	0.001094	0.0	0.0	0.0	0.008678	0.0	0.0	0.0	0.0	0.111911	0.0	0.0	0.0	0.888089	0.0	0.0	0.0	0.0	
167	3926	5133.04024079	8566.912	8566.912	0.005173	0.0	3759	0	0	0	163	0	0	0	0	3.0e-6	0.0	0.0	0.0	0.251903	0.0	0.0	0.0	0.0	9.3976	0.0	0.0	0.0	5009.5	0.0	0.0	0.0	0.0	0.0025	0.0	0.0	0.0	30.7332	0.0	0.0	0.0	0.0	67	0	0	0	75	0	0	0	0	81	0	0	0	24	0	0	0	0	1354	0	0	0	63	0	0	0	0	603	0	0	0	1	0	0	0	0	68	0	0	0	0	0	0	0	0	1586	0	0	0	0	0	0	0	0	0.001094	0.0	0.0	0.0	0.008196	0.0	0.0	0.0	0.0	0.117711	0.0	0.0	0.0	0.882289	0.0	0.0	0.0	0.0	
168	3927	5147.828128746	8566.912	8566.912	0.004915	0.0	3759	0	0	0	164	0	0	0	0	3.0e-6	0.0	0.0	0.0	0.237627	0.0	0.0	0.0	0.0	9.3976	0.0	0.0	0.0	5024.29	0.0	0.0	0.0	0.0	0.0025	0.0	0.0	0.0	30.6359	0.0	0.0	0.0	0.0	67	0	0	0	75	0	0	0	0	81	0	0	0	24	0	0	0	0	1354	0	0	0	64	0	0	0	0	603	0	0	0	1	0	0	0	0	68	0	0	0	0	0	0	0	0	1586	0	0	0	0	0	0	0	0	0.001094	0.0	0.0	0.0	0.007756	0.0	0.0	0.0	0.0	0.123563	0.0	0.0	0.0	0.876437	0.0	0.0	0.0	0.0	
169	3929	5165.988601252	8566.912	8566.912	0.004777	0.0	3760	0	0	0	165	0	0	0	0	2.0e-6	0.0	0.0	0.0	0.224238	0.0	0.0	0.0	0.0	9.3981	0.0	0.0	0.0	5042.45	0.0	0.0	0.0	0.0	0.0025	0.0	0.0	0.0	30.5603	0.0	0.0	0.0	0.0	67	0	0	0	75	0	0	0	0	81	0	0	0	24	0	0	0	0	1354	0	0	0	65	0	0	0	0	603	0	0	0	1	0	0	0	0	68	0	0	0	0	0	0	0	0	1587	0	0	0	0	0	0	0	0	0.000984	0.0	0.0	0.0	0.007338	0.0	0.0	0.0	0.0	0.118289	0.0	0.0	0.0	0.881711	0.0	0.0	0.0	0.0	
170	3930	5179.858757915	8566.912	8566.912	0.004612	0.0	3760	0	0	0	166	0	0	0	0	2.0e-6	0.0	0.0	0.0	0.211522	0.0	0.0	0.0	0.0	9.3981	0.0	0.0	0.0	5056.32	0.0	0.0	0.0	0.0	0.0025	0.0	0.0	0.0	30.4598	0.0	0.0	0.0	0.0	67	0	0	0	75	0	0	0	0	81	0	0	0	24	0	0	0	0	1354	0	0	0	66	0	0	0	0	603	0	0	0	1	0	0	0	0	68	0	0	0	0	0	0	0	0	1587	0	0	0	0	0	0	0	0	0.000984	0.0	0.0	0.0	0.006944	0.0	0.0	0.0	0.0	0.124156	0.0	0.0	0.0	0.875844	0.0	0.0	0.0	0.0	
171	3932	5193.696410194	8566.912	8566.912	0.00449	0.0	3761	0	0	0	167	0	0	0	0	2.0e-6	0.0	0.0	0.0	0.199596	0.0	0.0	0.0	0.0	9.39933	0.0	0.0	0.0	5070.16	0.0	0.0	0.0	0.0	0.002499	0.0	0.0	0.0	30.3602	0.0	0.0	0.0	0.0	67	0	0	0	75	0	0	0	0	81	0	0	0	24	0	0	0	0	1354	0	0	0	67	0	0	0	0	604	0	0	0	1	0	0	0	0	68	0	0	0	0	0	0	0	0	1587	0	0	0	0	0	0	0	0	0.000886	0.0	0.0	0.0	0.006574	0.0	0.0	0.0	0.0	0.118771	0.0	0.0	0.0	0.881229	0.0	0.0	0.0	0.0	
172	3933	5208.829340893	8566.912	8566.912	0.004371	0.0	3761	0	0	0	168	0	0	0	0	2.0e-6	0.0	0.0	0.0	0.188272	0.0	0.0	0.0	0.0	9.39933	0.0	0.0	0.0	5085.29	0.0	0.0	0.0	0.0	0.002499	0.0	0.0	0.0	30.2696	0.0	0.0	0.0	0.0	67	0	0	0	75	0	0	0	0	81	0	0	0	24	0	0	0	0	1354	0	0	0	68	0	0	0	0	604	0	0	0	1	0	0	0	0	68	0	0	0	0	0	0	0	0	1587	0	0	0	0	0	0	0	0	0.000886	0.0	0.0	0.0	0.00622	0.0	0.0	0.0	0.0	0.124695	0.0	0.0	0.0	0.875305	0.0	0.0	0.0	0.0	
173	3934	5229.125559008	8566.912	8566.912	0.004245	0.0	3761	0	0	0	169	0	0	0	0	2.0e-6	0.0	0.0	0.0	0.177517	0.0	0.0	0.0	0.0	9.39933	0.0	0.0	0.0	5105.59	0.0	0.0	0.0	0.0	0.002499	0.0	0.0	0.0	30.2106	0.0	0.0	0.0	0.0	67	0	0	0	75	0	0	0	0	81	0	0	0	24	0	0	0	0	1354	0	0	0	69	0	0	0	0	604	0	0	0	1	0	0	0	0	68	0	0	0	0	0	0	0	0	1587	0	0	0	0	0	0	0	0	0.000886	0.0	0.0	0.0	0.005876	0.0	0.0	0.0	0.0	0.131036	0.0	0.0	0.0	0.868964	0.0	0.0	0.0	0.0	
174	3937	5248.250704495	8566.912	8566.912	0.004082	0.0	3763	0	0	0	170	0	0	0	0	2.0e-6	0.0	0.0	0.0	0.167557	0.0	0.0	0.0	0.0	9.4006	0.0	0.0	0.0	5124.71	0.0	0.0	0.0	0.0	0.002498	0.0	0.0	0.0	30.1454	0.0	0.0	0.0	0.0	67	0	0	0	75	0	0	0	0	81	0	0	0	24	0	0	0	0	1354	0	0	0	70	0	0	0	0	605	0	0	0	1	0	0	0	0	68	0	0	0	0	0	0	0	0	1588	0	0	0	0	0	0	0	0	0.000718	0.0	0.0	0.0	0.005558	0.0	0.0	0.0	0.0	0.114399	0.0	0.0	0.0	0.885601	0.0	0.0	0.0	0.0	
175	3938	5264.870327961	8564.912	8564.912	0.003934	0.0	3763	0	0	0	171	0	0	0	0	2.0e-6	0.0	0.0	0.0	0.214555	0.0	0.0	0.0	0.0	9.4006	0.0	0.0	0.0	5141.33	0.0	0.0	0.0	0.0	0.002498	0.0	0.0	0.0	30.0663	0.0	0.0	0.0	0.0	67	0	0	0	76	0	0	0	0	81	0	0	0	24	0	0	0	0	1354	0	0	0	70	0	0	0	0	605	0	0	0	1	0	0	0	0	68	0	0	0	0	0	0	0	0	1588	0	0	0	0	0	0	0	0	0.000718	0.0	0.0	0.0	0.007136	0.0	0.0	0.0	0.0	0.091418	0.0	0.0	0.0	0.908582	0.0	0.0	0.0	0.0	
176	3939	5292.812290435	8564.912	8564.912	0.00381	0.0	3763	0	0	0	172	0	0	0	0	2.0e-6	0.0	0.0	0.0	0.202748	0.0	0.0	0.0	0.0	9.4006	0.0	0.0	0.0	5169.27	0.0	0.0	0.0	0.0	0.002498	0.0	0.0	0.0	30.0539	0.0	0.0	0.0	0.0	67	0	0	0	76	0	0	0	0	81	0	0	0	24	0	0	0	0	1354	0	0	0	71	0	0	0	0	605	0	0	0	1	0	0	0	0	68	0	0	0	0	0	0	0	0	1588	0	0	0	0	0	0	0	0	0.000718	0.0	0.0	0.0	0.006746	0.0	0.0	0.0	0.0	0.096194	0.0	0.0	0.0	0.903806	0.0	0.0	0.0	0.0	
177	3941	5311.970970831	8564.912	8564.912	0.003609	0.0	3764	0	0	0	173	0	0	0	0	2.0e-6	0.0	0.0	0.0	0.19164	0.0	0.0	0.0	0.0	9.40141	0.0	0.0	0.0	5188.43	0.0	0.0	0.0	0.0	0.002498	0.0	0.0	0.0	29.9909	0.0	0.0	0.0	0.0	67	0	0	0	76	0	0	0	0	81	0	0	0	24	0	0	0	0	1354	0	0	0	72	0	0	0	0	606	0	0	0	1	0	0	0	0	68	0	0	0	0	0	0	0	0	1588	0	0	0	0	0	0	0	0	0.000646	0.0	0.0	0.0	0.00639	0.0	0.0	0.0	0.0	0.091856	0.0	0.0	0.0	0.908144	0.0	0.0	0.0	0.0	
178	3942	5336.462174977	8555.412	8555.412	0.003478	0.0	3764	0	0	0	174	0	0	0	0	2.0e-6	0.0	0.0	0.0	0.236146	0.0	0.0	0.0	0.0	9.40141	0.0	0.0	0.0	5212.92	0.0	0.0	0.0	0.0	0.002498	0.0	0.0	0.0	29.9593	0.0	0.0	0.0	0.0	67	0	0	0	77	0	0	0	0	81	0	0	0	24	0	0	0	0	1354	0	0	0	72	0	0	0	0	606	0	0	0	1	0	0	0	0	68	0	0	0	0	0	0	0	0	1588	0	0	0	0	0	0	0	0	0.000646	0.0	0.0	0.0	0.007882	0.0	0.0	0.0	0.0	0.075783	0.0	0.0	0.0	0.924217	0.0	0.0	0.0	0.0	
179	3943	5353.864695441	8555.412	8555.412	0.003317	0.0	3764	0	0	0	175	0	0	0	0	2.0e-6	0.0	0.0	0.0	0.22337	0.0	0.0	0.0	0.0	9.40141	0.0	0.0	0.0	5230.32	0.0	0.0	0.0	0.0	0.002498	0.0	0.0	0.0	29.8876	0.0	0.0	0.0	0.0	67	0	0	0	77	0	0	0	0	81	0	0	0	24	0	0	0	0	1354	0	0	0	73	0	0	0	0	606	0	0	0	1	0	0	0	0	68	0	0	0	0	0	0	0	0	1588	0	0	0	0	0	0	0	0	0.000646	0.0	0.0	0.0	0.007474	0.0	0.0	0.0	0.0	0.079596	0.0	0.0	0.0	0.920404	0.0	0.0	0.0	0.0	
180	3944	5368.377686542	8555.412	8555.412	0.003208	0.0	3764	0	0	0	176	0	0	0	0	2.0e-6	0.0	0.0	0.0	0.211236	0.0	0.0	0.0	0.0	9.40141	0.0	0.0	0.0	5244.84	0.0	0.0	0.0	0.0	0.002498	0.0	0.0	0.0	29.8002	0.0	0.0	0.0	0.0	67	0	0	0	77	0	0	0	0	81	0	0	0	24	0	0	0	0	1354	0	0	0	74	0	0	0	0	606	0	0	0	1	0	0	0	0	68	0	0	0	0	0	0	0	0	1588	0	0	0	0	0	0	0	0	0.000646	0.0	0.0	0.0	0.007088	0.0	0.0	0.0	0.0	0.083561	0.0	0.0	0.0	0.916439	0.0	0.0	0.0	0.0	
181	3945	5415.693516351	8539.588	8539.588	0.003119	0.0	3764	0	0	0	177	0	0	0	0	2.0e-6	0.0	0.0	0.0	0.25427	0.0	0.0	0.0	0.0	9.40141	0.0	0.0	0.0	5292.15	0.0	0.0	0.0	0.0	0.002498	0.0	0.0	0.0	29.8992	0.0	0.0	0.0	0.0	67	0	0	0	78	0	0	0	0	81	0	0	0	24	0	0	0	0	1354	0	0	0	74	0	0	0	0	606	0	0	0	1	0	0	0	0	68	0	0	0	0	0	0	0	0	1588	0	0	0	0	0	0	0	0	0.000646	0.0	0.0	0.0	0.008504	0.0	0.0	0.0	0.0	0.070632	0.0	0.0	0.0	0.929368	0.0	0.0	0.0	0.0	
182	3946	5442.103197915	8539.588	8539.588	0.002846	0.0	3764	0	0	0	178	0	0	0	0	2.0e-6	0.0	0.0	0.0	0.24059	0.0	0.0	0.0	0.0	9.40141	0.0	0.0	0.0	5318.56	0.0	0.0	0.0	0.0	0.002498	0.0	0.0	0.0	29.8796	0.0	0.0	0.0	0.0	67	0	0	0	78	0	0	0	0	81	0	0	0	24	0	0	0	0	1354	0	0	0	75	0	0	0	0	606	0	0	0	1	0	0	0	0	68	0	0	0	0	0	0	0	0	1588	0	0	0	0	0	0	0	0	0.000646	0.0	0.0	0.0	0.008052	0.0	0.0	0.0	0.0	0.074304	0.0	0.0	0.0	0.925696	0.0	0.0	0.0	0.0	
183	3947	5456.292882095	8539.588	8539.588	0.002705	0.0	3764	0	0	0	179	0	0	0	0	2.0e-6	0.0	0.0	0.0	0.227595	0.0	0.0	0.0	0.0	9.40141	0.0	0.0	0.0	5332.75	0.0	0.0	0.0	0.0	0.002498	0.0	0.0	0.0	29.7919	0.0	0.0	0.0	0.0	67	0	0	0	78	0	0	0	0	81	0	0	0	24	0	0	0	0	1354	0	0	0	76	0	0	0	0	606	0	0	0	1	0	0	0	0	68	0	0	0	0	0	0	0	0	1588	0	0	0	0	0	0	0	0	0.000646	0.0	0.0	0.0	0.00764	0.0	0.0	0.0	0.0	0.078003	0.0	0.0	0.0	0.921997	0.0	0.0	0.0	0.0	
184	3948	5471.094473631	8539.588	8539.588	0.002632	0.0	3764	0	0	0	180	0	0	0	0	2.0e-6	0.0	0.0	0.0	0.215253	0.0	0.0	0.0	0.0	9.40141	0.0	0.0	0.0	5347.55	0.0	0.0	0.0	0.0	0.002498	0.0	0.0	0.0	29.7086	0.0	0.0	0.0	0.0	67	0	0	0	78	0	0	0	0	81	0	0	0	24	0	0	0	0	1354	0	0	0	77	0	0	0	0	606	0	0	0	1	0	0	0	0	68	0	0	0	0	0	0	0	0	1588	0	0	0	0	0	0	0	0	0.000646	0.0	0.0	0.0	0.007245	0.0	0.0	0.0	0.0	0.081898	0.0	0.0	0.0	0.918102	0.0	0.0	0.0	0.0	
185	3949	5496.892453658	8539.588	8539.588	0.002557	0.0	3764	0	0	0	181	0	0	0	0	2.0e-6	0.0	0.0	0.0	0.20353	0.0	0.0	0.0	0.0	9.40141	0.0	0.0	0.0	5373.35	0.0	0.0	0.0	0.0	0.002498	0.0	0.0	0.0	29.687	0.0	0.0	0.0	0.0	67	0	0	0	78	0	0	0	0	81	0	0	0	24	0	0	0	0	1354	0	0	0	78	0	0	0	0	606	0	0	0	1	0	0	0	0	68	0	0	0	0	0	0	0	0	1588	0	0	0	0	0	0	0	0	0.000646	0.0	0.0	0.0	0.006856	0.0	0.0	0.0	0.0	0.086151	0.0	0.0	0.0	0.913849	0.0	0.0	0.0	0.0	
186	3950	5518.690076488	8539.588	8539.588	0.002433	0.0	3764	0	0	0	182	0	0	0	0	2.0e-6	0.0	0.0	0.0	0.192394	0.0	0.0	0.0	0.0	9.40141	0.0	0.0	0.0	5395.15	0.0	0.0	0.0	0.0	0.002498	0.0	0.0	0.0	29.6437	0.0	0.0	0.0	0.0	67	0	0	0	78	0	0	0	0	81	0	0	0	24	0	0	0	0	1354	0	0	0	79	0	0	0	0	606	0	0	0	1	0	0	0	0	68	0	0	0	0	0	0	0	0	1588	0	0	0	0	0	0	0	0	0.000646	0.0	0.0	0.0	0.00649	0.0	0.0	0.0	0.0	0.090565	0.0	0.0	0.0	0.909435	0.0	0.0	0.0	0.0	
187	3951	5538.815772936	8539.588	8539.588	0.002333	0.0	3764	0	0	0	183	0	0	0	0	2.0e-6	0.0	0.0	0.0	0.181817	0.0	0.0	0.0	0.0	9.40141	0.0	0.0	0.0	5415.27	0.0	0.0	0.0	0.0	0.002498	0.0	0.0	0.0	29.5917	0.0	0.0	0.0	0.0	67	0	0	0	78	0	0	0	0	81	0	0	0	24	0	0	0	0	1354	0	0	0	80	0	0	0	0	606	0	0	0	1	0	0	0	0	68	0	0	0	0	0	0	0	0	1588	0	0	0	0	0	0	0	0	0.000646	0.0	0.0	0.0	0.006144	0.0	0.0	0.0	0.0	0.09518	0.0	0.0	0.0	0.90482	0.0	0.0	0.0	0.0	
188	3952	5606.841966521	8513.426	8513.426	0.002244	0.0	3764	0	0	0	184	0	0	0	0	2.0e-6	0.0	0.0	0.0	0.227029	0.0	0.0	0.0	0.0	9.40141	0.0	0.0	0.0	5483.3	0.0	0.0	0.0	0.0	0.002498	0.0	0.0	0.0	29.8005	0.0	0.0	0.0	0.0	67	0	0	0	79	0	0	0	0	81	0	0	0	24	0	0	0	0	1354	0	0	0	80	0	0	0	0	606	0	0	0	1	0	0	0	0	68	0	0	0	0	0	0	0	0	1588	0	0	0	0	0	0	0	0	0.000646	0.0	0.0	0.0	0.007618	0.0	0.0	0.0	0.0	0.078203	0.0	0.0	0.0	0.921797	0.0	0.0	0.0	0.0	
189	3953	5624.846545738	8513.426	8513.426	0.001967	0.0	3764	0	0	0	185	0	0	0	0	2.0e-6	0.0	0.0	0.0	0.214715	0.0	0.0	0.0	0.0	9.40141	0.0	0.0	0.0	5501.31	0.0	0.0	0.0	0.0	0.002498	0.0	0.0	0.0	29.7368	0.0	0.0	0.0	0.0	67	0	0	0	79	0	0	0	0	81	0	0	0	24	0	0	0	0	1354	0	0	0	81	0	0	0	0	606	0	0	0	1	0	0	0	0	68	0	0	0	0	0	0	0	0	1588	0	0	0	0	0	0	0	0	0.000646	0.0	0.0	0.0	0.00722	0.0	0.0	0.0	0.0	0.082158	0.0	0.0	0.0	0.917842	0.0	0.0	0.0	0.0	
190	3954	5638.707418356	8513.426	8513.426	0.0019	0.0	3764	0	0	0	186	0	0	0	0	2.0e-6	0.0	0.0	0.0	0.203018	0.0	0.0	0.0	0.0	9.40141	0.0	0.0	0.0	5515.17	0.0	0.0	0.0	0.0	0.002498	0.0	0.0	0.0	29.6514	0.0	0.0	0.0	0.0	67	0	0	0	79	0	0	0	0	81	0	0	0	24	0	0	0	0	1354	0	0	0	82	0	0	0	0	606	0	0	0	1	0	0	0	0	68	0	0	0	0	0	0	0	0	1588	0	0	0	0	0	0	0	0	0.000646	0.0	0.0	0.0	0.006847	0.0	0.0	0.0	0.0	0.086255	0.0	0.0	0.0	0.913745	0.0	0.0	0.0	0.0	
191	3955	5663.308778732	8513.426	8513.426	0.00185	0.0	3764	0	0	0	187	0	0	0	0	2.0e-6	0.0	0.0	0.0	0.191909	0.0	0.0	0.0	0.0	9.40141	0.0	0.0	0.0	5539.77	0.0	0.0	0.0	0.0	0.002498	0.0	0.0	0.0	29.6244	0.0	0.0	0.0	0.0	67	0	0	0	79	0	0	0	0	81	0	0	0	24	0	0	0	0	1354	0	0	0	83	0	0	0	0	606	0	0	0	1	0	0	0	0	68	0	0	0	0	0	0	0	0	1588	0	0	0	0	0	0	0	0	0.000646	0.0	0.0	0.0	0.006478	0.0	0.0	0.0	0.0	0.090719	0.0	0.0	0.0	0.909281	0.0	0.0	0.0	0.0	
192	3956	5677.104549899	8513.426	8513.426	0.001764	0.0	3764	0	0	0	188	0	0	0	0	2.0e-6	0.0	0.0	0.0	0.181356	0.0	0.0	0.0	0.0	9.40141	0.0	0.0	0.0	5553.56	0.0	0.0	0.0	0.0	0.002498	0.0	0.0	0.0	29.5402	0.0	0.0	0.0	0.0	67	0	0	0	79	0	0	0	0	81	0	0	0	24	0	0	0	0	1354	0	0	0	84	0	0	0	0	606	0	0	0	1	0	0	0	0	68	0	0	0	0	0	0	0	0	1588	0	0	0	0	0	0	0	0	0.000646	0.0	0.0	0.0	0.006139	0.0	0.0	0.0	0.0	0.095249	0.0	0.0	0.0	0.904751	0.0	0.0	0.0	0.0	
193	3957	5701.839654446	8513.426	8513.426	0.001717	0.0	3764	0	0	0	189	0	0	0	0	2.0e-6	0.0	0.0	0.0	0.171334	0.0	0.0	0.0	0.0	9.40141	0.0	0.0	0.0	5578.3	0.0	0.0	0.0	0.0	0.002498	0.0	0.0	0.0	29.5148	0.0	0.0	0.0	0.0	67	0	0	0	79	0	0	0	0	81	0	0	0	24	0	0	0	0	1354	0	0	0	85	0	0	0	0	606	0	0	0	1	0	0	0	0	68	0	0	0	0	0	0	0	0	1588	0	0	0	0	0	0	0	0	0.000646	0.0	0.0	0.0	0.005805	0.0	0.0	0.0	0.0	0.100184	0.0	0.0	0.0	0.899816	0.0	0.0	0.0	0.0	
194	3958	5720.442225822	8513.426	8513.426	0.001637	0.0	3764	0	0	0	190	0	0	0	0	2.0e-6	0.0	0.0	0.0	0.161813	0.0	0.0	0.0	0.0	9.40141	0.0	0.0	0.0	5596.9	0.0	0.0	0.0	0.0	0.002498	0.0	0.0	0.0	29.4574	0.0	0.0	0.0	0.0	67	0	0	0	79	0	0	0	0	81	0	0	0	24	0	0	0	0	1354	0	0	0	86	0	0	0	0	606	0	0	0	1	0	0	0	0	68	0	0	0	0	0	0	0	0	1588	0	0	0	0	0	0	0	0	0.000646	0.0	0.0	0.0	0.005493	0.0	0.0	0.0	0.0	0.105273	0.0	0.0	0.0	0.894727	0.0	0.0	0.0	0.0	
195	3959	5770.603749449	8508.588	8508.588	0.001579	0.0	3764	0	0	0	191	0	0	0	0	2.0e-6	0.0	0.0	0.0	0.208653	0.0	0.0	0.0	0.0	9.40141	0.0	0.0	0.0	5647.06	0.0	0.0	0.0	0.0	0.002498	0.0	0.0	0.0	29.5658	0.0	0.0	0.0	0.0	67	0	0	0	80	0	0	0	0	81	0	0	0	24	0	0	0	0	1354	0	0	0	86	0	0	0	0	606	0	0	0	1	0	0	0	0	68	0	0	0	0	0	0	0	0	1588	0	0	0	0	0	0	0	0	0.000646	0.0	0.0	0.0	0.007057	0.0	0.0	0.0	0.0	0.083898	0.0	0.0	0.0	0.916101	0.0	0.0	0.0	0.0	
196	3960	5818.094888028	8504.588	8504.588	0.001433	0.0	3764	0	0	0	192	0	0	0	0	2.0e-6	0.0	0.0	0.0	0.251844	0.0	0.0	0.0	0.0	9.40141	0.0	0.0	0.0	5694.55	0.0	0.0	0.0	0.0	0.002498	0.0	0.0	0.0	29.6591	0.0	0.0	0.0	0.0	67	0	0	0	81	0	0	0	0	81	0	0	0	24	0	0	0	0	1354	0	0	0	86	0	0	0	0	606	0	0	0	1	0	0	0	0	68	0	0	0	0	0	0	0	0	1588	0	0	0	0	0	0	0	0	0.000646	0.0	0.0	0.0	0.008491	0.0	0.0	0.0	0.0	0.070732	0.0	0.0	0.0	0.929268	0.0	0.0	0.0	0.0	
197	3961	5836.164635891	8504.588	8504.588	0.001308	0.0	3764	0	0	0	193	0	0	0	0	2.0e-6	0.0	0.0	0.0	0.238294	0.0	0.0	0.0	0.0	9.40141	0.0	0.0	0.0	5712.62	0.0	0.0	0.0	0.0	0.002498	0.0	0.0	0.0	29.5991	0.0	0.0	0.0	0.0	67	0	0	0	81	0	0	0	0	81	0	0	0	24	0	0	0	0	1354	0	0	0	87	0	0	0	0	606	0	0	0	1	0	0	0	0	68	0	0	0	0	0	0	0	0	1588	0	0	0	0	0	0	0	0	0.000646	0.0	0.0	0.0	0.008051	0.0	0.0	0.0	0.0	0.074315	0.0	0.0	0.0	0.925685	0.0	0.0	0.0	0.0	
198	3962	5850.862243262	8504.588	8504.588	0.001263	0.0	3764	0	0	0	194	0	0	0	0	2.0e-6	0.0	0.0	0.0	0.225423	0.0	0.0	0.0	0.0	9.40141	0.0	0.0	0.0	5727.32	0.0	0.0	0.0	0.0	0.002498	0.0	0.0	0.0	29.5223	0.0	0.0	0.0	0.0	67	0	0	0	81	0	0	0	0	81	0	0	0	24	0	0	0	0	1354	0	0	0	88	0	0	0	0	606	0	0	0	1	0	0	0	0	68	0	0	0	0	0	0	0	0	1588	0	0	0	0	0	0	0	0	0.000646	0.0	0.0	0.0	0.007636	0.0	0.0	0.0	0.0	0.078039	0.0	0.0	0.0	0.921961	0.0	0.0	0.0	0.0	
199	3963	5869.205265284	8504.588	8504.588	0.001228	0.0	3764	0	0	0	195	0	0	0	0	2.0e-6	0.0	0.0	0.0	0.213197	0.0	0.0	0.0	0.0	9.40141	0.0	0.0	0.0	5745.66	0.0	0.0	0.0	0.0	0.002498	0.0	0.0	0.0	29.4649	0.0	0.0	0.0	0.0	67	0	0	0	81	0	0	0	0	81	0	0	0	24	0	0	0	0	1354	0	0	0	89	0	0	0	0	606	0	0	0	1	0	0	0	0	68	0	0	0	0	0	0	0	0	1588	0	0	0	0	0	0	0	0	0.000646	0.0	0.0	0.0	0.007236	0.0	0.0	0.0	0.0	0.082	0.0	0.0	0.0	0.918	0.0	0.0	0.0	0.0	
200	3965	5893.761644459	8504.588	8504.588	0.001185	0.0	3765	0	0	0	196	0	0	0	0	1.0e-6	0.0	0.0	0.0	0.20168	0.0	0.0	0.0	0.0	9.40209	0.0	0.0	0.0	5770.22	0.0	0.0	0.0	0.0	0.002497	0.0	0.0	0.0	29.4399	0.0	0.0	0.0	0.0	67	0	0	0	81	0	0	0	0	81	0	0	0	24	0	0	0	0	1355	0	0	0	90	0	0	0	0	606	0	0	0	1	0	0	0	0	68	0	0	0	0	0	0	0	0	1588	0	0	0	0	0	0	0	0	0.000582	0.0	0.0	0.0	0.006851	0.0	0.0	0.0	0.0	0.078329	0.0	0.0	0.0	0.921671	0.0	0.0	0.0	0.0	
201	3966	5916.875482836	8504.588	8504.588	0.00113	0.0	3765	0	0	0	197	0	0	0	0	1.0e-6	0.0	0.0	0.0	0.190739	0.0	0.0	0.0	0.0	9.40209	0.0	0.0	0.0	5793.33	0.0	0.0	0.0	0.0	0.002497	0.0	0.0	0.0	29.4078	0.0	0.0	0.0	0.0	67	0	0	0	81	0	0	0	0	81	0	0	0	24	0	0	0	0	1355	0	0	0	91	0	0	0	0	606	0	0	0	1	0	0	0	0	68	0	0	0	0	0	0	0	0	1588	0	0	0	0	0	0	0	0	0.000582	0.0	0.0	0.0	0.006486	0.0	0.0	0.0	0.0	0.082369	0.0	0.0	0.0	0.917631	0.0	0.0	0.0	0.0	
202	3968	5931.252109103	8504.588	8504.588	0.00108	0.0	3766	0	0	0	198	0	0	0	0	1.0e-6	0.0	0.0	0.0	0.180431	0.0	0.0	0.0	0.0	9.40253	0.0	0.0	0.0	5807.71	0.0	0.0	0.0	0.0	0.002497	0.0	0.0	0.0	29.3319	0.0	0.0	0.0	0.0	67	0	0	0	81	0	0	0	0	81	0	0	0	24	0	0	0	0	1355	0	0	0	92	0	0	0	0	606	0	0	0	1	0	0	0	0	68	0	0	0	0	0	0	0	0	1589	0	0	0	0	0	0	0	0	0.000524	0.0	0.0	0.0	0.006151	0.0	0.0	0.0	0.0	0.078511	0.0	0.0	0.0	0.921489	0.0	0.0	0.0	0.0	
203	3969	5946.179379306	8504.588	8504.588	0.001051	0.0	3766	0	0	0	199	0	0	0	0	1.0e-6	0.0	0.0	0.0	0.170641	0.0	0.0	0.0	0.0	9.40253	0.0	0.0	0.0	5822.64	0.0	0.0	0.0	0.0	0.002497	0.0	0.0	0.0	29.2595	0.0	0.0	0.0	0.0	67	0	0	0	81	0	0	0	0	81	0	0	0	24	0	0	0	0	1355	0	0	0	93	0	0	0	0	606	0	0	0	1	0	0	0	0	68	0	0	0	0	0	0	0	0	1589	0	0	0	0	0	0	0	0	0.000524	0.0	0.0	0.0	0.005832	0.0	0.0	0.0	0.0	0.082456	0.0	0.0	0.0	0.917544	0.0	0.0	0.0	0.0	
204	3970	5966.473311855	8504.588	8504.588	0.001021	0.0	3766	0	0	0	200	0	0	0	0	1.0e-6	0.0	0.0	0.0	0.161342	0.0	0.0	0.0	0.0	9.40253	0.0	0.0	0.0	5842.93	0.0	0.0	0.0	0.0	0.002497	0.0	0.0	0.0	29.2147	0.0	0.0	0.0	0.0	67	0	0	0	81	0	0	0	0	81	0	0	0	24	0	0	0	0	1355	0	0	0	94	0	0	0	0	606	0	0	0	1	0	0	0	0	68	0	0	0	0	0	0	0	0	1589	0	0	0	0	0	0	0	0	0.000524	0.0	0.0	0.0	0.005523	0.0	0.0	0.0	0.0	0.086674	0.0	0.0	0.0	0.913326	0.0	0.0	0.0	0.0	
205	3971	5985.604155666	8504.588	8504.588	0.000982	0.0	3766	0	0	0	201	0	0	0	0	1.0e-6	0.0	0.0	0.0	0.15251	0.0	0.0	0.0	0.0	9.40253	0.0	0.0	0.0	5862.06	0.0	0.0	0.0	0.0	0.002497	0.0	0.0	0.0	29.1645	0.0	0.0	0.0	0.0	67	0	0	0	81	0	0	0	0	81	0	0	0	24	0	0	0	0	1355	0	0	0	95	0	0	0	0	606	0	0	0	1	0	0	0	0	68	0	0	0	0	0	0	0	0	1589	0	0	0	0	0	0	0	0	0.000524	0.0	0.0	0.0	0.005229	0.0	0.0	0.0	0.0	0.091093	0.0	0.0	0.0	0.908907	0.0	0.0	0.0	0.0	
206	3973	6023.160389814	8504.088	8504.088	0.000946	0.0	3767	0	0	0	202	0	0	0	0	1.0e-6	0.0	0.0	0.0	0.198707	0.0	0.0	0.0	0.0	9.40306	0.0	0.0	0.0	5899.62	0.0	0.0	0.0	0.0	0.002496	0.0	0.0	0.0	29.206	0.0	0.0	0.0	0.0	67	0	0	0	82	0	0	0	0	81	0	0	0	24	0	0	0	0	1355	0	0	0	95	0	0	0	0	606	0	0	0	1	0	0	0	0	68	0	0	0	0	0	0	0	0	1590	0	0	0	0	0	0	0	0	0.000472	0.0	0.0	0.0	0.006804	0.0	0.0	0.0	0.0	0.064846	0.0	0.0	0.0	0.935154	0.0	0.0	0.0	0.0	
207	3974	6048.087555266	8504.088	8504.088	0.00088	0.0	3767	0	0	0	203	0	0	0	0	1.0e-6	0.0	0.0	0.0	0.188083	0.0	0.0	0.0	0.0	9.40306	0.0	0.0	0.0	5924.54	0.0	0.0	0.0	0.0	0.002496	0.0	0.0	0.0	29.1849	0.0	0.0	0.0	0.0	67	0	0	0	82	0	0	0	0	81	0	0	0	24	0	0	0	0	1355	0	0	0	96	0	0	0	0	606	0	0	0	1	0	0	0	0	68	0	0	0	0	0	0	0	0	1590	0	0	0	0	0	0	0	0	0.000472	0.0	0.0	0.0	0.006445	0.0	0.0	0.0	0.0	0.068213	0.0	0.0	0.0	0.931787	0.0	0.0	0.0	0.0	
208	3975	6065.478535701	8504.088	8504.088	0.000838	0.0	3767	0	0	0	204	0	0	0	0	1.0e-6	0.0	0.0	0.0	0.17799	0.0	0.0	0.0	0.0	9.40306	0.0	0.0	0.0	5941.94	0.0	0.0	0.0	0.0	0.002496	0.0	0.0	0.0	29.1271	0.0	0.0	0.0	0.0	67	0	0	0	82	0	0	0	0	81	0	0	0	24	0	0	0	0	1355	0	0	0	97	0	0	0	0	606	0	0	0	1	0	0	0	0	68	0	0	0	0	0	0	0	0	1590	0	0	0	0	0	0	0	0	0.000472	0.0	0.0	0.0	0.006111	0.0	0.0	0.0	0.0	0.071672	0.0	0.0	0.0	0.928329	0.0	0.0	0.0	0.0	
209	3976	6083.779619005	8504.088	8504.088	0.000811	0.0	3767	0	0	0	205	0	0	0	0	1.0e-6	0.0	0.0	0.0	0.168404	0.0	0.0	0.0	0.0	9.40306	0.0	0.0	0.0	5960.24	0.0	0.0	0.0	0.0	0.002496	0.0	0.0	0.0	29.0743	0.0	0.0	0.0	0.0	67	0	0	0	82	0	0	0	0	81	0	0	0	24	0	0	0	0	1355	0	0	0	98	0	0	0	0	606	0	0	0	1	0	0	0	0	68	0	0	0	0	0	0	0	0	1590	0	0	0	0	0	0	0	0	0.000472	0.0	0.0	0.0	0.005792	0.0	0.0	0.0	0.0	0.075317	0.0	0.0	0.0	0.924683	0.0	0.0	0.0	0.0	
210	3977	6098.702649871	8504.088	8504.088	0.000783	0.0	3767	0	0	0	206	0	0	0	0	1.0e-6	0.0	0.0	0.0	0.159298	0.0	0.0	0.0	0.0	9.40306	0.0	0.0	0.0	5975.16	0.0	0.0	0.0	0.0	0.002496	0.0	0.0	0.0	29.0056	0.0	0.0	0.0	0.0	67	0	0	0	82	0	0	0	0	81	0	0	0	24	0	0	0	0	1355	0	0	0	99	0	0	0	0	606	0	0	0	1	0	0	0	0	68	0	0	0	0	0	0	0	0	1590	0	0	0	0	0	0	0	0	0.000472	0.0	0.0	0.0	0.005492	0.0	0.0	0.0	0.0	0.079109	0.0	0.0	0.0	0.920891	0.0	0.0	0.0	0.0	
211	3978	6134.809788318	8504.088	8504.088	0.00076	0.0	3767	0	0	0	207	0	0	0	0	1.0e-6	0.0	0.0	0.0	0.150648	0.0	0.0	0.0	0.0	9.40306	0.0	0.0	0.0	6011.27	0.0	0.0	0.0	0.0	0.002496	0.0	0.0	0.0	29.0399	0.0	0.0	0.0	0.0	67	0	0	0	82	0	0	0	0	81	0	0	0	24	0	0	0	0	1355	0	0	0	100	0	0	0	0	606	0	0	0	1	0	0	0	0	68	0	0	0	0	0	0	0	0	1590	0	0	0	0	0	0	0	0	0.000472	0.0	0.0	0.0	0.005188	0.0	0.0	0.0	0.0	0.083363	0.0	0.0	0.0	0.916637	0.0	0.0	0.0	0.0	
212	3979	6157.844592554	8504.088	8504.088	0.000709	0.0	3767	0	0	0	208	0	0	0	0	1.0e-6	0.0	0.0	0.0	0.142431	0.0	0.0	0.0	0.0	9.40306	0.0	0.0	0.0	6034.3	0.0	0.0	0.0	0.0	0.002496	0.0	0.0	0.0	29.0111	0.0	0.0	0.0	0.0	67	0	0	0	82	0	0	0	0	81	0	0	0	24	0	0	0	0	1355	0	0	0	101	0	0	0	0	606	0	0	0	1	0	0	0	0	68	0	0	0	0	0	0	0	0	1590	0	0	0	0	0	0	0	0	0.000472	0.0	0.0	0.0	0.00491	0.0	0.0	0.0	0.0	0.08767	0.0	0.0	0.0	0.912329	0.0	0.0	0.0	0.0	
213	3980	6172.071051417	8504.088	8504.088	0.000678	0.0	3767	0	0	0	209	0	0	0	0	1.0e-6	0.0	0.0	0.0	0.134625	0.0	0.0	0.0	0.0	9.40306	0.0	0.0	0.0	6048.53	0.0	0.0	0.0	0.0	0.002496	0.0	0.0	0.0	28.9403	0.0	0.0	0.0	0.0	67	0	0	0	82	0	0	0	0	81	0	0	0	24	0	0	0	0	1355	0	0	0	102	0	0	0	0	606	0	0	0	1	0	0	0	0	68	0	0	0	0	0	0	0	0	1590	0	0	0	0	0	0	0	0	0.000472	0.0	0.0	0.0	0.004652	0.0	0.0	0.0	0.0	0.09208	0.0	0.0	0.0	0.90792	0.0	0.0	0.0	0.0	
214	3981	6185.630499433	8504.088	8504.088	0.00066	0.0	3767	0	0	0	210	0	0	0	0	1.0e-6	0.0	0.0	0.0	0.127211	0.0	0.0	0.0	0.0	9.40306	0.0	0.0	0.0	6062.09	0.0	0.0	0.0	0.0	0.002496	0.0	0.0	0.0	28.8671	0.0	0.0	0.0	0.0	67	0	0	0	82	0	0	0	0	81	0	0	0	24	0	0	0	0	1355	0	0	0	103	0	0	0	0	606	0	0	0	1	0	0	0	0	68	0	0	0	0	0	0	0	0	1590	0	0	0	0	0	0	0	0	0.000472	0.0	0.0	0.0	0.004407	0.0	0.0	0.0	0.0	0.096705	0.0	0.0	0.0	0.903295	0.0	0.0	0.0	0.0	
215	3982	6209.436739221	8504.088	8504.088	0.000643	0.0	3767	0	0	0	211	0	0	0	0	1.0e-6	0.0	0.0	0.0	0.12017	0.0	0.0	0.0	0.0	9.40306	0.0	0.0	0.0	6085.89	0.0	0.0	0.0	0.0	0.002496	0.0	0.0	0.0	28.8431	0.0	0.0	0.0	0.0	67	0	0	0	82	0	0	0	0	81	0	0	0	24	0	0	0	0	1355	0	0	0	104	0	0	0	0	606	0	0	0	1	0	0	0	0	68	0	0	0	0	0	0	0	0	1590	0	0	0	0	0	0	0	0	0.000472	0.0	0.0	0.0	0.004166	0.0	0.0	0.0	0.0	0.101719	0.0	0.0	0.0	0.898281	0.0	0.0	0.0	0.0	
216	3983	6227.057514322	8504.088	8504.088	0.000614	0.0	3767	0	0	0	212	0	0	0	0	1.0e-6	0.0	0.0	0.0	0.113481	0.0	0.0	0.0	0.0	9.40306	0.0	0.0	0.0	6103.51	0.0	0.0	0.0	0.0	0.002496	0.0	0.0	0.0	28.7902	0.0	0.0	0.0	0.0	67	0	0	0	82	0	0	0	0	81	0	0	0	24	0	0	0	0	1355	0	0	0	105	0	0	0	0	606	0	0	0	1	0	0	0	0	68	0	0	0	0	0	0	0	0	1590	0	0	0	0	0	0	0	0	0.000472	0.0	0.0	0.0	0.003942	0.0	0.0	0.0	0.0	0.106897	0.0	0.0	0.0	0.893103	0.0	0.0	0.0	0.0	
217	3985	6261.291346401	8504.088	8504.088	0.000593	0.0	3768	0	0	0	213	0	0	0	0	1.0e-6	0.0	0.0	0.0	0.107195	0.0	0.0	0.0	0.0	9.40415	0.0	0.0	0.0	6137.75	0.0	0.0	0.0	0.0	0.002496	0.0	0.0	0.0	28.8157	0.0	0.0	0.0	0.0	67	0	0	0	82	0	0	0	0	81	0	0	0	24	0	0	0	0	1355	0	0	0	106	0	0	0	0	607	0	0	0	1	0	0	0	0	68	0	0	0	0	0	0	0	0	1590	0	0	0	0	0	0	0	0	0.000425	0.0	0.0	0.0	0.00372	0.0	0.0	0.0	0.0	0.102461	0.0	0.0	0.0	0.897539	0.0	0.0	0.0	0.0	
218	3986	6275.552672996	8504.088	8504.088	0.000555	0.0	3768	0	0	0	214	0	0	0	0	1.0e-6	0.0	0.0	0.0	0.101224	0.0	0.0	0.0	0.0	9.40415	0.0	0.0	0.0	6152.01	0.0	0.0	0.0	0.0	0.002496	0.0	0.0	0.0	28.7477	0.0	0.0	0.0	0.0	67	0	0	0	82	0	0	0	0	81	0	0	0	24	0	0	0	0	1355	0	0	0	107	0	0	0	0	607	0	0	0	1	0	0	0	0	68	0	0	0	0	0	0	0	0	1590	0	0	0	0	0	0	0	0	0.000425	0.0	0.0	0.0	0.003521	0.0	0.0	0.0	0.0	0.107626	0.0	0.0	0.0	0.892374	0.0	0.0	0.0	0.0	
219	3987	6289.814181197	8504.088	8504.088	0.00054	0.0	3768	0	0	0	215	0	0	0	0	1.0e-6	0.0	0.0	0.0	0.095552	0.0	0.0	0.0	0.0	9.40415	0.0	0.0	0.0	6166.27	0.0	0.0	0.0	0.0	0.002496	0.0	0.0	0.0	28.6803	0.0	0.0	0.0	0.0	67	0	0	0	82	0	0	0	0	81	0	0	0	24	0	0	0	0	1355	0	0	0	108	0	0	0	0	607	0	0	0	1	0	0	0	0	68	0	0	0	0	0	0	0	0	1590	0	0	0	0	0	0	0	0	0.000425	0.0	0.0	0.0	0.003332	0.0	0.0	0.0	0.0	0.113055	0.0	0.0	0.0	0.886945	0.0	0.0	0.0	0.0	
220	3988	6328.842180865	8504.088	8504.088	0.000526	0.0	3768	0	0	0	216	0	0	0	0	1.0e-6	0.0	0.0	0.0	0.090166	0.0	0.0	0.0	0.0	9.40415	0.0	0.0	0.0	6205.3	0.0	0.0	0.0	0.0	0.002496	0.0	0.0	0.0	28.7282	0.0	0.0	0.0	0.0	67	0	0	0	82	0	0	0	0	81	0	0	0	24	0	0	0	0	1355	0	0	0	109	0	0	0	0	607	0	0	0	1	0	0	0	0	68	0	0	0	0	0	0	0	0	1590	0	0	0	0	0	0	0	0	0.000425	0.0	0.0	0.0	0.003139	0.0	0.0	0.0	0.0	0.119181	0.0	0.0	0.0	0.880819	0.0	0.0	0.0	0.0	
221	3989	6353.18432788	8504.088	8504.088	0.000487	0.0	3768	0	0	0	217	0	0	0	0	1.0e-6	0.0	0.0	0.0	0.085047	0.0	0.0	0.0	0.0	9.40415	0.0	0.0	0.0	6229.64	0.0	0.0	0.0	0.0	0.002496	0.0	0.0	0.0	28.708	0.0	0.0	0.0	0.0	67	0	0	0	82	0	0	0	0	81	0	0	0	24	0	0	0	0	1355	0	0	0	110	0	0	0	0	607	0	0	0	1	0	0	0	0	68	0	0	0	0	0	0	0	0	1590	0	0	0	0	0	0	0	0	0.000425	0.0	0.0	0.0	0.002962	0.0	0.0	0.0	0.0	0.125376	0.0	0.0	0.0	0.874624	0.0	0.0	0.0	0.0	
222	3990	6388.651296397	8504.088	8504.088	0.000465	0.0	3768	0	0	0	218	0	0	0	0	1.0e-6	0.0	0.0	0.0	0.080185	0.0	0.0	0.0	0.0	9.40415	0.0	0.0	0.0	6265.11	0.0	0.0	0.0	0.0	0.002496	0.0	0.0	0.0	28.739	0.0	0.0	0.0	0.0	67	0	0	0	82	0	0	0	0	81	0	0	0	24	0	0	0	0	1355	0	0	0	111	0	0	0	0	607	0	0	0	1	0	0	0	0	68	0	0	0	0	0	0	0	0	1590	0	0	0	0	0	0	0	0	0.000425	0.0	0.0	0.0	0.00279	0.0	0.0	0.0	0.0	0.132098	0.0	0.0	0.0	0.867902	0.0	0.0	0.0	0.0	
223	3991	6406.403567127	8504.088	8504.088	0.000434	0.0	3768	0	0	0	219	0	0	0	0	1.0e-6	0.0	0.0	0.0	0.075566	0.0	0.0	0.0	0.0	9.40415	0.0	0.0	0.0	6282.86	0.0	0.0	0.0	0.0	0.002496	0.0	0.0	0.0	28.6889	0.0	0.0	0.0	0.0	67	0	0	0	82	0	0	0	0	81	0	0	0	24	0	0	0	0	1355	0	0	0	112	0	0	0	0	607	0	0	0	1	0	0	0	0	68	0	0	0	0	0	0	0	0	1590	0	0	0	0	0	0	0	0	0.000425	0.0	0.0	0.0	0.002634	0.0	0.0	0.0	0.0	0.138842	0.0	0.0	0.0	0.861158	0.0	0.0	0.0	0.0	
224	3992	6420.624072234	8504.088	8504.088	0.000419	0.0	3768	0	0	0	220	0	0	0	0	1.0e-6	0.0	0.0	0.0	0.071178	0.0	0.0	0.0	0.0	9.40415	0.0	0.0	0.0	6297.08	0.0	0.0	0.0	0.0	0.002496	0.0	0.0	0.0	28.6231	0.0	0.0	0.0	0.0	67	0	0	0	82	0	0	0	0	81	0	0	0	24	0	0	0	0	1355	0	0	0	113	0	0	0	0	607	0	0	0	1	0	0	0	0	68	0	0	0	0	0	0	0	0	1590	0	0	0	0	0	0	0	0	0.000425	0.0	0.0	0.0	0.002487	0.0	0.0	0.0	0.0	0.145863	0.0	0.0	0.0	0.854137	0.0	0.0	0.0	0.0	
225	3993	6438.373788365	8504.088	8504.088	0.000408	0.0	3768	0	0	0	221	0	0	0	0	1.0e-6	0.0	0.0	0.0	0.067012	0.0	0.0	0.0	0.0	9.40415	0.0	0.0	0.0	6314.83	0.0	0.0	0.0	0.0	0.002496	0.0	0.0	0.0	28.5739	0.0	0.0	0.0	0.0	67	0	0	0	82	0	0	0	0	81	0	0	0	24	0	0	0	0	1355	0	0	0	114	0	0	0	0	607	0	0	0	1	0	0	0	0	68	0	0	0	0	0	0	0	0	1590	0	0	0	0	0	0	0	0	0.000425	0.0	0.0	0.0	0.002345	0.0	0.0	0.0	0.0	0.153317	0.0	0.0	0.0	0.846683	0.0	0.0	0.0	0.0	
226	3994	6456.21977564	8504.088	8504.088	0.000394	0.0	3768	0	0	0	222	0	0	0	0	1.0e-6	0.0	0.0	0.0	0.063054	0.0	0.0	0.0	0.0	9.40415	0.0	0.0	0.0	6332.68	0.0	0.0	0.0	0.0	0.002496	0.0	0.0	0.0	28.5256	0.0	0.0	0.0	0.0	67	0	0	0	82	0	0	0	0	81	0	0	0	24	0	0	0	0	1355	0	0	0	115	0	0	0	0	607	0	0	0	1	0	0	0	0	68	0	0	0	0	0	0	0	0	1590	0	0	0	0	0	0	0	0	0.000425	0.0	0.0	0.0	0.00221	0.0	0.0	0.0	0.0	0.161157	0.0	0.0	0.0	0.838843	0.0	0.0	0.0	0.0	
227	3995	6478.597022573	8504.088	8504.088	0.000381	0.0	3768	0	0	0	223	0	0	0	0	1.0e-6	0.0	0.0	0.0	0.059296	0.0	0.0	0.0	0.0	9.40415	0.0	0.0	0.0	6355.05	0.0	0.0	0.0	0.0	0.002496	0.0	0.0	0.0	28.498	0.0	0.0	0.0	0.0	67	0	0	0	82	0	0	0	0	81	0	0	0	24	0	0	0	0	1355	0	0	0	116	0	0	0	0	607	0	0	0	1	0	0	0	0	68	0	0	0	0	0	0	0	0	1590	0	0	0	0	0	0	0	0	0.000425	0.0	0.0	0.0	0.002081	0.0	0.0	0.0	0.0	0.169503	0.0	0.0	0.0	0.830497	0.0	0.0	0.0	0.0	
228	3996	6495.027129375	8504.088	8504.088	0.000365	0.0	3768	0	0	0	224	0	0	0	0	1.0e-6	0.0	0.0	0.0	0.055726	0.0	0.0	0.0	0.0	9.40415	0.0	0.0	0.0	6371.48	0.0	0.0	0.0	0.0	0.002496	0.0	0.0	0.0	28.4441	0.0	0.0	0.0	0.0	67	0	0	0	82	0	0	0	0	81	0	0	0	24	0	0	0	0	1355	0	0	0	117	0	0	0	0	607	0	0	0	1	0	0	0	0	68	0	0	0	0	0	0	0	0	1590	0	0	0	0	0	0	0	0	0.000425	0.0	0.0	0.0	0.001959	0.0	0.0	0.0	0.0	0.178147	0.0	0.0	0.0	0.821853	0.0	0.0	0.0	0.0	
229	3997	6510.669623964	8504.088	8504.088	0.000353	0.0	3768	0	0	0	225	0	0	0	0	1.0e-6	0.0	0.0	0.0	0.052336	0.0	0.0	0.0	0.0	9.40415	0.0	0.0	0.0	6387.12	0.0	0.0	0.0	0.0	0.002496	0.0	0.0	0.0	28.3872	0.0	0.0	0.0	0.0	67	0	0	0	82	0	0	0	0	81	0	0	0	24	0	0	0	0	1355	0	0	0	118	0	0	0	0	607	0	0	0	1	0	0	0	0	68	0	0	0	0	0	0	0	0	1590	0	0	0	0	0	0	0	0	0.000425	0.0	0.0	0.0	0.001844	0.0	0.0	0.0	0.0	0.187218	0.0	0.0	0.0	0.812782	0.0	0.0	0.0	0.0	
230	3998	6526.917448466	8504.088	8504.088	0.000343	0.0	3768	0	0	0	226	0	0	0	0	1.0e-6	0.0	0.0	0.0	0.049116	0.0	0.0	0.0	0.0	9.40415	0.0	0.0	0.0	6403.37	0.0	0.0	0.0	0.0	0.002496	0.0	0.0	0.0	28.3335	0.0	0.0	0.0	0.0	67	0	0	0	82	0	0	0	0	81	0	0	0	24	0	0	0	0	1355	0	0	0	119	0	0	0	0	607	0	0	0	1	0	0	0	0	68	0	0	0	0	0	0	0	0	1590	0	0	0	0	0	0	0	0	0.000425	0.0	0.0	0.0	0.001734	0.0	0.0	0.0	0.0	0.196772	0.0	0.0	0.0	0.803228	0.0	0.0	0.0	0.0	
231	3999	6540.759681577	8504.088	8504.088	0.000332	0.0	3768	0	0	0	227	0	0	0	0	1.0e-6	0.0	0.0	0.0	0.046059	0.0	0.0	0.0	0.0	9.40415	0.0	0.0	0.0	6417.21	0.0	0.0	0.0	0.0	0.002496	0.0	0.0	0.0	28.2697	0.0	0.0	0.0	0.0	67	0	0	0	82	0	0	0	0	81	0	0	0	24	0	0	0	0	1355	0	0	0	120	0	0	0	0	607	0	0	0	1	0	0	0	0	68	0	0	0	0	0	0	0	0	1590	0	0	0	0	0	0	0	0	0.000425	0.0	0.0	0.0	0.001629	0.0	0.0	0.0	0.0	0.206759	0.0	0.0	0.0	0.793241	0.0	0.0	0.0	0.0	
232	4000	6567.002969831	8504.088	8504.088	0.000324	0.0	3768	0	0	0	228	0	0	0	0	1.0e-6	0.0	0.0	0.0	0.043156	0.0	0.0	0.0	0.0	9.40415	0.0	0.0	0.0	6443.46	0.0	0.0	0.0	0.0	0.002496	0.0	0.0	0.0	28.2608	0.0	0.0	0.0	0.0	67	0	0	0	82	0	0	0	0	81	0	0	0	24	0	0	0	0	1355	0	0	0	121	0	0	0	0	607	0	0	0	1	0	0	0	0	68	0	0	0	0	0	0	0	0	1590	0	0	0	0	0	0	0	0	0.000425	0.0	0.0	0.0	0.001527	0.0	0.0	0.0	0.0	0.217587	0.0	0.0	0.0	0.782413	0.0	0.0	0.0	0.0	
233	4001	6582.707659307	8504.088	8504.088	0.000308	0.0	3768	0	0	0	229	0	0	0	0	1.0e-6	0.0	0.0	0.0	0.040398	0.0	0.0	0.0	0.0	9.40415	0.0	0.0	0.0	6459.16	0.0	0.0	0.0	0.0	0.002496	0.0	0.0	0.0	28.206	0.0	0.0	0.0	0.0	67	0	0	0	82	0	0	0	0	81	0	0	0	24	0	0	0	0	1355	0	0	0	122	0	0	0	0	607	0	0	0	1	0	0	0	0	68	0	0	0	0	0	0	0	0	1590	0	0	0	0	0	0	0	0	0.000425	0.0	0.0	0.0	0.001432	0.0	0.0	0.0	0.0	0.228696	0.0	0.0	0.0	0.771304	0.0	0.0	0.0	0.0	
234	4002	6611.66260939	8504.088	8504.088	0.000298	0.0	3768	0	0	0	230	0	0	0	0	1.0e-6	0.0	0.0	0.0	0.037779	0.0	0.0	0.0	0.0	9.40415	0.0	0.0	0.0	6488.12	0.0	0.0	0.0	0.0	0.002496	0.0	0.0	0.0	28.2092	0.0	0.0	0.0	0.0	67	0	0	0	82	0	0	0	0	81	0	0	0	24	0	0	0	0	1355	0	0	0	123	0	0	0	0	607	0	0	0	1	0	0	0	0	68	0	0	0	0	0	0	0	0	1590	0	0	0	0	0	0	0	0	0.000425	0.0	0.0	0.0	0.001339	0.0	0.0	0.0	0.0	0.240754	0.0	0.0	0.0	0.759246	0.0	0.0	0.0	0.0	
235	4004	6626.363605187	8504.088	8504.088	0.000282	0.0	3769	0	0	0	231	0	0	0	0	1.0e-6	0.0	0.0	0.0	0.035351	0.0	0.0	0.0	0.0	9.40484	0.0	0.0	0.0	6502.82	0.0	0.0	0.0	0.0	0.002495	0.0	0.0	0.0	28.1507	0.0	0.0	0.0	0.0	67	0	0	0	82	0	0	0	0	81	0	0	0	24	0	0	0	0	1355	0	0	0	124	0	0	0	0	608	0	0	0	1	0	0	0	0	68	0	0	0	0	0	0	0	0	1590	0	0	0	0	0	0	0	0	0.000382	0.0	0.0	0.0	0.001256	0.0	0.0	0.0	0.0	0.233373	0.0	0.0	0.0	0.766627	0.0	0.0	0.0	0.0	
236	4006	6648.735802312	8504.088	8504.088	0.000274	0.0	3770	0	0	0	232	0	0	0	0	1.0e-6	0.0	0.0	0.0	0.033099	0.0	0.0	0.0	0.0	9.40539	0.0	0.0	0.0	6525.19	0.0	0.0	0.0	0.0	0.002495	0.0	0.0	0.0	28.1258	0.0	0.0	0.0	0.0	67	0	0	0	82	0	0	0	0	81	0	0	0	24	0	0	0	0	1355	0	0	0	125	0	0	0	0	609	0	0	0	1	0	0	0	0	68	0	0	0	0	0	0	0	0	1590	0	0	0	0	0	0	0	0	0.000344	0.0	0.0	0.0	0.001177	0.0	0.0	0.0	0.0	0.226255	0.0	0.0	0.0	0.773745	0.0	0.0	0.0	0.0	
237	4007	6668.179510215	8504.088	8504.088	0.000263	0.0	3770	0	0	0	233	0	0	0	0	1.0e-6	0.0	0.0	0.0	0.03096	0.0	0.0	0.0	0.0	9.40539	0.0	0.0	0.0	6544.63	0.0	0.0	0.0	0.0	0.002495	0.0	0.0	0.0	28.0886	0.0	0.0	0.0	0.0	67	0	0	0	82	0	0	0	0	81	0	0	0	24	0	0	0	0	1355	0	0	0	126	0	0	0	0	609	0	0	0	1	0	0	0	0	68	0	0	0	0	0	0	0	0	1590	0	0	0	0	0	0	0	0	0.000344	0.0	0.0	0.0	0.001102	0.0	0.0	0.0	0.0	0.237922	0.0	0.0	0.0	0.762078	0.0	0.0	0.0	0.0	
238	4008	6686.27702357	8504.088	8504.088	0.000253	0.0	3770	0	0	0	234	0	0	0	0	1.0e-6	0.0	0.0	0.0	0.028929	0.0	0.0	0.0	0.0	9.40539	0.0	0.0	0.0	6562.73	0.0	0.0	0.0	0.0	0.002495	0.0	0.0	0.0	28.0459	0.0	0.0	0.0	0.0	67	0	0	0	82	0	0	0	0	81	0	0	0	24	0	0	0	0	1355	0	0	0	127	0	0	0	0	609	0	0	0	1	0	0	0	0	68	0	0	0	0	0	0	0	0	1590	0	0	0	0	0	0	0	0	0.000344	0.0	0.0	0.0	0.001031	0.0	0.0	0.0	0.0	0.250159	0.0	0.0	0.0	0.749841	0.0	0.0	0.0	0.0	
239	4009	6700.675264261	8504.088	8504.088	0.000244	0.0	3770	0	0	0	235	0	0	0	0	1.0e-6	0.0	0.0	0.0	0.027	0.0	0.0	0.0	0.0	9.40539	0.0	0.0	0.0	6577.13	0.0	0.0	0.0	0.0	0.002495	0.0	0.0	0.0	27.9878	0.0	0.0	0.0	0.0	67	0	0	0	82	0	0	0	0	81	0	0	0	24	0	0	0	0	1355	0	0	0	128	0	0	0	0	609	0	0	0	1	0	0	0	0	68	0	0	0	0	0	0	0	0	1590	0	0	0	0	0	0	0	0	0.000344	0.0	0.0	0.0	0.000965	0.0	0.0	0.0	0.0	0.262923	0.0	0.0	0.0	0.737077	0.0	0.0	0.0	0.0	
240	4010	6715.912679596	8504.088	8504.088	0.000238	0.0	3770	0	0	0	236	0	0	0	0	1.0e-6	0.0	0.0	0.0	0.025168	0.0	0.0	0.0	0.0	9.40539	0.0	0.0	0.0	6592.37	0.0	0.0	0.0	0.0	0.002495	0.0	0.0	0.0	27.9338	0.0	0.0	0.0	0.0	67	0	0	0	82	0	0	0	0	81	0	0	0	24	0	0	0	0	1355	0	0	0	129	0	0	0	0	609	0	0	0	1	0	0	0	0	68	0	0	0	0	0	0	0	0	1590	0	0	0	0	0	0	0	0	0.000344	0.0	0.0	0.0	0.000901	0.0	0.0	0.0	0.0	0.276375	0.0	0.0	0.0	0.723625	0.0	0.0	0.0	0.0	
241	4012	6729.991427648	8504.088	8504.088	0.000231	0.0	3771	0	0	0	237	0	0	0	0	1.0e-6	0.0	0.0	0.0	0.023477	0.0	0.0	0.0	0.0	9.40582	0.0	0.0	0.0	6606.44	0.0	0.0	0.0	0.0	0.002494	0.0	0.0	0.0	27.8753	0.0	0.0	0.0	0.0	67	0	0	0	82	0	0	0	0	81	0	0	0	24	0	0	0	0	1355	0	0	0	130	0	0	0	0	609	0	0	0	1	0	0	0	0	68	0	0	0	0	0	0	0	0	1591	0	0	0	0	0	0	0	0	0.00031	0.0	0.0	0.0	0.000842	0.0	0.0	0.0	0.0	0.268903	0.0	0.0	0.0	0.731097	0.0	0.0	0.0	0.0	
242	4013	6786.720457143	8504.088	8504.088	0.000224	0.0	3771	0	0	0	238	0	0	0	0	1.0e-6	0.0	0.0	0.0	0.021872	0.0	0.0	0.0	0.0	9.40582	0.0	0.0	0.0	6663.17	0.0	0.0	0.0	0.0	0.002494	0.0	0.0	0.0	27.9965	0.0	0.0	0.0	0.0	67	0	0	0	82	0	0	0	0	81	0	0	0	24	0	0	0	0	1355	0	0	0	131	0	0	0	0	609	0	0	0	1	0	0	0	0	68	0	0	0	0	0	0	0	0	1591	0	0	0	0	0	0	0	0	0.00031	0.0	0.0	0.0	0.000781	0.0	0.0	0.0	0.0	0.283937	0.0	0.0	0.0	0.716063	0.0	0.0	0.0	0.0	
243	4014	6815.201266584	8504.088	8504.088	0.000201	0.0	3771	0	0	0	239	0	0	0	0	1.0e-6	0.0	0.0	0.0	0.020344	0.0	0.0	0.0	0.0	9.40582	0.0	0.0	0.0	6691.65	0.0	0.0	0.0	0.0	0.002494	0.0	0.0	0.0	27.9986	0.0	0.0	0.0	0.0	67	0	0	0	82	0	0	0	0	81	0	0	0	24	0	0	0	0	1355	0	0	0	132	0	0	0	0	609	0	0	0	1	0	0	0	0	68	0	0	0	0	0	0	0	0	1591	0	0	0	0	0	0	0	0	0.00031	0.0	0.0	0.0	0.000727	0.0	0.0	0.0	0.0	0.298896	0.0	0.0	0.0	0.701104	0.0	0.0	0.0	0.0	
244	4016	6841.790289708	8504.088	8504.088	0.00019	0.0	3772	0	0	0	240	0	0	0	0	1.0e-6	0.0	0.0	0.0	0.018937	0.0	0.0	0.0	0.0	9.40625	0.0	0.0	0.0	6718.24	0.0	0.0	0.0	0.0	0.002494	0.0	0.0	0.0	27.9927	0.0	0.0	0.0	0.0	67	0	0	0	82	0	0	0	0	81	0	0	0	24	0	0	0	0	1355	0	0	0	133	0	0	0	0	609	0	0	0	1	0	0	0	0	68	0	0	0	0	0	0	0	0	1592	0	0	0	0	0	0	0	0	0.000279	0.0	0.0	0.0	0.000676	0.0	0.0	0.0	0.0	0.291892	0.0	0.0	0.0	0.708108	0.0	0.0	0.0	0.0	
245	4017	6860.97975391	8504.088	8504.088	0.000181	0.0	3772	0	0	0	241	0	0	0	0	1.0e-6	0.0	0.0	0.0	0.0176	0.0	0.0	0.0	0.0	9.40625	0.0	0.0	0.0	6737.43	0.0	0.0	0.0	0.0	0.002494	0.0	0.0	0.0	27.9562	0.0	0.0	0.0	0.0	67	0	0	0	82	0	0	0	0	81	0	0	0	24	0	0	0	0	1355	0	0	0	134	0	0	0	0	609	0	0	0	1	0	0	0	0	68	0	0	0	0	0	0	0	0	1592	0	0	0	0	0	0	0	0	0.000279	0.0	0.0	0.0	0.00063	0.0	0.0	0.0	0.0	0.306977	0.0	0.0	0.0	0.693023	0.0	0.0	0.0	0.0	
246	4018	6884.030699153	8504.088	8504.088	0.000174	0.0	3772	0	0	0	242	0	0	0	0	1.0e-6	0.0	0.0	0.0	0.01633	0.0	0.0	0.0	0.0	9.40625	0.0	0.0	0.0	6760.48	0.0	0.0	0.0	0.0	0.002494	0.0	0.0	0.0	27.9359	0.0	0.0	0.0	0.0	67	0	0	0	82	0	0	0	0	81	0	0	0	24	0	0	0	0	1355	0	0	0	135	0	0	0	0	609	0	0	0	1	0	0	0	0	68	0	0	0	0	0	0	0	0	1592	0	0	0	0	0	0	0	0	0.000279	0.0	0.0	0.0	0.000585	0.0	0.0	0.0	0.0	0.322975	0.0	0.0	0.0	0.677025	0.0	0.0	0.0	0.0	
247	4020	6911.53602791	8504.088	8504.088	0.000167	0.0	3773	0	0	0	243	0	0	0	0	1.0e-6	0.0	0.0	0.0	0.015163	0.0	0.0	0.0	0.0	9.40701	0.0	0.0	0.0	6787.99	0.0	0.0	0.0	0.0	0.002493	0.0	0.0	0.0	27.9341	0.0	0.0	0.0	0.0	67	0	0	0	82	0	0	0	0	81	0	0	0	24	0	0	0	0	1355	0	0	0	136	0	0	0	0	610	0	0	0	1	0	0	0	0	68	0	0	0	0	0	0	0	0	1592	0	0	0	0	0	0	0	0	0.000251	0.0	0.0	0.0	0.000543	0.0	0.0	0.0	0.0	0.316216	0.0	0.0	0.0	0.683784	0.0	0.0	0.0	0.0	
248	4021	6938.078424319	8504.088	8504.088	0.000158	0.0	3773	0	0	0	244	0	0	0	0	1.0e-6	0.0	0.0	0.0	0.014054	0.0	0.0	0.0	0.0	9.40701	0.0	0.0	0.0	6814.53	0.0	0.0	0.0	0.0	0.002493	0.0	0.0	0.0	27.9284	0.0	0.0	0.0	0.0	67	0	0	0	82	0	0	0	0	81	0	0	0	24	0	0	0	0	1355	0	0	0	137	0	0	0	0	610	0	0	0	1	0	0	0	0	68	0	0	0	0	0	0	0	0	1592	0	0	0	0	0	0	0	0	0.000251	0.0	0.0	0.0	0.000503	0.0	0.0	0.0	0.0	0.332813	0.0	0.0	0.0	0.667187	0.0	0.0	0.0	0.0	
249	4022	6962.96585258	8504.088	8504.088	0.00015	0.0	3773	0	0	0	245	0	0	0	0	1.0e-6	0.0	0.0	0.0	0.013001	0.0	0.0	0.0	0.0	9.40701	0.0	0.0	0.0	6839.42	0.0	0.0	0.0	0.0	0.002493	0.0	0.0	0.0	27.916	0.0	0.0	0.0	0.0	67	0	0	0	82	0	0	0	0	81	0	0	0	24	0	0	0	0	1355	0	0	0	138	0	0	0	0	610	0	0	0	1	0	0	0	0	68	0	0	0	0	0	0	0	0	1592	0	0	0	0	0	0	0	0	0.000251	0.0	0.0	0.0	0.000466	0.0	0.0	0.0	0.0	0.350229	0.0	0.0	0.0	0.649771	0.0	0.0	0.0	0.0	
250	4023	6987.453189523	8504.088	8504.088	0.000143	0.0	3773	0	0	0	246	0	0	0	0	1.0e-6	0.0	0.0	0.0	0.012	0.0	0.0	0.0	0.0	9.40701	0.0	0.0	0.0	6863.91	0.0	0.0	0.0	0.0	0.002493	0.0	0.0	0.0	27.9021	0.0	0.0	0.0	0.0	67	0	0	0	82	0	0	0	0	81	0	0	0	24	0	0	0	0	1355	0	0	0	139	0	0	0	0	610	0	0	0	1	0	0	0	0	68	0	0	0	0	0	0	0	0	1592	0	0	0	0	0	0	0	0	0.000251	0.0	0.0	0.0	0.00043	0.0	0.0	0.0	0.0	0.368545	0.0	0.0	0.0	0.631455	0.0	0.0	0.0	0.0	
251	4026	7001.190055661	8504.088	8504.088	0.000136	0.0	3775	0	0	0	247	0	0	0	0	1.0e-6	0.0	0.0	0.0	0.011117	0.0	0.0	0.0	0.0	9.40835	0.0	0.0	0.0	6877.64	0.0	0.0	0.0	0.0	0.002492	0.0	0.0	0.0	27.8447	0.0	0.0	0.0	0.0	67	0	0	0	82	0	0	0	0	81	0	0	0	24	0	0	0	0	1355	0	0	0	140	0	0	0	0	610	0	0	0	1	0	0	0	0	69	0	0	0	0	0	0	0	0	1593	0	0	0	0	0	0	0	0	0.000203	0.0	0.0	0.0	0.000399	0.0	0.0	0.0	0.0	0.337523	0.0	0.0	0.0	0.662477	0.0	0.0	0.0	0.0	
252	4029	7022.460232776	8502.588	8502.588	0.000133	0.0	3777	0	0	0	248	0	0	0	0	0.0	0.0	0.0	0.0	0.081018	0.0	0.0	0.0	0.0	9.40991	0.0	0.0	0.0	6898.91	0.0	0.0	0.0	0.0	0.002491	0.0	0.0	0.0	27.8182	0.0	0.0	0.0	0.0	67	0	0	0	83	0	0	0	0	81	0	0	0	24	0	0	0	0	1356	0	0	0	140	0	0	0	0	611	0	0	0	1	0	0	0	0	69	0	0	0	0	0	0	0	0	1593	0	0	0	0	0	0	0	0	0.000165	0.0	0.0	0.0	0.002912	0.0	0.0	0.0	0.0	0.053672	0.0	0.0	0.0	0.946328	0.0	0.0	0.0	0.0	
253	4030	7203.191787374	8502.588	8502.588	0.000128	0.0	3777	0	0	0	249	0	0	0	0	0.0	0.0	0.0	0.0	0.076737	0.0	0.0	0.0	0.0	9.40991	0.0	0.0	0.0	7079.64	0.0	0.0	0.0	0.0	0.002491	0.0	0.0	0.0	28.4323	0.0	0.0	0.0	0.0	67	0	0	0	83	0	0	0	0	81	0	0	0	24	0	0	0	0	1356	0	0	0	141	0	0	0	0	611	0	0	0	1	0	0	0	0	69	0	0	0	0	0	0	0	0	1593	0	0	0	0	0	0	0	0	0.000165	0.0	0.0	0.0	0.002699	0.0	0.0	0.0	0.0	0.057672	0.0	0.0	0.0	0.942328	0.0	0.0	0.0	0.0	
254	4030	7203.191814752	8502.588	8502.588	9.0e-5	0.0	3777	0	0	0	249	0	0	0	0	0.0	0.0	0.0	0.0	0.076737	0.0	0.0	0.0	0.0	9.40991	0.0	0.0	0.0	7079.64	0.0	0.0	0.0	0.0	0.002491	0.0	0.0	0.0	28.4323	0.0	0.0	0.0	0.0	67	0	0	0	83	0	0	0	0	81	0	0	0	24	0	0	0	0	1356	0	0	0	141	0	0	0	0	611	0	0	0	1	0	0	0	0	69	0	0	0	0	0	0	0	0	1593	0	0	0	0	0	0	0	0	0.000165	0.0	0.0	0.0	0.002699	0.0	0.0	0.0	0.0	0.057672	0.0	0.0	0.0	0.942328	0.0	0.0	0.0	0.0	
