indexLine	algoIter	time	best obj	current obj	T	probdelta1	nb uses 1	nb uses 2	nb uses 3	nb uses 4	nb uses 5	nb uses 6	nb uses 7	nb uses 8	nb uses 9	score 1	score 2	score 3	score 4	score 5	score 6	score 7	score 8	score 9	duration 1	duration 2	duration 3	duration 4	duration 5	duration 6	duration 7	duration 8	duration 9	avgDuration 1	avgDuration 2	avgDuration 3	avgDuration 4	avgDuration 5	avgDuration 6	avgDuration 7	avgDuration 8	avgDuration 9	sigmas1 1	sigmas1 2	sigmas1 3	sigmas1 4	sigmas1 5	sigmas1 6	sigmas1 7	sigmas1 8	sigmas1 9	sigmas2 1	sigmas2 2	sigmas2 3	sigmas2 4	sigmas2 5	sigmas2 6	sigmas2 7	sigmas2 8	sigmas2 9	sigmas3 1	sigmas3 2	sigmas3 3	sigmas3 4	sigmas3 5	sigmas3 6	sigmas3 7	sigmas3 8	sigmas3 9	sigmas4 1	sigmas4 2	sigmas4 3	sigmas4 4	sigmas4 5	sigmas4 6	sigmas4 7	sigmas4 8	sigmas4 9	sigmas5 1	sigmas5 2	sigmas5 3	sigmas5 4	sigmas5 5	sigmas5 6	sigmas5 7	sigmas5 8	sigmas5 9	sigmas6 1	sigmas6 2	sigmas6 3	sigmas6 4	sigmas6 5	sigmas6 6	sigmas6 7	sigmas6 8	sigmas6 9	weight 1	weight 2	weight 3	weight 4	weight 5	weight 6	weight 7	weight 8	weight 9	proba 1	proba 2	proba 3	proba 4	proba 5	proba 6	proba 7	proba 8	proba 9	
1	2	18.963843821	7163.361	7163.361	100.0	0.99005	0	0	0	0	0	0	0	0	0	0.0	0.0	0.0	0.0	0.0	0.0	0.0	0.0	0.0	0.0	0.0	0.0	0.0	0.0	0.0	0.0	0.0	0.0	0.0	0.0	0.0	0.0	0.0	0.0	0.0	0.0	0.0	0	0	0	0	0	0	0	0	0	0	0	0	0	0	0	0	0	0	0	0	0	0	0	0	0	0	0	0	0	0	0	0	0	0	0	0	0	0	0	0	0	0	0	0	0	0	0	0	0	0	0	0	0	0	0.0	0.0	0.0	0.0	0.0	0.0	0.0	0.0	0.0	0.0	0.0	0.0	0.0	0.0	0.0	0.0	0.0	0.0	
2	4	46.395981877	6643.0	6643.0	100.0	0.99005	0	0	0	0	0	0	0	0	0	1.0	0.0	0.0	0.0	1.0	0.0	0.0	0.0	0.0	0.0	0.0	0.0	0.0	0.0	0.0	0.0	0.0	0.0	0.000505	0.0	0.0	0.0	27.4316	0.0	0.0	0.0	0.0	0	0	0	0	0	0	0	0	0	0	0	0	0	0	0	0	0	0	0	0	0	0	0	0	0	0	0	0	0	0	0	0	0	0	0	0	0	0	0	0	0	0	0	0	0	0	0	0	0	0	0	0	0	0	1979.42	0.0	0.0	0.0	0.036454	0.0	0.0	0.0	0.0	0.0	0.0	0.0	0.0	0.0	0.0	0.0	0.0	0.0	
3	158	67.85298505	6625.44	6999.556	91.3085	0.989108	153	0	0	0	1	0	0	0	0	0.000595	0.0	0.0	0.0	0.9005	0.0	0.0	0.0	0.0	0.851636	0.0	0.0	0.0	20.6053	0.0	0.0	0.0	0.0	0.005566	0.0	0.0	0.0	20.6053	0.0	0.0	0.0	0.0	3	0	0	0	0	0	0	0	0	7	0	0	0	1	0	0	0	0	96	0	0	0	0	0	0	0	0	8	0	0	0	0	0	0	0	0	2	0	0	0	0	0	0	0	0	37	0	0	0	0	0	0	0	0	0.106871	0.0	0.0	0.0	0.043702	0.0	0.0	0.0	0.0	0.70976	0.0	0.0	0.0	0.29024	0.0	0.0	0.0	0.0	
4	175	85.853678402	6011.056	6011.056	87.7578	0.98867	169	0	0	0	2	0	0	0	0	0.00114	0.0	0.0	0.0	0.91045	0.0	0.0	0.0	0.0	0.856141	0.0	0.0	0.0	38.6014	0.0	0.0	0.0	0.0	0.005066	0.0	0.0	0.0	19.3007	0.0	0.0	0.0	0.0	3	0	0	0	1	0	0	0	0	12	0	0	0	1	0	0	0	0	104	0	0	0	0	0	0	0	0	8	0	0	0	0	0	0	0	0	2	0	0	0	0	0	0	0	0	40	0	0	0	0	0	0	0	0	0.224945	0.0	0.0	0.0	0.047172	0.0	0.0	0.0	0.0	0.826648	0.0	0.0	0.0	0.173352	0.0	0.0	0.0	0.0	
5	274	88.54858005	6008.503777777777	6355.306	84.7659	0.988272	267	0	0	0	3	0	0	0	0	0.001367	0.0	0.0	0.0	0.819405	0.0	0.0	0.0	0.0	0.884877	0.0	0.0	0.0	41.2675	0.0	0.0	0.0	0.0	0.003314	0.0	0.0	0.0	13.7558	0.0	0.0	0.0	0.0	6	0	0	0	1	0	0	0	0	16	0	0	0	1	0	0	0	0	167	0	0	0	1	0	0	0	0	18	0	0	0	0	0	0	0	0	4	0	0	0	0	0	0	0	0	56	0	0	0	0	0	0	0	0	0.412361	0.0	0.0	0.0	0.059568	0.0	0.0	0.0	0.0	0.873778	0.0	0.0	0.0	0.126222	0.0	0.0	0.0	0.0	
6	275	97.122150655	6008.503777777777	6288.583	84.3321	0.988212	267	0	0	0	4	0	0	0	0	0.001367	0.0	0.0	0.0	0.737965	0.0	0.0	0.0	0.0	0.884877	0.0	0.0	0.0	49.8411	0.0	0.0	0.0	0.0	0.003314	0.0	0.0	0.0	12.4603	0.0	0.0	0.0	0.0	6	0	0	0	1	0	0	0	0	16	0	0	0	2	0	0	0	0	167	0	0	0	1	0	0	0	0	18	0	0	0	0	0	0	0	0	4	0	0	0	0	0	0	0	0	56	0	0	0	0	0	0	0	0	0.412361	0.0	0.0	0.0	0.059225	0.0	0.0	0.0	0.0	0.874412	0.0	0.0	0.0	0.125588	0.0	0.0	0.0	0.0	
7	285	99.847353511	6008.503777777777	6288.083	82.9516	0.988017	276	0	0	0	5	0	0	0	0	0.001444	0.0	0.0	0.0	0.664168	0.0	0.0	0.0	0.0	0.887483	0.0	0.0	0.0	52.5636	0.0	0.0	0.0	0.0	0.003216	0.0	0.0	0.0	10.5127	0.0	0.0	0.0	0.0	6	0	0	0	1	0	0	0	0	19	0	0	0	2	0	0	0	0	169	0	0	0	2	0	0	0	0	18	0	0	0	0	0	0	0	0	4	0	0	0	0	0	0	0	0	60	0	0	0	0	0	0	0	0	0.448949	0.0	0.0	0.0	0.063178	0.0	0.0	0.0	0.0	0.876637	0.0	0.0	0.0	0.123363	0.0	0.0	0.0	0.0	
8	302	112.834839538	6008.503777777777	6260.75	82.5173	0.987954	292	0	0	0	6	0	0	0	0	0.00161	0.0	0.0	0.0	0.598251	0.0	0.0	0.0	0.0	0.892681	0.0	0.0	0.0	65.5459	0.0	0.0	0.0	0.0	0.003057	0.0	0.0	0.0	10.9243	0.0	0.0	0.0	0.0	6	0	0	0	1	0	0	0	0	24	0	0	0	3	0	0	0	0	176	0	0	0	2	0	0	0	0	20	0	0	0	0	0	0	0	0	4	0	0	0	0	0	0	0	0	62	0	0	0	0	0	0	0	0	0.526669	0.0	0.0	0.0	0.054763	0.0	0.0	0.0	0.0	0.905813	0.0	0.0	0.0	0.094187	0.0	0.0	0.0	0.0	
9	304	115.200897302	6008.503777777777	6260.75	80.4812	0.987652	293	0	0	0	7	0	0	0	0	0.001521	0.0	0.0	0.0	0.538426	0.0	0.0	0.0	0.0	0.893198	0.0	0.0	0.0	67.9114	0.0	0.0	0.0	0.0	0.003048	0.0	0.0	0.0	9.70163	0.0	0.0	0.0	0.0	6	0	0	0	1	0	0	0	0	24	0	0	0	3	0	0	0	0	176	0	0	0	3	0	0	0	0	20	0	0	0	0	0	0	0	0	5	0	0	0	0	0	0	0	0	62	0	0	0	0	0	0	0	0	0.499013	0.0	0.0	0.0	0.055498	0.0	0.0	0.0	0.0	0.899914	0.0	0.0	0.0	0.100086	0.0	0.0	0.0	0.0	
10	305	133.794410679	6008.503777777777	6112.278	80.1156	0.987596	293	0	0	0	8	0	0	0	0	0.001521	0.0	0.0	0.0	0.485084	0.0	0.0	0.0	0.0	0.893198	0.0	0.0	0.0	86.5049	0.0	0.0	0.0	0.0	0.003048	0.0	0.0	0.0	10.8131	0.0	0.0	0.0	0.0	6	0	0	0	1	0	0	0	0	24	0	0	0	4	0	0	0	0	176	0	0	0	3	0	0	0	0	20	0	0	0	0	0	0	0	0	5	0	0	0	0	0	0	0	0	62	0	0	0	0	0	0	0	0	0.499013	0.0	0.0	0.0	0.044861	0.0	0.0	0.0	0.0	0.917516	0.0	0.0	0.0	0.082484	0.0	0.0	0.0	0.0	
11	310	157.118908438	5972.056	5972.056	77.2994	0.987147	297	0	0	0	9	0	0	0	0	0.001447	0.0	0.0	0.0	0.536575	0.0	0.0	0.0	0.0	0.894379	0.0	0.0	0.0	109.828	0.0	0.0	0.0	0.0	0.003011	0.0	0.0	0.0	12.2031	0.0	0.0	0.0	0.0	6	0	0	0	2	0	0	0	0	25	0	0	0	4	0	0	0	0	176	0	0	0	3	0	0	0	0	21	0	0	0	0	0	0	0	0	5	0	0	0	0	0	0	0	0	64	0	0	0	0	0	0	0	0	0.480645	0.0	0.0	0.0	0.04397	0.0	0.0	0.0	0.0	0.916186	0.0	0.0	0.0	0.083814	0.0	0.0	0.0	0.0	
12	354	166.357395663	5967.538222222222	6088.111	73.9046	0.98656	340	0	0	0	10	0	0	0	0	0.014859	0.0	0.0	0.0	0.483418	0.0	0.0	0.0	0.0	0.908232	0.0	0.0	0.0	119.053	0.0	0.0	0.0	0.0	0.002671	0.0	0.0	0.0	11.9053	0.0	0.0	0.0	0.0	8	0	0	0	2	0	0	0	0	28	0	0	0	5	0	0	0	0	199	0	0	0	3	0	0	0	0	23	0	0	0	0	0	0	0	0	5	0	0	0	0	0	0	0	0	77	0	0	0	0	0	0	0	0	5.56262	0.0	0.0	0.0	0.040605	0.0	0.0	0.0	0.0	0.992753	0.0	0.0	0.0	0.007247	0.0	0.0	0.0	0.0	
13	401	169.234114997	5967.538222222222	6299.806	72.6019	0.986321	386	0	0	0	11	0	0	0	0	0.001473	0.0	0.0	0.0	0.435076	0.0	0.0	0.0	0.0	0.924519	0.0	0.0	0.0	121.913	0.0	0.0	0.0	0.0	0.002395	0.0	0.0	0.0	11.083	0.0	0.0	0.0	0.0	8	0	0	0	2	0	0	0	0	32	0	0	0	5	0	0	0	0	226	0	0	0	4	0	0	0	0	25	0	0	0	0	0	0	0	0	6	0	0	0	0	0	0	0	0	89	0	0	0	0	0	0	0	0	0.615164	0.0	0.0	0.0	0.039256	0.0	0.0	0.0	0.0	0.940014	0.0	0.0	0.0	0.059986	0.0	0.0	0.0	0.0	
14	411	176.788356446	5967.538222222222	6254.333	72.2029	0.986246	395	0	0	0	12	0	0	0	0	0.001505	0.0	0.0	0.0	0.392068	0.0	0.0	0.0	0.0	0.927561	0.0	0.0	0.0	129.464	0.0	0.0	0.0	0.0	0.002348	0.0	0.0	0.0	10.7887	0.0	0.0	0.0	0.0	8	0	0	0	2	0	0	0	0	35	0	0	0	6	0	0	0	0	229	0	0	0	4	0	0	0	0	25	0	0	0	0	0	0	0	0	7	0	0	0	0	0	0	0	0	91	0	0	0	0	0	0	0	0	0.640894	0.0	0.0	0.0	0.036341	0.0	0.0	0.0	0.0	0.94634	0.0	0.0	0.0	0.05366	0.0	0.0	0.0	0.0	
15	418	227.430012715	5967.538222222222	6094.639	71.1609	0.986046	401	0	0	0	13	0	0	0	0	0.001502	0.0	0.0	0.0	0.353361	0.0	0.0	0.0	0.0	0.930013	0.0	0.0	0.0	180.104	0.0	0.0	0.0	0.0	0.002319	0.0	0.0	0.0	13.8541	0.0	0.0	0.0	0.0	8	0	0	0	2	0	0	0	0	37	0	0	0	7	0	0	0	0	232	0	0	0	4	0	0	0	0	25	0	0	0	0	0	0	0	0	7	0	0	0	0	0	0	0	0	92	0	0	0	0	0	0	0	0	0.64768	0.0	0.0	0.0	0.025506	0.0	0.0	0.0	0.0	0.962112	0.0	0.0	0.0	0.037888	0.0	0.0	0.0	0.0	
16	421	230.21362618	5967.538222222222	6103.139	64.5531	0.984628	403	0	0	0	14	0	0	0	0	0.00135	0.0	0.0	0.0	0.318025	0.0	0.0	0.0	0.0	0.931064	0.0	0.0	0.0	182.886	0.0	0.0	0.0	0.0	0.00231	0.0	0.0	0.0	13.0633	0.0	0.0	0.0	0.0	8	0	0	0	2	0	0	0	0	37	0	0	0	7	0	0	0	0	234	0	0	0	5	0	0	0	0	25	0	0	0	0	0	0	0	0	7	0	0	0	0	0	0	0	0	92	0	0	0	0	0	0	0	0	0.584289	0.0	0.0	0.0	0.024345	0.0	0.0	0.0	0.0	0.960001	0.0	0.0	0.0	0.039999	0.0	0.0	0.0	0.0	
17	447	233.00513158	5967.538222222222	6085.167	64.2073	0.984546	428	0	0	0	15	0	0	0	0	0.001167	0.0	0.0	0.0	0.286223	0.0	0.0	0.0	0.0	0.939466	0.0	0.0	0.0	185.669	0.0	0.0	0.0	0.0	0.002195	0.0	0.0	0.0	12.3779	0.0	0.0	0.0	0.0	8	0	0	0	2	0	0	0	0	42	0	0	0	7	0	0	0	0	244	0	0	0	6	0	0	0	0	28	0	0	0	0	0	0	0	0	8	0	0	0	0	0	0	0	0	98	0	0	0	0	0	0	0	0	0.531799	0.0	0.0	0.0	0.023124	0.0	0.0	0.0	0.0	0.95833	0.0	0.0	0.0	0.04167	0.0	0.0	0.0	0.0	
18	450	240.171801875	5942.639	5942.639	63.8643	0.984464	430	0	0	0	16	0	0	0	0	0.001049	0.0	0.0	0.0	0.357601	0.0	0.0	0.0	0.0	0.940094	0.0	0.0	0.0	192.835	0.0	0.0	0.0	0.0	0.002186	0.0	0.0	0.0	12.0522	0.0	0.0	0.0	0.0	8	0	0	0	3	0	0	0	0	42	0	0	0	7	0	0	0	0	245	0	0	0	6	0	0	0	0	28	0	0	0	0	0	0	0	0	8	0	0	0	0	0	0	0	0	99	0	0	0	0	0	0	0	0	0.479608	0.0	0.0	0.0	0.029671	0.0	0.0	0.0	0.0	0.941739	0.0	0.0	0.0	0.058261	0.0	0.0	0.0	0.0	
19	459	243.71736337	5942.639	5974.528	62.9894	0.98425	438	0	0	0	17	0	0	0	0	0.000674	0.0	0.0	0.0	0.32234	0.0	0.0	0.0	0.0	0.941994	0.0	0.0	0.0	196.379	0.0	0.0	0.0	0.0	0.002151	0.0	0.0	0.0	11.5517	0.0	0.0	0.0	0.0	8	0	0	0	3	0	0	0	0	42	0	0	0	8	0	0	0	0	248	0	0	0	6	0	0	0	0	28	0	0	0	0	0	0	0	0	8	0	0	0	0	0	0	0	0	104	0	0	0	0	0	0	0	0	0.313375	0.0	0.0	0.0	0.027904	0.0	0.0	0.0	0.0	0.918236	0.0	0.0	0.0	0.081764	0.0	0.0	0.0	0.0	
20	466	246.410702752	5942.639	5973.528	62.5611	0.984143	444	0	0	0	18	0	0	0	0	0.00097	0.0	0.0	0.0	0.290606	0.0	0.0	0.0	0.0	0.943819	0.0	0.0	0.0	199.07	0.0	0.0	0.0	0.0	0.002126	0.0	0.0	0.0	11.0595	0.0	0.0	0.0	0.0	8	0	0	0	3	0	0	0	0	44	0	0	0	9	0	0	0	0	249	0	0	0	6	0	0	0	0	28	0	0	0	0	0	0	0	0	8	0	0	0	0	0	0	0	0	107	0	0	0	0	0	0	0	0	0.456517	0.0	0.0	0.0	0.026277	0.0	0.0	0.0	0.0	0.945574	0.0	0.0	0.0	0.054426	0.0	0.0	0.0	0.0	
21	494	267.148384135	5909.083	5909.083	62.2369	0.984061	471	0	0	0	19	0	0	0	0	0.000535	0.0	0.0	0.0	0.361546	0.0	0.0	0.0	0.0	0.95151	0.0	0.0	0.0	219.8	0.0	0.0	0.0	0.0	0.00202	0.0	0.0	0.0	11.5684	0.0	0.0	0.0	0.0	8	0	0	0	4	0	0	0	0	48	0	0	0	9	0	0	0	0	258	0	0	0	6	0	0	0	0	28	0	0	0	0	0	0	0	0	8	0	0	0	0	0	0	0	0	121	0	0	0	0	0	0	0	0	0.264661	0.0	0.0	0.0	0.031253	0.0	0.0	0.0	0.0	0.894385	0.0	0.0	0.0	0.105615	0.0	0.0	0.0	0.0	
22	509	277.508195658	5909.083	5912.583	59.8024	0.983417	485	0	0	0	20	0	0	0	0	0.000229	0.0	0.0	0.0	0.325891	0.0	0.0	0.0	0.0	0.955594	0.0	0.0	0.0	230.156	0.0	0.0	0.0	0.0	0.00197	0.0	0.0	0.0	11.5078	0.0	0.0	0.0	0.0	8	0	0	0	4	0	0	0	0	48	0	0	0	10	0	0	0	0	263	0	0	0	6	0	0	0	0	29	0	0	0	0	0	0	0	0	8	0	0	0	0	0	0	0	0	129	0	0	0	0	0	0	0	0	0.116137	0.0	0.0	0.0	0.028319	0.0	0.0	0.0	0.0	0.80396	0.0	0.0	0.0	0.19604	0.0	0.0	0.0	0.0	
23	512	290.927175809	5909.083	5910.583	58.6223	0.983086	487	0	0	0	21	0	0	0	0	0.000201	0.0	0.0	0.0	0.293802	0.0	0.0	0.0	0.0	0.956439	0.0	0.0	0.0	243.574	0.0	0.0	0.0	0.0	0.001964	0.0	0.0	0.0	11.5988	0.0	0.0	0.0	0.0	8	0	0	0	4	0	0	0	0	48	0	0	0	11	0	0	0	0	263	0	0	0	6	0	0	0	0	30	0	0	0	0	0	0	0	0	8	0	0	0	0	0	0	0	0	130	0	0	0	0	0	0	0	0	0.102384	0.0	0.0	0.0	0.02533	0.0	0.0	0.0	0.0	0.801664	0.0	0.0	0.0	0.198336	0.0	0.0	0.0	0.0	
24	536	293.676328026	5909.083	5922.083	57.1272	0.982648	510	0	0	0	22	0	0	0	0	0.00029	0.0	0.0	0.0	0.264422	0.0	0.0	0.0	0.0	0.962592	0.0	0.0	0.0	246.317	0.0	0.0	0.0	0.0	0.001887	0.0	0.0	0.0	11.1962	0.0	0.0	0.0	0.0	8	0	0	0	4	0	0	0	0	50	0	0	0	11	0	0	0	0	267	0	0	0	7	0	0	0	0	30	0	0	0	0	0	0	0	0	8	0	0	0	0	0	0	0	0	147	0	0	0	0	0	0	0	0	0.153388	0.0	0.0	0.0	0.023617	0.0	0.0	0.0	0.0	0.866574	0.0	0.0	0.0	0.133426	0.0	0.0	0.0	0.0	
25	552	316.353762576	5753.833	5753.833	56.826	0.982556	525	0	0	0	23	0	0	0	0	0.000251	0.0	0.0	0.0	0.33798	0.0	0.0	0.0	0.0	0.966874	0.0	0.0	0.0	268.99	0.0	0.0	0.0	0.0	0.001842	0.0	0.0	0.0	11.6952	0.0	0.0	0.0	0.0	8	0	0	0	5	0	0	0	0	51	0	0	0	11	0	0	0	0	270	0	0	0	7	0	0	0	0	31	0	0	0	0	0	0	0	0	8	0	0	0	0	0	0	0	0	157	0	0	0	0	0	0	0	0	0.136399	0.0	0.0	0.0	0.028899	0.0	0.0	0.0	0.0	0.82517	0.0	0.0	0.0	0.17483	0.0	0.0	0.0	0.0	
26	663	342.413788971	5746.0285555555565	5770.583	54.3964	0.981784	635	0	0	0	24	0	0	0	0	0.002442	0.0	0.0	0.0	0.304682	0.0	0.0	0.0	0.0	0.999268	0.0	0.0	0.0	295.018	0.0	0.0	0.0	0.0	0.001574	0.0	0.0	0.0	12.2924	0.0	0.0	0.0	0.0	10	0	0	0	5	0	0	0	0	52	0	0	0	12	0	0	0	0	308	0	0	0	7	0	0	0	0	38	0	0	0	0	0	0	0	0	13	0	0	0	0	0	0	0	0	214	0	0	0	0	0	0	0	0	1.55192	0.0	0.0	0.0	0.024786	0.0	0.0	0.0	0.0	0.98428	0.0	0.0	0.0	0.01572	0.0	0.0	0.0	0.0	
27	681	354.066133087	5657.972	5657.972	51.7383	0.980858	652	0	0	0	25	0	0	0	0	0.000999	0.0	0.0	0.0	0.374214	0.0	0.0	0.0	0.0	1.00482	0.0	0.0	0.0	306.664	0.0	0.0	0.0	0.0	0.001541	0.0	0.0	0.0	12.2666	0.0	0.0	0.0	0.0	10	0	0	0	6	0	0	0	0	52	0	0	0	12	0	0	0	0	313	0	0	0	7	0	0	0	0	40	0	0	0	0	0	0	0	0	13	0	0	0	0	0	0	0	0	224	0	0	0	0	0	0	0	0	0.64802	0.0	0.0	0.0	0.030507	0.0	0.0	0.0	0.0	0.95504	0.0	0.0	0.0	0.04496	0.0	0.0	0.0	0.0	
28	704	360.925987603	5598.611	5598.611	50.5909	0.980428	674	0	0	0	26	0	0	0	0	0.000445	0.0	0.0	0.0	0.436792	0.0	0.0	0.0	0.0	1.0114	0.0	0.0	0.0	313.518	0.0	0.0	0.0	0.0	0.001501	0.0	0.0	0.0	12.0584	0.0	0.0	0.0	0.0	10	0	0	0	7	0	0	0	0	53	0	0	0	12	0	0	0	0	320	0	0	0	7	0	0	0	0	41	0	0	0	0	0	0	0	0	13	0	0	0	0	0	0	0	0	237	0	0	0	0	0	0	0	0	0.296808	0.0	0.0	0.0	0.036223	0.0	0.0	0.0	0.0	0.891232	0.0	0.0	0.0	0.108768	0.0	0.0	0.0	0.0	
29	709	363.699977809	5598.611	5598.611	49.928	0.98017	678	0	0	0	27	0	0	0	0	0.000353	0.0	0.0	0.0	0.393113	0.0	0.0	0.0	0.0	1.01263	0.0	0.0	0.0	316.29	0.0	0.0	0.0	0.0	0.001494	0.0	0.0	0.0	11.7145	0.0	0.0	0.0	0.0	10	0	0	0	7	0	0	0	0	53	0	0	0	12	0	0	0	0	320	0	0	0	8	0	0	0	0	42	0	0	0	0	0	0	0	0	13	0	0	0	0	0	0	0	0	240	0	0	0	0	0	0	0	0	0.236156	0.0	0.0	0.0	0.033558	0.0	0.0	0.0	0.0	0.87558	0.0	0.0	0.0	0.12442	0.0	0.0	0.0	0.0	
30	711	383.385678486	5542.806	5542.806	49.6622	0.980065	679	0	0	0	28	0	0	0	0	0.000333	0.0	0.0	0.0	0.453802	0.0	0.0	0.0	0.0	1.01312	0.0	0.0	0.0	335.976	0.0	0.0	0.0	0.0	0.001492	0.0	0.0	0.0	11.9991	0.0	0.0	0.0	0.0	10	0	0	0	8	0	0	0	0	53	0	0	0	12	0	0	0	0	320	0	0	0	8	0	0	0	0	43	0	0	0	0	0	0	0	0	13	0	0	0	0	0	0	0	0	240	0	0	0	0	0	0	0	0	0.222891	0.0	0.0	0.0	0.03782	0.0	0.0	0.0	0.0	0.854937	0.0	0.0	0.0	0.145063	0.0	0.0	0.0	0.0	
31	729	386.003643961	5542.806	5585.028	47.8156	0.979303	696	0	0	0	29	0	0	0	0	0.000107	0.0	0.0	0.0	0.408422	0.0	0.0	0.0	0.0	1.01807	0.0	0.0	0.0	338.589	0.0	0.0	0.0	0.0	0.001463	0.0	0.0	0.0	11.6755	0.0	0.0	0.0	0.0	10	0	0	0	8	0	0	0	0	53	0	0	0	12	0	0	0	0	323	0	0	0	9	0	0	0	0	45	0	0	0	0	0	0	0	0	13	0	0	0	0	0	0	0	0	252	0	0	0	0	0	0	0	0	0.072857	0.0	0.0	0.0	0.034981	0.0	0.0	0.0	0.0	0.675615	0.0	0.0	0.0	0.324385	0.0	0.0	0.0	0.0	
32	733	388.371219781	5542.806	5585.028	47.5757	0.9792	699	0	0	0	30	0	0	0	0	8.4e-5	0.0	0.0	0.0	0.367579	0.0	0.0	0.0	0.0	1.01875	0.0	0.0	0.0	340.955	0.0	0.0	0.0	0.0	0.001457	0.0	0.0	0.0	11.3652	0.0	0.0	0.0	0.0	10	0	0	0	8	0	0	0	0	53	0	0	0	12	0	0	0	0	323	0	0	0	10	0	0	0	0	45	0	0	0	0	0	0	0	0	13	0	0	0	0	0	0	0	0	255	0	0	0	0	0	0	0	0	0.057692	0.0	0.0	0.0	0.032343	0.0	0.0	0.0	0.0	0.640777	0.0	0.0	0.0	0.359223	0.0	0.0	0.0	0.0	
33	734	399.263881191	5542.806	5561.139	47.3594	0.979106	699	0	0	0	31	0	0	0	0	8.4e-5	0.0	0.0	0.0	0.331321	0.0	0.0	0.0	0.0	1.01875	0.0	0.0	0.0	351.848	0.0	0.0	0.0	0.0	0.001457	0.0	0.0	0.0	11.3499	0.0	0.0	0.0	0.0	10	0	0	0	8	0	0	0	0	53	0	0	0	13	0	0	0	0	323	0	0	0	10	0	0	0	0	45	0	0	0	0	0	0	0	0	13	0	0	0	0	0	0	0	0	255	0	0	0	0	0	0	0	0	0.057692	0.0	0.0	0.0	0.029192	0.0	0.0	0.0	0.0	0.664017	0.0	0.0	0.0	0.335983	0.0	0.0	0.0	0.0	
34	739	425.09626587	5426.25	5426.25	46.3769	0.978668	703	0	0	0	32	0	0	0	0	0.000383	0.0	0.0	0.0	0.398189	0.0	0.0	0.0	0.0	1.0197	0.0	0.0	0.0	377.679	0.0	0.0	0.0	0.0	0.00145	0.0	0.0	0.0	11.8025	0.0	0.0	0.0	0.0	10	0	0	0	9	0	0	0	0	54	0	0	0	13	0	0	0	0	323	0	0	0	10	0	0	0	0	45	0	0	0	0	0	0	0	0	13	0	0	0	0	0	0	0	0	258	0	0	0	0	0	0	0	0	0.264327	0.0	0.0	0.0	0.033738	0.0	0.0	0.0	0.0	0.88681	0.0	0.0	0.0	0.11319	0.0	0.0	0.0	0.0	
35	742	432.51274648	5426.25	5426.25	44.1278	0.977593	705	0	0	0	33	0	0	0	0	0.000341	0.0	0.0	0.0	0.35837	0.0	0.0	0.0	0.0	1.02037	0.0	0.0	0.0	385.095	0.0	0.0	0.0	0.0	0.001447	0.0	0.0	0.0	11.6696	0.0	0.0	0.0	0.0	10	0	0	0	9	0	0	0	0	54	0	0	0	13	0	0	0	0	323	0	0	0	11	0	0	0	0	46	0	0	0	0	0	0	0	0	13	0	0	0	0	0	0	0	0	259	0	0	0	0	0	0	0	0	0.235782	0.0	0.0	0.0	0.03071	0.0	0.0	0.0	0.0	0.884763	0.0	0.0	0.0	0.115237	0.0	0.0	0.0	0.0	
36	743	450.64845463	5325.972	5325.972	43.5025	0.977275	705	0	0	0	34	0	0	0	0	0.000341	0.0	0.0	0.0	0.422533	0.0	0.0	0.0	0.0	1.02037	0.0	0.0	0.0	403.231	0.0	0.0	0.0	0.0	0.001447	0.0	0.0	0.0	11.8597	0.0	0.0	0.0	0.0	10	0	0	0	10	0	0	0	0	54	0	0	0	13	0	0	0	0	323	0	0	0	11	0	0	0	0	46	0	0	0	0	0	0	0	0	13	0	0	0	0	0	0	0	0	259	0	0	0	0	0	0	0	0	0.235782	0.0	0.0	0.0	0.035628	0.0	0.0	0.0	0.0	0.868731	0.0	0.0	0.0	0.131269	0.0	0.0	0.0	0.0	
37	746	462.396464373	5302.667	5302.667	42.0103	0.976477	707	0	0	0	35	0	0	0	0	0.000303	0.0	0.0	0.0	0.48028	0.0	0.0	0.0	0.0	1.02121	0.0	0.0	0.0	414.978	0.0	0.0	0.0	0.0	0.001444	0.0	0.0	0.0	11.8565	0.0	0.0	0.0	0.0	10	0	0	0	11	0	0	0	0	54	0	0	0	13	0	0	0	0	324	0	0	0	11	0	0	0	0	46	0	0	0	0	0	0	0	0	13	0	0	0	0	0	0	0	0	260	0	0	0	0	0	0	0	0	0.209744	0.0	0.0	0.0	0.040508	0.0	0.0	0.0	0.0	0.838132	0.0	0.0	0.0	0.161868	0.0	0.0	0.0	0.0	
38	754	465.306755001	5302.667	5309.167	41.071	0.975946	714	0	0	0	36	0	0	0	0	0.000754	0.0	0.0	0.0	0.432752	0.0	0.0	0.0	0.0	1.02365	0.0	0.0	0.0	417.886	0.0	0.0	0.0	0.0	0.001434	0.0	0.0	0.0	11.6079	0.0	0.0	0.0	0.0	10	0	0	0	11	0	0	0	0	56	0	0	0	14	0	0	0	0	325	0	0	0	11	0	0	0	0	46	0	0	0	0	0	0	0	0	14	0	0	0	0	0	0	0	0	263	0	0	0	0	0	0	0	0	0.526041	0.0	0.0	0.0	0.037281	0.0	0.0	0.0	0.0	0.93382	0.0	0.0	0.0	0.06618	0.0	0.0	0.0	0.0	
39	761	476.532544379	5302.667	5309.167	40.8417	0.975813	720	0	0	0	37	0	0	0	0	0.000747	0.0	0.0	0.0	0.389477	0.0	0.0	0.0	0.0	1.02542	0.0	0.0	0.0	429.11	0.0	0.0	0.0	0.0	0.001424	0.0	0.0	0.0	11.5976	0.0	0.0	0.0	0.0	10	0	0	0	11	0	0	0	0	57	0	0	0	14	0	0	0	0	326	0	0	0	12	0	0	0	0	47	0	0	0	0	0	0	0	0	14	0	0	0	0	0	0	0	0	266	0	0	0	0	0	0	0	0	0.524804	0.0	0.0	0.0	0.033583	0.0	0.0	0.0	0.0	0.939858	0.0	0.0	0.0	0.060142	0.0	0.0	0.0	0.0	
40	779	509.16289202	5302.667	5310.278	39.9686	0.975291	737	0	0	0	38	0	0	0	0	0.000423	0.0	0.0	0.0	0.351029	0.0	0.0	0.0	0.0	1.02972	0.0	0.0	0.0	461.736	0.0	0.0	0.0	0.0	0.001397	0.0	0.0	0.0	12.1509	0.0	0.0	0.0	0.0	10	0	0	0	11	0	0	0	0	58	0	0	0	15	0	0	0	0	328	0	0	0	12	0	0	0	0	48	0	0	0	0	0	0	0	0	14	0	0	0	0	0	0	0	0	279	0	0	0	0	0	0	0	0	0.30272	0.0	0.0	0.0	0.028889	0.0	0.0	0.0	0.0	0.912882	0.0	0.0	0.0	0.087118	0.0	0.0	0.0	0.0	
41	788	521.588645795	5302.667	5313.111	37.5361	0.973711	745	0	0	0	39	0	0	0	0	0.000267	0.0	0.0	0.0	0.316426	0.0	0.0	0.0	0.0	1.03253	0.0	0.0	0.0	474.159	0.0	0.0	0.0	0.0	0.001386	0.0	0.0	0.0	12.1579	0.0	0.0	0.0	0.0	10	0	0	0	11	0	0	0	0	58	0	0	0	16	0	0	0	0	332	0	0	0	12	0	0	0	0	48	0	0	0	0	0	0	0	0	14	0	0	0	0	0	0	0	0	283	0	0	0	0	0	0	0	0	0.192694	0.0	0.0	0.0	0.026026	0.0	0.0	0.0	0.0	0.881006	0.0	0.0	0.0	0.118994	0.0	0.0	0.0	0.0	
42	789	534.81231867	5302.667	5310.611	36.6493	0.973083	745	0	0	0	40	0	0	0	0	0.000267	0.0	0.0	0.0	0.285284	0.0	0.0	0.0	0.0	1.03253	0.0	0.0	0.0	487.382	0.0	0.0	0.0	0.0	0.001386	0.0	0.0	0.0	12.1846	0.0	0.0	0.0	0.0	10	0	0	0	11	0	0	0	0	58	0	0	0	17	0	0	0	0	332	0	0	0	12	0	0	0	0	48	0	0	0	0	0	0	0	0	14	0	0	0	0	0	0	0	0	283	0	0	0	0	0	0	0	0	0.192694	0.0	0.0	0.0	0.023414	0.0	0.0	0.0	0.0	0.891658	0.0	0.0	0.0	0.108342	0.0	0.0	0.0	0.0	
43	790	550.438411261	5205.111	5205.111	35.7284	0.972399	745	0	0	0	41	0	0	0	0	0.000267	0.0	0.0	0.0	0.356755	0.0	0.0	0.0	0.0	1.03253	0.0	0.0	0.0	503.009	0.0	0.0	0.0	0.0	0.001386	0.0	0.0	0.0	12.2685	0.0	0.0	0.0	0.0	10	0	0	0	12	0	0	0	0	58	0	0	0	17	0	0	0	0	332	0	0	0	12	0	0	0	0	48	0	0	0	0	0	0	0	0	14	0	0	0	0	0	0	0	0	283	0	0	0	0	0	0	0	0	0.192694	0.0	0.0	0.0	0.029079	0.0	0.0	0.0	0.0	0.868879	0.0	0.0	0.0	0.131121	0.0	0.0	0.0	0.0	
44	804	561.404495389	5165.972	5165.972	34.6698	0.971568	758	0	0	0	42	0	0	0	0	0.000118	0.0	0.0	0.0	0.42108	0.0	0.0	0.0	0.0	1.03605	0.0	0.0	0.0	513.971	0.0	0.0	0.0	0.0	0.001367	0.0	0.0	0.0	12.2374	0.0	0.0	0.0	0.0	10	0	0	0	13	0	0	0	0	58	0	0	0	17	0	0	0	0	336	0	0	0	12	0	0	0	0	48	0	0	0	0	0	0	0	0	14	0	0	0	0	0	0	0	0	292	0	0	0	0	0	0	0	0	0.086053	0.0	0.0	0.0	0.034409	0.0	0.0	0.0	0.0	0.714357	0.0	0.0	0.0	0.285643	0.0	0.0	0.0	0.0	
45	810	564.087478605	5165.972	5165.972	33.9459	0.970971	763	0	0	0	43	0	0	0	0	8.0e-5	0.0	0.0	0.0	0.379472	0.0	0.0	0.0	0.0	1.03716	0.0	0.0	0.0	516.653	0.0	0.0	0.0	0.0	0.001359	0.0	0.0	0.0	12.0152	0.0	0.0	0.0	0.0	10	0	0	0	13	0	0	0	0	58	0	0	0	18	0	0	0	0	337	0	0	0	12	0	0	0	0	48	0	0	0	0	0	0	0	0	14	0	0	0	0	0	0	0	0	296	0	0	0	0	0	0	0	0	0.059146	0.0	0.0	0.0	0.031583	0.0	0.0	0.0	0.0	0.651899	0.0	0.0	0.0	0.348101	0.0	0.0	0.0	0.0	
46	811	570.451393061	5133.0	5133.0	33.7712	0.970823	763	0	0	0	44	0	0	0	0	8.0e-5	0.0	0.0	0.0	0.441525	0.0	0.0	0.0	0.0	1.03716	0.0	0.0	0.0	523.017	0.0	0.0	0.0	0.0	0.001359	0.0	0.0	0.0	11.8867	0.0	0.0	0.0	0.0	10	0	0	0	14	0	0	0	0	58	0	0	0	18	0	0	0	0	337	0	0	0	12	0	0	0	0	48	0	0	0	0	0	0	0	0	14	0	0	0	0	0	0	0	0	296	0	0	0	0	0	0	0	0	0.059146	0.0	0.0	0.0	0.037144	0.0	0.0	0.0	0.0	0.614246	0.0	0.0	0.0	0.385754	0.0	0.0	0.0	0.0	
47	813	581.892337543	5133.0	5191.333	33.3601	0.970469	764	0	0	0	45	0	0	0	0	7.4e-5	0.0	0.0	0.0	0.397872	0.0	0.0	0.0	0.0	1.03763	0.0	0.0	0.0	534.457	0.0	0.0	0.0	0.0	0.001358	0.0	0.0	0.0	11.8768	0.0	0.0	0.0	0.0	10	0	0	0	14	0	0	0	0	58	0	0	0	19	0	0	0	0	338	0	0	0	12	0	0	0	0	48	0	0	0	0	0	0	0	0	14	0	0	0	0	0	0	0	0	296	0	0	0	0	0	0	0	0	0.054379	0.0	0.0	0.0	0.0335	0.0	0.0	0.0	0.0	0.618794	0.0	0.0	0.0	0.381206	0.0	0.0	0.0	0.0	
48	815	592.421320547	5133.0	5185.833	32.6336	0.969821	765	0	0	0	46	0	0	0	0	6.8e-5	0.0	0.0	0.0	0.358585	0.0	0.0	0.0	0.0	1.0378	0.0	0.0	0.0	544.986	0.0	0.0	0.0	0.0	0.001357	0.0	0.0	0.0	11.8475	0.0	0.0	0.0	0.0	10	0	0	0	14	0	0	0	0	58	0	0	0	20	0	0	0	0	338	0	0	0	12	0	0	0	0	48	0	0	0	0	0	0	0	0	14	0	0	0	0	0	0	0	0	297	0	0	0	0	0	0	0	0	0.050042	0.0	0.0	0.0	0.030267	0.0	0.0	0.0	0.0	0.62312	0.0	0.0	0.0	0.37688	0.0	0.0	0.0	0.0	
49	816	603.923560275	5133.0	5173.833	31.979	0.969213	765	0	0	0	47	0	0	0	0	6.8e-5	0.0	0.0	0.0	0.323226	0.0	0.0	0.0	0.0	1.0378	0.0	0.0	0.0	556.488	0.0	0.0	0.0	0.0	0.001357	0.0	0.0	0.0	11.8402	0.0	0.0	0.0	0.0	10	0	0	0	14	0	0	0	0	58	0	0	0	21	0	0	0	0	338	0	0	0	12	0	0	0	0	48	0	0	0	0	0	0	0	0	14	0	0	0	0	0	0	0	0	297	0	0	0	0	0	0	0	0	0.050042	0.0	0.0	0.0	0.027299	0.0	0.0	0.0	0.0	0.647029	0.0	0.0	0.0	0.352971	0.0	0.0	0.0	0.0	
50	817	606.263317938	5133.0	5173.833	31.2789	0.968535	765	0	0	0	48	0	0	0	0	6.8e-5	0.0	0.0	0.0	0.290904	0.0	0.0	0.0	0.0	1.0378	0.0	0.0	0.0	558.828	0.0	0.0	0.0	0.0	0.001357	0.0	0.0	0.0	11.6423	0.0	0.0	0.0	0.0	10	0	0	0	14	0	0	0	0	58	0	0	0	21	0	0	0	0	338	0	0	0	13	0	0	0	0	48	0	0	0	0	0	0	0	0	14	0	0	0	0	0	0	0	0	297	0	0	0	0	0	0	0	0	0.050042	0.0	0.0	0.0	0.024987	0.0	0.0	0.0	0.0	0.666969	0.0	0.0	0.0	0.333031	0.0	0.0	0.0	0.0	
51	819	608.87666372	5133.0	5173.833	31.1384	0.968396	766	0	0	0	49	0	0	0	0	6.3e-5	0.0	0.0	0.0	0.261813	0.0	0.0	0.0	0.0	1.038	0.0	0.0	0.0	561.441	0.0	0.0	0.0	0.0	0.001355	0.0	0.0	0.0	11.458	0.0	0.0	0.0	0.0	10	0	0	0	14	0	0	0	0	58	0	0	0	21	0	0	0	0	338	0	0	0	14	0	0	0	0	48	0	0	0	0	0	0	0	0	14	0	0	0	0	0	0	0	0	298	0	0	0	0	0	0	0	0	0.046342	0.0	0.0	0.0	0.02285	0.0	0.0	0.0	0.0	0.669761	0.0	0.0	0.0	0.330239	0.0	0.0	0.0	0.0	
52	821	706.114020274	5073.111	5073.111	30.9822	0.968239	767	0	0	0	50	0	0	0	0	5.8e-5	0.0	0.0	0.0	0.335632	0.0	0.0	0.0	0.0	1.0382	0.0	0.0	0.0	658.678	0.0	0.0	0.0	0.0	0.001354	0.0	0.0	0.0	13.1736	0.0	0.0	0.0	0.0	10	0	0	0	15	0	0	0	0	58	0	0	0	21	0	0	0	0	338	0	0	0	14	0	0	0	0	48	0	0	0	0	0	0	0	0	14	0	0	0	0	0	0	0	0	299	0	0	0	0	0	0	0	0	0.04293	0.0	0.0	0.0	0.025478	0.0	0.0	0.0	0.0	0.627563	0.0	0.0	0.0	0.372437	0.0	0.0	0.0	0.0	
53	823	718.533093917	5063.111	5063.111	25.6947	0.961829	768	0	0	0	51	0	0	0	0	5.3e-5	0.0	0.0	0.0	0.402069	0.0	0.0	0.0	0.0	1.03844	0.0	0.0	0.0	671.097	0.0	0.0	0.0	0.0	0.001352	0.0	0.0	0.0	13.1588	0.0	0.0	0.0	0.0	10	0	0	0	16	0	0	0	0	58	0	0	0	21	0	0	0	0	338	0	0	0	14	0	0	0	0	48	0	0	0	0	0	0	0	0	14	0	0	0	0	0	0	0	0	300	0	0	0	0	0	0	0	0	0.039552	0.0	0.0	0.0	0.030555	0.0	0.0	0.0	0.0	0.564166	0.0	0.0	0.0	0.435834	0.0	0.0	0.0	0.0	
54	828	723.411152801	5059.111	5059.111	25.0878	0.960924	772	0	0	0	52	0	0	0	0	3.6e-5	0.0	0.0	0.0	0.458095	0.0	0.0	0.0	0.0	1.03983	0.0	0.0	0.0	675.974	0.0	0.0	0.0	0.0	0.001347	0.0	0.0	0.0	12.9995	0.0	0.0	0.0	0.0	10	0	0	0	17	0	0	0	0	58	0	0	0	21	0	0	0	0	340	0	0	0	14	0	0	0	0	48	0	0	0	0	0	0	0	0	15	0	0	0	0	0	0	0	0	301	0	0	0	0	0	0	0	0	0.026705	0.0	0.0	0.0	0.035239	0.0	0.0	0.0	0.0	0.431114	0.0	0.0	0.0	0.568886	0.0	0.0	0.0	0.0	
55	832	734.358621242	5025.611	5025.611	24.8534	0.960563	775	0	0	0	53	0	0	0	0	2.6e-5	0.0	0.0	0.0	0.500208	0.0	0.0	0.0	0.0	1.04054	0.0	0.0	0.0	686.921	0.0	0.0	0.0	0.0	0.001343	0.0	0.0	0.0	12.9608	0.0	0.0	0.0	0.0	10	0	0	0	18	0	0	0	0	58	0	0	0	21	0	0	0	0	341	0	0	0	14	0	0	0	0	48	0	0	0	0	0	0	0	0	15	0	0	0	0	0	0	0	0	303	0	0	0	0	0	0	0	0	0.019531	0.0	0.0	0.0	0.038594	0.0	0.0	0.0	0.0	0.336019	0.0	0.0	0.0	0.663981	0.0	0.0	0.0	0.0	
56	833	736.699971842	5025.611	5025.611	24.3353	0.95974	775	0	0	0	54	0	0	0	0	2.6e-5	0.0	0.0	0.0	0.46254	0.0	0.0	0.0	0.0	1.04054	0.0	0.0	0.0	689.262	0.0	0.0	0.0	0.0	0.001343	0.0	0.0	0.0	12.7641	0.0	0.0	0.0	0.0	10	0	0	0	18	0	0	0	0	58	0	0	0	21	0	0	0	0	341	0	0	0	15	0	0	0	0	48	0	0	0	0	0	0	0	0	15	0	0	0	0	0	0	0	0	303	0	0	0	0	0	0	0	0	0.019531	0.0	0.0	0.0	0.036238	0.0	0.0	0.0	0.0	0.350217	0.0	0.0	0.0	0.649783	0.0	0.0	0.0	0.0	
57	835	750.341107338	4996.611	4996.611	24.2259	0.959562	776	0	0	0	55	0	0	0	0	2.4e-5	0.0	0.0	0.0	0.502462	0.0	0.0	0.0	0.0	1.04089	0.0	0.0	0.0	702.903	0.0	0.0	0.0	0.0	0.001341	0.0	0.0	0.0	12.78	0.0	0.0	0.0	0.0	10	0	0	0	19	0	0	0	0	58	0	0	0	21	0	0	0	0	342	0	0	0	15	0	0	0	0	48	0	0	0	0	0	0	0	0	15	0	0	0	0	0	0	0	0	303	0	0	0	0	0	0	0	0	0.017596	0.0	0.0	0.0	0.039316	0.0	0.0	0.0	0.0	0.309174	0.0	0.0	0.0	0.690826	0.0	0.0	0.0	0.0	
58	837	752.979790846	4996.611	5032.889	23.5982	0.958509	777	0	0	0	56	0	0	0	0	2.1e-5	0.0	0.0	0.0	0.467211	0.0	0.0	0.0	0.0	1.04147	0.0	0.0	0.0	705.541	0.0	0.0	0.0	0.0	0.00134	0.0	0.0	0.0	12.5989	0.0	0.0	0.0	0.0	10	0	0	0	19	0	0	0	0	58	0	0	0	21	0	0	0	0	343	0	0	0	16	0	0	0	0	48	0	0	0	0	0	0	0	0	15	0	0	0	0	0	0	0	0	303	0	0	0	0	0	0	0	0	0.015849	0.0	0.0	0.0	0.037083	0.0	0.0	0.0	0.0	0.299413	0.0	0.0	0.0	0.700587	0.0	0.0	0.0	0.0	
59	838	763.202126789	4996.611	5026.889	23.4787	0.958302	777	0	0	0	57	0	0	0	0	2.1e-5	0.0	0.0	0.0	0.434224	0.0	0.0	0.0	0.0	1.04147	0.0	0.0	0.0	715.763	0.0	0.0	0.0	0.0	0.00134	0.0	0.0	0.0	12.5572	0.0	0.0	0.0	0.0	10	0	0	0	19	0	0	0	0	58	0	0	0	22	0	0	0	0	343	0	0	0	16	0	0	0	0	48	0	0	0	0	0	0	0	0	15	0	0	0	0	0	0	0	0	303	0	0	0	0	0	0	0	0	0.015849	0.0	0.0	0.0	0.03458	0.0	0.0	0.0	0.0	0.314279	0.0	0.0	0.0	0.685721	0.0	0.0	0.0	0.0	
60	839	780.382460061	4929.278	4929.278	23.0213	0.957492	777	0	0	0	58	0	0	0	0	2.1e-5	0.0	0.0	0.0	0.475478	0.0	0.0	0.0	0.0	1.04147	0.0	0.0	0.0	732.943	0.0	0.0	0.0	0.0	0.00134	0.0	0.0	0.0	12.637	0.0	0.0	0.0	0.0	10	0	0	0	20	0	0	0	0	58	0	0	0	22	0	0	0	0	343	0	0	0	16	0	0	0	0	48	0	0	0	0	0	0	0	0	15	0	0	0	0	0	0	0	0	303	0	0	0	0	0	0	0	0	0.015849	0.0	0.0	0.0	0.037626	0.0	0.0	0.0	0.0	0.296375	0.0	0.0	0.0	0.703625	0.0	0.0	0.0	0.0	
61	840	783.53739966	4929.278	4929.278	22.2726	0.956095	777	0	0	0	59	0	0	0	0	2.1e-5	0.0	0.0	0.0	0.44169	0.0	0.0	0.0	0.0	1.04147	0.0	0.0	0.0	736.098	0.0	0.0	0.0	0.0	0.00134	0.0	0.0	0.0	12.4762	0.0	0.0	0.0	0.0	10	0	0	0	20	0	0	0	0	58	0	0	0	22	0	0	0	0	343	0	0	0	17	0	0	0	0	48	0	0	0	0	0	0	0	0	15	0	0	0	0	0	0	0	0	303	0	0	0	0	0	0	0	0	0.015849	0.0	0.0	0.0	0.035402	0.0	0.0	0.0	0.0	0.309233	0.0	0.0	0.0	0.690767	0.0	0.0	0.0	0.0	
62	841	799.08802106	4926.278	4926.278	22.1378	0.955833	777	0	0	0	60	0	0	0	0	2.1e-5	0.0	0.0	0.0	0.482103	0.0	0.0	0.0	0.0	1.04147	0.0	0.0	0.0	751.649	0.0	0.0	0.0	0.0	0.00134	0.0	0.0	0.0	12.5275	0.0	0.0	0.0	0.0	10	0	0	0	21	0	0	0	0	58	0	0	0	22	0	0	0	0	343	0	0	0	17	0	0	0	0	48	0	0	0	0	0	0	0	0	15	0	0	0	0	0	0	0	0	303	0	0	0	0	0	0	0	0	0.015849	0.0	0.0	0.0	0.038484	0.0	0.0	0.0	0.0	0.291696	0.0	0.0	0.0	0.708304	0.0	0.0	0.0	0.0	
63	842	809.565561859	4924.778	4924.778	21.4851	0.954523	777	0	0	0	61	0	0	0	0	2.1e-5	0.0	0.0	0.0	0.518662	0.0	0.0	0.0	0.0	1.04147	0.0	0.0	0.0	762.126	0.0	0.0	0.0	0.0	0.00134	0.0	0.0	0.0	12.4939	0.0	0.0	0.0	0.0	10	0	0	0	22	0	0	0	0	58	0	0	0	22	0	0	0	0	343	0	0	0	17	0	0	0	0	48	0	0	0	0	0	0	0	0	15	0	0	0	0	0	0	0	0	303	0	0	0	0	0	0	0	0	0.015849	0.0	0.0	0.0	0.041513	0.0	0.0	0.0	0.0	0.27629	0.0	0.0	0.0	0.72371	0.0	0.0	0.0	0.0	
64	843	813.416560802	4903.722	4903.722	21.0562	0.953618	777	0	0	0	62	0	0	0	0	2.1e-5	0.0	0.0	0.0	0.551917	0.0	0.0	0.0	0.0	1.04147	0.0	0.0	0.0	765.977	0.0	0.0	0.0	0.0	0.00134	0.0	0.0	0.0	12.3545	0.0	0.0	0.0	0.0	10	0	0	0	23	0	0	0	0	58	0	0	0	22	0	0	0	0	343	0	0	0	17	0	0	0	0	48	0	0	0	0	0	0	0	0	15	0	0	0	0	0	0	0	0	303	0	0	0	0	0	0	0	0	0.015849	0.0	0.0	0.0	0.044673	0.0	0.0	0.0	0.0	0.261863	0.0	0.0	0.0	0.738137	0.0	0.0	0.0	0.0	
65	845	815.724239275	4903.722	4903.722	20.9007	0.953281	778	0	0	0	63	0	0	0	0	1.9e-5	0.0	0.0	0.0	0.515501	0.0	0.0	0.0	0.0	1.04175	0.0	0.0	0.0	768.285	0.0	0.0	0.0	0.0	0.001339	0.0	0.0	0.0	12.195	0.0	0.0	0.0	0.0	10	0	0	0	23	0	0	0	0	58	0	0	0	22	0	0	0	0	343	0	0	0	18	0	0	0	0	48	0	0	0	0	0	0	0	0	15	0	0	0	0	0	0	0	0	304	0	0	0	0	0	0	0	0	0.014278	0.0	0.0	0.0	0.042272	0.0	0.0	0.0	0.0	0.252489	0.0	0.0	0.0	0.747511	0.0	0.0	0.0	0.0	
66	847	824.111960136	4903.722	4907.722	20.8081	0.953078	779	0	0	0	64	0	0	0	0	1.7e-5	0.0	0.0	0.0	0.48221	0.0	0.0	0.0	0.0	1.04229	0.0	0.0	0.0	776.672	0.0	0.0	0.0	0.0	0.001338	0.0	0.0	0.0	12.1355	0.0	0.0	0.0	0.0	10	0	0	0	23	0	0	0	0	58	0	0	0	23	0	0	0	0	344	0	0	0	18	0	0	0	0	48	0	0	0	0	0	0	0	0	15	0	0	0	0	0	0	0	0	304	0	0	0	0	0	0	0	0	0.012861	0.0	0.0	0.0	0.039736	0.0	0.0	0.0	0.0	0.244521	0.0	0.0	0.0	0.755479	0.0	0.0	0.0	0.0	
67	848	826.357010551	4903.722	4907.722	20.4749	0.952333	779	0	0	0	65	0	0	0	0	1.7e-5	0.0	0.0	0.0	0.450296	0.0	0.0	0.0	0.0	1.04229	0.0	0.0	0.0	778.917	0.0	0.0	0.0	0.0	0.001338	0.0	0.0	0.0	11.9833	0.0	0.0	0.0	0.0	10	0	0	0	23	0	0	0	0	58	0	0	0	23	0	0	0	0	344	0	0	0	19	0	0	0	0	48	0	0	0	0	0	0	0	0	15	0	0	0	0	0	0	0	0	304	0	0	0	0	0	0	0	0	0.012861	0.0	0.0	0.0	0.037577	0.0	0.0	0.0	0.0	0.254986	0.0	0.0	0.0	0.745014	0.0	0.0	0.0	0.0	
68	849	831.400909677	4900.222	4900.222	20.3867	0.952132	779	0	0	0	66	0	0	0	0	1.7e-5	0.0	0.0	0.0	0.487188	0.0	0.0	0.0	0.0	1.04229	0.0	0.0	0.0	783.961	0.0	0.0	0.0	0.0	0.001338	0.0	0.0	0.0	11.8782	0.0	0.0	0.0	0.0	10	0	0	0	24	0	0	0	0	58	0	0	0	23	0	0	0	0	344	0	0	0	19	0	0	0	0	48	0	0	0	0	0	0	0	0	15	0	0	0	0	0	0	0	0	304	0	0	0	0	0	0	0	0	0.012861	0.0	0.0	0.0	0.041015	0.0	0.0	0.0	0.0	0.238712	0.0	0.0	0.0	0.761288	0.0	0.0	0.0	0.0	
69	851	836.079621667	4876.583	4876.583	20.1897	0.951676	780	0	0	0	67	0	0	0	0	1.5e-5	0.0	0.0	0.0	0.520072	0.0	0.0	0.0	0.0	1.04248	0.0	0.0	0.0	788.639	0.0	0.0	0.0	0.0	0.001337	0.0	0.0	0.0	11.7707	0.0	0.0	0.0	0.0	10	0	0	0	25	0	0	0	0	58	0	0	0	23	0	0	0	0	344	0	0	0	19	0	0	0	0	48	0	0	0	0	0	0	0	0	15	0	0	0	0	0	0	0	0	305	0	0	0	0	0	0	0	0	0.011588	0.0	0.0	0.0	0.044184	0.0	0.0	0.0	0.0	0.20777	0.0	0.0	0.0	0.79223	0.0	0.0	0.0	0.0	
70	852	945.045697717	4869.083	4869.083	20.0088	0.95125	780	0	0	0	68	0	0	0	0	1.5e-5	0.0	0.0	0.0	0.550362	0.0	0.0	0.0	0.0	1.04248	0.0	0.0	0.0	897.605	0.0	0.0	0.0	0.0	0.001337	0.0	0.0	0.0	13.2001	0.0	0.0	0.0	0.0	10	0	0	0	26	0	0	0	0	58	0	0	0	23	0	0	0	0	344	0	0	0	19	0	0	0	0	48	0	0	0	0	0	0	0	0	15	0	0	0	0	0	0	0	0	305	0	0	0	0	0	0	0	0	0.011588	0.0	0.0	0.0	0.041694	0.0	0.0	0.0	0.0	0.217478	0.0	0.0	0.0	0.782522	0.0	0.0	0.0	0.0	
71	853	949.196740289	4853.333	4853.333	16.2236	0.940223	780	0	0	0	69	0	0	0	0	1.5e-5	0.0	0.0	0.0	0.579092	0.0	0.0	0.0	0.0	1.04248	0.0	0.0	0.0	901.756	0.0	0.0	0.0	0.0	0.001337	0.0	0.0	0.0	13.0689	0.0	0.0	0.0	0.0	10	0	0	0	27	0	0	0	0	58	0	0	0	23	0	0	0	0	344	0	0	0	19	0	0	0	0	48	0	0	0	0	0	0	0	0	15	0	0	0	0	0	0	0	0	305	0	0	0	0	0	0	0	0	0.011588	0.0	0.0	0.0	0.044311	0.0	0.0	0.0	0.0	0.207298	0.0	0.0	0.0	0.792702	0.0	0.0	0.0	0.0	
72	855	967.286867531	4850.833	4850.833	16.0946	0.939758	781	0	0	0	70	0	0	0	0	1.4e-5	0.0	0.0	0.0	0.605096	0.0	0.0	0.0	0.0	1.04273	0.0	0.0	0.0	919.846	0.0	0.0	0.0	0.0	0.001335	0.0	0.0	0.0	13.1407	0.0	0.0	0.0	0.0	10	0	0	0	28	0	0	0	0	58	0	0	0	23	0	0	0	0	344	0	0	0	19	0	0	0	0	48	0	0	0	0	0	0	0	0	15	0	0	0	0	0	0	0	0	306	0	0	0	0	0	0	0	0	0.01044	0.0	0.0	0.0	0.046048	0.0	0.0	0.0	0.0	0.184814	0.0	0.0	0.0	0.815186	0.0	0.0	0.0	0.0	
73	856	989.531367722	4826.833	4826.833	15.5439	0.937692	781	0	0	0	71	0	0	0	0	1.4e-5	0.0	0.0	0.0	0.629318	0.0	0.0	0.0	0.0	1.04273	0.0	0.0	0.0	942.091	0.0	0.0	0.0	0.0	0.001335	0.0	0.0	0.0	13.2689	0.0	0.0	0.0	0.0	10	0	0	0	29	0	0	0	0	58	0	0	0	23	0	0	0	0	344	0	0	0	19	0	0	0	0	48	0	0	0	0	0	0	0	0	15	0	0	0	0	0	0	0	0	306	0	0	0	0	0	0	0	0	0.01044	0.0	0.0	0.0	0.047428	0.0	0.0	0.0	0.0	0.180405	0.0	0.0	0.0	0.819595	0.0	0.0	0.0	0.0	
74	857	993.252614371	4826.833	4826.833	14.8925	0.935057	781	0	0	0	72	0	0	0	0	1.4e-5	0.0	0.0	0.0	0.590926	0.0	0.0	0.0	0.0	1.04273	0.0	0.0	0.0	945.812	0.0	0.0	0.0	0.0	0.001335	0.0	0.0	0.0	13.1363	0.0	0.0	0.0	0.0	10	0	0	0	29	0	0	0	0	58	0	0	0	23	0	0	0	0	344	0	0	0	20	0	0	0	0	48	0	0	0	0	0	0	0	0	15	0	0	0	0	0	0	0	0	306	0	0	0	0	0	0	0	0	0.01044	0.0	0.0	0.0	0.044984	0.0	0.0	0.0	0.0	0.188359	0.0	0.0	0.0	0.811641	0.0	0.0	0.0	0.0	
75	858	1006.638777312	4823.833	4823.833	14.7862	0.934606	781	0	0	0	73	0	0	0	0	1.4e-5	0.0	0.0	0.0	0.616126	0.0	0.0	0.0	0.0	1.04273	0.0	0.0	0.0	959.198	0.0	0.0	0.0	0.0	0.001335	0.0	0.0	0.0	13.1397	0.0	0.0	0.0	0.0	10	0	0	0	30	0	0	0	0	58	0	0	0	23	0	0	0	0	344	0	0	0	20	0	0	0	0	48	0	0	0	0	0	0	0	0	15	0	0	0	0	0	0	0	0	306	0	0	0	0	0	0	0	0	0.01044	0.0	0.0	0.0	0.04689	0.0	0.0	0.0	0.0	0.182097	0.0	0.0	0.0	0.817903	0.0	0.0	0.0	0.0	
76	859	1008.853664949	4823.833	4823.833	14.4102	0.932958	781	0	0	0	74	0	0	0	0	1.4e-5	0.0	0.0	0.0	0.578461	0.0	0.0	0.0	0.0	1.04273	0.0	0.0	0.0	961.413	0.0	0.0	0.0	0.0	0.001335	0.0	0.0	0.0	12.9921	0.0	0.0	0.0	0.0	10	0	0	0	30	0	0	0	0	58	0	0	0	23	0	0	0	0	344	0	0	0	21	0	0	0	0	48	0	0	0	0	0	0	0	0	15	0	0	0	0	0	0	0	0	306	0	0	0	0	0	0	0	0	0.01044	0.0	0.0	0.0	0.044524	0.0	0.0	0.0	0.0	0.189936	0.0	0.0	0.0	0.810064	0.0	0.0	0.0	0.0	
77	860	1018.65475391	4795.028	4795.028	14.3489	0.932681	781	0	0	0	75	0	0	0	0	1.4e-5	0.0	0.0	0.0	0.60448	0.0	0.0	0.0	0.0	1.04273	0.0	0.0	0.0	971.214	0.0	0.0	0.0	0.0	0.001335	0.0	0.0	0.0	12.9495	0.0	0.0	0.0	0.0	10	0	0	0	31	0	0	0	0	58	0	0	0	23	0	0	0	0	344	0	0	0	21	0	0	0	0	48	0	0	0	0	0	0	0	0	15	0	0	0	0	0	0	0	0	306	0	0	0	0	0	0	0	0	0.01044	0.0	0.0	0.0	0.04668	0.0	0.0	0.0	0.0	0.182768	0.0	0.0	0.0	0.817232	0.0	0.0	0.0	0.0	
78	861	1024.02320151	4784.528	4784.528	14.0808	0.931444	781	0	0	0	76	0	0	0	0	1.4e-5	0.0	0.0	0.0	0.628679	0.0	0.0	0.0	0.0	1.04273	0.0	0.0	0.0	976.582	0.0	0.0	0.0	0.0	0.001335	0.0	0.0	0.0	12.8498	0.0	0.0	0.0	0.0	10	0	0	0	32	0	0	0	0	58	0	0	0	23	0	0	0	0	344	0	0	0	21	0	0	0	0	48	0	0	0	0	0	0	0	0	15	0	0	0	0	0	0	0	0	306	0	0	0	0	0	0	0	0	0.01044	0.0	0.0	0.0	0.048925	0.0	0.0	0.0	0.0	0.175855	0.0	0.0	0.0	0.824145	0.0	0.0	0.0	0.0	
79	862	1031.146286976	4781.528	4781.528	13.9361	0.930758	781	0	0	0	77	0	0	0	0	1.4e-5	0.0	0.0	0.0	0.651206	0.0	0.0	0.0	0.0	1.04273	0.0	0.0	0.0	983.705	0.0	0.0	0.0	0.0	0.001335	0.0	0.0	0.0	12.7754	0.0	0.0	0.0	0.0	10	0	0	0	33	0	0	0	0	58	0	0	0	23	0	0	0	0	344	0	0	0	21	0	0	0	0	48	0	0	0	0	0	0	0	0	15	0	0	0	0	0	0	0	0	306	0	0	0	0	0	0	0	0	0.01044	0.0	0.0	0.0	0.050974	0.0	0.0	0.0	0.0	0.16999	0.0	0.0	0.0	0.83001	0.0	0.0	0.0	0.0	
80	863	1033.943514637	4781.528	4781.528	13.7463	0.929836	781	0	0	0	78	0	0	0	0	1.4e-5	0.0	0.0	0.0	0.611978	0.0	0.0	0.0	0.0	1.04273	0.0	0.0	0.0	986.503	0.0	0.0	0.0	0.0	0.001335	0.0	0.0	0.0	12.6475	0.0	0.0	0.0	0.0	10	0	0	0	33	0	0	0	0	58	0	0	0	23	0	0	0	0	344	0	0	0	22	0	0	0	0	48	0	0	0	0	0	0	0	0	15	0	0	0	0	0	0	0	0	306	0	0	0	0	0	0	0	0	0.01044	0.0	0.0	0.0	0.048387	0.0	0.0	0.0	0.0	0.177463	0.0	0.0	0.0	0.822537	0.0	0.0	0.0	0.0	
81	865	1059.284115153	4779.528	4779.528	13.6725	0.929471	782	0	0	0	79	0	0	0	0	1.3e-5	0.0	0.0	0.0	0.635149	0.0	0.0	0.0	0.0	1.04322	0.0	0.0	0.0	1011.84	0.0	0.0	0.0	0.0	0.001334	0.0	0.0	0.0	12.8081	0.0	0.0	0.0	0.0	10	0	0	0	34	0	0	0	0	58	0	0	0	23	0	0	0	0	344	0	0	0	22	0	0	0	0	49	0	0	0	0	0	0	0	0	15	0	0	0	0	0	0	0	0	306	0	0	0	0	0	0	0	0	0.009403	0.0	0.0	0.0	0.04959	0.0	0.0	0.0	0.0	0.159398	0.0	0.0	0.0	0.840602	0.0	0.0	0.0	0.0	
82	866	1063.10678863	4779.528	4779.528	13.0218	0.92608	782	0	0	0	80	0	0	0	0	1.3e-5	0.0	0.0	0.0	0.59737	0.0	0.0	0.0	0.0	1.04322	0.0	0.0	0.0	1015.67	0.0	0.0	0.0	0.0	0.001334	0.0	0.0	0.0	12.6958	0.0	0.0	0.0	0.0	10	0	0	0	34	0	0	0	0	58	0	0	0	23	0	0	0	0	344	0	0	0	23	0	0	0	0	49	0	0	0	0	0	0	0	0	15	0	0	0	0	0	0	0	0	306	0	0	0	0	0	0	0	0	0.009403	0.0	0.0	0.0	0.047052	0.0	0.0	0.0	0.0	0.166561	0.0	0.0	0.0	0.833439	0.0	0.0	0.0	0.0	
83	868	1073.010307028	4777.528	4777.528	12.9263	0.925555	783	0	0	0	81	0	0	0	0	1.1e-5	0.0	0.0	0.0	0.621126	0.0	0.0	0.0	0.0	1.04346	0.0	0.0	0.0	1025.57	0.0	0.0	0.0	0.0	0.001333	0.0	0.0	0.0	12.6613	0.0	0.0	0.0	0.0	10	0	0	0	35	0	0	0	0	58	0	0	0	23	0	0	0	0	344	0	0	0	23	0	0	0	0	49	0	0	0	0	0	0	0	0	15	0	0	0	0	0	0	0	0	307	0	0	0	0	0	0	0	0	0.008472	0.0	0.0	0.0	0.049057	0.0	0.0	0.0	0.0	0.147263	0.0	0.0	0.0	0.852737	0.0	0.0	0.0	0.0	
84	870	1081.25904927	4777.528	4777.528	12.6823	0.924178	784	0	0	0	82	0	0	0	0	1.0e-5	0.0	0.0	0.0	0.585239	0.0	0.0	0.0	0.0	1.04407	0.0	0.0	0.0	1033.82	0.0	0.0	0.0	0.0	0.001332	0.0	0.0	0.0	12.6075	0.0	0.0	0.0	0.0	10	0	0	0	35	0	0	0	0	58	0	0	0	23	0	0	0	0	344	0	0	0	24	0	0	0	0	50	0	0	0	0	0	0	0	0	15	0	0	0	0	0	0	0	0	307	0	0	0	0	0	0	0	0	0.00763	0.0	0.0	0.0	0.04642	0.0	0.0	0.0	0.0	0.141165	0.0	0.0	0.0	0.858835	0.0	0.0	0.0	0.0	
85	871	1083.541972038	4777.528	4777.528	12.4826	0.923013	784	0	0	0	83	0	0	0	0	1.0e-5	0.0	0.0	0.0	0.551168	0.0	0.0	0.0	0.0	1.04407	0.0	0.0	0.0	1036.1	0.0	0.0	0.0	0.0	0.001332	0.0	0.0	0.0	12.4831	0.0	0.0	0.0	0.0	10	0	0	0	35	0	0	0	0	58	0	0	0	23	0	0	0	0	344	0	0	0	25	0	0	0	0	50	0	0	0	0	0	0	0	0	15	0	0	0	0	0	0	0	0	307	0	0	0	0	0	0	0	0	0.00763	0.0	0.0	0.0	0.044153	0.0	0.0	0.0	0.0	0.147345	0.0	0.0	0.0	0.852655	0.0	0.0	0.0	0.0	
86	872	1114.934005848	4777.528	4777.528	12.4278	0.922688	784	0	0	0	84	0	0	0	0	1.0e-5	0.0	0.0	0.0	0.518847	0.0	0.0	0.0	0.0	1.04407	0.0	0.0	0.0	1067.49	0.0	0.0	0.0	0.0	0.001332	0.0	0.0	0.0	12.7082	0.0	0.0	0.0	0.0	10	0	0	0	35	0	0	0	0	58	0	0	0	23	0	0	0	0	344	0	0	0	26	0	0	0	0	50	0	0	0	0	0	0	0	0	15	0	0	0	0	0	0	0	0	307	0	0	0	0	0	0	0	0	0.00763	0.0	0.0	0.0	0.040828	0.0	0.0	0.0	0.0	0.157456	0.0	0.0	0.0	0.842544	0.0	0.0	0.0	0.0	
87	873	1126.118269112	4777.528	4777.528	11.6993	0.918076	784	0	0	0	85	0	0	0	0	1.0e-5	0.0	0.0	0.0	0.488056	0.0	0.0	0.0	0.0	1.04407	0.0	0.0	0.0	1078.68	0.0	0.0	0.0	0.0	0.001332	0.0	0.0	0.0	12.6903	0.0	0.0	0.0	0.0	10	0	0	0	35	0	0	0	0	58	0	0	0	23	0	0	0	0	344	0	0	0	27	0	0	0	0	50	0	0	0	0	0	0	0	0	15	0	0	0	0	0	0	0	0	307	0	0	0	0	0	0	0	0	0.00763	0.0	0.0	0.0	0.038459	0.0	0.0	0.0	0.0	0.165548	0.0	0.0	0.0	0.834452	0.0	0.0	0.0	0.0	
88	874	1129.945871712	4777.528	4777.528	11.4502	0.91637	784	0	0	0	86	0	0	0	0	1.0e-5	0.0	0.0	0.0	0.458812	0.0	0.0	0.0	0.0	1.04407	0.0	0.0	0.0	1082.5	0.0	0.0	0.0	0.0	0.001332	0.0	0.0	0.0	12.5873	0.0	0.0	0.0	0.0	10	0	0	0	35	0	0	0	0	58	0	0	0	23	0	0	0	0	344	0	0	0	28	0	0	0	0	50	0	0	0	0	0	0	0	0	15	0	0	0	0	0	0	0	0	307	0	0	0	0	0	0	0	0	0.00763	0.0	0.0	0.0	0.036451	0.0	0.0	0.0	0.0	0.173091	0.0	0.0	0.0	0.826909	0.0	0.0	0.0	0.0	
89	875	1142.295687543	4777.528	4777.528	11.3661	0.915778	784	0	0	0	87	0	0	0	0	1.0e-5	0.0	0.0	0.0	0.43107	0.0	0.0	0.0	0.0	1.04407	0.0	0.0	0.0	1094.85	0.0	0.0	0.0	0.0	0.001332	0.0	0.0	0.0	12.5845	0.0	0.0	0.0	0.0	10	0	0	0	35	0	0	0	0	58	0	0	0	23	0	0	0	0	344	0	0	0	29	0	0	0	0	50	0	0	0	0	0	0	0	0	15	0	0	0	0	0	0	0	0	307	0	0	0	0	0	0	0	0	0.00763	0.0	0.0	0.0	0.034254	0.0	0.0	0.0	0.0	0.182169	0.0	0.0	0.0	0.817831	0.0	0.0	0.0	0.0	
90	876	1144.546087414	4777.528	4777.528	11.0992	0.913843	784	0	0	0	88	0	0	0	0	1.0e-5	0.0	0.0	0.0	0.404715	0.0	0.0	0.0	0.0	1.04407	0.0	0.0	0.0	1097.1	0.0	0.0	0.0	0.0	0.001332	0.0	0.0	0.0	12.4671	0.0	0.0	0.0	0.0	10	0	0	0	35	0	0	0	0	58	0	0	0	23	0	0	0	0	344	0	0	0	30	0	0	0	0	50	0	0	0	0	0	0	0	0	15	0	0	0	0	0	0	0	0	307	0	0	0	0	0	0	0	0	0.00763	0.0	0.0	0.0	0.032463	0.0	0.0	0.0	0.0	0.190308	0.0	0.0	0.0	0.809692	0.0	0.0	0.0	0.0	
91	878	1146.651415674	4777.528	4777.528	11.0512	0.913485	785	0	0	0	89	0	0	0	0	9.0e-6	0.0	0.0	0.0	0.380195	0.0	0.0	0.0	0.0	1.04453	0.0	0.0	0.0	1099.21	0.0	0.0	0.0	0.0	0.001331	0.0	0.0	0.0	12.3507	0.0	0.0	0.0	0.0	10	0	0	0	35	0	0	0	0	58	0	0	0	23	0	0	0	0	344	0	0	0	31	0	0	0	0	51	0	0	0	0	0	0	0	0	15	0	0	0	0	0	0	0	0	307	0	0	0	0	0	0	0	0	0.006873	0.0	0.0	0.0	0.030783	0.0	0.0	0.0	0.0	0.182512	0.0	0.0	0.0	0.817488	0.0	0.0	0.0	0.0	
92	879	1162.381005339	4772.528	4772.528	11.0065	0.91315	785	0	0	0	90	0	0	0	0	9.0e-6	0.0	0.0	0.0	0.418104	0.0	0.0	0.0	0.0	1.04453	0.0	0.0	0.0	1114.94	0.0	0.0	0.0	0.0	0.001331	0.0	0.0	0.0	12.3882	0.0	0.0	0.0	0.0	10	0	0	0	36	0	0	0	0	58	0	0	0	23	0	0	0	0	344	0	0	0	31	0	0	0	0	51	0	0	0	0	0	0	0	0	15	0	0	0	0	0	0	0	0	307	0	0	0	0	0	0	0	0	0.006873	0.0	0.0	0.0	0.03375	0.0	0.0	0.0	0.0	0.169183	0.0	0.0	0.0	0.830817	0.0	0.0	0.0	0.0	
93	880	1172.302906873	4769.028	4769.028	10.6783	0.910604	785	0	0	0	91	0	0	0	0	9.0e-6	0.0	0.0	0.0	0.453124	0.0	0.0	0.0	0.0	1.04453	0.0	0.0	0.0	1124.86	0.0	0.0	0.0	0.0	0.001331	0.0	0.0	0.0	12.3611	0.0	0.0	0.0	0.0	10	0	0	0	37	0	0	0	0	58	0	0	0	23	0	0	0	0	344	0	0	0	31	0	0	0	0	51	0	0	0	0	0	0	0	0	15	0	0	0	0	0	0	0	0	307	0	0	0	0	0	0	0	0	0.006873	0.0	0.0	0.0	0.036657	0.0	0.0	0.0	0.0	0.157884	0.0	0.0	0.0	0.842116	0.0	0.0	0.0	0.0	
94	881	1184.399943694	4769.028	4769.028	10.4764	0.908961	785	0	0	0	92	0	0	0	0	9.0e-6	0.0	0.0	0.0	0.42622	0.0	0.0	0.0	0.0	1.04453	0.0	0.0	0.0	1136.96	0.0	0.0	0.0	0.0	0.001331	0.0	0.0	0.0	12.3582	0.0	0.0	0.0	0.0	10	0	0	0	37	0	0	0	0	58	0	0	0	23	0	0	0	0	344	0	0	0	32	0	0	0	0	51	0	0	0	0	0	0	0	0	15	0	0	0	0	0	0	0	0	307	0	0	0	0	0	0	0	0	0.006873	0.0	0.0	0.0	0.034489	0.0	0.0	0.0	0.0	0.166162	0.0	0.0	0.0	0.833838	0.0	0.0	0.0	0.0	
95	882	1186.738588388	4769.028	4769.028	10.2353	0.90692	785	0	0	0	93	0	0	0	0	9.0e-6	0.0	0.0	0.0	0.400662	0.0	0.0	0.0	0.0	1.04453	0.0	0.0	0.0	1139.3	0.0	0.0	0.0	0.0	0.001331	0.0	0.0	0.0	12.2505	0.0	0.0	0.0	0.0	10	0	0	0	37	0	0	0	0	58	0	0	0	23	0	0	0	0	344	0	0	0	33	0	0	0	0	51	0	0	0	0	0	0	0	0	15	0	0	0	0	0	0	0	0	307	0	0	0	0	0	0	0	0	0.006873	0.0	0.0	0.0	0.032706	0.0	0.0	0.0	0.0	0.173647	0.0	0.0	0.0	0.826353	0.0	0.0	0.0	0.0	
96	884	1234.447137048	4757.028	4757.028	10.1893	0.90652	786	0	0	0	94	0	0	0	0	8.0e-6	0.0	0.0	0.0	0.436303	0.0	0.0	0.0	0.0	1.04476	0.0	0.0	0.0	1187.0	0.0	0.0	0.0	0.0	0.001329	0.0	0.0	0.0	12.6277	0.0	0.0	0.0	0.0	10	0	0	0	38	0	0	0	0	58	0	0	0	23	0	0	0	0	344	0	0	0	33	0	0	0	0	51	0	0	0	0	0	0	0	0	15	0	0	0	0	0	0	0	0	308	0	0	0	0	0	0	0	0	0.006192	0.0	0.0	0.0	0.034551	0.0	0.0	0.0	0.0	0.151974	0.0	0.0	0.0	0.848026	0.0	0.0	0.0	0.0	
97	885	1250.577778586	4757.028	4757.028	9.29549	0.898005	786	0	0	0	95	0	0	0	0	8.0e-6	0.0	0.0	0.0	0.410578	0.0	0.0	0.0	0.0	1.04476	0.0	0.0	0.0	1203.13	0.0	0.0	0.0	0.0	0.001329	0.0	0.0	0.0	12.6646	0.0	0.0	0.0	0.0	10	0	0	0	38	0	0	0	0	58	0	0	0	23	0	0	0	0	344	0	0	0	34	0	0	0	0	51	0	0	0	0	0	0	0	0	15	0	0	0	0	0	0	0	0	308	0	0	0	0	0	0	0	0	0.006192	0.0	0.0	0.0	0.032419	0.0	0.0	0.0	0.0	0.160365	0.0	0.0	0.0	0.839635	0.0	0.0	0.0	0.0	
98	886	1259.278608689	4757.028	4757.028	9.01136	0.894965	786	0	0	0	96	0	0	0	0	8.0e-6	0.0	0.0	0.0	0.386128	0.0	0.0	0.0	0.0	1.04476	0.0	0.0	0.0	1211.84	0.0	0.0	0.0	0.0	0.001329	0.0	0.0	0.0	12.6233	0.0	0.0	0.0	0.0	10	0	0	0	38	0	0	0	0	58	0	0	0	23	0	0	0	0	344	0	0	0	35	0	0	0	0	51	0	0	0	0	0	0	0	0	15	0	0	0	0	0	0	0	0	308	0	0	0	0	0	0	0	0	0.006192	0.0	0.0	0.0	0.030589	0.0	0.0	0.0	0.0	0.168348	0.0	0.0	0.0	0.831652	0.0	0.0	0.0	0.0	
99	887	1275.60166813	4757.028	4757.028	8.86173	0.893289	786	0	0	0	97	0	0	0	0	8.0e-6	0.0	0.0	0.0	0.362914	0.0	0.0	0.0	0.0	1.04476	0.0	0.0	0.0	1228.16	0.0	0.0	0.0	0.0	0.001329	0.0	0.0	0.0	12.6614	0.0	0.0	0.0	0.0	10	0	0	0	38	0	0	0	0	58	0	0	0	23	0	0	0	0	344	0	0	0	36	0	0	0	0	51	0	0	0	0	0	0	0	0	15	0	0	0	0	0	0	0	0	308	0	0	0	0	0	0	0	0	0.006192	0.0	0.0	0.0	0.028663	0.0	0.0	0.0	0.0	0.177648	0.0	0.0	0.0	0.822352	0.0	0.0	0.0	0.0	
100	888	1279.792002974	4757.028	4757.028	8.58768	0.890078	786	0	0	0	98	0	0	0	0	8.0e-6	0.0	0.0	0.0	0.340848	0.0	0.0	0.0	0.0	1.04476	0.0	0.0	0.0	1232.35	0.0	0.0	0.0	0.0	0.001329	0.0	0.0	0.0	12.575	0.0	0.0	0.0	0.0	10	0	0	0	38	0	0	0	0	58	0	0	0	23	0	0	0	0	344	0	0	0	37	0	0	0	0	51	0	0	0	0	0	0	0	0	15	0	0	0	0	0	0	0	0	308	0	0	0	0	0	0	0	0	0.006192	0.0	0.0	0.0	0.027105	0.0	0.0	0.0	0.0	0.185959	0.0	0.0	0.0	0.814041	0.0	0.0	0.0	0.0	
101	889	1297.966419048	4757.028	4757.028	8.51871	0.889239	786	0	0	0	99	0	0	0	0	8.0e-6	0.0	0.0	0.0	0.319912	0.0	0.0	0.0	0.0	1.04476	0.0	0.0	0.0	1250.52	0.0	0.0	0.0	0.0	0.001329	0.0	0.0	0.0	12.6315	0.0	0.0	0.0	0.0	10	0	0	0	38	0	0	0	0	58	0	0	0	23	0	0	0	0	344	0	0	0	38	0	0	0	0	51	0	0	0	0	0	0	0	0	15	0	0	0	0	0	0	0	0	308	0	0	0	0	0	0	0	0	0.006192	0.0	0.0	0.0	0.025326	0.0	0.0	0.0	0.0	0.196454	0.0	0.0	0.0	0.803546	0.0	0.0	0.0	0.0	
102	890	1301.736670359	4757.028	4757.028	8.22591	0.885532	786	0	0	0	100	0	0	0	0	8.0e-6	0.0	0.0	0.0	0.300006	0.0	0.0	0.0	0.0	1.04476	0.0	0.0	0.0	1254.29	0.0	0.0	0.0	0.0	0.001329	0.0	0.0	0.0	12.5429	0.0	0.0	0.0	0.0	10	0	0	0	38	0	0	0	0	58	0	0	0	23	0	0	0	0	344	0	0	0	39	0	0	0	0	51	0	0	0	0	0	0	0	0	15	0	0	0	0	0	0	0	0	308	0	0	0	0	0	0	0	0	0.006192	0.0	0.0	0.0	0.023918	0.0	0.0	0.0	0.0	0.205641	0.0	0.0	0.0	0.794359	0.0	0.0	0.0	0.0	
103	892	1368.586158418	4757.028	4757.028	8.16644	0.884748	787	0	0	0	101	0	0	0	0	7.0e-6	0.0	0.0	0.0	0.281507	0.0	0.0	0.0	0.0	1.04504	0.0	0.0	0.0	1321.14	0.0	0.0	0.0	0.0	0.001328	0.0	0.0	0.0	13.0806	0.0	0.0	0.0	0.0	10	0	0	0	38	0	0	0	0	58	0	0	0	23	0	0	0	0	344	0	0	0	40	0	0	0	0	51	0	0	0	0	0	0	0	0	15	0	0	0	0	0	0	0	0	309	0	0	0	0	0	0	0	0	0.005578	0.0	0.0	0.0	0.021521	0.0	0.0	0.0	0.0	0.205848	0.0	0.0	0.0	0.794152	0.0	0.0	0.0	0.0	
104	893	1378.706188173	4757.028	4757.028	7.18061	0.869998	787	0	0	0	102	0	0	0	0	7.0e-6	0.0	0.0	0.0	0.263784	0.0	0.0	0.0	0.0	1.04504	0.0	0.0	0.0	1331.26	0.0	0.0	0.0	0.0	0.001328	0.0	0.0	0.0	13.0516	0.0	0.0	0.0	0.0	10	0	0	0	38	0	0	0	0	58	0	0	0	23	0	0	0	0	344	0	0	0	41	0	0	0	0	51	0	0	0	0	0	0	0	0	15	0	0	0	0	0	0	0	0	309	0	0	0	0	0	0	0	0	0.005578	0.0	0.0	0.0	0.020211	0.0	0.0	0.0	0.0	0.216305	0.0	0.0	0.0	0.783695	0.0	0.0	0.0	0.0	
105	895	1383.703409222	4757.028	4757.028	7.04211	0.867619	788	0	0	0	103	0	0	0	0	7.0e-6	0.0	0.0	0.0	0.247316	0.0	0.0	0.0	0.0	1.04569	0.0	0.0	0.0	1336.26	0.0	0.0	0.0	0.0	0.001327	0.0	0.0	0.0	12.9734	0.0	0.0	0.0	0.0	10	0	0	0	38	0	0	0	0	58	0	0	0	23	0	0	0	0	344	0	0	0	42	0	0	0	0	51	0	0	0	0	0	0	0	0	16	0	0	0	0	0	0	0	0	309	0	0	0	0	0	0	0	0	0.005024	0.0	0.0	0.0	0.019063	0.0	0.0	0.0	0.0	0.208567	0.0	0.0	0.0	0.791433	0.0	0.0	0.0	0.0	
106	896	1394.515694105	4757.028	4757.028	6.97472	0.866429	788	0	0	0	104	0	0	0	0	7.0e-6	0.0	0.0	0.0	0.231692	0.0	0.0	0.0	0.0	1.04569	0.0	0.0	0.0	1347.07	0.0	0.0	0.0	0.0	0.001327	0.0	0.0	0.0	12.9526	0.0	0.0	0.0	0.0	10	0	0	0	38	0	0	0	0	58	0	0	0	23	0	0	0	0	344	0	0	0	43	0	0	0	0	51	0	0	0	0	0	0	0	0	16	0	0	0	0	0	0	0	0	309	0	0	0	0	0	0	0	0	0.005024	0.0	0.0	0.0	0.017888	0.0	0.0	0.0	0.0	0.219269	0.0	0.0	0.0	0.780731	0.0	0.0	0.0	0.0	
107	898	1396.778350433	4757.028	4757.028	6.83108	0.863821	789	0	0	0	105	0	0	0	0	6.0e-6	0.0	0.0	0.0	0.217176	0.0	0.0	0.0	0.0	1.04592	0.0	0.0	0.0	1349.33	0.0	0.0	0.0	0.0	0.001326	0.0	0.0	0.0	12.8508	0.0	0.0	0.0	0.0	10	0	0	0	38	0	0	0	0	58	0	0	0	23	0	0	0	0	344	0	0	0	44	0	0	0	0	51	0	0	0	0	0	0	0	0	16	0	0	0	0	0	0	0	0	310	0	0	0	0	0	0	0	0	0.004526	0.0	0.0	0.0	0.0169	0.0	0.0	0.0	0.0	0.211245	0.0	0.0	0.0	0.788755	0.0	0.0	0.0	0.0	
108	899	1399.438670375	4757.028	4757.028	6.80141	0.863269	789	0	0	0	106	0	0	0	0	6.0e-6	0.0	0.0	0.0	0.203409	0.0	0.0	0.0	0.0	1.04592	0.0	0.0	0.0	1351.99	0.0	0.0	0.0	0.0	0.001326	0.0	0.0	0.0	12.7547	0.0	0.0	0.0	0.0	10	0	0	0	38	0	0	0	0	58	0	0	0	23	0	0	0	0	344	0	0	0	45	0	0	0	0	51	0	0	0	0	0	0	0	0	16	0	0	0	0	0	0	0	0	310	0	0	0	0	0	0	0	0	0.004526	0.0	0.0	0.0	0.015948	0.0	0.0	0.0	0.0	0.221068	0.0	0.0	0.0	0.778932	0.0	0.0	0.0	0.0	
109	900	1404.281361364	4734.222	4734.222	6.76667	0.862618	789	0	0	0	107	0	0	0	0	6.0e-6	0.0	0.0	0.0	0.254542	0.0	0.0	0.0	0.0	1.04592	0.0	0.0	0.0	1356.84	0.0	0.0	0.0	0.0	0.001326	0.0	0.0	0.0	12.6807	0.0	0.0	0.0	0.0	10	0	0	0	39	0	0	0	0	58	0	0	0	23	0	0	0	0	344	0	0	0	45	0	0	0	0	51	0	0	0	0	0	0	0	0	16	0	0	0	0	0	0	0	0	310	0	0	0	0	0	0	0	0	0.004526	0.0	0.0	0.0	0.020073	0.0	0.0	0.0	0.0	0.183994	0.0	0.0	0.0	0.816006	0.0	0.0	0.0	0.0	
110	901	1418.291053011	4732.222	4732.222	6.7039	0.861425	789	0	0	0	108	0	0	0	0	6.0e-6	0.0	0.0	0.0	0.300219	0.0	0.0	0.0	0.0	1.04592	0.0	0.0	0.0	1370.85	0.0	0.0	0.0	0.0	0.001326	0.0	0.0	0.0	12.693	0.0	0.0	0.0	0.0	10	0	0	0	40	0	0	0	0	58	0	0	0	23	0	0	0	0	344	0	0	0	45	0	0	0	0	51	0	0	0	0	0	0	0	0	16	0	0	0	0	0	0	0	0	310	0	0	0	0	0	0	0	0	0.004526	0.0	0.0	0.0	0.023652	0.0	0.0	0.0	0.0	0.160623	0.0	0.0	0.0	0.839377	0.0	0.0	0.0	0.0	
111	903	1420.449252583	4732.222	4732.222	6.52557	0.857921	790	0	0	0	109	0	0	0	0	5.0e-6	0.0	0.0	0.0	0.28262	0.0	0.0	0.0	0.0	1.04615	0.0	0.0	0.0	1373.0	0.0	0.0	0.0	0.0	0.001324	0.0	0.0	0.0	12.5964	0.0	0.0	0.0	0.0	10	0	0	0	40	0	0	0	0	58	0	0	0	23	0	0	0	0	344	0	0	0	46	0	0	0	0	51	0	0	0	0	0	0	0	0	16	0	0	0	0	0	0	0	0	311	0	0	0	0	0	0	0	0	0.004078	0.0	0.0	0.0	0.022437	0.0	0.0	0.0	0.0	0.153795	0.0	0.0	0.0	0.846205	0.0	0.0	0.0	0.0	
112	905	1425.526875765	4732.222	4732.222	6.49852	0.857374	791	0	0	0	110	0	0	0	0	5.0e-6	0.0	0.0	0.0	0.266176	0.0	0.0	0.0	0.0	1.0467	0.0	0.0	0.0	1378.08	0.0	0.0	0.0	0.0	0.001323	0.0	0.0	0.0	12.528	0.0	0.0	0.0	0.0	10	0	0	0	40	0	0	0	0	58	0	0	0	23	0	0	0	0	344	0	0	0	47	0	0	0	0	52	0	0	0	0	0	0	0	0	16	0	0	0	0	0	0	0	0	311	0	0	0	0	0	0	0	0	0.003673	0.0	0.0	0.0	0.021246	0.0	0.0	0.0	0.0	0.147384	0.0	0.0	0.0	0.852616	0.0	0.0	0.0	0.0	
113	906	1435.405697361	4729.722	4729.722	6.43534	0.856079	791	0	0	0	111	0	0	0	0	5.0e-6	0.0	0.0	0.0	0.30921	0.0	0.0	0.0	0.0	1.0467	0.0	0.0	0.0	1387.96	0.0	0.0	0.0	0.0	0.001323	0.0	0.0	0.0	12.5041	0.0	0.0	0.0	0.0	10	0	0	0	41	0	0	0	0	58	0	0	0	23	0	0	0	0	344	0	0	0	47	0	0	0	0	52	0	0	0	0	0	0	0	0	16	0	0	0	0	0	0	0	0	311	0	0	0	0	0	0	0	0	0.003673	0.0	0.0	0.0	0.024729	0.0	0.0	0.0	0.0	0.129315	0.0	0.0	0.0	0.870685	0.0	0.0	0.0	0.0	
114	907	1438.419593095	4729.722	4729.722	6.31415	0.85353	791	0	0	0	112	0	0	0	0	5.0e-6	0.0	0.0	0.0	0.291453	0.0	0.0	0.0	0.0	1.0467	0.0	0.0	0.0	1390.97	0.0	0.0	0.0	0.0	0.001323	0.0	0.0	0.0	12.4194	0.0	0.0	0.0	0.0	10	0	0	0	41	0	0	0	0	58	0	0	0	23	0	0	0	0	344	0	0	0	48	0	0	0	0	52	0	0	0	0	0	0	0	0	16	0	0	0	0	0	0	0	0	311	0	0	0	0	0	0	0	0	0.003673	0.0	0.0	0.0	0.023468	0.0	0.0	0.0	0.0	0.135323	0.0	0.0	0.0	0.864677	0.0	0.0	0.0	0.0	
115	908	1442.645778218	4729.722	4729.722	6.27763	0.852744	791	0	0	0	113	0	0	0	0	5.0e-6	0.0	0.0	0.0	0.2746	0.0	0.0	0.0	0.0	1.0467	0.0	0.0	0.0	1395.2	0.0	0.0	0.0	0.0	0.001323	0.0	0.0	0.0	12.3469	0.0	0.0	0.0	0.0	10	0	0	0	41	0	0	0	0	58	0	0	0	23	0	0	0	0	344	0	0	0	49	0	0	0	0	52	0	0	0	0	0	0	0	0	16	0	0	0	0	0	0	0	0	311	0	0	0	0	0	0	0	0	0.003673	0.0	0.0	0.0	0.02224	0.0	0.0	0.0	0.0	0.141732	0.0	0.0	0.0	0.858268	0.0	0.0	0.0	0.0	
116	909	1453.281060459	4729.222	4729.222	6.22678	0.851636	791	0	0	0	114	0	0	0	0	5.0e-6	0.0	0.0	0.0	0.31686	0.0	0.0	0.0	0.0	1.0467	0.0	0.0	0.0	1405.84	0.0	0.0	0.0	0.0	0.001323	0.0	0.0	0.0	12.3319	0.0	0.0	0.0	0.0	10	0	0	0	42	0	0	0	0	58	0	0	0	23	0	0	0	0	344	0	0	0	49	0	0	0	0	52	0	0	0	0	0	0	0	0	16	0	0	0	0	0	0	0	0	311	0	0	0	0	0	0	0	0	0.003673	0.0	0.0	0.0	0.025694	0.0	0.0	0.0	0.0	0.125062	0.0	0.0	0.0	0.874938	0.0	0.0	0.0	0.0	
117	910	1475.997319329	4729.222	4729.222	6.10063	0.848812	791	0	0	0	115	0	0	0	0	5.0e-6	0.0	0.0	0.0	0.298752	0.0	0.0	0.0	0.0	1.0467	0.0	0.0	0.0	1428.55	0.0	0.0	0.0	0.0	0.001323	0.0	0.0	0.0	12.4222	0.0	0.0	0.0	0.0	10	0	0	0	42	0	0	0	0	58	0	0	0	23	0	0	0	0	344	0	0	0	50	0	0	0	0	52	0	0	0	0	0	0	0	0	16	0	0	0	0	0	0	0	0	311	0	0	0	0	0	0	0	0	0.003673	0.0	0.0	0.0	0.02405	0.0	0.0	0.0	0.0	0.132481	0.0	0.0	0.0	0.867519	0.0	0.0	0.0	0.0	
118	911	1493.931602928	4729.222	4729.222	5.83968	0.842617	791	0	0	0	116	0	0	0	0	5.0e-6	0.0	0.0	0.0	0.281533	0.0	0.0	0.0	0.0	1.0467	0.0	0.0	0.0	1446.49	0.0	0.0	0.0	0.0	0.001323	0.0	0.0	0.0	12.4697	0.0	0.0	0.0	0.0	10	0	0	0	42	0	0	0	0	58	0	0	0	23	0	0	0	0	344	0	0	0	51	0	0	0	0	52	0	0	0	0	0	0	0	0	16	0	0	0	0	0	0	0	0	311	0	0	0	0	0	0	0	0	0.003673	0.0	0.0	0.0	0.022577	0.0	0.0	0.0	0.0	0.139912	0.0	0.0	0.0	0.860088	0.0	0.0	0.0	0.0	
119	912	1498.662791558	4723.222	4723.222	5.64157	0.837566	791	0	0	0	117	0	0	0	0	5.0e-6	0.0	0.0	0.0	0.3233	0.0	0.0	0.0	0.0	1.0467	0.0	0.0	0.0	1451.22	0.0	0.0	0.0	0.0	0.001323	0.0	0.0	0.0	12.4036	0.0	0.0	0.0	0.0	10	0	0	0	43	0	0	0	0	58	0	0	0	23	0	0	0	0	344	0	0	0	51	0	0	0	0	52	0	0	0	0	0	0	0	0	16	0	0	0	0	0	0	0	0	311	0	0	0	0	0	0	0	0	0.003673	0.0	0.0	0.0	0.026065	0.0	0.0	0.0	0.0	0.123503	0.0	0.0	0.0	0.876497	0.0	0.0	0.0	0.0	
120	913	1501.766212971	4723.222	4723.222	5.59043	0.836209	791	0	0	0	118	0	0	0	0	5.0e-6	0.0	0.0	0.0	0.304858	0.0	0.0	0.0	0.0	1.0467	0.0	0.0	0.0	1454.32	0.0	0.0	0.0	0.0	0.001323	0.0	0.0	0.0	12.3248	0.0	0.0	0.0	0.0	10	0	0	0	43	0	0	0	0	58	0	0	0	23	0	0	0	0	344	0	0	0	52	0	0	0	0	52	0	0	0	0	0	0	0	0	16	0	0	0	0	0	0	0	0	311	0	0	0	0	0	0	0	0	0.003673	0.0	0.0	0.0	0.024735	0.0	0.0	0.0	0.0	0.129284	0.0	0.0	0.0	0.870716	0.0	0.0	0.0	0.0	
121	914	1511.17397278	4723.222	4723.222	5.55715	0.835313	791	0	0	0	119	0	0	0	0	5.0e-6	0.0	0.0	0.0	0.287351	0.0	0.0	0.0	0.0	1.0467	0.0	0.0	0.0	1463.73	0.0	0.0	0.0	0.0	0.001323	0.0	0.0	0.0	12.3002	0.0	0.0	0.0	0.0	10	0	0	0	43	0	0	0	0	58	0	0	0	23	0	0	0	0	344	0	0	0	53	0	0	0	0	52	0	0	0	0	0	0	0	0	16	0	0	0	0	0	0	0	0	311	0	0	0	0	0	0	0	0	0.003673	0.0	0.0	0.0	0.023361	0.0	0.0	0.0	0.0	0.135854	0.0	0.0	0.0	0.864146	0.0	0.0	0.0	0.0	
122	915	1524.828173704	4723.222	4723.222	5.45744	0.832572	791	0	0	0	120	0	0	0	0	5.0e-6	0.0	0.0	0.0	0.270725	0.0	0.0	0.0	0.0	1.0467	0.0	0.0	0.0	1477.38	0.0	0.0	0.0	0.0	0.001323	0.0	0.0	0.0	12.3115	0.0	0.0	0.0	0.0	10	0	0	0	43	0	0	0	0	58	0	0	0	23	0	0	0	0	344	0	0	0	54	0	0	0	0	52	0	0	0	0	0	0	0	0	16	0	0	0	0	0	0	0	0	311	0	0	0	0	0	0	0	0	0.003673	0.0	0.0	0.0	0.02199	0.0	0.0	0.0	0.0	0.143117	0.0	0.0	0.0	0.856883	0.0	0.0	0.0	0.0	
123	916	1528.975417644	4723.222	4723.222	5.3159	0.82852	791	0	0	0	121	0	0	0	0	5.0e-6	0.0	0.0	0.0	0.254928	0.0	0.0	0.0	0.0	1.0467	0.0	0.0	0.0	1481.53	0.0	0.0	0.0	0.0	0.001323	0.0	0.0	0.0	12.244	0.0	0.0	0.0	0.0	10	0	0	0	43	0	0	0	0	58	0	0	0	23	0	0	0	0	344	0	0	0	55	0	0	0	0	52	0	0	0	0	0	0	0	0	16	0	0	0	0	0	0	0	0	311	0	0	0	0	0	0	0	0	0.003673	0.0	0.0	0.0	0.020821	0.0	0.0	0.0	0.0	0.149947	0.0	0.0	0.0	0.850053	0.0	0.0	0.0	0.0	
124	917	1538.152017782	4723.222	4723.222	5.27364	0.827272	791	0	0	0	122	0	0	0	0	5.0e-6	0.0	0.0	0.0	0.239933	0.0	0.0	0.0	0.0	1.0467	0.0	0.0	0.0	1490.71	0.0	0.0	0.0	0.0	0.001323	0.0	0.0	0.0	12.2189	0.0	0.0	0.0	0.0	10	0	0	0	43	0	0	0	0	58	0	0	0	23	0	0	0	0	344	0	0	0	56	0	0	0	0	52	0	0	0	0	0	0	0	0	16	0	0	0	0	0	0	0	0	311	0	0	0	0	0	0	0	0	0.003673	0.0	0.0	0.0	0.019636	0.0	0.0	0.0	0.0	0.157566	0.0	0.0	0.0	0.842434	0.0	0.0	0.0	0.0	
125	918	1542.14739585	4723.222	4723.222	5.18133	0.824481	791	0	0	0	123	0	0	0	0	5.0e-6	0.0	0.0	0.0	0.225693	0.0	0.0	0.0	0.0	1.0467	0.0	0.0	0.0	1494.7	0.0	0.0	0.0	0.0	0.001323	0.0	0.0	0.0	12.152	0.0	0.0	0.0	0.0	10	0	0	0	43	0	0	0	0	58	0	0	0	23	0	0	0	0	344	0	0	0	57	0	0	0	0	52	0	0	0	0	0	0	0	0	16	0	0	0	0	0	0	0	0	311	0	0	0	0	0	0	0	0	0.003673	0.0	0.0	0.0	0.018572	0.0	0.0	0.0	0.0	0.165102	0.0	0.0	0.0	0.834898	0.0	0.0	0.0	0.0	
126	919	1548.747895389	4723.222	4723.222	5.14164	0.823254	791	0	0	0	124	0	0	0	0	5.0e-6	0.0	0.0	0.0	0.212176	0.0	0.0	0.0	0.0	1.0467	0.0	0.0	0.0	1501.3	0.0	0.0	0.0	0.0	0.001323	0.0	0.0	0.0	12.1073	0.0	0.0	0.0	0.0	10	0	0	0	43	0	0	0	0	58	0	0	0	23	0	0	0	0	344	0	0	0	58	0	0	0	0	52	0	0	0	0	0	0	0	0	16	0	0	0	0	0	0	0	0	311	0	0	0	0	0	0	0	0	0.003673	0.0	0.0	0.0	0.017525	0.0	0.0	0.0	0.0	0.173262	0.0	0.0	0.0	0.826738	0.0	0.0	0.0	0.0	
127	920	1562.796536278	4723.222	4723.222	5.07675	0.82121	791	0	0	0	125	0	0	0	0	5.0e-6	0.0	0.0	0.0	0.199344	0.0	0.0	0.0	0.0	1.0467	0.0	0.0	0.0	1515.35	0.0	0.0	0.0	0.0	0.001323	0.0	0.0	0.0	12.1228	0.0	0.0	0.0	0.0	10	0	0	0	43	0	0	0	0	58	0	0	0	23	0	0	0	0	344	0	0	0	59	0	0	0	0	52	0	0	0	0	0	0	0	0	16	0	0	0	0	0	0	0	0	311	0	0	0	0	0	0	0	0	0.003673	0.0	0.0	0.0	0.016444	0.0	0.0	0.0	0.0	0.182572	0.0	0.0	0.0	0.817428	0.0	0.0	0.0	0.0	
128	921	1568.45704661	4723.222	4723.222	4.94133	0.816789	791	0	0	0	126	0	0	0	0	5.0e-6	0.0	0.0	0.0	0.187151	0.0	0.0	0.0	0.0	1.0467	0.0	0.0	0.0	1521.01	0.0	0.0	0.0	0.0	0.001323	0.0	0.0	0.0	12.0715	0.0	0.0	0.0	0.0	10	0	0	0	43	0	0	0	0	58	0	0	0	23	0	0	0	0	344	0	0	0	60	0	0	0	0	52	0	0	0	0	0	0	0	0	16	0	0	0	0	0	0	0	0	311	0	0	0	0	0	0	0	0	0.003673	0.0	0.0	0.0	0.015504	0.0	0.0	0.0	0.0	0.191524	0.0	0.0	0.0	0.808476	0.0	0.0	0.0	0.0	
129	922	1573.162240391	4723.222	4723.222	4.88779	0.81498	791	0	0	0	127	0	0	0	0	5.0e-6	0.0	0.0	0.0	0.175577	0.0	0.0	0.0	0.0	1.0467	0.0	0.0	0.0	1525.72	0.0	0.0	0.0	0.0	0.001323	0.0	0.0	0.0	12.0135	0.0	0.0	0.0	0.0	10	0	0	0	43	0	0	0	0	58	0	0	0	23	0	0	0	0	344	0	0	0	61	0	0	0	0	52	0	0	0	0	0	0	0	0	16	0	0	0	0	0	0	0	0	311	0	0	0	0	0	0	0	0	0.003673	0.0	0.0	0.0	0.014615	0.0	0.0	0.0	0.0	0.20083	0.0	0.0	0.0	0.79917	0.0	0.0	0.0	0.0	
130	923	1585.46759195	4723.222	4723.222	4.84373	0.813465	791	0	0	0	128	0	0	0	0	5.0e-6	0.0	0.0	0.0	0.164592	0.0	0.0	0.0	0.0	1.0467	0.0	0.0	0.0	1538.02	0.0	0.0	0.0	0.0	0.001323	0.0	0.0	0.0	12.0158	0.0	0.0	0.0	0.0	10	0	0	0	43	0	0	0	0	58	0	0	0	23	0	0	0	0	344	0	0	0	62	0	0	0	0	52	0	0	0	0	0	0	0	0	16	0	0	0	0	0	0	0	0	311	0	0	0	0	0	0	0	0	0.003673	0.0	0.0	0.0	0.013698	0.0	0.0	0.0	0.0	0.211431	0.0	0.0	0.0	0.788569	0.0	0.0	0.0	0.0	
131	925	1594.418017002	4723.222	4723.222	4.73037	0.80945	792	0	0	0	129	0	0	0	0	4.0e-6	0.0	0.0	0.0	0.154375	0.0	0.0	0.0	0.0	1.04733	0.0	0.0	0.0	1546.97	0.0	0.0	0.0	0.0	0.001322	0.0	0.0	0.0	11.992	0.0	0.0	0.0	0.0	10	0	0	0	43	0	0	0	0	58	0	0	0	23	0	0	0	0	344	0	0	0	63	0	0	0	0	53	0	0	0	0	0	0	0	0	16	0	0	0	0	0	0	0	0	311	0	0	0	0	0	0	0	0	0.003308	0.0	0.0	0.0	0.012873	0.0	0.0	0.0	0.0	0.204417	0.0	0.0	0.0	0.795583	0.0	0.0	0.0	0.0	
132	926	1606.481476414	4723.222	4723.222	4.6496	0.806483	792	0	0	0	130	0	0	0	0	4.0e-6	0.0	0.0	0.0	0.144673	0.0	0.0	0.0	0.0	1.04733	0.0	0.0	0.0	1559.03	0.0	0.0	0.0	0.0	0.001322	0.0	0.0	0.0	11.9926	0.0	0.0	0.0	0.0	10	0	0	0	43	0	0	0	0	58	0	0	0	23	0	0	0	0	344	0	0	0	64	0	0	0	0	53	0	0	0	0	0	0	0	0	16	0	0	0	0	0	0	0	0	311	0	0	0	0	0	0	0	0	0.003308	0.0	0.0	0.0	0.012064	0.0	0.0	0.0	0.0	0.215184	0.0	0.0	0.0	0.784816	0.0	0.0	0.0	0.0	
133	927	1609.943613166	4723.222	4723.222	4.5429	0.802419	792	0	0	0	131	0	0	0	0	4.0e-6	0.0	0.0	0.0	0.135456	0.0	0.0	0.0	0.0	1.04733	0.0	0.0	0.0	1562.5	0.0	0.0	0.0	0.0	0.001322	0.0	0.0	0.0	11.9275	0.0	0.0	0.0	0.0	10	0	0	0	43	0	0	0	0	58	0	0	0	23	0	0	0	0	344	0	0	0	65	0	0	0	0	53	0	0	0	0	0	0	0	0	16	0	0	0	0	0	0	0	0	311	0	0	0	0	0	0	0	0	0.003308	0.0	0.0	0.0	0.011357	0.0	0.0	0.0	0.0	0.225557	0.0	0.0	0.0	0.774443	0.0	0.0	0.0	0.0	
134	929	1614.812541675	4723.222	4723.722	4.51272	0.801239	793	0	0	0	132	0	0	0	0	4.0e-6	0.0	0.0	0.0	0.126906	0.0	0.0	0.0	0.0	1.04784	0.0	0.0	0.0	1567.37	0.0	0.0	0.0	0.0	0.001321	0.0	0.0	0.0	11.874	0.0	0.0	0.0	0.0	10	0	0	0	43	0	0	0	0	58	0	0	0	23	0	0	0	0	345	0	0	0	66	0	0	0	0	53	0	0	0	0	0	0	0	0	16	0	0	0	0	0	0	0	0	311	0	0	0	0	0	0	0	0	0.00298	0.0	0.0	0.0	0.010688	0.0	0.0	0.0	0.0	0.218028	0.0	0.0	0.0	0.781972	0.0	0.0	0.0	0.0	
135	930	1617.159630246	4723.222	4723.722	4.47064	0.79957	793	0	0	0	133	0	0	0	0	4.0e-6	0.0	0.0	0.0	0.118792	0.0	0.0	0.0	0.0	1.04784	0.0	0.0	0.0	1569.71	0.0	0.0	0.0	0.0	0.001321	0.0	0.0	0.0	11.8024	0.0	0.0	0.0	0.0	10	0	0	0	43	0	0	0	0	58	0	0	0	23	0	0	0	0	345	0	0	0	67	0	0	0	0	53	0	0	0	0	0	0	0	0	16	0	0	0	0	0	0	0	0	311	0	0	0	0	0	0	0	0	0.00298	0.0	0.0	0.0	0.010065	0.0	0.0	0.0	0.0	0.228435	0.0	0.0	0.0	0.771565	0.0	0.0	0.0	0.0	
136	931	1625.635801756	4723.222	4723.722	4.45049	0.79876	793	0	0	0	134	0	0	0	0	4.0e-6	0.0	0.0	0.0	0.111093	0.0	0.0	0.0	0.0	1.04784	0.0	0.0	0.0	1578.19	0.0	0.0	0.0	0.0	0.001321	0.0	0.0	0.0	11.7775	0.0	0.0	0.0	0.0	10	0	0	0	43	0	0	0	0	58	0	0	0	23	0	0	0	0	345	0	0	0	68	0	0	0	0	53	0	0	0	0	0	0	0	0	16	0	0	0	0	0	0	0	0	311	0	0	0	0	0	0	0	0	0.00298	0.0	0.0	0.0	0.009433	0.0	0.0	0.0	0.0	0.240074	0.0	0.0	0.0	0.759926	0.0	0.0	0.0	0.0	
137	932	1655.587007772	4723.222	4723.722	4.37849	0.795814	793	0	0	0	135	0	0	0	0	4.0e-6	0.0	0.0	0.0	0.103784	0.0	0.0	0.0	0.0	1.04784	0.0	0.0	0.0	1608.14	0.0	0.0	0.0	0.0	0.001321	0.0	0.0	0.0	11.9121	0.0	0.0	0.0	0.0	10	0	0	0	43	0	0	0	0	58	0	0	0	23	0	0	0	0	345	0	0	0	69	0	0	0	0	53	0	0	0	0	0	0	0	0	16	0	0	0	0	0	0	0	0	311	0	0	0	0	0	0	0	0	0.00298	0.0	0.0	0.0	0.008712	0.0	0.0	0.0	0.0	0.254861	0.0	0.0	0.0	0.745139	0.0	0.0	0.0	0.0	
138	933	1657.874762699	4723.222	4723.722	4.13325	0.785103	793	0	0	0	136	0	0	0	0	4.0e-6	0.0	0.0	0.0	0.09682	0.0	0.0	0.0	0.0	1.04784	0.0	0.0	0.0	1610.43	0.0	0.0	0.0	0.0	0.001321	0.0	0.0	0.0	11.8414	0.0	0.0	0.0	0.0	10	0	0	0	43	0	0	0	0	58	0	0	0	23	0	0	0	0	345	0	0	0	70	0	0	0	0	53	0	0	0	0	0	0	0	0	16	0	0	0	0	0	0	0	0	311	0	0	0	0	0	0	0	0	0.00298	0.0	0.0	0.0	0.008176	0.0	0.0	0.0	0.0	0.267107	0.0	0.0	0.0	0.732893	0.0	0.0	0.0	0.0	
139	934	1690.374902764	4723.222	4723.722	4.11509	0.784265	793	0	0	0	137	0	0	0	0	4.0e-6	0.0	0.0	0.0	0.090215	0.0	0.0	0.0	0.0	1.04784	0.0	0.0	0.0	1642.93	0.0	0.0	0.0	0.0	0.001321	0.0	0.0	0.0	11.9922	0.0	0.0	0.0	0.0	10	0	0	0	43	0	0	0	0	58	0	0	0	23	0	0	0	0	345	0	0	0	71	0	0	0	0	53	0	0	0	0	0	0	0	0	16	0	0	0	0	0	0	0	0	311	0	0	0	0	0	0	0	0	0.00298	0.0	0.0	0.0	0.007523	0.0	0.0	0.0	0.0	0.28373	0.0	0.0	0.0	0.71627	0.0	0.0	0.0	0.0	
140	935	1702.361261452	4723.222	4723.722	3.86559	0.77206	793	0	0	0	138	0	0	0	0	4.0e-6	0.0	0.0	0.0	0.083917	0.0	0.0	0.0	0.0	1.04784	0.0	0.0	0.0	1654.91	0.0	0.0	0.0	0.0	0.001321	0.0	0.0	0.0	11.9921	0.0	0.0	0.0	0.0	10	0	0	0	43	0	0	0	0	58	0	0	0	23	0	0	0	0	345	0	0	0	72	0	0	0	0	53	0	0	0	0	0	0	0	0	16	0	0	0	0	0	0	0	0	311	0	0	0	0	0	0	0	0	0.00298	0.0	0.0	0.0	0.006998	0.0	0.0	0.0	0.0	0.298662	0.0	0.0	0.0	0.701338	0.0	0.0	0.0	0.0	
141	936	1706.078260703	4723.222	4723.722	3.77745	0.767414	793	0	0	0	139	0	0	0	0	4.0e-6	0.0	0.0	0.0	0.077934	0.0	0.0	0.0	0.0	1.04784	0.0	0.0	0.0	1658.63	0.0	0.0	0.0	0.0	0.001321	0.0	0.0	0.0	11.9326	0.0	0.0	0.0	0.0	10	0	0	0	43	0	0	0	0	58	0	0	0	23	0	0	0	0	345	0	0	0	73	0	0	0	0	53	0	0	0	0	0	0	0	0	16	0	0	0	0	0	0	0	0	311	0	0	0	0	0	0	0	0	0.00298	0.0	0.0	0.0	0.006531	0.0	0.0	0.0	0.0	0.31331	0.0	0.0	0.0	0.68669	0.0	0.0	0.0	0.0	
142	937	1716.662910879	4714.222	4714.222	3.75052	0.765957	793	0	0	0	140	0	0	0	0	4.0e-6	0.0	0.0	0.0	0.145073	0.0	0.0	0.0	0.0	1.04784	0.0	0.0	0.0	1669.22	0.0	0.0	0.0	0.0	0.001321	0.0	0.0	0.0	11.923	0.0	0.0	0.0	0.0	10	0	0	0	44	0	0	0	0	58	0	0	0	23	0	0	0	0	345	0	0	0	73	0	0	0	0	53	0	0	0	0	0	0	0	0	16	0	0	0	0	0	0	0	0	311	0	0	0	0	0	0	0	0	0.00298	0.0	0.0	0.0	0.012168	0.0	0.0	0.0	0.0	0.196729	0.0	0.0	0.0	0.803271	0.0	0.0	0.0	0.0	
143	938	1863.169595993	4708.222	4708.222	3.6749	0.761766	793	0	0	0	141	0	0	0	0	4.0e-6	0.0	0.0	0.0	0.198288	0.0	0.0	0.0	0.0	1.04784	0.0	0.0	0.0	1815.72	0.0	0.0	0.0	0.0	0.001321	0.0	0.0	0.0	12.8775	0.0	0.0	0.0	0.0	10	0	0	0	45	0	0	0	0	58	0	0	0	23	0	0	0	0	345	0	0	0	73	0	0	0	0	53	0	0	0	0	0	0	0	0	16	0	0	0	0	0	0	0	0	311	0	0	0	0	0	0	0	0	0.00298	0.0	0.0	0.0	0.015398	0.0	0.0	0.0	0.0	0.162147	0.0	0.0	0.0	0.837853	0.0	0.0	0.0	0.0	
144	940	1867.676857584	4696.722	4696.722	2.77203	0.697155	794	0	0	0	142	0	0	0	0	4.0e-6	0.0	0.0	0.0	0.245363	0.0	0.0	0.0	0.0	1.04806	0.0	0.0	0.0	1820.23	0.0	0.0	0.0	0.0	0.00132	0.0	0.0	0.0	12.8185	0.0	0.0	0.0	0.0	10	0	0	0	46	0	0	0	0	58	0	0	0	23	0	0	0	0	345	0	0	0	73	0	0	0	0	53	0	0	0	0	0	0	0	0	16	0	0	0	0	0	0	0	0	312	0	0	0	0	0	0	0	0	0.002685	0.0	0.0	0.0	0.019141	0.0	0.0	0.0	0.0	0.123006	0.0	0.0	0.0	0.876994	0.0	0.0	0.0	0.0	
145	941	1871.341499298	4696.722	4696.722	2.74809	0.694968	794	0	0	0	143	0	0	0	0	4.0e-6	0.0	0.0	0.0	0.231374	0.0	0.0	0.0	0.0	1.04806	0.0	0.0	0.0	1823.89	0.0	0.0	0.0	0.0	0.00132	0.0	0.0	0.0	12.7545	0.0	0.0	0.0	0.0	10	0	0	0	46	0	0	0	0	58	0	0	0	23	0	0	0	0	345	0	0	0	74	0	0	0	0	53	0	0	0	0	0	0	0	0	16	0	0	0	0	0	0	0	0	312	0	0	0	0	0	0	0	0	0.002685	0.0	0.0	0.0	0.018141	0.0	0.0	0.0	0.0	0.128917	0.0	0.0	0.0	0.871083	0.0	0.0	0.0	0.0	
146	942	1873.624019073	4696.722	4696.722	2.72877	0.69318	794	0	0	0	144	0	0	0	0	4.0e-6	0.0	0.0	0.0	0.218093	0.0	0.0	0.0	0.0	1.04806	0.0	0.0	0.0	1826.18	0.0	0.0	0.0	0.0	0.00132	0.0	0.0	0.0	12.6818	0.0	0.0	0.0	0.0	10	0	0	0	46	0	0	0	0	58	0	0	0	23	0	0	0	0	345	0	0	0	75	0	0	0	0	53	0	0	0	0	0	0	0	0	16	0	0	0	0	0	0	0	0	312	0	0	0	0	0	0	0	0	0.002685	0.0	0.0	0.0	0.017197	0.0	0.0	0.0	0.0	0.135033	0.0	0.0	0.0	0.864967	0.0	0.0	0.0	0.0	
147	943	1876.491301472	4696.722	4696.722	2.71681	0.692063	794	0	0	0	145	0	0	0	0	4.0e-6	0.0	0.0	0.0	0.205486	0.0	0.0	0.0	0.0	1.04806	0.0	0.0	0.0	1829.04	0.0	0.0	0.0	0.0	0.00132	0.0	0.0	0.0	12.6141	0.0	0.0	0.0	0.0	10	0	0	0	46	0	0	0	0	58	0	0	0	23	0	0	0	0	345	0	0	0	76	0	0	0	0	53	0	0	0	0	0	0	0	0	16	0	0	0	0	0	0	0	0	312	0	0	0	0	0	0	0	0	0.002685	0.0	0.0	0.0	0.01629	0.0	0.0	0.0	0.0	0.141489	0.0	0.0	0.0	0.858511	0.0	0.0	0.0	0.0	
148	944	1884.74376533	4696.222	4696.222	2.70186	0.690655	794	0	0	0	146	0	0	0	0	4.0e-6	0.0	0.0	0.0	0.251759	0.0	0.0	0.0	0.0	1.04806	0.0	0.0	0.0	1837.3	0.0	0.0	0.0	0.0	0.00132	0.0	0.0	0.0	12.5842	0.0	0.0	0.0	0.0	10	0	0	0	47	0	0	0	0	58	0	0	0	23	0	0	0	0	345	0	0	0	76	0	0	0	0	53	0	0	0	0	0	0	0	0	16	0	0	0	0	0	0	0	0	312	0	0	0	0	0	0	0	0	0.002685	0.0	0.0	0.0	0.020006	0.0	0.0	0.0	0.0	0.118319	0.0	0.0	0.0	0.881681	0.0	0.0	0.0	0.0	
149	945	1890.283474572	4696.222	4696.222	2.65929	0.686575	794	0	0	0	147	0	0	0	0	4.0e-6	0.0	0.0	0.0	0.237482	0.0	0.0	0.0	0.0	1.04806	0.0	0.0	0.0	1842.84	0.0	0.0	0.0	0.0	0.00132	0.0	0.0	0.0	12.5363	0.0	0.0	0.0	0.0	10	0	0	0	47	0	0	0	0	58	0	0	0	23	0	0	0	0	345	0	0	0	77	0	0	0	0	53	0	0	0	0	0	0	0	0	16	0	0	0	0	0	0	0	0	312	0	0	0	0	0	0	0	0	0.002685	0.0	0.0	0.0	0.018944	0.0	0.0	0.0	0.0	0.124131	0.0	0.0	0.0	0.875869	0.0	0.0	0.0	0.0	
150	946	1896.117117595	4696.222	4696.222	2.63109	0.683813	794	0	0	0	148	0	0	0	0	4.0e-6	0.0	0.0	0.0	0.223925	0.0	0.0	0.0	0.0	1.04806	0.0	0.0	0.0	1848.67	0.0	0.0	0.0	0.0	0.00132	0.0	0.0	0.0	12.491	0.0	0.0	0.0	0.0	10	0	0	0	47	0	0	0	0	58	0	0	0	23	0	0	0	0	345	0	0	0	78	0	0	0	0	53	0	0	0	0	0	0	0	0	16	0	0	0	0	0	0	0	0	312	0	0	0	0	0	0	0	0	0.002685	0.0	0.0	0.0	0.017927	0.0	0.0	0.0	0.0	0.130254	0.0	0.0	0.0	0.869746	0.0	0.0	0.0	0.0	
151	947	1899.34694222	4696.222	4696.222	2.60172	0.680886	794	0	0	0	149	0	0	0	0	4.0e-6	0.0	0.0	0.0	0.211052	0.0	0.0	0.0	0.0	1.04806	0.0	0.0	0.0	1851.9	0.0	0.0	0.0	0.0	0.00132	0.0	0.0	0.0	12.4289	0.0	0.0	0.0	0.0	10	0	0	0	47	0	0	0	0	58	0	0	0	23	0	0	0	0	345	0	0	0	79	0	0	0	0	53	0	0	0	0	0	0	0	0	16	0	0	0	0	0	0	0	0	312	0	0	0	0	0	0	0	0	0.002685	0.0	0.0	0.0	0.016981	0.0	0.0	0.0	0.0	0.13652	0.0	0.0	0.0	0.86348	0.0	0.0	0.0	0.0	
152	948	1901.647129243	4696.222	4696.222	2.5856	0.679256	794	0	0	0	150	0	0	0	0	4.0e-6	0.0	0.0	0.0	0.198831	0.0	0.0	0.0	0.0	1.04806	0.0	0.0	0.0	1854.2	0.0	0.0	0.0	0.0	0.00132	0.0	0.0	0.0	12.3613	0.0	0.0	0.0	0.0	10	0	0	0	47	0	0	0	0	58	0	0	0	23	0	0	0	0	345	0	0	0	80	0	0	0	0	53	0	0	0	0	0	0	0	0	16	0	0	0	0	0	0	0	0	312	0	0	0	0	0	0	0	0	0.002685	0.0	0.0	0.0	0.016085	0.0	0.0	0.0	0.0	0.143036	0.0	0.0	0.0	0.856964	0.0	0.0	0.0	0.0	
153	949	1927.028125821	4694.722	4694.722	2.57418	0.678091	794	0	0	0	151	0	0	0	0	4.0e-6	0.0	0.0	0.0	0.245575	0.0	0.0	0.0	0.0	1.04806	0.0	0.0	0.0	1879.58	0.0	0.0	0.0	0.0	0.00132	0.0	0.0	0.0	12.4476	0.0	0.0	0.0	0.0	10	0	0	0	48	0	0	0	0	58	0	0	0	23	0	0	0	0	345	0	0	0	80	0	0	0	0	53	0	0	0	0	0	0	0	0	16	0	0	0	0	0	0	0	0	312	0	0	0	0	0	0	0	0	0.002685	0.0	0.0	0.0	0.019729	0.0	0.0	0.0	0.0	0.119782	0.0	0.0	0.0	0.880218	0.0	0.0	0.0	0.0	
154	950	1942.248847978	4694.222	4694.222	2.45147	0.665033	794	0	0	0	152	0	0	0	0	4.0e-6	0.0	0.0	0.0	0.28843	0.0	0.0	0.0	0.0	1.04806	0.0	0.0	0.0	1894.8	0.0	0.0	0.0	0.0	0.00132	0.0	0.0	0.0	12.4658	0.0	0.0	0.0	0.0	10	0	0	0	49	0	0	0	0	58	0	0	0	23	0	0	0	0	345	0	0	0	80	0	0	0	0	53	0	0	0	0	0	0	0	0	16	0	0	0	0	0	0	0	0	312	0	0	0	0	0	0	0	0	0.002685	0.0	0.0	0.0	0.023138	0.0	0.0	0.0	0.0	0.103969	0.0	0.0	0.0	0.896031	0.0	0.0	0.0	0.0	
155	951	1950.306598858	4694.222	4694.222	2.3807	0.657018	794	0	0	0	153	0	0	0	0	4.0e-6	0.0	0.0	0.0	0.272335	0.0	0.0	0.0	0.0	1.04806	0.0	0.0	0.0	1902.86	0.0	0.0	0.0	0.0	0.00132	0.0	0.0	0.0	12.437	0.0	0.0	0.0	0.0	10	0	0	0	49	0	0	0	0	58	0	0	0	23	0	0	0	0	345	0	0	0	81	0	0	0	0	53	0	0	0	0	0	0	0	0	16	0	0	0	0	0	0	0	0	312	0	0	0	0	0	0	0	0	0.002685	0.0	0.0	0.0	0.021897	0.0	0.0	0.0	0.0	0.109216	0.0	0.0	0.0	0.890784	0.0	0.0	0.0	0.0	
156	952	1954.012449753	4694.222	4694.222	2.34407	0.652719	794	0	0	0	154	0	0	0	0	4.0e-6	0.0	0.0	0.0	0.257049	0.0	0.0	0.0	0.0	1.04806	0.0	0.0	0.0	1906.56	0.0	0.0	0.0	0.0	0.00132	0.0	0.0	0.0	12.3803	0.0	0.0	0.0	0.0	10	0	0	0	49	0	0	0	0	58	0	0	0	23	0	0	0	0	345	0	0	0	82	0	0	0	0	53	0	0	0	0	0	0	0	0	16	0	0	0	0	0	0	0	0	312	0	0	0	0	0	0	0	0	0.002685	0.0	0.0	0.0	0.020763	0.0	0.0	0.0	0.0	0.1145	0.0	0.0	0.0	0.8855	0.0	0.0	0.0	0.0	
157	953	1958.39960268	4694.222	4694.222	2.32741	0.650729	794	0	0	0	155	0	0	0	0	4.0e-6	0.0	0.0	0.0	0.242534	0.0	0.0	0.0	0.0	1.04806	0.0	0.0	0.0	1910.95	0.0	0.0	0.0	0.0	0.00132	0.0	0.0	0.0	12.3287	0.0	0.0	0.0	0.0	10	0	0	0	49	0	0	0	0	58	0	0	0	23	0	0	0	0	345	0	0	0	83	0	0	0	0	53	0	0	0	0	0	0	0	0	16	0	0	0	0	0	0	0	0	312	0	0	0	0	0	0	0	0	0.002685	0.0	0.0	0.0	0.019672	0.0	0.0	0.0	0.0	0.120085	0.0	0.0	0.0	0.879915	0.0	0.0	0.0	0.0	
158	954	2005.813971384	4694.222	4694.222	2.30784	0.648363	794	0	0	0	156	0	0	0	0	4.0e-6	0.0	0.0	0.0	0.228753	0.0	0.0	0.0	0.0	1.04806	0.0	0.0	0.0	1958.37	0.0	0.0	0.0	0.0	0.00132	0.0	0.0	0.0	12.5536	0.0	0.0	0.0	0.0	10	0	0	0	49	0	0	0	0	58	0	0	0	23	0	0	0	0	345	0	0	0	84	0	0	0	0	53	0	0	0	0	0	0	0	0	16	0	0	0	0	0	0	0	0	312	0	0	0	0	0	0	0	0	0.002685	0.0	0.0	0.0	0.018222	0.0	0.0	0.0	0.0	0.128415	0.0	0.0	0.0	0.871585	0.0	0.0	0.0	0.0	
159	955	2010.508988185	4694.222	4694.222	2.10658	0.62207	794	0	0	0	157	0	0	0	0	4.0e-6	0.0	0.0	0.0	0.21563	0.0	0.0	0.0	0.0	1.04806	0.0	0.0	0.0	1963.06	0.0	0.0	0.0	0.0	0.00132	0.0	0.0	0.0	12.5036	0.0	0.0	0.0	0.0	10	0	0	0	49	0	0	0	0	58	0	0	0	23	0	0	0	0	345	0	0	0	85	0	0	0	0	53	0	0	0	0	0	0	0	0	16	0	0	0	0	0	0	0	0	312	0	0	0	0	0	0	0	0	0.002685	0.0	0.0	0.0	0.017246	0.0	0.0	0.0	0.0	0.134707	0.0	0.0	0.0	0.865293	0.0	0.0	0.0	0.0	
160	956	2027.062395091	4694.222	4694.222	2.08763	0.619395	794	0	0	0	158	0	0	0	0	4.0e-6	0.0	0.0	0.0	0.20317	0.0	0.0	0.0	0.0	1.04806	0.0	0.0	0.0	1979.61	0.0	0.0	0.0	0.0	0.00132	0.0	0.0	0.0	12.5292	0.0	0.0	0.0	0.0	10	0	0	0	49	0	0	0	0	58	0	0	0	23	0	0	0	0	345	0	0	0	86	0	0	0	0	53	0	0	0	0	0	0	0	0	16	0	0	0	0	0	0	0	0	312	0	0	0	0	0	0	0	0	0.002685	0.0	0.0	0.0	0.016216	0.0	0.0	0.0	0.0	0.142046	0.0	0.0	0.0	0.857954	0.0	0.0	0.0	0.0	
161	957	2030.720934586	4694.222	4694.222	2.02218	0.609866	794	0	0	0	159	0	0	0	0	4.0e-6	0.0	0.0	0.0	0.19133	0.0	0.0	0.0	0.0	1.04806	0.0	0.0	0.0	1983.27	0.0	0.0	0.0	0.0	0.00132	0.0	0.0	0.0	12.4734	0.0	0.0	0.0	0.0	10	0	0	0	49	0	0	0	0	58	0	0	0	23	0	0	0	0	345	0	0	0	87	0	0	0	0	53	0	0	0	0	0	0	0	0	16	0	0	0	0	0	0	0	0	312	0	0	0	0	0	0	0	0	0.002685	0.0	0.0	0.0	0.015339	0.0	0.0	0.0	0.0	0.148956	0.0	0.0	0.0	0.851044	0.0	0.0	0.0	0.0	
162	958	2058.53702435	4694.222	4694.222	2.00799	0.607738	794	0	0	0	160	0	0	0	0	4.0e-6	0.0	0.0	0.0	0.180089	0.0	0.0	0.0	0.0	1.04806	0.0	0.0	0.0	2011.09	0.0	0.0	0.0	0.0	0.00132	0.0	0.0	0.0	12.5693	0.0	0.0	0.0	0.0	10	0	0	0	49	0	0	0	0	58	0	0	0	23	0	0	0	0	345	0	0	0	88	0	0	0	0	53	0	0	0	0	0	0	0	0	16	0	0	0	0	0	0	0	0	312	0	0	0	0	0	0	0	0	0.002685	0.0	0.0	0.0	0.014328	0.0	0.0	0.0	0.0	0.157811	0.0	0.0	0.0	0.842189	0.0	0.0	0.0	0.0	
163	959	2077.718388638	4692.722	4692.722	1.90333	0.591321	794	0	0	0	161	0	0	0	0	4.0e-6	0.0	0.0	0.0	0.228766	0.0	0.0	0.0	0.0	1.04806	0.0	0.0	0.0	2030.27	0.0	0.0	0.0	0.0	0.00132	0.0	0.0	0.0	12.6104	0.0	0.0	0.0	0.0	10	0	0	0	50	0	0	0	0	58	0	0	0	23	0	0	0	0	345	0	0	0	88	0	0	0	0	53	0	0	0	0	0	0	0	0	16	0	0	0	0	0	0	0	0	312	0	0	0	0	0	0	0	0	0.002685	0.0	0.0	0.0	0.018141	0.0	0.0	0.0	0.0	0.128914	0.0	0.0	0.0	0.871086	0.0	0.0	0.0	0.0	
164	960	2080.044981762	4692.722	4692.722	1.83435	0.579753	794	0	0	0	162	0	0	0	0	4.0e-6	0.0	0.0	0.0	0.215635	0.0	0.0	0.0	0.0	1.04806	0.0	0.0	0.0	2032.6	0.0	0.0	0.0	0.0	0.00132	0.0	0.0	0.0	12.5469	0.0	0.0	0.0	0.0	10	0	0	0	50	0	0	0	0	58	0	0	0	23	0	0	0	0	345	0	0	0	89	0	0	0	0	53	0	0	0	0	0	0	0	0	16	0	0	0	0	0	0	0	0	312	0	0	0	0	0	0	0	0	0.002685	0.0	0.0	0.0	0.017186	0.0	0.0	0.0	0.0	0.135108	0.0	0.0	0.0	0.864892	0.0	0.0	0.0	0.0	
165	961	2179.872368174	4692.722	4692.722	1.82615	0.578337	794	0	0	0	163	0	0	0	0	4.0e-6	0.0	0.0	0.0	0.203169	0.0	0.0	0.0	0.0	1.04806	0.0	0.0	0.0	2132.42	0.0	0.0	0.0	0.0	0.00132	0.0	0.0	0.0	13.0824	0.0	0.0	0.0	0.0	10	0	0	0	50	0	0	0	0	58	0	0	0	23	0	0	0	0	345	0	0	0	90	0	0	0	0	53	0	0	0	0	0	0	0	0	16	0	0	0	0	0	0	0	0	312	0	0	0	0	0	0	0	0	0.002685	0.0	0.0	0.0	0.01553	0.0	0.0	0.0	0.0	0.147394	0.0	0.0	0.0	0.852606	0.0	0.0	0.0	0.0	
166	963	2194.528828449	4692.722	4692.722	1.50696	0.515001	795	0	0	0	164	0	0	0	0	3.0e-6	0.0	0.0	0.0	0.191428	0.0	0.0	0.0	0.0	1.04831	0.0	0.0	0.0	2147.08	0.0	0.0	0.0	0.0	0.001319	0.0	0.0	0.0	13.092	0.0	0.0	0.0	0.0	10	0	0	0	50	0	0	0	0	58	0	0	0	23	0	0	0	0	345	0	0	0	91	0	0	0	0	53	0	0	0	0	0	0	0	0	16	0	0	0	0	0	0	0	0	313	0	0	0	0	0	0	0	0	0.002419	0.0	0.0	0.0	0.014622	0.0	0.0	0.0	0.0	0.14194	0.0	0.0	0.0	0.85806	0.0	0.0	0.0	0.0	
167	964	2198.933353622	4692.722	4692.722	1.46505	0.505317	795	0	0	0	165	0	0	0	0	3.0e-6	0.0	0.0	0.0	0.180274	0.0	0.0	0.0	0.0	1.04831	0.0	0.0	0.0	2151.49	0.0	0.0	0.0	0.0	0.001319	0.0	0.0	0.0	13.0393	0.0	0.0	0.0	0.0	10	0	0	0	50	0	0	0	0	58	0	0	0	23	0	0	0	0	345	0	0	0	92	0	0	0	0	53	0	0	0	0	0	0	0	0	16	0	0	0	0	0	0	0	0	313	0	0	0	0	0	0	0	0	0.002419	0.0	0.0	0.0	0.013825	0.0	0.0	0.0	0.0	0.148899	0.0	0.0	0.0	0.851101	0.0	0.0	0.0	0.0	
168	965	2212.492236061	4692.722	4692.722	1.45269	0.50239	795	0	0	0	166	0	0	0	0	3.0e-6	0.0	0.0	0.0	0.169683	0.0	0.0	0.0	0.0	1.04831	0.0	0.0	0.0	2165.04	0.0	0.0	0.0	0.0	0.001319	0.0	0.0	0.0	13.0424	0.0	0.0	0.0	0.0	10	0	0	0	50	0	0	0	0	58	0	0	0	23	0	0	0	0	345	0	0	0	93	0	0	0	0	53	0	0	0	0	0	0	0	0	16	0	0	0	0	0	0	0	0	313	0	0	0	0	0	0	0	0	0.002419	0.0	0.0	0.0	0.01301	0.0	0.0	0.0	0.0	0.156768	0.0	0.0	0.0	0.843232	0.0	0.0	0.0	0.0	
169	966	2215.661582299	4692.722	4692.722	1.41527	0.49333	795	0	0	0	167	0	0	0	0	3.0e-6	0.0	0.0	0.0	0.159622	0.0	0.0	0.0	0.0	1.04831	0.0	0.0	0.0	2168.21	0.0	0.0	0.0	0.0	0.001319	0.0	0.0	0.0	12.9833	0.0	0.0	0.0	0.0	10	0	0	0	50	0	0	0	0	58	0	0	0	23	0	0	0	0	345	0	0	0	94	0	0	0	0	53	0	0	0	0	0	0	0	0	16	0	0	0	0	0	0	0	0	313	0	0	0	0	0	0	0	0	0.002419	0.0	0.0	0.0	0.012294	0.0	0.0	0.0	0.0	0.164393	0.0	0.0	0.0	0.835607	0.0	0.0	0.0	0.0	
170	967	2229.474452325	4692.722	4692.722	1.40667	0.491202	795	0	0	0	168	0	0	0	0	3.0e-6	0.0	0.0	0.0	0.15007	0.0	0.0	0.0	0.0	1.04831	0.0	0.0	0.0	2182.03	0.0	0.0	0.0	0.0	0.001319	0.0	0.0	0.0	12.9883	0.0	0.0	0.0	0.0	10	0	0	0	50	0	0	0	0	58	0	0	0	23	0	0	0	0	345	0	0	0	95	0	0	0	0	53	0	0	0	0	0	0	0	0	16	0	0	0	0	0	0	0	0	313	0	0	0	0	0	0	0	0	0.002419	0.0	0.0	0.0	0.011554	0.0	0.0	0.0	0.0	0.1731	0.0	0.0	0.0	0.8269	0.0	0.0	0.0	0.0	
171	968	2248.844382664	4692.722	4692.722	1.36977	0.481884	795	0	0	0	169	0	0	0	0	3.0e-6	0.0	0.0	0.0	0.140996	0.0	0.0	0.0	0.0	1.04831	0.0	0.0	0.0	2201.4	0.0	0.0	0.0	0.0	0.001319	0.0	0.0	0.0	13.026	0.0	0.0	0.0	0.0	10	0	0	0	50	0	0	0	0	58	0	0	0	23	0	0	0	0	345	0	0	0	96	0	0	0	0	53	0	0	0	0	0	0	0	0	16	0	0	0	0	0	0	0	0	313	0	0	0	0	0	0	0	0	0.002419	0.0	0.0	0.0	0.010824	0.0	0.0	0.0	0.0	0.182644	0.0	0.0	0.0	0.817356	0.0	0.0	0.0	0.0	
172	969	2258.237413823	4692.722	4692.722	1.31965	0.468707	795	0	0	0	170	0	0	0	0	3.0e-6	0.0	0.0	0.0	0.132371	0.0	0.0	0.0	0.0	1.04831	0.0	0.0	0.0	2210.79	0.0	0.0	0.0	0.0	0.001319	0.0	0.0	0.0	13.0046	0.0	0.0	0.0	0.0	10	0	0	0	50	0	0	0	0	58	0	0	0	23	0	0	0	0	345	0	0	0	97	0	0	0	0	53	0	0	0	0	0	0	0	0	16	0	0	0	0	0	0	0	0	313	0	0	0	0	0	0	0	0	0.002419	0.0	0.0	0.0	0.010179	0.0	0.0	0.0	0.0	0.192002	0.0	0.0	0.0	0.807998	0.0	0.0	0.0	0.0	
173	970	2274.428696266	4692.722	4692.722	1.29601	0.462272	795	0	0	0	171	0	0	0	0	3.0e-6	0.0	0.0	0.0	0.12418	0.0	0.0	0.0	0.0	1.04831	0.0	0.0	0.0	2226.98	0.0	0.0	0.0	0.0	0.001319	0.0	0.0	0.0	13.0233	0.0	0.0	0.0	0.0	10	0	0	0	50	0	0	0	0	58	0	0	0	23	0	0	0	0	345	0	0	0	98	0	0	0	0	53	0	0	0	0	0	0	0	0	16	0	0	0	0	0	0	0	0	313	0	0	0	0	0	0	0	0	0.002419	0.0	0.0	0.0	0.009535	0.0	0.0	0.0	0.0	0.202338	0.0	0.0	0.0	0.797662	0.0	0.0	0.0	0.0	
174	971	2276.654831691	4692.722	4692.722	1.25625	0.45112	795	0	0	0	172	0	0	0	0	3.0e-6	0.0	0.0	0.0	0.116396	0.0	0.0	0.0	0.0	1.04831	0.0	0.0	0.0	2229.21	0.0	0.0	0.0	0.0	0.001319	0.0	0.0	0.0	12.9605	0.0	0.0	0.0	0.0	10	0	0	0	50	0	0	0	0	58	0	0	0	23	0	0	0	0	345	0	0	0	99	0	0	0	0	53	0	0	0	0	0	0	0	0	16	0	0	0	0	0	0	0	0	313	0	0	0	0	0	0	0	0	0.002419	0.0	0.0	0.0	0.008981	0.0	0.0	0.0	0.0	0.212178	0.0	0.0	0.0	0.787822	0.0	0.0	0.0	0.0	
175	972	2285.442659159	4692.722	4692.722	1.25088	0.449581	795	0	0	0	173	0	0	0	0	3.0e-6	0.0	0.0	0.0	0.109009	0.0	0.0	0.0	0.0	1.04831	0.0	0.0	0.0	2237.99	0.0	0.0	0.0	0.0	0.001319	0.0	0.0	0.0	12.9364	0.0	0.0	0.0	0.0	10	0	0	0	50	0	0	0	0	58	0	0	0	23	0	0	0	0	345	0	0	0	100	0	0	0	0	53	0	0	0	0	0	0	0	0	16	0	0	0	0	0	0	0	0	313	0	0	0	0	0	0	0	0	0.002419	0.0	0.0	0.0	0.008427	0.0	0.0	0.0	0.0	0.223023	0.0	0.0	0.0	0.776977	0.0	0.0	0.0	0.0	
176	973	2288.397357456	4692.722	4692.722	1.2299	0.443492	795	0	0	0	174	0	0	0	0	3.0e-6	0.0	0.0	0.0	0.101994	0.0	0.0	0.0	0.0	1.04831	0.0	0.0	0.0	2240.95	0.0	0.0	0.0	0.0	0.001319	0.0	0.0	0.0	12.879	0.0	0.0	0.0	0.0	10	0	0	0	50	0	0	0	0	58	0	0	0	23	0	0	0	0	345	0	0	0	101	0	0	0	0	53	0	0	0	0	0	0	0	0	16	0	0	0	0	0	0	0	0	313	0	0	0	0	0	0	0	0	0.002419	0.0	0.0	0.0	0.007919	0.0	0.0	0.0	0.0	0.233963	0.0	0.0	0.0	0.766037	0.0	0.0	0.0	0.0	
177	974	2292.778463884	4692.722	4692.722	1.22293	0.441441	795	0	0	0	175	0	0	0	0	3.0e-6	0.0	0.0	0.0	0.095336	0.0	0.0	0.0	0.0	1.04831	0.0	0.0	0.0	2245.33	0.0	0.0	0.0	0.0	0.001319	0.0	0.0	0.0	12.8305	0.0	0.0	0.0	0.0	10	0	0	0	50	0	0	0	0	58	0	0	0	23	0	0	0	0	345	0	0	0	102	0	0	0	0	53	0	0	0	0	0	0	0	0	16	0	0	0	0	0	0	0	0	313	0	0	0	0	0	0	0	0	0.002419	0.0	0.0	0.0	0.00743	0.0	0.0	0.0	0.0	0.245577	0.0	0.0	0.0	0.754423	0.0	0.0	0.0	0.0	
178	975	2295.391872208	4692.722	4692.722	1.21266	0.438395	795	0	0	0	176	0	0	0	0	3.0e-6	0.0	0.0	0.0	0.089018	0.0	0.0	0.0	0.0	1.04831	0.0	0.0	0.0	2247.94	0.0	0.0	0.0	0.0	0.001319	0.0	0.0	0.0	12.7724	0.0	0.0	0.0	0.0	10	0	0	0	50	0	0	0	0	58	0	0	0	23	0	0	0	0	345	0	0	0	103	0	0	0	0	53	0	0	0	0	0	0	0	0	16	0	0	0	0	0	0	0	0	313	0	0	0	0	0	0	0	0	0.002419	0.0	0.0	0.0	0.00697	0.0	0.0	0.0	0.0	0.257634	0.0	0.0	0.0	0.742366	0.0	0.0	0.0	0.0	
179	976	2297.803602058	4692.722	4692.722	1.20657	0.436576	795	0	0	0	177	0	0	0	0	3.0e-6	0.0	0.0	0.0	0.083022	0.0	0.0	0.0	0.0	1.04831	0.0	0.0	0.0	2250.36	0.0	0.0	0.0	0.0	0.001319	0.0	0.0	0.0	12.7139	0.0	0.0	0.0	0.0	10	0	0	0	50	0	0	0	0	58	0	0	0	23	0	0	0	0	345	0	0	0	104	0	0	0	0	53	0	0	0	0	0	0	0	0	16	0	0	0	0	0	0	0	0	313	0	0	0	0	0	0	0	0	0.002419	0.0	0.0	0.0	0.00653	0.0	0.0	0.0	0.0	0.270286	0.0	0.0	0.0	0.729714	0.0	0.0	0.0	0.0	
180	978	2312.25148487	4692.722	4692.722	1.20099	0.434896	796	0	0	0	178	0	0	0	0	3.0e-6	0.0	0.0	0.0	0.077486	0.0	0.0	0.0	0.0	1.04869	0.0	0.0	0.0	2264.8	0.0	0.0	0.0	0.0	0.001317	0.0	0.0	0.0	12.7236	0.0	0.0	0.0	0.0	10	0	0	0	50	0	0	0	0	58	0	0	0	23	0	0	0	0	346	0	0	0	105	0	0	0	0	53	0	0	0	0	0	0	0	0	16	0	0	0	0	0	0	0	0	313	0	0	0	0	0	0	0	0	0.00218	0.0	0.0	0.0	0.00609	0.0	0.0	0.0	0.0	0.263568	0.0	0.0	0.0	0.736432	0.0	0.0	0.0	0.0	
181	980	2321.254073413	4692.722	4692.722	1.16805	0.424805	797	0	0	0	179	0	0	0	0	3.0e-6	0.0	0.0	0.0	0.072363	0.0	0.0	0.0	0.0	1.04936	0.0	0.0	0.0	2273.8	0.0	0.0	0.0	0.0	0.001317	0.0	0.0	0.0	12.7028	0.0	0.0	0.0	0.0	10	0	0	0	50	0	0	0	0	58	0	0	0	23	0	0	0	0	346	0	0	0	106	0	0	0	0	54	0	0	0	0	0	0	0	0	16	0	0	0	0	0	0	0	0	313	0	0	0	0	0	0	0	0	0.001963	0.0	0.0	0.0	0.005697	0.0	0.0	0.0	0.0	0.256263	0.0	0.0	0.0	0.743737	0.0	0.0	0.0	0.0	
182	981	2331.396340097	4692.722	4692.722	1.14799	0.418497	797	0	0	0	180	0	0	0	0	3.0e-6	0.0	0.0	0.0	0.067498	0.0	0.0	0.0	0.0	1.04936	0.0	0.0	0.0	2283.95	0.0	0.0	0.0	0.0	0.001317	0.0	0.0	0.0	12.6886	0.0	0.0	0.0	0.0	10	0	0	0	50	0	0	0	0	58	0	0	0	23	0	0	0	0	346	0	0	0	107	0	0	0	0	54	0	0	0	0	0	0	0	0	16	0	0	0	0	0	0	0	0	313	0	0	0	0	0	0	0	0	0.001963	0.0	0.0	0.0	0.00532	0.0	0.0	0.0	0.0	0.269529	0.0	0.0	0.0	0.730471	0.0	0.0	0.0	0.0	
183	982	2333.502690485	4692.722	4692.722	1.1258	0.411373	797	0	0	0	181	0	0	0	0	3.0e-6	0.0	0.0	0.0	0.062878	0.0	0.0	0.0	0.0	1.04936	0.0	0.0	0.0	2286.05	0.0	0.0	0.0	0.0	0.001317	0.0	0.0	0.0	12.6301	0.0	0.0	0.0	0.0	10	0	0	0	50	0	0	0	0	58	0	0	0	23	0	0	0	0	346	0	0	0	108	0	0	0	0	54	0	0	0	0	0	0	0	0	16	0	0	0	0	0	0	0	0	313	0	0	0	0	0	0	0	0	0.001963	0.0	0.0	0.0	0.004978	0.0	0.0	0.0	0.0	0.282778	0.0	0.0	0.0	0.717222	0.0	0.0	0.0	0.0	
184	984	2361.296773653	4692.722	4692.722	1.12125	0.409891	798	0	0	0	182	0	0	0	0	2.0e-6	0.0	0.0	0.0	0.058617	0.0	0.0	0.0	0.0	1.0496	0.0	0.0	0.0	2313.85	0.0	0.0	0.0	0.0	0.001315	0.0	0.0	0.0	12.7134	0.0	0.0	0.0	0.0	10	0	0	0	50	0	0	0	0	58	0	0	0	23	0	0	0	0	346	0	0	0	109	0	0	0	0	54	0	0	0	0	0	0	0	0	16	0	0	0	0	0	0	0	0	314	0	0	0	0	0	0	0	0	0.001768	0.0	0.0	0.0	0.004611	0.0	0.0	0.0	0.0	0.277216	0.0	0.0	0.0	0.722784	0.0	0.0	0.0	0.0	
185	987	2368.175848337	4689.722	4689.722	1.06285	0.390289	800	0	0	0	183	0	0	0	0	2.0e-6	0.0	0.0	0.0	0.120334	0.0	0.0	0.0	0.0	1.05046	0.0	0.0	0.0	2320.73	0.0	0.0	0.0	0.0	0.001313	0.0	0.0	0.0	12.6816	0.0	0.0	0.0	0.0	10	0	0	0	51	0	0	0	0	58	0	0	0	23	0	0	0	0	346	0	0	0	109	0	0	0	0	55	0	0	0	0	0	0	0	0	16	0	0	0	0	0	0	0	0	315	0	0	0	0	0	0	0	0	0.001435	0.0	0.0	0.0	0.009489	0.0	0.0	0.0	0.0	0.131346	0.0	0.0	0.0	0.868654	0.0	0.0	0.0	0.0	
186	989	2371.753869838	4689.722	4689.722	1.04887	0.385426	801	0	0	0	184	0	0	0	0	2.0e-6	0.0	0.0	0.0	0.113497	0.0	0.0	0.0	0.0	1.05079	0.0	0.0	0.0	2324.3	0.0	0.0	0.0	0.0	0.001312	0.0	0.0	0.0	12.6321	0.0	0.0	0.0	0.0	10	0	0	0	51	0	0	0	0	58	0	0	0	23	0	0	0	0	347	0	0	0	110	0	0	0	0	55	0	0	0	0	0	0	0	0	16	0	0	0	0	0	0	0	0	315	0	0	0	0	0	0	0	0	0.001293	0.0	0.0	0.0	0.008985	0.0	0.0	0.0	0.0	0.125828	0.0	0.0	0.0	0.874172	0.0	0.0	0.0	0.0	
187	990	2378.450501989	4689.722	4689.722	1.04168	0.382896	801	0	0	0	185	0	0	0	0	2.0e-6	0.0	0.0	0.0	0.107005	0.0	0.0	0.0	0.0	1.05079	0.0	0.0	0.0	2331.0	0.0	0.0	0.0	0.0	0.001312	0.0	0.0	0.0	12.6	0.0	0.0	0.0	0.0	10	0	0	0	51	0	0	0	0	58	0	0	0	23	0	0	0	0	347	0	0	0	111	0	0	0	0	55	0	0	0	0	0	0	0	0	16	0	0	0	0	0	0	0	0	315	0	0	0	0	0	0	0	0	0.001293	0.0	0.0	0.0	0.008492	0.0	0.0	0.0	0.0	0.132159	0.0	0.0	0.0	0.867841	0.0	0.0	0.0	0.0	
188	991	2518.195678927	4680.722	4680.722	1.02834	0.378158	801	0	0	0	186	0	0	0	0	2.0e-6	0.0	0.0	0.0	0.158454	0.0	0.0	0.0	0.0	1.05079	0.0	0.0	0.0	2470.74	0.0	0.0	0.0	0.0	0.001312	0.0	0.0	0.0	13.2836	0.0	0.0	0.0	0.0	10	0	0	0	52	0	0	0	0	58	0	0	0	23	0	0	0	0	347	0	0	0	111	0	0	0	0	55	0	0	0	0	0	0	0	0	16	0	0	0	0	0	0	0	0	315	0	0	0	0	0	0	0	0	0.001293	0.0	0.0	0.0	0.011929	0.0	0.0	0.0	0.0	0.097813	0.0	0.0	0.0	0.902187	0.0	0.0	0.0	0.0	
189	992	2520.478374236	4680.722	4680.722	0.785849	0.280128	801	0	0	0	187	0	0	0	0	2.0e-6	0.0	0.0	0.0	0.149673	0.0	0.0	0.0	0.0	1.05079	0.0	0.0	0.0	2473.03	0.0	0.0	0.0	0.0	0.001312	0.0	0.0	0.0	13.2247	0.0	0.0	0.0	0.0	10	0	0	0	52	0	0	0	0	58	0	0	0	23	0	0	0	0	347	0	0	0	112	0	0	0	0	55	0	0	0	0	0	0	0	0	16	0	0	0	0	0	0	0	0	315	0	0	0	0	0	0	0	0	0.001293	0.0	0.0	0.0	0.011318	0.0	0.0	0.0	0.0	0.102552	0.0	0.0	0.0	0.897448	0.0	0.0	0.0	0.0	
190	993	2522.770340574	4680.722	4680.722	0.782404	0.278563	801	0	0	0	188	0	0	0	0	2.0e-6	0.0	0.0	0.0	0.141334	0.0	0.0	0.0	0.0	1.05079	0.0	0.0	0.0	2475.32	0.0	0.0	0.0	0.0	0.001312	0.0	0.0	0.0	13.1666	0.0	0.0	0.0	0.0	10	0	0	0	52	0	0	0	0	58	0	0	0	23	0	0	0	0	347	0	0	0	113	0	0	0	0	55	0	0	0	0	0	0	0	0	16	0	0	0	0	0	0	0	0	315	0	0	0	0	0	0	0	0	0.001293	0.0	0.0	0.0	0.010734	0.0	0.0	0.0	0.0	0.107526	0.0	0.0	0.0	0.892474	0.0	0.0	0.0	0.0	
191	994	2527.883713911	4680.722	4680.722	0.778961	0.276993	801	0	0	0	189	0	0	0	0	2.0e-6	0.0	0.0	0.0	0.133416	0.0	0.0	0.0	0.0	1.05079	0.0	0.0	0.0	2480.43	0.0	0.0	0.0	0.0	0.001312	0.0	0.0	0.0	13.124	0.0	0.0	0.0	0.0	10	0	0	0	52	0	0	0	0	58	0	0	0	23	0	0	0	0	347	0	0	0	114	0	0	0	0	55	0	0	0	0	0	0	0	0	16	0	0	0	0	0	0	0	0	315	0	0	0	0	0	0	0	0	0.001293	0.0	0.0	0.0	0.010166	0.0	0.0	0.0	0.0	0.11286	0.0	0.0	0.0	0.88714	0.0	0.0	0.0	0.0	
192	995	2533.59691529	4680.722	4680.722	0.771333	0.273499	801	0	0	0	190	0	0	0	0	2.0e-6	0.0	0.0	0.0	0.125896	0.0	0.0	0.0	0.0	1.05079	0.0	0.0	0.0	2486.15	0.0	0.0	0.0	0.0	0.001312	0.0	0.0	0.0	13.085	0.0	0.0	0.0	0.0	10	0	0	0	52	0	0	0	0	58	0	0	0	23	0	0	0	0	347	0	0	0	115	0	0	0	0	55	0	0	0	0	0	0	0	0	16	0	0	0	0	0	0	0	0	315	0	0	0	0	0	0	0	0	0.001293	0.0	0.0	0.0	0.009621	0.0	0.0	0.0	0.0	0.118489	0.0	0.0	0.0	0.881511	0.0	0.0	0.0	0.0	
193	996	2539.549175449	4680.722	4680.722	0.762899	0.269607	801	0	0	0	191	0	0	0	0	2.0e-6	0.0	0.0	0.0	0.118755	0.0	0.0	0.0	0.0	1.05079	0.0	0.0	0.0	2492.1	0.0	0.0	0.0	0.0	0.001312	0.0	0.0	0.0	13.0476	0.0	0.0	0.0	0.0	10	0	0	0	52	0	0	0	0	58	0	0	0	23	0	0	0	0	347	0	0	0	116	0	0	0	0	55	0	0	0	0	0	0	0	0	16	0	0	0	0	0	0	0	0	315	0	0	0	0	0	0	0	0	0.001293	0.0	0.0	0.0	0.009102	0.0	0.0	0.0	0.0	0.124413	0.0	0.0	0.0	0.875587	0.0	0.0	0.0	0.0	
194	997	2541.811773798	4680.722	4680.722	0.75421	0.265566	801	0	0	0	192	0	0	0	0	2.0e-6	0.0	0.0	0.0	0.111974	0.0	0.0	0.0	0.0	1.05079	0.0	0.0	0.0	2494.36	0.0	0.0	0.0	0.0	0.001312	0.0	0.0	0.0	12.9915	0.0	0.0	0.0	0.0	10	0	0	0	52	0	0	0	0	58	0	0	0	23	0	0	0	0	347	0	0	0	117	0	0	0	0	55	0	0	0	0	0	0	0	0	16	0	0	0	0	0	0	0	0	315	0	0	0	0	0	0	0	0	0.001293	0.0	0.0	0.0	0.008619	0.0	0.0	0.0	0.0	0.130471	0.0	0.0	0.0	0.869529	0.0	0.0	0.0	0.0	
195	998	2644.386554554	4677.722	4677.722	0.750933	0.264034	801	0	0	0	193	0	0	0	0	2.0e-6	0.0	0.0	0.0	0.163038	0.0	0.0	0.0	0.0	1.05079	0.0	0.0	0.0	2596.94	0.0	0.0	0.0	0.0	0.001312	0.0	0.0	0.0	13.4556	0.0	0.0	0.0	0.0	10	0	0	0	53	0	0	0	0	58	0	0	0	23	0	0	0	0	347	0	0	0	117	0	0	0	0	55	0	0	0	0	0	0	0	0	16	0	0	0	0	0	0	0	0	315	0	0	0	0	0	0	0	0	0.001293	0.0	0.0	0.0	0.012117	0.0	0.0	0.0	0.0	0.096441	0.0	0.0	0.0	0.903559	0.0	0.0	0.0	0.0	
196	999	2651.303537445	4677.722	4677.722	0.616412	0.197446	801	0	0	0	194	0	0	0	0	2.0e-6	0.0	0.0	0.0	0.154016	0.0	0.0	0.0	0.0	1.05079	0.0	0.0	0.0	2603.85	0.0	0.0	0.0	0.0	0.001312	0.0	0.0	0.0	13.4219	0.0	0.0	0.0	0.0	10	0	0	0	53	0	0	0	0	58	0	0	0	23	0	0	0	0	347	0	0	0	118	0	0	0	0	55	0	0	0	0	0	0	0	0	16	0	0	0	0	0	0	0	0	315	0	0	0	0	0	0	0	0	0.001293	0.0	0.0	0.0	0.011475	0.0	0.0	0.0	0.0	0.101288	0.0	0.0	0.0	0.898712	0.0	0.0	0.0	0.0	
197	1000	2660.550500145	4677.722	4677.722	0.608261	0.1932	801	0	0	0	195	0	0	0	0	2.0e-6	0.0	0.0	0.0	0.145447	0.0	0.0	0.0	0.0	1.05079	0.0	0.0	0.0	2613.1	0.0	0.0	0.0	0.0	0.001312	0.0	0.0	0.0	13.4005	0.0	0.0	0.0	0.0	10	0	0	0	53	0	0	0	0	58	0	0	0	23	0	0	0	0	347	0	0	0	119	0	0	0	0	55	0	0	0	0	0	0	0	0	16	0	0	0	0	0	0	0	0	315	0	0	0	0	0	0	0	0	0.001293	0.0	0.0	0.0	0.010854	0.0	0.0	0.0	0.0	0.106467	0.0	0.0	0.0	0.893533	0.0	0.0	0.0	0.0	
198	1001	2674.534000889	4677.722	4677.722	0.597532	0.18758	801	0	0	0	196	0	0	0	0	2.0e-6	0.0	0.0	0.0	0.137308	0.0	0.0	0.0	0.0	1.05079	0.0	0.0	0.0	2627.08	0.0	0.0	0.0	0.0	0.001312	0.0	0.0	0.0	13.4035	0.0	0.0	0.0	0.0	10	0	0	0	53	0	0	0	0	58	0	0	0	23	0	0	0	0	347	0	0	0	120	0	0	0	0	55	0	0	0	0	0	0	0	0	16	0	0	0	0	0	0	0	0	315	0	0	0	0	0	0	0	0	0.001293	0.0	0.0	0.0	0.010244	0.0	0.0	0.0	0.0	0.112093	0.0	0.0	0.0	0.887907	0.0	0.0	0.0	0.0	
199	1002	2677.804590199	4677.722	4677.722	0.581667	0.17921	801	0	0	0	197	0	0	0	0	2.0e-6	0.0	0.0	0.0	0.129576	0.0	0.0	0.0	0.0	1.05079	0.0	0.0	0.0	2630.35	0.0	0.0	0.0	0.0	0.001312	0.0	0.0	0.0	13.352	0.0	0.0	0.0	0.0	10	0	0	0	53	0	0	0	0	58	0	0	0	23	0	0	0	0	347	0	0	0	121	0	0	0	0	55	0	0	0	0	0	0	0	0	16	0	0	0	0	0	0	0	0	315	0	0	0	0	0	0	0	0	0.001293	0.0	0.0	0.0	0.009705	0.0	0.0	0.0	0.0	0.117593	0.0	0.0	0.0	0.882407	0.0	0.0	0.0	0.0	
200	1003	2685.81768775	4677.722	4677.722	0.578017	0.177275	801	0	0	0	198	0	0	0	0	2.0e-6	0.0	0.0	0.0	0.122234	0.0	0.0	0.0	0.0	1.05079	0.0	0.0	0.0	2638.37	0.0	0.0	0.0	0.0	0.001312	0.0	0.0	0.0	13.3251	0.0	0.0	0.0	0.0	10	0	0	0	53	0	0	0	0	58	0	0	0	23	0	0	0	0	347	0	0	0	122	0	0	0	0	55	0	0	0	0	0	0	0	0	16	0	0	0	0	0	0	0	0	315	0	0	0	0	0	0	0	0	0.001293	0.0	0.0	0.0	0.009173	0.0	0.0	0.0	0.0	0.123563	0.0	0.0	0.0	0.876437	0.0	0.0	0.0	0.0	
201	1004	2695.298314537	4677.722	4677.722	0.569172	0.172573	801	0	0	0	199	0	0	0	0	2.0e-6	0.0	0.0	0.0	0.11526	0.0	0.0	0.0	0.0	1.05079	0.0	0.0	0.0	2647.85	0.0	0.0	0.0	0.0	0.001312	0.0	0.0	0.0	13.3058	0.0	0.0	0.0	0.0	10	0	0	0	53	0	0	0	0	58	0	0	0	23	0	0	0	0	347	0	0	0	123	0	0	0	0	55	0	0	0	0	0	0	0	0	16	0	0	0	0	0	0	0	0	315	0	0	0	0	0	0	0	0	0.001293	0.0	0.0	0.0	0.008662	0.0	0.0	0.0	0.0	0.129902	0.0	0.0	0.0	0.870098	0.0	0.0	0.0	0.0	
202	1006	2697.412432325	4677.722	4677.722	0.558881	0.167079	802	0	0	0	200	0	0	0	0	2.0e-6	0.0	0.0	0.0	0.108722	0.0	0.0	0.0	0.0	1.05104	0.0	0.0	0.0	2649.96	0.0	0.0	0.0	0.0	0.001311	0.0	0.0	0.0	13.2498	0.0	0.0	0.0	0.0	10	0	0	0	53	0	0	0	0	58	0	0	0	23	0	0	0	0	347	0	0	0	124	0	0	0	0	55	0	0	0	0	0	0	0	0	16	0	0	0	0	0	0	0	0	316	0	0	0	0	0	0	0	0	0.001165	0.0	0.0	0.0	0.008206	0.0	0.0	0.0	0.0	0.124336	0.0	0.0	0.0	0.875664	0.0	0.0	0.0	0.0	
203	1007	2706.264987336	4677.722	4677.722	0.556613	0.165865	802	0	0	0	201	0	0	0	0	2.0e-6	0.0	0.0	0.0	0.102514	0.0	0.0	0.0	0.0	1.05104	0.0	0.0	0.0	2658.81	0.0	0.0	0.0	0.0	0.001311	0.0	0.0	0.0	13.2279	0.0	0.0	0.0	0.0	10	0	0	0	53	0	0	0	0	58	0	0	0	23	0	0	0	0	347	0	0	0	125	0	0	0	0	55	0	0	0	0	0	0	0	0	16	0	0	0	0	0	0	0	0	316	0	0	0	0	0	0	0	0	0.001165	0.0	0.0	0.0	0.00775	0.0	0.0	0.0	0.0	0.130693	0.0	0.0	0.0	0.869307	0.0	0.0	0.0	0.0	
204	1008	2886.417451569	4670.083	4670.083	0.54721	0.160823	802	0	0	0	202	0	0	0	0	2.0e-6	0.0	0.0	0.0	0.154135	0.0	0.0	0.0	0.0	1.05104	0.0	0.0	0.0	2838.97	0.0	0.0	0.0	0.0	0.001311	0.0	0.0	0.0	14.0543	0.0	0.0	0.0	0.0	10	0	0	0	54	0	0	0	0	58	0	0	0	23	0	0	0	0	347	0	0	0	125	0	0	0	0	55	0	0	0	0	0	0	0	0	16	0	0	0	0	0	0	0	0	316	0	0	0	0	0	0	0	0	0.001165	0.0	0.0	0.0	0.010967	0.0	0.0	0.0	0.0	0.096035	0.0	0.0	0.0	0.903965	0.0	0.0	0.0	0.0	
205	1009	2888.776382743	4670.083	4670.083	0.386889	0.075417	802	0	0	0	203	0	0	0	0	2.0e-6	0.0	0.0	0.0	0.14561	0.0	0.0	0.0	0.0	1.05104	0.0	0.0	0.0	2841.32	0.0	0.0	0.0	0.0	0.001311	0.0	0.0	0.0	13.9967	0.0	0.0	0.0	0.0	10	0	0	0	54	0	0	0	0	58	0	0	0	23	0	0	0	0	347	0	0	0	126	0	0	0	0	55	0	0	0	0	0	0	0	0	16	0	0	0	0	0	0	0	0	316	0	0	0	0	0	0	0	0	0.001165	0.0	0.0	0.0	0.010403	0.0	0.0	0.0	0.0	0.100717	0.0	0.0	0.0	0.899283	0.0	0.0	0.0	0.0	
206	1010	2894.682785671	4670.083	4670.083	0.385136	0.074535	802	0	0	0	204	0	0	0	0	2.0e-6	0.0	0.0	0.0	0.137514	0.0	0.0	0.0	0.0	1.05104	0.0	0.0	0.0	2847.23	0.0	0.0	0.0	0.0	0.001311	0.0	0.0	0.0	13.957	0.0	0.0	0.0	0.0	10	0	0	0	54	0	0	0	0	58	0	0	0	23	0	0	0	0	347	0	0	0	127	0	0	0	0	55	0	0	0	0	0	0	0	0	16	0	0	0	0	0	0	0	0	316	0	0	0	0	0	0	0	0	0.001165	0.0	0.0	0.0	0.009853	0.0	0.0	0.0	0.0	0.105749	0.0	0.0	0.0	0.894251	0.0	0.0	0.0	0.0	
207	1011	2917.513349317	4670.083	4670.083	0.380783	0.072356	802	0	0	0	205	0	0	0	0	2.0e-6	0.0	0.0	0.0	0.129825	0.0	0.0	0.0	0.0	1.05104	0.0	0.0	0.0	2870.06	0.0	0.0	0.0	0.0	0.001311	0.0	0.0	0.0	14.0003	0.0	0.0	0.0	0.0	10	0	0	0	54	0	0	0	0	58	0	0	0	23	0	0	0	0	347	0	0	0	128	0	0	0	0	55	0	0	0	0	0	0	0	0	16	0	0	0	0	0	0	0	0	316	0	0	0	0	0	0	0	0	0.001165	0.0	0.0	0.0	0.009273	0.0	0.0	0.0	0.0	0.111621	0.0	0.0	0.0	0.888379	0.0	0.0	0.0	0.0	
208	1013	2919.853038514	4670.083	4670.083	0.364415	0.064305	803	0	0	0	206	0	0	0	0	1.0e-6	0.0	0.0	0.0	0.122599	0.0	0.0	0.0	0.0	1.05128	0.0	0.0	0.0	2872.4	0.0	0.0	0.0	0.0	0.001309	0.0	0.0	0.0	13.9437	0.0	0.0	0.0	0.0	10	0	0	0	54	0	0	0	0	58	0	0	0	23	0	0	0	0	347	0	0	0	129	0	0	0	0	55	0	0	0	0	0	0	0	0	16	0	0	0	0	0	0	0	0	317	0	0	0	0	0	0	0	0	0.00105	0.0	0.0	0.0	0.008792	0.0	0.0	0.0	0.0	0.106652	0.0	0.0	0.0	0.893348	0.0	0.0	0.0	0.0	
209	1014	2927.820716146	4668.083	4668.083	0.362778	0.063513	803	0	0	0	207	0	0	0	0	1.0e-6	0.0	0.0	0.0	0.171706	0.0	0.0	0.0	0.0	1.05128	0.0	0.0	0.0	2880.37	0.0	0.0	0.0	0.0	0.001309	0.0	0.0	0.0	13.9148	0.0	0.0	0.0	0.0	10	0	0	0	55	0	0	0	0	58	0	0	0	23	0	0	0	0	347	0	0	0	129	0	0	0	0	55	0	0	0	0	0	0	0	0	16	0	0	0	0	0	0	0	0	317	0	0	0	0	0	0	0	0	0.00105	0.0	0.0	0.0	0.01234	0.0	0.0	0.0	0.0	0.078396	0.0	0.0	0.0	0.921604	0.0	0.0	0.0	0.0	
210	1015	2930.053236635	4668.083	4668.083	0.357258	0.060865	803	0	0	0	208	0	0	0	0	1.0e-6	0.0	0.0	0.0	0.162391	0.0	0.0	0.0	0.0	1.05128	0.0	0.0	0.0	2882.6	0.0	0.0	0.0	0.0	0.001309	0.0	0.0	0.0	13.8587	0.0	0.0	0.0	0.0	10	0	0	0	55	0	0	0	0	58	0	0	0	23	0	0	0	0	347	0	0	0	130	0	0	0	0	55	0	0	0	0	0	0	0	0	16	0	0	0	0	0	0	0	0	317	0	0	0	0	0	0	0	0	0.00105	0.0	0.0	0.0	0.011718	0.0	0.0	0.0	0.0	0.082216	0.0	0.0	0.0	0.917784	0.0	0.0	0.0	0.0	
211	1016	2945.059444867	4668.083	4668.083	0.355726	0.060136	803	0	0	0	209	0	0	0	0	1.0e-6	0.0	0.0	0.0	0.153544	0.0	0.0	0.0	0.0	1.05128	0.0	0.0	0.0	2897.61	0.0	0.0	0.0	0.0	0.001309	0.0	0.0	0.0	13.8641	0.0	0.0	0.0	0.0	10	0	0	0	55	0	0	0	0	58	0	0	0	23	0	0	0	0	347	0	0	0	131	0	0	0	0	55	0	0	0	0	0	0	0	0	16	0	0	0	0	0	0	0	0	317	0	0	0	0	0	0	0	0	0.00105	0.0	0.0	0.0	0.011075	0.0	0.0	0.0	0.0	0.086575	0.0	0.0	0.0	0.913425	0.0	0.0	0.0	0.0	
212	1017	2950.666098522	4668.083	4668.083	0.3456	0.055381	803	0	0	0	210	0	0	0	0	1.0e-6	0.0	0.0	0.0	0.145139	0.0	0.0	0.0	0.0	1.05128	0.0	0.0	0.0	2903.21	0.0	0.0	0.0	0.0	0.001309	0.0	0.0	0.0	13.8248	0.0	0.0	0.0	0.0	10	0	0	0	55	0	0	0	0	58	0	0	0	23	0	0	0	0	347	0	0	0	132	0	0	0	0	55	0	0	0	0	0	0	0	0	16	0	0	0	0	0	0	0	0	317	0	0	0	0	0	0	0	0	0.00105	0.0	0.0	0.0	0.010498	0.0	0.0	0.0	0.0	0.090896	0.0	0.0	0.0	0.909104	0.0	0.0	0.0	0.0	
213	1018	2959.039210835	4665.083	4665.083	0.341891	0.05367	803	0	0	0	211	0	0	0	0	1.0e-6	0.0	0.0	0.0	0.192156	0.0	0.0	0.0	0.0	1.05128	0.0	0.0	0.0	2911.59	0.0	0.0	0.0	0.0	0.001309	0.0	0.0	0.0	13.799	0.0	0.0	0.0	0.0	10	0	0	0	56	0	0	0	0	58	0	0	0	23	0	0	0	0	347	0	0	0	132	0	0	0	0	55	0	0	0	0	0	0	0	0	16	0	0	0	0	0	0	0	0	317	0	0	0	0	0	0	0	0	0.00105	0.0	0.0	0.0	0.013925	0.0	0.0	0.0	0.0	0.070096	0.0	0.0	0.0	0.929905	0.0	0.0	0.0	0.0	
214	1019	2968.141636518	4665.083	4665.083	0.336427	0.051179	803	0	0	0	212	0	0	0	0	1.0e-6	0.0	0.0	0.0	0.181824	0.0	0.0	0.0	0.0	1.05128	0.0	0.0	0.0	2920.69	0.0	0.0	0.0	0.0	0.001309	0.0	0.0	0.0	13.7768	0.0	0.0	0.0	0.0	10	0	0	0	56	0	0	0	0	58	0	0	0	23	0	0	0	0	347	0	0	0	133	0	0	0	0	55	0	0	0	0	0	0	0	0	16	0	0	0	0	0	0	0	0	317	0	0	0	0	0	0	0	0	0.00105	0.0	0.0	0.0	0.013198	0.0	0.0	0.0	0.0	0.073675	0.0	0.0	0.0	0.926325	0.0	0.0	0.0	0.0	
215	1021	2983.810526615	4665.083	4665.083	0.330584	0.04856	804	0	0	0	213	0	0	0	0	1.0e-6	0.0	0.0	0.0	0.172081	0.0	0.0	0.0	0.0	1.0515	0.0	0.0	0.0	2936.36	0.0	0.0	0.0	0.0	0.001308	0.0	0.0	0.0	13.7857	0.0	0.0	0.0	0.0	10	0	0	0	56	0	0	0	0	58	0	0	0	23	0	0	0	0	347	0	0	0	134	0	0	0	0	55	0	0	0	0	0	0	0	0	16	0	0	0	0	0	0	0	0	318	0	0	0	0	0	0	0	0	0.000946	0.0	0.0	0.0	0.012483	0.0	0.0	0.0	0.0	0.070425	0.0	0.0	0.0	0.929575	0.0	0.0	0.0	0.0	
216	1022	3011.796107749	4649.083	4649.083	0.320765	0.044266	804	0	0	0	214	0	0	0	0	1.0e-6	0.0	0.0	0.0	0.216613	0.0	0.0	0.0	0.0	1.0515	0.0	0.0	0.0	2964.34	0.0	0.0	0.0	0.0	0.001308	0.0	0.0	0.0	13.8521	0.0	0.0	0.0	0.0	10	0	0	0	57	0	0	0	0	58	0	0	0	23	0	0	0	0	347	0	0	0	134	0	0	0	0	55	0	0	0	0	0	0	0	0	16	0	0	0	0	0	0	0	0	318	0	0	0	0	0	0	0	0	0.000946	0.0	0.0	0.0	0.015638	0.0	0.0	0.0	0.0	0.057026	0.0	0.0	0.0	0.942973	0.0	0.0	0.0	0.0	
217	1023	3013.966259049	4649.083	4649.083	0.303946	0.037252	804	0	0	0	215	0	0	0	0	1.0e-6	0.0	0.0	0.0	0.205128	0.0	0.0	0.0	0.0	1.0515	0.0	0.0	0.0	2966.51	0.0	0.0	0.0	0.0	0.001308	0.0	0.0	0.0	13.7977	0.0	0.0	0.0	0.0	10	0	0	0	57	0	0	0	0	58	0	0	0	23	0	0	0	0	347	0	0	0	135	0	0	0	0	55	0	0	0	0	0	0	0	0	16	0	0	0	0	0	0	0	0	318	0	0	0	0	0	0	0	0	0.000946	0.0	0.0	0.0	0.014867	0.0	0.0	0.0	0.0	0.059807	0.0	0.0	0.0	0.940193	0.0	0.0	0.0	0.0	
218	1024	3020.126447079	4642.583	4642.583	0.30268	0.036742	804	0	0	0	216	0	0	0	0	1.0e-6	0.0	0.0	0.0	0.247399	0.0	0.0	0.0	0.0	1.0515	0.0	0.0	0.0	2972.67	0.0	0.0	0.0	0.0	0.001308	0.0	0.0	0.0	13.7624	0.0	0.0	0.0	0.0	10	0	0	0	58	0	0	0	0	58	0	0	0	23	0	0	0	0	347	0	0	0	135	0	0	0	0	55	0	0	0	0	0	0	0	0	16	0	0	0	0	0	0	0	0	318	0	0	0	0	0	0	0	0	0.000946	0.0	0.0	0.0	0.017976	0.0	0.0	0.0	0.0	0.049978	0.0	0.0	0.0	0.950022	0.0	0.0	0.0	0.0	
219	1025	3038.519874794	4641.583	4641.583	0.299113	0.035323	804	0	0	0	217	0	0	0	0	1.0e-6	0.0	0.0	0.0	0.287009	0.0	0.0	0.0	0.0	1.0515	0.0	0.0	0.0	2991.07	0.0	0.0	0.0	0.0	0.001308	0.0	0.0	0.0	13.7837	0.0	0.0	0.0	0.0	10	0	0	0	59	0	0	0	0	58	0	0	0	23	0	0	0	0	347	0	0	0	135	0	0	0	0	55	0	0	0	0	0	0	0	0	16	0	0	0	0	0	0	0	0	318	0	0	0	0	0	0	0	0	0.000946	0.0	0.0	0.0	0.020822	0.0	0.0	0.0	0.0	0.043444	0.0	0.0	0.0	0.956556	0.0	0.0	0.0	0.0	
220	1026	3046.8656982	4641.583	4641.583	0.28871	0.031314	804	0	0	0	218	0	0	0	0	1.0e-6	0.0	0.0	0.0	0.272007	0.0	0.0	0.0	0.0	1.0515	0.0	0.0	0.0	2999.41	0.0	0.0	0.0	0.0	0.001308	0.0	0.0	0.0	13.7588	0.0	0.0	0.0	0.0	10	0	0	0	59	0	0	0	0	58	0	0	0	23	0	0	0	0	347	0	0	0	136	0	0	0	0	55	0	0	0	0	0	0	0	0	16	0	0	0	0	0	0	0	0	318	0	0	0	0	0	0	0	0	0.000946	0.0	0.0	0.0	0.01977	0.0	0.0	0.0	0.0	0.045652	0.0	0.0	0.0	0.954349	0.0	0.0	0.0	0.0	
221	1027	3049.133792082	4641.583	4641.583	0.28411	0.029606	804	0	0	0	219	0	0	0	0	1.0e-6	0.0	0.0	0.0	0.257756	0.0	0.0	0.0	0.0	1.0515	0.0	0.0	0.0	3001.68	0.0	0.0	0.0	0.0	0.001308	0.0	0.0	0.0	13.7063	0.0	0.0	0.0	0.0	10	0	0	0	59	0	0	0	0	58	0	0	0	23	0	0	0	0	347	0	0	0	137	0	0	0	0	55	0	0	0	0	0	0	0	0	16	0	0	0	0	0	0	0	0	318	0	0	0	0	0	0	0	0	0.000946	0.0	0.0	0.0	0.018806	0.0	0.0	0.0	0.0	0.04788	0.0	0.0	0.0	0.95212	0.0	0.0	0.0	0.0	
222	1028	3059.003840541	4641.583	4641.583	0.282873	0.029154	804	0	0	0	220	0	0	0	0	1.0e-6	0.0	0.0	0.0	0.24422	0.0	0.0	0.0	0.0	1.0515	0.0	0.0	0.0	3011.55	0.0	0.0	0.0	0.0	0.001308	0.0	0.0	0.0	13.6889	0.0	0.0	0.0	0.0	10	0	0	0	59	0	0	0	0	58	0	0	0	23	0	0	0	0	347	0	0	0	138	0	0	0	0	55	0	0	0	0	0	0	0	0	16	0	0	0	0	0	0	0	0	318	0	0	0	0	0	0	0	0	0.000946	0.0	0.0	0.0	0.017841	0.0	0.0	0.0	0.0	0.050339	0.0	0.0	0.0	0.949661	0.0	0.0	0.0	0.0	
223	1029	3072.665622632	4641.583	4641.583	0.27755	0.027243	804	0	0	0	221	0	0	0	0	1.0e-6	0.0	0.0	0.0	0.231362	0.0	0.0	0.0	0.0	1.0515	0.0	0.0	0.0	3025.21	0.0	0.0	0.0	0.0	0.001308	0.0	0.0	0.0	13.6887	0.0	0.0	0.0	0.0	10	0	0	0	59	0	0	0	0	58	0	0	0	23	0	0	0	0	347	0	0	0	139	0	0	0	0	55	0	0	0	0	0	0	0	0	16	0	0	0	0	0	0	0	0	318	0	0	0	0	0	0	0	0	0.000946	0.0	0.0	0.0	0.016902	0.0	0.0	0.0	0.0	0.052988	0.0	0.0	0.0	0.947012	0.0	0.0	0.0	0.0	
224	1030	3079.630528003	4641.583	4641.583	0.270348	0.02475	804	0	0	0	222	0	0	0	0	1.0e-6	0.0	0.0	0.0	0.219146	0.0	0.0	0.0	0.0	1.0515	0.0	0.0	0.0	3032.18	0.0	0.0	0.0	0.0	0.001308	0.0	0.0	0.0	13.6585	0.0	0.0	0.0	0.0	10	0	0	0	59	0	0	0	0	58	0	0	0	23	0	0	0	0	347	0	0	0	140	0	0	0	0	55	0	0	0	0	0	0	0	0	16	0	0	0	0	0	0	0	0	318	0	0	0	0	0	0	0	0	0.000946	0.0	0.0	0.0	0.016045	0.0	0.0	0.0	0.0	0.05566	0.0	0.0	0.0	0.94434	0.0	0.0	0.0	0.0	
225	1031	3097.894130277	4641.583	4641.583	0.266749	0.023545	804	0	0	0	223	0	0	0	0	1.0e-6	0.0	0.0	0.0	0.207543	0.0	0.0	0.0	0.0	1.0515	0.0	0.0	0.0	3050.44	0.0	0.0	0.0	0.0	0.001308	0.0	0.0	0.0	13.6791	0.0	0.0	0.0	0.0	10	0	0	0	59	0	0	0	0	58	0	0	0	23	0	0	0	0	347	0	0	0	141	0	0	0	0	55	0	0	0	0	0	0	0	0	16	0	0	0	0	0	0	0	0	318	0	0	0	0	0	0	0	0	0.000946	0.0	0.0	0.0	0.015172	0.0	0.0	0.0	0.0	0.058673	0.0	0.0	0.0	0.941327	0.0	0.0	0.0	0.0	
226	1032	3104.610931808	4641.583	4641.583	0.257536	0.02059	804	0	0	0	224	0	0	0	0	1.0e-6	0.0	0.0	0.0	0.196519	0.0	0.0	0.0	0.0	1.0515	0.0	0.0	0.0	3057.16	0.0	0.0	0.0	0.0	0.001308	0.0	0.0	0.0	13.648	0.0	0.0	0.0	0.0	10	0	0	0	59	0	0	0	0	58	0	0	0	23	0	0	0	0	347	0	0	0	142	0	0	0	0	55	0	0	0	0	0	0	0	0	16	0	0	0	0	0	0	0	0	318	0	0	0	0	0	0	0	0	0.000946	0.0	0.0	0.0	0.014399	0.0	0.0	0.0	0.0	0.061629	0.0	0.0	0.0	0.938371	0.0	0.0	0.0	0.0	
227	1033	3122.352477186	4641.583	4641.583	0.254228	0.019576	804	0	0	0	225	0	0	0	0	1.0e-6	0.0	0.0	0.0	0.186048	0.0	0.0	0.0	0.0	1.0515	0.0	0.0	0.0	3074.9	0.0	0.0	0.0	0.0	0.001308	0.0	0.0	0.0	13.6662	0.0	0.0	0.0	0.0	10	0	0	0	59	0	0	0	0	58	0	0	0	23	0	0	0	0	347	0	0	0	143	0	0	0	0	55	0	0	0	0	0	0	0	0	16	0	0	0	0	0	0	0	0	318	0	0	0	0	0	0	0	0	0.000946	0.0	0.0	0.0	0.013614	0.0	0.0	0.0	0.0	0.064954	0.0	0.0	0.0	0.935046	0.0	0.0	0.0	0.0	
228	1034	3134.087896901	4641.583	4641.583	0.245695	0.017076	804	0	0	0	226	0	0	0	0	1.0e-6	0.0	0.0	0.0	0.176099	0.0	0.0	0.0	0.0	1.0515	0.0	0.0	0.0	3086.64	0.0	0.0	0.0	0.0	0.001308	0.0	0.0	0.0	13.6577	0.0	0.0	0.0	0.0	10	0	0	0	59	0	0	0	0	58	0	0	0	23	0	0	0	0	347	0	0	0	144	0	0	0	0	55	0	0	0	0	0	0	0	0	16	0	0	0	0	0	0	0	0	318	0	0	0	0	0	0	0	0	0.000946	0.0	0.0	0.0	0.012894	0.0	0.0	0.0	0.0	0.068333	0.0	0.0	0.0	0.931667	0.0	0.0	0.0	0.0	
229	1035	3137.061335309	4641.583	4641.583	0.240208	0.01556	804	0	0	0	227	0	0	0	0	1.0e-6	0.0	0.0	0.0	0.166649	0.0	0.0	0.0	0.0	1.0515	0.0	0.0	0.0	3089.61	0.0	0.0	0.0	0.0	0.001308	0.0	0.0	0.0	13.6106	0.0	0.0	0.0	0.0	10	0	0	0	59	0	0	0	0	58	0	0	0	23	0	0	0	0	347	0	0	0	145	0	0	0	0	55	0	0	0	0	0	0	0	0	16	0	0	0	0	0	0	0	0	318	0	0	0	0	0	0	0	0	0.000946	0.0	0.0	0.0	0.012244	0.0	0.0	0.0	0.0	0.071699	0.0	0.0	0.0	0.928301	0.0	0.0	0.0	0.0	
230	1036	3139.279611948	4641.583	4641.583	0.238838	0.015193	804	0	0	0	228	0	0	0	0	1.0e-6	0.0	0.0	0.0	0.157673	0.0	0.0	0.0	0.0	1.0515	0.0	0.0	0.0	3091.83	0.0	0.0	0.0	0.0	0.001308	0.0	0.0	0.0	13.5606	0.0	0.0	0.0	0.0	10	0	0	0	59	0	0	0	0	58	0	0	0	23	0	0	0	0	347	0	0	0	146	0	0	0	0	55	0	0	0	0	0	0	0	0	16	0	0	0	0	0	0	0	0	318	0	0	0	0	0	0	0	0	0.000946	0.0	0.0	0.0	0.011627	0.0	0.0	0.0	0.0	0.075216	0.0	0.0	0.0	0.924784	0.0	0.0	0.0	0.0	
231	1037	3145.544313102	4641.583	4641.583	0.23782	0.014923	804	0	0	0	229	0	0	0	0	1.0e-6	0.0	0.0	0.0	0.149148	0.0	0.0	0.0	0.0	1.0515	0.0	0.0	0.0	3098.09	0.0	0.0	0.0	0.0	0.001308	0.0	0.0	0.0	13.5288	0.0	0.0	0.0	0.0	10	0	0	0	59	0	0	0	0	58	0	0	0	23	0	0	0	0	347	0	0	0	147	0	0	0	0	55	0	0	0	0	0	0	0	0	16	0	0	0	0	0	0	0	0	318	0	0	0	0	0	0	0	0	0.000946	0.0	0.0	0.0	0.011024	0.0	0.0	0.0	0.0	0.079004	0.0	0.0	0.0	0.920996	0.0	0.0	0.0	0.0	
232	1038	3159.511749517	4641.583	4641.583	0.23497	0.014181	804	0	0	0	230	0	0	0	0	1.0e-6	0.0	0.0	0.0	0.141051	0.0	0.0	0.0	0.0	1.0515	0.0	0.0	0.0	3112.06	0.0	0.0	0.0	0.0	0.001308	0.0	0.0	0.0	13.5307	0.0	0.0	0.0	0.0	10	0	0	0	59	0	0	0	0	58	0	0	0	23	0	0	0	0	347	0	0	0	148	0	0	0	0	55	0	0	0	0	0	0	0	0	16	0	0	0	0	0	0	0	0	318	0	0	0	0	0	0	0	0	0.000946	0.0	0.0	0.0	0.010424	0.0	0.0	0.0	0.0	0.083173	0.0	0.0	0.0	0.916827	0.0	0.0	0.0	0.0	
233	1039	3161.712850035	4641.583	4641.583	0.228738	0.012628	804	0	0	0	231	0	0	0	0	1.0e-6	0.0	0.0	0.0	0.133358	0.0	0.0	0.0	0.0	1.0515	0.0	0.0	0.0	3114.26	0.0	0.0	0.0	0.0	0.001308	0.0	0.0	0.0	13.4816	0.0	0.0	0.0	0.0	10	0	0	0	59	0	0	0	0	58	0	0	0	23	0	0	0	0	347	0	0	0	149	0	0	0	0	55	0	0	0	0	0	0	0	0	16	0	0	0	0	0	0	0	0	318	0	0	0	0	0	0	0	0	0.000946	0.0	0.0	0.0	0.009892	0.0	0.0	0.0	0.0	0.08726	0.0	0.0	0.0	0.91274	0.0	0.0	0.0	0.0	
234	1042	3165.250168702	4641.583	4641.583	0.227771	0.012396	806	0	0	0	232	0	0	0	0	1.0e-6	0.0	0.0	0.0	0.126173	0.0	0.0	0.0	0.0	1.05191	0.0	0.0	0.0	3117.8	0.0	0.0	0.0	0.0	0.001305	0.0	0.0	0.0	13.4388	0.0	0.0	0.0	0.0	10	0	0	0	59	0	0	0	0	58	0	0	0	23	0	0	0	0	347	0	0	0	150	0	0	0	0	55	0	0	0	0	0	0	0	0	16	0	0	0	0	0	0	0	0	320	0	0	0	0	0	0	0	0	0.000768	0.0	0.0	0.0	0.009389	0.0	0.0	0.0	0.0	0.07558	0.0	0.0	0.0	0.92442	0.0	0.0	0.0	0.0	
235	1043	3177.517068887	4641.583	4641.583	0.226226	0.01203	806	0	0	0	233	0	0	0	0	1.0e-6	0.0	0.0	0.0	0.119349	0.0	0.0	0.0	0.0	1.05191	0.0	0.0	0.0	3130.06	0.0	0.0	0.0	0.0	0.001305	0.0	0.0	0.0	13.4338	0.0	0.0	0.0	0.0	10	0	0	0	59	0	0	0	0	58	0	0	0	23	0	0	0	0	347	0	0	0	151	0	0	0	0	55	0	0	0	0	0	0	0	0	16	0	0	0	0	0	0	0	0	320	0	0	0	0	0	0	0	0	0.000768	0.0	0.0	0.0	0.008884	0.0	0.0	0.0	0.0	0.07953	0.0	0.0	0.0	0.92047	0.0	0.0	0.0	0.0	
236	1044	3188.060843569	4641.583	4641.583	0.220948	0.010824	806	0	0	0	234	0	0	0	0	1.0e-6	0.0	0.0	0.0	0.112866	0.0	0.0	0.0	0.0	1.05191	0.0	0.0	0.0	3140.61	0.0	0.0	0.0	0.0	0.001305	0.0	0.0	0.0	13.4214	0.0	0.0	0.0	0.0	10	0	0	0	59	0	0	0	0	58	0	0	0	23	0	0	0	0	347	0	0	0	152	0	0	0	0	55	0	0	0	0	0	0	0	0	16	0	0	0	0	0	0	0	0	320	0	0	0	0	0	0	0	0	0.000768	0.0	0.0	0.0	0.008409	0.0	0.0	0.0	0.0	0.083645	0.0	0.0	0.0	0.916355	0.0	0.0	0.0	0.0	
237	1045	3204.124708532	4641.583	4641.583	0.21651	0.009865	806	0	0	0	235	0	0	0	0	1.0e-6	0.0	0.0	0.0	0.106707	0.0	0.0	0.0	0.0	1.05191	0.0	0.0	0.0	3156.67	0.0	0.0	0.0	0.0	0.001305	0.0	0.0	0.0	13.4326	0.0	0.0	0.0	0.0	10	0	0	0	59	0	0	0	0	58	0	0	0	23	0	0	0	0	347	0	0	0	153	0	0	0	0	55	0	0	0	0	0	0	0	0	16	0	0	0	0	0	0	0	0	320	0	0	0	0	0	0	0	0	0.000768	0.0	0.0	0.0	0.007944	0.0	0.0	0.0	0.0	0.088115	0.0	0.0	0.0	0.911885	0.0	0.0	0.0	0.0	
238	1046	3208.128324814	4641.583	4641.583	0.209919	0.008534	806	0	0	0	236	0	0	0	0	1.0e-6	0.0	0.0	0.0	0.100856	0.0	0.0	0.0	0.0	1.05191	0.0	0.0	0.0	3160.68	0.0	0.0	0.0	0.0	0.001305	0.0	0.0	0.0	13.3927	0.0	0.0	0.0	0.0	10	0	0	0	59	0	0	0	0	58	0	0	0	23	0	0	0	0	347	0	0	0	154	0	0	0	0	55	0	0	0	0	0	0	0	0	16	0	0	0	0	0	0	0	0	320	0	0	0	0	0	0	0	0	0.000768	0.0	0.0	0.0	0.007531	0.0	0.0	0.0	0.0	0.092502	0.0	0.0	0.0	0.907498	0.0	0.0	0.0	0.0	
239	1047	3221.628174662	4641.583	4641.583	0.208308	0.008225	806	0	0	0	237	0	0	0	0	1.0e-6	0.0	0.0	0.0	0.095299	0.0	0.0	0.0	0.0	1.05191	0.0	0.0	0.0	3174.17	0.0	0.0	0.0	0.0	0.001305	0.0	0.0	0.0	13.3931	0.0	0.0	0.0	0.0	10	0	0	0	59	0	0	0	0	58	0	0	0	23	0	0	0	0	347	0	0	0	155	0	0	0	0	55	0	0	0	0	0	0	0	0	16	0	0	0	0	0	0	0	0	320	0	0	0	0	0	0	0	0	0.000768	0.0	0.0	0.0	0.007116	0.0	0.0	0.0	0.0	0.097374	0.0	0.0	0.0	0.902626	0.0	0.0	0.0	0.0	
240	1048	3223.875726744	4641.583	4641.583	0.202966	0.007249	806	0	0	0	238	0	0	0	0	1.0e-6	0.0	0.0	0.0	0.09002	0.0	0.0	0.0	0.0	1.05191	0.0	0.0	0.0	3176.42	0.0	0.0	0.0	0.0	0.001305	0.0	0.0	0.0	13.3463	0.0	0.0	0.0	0.0	10	0	0	0	59	0	0	0	0	58	0	0	0	23	0	0	0	0	347	0	0	0	156	0	0	0	0	55	0	0	0	0	0	0	0	0	16	0	0	0	0	0	0	0	0	320	0	0	0	0	0	0	0	0	0.000768	0.0	0.0	0.0	0.006745	0.0	0.0	0.0	0.0	0.102177	0.0	0.0	0.0	0.897823	0.0	0.0	0.0	0.0	
241	1049	3226.072013692	4641.583	4641.583	0.20209	0.007096	806	0	0	0	239	0	0	0	0	1.0e-6	0.0	0.0	0.0	0.085007	0.0	0.0	0.0	0.0	1.05191	0.0	0.0	0.0	3178.62	0.0	0.0	0.0	0.0	0.001305	0.0	0.0	0.0	13.2997	0.0	0.0	0.0	0.0	10	0	0	0	59	0	0	0	0	58	0	0	0	23	0	0	0	0	347	0	0	0	157	0	0	0	0	55	0	0	0	0	0	0	0	0	16	0	0	0	0	0	0	0	0	320	0	0	0	0	0	0	0	0	0.000768	0.0	0.0	0.0	0.006392	0.0	0.0	0.0	0.0	0.107219	0.0	0.0	0.0	0.892781	0.0	0.0	0.0	0.0	
242	1050	3228.978620564	4641.583	4641.583	0.201238	0.006948	806	0	0	0	240	0	0	0	0	1.0e-6	0.0	0.0	0.0	0.080246	0.0	0.0	0.0	0.0	1.05191	0.0	0.0	0.0	3181.53	0.0	0.0	0.0	0.0	0.001305	0.0	0.0	0.0	13.2564	0.0	0.0	0.0	0.0	10	0	0	0	59	0	0	0	0	58	0	0	0	23	0	0	0	0	347	0	0	0	158	0	0	0	0	55	0	0	0	0	0	0	0	0	16	0	0	0	0	0	0	0	0	320	0	0	0	0	0	0	0	0	0.000768	0.0	0.0	0.0	0.006053	0.0	0.0	0.0	0.0	0.112536	0.0	0.0	0.0	0.887464	0.0	0.0	0.0	0.0	
243	1051	3319.451177674	4641.583	4641.583	0.200115	0.006757	806	0	0	0	241	0	0	0	0	1.0e-6	0.0	0.0	0.0	0.075725	0.0	0.0	0.0	0.0	1.05191	0.0	0.0	0.0	3272.0	0.0	0.0	0.0	0.0	0.001305	0.0	0.0	0.0	13.5768	0.0	0.0	0.0	0.0	10	0	0	0	59	0	0	0	0	58	0	0	0	23	0	0	0	0	347	0	0	0	159	0	0	0	0	55	0	0	0	0	0	0	0	0	16	0	0	0	0	0	0	0	0	320	0	0	0	0	0	0	0	0	0.000768	0.0	0.0	0.0	0.005578	0.0	0.0	0.0	0.0	0.120976	0.0	0.0	0.0	0.879024	0.0	0.0	0.0	0.0	
244	1052	3325.908680216	4641.583	4641.583	0.168138	0.002612	806	0	0	0	242	0	0	0	0	1.0e-6	0.0	0.0	0.0	0.071418	0.0	0.0	0.0	0.0	1.05191	0.0	0.0	0.0	3278.46	0.0	0.0	0.0	0.0	0.001305	0.0	0.0	0.0	13.5473	0.0	0.0	0.0	0.0	10	0	0	0	59	0	0	0	0	58	0	0	0	23	0	0	0	0	347	0	0	0	160	0	0	0	0	55	0	0	0	0	0	0	0	0	16	0	0	0	0	0	0	0	0	320	0	0	0	0	0	0	0	0	0.000768	0.0	0.0	0.0	0.005272	0.0	0.0	0.0	0.0	0.127102	0.0	0.0	0.0	0.872898	0.0	0.0	0.0	0.0	
245	1053	3329.232660024	4641.583	4641.583	0.166061	0.002425	806	0	0	0	243	0	0	0	0	1.0e-6	0.0	0.0	0.0	0.067327	0.0	0.0	0.0	0.0	1.05191	0.0	0.0	0.0	3281.78	0.0	0.0	0.0	0.0	0.001305	0.0	0.0	0.0	13.5053	0.0	0.0	0.0	0.0	10	0	0	0	59	0	0	0	0	58	0	0	0	23	0	0	0	0	347	0	0	0	161	0	0	0	0	55	0	0	0	0	0	0	0	0	16	0	0	0	0	0	0	0	0	320	0	0	0	0	0	0	0	0	0.000768	0.0	0.0	0.0	0.004985	0.0	0.0	0.0	0.0	0.133432	0.0	0.0	0.0	0.866568	0.0	0.0	0.0	0.0	
246	1055	3333.097340833	4641.583	4641.583	0.165002	0.002333	807	0	0	0	244	0	0	0	0	1.0e-6	0.0	0.0	0.0	0.063494	0.0	0.0	0.0	0.0	1.05217	0.0	0.0	0.0	3285.64	0.0	0.0	0.0	0.0	0.001304	0.0	0.0	0.0	13.4658	0.0	0.0	0.0	0.0	10	0	0	0	59	0	0	0	0	58	0	0	0	23	0	0	0	0	347	0	0	0	162	0	0	0	0	55	0	0	0	0	0	0	0	0	16	0	0	0	0	0	0	0	0	321	0	0	0	0	0	0	0	0	0.000692	0.0	0.0	0.0	0.004715	0.0	0.0	0.0	0.0	0.127904	0.0	0.0	0.0	0.872096	0.0	0.0	0.0	0.0	
247	1057	3341.065721633	4641.583	4641.583	0.163779	0.00223	808	0	0	0	245	0	0	0	0	1.0e-6	0.0	0.0	0.0	0.0599	0.0	0.0	0.0	0.0	1.05239	0.0	0.0	0.0	3293.61	0.0	0.0	0.0	0.0	0.001302	0.0	0.0	0.0	13.4433	0.0	0.0	0.0	0.0	10	0	0	0	59	0	0	0	0	58	0	0	0	23	0	0	0	0	347	0	0	0	163	0	0	0	0	55	0	0	0	0	0	0	0	0	16	0	0	0	0	0	0	0	0	322	0	0	0	0	0	0	0	0	0.000623	0.0	0.0	0.0	0.004456	0.0	0.0	0.0	0.0	0.122673	0.0	0.0	0.0	0.877327	0.0	0.0	0.0	0.0	
248	1059	3351.82747102	4641.583	4641.583	0.161287	0.002029	809	0	0	0	246	0	0	0	0	1.0e-6	0.0	0.0	0.0	0.056527	0.0	0.0	0.0	0.0	1.0527	0.0	0.0	0.0	3304.37	0.0	0.0	0.0	0.0	0.001301	0.0	0.0	0.0	13.4324	0.0	0.0	0.0	0.0	10	0	0	0	59	0	0	0	0	58	0	0	0	23	0	0	0	0	348	0	0	0	164	0	0	0	0	55	0	0	0	0	0	0	0	0	16	0	0	0	0	0	0	0	0	322	0	0	0	0	0	0	0	0	0.000562	0.0	0.0	0.0	0.004208	0.0	0.0	0.0	0.0	0.117818	0.0	0.0	0.0	0.882182	0.0	0.0	0.0	0.0	
249	1060	3364.71464479	4641.583	4641.583	0.157981	0.001782	809	0	0	0	247	0	0	0	0	1.0e-6	0.0	0.0	0.0	0.053323	0.0	0.0	0.0	0.0	1.0527	0.0	0.0	0.0	3317.26	0.0	0.0	0.0	0.0	0.001301	0.0	0.0	0.0	13.4302	0.0	0.0	0.0	0.0	10	0	0	0	59	0	0	0	0	58	0	0	0	23	0	0	0	0	348	0	0	0	165	0	0	0	0	55	0	0	0	0	0	0	0	0	16	0	0	0	0	0	0	0	0	322	0	0	0	0	0	0	0	0	0.000562	0.0	0.0	0.0	0.00397	0.0	0.0	0.0	0.0	0.124001	0.0	0.0	0.0	0.875999	0.0	0.0	0.0	0.0	
250	1061	3412.777063606	4633.083	4633.083	0.154111	0.00152	809	0	0	0	248	0	0	0	0	1.0e-6	0.0	0.0	0.0	0.107357	0.0	0.0	0.0	0.0	1.0527	0.0	0.0	0.0	3365.32	0.0	0.0	0.0	0.0	0.001301	0.0	0.0	0.0	13.5698	0.0	0.0	0.0	0.0	10	0	0	0	60	0	0	0	0	58	0	0	0	23	0	0	0	0	348	0	0	0	165	0	0	0	0	55	0	0	0	0	0	0	0	0	16	0	0	0	0	0	0	0	0	322	0	0	0	0	0	0	0	0	0.000562	0.0	0.0	0.0	0.007911	0.0	0.0	0.0	0.0	0.066327	0.0	0.0	0.0	0.933673	0.0	0.0	0.0	0.0	
251	1062	3430.62377191	4630.083	4630.083	0.140496	0.000811	809	0	0	0	249	0	0	0	0	1.0e-6	0.0	0.0	0.0	0.15516	0.0	0.0	0.0	0.0	1.0527	0.0	0.0	0.0	3383.17	0.0	0.0	0.0	0.0	0.001301	0.0	0.0	0.0	13.587	0.0	0.0	0.0	0.0	10	0	0	0	61	0	0	0	0	58	0	0	0	23	0	0	0	0	348	0	0	0	165	0	0	0	0	55	0	0	0	0	0	0	0	0	16	0	0	0	0	0	0	0	0	322	0	0	0	0	0	0	0	0	0.000562	0.0	0.0	0.0	0.01142	0.0	0.0	0.0	0.0	0.046907	0.0	0.0	0.0	0.953093	0.0	0.0	0.0	0.0	
252	1063	3435.535274736	4630.083	4630.083	0.135753	0.000632	809	0	0	0	250	0	0	0	0	1.0e-6	0.0	0.0	0.0	0.14702	0.0	0.0	0.0	0.0	1.0527	0.0	0.0	0.0	3388.08	0.0	0.0	0.0	0.0	0.001301	0.0	0.0	0.0	13.5523	0.0	0.0	0.0	0.0	10	0	0	0	61	0	0	0	0	58	0	0	0	23	0	0	0	0	348	0	0	0	166	0	0	0	0	55	0	0	0	0	0	0	0	0	16	0	0	0	0	0	0	0	0	322	0	0	0	0	0	0	0	0	0.000562	0.0	0.0	0.0	0.010848	0.0	0.0	0.0	0.0	0.049255	0.0	0.0	0.0	0.950745	0.0	0.0	0.0	0.0	
253	1064	3437.771980361	4630.083	4630.083	0.134476	0.000589	809	0	0	0	251	0	0	0	0	1.0e-6	0.0	0.0	0.0	0.139288	0.0	0.0	0.0	0.0	1.0527	0.0	0.0	0.0	3390.32	0.0	0.0	0.0	0.0	0.001301	0.0	0.0	0.0	13.5072	0.0	0.0	0.0	0.0	10	0	0	0	61	0	0	0	0	58	0	0	0	23	0	0	0	0	348	0	0	0	167	0	0	0	0	55	0	0	0	0	0	0	0	0	16	0	0	0	0	0	0	0	0	322	0	0	0	0	0	0	0	0	0.000562	0.0	0.0	0.0	0.010312	0.0	0.0	0.0	0.0	0.051684	0.0	0.0	0.0	0.948316	0.0	0.0	0.0	0.0	
254	1065	3441.738801661	4630.083	4630.083	0.133898	0.000571	809	0	0	0	252	0	0	0	0	1.0e-6	0.0	0.0	0.0	0.131944	0.0	0.0	0.0	0.0	1.0527	0.0	0.0	0.0	3394.28	0.0	0.0	0.0	0.0	0.001301	0.0	0.0	0.0	13.4694	0.0	0.0	0.0	0.0	10	0	0	0	61	0	0	0	0	58	0	0	0	23	0	0	0	0	348	0	0	0	168	0	0	0	0	55	0	0	0	0	0	0	0	0	16	0	0	0	0	0	0	0	0	322	0	0	0	0	0	0	0	0	0.000562	0.0	0.0	0.0	0.009796	0.0	0.0	0.0	0.0	0.05426	0.0	0.0	0.0	0.94574	0.0	0.0	0.0	0.0	
255	1066	3450.582741054	4630.083	4630.083	0.13288	0.000539	809	0	0	0	253	0	0	0	0	1.0e-6	0.0	0.0	0.0	0.124969	0.0	0.0	0.0	0.0	1.0527	0.0	0.0	0.0	3403.13	0.0	0.0	0.0	0.0	0.001301	0.0	0.0	0.0	13.4511	0.0	0.0	0.0	0.0	10	0	0	0	61	0	0	0	0	58	0	0	0	23	0	0	0	0	348	0	0	0	169	0	0	0	0	55	0	0	0	0	0	0	0	0	16	0	0	0	0	0	0	0	0	322	0	0	0	0	0	0	0	0	0.000562	0.0	0.0	0.0	0.009291	0.0	0.0	0.0	0.0	0.057043	0.0	0.0	0.0	0.942957	0.0	0.0	0.0	0.0	
256	1067	3455.101654518	4630.083	4630.083	0.130637	0.000474	809	0	0	0	254	0	0	0	0	1.0e-6	0.0	0.0	0.0	0.118342	0.0	0.0	0.0	0.0	1.0527	0.0	0.0	0.0	3407.65	0.0	0.0	0.0	0.0	0.001301	0.0	0.0	0.0	13.4159	0.0	0.0	0.0	0.0	10	0	0	0	61	0	0	0	0	58	0	0	0	23	0	0	0	0	348	0	0	0	170	0	0	0	0	55	0	0	0	0	0	0	0	0	16	0	0	0	0	0	0	0	0	322	0	0	0	0	0	0	0	0	0.000562	0.0	0.0	0.0	0.008821	0.0	0.0	0.0	0.0	0.059898	0.0	0.0	0.0	0.940102	0.0	0.0	0.0	0.0	
257	1068	3459.449531727	4630.083	4630.083	0.129506	0.000443	809	0	0	0	255	0	0	0	0	1.0e-6	0.0	0.0	0.0	0.112048	0.0	0.0	0.0	0.0	1.0527	0.0	0.0	0.0	3412.0	0.0	0.0	0.0	0.0	0.001301	0.0	0.0	0.0	13.3804	0.0	0.0	0.0	0.0	10	0	0	0	61	0	0	0	0	58	0	0	0	23	0	0	0	0	348	0	0	0	171	0	0	0	0	55	0	0	0	0	0	0	0	0	16	0	0	0	0	0	0	0	0	322	0	0	0	0	0	0	0	0	0.000562	0.0	0.0	0.0	0.008374	0.0	0.0	0.0	0.0	0.062894	0.0	0.0	0.0	0.937106	0.0	0.0	0.0	0.0	
258	1069	3463.681880901	4630.083	4630.083	0.128427	0.000415	809	0	0	0	256	0	0	0	0	1.0e-6	0.0	0.0	0.0	0.10607	0.0	0.0	0.0	0.0	1.0527	0.0	0.0	0.0	3416.23	0.0	0.0	0.0	0.0	0.001301	0.0	0.0	0.0	13.3446	0.0	0.0	0.0	0.0	10	0	0	0	61	0	0	0	0	58	0	0	0	23	0	0	0	0	348	0	0	0	172	0	0	0	0	55	0	0	0	0	0	0	0	0	16	0	0	0	0	0	0	0	0	322	0	0	0	0	0	0	0	0	0.000562	0.0	0.0	0.0	0.007948	0.0	0.0	0.0	0.0	0.066039	0.0	0.0	0.0	0.933961	0.0	0.0	0.0	0.0	
259	1070	3577.794251837	4630.083	4630.083	0.127385	0.00039	809	0	0	0	257	0	0	0	0	1.0e-6	0.0	0.0	0.0	0.100391	0.0	0.0	0.0	0.0	1.0527	0.0	0.0	0.0	3530.34	0.0	0.0	0.0	0.0	0.001301	0.0	0.0	0.0	13.7367	0.0	0.0	0.0	0.0	10	0	0	0	61	0	0	0	0	58	0	0	0	23	0	0	0	0	348	0	0	0	173	0	0	0	0	55	0	0	0	0	0	0	0	0	16	0	0	0	0	0	0	0	0	322	0	0	0	0	0	0	0	0	0.000562	0.0	0.0	0.0	0.007308	0.0	0.0	0.0	0.0	0.071411	0.0	0.0	0.0	0.928589	0.0	0.0	0.0	0.0	
260	1071	3712.231780032	4630.083	4630.083	0.10227	5.7e-5	809	0	0	0	258	0	0	0	0	1.0e-6	0.0	0.0	0.0	0.094986	0.0	0.0	0.0	0.0	1.0527	0.0	0.0	0.0	3664.78	0.0	0.0	0.0	0.0	0.001301	0.0	0.0	0.0	14.2046	0.0	0.0	0.0	0.0	10	0	0	0	61	0	0	0	0	58	0	0	0	23	0	0	0	0	348	0	0	0	174	0	0	0	0	55	0	0	0	0	0	0	0	0	16	0	0	0	0	0	0	0	0	322	0	0	0	0	0	0	0	0	0.000562	0.0	0.0	0.0	0.006687	0.0	0.0	0.0	0.0	0.077531	0.0	0.0	0.0	0.922469	0.0	0.0	0.0	0.0	
261	1072	3730.214842038	4630.083	4630.083	0.078956	3.0e-6	809	0	0	0	259	0	0	0	0	1.0e-6	0.0	0.0	0.0	0.089837	0.0	0.0	0.0	0.0	1.0527	0.0	0.0	0.0	3682.76	0.0	0.0	0.0	0.0	0.001301	0.0	0.0	0.0	14.2192	0.0	0.0	0.0	0.0	10	0	0	0	61	0	0	0	0	58	0	0	0	23	0	0	0	0	348	0	0	0	175	0	0	0	0	55	0	0	0	0	0	0	0	0	16	0	0	0	0	0	0	0	0	322	0	0	0	0	0	0	0	0	0.000562	0.0	0.0	0.0	0.006318	0.0	0.0	0.0	0.0	0.081688	0.0	0.0	0.0	0.918311	0.0	0.0	0.0	0.0	
262	1073	3736.867352224	4629.583	4629.583	0.07627	2.0e-6	809	0	0	0	260	0	0	0	0	1.0e-6	0.0	0.0	0.0	0.139393	0.0	0.0	0.0	0.0	1.0527	0.0	0.0	0.0	3689.41	0.0	0.0	0.0	0.0	0.001301	0.0	0.0	0.0	14.19	0.0	0.0	0.0	0.0	10	0	0	0	62	0	0	0	0	58	0	0	0	23	0	0	0	0	348	0	0	0	175	0	0	0	0	55	0	0	0	0	0	0	0	0	16	0	0	0	0	0	0	0	0	322	0	0	0	0	0	0	0	0	0.000562	0.0	0.0	0.0	0.009823	0.0	0.0	0.0	0.0	0.054117	0.0	0.0	0.0	0.945883	0.0	0.0	0.0	0.0	
263	1074	3740.939097838	4629.583	4629.583	0.0753	2.0e-6	809	0	0	0	261	0	0	0	0	1.0e-6	0.0	0.0	0.0	0.132025	0.0	0.0	0.0	0.0	1.0527	0.0	0.0	0.0	3693.48	0.0	0.0	0.0	0.0	0.001301	0.0	0.0	0.0	14.1513	0.0	0.0	0.0	0.0	10	0	0	0	62	0	0	0	0	58	0	0	0	23	0	0	0	0	348	0	0	0	176	0	0	0	0	55	0	0	0	0	0	0	0	0	16	0	0	0	0	0	0	0	0	322	0	0	0	0	0	0	0	0	0.000562	0.0	0.0	0.0	0.00933	0.0	0.0	0.0	0.0	0.056818	0.0	0.0	0.0	0.943182	0.0	0.0	0.0	0.0	
264	1075	3756.432604851	4629.583	4629.583	0.074712	2.0e-6	809	0	0	0	262	0	0	0	0	1.0e-6	0.0	0.0	0.0	0.125026	0.0	0.0	0.0	0.0	1.0527	0.0	0.0	0.0	3708.98	0.0	0.0	0.0	0.0	0.001301	0.0	0.0	0.0	14.1564	0.0	0.0	0.0	0.0	10	0	0	0	62	0	0	0	0	58	0	0	0	23	0	0	0	0	348	0	0	0	177	0	0	0	0	55	0	0	0	0	0	0	0	0	16	0	0	0	0	0	0	0	0	322	0	0	0	0	0	0	0	0	0.000562	0.0	0.0	0.0	0.008832	0.0	0.0	0.0	0.0	0.059829	0.0	0.0	0.0	0.940171	0.0	0.0	0.0	0.0	
265	1076	3774.259860287	4629.583	4629.583	0.072518	1.0e-6	809	0	0	0	263	0	0	0	0	1.0e-6	0.0	0.0	0.0	0.118377	0.0	0.0	0.0	0.0	1.0527	0.0	0.0	0.0	3726.81	0.0	0.0	0.0	0.0	0.001301	0.0	0.0	0.0	14.1704	0.0	0.0	0.0	0.0	10	0	0	0	62	0	0	0	0	58	0	0	0	23	0	0	0	0	348	0	0	0	178	0	0	0	0	55	0	0	0	0	0	0	0	0	16	0	0	0	0	0	0	0	0	322	0	0	0	0	0	0	0	0	0.000562	0.0	0.0	0.0	0.008354	0.0	0.0	0.0	0.0	0.063036	0.0	0.0	0.0	0.936964	0.0	0.0	0.0	0.0	
266	1077	3778.422426356	4629.583	4629.583	0.070072	1.0e-6	809	0	0	0	264	0	0	0	0	1.0e-6	0.0	0.0	0.0	0.11206	0.0	0.0	0.0	0.0	1.0527	0.0	0.0	0.0	3730.97	0.0	0.0	0.0	0.0	0.001301	0.0	0.0	0.0	14.1325	0.0	0.0	0.0	0.0	10	0	0	0	62	0	0	0	0	58	0	0	0	23	0	0	0	0	348	0	0	0	179	0	0	0	0	55	0	0	0	0	0	0	0	0	16	0	0	0	0	0	0	0	0	322	0	0	0	0	0	0	0	0	0.000562	0.0	0.0	0.0	0.007929	0.0	0.0	0.0	0.0	0.066188	0.0	0.0	0.0	0.933812	0.0	0.0	0.0	0.0	
267	1078	3781.687853447	4629.583	4629.583	0.069513	1.0e-6	809	0	0	0	265	0	0	0	0	1.0e-6	0.0	0.0	0.0	0.10606	0.0	0.0	0.0	0.0	1.0527	0.0	0.0	0.0	3734.23	0.0	0.0	0.0	0.0	0.001301	0.0	0.0	0.0	14.0914	0.0	0.0	0.0	0.0	10	0	0	0	62	0	0	0	0	58	0	0	0	23	0	0	0	0	348	0	0	0	180	0	0	0	0	55	0	0	0	0	0	0	0	0	16	0	0	0	0	0	0	0	0	322	0	0	0	0	0	0	0	0	0.000562	0.0	0.0	0.0	0.007527	0.0	0.0	0.0	0.0	0.069484	0.0	0.0	0.0	0.930516	0.0	0.0	0.0	0.0	
268	1079	3790.775098505	4629.583	4629.583	0.069077	1.0e-6	809	0	0	0	266	0	0	0	0	1.0e-6	0.0	0.0	0.0	0.100361	0.0	0.0	0.0	0.0	1.0527	0.0	0.0	0.0	3743.32	0.0	0.0	0.0	0.0	0.001301	0.0	0.0	0.0	14.0726	0.0	0.0	0.0	0.0	10	0	0	0	62	0	0	0	0	58	0	0	0	23	0	0	0	0	348	0	0	0	181	0	0	0	0	55	0	0	0	0	0	0	0	0	16	0	0	0	0	0	0	0	0	322	0	0	0	0	0	0	0	0	0.000562	0.0	0.0	0.0	0.007132	0.0	0.0	0.0	0.0	0.07305	0.0	0.0	0.0	0.92695	0.0	0.0	0.0	0.0	
269	1080	3795.737405887	4629.583	4629.583	0.06788	0.0	809	0	0	0	267	0	0	0	0	1.0e-6	0.0	0.0	0.0	0.094947	0.0	0.0	0.0	0.0	1.0527	0.0	0.0	0.0	3748.28	0.0	0.0	0.0	0.0	0.001301	0.0	0.0	0.0	14.0385	0.0	0.0	0.0	0.0	10	0	0	0	62	0	0	0	0	58	0	0	0	23	0	0	0	0	348	0	0	0	182	0	0	0	0	55	0	0	0	0	0	0	0	0	16	0	0	0	0	0	0	0	0	322	0	0	0	0	0	0	0	0	0.000562	0.0	0.0	0.0	0.006763	0.0	0.0	0.0	0.0	0.076723	0.0	0.0	0.0	0.923277	0.0	0.0	0.0	0.0	
270	1081	3800.730784228	4629.583	4629.583	0.067235	0.0	809	0	0	0	268	0	0	0	0	1.0e-6	0.0	0.0	0.0	0.089806	0.0	0.0	0.0	0.0	1.0527	0.0	0.0	0.0	3753.28	0.0	0.0	0.0	0.0	0.001301	0.0	0.0	0.0	14.0048	0.0	0.0	0.0	0.0	10	0	0	0	62	0	0	0	0	58	0	0	0	23	0	0	0	0	348	0	0	0	183	0	0	0	0	55	0	0	0	0	0	0	0	0	16	0	0	0	0	0	0	0	0	322	0	0	0	0	0	0	0	0	0.000562	0.0	0.0	0.0	0.006412	0.0	0.0	0.0	0.0	0.080582	0.0	0.0	0.0	0.919418	0.0	0.0	0.0	0.0	
271	1082	3807.886482984	4628.583	4628.583	0.066592	0.0	809	0	0	0	269	0	0	0	0	1.0e-6	0.0	0.0	0.0	0.139304	0.0	0.0	0.0	0.0	1.0527	0.0	0.0	0.0	3760.43	0.0	0.0	0.0	0.0	0.001301	0.0	0.0	0.0	13.9793	0.0	0.0	0.0	0.0	10	0	0	0	63	0	0	0	0	58	0	0	0	23	0	0	0	0	348	0	0	0	183	0	0	0	0	55	0	0	0	0	0	0	0	0	16	0	0	0	0	0	0	0	0	322	0	0	0	0	0	0	0	0	0.000562	0.0	0.0	0.0	0.009965	0.0	0.0	0.0	0.0	0.053388	0.0	0.0	0.0	0.946612	0.0	0.0	0.0	0.0	
272	1083	3815.49820987	4628.583	4628.583	0.065681	0.0	809	0	0	0	270	0	0	0	0	1.0e-6	0.0	0.0	0.0	0.131946	0.0	0.0	0.0	0.0	1.0527	0.0	0.0	0.0	3768.04	0.0	0.0	0.0	0.0	0.001301	0.0	0.0	0.0	13.9557	0.0	0.0	0.0	0.0	10	0	0	0	63	0	0	0	0	58	0	0	0	23	0	0	0	0	348	0	0	0	184	0	0	0	0	55	0	0	0	0	0	0	0	0	16	0	0	0	0	0	0	0	0	322	0	0	0	0	0	0	0	0	0.000562	0.0	0.0	0.0	0.009455	0.0	0.0	0.0	0.0	0.056109	0.0	0.0	0.0	0.943891	0.0	0.0	0.0	0.0	
273	1084	3818.643681124	4628.583	4628.583	0.064726	0.0	809	0	0	0	271	0	0	0	0	1.0e-6	0.0	0.0	0.0	0.124956	0.0	0.0	0.0	0.0	1.0527	0.0	0.0	0.0	3771.19	0.0	0.0	0.0	0.0	0.001301	0.0	0.0	0.0	13.9158	0.0	0.0	0.0	0.0	10	0	0	0	63	0	0	0	0	58	0	0	0	23	0	0	0	0	348	0	0	0	185	0	0	0	0	55	0	0	0	0	0	0	0	0	16	0	0	0	0	0	0	0	0	322	0	0	0	0	0	0	0	0	0.000562	0.0	0.0	0.0	0.008979	0.0	0.0	0.0	0.0	0.058903	0.0	0.0	0.0	0.941097	0.0	0.0	0.0	0.0	
274	1085	3826.501583479	4628.583	4628.583	0.064335	0.0	809	0	0	0	272	0	0	0	0	1.0e-6	0.0	0.0	0.0	0.118318	0.0	0.0	0.0	0.0	1.0527	0.0	0.0	0.0	3779.05	0.0	0.0	0.0	0.0	0.001301	0.0	0.0	0.0	13.8936	0.0	0.0	0.0	0.0	10	0	0	0	63	0	0	0	0	58	0	0	0	23	0	0	0	0	348	0	0	0	186	0	0	0	0	55	0	0	0	0	0	0	0	0	16	0	0	0	0	0	0	0	0	322	0	0	0	0	0	0	0	0	0.000562	0.0	0.0	0.0	0.008516	0.0	0.0	0.0	0.0	0.06191	0.0	0.0	0.0	0.93809	0.0	0.0	0.0	0.0	
275	1086	3871.893683718	4625.583	4625.583	0.06337	0.0	809	0	0	0	273	0	0	0	0	1.0e-6	0.0	0.0	0.0	0.165311	0.0	0.0	0.0	0.0	1.0527	0.0	0.0	0.0	3824.44	0.0	0.0	0.0	0.0	0.001301	0.0	0.0	0.0	14.0089	0.0	0.0	0.0	0.0	10	0	0	0	64	0	0	0	0	58	0	0	0	23	0	0	0	0	348	0	0	0	186	0	0	0	0	55	0	0	0	0	0	0	0	0	16	0	0	0	0	0	0	0	0	322	0	0	0	0	0	0	0	0	0.000562	0.0	0.0	0.0	0.0118	0.0	0.0	0.0	0.0	0.045462	0.0	0.0	0.0	0.954538	0.0	0.0	0.0	0.0	
276	1087	3880.501872768	4625.583	4625.583	0.058069	0.0	809	0	0	0	274	0	0	0	0	1.0e-6	0.0	0.0	0.0	0.156652	0.0	0.0	0.0	0.0	1.0527	0.0	0.0	0.0	3833.05	0.0	0.0	0.0	0.0	0.001301	0.0	0.0	0.0	13.9892	0.0	0.0	0.0	0.0	10	0	0	0	64	0	0	0	0	58	0	0	0	23	0	0	0	0	348	0	0	0	187	0	0	0	0	55	0	0	0	0	0	0	0	0	16	0	0	0	0	0	0	0	0	322	0	0	0	0	0	0	0	0	0.000562	0.0	0.0	0.0	0.011198	0.0	0.0	0.0	0.0	0.047791	0.0	0.0	0.0	0.952209	0.0	0.0	0.0	0.0	
277	1088	3890.045549381	4625.583	4625.583	0.057115	0.0	809	0	0	0	275	0	0	0	0	1.0e-6	0.0	0.0	0.0	0.148426	0.0	0.0	0.0	0.0	1.0527	0.0	0.0	0.0	3842.59	0.0	0.0	0.0	0.0	0.001301	0.0	0.0	0.0	13.9731	0.0	0.0	0.0	0.0	10	0	0	0	64	0	0	0	0	58	0	0	0	23	0	0	0	0	348	0	0	0	188	0	0	0	0	55	0	0	0	0	0	0	0	0	16	0	0	0	0	0	0	0	0	322	0	0	0	0	0	0	0	0	0.000562	0.0	0.0	0.0	0.010622	0.0	0.0	0.0	0.0	0.050251	0.0	0.0	0.0	0.949749	0.0	0.0	0.0	0.0	
278	1089	3895.958467046	4625.583	4625.583	0.056075	0.0	809	0	0	0	276	0	0	0	0	1.0e-6	0.0	0.0	0.0	0.140612	0.0	0.0	0.0	0.0	1.0527	0.0	0.0	0.0	3848.5	0.0	0.0	0.0	0.0	0.001301	0.0	0.0	0.0	13.9439	0.0	0.0	0.0	0.0	10	0	0	0	64	0	0	0	0	58	0	0	0	23	0	0	0	0	348	0	0	0	189	0	0	0	0	55	0	0	0	0	0	0	0	0	16	0	0	0	0	0	0	0	0	322	0	0	0	0	0	0	0	0	0.000562	0.0	0.0	0.0	0.010084	0.0	0.0	0.0	0.0	0.052791	0.0	0.0	0.0	0.947209	0.0	0.0	0.0	0.0	
279	1090	3912.02067495	4625.583	4625.583	0.055441	0.0	809	0	0	0	277	0	0	0	0	1.0e-6	0.0	0.0	0.0	0.13319	0.0	0.0	0.0	0.0	1.0527	0.0	0.0	0.0	3864.57	0.0	0.0	0.0	0.0	0.001301	0.0	0.0	0.0	13.9515	0.0	0.0	0.0	0.0	10	0	0	0	64	0	0	0	0	58	0	0	0	23	0	0	0	0	348	0	0	0	190	0	0	0	0	55	0	0	0	0	0	0	0	0	16	0	0	0	0	0	0	0	0	322	0	0	0	0	0	0	0	0	0.000562	0.0	0.0	0.0	0.009547	0.0	0.0	0.0	0.0	0.055598	0.0	0.0	0.0	0.944402	0.0	0.0	0.0	0.0	
280	1091	3914.31949288	4625.583	4625.583	0.053753	0.0	809	0	0	0	278	0	0	0	0	1.0e-6	0.0	0.0	0.0	0.126138	0.0	0.0	0.0	0.0	1.0527	0.0	0.0	0.0	3866.86	0.0	0.0	0.0	0.0	0.001301	0.0	0.0	0.0	13.9096	0.0	0.0	0.0	0.0	10	0	0	0	64	0	0	0	0	58	0	0	0	23	0	0	0	0	348	0	0	0	191	0	0	0	0	55	0	0	0	0	0	0	0	0	16	0	0	0	0	0	0	0	0	322	0	0	0	0	0	0	0	0	0.000562	0.0	0.0	0.0	0.009068	0.0	0.0	0.0	0.0	0.058359	0.0	0.0	0.0	0.941641	0.0	0.0	0.0	0.0	
281	1092	3920.179941818	4625.583	4625.583	0.053516	0.0	809	0	0	0	279	0	0	0	0	1.0e-6	0.0	0.0	0.0	0.11944	0.0	0.0	0.0	0.0	1.0527	0.0	0.0	0.0	3872.72	0.0	0.0	0.0	0.0	0.001301	0.0	0.0	0.0	13.8807	0.0	0.0	0.0	0.0	10	0	0	0	64	0	0	0	0	58	0	0	0	23	0	0	0	0	348	0	0	0	192	0	0	0	0	55	0	0	0	0	0	0	0	0	16	0	0	0	0	0	0	0	0	322	0	0	0	0	0	0	0	0	0.000562	0.0	0.0	0.0	0.008605	0.0	0.0	0.0	0.0	0.061311	0.0	0.0	0.0	0.938689	0.0	0.0	0.0	0.0	
282	1093	3928.995663266	4625.583	4625.583	0.052916	0.0	809	0	0	0	280	0	0	0	0	1.0e-6	0.0	0.0	0.0	0.113078	0.0	0.0	0.0	0.0	1.0527	0.0	0.0	0.0	3881.54	0.0	0.0	0.0	0.0	0.001301	0.0	0.0	0.0	13.8626	0.0	0.0	0.0	0.0	10	0	0	0	64	0	0	0	0	58	0	0	0	23	0	0	0	0	348	0	0	0	193	0	0	0	0	55	0	0	0	0	0	0	0	0	16	0	0	0	0	0	0	0	0	322	0	0	0	0	0	0	0	0	0.000562	0.0	0.0	0.0	0.008157	0.0	0.0	0.0	0.0	0.064459	0.0	0.0	0.0	0.935541	0.0	0.0	0.0	0.0	
283	1094	3932.78683143	4625.583	4625.583	0.052026	0.0	809	0	0	0	281	0	0	0	0	1.0e-6	0.0	0.0	0.0	0.107035	0.0	0.0	0.0	0.0	1.0527	0.0	0.0	0.0	3885.33	0.0	0.0	0.0	0.0	0.001301	0.0	0.0	0.0	13.8268	0.0	0.0	0.0	0.0	10	0	0	0	64	0	0	0	0	58	0	0	0	23	0	0	0	0	348	0	0	0	194	0	0	0	0	55	0	0	0	0	0	0	0	0	16	0	0	0	0	0	0	0	0	322	0	0	0	0	0	0	0	0	0.000562	0.0	0.0	0.0	0.007741	0.0	0.0	0.0	0.0	0.067688	0.0	0.0	0.0	0.932312	0.0	0.0	0.0	0.0	
284	1095	3940.143615472	4623.583	4623.583	0.051648	0.0	809	0	0	0	282	0	0	0	0	1.0e-6	0.0	0.0	0.0	0.154925	0.0	0.0	0.0	0.0	1.0527	0.0	0.0	0.0	3892.69	0.0	0.0	0.0	0.0	0.001301	0.0	0.0	0.0	13.8039	0.0	0.0	0.0	0.0	10	0	0	0	65	0	0	0	0	58	0	0	0	23	0	0	0	0	348	0	0	0	194	0	0	0	0	55	0	0	0	0	0	0	0	0	16	0	0	0	0	0	0	0	0	322	0	0	0	0	0	0	0	0	0.000562	0.0	0.0	0.0	0.011223	0.0	0.0	0.0	0.0	0.047688	0.0	0.0	0.0	0.952312	0.0	0.0	0.0	0.0	
285	1096	3942.39280125	4623.583	4623.583	0.050922	0.0	809	0	0	0	283	0	0	0	0	1.0e-6	0.0	0.0	0.0	0.146791	0.0	0.0	0.0	0.0	1.0527	0.0	0.0	0.0	3894.94	0.0	0.0	0.0	0.0	0.001301	0.0	0.0	0.0	13.763	0.0	0.0	0.0	0.0	10	0	0	0	65	0	0	0	0	58	0	0	0	23	0	0	0	0	348	0	0	0	195	0	0	0	0	55	0	0	0	0	0	0	0	0	16	0	0	0	0	0	0	0	0	322	0	0	0	0	0	0	0	0	0.000562	0.0	0.0	0.0	0.010666	0.0	0.0	0.0	0.0	0.050057	0.0	0.0	0.0	0.949943	0.0	0.0	0.0	0.0	
286	1097	3954.455099797	4623.583	4623.583	0.050702	0.0	809	0	0	0	284	0	0	0	0	1.0e-6	0.0	0.0	0.0	0.139064	0.0	0.0	0.0	0.0	1.0527	0.0	0.0	0.0	3907.0	0.0	0.0	0.0	0.0	0.001301	0.0	0.0	0.0	13.757	0.0	0.0	0.0	0.0	10	0	0	0	65	0	0	0	0	58	0	0	0	23	0	0	0	0	348	0	0	0	196	0	0	0	0	55	0	0	0	0	0	0	0	0	16	0	0	0	0	0	0	0	0	322	0	0	0	0	0	0	0	0	0.000562	0.0	0.0	0.0	0.010109	0.0	0.0	0.0	0.0	0.05267	0.0	0.0	0.0	0.94733	0.0	0.0	0.0	0.0	
287	1098	3964.145074364	4623.583	4623.583	0.049538	0.0	809	0	0	0	285	0	0	0	0	1.0e-6	0.0	0.0	0.0	0.131724	0.0	0.0	0.0	0.0	1.0527	0.0	0.0	0.0	3916.69	0.0	0.0	0.0	0.0	0.001301	0.0	0.0	0.0	13.7428	0.0	0.0	0.0	0.0	10	0	0	0	65	0	0	0	0	58	0	0	0	23	0	0	0	0	348	0	0	0	197	0	0	0	0	55	0	0	0	0	0	0	0	0	16	0	0	0	0	0	0	0	0	322	0	0	0	0	0	0	0	0	0.000562	0.0	0.0	0.0	0.009585	0.0	0.0	0.0	0.0	0.055388	0.0	0.0	0.0	0.944612	0.0	0.0	0.0	0.0	
288	1099	3967.740817539	4623.583	4623.583	0.048623	0.0	809	0	0	0	286	0	0	0	0	1.0e-6	0.0	0.0	0.0	0.124752	0.0	0.0	0.0	0.0	1.0527	0.0	0.0	0.0	3920.29	0.0	0.0	0.0	0.0	0.001301	0.0	0.0	0.0	13.7073	0.0	0.0	0.0	0.0	10	0	0	0	65	0	0	0	0	58	0	0	0	23	0	0	0	0	348	0	0	0	198	0	0	0	0	55	0	0	0	0	0	0	0	0	16	0	0	0	0	0	0	0	0	322	0	0	0	0	0	0	0	0	0.000562	0.0	0.0	0.0	0.009101	0.0	0.0	0.0	0.0	0.058161	0.0	0.0	0.0	0.941839	0.0	0.0	0.0	0.0	
289	1101	4067.019890352	4623.583	4623.583	0.048288	0.0	810	0	0	0	287	0	0	0	0	1.0e-6	0.0	0.0	0.0	0.118167	0.0	0.0	0.0	0.0	1.05293	0.0	0.0	0.0	4019.56	0.0	0.0	0.0	0.0	0.0013	0.0	0.0	0.0	14.0055	0.0	0.0	0.0	0.0	10	0	0	0	65	0	0	0	0	58	0	0	0	23	0	0	0	0	348	0	0	0	199	0	0	0	0	55	0	0	0	0	0	0	0	0	16	0	0	0	0	0	0	0	0	323	0	0	0	0	0	0	0	0	0.000506	0.0	0.0	0.0	0.008437	0.0	0.0	0.0	0.0	0.056614	0.0	0.0	0.0	0.943386	0.0	0.0	0.0	0.0	
290	1102	4070.883866313	4623.583	4623.583	0.03989	0.0	810	0	0	0	288	0	0	0	0	1.0e-6	0.0	0.0	0.0	0.111904	0.0	0.0	0.0	0.0	1.05293	0.0	0.0	0.0	4023.43	0.0	0.0	0.0	0.0	0.0013	0.0	0.0	0.0	13.9702	0.0	0.0	0.0	0.0	10	0	0	0	65	0	0	0	0	58	0	0	0	23	0	0	0	0	348	0	0	0	200	0	0	0	0	55	0	0	0	0	0	0	0	0	16	0	0	0	0	0	0	0	0	323	0	0	0	0	0	0	0	0	0.000506	0.0	0.0	0.0	0.00801	0.0	0.0	0.0	0.0	0.059453	0.0	0.0	0.0	0.940547	0.0	0.0	0.0	0.0	
291	1103	4073.176209891	4623.583	4623.583	0.039594	0.0	810	0	0	0	289	0	0	0	0	1.0e-6	0.0	0.0	0.0	0.105956	0.0	0.0	0.0	0.0	1.05293	0.0	0.0	0.0	4025.72	0.0	0.0	0.0	0.0	0.0013	0.0	0.0	0.0	13.9298	0.0	0.0	0.0	0.0	10	0	0	0	65	0	0	0	0	58	0	0	0	23	0	0	0	0	348	0	0	0	201	0	0	0	0	55	0	0	0	0	0	0	0	0	16	0	0	0	0	0	0	0	0	323	0	0	0	0	0	0	0	0	0.000506	0.0	0.0	0.0	0.007606	0.0	0.0	0.0	0.0	0.062412	0.0	0.0	0.0	0.937588	0.0	0.0	0.0	0.0	
292	1104	4075.41521592	4623.583	4623.583	0.03942	0.0	810	0	0	0	290	0	0	0	0	1.0e-6	0.0	0.0	0.0	0.100305	0.0	0.0	0.0	0.0	1.05293	0.0	0.0	0.0	4027.96	0.0	0.0	0.0	0.0	0.0013	0.0	0.0	0.0	13.8895	0.0	0.0	0.0	0.0	10	0	0	0	65	0	0	0	0	58	0	0	0	23	0	0	0	0	348	0	0	0	202	0	0	0	0	55	0	0	0	0	0	0	0	0	16	0	0	0	0	0	0	0	0	323	0	0	0	0	0	0	0	0	0.000506	0.0	0.0	0.0	0.007222	0.0	0.0	0.0	0.0	0.065519	0.0	0.0	0.0	0.934481	0.0	0.0	0.0	0.0	
293	1105	4084.625030364	4623.583	4623.583	0.03925	0.0	810	0	0	0	291	0	0	0	0	1.0e-6	0.0	0.0	0.0	0.094938	0.0	0.0	0.0	0.0	1.05293	0.0	0.0	0.0	4037.17	0.0	0.0	0.0	0.0	0.0013	0.0	0.0	0.0	13.8734	0.0	0.0	0.0	0.0	10	0	0	0	65	0	0	0	0	58	0	0	0	23	0	0	0	0	348	0	0	0	203	0	0	0	0	55	0	0	0	0	0	0	0	0	16	0	0	0	0	0	0	0	0	323	0	0	0	0	0	0	0	0	0.000506	0.0	0.0	0.0	0.006843	0.0	0.0	0.0	0.0	0.068894	0.0	0.0	0.0	0.931106	0.0	0.0	0.0	0.0	
294	1106	4091.856178695	4623.583	4623.583	0.038561	0.0	810	0	0	0	292	0	0	0	0	1.0e-6	0.0	0.0	0.0	0.08984	0.0	0.0	0.0	0.0	1.05293	0.0	0.0	0.0	4044.4	0.0	0.0	0.0	0.0	0.0013	0.0	0.0	0.0	13.8507	0.0	0.0	0.0	0.0	10	0	0	0	65	0	0	0	0	58	0	0	0	23	0	0	0	0	348	0	0	0	204	0	0	0	0	55	0	0	0	0	0	0	0	0	16	0	0	0	0	0	0	0	0	323	0	0	0	0	0	0	0	0	0.000506	0.0	0.0	0.0	0.006486	0.0	0.0	0.0	0.0	0.072409	0.0	0.0	0.0	0.927591	0.0	0.0	0.0	0.0	
295	1107	4095.085215339	4623.583	4623.583	0.038028	0.0	810	0	0	0	293	0	0	0	0	1.0e-6	0.0	0.0	0.0	0.084997	0.0	0.0	0.0	0.0	1.05293	0.0	0.0	0.0	4047.63	0.0	0.0	0.0	0.0	0.0013	0.0	0.0	0.0	13.8144	0.0	0.0	0.0	0.0	10	0	0	0	65	0	0	0	0	58	0	0	0	23	0	0	0	0	348	0	0	0	205	0	0	0	0	55	0	0	0	0	0	0	0	0	16	0	0	0	0	0	0	0	0	323	0	0	0	0	0	0	0	0	0.000506	0.0	0.0	0.0	0.006153	0.0	0.0	0.0	0.0	0.076036	0.0	0.0	0.0	0.923964	0.0	0.0	0.0	0.0	
296	1108	4104.884715316	4623.583	4623.583	0.037792	0.0	810	0	0	0	294	0	0	0	0	1.0e-6	0.0	0.0	0.0	0.080398	0.0	0.0	0.0	0.0	1.05293	0.0	0.0	0.0	4057.43	0.0	0.0	0.0	0.0	0.0013	0.0	0.0	0.0	13.8008	0.0	0.0	0.0	0.0	10	0	0	0	65	0	0	0	0	58	0	0	0	23	0	0	0	0	348	0	0	0	206	0	0	0	0	55	0	0	0	0	0	0	0	0	16	0	0	0	0	0	0	0	0	323	0	0	0	0	0	0	0	0	0.000506	0.0	0.0	0.0	0.005826	0.0	0.0	0.0	0.0	0.079965	0.0	0.0	0.0	0.920035	0.0	0.0	0.0	0.0	
297	1109	4115.384467099	4623.583	4623.583	0.037086	0.0	810	0	0	0	295	0	0	0	0	1.0e-6	0.0	0.0	0.0	0.076028	0.0	0.0	0.0	0.0	1.05293	0.0	0.0	0.0	4067.93	0.0	0.0	0.0	0.0	0.0013	0.0	0.0	0.0	13.7896	0.0	0.0	0.0	0.0	10	0	0	0	65	0	0	0	0	58	0	0	0	23	0	0	0	0	348	0	0	0	207	0	0	0	0	55	0	0	0	0	0	0	0	0	16	0	0	0	0	0	0	0	0	323	0	0	0	0	0	0	0	0	0.000506	0.0	0.0	0.0	0.005513	0.0	0.0	0.0	0.0	0.084111	0.0	0.0	0.0	0.915889	0.0	0.0	0.0	0.0	
298	1110	4119.389339763	4622.583	4622.583	0.036344	0.0	810	0	0	0	296	0	0	0	0	1.0e-6	0.0	0.0	0.0	0.12647	0.0	0.0	0.0	0.0	1.05293	0.0	0.0	0.0	4071.93	0.0	0.0	0.0	0.0	0.0013	0.0	0.0	0.0	13.7565	0.0	0.0	0.0	0.0	10	0	0	0	66	0	0	0	0	58	0	0	0	23	0	0	0	0	348	0	0	0	207	0	0	0	0	55	0	0	0	0	0	0	0	0	16	0	0	0	0	0	0	0	0	323	0	0	0	0	0	0	0	0	0.000506	0.0	0.0	0.0	0.009193	0.0	0.0	0.0	0.0	0.0522	0.0	0.0	0.0	0.947799	0.0	0.0	0.0	0.0	
299	1111	4135.814341381	4622.583	4622.583	0.036065	0.0	810	0	0	0	297	0	0	0	0	1.0e-6	0.0	0.0	0.0	0.119798	0.0	0.0	0.0	0.0	1.05293	0.0	0.0	0.0	4088.36	0.0	0.0	0.0	0.0	0.0013	0.0	0.0	0.0	13.7655	0.0	0.0	0.0	0.0	10	0	0	0	66	0	0	0	0	58	0	0	0	23	0	0	0	0	348	0	0	0	208	0	0	0	0	55	0	0	0	0	0	0	0	0	16	0	0	0	0	0	0	0	0	323	0	0	0	0	0	0	0	0	0.000506	0.0	0.0	0.0	0.008703	0.0	0.0	0.0	0.0	0.054982	0.0	0.0	0.0	0.945018	0.0	0.0	0.0	0.0	
300	1112	4141.143653795	4622.583	4622.583	0.034943	0.0	810	0	0	0	298	0	0	0	0	1.0e-6	0.0	0.0	0.0	0.11346	0.0	0.0	0.0	0.0	1.05293	0.0	0.0	0.0	4093.69	0.0	0.0	0.0	0.0	0.0013	0.0	0.0	0.0	13.7372	0.0	0.0	0.0	0.0	10	0	0	0	66	0	0	0	0	58	0	0	0	23	0	0	0	0	348	0	0	0	209	0	0	0	0	55	0	0	0	0	0	0	0	0	16	0	0	0	0	0	0	0	0	323	0	0	0	0	0	0	0	0	0.000506	0.0	0.0	0.0	0.008259	0.0	0.0	0.0	0.0	0.057764	0.0	0.0	0.0	0.942237	0.0	0.0	0.0	0.0	
301	1113	4153.051903454	4622.583	4622.583	0.034587	0.0	810	0	0	0	299	0	0	0	0	1.0e-6	0.0	0.0	0.0	0.107439	0.0	0.0	0.0	0.0	1.05293	0.0	0.0	0.0	4105.6	0.0	0.0	0.0	0.0	0.0013	0.0	0.0	0.0	13.7311	0.0	0.0	0.0	0.0	10	0	0	0	66	0	0	0	0	58	0	0	0	23	0	0	0	0	348	0	0	0	210	0	0	0	0	55	0	0	0	0	0	0	0	0	16	0	0	0	0	0	0	0	0	323	0	0	0	0	0	0	0	0	0.000506	0.0	0.0	0.0	0.007824	0.0	0.0	0.0	0.0	0.060778	0.0	0.0	0.0	0.939222	0.0	0.0	0.0	0.0	
302	1114	4157.723058224	4622.583	4622.583	0.033803	0.0	810	0	0	0	300	0	0	0	0	1.0e-6	0.0	0.0	0.0	0.101719	0.0	0.0	0.0	0.0	1.05293	0.0	0.0	0.0	4110.27	0.0	0.0	0.0	0.0	0.0013	0.0	0.0	0.0	13.7009	0.0	0.0	0.0	0.0	10	0	0	0	66	0	0	0	0	58	0	0	0	23	0	0	0	0	348	0	0	0	211	0	0	0	0	55	0	0	0	0	0	0	0	0	16	0	0	0	0	0	0	0	0	323	0	0	0	0	0	0	0	0	0.000506	0.0	0.0	0.0	0.007424	0.0	0.0	0.0	0.0	0.063845	0.0	0.0	0.0	0.936155	0.0	0.0	0.0	0.0	
303	1115	4163.624898429	4622.583	4622.583	0.033501	0.0	810	0	0	0	301	0	0	0	0	1.0e-6	0.0	0.0	0.0	0.096286	0.0	0.0	0.0	0.0	1.05293	0.0	0.0	0.0	4116.17	0.0	0.0	0.0	0.0	0.0013	0.0	0.0	0.0	13.675	0.0	0.0	0.0	0.0	10	0	0	0	66	0	0	0	0	58	0	0	0	23	0	0	0	0	348	0	0	0	212	0	0	0	0	55	0	0	0	0	0	0	0	0	16	0	0	0	0	0	0	0	0	323	0	0	0	0	0	0	0	0	0.000506	0.0	0.0	0.0	0.007041	0.0	0.0	0.0	0.0	0.067087	0.0	0.0	0.0	0.932913	0.0	0.0	0.0	0.0	
304	1116	4167.34611325	4622.583	4622.583	0.033122	0.0	810	0	0	0	302	0	0	0	0	1.0e-6	0.0	0.0	0.0	0.091126	0.0	0.0	0.0	0.0	1.05293	0.0	0.0	0.0	4119.89	0.0	0.0	0.0	0.0	0.0013	0.0	0.0	0.0	13.642	0.0	0.0	0.0	0.0	10	0	0	0	66	0	0	0	0	58	0	0	0	23	0	0	0	0	348	0	0	0	213	0	0	0	0	55	0	0	0	0	0	0	0	0	16	0	0	0	0	0	0	0	0	323	0	0	0	0	0	0	0	0	0.000506	0.0	0.0	0.0	0.00668	0.0	0.0	0.0	0.0	0.07046	0.0	0.0	0.0	0.92954	0.0	0.0	0.0	0.0	
305	1117	4171.578234519	4622.583	4622.583	0.032886	0.0	810	0	0	0	303	0	0	0	0	1.0e-6	0.0	0.0	0.0	0.086224	0.0	0.0	0.0	0.0	1.05293	0.0	0.0	0.0	4124.12	0.0	0.0	0.0	0.0	0.0013	0.0	0.0	0.0	13.611	0.0	0.0	0.0	0.0	10	0	0	0	66	0	0	0	0	58	0	0	0	23	0	0	0	0	348	0	0	0	214	0	0	0	0	55	0	0	0	0	0	0	0	0	16	0	0	0	0	0	0	0	0	323	0	0	0	0	0	0	0	0	0.000506	0.0	0.0	0.0	0.006335	0.0	0.0	0.0	0.0	0.074012	0.0	0.0	0.0	0.925988	0.0	0.0	0.0	0.0	
306	1118	4190.150251091	4622.583	4622.583	0.032619	0.0	810	0	0	0	304	0	0	0	0	1.0e-6	0.0	0.0	0.0	0.081568	0.0	0.0	0.0	0.0	1.05293	0.0	0.0	0.0	4142.69	0.0	0.0	0.0	0.0	0.0013	0.0	0.0	0.0	13.6273	0.0	0.0	0.0	0.0	10	0	0	0	66	0	0	0	0	58	0	0	0	23	0	0	0	0	348	0	0	0	215	0	0	0	0	55	0	0	0	0	0	0	0	0	16	0	0	0	0	0	0	0	0	323	0	0	0	0	0	0	0	0	0.000506	0.0	0.0	0.0	0.005986	0.0	0.0	0.0	0.0	0.077993	0.0	0.0	0.0	0.922007	0.0	0.0	0.0	0.0	
307	1119	4201.559868325	4622.583	4622.583	0.031474	0.0	810	0	0	0	305	0	0	0	0	1.0e-6	0.0	0.0	0.0	0.077145	0.0	0.0	0.0	0.0	1.05293	0.0	0.0	0.0	4154.1	0.0	0.0	0.0	0.0	0.0013	0.0	0.0	0.0	13.62	0.0	0.0	0.0	0.0	10	0	0	0	66	0	0	0	0	58	0	0	0	23	0	0	0	0	348	0	0	0	216	0	0	0	0	55	0	0	0	0	0	0	0	0	16	0	0	0	0	0	0	0	0	323	0	0	0	0	0	0	0	0	0.000506	0.0	0.0	0.0	0.005664	0.0	0.0	0.0	0.0	0.082058	0.0	0.0	0.0	0.917942	0.0	0.0	0.0	0.0	
308	1120	4207.327143124	4622.583	4622.583	0.03079	0.0	810	0	0	0	306	0	0	0	0	1.0e-6	0.0	0.0	0.0	0.072943	0.0	0.0	0.0	0.0	1.05293	0.0	0.0	0.0	4159.87	0.0	0.0	0.0	0.0	0.0013	0.0	0.0	0.0	13.5944	0.0	0.0	0.0	0.0	10	0	0	0	66	0	0	0	0	58	0	0	0	23	0	0	0	0	348	0	0	0	217	0	0	0	0	55	0	0	0	0	0	0	0	0	16	0	0	0	0	0	0	0	0	323	0	0	0	0	0	0	0	0	0.000506	0.0	0.0	0.0	0.005366	0.0	0.0	0.0	0.0	0.086228	0.0	0.0	0.0	0.913772	0.0	0.0	0.0	0.0	
309	1121	4209.505885313	4622.583	4622.583	0.03045	0.0	810	0	0	0	307	0	0	0	0	1.0e-6	0.0	0.0	0.0	0.068952	0.0	0.0	0.0	0.0	1.05293	0.0	0.0	0.0	4162.05	0.0	0.0	0.0	0.0	0.0013	0.0	0.0	0.0	13.5572	0.0	0.0	0.0	0.0	10	0	0	0	66	0	0	0	0	58	0	0	0	23	0	0	0	0	348	0	0	0	218	0	0	0	0	55	0	0	0	0	0	0	0	0	16	0	0	0	0	0	0	0	0	323	0	0	0	0	0	0	0	0	0.000506	0.0	0.0	0.0	0.005086	0.0	0.0	0.0	0.0	0.090541	0.0	0.0	0.0	0.909459	0.0	0.0	0.0	0.0	
310	1122	4218.984918466	4622.583	4622.583	0.030323	0.0	810	0	0	0	308	0	0	0	0	1.0e-6	0.0	0.0	0.0	0.065161	0.0	0.0	0.0	0.0	1.05293	0.0	0.0	0.0	4171.53	0.0	0.0	0.0	0.0	0.0013	0.0	0.0	0.0	13.5439	0.0	0.0	0.0	0.0	10	0	0	0	66	0	0	0	0	58	0	0	0	23	0	0	0	0	348	0	0	0	219	0	0	0	0	55	0	0	0	0	0	0	0	0	16	0	0	0	0	0	0	0	0	323	0	0	0	0	0	0	0	0	0.000506	0.0	0.0	0.0	0.004811	0.0	0.0	0.0	0.0	0.095222	0.0	0.0	0.0	0.904778	0.0	0.0	0.0	0.0	
311	1123	4222.063864677	4622.583	4622.583	0.029775	0.0	810	0	0	0	309	0	0	0	0	1.0e-6	0.0	0.0	0.0	0.06156	0.0	0.0	0.0	0.0	1.05293	0.0	0.0	0.0	4174.61	0.0	0.0	0.0	0.0	0.0013	0.0	0.0	0.0	13.5101	0.0	0.0	0.0	0.0	10	0	0	0	66	0	0	0	0	58	0	0	0	23	0	0	0	0	348	0	0	0	220	0	0	0	0	55	0	0	0	0	0	0	0	0	16	0	0	0	0	0	0	0	0	323	0	0	0	0	0	0	0	0	0.000506	0.0	0.0	0.0	0.004557	0.0	0.0	0.0	0.0	0.100008	0.0	0.0	0.0	0.899992	0.0	0.0	0.0	0.0	
312	1124	4241.697252659	4622.583	4622.583	0.029599	0.0	810	0	0	0	310	0	0	0	0	1.0e-6	0.0	0.0	0.0	0.05814	0.0	0.0	0.0	0.0	1.05293	0.0	0.0	0.0	4194.24	0.0	0.0	0.0	0.0	0.0013	0.0	0.0	0.0	13.5298	0.0	0.0	0.0	0.0	10	0	0	0	66	0	0	0	0	58	0	0	0	23	0	0	0	0	348	0	0	0	221	0	0	0	0	55	0	0	0	0	0	0	0	0	16	0	0	0	0	0	0	0	0	323	0	0	0	0	0	0	0	0	0.000506	0.0	0.0	0.0	0.004297	0.0	0.0	0.0	0.0	0.105409	0.0	0.0	0.0	0.894591	0.0	0.0	0.0	0.0	
313	1125	4254.918585615	4622.583	4622.583	0.028502	0.0	810	0	0	0	311	0	0	0	0	1.0e-6	0.0	0.0	0.0	0.05489	0.0	0.0	0.0	0.0	1.05293	0.0	0.0	0.0	4207.46	0.0	0.0	0.0	0.0	0.0013	0.0	0.0	0.0	13.5288	0.0	0.0	0.0	0.0	10	0	0	0	66	0	0	0	0	58	0	0	0	23	0	0	0	0	348	0	0	0	222	0	0	0	0	55	0	0	0	0	0	0	0	0	16	0	0	0	0	0	0	0	0	323	0	0	0	0	0	0	0	0	0.000506	0.0	0.0	0.0	0.004057	0.0	0.0	0.0	0.0	0.11095	0.0	0.0	0.0	0.88905	0.0	0.0	0.0	0.0	
314	1126	4299.348983318	4617.583	4617.583	0.027786	0.0	810	0	0	0	312	0	0	0	0	1.0e-6	0.0	0.0	0.0	0.108043	0.0	0.0	0.0	0.0	1.05293	0.0	0.0	0.0	4251.89	0.0	0.0	0.0	0.0	0.0013	0.0	0.0	0.0	13.6279	0.0	0.0	0.0	0.0	10	0	0	0	67	0	0	0	0	58	0	0	0	23	0	0	0	0	348	0	0	0	222	0	0	0	0	55	0	0	0	0	0	0	0	0	16	0	0	0	0	0	0	0	0	323	0	0	0	0	0	0	0	0	0.000506	0.0	0.0	0.0	0.007928	0.0	0.0	0.0	0.0	0.060032	0.0	0.0	0.0	0.939968	0.0	0.0	0.0	0.0	
315	1127	4305.141394524	4617.583	4617.583	0.025508	0.0	810	0	0	0	313	0	0	0	0	1.0e-6	0.0	0.0	0.0	0.102296	0.0	0.0	0.0	0.0	1.05293	0.0	0.0	0.0	4257.69	0.0	0.0	0.0	0.0	0.0013	0.0	0.0	0.0	13.6028	0.0	0.0	0.0	0.0	10	0	0	0	67	0	0	0	0	58	0	0	0	23	0	0	0	0	348	0	0	0	223	0	0	0	0	55	0	0	0	0	0	0	0	0	16	0	0	0	0	0	0	0	0	323	0	0	0	0	0	0	0	0	0.000506	0.0	0.0	0.0	0.00752	0.0	0.0	0.0	0.0	0.063082	0.0	0.0	0.0	0.936918	0.0	0.0	0.0	0.0	
316	1128	4315.373054754	4617.583	4617.583	0.025226	0.0	810	0	0	0	314	0	0	0	0	1.0e-6	0.0	0.0	0.0	0.096837	0.0	0.0	0.0	0.0	1.05293	0.0	0.0	0.0	4267.92	0.0	0.0	0.0	0.0	0.0013	0.0	0.0	0.0	13.5921	0.0	0.0	0.0	0.0	10	0	0	0	67	0	0	0	0	58	0	0	0	23	0	0	0	0	348	0	0	0	224	0	0	0	0	55	0	0	0	0	0	0	0	0	16	0	0	0	0	0	0	0	0	323	0	0	0	0	0	0	0	0	0.000506	0.0	0.0	0.0	0.007124	0.0	0.0	0.0	0.0	0.066354	0.0	0.0	0.0	0.933646	0.0	0.0	0.0	0.0	
317	1129	4318.101488806	4617.583	4617.583	0.024734	0.0	810	0	0	0	315	0	0	0	0	1.0e-6	0.0	0.0	0.0	0.091651	0.0	0.0	0.0	0.0	1.05293	0.0	0.0	0.0	4270.65	0.0	0.0	0.0	0.0	0.0013	0.0	0.0	0.0	13.5576	0.0	0.0	0.0	0.0	10	0	0	0	67	0	0	0	0	58	0	0	0	23	0	0	0	0	348	0	0	0	225	0	0	0	0	55	0	0	0	0	0	0	0	0	16	0	0	0	0	0	0	0	0	323	0	0	0	0	0	0	0	0	0.000506	0.0	0.0	0.0	0.00676	0.0	0.0	0.0	0.0	0.069681	0.0	0.0	0.0	0.930319	0.0	0.0	0.0	0.0	
318	1130	4320.428633866	4617.583	4617.583	0.024604	0.0	810	0	0	0	316	0	0	0	0	1.0e-6	0.0	0.0	0.0	0.086725	0.0	0.0	0.0	0.0	1.05293	0.0	0.0	0.0	4272.97	0.0	0.0	0.0	0.0	0.0013	0.0	0.0	0.0	13.5221	0.0	0.0	0.0	0.0	10	0	0	0	67	0	0	0	0	58	0	0	0	23	0	0	0	0	348	0	0	0	226	0	0	0	0	55	0	0	0	0	0	0	0	0	16	0	0	0	0	0	0	0	0	323	0	0	0	0	0	0	0	0	0.000506	0.0	0.0	0.0	0.006414	0.0	0.0	0.0	0.0	0.07317	0.0	0.0	0.0	0.92683	0.0	0.0	0.0	0.0	
319	1131	4329.243521178	4617.583	4617.583	0.024494	0.0	810	0	0	0	317	0	0	0	0	1.0e-6	0.0	0.0	0.0	0.082046	0.0	0.0	0.0	0.0	1.05293	0.0	0.0	0.0	4281.79	0.0	0.0	0.0	0.0	0.0013	0.0	0.0	0.0	13.5072	0.0	0.0	0.0	0.0	10	0	0	0	67	0	0	0	0	58	0	0	0	23	0	0	0	0	348	0	0	0	227	0	0	0	0	55	0	0	0	0	0	0	0	0	16	0	0	0	0	0	0	0	0	323	0	0	0	0	0	0	0	0	0.000506	0.0	0.0	0.0	0.006074	0.0	0.0	0.0	0.0	0.076943	0.0	0.0	0.0	0.923057	0.0	0.0	0.0	0.0	
320	1133	4331.518912469	4617.583	4617.583	0.024082	0.0	811	0	0	0	318	0	0	0	0	1.0e-6	0.0	0.0	0.0	0.077636	0.0	0.0	0.0	0.0	1.05315	0.0	0.0	0.0	4284.06	0.0	0.0	0.0	0.0	0.001299	0.0	0.0	0.0	13.4719	0.0	0.0	0.0	0.0	10	0	0	0	67	0	0	0	0	58	0	0	0	23	0	0	0	0	348	0	0	0	228	0	0	0	0	55	0	0	0	0	0	0	0	0	16	0	0	0	0	0	0	0	0	324	0	0	0	0	0	0	0	0	0.000456	0.0	0.0	0.0	0.005763	0.0	0.0	0.0	0.0	0.073351	0.0	0.0	0.0	0.926649	0.0	0.0	0.0	0.0	
321	1134	4333.930305317	4617.583	4617.583	0.023977	0.0	811	0	0	0	319	0	0	0	0	1.0e-6	0.0	0.0	0.0	0.073447	0.0	0.0	0.0	0.0	1.05315	0.0	0.0	0.0	4286.47	0.0	0.0	0.0	0.0	0.001299	0.0	0.0	0.0	13.4372	0.0	0.0	0.0	0.0	10	0	0	0	67	0	0	0	0	58	0	0	0	23	0	0	0	0	348	0	0	0	229	0	0	0	0	55	0	0	0	0	0	0	0	0	16	0	0	0	0	0	0	0	0	324	0	0	0	0	0	0	0	0	0.000456	0.0	0.0	0.0	0.005466	0.0	0.0	0.0	0.0	0.077028	0.0	0.0	0.0	0.922972	0.0	0.0	0.0	0.0	
322	1135	4337.219834248	4617.583	4617.583	0.023866	0.0	811	0	0	0	320	0	0	0	0	1.0e-6	0.0	0.0	0.0	0.069468	0.0	0.0	0.0	0.0	1.05315	0.0	0.0	0.0	4289.76	0.0	0.0	0.0	0.0	0.001299	0.0	0.0	0.0	13.4055	0.0	0.0	0.0	0.0	10	0	0	0	67	0	0	0	0	58	0	0	0	23	0	0	0	0	348	0	0	0	230	0	0	0	0	55	0	0	0	0	0	0	0	0	16	0	0	0	0	0	0	0	0	324	0	0	0	0	0	0	0	0	0.000456	0.0	0.0	0.0	0.005182	0.0	0.0	0.0	0.0	0.080906	0.0	0.0	0.0	0.919094	0.0	0.0	0.0	0.0	
323	1136	4340.800325209	4617.583	4617.583	0.023716	0.0	811	0	0	0	321	0	0	0	0	1.0e-6	0.0	0.0	0.0	0.065689	0.0	0.0	0.0	0.0	1.05315	0.0	0.0	0.0	4293.34	0.0	0.0	0.0	0.0	0.001299	0.0	0.0	0.0	13.3749	0.0	0.0	0.0	0.0	10	0	0	0	67	0	0	0	0	58	0	0	0	23	0	0	0	0	348	0	0	0	231	0	0	0	0	55	0	0	0	0	0	0	0	0	16	0	0	0	0	0	0	0	0	324	0	0	0	0	0	0	0	0	0.000456	0.0	0.0	0.0	0.004911	0.0	0.0	0.0	0.0	0.084986	0.0	0.0	0.0	0.915014	0.0	0.0	0.0	0.0	
324	1137	4344.10436587	4617.583	4617.583	0.023553	0.0	811	0	0	0	322	0	0	0	0	1.0e-6	0.0	0.0	0.0	0.0621	0.0	0.0	0.0	0.0	1.05315	0.0	0.0	0.0	4296.65	0.0	0.0	0.0	0.0	0.001299	0.0	0.0	0.0	13.3436	0.0	0.0	0.0	0.0	10	0	0	0	67	0	0	0	0	58	0	0	0	23	0	0	0	0	348	0	0	0	232	0	0	0	0	55	0	0	0	0	0	0	0	0	16	0	0	0	0	0	0	0	0	324	0	0	0	0	0	0	0	0	0.000456	0.0	0.0	0.0	0.004654	0.0	0.0	0.0	0.0	0.089269	0.0	0.0	0.0	0.910731	0.0	0.0	0.0	0.0	
325	1138	4350.027659636	4617.583	4617.583	0.023403	0.0	811	0	0	0	323	0	0	0	0	1.0e-6	0.0	0.0	0.0	0.05869	0.0	0.0	0.0	0.0	1.05315	0.0	0.0	0.0	4302.57	0.0	0.0	0.0	0.0	0.001299	0.0	0.0	0.0	13.3207	0.0	0.0	0.0	0.0	10	0	0	0	67	0	0	0	0	58	0	0	0	23	0	0	0	0	348	0	0	0	233	0	0	0	0	55	0	0	0	0	0	0	0	0	16	0	0	0	0	0	0	0	0	324	0	0	0	0	0	0	0	0	0.000456	0.0	0.0	0.0	0.004406	0.0	0.0	0.0	0.0	0.09382	0.0	0.0	0.0	0.906179	0.0	0.0	0.0	0.0	
326	1139	4363.613541945	4617.583	4617.583	0.023138	0.0	811	0	0	0	324	0	0	0	0	1.0e-6	0.0	0.0	0.0	0.055452	0.0	0.0	0.0	0.0	1.05315	0.0	0.0	0.0	4316.16	0.0	0.0	0.0	0.0	0.001299	0.0	0.0	0.0	13.3215	0.0	0.0	0.0	0.0	10	0	0	0	67	0	0	0	0	58	0	0	0	23	0	0	0	0	348	0	0	0	234	0	0	0	0	55	0	0	0	0	0	0	0	0	16	0	0	0	0	0	0	0	0	324	0	0	0	0	0	0	0	0	0.000456	0.0	0.0	0.0	0.004163	0.0	0.0	0.0	0.0	0.098764	0.0	0.0	0.0	0.901236	0.0	0.0	0.0	0.0	
327	1141	4368.498780656	4617.583	4617.583	0.022541	0.0	812	0	0	0	325	0	0	0	0	1.0e-6	0.0	0.0	0.0	0.052406	0.0	0.0	0.0	0.0	1.05373	0.0	0.0	0.0	4321.04	0.0	0.0	0.0	0.0	0.001298	0.0	0.0	0.0	13.2955	0.0	0.0	0.0	0.0	10	0	0	0	67	0	0	0	0	58	0	0	0	23	0	0	0	0	348	0	0	0	235	0	0	0	0	56	0	0	0	0	0	0	0	0	16	0	0	0	0	0	0	0	0	324	0	0	0	0	0	0	0	0	0.000411	0.0	0.0	0.0	0.003942	0.0	0.0	0.0	0.0	0.094391	0.0	0.0	0.0	0.905609	0.0	0.0	0.0	0.0	
328	1142	4379.39836456	4617.583	4617.583	0.02233	0.0	812	0	0	0	326	0	0	0	0	1.0e-6	0.0	0.0	0.0	0.049512	0.0	0.0	0.0	0.0	1.05373	0.0	0.0	0.0	4331.94	0.0	0.0	0.0	0.0	0.001298	0.0	0.0	0.0	13.2882	0.0	0.0	0.0	0.0	10	0	0	0	67	0	0	0	0	58	0	0	0	23	0	0	0	0	348	0	0	0	236	0	0	0	0	56	0	0	0	0	0	0	0	0	16	0	0	0	0	0	0	0	0	324	0	0	0	0	0	0	0	0	0.000411	0.0	0.0	0.0	0.003726	0.0	0.0	0.0	0.0	0.09931	0.0	0.0	0.0	0.90069	0.0	0.0	0.0	0.0	
329	1143	4381.609354982	4617.583	4617.583	0.021867	0.0	812	0	0	0	327	0	0	0	0	1.0e-6	0.0	0.0	0.0	0.046764	0.0	0.0	0.0	0.0	1.05373	0.0	0.0	0.0	4334.15	0.0	0.0	0.0	0.0	0.001298	0.0	0.0	0.0	13.2543	0.0	0.0	0.0	0.0	10	0	0	0	67	0	0	0	0	58	0	0	0	23	0	0	0	0	348	0	0	0	237	0	0	0	0	56	0	0	0	0	0	0	0	0	16	0	0	0	0	0	0	0	0	324	0	0	0	0	0	0	0	0	0.000411	0.0	0.0	0.0	0.003528	0.0	0.0	0.0	0.0	0.104298	0.0	0.0	0.0	0.895702	0.0	0.0	0.0	0.0	
330	1144	4385.14617699	4617.583	4617.583	0.021774	0.0	812	0	0	0	328	0	0	0	0	1.0e-6	0.0	0.0	0.0	0.044153	0.0	0.0	0.0	0.0	1.05373	0.0	0.0	0.0	4337.69	0.0	0.0	0.0	0.0	0.001298	0.0	0.0	0.0	13.2247	0.0	0.0	0.0	0.0	10	0	0	0	67	0	0	0	0	58	0	0	0	23	0	0	0	0	348	0	0	0	238	0	0	0	0	56	0	0	0	0	0	0	0	0	16	0	0	0	0	0	0	0	0	324	0	0	0	0	0	0	0	0	0.000411	0.0	0.0	0.0	0.003339	0.0	0.0	0.0	0.0	0.109569	0.0	0.0	0.0	0.890431	0.0	0.0	0.0	0.0	
331	1146	4399.244949378	4617.583	4617.583	0.021626	0.0	813	0	0	0	329	0	0	0	0	0.0	0.0	0.0	0.0	0.041701	0.0	0.0	0.0	0.0	1.05394	0.0	0.0	0.0	4351.79	0.0	0.0	0.0	0.0	0.001296	0.0	0.0	0.0	13.2273	0.0	0.0	0.0	0.0	10	0	0	0	67	0	0	0	0	58	0	0	0	23	0	0	0	0	348	0	0	0	239	0	0	0	0	56	0	0	0	0	0	0	0	0	16	0	0	0	0	0	0	0	0	325	0	0	0	0	0	0	0	0	0.00037	0.0	0.0	0.0	0.003153	0.0	0.0	0.0	0.0	0.105068	0.0	0.0	0.0	0.894932	0.0	0.0	0.0	0.0	
332	1147	4437.655777389	4617.583	4617.583	0.021047	0.0	813	0	0	0	330	0	0	0	0	0.0	0.0	0.0	0.0	0.039371	0.0	0.0	0.0	0.0	1.05394	0.0	0.0	0.0	4390.2	0.0	0.0	0.0	0.0	0.001296	0.0	0.0	0.0	13.3036	0.0	0.0	0.0	0.0	10	0	0	0	67	0	0	0	0	58	0	0	0	23	0	0	0	0	348	0	0	0	240	0	0	0	0	56	0	0	0	0	0	0	0	0	16	0	0	0	0	0	0	0	0	325	0	0	0	0	0	0	0	0	0.00037	0.0	0.0	0.0	0.002959	0.0	0.0	0.0	0.0	0.111165	0.0	0.0	0.0	0.888835	0.0	0.0	0.0	0.0	
333	1148	4439.74088817	4617.583	4617.583	0.019547	0.0	813	0	0	0	331	0	0	0	0	0.0	0.0	0.0	0.0	0.037156	0.0	0.0	0.0	0.0	1.05394	0.0	0.0	0.0	4392.28	0.0	0.0	0.0	0.0	0.001296	0.0	0.0	0.0	13.2697	0.0	0.0	0.0	0.0	10	0	0	0	67	0	0	0	0	58	0	0	0	23	0	0	0	0	348	0	0	0	241	0	0	0	0	56	0	0	0	0	0	0	0	0	16	0	0	0	0	0	0	0	0	325	0	0	0	0	0	0	0	0	0.00037	0.0	0.0	0.0	0.0028	0.0	0.0	0.0	0.0	0.116753	0.0	0.0	0.0	0.883247	0.0	0.0	0.0	0.0	
334	1149	4455.270917184	4617.583	4617.583	0.019469	0.0	813	0	0	0	332	0	0	0	0	0.0	0.0	0.0	0.0	0.035053	0.0	0.0	0.0	0.0	1.05394	0.0	0.0	0.0	4407.81	0.0	0.0	0.0	0.0	0.001296	0.0	0.0	0.0	13.2765	0.0	0.0	0.0	0.0	10	0	0	0	67	0	0	0	0	58	0	0	0	23	0	0	0	0	348	0	0	0	242	0	0	0	0	56	0	0	0	0	0	0	0	0	16	0	0	0	0	0	0	0	0	325	0	0	0	0	0	0	0	0	0.00037	0.0	0.0	0.0	0.00264	0.0	0.0	0.0	0.0	0.122953	0.0	0.0	0.0	0.877047	0.0	0.0	0.0	0.0	
335	1150	4457.822254959	4617.583	4617.583	0.018896	0.0	813	0	0	0	333	0	0	0	0	0.0	0.0	0.0	0.0	0.033054	0.0	0.0	0.0	0.0	1.05394	0.0	0.0	0.0	4410.36	0.0	0.0	0.0	0.0	0.001296	0.0	0.0	0.0	13.2443	0.0	0.0	0.0	0.0	10	0	0	0	67	0	0	0	0	58	0	0	0	23	0	0	0	0	348	0	0	0	243	0	0	0	0	56	0	0	0	0	0	0	0	0	16	0	0	0	0	0	0	0	0	325	0	0	0	0	0	0	0	0	0.00037	0.0	0.0	0.0	0.002496	0.0	0.0	0.0	0.0	0.12915	0.0	0.0	0.0	0.87085	0.0	0.0	0.0	0.0	
336	1151	4474.554803254	4617.583	4617.583	0.018803	0.0	813	0	0	0	334	0	0	0	0	0.0	0.0	0.0	0.0	0.031157	0.0	0.0	0.0	0.0	1.05394	0.0	0.0	0.0	4427.1	0.0	0.0	0.0	0.0	0.001296	0.0	0.0	0.0	13.2548	0.0	0.0	0.0	0.0	10	0	0	0	67	0	0	0	0	58	0	0	0	23	0	0	0	0	348	0	0	0	244	0	0	0	0	56	0	0	0	0	0	0	0	0	16	0	0	0	0	0	0	0	0	325	0	0	0	0	0	0	0	0	0.00037	0.0	0.0	0.0	0.002351	0.0	0.0	0.0	0.0	0.136041	0.0	0.0	0.0	0.863959	0.0	0.0	0.0	0.0	
337	1153	4492.404000812	4617.583	4617.583	0.018208	0.0	814	0	0	0	335	0	0	0	0	0.0	0.0	0.0	0.0	0.029378	0.0	0.0	0.0	0.0	1.05421	0.0	0.0	0.0	4444.95	0.0	0.0	0.0	0.0	0.001295	0.0	0.0	0.0	13.2685	0.0	0.0	0.0	0.0	10	0	0	0	67	0	0	0	0	58	0	0	0	23	0	0	0	0	348	0	0	0	245	0	0	0	0	56	0	0	0	0	0	0	0	0	16	0	0	0	0	0	0	0	0	326	0	0	0	0	0	0	0	0	0.000333	0.0	0.0	0.0	0.002214	0.0	0.0	0.0	0.0	0.130887	0.0	0.0	0.0	0.869113	0.0	0.0	0.0	0.0	
338	1154	4499.644360014	4617.583	4617.583	0.017593	0.0	814	0	0	0	336	0	0	0	0	0.0	0.0	0.0	0.0	0.027688	0.0	0.0	0.0	0.0	1.05421	0.0	0.0	0.0	4452.19	0.0	0.0	0.0	0.0	0.001295	0.0	0.0	0.0	13.2506	0.0	0.0	0.0	0.0	10	0	0	0	67	0	0	0	0	58	0	0	0	23	0	0	0	0	348	0	0	0	246	0	0	0	0	56	0	0	0	0	0	0	0	0	16	0	0	0	0	0	0	0	0	326	0	0	0	0	0	0	0	0	0.000333	0.0	0.0	0.0	0.00209	0.0	0.0	0.0	0.0	0.137615	0.0	0.0	0.0	0.862385	0.0	0.0	0.0	0.0	
339	1156	4507.955047368	4617.583	4617.583	0.017349	0.0	815	0	0	0	337	0	0	0	0	0.0	0.0	0.0	0.0	0.026104	0.0	0.0	0.0	0.0	1.05447	0.0	0.0	0.0	4460.5	0.0	0.0	0.0	0.0	0.001294	0.0	0.0	0.0	13.2359	0.0	0.0	0.0	0.0	10	0	0	0	67	0	0	0	0	58	0	0	0	23	0	0	0	0	348	0	0	0	247	0	0	0	0	56	0	0	0	0	0	0	0	0	16	0	0	0	0	0	0	0	0	327	0	0	0	0	0	0	0	0	0.0003	0.0	0.0	0.0	0.001972	0.0	0.0	0.0	0.0	0.132178	0.0	0.0	0.0	0.867822	0.0	0.0	0.0	0.0	
340	1157	4510.606713965	4617.583	4617.583	0.017074	0.0	815	0	0	0	338	0	0	0	0	0.0	0.0	0.0	0.0	0.0246	0.0	0.0	0.0	0.0	1.05447	0.0	0.0	0.0	4463.15	0.0	0.0	0.0	0.0	0.001294	0.0	0.0	0.0	13.2046	0.0	0.0	0.0	0.0	10	0	0	0	67	0	0	0	0	58	0	0	0	23	0	0	0	0	348	0	0	0	248	0	0	0	0	56	0	0	0	0	0	0	0	0	16	0	0	0	0	0	0	0	0	327	0	0	0	0	0	0	0	0	0.0003	0.0	0.0	0.0	0.001863	0.0	0.0	0.0	0.0	0.138851	0.0	0.0	0.0	0.861149	0.0	0.0	0.0	0.0	
341	1158	4523.028669667	4617.583	4617.583	0.016987	0.0	815	0	0	0	339	0	0	0	0	0.0	0.0	0.0	0.0	0.023172	0.0	0.0	0.0	0.0	1.05447	0.0	0.0	0.0	4475.57	0.0	0.0	0.0	0.0	0.001294	0.0	0.0	0.0	13.2023	0.0	0.0	0.0	0.0	10	0	0	0	67	0	0	0	0	58	0	0	0	23	0	0	0	0	348	0	0	0	249	0	0	0	0	56	0	0	0	0	0	0	0	0	16	0	0	0	0	0	0	0	0	327	0	0	0	0	0	0	0	0	0.0003	0.0	0.0	0.0	0.001755	0.0	0.0	0.0	0.0	0.146137	0.0	0.0	0.0	0.853863	0.0	0.0	0.0	0.0	
342	1159	4528.682579513	4616.583	4616.583	0.016586	0.0	815	0	0	0	340	0	0	0	0	0.0	0.0	0.0	0.0	0.080372	0.0	0.0	0.0	0.0	1.05447	0.0	0.0	0.0	4481.22	0.0	0.0	0.0	0.0	0.001294	0.0	0.0	0.0	13.1801	0.0	0.0	0.0	0.0	10	0	0	0	68	0	0	0	0	58	0	0	0	23	0	0	0	0	348	0	0	0	249	0	0	0	0	56	0	0	0	0	0	0	0	0	16	0	0	0	0	0	0	0	0	327	0	0	0	0	0	0	0	0	0.0003	0.0	0.0	0.0	0.006098	0.0	0.0	0.0	0.0	0.046948	0.0	0.0	0.0	0.953052	0.0	0.0	0.0	0.0	
343	1160	4540.739110172	4616.583	4616.583	0.016406	0.0	815	0	0	0	341	0	0	0	0	0.0	0.0	0.0	0.0	0.076156	0.0	0.0	0.0	0.0	1.05447	0.0	0.0	0.0	4493.28	0.0	0.0	0.0	0.0	0.001294	0.0	0.0	0.0	13.1768	0.0	0.0	0.0	0.0	10	0	0	0	68	0	0	0	0	58	0	0	0	23	0	0	0	0	348	0	0	0	250	0	0	0	0	56	0	0	0	0	0	0	0	0	16	0	0	0	0	0	0	0	0	327	0	0	0	0	0	0	0	0	0.0003	0.0	0.0	0.0	0.00578	0.0	0.0	0.0	0.0	0.049407	0.0	0.0	0.0	0.950593	0.0	0.0	0.0	0.0	
344	1161	4547.904517508	4616.583	4616.583	0.01603	0.0	815	0	0	0	342	0	0	0	0	0.0	0.0	0.0	0.0	0.07215	0.0	0.0	0.0	0.0	1.05447	0.0	0.0	0.0	4500.45	0.0	0.0	0.0	0.0	0.001294	0.0	0.0	0.0	13.1592	0.0	0.0	0.0	0.0	10	0	0	0	68	0	0	0	0	58	0	0	0	23	0	0	0	0	348	0	0	0	251	0	0	0	0	56	0	0	0	0	0	0	0	0	16	0	0	0	0	0	0	0	0	327	0	0	0	0	0	0	0	0	0.0003	0.0	0.0	0.0	0.005483	0.0	0.0	0.0	0.0	0.051941	0.0	0.0	0.0	0.948059	0.0	0.0	0.0	0.0	
345	1162	4573.818319499	4616.583	4616.583	0.015811	0.0	815	0	0	0	343	0	0	0	0	0.0	0.0	0.0	0.0	0.068345	0.0	0.0	0.0	0.0	1.05447	0.0	0.0	0.0	4526.36	0.0	0.0	0.0	0.0	0.001294	0.0	0.0	0.0	13.1964	0.0	0.0	0.0	0.0	10	0	0	0	68	0	0	0	0	58	0	0	0	23	0	0	0	0	348	0	0	0	252	0	0	0	0	56	0	0	0	0	0	0	0	0	16	0	0	0	0	0	0	0	0	327	0	0	0	0	0	0	0	0	0.0003	0.0	0.0	0.0	0.005179	0.0	0.0	0.0	0.0	0.054821	0.0	0.0	0.0	0.945179	0.0	0.0	0.0	0.0	
346	1163	4589.224678643	4616.583	4616.583	0.015041	0.0	815	0	0	0	344	0	0	0	0	0.0	0.0	0.0	0.0	0.06473	0.0	0.0	0.0	0.0	1.05447	0.0	0.0	0.0	4541.77	0.0	0.0	0.0	0.0	0.001294	0.0	0.0	0.0	13.2028	0.0	0.0	0.0	0.0	10	0	0	0	68	0	0	0	0	58	0	0	0	23	0	0	0	0	348	0	0	0	253	0	0	0	0	56	0	0	0	0	0	0	0	0	16	0	0	0	0	0	0	0	0	327	0	0	0	0	0	0	0	0	0.0003	0.0	0.0	0.0	0.004903	0.0	0.0	0.0	0.0	0.057733	0.0	0.0	0.0	0.942267	0.0	0.0	0.0	0.0	
347	1164	4597.67743047	4616.583	4616.583	0.014602	0.0	815	0	0	0	345	0	0	0	0	0.0	0.0	0.0	0.0	0.061295	0.0	0.0	0.0	0.0	1.05447	0.0	0.0	0.0	4550.22	0.0	0.0	0.0	0.0	0.001294	0.0	0.0	0.0	13.189	0.0	0.0	0.0	0.0	10	0	0	0	68	0	0	0	0	58	0	0	0	23	0	0	0	0	348	0	0	0	254	0	0	0	0	56	0	0	0	0	0	0	0	0	16	0	0	0	0	0	0	0	0	327	0	0	0	0	0	0	0	0	0.0003	0.0	0.0	0.0	0.004647	0.0	0.0	0.0	0.0	0.060712	0.0	0.0	0.0	0.939288	0.0	0.0	0.0	0.0	
348	1165	4604.570664374	4616.583	4616.583	0.014366	0.0	815	0	0	0	346	0	0	0	0	0.0	0.0	0.0	0.0	0.058032	0.0	0.0	0.0	0.0	1.05447	0.0	0.0	0.0	4557.11	0.0	0.0	0.0	0.0	0.001294	0.0	0.0	0.0	13.1708	0.0	0.0	0.0	0.0	10	0	0	0	68	0	0	0	0	58	0	0	0	23	0	0	0	0	348	0	0	0	255	0	0	0	0	56	0	0	0	0	0	0	0	0	16	0	0	0	0	0	0	0	0	327	0	0	0	0	0	0	0	0	0.0003	0.0	0.0	0.0	0.004406	0.0	0.0	0.0	0.0	0.063825	0.0	0.0	0.0	0.936175	0.0	0.0	0.0	0.0	
349	1166	4614.406752212	4616.583	4616.583	0.014177	0.0	815	0	0	0	347	0	0	0	0	0.0	0.0	0.0	0.0	0.054933	0.0	0.0	0.0	0.0	1.05447	0.0	0.0	0.0	4566.95	0.0	0.0	0.0	0.0	0.001294	0.0	0.0	0.0	13.1612	0.0	0.0	0.0	0.0	10	0	0	0	68	0	0	0	0	58	0	0	0	23	0	0	0	0	348	0	0	0	256	0	0	0	0	56	0	0	0	0	0	0	0	0	16	0	0	0	0	0	0	0	0	327	0	0	0	0	0	0	0	0	0.0003	0.0	0.0	0.0	0.004174	0.0	0.0	0.0	0.0	0.067138	0.0	0.0	0.0	0.932862	0.0	0.0	0.0	0.0	
350	1167	4617.846201797	4616.583	4616.583	0.013911	0.0	815	0	0	0	348	0	0	0	0	0.0	0.0	0.0	0.0	0.051988	0.0	0.0	0.0	0.0	1.05447	0.0	0.0	0.0	4570.39	0.0	0.0	0.0	0.0	0.001294	0.0	0.0	0.0	13.1333	0.0	0.0	0.0	0.0	10	0	0	0	68	0	0	0	0	58	0	0	0	23	0	0	0	0	348	0	0	0	257	0	0	0	0	56	0	0	0	0	0	0	0	0	16	0	0	0	0	0	0	0	0	327	0	0	0	0	0	0	0	0	0.0003	0.0	0.0	0.0	0.003959	0.0	0.0	0.0	0.0	0.070532	0.0	0.0	0.0	0.929468	0.0	0.0	0.0	0.0	
351	1168	4623.806253705	4616.583	4616.583	0.013819	0.0	815	0	0	0	349	0	0	0	0	0.0	0.0	0.0	0.0	0.049192	0.0	0.0	0.0	0.0	1.05447	0.0	0.0	0.0	4576.35	0.0	0.0	0.0	0.0	0.001294	0.0	0.0	0.0	13.1127	0.0	0.0	0.0	0.0	10	0	0	0	68	0	0	0	0	58	0	0	0	23	0	0	0	0	348	0	0	0	258	0	0	0	0	56	0	0	0	0	0	0	0	0	16	0	0	0	0	0	0	0	0	327	0	0	0	0	0	0	0	0	0.0003	0.0	0.0	0.0	0.003751	0.0	0.0	0.0	0.0	0.074137	0.0	0.0	0.0	0.925863	0.0	0.0	0.0	0.0	
352	1169	4641.792456137	4616.583	4616.583	0.013662	0.0	815	0	0	0	350	0	0	0	0	0.0	0.0	0.0	0.0	0.046535	0.0	0.0	0.0	0.0	1.05447	0.0	0.0	0.0	4594.33	0.0	0.0	0.0	0.0	0.001294	0.0	0.0	0.0	13.1267	0.0	0.0	0.0	0.0	10	0	0	0	68	0	0	0	0	58	0	0	0	23	0	0	0	0	348	0	0	0	259	0	0	0	0	56	0	0	0	0	0	0	0	0	16	0	0	0	0	0	0	0	0	327	0	0	0	0	0	0	0	0	0.0003	0.0	0.0	0.0	0.003545	0.0	0.0	0.0	0.0	0.078115	0.0	0.0	0.0	0.921885	0.0	0.0	0.0	0.0	
353	1170	4646.917392662	4616.583	4616.583	0.013197	0.0	815	0	0	0	351	0	0	0	0	0.0	0.0	0.0	0.0	0.044011	0.0	0.0	0.0	0.0	1.05447	0.0	0.0	0.0	4599.46	0.0	0.0	0.0	0.0	0.001294	0.0	0.0	0.0	13.1039	0.0	0.0	0.0	0.0	10	0	0	0	68	0	0	0	0	58	0	0	0	23	0	0	0	0	348	0	0	0	260	0	0	0	0	56	0	0	0	0	0	0	0	0	16	0	0	0	0	0	0	0	0	327	0	0	0	0	0	0	0	0	0.0003	0.0	0.0	0.0	0.003359	0.0	0.0	0.0	0.0	0.082096	0.0	0.0	0.0	0.917904	0.0	0.0	0.0	0.0	
354	1171	4682.18910978	4616.583	4616.583	0.013068	0.0	815	0	0	0	352	0	0	0	0	0.0	0.0	0.0	0.0	0.041614	0.0	0.0	0.0	0.0	1.05447	0.0	0.0	0.0	4634.73	0.0	0.0	0.0	0.0	0.001294	0.0	0.0	0.0	13.1668	0.0	0.0	0.0	0.0	10	0	0	0	68	0	0	0	0	58	0	0	0	23	0	0	0	0	348	0	0	0	261	0	0	0	0	56	0	0	0	0	0	0	0	0	16	0	0	0	0	0	0	0	0	327	0	0	0	0	0	0	0	0	0.0003	0.0	0.0	0.0	0.00316	0.0	0.0	0.0	0.0	0.086796	0.0	0.0	0.0	0.913204	0.0	0.0	0.0	0.0	
355	1172	4689.941963142	4616.583	4616.583	0.01221	0.0	815	0	0	0	353	0	0	0	0	0.0	0.0	0.0	0.0	0.039335	0.0	0.0	0.0	0.0	1.05447	0.0	0.0	0.0	4642.48	0.0	0.0	0.0	0.0	0.001294	0.0	0.0	0.0	13.1515	0.0	0.0	0.0	0.0	10	0	0	0	68	0	0	0	0	58	0	0	0	23	0	0	0	0	348	0	0	0	262	0	0	0	0	56	0	0	0	0	0	0	0	0	16	0	0	0	0	0	0	0	0	327	0	0	0	0	0	0	0	0	0.0003	0.0	0.0	0.0	0.002991	0.0	0.0	0.0	0.0	0.091267	0.0	0.0	0.0	0.908733	0.0	0.0	0.0	0.0	
356	1173	4700.908753344	4616.583	4616.583	0.012029	0.0	815	0	0	0	354	0	0	0	0	0.0	0.0	0.0	0.0	0.037171	0.0	0.0	0.0	0.0	1.05447	0.0	0.0	0.0	4653.45	0.0	0.0	0.0	0.0	0.001294	0.0	0.0	0.0	13.1453	0.0	0.0	0.0	0.0	10	0	0	0	68	0	0	0	0	58	0	0	0	23	0	0	0	0	348	0	0	0	263	0	0	0	0	56	0	0	0	0	0	0	0	0	16	0	0	0	0	0	0	0	0	327	0	0	0	0	0	0	0	0	0.0003	0.0	0.0	0.0	0.002828	0.0	0.0	0.0	0.0	0.09603	0.0	0.0	0.0	0.90397	0.0	0.0	0.0	0.0	
357	1174	4703.164304628	4616.583	4616.583	0.011778	0.0	815	0	0	0	355	0	0	0	0	0.0	0.0	0.0	0.0	0.035115	0.0	0.0	0.0	0.0	1.05447	0.0	0.0	0.0	4655.71	0.0	0.0	0.0	0.0	0.001294	0.0	0.0	0.0	13.1147	0.0	0.0	0.0	0.0	10	0	0	0	68	0	0	0	0	58	0	0	0	23	0	0	0	0	348	0	0	0	264	0	0	0	0	56	0	0	0	0	0	0	0	0	16	0	0	0	0	0	0	0	0	327	0	0	0	0	0	0	0	0	0.0003	0.0	0.0	0.0	0.002678	0.0	0.0	0.0	0.0	0.100872	0.0	0.0	0.0	0.899128	0.0	0.0	0.0	0.0	
358	1175	4706.262854354	4615.083	4615.083	0.011727	0.0	815	0	0	0	356	0	0	0	0	0.0	0.0	0.0	0.0	0.088772	0.0	0.0	0.0	0.0	1.05447	0.0	0.0	0.0	4658.8	0.0	0.0	0.0	0.0	0.001294	0.0	0.0	0.0	13.0865	0.0	0.0	0.0	0.0	10	0	0	0	69	0	0	0	0	58	0	0	0	23	0	0	0	0	348	0	0	0	264	0	0	0	0	56	0	0	0	0	0	0	0	0	16	0	0	0	0	0	0	0	0	327	0	0	0	0	0	0	0	0	0.0003	0.0	0.0	0.0	0.006783	0.0	0.0	0.0	0.0	0.042405	0.0	0.0	0.0	0.957595	0.0	0.0	0.0	0.0	
359	1177	4709.206461061	4615.083	4615.083	0.011657	0.0	816	0	0	0	357	0	0	0	0	0.0	0.0	0.0	0.0	0.084156	0.0	0.0	0.0	0.0	1.05473	0.0	0.0	0.0	4661.75	0.0	0.0	0.0	0.0	0.001293	0.0	0.0	0.0	13.0581	0.0	0.0	0.0	0.0	10	0	0	0	69	0	0	0	0	58	0	0	0	23	0	0	0	0	348	0	0	0	265	0	0	0	0	56	0	0	0	0	0	0	0	0	16	0	0	0	0	0	0	0	0	328	0	0	0	0	0	0	0	0	0.000271	0.0	0.0	0.0	0.006445	0.0	0.0	0.0	0.0	0.040298	0.0	0.0	0.0	0.959702	0.0	0.0	0.0	0.0	
360	1178	4722.903151192	4595.778	4595.778	0.011591	0.0	816	0	0	0	358	0	0	0	0	0.0	0.0	0.0	0.0	0.131871	0.0	0.0	0.0	0.0	1.05473	0.0	0.0	0.0	4675.44	0.0	0.0	0.0	0.0	0.001293	0.0	0.0	0.0	13.0599	0.0	0.0	0.0	0.0	10	0	0	0	70	0	0	0	0	58	0	0	0	23	0	0	0	0	348	0	0	0	265	0	0	0	0	56	0	0	0	0	0	0	0	0	16	0	0	0	0	0	0	0	0	328	0	0	0	0	0	0	0	0	0.000271	0.0	0.0	0.0	0.010097	0.0	0.0	0.0	0.0	0.026101	0.0	0.0	0.0	0.973899	0.0	0.0	0.0	0.0	
361	1179	4731.275307577	4595.778	4595.778	0.01129	0.0	816	0	0	0	359	0	0	0	0	0.0	0.0	0.0	0.0	0.125101	0.0	0.0	0.0	0.0	1.05473	0.0	0.0	0.0	4683.82	0.0	0.0	0.0	0.0	0.001293	0.0	0.0	0.0	13.0468	0.0	0.0	0.0	0.0	10	0	0	0	70	0	0	0	0	58	0	0	0	23	0	0	0	0	348	0	0	0	266	0	0	0	0	56	0	0	0	0	0	0	0	0	16	0	0	0	0	0	0	0	0	328	0	0	0	0	0	0	0	0	0.000271	0.0	0.0	0.0	0.009589	0.0	0.0	0.0	0.0	0.027448	0.0	0.0	0.0	0.972552	0.0	0.0	0.0	0.0	
362	1180	4739.42088613	4595.778	4595.778	0.011109	0.0	816	0	0	0	360	0	0	0	0	0.0	0.0	0.0	0.0	0.118669	0.0	0.0	0.0	0.0	1.05473	0.0	0.0	0.0	4691.96	0.0	0.0	0.0	0.0	0.001293	0.0	0.0	0.0	13.0332	0.0	0.0	0.0	0.0	10	0	0	0	70	0	0	0	0	58	0	0	0	23	0	0	0	0	348	0	0	0	267	0	0	0	0	56	0	0	0	0	0	0	0	0	16	0	0	0	0	0	0	0	0	328	0	0	0	0	0	0	0	0	0.000271	0.0	0.0	0.0	0.009105	0.0	0.0	0.0	0.0	0.028863	0.0	0.0	0.0	0.971137	0.0	0.0	0.0	0.0	
363	1181	4742.007201023	4595.778	4595.778	0.010937	0.0	816	0	0	0	361	0	0	0	0	0.0	0.0	0.0	0.0	0.112559	0.0	0.0	0.0	0.0	1.05473	0.0	0.0	0.0	4694.55	0.0	0.0	0.0	0.0	0.001293	0.0	0.0	0.0	13.0043	0.0	0.0	0.0	0.0	10	0	0	0	70	0	0	0	0	58	0	0	0	23	0	0	0	0	348	0	0	0	268	0	0	0	0	56	0	0	0	0	0	0	0	0	16	0	0	0	0	0	0	0	0	328	0	0	0	0	0	0	0	0	0.000271	0.0	0.0	0.0	0.008656	0.0	0.0	0.0	0.0	0.030317	0.0	0.0	0.0	0.969683	0.0	0.0	0.0	0.0	
364	1182	4752.055119088	4595.778	4595.778	0.010882	0.0	816	0	0	0	362	0	0	0	0	0.0	0.0	0.0	0.0	0.106756	0.0	0.0	0.0	0.0	1.05473	0.0	0.0	0.0	4704.6	0.0	0.0	0.0	0.0	0.001293	0.0	0.0	0.0	12.9961	0.0	0.0	0.0	0.0	10	0	0	0	70	0	0	0	0	58	0	0	0	23	0	0	0	0	348	0	0	0	269	0	0	0	0	56	0	0	0	0	0	0	0	0	16	0	0	0	0	0	0	0	0	328	0	0	0	0	0	0	0	0	0.000271	0.0	0.0	0.0	0.008214	0.0	0.0	0.0	0.0	0.031893	0.0	0.0	0.0	0.968107	0.0	0.0	0.0	0.0	
365	1183	4756.827395981	4595.778	4595.778	0.010674	0.0	816	0	0	0	363	0	0	0	0	0.0	0.0	0.0	0.0	0.101242	0.0	0.0	0.0	0.0	1.05473	0.0	0.0	0.0	4709.37	0.0	0.0	0.0	0.0	0.001293	0.0	0.0	0.0	12.9735	0.0	0.0	0.0	0.0	10	0	0	0	70	0	0	0	0	58	0	0	0	23	0	0	0	0	348	0	0	0	270	0	0	0	0	56	0	0	0	0	0	0	0	0	16	0	0	0	0	0	0	0	0	328	0	0	0	0	0	0	0	0	0.000271	0.0	0.0	0.0	0.007804	0.0	0.0	0.0	0.0	0.033515	0.0	0.0	0.0	0.966485	0.0	0.0	0.0	0.0	
366	1184	4766.669783984	4595.778	4595.778	0.010576	0.0	816	0	0	0	364	0	0	0	0	0.0	0.0	0.0	0.0	0.096004	0.0	0.0	0.0	0.0	1.05473	0.0	0.0	0.0	4719.21	0.0	0.0	0.0	0.0	0.001293	0.0	0.0	0.0	12.9649	0.0	0.0	0.0	0.0	10	0	0	0	70	0	0	0	0	58	0	0	0	23	0	0	0	0	348	0	0	0	271	0	0	0	0	56	0	0	0	0	0	0	0	0	16	0	0	0	0	0	0	0	0	328	0	0	0	0	0	0	0	0	0.000271	0.0	0.0	0.0	0.007405	0.0	0.0	0.0	0.0	0.035257	0.0	0.0	0.0	0.964743	0.0	0.0	0.0	0.0	
367	1185	4769.023584551	4595.778	4595.778	0.010378	0.0	816	0	0	0	365	0	0	0	0	0.0	0.0	0.0	0.0	0.091029	0.0	0.0	0.0	0.0	1.05473	0.0	0.0	0.0	4721.56	0.0	0.0	0.0	0.0	0.001293	0.0	0.0	0.0	12.9358	0.0	0.0	0.0	0.0	10	0	0	0	70	0	0	0	0	58	0	0	0	23	0	0	0	0	348	0	0	0	272	0	0	0	0	56	0	0	0	0	0	0	0	0	16	0	0	0	0	0	0	0	0	328	0	0	0	0	0	0	0	0	0.000271	0.0	0.0	0.0	0.007037	0.0	0.0	0.0	0.0	0.037032	0.0	0.0	0.0	0.962968	0.0	0.0	0.0	0.0	
368	1186	4771.198311917	4595.778	4595.778	0.010331	0.0	816	0	0	0	366	0	0	0	0	0.0	0.0	0.0	0.0	0.086302	0.0	0.0	0.0	0.0	1.05473	0.0	0.0	0.0	4723.74	0.0	0.0	0.0	0.0	0.001293	0.0	0.0	0.0	12.9064	0.0	0.0	0.0	0.0	10	0	0	0	70	0	0	0	0	58	0	0	0	23	0	0	0	0	348	0	0	0	273	0	0	0	0	56	0	0	0	0	0	0	0	0	16	0	0	0	0	0	0	0	0	328	0	0	0	0	0	0	0	0	0.000271	0.0	0.0	0.0	0.006687	0.0	0.0	0.0	0.0	0.038896	0.0	0.0	0.0	0.961104	0.0	0.0	0.0	0.0	
369	1187	4776.456782473	4595.778	4595.778	0.010288	0.0	816	0	0	0	367	0	0	0	0	0.0	0.0	0.0	0.0	0.081812	0.0	0.0	0.0	0.0	1.05473	0.0	0.0	0.0	4729.0	0.0	0.0	0.0	0.0	0.001293	0.0	0.0	0.0	12.8856	0.0	0.0	0.0	0.0	10	0	0	0	70	0	0	0	0	58	0	0	0	23	0	0	0	0	348	0	0	0	274	0	0	0	0	56	0	0	0	0	0	0	0	0	16	0	0	0	0	0	0	0	0	328	0	0	0	0	0	0	0	0	0.000271	0.0	0.0	0.0	0.006349	0.0	0.0	0.0	0.0	0.04088	0.0	0.0	0.0	0.95912	0.0	0.0	0.0	0.0	
370	1188	4778.706098348	4595.778	4595.778	0.010184	0.0	816	0	0	0	368	0	0	0	0	0.0	0.0	0.0	0.0	0.077548	0.0	0.0	0.0	0.0	1.05473	0.0	0.0	0.0	4731.25	0.0	0.0	0.0	0.0	0.001293	0.0	0.0	0.0	12.8567	0.0	0.0	0.0	0.0	10	0	0	0	70	0	0	0	0	58	0	0	0	23	0	0	0	0	348	0	0	0	275	0	0	0	0	56	0	0	0	0	0	0	0	0	16	0	0	0	0	0	0	0	0	328	0	0	0	0	0	0	0	0	0.000271	0.0	0.0	0.0	0.006032	0.0	0.0	0.0	0.0	0.042939	0.0	0.0	0.0	0.957061	0.0	0.0	0.0	0.0	
371	1189	4785.788353689	4595.778	4595.778	0.01014	0.0	816	0	0	0	369	0	0	0	0	0.0	0.0	0.0	0.0	0.073496	0.0	0.0	0.0	0.0	1.05473	0.0	0.0	0.0	4738.33	0.0	0.0	0.0	0.0	0.001293	0.0	0.0	0.0	12.841	0.0	0.0	0.0	0.0	10	0	0	0	70	0	0	0	0	58	0	0	0	23	0	0	0	0	348	0	0	0	276	0	0	0	0	56	0	0	0	0	0	0	0	0	16	0	0	0	0	0	0	0	0	328	0	0	0	0	0	0	0	0	0.000271	0.0	0.0	0.0	0.005724	0.0	0.0	0.0	0.0	0.045147	0.0	0.0	0.0	0.954853	0.0	0.0	0.0	0.0	
372	1190	4965.940973651	4595.778	4595.778	0.010003	0.0	816	0	0	0	370	0	0	0	0	0.0	0.0	0.0	0.0	0.069648	0.0	0.0	0.0	0.0	1.05473	0.0	0.0	0.0	4918.48	0.0	0.0	0.0	0.0	0.001293	0.0	0.0	0.0	13.2932	0.0	0.0	0.0	0.0	10	0	0	0	70	0	0	0	0	58	0	0	0	23	0	0	0	0	348	0	0	0	277	0	0	0	0	56	0	0	0	0	0	0	0	0	16	0	0	0	0	0	0	0	0	328	0	0	0	0	0	0	0	0	0.000271	0.0	0.0	0.0	0.005239	0.0	0.0	0.0	0.0	0.049114	0.0	0.0	0.0	0.950886	0.0	0.0	0.0	0.0	
373	1191	4988.556418416	4595.778	4595.778	0.007072	0.0	816	0	0	0	371	0	0	0	0	0.0	0.0	0.0	0.0	0.065985	0.0	0.0	0.0	0.0	1.05473	0.0	0.0	0.0	4941.1	0.0	0.0	0.0	0.0	0.001293	0.0	0.0	0.0	13.3183	0.0	0.0	0.0	0.0	10	0	0	0	70	0	0	0	0	58	0	0	0	23	0	0	0	0	348	0	0	0	278	0	0	0	0	56	0	0	0	0	0	0	0	0	16	0	0	0	0	0	0	0	0	328	0	0	0	0	0	0	0	0	0.000271	0.0	0.0	0.0	0.004954	0.0	0.0	0.0	0.0	0.051792	0.0	0.0	0.0	0.948208	0.0	0.0	0.0	0.0	
374	1192	4991.575069523	4595.778	4595.778	0.006771	0.0	816	0	0	0	372	0	0	0	0	0.0	0.0	0.0	0.0	0.062506	0.0	0.0	0.0	0.0	1.05473	0.0	0.0	0.0	4944.12	0.0	0.0	0.0	0.0	0.001293	0.0	0.0	0.0	13.2906	0.0	0.0	0.0	0.0	10	0	0	0	70	0	0	0	0	58	0	0	0	23	0	0	0	0	348	0	0	0	279	0	0	0	0	56	0	0	0	0	0	0	0	0	16	0	0	0	0	0	0	0	0	328	0	0	0	0	0	0	0	0	0.000271	0.0	0.0	0.0	0.004703	0.0	0.0	0.0	0.0	0.05441	0.0	0.0	0.0	0.94559	0.0	0.0	0.0	0.0	
375	1193	4994.653188429	4595.778	4595.778	0.006732	0.0	816	0	0	0	373	0	0	0	0	0.0	0.0	0.0	0.0	0.059201	0.0	0.0	0.0	0.0	1.05473	0.0	0.0	0.0	4947.19	0.0	0.0	0.0	0.0	0.001293	0.0	0.0	0.0	13.2633	0.0	0.0	0.0	0.0	10	0	0	0	70	0	0	0	0	58	0	0	0	23	0	0	0	0	348	0	0	0	280	0	0	0	0	56	0	0	0	0	0	0	0	0	16	0	0	0	0	0	0	0	0	328	0	0	0	0	0	0	0	0	0.000271	0.0	0.0	0.0	0.004464	0.0	0.0	0.0	0.0	0.057163	0.0	0.0	0.0	0.942837	0.0	0.0	0.0	0.0	
376	1194	5001.315783399	4595.778	4595.778	0.006692	0.0	816	0	0	0	374	0	0	0	0	0.0	0.0	0.0	0.0	0.056061	0.0	0.0	0.0	0.0	1.05473	0.0	0.0	0.0	4953.86	0.0	0.0	0.0	0.0	0.001293	0.0	0.0	0.0	13.2456	0.0	0.0	0.0	0.0	10	0	0	0	70	0	0	0	0	58	0	0	0	23	0	0	0	0	348	0	0	0	281	0	0	0	0	56	0	0	0	0	0	0	0	0	16	0	0	0	0	0	0	0	0	328	0	0	0	0	0	0	0	0	0.000271	0.0	0.0	0.0	0.004232	0.0	0.0	0.0	0.0	0.060096	0.0	0.0	0.0	0.939904	0.0	0.0	0.0	0.0	
377	1195	5009.114730718	4595.778	4595.778	0.006607	0.0	816	0	0	0	375	0	0	0	0	0.0	0.0	0.0	0.0	0.053079	0.0	0.0	0.0	0.0	1.05473	0.0	0.0	0.0	4961.66	0.0	0.0	0.0	0.0	0.001293	0.0	0.0	0.0	13.2311	0.0	0.0	0.0	0.0	10	0	0	0	70	0	0	0	0	58	0	0	0	23	0	0	0	0	348	0	0	0	282	0	0	0	0	56	0	0	0	0	0	0	0	0	16	0	0	0	0	0	0	0	0	328	0	0	0	0	0	0	0	0	0.000271	0.0	0.0	0.0	0.004012	0.0	0.0	0.0	0.0	0.063194	0.0	0.0	0.0	0.936806	0.0	0.0	0.0	0.0	
378	1196	5034.996115994	4595.778	4595.778	0.006508	0.0	816	0	0	0	376	0	0	0	0	0.0	0.0	0.0	0.0	0.050246	0.0	0.0	0.0	0.0	1.05473	0.0	0.0	0.0	4987.54	0.0	0.0	0.0	0.0	0.001293	0.0	0.0	0.0	13.2647	0.0	0.0	0.0	0.0	10	0	0	0	70	0	0	0	0	58	0	0	0	23	0	0	0	0	348	0	0	0	283	0	0	0	0	56	0	0	0	0	0	0	0	0	16	0	0	0	0	0	0	0	0	328	0	0	0	0	0	0	0	0	0.000271	0.0	0.0	0.0	0.003788	0.0	0.0	0.0	0.0	0.066678	0.0	0.0	0.0	0.933322	0.0	0.0	0.0	0.0	
379	1197	5044.802505712	4595.778	4595.778	0.006192	0.0	816	0	0	0	377	0	0	0	0	0.0	0.0	0.0	0.0	0.047554	0.0	0.0	0.0	0.0	1.05473	0.0	0.0	0.0	4997.34	0.0	0.0	0.0	0.0	0.001293	0.0	0.0	0.0	13.2556	0.0	0.0	0.0	0.0	10	0	0	0	70	0	0	0	0	58	0	0	0	23	0	0	0	0	348	0	0	0	284	0	0	0	0	56	0	0	0	0	0	0	0	0	16	0	0	0	0	0	0	0	0	328	0	0	0	0	0	0	0	0	0.000271	0.0	0.0	0.0	0.003587	0.0	0.0	0.0	0.0	0.070142	0.0	0.0	0.0	0.929858	0.0	0.0	0.0	0.0	
380	1198	5052.380888208	4595.778	4595.778	0.006076	0.0	816	0	0	0	378	0	0	0	0	0.0	0.0	0.0	0.0	0.044997	0.0	0.0	0.0	0.0	1.05473	0.0	0.0	0.0	5004.92	0.0	0.0	0.0	0.0	0.001293	0.0	0.0	0.0	13.2405	0.0	0.0	0.0	0.0	10	0	0	0	70	0	0	0	0	58	0	0	0	23	0	0	0	0	348	0	0	0	285	0	0	0	0	56	0	0	0	0	0	0	0	0	16	0	0	0	0	0	0	0	0	328	0	0	0	0	0	0	0	0	0.000271	0.0	0.0	0.0	0.003398	0.0	0.0	0.0	0.0	0.073756	0.0	0.0	0.0	0.926244	0.0	0.0	0.0	0.0	
381	1199	5054.60998953	4595.778	4595.778	0.005988	0.0	816	0	0	0	379	0	0	0	0	0.0	0.0	0.0	0.0	0.042568	0.0	0.0	0.0	0.0	1.05473	0.0	0.0	0.0	5007.15	0.0	0.0	0.0	0.0	0.001293	0.0	0.0	0.0	13.2115	0.0	0.0	0.0	0.0	10	0	0	0	70	0	0	0	0	58	0	0	0	23	0	0	0	0	348	0	0	0	286	0	0	0	0	56	0	0	0	0	0	0	0	0	16	0	0	0	0	0	0	0	0	328	0	0	0	0	0	0	0	0	0.000271	0.0	0.0	0.0	0.003222	0.0	0.0	0.0	0.0	0.077481	0.0	0.0	0.0	0.922519	0.0	0.0	0.0	0.0	
382	1200	5056.840904926	4595.778	4595.778	0.005963	0.0	816	0	0	0	380	0	0	0	0	0.0	0.0	0.0	0.0	0.040261	0.0	0.0	0.0	0.0	1.05473	0.0	0.0	0.0	5009.38	0.0	0.0	0.0	0.0	0.001293	0.0	0.0	0.0	13.1826	0.0	0.0	0.0	0.0	10	0	0	0	70	0	0	0	0	58	0	0	0	23	0	0	0	0	348	0	0	0	287	0	0	0	0	56	0	0	0	0	0	0	0	0	16	0	0	0	0	0	0	0	0	328	0	0	0	0	0	0	0	0	0.000271	0.0	0.0	0.0	0.003054	0.0	0.0	0.0	0.0	0.081395	0.0	0.0	0.0	0.918605	0.0	0.0	0.0	0.0	
383	1201	5062.104627829	4595.778	4595.778	0.005937	0.0	816	0	0	0	381	0	0	0	0	0.0	0.0	0.0	0.0	0.03807	0.0	0.0	0.0	0.0	1.05473	0.0	0.0	0.0	5014.65	0.0	0.0	0.0	0.0	0.001293	0.0	0.0	0.0	13.1618	0.0	0.0	0.0	0.0	10	0	0	0	70	0	0	0	0	58	0	0	0	23	0	0	0	0	348	0	0	0	288	0	0	0	0	56	0	0	0	0	0	0	0	0	16	0	0	0	0	0	0	0	0	328	0	0	0	0	0	0	0	0	0.000271	0.0	0.0	0.0	0.002892	0.0	0.0	0.0	0.0	0.085556	0.0	0.0	0.0	0.914444	0.0	0.0	0.0	0.0	
384	1202	5074.857749309	4595.778	4595.778	0.005877	0.0	816	0	0	0	382	0	0	0	0	0.0	0.0	0.0	0.0	0.035988	0.0	0.0	0.0	0.0	1.05473	0.0	0.0	0.0	5027.4	0.0	0.0	0.0	0.0	0.001293	0.0	0.0	0.0	13.1607	0.0	0.0	0.0	0.0	10	0	0	0	70	0	0	0	0	58	0	0	0	23	0	0	0	0	348	0	0	0	289	0	0	0	0	56	0	0	0	0	0	0	0	0	16	0	0	0	0	0	0	0	0	328	0	0	0	0	0	0	0	0	0.000271	0.0	0.0	0.0	0.002734	0.0	0.0	0.0	0.0	0.090052	0.0	0.0	0.0	0.909948	0.0	0.0	0.0	0.0	
385	1203	5084.468339229	4595.778	4595.778	0.005735	0.0	816	0	0	0	383	0	0	0	0	0.0	0.0	0.0	0.0	0.03401	0.0	0.0	0.0	0.0	1.05473	0.0	0.0	0.0	5037.01	0.0	0.0	0.0	0.0	0.001293	0.0	0.0	0.0	13.1515	0.0	0.0	0.0	0.0	10	0	0	0	70	0	0	0	0	58	0	0	0	23	0	0	0	0	348	0	0	0	290	0	0	0	0	56	0	0	0	0	0	0	0	0	16	0	0	0	0	0	0	0	0	328	0	0	0	0	0	0	0	0	0.000271	0.0	0.0	0.0	0.002586	0.0	0.0	0.0	0.0	0.094731	0.0	0.0	0.0	0.905269	0.0	0.0	0.0	0.0	
386	1204	5086.551997957	4595.778	4595.778	0.00563	0.0	816	0	0	0	384	0	0	0	0	0.0	0.0	0.0	0.0	0.032132	0.0	0.0	0.0	0.0	1.05473	0.0	0.0	0.0	5039.09	0.0	0.0	0.0	0.0	0.001293	0.0	0.0	0.0	13.1226	0.0	0.0	0.0	0.0	10	0	0	0	70	0	0	0	0	58	0	0	0	23	0	0	0	0	348	0	0	0	291	0	0	0	0	56	0	0	0	0	0	0	0	0	16	0	0	0	0	0	0	0	0	328	0	0	0	0	0	0	0	0	0.000271	0.0	0.0	0.0	0.002449	0.0	0.0	0.0	0.0	0.09952	0.0	0.0	0.0	0.90048	0.0	0.0	0.0	0.0	
387	1205	5095.116125034	4595.778	4595.778	0.005607	0.0	816	0	0	0	385	0	0	0	0	0.0	0.0	0.0	0.0	0.030348	0.0	0.0	0.0	0.0	1.05473	0.0	0.0	0.0	5047.66	0.0	0.0	0.0	0.0	0.001293	0.0	0.0	0.0	13.1108	0.0	0.0	0.0	0.0	10	0	0	0	70	0	0	0	0	58	0	0	0	23	0	0	0	0	348	0	0	0	292	0	0	0	0	56	0	0	0	0	0	0	0	0	16	0	0	0	0	0	0	0	0	328	0	0	0	0	0	0	0	0	0.000271	0.0	0.0	0.0	0.002315	0.0	0.0	0.0	0.0	0.104673	0.0	0.0	0.0	0.895327	0.0	0.0	0.0	0.0	
388	1206	5097.299916198	4595.778	4595.778	0.005516	0.0	816	0	0	0	386	0	0	0	0	0.0	0.0	0.0	0.0	0.028653	0.0	0.0	0.0	0.0	1.05473	0.0	0.0	0.0	5049.84	0.0	0.0	0.0	0.0	0.001293	0.0	0.0	0.0	13.0825	0.0	0.0	0.0	0.0	10	0	0	0	70	0	0	0	0	58	0	0	0	23	0	0	0	0	348	0	0	0	293	0	0	0	0	56	0	0	0	0	0	0	0	0	16	0	0	0	0	0	0	0	0	328	0	0	0	0	0	0	0	0	0.000271	0.0	0.0	0.0	0.00219	0.0	0.0	0.0	0.0	0.109971	0.0	0.0	0.0	0.890029	0.0	0.0	0.0	0.0	
389	1207	5108.50802243	4595.778	4595.778	0.005493	0.0	816	0	0	0	387	0	0	0	0	0.0	0.0	0.0	0.0	0.027043	0.0	0.0	0.0	0.0	1.05473	0.0	0.0	0.0	5061.05	0.0	0.0	0.0	0.0	0.001293	0.0	0.0	0.0	13.0776	0.0	0.0	0.0	0.0	10	0	0	0	70	0	0	0	0	58	0	0	0	23	0	0	0	0	348	0	0	0	294	0	0	0	0	56	0	0	0	0	0	0	0	0	16	0	0	0	0	0	0	0	0	328	0	0	0	0	0	0	0	0	0.000271	0.0	0.0	0.0	0.002068	0.0	0.0	0.0	0.0	0.115721	0.0	0.0	0.0	0.884279	0.0	0.0	0.0	0.0	
390	1208	5119.797988242	4595.778	4595.778	0.005375	0.0	816	0	0	0	388	0	0	0	0	0.0	0.0	0.0	0.0	0.025514	0.0	0.0	0.0	0.0	1.05473	0.0	0.0	0.0	5072.34	0.0	0.0	0.0	0.0	0.001293	0.0	0.0	0.0	13.073	0.0	0.0	0.0	0.0	10	0	0	0	70	0	0	0	0	58	0	0	0	23	0	0	0	0	348	0	0	0	295	0	0	0	0	56	0	0	0	0	0	0	0	0	16	0	0	0	0	0	0	0	0	328	0	0	0	0	0	0	0	0	0.000271	0.0	0.0	0.0	0.001952	0.0	0.0	0.0	0.0	0.121774	0.0	0.0	0.0	0.878226	0.0	0.0	0.0	0.0	
391	1209	5123.937348996	4595.778	4595.778	0.00526	0.0	816	0	0	0	389	0	0	0	0	0.0	0.0	0.0	0.0	0.024062	0.0	0.0	0.0	0.0	1.05473	0.0	0.0	0.0	5076.48	0.0	0.0	0.0	0.0	0.001293	0.0	0.0	0.0	13.0501	0.0	0.0	0.0	0.0	10	0	0	0	70	0	0	0	0	58	0	0	0	23	0	0	0	0	348	0	0	0	296	0	0	0	0	56	0	0	0	0	0	0	0	0	16	0	0	0	0	0	0	0	0	328	0	0	0	0	0	0	0	0	0.000271	0.0	0.0	0.0	0.001844	0.0	0.0	0.0	0.0	0.127987	0.0	0.0	0.0	0.872013	0.0	0.0	0.0	0.0	
392	1210	5140.889700871	4595.778	4595.778	0.005218	0.0	816	0	0	0	390	0	0	0	0	0.0	0.0	0.0	0.0	0.022682	0.0	0.0	0.0	0.0	1.05473	0.0	0.0	0.0	5093.43	0.0	0.0	0.0	0.0	0.001293	0.0	0.0	0.0	13.0601	0.0	0.0	0.0	0.0	10	0	0	0	70	0	0	0	0	58	0	0	0	23	0	0	0	0	348	0	0	0	297	0	0	0	0	56	0	0	0	0	0	0	0	0	16	0	0	0	0	0	0	0	0	328	0	0	0	0	0	0	0	0	0.000271	0.0	0.0	0.0	0.001737	0.0	0.0	0.0	0.0	0.134812	0.0	0.0	0.0	0.865188	0.0	0.0	0.0	0.0	
393	1211	5166.421278566	4595.778	4595.778	0.005051	0.0	816	0	0	0	391	0	0	0	0	0.0	0.0	0.0	0.0	0.021371	0.0	0.0	0.0	0.0	1.05473	0.0	0.0	0.0	5118.96	0.0	0.0	0.0	0.0	0.001293	0.0	0.0	0.0	13.092	0.0	0.0	0.0	0.0	10	0	0	0	70	0	0	0	0	58	0	0	0	23	0	0	0	0	348	0	0	0	298	0	0	0	0	56	0	0	0	0	0	0	0	0	16	0	0	0	0	0	0	0	0	328	0	0	0	0	0	0	0	0	0.000271	0.0	0.0	0.0	0.001632	0.0	0.0	0.0	0.0	0.142205	0.0	0.0	0.0	0.857795	0.0	0.0	0.0	0.0	
394	1212	5182.275329488	4595.778	4595.778	0.004808	0.0	816	0	0	0	392	0	0	0	0	0.0	0.0	0.0	0.0	0.020126	0.0	0.0	0.0	0.0	1.05473	0.0	0.0	0.0	5134.82	0.0	0.0	0.0	0.0	0.001293	0.0	0.0	0.0	13.099	0.0	0.0	0.0	0.0	10	0	0	0	70	0	0	0	0	58	0	0	0	23	0	0	0	0	348	0	0	0	299	0	0	0	0	56	0	0	0	0	0	0	0	0	16	0	0	0	0	0	0	0	0	328	0	0	0	0	0	0	0	0	0.000271	0.0	0.0	0.0	0.001536	0.0	0.0	0.0	0.0	0.149758	0.0	0.0	0.0	0.850242	0.0	0.0	0.0	0.0	
395	1213	5192.475171768	4595.778	4595.778	0.004664	0.0	816	0	0	0	393	0	0	0	0	0.0	0.0	0.0	0.0	0.018942	0.0	0.0	0.0	0.0	1.05473	0.0	0.0	0.0	5145.02	0.0	0.0	0.0	0.0	0.001293	0.0	0.0	0.0	13.0916	0.0	0.0	0.0	0.0	10	0	0	0	70	0	0	0	0	58	0	0	0	23	0	0	0	0	348	0	0	0	300	0	0	0	0	56	0	0	0	0	0	0	0	0	16	0	0	0	0	0	0	0	0	328	0	0	0	0	0	0	0	0	0.000271	0.0	0.0	0.0	0.001447	0.0	0.0	0.0	0.0	0.157565	0.0	0.0	0.0	0.842435	0.0	0.0	0.0	0.0	
396	1215	5200.503578471	4595.778	4595.778	0.004573	0.0	817	0	0	0	394	0	0	0	0	0.0	0.0	0.0	0.0	0.017835	0.0	0.0	0.0	0.0	1.05516	0.0	0.0	0.0	5153.04	0.0	0.0	0.0	0.0	0.001292	0.0	0.0	0.0	13.0788	0.0	0.0	0.0	0.0	10	0	0	0	70	0	0	0	0	58	0	0	0	23	0	0	0	0	348	0	0	0	301	0	0	0	0	57	0	0	0	0	0	0	0	0	16	0	0	0	0	0	0	0	0	328	0	0	0	0	0	0	0	0	0.000244	0.0	0.0	0.0	0.001364	0.0	0.0	0.0	0.0	0.151642	0.0	0.0	0.0	0.848358	0.0	0.0	0.0	0.0	
397	1216	5202.748584914	4595.778	4595.778	0.004503	0.0	817	0	0	0	395	0	0	0	0	0.0	0.0	0.0	0.0	0.016784	0.0	0.0	0.0	0.0	1.05516	0.0	0.0	0.0	5155.29	0.0	0.0	0.0	0.0	0.001292	0.0	0.0	0.0	13.0514	0.0	0.0	0.0	0.0	10	0	0	0	70	0	0	0	0	58	0	0	0	23	0	0	0	0	348	0	0	0	302	0	0	0	0	57	0	0	0	0	0	0	0	0	16	0	0	0	0	0	0	0	0	328	0	0	0	0	0	0	0	0	0.000244	0.0	0.0	0.0	0.001286	0.0	0.0	0.0	0.0	0.159342	0.0	0.0	0.0	0.840658	0.0	0.0	0.0	0.0	
398	1217	5206.189204338	4595.778	4595.778	0.004484	0.0	817	0	0	0	396	0	0	0	0	0.0	0.0	0.0	0.0	0.015786	0.0	0.0	0.0	0.0	1.05516	0.0	0.0	0.0	5158.73	0.0	0.0	0.0	0.0	0.001292	0.0	0.0	0.0	13.0271	0.0	0.0	0.0	0.0	10	0	0	0	70	0	0	0	0	58	0	0	0	23	0	0	0	0	348	0	0	0	303	0	0	0	0	57	0	0	0	0	0	0	0	0	16	0	0	0	0	0	0	0	0	328	0	0	0	0	0	0	0	0	0.000244	0.0	0.0	0.0	0.001212	0.0	0.0	0.0	0.0	0.167469	0.0	0.0	0.0	0.832531	0.0	0.0	0.0	0.0	
399	1219	5210.741054539	4595.778	4595.778	0.004454	0.0	818	0	0	0	397	0	0	0	0	0.0	0.0	0.0	0.0	0.014854	0.0	0.0	0.0	0.0	1.05534	0.0	0.0	0.0	5163.28	0.0	0.0	0.0	0.0	0.00129	0.0	0.0	0.0	13.0057	0.0	0.0	0.0	0.0	10	0	0	0	70	0	0	0	0	58	0	0	0	23	0	0	0	0	348	0	0	0	304	0	0	0	0	57	0	0	0	0	0	0	0	0	16	0	0	0	0	0	0	0	0	329	0	0	0	0	0	0	0	0	0.00022	0.0	0.0	0.0	0.001142	0.0	0.0	0.0	0.0	0.161278	0.0	0.0	0.0	0.838722	0.0	0.0	0.0	0.0	
400	1220	5257.387674379	4595.778	4595.778	0.004415	0.0	818	0	0	0	398	0	0	0	0	0.0	0.0	0.0	0.0	0.013968	0.0	0.0	0.0	0.0	1.05534	0.0	0.0	0.0	5209.93	0.0	0.0	0.0	0.0	0.00129	0.0	0.0	0.0	13.0903	0.0	0.0	0.0	0.0	10	0	0	0	70	0	0	0	0	58	0	0	0	23	0	0	0	0	348	0	0	0	305	0	0	0	0	57	0	0	0	0	0	0	0	0	16	0	0	0	0	0	0	0	0	329	0	0	0	0	0	0	0	0	0.00022	0.0	0.0	0.0	0.001067	0.0	0.0	0.0	0.0	0.170681	0.0	0.0	0.0	0.829319	0.0	0.0	0.0	0.0	
401	1221	5264.850039994	4595.778	4595.778	0.004036	0.0	818	0	0	0	399	0	0	0	0	0.0	0.0	0.0	0.0	0.013126	0.0	0.0	0.0	0.0	1.05534	0.0	0.0	0.0	5217.39	0.0	0.0	0.0	0.0	0.00129	0.0	0.0	0.0	13.0762	0.0	0.0	0.0	0.0	10	0	0	0	70	0	0	0	0	58	0	0	0	23	0	0	0	0	348	0	0	0	306	0	0	0	0	57	0	0	0	0	0	0	0	0	16	0	0	0	0	0	0	0	0	329	0	0	0	0	0	0	0	0	0.00022	0.0	0.0	0.0	0.001004	0.0	0.0	0.0	0.0	0.179506	0.0	0.0	0.0	0.820494	0.0	0.0	0.0	0.0	
402	1222	5267.071125031	4595.778	4595.778	0.003979	0.0	818	0	0	0	400	0	0	0	0	0.0	0.0	0.0	0.0	0.012326	0.0	0.0	0.0	0.0	1.05534	0.0	0.0	0.0	5219.61	0.0	0.0	0.0	0.0	0.00129	0.0	0.0	0.0	13.049	0.0	0.0	0.0	0.0	10	0	0	0	70	0	0	0	0	58	0	0	0	23	0	0	0	0	348	0	0	0	307	0	0	0	0	57	0	0	0	0	0	0	0	0	16	0	0	0	0	0	0	0	0	329	0	0	0	0	0	0	0	0	0.00022	0.0	0.0	0.0	0.000945	0.0	0.0	0.0	0.0	0.188635	0.0	0.0	0.0	0.811365	0.0	0.0	0.0	0.0	
403	1223	5269.242029039	4595.778	4595.778	0.003962	0.0	818	0	0	0	401	0	0	0	0	0.0	0.0	0.0	0.0	0.011566	0.0	0.0	0.0	0.0	1.05534	0.0	0.0	0.0	5221.78	0.0	0.0	0.0	0.0	0.00129	0.0	0.0	0.0	13.0219	0.0	0.0	0.0	0.0	10	0	0	0	70	0	0	0	0	58	0	0	0	23	0	0	0	0	348	0	0	0	308	0	0	0	0	57	0	0	0	0	0	0	0	0	16	0	0	0	0	0	0	0	0	329	0	0	0	0	0	0	0	0	0.00022	0.0	0.0	0.0	0.000888	0.0	0.0	0.0	0.0	0.198232	0.0	0.0	0.0	0.801768	0.0	0.0	0.0	0.0	
404	1224	5271.296208958	4595.778	4595.778	0.003945	0.0	818	0	0	0	402	0	0	0	0	0.0	0.0	0.0	0.0	0.010845	0.0	0.0	0.0	0.0	1.05534	0.0	0.0	0.0	5223.84	0.0	0.0	0.0	0.0	0.00129	0.0	0.0	0.0	12.9946	0.0	0.0	0.0	0.0	10	0	0	0	70	0	0	0	0	58	0	0	0	23	0	0	0	0	348	0	0	0	309	0	0	0	0	57	0	0	0	0	0	0	0	0	16	0	0	0	0	0	0	0	0	329	0	0	0	0	0	0	0	0	0.00022	0.0	0.0	0.0	0.000835	0.0	0.0	0.0	0.0	0.208319	0.0	0.0	0.0	0.791681	0.0	0.0	0.0	0.0	
405	1226	5280.896490536	4595.778	4595.778	0.00393	0.0	819	0	0	0	403	0	0	0	0	0.0	0.0	0.0	0.0	0.010174	0.0	0.0	0.0	0.0	1.05561	0.0	0.0	0.0	5233.44	0.0	0.0	0.0	0.0	0.001289	0.0	0.0	0.0	12.9862	0.0	0.0	0.0	0.0	10	0	0	0	70	0	0	0	0	58	0	0	0	23	0	0	0	0	348	0	0	0	310	0	0	0	0	57	0	0	0	0	0	0	0	0	16	0	0	0	0	0	0	0	0	330	0	0	0	0	0	0	0	0	0.000198	0.0	0.0	0.0	0.000783	0.0	0.0	0.0	0.0	0.201607	0.0	0.0	0.0	0.798393	0.0	0.0	0.0	0.0	
406	1227	5295.662249768	4595.778	4595.778	0.003858	0.0	819	0	0	0	404	0	0	0	0	0.0	0.0	0.0	0.0	0.009537	0.0	0.0	0.0	0.0	1.05561	0.0	0.0	0.0	5248.2	0.0	0.0	0.0	0.0	0.001289	0.0	0.0	0.0	12.9906	0.0	0.0	0.0	0.0	10	0	0	0	70	0	0	0	0	58	0	0	0	23	0	0	0	0	348	0	0	0	311	0	0	0	0	57	0	0	0	0	0	0	0	0	16	0	0	0	0	0	0	0	0	330	0	0	0	0	0	0	0	0	0.000198	0.0	0.0	0.0	0.000734	0.0	0.0	0.0	0.0	0.212274	0.0	0.0	0.0	0.787726	0.0	0.0	0.0	0.0	
407	1230	5301.95118169	4595.778	4595.778	0.00375	0.0	821	0	0	0	405	0	0	0	0	0.0	0.0	0.0	0.0	0.008956	0.0	0.0	0.0	0.0	1.05632	0.0	0.0	0.0	5254.49	0.0	0.0	0.0	0.0	0.001287	0.0	0.0	0.0	12.974	0.0	0.0	0.0	0.0	10	0	0	0	70	0	0	0	0	58	0	0	0	23	0	0	0	0	348	0	0	0	312	0	0	0	0	58	0	0	0	0	0	0	0	0	16	0	0	0	0	0	0	0	0	331	0	0	0	0	0	0	0	0	0.000161	0.0	0.0	0.0	0.00069	0.0	0.0	0.0	0.0	0.188677	0.0	0.0	0.0	0.811323	0.0	0.0	0.0	0.0	
408	1231	5316.279686976	4595.778	4595.778	0.003704	0.0	821	0	0	0	406	0	0	0	0	0.0	0.0	0.0	0.0	0.008404	0.0	0.0	0.0	0.0	1.05632	0.0	0.0	0.0	5268.82	0.0	0.0	0.0	0.0	0.001287	0.0	0.0	0.0	12.9774	0.0	0.0	0.0	0.0	10	0	0	0	70	0	0	0	0	58	0	0	0	23	0	0	0	0	348	0	0	0	313	0	0	0	0	58	0	0	0	0	0	0	0	0	16	0	0	0	0	0	0	0	0	331	0	0	0	0	0	0	0	0	0.000161	0.0	0.0	0.0	0.000648	0.0	0.0	0.0	0.0	0.198649	0.0	0.0	0.0	0.801351	0.0	0.0	0.0	0.0	
409	1232	5321.265608834	4595.778	4595.778	0.003604	0.0	821	0	0	0	407	0	0	0	0	0.0	0.0	0.0	0.0	0.00788	0.0	0.0	0.0	0.0	1.05632	0.0	0.0	0.0	5273.8	0.0	0.0	0.0	0.0	0.001287	0.0	0.0	0.0	12.9578	0.0	0.0	0.0	0.0	10	0	0	0	70	0	0	0	0	58	0	0	0	23	0	0	0	0	348	0	0	0	314	0	0	0	0	58	0	0	0	0	0	0	0	0	16	0	0	0	0	0	0	0	0	331	0	0	0	0	0	0	0	0	0.000161	0.0	0.0	0.0	0.000608	0.0	0.0	0.0	0.0	0.208853	0.0	0.0	0.0	0.791147	0.0	0.0	0.0	0.0	
410	1233	5340.377202596	4595.778	4595.778	0.003569	0.0	821	0	0	0	408	0	0	0	0	0.0	0.0	0.0	0.0	0.007382	0.0	0.0	0.0	0.0	1.05632	0.0	0.0	0.0	5292.92	0.0	0.0	0.0	0.0	0.001287	0.0	0.0	0.0	12.9728	0.0	0.0	0.0	0.0	10	0	0	0	70	0	0	0	0	58	0	0	0	23	0	0	0	0	348	0	0	0	315	0	0	0	0	58	0	0	0	0	0	0	0	0	16	0	0	0	0	0	0	0	0	331	0	0	0	0	0	0	0	0	0.000161	0.0	0.0	0.0	0.000569	0.0	0.0	0.0	0.0	0.220045	0.0	0.0	0.0	0.779955	0.0	0.0	0.0	0.0	
411	1235	5343.348793717	4595.778	4595.778	0.00344	0.0	822	0	0	0	409	0	0	0	0	0.0	0.0	0.0	0.0	0.006919	0.0	0.0	0.0	0.0	1.05676	0.0	0.0	0.0	5295.89	0.0	0.0	0.0	0.0	0.001286	0.0	0.0	0.0	12.9484	0.0	0.0	0.0	0.0	10	0	0	0	70	0	0	0	0	58	0	0	0	23	0	0	0	0	348	0	0	0	316	0	0	0	0	59	0	0	0	0	0	0	0	0	16	0	0	0	0	0	0	0	0	331	0	0	0	0	0	0	0	0	0.000145	0.0	0.0	0.0	0.000534	0.0	0.0	0.0	0.0	0.212975	0.0	0.0	0.0	0.787025	0.0	0.0	0.0	0.0	
412	1236	5377.271131157	4592.778	4592.778	0.003421	0.0	822	0	0	0	410	0	0	0	0	0.0	0.0	0.0	0.0	0.07001	0.0	0.0	0.0	0.0	1.05676	0.0	0.0	0.0	5329.81	0.0	0.0	0.0	0.0	0.001286	0.0	0.0	0.0	12.9995	0.0	0.0	0.0	0.0	10	0	0	0	71	0	0	0	0	58	0	0	0	23	0	0	0	0	348	0	0	0	316	0	0	0	0	59	0	0	0	0	0	0	0	0	16	0	0	0	0	0	0	0	0	331	0	0	0	0	0	0	0	0	0.000145	0.0	0.0	0.0	0.005386	0.0	0.0	0.0	0.0	0.026147	0.0	0.0	0.0	0.973853	0.0	0.0	0.0	0.0	
413	1237	5381.827631344	4592.778	4592.778	0.003205	0.0	822	0	0	0	411	0	0	0	0	0.0	0.0	0.0	0.0	0.066415	0.0	0.0	0.0	0.0	1.05676	0.0	0.0	0.0	5334.37	0.0	0.0	0.0	0.0	0.001286	0.0	0.0	0.0	12.979	0.0	0.0	0.0	0.0	10	0	0	0	71	0	0	0	0	58	0	0	0	23	0	0	0	0	348	0	0	0	317	0	0	0	0	59	0	0	0	0	0	0	0	0	16	0	0	0	0	0	0	0	0	331	0	0	0	0	0	0	0	0	0.000145	0.0	0.0	0.0	0.005117	0.0	0.0	0.0	0.0	0.027481	0.0	0.0	0.0	0.972519	0.0	0.0	0.0	0.0	
414	1239	5390.337636134	4592.778	4592.778	0.003177	0.0	823	0	0	0	412	0	0	0	0	0.0	0.0	0.0	0.0	0.06301	0.0	0.0	0.0	0.0	1.05735	0.0	0.0	0.0	5342.88	0.0	0.0	0.0	0.0	0.001285	0.0	0.0	0.0	12.9681	0.0	0.0	0.0	0.0	10	0	0	0	71	0	0	0	0	58	0	0	0	23	0	0	0	0	348	0	0	0	318	0	0	0	0	60	0	0	0	0	0	0	0	0	16	0	0	0	0	0	0	0	0	331	0	0	0	0	0	0	0	0	0.00013	0.0	0.0	0.0	0.004859	0.0	0.0	0.0	0.0	0.026102	0.0	0.0	0.0	0.973898	0.0	0.0	0.0	0.0	
415	1240	5396.721794104	4592.778	4592.778	0.003125	0.0	823	0	0	0	413	0	0	0	0	0.0	0.0	0.0	0.0	0.059775	0.0	0.0	0.0	0.0	1.05735	0.0	0.0	0.0	5349.26	0.0	0.0	0.0	0.0	0.001285	0.0	0.0	0.0	12.9522	0.0	0.0	0.0	0.0	10	0	0	0	71	0	0	0	0	58	0	0	0	23	0	0	0	0	348	0	0	0	319	0	0	0	0	60	0	0	0	0	0	0	0	0	16	0	0	0	0	0	0	0	0	331	0	0	0	0	0	0	0	0	0.00013	0.0	0.0	0.0	0.004615	0.0	0.0	0.0	0.0	0.027442	0.0	0.0	0.0	0.972557	0.0	0.0	0.0	0.0	
416	1241	5406.666178143	4592.778	4592.778	0.003087	0.0	823	0	0	0	414	0	0	0	0	0.0	0.0	0.0	0.0	0.056702	0.0	0.0	0.0	0.0	1.05735	0.0	0.0	0.0	5359.2	0.0	0.0	0.0	0.0	0.001285	0.0	0.0	0.0	12.9449	0.0	0.0	0.0	0.0	10	0	0	0	71	0	0	0	0	58	0	0	0	23	0	0	0	0	348	0	0	0	320	0	0	0	0	60	0	0	0	0	0	0	0	0	16	0	0	0	0	0	0	0	0	331	0	0	0	0	0	0	0	0	0.00013	0.0	0.0	0.0	0.00438	0.0	0.0	0.0	0.0	0.028871	0.0	0.0	0.0	0.971129	0.0	0.0	0.0	0.0	
417	1242	5428.617526839	4592.778	4592.778	0.003028	0.0	823	0	0	0	415	0	0	0	0	0.0	0.0	0.0	0.0	0.053782	0.0	0.0	0.0	0.0	1.05735	0.0	0.0	0.0	5381.16	0.0	0.0	0.0	0.0	0.001285	0.0	0.0	0.0	12.9666	0.0	0.0	0.0	0.0	10	0	0	0	71	0	0	0	0	58	0	0	0	23	0	0	0	0	348	0	0	0	321	0	0	0	0	60	0	0	0	0	0	0	0	0	16	0	0	0	0	0	0	0	0	331	0	0	0	0	0	0	0	0	0.00013	0.0	0.0	0.0	0.004148	0.0	0.0	0.0	0.0	0.03044	0.0	0.0	0.0	0.96956	0.0	0.0	0.0	0.0	
418	1243	5436.278204265	4592.778	4592.778	0.002903	0.0	823	0	0	0	416	0	0	0	0	0.0	0.0	0.0	0.0	0.051009	0.0	0.0	0.0	0.0	1.05735	0.0	0.0	0.0	5388.82	0.0	0.0	0.0	0.0	0.001285	0.0	0.0	0.0	12.9539	0.0	0.0	0.0	0.0	10	0	0	0	71	0	0	0	0	58	0	0	0	23	0	0	0	0	348	0	0	0	322	0	0	0	0	60	0	0	0	0	0	0	0	0	16	0	0	0	0	0	0	0	0	331	0	0	0	0	0	0	0	0	0.00013	0.0	0.0	0.0	0.003938	0.0	0.0	0.0	0.0	0.032012	0.0	0.0	0.0	0.967988	0.0	0.0	0.0	0.0	
419	1244	5438.561848829	4592.778	4592.778	0.002861	0.0	823	0	0	0	417	0	0	0	0	0.0	0.0	0.0	0.0	0.048374	0.0	0.0	0.0	0.0	1.05735	0.0	0.0	0.0	5391.1	0.0	0.0	0.0	0.0	0.001285	0.0	0.0	0.0	12.9283	0.0	0.0	0.0	0.0	10	0	0	0	71	0	0	0	0	58	0	0	0	23	0	0	0	0	348	0	0	0	323	0	0	0	0	60	0	0	0	0	0	0	0	0	16	0	0	0	0	0	0	0	0	331	0	0	0	0	0	0	0	0	0.00013	0.0	0.0	0.0	0.003742	0.0	0.0	0.0	0.0	0.033632	0.0	0.0	0.0	0.966368	0.0	0.0	0.0	0.0	
420	1245	5444.650804428	4592.778	4592.778	0.002848	0.0	823	0	0	0	418	0	0	0	0	0.0	0.0	0.0	0.0	0.045871	0.0	0.0	0.0	0.0	1.05735	0.0	0.0	0.0	5397.19	0.0	0.0	0.0	0.0	0.001285	0.0	0.0	0.0	12.9119	0.0	0.0	0.0	0.0	10	0	0	0	71	0	0	0	0	58	0	0	0	23	0	0	0	0	348	0	0	0	324	0	0	0	0	60	0	0	0	0	0	0	0	0	16	0	0	0	0	0	0	0	0	331	0	0	0	0	0	0	0	0	0.00013	0.0	0.0	0.0	0.003553	0.0	0.0	0.0	0.0	0.035359	0.0	0.0	0.0	0.964641	0.0	0.0	0.0	0.0	
421	1246	5513.257600387	4592.778	4592.778	0.002815	0.0	823	0	0	0	419	0	0	0	0	0.0	0.0	0.0	0.0	0.043494	0.0	0.0	0.0	0.0	1.05735	0.0	0.0	0.0	5465.8	0.0	0.0	0.0	0.0	0.001285	0.0	0.0	0.0	13.0449	0.0	0.0	0.0	0.0	10	0	0	0	71	0	0	0	0	58	0	0	0	23	0	0	0	0	348	0	0	0	325	0	0	0	0	60	0	0	0	0	0	0	0	0	16	0	0	0	0	0	0	0	0	331	0	0	0	0	0	0	0	0	0.00013	0.0	0.0	0.0	0.003334	0.0	0.0	0.0	0.0	0.037589	0.0	0.0	0.0	0.962411	0.0	0.0	0.0	0.0	
422	1247	5523.257523717	4592.778	4592.778	0.002467	0.0	823	0	0	0	420	0	0	0	0	0.0	0.0	0.0	0.0	0.041234	0.0	0.0	0.0	0.0	1.05735	0.0	0.0	0.0	5475.8	0.0	0.0	0.0	0.0	0.001285	0.0	0.0	0.0	13.0376	0.0	0.0	0.0	0.0	10	0	0	0	71	0	0	0	0	58	0	0	0	23	0	0	0	0	348	0	0	0	326	0	0	0	0	60	0	0	0	0	0	0	0	0	16	0	0	0	0	0	0	0	0	331	0	0	0	0	0	0	0	0	0.00013	0.0	0.0	0.0	0.003163	0.0	0.0	0.0	0.0	0.039546	0.0	0.0	0.0	0.960454	0.0	0.0	0.0	0.0	
423	1248	5529.326676317	4592.778	4592.778	0.00242	0.0	823	0	0	0	421	0	0	0	0	0.0	0.0	0.0	0.0	0.039088	0.0	0.0	0.0	0.0	1.05735	0.0	0.0	0.0	5481.86	0.0	0.0	0.0	0.0	0.001285	0.0	0.0	0.0	13.0211	0.0	0.0	0.0	0.0	10	0	0	0	71	0	0	0	0	58	0	0	0	23	0	0	0	0	348	0	0	0	327	0	0	0	0	60	0	0	0	0	0	0	0	0	16	0	0	0	0	0	0	0	0	331	0	0	0	0	0	0	0	0	0.00013	0.0	0.0	0.0	0.003002	0.0	0.0	0.0	0.0	0.041577	0.0	0.0	0.0	0.958423	0.0	0.0	0.0	0.0	
424	1249	5544.843649237	4592.778	4592.778	0.002392	0.0	823	0	0	0	422	0	0	0	0	0.0	0.0	0.0	0.0	0.037048	0.0	0.0	0.0	0.0	1.05735	0.0	0.0	0.0	5497.38	0.0	0.0	0.0	0.0	0.001285	0.0	0.0	0.0	13.027	0.0	0.0	0.0	0.0	10	0	0	0	71	0	0	0	0	58	0	0	0	23	0	0	0	0	348	0	0	0	328	0	0	0	0	60	0	0	0	0	0	0	0	0	16	0	0	0	0	0	0	0	0	331	0	0	0	0	0	0	0	0	0.00013	0.0	0.0	0.0	0.002844	0.0	0.0	0.0	0.0	0.043784	0.0	0.0	0.0	0.956216	0.0	0.0	0.0	0.0	
425	1250	5550.67514782	4592.778	4592.778	0.002321	0.0	823	0	0	0	423	0	0	0	0	0.0	0.0	0.0	0.0	0.035111	0.0	0.0	0.0	0.0	1.05735	0.0	0.0	0.0	5503.21	0.0	0.0	0.0	0.0	0.001285	0.0	0.0	0.0	13.01	0.0	0.0	0.0	0.0	10	0	0	0	71	0	0	0	0	58	0	0	0	23	0	0	0	0	348	0	0	0	329	0	0	0	0	60	0	0	0	0	0	0	0	0	16	0	0	0	0	0	0	0	0	331	0	0	0	0	0	0	0	0	0.00013	0.0	0.0	0.0	0.002699	0.0	0.0	0.0	0.0	0.046031	0.0	0.0	0.0	0.953969	0.0	0.0	0.0	0.0	
426	1251	5556.284649823	4592.778	4592.778	0.002295	0.0	823	0	0	0	424	0	0	0	0	0.0	0.0	0.0	0.0	0.033271	0.0	0.0	0.0	0.0	1.05735	0.0	0.0	0.0	5508.82	0.0	0.0	0.0	0.0	0.001285	0.0	0.0	0.0	12.9925	0.0	0.0	0.0	0.0	10	0	0	0	71	0	0	0	0	58	0	0	0	23	0	0	0	0	348	0	0	0	330	0	0	0	0	60	0	0	0	0	0	0	0	0	16	0	0	0	0	0	0	0	0	331	0	0	0	0	0	0	0	0	0.00013	0.0	0.0	0.0	0.002561	0.0	0.0	0.0	0.0	0.048392	0.0	0.0	0.0	0.951608	0.0	0.0	0.0	0.0	
427	1252	5558.54101037	4592.778	4592.778	0.002271	0.0	823	0	0	0	425	0	0	0	0	0.0	0.0	0.0	0.0	0.031523	0.0	0.0	0.0	0.0	1.05735	0.0	0.0	0.0	5511.08	0.0	0.0	0.0	0.0	0.001285	0.0	0.0	0.0	12.9672	0.0	0.0	0.0	0.0	10	0	0	0	71	0	0	0	0	58	0	0	0	23	0	0	0	0	348	0	0	0	331	0	0	0	0	60	0	0	0	0	0	0	0	0	16	0	0	0	0	0	0	0	0	331	0	0	0	0	0	0	0	0	0.00013	0.0	0.0	0.0	0.002431	0.0	0.0	0.0	0.0	0.050845	0.0	0.0	0.0	0.949155	0.0	0.0	0.0	0.0	
428	1253	5564.93195275	4592.778	4592.778	0.002261	0.0	823	0	0	0	426	0	0	0	0	0.0	0.0	0.0	0.0	0.029862	0.0	0.0	0.0	0.0	1.05735	0.0	0.0	0.0	5517.47	0.0	0.0	0.0	0.0	0.001285	0.0	0.0	0.0	12.9518	0.0	0.0	0.0	0.0	10	0	0	0	71	0	0	0	0	58	0	0	0	23	0	0	0	0	348	0	0	0	332	0	0	0	0	60	0	0	0	0	0	0	0	0	16	0	0	0	0	0	0	0	0	331	0	0	0	0	0	0	0	0	0.00013	0.0	0.0	0.0	0.002306	0.0	0.0	0.0	0.0	0.053461	0.0	0.0	0.0	0.946539	0.0	0.0	0.0	0.0	
429	1254	5572.305601676	4592.778	4592.778	0.002233	0.0	823	0	0	0	427	0	0	0	0	0.0	0.0	0.0	0.0	0.028285	0.0	0.0	0.0	0.0	1.05735	0.0	0.0	0.0	5524.84	0.0	0.0	0.0	0.0	0.001285	0.0	0.0	0.0	12.9387	0.0	0.0	0.0	0.0	10	0	0	0	71	0	0	0	0	58	0	0	0	23	0	0	0	0	348	0	0	0	333	0	0	0	0	60	0	0	0	0	0	0	0	0	16	0	0	0	0	0	0	0	0	331	0	0	0	0	0	0	0	0	0.00013	0.0	0.0	0.0	0.002186	0.0	0.0	0.0	0.0	0.056221	0.0	0.0	0.0	0.943779	0.0	0.0	0.0	0.0	
430	1255	5579.994296807	4592.778	4592.778	0.002202	0.0	823	0	0	0	428	0	0	0	0	0.0	0.0	0.0	0.0	0.026786	0.0	0.0	0.0	0.0	1.05735	0.0	0.0	0.0	5532.53	0.0	0.0	0.0	0.0	0.001285	0.0	0.0	0.0	12.9265	0.0	0.0	0.0	0.0	10	0	0	0	71	0	0	0	0	58	0	0	0	23	0	0	0	0	348	0	0	0	334	0	0	0	0	60	0	0	0	0	0	0	0	0	16	0	0	0	0	0	0	0	0	331	0	0	0	0	0	0	0	0	0.00013	0.0	0.0	0.0	0.002072	0.0	0.0	0.0	0.0	0.059127	0.0	0.0	0.0	0.940873	0.0	0.0	0.0	0.0	
431	1256	5582.302383255	4592.778	4592.778	0.002169	0.0	823	0	0	0	429	0	0	0	0	0.0	0.0	0.0	0.0	0.025363	0.0	0.0	0.0	0.0	1.05735	0.0	0.0	0.0	5534.84	0.0	0.0	0.0	0.0	0.001285	0.0	0.0	0.0	12.9017	0.0	0.0	0.0	0.0	10	0	0	0	71	0	0	0	0	58	0	0	0	23	0	0	0	0	348	0	0	0	335	0	0	0	0	60	0	0	0	0	0	0	0	0	16	0	0	0	0	0	0	0	0	331	0	0	0	0	0	0	0	0	0.00013	0.0	0.0	0.0	0.001966	0.0	0.0	0.0	0.0	0.062127	0.0	0.0	0.0	0.937873	0.0	0.0	0.0	0.0	
432	1257	5591.089440144	4592.778	4592.778	0.00216	0.0	823	0	0	0	430	0	0	0	0	0.0	0.0	0.0	0.0	0.024011	0.0	0.0	0.0	0.0	1.05735	0.0	0.0	0.0	5543.63	0.0	0.0	0.0	0.0	0.001285	0.0	0.0	0.0	12.8922	0.0	0.0	0.0	0.0	10	0	0	0	71	0	0	0	0	58	0	0	0	23	0	0	0	0	348	0	0	0	336	0	0	0	0	60	0	0	0	0	0	0	0	0	16	0	0	0	0	0	0	0	0	331	0	0	0	0	0	0	0	0	0.00013	0.0	0.0	0.0	0.001862	0.0	0.0	0.0	0.0	0.065352	0.0	0.0	0.0	0.934648	0.0	0.0	0.0	0.0	
433	1258	5599.47254543	4592.778	4592.778	0.002124	0.0	823	0	0	0	431	0	0	0	0	0.0	0.0	0.0	0.0	0.022726	0.0	0.0	0.0	0.0	1.05735	0.0	0.0	0.0	5552.01	0.0	0.0	0.0	0.0	0.001285	0.0	0.0	0.0	12.8817	0.0	0.0	0.0	0.0	10	0	0	0	71	0	0	0	0	58	0	0	0	23	0	0	0	0	348	0	0	0	337	0	0	0	0	60	0	0	0	0	0	0	0	0	16	0	0	0	0	0	0	0	0	331	0	0	0	0	0	0	0	0	0.00013	0.0	0.0	0.0	0.001764	0.0	0.0	0.0	0.0	0.068739	0.0	0.0	0.0	0.931261	0.0	0.0	0.0	0.0	
434	1259	5607.777312307	4592.778	4592.778	0.00209	0.0	823	0	0	0	432	0	0	0	0	0.0	0.0	0.0	0.0	0.021506	0.0	0.0	0.0	0.0	1.05735	0.0	0.0	0.0	5560.31	0.0	0.0	0.0	0.0	0.001285	0.0	0.0	0.0	12.8711	0.0	0.0	0.0	0.0	10	0	0	0	71	0	0	0	0	58	0	0	0	23	0	0	0	0	348	0	0	0	338	0	0	0	0	60	0	0	0	0	0	0	0	0	16	0	0	0	0	0	0	0	0	331	0	0	0	0	0	0	0	0	0.00013	0.0	0.0	0.0	0.001671	0.0	0.0	0.0	0.0	0.072302	0.0	0.0	0.0	0.927698	0.0	0.0	0.0	0.0	
435	1260	5618.488741508	4592.778	4592.778	0.002056	0.0	823	0	0	0	433	0	0	0	0	0.0	0.0	0.0	0.0	0.020347	0.0	0.0	0.0	0.0	1.05735	0.0	0.0	0.0	5571.03	0.0	0.0	0.0	0.0	0.001285	0.0	0.0	0.0	12.8661	0.0	0.0	0.0	0.0	10	0	0	0	71	0	0	0	0	58	0	0	0	23	0	0	0	0	348	0	0	0	339	0	0	0	0	60	0	0	0	0	0	0	0	0	16	0	0	0	0	0	0	0	0	331	0	0	0	0	0	0	0	0	0.00013	0.0	0.0	0.0	0.001581	0.0	0.0	0.0	0.0	0.07608	0.0	0.0	0.0	0.92392	0.0	0.0	0.0	0.0	
436	1261	5632.119888602	4592.778	4592.778	0.002015	0.0	823	0	0	0	434	0	0	0	0	0.0	0.0	0.0	0.0	0.019246	0.0	0.0	0.0	0.0	1.05735	0.0	0.0	0.0	5584.66	0.0	0.0	0.0	0.0	0.001285	0.0	0.0	0.0	12.8679	0.0	0.0	0.0	0.0	10	0	0	0	71	0	0	0	0	58	0	0	0	23	0	0	0	0	348	0	0	0	340	0	0	0	0	60	0	0	0	0	0	0	0	0	16	0	0	0	0	0	0	0	0	331	0	0	0	0	0	0	0	0	0.00013	0.0	0.0	0.0	0.001496	0.0	0.0	0.0	0.0	0.080094	0.0	0.0	0.0	0.919906	0.0	0.0	0.0	0.0	
437	1262	5638.17877917	4592.778	4592.778	0.001962	0.0	823	0	0	0	435	0	0	0	0	0.0	0.0	0.0	0.0	0.0182	0.0	0.0	0.0	0.0	1.05735	0.0	0.0	0.0	5590.72	0.0	0.0	0.0	0.0	0.001285	0.0	0.0	0.0	12.8522	0.0	0.0	0.0	0.0	10	0	0	0	71	0	0	0	0	58	0	0	0	23	0	0	0	0	348	0	0	0	341	0	0	0	0	60	0	0	0	0	0	0	0	0	16	0	0	0	0	0	0	0	0	331	0	0	0	0	0	0	0	0	0.00013	0.0	0.0	0.0	0.001416	0.0	0.0	0.0	0.0	0.084216	0.0	0.0	0.0	0.915784	0.0	0.0	0.0	0.0	
438	1263	5644.758329575	4592.778	4592.778	0.00194	0.0	823	0	0	0	436	0	0	0	0	0.0	0.0	0.0	0.0	0.017206	0.0	0.0	0.0	0.0	1.05735	0.0	0.0	0.0	5597.3	0.0	0.0	0.0	0.0	0.001285	0.0	0.0	0.0	12.8378	0.0	0.0	0.0	0.0	10	0	0	0	71	0	0	0	0	58	0	0	0	23	0	0	0	0	348	0	0	0	342	0	0	0	0	60	0	0	0	0	0	0	0	0	16	0	0	0	0	0	0	0	0	331	0	0	0	0	0	0	0	0	0.00013	0.0	0.0	0.0	0.00134	0.0	0.0	0.0	0.0	0.088558	0.0	0.0	0.0	0.911442	0.0	0.0	0.0	0.0	
439	1264	5679.166562355	4592.778	4592.778	0.001915	0.0	823	0	0	0	437	0	0	0	0	0.0	0.0	0.0	0.0	0.016262	0.0	0.0	0.0	0.0	1.05735	0.0	0.0	0.0	5631.7	0.0	0.0	0.0	0.0	0.001285	0.0	0.0	0.0	12.8872	0.0	0.0	0.0	0.0	10	0	0	0	71	0	0	0	0	58	0	0	0	23	0	0	0	0	348	0	0	0	343	0	0	0	0	60	0	0	0	0	0	0	0	0	16	0	0	0	0	0	0	0	0	331	0	0	0	0	0	0	0	0	0.00013	0.0	0.0	0.0	0.001262	0.0	0.0	0.0	0.0	0.093544	0.0	0.0	0.0	0.906456	0.0	0.0	0.0	0.0	
440	1265	5688.280903212	4592.778	4592.778	0.001792	0.0	823	0	0	0	438	0	0	0	0	0.0	0.0	0.0	0.0	0.015365	0.0	0.0	0.0	0.0	1.05735	0.0	0.0	0.0	5640.82	0.0	0.0	0.0	0.0	0.001285	0.0	0.0	0.0	12.8786	0.0	0.0	0.0	0.0	10	0	0	0	71	0	0	0	0	58	0	0	0	23	0	0	0	0	348	0	0	0	344	0	0	0	0	60	0	0	0	0	0	0	0	0	16	0	0	0	0	0	0	0	0	331	0	0	0	0	0	0	0	0	0.00013	0.0	0.0	0.0	0.001193	0.0	0.0	0.0	0.0	0.098408	0.0	0.0	0.0	0.901592	0.0	0.0	0.0	0.0	
441	1266	5695.756085709	4592.778	4592.778	0.001761	0.0	823	0	0	0	439	0	0	0	0	0.0	0.0	0.0	0.0	0.014513	0.0	0.0	0.0	0.0	1.05735	0.0	0.0	0.0	5648.29	0.0	0.0	0.0	0.0	0.001285	0.0	0.0	0.0	12.8663	0.0	0.0	0.0	0.0	10	0	0	0	71	0	0	0	0	58	0	0	0	23	0	0	0	0	348	0	0	0	345	0	0	0	0	60	0	0	0	0	0	0	0	0	16	0	0	0	0	0	0	0	0	331	0	0	0	0	0	0	0	0	0.00013	0.0	0.0	0.0	0.001128	0.0	0.0	0.0	0.0	0.103498	0.0	0.0	0.0	0.896502	0.0	0.0	0.0	0.0	
442	1267	5700.376440041	4592.778	4592.778	0.001736	0.0	823	0	0	0	440	0	0	0	0	0.0	0.0	0.0	0.0	0.013704	0.0	0.0	0.0	0.0	1.05735	0.0	0.0	0.0	5652.91	0.0	0.0	0.0	0.0	0.001285	0.0	0.0	0.0	12.8475	0.0	0.0	0.0	0.0	10	0	0	0	71	0	0	0	0	58	0	0	0	23	0	0	0	0	348	0	0	0	346	0	0	0	0	60	0	0	0	0	0	0	0	0	16	0	0	0	0	0	0	0	0	331	0	0	0	0	0	0	0	0	0.00013	0.0	0.0	0.0	0.001067	0.0	0.0	0.0	0.0	0.108804	0.0	0.0	0.0	0.891196	0.0	0.0	0.0	0.0	
443	1268	5705.751321116	4592.778	4592.778	0.001721	0.0	823	0	0	0	441	0	0	0	0	0.0	0.0	0.0	0.0	0.012935	0.0	0.0	0.0	0.0	1.05735	0.0	0.0	0.0	5658.29	0.0	0.0	0.0	0.0	0.001285	0.0	0.0	0.0	12.8306	0.0	0.0	0.0	0.0	10	0	0	0	71	0	0	0	0	58	0	0	0	23	0	0	0	0	348	0	0	0	347	0	0	0	0	60	0	0	0	0	0	0	0	0	16	0	0	0	0	0	0	0	0	331	0	0	0	0	0	0	0	0	0.00013	0.0	0.0	0.0	0.001008	0.0	0.0	0.0	0.0	0.114397	0.0	0.0	0.0	0.885603	0.0	0.0	0.0	0.0	
444	1269	5712.593084155	4592.778	4592.778	0.001703	0.0	823	0	0	0	442	0	0	0	0	0.0	0.0	0.0	0.0	0.012204	0.0	0.0	0.0	0.0	1.05735	0.0	0.0	0.0	5665.13	0.0	0.0	0.0	0.0	0.001285	0.0	0.0	0.0	12.817	0.0	0.0	0.0	0.0	10	0	0	0	71	0	0	0	0	58	0	0	0	23	0	0	0	0	348	0	0	0	348	0	0	0	0	60	0	0	0	0	0	0	0	0	16	0	0	0	0	0	0	0	0	331	0	0	0	0	0	0	0	0	0.00013	0.0	0.0	0.0	0.000952	0.0	0.0	0.0	0.0	0.120306	0.0	0.0	0.0	0.879694	0.0	0.0	0.0	0.0	
445	1270	5731.246284042	4592.778	4592.778	0.001681	0.0	823	0	0	0	443	0	0	0	0	0.0	0.0	0.0	0.0	0.011511	0.0	0.0	0.0	0.0	1.05735	0.0	0.0	0.0	5683.78	0.0	0.0	0.0	0.0	0.001285	0.0	0.0	0.0	12.8302	0.0	0.0	0.0	0.0	10	0	0	0	71	0	0	0	0	58	0	0	0	23	0	0	0	0	348	0	0	0	349	0	0	0	0	60	0	0	0	0	0	0	0	0	16	0	0	0	0	0	0	0	0	331	0	0	0	0	0	0	0	0	0.00013	0.0	0.0	0.0	0.000897	0.0	0.0	0.0	0.0	0.126751	0.0	0.0	0.0	0.873249	0.0	0.0	0.0	0.0	
446	1271	5739.288795639	4592.778	4592.778	0.001622	0.0	823	0	0	0	444	0	0	0	0	0.0	0.0	0.0	0.0	0.010852	0.0	0.0	0.0	0.0	1.05735	0.0	0.0	0.0	5691.83	0.0	0.0	0.0	0.0	0.001285	0.0	0.0	0.0	12.8194	0.0	0.0	0.0	0.0	10	0	0	0	71	0	0	0	0	58	0	0	0	23	0	0	0	0	348	0	0	0	350	0	0	0	0	60	0	0	0	0	0	0	0	0	16	0	0	0	0	0	0	0	0	331	0	0	0	0	0	0	0	0	0.00013	0.0	0.0	0.0	0.000847	0.0	0.0	0.0	0.0	0.133325	0.0	0.0	0.0	0.866675	0.0	0.0	0.0	0.0	
447	1272	5746.28752749	4592.778	4592.778	0.001597	0.0	823	0	0	0	445	0	0	0	0	0.0	0.0	0.0	0.0	0.010226	0.0	0.0	0.0	0.0	1.05735	0.0	0.0	0.0	5698.82	0.0	0.0	0.0	0.0	0.001285	0.0	0.0	0.0	12.8063	0.0	0.0	0.0	0.0	10	0	0	0	71	0	0	0	0	58	0	0	0	23	0	0	0	0	348	0	0	0	351	0	0	0	0	60	0	0	0	0	0	0	0	0	16	0	0	0	0	0	0	0	0	331	0	0	0	0	0	0	0	0	0.00013	0.0	0.0	0.0	0.000798	0.0	0.0	0.0	0.0	0.140219	0.0	0.0	0.0	0.859781	0.0	0.0	0.0	0.0	
448	1273	5751.723142284	4592.778	4592.778	0.001575	0.0	823	0	0	0	446	0	0	0	0	0.0	0.0	0.0	0.0	0.009631	0.0	0.0	0.0	0.0	1.05735	0.0	0.0	0.0	5704.26	0.0	0.0	0.0	0.0	0.001285	0.0	0.0	0.0	12.7898	0.0	0.0	0.0	0.0	10	0	0	0	71	0	0	0	0	58	0	0	0	23	0	0	0	0	348	0	0	0	352	0	0	0	0	60	0	0	0	0	0	0	0	0	16	0	0	0	0	0	0	0	0	331	0	0	0	0	0	0	0	0	0.00013	0.0	0.0	0.0	0.000753	0.0	0.0	0.0	0.0	0.147437	0.0	0.0	0.0	0.852563	0.0	0.0	0.0	0.0	
449	1274	5761.132508214	4592.778	4592.778	0.001559	0.0	823	0	0	0	447	0	0	0	0	0.0	0.0	0.0	0.0	0.009066	0.0	0.0	0.0	0.0	1.05735	0.0	0.0	0.0	5713.67	0.0	0.0	0.0	0.0	0.001285	0.0	0.0	0.0	12.7823	0.0	0.0	0.0	0.0	10	0	0	0	71	0	0	0	0	58	0	0	0	23	0	0	0	0	348	0	0	0	353	0	0	0	0	60	0	0	0	0	0	0	0	0	16	0	0	0	0	0	0	0	0	331	0	0	0	0	0	0	0	0	0.00013	0.0	0.0	0.0	0.000709	0.0	0.0	0.0	0.0	0.155119	0.0	0.0	0.0	0.844881	0.0	0.0	0.0	0.0	
450	1275	5763.387242819	4592.778	4592.778	0.001531	0.0	823	0	0	0	448	0	0	0	0	0.0	0.0	0.0	0.0	0.00853	0.0	0.0	0.0	0.0	1.05735	0.0	0.0	0.0	5715.92	0.0	0.0	0.0	0.0	0.001285	0.0	0.0	0.0	12.7588	0.0	0.0	0.0	0.0	10	0	0	0	71	0	0	0	0	58	0	0	0	23	0	0	0	0	348	0	0	0	354	0	0	0	0	60	0	0	0	0	0	0	0	0	16	0	0	0	0	0	0	0	0	331	0	0	0	0	0	0	0	0	0.00013	0.0	0.0	0.0	0.000669	0.0	0.0	0.0	0.0	0.163032	0.0	0.0	0.0	0.836968	0.0	0.0	0.0	0.0	
451	1276	5769.283005029	4592.778	4592.778	0.001524	0.0	823	0	0	0	449	0	0	0	0	0.0	0.0	0.0	0.0	0.00802	0.0	0.0	0.0	0.0	1.05735	0.0	0.0	0.0	5721.82	0.0	0.0	0.0	0.0	0.001285	0.0	0.0	0.0	12.7435	0.0	0.0	0.0	0.0	10	0	0	0	71	0	0	0	0	58	0	0	0	23	0	0	0	0	348	0	0	0	355	0	0	0	0	60	0	0	0	0	0	0	0	0	16	0	0	0	0	0	0	0	0	331	0	0	0	0	0	0	0	0	0.00013	0.0	0.0	0.0	0.000629	0.0	0.0	0.0	0.0	0.171442	0.0	0.0	0.0	0.828558	0.0	0.0	0.0	0.0	
452	1277	5783.742364267	4592.778	4592.778	0.001507	0.0	823	0	0	0	450	0	0	0	0	0.0	0.0	0.0	0.0	0.007536	0.0	0.0	0.0	0.0	1.05735	0.0	0.0	0.0	5736.28	0.0	0.0	0.0	0.0	0.001285	0.0	0.0	0.0	12.7473	0.0	0.0	0.0	0.0	10	0	0	0	71	0	0	0	0	58	0	0	0	23	0	0	0	0	348	0	0	0	356	0	0	0	0	60	0	0	0	0	0	0	0	0	16	0	0	0	0	0	0	0	0	331	0	0	0	0	0	0	0	0	0.00013	0.0	0.0	0.0	0.000591	0.0	0.0	0.0	0.0	0.18051	0.0	0.0	0.0	0.81949	0.0	0.0	0.0	0.0	
453	1278	5793.137157593	4592.778	4592.778	0.001466	0.0	823	0	0	0	451	0	0	0	0	0.0	0.0	0.0	0.0	0.007076	0.0	0.0	0.0	0.0	1.05735	0.0	0.0	0.0	5745.67	0.0	0.0	0.0	0.0	0.001285	0.0	0.0	0.0	12.7399	0.0	0.0	0.0	0.0	10	0	0	0	71	0	0	0	0	58	0	0	0	23	0	0	0	0	348	0	0	0	357	0	0	0	0	60	0	0	0	0	0	0	0	0	16	0	0	0	0	0	0	0	0	331	0	0	0	0	0	0	0	0	0.00013	0.0	0.0	0.0	0.000555	0.0	0.0	0.0	0.0	0.18992	0.0	0.0	0.0	0.81008	0.0	0.0	0.0	0.0	
454	1279	5810.133528475	4592.778	4592.778	0.001439	0.0	823	0	0	0	452	0	0	0	0	0.0	0.0	0.0	0.0	0.00664	0.0	0.0	0.0	0.0	1.05735	0.0	0.0	0.0	5762.67	0.0	0.0	0.0	0.0	0.001285	0.0	0.0	0.0	12.7493	0.0	0.0	0.0	0.0	10	0	0	0	71	0	0	0	0	58	0	0	0	23	0	0	0	0	348	0	0	0	358	0	0	0	0	60	0	0	0	0	0	0	0	0	16	0	0	0	0	0	0	0	0	331	0	0	0	0	0	0	0	0	0.00013	0.0	0.0	0.0	0.000521	0.0	0.0	0.0	0.0	0.200034	0.0	0.0	0.0	0.799966	0.0	0.0	0.0	0.0	
455	1281	5817.092233818	4592.778	4592.778	0.001393	0.0	824	0	0	0	453	0	0	0	0	0.0	0.0	0.0	0.0	0.006233	0.0	0.0	0.0	0.0	1.05758	0.0	0.0	0.0	5769.63	0.0	0.0	0.0	0.0	0.001283	0.0	0.0	0.0	12.7365	0.0	0.0	0.0	0.0	10	0	0	0	71	0	0	0	0	58	0	0	0	23	0	0	0	0	348	0	0	0	359	0	0	0	0	60	0	0	0	0	0	0	0	0	16	0	0	0	0	0	0	0	0	332	0	0	0	0	0	0	0	0	0.000117	0.0	0.0	0.0	0.000489	0.0	0.0	0.0	0.0	0.193375	0.0	0.0	0.0	0.806625	0.0	0.0	0.0	0.0	
456	1282	5819.337818544	4592.778	4592.778	0.001375	0.0	824	0	0	0	454	0	0	0	0	0.0	0.0	0.0	0.0	0.005846	0.0	0.0	0.0	0.0	1.05758	0.0	0.0	0.0	5771.87	0.0	0.0	0.0	0.0	0.001283	0.0	0.0	0.0	12.7134	0.0	0.0	0.0	0.0	10	0	0	0	71	0	0	0	0	58	0	0	0	23	0	0	0	0	348	0	0	0	360	0	0	0	0	60	0	0	0	0	0	0	0	0	16	0	0	0	0	0	0	0	0	332	0	0	0	0	0	0	0	0	0.000117	0.0	0.0	0.0	0.00046	0.0	0.0	0.0	0.0	0.203258	0.0	0.0	0.0	0.796742	0.0	0.0	0.0	0.0	
457	1283	5828.020144137	4592.778	4592.778	0.001369	0.0	824	0	0	0	455	0	0	0	0	0.0	0.0	0.0	0.0	0.00548	0.0	0.0	0.0	0.0	1.05758	0.0	0.0	0.0	5780.56	0.0	0.0	0.0	0.0	0.001283	0.0	0.0	0.0	12.7045	0.0	0.0	0.0	0.0	10	0	0	0	71	0	0	0	0	58	0	0	0	23	0	0	0	0	348	0	0	0	361	0	0	0	0	60	0	0	0	0	0	0	0	0	16	0	0	0	0	0	0	0	0	332	0	0	0	0	0	0	0	0	0.000117	0.0	0.0	0.0	0.000431	0.0	0.0	0.0	0.0	0.213839	0.0	0.0	0.0	0.786161	0.0	0.0	0.0	0.0	
458	1285	5838.410469322	4592.778	4592.778	0.001346	0.0	825	0	0	0	456	0	0	0	0	0.0	0.0	0.0	0.0	0.005138	0.0	0.0	0.0	0.0	1.05779	0.0	0.0	0.0	5790.95	0.0	0.0	0.0	0.0	0.001282	0.0	0.0	0.0	12.6994	0.0	0.0	0.0	0.0	10	0	0	0	71	0	0	0	0	58	0	0	0	23	0	0	0	0	348	0	0	0	362	0	0	0	0	60	0	0	0	0	0	0	0	0	16	0	0	0	0	0	0	0	0	333	0	0	0	0	0	0	0	0	0.000106	0.0	0.0	0.0	0.000405	0.0	0.0	0.0	0.0	0.207115	0.0	0.0	0.0	0.792885	0.0	0.0	0.0	0.0	
459	1286	5845.212869128	4592.778	4592.778	0.001319	0.0	825	0	0	0	457	0	0	0	0	0.0	0.0	0.0	0.0	0.004814	0.0	0.0	0.0	0.0	1.05779	0.0	0.0	0.0	5797.75	0.0	0.0	0.0	0.0	0.001282	0.0	0.0	0.0	12.6865	0.0	0.0	0.0	0.0	10	0	0	0	71	0	0	0	0	58	0	0	0	23	0	0	0	0	348	0	0	0	363	0	0	0	0	60	0	0	0	0	0	0	0	0	16	0	0	0	0	0	0	0	0	333	0	0	0	0	0	0	0	0	0.000106	0.0	0.0	0.0	0.000379	0.0	0.0	0.0	0.0	0.217842	0.0	0.0	0.0	0.782158	0.0	0.0	0.0	0.0	
460	1287	5857.667425995	4592.778	4592.778	0.001302	0.0	825	0	0	0	458	0	0	0	0	0.0	0.0	0.0	0.0	0.004507	0.0	0.0	0.0	0.0	1.05779	0.0	0.0	0.0	5810.2	0.0	0.0	0.0	0.0	0.001282	0.0	0.0	0.0	12.686	0.0	0.0	0.0	0.0	10	0	0	0	71	0	0	0	0	58	0	0	0	23	0	0	0	0	348	0	0	0	364	0	0	0	0	60	0	0	0	0	0	0	0	0	16	0	0	0	0	0	0	0	0	333	0	0	0	0	0	0	0	0	0.000106	0.0	0.0	0.0	0.000355	0.0	0.0	0.0	0.0	0.229301	0.0	0.0	0.0	0.770699	0.0	0.0	0.0	0.0	
461	1288	5876.278713348	4592.778	4592.778	0.001271	0.0	825	0	0	0	459	0	0	0	0	0.0	0.0	0.0	0.0	0.004214	0.0	0.0	0.0	0.0	1.05779	0.0	0.0	0.0	5828.82	0.0	0.0	0.0	0.0	0.001282	0.0	0.0	0.0	12.6989	0.0	0.0	0.0	0.0	10	0	0	0	71	0	0	0	0	58	0	0	0	23	0	0	0	0	348	0	0	0	365	0	0	0	0	60	0	0	0	0	0	0	0	0	16	0	0	0	0	0	0	0	0	333	0	0	0	0	0	0	0	0	0.000106	0.0	0.0	0.0	0.000332	0.0	0.0	0.0	0.0	0.241555	0.0	0.0	0.0	0.758445	0.0	0.0	0.0	0.0	
462	1289	5887.556475425	4592.778	4592.778	0.001227	0.0	825	0	0	0	460	0	0	0	0	0.0	0.0	0.0	0.0	0.003936	0.0	0.0	0.0	0.0	1.05779	0.0	0.0	0.0	5840.09	0.0	0.0	0.0	0.0	0.001282	0.0	0.0	0.0	12.6959	0.0	0.0	0.0	0.0	10	0	0	0	71	0	0	0	0	58	0	0	0	23	0	0	0	0	348	0	0	0	366	0	0	0	0	60	0	0	0	0	0	0	0	0	16	0	0	0	0	0	0	0	0	333	0	0	0	0	0	0	0	0	0.000106	0.0	0.0	0.0	0.00031	0.0	0.0	0.0	0.0	0.254223	0.0	0.0	0.0	0.745777	0.0	0.0	0.0	0.0	
463	1290	5889.772750619	4592.778	4592.778	0.0012	0.0	825	0	0	0	461	0	0	0	0	0.0	0.0	0.0	0.0	0.003673	0.0	0.0	0.0	0.0	1.05779	0.0	0.0	0.0	5842.31	0.0	0.0	0.0	0.0	0.001282	0.0	0.0	0.0	12.6731	0.0	0.0	0.0	0.0	10	0	0	0	71	0	0	0	0	58	0	0	0	23	0	0	0	0	348	0	0	0	367	0	0	0	0	60	0	0	0	0	0	0	0	0	16	0	0	0	0	0	0	0	0	333	0	0	0	0	0	0	0	0	0.000106	0.0	0.0	0.0	0.00029	0.0	0.0	0.0	0.0	0.267252	0.0	0.0	0.0	0.732748	0.0	0.0	0.0	0.0	
464	1291	5892.018112231	4592.778	4592.778	0.001195	0.0	825	0	0	0	462	0	0	0	0	0.0	0.0	0.0	0.0	0.003422	0.0	0.0	0.0	0.0	1.05779	0.0	0.0	0.0	5844.55	0.0	0.0	0.0	0.0	0.001282	0.0	0.0	0.0	12.6506	0.0	0.0	0.0	0.0	10	0	0	0	71	0	0	0	0	58	0	0	0	23	0	0	0	0	348	0	0	0	368	0	0	0	0	60	0	0	0	0	0	0	0	0	16	0	0	0	0	0	0	0	0	333	0	0	0	0	0	0	0	0	0.000106	0.0	0.0	0.0	0.00027	0.0	0.0	0.0	0.0	0.280957	0.0	0.0	0.0	0.719043	0.0	0.0	0.0	0.0	
465	1292	5895.353165595	4592.778	4592.778	0.00119	0.0	825	0	0	0	463	0	0	0	0	0.0	0.0	0.0	0.0	0.003184	0.0	0.0	0.0	0.0	1.05779	0.0	0.0	0.0	5847.89	0.0	0.0	0.0	0.0	0.001282	0.0	0.0	0.0	12.6304	0.0	0.0	0.0	0.0	10	0	0	0	71	0	0	0	0	58	0	0	0	23	0	0	0	0	348	0	0	0	369	0	0	0	0	60	0	0	0	0	0	0	0	0	16	0	0	0	0	0	0	0	0	333	0	0	0	0	0	0	0	0	0.000106	0.0	0.0	0.0	0.000252	0.0	0.0	0.0	0.0	0.295413	0.0	0.0	0.0	0.704587	0.0	0.0	0.0	0.0	
466	1293	5910.462996964	4592.778	4592.778	0.001182	0.0	825	0	0	0	464	0	0	0	0	0.0	0.0	0.0	0.0	0.002958	0.0	0.0	0.0	0.0	1.05779	0.0	0.0	0.0	5863.0	0.0	0.0	0.0	0.0	0.001282	0.0	0.0	0.0	12.6358	0.0	0.0	0.0	0.0	10	0	0	0	71	0	0	0	0	58	0	0	0	23	0	0	0	0	348	0	0	0	370	0	0	0	0	60	0	0	0	0	0	0	0	0	16	0	0	0	0	0	0	0	0	333	0	0	0	0	0	0	0	0	0.000106	0.0	0.0	0.0	0.000234	0.0	0.0	0.0	0.0	0.311051	0.0	0.0	0.0	0.688949	0.0	0.0	0.0	0.0	
467	1296	5912.698201357	4592.778	4592.778	0.001149	0.0	827	0	0	0	465	0	0	0	0	0.0	0.0	0.0	0.0	0.002756	0.0	0.0	0.0	0.0	1.05841	0.0	0.0	0.0	5865.23	0.0	0.0	0.0	0.0	0.00128	0.0	0.0	0.0	12.6134	0.0	0.0	0.0	0.0	10	0	0	0	71	0	0	0	0	58	0	0	0	23	0	0	0	0	348	0	0	0	371	0	0	0	0	61	0	0	0	0	0	0	0	0	16	0	0	0	0	0	0	0	0	334	0	0	0	0	0	0	0	0	8.6e-5	0.0	0.0	0.0	0.000218	0.0	0.0	0.0	0.0	0.281892	0.0	0.0	0.0	0.718108	0.0	0.0	0.0	0.0	
468	1297	5924.594084395	4592.778	4592.778	0.001144	0.0	827	0	0	0	466	0	0	0	0	0.0	0.0	0.0	0.0	0.002564	0.0	0.0	0.0	0.0	1.05841	0.0	0.0	0.0	5877.13	0.0	0.0	0.0	0.0	0.00128	0.0	0.0	0.0	12.6119	0.0	0.0	0.0	0.0	10	0	0	0	71	0	0	0	0	58	0	0	0	23	0	0	0	0	348	0	0	0	372	0	0	0	0	61	0	0	0	0	0	0	0	0	16	0	0	0	0	0	0	0	0	334	0	0	0	0	0	0	0	0	8.6e-5	0.0	0.0	0.0	0.000203	0.0	0.0	0.0	0.0	0.296702	0.0	0.0	0.0	0.703298	0.0	0.0	0.0	0.0	
469	1298	5937.620895394	4592.778	4592.778	0.001118	0.0	827	0	0	0	467	0	0	0	0	0.0	0.0	0.0	0.0	0.002382	0.0	0.0	0.0	0.0	1.05841	0.0	0.0	0.0	5890.16	0.0	0.0	0.0	0.0	0.00128	0.0	0.0	0.0	12.6128	0.0	0.0	0.0	0.0	10	0	0	0	71	0	0	0	0	58	0	0	0	23	0	0	0	0	348	0	0	0	373	0	0	0	0	61	0	0	0	0	0	0	0	0	16	0	0	0	0	0	0	0	0	334	0	0	0	0	0	0	0	0	8.6e-5	0.0	0.0	0.0	0.000189	0.0	0.0	0.0	0.0	0.312333	0.0	0.0	0.0	0.687667	0.0	0.0	0.0	0.0	
470	1299	5949.123247798	4592.778	4592.778	0.00109	0.0	827	0	0	0	468	0	0	0	0	0.0	0.0	0.0	0.0	0.002209	0.0	0.0	0.0	0.0	1.05841	0.0	0.0	0.0	5901.66	0.0	0.0	0.0	0.0	0.00128	0.0	0.0	0.0	12.6104	0.0	0.0	0.0	0.0	10	0	0	0	71	0	0	0	0	58	0	0	0	23	0	0	0	0	348	0	0	0	374	0	0	0	0	61	0	0	0	0	0	0	0	0	16	0	0	0	0	0	0	0	0	334	0	0	0	0	0	0	0	0	8.6e-5	0.0	0.0	0.0	0.000175	0.0	0.0	0.0	0.0	0.328731	0.0	0.0	0.0	0.671269	0.0	0.0	0.0	0.0	
471	1300	5960.442811548	4592.778	4592.778	0.001066	0.0	827	0	0	0	469	0	0	0	0	0.0	0.0	0.0	0.0	0.002044	0.0	0.0	0.0	0.0	1.05841	0.0	0.0	0.0	5912.98	0.0	0.0	0.0	0.0	0.00128	0.0	0.0	0.0	12.6076	0.0	0.0	0.0	0.0	10	0	0	0	71	0	0	0	0	58	0	0	0	23	0	0	0	0	348	0	0	0	375	0	0	0	0	61	0	0	0	0	0	0	0	0	16	0	0	0	0	0	0	0	0	334	0	0	0	0	0	0	0	0	8.6e-5	0.0	0.0	0.0	0.000162	0.0	0.0	0.0	0.0	0.345983	0.0	0.0	0.0	0.654017	0.0	0.0	0.0	0.0	
472	1301	5970.4609792	4592.778	4592.778	0.001043	0.0	827	0	0	0	470	0	0	0	0	0.0	0.0	0.0	0.0	0.001888	0.0	0.0	0.0	0.0	1.05841	0.0	0.0	0.0	5923.0	0.0	0.0	0.0	0.0	0.00128	0.0	0.0	0.0	12.6021	0.0	0.0	0.0	0.0	10	0	0	0	71	0	0	0	0	58	0	0	0	23	0	0	0	0	348	0	0	0	376	0	0	0	0	61	0	0	0	0	0	0	0	0	16	0	0	0	0	0	0	0	0	334	0	0	0	0	0	0	0	0	8.6e-5	0.0	0.0	0.0	0.00015	0.0	0.0	0.0	0.0	0.364091	0.0	0.0	0.0	0.635909	0.0	0.0	0.0	0.0	
473	1303	5972.713810847	4592.778	4592.778	0.001023	0.0	828	0	0	0	471	0	0	0	0	0.0	0.0	0.0	0.0	0.001745	0.0	0.0	0.0	0.0	1.05868	0.0	0.0	0.0	5925.25	0.0	0.0	0.0	0.0	0.001279	0.0	0.0	0.0	12.5801	0.0	0.0	0.0	0.0	10	0	0	0	71	0	0	0	0	58	0	0	0	23	0	0	0	0	348	0	0	0	377	0	0	0	0	61	0	0	0	0	0	0	0	0	16	0	0	0	0	0	0	0	0	335	0	0	0	0	0	0	0	0	7.7e-5	0.0	0.0	0.0	0.000139	0.0	0.0	0.0	0.0	0.357784	0.0	0.0	0.0	0.642216	0.0	0.0	0.0	0.0	
474	1304	5981.716465728	4592.778	4592.778	0.001019	0.0	828	0	0	0	472	0	0	0	0	0.0	0.0	0.0	0.0	0.001609	0.0	0.0	0.0	0.0	1.05868	0.0	0.0	0.0	5934.25	0.0	0.0	0.0	0.0	0.001279	0.0	0.0	0.0	12.5726	0.0	0.0	0.0	0.0	10	0	0	0	71	0	0	0	0	58	0	0	0	23	0	0	0	0	348	0	0	0	378	0	0	0	0	61	0	0	0	0	0	0	0	0	16	0	0	0	0	0	0	0	0	335	0	0	0	0	0	0	0	0	7.7e-5	0.0	0.0	0.0	0.000128	0.0	0.0	0.0	0.0	0.376473	0.0	0.0	0.0	0.623527	0.0	0.0	0.0	0.0	
475	1305	5986.163691652	4592.778	4592.778	0.001001	0.0	828	0	0	0	473	0	0	0	0	0.0	0.0	0.0	0.0	0.00148	0.0	0.0	0.0	0.0	1.05868	0.0	0.0	0.0	5938.7	0.0	0.0	0.0	0.0	0.001279	0.0	0.0	0.0	12.5554	0.0	0.0	0.0	0.0	10	0	0	0	71	0	0	0	0	58	0	0	0	23	0	0	0	0	348	0	0	0	379	0	0	0	0	61	0	0	0	0	0	0	0	0	16	0	0	0	0	0	0	0	0	335	0	0	0	0	0	0	0	0	7.7e-5	0.0	0.0	0.0	0.000118	0.0	0.0	0.0	0.0	0.395961	0.0	0.0	0.0	0.604039	0.0	0.0	0.0	0.0	
476	1306	6001.071831726	4592.778	4592.778	0.000993	0.0	828	0	0	0	474	0	0	0	0	0.0	0.0	0.0	0.0	0.001357	0.0	0.0	0.0	0.0	1.05868	0.0	0.0	0.0	5953.61	0.0	0.0	0.0	0.0	0.001279	0.0	0.0	0.0	12.5604	0.0	0.0	0.0	0.0	10	0	0	0	71	0	0	0	0	58	0	0	0	23	0	0	0	0	348	0	0	0	380	0	0	0	0	61	0	0	0	0	0	0	0	0	16	0	0	0	0	0	0	0	0	335	0	0	0	0	0	0	0	0	7.7e-5	0.0	0.0	0.0	0.000108	0.0	0.0	0.0	0.0	0.416897	0.0	0.0	0.0	0.583103	0.0	0.0	0.0	0.0	
477	1308	6181.265955553	4592.778	4592.778	0.000965	0.0	829	0	0	0	475	0	0	0	0	0.0	0.0	0.0	0.0	0.001246	0.0	0.0	0.0	0.0	1.05893	0.0	0.0	0.0	6133.8	0.0	0.0	0.0	0.0	0.001277	0.0	0.0	0.0	12.9133	0.0	0.0	0.0	0.0	10	0	0	0	71	0	0	0	0	58	0	0	0	23	0	0	0	0	348	0	0	0	381	0	0	0	0	61	0	0	0	0	0	0	0	0	16	0	0	0	0	0	0	0	0	336	0	0	0	0	0	0	0	0	7.0e-5	0.0	0.0	0.0	9.6e-5	0.0	0.0	0.0	0.0	0.419111	0.0	0.0	0.0	0.580889	0.0	0.0	0.0	0.0	
478	1309	6183.582165904	4592.778	4592.778	0.000682	0.0	829	0	0	0	476	0	0	0	0	0.0	0.0	0.0	0.0	0.001139	0.0	0.0	0.0	0.0	1.05893	0.0	0.0	0.0	6136.12	0.0	0.0	0.0	0.0	0.001277	0.0	0.0	0.0	12.891	0.0	0.0	0.0	0.0	10	0	0	0	71	0	0	0	0	58	0	0	0	23	0	0	0	0	348	0	0	0	382	0	0	0	0	61	0	0	0	0	0	0	0	0	16	0	0	0	0	0	0	0	0	336	0	0	0	0	0	0	0	0	7.0e-5	0.0	0.0	0.0	8.8e-5	0.0	0.0	0.0	0.0	0.440744	0.0	0.0	0.0	0.559256	0.0	0.0	0.0	0.0	
479	1315	6187.325320854	4592.778	4592.778	0.000679	0.0	834	0	0	0	477	0	0	0	0	0.0	0.0	0.0	0.0	0.001055	0.0	0.0	0.0	0.0	1.06039	0.0	0.0	0.0	6139.86	0.0	0.0	0.0	0.0	0.001271	0.0	0.0	0.0	12.8718	0.0	0.0	0.0	0.0	10	0	0	0	71	0	0	0	0	58	0	0	0	23	0	0	0	0	348	0	0	0	383	0	0	0	0	63	0	0	0	0	0	0	0	0	16	0	0	0	0	0	0	0	0	339	0	0	0	0	0	0	0	0	4.1e-5	0.0	0.0	0.0	8.2e-5	0.0	0.0	0.0	0.0	0.335013	0.0	0.0	0.0	0.664987	0.0	0.0	0.0	0.0	
480	1316	6194.489060742	4592.778	4592.778	0.000674	0.0	834	0	0	0	478	0	0	0	0	0.0	0.0	0.0	0.0	0.000976	0.0	0.0	0.0	0.0	1.06039	0.0	0.0	0.0	6147.02	0.0	0.0	0.0	0.0	0.001271	0.0	0.0	0.0	12.8599	0.0	0.0	0.0	0.0	10	0	0	0	71	0	0	0	0	58	0	0	0	23	0	0	0	0	348	0	0	0	384	0	0	0	0	63	0	0	0	0	0	0	0	0	16	0	0	0	0	0	0	0	0	339	0	0	0	0	0	0	0	0	4.1e-5	0.0	0.0	0.0	7.6e-5	0.0	0.0	0.0	0.0	0.352433	0.0	0.0	0.0	0.647567	0.0	0.0	0.0	0.0	
481	1317	6199.433434705	4592.778	4592.778	0.000665	0.0	834	0	0	0	479	0	0	0	0	0.0	0.0	0.0	0.0	0.0009	0.0	0.0	0.0	0.0	1.06039	0.0	0.0	0.0	6151.97	0.0	0.0	0.0	0.0	0.001271	0.0	0.0	0.0	12.8434	0.0	0.0	0.0	0.0	10	0	0	0	71	0	0	0	0	58	0	0	0	23	0	0	0	0	348	0	0	0	385	0	0	0	0	63	0	0	0	0	0	0	0	0	16	0	0	0	0	0	0	0	0	339	0	0	0	0	0	0	0	0	4.1e-5	0.0	0.0	0.0	7.0e-5	0.0	0.0	0.0	0.0	0.370682	0.0	0.0	0.0	0.629318	0.0	0.0	0.0	0.0	
482	1318	6212.078385245	4592.778	4592.778	0.000659	0.0	834	0	0	0	480	0	0	0	0	0.0	0.0	0.0	0.0	0.000829	0.0	0.0	0.0	0.0	1.06039	0.0	0.0	0.0	6164.61	0.0	0.0	0.0	0.0	0.001271	0.0	0.0	0.0	12.8429	0.0	0.0	0.0	0.0	10	0	0	0	71	0	0	0	0	58	0	0	0	23	0	0	0	0	348	0	0	0	386	0	0	0	0	63	0	0	0	0	0	0	0	0	16	0	0	0	0	0	0	0	0	339	0	0	0	0	0	0	0	0	4.1e-5	0.0	0.0	0.0	6.5e-5	0.0	0.0	0.0	0.0	0.390184	0.0	0.0	0.0	0.609816	0.0	0.0	0.0	0.0	
483	1319	6224.206635617	4592.778	4592.778	0.000643	0.0	834	0	0	0	481	0	0	0	0	0.0	0.0	0.0	0.0	0.000761	0.0	0.0	0.0	0.0	1.06039	0.0	0.0	0.0	6176.74	0.0	0.0	0.0	0.0	0.001271	0.0	0.0	0.0	12.8415	0.0	0.0	0.0	0.0	10	0	0	0	71	0	0	0	0	58	0	0	0	23	0	0	0	0	348	0	0	0	387	0	0	0	0	63	0	0	0	0	0	0	0	0	16	0	0	0	0	0	0	0	0	339	0	0	0	0	0	0	0	0	4.1e-5	0.0	0.0	0.0	5.9e-5	0.0	0.0	0.0	0.0	0.410691	0.0	0.0	0.0	0.589309	0.0	0.0	0.0	0.0	
484	1320	6233.724881209	4592.778	4592.778	0.000628	0.0	834	0	0	0	482	0	0	0	0	0.0	0.0	0.0	0.0	0.000696	0.0	0.0	0.0	0.0	1.06039	0.0	0.0	0.0	6186.26	0.0	0.0	0.0	0.0	0.001271	0.0	0.0	0.0	12.8346	0.0	0.0	0.0	0.0	10	0	0	0	71	0	0	0	0	58	0	0	0	23	0	0	0	0	348	0	0	0	388	0	0	0	0	63	0	0	0	0	0	0	0	0	16	0	0	0	0	0	0	0	0	339	0	0	0	0	0	0	0	0	4.1e-5	0.0	0.0	0.0	5.4e-5	0.0	0.0	0.0	0.0	0.432175	0.0	0.0	0.0	0.567825	0.0	0.0	0.0	0.0	
485	1321	6281.920736595	4592.778	4592.778	0.000617	0.0	834	0	0	0	483	0	0	0	0	0.0	0.0	0.0	0.0	0.000635	0.0	0.0	0.0	0.0	1.06039	0.0	0.0	0.0	6234.45	0.0	0.0	0.0	0.0	0.001271	0.0	0.0	0.0	12.9078	0.0	0.0	0.0	0.0	10	0	0	0	71	0	0	0	0	58	0	0	0	23	0	0	0	0	348	0	0	0	389	0	0	0	0	63	0	0	0	0	0	0	0	0	16	0	0	0	0	0	0	0	0	339	0	0	0	0	0	0	0	0	4.1e-5	0.0	0.0	0.0	4.9e-5	0.0	0.0	0.0	0.0	0.456331	0.0	0.0	0.0	0.543669	0.0	0.0	0.0	0.0	
486	1325	6286.478103567	4592.778	4592.778	0.000562	0.0	837	0	0	0	484	0	0	0	0	0.0	0.0	0.0	0.0	0.000583	0.0	0.0	0.0	0.0	1.06132	0.0	0.0	0.0	6239.01	0.0	0.0	0.0	0.0	0.001268	0.0	0.0	0.0	12.8905	0.0	0.0	0.0	0.0	10	0	0	0	71	0	0	0	0	58	0	0	0	23	0	0	0	0	349	0	0	0	390	0	0	0	0	64	0	0	0	0	0	0	0	0	16	0	0	0	0	0	0	0	0	340	0	0	0	0	0	0	0	0	3.1e-5	0.0	0.0	0.0	4.5e-5	0.0	0.0	0.0	0.0	0.40515	0.0	0.0	0.0	0.59485	0.0	0.0	0.0	0.0	
487	1326	6293.116710107	4592.778	4592.778	0.000557	0.0	837	0	0	0	485	0	0	0	0	0.0	0.0	0.0	0.0	0.000534	0.0	0.0	0.0	0.0	1.06132	0.0	0.0	0.0	6245.65	0.0	0.0	0.0	0.0	0.001268	0.0	0.0	0.0	12.8776	0.0	0.0	0.0	0.0	10	0	0	0	71	0	0	0	0	58	0	0	0	23	0	0	0	0	349	0	0	0	391	0	0	0	0	64	0	0	0	0	0	0	0	0	16	0	0	0	0	0	0	0	0	340	0	0	0	0	0	0	0	0	3.1e-5	0.0	0.0	0.0	4.1e-5	0.0	0.0	0.0	0.0	0.426228	0.0	0.0	0.0	0.573772	0.0	0.0	0.0	0.0	
488	1327	6296.200834442	4592.778	4592.778	0.00055	0.0	837	0	0	0	486	0	0	0	0	0.0	0.0	0.0	0.0	0.000488	0.0	0.0	0.0	0.0	1.06132	0.0	0.0	0.0	6248.73	0.0	0.0	0.0	0.0	0.001268	0.0	0.0	0.0	12.8575	0.0	0.0	0.0	0.0	10	0	0	0	71	0	0	0	0	58	0	0	0	23	0	0	0	0	349	0	0	0	392	0	0	0	0	64	0	0	0	0	0	0	0	0	16	0	0	0	0	0	0	0	0	340	0	0	0	0	0	0	0	0	3.1e-5	0.0	0.0	0.0	3.8e-5	0.0	0.0	0.0	0.0	0.448273	0.0	0.0	0.0	0.551727	0.0	0.0	0.0	0.0	
489	1331	6303.231871453	4592.778	4592.778	0.000547	0.0	840	0	0	0	487	0	0	0	0	0.0	0.0	0.0	0.0	0.000449	0.0	0.0	0.0	0.0	1.06188	0.0	0.0	0.0	6255.76	0.0	0.0	0.0	0.0	0.001264	0.0	0.0	0.0	12.8455	0.0	0.0	0.0	0.0	10	0	0	0	71	0	0	0	0	58	0	0	0	23	0	0	0	0	349	0	0	0	393	0	0	0	0	64	0	0	0	0	0	0	0	0	16	0	0	0	0	0	0	0	0	343	0	0	0	0	0	0	0	0	2.3e-5	0.0	0.0	0.0	3.5e-5	0.0	0.0	0.0	0.0	0.392086	0.0	0.0	0.0	0.607914	0.0	0.0	0.0	0.0	
490	1332	6314.370043541	4592.778	4592.778	0.000539	0.0	840	0	0	0	488	0	0	0	0	0.0	0.0	0.0	0.0	0.000412	0.0	0.0	0.0	0.0	1.06188	0.0	0.0	0.0	6266.9	0.0	0.0	0.0	0.0	0.001264	0.0	0.0	0.0	12.842	0.0	0.0	0.0	0.0	10	0	0	0	71	0	0	0	0	58	0	0	0	23	0	0	0	0	349	0	0	0	394	0	0	0	0	64	0	0	0	0	0	0	0	0	16	0	0	0	0	0	0	0	0	343	0	0	0	0	0	0	0	0	2.3e-5	0.0	0.0	0.0	3.2e-5	0.0	0.0	0.0	0.0	0.412655	0.0	0.0	0.0	0.587345	0.0	0.0	0.0	0.0	
491	1334	6320.207270577	4592.778	4592.778	0.000528	0.0	841	0	0	0	489	0	0	0	0	0.0	0.0	0.0	0.0	0.000378	0.0	0.0	0.0	0.0	1.06243	0.0	0.0	0.0	6272.74	0.0	0.0	0.0	0.0	0.001263	0.0	0.0	0.0	12.8277	0.0	0.0	0.0	0.0	10	0	0	0	71	0	0	0	0	58	0	0	0	23	0	0	0	0	349	0	0	0	395	0	0	0	0	64	0	0	0	0	0	0	0	0	17	0	0	0	0	0	0	0	0	343	0	0	0	0	0	0	0	0	2.0e-5	0.0	0.0	0.0	2.9e-5	0.0	0.0	0.0	0.0	0.407661	0.0	0.0	0.0	0.592339	0.0	0.0	0.0	0.0	
492	1336	6324.50981971	4592.778	4592.778	0.000522	0.0	842	0	0	0	490	0	0	0	0	0.0	0.0	0.0	0.0	0.000348	0.0	0.0	0.0	0.0	1.06264	0.0	0.0	0.0	6277.04	0.0	0.0	0.0	0.0	0.001262	0.0	0.0	0.0	12.8103	0.0	0.0	0.0	0.0	10	0	0	0	71	0	0	0	0	58	0	0	0	23	0	0	0	0	349	0	0	0	396	0	0	0	0	64	0	0	0	0	0	0	0	0	17	0	0	0	0	0	0	0	0	344	0	0	0	0	0	0	0	0	1.8e-5	0.0	0.0	0.0	2.7e-5	0.0	0.0	0.0	0.0	0.402537	0.0	0.0	0.0	0.597463	0.0	0.0	0.0	0.0	
493	1337	6336.269733372	4592.778	4592.778	0.000518	0.0	842	0	0	0	491	0	0	0	0	0.0	0.0	0.0	0.0	0.000319	0.0	0.0	0.0	0.0	1.06264	0.0	0.0	0.0	6288.8	0.0	0.0	0.0	0.0	0.001262	0.0	0.0	0.0	12.8081	0.0	0.0	0.0	0.0	10	0	0	0	71	0	0	0	0	58	0	0	0	23	0	0	0	0	349	0	0	0	397	0	0	0	0	64	0	0	0	0	0	0	0	0	17	0	0	0	0	0	0	0	0	344	0	0	0	0	0	0	0	0	1.8e-5	0.0	0.0	0.0	2.5e-5	0.0	0.0	0.0	0.0	0.423681	0.0	0.0	0.0	0.576319	0.0	0.0	0.0	0.0	
494	1338	6345.563364927	4592.778	4592.778	0.000506	0.0	842	0	0	0	492	0	0	0	0	0.0	0.0	0.0	0.0	0.000291	0.0	0.0	0.0	0.0	1.06264	0.0	0.0	0.0	6298.09	0.0	0.0	0.0	0.0	0.001262	0.0	0.0	0.0	12.801	0.0	0.0	0.0	0.0	10	0	0	0	71	0	0	0	0	58	0	0	0	23	0	0	0	0	349	0	0	0	398	0	0	0	0	64	0	0	0	0	0	0	0	0	17	0	0	0	0	0	0	0	0	344	0	0	0	0	0	0	0	0	1.8e-5	0.0	0.0	0.0	2.3e-5	0.0	0.0	0.0	0.0	0.445842	0.0	0.0	0.0	0.554158	0.0	0.0	0.0	0.0	
495	1339	6363.148370009	4592.778	4592.778	0.000497	0.0	842	0	0	0	493	0	0	0	0	0.0	0.0	0.0	0.0	0.000265	0.0	0.0	0.0	0.0	1.06264	0.0	0.0	0.0	6315.68	0.0	0.0	0.0	0.0	0.001262	0.0	0.0	0.0	12.8107	0.0	0.0	0.0	0.0	10	0	0	0	71	0	0	0	0	58	0	0	0	23	0	0	0	0	349	0	0	0	399	0	0	0	0	64	0	0	0	0	0	0	0	0	17	0	0	0	0	0	0	0	0	344	0	0	0	0	0	0	0	0	1.8e-5	0.0	0.0	0.0	2.1e-5	0.0	0.0	0.0	0.0	0.469495	0.0	0.0	0.0	0.530505	0.0	0.0	0.0	0.0	
496	1341	6375.169527741	4592.778	4592.778	0.000481	0.0	843	0	0	0	494	0	0	0	0	0.0	0.0	0.0	0.0	0.000241	0.0	0.0	0.0	0.0	1.06292	0.0	0.0	0.0	6327.7	0.0	0.0	0.0	0.0	0.001261	0.0	0.0	0.0	12.8091	0.0	0.0	0.0	0.0	10	0	0	0	71	0	0	0	0	58	0	0	0	23	0	0	0	0	349	0	0	0	400	0	0	0	0	64	0	0	0	0	0	0	0	0	17	0	0	0	0	0	0	0	0	345	0	0	0	0	0	0	0	0	1.6e-5	0.0	0.0	0.0	1.9e-5	0.0	0.0	0.0	0.0	0.466905	0.0	0.0	0.0	0.533095	0.0	0.0	0.0	0.0	
497	1342	6381.808073929	4592.778	4592.778	0.00047	0.0	843	0	0	0	495	0	0	0	0	0.0	0.0	0.0	0.0	0.000218	0.0	0.0	0.0	0.0	1.06292	0.0	0.0	0.0	6334.34	0.0	0.0	0.0	0.0	0.001261	0.0	0.0	0.0	12.7966	0.0	0.0	0.0	0.0	10	0	0	0	71	0	0	0	0	58	0	0	0	23	0	0	0	0	349	0	0	0	401	0	0	0	0	64	0	0	0	0	0	0	0	0	17	0	0	0	0	0	0	0	0	345	0	0	0	0	0	0	0	0	1.6e-5	0.0	0.0	0.0	1.7e-5	0.0	0.0	0.0	0.0	0.491235	0.0	0.0	0.0	0.508765	0.0	0.0	0.0	0.0	
498	1343	6448.90700377	4592.778	4592.778	0.000464	0.0	843	0	0	0	496	0	0	0	0	0.0	0.0	0.0	0.0	0.000197	0.0	0.0	0.0	0.0	1.06292	0.0	0.0	0.0	6401.44	0.0	0.0	0.0	0.0	0.001261	0.0	0.0	0.0	12.9061	0.0	0.0	0.0	0.0	10	0	0	0	71	0	0	0	0	58	0	0	0	23	0	0	0	0	349	0	0	0	402	0	0	0	0	64	0	0	0	0	0	0	0	0	17	0	0	0	0	0	0	0	0	345	0	0	0	0	0	0	0	0	1.6e-5	0.0	0.0	0.0	1.5e-5	0.0	0.0	0.0	0.0	0.519215	0.0	0.0	0.0	0.480785	0.0	0.0	0.0	0.0	
499	1345	6454.089253378	4592.778	4592.778	0.000407	0.0	844	0	0	0	497	0	0	0	0	0.0	0.0	0.0	0.0	0.000177	0.0	0.0	0.0	0.0	1.06319	0.0	0.0	0.0	6406.62	0.0	0.0	0.0	0.0	0.00126	0.0	0.0	0.0	12.8906	0.0	0.0	0.0	0.0	10	0	0	0	71	0	0	0	0	58	0	0	0	23	0	0	0	0	349	0	0	0	403	0	0	0	0	64	0	0	0	0	0	0	0	0	17	0	0	0	0	0	0	0	0	346	0	0	0	0	0	0	0	0	1.5e-5	0.0	0.0	0.0	1.4e-5	0.0	0.0	0.0	0.0	0.519849	0.0	0.0	0.0	0.480151	0.0	0.0	0.0	0.0	
500	1346	6461.720958281	4592.778	4592.778	0.000403	0.0	844	0	0	0	498	0	0	0	0	0.0	0.0	0.0	0.0	0.00016	0.0	0.0	0.0	0.0	1.06319	0.0	0.0	0.0	6414.25	0.0	0.0	0.0	0.0	0.00126	0.0	0.0	0.0	12.88	0.0	0.0	0.0	0.0	10	0	0	0	71	0	0	0	0	58	0	0	0	23	0	0	0	0	349	0	0	0	404	0	0	0	0	64	0	0	0	0	0	0	0	0	17	0	0	0	0	0	0	0	0	346	0	0	0	0	0	0	0	0	1.5e-5	0.0	0.0	0.0	1.2e-5	0.0	0.0	0.0	0.0	0.545864	0.0	0.0	0.0	0.454136	0.0	0.0	0.0	0.0	
501	1348	6472.034916947	4592.778	4592.778	0.000398	0.0	845	0	0	0	499	0	0	0	0	0.0	0.0	0.0	0.0	0.000144	0.0	0.0	0.0	0.0	1.06345	0.0	0.0	0.0	6424.56	0.0	0.0	0.0	0.0	0.001259	0.0	0.0	0.0	12.8749	0.0	0.0	0.0	0.0	10	0	0	0	71	0	0	0	0	58	0	0	0	23	0	0	0	0	349	0	0	0	405	0	0	0	0	64	0	0	0	0	0	0	0	0	17	0	0	0	0	0	0	0	0	347	0	0	0	0	0	0	0	0	1.4e-5	0.0	0.0	0.0	1.1e-5	0.0	0.0	0.0	0.0	0.548298	0.0	0.0	0.0	0.451702	0.0	0.0	0.0	0.0	
502	1349	6474.306383104	4592.778	4592.778	0.00039	0.0	845	0	0	0	500	0	0	0	0	0.0	0.0	0.0	0.0	0.000129	0.0	0.0	0.0	0.0	1.06345	0.0	0.0	0.0	6426.84	0.0	0.0	0.0	0.0	0.001259	0.0	0.0	0.0	12.8537	0.0	0.0	0.0	0.0	10	0	0	0	71	0	0	0	0	58	0	0	0	23	0	0	0	0	349	0	0	0	406	0	0	0	0	64	0	0	0	0	0	0	0	0	17	0	0	0	0	0	0	0	0	347	0	0	0	0	0	0	0	0	1.4e-5	0.0	0.0	0.0	1.0e-5	0.0	0.0	0.0	0.0	0.573832	0.0	0.0	0.0	0.426168	0.0	0.0	0.0	0.0	
503	1353	6490.181460115	4592.778	4592.778	0.000388	0.0	848	0	0	0	501	0	0	0	0	0.0	0.0	0.0	0.0	0.000116	0.0	0.0	0.0	0.0	1.06441	0.0	0.0	0.0	6442.71	0.0	0.0	0.0	0.0	0.001255	0.0	0.0	0.0	12.8597	0.0	0.0	0.0	0.0	10	0	0	0	71	0	0	0	0	58	0	0	0	23	0	0	0	0	349	0	0	0	407	0	0	0	0	65	0	0	0	0	0	0	0	0	17	0	0	0	0	0	0	0	0	349	0	0	0	0	0	0	0	0	1.0e-5	0.0	0.0	0.0	9.0e-6	0.0	0.0	0.0	0.0	0.530047	0.0	0.0	0.0	0.469953	0.0	0.0	0.0	0.0	
504	1354	6500.211516955	4592.778	4592.778	0.000376	0.0	848	0	0	0	502	0	0	0	0	0.0	0.0	0.0	0.0	0.000105	0.0	0.0	0.0	0.0	1.06441	0.0	0.0	0.0	6452.74	0.0	0.0	0.0	0.0	0.001255	0.0	0.0	0.0	12.8541	0.0	0.0	0.0	0.0	10	0	0	0	71	0	0	0	0	58	0	0	0	23	0	0	0	0	349	0	0	0	408	0	0	0	0	65	0	0	0	0	0	0	0	0	17	0	0	0	0	0	0	0	0	349	0	0	0	0	0	0	0	0	1.0e-5	0.0	0.0	0.0	8.0e-6	0.0	0.0	0.0	0.0	0.556075	0.0	0.0	0.0	0.443925	0.0	0.0	0.0	0.0	
505	1355	6516.720073527	4592.778	4592.778	0.000369	0.0	848	0	0	0	503	0	0	0	0	0.0	0.0	0.0	0.0	9.4e-5	0.0	0.0	0.0	0.0	1.06441	0.0	0.0	0.0	6469.25	0.0	0.0	0.0	0.0	0.001255	0.0	0.0	0.0	12.8613	0.0	0.0	0.0	0.0	10	0	0	0	71	0	0	0	0	58	0	0	0	23	0	0	0	0	349	0	0	0	409	0	0	0	0	65	0	0	0	0	0	0	0	0	17	0	0	0	0	0	0	0	0	349	0	0	0	0	0	0	0	0	1.0e-5	0.0	0.0	0.0	7.0e-6	0.0	0.0	0.0	0.0	0.582042	0.0	0.0	0.0	0.417958	0.0	0.0	0.0	0.0	
506	1359	6533.984318632	4592.778	4592.778	0.000358	0.0	851	0	0	0	504	0	0	0	0	0.0	0.0	0.0	0.0	8.5e-5	0.0	0.0	0.0	0.0	1.06534	0.0	0.0	0.0	6486.51	0.0	0.0	0.0	0.0	0.001252	0.0	0.0	0.0	12.8701	0.0	0.0	0.0	0.0	10	0	0	0	71	0	0	0	0	58	0	0	0	23	0	0	0	0	350	0	0	0	410	0	0	0	0	66	0	0	0	0	0	0	0	0	17	0	0	0	0	0	0	0	0	350	0	0	0	0	0	0	0	0	8.0e-6	0.0	0.0	0.0	7.0e-6	0.0	0.0	0.0	0.0	0.560424	0.0	0.0	0.0	0.439576	0.0	0.0	0.0	0.0	
507	1360	6539.276070869	4592.778	4592.778	0.000346	0.0	851	0	0	0	505	0	0	0	0	0.0	0.0	0.0	0.0	7.6e-5	0.0	0.0	0.0	0.0	1.06534	0.0	0.0	0.0	6491.8	0.0	0.0	0.0	0.0	0.001252	0.0	0.0	0.0	12.8551	0.0	0.0	0.0	0.0	10	0	0	0	71	0	0	0	0	58	0	0	0	23	0	0	0	0	350	0	0	0	411	0	0	0	0	66	0	0	0	0	0	0	0	0	17	0	0	0	0	0	0	0	0	350	0	0	0	0	0	0	0	0	8.0e-6	0.0	0.0	0.0	6.0e-6	0.0	0.0	0.0	0.0	0.585905	0.0	0.0	0.0	0.414095	0.0	0.0	0.0	0.0	
508	1363	6719.473414364	4592.778	4592.778	0.000342	0.0	853	0	0	0	506	0	0	0	0	0.0	0.0	0.0	0.0	6.9e-5	0.0	0.0	0.0	0.0	1.09631	0.0	0.0	0.0	6671.97	0.0	0.0	0.0	0.0	0.001285	0.0	0.0	0.0	13.1857	0.0	0.0	0.0	0.0	10	0	0	0	71	0	0	0	0	58	0	0	0	23	0	0	0	0	350	0	0	0	412	0	0	0	0	66	0	0	0	0	0	0	0	0	17	0	0	0	0	0	0	0	0	352	0	0	0	0	0	0	0	0	7.0e-6	0.0	0.0	0.0	5.0e-6	0.0	0.0	0.0	0.0	0.566977	0.0	0.0	0.0	0.433023	0.0	0.0	0.0	0.0	
509	1370	6726.667166201	4592.778	4592.778	0.000242	0.0	859	0	0	0	507	0	0	0	0	0.0	0.0	0.0	0.0	6.2e-5	0.0	0.0	0.0	0.0	1.09762	0.0	0.0	0.0	6679.16	0.0	0.0	0.0	0.0	0.001278	0.0	0.0	0.0	13.1739	0.0	0.0	0.0	0.0	10	0	0	0	71	0	0	0	0	58	0	0	0	23	0	0	0	0	351	0	0	0	413	0	0	0	0	67	0	0	0	0	0	0	0	0	17	0	0	0	0	0	0	0	0	356	0	0	0	0	0	0	0	0	4.0e-6	0.0	0.0	0.0	5.0e-6	0.0	0.0	0.0	0.0	0.480899	0.0	0.0	0.0	0.519101	0.0	0.0	0.0	0.0	
510	1371	6734.47628589	4592.778	4592.778	0.000239	0.0	859	0	0	0	508	0	0	0	0	0.0	0.0	0.0	0.0	5.6e-5	0.0	0.0	0.0	0.0	1.09762	0.0	0.0	0.0	6686.97	0.0	0.0	0.0	0.0	0.001278	0.0	0.0	0.0	13.1633	0.0	0.0	0.0	0.0	10	0	0	0	71	0	0	0	0	58	0	0	0	23	0	0	0	0	351	0	0	0	414	0	0	0	0	67	0	0	0	0	0	0	0	0	17	0	0	0	0	0	0	0	0	356	0	0	0	0	0	0	0	0	4.0e-6	0.0	0.0	0.0	4.0e-6	0.0	0.0	0.0	0.0	0.506004	0.0	0.0	0.0	0.493996	0.0	0.0	0.0	0.0	
511	1375	6750.974476461	4592.778	4592.778	0.000235	0.0	862	0	0	0	509	0	0	0	0	0.0	0.0	0.0	0.0	5.1e-5	0.0	0.0	0.0	0.0	1.09827	0.0	0.0	0.0	6703.47	0.0	0.0	0.0	0.0	0.001274	0.0	0.0	0.0	13.1699	0.0	0.0	0.0	0.0	10	0	0	0	71	0	0	0	0	58	0	0	0	23	0	0	0	0	351	0	0	0	415	0	0	0	0	67	0	0	0	0	0	0	0	0	17	0	0	0	0	0	0	0	0	359	0	0	0	0	0	0	0	0	3.0e-6	0.0	0.0	0.0	4.0e-6	0.0	0.0	0.0	0.0	0.451205	0.0	0.0	0.0	0.548795	0.0	0.0	0.0	0.0	
512	1376	6755.833661668	4592.778	4592.778	0.000228	0.0	862	0	0	0	510	0	0	0	0	0.0	0.0	0.0	0.0	4.7e-5	0.0	0.0	0.0	0.0	1.09827	0.0	0.0	0.0	6708.33	0.0	0.0	0.0	0.0	0.001274	0.0	0.0	0.0	13.1536	0.0	0.0	0.0	0.0	10	0	0	0	71	0	0	0	0	58	0	0	0	23	0	0	0	0	351	0	0	0	416	0	0	0	0	67	0	0	0	0	0	0	0	0	17	0	0	0	0	0	0	0	0	359	0	0	0	0	0	0	0	0	3.0e-6	0.0	0.0	0.0	4.0e-6	0.0	0.0	0.0	0.0	0.474639	0.0	0.0	0.0	0.525361	0.0	0.0	0.0	0.0	
513	1377	6761.038456017	4592.778	4592.778	0.000226	0.0	862	0	0	0	511	0	0	0	0	0.0	0.0	0.0	0.0	4.2e-5	0.0	0.0	0.0	0.0	1.09827	0.0	0.0	0.0	6713.53	0.0	0.0	0.0	0.0	0.001274	0.0	0.0	0.0	13.138	0.0	0.0	0.0	0.0	10	0	0	0	71	0	0	0	0	58	0	0	0	23	0	0	0	0	351	0	0	0	417	0	0	0	0	67	0	0	0	0	0	0	0	0	17	0	0	0	0	0	0	0	0	359	0	0	0	0	0	0	0	0	3.0e-6	0.0	0.0	0.0	3.0e-6	0.0	0.0	0.0	0.0	0.499318	0.0	0.0	0.0	0.500682	0.0	0.0	0.0	0.0	
514	1378	6813.800395579	4592.778	4592.778	0.000223	0.0	862	0	0	0	512	0	0	0	0	0.0	0.0	0.0	0.0	3.8e-5	0.0	0.0	0.0	0.0	1.09827	0.0	0.0	0.0	6766.3	0.0	0.0	0.0	0.0	0.001274	0.0	0.0	0.0	13.2154	0.0	0.0	0.0	0.0	10	0	0	0	71	0	0	0	0	58	0	0	0	23	0	0	0	0	351	0	0	0	418	0	0	0	0	67	0	0	0	0	0	0	0	0	17	0	0	0	0	0	0	0	0	359	0	0	0	0	0	0	0	0	3.0e-6	0.0	0.0	0.0	3.0e-6	0.0	0.0	0.0	0.0	0.527056	0.0	0.0	0.0	0.472944	0.0	0.0	0.0	0.0	
515	1381	6820.602885514	4592.778	4592.778	0.000202	0.0	864	0	0	0	513	0	0	0	0	0.0	0.0	0.0	0.0	3.4e-5	0.0	0.0	0.0	0.0	1.09869	0.0	0.0	0.0	6773.1	0.0	0.0	0.0	0.0	0.001272	0.0	0.0	0.0	13.2029	0.0	0.0	0.0	0.0	10	0	0	0	71	0	0	0	0	58	0	0	0	23	0	0	0	0	351	0	0	0	419	0	0	0	0	67	0	0	0	0	0	0	0	0	17	0	0	0	0	0	0	0	0	361	0	0	0	0	0	0	0	0	3.0e-6	0.0	0.0	0.0	3.0e-6	0.0	0.0	0.0	0.0	0.501291	0.0	0.0	0.0	0.498709	0.0	0.0	0.0	0.0	
516	1387	6824.671291011	4592.778	4592.778	0.000199	0.0	869	0	0	0	514	0	0	0	0	0.0	0.0	0.0	0.0	3.1e-5	0.0	0.0	0.0	0.0	1.09972	0.0	0.0	0.0	6777.16	0.0	0.0	0.0	0.0	0.001266	0.0	0.0	0.0	13.1851	0.0	0.0	0.0	0.0	10	0	0	0	71	0	0	0	0	58	0	0	0	23	0	0	0	0	352	0	0	0	420	0	0	0	0	68	0	0	0	0	0	0	0	0	17	0	0	0	0	0	0	0	0	364	0	0	0	0	0	0	0	0	2.0e-6	0.0	0.0	0.0	2.0e-6	0.0	0.0	0.0	0.0	0.469501	0.0	0.0	0.0	0.530499	0.0	0.0	0.0	0.0	
517	1390	6828.154057904	4592.778	4592.778	0.000198	0.0	871	0	0	0	515	0	0	0	0	0.0	0.0	0.0	0.0	2.9e-5	0.0	0.0	0.0	0.0	1.10026	0.0	0.0	0.0	6780.65	0.0	0.0	0.0	0.0	0.001263	0.0	0.0	0.0	13.1663	0.0	0.0	0.0	0.0	10	0	0	0	71	0	0	0	0	58	0	0	0	23	0	0	0	0	352	0	0	0	421	0	0	0	0	69	0	0	0	0	0	0	0	0	17	0	0	0	0	0	0	0	0	365	0	0	0	0	0	0	0	0	2.0e-6	0.0	0.0	0.0	2.0e-6	0.0	0.0	0.0	0.0	0.439622	0.0	0.0	0.0	0.560378	0.0	0.0	0.0	0.0	
518	1391	6835.283533637	4592.778	4592.778	0.000196	0.0	871	0	0	0	516	0	0	0	0	0.0	0.0	0.0	0.0	2.6e-5	0.0	0.0	0.0	0.0	1.10026	0.0	0.0	0.0	6787.78	0.0	0.0	0.0	0.0	0.001263	0.0	0.0	0.0	13.1546	0.0	0.0	0.0	0.0	10	0	0	0	71	0	0	0	0	58	0	0	0	23	0	0	0	0	352	0	0	0	422	0	0	0	0	69	0	0	0	0	0	0	0	0	17	0	0	0	0	0	0	0	0	365	0	0	0	0	0	0	0	0	2.0e-6	0.0	0.0	0.0	2.0e-6	0.0	0.0	0.0	0.0	0.462531	0.0	0.0	0.0	0.537469	0.0	0.0	0.0	0.0	
519	1396	6842.546369719	4592.778	4592.778	0.000194	0.0	875	0	0	0	517	0	0	0	0	0.0	0.0	0.0	0.0	2.4e-5	0.0	0.0	0.0	0.0	1.10097	0.0	0.0	0.0	6795.04	0.0	0.0	0.0	0.0	0.001258	0.0	0.0	0.0	13.1432	0.0	0.0	0.0	0.0	10	0	0	0	71	0	0	0	0	58	0	0	0	23	0	0	0	0	352	0	0	0	423	0	0	0	0	69	0	0	0	0	0	0	0	0	17	0	0	0	0	0	0	0	0	369	0	0	0	0	0	0	0	0	1.0e-6	0.0	0.0	0.0	2.0e-6	0.0	0.0	0.0	0.0	0.380605	0.0	0.0	0.0	0.619395	0.0	0.0	0.0	0.0	
520	1398	6853.498276157	4592.778	4592.778	0.000191	0.0	876	0	0	0	518	0	0	0	0	0.0	0.0	0.0	0.0	2.2e-5	0.0	0.0	0.0	0.0	1.10148	0.0	0.0	0.0	6805.99	0.0	0.0	0.0	0.0	0.001257	0.0	0.0	0.0	13.139	0.0	0.0	0.0	0.0	10	0	0	0	71	0	0	0	0	58	0	0	0	23	0	0	0	0	352	0	0	0	424	0	0	0	0	70	0	0	0	0	0	0	0	0	17	0	0	0	0	0	0	0	0	369	0	0	0	0	0	0	0	0	1.0e-6	0.0	0.0	0.0	2.0e-6	0.0	0.0	0.0	0.0	0.374921	0.0	0.0	0.0	0.625079	0.0	0.0	0.0	0.0	
521	1401	6860.998656602	4592.778	4592.778	0.000187	0.0	878	0	0	0	519	0	0	0	0	0.0	0.0	0.0	0.0	2.1e-5	0.0	0.0	0.0	0.0	1.10184	0.0	0.0	0.0	6813.49	0.0	0.0	0.0	0.0	0.001255	0.0	0.0	0.0	13.1281	0.0	0.0	0.0	0.0	10	0	0	0	71	0	0	0	0	58	0	0	0	23	0	0	0	0	352	0	0	0	425	0	0	0	0	70	0	0	0	0	0	0	0	0	17	0	0	0	0	0	0	0	0	371	0	0	0	0	0	0	0	0	1.0e-6	0.0	0.0	0.0	2.0e-6	0.0	0.0	0.0	0.0	0.344445	0.0	0.0	0.0	0.655555	0.0	0.0	0.0	0.0	
522	1402	6864.693250811	4591.778	4591.778	0.000184	0.0	878	0	0	0	520	0	0	0	0	0.0	0.0	0.0	0.0	0.07629	0.0	0.0	0.0	0.0	1.10184	0.0	0.0	0.0	6817.18	0.0	0.0	0.0	0.0	0.001255	0.0	0.0	0.0	13.11	0.0	0.0	0.0	0.0	10	0	0	0	72	0	0	0	0	58	0	0	0	23	0	0	0	0	352	0	0	0	425	0	0	0	0	70	0	0	0	0	0	0	0	0	17	0	0	0	0	0	0	0	0	371	0	0	0	0	0	0	0	0	1.0e-6	0.0	0.0	0.0	0.005819	0.0	0.0	0.0	0.0	0.000141	0.0	0.0	0.0	0.999859	0.0	0.0	0.0	0.0	
523	1403	6873.419096535	4591.778	4591.778	0.000183	0.0	878	0	0	0	521	0	0	0	0	0.0	0.0	0.0	0.0	0.072475	0.0	0.0	0.0	0.0	1.10184	0.0	0.0	0.0	6825.91	0.0	0.0	0.0	0.0	0.001255	0.0	0.0	0.0	13.1016	0.0	0.0	0.0	0.0	10	0	0	0	72	0	0	0	0	58	0	0	0	23	0	0	0	0	352	0	0	0	426	0	0	0	0	70	0	0	0	0	0	0	0	0	17	0	0	0	0	0	0	0	0	371	0	0	0	0	0	0	0	0	1.0e-6	0.0	0.0	0.0	0.005532	0.0	0.0	0.0	0.0	0.000149	0.0	0.0	0.0	0.999851	0.0	0.0	0.0	0.0	
524	1404	6875.671407056	4591.778	4591.778	0.00018	0.0	878	0	0	0	522	0	0	0	0	0.0	0.0	0.0	0.0	0.068851	0.0	0.0	0.0	0.0	1.10184	0.0	0.0	0.0	6828.16	0.0	0.0	0.0	0.0	0.001255	0.0	0.0	0.0	13.0808	0.0	0.0	0.0	0.0	10	0	0	0	72	0	0	0	0	58	0	0	0	23	0	0	0	0	352	0	0	0	427	0	0	0	0	70	0	0	0	0	0	0	0	0	17	0	0	0	0	0	0	0	0	371	0	0	0	0	0	0	0	0	1.0e-6	0.0	0.0	0.0	0.005264	0.0	0.0	0.0	0.0	0.000156	0.0	0.0	0.0	0.999844	0.0	0.0	0.0	0.0	
525	1405	6877.931649938	4591.778	4591.778	0.000179	0.0	878	0	0	0	523	0	0	0	0	0.0	0.0	0.0	0.0	0.065408	0.0	0.0	0.0	0.0	1.10184	0.0	0.0	0.0	6830.42	0.0	0.0	0.0	0.0	0.001255	0.0	0.0	0.0	13.0601	0.0	0.0	0.0	0.0	10	0	0	0	72	0	0	0	0	58	0	0	0	23	0	0	0	0	352	0	0	0	428	0	0	0	0	70	0	0	0	0	0	0	0	0	17	0	0	0	0	0	0	0	0	371	0	0	0	0	0	0	0	0	1.0e-6	0.0	0.0	0.0	0.005008	0.0	0.0	0.0	0.0	0.000164	0.0	0.0	0.0	0.999836	0.0	0.0	0.0	0.0	
526	1406	6945.807541809	4591.778	4591.778	0.000178	0.0	878	0	0	0	524	0	0	0	0	0.0	0.0	0.0	0.0	0.062137	0.0	0.0	0.0	0.0	1.10184	0.0	0.0	0.0	6898.3	0.0	0.0	0.0	0.0	0.001255	0.0	0.0	0.0	13.1647	0.0	0.0	0.0	0.0	10	0	0	0	72	0	0	0	0	58	0	0	0	23	0	0	0	0	352	0	0	0	429	0	0	0	0	70	0	0	0	0	0	0	0	0	17	0	0	0	0	0	0	0	0	371	0	0	0	0	0	0	0	0	1.0e-6	0.0	0.0	0.0	0.00472	0.0	0.0	0.0	0.0	0.000174	0.0	0.0	0.0	0.999826	0.0	0.0	0.0	0.0	
527	1407	6952.059909921	4591.778	4591.778	0.000157	0.0	878	0	0	0	525	0	0	0	0	0.0	0.0	0.0	0.0	0.05903	0.0	0.0	0.0	0.0	1.10184	0.0	0.0	0.0	6904.55	0.0	0.0	0.0	0.0	0.001255	0.0	0.0	0.0	13.1515	0.0	0.0	0.0	0.0	10	0	0	0	72	0	0	0	0	58	0	0	0	23	0	0	0	0	352	0	0	0	430	0	0	0	0	70	0	0	0	0	0	0	0	0	17	0	0	0	0	0	0	0	0	371	0	0	0	0	0	0	0	0	1.0e-6	0.0	0.0	0.0	0.004488	0.0	0.0	0.0	0.0	0.000183	0.0	0.0	0.0	0.999817	0.0	0.0	0.0	0.0	
528	1408	6956.716314774	4591.778	4591.778	0.000155	0.0	878	0	0	0	526	0	0	0	0	0.0	0.0	0.0	0.0	0.056078	0.0	0.0	0.0	0.0	1.10184	0.0	0.0	0.0	6909.21	0.0	0.0	0.0	0.0	0.001255	0.0	0.0	0.0	13.1354	0.0	0.0	0.0	0.0	10	0	0	0	72	0	0	0	0	58	0	0	0	23	0	0	0	0	352	0	0	0	431	0	0	0	0	70	0	0	0	0	0	0	0	0	17	0	0	0	0	0	0	0	0	371	0	0	0	0	0	0	0	0	1.0e-6	0.0	0.0	0.0	0.004269	0.0	0.0	0.0	0.0	0.000193	0.0	0.0	0.0	0.999807	0.0	0.0	0.0	0.0	
529	1409	6973.574219313	4591.778	4591.778	0.000153	0.0	878	0	0	0	527	0	0	0	0	0.0	0.0	0.0	0.0	0.053273	0.0	0.0	0.0	0.0	1.10184	0.0	0.0	0.0	6926.07	0.0	0.0	0.0	0.0	0.001255	0.0	0.0	0.0	13.1424	0.0	0.0	0.0	0.0	10	0	0	0	72	0	0	0	0	58	0	0	0	23	0	0	0	0	352	0	0	0	432	0	0	0	0	70	0	0	0	0	0	0	0	0	17	0	0	0	0	0	0	0	0	371	0	0	0	0	0	0	0	0	1.0e-6	0.0	0.0	0.0	0.004054	0.0	0.0	0.0	0.0	0.000203	0.0	0.0	0.0	0.999797	0.0	0.0	0.0	0.0	
530	1410	6979.246754804	4591.778	4591.778	0.000148	0.0	878	0	0	0	528	0	0	0	0	0.0	0.0	0.0	0.0	0.050609	0.0	0.0	0.0	0.0	1.10184	0.0	0.0	0.0	6931.74	0.0	0.0	0.0	0.0	0.001255	0.0	0.0	0.0	13.1283	0.0	0.0	0.0	0.0	10	0	0	0	72	0	0	0	0	58	0	0	0	23	0	0	0	0	352	0	0	0	433	0	0	0	0	70	0	0	0	0	0	0	0	0	17	0	0	0	0	0	0	0	0	371	0	0	0	0	0	0	0	0	1.0e-6	0.0	0.0	0.0	0.003855	0.0	0.0	0.0	0.0	0.000213	0.0	0.0	0.0	0.999787	0.0	0.0	0.0	0.0	
531	1411	6987.276569404	4591.778	4591.778	0.000147	0.0	878	0	0	0	529	0	0	0	0	0.0	0.0	0.0	0.0	0.048078	0.0	0.0	0.0	0.0	1.10184	0.0	0.0	0.0	6939.77	0.0	0.0	0.0	0.0	0.001255	0.0	0.0	0.0	13.1187	0.0	0.0	0.0	0.0	10	0	0	0	72	0	0	0	0	58	0	0	0	23	0	0	0	0	352	0	0	0	434	0	0	0	0	70	0	0	0	0	0	0	0	0	17	0	0	0	0	0	0	0	0	371	0	0	0	0	0	0	0	0	1.0e-6	0.0	0.0	0.0	0.003665	0.0	0.0	0.0	0.0	0.000224	0.0	0.0	0.0	0.999776	0.0	0.0	0.0	0.0	
532	1412	6989.522984988	4591.778	4591.778	0.000145	0.0	878	0	0	0	530	0	0	0	0	0.0	0.0	0.0	0.0	0.045674	0.0	0.0	0.0	0.0	1.10184	0.0	0.0	0.0	6942.01	0.0	0.0	0.0	0.0	0.001255	0.0	0.0	0.0	13.0981	0.0	0.0	0.0	0.0	10	0	0	0	72	0	0	0	0	58	0	0	0	23	0	0	0	0	352	0	0	0	435	0	0	0	0	70	0	0	0	0	0	0	0	0	17	0	0	0	0	0	0	0	0	371	0	0	0	0	0	0	0	0	1.0e-6	0.0	0.0	0.0	0.003487	0.0	0.0	0.0	0.0	0.000236	0.0	0.0	0.0	0.999764	0.0	0.0	0.0	0.0	
533	1413	7037.292310272	4591.778	4591.778	0.000144	0.0	878	0	0	0	531	0	0	0	0	0.0	0.0	0.0	0.0	0.043389	0.0	0.0	0.0	0.0	1.10184	0.0	0.0	0.0	6989.78	0.0	0.0	0.0	0.0	0.001255	0.0	0.0	0.0	13.1634	0.0	0.0	0.0	0.0	10	0	0	0	72	0	0	0	0	58	0	0	0	23	0	0	0	0	352	0	0	0	436	0	0	0	0	70	0	0	0	0	0	0	0	0	17	0	0	0	0	0	0	0	0	371	0	0	0	0	0	0	0	0	1.0e-6	0.0	0.0	0.0	0.003296	0.0	0.0	0.0	0.0	0.000249	0.0	0.0	0.0	0.999751	0.0	0.0	0.0	0.0	
534	1414	7039.534371161	4591.778	4591.778	0.000131	0.0	878	0	0	0	532	0	0	0	0	0.0	0.0	0.0	0.0	0.041219	0.0	0.0	0.0	0.0	1.10184	0.0	0.0	0.0	6992.03	0.0	0.0	0.0	0.0	0.001255	0.0	0.0	0.0	13.1429	0.0	0.0	0.0	0.0	10	0	0	0	72	0	0	0	0	58	0	0	0	23	0	0	0	0	352	0	0	0	437	0	0	0	0	70	0	0	0	0	0	0	0	0	17	0	0	0	0	0	0	0	0	371	0	0	0	0	0	0	0	0	1.0e-6	0.0	0.0	0.0	0.003136	0.0	0.0	0.0	0.0	0.000262	0.0	0.0	0.0	0.999738	0.0	0.0	0.0	0.0	
535	1415	7060.977644443	4591.778	4591.778	0.000131	0.0	878	0	0	0	533	0	0	0	0	0.0	0.0	0.0	0.0	0.039158	0.0	0.0	0.0	0.0	1.10184	0.0	0.0	0.0	7013.47	0.0	0.0	0.0	0.0	0.001255	0.0	0.0	0.0	13.1585	0.0	0.0	0.0	0.0	10	0	0	0	72	0	0	0	0	58	0	0	0	23	0	0	0	0	352	0	0	0	438	0	0	0	0	70	0	0	0	0	0	0	0	0	17	0	0	0	0	0	0	0	0	371	0	0	0	0	0	0	0	0	1.0e-6	0.0	0.0	0.0	0.002976	0.0	0.0	0.0	0.0	0.000276	0.0	0.0	0.0	0.999724	0.0	0.0	0.0	0.0	
536	1416	7064.57515113	4591.778	4591.778	0.000125	0.0	878	0	0	0	534	0	0	0	0	0.0	0.0	0.0	0.0	0.037199	0.0	0.0	0.0	0.0	1.10184	0.0	0.0	0.0	7017.07	0.0	0.0	0.0	0.0	0.001255	0.0	0.0	0.0	13.1406	0.0	0.0	0.0	0.0	10	0	0	0	72	0	0	0	0	58	0	0	0	23	0	0	0	0	352	0	0	0	439	0	0	0	0	70	0	0	0	0	0	0	0	0	17	0	0	0	0	0	0	0	0	371	0	0	0	0	0	0	0	0	1.0e-6	0.0	0.0	0.0	0.002831	0.0	0.0	0.0	0.0	0.00029	0.0	0.0	0.0	0.99971	0.0	0.0	0.0	0.0	
537	1417	7068.235751455	4591.778	4591.778	0.000125	0.0	878	0	0	0	535	0	0	0	0	0.0	0.0	0.0	0.0	0.035339	0.0	0.0	0.0	0.0	1.10184	0.0	0.0	0.0	7020.73	0.0	0.0	0.0	0.0	0.001255	0.0	0.0	0.0	13.1229	0.0	0.0	0.0	0.0	10	0	0	0	72	0	0	0	0	58	0	0	0	23	0	0	0	0	352	0	0	0	440	0	0	0	0	70	0	0	0	0	0	0	0	0	17	0	0	0	0	0	0	0	0	371	0	0	0	0	0	0	0	0	1.0e-6	0.0	0.0	0.0	0.002693	0.0	0.0	0.0	0.0	0.000305	0.0	0.0	0.0	0.999695	0.0	0.0	0.0	0.0	
538	1418	7078.90591058	4591.778	4591.778	0.000124	0.0	878	0	0	0	536	0	0	0	0	0.0	0.0	0.0	0.0	0.033571	0.0	0.0	0.0	0.0	1.10184	0.0	0.0	0.0	7031.4	0.0	0.0	0.0	0.0	0.001255	0.0	0.0	0.0	13.1183	0.0	0.0	0.0	0.0	10	0	0	0	72	0	0	0	0	58	0	0	0	23	0	0	0	0	352	0	0	0	441	0	0	0	0	70	0	0	0	0	0	0	0	0	17	0	0	0	0	0	0	0	0	371	0	0	0	0	0	0	0	0	1.0e-6	0.0	0.0	0.0	0.002559	0.0	0.0	0.0	0.0	0.000321	0.0	0.0	0.0	0.999679	0.0	0.0	0.0	0.0	
539	1419	7081.172604869	4591.778	4591.778	0.000121	0.0	878	0	0	0	537	0	0	0	0	0.0	0.0	0.0	0.0	0.031892	0.0	0.0	0.0	0.0	1.10184	0.0	0.0	0.0	7033.66	0.0	0.0	0.0	0.0	0.001255	0.0	0.0	0.0	13.0981	0.0	0.0	0.0	0.0	10	0	0	0	72	0	0	0	0	58	0	0	0	23	0	0	0	0	352	0	0	0	442	0	0	0	0	70	0	0	0	0	0	0	0	0	17	0	0	0	0	0	0	0	0	371	0	0	0	0	0	0	0	0	1.0e-6	0.0	0.0	0.0	0.002435	0.0	0.0	0.0	0.0	0.000338	0.0	0.0	0.0	0.999662	0.0	0.0	0.0	0.0	
540	1420	7083.460617397	4591.778	4591.778	0.000121	0.0	878	0	0	0	538	0	0	0	0	0.0	0.0	0.0	0.0	0.030297	0.0	0.0	0.0	0.0	1.10184	0.0	0.0	0.0	7035.95	0.0	0.0	0.0	0.0	0.001255	0.0	0.0	0.0	13.078	0.0	0.0	0.0	0.0	10	0	0	0	72	0	0	0	0	58	0	0	0	23	0	0	0	0	352	0	0	0	443	0	0	0	0	70	0	0	0	0	0	0	0	0	17	0	0	0	0	0	0	0	0	371	0	0	0	0	0	0	0	0	1.0e-6	0.0	0.0	0.0	0.002317	0.0	0.0	0.0	0.0	0.000355	0.0	0.0	0.0	0.999645	0.0	0.0	0.0	0.0	
541	1421	7089.871403509	4591.778	4591.778	0.00012	0.0	878	0	0	0	539	0	0	0	0	0.0	0.0	0.0	0.0	0.028782	0.0	0.0	0.0	0.0	1.10184	0.0	0.0	0.0	7042.36	0.0	0.0	0.0	0.0	0.001255	0.0	0.0	0.0	13.0656	0.0	0.0	0.0	0.0	10	0	0	0	72	0	0	0	0	58	0	0	0	23	0	0	0	0	352	0	0	0	444	0	0	0	0	70	0	0	0	0	0	0	0	0	17	0	0	0	0	0	0	0	0	371	0	0	0	0	0	0	0	0	1.0e-6	0.0	0.0	0.0	0.002203	0.0	0.0	0.0	0.0	0.000373	0.0	0.0	0.0	0.999627	0.0	0.0	0.0	0.0	
542	1422	7096.952297826	4585.778	4585.778	0.000119	0.0	878	0	0	0	540	0	0	0	0	0.0	0.0	0.0	0.0	0.077361	0.0	0.0	0.0	0.0	1.10184	0.0	0.0	0.0	7049.44	0.0	0.0	0.0	0.0	0.001255	0.0	0.0	0.0	13.0545	0.0	0.0	0.0	0.0	10	0	0	0	73	0	0	0	0	58	0	0	0	23	0	0	0	0	352	0	0	0	444	0	0	0	0	70	0	0	0	0	0	0	0	0	17	0	0	0	0	0	0	0	0	371	0	0	0	0	0	0	0	0	1.0e-6	0.0	0.0	0.0	0.005926	0.0	0.0	0.0	0.0	0.000139	0.0	0.0	0.0	0.999861	0.0	0.0	0.0	0.0	
543	1423	7106.428639386	4585.778	4585.778	0.000117	0.0	878	0	0	0	541	0	0	0	0	0.0	0.0	0.0	0.0	0.073492	0.0	0.0	0.0	0.0	1.10184	0.0	0.0	0.0	7058.92	0.0	0.0	0.0	0.0	0.001255	0.0	0.0	0.0	13.0479	0.0	0.0	0.0	0.0	10	0	0	0	73	0	0	0	0	58	0	0	0	23	0	0	0	0	352	0	0	0	445	0	0	0	0	70	0	0	0	0	0	0	0	0	17	0	0	0	0	0	0	0	0	371	0	0	0	0	0	0	0	0	1.0e-6	0.0	0.0	0.0	0.005632	0.0	0.0	0.0	0.0	0.000146	0.0	0.0	0.0	0.999854	0.0	0.0	0.0	0.0	
544	1424	7117.33397009	4585.778	4585.778	0.000115	0.0	878	0	0	0	542	0	0	0	0	0.0	0.0	0.0	0.0	0.069817	0.0	0.0	0.0	0.0	1.10184	0.0	0.0	0.0	7069.82	0.0	0.0	0.0	0.0	0.001255	0.0	0.0	0.0	13.044	0.0	0.0	0.0	0.0	10	0	0	0	73	0	0	0	0	58	0	0	0	23	0	0	0	0	352	0	0	0	446	0	0	0	0	70	0	0	0	0	0	0	0	0	17	0	0	0	0	0	0	0	0	371	0	0	0	0	0	0	0	0	1.0e-6	0.0	0.0	0.0	0.005352	0.0	0.0	0.0	0.0	0.000154	0.0	0.0	0.0	0.999846	0.0	0.0	0.0	0.0	
545	1425	7127.465361058	4585.778	4585.778	0.000113	0.0	878	0	0	0	543	0	0	0	0	0.0	0.0	0.0	0.0	0.066326	0.0	0.0	0.0	0.0	1.10184	0.0	0.0	0.0	7079.96	0.0	0.0	0.0	0.0	0.001255	0.0	0.0	0.0	13.0386	0.0	0.0	0.0	0.0	10	0	0	0	73	0	0	0	0	58	0	0	0	23	0	0	0	0	352	0	0	0	447	0	0	0	0	70	0	0	0	0	0	0	0	0	17	0	0	0	0	0	0	0	0	371	0	0	0	0	0	0	0	0	1.0e-6	0.0	0.0	0.0	0.005087	0.0	0.0	0.0	0.0	0.000162	0.0	0.0	0.0	0.999838	0.0	0.0	0.0	0.0	
546	1426	7140.431151194	4585.778	4585.778	0.00011	0.0	878	0	0	0	544	0	0	0	0	0.0	0.0	0.0	0.0	0.063009	0.0	0.0	0.0	0.0	1.10184	0.0	0.0	0.0	7092.92	0.0	0.0	0.0	0.0	0.001255	0.0	0.0	0.0	13.0385	0.0	0.0	0.0	0.0	10	0	0	0	73	0	0	0	0	58	0	0	0	23	0	0	0	0	352	0	0	0	448	0	0	0	0	70	0	0	0	0	0	0	0	0	17	0	0	0	0	0	0	0	0	371	0	0	0	0	0	0	0	0	1.0e-6	0.0	0.0	0.0	0.004833	0.0	0.0	0.0	0.0	0.00017	0.0	0.0	0.0	0.99983	0.0	0.0	0.0	0.0	
547	1427	7145.144631509	4585.778	4585.778	0.000108	0.0	878	0	0	0	545	0	0	0	0	0.0	0.0	0.0	0.0	0.059858	0.0	0.0	0.0	0.0	1.10184	0.0	0.0	0.0	7097.64	0.0	0.0	0.0	0.0	0.001255	0.0	0.0	0.0	13.0232	0.0	0.0	0.0	0.0	10	0	0	0	73	0	0	0	0	58	0	0	0	23	0	0	0	0	352	0	0	0	449	0	0	0	0	70	0	0	0	0	0	0	0	0	17	0	0	0	0	0	0	0	0	371	0	0	0	0	0	0	0	0	1.0e-6	0.0	0.0	0.0	0.004596	0.0	0.0	0.0	0.0	0.000179	0.0	0.0	0.0	0.999821	0.0	0.0	0.0	0.0	
548	1428	7153.244968588	4585.778	4585.778	0.000107	0.0	878	0	0	0	546	0	0	0	0	0.0	0.0	0.0	0.0	0.056864	0.0	0.0	0.0	0.0	1.10184	0.0	0.0	0.0	7105.74	0.0	0.0	0.0	0.0	0.001255	0.0	0.0	0.0	13.0142	0.0	0.0	0.0	0.0	10	0	0	0	73	0	0	0	0	58	0	0	0	23	0	0	0	0	352	0	0	0	450	0	0	0	0	70	0	0	0	0	0	0	0	0	17	0	0	0	0	0	0	0	0	371	0	0	0	0	0	0	0	0	1.0e-6	0.0	0.0	0.0	0.004369	0.0	0.0	0.0	0.0	0.000188	0.0	0.0	0.0	0.999812	0.0	0.0	0.0	0.0	
549	1429	7162.722133941	4585.778	4585.778	0.000105	0.0	878	0	0	0	547	0	0	0	0	0.0	0.0	0.0	0.0	0.054021	0.0	0.0	0.0	0.0	1.10184	0.0	0.0	0.0	7115.21	0.0	0.0	0.0	0.0	0.001255	0.0	0.0	0.0	13.0077	0.0	0.0	0.0	0.0	10	0	0	0	73	0	0	0	0	58	0	0	0	23	0	0	0	0	352	0	0	0	451	0	0	0	0	70	0	0	0	0	0	0	0	0	17	0	0	0	0	0	0	0	0	371	0	0	0	0	0	0	0	0	1.0e-6	0.0	0.0	0.0	0.004153	0.0	0.0	0.0	0.0	0.000198	0.0	0.0	0.0	0.999802	0.0	0.0	0.0	0.0	
550	1430	7176.204657129	4585.778	4585.778	0.000103	0.0	878	0	0	0	548	0	0	0	0	0.0	0.0	0.0	0.0	0.051319	0.0	0.0	0.0	0.0	1.10184	0.0	0.0	0.0	7128.7	0.0	0.0	0.0	0.0	0.001255	0.0	0.0	0.0	13.0086	0.0	0.0	0.0	0.0	10	0	0	0	73	0	0	0	0	58	0	0	0	23	0	0	0	0	352	0	0	0	452	0	0	0	0	70	0	0	0	0	0	0	0	0	17	0	0	0	0	0	0	0	0	371	0	0	0	0	0	0	0	0	1.0e-6	0.0	0.0	0.0	0.003945	0.0	0.0	0.0	0.0	0.000208	0.0	0.0	0.0	0.999792	0.0	0.0	0.0	0.0	
551	1431	7190.003771488	4585.778	4585.778	0.000101	0.0	878	0	0	0	549	0	0	0	0	0.0	0.0	0.0	0.0	0.048753	0.0	0.0	0.0	0.0	1.10184	0.0	0.0	0.0	7142.49	0.0	0.0	0.0	0.0	0.001255	0.0	0.0	0.0	13.01	0.0	0.0	0.0	0.0	10	0	0	0	73	0	0	0	0	58	0	0	0	23	0	0	0	0	352	0	0	0	453	0	0	0	0	70	0	0	0	0	0	0	0	0	17	0	0	0	0	0	0	0	0	371	0	0	0	0	0	0	0	0	1.0e-6	0.0	0.0	0.0	0.003747	0.0	0.0	0.0	0.0	0.000219	0.0	0.0	0.0	0.999781	0.0	0.0	0.0	0.0	
552	1431	7190.003796013	4585.778	4585.778	9.8e-5	0.0	878	0	0	0	549	0	0	0	0	0.0	0.0	0.0	0.0	0.048753	0.0	0.0	0.0	0.0	1.10184	0.0	0.0	0.0	7142.49	0.0	0.0	0.0	0.0	0.001255	0.0	0.0	0.0	13.01	0.0	0.0	0.0	0.0	10	0	0	0	73	0	0	0	0	58	0	0	0	23	0	0	0	0	352	0	0	0	453	0	0	0	0	70	0	0	0	0	0	0	0	0	17	0	0	0	0	0	0	0	0	371	0	0	0	0	0	0	0	0	1.0e-6	0.0	0.0	0.0	0.003747	0.0	0.0	0.0	0.0	0.000219	0.0	0.0	0.0	0.999781	0.0	0.0	0.0	0.0	
