indexLine	algoIter	time	best obj	current obj	T	probdelta1	nb uses 1	nb uses 2	nb uses 3	nb uses 4	nb uses 5	nb uses 6	nb uses 7	nb uses 8	nb uses 9	score 1	score 2	score 3	score 4	score 5	score 6	score 7	score 8	score 9	duration 1	duration 2	duration 3	duration 4	duration 5	duration 6	duration 7	duration 8	duration 9	avgDuration 1	avgDuration 2	avgDuration 3	avgDuration 4	avgDuration 5	avgDuration 6	avgDuration 7	avgDuration 8	avgDuration 9	sigmas1 1	sigmas1 2	sigmas1 3	sigmas1 4	sigmas1 5	sigmas1 6	sigmas1 7	sigmas1 8	sigmas1 9	sigmas2 1	sigmas2 2	sigmas2 3	sigmas2 4	sigmas2 5	sigmas2 6	sigmas2 7	sigmas2 8	sigmas2 9	sigmas3 1	sigmas3 2	sigmas3 3	sigmas3 4	sigmas3 5	sigmas3 6	sigmas3 7	sigmas3 8	sigmas3 9	sigmas4 1	sigmas4 2	sigmas4 3	sigmas4 4	sigmas4 5	sigmas4 6	sigmas4 7	sigmas4 8	sigmas4 9	sigmas5 1	sigmas5 2	sigmas5 3	sigmas5 4	sigmas5 5	sigmas5 6	sigmas5 7	sigmas5 8	sigmas5 9	sigmas6 1	sigmas6 2	sigmas6 3	sigmas6 4	sigmas6 5	sigmas6 6	sigmas6 7	sigmas6 8	sigmas6 9	weight 1	weight 2	weight 3	weight 4	weight 5	weight 6	weight 7	weight 8	weight 9	proba 1	proba 2	proba 3	proba 4	proba 5	proba 6	proba 7	proba 8	proba 9	
1	2	25.754728704	7242.528	7242.528	100.0	0.99005	0	0	0	0	0	0	0	0	0	0.0	0.0	0.0	0.0	0.0	0.0	0.0	0.0	0.0	0.0	0.0	0.0	0.0	0.0	0.0	0.0	0.0	0.0	0.0	0.0	0.0	0.0	0.0	0.0	0.0	0.0	0.0	0	0	0	0	0	0	0	0	0	0	0	0	0	0	0	0	0	0	0	0	0	0	0	0	0	0	0	0	0	0	0	0	0	0	0	0	0	0	0	0	0	0	0	0	0	0	0	0	0	0	0	0	0	0	0.0	0.0	0.0	0.0	0.0	0.0	0.0	0.0	0.0	0.0	0.0	0.0	0.0	0.0	0.0	0.0	0.0	0.0	
2	4	34.161270489	7239.028	7239.028	100.0	0.99005	0	0	0	0	0	0	0	0	0	1.0	0.0	0.0	0.0	1.0	0.0	0.0	0.0	0.0	0.0	0.0	0.0	0.0	0.0	0.0	0.0	0.0	0.0	0.000476	0.0	0.0	0.0	8.40604	0.0	0.0	0.0	0.0	0	0	0	0	0	0	0	0	0	0	0	0	0	0	0	0	0	0	0	0	0	0	0	0	0	0	0	0	0	0	0	0	0	0	0	0	0	0	0	0	0	0	0	0	0	0	0	0	0	0	0	0	0	0	2102.06	0.0	0.0	0.0	0.118962	0.0	0.0	0.0	0.0	0.0	0.0	0.0	0.0	0.0	0.0	0.0	0.0	0.0	
3	153	125.275663441	6887.472	6887.472	93.629	0.989376	148	0	0	0	1	0	0	0	0	0.000957	0.0	0.0	0.0	1.0	0.0	0.0	0.0	0.0	0.05047	0.0	0.0	0.0	91.0638	0.0	0.0	0.0	0.0	0.000341	0.0	0.0	0.0	91.0638	0.0	0.0	0.0	0.0	0	0	0	0	1	0	0	0	0	15	0	0	0	0	0	0	0	0	93	0	0	0	0	0	0	0	0	7	0	0	0	0	0	0	0	0	1	0	0	0	0	0	0	0	0	32	0	0	0	0	0	0	0	0	2.80551	0.0	0.0	0.0	0.010981	0.0	0.0	0.0	0.0	0.996101	0.0	0.0	0.0	0.003899	0.0	0.0	0.0	0.0	
4	421	148.570604927	6705.806	6705.806	78.5651	0.987352	415	0	0	0	2	0	0	0	0	0.000415	0.0	0.0	0.0	1.0	0.0	0.0	0.0	0.0	0.148634	0.0	0.0	0.0	114.26	0.0	0.0	0.0	0.0	0.000358	0.0	0.0	0.0	57.1302	0.0	0.0	0.0	0.0	3	0	0	0	2	0	0	0	0	44	0	0	0	0	0	0	0	0	254	0	0	0	0	0	0	0	0	32	0	0	0	0	0	0	0	0	8	0	0	0	0	0	0	0	0	74	0	0	0	0	0	0	0	0	1.15875	0.0	0.0	0.0	0.017504	0.0	0.0	0.0	0.0	0.985119	0.0	0.0	0.0	0.014881	0.0	0.0	0.0	0.0	
5	463	151.227202862	6705.806	6880.028	75.1333	0.986778	456	0	0	0	3	0	0	0	0	0.000182	0.0	0.0	0.0	0.9	0.0	0.0	0.0	0.0	0.163783	0.0	0.0	0.0	116.902	0.0	0.0	0.0	0.0	0.000359	0.0	0.0	0.0	38.9673	0.0	0.0	0.0	0.0	3	0	0	0	2	0	0	0	0	46	0	0	0	0	0	0	0	0	276	0	0	0	1	0	0	0	0	37	0	0	0	0	0	0	0	0	8	0	0	0	0	0	0	0	0	86	0	0	0	0	0	0	0	0	0.505556	0.0	0.0	0.0	0.023096	0.0	0.0	0.0	0.0	0.956311	0.0	0.0	0.0	0.043689	0.0	0.0	0.0	0.0	
6	527	163.397557555	6555.361	6555.361	74.7493	0.986711	519	0	0	0	4	0	0	0	0	0.000313	0.0	0.0	0.0	0.91	0.0	0.0	0.0	0.0	0.184876	0.0	0.0	0.0	129.051	0.0	0.0	0.0	0.0	0.000356	0.0	0.0	0.0	32.2628	0.0	0.0	0.0	0.0	3	0	0	0	3	0	0	0	0	53	0	0	0	0	0	0	0	0	311	0	0	0	1	0	0	0	0	44	0	0	0	0	0	0	0	0	11	0	0	0	0	0	0	0	0	97	0	0	0	0	0	0	0	0	0.879441	0.0	0.0	0.0	0.028206	0.0	0.0	0.0	0.0	0.968924	0.0	0.0	0.0	0.031076	0.0	0.0	0.0	0.0	
7	531	177.157190186	6311.278	6311.278	73.022	0.986399	522	0	0	0	5	0	0	0	0	0.000267	0.0	0.0	0.0	0.919	0.0	0.0	0.0	0.0	0.185681	0.0	0.0	0.0	142.81	0.0	0.0	0.0	0.0	0.000356	0.0	0.0	0.0	28.562	0.0	0.0	0.0	0.0	3	0	0	0	4	0	0	0	0	53	0	0	0	0	0	0	0	0	313	0	0	0	1	0	0	0	0	44	0	0	0	0	0	0	0	0	11	0	0	0	0	0	0	0	0	98	0	0	0	0	0	0	0	0	0.751056	0.0	0.0	0.0	0.032176	0.0	0.0	0.0	0.0	0.958919	0.0	0.0	0.0	0.041081	0.0	0.0	0.0	0.0	
8	614	180.315224108	6311.276888888889	6576.25	71.1113	0.986036	604	0	0	0	6	0	0	0	0	0.001256	0.0	0.0	0.0	0.8276	0.0	0.0	0.0	0.0	0.20626	0.0	0.0	0.0	145.947	0.0	0.0	0.0	0.0	0.000341	0.0	0.0	0.0	24.3245	0.0	0.0	0.0	0.0	4	0	0	0	4	0	0	0	0	58	0	0	0	1	0	0	0	0	352	0	0	0	1	0	0	0	0	53	0	0	0	0	0	0	0	0	12	0	0	0	0	0	0	0	0	125	0	0	0	0	0	0	0	0	3.67659	0.0	0.0	0.0	0.034023	0.0	0.0	0.0	0.0	0.990831	0.0	0.0	0.0	0.009169	0.0	0.0	0.0	0.0	
9	645	189.297666789	6311.276888888889	6583.667	70.6822	0.985952	634	0	0	0	7	0	0	0	0	0.00026	0.0	0.0	0.0	0.74534	0.0	0.0	0.0	0.0	0.214481	0.0	0.0	0.0	154.921	0.0	0.0	0.0	0.0	0.000338	0.0	0.0	0.0	22.1316	0.0	0.0	0.0	0.0	4	0	0	0	4	0	0	0	0	58	0	0	0	2	0	0	0	0	370	0	0	0	1	0	0	0	0	57	0	0	0	0	0	0	0	0	13	0	0	0	0	0	0	0	0	132	0	0	0	0	0	0	0	0	0.769729	0.0	0.0	0.0	0.033678	0.0	0.0	0.0	0.0	0.958082	0.0	0.0	0.0	0.041918	0.0	0.0	0.0	0.0	
10	740	202.484354527	6311.276888888889	6707.0	69.469	0.985708	728	0	0	0	8	0	0	0	0	0.000142	0.0	0.0	0.0	0.671306	0.0	0.0	0.0	0.0	0.238011	0.0	0.0	0.0	168.085	0.0	0.0	0.0	0.0	0.000327	0.0	0.0	0.0	21.0106	0.0	0.0	0.0	0.0	4	0	0	0	4	0	0	0	0	66	0	0	0	3	0	0	0	0	417	0	0	0	1	0	0	0	0	66	0	0	0	0	0	0	0	0	16	0	0	0	0	0	0	0	0	159	0	0	0	0	0	0	0	0	0.435534	0.0	0.0	0.0	0.031951	0.0	0.0	0.0	0.0	0.931654	0.0	0.0	0.0	0.068346	0.0	0.0	0.0	0.0	
11	829	210.108007973	6311.276888888889	6667.667	67.6311	0.985323	816	0	0	0	9	0	0	0	0	0.000599	0.0	0.0	0.0	0.604675	0.0	0.0	0.0	0.0	1.00916	0.0	0.0	0.0	174.937	0.0	0.0	0.0	0.0	0.001237	0.0	0.0	0.0	19.4374	0.0	0.0	0.0	0.0	4	0	0	0	4	0	0	0	0	81	0	0	0	4	0	0	0	0	468	0	0	0	1	0	0	0	0	75	0	0	0	0	0	0	0	0	17	0	0	0	0	0	0	0	0	171	0	0	0	0	0	0	0	0	0.484178	0.0	0.0	0.0	0.031109	0.0	0.0	0.0	0.0	0.939628	0.0	0.0	0.0	0.060372	0.0	0.0	0.0	0.0	
12	834	321.319368304	6161.861	6161.861	66.7451	0.985129	820	0	0	0	10	0	0	0	0	0.000997	0.0	0.0	0.0	0.644208	0.0	0.0	0.0	0.0	1.01018	0.0	0.0	0.0	286.147	0.0	0.0	0.0	0.0	0.001232	0.0	0.0	0.0	28.6147	0.0	0.0	0.0	0.0	4	0	0	0	5	0	0	0	0	83	0	0	0	4	0	0	0	0	468	0	0	0	1	0	0	0	0	75	0	0	0	0	0	0	0	0	17	0	0	0	0	0	0	0	0	173	0	0	0	0	0	0	0	0	0.809663	0.0	0.0	0.0	0.022513	0.0	0.0	0.0	0.0	0.972947	0.0	0.0	0.0	0.027053	0.0	0.0	0.0	0.0	
13	942	439.110698621	6028.639	6028.639	53.8844	0.981613	927	0	0	0	11	0	0	0	0	0.000949	0.0	0.0	0.0	0.679787	0.0	0.0	0.0	0.0	1.03639	0.0	0.0	0.0	403.912	0.0	0.0	0.0	0.0	0.001118	0.0	0.0	0.0	36.7193	0.0	0.0	0.0	0.0	7	0	0	0	6	0	0	0	0	83	0	0	0	4	0	0	0	0	523	0	0	0	1	0	0	0	0	86	0	0	0	0	0	0	0	0	20	0	0	0	0	0	0	0	0	208	0	0	0	0	0	0	0	0	0.849203	0.0	0.0	0.0	0.018513	0.0	0.0	0.0	0.0	0.978665	0.0	0.0	0.0	0.021335	0.0	0.0	0.0	0.0	
14	1066	448.975714107	5987.611	5987.611	42.9565	0.976989	1050	0	0	0	12	0	0	0	0	0.000336	0.0	0.0	0.0	0.711808	0.0	0.0	0.0	0.0	1.06312	0.0	0.0	0.0	413.751	0.0	0.0	0.0	0.0	0.001012	0.0	0.0	0.0	34.4792	0.0	0.0	0.0	0.0	9	0	0	0	7	0	0	0	0	89	0	0	0	4	0	0	0	0	584	0	0	0	1	0	0	0	0	102	0	0	0	0	0	0	0	0	24	0	0	0	0	0	0	0	0	242	0	0	0	0	0	0	0	0	0.331697	0.0	0.0	0.0	0.020645	0.0	0.0	0.0	0.0	0.941407	0.0	0.0	0.0	0.058592	0.0	0.0	0.0	0.0	
15	1074	461.968026613	5987.611	6013.389	42.1508	0.976555	1057	0	0	0	13	0	0	0	0	0.000228	0.0	0.0	0.0	0.641128	0.0	0.0	0.0	0.0	1.06505	0.0	0.0	0.0	426.741	0.0	0.0	0.0	0.0	0.001008	0.0	0.0	0.0	32.8262	0.0	0.0	0.0	0.0	9	0	0	0	7	0	0	0	0	89	0	0	0	5	0	0	0	0	589	0	0	0	1	0	0	0	0	102	0	0	0	0	0	0	0	0	24	0	0	0	0	0	0	0	0	244	0	0	0	0	0	0	0	0	0.226516	0.0	0.0	0.0	0.019531	0.0	0.0	0.0	0.0	0.920621	0.0	0.0	0.0	0.079379	0.0	0.0	0.0	0.0	
16	1172	467.244924205	5965.527888888887	5995.25	41.1085	0.975968	1154	0	0	0	14	0	0	0	0	0.000513	0.0	0.0	0.0	0.577515	0.0	0.0	0.0	0.0	1.08665	0.0	0.0	0.0	431.996	0.0	0.0	0.0	0.0	0.000942	0.0	0.0	0.0	30.8569	0.0	0.0	0.0	0.0	10	0	0	0	7	0	0	0	0	93	0	0	0	6	0	0	0	0	631	0	0	0	1	0	0	0	0	113	0	0	0	0	0	0	0	0	26	0	0	0	0	0	0	0	0	281	0	0	0	0	0	0	0	0	0.544889	0.0	0.0	0.0	0.018716	0.0	0.0	0.0	0.0	0.966792	0.0	0.0	0.0	0.033208	0.0	0.0	0.0	0.0	
17	1181	479.291123643	5771.056	5771.056	40.6947	0.975726	1162	0	0	0	15	0	0	0	0	0.000546	0.0	0.0	0.0	0.619763	0.0	0.0	0.0	0.0	1.0894	0.0	0.0	0.0	444.04	0.0	0.0	0.0	0.0	0.000938	0.0	0.0	0.0	29.6026	0.0	0.0	0.0	0.0	10	0	0	0	8	0	0	0	0	94	0	0	0	6	0	0	0	0	633	0	0	0	1	0	0	0	0	116	0	0	0	0	0	0	0	0	26	0	0	0	0	0	0	0	0	283	0	0	0	0	0	0	0	0	0.582697	0.0	0.0	0.0	0.020936	0.0	0.0	0.0	0.0	0.965317	0.0	0.0	0.0	0.034684	0.0	0.0	0.0	0.0	
18	1259	491.162818728	5764.905999999999	5853.722	39.7611	0.975163	1239	0	0	0	16	0	0	0	0	0.001516	0.0	0.0	0.0	0.558287	0.0	0.0	0.0	0.0	1.10818	0.0	0.0	0.0	455.892	0.0	0.0	0.0	0.0	0.000894	0.0	0.0	0.0	28.4933	0.0	0.0	0.0	0.0	11	0	0	0	8	0	0	0	0	96	0	0	0	7	0	0	0	0	664	0	0	0	1	0	0	0	0	123	0	0	0	0	0	0	0	0	29	0	0	0	0	0	0	0	0	316	0	0	0	0	0	0	0	0	1.69486	0.0	0.0	0.0	0.019594	0.0	0.0	0.0	0.0	0.988571	0.0	0.0	0.0	0.011428	0.0	0.0	0.0	0.0	
19	1282	507.271489585	5736.306	5736.306	38.864	0.974597	1261	0	0	0	17	0	0	0	0	0.000603	0.0	0.0	0.0	0.602458	0.0	0.0	0.0	0.0	1.11498	0.0	0.0	0.0	471.994	0.0	0.0	0.0	0.0	0.000884	0.0	0.0	0.0	27.7644	0.0	0.0	0.0	0.0	11	0	0	0	9	0	0	0	0	97	0	0	0	7	0	0	0	0	673	0	0	0	1	0	0	0	0	124	0	0	0	0	0	0	0	0	29	0	0	0	0	0	0	0	0	327	0	0	0	0	0	0	0	0	0.681531	0.0	0.0	0.0	0.021699	0.0	0.0	0.0	0.0	0.969144	0.0	0.0	0.0	0.030856	0.0	0.0	0.0	0.0	
20	1386	517.897462177	5734.251555555553	5798.472	37.6725	0.973805	1364	0	0	0	18	0	0	0	0	0.002407	0.0	0.0	0.0	0.542712	0.0	0.0	0.0	0.0	1.19574	0.0	0.0	0.0	482.539	0.0	0.0	0.0	0.0	0.000877	0.0	0.0	0.0	26.8077	0.0	0.0	0.0	0.0	14	0	0	0	9	0	0	0	0	106	0	0	0	8	0	0	0	0	718	0	0	0	1	0	0	0	0	131	0	0	0	0	0	0	0	0	30	0	0	0	0	0	0	0	0	365	0	0	0	0	0	0	0	0	2.74569	0.0	0.0	0.0	0.020245	0.0	0.0	0.0	0.0	0.992681	0.0	0.0	0.0	0.007319	0.0	0.0	0.0	0.0	
21	1424	566.481867201	5734.251555555553	5775.389	36.915	0.973274	1401	0	0	0	19	0	0	0	0	0.000597	0.0	0.0	0.0	0.488941	0.0	0.0	0.0	0.0	1.20586	0.0	0.0	0.0	531.114	0.0	0.0	0.0	0.0	0.000861	0.0	0.0	0.0	27.9533	0.0	0.0	0.0	0.0	14	0	0	0	9	0	0	0	0	110	0	0	0	9	0	0	0	0	728	0	0	0	1	0	0	0	0	134	0	0	0	0	0	0	0	0	31	0	0	0	0	0	0	0	0	384	0	0	0	0	0	0	0	0	0.693254	0.0	0.0	0.0	0.017491	0.0	0.0	0.0	0.0	0.97539	0.0	0.0	0.0	0.02461	0.0	0.0	0.0	0.0	
22	1436	589.380428589	5665.417	5665.417	33.6208	0.970695	1412	0	0	0	20	0	0	0	0	0.000495	0.0	0.0	0.0	0.540047	0.0	0.0	0.0	0.0	1.20963	0.0	0.0	0.0	554.008	0.0	0.0	0.0	0.0	0.000857	0.0	0.0	0.0	27.7004	0.0	0.0	0.0	0.0	14	0	0	0	10	0	0	0	0	111	0	0	0	9	0	0	0	0	733	0	0	0	1	0	0	0	0	135	0	0	0	0	0	0	0	0	31	0	0	0	0	0	0	0	0	388	0	0	0	0	0	0	0	0	0.577432	0.0	0.0	0.0	0.019496	0.0	0.0	0.0	0.0	0.967339	0.0	0.0	0.0	0.032661	0.0	0.0	0.0	0.0	
23	1472	595.229453518	5646.278	5646.278	32.1712	0.969394	1447	0	0	0	21	0	0	0	0	0.000499	0.0	0.0	0.0	0.586042	0.0	0.0	0.0	0.0	1.22039	0.0	0.0	0.0	559.847	0.0	0.0	0.0	0.0	0.000843	0.0	0.0	0.0	26.6594	0.0	0.0	0.0	0.0	14	0	0	0	11	0	0	0	0	114	0	0	0	9	0	0	0	0	746	0	0	0	1	0	0	0	0	140	0	0	0	0	0	0	0	0	31	0	0	0	0	0	0	0	0	402	0	0	0	0	0	0	0	0	0.591268	0.0	0.0	0.0	0.021983	0.0	0.0	0.0	0.0	0.964154	0.0	0.0	0.0	0.035846	0.0	0.0	0.0	0.0	
24	1637	606.757321435	5634.761333333333	5757.722	31.8076	0.96905	1611	0	0	0	22	0	0	0	0	0.000398	0.0	0.0	0.0	0.527438	0.0	0.0	0.0	0.0	1.28887	0.0	0.0	0.0	571.306	0.0	0.0	0.0	0.0	0.0008	0.0	0.0	0.0	25.9684	0.0	0.0	0.0	0.0	16	0	0	0	11	0	0	0	0	122	0	0	0	9	0	0	0	0	811	0	0	0	2	0	0	0	0	158	0	0	0	0	0	0	0	0	31	0	0	0	0	0	0	0	0	473	0	0	0	0	0	0	0	0	0.497767	0.0	0.0	0.0	0.020311	0.0	0.0	0.0	0.0	0.960796	0.0	0.0	0.0	0.039204	0.0	0.0	0.0	0.0	
25	1684	609.431399341	5634.761333333333	5830.917	31.1133	0.96837	1657	0	0	0	23	0	0	0	0	5.7e-5	0.0	0.0	0.0	0.474694	0.0	0.0	0.0	0.0	1.30002	0.0	0.0	0.0	573.969	0.0	0.0	0.0	0.0	0.000785	0.0	0.0	0.0	24.9552	0.0	0.0	0.0	0.0	16	0	0	0	11	0	0	0	0	123	0	0	0	9	0	0	0	0	825	0	0	0	3	0	0	0	0	165	0	0	0	0	0	0	0	0	32	0	0	0	0	0	0	0	0	496	0	0	0	0	0	0	0	0	0.072574	0.0	0.0	0.0	0.019022	0.0	0.0	0.0	0.0	0.792329	0.0	0.0	0.0	0.207671	0.0	0.0	0.0	0.0	
26	1685	611.642314809	5634.761333333333	5830.917	30.9542	0.968211	1657	0	0	0	24	0	0	0	0	5.7e-5	0.0	0.0	0.0	0.427225	0.0	0.0	0.0	0.0	1.30002	0.0	0.0	0.0	576.18	0.0	0.0	0.0	0.0	0.000785	0.0	0.0	0.0	24.0075	0.0	0.0	0.0	0.0	16	0	0	0	11	0	0	0	0	123	0	0	0	9	0	0	0	0	825	0	0	0	4	0	0	0	0	165	0	0	0	0	0	0	0	0	32	0	0	0	0	0	0	0	0	496	0	0	0	0	0	0	0	0	0.072574	0.0	0.0	0.0	0.017796	0.0	0.0	0.0	0.0	0.803082	0.0	0.0	0.0	0.196918	0.0	0.0	0.0	0.0	
27	1688	616.140865992	5634.761333333333	5830.917	30.8228	0.968077	1659	0	0	0	25	0	0	0	0	5.0e-5	0.0	0.0	0.0	0.384502	0.0	0.0	0.0	0.0	1.30037	0.0	0.0	0.0	580.678	0.0	0.0	0.0	0.0	0.000784	0.0	0.0	0.0	23.2271	0.0	0.0	0.0	0.0	16	0	0	0	11	0	0	0	0	123	0	0	0	9	0	0	0	0	825	0	0	0	5	0	0	0	0	165	0	0	0	0	0	0	0	0	32	0	0	0	0	0	0	0	0	498	0	0	0	0	0	0	0	0	0.063823	0.0	0.0	0.0	0.016554	0.0	0.0	0.0	0.0	0.794046	0.0	0.0	0.0	0.205954	0.0	0.0	0.0	0.0	
28	1732	622.416662823	5605.833	5605.833	30.5566	0.967804	1702	0	0	0	26	0	0	0	0	0.000422	0.0	0.0	0.0	0.446052	0.0	0.0	0.0	0.0	1.31048	0.0	0.0	0.0	586.943	0.0	0.0	0.0	0.0	0.00077	0.0	0.0	0.0	22.5747	0.0	0.0	0.0	0.0	16	0	0	0	12	0	0	0	0	127	0	0	0	9	0	0	0	0	845	0	0	0	5	0	0	0	0	169	0	0	0	0	0	0	0	0	32	0	0	0	0	0	0	0	0	513	0	0	0	0	0	0	0	0	0.547927	0.0	0.0	0.0	0.019759	0.0	0.0	0.0	0.0	0.965194	0.0	0.0	0.0	0.034806	0.0	0.0	0.0	0.0	
29	1759	802.949844585	5540.222	5540.222	30.1901	0.967419	1728	0	0	0	27	0	0	0	0	0.015458	0.0	0.0	0.0	0.501447	0.0	0.0	0.0	0.0	1.31529	0.0	0.0	0.0	767.472	0.0	0.0	0.0	0.0	0.000761	0.0	0.0	0.0	28.4249	0.0	0.0	0.0	0.0	17	0	0	0	13	0	0	0	0	128	0	0	0	9	0	0	0	0	852	0	0	0	5	0	0	0	0	170	0	0	0	0	0	0	0	0	32	0	0	0	0	0	0	0	0	529	0	0	0	0	0	0	0	0	20.3087	0.0	0.0	0.0	0.017641	0.0	0.0	0.0	0.0	0.999132	0.0	0.0	0.0	0.000868	0.0	0.0	0.0	0.0	
30	1957	805.86540234	5478.870888888889	5571.778	21.3276	0.954195	1925	0	0	0	28	0	0	0	0	6.5e-5	0.0	0.0	0.0	0.451302	0.0	0.0	0.0	0.0	1.38878	0.0	0.0	0.0	770.314	0.0	0.0	0.0	0.0	0.000721	0.0	0.0	0.0	27.5112	0.0	0.0	0.0	0.0	18	0	0	0	13	0	0	0	0	139	0	0	0	9	0	0	0	0	925	0	0	0	6	0	0	0	0	191	0	0	0	0	0	0	0	0	40	0	0	0	0	0	0	0	0	612	0	0	0	0	0	0	0	0	0.090207	0.0	0.0	0.0	0.016404	0.0	0.0	0.0	0.0	0.84613	0.0	0.0	0.0	0.15387	0.0	0.0	0.0	0.0	
31	1958	811.996144623	5445.056	5445.056	21.2113	0.953949	1925	0	0	0	29	0	0	0	0	6.5e-5	0.0	0.0	0.0	0.506172	0.0	0.0	0.0	0.0	1.38878	0.0	0.0	0.0	776.444	0.0	0.0	0.0	0.0	0.000721	0.0	0.0	0.0	26.7739	0.0	0.0	0.0	0.0	18	0	0	0	14	0	0	0	0	139	0	0	0	9	0	0	0	0	925	0	0	0	6	0	0	0	0	191	0	0	0	0	0	0	0	0	40	0	0	0	0	0	0	0	0	612	0	0	0	0	0	0	0	0	0.090207	0.0	0.0	0.0	0.018905	0.0	0.0	0.0	0.0	0.826735	0.0	0.0	0.0	0.173265	0.0	0.0	0.0	0.0	
32	1971	992.13493694	5207.056	5207.056	20.9624	0.953416	1937	0	0	0	30	0	0	0	0	0.000251	0.0	0.0	0.0	0.555555	0.0	0.0	0.0	0.0	1.39252	0.0	0.0	0.0	956.579	0.0	0.0	0.0	0.0	0.000719	0.0	0.0	0.0	31.886	0.0	0.0	0.0	0.0	18	0	0	0	15	0	0	0	0	140	0	0	0	9	0	0	0	0	929	0	0	0	6	0	0	0	0	195	0	0	0	0	0	0	0	0	40	0	0	0	0	0	0	0	0	615	0	0	0	0	0	0	0	0	0.348598	0.0	0.0	0.0	0.017423	0.0	0.0	0.0	0.0	0.952398	0.0	0.0	0.0	0.047602	0.0	0.0	0.0	0.0	
33	1974	1172.297563489	5192.056	5192.056	14.8221	0.934759	1939	0	0	0	31	0	0	0	0	0.000225	0.0	0.0	0.0	0.599999	0.0	0.0	0.0	0.0	1.39292	0.0	0.0	0.0	1136.74	0.0	0.0	0.0	0.0	0.000718	0.0	0.0	0.0	36.6691	0.0	0.0	0.0	0.0	18	0	0	0	16	0	0	0	0	140	0	0	0	9	0	0	0	0	929	0	0	0	6	0	0	0	0	195	0	0	0	0	0	0	0	0	40	0	0	0	0	0	0	0	0	617	0	0	0	0	0	0	0	0	0.313144	0.0	0.0	0.0	0.016362	0.0	0.0	0.0	0.0	0.950342	0.0	0.0	0.0	0.049658	0.0	0.0	0.0	0.0	
34	1976	1174.606024528	5192.056	5192.056	10.4798	0.90899	1940	0	0	0	32	0	0	0	0	0.000213	0.0	0.0	0.0	0.539999	0.0	0.0	0.0	0.0	1.39341	0.0	0.0	0.0	1139.05	0.0	0.0	0.0	0.0	0.000718	0.0	0.0	0.0	35.5953	0.0	0.0	0.0	0.0	18	0	0	0	16	0	0	0	0	140	0	0	0	9	0	0	0	0	929	0	0	0	7	0	0	0	0	196	0	0	0	0	0	0	0	0	40	0	0	0	0	0	0	0	0	617	0	0	0	0	0	0	0	0	0.296717	0.0	0.0	0.0	0.01517	0.0	0.0	0.0	0.0	0.951359	0.0	0.0	0.0	0.048641	0.0	0.0	0.0	0.0	
35	2097	1354.797804784	5192.030444444445	5206.167	10.4328	0.908598	2060	0	0	0	33	0	0	0	0	0.000407	0.0	0.0	0.0	0.486499	0.0	0.0	0.0	0.0	1.42364	0.0	0.0	0.0	1319.21	0.0	0.0	0.0	0.0	0.000691	0.0	0.0	0.0	39.9761	0.0	0.0	0.0	0.0	19	0	0	0	16	0	0	0	0	144	0	0	0	10	0	0	0	0	979	0	0	0	7	0	0	0	0	220	0	0	0	0	0	0	0	0	42	0	0	0	0	0	0	0	0	656	0	0	0	0	0	0	0	0	0.58839	0.0	0.0	0.0	0.01217	0.0	0.0	0.0	0.0	0.979736	0.0	0.0	0.0	0.020264	0.0	0.0	0.0	0.0	
36	2131	1367.293225598	5168.194	5168.194	7.37629	0.873218	2093	0	0	0	34	0	0	0	0	0.000331	0.0	0.0	0.0	0.53785	0.0	0.0	0.0	0.0	1.4314	0.0	0.0	0.0	1331.7	0.0	0.0	0.0	0.0	0.000684	0.0	0.0	0.0	39.1676	0.0	0.0	0.0	0.0	19	0	0	0	17	0	0	0	0	147	0	0	0	10	0	0	0	0	991	0	0	0	7	0	0	0	0	226	0	0	0	0	0	0	0	0	42	0	0	0	0	0	0	0	0	668	0	0	0	0	0	0	0	0	0.484534	0.0	0.0	0.0	0.013732	0.0	0.0	0.0	0.0	0.97244	0.0	0.0	0.0	0.02756	0.0	0.0	0.0	0.0	
37	2295	1373.140018508	5165.168444444445	5182.611	7.2003	0.87033	2256	0	0	0	35	0	0	0	0	9.8e-5	0.0	0.0	0.0	0.484565	0.0	0.0	0.0	0.0	1.49312	0.0	0.0	0.0	1337.48	0.0	0.0	0.0	0.0	0.000662	0.0	0.0	0.0	38.2138	0.0	0.0	0.0	0.0	22	0	0	0	17	0	0	0	0	150	0	0	0	11	0	0	0	0	1038	0	0	0	7	0	0	0	0	258	0	0	0	0	0	0	0	0	48	0	0	0	0	0	0	0	0	740	0	0	0	0	0	0	0	0	0.148348	0.0	0.0	0.0	0.01268	0.0	0.0	0.0	0.0	0.921254	0.0	0.0	0.0	0.078746	0.0	0.0	0.0	0.0	
38	2340	1401.200823075	5162.333	5162.333	7.12044	0.868975	2300	0	0	0	36	0	0	0	0	0.000239	0.0	0.0	0.0	0.536108	0.0	0.0	0.0	0.0	1.50456	0.0	0.0	0.0	1365.53	0.0	0.0	0.0	0.0	0.000654	0.0	0.0	0.0	37.9315	0.0	0.0	0.0	0.0	22	0	0	0	18	0	0	0	0	154	0	0	0	11	0	0	0	0	1044	0	0	0	7	0	0	0	0	266	0	0	0	0	0	0	0	0	51	0	0	0	0	0	0	0	0	763	0	0	0	0	0	0	0	0	0.36538	0.0	0.0	0.0	0.014134	0.0	0.0	0.0	0.0	0.962759	0.0	0.0	0.0	0.037241	0.0	0.0	0.0	0.0	
39	2484	1403.909245262	5162.304111111111	5181.333	6.74557	0.862219	2443	0	0	0	37	0	0	0	0	0.000123	0.0	0.0	0.0	0.482497	0.0	0.0	0.0	0.0	1.56282	0.0	0.0	0.0	1368.18	0.0	0.0	0.0	0.0	0.00064	0.0	0.0	0.0	36.9779	0.0	0.0	0.0	0.0	24	0	0	0	18	0	0	0	0	154	0	0	0	11	0	0	0	0	1087	0	0	0	8	0	0	0	0	292	0	0	0	0	0	0	0	0	53	0	0	0	0	0	0	0	0	833	0	0	0	0	0	0	0	0	0.192411	0.0	0.0	0.0	0.013048	0.0	0.0	0.0	0.0	0.936492	0.0	0.0	0.0	0.063508	0.0	0.0	0.0	0.0	
40	2523	1432.852602581	5162.304111111111	5169.833	6.71113	0.861564	2481	0	0	0	38	0	0	0	0	0.000126	0.0	0.0	0.0	0.434748	0.0	0.0	0.0	0.0	1.57232	0.0	0.0	0.0	1397.12	0.0	0.0	0.0	0.0	0.000634	0.0	0.0	0.0	36.7662	0.0	0.0	0.0	0.0	24	0	0	0	18	0	0	0	0	156	0	0	0	12	0	0	0	0	1102	0	0	0	8	0	0	0	0	295	0	0	0	0	0	0	0	0	55	0	0	0	0	0	0	0	0	849	0	0	0	0	0	0	0	0	0.199471	0.0	0.0	0.0	0.011825	0.0	0.0	0.0	0.0	0.944037	0.0	0.0	0.0	0.055963	0.0	0.0	0.0	0.0	
41	2524	1442.778545584	5151.833	5151.833	6.34771	0.854245	2481	0	0	0	39	0	0	0	0	0.000126	0.0	0.0	0.0	0.491273	0.0	0.0	0.0	0.0	1.57232	0.0	0.0	0.0	1407.04	0.0	0.0	0.0	0.0	0.000634	0.0	0.0	0.0	36.078	0.0	0.0	0.0	0.0	24	0	0	0	19	0	0	0	0	156	0	0	0	12	0	0	0	0	1102	0	0	0	8	0	0	0	0	295	0	0	0	0	0	0	0	0	55	0	0	0	0	0	0	0	0	849	0	0	0	0	0	0	0	0	0.199471	0.0	0.0	0.0	0.013617	0.0	0.0	0.0	0.0	0.936097	0.0	0.0	0.0	0.063903	0.0	0.0	0.0	0.0	
42	2525	1445.02189282	5151.833	5151.833	6.22762	0.851654	2481	0	0	0	40	0	0	0	0	0.000126	0.0	0.0	0.0	0.442146	0.0	0.0	0.0	0.0	1.57232	0.0	0.0	0.0	1409.29	0.0	0.0	0.0	0.0	0.000634	0.0	0.0	0.0	35.2322	0.0	0.0	0.0	0.0	24	0	0	0	19	0	0	0	0	156	0	0	0	12	0	0	0	0	1102	0	0	0	9	0	0	0	0	295	0	0	0	0	0	0	0	0	55	0	0	0	0	0	0	0	0	849	0	0	0	0	0	0	0	0	0.199471	0.0	0.0	0.0	0.01255	0.0	0.0	0.0	0.0	0.94081	0.0	0.0	0.0	0.05919	0.0	0.0	0.0	0.0	
43	2635	1450.746129722	5144.320777777778	5155.333	6.20028	0.851051	2590	0	0	0	41	0	0	0	0	0.000237	0.0	0.0	0.0	0.398431	0.0	0.0	0.0	0.0	1.61548	0.0	0.0	0.0	1414.97	0.0	0.0	0.0	0.0	0.000624	0.0	0.0	0.0	34.5114	0.0	0.0	0.0	0.0	25	0	0	0	19	0	0	0	0	157	0	0	0	13	0	0	0	0	1137	0	0	0	9	0	0	0	0	311	0	0	0	0	0	0	0	0	56	0	0	0	0	0	0	0	0	904	0	0	0	0	0	0	0	0	0.380341	0.0	0.0	0.0	0.011545	0.0	0.0	0.0	0.0	0.97054	0.0	0.0	0.0	0.02946	0.0	0.0	0.0	0.0	
44	2780	1467.9330056	5112.056	5112.056	6.13249	0.849535	2734	0	0	0	42	0	0	0	0	0.000311	0.0	0.0	0.0	0.458588	0.0	0.0	0.0	0.0	1.64747	0.0	0.0	0.0	1432.12	0.0	0.0	0.0	0.0	0.000603	0.0	0.0	0.0	34.0981	0.0	0.0	0.0	0.0	29	0	0	0	20	0	0	0	0	162	0	0	0	13	0	0	0	0	1171	0	0	0	9	0	0	0	0	336	0	0	0	0	0	0	0	0	60	0	0	0	0	0	0	0	0	976	0	0	0	0	0	0	0	0	0.515448	0.0	0.0	0.0	0.013449	0.0	0.0	0.0	0.0	0.974571	0.0	0.0	0.0	0.025428	0.0	0.0	0.0	0.0	
45	2965	1498.294654894	5075.139	5075.139	5.93278	0.844885	2918	0	0	0	43	0	0	0	0	0.00035	0.0	0.0	0.0	0.512729	0.0	0.0	0.0	0.0	1.69918	0.0	0.0	0.0	1462.43	0.0	0.0	0.0	0.0	0.000582	0.0	0.0	0.0	34.01	0.0	0.0	0.0	0.0	34	0	0	0	21	0	0	0	0	166	0	0	0	13	0	0	0	0	1220	0	0	0	9	0	0	0	0	365	0	0	0	0	0	0	0	0	66	0	0	0	0	0	0	0	0	1067	0	0	0	0	0	0	0	0	0.601366	0.0	0.0	0.0	0.015076	0.0	0.0	0.0	0.0	0.975544	0.0	0.0	0.0	0.024456	0.0	0.0	0.0	0.0	
46	3104	1504.022275447	5064.639	5064.639	5.59633	0.836366	3056	0	0	0	44	0	0	0	0	8.4e-5	0.0	0.0	0.0	0.561456	0.0	0.0	0.0	0.0	1.73066	0.0	0.0	0.0	1468.13	0.0	0.0	0.0	0.0	0.000566	0.0	0.0	0.0	33.3665	0.0	0.0	0.0	0.0	36	0	0	0	22	0	0	0	0	166	0	0	0	13	0	0	0	0	1257	0	0	0	9	0	0	0	0	395	0	0	0	0	0	0	0	0	70	0	0	0	0	0	0	0	0	1132	0	0	0	0	0	0	0	0	0.148209	0.0	0.0	0.0	0.016827	0.0	0.0	0.0	0.0	0.898041	0.0	0.0	0.0	0.101959	0.0	0.0	0.0	0.0	
47	3113	1514.118209563	5064.139	5064.139	5.5353	0.83472	3064	0	0	0	45	0	0	0	0	5.2e-5	0.0	0.0	0.0	0.605311	0.0	0.0	0.0	0.0	1.73262	0.0	0.0	0.0	1478.22	0.0	0.0	0.0	0.0	0.000565	0.0	0.0	0.0	32.8494	0.0	0.0	0.0	0.0	36	0	0	0	23	0	0	0	0	166	0	0	0	13	0	0	0	0	1258	0	0	0	9	0	0	0	0	397	0	0	0	0	0	0	0	0	70	0	0	0	0	0	0	0	0	1137	0	0	0	0	0	0	0	0	0.092804	0.0	0.0	0.0	0.018427	0.0	0.0	0.0	0.0	0.834337	0.0	0.0	0.0	0.165663	0.0	0.0	0.0	0.0	
48	3391	1521.713950765	5050.75	5050.75	5.42806	0.831746	3341	0	0	0	46	0	0	0	0	0.000428	0.0	0.0	0.0	0.64478	0.0	0.0	0.0	0.0	1.80585	0.0	0.0	0.0	1485.74	0.0	0.0	0.0	0.0	0.000541	0.0	0.0	0.0	32.2988	0.0	0.0	0.0	0.0	41	0	0	0	24	0	0	0	0	168	0	0	0	13	0	0	0	0	1341	0	0	0	9	0	0	0	0	441	0	0	0	0	0	0	0	0	77	0	0	0	0	0	0	0	0	1273	0	0	0	0	0	0	0	0	0.791314	0.0	0.0	0.0	0.019963	0.0	0.0	0.0	0.0	0.975393	0.0	0.0	0.0	0.024607	0.0	0.0	0.0	0.0	
49	3446	1534.007631153	5050.75	5050.75	5.34991	0.829511	3395	0	0	0	47	0	0	0	0	0.000143	0.0	0.0	0.0	0.580802	0.0	0.0	0.0	0.0	1.82047	0.0	0.0	0.0	1498.02	0.0	0.0	0.0	0.0	0.000536	0.0	0.0	0.0	31.8728	0.0	0.0	0.0	0.0	41	0	0	0	24	0	0	0	0	170	0	0	0	14	0	0	0	0	1358	0	0	0	9	0	0	0	0	451	0	0	0	0	0	0	0	0	80	0	0	0	0	0	0	0	0	1295	0	0	0	0	0	0	0	0	0.266181	0.0	0.0	0.0	0.018222	0.0	0.0	0.0	0.0	0.935927	0.0	0.0	0.0	0.064073	0.0	0.0	0.0	0.0	
50	3447	1540.714454433	5028.139	5028.139	5.22499	0.825812	3395	0	0	0	48	0	0	0	0	0.000143	0.0	0.0	0.0	0.622721	0.0	0.0	0.0	0.0	1.82047	0.0	0.0	0.0	1504.73	0.0	0.0	0.0	0.0	0.000536	0.0	0.0	0.0	31.3485	0.0	0.0	0.0	0.0	41	0	0	0	25	0	0	0	0	170	0	0	0	14	0	0	0	0	1358	0	0	0	9	0	0	0	0	451	0	0	0	0	0	0	0	0	80	0	0	0	0	0	0	0	0	1295	0	0	0	0	0	0	0	0	0.266181	0.0	0.0	0.0	0.019864	0.0	0.0	0.0	0.0	0.930555	0.0	0.0	0.0	0.069445	0.0	0.0	0.0	0.0	
51	3560	1559.226066643	4978.028	4978.028	5.15774	0.823754	3507	0	0	0	49	0	0	0	0	0.000565	0.0	0.0	0.0	0.660449	0.0	0.0	0.0	0.0	1.84554	0.0	0.0	0.0	1523.22	0.0	0.0	0.0	0.0	0.000526	0.0	0.0	0.0	31.086	0.0	0.0	0.0	0.0	43	0	0	0	26	0	0	0	0	171	0	0	0	14	0	0	0	0	1397	0	0	0	9	0	0	0	0	476	0	0	0	0	0	0	0	0	82	0	0	0	0	0	0	0	0	1338	0	0	0	0	0	0	0	0	1.07291	0.0	0.0	0.0	0.021246	0.0	0.0	0.0	0.0	0.980582	0.0	0.0	0.0	0.019418	0.0	0.0	0.0	0.0	
52	3632	1570.449376692	4963.528	4963.528	4.97711	0.817978	3578	0	0	0	50	0	0	0	0	0.001885	0.0	0.0	0.0	0.694404	0.0	0.0	0.0	0.0	1.88559	0.0	0.0	0.0	1534.4	0.0	0.0	0.0	0.0	0.000527	0.0	0.0	0.0	30.688	0.0	0.0	0.0	0.0	44	0	0	0	27	0	0	0	0	176	0	0	0	14	0	0	0	0	1413	0	0	0	9	0	0	0	0	493	0	0	0	0	0	0	0	0	82	0	0	0	0	0	0	0	0	1370	0	0	0	0	0	0	0	0	3.57603	0.0	0.0	0.0	0.022628	0.0	0.0	0.0	0.0	0.993712	0.0	0.0	0.0	0.006288	0.0	0.0	0.0	0.0	
53	3639	1574.915047099	4958.028	4958.028	4.87114	0.814411	3584	0	0	0	51	0	0	0	0	0.001382	0.0	0.0	0.0	0.724964	0.0	0.0	0.0	0.0	1.88724	0.0	0.0	0.0	1538.86	0.0	0.0	0.0	0.0	0.000527	0.0	0.0	0.0	30.1738	0.0	0.0	0.0	0.0	44	0	0	0	28	0	0	0	0	176	0	0	0	14	0	0	0	0	1414	0	0	0	9	0	0	0	0	495	0	0	0	0	0	0	0	0	82	0	0	0	0	0	0	0	0	1373	0	0	0	0	0	0	0	0	2.62482	0.0	0.0	0.0	0.024026	0.0	0.0	0.0	0.0	0.99093	0.0	0.0	0.0	0.00907	0.0	0.0	0.0	0.0	
54	3721	1586.272513707	4958.019111111112	4959.028	4.82931	0.812964	3665	0	0	0	52	0	0	0	0	0.000843	0.0	0.0	0.0	0.652468	0.0	0.0	0.0	0.0	1.90555	0.0	0.0	0.0	1550.2	0.0	0.0	0.0	0.0	0.00052	0.0	0.0	0.0	29.8116	0.0	0.0	0.0	0.0	45	0	0	0	28	0	0	0	0	176	0	0	0	14	0	0	0	0	1433	0	0	0	10	0	0	0	0	510	0	0	0	0	0	0	0	0	85	0	0	0	0	0	0	0	0	1416	0	0	0	0	0	0	0	0	1.62075	0.0	0.0	0.0	0.021886	0.0	0.0	0.0	0.0	0.986676	0.0	0.0	0.0	0.013324	0.0	0.0	0.0	0.0	
55	3752	1589.664279956	4958.019111111112	4960.028	4.72502	0.809256	3695	0	0	0	53	0	0	0	0	0.000246	0.0	0.0	0.0	0.587221	0.0	0.0	0.0	0.0	1.91283	0.0	0.0	0.0	1553.59	0.0	0.0	0.0	0.0	0.000518	0.0	0.0	0.0	29.313	0.0	0.0	0.0	0.0	45	0	0	0	28	0	0	0	0	177	0	0	0	14	0	0	0	0	1437	0	0	0	11	0	0	0	0	516	0	0	0	0	0	0	0	0	86	0	0	0	0	0	0	0	0	1434	0	0	0	0	0	0	0	0	0.475651	0.0	0.0	0.0	0.020033	0.0	0.0	0.0	0.0	0.959586	0.0	0.0	0.0	0.040414	0.0	0.0	0.0	0.0	
56	3779	1610.362147068	4958.019111111112	4961.278	4.69427	0.808135	3721	0	0	0	54	0	0	0	0	0.000225	0.0	0.0	0.0	0.528999	0.0	0.0	0.0	0.0	1.92104	0.0	0.0	0.0	1574.28	0.0	0.0	0.0	0.0	0.000516	0.0	0.0	0.0	29.1533	0.0	0.0	0.0	0.0	45	0	0	0	28	0	0	0	0	179	0	0	0	15	0	0	0	0	1448	0	0	0	11	0	0	0	0	521	0	0	0	0	0	0	0	0	86	0	0	0	0	0	0	0	0	1442	0	0	0	0	0	0	0	0	0.435468	0.0	0.0	0.0	0.018145	0.0	0.0	0.0	0.0	0.959998	0.0	0.0	0.0	0.040002	0.0	0.0	0.0	0.0	
57	3817	1628.007194787	4937.861	4937.861	4.51097	0.80117	3758	0	0	0	55	0	0	0	0	0.000299	0.0	0.0	0.0	0.576099	0.0	0.0	0.0	0.0	1.93153	0.0	0.0	0.0	1591.91	0.0	0.0	0.0	0.0	0.000514	0.0	0.0	0.0	28.9438	0.0	0.0	0.0	0.0	45	0	0	0	29	0	0	0	0	181	0	0	0	15	0	0	0	0	1457	0	0	0	11	0	0	0	0	527	0	0	0	0	0	0	0	0	88	0	0	0	0	0	0	0	0	1460	0	0	0	0	0	0	0	0	0.581686	0.0	0.0	0.0	0.019904	0.0	0.0	0.0	0.0	0.966914	0.0	0.0	0.0	0.033086	0.0	0.0	0.0	0.0	
58	3938	1639.208833367	4937.856555555555	4939.556	4.36023	0.795054	3878	0	0	0	56	0	0	0	0	0.000114	0.0	0.0	0.0	0.518989	0.0	0.0	0.0	0.0	1.95968	0.0	0.0	0.0	1603.08	0.0	0.0	0.0	0.0	0.000505	0.0	0.0	0.0	28.6265	0.0	0.0	0.0	0.0	46	0	0	0	29	0	0	0	0	182	0	0	0	16	0	0	0	0	1489	0	0	0	11	0	0	0	0	554	0	0	0	0	0	0	0	0	92	0	0	0	0	0	0	0	0	1515	0	0	0	0	0	0	0	0	0.225516	0.0	0.0	0.0	0.01813	0.0	0.0	0.0	0.0	0.92559	0.0	0.0	0.0	0.07441	0.0	0.0	0.0	0.0	
59	3939	1653.97505795	4926.056	4926.056	4.26749	0.791101	3878	0	0	0	57	0	0	0	0	0.000114	0.0	0.0	0.0	0.56709	0.0	0.0	0.0	0.0	1.95968	0.0	0.0	0.0	1617.85	0.0	0.0	0.0	0.0	0.000505	0.0	0.0	0.0	28.3834	0.0	0.0	0.0	0.0	46	0	0	0	30	0	0	0	0	182	0	0	0	16	0	0	0	0	1489	0	0	0	11	0	0	0	0	554	0	0	0	0	0	0	0	0	92	0	0	0	0	0	0	0	0	1515	0	0	0	0	0	0	0	0	0.225516	0.0	0.0	0.0	0.01998	0.0	0.0	0.0	0.0	0.918615	0.0	0.0	0.0	0.081385	0.0	0.0	0.0	0.0	
60	4125	1656.636265984	4925.554888888888	4955.333	4.14758	0.78576	4063	0	0	0	58	0	0	0	0	0.000174	0.0	0.0	0.0	0.510381	0.0	0.0	0.0	0.0	2.00522	0.0	0.0	0.0	1620.47	0.0	0.0	0.0	0.0	0.000494	0.0	0.0	0.0	27.9391	0.0	0.0	0.0	0.0	48	0	0	0	30	0	0	0	0	185	0	0	0	16	0	0	0	0	1538	0	0	0	12	0	0	0	0	583	0	0	0	0	0	0	0	0	94	0	0	0	0	0	0	0	0	1615	0	0	0	0	0	0	0	0	0.351722	0.0	0.0	0.0	0.018268	0.0	0.0	0.0	0.0	0.950627	0.0	0.0	0.0	0.049373	0.0	0.0	0.0	0.0	
61	4141	1659.882312311	4925.554888888888	4960.333	4.12673	0.784803	4078	0	0	0	59	0	0	0	0	0.000226	0.0	0.0	0.0	0.459843	0.0	0.0	0.0	0.0	2.00846	0.0	0.0	0.0	1623.71	0.0	0.0	0.0	0.0	0.000493	0.0	0.0	0.0	27.5205	0.0	0.0	0.0	0.0	48	0	0	0	30	0	0	0	0	186	0	0	0	17	0	0	0	0	1542	0	0	0	12	0	0	0	0	585	0	0	0	0	0	0	0	0	94	0	0	0	0	0	0	0	0	1623	0	0	0	0	0	0	0	0	0.459835	0.0	0.0	0.0	0.016709	0.0	0.0	0.0	0.0	0.964937	0.0	0.0	0.0	0.035063	0.0	0.0	0.0	0.0	
62	4148	1750.829289848	4925.554888888888	4943.861	4.10105	0.783613	4084	0	0	0	60	0	0	0	0	0.000164	0.0	0.0	0.0	0.414359	0.0	0.0	0.0	0.0	2.00964	0.0	0.0	0.0	1714.66	0.0	0.0	0.0	0.0	0.000492	0.0	0.0	0.0	28.5776	0.0	0.0	0.0	0.0	48	0	0	0	30	0	0	0	0	186	0	0	0	18	0	0	0	0	1544	0	0	0	12	0	0	0	0	586	0	0	0	0	0	0	0	0	94	0	0	0	0	0	0	0	0	1626	0	0	0	0	0	0	0	0	0.333893	0.0	0.0	0.0	0.014499	0.0	0.0	0.0	0.0	0.958382	0.0	0.0	0.0	0.041618	0.0	0.0	0.0	0.0	
63	4181	1763.606383659	4925.361	4925.361	3.44262	0.747907	4116	0	0	0	61	0	0	0	0	9.2e-5	0.0	0.0	0.0	0.472923	0.0	0.0	0.0	0.0	2.01707	0.0	0.0	0.0	1727.42	0.0	0.0	0.0	0.0	0.00049	0.0	0.0	0.0	28.3184	0.0	0.0	0.0	0.0	48	0	0	0	31	0	0	0	0	187	0	0	0	18	0	0	0	0	1549	0	0	0	12	0	0	0	0	592	0	0	0	0	0	0	0	0	95	0	0	0	0	0	0	0	0	1645	0	0	0	0	0	0	0	0	0.187825	0.0	0.0	0.0	0.0167	0.0	0.0	0.0	0.0	0.918347	0.0	0.0	0.0	0.081653	0.0	0.0	0.0	0.0	
64	4189	1774.329429549	4925.361	4925.361	3.35905	0.742522	4123	0	0	0	62	0	0	0	0	6.2e-5	0.0	0.0	0.0	0.425631	0.0	0.0	0.0	0.0	2.01896	0.0	0.0	0.0	1738.15	0.0	0.0	0.0	0.0	0.00049	0.0	0.0	0.0	28.0346	0.0	0.0	0.0	0.0	48	0	0	0	31	0	0	0	0	187	0	0	0	18	0	0	0	0	1550	0	0	0	13	0	0	0	0	593	0	0	0	0	0	0	0	0	96	0	0	0	0	0	0	0	0	1649	0	0	0	0	0	0	0	0	0.126225	0.0	0.0	0.0	0.015182	0.0	0.0	0.0	0.0	0.892634	0.0	0.0	0.0	0.107366	0.0	0.0	0.0	0.0	
65	4191	1776.625673994	4925.361	4925.361	3.29046	0.737928	4124	0	0	0	63	0	0	0	0	5.8e-5	0.0	0.0	0.0	0.383067	0.0	0.0	0.0	0.0	2.01933	0.0	0.0	0.0	1740.44	0.0	0.0	0.0	0.0	0.00049	0.0	0.0	0.0	27.6261	0.0	0.0	0.0	0.0	48	0	0	0	31	0	0	0	0	187	0	0	0	18	0	0	0	0	1550	0	0	0	14	0	0	0	0	594	0	0	0	0	0	0	0	0	96	0	0	0	0	0	0	0	0	1649	0	0	0	0	0	0	0	0	0.119162	0.0	0.0	0.0	0.013866	0.0	0.0	0.0	0.0	0.895765	0.0	0.0	0.0	0.104235	0.0	0.0	0.0	0.0	
66	4198	1790.427215156	4912.861	4912.861	3.27595	0.736935	4130	0	0	0	64	0	0	0	0	4.1e-5	0.0	0.0	0.0	0.444761	0.0	0.0	0.0	0.0	2.02083	0.0	0.0	0.0	1754.24	0.0	0.0	0.0	0.0	0.000489	0.0	0.0	0.0	27.41	0.0	0.0	0.0	0.0	48	0	0	0	32	0	0	0	0	187	0	0	0	18	0	0	0	0	1550	0	0	0	14	0	0	0	0	596	0	0	0	0	0	0	0	0	96	0	0	0	0	0	0	0	0	1653	0	0	0	0	0	0	0	0	0.083983	0.0	0.0	0.0	0.016226	0.0	0.0	0.0	0.0	0.838076	0.0	0.0	0.0	0.161924	0.0	0.0	0.0	0.0	
67	4199	1795.123222288	4911.861	4911.861	3.1901	0.730907	4130	0	0	0	65	0	0	0	0	4.1e-5	0.0	0.0	0.0	0.500285	0.0	0.0	0.0	0.0	2.02083	0.0	0.0	0.0	1758.94	0.0	0.0	0.0	0.0	0.000489	0.0	0.0	0.0	27.0606	0.0	0.0	0.0	0.0	48	0	0	0	33	0	0	0	0	187	0	0	0	18	0	0	0	0	1550	0	0	0	14	0	0	0	0	596	0	0	0	0	0	0	0	0	96	0	0	0	0	0	0	0	0	1653	0	0	0	0	0	0	0	0	0.083983	0.0	0.0	0.0	0.018488	0.0	0.0	0.0	0.0	0.819581	0.0	0.0	0.0	0.180419	0.0	0.0	0.0	0.0	
68	4207	1806.698864773	4911.861	4911.861	3.1614	0.728829	4137	0	0	0	66	0	0	0	0	2.6e-5	0.0	0.0	0.0	0.450256	0.0	0.0	0.0	0.0	2.02269	0.0	0.0	0.0	1770.51	0.0	0.0	0.0	0.0	0.000489	0.0	0.0	0.0	26.8259	0.0	0.0	0.0	0.0	48	0	0	0	33	0	0	0	0	187	0	0	0	18	0	0	0	0	1551	0	0	0	15	0	0	0	0	598	0	0	0	0	0	0	0	0	96	0	0	0	0	0	0	0	0	1657	0	0	0	0	0	0	0	0	0.053116	0.0	0.0	0.0	0.016784	0.0	0.0	0.0	0.0	0.759882	0.0	0.0	0.0	0.240118	0.0	0.0	0.0	0.0	
69	4210	1826.720394176	4899.361	4899.361	3.09177	0.723656	4139	0	0	0	67	0	0	0	0	2.3e-5	0.0	0.0	0.0	0.505231	0.0	0.0	0.0	0.0	2.02335	0.0	0.0	0.0	1790.53	0.0	0.0	0.0	0.0	0.000489	0.0	0.0	0.0	26.7244	0.0	0.0	0.0	0.0	48	0	0	0	34	0	0	0	0	187	0	0	0	18	0	0	0	0	1551	0	0	0	15	0	0	0	0	599	0	0	0	0	0	0	0	0	96	0	0	0	0	0	0	0	0	1658	0	0	0	0	0	0	0	0	0.046308	0.0	0.0	0.0	0.018905	0.0	0.0	0.0	0.0	0.710102	0.0	0.0	0.0	0.289898	0.0	0.0	0.0	0.0	
70	4211	1908.038109383	4850.583	4850.583	2.97492	0.714521	4139	0	0	0	68	0	0	0	0	2.3e-5	0.0	0.0	0.0	0.554708	0.0	0.0	0.0	0.0	2.02335	0.0	0.0	0.0	1871.85	0.0	0.0	0.0	0.0	0.000489	0.0	0.0	0.0	27.5272	0.0	0.0	0.0	0.0	48	0	0	0	35	0	0	0	0	187	0	0	0	18	0	0	0	0	1551	0	0	0	15	0	0	0	0	599	0	0	0	0	0	0	0	0	96	0	0	0	0	0	0	0	0	1658	0	0	0	0	0	0	0	0	0.046308	0.0	0.0	0.0	0.020151	0.0	0.0	0.0	0.0	0.696789	0.0	0.0	0.0	0.303211	0.0	0.0	0.0	0.0	
71	4212	1912.247098273	4845.083	4845.083	2.54403	0.674976	4139	0	0	0	69	0	0	0	0	2.3e-5	0.0	0.0	0.0	0.599237	0.0	0.0	0.0	0.0	2.02335	0.0	0.0	0.0	1876.06	0.0	0.0	0.0	0.0	0.000489	0.0	0.0	0.0	27.1893	0.0	0.0	0.0	0.0	48	0	0	0	36	0	0	0	0	187	0	0	0	18	0	0	0	0	1551	0	0	0	15	0	0	0	0	599	0	0	0	0	0	0	0	0	96	0	0	0	0	0	0	0	0	1658	0	0	0	0	0	0	0	0	0.046308	0.0	0.0	0.0	0.02204	0.0	0.0	0.0	0.0	0.677539	0.0	0.0	0.0	0.322461	0.0	0.0	0.0	0.0	
72	4215	1925.590460728	4845.083	4845.083	2.5235	0.672822	4141	0	0	0	70	0	0	0	0	1.9e-5	0.0	0.0	0.0	0.539313	0.0	0.0	0.0	0.0	2.02375	0.0	0.0	0.0	1889.4	0.0	0.0	0.0	0.0	0.000489	0.0	0.0	0.0	26.9915	0.0	0.0	0.0	0.0	48	0	0	0	36	0	0	0	0	187	0	0	0	18	0	0	0	0	1551	0	0	0	16	0	0	0	0	599	0	0	0	0	0	0	0	0	96	0	0	0	0	0	0	0	0	1660	0	0	0	0	0	0	0	0	0.039656	0.0	0.0	0.0	0.019981	0.0	0.0	0.0	0.0	0.664956	0.0	0.0	0.0	0.335044	0.0	0.0	0.0	0.0	
73	4217	1932.749484931	4834.083	4834.083	2.45954	0.665923	4142	0	0	0	71	0	0	0	0	1.8e-5	0.0	0.0	0.0	0.585382	0.0	0.0	0.0	0.0	2.02422	0.0	0.0	0.0	1896.56	0.0	0.0	0.0	0.0	0.000489	0.0	0.0	0.0	26.7121	0.0	0.0	0.0	0.0	48	0	0	0	37	0	0	0	0	187	0	0	0	18	0	0	0	0	1551	0	0	0	16	0	0	0	0	600	0	0	0	0	0	0	0	0	96	0	0	0	0	0	0	0	0	1660	0	0	0	0	0	0	0	0	0.036674	0.0	0.0	0.0	0.021914	0.0	0.0	0.0	0.0	0.625961	0.0	0.0	0.0	0.374039	0.0	0.0	0.0	0.0	
74	4219	1935.942945884	4834.083	4834.083	2.42589	0.662178	4143	0	0	0	72	0	0	0	0	1.6e-5	0.0	0.0	0.0	0.527344	0.0	0.0	0.0	0.0	2.02476	0.0	0.0	0.0	1899.75	0.0	0.0	0.0	0.0	0.000489	0.0	0.0	0.0	26.3855	0.0	0.0	0.0	0.0	48	0	0	0	37	0	0	0	0	187	0	0	0	19	0	0	0	0	1552	0	0	0	16	0	0	0	0	600	0	0	0	0	0	0	0	0	96	0	0	0	0	0	0	0	0	1660	0	0	0	0	0	0	0	0	0.033746	0.0	0.0	0.0	0.019986	0.0	0.0	0.0	0.0	0.628038	0.0	0.0	0.0	0.371962	0.0	0.0	0.0	0.0	
75	4220	2035.482348999	4834.083	4834.083	2.41103	0.660498	4143	0	0	0	73	0	0	0	0	1.6e-5	0.0	0.0	0.0	0.474609	0.0	0.0	0.0	0.0	2.02476	0.0	0.0	0.0	1999.29	0.0	0.0	0.0	0.0	0.000489	0.0	0.0	0.0	27.3876	0.0	0.0	0.0	0.0	48	0	0	0	37	0	0	0	0	187	0	0	0	19	0	0	0	0	1552	0	0	0	17	0	0	0	0	600	0	0	0	0	0	0	0	0	96	0	0	0	0	0	0	0	0	1660	0	0	0	0	0	0	0	0	0.033746	0.0	0.0	0.0	0.017329	0.0	0.0	0.0	0.0	0.660707	0.0	0.0	0.0	0.339293	0.0	0.0	0.0	0.0	
76	4224	2037.738500875	4834.083	4834.083	1.99077	0.605126	4146	0	0	0	74	0	0	0	0	1.3e-5	0.0	0.0	0.0	0.427148	0.0	0.0	0.0	0.0	2.02574	0.0	0.0	0.0	2001.55	0.0	0.0	0.0	0.0	0.000489	0.0	0.0	0.0	27.0479	0.0	0.0	0.0	0.0	48	0	0	0	37	0	0	0	0	187	0	0	0	19	0	0	0	0	1552	0	0	0	18	0	0	0	0	601	0	0	0	0	0	0	0	0	96	0	0	0	0	0	0	0	0	1662	0	0	0	0	0	0	0	0	0.026468	0.0	0.0	0.0	0.015792	0.0	0.0	0.0	0.0	0.626307	0.0	0.0	0.0	0.373693	0.0	0.0	0.0	0.0	
77	4225	2040.706428835	4834.083	4834.083	1.98215	0.603805	4146	0	0	0	75	0	0	0	0	1.3e-5	0.0	0.0	0.0	0.384433	0.0	0.0	0.0	0.0	2.02574	0.0	0.0	0.0	2004.52	0.0	0.0	0.0	0.0	0.000489	0.0	0.0	0.0	26.7269	0.0	0.0	0.0	0.0	48	0	0	0	37	0	0	0	0	187	0	0	0	19	0	0	0	0	1552	0	0	0	19	0	0	0	0	601	0	0	0	0	0	0	0	0	96	0	0	0	0	0	0	0	0	1662	0	0	0	0	0	0	0	0	0.026468	0.0	0.0	0.0	0.014384	0.0	0.0	0.0	0.0	0.647901	0.0	0.0	0.0	0.352099	0.0	0.0	0.0	0.0	
78	4228	2055.323841239	4832.583	4832.583	1.97086	0.602063	4148	0	0	0	76	0	0	0	0	1.1e-5	0.0	0.0	0.0	0.44599	0.0	0.0	0.0	0.0	2.02643	0.0	0.0	0.0	2019.13	0.0	0.0	0.0	0.0	0.000489	0.0	0.0	0.0	26.5675	0.0	0.0	0.0	0.0	48	0	0	0	38	0	0	0	0	187	0	0	0	19	0	0	0	0	1553	0	0	0	19	0	0	0	0	601	0	0	0	0	0	0	0	0	96	0	0	0	0	0	0	0	0	1663	0	0	0	0	0	0	0	0	0.022489	0.0	0.0	0.0	0.016787	0.0	0.0	0.0	0.0	0.572592	0.0	0.0	0.0	0.427408	0.0	0.0	0.0	0.0	
79	4232	2057.580791465	4832.583	4832.583	1.91619	0.593411	4151	0	0	0	77	0	0	0	0	8.0e-6	0.0	0.0	0.0	0.401391	0.0	0.0	0.0	0.0	2.02728	0.0	0.0	0.0	2021.39	0.0	0.0	0.0	0.0	0.000488	0.0	0.0	0.0	26.2518	0.0	0.0	0.0	0.0	48	0	0	0	38	0	0	0	0	187	0	0	0	19	0	0	0	0	1553	0	0	0	20	0	0	0	0	602	0	0	0	0	0	0	0	0	96	0	0	0	0	0	0	0	0	1665	0	0	0	0	0	0	0	0	0.016893	0.0	0.0	0.0	0.01529	0.0	0.0	0.0	0.0	0.524905	0.0	0.0	0.0	0.475095	0.0	0.0	0.0	0.0	
80	4233	2066.970350827	4826.25	4826.25	1.90789	0.592065	4151	0	0	0	78	0	0	0	0	8.0e-6	0.0	0.0	0.0	0.461252	0.0	0.0	0.0	0.0	2.02728	0.0	0.0	0.0	2030.78	0.0	0.0	0.0	0.0	0.000488	0.0	0.0	0.0	26.0356	0.0	0.0	0.0	0.0	48	0	0	0	39	0	0	0	0	187	0	0	0	19	0	0	0	0	1553	0	0	0	20	0	0	0	0	602	0	0	0	0	0	0	0	0	96	0	0	0	0	0	0	0	0	1665	0	0	0	0	0	0	0	0	0.016893	0.0	0.0	0.0	0.017716	0.0	0.0	0.0	0.0	0.488108	0.0	0.0	0.0	0.511892	0.0	0.0	0.0	0.0	
81	4234	2081.290203819	4816.25	4816.25	1.87373	0.586435	4151	0	0	0	79	0	0	0	0	8.0e-6	0.0	0.0	0.0	0.513875	0.0	0.0	0.0	0.0	2.02728	0.0	0.0	0.0	2045.1	0.0	0.0	0.0	0.0	0.000488	0.0	0.0	0.0	25.8873	0.0	0.0	0.0	0.0	48	0	0	0	40	0	0	0	0	187	0	0	0	19	0	0	0	0	1553	0	0	0	20	0	0	0	0	602	0	0	0	0	0	0	0	0	96	0	0	0	0	0	0	0	0	1665	0	0	0	0	0	0	0	0	0.016893	0.0	0.0	0.0	0.01985	0.0	0.0	0.0	0.0	0.459756	0.0	0.0	0.0	0.540244	0.0	0.0	0.0	0.0	
82	4235	2083.413292965	4816.25	4816.25	1.82281	0.577756	4151	0	0	0	80	0	0	0	0	8.0e-6	0.0	0.0	0.0	0.466316	0.0	0.0	0.0	0.0	2.02728	0.0	0.0	0.0	2047.22	0.0	0.0	0.0	0.0	0.000488	0.0	0.0	0.0	25.5903	0.0	0.0	0.0	0.0	48	0	0	0	40	0	0	0	0	187	0	0	0	19	0	0	0	0	1553	0	0	0	21	0	0	0	0	602	0	0	0	0	0	0	0	0	96	0	0	0	0	0	0	0	0	1665	0	0	0	0	0	0	0	0	0.016893	0.0	0.0	0.0	0.018222	0.0	0.0	0.0	0.0	0.481072	0.0	0.0	0.0	0.518928	0.0	0.0	0.0	0.0	
83	4238	2262.713688288	4801.056	4801.056	1.81537	0.576459	4153	0	0	0	81	0	0	0	0	7.0e-6	0.0	0.0	0.0	0.513037	0.0	0.0	0.0	0.0	2.02826	0.0	0.0	0.0	2226.52	0.0	0.0	0.0	0.0	0.000488	0.0	0.0	0.0	27.4879	0.0	0.0	0.0	0.0	48	0	0	0	41	0	0	0	0	187	0	0	0	19	0	0	0	0	1553	0	0	0	21	0	0	0	0	604	0	0	0	0	0	0	0	0	96	0	0	0	0	0	0	0	0	1665	0	0	0	0	0	0	0	0	0.013683	0.0	0.0	0.0	0.018664	0.0	0.0	0.0	0.0	0.423012	0.0	0.0	0.0	0.576988	0.0	0.0	0.0	0.0	
84	4239	2264.936224905	4801.056	4801.056	1.28568	0.459416	4153	0	0	0	82	0	0	0	0	7.0e-6	0.0	0.0	0.0	0.468579	0.0	0.0	0.0	0.0	2.02826	0.0	0.0	0.0	2228.74	0.0	0.0	0.0	0.0	0.000488	0.0	0.0	0.0	27.1798	0.0	0.0	0.0	0.0	48	0	0	0	41	0	0	0	0	187	0	0	0	19	0	0	0	0	1553	0	0	0	22	0	0	0	0	604	0	0	0	0	0	0	0	0	96	0	0	0	0	0	0	0	0	1665	0	0	0	0	0	0	0	0	0.013683	0.0	0.0	0.0	0.01724	0.0	0.0	0.0	0.0	0.442493	0.0	0.0	0.0	0.557507	0.0	0.0	0.0	0.0	
85	4240	2268.018707247	4801.056	4801.056	1.28019	0.457887	4153	0	0	0	83	0	0	0	0	7.0e-6	0.0	0.0	0.0	0.426555	0.0	0.0	0.0	0.0	2.02826	0.0	0.0	0.0	2231.83	0.0	0.0	0.0	0.0	0.000488	0.0	0.0	0.0	26.8895	0.0	0.0	0.0	0.0	48	0	0	0	41	0	0	0	0	187	0	0	0	19	0	0	0	0	1553	0	0	0	23	0	0	0	0	604	0	0	0	0	0	0	0	0	96	0	0	0	0	0	0	0	0	1665	0	0	0	0	0	0	0	0	0.013683	0.0	0.0	0.0	0.015863	0.0	0.0	0.0	0.0	0.463111	0.0	0.0	0.0	0.536889	0.0	0.0	0.0	0.0	
86	4242	2270.204925911	4801.056	4801.056	1.27262	0.455764	4154	0	0	0	84	0	0	0	0	6.0e-6	0.0	0.0	0.0	0.388668	0.0	0.0	0.0	0.0	2.0285	0.0	0.0	0.0	2234.01	0.0	0.0	0.0	0.0	0.000488	0.0	0.0	0.0	26.5954	0.0	0.0	0.0	0.0	48	0	0	0	41	0	0	0	0	187	0	0	0	19	0	0	0	0	1553	0	0	0	24	0	0	0	0	604	0	0	0	0	0	0	0	0	96	0	0	0	0	0	0	0	0	1666	0	0	0	0	0	0	0	0	0.012316	0.0	0.0	0.0	0.014614	0.0	0.0	0.0	0.0	0.457343	0.0	0.0	0.0	0.542657	0.0	0.0	0.0	0.0	
87	4246	2272.760766372	4801.056	4802.056	1.26728	0.454256	4157	0	0	0	85	0	0	0	0	4.0e-6	0.0	0.0	0.0	0.357286	0.0	0.0	0.0	0.0	2.02933	0.0	0.0	0.0	2236.57	0.0	0.0	0.0	0.0	0.000488	0.0	0.0	0.0	26.3125	0.0	0.0	0.0	0.0	48	0	0	0	41	0	0	0	0	187	0	0	0	19	0	0	0	0	1555	0	0	0	25	0	0	0	0	604	0	0	0	0	0	0	0	0	96	0	0	0	0	0	0	0	0	1667	0	0	0	0	0	0	0	0	0.008985	0.0	0.0	0.0	0.013578	0.0	0.0	0.0	0.0	0.398211	0.0	0.0	0.0	0.601789	0.0	0.0	0.0	0.0	
88	4247	2279.295486704	4801.056	4801.056	1.26106	0.452493	4157	0	0	0	86	0	0	0	0	4.0e-6	0.0	0.0	0.0	0.328016	0.0	0.0	0.0	0.0	2.02933	0.0	0.0	0.0	2243.1	0.0	0.0	0.0	0.0	0.000488	0.0	0.0	0.0	26.0826	0.0	0.0	0.0	0.0	48	0	0	0	41	0	0	0	0	187	0	0	0	20	0	0	0	0	1555	0	0	0	25	0	0	0	0	604	0	0	0	0	0	0	0	0	96	0	0	0	0	0	0	0	0	1667	0	0	0	0	0	0	0	0	0.008985	0.0	0.0	0.0	0.012576	0.0	0.0	0.0	0.0	0.416725	0.0	0.0	0.0	0.583275	0.0	0.0	0.0	0.0	
89	4249	2297.325651509	4782.056	4782.056	1.24524	0.447958	4158	0	0	0	87	0	0	0	0	4.0e-6	0.0	0.0	0.0	0.382965	0.0	0.0	0.0	0.0	2.05406	0.0	0.0	0.0	2261.11	0.0	0.0	0.0	0.0	0.000494	0.0	0.0	0.0	25.9897	0.0	0.0	0.0	0.0	48	0	0	0	42	0	0	0	0	187	0	0	0	20	0	0	0	0	1555	0	0	0	25	0	0	0	0	605	0	0	0	0	0	0	0	0	96	0	0	0	0	0	0	0	0	1667	0	0	0	0	0	0	0	0	0.007991	0.0	0.0	0.0	0.014735	0.0	0.0	0.0	0.0	0.351623	0.0	0.0	0.0	0.648377	0.0	0.0	0.0	0.0	
90	4250	2299.472136906	4782.056	4782.056	1.20284	0.435454	4158	0	0	0	88	0	0	0	0	4.0e-6	0.0	0.0	0.0	0.353433	0.0	0.0	0.0	0.0	2.05406	0.0	0.0	0.0	2263.25	0.0	0.0	0.0	0.0	0.000494	0.0	0.0	0.0	25.7188	0.0	0.0	0.0	0.0	48	0	0	0	42	0	0	0	0	187	0	0	0	20	0	0	0	0	1555	0	0	0	26	0	0	0	0	605	0	0	0	0	0	0	0	0	96	0	0	0	0	0	0	0	0	1667	0	0	0	0	0	0	0	0	0.007991	0.0	0.0	0.0	0.013742	0.0	0.0	0.0	0.0	0.36769	0.0	0.0	0.0	0.63231	0.0	0.0	0.0	0.0	
91	4251	2301.712233662	4782.056	4782.056	1.19788	0.433959	4158	0	0	0	89	0	0	0	0	4.0e-6	0.0	0.0	0.0	0.325485	0.0	0.0	0.0	0.0	2.05406	0.0	0.0	0.0	2265.49	0.0	0.0	0.0	0.0	0.000494	0.0	0.0	0.0	25.455	0.0	0.0	0.0	0.0	48	0	0	0	42	0	0	0	0	187	0	0	0	20	0	0	0	0	1555	0	0	0	27	0	0	0	0	605	0	0	0	0	0	0	0	0	96	0	0	0	0	0	0	0	0	1667	0	0	0	0	0	0	0	0	0.007991	0.0	0.0	0.0	0.012787	0.0	0.0	0.0	0.0	0.384599	0.0	0.0	0.0	0.615401	0.0	0.0	0.0	0.0	
92	4253	2319.784757829	4782.056	4782.056	1.19273	0.432396	4159	0	0	0	90	0	0	0	0	4.0e-6	0.0	0.0	0.0	0.300056	0.0	0.0	0.0	0.0	2.05429	0.0	0.0	0.0	2283.57	0.0	0.0	0.0	0.0	0.000494	0.0	0.0	0.0	25.3729	0.0	0.0	0.0	0.0	48	0	0	0	42	0	0	0	0	187	0	0	0	20	0	0	0	0	1555	0	0	0	28	0	0	0	0	605	0	0	0	0	0	0	0	0	96	0	0	0	0	0	0	0	0	1668	0	0	0	0	0	0	0	0	0.007193	0.0	0.0	0.0	0.011826	0.0	0.0	0.0	0.0	0.378202	0.0	0.0	0.0	0.621798	0.0	0.0	0.0	0.0	
93	4255	2336.044794013	4782.056	4782.056	1.15197	0.419756	4160	0	0	0	91	0	0	0	0	3.0e-6	0.0	0.0	0.0	0.276839	0.0	0.0	0.0	0.0	2.05453	0.0	0.0	0.0	2299.83	0.0	0.0	0.0	0.0	0.000494	0.0	0.0	0.0	25.2728	0.0	0.0	0.0	0.0	48	0	0	0	42	0	0	0	0	187	0	0	0	20	0	0	0	0	1555	0	0	0	29	0	0	0	0	605	0	0	0	0	0	0	0	0	96	0	0	0	0	0	0	0	0	1669	0	0	0	0	0	0	0	0	0.006474	0.0	0.0	0.0	0.010954	0.0	0.0	0.0	0.0	0.371486	0.0	0.0	0.0	0.628514	0.0	0.0	0.0	0.0	
94	4256	2345.564254874	4780.556	4780.556	1.11648	0.408334	4160	0	0	0	92	0	0	0	0	3.0e-6	0.0	0.0	0.0	0.334369	0.0	0.0	0.0	0.0	2.05453	0.0	0.0	0.0	2309.34	0.0	0.0	0.0	0.0	0.000494	0.0	0.0	0.0	25.1016	0.0	0.0	0.0	0.0	48	0	0	0	43	0	0	0	0	187	0	0	0	20	0	0	0	0	1555	0	0	0	29	0	0	0	0	605	0	0	0	0	0	0	0	0	96	0	0	0	0	0	0	0	0	1669	0	0	0	0	0	0	0	0	0.006474	0.0	0.0	0.0	0.013321	0.0	0.0	0.0	0.0	0.327073	0.0	0.0	0.0	0.672927	0.0	0.0	0.0	0.0	
95	4257	2350.678689781	4775.056	4775.056	1.09622	0.401629	4160	0	0	0	93	0	0	0	0	3.0e-6	0.0	0.0	0.0	0.383827	0.0	0.0	0.0	0.0	2.05453	0.0	0.0	0.0	2314.46	0.0	0.0	0.0	0.0	0.000494	0.0	0.0	0.0	24.8867	0.0	0.0	0.0	0.0	48	0	0	0	44	0	0	0	0	187	0	0	0	20	0	0	0	0	1555	0	0	0	29	0	0	0	0	605	0	0	0	0	0	0	0	0	96	0	0	0	0	0	0	0	0	1669	0	0	0	0	0	0	0	0	0.006474	0.0	0.0	0.0	0.015423	0.0	0.0	0.0	0.0	0.295671	0.0	0.0	0.0	0.704329	0.0	0.0	0.0	0.0	
96	4259	2360.901883827	4775.056	4775.056	1.08548	0.398021	4161	0	0	0	94	0	0	0	0	3.0e-6	0.0	0.0	0.0	0.357385	0.0	0.0	0.0	0.0	2.05515	0.0	0.0	0.0	2324.68	0.0	0.0	0.0	0.0	0.000494	0.0	0.0	0.0	24.7307	0.0	0.0	0.0	0.0	48	0	0	0	44	0	0	0	0	187	0	0	0	20	0	0	0	0	1555	0	0	0	30	0	0	0	0	606	0	0	0	0	0	0	0	0	96	0	0	0	0	0	0	0	0	1669	0	0	0	0	0	0	0	0	0.005827	0.0	0.0	0.0	0.014451	0.0	0.0	0.0	0.0	0.287342	0.0	0.0	0.0	0.712658	0.0	0.0	0.0	0.0	
97	4260	2367.118254164	4775.056	4775.056	1.06434	0.390803	4161	0	0	0	95	0	0	0	0	3.0e-6	0.0	0.0	0.0	0.332311	0.0	0.0	0.0	0.0	2.05515	0.0	0.0	0.0	2330.9	0.0	0.0	0.0	0.0	0.000494	0.0	0.0	0.0	24.5358	0.0	0.0	0.0	0.0	48	0	0	0	44	0	0	0	0	187	0	0	0	20	0	0	0	0	1555	0	0	0	31	0	0	0	0	606	0	0	0	0	0	0	0	0	96	0	0	0	0	0	0	0	0	1669	0	0	0	0	0	0	0	0	0.005827	0.0	0.0	0.0	0.013544	0.0	0.0	0.0	0.0	0.300799	0.0	0.0	0.0	0.699201	0.0	0.0	0.0	0.0	
98	4262	2376.603934566	4759.056	4759.056	1.05168	0.38641	4162	0	0	0	96	0	0	0	0	3.0e-6	0.0	0.0	0.0	0.378623	0.0	0.0	0.0	0.0	2.05535	0.0	0.0	0.0	2340.38	0.0	0.0	0.0	0.0	0.000494	0.0	0.0	0.0	24.379	0.0	0.0	0.0	0.0	48	0	0	0	45	0	0	0	0	187	0	0	0	20	0	0	0	0	1555	0	0	0	31	0	0	0	0	606	0	0	0	0	0	0	0	0	96	0	0	0	0	0	0	0	0	1670	0	0	0	0	0	0	0	0	0.005245	0.0	0.0	0.0	0.015531	0.0	0.0	0.0	0.0	0.252448	0.0	0.0	0.0	0.747552	0.0	0.0	0.0	0.0	
99	4263	2381.975160624	4759.056	4759.056	1.03266	0.379701	4162	0	0	0	97	0	0	0	0	3.0e-6	0.0	0.0	0.0	0.353299	0.0	0.0	0.0	0.0	2.05535	0.0	0.0	0.0	2345.75	0.0	0.0	0.0	0.0	0.000494	0.0	0.0	0.0	24.183	0.0	0.0	0.0	0.0	48	0	0	0	45	0	0	0	0	187	0	0	0	20	0	0	0	0	1555	0	0	0	32	0	0	0	0	606	0	0	0	0	0	0	0	0	96	0	0	0	0	0	0	0	0	1670	0	0	0	0	0	0	0	0	0.005245	0.0	0.0	0.0	0.014609	0.0	0.0	0.0	0.0	0.264163	0.0	0.0	0.0	0.735837	0.0	0.0	0.0	0.0	
100	4264	2385.783225583	4757.056	4757.056	1.02204	0.3759	4162	0	0	0	98	0	0	0	0	3.0e-6	0.0	0.0	0.0	0.397242	0.0	0.0	0.0	0.0	2.05535	0.0	0.0	0.0	2349.56	0.0	0.0	0.0	0.0	0.000494	0.0	0.0	0.0	23.9751	0.0	0.0	0.0	0.0	48	0	0	0	46	0	0	0	0	187	0	0	0	20	0	0	0	0	1555	0	0	0	32	0	0	0	0	606	0	0	0	0	0	0	0	0	96	0	0	0	0	0	0	0	0	1670	0	0	0	0	0	0	0	0	0.005245	0.0	0.0	0.0	0.016569	0.0	0.0	0.0	0.0	0.240433	0.0	0.0	0.0	0.759567	0.0	0.0	0.0	0.0	
101	4265	2387.97769132	4757.056	4757.056	1.01458	0.373205	4162	0	0	0	99	0	0	0	0	3.0e-6	0.0	0.0	0.0	0.371093	0.0	0.0	0.0	0.0	2.05535	0.0	0.0	0.0	2351.76	0.0	0.0	0.0	0.0	0.000494	0.0	0.0	0.0	23.7551	0.0	0.0	0.0	0.0	48	0	0	0	46	0	0	0	0	187	0	0	0	20	0	0	0	0	1555	0	0	0	33	0	0	0	0	606	0	0	0	0	0	0	0	0	96	0	0	0	0	0	0	0	0	1670	0	0	0	0	0	0	0	0	0.005245	0.0	0.0	0.0	0.015622	0.0	0.0	0.0	0.0	0.251349	0.0	0.0	0.0	0.748651	0.0	0.0	0.0	0.0	
102	4267	2396.533856202	4757.056	4758.056	1.01031	0.371651	4163	0	0	0	100	0	0	0	0	2.0e-6	0.0	0.0	0.0	0.34693	0.0	0.0	0.0	0.0	2.05594	0.0	0.0	0.0	2360.31	0.0	0.0	0.0	0.0	0.000494	0.0	0.0	0.0	23.6031	0.0	0.0	0.0	0.0	48	0	0	0	46	0	0	0	0	187	0	0	0	20	0	0	0	0	1556	0	0	0	34	0	0	0	0	606	0	0	0	0	0	0	0	0	96	0	0	0	0	0	0	0	0	1670	0	0	0	0	0	0	0	0	0.004722	0.0	0.0	0.0	0.014698	0.0	0.0	0.0	0.0	0.243147	0.0	0.0	0.0	0.756853	0.0	0.0	0.0	0.0	
103	4269	2407.026650261	4757.056	4758.056	0.993809	0.365595	4164	0	0	0	101	0	0	0	0	2.0e-6	0.0	0.0	0.0	0.324565	0.0	0.0	0.0	0.0	2.05636	0.0	0.0	0.0	2370.8	0.0	0.0	0.0	0.0	0.000494	0.0	0.0	0.0	23.4733	0.0	0.0	0.0	0.0	48	0	0	0	46	0	0	0	0	187	0	0	0	20	0	0	0	0	1557	0	0	0	35	0	0	0	0	606	0	0	0	0	0	0	0	0	96	0	0	0	0	0	0	0	0	1670	0	0	0	0	0	0	0	0	0.004252	0.0	0.0	0.0	0.013827	0.0	0.0	0.0	0.0	0.235191	0.0	0.0	0.0	0.764809	0.0	0.0	0.0	0.0	
104	4270	2409.848906204	4757.056	4758.056	0.973946	0.358169	4164	0	0	0	102	0	0	0	0	2.0e-6	0.0	0.0	0.0	0.303346	0.0	0.0	0.0	0.0	2.05636	0.0	0.0	0.0	2373.63	0.0	0.0	0.0	0.0	0.000494	0.0	0.0	0.0	23.2709	0.0	0.0	0.0	0.0	48	0	0	0	46	0	0	0	0	187	0	0	0	20	0	0	0	0	1557	0	0	0	36	0	0	0	0	606	0	0	0	0	0	0	0	0	96	0	0	0	0	0	0	0	0	1670	0	0	0	0	0	0	0	0	0.004252	0.0	0.0	0.0	0.013036	0.0	0.0	0.0	0.0	0.24596	0.0	0.0	0.0	0.75404	0.0	0.0	0.0	0.0	
105	4271	2413.402792575	4757.056	4758.056	0.968671	0.356172	4164	0	0	0	103	0	0	0	0	2.0e-6	0.0	0.0	0.0	0.283232	0.0	0.0	0.0	0.0	2.05636	0.0	0.0	0.0	2377.18	0.0	0.0	0.0	0.0	0.000494	0.0	0.0	0.0	23.0794	0.0	0.0	0.0	0.0	48	0	0	0	46	0	0	0	0	187	0	0	0	20	0	0	0	0	1557	0	0	0	37	0	0	0	0	606	0	0	0	0	0	0	0	0	96	0	0	0	0	0	0	0	0	1670	0	0	0	0	0	0	0	0	0.004252	0.0	0.0	0.0	0.012272	0.0	0.0	0.0	0.0	0.257323	0.0	0.0	0.0	0.742677	0.0	0.0	0.0	0.0	
106	4273	2415.735522647	4757.056	4758.056	0.962069	0.353657	4165	0	0	0	104	0	0	0	0	2.0e-6	0.0	0.0	0.0	0.264654	0.0	0.0	0.0	0.0	2.05695	0.0	0.0	0.0	2379.51	0.0	0.0	0.0	0.0	0.000494	0.0	0.0	0.0	22.8799	0.0	0.0	0.0	0.0	48	0	0	0	46	0	0	0	0	187	0	0	0	20	0	0	0	0	1557	0	0	0	38	0	0	0	0	607	0	0	0	0	0	0	0	0	96	0	0	0	0	0	0	0	0	1670	0	0	0	0	0	0	0	0	0.003827	0.0	0.0	0.0	0.011567	0.0	0.0	0.0	0.0	0.248584	0.0	0.0	0.0	0.751416	0.0	0.0	0.0	0.0	
107	4274	2424.032849526	4757.056	4757.056	0.957761	0.352008	4165	0	0	0	105	0	0	0	0	2.0e-6	0.0	0.0	0.0	0.247377	0.0	0.0	0.0	0.0	2.05695	0.0	0.0	0.0	2387.81	0.0	0.0	0.0	0.0	0.000494	0.0	0.0	0.0	22.7411	0.0	0.0	0.0	0.0	48	0	0	0	46	0	0	0	0	187	0	0	0	21	0	0	0	0	1557	0	0	0	38	0	0	0	0	607	0	0	0	0	0	0	0	0	96	0	0	0	0	0	0	0	0	1670	0	0	0	0	0	0	0	0	0.003827	0.0	0.0	0.0	0.010878	0.0	0.0	0.0	0.0	0.260234	0.0	0.0	0.0	0.739766	0.0	0.0	0.0	0.0	
108	4275	2427.941804238	4757.056	4757.056	0.942591	0.346142	4165	0	0	0	106	0	0	0	0	2.0e-6	0.0	0.0	0.0	0.230657	0.0	0.0	0.0	0.0	2.05695	0.0	0.0	0.0	2391.72	0.0	0.0	0.0	0.0	0.000494	0.0	0.0	0.0	22.5634	0.0	0.0	0.0	0.0	48	0	0	0	46	0	0	0	0	187	0	0	0	21	0	0	0	0	1557	0	0	0	39	0	0	0	0	607	0	0	0	0	0	0	0	0	96	0	0	0	0	0	0	0	0	1670	0	0	0	0	0	0	0	0	0.003827	0.0	0.0	0.0	0.010223	0.0	0.0	0.0	0.0	0.272373	0.0	0.0	0.0	0.727627	0.0	0.0	0.0	0.0	
109	4277	2438.66319967	4757.056	4757.056	0.935527	0.343381	4166	0	0	0	107	0	0	0	0	2.0e-6	0.0	0.0	0.0	0.215238	0.0	0.0	0.0	0.0	2.05745	0.0	0.0	0.0	2402.44	0.0	0.0	0.0	0.0	0.000494	0.0	0.0	0.0	22.4527	0.0	0.0	0.0	0.0	48	0	0	0	46	0	0	0	0	187	0	0	0	21	0	0	0	0	1557	0	0	0	40	0	0	0	0	608	0	0	0	0	0	0	0	0	96	0	0	0	0	0	0	0	0	1670	0	0	0	0	0	0	0	0	0.003444	0.0	0.0	0.0	0.009586	0.0	0.0	0.0	0.0	0.264306	0.0	0.0	0.0	0.735694	0.0	0.0	0.0	0.0	
110	4278	2442.690498891	4757.056	4757.056	0.916426	0.335815	4166	0	0	0	108	0	0	0	0	2.0e-6	0.0	0.0	0.0	0.20061	0.0	0.0	0.0	0.0	2.05745	0.0	0.0	0.0	2406.47	0.0	0.0	0.0	0.0	0.000494	0.0	0.0	0.0	22.2821	0.0	0.0	0.0	0.0	48	0	0	0	46	0	0	0	0	187	0	0	0	21	0	0	0	0	1557	0	0	0	41	0	0	0	0	608	0	0	0	0	0	0	0	0	96	0	0	0	0	0	0	0	0	1670	0	0	0	0	0	0	0	0	0.003444	0.0	0.0	0.0	0.009003	0.0	0.0	0.0	0.0	0.276687	0.0	0.0	0.0	0.723313	0.0	0.0	0.0	0.0	
111	4279	2474.877729038	4757.056	4757.056	0.909352	0.332976	4166	0	0	0	109	0	0	0	0	2.0e-6	0.0	0.0	0.0	0.186743	0.0	0.0	0.0	0.0	2.05745	0.0	0.0	0.0	2438.65	0.0	0.0	0.0	0.0	0.000494	0.0	0.0	0.0	22.373	0.0	0.0	0.0	0.0	48	0	0	0	46	0	0	0	0	187	0	0	0	21	0	0	0	0	1557	0	0	0	42	0	0	0	0	608	0	0	0	0	0	0	0	0	96	0	0	0	0	0	0	0	0	1670	0	0	0	0	0	0	0	0	0.003444	0.0	0.0	0.0	0.008347	0.0	0.0	0.0	0.0	0.292091	0.0	0.0	0.0	0.707909	0.0	0.0	0.0	0.0	
112	4281	2487.25228312	4755.556	4755.556	0.854739	0.310383	4167	0	0	0	110	0	0	0	0	2.0e-6	0.0	0.0	0.0	0.242505	0.0	0.0	0.0	0.0	2.05805	0.0	0.0	0.0	2451.03	0.0	0.0	0.0	0.0	0.000494	0.0	0.0	0.0	22.2821	0.0	0.0	0.0	0.0	48	0	0	0	47	0	0	0	0	187	0	0	0	21	0	0	0	0	1557	0	0	0	42	0	0	0	0	609	0	0	0	0	0	0	0	0	96	0	0	0	0	0	0	0	0	1670	0	0	0	0	0	0	0	0	0.003099	0.0	0.0	0.0	0.010883	0.0	0.0	0.0	0.0	0.221659	0.0	0.0	0.0	0.778341	0.0	0.0	0.0	0.0	
113	4282	2489.580780375	4755.556	4755.556	0.834629	0.301756	4167	0	0	0	111	0	0	0	0	2.0e-6	0.0	0.0	0.0	0.226927	0.0	0.0	0.0	0.0	2.05805	0.0	0.0	0.0	2453.36	0.0	0.0	0.0	0.0	0.000494	0.0	0.0	0.0	22.1023	0.0	0.0	0.0	0.0	48	0	0	0	47	0	0	0	0	187	0	0	0	21	0	0	0	0	1557	0	0	0	43	0	0	0	0	609	0	0	0	0	0	0	0	0	96	0	0	0	0	0	0	0	0	1670	0	0	0	0	0	0	0	0	0.003099	0.0	0.0	0.0	0.010267	0.0	0.0	0.0	0.0	0.231879	0.0	0.0	0.0	0.768121	0.0	0.0	0.0	0.0	
114	4283	2497.535627085	4755.056	4755.056	0.830897	0.300136	4167	0	0	0	112	0	0	0	0	2.0e-6	0.0	0.0	0.0	0.277249	0.0	0.0	0.0	0.0	2.05805	0.0	0.0	0.0	2461.31	0.0	0.0	0.0	0.0	0.000494	0.0	0.0	0.0	21.976	0.0	0.0	0.0	0.0	48	0	0	0	48	0	0	0	0	187	0	0	0	21	0	0	0	0	1557	0	0	0	43	0	0	0	0	609	0	0	0	0	0	0	0	0	96	0	0	0	0	0	0	0	0	1670	0	0	0	0	0	0	0	0	0.003099	0.0	0.0	0.0	0.012616	0.0	0.0	0.0	0.0	0.197221	0.0	0.0	0.0	0.802779	0.0	0.0	0.0	0.0	
115	4284	2507.899231193	4755.056	4755.056	0.818276	0.294616	4167	0	0	0	113	0	0	0	0	2.0e-6	0.0	0.0	0.0	0.259981	0.0	0.0	0.0	0.0	2.05805	0.0	0.0	0.0	2471.68	0.0	0.0	0.0	0.0	0.000494	0.0	0.0	0.0	21.8732	0.0	0.0	0.0	0.0	48	0	0	0	48	0	0	0	0	187	0	0	0	21	0	0	0	0	1557	0	0	0	44	0	0	0	0	609	0	0	0	0	0	0	0	0	96	0	0	0	0	0	0	0	0	1670	0	0	0	0	0	0	0	0	0.003099	0.0	0.0	0.0	0.011886	0.0	0.0	0.0	0.0	0.206831	0.0	0.0	0.0	0.793169	0.0	0.0	0.0	0.0	
116	4286	2515.795373454	4755.056	4755.056	0.802119	0.287452	4168	0	0	0	114	0	0	0	0	1.0e-6	0.0	0.0	0.0	0.243931	0.0	0.0	0.0	0.0	2.05876	0.0	0.0	0.0	2479.57	0.0	0.0	0.0	0.0	0.000494	0.0	0.0	0.0	21.7506	0.0	0.0	0.0	0.0	48	0	0	0	48	0	0	0	0	187	0	0	0	21	0	0	0	0	1557	0	0	0	45	0	0	0	0	610	0	0	0	0	0	0	0	0	96	0	0	0	0	0	0	0	0	1670	0	0	0	0	0	0	0	0	0.002789	0.0	0.0	0.0	0.011215	0.0	0.0	0.0	0.0	0.199169	0.0	0.0	0.0	0.800831	0.0	0.0	0.0	0.0	
117	4287	2522.042347028	4755.056	4755.056	0.790025	0.282018	4168	0	0	0	115	0	0	0	0	1.0e-6	0.0	0.0	0.0	0.228701	0.0	0.0	0.0	0.0	2.05876	0.0	0.0	0.0	2485.82	0.0	0.0	0.0	0.0	0.000494	0.0	0.0	0.0	21.6158	0.0	0.0	0.0	0.0	48	0	0	0	48	0	0	0	0	187	0	0	0	21	0	0	0	0	1557	0	0	0	46	0	0	0	0	610	0	0	0	0	0	0	0	0	96	0	0	0	0	0	0	0	0	1670	0	0	0	0	0	0	0	0	0.002789	0.0	0.0	0.0	0.01058	0.0	0.0	0.0	0.0	0.208623	0.0	0.0	0.0	0.791377	0.0	0.0	0.0	0.0	
118	4289	2526.571884394	4755.056	4755.056	0.780585	0.277734	4169	0	0	0	116	0	0	0	0	1.0e-6	0.0	0.0	0.0	0.214553	0.0	0.0	0.0	0.0	2.05923	0.0	0.0	0.0	2490.35	0.0	0.0	0.0	0.0	0.000494	0.0	0.0	0.0	21.4685	0.0	0.0	0.0	0.0	48	0	0	0	48	0	0	0	0	187	0	0	0	21	0	0	0	0	1557	0	0	0	47	0	0	0	0	611	0	0	0	0	0	0	0	0	96	0	0	0	0	0	0	0	0	1670	0	0	0	0	0	0	0	0	0.00251	0.0	0.0	0.0	0.009994	0.0	0.0	0.0	0.0	0.200756	0.0	0.0	0.0	0.799244	0.0	0.0	0.0	0.0	
119	4290	2528.866063174	4755.056	4755.056	0.773812	0.274637	4169	0	0	0	117	0	0	0	0	1.0e-6	0.0	0.0	0.0	0.201131	0.0	0.0	0.0	0.0	2.05923	0.0	0.0	0.0	2492.64	0.0	0.0	0.0	0.0	0.000494	0.0	0.0	0.0	21.3046	0.0	0.0	0.0	0.0	48	0	0	0	48	0	0	0	0	187	0	0	0	21	0	0	0	0	1557	0	0	0	48	0	0	0	0	611	0	0	0	0	0	0	0	0	96	0	0	0	0	0	0	0	0	1670	0	0	0	0	0	0	0	0	0.00251	0.0	0.0	0.0	0.009441	0.0	0.0	0.0	0.0	0.210048	0.0	0.0	0.0	0.789952	0.0	0.0	0.0	0.0	
120	4291	2533.067559916	4755.056	4755.056	0.770403	0.273072	4169	0	0	0	118	0	0	0	0	1.0e-6	0.0	0.0	0.0	0.1884	0.0	0.0	0.0	0.0	2.05923	0.0	0.0	0.0	2496.84	0.0	0.0	0.0	0.0	0.000494	0.0	0.0	0.0	21.1597	0.0	0.0	0.0	0.0	48	0	0	0	48	0	0	0	0	187	0	0	0	21	0	0	0	0	1557	0	0	0	49	0	0	0	0	611	0	0	0	0	0	0	0	0	96	0	0	0	0	0	0	0	0	1670	0	0	0	0	0	0	0	0	0.00251	0.0	0.0	0.0	0.008904	0.0	0.0	0.0	0.0	0.21993	0.0	0.0	0.0	0.78007	0.0	0.0	0.0	0.0	
121	4293	2536.505005281	4755.056	4755.056	0.7642	0.270209	4170	0	0	0	119	0	0	0	0	1.0e-6	0.0	0.0	0.0	0.17659	0.0	0.0	0.0	0.0	2.05945	0.0	0.0	0.0	2500.28	0.0	0.0	0.0	0.0	0.000494	0.0	0.0	0.0	21.0108	0.0	0.0	0.0	0.0	48	0	0	0	48	0	0	0	0	187	0	0	0	21	0	0	0	0	1557	0	0	0	50	0	0	0	0	611	0	0	0	0	0	0	0	0	96	0	0	0	0	0	0	0	0	1671	0	0	0	0	0	0	0	0	0.00226	0.0	0.0	0.0	0.008405	0.0	0.0	0.0	0.0	0.211881	0.0	0.0	0.0	0.788119	0.0	0.0	0.0	0.0	
122	4294	2541.370388929	4753.056	4753.056	0.759162	0.267873	4170	0	0	0	120	0	0	0	0	1.0e-6	0.0	0.0	0.0	0.228829	0.0	0.0	0.0	0.0	2.05945	0.0	0.0	0.0	2505.15	0.0	0.0	0.0	0.0	0.000494	0.0	0.0	0.0	20.8762	0.0	0.0	0.0	0.0	48	0	0	0	49	0	0	0	0	187	0	0	0	21	0	0	0	0	1557	0	0	0	50	0	0	0	0	611	0	0	0	0	0	0	0	0	96	0	0	0	0	0	0	0	0	1671	0	0	0	0	0	0	0	0	0.00226	0.0	0.0	0.0	0.010961	0.0	0.0	0.0	0.0	0.17091	0.0	0.0	0.0	0.82909	0.0	0.0	0.0	0.0	
123	4296	2552.975525245	4753.056	4753.056	0.752088	0.264575	4171	0	0	0	121	0	0	0	0	1.0e-6	0.0	0.0	0.0	0.215264	0.0	0.0	0.0	0.0	2.05966	0.0	0.0	0.0	2516.75	0.0	0.0	0.0	0.0	0.000494	0.0	0.0	0.0	20.7996	0.0	0.0	0.0	0.0	48	0	0	0	49	0	0	0	0	187	0	0	0	21	0	0	0	0	1557	0	0	0	51	0	0	0	0	611	0	0	0	0	0	0	0	0	96	0	0	0	0	0	0	0	0	1672	0	0	0	0	0	0	0	0	0.002034	0.0	0.0	0.0	0.01035	0.0	0.0	0.0	0.0	0.164244	0.0	0.0	0.0	0.835756	0.0	0.0	0.0	0.0	
124	4298	2571.317252379	4753.056	4753.056	0.735479	0.256749	4172	0	0	0	122	0	0	0	0	1.0e-6	0.0	0.0	0.0	0.202597	0.0	0.0	0.0	0.0	2.06008	0.0	0.0	0.0	2535.09	0.0	0.0	0.0	0.0	0.000494	0.0	0.0	0.0	20.7794	0.0	0.0	0.0	0.0	48	0	0	0	49	0	0	0	0	187	0	0	0	21	0	0	0	0	1557	0	0	0	52	0	0	0	0	612	0	0	0	0	0	0	0	0	96	0	0	0	0	0	0	0	0	1672	0	0	0	0	0	0	0	0	0.001831	0.0	0.0	0.0	0.00975	0.0	0.0	0.0	0.0	0.158073	0.0	0.0	0.0	0.841927	0.0	0.0	0.0	0.0	
125	4299	2644.04869301	4749.556	4749.556	0.709975	0.24451	4172	0	0	0	123	0	0	0	0	1.0e-6	0.0	0.0	0.0	0.249953	0.0	0.0	0.0	0.0	2.06008	0.0	0.0	0.0	2607.82	0.0	0.0	0.0	0.0	0.000494	0.0	0.0	0.0	21.2018	0.0	0.0	0.0	0.0	48	0	0	0	50	0	0	0	0	187	0	0	0	21	0	0	0	0	1557	0	0	0	52	0	0	0	0	612	0	0	0	0	0	0	0	0	96	0	0	0	0	0	0	0	0	1672	0	0	0	0	0	0	0	0	0.001831	0.0	0.0	0.0	0.011789	0.0	0.0	0.0	0.0	0.134404	0.0	0.0	0.0	0.865596	0.0	0.0	0.0	0.0	
126	4300	2653.047070022	4749.556	4749.556	0.617254	0.197883	4172	0	0	0	124	0	0	0	0	1.0e-6	0.0	0.0	0.0	0.235515	0.0	0.0	0.0	0.0	2.06008	0.0	0.0	0.0	2616.82	0.0	0.0	0.0	0.0	0.000494	0.0	0.0	0.0	21.1034	0.0	0.0	0.0	0.0	48	0	0	0	50	0	0	0	0	187	0	0	0	21	0	0	0	0	1557	0	0	0	53	0	0	0	0	612	0	0	0	0	0	0	0	0	96	0	0	0	0	0	0	0	0	1672	0	0	0	0	0	0	0	0	0.001831	0.0	0.0	0.0	0.01116	0.0	0.0	0.0	0.0	0.140914	0.0	0.0	0.0	0.859086	0.0	0.0	0.0	0.0	
127	4301	2671.995681948	4743.556	4743.556	0.606659	0.192363	4172	0	0	0	125	0	0	0	0	1.0e-6	0.0	0.0	0.0	0.280009	0.0	0.0	0.0	0.0	2.06008	0.0	0.0	0.0	2635.77	0.0	0.0	0.0	0.0	0.000494	0.0	0.0	0.0	21.0862	0.0	0.0	0.0	0.0	48	0	0	0	51	0	0	0	0	187	0	0	0	21	0	0	0	0	1557	0	0	0	53	0	0	0	0	612	0	0	0	0	0	0	0	0	96	0	0	0	0	0	0	0	0	1672	0	0	0	0	0	0	0	0	0.001831	0.0	0.0	0.0	0.013279	0.0	0.0	0.0	0.0	0.12115	0.0	0.0	0.0	0.87885	0.0	0.0	0.0	0.0	
128	4303	2687.950142723	4740.556	4740.556	0.584938	0.180941	4173	0	0	0	126	0	0	0	0	1.0e-6	0.0	0.0	0.0	0.320476	0.0	0.0	0.0	0.0	2.06032	0.0	0.0	0.0	2651.72	0.0	0.0	0.0	0.0	0.000494	0.0	0.0	0.0	21.0454	0.0	0.0	0.0	0.0	48	0	0	0	52	0	0	0	0	187	0	0	0	21	0	0	0	0	1557	0	0	0	53	0	0	0	0	612	0	0	0	0	0	0	0	0	96	0	0	0	0	0	0	0	0	1673	0	0	0	0	0	0	0	0	0.001648	0.0	0.0	0.0	0.015228	0.0	0.0	0.0	0.0	0.097639	0.0	0.0	0.0	0.902361	0.0	0.0	0.0	0.0	
129	4305	2700.009397618	4740.556	4740.556	0.567253	0.17155	4174	0	0	0	127	0	0	0	0	1.0e-6	0.0	0.0	0.0	0.302891	0.0	0.0	0.0	0.0	2.06051	0.0	0.0	0.0	2663.78	0.0	0.0	0.0	0.0	0.000494	0.0	0.0	0.0	20.9747	0.0	0.0	0.0	0.0	48	0	0	0	52	0	0	0	0	187	0	0	0	21	0	0	0	0	1557	0	0	0	54	0	0	0	0	612	0	0	0	0	0	0	0	0	96	0	0	0	0	0	0	0	0	1674	0	0	0	0	0	0	0	0	0.001483	0.0	0.0	0.0	0.014441	0.0	0.0	0.0	0.0	0.09314	0.0	0.0	0.0	0.90686	0.0	0.0	0.0	0.0	
130	4306	2702.344423322	4740.556	4740.556	0.554242	0.164595	4174	0	0	0	128	0	0	0	0	1.0e-6	0.0	0.0	0.0	0.286191	0.0	0.0	0.0	0.0	2.06051	0.0	0.0	0.0	2666.12	0.0	0.0	0.0	0.0	0.000494	0.0	0.0	0.0	20.829	0.0	0.0	0.0	0.0	48	0	0	0	52	0	0	0	0	187	0	0	0	21	0	0	0	0	1557	0	0	0	55	0	0	0	0	612	0	0	0	0	0	0	0	0	96	0	0	0	0	0	0	0	0	1674	0	0	0	0	0	0	0	0	0.001483	0.0	0.0	0.0	0.01374	0.0	0.0	0.0	0.0	0.097428	0.0	0.0	0.0	0.902572	0.0	0.0	0.0	0.0	
131	4308	2710.632274935	4740.556	4740.556	0.551758	0.163263	4175	0	0	0	129	0	0	0	0	1.0e-6	0.0	0.0	0.0	0.270491	0.0	0.0	0.0	0.0	2.06074	0.0	0.0	0.0	2674.41	0.0	0.0	0.0	0.0	0.000494	0.0	0.0	0.0	20.7318	0.0	0.0	0.0	0.0	48	0	0	0	52	0	0	0	0	187	0	0	0	21	0	0	0	0	1557	0	0	0	56	0	0	0	0	612	0	0	0	0	0	0	0	0	96	0	0	0	0	0	0	0	0	1675	0	0	0	0	0	0	0	0	0.001335	0.0	0.0	0.0	0.013047	0.0	0.0	0.0	0.0	0.092824	0.0	0.0	0.0	0.907176	0.0	0.0	0.0	0.0	
132	4309	2714.528038782	4740.556	4740.556	0.543029	0.158576	4175	0	0	0	130	0	0	0	0	1.0e-6	0.0	0.0	0.0	0.255583	0.0	0.0	0.0	0.0	2.06074	0.0	0.0	0.0	2678.3	0.0	0.0	0.0	0.0	0.000494	0.0	0.0	0.0	20.6023	0.0	0.0	0.0	0.0	48	0	0	0	52	0	0	0	0	187	0	0	0	21	0	0	0	0	1557	0	0	0	57	0	0	0	0	612	0	0	0	0	0	0	0	0	96	0	0	0	0	0	0	0	0	1675	0	0	0	0	0	0	0	0	0.001335	0.0	0.0	0.0	0.012406	0.0	0.0	0.0	0.0	0.097158	0.0	0.0	0.0	0.902841	0.0	0.0	0.0	0.0	
133	4310	2720.657600293	4740.556	4740.556	0.538973	0.156393	4175	0	0	0	131	0	0	0	0	1.0e-6	0.0	0.0	0.0	0.241428	0.0	0.0	0.0	0.0	2.06074	0.0	0.0	0.0	2684.43	0.0	0.0	0.0	0.0	0.000494	0.0	0.0	0.0	20.4918	0.0	0.0	0.0	0.0	48	0	0	0	52	0	0	0	0	187	0	0	0	21	0	0	0	0	1557	0	0	0	58	0	0	0	0	612	0	0	0	0	0	0	0	0	96	0	0	0	0	0	0	0	0	1675	0	0	0	0	0	0	0	0	0.001335	0.0	0.0	0.0	0.011782	0.0	0.0	0.0	0.0	0.10178	0.0	0.0	0.0	0.89822	0.0	0.0	0.0	0.0	
134	4311	2847.432698796	4740.556	4740.556	0.532654	0.152988	4175	0	0	0	132	0	0	0	0	1.0e-6	0.0	0.0	0.0	0.227989	0.0	0.0	0.0	0.0	2.06074	0.0	0.0	0.0	2811.21	0.0	0.0	0.0	0.0	0.000494	0.0	0.0	0.0	21.297	0.0	0.0	0.0	0.0	48	0	0	0	52	0	0	0	0	187	0	0	0	21	0	0	0	0	1557	0	0	0	59	0	0	0	0	612	0	0	0	0	0	0	0	0	96	0	0	0	0	0	0	0	0	1675	0	0	0	0	0	0	0	0	0.001335	0.0	0.0	0.0	0.010705	0.0	0.0	0.0	0.0	0.110879	0.0	0.0	0.0	0.889121	0.0	0.0	0.0	0.0	
135	4312	2857.668538521	4740.556	4740.556	0.417353	0.091077	4175	0	0	0	133	0	0	0	0	1.0e-6	0.0	0.0	0.0	0.215168	0.0	0.0	0.0	0.0	2.06074	0.0	0.0	0.0	2821.44	0.0	0.0	0.0	0.0	0.000494	0.0	0.0	0.0	21.2138	0.0	0.0	0.0	0.0	48	0	0	0	52	0	0	0	0	187	0	0	0	21	0	0	0	0	1557	0	0	0	60	0	0	0	0	612	0	0	0	0	0	0	0	0	96	0	0	0	0	0	0	0	0	1675	0	0	0	0	0	0	0	0	0.001335	0.0	0.0	0.0	0.010143	0.0	0.0	0.0	0.0	0.116312	0.0	0.0	0.0	0.883688	0.0	0.0	0.0	0.0	
136	4313	2868.351276144	4740.556	4740.556	0.409213	0.086838	4175	0	0	0	134	0	0	0	0	1.0e-6	0.0	0.0	0.0	0.202994	0.0	0.0	0.0	0.0	2.06074	0.0	0.0	0.0	2832.12	0.0	0.0	0.0	0.0	0.000494	0.0	0.0	0.0	21.1353	0.0	0.0	0.0	0.0	48	0	0	0	52	0	0	0	0	187	0	0	0	21	0	0	0	0	1557	0	0	0	61	0	0	0	0	612	0	0	0	0	0	0	0	0	96	0	0	0	0	0	0	0	0	1675	0	0	0	0	0	0	0	0	0.001335	0.0	0.0	0.0	0.009604	0.0	0.0	0.0	0.0	0.122036	0.0	0.0	0.0	0.877964	0.0	0.0	0.0	0.0	
137	4314	2872.552683318	4740.556	4740.556	0.400888	0.082541	4175	0	0	0	135	0	0	0	0	1.0e-6	0.0	0.0	0.0	0.191433	0.0	0.0	0.0	0.0	2.06074	0.0	0.0	0.0	2836.33	0.0	0.0	0.0	0.0	0.000494	0.0	0.0	0.0	21.0098	0.0	0.0	0.0	0.0	48	0	0	0	52	0	0	0	0	187	0	0	0	21	0	0	0	0	1557	0	0	0	62	0	0	0	0	612	0	0	0	0	0	0	0	0	96	0	0	0	0	0	0	0	0	1675	0	0	0	0	0	0	0	0	0.001335	0.0	0.0	0.0	0.009112	0.0	0.0	0.0	0.0	0.127794	0.0	0.0	0.0	0.872206	0.0	0.0	0.0	0.0	
138	4315	2876.3222513	4740.556	4740.556	0.39766	0.080886	4175	0	0	0	136	0	0	0	0	1.0e-6	0.0	0.0	0.0	0.180459	0.0	0.0	0.0	0.0	2.06074	0.0	0.0	0.0	2840.1	0.0	0.0	0.0	0.0	0.000494	0.0	0.0	0.0	20.8831	0.0	0.0	0.0	0.0	48	0	0	0	52	0	0	0	0	187	0	0	0	21	0	0	0	0	1557	0	0	0	63	0	0	0	0	612	0	0	0	0	0	0	0	0	96	0	0	0	0	0	0	0	0	1675	0	0	0	0	0	0	0	0	0.001335	0.0	0.0	0.0	0.008641	0.0	0.0	0.0	0.0	0.133817	0.0	0.0	0.0	0.866183	0.0	0.0	0.0	0.0	
139	4316	2878.479531439	4740.556	4740.556	0.394786	0.079419	4175	0	0	0	137	0	0	0	0	1.0e-6	0.0	0.0	0.0	0.170042	0.0	0.0	0.0	0.0	2.06074	0.0	0.0	0.0	2842.25	0.0	0.0	0.0	0.0	0.000494	0.0	0.0	0.0	20.7464	0.0	0.0	0.0	0.0	48	0	0	0	52	0	0	0	0	187	0	0	0	21	0	0	0	0	1557	0	0	0	64	0	0	0	0	612	0	0	0	0	0	0	0	0	96	0	0	0	0	0	0	0	0	1675	0	0	0	0	0	0	0	0	0.001335	0.0	0.0	0.0	0.008196	0.0	0.0	0.0	0.0	0.140067	0.0	0.0	0.0	0.859933	0.0	0.0	0.0	0.0	
140	4317	2883.470885241	4740.556	4740.556	0.39315	0.078586	4175	0	0	0	138	0	0	0	0	1.0e-6	0.0	0.0	0.0	0.160155	0.0	0.0	0.0	0.0	2.06074	0.0	0.0	0.0	2847.24	0.0	0.0	0.0	0.0	0.000494	0.0	0.0	0.0	20.6322	0.0	0.0	0.0	0.0	48	0	0	0	52	0	0	0	0	187	0	0	0	21	0	0	0	0	1557	0	0	0	65	0	0	0	0	612	0	0	0	0	0	0	0	0	96	0	0	0	0	0	0	0	0	1675	0	0	0	0	0	0	0	0	0.001335	0.0	0.0	0.0	0.007762	0.0	0.0	0.0	0.0	0.146746	0.0	0.0	0.0	0.853254	0.0	0.0	0.0	0.0	
141	4318	2898.737615058	4740.556	4740.556	0.389393	0.076681	4175	0	0	0	139	0	0	0	0	1.0e-6	0.0	0.0	0.0	0.15077	0.0	0.0	0.0	0.0	2.06074	0.0	0.0	0.0	2862.51	0.0	0.0	0.0	0.0	0.000494	0.0	0.0	0.0	20.5936	0.0	0.0	0.0	0.0	48	0	0	0	52	0	0	0	0	187	0	0	0	21	0	0	0	0	1557	0	0	0	66	0	0	0	0	612	0	0	0	0	0	0	0	0	96	0	0	0	0	0	0	0	0	1675	0	0	0	0	0	0	0	0	0.001335	0.0	0.0	0.0	0.007321	0.0	0.0	0.0	0.0	0.154225	0.0	0.0	0.0	0.845775	0.0	0.0	0.0	0.0	
142	4319	2903.093509811	4740.556	4740.556	0.37812	0.071029	4175	0	0	0	140	0	0	0	0	1.0e-6	0.0	0.0	0.0	0.141857	0.0	0.0	0.0	0.0	2.06074	0.0	0.0	0.0	2866.87	0.0	0.0	0.0	0.0	0.000494	0.0	0.0	0.0	20.4776	0.0	0.0	0.0	0.0	48	0	0	0	52	0	0	0	0	187	0	0	0	21	0	0	0	0	1557	0	0	0	67	0	0	0	0	612	0	0	0	0	0	0	0	0	96	0	0	0	0	0	0	0	0	1675	0	0	0	0	0	0	0	0	0.001335	0.0	0.0	0.0	0.006927	0.0	0.0	0.0	0.0	0.161576	0.0	0.0	0.0	0.838424	0.0	0.0	0.0	0.0	
143	4320	2911.944559192	4736.056	4736.056	0.374964	0.069466	4175	0	0	0	141	0	0	0	0	1.0e-6	0.0	0.0	0.0	0.193033	0.0	0.0	0.0	0.0	2.06074	0.0	0.0	0.0	2875.72	0.0	0.0	0.0	0.0	0.000494	0.0	0.0	0.0	20.3952	0.0	0.0	0.0	0.0	48	0	0	0	53	0	0	0	0	187	0	0	0	21	0	0	0	0	1557	0	0	0	67	0	0	0	0	612	0	0	0	0	0	0	0	0	96	0	0	0	0	0	0	0	0	1675	0	0	0	0	0	0	0	0	0.001335	0.0	0.0	0.0	0.009465	0.0	0.0	0.0	0.0	0.123616	0.0	0.0	0.0	0.876384	0.0	0.0	0.0	0.0	
144	4321	2962.444878018	4736.056	4736.056	0.368632	0.066355	4175	0	0	0	142	0	0	0	0	1.0e-6	0.0	0.0	0.0	0.18202	0.0	0.0	0.0	0.0	2.06074	0.0	0.0	0.0	2926.22	0.0	0.0	0.0	0.0	0.000494	0.0	0.0	0.0	20.6072	0.0	0.0	0.0	0.0	48	0	0	0	53	0	0	0	0	187	0	0	0	21	0	0	0	0	1557	0	0	0	68	0	0	0	0	612	0	0	0	0	0	0	0	0	96	0	0	0	0	0	0	0	0	1675	0	0	0	0	0	0	0	0	0.001335	0.0	0.0	0.0	0.008833	0.0	0.0	0.0	0.0	0.131297	0.0	0.0	0.0	0.868703	0.0	0.0	0.0	0.0	
145	4323	2970.547109502	4728.556	4728.556	0.334497	0.050309	4176	0	0	0	143	0	0	0	0	1.0e-6	0.0	0.0	0.0	0.228483	0.0	0.0	0.0	0.0	2.06102	0.0	0.0	0.0	2934.32	0.0	0.0	0.0	0.0	0.000494	0.0	0.0	0.0	20.5197	0.0	0.0	0.0	0.0	48	0	0	0	54	0	0	0	0	187	0	0	0	21	0	0	0	0	1557	0	0	0	68	0	0	0	0	612	0	0	0	0	0	0	0	0	96	0	0	0	0	0	0	0	0	1676	0	0	0	0	0	0	0	0	0.001202	0.0	0.0	0.0	0.011135	0.0	0.0	0.0	0.0	0.097406	0.0	0.0	0.0	0.902594	0.0	0.0	0.0	0.0	
146	4324	2974.868609778	4728.556	4728.556	0.329322	0.048001	4176	0	0	0	144	0	0	0	0	1.0e-6	0.0	0.0	0.0	0.215826	0.0	0.0	0.0	0.0	2.06102	0.0	0.0	0.0	2938.64	0.0	0.0	0.0	0.0	0.000494	0.0	0.0	0.0	20.4072	0.0	0.0	0.0	0.0	48	0	0	0	54	0	0	0	0	187	0	0	0	21	0	0	0	0	1557	0	0	0	69	0	0	0	0	612	0	0	0	0	0	0	0	0	96	0	0	0	0	0	0	0	0	1676	0	0	0	0	0	0	0	0	0.001202	0.0	0.0	0.0	0.010576	0.0	0.0	0.0	0.0	0.102027	0.0	0.0	0.0	0.897973	0.0	0.0	0.0	0.0	
147	4455	2977.452445933	4728.547111111111	4728.556	0.326577	0.046791	4306	0	0	0	145	0	0	0	0	0.000143	0.0	0.0	0.0	0.194243	0.0	0.0	0.0	0.0	2.09027	0.0	0.0	0.0	2941.2	0.0	0.0	0.0	0.0	0.000485	0.0	0.0	0.0	20.2841	0.0	0.0	0.0	0.0	49	0	0	0	54	0	0	0	0	187	0	0	0	21	0	0	0	0	1569	0	0	0	70	0	0	0	0	644	0	0	0	0	0	0	0	0	98	0	0	0	0	0	0	0	0	1759	0	0	0	0	0	0	0	0	0.294747	0.0	0.0	0.0	0.009576	0.0	0.0	0.0	0.0	0.968533	0.0	0.0	0.0	0.031467	0.0	0.0	0.0	0.0	
148	4487	2984.09058895	4728.547111111111	4728.556	0.324954	0.046081	4337	0	0	0	146	0	0	0	0	8.4e-5	0.0	0.0	0.0	0.174819	0.0	0.0	0.0	0.0	2.12468	0.0	0.0	0.0	2947.8	0.0	0.0	0.0	0.0	0.00049	0.0	0.0	0.0	20.1904	0.0	0.0	0.0	0.0	49	0	0	0	54	0	0	0	0	188	0	0	0	21	0	0	0	0	1574	0	0	0	71	0	0	0	0	651	0	0	0	0	0	0	0	0	100	0	0	0	0	0	0	0	0	1775	0	0	0	0	0	0	0	0	0.17119	0.0	0.0	0.0	0.008659	0.0	0.0	0.0	0.0	0.951857	0.0	0.0	0.0	0.048143	0.0	0.0	0.0	0.0	
149	4499	2990.407094872	4728.547111111111	4728.556	0.32085	0.044302	4348	0	0	0	147	0	0	0	0	4.6e-5	0.0	0.0	0.0	0.157337	0.0	0.0	0.0	0.0	2.127	0.0	0.0	0.0	2954.11	0.0	0.0	0.0	0.0	0.000489	0.0	0.0	0.0	20.096	0.0	0.0	0.0	0.0	49	0	0	0	54	0	0	0	0	188	0	0	0	21	0	0	0	0	1574	0	0	0	72	0	0	0	0	653	0	0	0	0	0	0	0	0	101	0	0	0	0	0	0	0	0	1783	0	0	0	0	0	0	0	0	0.093777	0.0	0.0	0.0	0.007829	0.0	0.0	0.0	0.0	0.922945	0.0	0.0	0.0	0.077055	0.0	0.0	0.0	0.0	
150	4500	3000.90077134	4728.547111111111	4728.556	0.316975	0.042646	4348	0	0	0	148	0	0	0	0	4.6e-5	0.0	0.0	0.0	0.141603	0.0	0.0	0.0	0.0	2.127	0.0	0.0	0.0	2964.61	0.0	0.0	0.0	0.0	0.000489	0.0	0.0	0.0	20.0311	0.0	0.0	0.0	0.0	49	0	0	0	54	0	0	0	0	188	0	0	0	21	0	0	0	0	1574	0	0	0	73	0	0	0	0	653	0	0	0	0	0	0	0	0	101	0	0	0	0	0	0	0	0	1783	0	0	0	0	0	0	0	0	0.093777	0.0	0.0	0.0	0.007069	0.0	0.0	0.0	0.0	0.929901	0.0	0.0	0.0	0.070098	0.0	0.0	0.0	0.0	
151	4522	3007.604310454	4728.547111111111	4728.556	0.310636	0.039987	4369	0	0	0	149	0	0	0	0	0.000115	0.0	0.0	0.0	0.127443	0.0	0.0	0.0	0.0	2.13216	0.0	0.0	0.0	2971.31	0.0	0.0	0.0	0.0	0.000488	0.0	0.0	0.0	19.9416	0.0	0.0	0.0	0.0	49	0	0	0	54	0	0	0	0	189	0	0	0	21	0	0	0	0	1580	0	0	0	74	0	0	0	0	658	0	0	0	0	0	0	0	0	101	0	0	0	0	0	0	0	0	1792	0	0	0	0	0	0	0	0	0.236057	0.0	0.0	0.0	0.006391	0.0	0.0	0.0	0.0	0.973641	0.0	0.0	0.0	0.02636	0.0	0.0	0.0	0.0	
152	4527	3009.833580951	4728.547111111111	4728.556	0.306657	0.038351	4373	0	0	0	150	0	0	0	0	9.3e-5	0.0	0.0	0.0	0.114699	0.0	0.0	0.0	0.0	2.13317	0.0	0.0	0.0	2973.53	0.0	0.0	0.0	0.0	0.000488	0.0	0.0	0.0	19.8236	0.0	0.0	0.0	0.0	49	0	0	0	54	0	0	0	0	189	0	0	0	21	0	0	0	0	1580	0	0	0	75	0	0	0	0	659	0	0	0	0	0	0	0	0	101	0	0	0	0	0	0	0	0	1795	0	0	0	0	0	0	0	0	0.191169	0.0	0.0	0.0	0.005786	0.0	0.0	0.0	0.0	0.970623	0.0	0.0	0.0	0.029377	0.0	0.0	0.0	0.0	
153	4528	3040.553571984	4728.547111111111	4728.556	0.305345	0.037818	4373	0	0	0	151	0	0	0	0	9.3e-5	0.0	0.0	0.0	0.103229	0.0	0.0	0.0	0.0	2.13317	0.0	0.0	0.0	3004.25	0.0	0.0	0.0	0.0	0.000488	0.0	0.0	0.0	19.8957	0.0	0.0	0.0	0.0	49	0	0	0	54	0	0	0	0	189	0	0	0	21	0	0	0	0	1580	0	0	0	76	0	0	0	0	659	0	0	0	0	0	0	0	0	101	0	0	0	0	0	0	0	0	1795	0	0	0	0	0	0	0	0	0.191169	0.0	0.0	0.0	0.005188	0.0	0.0	0.0	0.0	0.973576	0.0	0.0	0.0	0.026424	0.0	0.0	0.0	0.0	
154	4553	3047.056482896	4728.056	4728.056	0.287816	0.030979	4397	0	0	0	152	0	0	0	0	0.000146	0.0	0.0	0.0	0.192906	0.0	0.0	0.0	0.0	2.13824	0.0	0.0	0.0	3010.75	0.0	0.0	0.0	0.0	0.000486	0.0	0.0	0.0	19.8076	0.0	0.0	0.0	0.0	49	0	0	0	55	0	0	0	0	190	0	0	0	21	0	0	0	0	1584	0	0	0	76	0	0	0	0	663	0	0	0	0	0	0	0	0	101	0	0	0	0	0	0	0	0	1810	0	0	0	0	0	0	0	0	0.30036	0.0	0.0	0.0	0.009739	0.0	0.0	0.0	0.0	0.968594	0.0	0.0	0.0	0.031406	0.0	0.0	0.0	0.0	
155	4717	3106.511889381	4719.051555555556	4719.056	0.284211	0.029644	4560	0	0	0	153	0	0	0	0	0.000313	0.0	0.0	0.0	0.173615	0.0	0.0	0.0	0.0	2.19041	0.0	0.0	0.0	3070.15	0.0	0.0	0.0	0.0	0.00048	0.0	0.0	0.0	20.0664	0.0	0.0	0.0	0.0	51	0	0	0	55	0	0	0	0	190	0	0	0	21	0	0	0	0	1616	0	0	0	77	0	0	0	0	693	0	0	0	0	0	0	0	0	107	0	0	0	0	0	0	0	0	1903	0	0	0	0	0	0	0	0	0.652519	0.0	0.0	0.0	0.008652	0.0	0.0	0.0	0.0	0.986914	0.0	0.0	0.0	0.013086	0.0	0.0	0.0	0.0	
156	4750	3109.57926597	4719.051555555556	4719.056	0.253509	0.019358	4592	0	0	0	154	0	0	0	0	5.7e-5	0.0	0.0	0.0	0.156254	0.0	0.0	0.0	0.0	2.19828	0.0	0.0	0.0	3073.21	0.0	0.0	0.0	0.0	0.000479	0.0	0.0	0.0	19.9559	0.0	0.0	0.0	0.0	51	0	0	0	55	0	0	0	0	190	0	0	0	21	0	0	0	0	1622	0	0	0	78	0	0	0	0	702	0	0	0	0	0	0	0	0	107	0	0	0	0	0	0	0	0	1920	0	0	0	0	0	0	0	0	0.119849	0.0	0.0	0.0	0.00783	0.0	0.0	0.0	0.0	0.938675	0.0	0.0	0.0	0.061326	0.0	0.0	0.0	0.0	
157	4792	3289.725866517	4719.051555555556	4719.056	0.252016	0.018911	4633	0	0	0	155	0	0	0	0	0.000235	0.0	0.0	0.0	0.140628	0.0	0.0	0.0	0.0	2.20875	0.0	0.0	0.0	3253.35	0.0	0.0	0.0	0.0	0.000477	0.0	0.0	0.0	20.9894	0.0	0.0	0.0	0.0	51	0	0	0	55	0	0	0	0	192	0	0	0	21	0	0	0	0	1629	0	0	0	79	0	0	0	0	709	0	0	0	0	0	0	0	0	110	0	0	0	0	0	0	0	0	1942	0	0	0	0	0	0	0	0	0.493641	0.0	0.0	0.0	0.0067	0.0	0.0	0.0	0.0	0.986609	0.0	0.0	0.0	0.013391	0.0	0.0	0.0	0.0	
158	4798	3306.029110923	4719.047111111111	4719.056	0.178194	0.003654	4638	0	0	0	156	0	0	0	0	0.041459	0.0	0.0	0.0	0.126566	0.0	0.0	0.0	0.0	2.21008	0.0	0.0	0.0	3269.65	0.0	0.0	0.0	0.0	0.000477	0.0	0.0	0.0	20.9593	0.0	0.0	0.0	0.0	52	0	0	0	55	0	0	0	0	192	0	0	0	21	0	0	0	0	1630	0	0	0	80	0	0	0	0	709	0	0	0	0	0	0	0	0	110	0	0	0	0	0	0	0	0	1945	0	0	0	0	0	0	0	0	87.0054	0.0	0.0	0.0	0.006039	0.0	0.0	0.0	0.0	0.999931	0.0	0.0	0.0	6.9e-5	0.0	0.0	0.0	0.0	
159	4909	3313.414664881	4719.047111111111	4719.056	0.172675	0.003054	4748	0	0	0	157	0	0	0	0	0.000195	0.0	0.0	0.0	0.113909	0.0	0.0	0.0	0.0	2.25949	0.0	0.0	0.0	3276.99	0.0	0.0	0.0	0.0	0.000476	0.0	0.0	0.0	20.8725	0.0	0.0	0.0	0.0	52	0	0	0	55	0	0	0	0	194	0	0	0	21	0	0	0	0	1655	0	0	0	81	0	0	0	0	727	0	0	0	0	0	0	0	0	113	0	0	0	0	0	0	0	0	2007	0	0	0	0	0	0	0	0	0.408786	0.0	0.0	0.0	0.005457	0.0	0.0	0.0	0.0	0.986826	0.0	0.0	0.0	0.013174	0.0	0.0	0.0	0.0	
160	4911	3322.034928436	4719.047111111111	4719.056	0.170255	0.002813	4749	0	0	0	158	0	0	0	0	0.000185	0.0	0.0	0.0	0.102518	0.0	0.0	0.0	0.0	2.25976	0.0	0.0	0.0	3285.61	0.0	0.0	0.0	0.0	0.000476	0.0	0.0	0.0	20.795	0.0	0.0	0.0	0.0	52	0	0	0	55	0	0	0	0	194	0	0	0	21	0	0	0	0	1655	0	0	0	82	0	0	0	0	727	0	0	0	0	0	0	0	0	113	0	0	0	0	0	0	0	0	2008	0	0	0	0	0	0	0	0	0.388109	0.0	0.0	0.0	0.00493	0.0	0.0	0.0	0.0	0.987457	0.0	0.0	0.0	0.012543	0.0	0.0	0.0	0.0	
161	4917	3324.353738959	4719.047111111111	4719.056	0.167453	0.00255	4754	0	0	0	159	0	0	0	0	0.000142	0.0	0.0	0.0	0.092266	0.0	0.0	0.0	0.0	2.26167	0.0	0.0	0.0	3287.93	0.0	0.0	0.0	0.0	0.000476	0.0	0.0	0.0	20.6788	0.0	0.0	0.0	0.0	52	0	0	0	55	0	0	0	0	194	0	0	0	21	0	0	0	0	1655	0	0	0	83	0	0	0	0	731	0	0	0	0	0	0	0	0	114	0	0	0	0	0	0	0	0	2008	0	0	0	0	0	0	0	0	0.299259	0.0	0.0	0.0	0.004462	0.0	0.0	0.0	0.0	0.985309	0.0	0.0	0.0	0.014691	0.0	0.0	0.0	0.0	
162	4937	3339.126734135	4719.047111111111	4719.056	0.166707	0.002482	4773	0	0	0	160	0	0	0	0	0.000153	0.0	0.0	0.0	0.08304	0.0	0.0	0.0	0.0	2.26595	0.0	0.0	0.0	3302.69	0.0	0.0	0.0	0.0	0.000475	0.0	0.0	0.0	20.6418	0.0	0.0	0.0	0.0	52	0	0	0	55	0	0	0	0	195	0	0	0	21	0	0	0	0	1657	0	0	0	84	0	0	0	0	734	0	0	0	0	0	0	0	0	114	0	0	0	0	0	0	0	0	2021	0	0	0	0	0	0	0	0	0.322675	0.0	0.0	0.0	0.004023	0.0	0.0	0.0	0.0	0.987686	0.0	0.0	0.0	0.012314	0.0	0.0	0.0	0.0	
163	4950	3341.708732066	4719.047111111111	4719.056	0.162035	0.002088	4785	0	0	0	161	0	0	0	0	8.2e-5	0.0	0.0	0.0	0.074736	0.0	0.0	0.0	0.0	2.26907	0.0	0.0	0.0	3305.27	0.0	0.0	0.0	0.0	0.000474	0.0	0.0	0.0	20.5296	0.0	0.0	0.0	0.0	52	0	0	0	55	0	0	0	0	195	0	0	0	21	0	0	0	0	1660	0	0	0	85	0	0	0	0	736	0	0	0	0	0	0	0	0	115	0	0	0	0	0	0	0	0	2027	0	0	0	0	0	0	0	0	0.172711	0.0	0.0	0.0	0.00364	0.0	0.0	0.0	0.0	0.979357	0.0	0.0	0.0	0.020643	0.0	0.0	0.0	0.0	
164	4979	3348.295237724	4719.047111111111	4719.056	0.161231	0.002025	4813	0	0	0	162	0	0	0	0	1.8e-5	0.0	0.0	0.0	0.067262	0.0	0.0	0.0	0.0	2.27555	0.0	0.0	0.0	3311.85	0.0	0.0	0.0	0.0	0.000473	0.0	0.0	0.0	20.4435	0.0	0.0	0.0	0.0	52	0	0	0	55	0	0	0	0	195	0	0	0	21	0	0	0	0	1662	0	0	0	86	0	0	0	0	743	0	0	0	0	0	0	0	0	116	0	0	0	0	0	0	0	0	2045	0	0	0	0	0	0	0	0	0.038421	0.0	0.0	0.0	0.00329	0.0	0.0	0.0	0.0	0.92112	0.0	0.0	0.0	0.07888	0.0	0.0	0.0	0.0	
165	4980	3353.417014172	4719.047111111111	4719.056	0.159203	0.001871	4813	0	0	0	163	0	0	0	0	1.8e-5	0.0	0.0	0.0	0.060536	0.0	0.0	0.0	0.0	2.27555	0.0	0.0	0.0	3316.97	0.0	0.0	0.0	0.0	0.000473	0.0	0.0	0.0	20.3495	0.0	0.0	0.0	0.0	52	0	0	0	55	0	0	0	0	195	0	0	0	21	0	0	0	0	1662	0	0	0	87	0	0	0	0	743	0	0	0	0	0	0	0	0	116	0	0	0	0	0	0	0	0	2045	0	0	0	0	0	0	0	0	0.038421	0.0	0.0	0.0	0.002975	0.0	0.0	0.0	0.0	0.928137	0.0	0.0	0.0	0.071863	0.0	0.0	0.0	0.0	
166	4982	3365.61667025	4719.047111111111	4719.056	0.157641	0.001758	4814	0	0	0	164	0	0	0	0	1.7e-5	0.0	0.0	0.0	0.054482	0.0	0.0	0.0	0.0	2.27578	0.0	0.0	0.0	3329.17	0.0	0.0	0.0	0.0	0.000473	0.0	0.0	0.0	20.2998	0.0	0.0	0.0	0.0	52	0	0	0	55	0	0	0	0	195	0	0	0	21	0	0	0	0	1662	0	0	0	88	0	0	0	0	743	0	0	0	0	0	0	0	0	116	0	0	0	0	0	0	0	0	2046	0	0	0	0	0	0	0	0	0.036355	0.0	0.0	0.0	0.002684	0.0	0.0	0.0	0.0	0.931251	0.0	0.0	0.0	0.068749	0.0	0.0	0.0	0.0	
167	5011	3368.199965921	4719.047111111111	4719.056	0.153982	0.001512	4842	0	0	0	165	0	0	0	0	9.2e-5	0.0	0.0	0.0	0.049034	0.0	0.0	0.0	0.0	2.28194	0.0	0.0	0.0	3331.75	0.0	0.0	0.0	0.0	0.000471	0.0	0.0	0.0	20.1924	0.0	0.0	0.0	0.0	52	0	0	0	55	0	0	0	0	196	0	0	0	21	0	0	0	0	1667	0	0	0	89	0	0	0	0	750	0	0	0	0	0	0	0	0	117	0	0	0	0	0	0	0	0	2060	0	0	0	0	0	0	0	0	0.194977	0.0	0.0	0.0	0.002428	0.0	0.0	0.0	0.0	0.987699	0.0	0.0	0.0	0.012301	0.0	0.0	0.0	0.0	
168	5094	3372.274636124	4719.047111111111	4719.056	0.153216	0.001464	4924	0	0	0	166	0	0	0	0	1.0e-5	0.0	0.0	0.0	0.044131	0.0	0.0	0.0	0.0	2.29909	0.0	0.0	0.0	3335.81	0.0	0.0	0.0	0.0	0.000467	0.0	0.0	0.0	20.0952	0.0	0.0	0.0	0.0	52	0	0	0	55	0	0	0	0	197	0	0	0	21	0	0	0	0	1682	0	0	0	90	0	0	0	0	773	0	0	0	0	0	0	0	0	119	0	0	0	0	0	0	0	0	2101	0	0	0	0	0	0	0	0	0.021239	0.0	0.0	0.0	0.002196	0.0	0.0	0.0	0.0	0.906292	0.0	0.0	0.0	0.093708	0.0	0.0	0.0	0.0	
169	5108	3379.25139713	4719.047111111111	4719.056	0.152016	0.00139	4937	0	0	0	167	0	0	0	0	5.0e-6	0.0	0.0	0.0	0.039718	0.0	0.0	0.0	0.0	2.32649	0.0	0.0	0.0	3342.76	0.0	0.0	0.0	0.0	0.000471	0.0	0.0	0.0	20.0165	0.0	0.0	0.0	0.0	52	0	0	0	55	0	0	0	0	197	0	0	0	21	0	0	0	0	1683	0	0	0	91	0	0	0	0	776	0	0	0	0	0	0	0	0	120	0	0	0	0	0	0	0	0	2109	0	0	0	0	0	0	0	0	0.009737	0.0	0.0	0.0	0.001984	0.0	0.0	0.0	0.0	0.830714	0.0	0.0	0.0	0.169286	0.0	0.0	0.0	0.0	
170	5110	3386.624606394	4719.047111111111	4719.056	0.149997	0.001272	4938	0	0	0	168	0	0	0	0	4.0e-6	0.0	0.0	0.0	0.035746	0.0	0.0	0.0	0.0	2.32669	0.0	0.0	0.0	3350.13	0.0	0.0	0.0	0.0	0.000471	0.0	0.0	0.0	19.9413	0.0	0.0	0.0	0.0	52	0	0	0	55	0	0	0	0	197	0	0	0	21	0	0	0	0	1683	0	0	0	92	0	0	0	0	776	0	0	0	0	0	0	0	0	120	0	0	0	0	0	0	0	0	2110	0	0	0	0	0	0	0	0	0.009152	0.0	0.0	0.0	0.001793	0.0	0.0	0.0	0.0	0.836215	0.0	0.0	0.0	0.163785	0.0	0.0	0.0	0.0	
171	5112	3391.807324401	4719.047111111111	4719.056	0.147884	0.001157	4939	0	0	0	169	0	0	0	0	4.0e-6	0.0	0.0	0.0	0.032171	0.0	0.0	0.0	0.0	2.3269	0.0	0.0	0.0	3355.31	0.0	0.0	0.0	0.0	0.000471	0.0	0.0	0.0	19.8539	0.0	0.0	0.0	0.0	52	0	0	0	55	0	0	0	0	197	0	0	0	21	0	0	0	0	1683	0	0	0	93	0	0	0	0	776	0	0	0	0	0	0	0	0	120	0	0	0	0	0	0	0	0	2111	0	0	0	0	0	0	0	0	0.008606	0.0	0.0	0.0	0.00162	0.0	0.0	0.0	0.0	0.841543	0.0	0.0	0.0	0.158457	0.0	0.0	0.0	0.0	
172	5115	3394.042982143	4719.047111111111	4719.056	0.146416	0.001081	4941	0	0	0	170	0	0	0	0	4.0e-6	0.0	0.0	0.0	0.028954	0.0	0.0	0.0	0.0	2.32731	0.0	0.0	0.0	3357.55	0.0	0.0	0.0	0.0	0.000471	0.0	0.0	0.0	19.7503	0.0	0.0	0.0	0.0	52	0	0	0	55	0	0	0	0	197	0	0	0	21	0	0	0	0	1683	0	0	0	94	0	0	0	0	776	0	0	0	0	0	0	0	0	120	0	0	0	0	0	0	0	0	2113	0	0	0	0	0	0	0	0	0.00761	0.0	0.0	0.0	0.001466	0.0	0.0	0.0	0.0	0.838482	0.0	0.0	0.0	0.161518	0.0	0.0	0.0	0.0	
173	5125	3402.275971441	4716.056	4716.056	0.145787	0.00105	4950	0	0	0	171	0	0	0	0	2.0e-6	0.0	0.0	0.0	0.126059	0.0	0.0	0.0	0.0	2.33003	0.0	0.0	0.0	3365.78	0.0	0.0	0.0	0.0	0.000471	0.0	0.0	0.0	19.6829	0.0	0.0	0.0	0.0	52	0	0	0	56	0	0	0	0	197	0	0	0	21	0	0	0	0	1685	0	0	0	94	0	0	0	0	779	0	0	0	0	0	0	0	0	120	0	0	0	0	0	0	0	0	2117	0	0	0	0	0	0	0	0	0.00426	0.0	0.0	0.0	0.006404	0.0	0.0	0.0	0.0	0.39943	0.0	0.0	0.0	0.60057	0.0	0.0	0.0	0.0	
174	5127	3405.978964122	4716.056	4716.056	0.143496	0.000941	4951	0	0	0	172	0	0	0	0	2.0e-6	0.0	0.0	0.0	0.115983	0.0	0.0	0.0	0.0	2.33056	0.0	0.0	0.0	3369.48	0.0	0.0	0.0	0.0	0.000471	0.0	0.0	0.0	19.59	0.0	0.0	0.0	0.0	52	0	0	0	56	0	0	0	0	197	0	0	0	21	0	0	0	0	1685	0	0	0	95	0	0	0	0	780	0	0	0	0	0	0	0	0	120	0	0	0	0	0	0	0	0	2117	0	0	0	0	0	0	0	0	0.003833	0.0	0.0	0.0	0.005921	0.0	0.0	0.0	0.0	0.393015	0.0	0.0	0.0	0.606985	0.0	0.0	0.0	0.0	
175	5129	3415.958623714	4716.056	4716.056	0.142478	0.000895	4952	0	0	0	173	0	0	0	0	2.0e-6	0.0	0.0	0.0	0.106804	0.0	0.0	0.0	0.0	2.33075	0.0	0.0	0.0	3379.46	0.0	0.0	0.0	0.0	0.000471	0.0	0.0	0.0	19.5345	0.0	0.0	0.0	0.0	52	0	0	0	56	0	0	0	0	197	0	0	0	21	0	0	0	0	1685	0	0	0	96	0	0	0	0	780	0	0	0	0	0	0	0	0	120	0	0	0	0	0	0	0	0	2118	0	0	0	0	0	0	0	0	0.003451	0.0	0.0	0.0	0.005467	0.0	0.0	0.0	0.0	0.386917	0.0	0.0	0.0	0.613083	0.0	0.0	0.0	0.0	
176	5130	3424.886790084	4716.056	4716.056	0.139768	0.000781	4952	0	0	0	174	0	0	0	0	2.0e-6	0.0	0.0	0.0	0.098094	0.0	0.0	0.0	0.0	2.33075	0.0	0.0	0.0	3388.39	0.0	0.0	0.0	0.0	0.000471	0.0	0.0	0.0	19.4735	0.0	0.0	0.0	0.0	52	0	0	0	56	0	0	0	0	197	0	0	0	21	0	0	0	0	1685	0	0	0	97	0	0	0	0	780	0	0	0	0	0	0	0	0	120	0	0	0	0	0	0	0	0	2118	0	0	0	0	0	0	0	0	0.003451	0.0	0.0	0.0	0.005037	0.0	0.0	0.0	0.0	0.406527	0.0	0.0	0.0	0.593473	0.0	0.0	0.0	0.0	
177	5131	3427.072859956	4716.056	4716.056	0.137387	0.00069	4952	0	0	0	175	0	0	0	0	2.0e-6	0.0	0.0	0.0	0.089829	0.0	0.0	0.0	0.0	2.33075	0.0	0.0	0.0	3390.57	0.0	0.0	0.0	0.0	0.000471	0.0	0.0	0.0	19.3747	0.0	0.0	0.0	0.0	52	0	0	0	56	0	0	0	0	197	0	0	0	21	0	0	0	0	1685	0	0	0	98	0	0	0	0	780	0	0	0	0	0	0	0	0	120	0	0	0	0	0	0	0	0	2118	0	0	0	0	0	0	0	0	0.003451	0.0	0.0	0.0	0.004636	0.0	0.0	0.0	0.0	0.426679	0.0	0.0	0.0	0.573321	0.0	0.0	0.0	0.0	
178	5132	3429.318336163	4716.056	4716.056	0.13681	0.000669	4952	0	0	0	176	0	0	0	0	2.0e-6	0.0	0.0	0.0	0.081995	0.0	0.0	0.0	0.0	2.33075	0.0	0.0	0.0	3392.82	0.0	0.0	0.0	0.0	0.000471	0.0	0.0	0.0	19.2774	0.0	0.0	0.0	0.0	52	0	0	0	56	0	0	0	0	197	0	0	0	21	0	0	0	0	1685	0	0	0	99	0	0	0	0	780	0	0	0	0	0	0	0	0	120	0	0	0	0	0	0	0	0	2118	0	0	0	0	0	0	0	0	0.003451	0.0	0.0	0.0	0.004253	0.0	0.0	0.0	0.0	0.44789	0.0	0.0	0.0	0.55211	0.0	0.0	0.0	0.0	
179	5134	3451.659341936	4716.056	4716.056	0.136221	0.000648	4953	0	0	0	177	0	0	0	0	1.0e-6	0.0	0.0	0.0	0.074902	0.0	0.0	0.0	0.0	2.33095	0.0	0.0	0.0	3415.16	0.0	0.0	0.0	0.0	0.000471	0.0	0.0	0.0	19.2947	0.0	0.0	0.0	0.0	52	0	0	0	56	0	0	0	0	197	0	0	0	21	0	0	0	0	1685	0	0	0	100	0	0	0	0	780	0	0	0	0	0	0	0	0	120	0	0	0	0	0	0	0	0	2119	0	0	0	0	0	0	0	0	0.003106	0.0	0.0	0.0	0.003882	0.0	0.0	0.0	0.0	0.444465	0.0	0.0	0.0	0.555535	0.0	0.0	0.0	0.0	
180	5135	3453.899831984	4716.056	4716.056	0.130489	0.00047	4953	0	0	0	178	0	0	0	0	1.0e-6	0.0	0.0	0.0	0.06816	0.0	0.0	0.0	0.0	2.33095	0.0	0.0	0.0	3417.4	0.0	0.0	0.0	0.0	0.000471	0.0	0.0	0.0	19.1989	0.0	0.0	0.0	0.0	52	0	0	0	56	0	0	0	0	197	0	0	0	21	0	0	0	0	1685	0	0	0	101	0	0	0	0	780	0	0	0	0	0	0	0	0	120	0	0	0	0	0	0	0	0	2119	0	0	0	0	0	0	0	0	0.003106	0.0	0.0	0.0	0.00355	0.0	0.0	0.0	0.0	0.466618	0.0	0.0	0.0	0.533382	0.0	0.0	0.0	0.0	
181	5136	3469.220873905	4716.056	4716.056	0.129927	0.000454	4953	0	0	0	179	0	0	0	0	1.0e-6	0.0	0.0	0.0	0.061771	0.0	0.0	0.0	0.0	2.33095	0.0	0.0	0.0	3432.72	0.0	0.0	0.0	0.0	0.000471	0.0	0.0	0.0	19.1772	0.0	0.0	0.0	0.0	52	0	0	0	56	0	0	0	0	197	0	0	0	21	0	0	0	0	1685	0	0	0	102	0	0	0	0	780	0	0	0	0	0	0	0	0	120	0	0	0	0	0	0	0	0	2119	0	0	0	0	0	0	0	0	0.003106	0.0	0.0	0.0	0.003221	0.0	0.0	0.0	0.0	0.490895	0.0	0.0	0.0	0.509105	0.0	0.0	0.0	0.0	
182	5137	3519.400399518	4712.056	4712.056	0.126153	0.000361	4953	0	0	0	180	0	0	0	0	1.0e-6	0.0	0.0	0.0	0.153916	0.0	0.0	0.0	0.0	2.33095	0.0	0.0	0.0	3482.9	0.0	0.0	0.0	0.0	0.000471	0.0	0.0	0.0	19.3495	0.0	0.0	0.0	0.0	52	0	0	0	57	0	0	0	0	197	0	0	0	21	0	0	0	0	1685	0	0	0	102	0	0	0	0	780	0	0	0	0	0	0	0	0	120	0	0	0	0	0	0	0	0	2119	0	0	0	0	0	0	0	0	0.003106	0.0	0.0	0.0	0.007955	0.0	0.0	0.0	0.0	0.280808	0.0	0.0	0.0	0.719192	0.0	0.0	0.0	0.0	
183	5138	3699.547189196	4712.056	4712.056	0.114542	0.000162	4953	0	0	0	181	0	0	0	0	1.0e-6	0.0	0.0	0.0	0.143215	0.0	0.0	0.0	0.0	2.33095	0.0	0.0	0.0	3663.05	0.0	0.0	0.0	0.0	0.000471	0.0	0.0	0.0	20.2378	0.0	0.0	0.0	0.0	52	0	0	0	57	0	0	0	0	197	0	0	0	21	0	0	0	0	1685	0	0	0	103	0	0	0	0	780	0	0	0	0	0	0	0	0	120	0	0	0	0	0	0	0	0	2119	0	0	0	0	0	0	0	0	0.003106	0.0	0.0	0.0	0.007077	0.0	0.0	0.0	0.0	0.305019	0.0	0.0	0.0	0.694981	0.0	0.0	0.0	0.0	
184	5140	3701.794371166	4712.056	4712.056	0.080988	4.0e-6	4954	0	0	0	182	0	0	0	0	1.0e-6	0.0	0.0	0.0	0.133226	0.0	0.0	0.0	0.0	2.33122	0.0	0.0	0.0	3665.3	0.0	0.0	0.0	0.0	0.000471	0.0	0.0	0.0	20.139	0.0	0.0	0.0	0.0	52	0	0	0	57	0	0	0	0	197	0	0	0	21	0	0	0	0	1685	0	0	0	104	0	0	0	0	780	0	0	0	0	0	0	0	0	120	0	0	0	0	0	0	0	0	2120	0	0	0	0	0	0	0	0	0.002796	0.0	0.0	0.0	0.006615	0.0	0.0	0.0	0.0	0.297052	0.0	0.0	0.0	0.702948	0.0	0.0	0.0	0.0	
185	5142	3707.090885982	4712.056	4712.056	0.080639	4.0e-6	4955	0	0	0	183	0	0	0	0	1.0e-6	0.0	0.0	0.0	0.124031	0.0	0.0	0.0	0.0	2.33144	0.0	0.0	0.0	3670.59	0.0	0.0	0.0	0.0	0.000471	0.0	0.0	0.0	20.0579	0.0	0.0	0.0	0.0	52	0	0	0	57	0	0	0	0	197	0	0	0	21	0	0	0	0	1685	0	0	0	105	0	0	0	0	780	0	0	0	0	0	0	0	0	120	0	0	0	0	0	0	0	0	2121	0	0	0	0	0	0	0	0	0.002516	0.0	0.0	0.0	0.006184	0.0	0.0	0.0	0.0	0.289225	0.0	0.0	0.0	0.710775	0.0	0.0	0.0	0.0	
186	5143	3715.384546462	4712.056	4712.056	0.079821	4.0e-6	4955	0	0	0	184	0	0	0	0	1.0e-6	0.0	0.0	0.0	0.115306	0.0	0.0	0.0	0.0	2.33144	0.0	0.0	0.0	3678.89	0.0	0.0	0.0	0.0	0.000471	0.0	0.0	0.0	19.9939	0.0	0.0	0.0	0.0	52	0	0	0	57	0	0	0	0	197	0	0	0	21	0	0	0	0	1685	0	0	0	106	0	0	0	0	780	0	0	0	0	0	0	0	0	120	0	0	0	0	0	0	0	0	2121	0	0	0	0	0	0	0	0	0.002516	0.0	0.0	0.0	0.005767	0.0	0.0	0.0	0.0	0.303772	0.0	0.0	0.0	0.696228	0.0	0.0	0.0	0.0	
187	5145	3719.93637292	4712.056	4712.056	0.078557	3.0e-6	4956	0	0	0	185	0	0	0	0	1.0e-6	0.0	0.0	0.0	0.107276	0.0	0.0	0.0	0.0	2.33169	0.0	0.0	0.0	3683.44	0.0	0.0	0.0	0.0	0.00047	0.0	0.0	0.0	19.9105	0.0	0.0	0.0	0.0	52	0	0	0	57	0	0	0	0	197	0	0	0	21	0	0	0	0	1685	0	0	0	107	0	0	0	0	780	0	0	0	0	0	0	0	0	120	0	0	0	0	0	0	0	0	2122	0	0	0	0	0	0	0	0	0.002265	0.0	0.0	0.0	0.005388	0.0	0.0	0.0	0.0	0.295948	0.0	0.0	0.0	0.704052	0.0	0.0	0.0	0.0	
188	5147	3723.721948255	4712.056	4712.056	0.077872	3.0e-6	4957	0	0	0	186	0	0	0	0	1.0e-6	0.0	0.0	0.0	0.099883	0.0	0.0	0.0	0.0	2.3319	0.0	0.0	0.0	3687.22	0.0	0.0	0.0	0.0	0.00047	0.0	0.0	0.0	19.8238	0.0	0.0	0.0	0.0	52	0	0	0	57	0	0	0	0	197	0	0	0	21	0	0	0	0	1685	0	0	0	108	0	0	0	0	780	0	0	0	0	0	0	0	0	120	0	0	0	0	0	0	0	0	2123	0	0	0	0	0	0	0	0	0.002039	0.0	0.0	0.0	0.005039	0.0	0.0	0.0	0.0	0.28805	0.0	0.0	0.0	0.71195	0.0	0.0	0.0	0.0	
189	5148	3726.021076792	4712.056	4712.056	0.077307	2.0e-6	4957	0	0	0	187	0	0	0	0	1.0e-6	0.0	0.0	0.0	0.092868	0.0	0.0	0.0	0.0	2.3319	0.0	0.0	0.0	3689.52	0.0	0.0	0.0	0.0	0.00047	0.0	0.0	0.0	19.7301	0.0	0.0	0.0	0.0	52	0	0	0	57	0	0	0	0	197	0	0	0	21	0	0	0	0	1685	0	0	0	109	0	0	0	0	780	0	0	0	0	0	0	0	0	120	0	0	0	0	0	0	0	0	2123	0	0	0	0	0	0	0	0	0.002039	0.0	0.0	0.0	0.004707	0.0	0.0	0.0	0.0	0.30221	0.0	0.0	0.0	0.69779	0.0	0.0	0.0	0.0	
190	5149	3739.658594197	4712.056	4712.056	0.076966	2.0e-6	4957	0	0	0	188	0	0	0	0	1.0e-6	0.0	0.0	0.0	0.086214	0.0	0.0	0.0	0.0	2.3319	0.0	0.0	0.0	3703.16	0.0	0.0	0.0	0.0	0.00047	0.0	0.0	0.0	19.6977	0.0	0.0	0.0	0.0	52	0	0	0	57	0	0	0	0	197	0	0	0	21	0	0	0	0	1685	0	0	0	110	0	0	0	0	780	0	0	0	0	0	0	0	0	120	0	0	0	0	0	0	0	0	2123	0	0	0	0	0	0	0	0	0.002039	0.0	0.0	0.0	0.004377	0.0	0.0	0.0	0.0	0.317759	0.0	0.0	0.0	0.682241	0.0	0.0	0.0	0.0	
191	5152	3743.704778074	4712.056	4712.056	0.074972	2.0e-6	4959	0	0	0	189	0	0	0	0	1.0e-6	0.0	0.0	0.0	0.080276	0.0	0.0	0.0	0.0	2.33226	0.0	0.0	0.0	3707.2	0.0	0.0	0.0	0.0	0.00047	0.0	0.0	0.0	19.6148	0.0	0.0	0.0	0.0	52	0	0	0	57	0	0	0	0	197	0	0	0	21	0	0	0	0	1685	0	0	0	111	0	0	0	0	780	0	0	0	0	0	0	0	0	120	0	0	0	0	0	0	0	0	2125	0	0	0	0	0	0	0	0	0.001652	0.0	0.0	0.0	0.004093	0.0	0.0	0.0	0.0	0.287528	0.0	0.0	0.0	0.712472	0.0	0.0	0.0	0.0	
192	5155	3754.700908304	4702.444	4702.444	0.074391	1.0e-6	4961	0	0	0	190	0	0	0	0	1.0e-6	0.0	0.0	0.0	0.141295	0.0	0.0	0.0	0.0	2.33321	0.0	0.0	0.0	3718.2	0.0	0.0	0.0	0.0	0.00047	0.0	0.0	0.0	19.5695	0.0	0.0	0.0	0.0	52	0	0	0	58	0	0	0	0	197	0	0	0	21	0	0	0	0	1685	0	0	0	111	0	0	0	0	782	0	0	0	0	0	0	0	0	120	0	0	0	0	0	0	0	0	2125	0	0	0	0	0	0	0	0	0.001338	0.0	0.0	0.0	0.00722	0.0	0.0	0.0	0.0	0.156325	0.0	0.0	0.0	0.843675	0.0	0.0	0.0	0.0	
193	5157	3766.595255596	4702.444	4702.444	0.072834	1.0e-6	4962	0	0	0	191	0	0	0	0	1.0e-6	0.0	0.0	0.0	0.133052	0.0	0.0	0.0	0.0	2.33341	0.0	0.0	0.0	3730.09	0.0	0.0	0.0	0.0	0.00047	0.0	0.0	0.0	19.5293	0.0	0.0	0.0	0.0	52	0	0	0	58	0	0	0	0	197	0	0	0	21	0	0	0	0	1685	0	0	0	112	0	0	0	0	782	0	0	0	0	0	0	0	0	120	0	0	0	0	0	0	0	0	2126	0	0	0	0	0	0	0	0	0.001204	0.0	0.0	0.0	0.006813	0.0	0.0	0.0	0.0	0.150201	0.0	0.0	0.0	0.849799	0.0	0.0	0.0	0.0	
194	5158	3776.603475467	4702.444	4702.444	0.071186	1.0e-6	4962	0	0	0	192	0	0	0	0	1.0e-6	0.0	0.0	0.0	0.125223	0.0	0.0	0.0	0.0	2.33341	0.0	0.0	0.0	3740.1	0.0	0.0	0.0	0.0	0.00047	0.0	0.0	0.0	19.4797	0.0	0.0	0.0	0.0	52	0	0	0	58	0	0	0	0	197	0	0	0	21	0	0	0	0	1685	0	0	0	113	0	0	0	0	782	0	0	0	0	0	0	0	0	120	0	0	0	0	0	0	0	0	2126	0	0	0	0	0	0	0	0	0.001204	0.0	0.0	0.0	0.006428	0.0	0.0	0.0	0.0	0.157768	0.0	0.0	0.0	0.842232	0.0	0.0	0.0	0.0	
195	5160	3780.026435936	4702.444	4702.444	0.069828	1.0e-6	4963	0	0	0	193	0	0	0	0	1.0e-6	0.0	0.0	0.0	0.117907	0.0	0.0	0.0	0.0	2.33368	0.0	0.0	0.0	3743.53	0.0	0.0	0.0	0.0	0.00047	0.0	0.0	0.0	19.3965	0.0	0.0	0.0	0.0	52	0	0	0	58	0	0	0	0	197	0	0	0	21	0	0	0	0	1685	0	0	0	114	0	0	0	0	782	0	0	0	0	0	0	0	0	120	0	0	0	0	0	0	0	0	2127	0	0	0	0	0	0	0	0	0.001084	0.0	0.0	0.0	0.006079	0.0	0.0	0.0	0.0	0.151322	0.0	0.0	0.0	0.848678	0.0	0.0	0.0	0.0	
196	5163	3787.124902584	4699.944	4699.944	0.069369	1.0e-6	4965	0	0	0	194	0	0	0	0	0.0	0.0	0.0	0.0	0.168382	0.0	0.0	0.0	0.0	2.33438	0.0	0.0	0.0	3750.62	0.0	0.0	0.0	0.0	0.00047	0.0	0.0	0.0	19.3331	0.0	0.0	0.0	0.0	52	0	0	0	59	0	0	0	0	197	0	0	0	21	0	0	0	0	1685	0	0	0	114	0	0	0	0	783	0	0	0	0	0	0	0	0	120	0	0	0	0	0	0	0	0	2128	0	0	0	0	0	0	0	0	0.000878	0.0	0.0	0.0	0.00871	0.0	0.0	0.0	0.0	0.091579	0.0	0.0	0.0	0.908421	0.0	0.0	0.0	0.0	
197	5164	3815.893122936	4699.944	4699.944	0.068428	0.0	4965	0	0	0	195	0	0	0	0	0.0	0.0	0.0	0.0	0.159114	0.0	0.0	0.0	0.0	2.33438	0.0	0.0	0.0	3779.39	0.0	0.0	0.0	0.0	0.00047	0.0	0.0	0.0	19.3815	0.0	0.0	0.0	0.0	52	0	0	0	59	0	0	0	0	197	0	0	0	21	0	0	0	0	1685	0	0	0	115	0	0	0	0	783	0	0	0	0	0	0	0	0	120	0	0	0	0	0	0	0	0	2128	0	0	0	0	0	0	0	0	0.000878	0.0	0.0	0.0	0.00821	0.0	0.0	0.0	0.0	0.096617	0.0	0.0	0.0	0.903383	0.0	0.0	0.0	0.0	
198	5165	3818.055207216	4699.944	4699.944	0.064743	0.0	4965	0	0	0	196	0	0	0	0	0.0	0.0	0.0	0.0	0.150307	0.0	0.0	0.0	0.0	2.33438	0.0	0.0	0.0	3781.55	0.0	0.0	0.0	0.0	0.00047	0.0	0.0	0.0	19.2936	0.0	0.0	0.0	0.0	52	0	0	0	59	0	0	0	0	197	0	0	0	21	0	0	0	0	1685	0	0	0	116	0	0	0	0	783	0	0	0	0	0	0	0	0	120	0	0	0	0	0	0	0	0	2128	0	0	0	0	0	0	0	0	0.000878	0.0	0.0	0.0	0.007791	0.0	0.0	0.0	0.0	0.101288	0.0	0.0	0.0	0.898712	0.0	0.0	0.0	0.0	
199	5166	3826.042914413	4699.944	4699.944	0.064475	0.0	4965	0	0	0	197	0	0	0	0	0.0	0.0	0.0	0.0	0.141945	0.0	0.0	0.0	0.0	2.33438	0.0	0.0	0.0	3789.54	0.0	0.0	0.0	0.0	0.00047	0.0	0.0	0.0	19.2362	0.0	0.0	0.0	0.0	52	0	0	0	59	0	0	0	0	197	0	0	0	21	0	0	0	0	1685	0	0	0	117	0	0	0	0	783	0	0	0	0	0	0	0	0	120	0	0	0	0	0	0	0	0	2128	0	0	0	0	0	0	0	0	0.000878	0.0	0.0	0.0	0.007379	0.0	0.0	0.0	0.0	0.106335	0.0	0.0	0.0	0.893665	0.0	0.0	0.0	0.0	
200	5167	3828.267114364	4699.944	4699.944	0.063491	0.0	4965	0	0	0	198	0	0	0	0	0.0	0.0	0.0	0.0	0.134003	0.0	0.0	0.0	0.0	2.33438	0.0	0.0	0.0	3791.77	0.0	0.0	0.0	0.0	0.00047	0.0	0.0	0.0	19.1503	0.0	0.0	0.0	0.0	52	0	0	0	59	0	0	0	0	197	0	0	0	21	0	0	0	0	1685	0	0	0	118	0	0	0	0	783	0	0	0	0	0	0	0	0	120	0	0	0	0	0	0	0	0	2128	0	0	0	0	0	0	0	0	0.000878	0.0	0.0	0.0	0.006997	0.0	0.0	0.0	0.0	0.111488	0.0	0.0	0.0	0.888512	0.0	0.0	0.0	0.0	
201	5168	3833.702236939	4699.944	4699.944	0.06322	0.0	4965	0	0	0	199	0	0	0	0	0.0	0.0	0.0	0.0	0.126462	0.0	0.0	0.0	0.0	2.33438	0.0	0.0	0.0	3797.2	0.0	0.0	0.0	0.0	0.00047	0.0	0.0	0.0	19.0814	0.0	0.0	0.0	0.0	52	0	0	0	59	0	0	0	0	197	0	0	0	21	0	0	0	0	1685	0	0	0	119	0	0	0	0	783	0	0	0	0	0	0	0	0	120	0	0	0	0	0	0	0	0	2128	0	0	0	0	0	0	0	0	0.000878	0.0	0.0	0.0	0.006628	0.0	0.0	0.0	0.0	0.116983	0.0	0.0	0.0	0.883017	0.0	0.0	0.0	0.0	
202	5169	3848.044900842	4699.944	4699.944	0.062562	0.0	4965	0	0	0	200	0	0	0	0	0.0	0.0	0.0	0.0	0.119302	0.0	0.0	0.0	0.0	2.33438	0.0	0.0	0.0	3811.54	0.0	0.0	0.0	0.0	0.00047	0.0	0.0	0.0	19.0577	0.0	0.0	0.0	0.0	52	0	0	0	59	0	0	0	0	197	0	0	0	21	0	0	0	0	1685	0	0	0	120	0	0	0	0	783	0	0	0	0	0	0	0	0	120	0	0	0	0	0	0	0	0	2128	0	0	0	0	0	0	0	0	0.000878	0.0	0.0	0.0	0.00626	0.0	0.0	0.0	0.0	0.123005	0.0	0.0	0.0	0.876995	0.0	0.0	0.0	0.0	
203	5171	3850.270912082	4699.944	4699.944	0.060859	0.0	4966	0	0	0	201	0	0	0	0	0.0	0.0	0.0	0.0	0.112584	0.0	0.0	0.0	0.0	2.3349	0.0	0.0	0.0	3813.77	0.0	0.0	0.0	0.0	0.00047	0.0	0.0	0.0	18.974	0.0	0.0	0.0	0.0	52	0	0	0	59	0	0	0	0	197	0	0	0	21	0	0	0	0	1685	0	0	0	121	0	0	0	0	784	0	0	0	0	0	0	0	0	120	0	0	0	0	0	0	0	0	2128	0	0	0	0	0	0	0	0	0.00079	0.0	0.0	0.0	0.005934	0.0	0.0	0.0	0.0	0.117523	0.0	0.0	0.0	0.882477	0.0	0.0	0.0	0.0	
204	5172	3852.437596498	4699.944	4699.944	0.060599	0.0	4966	0	0	0	202	0	0	0	0	0.0	0.0	0.0	0.0	0.106205	0.0	0.0	0.0	0.0	2.3349	0.0	0.0	0.0	3815.93	0.0	0.0	0.0	0.0	0.00047	0.0	0.0	0.0	18.8908	0.0	0.0	0.0	0.0	52	0	0	0	59	0	0	0	0	197	0	0	0	21	0	0	0	0	1685	0	0	0	122	0	0	0	0	784	0	0	0	0	0	0	0	0	120	0	0	0	0	0	0	0	0	2128	0	0	0	0	0	0	0	0	0.00079	0.0	0.0	0.0	0.005622	0.0	0.0	0.0	0.0	0.123233	0.0	0.0	0.0	0.876767	0.0	0.0	0.0	0.0	
205	5174	3861.819231756	4699.944	4699.944	0.060347	0.0	4967	0	0	0	203	0	0	0	0	0.0	0.0	0.0	0.0	0.100223	0.0	0.0	0.0	0.0	2.33511	0.0	0.0	0.0	3825.32	0.0	0.0	0.0	0.0	0.00047	0.0	0.0	0.0	18.8439	0.0	0.0	0.0	0.0	52	0	0	0	59	0	0	0	0	197	0	0	0	21	0	0	0	0	1685	0	0	0	123	0	0	0	0	784	0	0	0	0	0	0	0	0	120	0	0	0	0	0	0	0	0	2129	0	0	0	0	0	0	0	0	0.000711	0.0	0.0	0.0	0.005319	0.0	0.0	0.0	0.0	0.117956	0.0	0.0	0.0	0.882044	0.0	0.0	0.0	0.0	
206	5175	3868.635446495	4699.944	4699.944	0.059268	0.0	4967	0	0	0	204	0	0	0	0	0.0	0.0	0.0	0.0	0.094541	0.0	0.0	0.0	0.0	2.33511	0.0	0.0	0.0	3832.13	0.0	0.0	0.0	0.0	0.00047	0.0	0.0	0.0	18.785	0.0	0.0	0.0	0.0	52	0	0	0	59	0	0	0	0	197	0	0	0	21	0	0	0	0	1685	0	0	0	124	0	0	0	0	784	0	0	0	0	0	0	0	0	120	0	0	0	0	0	0	0	0	2129	0	0	0	0	0	0	0	0	0.000711	0.0	0.0	0.0	0.005033	0.0	0.0	0.0	0.0	0.123824	0.0	0.0	0.0	0.876176	0.0	0.0	0.0	0.0	
207	5176	3871.926670017	4699.944	4699.944	0.058495	0.0	4967	0	0	0	205	0	0	0	0	0.0	0.0	0.0	0.0	0.089146	0.0	0.0	0.0	0.0	2.33511	0.0	0.0	0.0	3835.42	0.0	0.0	0.0	0.0	0.00047	0.0	0.0	0.0	18.7094	0.0	0.0	0.0	0.0	52	0	0	0	59	0	0	0	0	197	0	0	0	21	0	0	0	0	1685	0	0	0	125	0	0	0	0	784	0	0	0	0	0	0	0	0	120	0	0	0	0	0	0	0	0	2129	0	0	0	0	0	0	0	0	0.000711	0.0	0.0	0.0	0.004765	0.0	0.0	0.0	0.0	0.129885	0.0	0.0	0.0	0.870115	0.0	0.0	0.0	0.0	
208	5177	3877.471437134	4699.944	4699.944	0.058126	0.0	4967	0	0	0	206	0	0	0	0	0.0	0.0	0.0	0.0	0.084024	0.0	0.0	0.0	0.0	2.33511	0.0	0.0	0.0	3840.97	0.0	0.0	0.0	0.0	0.00047	0.0	0.0	0.0	18.6455	0.0	0.0	0.0	0.0	52	0	0	0	59	0	0	0	0	197	0	0	0	21	0	0	0	0	1685	0	0	0	126	0	0	0	0	784	0	0	0	0	0	0	0	0	120	0	0	0	0	0	0	0	0	2129	0	0	0	0	0	0	0	0	0.000711	0.0	0.0	0.0	0.004506	0.0	0.0	0.0	0.0	0.136318	0.0	0.0	0.0	0.863682	0.0	0.0	0.0	0.0	
209	5178	3880.63883459	4699.944	4699.944	0.057509	0.0	4967	0	0	0	207	0	0	0	0	0.0	0.0	0.0	0.0	0.079159	0.0	0.0	0.0	0.0	2.33511	0.0	0.0	0.0	3844.14	0.0	0.0	0.0	0.0	0.00047	0.0	0.0	0.0	18.5707	0.0	0.0	0.0	0.0	52	0	0	0	59	0	0	0	0	197	0	0	0	21	0	0	0	0	1685	0	0	0	127	0	0	0	0	784	0	0	0	0	0	0	0	0	120	0	0	0	0	0	0	0	0	2129	0	0	0	0	0	0	0	0	0.000711	0.0	0.0	0.0	0.004263	0.0	0.0	0.0	0.0	0.142999	0.0	0.0	0.0	0.857001	0.0	0.0	0.0	0.0	
210	5179	3892.819824057	4699.944	4699.944	0.05716	0.0	4967	0	0	0	208	0	0	0	0	0.0	0.0	0.0	0.0	0.074541	0.0	0.0	0.0	0.0	2.33511	0.0	0.0	0.0	3856.32	0.0	0.0	0.0	0.0	0.00047	0.0	0.0	0.0	18.54	0.0	0.0	0.0	0.0	52	0	0	0	59	0	0	0	0	197	0	0	0	21	0	0	0	0	1685	0	0	0	128	0	0	0	0	784	0	0	0	0	0	0	0	0	120	0	0	0	0	0	0	0	0	2129	0	0	0	0	0	0	0	0	0.000711	0.0	0.0	0.0	0.004021	0.0	0.0	0.0	0.0	0.150314	0.0	0.0	0.0	0.849686	0.0	0.0	0.0	0.0	
211	5180	3902.781177036	4699.944	4699.944	0.055836	0.0	4967	0	0	0	209	0	0	0	0	0.0	0.0	0.0	0.0	0.070155	0.0	0.0	0.0	0.0	2.33511	0.0	0.0	0.0	3866.28	0.0	0.0	0.0	0.0	0.00047	0.0	0.0	0.0	18.4989	0.0	0.0	0.0	0.0	52	0	0	0	59	0	0	0	0	197	0	0	0	21	0	0	0	0	1685	0	0	0	129	0	0	0	0	784	0	0	0	0	0	0	0	0	120	0	0	0	0	0	0	0	0	2129	0	0	0	0	0	0	0	0	0.000711	0.0	0.0	0.0	0.003792	0.0	0.0	0.0	0.0	0.15793	0.0	0.0	0.0	0.84207	0.0	0.0	0.0	0.0	
212	5181	3914.536918789	4699.944	4699.944	0.054776	0.0	4967	0	0	0	210	0	0	0	0	0.0	0.0	0.0	0.0	0.065989	0.0	0.0	0.0	0.0	2.33511	0.0	0.0	0.0	3878.03	0.0	0.0	0.0	0.0	0.00047	0.0	0.0	0.0	18.4668	0.0	0.0	0.0	0.0	52	0	0	0	59	0	0	0	0	197	0	0	0	21	0	0	0	0	1685	0	0	0	130	0	0	0	0	784	0	0	0	0	0	0	0	0	120	0	0	0	0	0	0	0	0	2129	0	0	0	0	0	0	0	0	0.000711	0.0	0.0	0.0	0.003573	0.0	0.0	0.0	0.0	0.166002	0.0	0.0	0.0	0.833998	0.0	0.0	0.0	0.0	
213	5183	3933.907657288	4699.944	4699.944	0.05355	0.0	4968	0	0	0	211	0	0	0	0	0.0	0.0	0.0	0.0	0.062098	0.0	0.0	0.0	0.0	2.33566	0.0	0.0	0.0	3897.4	0.0	0.0	0.0	0.0	0.00047	0.0	0.0	0.0	18.4711	0.0	0.0	0.0	0.0	52	0	0	0	59	0	0	0	0	197	0	0	0	21	0	0	0	0	1685	0	0	0	131	0	0	0	0	785	0	0	0	0	0	0	0	0	120	0	0	0	0	0	0	0	0	2129	0	0	0	0	0	0	0	0	0.00064	0.0	0.0	0.0	0.003362	0.0	0.0	0.0	0.0	0.159946	0.0	0.0	0.0	0.840054	0.0	0.0	0.0	0.0	
214	5184	3942.943651672	4699.944	4699.944	0.051591	0.0	4968	0	0	0	212	0	0	0	0	0.0	0.0	0.0	0.0	0.058402	0.0	0.0	0.0	0.0	2.33566	0.0	0.0	0.0	3906.44	0.0	0.0	0.0	0.0	0.00047	0.0	0.0	0.0	18.4266	0.0	0.0	0.0	0.0	52	0	0	0	59	0	0	0	0	197	0	0	0	21	0	0	0	0	1685	0	0	0	132	0	0	0	0	785	0	0	0	0	0	0	0	0	120	0	0	0	0	0	0	0	0	2129	0	0	0	0	0	0	0	0	0.00064	0.0	0.0	0.0	0.003169	0.0	0.0	0.0	0.0	0.168026	0.0	0.0	0.0	0.831974	0.0	0.0	0.0	0.0	
215	5186	3948.508608909	4699.944	4699.944	0.050702	0.0	4969	0	0	0	213	0	0	0	0	0.0	0.0	0.0	0.0	0.054951	0.0	0.0	0.0	0.0	2.3359	0.0	0.0	0.0	3912.0	0.0	0.0	0.0	0.0	0.00047	0.0	0.0	0.0	18.3662	0.0	0.0	0.0	0.0	52	0	0	0	59	0	0	0	0	197	0	0	0	21	0	0	0	0	1685	0	0	0	133	0	0	0	0	785	0	0	0	0	0	0	0	0	120	0	0	0	0	0	0	0	0	2130	0	0	0	0	0	0	0	0	0.000576	0.0	0.0	0.0	0.002992	0.0	0.0	0.0	0.0	0.161472	0.0	0.0	0.0	0.838528	0.0	0.0	0.0	0.0	
216	5187	3955.420268881	4699.944	4699.944	0.050162	0.0	4969	0	0	0	214	0	0	0	0	0.0	0.0	0.0	0.0	0.051675	0.0	0.0	0.0	0.0	2.3359	0.0	0.0	0.0	3918.92	0.0	0.0	0.0	0.0	0.00047	0.0	0.0	0.0	18.3127	0.0	0.0	0.0	0.0	52	0	0	0	59	0	0	0	0	197	0	0	0	21	0	0	0	0	1685	0	0	0	134	0	0	0	0	785	0	0	0	0	0	0	0	0	120	0	0	0	0	0	0	0	0	2130	0	0	0	0	0	0	0	0	0.000576	0.0	0.0	0.0	0.002822	0.0	0.0	0.0	0.0	0.169559	0.0	0.0	0.0	0.830441	0.0	0.0	0.0	0.0	
217	5189	3957.634569169	4699.944	4699.944	0.049499	0.0	4970	0	0	0	215	0	0	0	0	0.0	0.0	0.0	0.0	0.048616	0.0	0.0	0.0	0.0	2.3361	0.0	0.0	0.0	3921.13	0.0	0.0	0.0	0.0	0.00047	0.0	0.0	0.0	18.2378	0.0	0.0	0.0	0.0	52	0	0	0	59	0	0	0	0	197	0	0	0	21	0	0	0	0	1685	0	0	0	135	0	0	0	0	785	0	0	0	0	0	0	0	0	120	0	0	0	0	0	0	0	0	2131	0	0	0	0	0	0	0	0	0.000519	0.0	0.0	0.0	0.002666	0.0	0.0	0.0	0.0	0.162862	0.0	0.0	0.0	0.837138	0.0	0.0	0.0	0.0	
218	5190	3961.903203927	4699.944	4699.944	0.049289	0.0	4970	0	0	0	216	0	0	0	0	0.0	0.0	0.0	0.0	0.045712	0.0	0.0	0.0	0.0	2.3361	0.0	0.0	0.0	3925.4	0.0	0.0	0.0	0.0	0.00047	0.0	0.0	0.0	18.1731	0.0	0.0	0.0	0.0	52	0	0	0	59	0	0	0	0	197	0	0	0	21	0	0	0	0	1685	0	0	0	136	0	0	0	0	785	0	0	0	0	0	0	0	0	120	0	0	0	0	0	0	0	0	2131	0	0	0	0	0	0	0	0	0.000519	0.0	0.0	0.0	0.002515	0.0	0.0	0.0	0.0	0.17093	0.0	0.0	0.0	0.82907	0.0	0.0	0.0	0.0	
219	5191	4064.236376703	4687.444	4687.444	0.048886	0.0	4970	0	0	0	217	0	0	0	0	0.0	0.0	0.0	0.0	0.103264	0.0	0.0	0.0	0.0	2.3361	0.0	0.0	0.0	4027.73	0.0	0.0	0.0	0.0	0.00047	0.0	0.0	0.0	18.561	0.0	0.0	0.0	0.0	52	0	0	0	60	0	0	0	0	197	0	0	0	21	0	0	0	0	1685	0	0	0	136	0	0	0	0	785	0	0	0	0	0	0	0	0	120	0	0	0	0	0	0	0	0	2131	0	0	0	0	0	0	0	0	0.000519	0.0	0.0	0.0	0.005564	0.0	0.0	0.0	0.0	0.085266	0.0	0.0	0.0	0.914734	0.0	0.0	0.0	0.0	
220	5192	4072.454073827	4687.444	4687.444	0.040148	0.0	4970	0	0	0	218	0	0	0	0	0.0	0.0	0.0	0.0	0.09762	0.0	0.0	0.0	0.0	2.3361	0.0	0.0	0.0	4035.95	0.0	0.0	0.0	0.0	0.00047	0.0	0.0	0.0	18.5135	0.0	0.0	0.0	0.0	52	0	0	0	60	0	0	0	0	197	0	0	0	21	0	0	0	0	1685	0	0	0	137	0	0	0	0	785	0	0	0	0	0	0	0	0	120	0	0	0	0	0	0	0	0	2131	0	0	0	0	0	0	0	0	0.000519	0.0	0.0	0.0	0.005273	0.0	0.0	0.0	0.0	0.089545	0.0	0.0	0.0	0.910455	0.0	0.0	0.0	0.0	
221	5193	4082.11168179	4687.444	4687.444	0.039518	0.0	4970	0	0	0	219	0	0	0	0	0.0	0.0	0.0	0.0	0.092259	0.0	0.0	0.0	0.0	2.3361	0.0	0.0	0.0	4045.61	0.0	0.0	0.0	0.0	0.00047	0.0	0.0	0.0	18.4731	0.0	0.0	0.0	0.0	52	0	0	0	60	0	0	0	0	197	0	0	0	21	0	0	0	0	1685	0	0	0	138	0	0	0	0	785	0	0	0	0	0	0	0	0	120	0	0	0	0	0	0	0	0	2131	0	0	0	0	0	0	0	0	0.000519	0.0	0.0	0.0	0.004994	0.0	0.0	0.0	0.0	0.094072	0.0	0.0	0.0	0.905929	0.0	0.0	0.0	0.0	
222	5194	4099.191223023	4687.444	4687.444	0.038791	0.0	4970	0	0	0	220	0	0	0	0	0.0	0.0	0.0	0.0	0.087167	0.0	0.0	0.0	0.0	2.3361	0.0	0.0	0.0	4062.69	0.0	0.0	0.0	0.0	0.00047	0.0	0.0	0.0	18.4668	0.0	0.0	0.0	0.0	52	0	0	0	60	0	0	0	0	197	0	0	0	21	0	0	0	0	1685	0	0	0	139	0	0	0	0	785	0	0	0	0	0	0	0	0	120	0	0	0	0	0	0	0	0	2131	0	0	0	0	0	0	0	0	0.000519	0.0	0.0	0.0	0.00472	0.0	0.0	0.0	0.0	0.098992	0.0	0.0	0.0	0.901008	0.0	0.0	0.0	0.0	
223	5195	4122.724477645	4687.444	4687.444	0.037536	0.0	4970	0	0	0	221	0	0	0	0	0.0	0.0	0.0	0.0	0.08233	0.0	0.0	0.0	0.0	2.3361	0.0	0.0	0.0	4086.22	0.0	0.0	0.0	0.0	0.00047	0.0	0.0	0.0	18.4897	0.0	0.0	0.0	0.0	52	0	0	0	60	0	0	0	0	197	0	0	0	21	0	0	0	0	1685	0	0	0	140	0	0	0	0	785	0	0	0	0	0	0	0	0	120	0	0	0	0	0	0	0	0	2131	0	0	0	0	0	0	0	0	0.000519	0.0	0.0	0.0	0.004453	0.0	0.0	0.0	0.0	0.104318	0.0	0.0	0.0	0.895682	0.0	0.0	0.0	0.0	
224	5196	4178.993486869	4679.444	4679.444	0.035875	0.0	4970	0	0	0	222	0	0	0	0	0.0	0.0	0.0	0.0	0.133557	0.0	0.0	0.0	0.0	2.3361	0.0	0.0	0.0	4142.49	0.0	0.0	0.0	0.0	0.00047	0.0	0.0	0.0	18.6599	0.0	0.0	0.0	0.0	52	0	0	0	61	0	0	0	0	197	0	0	0	21	0	0	0	0	1685	0	0	0	140	0	0	0	0	785	0	0	0	0	0	0	0	0	120	0	0	0	0	0	0	0	0	2131	0	0	0	0	0	0	0	0	0.000519	0.0	0.0	0.0	0.007157	0.0	0.0	0.0	0.0	0.067561	0.0	0.0	0.0	0.932439	0.0	0.0	0.0	0.0	
225	5197	4181.285298775	4679.444	4679.444	0.032193	0.0	4970	0	0	0	223	0	0	0	0	0.0	0.0	0.0	0.0	0.126395	0.0	0.0	0.0	0.0	2.3361	0.0	0.0	0.0	4144.78	0.0	0.0	0.0	0.0	0.00047	0.0	0.0	0.0	18.5865	0.0	0.0	0.0	0.0	52	0	0	0	61	0	0	0	0	197	0	0	0	21	0	0	0	0	1685	0	0	0	141	0	0	0	0	785	0	0	0	0	0	0	0	0	120	0	0	0	0	0	0	0	0	2131	0	0	0	0	0	0	0	0	0.000519	0.0	0.0	0.0	0.0068	0.0	0.0	0.0	0.0	0.070856	0.0	0.0	0.0	0.929143	0.0	0.0	0.0	0.0	
226	5198	4186.054698686	4679.444	4679.444	0.032052	0.0	4970	0	0	0	224	0	0	0	0	0.0	0.0	0.0	0.0	0.119594	0.0	0.0	0.0	0.0	2.3361	0.0	0.0	0.0	4149.55	0.0	0.0	0.0	0.0	0.00047	0.0	0.0	0.0	18.5248	0.0	0.0	0.0	0.0	52	0	0	0	61	0	0	0	0	197	0	0	0	21	0	0	0	0	1685	0	0	0	142	0	0	0	0	785	0	0	0	0	0	0	0	0	120	0	0	0	0	0	0	0	0	2131	0	0	0	0	0	0	0	0	0.000519	0.0	0.0	0.0	0.006456	0.0	0.0	0.0	0.0	0.074357	0.0	0.0	0.0	0.925643	0.0	0.0	0.0	0.0	
227	5199	4188.524267758	4679.444	4679.444	0.031759	0.0	4970	0	0	0	225	0	0	0	0	0.0	0.0	0.0	0.0	0.113134	0.0	0.0	0.0	0.0	2.3361	0.0	0.0	0.0	4152.02	0.0	0.0	0.0	0.0	0.00047	0.0	0.0	0.0	18.4534	0.0	0.0	0.0	0.0	52	0	0	0	61	0	0	0	0	197	0	0	0	21	0	0	0	0	1685	0	0	0	143	0	0	0	0	785	0	0	0	0	0	0	0	0	120	0	0	0	0	0	0	0	0	2131	0	0	0	0	0	0	0	0	0.000519	0.0	0.0	0.0	0.006131	0.0	0.0	0.0	0.0	0.077992	0.0	0.0	0.0	0.922008	0.0	0.0	0.0	0.0	
228	5200	4207.606414826	4678.444	4678.444	0.031608	0.0	4970	0	0	0	226	0	0	0	0	0.0	0.0	0.0	0.0	0.161228	0.0	0.0	0.0	0.0	2.3361	0.0	0.0	0.0	4171.1	0.0	0.0	0.0	0.0	0.00047	0.0	0.0	0.0	18.4562	0.0	0.0	0.0	0.0	52	0	0	0	62	0	0	0	0	197	0	0	0	21	0	0	0	0	1685	0	0	0	143	0	0	0	0	785	0	0	0	0	0	0	0	0	120	0	0	0	0	0	0	0	0	2131	0	0	0	0	0	0	0	0	0.000519	0.0	0.0	0.0	0.008736	0.0	0.0	0.0	0.0	0.056039	0.0	0.0	0.0	0.943961	0.0	0.0	0.0	0.0	
229	5201	4212.935219163	4678.444	4678.444	0.030469	0.0	4970	0	0	0	227	0	0	0	0	0.0	0.0	0.0	0.0	0.152688	0.0	0.0	0.0	0.0	2.3361	0.0	0.0	0.0	4176.43	0.0	0.0	0.0	0.0	0.00047	0.0	0.0	0.0	18.3984	0.0	0.0	0.0	0.0	52	0	0	0	62	0	0	0	0	197	0	0	0	21	0	0	0	0	1685	0	0	0	144	0	0	0	0	785	0	0	0	0	0	0	0	0	120	0	0	0	0	0	0	0	0	2131	0	0	0	0	0	0	0	0	0.000519	0.0	0.0	0.0	0.008299	0.0	0.0	0.0	0.0	0.058814	0.0	0.0	0.0	0.941186	0.0	0.0	0.0	0.0	
230	5202	4225.036313818	4678.444	4678.444	0.030158	0.0	4970	0	0	0	228	0	0	0	0	0.0	0.0	0.0	0.0	0.144576	0.0	0.0	0.0	0.0	2.3361	0.0	0.0	0.0	4188.53	0.0	0.0	0.0	0.0	0.00047	0.0	0.0	0.0	18.3708	0.0	0.0	0.0	0.0	52	0	0	0	62	0	0	0	0	197	0	0	0	21	0	0	0	0	1685	0	0	0	145	0	0	0	0	785	0	0	0	0	0	0	0	0	120	0	0	0	0	0	0	0	0	2131	0	0	0	0	0	0	0	0	0.000519	0.0	0.0	0.0	0.00787	0.0	0.0	0.0	0.0	0.061822	0.0	0.0	0.0	0.938178	0.0	0.0	0.0	0.0	
231	5203	4240.667325379	4678.444	4678.444	0.029464	0.0	4970	0	0	0	229	0	0	0	0	0.0	0.0	0.0	0.0	0.136871	0.0	0.0	0.0	0.0	2.3361	0.0	0.0	0.0	4204.16	0.0	0.0	0.0	0.0	0.00047	0.0	0.0	0.0	18.3588	0.0	0.0	0.0	0.0	52	0	0	0	62	0	0	0	0	197	0	0	0	21	0	0	0	0	1685	0	0	0	146	0	0	0	0	785	0	0	0	0	0	0	0	0	120	0	0	0	0	0	0	0	0	2131	0	0	0	0	0	0	0	0	0.000519	0.0	0.0	0.0	0.007455	0.0	0.0	0.0	0.0	0.065037	0.0	0.0	0.0	0.934963	0.0	0.0	0.0	0.0	
232	5204	4250.499835631	4678.444	4678.444	0.028591	0.0	4970	0	0	0	230	0	0	0	0	0.0	0.0	0.0	0.0	0.129552	0.0	0.0	0.0	0.0	2.3361	0.0	0.0	0.0	4214.0	0.0	0.0	0.0	0.0	0.00047	0.0	0.0	0.0	18.3217	0.0	0.0	0.0	0.0	52	0	0	0	62	0	0	0	0	197	0	0	0	21	0	0	0	0	1685	0	0	0	147	0	0	0	0	785	0	0	0	0	0	0	0	0	120	0	0	0	0	0	0	0	0	2131	0	0	0	0	0	0	0	0	0.000519	0.0	0.0	0.0	0.007071	0.0	0.0	0.0	0.0	0.068331	0.0	0.0	0.0	0.931669	0.0	0.0	0.0	0.0	
233	5205	4252.63272661	4678.444	4678.444	0.028055	0.0	4970	0	0	0	231	0	0	0	0	0.0	0.0	0.0	0.0	0.122599	0.0	0.0	0.0	0.0	2.3361	0.0	0.0	0.0	4216.13	0.0	0.0	0.0	0.0	0.00047	0.0	0.0	0.0	18.2516	0.0	0.0	0.0	0.0	52	0	0	0	62	0	0	0	0	197	0	0	0	21	0	0	0	0	1685	0	0	0	148	0	0	0	0	785	0	0	0	0	0	0	0	0	120	0	0	0	0	0	0	0	0	2131	0	0	0	0	0	0	0	0	0.000519	0.0	0.0	0.0	0.006717	0.0	0.0	0.0	0.0	0.071672	0.0	0.0	0.0	0.928328	0.0	0.0	0.0	0.0	
234	5206	4259.704206795	4678.444	4678.444	0.02794	0.0	4970	0	0	0	232	0	0	0	0	0.0	0.0	0.0	0.0	0.115996	0.0	0.0	0.0	0.0	2.3361	0.0	0.0	0.0	4223.2	0.0	0.0	0.0	0.0	0.00047	0.0	0.0	0.0	18.2034	0.0	0.0	0.0	0.0	52	0	0	0	62	0	0	0	0	197	0	0	0	21	0	0	0	0	1685	0	0	0	149	0	0	0	0	785	0	0	0	0	0	0	0	0	120	0	0	0	0	0	0	0	0	2131	0	0	0	0	0	0	0	0	0.000519	0.0	0.0	0.0	0.006372	0.0	0.0	0.0	0.0	0.07526	0.0	0.0	0.0	0.92474	0.0	0.0	0.0	0.0	
235	5207	4267.136125959	4678.444	4678.444	0.027562	0.0	4970	0	0	0	233	0	0	0	0	0.0	0.0	0.0	0.0	0.109724	0.0	0.0	0.0	0.0	2.3361	0.0	0.0	0.0	4230.63	0.0	0.0	0.0	0.0	0.00047	0.0	0.0	0.0	18.1572	0.0	0.0	0.0	0.0	52	0	0	0	62	0	0	0	0	197	0	0	0	21	0	0	0	0	1685	0	0	0	150	0	0	0	0	785	0	0	0	0	0	0	0	0	120	0	0	0	0	0	0	0	0	2131	0	0	0	0	0	0	0	0	0.000519	0.0	0.0	0.0	0.006043	0.0	0.0	0.0	0.0	0.079036	0.0	0.0	0.0	0.920965	0.0	0.0	0.0	0.0	
236	5208	4274.715276605	4678.444	4678.444	0.027171	0.0	4970	0	0	0	234	0	0	0	0	0.0	0.0	0.0	0.0	0.103767	0.0	0.0	0.0	0.0	2.3361	0.0	0.0	0.0	4238.21	0.0	0.0	0.0	0.0	0.00047	0.0	0.0	0.0	18.112	0.0	0.0	0.0	0.0	52	0	0	0	62	0	0	0	0	197	0	0	0	21	0	0	0	0	1685	0	0	0	151	0	0	0	0	785	0	0	0	0	0	0	0	0	120	0	0	0	0	0	0	0	0	2131	0	0	0	0	0	0	0	0	0.000519	0.0	0.0	0.0	0.005729	0.0	0.0	0.0	0.0	0.083005	0.0	0.0	0.0	0.916995	0.0	0.0	0.0	0.0	
237	5210	4284.750237467	4677.444	4677.444	0.026778	0.0	4971	0	0	0	235	0	0	0	0	0.0	0.0	0.0	0.0	0.15223	0.0	0.0	0.0	0.0	2.33639	0.0	0.0	0.0	4248.25	0.0	0.0	0.0	0.0	0.00047	0.0	0.0	0.0	18.0776	0.0	0.0	0.0	0.0	52	0	0	0	63	0	0	0	0	197	0	0	0	21	0	0	0	0	1685	0	0	0	151	0	0	0	0	785	0	0	0	0	0	0	0	0	120	0	0	0	0	0	0	0	0	2132	0	0	0	0	0	0	0	0	0.000467	0.0	0.0	0.0	0.008421	0.0	0.0	0.0	0.0	0.05252	0.0	0.0	0.0	0.94748	0.0	0.0	0.0	0.0	
238	5211	4294.892433129	4677.444	4677.444	0.026266	0.0	4971	0	0	0	236	0	0	0	0	0.0	0.0	0.0	0.0	0.144196	0.0	0.0	0.0	0.0	2.33639	0.0	0.0	0.0	4258.39	0.0	0.0	0.0	0.0	0.00047	0.0	0.0	0.0	18.044	0.0	0.0	0.0	0.0	52	0	0	0	63	0	0	0	0	197	0	0	0	21	0	0	0	0	1685	0	0	0	152	0	0	0	0	785	0	0	0	0	0	0	0	0	120	0	0	0	0	0	0	0	0	2132	0	0	0	0	0	0	0	0	0.000467	0.0	0.0	0.0	0.007991	0.0	0.0	0.0	0.0	0.055187	0.0	0.0	0.0	0.944813	0.0	0.0	0.0	0.0	
239	5212	4303.519562457	4677.444	4677.444	0.025758	0.0	4971	0	0	0	237	0	0	0	0	0.0	0.0	0.0	0.0	0.136565	0.0	0.0	0.0	0.0	2.33639	0.0	0.0	0.0	4267.01	0.0	0.0	0.0	0.0	0.00047	0.0	0.0	0.0	18.0043	0.0	0.0	0.0	0.0	52	0	0	0	63	0	0	0	0	197	0	0	0	21	0	0	0	0	1685	0	0	0	153	0	0	0	0	785	0	0	0	0	0	0	0	0	120	0	0	0	0	0	0	0	0	2132	0	0	0	0	0	0	0	0	0.000467	0.0	0.0	0.0	0.007585	0.0	0.0	0.0	0.0	0.057971	0.0	0.0	0.0	0.942029	0.0	0.0	0.0	0.0	
240	5213	4305.755212806	4677.444	4677.444	0.025334	0.0	4971	0	0	0	238	0	0	0	0	0.0	0.0	0.0	0.0	0.129317	0.0	0.0	0.0	0.0	2.33639	0.0	0.0	0.0	4269.25	0.0	0.0	0.0	0.0	0.00047	0.0	0.0	0.0	17.938	0.0	0.0	0.0	0.0	52	0	0	0	63	0	0	0	0	197	0	0	0	21	0	0	0	0	1685	0	0	0	154	0	0	0	0	785	0	0	0	0	0	0	0	0	120	0	0	0	0	0	0	0	0	2132	0	0	0	0	0	0	0	0	0.000467	0.0	0.0	0.0	0.007209	0.0	0.0	0.0	0.0	0.060811	0.0	0.0	0.0	0.939189	0.0	0.0	0.0	0.0	
241	5214	4315.819804909	4677.444	4677.444	0.025225	0.0	4971	0	0	0	239	0	0	0	0	0.0	0.0	0.0	0.0	0.122432	0.0	0.0	0.0	0.0	2.33639	0.0	0.0	0.0	4279.31	0.0	0.0	0.0	0.0	0.00047	0.0	0.0	0.0	17.9051	0.0	0.0	0.0	0.0	52	0	0	0	63	0	0	0	0	197	0	0	0	21	0	0	0	0	1685	0	0	0	155	0	0	0	0	785	0	0	0	0	0	0	0	0	120	0	0	0	0	0	0	0	0	2132	0	0	0	0	0	0	0	0	0.000467	0.0	0.0	0.0	0.006838	0.0	0.0	0.0	0.0	0.063901	0.0	0.0	0.0	0.936099	0.0	0.0	0.0	0.0	
242	5216	4318.015203551	4677.444	4677.444	0.024742	0.0	4972	0	0	0	240	0	0	0	0	0.0	0.0	0.0	0.0	0.115935	0.0	0.0	0.0	0.0	2.33667	0.0	0.0	0.0	4281.51	0.0	0.0	0.0	0.0	0.00047	0.0	0.0	0.0	17.8396	0.0	0.0	0.0	0.0	52	0	0	0	63	0	0	0	0	197	0	0	0	21	0	0	0	0	1685	0	0	0	156	0	0	0	0	785	0	0	0	0	0	0	0	0	120	0	0	0	0	0	0	0	0	2133	0	0	0	0	0	0	0	0	0.00042	0.0	0.0	0.0	0.006499	0.0	0.0	0.0	0.0	0.060723	0.0	0.0	0.0	0.939277	0.0	0.0	0.0	0.0	
243	5217	4320.122509117	4677.444	4677.444	0.024637	0.0	4972	0	0	0	241	0	0	0	0	0.0	0.0	0.0	0.0	0.109763	0.0	0.0	0.0	0.0	2.33667	0.0	0.0	0.0	4283.62	0.0	0.0	0.0	0.0	0.00047	0.0	0.0	0.0	17.7743	0.0	0.0	0.0	0.0	52	0	0	0	63	0	0	0	0	197	0	0	0	21	0	0	0	0	1685	0	0	0	157	0	0	0	0	785	0	0	0	0	0	0	0	0	120	0	0	0	0	0	0	0	0	2133	0	0	0	0	0	0	0	0	0.00042	0.0	0.0	0.0	0.006175	0.0	0.0	0.0	0.0	0.0637	0.0	0.0	0.0	0.9363	0.0	0.0	0.0	0.0	
244	5218	4322.2726444	4677.444	4677.444	0.024538	0.0	4972	0	0	0	242	0	0	0	0	0.0	0.0	0.0	0.0	0.103902	0.0	0.0	0.0	0.0	2.33667	0.0	0.0	0.0	4285.77	0.0	0.0	0.0	0.0	0.00047	0.0	0.0	0.0	17.7098	0.0	0.0	0.0	0.0	52	0	0	0	63	0	0	0	0	197	0	0	0	21	0	0	0	0	1685	0	0	0	158	0	0	0	0	785	0	0	0	0	0	0	0	0	120	0	0	0	0	0	0	0	0	2133	0	0	0	0	0	0	0	0	0.00042	0.0	0.0	0.0	0.005867	0.0	0.0	0.0	0.0	0.066825	0.0	0.0	0.0	0.933175	0.0	0.0	0.0	0.0	
245	5219	4328.65053493	4674.444	4674.444	0.024436	0.0	4972	0	0	0	243	0	0	0	0	0.0	0.0	0.0	0.0	0.151915	0.0	0.0	0.0	0.0	2.33667	0.0	0.0	0.0	4292.15	0.0	0.0	0.0	0.0	0.00047	0.0	0.0	0.0	17.6631	0.0	0.0	0.0	0.0	52	0	0	0	64	0	0	0	0	197	0	0	0	21	0	0	0	0	1685	0	0	0	158	0	0	0	0	785	0	0	0	0	0	0	0	0	120	0	0	0	0	0	0	0	0	2133	0	0	0	0	0	0	0	0	0.00042	0.0	0.0	0.0	0.008601	0.0	0.0	0.0	0.0	0.046574	0.0	0.0	0.0	0.953426	0.0	0.0	0.0	0.0	
246	5220	4336.323439087	4674.444	4674.444	0.024138	0.0	4972	0	0	0	244	0	0	0	0	0.0	0.0	0.0	0.0	0.143948	0.0	0.0	0.0	0.0	2.33667	0.0	0.0	0.0	4299.82	0.0	0.0	0.0	0.0	0.00047	0.0	0.0	0.0	17.6222	0.0	0.0	0.0	0.0	52	0	0	0	64	0	0	0	0	197	0	0	0	21	0	0	0	0	1685	0	0	0	159	0	0	0	0	785	0	0	0	0	0	0	0	0	120	0	0	0	0	0	0	0	0	2133	0	0	0	0	0	0	0	0	0.00042	0.0	0.0	0.0	0.008169	0.0	0.0	0.0	0.0	0.048917	0.0	0.0	0.0	0.951083	0.0	0.0	0.0	0.0	
247	5221	4425.274708123	4670.75	4670.75	0.023784	0.0	4972	0	0	0	245	0	0	0	0	0.0	0.0	0.0	0.0	0.188952	0.0	0.0	0.0	0.0	2.33667	0.0	0.0	0.0	4388.77	0.0	0.0	0.0	0.0	0.00047	0.0	0.0	0.0	17.9133	0.0	0.0	0.0	0.0	52	0	0	0	65	0	0	0	0	197	0	0	0	21	0	0	0	0	1685	0	0	0	159	0	0	0	0	785	0	0	0	0	0	0	0	0	120	0	0	0	0	0	0	0	0	2133	0	0	0	0	0	0	0	0	0.00042	0.0	0.0	0.0	0.010548	0.0	0.0	0.0	0.0	0.038304	0.0	0.0	0.0	0.961696	0.0	0.0	0.0	0.0	
248	5222	4431.5168763	4670.75	4670.75	0.020043	0.0	4972	0	0	0	246	0	0	0	0	0.0	0.0	0.0	0.0	0.179128	0.0	0.0	0.0	0.0	2.33667	0.0	0.0	0.0	4395.01	0.0	0.0	0.0	0.0	0.00047	0.0	0.0	0.0	17.8659	0.0	0.0	0.0	0.0	52	0	0	0	65	0	0	0	0	197	0	0	0	21	0	0	0	0	1685	0	0	0	160	0	0	0	0	785	0	0	0	0	0	0	0	0	120	0	0	0	0	0	0	0	0	2133	0	0	0	0	0	0	0	0	0.00042	0.0	0.0	0.0	0.010026	0.0	0.0	0.0	0.0	0.040218	0.0	0.0	0.0	0.959782	0.0	0.0	0.0	0.0	
249	5223	4441.013906546	4670.25	4670.25	0.019804	0.0	4972	0	0	0	247	0	0	0	0	0.0	0.0	0.0	0.0	0.221892	0.0	0.0	0.0	0.0	2.33667	0.0	0.0	0.0	4404.51	0.0	0.0	0.0	0.0	0.00047	0.0	0.0	0.0	17.832	0.0	0.0	0.0	0.0	52	0	0	0	66	0	0	0	0	197	0	0	0	21	0	0	0	0	1685	0	0	0	160	0	0	0	0	785	0	0	0	0	0	0	0	0	120	0	0	0	0	0	0	0	0	2133	0	0	0	0	0	0	0	0	0.00042	0.0	0.0	0.0	0.012443	0.0	0.0	0.0	0.0	0.032661	0.0	0.0	0.0	0.967339	0.0	0.0	0.0	0.0	
250	5224	4450.997339653	4670.25	4670.25	0.019445	0.0	4972	0	0	0	248	0	0	0	0	0.0	0.0	0.0	0.0	0.210423	0.0	0.0	0.0	0.0	2.33667	0.0	0.0	0.0	4414.49	0.0	0.0	0.0	0.0	0.00047	0.0	0.0	0.0	17.8004	0.0	0.0	0.0	0.0	52	0	0	0	66	0	0	0	0	197	0	0	0	21	0	0	0	0	1685	0	0	0	161	0	0	0	0	785	0	0	0	0	0	0	0	0	120	0	0	0	0	0	0	0	0	2133	0	0	0	0	0	0	0	0	0.00042	0.0	0.0	0.0	0.011821	0.0	0.0	0.0	0.0	0.034321	0.0	0.0	0.0	0.965679	0.0	0.0	0.0	0.0	
251	5225	4453.272632794	4670.25	4670.25	0.019075	0.0	4972	0	0	0	249	0	0	0	0	0.0	0.0	0.0	0.0	0.199528	0.0	0.0	0.0	0.0	2.33667	0.0	0.0	0.0	4416.77	0.0	0.0	0.0	0.0	0.00047	0.0	0.0	0.0	17.738	0.0	0.0	0.0	0.0	52	0	0	0	66	0	0	0	0	197	0	0	0	21	0	0	0	0	1685	0	0	0	162	0	0	0	0	785	0	0	0	0	0	0	0	0	120	0	0	0	0	0	0	0	0	2133	0	0	0	0	0	0	0	0	0.00042	0.0	0.0	0.0	0.011249	0.0	0.0	0.0	0.0	0.036005	0.0	0.0	0.0	0.963995	0.0	0.0	0.0	0.0	
252	5226	4457.761539717	4670.25	4670.25	0.018992	0.0	4972	0	0	0	250	0	0	0	0	0.0	0.0	0.0	0.0	0.189179	0.0	0.0	0.0	0.0	2.33667	0.0	0.0	0.0	4421.26	0.0	0.0	0.0	0.0	0.00047	0.0	0.0	0.0	17.685	0.0	0.0	0.0	0.0	52	0	0	0	66	0	0	0	0	197	0	0	0	21	0	0	0	0	1685	0	0	0	163	0	0	0	0	785	0	0	0	0	0	0	0	0	120	0	0	0	0	0	0	0	0	2133	0	0	0	0	0	0	0	0	0.00042	0.0	0.0	0.0	0.010697	0.0	0.0	0.0	0.0	0.037791	0.0	0.0	0.0	0.962209	0.0	0.0	0.0	0.0	
253	5227	4468.062379935	4667.25	4667.25	0.018828	0.0	4972	0	0	0	251	0	0	0	0	0.0	0.0	0.0	0.0	0.231312	0.0	0.0	0.0	0.0	2.33667	0.0	0.0	0.0	4431.56	0.0	0.0	0.0	0.0	0.00047	0.0	0.0	0.0	17.6556	0.0	0.0	0.0	0.0	52	0	0	0	67	0	0	0	0	197	0	0	0	21	0	0	0	0	1685	0	0	0	163	0	0	0	0	785	0	0	0	0	0	0	0	0	120	0	0	0	0	0	0	0	0	2133	0	0	0	0	0	0	0	0	0.00042	0.0	0.0	0.0	0.013101	0.0	0.0	0.0	0.0	0.031072	0.0	0.0	0.0	0.968928	0.0	0.0	0.0	0.0	
254	5228	4479.611886984	4662.639	4662.639	0.018459	0.0	4972	0	0	0	252	0	0	0	0	0.0	0.0	0.0	0.0	0.270979	0.0	0.0	0.0	0.0	2.33667	0.0	0.0	0.0	4443.11	0.0	0.0	0.0	0.0	0.00047	0.0	0.0	0.0	17.6314	0.0	0.0	0.0	0.0	52	0	0	0	68	0	0	0	0	197	0	0	0	21	0	0	0	0	1685	0	0	0	163	0	0	0	0	785	0	0	0	0	0	0	0	0	120	0	0	0	0	0	0	0	0	2133	0	0	0	0	0	0	0	0	0.00042	0.0	0.0	0.0	0.015369	0.0	0.0	0.0	0.0	0.026609	0.0	0.0	0.0	0.973391	0.0	0.0	0.0	0.0	
255	5229	4481.753714619	4662.639	4662.639	0.018053	0.0	4972	0	0	0	253	0	0	0	0	0.0	0.0	0.0	0.0	0.257059	0.0	0.0	0.0	0.0	2.33667	0.0	0.0	0.0	4445.25	0.0	0.0	0.0	0.0	0.00047	0.0	0.0	0.0	17.5702	0.0	0.0	0.0	0.0	52	0	0	0	68	0	0	0	0	197	0	0	0	21	0	0	0	0	1685	0	0	0	164	0	0	0	0	785	0	0	0	0	0	0	0	0	120	0	0	0	0	0	0	0	0	2133	0	0	0	0	0	0	0	0	0.00042	0.0	0.0	0.0	0.01463	0.0	0.0	0.0	0.0	0.027915	0.0	0.0	0.0	0.972085	0.0	0.0	0.0	0.0	
256	5230	4489.594467468	4662.639	4662.639	0.017979	0.0	4972	0	0	0	254	0	0	0	0	0.0	0.0	0.0	0.0	0.243837	0.0	0.0	0.0	0.0	2.33667	0.0	0.0	0.0	4453.09	0.0	0.0	0.0	0.0	0.00047	0.0	0.0	0.0	17.5318	0.0	0.0	0.0	0.0	52	0	0	0	68	0	0	0	0	197	0	0	0	21	0	0	0	0	1685	0	0	0	165	0	0	0	0	785	0	0	0	0	0	0	0	0	120	0	0	0	0	0	0	0	0	2133	0	0	0	0	0	0	0	0	0.00042	0.0	0.0	0.0	0.013908	0.0	0.0	0.0	0.0	0.029322	0.0	0.0	0.0	0.970678	0.0	0.0	0.0	0.0	
257	5231	4492.638289793	4662.639	4662.639	0.01771	0.0	4972	0	0	0	255	0	0	0	0	0.0	0.0	0.0	0.0	0.231277	0.0	0.0	0.0	0.0	2.33667	0.0	0.0	0.0	4456.13	0.0	0.0	0.0	0.0	0.00047	0.0	0.0	0.0	17.475	0.0	0.0	0.0	0.0	52	0	0	0	68	0	0	0	0	197	0	0	0	21	0	0	0	0	1685	0	0	0	166	0	0	0	0	785	0	0	0	0	0	0	0	0	120	0	0	0	0	0	0	0	0	2133	0	0	0	0	0	0	0	0	0.00042	0.0	0.0	0.0	0.013235	0.0	0.0	0.0	0.0	0.030768	0.0	0.0	0.0	0.969232	0.0	0.0	0.0	0.0	
258	5232	4502.913491624	4662.639	4662.639	0.017606	0.0	4972	0	0	0	256	0	0	0	0	0.0	0.0	0.0	0.0	0.219346	0.0	0.0	0.0	0.0	2.33667	0.0	0.0	0.0	4466.41	0.0	0.0	0.0	0.0	0.00047	0.0	0.0	0.0	17.4469	0.0	0.0	0.0	0.0	52	0	0	0	68	0	0	0	0	197	0	0	0	21	0	0	0	0	1685	0	0	0	167	0	0	0	0	785	0	0	0	0	0	0	0	0	120	0	0	0	0	0	0	0	0	2133	0	0	0	0	0	0	0	0	0.00042	0.0	0.0	0.0	0.012572	0.0	0.0	0.0	0.0	0.032337	0.0	0.0	0.0	0.967663	0.0	0.0	0.0	0.0	
259	5233	4506.560310751	4662.639	4662.639	0.017262	0.0	4972	0	0	0	257	0	0	0	0	0.0	0.0	0.0	0.0	0.208012	0.0	0.0	0.0	0.0	2.33667	0.0	0.0	0.0	4470.05	0.0	0.0	0.0	0.0	0.00047	0.0	0.0	0.0	17.3932	0.0	0.0	0.0	0.0	52	0	0	0	68	0	0	0	0	197	0	0	0	21	0	0	0	0	1685	0	0	0	168	0	0	0	0	785	0	0	0	0	0	0	0	0	120	0	0	0	0	0	0	0	0	2133	0	0	0	0	0	0	0	0	0.00042	0.0	0.0	0.0	0.011959	0.0	0.0	0.0	0.0	0.033938	0.0	0.0	0.0	0.966062	0.0	0.0	0.0	0.0	
260	5234	4508.784311759	4662.639	4662.639	0.017141	0.0	4972	0	0	0	258	0	0	0	0	0.0	0.0	0.0	0.0	0.197246	0.0	0.0	0.0	0.0	2.33667	0.0	0.0	0.0	4472.28	0.0	0.0	0.0	0.0	0.00047	0.0	0.0	0.0	17.3344	0.0	0.0	0.0	0.0	52	0	0	0	68	0	0	0	0	197	0	0	0	21	0	0	0	0	1685	0	0	0	169	0	0	0	0	785	0	0	0	0	0	0	0	0	120	0	0	0	0	0	0	0	0	2133	0	0	0	0	0	0	0	0	0.00042	0.0	0.0	0.0	0.011379	0.0	0.0	0.0	0.0	0.035607	0.0	0.0	0.0	0.964393	0.0	0.0	0.0	0.0	
261	5235	4511.012508427	4662.639	4662.639	0.017068	0.0	4972	0	0	0	259	0	0	0	0	0.0	0.0	0.0	0.0	0.18702	0.0	0.0	0.0	0.0	2.33667	0.0	0.0	0.0	4474.51	0.0	0.0	0.0	0.0	0.00047	0.0	0.0	0.0	17.2761	0.0	0.0	0.0	0.0	52	0	0	0	68	0	0	0	0	197	0	0	0	21	0	0	0	0	1685	0	0	0	170	0	0	0	0	785	0	0	0	0	0	0	0	0	120	0	0	0	0	0	0	0	0	2133	0	0	0	0	0	0	0	0	0.00042	0.0	0.0	0.0	0.010825	0.0	0.0	0.0	0.0	0.03736	0.0	0.0	0.0	0.96264	0.0	0.0	0.0	0.0	
262	5236	4516.028048571	4662.639	4662.639	0.016995	0.0	4972	0	0	0	260	0	0	0	0	0.0	0.0	0.0	0.0	0.177306	0.0	0.0	0.0	0.0	2.33667	0.0	0.0	0.0	4479.52	0.0	0.0	0.0	0.0	0.00047	0.0	0.0	0.0	17.2289	0.0	0.0	0.0	0.0	52	0	0	0	68	0	0	0	0	197	0	0	0	21	0	0	0	0	1685	0	0	0	171	0	0	0	0	785	0	0	0	0	0	0	0	0	120	0	0	0	0	0	0	0	0	2133	0	0	0	0	0	0	0	0	0.00042	0.0	0.0	0.0	0.010291	0.0	0.0	0.0	0.0	0.039223	0.0	0.0	0.0	0.960777	0.0	0.0	0.0	0.0	
263	5237	4518.149069044	4662.639	4662.639	0.016831	0.0	4972	0	0	0	261	0	0	0	0	0.0	0.0	0.0	0.0	0.168079	0.0	0.0	0.0	0.0	2.33667	0.0	0.0	0.0	4481.64	0.0	0.0	0.0	0.0	0.00047	0.0	0.0	0.0	17.171	0.0	0.0	0.0	0.0	52	0	0	0	68	0	0	0	0	197	0	0	0	21	0	0	0	0	1685	0	0	0	172	0	0	0	0	785	0	0	0	0	0	0	0	0	120	0	0	0	0	0	0	0	0	2133	0	0	0	0	0	0	0	0	0.00042	0.0	0.0	0.0	0.009789	0.0	0.0	0.0	0.0	0.041155	0.0	0.0	0.0	0.958845	0.0	0.0	0.0	0.0	
264	5238	4526.902580986	4662.639	4662.639	0.016763	0.0	4972	0	0	0	262	0	0	0	0	0.0	0.0	0.0	0.0	0.159314	0.0	0.0	0.0	0.0	2.33667	0.0	0.0	0.0	4490.4	0.0	0.0	0.0	0.0	0.00047	0.0	0.0	0.0	17.1389	0.0	0.0	0.0	0.0	52	0	0	0	68	0	0	0	0	197	0	0	0	21	0	0	0	0	1685	0	0	0	173	0	0	0	0	785	0	0	0	0	0	0	0	0	120	0	0	0	0	0	0	0	0	2133	0	0	0	0	0	0	0	0	0.00042	0.0	0.0	0.0	0.009295	0.0	0.0	0.0	0.0	0.043243	0.0	0.0	0.0	0.956757	0.0	0.0	0.0	0.0	
265	5239	4537.163395926	4662.639	4662.639	0.016483	0.0	4972	0	0	0	263	0	0	0	0	0.0	0.0	0.0	0.0	0.150989	0.0	0.0	0.0	0.0	2.33667	0.0	0.0	0.0	4500.66	0.0	0.0	0.0	0.0	0.00047	0.0	0.0	0.0	17.1128	0.0	0.0	0.0	0.0	52	0	0	0	68	0	0	0	0	197	0	0	0	21	0	0	0	0	1685	0	0	0	174	0	0	0	0	785	0	0	0	0	0	0	0	0	120	0	0	0	0	0	0	0	0	2133	0	0	0	0	0	0	0	0	0.00042	0.0	0.0	0.0	0.008823	0.0	0.0	0.0	0.0	0.045453	0.0	0.0	0.0	0.954547	0.0	0.0	0.0	0.0	
266	5240	4546.61072721	4662.639	4662.639	0.016161	0.0	4972	0	0	0	264	0	0	0	0	0.0	0.0	0.0	0.0	0.14308	0.0	0.0	0.0	0.0	2.33667	0.0	0.0	0.0	4510.11	0.0	0.0	0.0	0.0	0.00047	0.0	0.0	0.0	17.0837	0.0	0.0	0.0	0.0	52	0	0	0	68	0	0	0	0	197	0	0	0	21	0	0	0	0	1685	0	0	0	175	0	0	0	0	785	0	0	0	0	0	0	0	0	120	0	0	0	0	0	0	0	0	2133	0	0	0	0	0	0	0	0	0.00042	0.0	0.0	0.0	0.008375	0.0	0.0	0.0	0.0	0.047768	0.0	0.0	0.0	0.952232	0.0	0.0	0.0	0.0	
267	5241	4550.403219861	4658.639	4658.639	0.015869	0.0	4972	0	0	0	265	0	0	0	0	0.0	0.0	0.0	0.0	0.188075	0.0	0.0	0.0	0.0	2.33667	0.0	0.0	0.0	4513.9	0.0	0.0	0.0	0.0	0.00047	0.0	0.0	0.0	17.0336	0.0	0.0	0.0	0.0	52	0	0	0	69	0	0	0	0	197	0	0	0	21	0	0	0	0	1685	0	0	0	175	0	0	0	0	785	0	0	0	0	0	0	0	0	120	0	0	0	0	0	0	0	0	2133	0	0	0	0	0	0	0	0	0.00042	0.0	0.0	0.0	0.011041	0.0	0.0	0.0	0.0	0.036656	0.0	0.0	0.0	0.963344	0.0	0.0	0.0	0.0	
268	5242	4554.702113451	4656.639	4656.639	0.015754	0.0	4972	0	0	0	266	0	0	0	0	0.0	0.0	0.0	0.0	0.230216	0.0	0.0	0.0	0.0	2.33667	0.0	0.0	0.0	4518.2	0.0	0.0	0.0	0.0	0.00047	0.0	0.0	0.0	16.9857	0.0	0.0	0.0	0.0	52	0	0	0	70	0	0	0	0	197	0	0	0	21	0	0	0	0	1685	0	0	0	175	0	0	0	0	785	0	0	0	0	0	0	0	0	120	0	0	0	0	0	0	0	0	2133	0	0	0	0	0	0	0	0	0.00042	0.0	0.0	0.0	0.013554	0.0	0.0	0.0	0.0	0.030066	0.0	0.0	0.0	0.969934	0.0	0.0	0.0	0.0	
269	5243	4685.658224947	4656.639	4656.639	0.015624	0.0	4972	0	0	0	267	0	0	0	0	0.0	0.0	0.0	0.0	0.218348	0.0	0.0	0.0	0.0	2.33667	0.0	0.0	0.0	4649.15	0.0	0.0	0.0	0.0	0.00047	0.0	0.0	0.0	17.4126	0.0	0.0	0.0	0.0	52	0	0	0	70	0	0	0	0	197	0	0	0	21	0	0	0	0	1685	0	0	0	176	0	0	0	0	785	0	0	0	0	0	0	0	0	120	0	0	0	0	0	0	0	0	2133	0	0	0	0	0	0	0	0	0.00042	0.0	0.0	0.0	0.01254	0.0	0.0	0.0	0.0	0.032418	0.0	0.0	0.0	0.967582	0.0	0.0	0.0	0.0	
270	5244	4695.798123874	4656.639	4656.639	0.012144	0.0	4972	0	0	0	268	0	0	0	0	0.0	0.0	0.0	0.0	0.207065	0.0	0.0	0.0	0.0	2.33667	0.0	0.0	0.0	4659.29	0.0	0.0	0.0	0.0	0.00047	0.0	0.0	0.0	17.3854	0.0	0.0	0.0	0.0	52	0	0	0	70	0	0	0	0	197	0	0	0	21	0	0	0	0	1685	0	0	0	177	0	0	0	0	785	0	0	0	0	0	0	0	0	120	0	0	0	0	0	0	0	0	2133	0	0	0	0	0	0	0	0	0.00042	0.0	0.0	0.0	0.01191	0.0	0.0	0.0	0.0	0.034073	0.0	0.0	0.0	0.965927	0.0	0.0	0.0	0.0	
271	5246	4697.913433984	4656.639	4656.639	0.011909	0.0	4973	0	0	0	269	0	0	0	0	0.0	0.0	0.0	0.0	0.196383	0.0	0.0	0.0	0.0	2.33717	0.0	0.0	0.0	4661.41	0.0	0.0	0.0	0.0	0.00047	0.0	0.0	0.0	17.3287	0.0	0.0	0.0	0.0	52	0	0	0	70	0	0	0	0	197	0	0	0	21	0	0	0	0	1685	0	0	0	178	0	0	0	0	786	0	0	0	0	0	0	0	0	120	0	0	0	0	0	0	0	0	2133	0	0	0	0	0	0	0	0	0.000378	0.0	0.0	0.0	0.011333	0.0	0.0	0.0	0.0	0.032287	0.0	0.0	0.0	0.967713	0.0	0.0	0.0	0.0	
272	5247	4712.231828039	4656.639	4656.639	0.011861	0.0	4973	0	0	0	270	0	0	0	0	0.0	0.0	0.0	0.0	0.186236	0.0	0.0	0.0	0.0	2.33717	0.0	0.0	0.0	4675.73	0.0	0.0	0.0	0.0	0.00047	0.0	0.0	0.0	17.3175	0.0	0.0	0.0	0.0	52	0	0	0	70	0	0	0	0	197	0	0	0	21	0	0	0	0	1685	0	0	0	179	0	0	0	0	786	0	0	0	0	0	0	0	0	120	0	0	0	0	0	0	0	0	2133	0	0	0	0	0	0	0	0	0.000378	0.0	0.0	0.0	0.010754	0.0	0.0	0.0	0.0	0.033965	0.0	0.0	0.0	0.966035	0.0	0.0	0.0	0.0	
273	5248	4720.74516141	4655.639	4655.639	0.011539	0.0	4973	0	0	0	271	0	0	0	0	0.0	0.0	0.0	0.0	0.228355	0.0	0.0	0.0	0.0	2.33717	0.0	0.0	0.0	4684.24	0.0	0.0	0.0	0.0	0.00047	0.0	0.0	0.0	17.285	0.0	0.0	0.0	0.0	52	0	0	0	71	0	0	0	0	197	0	0	0	21	0	0	0	0	1685	0	0	0	179	0	0	0	0	786	0	0	0	0	0	0	0	0	120	0	0	0	0	0	0	0	0	2133	0	0	0	0	0	0	0	0	0.000378	0.0	0.0	0.0	0.013211	0.0	0.0	0.0	0.0	0.027824	0.0	0.0	0.0	0.972176	0.0	0.0	0.0	0.0	
274	5249	4731.174170807	4655.639	4655.639	0.011351	0.0	4973	0	0	0	272	0	0	0	0	0.0	0.0	0.0	0.0	0.216611	0.0	0.0	0.0	0.0	2.33717	0.0	0.0	0.0	4694.67	0.0	0.0	0.0	0.0	0.00047	0.0	0.0	0.0	17.2598	0.0	0.0	0.0	0.0	52	0	0	0	71	0	0	0	0	197	0	0	0	21	0	0	0	0	1685	0	0	0	180	0	0	0	0	786	0	0	0	0	0	0	0	0	120	0	0	0	0	0	0	0	0	2133	0	0	0	0	0	0	0	0	0.000378	0.0	0.0	0.0	0.01255	0.0	0.0	0.0	0.0	0.029247	0.0	0.0	0.0	0.970753	0.0	0.0	0.0	0.0	
275	5251	4738.581608023	4655.639	4655.639	0.011126	0.0	4974	0	0	0	273	0	0	0	0	0.0	0.0	0.0	0.0	0.205486	0.0	0.0	0.0	0.0	2.33742	0.0	0.0	0.0	4702.08	0.0	0.0	0.0	0.0	0.00047	0.0	0.0	0.0	17.2237	0.0	0.0	0.0	0.0	52	0	0	0	71	0	0	0	0	197	0	0	0	21	0	0	0	0	1685	0	0	0	181	0	0	0	0	786	0	0	0	0	0	0	0	0	120	0	0	0	0	0	0	0	0	2134	0	0	0	0	0	0	0	0	0.00034	0.0	0.0	0.0	0.01193	0.0	0.0	0.0	0.0	0.027735	0.0	0.0	0.0	0.972265	0.0	0.0	0.0	0.0	
276	5252	4755.047775807	4654.639	4654.639	0.010968	0.0	4974	0	0	0	274	0	0	0	0	0.0	0.0	0.0	0.0	0.246345	0.0	0.0	0.0	0.0	2.33742	0.0	0.0	0.0	4718.54	0.0	0.0	0.0	0.0	0.00047	0.0	0.0	0.0	17.221	0.0	0.0	0.0	0.0	52	0	0	0	72	0	0	0	0	197	0	0	0	21	0	0	0	0	1685	0	0	0	181	0	0	0	0	786	0	0	0	0	0	0	0	0	120	0	0	0	0	0	0	0	0	2134	0	0	0	0	0	0	0	0	0.00034	0.0	0.0	0.0	0.014305	0.0	0.0	0.0	0.0	0.023238	0.0	0.0	0.0	0.976761	0.0	0.0	0.0	0.0	
277	5253	4790.503692514	4646.139	4646.139	0.010626	0.0	4974	0	0	0	275	0	0	0	0	0.0	0.0	0.0	0.0	0.284925	0.0	0.0	0.0	0.0	2.33742	0.0	0.0	0.0	4754.0	0.0	0.0	0.0	0.0	0.00047	0.0	0.0	0.0	17.2873	0.0	0.0	0.0	0.0	52	0	0	0	73	0	0	0	0	197	0	0	0	21	0	0	0	0	1685	0	0	0	181	0	0	0	0	786	0	0	0	0	0	0	0	0	120	0	0	0	0	0	0	0	0	2134	0	0	0	0	0	0	0	0	0.00034	0.0	0.0	0.0	0.016482	0.0	0.0	0.0	0.0	0.020231	0.0	0.0	0.0	0.979769	0.0	0.0	0.0	0.0	
278	5254	4799.853506035	4646.139	4646.139	0.009925	0.0	4974	0	0	0	276	0	0	0	0	0.0	0.0	0.0	0.0	0.270384	0.0	0.0	0.0	0.0	2.33742	0.0	0.0	0.0	4763.35	0.0	0.0	0.0	0.0	0.00047	0.0	0.0	0.0	17.2585	0.0	0.0	0.0	0.0	52	0	0	0	73	0	0	0	0	197	0	0	0	21	0	0	0	0	1685	0	0	0	182	0	0	0	0	786	0	0	0	0	0	0	0	0	120	0	0	0	0	0	0	0	0	2134	0	0	0	0	0	0	0	0	0.00034	0.0	0.0	0.0	0.015667	0.0	0.0	0.0	0.0	0.021262	0.0	0.0	0.0	0.978738	0.0	0.0	0.0	0.0	
279	5255	4802.076697805	4646.139	4646.139	0.009748	0.0	4974	0	0	0	277	0	0	0	0	0.0	0.0	0.0	0.0	0.256571	0.0	0.0	0.0	0.0	2.33742	0.0	0.0	0.0	4765.57	0.0	0.0	0.0	0.0	0.00047	0.0	0.0	0.0	17.2042	0.0	0.0	0.0	0.0	52	0	0	0	73	0	0	0	0	197	0	0	0	21	0	0	0	0	1685	0	0	0	183	0	0	0	0	786	0	0	0	0	0	0	0	0	120	0	0	0	0	0	0	0	0	2134	0	0	0	0	0	0	0	0	0.00034	0.0	0.0	0.0	0.014913	0.0	0.0	0.0	0.0	0.022312	0.0	0.0	0.0	0.977688	0.0	0.0	0.0	0.0	
280	5256	4804.26016854	4646.139	4646.139	0.009707	0.0	4974	0	0	0	278	0	0	0	0	0.0	0.0	0.0	0.0	0.24345	0.0	0.0	0.0	0.0	2.33742	0.0	0.0	0.0	4767.75	0.0	0.0	0.0	0.0	0.00047	0.0	0.0	0.0	17.1502	0.0	0.0	0.0	0.0	52	0	0	0	73	0	0	0	0	197	0	0	0	21	0	0	0	0	1685	0	0	0	184	0	0	0	0	786	0	0	0	0	0	0	0	0	120	0	0	0	0	0	0	0	0	2134	0	0	0	0	0	0	0	0	0.00034	0.0	0.0	0.0	0.014195	0.0	0.0	0.0	0.0	0.023414	0.0	0.0	0.0	0.976586	0.0	0.0	0.0	0.0	
281	5257	4812.818582075	4646.139	4646.139	0.009666	0.0	4974	0	0	0	279	0	0	0	0	0.0	0.0	0.0	0.0	0.230986	0.0	0.0	0.0	0.0	2.33742	0.0	0.0	0.0	4776.31	0.0	0.0	0.0	0.0	0.00047	0.0	0.0	0.0	17.1194	0.0	0.0	0.0	0.0	52	0	0	0	73	0	0	0	0	197	0	0	0	21	0	0	0	0	1685	0	0	0	185	0	0	0	0	786	0	0	0	0	0	0	0	0	120	0	0	0	0	0	0	0	0	2134	0	0	0	0	0	0	0	0	0.00034	0.0	0.0	0.0	0.013493	0.0	0.0	0.0	0.0	0.024603	0.0	0.0	0.0	0.975397	0.0	0.0	0.0	0.0	
282	5258	4842.829754657	4646.139	4646.139	0.009508	0.0	4974	0	0	0	280	0	0	0	0	0.0	0.0	0.0	0.0	0.219145	0.0	0.0	0.0	0.0	2.33742	0.0	0.0	0.0	4806.32	0.0	0.0	0.0	0.0	0.00047	0.0	0.0	0.0	17.1654	0.0	0.0	0.0	0.0	52	0	0	0	73	0	0	0	0	197	0	0	0	21	0	0	0	0	1685	0	0	0	186	0	0	0	0	786	0	0	0	0	0	0	0	0	120	0	0	0	0	0	0	0	0	2134	0	0	0	0	0	0	0	0	0.00034	0.0	0.0	0.0	0.012767	0.0	0.0	0.0	0.0	0.025966	0.0	0.0	0.0	0.974034	0.0	0.0	0.0	0.0	
283	5259	4851.499551202	4645.639	4645.639	0.008975	0.0	4974	0	0	0	281	0	0	0	0	0.0	0.0	0.0	0.0	0.259229	0.0	0.0	0.0	0.0	2.33742	0.0	0.0	0.0	4814.99	0.0	0.0	0.0	0.0	0.00047	0.0	0.0	0.0	17.1352	0.0	0.0	0.0	0.0	52	0	0	0	74	0	0	0	0	197	0	0	0	21	0	0	0	0	1685	0	0	0	186	0	0	0	0	786	0	0	0	0	0	0	0	0	120	0	0	0	0	0	0	0	0	2134	0	0	0	0	0	0	0	0	0.00034	0.0	0.0	0.0	0.015128	0.0	0.0	0.0	0.0	0.022002	0.0	0.0	0.0	0.977999	0.0	0.0	0.0	0.0	
284	5260	4854.892539044	4645.639	4645.639	0.008826	0.0	4974	0	0	0	282	0	0	0	0	0.0	0.0	0.0	0.0	0.245976	0.0	0.0	0.0	0.0	2.33742	0.0	0.0	0.0	4818.39	0.0	0.0	0.0	0.0	0.00047	0.0	0.0	0.0	17.0865	0.0	0.0	0.0	0.0	52	0	0	0	74	0	0	0	0	197	0	0	0	21	0	0	0	0	1685	0	0	0	187	0	0	0	0	786	0	0	0	0	0	0	0	0	120	0	0	0	0	0	0	0	0	2134	0	0	0	0	0	0	0	0	0.00034	0.0	0.0	0.0	0.014396	0.0	0.0	0.0	0.0	0.023095	0.0	0.0	0.0	0.976905	0.0	0.0	0.0	0.0	
285	5261	4856.937378626	4645.639	4645.639	0.008769	0.0	4974	0	0	0	283	0	0	0	0	0.0	0.0	0.0	0.0	0.233386	0.0	0.0	0.0	0.0	2.33742	0.0	0.0	0.0	4820.43	0.0	0.0	0.0	0.0	0.00047	0.0	0.0	0.0	17.0333	0.0	0.0	0.0	0.0	52	0	0	0	74	0	0	0	0	197	0	0	0	21	0	0	0	0	1685	0	0	0	188	0	0	0	0	786	0	0	0	0	0	0	0	0	120	0	0	0	0	0	0	0	0	2134	0	0	0	0	0	0	0	0	0.00034	0.0	0.0	0.0	0.013702	0.0	0.0	0.0	0.0	0.024237	0.0	0.0	0.0	0.975763	0.0	0.0	0.0	0.0	
286	5262	4867.003443525	4645.639	4645.639	0.008734	0.0	4974	0	0	0	284	0	0	0	0	0.0	0.0	0.0	0.0	0.221427	0.0	0.0	0.0	0.0	2.33742	0.0	0.0	0.0	4830.5	0.0	0.0	0.0	0.0	0.00047	0.0	0.0	0.0	17.0088	0.0	0.0	0.0	0.0	52	0	0	0	74	0	0	0	0	197	0	0	0	21	0	0	0	0	1685	0	0	0	189	0	0	0	0	786	0	0	0	0	0	0	0	0	120	0	0	0	0	0	0	0	0	2134	0	0	0	0	0	0	0	0	0.00034	0.0	0.0	0.0	0.013018	0.0	0.0	0.0	0.0	0.025477	0.0	0.0	0.0	0.974523	0.0	0.0	0.0	0.0	
287	5263	4876.579189645	4645.639	4645.639	0.008567	0.0	4974	0	0	0	285	0	0	0	0	0.0	0.0	0.0	0.0	0.210066	0.0	0.0	0.0	0.0	2.33742	0.0	0.0	0.0	4840.07	0.0	0.0	0.0	0.0	0.00047	0.0	0.0	0.0	16.9827	0.0	0.0	0.0	0.0	52	0	0	0	74	0	0	0	0	197	0	0	0	21	0	0	0	0	1685	0	0	0	190	0	0	0	0	786	0	0	0	0	0	0	0	0	120	0	0	0	0	0	0	0	0	2134	0	0	0	0	0	0	0	0	0.00034	0.0	0.0	0.0	0.012369	0.0	0.0	0.0	0.0	0.026778	0.0	0.0	0.0	0.973222	0.0	0.0	0.0	0.0	
288	5264	4918.182972246	4645.639	4645.639	0.00841	0.0	4974	0	0	0	286	0	0	0	0	0.0	0.0	0.0	0.0	0.199274	0.0	0.0	0.0	0.0	2.33742	0.0	0.0	0.0	4881.68	0.0	0.0	0.0	0.0	0.00047	0.0	0.0	0.0	17.0688	0.0	0.0	0.0	0.0	52	0	0	0	74	0	0	0	0	197	0	0	0	21	0	0	0	0	1685	0	0	0	191	0	0	0	0	786	0	0	0	0	0	0	0	0	120	0	0	0	0	0	0	0	0	2134	0	0	0	0	0	0	0	0	0.00034	0.0	0.0	0.0	0.011675	0.0	0.0	0.0	0.0	0.028326	0.0	0.0	0.0	0.971674	0.0	0.0	0.0	0.0	
289	5265	4921.001877203	4645.639	4645.639	0.007763	0.0	4974	0	0	0	287	0	0	0	0	0.0	0.0	0.0	0.0	0.18902	0.0	0.0	0.0	0.0	2.33742	0.0	0.0	0.0	4884.5	0.0	0.0	0.0	0.0	0.00047	0.0	0.0	0.0	17.0191	0.0	0.0	0.0	0.0	52	0	0	0	74	0	0	0	0	197	0	0	0	21	0	0	0	0	1685	0	0	0	192	0	0	0	0	786	0	0	0	0	0	0	0	0	120	0	0	0	0	0	0	0	0	2134	0	0	0	0	0	0	0	0	0.00034	0.0	0.0	0.0	0.011106	0.0	0.0	0.0	0.0	0.029732	0.0	0.0	0.0	0.970268	0.0	0.0	0.0	0.0	
290	5266	4933.116743124	4645.639	4645.639	0.007721	0.0	4974	0	0	0	288	0	0	0	0	0.0	0.0	0.0	0.0	0.179279	0.0	0.0	0.0	0.0	2.33742	0.0	0.0	0.0	4896.61	0.0	0.0	0.0	0.0	0.00047	0.0	0.0	0.0	17.0021	0.0	0.0	0.0	0.0	52	0	0	0	74	0	0	0	0	197	0	0	0	21	0	0	0	0	1685	0	0	0	193	0	0	0	0	786	0	0	0	0	0	0	0	0	120	0	0	0	0	0	0	0	0	2134	0	0	0	0	0	0	0	0	0.00034	0.0	0.0	0.0	0.010544	0.0	0.0	0.0	0.0	0.031267	0.0	0.0	0.0	0.968733	0.0	0.0	0.0	0.0	
291	5267	4941.577915427	4645.639	4645.639	0.007544	0.0	4974	0	0	0	289	0	0	0	0	0.0	0.0	0.0	0.0	0.170026	0.0	0.0	0.0	0.0	2.33742	0.0	0.0	0.0	4905.07	0.0	0.0	0.0	0.0	0.00047	0.0	0.0	0.0	16.9726	0.0	0.0	0.0	0.0	52	0	0	0	74	0	0	0	0	197	0	0	0	21	0	0	0	0	1685	0	0	0	194	0	0	0	0	786	0	0	0	0	0	0	0	0	120	0	0	0	0	0	0	0	0	2134	0	0	0	0	0	0	0	0	0.00034	0.0	0.0	0.0	0.010018	0.0	0.0	0.0	0.0	0.032857	0.0	0.0	0.0	0.967143	0.0	0.0	0.0	0.0	
292	5268	4943.73904115	4645.639	4645.639	0.007422	0.0	4974	0	0	0	290	0	0	0	0	0.0	0.0	0.0	0.0	0.161236	0.0	0.0	0.0	0.0	2.33742	0.0	0.0	0.0	4907.23	0.0	0.0	0.0	0.0	0.00047	0.0	0.0	0.0	16.9215	0.0	0.0	0.0	0.0	52	0	0	0	74	0	0	0	0	197	0	0	0	21	0	0	0	0	1685	0	0	0	195	0	0	0	0	786	0	0	0	0	0	0	0	0	120	0	0	0	0	0	0	0	0	2134	0	0	0	0	0	0	0	0	0.00034	0.0	0.0	0.0	0.009528	0.0	0.0	0.0	0.0	0.034486	0.0	0.0	0.0	0.965514	0.0	0.0	0.0	0.0	
293	5269	5026.388615841	4645.639	4645.639	0.007391	0.0	4974	0	0	0	291	0	0	0	0	0.0	0.0	0.0	0.0	0.152886	0.0	0.0	0.0	0.0	2.33742	0.0	0.0	0.0	4989.88	0.0	0.0	0.0	0.0	0.00047	0.0	0.0	0.0	17.1474	0.0	0.0	0.0	0.0	52	0	0	0	74	0	0	0	0	197	0	0	0	21	0	0	0	0	1685	0	0	0	196	0	0	0	0	786	0	0	0	0	0	0	0	0	120	0	0	0	0	0	0	0	0	2134	0	0	0	0	0	0	0	0	0.00034	0.0	0.0	0.0	0.008916	0.0	0.0	0.0	0.0	0.036768	0.0	0.0	0.0	0.963232	0.0	0.0	0.0	0.0	
294	5270	5185.600833636	4645.639	4645.639	0.006304	0.0	4974	0	0	0	292	0	0	0	0	0.0	0.0	0.0	0.0	0.14495	0.0	0.0	0.0	0.0	2.33742	0.0	0.0	0.0	5149.09	0.0	0.0	0.0	0.0	0.00047	0.0	0.0	0.0	17.6339	0.0	0.0	0.0	0.0	52	0	0	0	74	0	0	0	0	197	0	0	0	21	0	0	0	0	1685	0	0	0	197	0	0	0	0	786	0	0	0	0	0	0	0	0	120	0	0	0	0	0	0	0	0	2134	0	0	0	0	0	0	0	0	0.00034	0.0	0.0	0.0	0.00822	0.0	0.0	0.0	0.0	0.039757	0.0	0.0	0.0	0.960243	0.0	0.0	0.0	0.0	
295	5271	5191.71445164	4645.639	4645.639	0.004641	0.0	4974	0	0	0	293	0	0	0	0	0.0	0.0	0.0	0.0	0.137402	0.0	0.0	0.0	0.0	2.33742	0.0	0.0	0.0	5155.21	0.0	0.0	0.0	0.0	0.00047	0.0	0.0	0.0	17.5946	0.0	0.0	0.0	0.0	52	0	0	0	74	0	0	0	0	197	0	0	0	21	0	0	0	0	1685	0	0	0	198	0	0	0	0	786	0	0	0	0	0	0	0	0	120	0	0	0	0	0	0	0	0	2134	0	0	0	0	0	0	0	0	0.00034	0.0	0.0	0.0	0.007809	0.0	0.0	0.0	0.0	0.04176	0.0	0.0	0.0	0.95824	0.0	0.0	0.0	0.0	
296	5272	5199.000436347	4643.639	4643.639	0.004586	0.0	4974	0	0	0	294	0	0	0	0	0.0	0.0	0.0	0.0	0.182412	0.0	0.0	0.0	0.0	2.33742	0.0	0.0	0.0	5162.49	0.0	0.0	0.0	0.0	0.00047	0.0	0.0	0.0	17.5595	0.0	0.0	0.0	0.0	52	0	0	0	75	0	0	0	0	197	0	0	0	21	0	0	0	0	1685	0	0	0	198	0	0	0	0	786	0	0	0	0	0	0	0	0	120	0	0	0	0	0	0	0	0	2134	0	0	0	0	0	0	0	0	0.00034	0.0	0.0	0.0	0.010388	0.0	0.0	0.0	0.0	0.031722	0.0	0.0	0.0	0.968278	0.0	0.0	0.0	0.0	
297	5273	5202.903210918	4643.639	4643.639	0.004523	0.0	4974	0	0	0	295	0	0	0	0	0.0	0.0	0.0	0.0	0.172992	0.0	0.0	0.0	0.0	2.33742	0.0	0.0	0.0	5166.4	0.0	0.0	0.0	0.0	0.00047	0.0	0.0	0.0	17.5132	0.0	0.0	0.0	0.0	52	0	0	0	75	0	0	0	0	197	0	0	0	21	0	0	0	0	1685	0	0	0	199	0	0	0	0	786	0	0	0	0	0	0	0	0	120	0	0	0	0	0	0	0	0	2134	0	0	0	0	0	0	0	0	0.00034	0.0	0.0	0.0	0.009878	0.0	0.0	0.0	0.0	0.033307	0.0	0.0	0.0	0.966693	0.0	0.0	0.0	0.0	
298	5274	5210.995790018	4642.139	4642.139	0.004489	0.0	4974	0	0	0	296	0	0	0	0	0.0	0.0	0.0	0.0	0.215767	0.0	0.0	0.0	0.0	2.33742	0.0	0.0	0.0	5174.49	0.0	0.0	0.0	0.0	0.00047	0.0	0.0	0.0	17.4814	0.0	0.0	0.0	0.0	52	0	0	0	76	0	0	0	0	197	0	0	0	21	0	0	0	0	1685	0	0	0	199	0	0	0	0	786	0	0	0	0	0	0	0	0	120	0	0	0	0	0	0	0	0	2134	0	0	0	0	0	0	0	0	0.00034	0.0	0.0	0.0	0.012343	0.0	0.0	0.0	0.0	0.026834	0.0	0.0	0.0	0.973166	0.0	0.0	0.0	0.0	
299	5275	5214.37407568	4642.139	4642.139	0.004419	0.0	4974	0	0	0	297	0	0	0	0	0.0	0.0	0.0	0.0	0.204682	0.0	0.0	0.0	0.0	2.33742	0.0	0.0	0.0	5177.87	0.0	0.0	0.0	0.0	0.00047	0.0	0.0	0.0	17.4339	0.0	0.0	0.0	0.0	52	0	0	0	76	0	0	0	0	197	0	0	0	21	0	0	0	0	1685	0	0	0	200	0	0	0	0	786	0	0	0	0	0	0	0	0	120	0	0	0	0	0	0	0	0	2134	0	0	0	0	0	0	0	0	0.00034	0.0	0.0	0.0	0.01174	0.0	0.0	0.0	0.0	0.028172	0.0	0.0	0.0	0.971828	0.0	0.0	0.0	0.0	
300	5276	5229.871903742	4641.639	4641.639	0.004391	0.0	4974	0	0	0	298	0	0	0	0	0.0	0.0	0.0	0.0	0.2456	0.0	0.0	0.0	0.0	2.33742	0.0	0.0	0.0	5193.36	0.0	0.0	0.0	0.0	0.00047	0.0	0.0	0.0	17.4274	0.0	0.0	0.0	0.0	52	0	0	0	77	0	0	0	0	197	0	0	0	21	0	0	0	0	1685	0	0	0	200	0	0	0	0	786	0	0	0	0	0	0	0	0	120	0	0	0	0	0	0	0	0	2134	0	0	0	0	0	0	0	0	0.00034	0.0	0.0	0.0	0.014093	0.0	0.0	0.0	0.0	0.02358	0.0	0.0	0.0	0.97642	0.0	0.0	0.0	0.0	
301	5277	5237.668216221	4641.639	4641.639	0.004262	0.0	4974	0	0	0	299	0	0	0	0	0.0	0.0	0.0	0.0	0.233024	0.0	0.0	0.0	0.0	2.33742	0.0	0.0	0.0	5201.16	0.0	0.0	0.0	0.0	0.00047	0.0	0.0	0.0	17.3952	0.0	0.0	0.0	0.0	52	0	0	0	77	0	0	0	0	197	0	0	0	21	0	0	0	0	1685	0	0	0	201	0	0	0	0	786	0	0	0	0	0	0	0	0	120	0	0	0	0	0	0	0	0	2134	0	0	0	0	0	0	0	0	0.00034	0.0	0.0	0.0	0.013396	0.0	0.0	0.0	0.0	0.024776	0.0	0.0	0.0	0.975223	0.0	0.0	0.0	0.0	
302	5278	5245.581116982	4641.639	4641.639	0.004198	0.0	4974	0	0	0	300	0	0	0	0	0.0	0.0	0.0	0.0	0.221077	0.0	0.0	0.0	0.0	2.33742	0.0	0.0	0.0	5209.07	0.0	0.0	0.0	0.0	0.00047	0.0	0.0	0.0	17.3636	0.0	0.0	0.0	0.0	52	0	0	0	77	0	0	0	0	197	0	0	0	21	0	0	0	0	1685	0	0	0	202	0	0	0	0	786	0	0	0	0	0	0	0	0	120	0	0	0	0	0	0	0	0	2134	0	0	0	0	0	0	0	0	0.00034	0.0	0.0	0.0	0.012732	0.0	0.0	0.0	0.0	0.026034	0.0	0.0	0.0	0.973966	0.0	0.0	0.0	0.0	
303	5279	5249.675938961	4641.639	4641.639	0.004135	0.0	4974	0	0	0	301	0	0	0	0	0.0	0.0	0.0	0.0	0.209727	0.0	0.0	0.0	0.0	2.33742	0.0	0.0	0.0	5213.17	0.0	0.0	0.0	0.0	0.00047	0.0	0.0	0.0	17.3195	0.0	0.0	0.0	0.0	52	0	0	0	77	0	0	0	0	197	0	0	0	21	0	0	0	0	1685	0	0	0	203	0	0	0	0	786	0	0	0	0	0	0	0	0	120	0	0	0	0	0	0	0	0	2134	0	0	0	0	0	0	0	0	0.00034	0.0	0.0	0.0	0.012109	0.0	0.0	0.0	0.0	0.027337	0.0	0.0	0.0	0.972663	0.0	0.0	0.0	0.0	
304	5281	5257.660235808	4640.639	4640.639	0.004102	0.0	4975	0	0	0	302	0	0	0	0	0.0	0.0	0.0	0.0	0.25024	0.0	0.0	0.0	0.0	2.33765	0.0	0.0	0.0	5221.15	0.0	0.0	0.0	0.0	0.00047	0.0	0.0	0.0	17.2886	0.0	0.0	0.0	0.0	52	0	0	0	78	0	0	0	0	197	0	0	0	21	0	0	0	0	1685	0	0	0	203	0	0	0	0	786	0	0	0	0	0	0	0	0	120	0	0	0	0	0	0	0	0	2135	0	0	0	0	0	0	0	0	0.000306	0.0	0.0	0.0	0.014474	0.0	0.0	0.0	0.0	0.020725	0.0	0.0	0.0	0.979275	0.0	0.0	0.0	0.0	
305	5282	5345.816409484	4640.639	4640.639	0.00404	0.0	4975	0	0	0	303	0	0	0	0	0.0	0.0	0.0	0.0	0.237464	0.0	0.0	0.0	0.0	2.33765	0.0	0.0	0.0	5309.31	0.0	0.0	0.0	0.0	0.00047	0.0	0.0	0.0	17.5225	0.0	0.0	0.0	0.0	52	0	0	0	78	0	0	0	0	197	0	0	0	21	0	0	0	0	1685	0	0	0	204	0	0	0	0	786	0	0	0	0	0	0	0	0	120	0	0	0	0	0	0	0	0	2135	0	0	0	0	0	0	0	0	0.000306	0.0	0.0	0.0	0.013552	0.0	0.0	0.0	0.0	0.022105	0.0	0.0	0.0	0.977895	0.0	0.0	0.0	0.0	
306	5283	5349.668347713	4640.639	4640.639	0.00341	0.0	4975	0	0	0	304	0	0	0	0	0.0	0.0	0.0	0.0	0.225322	0.0	0.0	0.0	0.0	2.33765	0.0	0.0	0.0	5313.16	0.0	0.0	0.0	0.0	0.00047	0.0	0.0	0.0	17.4775	0.0	0.0	0.0	0.0	52	0	0	0	78	0	0	0	0	197	0	0	0	21	0	0	0	0	1685	0	0	0	205	0	0	0	0	786	0	0	0	0	0	0	0	0	120	0	0	0	0	0	0	0	0	2135	0	0	0	0	0	0	0	0	0.000306	0.0	0.0	0.0	0.012892	0.0	0.0	0.0	0.0	0.02321	0.0	0.0	0.0	0.97679	0.0	0.0	0.0	0.0	
307	5284	5351.896819206	4640.639	4640.639	0.003384	0.0	4975	0	0	0	305	0	0	0	0	0.0	0.0	0.0	0.0	0.213788	0.0	0.0	0.0	0.0	2.33765	0.0	0.0	0.0	5315.39	0.0	0.0	0.0	0.0	0.00047	0.0	0.0	0.0	17.4275	0.0	0.0	0.0	0.0	52	0	0	0	78	0	0	0	0	197	0	0	0	21	0	0	0	0	1685	0	0	0	206	0	0	0	0	786	0	0	0	0	0	0	0	0	120	0	0	0	0	0	0	0	0	2135	0	0	0	0	0	0	0	0	0.000306	0.0	0.0	0.0	0.012267	0.0	0.0	0.0	0.0	0.024363	0.0	0.0	0.0	0.975637	0.0	0.0	0.0	0.0	
308	5285	5364.219550465	4640.639	4640.639	0.00337	0.0	4975	0	0	0	306	0	0	0	0	0.0	0.0	0.0	0.0	0.202832	0.0	0.0	0.0	0.0	2.33765	0.0	0.0	0.0	5327.71	0.0	0.0	0.0	0.0	0.00047	0.0	0.0	0.0	17.4108	0.0	0.0	0.0	0.0	52	0	0	0	78	0	0	0	0	197	0	0	0	21	0	0	0	0	1685	0	0	0	207	0	0	0	0	786	0	0	0	0	0	0	0	0	120	0	0	0	0	0	0	0	0	2135	0	0	0	0	0	0	0	0	0.000306	0.0	0.0	0.0	0.01165	0.0	0.0	0.0	0.0	0.025622	0.0	0.0	0.0	0.974379	0.0	0.0	0.0	0.0	
309	5286	5370.429250833	4640.639	4640.639	0.003291	0.0	4975	0	0	0	307	0	0	0	0	0.0	0.0	0.0	0.0	0.192424	0.0	0.0	0.0	0.0	2.33765	0.0	0.0	0.0	5333.92	0.0	0.0	0.0	0.0	0.00047	0.0	0.0	0.0	17.3743	0.0	0.0	0.0	0.0	52	0	0	0	78	0	0	0	0	197	0	0	0	21	0	0	0	0	1685	0	0	0	208	0	0	0	0	786	0	0	0	0	0	0	0	0	120	0	0	0	0	0	0	0	0	2135	0	0	0	0	0	0	0	0	0.000306	0.0	0.0	0.0	0.011075	0.0	0.0	0.0	0.0	0.026915	0.0	0.0	0.0	0.973085	0.0	0.0	0.0	0.0	
310	5287	5378.530768234	4640.639	4640.639	0.003252	0.0	4975	0	0	0	308	0	0	0	0	0.0	0.0	0.0	0.0	0.182536	0.0	0.0	0.0	0.0	2.33765	0.0	0.0	0.0	5342.02	0.0	0.0	0.0	0.0	0.00047	0.0	0.0	0.0	17.3442	0.0	0.0	0.0	0.0	52	0	0	0	78	0	0	0	0	197	0	0	0	21	0	0	0	0	1685	0	0	0	209	0	0	0	0	786	0	0	0	0	0	0	0	0	120	0	0	0	0	0	0	0	0	2135	0	0	0	0	0	0	0	0	0.000306	0.0	0.0	0.0	0.010524	0.0	0.0	0.0	0.0	0.028284	0.0	0.0	0.0	0.971716	0.0	0.0	0.0	0.0	
311	5288	5386.229314492	4640.639	4640.639	0.003202	0.0	4975	0	0	0	309	0	0	0	0	0.0	0.0	0.0	0.0	0.173144	0.0	0.0	0.0	0.0	2.33765	0.0	0.0	0.0	5349.72	0.0	0.0	0.0	0.0	0.00047	0.0	0.0	0.0	17.313	0.0	0.0	0.0	0.0	52	0	0	0	78	0	0	0	0	197	0	0	0	21	0	0	0	0	1685	0	0	0	210	0	0	0	0	786	0	0	0	0	0	0	0	0	120	0	0	0	0	0	0	0	0	2135	0	0	0	0	0	0	0	0	0.000306	0.0	0.0	0.0	0.010001	0.0	0.0	0.0	0.0	0.02972	0.0	0.0	0.0	0.97028	0.0	0.0	0.0	0.0	
312	5289	5390.415228052	4640.639	4640.639	0.003154	0.0	4975	0	0	0	310	0	0	0	0	0.0	0.0	0.0	0.0	0.164222	0.0	0.0	0.0	0.0	2.33765	0.0	0.0	0.0	5353.91	0.0	0.0	0.0	0.0	0.00047	0.0	0.0	0.0	17.2707	0.0	0.0	0.0	0.0	52	0	0	0	78	0	0	0	0	197	0	0	0	21	0	0	0	0	1685	0	0	0	211	0	0	0	0	786	0	0	0	0	0	0	0	0	120	0	0	0	0	0	0	0	0	2135	0	0	0	0	0	0	0	0	0.000306	0.0	0.0	0.0	0.009509	0.0	0.0	0.0	0.0	0.031211	0.0	0.0	0.0	0.968789	0.0	0.0	0.0	0.0	
313	5290	5397.108135633	4640.639	4640.639	0.003129	0.0	4975	0	0	0	311	0	0	0	0	0.0	0.0	0.0	0.0	0.155746	0.0	0.0	0.0	0.0	2.33765	0.0	0.0	0.0	5360.6	0.0	0.0	0.0	0.0	0.00047	0.0	0.0	0.0	17.2367	0.0	0.0	0.0	0.0	52	0	0	0	78	0	0	0	0	197	0	0	0	21	0	0	0	0	1685	0	0	0	212	0	0	0	0	786	0	0	0	0	0	0	0	0	120	0	0	0	0	0	0	0	0	2135	0	0	0	0	0	0	0	0	0.000306	0.0	0.0	0.0	0.009036	0.0	0.0	0.0	0.0	0.032791	0.0	0.0	0.0	0.967209	0.0	0.0	0.0	0.0	
314	5291	5403.761119438	4640.639	4640.639	0.003089	0.0	4975	0	0	0	312	0	0	0	0	0.0	0.0	0.0	0.0	0.147695	0.0	0.0	0.0	0.0	2.33765	0.0	0.0	0.0	5367.25	0.0	0.0	0.0	0.0	0.00047	0.0	0.0	0.0	17.2027	0.0	0.0	0.0	0.0	52	0	0	0	78	0	0	0	0	197	0	0	0	21	0	0	0	0	1685	0	0	0	213	0	0	0	0	786	0	0	0	0	0	0	0	0	120	0	0	0	0	0	0	0	0	2135	0	0	0	0	0	0	0	0	0.000306	0.0	0.0	0.0	0.008586	0.0	0.0	0.0	0.0	0.034451	0.0	0.0	0.0	0.965549	0.0	0.0	0.0	0.0	
315	5292	5407.899852584	4640.639	4640.639	0.00305	0.0	4975	0	0	0	313	0	0	0	0	0.0	0.0	0.0	0.0	0.140046	0.0	0.0	0.0	0.0	2.33765	0.0	0.0	0.0	5371.39	0.0	0.0	0.0	0.0	0.00047	0.0	0.0	0.0	17.161	0.0	0.0	0.0	0.0	52	0	0	0	78	0	0	0	0	197	0	0	0	21	0	0	0	0	1685	0	0	0	214	0	0	0	0	786	0	0	0	0	0	0	0	0	120	0	0	0	0	0	0	0	0	2135	0	0	0	0	0	0	0	0	0.000306	0.0	0.0	0.0	0.008161	0.0	0.0	0.0	0.0	0.036179	0.0	0.0	0.0	0.963821	0.0	0.0	0.0	0.0	
316	5293	5415.336206064	4640.639	4640.639	0.003026	0.0	4975	0	0	0	314	0	0	0	0	0.0	0.0	0.0	0.0	0.132781	0.0	0.0	0.0	0.0	2.33765	0.0	0.0	0.0	5378.83	0.0	0.0	0.0	0.0	0.00047	0.0	0.0	0.0	17.13	0.0	0.0	0.0	0.0	52	0	0	0	78	0	0	0	0	197	0	0	0	21	0	0	0	0	1685	0	0	0	215	0	0	0	0	786	0	0	0	0	0	0	0	0	120	0	0	0	0	0	0	0	0	2135	0	0	0	0	0	0	0	0	0.000306	0.0	0.0	0.0	0.007751	0.0	0.0	0.0	0.0	0.038017	0.0	0.0	0.0	0.961983	0.0	0.0	0.0	0.0	
317	5294	5417.514322648	4640.639	4640.639	0.002983	0.0	4975	0	0	0	315	0	0	0	0	0.0	0.0	0.0	0.0	0.12588	0.0	0.0	0.0	0.0	2.33765	0.0	0.0	0.0	5381.01	0.0	0.0	0.0	0.0	0.00047	0.0	0.0	0.0	17.0826	0.0	0.0	0.0	0.0	52	0	0	0	78	0	0	0	0	197	0	0	0	21	0	0	0	0	1685	0	0	0	216	0	0	0	0	786	0	0	0	0	0	0	0	0	120	0	0	0	0	0	0	0	0	2135	0	0	0	0	0	0	0	0	0.000306	0.0	0.0	0.0	0.007369	0.0	0.0	0.0	0.0	0.039912	0.0	0.0	0.0	0.960088	0.0	0.0	0.0	0.0	
318	5295	5441.659093562	4640.639	4640.639	0.00297	0.0	4975	0	0	0	316	0	0	0	0	0.0	0.0	0.0	0.0	0.119324	0.0	0.0	0.0	0.0	2.33765	0.0	0.0	0.0	5405.15	0.0	0.0	0.0	0.0	0.00047	0.0	0.0	0.0	17.1049	0.0	0.0	0.0	0.0	52	0	0	0	78	0	0	0	0	197	0	0	0	21	0	0	0	0	1685	0	0	0	217	0	0	0	0	786	0	0	0	0	0	0	0	0	120	0	0	0	0	0	0	0	0	2135	0	0	0	0	0	0	0	0	0.000306	0.0	0.0	0.0	0.006976	0.0	0.0	0.0	0.0	0.042065	0.0	0.0	0.0	0.957935	0.0	0.0	0.0	0.0	
319	5296	5449.25549864	4640.639	4640.639	0.002835	0.0	4975	0	0	0	317	0	0	0	0	0.0	0.0	0.0	0.0	0.113096	0.0	0.0	0.0	0.0	2.33765	0.0	0.0	0.0	5412.75	0.0	0.0	0.0	0.0	0.00047	0.0	0.0	0.0	17.0749	0.0	0.0	0.0	0.0	52	0	0	0	78	0	0	0	0	197	0	0	0	21	0	0	0	0	1685	0	0	0	218	0	0	0	0	786	0	0	0	0	0	0	0	0	120	0	0	0	0	0	0	0	0	2135	0	0	0	0	0	0	0	0	0.000306	0.0	0.0	0.0	0.006624	0.0	0.0	0.0	0.0	0.044205	0.0	0.0	0.0	0.955795	0.0	0.0	0.0	0.0	
320	5297	5463.000979062	4640.639	4640.639	0.002794	0.0	4975	0	0	0	318	0	0	0	0	0.0	0.0	0.0	0.0	0.10718	0.0	0.0	0.0	0.0	2.33765	0.0	0.0	0.0	5426.49	0.0	0.0	0.0	0.0	0.00047	0.0	0.0	0.0	17.0644	0.0	0.0	0.0	0.0	52	0	0	0	78	0	0	0	0	197	0	0	0	21	0	0	0	0	1685	0	0	0	219	0	0	0	0	786	0	0	0	0	0	0	0	0	120	0	0	0	0	0	0	0	0	2135	0	0	0	0	0	0	0	0	0.000306	0.0	0.0	0.0	0.006281	0.0	0.0	0.0	0.0	0.046504	0.0	0.0	0.0	0.953496	0.0	0.0	0.0	0.0	
321	5298	5534.444714509	4640.639	4640.639	0.002721	0.0	4975	0	0	0	319	0	0	0	0	0.0	0.0	0.0	0.0	0.101559	0.0	0.0	0.0	0.0	2.33765	0.0	0.0	0.0	5497.94	0.0	0.0	0.0	0.0	0.00047	0.0	0.0	0.0	17.2349	0.0	0.0	0.0	0.0	52	0	0	0	78	0	0	0	0	197	0	0	0	21	0	0	0	0	1685	0	0	0	220	0	0	0	0	786	0	0	0	0	0	0	0	0	120	0	0	0	0	0	0	0	0	2135	0	0	0	0	0	0	0	0	0.000306	0.0	0.0	0.0	0.005893	0.0	0.0	0.0	0.0	0.049417	0.0	0.0	0.0	0.950583	0.0	0.0	0.0	0.0	
322	5299	5539.059883359	4640.639	4640.639	0.002372	0.0	4975	0	0	0	320	0	0	0	0	0.0	0.0	0.0	0.0	0.096217	0.0	0.0	0.0	0.0	2.33765	0.0	0.0	0.0	5502.55	0.0	0.0	0.0	0.0	0.00047	0.0	0.0	0.0	17.1955	0.0	0.0	0.0	0.0	52	0	0	0	78	0	0	0	0	197	0	0	0	21	0	0	0	0	1685	0	0	0	221	0	0	0	0	786	0	0	0	0	0	0	0	0	120	0	0	0	0	0	0	0	0	2135	0	0	0	0	0	0	0	0	0.000306	0.0	0.0	0.0	0.005596	0.0	0.0	0.0	0.0	0.051905	0.0	0.0	0.0	0.948095	0.0	0.0	0.0	0.0	
323	5300	5541.16687941	4640.639	4640.639	0.002351	0.0	4975	0	0	0	321	0	0	0	0	0.0	0.0	0.0	0.0	0.091143	0.0	0.0	0.0	0.0	2.33765	0.0	0.0	0.0	5504.66	0.0	0.0	0.0	0.0	0.00047	0.0	0.0	0.0	17.1485	0.0	0.0	0.0	0.0	52	0	0	0	78	0	0	0	0	197	0	0	0	21	0	0	0	0	1685	0	0	0	222	0	0	0	0	786	0	0	0	0	0	0	0	0	120	0	0	0	0	0	0	0	0	2135	0	0	0	0	0	0	0	0	0.000306	0.0	0.0	0.0	0.005315	0.0	0.0	0.0	0.0	0.054495	0.0	0.0	0.0	0.945505	0.0	0.0	0.0	0.0	
324	5302	5721.273842039	4640.639	4640.639	0.002341	0.0	4976	0	0	0	322	0	0	0	0	0.0	0.0	0.0	0.0	0.08635	0.0	0.0	0.0	0.0	2.3382	0.0	0.0	0.0	5684.77	0.0	0.0	0.0	0.0	0.00047	0.0	0.0	0.0	17.6546	0.0	0.0	0.0	0.0	52	0	0	0	78	0	0	0	0	197	0	0	0	21	0	0	0	0	1685	0	0	0	223	0	0	0	0	787	0	0	0	0	0	0	0	0	120	0	0	0	0	0	0	0	0	2135	0	0	0	0	0	0	0	0	0.000276	0.0	0.0	0.0	0.004891	0.0	0.0	0.0	0.0	0.053358	0.0	0.0	0.0	0.946642	0.0	0.0	0.0	0.0	
325	5303	5730.046170036	4640.639	4640.639	0.001656	0.0	4976	0	0	0	323	0	0	0	0	0.0	0.0	0.0	0.0	0.081789	0.0	0.0	0.0	0.0	2.3382	0.0	0.0	0.0	5693.54	0.0	0.0	0.0	0.0	0.00047	0.0	0.0	0.0	17.6271	0.0	0.0	0.0	0.0	52	0	0	0	78	0	0	0	0	197	0	0	0	21	0	0	0	0	1685	0	0	0	224	0	0	0	0	787	0	0	0	0	0	0	0	0	120	0	0	0	0	0	0	0	0	2135	0	0	0	0	0	0	0	0	0.000276	0.0	0.0	0.0	0.00464	0.0	0.0	0.0	0.0	0.056084	0.0	0.0	0.0	0.943916	0.0	0.0	0.0	0.0	
326	5304	5739.341785078	4640.639	4640.639	0.001628	0.0	4976	0	0	0	324	0	0	0	0	0.0	0.0	0.0	0.0	0.077456	0.0	0.0	0.0	0.0	2.3382	0.0	0.0	0.0	5702.83	0.0	0.0	0.0	0.0	0.00047	0.0	0.0	0.0	17.6013	0.0	0.0	0.0	0.0	52	0	0	0	78	0	0	0	0	197	0	0	0	21	0	0	0	0	1685	0	0	0	225	0	0	0	0	787	0	0	0	0	0	0	0	0	120	0	0	0	0	0	0	0	0	2135	0	0	0	0	0	0	0	0	0.000276	0.0	0.0	0.0	0.004401	0.0	0.0	0.0	0.0	0.058955	0.0	0.0	0.0	0.941045	0.0	0.0	0.0	0.0	
327	5305	5742.97619872	4640.639	4640.639	0.001599	0.0	4976	0	0	0	325	0	0	0	0	0.0	0.0	0.0	0.0	0.073341	0.0	0.0	0.0	0.0	2.3382	0.0	0.0	0.0	5706.47	0.0	0.0	0.0	0.0	0.00047	0.0	0.0	0.0	17.5584	0.0	0.0	0.0	0.0	52	0	0	0	78	0	0	0	0	197	0	0	0	21	0	0	0	0	1685	0	0	0	226	0	0	0	0	787	0	0	0	0	0	0	0	0	120	0	0	0	0	0	0	0	0	2135	0	0	0	0	0	0	0	0	0.000276	0.0	0.0	0.0	0.004177	0.0	0.0	0.0	0.0	0.061916	0.0	0.0	0.0	0.938084	0.0	0.0	0.0	0.0	
328	5306	5745.10260225	4640.639	4640.639	0.001588	0.0	4976	0	0	0	326	0	0	0	0	0.0	0.0	0.0	0.0	0.069432	0.0	0.0	0.0	0.0	2.3382	0.0	0.0	0.0	5708.59	0.0	0.0	0.0	0.0	0.00047	0.0	0.0	0.0	17.511	0.0	0.0	0.0	0.0	52	0	0	0	78	0	0	0	0	197	0	0	0	21	0	0	0	0	1685	0	0	0	227	0	0	0	0	787	0	0	0	0	0	0	0	0	120	0	0	0	0	0	0	0	0	2135	0	0	0	0	0	0	0	0	0.000276	0.0	0.0	0.0	0.003965	0.0	0.0	0.0	0.0	0.06501	0.0	0.0	0.0	0.93499	0.0	0.0	0.0	0.0	
329	5307	5753.397524713	4640.639	4640.639	0.001581	0.0	4976	0	0	0	327	0	0	0	0	0.0	0.0	0.0	0.0	0.065719	0.0	0.0	0.0	0.0	2.3382	0.0	0.0	0.0	5716.89	0.0	0.0	0.0	0.0	0.00047	0.0	0.0	0.0	17.4828	0.0	0.0	0.0	0.0	52	0	0	0	78	0	0	0	0	197	0	0	0	21	0	0	0	0	1685	0	0	0	228	0	0	0	0	787	0	0	0	0	0	0	0	0	120	0	0	0	0	0	0	0	0	2135	0	0	0	0	0	0	0	0	0.000276	0.0	0.0	0.0	0.003759	0.0	0.0	0.0	0.0	0.068329	0.0	0.0	0.0	0.931671	0.0	0.0	0.0	0.0	
330	5308	5756.52034885	4640.639	4640.639	0.001556	0.0	4976	0	0	0	328	0	0	0	0	0.0	0.0	0.0	0.0	0.062192	0.0	0.0	0.0	0.0	2.3382	0.0	0.0	0.0	5720.01	0.0	0.0	0.0	0.0	0.00047	0.0	0.0	0.0	17.4391	0.0	0.0	0.0	0.0	52	0	0	0	78	0	0	0	0	197	0	0	0	21	0	0	0	0	1685	0	0	0	229	0	0	0	0	787	0	0	0	0	0	0	0	0	120	0	0	0	0	0	0	0	0	2135	0	0	0	0	0	0	0	0	0.000276	0.0	0.0	0.0	0.003566	0.0	0.0	0.0	0.0	0.071758	0.0	0.0	0.0	0.928242	0.0	0.0	0.0	0.0	
331	5309	5758.73338369	4640.639	4640.639	0.001547	0.0	4976	0	0	0	329	0	0	0	0	0.0	0.0	0.0	0.0	0.058842	0.0	0.0	0.0	0.0	2.3382	0.0	0.0	0.0	5722.22	0.0	0.0	0.0	0.0	0.00047	0.0	0.0	0.0	17.3928	0.0	0.0	0.0	0.0	52	0	0	0	78	0	0	0	0	197	0	0	0	21	0	0	0	0	1685	0	0	0	230	0	0	0	0	787	0	0	0	0	0	0	0	0	120	0	0	0	0	0	0	0	0	2135	0	0	0	0	0	0	0	0	0.000276	0.0	0.0	0.0	0.003383	0.0	0.0	0.0	0.0	0.07535	0.0	0.0	0.0	0.92465	0.0	0.0	0.0	0.0	
332	5311	5769.926984958	4640.639	4640.639	0.00154	0.0	4977	0	0	0	330	0	0	0	0	0.0	0.0	0.0	0.0	0.055684	0.0	0.0	0.0	0.0	2.33842	0.0	0.0	0.0	5733.42	0.0	0.0	0.0	0.0	0.00047	0.0	0.0	0.0	17.374	0.0	0.0	0.0	0.0	52	0	0	0	78	0	0	0	0	197	0	0	0	21	0	0	0	0	1685	0	0	0	231	0	0	0	0	787	0	0	0	0	0	0	0	0	120	0	0	0	0	0	0	0	0	2136	0	0	0	0	0	0	0	0	0.000248	0.0	0.0	0.0	0.003205	0.0	0.0	0.0	0.0	0.071861	0.0	0.0	0.0	0.928139	0.0	0.0	0.0	0.0	
333	5312	5773.071694866	4640.639	4640.639	0.001508	0.0	4977	0	0	0	331	0	0	0	0	0.0	0.0	0.0	0.0	0.052684	0.0	0.0	0.0	0.0	2.33842	0.0	0.0	0.0	5736.56	0.0	0.0	0.0	0.0	0.00047	0.0	0.0	0.0	17.331	0.0	0.0	0.0	0.0	52	0	0	0	78	0	0	0	0	197	0	0	0	21	0	0	0	0	1685	0	0	0	232	0	0	0	0	787	0	0	0	0	0	0	0	0	120	0	0	0	0	0	0	0	0	2136	0	0	0	0	0	0	0	0	0.000248	0.0	0.0	0.0	0.00304	0.0	0.0	0.0	0.0	0.07547	0.0	0.0	0.0	0.92453	0.0	0.0	0.0	0.0	
334	5313	5780.233085259	4640.639	4640.639	0.001498	0.0	4977	0	0	0	332	0	0	0	0	0.0	0.0	0.0	0.0	0.049835	0.0	0.0	0.0	0.0	2.33842	0.0	0.0	0.0	5743.72	0.0	0.0	0.0	0.0	0.00047	0.0	0.0	0.0	17.3004	0.0	0.0	0.0	0.0	52	0	0	0	78	0	0	0	0	197	0	0	0	21	0	0	0	0	1685	0	0	0	233	0	0	0	0	787	0	0	0	0	0	0	0	0	120	0	0	0	0	0	0	0	0	2136	0	0	0	0	0	0	0	0	0.000248	0.0	0.0	0.0	0.002881	0.0	0.0	0.0	0.0	0.079313	0.0	0.0	0.0	0.920687	0.0	0.0	0.0	0.0	
335	5314	5786.251949254	4640.639	4640.639	0.001478	0.0	4977	0	0	0	333	0	0	0	0	0.0	0.0	0.0	0.0	0.047129	0.0	0.0	0.0	0.0	2.33842	0.0	0.0	0.0	5749.74	0.0	0.0	0.0	0.0	0.00047	0.0	0.0	0.0	17.2665	0.0	0.0	0.0	0.0	52	0	0	0	78	0	0	0	0	197	0	0	0	21	0	0	0	0	1685	0	0	0	234	0	0	0	0	787	0	0	0	0	0	0	0	0	120	0	0	0	0	0	0	0	0	2136	0	0	0	0	0	0	0	0	0.000248	0.0	0.0	0.0	0.002729	0.0	0.0	0.0	0.0	0.083337	0.0	0.0	0.0	0.916663	0.0	0.0	0.0	0.0	
336	5315	5791.588587078	4640.639	4640.639	0.001461	0.0	4977	0	0	0	334	0	0	0	0	0.0	0.0	0.0	0.0	0.044558	0.0	0.0	0.0	0.0	2.33842	0.0	0.0	0.0	5755.08	0.0	0.0	0.0	0.0	0.00047	0.0	0.0	0.0	17.2308	0.0	0.0	0.0	0.0	52	0	0	0	78	0	0	0	0	197	0	0	0	21	0	0	0	0	1685	0	0	0	235	0	0	0	0	787	0	0	0	0	0	0	0	0	120	0	0	0	0	0	0	0	0	2136	0	0	0	0	0	0	0	0	0.000248	0.0	0.0	0.0	0.002586	0.0	0.0	0.0	0.0	0.087558	0.0	0.0	0.0	0.912442	0.0	0.0	0.0	0.0	
337	5316	5799.63010027	4640.639	4640.639	0.001446	0.0	4977	0	0	0	335	0	0	0	0	0.0	0.0	0.0	0.0	0.042116	0.0	0.0	0.0	0.0	2.33842	0.0	0.0	0.0	5763.12	0.0	0.0	0.0	0.0	0.00047	0.0	0.0	0.0	17.2033	0.0	0.0	0.0	0.0	52	0	0	0	78	0	0	0	0	197	0	0	0	21	0	0	0	0	1685	0	0	0	236	0	0	0	0	787	0	0	0	0	0	0	0	0	120	0	0	0	0	0	0	0	0	2136	0	0	0	0	0	0	0	0	0.000248	0.0	0.0	0.0	0.002448	0.0	0.0	0.0	0.0	0.092033	0.0	0.0	0.0	0.907967	0.0	0.0	0.0	0.0	
338	5317	5804.27884831	4640.639	4640.639	0.001424	0.0	4977	0	0	0	336	0	0	0	0	0.0	0.0	0.0	0.0	0.039797	0.0	0.0	0.0	0.0	2.33842	0.0	0.0	0.0	5767.77	0.0	0.0	0.0	0.0	0.00047	0.0	0.0	0.0	17.166	0.0	0.0	0.0	0.0	52	0	0	0	78	0	0	0	0	197	0	0	0	21	0	0	0	0	1685	0	0	0	237	0	0	0	0	787	0	0	0	0	0	0	0	0	120	0	0	0	0	0	0	0	0	2136	0	0	0	0	0	0	0	0	0.000248	0.0	0.0	0.0	0.002318	0.0	0.0	0.0	0.0	0.096687	0.0	0.0	0.0	0.903313	0.0	0.0	0.0	0.0	
339	5318	5809.342002128	4640.639	4640.639	0.001411	0.0	4977	0	0	0	337	0	0	0	0	0.0	0.0	0.0	0.0	0.037594	0.0	0.0	0.0	0.0	2.33842	0.0	0.0	0.0	5772.83	0.0	0.0	0.0	0.0	0.00047	0.0	0.0	0.0	17.1301	0.0	0.0	0.0	0.0	52	0	0	0	78	0	0	0	0	197	0	0	0	21	0	0	0	0	1685	0	0	0	238	0	0	0	0	787	0	0	0	0	0	0	0	0	120	0	0	0	0	0	0	0	0	2136	0	0	0	0	0	0	0	0	0.000248	0.0	0.0	0.0	0.002195	0.0	0.0	0.0	0.0	0.101584	0.0	0.0	0.0	0.898416	0.0	0.0	0.0	0.0	
340	5319	5811.606845192	4640.639	4640.639	0.001397	0.0	4977	0	0	0	338	0	0	0	0	0.0	0.0	0.0	0.0	0.035502	0.0	0.0	0.0	0.0	2.33842	0.0	0.0	0.0	5775.1	0.0	0.0	0.0	0.0	0.00047	0.0	0.0	0.0	17.0861	0.0	0.0	0.0	0.0	52	0	0	0	78	0	0	0	0	197	0	0	0	21	0	0	0	0	1685	0	0	0	239	0	0	0	0	787	0	0	0	0	0	0	0	0	120	0	0	0	0	0	0	0	0	2136	0	0	0	0	0	0	0	0	0.000248	0.0	0.0	0.0	0.002078	0.0	0.0	0.0	0.0	0.106685	0.0	0.0	0.0	0.893315	0.0	0.0	0.0	0.0	
341	5320	5816.178502718	4640.639	4640.639	0.001391	0.0	4977	0	0	0	339	0	0	0	0	0.0	0.0	0.0	0.0	0.033515	0.0	0.0	0.0	0.0	2.33842	0.0	0.0	0.0	5779.67	0.0	0.0	0.0	0.0	0.00047	0.0	0.0	0.0	17.0492	0.0	0.0	0.0	0.0	52	0	0	0	78	0	0	0	0	197	0	0	0	21	0	0	0	0	1685	0	0	0	240	0	0	0	0	787	0	0	0	0	0	0	0	0	120	0	0	0	0	0	0	0	0	2136	0	0	0	0	0	0	0	0	0.000248	0.0	0.0	0.0	0.001966	0.0	0.0	0.0	0.0	0.112085	0.0	0.0	0.0	0.887915	0.0	0.0	0.0	0.0	
342	5321	5873.136237026	4640.639	4640.639	0.001379	0.0	4977	0	0	0	340	0	0	0	0	0.0	0.0	0.0	0.0	0.031628	0.0	0.0	0.0	0.0	2.33842	0.0	0.0	0.0	5836.63	0.0	0.0	0.0	0.0	0.00047	0.0	0.0	0.0	17.1666	0.0	0.0	0.0	0.0	52	0	0	0	78	0	0	0	0	197	0	0	0	21	0	0	0	0	1685	0	0	0	241	0	0	0	0	787	0	0	0	0	0	0	0	0	120	0	0	0	0	0	0	0	0	2136	0	0	0	0	0	0	0	0	0.000248	0.0	0.0	0.0	0.001842	0.0	0.0	0.0	0.0	0.1187	0.0	0.0	0.0	0.8813	0.0	0.0	0.0	0.0	
343	5322	5877.181126867	4640.639	4640.639	0.001236	0.0	4977	0	0	0	341	0	0	0	0	0.0	0.0	0.0	0.0	0.029833	0.0	0.0	0.0	0.0	2.33842	0.0	0.0	0.0	5840.67	0.0	0.0	0.0	0.0	0.00047	0.0	0.0	0.0	17.1281	0.0	0.0	0.0	0.0	52	0	0	0	78	0	0	0	0	197	0	0	0	21	0	0	0	0	1685	0	0	0	242	0	0	0	0	787	0	0	0	0	0	0	0	0	120	0	0	0	0	0	0	0	0	2136	0	0	0	0	0	0	0	0	0.000248	0.0	0.0	0.0	0.001742	0.0	0.0	0.0	0.0	0.124702	0.0	0.0	0.0	0.875298	0.0	0.0	0.0	0.0	
344	5323	5885.070435153	4640.639	4640.639	0.001226	0.0	4977	0	0	0	342	0	0	0	0	0.0	0.0	0.0	0.0	0.028129	0.0	0.0	0.0	0.0	2.33842	0.0	0.0	0.0	5848.56	0.0	0.0	0.0	0.0	0.00047	0.0	0.0	0.0	17.1011	0.0	0.0	0.0	0.0	52	0	0	0	78	0	0	0	0	197	0	0	0	21	0	0	0	0	1685	0	0	0	243	0	0	0	0	787	0	0	0	0	0	0	0	0	120	0	0	0	0	0	0	0	0	2136	0	0	0	0	0	0	0	0	0.000248	0.0	0.0	0.0	0.001645	0.0	0.0	0.0	0.0	0.131086	0.0	0.0	0.0	0.868914	0.0	0.0	0.0	0.0	
345	5324	5890.539828832	4640.639	4640.639	0.001208	0.0	4977	0	0	0	343	0	0	0	0	0.0	0.0	0.0	0.0	0.02651	0.0	0.0	0.0	0.0	2.33842	0.0	0.0	0.0	5854.03	0.0	0.0	0.0	0.0	0.00047	0.0	0.0	0.0	17.0671	0.0	0.0	0.0	0.0	52	0	0	0	78	0	0	0	0	197	0	0	0	21	0	0	0	0	1685	0	0	0	244	0	0	0	0	787	0	0	0	0	0	0	0	0	120	0	0	0	0	0	0	0	0	2136	0	0	0	0	0	0	0	0	0.000248	0.0	0.0	0.0	0.001553	0.0	0.0	0.0	0.0	0.137749	0.0	0.0	0.0	0.862251	0.0	0.0	0.0	0.0	
346	5325	5892.798170711	4640.639	4640.639	0.001195	0.0	4977	0	0	0	344	0	0	0	0	0.0	0.0	0.0	0.0	0.024973	0.0	0.0	0.0	0.0	2.33842	0.0	0.0	0.0	5856.29	0.0	0.0	0.0	0.0	0.00047	0.0	0.0	0.0	17.0241	0.0	0.0	0.0	0.0	52	0	0	0	78	0	0	0	0	197	0	0	0	21	0	0	0	0	1685	0	0	0	245	0	0	0	0	787	0	0	0	0	0	0	0	0	120	0	0	0	0	0	0	0	0	2136	0	0	0	0	0	0	0	0	0.000248	0.0	0.0	0.0	0.001467	0.0	0.0	0.0	0.0	0.144686	0.0	0.0	0.0	0.855314	0.0	0.0	0.0	0.0	
347	5326	5900.354597738	4640.639	4640.639	0.00119	0.0	4977	0	0	0	345	0	0	0	0	0.0	0.0	0.0	0.0	0.023513	0.0	0.0	0.0	0.0	2.33842	0.0	0.0	0.0	5863.85	0.0	0.0	0.0	0.0	0.00047	0.0	0.0	0.0	16.9967	0.0	0.0	0.0	0.0	52	0	0	0	78	0	0	0	0	197	0	0	0	21	0	0	0	0	1685	0	0	0	246	0	0	0	0	787	0	0	0	0	0	0	0	0	120	0	0	0	0	0	0	0	0	2136	0	0	0	0	0	0	0	0	0.000248	0.0	0.0	0.0	0.001383	0.0	0.0	0.0	0.0	0.152093	0.0	0.0	0.0	0.847907	0.0	0.0	0.0	0.0	
348	5327	5911.120410428	4640.639	4640.639	0.001173	0.0	4977	0	0	0	346	0	0	0	0	0.0	0.0	0.0	0.0	0.022127	0.0	0.0	0.0	0.0	2.33842	0.0	0.0	0.0	5874.61	0.0	0.0	0.0	0.0	0.00047	0.0	0.0	0.0	16.9786	0.0	0.0	0.0	0.0	52	0	0	0	78	0	0	0	0	197	0	0	0	21	0	0	0	0	1685	0	0	0	247	0	0	0	0	787	0	0	0	0	0	0	0	0	120	0	0	0	0	0	0	0	0	2136	0	0	0	0	0	0	0	0	0.000248	0.0	0.0	0.0	0.001303	0.0	0.0	0.0	0.0	0.159955	0.0	0.0	0.0	0.840045	0.0	0.0	0.0	0.0	
349	5329	5919.402008384	4640.639	4640.639	0.001149	0.0	4978	0	0	0	347	0	0	0	0	0.0	0.0	0.0	0.0	0.020829	0.0	0.0	0.0	0.0	2.3388	0.0	0.0	0.0	5882.89	0.0	0.0	0.0	0.0	0.00047	0.0	0.0	0.0	16.9536	0.0	0.0	0.0	0.0	52	0	0	0	78	0	0	0	0	197	0	0	0	21	0	0	0	0	1686	0	0	0	248	0	0	0	0	787	0	0	0	0	0	0	0	0	120	0	0	0	0	0	0	0	0	2136	0	0	0	0	0	0	0	0	0.000225	0.0	0.0	0.0	0.001229	0.0	0.0	0.0	0.0	0.155063	0.0	0.0	0.0	0.844937	0.0	0.0	0.0	0.0	
350	5330	5924.989297407	4640.639	4640.639	0.001131	0.0	4978	0	0	0	348	0	0	0	0	0.0	0.0	0.0	0.0	0.019596	0.0	0.0	0.0	0.0	2.3388	0.0	0.0	0.0	5888.48	0.0	0.0	0.0	0.0	0.00047	0.0	0.0	0.0	16.9209	0.0	0.0	0.0	0.0	52	0	0	0	78	0	0	0	0	197	0	0	0	21	0	0	0	0	1686	0	0	0	249	0	0	0	0	787	0	0	0	0	0	0	0	0	120	0	0	0	0	0	0	0	0	2136	0	0	0	0	0	0	0	0	0.000225	0.0	0.0	0.0	0.001158	0.0	0.0	0.0	0.0	0.16296	0.0	0.0	0.0	0.83704	0.0	0.0	0.0	0.0	
351	5331	5930.463818076	4640.639	4640.639	0.001119	0.0	4978	0	0	0	349	0	0	0	0	0.0	0.0	0.0	0.0	0.018426	0.0	0.0	0.0	0.0	2.3388	0.0	0.0	0.0	5893.95	0.0	0.0	0.0	0.0	0.00047	0.0	0.0	0.0	16.8881	0.0	0.0	0.0	0.0	52	0	0	0	78	0	0	0	0	197	0	0	0	21	0	0	0	0	1686	0	0	0	250	0	0	0	0	787	0	0	0	0	0	0	0	0	120	0	0	0	0	0	0	0	0	2136	0	0	0	0	0	0	0	0	0.000225	0.0	0.0	0.0	0.001091	0.0	0.0	0.0	0.0	0.171262	0.0	0.0	0.0	0.828738	0.0	0.0	0.0	0.0	
352	5332	5940.307074307	4640.639	4640.639	0.001107	0.0	4978	0	0	0	350	0	0	0	0	0.0	0.0	0.0	0.0	0.017314	0.0	0.0	0.0	0.0	2.3388	0.0	0.0	0.0	5903.8	0.0	0.0	0.0	0.0	0.00047	0.0	0.0	0.0	16.868	0.0	0.0	0.0	0.0	52	0	0	0	78	0	0	0	0	197	0	0	0	21	0	0	0	0	1686	0	0	0	251	0	0	0	0	787	0	0	0	0	0	0	0	0	120	0	0	0	0	0	0	0	0	2136	0	0	0	0	0	0	0	0	0.000225	0.0	0.0	0.0	0.001026	0.0	0.0	0.0	0.0	0.180099	0.0	0.0	0.0	0.819901	0.0	0.0	0.0	0.0	
353	5333	5947.113809584	4640.639	4640.639	0.001086	0.0	4978	0	0	0	351	0	0	0	0	0.0	0.0	0.0	0.0	0.016258	0.0	0.0	0.0	0.0	2.3388	0.0	0.0	0.0	5910.6	0.0	0.0	0.0	0.0	0.00047	0.0	0.0	0.0	16.8393	0.0	0.0	0.0	0.0	52	0	0	0	78	0	0	0	0	197	0	0	0	21	0	0	0	0	1686	0	0	0	252	0	0	0	0	787	0	0	0	0	0	0	0	0	120	0	0	0	0	0	0	0	0	2136	0	0	0	0	0	0	0	0	0.000225	0.0	0.0	0.0	0.000965	0.0	0.0	0.0	0.0	0.189317	0.0	0.0	0.0	0.810683	0.0	0.0	0.0	0.0	
354	5335	5954.534737226	4640.639	4640.639	0.001072	0.0	4979	0	0	0	352	0	0	0	0	0.0	0.0	0.0	0.0	0.015274	0.0	0.0	0.0	0.0	2.33903	0.0	0.0	0.0	5918.03	0.0	0.0	0.0	0.0	0.00047	0.0	0.0	0.0	16.8126	0.0	0.0	0.0	0.0	52	0	0	0	78	0	0	0	0	197	0	0	0	21	0	0	0	0	1686	0	0	0	253	0	0	0	0	787	0	0	0	0	0	0	0	0	120	0	0	0	0	0	0	0	0	2137	0	0	0	0	0	0	0	0	0.000203	0.0	0.0	0.0	0.000909	0.0	0.0	0.0	0.0	0.182592	0.0	0.0	0.0	0.817408	0.0	0.0	0.0	0.0	
355	5336	5961.337664317	4640.639	4640.639	0.001057	0.0	4979	0	0	0	353	0	0	0	0	0.0	0.0	0.0	0.0	0.01434	0.0	0.0	0.0	0.0	2.33903	0.0	0.0	0.0	5924.83	0.0	0.0	0.0	0.0	0.00047	0.0	0.0	0.0	16.7842	0.0	0.0	0.0	0.0	52	0	0	0	78	0	0	0	0	197	0	0	0	21	0	0	0	0	1686	0	0	0	254	0	0	0	0	787	0	0	0	0	0	0	0	0	120	0	0	0	0	0	0	0	0	2137	0	0	0	0	0	0	0	0	0.000203	0.0	0.0	0.0	0.000854	0.0	0.0	0.0	0.0	0.19194	0.0	0.0	0.0	0.80806	0.0	0.0	0.0	0.0	
356	5337	5966.461502751	4640.639	4640.639	0.001043	0.0	4979	0	0	0	354	0	0	0	0	0.0	0.0	0.0	0.0	0.013453	0.0	0.0	0.0	0.0	2.33903	0.0	0.0	0.0	5929.95	0.0	0.0	0.0	0.0	0.00047	0.0	0.0	0.0	16.7513	0.0	0.0	0.0	0.0	52	0	0	0	78	0	0	0	0	197	0	0	0	21	0	0	0	0	1686	0	0	0	255	0	0	0	0	787	0	0	0	0	0	0	0	0	120	0	0	0	0	0	0	0	0	2137	0	0	0	0	0	0	0	0	0.000203	0.0	0.0	0.0	0.000803	0.0	0.0	0.0	0.0	0.201726	0.0	0.0	0.0	0.798274	0.0	0.0	0.0	0.0	
357	5338	5974.967119567	4640.639	4640.639	0.001033	0.0	4979	0	0	0	355	0	0	0	0	0.0	0.0	0.0	0.0	0.01261	0.0	0.0	0.0	0.0	2.33903	0.0	0.0	0.0	5938.46	0.0	0.0	0.0	0.0	0.00047	0.0	0.0	0.0	16.728	0.0	0.0	0.0	0.0	52	0	0	0	78	0	0	0	0	197	0	0	0	21	0	0	0	0	1686	0	0	0	256	0	0	0	0	787	0	0	0	0	0	0	0	0	120	0	0	0	0	0	0	0	0	2137	0	0	0	0	0	0	0	0	0.000203	0.0	0.0	0.0	0.000754	0.0	0.0	0.0	0.0	0.212111	0.0	0.0	0.0	0.787889	0.0	0.0	0.0	0.0	
358	5339	5984.050158345	4640.639	4640.639	0.001016	0.0	4979	0	0	0	356	0	0	0	0	0.0	0.0	0.0	0.0	0.01181	0.0	0.0	0.0	0.0	2.33903	0.0	0.0	0.0	5947.54	0.0	0.0	0.0	0.0	0.00047	0.0	0.0	0.0	16.7066	0.0	0.0	0.0	0.0	52	0	0	0	78	0	0	0	0	197	0	0	0	21	0	0	0	0	1686	0	0	0	257	0	0	0	0	787	0	0	0	0	0	0	0	0	120	0	0	0	0	0	0	0	0	2137	0	0	0	0	0	0	0	0	0.000203	0.0	0.0	0.0	0.000707	0.0	0.0	0.0	0.0	0.223052	0.0	0.0	0.0	0.776948	0.0	0.0	0.0	0.0	
359	5341	5987.939903311	4640.639	4640.639	0.000998	0.0	4980	0	0	0	357	0	0	0	0	0.0	0.0	0.0	0.0	0.011067	0.0	0.0	0.0	0.0	2.33923	0.0	0.0	0.0	5951.43	0.0	0.0	0.0	0.0	0.00047	0.0	0.0	0.0	16.6707	0.0	0.0	0.0	0.0	52	0	0	0	78	0	0	0	0	197	0	0	0	21	0	0	0	0	1686	0	0	0	258	0	0	0	0	787	0	0	0	0	0	0	0	0	120	0	0	0	0	0	0	0	0	2138	0	0	0	0	0	0	0	0	0.000183	0.0	0.0	0.0	0.000664	0.0	0.0	0.0	0.0	0.215789	0.0	0.0	0.0	0.784211	0.0	0.0	0.0	0.0	
360	5343	5990.058909468	4640.639	4640.639	0.000991	0.0	4981	0	0	0	358	0	0	0	0	0.0	0.0	0.0	0.0	0.010376	0.0	0.0	0.0	0.0	2.33942	0.0	0.0	0.0	5953.55	0.0	0.0	0.0	0.0	0.00047	0.0	0.0	0.0	16.63	0.0	0.0	0.0	0.0	52	0	0	0	78	0	0	0	0	197	0	0	0	21	0	0	0	0	1686	0	0	0	259	0	0	0	0	787	0	0	0	0	0	0	0	0	120	0	0	0	0	0	0	0	0	2139	0	0	0	0	0	0	0	0	0.000164	0.0	0.0	0.0	0.000624	0.0	0.0	0.0	0.0	0.208557	0.0	0.0	0.0	0.791443	0.0	0.0	0.0	0.0	
361	5344	5997.004342859	4640.639	4640.639	0.000987	0.0	4981	0	0	0	359	0	0	0	0	0.0	0.0	0.0	0.0	0.009721	0.0	0.0	0.0	0.0	2.33942	0.0	0.0	0.0	5960.49	0.0	0.0	0.0	0.0	0.00047	0.0	0.0	0.0	16.603	0.0	0.0	0.0	0.0	52	0	0	0	78	0	0	0	0	197	0	0	0	21	0	0	0	0	1686	0	0	0	260	0	0	0	0	787	0	0	0	0	0	0	0	0	120	0	0	0	0	0	0	0	0	2139	0	0	0	0	0	0	0	0	0.000164	0.0	0.0	0.0	0.000585	0.0	0.0	0.0	0.0	0.219255	0.0	0.0	0.0	0.780745	0.0	0.0	0.0	0.0	
362	5346	5999.130894139	4640.639	4640.639	0.000974	0.0	4982	0	0	0	360	0	0	0	0	0.0	0.0	0.0	0.0	0.009112	0.0	0.0	0.0	0.0	2.33961	0.0	0.0	0.0	5962.62	0.0	0.0	0.0	0.0	0.00047	0.0	0.0	0.0	16.5628	0.0	0.0	0.0	0.0	52	0	0	0	78	0	0	0	0	197	0	0	0	21	0	0	0	0	1686	0	0	0	261	0	0	0	0	787	0	0	0	0	0	0	0	0	120	0	0	0	0	0	0	0	0	2140	0	0	0	0	0	0	0	0	0.000148	0.0	0.0	0.0	0.00055	0.0	0.0	0.0	0.0	0.211987	0.0	0.0	0.0	0.788013	0.0	0.0	0.0	0.0	
363	5347	6003.376880458	4640.639	4640.639	0.00097	0.0	4982	0	0	0	361	0	0	0	0	0.0	0.0	0.0	0.0	0.008534	0.0	0.0	0.0	0.0	2.33961	0.0	0.0	0.0	5966.87	0.0	0.0	0.0	0.0	0.00047	0.0	0.0	0.0	16.5287	0.0	0.0	0.0	0.0	52	0	0	0	78	0	0	0	0	197	0	0	0	21	0	0	0	0	1686	0	0	0	262	0	0	0	0	787	0	0	0	0	0	0	0	0	120	0	0	0	0	0	0	0	0	2140	0	0	0	0	0	0	0	0	0.000148	0.0	0.0	0.0	0.000516	0.0	0.0	0.0	0.0	0.222787	0.0	0.0	0.0	0.777213	0.0	0.0	0.0	0.0	
364	5349	6012.265766584	4637.639	4637.639	0.000962	0.0	4983	0	0	0	362	0	0	0	0	0.0	0.0	0.0	0.0	0.070898	0.0	0.0	0.0	0.0	2.33979	0.0	0.0	0.0	5975.76	0.0	0.0	0.0	0.0	0.00047	0.0	0.0	0.0	16.5076	0.0	0.0	0.0	0.0	52	0	0	0	79	0	0	0	0	197	0	0	0	21	0	0	0	0	1686	0	0	0	262	0	0	0	0	787	0	0	0	0	0	0	0	0	120	0	0	0	0	0	0	0	0	2141	0	0	0	0	0	0	0	0	0.000133	0.0	0.0	0.0	0.004295	0.0	0.0	0.0	0.0	0.030084	0.0	0.0	0.0	0.969916	0.0	0.0	0.0	0.0	
365	5350	6022.944805087	4637.639	4637.639	0.000946	0.0	4983	0	0	0	363	0	0	0	0	0.0	0.0	0.0	0.0	0.067243	0.0	0.0	0.0	0.0	2.33979	0.0	0.0	0.0	5986.43	0.0	0.0	0.0	0.0	0.00047	0.0	0.0	0.0	16.4916	0.0	0.0	0.0	0.0	52	0	0	0	79	0	0	0	0	197	0	0	0	21	0	0	0	0	1686	0	0	0	263	0	0	0	0	787	0	0	0	0	0	0	0	0	120	0	0	0	0	0	0	0	0	2141	0	0	0	0	0	0	0	0	0.000133	0.0	0.0	0.0	0.004077	0.0	0.0	0.0	0.0	0.031638	0.0	0.0	0.0	0.968362	0.0	0.0	0.0	0.0	
366	5351	6040.713753004	4636.639	4636.639	0.000926	0.0	4983	0	0	0	364	0	0	0	0	0.0	0.0	0.0	0.0	0.115405	0.0	0.0	0.0	0.0	2.33979	0.0	0.0	0.0	6004.2	0.0	0.0	0.0	0.0	0.00047	0.0	0.0	0.0	16.4951	0.0	0.0	0.0	0.0	52	0	0	0	80	0	0	0	0	197	0	0	0	21	0	0	0	0	1686	0	0	0	263	0	0	0	0	787	0	0	0	0	0	0	0	0	120	0	0	0	0	0	0	0	0	2141	0	0	0	0	0	0	0	0	0.000133	0.0	0.0	0.0	0.006996	0.0	0.0	0.0	0.0	0.018685	0.0	0.0	0.0	0.981315	0.0	0.0	0.0	0.0	
367	5352	6046.998631631	4636.639	4636.639	0.000895	0.0	4983	0	0	0	365	0	0	0	0	0.0	0.0	0.0	0.0	0.109524	0.0	0.0	0.0	0.0	2.33979	0.0	0.0	0.0	6010.49	0.0	0.0	0.0	0.0	0.00047	0.0	0.0	0.0	16.4671	0.0	0.0	0.0	0.0	52	0	0	0	80	0	0	0	0	197	0	0	0	21	0	0	0	0	1686	0	0	0	264	0	0	0	0	787	0	0	0	0	0	0	0	0	120	0	0	0	0	0	0	0	0	2141	0	0	0	0	0	0	0	0	0.000133	0.0	0.0	0.0	0.006651	0.0	0.0	0.0	0.0	0.019636	0.0	0.0	0.0	0.980364	0.0	0.0	0.0	0.0	
368	5353	6070.529391888	4636.639	4636.639	0.000885	0.0	4983	0	0	0	366	0	0	0	0	0.0	0.0	0.0	0.0	0.103939	0.0	0.0	0.0	0.0	2.33979	0.0	0.0	0.0	6034.02	0.0	0.0	0.0	0.0	0.00047	0.0	0.0	0.0	16.4864	0.0	0.0	0.0	0.0	52	0	0	0	80	0	0	0	0	197	0	0	0	21	0	0	0	0	1686	0	0	0	265	0	0	0	0	787	0	0	0	0	0	0	0	0	120	0	0	0	0	0	0	0	0	2141	0	0	0	0	0	0	0	0	0.000133	0.0	0.0	0.0	0.006305	0.0	0.0	0.0	0.0	0.020693	0.0	0.0	0.0	0.979307	0.0	0.0	0.0	0.0	
369	5354	6076.77957717	4636.639	4636.639	0.000845	0.0	4983	0	0	0	367	0	0	0	0	0.0	0.0	0.0	0.0	0.098632	0.0	0.0	0.0	0.0	2.33979	0.0	0.0	0.0	6040.27	0.0	0.0	0.0	0.0	0.00047	0.0	0.0	0.0	16.4585	0.0	0.0	0.0	0.0	52	0	0	0	80	0	0	0	0	197	0	0	0	21	0	0	0	0	1686	0	0	0	266	0	0	0	0	787	0	0	0	0	0	0	0	0	120	0	0	0	0	0	0	0	0	2141	0	0	0	0	0	0	0	0	0.000133	0.0	0.0	0.0	0.005993	0.0	0.0	0.0	0.0	0.021746	0.0	0.0	0.0	0.978254	0.0	0.0	0.0	0.0	
370	5355	6078.964249878	4636.639	4636.639	0.000835	0.0	4983	0	0	0	368	0	0	0	0	0.0	0.0	0.0	0.0	0.093591	0.0	0.0	0.0	0.0	2.33979	0.0	0.0	0.0	6042.45	0.0	0.0	0.0	0.0	0.00047	0.0	0.0	0.0	16.4197	0.0	0.0	0.0	0.0	52	0	0	0	80	0	0	0	0	197	0	0	0	21	0	0	0	0	1686	0	0	0	267	0	0	0	0	787	0	0	0	0	0	0	0	0	120	0	0	0	0	0	0	0	0	2141	0	0	0	0	0	0	0	0	0.000133	0.0	0.0	0.0	0.0057	0.0	0.0	0.0	0.0	0.022838	0.0	0.0	0.0	0.977162	0.0	0.0	0.0	0.0	
371	5356	6083.853461456	4636.639	4636.639	0.000832	0.0	4983	0	0	0	369	0	0	0	0	0.0	0.0	0.0	0.0	0.088802	0.0	0.0	0.0	0.0	2.33979	0.0	0.0	0.0	6047.34	0.0	0.0	0.0	0.0	0.00047	0.0	0.0	0.0	16.3885	0.0	0.0	0.0	0.0	52	0	0	0	80	0	0	0	0	197	0	0	0	21	0	0	0	0	1686	0	0	0	268	0	0	0	0	787	0	0	0	0	0	0	0	0	120	0	0	0	0	0	0	0	0	2141	0	0	0	0	0	0	0	0	0.000133	0.0	0.0	0.0	0.005419	0.0	0.0	0.0	0.0	0.023995	0.0	0.0	0.0	0.976005	0.0	0.0	0.0	0.0	
372	5357	6094.328606593	4636.639	4636.639	0.000824	0.0	4983	0	0	0	370	0	0	0	0	0.0	0.0	0.0	0.0	0.084252	0.0	0.0	0.0	0.0	2.33979	0.0	0.0	0.0	6057.82	0.0	0.0	0.0	0.0	0.00047	0.0	0.0	0.0	16.3725	0.0	0.0	0.0	0.0	52	0	0	0	80	0	0	0	0	197	0	0	0	21	0	0	0	0	1686	0	0	0	269	0	0	0	0	787	0	0	0	0	0	0	0	0	120	0	0	0	0	0	0	0	0	2141	0	0	0	0	0	0	0	0	0.000133	0.0	0.0	0.0	0.005146	0.0	0.0	0.0	0.0	0.025234	0.0	0.0	0.0	0.974766	0.0	0.0	0.0	0.0	
373	5358	6096.499452856	4636.639	4636.639	0.000808	0.0	4983	0	0	0	371	0	0	0	0	0.0	0.0	0.0	0.0	0.079931	0.0	0.0	0.0	0.0	2.33979	0.0	0.0	0.0	6059.99	0.0	0.0	0.0	0.0	0.00047	0.0	0.0	0.0	16.3342	0.0	0.0	0.0	0.0	52	0	0	0	80	0	0	0	0	197	0	0	0	21	0	0	0	0	1686	0	0	0	270	0	0	0	0	787	0	0	0	0	0	0	0	0	120	0	0	0	0	0	0	0	0	2141	0	0	0	0	0	0	0	0	0.000133	0.0	0.0	0.0	0.004893	0.0	0.0	0.0	0.0	0.026502	0.0	0.0	0.0	0.973498	0.0	0.0	0.0	0.0	
374	5359	6106.658768604	4636.639	4636.639	0.000804	0.0	4983	0	0	0	372	0	0	0	0	0.0	0.0	0.0	0.0	0.075826	0.0	0.0	0.0	0.0	2.33979	0.0	0.0	0.0	6070.15	0.0	0.0	0.0	0.0	0.00047	0.0	0.0	0.0	16.3176	0.0	0.0	0.0	0.0	52	0	0	0	80	0	0	0	0	197	0	0	0	21	0	0	0	0	1686	0	0	0	271	0	0	0	0	787	0	0	0	0	0	0	0	0	120	0	0	0	0	0	0	0	0	2141	0	0	0	0	0	0	0	0	0.000133	0.0	0.0	0.0	0.004647	0.0	0.0	0.0	0.0	0.027869	0.0	0.0	0.0	0.972131	0.0	0.0	0.0	0.0	
375	5360	6110.868346185	4636.639	4636.639	0.000789	0.0	4983	0	0	0	373	0	0	0	0	0.0	0.0	0.0	0.0	0.071926	0.0	0.0	0.0	0.0	2.33979	0.0	0.0	0.0	6074.36	0.0	0.0	0.0	0.0	0.00047	0.0	0.0	0.0	16.2851	0.0	0.0	0.0	0.0	52	0	0	0	80	0	0	0	0	197	0	0	0	21	0	0	0	0	1686	0	0	0	272	0	0	0	0	787	0	0	0	0	0	0	0	0	120	0	0	0	0	0	0	0	0	2141	0	0	0	0	0	0	0	0	0.000133	0.0	0.0	0.0	0.004417	0.0	0.0	0.0	0.0	0.029279	0.0	0.0	0.0	0.970721	0.0	0.0	0.0	0.0	
376	5361	6117.096738757	4636.639	4636.639	0.000782	0.0	4983	0	0	0	374	0	0	0	0	0.0	0.0	0.0	0.0	0.068221	0.0	0.0	0.0	0.0	2.33979	0.0	0.0	0.0	6080.59	0.0	0.0	0.0	0.0	0.00047	0.0	0.0	0.0	16.2583	0.0	0.0	0.0	0.0	52	0	0	0	80	0	0	0	0	197	0	0	0	21	0	0	0	0	1686	0	0	0	273	0	0	0	0	787	0	0	0	0	0	0	0	0	120	0	0	0	0	0	0	0	0	2141	0	0	0	0	0	0	0	0	0.000133	0.0	0.0	0.0	0.004196	0.0	0.0	0.0	0.0	0.030771	0.0	0.0	0.0	0.969229	0.0	0.0	0.0	0.0	
377	5362	6121.778794884	4636.639	4636.639	0.000773	0.0	4983	0	0	0	375	0	0	0	0	0.0	0.0	0.0	0.0	0.064701	0.0	0.0	0.0	0.0	2.33979	0.0	0.0	0.0	6085.27	0.0	0.0	0.0	0.0	0.00047	0.0	0.0	0.0	16.2274	0.0	0.0	0.0	0.0	52	0	0	0	80	0	0	0	0	197	0	0	0	21	0	0	0	0	1686	0	0	0	274	0	0	0	0	787	0	0	0	0	0	0	0	0	120	0	0	0	0	0	0	0	0	2141	0	0	0	0	0	0	0	0	0.000133	0.0	0.0	0.0	0.003987	0.0	0.0	0.0	0.0	0.032331	0.0	0.0	0.0	0.967669	0.0	0.0	0.0	0.0	
378	5363	6124.782274359	4634.639	4634.639	0.000766	0.0	4983	0	0	0	376	0	0	0	0	0.0	0.0	0.0	0.0	0.113029	0.0	0.0	0.0	0.0	2.33979	0.0	0.0	0.0	6088.27	0.0	0.0	0.0	0.0	0.00047	0.0	0.0	0.0	16.1922	0.0	0.0	0.0	0.0	52	0	0	0	81	0	0	0	0	197	0	0	0	21	0	0	0	0	1686	0	0	0	274	0	0	0	0	787	0	0	0	0	0	0	0	0	120	0	0	0	0	0	0	0	0	2141	0	0	0	0	0	0	0	0	0.000133	0.0	0.0	0.0	0.00698	0.0	0.0	0.0	0.0	0.018727	0.0	0.0	0.0	0.981273	0.0	0.0	0.0	0.0	
379	5364	6126.948821979	4634.639	4634.639	0.000762	0.0	4983	0	0	0	377	0	0	0	0	0.0	0.0	0.0	0.0	0.10727	0.0	0.0	0.0	0.0	2.33979	0.0	0.0	0.0	6090.44	0.0	0.0	0.0	0.0	0.00047	0.0	0.0	0.0	16.155	0.0	0.0	0.0	0.0	52	0	0	0	81	0	0	0	0	197	0	0	0	21	0	0	0	0	1686	0	0	0	275	0	0	0	0	787	0	0	0	0	0	0	0	0	120	0	0	0	0	0	0	0	0	2141	0	0	0	0	0	0	0	0	0.000133	0.0	0.0	0.0	0.00664	0.0	0.0	0.0	0.0	0.019668	0.0	0.0	0.0	0.980332	0.0	0.0	0.0	0.0	
380	5365	6134.993629795	4634.639	4634.639	0.000758	0.0	4983	0	0	0	378	0	0	0	0	0.0	0.0	0.0	0.0	0.101798	0.0	0.0	0.0	0.0	2.33979	0.0	0.0	0.0	6098.48	0.0	0.0	0.0	0.0	0.00047	0.0	0.0	0.0	16.1336	0.0	0.0	0.0	0.0	52	0	0	0	81	0	0	0	0	197	0	0	0	21	0	0	0	0	1686	0	0	0	276	0	0	0	0	787	0	0	0	0	0	0	0	0	120	0	0	0	0	0	0	0	0	2141	0	0	0	0	0	0	0	0	0.000133	0.0	0.0	0.0	0.00631	0.0	0.0	0.0	0.0	0.020676	0.0	0.0	0.0	0.979324	0.0	0.0	0.0	0.0	
381	5366	6139.505964469	4634.639	4634.639	0.000747	0.0	4983	0	0	0	379	0	0	0	0	0.0	0.0	0.0	0.0	0.096601	0.0	0.0	0.0	0.0	2.33979	0.0	0.0	0.0	6103.0	0.0	0.0	0.0	0.0	0.00047	0.0	0.0	0.0	16.1029	0.0	0.0	0.0	0.0	52	0	0	0	81	0	0	0	0	197	0	0	0	21	0	0	0	0	1686	0	0	0	277	0	0	0	0	787	0	0	0	0	0	0	0	0	120	0	0	0	0	0	0	0	0	2141	0	0	0	0	0	0	0	0	0.000133	0.0	0.0	0.0	0.005999	0.0	0.0	0.0	0.0	0.021724	0.0	0.0	0.0	0.978276	0.0	0.0	0.0	0.0	
382	5367	6150.640340774	4634.639	4634.639	0.00074	0.0	4983	0	0	0	380	0	0	0	0	0.0	0.0	0.0	0.0	0.091664	0.0	0.0	0.0	0.0	2.33979	0.0	0.0	0.0	6114.13	0.0	0.0	0.0	0.0	0.00047	0.0	0.0	0.0	16.0898	0.0	0.0	0.0	0.0	52	0	0	0	81	0	0	0	0	197	0	0	0	21	0	0	0	0	1686	0	0	0	278	0	0	0	0	787	0	0	0	0	0	0	0	0	120	0	0	0	0	0	0	0	0	2141	0	0	0	0	0	0	0	0	0.000133	0.0	0.0	0.0	0.005697	0.0	0.0	0.0	0.0	0.022849	0.0	0.0	0.0	0.977151	0.0	0.0	0.0	0.0	
383	5368	6164.246125705	4634.639	4634.639	0.000725	0.0	4983	0	0	0	381	0	0	0	0	0.0	0.0	0.0	0.0	0.086973	0.0	0.0	0.0	0.0	2.33979	0.0	0.0	0.0	6127.74	0.0	0.0	0.0	0.0	0.00047	0.0	0.0	0.0	16.0833	0.0	0.0	0.0	0.0	52	0	0	0	81	0	0	0	0	197	0	0	0	21	0	0	0	0	1686	0	0	0	279	0	0	0	0	787	0	0	0	0	0	0	0	0	120	0	0	0	0	0	0	0	0	2141	0	0	0	0	0	0	0	0	0.000133	0.0	0.0	0.0	0.005408	0.0	0.0	0.0	0.0	0.024042	0.0	0.0	0.0	0.975958	0.0	0.0	0.0	0.0	
384	5369	6167.328532921	4634.639	4634.639	0.000706	0.0	4983	0	0	0	382	0	0	0	0	0.0	0.0	0.0	0.0	0.082518	0.0	0.0	0.0	0.0	2.33979	0.0	0.0	0.0	6130.82	0.0	0.0	0.0	0.0	0.00047	0.0	0.0	0.0	16.0493	0.0	0.0	0.0	0.0	52	0	0	0	81	0	0	0	0	197	0	0	0	21	0	0	0	0	1686	0	0	0	280	0	0	0	0	787	0	0	0	0	0	0	0	0	120	0	0	0	0	0	0	0	0	2141	0	0	0	0	0	0	0	0	0.000133	0.0	0.0	0.0	0.005142	0.0	0.0	0.0	0.0	0.025255	0.0	0.0	0.0	0.974745	0.0	0.0	0.0	0.0	
385	5370	6232.849676691	4628.639	4628.639	0.000702	0.0	4983	0	0	0	383	0	0	0	0	0.0	0.0	0.0	0.0	0.12958	0.0	0.0	0.0	0.0	2.33979	0.0	0.0	0.0	6196.34	0.0	0.0	0.0	0.0	0.00047	0.0	0.0	0.0	16.1784	0.0	0.0	0.0	0.0	52	0	0	0	82	0	0	0	0	197	0	0	0	21	0	0	0	0	1686	0	0	0	280	0	0	0	0	787	0	0	0	0	0	0	0	0	120	0	0	0	0	0	0	0	0	2141	0	0	0	0	0	0	0	0	0.000133	0.0	0.0	0.0	0.008009	0.0	0.0	0.0	0.0	0.01636	0.0	0.0	0.0	0.98364	0.0	0.0	0.0	0.0	
386	5371	6242.485573539	4628.639	4628.639	0.000619	0.0	4983	0	0	0	384	0	0	0	0	0.0	0.0	0.0	0.0	0.122994	0.0	0.0	0.0	0.0	2.33979	0.0	0.0	0.0	6205.97	0.0	0.0	0.0	0.0	0.00047	0.0	0.0	0.0	16.1614	0.0	0.0	0.0	0.0	52	0	0	0	82	0	0	0	0	197	0	0	0	21	0	0	0	0	1686	0	0	0	281	0	0	0	0	787	0	0	0	0	0	0	0	0	120	0	0	0	0	0	0	0	0	2141	0	0	0	0	0	0	0	0	0.000133	0.0	0.0	0.0	0.00761	0.0	0.0	0.0	0.0	0.017203	0.0	0.0	0.0	0.982797	0.0	0.0	0.0	0.0	
387	5372	6250.150146515	4628.639	4628.639	0.000607	0.0	4983	0	0	0	385	0	0	0	0	0.0	0.0	0.0	0.0	0.116736	0.0	0.0	0.0	0.0	2.33979	0.0	0.0	0.0	6213.64	0.0	0.0	0.0	0.0	0.00047	0.0	0.0	0.0	16.1393	0.0	0.0	0.0	0.0	52	0	0	0	82	0	0	0	0	197	0	0	0	21	0	0	0	0	1686	0	0	0	282	0	0	0	0	787	0	0	0	0	0	0	0	0	120	0	0	0	0	0	0	0	0	2141	0	0	0	0	0	0	0	0	0.000133	0.0	0.0	0.0	0.007233	0.0	0.0	0.0	0.0	0.018084	0.0	0.0	0.0	0.981916	0.0	0.0	0.0	0.0	
388	5373	6252.339589839	4628.639	4628.639	0.000598	0.0	4983	0	0	0	386	0	0	0	0	0.0	0.0	0.0	0.0	0.110792	0.0	0.0	0.0	0.0	2.33979	0.0	0.0	0.0	6215.83	0.0	0.0	0.0	0.0	0.00047	0.0	0.0	0.0	16.1032	0.0	0.0	0.0	0.0	52	0	0	0	82	0	0	0	0	197	0	0	0	21	0	0	0	0	1686	0	0	0	283	0	0	0	0	787	0	0	0	0	0	0	0	0	120	0	0	0	0	0	0	0	0	2141	0	0	0	0	0	0	0	0	0.000133	0.0	0.0	0.0	0.00688	0.0	0.0	0.0	0.0	0.018994	0.0	0.0	0.0	0.981006	0.0	0.0	0.0	0.0	
389	5374	6261.065055711	4628.639	4628.639	0.000596	0.0	4983	0	0	0	387	0	0	0	0	0.0	0.0	0.0	0.0	0.105145	0.0	0.0	0.0	0.0	2.33979	0.0	0.0	0.0	6224.55	0.0	0.0	0.0	0.0	0.00047	0.0	0.0	0.0	16.0841	0.0	0.0	0.0	0.0	52	0	0	0	82	0	0	0	0	197	0	0	0	21	0	0	0	0	1686	0	0	0	284	0	0	0	0	787	0	0	0	0	0	0	0	0	120	0	0	0	0	0	0	0	0	2141	0	0	0	0	0	0	0	0	0.000133	0.0	0.0	0.0	0.006537	0.0	0.0	0.0	0.0	0.019971	0.0	0.0	0.0	0.980029	0.0	0.0	0.0	0.0	
390	5375	6269.097454539	4628.639	4628.639	0.000586	0.0	4983	0	0	0	388	0	0	0	0	0.0	0.0	0.0	0.0	0.099781	0.0	0.0	0.0	0.0	2.33979	0.0	0.0	0.0	6232.59	0.0	0.0	0.0	0.0	0.00047	0.0	0.0	0.0	16.0634	0.0	0.0	0.0	0.0	52	0	0	0	82	0	0	0	0	197	0	0	0	21	0	0	0	0	1686	0	0	0	285	0	0	0	0	787	0	0	0	0	0	0	0	0	120	0	0	0	0	0	0	0	0	2141	0	0	0	0	0	0	0	0	0.000133	0.0	0.0	0.0	0.006212	0.0	0.0	0.0	0.0	0.020996	0.0	0.0	0.0	0.979004	0.0	0.0	0.0	0.0	
391	5376	6274.302806403	4628.639	4628.639	0.000577	0.0	4983	0	0	0	389	0	0	0	0	0.0	0.0	0.0	0.0	0.094685	0.0	0.0	0.0	0.0	2.33979	0.0	0.0	0.0	6237.79	0.0	0.0	0.0	0.0	0.00047	0.0	0.0	0.0	16.0355	0.0	0.0	0.0	0.0	52	0	0	0	82	0	0	0	0	197	0	0	0	21	0	0	0	0	1686	0	0	0	286	0	0	0	0	787	0	0	0	0	0	0	0	0	120	0	0	0	0	0	0	0	0	2141	0	0	0	0	0	0	0	0	0.000133	0.0	0.0	0.0	0.005905	0.0	0.0	0.0	0.0	0.022063	0.0	0.0	0.0	0.977937	0.0	0.0	0.0	0.0	
392	5377	6279.226590905	4628.639	4628.639	0.000571	0.0	4983	0	0	0	390	0	0	0	0	0.0	0.0	0.0	0.0	0.089844	0.0	0.0	0.0	0.0	2.33979	0.0	0.0	0.0	6242.72	0.0	0.0	0.0	0.0	0.00047	0.0	0.0	0.0	16.007	0.0	0.0	0.0	0.0	52	0	0	0	82	0	0	0	0	197	0	0	0	21	0	0	0	0	1686	0	0	0	287	0	0	0	0	787	0	0	0	0	0	0	0	0	120	0	0	0	0	0	0	0	0	2141	0	0	0	0	0	0	0	0	0.000133	0.0	0.0	0.0	0.005613	0.0	0.0	0.0	0.0	0.023184	0.0	0.0	0.0	0.976816	0.0	0.0	0.0	0.0	
393	5378	6292.608834213	4628.639	4628.639	0.000566	0.0	4983	0	0	0	391	0	0	0	0	0.0	0.0	0.0	0.0	0.085245	0.0	0.0	0.0	0.0	2.33979	0.0	0.0	0.0	6256.1	0.0	0.0	0.0	0.0	0.00047	0.0	0.0	0.0	16.0003	0.0	0.0	0.0	0.0	52	0	0	0	82	0	0	0	0	197	0	0	0	21	0	0	0	0	1686	0	0	0	288	0	0	0	0	787	0	0	0	0	0	0	0	0	120	0	0	0	0	0	0	0	0	2141	0	0	0	0	0	0	0	0	0.000133	0.0	0.0	0.0	0.005328	0.0	0.0	0.0	0.0	0.024394	0.0	0.0	0.0	0.975606	0.0	0.0	0.0	0.0	
394	5379	6294.810154751	4628.639	4628.639	0.000551	0.0	4983	0	0	0	392	0	0	0	0	0.0	0.0	0.0	0.0	0.080876	0.0	0.0	0.0	0.0	2.33979	0.0	0.0	0.0	6258.3	0.0	0.0	0.0	0.0	0.00047	0.0	0.0	0.0	15.965	0.0	0.0	0.0	0.0	52	0	0	0	82	0	0	0	0	197	0	0	0	21	0	0	0	0	1686	0	0	0	289	0	0	0	0	787	0	0	0	0	0	0	0	0	120	0	0	0	0	0	0	0	0	2141	0	0	0	0	0	0	0	0	0.000133	0.0	0.0	0.0	0.005066	0.0	0.0	0.0	0.0	0.025623	0.0	0.0	0.0	0.974377	0.0	0.0	0.0	0.0	
395	5380	6296.912373696	4628.639	4628.639	0.000549	0.0	4983	0	0	0	393	0	0	0	0	0.0	0.0	0.0	0.0	0.076726	0.0	0.0	0.0	0.0	2.33979	0.0	0.0	0.0	6260.4	0.0	0.0	0.0	0.0	0.00047	0.0	0.0	0.0	15.9298	0.0	0.0	0.0	0.0	52	0	0	0	82	0	0	0	0	197	0	0	0	21	0	0	0	0	1686	0	0	0	290	0	0	0	0	787	0	0	0	0	0	0	0	0	120	0	0	0	0	0	0	0	0	2141	0	0	0	0	0	0	0	0	0.000133	0.0	0.0	0.0	0.004817	0.0	0.0	0.0	0.0	0.026914	0.0	0.0	0.0	0.973086	0.0	0.0	0.0	0.0	
396	5381	6304.531070846	4628.639	4628.639	0.000547	0.0	4983	0	0	0	394	0	0	0	0	0.0	0.0	0.0	0.0	0.072783	0.0	0.0	0.0	0.0	2.33979	0.0	0.0	0.0	6268.02	0.0	0.0	0.0	0.0	0.00047	0.0	0.0	0.0	15.9087	0.0	0.0	0.0	0.0	52	0	0	0	82	0	0	0	0	197	0	0	0	21	0	0	0	0	1686	0	0	0	291	0	0	0	0	787	0	0	0	0	0	0	0	0	120	0	0	0	0	0	0	0	0	2141	0	0	0	0	0	0	0	0	0.000133	0.0	0.0	0.0	0.004575	0.0	0.0	0.0	0.0	0.028294	0.0	0.0	0.0	0.971706	0.0	0.0	0.0	0.0	
397	5382	6316.866553718	4628.639	4628.639	0.000539	0.0	4983	0	0	0	395	0	0	0	0	0.0	0.0	0.0	0.0	0.069038	0.0	0.0	0.0	0.0	2.33979	0.0	0.0	0.0	6280.36	0.0	0.0	0.0	0.0	0.00047	0.0	0.0	0.0	15.8996	0.0	0.0	0.0	0.0	52	0	0	0	82	0	0	0	0	197	0	0	0	21	0	0	0	0	1686	0	0	0	292	0	0	0	0	787	0	0	0	0	0	0	0	0	120	0	0	0	0	0	0	0	0	2141	0	0	0	0	0	0	0	0	0.000133	0.0	0.0	0.0	0.004342	0.0	0.0	0.0	0.0	0.029766	0.0	0.0	0.0	0.970234	0.0	0.0	0.0	0.0	
398	5384	6319.029305739	4628.639	4628.639	0.000526	0.0	4984	0	0	0	396	0	0	0	0	0.0	0.0	0.0	0.0	0.065491	0.0	0.0	0.0	0.0	2.34023	0.0	0.0	0.0	6282.52	0.0	0.0	0.0	0.0	0.00047	0.0	0.0	0.0	15.8649	0.0	0.0	0.0	0.0	52	0	0	0	82	0	0	0	0	197	0	0	0	21	0	0	0	0	1686	0	0	0	293	0	0	0	0	788	0	0	0	0	0	0	0	0	120	0	0	0	0	0	0	0	0	2141	0	0	0	0	0	0	0	0	0.00012	0.0	0.0	0.0	0.004128	0.0	0.0	0.0	0.0	0.028224	0.0	0.0	0.0	0.971776	0.0	0.0	0.0	0.0	
399	5385	6324.586720858	4628.639	4628.639	0.000524	0.0	4984	0	0	0	397	0	0	0	0	0.0	0.0	0.0	0.0	0.062121	0.0	0.0	0.0	0.0	2.34023	0.0	0.0	0.0	6288.08	0.0	0.0	0.0	0.0	0.00047	0.0	0.0	0.0	15.839	0.0	0.0	0.0	0.0	52	0	0	0	82	0	0	0	0	197	0	0	0	21	0	0	0	0	1686	0	0	0	294	0	0	0	0	788	0	0	0	0	0	0	0	0	120	0	0	0	0	0	0	0	0	2141	0	0	0	0	0	0	0	0	0.00012	0.0	0.0	0.0	0.003922	0.0	0.0	0.0	0.0	0.029663	0.0	0.0	0.0	0.970337	0.0	0.0	0.0	0.0	
400	5386	6328.901649654	4628.639	4628.639	0.000519	0.0	4984	0	0	0	398	0	0	0	0	0.0	0.0	0.0	0.0	0.05892	0.0	0.0	0.0	0.0	2.34023	0.0	0.0	0.0	6292.39	0.0	0.0	0.0	0.0	0.00047	0.0	0.0	0.0	15.81	0.0	0.0	0.0	0.0	52	0	0	0	82	0	0	0	0	197	0	0	0	21	0	0	0	0	1686	0	0	0	295	0	0	0	0	788	0	0	0	0	0	0	0	0	120	0	0	0	0	0	0	0	0	2141	0	0	0	0	0	0	0	0	0.00012	0.0	0.0	0.0	0.003727	0.0	0.0	0.0	0.0	0.031168	0.0	0.0	0.0	0.968831	0.0	0.0	0.0	0.0	
401	5387	6341.356287231	4628.639	4628.639	0.000514	0.0	4984	0	0	0	399	0	0	0	0	0.0	0.0	0.0	0.0	0.05588	0.0	0.0	0.0	0.0	2.34023	0.0	0.0	0.0	6304.84	0.0	0.0	0.0	0.0	0.00047	0.0	0.0	0.0	15.8016	0.0	0.0	0.0	0.0	52	0	0	0	82	0	0	0	0	197	0	0	0	21	0	0	0	0	1686	0	0	0	296	0	0	0	0	788	0	0	0	0	0	0	0	0	120	0	0	0	0	0	0	0	0	2141	0	0	0	0	0	0	0	0	0.00012	0.0	0.0	0.0	0.003536	0.0	0.0	0.0	0.0	0.032792	0.0	0.0	0.0	0.967208	0.0	0.0	0.0	0.0	
402	5388	6347.376960257	4628.639	4628.639	0.000502	0.0	4984	0	0	0	400	0	0	0	0	0.0	0.0	0.0	0.0	0.052991	0.0	0.0	0.0	0.0	2.34023	0.0	0.0	0.0	6310.87	0.0	0.0	0.0	0.0	0.00047	0.0	0.0	0.0	15.7772	0.0	0.0	0.0	0.0	52	0	0	0	82	0	0	0	0	197	0	0	0	21	0	0	0	0	1686	0	0	0	297	0	0	0	0	788	0	0	0	0	0	0	0	0	120	0	0	0	0	0	0	0	0	2141	0	0	0	0	0	0	0	0	0.00012	0.0	0.0	0.0	0.003359	0.0	0.0	0.0	0.0	0.034466	0.0	0.0	0.0	0.965534	0.0	0.0	0.0	0.0	
403	5389	6355.2194156	4628.639	4628.639	0.000496	0.0	4984	0	0	0	401	0	0	0	0	0.0	0.0	0.0	0.0	0.050247	0.0	0.0	0.0	0.0	2.34023	0.0	0.0	0.0	6318.71	0.0	0.0	0.0	0.0	0.00047	0.0	0.0	0.0	15.7574	0.0	0.0	0.0	0.0	52	0	0	0	82	0	0	0	0	197	0	0	0	21	0	0	0	0	1686	0	0	0	298	0	0	0	0	788	0	0	0	0	0	0	0	0	120	0	0	0	0	0	0	0	0	2141	0	0	0	0	0	0	0	0	0.00012	0.0	0.0	0.0	0.003189	0.0	0.0	0.0	0.0	0.036237	0.0	0.0	0.0	0.963763	0.0	0.0	0.0	0.0	
404	5390	6357.35931298	4628.639	4628.639	0.000489	0.0	4984	0	0	0	402	0	0	0	0	0.0	0.0	0.0	0.0	0.04764	0.0	0.0	0.0	0.0	2.34023	0.0	0.0	0.0	6320.85	0.0	0.0	0.0	0.0	0.00047	0.0	0.0	0.0	15.7235	0.0	0.0	0.0	0.0	52	0	0	0	82	0	0	0	0	197	0	0	0	21	0	0	0	0	1686	0	0	0	299	0	0	0	0	788	0	0	0	0	0	0	0	0	120	0	0	0	0	0	0	0	0	2141	0	0	0	0	0	0	0	0	0.00012	0.0	0.0	0.0	0.00303	0.0	0.0	0.0	0.0	0.038065	0.0	0.0	0.0	0.961935	0.0	0.0	0.0	0.0	
405	5391	6365.275782708	4628.639	4628.639	0.000487	0.0	4984	0	0	0	403	0	0	0	0	0.0	0.0	0.0	0.0	0.045164	0.0	0.0	0.0	0.0	2.34023	0.0	0.0	0.0	6328.76	0.0	0.0	0.0	0.0	0.00047	0.0	0.0	0.0	15.7041	0.0	0.0	0.0	0.0	52	0	0	0	82	0	0	0	0	197	0	0	0	21	0	0	0	0	1686	0	0	0	300	0	0	0	0	788	0	0	0	0	0	0	0	0	120	0	0	0	0	0	0	0	0	2141	0	0	0	0	0	0	0	0	0.00012	0.0	0.0	0.0	0.002876	0.0	0.0	0.0	0.0	0.040021	0.0	0.0	0.0	0.959979	0.0	0.0	0.0	0.0	
406	5392	6368.388384668	4628.639	4628.639	0.000479	0.0	4984	0	0	0	404	0	0	0	0	0.0	0.0	0.0	0.0	0.042811	0.0	0.0	0.0	0.0	2.34023	0.0	0.0	0.0	6331.88	0.0	0.0	0.0	0.0	0.00047	0.0	0.0	0.0	15.673	0.0	0.0	0.0	0.0	52	0	0	0	82	0	0	0	0	197	0	0	0	21	0	0	0	0	1686	0	0	0	301	0	0	0	0	788	0	0	0	0	0	0	0	0	120	0	0	0	0	0	0	0	0	2141	0	0	0	0	0	0	0	0	0.00012	0.0	0.0	0.0	0.002732	0.0	0.0	0.0	0.0	0.042047	0.0	0.0	0.0	0.957953	0.0	0.0	0.0	0.0	
407	5393	6371.223078403	4628.639	4628.639	0.000477	0.0	4984	0	0	0	405	0	0	0	0	0.0	0.0	0.0	0.0	0.040577	0.0	0.0	0.0	0.0	2.34023	0.0	0.0	0.0	6334.71	0.0	0.0	0.0	0.0	0.00047	0.0	0.0	0.0	15.6413	0.0	0.0	0.0	0.0	52	0	0	0	82	0	0	0	0	197	0	0	0	21	0	0	0	0	1686	0	0	0	302	0	0	0	0	788	0	0	0	0	0	0	0	0	120	0	0	0	0	0	0	0	0	2141	0	0	0	0	0	0	0	0	0.00012	0.0	0.0	0.0	0.002594	0.0	0.0	0.0	0.0	0.044175	0.0	0.0	0.0	0.955825	0.0	0.0	0.0	0.0	
408	5394	6373.45155128	4628.639	4628.639	0.000474	0.0	4984	0	0	0	406	0	0	0	0	0.0	0.0	0.0	0.0	0.038454	0.0	0.0	0.0	0.0	2.34023	0.0	0.0	0.0	6336.94	0.0	0.0	0.0	0.0	0.00047	0.0	0.0	0.0	15.6082	0.0	0.0	0.0	0.0	52	0	0	0	82	0	0	0	0	197	0	0	0	21	0	0	0	0	1686	0	0	0	303	0	0	0	0	788	0	0	0	0	0	0	0	0	120	0	0	0	0	0	0	0	0	2141	0	0	0	0	0	0	0	0	0.00012	0.0	0.0	0.0	0.002464	0.0	0.0	0.0	0.0	0.046406	0.0	0.0	0.0	0.953594	0.0	0.0	0.0	0.0	
409	5395	6387.856426737	4622.139	4622.139	0.000472	0.0	4984	0	0	0	407	0	0	0	0	0.0	0.0	0.0	0.0	0.088871	0.0	0.0	0.0	0.0	2.34023	0.0	0.0	0.0	6351.34	0.0	0.0	0.0	0.0	0.00047	0.0	0.0	0.0	15.6053	0.0	0.0	0.0	0.0	52	0	0	0	83	0	0	0	0	197	0	0	0	21	0	0	0	0	1686	0	0	0	303	0	0	0	0	788	0	0	0	0	0	0	0	0	120	0	0	0	0	0	0	0	0	2141	0	0	0	0	0	0	0	0	0.00012	0.0	0.0	0.0	0.005695	0.0	0.0	0.0	0.0	0.020619	0.0	0.0	0.0	0.979381	0.0	0.0	0.0	0.0	
410	5396	6392.722527675	4622.139	4622.139	0.000459	0.0	4984	0	0	0	408	0	0	0	0	0.0	0.0	0.0	0.0	0.084334	0.0	0.0	0.0	0.0	2.34023	0.0	0.0	0.0	6356.21	0.0	0.0	0.0	0.0	0.00047	0.0	0.0	0.0	15.5789	0.0	0.0	0.0	0.0	52	0	0	0	83	0	0	0	0	197	0	0	0	21	0	0	0	0	1686	0	0	0	304	0	0	0	0	788	0	0	0	0	0	0	0	0	120	0	0	0	0	0	0	0	0	2141	0	0	0	0	0	0	0	0	0.00012	0.0	0.0	0.0	0.005413	0.0	0.0	0.0	0.0	0.021668	0.0	0.0	0.0	0.978332	0.0	0.0	0.0	0.0	
411	5397	6396.146501991	4622.139	4622.139	0.000455	0.0	4984	0	0	0	409	0	0	0	0	0.0	0.0	0.0	0.0	0.080024	0.0	0.0	0.0	0.0	2.34023	0.0	0.0	0.0	6359.63	0.0	0.0	0.0	0.0	0.00047	0.0	0.0	0.0	15.5492	0.0	0.0	0.0	0.0	52	0	0	0	83	0	0	0	0	197	0	0	0	21	0	0	0	0	1686	0	0	0	305	0	0	0	0	788	0	0	0	0	0	0	0	0	120	0	0	0	0	0	0	0	0	2141	0	0	0	0	0	0	0	0	0.00012	0.0	0.0	0.0	0.005146	0.0	0.0	0.0	0.0	0.022766	0.0	0.0	0.0	0.977234	0.0	0.0	0.0	0.0	
412	5398	6419.813848892	4622.139	4622.139	0.000452	0.0	4984	0	0	0	410	0	0	0	0	0.0	0.0	0.0	0.0	0.07593	0.0	0.0	0.0	0.0	2.34023	0.0	0.0	0.0	6383.3	0.0	0.0	0.0	0.0	0.00047	0.0	0.0	0.0	15.569	0.0	0.0	0.0	0.0	52	0	0	0	83	0	0	0	0	197	0	0	0	21	0	0	0	0	1686	0	0	0	306	0	0	0	0	788	0	0	0	0	0	0	0	0	120	0	0	0	0	0	0	0	0	2141	0	0	0	0	0	0	0	0	0.00012	0.0	0.0	0.0	0.004877	0.0	0.0	0.0	0.0	0.023994	0.0	0.0	0.0	0.976006	0.0	0.0	0.0	0.0	
413	5399	6429.328314342	4622.139	4622.139	0.000432	0.0	4984	0	0	0	411	0	0	0	0	0.0	0.0	0.0	0.0	0.07204	0.0	0.0	0.0	0.0	2.34023	0.0	0.0	0.0	6392.82	0.0	0.0	0.0	0.0	0.00047	0.0	0.0	0.0	15.5543	0.0	0.0	0.0	0.0	52	0	0	0	83	0	0	0	0	197	0	0	0	21	0	0	0	0	1686	0	0	0	307	0	0	0	0	788	0	0	0	0	0	0	0	0	120	0	0	0	0	0	0	0	0	2141	0	0	0	0	0	0	0	0	0.00012	0.0	0.0	0.0	0.004632	0.0	0.0	0.0	0.0	0.025234	0.0	0.0	0.0	0.974766	0.0	0.0	0.0	0.0	
414	5400	6440.035382561	4622.139	4622.139	0.000424	0.0	4984	0	0	0	412	0	0	0	0	0.0	0.0	0.0	0.0	0.068344	0.0	0.0	0.0	0.0	2.34023	0.0	0.0	0.0	6403.52	0.0	0.0	0.0	0.0	0.00047	0.0	0.0	0.0	15.5425	0.0	0.0	0.0	0.0	52	0	0	0	83	0	0	0	0	197	0	0	0	21	0	0	0	0	1686	0	0	0	308	0	0	0	0	788	0	0	0	0	0	0	0	0	120	0	0	0	0	0	0	0	0	2141	0	0	0	0	0	0	0	0	0.00012	0.0	0.0	0.0	0.004397	0.0	0.0	0.0	0.0	0.026542	0.0	0.0	0.0	0.973458	0.0	0.0	0.0	0.0	
415	5401	6456.201484954	4622.139	4622.139	0.000415	0.0	4984	0	0	0	413	0	0	0	0	0.0	0.0	0.0	0.0	0.064834	0.0	0.0	0.0	0.0	2.34023	0.0	0.0	0.0	6419.69	0.0	0.0	0.0	0.0	0.00047	0.0	0.0	0.0	15.544	0.0	0.0	0.0	0.0	52	0	0	0	83	0	0	0	0	197	0	0	0	21	0	0	0	0	1686	0	0	0	309	0	0	0	0	788	0	0	0	0	0	0	0	0	120	0	0	0	0	0	0	0	0	2141	0	0	0	0	0	0	0	0	0.00012	0.0	0.0	0.0	0.004171	0.0	0.0	0.0	0.0	0.027942	0.0	0.0	0.0	0.972058	0.0	0.0	0.0	0.0	
416	5402	6510.524838387	4622.139	4622.139	0.000403	0.0	4984	0	0	0	414	0	0	0	0	0.0	0.0	0.0	0.0	0.061499	0.0	0.0	0.0	0.0	2.34023	0.0	0.0	0.0	6474.01	0.0	0.0	0.0	0.0	0.00047	0.0	0.0	0.0	15.6377	0.0	0.0	0.0	0.0	52	0	0	0	83	0	0	0	0	197	0	0	0	21	0	0	0	0	1686	0	0	0	310	0	0	0	0	788	0	0	0	0	0	0	0	0	120	0	0	0	0	0	0	0	0	2141	0	0	0	0	0	0	0	0	0.00012	0.0	0.0	0.0	0.003933	0.0	0.0	0.0	0.0	0.029584	0.0	0.0	0.0	0.970416	0.0	0.0	0.0	0.0	
417	5403	6519.431298988	4622.139	4622.139	0.000363	0.0	4984	0	0	0	415	0	0	0	0	0.0	0.0	0.0	0.0	0.05833	0.0	0.0	0.0	0.0	2.34023	0.0	0.0	0.0	6482.92	0.0	0.0	0.0	0.0	0.00047	0.0	0.0	0.0	15.6215	0.0	0.0	0.0	0.0	52	0	0	0	83	0	0	0	0	197	0	0	0	21	0	0	0	0	1686	0	0	0	311	0	0	0	0	788	0	0	0	0	0	0	0	0	120	0	0	0	0	0	0	0	0	2141	0	0	0	0	0	0	0	0	0.00012	0.0	0.0	0.0	0.003734	0.0	0.0	0.0	0.0	0.03111	0.0	0.0	0.0	0.96889	0.0	0.0	0.0	0.0	
418	5404	6528.996020271	4622.139	4622.139	0.000356	0.0	4984	0	0	0	416	0	0	0	0	0.0	0.0	0.0	0.0	0.05532	0.0	0.0	0.0	0.0	2.34023	0.0	0.0	0.0	6492.48	0.0	0.0	0.0	0.0	0.00047	0.0	0.0	0.0	15.6069	0.0	0.0	0.0	0.0	52	0	0	0	83	0	0	0	0	197	0	0	0	21	0	0	0	0	1686	0	0	0	312	0	0	0	0	788	0	0	0	0	0	0	0	0	120	0	0	0	0	0	0	0	0	2141	0	0	0	0	0	0	0	0	0.00012	0.0	0.0	0.0	0.003545	0.0	0.0	0.0	0.0	0.032718	0.0	0.0	0.0	0.967282	0.0	0.0	0.0	0.0	
419	5405	6537.593346851	4622.139	4622.139	0.00035	0.0	4984	0	0	0	417	0	0	0	0	0.0	0.0	0.0	0.0	0.052461	0.0	0.0	0.0	0.0	2.34023	0.0	0.0	0.0	6501.08	0.0	0.0	0.0	0.0	0.00047	0.0	0.0	0.0	15.5901	0.0	0.0	0.0	0.0	52	0	0	0	83	0	0	0	0	197	0	0	0	21	0	0	0	0	1686	0	0	0	313	0	0	0	0	788	0	0	0	0	0	0	0	0	120	0	0	0	0	0	0	0	0	2141	0	0	0	0	0	0	0	0	0.00012	0.0	0.0	0.0	0.003365	0.0	0.0	0.0	0.0	0.034404	0.0	0.0	0.0	0.965596	0.0	0.0	0.0	0.0	
420	5406	6547.754078501	4622.139	4622.139	0.000344	0.0	4984	0	0	0	418	0	0	0	0	0.0	0.0	0.0	0.0	0.049744	0.0	0.0	0.0	0.0	2.34023	0.0	0.0	0.0	6511.24	0.0	0.0	0.0	0.0	0.00047	0.0	0.0	0.0	15.5771	0.0	0.0	0.0	0.0	52	0	0	0	83	0	0	0	0	197	0	0	0	21	0	0	0	0	1686	0	0	0	314	0	0	0	0	788	0	0	0	0	0	0	0	0	120	0	0	0	0	0	0	0	0	2141	0	0	0	0	0	0	0	0	0.00012	0.0	0.0	0.0	0.003193	0.0	0.0	0.0	0.0	0.036186	0.0	0.0	0.0	0.963814	0.0	0.0	0.0	0.0	
421	5407	6551.780975113	4622.139	4622.139	0.000338	0.0	4984	0	0	0	419	0	0	0	0	0.0	0.0	0.0	0.0	0.047164	0.0	0.0	0.0	0.0	2.34023	0.0	0.0	0.0	6515.27	0.0	0.0	0.0	0.0	0.00047	0.0	0.0	0.0	15.5496	0.0	0.0	0.0	0.0	52	0	0	0	83	0	0	0	0	197	0	0	0	21	0	0	0	0	1686	0	0	0	315	0	0	0	0	788	0	0	0	0	0	0	0	0	120	0	0	0	0	0	0	0	0	2141	0	0	0	0	0	0	0	0	0.00012	0.0	0.0	0.0	0.003033	0.0	0.0	0.0	0.0	0.038026	0.0	0.0	0.0	0.961974	0.0	0.0	0.0	0.0	
422	5408	6556.193748173	4622.139	4622.139	0.000335	0.0	4984	0	0	0	420	0	0	0	0	0.0	0.0	0.0	0.0	0.044712	0.0	0.0	0.0	0.0	2.34023	0.0	0.0	0.0	6519.68	0.0	0.0	0.0	0.0	0.00047	0.0	0.0	0.0	15.5231	0.0	0.0	0.0	0.0	52	0	0	0	83	0	0	0	0	197	0	0	0	21	0	0	0	0	1686	0	0	0	316	0	0	0	0	788	0	0	0	0	0	0	0	0	120	0	0	0	0	0	0	0	0	2141	0	0	0	0	0	0	0	0	0.00012	0.0	0.0	0.0	0.00288	0.0	0.0	0.0	0.0	0.039961	0.0	0.0	0.0	0.960039	0.0	0.0	0.0	0.0	
423	5409	6562.565239308	4622.139	4622.139	0.000332	0.0	4984	0	0	0	421	0	0	0	0	0.0	0.0	0.0	0.0	0.042384	0.0	0.0	0.0	0.0	2.34023	0.0	0.0	0.0	6526.05	0.0	0.0	0.0	0.0	0.00047	0.0	0.0	0.0	15.5013	0.0	0.0	0.0	0.0	52	0	0	0	83	0	0	0	0	197	0	0	0	21	0	0	0	0	1686	0	0	0	317	0	0	0	0	788	0	0	0	0	0	0	0	0	120	0	0	0	0	0	0	0	0	2141	0	0	0	0	0	0	0	0	0.00012	0.0	0.0	0.0	0.002734	0.0	0.0	0.0	0.0	0.042008	0.0	0.0	0.0	0.957992	0.0	0.0	0.0	0.0	
424	5410	6564.852894838	4622.139	4622.139	0.000328	0.0	4984	0	0	0	422	0	0	0	0	0.0	0.0	0.0	0.0	0.040172	0.0	0.0	0.0	0.0	2.34023	0.0	0.0	0.0	6528.34	0.0	0.0	0.0	0.0	0.00047	0.0	0.0	0.0	15.47	0.0	0.0	0.0	0.0	52	0	0	0	83	0	0	0	0	197	0	0	0	21	0	0	0	0	1686	0	0	0	318	0	0	0	0	788	0	0	0	0	0	0	0	0	120	0	0	0	0	0	0	0	0	2141	0	0	0	0	0	0	0	0	0.00012	0.0	0.0	0.0	0.002597	0.0	0.0	0.0	0.0	0.044134	0.0	0.0	0.0	0.955866	0.0	0.0	0.0	0.0	
425	5411	6566.962610226	4622.139	4622.139	0.000327	0.0	4984	0	0	0	423	0	0	0	0	0.0	0.0	0.0	0.0	0.03807	0.0	0.0	0.0	0.0	2.34023	0.0	0.0	0.0	6530.45	0.0	0.0	0.0	0.0	0.00047	0.0	0.0	0.0	15.4384	0.0	0.0	0.0	0.0	52	0	0	0	83	0	0	0	0	197	0	0	0	21	0	0	0	0	1686	0	0	0	319	0	0	0	0	788	0	0	0	0	0	0	0	0	120	0	0	0	0	0	0	0	0	2141	0	0	0	0	0	0	0	0	0.00012	0.0	0.0	0.0	0.002466	0.0	0.0	0.0	0.0	0.046366	0.0	0.0	0.0	0.953634	0.0	0.0	0.0	0.0	
426	5412	6747.079384329	4622.139	4622.139	0.000325	0.0	4984	0	0	0	424	0	0	0	0	0.0	0.0	0.0	0.0	0.036074	0.0	0.0	0.0	0.0	2.34023	0.0	0.0	0.0	6710.57	0.0	0.0	0.0	0.0	0.00047	0.0	0.0	0.0	15.8268	0.0	0.0	0.0	0.0	52	0	0	0	83	0	0	0	0	197	0	0	0	21	0	0	0	0	1686	0	0	0	320	0	0	0	0	788	0	0	0	0	0	0	0	0	120	0	0	0	0	0	0	0	0	2141	0	0	0	0	0	0	0	0	0.00012	0.0	0.0	0.0	0.002279	0.0	0.0	0.0	0.0	0.049973	0.0	0.0	0.0	0.950027	0.0	0.0	0.0	0.0	
427	5413	6755.628932003	4622.139	4622.139	0.00023	0.0	4984	0	0	0	425	0	0	0	0	0.0	0.0	0.0	0.0	0.034176	0.0	0.0	0.0	0.0	2.34023	0.0	0.0	0.0	6719.12	0.0	0.0	0.0	0.0	0.00047	0.0	0.0	0.0	15.8097	0.0	0.0	0.0	0.0	52	0	0	0	83	0	0	0	0	197	0	0	0	21	0	0	0	0	1686	0	0	0	321	0	0	0	0	788	0	0	0	0	0	0	0	0	120	0	0	0	0	0	0	0	0	2141	0	0	0	0	0	0	0	0	0.00012	0.0	0.0	0.0	0.002162	0.0	0.0	0.0	0.0	0.052549	0.0	0.0	0.0	0.947451	0.0	0.0	0.0	0.0	
428	5414	6760.487787778	4622.139	4622.139	0.000226	0.0	4984	0	0	0	426	0	0	0	0	0.0	0.0	0.0	0.0	0.032372	0.0	0.0	0.0	0.0	2.34023	0.0	0.0	0.0	6723.98	0.0	0.0	0.0	0.0	0.00047	0.0	0.0	0.0	15.784	0.0	0.0	0.0	0.0	52	0	0	0	83	0	0	0	0	197	0	0	0	21	0	0	0	0	1686	0	0	0	322	0	0	0	0	788	0	0	0	0	0	0	0	0	120	0	0	0	0	0	0	0	0	2141	0	0	0	0	0	0	0	0	0.00012	0.0	0.0	0.0	0.002051	0.0	0.0	0.0	0.0	0.05523	0.0	0.0	0.0	0.94477	0.0	0.0	0.0	0.0	
429	5415	6762.603439896	4622.139	4622.139	0.000224	0.0	4984	0	0	0	427	0	0	0	0	0.0	0.0	0.0	0.0	0.030659	0.0	0.0	0.0	0.0	2.34023	0.0	0.0	0.0	6726.09	0.0	0.0	0.0	0.0	0.00047	0.0	0.0	0.0	15.752	0.0	0.0	0.0	0.0	52	0	0	0	83	0	0	0	0	197	0	0	0	21	0	0	0	0	1686	0	0	0	323	0	0	0	0	788	0	0	0	0	0	0	0	0	120	0	0	0	0	0	0	0	0	2141	0	0	0	0	0	0	0	0	0.00012	0.0	0.0	0.0	0.001946	0.0	0.0	0.0	0.0	0.058026	0.0	0.0	0.0	0.941974	0.0	0.0	0.0	0.0	
430	5416	6794.75374508	4622.139	4622.139	0.000223	0.0	4984	0	0	0	428	0	0	0	0	0.0	0.0	0.0	0.0	0.029031	0.0	0.0	0.0	0.0	2.34023	0.0	0.0	0.0	6758.24	0.0	0.0	0.0	0.0	0.00047	0.0	0.0	0.0	15.7903	0.0	0.0	0.0	0.0	52	0	0	0	83	0	0	0	0	197	0	0	0	21	0	0	0	0	1686	0	0	0	324	0	0	0	0	788	0	0	0	0	0	0	0	0	120	0	0	0	0	0	0	0	0	2141	0	0	0	0	0	0	0	0	0.00012	0.0	0.0	0.0	0.001839	0.0	0.0	0.0	0.0	0.061219	0.0	0.0	0.0	0.938781	0.0	0.0	0.0	0.0	
431	5417	6878.951261381	4622.139	4622.139	0.00021	0.0	4984	0	0	0	429	0	0	0	0	0.0	0.0	0.0	0.0	0.027485	0.0	0.0	0.0	0.0	2.34023	0.0	0.0	0.0	6842.44	0.0	0.0	0.0	0.0	0.00047	0.0	0.0	0.0	15.9497	0.0	0.0	0.0	0.0	52	0	0	0	83	0	0	0	0	197	0	0	0	21	0	0	0	0	1686	0	0	0	325	0	0	0	0	788	0	0	0	0	0	0	0	0	120	0	0	0	0	0	0	0	0	2141	0	0	0	0	0	0	0	0	0.00012	0.0	0.0	0.0	0.001723	0.0	0.0	0.0	0.0	0.06505	0.0	0.0	0.0	0.93495	0.0	0.0	0.0	0.0	
432	5419	6883.642244259	4622.139	4622.139	0.000178	0.0	4985	0	0	0	430	0	0	0	0	0.0	0.0	0.0	0.0	0.026025	0.0	0.0	0.0	0.0	2.34046	0.0	0.0	0.0	6847.13	0.0	0.0	0.0	0.0	0.00047	0.0	0.0	0.0	15.9236	0.0	0.0	0.0	0.0	52	0	0	0	83	0	0	0	0	197	0	0	0	21	0	0	0	0	1686	0	0	0	326	0	0	0	0	788	0	0	0	0	0	0	0	0	120	0	0	0	0	0	0	0	0	2142	0	0	0	0	0	0	0	0	0.000108	0.0	0.0	0.0	0.001634	0.0	0.0	0.0	0.0	0.06194	0.0	0.0	0.0	0.93806	0.0	0.0	0.0	0.0	
433	5420	6885.757459344	4622.139	4622.139	0.000177	0.0	4985	0	0	0	431	0	0	0	0	0.0	0.0	0.0	0.0	0.024638	0.0	0.0	0.0	0.0	2.34046	0.0	0.0	0.0	6849.25	0.0	0.0	0.0	0.0	0.00047	0.0	0.0	0.0	15.8915	0.0	0.0	0.0	0.0	52	0	0	0	83	0	0	0	0	197	0	0	0	21	0	0	0	0	1686	0	0	0	327	0	0	0	0	788	0	0	0	0	0	0	0	0	120	0	0	0	0	0	0	0	0	2142	0	0	0	0	0	0	0	0	0.000108	0.0	0.0	0.0	0.00155	0.0	0.0	0.0	0.0	0.065077	0.0	0.0	0.0	0.934923	0.0	0.0	0.0	0.0	
434	5421	6947.179599416	4622.139	4622.139	0.000176	0.0	4985	0	0	0	432	0	0	0	0	0.0	0.0	0.0	0.0	0.02332	0.0	0.0	0.0	0.0	2.34046	0.0	0.0	0.0	6910.67	0.0	0.0	0.0	0.0	0.00047	0.0	0.0	0.0	15.9969	0.0	0.0	0.0	0.0	52	0	0	0	83	0	0	0	0	197	0	0	0	21	0	0	0	0	1686	0	0	0	328	0	0	0	0	788	0	0	0	0	0	0	0	0	120	0	0	0	0	0	0	0	0	2142	0	0	0	0	0	0	0	0	0.000108	0.0	0.0	0.0	0.001458	0.0	0.0	0.0	0.0	0.068925	0.0	0.0	0.0	0.931075	0.0	0.0	0.0	0.0	
435	5423	6957.136234626	4622.139	4622.139	0.000156	0.0	4986	0	0	0	433	0	0	0	0	0.0	0.0	0.0	0.0	0.022075	0.0	0.0	0.0	0.0	2.34078	0.0	0.0	0.0	6920.62	0.0	0.0	0.0	0.0	0.000469	0.0	0.0	0.0	15.983	0.0	0.0	0.0	0.0	52	0	0	0	83	0	0	0	0	197	0	0	0	21	0	0	0	0	1687	0	0	0	329	0	0	0	0	788	0	0	0	0	0	0	0	0	120	0	0	0	0	0	0	0	0	2142	0	0	0	0	0	0	0	0	9.9e-5	0.0	0.0	0.0	0.001381	0.0	0.0	0.0	0.0	0.06705	0.0	0.0	0.0	0.93295	0.0	0.0	0.0	0.0	
436	5424	6962.263666108	4622.139	4622.139	0.000154	0.0	4986	0	0	0	434	0	0	0	0	0.0	0.0	0.0	0.0	0.020892	0.0	0.0	0.0	0.0	2.34078	0.0	0.0	0.0	6925.75	0.0	0.0	0.0	0.0	0.000469	0.0	0.0	0.0	15.958	0.0	0.0	0.0	0.0	52	0	0	0	83	0	0	0	0	197	0	0	0	21	0	0	0	0	1687	0	0	0	330	0	0	0	0	788	0	0	0	0	0	0	0	0	120	0	0	0	0	0	0	0	0	2142	0	0	0	0	0	0	0	0	9.9e-5	0.0	0.0	0.0	0.001309	0.0	0.0	0.0	0.0	0.070477	0.0	0.0	0.0	0.929523	0.0	0.0	0.0	0.0	
437	5425	6970.740355099	4622.139	4622.139	0.000152	0.0	4986	0	0	0	435	0	0	0	0	0.0	0.0	0.0	0.0	0.019768	0.0	0.0	0.0	0.0	2.34078	0.0	0.0	0.0	6934.23	0.0	0.0	0.0	0.0	0.000469	0.0	0.0	0.0	15.9408	0.0	0.0	0.0	0.0	52	0	0	0	83	0	0	0	0	197	0	0	0	21	0	0	0	0	1687	0	0	0	331	0	0	0	0	788	0	0	0	0	0	0	0	0	120	0	0	0	0	0	0	0	0	2142	0	0	0	0	0	0	0	0	9.9e-5	0.0	0.0	0.0	0.00124	0.0	0.0	0.0	0.0	0.074112	0.0	0.0	0.0	0.925888	0.0	0.0	0.0	0.0	
438	5426	6972.875309416	4622.139	4622.139	0.00015	0.0	4986	0	0	0	436	0	0	0	0	0.0	0.0	0.0	0.0	0.0187	0.0	0.0	0.0	0.0	2.34078	0.0	0.0	0.0	6936.36	0.0	0.0	0.0	0.0	0.000469	0.0	0.0	0.0	15.9091	0.0	0.0	0.0	0.0	52	0	0	0	83	0	0	0	0	197	0	0	0	21	0	0	0	0	1687	0	0	0	332	0	0	0	0	788	0	0	0	0	0	0	0	0	120	0	0	0	0	0	0	0	0	2142	0	0	0	0	0	0	0	0	9.9e-5	0.0	0.0	0.0	0.001175	0.0	0.0	0.0	0.0	0.07787	0.0	0.0	0.0	0.92213	0.0	0.0	0.0	0.0	
439	5427	6985.235052147	4622.139	4622.139	0.000149	0.0	4986	0	0	0	437	0	0	0	0	0.0	0.0	0.0	0.0	0.017686	0.0	0.0	0.0	0.0	2.34078	0.0	0.0	0.0	6948.72	0.0	0.0	0.0	0.0	0.000469	0.0	0.0	0.0	15.901	0.0	0.0	0.0	0.0	52	0	0	0	83	0	0	0	0	197	0	0	0	21	0	0	0	0	1687	0	0	0	333	0	0	0	0	788	0	0	0	0	0	0	0	0	120	0	0	0	0	0	0	0	0	2142	0	0	0	0	0	0	0	0	9.9e-5	0.0	0.0	0.0	0.001112	0.0	0.0	0.0	0.0	0.08193	0.0	0.0	0.0	0.91807	0.0	0.0	0.0	0.0	
440	5428	6994.742382956	4622.139	4622.139	0.000145	0.0	4986	0	0	0	438	0	0	0	0	0.0	0.0	0.0	0.0	0.016723	0.0	0.0	0.0	0.0	2.34078	0.0	0.0	0.0	6958.23	0.0	0.0	0.0	0.0	0.000469	0.0	0.0	0.0	15.8864	0.0	0.0	0.0	0.0	52	0	0	0	83	0	0	0	0	197	0	0	0	21	0	0	0	0	1687	0	0	0	334	0	0	0	0	788	0	0	0	0	0	0	0	0	120	0	0	0	0	0	0	0	0	2142	0	0	0	0	0	0	0	0	9.9e-5	0.0	0.0	0.0	0.001053	0.0	0.0	0.0	0.0	0.086169	0.0	0.0	0.0	0.913831	0.0	0.0	0.0	0.0	
441	5429	7005.500622204	4622.139	4622.139	0.000143	0.0	4986	0	0	0	439	0	0	0	0	0.0	0.0	0.0	0.0	0.015808	0.0	0.0	0.0	0.0	2.34078	0.0	0.0	0.0	6968.99	0.0	0.0	0.0	0.0	0.000469	0.0	0.0	0.0	15.8747	0.0	0.0	0.0	0.0	52	0	0	0	83	0	0	0	0	197	0	0	0	21	0	0	0	0	1687	0	0	0	335	0	0	0	0	788	0	0	0	0	0	0	0	0	120	0	0	0	0	0	0	0	0	2142	0	0	0	0	0	0	0	0	9.9e-5	0.0	0.0	0.0	0.000996	0.0	0.0	0.0	0.0	0.090644	0.0	0.0	0.0	0.909356	0.0	0.0	0.0	0.0	
442	5430	7011.485423262	4622.139	4622.139	0.00014	0.0	4986	0	0	0	440	0	0	0	0	0.0	0.0	0.0	0.0	0.014939	0.0	0.0	0.0	0.0	2.34078	0.0	0.0	0.0	6974.97	0.0	0.0	0.0	0.0	0.000469	0.0	0.0	0.0	15.8522	0.0	0.0	0.0	0.0	52	0	0	0	83	0	0	0	0	197	0	0	0	21	0	0	0	0	1687	0	0	0	336	0	0	0	0	788	0	0	0	0	0	0	0	0	120	0	0	0	0	0	0	0	0	2142	0	0	0	0	0	0	0	0	9.9e-5	0.0	0.0	0.0	0.000942	0.0	0.0	0.0	0.0	0.095292	0.0	0.0	0.0	0.904708	0.0	0.0	0.0	0.0	
443	5431	7021.942192906	4622.139	4622.139	0.000138	0.0	4986	0	0	0	441	0	0	0	0	0.0	0.0	0.0	0.0	0.014113	0.0	0.0	0.0	0.0	2.34078	0.0	0.0	0.0	6985.43	0.0	0.0	0.0	0.0	0.000469	0.0	0.0	0.0	15.84	0.0	0.0	0.0	0.0	52	0	0	0	83	0	0	0	0	197	0	0	0	21	0	0	0	0	1687	0	0	0	337	0	0	0	0	788	0	0	0	0	0	0	0	0	120	0	0	0	0	0	0	0	0	2142	0	0	0	0	0	0	0	0	9.9e-5	0.0	0.0	0.0	0.000891	0.0	0.0	0.0	0.0	0.100238	0.0	0.0	0.0	0.899762	0.0	0.0	0.0	0.0	
444	5432	7024.125743516	4622.139	4622.139	0.000136	0.0	4986	0	0	0	442	0	0	0	0	0.0	0.0	0.0	0.0	0.013329	0.0	0.0	0.0	0.0	2.34078	0.0	0.0	0.0	6987.61	0.0	0.0	0.0	0.0	0.000469	0.0	0.0	0.0	15.8091	0.0	0.0	0.0	0.0	52	0	0	0	83	0	0	0	0	197	0	0	0	21	0	0	0	0	1687	0	0	0	338	0	0	0	0	788	0	0	0	0	0	0	0	0	120	0	0	0	0	0	0	0	0	2142	0	0	0	0	0	0	0	0	9.9e-5	0.0	0.0	0.0	0.000843	0.0	0.0	0.0	0.0	0.10533	0.0	0.0	0.0	0.89467	0.0	0.0	0.0	0.0	
445	5434	7032.654293062	4622.139	4622.139	0.000135	0.0	4987	0	0	0	443	0	0	0	0	0.0	0.0	0.0	0.0	0.012592	0.0	0.0	0.0	0.0	2.34122	0.0	0.0	0.0	6996.14	0.0	0.0	0.0	0.0	0.000469	0.0	0.0	0.0	15.7926	0.0	0.0	0.0	0.0	52	0	0	0	83	0	0	0	0	197	0	0	0	21	0	0	0	0	1687	0	0	0	339	0	0	0	0	789	0	0	0	0	0	0	0	0	120	0	0	0	0	0	0	0	0	2142	0	0	0	0	0	0	0	0	8.9e-5	0.0	0.0	0.0	0.000797	0.0	0.0	0.0	0.0	0.100755	0.0	0.0	0.0	0.899245	0.0	0.0	0.0	0.0	
446	5435	7034.83889963	4622.139	4622.139	0.000133	0.0	4987	0	0	0	444	0	0	0	0	0.0	0.0	0.0	0.0	0.011892	0.0	0.0	0.0	0.0	2.34122	0.0	0.0	0.0	6998.33	0.0	0.0	0.0	0.0	0.000469	0.0	0.0	0.0	15.762	0.0	0.0	0.0	0.0	52	0	0	0	83	0	0	0	0	197	0	0	0	21	0	0	0	0	1687	0	0	0	340	0	0	0	0	789	0	0	0	0	0	0	0	0	120	0	0	0	0	0	0	0	0	2142	0	0	0	0	0	0	0	0	8.9e-5	0.0	0.0	0.0	0.000754	0.0	0.0	0.0	0.0	0.105874	0.0	0.0	0.0	0.894126	0.0	0.0	0.0	0.0	
447	5436	7044.646325034	4622.139	4622.139	0.000132	0.0	4987	0	0	0	445	0	0	0	0	0.0	0.0	0.0	0.0	0.011227	0.0	0.0	0.0	0.0	2.34122	0.0	0.0	0.0	7008.13	0.0	0.0	0.0	0.0	0.000469	0.0	0.0	0.0	15.7486	0.0	0.0	0.0	0.0	52	0	0	0	83	0	0	0	0	197	0	0	0	21	0	0	0	0	1687	0	0	0	341	0	0	0	0	789	0	0	0	0	0	0	0	0	120	0	0	0	0	0	0	0	0	2142	0	0	0	0	0	0	0	0	8.9e-5	0.0	0.0	0.0	0.000713	0.0	0.0	0.0	0.0	0.111362	0.0	0.0	0.0	0.888638	0.0	0.0	0.0	0.0	
448	5437	7050.921281926	4622.139	4622.139	0.00013	0.0	4987	0	0	0	446	0	0	0	0	0.0	0.0	0.0	0.0	0.010595	0.0	0.0	0.0	0.0	2.34122	0.0	0.0	0.0	7014.41	0.0	0.0	0.0	0.0	0.000469	0.0	0.0	0.0	15.7274	0.0	0.0	0.0	0.0	52	0	0	0	83	0	0	0	0	197	0	0	0	21	0	0	0	0	1687	0	0	0	342	0	0	0	0	789	0	0	0	0	0	0	0	0	120	0	0	0	0	0	0	0	0	2142	0	0	0	0	0	0	0	0	8.9e-5	0.0	0.0	0.0	0.000674	0.0	0.0	0.0	0.0	0.117084	0.0	0.0	0.0	0.882916	0.0	0.0	0.0	0.0	
449	5438	7054.558646176	4622.139	4622.139	0.000128	0.0	4987	0	0	0	447	0	0	0	0	0.0	0.0	0.0	0.0	0.009995	0.0	0.0	0.0	0.0	2.34122	0.0	0.0	0.0	7018.05	0.0	0.0	0.0	0.0	0.000469	0.0	0.0	0.0	15.7003	0.0	0.0	0.0	0.0	52	0	0	0	83	0	0	0	0	197	0	0	0	21	0	0	0	0	1687	0	0	0	343	0	0	0	0	789	0	0	0	0	0	0	0	0	120	0	0	0	0	0	0	0	0	2142	0	0	0	0	0	0	0	0	8.9e-5	0.0	0.0	0.0	0.000637	0.0	0.0	0.0	0.0	0.12306	0.0	0.0	0.0	0.87694	0.0	0.0	0.0	0.0	
450	5439	7056.68578159	4622.139	4622.139	0.000127	0.0	4987	0	0	0	448	0	0	0	0	0.0	0.0	0.0	0.0	0.009425	0.0	0.0	0.0	0.0	2.34122	0.0	0.0	0.0	7020.17	0.0	0.0	0.0	0.0	0.000469	0.0	0.0	0.0	15.67	0.0	0.0	0.0	0.0	52	0	0	0	83	0	0	0	0	197	0	0	0	21	0	0	0	0	1687	0	0	0	344	0	0	0	0	789	0	0	0	0	0	0	0	0	120	0	0	0	0	0	0	0	0	2142	0	0	0	0	0	0	0	0	8.9e-5	0.0	0.0	0.0	0.000601	0.0	0.0	0.0	0.0	0.129319	0.0	0.0	0.0	0.870681	0.0	0.0	0.0	0.0	
451	5440	7058.80931828	4622.139	4622.139	0.000127	0.0	4987	0	0	0	449	0	0	0	0	0.0	0.0	0.0	0.0	0.008884	0.0	0.0	0.0	0.0	2.34122	0.0	0.0	0.0	7022.3	0.0	0.0	0.0	0.0	0.000469	0.0	0.0	0.0	15.6399	0.0	0.0	0.0	0.0	52	0	0	0	83	0	0	0	0	197	0	0	0	21	0	0	0	0	1687	0	0	0	345	0	0	0	0	789	0	0	0	0	0	0	0	0	120	0	0	0	0	0	0	0	0	2142	0	0	0	0	0	0	0	0	8.9e-5	0.0	0.0	0.0	0.000568	0.0	0.0	0.0	0.0	0.135899	0.0	0.0	0.0	0.864101	0.0	0.0	0.0	0.0	
452	5441	7064.957549772	4622.139	4622.139	0.000126	0.0	4987	0	0	0	450	0	0	0	0	0.0	0.0	0.0	0.0	0.00837	0.0	0.0	0.0	0.0	2.34122	0.0	0.0	0.0	7028.44	0.0	0.0	0.0	0.0	0.000469	0.0	0.0	0.0	15.6188	0.0	0.0	0.0	0.0	52	0	0	0	83	0	0	0	0	197	0	0	0	21	0	0	0	0	1687	0	0	0	346	0	0	0	0	789	0	0	0	0	0	0	0	0	120	0	0	0	0	0	0	0	0	2142	0	0	0	0	0	0	0	0	8.9e-5	0.0	0.0	0.0	0.000536	0.0	0.0	0.0	0.0	0.142886	0.0	0.0	0.0	0.857114	0.0	0.0	0.0	0.0	
453	5442	7073.768312691	4622.139	4622.139	0.000125	0.0	4987	0	0	0	451	0	0	0	0	0.0	0.0	0.0	0.0	0.007882	0.0	0.0	0.0	0.0	2.34122	0.0	0.0	0.0	7037.25	0.0	0.0	0.0	0.0	0.000469	0.0	0.0	0.0	15.6037	0.0	0.0	0.0	0.0	52	0	0	0	83	0	0	0	0	197	0	0	0	21	0	0	0	0	1687	0	0	0	347	0	0	0	0	789	0	0	0	0	0	0	0	0	120	0	0	0	0	0	0	0	0	2142	0	0	0	0	0	0	0	0	8.9e-5	0.0	0.0	0.0	0.000505	0.0	0.0	0.0	0.0	0.150283	0.0	0.0	0.0	0.849717	0.0	0.0	0.0	0.0	
454	5443	7127.070461234	4622.139	4622.139	0.000123	0.0	4987	0	0	0	452	0	0	0	0	0.0	0.0	0.0	0.0	0.007418	0.0	0.0	0.0	0.0	2.34122	0.0	0.0	0.0	7090.56	0.0	0.0	0.0	0.0	0.000469	0.0	0.0	0.0	15.6871	0.0	0.0	0.0	0.0	52	0	0	0	83	0	0	0	0	197	0	0	0	21	0	0	0	0	1687	0	0	0	348	0	0	0	0	789	0	0	0	0	0	0	0	0	120	0	0	0	0	0	0	0	0	2142	0	0	0	0	0	0	0	0	8.9e-5	0.0	0.0	0.0	0.000473	0.0	0.0	0.0	0.0	0.158904	0.0	0.0	0.0	0.841096	0.0	0.0	0.0	0.0	
455	5444	7130.272787389	4622.139	4622.139	0.000111	0.0	4987	0	0	0	453	0	0	0	0	0.0	0.0	0.0	0.0	0.006977	0.0	0.0	0.0	0.0	2.34122	0.0	0.0	0.0	7093.76	0.0	0.0	0.0	0.0	0.000469	0.0	0.0	0.0	15.6595	0.0	0.0	0.0	0.0	52	0	0	0	83	0	0	0	0	197	0	0	0	21	0	0	0	0	1687	0	0	0	349	0	0	0	0	789	0	0	0	0	0	0	0	0	120	0	0	0	0	0	0	0	0	2142	0	0	0	0	0	0	0	0	8.9e-5	0.0	0.0	0.0	0.000446	0.0	0.0	0.0	0.0	0.167023	0.0	0.0	0.0	0.832977	0.0	0.0	0.0	0.0	
456	5445	7132.382312447	4622.139	4622.139	0.00011	0.0	4987	0	0	0	454	0	0	0	0	0.0	0.0	0.0	0.0	0.006558	0.0	0.0	0.0	0.0	2.34122	0.0	0.0	0.0	7095.87	0.0	0.0	0.0	0.0	0.000469	0.0	0.0	0.0	15.6297	0.0	0.0	0.0	0.0	52	0	0	0	83	0	0	0	0	197	0	0	0	21	0	0	0	0	1687	0	0	0	350	0	0	0	0	789	0	0	0	0	0	0	0	0	120	0	0	0	0	0	0	0	0	2142	0	0	0	0	0	0	0	0	8.9e-5	0.0	0.0	0.0	0.00042	0.0	0.0	0.0	0.0	0.175537	0.0	0.0	0.0	0.824463	0.0	0.0	0.0	0.0	
457	5447	7134.508687991	4622.139	4622.139	0.00011	0.0	4988	0	0	0	455	0	0	0	0	0.0	0.0	0.0	0.0	0.006166	0.0	0.0	0.0	0.0	2.34151	0.0	0.0	0.0	7097.99	0.0	0.0	0.0	0.0	0.000469	0.0	0.0	0.0	15.6	0.0	0.0	0.0	0.0	52	0	0	0	83	0	0	0	0	197	0	0	0	21	0	0	0	0	1688	0	0	0	351	0	0	0	0	789	0	0	0	0	0	0	0	0	120	0	0	0	0	0	0	0	0	2142	0	0	0	0	0	0	0	0	8.3e-5	0.0	0.0	0.0	0.000395	0.0	0.0	0.0	0.0	0.172756	0.0	0.0	0.0	0.827244	0.0	0.0	0.0	0.0	
458	5448	7140.822696688	4622.139	4622.139	0.000109	0.0	4988	0	0	0	456	0	0	0	0	0.0	0.0	0.0	0.0	0.005793	0.0	0.0	0.0	0.0	2.34151	0.0	0.0	0.0	7104.31	0.0	0.0	0.0	0.0	0.000469	0.0	0.0	0.0	15.5796	0.0	0.0	0.0	0.0	52	0	0	0	83	0	0	0	0	197	0	0	0	21	0	0	0	0	1688	0	0	0	352	0	0	0	0	789	0	0	0	0	0	0	0	0	120	0	0	0	0	0	0	0	0	2142	0	0	0	0	0	0	0	0	8.3e-5	0.0	0.0	0.0	0.000372	0.0	0.0	0.0	0.0	0.181654	0.0	0.0	0.0	0.818346	0.0	0.0	0.0	0.0	
459	5449	7145.275298251	4622.139	4622.139	0.000108	0.0	4988	0	0	0	457	0	0	0	0	0.0	0.0	0.0	0.0	0.005439	0.0	0.0	0.0	0.0	2.34151	0.0	0.0	0.0	7108.76	0.0	0.0	0.0	0.0	0.000469	0.0	0.0	0.0	15.5553	0.0	0.0	0.0	0.0	52	0	0	0	83	0	0	0	0	197	0	0	0	21	0	0	0	0	1688	0	0	0	353	0	0	0	0	789	0	0	0	0	0	0	0	0	120	0	0	0	0	0	0	0	0	2142	0	0	0	0	0	0	0	0	8.3e-5	0.0	0.0	0.0	0.00035	0.0	0.0	0.0	0.0	0.190973	0.0	0.0	0.0	0.809027	0.0	0.0	0.0	0.0	
460	5451	7149.944146054	4622.139	4622.139	0.000107	0.0	4989	0	0	0	458	0	0	0	0	0.0	0.0	0.0	0.0	0.005109	0.0	0.0	0.0	0.0	2.34168	0.0	0.0	0.0	7113.43	0.0	0.0	0.0	0.0	0.000469	0.0	0.0	0.0	15.5315	0.0	0.0	0.0	0.0	52	0	0	0	83	0	0	0	0	197	0	0	0	21	0	0	0	0	1688	0	0	0	354	0	0	0	0	789	0	0	0	0	0	0	0	0	120	0	0	0	0	0	0	0	0	2143	0	0	0	0	0	0	0	0	7.4e-5	0.0	0.0	0.0	0.000329	0.0	0.0	0.0	0.0	0.184233	0.0	0.0	0.0	0.815767	0.0	0.0	0.0	0.0	
461	5452	7160.720280913	4622.139	4622.139	0.000106	0.0	4989	0	0	0	459	0	0	0	0	0.0	0.0	0.0	0.0	0.004796	0.0	0.0	0.0	0.0	2.34168	0.0	0.0	0.0	7124.21	0.0	0.0	0.0	0.0	0.000469	0.0	0.0	0.0	15.5211	0.0	0.0	0.0	0.0	52	0	0	0	83	0	0	0	0	197	0	0	0	21	0	0	0	0	1688	0	0	0	355	0	0	0	0	789	0	0	0	0	0	0	0	0	120	0	0	0	0	0	0	0	0	2143	0	0	0	0	0	0	0	0	7.4e-5	0.0	0.0	0.0	0.000309	0.0	0.0	0.0	0.0	0.193826	0.0	0.0	0.0	0.806174	0.0	0.0	0.0	0.0	
462	5453	7165.754356079	4622.139	4622.139	0.000104	0.0	4989	0	0	0	460	0	0	0	0	0.0	0.0	0.0	0.0	0.004499	0.0	0.0	0.0	0.0	2.34168	0.0	0.0	0.0	7129.24	0.0	0.0	0.0	0.0	0.000469	0.0	0.0	0.0	15.4983	0.0	0.0	0.0	0.0	52	0	0	0	83	0	0	0	0	197	0	0	0	21	0	0	0	0	1688	0	0	0	356	0	0	0	0	789	0	0	0	0	0	0	0	0	120	0	0	0	0	0	0	0	0	2143	0	0	0	0	0	0	0	0	7.4e-5	0.0	0.0	0.0	0.00029	0.0	0.0	0.0	0.0	0.203788	0.0	0.0	0.0	0.796212	0.0	0.0	0.0	0.0	
463	5454	7170.250553961	4622.139	4622.139	0.000103	0.0	4989	0	0	0	461	0	0	0	0	0.0	0.0	0.0	0.0	0.004216	0.0	0.0	0.0	0.0	2.34168	0.0	0.0	0.0	7133.74	0.0	0.0	0.0	0.0	0.000469	0.0	0.0	0.0	15.4745	0.0	0.0	0.0	0.0	52	0	0	0	83	0	0	0	0	197	0	0	0	21	0	0	0	0	1688	0	0	0	357	0	0	0	0	789	0	0	0	0	0	0	0	0	120	0	0	0	0	0	0	0	0	2143	0	0	0	0	0	0	0	0	7.4e-5	0.0	0.0	0.0	0.000272	0.0	0.0	0.0	0.0	0.214254	0.0	0.0	0.0	0.785746	0.0	0.0	0.0	0.0	
464	5455	7176.0994152	4622.139	4622.139	0.000102	0.0	4989	0	0	0	462	0	0	0	0	0.0	0.0	0.0	0.0	0.003948	0.0	0.0	0.0	0.0	2.34168	0.0	0.0	0.0	7139.59	0.0	0.0	0.0	0.0	0.000469	0.0	0.0	0.0	15.4536	0.0	0.0	0.0	0.0	52	0	0	0	83	0	0	0	0	197	0	0	0	21	0	0	0	0	1688	0	0	0	358	0	0	0	0	789	0	0	0	0	0	0	0	0	120	0	0	0	0	0	0	0	0	2143	0	0	0	0	0	0	0	0	7.4e-5	0.0	0.0	0.0	0.000255	0.0	0.0	0.0	0.0	0.225296	0.0	0.0	0.0	0.774704	0.0	0.0	0.0	0.0	
465	5456	7178.17187687	4622.139	4622.139	0.000101	0.0	4989	0	0	0	463	0	0	0	0	0.0	0.0	0.0	0.0	0.003693	0.0	0.0	0.0	0.0	2.34168	0.0	0.0	0.0	7141.66	0.0	0.0	0.0	0.0	0.000469	0.0	0.0	0.0	15.4247	0.0	0.0	0.0	0.0	52	0	0	0	83	0	0	0	0	197	0	0	0	21	0	0	0	0	1688	0	0	0	359	0	0	0	0	789	0	0	0	0	0	0	0	0	120	0	0	0	0	0	0	0	0	2143	0	0	0	0	0	0	0	0	7.4e-5	0.0	0.0	0.0	0.000239	0.0	0.0	0.0	0.0	0.236815	0.0	0.0	0.0	0.763185	0.0	0.0	0.0	0.0	
466	5457	7183.303733959	4622.139	4622.139	0.0001	0.0	4989	0	0	0	464	0	0	0	0	0.0	0.0	0.0	0.0	0.003451	0.0	0.0	0.0	0.0	2.34168	0.0	0.0	0.0	7146.79	0.0	0.0	0.0	0.0	0.000469	0.0	0.0	0.0	15.4026	0.0	0.0	0.0	0.0	52	0	0	0	83	0	0	0	0	197	0	0	0	21	0	0	0	0	1688	0	0	0	360	0	0	0	0	789	0	0	0	0	0	0	0	0	120	0	0	0	0	0	0	0	0	2143	0	0	0	0	0	0	0	0	7.4e-5	0.0	0.0	0.0	0.000224	0.0	0.0	0.0	0.0	0.24901	0.0	0.0	0.0	0.75099	0.0	0.0	0.0	0.0	
467	5457	7183.303745916	4622.139	4622.139	9.9e-5	0.0	4989	0	0	0	464	0	0	0	0	0.0	0.0	0.0	0.0	0.003451	0.0	0.0	0.0	0.0	2.34168	0.0	0.0	0.0	7146.79	0.0	0.0	0.0	0.0	0.000469	0.0	0.0	0.0	15.4026	0.0	0.0	0.0	0.0	52	0	0	0	83	0	0	0	0	197	0	0	0	21	0	0	0	0	1688	0	0	0	360	0	0	0	0	789	0	0	0	0	0	0	0	0	120	0	0	0	0	0	0	0	0	2143	0	0	0	0	0	0	0	0	7.4e-5	0.0	0.0	0.0	0.000224	0.0	0.0	0.0	0.0	0.24901	0.0	0.0	0.0	0.75099	0.0	0.0	0.0	0.0	
