indexLine	algoIter	time	best obj	current obj	T	probdelta1	nb uses 1	nb uses 2	nb uses 3	nb uses 4	nb uses 5	nb uses 6	nb uses 7	nb uses 8	nb uses 9	score 1	score 2	score 3	score 4	score 5	score 6	score 7	score 8	score 9	duration 1	duration 2	duration 3	duration 4	duration 5	duration 6	duration 7	duration 8	duration 9	avgDuration 1	avgDuration 2	avgDuration 3	avgDuration 4	avgDuration 5	avgDuration 6	avgDuration 7	avgDuration 8	avgDuration 9	sigmas1 1	sigmas1 2	sigmas1 3	sigmas1 4	sigmas1 5	sigmas1 6	sigmas1 7	sigmas1 8	sigmas1 9	sigmas2 1	sigmas2 2	sigmas2 3	sigmas2 4	sigmas2 5	sigmas2 6	sigmas2 7	sigmas2 8	sigmas2 9	sigmas3 1	sigmas3 2	sigmas3 3	sigmas3 4	sigmas3 5	sigmas3 6	sigmas3 7	sigmas3 8	sigmas3 9	sigmas4 1	sigmas4 2	sigmas4 3	sigmas4 4	sigmas4 5	sigmas4 6	sigmas4 7	sigmas4 8	sigmas4 9	sigmas5 1	sigmas5 2	sigmas5 3	sigmas5 4	sigmas5 5	sigmas5 6	sigmas5 7	sigmas5 8	sigmas5 9	sigmas6 1	sigmas6 2	sigmas6 3	sigmas6 4	sigmas6 5	sigmas6 6	sigmas6 7	sigmas6 8	sigmas6 9	weight 1	weight 2	weight 3	weight 4	weight 5	weight 6	weight 7	weight 8	weight 9	proba 1	proba 2	proba 3	proba 4	proba 5	proba 6	proba 7	proba 8	proba 9	
1	2	9.029392079	7566.583	7566.583	100.0	0.99005	0	0	0	0	0	0	0	0	0	0.0	0.0	0.0	0.0	0.0	0.0	0.0	0.0	0.0	0.0	0.0	0.0	0.0	0.0	0.0	0.0	0.0	0.0	0.0	0.0	0.0	0.0	0.0	0.0	0.0	0.0	0.0	0	0	0	0	0	0	0	0	0	0	0	0	0	0	0	0	0	0	0	0	0	0	0	0	0	0	0	0	0	0	0	0	0	0	0	0	0	0	0	0	0	0	0	0	0	0	0	0	0	0	0	0	0	0	0.0	0.0	0.0	0.0	0.0	0.0	0.0	0.0	0.0	0.0	0.0	0.0	0.0	0.0	0.0	0.0	0.0	0.0	
2	4	11.908031437	7566.583	7583.083	100.0	0.99005	0	0	0	0	0	0	0	0	0	1.0	0.0	0.0	0.0	1.0	0.0	0.0	0.0	0.0	0.0	0.0	0.0	0.0	0.0	0.0	0.0	0.0	0.0	0.000497	0.0	0.0	0.0	2.87812	0.0	0.0	0.0	0.0	0	0	0	0	0	0	0	0	0	0	0	0	0	0	0	0	0	0	0	0	0	0	0	0	0	0	0	0	0	0	0	0	0	0	0	0	0	0	0	0	0	0	0	0	0	0	0	0	0	0	0	0	0	0	2011.74	0.0	0.0	0.0	0.347449	0.0	0.0	0.0	0.0	0.0	0.0	0.0	0.0	0.0	0.0	0.0	0.0	0.0	
3	178	36.866423646	7126.444	7126.444	97.7272	0.98982	173	0	0	0	1	0	0	0	0	0.000572	0.0	0.0	0.0	1.0	0.0	0.0	0.0	0.0	0.038023	0.0	0.0	0.0	24.9203	0.0	0.0	0.0	0.0	0.00022	0.0	0.0	0.0	24.9203	0.0	0.0	0.0	0.0	3	0	0	0	1	0	0	0	0	20	0	0	0	0	0	0	0	0	80	0	0	0	0	0	0	0	0	15	0	0	0	0	0	0	0	0	4	0	0	0	0	0	0	0	0	51	0	0	0	0	0	0	0	0	2.60315	0.0	0.0	0.0	0.040128	0.0	0.0	0.0	0.0	0.984819	0.0	0.0	0.0	0.015181	0.0	0.0	0.0	0.0	
4	206	41.285070427	7009.75	7009.75	93.1009	0.989316	200	0	0	0	2	0	0	0	0	0.000261	0.0	0.0	0.0	1.0	0.0	0.0	0.0	0.0	0.317908	0.0	0.0	0.0	29.059	0.0	0.0	0.0	0.0	0.00159	0.0	0.0	0.0	14.5295	0.0	0.0	0.0	0.0	3	0	0	0	2	0	0	0	0	21	0	0	0	0	0	0	0	0	97	0	0	0	0	0	0	0	0	17	0	0	0	0	0	0	0	0	7	0	0	0	0	0	0	0	0	55	0	0	0	0	0	0	0	0	0.164349	0.0	0.0	0.0	0.068825	0.0	0.0	0.0	0.0	0.704832	0.0	0.0	0.0	0.295168	0.0	0.0	0.0	0.0	
5	207	44.148550643	7004.75	7004.75	92.3623	0.989231	200	0	0	0	3	0	0	0	0	0.000261	0.0	0.0	0.0	1.0	0.0	0.0	0.0	0.0	0.317908	0.0	0.0	0.0	31.9225	0.0	0.0	0.0	0.0	0.00159	0.0	0.0	0.0	10.6408	0.0	0.0	0.0	0.0	3	0	0	0	3	0	0	0	0	21	0	0	0	0	0	0	0	0	97	0	0	0	0	0	0	0	0	17	0	0	0	0	0	0	0	0	7	0	0	0	0	0	0	0	0	55	0	0	0	0	0	0	0	0	0.164349	0.0	0.0	0.0	0.093978	0.0	0.0	0.0	0.0	0.636206	0.0	0.0	0.0	0.363794	0.0	0.0	0.0	0.0	
6	269	66.956636103	6477.389	6477.389	91.8521	0.989172	261	0	0	0	4	0	0	0	0	0.003934	0.0	0.0	0.0	1.0	0.0	0.0	0.0	0.0	0.332479	0.0	0.0	0.0	54.7159	0.0	0.0	0.0	0.0	0.001274	0.0	0.0	0.0	13.679	0.0	0.0	0.0	0.0	4	0	0	0	4	0	0	0	0	29	0	0	0	0	0	0	0	0	125	0	0	0	0	0	0	0	0	21	0	0	0	0	0	0	0	0	9	0	0	0	0	0	0	0	0	73	0	0	0	0	0	0	0	0	3.08812	0.0	0.0	0.0	0.073105	0.0	0.0	0.0	0.0	0.976874	0.0	0.0	0.0	0.023126	0.0	0.0	0.0	0.0	
7	291	185.372783902	6389.167	6389.167	87.9091	0.988689	282	0	0	0	5	0	0	0	0	0.001742	0.0	0.0	0.0	1.0	0.0	0.0	0.0	0.0	0.338	0.0	0.0	0.0	173.127	0.0	0.0	0.0	0.0	0.001199	0.0	0.0	0.0	34.6253	0.0	0.0	0.0	0.0	4	0	0	0	5	0	0	0	0	32	0	0	0	0	0	0	0	0	136	0	0	0	0	0	0	0	0	23	0	0	0	0	0	0	0	0	9	0	0	0	0	0	0	0	0	78	0	0	0	0	0	0	0	0	1.45366	0.0	0.0	0.0	0.028881	0.0	0.0	0.0	0.0	0.98052	0.0	0.0	0.0	0.01948	0.0	0.0	0.0	0.0	
8	314	196.667263582	6389.167	6398.667	69.9944	0.985815	304	0	0	0	6	0	0	0	0	0.000967	0.0	0.0	0.0	0.9	0.0	0.0	0.0	0.0	0.343708	0.0	0.0	0.0	184.415	0.0	0.0	0.0	0.0	0.001131	0.0	0.0	0.0	30.7359	0.0	0.0	0.0	0.0	4	0	0	0	5	0	0	0	0	34	0	0	0	0	0	0	0	0	147	0	0	0	1	0	0	0	0	26	0	0	0	0	0	0	0	0	9	0	0	0	0	0	0	0	0	84	0	0	0	0	0	0	0	0	0.855132	0.0	0.0	0.0	0.029282	0.0	0.0	0.0	0.0	0.966891	0.0	0.0	0.0	0.033109	0.0	0.0	0.0	0.0	
9	324	279.516925064	6160.944	6160.944	68.4898	0.985505	313	0	0	0	7	0	0	0	0	0.000798	0.0	0.0	0.0	0.91	0.0	0.0	0.0	0.0	0.34684	0.0	0.0	0.0	267.262	0.0	0.0	0.0	0.0	0.001108	0.0	0.0	0.0	38.1803	0.0	0.0	0.0	0.0	4	0	0	0	6	0	0	0	0	35	0	0	0	0	0	0	0	0	152	0	0	0	1	0	0	0	0	26	0	0	0	0	0	0	0	0	9	0	0	0	0	0	0	0	0	87	0	0	0	0	0	0	0	0	0.720487	0.0	0.0	0.0	0.023834	0.0	0.0	0.0	0.0	0.967978	0.0	0.0	0.0	0.032022	0.0	0.0	0.0	0.0	
10	449	295.121371286	6156.398444444445	6156.417	58.3927	0.98302	437	0	0	0	8	0	0	0	0	0.000111	0.0	0.0	0.0	0.8195	0.0	0.0	0.0	0.0	0.377487	0.0	0.0	0.0	282.835	0.0	0.0	0.0	0.0	0.000864	0.0	0.0	0.0	35.3544	0.0	0.0	0.0	0.0	5	0	0	0	6	0	0	0	0	40	0	0	0	1	0	0	0	0	213	0	0	0	1	0	0	0	0	36	0	0	0	0	0	0	0	0	11	0	0	0	0	0	0	0	0	132	0	0	0	0	0	0	0	0	0.12855	0.0	0.0	0.0	0.02318	0.0	0.0	0.0	0.0	0.847231	0.0	0.0	0.0	0.152769	0.0	0.0	0.0	0.0	
11	450	322.663515379	5898.0	5898.0	56.6686	0.982508	437	0	0	0	9	0	0	0	0	0.000111	0.0	0.0	0.0	0.83755	0.0	0.0	0.0	0.0	0.377487	0.0	0.0	0.0	310.378	0.0	0.0	0.0	0.0	0.000864	0.0	0.0	0.0	34.4864	0.0	0.0	0.0	0.0	5	0	0	0	7	0	0	0	0	40	0	0	0	1	0	0	0	0	213	0	0	0	1	0	0	0	0	36	0	0	0	0	0	0	0	0	11	0	0	0	0	0	0	0	0	132	0	0	0	0	0	0	0	0	0.12855	0.0	0.0	0.0	0.024286	0.0	0.0	0.0	0.0	0.841095	0.0	0.0	0.0	0.158905	0.0	0.0	0.0	0.0	
12	463	502.837858611	5754.0	5754.0	53.7428	0.981565	449	0	0	0	10	0	0	0	0	5.0e-5	0.0	0.0	0.0	0.853795	0.0	0.0	0.0	0.0	0.380985	0.0	0.0	0.0	490.548	0.0	0.0	0.0	0.0	0.000849	0.0	0.0	0.0	49.0548	0.0	0.0	0.0	0.0	5	0	0	0	8	0	0	0	0	40	0	0	0	1	0	0	0	0	218	0	0	0	1	0	0	0	0	39	0	0	0	0	0	0	0	0	12	0	0	0	0	0	0	0	0	135	0	0	0	0	0	0	0	0	0.059454	0.0	0.0	0.0	0.017405	0.0	0.0	0.0	0.0	0.773547	0.0	0.0	0.0	0.226453	0.0	0.0	0.0	0.0	
13	464	516.189378537	5719.056	5719.056	37.9958	0.974025	449	0	0	0	11	0	0	0	0	5.0e-5	0.0	0.0	0.0	0.868416	0.0	0.0	0.0	0.0	0.380985	0.0	0.0	0.0	503.9	0.0	0.0	0.0	0.0	0.000849	0.0	0.0	0.0	45.8091	0.0	0.0	0.0	0.0	5	0	0	0	9	0	0	0	0	40	0	0	0	1	0	0	0	0	218	0	0	0	1	0	0	0	0	39	0	0	0	0	0	0	0	0	12	0	0	0	0	0	0	0	0	135	0	0	0	0	0	0	0	0	0.059454	0.0	0.0	0.0	0.018957	0.0	0.0	0.0	0.0	0.758233	0.0	0.0	0.0	0.241767	0.0	0.0	0.0	0.0	
14	486	518.945228226	5719.056	5867.5	37.0316	0.973357	470	0	0	0	12	0	0	0	0	0.000202	0.0	0.0	0.0	0.781574	0.0	0.0	0.0	0.0	0.386657	0.0	0.0	0.0	506.65	0.0	0.0	0.0	0.0	0.000823	0.0	0.0	0.0	42.2208	0.0	0.0	0.0	0.0	5	0	0	0	9	0	0	0	0	41	0	0	0	1	0	0	0	0	228	0	0	0	2	0	0	0	0	39	0	0	0	0	0	0	0	0	12	0	0	0	0	0	0	0	0	145	0	0	0	0	0	0	0	0	0.245903	0.0	0.0	0.0	0.018512	0.0	0.0	0.0	0.0	0.92999	0.0	0.0	0.0	0.07001	0.0	0.0	0.0	0.0	
15	490	521.271265445	5719.056	5867.5	36.8361	0.973218	473	0	0	0	13	0	0	0	0	0.000171	0.0	0.0	0.0	0.703417	0.0	0.0	0.0	0.0	0.387167	0.0	0.0	0.0	508.976	0.0	0.0	0.0	0.0	0.000819	0.0	0.0	0.0	39.152	0.0	0.0	0.0	0.0	5	0	0	0	9	0	0	0	0	41	0	0	0	1	0	0	0	0	228	0	0	0	3	0	0	0	0	39	0	0	0	0	0	0	0	0	12	0	0	0	0	0	0	0	0	148	0	0	0	0	0	0	0	0	0.209248	0.0	0.0	0.0	0.017966	0.0	0.0	0.0	0.0	0.920928	0.0	0.0	0.0	0.079072	0.0	0.0	0.0	0.0	
16	496	547.326970159	5719.056	5769.056	36.6715	0.973099	478	0	0	0	14	0	0	0	0	0.000129	0.0	0.0	0.0	0.633575	0.0	0.0	0.0	0.0	0.38856	0.0	0.0	0.0	535.03	0.0	0.0	0.0	0.0	0.000813	0.0	0.0	0.0	38.2164	0.0	0.0	0.0	0.0	5	0	0	0	9	0	0	0	0	41	0	0	0	2	0	0	0	0	229	0	0	0	3	0	0	0	0	41	0	0	0	0	0	0	0	0	12	0	0	0	0	0	0	0	0	150	0	0	0	0	0	0	0	0	0.158958	0.0	0.0	0.0	0.016579	0.0	0.0	0.0	0.0	0.905555	0.0	0.0	0.0	0.094445	0.0	0.0	0.0	0.0	
17	516	550.160728485	5719.056	5812.444	34.8777	0.971736	497	0	0	0	15	0	0	0	0	0.000205	0.0	0.0	0.0	0.570217	0.0	0.0	0.0	0.0	0.393686	0.0	0.0	0.0	537.858	0.0	0.0	0.0	0.0	0.000792	0.0	0.0	0.0	35.8572	0.0	0.0	0.0	0.0	5	0	0	0	9	0	0	0	0	42	0	0	0	2	0	0	0	0	239	0	0	0	4	0	0	0	0	42	0	0	0	0	0	0	0	0	12	0	0	0	0	0	0	0	0	157	0	0	0	0	0	0	0	0	0.258452	0.0	0.0	0.0	0.015902	0.0	0.0	0.0	0.0	0.942037	0.0	0.0	0.0	0.057963	0.0	0.0	0.0	0.0	
18	522	730.325481006	5674.833	5674.833	34.6883	0.971583	502	0	0	0	16	0	0	0	0	0.000425	0.0	0.0	0.0	0.613196	0.0	0.0	0.0	0.0	0.39544	0.0	0.0	0.0	718.021	0.0	0.0	0.0	0.0	0.000788	0.0	0.0	0.0	44.8763	0.0	0.0	0.0	0.0	5	0	0	0	10	0	0	0	0	43	0	0	0	2	0	0	0	0	241	0	0	0	4	0	0	0	0	43	0	0	0	0	0	0	0	0	12	0	0	0	0	0	0	0	0	158	0	0	0	0	0	0	0	0	0.539062	0.0	0.0	0.0	0.013664	0.0	0.0	0.0	0.0	0.975279	0.0	0.0	0.0	0.024721	0.0	0.0	0.0	0.0	
19	664	739.394441663	5662.472	5662.472	24.5228	0.960042	643	0	0	0	17	0	0	0	0	0.000178	0.0	0.0	0.0	0.651876	0.0	0.0	0.0	0.0	0.437722	0.0	0.0	0.0	727.048	0.0	0.0	0.0	0.0	0.000681	0.0	0.0	0.0	42.7675	0.0	0.0	0.0	0.0	7	0	0	0	11	0	0	0	0	45	0	0	0	2	0	0	0	0	284	0	0	0	4	0	0	0	0	63	0	0	0	0	0	0	0	0	18	0	0	0	0	0	0	0	0	226	0	0	0	0	0	0	0	0	0.261414	0.0	0.0	0.0	0.015242	0.0	0.0	0.0	0.0	0.944905	0.0	0.0	0.0	0.055095	0.0	0.0	0.0	0.0	
20	850	825.453065988	5592.687555555554	5669.694	24.098	0.959352	828	0	0	0	18	0	0	0	0	0.000181	0.0	0.0	0.0	0.587188	0.0	0.0	0.0	0.0	0.49105	0.0	0.0	0.0	813.053	0.0	0.0	0.0	0.0	0.000593	0.0	0.0	0.0	45.1696	0.0	0.0	0.0	0.0	9	0	0	0	11	0	0	0	0	56	0	0	0	3	0	0	0	0	349	0	0	0	4	0	0	0	0	90	0	0	0	0	0	0	0	0	18	0	0	0	0	0	0	0	0	306	0	0	0	0	0	0	0	0	0.305333	0.0	0.0	0.0	0.013	0.0	0.0	0.0	0.0	0.959163	0.0	0.0	0.0	0.040837	0.0	0.0	0.0	0.0	
21	860	831.188759763	5592.687555555554	5638.889	20.4219	0.952213	837	0	0	0	19	0	0	0	0	0.000111	0.0	0.0	0.0	0.52897	0.0	0.0	0.0	0.0	0.493822	0.0	0.0	0.0	818.786	0.0	0.0	0.0	0.0	0.00059	0.0	0.0	0.0	43.094	0.0	0.0	0.0	0.0	9	0	0	0	11	0	0	0	0	56	0	0	0	4	0	0	0	0	354	0	0	0	4	0	0	0	0	91	0	0	0	0	0	0	0	0	18	0	0	0	0	0	0	0	0	309	0	0	0	0	0	0	0	0	0.188619	0.0	0.0	0.0	0.012275	0.0	0.0	0.0	0.0	0.938899	0.0	0.0	0.0	0.061101	0.0	0.0	0.0	0.0	
22	864	842.83520442	5592.687555555554	5621.889	20.1978	0.951695	840	0	0	0	20	0	0	0	0	9.4e-5	0.0	0.0	0.0	0.476573	0.0	0.0	0.0	0.0	0.495348	0.0	0.0	0.0	830.431	0.0	0.0	0.0	0.0	0.00059	0.0	0.0	0.0	41.5215	0.0	0.0	0.0	0.0	9	0	0	0	11	0	0	0	0	56	0	0	0	5	0	0	0	0	356	0	0	0	4	0	0	0	0	91	0	0	0	0	0	0	0	0	18	0	0	0	0	0	0	0	0	310	0	0	0	0	0	0	0	0	0.160046	0.0	0.0	0.0	0.011478	0.0	0.0	0.0	0.0	0.933084	0.0	0.0	0.0	0.066916	0.0	0.0	0.0	0.0	
23	877	864.049960036	5376.611	5376.611	19.7501	0.950628	852	0	0	0	21	0	0	0	0	4.8e-5	0.0	0.0	0.0	0.528915	0.0	0.0	0.0	0.0	0.498316	0.0	0.0	0.0	851.643	0.0	0.0	0.0	0.0	0.000585	0.0	0.0	0.0	40.5544	0.0	0.0	0.0	0.0	9	0	0	0	12	0	0	0	0	56	0	0	0	5	0	0	0	0	359	0	0	0	4	0	0	0	0	91	0	0	0	0	0	0	0	0	19	0	0	0	0	0	0	0	0	318	0	0	0	0	0	0	0	0	0.081898	0.0	0.0	0.0	0.013042	0.0	0.0	0.0	0.0	0.862628	0.0	0.0	0.0	0.137372	0.0	0.0	0.0	0.0	
24	1013	867.210678922	5376.599888888888	5469.139	18.9587	0.948621	987	0	0	0	22	0	0	0	0	7.4e-5	0.0	0.0	0.0	0.476024	0.0	0.0	0.0	0.0	0.536612	0.0	0.0	0.0	854.765	0.0	0.0	0.0	0.0	0.000544	0.0	0.0	0.0	38.853	0.0	0.0	0.0	0.0	10	0	0	0	12	0	0	0	0	60	0	0	0	5	0	0	0	0	413	0	0	0	5	0	0	0	0	118	0	0	0	0	0	0	0	0	20	0	0	0	0	0	0	0	0	366	0	0	0	0	0	0	0	0	0.136269	0.0	0.0	0.0	0.012252	0.0	0.0	0.0	0.0	0.917507	0.0	0.0	0.0	0.082493	0.0	0.0	0.0	0.0	
25	1025	872.956722982	5376.599888888888	5482.944	18.845	0.948319	998	0	0	0	23	0	0	0	0	0.000222	0.0	0.0	0.0	0.428921	0.0	0.0	0.0	0.0	0.540332	0.0	0.0	0.0	860.507	0.0	0.0	0.0	0.0	0.000541	0.0	0.0	0.0	37.4134	0.0	0.0	0.0	0.0	10	0	0	0	12	0	0	0	0	61	0	0	0	6	0	0	0	0	417	0	0	0	5	0	0	0	0	121	0	0	0	0	0	0	0	0	20	0	0	0	0	0	0	0	0	369	0	0	0	0	0	0	0	0	0.409692	0.0	0.0	0.0	0.011464	0.0	0.0	0.0	0.0	0.972779	0.0	0.0	0.0	0.027221	0.0	0.0	0.0	0.0	
26	1071	879.588321602	5376.599888888888	5439.972	18.6374	0.947758	1043	0	0	0	24	0	0	0	0	8.9e-5	0.0	0.0	0.0	0.386529	0.0	0.0	0.0	0.0	0.554794	0.0	0.0	0.0	867.124	0.0	0.0	0.0	0.0	0.000532	0.0	0.0	0.0	36.1302	0.0	0.0	0.0	0.0	10	0	0	0	12	0	0	0	0	63	0	0	0	7	0	0	0	0	434	0	0	0	5	0	0	0	0	127	0	0	0	0	0	0	0	0	21	0	0	0	0	0	0	0	0	388	0	0	0	0	0	0	0	0	0.166818	0.0	0.0	0.0	0.010698	0.0	0.0	0.0	0.0	0.939734	0.0	0.0	0.0	0.060266	0.0	0.0	0.0	0.0	
27	1099	1050.011762561	5224.194	5224.194	18.3738	0.947029	1070	0	0	0	25	0	0	0	0	0.000109	0.0	0.0	0.0	0.447876	0.0	0.0	0.0	0.0	1.33758	0.0	0.0	0.0	1036.77	0.0	0.0	0.0	0.0	0.00125	0.0	0.0	0.0	41.4706	0.0	0.0	0.0	0.0	10	0	0	0	13	0	0	0	0	64	0	0	0	7	0	0	0	0	440	0	0	0	5	0	0	0	0	133	0	0	0	0	0	0	0	0	22	0	0	0	0	0	0	0	0	401	0	0	0	0	0	0	0	0	0.087065	0.0	0.0	0.0	0.0108	0.0	0.0	0.0	0.0	0.889645	0.0	0.0	0.0	0.110355	0.0	0.0	0.0	0.0	
28	1102	1146.575387133	5125.444	5125.444	13.2561	0.927338	1072	0	0	0	26	0	0	0	0	9.7e-5	0.0	0.0	0.0	0.503089	0.0	0.0	0.0	0.0	1.33837	0.0	0.0	0.0	1133.33	0.0	0.0	0.0	0.0	0.001248	0.0	0.0	0.0	43.5895	0.0	0.0	0.0	0.0	10	0	0	0	14	0	0	0	0	64	0	0	0	7	0	0	0	0	441	0	0	0	5	0	0	0	0	134	0	0	0	0	0	0	0	0	22	0	0	0	0	0	0	0	0	401	0	0	0	0	0	0	0	0	0.077623	0.0	0.0	0.0	0.011542	0.0	0.0	0.0	0.0	0.870559	0.0	0.0	0.0	0.129441	0.0	0.0	0.0	0.0	
29	1111	1165.79037233	5119.944	5119.944	11.008	0.913161	1080	0	0	0	27	0	0	0	0	5.9e-5	0.0	0.0	0.0	0.55278	0.0	0.0	0.0	0.0	1.34085	0.0	0.0	0.0	1152.54	0.0	0.0	0.0	0.0	0.001242	0.0	0.0	0.0	42.6867	0.0	0.0	0.0	0.0	10	0	0	0	15	0	0	0	0	64	0	0	0	7	0	0	0	0	444	0	0	0	5	0	0	0	0	136	0	0	0	0	0	0	0	0	22	0	0	0	0	0	0	0	0	404	0	0	0	0	0	0	0	0	0.04789	0.0	0.0	0.0	0.01295	0.0	0.0	0.0	0.0	0.787152	0.0	0.0	0.0	0.212848	0.0	0.0	0.0	0.0	
30	1113	1173.775213523	5099.944	5099.944	10.6084	0.910042	1081	0	0	0	28	0	0	0	0	5.6e-5	0.0	0.0	0.0	0.597502	0.0	0.0	0.0	0.0	1.34139	0.0	0.0	0.0	1160.52	0.0	0.0	0.0	0.0	0.001241	0.0	0.0	0.0	41.4473	0.0	0.0	0.0	0.0	10	0	0	0	16	0	0	0	0	64	0	0	0	7	0	0	0	0	444	0	0	0	5	0	0	0	0	137	0	0	0	0	0	0	0	0	22	0	0	0	0	0	0	0	0	404	0	0	0	0	0	0	0	0	0.044872	0.0	0.0	0.0	0.014416	0.0	0.0	0.0	0.0	0.756849	0.0	0.0	0.0	0.243151	0.0	0.0	0.0	0.0	
31	1114	1176.107948364	5099.944	5099.944	10.4466	0.908714	1081	0	0	0	29	0	0	0	0	5.6e-5	0.0	0.0	0.0	0.537752	0.0	0.0	0.0	0.0	1.34139	0.0	0.0	0.0	1162.86	0.0	0.0	0.0	0.0	0.001241	0.0	0.0	0.0	40.0985	0.0	0.0	0.0	0.0	10	0	0	0	16	0	0	0	0	64	0	0	0	7	0	0	0	0	444	0	0	0	6	0	0	0	0	137	0	0	0	0	0	0	0	0	22	0	0	0	0	0	0	0	0	404	0	0	0	0	0	0	0	0	0.044872	0.0	0.0	0.0	0.013411	0.0	0.0	0.0	0.0	0.769902	0.0	0.0	0.0	0.230098	0.0	0.0	0.0	0.0	
32	1116	1185.240015344	5085.444	5085.444	10.3998	0.908323	1082	0	0	0	30	0	0	0	0	5.2e-5	0.0	0.0	0.0	0.583977	0.0	0.0	0.0	0.0	1.34203	0.0	0.0	0.0	1171.99	0.0	0.0	0.0	0.0	0.00124	0.0	0.0	0.0	39.0663	0.0	0.0	0.0	0.0	10	0	0	0	17	0	0	0	0	64	0	0	0	7	0	0	0	0	445	0	0	0	6	0	0	0	0	137	0	0	0	0	0	0	0	0	22	0	0	0	0	0	0	0	0	404	0	0	0	0	0	0	0	0	0.041977	0.0	0.0	0.0	0.014948	0.0	0.0	0.0	0.0	0.737405	0.0	0.0	0.0	0.262595	0.0	0.0	0.0	0.0	
33	1119	1200.679973908	5064.639	5064.639	10.2187	0.906776	1084	0	0	0	31	0	0	0	0	4.5e-5	0.0	0.0	0.0	0.625579	0.0	0.0	0.0	0.0	1.34265	0.0	0.0	0.0	1187.43	0.0	0.0	0.0	0.0	0.001239	0.0	0.0	0.0	38.3041	0.0	0.0	0.0	0.0	10	0	0	0	18	0	0	0	0	64	0	0	0	7	0	0	0	0	445	0	0	0	6	0	0	0	0	138	0	0	0	0	0	0	0	0	22	0	0	0	0	0	0	0	0	405	0	0	0	0	0	0	0	0	0.036478	0.0	0.0	0.0	0.016332	0.0	0.0	0.0	0.0	0.690741	0.0	0.0	0.0	0.309259	0.0	0.0	0.0	0.0	
34	1120	1203.047361229	5064.639	5064.639	9.91951	0.904104	1084	0	0	0	32	0	0	0	0	4.5e-5	0.0	0.0	0.0	0.563021	0.0	0.0	0.0	0.0	1.34265	0.0	0.0	0.0	1189.8	0.0	0.0	0.0	0.0	0.001239	0.0	0.0	0.0	37.1811	0.0	0.0	0.0	0.0	10	0	0	0	18	0	0	0	0	64	0	0	0	7	0	0	0	0	445	0	0	0	7	0	0	0	0	138	0	0	0	0	0	0	0	0	22	0	0	0	0	0	0	0	0	405	0	0	0	0	0	0	0	0	0.036478	0.0	0.0	0.0	0.015143	0.0	0.0	0.0	0.0	0.706654	0.0	0.0	0.0	0.293346	0.0	0.0	0.0	0.0	
35	1121	1241.378774486	5047.583	5047.583	9.87442	0.903687	1084	0	0	0	33	0	0	0	0	4.5e-5	0.0	0.0	0.0	0.606719	0.0	0.0	0.0	0.0	1.34265	0.0	0.0	0.0	1228.13	0.0	0.0	0.0	0.0	0.001239	0.0	0.0	0.0	37.216	0.0	0.0	0.0	0.0	10	0	0	0	19	0	0	0	0	64	0	0	0	7	0	0	0	0	445	0	0	0	7	0	0	0	0	138	0	0	0	0	0	0	0	0	22	0	0	0	0	0	0	0	0	405	0	0	0	0	0	0	0	0	0.036478	0.0	0.0	0.0	0.016303	0.0	0.0	0.0	0.0	0.691123	0.0	0.0	0.0	0.308877	0.0	0.0	0.0	0.0	
36	1124	1245.286254948	5046.583	5046.583	9.17222	0.896708	1086	0	0	0	34	0	0	0	0	3.9e-5	0.0	0.0	0.0	0.646047	0.0	0.0	0.0	0.0	1.3434	0.0	0.0	0.0	1232.03	0.0	0.0	0.0	0.0	0.001237	0.0	0.0	0.0	36.2363	0.0	0.0	0.0	0.0	10	0	0	0	20	0	0	0	0	64	0	0	0	7	0	0	0	0	445	0	0	0	7	0	0	0	0	139	0	0	0	0	0	0	0	0	22	0	0	0	0	0	0	0	0	406	0	0	0	0	0	0	0	0	0.031372	0.0	0.0	0.0	0.017829	0.0	0.0	0.0	0.0	0.637637	0.0	0.0	0.0	0.362363	0.0	0.0	0.0	0.0	
37	1126	1249.537160016	5043.083	5043.083	9.10351	0.895971	1087	0	0	0	35	0	0	0	0	3.6e-5	0.0	0.0	0.0	0.681442	0.0	0.0	0.0	0.0	1.34363	0.0	0.0	0.0	1236.28	0.0	0.0	0.0	0.0	0.001236	0.0	0.0	0.0	35.3224	0.0	0.0	0.0	0.0	10	0	0	0	21	0	0	0	0	64	0	0	0	7	0	0	0	0	445	0	0	0	7	0	0	0	0	139	0	0	0	0	0	0	0	0	22	0	0	0	0	0	0	0	0	407	0	0	0	0	0	0	0	0	0.028934	0.0	0.0	0.0	0.019292	0.0	0.0	0.0	0.0	0.599968	0.0	0.0	0.0	0.400032	0.0	0.0	0.0	0.0	
38	1130	1260.144651328	5040.583	5040.583	9.02933	0.895162	1090	0	0	0	36	0	0	0	0	2.7e-5	0.0	0.0	0.0	0.713298	0.0	0.0	0.0	0.0	1.34453	0.0	0.0	0.0	1246.89	0.0	0.0	0.0	0.0	0.001234	0.0	0.0	0.0	34.6359	0.0	0.0	0.0	0.0	10	0	0	0	22	0	0	0	0	64	0	0	0	7	0	0	0	0	446	0	0	0	7	0	0	0	0	140	0	0	0	0	0	0	0	0	22	0	0	0	0	0	0	0	0	408	0	0	0	0	0	0	0	0	0.022105	0.0	0.0	0.0	0.020594	0.0	0.0	0.0	0.0	0.517687	0.0	0.0	0.0	0.482313	0.0	0.0	0.0	0.0	
39	1132	1262.856586822	5040.583	5040.583	8.84688	0.89312	1091	0	0	0	37	0	0	0	0	2.5e-5	0.0	0.0	0.0	0.643029	0.0	0.0	0.0	0.0	1.345	0.0	0.0	0.0	1249.6	0.0	0.0	0.0	0.0	0.001233	0.0	0.0	0.0	33.773	0.0	0.0	0.0	0.0	10	0	0	0	22	0	0	0	0	64	0	0	0	7	0	0	0	0	447	0	0	0	8	0	0	0	0	140	0	0	0	0	0	0	0	0	22	0	0	0	0	0	0	0	0	408	0	0	0	0	0	0	0	0	0.019982	0.0	0.0	0.0	0.01904	0.0	0.0	0.0	0.0	0.512071	0.0	0.0	0.0	0.487929	0.0	0.0	0.0	0.0	
40	1133	1279.043713968	5034.583	5034.583	8.80084	0.892592	1091	0	0	0	38	0	0	0	0	2.5e-5	0.0	0.0	0.0	0.678726	0.0	0.0	0.0	0.0	1.345	0.0	0.0	0.0	1265.79	0.0	0.0	0.0	0.0	0.001233	0.0	0.0	0.0	33.3102	0.0	0.0	0.0	0.0	10	0	0	0	23	0	0	0	0	64	0	0	0	7	0	0	0	0	447	0	0	0	8	0	0	0	0	140	0	0	0	0	0	0	0	0	22	0	0	0	0	0	0	0	0	408	0	0	0	0	0	0	0	0	0.019982	0.0	0.0	0.0	0.020376	0.0	0.0	0.0	0.0	0.495117	0.0	0.0	0.0	0.504883	0.0	0.0	0.0	0.0	
41	1138	1299.978390617	5008.083	5008.083	8.53088	0.889388	1095	0	0	0	39	0	0	0	0	1.6e-5	0.0	0.0	0.0	0.705153	0.0	0.0	0.0	0.0	1.3465	0.0	0.0	0.0	1286.72	0.0	0.0	0.0	0.0	0.00123	0.0	0.0	0.0	32.9929	0.0	0.0	0.0	0.0	10	0	0	0	24	0	0	0	0	64	0	0	0	7	0	0	0	0	449	0	0	0	8	0	0	0	0	142	0	0	0	0	0	0	0	0	22	0	0	0	0	0	0	0	0	408	0	0	0	0	0	0	0	0	0.013145	0.0	0.0	0.0	0.021373	0.0	0.0	0.0	0.0	0.380814	0.0	0.0	0.0	0.619186	0.0	0.0	0.0	0.0	
42	1139	1302.308988108	5008.083	5008.083	8.19405	0.885113	1095	0	0	0	40	0	0	0	0	1.6e-5	0.0	0.0	0.0	0.648211	0.0	0.0	0.0	0.0	1.3465	0.0	0.0	0.0	1289.05	0.0	0.0	0.0	0.0	0.00123	0.0	0.0	0.0	32.2263	0.0	0.0	0.0	0.0	10	0	0	0	24	0	0	0	0	64	0	0	0	7	0	0	0	0	449	0	0	0	9	0	0	0	0	142	0	0	0	0	0	0	0	0	22	0	0	0	0	0	0	0	0	408	0	0	0	0	0	0	0	0	0.013145	0.0	0.0	0.0	0.020114	0.0	0.0	0.0	0.0	0.395224	0.0	0.0	0.0	0.604776	0.0	0.0	0.0	0.0	
43	1140	1304.607433435	5008.083	5008.083	8.15738	0.884628	1095	0	0	0	41	0	0	0	0	1.6e-5	0.0	0.0	0.0	0.59462	0.0	0.0	0.0	0.0	1.3465	0.0	0.0	0.0	1291.35	0.0	0.0	0.0	0.0	0.00123	0.0	0.0	0.0	31.4964	0.0	0.0	0.0	0.0	10	0	0	0	24	0	0	0	0	64	0	0	0	7	0	0	0	0	449	0	0	0	10	0	0	0	0	142	0	0	0	0	0	0	0	0	22	0	0	0	0	0	0	0	0	408	0	0	0	0	0	0	0	0	0.013145	0.0	0.0	0.0	0.018879	0.0	0.0	0.0	0.0	0.41047	0.0	0.0	0.0	0.58953	0.0	0.0	0.0	0.0	
44	1141	1318.518311501	5007.583	5007.583	8.12137	0.884147	1095	0	0	0	42	0	0	0	0	1.6e-5	0.0	0.0	0.0	0.629001	0.0	0.0	0.0	0.0	1.3465	0.0	0.0	0.0	1305.26	0.0	0.0	0.0	0.0	0.00123	0.0	0.0	0.0	31.0777	0.0	0.0	0.0	0.0	10	0	0	0	25	0	0	0	0	64	0	0	0	7	0	0	0	0	449	0	0	0	10	0	0	0	0	142	0	0	0	0	0	0	0	0	22	0	0	0	0	0	0	0	0	408	0	0	0	0	0	0	0	0	0.013145	0.0	0.0	0.0	0.02024	0.0	0.0	0.0	0.0	0.39374	0.0	0.0	0.0	0.60626	0.0	0.0	0.0	0.0	
45	1145	1331.879206775	4998.583	4998.583	7.90683	0.881198	1098	0	0	0	43	0	0	0	0	1.2e-5	0.0	0.0	0.0	0.656353	0.0	0.0	0.0	0.0	1.34738	0.0	0.0	0.0	1318.62	0.0	0.0	0.0	0.0	0.001227	0.0	0.0	0.0	30.6656	0.0	0.0	0.0	0.0	10	0	0	0	26	0	0	0	0	64	0	0	0	7	0	0	0	0	450	0	0	0	10	0	0	0	0	142	0	0	0	0	0	0	0	0	22	0	0	0	0	0	0	0	0	410	0	0	0	0	0	0	0	0	0.009603	0.0	0.0	0.0	0.021404	0.0	0.0	0.0	0.0	0.309714	0.0	0.0	0.0	0.690286	0.0	0.0	0.0	0.0	
46	1146	1349.360270641	4973.944	4973.944	7.70613	0.8783	1098	0	0	0	44	0	0	0	0	1.2e-5	0.0	0.0	0.0	0.681245	0.0	0.0	0.0	0.0	1.34738	0.0	0.0	0.0	1336.1	0.0	0.0	0.0	0.0	0.001227	0.0	0.0	0.0	30.366	0.0	0.0	0.0	0.0	10	0	0	0	27	0	0	0	0	64	0	0	0	7	0	0	0	0	450	0	0	0	10	0	0	0	0	142	0	0	0	0	0	0	0	0	22	0	0	0	0	0	0	0	0	410	0	0	0	0	0	0	0	0	0.009603	0.0	0.0	0.0	0.022434	0.0	0.0	0.0	0.0	0.299748	0.0	0.0	0.0	0.700252	0.0	0.0	0.0	0.0	
47	1147	1377.06458645	4964.944	4964.944	7.45119	0.874409	1098	0	0	0	45	0	0	0	0	1.2e-5	0.0	0.0	0.0	0.704005	0.0	0.0	0.0	0.0	1.34738	0.0	0.0	0.0	1363.81	0.0	0.0	0.0	0.0	0.001227	0.0	0.0	0.0	30.3068	0.0	0.0	0.0	0.0	10	0	0	0	28	0	0	0	0	64	0	0	0	7	0	0	0	0	450	0	0	0	10	0	0	0	0	142	0	0	0	0	0	0	0	0	22	0	0	0	0	0	0	0	0	410	0	0	0	0	0	0	0	0	0.009603	0.0	0.0	0.0	0.023229	0.0	0.0	0.0	0.0	0.292492	0.0	0.0	0.0	0.707508	0.0	0.0	0.0	0.0	
48	1148	1379.412377243	4964.944	4964.944	7.06433	0.868006	1098	0	0	0	46	0	0	0	0	1.2e-5	0.0	0.0	0.0	0.654252	0.0	0.0	0.0	0.0	1.34738	0.0	0.0	0.0	1366.16	0.0	0.0	0.0	0.0	0.001227	0.0	0.0	0.0	29.699	0.0	0.0	0.0	0.0	10	0	0	0	28	0	0	0	0	64	0	0	0	7	0	0	0	0	450	0	0	0	11	0	0	0	0	142	0	0	0	0	0	0	0	0	22	0	0	0	0	0	0	0	0	410	0	0	0	0	0	0	0	0	0.009603	0.0	0.0	0.0	0.022029	0.0	0.0	0.0	0.0	0.303586	0.0	0.0	0.0	0.696414	0.0	0.0	0.0	0.0	
49	1149	1381.689079772	4964.944	4964.944	7.03248	0.86745	1098	0	0	0	47	0	0	0	0	1.2e-5	0.0	0.0	0.0	0.607279	0.0	0.0	0.0	0.0	1.34738	0.0	0.0	0.0	1368.43	0.0	0.0	0.0	0.0	0.001227	0.0	0.0	0.0	29.1156	0.0	0.0	0.0	0.0	10	0	0	0	28	0	0	0	0	64	0	0	0	7	0	0	0	0	450	0	0	0	12	0	0	0	0	142	0	0	0	0	0	0	0	0	22	0	0	0	0	0	0	0	0	410	0	0	0	0	0	0	0	0	0.009603	0.0	0.0	0.0	0.020858	0.0	0.0	0.0	0.0	0.315266	0.0	0.0	0.0	0.684734	0.0	0.0	0.0	0.0	
50	1151	1411.444605047	4937.083	4937.083	7.00173	0.866909	1099	0	0	0	48	0	0	0	0	1.1e-5	0.0	0.0	0.0	0.635057	0.0	0.0	0.0	0.0	1.34777	0.0	0.0	0.0	1398.19	0.0	0.0	0.0	0.0	0.001226	0.0	0.0	0.0	29.1289	0.0	0.0	0.0	0.0	10	0	0	0	29	0	0	0	0	64	0	0	0	7	0	0	0	0	450	0	0	0	12	0	0	0	0	142	0	0	0	0	0	0	0	0	22	0	0	0	0	0	0	0	0	411	0	0	0	0	0	0	0	0	0.008648	0.0	0.0	0.0	0.021802	0.0	0.0	0.0	0.0	0.284018	0.0	0.0	0.0	0.715982	0.0	0.0	0.0	0.0	
51	1152	1430.413157294	4937.083	4937.083	6.61206	0.859642	1099	0	0	0	49	0	0	0	0	1.1e-5	0.0	0.0	0.0	0.590708	0.0	0.0	0.0	0.0	1.34777	0.0	0.0	0.0	1417.16	0.0	0.0	0.0	0.0	0.001226	0.0	0.0	0.0	28.9215	0.0	0.0	0.0	0.0	10	0	0	0	29	0	0	0	0	64	0	0	0	7	0	0	0	0	450	0	0	0	13	0	0	0	0	142	0	0	0	0	0	0	0	0	22	0	0	0	0	0	0	0	0	411	0	0	0	0	0	0	0	0	0.008648	0.0	0.0	0.0	0.020424	0.0	0.0	0.0	0.0	0.297471	0.0	0.0	0.0	0.702529	0.0	0.0	0.0	0.0	
52	1153	1468.901364119	4937.083	4937.083	6.37504	0.854822	1099	0	0	0	50	0	0	0	0	1.1e-5	0.0	0.0	0.0	0.548667	0.0	0.0	0.0	0.0	1.34777	0.0	0.0	0.0	1455.64	0.0	0.0	0.0	0.0	0.001226	0.0	0.0	0.0	29.1129	0.0	0.0	0.0	0.0	10	0	0	0	29	0	0	0	0	64	0	0	0	7	0	0	0	0	450	0	0	0	14	0	0	0	0	142	0	0	0	0	0	0	0	0	22	0	0	0	0	0	0	0	0	411	0	0	0	0	0	0	0	0	0.008648	0.0	0.0	0.0	0.018846	0.0	0.0	0.0	0.0	0.314547	0.0	0.0	0.0	0.685453	0.0	0.0	0.0	0.0	
53	1154	1531.148893142	4910.806	4910.806	5.91991	0.844575	1099	0	0	0	51	0	0	0	0	1.1e-5	0.0	0.0	0.0	0.581589	0.0	0.0	0.0	0.0	1.34777	0.0	0.0	0.0	1517.89	0.0	0.0	0.0	0.0	0.001226	0.0	0.0	0.0	29.7626	0.0	0.0	0.0	0.0	10	0	0	0	30	0	0	0	0	64	0	0	0	7	0	0	0	0	450	0	0	0	14	0	0	0	0	142	0	0	0	0	0	0	0	0	22	0	0	0	0	0	0	0	0	411	0	0	0	0	0	0	0	0	0.008648	0.0	0.0	0.0	0.019541	0.0	0.0	0.0	0.0	0.306795	0.0	0.0	0.0	0.693205	0.0	0.0	0.0	0.0	
54	1155	1533.534534739	4910.806	4910.806	5.25158	0.826613	1099	0	0	0	52	0	0	0	0	1.1e-5	0.0	0.0	0.0	0.53964	0.0	0.0	0.0	0.0	1.34777	0.0	0.0	0.0	1520.28	0.0	0.0	0.0	0.0	0.001226	0.0	0.0	0.0	29.2361	0.0	0.0	0.0	0.0	10	0	0	0	30	0	0	0	0	64	0	0	0	7	0	0	0	0	450	0	0	0	15	0	0	0	0	142	0	0	0	0	0	0	0	0	22	0	0	0	0	0	0	0	0	411	0	0	0	0	0	0	0	0	0.008648	0.0	0.0	0.0	0.018458	0.0	0.0	0.0	0.0	0.319052	0.0	0.0	0.0	0.680948	0.0	0.0	0.0	0.0	
55	1156	1536.94548665	4910.306	4910.306	5.22752	0.825889	1099	0	0	0	53	0	0	0	0	1.1e-5	0.0	0.0	0.0	0.573443	0.0	0.0	0.0	0.0	1.34777	0.0	0.0	0.0	1523.69	0.0	0.0	0.0	0.0	0.001226	0.0	0.0	0.0	28.7488	0.0	0.0	0.0	0.0	10	0	0	0	31	0	0	0	0	64	0	0	0	7	0	0	0	0	450	0	0	0	15	0	0	0	0	142	0	0	0	0	0	0	0	0	22	0	0	0	0	0	0	0	0	411	0	0	0	0	0	0	0	0	0.008648	0.0	0.0	0.0	0.019947	0.0	0.0	0.0	0.0	0.302442	0.0	0.0	0.0	0.697558	0.0	0.0	0.0	0.0	
56	1158	1549.178460305	4910.306	4910.306	5.19331	0.824849	1100	0	0	0	54	0	0	0	0	1.0e-5	0.0	0.0	0.0	0.533577	0.0	0.0	0.0	0.0	1.34839	0.0	0.0	0.0	1535.92	0.0	0.0	0.0	0.0	0.001226	0.0	0.0	0.0	28.443	0.0	0.0	0.0	0.0	10	0	0	0	31	0	0	0	0	64	0	0	0	7	0	0	0	0	450	0	0	0	16	0	0	0	0	143	0	0	0	0	0	0	0	0	22	0	0	0	0	0	0	0	0	411	0	0	0	0	0	0	0	0	0.007787	0.0	0.0	0.0	0.01876	0.0	0.0	0.0	0.0	0.293334	0.0	0.0	0.0	0.706666	0.0	0.0	0.0	0.0	
57	1159	1555.553892628	4910.306	4910.306	5.07249	0.821074	1100	0	0	0	55	0	0	0	0	1.0e-5	0.0	0.0	0.0	0.495824	0.0	0.0	0.0	0.0	1.34839	0.0	0.0	0.0	1542.3	0.0	0.0	0.0	0.0	0.001226	0.0	0.0	0.0	28.0417	0.0	0.0	0.0	0.0	10	0	0	0	31	0	0	0	0	64	0	0	0	7	0	0	0	0	450	0	0	0	17	0	0	0	0	143	0	0	0	0	0	0	0	0	22	0	0	0	0	0	0	0	0	411	0	0	0	0	0	0	0	0	0.007787	0.0	0.0	0.0	0.017682	0.0	0.0	0.0	0.0	0.305748	0.0	0.0	0.0	0.694252	0.0	0.0	0.0	0.0	
58	1160	1561.448864513	4910.306	4910.306	5.01063	0.819078	1100	0	0	0	56	0	0	0	0	1.0e-5	0.0	0.0	0.0	0.460115	0.0	0.0	0.0	0.0	1.34839	0.0	0.0	0.0	1548.19	0.0	0.0	0.0	0.0	0.001226	0.0	0.0	0.0	27.6463	0.0	0.0	0.0	0.0	10	0	0	0	31	0	0	0	0	64	0	0	0	7	0	0	0	0	450	0	0	0	18	0	0	0	0	143	0	0	0	0	0	0	0	0	22	0	0	0	0	0	0	0	0	411	0	0	0	0	0	0	0	0	0.007787	0.0	0.0	0.0	0.016643	0.0	0.0	0.0	0.0	0.318748	0.0	0.0	0.0	0.681252	0.0	0.0	0.0	0.0	
59	1162	1574.090908314	4910.306	4910.306	4.9541	0.817215	1101	0	0	0	57	0	0	0	0	9.0e-6	0.0	0.0	0.0	0.427416	0.0	0.0	0.0	0.0	1.3489	0.0	0.0	0.0	1560.83	0.0	0.0	0.0	0.0	0.001225	0.0	0.0	0.0	27.383	0.0	0.0	0.0	0.0	10	0	0	0	31	0	0	0	0	64	0	0	0	7	0	0	0	0	450	0	0	0	19	0	0	0	0	144	0	0	0	0	0	0	0	0	22	0	0	0	0	0	0	0	0	411	0	0	0	0	0	0	0	0	0.007012	0.0	0.0	0.0	0.015609	0.0	0.0	0.0	0.0	0.30998	0.0	0.0	0.0	0.69002	0.0	0.0	0.0	0.0	
60	1163	1576.428040682	4910.306	4910.306	4.83503	0.813163	1101	0	0	0	58	0	0	0	0	9.0e-6	0.0	0.0	0.0	0.396445	0.0	0.0	0.0	0.0	1.3489	0.0	0.0	0.0	1563.17	0.0	0.0	0.0	0.0	0.001225	0.0	0.0	0.0	26.9512	0.0	0.0	0.0	0.0	10	0	0	0	31	0	0	0	0	64	0	0	0	7	0	0	0	0	450	0	0	0	20	0	0	0	0	144	0	0	0	0	0	0	0	0	22	0	0	0	0	0	0	0	0	411	0	0	0	0	0	0	0	0	0.007012	0.0	0.0	0.0	0.01471	0.0	0.0	0.0	0.0	0.32281	0.0	0.0	0.0	0.67719	0.0	0.0	0.0	0.0	
61	1165	1586.321209126	4910.306	4910.306	4.81333	0.812405	1102	0	0	0	59	0	0	0	0	8.0e-6	0.0	0.0	0.0	0.368113	0.0	0.0	0.0	0.0	1.34917	0.0	0.0	0.0	1573.06	0.0	0.0	0.0	0.0	0.001224	0.0	0.0	0.0	26.6621	0.0	0.0	0.0	0.0	10	0	0	0	31	0	0	0	0	64	0	0	0	7	0	0	0	0	450	0	0	0	21	0	0	0	0	144	0	0	0	0	0	0	0	0	22	0	0	0	0	0	0	0	0	412	0	0	0	0	0	0	0	0	0.006315	0.0	0.0	0.0	0.013807	0.0	0.0	0.0	0.0	0.313851	0.0	0.0	0.0	0.686149	0.0	0.0	0.0	0.0	
62	1166	1616.365700815	4910.306	4910.306	4.72256	0.809167	1102	0	0	0	60	0	0	0	0	8.0e-6	0.0	0.0	0.0	0.341288	0.0	0.0	0.0	0.0	1.34917	0.0	0.0	0.0	1603.11	0.0	0.0	0.0	0.0	0.001224	0.0	0.0	0.0	26.7184	0.0	0.0	0.0	0.0	10	0	0	0	31	0	0	0	0	64	0	0	0	7	0	0	0	0	450	0	0	0	22	0	0	0	0	144	0	0	0	0	0	0	0	0	22	0	0	0	0	0	0	0	0	412	0	0	0	0	0	0	0	0	0.006315	0.0	0.0	0.0	0.012774	0.0	0.0	0.0	0.0	0.330837	0.0	0.0	0.0	0.669163	0.0	0.0	0.0	0.0	
63	1167	1623.858973288	4910.306	4910.306	4.45725	0.799032	1102	0	0	0	61	0	0	0	0	8.0e-6	0.0	0.0	0.0	0.315787	0.0	0.0	0.0	0.0	1.34917	0.0	0.0	0.0	1610.6	0.0	0.0	0.0	0.0	0.001224	0.0	0.0	0.0	26.4033	0.0	0.0	0.0	0.0	10	0	0	0	31	0	0	0	0	64	0	0	0	7	0	0	0	0	450	0	0	0	23	0	0	0	0	144	0	0	0	0	0	0	0	0	22	0	0	0	0	0	0	0	0	412	0	0	0	0	0	0	0	0	0.006315	0.0	0.0	0.0	0.01196	0.0	0.0	0.0	0.0	0.345561	0.0	0.0	0.0	0.654439	0.0	0.0	0.0	0.0	
64	1170	1626.161605627	4910.306	4910.306	4.39343	0.796433	1104	0	0	0	62	0	0	0	0	6.0e-6	0.0	0.0	0.0	0.293234	0.0	0.0	0.0	0.0	1.34958	0.0	0.0	0.0	1612.9	0.0	0.0	0.0	0.0	0.001222	0.0	0.0	0.0	26.0145	0.0	0.0	0.0	0.0	10	0	0	0	31	0	0	0	0	64	0	0	0	7	0	0	0	0	450	0	0	0	24	0	0	0	0	144	0	0	0	0	0	0	0	0	22	0	0	0	0	0	0	0	0	414	0	0	0	0	0	0	0	0	0.005123	0.0	0.0	0.0	0.011272	0.0	0.0	0.0	0.0	0.312479	0.0	0.0	0.0	0.687521	0.0	0.0	0.0	0.0	
65	1171	1629.674374153	4893.028	4893.028	4.37401	0.795628	1104	0	0	0	63	0	0	0	0	6.0e-6	0.0	0.0	0.0	0.344634	0.0	0.0	0.0	0.0	1.34958	0.0	0.0	0.0	1616.41	0.0	0.0	0.0	0.0	0.001222	0.0	0.0	0.0	25.6574	0.0	0.0	0.0	0.0	10	0	0	0	32	0	0	0	0	64	0	0	0	7	0	0	0	0	450	0	0	0	24	0	0	0	0	144	0	0	0	0	0	0	0	0	22	0	0	0	0	0	0	0	0	414	0	0	0	0	0	0	0	0	0.005123	0.0	0.0	0.0	0.013432	0.0	0.0	0.0	0.0	0.2761	0.0	0.0	0.0	0.7239	0.0	0.0	0.0	0.0	
66	1172	1633.395664608	4893.028	4893.028	4.34454	0.794395	1104	0	0	0	64	0	0	0	0	6.0e-6	0.0	0.0	0.0	0.32083	0.0	0.0	0.0	0.0	1.34958	0.0	0.0	0.0	1620.14	0.0	0.0	0.0	0.0	0.001222	0.0	0.0	0.0	25.3146	0.0	0.0	0.0	0.0	10	0	0	0	32	0	0	0	0	64	0	0	0	7	0	0	0	0	450	0	0	0	25	0	0	0	0	144	0	0	0	0	0	0	0	0	22	0	0	0	0	0	0	0	0	414	0	0	0	0	0	0	0	0	0.005123	0.0	0.0	0.0	0.012674	0.0	0.0	0.0	0.0	0.287867	0.0	0.0	0.0	0.712133	0.0	0.0	0.0	0.0	
67	1173	1638.356794603	4892.528	4892.528	4.31354	0.793082	1104	0	0	0	65	0	0	0	0	6.0e-6	0.0	0.0	0.0	0.368516	0.0	0.0	0.0	0.0	1.34958	0.0	0.0	0.0	1625.1	0.0	0.0	0.0	0.0	0.001222	0.0	0.0	0.0	25.0015	0.0	0.0	0.0	0.0	10	0	0	0	33	0	0	0	0	64	0	0	0	7	0	0	0	0	450	0	0	0	25	0	0	0	0	144	0	0	0	0	0	0	0	0	22	0	0	0	0	0	0	0	0	414	0	0	0	0	0	0	0	0	0.005123	0.0	0.0	0.0	0.01474	0.0	0.0	0.0	0.0	0.257924	0.0	0.0	0.0	0.742076	0.0	0.0	0.0	0.0	
68	1174	1659.873598279	4877.028	4877.028	4.27255	0.79132	1104	0	0	0	66	0	0	0	0	6.0e-6	0.0	0.0	0.0	0.411064	0.0	0.0	0.0	0.0	1.34958	0.0	0.0	0.0	1646.61	0.0	0.0	0.0	0.0	0.001222	0.0	0.0	0.0	24.9487	0.0	0.0	0.0	0.0	10	0	0	0	34	0	0	0	0	64	0	0	0	7	0	0	0	0	450	0	0	0	25	0	0	0	0	144	0	0	0	0	0	0	0	0	22	0	0	0	0	0	0	0	0	414	0	0	0	0	0	0	0	0	0.005123	0.0	0.0	0.0	0.016476	0.0	0.0	0.0	0.0	0.237187	0.0	0.0	0.0	0.762813	0.0	0.0	0.0	0.0	
69	1175	1671.294758525	4877.028	4877.028	4.09924	0.783529	1104	0	0	0	67	0	0	0	0	6.0e-6	0.0	0.0	0.0	0.38412	0.0	0.0	0.0	0.0	1.34958	0.0	0.0	0.0	1658.04	0.0	0.0	0.0	0.0	0.001222	0.0	0.0	0.0	24.7468	0.0	0.0	0.0	0.0	10	0	0	0	34	0	0	0	0	64	0	0	0	7	0	0	0	0	450	0	0	0	26	0	0	0	0	144	0	0	0	0	0	0	0	0	22	0	0	0	0	0	0	0	0	414	0	0	0	0	0	0	0	0	0.005123	0.0	0.0	0.0	0.015522	0.0	0.0	0.0	0.0	0.248151	0.0	0.0	0.0	0.751849	0.0	0.0	0.0	0.0	
70	1176	1688.406072804	4877.028	4877.028	4.01013	0.779293	1104	0	0	0	68	0	0	0	0	6.0e-6	0.0	0.0	0.0	0.358575	0.0	0.0	0.0	0.0	1.34958	0.0	0.0	0.0	1675.15	0.0	0.0	0.0	0.0	0.001222	0.0	0.0	0.0	24.6345	0.0	0.0	0.0	0.0	10	0	0	0	34	0	0	0	0	64	0	0	0	7	0	0	0	0	450	0	0	0	27	0	0	0	0	144	0	0	0	0	0	0	0	0	22	0	0	0	0	0	0	0	0	414	0	0	0	0	0	0	0	0	0.005123	0.0	0.0	0.0	0.014556	0.0	0.0	0.0	0.0	0.260335	0.0	0.0	0.0	0.739665	0.0	0.0	0.0	0.0	
71	1177	1693.089004076	4877.028	4877.028	3.88022	0.772814	1104	0	0	0	69	0	0	0	0	6.0e-6	0.0	0.0	0.0	0.334336	0.0	0.0	0.0	0.0	1.34958	0.0	0.0	0.0	1679.83	0.0	0.0	0.0	0.0	0.001222	0.0	0.0	0.0	24.3454	0.0	0.0	0.0	0.0	10	0	0	0	34	0	0	0	0	64	0	0	0	7	0	0	0	0	450	0	0	0	28	0	0	0	0	144	0	0	0	0	0	0	0	0	22	0	0	0	0	0	0	0	0	414	0	0	0	0	0	0	0	0	0.005123	0.0	0.0	0.0	0.013733	0.0	0.0	0.0	0.0	0.271694	0.0	0.0	0.0	0.728306	0.0	0.0	0.0	0.0	
72	1180	1695.736077864	4877.028	4877.528	3.8454	0.771013	1106	0	0	0	70	0	0	0	0	5.0e-6	0.0	0.0	0.0	0.312561	0.0	0.0	0.0	0.0	1.35032	0.0	0.0	0.0	1682.48	0.0	0.0	0.0	0.0	0.001221	0.0	0.0	0.0	24.0354	0.0	0.0	0.0	0.0	10	0	0	0	34	0	0	0	0	64	0	0	0	7	0	0	0	0	451	0	0	0	29	0	0	0	0	144	0	0	0	0	0	0	0	0	22	0	0	0	0	0	0	0	0	415	0	0	0	0	0	0	0	0	0.004156	0.0	0.0	0.0	0.013004	0.0	0.0	0.0	0.0	0.242179	0.0	0.0	0.0	0.757821	0.0	0.0	0.0	0.0	
73	1181	1698.036937405	4877.028	4877.528	3.82587	0.769989	1106	0	0	0	71	0	0	0	0	5.0e-6	0.0	0.0	0.0	0.291938	0.0	0.0	0.0	0.0	1.35032	0.0	0.0	0.0	1684.78	0.0	0.0	0.0	0.0	0.001221	0.0	0.0	0.0	23.7292	0.0	0.0	0.0	0.0	10	0	0	0	34	0	0	0	0	64	0	0	0	7	0	0	0	0	451	0	0	0	30	0	0	0	0	144	0	0	0	0	0	0	0	0	22	0	0	0	0	0	0	0	0	415	0	0	0	0	0	0	0	0	0.004156	0.0	0.0	0.0	0.012303	0.0	0.0	0.0	0.0	0.252498	0.0	0.0	0.0	0.747502	0.0	0.0	0.0	0.0	
74	1182	1706.854113097	4877.028	4877.528	3.80897	0.769097	1106	0	0	0	72	0	0	0	0	5.0e-6	0.0	0.0	0.0	0.272411	0.0	0.0	0.0	0.0	1.35032	0.0	0.0	0.0	1693.59	0.0	0.0	0.0	0.0	0.001221	0.0	0.0	0.0	23.5221	0.0	0.0	0.0	0.0	10	0	0	0	34	0	0	0	0	64	0	0	0	7	0	0	0	0	451	0	0	0	31	0	0	0	0	144	0	0	0	0	0	0	0	0	22	0	0	0	0	0	0	0	0	415	0	0	0	0	0	0	0	0	0.004156	0.0	0.0	0.0	0.011581	0.0	0.0	0.0	0.0	0.26408	0.0	0.0	0.0	0.73592	0.0	0.0	0.0	0.0	
75	1183	1710.032256256	4877.028	4877.528	3.74488	0.765649	1106	0	0	0	73	0	0	0	0	5.0e-6	0.0	0.0	0.0	0.253902	0.0	0.0	0.0	0.0	1.35032	0.0	0.0	0.0	1696.77	0.0	0.0	0.0	0.0	0.001221	0.0	0.0	0.0	23.2434	0.0	0.0	0.0	0.0	10	0	0	0	34	0	0	0	0	64	0	0	0	7	0	0	0	0	451	0	0	0	32	0	0	0	0	144	0	0	0	0	0	0	0	0	22	0	0	0	0	0	0	0	0	415	0	0	0	0	0	0	0	0	0.004156	0.0	0.0	0.0	0.010924	0.0	0.0	0.0	0.0	0.275593	0.0	0.0	0.0	0.724407	0.0	0.0	0.0	0.0	
76	1184	1725.671611031	4877.028	4877.528	3.72205	0.764396	1106	0	0	0	74	0	0	0	0	5.0e-6	0.0	0.0	0.0	0.236378	0.0	0.0	0.0	0.0	1.35032	0.0	0.0	0.0	1712.41	0.0	0.0	0.0	0.0	0.001221	0.0	0.0	0.0	23.1407	0.0	0.0	0.0	0.0	10	0	0	0	34	0	0	0	0	64	0	0	0	7	0	0	0	0	451	0	0	0	33	0	0	0	0	144	0	0	0	0	0	0	0	0	22	0	0	0	0	0	0	0	0	415	0	0	0	0	0	0	0	0	0.004156	0.0	0.0	0.0	0.010215	0.0	0.0	0.0	0.0	0.289187	0.0	0.0	0.0	0.710813	0.0	0.0	0.0	0.0	
77	1187	1739.277161577	4876.028	4876.028	3.61169	0.758146	1108	0	0	0	75	0	0	0	0	4.0e-6	0.0	0.0	0.0	0.287157	0.0	0.0	0.0	0.0	1.35106	0.0	0.0	0.0	1726.02	0.0	0.0	0.0	0.0	0.001219	0.0	0.0	0.0	23.0135	0.0	0.0	0.0	0.0	10	0	0	0	35	0	0	0	0	64	0	0	0	7	0	0	0	0	451	0	0	0	33	0	0	0	0	145	0	0	0	0	0	0	0	0	22	0	0	0	0	0	0	0	0	416	0	0	0	0	0	0	0	0	0.00337	0.0	0.0	0.0	0.012478	0.0	0.0	0.0	0.0	0.212669	0.0	0.0	0.0	0.787331	0.0	0.0	0.0	0.0	
78	1188	1748.037741144	4876.028	4876.028	3.51835	0.752598	1108	0	0	0	76	0	0	0	0	4.0e-6	0.0	0.0	0.0	0.268921	0.0	0.0	0.0	0.0	1.35106	0.0	0.0	0.0	1734.78	0.0	0.0	0.0	0.0	0.001219	0.0	0.0	0.0	22.826	0.0	0.0	0.0	0.0	10	0	0	0	35	0	0	0	0	64	0	0	0	7	0	0	0	0	451	0	0	0	34	0	0	0	0	145	0	0	0	0	0	0	0	0	22	0	0	0	0	0	0	0	0	416	0	0	0	0	0	0	0	0	0.00337	0.0	0.0	0.0	0.011781	0.0	0.0	0.0	0.0	0.222444	0.0	0.0	0.0	0.777556	0.0	0.0	0.0	0.0	
79	1189	1763.993329229	4876.028	4876.028	3.45953	0.74897	1108	0	0	0	77	0	0	0	0	4.0e-6	0.0	0.0	0.0	0.251628	0.0	0.0	0.0	0.0	1.35106	0.0	0.0	0.0	1750.73	0.0	0.0	0.0	0.0	0.001219	0.0	0.0	0.0	22.7368	0.0	0.0	0.0	0.0	10	0	0	0	35	0	0	0	0	64	0	0	0	7	0	0	0	0	451	0	0	0	35	0	0	0	0	145	0	0	0	0	0	0	0	0	22	0	0	0	0	0	0	0	0	416	0	0	0	0	0	0	0	0	0.00337	0.0	0.0	0.0	0.011067	0.0	0.0	0.0	0.0	0.23345	0.0	0.0	0.0	0.76655	0.0	0.0	0.0	0.0	
80	1190	1769.834835396	4876.028	4876.028	3.35492	0.742249	1108	0	0	0	78	0	0	0	0	4.0e-6	0.0	0.0	0.0	0.235215	0.0	0.0	0.0	0.0	1.35106	0.0	0.0	0.0	1756.57	0.0	0.0	0.0	0.0	0.001219	0.0	0.0	0.0	22.5202	0.0	0.0	0.0	0.0	10	0	0	0	35	0	0	0	0	64	0	0	0	7	0	0	0	0	451	0	0	0	36	0	0	0	0	145	0	0	0	0	0	0	0	0	22	0	0	0	0	0	0	0	0	416	0	0	0	0	0	0	0	0	0.00337	0.0	0.0	0.0	0.010445	0.0	0.0	0.0	0.0	0.243967	0.0	0.0	0.0	0.756033	0.0	0.0	0.0	0.0	
81	1191	1775.520025012	4876.028	4876.028	3.31741	0.739753	1108	0	0	0	79	0	0	0	0	4.0e-6	0.0	0.0	0.0	0.219659	0.0	0.0	0.0	0.0	1.35106	0.0	0.0	0.0	1762.26	0.0	0.0	0.0	0.0	0.001219	0.0	0.0	0.0	22.3071	0.0	0.0	0.0	0.0	10	0	0	0	35	0	0	0	0	64	0	0	0	7	0	0	0	0	451	0	0	0	37	0	0	0	0	145	0	0	0	0	0	0	0	0	22	0	0	0	0	0	0	0	0	416	0	0	0	0	0	0	0	0	0.00337	0.0	0.0	0.0	0.009847	0.0	0.0	0.0	0.0	0.254997	0.0	0.0	0.0	0.745003	0.0	0.0	0.0	0.0	
82	1192	1955.668677429	4835.167	4835.167	3.28132	0.737303	1108	0	0	0	80	0	0	0	0	4.0e-6	0.0	0.0	0.0	0.272031	0.0	0.0	0.0	0.0	1.35106	0.0	0.0	0.0	1942.41	0.0	0.0	0.0	0.0	0.001219	0.0	0.0	0.0	24.2801	0.0	0.0	0.0	0.0	10	0	0	0	36	0	0	0	0	64	0	0	0	7	0	0	0	0	451	0	0	0	37	0	0	0	0	145	0	0	0	0	0	0	0	0	22	0	0	0	0	0	0	0	0	416	0	0	0	0	0	0	0	0	0.00337	0.0	0.0	0.0	0.011204	0.0	0.0	0.0	0.0	0.231258	0.0	0.0	0.0	0.768742	0.0	0.0	0.0	0.0	
83	1193	1971.940002773	4835.167	4835.167	2.31997	0.649833	1108	0	0	0	81	0	0	0	0	4.0e-6	0.0	0.0	0.0	0.254337	0.0	0.0	0.0	0.0	1.35106	0.0	0.0	0.0	1958.68	0.0	0.0	0.0	0.0	0.001219	0.0	0.0	0.0	24.1812	0.0	0.0	0.0	0.0	10	0	0	0	36	0	0	0	0	64	0	0	0	7	0	0	0	0	451	0	0	0	38	0	0	0	0	145	0	0	0	0	0	0	0	0	22	0	0	0	0	0	0	0	0	416	0	0	0	0	0	0	0	0	0.00337	0.0	0.0	0.0	0.010518	0.0	0.0	0.0	0.0	0.242678	0.0	0.0	0.0	0.757322	0.0	0.0	0.0	0.0	
84	1194	1983.851754813	4835.167	4835.167	2.24845	0.640984	1108	0	0	0	82	0	0	0	0	4.0e-6	0.0	0.0	0.0	0.237546	0.0	0.0	0.0	0.0	1.35106	0.0	0.0	0.0	1970.59	0.0	0.0	0.0	0.0	0.001219	0.0	0.0	0.0	24.0316	0.0	0.0	0.0	0.0	10	0	0	0	36	0	0	0	0	64	0	0	0	7	0	0	0	0	451	0	0	0	39	0	0	0	0	145	0	0	0	0	0	0	0	0	22	0	0	0	0	0	0	0	0	416	0	0	0	0	0	0	0	0	0.00337	0.0	0.0	0.0	0.009885	0.0	0.0	0.0	0.0	0.254272	0.0	0.0	0.0	0.745728	0.0	0.0	0.0	0.0	
85	1195	2003.7370175	4835.167	4835.167	2.19749	0.634407	1108	0	0	0	83	0	0	0	0	4.0e-6	0.0	0.0	0.0	0.221618	0.0	0.0	0.0	0.0	1.35106	0.0	0.0	0.0	1990.48	0.0	0.0	0.0	0.0	0.001219	0.0	0.0	0.0	23.9816	0.0	0.0	0.0	0.0	10	0	0	0	36	0	0	0	0	64	0	0	0	7	0	0	0	0	451	0	0	0	40	0	0	0	0	145	0	0	0	0	0	0	0	0	22	0	0	0	0	0	0	0	0	416	0	0	0	0	0	0	0	0	0.00337	0.0	0.0	0.0	0.009241	0.0	0.0	0.0	0.0	0.267247	0.0	0.0	0.0	0.732753	0.0	0.0	0.0	0.0	
86	1196	2183.906182092	4834.167	4834.167	2.11499	0.623245	1108	0	0	0	84	0	0	0	0	4.0e-6	0.0	0.0	0.0	0.274732	0.0	0.0	0.0	0.0	1.35106	0.0	0.0	0.0	2170.64	0.0	0.0	0.0	0.0	0.001219	0.0	0.0	0.0	25.841	0.0	0.0	0.0	0.0	10	0	0	0	37	0	0	0	0	64	0	0	0	7	0	0	0	0	451	0	0	0	40	0	0	0	0	145	0	0	0	0	0	0	0	0	22	0	0	0	0	0	0	0	0	416	0	0	0	0	0	0	0	0	0.00337	0.0	0.0	0.0	0.010632	0.0	0.0	0.0	0.0	0.240709	0.0	0.0	0.0	0.759291	0.0	0.0	0.0	0.0	
87	1197	2195.505011797	4834.167	4834.167	1.49529	0.51234	1108	0	0	0	85	0	0	0	0	4.0e-6	0.0	0.0	0.0	0.256641	0.0	0.0	0.0	0.0	1.35106	0.0	0.0	0.0	2182.24	0.0	0.0	0.0	0.0	0.001219	0.0	0.0	0.0	25.6735	0.0	0.0	0.0	0.0	10	0	0	0	37	0	0	0	0	64	0	0	0	7	0	0	0	0	451	0	0	0	41	0	0	0	0	145	0	0	0	0	0	0	0	0	22	0	0	0	0	0	0	0	0	416	0	0	0	0	0	0	0	0	0.00337	0.0	0.0	0.0	0.009996	0.0	0.0	0.0	0.0	0.252149	0.0	0.0	0.0	0.747851	0.0	0.0	0.0	0.0	
88	1198	2209.566419171	4834.167	4834.167	1.46228	0.504664	1108	0	0	0	86	0	0	0	0	4.0e-6	0.0	0.0	0.0	0.239482	0.0	0.0	0.0	0.0	1.35106	0.0	0.0	0.0	2196.3	0.0	0.0	0.0	0.0	0.001219	0.0	0.0	0.0	25.5384	0.0	0.0	0.0	0.0	10	0	0	0	37	0	0	0	0	64	0	0	0	7	0	0	0	0	451	0	0	0	42	0	0	0	0	145	0	0	0	0	0	0	0	0	22	0	0	0	0	0	0	0	0	416	0	0	0	0	0	0	0	0	0.00337	0.0	0.0	0.0	0.009377	0.0	0.0	0.0	0.0	0.264393	0.0	0.0	0.0	0.735607	0.0	0.0	0.0	0.0	
89	1199	2211.904108107	4834.167	4834.167	1.42324	0.495285	1108	0	0	0	87	0	0	0	0	4.0e-6	0.0	0.0	0.0	0.223204	0.0	0.0	0.0	0.0	1.35106	0.0	0.0	0.0	2198.64	0.0	0.0	0.0	0.0	0.001219	0.0	0.0	0.0	25.2718	0.0	0.0	0.0	0.0	10	0	0	0	37	0	0	0	0	64	0	0	0	7	0	0	0	0	451	0	0	0	43	0	0	0	0	145	0	0	0	0	0	0	0	0	22	0	0	0	0	0	0	0	0	416	0	0	0	0	0	0	0	0	0.00337	0.0	0.0	0.0	0.008832	0.0	0.0	0.0	0.0	0.276205	0.0	0.0	0.0	0.723795	0.0	0.0	0.0	0.0	
90	1200	2225.842802146	4832.667	4832.667	1.41685	0.493719	1108	0	0	0	88	0	0	0	0	4.0e-6	0.0	0.0	0.0	0.276866	0.0	0.0	0.0	0.0	1.35106	0.0	0.0	0.0	2212.58	0.0	0.0	0.0	0.0	0.001219	0.0	0.0	0.0	25.143	0.0	0.0	0.0	0.0	10	0	0	0	38	0	0	0	0	64	0	0	0	7	0	0	0	0	451	0	0	0	43	0	0	0	0	145	0	0	0	0	0	0	0	0	22	0	0	0	0	0	0	0	0	416	0	0	0	0	0	0	0	0	0.00337	0.0	0.0	0.0	0.011012	0.0	0.0	0.0	0.0	0.234348	0.0	0.0	0.0	0.765652	0.0	0.0	0.0	0.0	
91	1201	2231.578148121	4832.167	4832.167	1.37935	0.484335	1108	0	0	0	89	0	0	0	0	4.0e-6	0.0	0.0	0.0	0.324089	0.0	0.0	0.0	0.0	1.35106	0.0	0.0	0.0	2218.32	0.0	0.0	0.0	0.0	0.001219	0.0	0.0	0.0	24.9249	0.0	0.0	0.0	0.0	10	0	0	0	39	0	0	0	0	64	0	0	0	7	0	0	0	0	451	0	0	0	43	0	0	0	0	145	0	0	0	0	0	0	0	0	22	0	0	0	0	0	0	0	0	416	0	0	0	0	0	0	0	0	0.00337	0.0	0.0	0.0	0.013003	0.0	0.0	0.0	0.0	0.205851	0.0	0.0	0.0	0.794149	0.0	0.0	0.0	0.0	
92	1202	2242.799629304	4832.167	4832.167	1.36421	0.480454	1108	0	0	0	90	0	0	0	0	4.0e-6	0.0	0.0	0.0	0.303684	0.0	0.0	0.0	0.0	1.35106	0.0	0.0	0.0	2229.54	0.0	0.0	0.0	0.0	0.001219	0.0	0.0	0.0	24.7726	0.0	0.0	0.0	0.0	10	0	0	0	39	0	0	0	0	64	0	0	0	7	0	0	0	0	451	0	0	0	44	0	0	0	0	145	0	0	0	0	0	0	0	0	22	0	0	0	0	0	0	0	0	416	0	0	0	0	0	0	0	0	0.00337	0.0	0.0	0.0	0.012259	0.0	0.0	0.0	0.0	0.215647	0.0	0.0	0.0	0.784353	0.0	0.0	0.0	0.0	
93	1204	2262.568183803	4831.667	4831.667	1.33507	0.472827	1109	0	0	0	91	0	0	0	0	4.0e-6	0.0	0.0	0.0	0.347121	0.0	0.0	0.0	0.0	1.35132	0.0	0.0	0.0	2249.31	0.0	0.0	0.0	0.0	0.001218	0.0	0.0	0.0	24.7177	0.0	0.0	0.0	0.0	10	0	0	0	40	0	0	0	0	64	0	0	0	7	0	0	0	0	451	0	0	0	44	0	0	0	0	145	0	0	0	0	0	0	0	0	22	0	0	0	0	0	0	0	0	417	0	0	0	0	0	0	0	0	0.003036	0.0	0.0	0.0	0.014043	0.0	0.0	0.0	0.0	0.177735	0.0	0.0	0.0	0.822265	0.0	0.0	0.0	0.0	
94	1205	2264.947769836	4831.667	4831.667	1.28523	0.459291	1109	0	0	0	92	0	0	0	0	4.0e-6	0.0	0.0	0.0	0.326013	0.0	0.0	0.0	0.0	1.35132	0.0	0.0	0.0	2251.69	0.0	0.0	0.0	0.0	0.001218	0.0	0.0	0.0	24.4748	0.0	0.0	0.0	0.0	10	0	0	0	40	0	0	0	0	64	0	0	0	7	0	0	0	0	451	0	0	0	45	0	0	0	0	145	0	0	0	0	0	0	0	0	22	0	0	0	0	0	0	0	0	417	0	0	0	0	0	0	0	0	0.003036	0.0	0.0	0.0	0.01332	0.0	0.0	0.0	0.0	0.185593	0.0	0.0	0.0	0.814407	0.0	0.0	0.0	0.0	
95	1206	2318.857079274	4831.667	4831.667	1.27936	0.457654	1109	0	0	0	93	0	0	0	0	4.0e-6	0.0	0.0	0.0	0.305998	0.0	0.0	0.0	0.0	1.35132	0.0	0.0	0.0	2305.6	0.0	0.0	0.0	0.0	0.001218	0.0	0.0	0.0	24.7913	0.0	0.0	0.0	0.0	10	0	0	0	40	0	0	0	0	64	0	0	0	7	0	0	0	0	451	0	0	0	46	0	0	0	0	145	0	0	0	0	0	0	0	0	22	0	0	0	0	0	0	0	0	417	0	0	0	0	0	0	0	0	0.003036	0.0	0.0	0.0	0.012343	0.0	0.0	0.0	0.0	0.197388	0.0	0.0	0.0	0.802612	0.0	0.0	0.0	0.0	
96	1208	2337.864945287	4824.167	4824.167	1.15328	0.420172	1110	0	0	0	94	0	0	0	0	3.0e-6	0.0	0.0	0.0	0.348382	0.0	0.0	0.0	0.0	1.35192	0.0	0.0	0.0	2324.6	0.0	0.0	0.0	0.0	0.001218	0.0	0.0	0.0	24.7298	0.0	0.0	0.0	0.0	10	0	0	0	41	0	0	0	0	64	0	0	0	7	0	0	0	0	451	0	0	0	46	0	0	0	0	146	0	0	0	0	0	0	0	0	22	0	0	0	0	0	0	0	0	417	0	0	0	0	0	0	0	0	0.002733	0.0	0.0	0.0	0.014088	0.0	0.0	0.0	0.0	0.162491	0.0	0.0	0.0	0.837509	0.0	0.0	0.0	0.0	
97	1209	2341.405238541	4824.167	4824.167	1.11186	0.406815	1110	0	0	0	95	0	0	0	0	3.0e-6	0.0	0.0	0.0	0.327583	0.0	0.0	0.0	0.0	1.35192	0.0	0.0	0.0	2328.14	0.0	0.0	0.0	0.0	0.001218	0.0	0.0	0.0	24.5068	0.0	0.0	0.0	0.0	10	0	0	0	41	0	0	0	0	64	0	0	0	7	0	0	0	0	451	0	0	0	47	0	0	0	0	146	0	0	0	0	0	0	0	0	22	0	0	0	0	0	0	0	0	417	0	0	0	0	0	0	0	0	0.002733	0.0	0.0	0.0	0.013367	0.0	0.0	0.0	0.0	0.169762	0.0	0.0	0.0	0.830238	0.0	0.0	0.0	0.0	
98	1210	2350.283262968	4824.167	4824.167	1.10431	0.404322	1110	0	0	0	96	0	0	0	0	3.0e-6	0.0	0.0	0.0	0.307855	0.0	0.0	0.0	0.0	1.35192	0.0	0.0	0.0	2337.02	0.0	0.0	0.0	0.0	0.001218	0.0	0.0	0.0	24.344	0.0	0.0	0.0	0.0	10	0	0	0	41	0	0	0	0	64	0	0	0	7	0	0	0	0	451	0	0	0	48	0	0	0	0	146	0	0	0	0	0	0	0	0	22	0	0	0	0	0	0	0	0	417	0	0	0	0	0	0	0	0	0.002733	0.0	0.0	0.0	0.012646	0.0	0.0	0.0	0.0	0.177721	0.0	0.0	0.0	0.822279	0.0	0.0	0.0	0.0	
99	1211	2361.602387127	4824.167	4824.167	1.0856	0.398061	1110	0	0	0	97	0	0	0	0	3.0e-6	0.0	0.0	0.0	0.289136	0.0	0.0	0.0	0.0	1.35192	0.0	0.0	0.0	2348.34	0.0	0.0	0.0	0.0	0.001218	0.0	0.0	0.0	24.2097	0.0	0.0	0.0	0.0	10	0	0	0	41	0	0	0	0	64	0	0	0	7	0	0	0	0	451	0	0	0	49	0	0	0	0	146	0	0	0	0	0	0	0	0	22	0	0	0	0	0	0	0	0	417	0	0	0	0	0	0	0	0	0.002733	0.0	0.0	0.0	0.011943	0.0	0.0	0.0	0.0	0.186235	0.0	0.0	0.0	0.813765	0.0	0.0	0.0	0.0	
100	1212	2367.021452061	4824.167	4824.167	1.06221	0.390068	1110	0	0	0	98	0	0	0	0	3.0e-6	0.0	0.0	0.0	0.27137	0.0	0.0	0.0	0.0	1.35192	0.0	0.0	0.0	2353.76	0.0	0.0	0.0	0.0	0.001218	0.0	0.0	0.0	24.0179	0.0	0.0	0.0	0.0	10	0	0	0	41	0	0	0	0	64	0	0	0	7	0	0	0	0	451	0	0	0	50	0	0	0	0	146	0	0	0	0	0	0	0	0	22	0	0	0	0	0	0	0	0	417	0	0	0	0	0	0	0	0	0.002733	0.0	0.0	0.0	0.011299	0.0	0.0	0.0	0.0	0.194786	0.0	0.0	0.0	0.805214	0.0	0.0	0.0	0.0	
101	1213	2381.031852691	4824.167	4824.167	1.05119	0.386237	1110	0	0	0	99	0	0	0	0	3.0e-6	0.0	0.0	0.0	0.254519	0.0	0.0	0.0	0.0	1.35192	0.0	0.0	0.0	2367.77	0.0	0.0	0.0	0.0	0.001218	0.0	0.0	0.0	23.9169	0.0	0.0	0.0	0.0	10	0	0	0	41	0	0	0	0	64	0	0	0	7	0	0	0	0	451	0	0	0	51	0	0	0	0	146	0	0	0	0	0	0	0	0	22	0	0	0	0	0	0	0	0	417	0	0	0	0	0	0	0	0	0.002733	0.0	0.0	0.0	0.010642	0.0	0.0	0.0	0.0	0.204352	0.0	0.0	0.0	0.795648	0.0	0.0	0.0	0.0	
102	1214	2395.169584763	4824.167	4824.167	1.02322	0.376325	1110	0	0	0	100	0	0	0	0	3.0e-6	0.0	0.0	0.0	0.238525	0.0	0.0	0.0	0.0	1.35192	0.0	0.0	0.0	2381.91	0.0	0.0	0.0	0.0	0.001218	0.0	0.0	0.0	23.8191	0.0	0.0	0.0	0.0	10	0	0	0	41	0	0	0	0	64	0	0	0	7	0	0	0	0	451	0	0	0	52	0	0	0	0	146	0	0	0	0	0	0	0	0	22	0	0	0	0	0	0	0	0	417	0	0	0	0	0	0	0	0	0.002733	0.0	0.0	0.0	0.010014	0.0	0.0	0.0	0.0	0.214416	0.0	0.0	0.0	0.785584	0.0	0.0	0.0	0.0	
103	1215	2402.988362976	4824.167	4824.167	0.99576	0.366316	1110	0	0	0	101	0	0	0	0	3.0e-6	0.0	0.0	0.0	0.223344	0.0	0.0	0.0	0.0	1.35192	0.0	0.0	0.0	2389.73	0.0	0.0	0.0	0.0	0.001218	0.0	0.0	0.0	23.6607	0.0	0.0	0.0	0.0	10	0	0	0	41	0	0	0	0	64	0	0	0	7	0	0	0	0	451	0	0	0	53	0	0	0	0	146	0	0	0	0	0	0	0	0	22	0	0	0	0	0	0	0	0	417	0	0	0	0	0	0	0	0	0.002733	0.0	0.0	0.0	0.009439	0.0	0.0	0.0	0.0	0.224537	0.0	0.0	0.0	0.775463	0.0	0.0	0.0	0.0	
104	1216	2407.596657907	4824.167	4824.167	0.980889	0.360781	1110	0	0	0	102	0	0	0	0	3.0e-6	0.0	0.0	0.0	0.208943	0.0	0.0	0.0	0.0	1.35192	0.0	0.0	0.0	2394.33	0.0	0.0	0.0	0.0	0.001218	0.0	0.0	0.0	23.4739	0.0	0.0	0.0	0.0	10	0	0	0	41	0	0	0	0	64	0	0	0	7	0	0	0	0	451	0	0	0	54	0	0	0	0	146	0	0	0	0	0	0	0	0	22	0	0	0	0	0	0	0	0	417	0	0	0	0	0	0	0	0	0.002733	0.0	0.0	0.0	0.008901	0.0	0.0	0.0	0.0	0.234927	0.0	0.0	0.0	0.765073	0.0	0.0	0.0	0.0	
105	1218	2414.97622755	4824.167	4824.167	0.972228	0.357519	1111	0	0	0	103	0	0	0	0	3.0e-6	0.0	0.0	0.0	0.195607	0.0	0.0	0.0	0.0	1.3522	0.0	0.0	0.0	2401.71	0.0	0.0	0.0	0.0	0.001217	0.0	0.0	0.0	23.3176	0.0	0.0	0.0	0.0	10	0	0	0	41	0	0	0	0	64	0	0	0	7	0	0	0	0	451	0	0	0	55	0	0	0	0	146	0	0	0	0	0	0	0	0	22	0	0	0	0	0	0	0	0	418	0	0	0	0	0	0	0	0	0.002462	0.0	0.0	0.0	0.008389	0.0	0.0	0.0	0.0	0.226868	0.0	0.0	0.0	0.773132	0.0	0.0	0.0	0.0	
106	1219	2421.085727298	4819.167	4819.167	0.958519	0.352299	1111	0	0	0	104	0	0	0	0	3.0e-6	0.0	0.0	0.0	0.247628	0.0	0.0	0.0	0.0	1.3522	0.0	0.0	0.0	2407.82	0.0	0.0	0.0	0.0	0.001217	0.0	0.0	0.0	23.1521	0.0	0.0	0.0	0.0	10	0	0	0	42	0	0	0	0	64	0	0	0	7	0	0	0	0	451	0	0	0	55	0	0	0	0	146	0	0	0	0	0	0	0	0	22	0	0	0	0	0	0	0	0	418	0	0	0	0	0	0	0	0	0.002462	0.0	0.0	0.0	0.010696	0.0	0.0	0.0	0.0	0.187091	0.0	0.0	0.0	0.812909	0.0	0.0	0.0	0.0	
107	1220	2424.213488436	4819.167	4819.167	0.947315	0.347978	1111	0	0	0	105	0	0	0	0	3.0e-6	0.0	0.0	0.0	0.232397	0.0	0.0	0.0	0.0	1.3522	0.0	0.0	0.0	2410.95	0.0	0.0	0.0	0.0	0.001217	0.0	0.0	0.0	22.9614	0.0	0.0	0.0	0.0	10	0	0	0	42	0	0	0	0	64	0	0	0	7	0	0	0	0	451	0	0	0	56	0	0	0	0	146	0	0	0	0	0	0	0	0	22	0	0	0	0	0	0	0	0	418	0	0	0	0	0	0	0	0	0.002462	0.0	0.0	0.0	0.010121	0.0	0.0	0.0	0.0	0.195633	0.0	0.0	0.0	0.804367	0.0	0.0	0.0	0.0	
108	1221	2434.308774471	4819.167	4819.167	0.94163	0.345768	1111	0	0	0	106	0	0	0	0	3.0e-6	0.0	0.0	0.0	0.217951	0.0	0.0	0.0	0.0	1.3522	0.0	0.0	0.0	2421.05	0.0	0.0	0.0	0.0	0.001217	0.0	0.0	0.0	22.8401	0.0	0.0	0.0	0.0	10	0	0	0	42	0	0	0	0	64	0	0	0	7	0	0	0	0	451	0	0	0	57	0	0	0	0	146	0	0	0	0	0	0	0	0	22	0	0	0	0	0	0	0	0	418	0	0	0	0	0	0	0	0	0.002462	0.0	0.0	0.0	0.009543	0.0	0.0	0.0	0.0	0.205064	0.0	0.0	0.0	0.794936	0.0	0.0	0.0	0.0	
109	1222	2443.622883708	4819.167	4819.167	0.923512	0.338638	1111	0	0	0	107	0	0	0	0	3.0e-6	0.0	0.0	0.0	0.204243	0.0	0.0	0.0	0.0	1.3522	0.0	0.0	0.0	2430.36	0.0	0.0	0.0	0.0	0.001217	0.0	0.0	0.0	22.7136	0.0	0.0	0.0	0.0	10	0	0	0	42	0	0	0	0	64	0	0	0	7	0	0	0	0	451	0	0	0	58	0	0	0	0	146	0	0	0	0	0	0	0	0	22	0	0	0	0	0	0	0	0	418	0	0	0	0	0	0	0	0	0.002462	0.0	0.0	0.0	0.008992	0.0	0.0	0.0	0.0	0.214919	0.0	0.0	0.0	0.785081	0.0	0.0	0.0	0.0	
110	1226	2447.11409025	4819.167	4819.167	0.907104	0.33207	1114	0	0	0	108	0	0	0	0	2.0e-6	0.0	0.0	0.0	0.191989	0.0	0.0	0.0	0.0	1.3536	0.0	0.0	0.0	2433.85	0.0	0.0	0.0	0.0	0.001215	0.0	0.0	0.0	22.5356	0.0	0.0	0.0	0.0	10	0	0	0	42	0	0	0	0	64	0	0	0	7	0	0	0	0	451	0	0	0	59	0	0	0	0	149	0	0	0	0	0	0	0	0	22	0	0	0	0	0	0	0	0	418	0	0	0	0	0	0	0	0	0.001798	0.0	0.0	0.0	0.008519	0.0	0.0	0.0	0.0	0.17423	0.0	0.0	0.0	0.82577	0.0	0.0	0.0	0.0	
111	1227	2471.110076549	4808.167	4808.167	0.901032	0.329612	1114	0	0	0	109	0	0	0	0	2.0e-6	0.0	0.0	0.0	0.240914	0.0	0.0	0.0	0.0	1.3536	0.0	0.0	0.0	2457.85	0.0	0.0	0.0	0.0	0.001215	0.0	0.0	0.0	22.549	0.0	0.0	0.0	0.0	10	0	0	0	43	0	0	0	0	64	0	0	0	7	0	0	0	0	451	0	0	0	59	0	0	0	0	149	0	0	0	0	0	0	0	0	22	0	0	0	0	0	0	0	0	418	0	0	0	0	0	0	0	0	0.001798	0.0	0.0	0.0	0.010684	0.0	0.0	0.0	0.0	0.144013	0.0	0.0	0.0	0.855987	0.0	0.0	0.0	0.0	
112	1228	2651.276406956	4808.167	4808.167	0.860369	0.312769	1114	0	0	0	110	0	0	0	0	2.0e-6	0.0	0.0	0.0	0.226842	0.0	0.0	0.0	0.0	1.3536	0.0	0.0	0.0	2638.01	0.0	0.0	0.0	0.0	0.001215	0.0	0.0	0.0	23.9819	0.0	0.0	0.0	0.0	10	0	0	0	43	0	0	0	0	64	0	0	0	7	0	0	0	0	451	0	0	0	60	0	0	0	0	149	0	0	0	0	0	0	0	0	22	0	0	0	0	0	0	0	0	418	0	0	0	0	0	0	0	0	0.001798	0.0	0.0	0.0	0.009459	0.0	0.0	0.0	0.0	0.159688	0.0	0.0	0.0	0.840312	0.0	0.0	0.0	0.0	
113	1229	2653.594818364	4808.167	4808.167	0.608281	0.19321	1114	0	0	0	111	0	0	0	0	2.0e-6	0.0	0.0	0.0	0.213344	0.0	0.0	0.0	0.0	1.3536	0.0	0.0	0.0	2640.33	0.0	0.0	0.0	0.0	0.001215	0.0	0.0	0.0	23.7868	0.0	0.0	0.0	0.0	10	0	0	0	43	0	0	0	0	64	0	0	0	7	0	0	0	0	451	0	0	0	61	0	0	0	0	149	0	0	0	0	0	0	0	0	22	0	0	0	0	0	0	0	0	418	0	0	0	0	0	0	0	0	0.001798	0.0	0.0	0.0	0.008969	0.0	0.0	0.0	0.0	0.166953	0.0	0.0	0.0	0.833047	0.0	0.0	0.0	0.0	
114	1230	2662.152418812	4808.167	4808.167	0.605574	0.191795	1114	0	0	0	112	0	0	0	0	2.0e-6	0.0	0.0	0.0	0.200539	0.0	0.0	0.0	0.0	1.3536	0.0	0.0	0.0	2648.89	0.0	0.0	0.0	0.0	0.001215	0.0	0.0	0.0	23.6508	0.0	0.0	0.0	0.0	10	0	0	0	43	0	0	0	0	64	0	0	0	7	0	0	0	0	451	0	0	0	62	0	0	0	0	149	0	0	0	0	0	0	0	0	22	0	0	0	0	0	0	0	0	418	0	0	0	0	0	0	0	0	0.001798	0.0	0.0	0.0	0.008479	0.0	0.0	0.0	0.0	0.174911	0.0	0.0	0.0	0.825089	0.0	0.0	0.0	0.0	
115	1231	2667.332689879	4808.167	4808.167	0.595682	0.186608	1114	0	0	0	113	0	0	0	0	2.0e-6	0.0	0.0	0.0	0.188386	0.0	0.0	0.0	0.0	1.3536	0.0	0.0	0.0	2654.07	0.0	0.0	0.0	0.0	0.001215	0.0	0.0	0.0	23.4873	0.0	0.0	0.0	0.0	10	0	0	0	43	0	0	0	0	64	0	0	0	7	0	0	0	0	451	0	0	0	63	0	0	0	0	149	0	0	0	0	0	0	0	0	22	0	0	0	0	0	0	0	0	418	0	0	0	0	0	0	0	0	0.001798	0.0	0.0	0.0	0.008021	0.0	0.0	0.0	0.0	0.183077	0.0	0.0	0.0	0.816923	0.0	0.0	0.0	0.0	
116	1232	2676.037757335	4808.167	4808.167	0.589773	0.183495	1114	0	0	0	114	0	0	0	0	2.0e-6	0.0	0.0	0.0	0.176856	0.0	0.0	0.0	0.0	1.3536	0.0	0.0	0.0	2662.77	0.0	0.0	0.0	0.0	0.001215	0.0	0.0	0.0	23.3577	0.0	0.0	0.0	0.0	10	0	0	0	43	0	0	0	0	64	0	0	0	7	0	0	0	0	451	0	0	0	64	0	0	0	0	149	0	0	0	0	0	0	0	0	22	0	0	0	0	0	0	0	0	418	0	0	0	0	0	0	0	0	0.001798	0.0	0.0	0.0	0.007572	0.0	0.0	0.0	0.0	0.191853	0.0	0.0	0.0	0.808147	0.0	0.0	0.0	0.0	
117	1233	2682.407132671	4807.667	4807.667	0.579975	0.178314	1114	0	0	0	115	0	0	0	0	2.0e-6	0.0	0.0	0.0	0.227784	0.0	0.0	0.0	0.0	1.3536	0.0	0.0	0.0	2669.14	0.0	0.0	0.0	0.0	0.001215	0.0	0.0	0.0	23.2099	0.0	0.0	0.0	0.0	10	0	0	0	44	0	0	0	0	64	0	0	0	7	0	0	0	0	451	0	0	0	64	0	0	0	0	149	0	0	0	0	0	0	0	0	22	0	0	0	0	0	0	0	0	418	0	0	0	0	0	0	0	0	0.001798	0.0	0.0	0.0	0.009814	0.0	0.0	0.0	0.0	0.154803	0.0	0.0	0.0	0.845197	0.0	0.0	0.0	0.0	
118	1234	2693.545616625	4807.667	4807.667	0.57291	0.174562	1114	0	0	0	116	0	0	0	0	2.0e-6	0.0	0.0	0.0	0.214309	0.0	0.0	0.0	0.0	1.3536	0.0	0.0	0.0	2680.28	0.0	0.0	0.0	0.0	0.001215	0.0	0.0	0.0	23.1059	0.0	0.0	0.0	0.0	10	0	0	0	44	0	0	0	0	64	0	0	0	7	0	0	0	0	451	0	0	0	65	0	0	0	0	149	0	0	0	0	0	0	0	0	22	0	0	0	0	0	0	0	0	418	0	0	0	0	0	0	0	0	0.001798	0.0	0.0	0.0	0.009275	0.0	0.0	0.0	0.0	0.162338	0.0	0.0	0.0	0.837662	0.0	0.0	0.0	0.0	
119	1235	2705.465446079	4807.667	4807.667	0.56076	0.168083	1114	0	0	0	117	0	0	0	0	2.0e-6	0.0	0.0	0.0	0.201517	0.0	0.0	0.0	0.0	1.3536	0.0	0.0	0.0	2692.2	0.0	0.0	0.0	0.0	0.001215	0.0	0.0	0.0	23.0103	0.0	0.0	0.0	0.0	10	0	0	0	44	0	0	0	0	64	0	0	0	7	0	0	0	0	451	0	0	0	66	0	0	0	0	149	0	0	0	0	0	0	0	0	22	0	0	0	0	0	0	0	0	418	0	0	0	0	0	0	0	0	0.001798	0.0	0.0	0.0	0.008758	0.0	0.0	0.0	0.0	0.170296	0.0	0.0	0.0	0.829704	0.0	0.0	0.0	0.0	
120	1236	2708.881306272	4807.667	4807.667	0.548043	0.16127	1114	0	0	0	118	0	0	0	0	2.0e-6	0.0	0.0	0.0	0.189373	0.0	0.0	0.0	0.0	1.3536	0.0	0.0	0.0	2695.62	0.0	0.0	0.0	0.0	0.001215	0.0	0.0	0.0	22.8442	0.0	0.0	0.0	0.0	10	0	0	0	44	0	0	0	0	64	0	0	0	7	0	0	0	0	451	0	0	0	67	0	0	0	0	149	0	0	0	0	0	0	0	0	22	0	0	0	0	0	0	0	0	418	0	0	0	0	0	0	0	0	0.001798	0.0	0.0	0.0	0.00829	0.0	0.0	0.0	0.0	0.178195	0.0	0.0	0.0	0.821805	0.0	0.0	0.0	0.0	
121	1237	2712.82480612	4807.667	4807.667	0.544452	0.159341	1114	0	0	0	119	0	0	0	0	2.0e-6	0.0	0.0	0.0	0.177851	0.0	0.0	0.0	0.0	1.3536	0.0	0.0	0.0	2699.56	0.0	0.0	0.0	0.0	0.001215	0.0	0.0	0.0	22.6854	0.0	0.0	0.0	0.0	10	0	0	0	44	0	0	0	0	64	0	0	0	7	0	0	0	0	451	0	0	0	68	0	0	0	0	149	0	0	0	0	0	0	0	0	22	0	0	0	0	0	0	0	0	418	0	0	0	0	0	0	0	0	0.001798	0.0	0.0	0.0	0.00784	0.0	0.0	0.0	0.0	0.186513	0.0	0.0	0.0	0.813487	0.0	0.0	0.0	0.0	
122	1238	2716.857921856	4807.667	4807.667	0.540335	0.157127	1114	0	0	0	120	0	0	0	0	2.0e-6	0.0	0.0	0.0	0.16692	0.0	0.0	0.0	0.0	1.3536	0.0	0.0	0.0	2703.59	0.0	0.0	0.0	0.0	0.001215	0.0	0.0	0.0	22.5299	0.0	0.0	0.0	0.0	10	0	0	0	44	0	0	0	0	64	0	0	0	7	0	0	0	0	451	0	0	0	69	0	0	0	0	149	0	0	0	0	0	0	0	0	22	0	0	0	0	0	0	0	0	418	0	0	0	0	0	0	0	0	0.001798	0.0	0.0	0.0	0.007409	0.0	0.0	0.0	0.0	0.195247	0.0	0.0	0.0	0.804753	0.0	0.0	0.0	0.0	
123	1239	2723.920598228	4807.667	4807.667	0.536158	0.154877	1114	0	0	0	121	0	0	0	0	2.0e-6	0.0	0.0	0.0	0.156549	0.0	0.0	0.0	0.0	1.3536	0.0	0.0	0.0	2710.66	0.0	0.0	0.0	0.0	0.001215	0.0	0.0	0.0	22.4021	0.0	0.0	0.0	0.0	10	0	0	0	44	0	0	0	0	64	0	0	0	7	0	0	0	0	451	0	0	0	70	0	0	0	0	149	0	0	0	0	0	0	0	0	22	0	0	0	0	0	0	0	0	418	0	0	0	0	0	0	0	0	0.001798	0.0	0.0	0.0	0.006988	0.0	0.0	0.0	0.0	0.204596	0.0	0.0	0.0	0.795404	0.0	0.0	0.0	0.0	
124	1240	2728.133482695	4807.667	4807.667	0.52892	0.150974	1114	0	0	0	122	0	0	0	0	2.0e-6	0.0	0.0	0.0	0.146708	0.0	0.0	0.0	0.0	1.3536	0.0	0.0	0.0	2714.87	0.0	0.0	0.0	0.0	0.001215	0.0	0.0	0.0	22.253	0.0	0.0	0.0	0.0	10	0	0	0	44	0	0	0	0	64	0	0	0	7	0	0	0	0	451	0	0	0	71	0	0	0	0	149	0	0	0	0	0	0	0	0	22	0	0	0	0	0	0	0	0	418	0	0	0	0	0	0	0	0	0.001798	0.0	0.0	0.0	0.006593	0.0	0.0	0.0	0.0	0.214238	0.0	0.0	0.0	0.785762	0.0	0.0	0.0	0.0	
125	1241	2737.364772772	4807.667	4807.667	0.524649	0.148668	1114	0	0	0	123	0	0	0	0	2.0e-6	0.0	0.0	0.0	0.137373	0.0	0.0	0.0	0.0	1.3536	0.0	0.0	0.0	2724.1	0.0	0.0	0.0	0.0	0.001215	0.0	0.0	0.0	22.1472	0.0	0.0	0.0	0.0	10	0	0	0	44	0	0	0	0	64	0	0	0	7	0	0	0	0	451	0	0	0	72	0	0	0	0	149	0	0	0	0	0	0	0	0	22	0	0	0	0	0	0	0	0	418	0	0	0	0	0	0	0	0	0.001798	0.0	0.0	0.0	0.006203	0.0	0.0	0.0	0.0	0.224682	0.0	0.0	0.0	0.775318	0.0	0.0	0.0	0.0	
126	1242	2741.32874257	4807.667	4807.667	0.515411	0.143675	1114	0	0	0	124	0	0	0	0	2.0e-6	0.0	0.0	0.0	0.128514	0.0	0.0	0.0	0.0	1.3536	0.0	0.0	0.0	2728.06	0.0	0.0	0.0	0.0	0.001215	0.0	0.0	0.0	22.0005	0.0	0.0	0.0	0.0	10	0	0	0	44	0	0	0	0	64	0	0	0	7	0	0	0	0	451	0	0	0	73	0	0	0	0	149	0	0	0	0	0	0	0	0	22	0	0	0	0	0	0	0	0	418	0	0	0	0	0	0	0	0	0.001798	0.0	0.0	0.0	0.005841	0.0	0.0	0.0	0.0	0.235309	0.0	0.0	0.0	0.764691	0.0	0.0	0.0	0.0	
127	1243	2749.634800078	4807.667	4807.667	0.511494	0.141556	1114	0	0	0	125	0	0	0	0	2.0e-6	0.0	0.0	0.0	0.120111	0.0	0.0	0.0	0.0	1.3536	0.0	0.0	0.0	2736.37	0.0	0.0	0.0	0.0	0.001215	0.0	0.0	0.0	21.891	0.0	0.0	0.0	0.0	10	0	0	0	44	0	0	0	0	64	0	0	0	7	0	0	0	0	451	0	0	0	74	0	0	0	0	149	0	0	0	0	0	0	0	0	22	0	0	0	0	0	0	0	0	418	0	0	0	0	0	0	0	0	0.001798	0.0	0.0	0.0	0.005487	0.0	0.0	0.0	0.0	0.246765	0.0	0.0	0.0	0.753235	0.0	0.0	0.0	0.0	
128	1244	2756.152850206	4807.667	4807.667	0.503383	0.137166	1114	0	0	0	126	0	0	0	0	2.0e-6	0.0	0.0	0.0	0.112138	0.0	0.0	0.0	0.0	1.3536	0.0	0.0	0.0	2742.89	0.0	0.0	0.0	0.0	0.001215	0.0	0.0	0.0	21.769	0.0	0.0	0.0	0.0	10	0	0	0	44	0	0	0	0	64	0	0	0	7	0	0	0	0	451	0	0	0	75	0	0	0	0	149	0	0	0	0	0	0	0	0	22	0	0	0	0	0	0	0	0	418	0	0	0	0	0	0	0	0	0.001798	0.0	0.0	0.0	0.005151	0.0	0.0	0.0	0.0	0.25868	0.0	0.0	0.0	0.74132	0.0	0.0	0.0	0.0	
129	1245	2762.228226811	4807.667	4807.667	0.497108	0.13377	1114	0	0	0	127	0	0	0	0	2.0e-6	0.0	0.0	0.0	0.104574	0.0	0.0	0.0	0.0	1.3536	0.0	0.0	0.0	2748.96	0.0	0.0	0.0	0.0	0.001215	0.0	0.0	0.0	21.6454	0.0	0.0	0.0	0.0	10	0	0	0	44	0	0	0	0	64	0	0	0	7	0	0	0	0	451	0	0	0	76	0	0	0	0	149	0	0	0	0	0	0	0	0	22	0	0	0	0	0	0	0	0	418	0	0	0	0	0	0	0	0	0.001798	0.0	0.0	0.0	0.004831	0.0	0.0	0.0	0.0	0.271168	0.0	0.0	0.0	0.728832	0.0	0.0	0.0	0.0	
130	1246	2772.708679158	4807.667	4807.667	0.491329	0.130642	1114	0	0	0	128	0	0	0	0	2.0e-6	0.0	0.0	0.0	0.0974	0.0	0.0	0.0	0.0	1.3536	0.0	0.0	0.0	2759.44	0.0	0.0	0.0	0.0	0.001215	0.0	0.0	0.0	21.5582	0.0	0.0	0.0	0.0	10	0	0	0	44	0	0	0	0	64	0	0	0	7	0	0	0	0	451	0	0	0	77	0	0	0	0	149	0	0	0	0	0	0	0	0	22	0	0	0	0	0	0	0	0	418	0	0	0	0	0	0	0	0	0.001798	0.0	0.0	0.0	0.004518	0.0	0.0	0.0	0.0	0.284617	0.0	0.0	0.0	0.715383	0.0	0.0	0.0	0.0	
131	1248	2782.025042759	4807.667	4807.667	0.481518	0.125335	1115	0	0	0	129	0	0	0	0	2.0e-6	0.0	0.0	0.0	0.090786	0.0	0.0	0.0	0.0	1.35424	0.0	0.0	0.0	2768.76	0.0	0.0	0.0	0.0	0.001215	0.0	0.0	0.0	21.4633	0.0	0.0	0.0	0.0	10	0	0	0	44	0	0	0	0	64	0	0	0	7	0	0	0	0	451	0	0	0	78	0	0	0	0	150	0	0	0	0	0	0	0	0	22	0	0	0	0	0	0	0	0	418	0	0	0	0	0	0	0	0	0.001618	0.0	0.0	0.0	0.00423	0.0	0.0	0.0	0.0	0.276738	0.0	0.0	0.0	0.723262	0.0	0.0	0.0	0.0	
132	1249	2790.463877943	4807.667	4807.667	0.472963	0.120714	1115	0	0	0	130	0	0	0	0	2.0e-6	0.0	0.0	0.0	0.08451	0.0	0.0	0.0	0.0	1.35424	0.0	0.0	0.0	2777.2	0.0	0.0	0.0	0.0	0.001215	0.0	0.0	0.0	21.3631	0.0	0.0	0.0	0.0	10	0	0	0	44	0	0	0	0	64	0	0	0	7	0	0	0	0	451	0	0	0	79	0	0	0	0	150	0	0	0	0	0	0	0	0	22	0	0	0	0	0	0	0	0	418	0	0	0	0	0	0	0	0	0.001618	0.0	0.0	0.0	0.003956	0.0	0.0	0.0	0.0	0.290338	0.0	0.0	0.0	0.709662	0.0	0.0	0.0	0.0	
133	1250	2795.218548501	4807.667	4807.667	0.465344	0.116607	1115	0	0	0	131	0	0	0	0	2.0e-6	0.0	0.0	0.0	0.078555	0.0	0.0	0.0	0.0	1.35424	0.0	0.0	0.0	2781.95	0.0	0.0	0.0	0.0	0.001215	0.0	0.0	0.0	21.2363	0.0	0.0	0.0	0.0	10	0	0	0	44	0	0	0	0	64	0	0	0	7	0	0	0	0	451	0	0	0	80	0	0	0	0	150	0	0	0	0	0	0	0	0	22	0	0	0	0	0	0	0	0	418	0	0	0	0	0	0	0	0	0.001618	0.0	0.0	0.0	0.003699	0.0	0.0	0.0	0.0	0.304357	0.0	0.0	0.0	0.695643	0.0	0.0	0.0	0.0	
134	1412	2809.787059431	4807.653666666668	4807.667	0.461056	0.114299	1276	0	0	0	132	0	0	0	0	2.3e-5	0.0	0.0	0.0	0.0707	0.0	0.0	0.0	0.0	1.41004	0.0	0.0	0.0	2796.47	0.0	0.0	0.0	0.0	0.001105	0.0	0.0	0.0	21.1853	0.0	0.0	0.0	0.0	11	0	0	0	44	0	0	0	0	64	0	0	0	7	0	0	0	0	484	0	0	0	81	0	0	0	0	196	0	0	0	0	0	0	0	0	24	0	0	0	0	0	0	0	0	497	0	0	0	0	0	0	0	0	0.020966	0.0	0.0	0.0	0.003337	0.0	0.0	0.0	0.0	0.862684	0.0	0.0	0.0	0.137316	0.0	0.0	0.0	0.0	
135	1414	2818.609691054	4807.653666666668	4807.667	0.448357	0.107489	1277	0	0	0	133	0	0	0	0	2.2e-5	0.0	0.0	0.0	0.06363	0.0	0.0	0.0	0.0	1.41031	0.0	0.0	0.0	2805.29	0.0	0.0	0.0	0.0	0.001104	0.0	0.0	0.0	21.0924	0.0	0.0	0.0	0.0	11	0	0	0	44	0	0	0	0	64	0	0	0	7	0	0	0	0	484	0	0	0	82	0	0	0	0	196	0	0	0	0	0	0	0	0	24	0	0	0	0	0	0	0	0	498	0	0	0	0	0	0	0	0	0.019762	0.0	0.0	0.0	0.003017	0.0	0.0	0.0	0.0	0.867567	0.0	0.0	0.0	0.132433	0.0	0.0	0.0	0.0	
136	1422	2870.732280339	4807.653666666668	4807.667	0.440807	0.10346	1284	0	0	0	134	0	0	0	0	1.4e-5	0.0	0.0	0.0	0.057267	0.0	0.0	0.0	0.0	1.41225	0.0	0.0	0.0	2857.41	0.0	0.0	0.0	0.0	0.0011	0.0	0.0	0.0	21.3239	0.0	0.0	0.0	0.0	11	0	0	0	44	0	0	0	0	64	0	0	0	7	0	0	0	0	484	0	0	0	83	0	0	0	0	198	0	0	0	0	0	0	0	0	24	0	0	0	0	0	0	0	0	503	0	0	0	0	0	0	0	0	0.012945	0.0	0.0	0.0	0.002686	0.0	0.0	0.0	0.0	0.828188	0.0	0.0	0.0	0.171812	0.0	0.0	0.0	0.0	
137	1429	2876.52066021	4807.653666666668	4807.667	0.398736	0.081437	1290	0	0	0	135	0	0	0	0	1.0e-5	0.0	0.0	0.0	0.05154	0.0	0.0	0.0	0.0	1.41412	0.0	0.0	0.0	2863.19	0.0	0.0	0.0	0.0	0.001096	0.0	0.0	0.0	21.2089	0.0	0.0	0.0	0.0	11	0	0	0	44	0	0	0	0	64	0	0	0	7	0	0	0	0	486	0	0	0	84	0	0	0	0	199	0	0	0	0	0	0	0	0	24	0	0	0	0	0	0	0	0	506	0	0	0	0	0	0	0	0	0.008836	0.0	0.0	0.0	0.00243	0.0	0.0	0.0	0.0	0.784299	0.0	0.0	0.0	0.215701	0.0	0.0	0.0	0.0	
138	1433	2880.675246806	4807.653666666668	4807.667	0.394319	0.079181	1293	0	0	0	136	0	0	0	0	8.0e-6	0.0	0.0	0.0	0.046386	0.0	0.0	0.0	0.0	1.41529	0.0	0.0	0.0	2867.35	0.0	0.0	0.0	0.0	0.001095	0.0	0.0	0.0	21.0834	0.0	0.0	0.0	0.0	11	0	0	0	44	0	0	0	0	64	0	0	0	7	0	0	0	0	486	0	0	0	85	0	0	0	0	202	0	0	0	0	0	0	0	0	24	0	0	0	0	0	0	0	0	506	0	0	0	0	0	0	0	0	0.00724	0.0	0.0	0.0	0.0022	0.0	0.0	0.0	0.0	0.766944	0.0	0.0	0.0	0.233056	0.0	0.0	0.0	0.0	
139	1435	2887.34525858	4807.653666666668	4807.667	0.39118	0.077586	1294	0	0	0	137	0	0	0	0	7.0e-6	0.0	0.0	0.0	0.041748	0.0	0.0	0.0	0.0	1.41552	0.0	0.0	0.0	2874.02	0.0	0.0	0.0	0.0	0.001094	0.0	0.0	0.0	20.9782	0.0	0.0	0.0	0.0	11	0	0	0	44	0	0	0	0	64	0	0	0	7	0	0	0	0	486	0	0	0	86	0	0	0	0	202	0	0	0	0	0	0	0	0	24	0	0	0	0	0	0	0	0	507	0	0	0	0	0	0	0	0	0.006772	0.0	0.0	0.0	0.00199	0.0	0.0	0.0	0.0	0.772888	0.0	0.0	0.0	0.227112	0.0	0.0	0.0	0.0	
140	1438	2891.438883402	4807.653666666668	4807.667	0.38619	0.075065	1296	0	0	0	138	0	0	0	0	6.0e-6	0.0	0.0	0.0	0.037573	0.0	0.0	0.0	0.0	1.41606	0.0	0.0	0.0	2878.11	0.0	0.0	0.0	0.0	0.001093	0.0	0.0	0.0	20.8559	0.0	0.0	0.0	0.0	11	0	0	0	44	0	0	0	0	64	0	0	0	7	0	0	0	0	487	0	0	0	87	0	0	0	0	202	0	0	0	0	0	0	0	0	24	0	0	0	0	0	0	0	0	508	0	0	0	0	0	0	0	0	0.005926	0.0	0.0	0.0	0.001802	0.0	0.0	0.0	0.0	0.766853	0.0	0.0	0.0	0.233147	0.0	0.0	0.0	0.0	
141	1440	2893.829333135	4807.653666666668	4807.667	0.38316	0.073544	1297	0	0	0	139	0	0	0	0	6.0e-6	0.0	0.0	0.0	0.033816	0.0	0.0	0.0	0.0	1.41648	0.0	0.0	0.0	2880.5	0.0	0.0	0.0	0.0	0.001092	0.0	0.0	0.0	20.723	0.0	0.0	0.0	0.0	11	0	0	0	44	0	0	0	0	64	0	0	0	7	0	0	0	0	487	0	0	0	88	0	0	0	0	203	0	0	0	0	0	0	0	0	24	0	0	0	0	0	0	0	0	508	0	0	0	0	0	0	0	0	0.005542	0.0	0.0	0.0	0.001632	0.0	0.0	0.0	0.0	0.772529	0.0	0.0	0.0	0.227471	0.0	0.0	0.0	0.0	
142	1441	2900.862871776	4807.653666666668	4807.667	0.381402	0.072664	1297	0	0	0	140	0	0	0	0	6.0e-6	0.0	0.0	0.0	0.030434	0.0	0.0	0.0	0.0	1.41648	0.0	0.0	0.0	2887.53	0.0	0.0	0.0	0.0	0.001092	0.0	0.0	0.0	20.6252	0.0	0.0	0.0	0.0	11	0	0	0	44	0	0	0	0	64	0	0	0	7	0	0	0	0	487	0	0	0	89	0	0	0	0	203	0	0	0	0	0	0	0	0	24	0	0	0	0	0	0	0	0	508	0	0	0	0	0	0	0	0	0.005542	0.0	0.0	0.0	0.001476	0.0	0.0	0.0	0.0	0.789726	0.0	0.0	0.0	0.210274	0.0	0.0	0.0	0.0	
143	1549	3081.084319909	4807.653666666668	4807.667	0.376255	0.070104	1404	0	0	0	141	0	0	0	0	1.2e-5	0.0	0.0	0.0	0.02739	0.0	0.0	0.0	0.0	1.44198	0.0	0.0	0.0	3067.73	0.0	0.0	0.0	0.0	0.001027	0.0	0.0	0.0	21.757	0.0	0.0	0.0	0.0	11	0	0	0	44	0	0	0	0	66	0	0	0	7	0	0	0	0	506	0	0	0	90	0	0	0	0	229	0	0	0	0	0	0	0	0	26	0	0	0	0	0	0	0	0	566	0	0	0	0	0	0	0	0	0.01186	0.0	0.0	0.0	0.001259	0.0	0.0	0.0	0.0	0.904038	0.0	0.0	0.0	0.095962	0.0	0.0	0.0	0.0	
144	1557	3085.091417416	4807.653666666668	4807.667	0.265997	0.023297	1411	0	0	0	142	0	0	0	0	8.0e-6	0.0	0.0	0.0	0.024652	0.0	0.0	0.0	0.0	1.44409	0.0	0.0	0.0	3071.74	0.0	0.0	0.0	0.0	0.001023	0.0	0.0	0.0	21.6319	0.0	0.0	0.0	0.0	11	0	0	0	44	0	0	0	0	66	0	0	0	7	0	0	0	0	507	0	0	0	91	0	0	0	0	230	0	0	0	0	0	0	0	0	26	0	0	0	0	0	0	0	0	571	0	0	0	0	0	0	0	0	0.007932	0.0	0.0	0.0	0.00114	0.0	0.0	0.0	0.0	0.874373	0.0	0.0	0.0	0.125627	0.0	0.0	0.0	0.0	
145	1721	3149.405405194	4805.667	4805.667	0.263935	0.022622	1574	0	0	0	143	0	0	0	0	2.3e-5	0.0	0.0	0.0	0.122186	0.0	0.0	0.0	0.0	1.48256	0.0	0.0	0.0	3136.01	0.0	0.0	0.0	0.0	0.000942	0.0	0.0	0.0	21.9301	0.0	0.0	0.0	0.0	12	0	0	0	45	0	0	0	0	67	0	0	0	7	0	0	0	0	545	0	0	0	91	0	0	0	0	275	0	0	0	0	0	0	0	0	29	0	0	0	0	0	0	0	0	646	0	0	0	0	0	0	0	0	0.024565	0.0	0.0	0.0	0.005572	0.0	0.0	0.0	0.0	0.815121	0.0	0.0	0.0	0.184879	0.0	0.0	0.0	0.0	
146	1728	3155.114071122	4805.667	4805.667	0.233225	0.013736	1580	0	0	0	144	0	0	0	0	1.6e-5	0.0	0.0	0.0	0.109968	0.0	0.0	0.0	0.0	1.4844	0.0	0.0	0.0	3141.72	0.0	0.0	0.0	0.0	0.000939	0.0	0.0	0.0	21.8175	0.0	0.0	0.0	0.0	12	0	0	0	45	0	0	0	0	67	0	0	0	7	0	0	0	0	546	0	0	0	92	0	0	0	0	276	0	0	0	0	0	0	0	0	29	0	0	0	0	0	0	0	0	650	0	0	0	0	0	0	0	0	0.016626	0.0	0.0	0.0	0.00504	0.0	0.0	0.0	0.0	0.767369	0.0	0.0	0.0	0.232631	0.0	0.0	0.0	0.0	
147	1738	3157.798417707	4805.667	4805.667	0.230676	0.013101	1589	0	0	0	145	0	0	0	0	8.0e-6	0.0	0.0	0.0	0.098971	0.0	0.0	0.0	0.0	1.4883	0.0	0.0	0.0	3144.4	0.0	0.0	0.0	0.0	0.000937	0.0	0.0	0.0	21.6855	0.0	0.0	0.0	0.0	12	0	0	0	45	0	0	0	0	67	0	0	0	7	0	0	0	0	547	0	0	0	93	0	0	0	0	281	0	0	0	0	0	0	0	0	30	0	0	0	0	0	0	0	0	652	0	0	0	0	0	0	0	0	0.008645	0.0	0.0	0.0	0.004564	0.0	0.0	0.0	0.0	0.654473	0.0	0.0	0.0	0.345527	0.0	0.0	0.0	0.0	
148	1739	3164.455637822	4805.667	4805.667	0.229489	0.01281	1589	0	0	0	146	0	0	0	0	8.0e-6	0.0	0.0	0.0	0.089074	0.0	0.0	0.0	0.0	1.4883	0.0	0.0	0.0	3151.06	0.0	0.0	0.0	0.0	0.000937	0.0	0.0	0.0	21.5826	0.0	0.0	0.0	0.0	12	0	0	0	45	0	0	0	0	67	0	0	0	7	0	0	0	0	547	0	0	0	94	0	0	0	0	281	0	0	0	0	0	0	0	0	30	0	0	0	0	0	0	0	0	652	0	0	0	0	0	0	0	0	0.008645	0.0	0.0	0.0	0.004127	0.0	0.0	0.0	0.0	0.676856	0.0	0.0	0.0	0.323144	0.0	0.0	0.0	0.0	
149	1745	3166.774447961	4805.667	4805.667	0.226567	0.01211	1594	0	0	0	147	0	0	0	0	5.0e-6	0.0	0.0	0.0	0.080166	0.0	0.0	0.0	0.0	1.4896	0.0	0.0	0.0	3153.37	0.0	0.0	0.0	0.0	0.000935	0.0	0.0	0.0	21.4515	0.0	0.0	0.0	0.0	12	0	0	0	45	0	0	0	0	67	0	0	0	7	0	0	0	0	547	0	0	0	95	0	0	0	0	282	0	0	0	0	0	0	0	0	30	0	0	0	0	0	0	0	0	656	0	0	0	0	0	0	0	0	0.005769	0.0	0.0	0.0	0.003737	0.0	0.0	0.0	0.0	0.606888	0.0	0.0	0.0	0.393112	0.0	0.0	0.0	0.0	
150	1747	3169.451129148	4805.667	4805.667	0.225558	0.011874	1595	0	0	0	148	0	0	0	0	5.0e-6	0.0	0.0	0.0	0.07215	0.0	0.0	0.0	0.0	1.4902	0.0	0.0	0.0	3156.05	0.0	0.0	0.0	0.0	0.000934	0.0	0.0	0.0	21.3247	0.0	0.0	0.0	0.0	12	0	0	0	45	0	0	0	0	67	0	0	0	7	0	0	0	0	547	0	0	0	96	0	0	0	0	283	0	0	0	0	0	0	0	0	30	0	0	0	0	0	0	0	0	656	0	0	0	0	0	0	0	0	0.005295	0.0	0.0	0.0	0.003383	0.0	0.0	0.0	0.0	0.610145	0.0	0.0	0.0	0.389855	0.0	0.0	0.0	0.0	
151	1750	3229.889692137	4798.167	4798.167	0.224399	0.011605	1597	0	0	0	149	0	0	0	0	4.0e-6	0.0	0.0	0.0	0.164935	0.0	0.0	0.0	0.0	1.4914	0.0	0.0	0.0	3216.49	0.0	0.0	0.0	0.0	0.000934	0.0	0.0	0.0	21.5872	0.0	0.0	0.0	0.0	12	0	0	0	46	0	0	0	0	67	0	0	0	7	0	0	0	0	548	0	0	0	96	0	0	0	0	284	0	0	0	0	0	0	0	0	30	0	0	0	0	0	0	0	0	656	0	0	0	0	0	0	0	0	0.004452	0.0	0.0	0.0	0.00764	0.0	0.0	0.0	0.0	0.36816	0.0	0.0	0.0	0.63184	0.0	0.0	0.0	0.0	
152	1753	3232.32163334	4798.167	4798.167	0.19976	0.006698	1599	0	0	0	150	0	0	0	0	3.0e-6	0.0	0.0	0.0	0.152794	0.0	0.0	0.0	0.0	1.49252	0.0	0.0	0.0	3218.92	0.0	0.0	0.0	0.0	0.000933	0.0	0.0	0.0	21.4594	0.0	0.0	0.0	0.0	12	0	0	0	46	0	0	0	0	67	0	0	0	7	0	0	0	0	548	0	0	0	97	0	0	0	0	285	0	0	0	0	0	0	0	0	30	0	0	0	0	0	0	0	0	657	0	0	0	0	0	0	0	0	0.003608	0.0	0.0	0.0	0.00712	0.0	0.0	0.0	0.0	0.336305	0.0	0.0	0.0	0.663695	0.0	0.0	0.0	0.0	
153	1755	3239.06679707	4798.167	4798.167	0.198819	0.006541	1600	0	0	0	151	0	0	0	0	3.0e-6	0.0	0.0	0.0	0.141717	0.0	0.0	0.0	0.0	1.51396	0.0	0.0	0.0	3225.64	0.0	0.0	0.0	0.0	0.000946	0.0	0.0	0.0	21.3619	0.0	0.0	0.0	0.0	12	0	0	0	46	0	0	0	0	67	0	0	0	7	0	0	0	0	548	0	0	0	98	0	0	0	0	285	0	0	0	0	0	0	0	0	30	0	0	0	0	0	0	0	0	658	0	0	0	0	0	0	0	0	0.003203	0.0	0.0	0.0	0.006634	0.0	0.0	0.0	0.0	0.32561	0.0	0.0	0.0	0.67439	0.0	0.0	0.0	0.0	
154	1756	3241.975619553	4798.167	4798.167	0.196263	0.006126	1600	0	0	0	152	0	0	0	0	3.0e-6	0.0	0.0	0.0	0.13121	0.0	0.0	0.0	0.0	1.51396	0.0	0.0	0.0	3228.55	0.0	0.0	0.0	0.0	0.000946	0.0	0.0	0.0	21.2405	0.0	0.0	0.0	0.0	12	0	0	0	46	0	0	0	0	67	0	0	0	7	0	0	0	0	548	0	0	0	99	0	0	0	0	285	0	0	0	0	0	0	0	0	30	0	0	0	0	0	0	0	0	658	0	0	0	0	0	0	0	0	0.003203	0.0	0.0	0.0	0.006177	0.0	0.0	0.0	0.0	0.341465	0.0	0.0	0.0	0.658535	0.0	0.0	0.0	0.0	
155	1757	3244.250644178	4798.167	4798.167	0.195167	0.005953	1600	0	0	0	153	0	0	0	0	3.0e-6	0.0	0.0	0.0	0.121248	0.0	0.0	0.0	0.0	1.51396	0.0	0.0	0.0	3230.82	0.0	0.0	0.0	0.0	0.000946	0.0	0.0	0.0	21.1165	0.0	0.0	0.0	0.0	12	0	0	0	46	0	0	0	0	67	0	0	0	7	0	0	0	0	548	0	0	0	100	0	0	0	0	285	0	0	0	0	0	0	0	0	30	0	0	0	0	0	0	0	0	658	0	0	0	0	0	0	0	0	0.003203	0.0	0.0	0.0	0.005742	0.0	0.0	0.0	0.0	0.35809	0.0	0.0	0.0	0.64191	0.0	0.0	0.0	0.0	
156	1758	3253.831498155	4798.167	4798.167	0.194315	0.005821	1600	0	0	0	154	0	0	0	0	3.0e-6	0.0	0.0	0.0	0.111804	0.0	0.0	0.0	0.0	1.51396	0.0	0.0	0.0	3240.41	0.0	0.0	0.0	0.0	0.000946	0.0	0.0	0.0	21.0416	0.0	0.0	0.0	0.0	12	0	0	0	46	0	0	0	0	67	0	0	0	7	0	0	0	0	548	0	0	0	101	0	0	0	0	285	0	0	0	0	0	0	0	0	30	0	0	0	0	0	0	0	0	658	0	0	0	0	0	0	0	0	0.003203	0.0	0.0	0.0	0.005313	0.0	0.0	0.0	0.0	0.376103	0.0	0.0	0.0	0.623897	0.0	0.0	0.0	0.0	
157	1760	3258.718091822	4798.167	4798.167	0.190765	0.005289	1601	0	0	0	155	0	0	0	0	3.0e-6	0.0	0.0	0.0	0.10318	0.0	0.0	0.0	0.0	1.51445	0.0	0.0	0.0	3245.29	0.0	0.0	0.0	0.0	0.000946	0.0	0.0	0.0	20.9374	0.0	0.0	0.0	0.0	12	0	0	0	46	0	0	0	0	67	0	0	0	7	0	0	0	0	548	0	0	0	102	0	0	0	0	286	0	0	0	0	0	0	0	0	30	0	0	0	0	0	0	0	0	658	0	0	0	0	0	0	0	0	0.002884	0.0	0.0	0.0	0.004928	0.0	0.0	0.0	0.0	0.369148	0.0	0.0	0.0	0.630852	0.0	0.0	0.0	0.0	
158	1908	3268.756932956	4798.149222222223	4798.167	0.188968	0.005032	1748	0	0	0	156	0	0	0	0	5.2e-5	0.0	0.0	0.0	0.092862	0.0	0.0	0.0	0.0	1.54635	0.0	0.0	0.0	3255.3	0.0	0.0	0.0	0.0	0.000885	0.0	0.0	0.0	20.8673	0.0	0.0	0.0	0.0	13	0	0	0	46	0	0	0	0	68	0	0	0	7	0	0	0	0	574	0	0	0	103	0	0	0	0	319	0	0	0	0	0	0	0	0	32	0	0	0	0	0	0	0	0	742	0	0	0	0	0	0	0	0	0.058679	0.0	0.0	0.0	0.00445	0.0	0.0	0.0	0.0	0.929508	0.0	0.0	0.0	0.070492	0.0	0.0	0.0	0.0	
159	1912	3299.860139505	4796.667	4796.667	0.185363	0.00454	1751	0	0	0	157	0	0	0	0	4.4e-5	0.0	0.0	0.0	0.183576	0.0	0.0	0.0	0.0	1.54773	0.0	0.0	0.0	3286.4	0.0	0.0	0.0	0.0	0.000884	0.0	0.0	0.0	20.9325	0.0	0.0	0.0	0.0	13	0	0	0	47	0	0	0	0	68	0	0	0	7	0	0	0	0	574	0	0	0	103	0	0	0	0	321	0	0	0	0	0	0	0	0	32	0	0	0	0	0	0	0	0	743	0	0	0	0	0	0	0	0	0.049716	0.0	0.0	0.0	0.00877	0.0	0.0	0.0	0.0	0.850052	0.0	0.0	0.0	0.149948	0.0	0.0	0.0	0.0	
160	1913	3311.647237397	4795.167	4795.167	0.174594	0.003255	1751	0	0	0	158	0	0	0	0	4.4e-5	0.0	0.0	0.0	0.265218	0.0	0.0	0.0	0.0	1.54773	0.0	0.0	0.0	3298.19	0.0	0.0	0.0	0.0	0.000884	0.0	0.0	0.0	20.8746	0.0	0.0	0.0	0.0	13	0	0	0	48	0	0	0	0	68	0	0	0	7	0	0	0	0	574	0	0	0	103	0	0	0	0	321	0	0	0	0	0	0	0	0	32	0	0	0	0	0	0	0	0	743	0	0	0	0	0	0	0	0	0.049716	0.0	0.0	0.0	0.012705	0.0	0.0	0.0	0.0	0.79646	0.0	0.0	0.0	0.20354	0.0	0.0	0.0	0.0	
161	1917	3330.469770195	4795.167	4795.167	0.170677	0.002854	1754	0	0	0	159	0	0	0	0	3.6e-5	0.0	0.0	0.0	0.238696	0.0	0.0	0.0	0.0	1.54868	0.0	0.0	0.0	3317.01	0.0	0.0	0.0	0.0	0.000883	0.0	0.0	0.0	20.8617	0.0	0.0	0.0	0.0	13	0	0	0	48	0	0	0	0	68	0	0	0	7	0	0	0	0	574	0	0	0	104	0	0	0	0	322	0	0	0	0	0	0	0	0	32	0	0	0	0	0	0	0	0	745	0	0	0	0	0	0	0	0	0.040859	0.0	0.0	0.0	0.011442	0.0	0.0	0.0	0.0	0.78123	0.0	0.0	0.0	0.21877	0.0	0.0	0.0	0.0	
162	1918	3332.930062037	4795.167	4795.167	0.164606	0.002299	1754	0	0	0	160	0	0	0	0	3.6e-5	0.0	0.0	0.0	0.214827	0.0	0.0	0.0	0.0	1.54868	0.0	0.0	0.0	3319.47	0.0	0.0	0.0	0.0	0.000883	0.0	0.0	0.0	20.7467	0.0	0.0	0.0	0.0	13	0	0	0	48	0	0	0	0	68	0	0	0	7	0	0	0	0	574	0	0	0	105	0	0	0	0	322	0	0	0	0	0	0	0	0	32	0	0	0	0	0	0	0	0	745	0	0	0	0	0	0	0	0	0.040859	0.0	0.0	0.0	0.010355	0.0	0.0	0.0	0.0	0.797813	0.0	0.0	0.0	0.202187	0.0	0.0	0.0	0.0	
163	1919	3344.202636584	4795.167	4795.167	0.163828	0.002234	1754	0	0	0	161	0	0	0	0	3.6e-5	0.0	0.0	0.0	0.193344	0.0	0.0	0.0	0.0	1.54868	0.0	0.0	0.0	3330.74	0.0	0.0	0.0	0.0	0.000883	0.0	0.0	0.0	20.6878	0.0	0.0	0.0	0.0	13	0	0	0	48	0	0	0	0	68	0	0	0	7	0	0	0	0	574	0	0	0	106	0	0	0	0	322	0	0	0	0	0	0	0	0	32	0	0	0	0	0	0	0	0	745	0	0	0	0	0	0	0	0	0.040859	0.0	0.0	0.0	0.009346	0.0	0.0	0.0	0.0	0.813847	0.0	0.0	0.0	0.186153	0.0	0.0	0.0	0.0	
164	1927	3354.008294055	4795.167	4795.167	0.160312	0.001954	1761	0	0	0	162	0	0	0	0	2.3e-5	0.0	0.0	0.0	0.17451	0.0	0.0	0.0	0.0	1.55115	0.0	0.0	0.0	3340.54	0.0	0.0	0.0	0.0	0.000881	0.0	0.0	0.0	20.6206	0.0	0.0	0.0	0.0	13	0	0	0	48	0	0	0	0	68	0	0	0	8	0	0	0	0	576	0	0	0	106	0	0	0	0	324	0	0	0	0	0	0	0	0	32	0	0	0	0	0	0	0	0	748	0	0	0	0	0	0	0	0	0.02578	0.0	0.0	0.0	0.008463	0.0	0.0	0.0	0.0	0.752858	0.0	0.0	0.0	0.247142	0.0	0.0	0.0	0.0	
165	1931	3380.336387166	4790.167	4790.167	0.157316	0.001735	1764	0	0	0	163	0	0	0	0	1.8e-5	0.0	0.0	0.0	0.257059	0.0	0.0	0.0	0.0	1.55183	0.0	0.0	0.0	3366.87	0.0	0.0	0.0	0.0	0.00088	0.0	0.0	0.0	20.6557	0.0	0.0	0.0	0.0	13	0	0	0	49	0	0	0	0	68	0	0	0	8	0	0	0	0	576	0	0	0	106	0	0	0	0	324	0	0	0	0	0	0	0	0	32	0	0	0	0	0	0	0	0	751	0	0	0	0	0	0	0	0	0.020923	0.0	0.0	0.0	0.012445	0.0	0.0	0.0	0.0	0.627038	0.0	0.0	0.0	0.372962	0.0	0.0	0.0	0.0	
166	1933	3382.64396909	4790.167	4790.167	0.149543	0.001247	1765	0	0	0	164	0	0	0	0	1.7e-5	0.0	0.0	0.0	0.231353	0.0	0.0	0.0	0.0	1.55231	0.0	0.0	0.0	3369.18	0.0	0.0	0.0	0.0	0.000879	0.0	0.0	0.0	20.5438	0.0	0.0	0.0	0.0	13	0	0	0	49	0	0	0	0	68	0	0	0	8	0	0	0	0	576	0	0	0	107	0	0	0	0	324	0	0	0	0	0	0	0	0	32	0	0	0	0	0	0	0	0	752	0	0	0	0	0	0	0	0	0.01926	0.0	0.0	0.0	0.011261	0.0	0.0	0.0	0.0	0.631026	0.0	0.0	0.0	0.368974	0.0	0.0	0.0	0.0	
167	1937	3388.882042487	4790.167	4790.167	0.148881	0.00121	1768	0	0	0	165	0	0	0	0	1.3e-5	0.0	0.0	0.0	0.208217	0.0	0.0	0.0	0.0	1.55345	0.0	0.0	0.0	3375.42	0.0	0.0	0.0	0.0	0.000879	0.0	0.0	0.0	20.4571	0.0	0.0	0.0	0.0	13	0	0	0	49	0	0	0	0	68	0	0	0	8	0	0	0	0	576	0	0	0	108	0	0	0	0	326	0	0	0	0	0	0	0	0	32	0	0	0	0	0	0	0	0	753	0	0	0	0	0	0	0	0	0.014922	0.0	0.0	0.0	0.010178	0.0	0.0	0.0	0.0	0.594488	0.0	0.0	0.0	0.405512	0.0	0.0	0.0	0.0	
168	1938	3392.22466105	4790.167	4790.167	0.147104	0.001116	1768	0	0	0	166	0	0	0	0	1.3e-5	0.0	0.0	0.0	0.187396	0.0	0.0	0.0	0.0	1.55345	0.0	0.0	0.0	3378.76	0.0	0.0	0.0	0.0	0.000879	0.0	0.0	0.0	20.354	0.0	0.0	0.0	0.0	13	0	0	0	49	0	0	0	0	68	0	0	0	8	0	0	0	0	576	0	0	0	109	0	0	0	0	326	0	0	0	0	0	0	0	0	32	0	0	0	0	0	0	0	0	753	0	0	0	0	0	0	0	0	0.014922	0.0	0.0	0.0	0.009207	0.0	0.0	0.0	0.0	0.618422	0.0	0.0	0.0	0.381578	0.0	0.0	0.0	0.0	
169	1944	3406.560079965	4790.167	4790.167	0.146161	0.001068	1773	0	0	0	167	0	0	0	0	8.0e-6	0.0	0.0	0.0	0.168656	0.0	0.0	0.0	0.0	1.55465	0.0	0.0	0.0	3393.09	0.0	0.0	0.0	0.0	0.000877	0.0	0.0	0.0	20.3179	0.0	0.0	0.0	0.0	13	0	0	0	49	0	0	0	0	68	0	0	0	8	0	0	0	0	577	0	0	0	110	0	0	0	0	327	0	0	0	0	0	0	0	0	32	0	0	0	0	0	0	0	0	756	0	0	0	0	0	0	0	0	0.009486	0.0	0.0	0.0	0.008301	0.0	0.0	0.0	0.0	0.533304	0.0	0.0	0.0	0.466696	0.0	0.0	0.0	0.0	
170	1946	3411.471168197	4790.167	4790.167	0.142184	0.000882	1774	0	0	0	168	0	0	0	0	8.0e-6	0.0	0.0	0.0	0.151791	0.0	0.0	0.0	0.0	1.5552	0.0	0.0	0.0	3398.0	0.0	0.0	0.0	0.0	0.000877	0.0	0.0	0.0	20.2262	0.0	0.0	0.0	0.0	13	0	0	0	49	0	0	0	0	68	0	0	0	8	0	0	0	0	577	0	0	0	111	0	0	0	0	328	0	0	0	0	0	0	0	0	32	0	0	0	0	0	0	0	0	756	0	0	0	0	0	0	0	0	0.008598	0.0	0.0	0.0	0.007505	0.0	0.0	0.0	0.0	0.533951	0.0	0.0	0.0	0.466049	0.0	0.0	0.0	0.0	
171	1950	3440.156466831	4790.167	4790.167	0.140846	0.000825	1777	0	0	0	169	0	0	0	0	6.0e-6	0.0	0.0	0.0	0.137798	0.0	0.0	0.0	0.0	1.55628	0.0	0.0	0.0	3426.69	0.0	0.0	0.0	0.0	0.000876	0.0	0.0	0.0	20.2763	0.0	0.0	0.0	0.0	13	0	0	0	49	0	0	0	0	68	0	0	0	8	0	0	0	0	577	0	0	0	112	0	0	0	0	330	0	0	0	0	0	0	0	0	32	0	0	0	0	0	0	0	0	757	0	0	0	0	0	0	0	0	0.006332	0.0	0.0	0.0	0.006796	0.0	0.0	0.0	0.0	0.482312	0.0	0.0	0.0	0.517688	0.0	0.0	0.0	0.0	
172	1951	3444.831232907	4790.167	4790.167	0.133282	0.000551	1777	0	0	0	170	0	0	0	0	6.0e-6	0.0	0.0	0.0	0.124489	0.0	0.0	0.0	0.0	1.55628	0.0	0.0	0.0	3431.36	0.0	0.0	0.0	0.0	0.000876	0.0	0.0	0.0	20.1845	0.0	0.0	0.0	0.0	13	0	0	0	49	0	0	0	0	68	0	0	0	8	0	0	0	0	577	0	0	0	113	0	0	0	0	330	0	0	0	0	0	0	0	0	32	0	0	0	0	0	0	0	0	757	0	0	0	0	0	0	0	0	0.006332	0.0	0.0	0.0	0.006168	0.0	0.0	0.0	0.0	0.506562	0.0	0.0	0.0	0.493438	0.0	0.0	0.0	0.0	
173	1952	3447.124591665	4790.167	4790.167	0.132088	0.000515	1777	0	0	0	171	0	0	0	0	6.0e-6	0.0	0.0	0.0	0.11204	0.0	0.0	0.0	0.0	1.55628	0.0	0.0	0.0	3433.66	0.0	0.0	0.0	0.0	0.000876	0.0	0.0	0.0	20.0799	0.0	0.0	0.0	0.0	13	0	0	0	49	0	0	0	0	68	0	0	0	8	0	0	0	0	577	0	0	0	114	0	0	0	0	330	0	0	0	0	0	0	0	0	32	0	0	0	0	0	0	0	0	757	0	0	0	0	0	0	0	0	0.006332	0.0	0.0	0.0	0.00558	0.0	0.0	0.0	0.0	0.531562	0.0	0.0	0.0	0.468438	0.0	0.0	0.0	0.0	
174	2040	3449.80069368	4790.149222222223	4790.157000000001	0.131501	0.000498	1864	0	0	0	172	0	0	0	0	0.001137	0.0	0.0	0.0	0.100836	0.0	0.0	0.0	0.0	1.57704	0.0	0.0	0.0	3436.31	0.0	0.0	0.0	0.0	0.000846	0.0	0.0	0.0	19.9786	0.0	0.0	0.0	0.0	14	0	0	0	49	0	0	0	0	68	0	0	0	8	0	0	0	0	590	0	0	0	114	0	0	0	0	355	0	0	0	1	0	0	0	0	32	0	0	0	0	0	0	0	0	805	0	0	0	0	0	0	0	0	1.34426	0.0	0.0	0.0	0.005047	0.0	0.0	0.0	0.0	0.996259	0.0	0.0	0.0	0.003741	0.0	0.0	0.0	0.0	
175	2108	3477.049500747	4790.149222222223	4790.167	0.130828	0.000479	1931	0	0	0	173	0	0	0	0	3.3e-5	0.0	0.0	0.0	0.090752	0.0	0.0	0.0	0.0	1.59035	0.0	0.0	0.0	3463.55	0.0	0.0	0.0	0.0	0.000824	0.0	0.0	0.0	20.0205	0.0	0.0	0.0	0.0	14	0	0	0	49	0	0	0	0	68	0	0	0	8	0	0	0	0	600	0	0	0	115	0	0	0	0	368	0	0	0	1	0	0	0	0	32	0	0	0	0	0	0	0	0	849	0	0	0	0	0	0	0	0	0.03951	0.0	0.0	0.0	0.004533	0.0	0.0	0.0	0.0	0.897078	0.0	0.0	0.0	0.102922	0.0	0.0	0.0	0.0	
176	2115	3488.814805788	4790.149222222223	4790.167	0.124147	0.000318	1937	0	0	0	174	0	0	0	0	2.3e-5	0.0	0.0	0.0	0.081677	0.0	0.0	0.0	0.0	1.59215	0.0	0.0	0.0	3475.31	0.0	0.0	0.0	0.0	0.000822	0.0	0.0	0.0	19.973	0.0	0.0	0.0	0.0	14	0	0	0	49	0	0	0	0	68	0	0	0	8	0	0	0	0	601	0	0	0	116	0	0	0	0	370	0	0	0	1	0	0	0	0	32	0	0	0	0	0	0	0	0	852	0	0	0	0	0	0	0	0	0.027899	0.0	0.0	0.0	0.004089	0.0	0.0	0.0	0.0	0.872162	0.0	0.0	0.0	0.127838	0.0	0.0	0.0	0.0	
177	2116	3492.342227204	4790.149222222223	4790.167	0.121368	0.000264	1937	0	0	0	175	0	0	0	0	2.3e-5	0.0	0.0	0.0	0.073509	0.0	0.0	0.0	0.0	1.59215	0.0	0.0	0.0	3478.84	0.0	0.0	0.0	0.0	0.000822	0.0	0.0	0.0	19.8791	0.0	0.0	0.0	0.0	14	0	0	0	49	0	0	0	0	68	0	0	0	8	0	0	0	0	601	0	0	0	117	0	0	0	0	370	0	0	0	1	0	0	0	0	32	0	0	0	0	0	0	0	0	852	0	0	0	0	0	0	0	0	0.027899	0.0	0.0	0.0	0.003698	0.0	0.0	0.0	0.0	0.882969	0.0	0.0	0.0	0.117031	0.0	0.0	0.0	0.0	
178	2271	3495.00575861	4790.14588888889	4790.167	0.120538	0.000249	2091	0	0	0	176	0	0	0	0	1.9e-5	0.0	0.0	0.0	0.066158	0.0	0.0	0.0	0.0	1.62722	0.0	0.0	0.0	3481.47	0.0	0.0	0.0	0.0	0.000778	0.0	0.0	0.0	19.7811	0.0	0.0	0.0	0.0	15	0	0	0	49	0	0	0	0	69	0	0	0	8	0	0	0	0	629	0	0	0	118	0	0	0	0	413	0	0	0	1	0	0	0	0	34	0	0	0	0	0	0	0	0	931	0	0	0	0	0	0	0	0	0.024531	0.0	0.0	0.0	0.003345	0.0	0.0	0.0	0.0	0.880017	0.0	0.0	0.0	0.119983	0.0	0.0	0.0	0.0	
179	2275	3505.193416775	4790.14588888889	4790.167	0.11993	0.000239	2094	0	0	0	177	0	0	0	0	1.6e-5	0.0	0.0	0.0	0.059543	0.0	0.0	0.0	0.0	1.62835	0.0	0.0	0.0	3491.65	0.0	0.0	0.0	0.0	0.000778	0.0	0.0	0.0	19.7268	0.0	0.0	0.0	0.0	15	0	0	0	49	0	0	0	0	69	0	0	0	8	0	0	0	0	629	0	0	0	119	0	0	0	0	415	0	0	0	1	0	0	0	0	34	0	0	0	0	0	0	0	0	932	0	0	0	0	0	0	0	0	0.02057	0.0	0.0	0.0	0.003018	0.0	0.0	0.0	0.0	0.872042	0.0	0.0	0.0	0.127958	0.0	0.0	0.0	0.0	
180	2277	3519.903549214	4790.14588888889	4790.167	0.117602	0.000203	2095	0	0	0	178	0	0	0	0	1.5e-5	0.0	0.0	0.0	0.053588	0.0	0.0	0.0	0.0	1.62855	0.0	0.0	0.0	3506.36	0.0	0.0	0.0	0.0	0.000777	0.0	0.0	0.0	19.6987	0.0	0.0	0.0	0.0	15	0	0	0	49	0	0	0	0	69	0	0	0	8	0	0	0	0	629	0	0	0	120	0	0	0	0	415	0	0	0	1	0	0	0	0	34	0	0	0	0	0	0	0	0	933	0	0	0	0	0	0	0	0	0.019398	0.0	0.0	0.0	0.00272	0.0	0.0	0.0	0.0	0.877005	0.0	0.0	0.0	0.122995	0.0	0.0	0.0	0.0	
181	2279	3524.802020343	4787.167	4787.167	0.114319	0.000159	2096	0	0	0	179	0	0	0	0	1.4e-5	0.0	0.0	0.0	0.14823	0.0	0.0	0.0	0.0	1.62879	0.0	0.0	0.0	3511.26	0.0	0.0	0.0	0.0	0.000777	0.0	0.0	0.0	19.616	0.0	0.0	0.0	0.0	15	0	0	0	50	0	0	0	0	69	0	0	0	8	0	0	0	0	629	0	0	0	120	0	0	0	0	415	0	0	0	1	0	0	0	0	34	0	0	0	0	0	0	0	0	934	0	0	0	0	0	0	0	0	0.018298	0.0	0.0	0.0	0.007557	0.0	0.0	0.0	0.0	0.707727	0.0	0.0	0.0	0.292273	0.0	0.0	0.0	0.0	
182	2280	3533.845597273	4787.167	4787.167	0.113247	0.000146	2096	0	0	0	180	0	0	0	0	1.4e-5	0.0	0.0	0.0	0.133407	0.0	0.0	0.0	0.0	1.62879	0.0	0.0	0.0	3520.3	0.0	0.0	0.0	0.0	0.000777	0.0	0.0	0.0	19.5572	0.0	0.0	0.0	0.0	15	0	0	0	50	0	0	0	0	69	0	0	0	8	0	0	0	0	629	0	0	0	121	0	0	0	0	415	0	0	0	1	0	0	0	0	34	0	0	0	0	0	0	0	0	934	0	0	0	0	0	0	0	0	0.018298	0.0	0.0	0.0	0.006821	0.0	0.0	0.0	0.0	0.728441	0.0	0.0	0.0	0.271559	0.0	0.0	0.0	0.0	
183	2283	3550.354258887	4784.167	4784.167	0.111293	0.000125	2098	0	0	0	181	0	0	0	0	1.2e-5	0.0	0.0	0.0	0.220066	0.0	0.0	0.0	0.0	1.62949	0.0	0.0	0.0	3536.81	0.0	0.0	0.0	0.0	0.000777	0.0	0.0	0.0	19.5404	0.0	0.0	0.0	0.0	15	0	0	0	51	0	0	0	0	69	0	0	0	8	0	0	0	0	630	0	0	0	121	0	0	0	0	415	0	0	0	1	0	0	0	0	34	0	0	0	0	0	0	0	0	935	0	0	0	0	0	0	0	0	0.015858	0.0	0.0	0.0	0.011262	0.0	0.0	0.0	0.0	0.584732	0.0	0.0	0.0	0.415268	0.0	0.0	0.0	0.0	
184	2284	3553.07761651	4784.167	4784.167	0.107813	9.4e-5	2098	0	0	0	182	0	0	0	0	1.2e-5	0.0	0.0	0.0	0.198059	0.0	0.0	0.0	0.0	1.62949	0.0	0.0	0.0	3539.54	0.0	0.0	0.0	0.0	0.000777	0.0	0.0	0.0	19.448	0.0	0.0	0.0	0.0	15	0	0	0	51	0	0	0	0	69	0	0	0	8	0	0	0	0	630	0	0	0	122	0	0	0	0	415	0	0	0	1	0	0	0	0	34	0	0	0	0	0	0	0	0	935	0	0	0	0	0	0	0	0	0.015858	0.0	0.0	0.0	0.010184	0.0	0.0	0.0	0.0	0.608937	0.0	0.0	0.0	0.391063	0.0	0.0	0.0	0.0	
185	2288	3575.646928511	4784.167	4784.167	0.107249	8.9e-5	2101	0	0	0	183	0	0	0	0	9.0e-6	0.0	0.0	0.0	0.178253	0.0	0.0	0.0	0.0	1.63054	0.0	0.0	0.0	3562.1	0.0	0.0	0.0	0.0	0.000776	0.0	0.0	0.0	19.465	0.0	0.0	0.0	0.0	15	0	0	0	51	0	0	0	0	69	0	0	0	8	0	0	0	0	630	0	0	0	123	0	0	0	0	417	0	0	0	1	0	0	0	0	34	0	0	0	0	0	0	0	0	936	0	0	0	0	0	0	0	0	0.012154	0.0	0.0	0.0	0.009158	0.0	0.0	0.0	0.0	0.570289	0.0	0.0	0.0	0.429711	0.0	0.0	0.0	0.0	
186	2289	3585.178844381	4784.167	4784.167	0.10269	5.9e-5	2101	0	0	0	184	0	0	0	0	9.0e-6	0.0	0.0	0.0	0.160428	0.0	0.0	0.0	0.0	1.63054	0.0	0.0	0.0	3571.64	0.0	0.0	0.0	0.0	0.000776	0.0	0.0	0.0	19.4111	0.0	0.0	0.0	0.0	15	0	0	0	51	0	0	0	0	69	0	0	0	8	0	0	0	0	630	0	0	0	124	0	0	0	0	417	0	0	0	1	0	0	0	0	34	0	0	0	0	0	0	0	0	936	0	0	0	0	0	0	0	0	0.012154	0.0	0.0	0.0	0.008265	0.0	0.0	0.0	0.0	0.595226	0.0	0.0	0.0	0.404774	0.0	0.0	0.0	0.0	
187	2290	3602.306880502	4784.167	4784.167	0.100824	4.9e-5	2101	0	0	0	185	0	0	0	0	9.0e-6	0.0	0.0	0.0	0.144385	0.0	0.0	0.0	0.0	1.63054	0.0	0.0	0.0	3588.76	0.0	0.0	0.0	0.0	0.000776	0.0	0.0	0.0	19.3987	0.0	0.0	0.0	0.0	15	0	0	0	51	0	0	0	0	69	0	0	0	8	0	0	0	0	630	0	0	0	125	0	0	0	0	417	0	0	0	1	0	0	0	0	34	0	0	0	0	0	0	0	0	936	0	0	0	0	0	0	0	0	0.012154	0.0	0.0	0.0	0.007443	0.0	0.0	0.0	0.0	0.620186	0.0	0.0	0.0	0.379814	0.0	0.0	0.0	0.0	
188	2291	3707.790662512	4784.167	4784.167	0.097555	3.5e-5	2101	0	0	0	186	0	0	0	0	9.0e-6	0.0	0.0	0.0	0.129947	0.0	0.0	0.0	0.0	1.63054	0.0	0.0	0.0	3694.25	0.0	0.0	0.0	0.0	0.000776	0.0	0.0	0.0	19.8615	0.0	0.0	0.0	0.0	15	0	0	0	51	0	0	0	0	69	0	0	0	8	0	0	0	0	630	0	0	0	126	0	0	0	0	417	0	0	0	1	0	0	0	0	34	0	0	0	0	0	0	0	0	936	0	0	0	0	0	0	0	0	0.012154	0.0	0.0	0.0	0.006543	0.0	0.0	0.0	0.0	0.650054	0.0	0.0	0.0	0.349946	0.0	0.0	0.0	0.0	
189	2292	3726.664622591	4784.167	4784.167	0.079632	4.0e-6	2101	0	0	0	187	0	0	0	0	9.0e-6	0.0	0.0	0.0	0.116952	0.0	0.0	0.0	0.0	1.63054	0.0	0.0	0.0	3713.12	0.0	0.0	0.0	0.0	0.000776	0.0	0.0	0.0	19.8563	0.0	0.0	0.0	0.0	15	0	0	0	51	0	0	0	0	69	0	0	0	8	0	0	0	0	630	0	0	0	127	0	0	0	0	417	0	0	0	1	0	0	0	0	34	0	0	0	0	0	0	0	0	936	0	0	0	0	0	0	0	0	0.012154	0.0	0.0	0.0	0.00589	0.0	0.0	0.0	0.0	0.673569	0.0	0.0	0.0	0.326431	0.0	0.0	0.0	0.0	
190	2293	3737.410202793	4784.167	4784.167	0.076791	2.0e-6	2101	0	0	0	188	0	0	0	0	9.0e-6	0.0	0.0	0.0	0.105257	0.0	0.0	0.0	0.0	1.63054	0.0	0.0	0.0	3723.87	0.0	0.0	0.0	0.0	0.000776	0.0	0.0	0.0	19.8078	0.0	0.0	0.0	0.0	15	0	0	0	51	0	0	0	0	69	0	0	0	8	0	0	0	0	630	0	0	0	128	0	0	0	0	417	0	0	0	1	0	0	0	0	34	0	0	0	0	0	0	0	0	936	0	0	0	0	0	0	0	0	0.012154	0.0	0.0	0.0	0.005314	0.0	0.0	0.0	0.0	0.695781	0.0	0.0	0.0	0.304219	0.0	0.0	0.0	0.0	
191	2294	3739.71551844	4784.167	4784.167	0.07522	2.0e-6	2101	0	0	0	189	0	0	0	0	9.0e-6	0.0	0.0	0.0	0.094731	0.0	0.0	0.0	0.0	1.63054	0.0	0.0	0.0	3726.17	0.0	0.0	0.0	0.0	0.000776	0.0	0.0	0.0	19.7152	0.0	0.0	0.0	0.0	15	0	0	0	51	0	0	0	0	69	0	0	0	8	0	0	0	0	630	0	0	0	129	0	0	0	0	417	0	0	0	1	0	0	0	0	34	0	0	0	0	0	0	0	0	936	0	0	0	0	0	0	0	0	0.012154	0.0	0.0	0.0	0.004805	0.0	0.0	0.0	0.0	0.716662	0.0	0.0	0.0	0.283338	0.0	0.0	0.0	0.0	
192	2299	3900.23652254	4753.5	4753.5	0.074886	2.0e-6	2105	0	0	0	190	0	0	0	0	7.0e-6	0.0	0.0	0.0	0.185258	0.0	0.0	0.0	0.0	1.63182	0.0	0.0	0.0	3886.69	0.0	0.0	0.0	0.0	0.000775	0.0	0.0	0.0	20.4563	0.0	0.0	0.0	0.0	15	0	0	0	52	0	0	0	0	69	0	0	0	8	0	0	0	0	631	0	0	0	129	0	0	0	0	418	0	0	0	1	0	0	0	0	35	0	0	0	0	0	0	0	0	937	0	0	0	0	0	0	0	0	0.009019	0.0	0.0	0.0	0.009056	0.0	0.0	0.0	0.0	0.498974	0.0	0.0	0.0	0.501026	0.0	0.0	0.0	0.0	
193	2300	3920.352842188	4750.5	4750.5	0.054985	0.0	2105	0	0	0	191	0	0	0	0	7.0e-6	0.0	0.0	0.0	0.266565	0.0	0.0	0.0	0.0	1.63182	0.0	0.0	0.0	3906.81	0.0	0.0	0.0	0.0	0.000775	0.0	0.0	0.0	20.4545	0.0	0.0	0.0	0.0	15	0	0	0	53	0	0	0	0	69	0	0	0	8	0	0	0	0	631	0	0	0	129	0	0	0	0	418	0	0	0	1	0	0	0	0	35	0	0	0	0	0	0	0	0	937	0	0	0	0	0	0	0	0	0.009019	0.0	0.0	0.0	0.013032	0.0	0.0	0.0	0.0	0.40901	0.0	0.0	0.0	0.59099	0.0	0.0	0.0	0.0	
194	2302	3929.704128449	4750.5	4750.5	0.052897	0.0	2106	0	0	0	192	0	0	0	0	6.0e-6	0.0	0.0	0.0	0.244935	0.0	0.0	0.0	0.0	1.63253	0.0	0.0	0.0	3916.16	0.0	0.0	0.0	0.0	0.000775	0.0	0.0	0.0	20.3967	0.0	0.0	0.0	0.0	15	0	0	0	53	0	0	0	0	69	0	0	0	8	0	0	0	0	631	0	0	0	130	0	0	0	0	419	0	0	0	1	0	0	0	0	35	0	0	0	0	0	0	0	0	937	0	0	0	0	0	0	0	0	0.008118	0.0	0.0	0.0	0.012009	0.0	0.0	0.0	0.0	0.403336	0.0	0.0	0.0	0.596664	0.0	0.0	0.0	0.0	
195	2307	3942.052535918	4750.5	4750.5	0.051953	0.0	2110	0	0	0	193	0	0	0	0	4.0e-6	0.0	0.0	0.0	0.22761	0.0	0.0	0.0	0.0	1.63377	0.0	0.0	0.0	3928.51	0.0	0.0	0.0	0.0	0.000774	0.0	0.0	0.0	20.355	0.0	0.0	0.0	0.0	15	0	0	0	53	0	0	0	0	69	0	0	0	9	0	0	0	0	632	0	0	0	130	0	0	0	0	420	0	0	0	1	0	0	0	0	35	0	0	0	0	0	0	0	0	939	0	0	0	0	0	0	0	0	0.005333	0.0	0.0	0.0	0.011182	0.0	0.0	0.0	0.0	0.322921	0.0	0.0	0.0	0.677079	0.0	0.0	0.0	0.0	
196	2312	3955.134911734	4750.5	4750.5	0.050733	0.0	2114	0	0	0	194	0	0	0	0	3.0e-6	0.0	0.0	0.0	0.212665	0.0	0.0	0.0	0.0	1.635	0.0	0.0	0.0	3941.59	0.0	0.0	0.0	0.0	0.000773	0.0	0.0	0.0	20.3175	0.0	0.0	0.0	0.0	15	0	0	0	53	0	0	0	0	69	0	0	0	9	0	0	0	0	632	0	0	0	131	0	0	0	0	421	0	0	0	1	0	0	0	0	35	0	0	0	0	0	0	0	0	942	0	0	0	0	0	0	0	0	0.003503	0.0	0.0	0.0	0.010467	0.0	0.0	0.0	0.0	0.250751	0.0	0.0	0.0	0.749249	0.0	0.0	0.0	0.0	
197	2314	3958.435260985	4750.5	4750.5	0.049472	0.0	2115	0	0	0	195	0	0	0	0	2.0e-6	0.0	0.0	0.0	0.198828	0.0	0.0	0.0	0.0	1.63528	0.0	0.0	0.0	3944.89	0.0	0.0	0.0	0.0	0.000773	0.0	0.0	0.0	20.2302	0.0	0.0	0.0	0.0	15	0	0	0	53	0	0	0	0	69	0	0	0	9	0	0	0	0	632	0	0	0	132	0	0	0	0	421	0	0	0	1	0	0	0	0	35	0	0	0	0	0	0	0	0	943	0	0	0	0	0	0	0	0	0.003154	0.0	0.0	0.0	0.009828	0.0	0.0	0.0	0.0	0.242928	0.0	0.0	0.0	0.757072	0.0	0.0	0.0	0.0	
198	2315	3963.581754215	4750.5	4750.5	0.049159	0.0	2115	0	0	0	196	0	0	0	0	2.0e-6	0.0	0.0	0.0	0.185696	0.0	0.0	0.0	0.0	1.63528	0.0	0.0	0.0	3950.03	0.0	0.0	0.0	0.0	0.000773	0.0	0.0	0.0	20.1532	0.0	0.0	0.0	0.0	15	0	0	0	53	0	0	0	0	69	0	0	0	9	0	0	0	0	632	0	0	0	133	0	0	0	0	421	0	0	0	1	0	0	0	0	35	0	0	0	0	0	0	0	0	943	0	0	0	0	0	0	0	0	0.003154	0.0	0.0	0.0	0.009214	0.0	0.0	0.0	0.0	0.254989	0.0	0.0	0.0	0.745011	0.0	0.0	0.0	0.0	
199	2316	3969.216788983	4750.5	4750.5	0.048674	0.0	2115	0	0	0	197	0	0	0	0	2.0e-6	0.0	0.0	0.0	0.173234	0.0	0.0	0.0	0.0	1.63528	0.0	0.0	0.0	3955.67	0.0	0.0	0.0	0.0	0.000773	0.0	0.0	0.0	20.0795	0.0	0.0	0.0	0.0	15	0	0	0	53	0	0	0	0	69	0	0	0	9	0	0	0	0	632	0	0	0	134	0	0	0	0	421	0	0	0	1	0	0	0	0	35	0	0	0	0	0	0	0	0	943	0	0	0	0	0	0	0	0	0.003154	0.0	0.0	0.0	0.008627	0.0	0.0	0.0	0.0	0.267691	0.0	0.0	0.0	0.732309	0.0	0.0	0.0	0.0	
200	2317	3977.106512405	4750.5	4750.5	0.048149	0.0	2115	0	0	0	198	0	0	0	0	2.0e-6	0.0	0.0	0.0	0.161406	0.0	0.0	0.0	0.0	1.63528	0.0	0.0	0.0	3963.56	0.0	0.0	0.0	0.0	0.000773	0.0	0.0	0.0	20.018	0.0	0.0	0.0	0.0	15	0	0	0	53	0	0	0	0	69	0	0	0	9	0	0	0	0	632	0	0	0	135	0	0	0	0	421	0	0	0	1	0	0	0	0	35	0	0	0	0	0	0	0	0	943	0	0	0	0	0	0	0	0	0.003154	0.0	0.0	0.0	0.008063	0.0	0.0	0.0	0.0	0.281159	0.0	0.0	0.0	0.718841	0.0	0.0	0.0	0.0	
201	2319	3992.995827833	4750.5	4750.5	0.047424	0.0	2116	0	0	0	199	0	0	0	0	2.0e-6	0.0	0.0	0.0	0.150494	0.0	0.0	0.0	0.0	1.63586	0.0	0.0	0.0	3979.45	0.0	0.0	0.0	0.0	0.000773	0.0	0.0	0.0	19.9972	0.0	0.0	0.0	0.0	15	0	0	0	53	0	0	0	0	69	0	0	0	9	0	0	0	0	632	0	0	0	136	0	0	0	0	422	0	0	0	1	0	0	0	0	35	0	0	0	0	0	0	0	0	943	0	0	0	0	0	0	0	0	0.002839	0.0	0.0	0.0	0.007526	0.0	0.0	0.0	0.0	0.273884	0.0	0.0	0.0	0.726116	0.0	0.0	0.0	0.0	
202	2320	3999.666334834	4750.5	4750.5	0.045996	0.0	2116	0	0	0	200	0	0	0	0	2.0e-6	0.0	0.0	0.0	0.140131	0.0	0.0	0.0	0.0	1.63586	0.0	0.0	0.0	3986.12	0.0	0.0	0.0	0.0	0.000773	0.0	0.0	0.0	19.9306	0.0	0.0	0.0	0.0	15	0	0	0	53	0	0	0	0	69	0	0	0	9	0	0	0	0	632	0	0	0	137	0	0	0	0	422	0	0	0	1	0	0	0	0	35	0	0	0	0	0	0	0	0	943	0	0	0	0	0	0	0	0	0.002839	0.0	0.0	0.0	0.007031	0.0	0.0	0.0	0.0	0.287614	0.0	0.0	0.0	0.712386	0.0	0.0	0.0	0.0	
203	2321	4006.615359283	4750.5	4750.5	0.045409	0.0	2116	0	0	0	201	0	0	0	0	2.0e-6	0.0	0.0	0.0	0.130296	0.0	0.0	0.0	0.0	1.63586	0.0	0.0	0.0	3993.07	0.0	0.0	0.0	0.0	0.000773	0.0	0.0	0.0	19.866	0.0	0.0	0.0	0.0	15	0	0	0	53	0	0	0	0	69	0	0	0	9	0	0	0	0	632	0	0	0	138	0	0	0	0	422	0	0	0	1	0	0	0	0	35	0	0	0	0	0	0	0	0	943	0	0	0	0	0	0	0	0	0.002839	0.0	0.0	0.0	0.006559	0.0	0.0	0.0	0.0	0.302067	0.0	0.0	0.0	0.697933	0.0	0.0	0.0	0.0	
204	2322	4110.472484327	4750.5	4750.5	0.044806	0.0	2116	0	0	0	202	0	0	0	0	2.0e-6	0.0	0.0	0.0	0.120962	0.0	0.0	0.0	0.0	1.63586	0.0	0.0	0.0	4096.92	0.0	0.0	0.0	0.0	0.000773	0.0	0.0	0.0	20.2818	0.0	0.0	0.0	0.0	15	0	0	0	53	0	0	0	0	69	0	0	0	9	0	0	0	0	632	0	0	0	139	0	0	0	0	422	0	0	0	1	0	0	0	0	35	0	0	0	0	0	0	0	0	943	0	0	0	0	0	0	0	0	0.002839	0.0	0.0	0.0	0.005964	0.0	0.0	0.0	0.0	0.322474	0.0	0.0	0.0	0.677526	0.0	0.0	0.0	0.0	
205	2323	4139.731561042	4749.5	4749.5	0.036689	0.0	2116	0	0	0	203	0	0	0	0	2.0e-6	0.0	0.0	0.0	0.185833	0.0	0.0	0.0	0.0	1.63586	0.0	0.0	0.0	4126.18	0.0	0.0	0.0	0.0	0.000773	0.0	0.0	0.0	20.326	0.0	0.0	0.0	0.0	15	0	0	0	54	0	0	0	0	69	0	0	0	9	0	0	0	0	632	0	0	0	139	0	0	0	0	422	0	0	0	1	0	0	0	0	35	0	0	0	0	0	0	0	0	943	0	0	0	0	0	0	0	0	0.002839	0.0	0.0	0.0	0.009143	0.0	0.0	0.0	0.0	0.236924	0.0	0.0	0.0	0.763076	0.0	0.0	0.0	0.0	
206	2325	4158.551832661	4749.5	4749.5	0.03468	0.0	2117	0	0	0	204	0	0	0	0	2.0e-6	0.0	0.0	0.0	0.173943	0.0	0.0	0.0	0.0	1.63624	0.0	0.0	0.0	4145.0	0.0	0.0	0.0	0.0	0.000773	0.0	0.0	0.0	20.3186	0.0	0.0	0.0	0.0	15	0	0	0	54	0	0	0	0	69	0	0	0	9	0	0	0	0	633	0	0	0	140	0	0	0	0	422	0	0	0	1	0	0	0	0	35	0	0	0	0	0	0	0	0	943	0	0	0	0	0	0	0	0	0.002557	0.0	0.0	0.0	0.008561	0.0	0.0	0.0	0.0	0.229971	0.0	0.0	0.0	0.770029	0.0	0.0	0.0	0.0	
207	2329	4168.238935737	4747.5	4747.5	0.033446	0.0	2120	0	0	0	205	0	0	0	0	1.0e-6	0.0	0.0	0.0	0.224247	0.0	0.0	0.0	0.0	1.6369	0.0	0.0	0.0	4154.69	0.0	0.0	0.0	0.0	0.000772	0.0	0.0	0.0	20.2668	0.0	0.0	0.0	0.0	15	0	0	0	55	0	0	0	0	69	0	0	0	9	0	0	0	0	633	0	0	0	140	0	0	0	0	422	0	0	0	1	0	0	0	0	35	0	0	0	0	0	0	0	0	946	0	0	0	0	0	0	0	0	0.001866	0.0	0.0	0.0	0.011065	0.0	0.0	0.0	0.0	0.144288	0.0	0.0	0.0	0.855712	0.0	0.0	0.0	0.0	
208	2331	4186.684139826	4747.5	4747.5	0.032828	0.0	2121	0	0	0	206	0	0	0	0	1.0e-6	0.0	0.0	0.0	0.21162	0.0	0.0	0.0	0.0	1.63751	0.0	0.0	0.0	4173.13	0.0	0.0	0.0	0.0	0.000772	0.0	0.0	0.0	20.2579	0.0	0.0	0.0	0.0	15	0	0	0	55	0	0	0	0	69	0	0	0	10	0	0	0	0	634	0	0	0	140	0	0	0	0	422	0	0	0	1	0	0	0	0	35	0	0	0	0	0	0	0	0	946	0	0	0	0	0	0	0	0	0.001681	0.0	0.0	0.0	0.010446	0.0	0.0	0.0	0.0	0.138585	0.0	0.0	0.0	0.861415	0.0	0.0	0.0	0.0	
209	2332	4188.985802438	4747.5	4747.5	0.031684	0.0	2121	0	0	0	207	0	0	0	0	1.0e-6	0.0	0.0	0.0	0.199336	0.0	0.0	0.0	0.0	1.63751	0.0	0.0	0.0	4175.43	0.0	0.0	0.0	0.0	0.000772	0.0	0.0	0.0	20.1712	0.0	0.0	0.0	0.0	15	0	0	0	55	0	0	0	0	69	0	0	0	10	0	0	0	0	634	0	0	0	141	0	0	0	0	422	0	0	0	1	0	0	0	0	35	0	0	0	0	0	0	0	0	946	0	0	0	0	0	0	0	0	0.001681	0.0	0.0	0.0	0.009882	0.0	0.0	0.0	0.0	0.145345	0.0	0.0	0.0	0.854655	0.0	0.0	0.0	0.0	
210	2333	4191.297918692	4747.5	4747.5	0.031544	0.0	2121	0	0	0	208	0	0	0	0	1.0e-6	0.0	0.0	0.0	0.187675	0.0	0.0	0.0	0.0	1.63751	0.0	0.0	0.0	4177.75	0.0	0.0	0.0	0.0	0.000772	0.0	0.0	0.0	20.0853	0.0	0.0	0.0	0.0	15	0	0	0	55	0	0	0	0	69	0	0	0	10	0	0	0	0	634	0	0	0	142	0	0	0	0	422	0	0	0	1	0	0	0	0	35	0	0	0	0	0	0	0	0	946	0	0	0	0	0	0	0	0	0.001681	0.0	0.0	0.0	0.009344	0.0	0.0	0.0	0.0	0.152443	0.0	0.0	0.0	0.847557	0.0	0.0	0.0	0.0	
211	2334	4198.92340525	4747.5	4747.5	0.031404	0.0	2121	0	0	0	209	0	0	0	0	1.0e-6	0.0	0.0	0.0	0.176603	0.0	0.0	0.0	0.0	1.63751	0.0	0.0	0.0	4185.37	0.0	0.0	0.0	0.0	0.000772	0.0	0.0	0.0	20.0257	0.0	0.0	0.0	0.0	15	0	0	0	55	0	0	0	0	69	0	0	0	10	0	0	0	0	634	0	0	0	143	0	0	0	0	422	0	0	0	1	0	0	0	0	35	0	0	0	0	0	0	0	0	946	0	0	0	0	0	0	0	0	0.001681	0.0	0.0	0.0	0.008819	0.0	0.0	0.0	0.0	0.160066	0.0	0.0	0.0	0.839934	0.0	0.0	0.0	0.0	
212	2335	4201.199126302	4747.5	4747.5	0.030946	0.0	2121	0	0	0	210	0	0	0	0	1.0e-6	0.0	0.0	0.0	0.16609	0.0	0.0	0.0	0.0	1.63751	0.0	0.0	0.0	4187.65	0.0	0.0	0.0	0.0	0.000772	0.0	0.0	0.0	19.9412	0.0	0.0	0.0	0.0	15	0	0	0	55	0	0	0	0	69	0	0	0	10	0	0	0	0	634	0	0	0	144	0	0	0	0	422	0	0	0	1	0	0	0	0	35	0	0	0	0	0	0	0	0	946	0	0	0	0	0	0	0	0	0.001681	0.0	0.0	0.0	0.008329	0.0	0.0	0.0	0.0	0.167899	0.0	0.0	0.0	0.832101	0.0	0.0	0.0	0.0	
213	2336	4213.224940382	4747.5	4747.5	0.030811	0.0	2121	0	0	0	211	0	0	0	0	1.0e-6	0.0	0.0	0.0	0.15611	0.0	0.0	0.0	0.0	1.63751	0.0	0.0	0.0	4199.67	0.0	0.0	0.0	0.0	0.000772	0.0	0.0	0.0	19.9037	0.0	0.0	0.0	0.0	15	0	0	0	55	0	0	0	0	69	0	0	0	10	0	0	0	0	634	0	0	0	145	0	0	0	0	422	0	0	0	1	0	0	0	0	35	0	0	0	0	0	0	0	0	946	0	0	0	0	0	0	0	0	0.001681	0.0	0.0	0.0	0.007843	0.0	0.0	0.0	0.0	0.176462	0.0	0.0	0.0	0.823538	0.0	0.0	0.0	0.0	
214	2339	4224.617700046	4747.5	4747.5	0.030106	0.0	2123	0	0	0	212	0	0	0	0	1.0e-6	0.0	0.0	0.0	0.146948	0.0	0.0	0.0	0.0	1.63814	0.0	0.0	0.0	4211.07	0.0	0.0	0.0	0.0	0.000772	0.0	0.0	0.0	19.8635	0.0	0.0	0.0	0.0	15	0	0	0	55	0	0	0	0	69	0	0	0	10	0	0	0	0	635	0	0	0	146	0	0	0	0	422	0	0	0	1	0	0	0	0	35	0	0	0	0	0	0	0	0	947	0	0	0	0	0	0	0	0	0.001363	0.0	0.0	0.0	0.007398	0.0	0.0	0.0	0.0	0.155599	0.0	0.0	0.0	0.844401	0.0	0.0	0.0	0.0	
215	2340	4226.959046404	4747.5	4747.5	0.029453	0.0	2123	0	0	0	213	0	0	0	0	1.0e-6	0.0	0.0	0.0	0.138247	0.0	0.0	0.0	0.0	1.63814	0.0	0.0	0.0	4213.41	0.0	0.0	0.0	0.0	0.000772	0.0	0.0	0.0	19.7813	0.0	0.0	0.0	0.0	15	0	0	0	55	0	0	0	0	69	0	0	0	10	0	0	0	0	635	0	0	0	147	0	0	0	0	422	0	0	0	1	0	0	0	0	35	0	0	0	0	0	0	0	0	947	0	0	0	0	0	0	0	0	0.001363	0.0	0.0	0.0	0.006989	0.0	0.0	0.0	0.0	0.16322	0.0	0.0	0.0	0.83678	0.0	0.0	0.0	0.0	
216	2342	4240.697291304	4747.5	4747.5	0.029321	0.0	2124	0	0	0	214	0	0	0	0	1.0e-6	0.0	0.0	0.0	0.13012	0.0	0.0	0.0	0.0	1.63836	0.0	0.0	0.0	4227.15	0.0	0.0	0.0	0.0	0.000771	0.0	0.0	0.0	19.753	0.0	0.0	0.0	0.0	15	0	0	0	55	0	0	0	0	69	0	0	0	10	0	0	0	0	635	0	0	0	148	0	0	0	0	422	0	0	0	1	0	0	0	0	35	0	0	0	0	0	0	0	0	948	0	0	0	0	0	0	0	0	0.001227	0.0	0.0	0.0	0.006587	0.0	0.0	0.0	0.0	0.157052	0.0	0.0	0.0	0.842948	0.0	0.0	0.0	0.0	
217	2343	4251.415493061	4747.5	4747.5	0.028556	0.0	2124	0	0	0	215	0	0	0	0	1.0e-6	0.0	0.0	0.0	0.122402	0.0	0.0	0.0	0.0	1.63836	0.0	0.0	0.0	4237.86	0.0	0.0	0.0	0.0	0.000771	0.0	0.0	0.0	19.711	0.0	0.0	0.0	0.0	15	0	0	0	55	0	0	0	0	69	0	0	0	10	0	0	0	0	635	0	0	0	149	0	0	0	0	422	0	0	0	1	0	0	0	0	35	0	0	0	0	0	0	0	0	948	0	0	0	0	0	0	0	0	0.001227	0.0	0.0	0.0	0.00621	0.0	0.0	0.0	0.0	0.165024	0.0	0.0	0.0	0.834976	0.0	0.0	0.0	0.0	
218	2344	4262.628885658	4747.5	4747.5	0.027973	0.0	2124	0	0	0	216	0	0	0	0	1.0e-6	0.0	0.0	0.0	0.115073	0.0	0.0	0.0	0.0	1.63836	0.0	0.0	0.0	4249.08	0.0	0.0	0.0	0.0	0.000771	0.0	0.0	0.0	19.6717	0.0	0.0	0.0	0.0	15	0	0	0	55	0	0	0	0	69	0	0	0	10	0	0	0	0	635	0	0	0	150	0	0	0	0	422	0	0	0	1	0	0	0	0	35	0	0	0	0	0	0	0	0	948	0	0	0	0	0	0	0	0	0.001227	0.0	0.0	0.0	0.00585	0.0	0.0	0.0	0.0	0.173423	0.0	0.0	0.0	0.826577	0.0	0.0	0.0	0.0	
219	2345	4264.867739433	4747.5	4747.5	0.027376	0.0	2124	0	0	0	217	0	0	0	0	1.0e-6	0.0	0.0	0.0	0.108112	0.0	0.0	0.0	0.0	1.63836	0.0	0.0	0.0	4251.32	0.0	0.0	0.0	0.0	0.000771	0.0	0.0	0.0	19.5913	0.0	0.0	0.0	0.0	15	0	0	0	55	0	0	0	0	69	0	0	0	10	0	0	0	0	635	0	0	0	151	0	0	0	0	422	0	0	0	1	0	0	0	0	35	0	0	0	0	0	0	0	0	948	0	0	0	0	0	0	0	0	0.001227	0.0	0.0	0.0	0.005518	0.0	0.0	0.0	0.0	0.18194	0.0	0.0	0.0	0.81806	0.0	0.0	0.0	0.0	
220	2346	4276.471827226	4747.5	4747.5	0.027258	0.0	2124	0	0	0	218	0	0	0	0	1.0e-6	0.0	0.0	0.0	0.101504	0.0	0.0	0.0	0.0	1.63836	0.0	0.0	0.0	4262.92	0.0	0.0	0.0	0.0	0.000771	0.0	0.0	0.0	19.5547	0.0	0.0	0.0	0.0	15	0	0	0	55	0	0	0	0	69	0	0	0	10	0	0	0	0	635	0	0	0	152	0	0	0	0	422	0	0	0	1	0	0	0	0	35	0	0	0	0	0	0	0	0	948	0	0	0	0	0	0	0	0	0.001227	0.0	0.0	0.0	0.005191	0.0	0.0	0.0	0.0	0.191226	0.0	0.0	0.0	0.808774	0.0	0.0	0.0	0.0	
221	2347	4288.96530226	4747.5	4747.5	0.026656	0.0	2124	0	0	0	219	0	0	0	0	1.0e-6	0.0	0.0	0.0	0.095229	0.0	0.0	0.0	0.0	1.63836	0.0	0.0	0.0	4275.41	0.0	0.0	0.0	0.0	0.000771	0.0	0.0	0.0	19.5224	0.0	0.0	0.0	0.0	15	0	0	0	55	0	0	0	0	69	0	0	0	10	0	0	0	0	635	0	0	0	153	0	0	0	0	422	0	0	0	1	0	0	0	0	35	0	0	0	0	0	0	0	0	948	0	0	0	0	0	0	0	0	0.001227	0.0	0.0	0.0	0.004878	0.0	0.0	0.0	0.0	0.201026	0.0	0.0	0.0	0.798974	0.0	0.0	0.0	0.0	
222	2348	4302.047440672	4747.5	4747.5	0.026022	0.0	2124	0	0	0	220	0	0	0	0	1.0e-6	0.0	0.0	0.0	0.089269	0.0	0.0	0.0	0.0	1.63836	0.0	0.0	0.0	4288.5	0.0	0.0	0.0	0.0	0.000771	0.0	0.0	0.0	19.4932	0.0	0.0	0.0	0.0	15	0	0	0	55	0	0	0	0	69	0	0	0	10	0	0	0	0	635	0	0	0	154	0	0	0	0	422	0	0	0	1	0	0	0	0	35	0	0	0	0	0	0	0	0	948	0	0	0	0	0	0	0	0	0.001227	0.0	0.0	0.0	0.00458	0.0	0.0	0.0	0.0	0.211356	0.0	0.0	0.0	0.788644	0.0	0.0	0.0	0.0	
223	2349	4319.261546486	4743.972	4743.972	0.025376	0.0	2124	0	0	0	221	0	0	0	0	1.0e-6	0.0	0.0	0.0	0.14701	0.0	0.0	0.0	0.0	1.63836	0.0	0.0	0.0	4305.71	0.0	0.0	0.0	0.0	0.000771	0.0	0.0	0.0	19.4828	0.0	0.0	0.0	0.0	15	0	0	0	56	0	0	0	0	69	0	0	0	10	0	0	0	0	635	0	0	0	154	0	0	0	0	422	0	0	0	1	0	0	0	0	35	0	0	0	0	0	0	0	0	948	0	0	0	0	0	0	0	0	0.001227	0.0	0.0	0.0	0.007546	0.0	0.0	0.0	0.0	0.139898	0.0	0.0	0.0	0.860102	0.0	0.0	0.0	0.0	
224	2350	4461.168475441	4743.972	4743.972	0.024549	0.0	2124	0	0	0	222	0	0	0	0	1.0e-6	0.0	0.0	0.0	0.138464	0.0	0.0	0.0	0.0	1.63836	0.0	0.0	0.0	4447.62	0.0	0.0	0.0	0.0	0.000771	0.0	0.0	0.0	20.0343	0.0	0.0	0.0	0.0	15	0	0	0	56	0	0	0	0	69	0	0	0	10	0	0	0	0	635	0	0	0	155	0	0	0	0	422	0	0	0	1	0	0	0	0	35	0	0	0	0	0	0	0	0	948	0	0	0	0	0	0	0	0	0.001227	0.0	0.0	0.0	0.006911	0.0	0.0	0.0	0.0	0.1508	0.0	0.0	0.0	0.8492	0.0	0.0	0.0	0.0	
225	2351	4641.361963132	4733.111	4733.111	0.018682	0.0	2124	0	0	0	223	0	0	0	0	1.0e-6	0.0	0.0	0.0	0.18919	0.0	0.0	0.0	0.0	1.63836	0.0	0.0	0.0	4627.81	0.0	0.0	0.0	0.0	0.000771	0.0	0.0	0.0	20.7525	0.0	0.0	0.0	0.0	15	0	0	0	57	0	0	0	0	69	0	0	0	10	0	0	0	0	635	0	0	0	155	0	0	0	0	422	0	0	0	1	0	0	0	0	35	0	0	0	0	0	0	0	0	948	0	0	0	0	0	0	0	0	0.001227	0.0	0.0	0.0	0.009116	0.0	0.0	0.0	0.0	0.118652	0.0	0.0	0.0	0.881348	0.0	0.0	0.0	0.0	
226	2352	4660.535813146	4726.333	4726.333	0.013208	0.0	2124	0	0	0	224	0	0	0	0	1.0e-6	0.0	0.0	0.0	0.235188	0.0	0.0	0.0	0.0	1.63836	0.0	0.0	0.0	4646.98	0.0	0.0	0.0	0.0	0.000771	0.0	0.0	0.0	20.7455	0.0	0.0	0.0	0.0	15	0	0	0	58	0	0	0	0	69	0	0	0	10	0	0	0	0	635	0	0	0	155	0	0	0	0	422	0	0	0	1	0	0	0	0	35	0	0	0	0	0	0	0	0	948	0	0	0	0	0	0	0	0	0.001227	0.0	0.0	0.0	0.011337	0.0	0.0	0.0	0.0	0.097683	0.0	0.0	0.0	0.902317	0.0	0.0	0.0	0.0	
227	2353	4668.074421024	4726.333	4726.333	0.012729	0.0	2124	0	0	0	225	0	0	0	0	1.0e-6	0.0	0.0	0.0	0.222156	0.0	0.0	0.0	0.0	1.63836	0.0	0.0	0.0	4654.52	0.0	0.0	0.0	0.0	0.000771	0.0	0.0	0.0	20.6868	0.0	0.0	0.0	0.0	15	0	0	0	58	0	0	0	0	69	0	0	0	10	0	0	0	0	635	0	0	0	156	0	0	0	0	422	0	0	0	1	0	0	0	0	35	0	0	0	0	0	0	0	0	948	0	0	0	0	0	0	0	0	0.001227	0.0	0.0	0.0	0.010739	0.0	0.0	0.0	0.0	0.102563	0.0	0.0	0.0	0.897437	0.0	0.0	0.0	0.0	
228	2354	4680.362002043	4726.333	4726.333	0.012546	0.0	2124	0	0	0	226	0	0	0	0	1.0e-6	0.0	0.0	0.0	0.209778	0.0	0.0	0.0	0.0	1.63836	0.0	0.0	0.0	4666.81	0.0	0.0	0.0	0.0	0.000771	0.0	0.0	0.0	20.6496	0.0	0.0	0.0	0.0	15	0	0	0	58	0	0	0	0	69	0	0	0	10	0	0	0	0	635	0	0	0	157	0	0	0	0	422	0	0	0	1	0	0	0	0	35	0	0	0	0	0	0	0	0	948	0	0	0	0	0	0	0	0	0.001227	0.0	0.0	0.0	0.010159	0.0	0.0	0.0	0.0	0.107788	0.0	0.0	0.0	0.892212	0.0	0.0	0.0	0.0	
229	2355	4682.589546592	4726.333	4726.333	0.012253	0.0	2124	0	0	0	227	0	0	0	0	1.0e-6	0.0	0.0	0.0	0.198022	0.0	0.0	0.0	0.0	1.63836	0.0	0.0	0.0	4669.04	0.0	0.0	0.0	0.0	0.000771	0.0	0.0	0.0	20.5684	0.0	0.0	0.0	0.0	15	0	0	0	58	0	0	0	0	69	0	0	0	10	0	0	0	0	635	0	0	0	158	0	0	0	0	422	0	0	0	1	0	0	0	0	35	0	0	0	0	0	0	0	0	948	0	0	0	0	0	0	0	0	0.001227	0.0	0.0	0.0	0.009627	0.0	0.0	0.0	0.0	0.113066	0.0	0.0	0.0	0.886934	0.0	0.0	0.0	0.0	
230	2356	4698.30752144	4717.333	4717.333	0.0122	0.0	2124	0	0	0	228	0	0	0	0	1.0e-6	0.0	0.0	0.0	0.243233	0.0	0.0	0.0	0.0	1.63836	0.0	0.0	0.0	4684.76	0.0	0.0	0.0	0.0	0.000771	0.0	0.0	0.0	20.5472	0.0	0.0	0.0	0.0	15	0	0	0	59	0	0	0	0	69	0	0	0	10	0	0	0	0	635	0	0	0	158	0	0	0	0	422	0	0	0	1	0	0	0	0	35	0	0	0	0	0	0	0	0	948	0	0	0	0	0	0	0	0	0.001227	0.0	0.0	0.0	0.011838	0.0	0.0	0.0	0.0	0.093938	0.0	0.0	0.0	0.906062	0.0	0.0	0.0	0.0	
231	2357	4710.364493208	4717.333	4717.333	0.011837	0.0	2124	0	0	0	229	0	0	0	0	1.0e-6	0.0	0.0	0.0	0.229811	0.0	0.0	0.0	0.0	1.63836	0.0	0.0	0.0	4696.81	0.0	0.0	0.0	0.0	0.000771	0.0	0.0	0.0	20.5101	0.0	0.0	0.0	0.0	15	0	0	0	59	0	0	0	0	69	0	0	0	10	0	0	0	0	635	0	0	0	159	0	0	0	0	422	0	0	0	1	0	0	0	0	35	0	0	0	0	0	0	0	0	948	0	0	0	0	0	0	0	0	0.001227	0.0	0.0	0.0	0.011205	0.0	0.0	0.0	0.0	0.098721	0.0	0.0	0.0	0.901279	0.0	0.0	0.0	0.0	
232	2358	4718.205319869	4717.333	4717.333	0.011565	0.0	2124	0	0	0	230	0	0	0	0	1.0e-6	0.0	0.0	0.0	0.217061	0.0	0.0	0.0	0.0	1.63836	0.0	0.0	0.0	4704.65	0.0	0.0	0.0	0.0	0.000771	0.0	0.0	0.0	20.455	0.0	0.0	0.0	0.0	15	0	0	0	59	0	0	0	0	69	0	0	0	10	0	0	0	0	635	0	0	0	160	0	0	0	0	422	0	0	0	1	0	0	0	0	35	0	0	0	0	0	0	0	0	948	0	0	0	0	0	0	0	0	0.001227	0.0	0.0	0.0	0.010612	0.0	0.0	0.0	0.0	0.103667	0.0	0.0	0.0	0.896333	0.0	0.0	0.0	0.0	
233	2359	4723.867840982	4717.333	4717.333	0.011392	0.0	2124	0	0	0	231	0	0	0	0	1.0e-6	0.0	0.0	0.0	0.204953	0.0	0.0	0.0	0.0	1.63836	0.0	0.0	0.0	4710.32	0.0	0.0	0.0	0.0	0.000771	0.0	0.0	0.0	20.391	0.0	0.0	0.0	0.0	15	0	0	0	59	0	0	0	0	69	0	0	0	10	0	0	0	0	635	0	0	0	161	0	0	0	0	422	0	0	0	1	0	0	0	0	35	0	0	0	0	0	0	0	0	948	0	0	0	0	0	0	0	0	0.001227	0.0	0.0	0.0	0.010051	0.0	0.0	0.0	0.0	0.108819	0.0	0.0	0.0	0.891181	0.0	0.0	0.0	0.0	
234	2360	4728.753243129	4717.333	4717.333	0.011268	0.0	2124	0	0	0	232	0	0	0	0	1.0e-6	0.0	0.0	0.0	0.193454	0.0	0.0	0.0	0.0	1.63836	0.0	0.0	0.0	4715.2	0.0	0.0	0.0	0.0	0.000771	0.0	0.0	0.0	20.3241	0.0	0.0	0.0	0.0	15	0	0	0	59	0	0	0	0	69	0	0	0	10	0	0	0	0	635	0	0	0	162	0	0	0	0	422	0	0	0	1	0	0	0	0	35	0	0	0	0	0	0	0	0	948	0	0	0	0	0	0	0	0	0.001227	0.0	0.0	0.0	0.009518	0.0	0.0	0.0	0.0	0.114213	0.0	0.0	0.0	0.885787	0.0	0.0	0.0	0.0	
235	2362	4752.06443627	4717.333	4717.333	0.011163	0.0	2125	0	0	0	233	0	0	0	0	1.0e-6	0.0	0.0	0.0	0.182659	0.0	0.0	0.0	0.0	1.63863	0.0	0.0	0.0	4738.51	0.0	0.0	0.0	0.0	0.000771	0.0	0.0	0.0	20.337	0.0	0.0	0.0	0.0	15	0	0	0	59	0	0	0	0	69	0	0	0	10	0	0	0	0	635	0	0	0	163	0	0	0	0	422	0	0	0	1	0	0	0	0	35	0	0	0	0	0	0	0	0	949	0	0	0	0	0	0	0	0	0.001105	0.0	0.0	0.0	0.008982	0.0	0.0	0.0	0.0	0.109543	0.0	0.0	0.0	0.890457	0.0	0.0	0.0	0.0	
236	2363	4769.735054842	4717.333	4717.333	0.010673	0.0	2125	0	0	0	234	0	0	0	0	1.0e-6	0.0	0.0	0.0	0.172402	0.0	0.0	0.0	0.0	1.63863	0.0	0.0	0.0	4756.18	0.0	0.0	0.0	0.0	0.000771	0.0	0.0	0.0	20.3256	0.0	0.0	0.0	0.0	15	0	0	0	59	0	0	0	0	69	0	0	0	10	0	0	0	0	635	0	0	0	164	0	0	0	0	422	0	0	0	1	0	0	0	0	35	0	0	0	0	0	0	0	0	949	0	0	0	0	0	0	0	0	0.001105	0.0	0.0	0.0	0.008482	0.0	0.0	0.0	0.0	0.115252	0.0	0.0	0.0	0.884748	0.0	0.0	0.0	0.0	
237	2364	4772.071485507	4717.333	4717.333	0.010316	0.0	2125	0	0	0	235	0	0	0	0	1.0e-6	0.0	0.0	0.0	0.162659	0.0	0.0	0.0	0.0	1.63863	0.0	0.0	0.0	4758.52	0.0	0.0	0.0	0.0	0.000771	0.0	0.0	0.0	20.249	0.0	0.0	0.0	0.0	15	0	0	0	59	0	0	0	0	69	0	0	0	10	0	0	0	0	635	0	0	0	165	0	0	0	0	422	0	0	0	1	0	0	0	0	35	0	0	0	0	0	0	0	0	949	0	0	0	0	0	0	0	0	0.001105	0.0	0.0	0.0	0.008033	0.0	0.0	0.0	0.0	0.120916	0.0	0.0	0.0	0.879084	0.0	0.0	0.0	0.0	
238	2365	4778.105902868	4717.333	4717.333	0.01027	0.0	2125	0	0	0	236	0	0	0	0	1.0e-6	0.0	0.0	0.0	0.153408	0.0	0.0	0.0	0.0	1.63863	0.0	0.0	0.0	4764.55	0.0	0.0	0.0	0.0	0.000771	0.0	0.0	0.0	20.1888	0.0	0.0	0.0	0.0	15	0	0	0	59	0	0	0	0	69	0	0	0	10	0	0	0	0	635	0	0	0	166	0	0	0	0	422	0	0	0	1	0	0	0	0	35	0	0	0	0	0	0	0	0	949	0	0	0	0	0	0	0	0	0.001105	0.0	0.0	0.0	0.007599	0.0	0.0	0.0	0.0	0.126949	0.0	0.0	0.0	0.873051	0.0	0.0	0.0	0.0	
239	2366	4787.07055438	4717.333	4717.333	0.010152	0.0	2125	0	0	0	237	0	0	0	0	1.0e-6	0.0	0.0	0.0	0.144622	0.0	0.0	0.0	0.0	1.63863	0.0	0.0	0.0	4773.52	0.0	0.0	0.0	0.0	0.000771	0.0	0.0	0.0	20.1414	0.0	0.0	0.0	0.0	15	0	0	0	59	0	0	0	0	69	0	0	0	10	0	0	0	0	635	0	0	0	167	0	0	0	0	422	0	0	0	1	0	0	0	0	35	0	0	0	0	0	0	0	0	949	0	0	0	0	0	0	0	0	0.001105	0.0	0.0	0.0	0.00718	0.0	0.0	0.0	0.0	0.133359	0.0	0.0	0.0	0.866641	0.0	0.0	0.0	0.0	
240	2367	4790.068432349	4717.333	4717.333	0.009978	0.0	2125	0	0	0	238	0	0	0	0	1.0e-6	0.0	0.0	0.0	0.136278	0.0	0.0	0.0	0.0	1.63863	0.0	0.0	0.0	4776.52	0.0	0.0	0.0	0.0	0.000771	0.0	0.0	0.0	20.0694	0.0	0.0	0.0	0.0	15	0	0	0	59	0	0	0	0	69	0	0	0	10	0	0	0	0	635	0	0	0	168	0	0	0	0	422	0	0	0	1	0	0	0	0	35	0	0	0	0	0	0	0	0	949	0	0	0	0	0	0	0	0	0.001105	0.0	0.0	0.0	0.00679	0.0	0.0	0.0	0.0	0.139946	0.0	0.0	0.0	0.860054	0.0	0.0	0.0	0.0	
241	2368	4792.309998896	4717.333	4717.333	0.009921	0.0	2125	0	0	0	239	0	0	0	0	1.0e-6	0.0	0.0	0.0	0.128355	0.0	0.0	0.0	0.0	1.63863	0.0	0.0	0.0	4778.76	0.0	0.0	0.0	0.0	0.000771	0.0	0.0	0.0	19.9948	0.0	0.0	0.0	0.0	15	0	0	0	59	0	0	0	0	69	0	0	0	10	0	0	0	0	635	0	0	0	169	0	0	0	0	422	0	0	0	1	0	0	0	0	35	0	0	0	0	0	0	0	0	949	0	0	0	0	0	0	0	0	0.001105	0.0	0.0	0.0	0.006419	0.0	0.0	0.0	0.0	0.146845	0.0	0.0	0.0	0.853155	0.0	0.0	0.0	0.0	
242	2369	4794.661443614	4717.333	4717.333	0.009878	0.0	2125	0	0	0	240	0	0	0	0	1.0e-6	0.0	0.0	0.0	0.120833	0.0	0.0	0.0	0.0	1.63863	0.0	0.0	0.0	4781.11	0.0	0.0	0.0	0.0	0.000771	0.0	0.0	0.0	19.9213	0.0	0.0	0.0	0.0	15	0	0	0	59	0	0	0	0	69	0	0	0	10	0	0	0	0	635	0	0	0	170	0	0	0	0	422	0	0	0	1	0	0	0	0	35	0	0	0	0	0	0	0	0	949	0	0	0	0	0	0	0	0	0.001105	0.0	0.0	0.0	0.006066	0.0	0.0	0.0	0.0	0.154093	0.0	0.0	0.0	0.845907	0.0	0.0	0.0	0.0	
243	2370	4803.986030142	4717.333	4717.333	0.009833	0.0	2125	0	0	0	241	0	0	0	0	1.0e-6	0.0	0.0	0.0	0.113691	0.0	0.0	0.0	0.0	1.63863	0.0	0.0	0.0	4790.43	0.0	0.0	0.0	0.0	0.000771	0.0	0.0	0.0	19.8773	0.0	0.0	0.0	0.0	15	0	0	0	59	0	0	0	0	69	0	0	0	10	0	0	0	0	635	0	0	0	171	0	0	0	0	422	0	0	0	1	0	0	0	0	35	0	0	0	0	0	0	0	0	949	0	0	0	0	0	0	0	0	0.001105	0.0	0.0	0.0	0.00572	0.0	0.0	0.0	0.0	0.161903	0.0	0.0	0.0	0.838097	0.0	0.0	0.0	0.0	
244	2371	4819.695666033	4717.333	4717.333	0.009658	0.0	2125	0	0	0	242	0	0	0	0	1.0e-6	0.0	0.0	0.0	0.106908	0.0	0.0	0.0	0.0	1.63863	0.0	0.0	0.0	4806.14	0.0	0.0	0.0	0.0	0.000771	0.0	0.0	0.0	19.8601	0.0	0.0	0.0	0.0	15	0	0	0	59	0	0	0	0	69	0	0	0	10	0	0	0	0	635	0	0	0	172	0	0	0	0	422	0	0	0	1	0	0	0	0	35	0	0	0	0	0	0	0	0	949	0	0	0	0	0	0	0	0	0.001105	0.0	0.0	0.0	0.005383	0.0	0.0	0.0	0.0	0.170302	0.0	0.0	0.0	0.829698	0.0	0.0	0.0	0.0	
245	2372	4824.890852587	4717.333	4717.333	0.009371	0.0	2125	0	0	0	243	0	0	0	0	1.0e-6	0.0	0.0	0.0	0.100465	0.0	0.0	0.0	0.0	1.63863	0.0	0.0	0.0	4811.34	0.0	0.0	0.0	0.0	0.000771	0.0	0.0	0.0	19.7997	0.0	0.0	0.0	0.0	15	0	0	0	59	0	0	0	0	69	0	0	0	10	0	0	0	0	635	0	0	0	173	0	0	0	0	422	0	0	0	1	0	0	0	0	35	0	0	0	0	0	0	0	0	949	0	0	0	0	0	0	0	0	0.001105	0.0	0.0	0.0	0.005074	0.0	0.0	0.0	0.0	0.178817	0.0	0.0	0.0	0.821183	0.0	0.0	0.0	0.0	
246	2373	4856.47846394	4714.833	4714.833	0.009278	0.0	2125	0	0	0	244	0	0	0	0	1.0e-6	0.0	0.0	0.0	0.155236	0.0	0.0	0.0	0.0	1.63863	0.0	0.0	0.0	4842.93	0.0	0.0	0.0	0.0	0.000771	0.0	0.0	0.0	19.8481	0.0	0.0	0.0	0.0	15	0	0	0	60	0	0	0	0	69	0	0	0	10	0	0	0	0	635	0	0	0	173	0	0	0	0	422	0	0	0	1	0	0	0	0	35	0	0	0	0	0	0	0	0	949	0	0	0	0	0	0	0	0	0.001105	0.0	0.0	0.0	0.007821	0.0	0.0	0.0	0.0	0.123784	0.0	0.0	0.0	0.876216	0.0	0.0	0.0	0.0	
247	2374	4861.676734024	4714.833	4714.833	0.00873	0.0	2125	0	0	0	245	0	0	0	0	1.0e-6	0.0	0.0	0.0	0.146378	0.0	0.0	0.0	0.0	1.63863	0.0	0.0	0.0	4848.12	0.0	0.0	0.0	0.0	0.000771	0.0	0.0	0.0	19.7883	0.0	0.0	0.0	0.0	15	0	0	0	60	0	0	0	0	69	0	0	0	10	0	0	0	0	635	0	0	0	174	0	0	0	0	422	0	0	0	1	0	0	0	0	35	0	0	0	0	0	0	0	0	949	0	0	0	0	0	0	0	0	0.001105	0.0	0.0	0.0	0.007397	0.0	0.0	0.0	0.0	0.129957	0.0	0.0	0.0	0.870043	0.0	0.0	0.0	0.0	
248	2375	4872.522568628	4714.833	4714.833	0.008643	0.0	2125	0	0	0	246	0	0	0	0	1.0e-6	0.0	0.0	0.0	0.137966	0.0	0.0	0.0	0.0	1.63863	0.0	0.0	0.0	4858.97	0.0	0.0	0.0	0.0	0.000771	0.0	0.0	0.0	19.7519	0.0	0.0	0.0	0.0	15	0	0	0	60	0	0	0	0	69	0	0	0	10	0	0	0	0	635	0	0	0	175	0	0	0	0	422	0	0	0	1	0	0	0	0	35	0	0	0	0	0	0	0	0	949	0	0	0	0	0	0	0	0	0.001105	0.0	0.0	0.0	0.006985	0.0	0.0	0.0	0.0	0.13658	0.0	0.0	0.0	0.86342	0.0	0.0	0.0	0.0	
249	2376	4896.781279111	4714.833	4714.833	0.008465	0.0	2125	0	0	0	247	0	0	0	0	1.0e-6	0.0	0.0	0.0	0.129976	0.0	0.0	0.0	0.0	1.63863	0.0	0.0	0.0	4883.23	0.0	0.0	0.0	0.0	0.000771	0.0	0.0	0.0	19.7702	0.0	0.0	0.0	0.0	15	0	0	0	60	0	0	0	0	69	0	0	0	10	0	0	0	0	635	0	0	0	176	0	0	0	0	422	0	0	0	1	0	0	0	0	35	0	0	0	0	0	0	0	0	949	0	0	0	0	0	0	0	0	0.001105	0.0	0.0	0.0	0.006574	0.0	0.0	0.0	0.0	0.143882	0.0	0.0	0.0	0.856118	0.0	0.0	0.0	0.0	
250	2378	4899.116969496	4714.833	4714.833	0.008079	0.0	2126	0	0	0	248	0	0	0	0	1.0e-6	0.0	0.0	0.0	0.122494	0.0	0.0	0.0	0.0	1.63889	0.0	0.0	0.0	4885.56	0.0	0.0	0.0	0.0	0.000771	0.0	0.0	0.0	19.6999	0.0	0.0	0.0	0.0	15	0	0	0	60	0	0	0	0	69	0	0	0	10	0	0	0	0	635	0	0	0	177	0	0	0	0	422	0	0	0	1	0	0	0	0	35	0	0	0	0	0	0	0	0	950	0	0	0	0	0	0	0	0	0.000995	0.0	0.0	0.0	0.006218	0.0	0.0	0.0	0.0	0.137913	0.0	0.0	0.0	0.862087	0.0	0.0	0.0	0.0	
251	2379	4903.280688424	4714.833	4714.833	0.008043	0.0	2126	0	0	0	249	0	0	0	0	1.0e-6	0.0	0.0	0.0	0.11539	0.0	0.0	0.0	0.0	1.63889	0.0	0.0	0.0	4889.73	0.0	0.0	0.0	0.0	0.000771	0.0	0.0	0.0	19.6375	0.0	0.0	0.0	0.0	15	0	0	0	60	0	0	0	0	69	0	0	0	10	0	0	0	0	635	0	0	0	178	0	0	0	0	422	0	0	0	1	0	0	0	0	35	0	0	0	0	0	0	0	0	950	0	0	0	0	0	0	0	0	0.000995	0.0	0.0	0.0	0.005876	0.0	0.0	0.0	0.0	0.144779	0.0	0.0	0.0	0.855221	0.0	0.0	0.0	0.0	
252	2380	4924.755948468	4714.833	4714.833	0.007978	0.0	2126	0	0	0	250	0	0	0	0	1.0e-6	0.0	0.0	0.0	0.108643	0.0	0.0	0.0	0.0	1.63889	0.0	0.0	0.0	4911.2	0.0	0.0	0.0	0.0	0.000771	0.0	0.0	0.0	19.6448	0.0	0.0	0.0	0.0	15	0	0	0	60	0	0	0	0	69	0	0	0	10	0	0	0	0	635	0	0	0	179	0	0	0	0	422	0	0	0	1	0	0	0	0	35	0	0	0	0	0	0	0	0	950	0	0	0	0	0	0	0	0	0.000995	0.0	0.0	0.0	0.00553	0.0	0.0	0.0	0.0	0.152447	0.0	0.0	0.0	0.847553	0.0	0.0	0.0	0.0	
253	2381	4927.068769596	4714.833	4714.833	0.007655	0.0	2126	0	0	0	251	0	0	0	0	1.0e-6	0.0	0.0	0.0	0.102234	0.0	0.0	0.0	0.0	1.63889	0.0	0.0	0.0	4913.52	0.0	0.0	0.0	0.0	0.000771	0.0	0.0	0.0	19.5758	0.0	0.0	0.0	0.0	15	0	0	0	60	0	0	0	0	69	0	0	0	10	0	0	0	0	635	0	0	0	180	0	0	0	0	422	0	0	0	1	0	0	0	0	35	0	0	0	0	0	0	0	0	950	0	0	0	0	0	0	0	0	0.000995	0.0	0.0	0.0	0.005222	0.0	0.0	0.0	0.0	0.159997	0.0	0.0	0.0	0.840003	0.0	0.0	0.0	0.0	
254	2382	4943.672955172	4714.833	4714.833	0.007621	0.0	2126	0	0	0	252	0	0	0	0	1.0e-6	0.0	0.0	0.0	0.096149	0.0	0.0	0.0	0.0	1.63889	0.0	0.0	0.0	4930.12	0.0	0.0	0.0	0.0	0.000771	0.0	0.0	0.0	19.564	0.0	0.0	0.0	0.0	15	0	0	0	60	0	0	0	0	69	0	0	0	10	0	0	0	0	635	0	0	0	181	0	0	0	0	422	0	0	0	1	0	0	0	0	35	0	0	0	0	0	0	0	0	950	0	0	0	0	0	0	0	0	0.000995	0.0	0.0	0.0	0.004915	0.0	0.0	0.0	0.0	0.168333	0.0	0.0	0.0	0.831667	0.0	0.0	0.0	0.0	
255	2383	4957.131853343	4714.833	4714.833	0.007382	0.0	2126	0	0	0	253	0	0	0	0	1.0e-6	0.0	0.0	0.0	0.090368	0.0	0.0	0.0	0.0	1.63889	0.0	0.0	0.0	4943.58	0.0	0.0	0.0	0.0	0.000771	0.0	0.0	0.0	19.5398	0.0	0.0	0.0	0.0	15	0	0	0	60	0	0	0	0	69	0	0	0	10	0	0	0	0	635	0	0	0	182	0	0	0	0	422	0	0	0	1	0	0	0	0	35	0	0	0	0	0	0	0	0	950	0	0	0	0	0	0	0	0	0.000995	0.0	0.0	0.0	0.004625	0.0	0.0	0.0	0.0	0.177013	0.0	0.0	0.0	0.822987	0.0	0.0	0.0	0.0	
256	2384	4963.663674046	4714.833	4714.833	0.007193	0.0	2126	0	0	0	254	0	0	0	0	1.0e-6	0.0	0.0	0.0	0.084878	0.0	0.0	0.0	0.0	1.63889	0.0	0.0	0.0	4950.11	0.0	0.0	0.0	0.0	0.000771	0.0	0.0	0.0	19.4886	0.0	0.0	0.0	0.0	15	0	0	0	60	0	0	0	0	69	0	0	0	10	0	0	0	0	635	0	0	0	183	0	0	0	0	422	0	0	0	1	0	0	0	0	35	0	0	0	0	0	0	0	0	950	0	0	0	0	0	0	0	0	0.000995	0.0	0.0	0.0	0.004355	0.0	0.0	0.0	0.0	0.185932	0.0	0.0	0.0	0.814068	0.0	0.0	0.0	0.0	
257	2385	4967.068224814	4714.833	4714.833	0.007103	0.0	2126	0	0	0	255	0	0	0	0	1.0e-6	0.0	0.0	0.0	0.079665	0.0	0.0	0.0	0.0	1.63889	0.0	0.0	0.0	4953.51	0.0	0.0	0.0	0.0	0.000771	0.0	0.0	0.0	19.4255	0.0	0.0	0.0	0.0	15	0	0	0	60	0	0	0	0	69	0	0	0	10	0	0	0	0	635	0	0	0	184	0	0	0	0	422	0	0	0	1	0	0	0	0	35	0	0	0	0	0	0	0	0	950	0	0	0	0	0	0	0	0	0.000995	0.0	0.0	0.0	0.004101	0.0	0.0	0.0	0.0	0.195208	0.0	0.0	0.0	0.804792	0.0	0.0	0.0	0.0	
258	2386	4977.384668965	4714.833	4714.833	0.007057	0.0	2126	0	0	0	256	0	0	0	0	1.0e-6	0.0	0.0	0.0	0.074716	0.0	0.0	0.0	0.0	1.63889	0.0	0.0	0.0	4963.83	0.0	0.0	0.0	0.0	0.000771	0.0	0.0	0.0	19.39	0.0	0.0	0.0	0.0	15	0	0	0	60	0	0	0	0	69	0	0	0	10	0	0	0	0	635	0	0	0	185	0	0	0	0	422	0	0	0	1	0	0	0	0	35	0	0	0	0	0	0	0	0	950	0	0	0	0	0	0	0	0	0.000995	0.0	0.0	0.0	0.003853	0.0	0.0	0.0	0.0	0.205183	0.0	0.0	0.0	0.794817	0.0	0.0	0.0	0.0	
259	2388	4985.695178029	4714.833	4714.833	0.006918	0.0	2127	0	0	0	257	0	0	0	0	1.0e-6	0.0	0.0	0.0	0.070112	0.0	0.0	0.0	0.0	1.63913	0.0	0.0	0.0	4972.14	0.0	0.0	0.0	0.0	0.000771	0.0	0.0	0.0	19.3469	0.0	0.0	0.0	0.0	15	0	0	0	60	0	0	0	0	69	0	0	0	10	0	0	0	0	635	0	0	0	186	0	0	0	0	422	0	0	0	1	0	0	0	0	35	0	0	0	0	0	0	0	0	951	0	0	0	0	0	0	0	0	0.000896	0.0	0.0	0.0	0.003624	0.0	0.0	0.0	0.0	0.198153	0.0	0.0	0.0	0.801847	0.0	0.0	0.0	0.0	
260	2390	5012.934798726	4714.833	4714.833	0.006808	0.0	2128	0	0	0	258	0	0	0	0	1.0e-6	0.0	0.0	0.0	0.065826	0.0	0.0	0.0	0.0	1.63936	0.0	0.0	0.0	4999.38	0.0	0.0	0.0	0.0	0.00077	0.0	0.0	0.0	19.3774	0.0	0.0	0.0	0.0	15	0	0	0	60	0	0	0	0	69	0	0	0	10	0	0	0	0	635	0	0	0	187	0	0	0	0	422	0	0	0	1	0	0	0	0	35	0	0	0	0	0	0	0	0	952	0	0	0	0	0	0	0	0	0.000806	0.0	0.0	0.0	0.003397	0.0	0.0	0.0	0.0	0.191816	0.0	0.0	0.0	0.808184	0.0	0.0	0.0	0.0	
261	2391	5024.388686042	4714.833	4714.833	0.006461	0.0	2128	0	0	0	259	0	0	0	0	1.0e-6	0.0	0.0	0.0	0.061754	0.0	0.0	0.0	0.0	1.63936	0.0	0.0	0.0	5010.83	0.0	0.0	0.0	0.0	0.00077	0.0	0.0	0.0	19.3469	0.0	0.0	0.0	0.0	15	0	0	0	60	0	0	0	0	69	0	0	0	10	0	0	0	0	635	0	0	0	188	0	0	0	0	422	0	0	0	1	0	0	0	0	35	0	0	0	0	0	0	0	0	952	0	0	0	0	0	0	0	0	0.000806	0.0	0.0	0.0	0.003192	0.0	0.0	0.0	0.0	0.201657	0.0	0.0	0.0	0.798343	0.0	0.0	0.0	0.0	
262	2392	5036.943285221	4714.833	4714.833	0.00632	0.0	2128	0	0	0	260	0	0	0	0	1.0e-6	0.0	0.0	0.0	0.057886	0.0	0.0	0.0	0.0	1.63936	0.0	0.0	0.0	5023.39	0.0	0.0	0.0	0.0	0.00077	0.0	0.0	0.0	19.3207	0.0	0.0	0.0	0.0	15	0	0	0	60	0	0	0	0	69	0	0	0	10	0	0	0	0	635	0	0	0	189	0	0	0	0	422	0	0	0	1	0	0	0	0	35	0	0	0	0	0	0	0	0	952	0	0	0	0	0	0	0	0	0.000806	0.0	0.0	0.0	0.002996	0.0	0.0	0.0	0.0	0.212044	0.0	0.0	0.0	0.787956	0.0	0.0	0.0	0.0	
263	2393	5045.265183441	4714.833	4714.833	0.006169	0.0	2128	0	0	0	261	0	0	0	0	1.0e-6	0.0	0.0	0.0	0.054213	0.0	0.0	0.0	0.0	1.63936	0.0	0.0	0.0	5031.71	0.0	0.0	0.0	0.0	0.00077	0.0	0.0	0.0	19.2786	0.0	0.0	0.0	0.0	15	0	0	0	60	0	0	0	0	69	0	0	0	10	0	0	0	0	635	0	0	0	190	0	0	0	0	422	0	0	0	1	0	0	0	0	35	0	0	0	0	0	0	0	0	952	0	0	0	0	0	0	0	0	0.000806	0.0	0.0	0.0	0.002812	0.0	0.0	0.0	0.0	0.222826	0.0	0.0	0.0	0.777174	0.0	0.0	0.0	0.0	
264	2394	5047.567527037	4714.833	4714.833	0.006071	0.0	2128	0	0	0	262	0	0	0	0	1.0e-6	0.0	0.0	0.0	0.050725	0.0	0.0	0.0	0.0	1.63936	0.0	0.0	0.0	5034.01	0.0	0.0	0.0	0.0	0.00077	0.0	0.0	0.0	19.2138	0.0	0.0	0.0	0.0	15	0	0	0	60	0	0	0	0	69	0	0	0	10	0	0	0	0	635	0	0	0	191	0	0	0	0	422	0	0	0	1	0	0	0	0	35	0	0	0	0	0	0	0	0	952	0	0	0	0	0	0	0	0	0.000806	0.0	0.0	0.0	0.00264	0.0	0.0	0.0	0.0	0.23395	0.0	0.0	0.0	0.76605	0.0	0.0	0.0	0.0	
265	2395	5052.768278572	4714.833	4714.833	0.006044	0.0	2128	0	0	0	263	0	0	0	0	1.0e-6	0.0	0.0	0.0	0.047414	0.0	0.0	0.0	0.0	1.63936	0.0	0.0	0.0	5039.21	0.0	0.0	0.0	0.0	0.00077	0.0	0.0	0.0	19.1605	0.0	0.0	0.0	0.0	15	0	0	0	60	0	0	0	0	69	0	0	0	10	0	0	0	0	635	0	0	0	192	0	0	0	0	422	0	0	0	1	0	0	0	0	35	0	0	0	0	0	0	0	0	952	0	0	0	0	0	0	0	0	0.000806	0.0	0.0	0.0	0.002475	0.0	0.0	0.0	0.0	0.245748	0.0	0.0	0.0	0.754252	0.0	0.0	0.0	0.0	
266	2397	5062.616485779	4714.833	4714.833	0.005984	0.0	2129	0	0	0	264	0	0	0	0	1.0e-6	0.0	0.0	0.0	0.044348	0.0	0.0	0.0	0.0	1.63961	0.0	0.0	0.0	5049.06	0.0	0.0	0.0	0.0	0.00077	0.0	0.0	0.0	19.1252	0.0	0.0	0.0	0.0	15	0	0	0	60	0	0	0	0	69	0	0	0	10	0	0	0	0	635	0	0	0	193	0	0	0	0	422	0	0	0	1	0	0	0	0	35	0	0	0	0	0	0	0	0	953	0	0	0	0	0	0	0	0	0.000726	0.0	0.0	0.0	0.002319	0.0	0.0	0.0	0.0	0.238404	0.0	0.0	0.0	0.761596	0.0	0.0	0.0	0.0	
267	2399	5078.106111418	4714.833	4714.833	0.005871	0.0	2130	0	0	0	265	0	0	0	0	1.0e-6	0.0	0.0	0.0	0.041506	0.0	0.0	0.0	0.0	1.63983	0.0	0.0	0.0	5064.55	0.0	0.0	0.0	0.0	0.00077	0.0	0.0	0.0	19.1115	0.0	0.0	0.0	0.0	15	0	0	0	60	0	0	0	0	69	0	0	0	10	0	0	0	0	635	0	0	0	194	0	0	0	0	422	0	0	0	1	0	0	0	0	35	0	0	0	0	0	0	0	0	954	0	0	0	0	0	0	0	0	0.000653	0.0	0.0	0.0	0.002172	0.0	0.0	0.0	0.0	0.231305	0.0	0.0	0.0	0.768695	0.0	0.0	0.0	0.0	
268	2400	5088.492652333	4714.833	4714.833	0.005699	0.0	2130	0	0	0	266	0	0	0	0	1.0e-6	0.0	0.0	0.0	0.038806	0.0	0.0	0.0	0.0	1.63983	0.0	0.0	0.0	5074.94	0.0	0.0	0.0	0.0	0.00077	0.0	0.0	0.0	19.0787	0.0	0.0	0.0	0.0	15	0	0	0	60	0	0	0	0	69	0	0	0	10	0	0	0	0	635	0	0	0	195	0	0	0	0	422	0	0	0	1	0	0	0	0	35	0	0	0	0	0	0	0	0	954	0	0	0	0	0	0	0	0	0.000653	0.0	0.0	0.0	0.002034	0.0	0.0	0.0	0.0	0.243163	0.0	0.0	0.0	0.756837	0.0	0.0	0.0	0.0	
269	2401	5104.21159871	4714.833	4714.833	0.005586	0.0	2130	0	0	0	267	0	0	0	0	1.0e-6	0.0	0.0	0.0	0.036242	0.0	0.0	0.0	0.0	1.63983	0.0	0.0	0.0	5090.66	0.0	0.0	0.0	0.0	0.00077	0.0	0.0	0.0	19.0661	0.0	0.0	0.0	0.0	15	0	0	0	60	0	0	0	0	69	0	0	0	10	0	0	0	0	635	0	0	0	196	0	0	0	0	422	0	0	0	1	0	0	0	0	35	0	0	0	0	0	0	0	0	954	0	0	0	0	0	0	0	0	0.000653	0.0	0.0	0.0	0.001901	0.0	0.0	0.0	0.0	0.255835	0.0	0.0	0.0	0.744165	0.0	0.0	0.0	0.0	
270	2402	5111.133114432	4714.833	4714.833	0.00542	0.0	2130	0	0	0	268	0	0	0	0	1.0e-6	0.0	0.0	0.0	0.033807	0.0	0.0	0.0	0.0	1.63983	0.0	0.0	0.0	5097.58	0.0	0.0	0.0	0.0	0.00077	0.0	0.0	0.0	19.0208	0.0	0.0	0.0	0.0	15	0	0	0	60	0	0	0	0	69	0	0	0	10	0	0	0	0	635	0	0	0	197	0	0	0	0	422	0	0	0	1	0	0	0	0	35	0	0	0	0	0	0	0	0	954	0	0	0	0	0	0	0	0	0.000653	0.0	0.0	0.0	0.001777	0.0	0.0	0.0	0.0	0.268832	0.0	0.0	0.0	0.731168	0.0	0.0	0.0	0.0	
271	2404	5128.624933977	4714.833	4714.833	0.005348	0.0	2131	0	0	0	269	0	0	0	0	0.0	0.0	0.0	0.0	0.031557	0.0	0.0	0.0	0.0	1.64009	0.0	0.0	0.0	5115.07	0.0	0.0	0.0	0.0	0.00077	0.0	0.0	0.0	19.0151	0.0	0.0	0.0	0.0	15	0	0	0	60	0	0	0	0	69	0	0	0	10	0	0	0	0	635	0	0	0	198	0	0	0	0	422	0	0	0	1	0	0	0	0	35	0	0	0	0	0	0	0	0	955	0	0	0	0	0	0	0	0	0.000588	0.0	0.0	0.0	0.00166	0.0	0.0	0.0	0.0	0.261722	0.0	0.0	0.0	0.738278	0.0	0.0	0.0	0.0	
272	2405	5135.827833987	4714.833	4714.833	0.005171	0.0	2131	0	0	0	270	0	0	0	0	0.0	0.0	0.0	0.0	0.02942	0.0	0.0	0.0	0.0	1.64009	0.0	0.0	0.0	5122.27	0.0	0.0	0.0	0.0	0.00077	0.0	0.0	0.0	18.9714	0.0	0.0	0.0	0.0	15	0	0	0	60	0	0	0	0	69	0	0	0	10	0	0	0	0	635	0	0	0	199	0	0	0	0	422	0	0	0	1	0	0	0	0	35	0	0	0	0	0	0	0	0	955	0	0	0	0	0	0	0	0	0.000588	0.0	0.0	0.0	0.001551	0.0	0.0	0.0	0.0	0.275038	0.0	0.0	0.0	0.724962	0.0	0.0	0.0	0.0	
273	2408	5141.81196887	4714.833	4714.833	0.0051	0.0	2133	0	0	0	271	0	0	0	0	0.0	0.0	0.0	0.0	0.027497	0.0	0.0	0.0	0.0	1.64096	0.0	0.0	0.0	5128.26	0.0	0.0	0.0	0.0	0.000769	0.0	0.0	0.0	18.9235	0.0	0.0	0.0	0.0	15	0	0	0	60	0	0	0	0	69	0	0	0	10	0	0	0	0	635	0	0	0	200	0	0	0	0	423	0	0	0	1	0	0	0	0	35	0	0	0	0	0	0	0	0	956	0	0	0	0	0	0	0	0	0.000477	0.0	0.0	0.0	0.001453	0.0	0.0	0.0	0.0	0.247042	0.0	0.0	0.0	0.752958	0.0	0.0	0.0	0.0	
274	2409	5148.716764329	4714.833	4714.833	0.005041	0.0	2133	0	0	0	272	0	0	0	0	0.0	0.0	0.0	0.0	0.025671	0.0	0.0	0.0	0.0	1.64096	0.0	0.0	0.0	5135.16	0.0	0.0	0.0	0.0	0.000769	0.0	0.0	0.0	18.8793	0.0	0.0	0.0	0.0	15	0	0	0	60	0	0	0	0	69	0	0	0	10	0	0	0	0	635	0	0	0	201	0	0	0	0	423	0	0	0	1	0	0	0	0	35	0	0	0	0	0	0	0	0	956	0	0	0	0	0	0	0	0	0.000477	0.0	0.0	0.0	0.00136	0.0	0.0	0.0	0.0	0.259595	0.0	0.0	0.0	0.740405	0.0	0.0	0.0	0.0	
275	2410	5152.606767338	4714.833	4714.833	0.004975	0.0	2133	0	0	0	273	0	0	0	0	0.0	0.0	0.0	0.0	0.023937	0.0	0.0	0.0	0.0	1.64096	0.0	0.0	0.0	5139.05	0.0	0.0	0.0	0.0	0.000769	0.0	0.0	0.0	18.8244	0.0	0.0	0.0	0.0	15	0	0	0	60	0	0	0	0	69	0	0	0	10	0	0	0	0	635	0	0	0	202	0	0	0	0	423	0	0	0	1	0	0	0	0	35	0	0	0	0	0	0	0	0	956	0	0	0	0	0	0	0	0	0.000477	0.0	0.0	0.0	0.001272	0.0	0.0	0.0	0.0	0.27268	0.0	0.0	0.0	0.72732	0.0	0.0	0.0	0.0	
276	2411	5157.927987624	4714.833	4714.833	0.004938	0.0	2133	0	0	0	274	0	0	0	0	0.0	0.0	0.0	0.0	0.022292	0.0	0.0	0.0	0.0	1.64096	0.0	0.0	0.0	5144.37	0.0	0.0	0.0	0.0	0.000769	0.0	0.0	0.0	18.7751	0.0	0.0	0.0	0.0	15	0	0	0	60	0	0	0	0	69	0	0	0	10	0	0	0	0	635	0	0	0	203	0	0	0	0	423	0	0	0	1	0	0	0	0	35	0	0	0	0	0	0	0	0	956	0	0	0	0	0	0	0	0	0.000477	0.0	0.0	0.0	0.001187	0.0	0.0	0.0	0.0	0.286495	0.0	0.0	0.0	0.713505	0.0	0.0	0.0	0.0	
277	2412	5161.152947857	4714.833	4714.833	0.004887	0.0	2133	0	0	0	275	0	0	0	0	0.0	0.0	0.0	0.0	0.02073	0.0	0.0	0.0	0.0	1.64096	0.0	0.0	0.0	5147.6	0.0	0.0	0.0	0.0	0.000769	0.0	0.0	0.0	18.7185	0.0	0.0	0.0	0.0	15	0	0	0	60	0	0	0	0	69	0	0	0	10	0	0	0	0	635	0	0	0	204	0	0	0	0	423	0	0	0	1	0	0	0	0	35	0	0	0	0	0	0	0	0	956	0	0	0	0	0	0	0	0	0.000477	0.0	0.0	0.0	0.001107	0.0	0.0	0.0	0.0	0.300939	0.0	0.0	0.0	0.699061	0.0	0.0	0.0	0.0	
278	2414	5168.186640775	4714.833	4714.833	0.004857	0.0	2134	0	0	0	276	0	0	0	0	0.0	0.0	0.0	0.0	0.019292	0.0	0.0	0.0	0.0	1.64126	0.0	0.0	0.0	5154.63	0.0	0.0	0.0	0.0	0.000769	0.0	0.0	0.0	18.6762	0.0	0.0	0.0	0.0	15	0	0	0	60	0	0	0	0	69	0	0	0	10	0	0	0	0	635	0	0	0	205	0	0	0	0	423	0	0	0	1	0	0	0	0	35	0	0	0	0	0	0	0	0	957	0	0	0	0	0	0	0	0	0.000429	0.0	0.0	0.0	0.001033	0.0	0.0	0.0	0.0	0.293537	0.0	0.0	0.0	0.706463	0.0	0.0	0.0	0.0	
279	2415	5177.475072259	4714.833	4714.833	0.004792	0.0	2134	0	0	0	277	0	0	0	0	0.0	0.0	0.0	0.0	0.017926	0.0	0.0	0.0	0.0	1.64126	0.0	0.0	0.0	5163.92	0.0	0.0	0.0	0.0	0.000769	0.0	0.0	0.0	18.6423	0.0	0.0	0.0	0.0	15	0	0	0	60	0	0	0	0	69	0	0	0	10	0	0	0	0	635	0	0	0	206	0	0	0	0	423	0	0	0	1	0	0	0	0	35	0	0	0	0	0	0	0	0	957	0	0	0	0	0	0	0	0	0.000429	0.0	0.0	0.0	0.000962	0.0	0.0	0.0	0.0	0.308598	0.0	0.0	0.0	0.691402	0.0	0.0	0.0	0.0	
280	2416	5180.140687419	4714.833	4714.833	0.004707	0.0	2134	0	0	0	278	0	0	0	0	0.0	0.0	0.0	0.0	0.01663	0.0	0.0	0.0	0.0	1.64126	0.0	0.0	0.0	5166.58	0.0	0.0	0.0	0.0	0.000769	0.0	0.0	0.0	18.5848	0.0	0.0	0.0	0.0	15	0	0	0	60	0	0	0	0	69	0	0	0	10	0	0	0	0	635	0	0	0	207	0	0	0	0	423	0	0	0	1	0	0	0	0	35	0	0	0	0	0	0	0	0	957	0	0	0	0	0	0	0	0	0.000429	0.0	0.0	0.0	0.000895	0.0	0.0	0.0	0.0	0.324163	0.0	0.0	0.0	0.675837	0.0	0.0	0.0	0.0	
281	2417	5190.930664881	4714.833	4714.833	0.004683	0.0	2134	0	0	0	279	0	0	0	0	0.0	0.0	0.0	0.0	0.015399	0.0	0.0	0.0	0.0	1.64126	0.0	0.0	0.0	5177.37	0.0	0.0	0.0	0.0	0.000769	0.0	0.0	0.0	18.5569	0.0	0.0	0.0	0.0	15	0	0	0	60	0	0	0	0	69	0	0	0	10	0	0	0	0	635	0	0	0	208	0	0	0	0	423	0	0	0	1	0	0	0	0	35	0	0	0	0	0	0	0	0	957	0	0	0	0	0	0	0	0	0.000429	0.0	0.0	0.0	0.00083	0.0	0.0	0.0	0.0	0.340886	0.0	0.0	0.0	0.659114	0.0	0.0	0.0	0.0	
282	2418	5193.850566982	4714.833	4714.833	0.004587	0.0	2134	0	0	0	280	0	0	0	0	0.0	0.0	0.0	0.0	0.014231	0.0	0.0	0.0	0.0	1.64126	0.0	0.0	0.0	5180.29	0.0	0.0	0.0	0.0	0.000769	0.0	0.0	0.0	18.5011	0.0	0.0	0.0	0.0	15	0	0	0	60	0	0	0	0	69	0	0	0	10	0	0	0	0	635	0	0	0	209	0	0	0	0	423	0	0	0	1	0	0	0	0	35	0	0	0	0	0	0	0	0	957	0	0	0	0	0	0	0	0	0.000429	0.0	0.0	0.0	0.000769	0.0	0.0	0.0	0.0	0.358135	0.0	0.0	0.0	0.641865	0.0	0.0	0.0	0.0	
283	2419	5212.181147296	4714.833	4714.833	0.004561	0.0	2134	0	0	0	281	0	0	0	0	0.0	0.0	0.0	0.0	0.013123	0.0	0.0	0.0	0.0	1.64126	0.0	0.0	0.0	5198.62	0.0	0.0	0.0	0.0	0.000769	0.0	0.0	0.0	18.5004	0.0	0.0	0.0	0.0	15	0	0	0	60	0	0	0	0	69	0	0	0	10	0	0	0	0	635	0	0	0	210	0	0	0	0	423	0	0	0	1	0	0	0	0	35	0	0	0	0	0	0	0	0	957	0	0	0	0	0	0	0	0	0.000429	0.0	0.0	0.0	0.000709	0.0	0.0	0.0	0.0	0.376976	0.0	0.0	0.0	0.623024	0.0	0.0	0.0	0.0	
284	2421	5222.685419203	4714.833	4714.833	0.004403	0.0	2135	0	0	0	282	0	0	0	0	0.0	0.0	0.0	0.0	0.012109	0.0	0.0	0.0	0.0	1.64153	0.0	0.0	0.0	5209.13	0.0	0.0	0.0	0.0	0.000769	0.0	0.0	0.0	18.4721	0.0	0.0	0.0	0.0	15	0	0	0	60	0	0	0	0	69	0	0	0	10	0	0	0	0	635	0	0	0	211	0	0	0	0	423	0	0	0	1	0	0	0	0	35	0	0	0	0	0	0	0	0	958	0	0	0	0	0	0	0	0	0.000386	0.0	0.0	0.0	0.000656	0.0	0.0	0.0	0.0	0.370842	0.0	0.0	0.0	0.629158	0.0	0.0	0.0	0.0	
285	2422	5246.226422406	4714.833	4714.833	0.004315	0.0	2135	0	0	0	283	0	0	0	0	0.0	0.0	0.0	0.0	0.011147	0.0	0.0	0.0	0.0	1.64153	0.0	0.0	0.0	5232.67	0.0	0.0	0.0	0.0	0.000769	0.0	0.0	0.0	18.49	0.0	0.0	0.0	0.0	15	0	0	0	60	0	0	0	0	69	0	0	0	10	0	0	0	0	635	0	0	0	212	0	0	0	0	423	0	0	0	1	0	0	0	0	35	0	0	0	0	0	0	0	0	958	0	0	0	0	0	0	0	0	0.000386	0.0	0.0	0.0	0.000603	0.0	0.0	0.0	0.0	0.390591	0.0	0.0	0.0	0.609409	0.0	0.0	0.0	0.0	
286	2423	5258.151932503	4714.833	4714.833	0.004124	0.0	2135	0	0	0	284	0	0	0	0	0.0	0.0	0.0	0.0	0.010232	0.0	0.0	0.0	0.0	1.64153	0.0	0.0	0.0	5244.6	0.0	0.0	0.0	0.0	0.000769	0.0	0.0	0.0	18.4669	0.0	0.0	0.0	0.0	15	0	0	0	60	0	0	0	0	69	0	0	0	10	0	0	0	0	635	0	0	0	213	0	0	0	0	423	0	0	0	1	0	0	0	0	35	0	0	0	0	0	0	0	0	958	0	0	0	0	0	0	0	0	0.000386	0.0	0.0	0.0	0.000554	0.0	0.0	0.0	0.0	0.410846	0.0	0.0	0.0	0.589154	0.0	0.0	0.0	0.0	
287	2427	5260.44189553	4714.833	4714.833	0.00403	0.0	2138	0	0	0	285	0	0	0	0	0.0	0.0	0.0	0.0	0.00946	0.0	0.0	0.0	0.0	1.64206	0.0	0.0	0.0	5246.88	0.0	0.0	0.0	0.0	0.000768	0.0	0.0	0.0	18.4101	0.0	0.0	0.0	0.0	15	0	0	0	60	0	0	0	0	69	0	0	0	10	0	0	0	0	635	0	0	0	214	0	0	0	0	423	0	0	0	1	0	0	0	0	35	0	0	0	0	0	0	0	0	961	0	0	0	0	0	0	0	0	0.000282	0.0	0.0	0.0	0.000514	0.0	0.0	0.0	0.0	0.354319	0.0	0.0	0.0	0.645681	0.0	0.0	0.0	0.0	
288	2428	5267.989393413	4714.833	4714.833	0.004012	0.0	2138	0	0	0	286	0	0	0	0	0.0	0.0	0.0	0.0	0.008728	0.0	0.0	0.0	0.0	1.64206	0.0	0.0	0.0	5254.43	0.0	0.0	0.0	0.0	0.000768	0.0	0.0	0.0	18.3721	0.0	0.0	0.0	0.0	15	0	0	0	60	0	0	0	0	69	0	0	0	10	0	0	0	0	635	0	0	0	215	0	0	0	0	423	0	0	0	1	0	0	0	0	35	0	0	0	0	0	0	0	0	961	0	0	0	0	0	0	0	0	0.000282	0.0	0.0	0.0	0.000475	0.0	0.0	0.0	0.0	0.372484	0.0	0.0	0.0	0.627516	0.0	0.0	0.0	0.0	
289	2430	5349.944227005	4714.833	4714.833	0.003955	0.0	2139	0	0	0	287	0	0	0	0	0.0	0.0	0.0	0.0	0.008058	0.0	0.0	0.0	0.0	1.64226	0.0	0.0	0.0	5336.39	0.0	0.0	0.0	0.0	0.000768	0.0	0.0	0.0	18.5937	0.0	0.0	0.0	0.0	15	0	0	0	60	0	0	0	0	69	0	0	0	10	0	0	0	0	635	0	0	0	216	0	0	0	0	423	0	0	0	1	0	0	0	0	35	0	0	0	0	0	0	0	0	962	0	0	0	0	0	0	0	0	0.000254	0.0	0.0	0.0	0.000433	0.0	0.0	0.0	0.0	0.369402	0.0	0.0	0.0	0.630598	0.0	0.0	0.0	0.0	
290	2431	5352.26238893	4714.833	4714.833	0.003378	0.0	2139	0	0	0	288	0	0	0	0	0.0	0.0	0.0	0.0	0.007419	0.0	0.0	0.0	0.0	1.64226	0.0	0.0	0.0	5338.7	0.0	0.0	0.0	0.0	0.000768	0.0	0.0	0.0	18.5372	0.0	0.0	0.0	0.0	15	0	0	0	60	0	0	0	0	69	0	0	0	10	0	0	0	0	635	0	0	0	217	0	0	0	0	423	0	0	0	1	0	0	0	0	35	0	0	0	0	0	0	0	0	962	0	0	0	0	0	0	0	0	0.000254	0.0	0.0	0.0	0.0004	0.0	0.0	0.0	0.0	0.388121	0.0	0.0	0.0	0.611879	0.0	0.0	0.0	0.0	
291	2432	5378.405051466	4714.833	4714.833	0.003362	0.0	2139	0	0	0	289	0	0	0	0	0.0	0.0	0.0	0.0	0.006813	0.0	0.0	0.0	0.0	1.64226	0.0	0.0	0.0	5364.85	0.0	0.0	0.0	0.0	0.000768	0.0	0.0	0.0	18.5635	0.0	0.0	0.0	0.0	15	0	0	0	60	0	0	0	0	69	0	0	0	10	0	0	0	0	635	0	0	0	218	0	0	0	0	423	0	0	0	1	0	0	0	0	35	0	0	0	0	0	0	0	0	962	0	0	0	0	0	0	0	0	0.000254	0.0	0.0	0.0	0.000367	0.0	0.0	0.0	0.0	0.408892	0.0	0.0	0.0	0.591108	0.0	0.0	0.0	0.0	
292	2434	5380.720859767	4714.833	4714.833	0.003198	0.0	2140	0	0	0	290	0	0	0	0	0.0	0.0	0.0	0.0	0.00626	0.0	0.0	0.0	0.0	1.64251	0.0	0.0	0.0	5367.16	0.0	0.0	0.0	0.0	0.000768	0.0	0.0	0.0	18.5075	0.0	0.0	0.0	0.0	15	0	0	0	60	0	0	0	0	69	0	0	0	10	0	0	0	0	635	0	0	0	219	0	0	0	0	423	0	0	0	1	0	0	0	0	35	0	0	0	0	0	0	0	0	963	0	0	0	0	0	0	0	0	0.000229	0.0	0.0	0.0	0.000338	0.0	0.0	0.0	0.0	0.403238	0.0	0.0	0.0	0.596762	0.0	0.0	0.0	0.0	
293	2438	5395.304198244	4714.833	4714.833	0.003183	0.0	2143	0	0	0	291	0	0	0	0	0.0	0.0	0.0	0.0	0.005793	0.0	0.0	0.0	0.0	1.64334	0.0	0.0	0.0	5381.75	0.0	0.0	0.0	0.0	0.000767	0.0	0.0	0.0	18.494	0.0	0.0	0.0	0.0	15	0	0	0	60	0	0	0	0	69	0	0	0	10	0	0	0	0	635	0	0	0	220	0	0	0	0	424	0	0	0	1	0	0	0	0	35	0	0	0	0	0	0	0	0	965	0	0	0	0	0	0	0	0	0.000167	0.0	0.0	0.0	0.000313	0.0	0.0	0.0	0.0	0.347437	0.0	0.0	0.0	0.652563	0.0	0.0	0.0	0.0	
294	2628	5398.181487446	4714.813	4714.813	0.003095	0.0	2332	0	0	0	292	0	0	0	0	2.0e-5	0.0	0.0	0.0	0.005214	0.0	0.0	0.0	0.0	1.70039	0.0	0.0	0.0	5384.57	0.0	0.0	0.0	0.0	0.000729	0.0	0.0	0.0	18.4403	0.0	0.0	0.0	0.0	17	0	0	0	60	0	0	0	0	69	0	0	0	10	0	0	0	0	653	0	0	0	220	0	0	0	0	465	0	0	0	2	0	0	0	0	38	0	0	0	0	0	0	0	0	1090	0	0	0	0	0	0	0	0	0.027757	0.0	0.0	0.0	0.000283	0.0	0.0	0.0	0.0	0.989917	0.0	0.0	0.0	0.010083	0.0	0.0	0.0	0.0	
295	2813	5411.299545771	4714.806333333334	4714.806333333334	0.003078	0.0	2516	0	0	0	293	0	0	0	0	6.0e-6	0.0	0.0	0.0	0.004692	0.0	0.0	0.0	0.0	1.7408	0.0	0.0	0.0	5397.64	0.0	0.0	0.0	0.0	0.000692	0.0	0.0	0.0	18.422	0.0	0.0	0.0	0.0	18	0	0	0	60	0	0	0	0	69	0	0	0	10	0	0	0	0	691	0	0	0	220	0	0	0	0	521	0	0	0	3	0	0	0	0	39	0	0	0	0	0	0	0	0	1178	0	0	0	0	0	0	0	0	0.008078	0.0	0.0	0.0	0.000255	0.0	0.0	0.0	0.0	0.969435	0.0	0.0	0.0	0.030565	0.0	0.0	0.0	0.0	
296	2822	5420.745562881	4714.806333333334	4714.806333333334	0.003001	0.0	2524	0	0	0	294	0	0	0	0	4.0e-6	0.0	0.0	0.0	0.004223	0.0	0.0	0.0	0.0	1.74279	0.0	0.0	0.0	5407.09	0.0	0.0	0.0	0.0	0.00069	0.0	0.0	0.0	18.3915	0.0	0.0	0.0	0.0	18	0	0	0	60	0	0	0	0	69	0	0	0	10	0	0	0	0	694	0	0	0	220	0	0	0	0	521	0	0	0	4	0	0	0	0	39	0	0	0	0	0	0	0	0	1183	0	0	0	0	0	0	0	0	0.005286	0.0	0.0	0.0	0.00023	0.0	0.0	0.0	0.0	0.958373	0.0	0.0	0.0	0.041627	0.0	0.0	0.0	0.0	
297	2834	5423.291628867	4714.806333333334	4714.806333333334	0.002947	0.0	2535	0	0	0	295	0	0	0	0	2.0e-6	0.0	0.0	0.0	0.003801	0.0	0.0	0.0	0.0	1.74575	0.0	0.0	0.0	5409.63	0.0	0.0	0.0	0.0	0.000689	0.0	0.0	0.0	18.3377	0.0	0.0	0.0	0.0	18	0	0	0	60	0	0	0	0	69	0	0	0	10	0	0	0	0	694	0	0	0	220	0	0	0	0	526	0	0	0	5	0	0	0	0	39	0	0	0	0	0	0	0	0	1189	0	0	0	0	0	0	0	0	0.002916	0.0	0.0	0.0	0.000207	0.0	0.0	0.0	0.0	0.933634	0.0	0.0	0.0	0.066366	0.0	0.0	0.0	0.0	
298	2842	5495.897273666	4714.806333333334	4714.806333333334	0.002933	0.0	2542	0	0	0	296	0	0	0	0	1.0e-6	0.0	0.0	0.0	0.003421	0.0	0.0	0.0	0.0	1.74811	0.0	0.0	0.0	5482.23	0.0	0.0	0.0	0.0	0.000688	0.0	0.0	0.0	18.5211	0.0	0.0	0.0	0.0	18	0	0	0	60	0	0	0	0	69	0	0	0	10	0	0	0	0	694	0	0	0	220	0	0	0	0	529	0	0	0	6	0	0	0	0	39	0	0	0	0	0	0	0	0	1193	0	0	0	0	0	0	0	0	0.001976	0.0	0.0	0.0	0.000185	0.0	0.0	0.0	0.0	0.914542	0.0	0.0	0.0	0.085458	0.0	0.0	0.0	0.0	
299	2846	5498.632925523	4714.806333333334	4714.806333333334	0.00255	0.0	2545	0	0	0	297	0	0	0	0	1.0e-6	0.0	0.0	0.0	0.003079	0.0	0.0	0.0	0.0	1.7491	0.0	0.0	0.0	5484.97	0.0	0.0	0.0	0.0	0.000687	0.0	0.0	0.0	18.4679	0.0	0.0	0.0	0.0	18	0	0	0	60	0	0	0	0	69	0	0	0	10	0	0	0	0	695	0	0	0	220	0	0	0	0	530	0	0	0	7	0	0	0	0	39	0	0	0	0	0	0	0	0	1194	0	0	0	0	0	0	0	0	0.00167	0.0	0.0	0.0	0.000167	0.0	0.0	0.0	0.0	0.909239	0.0	0.0	0.0	0.090761	0.0	0.0	0.0	0.0	
300	2849	5501.245923747	4714.806333333334	4714.806333333334	0.002537	0.0	2547	0	0	0	298	0	0	0	0	1.0e-6	0.0	0.0	0.0	0.002771	0.0	0.0	0.0	0.0	1.74948	0.0	0.0	0.0	5487.58	0.0	0.0	0.0	0.0	0.000687	0.0	0.0	0.0	18.4147	0.0	0.0	0.0	0.0	18	0	0	0	60	0	0	0	0	69	0	0	0	10	0	0	0	0	695	0	0	0	220	0	0	0	0	530	0	0	0	8	0	0	0	0	39	0	0	0	0	0	0	0	0	1196	0	0	0	0	0	0	0	0	0.001492	0.0	0.0	0.0	0.00015	0.0	0.0	0.0	0.0	0.908379	0.0	0.0	0.0	0.091621	0.0	0.0	0.0	0.0	
301	2852	5516.93377567	4714.806333333334	4714.806333333334	0.002524	0.0	2549	0	0	0	299	0	0	0	0	1.0e-6	0.0	0.0	0.0	0.002494	0.0	0.0	0.0	0.0	1.75	0.0	0.0	0.0	5503.27	0.0	0.0	0.0	0.0	0.000687	0.0	0.0	0.0	18.4056	0.0	0.0	0.0	0.0	18	0	0	0	60	0	0	0	0	69	0	0	0	10	0	0	0	0	695	0	0	0	220	0	0	0	0	531	0	0	0	9	0	0	0	0	39	0	0	0	0	0	0	0	0	1197	0	0	0	0	0	0	0	0	0.001332	0.0	0.0	0.0	0.000135	0.0	0.0	0.0	0.0	0.907695	0.0	0.0	0.0	0.092305	0.0	0.0	0.0	0.0	
302	2857	5525.722183341	4714.806333333334	4714.806333333334	0.002449	0.0	2553	0	0	0	300	0	0	0	0	1.0e-6	0.0	0.0	0.0	0.002244	0.0	0.0	0.0	0.0	1.75109	0.0	0.0	0.0	5512.06	0.0	0.0	0.0	0.0	0.000686	0.0	0.0	0.0	18.3735	0.0	0.0	0.0	0.0	18	0	0	0	60	0	0	0	0	69	0	0	0	10	0	0	0	0	696	0	0	0	220	0	0	0	0	533	0	0	0	10	0	0	0	0	39	0	0	0	0	0	0	0	0	1198	0	0	0	0	0	0	0	0	0.001062	0.0	0.0	0.0	0.000122	0.0	0.0	0.0	0.0	0.896828	0.0	0.0	0.0	0.103172	0.0	0.0	0.0	0.0	
303	2864	5539.74221	4714.806333333334	4714.806333333334	0.002408	0.0	2559	0	0	0	301	0	0	0	0	1.0e-6	0.0	0.0	0.0	0.00202	0.0	0.0	0.0	0.0	1.75229	0.0	0.0	0.0	5526.07	0.0	0.0	0.0	0.0	0.000685	0.0	0.0	0.0	18.3591	0.0	0.0	0.0	0.0	18	0	0	0	60	0	0	0	0	69	0	0	0	10	0	0	0	0	697	0	0	0	220	0	0	0	0	534	0	0	0	11	0	0	0	0	39	0	0	0	0	0	0	0	0	1202	0	0	0	0	0	0	0	0	0.00075	0.0	0.0	0.0	0.00011	0.0	0.0	0.0	0.0	0.872079	0.0	0.0	0.0	0.127921	0.0	0.0	0.0	0.0	
304	2865	5543.118905612	4714.806333333334	4714.806333333334	0.002344	0.0	2559	0	0	0	302	0	0	0	0	1.0e-6	0.0	0.0	0.0	0.001818	0.0	0.0	0.0	0.0	1.75229	0.0	0.0	0.0	5529.45	0.0	0.0	0.0	0.0	0.000685	0.0	0.0	0.0	18.3094	0.0	0.0	0.0	0.0	18	0	0	0	60	0	0	0	0	69	0	0	0	10	0	0	0	0	697	0	0	0	220	0	0	0	0	534	0	0	0	12	0	0	0	0	39	0	0	0	0	0	0	0	0	1202	0	0	0	0	0	0	0	0	0.00075	0.0	0.0	0.0	9.9e-5	0.0	0.0	0.0	0.0	0.8831	0.0	0.0	0.0	0.1169	0.0	0.0	0.0	0.0	
305	2871	5552.55818756	4714.806333333334	4714.806333333334	0.002329	0.0	2564	0	0	0	303	0	0	0	0	0.0	0.0	0.0	0.0	0.001636	0.0	0.0	0.0	0.0	1.7537	0.0	0.0	0.0	5538.89	0.0	0.0	0.0	0.0	0.000684	0.0	0.0	0.0	18.2802	0.0	0.0	0.0	0.0	18	0	0	0	60	0	0	0	0	69	0	0	0	10	0	0	0	0	699	0	0	0	220	0	0	0	0	535	0	0	0	13	0	0	0	0	39	0	0	0	0	0	0	0	0	1204	0	0	0	0	0	0	0	0	0.00056	0.0	0.0	0.0	8.9e-5	0.0	0.0	0.0	0.0	0.862199	0.0	0.0	0.0	0.137801	0.0	0.0	0.0	0.0	
306	2874	5593.063678285	4714.806333333334	4714.806333333334	0.002287	0.0	2566	0	0	0	304	0	0	0	0	0.0	0.0	0.0	0.0	0.001472	0.0	0.0	0.0	0.0	1.75464	0.0	0.0	0.0	5579.39	0.0	0.0	0.0	0.0	0.000684	0.0	0.0	0.0	18.3533	0.0	0.0	0.0	0.0	18	0	0	0	60	0	0	0	0	69	0	0	0	10	0	0	0	0	699	0	0	0	220	0	0	0	0	537	0	0	0	14	0	0	0	0	39	0	0	0	0	0	0	0	0	1204	0	0	0	0	0	0	0	0	0.000497	0.0	0.0	0.0	8.0e-5	0.0	0.0	0.0	0.0	0.860958	0.0	0.0	0.0	0.139042	0.0	0.0	0.0	0.0	
307	2881	5596.339337415	4714.806333333334	4714.806333333334	0.002115	0.0	2572	0	0	0	305	0	0	0	0	0.0	0.0	0.0	0.0	0.001325	0.0	0.0	0.0	0.0	1.7561	0.0	0.0	0.0	5582.67	0.0	0.0	0.0	0.0	0.000683	0.0	0.0	0.0	18.3038	0.0	0.0	0.0	0.0	18	0	0	0	60	0	0	0	0	69	0	0	0	10	0	0	0	0	700	0	0	0	220	0	0	0	0	538	0	0	0	15	0	0	0	0	39	0	0	0	0	0	0	0	0	1208	0	0	0	0	0	0	0	0	0.000345	0.0	0.0	0.0	7.2e-5	0.0	0.0	0.0	0.0	0.826592	0.0	0.0	0.0	0.173408	0.0	0.0	0.0	0.0	
308	2885	5601.894112116	4714.806333333334	4714.806333333334	0.002102	0.0	2575	0	0	0	306	0	0	0	0	0.0	0.0	0.0	0.0	0.001193	0.0	0.0	0.0	0.0	1.75692	0.0	0.0	0.0	5588.22	0.0	0.0	0.0	0.0	0.000682	0.0	0.0	0.0	18.2622	0.0	0.0	0.0	0.0	18	0	0	0	60	0	0	0	0	69	0	0	0	10	0	0	0	0	700	0	0	0	220	0	0	0	0	539	0	0	0	16	0	0	0	0	39	0	0	0	0	0	0	0	0	1210	0	0	0	0	0	0	0	0	0.000286	0.0	0.0	0.0	6.5e-5	0.0	0.0	0.0	0.0	0.813975	0.0	0.0	0.0	0.186025	0.0	0.0	0.0	0.0	
309	2890	5609.969865687	4714.806333333334	4714.806333333334	0.00208	0.0	2579	0	0	0	307	0	0	0	0	0.0	0.0	0.0	0.0	0.001073	0.0	0.0	0.0	0.0	1.75761	0.0	0.0	0.0	5596.3	0.0	0.0	0.0	0.0	0.000682	0.0	0.0	0.0	18.229	0.0	0.0	0.0	0.0	18	0	0	0	60	0	0	0	0	69	0	0	0	10	0	0	0	0	700	0	0	0	220	0	0	0	0	539	0	0	0	17	0	0	0	0	39	0	0	0	0	0	0	0	0	1214	0	0	0	0	0	0	0	0	0.000221	0.0	0.0	0.0	5.9e-5	0.0	0.0	0.0	0.0	0.78954	0.0	0.0	0.0	0.21046	0.0	0.0	0.0	0.0	
310	2891	5614.376721815	4714.806333333334	4714.806333333334	0.002048	0.0	2579	0	0	0	308	0	0	0	0	0.0	0.0	0.0	0.0	0.000966	0.0	0.0	0.0	0.0	1.75761	0.0	0.0	0.0	5600.7	0.0	0.0	0.0	0.0	0.000682	0.0	0.0	0.0	18.1841	0.0	0.0	0.0	0.0	18	0	0	0	60	0	0	0	0	69	0	0	0	10	0	0	0	0	700	0	0	0	220	0	0	0	0	539	0	0	0	18	0	0	0	0	39	0	0	0	0	0	0	0	0	1214	0	0	0	0	0	0	0	0	0.000221	0.0	0.0	0.0	5.3e-5	0.0	0.0	0.0	0.0	0.806129	0.0	0.0	0.0	0.193871	0.0	0.0	0.0	0.0	
311	2893	5649.148546149	4714.806333333334	4714.806333333334	0.00203	0.0	2580	0	0	0	309	0	0	0	0	0.0	0.0	0.0	0.0	0.000869	0.0	0.0	0.0	0.0	1.75801	0.0	0.0	0.0	5635.47	0.0	0.0	0.0	0.0	0.000681	0.0	0.0	0.0	18.2378	0.0	0.0	0.0	0.0	18	0	0	0	60	0	0	0	0	69	0	0	0	10	0	0	0	0	701	0	0	0	220	0	0	0	0	539	0	0	0	19	0	0	0	0	39	0	0	0	0	0	0	0	0	1214	0	0	0	0	0	0	0	0	0.000208	0.0	0.0	0.0	4.8e-5	0.0	0.0	0.0	0.0	0.813645	0.0	0.0	0.0	0.186355	0.0	0.0	0.0	0.0	
312	2894	5679.618165673	4714.806333333334	4714.806333333334	0.001899	0.0	2580	0	0	0	310	0	0	0	0	0.0	0.0	0.0	0.0	0.000783	0.0	0.0	0.0	0.0	1.75801	0.0	0.0	0.0	5665.94	0.0	0.0	0.0	0.0	0.000681	0.0	0.0	0.0	18.2772	0.0	0.0	0.0	0.0	18	0	0	0	60	0	0	0	0	69	0	0	0	10	0	0	0	0	701	0	0	0	220	0	0	0	0	539	0	0	0	20	0	0	0	0	39	0	0	0	0	0	0	0	0	1214	0	0	0	0	0	0	0	0	0.000208	0.0	0.0	0.0	4.3e-5	0.0	0.0	0.0	0.0	0.829402	0.0	0.0	0.0	0.170598	0.0	0.0	0.0	0.0	
313	2895	5688.468820927	4714.806333333334	4714.806333333334	0.001791	0.0	2580	0	0	0	311	0	0	0	0	0.0	0.0	0.0	0.0	0.000704	0.0	0.0	0.0	0.0	1.75801	0.0	0.0	0.0	5674.79	0.0	0.0	0.0	0.0	0.000681	0.0	0.0	0.0	18.2469	0.0	0.0	0.0	0.0	18	0	0	0	60	0	0	0	0	69	0	0	0	10	0	0	0	0	701	0	0	0	220	0	0	0	0	539	0	0	0	21	0	0	0	0	39	0	0	0	0	0	0	0	0	1214	0	0	0	0	0	0	0	0	0.000208	0.0	0.0	0.0	3.9e-5	0.0	0.0	0.0	0.0	0.843578	0.0	0.0	0.0	0.156422	0.0	0.0	0.0	0.0	
314	2911	5709.289971845	4714.806333333334	4714.806333333334	0.001761	0.0	2595	0	0	0	312	0	0	0	0	0.0	0.0	0.0	0.0	0.000634	0.0	0.0	0.0	0.0	1.76112	0.0	0.0	0.0	5695.61	0.0	0.0	0.0	0.0	0.000679	0.0	0.0	0.0	18.2552	0.0	0.0	0.0	0.0	18	0	0	0	60	0	0	0	0	69	0	0	0	10	0	0	0	0	703	0	0	0	220	0	0	0	0	544	0	0	0	22	0	0	0	0	39	0	0	0	0	0	0	0	0	1222	0	0	0	0	0	0	0	0	7.8e-5	0.0	0.0	0.0	3.5e-5	0.0	0.0	0.0	0.0	0.691247	0.0	0.0	0.0	0.308753	0.0	0.0	0.0	0.0	
315	2916	5711.802015405	4714.806333333334	4714.806333333334	0.001691	0.0	2599	0	0	0	313	0	0	0	0	0.0	0.0	0.0	0.0	0.00057	0.0	0.0	0.0	0.0	1.76212	0.0	0.0	0.0	5698.12	0.0	0.0	0.0	0.0	0.000678	0.0	0.0	0.0	18.2049	0.0	0.0	0.0	0.0	18	0	0	0	60	0	0	0	0	69	0	0	0	10	0	0	0	0	704	0	0	0	220	0	0	0	0	544	0	0	0	23	0	0	0	0	39	0	0	0	0	0	0	0	0	1225	0	0	0	0	0	0	0	0	5.8e-5	0.0	0.0	0.0	3.1e-5	0.0	0.0	0.0	0.0	0.648638	0.0	0.0	0.0	0.351362	0.0	0.0	0.0	0.0	
316	2917	5719.816260237	4714.806333333334	4714.806333333334	0.001683	0.0	2599	0	0	0	314	0	0	0	0	0.0	0.0	0.0	0.0	0.000513	0.0	0.0	0.0	0.0	1.76212	0.0	0.0	0.0	5706.14	0.0	0.0	0.0	0.0	0.000678	0.0	0.0	0.0	18.1724	0.0	0.0	0.0	0.0	18	0	0	0	60	0	0	0	0	69	0	0	0	10	0	0	0	0	704	0	0	0	220	0	0	0	0	544	0	0	0	24	0	0	0	0	39	0	0	0	0	0	0	0	0	1225	0	0	0	0	0	0	0	0	5.8e-5	0.0	0.0	0.0	2.8e-5	0.0	0.0	0.0	0.0	0.671865	0.0	0.0	0.0	0.328135	0.0	0.0	0.0	0.0	
317	2920	5729.240712124	4714.806333333334	4714.806333333334	0.001658	0.0	2601	0	0	0	315	0	0	0	0	0.0	0.0	0.0	0.0	0.000462	0.0	0.0	0.0	0.0	1.76248	0.0	0.0	0.0	5715.56	0.0	0.0	0.0	0.0	0.000678	0.0	0.0	0.0	18.1446	0.0	0.0	0.0	0.0	18	0	0	0	60	0	0	0	0	69	0	0	0	10	0	0	0	0	704	0	0	0	220	0	0	0	0	544	0	0	0	25	0	0	0	0	39	0	0	0	0	0	0	0	0	1227	0	0	0	0	0	0	0	0	4.9e-5	0.0	0.0	0.0	2.5e-5	0.0	0.0	0.0	0.0	0.660212	0.0	0.0	0.0	0.339788	0.0	0.0	0.0	0.0	
318	2923	5742.815734218	4714.806333333334	4714.806333333334	0.001628	0.0	2603	0	0	0	316	0	0	0	0	0.0	0.0	0.0	0.0	0.000416	0.0	0.0	0.0	0.0	1.76285	0.0	0.0	0.0	5729.14	0.0	0.0	0.0	0.0	0.000677	0.0	0.0	0.0	18.1302	0.0	0.0	0.0	0.0	18	0	0	0	60	0	0	0	0	69	0	0	0	10	0	0	0	0	704	0	0	0	220	0	0	0	0	544	0	0	0	26	0	0	0	0	39	0	0	0	0	0	0	0	0	1229	0	0	0	0	0	0	0	0	4.2e-5	0.0	0.0	0.0	2.3e-5	0.0	0.0	0.0	0.0	0.647845	0.0	0.0	0.0	0.352155	0.0	0.0	0.0	0.0	
319	2924	5767.31514474	4714.806333333334	4714.806333333334	0.001586	0.0	2603	0	0	0	317	0	0	0	0	0.0	0.0	0.0	0.0	0.000374	0.0	0.0	0.0	0.0	1.76285	0.0	0.0	0.0	5753.64	0.0	0.0	0.0	0.0	0.000677	0.0	0.0	0.0	18.1503	0.0	0.0	0.0	0.0	18	0	0	0	60	0	0	0	0	69	0	0	0	10	0	0	0	0	704	0	0	0	220	0	0	0	0	544	0	0	0	27	0	0	0	0	39	0	0	0	0	0	0	0	0	1229	0	0	0	0	0	0	0	0	4.2e-5	0.0	0.0	0.0	2.1e-5	0.0	0.0	0.0	0.0	0.671736	0.0	0.0	0.0	0.328264	0.0	0.0	0.0	0.0	
320	2928	5769.988433518	4714.806333333334	4714.806333333334	0.001513	0.0	2606	0	0	0	318	0	0	0	0	0.0	0.0	0.0	0.0	0.000337	0.0	0.0	0.0	0.0	1.76408	0.0	0.0	0.0	5756.31	0.0	0.0	0.0	0.0	0.000677	0.0	0.0	0.0	18.1016	0.0	0.0	0.0	0.0	18	0	0	0	60	0	0	0	0	69	0	0	0	10	0	0	0	0	704	0	0	0	220	0	0	0	0	547	0	0	0	28	0	0	0	0	39	0	0	0	0	0	0	0	0	1229	0	0	0	0	0	0	0	0	3.3e-5	0.0	0.0	0.0	1.9e-5	0.0	0.0	0.0	0.0	0.641187	0.0	0.0	0.0	0.358813	0.0	0.0	0.0	0.0	
321	2932	5778.277952298	4714.806333333334	4714.806333333334	0.001505	0.0	2609	0	0	0	319	0	0	0	0	0.0	0.0	0.0	0.0	0.000303	0.0	0.0	0.0	0.0	1.76505	0.0	0.0	0.0	5764.6	0.0	0.0	0.0	0.0	0.000677	0.0	0.0	0.0	18.0708	0.0	0.0	0.0	0.0	18	0	0	0	60	0	0	0	0	69	0	0	0	10	0	0	0	0	706	0	0	0	220	0	0	0	0	548	0	0	0	29	0	0	0	0	39	0	0	0	0	0	0	0	0	1229	0	0	0	0	0	0	0	0	2.8e-5	0.0	0.0	0.0	1.7e-5	0.0	0.0	0.0	0.0	0.625542	0.0	0.0	0.0	0.374458	0.0	0.0	0.0	0.0	
322	2935	5795.134705653	4714.806333333334	4714.806333333334	0.001481	0.0	2611	0	0	0	320	0	0	0	0	0.0	0.0	0.0	0.0	0.000273	0.0	0.0	0.0	0.0	1.76539	0.0	0.0	0.0	5781.45	0.0	0.0	0.0	0.0	0.000676	0.0	0.0	0.0	18.067	0.0	0.0	0.0	0.0	18	0	0	0	60	0	0	0	0	69	0	0	0	10	0	0	0	0	706	0	0	0	220	0	0	0	0	548	0	0	0	30	0	0	0	0	39	0	0	0	0	0	0	0	0	1231	0	0	0	0	0	0	0	0	2.4e-5	0.0	0.0	0.0	1.5e-5	0.0	0.0	0.0	0.0	0.610505	0.0	0.0	0.0	0.389495	0.0	0.0	0.0	0.0	
323	2936	5802.667388248	4714.806333333334	4714.806333333334	0.001434	0.0	2611	0	0	0	321	0	0	0	0	0.0	0.0	0.0	0.0	0.000246	0.0	0.0	0.0	0.0	1.76539	0.0	0.0	0.0	5788.99	0.0	0.0	0.0	0.0	0.000676	0.0	0.0	0.0	18.0342	0.0	0.0	0.0	0.0	18	0	0	0	60	0	0	0	0	69	0	0	0	10	0	0	0	0	706	0	0	0	220	0	0	0	0	548	0	0	0	31	0	0	0	0	39	0	0	0	0	0	0	0	0	1231	0	0	0	0	0	0	0	0	2.4e-5	0.0	0.0	0.0	1.4e-5	0.0	0.0	0.0	0.0	0.634826	0.0	0.0	0.0	0.365174	0.0	0.0	0.0	0.0	
324	2937	5813.861310216	4714.806333333334	4714.806333333334	0.001413	0.0	2611	0	0	0	322	0	0	0	0	0.0	0.0	0.0	0.0	0.000221	0.0	0.0	0.0	0.0	1.76539	0.0	0.0	0.0	5800.18	0.0	0.0	0.0	0.0	0.000676	0.0	0.0	0.0	18.013	0.0	0.0	0.0	0.0	18	0	0	0	60	0	0	0	0	69	0	0	0	10	0	0	0	0	706	0	0	0	220	0	0	0	0	548	0	0	0	32	0	0	0	0	39	0	0	0	0	0	0	0	0	1231	0	0	0	0	0	0	0	0	2.4e-5	0.0	0.0	0.0	1.2e-5	0.0	0.0	0.0	0.0	0.658622	0.0	0.0	0.0	0.341378	0.0	0.0	0.0	0.0	
325	2941	5816.543890253	4714.806333333334	4714.806333333334	0.001383	0.0	2614	0	0	0	323	0	0	0	0	0.0	0.0	0.0	0.0	0.000199	0.0	0.0	0.0	0.0	1.7661	0.0	0.0	0.0	5802.86	0.0	0.0	0.0	0.0	0.000676	0.0	0.0	0.0	17.9655	0.0	0.0	0.0	0.0	18	0	0	0	60	0	0	0	0	69	0	0	0	10	0	0	0	0	706	0	0	0	220	0	0	0	0	549	0	0	0	33	0	0	0	0	39	0	0	0	0	0	0	0	0	1233	0	0	0	0	0	0	0	0	1.9e-5	0.0	0.0	0.0	1.1e-5	0.0	0.0	0.0	0.0	0.626351	0.0	0.0	0.0	0.373649	0.0	0.0	0.0	0.0	
326	2942	5819.698625513	4714.806333333334	4714.806333333334	0.001376	0.0	2614	0	0	0	324	0	0	0	0	0.0	0.0	0.0	0.0	0.000179	0.0	0.0	0.0	0.0	1.7661	0.0	0.0	0.0	5806.02	0.0	0.0	0.0	0.0	0.000676	0.0	0.0	0.0	17.9198	0.0	0.0	0.0	0.0	18	0	0	0	60	0	0	0	0	69	0	0	0	10	0	0	0	0	706	0	0	0	220	0	0	0	0	549	0	0	0	34	0	0	0	0	39	0	0	0	0	0	0	0	0	1233	0	0	0	0	0	0	0	0	1.9e-5	0.0	0.0	0.0	1.0e-5	0.0	0.0	0.0	0.0	0.650084	0.0	0.0	0.0	0.349916	0.0	0.0	0.0	0.0	
327	2943	5831.952130788	4714.806333333334	4714.806333333334	0.001368	0.0	2614	0	0	0	325	0	0	0	0	0.0	0.0	0.0	0.0	0.000161	0.0	0.0	0.0	0.0	1.7661	0.0	0.0	0.0	5818.27	0.0	0.0	0.0	0.0	0.000676	0.0	0.0	0.0	17.9024	0.0	0.0	0.0	0.0	18	0	0	0	60	0	0	0	0	69	0	0	0	10	0	0	0	0	706	0	0	0	220	0	0	0	0	549	0	0	0	35	0	0	0	0	39	0	0	0	0	0	0	0	0	1233	0	0	0	0	0	0	0	0	1.9e-5	0.0	0.0	0.0	9.0e-6	0.0	0.0	0.0	0.0	0.673442	0.0	0.0	0.0	0.326558	0.0	0.0	0.0	0.0	
328	2946	5840.851107776	4714.806333333334	4714.806333333334	0.001336	0.0	2616	0	0	0	326	0	0	0	0	0.0	0.0	0.0	0.0	0.000145	0.0	0.0	0.0	0.0	1.76684	0.0	0.0	0.0	5827.17	0.0	0.0	0.0	0.0	0.000675	0.0	0.0	0.0	17.8747	0.0	0.0	0.0	0.0	18	0	0	0	60	0	0	0	0	69	0	0	0	10	0	0	0	0	707	0	0	0	220	0	0	0	0	549	0	0	0	36	0	0	0	0	39	0	0	0	0	0	0	0	0	1234	0	0	0	0	0	0	0	0	1.7e-5	0.0	0.0	0.0	8.0e-6	0.0	0.0	0.0	0.0	0.67704	0.0	0.0	0.0	0.32296	0.0	0.0	0.0	0.0	
329	2947	5846.669544576	4714.806333333334	4714.806333333334	0.001313	0.0	2616	0	0	0	327	0	0	0	0	0.0	0.0	0.0	0.0	0.000131	0.0	0.0	0.0	0.0	1.76684	0.0	0.0	0.0	5832.99	0.0	0.0	0.0	0.0	0.000675	0.0	0.0	0.0	17.8379	0.0	0.0	0.0	0.0	18	0	0	0	60	0	0	0	0	69	0	0	0	10	0	0	0	0	707	0	0	0	220	0	0	0	0	549	0	0	0	37	0	0	0	0	39	0	0	0	0	0	0	0	0	1234	0	0	0	0	0	0	0	0	1.7e-5	0.0	0.0	0.0	7.0e-6	0.0	0.0	0.0	0.0	0.699201	0.0	0.0	0.0	0.300799	0.0	0.0	0.0	0.0	
330	2950	5861.570642563	4714.806333333334	4714.806333333334	0.001299	0.0	2618	0	0	0	328	0	0	0	0	0.0	0.0	0.0	0.0	0.000117	0.0	0.0	0.0	0.0	1.76748	0.0	0.0	0.0	5847.89	0.0	0.0	0.0	0.0	0.000675	0.0	0.0	0.0	17.8289	0.0	0.0	0.0	0.0	18	0	0	0	60	0	0	0	0	69	0	0	0	10	0	0	0	0	708	0	0	0	220	0	0	0	0	549	0	0	0	38	0	0	0	0	39	0	0	0	0	0	0	0	0	1235	0	0	0	0	0	0	0	0	1.6e-5	0.0	0.0	0.0	7.0e-6	0.0	0.0	0.0	0.0	0.704744	0.0	0.0	0.0	0.295256	0.0	0.0	0.0	0.0	
331	2953	5872.375494563	4714.806333333334	4714.806333333334	0.001262	0.0	2620	0	0	0	329	0	0	0	0	0.0	0.0	0.0	0.0	0.000106	0.0	0.0	0.0	0.0	1.7682	0.0	0.0	0.0	5858.69	0.0	0.0	0.0	0.0	0.000675	0.0	0.0	0.0	17.8076	0.0	0.0	0.0	0.0	18	0	0	0	60	0	0	0	0	69	0	0	0	10	0	0	0	0	708	0	0	0	220	0	0	0	0	550	0	0	0	39	0	0	0	0	39	0	0	0	0	0	0	0	0	1236	0	0	0	0	0	0	0	0	1.4e-5	0.0	0.0	0.0	6.0e-6	0.0	0.0	0.0	0.0	0.695426	0.0	0.0	0.0	0.304574	0.0	0.0	0.0	0.0	
332	2957	5895.906052402	4714.806333333334	4714.806333333334	0.001236	0.0	2623	0	0	0	330	0	0	0	0	0.0	0.0	0.0	0.0	9.5e-5	0.0	0.0	0.0	0.0	1.76913	0.0	0.0	0.0	5882.22	0.0	0.0	0.0	0.0	0.000674	0.0	0.0	0.0	17.8249	0.0	0.0	0.0	0.0	18	0	0	0	60	0	0	0	0	69	0	0	0	10	0	0	0	0	709	0	0	0	220	0	0	0	0	551	0	0	0	40	0	0	0	0	39	0	0	0	0	0	0	0	0	1237	0	0	0	0	0	0	0	0	1.2e-5	0.0	0.0	0.0	5.0e-6	0.0	0.0	0.0	0.0	0.687517	0.0	0.0	0.0	0.312483	0.0	0.0	0.0	0.0	
333	2960	5901.202579106	4714.806333333334	4714.806333333334	0.001181	0.0	2625	0	0	0	331	0	0	0	0	0.0	0.0	0.0	0.0	8.6e-5	0.0	0.0	0.0	0.0	1.76967	0.0	0.0	0.0	5887.52	0.0	0.0	0.0	0.0	0.000674	0.0	0.0	0.0	17.7871	0.0	0.0	0.0	0.0	18	0	0	0	60	0	0	0	0	69	0	0	0	10	0	0	0	0	709	0	0	0	220	0	0	0	0	552	0	0	0	41	0	0	0	0	39	0	0	0	0	0	0	0	0	1238	0	0	0	0	0	0	0	0	1.0e-5	0.0	0.0	0.0	5.0e-6	0.0	0.0	0.0	0.0	0.676841	0.0	0.0	0.0	0.323159	0.0	0.0	0.0	0.0	
334	2961	5903.826603195	4714.806333333334	4714.806333333334	0.001169	0.0	2625	0	0	0	332	0	0	0	0	0.0	0.0	0.0	0.0	7.7e-5	0.0	0.0	0.0	0.0	1.76967	0.0	0.0	0.0	5890.14	0.0	0.0	0.0	0.0	0.000674	0.0	0.0	0.0	17.7414	0.0	0.0	0.0	0.0	18	0	0	0	60	0	0	0	0	69	0	0	0	10	0	0	0	0	709	0	0	0	220	0	0	0	0	552	0	0	0	42	0	0	0	0	39	0	0	0	0	0	0	0	0	1238	0	0	0	0	0	0	0	0	1.0e-5	0.0	0.0	0.0	4.0e-6	0.0	0.0	0.0	0.0	0.698904	0.0	0.0	0.0	0.301096	0.0	0.0	0.0	0.0	
335	2965	5906.546456401	4714.806333333334	4714.806333333334	0.001163	0.0	2628	0	0	0	333	0	0	0	0	0.0	0.0	0.0	0.0	6.9e-5	0.0	0.0	0.0	0.0	1.77016	0.0	0.0	0.0	5892.86	0.0	0.0	0.0	0.0	0.000674	0.0	0.0	0.0	17.6963	0.0	0.0	0.0	0.0	18	0	0	0	60	0	0	0	0	69	0	0	0	10	0	0	0	0	709	0	0	0	220	0	0	0	0	552	0	0	0	43	0	0	0	0	39	0	0	0	0	0	0	0	0	1241	0	0	0	0	0	0	0	0	8.0e-6	0.0	0.0	0.0	4.0e-6	0.0	0.0	0.0	0.0	0.672066	0.0	0.0	0.0	0.327934	0.0	0.0	0.0	0.0	
336	2968	5909.228296602	4714.806333333334	4714.806333333334	0.001157	0.0	2630	0	0	0	334	0	0	0	0	0.0	0.0	0.0	0.0	6.2e-5	0.0	0.0	0.0	0.0	1.77081	0.0	0.0	0.0	5895.54	0.0	0.0	0.0	0.0	0.000673	0.0	0.0	0.0	17.6513	0.0	0.0	0.0	0.0	18	0	0	0	60	0	0	0	0	69	0	0	0	10	0	0	0	0	709	0	0	0	220	0	0	0	0	553	0	0	0	44	0	0	0	0	39	0	0	0	0	0	0	0	0	1242	0	0	0	0	0	0	0	0	7.0e-6	0.0	0.0	0.0	4.0e-6	0.0	0.0	0.0	0.0	0.660162	0.0	0.0	0.0	0.339838	0.0	0.0	0.0	0.0	
337	2970	5926.505099477	4714.806333333334	4714.806333333334	0.001151	0.0	2631	0	0	0	335	0	0	0	0	0.0	0.0	0.0	0.0	5.6e-5	0.0	0.0	0.0	0.0	1.77098	0.0	0.0	0.0	5912.82	0.0	0.0	0.0	0.0	0.000673	0.0	0.0	0.0	17.6502	0.0	0.0	0.0	0.0	18	0	0	0	60	0	0	0	0	69	0	0	0	10	0	0	0	0	709	0	0	0	220	0	0	0	0	553	0	0	0	45	0	0	0	0	39	0	0	0	0	0	0	0	0	1243	0	0	0	0	0	0	0	0	6.0e-6	0.0	0.0	0.0	3.0e-6	0.0	0.0	0.0	0.0	0.666153	0.0	0.0	0.0	0.333847	0.0	0.0	0.0	0.0	
338	2973	5929.205179457	4714.806333333334	4714.806333333334	0.001114	0.0	2633	0	0	0	336	0	0	0	0	0.0	0.0	0.0	0.0	5.1e-5	0.0	0.0	0.0	0.0	1.77168	0.0	0.0	0.0	5915.52	0.0	0.0	0.0	0.0	0.000673	0.0	0.0	0.0	17.6057	0.0	0.0	0.0	0.0	18	0	0	0	60	0	0	0	0	69	0	0	0	10	0	0	0	0	709	0	0	0	220	0	0	0	0	554	0	0	0	46	0	0	0	0	39	0	0	0	0	0	0	0	0	1244	0	0	0	0	0	0	0	0	5.0e-6	0.0	0.0	0.0	3.0e-6	0.0	0.0	0.0	0.0	0.653804	0.0	0.0	0.0	0.346196	0.0	0.0	0.0	0.0	
339	2975	5931.89676753	4714.806333333334	4714.806333333334	0.001108	0.0	2634	0	0	0	337	0	0	0	0	0.0	0.0	0.0	0.0	4.6e-5	0.0	0.0	0.0	0.0	1.77187	0.0	0.0	0.0	5918.21	0.0	0.0	0.0	0.0	0.000673	0.0	0.0	0.0	17.5614	0.0	0.0	0.0	0.0	18	0	0	0	60	0	0	0	0	69	0	0	0	10	0	0	0	0	709	0	0	0	220	0	0	0	0	554	0	0	0	47	0	0	0	0	39	0	0	0	0	0	0	0	0	1245	0	0	0	0	0	0	0	0	5.0e-6	0.0	0.0	0.0	3.0e-6	0.0	0.0	0.0	0.0	0.659116	0.0	0.0	0.0	0.340884	0.0	0.0	0.0	0.0	
340	2976	5945.630561875	4714.806333333334	4714.806333333334	0.001102	0.0	2634	0	0	0	338	0	0	0	0	0.0	0.0	0.0	0.0	4.1e-5	0.0	0.0	0.0	0.0	1.77187	0.0	0.0	0.0	5931.94	0.0	0.0	0.0	0.0	0.000673	0.0	0.0	0.0	17.5501	0.0	0.0	0.0	0.0	18	0	0	0	60	0	0	0	0	69	0	0	0	10	0	0	0	0	709	0	0	0	220	0	0	0	0	554	0	0	0	48	0	0	0	0	39	0	0	0	0	0	0	0	0	1245	0	0	0	0	0	0	0	0	5.0e-6	0.0	0.0	0.0	2.0e-6	0.0	0.0	0.0	0.0	0.682238	0.0	0.0	0.0	0.317762	0.0	0.0	0.0	0.0	
341	2978	6089.661787678	4714.806333333334	4714.806333333334	0.001073	0.0	2635	0	0	0	339	0	0	0	0	0.0	0.0	0.0	0.0	3.7e-5	0.0	0.0	0.0	0.0	1.77232	0.0	0.0	0.0	6075.97	0.0	0.0	0.0	0.0	0.000673	0.0	0.0	0.0	17.9232	0.0	0.0	0.0	0.0	18	0	0	0	60	0	0	0	0	69	0	0	0	10	0	0	0	0	709	0	0	0	220	0	0	0	0	555	0	0	0	49	0	0	0	0	39	0	0	0	0	0	0	0	0	1245	0	0	0	0	0	0	0	0	5.0e-6	0.0	0.0	0.0	2.0e-6	0.0	0.0	0.0	0.0	0.693064	0.0	0.0	0.0	0.306936	0.0	0.0	0.0	0.0	
342	2980	6094.170383277	4714.806333333334	4714.806333333334	0.000813	0.0	2636	0	0	0	340	0	0	0	0	0.0	0.0	0.0	0.0	3.3e-5	0.0	0.0	0.0	0.0	1.77295	0.0	0.0	0.0	6080.48	0.0	0.0	0.0	0.0	0.000673	0.0	0.0	0.0	17.8838	0.0	0.0	0.0	0.0	18	0	0	0	60	0	0	0	0	69	0	0	0	10	0	0	0	0	709	0	0	0	220	0	0	0	0	556	0	0	0	50	0	0	0	0	39	0	0	0	0	0	0	0	0	1245	0	0	0	0	0	0	0	0	4.0e-6	0.0	0.0	0.0	2.0e-6	0.0	0.0	0.0	0.0	0.699052	0.0	0.0	0.0	0.300948	0.0	0.0	0.0	0.0	
343	2982	6099.556625565	4714.806333333334	4714.806333333334	0.000806	0.0	2637	0	0	0	341	0	0	0	0	0.0	0.0	0.0	0.0	3.0e-5	0.0	0.0	0.0	0.0	1.77315	0.0	0.0	0.0	6085.87	0.0	0.0	0.0	0.0	0.000672	0.0	0.0	0.0	17.8471	0.0	0.0	0.0	0.0	18	0	0	0	60	0	0	0	0	69	0	0	0	10	0	0	0	0	709	0	0	0	220	0	0	0	0	556	0	0	0	51	0	0	0	0	39	0	0	0	0	0	0	0	0	1246	0	0	0	0	0	0	0	0	4.0e-6	0.0	0.0	0.0	2.0e-6	0.0	0.0	0.0	0.0	0.705193	0.0	0.0	0.0	0.294807	0.0	0.0	0.0	0.0	
344	2989	6104.715503093	4714.806333333334	4714.806333333334	0.000798	0.0	2643	0	0	0	342	0	0	0	0	0.0	0.0	0.0	0.0	2.7e-5	0.0	0.0	0.0	0.0	1.77454	0.0	0.0	0.0	6091.02	0.0	0.0	0.0	0.0	0.000671	0.0	0.0	0.0	17.81	0.0	0.0	0.0	0.0	18	0	0	0	60	0	0	0	0	69	0	0	0	10	0	0	0	0	710	0	0	0	220	0	0	0	0	558	0	0	0	52	0	0	0	0	39	0	0	0	0	0	0	0	0	1249	0	0	0	0	0	0	0	0	4.0e-6	0.0	0.0	0.0	2.0e-6	0.0	0.0	0.0	0.0	0.705301	0.0	0.0	0.0	0.294699	0.0	0.0	0.0	0.0	
345	2990	6107.334218672	4714.806333333334	4714.806333333334	0.00079	0.0	2643	0	0	0	343	0	0	0	0	0.0	0.0	0.0	0.0	2.4e-5	0.0	0.0	0.0	0.0	1.77454	0.0	0.0	0.0	6093.64	0.0	0.0	0.0	0.0	0.000671	0.0	0.0	0.0	17.7657	0.0	0.0	0.0	0.0	18	0	0	0	60	0	0	0	0	69	0	0	0	10	0	0	0	0	710	0	0	0	220	0	0	0	0	558	0	0	0	53	0	0	0	0	39	0	0	0	0	0	0	0	0	1249	0	0	0	0	0	0	0	0	4.0e-6	0.0	0.0	0.0	1.0e-6	0.0	0.0	0.0	0.0	0.726223	0.0	0.0	0.0	0.273777	0.0	0.0	0.0	0.0	
346	2992	6131.432326252	4714.806333333334	4714.806333333334	0.000786	0.0	2644	0	0	0	344	0	0	0	0	0.0	0.0	0.0	0.0	2.2e-5	0.0	0.0	0.0	0.0	1.77501	0.0	0.0	0.0	6117.74	0.0	0.0	0.0	0.0	0.000671	0.0	0.0	0.0	17.7841	0.0	0.0	0.0	0.0	18	0	0	0	60	0	0	0	0	69	0	0	0	10	0	0	0	0	711	0	0	0	220	0	0	0	0	558	0	0	0	54	0	0	0	0	39	0	0	0	0	0	0	0	0	1249	0	0	0	0	0	0	0	0	4.0e-6	0.0	0.0	0.0	1.0e-6	0.0	0.0	0.0	0.0	0.781925	0.0	0.0	0.0	0.218075	0.0	0.0	0.0	0.0	
347	2996	6141.363350264	4714.806333333334	4714.806333333334	0.000751	0.0	2647	0	0	0	345	0	0	0	0	0.0	0.0	0.0	0.0	2.0e-5	0.0	0.0	0.0	0.0	1.77582	0.0	0.0	0.0	6127.67	0.0	0.0	0.0	0.0	0.000671	0.0	0.0	0.0	17.7614	0.0	0.0	0.0	0.0	18	0	0	0	60	0	0	0	0	69	0	0	0	10	0	0	0	0	713	0	0	0	220	0	0	0	0	558	0	0	0	55	0	0	0	0	39	0	0	0	0	0	0	0	0	1250	0	0	0	0	0	0	0	0	5.0e-6	0.0	0.0	0.0	1.0e-6	0.0	0.0	0.0	0.0	0.828551	0.0	0.0	0.0	0.171449	0.0	0.0	0.0	0.0	
348	2999	6150.923652644	4714.806333333334	4714.806333333334	0.000736	0.0	2649	0	0	0	346	0	0	0	0	0.0	0.0	0.0	0.0	1.8e-5	0.0	0.0	0.0	0.0	1.77614	0.0	0.0	0.0	6137.23	0.0	0.0	0.0	0.0	0.00067	0.0	0.0	0.0	17.7377	0.0	0.0	0.0	0.0	18	0	0	0	60	0	0	0	0	69	0	0	0	10	0	0	0	0	713	0	0	0	220	0	0	0	0	558	0	0	0	56	0	0	0	0	39	0	0	0	0	0	0	0	0	1252	0	0	0	0	0	0	0	0	5.0e-6	0.0	0.0	0.0	1.0e-6	0.0	0.0	0.0	0.0	0.825606	0.0	0.0	0.0	0.174394	0.0	0.0	0.0	0.0	
349	3008	6166.562584314	4714.806333333334	4714.806333333334	0.000723	0.0	2657	0	0	0	347	0	0	0	0	0.0	0.0	0.0	0.0	1.6e-5	0.0	0.0	0.0	0.0	1.77808	0.0	0.0	0.0	6152.87	0.0	0.0	0.0	0.0	0.000669	0.0	0.0	0.0	17.7316	0.0	0.0	0.0	0.0	18	0	0	0	60	0	0	0	0	69	0	0	0	10	0	0	0	0	715	0	0	0	220	0	0	0	0	560	0	0	0	57	0	0	0	0	39	0	0	0	0	0	0	0	0	1256	0	0	0	0	0	0	0	0	4.0e-6	0.0	0.0	0.0	1.0e-6	0.0	0.0	0.0	0.0	0.83273	0.0	0.0	0.0	0.16727	0.0	0.0	0.0	0.0	
350	3012	6178.024125907	4714.806333333334	4714.806333333334	0.000702	0.0	2660	0	0	0	348	0	0	0	0	0.0	0.0	0.0	0.0	1.4e-5	0.0	0.0	0.0	0.0	1.77886	0.0	0.0	0.0	6164.33	0.0	0.0	0.0	0.0	0.000669	0.0	0.0	0.0	17.7136	0.0	0.0	0.0	0.0	18	0	0	0	60	0	0	0	0	69	0	0	0	10	0	0	0	0	716	0	0	0	220	0	0	0	0	560	0	0	0	58	0	0	0	0	39	0	0	0	0	0	0	0	0	1258	0	0	0	0	0	0	0	0	5.0e-6	0.0	0.0	0.0	1.0e-6	0.0	0.0	0.0	0.0	0.848205	0.0	0.0	0.0	0.151795	0.0	0.0	0.0	0.0	
351	3020	6185.417596695	4714.806333333334	4714.806333333334	0.000686	0.0	2667	0	0	0	349	0	0	0	0	0.0	0.0	0.0	0.0	1.3e-5	0.0	0.0	0.0	0.0	1.78035	0.0	0.0	0.0	6171.72	0.0	0.0	0.0	0.0	0.000668	0.0	0.0	0.0	17.684	0.0	0.0	0.0	0.0	18	0	0	0	60	0	0	0	0	69	0	0	0	10	0	0	0	0	717	0	0	0	220	0	0	0	0	561	0	0	0	59	0	0	0	0	40	0	0	0	0	0	0	0	0	1262	0	0	0	0	0	0	0	0	4.0e-6	0.0	0.0	0.0	1.0e-6	0.0	0.0	0.0	0.0	0.831946	0.0	0.0	0.0	0.168054	0.0	0.0	0.0	0.0	
352	3024	6289.884909623	4706.833	4706.833	0.000677	0.0	2670	0	0	0	350	0	0	0	0	0.0	0.0	0.0	0.0	0.100012	0.0	0.0	0.0	0.0	1.78084	0.0	0.0	0.0	6276.19	0.0	0.0	0.0	0.0	0.000667	0.0	0.0	0.0	17.932	0.0	0.0	0.0	0.0	18	0	0	0	61	0	0	0	0	69	0	0	0	10	0	0	0	0	718	0	0	0	220	0	0	0	0	561	0	0	0	59	0	0	0	0	40	0	0	0	0	0	0	0	0	1264	0	0	0	0	0	0	0	0	4.0e-6	0.0	0.0	0.0	0.005577	0.0	0.0	0.0	0.0	0.00069	0.0	0.0	0.0	0.99931	0.0	0.0	0.0	0.0	
353	3025	6299.593972068	4706.833	4706.833	0.000553	0.0	2670	0	0	0	351	0	0	0	0	0.0	0.0	0.0	0.0	0.095008	0.0	0.0	0.0	0.0	1.78084	0.0	0.0	0.0	6285.9	0.0	0.0	0.0	0.0	0.000667	0.0	0.0	0.0	17.9085	0.0	0.0	0.0	0.0	18	0	0	0	61	0	0	0	0	69	0	0	0	10	0	0	0	0	718	0	0	0	221	0	0	0	0	561	0	0	0	59	0	0	0	0	40	0	0	0	0	0	0	0	0	1264	0	0	0	0	0	0	0	0	4.0e-6	0.0	0.0	0.0	0.005305	0.0	0.0	0.0	0.0	0.000725	0.0	0.0	0.0	0.999275	0.0	0.0	0.0	0.0	
354	3026	6302.00477159	4706.833	4706.833	0.000543	0.0	2670	0	0	0	352	0	0	0	0	0.0	0.0	0.0	0.0	0.090254	0.0	0.0	0.0	0.0	1.78084	0.0	0.0	0.0	6288.31	0.0	0.0	0.0	0.0	0.000667	0.0	0.0	0.0	17.8645	0.0	0.0	0.0	0.0	18	0	0	0	61	0	0	0	0	69	0	0	0	10	0	0	0	0	718	0	0	0	222	0	0	0	0	561	0	0	0	59	0	0	0	0	40	0	0	0	0	0	0	0	0	1264	0	0	0	0	0	0	0	0	4.0e-6	0.0	0.0	0.0	0.005052	0.0	0.0	0.0	0.0	0.000761	0.0	0.0	0.0	0.999239	0.0	0.0	0.0	0.0	
355	3027	6309.704429118	4706.833	4706.833	0.000541	0.0	2670	0	0	0	353	0	0	0	0	0.0	0.0	0.0	0.0	0.085738	0.0	0.0	0.0	0.0	1.78084	0.0	0.0	0.0	6296.01	0.0	0.0	0.0	0.0	0.000667	0.0	0.0	0.0	17.8357	0.0	0.0	0.0	0.0	18	0	0	0	61	0	0	0	0	69	0	0	0	10	0	0	0	0	718	0	0	0	223	0	0	0	0	561	0	0	0	59	0	0	0	0	40	0	0	0	0	0	0	0	0	1264	0	0	0	0	0	0	0	0	4.0e-6	0.0	0.0	0.0	0.004807	0.0	0.0	0.0	0.0	0.0008	0.0	0.0	0.0	0.9992	0.0	0.0	0.0	0.0	
356	3028	6316.346044014	4706.833	4706.833	0.000533	0.0	2670	0	0	0	354	0	0	0	0	0.0	0.0	0.0	0.0	0.081447	0.0	0.0	0.0	0.0	1.78084	0.0	0.0	0.0	6302.65	0.0	0.0	0.0	0.0	0.000667	0.0	0.0	0.0	17.8041	0.0	0.0	0.0	0.0	18	0	0	0	61	0	0	0	0	69	0	0	0	10	0	0	0	0	718	0	0	0	224	0	0	0	0	561	0	0	0	59	0	0	0	0	40	0	0	0	0	0	0	0	0	1264	0	0	0	0	0	0	0	0	4.0e-6	0.0	0.0	0.0	0.004575	0.0	0.0	0.0	0.0	0.000841	0.0	0.0	0.0	0.999159	0.0	0.0	0.0	0.0	
357	3029	6327.570496534	4706.833	4706.833	0.000526	0.0	2670	0	0	0	355	0	0	0	0	0.0	0.0	0.0	0.0	0.077372	0.0	0.0	0.0	0.0	1.78084	0.0	0.0	0.0	6313.87	0.0	0.0	0.0	0.0	0.000667	0.0	0.0	0.0	17.7856	0.0	0.0	0.0	0.0	18	0	0	0	61	0	0	0	0	69	0	0	0	10	0	0	0	0	718	0	0	0	225	0	0	0	0	561	0	0	0	59	0	0	0	0	40	0	0	0	0	0	0	0	0	1264	0	0	0	0	0	0	0	0	4.0e-6	0.0	0.0	0.0	0.00435	0.0	0.0	0.0	0.0	0.000884	0.0	0.0	0.0	0.999116	0.0	0.0	0.0	0.0	
358	3030	6330.919884068	4706.833	4706.833	0.000515	0.0	2670	0	0	0	356	0	0	0	0	0.0	0.0	0.0	0.0	0.0735	0.0	0.0	0.0	0.0	1.78084	0.0	0.0	0.0	6317.22	0.0	0.0	0.0	0.0	0.000667	0.0	0.0	0.0	17.745	0.0	0.0	0.0	0.0	18	0	0	0	61	0	0	0	0	69	0	0	0	10	0	0	0	0	718	0	0	0	226	0	0	0	0	561	0	0	0	59	0	0	0	0	40	0	0	0	0	0	0	0	0	1264	0	0	0	0	0	0	0	0	4.0e-6	0.0	0.0	0.0	0.004142	0.0	0.0	0.0	0.0	0.000928	0.0	0.0	0.0	0.999072	0.0	0.0	0.0	0.0	
359	3031	6333.266744846	4706.833	4706.833	0.000511	0.0	2670	0	0	0	357	0	0	0	0	0.0	0.0	0.0	0.0	0.069821	0.0	0.0	0.0	0.0	1.78084	0.0	0.0	0.0	6319.57	0.0	0.0	0.0	0.0	0.000667	0.0	0.0	0.0	17.7019	0.0	0.0	0.0	0.0	18	0	0	0	61	0	0	0	0	69	0	0	0	10	0	0	0	0	718	0	0	0	227	0	0	0	0	561	0	0	0	59	0	0	0	0	40	0	0	0	0	0	0	0	0	1264	0	0	0	0	0	0	0	0	4.0e-6	0.0	0.0	0.0	0.003944	0.0	0.0	0.0	0.0	0.000975	0.0	0.0	0.0	0.999025	0.0	0.0	0.0	0.0	
360	3032	6335.617588669	4706.833	4706.833	0.000509	0.0	2670	0	0	0	358	0	0	0	0	0.0	0.0	0.0	0.0	0.066327	0.0	0.0	0.0	0.0	1.78084	0.0	0.0	0.0	6321.92	0.0	0.0	0.0	0.0	0.000667	0.0	0.0	0.0	17.659	0.0	0.0	0.0	0.0	18	0	0	0	61	0	0	0	0	69	0	0	0	10	0	0	0	0	718	0	0	0	228	0	0	0	0	561	0	0	0	59	0	0	0	0	40	0	0	0	0	0	0	0	0	1264	0	0	0	0	0	0	0	0	4.0e-6	0.0	0.0	0.0	0.003756	0.0	0.0	0.0	0.0	0.001024	0.0	0.0	0.0	0.998976	0.0	0.0	0.0	0.0	
361	3033	6337.93511912	4706.833	4706.833	0.000507	0.0	2670	0	0	0	359	0	0	0	0	0.0	0.0	0.0	0.0	0.063007	0.0	0.0	0.0	0.0	1.78084	0.0	0.0	0.0	6324.24	0.0	0.0	0.0	0.0	0.000667	0.0	0.0	0.0	17.6163	0.0	0.0	0.0	0.0	18	0	0	0	61	0	0	0	0	69	0	0	0	10	0	0	0	0	718	0	0	0	229	0	0	0	0	561	0	0	0	59	0	0	0	0	40	0	0	0	0	0	0	0	0	1264	0	0	0	0	0	0	0	0	4.0e-6	0.0	0.0	0.0	0.003577	0.0	0.0	0.0	0.0	0.001075	0.0	0.0	0.0	0.998925	0.0	0.0	0.0	0.0	
362	3034	6343.452139052	4706.833	4706.833	0.000504	0.0	2670	0	0	0	360	0	0	0	0	0.0	0.0	0.0	0.0	0.059853	0.0	0.0	0.0	0.0	1.78084	0.0	0.0	0.0	6329.75	0.0	0.0	0.0	0.0	0.000667	0.0	0.0	0.0	17.5827	0.0	0.0	0.0	0.0	18	0	0	0	61	0	0	0	0	69	0	0	0	10	0	0	0	0	718	0	0	0	230	0	0	0	0	561	0	0	0	59	0	0	0	0	40	0	0	0	0	0	0	0	0	1264	0	0	0	0	0	0	0	0	4.0e-6	0.0	0.0	0.0	0.003404	0.0	0.0	0.0	0.0	0.001129	0.0	0.0	0.0	0.998871	0.0	0.0	0.0	0.0	
363	3035	6365.375326933	4706.833	4706.833	0.000499	0.0	2670	0	0	0	361	0	0	0	0	0.0	0.0	0.0	0.0	0.056857	0.0	0.0	0.0	0.0	1.78084	0.0	0.0	0.0	6351.68	0.0	0.0	0.0	0.0	0.000667	0.0	0.0	0.0	17.5947	0.0	0.0	0.0	0.0	18	0	0	0	61	0	0	0	0	69	0	0	0	10	0	0	0	0	718	0	0	0	231	0	0	0	0	561	0	0	0	59	0	0	0	0	40	0	0	0	0	0	0	0	0	1264	0	0	0	0	0	0	0	0	4.0e-6	0.0	0.0	0.0	0.003232	0.0	0.0	0.0	0.0	0.00119	0.0	0.0	0.0	0.99881	0.0	0.0	0.0	0.0	
364	3036	6368.625451295	4706.833	4706.833	0.000479	0.0	2670	0	0	0	362	0	0	0	0	0.0	0.0	0.0	0.0	0.054011	0.0	0.0	0.0	0.0	1.78084	0.0	0.0	0.0	6354.93	0.0	0.0	0.0	0.0	0.000667	0.0	0.0	0.0	17.555	0.0	0.0	0.0	0.0	18	0	0	0	61	0	0	0	0	69	0	0	0	10	0	0	0	0	718	0	0	0	232	0	0	0	0	561	0	0	0	59	0	0	0	0	40	0	0	0	0	0	0	0	0	1264	0	0	0	0	0	0	0	0	4.0e-6	0.0	0.0	0.0	0.003077	0.0	0.0	0.0	0.0	0.001249	0.0	0.0	0.0	0.998751	0.0	0.0	0.0	0.0	
365	3037	6486.749174485	4706.833	4706.833	0.000476	0.0	2670	0	0	0	363	0	0	0	0	0.0	0.0	0.0	0.0	0.051307	0.0	0.0	0.0	0.0	1.78084	0.0	0.0	0.0	6473.05	0.0	0.0	0.0	0.0	0.000667	0.0	0.0	0.0	17.8321	0.0	0.0	0.0	0.0	18	0	0	0	61	0	0	0	0	69	0	0	0	10	0	0	0	0	718	0	0	0	233	0	0	0	0	561	0	0	0	59	0	0	0	0	40	0	0	0	0	0	0	0	0	1264	0	0	0	0	0	0	0	0	4.0e-6	0.0	0.0	0.0	0.002877	0.0	0.0	0.0	0.0	0.001336	0.0	0.0	0.0	0.998664	0.0	0.0	0.0	0.0	
366	3038	6488.941533099	4706.833	4706.833	0.000379	0.0	2670	0	0	0	364	0	0	0	0	0.0	0.0	0.0	0.0	0.048738	0.0	0.0	0.0	0.0	1.78084	0.0	0.0	0.0	6475.24	0.0	0.0	0.0	0.0	0.000667	0.0	0.0	0.0	17.7891	0.0	0.0	0.0	0.0	18	0	0	0	61	0	0	0	0	69	0	0	0	10	0	0	0	0	718	0	0	0	234	0	0	0	0	561	0	0	0	59	0	0	0	0	40	0	0	0	0	0	0	0	0	1264	0	0	0	0	0	0	0	0	4.0e-6	0.0	0.0	0.0	0.00274	0.0	0.0	0.0	0.0	0.001403	0.0	0.0	0.0	0.998597	0.0	0.0	0.0	0.0	
367	3039	6500.667260356	4706.833	4706.833	0.000377	0.0	2670	0	0	0	365	0	0	0	0	0.0	0.0	0.0	0.0	0.046298	0.0	0.0	0.0	0.0	1.78084	0.0	0.0	0.0	6486.97	0.0	0.0	0.0	0.0	0.000667	0.0	0.0	0.0	17.7725	0.0	0.0	0.0	0.0	18	0	0	0	61	0	0	0	0	69	0	0	0	10	0	0	0	0	718	0	0	0	235	0	0	0	0	561	0	0	0	59	0	0	0	0	40	0	0	0	0	0	0	0	0	1264	0	0	0	0	0	0	0	0	4.0e-6	0.0	0.0	0.0	0.002605	0.0	0.0	0.0	0.0	0.001475	0.0	0.0	0.0	0.998525	0.0	0.0	0.0	0.0	
368	3040	6502.941942965	4706.833	4706.833	0.000369	0.0	2670	0	0	0	366	0	0	0	0	0.0	0.0	0.0	0.0	0.04398	0.0	0.0	0.0	0.0	1.78084	0.0	0.0	0.0	6489.24	0.0	0.0	0.0	0.0	0.000667	0.0	0.0	0.0	17.7302	0.0	0.0	0.0	0.0	18	0	0	0	61	0	0	0	0	69	0	0	0	10	0	0	0	0	718	0	0	0	236	0	0	0	0	561	0	0	0	59	0	0	0	0	40	0	0	0	0	0	0	0	0	1264	0	0	0	0	0	0	0	0	4.0e-6	0.0	0.0	0.0	0.00248	0.0	0.0	0.0	0.0	0.001549	0.0	0.0	0.0	0.998451	0.0	0.0	0.0	0.0	
369	3041	6519.347517766	4706.833	4706.833	0.000367	0.0	2670	0	0	0	367	0	0	0	0	0.0	0.0	0.0	0.0	0.041777	0.0	0.0	0.0	0.0	1.78084	0.0	0.0	0.0	6505.65	0.0	0.0	0.0	0.0	0.000667	0.0	0.0	0.0	17.7266	0.0	0.0	0.0	0.0	18	0	0	0	61	0	0	0	0	69	0	0	0	10	0	0	0	0	718	0	0	0	237	0	0	0	0	561	0	0	0	59	0	0	0	0	40	0	0	0	0	0	0	0	0	1264	0	0	0	0	0	0	0	0	4.0e-6	0.0	0.0	0.0	0.002357	0.0	0.0	0.0	0.0	0.00163	0.0	0.0	0.0	0.99837	0.0	0.0	0.0	0.0	
370	3042	6525.874356418	4706.833	4706.833	0.000356	0.0	2670	0	0	0	368	0	0	0	0	0.0	0.0	0.0	0.0	0.039685	0.0	0.0	0.0	0.0	1.78084	0.0	0.0	0.0	6512.18	0.0	0.0	0.0	0.0	0.000667	0.0	0.0	0.0	17.6961	0.0	0.0	0.0	0.0	18	0	0	0	61	0	0	0	0	69	0	0	0	10	0	0	0	0	718	0	0	0	238	0	0	0	0	561	0	0	0	59	0	0	0	0	40	0	0	0	0	0	0	0	0	1264	0	0	0	0	0	0	0	0	4.0e-6	0.0	0.0	0.0	0.002243	0.0	0.0	0.0	0.0	0.001713	0.0	0.0	0.0	0.998287	0.0	0.0	0.0	0.0	
371	3043	6610.123145455	4706.833	4706.833	0.000351	0.0	2670	0	0	0	369	0	0	0	0	0.0	0.0	0.0	0.0	0.037697	0.0	0.0	0.0	0.0	1.78084	0.0	0.0	0.0	6596.43	0.0	0.0	0.0	0.0	0.000667	0.0	0.0	0.0	17.8765	0.0	0.0	0.0	0.0	18	0	0	0	61	0	0	0	0	69	0	0	0	10	0	0	0	0	718	0	0	0	239	0	0	0	0	561	0	0	0	59	0	0	0	0	40	0	0	0	0	0	0	0	0	1264	0	0	0	0	0	0	0	0	4.0e-6	0.0	0.0	0.0	0.002109	0.0	0.0	0.0	0.0	0.001822	0.0	0.0	0.0	0.998178	0.0	0.0	0.0	0.0	
372	3044	6628.472075992	4703.833	4703.833	0.000299	0.0	2670	0	0	0	370	0	0	0	0	0.0	0.0	0.0	0.0	0.0859	0.0	0.0	0.0	0.0	1.78084	0.0	0.0	0.0	6614.77	0.0	0.0	0.0	0.0	0.000667	0.0	0.0	0.0	17.8778	0.0	0.0	0.0	0.0	18	0	0	0	62	0	0	0	0	69	0	0	0	10	0	0	0	0	718	0	0	0	239	0	0	0	0	561	0	0	0	59	0	0	0	0	40	0	0	0	0	0	0	0	0	1264	0	0	0	0	0	0	0	0	4.0e-6	0.0	0.0	0.0	0.004805	0.0	0.0	0.0	0.0	0.0008	0.0	0.0	0.0	0.9992	0.0	0.0	0.0	0.0	
373	3045	6639.359332198	4703.833	4703.833	0.000288	0.0	2670	0	0	0	371	0	0	0	0	0.0	0.0	0.0	0.0	0.081602	0.0	0.0	0.0	0.0	1.78084	0.0	0.0	0.0	6625.66	0.0	0.0	0.0	0.0	0.000667	0.0	0.0	0.0	17.8589	0.0	0.0	0.0	0.0	18	0	0	0	62	0	0	0	0	69	0	0	0	10	0	0	0	0	718	0	0	0	240	0	0	0	0	561	0	0	0	59	0	0	0	0	40	0	0	0	0	0	0	0	0	1264	0	0	0	0	0	0	0	0	4.0e-6	0.0	0.0	0.0	0.004569	0.0	0.0	0.0	0.0	0.000842	0.0	0.0	0.0	0.999158	0.0	0.0	0.0	0.0	
374	3046	6649.73010605	4703.833	4703.833	0.000282	0.0	2670	0	0	0	372	0	0	0	0	0.0	0.0	0.0	0.0	0.077518	0.0	0.0	0.0	0.0	1.78084	0.0	0.0	0.0	6636.03	0.0	0.0	0.0	0.0	0.000667	0.0	0.0	0.0	17.8388	0.0	0.0	0.0	0.0	18	0	0	0	62	0	0	0	0	69	0	0	0	10	0	0	0	0	718	0	0	0	241	0	0	0	0	561	0	0	0	59	0	0	0	0	40	0	0	0	0	0	0	0	0	1264	0	0	0	0	0	0	0	0	4.0e-6	0.0	0.0	0.0	0.004345	0.0	0.0	0.0	0.0	0.000885	0.0	0.0	0.0	0.999115	0.0	0.0	0.0	0.0	
375	3047	6658.055631257	4703.833	4703.833	0.000277	0.0	2670	0	0	0	373	0	0	0	0	0.0	0.0	0.0	0.0	0.073639	0.0	0.0	0.0	0.0	1.78084	0.0	0.0	0.0	6644.36	0.0	0.0	0.0	0.0	0.000667	0.0	0.0	0.0	17.8133	0.0	0.0	0.0	0.0	18	0	0	0	62	0	0	0	0	69	0	0	0	10	0	0	0	0	718	0	0	0	242	0	0	0	0	561	0	0	0	59	0	0	0	0	40	0	0	0	0	0	0	0	0	1264	0	0	0	0	0	0	0	0	4.0e-6	0.0	0.0	0.0	0.004134	0.0	0.0	0.0	0.0	0.00093	0.0	0.0	0.0	0.99907	0.0	0.0	0.0	0.0	
376	3048	6670.740002691	4703.833	4703.833	0.000272	0.0	2670	0	0	0	374	0	0	0	0	0.0	0.0	0.0	0.0	0.069954	0.0	0.0	0.0	0.0	1.78084	0.0	0.0	0.0	6657.04	0.0	0.0	0.0	0.0	0.000667	0.0	0.0	0.0	17.7996	0.0	0.0	0.0	0.0	18	0	0	0	62	0	0	0	0	69	0	0	0	10	0	0	0	0	718	0	0	0	243	0	0	0	0	561	0	0	0	59	0	0	0	0	40	0	0	0	0	0	0	0	0	1264	0	0	0	0	0	0	0	0	4.0e-6	0.0	0.0	0.0	0.00393	0.0	0.0	0.0	0.0	0.000978	0.0	0.0	0.0	0.999022	0.0	0.0	0.0	0.0	
377	3049	6673.031364195	4703.833	4703.833	0.000266	0.0	2670	0	0	0	375	0	0	0	0	0.0	0.0	0.0	0.0	0.066452	0.0	0.0	0.0	0.0	1.78084	0.0	0.0	0.0	6659.33	0.0	0.0	0.0	0.0	0.000667	0.0	0.0	0.0	17.7582	0.0	0.0	0.0	0.0	18	0	0	0	62	0	0	0	0	69	0	0	0	10	0	0	0	0	718	0	0	0	244	0	0	0	0	561	0	0	0	59	0	0	0	0	40	0	0	0	0	0	0	0	0	1264	0	0	0	0	0	0	0	0	4.0e-6	0.0	0.0	0.0	0.003742	0.0	0.0	0.0	0.0	0.001027	0.0	0.0	0.0	0.998973	0.0	0.0	0.0	0.0	
378	3050	6703.727610209	4703.833	4703.833	0.000265	0.0	2670	0	0	0	376	0	0	0	0	0.0	0.0	0.0	0.0	0.063126	0.0	0.0	0.0	0.0	1.78084	0.0	0.0	0.0	6690.03	0.0	0.0	0.0	0.0	0.000667	0.0	0.0	0.0	17.7926	0.0	0.0	0.0	0.0	18	0	0	0	62	0	0	0	0	69	0	0	0	10	0	0	0	0	718	0	0	0	245	0	0	0	0	561	0	0	0	59	0	0	0	0	40	0	0	0	0	0	0	0	0	1264	0	0	0	0	0	0	0	0	4.0e-6	0.0	0.0	0.0	0.003548	0.0	0.0	0.0	0.0	0.001084	0.0	0.0	0.0	0.998916	0.0	0.0	0.0	0.0	
379	3051	6753.098491828	4698.722	4698.722	0.00025	0.0	2670	0	0	0	377	0	0	0	0	0.0	0.0	0.0	0.0	0.110021	0.0	0.0	0.0	0.0	1.78084	0.0	0.0	0.0	6739.4	0.0	0.0	0.0	0.0	0.000667	0.0	0.0	0.0	17.8764	0.0	0.0	0.0	0.0	18	0	0	0	63	0	0	0	0	69	0	0	0	10	0	0	0	0	718	0	0	0	245	0	0	0	0	561	0	0	0	59	0	0	0	0	40	0	0	0	0	0	0	0	0	1264	0	0	0	0	0	0	0	0	4.0e-6	0.0	0.0	0.0	0.006155	0.0	0.0	0.0	0.0	0.000625	0.0	0.0	0.0	0.999375	0.0	0.0	0.0	0.0	
380	3052	6755.268397787	4698.722	4698.722	0.000227	0.0	2670	0	0	0	378	0	0	0	0	0.0	0.0	0.0	0.0	0.104516	0.0	0.0	0.0	0.0	1.78084	0.0	0.0	0.0	6741.57	0.0	0.0	0.0	0.0	0.000667	0.0	0.0	0.0	17.8348	0.0	0.0	0.0	0.0	18	0	0	0	63	0	0	0	0	69	0	0	0	10	0	0	0	0	718	0	0	0	246	0	0	0	0	561	0	0	0	59	0	0	0	0	40	0	0	0	0	0	0	0	0	1264	0	0	0	0	0	0	0	0	4.0e-6	0.0	0.0	0.0	0.00586	0.0	0.0	0.0	0.0	0.000656	0.0	0.0	0.0	0.999344	0.0	0.0	0.0	0.0	
381	3053	6759.66865039	4698.722	4698.722	0.000226	0.0	2670	0	0	0	379	0	0	0	0	0.0	0.0	0.0	0.0	0.099287	0.0	0.0	0.0	0.0	1.78084	0.0	0.0	0.0	6745.97	0.0	0.0	0.0	0.0	0.000667	0.0	0.0	0.0	17.7994	0.0	0.0	0.0	0.0	18	0	0	0	63	0	0	0	0	69	0	0	0	10	0	0	0	0	718	0	0	0	247	0	0	0	0	561	0	0	0	59	0	0	0	0	40	0	0	0	0	0	0	0	0	1264	0	0	0	0	0	0	0	0	4.0e-6	0.0	0.0	0.0	0.005578	0.0	0.0	0.0	0.0	0.000689	0.0	0.0	0.0	0.999311	0.0	0.0	0.0	0.0	
382	3054	6768.097898432	4698.722	4698.722	0.000224	0.0	2670	0	0	0	380	0	0	0	0	0.0	0.0	0.0	0.0	0.094319	0.0	0.0	0.0	0.0	1.78084	0.0	0.0	0.0	6754.4	0.0	0.0	0.0	0.0	0.000667	0.0	0.0	0.0	17.7747	0.0	0.0	0.0	0.0	18	0	0	0	63	0	0	0	0	69	0	0	0	10	0	0	0	0	718	0	0	0	248	0	0	0	0	561	0	0	0	59	0	0	0	0	40	0	0	0	0	0	0	0	0	1264	0	0	0	0	0	0	0	0	4.0e-6	0.0	0.0	0.0	0.005306	0.0	0.0	0.0	0.0	0.000725	0.0	0.0	0.0	0.999275	0.0	0.0	0.0	0.0	
383	3055	6773.557179764	4698.722	4698.722	0.00022	0.0	2670	0	0	0	381	0	0	0	0	0.0	0.0	0.0	0.0	0.0896	0.0	0.0	0.0	0.0	1.78084	0.0	0.0	0.0	6759.86	0.0	0.0	0.0	0.0	0.000667	0.0	0.0	0.0	17.7424	0.0	0.0	0.0	0.0	18	0	0	0	63	0	0	0	0	69	0	0	0	10	0	0	0	0	718	0	0	0	249	0	0	0	0	561	0	0	0	59	0	0	0	0	40	0	0	0	0	0	0	0	0	1264	0	0	0	0	0	0	0	0	4.0e-6	0.0	0.0	0.0	0.00505	0.0	0.0	0.0	0.0	0.000762	0.0	0.0	0.0	0.999238	0.0	0.0	0.0	0.0	
384	3056	6779.669552409	4698.722	4698.722	0.000218	0.0	2670	0	0	0	382	0	0	0	0	0.0	0.0	0.0	0.0	0.085117	0.0	0.0	0.0	0.0	1.78084	0.0	0.0	0.0	6765.97	0.0	0.0	0.0	0.0	0.000667	0.0	0.0	0.0	17.712	0.0	0.0	0.0	0.0	18	0	0	0	63	0	0	0	0	69	0	0	0	10	0	0	0	0	718	0	0	0	250	0	0	0	0	561	0	0	0	59	0	0	0	0	40	0	0	0	0	0	0	0	0	1264	0	0	0	0	0	0	0	0	4.0e-6	0.0	0.0	0.0	0.004806	0.0	0.0	0.0	0.0	0.0008	0.0	0.0	0.0	0.9992	0.0	0.0	0.0	0.0	
385	3057	6790.151567706	4697.722	4697.722	0.000216	0.0	2670	0	0	0	383	0	0	0	0	0.0	0.0	0.0	0.0	0.130897	0.0	0.0	0.0	0.0	1.78084	0.0	0.0	0.0	6776.45	0.0	0.0	0.0	0.0	0.000667	0.0	0.0	0.0	17.6931	0.0	0.0	0.0	0.0	18	0	0	0	64	0	0	0	0	69	0	0	0	10	0	0	0	0	718	0	0	0	250	0	0	0	0	561	0	0	0	59	0	0	0	0	40	0	0	0	0	0	0	0	0	1264	0	0	0	0	0	0	0	0	4.0e-6	0.0	0.0	0.0	0.007398	0.0	0.0	0.0	0.0	0.00052	0.0	0.0	0.0	0.99948	0.0	0.0	0.0	0.0	
386	3058	6793.320979005	4697.722	4697.722	0.000211	0.0	2670	0	0	0	384	0	0	0	0	0.0	0.0	0.0	0.0	0.124349	0.0	0.0	0.0	0.0	1.78084	0.0	0.0	0.0	6779.62	0.0	0.0	0.0	0.0	0.000667	0.0	0.0	0.0	17.6553	0.0	0.0	0.0	0.0	18	0	0	0	64	0	0	0	0	69	0	0	0	10	0	0	0	0	718	0	0	0	251	0	0	0	0	561	0	0	0	59	0	0	0	0	40	0	0	0	0	0	0	0	0	1264	0	0	0	0	0	0	0	0	4.0e-6	0.0	0.0	0.0	0.007043	0.0	0.0	0.0	0.0	0.000546	0.0	0.0	0.0	0.999454	0.0	0.0	0.0	0.0	
387	3059	6795.577424239	4697.722	4697.722	0.00021	0.0	2670	0	0	0	385	0	0	0	0	0.0	0.0	0.0	0.0	0.118128	0.0	0.0	0.0	0.0	1.78084	0.0	0.0	0.0	6781.88	0.0	0.0	0.0	0.0	0.000667	0.0	0.0	0.0	17.6153	0.0	0.0	0.0	0.0	18	0	0	0	64	0	0	0	0	69	0	0	0	10	0	0	0	0	718	0	0	0	252	0	0	0	0	561	0	0	0	59	0	0	0	0	40	0	0	0	0	0	0	0	0	1264	0	0	0	0	0	0	0	0	4.0e-6	0.0	0.0	0.0	0.006706	0.0	0.0	0.0	0.0	0.000574	0.0	0.0	0.0	0.999426	0.0	0.0	0.0	0.0	
388	3060	6797.87588849	4697.722	4697.722	0.000209	0.0	2670	0	0	0	386	0	0	0	0	0.0	0.0	0.0	0.0	0.112218	0.0	0.0	0.0	0.0	1.78084	0.0	0.0	0.0	6784.18	0.0	0.0	0.0	0.0	0.000667	0.0	0.0	0.0	17.5756	0.0	0.0	0.0	0.0	18	0	0	0	64	0	0	0	0	69	0	0	0	10	0	0	0	0	718	0	0	0	253	0	0	0	0	561	0	0	0	59	0	0	0	0	40	0	0	0	0	0	0	0	0	1264	0	0	0	0	0	0	0	0	4.0e-6	0.0	0.0	0.0	0.006385	0.0	0.0	0.0	0.0	0.000602	0.0	0.0	0.0	0.999398	0.0	0.0	0.0	0.0	
389	3061	6800.107095271	4697.722	4697.722	0.000208	0.0	2670	0	0	0	387	0	0	0	0	0.0	0.0	0.0	0.0	0.106604	0.0	0.0	0.0	0.0	1.78084	0.0	0.0	0.0	6786.41	0.0	0.0	0.0	0.0	0.000667	0.0	0.0	0.0	17.5359	0.0	0.0	0.0	0.0	18	0	0	0	64	0	0	0	0	69	0	0	0	10	0	0	0	0	718	0	0	0	254	0	0	0	0	561	0	0	0	59	0	0	0	0	40	0	0	0	0	0	0	0	0	1264	0	0	0	0	0	0	0	0	4.0e-6	0.0	0.0	0.0	0.006079	0.0	0.0	0.0	0.0	0.000633	0.0	0.0	0.0	0.999367	0.0	0.0	0.0	0.0	
390	3062	6807.177768808	4697.722	4697.722	0.000207	0.0	2670	0	0	0	388	0	0	0	0	0.0	0.0	0.0	0.0	0.101271	0.0	0.0	0.0	0.0	1.78084	0.0	0.0	0.0	6793.48	0.0	0.0	0.0	0.0	0.000667	0.0	0.0	0.0	17.509	0.0	0.0	0.0	0.0	18	0	0	0	64	0	0	0	0	69	0	0	0	10	0	0	0	0	718	0	0	0	255	0	0	0	0	561	0	0	0	59	0	0	0	0	40	0	0	0	0	0	0	0	0	1264	0	0	0	0	0	0	0	0	4.0e-6	0.0	0.0	0.0	0.005784	0.0	0.0	0.0	0.0	0.000665	0.0	0.0	0.0	0.999335	0.0	0.0	0.0	0.0	
391	3063	6822.070403218	4697.722	4697.722	0.000204	0.0	2670	0	0	0	389	0	0	0	0	0.0	0.0	0.0	0.0	0.096204	0.0	0.0	0.0	0.0	1.78084	0.0	0.0	0.0	6808.37	0.0	0.0	0.0	0.0	0.000667	0.0	0.0	0.0	17.5022	0.0	0.0	0.0	0.0	18	0	0	0	64	0	0	0	0	69	0	0	0	10	0	0	0	0	718	0	0	0	256	0	0	0	0	561	0	0	0	59	0	0	0	0	40	0	0	0	0	0	0	0	0	1264	0	0	0	0	0	0	0	0	4.0e-6	0.0	0.0	0.0	0.005497	0.0	0.0	0.0	0.0	0.0007	0.0	0.0	0.0	0.9993	0.0	0.0	0.0	0.0	
392	3064	6835.077830626	4697.722	4697.722	0.000199	0.0	2670	0	0	0	390	0	0	0	0	0.0	0.0	0.0	0.0	0.09139	0.0	0.0	0.0	0.0	1.78084	0.0	0.0	0.0	6821.38	0.0	0.0	0.0	0.0	0.000667	0.0	0.0	0.0	17.4907	0.0	0.0	0.0	0.0	18	0	0	0	64	0	0	0	0	69	0	0	0	10	0	0	0	0	718	0	0	0	257	0	0	0	0	561	0	0	0	59	0	0	0	0	40	0	0	0	0	0	0	0	0	1264	0	0	0	0	0	0	0	0	4.0e-6	0.0	0.0	0.0	0.005225	0.0	0.0	0.0	0.0	0.000736	0.0	0.0	0.0	0.999264	0.0	0.0	0.0	0.0	
393	3065	6851.532169494	4693.222	4693.222	0.000194	0.0	2670	0	0	0	391	0	0	0	0	0.0	0.0	0.0	0.0	0.136854	0.0	0.0	0.0	0.0	1.78084	0.0	0.0	0.0	6837.83	0.0	0.0	0.0	0.0	0.000667	0.0	0.0	0.0	17.4881	0.0	0.0	0.0	0.0	18	0	0	0	65	0	0	0	0	69	0	0	0	10	0	0	0	0	718	0	0	0	257	0	0	0	0	561	0	0	0	59	0	0	0	0	40	0	0	0	0	0	0	0	0	1264	0	0	0	0	0	0	0	0	4.0e-6	0.0	0.0	0.0	0.007826	0.0	0.0	0.0	0.0	0.000492	0.0	0.0	0.0	0.999508	0.0	0.0	0.0	0.0	
394	3066	6856.883919103	4693.222	4693.222	0.000188	0.0	2670	0	0	0	392	0	0	0	0	0.0	0.0	0.0	0.0	0.130008	0.0	0.0	0.0	0.0	1.78084	0.0	0.0	0.0	6843.19	0.0	0.0	0.0	0.0	0.000667	0.0	0.0	0.0	17.4571	0.0	0.0	0.0	0.0	18	0	0	0	65	0	0	0	0	69	0	0	0	10	0	0	0	0	718	0	0	0	258	0	0	0	0	561	0	0	0	59	0	0	0	0	40	0	0	0	0	0	0	0	0	1264	0	0	0	0	0	0	0	0	4.0e-6	0.0	0.0	0.0	0.007447	0.0	0.0	0.0	0.0	0.000517	0.0	0.0	0.0	0.999483	0.0	0.0	0.0	0.0	
395	3067	6859.143119439	4693.222	4693.222	0.000186	0.0	2670	0	0	0	393	0	0	0	0	0.0	0.0	0.0	0.0	0.123504	0.0	0.0	0.0	0.0	1.78084	0.0	0.0	0.0	6845.44	0.0	0.0	0.0	0.0	0.000667	0.0	0.0	0.0	17.4184	0.0	0.0	0.0	0.0	18	0	0	0	65	0	0	0	0	69	0	0	0	10	0	0	0	0	718	0	0	0	259	0	0	0	0	561	0	0	0	59	0	0	0	0	40	0	0	0	0	0	0	0	0	1264	0	0	0	0	0	0	0	0	4.0e-6	0.0	0.0	0.0	0.00709	0.0	0.0	0.0	0.0	0.000542	0.0	0.0	0.0	0.999458	0.0	0.0	0.0	0.0	
396	3068	6873.422257605	4693.222	4693.222	0.000185	0.0	2670	0	0	0	394	0	0	0	0	0.0	0.0	0.0	0.0	0.117326	0.0	0.0	0.0	0.0	1.78084	0.0	0.0	0.0	6859.72	0.0	0.0	0.0	0.0	0.000667	0.0	0.0	0.0	17.4105	0.0	0.0	0.0	0.0	18	0	0	0	65	0	0	0	0	69	0	0	0	10	0	0	0	0	718	0	0	0	260	0	0	0	0	561	0	0	0	59	0	0	0	0	40	0	0	0	0	0	0	0	0	1264	0	0	0	0	0	0	0	0	4.0e-6	0.0	0.0	0.0	0.006739	0.0	0.0	0.0	0.0	0.000571	0.0	0.0	0.0	0.999429	0.0	0.0	0.0	0.0	
397	3069	6883.216401167	4693.222	4693.222	0.00018	0.0	2670	0	0	0	395	0	0	0	0	0.0	0.0	0.0	0.0	0.111456	0.0	0.0	0.0	0.0	1.78084	0.0	0.0	0.0	6869.52	0.0	0.0	0.0	0.0	0.000667	0.0	0.0	0.0	17.3912	0.0	0.0	0.0	0.0	18	0	0	0	65	0	0	0	0	69	0	0	0	10	0	0	0	0	718	0	0	0	261	0	0	0	0	561	0	0	0	59	0	0	0	0	40	0	0	0	0	0	0	0	0	1264	0	0	0	0	0	0	0	0	4.0e-6	0.0	0.0	0.0	0.006409	0.0	0.0	0.0	0.0	0.0006	0.0	0.0	0.0	0.9994	0.0	0.0	0.0	0.0	
398	3070	6891.503059677	4693.222	4693.222	0.000177	0.0	2670	0	0	0	396	0	0	0	0	0.0	0.0	0.0	0.0	0.10588	0.0	0.0	0.0	0.0	1.78084	0.0	0.0	0.0	6877.8	0.0	0.0	0.0	0.0	0.000667	0.0	0.0	0.0	17.3682	0.0	0.0	0.0	0.0	18	0	0	0	65	0	0	0	0	69	0	0	0	10	0	0	0	0	718	0	0	0	262	0	0	0	0	561	0	0	0	59	0	0	0	0	40	0	0	0	0	0	0	0	0	1264	0	0	0	0	0	0	0	0	4.0e-6	0.0	0.0	0.0	0.006096	0.0	0.0	0.0	0.0	0.000631	0.0	0.0	0.0	0.999369	0.0	0.0	0.0	0.0	
399	3071	6907.324411413	4693.222	4693.222	0.000174	0.0	2670	0	0	0	397	0	0	0	0	0.0	0.0	0.0	0.0	0.100583	0.0	0.0	0.0	0.0	1.78084	0.0	0.0	0.0	6893.63	0.0	0.0	0.0	0.0	0.000667	0.0	0.0	0.0	17.3643	0.0	0.0	0.0	0.0	18	0	0	0	65	0	0	0	0	69	0	0	0	10	0	0	0	0	718	0	0	0	263	0	0	0	0	561	0	0	0	59	0	0	0	0	40	0	0	0	0	0	0	0	0	1264	0	0	0	0	0	0	0	0	4.0e-6	0.0	0.0	0.0	0.005792	0.0	0.0	0.0	0.0	0.000664	0.0	0.0	0.0	0.999336	0.0	0.0	0.0	0.0	
400	3072	6909.668531385	4693.222	4693.222	0.000169	0.0	2670	0	0	0	398	0	0	0	0	0.0	0.0	0.0	0.0	0.09555	0.0	0.0	0.0	0.0	1.78084	0.0	0.0	0.0	6895.97	0.0	0.0	0.0	0.0	0.000667	0.0	0.0	0.0	17.3266	0.0	0.0	0.0	0.0	18	0	0	0	65	0	0	0	0	69	0	0	0	10	0	0	0	0	718	0	0	0	264	0	0	0	0	561	0	0	0	59	0	0	0	0	40	0	0	0	0	0	0	0	0	1264	0	0	0	0	0	0	0	0	4.0e-6	0.0	0.0	0.0	0.005515	0.0	0.0	0.0	0.0	0.000697	0.0	0.0	0.0	0.999303	0.0	0.0	0.0	0.0	
401	3073	6911.960546782	4693.222	4693.222	0.000168	0.0	2670	0	0	0	399	0	0	0	0	0.0	0.0	0.0	0.0	0.090769	0.0	0.0	0.0	0.0	1.78084	0.0	0.0	0.0	6898.26	0.0	0.0	0.0	0.0	0.000667	0.0	0.0	0.0	17.2889	0.0	0.0	0.0	0.0	18	0	0	0	65	0	0	0	0	69	0	0	0	10	0	0	0	0	718	0	0	0	265	0	0	0	0	561	0	0	0	59	0	0	0	0	40	0	0	0	0	0	0	0	0	1264	0	0	0	0	0	0	0	0	4.0e-6	0.0	0.0	0.0	0.00525	0.0	0.0	0.0	0.0	0.000733	0.0	0.0	0.0	0.999267	0.0	0.0	0.0	0.0	
402	3074	6922.28012061	4693.222	4693.222	0.000167	0.0	2670	0	0	0	400	0	0	0	0	0.0	0.0	0.0	0.0	0.086228	0.0	0.0	0.0	0.0	1.78084	0.0	0.0	0.0	6908.58	0.0	0.0	0.0	0.0	0.000667	0.0	0.0	0.0	17.2715	0.0	0.0	0.0	0.0	18	0	0	0	65	0	0	0	0	69	0	0	0	10	0	0	0	0	718	0	0	0	266	0	0	0	0	561	0	0	0	59	0	0	0	0	40	0	0	0	0	0	0	0	0	1264	0	0	0	0	0	0	0	0	4.0e-6	0.0	0.0	0.0	0.004992	0.0	0.0	0.0	0.0	0.00077	0.0	0.0	0.0	0.99923	0.0	0.0	0.0	0.0	
403	3075	6947.607021037	4693.222	4693.222	0.000164	0.0	2670	0	0	0	401	0	0	0	0	0.0	0.0	0.0	0.0	0.081913	0.0	0.0	0.0	0.0	1.78084	0.0	0.0	0.0	6933.91	0.0	0.0	0.0	0.0	0.000667	0.0	0.0	0.0	17.2915	0.0	0.0	0.0	0.0	18	0	0	0	65	0	0	0	0	69	0	0	0	10	0	0	0	0	718	0	0	0	267	0	0	0	0	561	0	0	0	59	0	0	0	0	40	0	0	0	0	0	0	0	0	1264	0	0	0	0	0	0	0	0	4.0e-6	0.0	0.0	0.0	0.004737	0.0	0.0	0.0	0.0	0.000812	0.0	0.0	0.0	0.999188	0.0	0.0	0.0	0.0	
404	3076	7020.793964663	4693.222	4693.222	0.000156	0.0	2670	0	0	0	402	0	0	0	0	0.0	0.0	0.0	0.0	0.077814	0.0	0.0	0.0	0.0	1.78084	0.0	0.0	0.0	7007.1	0.0	0.0	0.0	0.0	0.000667	0.0	0.0	0.0	17.4306	0.0	0.0	0.0	0.0	18	0	0	0	65	0	0	0	0	69	0	0	0	10	0	0	0	0	718	0	0	0	268	0	0	0	0	561	0	0	0	59	0	0	0	0	40	0	0	0	0	0	0	0	0	1264	0	0	0	0	0	0	0	0	4.0e-6	0.0	0.0	0.0	0.004464	0.0	0.0	0.0	0.0	0.000861	0.0	0.0	0.0	0.999139	0.0	0.0	0.0	0.0	
405	3077	7022.97506031	4693.222	4693.222	0.000136	0.0	2670	0	0	0	403	0	0	0	0	0.0	0.0	0.0	0.0	0.07392	0.0	0.0	0.0	0.0	1.78084	0.0	0.0	0.0	7009.28	0.0	0.0	0.0	0.0	0.000667	0.0	0.0	0.0	17.3927	0.0	0.0	0.0	0.0	18	0	0	0	65	0	0	0	0	69	0	0	0	10	0	0	0	0	718	0	0	0	269	0	0	0	0	561	0	0	0	59	0	0	0	0	40	0	0	0	0	0	0	0	0	1264	0	0	0	0	0	0	0	0	4.0e-6	0.0	0.0	0.0	0.00425	0.0	0.0	0.0	0.0	0.000905	0.0	0.0	0.0	0.999095	0.0	0.0	0.0	0.0	
406	3078	7025.152876966	4693.222	4693.222	0.000135	0.0	2670	0	0	0	404	0	0	0	0	0.0	0.0	0.0	0.0	0.07022	0.0	0.0	0.0	0.0	1.78084	0.0	0.0	0.0	7011.45	0.0	0.0	0.0	0.0	0.000667	0.0	0.0	0.0	17.3551	0.0	0.0	0.0	0.0	18	0	0	0	65	0	0	0	0	69	0	0	0	10	0	0	0	0	718	0	0	0	270	0	0	0	0	561	0	0	0	59	0	0	0	0	40	0	0	0	0	0	0	0	0	1264	0	0	0	0	0	0	0	0	4.0e-6	0.0	0.0	0.0	0.004046	0.0	0.0	0.0	0.0	0.00095	0.0	0.0	0.0	0.99905	0.0	0.0	0.0	0.0	
407	3079	7035.989171988	4693.222	4693.222	0.000134	0.0	2670	0	0	0	405	0	0	0	0	0.0	0.0	0.0	0.0	0.066706	0.0	0.0	0.0	0.0	1.78084	0.0	0.0	0.0	7022.29	0.0	0.0	0.0	0.0	0.000667	0.0	0.0	0.0	17.339	0.0	0.0	0.0	0.0	18	0	0	0	65	0	0	0	0	69	0	0	0	10	0	0	0	0	718	0	0	0	271	0	0	0	0	561	0	0	0	59	0	0	0	0	40	0	0	0	0	0	0	0	0	1264	0	0	0	0	0	0	0	0	4.0e-6	0.0	0.0	0.0	0.003847	0.0	0.0	0.0	0.0	0.000999	0.0	0.0	0.0	0.999001	0.0	0.0	0.0	0.0	
408	3080	7041.950906095	4693.222	4693.222	0.000132	0.0	2670	0	0	0	406	0	0	0	0	0.0	0.0	0.0	0.0	0.063367	0.0	0.0	0.0	0.0	1.78084	0.0	0.0	0.0	7028.25	0.0	0.0	0.0	0.0	0.000667	0.0	0.0	0.0	17.311	0.0	0.0	0.0	0.0	18	0	0	0	65	0	0	0	0	69	0	0	0	10	0	0	0	0	718	0	0	0	272	0	0	0	0	561	0	0	0	59	0	0	0	0	40	0	0	0	0	0	0	0	0	1264	0	0	0	0	0	0	0	0	4.0e-6	0.0	0.0	0.0	0.003661	0.0	0.0	0.0	0.0	0.00105	0.0	0.0	0.0	0.99895	0.0	0.0	0.0	0.0	
409	3081	7126.552862114	4693.222	4693.222	0.00013	0.0	2670	0	0	0	407	0	0	0	0	0.0	0.0	0.0	0.0	0.060196	0.0	0.0	0.0	0.0	1.78084	0.0	0.0	0.0	7112.85	0.0	0.0	0.0	0.0	0.000667	0.0	0.0	0.0	17.4763	0.0	0.0	0.0	0.0	18	0	0	0	65	0	0	0	0	69	0	0	0	10	0	0	0	0	718	0	0	0	273	0	0	0	0	561	0	0	0	59	0	0	0	0	40	0	0	0	0	0	0	0	0	1264	0	0	0	0	0	0	0	0	4.0e-6	0.0	0.0	0.0	0.003444	0.0	0.0	0.0	0.0	0.001116	0.0	0.0	0.0	0.998884	0.0	0.0	0.0	0.0	
410	3082	7130.642612531	4693.222	4693.222	0.000111	0.0	2670	0	0	0	408	0	0	0	0	0.0	0.0	0.0	0.0	0.057183	0.0	0.0	0.0	0.0	1.78084	0.0	0.0	0.0	7116.94	0.0	0.0	0.0	0.0	0.000667	0.0	0.0	0.0	17.4435	0.0	0.0	0.0	0.0	18	0	0	0	65	0	0	0	0	69	0	0	0	10	0	0	0	0	718	0	0	0	274	0	0	0	0	561	0	0	0	59	0	0	0	0	40	0	0	0	0	0	0	0	0	1264	0	0	0	0	0	0	0	0	4.0e-6	0.0	0.0	0.0	0.003278	0.0	0.0	0.0	0.0	0.001173	0.0	0.0	0.0	0.998827	0.0	0.0	0.0	0.0	
411	3083	7143.357504331	4693.222	4693.222	0.00011	0.0	2670	0	0	0	409	0	0	0	0	0.0	0.0	0.0	0.0	0.05432	0.0	0.0	0.0	0.0	1.78084	0.0	0.0	0.0	7129.66	0.0	0.0	0.0	0.0	0.000667	0.0	0.0	0.0	17.4319	0.0	0.0	0.0	0.0	18	0	0	0	65	0	0	0	0	69	0	0	0	10	0	0	0	0	718	0	0	0	275	0	0	0	0	561	0	0	0	59	0	0	0	0	40	0	0	0	0	0	0	0	0	1264	0	0	0	0	0	0	0	0	4.0e-6	0.0	0.0	0.0	0.003116	0.0	0.0	0.0	0.0	0.001234	0.0	0.0	0.0	0.998766	0.0	0.0	0.0	0.0	
412	3084	7145.57782468	4693.222	4693.222	0.000107	0.0	2670	0	0	0	410	0	0	0	0	0.0	0.0	0.0	0.0	0.051601	0.0	0.0	0.0	0.0	1.78084	0.0	0.0	0.0	7131.88	0.0	0.0	0.0	0.0	0.000667	0.0	0.0	0.0	17.3948	0.0	0.0	0.0	0.0	18	0	0	0	65	0	0	0	0	69	0	0	0	10	0	0	0	0	718	0	0	0	276	0	0	0	0	561	0	0	0	59	0	0	0	0	40	0	0	0	0	0	0	0	0	1264	0	0	0	0	0	0	0	0	4.0e-6	0.0	0.0	0.0	0.002966	0.0	0.0	0.0	0.0	0.001296	0.0	0.0	0.0	0.998704	0.0	0.0	0.0	0.0	
413	3085	7203.459308933	4687.222	4687.222	0.000107	0.0	2670	0	0	0	411	0	0	0	0	0.0	0.0	0.0	0.0	0.099082	0.0	0.0	0.0	0.0	1.78084	0.0	0.0	0.0	7189.76	0.0	0.0	0.0	0.0	0.000667	0.0	0.0	0.0	17.4933	0.0	0.0	0.0	0.0	18	0	0	0	66	0	0	0	0	69	0	0	0	10	0	0	0	0	718	0	0	0	276	0	0	0	0	561	0	0	0	59	0	0	0	0	40	0	0	0	0	0	0	0	0	1264	0	0	0	0	0	0	0	0	4.0e-6	0.0	0.0	0.0	0.005664	0.0	0.0	0.0	0.0	0.000679	0.0	0.0	0.0	0.999321	0.0	0.0	0.0	0.0	
414	3085	7203.459332506	4687.222	4687.222	9.5e-5	0.0	2670	0	0	0	411	0	0	0	0	0.0	0.0	0.0	0.0	0.099082	0.0	0.0	0.0	0.0	1.78084	0.0	0.0	0.0	7189.76	0.0	0.0	0.0	0.0	0.000667	0.0	0.0	0.0	17.4933	0.0	0.0	0.0	0.0	18	0	0	0	66	0	0	0	0	69	0	0	0	10	0	0	0	0	718	0	0	0	276	0	0	0	0	561	0	0	0	59	0	0	0	0	40	0	0	0	0	0	0	0	0	1264	0	0	0	0	0	0	0	0	4.0e-6	0.0	0.0	0.0	0.005664	0.0	0.0	0.0	0.0	0.000679	0.0	0.0	0.0	0.999321	0.0	0.0	0.0	0.0	
