indexLine	algoIter	time	best obj	current obj	T	probdelta1	nb uses 1	nb uses 2	nb uses 3	nb uses 4	nb uses 5	nb uses 6	nb uses 7	nb uses 8	nb uses 9	score 1	score 2	score 3	score 4	score 5	score 6	score 7	score 8	score 9	duration 1	duration 2	duration 3	duration 4	duration 5	duration 6	duration 7	duration 8	duration 9	avgDuration 1	avgDuration 2	avgDuration 3	avgDuration 4	avgDuration 5	avgDuration 6	avgDuration 7	avgDuration 8	avgDuration 9	sigmas1 1	sigmas1 2	sigmas1 3	sigmas1 4	sigmas1 5	sigmas1 6	sigmas1 7	sigmas1 8	sigmas1 9	sigmas2 1	sigmas2 2	sigmas2 3	sigmas2 4	sigmas2 5	sigmas2 6	sigmas2 7	sigmas2 8	sigmas2 9	sigmas3 1	sigmas3 2	sigmas3 3	sigmas3 4	sigmas3 5	sigmas3 6	sigmas3 7	sigmas3 8	sigmas3 9	sigmas4 1	sigmas4 2	sigmas4 3	sigmas4 4	sigmas4 5	sigmas4 6	sigmas4 7	sigmas4 8	sigmas4 9	sigmas5 1	sigmas5 2	sigmas5 3	sigmas5 4	sigmas5 5	sigmas5 6	sigmas5 7	sigmas5 8	sigmas5 9	sigmas6 1	sigmas6 2	sigmas6 3	sigmas6 4	sigmas6 5	sigmas6 6	sigmas6 7	sigmas6 8	sigmas6 9	weight 1	weight 2	weight 3	weight 4	weight 5	weight 6	weight 7	weight 8	weight 9	proba 1	proba 2	proba 3	proba 4	proba 5	proba 6	proba 7	proba 8	proba 9	
1	2	38.525081281	3413.15	3413.15	100.0	0.99005	0	0	0	0	0	0	0	0	0	0.0	0.0	0.0	0.0	0.0	0.0	0.0	0.0	0.0	0.0	0.0	0.0	0.0	0.0	0.0	0.0	0.0	0.0	0.0	0.0	0.0	0.0	0.0	0.0	0.0	0.0	0.0	0	0	0	0	0	0	0	0	0	0	0	0	0	0	0	0	0	0	0	0	0	0	0	0	0	0	0	0	0	0	0	0	0	0	0	0	0	0	0	0	0	0	0	0	0	0	0	0	0	0	0	0	0	0	0.0	0.0	0.0	0.0	0.0	0.0	0.0	0.0	0.0	0.0	0.0	0.0	0.0	0.0	0.0	0.0	0.0	0.0	
2	4	218.576797013	3192.55	3192.55	100.0	0.99005	0	0	0	0	0	0	0	0	0	1.0	0.0	0.0	0.0	1.0	0.0	0.0	0.0	0.0	0.0	0.0	0.0	0.0	0.0	0.0	0.0	0.0	0.0	0.000223	0.0	0.0	0.0	180.051	0.0	0.0	0.0	0.0	0	0	0	0	0	0	0	0	0	0	0	0	0	0	0	0	0	0	0	0	0	0	0	0	0	0	0	0	0	0	0	0	0	0	0	0	0	0	0	0	0	0	0	0	0	0	0	0	0	0	0	0	0	0	4479.52	0.0	0.0	0.0	0.005554	0.0	0.0	0.0	0.0	0.0	0.0	0.0	0.0	0.0	0.0	0.0	0.0	0.0	
3	139	398.647970441	3119.15	3119.15	65.681	0.98489	134	0	0	0	1	0	0	0	0	0.00153	0.0	0.0	0.0	1.0	0.0	0.0	0.0	0.0	0.026486	0.0	0.0	0.0	180.045	0.0	0.0	0.0	0.0	0.000198	0.0	0.0	0.0	180.045	0.0	0.0	0.0	0.0	2	0	0	0	1	0	0	0	0	5	0	0	0	0	0	0	0	0	63	0	0	0	0	0	0	0	0	10	0	0	0	0	0	0	0	0	5	0	0	0	0	0	0	0	0	49	0	0	0	0	0	0	0	0	7.73864	0.0	0.0	0.0	0.005554	0.0	0.0	0.0	0.0	0.999283	0.0	0.0	0.0	0.000717	0.0	0.0	0.0	0.0	
4	863	579.229772525	3119.15	3196.0	46.4077	0.978682	857	0	0	0	2	0	0	0	0	0.000823	0.0	0.0	0.0	0.9005	0.0	0.0	0.0	0.0	0.612881	0.0	0.0	0.0	360.04	0.0	0.0	0.0	0.0	0.000715	0.0	0.0	0.0	180.02	0.0	0.0	0.0	0.0	2	0	0	0	1	0	0	0	0	95	0	0	0	1	0	0	0	0	523	0	0	0	0	0	0	0	0	69	0	0	0	0	0	0	0	0	13	0	0	0	0	0	0	0	0	155	0	0	0	0	0	0	0	0	1.15078	0.0	0.0	0.0	0.005002	0.0	0.0	0.0	0.0	0.995672	0.0	0.0	0.0	0.004328	0.0	0.0	0.0	0.0	
5	883	587.039621815	2971.15	2971.15	32.8299	0.969999	876	0	0	0	3	0	0	0	0	0.000444	0.0	0.0	0.0	0.91045	0.0	0.0	0.0	0.0	0.616797	0.0	0.0	0.0	367.846	0.0	0.0	0.0	0.0	0.000704	0.0	0.0	0.0	122.615	0.0	0.0	0.0	0.0	2	0	0	0	2	0	0	0	0	96	0	0	0	1	0	0	0	0	534	0	0	0	0	0	0	0	0	72	0	0	0	0	0	0	0	0	13	0	0	0	0	0	0	0	0	159	0	0	0	0	0	0	0	0	0.630921	0.0	0.0	0.0	0.007425	0.0	0.0	0.0	0.0	0.988368	0.0	0.0	0.0	0.011632	0.0	0.0	0.0	0.0	
6	1161	616.189004758	2952.85	2952.85	32.3367	0.969549	1153	0	0	0	4	0	0	0	0	0.000217	0.0	0.0	0.0	0.919405	0.0	0.0	0.0	0.0	0.682378	0.0	0.0	0.0	396.929	0.0	0.0	0.0	0.0	0.000592	0.0	0.0	0.0	99.2323	0.0	0.0	0.0	0.0	5	0	0	0	3	0	0	0	0	108	0	0	0	1	0	0	0	0	690	0	0	0	0	0	0	0	0	95	0	0	0	0	0	0	0	0	21	0	0	0	0	0	0	0	0	234	0	0	0	0	0	0	0	0	0.365926	0.0	0.0	0.0	0.009265	0.0	0.0	0.0	0.0	0.975305	0.0	0.0	0.0	0.024694	0.0	0.0	0.0	0.0	
7	1242	622.074757279	2930.55	2930.55	30.577	0.967825	1233	0	0	0	5	0	0	0	0	0.00022	0.0	0.0	0.0	0.927464	0.0	0.0	0.0	0.0	0.697453	0.0	0.0	0.0	402.8	0.0	0.0	0.0	0.0	0.000566	0.0	0.0	0.0	80.56	0.0	0.0	0.0	0.0	5	0	0	0	4	0	0	0	0	114	0	0	0	1	0	0	0	0	730	0	0	0	0	0	0	0	0	104	0	0	0	0	0	0	0	0	23	0	0	0	0	0	0	0	0	257	0	0	0	0	0	0	0	0	0.389234	0.0	0.0	0.0	0.011513	0.0	0.0	0.0	0.0	0.971272	0.0	0.0	0.0	0.028728	0.0	0.0	0.0	0.0	
8	1369	635.880728183	2930.0700000000006	2947.75	30.2319	0.967463	1359	0	0	0	6	0	0	0	0	0.000212	0.0	0.0	0.0	0.835218	0.0	0.0	0.0	0.0	0.729116	0.0	0.0	0.0	416.574	0.0	0.0	0.0	0.0	0.000537	0.0	0.0	0.0	69.429	0.0	0.0	0.0	0.0	6	0	0	0	4	0	0	0	0	117	0	0	0	2	0	0	0	0	793	0	0	0	0	0	0	0	0	119	0	0	0	0	0	0	0	0	29	0	0	0	0	0	0	0	0	295	0	0	0	0	0	0	0	0	0.394733	0.0	0.0	0.0	0.01203	0.0	0.0	0.0	0.0	0.970425	0.0	0.0	0.0	0.029574	0.0	0.0	0.0	0.0	
9	1388	644.215968643	2871.75	2871.75	29.4414	0.966605	1377	0	0	0	7	0	0	0	0	0.000207	0.0	0.0	0.0	0.851696	0.0	0.0	0.0	0.0	0.732589	0.0	0.0	0.0	424.906	0.0	0.0	0.0	0.0	0.000532	0.0	0.0	0.0	60.7008	0.0	0.0	0.0	0.0	6	0	0	0	5	0	0	0	0	118	0	0	0	2	0	0	0	0	798	0	0	0	0	0	0	0	0	120	0	0	0	0	0	0	0	0	32	0	0	0	0	0	0	0	0	303	0	0	0	0	0	0	0	0	0.388181	0.0	0.0	0.0	0.014031	0.0	0.0	0.0	0.0	0.965115	0.0	0.0	0.0	0.034885	0.0	0.0	0.0	0.0	
10	1482	796.310575669	2829.75	2829.75	28.9721	0.966073	1470	0	0	0	8	0	0	0	0	0.000724	0.0	0.0	0.0	0.866527	0.0	0.0	0.0	0.0	0.758308	0.0	0.0	0.0	576.975	0.0	0.0	0.0	0.0	0.000516	0.0	0.0	0.0	72.1218	0.0	0.0	0.0	0.0	7	0	0	0	6	0	0	0	0	123	0	0	0	2	0	0	0	0	835	0	0	0	0	0	0	0	0	133	0	0	0	0	0	0	0	0	36	0	0	0	0	0	0	0	0	336	0	0	0	0	0	0	0	0	1.40326	0.0	0.0	0.0	0.012015	0.0	0.0	0.0	0.0	0.991511	0.0	0.0	0.0	0.008489	0.0	0.0	0.0	0.0	
11	1636	804.209302781	2807.1899999999996	2928.75	21.6248	0.95481	1623	0	0	0	9	0	0	0	0	0.00032	0.0	0.0	0.0	0.780374	0.0	0.0	0.0	0.0	0.794826	0.0	0.0	0.0	584.837	0.0	0.0	0.0	0.0	0.00049	0.0	0.0	0.0	64.9819	0.0	0.0	0.0	0.0	12	0	0	0	6	0	0	0	0	124	0	0	0	3	0	0	0	0	905	0	0	0	0	0	0	0	0	158	0	0	0	0	0	0	0	0	41	0	0	0	0	0	0	0	0	383	0	0	0	0	0	0	0	0	0.653303	0.0	0.0	0.0	0.012009	0.0	0.0	0.0	0.0	0.98195	0.0	0.0	0.0	0.01805	0.0	0.0	0.0	0.0	
12	1689	984.264755271	2807.1899999999996	2864.35	21.2998	0.954136	1675	0	0	0	10	0	0	0	0	5.2e-5	0.0	0.0	0.0	0.702837	0.0	0.0	0.0	0.0	0.809106	0.0	0.0	0.0	764.878	0.0	0.0	0.0	0.0	0.000483	0.0	0.0	0.0	76.4878	0.0	0.0	0.0	0.0	12	0	0	0	6	0	0	0	0	125	0	0	0	4	0	0	0	0	926	0	0	0	0	0	0	0	0	163	0	0	0	0	0	0	0	0	41	0	0	0	0	0	0	0	0	408	0	0	0	0	0	0	0	0	0.107225	0.0	0.0	0.0	0.009189	0.0	0.0	0.0	0.0	0.921067	0.0	0.0	0.0	0.078933	0.0	0.0	0.0	0.0	
13	1696	990.700070107	2807.1899999999996	2901.95	15.0667	0.935783	1681	0	0	0	11	0	0	0	0	0.000285	0.0	0.0	0.0	0.633053	0.0	0.0	0.0	0.0	0.810693	0.0	0.0	0.0	771.312	0.0	0.0	0.0	0.0	0.000482	0.0	0.0	0.0	70.1192	0.0	0.0	0.0	0.0	12	0	0	0	6	0	0	0	0	126	0	0	0	5	0	0	0	0	929	0	0	0	0	0	0	0	0	164	0	0	0	0	0	0	0	0	41	0	0	0	0	0	0	0	0	409	0	0	0	0	0	0	0	0	0.591764	0.0	0.0	0.0	0.009028	0.0	0.0	0.0	0.0	0.984973	0.0	0.0	0.0	0.015027	0.0	0.0	0.0	0.0	
14	1698	1028.142053763	2807.1899999999996	2853.0	14.8814	0.93501	1682	0	0	0	12	0	0	0	0	0.000271	0.0	0.0	0.0	0.570248	0.0	0.0	0.0	0.0	0.811089	0.0	0.0	0.0	808.753	0.0	0.0	0.0	0.0	0.000482	0.0	0.0	0.0	67.3961	0.0	0.0	0.0	0.0	12	0	0	0	6	0	0	0	0	126	0	0	0	6	0	0	0	0	930	0	0	0	0	0	0	0	0	164	0	0	0	0	0	0	0	0	41	0	0	0	0	0	0	0	0	409	0	0	0	0	0	0	0	0	0.561784	0.0	0.0	0.0	0.008461	0.0	0.0	0.0	0.0	0.985162	0.0	0.0	0.0	0.014838	0.0	0.0	0.0	0.0	
15	1750	1030.03873735	2807.1899999999996	2864.5	13.8474	0.93033	1733	0	0	0	13	0	0	0	0	0.000507	0.0	0.0	0.0	0.513723	0.0	0.0	0.0	0.0	0.820955	0.0	0.0	0.0	810.64	0.0	0.0	0.0	0.0	0.000474	0.0	0.0	0.0	62.3569	0.0	0.0	0.0	0.0	12	0	0	0	6	0	0	0	0	131	0	0	0	7	0	0	0	0	948	0	0	0	0	0	0	0	0	172	0	0	0	0	0	0	0	0	41	0	0	0	0	0	0	0	0	429	0	0	0	0	0	0	0	0	1.07025	0.0	0.0	0.0	0.008238	0.0	0.0	0.0	0.0	0.992361	0.0	0.0	0.0	0.007639	0.0	0.0	0.0	0.0	
16	1751	1033.509235707	2807.1899999999996	2818.35	13.7972	0.930086	1733	0	0	0	14	0	0	0	0	0.000507	0.0	0.0	0.0	0.462851	0.0	0.0	0.0	0.0	0.820955	0.0	0.0	0.0	814.11	0.0	0.0	0.0	0.0	0.000474	0.0	0.0	0.0	58.1507	0.0	0.0	0.0	0.0	12	0	0	0	6	0	0	0	0	131	0	0	0	8	0	0	0	0	948	0	0	0	0	0	0	0	0	172	0	0	0	0	0	0	0	0	41	0	0	0	0	0	0	0	0	429	0	0	0	0	0	0	0	0	1.07025	0.0	0.0	0.0	0.00796	0.0	0.0	0.0	0.0	0.992618	0.0	0.0	0.0	0.007382	0.0	0.0	0.0	0.0	
17	1941	1065.505606067	2790.15	2854.5	13.7043	0.929629	1922	0	0	0	15	0	0	0	0	6.6e-5	0.0	0.0	0.0	0.417066	0.0	0.0	0.0	0.0	0.865454	0.0	0.0	0.0	846.062	0.0	0.0	0.0	0.0	0.00045	0.0	0.0	0.0	56.4041	0.0	0.0	0.0	0.0	14	0	0	0	6	0	0	0	0	136	0	0	0	9	0	0	0	0	1003	0	0	0	0	0	0	0	0	210	0	0	0	0	0	0	0	0	41	0	0	0	0	0	0	0	0	518	0	0	0	0	0	0	0	0	0.147135	0.0	0.0	0.0	0.007394	0.0	0.0	0.0	0.0	0.95215	0.0	0.0	0.0	0.04785	0.0	0.0	0.0	0.0	
18	1952	1068.949881933	2790.15	2853.0	12.8876	0.92534	1932	0	0	0	16	0	0	0	0	3.8e-5	0.0	0.0	0.0	0.375859	0.0	0.0	0.0	0.0	0.867324	0.0	0.0	0.0	849.505	0.0	0.0	0.0	0.0	0.000449	0.0	0.0	0.0	53.094	0.0	0.0	0.0	0.0	14	0	0	0	6	0	0	0	0	136	0	0	0	10	0	0	0	0	1005	0	0	0	0	0	0	0	0	211	0	0	0	0	0	0	0	0	41	0	0	0	0	0	0	0	0	525	0	0	0	0	0	0	0	0	0.085393	0.0	0.0	0.0	0.007079	0.0	0.0	0.0	0.0	0.923446	0.0	0.0	0.0	0.076554	0.0	0.0	0.0	0.0	
19	1955	1083.506835531	2790.15	2819.9	12.8025	0.924863	1934	0	0	0	17	0	0	0	0	3.4e-5	0.0	0.0	0.0	0.338773	0.0	0.0	0.0	0.0	0.867807	0.0	0.0	0.0	864.061	0.0	0.0	0.0	0.0	0.000449	0.0	0.0	0.0	50.8271	0.0	0.0	0.0	0.0	14	0	0	0	6	0	0	0	0	136	0	0	0	11	0	0	0	0	1005	0	0	0	0	0	0	0	0	212	0	0	0	0	0	0	0	0	41	0	0	0	0	0	0	0	0	526	0	0	0	0	0	0	0	0	0.076414	0.0	0.0	0.0	0.006665	0.0	0.0	0.0	0.0	0.919773	0.0	0.0	0.0	0.080228	0.0	0.0	0.0	0.0	
20	1972	1172.663831539	2675.55	2675.55	12.4265	0.92268	1949	0	0	0	19	0	0	0	0	1.4e-5	0.0	0.0	0.0	0.374856	0.0	0.0	0.0	0.0	0.870908	0.0	0.0	0.0	953.215	0.0	0.0	0.0	0.0	0.000447	0.0	0.0	0.0	50.1692	0.0	0.0	0.0	0.0	14	0	0	0	7	0	0	0	0	136	0	0	0	12	0	0	0	0	1010	0	0	0	0	0	0	0	0	215	0	0	0	0	0	0	0	0	41	0	0	0	0	0	0	0	0	533	0	0	0	0	0	0	0	0	0.032103	0.0	0.0	0.0	0.007472	0.0	0.0	0.0	0.0	0.811197	0.0	0.0	0.0	0.188803	0.0	0.0	0.0	0.0	
21	2170	1198.704790587	2672.08	2675.05	10.4868	0.909048	2146	0	0	0	20	0	0	0	0	0.00023	0.0	0.0	0.0	0.337871	0.0	0.0	0.0	0.0	0.917292	0.0	0.0	0.0	979.209	0.0	0.0	0.0	0.0	0.000427	0.0	0.0	0.0	48.9605	0.0	0.0	0.0	0.0	16	0	0	0	7	0	0	0	0	141	0	0	0	13	0	0	0	0	1072	0	0	0	0	0	0	0	0	244	0	0	0	0	0	0	0	0	44	0	0	0	0	0	0	0	0	629	0	0	0	0	0	0	0	0	0.538832	0.0	0.0	0.0	0.006901	0.0	0.0	0.0	0.0	0.987355	0.0	0.0	0.0	0.012645	0.0	0.0	0.0	0.0	
22	2179	1206.960557887	2666.05	2666.05	9.97547	0.904615	2154	0	0	0	21	0	0	0	0	0.000152	0.0	0.0	0.0	0.404084	0.0	0.0	0.0	0.0	0.919302	0.0	0.0	0.0	987.463	0.0	0.0	0.0	0.0	0.000427	0.0	0.0	0.0	47.022	0.0	0.0	0.0	0.0	16	0	0	0	8	0	0	0	0	141	0	0	0	13	0	0	0	0	1077	0	0	0	0	0	0	0	0	246	0	0	0	0	0	0	0	0	44	0	0	0	0	0	0	0	0	630	0	0	0	0	0	0	0	0	0.355701	0.0	0.0	0.0	0.008593	0.0	0.0	0.0	0.0	0.976411	0.0	0.0	0.0	0.023589	0.0	0.0	0.0	0.0	
23	2209	1231.524896565	2618.8	2618.8	9.81829	0.903164	2183	0	0	0	22	0	0	0	0	3.1e-5	0.0	0.0	0.0	0.463675	0.0	0.0	0.0	0.0	0.924538	0.0	0.0	0.0	1012.02	0.0	0.0	0.0	0.0	0.000424	0.0	0.0	0.0	46.001	0.0	0.0	0.0	0.0	16	0	0	0	9	0	0	0	0	141	0	0	0	13	0	0	0	0	1087	0	0	0	0	0	0	0	0	249	0	0	0	0	0	0	0	0	45	0	0	0	0	0	0	0	0	645	0	0	0	0	0	0	0	0	0.074319	0.0	0.0	0.0	0.01008	0.0	0.0	0.0	0.0	0.88057	0.0	0.0	0.0	0.11943	0.0	0.0	0.0	0.0	
24	2214	1246.801566184	2617.65	2617.65	9.36538	0.898727	2187	0	0	0	23	0	0	0	0	2.5e-5	0.0	0.0	0.0	0.517308	0.0	0.0	0.0	0.0	0.925371	0.0	0.0	0.0	1027.3	0.0	0.0	0.0	0.0	0.000423	0.0	0.0	0.0	44.6651	0.0	0.0	0.0	0.0	16	0	0	0	10	0	0	0	0	141	0	0	0	13	0	0	0	0	1087	0	0	0	0	0	0	0	0	250	0	0	0	0	0	0	0	0	45	0	0	0	0	0	0	0	0	648	0	0	0	0	0	0	0	0	0.058719	0.0	0.0	0.0	0.011582	0.0	0.0	0.0	0.0	0.835252	0.0	0.0	0.0	0.164748	0.0	0.0	0.0	0.0	
25	2219	1252.852129523	2617.65	2620.65	9.09426	0.89587	2191	0	0	0	24	0	0	0	0	1.9e-5	0.0	0.0	0.0	0.466077	0.0	0.0	0.0	0.0	0.926445	0.0	0.0	0.0	1033.35	0.0	0.0	0.0	0.0	0.000423	0.0	0.0	0.0	43.0561	0.0	0.0	0.0	0.0	16	0	0	0	10	0	0	0	0	141	0	0	0	14	0	0	0	0	1090	0	0	0	0	0	0	0	0	251	0	0	0	0	0	0	0	0	45	0	0	0	0	0	0	0	0	648	0	0	0	0	0	0	0	0	0.045713	0.0	0.0	0.0	0.010825	0.0	0.0	0.0	0.0	0.808539	0.0	0.0	0.0	0.191461	0.0	0.0	0.0	0.0	
26	2220	1332.473057732	2617.65	2619.05	8.98908	0.894719	2191	0	0	0	25	0	0	0	0	1.9e-5	0.0	0.0	0.0	0.419969	0.0	0.0	0.0	0.0	0.926445	0.0	0.0	0.0	1112.97	0.0	0.0	0.0	0.0	0.000423	0.0	0.0	0.0	44.5187	0.0	0.0	0.0	0.0	16	0	0	0	10	0	0	0	0	141	0	0	0	15	0	0	0	0	1090	0	0	0	0	0	0	0	0	251	0	0	0	0	0	0	0	0	45	0	0	0	0	0	0	0	0	648	0	0	0	0	0	0	0	0	0.045713	0.0	0.0	0.0	0.009434	0.0	0.0	0.0	0.0	0.828938	0.0	0.0	0.0	0.171062	0.0	0.0	0.0	0.0	
27	2229	1380.883037128	2539.5	2539.5	7.71295	0.878401	2199	0	0	0	26	0	0	0	0	1.1e-5	0.0	0.0	0.0	0.477972	0.0	0.0	0.0	0.0	0.928187	0.0	0.0	0.0	1161.38	0.0	0.0	0.0	0.0	0.000422	0.0	0.0	0.0	44.6683	0.0	0.0	0.0	0.0	16	0	0	0	11	0	0	0	0	141	0	0	0	15	0	0	0	0	1091	0	0	0	0	0	0	0	0	254	0	0	0	0	0	0	0	0	45	0	0	0	0	0	0	0	0	652	0	0	0	0	0	0	0	0	0.027203	0.0	0.0	0.0	0.0107	0.0	0.0	0.0	0.0	0.717694	0.0	0.0	0.0	0.282306	0.0	0.0	0.0	0.0	
28	2230	1473.58345116	2533.5	2533.5	7.02739	0.867361	2199	0	0	0	27	0	0	0	0	1.1e-5	0.0	0.0	0.0	0.530175	0.0	0.0	0.0	0.0	0.928187	0.0	0.0	0.0	1254.08	0.0	0.0	0.0	0.0	0.000422	0.0	0.0	0.0	46.4473	0.0	0.0	0.0	0.0	16	0	0	0	12	0	0	0	0	141	0	0	0	15	0	0	0	0	1091	0	0	0	0	0	0	0	0	254	0	0	0	0	0	0	0	0	45	0	0	0	0	0	0	0	0	652	0	0	0	0	0	0	0	0	0.027203	0.0	0.0	0.0	0.011415	0.0	0.0	0.0	0.0	0.704423	0.0	0.0	0.0	0.295577	0.0	0.0	0.0	0.0	
29	2379	1498.27715466	2526.5	2543.0	5.87962	0.843598	2347	0	0	0	28	0	0	0	0	6.0e-5	0.0	0.0	0.0	0.477658	0.0	0.0	0.0	0.0	0.96239	0.0	0.0	0.0	1278.74	0.0	0.0	0.0	0.0	0.00041	0.0	0.0	0.0	45.6692	0.0	0.0	0.0	0.0	17	0	0	0	12	0	0	0	0	142	0	0	0	16	0	0	0	0	1133	0	0	0	0	0	0	0	0	280	0	0	0	0	0	0	0	0	48	0	0	0	0	0	0	0	0	727	0	0	0	0	0	0	0	0	0.145155	0.0	0.0	0.0	0.010459	0.0	0.0	0.0	0.0	0.932788	0.0	0.0	0.0	0.067212	0.0	0.0	0.0	0.0	
30	2381	1499.714788104	2526.5	2541.5	5.60731	0.836659	2348	0	0	0	29	0	0	0	0	5.6e-5	0.0	0.0	0.0	0.430392	0.0	0.0	0.0	0.0	0.962928	0.0	0.0	0.0	1280.17	0.0	0.0	0.0	0.0	0.00041	0.0	0.0	0.0	44.1439	0.0	0.0	0.0	0.0	17	0	0	0	12	0	0	0	0	142	0	0	0	17	0	0	0	0	1133	0	0	0	0	0	0	0	0	280	0	0	0	0	0	0	0	0	49	0	0	0	0	0	0	0	0	727	0	0	0	0	0	0	0	0	0.137356	0.0	0.0	0.0	0.00975	0.0	0.0	0.0	0.0	0.933723	0.0	0.0	0.0	0.066277	0.0	0.0	0.0	0.0	
31	2386	1523.19263349	2526.5	2537.0	5.59183	0.836246	2352	0	0	0	30	0	0	0	0	4.5e-5	0.0	0.0	0.0	0.387853	0.0	0.0	0.0	0.0	0.963614	0.0	0.0	0.0	1303.65	0.0	0.0	0.0	0.0	0.00041	0.0	0.0	0.0	43.455	0.0	0.0	0.0	0.0	17	0	0	0	12	0	0	0	0	142	0	0	0	18	0	0	0	0	1134	0	0	0	0	0	0	0	0	280	0	0	0	0	0	0	0	0	49	0	0	0	0	0	0	0	0	730	0	0	0	0	0	0	0	0	0.11018	0.0	0.0	0.0	0.008925	0.0	0.0	0.0	0.0	0.925063	0.0	0.0	0.0	0.074937	0.0	0.0	0.0	0.0	
32	2405	1548.110203664	2526.5	2532.5	5.34496	0.829367	2370	0	0	0	31	0	0	0	0	1.6e-5	0.0	0.0	0.0	0.349567	0.0	0.0	0.0	0.0	0.967323	0.0	0.0	0.0	1328.56	0.0	0.0	0.0	0.0	0.000408	0.0	0.0	0.0	42.8569	0.0	0.0	0.0	0.0	17	0	0	0	12	0	0	0	0	142	0	0	0	19	0	0	0	0	1140	0	0	0	0	0	0	0	0	285	0	0	0	0	0	0	0	0	49	0	0	0	0	0	0	0	0	737	0	0	0	0	0	0	0	0	0.038547	0.0	0.0	0.0	0.008157	0.0	0.0	0.0	0.0	0.825352	0.0	0.0	0.0	0.174648	0.0	0.0	0.0	0.0	
33	2409	1567.083471534	2526.5	2532.5	5.09493	0.821787	2373	0	0	0	32	0	0	0	0	1.3e-5	0.0	0.0	0.0	0.314611	0.0	0.0	0.0	0.0	0.96824	0.0	0.0	0.0	1347.54	0.0	0.0	0.0	0.0	0.000408	0.0	0.0	0.0	42.1105	0.0	0.0	0.0	0.0	17	0	0	0	12	0	0	0	0	142	0	0	0	19	0	0	0	0	1141	0	0	0	1	0	0	0	0	285	0	0	0	0	0	0	0	0	50	0	0	0	0	0	0	0	0	738	0	0	0	0	0	0	0	0	0.031897	0.0	0.0	0.0	0.007471	0.0	0.0	0.0	0.0	0.810227	0.0	0.0	0.0	0.189773	0.0	0.0	0.0	0.0	
34	2463	1600.887677733	2526.5	2550.5	4.91231	0.815813	2426	0	0	0	33	0	0	0	0	1.9e-5	0.0	0.0	0.0	0.28365	0.0	0.0	0.0	0.0	0.977682	0.0	0.0	0.0	1381.33	0.0	0.0	0.0	0.0	0.000403	0.0	0.0	0.0	41.8585	0.0	0.0	0.0	0.0	17	0	0	0	12	0	0	0	0	143	0	0	0	20	0	0	0	0	1154	0	0	0	1	0	0	0	0	296	0	0	0	0	0	0	0	0	50	0	0	0	0	0	0	0	0	766	0	0	0	0	0	0	0	0	0.048301	0.0	0.0	0.0	0.006776	0.0	0.0	0.0	0.0	0.876967	0.0	0.0	0.0	0.123033	0.0	0.0	0.0	0.0	
35	2472	1706.94647084	2526.5	2544.0	4.60322	0.804737	2434	0	0	0	34	0	0	0	0	1.2e-5	0.0	0.0	0.0	0.255785	0.0	0.0	0.0	0.0	0.979253	0.0	0.0	0.0	1487.39	0.0	0.0	0.0	0.0	0.000402	0.0	0.0	0.0	43.7467	0.0	0.0	0.0	0.0	17	0	0	0	12	0	0	0	0	143	0	0	0	21	0	0	0	0	1155	0	0	0	1	0	0	0	0	298	0	0	0	0	0	0	0	0	50	0	0	0	0	0	0	0	0	771	0	0	0	0	0	0	0	0	0.029816	0.0	0.0	0.0	0.005847	0.0	0.0	0.0	0.0	0.836051	0.0	0.0	0.0	0.163949	0.0	0.0	0.0	0.0	
36	2475	1762.690841166	2526.5	2544.0	3.75397	0.766144	2436	0	0	0	35	0	0	0	0	1.1e-5	0.0	0.0	0.0	0.230206	0.0	0.0	0.0	0.0	0.979639	0.0	0.0	0.0	1543.13	0.0	0.0	0.0	0.0	0.000402	0.0	0.0	0.0	44.0895	0.0	0.0	0.0	0.0	17	0	0	0	12	0	0	0	0	143	0	0	0	21	0	0	0	0	1155	0	0	0	2	0	0	0	0	298	0	0	0	0	0	0	0	0	50	0	0	0	0	0	0	0	0	773	0	0	0	0	0	0	0	0	0.02635	0.0	0.0	0.0	0.005221	0.0	0.0	0.0	0.0	0.83462	0.0	0.0	0.0	0.16538	0.0	0.0	0.0	0.0	
37	2478	1767.422235432	2526.5	2528.0	3.37239	0.743396	2438	0	0	0	36	0	0	0	0	9.0e-6	0.0	0.0	0.0	0.207686	0.0	0.0	0.0	0.0	0.980027	0.0	0.0	0.0	1547.86	0.0	0.0	0.0	0.0	0.000402	0.0	0.0	0.0	42.9962	0.0	0.0	0.0	0.0	17	0	0	0	12	0	0	0	0	143	0	0	0	22	0	0	0	0	1155	0	0	0	2	0	0	0	0	298	0	0	0	0	0	0	0	0	50	0	0	0	0	0	0	0	0	775	0	0	0	0	0	0	0	0	0.023282	0.0	0.0	0.0	0.00483	0.0	0.0	0.0	0.0	0.828178	0.0	0.0	0.0	0.171822	0.0	0.0	0.0	0.0	
38	2479	1780.401431775	2524.5	2524.5	3.34184	0.741384	2438	0	0	0	37	0	0	0	0	9.0e-6	0.0	0.0	0.0	0.286917	0.0	0.0	0.0	0.0	0.980027	0.0	0.0	0.0	1560.84	0.0	0.0	0.0	0.0	0.000402	0.0	0.0	0.0	42.1849	0.0	0.0	0.0	0.0	17	0	0	0	13	0	0	0	0	143	0	0	0	22	0	0	0	0	1155	0	0	0	2	0	0	0	0	298	0	0	0	0	0	0	0	0	50	0	0	0	0	0	0	0	0	775	0	0	0	0	0	0	0	0	0.023282	0.0	0.0	0.0	0.006801	0.0	0.0	0.0	0.0	0.773915	0.0	0.0	0.0	0.226085	0.0	0.0	0.0	0.0	
39	2481	1784.741212554	2506.0	2506.0	3.25947	0.735799	2439	0	0	0	38	0	0	0	0	9.0e-6	0.0	0.0	0.0	0.358225	0.0	0.0	0.0	0.0	0.980291	0.0	0.0	0.0	1565.18	0.0	0.0	0.0	0.0	0.000402	0.0	0.0	0.0	41.189	0.0	0.0	0.0	0.0	17	0	0	0	14	0	0	0	0	143	0	0	0	22	0	0	0	0	1155	0	0	0	2	0	0	0	0	298	0	0	0	0	0	0	0	0	50	0	0	0	0	0	0	0	0	776	0	0	0	0	0	0	0	0	0.021781	0.0	0.0	0.0	0.008697	0.0	0.0	0.0	0.0	0.714643	0.0	0.0	0.0	0.285357	0.0	0.0	0.0	0.0	
40	2482	1792.23032638	2506.0	2506.0	3.23238	0.73391	2439	0	0	0	39	0	0	0	0	9.0e-6	0.0	0.0	0.0	0.322403	0.0	0.0	0.0	0.0	0.980291	0.0	0.0	0.0	1572.67	0.0	0.0	0.0	0.0	0.000402	0.0	0.0	0.0	40.3249	0.0	0.0	0.0	0.0	17	0	0	0	14	0	0	0	0	143	0	0	0	22	0	0	0	0	1155	0	0	0	3	0	0	0	0	298	0	0	0	0	0	0	0	0	50	0	0	0	0	0	0	0	0	776	0	0	0	0	0	0	0	0	0.021781	0.0	0.0	0.0	0.007995	0.0	0.0	0.0	0.0	0.731491	0.0	0.0	0.0	0.268509	0.0	0.0	0.0	0.0	
41	2483	1806.497806174	2497.0	2497.0	3.18617	0.730624	2439	0	0	0	40	0	0	0	0	9.0e-6	0.0	0.0	0.0	0.390162	0.0	0.0	0.0	0.0	0.980291	0.0	0.0	0.0	1586.94	0.0	0.0	0.0	0.0	0.000402	0.0	0.0	0.0	39.6735	0.0	0.0	0.0	0.0	17	0	0	0	15	0	0	0	0	143	0	0	0	22	0	0	0	0	1155	0	0	0	3	0	0	0	0	298	0	0	0	0	0	0	0	0	50	0	0	0	0	0	0	0	0	776	0	0	0	0	0	0	0	0	0.021781	0.0	0.0	0.0	0.009834	0.0	0.0	0.0	0.0	0.688937	0.0	0.0	0.0	0.311063	0.0	0.0	0.0	0.0	
42	2488	1822.40554566	2497.0	2497.0	3.09993	0.724273	2443	0	0	0	41	0	0	0	0	6.0e-6	0.0	0.0	0.0	0.351146	0.0	0.0	0.0	0.0	0.981272	0.0	0.0	0.0	1602.85	0.0	0.0	0.0	0.0	0.000402	0.0	0.0	0.0	39.0938	0.0	0.0	0.0	0.0	17	0	0	0	15	0	0	0	0	143	0	0	0	22	0	0	0	0	1157	0	0	0	4	0	0	0	0	298	0	0	0	0	0	0	0	0	50	0	0	0	0	0	0	0	0	778	0	0	0	0	0	0	0	0	0.015931	0.0	0.0	0.0	0.008982	0.0	0.0	0.0	0.0	0.639461	0.0	0.0	0.0	0.360539	0.0	0.0	0.0	0.0	
43	2489	1847.36929137	2490.25	2490.25	3.00655	0.717052	2443	0	0	0	42	0	0	0	0	6.0e-6	0.0	0.0	0.0	0.416032	0.0	0.0	0.0	0.0	0.981272	0.0	0.0	0.0	1627.81	0.0	0.0	0.0	0.0	0.000402	0.0	0.0	0.0	38.7574	0.0	0.0	0.0	0.0	17	0	0	0	16	0	0	0	0	143	0	0	0	22	0	0	0	0	1157	0	0	0	4	0	0	0	0	298	0	0	0	0	0	0	0	0	50	0	0	0	0	0	0	0	0	778	0	0	0	0	0	0	0	0	0.015931	0.0	0.0	0.0	0.010734	0.0	0.0	0.0	0.0	0.597443	0.0	0.0	0.0	0.402557	0.0	0.0	0.0	0.0	
44	2493	1859.276116668	2490.25	2490.25	2.86563	0.705419	2446	0	0	0	43	0	0	0	0	5.0e-6	0.0	0.0	0.0	0.374428	0.0	0.0	0.0	0.0	0.98202	0.0	0.0	0.0	1639.72	0.0	0.0	0.0	0.0	0.000401	0.0	0.0	0.0	38.1329	0.0	0.0	0.0	0.0	17	0	0	0	16	0	0	0	0	143	0	0	0	22	0	0	0	0	1157	0	0	0	5	0	0	0	0	299	0	0	0	0	0	0	0	0	50	0	0	0	0	0	0	0	0	780	0	0	0	0	0	0	0	0	0.012134	0.0	0.0	0.0	0.009819	0.0	0.0	0.0	0.0	0.55272	0.0	0.0	0.0	0.44728	0.0	0.0	0.0	0.0	
45	2494	1867.403051898	2490.25	2490.25	2.80077	0.699741	2446	0	0	0	44	0	0	0	0	5.0e-6	0.0	0.0	0.0	0.336986	0.0	0.0	0.0	0.0	0.98202	0.0	0.0	0.0	1647.84	0.0	0.0	0.0	0.0	0.000401	0.0	0.0	0.0	37.451	0.0	0.0	0.0	0.0	17	0	0	0	16	0	0	0	0	143	0	0	0	22	0	0	0	0	1157	0	0	0	6	0	0	0	0	299	0	0	0	0	0	0	0	0	50	0	0	0	0	0	0	0	0	780	0	0	0	0	0	0	0	0	0.012134	0.0	0.0	0.0	0.008998	0.0	0.0	0.0	0.0	0.574194	0.0	0.0	0.0	0.425806	0.0	0.0	0.0	0.0	
46	2495	1876.851553945	2488.25	2488.25	2.75734	0.695817	2446	0	0	0	45	0	0	0	0	5.0e-6	0.0	0.0	0.0	0.403287	0.0	0.0	0.0	0.0	0.98202	0.0	0.0	0.0	1657.29	0.0	0.0	0.0	0.0	0.000401	0.0	0.0	0.0	36.8287	0.0	0.0	0.0	0.0	17	0	0	0	17	0	0	0	0	143	0	0	0	22	0	0	0	0	1157	0	0	0	6	0	0	0	0	299	0	0	0	0	0	0	0	0	50	0	0	0	0	0	0	0	0	780	0	0	0	0	0	0	0	0	0.012134	0.0	0.0	0.0	0.01095	0.0	0.0	0.0	0.0	0.525632	0.0	0.0	0.0	0.474368	0.0	0.0	0.0	0.0	
47	2496	1888.471311204	2488.25	2488.25	2.70769	0.691206	2446	0	0	0	46	0	0	0	0	5.0e-6	0.0	0.0	0.0	0.362958	0.0	0.0	0.0	0.0	0.98202	0.0	0.0	0.0	1668.91	0.0	0.0	0.0	0.0	0.000401	0.0	0.0	0.0	36.2807	0.0	0.0	0.0	0.0	17	0	0	0	17	0	0	0	0	143	0	0	0	22	0	0	0	0	1157	0	0	0	7	0	0	0	0	299	0	0	0	0	0	0	0	0	50	0	0	0	0	0	0	0	0	780	0	0	0	0	0	0	0	0	0.012134	0.0	0.0	0.0	0.010004	0.0	0.0	0.0	0.0	0.548098	0.0	0.0	0.0	0.451902	0.0	0.0	0.0	0.0	
48	2497	1927.001454016	2479.0	2479.0	2.64786	0.685461	2446	0	0	0	47	0	0	0	0	5.0e-6	0.0	0.0	0.0	0.426663	0.0	0.0	0.0	0.0	0.98202	0.0	0.0	0.0	1707.44	0.0	0.0	0.0	0.0	0.000401	0.0	0.0	0.0	36.3285	0.0	0.0	0.0	0.0	17	0	0	0	18	0	0	0	0	143	0	0	0	22	0	0	0	0	1157	0	0	0	7	0	0	0	0	299	0	0	0	0	0	0	0	0	50	0	0	0	0	0	0	0	0	780	0	0	0	0	0	0	0	0	0.012134	0.0	0.0	0.0	0.011745	0.0	0.0	0.0	0.0	0.50815	0.0	0.0	0.0	0.49185	0.0	0.0	0.0	0.0	
49	2500	1942.621470877	2479.0	2479.0	2.45877	0.665839	2448	0	0	0	48	0	0	0	0	4.0e-6	0.0	0.0	0.0	0.387437	0.0	0.0	0.0	0.0	0.982393	0.0	0.0	0.0	1723.06	0.0	0.0	0.0	0.0	0.000401	0.0	0.0	0.0	35.8971	0.0	0.0	0.0	0.0	17	0	0	0	18	0	0	0	0	143	0	0	0	22	0	0	0	0	1157	0	0	0	8	0	0	0	0	299	0	0	0	0	0	0	0	0	50	0	0	0	0	0	0	0	0	782	0	0	0	0	0	0	0	0	0.00985	0.0	0.0	0.0	0.010793	0.0	0.0	0.0	0.0	0.477163	0.0	0.0	0.0	0.522837	0.0	0.0	0.0	0.0	
50	2503	1948.042837096	2479.0	2479.0	2.38601	0.657632	2450	0	0	0	49	0	0	0	0	3.0e-6	0.0	0.0	0.0	0.353739	0.0	0.0	0.0	0.0	0.983043	0.0	0.0	0.0	1728.48	0.0	0.0	0.0	0.0	0.000401	0.0	0.0	0.0	35.2751	0.0	0.0	0.0	0.0	17	0	0	0	18	0	0	0	0	143	0	0	0	22	0	0	0	0	1158	0	0	0	9	0	0	0	0	299	0	0	0	0	0	0	0	0	50	0	0	0	0	0	0	0	0	783	0	0	0	0	0	0	0	0	0.007982	0.0	0.0	0.0	0.010028	0.0	0.0	0.0	0.0	0.443202	0.0	0.0	0.0	0.556798	0.0	0.0	0.0	0.0	
51	2505	2006.008926693	2469.6	2469.6	2.36127	0.654751	2451	0	0	0	50	0	0	0	0	3.0e-6	0.0	0.0	0.0	0.409198	0.0	0.0	0.0	0.0	0.983532	0.0	0.0	0.0	1786.45	0.0	0.0	0.0	0.0	0.000401	0.0	0.0	0.0	35.7289	0.0	0.0	0.0	0.0	17	0	0	0	19	0	0	0	0	143	0	0	0	22	0	0	0	0	1158	0	0	0	9	0	0	0	0	300	0	0	0	0	0	0	0	0	50	0	0	0	0	0	0	0	0	783	0	0	0	0	0	0	0	0	0.007183	0.0	0.0	0.0	0.011453	0.0	0.0	0.0	0.0	0.385448	0.0	0.0	0.0	0.614552	0.0	0.0	0.0	0.0	
52	2506	2014.742486653	2469.6	2469.6	2.11221	0.622857	2451	0	0	0	51	0	0	0	0	3.0e-6	0.0	0.0	0.0	0.375906	0.0	0.0	0.0	0.0	0.983532	0.0	0.0	0.0	1795.18	0.0	0.0	0.0	0.0	0.000401	0.0	0.0	0.0	35.1996	0.0	0.0	0.0	0.0	17	0	0	0	19	0	0	0	0	143	0	0	0	22	0	0	0	0	1158	0	0	0	10	0	0	0	0	300	0	0	0	0	0	0	0	0	50	0	0	0	0	0	0	0	0	783	0	0	0	0	0	0	0	0	0.007183	0.0	0.0	0.0	0.010679	0.0	0.0	0.0	0.0	0.402141	0.0	0.0	0.0	0.597859	0.0	0.0	0.0	0.0	
53	2508	2123.102222175	2469.6	2469.6	2.07703	0.617883	2452	0	0	0	52	0	0	0	0	3.0e-6	0.0	0.0	0.0	0.345731	0.0	0.0	0.0	0.0	0.983773	0.0	0.0	0.0	1903.54	0.0	0.0	0.0	0.0	0.000401	0.0	0.0	0.0	36.6065	0.0	0.0	0.0	0.0	17	0	0	0	19	0	0	0	0	143	0	0	0	22	0	0	0	0	1158	0	0	0	11	0	0	0	0	300	0	0	0	0	0	0	0	0	50	0	0	0	0	0	0	0	0	784	0	0	0	0	0	0	0	0	0.006466	0.0	0.0	0.0	0.009445	0.0	0.0	0.0	0.0	0.406397	0.0	0.0	0.0	0.593603	0.0	0.0	0.0	0.0	
54	2510	2148.634590414	2469.6	2469.6	1.68636	0.55267	2453	0	0	0	53	0	0	0	0	2.0e-6	0.0	0.0	0.0	0.317791	0.0	0.0	0.0	0.0	0.984028	0.0	0.0	0.0	1929.07	0.0	0.0	0.0	0.0	0.000401	0.0	0.0	0.0	36.3976	0.0	0.0	0.0	0.0	17	0	0	0	19	0	0	0	0	143	0	0	0	22	0	0	0	0	1158	0	0	0	12	0	0	0	0	300	0	0	0	0	0	0	0	0	50	0	0	0	0	0	0	0	0	785	0	0	0	0	0	0	0	0	0.00582	0.0	0.0	0.0	0.008731	0.0	0.0	0.0	0.0	0.39998	0.0	0.0	0.0	0.60002	0.0	0.0	0.0	0.0	
55	2511	2152.175309067	2469.6	2469.6	1.60556	0.536422	2453	0	0	0	54	0	0	0	0	2.0e-6	0.0	0.0	0.0	0.291309	0.0	0.0	0.0	0.0	0.984028	0.0	0.0	0.0	1932.61	0.0	0.0	0.0	0.0	0.000401	0.0	0.0	0.0	35.7891	0.0	0.0	0.0	0.0	17	0	0	0	19	0	0	0	0	143	0	0	0	22	0	0	0	0	1158	0	0	0	13	0	0	0	0	300	0	0	0	0	0	0	0	0	50	0	0	0	0	0	0	0	0	785	0	0	0	0	0	0	0	0	0.00582	0.0	0.0	0.0	0.00814	0.0	0.0	0.0	0.0	0.416928	0.0	0.0	0.0	0.583072	0.0	0.0	0.0	0.0	
56	2513	2153.423404981	2469.6	2469.6	1.59467	0.534144	2454	0	0	0	55	0	0	0	0	2.0e-6	0.0	0.0	0.0	0.267369	0.0	0.0	0.0	0.0	0.984293	0.0	0.0	0.0	1933.86	0.0	0.0	0.0	0.0	0.000401	0.0	0.0	0.0	35.1611	0.0	0.0	0.0	0.0	17	0	0	0	19	0	0	0	0	143	0	0	0	22	0	0	0	0	1158	0	0	0	14	0	0	0	0	300	0	0	0	0	0	0	0	0	50	0	0	0	0	0	0	0	0	786	0	0	0	0	0	0	0	0	0.005239	0.0	0.0	0.0	0.007604	0.0	0.0	0.0	0.0	0.40792	0.0	0.0	0.0	0.59208	0.0	0.0	0.0	0.0	
57	2514	2212.09099673	2469.6	2469.6	1.59085	0.53334	2454	0	0	0	56	0	0	0	0	2.0e-6	0.0	0.0	0.0	0.24479	0.0	0.0	0.0	0.0	0.984293	0.0	0.0	0.0	1992.53	0.0	0.0	0.0	0.0	0.000401	0.0	0.0	0.0	35.5808	0.0	0.0	0.0	0.0	17	0	0	0	19	0	0	0	0	143	0	0	0	22	0	0	0	0	1158	0	0	0	15	0	0	0	0	300	0	0	0	0	0	0	0	0	50	0	0	0	0	0	0	0	0	786	0	0	0	0	0	0	0	0	0.005239	0.0	0.0	0.0	0.00688	0.0	0.0	0.0	0.0	0.4323	0.0	0.0	0.0	0.5677	0.0	0.0	0.0	0.0	
58	2516	2222.650783629	2469.6	2469.6	1.42113	0.494768	2455	0	0	0	57	0	0	0	0	2.0e-6	0.0	0.0	0.0	0.224158	0.0	0.0	0.0	0.0	0.984733	0.0	0.0	0.0	2003.09	0.0	0.0	0.0	0.0	0.000401	0.0	0.0	0.0	35.1419	0.0	0.0	0.0	0.0	17	0	0	0	19	0	0	0	0	143	0	0	0	22	0	0	0	0	1159	0	0	0	16	0	0	0	0	300	0	0	0	0	0	0	0	0	50	0	0	0	0	0	0	0	0	786	0	0	0	0	0	0	0	0	0.004717	0.0	0.0	0.0	0.006379	0.0	0.0	0.0	0.0	0.42514	0.0	0.0	0.0	0.57486	0.0	0.0	0.0	0.0	
59	2517	2247.656709924	2469.6	2469.6	1.39256	0.487678	2455	0	0	0	58	0	0	0	0	2.0e-6	0.0	0.0	0.0	0.204662	0.0	0.0	0.0	0.0	0.984733	0.0	0.0	0.0	2028.09	0.0	0.0	0.0	0.0	0.000401	0.0	0.0	0.0	34.9671	0.0	0.0	0.0	0.0	17	0	0	0	19	0	0	0	0	143	0	0	0	22	0	0	0	0	1159	0	0	0	17	0	0	0	0	300	0	0	0	0	0	0	0	0	50	0	0	0	0	0	0	0	0	786	0	0	0	0	0	0	0	0	0.004717	0.0	0.0	0.0	0.005853	0.0	0.0	0.0	0.0	0.446283	0.0	0.0	0.0	0.553717	0.0	0.0	0.0	0.0	
60	2518	2250.991882268	2469.6	2469.6	1.32719	0.470728	2455	0	0	0	59	0	0	0	0	2.0e-6	0.0	0.0	0.0	0.186181	0.0	0.0	0.0	0.0	0.984733	0.0	0.0	0.0	2031.43	0.0	0.0	0.0	0.0	0.000401	0.0	0.0	0.0	34.431	0.0	0.0	0.0	0.0	17	0	0	0	19	0	0	0	0	143	0	0	0	22	0	0	0	0	1159	0	0	0	18	0	0	0	0	300	0	0	0	0	0	0	0	0	50	0	0	0	0	0	0	0	0	786	0	0	0	0	0	0	0	0	0.004717	0.0	0.0	0.0	0.005407	0.0	0.0	0.0	0.0	0.465925	0.0	0.0	0.0	0.534075	0.0	0.0	0.0	0.0	
61	2522	2260.641038683	2469.6	2469.6	1.3187	0.468452	2458	0	0	0	60	0	0	0	0	1.0e-6	0.0	0.0	0.0	0.170944	0.0	0.0	0.0	0.0	0.985374	0.0	0.0	0.0	2041.08	0.0	0.0	0.0	0.0	0.000401	0.0	0.0	0.0	34.0179	0.0	0.0	0.0	0.0	17	0	0	0	19	0	0	0	0	143	0	0	0	22	0	0	0	0	1160	0	0	0	19	0	0	0	0	300	0	0	0	0	0	0	0	0	50	0	0	0	0	0	0	0	0	788	0	0	0	0	0	0	0	0	0.003443	0.0	0.0	0.0	0.005025	0.0	0.0	0.0	0.0	0.406613	0.0	0.0	0.0	0.593387	0.0	0.0	0.0	0.0	
62	2524	2275.819657404	2469.6	2469.6	1.29443	0.461839	2459	0	0	0	61	0	0	0	0	1.0e-6	0.0	0.0	0.0	0.157173	0.0	0.0	0.0	0.0	0.995496	0.0	0.0	0.0	2056.24	0.0	0.0	0.0	0.0	0.000405	0.0	0.0	0.0	33.7089	0.0	0.0	0.0	0.0	17	0	0	0	19	0	0	0	0	143	0	0	0	22	0	0	0	0	1161	0	0	0	20	0	0	0	0	300	0	0	0	0	0	0	0	0	50	0	0	0	0	0	0	0	0	788	0	0	0	0	0	0	0	0	0.003071	0.0	0.0	0.0	0.004663	0.0	0.0	0.0	0.0	0.397118	0.0	0.0	0.0	0.602882	0.0	0.0	0.0	0.0	
63	2525	2285.357637742	2469.6	2469.6	1.25722	0.451399	2459	0	0	0	62	0	0	0	0	1.0e-6	0.0	0.0	0.0	0.144138	0.0	0.0	0.0	0.0	0.995496	0.0	0.0	0.0	2065.78	0.0	0.0	0.0	0.0	0.000405	0.0	0.0	0.0	33.3191	0.0	0.0	0.0	0.0	17	0	0	0	19	0	0	0	0	143	0	0	0	22	0	0	0	0	1161	0	0	0	21	0	0	0	0	300	0	0	0	0	0	0	0	0	50	0	0	0	0	0	0	0	0	788	0	0	0	0	0	0	0	0	0.003071	0.0	0.0	0.0	0.004326	0.0	0.0	0.0	0.0	0.415192	0.0	0.0	0.0	0.584808	0.0	0.0	0.0	0.0	
64	2526	2291.875126807	2469.6	2469.6	1.23437	0.444802	2459	0	0	0	63	0	0	0	0	1.0e-6	0.0	0.0	0.0	0.131814	0.0	0.0	0.0	0.0	0.995496	0.0	0.0	0.0	2072.3	0.0	0.0	0.0	0.0	0.000405	0.0	0.0	0.0	32.8937	0.0	0.0	0.0	0.0	17	0	0	0	19	0	0	0	0	143	0	0	0	22	0	0	0	0	1161	0	0	0	22	0	0	0	0	300	0	0	0	0	0	0	0	0	50	0	0	0	0	0	0	0	0	788	0	0	0	0	0	0	0	0	0.003071	0.0	0.0	0.0	0.004007	0.0	0.0	0.0	0.0	0.433885	0.0	0.0	0.0	0.566115	0.0	0.0	0.0	0.0	
65	2530	2300.290547293	2469.6	2469.6	1.219	0.44028	2462	0	0	0	64	0	0	0	0	1.0e-6	0.0	0.0	0.0	0.121539	0.0	0.0	0.0	0.0	0.996202	0.0	0.0	0.0	2080.71	0.0	0.0	0.0	0.0	0.000405	0.0	0.0	0.0	32.5112	0.0	0.0	0.0	0.0	17	0	0	0	19	0	0	0	0	143	0	0	0	22	0	0	0	0	1161	0	0	0	23	0	0	0	0	301	0	0	0	0	0	0	0	0	50	0	0	0	0	0	0	0	0	790	0	0	0	0	0	0	0	0	0.00224	0.0	0.0	0.0	0.003738	0.0	0.0	0.0	0.0	0.374694	0.0	0.0	0.0	0.625306	0.0	0.0	0.0	0.0	
66	2531	2399.104090188	2469.6	2469.6	1.19943	0.434427	2462	0	0	0	65	0	0	0	0	1.0e-6	0.0	0.0	0.0	0.111821	0.0	0.0	0.0	0.0	0.996202	0.0	0.0	0.0	2179.53	0.0	0.0	0.0	0.0	0.000405	0.0	0.0	0.0	33.5312	0.0	0.0	0.0	0.0	17	0	0	0	19	0	0	0	0	143	0	0	0	22	0	0	0	0	1161	0	0	0	24	0	0	0	0	301	0	0	0	0	0	0	0	0	50	0	0	0	0	0	0	0	0	790	0	0	0	0	0	0	0	0	0.00224	0.0	0.0	0.0	0.003335	0.0	0.0	0.0	0.0	0.401818	0.0	0.0	0.0	0.598182	0.0	0.0	0.0	0.0	
67	2532	2404.797704701	2469.6	2469.6	0.99187	0.364876	2462	0	0	0	66	0	0	0	0	1.0e-6	0.0	0.0	0.0	0.102474	0.0	0.0	0.0	0.0	0.996202	0.0	0.0	0.0	2185.22	0.0	0.0	0.0	0.0	0.000405	0.0	0.0	0.0	33.1094	0.0	0.0	0.0	0.0	17	0	0	0	19	0	0	0	0	143	0	0	0	22	0	0	0	0	1161	0	0	0	25	0	0	0	0	301	0	0	0	0	0	0	0	0	50	0	0	0	0	0	0	0	0	790	0	0	0	0	0	0	0	0	0.00224	0.0	0.0	0.0	0.003095	0.0	0.0	0.0	0.0	0.419879	0.0	0.0	0.0	0.580121	0.0	0.0	0.0	0.0	
68	2534	2417.182214489	2469.6	2469.6	0.981069	0.360849	2463	0	0	0	67	0	0	0	0	1.0e-6	0.0	0.0	0.0	0.094012	0.0	0.0	0.0	0.0	0.996464	0.0	0.0	0.0	2197.61	0.0	0.0	0.0	0.0	0.000405	0.0	0.0	0.0	32.8001	0.0	0.0	0.0	0.0	17	0	0	0	19	0	0	0	0	143	0	0	0	22	0	0	0	0	1161	0	0	0	26	0	0	0	0	301	0	0	0	0	0	0	0	0	50	0	0	0	0	0	0	0	0	791	0	0	0	0	0	0	0	0	0.002016	0.0	0.0	0.0	0.002866	0.0	0.0	0.0	0.0	0.412973	0.0	0.0	0.0	0.587027	0.0	0.0	0.0	0.0	
69	2538	2419.140961085	2469.6	2469.6	0.95798	0.352092	2466	0	0	0	68	0	0	0	0	1.0e-6	0.0	0.0	0.0	0.086896	0.0	0.0	0.0	0.0	0.997325	0.0	0.0	0.0	2199.56	0.0	0.0	0.0	0.0	0.000404	0.0	0.0	0.0	32.3465	0.0	0.0	0.0	0.0	17	0	0	0	19	0	0	0	0	143	0	0	0	22	0	0	0	0	1162	0	0	0	27	0	0	0	0	302	0	0	0	0	0	0	0	0	50	0	0	0	0	0	0	0	0	792	0	0	0	0	0	0	0	0	0.001473	0.0	0.0	0.0	0.002686	0.0	0.0	0.0	0.0	0.354087	0.0	0.0	0.0	0.645913	0.0	0.0	0.0	0.0	
70	2539	2451.469261017	2469.6	2469.6	0.95438	0.350708	2466	0	0	0	69	0	0	0	0	1.0e-6	0.0	0.0	0.0	0.08017	0.0	0.0	0.0	0.0	0.997325	0.0	0.0	0.0	2231.89	0.0	0.0	0.0	0.0	0.000404	0.0	0.0	0.0	32.3463	0.0	0.0	0.0	0.0	17	0	0	0	19	0	0	0	0	143	0	0	0	22	0	0	0	0	1162	0	0	0	28	0	0	0	0	302	0	0	0	0	0	0	0	0	50	0	0	0	0	0	0	0	0	792	0	0	0	0	0	0	0	0	0.001473	0.0	0.0	0.0	0.002478	0.0	0.0	0.0	0.0	0.372722	0.0	0.0	0.0	0.627278	0.0	0.0	0.0	0.0	
71	2540	2500.938759902	2469.6	2469.6	0.896857	0.327914	2466	0	0	0	70	0	0	0	0	1.0e-6	0.0	0.0	0.0	0.07378	0.0	0.0	0.0	0.0	0.997325	0.0	0.0	0.0	2281.36	0.0	0.0	0.0	0.0	0.000404	0.0	0.0	0.0	32.5909	0.0	0.0	0.0	0.0	17	0	0	0	19	0	0	0	0	143	0	0	0	22	0	0	0	0	1162	0	0	0	29	0	0	0	0	302	0	0	0	0	0	0	0	0	50	0	0	0	0	0	0	0	0	792	0	0	0	0	0	0	0	0	0.001473	0.0	0.0	0.0	0.002264	0.0	0.0	0.0	0.0	0.394136	0.0	0.0	0.0	0.605864	0.0	0.0	0.0	0.0	
72	2542	2567.759801709	2469.6	2469.6	0.815474	0.293382	2467	0	0	0	71	0	0	0	0	1.0e-6	0.0	0.0	0.0	0.06793	0.0	0.0	0.0	0.0	0.997551	0.0	0.0	0.0	2348.18	0.0	0.0	0.0	0.0	0.000404	0.0	0.0	0.0	33.073	0.0	0.0	0.0	0.0	17	0	0	0	19	0	0	0	0	143	0	0	0	22	0	0	0	0	1162	0	0	0	30	0	0	0	0	302	0	0	0	0	0	0	0	0	50	0	0	0	0	0	0	0	0	793	0	0	0	0	0	0	0	0	0.001326	0.0	0.0	0.0	0.002054	0.0	0.0	0.0	0.0	0.392252	0.0	0.0	0.0	0.607748	0.0	0.0	0.0	0.0	
73	2544	2570.771933615	2469.6	2469.6	0.717144	0.247977	2468	0	0	0	72	0	0	0	0	0.0	0.0	0.0	0.0	0.062561	0.0	0.0	0.0	0.0	0.99778	0.0	0.0	0.0	2351.19	0.0	0.0	0.0	0.0	0.000404	0.0	0.0	0.0	32.6555	0.0	0.0	0.0	0.0	17	0	0	0	19	0	0	0	0	143	0	0	0	22	0	0	0	0	1162	0	0	0	31	0	0	0	0	302	0	0	0	0	0	0	0	0	50	0	0	0	0	0	0	0	0	794	0	0	0	0	0	0	0	0	0.001193	0.0	0.0	0.0	0.001916	0.0	0.0	0.0	0.0	0.383812	0.0	0.0	0.0	0.616188	0.0	0.0	0.0	0.0	
74	2547	2585.0913776	2469.6	2469.6	0.711833	0.24541	2469	0	0	0	74	0	0	0	0	0.0	0.0	0.0	0.0	0.053065	0.0	0.0	0.0	0.0	0.998208	0.0	0.0	0.0	2365.51	0.0	0.0	0.0	0.0	0.000404	0.0	0.0	0.0	31.9664	0.0	0.0	0.0	0.0	17	0	0	0	19	0	0	0	0	143	0	0	0	22	0	0	0	0	1162	0	0	0	33	0	0	0	0	303	0	0	0	0	0	0	0	0	50	0	0	0	0	0	0	0	0	794	0	0	0	0	0	0	0	0	0.001074	0.0	0.0	0.0	0.00166	0.0	0.0	0.0	0.0	0.392816	0.0	0.0	0.0	0.607184	0.0	0.0	0.0	0.0	
75	2549	2742.596519338	2469.6	2469.6	0.693637	0.236531	2470	0	0	0	75	0	0	0	0	0.0	0.0	0.0	0.0	0.048866	0.0	0.0	0.0	0.0	0.998411	0.0	0.0	0.0	2523.02	0.0	0.0	0.0	0.0	0.000404	0.0	0.0	0.0	33.6402	0.0	0.0	0.0	0.0	17	0	0	0	19	0	0	0	0	143	0	0	0	22	0	0	0	0	1162	0	0	0	34	0	0	0	0	303	0	0	0	0	0	0	0	0	50	0	0	0	0	0	0	0	0	795	0	0	0	0	0	0	0	0	0.000967	0.0	0.0	0.0	0.001453	0.0	0.0	0.0	0.0	0.399586	0.0	0.0	0.0	0.600414	0.0	0.0	0.0	0.0	
76	2550	2753.730563699	2469.6	2469.6	0.512385	0.142039	2470	0	0	0	76	0	0	0	0	0.0	0.0	0.0	0.0	0.044797	0.0	0.0	0.0	0.0	0.998411	0.0	0.0	0.0	2534.15	0.0	0.0	0.0	0.0	0.000404	0.0	0.0	0.0	33.3441	0.0	0.0	0.0	0.0	17	0	0	0	19	0	0	0	0	143	0	0	0	22	0	0	0	0	1162	0	0	0	35	0	0	0	0	303	0	0	0	0	0	0	0	0	50	0	0	0	0	0	0	0	0	795	0	0	0	0	0	0	0	0	0.000967	0.0	0.0	0.0	0.001343	0.0	0.0	0.0	0.0	0.418464	0.0	0.0	0.0	0.581536	0.0	0.0	0.0	0.0	
77	2554	2933.776706626	2453.1	2453.1	0.501531	0.136164	2473	0	0	0	77	0	0	0	0	0.0	0.0	0.0	0.0	0.117706	0.0	0.0	0.0	0.0	0.999335	0.0	0.0	0.0	2714.2	0.0	0.0	0.0	0.0	0.000404	0.0	0.0	0.0	35.2493	0.0	0.0	0.0	0.0	17	0	0	0	20	0	0	0	0	143	0	0	0	22	0	0	0	0	1163	0	0	0	35	0	0	0	0	304	0	0	0	0	0	0	0	0	51	0	0	0	0	0	0	0	0	795	0	0	0	0	0	0	0	0	0.000707	0.0	0.0	0.0	0.003339	0.0	0.0	0.0	0.0	0.174819	0.0	0.0	0.0	0.825181	0.0	0.0	0.0	0.0	
78	2556	2945.455057386	2453.1	2453.1	0.35429	0.059454	2473	0	0	0	79	0	0	0	0	0.0	0.0	0.0	0.0	0.103814	0.0	0.0	0.0	0.0	0.999335	0.0	0.0	0.0	2725.88	0.0	0.0	0.0	0.0	0.000404	0.0	0.0	0.0	34.5048	0.0	0.0	0.0	0.0	17	0	0	0	20	0	0	0	0	143	0	0	0	22	0	0	0	0	1163	0	0	0	37	0	0	0	0	304	0	0	0	0	0	0	0	0	51	0	0	0	0	0	0	0	0	795	0	0	0	0	0	0	0	0	0.000707	0.0	0.0	0.0	0.003009	0.0	0.0	0.0	0.0	0.190369	0.0	0.0	0.0	0.809631	0.0	0.0	0.0	0.0	
79	2558	2949.313505818	2453.1	2453.1	0.346884	0.055977	2474	0	0	0	80	0	0	0	0	0.0	0.0	0.0	0.0	0.097521	0.0	0.0	0.0	0.0	0.999818	0.0	0.0	0.0	2729.73	0.0	0.0	0.0	0.0	0.000404	0.0	0.0	0.0	34.1217	0.0	0.0	0.0	0.0	17	0	0	0	20	0	0	0	0	143	0	0	0	22	0	0	0	0	1164	0	0	0	38	0	0	0	0	304	0	0	0	0	0	0	0	0	51	0	0	0	0	0	0	0	0	795	0	0	0	0	0	0	0	0	0.000639	0.0	0.0	0.0	0.002858	0.0	0.0	0.0	0.0	0.182753	0.0	0.0	0.0	0.817247	0.0	0.0	0.0	0.0	
80	2559	2959.263046292	2453.1	2453.1	0.34432	0.054789	2474	0	0	0	81	0	0	0	0	0.0	0.0	0.0	0.0	0.091554	0.0	0.0	0.0	0.0	0.999818	0.0	0.0	0.0	2739.68	0.0	0.0	0.0	0.0	0.000404	0.0	0.0	0.0	33.8233	0.0	0.0	0.0	0.0	17	0	0	0	20	0	0	0	0	143	0	0	0	22	0	0	0	0	1164	0	0	0	39	0	0	0	0	304	0	0	0	0	0	0	0	0	51	0	0	0	0	0	0	0	0	795	0	0	0	0	0	0	0	0	0.000639	0.0	0.0	0.0	0.002707	0.0	0.0	0.0	0.0	0.191011	0.0	0.0	0.0	0.808989	0.0	0.0	0.0	0.0	
81	2560	2963.826576129	2453.1	2453.1	0.337795	0.0518	2474	0	0	0	82	0	0	0	0	0.0	0.0	0.0	0.0	0.085896	0.0	0.0	0.0	0.0	0.999818	0.0	0.0	0.0	2744.25	0.0	0.0	0.0	0.0	0.000404	0.0	0.0	0.0	33.4664	0.0	0.0	0.0	0.0	17	0	0	0	20	0	0	0	0	143	0	0	0	22	0	0	0	0	1164	0	0	0	40	0	0	0	0	304	0	0	0	0	0	0	0	0	51	0	0	0	0	0	0	0	0	795	0	0	0	0	0	0	0	0	0.000639	0.0	0.0	0.0	0.002567	0.0	0.0	0.0	0.0	0.199366	0.0	0.0	0.0	0.800634	0.0	0.0	0.0	0.0	
82	2561	2968.040867049	2453.1	2453.1	0.334844	0.050465	2474	0	0	0	83	0	0	0	0	0.0	0.0	0.0	0.0	0.080532	0.0	0.0	0.0	0.0	0.999818	0.0	0.0	0.0	2748.46	0.0	0.0	0.0	0.0	0.000404	0.0	0.0	0.0	33.114	0.0	0.0	0.0	0.0	17	0	0	0	20	0	0	0	0	143	0	0	0	22	0	0	0	0	1164	0	0	0	41	0	0	0	0	304	0	0	0	0	0	0	0	0	51	0	0	0	0	0	0	0	0	795	0	0	0	0	0	0	0	0	0.000639	0.0	0.0	0.0	0.002432	0.0	0.0	0.0	0.0	0.208109	0.0	0.0	0.0	0.791891	0.0	0.0	0.0	0.0	
83	2562	2985.183647896	2453.1	2453.1	0.332141	0.049254	2474	0	0	0	84	0	0	0	0	0.0	0.0	0.0	0.0	0.075447	0.0	0.0	0.0	0.0	0.999818	0.0	0.0	0.0	2765.6	0.0	0.0	0.0	0.0	0.000404	0.0	0.0	0.0	32.9239	0.0	0.0	0.0	0.0	17	0	0	0	20	0	0	0	0	143	0	0	0	22	0	0	0	0	1164	0	0	0	42	0	0	0	0	304	0	0	0	0	0	0	0	0	51	0	0	0	0	0	0	0	0	795	0	0	0	0	0	0	0	0	0.000639	0.0	0.0	0.0	0.002292	0.0	0.0	0.0	0.0	0.218078	0.0	0.0	0.0	0.781922	0.0	0.0	0.0	0.0	
84	2563	3043.890328343	2453.1	2453.1	0.321371	0.044527	2474	0	0	0	85	0	0	0	0	0.0	0.0	0.0	0.0	0.070622	0.0	0.0	0.0	0.0	0.999818	0.0	0.0	0.0	2824.31	0.0	0.0	0.0	0.0	0.000404	0.0	0.0	0.0	33.2272	0.0	0.0	0.0	0.0	17	0	0	0	20	0	0	0	0	143	0	0	0	22	0	0	0	0	1164	0	0	0	43	0	0	0	0	304	0	0	0	0	0	0	0	0	51	0	0	0	0	0	0	0	0	795	0	0	0	0	0	0	0	0	0.000639	0.0	0.0	0.0	0.002125	0.0	0.0	0.0	0.0	0.231182	0.0	0.0	0.0	0.768818	0.0	0.0	0.0	0.0	
85	2564	3053.153842497	2453.1	2453.1	0.287064	0.030699	2474	0	0	0	86	0	0	0	0	0.0	0.0	0.0	0.0	0.06603	0.0	0.0	0.0	0.0	0.999818	0.0	0.0	0.0	2833.57	0.0	0.0	0.0	0.0	0.000404	0.0	0.0	0.0	32.9485	0.0	0.0	0.0	0.0	17	0	0	0	20	0	0	0	0	143	0	0	0	22	0	0	0	0	1164	0	0	0	44	0	0	0	0	304	0	0	0	0	0	0	0	0	51	0	0	0	0	0	0	0	0	795	0	0	0	0	0	0	0	0	0.000639	0.0	0.0	0.0	0.002004	0.0	0.0	0.0	0.0	0.241802	0.0	0.0	0.0	0.758198	0.0	0.0	0.0	0.0	
86	2565	3056.249865772	2453.1	2453.1	0.281996	0.028836	2474	0	0	0	87	0	0	0	0	0.0	0.0	0.0	0.0	0.061675	0.0	0.0	0.0	0.0	0.999818	0.0	0.0	0.0	2836.67	0.0	0.0	0.0	0.0	0.000404	0.0	0.0	0.0	32.6054	0.0	0.0	0.0	0.0	17	0	0	0	20	0	0	0	0	143	0	0	0	22	0	0	0	0	1164	0	0	0	45	0	0	0	0	304	0	0	0	0	0	0	0	0	51	0	0	0	0	0	0	0	0	795	0	0	0	0	0	0	0	0	0.000639	0.0	0.0	0.0	0.001892	0.0	0.0	0.0	0.0	0.252547	0.0	0.0	0.0	0.747453	0.0	0.0	0.0	0.0	
87	2566	3059.754976327	2453.1	2453.1	0.280322	0.028231	2474	0	0	0	88	0	0	0	0	0.0	0.0	0.0	0.0	0.05755	0.0	0.0	0.0	0.0	0.999818	0.0	0.0	0.0	2840.18	0.0	0.0	0.0	0.0	0.000404	0.0	0.0	0.0	32.2747	0.0	0.0	0.0	0.0	17	0	0	0	20	0	0	0	0	143	0	0	0	22	0	0	0	0	1164	0	0	0	46	0	0	0	0	304	0	0	0	0	0	0	0	0	51	0	0	0	0	0	0	0	0	795	0	0	0	0	0	0	0	0	0.000639	0.0	0.0	0.0	0.001783	0.0	0.0	0.0	0.0	0.263855	0.0	0.0	0.0	0.736145	0.0	0.0	0.0	0.0	
88	2567	3073.155509614	2453.1	2453.1	0.278439	0.027558	2474	0	0	0	89	0	0	0	0	0.0	0.0	0.0	0.0	0.053641	0.0	0.0	0.0	0.0	0.999818	0.0	0.0	0.0	2853.58	0.0	0.0	0.0	0.0	0.000404	0.0	0.0	0.0	32.0626	0.0	0.0	0.0	0.0	17	0	0	0	20	0	0	0	0	143	0	0	0	22	0	0	0	0	1164	0	0	0	47	0	0	0	0	304	0	0	0	0	0	0	0	0	51	0	0	0	0	0	0	0	0	795	0	0	0	0	0	0	0	0	0.000639	0.0	0.0	0.0	0.001673	0.0	0.0	0.0	0.0	0.276421	0.0	0.0	0.0	0.723579	0.0	0.0	0.0	0.0	
89	2568	3076.244209328	2453.1	2453.1	0.271356	0.025092	2474	0	0	0	90	0	0	0	0	0.0	0.0	0.0	0.0	0.049934	0.0	0.0	0.0	0.0	0.999818	0.0	0.0	0.0	2856.66	0.0	0.0	0.0	0.0	0.000404	0.0	0.0	0.0	31.7407	0.0	0.0	0.0	0.0	17	0	0	0	20	0	0	0	0	143	0	0	0	22	0	0	0	0	1164	0	0	0	48	0	0	0	0	304	0	0	0	0	0	0	0	0	51	0	0	0	0	0	0	0	0	795	0	0	0	0	0	0	0	0	0.000639	0.0	0.0	0.0	0.001573	0.0	0.0	0.0	0.0	0.288892	0.0	0.0	0.0	0.711108	0.0	0.0	0.0	0.0	
90	2569	3088.66561341	2453.1	2453.1	0.269749	0.024547	2474	0	0	0	91	0	0	0	0	0.0	0.0	0.0	0.0	0.046423	0.0	0.0	0.0	0.0	0.999818	0.0	0.0	0.0	2869.09	0.0	0.0	0.0	0.0	0.000404	0.0	0.0	0.0	31.5284	0.0	0.0	0.0	0.0	17	0	0	0	20	0	0	0	0	143	0	0	0	22	0	0	0	0	1164	0	0	0	49	0	0	0	0	304	0	0	0	0	0	0	0	0	51	0	0	0	0	0	0	0	0	795	0	0	0	0	0	0	0	0	0.000639	0.0	0.0	0.0	0.001472	0.0	0.0	0.0	0.0	0.302679	0.0	0.0	0.0	0.697321	0.0	0.0	0.0	0.0	
91	2570	3094.126189342	2453.1	2453.1	0.263382	0.022443	2474	0	0	0	92	0	0	0	0	0.0	0.0	0.0	0.0	0.043094	0.0	0.0	0.0	0.0	0.999818	0.0	0.0	0.0	2874.55	0.0	0.0	0.0	0.0	0.000404	0.0	0.0	0.0	31.2451	0.0	0.0	0.0	0.0	17	0	0	0	20	0	0	0	0	143	0	0	0	22	0	0	0	0	1164	0	0	0	50	0	0	0	0	304	0	0	0	0	0	0	0	0	51	0	0	0	0	0	0	0	0	795	0	0	0	0	0	0	0	0	0.000639	0.0	0.0	0.0	0.001379	0.0	0.0	0.0	0.0	0.316652	0.0	0.0	0.0	0.683348	0.0	0.0	0.0	0.0	
92	2571	3115.148141794	2453.1	2453.1	0.260631	0.021562	2474	0	0	0	93	0	0	0	0	0.0	0.0	0.0	0.0	0.039941	0.0	0.0	0.0	0.0	0.999818	0.0	0.0	0.0	2895.57	0.0	0.0	0.0	0.0	0.000404	0.0	0.0	0.0	31.1351	0.0	0.0	0.0	0.0	17	0	0	0	20	0	0	0	0	143	0	0	0	22	0	0	0	0	1164	0	0	0	51	0	0	0	0	304	0	0	0	0	0	0	0	0	51	0	0	0	0	0	0	0	0	795	0	0	0	0	0	0	0	0	0.000639	0.0	0.0	0.0	0.001283	0.0	0.0	0.0	0.0	0.332536	0.0	0.0	0.0	0.667464	0.0	0.0	0.0	0.0	
93	2573	3122.410348746	2453.1	2453.1	0.250305	0.018405	2475	0	0	0	94	0	0	0	0	0.0	0.0	0.0	0.0	0.037048	0.0	0.0	0.0	0.0	1.00005	0.0	0.0	0.0	2902.83	0.0	0.0	0.0	0.0	0.000404	0.0	0.0	0.0	30.8812	0.0	0.0	0.0	0.0	17	0	0	0	20	0	0	0	0	143	0	0	0	22	0	0	0	0	1164	0	0	0	52	0	0	0	0	304	0	0	0	0	0	0	0	0	51	0	0	0	0	0	0	0	0	796	0	0	0	0	0	0	0	0	0.000575	0.0	0.0	0.0	0.0012	0.0	0.0	0.0	0.0	0.324113	0.0	0.0	0.0	0.675887	0.0	0.0	0.0	0.0	
94	2574	3130.997807181	2453.1	2453.1	0.246834	0.0174	2475	0	0	0	95	0	0	0	0	0.0	0.0	0.0	0.0	0.034308	0.0	0.0	0.0	0.0	1.00005	0.0	0.0	0.0	2911.42	0.0	0.0	0.0	0.0	0.000404	0.0	0.0	0.0	30.6465	0.0	0.0	0.0	0.0	17	0	0	0	20	0	0	0	0	143	0	0	0	22	0	0	0	0	1164	0	0	0	53	0	0	0	0	304	0	0	0	0	0	0	0	0	51	0	0	0	0	0	0	0	0	796	0	0	0	0	0	0	0	0	0.000575	0.0	0.0	0.0	0.001119	0.0	0.0	0.0	0.0	0.339459	0.0	0.0	0.0	0.660541	0.0	0.0	0.0	0.0	
95	2576	3238.456379107	2453.1	2453.1	0.242792	0.016265	2476	0	0	0	96	0	0	0	0	0.0	0.0	0.0	0.0	0.031799	0.0	0.0	0.0	0.0	1.00052	0.0	0.0	0.0	3018.88	0.0	0.0	0.0	0.0	0.000404	0.0	0.0	0.0	31.4466	0.0	0.0	0.0	0.0	17	0	0	0	20	0	0	0	0	143	0	0	0	22	0	0	0	0	1164	0	0	0	54	0	0	0	0	305	0	0	0	0	0	0	0	0	51	0	0	0	0	0	0	0	0	796	0	0	0	0	0	0	0	0	0.000518	0.0	0.0	0.0	0.001011	0.0	0.0	0.0	0.0	0.338625	0.0	0.0	0.0	0.661375	0.0	0.0	0.0	0.0	
96	2577	3252.010638158	2453.1	2453.1	0.197466	0.006319	2476	0	0	0	97	0	0	0	0	0.0	0.0	0.0	0.0	0.029395	0.0	0.0	0.0	0.0	1.00052	0.0	0.0	0.0	3032.43	0.0	0.0	0.0	0.0	0.000404	0.0	0.0	0.0	31.2622	0.0	0.0	0.0	0.0	17	0	0	0	20	0	0	0	0	143	0	0	0	22	0	0	0	0	1164	0	0	0	55	0	0	0	0	305	0	0	0	0	0	0	0	0	51	0	0	0	0	0	0	0	0	796	0	0	0	0	0	0	0	0	0.000518	0.0	0.0	0.0	0.00094	0.0	0.0	0.0	0.0	0.355099	0.0	0.0	0.0	0.644901	0.0	0.0	0.0	0.0	
97	2578	3266.403704492	2453.1	2453.1	0.192386	0.005528	2476	0	0	0	98	0	0	0	0	0.0	0.0	0.0	0.0	0.027116	0.0	0.0	0.0	0.0	1.00052	0.0	0.0	0.0	3046.82	0.0	0.0	0.0	0.0	0.000404	0.0	0.0	0.0	31.09	0.0	0.0	0.0	0.0	17	0	0	0	20	0	0	0	0	143	0	0	0	22	0	0	0	0	1164	0	0	0	56	0	0	0	0	305	0	0	0	0	0	0	0	0	51	0	0	0	0	0	0	0	0	796	0	0	0	0	0	0	0	0	0.000518	0.0	0.0	0.0	0.000872	0.0	0.0	0.0	0.0	0.372497	0.0	0.0	0.0	0.627503	0.0	0.0	0.0	0.0	
98	2579	3280.577864502	2453.1	2453.1	0.187134	0.004778	2476	0	0	0	99	0	0	0	0	0.0	0.0	0.0	0.0	0.024955	0.0	0.0	0.0	0.0	1.00052	0.0	0.0	0.0	3061.0	0.0	0.0	0.0	0.0	0.000404	0.0	0.0	0.0	30.9192	0.0	0.0	0.0	0.0	17	0	0	0	20	0	0	0	0	143	0	0	0	22	0	0	0	0	1164	0	0	0	57	0	0	0	0	305	0	0	0	0	0	0	0	0	51	0	0	0	0	0	0	0	0	796	0	0	0	0	0	0	0	0	0.000518	0.0	0.0	0.0	0.000807	0.0	0.0	0.0	0.0	0.39079	0.0	0.0	0.0	0.60921	0.0	0.0	0.0	0.0	
99	2580	3296.676652644	2453.1	2453.1	0.182103	0.004122	2476	0	0	0	100	0	0	0	0	0.0	0.0	0.0	0.0	0.022907	0.0	0.0	0.0	0.0	1.00052	0.0	0.0	0.0	3077.1	0.0	0.0	0.0	0.0	0.000404	0.0	0.0	0.0	30.771	0.0	0.0	0.0	0.0	17	0	0	0	20	0	0	0	0	143	0	0	0	22	0	0	0	0	1164	0	0	0	58	0	0	0	0	305	0	0	0	0	0	0	0	0	51	0	0	0	0	0	0	0	0	796	0	0	0	0	0	0	0	0	0.000518	0.0	0.0	0.0	0.000744	0.0	0.0	0.0	0.0	0.410194	0.0	0.0	0.0	0.589806	0.0	0.0	0.0	0.0	
100	2581	3435.132850827	2453.1	2453.1	0.176552	0.003468	2476	0	0	0	101	0	0	0	0	0.0	0.0	0.0	0.0	0.020965	0.0	0.0	0.0	0.0	1.00052	0.0	0.0	0.0	3215.55	0.0	0.0	0.0	0.0	0.000404	0.0	0.0	0.0	31.8371	0.0	0.0	0.0	0.0	17	0	0	0	20	0	0	0	0	143	0	0	0	22	0	0	0	0	1164	0	0	0	59	0	0	0	0	305	0	0	0	0	0	0	0	0	51	0	0	0	0	0	0	0	0	796	0	0	0	0	0	0	0	0	0.000518	0.0	0.0	0.0	0.000659	0.0	0.0	0.0	0.0	0.440159	0.0	0.0	0.0	0.559841	0.0	0.0	0.0	0.0	
101	2582	3493.967945441	2451.1	2451.1	0.135283	0.000616	2476	0	0	0	102	0	0	0	0	0.0	0.0	0.0	0.0	0.108404	0.0	0.0	0.0	0.0	1.00052	0.0	0.0	0.0	3274.39	0.0	0.0	0.0	0.0	0.000404	0.0	0.0	0.0	32.1018	0.0	0.0	0.0	0.0	17	0	0	0	21	0	0	0	0	143	0	0	0	22	0	0	0	0	1164	0	0	0	59	0	0	0	0	305	0	0	0	0	0	0	0	0	51	0	0	0	0	0	0	0	0	796	0	0	0	0	0	0	0	0	0.000518	0.0	0.0	0.0	0.003377	0.0	0.0	0.0	0.0	0.132937	0.0	0.0	0.0	0.867063	0.0	0.0	0.0	0.0	
102	2583	3510.923552991	2451.1	2451.1	0.120812	0.000254	2476	0	0	0	103	0	0	0	0	0.0	0.0	0.0	0.0	0.102153	0.0	0.0	0.0	0.0	1.00052	0.0	0.0	0.0	3291.34	0.0	0.0	0.0	0.0	0.000404	0.0	0.0	0.0	31.9548	0.0	0.0	0.0	0.0	17	0	0	0	21	0	0	0	0	143	0	0	0	22	0	0	0	0	1164	0	0	0	60	0	0	0	0	305	0	0	0	0	0	0	0	0	51	0	0	0	0	0	0	0	0	796	0	0	0	0	0	0	0	0	0.000518	0.0	0.0	0.0	0.003197	0.0	0.0	0.0	0.0	0.139382	0.0	0.0	0.0	0.860618	0.0	0.0	0.0	0.0	
103	2584	3573.740060264	2451.1	2451.1	0.116936	0.000193	2476	0	0	0	104	0	0	0	0	0.0	0.0	0.0	0.0	0.096218	0.0	0.0	0.0	0.0	1.00052	0.0	0.0	0.0	3354.16	0.0	0.0	0.0	0.0	0.000404	0.0	0.0	0.0	32.2515	0.0	0.0	0.0	0.0	17	0	0	0	21	0	0	0	0	143	0	0	0	22	0	0	0	0	1164	0	0	0	61	0	0	0	0	305	0	0	0	0	0	0	0	0	51	0	0	0	0	0	0	0	0	796	0	0	0	0	0	0	0	0	0.000518	0.0	0.0	0.0	0.002983	0.0	0.0	0.0	0.0	0.147879	0.0	0.0	0.0	0.852121	0.0	0.0	0.0	0.0	
104	2585	3581.441408658	2451.1	2451.1	0.103631	6.4e-5	2476	0	0	0	105	0	0	0	0	0.0	0.0	0.0	0.0	0.090572	0.0	0.0	0.0	0.0	1.00052	0.0	0.0	0.0	3361.86	0.0	0.0	0.0	0.0	0.000404	0.0	0.0	0.0	32.0177	0.0	0.0	0.0	0.0	17	0	0	0	21	0	0	0	0	143	0	0	0	22	0	0	0	0	1164	0	0	0	62	0	0	0	0	305	0	0	0	0	0	0	0	0	51	0	0	0	0	0	0	0	0	796	0	0	0	0	0	0	0	0	0.000518	0.0	0.0	0.0	0.002829	0.0	0.0	0.0	0.0	0.154709	0.0	0.0	0.0	0.845291	0.0	0.0	0.0	0.0	
105	2588	3583.445322049	2451.1	2451.1	0.101976	5.5e-5	2477	0	0	0	107	0	0	0	0	0.0	0.0	0.0	0.0	0.080293	0.0	0.0	0.0	0.0	1.00074	0.0	0.0	0.0	3363.86	0.0	0.0	0.0	0.0	0.000404	0.0	0.0	0.0	31.438	0.0	0.0	0.0	0.0	17	0	0	0	21	0	0	0	0	143	0	0	0	22	0	0	0	0	1164	0	0	0	64	0	0	0	0	305	0	0	0	0	0	0	0	0	51	0	0	0	0	0	0	0	0	797	0	0	0	0	0	0	0	0	0.000466	0.0	0.0	0.0	0.002554	0.0	0.0	0.0	0.0	0.154318	0.0	0.0	0.0	0.845682	0.0	0.0	0.0	0.0	
106	2589	3669.172025073	2451.1	2451.1	0.101715	5.4e-5	2477	0	0	0	108	0	0	0	0	0.0	0.0	0.0	0.0	0.075546	0.0	0.0	0.0	0.0	1.00074	0.0	0.0	0.0	3449.59	0.0	0.0	0.0	0.0	0.000404	0.0	0.0	0.0	31.9407	0.0	0.0	0.0	0.0	17	0	0	0	21	0	0	0	0	143	0	0	0	22	0	0	0	0	1164	0	0	0	65	0	0	0	0	305	0	0	0	0	0	0	0	0	51	0	0	0	0	0	0	0	0	797	0	0	0	0	0	0	0	0	0.000466	0.0	0.0	0.0	0.002365	0.0	0.0	0.0	0.0	0.16461	0.0	0.0	0.0	0.83539	0.0	0.0	0.0	0.0	
107	2591	3692.54182764	2451.1	2451.1	0.086257	9.0e-6	2478	0	0	0	109	0	0	0	0	0.0	0.0	0.0	0.0	0.071095	0.0	0.0	0.0	0.0	1.00112	0.0	0.0	0.0	3472.96	0.0	0.0	0.0	0.0	0.000404	0.0	0.0	0.0	31.862	0.0	0.0	0.0	0.0	17	0	0	0	21	0	0	0	0	143	0	0	0	22	0	0	0	0	1165	0	0	0	66	0	0	0	0	305	0	0	0	0	0	0	0	0	51	0	0	0	0	0	0	0	0	797	0	0	0	0	0	0	0	0	0.000422	0.0	0.0	0.0	0.002231	0.0	0.0	0.0	0.0	0.159023	0.0	0.0	0.0	0.840977	0.0	0.0	0.0	0.0	
108	2592	3694.530080815	2451.1	2451.1	0.082466	5.0e-6	2478	0	0	0	110	0	0	0	0	0.0	0.0	0.0	0.0	0.066868	0.0	0.0	0.0	0.0	1.00112	0.0	0.0	0.0	3474.95	0.0	0.0	0.0	0.0	0.000404	0.0	0.0	0.0	31.5904	0.0	0.0	0.0	0.0	17	0	0	0	21	0	0	0	0	143	0	0	0	22	0	0	0	0	1165	0	0	0	67	0	0	0	0	305	0	0	0	0	0	0	0	0	51	0	0	0	0	0	0	0	0	797	0	0	0	0	0	0	0	0	0.000422	0.0	0.0	0.0	0.002117	0.0	0.0	0.0	0.0	0.166203	0.0	0.0	0.0	0.833797	0.0	0.0	0.0	0.0	
109	2595	3696.233462219	2451.1	2451.1	0.082151	5.0e-6	2480	0	0	0	111	0	0	0	0	0.0	0.0	0.0	0.0	0.062981	0.0	0.0	0.0	0.0	1.00162	0.0	0.0	0.0	3476.65	0.0	0.0	0.0	0.0	0.000404	0.0	0.0	0.0	31.3212	0.0	0.0	0.0	0.0	17	0	0	0	21	0	0	0	0	143	0	0	0	22	0	0	0	0	1166	0	0	0	68	0	0	0	0	305	0	0	0	0	0	0	0	0	51	0	0	0	0	0	0	0	0	798	0	0	0	0	0	0	0	0	0.000344	0.0	0.0	0.0	0.002011	0.0	0.0	0.0	0.0	0.146209	0.0	0.0	0.0	0.853791	0.0	0.0	0.0	0.0	
110	2596	3703.712715812	2451.1	2451.1	0.081883	5.0e-6	2480	0	0	0	112	0	0	0	0	0.0	0.0	0.0	0.0	0.059292	0.0	0.0	0.0	0.0	1.00162	0.0	0.0	0.0	3484.13	0.0	0.0	0.0	0.0	0.000404	0.0	0.0	0.0	31.1083	0.0	0.0	0.0	0.0	17	0	0	0	21	0	0	0	0	143	0	0	0	22	0	0	0	0	1166	0	0	0	69	0	0	0	0	305	0	0	0	0	0	0	0	0	51	0	0	0	0	0	0	0	0	798	0	0	0	0	0	0	0	0	0.000344	0.0	0.0	0.0	0.001906	0.0	0.0	0.0	0.0	0.153018	0.0	0.0	0.0	0.846982	0.0	0.0	0.0	0.0	
111	2597	3707.609344404	2451.1	2451.1	0.080714	4.0e-6	2480	0	0	0	113	0	0	0	0	0.0	0.0	0.0	0.0	0.055792	0.0	0.0	0.0	0.0	1.00162	0.0	0.0	0.0	3488.03	0.0	0.0	0.0	0.0	0.000404	0.0	0.0	0.0	30.8675	0.0	0.0	0.0	0.0	17	0	0	0	21	0	0	0	0	143	0	0	0	22	0	0	0	0	1166	0	0	0	70	0	0	0	0	305	0	0	0	0	0	0	0	0	51	0	0	0	0	0	0	0	0	798	0	0	0	0	0	0	0	0	0.000344	0.0	0.0	0.0	0.001807	0.0	0.0	0.0	0.0	0.160025	0.0	0.0	0.0	0.839975	0.0	0.0	0.0	0.0	
112	2598	3755.753263059	2451.1	2451.1	0.080111	4.0e-6	2480	0	0	0	114	0	0	0	0	0.0	0.0	0.0	0.0	0.052471	0.0	0.0	0.0	0.0	1.00162	0.0	0.0	0.0	3536.17	0.0	0.0	0.0	0.0	0.000404	0.0	0.0	0.0	31.019	0.0	0.0	0.0	0.0	17	0	0	0	21	0	0	0	0	143	0	0	0	22	0	0	0	0	1166	0	0	0	71	0	0	0	0	305	0	0	0	0	0	0	0	0	51	0	0	0	0	0	0	0	0	798	0	0	0	0	0	0	0	0	0.000344	0.0	0.0	0.0	0.001692	0.0	0.0	0.0	0.0	0.169134	0.0	0.0	0.0	0.830866	0.0	0.0	0.0	0.0	
113	2599	3762.569404515	2451.1	2451.1	0.073028	1.0e-6	2480	0	0	0	115	0	0	0	0	0.0	0.0	0.0	0.0	0.049314	0.0	0.0	0.0	0.0	1.00162	0.0	0.0	0.0	3542.99	0.0	0.0	0.0	0.0	0.000404	0.0	0.0	0.0	30.8086	0.0	0.0	0.0	0.0	17	0	0	0	21	0	0	0	0	143	0	0	0	22	0	0	0	0	1166	0	0	0	72	0	0	0	0	305	0	0	0	0	0	0	0	0	51	0	0	0	0	0	0	0	0	798	0	0	0	0	0	0	0	0	0.000344	0.0	0.0	0.0	0.001601	0.0	0.0	0.0	0.0	0.177042	0.0	0.0	0.0	0.822958	0.0	0.0	0.0	0.0	
114	2600	3765.252748084	2451.1	2451.1	0.072077	1.0e-6	2480	0	0	0	116	0	0	0	0	0.0	0.0	0.0	0.0	0.046317	0.0	0.0	0.0	0.0	1.00162	0.0	0.0	0.0	3545.67	0.0	0.0	0.0	0.0	0.000404	0.0	0.0	0.0	30.5661	0.0	0.0	0.0	0.0	17	0	0	0	21	0	0	0	0	143	0	0	0	22	0	0	0	0	1166	0	0	0	73	0	0	0	0	305	0	0	0	0	0	0	0	0	51	0	0	0	0	0	0	0	0	798	0	0	0	0	0	0	0	0	0.000344	0.0	0.0	0.0	0.001515	0.0	0.0	0.0	0.0	0.185165	0.0	0.0	0.0	0.814835	0.0	0.0	0.0	0.0	
115	2601	3768.562794561	2451.1	2451.1	0.071706	1.0e-6	2480	0	0	0	117	0	0	0	0	0.0	0.0	0.0	0.0	0.043475	0.0	0.0	0.0	0.0	1.00162	0.0	0.0	0.0	3548.98	0.0	0.0	0.0	0.0	0.000404	0.0	0.0	0.0	30.3332	0.0	0.0	0.0	0.0	17	0	0	0	21	0	0	0	0	143	0	0	0	22	0	0	0	0	1166	0	0	0	74	0	0	0	0	305	0	0	0	0	0	0	0	0	51	0	0	0	0	0	0	0	0	798	0	0	0	0	0	0	0	0	0.000344	0.0	0.0	0.0	0.001433	0.0	0.0	0.0	0.0	0.193712	0.0	0.0	0.0	0.806288	0.0	0.0	0.0	0.0	
116	2602	3861.582270604	2446.1	2446.1	0.071251	1.0e-6	2480	0	0	0	118	0	0	0	0	0.0	0.0	0.0	0.0	0.102792	0.0	0.0	0.0	0.0	1.00162	0.0	0.0	0.0	3642.0	0.0	0.0	0.0	0.0	0.000404	0.0	0.0	0.0	30.8644	0.0	0.0	0.0	0.0	17	0	0	0	22	0	0	0	0	143	0	0	0	22	0	0	0	0	1166	0	0	0	74	0	0	0	0	305	0	0	0	0	0	0	0	0	51	0	0	0	0	0	0	0	0	798	0	0	0	0	0	0	0	0	0.000344	0.0	0.0	0.0	0.00333	0.0	0.0	0.0	0.0	0.093705	0.0	0.0	0.0	0.906295	0.0	0.0	0.0	0.0	
117	2603	3868.883931234	2446.1	2446.1	0.059581	0.0	2480	0	0	0	119	0	0	0	0	0.0	0.0	0.0	0.0	0.097121	0.0	0.0	0.0	0.0	1.00162	0.0	0.0	0.0	3649.3	0.0	0.0	0.0	0.0	0.000404	0.0	0.0	0.0	30.6664	0.0	0.0	0.0	0.0	17	0	0	0	22	0	0	0	0	143	0	0	0	22	0	0	0	0	1166	0	0	0	75	0	0	0	0	305	0	0	0	0	0	0	0	0	51	0	0	0	0	0	0	0	0	798	0	0	0	0	0	0	0	0	0.000344	0.0	0.0	0.0	0.003167	0.0	0.0	0.0	0.0	0.098066	0.0	0.0	0.0	0.901934	0.0	0.0	0.0	0.0	
118	2605	3877.327348472	2446.1	2446.1	0.05875	0.0	2481	0	0	0	120	0	0	0	0	0.0	0.0	0.0	0.0	0.09179	0.0	0.0	0.0	0.0	1.00185	0.0	0.0	0.0	3657.74	0.0	0.0	0.0	0.0	0.000404	0.0	0.0	0.0	30.4812	0.0	0.0	0.0	0.0	17	0	0	0	22	0	0	0	0	143	0	0	0	22	0	0	0	0	1166	0	0	0	76	0	0	0	0	305	0	0	0	0	0	0	0	0	51	0	0	0	0	0	0	0	0	799	0	0	0	0	0	0	0	0	0.00031	0.0	0.0	0.0	0.003011	0.0	0.0	0.0	0.0	0.093326	0.0	0.0	0.0	0.906674	0.0	0.0	0.0	0.0	
119	2606	3949.453971048	2446.1	2446.1	0.057804	0.0	2481	0	0	0	121	0	0	0	0	0.0	0.0	0.0	0.0	0.086728	0.0	0.0	0.0	0.0	1.00185	0.0	0.0	0.0	3729.87	0.0	0.0	0.0	0.0	0.000404	0.0	0.0	0.0	30.8254	0.0	0.0	0.0	0.0	17	0	0	0	22	0	0	0	0	143	0	0	0	22	0	0	0	0	1166	0	0	0	77	0	0	0	0	305	0	0	0	0	0	0	0	0	51	0	0	0	0	0	0	0	0	799	0	0	0	0	0	0	0	0	0.00031	0.0	0.0	0.0	0.002814	0.0	0.0	0.0	0.0	0.099237	0.0	0.0	0.0	0.900763	0.0	0.0	0.0	0.0	
120	2607	3962.11523788	2446.1	2446.1	0.050318	0.0	2481	0	0	0	122	0	0	0	0	0.0	0.0	0.0	0.0	0.081914	0.0	0.0	0.0	0.0	1.00185	0.0	0.0	0.0	3742.53	0.0	0.0	0.0	0.0	0.000404	0.0	0.0	0.0	30.6765	0.0	0.0	0.0	0.0	17	0	0	0	22	0	0	0	0	143	0	0	0	22	0	0	0	0	1166	0	0	0	78	0	0	0	0	305	0	0	0	0	0	0	0	0	51	0	0	0	0	0	0	0	0	799	0	0	0	0	0	0	0	0	0.00031	0.0	0.0	0.0	0.00267	0.0	0.0	0.0	0.0	0.104008	0.0	0.0	0.0	0.895992	0.0	0.0	0.0	0.0	
121	2608	3974.45796566	2446.1	2446.1	0.049108	0.0	2481	0	0	0	123	0	0	0	0	0.0	0.0	0.0	0.0	0.077342	0.0	0.0	0.0	0.0	1.00185	0.0	0.0	0.0	3754.88	0.0	0.0	0.0	0.0	0.000404	0.0	0.0	0.0	30.5274	0.0	0.0	0.0	0.0	17	0	0	0	22	0	0	0	0	143	0	0	0	22	0	0	0	0	1166	0	0	0	79	0	0	0	0	305	0	0	0	0	0	0	0	0	51	0	0	0	0	0	0	0	0	799	0	0	0	0	0	0	0	0	0.00031	0.0	0.0	0.0	0.002534	0.0	0.0	0.0	0.0	0.109008	0.0	0.0	0.0	0.890992	0.0	0.0	0.0	0.0	
122	2609	4035.815574202	2446.1	2446.1	0.047956	0.0	2481	0	0	0	124	0	0	0	0	0.0	0.0	0.0	0.0	0.073002	0.0	0.0	0.0	0.0	1.00185	0.0	0.0	0.0	3816.23	0.0	0.0	0.0	0.0	0.000404	0.0	0.0	0.0	30.7761	0.0	0.0	0.0	0.0	17	0	0	0	22	0	0	0	0	143	0	0	0	22	0	0	0	0	1166	0	0	0	80	0	0	0	0	305	0	0	0	0	0	0	0	0	51	0	0	0	0	0	0	0	0	799	0	0	0	0	0	0	0	0	0.00031	0.0	0.0	0.0	0.002372	0.0	0.0	0.0	0.0	0.115572	0.0	0.0	0.0	0.884428	0.0	0.0	0.0	0.0	
123	2610	4039.024960589	2446.1	2446.1	0.042619	0.0	2481	0	0	0	125	0	0	0	0	0.0	0.0	0.0	0.0	0.068875	0.0	0.0	0.0	0.0	1.00185	0.0	0.0	0.0	3819.44	0.0	0.0	0.0	0.0	0.000404	0.0	0.0	0.0	30.5555	0.0	0.0	0.0	0.0	17	0	0	0	22	0	0	0	0	143	0	0	0	22	0	0	0	0	1166	0	0	0	81	0	0	0	0	305	0	0	0	0	0	0	0	0	51	0	0	0	0	0	0	0	0	799	0	0	0	0	0	0	0	0	0.00031	0.0	0.0	0.0	0.002254	0.0	0.0	0.0	0.0	0.120889	0.0	0.0	0.0	0.879111	0.0	0.0	0.0	0.0	
124	2612	4042.017594946	2446.1	2446.1	0.042356	0.0	2482	0	0	0	126	0	0	0	0	0.0	0.0	0.0	0.0	0.065005	0.0	0.0	0.0	0.0	1.00206	0.0	0.0	0.0	3822.43	0.0	0.0	0.0	0.0	0.000404	0.0	0.0	0.0	30.3368	0.0	0.0	0.0	0.0	17	0	0	0	22	0	0	0	0	143	0	0	0	22	0	0	0	0	1166	0	0	0	82	0	0	0	0	305	0	0	0	0	0	0	0	0	51	0	0	0	0	0	0	0	0	800	0	0	0	0	0	0	0	0	0.000279	0.0	0.0	0.0	0.002143	0.0	0.0	0.0	0.0	0.115212	0.0	0.0	0.0	0.884788	0.0	0.0	0.0	0.0	
125	2613	4044.395587471	2446.1	2446.1	0.042114	0.0	2482	0	0	0	127	0	0	0	0	0.0	0.0	0.0	0.0	0.061332	0.0	0.0	0.0	0.0	1.00206	0.0	0.0	0.0	3824.81	0.0	0.0	0.0	0.0	0.000404	0.0	0.0	0.0	30.1166	0.0	0.0	0.0	0.0	17	0	0	0	22	0	0	0	0	143	0	0	0	22	0	0	0	0	1166	0	0	0	83	0	0	0	0	305	0	0	0	0	0	0	0	0	51	0	0	0	0	0	0	0	0	800	0	0	0	0	0	0	0	0	0.000279	0.0	0.0	0.0	0.002036	0.0	0.0	0.0	0.0	0.120502	0.0	0.0	0.0	0.879498	0.0	0.0	0.0	0.0	
126	2614	4051.299532689	2446.1	2446.1	0.041921	0.0	2482	0	0	0	128	0	0	0	0	0.0	0.0	0.0	0.0	0.057845	0.0	0.0	0.0	0.0	1.00206	0.0	0.0	0.0	3831.72	0.0	0.0	0.0	0.0	0.000404	0.0	0.0	0.0	29.9353	0.0	0.0	0.0	0.0	17	0	0	0	22	0	0	0	0	143	0	0	0	22	0	0	0	0	1166	0	0	0	84	0	0	0	0	305	0	0	0	0	0	0	0	0	51	0	0	0	0	0	0	0	0	800	0	0	0	0	0	0	0	0	0.000279	0.0	0.0	0.0	0.001932	0.0	0.0	0.0	0.0	0.126177	0.0	0.0	0.0	0.873823	0.0	0.0	0.0	0.0	
127	2615	4061.892954744	2442.1	2442.1	0.041368	0.0	2482	0	0	0	129	0	0	0	0	0.0	0.0	0.0	0.0	0.111755	0.0	0.0	0.0	0.0	1.00206	0.0	0.0	0.0	3842.31	0.0	0.0	0.0	0.0	0.000404	0.0	0.0	0.0	29.7853	0.0	0.0	0.0	0.0	17	0	0	0	23	0	0	0	0	143	0	0	0	22	0	0	0	0	1166	0	0	0	84	0	0	0	0	305	0	0	0	0	0	0	0	0	51	0	0	0	0	0	0	0	0	800	0	0	0	0	0	0	0	0	0.000279	0.0	0.0	0.0	0.003752	0.0	0.0	0.0	0.0	0.069218	0.0	0.0	0.0	0.930782	0.0	0.0	0.0	0.0	
128	2616	4065.565688629	2442.1	2442.1	0.040534	0.0	2482	0	0	0	130	0	0	0	0	0.0	0.0	0.0	0.0	0.105752	0.0	0.0	0.0	0.0	1.00206	0.0	0.0	0.0	3845.98	0.0	0.0	0.0	0.0	0.000404	0.0	0.0	0.0	29.5845	0.0	0.0	0.0	0.0	17	0	0	0	23	0	0	0	0	143	0	0	0	22	0	0	0	0	1166	0	0	0	85	0	0	0	0	305	0	0	0	0	0	0	0	0	51	0	0	0	0	0	0	0	0	800	0	0	0	0	0	0	0	0	0.000279	0.0	0.0	0.0	0.003575	0.0	0.0	0.0	0.0	0.072406	0.0	0.0	0.0	0.927594	0.0	0.0	0.0	0.0	
129	2617	4069.006411646	2442.1	2442.1	0.040249	0.0	2482	0	0	0	131	0	0	0	0	0.0	0.0	0.0	0.0	0.100051	0.0	0.0	0.0	0.0	1.00206	0.0	0.0	0.0	3849.42	0.0	0.0	0.0	0.0	0.000404	0.0	0.0	0.0	29.3849	0.0	0.0	0.0	0.0	17	0	0	0	23	0	0	0	0	143	0	0	0	22	0	0	0	0	1166	0	0	0	86	0	0	0	0	305	0	0	0	0	0	0	0	0	51	0	0	0	0	0	0	0	0	800	0	0	0	0	0	0	0	0	0.000279	0.0	0.0	0.0	0.003405	0.0	0.0	0.0	0.0	0.075741	0.0	0.0	0.0	0.924259	0.0	0.0	0.0	0.0	
130	2618	4075.054274824	2442.1	2442.1	0.039984	0.0	2482	0	0	0	132	0	0	0	0	0.0	0.0	0.0	0.0	0.094639	0.0	0.0	0.0	0.0	1.00206	0.0	0.0	0.0	3855.47	0.0	0.0	0.0	0.0	0.000404	0.0	0.0	0.0	29.2081	0.0	0.0	0.0	0.0	17	0	0	0	23	0	0	0	0	143	0	0	0	22	0	0	0	0	1166	0	0	0	87	0	0	0	0	305	0	0	0	0	0	0	0	0	51	0	0	0	0	0	0	0	0	800	0	0	0	0	0	0	0	0	0.000279	0.0	0.0	0.0	0.00324	0.0	0.0	0.0	0.0	0.079286	0.0	0.0	0.0	0.920714	0.0	0.0	0.0	0.0	
131	2620	4123.758398276	2442.1	2442.1	0.039455	0.0	2482	0	0	0	134	0	0	0	0	0.0	0.0	0.0	0.0	0.08462	0.0	0.0	0.0	0.0	1.00206	0.0	0.0	0.0	3904.18	0.0	0.0	0.0	0.0	0.000404	0.0	0.0	0.0	29.1356	0.0	0.0	0.0	0.0	17	0	0	0	23	0	0	0	0	143	0	0	0	22	0	0	0	0	1166	0	0	0	89	0	0	0	0	305	0	0	0	0	0	0	0	0	51	0	0	0	0	0	0	0	0	800	0	0	0	0	0	0	0	0	0.000279	0.0	0.0	0.0	0.002904	0.0	0.0	0.0	0.0	0.08765	0.0	0.0	0.0	0.91235	0.0	0.0	0.0	0.0	
132	2621	4132.96926729	2442.1	2442.1	0.035988	0.0	2482	0	0	0	135	0	0	0	0	0.0	0.0	0.0	0.0	0.079982	0.0	0.0	0.0	0.0	1.00206	0.0	0.0	0.0	3913.39	0.0	0.0	0.0	0.0	0.000404	0.0	0.0	0.0	28.988	0.0	0.0	0.0	0.0	17	0	0	0	23	0	0	0	0	143	0	0	0	22	0	0	0	0	1166	0	0	0	90	0	0	0	0	305	0	0	0	0	0	0	0	0	51	0	0	0	0	0	0	0	0	800	0	0	0	0	0	0	0	0	0.000279	0.0	0.0	0.0	0.002759	0.0	0.0	0.0	0.0	0.091838	0.0	0.0	0.0	0.908162	0.0	0.0	0.0	0.0	
133	2623	4171.810853531	2442.1	2442.1	0.035308	0.0	2482	0	0	0	137	0	0	0	0	0.0	0.0	0.0	0.0	0.071398	0.0	0.0	0.0	0.0	1.00206	0.0	0.0	0.0	3952.23	0.0	0.0	0.0	0.0	0.000404	0.0	0.0	0.0	28.8484	0.0	0.0	0.0	0.0	17	0	0	0	23	0	0	0	0	143	0	0	0	22	0	0	0	0	1166	0	0	0	92	0	0	0	0	305	0	0	0	0	0	0	0	0	51	0	0	0	0	0	0	0	0	800	0	0	0	0	0	0	0	0	0.000279	0.0	0.0	0.0	0.002475	0.0	0.0	0.0	0.0	0.101316	0.0	0.0	0.0	0.898684	0.0	0.0	0.0	0.0	
134	2624	4177.025154068	2442.1	2442.1	0.032812	0.0	2482	0	0	0	138	0	0	0	0	0.0	0.0	0.0	0.0	0.067426	0.0	0.0	0.0	0.0	1.00206	0.0	0.0	0.0	3957.44	0.0	0.0	0.0	0.0	0.000404	0.0	0.0	0.0	28.6771	0.0	0.0	0.0	0.0	17	0	0	0	23	0	0	0	0	143	0	0	0	22	0	0	0	0	1166	0	0	0	93	0	0	0	0	305	0	0	0	0	0	0	0	0	51	0	0	0	0	0	0	0	0	800	0	0	0	0	0	0	0	0	0.000279	0.0	0.0	0.0	0.002351	0.0	0.0	0.0	0.0	0.106082	0.0	0.0	0.0	0.893918	0.0	0.0	0.0	0.0	
135	2625	4179.781271806	2442.1	2442.1	0.032484	0.0	2482	0	0	0	139	0	0	0	0	0.0	0.0	0.0	0.0	0.063655	0.0	0.0	0.0	0.0	1.00206	0.0	0.0	0.0	3960.2	0.0	0.0	0.0	0.0	0.000404	0.0	0.0	0.0	28.4906	0.0	0.0	0.0	0.0	17	0	0	0	23	0	0	0	0	143	0	0	0	22	0	0	0	0	1166	0	0	0	94	0	0	0	0	305	0	0	0	0	0	0	0	0	51	0	0	0	0	0	0	0	0	800	0	0	0	0	0	0	0	0	0.000279	0.0	0.0	0.0	0.002234	0.0	0.0	0.0	0.0	0.11102	0.0	0.0	0.0	0.88898	0.0	0.0	0.0	0.0	
136	2628	4200.618734915	2442.1	2442.1	0.032272	0.0	2483	0	0	0	141	0	0	0	0	0.0	0.0	0.0	0.0	0.056716	0.0	0.0	0.0	0.0	1.00251	0.0	0.0	0.0	3981.03	0.0	0.0	0.0	0.0	0.000404	0.0	0.0	0.0	28.2343	0.0	0.0	0.0	0.0	17	0	0	0	23	0	0	0	0	143	0	0	0	22	0	0	0	0	1166	0	0	0	96	0	0	0	0	306	0	0	0	0	0	0	0	0	51	0	0	0	0	0	0	0	0	800	0	0	0	0	0	0	0	0	0.000251	0.0	0.0	0.0	0.002009	0.0	0.0	0.0	0.0	0.111117	0.0	0.0	0.0	0.888883	0.0	0.0	0.0	0.0	
137	2629	4211.27962624	2442.1	2442.1	0.031043	0.0	2483	0	0	0	142	0	0	0	0	0.0	0.0	0.0	0.0	0.053525	0.0	0.0	0.0	0.0	1.00251	0.0	0.0	0.0	3991.7	0.0	0.0	0.0	0.0	0.000404	0.0	0.0	0.0	28.1105	0.0	0.0	0.0	0.0	17	0	0	0	23	0	0	0	0	143	0	0	0	22	0	0	0	0	1166	0	0	0	97	0	0	0	0	306	0	0	0	0	0	0	0	0	51	0	0	0	0	0	0	0	0	800	0	0	0	0	0	0	0	0	0.000251	0.0	0.0	0.0	0.001904	0.0	0.0	0.0	0.0	0.116512	0.0	0.0	0.0	0.883488	0.0	0.0	0.0	0.0	
138	2630	4214.960022756	2442.1	2442.1	0.030414	0.0	2483	0	0	0	143	0	0	0	0	0.0	0.0	0.0	0.0	0.050496	0.0	0.0	0.0	0.0	1.00251	0.0	0.0	0.0	3995.38	0.0	0.0	0.0	0.0	0.000404	0.0	0.0	0.0	27.9397	0.0	0.0	0.0	0.0	17	0	0	0	23	0	0	0	0	143	0	0	0	22	0	0	0	0	1166	0	0	0	98	0	0	0	0	306	0	0	0	0	0	0	0	0	51	0	0	0	0	0	0	0	0	800	0	0	0	0	0	0	0	0	0.000251	0.0	0.0	0.0	0.001807	0.0	0.0	0.0	0.0	0.12199	0.0	0.0	0.0	0.87801	0.0	0.0	0.0	0.0	
139	2631	4218.620651525	2442.1	2442.1	0.030199	0.0	2483	0	0	0	144	0	0	0	0	0.0	0.0	0.0	0.0	0.04762	0.0	0.0	0.0	0.0	1.00251	0.0	0.0	0.0	3999.04	0.0	0.0	0.0	0.0	0.000404	0.0	0.0	0.0	27.7711	0.0	0.0	0.0	0.0	17	0	0	0	23	0	0	0	0	143	0	0	0	22	0	0	0	0	1166	0	0	0	99	0	0	0	0	306	0	0	0	0	0	0	0	0	51	0	0	0	0	0	0	0	0	800	0	0	0	0	0	0	0	0	0.000251	0.0	0.0	0.0	0.001715	0.0	0.0	0.0	0.0	0.127735	0.0	0.0	0.0	0.872265	0.0	0.0	0.0	0.0	
140	2633	4228.640664332	2442.1	2442.1	0.029954	0.0	2483	0	0	0	146	0	0	0	0	0.0	0.0	0.0	0.0	0.0423	0.0	0.0	0.0	0.0	1.00251	0.0	0.0	0.0	4009.06	0.0	0.0	0.0	0.0	0.000404	0.0	0.0	0.0	27.4593	0.0	0.0	0.0	0.0	17	0	0	0	23	0	0	0	0	143	0	0	0	22	0	0	0	0	1166	0	0	0	101	0	0	0	0	306	0	0	0	0	0	0	0	0	51	0	0	0	0	0	0	0	0	800	0	0	0	0	0	0	0	0	0.000251	0.0	0.0	0.0	0.00154	0.0	0.0	0.0	0.0	0.140161	0.0	0.0	0.0	0.859839	0.0	0.0	0.0	0.0	
141	2634	4232.301937038	2442.1	2442.1	0.029415	0.0	2483	0	0	0	147	0	0	0	0	0.0	0.0	0.0	0.0	0.03984	0.0	0.0	0.0	0.0	1.00251	0.0	0.0	0.0	4012.72	0.0	0.0	0.0	0.0	0.000404	0.0	0.0	0.0	27.2974	0.0	0.0	0.0	0.0	17	0	0	0	23	0	0	0	0	143	0	0	0	22	0	0	0	0	1166	0	0	0	102	0	0	0	0	306	0	0	0	0	0	0	0	0	51	0	0	0	0	0	0	0	0	800	0	0	0	0	0	0	0	0	0.000251	0.0	0.0	0.0	0.001459	0.0	0.0	0.0	0.0	0.146796	0.0	0.0	0.0	0.853204	0.0	0.0	0.0	0.0	
142	2635	4235.856085035	2442.1	2442.1	0.029209	0.0	2483	0	0	0	148	0	0	0	0	0.0	0.0	0.0	0.0	0.037505	0.0	0.0	0.0	0.0	1.00251	0.0	0.0	0.0	4016.27	0.0	0.0	0.0	0.0	0.000404	0.0	0.0	0.0	27.137	0.0	0.0	0.0	0.0	17	0	0	0	23	0	0	0	0	143	0	0	0	22	0	0	0	0	1166	0	0	0	103	0	0	0	0	306	0	0	0	0	0	0	0	0	51	0	0	0	0	0	0	0	0	800	0	0	0	0	0	0	0	0	0.000251	0.0	0.0	0.0	0.001382	0.0	0.0	0.0	0.0	0.153754	0.0	0.0	0.0	0.846246	0.0	0.0	0.0	0.0	
143	2636	4249.341765844	2442.1	2442.1	0.02901	0.0	2483	0	0	0	149	0	0	0	0	0.0	0.0	0.0	0.0	0.035289	0.0	0.0	0.0	0.0	1.00251	0.0	0.0	0.0	4029.76	0.0	0.0	0.0	0.0	0.000404	0.0	0.0	0.0	27.0454	0.0	0.0	0.0	0.0	17	0	0	0	23	0	0	0	0	143	0	0	0	22	0	0	0	0	1166	0	0	0	104	0	0	0	0	306	0	0	0	0	0	0	0	0	51	0	0	0	0	0	0	0	0	800	0	0	0	0	0	0	0	0	0.000251	0.0	0.0	0.0	0.001305	0.0	0.0	0.0	0.0	0.161388	0.0	0.0	0.0	0.838612	0.0	0.0	0.0	0.0	
144	2637	4258.332703057	2442.1	2442.1	0.028267	0.0	2483	0	0	0	150	0	0	0	0	0.0	0.0	0.0	0.0	0.033185	0.0	0.0	0.0	0.0	1.00251	0.0	0.0	0.0	4038.75	0.0	0.0	0.0	0.0	0.000404	0.0	0.0	0.0	26.925	0.0	0.0	0.0	0.0	17	0	0	0	23	0	0	0	0	143	0	0	0	22	0	0	0	0	1166	0	0	0	105	0	0	0	0	306	0	0	0	0	0	0	0	0	51	0	0	0	0	0	0	0	0	800	0	0	0	0	0	0	0	0	0.000251	0.0	0.0	0.0	0.001233	0.0	0.0	0.0	0.0	0.169254	0.0	0.0	0.0	0.830746	0.0	0.0	0.0	0.0	
145	2638	4270.338121446	2442.1	2442.1	0.027782	0.0	2483	0	0	0	151	0	0	0	0	0.0	0.0	0.0	0.0	0.031188	0.0	0.0	0.0	0.0	1.00251	0.0	0.0	0.0	4050.75	0.0	0.0	0.0	0.0	0.000404	0.0	0.0	0.0	26.8262	0.0	0.0	0.0	0.0	17	0	0	0	23	0	0	0	0	143	0	0	0	22	0	0	0	0	1166	0	0	0	106	0	0	0	0	306	0	0	0	0	0	0	0	0	51	0	0	0	0	0	0	0	0	800	0	0	0	0	0	0	0	0	0.000251	0.0	0.0	0.0	0.001163	0.0	0.0	0.0	0.0	0.177624	0.0	0.0	0.0	0.822376	0.0	0.0	0.0	0.0	
146	2640	4286.576855849	2442.1	2442.1	0.027148	0.0	2484	0	0	0	152	0	0	0	0	0.0	0.0	0.0	0.0	0.029325	0.0	0.0	0.0	0.0	1.00274	0.0	0.0	0.0	4066.99	0.0	0.0	0.0	0.0	0.000404	0.0	0.0	0.0	26.7565	0.0	0.0	0.0	0.0	17	0	0	0	23	0	0	0	0	143	0	0	0	22	0	0	0	0	1166	0	0	0	107	0	0	0	0	306	0	0	0	0	0	0	0	0	51	0	0	0	0	0	0	0	0	801	0	0	0	0	0	0	0	0	0.000226	0.0	0.0	0.0	0.001096	0.0	0.0	0.0	0.0	0.170974	0.0	0.0	0.0	0.829026	0.0	0.0	0.0	0.0	
147	2641	4290.911901861	2442.1	2442.1	0.026314	0.0	2484	0	0	0	153	0	0	0	0	0.0	0.0	0.0	0.0	0.027557	0.0	0.0	0.0	0.0	1.00274	0.0	0.0	0.0	4071.33	0.0	0.0	0.0	0.0	0.000404	0.0	0.0	0.0	26.61	0.0	0.0	0.0	0.0	17	0	0	0	23	0	0	0	0	143	0	0	0	22	0	0	0	0	1166	0	0	0	108	0	0	0	0	306	0	0	0	0	0	0	0	0	51	0	0	0	0	0	0	0	0	801	0	0	0	0	0	0	0	0	0.000226	0.0	0.0	0.0	0.001036	0.0	0.0	0.0	0.0	0.179164	0.0	0.0	0.0	0.820836	0.0	0.0	0.0	0.0	
148	2642	4305.500122936	2442.1	2442.1	0.026095	0.0	2484	0	0	0	154	0	0	0	0	0.0	0.0	0.0	0.0	0.025878	0.0	0.0	0.0	0.0	1.00274	0.0	0.0	0.0	4085.92	0.0	0.0	0.0	0.0	0.000404	0.0	0.0	0.0	26.5319	0.0	0.0	0.0	0.0	17	0	0	0	23	0	0	0	0	143	0	0	0	22	0	0	0	0	1166	0	0	0	109	0	0	0	0	306	0	0	0	0	0	0	0	0	51	0	0	0	0	0	0	0	0	801	0	0	0	0	0	0	0	0	0.000226	0.0	0.0	0.0	0.000975	0.0	0.0	0.0	0.0	0.188144	0.0	0.0	0.0	0.811856	0.0	0.0	0.0	0.0	
149	2645	4311.853603915	2442.1	2442.1	0.025374	0.0	2486	0	0	0	155	0	0	0	0	0.0	0.0	0.0	0.0	0.024338	0.0	0.0	0.0	0.0	1.00326	0.0	0.0	0.0	4092.27	0.0	0.0	0.0	0.0	0.000404	0.0	0.0	0.0	26.4017	0.0	0.0	0.0	0.0	17	0	0	0	23	0	0	0	0	143	0	0	0	22	0	0	0	0	1167	0	0	0	110	0	0	0	0	306	0	0	0	0	0	0	0	0	51	0	0	0	0	0	0	0	0	802	0	0	0	0	0	0	0	0	0.000186	0.0	0.0	0.0	0.000922	0.0	0.0	0.0	0.0	0.167609	0.0	0.0	0.0	0.832391	0.0	0.0	0.0	0.0	
150	2647	4323.401431686	2442.1	2442.1	0.025065	0.0	2487	0	0	0	156	0	0	0	0	0.0	0.0	0.0	0.0	0.022901	0.0	0.0	0.0	0.0	1.00349	0.0	0.0	0.0	4103.82	0.0	0.0	0.0	0.0	0.000403	0.0	0.0	0.0	26.3065	0.0	0.0	0.0	0.0	17	0	0	0	23	0	0	0	0	143	0	0	0	22	0	0	0	0	1167	0	0	0	111	0	0	0	0	306	0	0	0	0	0	0	0	0	51	0	0	0	0	0	0	0	0	803	0	0	0	0	0	0	0	0	0.000167	0.0	0.0	0.0	0.000871	0.0	0.0	0.0	0.0	0.16103	0.0	0.0	0.0	0.83897	0.0	0.0	0.0	0.0	
151	2648	4436.508210276	2442.1	2442.1	0.024515	0.0	2487	0	0	0	157	0	0	0	0	0.0	0.0	0.0	0.0	0.021536	0.0	0.0	0.0	0.0	1.00349	0.0	0.0	0.0	4216.92	0.0	0.0	0.0	0.0	0.000403	0.0	0.0	0.0	26.8594	0.0	0.0	0.0	0.0	17	0	0	0	23	0	0	0	0	143	0	0	0	22	0	0	0	0	1167	0	0	0	112	0	0	0	0	306	0	0	0	0	0	0	0	0	51	0	0	0	0	0	0	0	0	803	0	0	0	0	0	0	0	0	0.000167	0.0	0.0	0.0	0.000802	0.0	0.0	0.0	0.0	0.172453	0.0	0.0	0.0	0.827547	0.0	0.0	0.0	0.0	
152	2649	4442.054602817	2442.1	2442.1	0.019723	0.0	2487	0	0	0	158	0	0	0	0	0.0	0.0	0.0	0.0	0.020235	0.0	0.0	0.0	0.0	1.00349	0.0	0.0	0.0	4222.47	0.0	0.0	0.0	0.0	0.000403	0.0	0.0	0.0	26.7245	0.0	0.0	0.0	0.0	17	0	0	0	23	0	0	0	0	143	0	0	0	22	0	0	0	0	1167	0	0	0	113	0	0	0	0	306	0	0	0	0	0	0	0	0	51	0	0	0	0	0	0	0	0	803	0	0	0	0	0	0	0	0	0.000167	0.0	0.0	0.0	0.000757	0.0	0.0	0.0	0.0	0.180782	0.0	0.0	0.0	0.819218	0.0	0.0	0.0	0.0	
153	2650	4451.80837548	2442.1	2442.1	0.019514	0.0	2487	0	0	0	159	0	0	0	0	0.0	0.0	0.0	0.0	0.019	0.0	0.0	0.0	0.0	1.00349	0.0	0.0	0.0	4232.22	0.0	0.0	0.0	0.0	0.000403	0.0	0.0	0.0	26.6178	0.0	0.0	0.0	0.0	17	0	0	0	23	0	0	0	0	143	0	0	0	22	0	0	0	0	1167	0	0	0	114	0	0	0	0	306	0	0	0	0	0	0	0	0	51	0	0	0	0	0	0	0	0	803	0	0	0	0	0	0	0	0	0.000167	0.0	0.0	0.0	0.000714	0.0	0.0	0.0	0.0	0.189681	0.0	0.0	0.0	0.810319	0.0	0.0	0.0	0.0	
154	2651	4460.491632714	2442.1	2442.1	0.019151	0.0	2487	0	0	0	160	0	0	0	0	0.0	0.0	0.0	0.0	0.017827	0.0	0.0	0.0	0.0	1.00349	0.0	0.0	0.0	4240.91	0.0	0.0	0.0	0.0	0.000403	0.0	0.0	0.0	26.5057	0.0	0.0	0.0	0.0	17	0	0	0	23	0	0	0	0	143	0	0	0	22	0	0	0	0	1167	0	0	0	115	0	0	0	0	306	0	0	0	0	0	0	0	0	51	0	0	0	0	0	0	0	0	803	0	0	0	0	0	0	0	0	0.000167	0.0	0.0	0.0	0.000673	0.0	0.0	0.0	0.0	0.198991	0.0	0.0	0.0	0.801009	0.0	0.0	0.0	0.0	
155	2655	4519.541656558	2442.1	2442.1	0.018834	0.0	2490	0	0	0	161	0	0	0	0	0.0	0.0	0.0	0.0	0.016774	0.0	0.0	0.0	0.0	1.00419	0.0	0.0	0.0	4299.96	0.0	0.0	0.0	0.0	0.000403	0.0	0.0	0.0	26.7078	0.0	0.0	0.0	0.0	17	0	0	0	23	0	0	0	0	143	0	0	0	22	0	0	0	0	1167	0	0	0	116	0	0	0	0	306	0	0	0	0	0	0	0	0	52	0	0	0	0	0	0	0	0	805	0	0	0	0	0	0	0	0	0.000122	0.0	0.0	0.0	0.000628	0.0	0.0	0.0	0.0	0.162505	0.0	0.0	0.0	0.837495	0.0	0.0	0.0	0.0	
156	2656	4613.917938012	2442.1	2442.1	0.016812	0.0	2490	0	0	0	162	0	0	0	0	0.0	0.0	0.0	0.0	0.015773	0.0	0.0	0.0	0.0	1.00419	0.0	0.0	0.0	4394.33	0.0	0.0	0.0	0.0	0.000403	0.0	0.0	0.0	27.1255	0.0	0.0	0.0	0.0	17	0	0	0	23	0	0	0	0	143	0	0	0	22	0	0	0	0	1167	0	0	0	117	0	0	0	0	306	0	0	0	0	0	0	0	0	52	0	0	0	0	0	0	0	0	805	0	0	0	0	0	0	0	0	0.000122	0.0	0.0	0.0	0.000581	0.0	0.0	0.0	0.0	0.173269	0.0	0.0	0.0	0.826731	0.0	0.0	0.0	0.0	
157	2657	4677.616044611	2442.1	2442.1	0.014022	0.0	2490	0	0	0	163	0	0	0	0	0.0	0.0	0.0	0.0	0.014819	0.0	0.0	0.0	0.0	1.00419	0.0	0.0	0.0	4458.03	0.0	0.0	0.0	0.0	0.000403	0.0	0.0	0.0	27.3499	0.0	0.0	0.0	0.0	17	0	0	0	23	0	0	0	0	143	0	0	0	22	0	0	0	0	1167	0	0	0	118	0	0	0	0	306	0	0	0	0	0	0	0	0	52	0	0	0	0	0	0	0	0	805	0	0	0	0	0	0	0	0	0.000122	0.0	0.0	0.0	0.000542	0.0	0.0	0.0	0.0	0.18362	0.0	0.0	0.0	0.81638	0.0	0.0	0.0	0.0	
158	2658	4689.857407372	2442.1	2442.1	0.012406	0.0	2490	0	0	0	164	0	0	0	0	0.0	0.0	0.0	0.0	0.013911	0.0	0.0	0.0	0.0	1.00419	0.0	0.0	0.0	4470.27	0.0	0.0	0.0	0.0	0.000403	0.0	0.0	0.0	27.2578	0.0	0.0	0.0	0.0	17	0	0	0	23	0	0	0	0	143	0	0	0	22	0	0	0	0	1167	0	0	0	119	0	0	0	0	306	0	0	0	0	0	0	0	0	52	0	0	0	0	0	0	0	0	805	0	0	0	0	0	0	0	0	0.000122	0.0	0.0	0.0	0.00051	0.0	0.0	0.0	0.0	0.192759	0.0	0.0	0.0	0.807241	0.0	0.0	0.0	0.0	
159	2659	4708.959177824	2442.1	2442.1	0.012117	0.0	2490	0	0	0	165	0	0	0	0	0.0	0.0	0.0	0.0	0.01305	0.0	0.0	0.0	0.0	1.00419	0.0	0.0	0.0	4489.37	0.0	0.0	0.0	0.0	0.000403	0.0	0.0	0.0	27.2083	0.0	0.0	0.0	0.0	17	0	0	0	23	0	0	0	0	143	0	0	0	22	0	0	0	0	1167	0	0	0	120	0	0	0	0	306	0	0	0	0	0	0	0	0	52	0	0	0	0	0	0	0	0	805	0	0	0	0	0	0	0	0	0.000122	0.0	0.0	0.0	0.00048	0.0	0.0	0.0	0.0	0.202611	0.0	0.0	0.0	0.797389	0.0	0.0	0.0	0.0	
160	2660	4719.811682356	2442.1	2442.1	0.01168	0.0	2490	0	0	0	166	0	0	0	0	0.0	0.0	0.0	0.0	0.012231	0.0	0.0	0.0	0.0	1.00419	0.0	0.0	0.0	4500.23	0.0	0.0	0.0	0.0	0.000403	0.0	0.0	0.0	27.1098	0.0	0.0	0.0	0.0	17	0	0	0	23	0	0	0	0	143	0	0	0	22	0	0	0	0	1167	0	0	0	121	0	0	0	0	306	0	0	0	0	0	0	0	0	52	0	0	0	0	0	0	0	0	805	0	0	0	0	0	0	0	0	0.000122	0.0	0.0	0.0	0.000451	0.0	0.0	0.0	0.0	0.212666	0.0	0.0	0.0	0.787334	0.0	0.0	0.0	0.0	
161	2662	4730.756443697	2442.1	2442.1	0.011439	0.0	2491	0	0	0	167	0	0	0	0	0.0	0.0	0.0	0.0	0.011471	0.0	0.0	0.0	0.0	1.00463	0.0	0.0	0.0	4511.17	0.0	0.0	0.0	0.0	0.000403	0.0	0.0	0.0	27.013	0.0	0.0	0.0	0.0	17	0	0	0	23	0	0	0	0	143	0	0	0	22	0	0	0	0	1167	0	0	0	122	0	0	0	0	307	0	0	0	0	0	0	0	0	52	0	0	0	0	0	0	0	0	805	0	0	0	0	0	0	0	0	0.00011	0.0	0.0	0.0	0.000425	0.0	0.0	0.0	0.0	0.20526	0.0	0.0	0.0	0.79474	0.0	0.0	0.0	0.0	
162	2663	4747.356407474	2442.1	2442.1	0.011201	0.0	2491	0	0	0	168	0	0	0	0	0.0	0.0	0.0	0.0	0.01075	0.0	0.0	0.0	0.0	1.00463	0.0	0.0	0.0	4527.77	0.0	0.0	0.0	0.0	0.000403	0.0	0.0	0.0	26.951	0.0	0.0	0.0	0.0	17	0	0	0	23	0	0	0	0	143	0	0	0	22	0	0	0	0	1167	0	0	0	123	0	0	0	0	307	0	0	0	0	0	0	0	0	52	0	0	0	0	0	0	0	0	805	0	0	0	0	0	0	0	0	0.00011	0.0	0.0	0.0	0.000399	0.0	0.0	0.0	0.0	0.215675	0.0	0.0	0.0	0.784325	0.0	0.0	0.0	0.0	
163	2664	4758.516052927	2442.1	2442.1	0.010849	0.0	2491	0	0	0	169	0	0	0	0	0.0	0.0	0.0	0.0	0.010064	0.0	0.0	0.0	0.0	1.00463	0.0	0.0	0.0	4538.93	0.0	0.0	0.0	0.0	0.000403	0.0	0.0	0.0	26.8576	0.0	0.0	0.0	0.0	17	0	0	0	23	0	0	0	0	143	0	0	0	22	0	0	0	0	1167	0	0	0	124	0	0	0	0	307	0	0	0	0	0	0	0	0	52	0	0	0	0	0	0	0	0	805	0	0	0	0	0	0	0	0	0.00011	0.0	0.0	0.0	0.000375	0.0	0.0	0.0	0.0	0.226417	0.0	0.0	0.0	0.773583	0.0	0.0	0.0	0.0	
164	2665	4766.091488398	2442.1	2442.1	0.010618	0.0	2491	0	0	0	170	0	0	0	0	0.0	0.0	0.0	0.0	0.009414	0.0	0.0	0.0	0.0	1.00463	0.0	0.0	0.0	4546.5	0.0	0.0	0.0	0.0	0.000403	0.0	0.0	0.0	26.7441	0.0	0.0	0.0	0.0	17	0	0	0	23	0	0	0	0	143	0	0	0	22	0	0	0	0	1167	0	0	0	125	0	0	0	0	307	0	0	0	0	0	0	0	0	52	0	0	0	0	0	0	0	0	805	0	0	0	0	0	0	0	0	0.00011	0.0	0.0	0.0	0.000352	0.0	0.0	0.0	0.0	0.237566	0.0	0.0	0.0	0.762434	0.0	0.0	0.0	0.0	
165	2666	4771.762739893	2442.1	2442.1	0.010465	0.0	2491	0	0	0	171	0	0	0	0	0.0	0.0	0.0	0.0	0.008796	0.0	0.0	0.0	0.0	1.00463	0.0	0.0	0.0	4552.18	0.0	0.0	0.0	0.0	0.000403	0.0	0.0	0.0	26.6209	0.0	0.0	0.0	0.0	17	0	0	0	23	0	0	0	0	143	0	0	0	22	0	0	0	0	1167	0	0	0	126	0	0	0	0	307	0	0	0	0	0	0	0	0	52	0	0	0	0	0	0	0	0	805	0	0	0	0	0	0	0	0	0.00011	0.0	0.0	0.0	0.00033	0.0	0.0	0.0	0.0	0.249205	0.0	0.0	0.0	0.750795	0.0	0.0	0.0	0.0	
166	2667	4773.624876404	2442.1	2442.1	0.010351	0.0	2491	0	0	0	172	0	0	0	0	0.0	0.0	0.0	0.0	0.008211	0.0	0.0	0.0	0.0	1.00463	0.0	0.0	0.0	4554.04	0.0	0.0	0.0	0.0	0.000403	0.0	0.0	0.0	26.477	0.0	0.0	0.0	0.0	17	0	0	0	23	0	0	0	0	143	0	0	0	22	0	0	0	0	1167	0	0	0	127	0	0	0	0	307	0	0	0	0	0	0	0	0	52	0	0	0	0	0	0	0	0	805	0	0	0	0	0	0	0	0	0.00011	0.0	0.0	0.0	0.00031	0.0	0.0	0.0	0.0	0.261273	0.0	0.0	0.0	0.738727	0.0	0.0	0.0	0.0	
167	2668	4776.524929746	2442.1	2442.1	0.010314	0.0	2491	0	0	0	173	0	0	0	0	0.0	0.0	0.0	0.0	0.007655	0.0	0.0	0.0	0.0	1.00463	0.0	0.0	0.0	4556.94	0.0	0.0	0.0	0.0	0.000403	0.0	0.0	0.0	26.3407	0.0	0.0	0.0	0.0	17	0	0	0	23	0	0	0	0	143	0	0	0	22	0	0	0	0	1167	0	0	0	128	0	0	0	0	307	0	0	0	0	0	0	0	0	52	0	0	0	0	0	0	0	0	805	0	0	0	0	0	0	0	0	0.00011	0.0	0.0	0.0	0.000291	0.0	0.0	0.0	0.0	0.273996	0.0	0.0	0.0	0.726004	0.0	0.0	0.0	0.0	
168	2670	4779.355548986	2442.1	2442.1	0.010257	0.0	2492	0	0	0	174	0	0	0	0	0.0	0.0	0.0	0.0	0.007142	0.0	0.0	0.0	0.0	1.00488	0.0	0.0	0.0	4559.77	0.0	0.0	0.0	0.0	0.000403	0.0	0.0	0.0	26.2056	0.0	0.0	0.0	0.0	17	0	0	0	23	0	0	0	0	143	0	0	0	22	0	0	0	0	1167	0	0	0	129	0	0	0	0	307	0	0	0	0	0	0	0	0	52	0	0	0	0	0	0	0	0	806	0	0	0	0	0	0	0	0	9.9e-5	0.0	0.0	0.0	0.000273	0.0	0.0	0.0	0.0	0.265914	0.0	0.0	0.0	0.734086	0.0	0.0	0.0	0.0	
169	2671	4781.432018077	2442.1	2442.1	0.010201	0.0	2492	0	0	0	175	0	0	0	0	0.0	0.0	0.0	0.0	0.006656	0.0	0.0	0.0	0.0	1.00488	0.0	0.0	0.0	4561.85	0.0	0.0	0.0	0.0	0.000403	0.0	0.0	0.0	26.0677	0.0	0.0	0.0	0.0	17	0	0	0	23	0	0	0	0	143	0	0	0	22	0	0	0	0	1167	0	0	0	130	0	0	0	0	307	0	0	0	0	0	0	0	0	52	0	0	0	0	0	0	0	0	806	0	0	0	0	0	0	0	0	9.9e-5	0.0	0.0	0.0	0.000255	0.0	0.0	0.0	0.0	0.278848	0.0	0.0	0.0	0.721152	0.0	0.0	0.0	0.0	
170	2672	4790.223602092	2442.1	2442.1	0.010161	0.0	2492	0	0	0	176	0	0	0	0	0.0	0.0	0.0	0.0	0.006194	0.0	0.0	0.0	0.0	1.00488	0.0	0.0	0.0	4570.64	0.0	0.0	0.0	0.0	0.000403	0.0	0.0	0.0	25.9695	0.0	0.0	0.0	0.0	17	0	0	0	23	0	0	0	0	143	0	0	0	22	0	0	0	0	1167	0	0	0	131	0	0	0	0	307	0	0	0	0	0	0	0	0	52	0	0	0	0	0	0	0	0	806	0	0	0	0	0	0	0	0	9.9e-5	0.0	0.0	0.0	0.000239	0.0	0.0	0.0	0.0	0.292742	0.0	0.0	0.0	0.707258	0.0	0.0	0.0	0.0	
171	2675	4848.916592737	2442.1	2442.1	0.00999	0.0	2494	0	0	0	177	0	0	0	0	0.0	0.0	0.0	0.0	0.005781	0.0	0.0	0.0	0.0	1.00524	0.0	0.0	0.0	4629.33	0.0	0.0	0.0	0.0	0.000403	0.0	0.0	0.0	26.1544	0.0	0.0	0.0	0.0	17	0	0	0	23	0	0	0	0	143	0	0	0	22	0	0	0	0	1167	0	0	0	132	0	0	0	0	307	0	0	0	0	0	0	0	0	52	0	0	0	0	0	0	0	0	808	0	0	0	0	0	0	0	0	8.0e-5	0.0	0.0	0.0	0.000221	0.0	0.0	0.0	0.0	0.265771	0.0	0.0	0.0	0.734229	0.0	0.0	0.0	0.0	
172	2676	4865.231721061	2442.1	2442.1	0.008924	0.0	2494	0	0	0	178	0	0	0	0	0.0	0.0	0.0	0.0	0.005387	0.0	0.0	0.0	0.0	1.00524	0.0	0.0	0.0	4645.64	0.0	0.0	0.0	0.0	0.000403	0.0	0.0	0.0	26.0991	0.0	0.0	0.0	0.0	17	0	0	0	23	0	0	0	0	143	0	0	0	22	0	0	0	0	1167	0	0	0	133	0	0	0	0	307	0	0	0	0	0	0	0	0	52	0	0	0	0	0	0	0	0	808	0	0	0	0	0	0	0	0	8.0e-5	0.0	0.0	0.0	0.000206	0.0	0.0	0.0	0.0	0.279333	0.0	0.0	0.0	0.720667	0.0	0.0	0.0	0.0	
173	2678	4868.583202105	2442.1	2442.1	0.008648	0.0	2495	0	0	0	179	0	0	0	0	0.0	0.0	0.0	0.0	0.005024	0.0	0.0	0.0	0.0	1.00546	0.0	0.0	0.0	4649.0	0.0	0.0	0.0	0.0	0.000403	0.0	0.0	0.0	25.972	0.0	0.0	0.0	0.0	17	0	0	0	23	0	0	0	0	143	0	0	0	22	0	0	0	0	1167	0	0	0	134	0	0	0	0	307	0	0	0	0	0	0	0	0	52	0	0	0	0	0	0	0	0	809	0	0	0	0	0	0	0	0	7.2e-5	0.0	0.0	0.0	0.000193	0.0	0.0	0.0	0.0	0.271307	0.0	0.0	0.0	0.728693	0.0	0.0	0.0	0.0	
174	2679	4878.43036309	2442.1	2442.1	0.008593	0.0	2495	0	0	0	180	0	0	0	0	0.0	0.0	0.0	0.0	0.004679	0.0	0.0	0.0	0.0	1.00546	0.0	0.0	0.0	4658.84	0.0	0.0	0.0	0.0	0.000403	0.0	0.0	0.0	25.8825	0.0	0.0	0.0	0.0	17	0	0	0	23	0	0	0	0	143	0	0	0	22	0	0	0	0	1167	0	0	0	135	0	0	0	0	307	0	0	0	0	0	0	0	0	52	0	0	0	0	0	0	0	0	809	0	0	0	0	0	0	0	0	7.2e-5	0.0	0.0	0.0	0.000181	0.0	0.0	0.0	0.0	0.284882	0.0	0.0	0.0	0.715118	0.0	0.0	0.0	0.0	
175	2680	4880.25754212	2442.1	2442.1	0.008432	0.0	2495	0	0	0	181	0	0	0	0	0.0	0.0	0.0	0.0	0.004352	0.0	0.0	0.0	0.0	1.00546	0.0	0.0	0.0	4660.67	0.0	0.0	0.0	0.0	0.000403	0.0	0.0	0.0	25.7496	0.0	0.0	0.0	0.0	17	0	0	0	23	0	0	0	0	143	0	0	0	22	0	0	0	0	1167	0	0	0	136	0	0	0	0	307	0	0	0	0	0	0	0	0	52	0	0	0	0	0	0	0	0	809	0	0	0	0	0	0	0	0	7.2e-5	0.0	0.0	0.0	0.000169	0.0	0.0	0.0	0.0	0.298796	0.0	0.0	0.0	0.701204	0.0	0.0	0.0	0.0	
176	2681	4933.065345427	2442.1	2442.1	0.008402	0.0	2495	0	0	0	182	0	0	0	0	0.0	0.0	0.0	0.0	0.004041	0.0	0.0	0.0	0.0	1.00546	0.0	0.0	0.0	4713.48	0.0	0.0	0.0	0.0	0.000403	0.0	0.0	0.0	25.8982	0.0	0.0	0.0	0.0	17	0	0	0	23	0	0	0	0	143	0	0	0	22	0	0	0	0	1167	0	0	0	137	0	0	0	0	307	0	0	0	0	0	0	0	0	52	0	0	0	0	0	0	0	0	809	0	0	0	0	0	0	0	0	7.2e-5	0.0	0.0	0.0	0.000156	0.0	0.0	0.0	0.0	0.315764	0.0	0.0	0.0	0.684236	0.0	0.0	0.0	0.0	
177	2683	4945.883303364	2442.1	2442.1	0.007591	0.0	2496	0	0	0	183	0	0	0	0	0.0	0.0	0.0	0.0	0.003755	0.0	0.0	0.0	0.0	1.00588	0.0	0.0	0.0	4726.3	0.0	0.0	0.0	0.0	0.000403	0.0	0.0	0.0	25.8267	0.0	0.0	0.0	0.0	17	0	0	0	23	0	0	0	0	143	0	0	0	22	0	0	0	0	1167	0	0	0	138	0	0	0	0	308	0	0	0	0	0	0	0	0	52	0	0	0	0	0	0	0	0	809	0	0	0	0	0	0	0	0	6.5e-5	0.0	0.0	0.0	0.000145	0.0	0.0	0.0	0.0	0.308305	0.0	0.0	0.0	0.691695	0.0	0.0	0.0	0.0	
178	2684	4949.865353855	2442.1	2442.1	0.007406	0.0	2496	0	0	0	184	0	0	0	0	0.0	0.0	0.0	0.0	0.003484	0.0	0.0	0.0	0.0	1.00588	0.0	0.0	0.0	4730.28	0.0	0.0	0.0	0.0	0.000403	0.0	0.0	0.0	25.708	0.0	0.0	0.0	0.0	17	0	0	0	23	0	0	0	0	143	0	0	0	22	0	0	0	0	1167	0	0	0	139	0	0	0	0	308	0	0	0	0	0	0	0	0	52	0	0	0	0	0	0	0	0	809	0	0	0	0	0	0	0	0	6.5e-5	0.0	0.0	0.0	0.000136	0.0	0.0	0.0	0.0	0.323522	0.0	0.0	0.0	0.676478	0.0	0.0	0.0	0.0	
179	2685	4954.31486215	2442.1	2442.1	0.007349	0.0	2496	0	0	0	185	0	0	0	0	0.0	0.0	0.0	0.0	0.003226	0.0	0.0	0.0	0.0	1.00588	0.0	0.0	0.0	4734.73	0.0	0.0	0.0	0.0	0.000403	0.0	0.0	0.0	25.5931	0.0	0.0	0.0	0.0	17	0	0	0	23	0	0	0	0	143	0	0	0	22	0	0	0	0	1167	0	0	0	140	0	0	0	0	308	0	0	0	0	0	0	0	0	52	0	0	0	0	0	0	0	0	809	0	0	0	0	0	0	0	0	6.5e-5	0.0	0.0	0.0	0.000126	0.0	0.0	0.0	0.0	0.339544	0.0	0.0	0.0	0.660456	0.0	0.0	0.0	0.0	
180	2687	4961.72553848	2442.1	2442.1	0.007287	0.0	2497	0	0	0	186	0	0	0	0	0.0	0.0	0.0	0.0	0.002991	0.0	0.0	0.0	0.0	1.0061	0.0	0.0	0.0	4742.14	0.0	0.0	0.0	0.0	0.000403	0.0	0.0	0.0	25.4954	0.0	0.0	0.0	0.0	17	0	0	0	23	0	0	0	0	143	0	0	0	22	0	0	0	0	1167	0	0	0	141	0	0	0	0	308	0	0	0	0	0	0	0	0	52	0	0	0	0	0	0	0	0	810	0	0	0	0	0	0	0	0	5.8e-5	0.0	0.0	0.0	0.000117	0.0	0.0	0.0	0.0	0.332171	0.0	0.0	0.0	0.667829	0.0	0.0	0.0	0.0	
181	2688	4971.918286203	2442.1	2442.1	0.007184	0.0	2497	0	0	0	187	0	0	0	0	0.0	0.0	0.0	0.0	0.002767	0.0	0.0	0.0	0.0	1.0061	0.0	0.0	0.0	4752.33	0.0	0.0	0.0	0.0	0.000403	0.0	0.0	0.0	25.4135	0.0	0.0	0.0	0.0	17	0	0	0	23	0	0	0	0	143	0	0	0	22	0	0	0	0	1167	0	0	0	142	0	0	0	0	308	0	0	0	0	0	0	0	0	52	0	0	0	0	0	0	0	0	810	0	0	0	0	0	0	0	0	5.8e-5	0.0	0.0	0.0	0.000109	0.0	0.0	0.0	0.0	0.348923	0.0	0.0	0.0	0.651077	0.0	0.0	0.0	0.0	
182	2689	4979.260814461	2442.1	2442.1	0.007044	0.0	2497	0	0	0	188	0	0	0	0	0.0	0.0	0.0	0.0	0.002554	0.0	0.0	0.0	0.0	1.0061	0.0	0.0	0.0	4759.67	0.0	0.0	0.0	0.0	0.000403	0.0	0.0	0.0	25.3174	0.0	0.0	0.0	0.0	17	0	0	0	23	0	0	0	0	143	0	0	0	22	0	0	0	0	1167	0	0	0	143	0	0	0	0	308	0	0	0	0	0	0	0	0	52	0	0	0	0	0	0	0	0	810	0	0	0	0	0	0	0	0	5.8e-5	0.0	0.0	0.0	0.000101	0.0	0.0	0.0	0.0	0.366407	0.0	0.0	0.0	0.633593	0.0	0.0	0.0	0.0	
183	2690	4999.959934078	2442.1	2442.1	0.006946	0.0	2497	0	0	0	189	0	0	0	0	0.0	0.0	0.0	0.0	0.002353	0.0	0.0	0.0	0.0	1.0061	0.0	0.0	0.0	4780.37	0.0	0.0	0.0	0.0	0.000403	0.0	0.0	0.0	25.293	0.0	0.0	0.0	0.0	17	0	0	0	23	0	0	0	0	143	0	0	0	22	0	0	0	0	1167	0	0	0	144	0	0	0	0	308	0	0	0	0	0	0	0	0	52	0	0	0	0	0	0	0	0	810	0	0	0	0	0	0	0	0	5.8e-5	0.0	0.0	0.0	9.3e-5	0.0	0.0	0.0	0.0	0.385463	0.0	0.0	0.0	0.614537	0.0	0.0	0.0	0.0	
184	2691	5015.151680076	2442.1	2442.1	0.006675	0.0	2497	0	0	0	190	0	0	0	0	0.0	0.0	0.0	0.0	0.002161	0.0	0.0	0.0	0.0	1.0061	0.0	0.0	0.0	4795.56	0.0	0.0	0.0	0.0	0.000403	0.0	0.0	0.0	25.2398	0.0	0.0	0.0	0.0	17	0	0	0	23	0	0	0	0	143	0	0	0	22	0	0	0	0	1167	0	0	0	145	0	0	0	0	308	0	0	0	0	0	0	0	0	52	0	0	0	0	0	0	0	0	810	0	0	0	0	0	0	0	0	5.8e-5	0.0	0.0	0.0	8.6e-5	0.0	0.0	0.0	0.0	0.405243	0.0	0.0	0.0	0.594757	0.0	0.0	0.0	0.0	
185	2692	5020.169136674	2442.1	2442.1	0.006482	0.0	2497	0	0	0	191	0	0	0	0	0.0	0.0	0.0	0.0	0.001979	0.0	0.0	0.0	0.0	1.0061	0.0	0.0	0.0	4800.58	0.0	0.0	0.0	0.0	0.000403	0.0	0.0	0.0	25.1339	0.0	0.0	0.0	0.0	17	0	0	0	23	0	0	0	0	143	0	0	0	22	0	0	0	0	1167	0	0	0	146	0	0	0	0	308	0	0	0	0	0	0	0	0	52	0	0	0	0	0	0	0	0	810	0	0	0	0	0	0	0	0	5.8e-5	0.0	0.0	0.0	7.9e-5	0.0	0.0	0.0	0.0	0.425544	0.0	0.0	0.0	0.574456	0.0	0.0	0.0	0.0	
186	2698	5031.676781739	2442.1	2442.1	0.00642	0.0	2502	0	0	0	192	0	0	0	0	0.0	0.0	0.0	0.0	0.001834	0.0	0.0	0.0	0.0	1.00726	0.0	0.0	0.0	4812.09	0.0	0.0	0.0	0.0	0.000403	0.0	0.0	0.0	25.063	0.0	0.0	0.0	0.0	17	0	0	0	23	0	0	0	0	143	0	0	0	22	0	0	0	0	1168	0	0	0	147	0	0	0	0	310	0	0	0	0	0	0	0	0	52	0	0	0	0	0	0	0	0	812	0	0	0	0	0	0	0	0	3.7e-5	0.0	0.0	0.0	7.3e-5	0.0	0.0	0.0	0.0	0.334061	0.0	0.0	0.0	0.665939	0.0	0.0	0.0	0.0	
187	2699	5041.630476008	2442.1	2442.1	0.00628	0.0	2502	0	0	0	193	0	0	0	0	0.0	0.0	0.0	0.0	0.001697	0.0	0.0	0.0	0.0	1.00726	0.0	0.0	0.0	4822.04	0.0	0.0	0.0	0.0	0.000403	0.0	0.0	0.0	24.9847	0.0	0.0	0.0	0.0	17	0	0	0	23	0	0	0	0	143	0	0	0	22	0	0	0	0	1168	0	0	0	148	0	0	0	0	310	0	0	0	0	0	0	0	0	52	0	0	0	0	0	0	0	0	812	0	0	0	0	0	0	0	0	3.7e-5	0.0	0.0	0.0	6.8e-5	0.0	0.0	0.0	0.0	0.35093	0.0	0.0	0.0	0.64907	0.0	0.0	0.0	0.0	
188	2701	5079.403166642	2442.1	2442.1	0.006161	0.0	2503	0	0	0	194	0	0	0	0	0.0	0.0	0.0	0.0	0.001571	0.0	0.0	0.0	0.0	1.00747	0.0	0.0	0.0	4859.81	0.0	0.0	0.0	0.0	0.000403	0.0	0.0	0.0	25.0506	0.0	0.0	0.0	0.0	17	0	0	0	23	0	0	0	0	143	0	0	0	22	0	0	0	0	1168	0	0	0	149	0	0	0	0	310	0	0	0	0	0	0	0	0	52	0	0	0	0	0	0	0	0	813	0	0	0	0	0	0	0	0	3.3e-5	0.0	0.0	0.0	6.3e-5	0.0	0.0	0.0	0.0	0.345191	0.0	0.0	0.0	0.654809	0.0	0.0	0.0	0.0	
189	2702	5091.428802183	2442.1	2442.1	0.005729	0.0	2503	0	0	0	195	0	0	0	0	0.0	0.0	0.0	0.0	0.001451	0.0	0.0	0.0	0.0	1.00747	0.0	0.0	0.0	4871.84	0.0	0.0	0.0	0.0	0.000403	0.0	0.0	0.0	24.9838	0.0	0.0	0.0	0.0	17	0	0	0	23	0	0	0	0	143	0	0	0	22	0	0	0	0	1168	0	0	0	150	0	0	0	0	310	0	0	0	0	0	0	0	0	52	0	0	0	0	0	0	0	0	813	0	0	0	0	0	0	0	0	3.3e-5	0.0	0.0	0.0	5.8e-5	0.0	0.0	0.0	0.0	0.362741	0.0	0.0	0.0	0.637259	0.0	0.0	0.0	0.0	
190	2703	5106.479826802	2442.1	2442.1	0.005598	0.0	2503	0	0	0	196	0	0	0	0	0.0	0.0	0.0	0.0	0.001337	0.0	0.0	0.0	0.0	1.00747	0.0	0.0	0.0	4886.89	0.0	0.0	0.0	0.0	0.000403	0.0	0.0	0.0	24.9331	0.0	0.0	0.0	0.0	17	0	0	0	23	0	0	0	0	143	0	0	0	22	0	0	0	0	1168	0	0	0	151	0	0	0	0	310	0	0	0	0	0	0	0	0	52	0	0	0	0	0	0	0	0	813	0	0	0	0	0	0	0	0	3.3e-5	0.0	0.0	0.0	5.4e-5	0.0	0.0	0.0	0.0	0.381354	0.0	0.0	0.0	0.618646	0.0	0.0	0.0	0.0	
191	2705	5114.189393578	2442.1	2442.1	0.005438	0.0	2504	0	0	0	197	0	0	0	0	0.0	0.0	0.0	0.0	0.001233	0.0	0.0	0.0	0.0	1.0079	0.0	0.0	0.0	4894.6	0.0	0.0	0.0	0.0	0.000403	0.0	0.0	0.0	24.8457	0.0	0.0	0.0	0.0	17	0	0	0	23	0	0	0	0	143	0	0	0	22	0	0	0	0	1168	0	0	0	152	0	0	0	0	311	0	0	0	0	0	0	0	0	52	0	0	0	0	0	0	0	0	813	0	0	0	0	0	0	0	0	3.0e-5	0.0	0.0	0.0	5.0e-5	0.0	0.0	0.0	0.0	0.374774	0.0	0.0	0.0	0.625226	0.0	0.0	0.0	0.0	
192	2707	5132.406556199	2442.1	2442.1	0.005358	0.0	2505	0	0	0	198	0	0	0	0	0.0	0.0	0.0	0.0	0.001138	0.0	0.0	0.0	0.0	1.00822	0.0	0.0	0.0	4912.82	0.0	0.0	0.0	0.0	0.000402	0.0	0.0	0.0	24.8122	0.0	0.0	0.0	0.0	17	0	0	0	23	0	0	0	0	143	0	0	0	22	0	0	0	0	1168	0	0	0	153	0	0	0	0	312	0	0	0	0	0	0	0	0	52	0	0	0	0	0	0	0	0	813	0	0	0	0	0	0	0	0	2.7e-5	0.0	0.0	0.0	4.6e-5	0.0	0.0	0.0	0.0	0.36858	0.0	0.0	0.0	0.63142	0.0	0.0	0.0	0.0	
193	2708	5137.994696971	2442.1	2442.1	0.005174	0.0	2505	0	0	0	199	0	0	0	0	0.0	0.0	0.0	0.0	0.001048	0.0	0.0	0.0	0.0	1.00822	0.0	0.0	0.0	4918.4	0.0	0.0	0.0	0.0	0.000402	0.0	0.0	0.0	24.7156	0.0	0.0	0.0	0.0	17	0	0	0	23	0	0	0	0	143	0	0	0	22	0	0	0	0	1168	0	0	0	154	0	0	0	0	312	0	0	0	0	0	0	0	0	52	0	0	0	0	0	0	0	0	813	0	0	0	0	0	0	0	0	2.7e-5	0.0	0.0	0.0	4.2e-5	0.0	0.0	0.0	0.0	0.387053	0.0	0.0	0.0	0.612947	0.0	0.0	0.0	0.0	
194	2709	5140.866426537	2442.1	2442.1	0.005119	0.0	2505	0	0	0	200	0	0	0	0	0.0	0.0	0.0	0.0	0.000962	0.0	0.0	0.0	0.0	1.00822	0.0	0.0	0.0	4921.28	0.0	0.0	0.0	0.0	0.000402	0.0	0.0	0.0	24.6064	0.0	0.0	0.0	0.0	17	0	0	0	23	0	0	0	0	143	0	0	0	22	0	0	0	0	1168	0	0	0	155	0	0	0	0	312	0	0	0	0	0	0	0	0	52	0	0	0	0	0	0	0	0	813	0	0	0	0	0	0	0	0	2.7e-5	0.0	0.0	0.0	3.9e-5	0.0	0.0	0.0	0.0	0.406355	0.0	0.0	0.0	0.593645	0.0	0.0	0.0	0.0	
195	2710	5143.299570139	2442.1	2442.1	0.00509	0.0	2505	0	0	0	201	0	0	0	0	0.0	0.0	0.0	0.0	0.000881	0.0	0.0	0.0	0.0	1.00822	0.0	0.0	0.0	4923.71	0.0	0.0	0.0	0.0	0.000402	0.0	0.0	0.0	24.4961	0.0	0.0	0.0	0.0	17	0	0	0	23	0	0	0	0	143	0	0	0	22	0	0	0	0	1168	0	0	0	156	0	0	0	0	312	0	0	0	0	0	0	0	0	52	0	0	0	0	0	0	0	0	813	0	0	0	0	0	0	0	0	2.7e-5	0.0	0.0	0.0	3.6e-5	0.0	0.0	0.0	0.0	0.426643	0.0	0.0	0.0	0.573357	0.0	0.0	0.0	0.0	
196	2712	5154.615998739	2442.1	2442.1	0.005067	0.0	2506	0	0	0	202	0	0	0	0	0.0	0.0	0.0	0.0	0.000808	0.0	0.0	0.0	0.0	1.00843	0.0	0.0	0.0	4935.02	0.0	0.0	0.0	0.0	0.000402	0.0	0.0	0.0	24.4308	0.0	0.0	0.0	0.0	17	0	0	0	23	0	0	0	0	143	0	0	0	22	0	0	0	0	1168	0	0	0	157	0	0	0	0	312	0	0	0	0	0	0	0	0	52	0	0	0	0	0	0	0	0	814	0	0	0	0	0	0	0	0	2.4e-5	0.0	0.0	0.0	3.3e-5	0.0	0.0	0.0	0.0	0.421598	0.0	0.0	0.0	0.578402	0.0	0.0	0.0	0.0	
197	2713	5160.535958827	2442.1	2442.1	0.004958	0.0	2506	0	0	0	203	0	0	0	0	0.0	0.0	0.0	0.0	0.000738	0.0	0.0	0.0	0.0	1.00843	0.0	0.0	0.0	4940.94	0.0	0.0	0.0	0.0	0.000402	0.0	0.0	0.0	24.3396	0.0	0.0	0.0	0.0	17	0	0	0	23	0	0	0	0	143	0	0	0	22	0	0	0	0	1168	0	0	0	158	0	0	0	0	312	0	0	0	0	0	0	0	0	52	0	0	0	0	0	0	0	0	814	0	0	0	0	0	0	0	0	2.4e-5	0.0	0.0	0.0	3.0e-5	0.0	0.0	0.0	0.0	0.442864	0.0	0.0	0.0	0.557136	0.0	0.0	0.0	0.0	
198	2714	5163.521059347	2442.1	2442.1	0.004901	0.0	2506	0	0	0	204	0	0	0	0	0.0	0.0	0.0	0.0	0.000672	0.0	0.0	0.0	0.0	1.00843	0.0	0.0	0.0	4943.93	0.0	0.0	0.0	0.0	0.000402	0.0	0.0	0.0	24.235	0.0	0.0	0.0	0.0	17	0	0	0	23	0	0	0	0	143	0	0	0	22	0	0	0	0	1168	0	0	0	159	0	0	0	0	312	0	0	0	0	0	0	0	0	52	0	0	0	0	0	0	0	0	814	0	0	0	0	0	0	0	0	2.4e-5	0.0	0.0	0.0	2.8e-5	0.0	0.0	0.0	0.0	0.4651	0.0	0.0	0.0	0.5349	0.0	0.0	0.0	0.0	
199	2716	5213.55215943	2442.1	2442.1	0.004873	0.0	2507	0	0	0	205	0	0	0	0	0.0	0.0	0.0	0.0	0.000609	0.0	0.0	0.0	0.0	1.00875	0.0	0.0	0.0	4993.96	0.0	0.0	0.0	0.0	0.000402	0.0	0.0	0.0	24.3608	0.0	0.0	0.0	0.0	17	0	0	0	23	0	0	0	0	143	0	0	0	22	0	0	0	0	1169	0	0	0	160	0	0	0	0	312	0	0	0	0	0	0	0	0	52	0	0	0	0	0	0	0	0	814	0	0	0	0	0	0	0	0	2.4e-5	0.0	0.0	0.0	2.5e-5	0.0	0.0	0.0	0.0	0.491709	0.0	0.0	0.0	0.508291	0.0	0.0	0.0	0.0	
200	2718	5221.77130185	2442.1	2442.1	0.004426	0.0	2508	0	0	0	206	0	0	0	0	0.0	0.0	0.0	0.0	0.000552	0.0	0.0	0.0	0.0	1.00896	0.0	0.0	0.0	5002.18	0.0	0.0	0.0	0.0	0.000402	0.0	0.0	0.0	24.2824	0.0	0.0	0.0	0.0	17	0	0	0	23	0	0	0	0	143	0	0	0	22	0	0	0	0	1169	0	0	0	161	0	0	0	0	312	0	0	0	0	0	0	0	0	52	0	0	0	0	0	0	0	0	815	0	0	0	0	0	0	0	0	2.2e-5	0.0	0.0	0.0	2.3e-5	0.0	0.0	0.0	0.0	0.489164	0.0	0.0	0.0	0.510836	0.0	0.0	0.0	0.0	
201	2720	5278.262474618	2442.1	2442.1	0.004357	0.0	2509	0	0	0	207	0	0	0	0	0.0	0.0	0.0	0.0	0.0005	0.0	0.0	0.0	0.0	1.0092	0.0	0.0	0.0	5058.67	0.0	0.0	0.0	0.0	0.000402	0.0	0.0	0.0	24.438	0.0	0.0	0.0	0.0	17	0	0	0	23	0	0	0	0	143	0	0	0	22	0	0	0	0	1169	0	0	0	162	0	0	0	0	312	0	0	0	0	0	0	0	0	52	0	0	0	0	0	0	0	0	816	0	0	0	0	0	0	0	0	2.0e-5	0.0	0.0	0.0	2.0e-5	0.0	0.0	0.0	0.0	0.488892	0.0	0.0	0.0	0.511108	0.0	0.0	0.0	0.0	
202	2723	5298.21777782	2442.1	2442.1	0.003908	0.0	2511	0	0	0	208	0	0	0	0	0.0	0.0	0.0	0.0	0.000453	0.0	0.0	0.0	0.0	1.00978	0.0	0.0	0.0	5078.63	0.0	0.0	0.0	0.0	0.000402	0.0	0.0	0.0	24.4165	0.0	0.0	0.0	0.0	17	0	0	0	23	0	0	0	0	143	0	0	0	22	0	0	0	0	1170	0	0	0	163	0	0	0	0	313	0	0	0	0	0	0	0	0	52	0	0	0	0	0	0	0	0	816	0	0	0	0	0	0	0	0	1.8e-5	0.0	0.0	0.0	1.9e-5	0.0	0.0	0.0	0.0	0.497336	0.0	0.0	0.0	0.502664	0.0	0.0	0.0	0.0	
203	2725	5307.820672557	2442.1	2442.1	0.003761	0.0	2512	0	0	0	209	0	0	0	0	0.0	0.0	0.0	0.0	0.00041	0.0	0.0	0.0	0.0	1.0102	0.0	0.0	0.0	5088.23	0.0	0.0	0.0	0.0	0.000402	0.0	0.0	0.0	24.3456	0.0	0.0	0.0	0.0	17	0	0	0	23	0	0	0	0	143	0	0	0	22	0	0	0	0	1170	0	0	0	164	0	0	0	0	314	0	0	0	0	0	0	0	0	52	0	0	0	0	0	0	0	0	816	0	0	0	0	0	0	0	0	1.7e-5	0.0	0.0	0.0	1.7e-5	0.0	0.0	0.0	0.0	0.495088	0.0	0.0	0.0	0.504912	0.0	0.0	0.0	0.0	
204	2727	5317.234669175	2442.1	2442.1	0.003692	0.0	2513	0	0	0	210	0	0	0	0	0.0	0.0	0.0	0.0	0.000372	0.0	0.0	0.0	0.0	1.01038	0.0	0.0	0.0	5097.64	0.0	0.0	0.0	0.0	0.000402	0.0	0.0	0.0	24.2745	0.0	0.0	0.0	0.0	17	0	0	0	23	0	0	0	0	143	0	0	0	22	0	0	0	0	1170	0	0	0	165	0	0	0	0	314	0	0	0	0	0	0	0	0	52	0	0	0	0	0	0	0	0	817	0	0	0	0	0	0	0	0	1.5e-5	0.0	0.0	0.0	1.5e-5	0.0	0.0	0.0	0.0	0.492787	0.0	0.0	0.0	0.507213	0.0	0.0	0.0	0.0	
205	2729	5418.738911973	2442.1	2442.1	0.003626	0.0	2514	0	0	0	211	0	0	0	0	0.0	0.0	0.0	0.0	0.000334	0.0	0.0	0.0	0.0	1.01075	0.0	0.0	0.0	5199.15	0.0	0.0	0.0	0.0	0.000402	0.0	0.0	0.0	24.6405	0.0	0.0	0.0	0.0	17	0	0	0	23	0	0	0	0	143	0	0	0	22	0	0	0	0	1171	0	0	0	166	0	0	0	0	314	0	0	0	0	0	0	0	0	52	0	0	0	0	0	0	0	0	817	0	0	0	0	0	0	0	0	1.6e-5	0.0	0.0	0.0	1.4e-5	0.0	0.0	0.0	0.0	0.539061	0.0	0.0	0.0	0.460939	0.0	0.0	0.0	0.0	
206	2731	5421.310307976	2442.1	2442.1	0.002983	0.0	2515	0	0	0	212	0	0	0	0	0.0	0.0	0.0	0.0	0.000301	0.0	0.0	0.0	0.0	1.01098	0.0	0.0	0.0	5201.72	0.0	0.0	0.0	0.0	0.000402	0.0	0.0	0.0	24.5364	0.0	0.0	0.0	0.0	17	0	0	0	23	0	0	0	0	143	0	0	0	22	0	0	0	0	1171	0	0	0	167	0	0	0	0	314	0	0	0	0	0	0	0	0	52	0	0	0	0	0	0	0	0	818	0	0	0	0	0	0	0	0	1.4e-5	0.0	0.0	0.0	1.2e-5	0.0	0.0	0.0	0.0	0.540043	0.0	0.0	0.0	0.459957	0.0	0.0	0.0	0.0	
207	2734	5425.055377261	2442.1	2442.1	0.002969	0.0	2517	0	0	0	213	0	0	0	0	0.0	0.0	0.0	0.0	0.000271	0.0	0.0	0.0	0.0	1.01151	0.0	0.0	0.0	5205.46	0.0	0.0	0.0	0.0	0.000402	0.0	0.0	0.0	24.4388	0.0	0.0	0.0	0.0	17	0	0	0	23	0	0	0	0	143	0	0	0	22	0	0	0	0	1171	0	0	0	168	0	0	0	0	315	0	0	0	0	0	0	0	0	52	0	0	0	0	0	0	0	0	819	0	0	0	0	0	0	0	0	1.2e-5	0.0	0.0	0.0	1.1e-5	0.0	0.0	0.0	0.0	0.51524	0.0	0.0	0.0	0.48476	0.0	0.0	0.0	0.0	
208	2736	5497.931158857	2442.1	2442.1	0.002947	0.0	2518	0	0	0	214	0	0	0	0	0.0	0.0	0.0	0.0	0.000245	0.0	0.0	0.0	0.0	1.01184	0.0	0.0	0.0	5278.34	0.0	0.0	0.0	0.0	0.000402	0.0	0.0	0.0	24.6651	0.0	0.0	0.0	0.0	17	0	0	0	23	0	0	0	0	143	0	0	0	22	0	0	0	0	1171	0	0	0	169	0	0	0	0	315	0	0	0	0	0	0	0	0	53	0	0	0	0	0	0	0	0	819	0	0	0	0	0	0	0	0	1.1e-5	0.0	0.0	0.0	1.0e-5	0.0	0.0	0.0	0.0	0.517821	0.0	0.0	0.0	0.482179	0.0	0.0	0.0	0.0	
209	2738	5506.187725841	2442.1	2442.1	0.002562	0.0	2519	0	0	0	215	0	0	0	0	0.0	0.0	0.0	0.0	0.000221	0.0	0.0	0.0	0.0	1.01207	0.0	0.0	0.0	5286.59	0.0	0.0	0.0	0.0	0.000402	0.0	0.0	0.0	24.5888	0.0	0.0	0.0	0.0	17	0	0	0	23	0	0	0	0	143	0	0	0	22	0	0	0	0	1171	0	0	0	170	0	0	0	0	315	0	0	0	0	0	0	0	0	53	0	0	0	0	0	0	0	0	820	0	0	0	0	0	0	0	0	1.0e-5	0.0	0.0	0.0	9.0e-6	0.0	0.0	0.0	0.0	0.517631	0.0	0.0	0.0	0.482369	0.0	0.0	0.0	0.0	
210	2739	5509.115619324	2442.1	2442.1	0.002522	0.0	2519	0	0	0	216	0	0	0	0	0.0	0.0	0.0	0.0	0.000199	0.0	0.0	0.0	0.0	1.01207	0.0	0.0	0.0	5289.52	0.0	0.0	0.0	0.0	0.000402	0.0	0.0	0.0	24.4885	0.0	0.0	0.0	0.0	17	0	0	0	23	0	0	0	0	143	0	0	0	22	0	0	0	0	1171	0	0	0	171	0	0	0	0	315	0	0	0	0	0	0	0	0	53	0	0	0	0	0	0	0	0	820	0	0	0	0	0	0	0	0	1.0e-5	0.0	0.0	0.0	8.0e-6	0.0	0.0	0.0	0.0	0.54285	0.0	0.0	0.0	0.45715	0.0	0.0	0.0	0.0	
211	2744	5527.015743198	2442.1	2442.1	0.002507	0.0	2523	0	0	0	217	0	0	0	0	0.0	0.0	0.0	0.0	0.000181	0.0	0.0	0.0	0.0	1.01287	0.0	0.0	0.0	5307.42	0.0	0.0	0.0	0.0	0.000401	0.0	0.0	0.0	24.4582	0.0	0.0	0.0	0.0	17	0	0	0	23	0	0	0	0	143	0	0	0	22	0	0	0	0	1171	0	0	0	172	0	0	0	0	316	0	0	0	0	0	0	0	0	53	0	0	0	0	0	0	0	0	823	0	0	0	0	0	0	0	0	6.0e-6	0.0	0.0	0.0	7.0e-6	0.0	0.0	0.0	0.0	0.46417	0.0	0.0	0.0	0.53583	0.0	0.0	0.0	0.0	
212	2746	5534.456348365	2442.1	2442.1	0.002423	0.0	2524	0	0	0	218	0	0	0	0	0.0	0.0	0.0	0.0	0.000165	0.0	0.0	0.0	0.0	1.01309	0.0	0.0	0.0	5314.86	0.0	0.0	0.0	0.0	0.000401	0.0	0.0	0.0	24.3801	0.0	0.0	0.0	0.0	17	0	0	0	23	0	0	0	0	143	0	0	0	22	0	0	0	0	1171	0	0	0	173	0	0	0	0	316	0	0	0	0	0	0	0	0	53	0	0	0	0	0	0	0	0	824	0	0	0	0	0	0	0	0	6.0e-6	0.0	0.0	0.0	7.0e-6	0.0	0.0	0.0	0.0	0.460396	0.0	0.0	0.0	0.539604	0.0	0.0	0.0	0.0	
213	2747	5541.275674222	2442.1	2442.1	0.002388	0.0	2524	0	0	0	219	0	0	0	0	0.0	0.0	0.0	0.0	0.00015	0.0	0.0	0.0	0.0	1.01309	0.0	0.0	0.0	5321.68	0.0	0.0	0.0	0.0	0.000401	0.0	0.0	0.0	24.2999	0.0	0.0	0.0	0.0	17	0	0	0	23	0	0	0	0	143	0	0	0	22	0	0	0	0	1171	0	0	0	174	0	0	0	0	316	0	0	0	0	0	0	0	0	53	0	0	0	0	0	0	0	0	824	0	0	0	0	0	0	0	0	6.0e-6	0.0	0.0	0.0	6.0e-6	0.0	0.0	0.0	0.0	0.483803	0.0	0.0	0.0	0.516197	0.0	0.0	0.0	0.0	
214	2753	5548.331509708	2442.1	2442.1	0.002357	0.0	2529	0	0	0	220	0	0	0	0	0.0	0.0	0.0	0.0	0.000135	0.0	0.0	0.0	0.0	1.01401	0.0	0.0	0.0	5328.73	0.0	0.0	0.0	0.0	0.000401	0.0	0.0	0.0	24.2215	0.0	0.0	0.0	0.0	17	0	0	0	23	0	0	0	0	143	0	0	0	22	0	0	0	0	1172	0	0	0	175	0	0	0	0	316	0	0	0	0	0	0	0	0	53	0	0	0	0	0	0	0	0	828	0	0	0	0	0	0	0	0	5.0e-6	0.0	0.0	0.0	6.0e-6	0.0	0.0	0.0	0.0	0.49379	0.0	0.0	0.0	0.50621	0.0	0.0	0.0	0.0	
215	2754	5563.804262133	2442.1	2442.1	0.002325	0.0	2529	0	0	0	221	0	0	0	0	0.0	0.0	0.0	0.0	0.000122	0.0	0.0	0.0	0.0	1.01401	0.0	0.0	0.0	5344.21	0.0	0.0	0.0	0.0	0.000401	0.0	0.0	0.0	24.1819	0.0	0.0	0.0	0.0	17	0	0	0	23	0	0	0	0	143	0	0	0	22	0	0	0	0	1172	0	0	0	176	0	0	0	0	316	0	0	0	0	0	0	0	0	53	0	0	0	0	0	0	0	0	828	0	0	0	0	0	0	0	0	5.0e-6	0.0	0.0	0.0	5.0e-6	0.0	0.0	0.0	0.0	0.519369	0.0	0.0	0.0	0.480631	0.0	0.0	0.0	0.0	
216	2755	5574.41645546	2442.1	2442.1	0.002257	0.0	2529	0	0	0	222	0	0	0	0	0.0	0.0	0.0	0.0	0.00011	0.0	0.0	0.0	0.0	1.01401	0.0	0.0	0.0	5354.82	0.0	0.0	0.0	0.0	0.000401	0.0	0.0	0.0	24.1208	0.0	0.0	0.0	0.0	17	0	0	0	23	0	0	0	0	143	0	0	0	22	0	0	0	0	1172	0	0	0	177	0	0	0	0	316	0	0	0	0	0	0	0	0	53	0	0	0	0	0	0	0	0	828	0	0	0	0	0	0	0	0	5.0e-6	0.0	0.0	0.0	5.0e-6	0.0	0.0	0.0	0.0	0.544962	0.0	0.0	0.0	0.455038	0.0	0.0	0.0	0.0	
217	2757	5593.097917029	2442.1	2442.1	0.002211	0.0	2530	0	0	0	223	0	0	0	0	0.0	0.0	0.0	0.0	9.9e-5	0.0	0.0	0.0	0.0	1.01423	0.0	0.0	0.0	5373.5	0.0	0.0	0.0	0.0	0.000401	0.0	0.0	0.0	24.0964	0.0	0.0	0.0	0.0	17	0	0	0	23	0	0	0	0	143	0	0	0	22	0	0	0	0	1172	0	0	0	178	0	0	0	0	316	0	0	0	0	0	0	0	0	53	0	0	0	0	0	0	0	0	829	0	0	0	0	0	0	0	0	5.0e-6	0.0	0.0	0.0	4.0e-6	0.0	0.0	0.0	0.0	0.547015	0.0	0.0	0.0	0.452985	0.0	0.0	0.0	0.0	
218	2758	5602.175898906	2442.1	2442.1	0.002133	0.0	2530	0	0	0	224	0	0	0	0	0.0	0.0	0.0	0.0	8.9e-5	0.0	0.0	0.0	0.0	1.01423	0.0	0.0	0.0	5382.58	0.0	0.0	0.0	0.0	0.000401	0.0	0.0	0.0	24.0294	0.0	0.0	0.0	0.0	17	0	0	0	23	0	0	0	0	143	0	0	0	22	0	0	0	0	1172	0	0	0	179	0	0	0	0	316	0	0	0	0	0	0	0	0	53	0	0	0	0	0	0	0	0	829	0	0	0	0	0	0	0	0	5.0e-6	0.0	0.0	0.0	4.0e-6	0.0	0.0	0.0	0.0	0.572285	0.0	0.0	0.0	0.427715	0.0	0.0	0.0	0.0	
219	2761	5612.085555985	2442.1	2442.1	0.002097	0.0	2532	0	0	0	225	0	0	0	0	0.0	0.0	0.0	0.0	8.0e-5	0.0	0.0	0.0	0.0	1.01458	0.0	0.0	0.0	5392.49	0.0	0.0	0.0	0.0	0.000401	0.0	0.0	0.0	23.9666	0.0	0.0	0.0	0.0	17	0	0	0	23	0	0	0	0	143	0	0	0	22	0	0	0	0	1172	0	0	0	180	0	0	0	0	316	0	0	0	0	0	0	0	0	53	0	0	0	0	0	0	0	0	831	0	0	0	0	0	0	0	0	4.0e-6	0.0	0.0	0.0	3.0e-6	0.0	0.0	0.0	0.0	0.551711	0.0	0.0	0.0	0.448289	0.0	0.0	0.0	0.0	
220	2763	5681.705348231	2442.1	2442.1	0.002057	0.0	2533	0	0	0	226	0	0	0	0	0.0	0.0	0.0	0.0	7.2e-5	0.0	0.0	0.0	0.0	1.01478	0.0	0.0	0.0	5462.11	0.0	0.0	0.0	0.0	0.000401	0.0	0.0	0.0	24.1686	0.0	0.0	0.0	0.0	17	0	0	0	23	0	0	0	0	143	0	0	0	22	0	0	0	0	1172	0	0	0	181	0	0	0	0	316	0	0	0	0	0	0	0	0	53	0	0	0	0	0	0	0	0	832	0	0	0	0	0	0	0	0	4.0e-6	0.0	0.0	0.0	3.0e-6	0.0	0.0	0.0	0.0	0.556391	0.0	0.0	0.0	0.443609	0.0	0.0	0.0	0.0	
221	2764	5684.290978323	2442.1	2442.1	0.001799	0.0	2533	0	0	0	227	0	0	0	0	0.0	0.0	0.0	0.0	6.5e-5	0.0	0.0	0.0	0.0	1.01478	0.0	0.0	0.0	5464.69	0.0	0.0	0.0	0.0	0.000401	0.0	0.0	0.0	24.0735	0.0	0.0	0.0	0.0	17	0	0	0	23	0	0	0	0	143	0	0	0	22	0	0	0	0	1172	0	0	0	182	0	0	0	0	316	0	0	0	0	0	0	0	0	53	0	0	0	0	0	0	0	0	832	0	0	0	0	0	0	0	0	4.0e-6	0.0	0.0	0.0	3.0e-6	0.0	0.0	0.0	0.0	0.581256	0.0	0.0	0.0	0.418744	0.0	0.0	0.0	0.0	
222	2765	5690.87160138	2442.1	2442.1	0.00179	0.0	2533	0	0	0	228	0	0	0	0	0.0	0.0	0.0	0.0	5.8e-5	0.0	0.0	0.0	0.0	1.01478	0.0	0.0	0.0	5471.27	0.0	0.0	0.0	0.0	0.000401	0.0	0.0	0.0	23.9968	0.0	0.0	0.0	0.0	17	0	0	0	23	0	0	0	0	143	0	0	0	22	0	0	0	0	1172	0	0	0	183	0	0	0	0	316	0	0	0	0	0	0	0	0	53	0	0	0	0	0	0	0	0	832	0	0	0	0	0	0	0	0	4.0e-6	0.0	0.0	0.0	2.0e-6	0.0	0.0	0.0	0.0	0.605894	0.0	0.0	0.0	0.394106	0.0	0.0	0.0	0.0	
223	2766	5705.788778617	2442.1	2442.1	0.001768	0.0	2533	0	0	0	229	0	0	0	0	0.0	0.0	0.0	0.0	5.3e-5	0.0	0.0	0.0	0.0	1.01478	0.0	0.0	0.0	5486.19	0.0	0.0	0.0	0.0	0.000401	0.0	0.0	0.0	23.9572	0.0	0.0	0.0	0.0	17	0	0	0	23	0	0	0	0	143	0	0	0	22	0	0	0	0	1172	0	0	0	184	0	0	0	0	316	0	0	0	0	0	0	0	0	53	0	0	0	0	0	0	0	0	832	0	0	0	0	0	0	0	0	4.0e-6	0.0	0.0	0.0	2.0e-6	0.0	0.0	0.0	0.0	0.630362	0.0	0.0	0.0	0.369638	0.0	0.0	0.0	0.0	
224	2770	5712.014791556	2442.1	2442.1	0.001718	0.0	2536	0	0	0	230	0	0	0	0	0.0	0.0	0.0	0.0	4.7e-5	0.0	0.0	0.0	0.0	1.01546	0.0	0.0	0.0	5492.42	0.0	0.0	0.0	0.0	0.0004	0.0	0.0	0.0	23.8801	0.0	0.0	0.0	0.0	17	0	0	0	23	0	0	0	0	143	0	0	0	22	0	0	0	0	1173	0	0	0	185	0	0	0	0	316	0	0	0	0	0	0	0	0	53	0	0	0	0	0	0	0	0	834	0	0	0	0	0	0	0	0	5.0e-6	0.0	0.0	0.0	2.0e-6	0.0	0.0	0.0	0.0	0.716705	0.0	0.0	0.0	0.283295	0.0	0.0	0.0	0.0	
225	2772	5719.734866034	2442.1	2442.1	0.001697	0.0	2537	0	0	0	231	0	0	0	0	0.0	0.0	0.0	0.0	4.3e-5	0.0	0.0	0.0	0.0	1.01565	0.0	0.0	0.0	5500.14	0.0	0.0	0.0	0.0	0.0004	0.0	0.0	0.0	23.8101	0.0	0.0	0.0	0.0	17	0	0	0	23	0	0	0	0	143	0	0	0	22	0	0	0	0	1173	0	0	0	186	0	0	0	0	316	0	0	0	0	0	0	0	0	53	0	0	0	0	0	0	0	0	835	0	0	0	0	0	0	0	0	5.0e-6	0.0	0.0	0.0	2.0e-6	0.0	0.0	0.0	0.0	0.722816	0.0	0.0	0.0	0.277184	0.0	0.0	0.0	0.0	
226	2775	5727.571981287	2442.1	2442.1	0.001672	0.0	2539	0	0	0	232	0	0	0	0	0.0	0.0	0.0	0.0	3.8e-5	0.0	0.0	0.0	0.0	1.01599	0.0	0.0	0.0	5507.97	0.0	0.0	0.0	0.0	0.0004	0.0	0.0	0.0	23.7413	0.0	0.0	0.0	0.0	17	0	0	0	23	0	0	0	0	143	0	0	0	22	0	0	0	0	1173	0	0	0	187	0	0	0	0	316	0	0	0	0	0	0	0	0	53	0	0	0	0	0	0	0	0	837	0	0	0	0	0	0	0	0	4.0e-6	0.0	0.0	0.0	2.0e-6	0.0	0.0	0.0	0.0	0.714322	0.0	0.0	0.0	0.285678	0.0	0.0	0.0	0.0	
227	2778	5729.890794821	2442.1	2442.1	0.001647	0.0	2541	0	0	0	233	0	0	0	0	0.0	0.0	0.0	0.0	3.4e-5	0.0	0.0	0.0	0.0	1.01632	0.0	0.0	0.0	5510.29	0.0	0.0	0.0	0.0	0.0004	0.0	0.0	0.0	23.6493	0.0	0.0	0.0	0.0	17	0	0	0	23	0	0	0	0	143	0	0	0	22	0	0	0	0	1173	0	0	0	188	0	0	0	0	316	0	0	0	0	0	0	0	0	53	0	0	0	0	0	0	0	0	839	0	0	0	0	0	0	0	0	3.0e-6	0.0	0.0	0.0	1.0e-6	0.0	0.0	0.0	0.0	0.705085	0.0	0.0	0.0	0.294915	0.0	0.0	0.0	0.0	
228	2792	5735.920809539	2442.1	2442.1	0.001638	0.0	2553	0	0	0	235	0	0	0	0	0.0	0.0	0.0	0.0	2.8e-5	0.0	0.0	0.0	0.0	1.01854	0.0	0.0	0.0	5516.32	0.0	0.0	0.0	0.0	0.000399	0.0	0.0	0.0	23.4737	0.0	0.0	0.0	0.0	17	0	0	0	23	0	0	0	0	143	0	0	0	22	0	0	0	0	1175	0	0	0	190	0	0	0	0	320	0	0	0	0	0	0	0	0	54	0	0	0	0	0	0	0	0	844	0	0	0	0	0	0	0	0	3.0e-6	0.0	0.0	0.0	1.0e-6	0.0	0.0	0.0	0.0	0.741513	0.0	0.0	0.0	0.258487	0.0	0.0	0.0	0.0	
229	2793	5749.376935961	2442.1	2442.1	0.001621	0.0	2553	0	0	0	236	0	0	0	0	0.0	0.0	0.0	0.0	2.5e-5	0.0	0.0	0.0	0.0	1.01854	0.0	0.0	0.0	5529.77	0.0	0.0	0.0	0.0	0.000399	0.0	0.0	0.0	23.4312	0.0	0.0	0.0	0.0	17	0	0	0	23	0	0	0	0	143	0	0	0	22	0	0	0	0	1175	0	0	0	191	0	0	0	0	320	0	0	0	0	0	0	0	0	54	0	0	0	0	0	0	0	0	844	0	0	0	0	0	0	0	0	3.0e-6	0.0	0.0	0.0	1.0e-6	0.0	0.0	0.0	0.0	0.760852	0.0	0.0	0.0	0.239148	0.0	0.0	0.0	0.0	
230	2803	5750.863709434	2442.1	2442.1	0.00158	0.0	2562	0	0	0	237	0	0	0	0	0.0	0.0	0.0	0.0	2.3e-5	0.0	0.0	0.0	0.0	1.01998	0.0	0.0	0.0	5531.26	0.0	0.0	0.0	0.0	0.000398	0.0	0.0	0.0	23.3387	0.0	0.0	0.0	0.0	17	0	0	0	23	0	0	0	0	143	0	0	0	22	0	0	0	0	1177	0	0	0	192	0	0	0	0	321	0	0	0	0	0	0	0	0	54	0	0	0	0	0	0	0	0	850	0	0	0	0	0	0	0	0	4.0e-6	0.0	0.0	0.0	1.0e-6	0.0	0.0	0.0	0.0	0.82071	0.0	0.0	0.0	0.17929	0.0	0.0	0.0	0.0	
231	2812	5865.237447308	2442.1	2442.1	0.001575	0.0	2570	0	0	0	238	0	0	0	0	0.0	0.0	0.0	0.0	2.0e-5	0.0	0.0	0.0	0.0	1.02146	0.0	0.0	0.0	5645.63	0.0	0.0	0.0	0.0	0.000397	0.0	0.0	0.0	23.7211	0.0	0.0	0.0	0.0	17	0	0	0	23	0	0	0	0	143	0	0	0	22	0	0	0	0	1178	0	0	0	193	0	0	0	0	325	0	0	0	0	0	0	0	0	54	0	0	0	0	0	0	0	0	853	0	0	0	0	0	0	0	0	4.0e-6	0.0	0.0	0.0	1.0e-6	0.0	0.0	0.0	0.0	0.814212	0.0	0.0	0.0	0.185788	0.0	0.0	0.0	0.0	
232	2840	5931.11256839	2442.1	2442.1	0.001262	0.0	2596	0	0	0	240	0	0	0	0	0.0	0.0	0.0	0.0	1.6e-5	0.0	0.0	0.0	0.0	1.0262	0.0	0.0	0.0	5711.5	0.0	0.0	0.0	0.0	0.000395	0.0	0.0	0.0	23.7979	0.0	0.0	0.0	0.0	17	0	0	0	23	0	0	0	0	143	0	0	0	22	0	0	0	0	1181	0	0	0	195	0	0	0	0	334	0	0	0	0	0	0	0	0	54	0	0	0	0	0	0	0	0	867	0	0	0	0	0	0	0	0	2.0e-6	0.0	0.0	0.0	1.0e-6	0.0	0.0	0.0	0.0	0.732137	0.0	0.0	0.0	0.267863	0.0	0.0	0.0	0.0	
233	2844	5938.165896076	2442.1	2442.1	0.001114	0.0	2599	0	0	0	241	0	0	0	0	0.0	0.0	0.0	0.0	1.5e-5	0.0	0.0	0.0	0.0	1.03452	0.0	0.0	0.0	5718.55	0.0	0.0	0.0	0.0	0.000398	0.0	0.0	0.0	23.7284	0.0	0.0	0.0	0.0	17	0	0	0	23	0	0	0	0	143	0	0	0	22	0	0	0	0	1182	0	0	0	196	0	0	0	0	334	0	0	0	0	0	0	0	0	54	0	0	0	0	0	0	0	0	869	0	0	0	0	0	0	0	0	3.0e-6	0.0	0.0	0.0	1.0e-6	0.0	0.0	0.0	0.0	0.83039	0.0	0.0	0.0	0.16961	0.0	0.0	0.0	0.0	
234	2859	5950.554030442	2442.1	2442.1	0.001099	0.0	2613	0	0	0	242	0	0	0	0	0.0	0.0	0.0	0.0	1.3e-5	0.0	0.0	0.0	0.0	1.03702	0.0	0.0	0.0	5730.93	0.0	0.0	0.0	0.0	0.000397	0.0	0.0	0.0	23.6815	0.0	0.0	0.0	0.0	17	0	0	0	23	0	0	0	0	143	0	0	0	22	0	0	0	0	1184	0	0	0	197	0	0	0	0	338	0	0	0	0	0	0	0	0	54	0	0	0	0	0	0	0	0	877	0	0	0	0	0	0	0	0	4.0e-6	0.0	0.0	0.0	1.0e-6	0.0	0.0	0.0	0.0	0.870056	0.0	0.0	0.0	0.129944	0.0	0.0	0.0	0.0	
235	2861	5957.493621484	2442.1	2442.1	0.001073	0.0	2614	0	0	0	243	0	0	0	0	0.0	0.0	0.0	0.0	1.2e-5	0.0	0.0	0.0	0.0	1.03724	0.0	0.0	0.0	5737.87	0.0	0.0	0.0	0.0	0.000397	0.0	0.0	0.0	23.6126	0.0	0.0	0.0	0.0	17	0	0	0	23	0	0	0	0	143	0	0	0	22	0	0	0	0	1184	0	0	0	198	0	0	0	0	338	0	0	0	0	0	0	0	0	54	0	0	0	0	0	0	0	0	878	0	0	0	0	0	0	0	0	4.0e-6	0.0	0.0	0.0	1.0e-6	0.0	0.0	0.0	0.0	0.874879	0.0	0.0	0.0	0.125121	0.0	0.0	0.0	0.0	
236	2879	5959.94727315	2442.1	2442.1	0.001059	0.0	2631	0	0	0	244	0	0	0	0	0.0	0.0	0.0	0.0	1.1e-5	0.0	0.0	0.0	0.0	1.04012	0.0	0.0	0.0	5740.32	0.0	0.0	0.0	0.0	0.000395	0.0	0.0	0.0	23.5259	0.0	0.0	0.0	0.0	17	0	0	0	23	0	0	0	0	143	0	0	0	22	0	0	0	0	1185	0	0	0	199	0	0	0	0	343	0	0	0	0	0	0	0	0	55	0	0	0	0	0	0	0	0	888	0	0	0	0	0	0	0	0	2.0e-6	0.0	0.0	0.0	0.0	0.0	0.0	0.0	0.0	0.799425	0.0	0.0	0.0	0.200575	0.0	0.0	0.0	0.0	
237	2883	5971.163928107	2442.1	2442.1	0.001054	0.0	2634	0	0	0	245	0	0	0	0	0.0	0.0	0.0	0.0	1.0e-5	0.0	0.0	0.0	0.0	1.04079	0.0	0.0	0.0	5751.54	0.0	0.0	0.0	0.0	0.000395	0.0	0.0	0.0	23.4757	0.0	0.0	0.0	0.0	17	0	0	0	23	0	0	0	0	143	0	0	0	22	0	0	0	0	1185	0	0	0	200	0	0	0	0	344	0	0	0	0	0	0	0	0	55	0	0	0	0	0	0	0	0	890	0	0	0	0	0	0	0	0	2.0e-6	0.0	0.0	0.0	0.0	0.0	0.0	0.0	0.0	0.784117	0.0	0.0	0.0	0.215883	0.0	0.0	0.0	0.0	
238	2886	6058.707421903	2441.65	2441.65	0.001031	0.0	2636	0	0	0	246	0	0	0	0	0.0	0.0	0.0	0.0	0.100009	0.0	0.0	0.0	0.0	1.04116	0.0	0.0	0.0	5839.08	0.0	0.0	0.0	0.0	0.000395	0.0	0.0	0.0	23.7361	0.0	0.0	0.0	0.0	17	0	0	0	24	0	0	0	0	143	0	0	0	22	0	0	0	0	1185	0	0	0	200	0	0	0	0	344	0	0	0	0	0	0	0	0	55	0	0	0	0	0	0	0	0	892	0	0	0	0	0	0	0	0	1.0e-6	0.0	0.0	0.0	0.004213	0.0	0.0	0.0	0.0	0.000313	0.0	0.0	0.0	0.999687	0.0	0.0	0.0	0.0	
239	2887	6083.342266627	2441.65	2441.65	0.000871	0.0	2636	0	0	0	247	0	0	0	0	0.0	0.0	0.0	0.0	0.095007	0.0	0.0	0.0	0.0	1.04116	0.0	0.0	0.0	5863.72	0.0	0.0	0.0	0.0	0.000395	0.0	0.0	0.0	23.7397	0.0	0.0	0.0	0.0	17	0	0	0	24	0	0	0	0	143	0	0	0	22	0	0	0	0	1185	0	0	0	201	0	0	0	0	344	0	0	0	0	0	0	0	0	55	0	0	0	0	0	0	0	0	892	0	0	0	0	0	0	0	0	1.0e-6	0.0	0.0	0.0	0.004002	0.0	0.0	0.0	0.0	0.00033	0.0	0.0	0.0	0.99967	0.0	0.0	0.0	0.0	
240	2888	6187.118852285	2441.65	2441.65	0.000831	0.0	2636	0	0	0	248	0	0	0	0	0.0	0.0	0.0	0.0	0.090255	0.0	0.0	0.0	0.0	1.04116	0.0	0.0	0.0	5967.49	0.0	0.0	0.0	0.0	0.000395	0.0	0.0	0.0	24.0625	0.0	0.0	0.0	0.0	17	0	0	0	24	0	0	0	0	143	0	0	0	22	0	0	0	0	1185	0	0	0	202	0	0	0	0	344	0	0	0	0	0	0	0	0	55	0	0	0	0	0	0	0	0	892	0	0	0	0	0	0	0	0	1.0e-6	0.0	0.0	0.0	0.003751	0.0	0.0	0.0	0.0	0.000352	0.0	0.0	0.0	0.999648	0.0	0.0	0.0	0.0	
241	2889	6213.489376396	2441.65	2441.65	0.000681	0.0	2636	0	0	0	249	0	0	0	0	0.0	0.0	0.0	0.0	0.08574	0.0	0.0	0.0	0.0	1.04116	0.0	0.0	0.0	5993.86	0.0	0.0	0.0	0.0	0.000395	0.0	0.0	0.0	24.0717	0.0	0.0	0.0	0.0	17	0	0	0	24	0	0	0	0	143	0	0	0	22	0	0	0	0	1185	0	0	0	203	0	0	0	0	344	0	0	0	0	0	0	0	0	55	0	0	0	0	0	0	0	0	892	0	0	0	0	0	0	0	0	1.0e-6	0.0	0.0	0.0	0.003562	0.0	0.0	0.0	0.0	0.000371	0.0	0.0	0.0	0.999629	0.0	0.0	0.0	0.0	
242	2891	6214.875099248	2441.65	2441.65	0.000646	0.0	2636	0	0	0	251	0	0	0	0	0.0	0.0	0.0	0.0	0.077378	0.0	0.0	0.0	0.0	1.04116	0.0	0.0	0.0	5995.25	0.0	0.0	0.0	0.0	0.000395	0.0	0.0	0.0	23.8855	0.0	0.0	0.0	0.0	17	0	0	0	24	0	0	0	0	143	0	0	0	22	0	0	0	0	1185	0	0	0	205	0	0	0	0	344	0	0	0	0	0	0	0	0	55	0	0	0	0	0	0	0	0	892	0	0	0	0	0	0	0	0	1.0e-6	0.0	0.0	0.0	0.00324	0.0	0.0	0.0	0.0	0.000408	0.0	0.0	0.0	0.999592	0.0	0.0	0.0	0.0	
243	2892	6261.483874218	2441.65	2441.65	0.000645	0.0	2636	0	0	0	252	0	0	0	0	0.0	0.0	0.0	0.0	0.073507	0.0	0.0	0.0	0.0	1.04116	0.0	0.0	0.0	6041.86	0.0	0.0	0.0	0.0	0.000395	0.0	0.0	0.0	23.9756	0.0	0.0	0.0	0.0	17	0	0	0	24	0	0	0	0	143	0	0	0	22	0	0	0	0	1185	0	0	0	206	0	0	0	0	344	0	0	0	0	0	0	0	0	55	0	0	0	0	0	0	0	0	892	0	0	0	0	0	0	0	0	1.0e-6	0.0	0.0	0.0	0.003066	0.0	0.0	0.0	0.0	0.000431	0.0	0.0	0.0	0.999569	0.0	0.0	0.0	0.0	
244	2893	6344.333453867	2441.65	2441.65	0.00059	0.0	2636	0	0	0	253	0	0	0	0	0.0	0.0	0.0	0.0	0.06983	0.0	0.0	0.0	0.0	1.04116	0.0	0.0	0.0	6124.71	0.0	0.0	0.0	0.0	0.000395	0.0	0.0	0.0	24.2083	0.0	0.0	0.0	0.0	17	0	0	0	24	0	0	0	0	143	0	0	0	22	0	0	0	0	1185	0	0	0	207	0	0	0	0	344	0	0	0	0	0	0	0	0	55	0	0	0	0	0	0	0	0	892	0	0	0	0	0	0	0	0	1.0e-6	0.0	0.0	0.0	0.002885	0.0	0.0	0.0	0.0	0.000458	0.0	0.0	0.0	0.999542	0.0	0.0	0.0	0.0	
245	2894	6524.39540814	2441.65	2441.65	0.000503	0.0	2636	0	0	0	254	0	0	0	0	0.0	0.0	0.0	0.0	0.066337	0.0	0.0	0.0	0.0	1.04116	0.0	0.0	0.0	6304.77	0.0	0.0	0.0	0.0	0.000395	0.0	0.0	0.0	24.8219	0.0	0.0	0.0	0.0	17	0	0	0	24	0	0	0	0	143	0	0	0	22	0	0	0	0	1185	0	0	0	208	0	0	0	0	344	0	0	0	0	0	0	0	0	55	0	0	0	0	0	0	0	0	892	0	0	0	0	0	0	0	0	1.0e-6	0.0	0.0	0.0	0.002673	0.0	0.0	0.0	0.0	0.000494	0.0	0.0	0.0	0.999506	0.0	0.0	0.0	0.0	
246	2895	6527.573546715	2441.65	2441.65	0.000356	0.0	2636	0	0	0	255	0	0	0	0	0.0	0.0	0.0	0.0	0.063019	0.0	0.0	0.0	0.0	1.04116	0.0	0.0	0.0	6307.95	0.0	0.0	0.0	0.0	0.000395	0.0	0.0	0.0	24.7371	0.0	0.0	0.0	0.0	17	0	0	0	24	0	0	0	0	143	0	0	0	22	0	0	0	0	1185	0	0	0	209	0	0	0	0	344	0	0	0	0	0	0	0	0	55	0	0	0	0	0	0	0	0	892	0	0	0	0	0	0	0	0	1.0e-6	0.0	0.0	0.0	0.002548	0.0	0.0	0.0	0.0	0.000518	0.0	0.0	0.0	0.999482	0.0	0.0	0.0	0.0	
247	2896	6530.538254827	2441.65	2441.65	0.000354	0.0	2636	0	0	0	256	0	0	0	0	0.0	0.0	0.0	0.0	0.059866	0.0	0.0	0.0	0.0	1.04116	0.0	0.0	0.0	6310.91	0.0	0.0	0.0	0.0	0.000395	0.0	0.0	0.0	24.652	0.0	0.0	0.0	0.0	17	0	0	0	24	0	0	0	0	143	0	0	0	22	0	0	0	0	1185	0	0	0	210	0	0	0	0	344	0	0	0	0	0	0	0	0	55	0	0	0	0	0	0	0	0	892	0	0	0	0	0	0	0	0	1.0e-6	0.0	0.0	0.0	0.002428	0.0	0.0	0.0	0.0	0.000544	0.0	0.0	0.0	0.999456	0.0	0.0	0.0	0.0	
248	2897	6533.936978912	2441.65	2441.65	0.000352	0.0	2636	0	0	0	257	0	0	0	0	0.0	0.0	0.0	0.0	0.056871	0.0	0.0	0.0	0.0	1.04116	0.0	0.0	0.0	6314.31	0.0	0.0	0.0	0.0	0.000395	0.0	0.0	0.0	24.5693	0.0	0.0	0.0	0.0	17	0	0	0	24	0	0	0	0	143	0	0	0	22	0	0	0	0	1185	0	0	0	211	0	0	0	0	344	0	0	0	0	0	0	0	0	55	0	0	0	0	0	0	0	0	892	0	0	0	0	0	0	0	0	1.0e-6	0.0	0.0	0.0	0.002315	0.0	0.0	0.0	0.0	0.00057	0.0	0.0	0.0	0.99943	0.0	0.0	0.0	0.0	
249	2898	6557.003889593	2441.65	2441.65	0.000349	0.0	2636	0	0	0	258	0	0	0	0	0.0	0.0	0.0	0.0	0.054026	0.0	0.0	0.0	0.0	1.04116	0.0	0.0	0.0	6337.38	0.0	0.0	0.0	0.0	0.000395	0.0	0.0	0.0	24.5635	0.0	0.0	0.0	0.0	17	0	0	0	24	0	0	0	0	143	0	0	0	22	0	0	0	0	1185	0	0	0	212	0	0	0	0	344	0	0	0	0	0	0	0	0	55	0	0	0	0	0	0	0	0	892	0	0	0	0	0	0	0	0	1.0e-6	0.0	0.0	0.0	0.002199	0.0	0.0	0.0	0.0	0.0006	0.0	0.0	0.0	0.9994	0.0	0.0	0.0	0.0	
250	2899	6609.550637585	2441.65	2441.65	0.000334	0.0	2636	0	0	0	259	0	0	0	0	0.0	0.0	0.0	0.0	0.051323	0.0	0.0	0.0	0.0	1.04116	0.0	0.0	0.0	6389.93	0.0	0.0	0.0	0.0	0.000395	0.0	0.0	0.0	24.6715	0.0	0.0	0.0	0.0	17	0	0	0	24	0	0	0	0	143	0	0	0	22	0	0	0	0	1185	0	0	0	213	0	0	0	0	344	0	0	0	0	0	0	0	0	55	0	0	0	0	0	0	0	0	892	0	0	0	0	0	0	0	0	1.0e-6	0.0	0.0	0.0	0.00208	0.0	0.0	0.0	0.0	0.000634	0.0	0.0	0.0	0.999366	0.0	0.0	0.0	0.0	
251	2900	6626.791205707	2441.65	2441.65	0.000302	0.0	2636	0	0	0	260	0	0	0	0	0.0	0.0	0.0	0.0	0.048755	0.0	0.0	0.0	0.0	1.04116	0.0	0.0	0.0	6407.17	0.0	0.0	0.0	0.0	0.000395	0.0	0.0	0.0	24.6429	0.0	0.0	0.0	0.0	17	0	0	0	24	0	0	0	0	143	0	0	0	22	0	0	0	0	1185	0	0	0	214	0	0	0	0	344	0	0	0	0	0	0	0	0	55	0	0	0	0	0	0	0	0	892	0	0	0	0	0	0	0	0	1.0e-6	0.0	0.0	0.0	0.001978	0.0	0.0	0.0	0.0	0.000667	0.0	0.0	0.0	0.999333	0.0	0.0	0.0	0.0	
252	2901	6630.373296145	2441.65	2441.65	0.000292	0.0	2636	0	0	0	261	0	0	0	0	0.0	0.0	0.0	0.0	0.046316	0.0	0.0	0.0	0.0	1.04116	0.0	0.0	0.0	6410.75	0.0	0.0	0.0	0.0	0.000395	0.0	0.0	0.0	24.5623	0.0	0.0	0.0	0.0	17	0	0	0	24	0	0	0	0	143	0	0	0	22	0	0	0	0	1185	0	0	0	215	0	0	0	0	344	0	0	0	0	0	0	0	0	55	0	0	0	0	0	0	0	0	892	0	0	0	0	0	0	0	0	1.0e-6	0.0	0.0	0.0	0.001886	0.0	0.0	0.0	0.0	0.0007	0.0	0.0	0.0	0.9993	0.0	0.0	0.0	0.0	
253	2902	6720.233970787	2441.65	2441.65	0.00029	0.0	2636	0	0	0	262	0	0	0	0	0.0	0.0	0.0	0.0	0.043998	0.0	0.0	0.0	0.0	1.04116	0.0	0.0	0.0	6500.61	0.0	0.0	0.0	0.0	0.000395	0.0	0.0	0.0	24.8115	0.0	0.0	0.0	0.0	17	0	0	0	24	0	0	0	0	143	0	0	0	22	0	0	0	0	1185	0	0	0	216	0	0	0	0	344	0	0	0	0	0	0	0	0	55	0	0	0	0	0	0	0	0	892	0	0	0	0	0	0	0	0	1.0e-6	0.0	0.0	0.0	0.001773	0.0	0.0	0.0	0.0	0.000744	0.0	0.0	0.0	0.999256	0.0	0.0	0.0	0.0	
254	2903	6724.033358307	2441.65	2441.65	0.000244	0.0	2636	0	0	0	263	0	0	0	0	0.0	0.0	0.0	0.0	0.041797	0.0	0.0	0.0	0.0	1.04116	0.0	0.0	0.0	6504.41	0.0	0.0	0.0	0.0	0.000395	0.0	0.0	0.0	24.7316	0.0	0.0	0.0	0.0	17	0	0	0	24	0	0	0	0	143	0	0	0	22	0	0	0	0	1185	0	0	0	217	0	0	0	0	344	0	0	0	0	0	0	0	0	55	0	0	0	0	0	0	0	0	892	0	0	0	0	0	0	0	0	1.0e-6	0.0	0.0	0.0	0.00169	0.0	0.0	0.0	0.0	0.000781	0.0	0.0	0.0	0.999219	0.0	0.0	0.0	0.0	
255	2904	6732.091509658	2441.65	2441.65	0.000242	0.0	2636	0	0	0	264	0	0	0	0	0.0	0.0	0.0	0.0	0.039706	0.0	0.0	0.0	0.0	1.04116	0.0	0.0	0.0	6512.47	0.0	0.0	0.0	0.0	0.000395	0.0	0.0	0.0	24.6684	0.0	0.0	0.0	0.0	17	0	0	0	24	0	0	0	0	143	0	0	0	22	0	0	0	0	1185	0	0	0	218	0	0	0	0	344	0	0	0	0	0	0	0	0	55	0	0	0	0	0	0	0	0	892	0	0	0	0	0	0	0	0	1.0e-6	0.0	0.0	0.0	0.00161	0.0	0.0	0.0	0.0	0.00082	0.0	0.0	0.0	0.99918	0.0	0.0	0.0	0.0	
256	2905	6739.473659233	2441.65	2441.65	0.000239	0.0	2636	0	0	0	265	0	0	0	0	0.0	0.0	0.0	0.0	0.037719	0.0	0.0	0.0	0.0	1.04116	0.0	0.0	0.0	6519.85	0.0	0.0	0.0	0.0	0.000395	0.0	0.0	0.0	24.6032	0.0	0.0	0.0	0.0	17	0	0	0	24	0	0	0	0	143	0	0	0	22	0	0	0	0	1185	0	0	0	219	0	0	0	0	344	0	0	0	0	0	0	0	0	55	0	0	0	0	0	0	0	0	892	0	0	0	0	0	0	0	0	1.0e-6	0.0	0.0	0.0	0.001533	0.0	0.0	0.0	0.0	0.000861	0.0	0.0	0.0	0.999139	0.0	0.0	0.0	0.0	
257	2906	6760.489151076	2441.65	2441.65	0.000235	0.0	2636	0	0	0	266	0	0	0	0	0.0	0.0	0.0	0.0	0.035831	0.0	0.0	0.0	0.0	1.04116	0.0	0.0	0.0	6540.86	0.0	0.0	0.0	0.0	0.000395	0.0	0.0	0.0	24.5897	0.0	0.0	0.0	0.0	17	0	0	0	24	0	0	0	0	143	0	0	0	22	0	0	0	0	1185	0	0	0	220	0	0	0	0	344	0	0	0	0	0	0	0	0	55	0	0	0	0	0	0	0	0	892	0	0	0	0	0	0	0	0	1.0e-6	0.0	0.0	0.0	0.001457	0.0	0.0	0.0	0.0	0.000906	0.0	0.0	0.0	0.999094	0.0	0.0	0.0	0.0	
258	2907	6768.52677962	2441.65	2441.65	0.000226	0.0	2636	0	0	0	267	0	0	0	0	0.0	0.0	0.0	0.0	0.034038	0.0	0.0	0.0	0.0	1.04116	0.0	0.0	0.0	6548.9	0.0	0.0	0.0	0.0	0.000395	0.0	0.0	0.0	24.5277	0.0	0.0	0.0	0.0	17	0	0	0	24	0	0	0	0	143	0	0	0	22	0	0	0	0	1185	0	0	0	221	0	0	0	0	344	0	0	0	0	0	0	0	0	55	0	0	0	0	0	0	0	0	892	0	0	0	0	0	0	0	0	1.0e-6	0.0	0.0	0.0	0.001388	0.0	0.0	0.0	0.0	0.000951	0.0	0.0	0.0	0.999049	0.0	0.0	0.0	0.0	
259	2908	6784.57870032	2441.65	2441.65	0.000223	0.0	2636	0	0	0	268	0	0	0	0	0.0	0.0	0.0	0.0	0.032334	0.0	0.0	0.0	0.0	1.04116	0.0	0.0	0.0	6564.95	0.0	0.0	0.0	0.0	0.000395	0.0	0.0	0.0	24.4961	0.0	0.0	0.0	0.0	17	0	0	0	24	0	0	0	0	143	0	0	0	22	0	0	0	0	1185	0	0	0	222	0	0	0	0	344	0	0	0	0	0	0	0	0	55	0	0	0	0	0	0	0	0	892	0	0	0	0	0	0	0	0	1.0e-6	0.0	0.0	0.0	0.00132	0.0	0.0	0.0	0.0	0.001	0.0	0.0	0.0	0.999	0.0	0.0	0.0	0.0	
260	2909	6795.119910018	2441.65	2441.65	0.000216	0.0	2636	0	0	0	269	0	0	0	0	0.0	0.0	0.0	0.0	0.030716	0.0	0.0	0.0	0.0	1.04116	0.0	0.0	0.0	6575.49	0.0	0.0	0.0	0.0	0.000395	0.0	0.0	0.0	24.4442	0.0	0.0	0.0	0.0	17	0	0	0	24	0	0	0	0	143	0	0	0	22	0	0	0	0	1185	0	0	0	223	0	0	0	0	344	0	0	0	0	0	0	0	0	55	0	0	0	0	0	0	0	0	892	0	0	0	0	0	0	0	0	1.0e-6	0.0	0.0	0.0	0.001257	0.0	0.0	0.0	0.0	0.00105	0.0	0.0	0.0	0.99895	0.0	0.0	0.0	0.0	
261	2910	6811.207060249	2441.65	2441.65	0.000211	0.0	2636	0	0	0	270	0	0	0	0	0.0	0.0	0.0	0.0	0.029179	0.0	0.0	0.0	0.0	1.04116	0.0	0.0	0.0	6591.58	0.0	0.0	0.0	0.0	0.000395	0.0	0.0	0.0	24.4133	0.0	0.0	0.0	0.0	17	0	0	0	24	0	0	0	0	143	0	0	0	22	0	0	0	0	1185	0	0	0	224	0	0	0	0	344	0	0	0	0	0	0	0	0	55	0	0	0	0	0	0	0	0	892	0	0	0	0	0	0	0	0	1.0e-6	0.0	0.0	0.0	0.001195	0.0	0.0	0.0	0.0	0.001104	0.0	0.0	0.0	0.998896	0.0	0.0	0.0	0.0	
262	2911	6829.442738432	2441.65	2441.65	0.000205	0.0	2636	0	0	0	271	0	0	0	0	0.0	0.0	0.0	0.0	0.027718	0.0	0.0	0.0	0.0	1.04116	0.0	0.0	0.0	6609.82	0.0	0.0	0.0	0.0	0.000395	0.0	0.0	0.0	24.3905	0.0	0.0	0.0	0.0	17	0	0	0	24	0	0	0	0	143	0	0	0	22	0	0	0	0	1185	0	0	0	225	0	0	0	0	344	0	0	0	0	0	0	0	0	55	0	0	0	0	0	0	0	0	892	0	0	0	0	0	0	0	0	1.0e-6	0.0	0.0	0.0	0.001136	0.0	0.0	0.0	0.0	0.001161	0.0	0.0	0.0	0.998839	0.0	0.0	0.0	0.0	
263	2912	6889.744002135	2441.65	2441.65	0.000198	0.0	2636	0	0	0	272	0	0	0	0	0.0	0.0	0.0	0.0	0.02633	0.0	0.0	0.0	0.0	1.04116	0.0	0.0	0.0	6670.12	0.0	0.0	0.0	0.0	0.000395	0.0	0.0	0.0	24.5225	0.0	0.0	0.0	0.0	17	0	0	0	24	0	0	0	0	143	0	0	0	22	0	0	0	0	1185	0	0	0	226	0	0	0	0	344	0	0	0	0	0	0	0	0	55	0	0	0	0	0	0	0	0	892	0	0	0	0	0	0	0	0	1.0e-6	0.0	0.0	0.0	0.001074	0.0	0.0	0.0	0.0	0.001229	0.0	0.0	0.0	0.998771	0.0	0.0	0.0	0.0	
264	2913	6941.553698478	2441.65	2441.65	0.000176	0.0	2636	0	0	0	273	0	0	0	0	0.0	0.0	0.0	0.0	0.025012	0.0	0.0	0.0	0.0	1.04116	0.0	0.0	0.0	6721.93	0.0	0.0	0.0	0.0	0.000395	0.0	0.0	0.0	24.6224	0.0	0.0	0.0	0.0	17	0	0	0	24	0	0	0	0	143	0	0	0	22	0	0	0	0	1185	0	0	0	227	0	0	0	0	344	0	0	0	0	0	0	0	0	55	0	0	0	0	0	0	0	0	892	0	0	0	0	0	0	0	0	1.0e-6	0.0	0.0	0.0	0.001016	0.0	0.0	0.0	0.0	0.001298	0.0	0.0	0.0	0.998702	0.0	0.0	0.0	0.0	
265	2914	6959.561994926	2441.65	2441.65	0.00016	0.0	2636	0	0	0	274	0	0	0	0	0.0	0.0	0.0	0.0	0.02376	0.0	0.0	0.0	0.0	1.04116	0.0	0.0	0.0	6739.94	0.0	0.0	0.0	0.0	0.000395	0.0	0.0	0.0	24.5983	0.0	0.0	0.0	0.0	17	0	0	0	24	0	0	0	0	143	0	0	0	22	0	0	0	0	1185	0	0	0	228	0	0	0	0	344	0	0	0	0	0	0	0	0	55	0	0	0	0	0	0	0	0	892	0	0	0	0	0	0	0	0	1.0e-6	0.0	0.0	0.0	0.000966	0.0	0.0	0.0	0.0	0.001365	0.0	0.0	0.0	0.998635	0.0	0.0	0.0	0.0	
266	2916	6965.408952604	2441.65	2441.65	0.000154	0.0	2636	0	0	0	276	0	0	0	0	0.0	0.0	0.0	0.0	0.02144	0.0	0.0	0.0	0.0	1.04116	0.0	0.0	0.0	6745.78	0.0	0.0	0.0	0.0	0.000395	0.0	0.0	0.0	24.4412	0.0	0.0	0.0	0.0	17	0	0	0	24	0	0	0	0	143	0	0	0	22	0	0	0	0	1185	0	0	0	230	0	0	0	0	344	0	0	0	0	0	0	0	0	55	0	0	0	0	0	0	0	0	892	0	0	0	0	0	0	0	0	1.0e-6	0.0	0.0	0.0	0.000877	0.0	0.0	0.0	0.0	0.001503	0.0	0.0	0.0	0.998497	0.0	0.0	0.0	0.0	
267	2918	6973.761154541	2441.65	2441.65	0.000152	0.0	2636	0	0	0	278	0	0	0	0	0.0	0.0	0.0	0.0	0.019347	0.0	0.0	0.0	0.0	1.04116	0.0	0.0	0.0	6754.14	0.0	0.0	0.0	0.0	0.000395	0.0	0.0	0.0	24.2955	0.0	0.0	0.0	0.0	17	0	0	0	24	0	0	0	0	143	0	0	0	22	0	0	0	0	1185	0	0	0	232	0	0	0	0	344	0	0	0	0	0	0	0	0	55	0	0	0	0	0	0	0	0	892	0	0	0	0	0	0	0	0	1.0e-6	0.0	0.0	0.0	0.000796	0.0	0.0	0.0	0.0	0.001656	0.0	0.0	0.0	0.998344	0.0	0.0	0.0	0.0	
268	2919	6983.833294813	2441.65	2441.65	0.00015	0.0	2636	0	0	0	279	0	0	0	0	0.0	0.0	0.0	0.0	0.018378	0.0	0.0	0.0	0.0	1.04116	0.0	0.0	0.0	6764.21	0.0	0.0	0.0	0.0	0.000395	0.0	0.0	0.0	24.2445	0.0	0.0	0.0	0.0	17	0	0	0	24	0	0	0	0	143	0	0	0	22	0	0	0	0	1185	0	0	0	233	0	0	0	0	344	0	0	0	0	0	0	0	0	55	0	0	0	0	0	0	0	0	892	0	0	0	0	0	0	0	0	1.0e-6	0.0	0.0	0.0	0.000758	0.0	0.0	0.0	0.0	0.001739	0.0	0.0	0.0	0.998261	0.0	0.0	0.0	0.0	
269	2920	7054.406625934	2441.65	2441.65	0.000147	0.0	2636	0	0	0	280	0	0	0	0	0.0	0.0	0.0	0.0	0.017457	0.0	0.0	0.0	0.0	1.04116	0.0	0.0	0.0	6834.78	0.0	0.0	0.0	0.0	0.000395	0.0	0.0	0.0	24.4099	0.0	0.0	0.0	0.0	17	0	0	0	24	0	0	0	0	143	0	0	0	22	0	0	0	0	1185	0	0	0	234	0	0	0	0	344	0	0	0	0	0	0	0	0	55	0	0	0	0	0	0	0	0	892	0	0	0	0	0	0	0	0	1.0e-6	0.0	0.0	0.0	0.000715	0.0	0.0	0.0	0.0	0.001843	0.0	0.0	0.0	0.998157	0.0	0.0	0.0	0.0	
270	2921	7123.546466481	2441.65	2441.65	0.000128	0.0	2636	0	0	0	281	0	0	0	0	0.0	0.0	0.0	0.0	0.016583	0.0	0.0	0.0	0.0	1.04116	0.0	0.0	0.0	6903.92	0.0	0.0	0.0	0.0	0.000395	0.0	0.0	0.0	24.5691	0.0	0.0	0.0	0.0	17	0	0	0	24	0	0	0	0	143	0	0	0	22	0	0	0	0	1185	0	0	0	235	0	0	0	0	344	0	0	0	0	0	0	0	0	55	0	0	0	0	0	0	0	0	892	0	0	0	0	0	0	0	0	1.0e-6	0.0	0.0	0.0	0.000675	0.0	0.0	0.0	0.0	0.001953	0.0	0.0	0.0	0.998047	0.0	0.0	0.0	0.0	
271	2922	7127.917517527	2441.65	2441.65	0.000112	0.0	2636	0	0	0	282	0	0	0	0	0.0	0.0	0.0	0.0	0.015752	0.0	0.0	0.0	0.0	1.04116	0.0	0.0	0.0	6908.29	0.0	0.0	0.0	0.0	0.000395	0.0	0.0	0.0	24.4975	0.0	0.0	0.0	0.0	17	0	0	0	24	0	0	0	0	143	0	0	0	22	0	0	0	0	1185	0	0	0	236	0	0	0	0	344	0	0	0	0	0	0	0	0	55	0	0	0	0	0	0	0	0	892	0	0	0	0	0	0	0	0	1.0e-6	0.0	0.0	0.0	0.000643	0.0	0.0	0.0	0.0	0.00205	0.0	0.0	0.0	0.99795	0.0	0.0	0.0	0.0	
272	2923	7139.817011705	2441.65	2441.65	0.000112	0.0	2636	0	0	0	283	0	0	0	0	0.0	0.0	0.0	0.0	0.014963	0.0	0.0	0.0	0.0	1.04116	0.0	0.0	0.0	6920.19	0.0	0.0	0.0	0.0	0.000395	0.0	0.0	0.0	24.453	0.0	0.0	0.0	0.0	17	0	0	0	24	0	0	0	0	143	0	0	0	22	0	0	0	0	1185	0	0	0	237	0	0	0	0	344	0	0	0	0	0	0	0	0	55	0	0	0	0	0	0	0	0	892	0	0	0	0	0	0	0	0	1.0e-6	0.0	0.0	0.0	0.000612	0.0	0.0	0.0	0.0	0.002154	0.0	0.0	0.0	0.997846	0.0	0.0	0.0	0.0	
273	2924	7147.488801212	2441.65	2441.65	0.000109	0.0	2636	0	0	0	284	0	0	0	0	0.0	0.0	0.0	0.0	0.014213	0.0	0.0	0.0	0.0	1.04116	0.0	0.0	0.0	6927.86	0.0	0.0	0.0	0.0	0.000395	0.0	0.0	0.0	24.3939	0.0	0.0	0.0	0.0	17	0	0	0	24	0	0	0	0	143	0	0	0	22	0	0	0	0	1185	0	0	0	238	0	0	0	0	344	0	0	0	0	0	0	0	0	55	0	0	0	0	0	0	0	0	892	0	0	0	0	0	0	0	0	1.0e-6	0.0	0.0	0.0	0.000583	0.0	0.0	0.0	0.0	0.002262	0.0	0.0	0.0	0.997738	0.0	0.0	0.0	0.0	
274	2925	7151.007270879	2441.65	2441.65	0.000107	0.0	2636	0	0	0	285	0	0	0	0	0.0	0.0	0.0	0.0	0.013501	0.0	0.0	0.0	0.0	1.04116	0.0	0.0	0.0	6931.38	0.0	0.0	0.0	0.0	0.000395	0.0	0.0	0.0	24.3206	0.0	0.0	0.0	0.0	17	0	0	0	24	0	0	0	0	143	0	0	0	22	0	0	0	0	1185	0	0	0	239	0	0	0	0	344	0	0	0	0	0	0	0	0	55	0	0	0	0	0	0	0	0	892	0	0	0	0	0	0	0	0	1.0e-6	0.0	0.0	0.0	0.000555	0.0	0.0	0.0	0.0	0.002374	0.0	0.0	0.0	0.997626	0.0	0.0	0.0	0.0	
275	2926	7169.729210493	2441.65	2441.65	0.000107	0.0	2636	0	0	0	286	0	0	0	0	0.0	0.0	0.0	0.0	0.012824	0.0	0.0	0.0	0.0	1.04116	0.0	0.0	0.0	6950.1	0.0	0.0	0.0	0.0	0.000395	0.0	0.0	0.0	24.3011	0.0	0.0	0.0	0.0	17	0	0	0	24	0	0	0	0	143	0	0	0	22	0	0	0	0	1185	0	0	0	240	0	0	0	0	344	0	0	0	0	0	0	0	0	55	0	0	0	0	0	0	0	0	892	0	0	0	0	0	0	0	0	1.0e-6	0.0	0.0	0.0	0.000528	0.0	0.0	0.0	0.0	0.002496	0.0	0.0	0.0	0.997504	0.0	0.0	0.0	0.0	
276	2927	7187.106246566	2441.65	2441.65	0.000103	0.0	2636	0	0	0	287	0	0	0	0	0.0	0.0	0.0	0.0	0.012181	0.0	0.0	0.0	0.0	1.04116	0.0	0.0	0.0	6967.48	0.0	0.0	0.0	0.0	0.000395	0.0	0.0	0.0	24.2769	0.0	0.0	0.0	0.0	17	0	0	0	24	0	0	0	0	143	0	0	0	22	0	0	0	0	1185	0	0	0	241	0	0	0	0	344	0	0	0	0	0	0	0	0	55	0	0	0	0	0	0	0	0	892	0	0	0	0	0	0	0	0	1.0e-6	0.0	0.0	0.0	0.000502	0.0	0.0	0.0	0.0	0.002625	0.0	0.0	0.0	0.997375	0.0	0.0	0.0	0.0	
277	2927	7187.10626857	2441.65	2441.65	0.0001	0.0	2636	0	0	0	287	0	0	0	0	0.0	0.0	0.0	0.0	0.012181	0.0	0.0	0.0	0.0	1.04116	0.0	0.0	0.0	6967.48	0.0	0.0	0.0	0.0	0.000395	0.0	0.0	0.0	24.2769	0.0	0.0	0.0	0.0	17	0	0	0	24	0	0	0	0	143	0	0	0	22	0	0	0	0	1185	0	0	0	241	0	0	0	0	344	0	0	0	0	0	0	0	0	55	0	0	0	0	0	0	0	0	892	0	0	0	0	0	0	0	0	1.0e-6	0.0	0.0	0.0	0.000502	0.0	0.0	0.0	0.0	0.002625	0.0	0.0	0.0	0.997375	0.0	0.0	0.0	0.0	
