indexLine	algoIter	time	best obj	current obj	T	probdelta1	nb uses 1	nb uses 2	nb uses 3	nb uses 4	nb uses 5	nb uses 6	nb uses 7	nb uses 8	nb uses 9	score 1	score 2	score 3	score 4	score 5	score 6	score 7	score 8	score 9	duration 1	duration 2	duration 3	duration 4	duration 5	duration 6	duration 7	duration 8	duration 9	avgDuration 1	avgDuration 2	avgDuration 3	avgDuration 4	avgDuration 5	avgDuration 6	avgDuration 7	avgDuration 8	avgDuration 9	sigmas1 1	sigmas1 2	sigmas1 3	sigmas1 4	sigmas1 5	sigmas1 6	sigmas1 7	sigmas1 8	sigmas1 9	sigmas2 1	sigmas2 2	sigmas2 3	sigmas2 4	sigmas2 5	sigmas2 6	sigmas2 7	sigmas2 8	sigmas2 9	sigmas3 1	sigmas3 2	sigmas3 3	sigmas3 4	sigmas3 5	sigmas3 6	sigmas3 7	sigmas3 8	sigmas3 9	sigmas4 1	sigmas4 2	sigmas4 3	sigmas4 4	sigmas4 5	sigmas4 6	sigmas4 7	sigmas4 8	sigmas4 9	sigmas5 1	sigmas5 2	sigmas5 3	sigmas5 4	sigmas5 5	sigmas5 6	sigmas5 7	sigmas5 8	sigmas5 9	sigmas6 1	sigmas6 2	sigmas6 3	sigmas6 4	sigmas6 5	sigmas6 6	sigmas6 7	sigmas6 8	sigmas6 9	weight 1	weight 2	weight 3	weight 4	weight 5	weight 6	weight 7	weight 8	weight 9	proba 1	proba 2	proba 3	proba 4	proba 5	proba 6	proba 7	proba 8	proba 9	
1	2	8.57519755	6743.333	6743.333	100.0	0.99005	0	0	0	0	0	0	0	0	0	0.0	0.0	0.0	0.0	0.0	0.0	0.0	0.0	0.0	0.0	0.0	0.0	0.0	0.0	0.0	0.0	0.0	0.0	0.0	0.0	0.0	0.0	0.0	0.0	0.0	0.0	0.0	0	0	0	0	0	0	0	0	0	0	0	0	0	0	0	0	0	0	0	0	0	0	0	0	0	0	0	0	0	0	0	0	0	0	0	0	0	0	0	0	0	0	0	0	0	0	0	0	0	0	0	0	0	0	0.0	0.0	0.0	0.0	0.0	0.0	0.0	0.0	0.0	0.0	0.0	0.0	0.0	0.0	0.0	0.0	0.0	0.0	
2	4	20.446587573	6538.083	6538.083	100.0	0.99005	0	0	0	0	0	0	0	0	0	1.0	0.0	0.0	0.0	1.0	0.0	0.0	0.0	0.0	0.0	0.0	0.0	0.0	0.0	0.0	0.0	0.0	0.0	0.024932	0.0	0.0	0.0	11.8464	0.0	0.0	0.0	0.0	0	0	0	0	0	0	0	0	0	0	0	0	0	0	0	0	0	0	0	0	0	0	0	0	0	0	0	0	0	0	0	0	0	0	0	0	0	0	0	0	0	0	0	0	0	0	0	0	0	0	0	0	0	0	1608.78	0.0	0.0	0.0	0.007126	0.0	0.0	0.0	0.0	0.0	0.0	0.0	0.0	0.0	0.0	0.0	0.0	0.0	
3	2443	21.459122963	6342.899666666672	6919.594111111118	95.9755	0.989635	2439	0	0	0	0	0	0	0	0	0.000401	0.0	0.0	0.0	1.0	0.0	0.0	0.0	0.0	1.01149	0.0	0.0	0.0	0.0	0.0	0.0	0.0	0.0	0.000415	0.0	0.0	0.0	11.8464	0.0	0.0	0.0	0.0	6	0	0	0	0	0	0	0	0	285	0	0	0	0	0	0	0	0	1504	0	0	0	0	0	0	0	0	113	0	0	0	0	0	0	0	0	44	0	0	0	0	0	0	0	0	487	0	0	0	0	0	0	0	0	2331.72	0.0	0.0	0.0	0.007126	0.0	0.0	0.0	0.0	0.999997	0.0	0.0	0.0	3.0e-6	0.0	0.0	0.0	0.0	
4	3759	22.459385531	6342.899666666672	7282.45522222223	95.7707	0.989613	3755	0	0	0	0	0	0	0	0	0.000679	0.0	0.0	0.0	1.0	0.0	0.0	0.0	0.0	2.01114	0.0	0.0	0.0	0.0	0.0	0.0	0.0	0.0	0.000536	0.0	0.0	0.0	11.8464	0.0	0.0	0.0	0.0	6	0	0	0	0	0	0	0	0	440	0	0	0	0	0	0	0	0	2387	0	0	0	0	0	0	0	0	161	0	0	0	0	0	0	0	0	78	0	0	0	0	0	0	0	0	683	0	0	0	0	0	0	0	0	2368.02	0.0	0.0	0.0	0.007126	0.0	0.0	0.0	0.0	0.999997	0.0	0.0	0.0	3.0e-6	0.0	0.0	0.0	0.0	
5	6743	23.459670411	6342.899666666672	7802.621888888895	95.5865	0.989593	6739	0	0	0	0	0	0	0	0	0.000342	0.0	0.0	0.0	1.0	0.0	0.0	0.0	0.0	3.01019	0.0	0.0	0.0	0.0	0.0	0.0	0.0	0.0	0.000447	0.0	0.0	0.0	11.8464	0.0	0.0	0.0	0.0	6	0	0	0	0	0	0	0	0	831	0	0	0	0	0	0	0	0	4394	0	0	0	0	0	0	0	0	257	0	0	0	0	0	0	0	0	140	0	0	0	0	0	0	0	0	1111	0	0	0	0	0	0	0	0	1712.07	0.0	0.0	0.0	0.007126	0.0	0.0	0.0	0.0	0.999996	0.0	0.0	0.0	4.0e-6	0.0	0.0	0.0	0.0	
6	10269	24.459742688	6342.899666666672	6931.733000000007	95.4027	0.989573	10265	0	0	0	0	0	0	0	0	0.00103	0.0	0.0	0.0	1.0	0.0	0.0	0.0	0.0	4.00887	0.0	0.0	0.0	0.0	0.0	0.0	0.0	0.0	0.000391	0.0	0.0	0.0	11.8464	0.0	0.0	0.0	0.0	6	0	0	0	0	0	0	0	0	1289	0	0	0	0	0	0	0	0	6748	0	0	0	0	0	0	0	0	362	0	0	0	0	0	0	0	0	224	0	0	0	0	0	0	0	0	1636	0	0	0	0	0	0	0	0	6751.86	0.0	0.0	0.0	0.007126	0.0	0.0	0.0	0.0	0.999999	0.0	0.0	0.0	1.0e-6	0.0	0.0	0.0	0.0	
7	13825	25.459952958	6342.899666666672	7144.983000000007	95.2193	0.989553	13821	0	0	0	0	0	0	0	0	0.000852	0.0	0.0	0.0	1.0	0.0	0.0	0.0	0.0	5.00772	0.0	0.0	0.0	0.0	0.0	0.0	0.0	0.0	0.000362	0.0	0.0	0.0	11.8464	0.0	0.0	0.0	0.0	6	0	0	0	0	0	0	0	0	1768	0	0	0	0	0	0	0	0	9131	0	0	0	0	0	0	0	0	467	0	0	0	0	0	0	0	0	302	0	0	0	0	0	0	0	0	2147	0	0	0	0	0	0	0	0	6486.87	0.0	0.0	0.0	0.007126	0.0	0.0	0.0	0.0	0.999999	0.0	0.0	0.0	1.0e-6	0.0	0.0	0.0	0.0	
8	17444	26.465938685	6342.899666666672	7326.149666666674	95.0364	0.989533	17440	0	0	0	0	0	0	0	0	0.000666	0.0	0.0	0.0	1.0	0.0	0.0	0.0	0.0	6.01232	0.0	0.0	0.0	0.0	0.0	0.0	0.0	0.0	0.000345	0.0	0.0	0.0	11.8464	0.0	0.0	0.0	0.0	6	0	0	0	0	0	0	0	0	2193	0	0	0	0	0	0	0	0	11565	0	0	0	0	0	0	0	0	586	0	0	0	0	0	0	0	0	382	0	0	0	0	0	0	0	0	2708	0	0	0	0	0	0	0	0	5604.42	0.0	0.0	0.0	0.007126	0.0	0.0	0.0	0.0	0.999999	0.0	0.0	0.0	1.0e-6	0.0	0.0	0.0	0.0	
9	20928	27.46612747	6342.899666666672	7564.344111111118	94.8524	0.989513	20924	0	0	0	0	0	0	0	0	0.000871	0.0	0.0	0.0	1.0	0.0	0.0	0.0	0.0	7.01114	0.0	0.0	0.0	0.0	0.0	0.0	0.0	0.0	0.000335	0.0	0.0	0.0	11.8464	0.0	0.0	0.0	0.0	6	0	0	0	0	0	0	0	0	2628	0	0	0	0	0	0	0	0	13881	0	0	0	0	0	0	0	0	697	0	0	0	0	0	0	0	0	454	0	0	0	0	0	0	0	0	3258	0	0	0	0	0	0	0	0	7753.96	0.0	0.0	0.0	0.007126	0.0	0.0	0.0	0.0	0.999999	0.0	0.0	0.0	1.0e-6	0.0	0.0	0.0	0.0	
10	24306	28.466327168	6342.899666666672	7033.733000000004	94.6701	0.989493	24302	0	0	0	0	0	0	0	0	0.001034	0.0	0.0	0.0	1.0	0.0	0.0	0.0	0.0	8.01	0.0	0.0	0.0	0.0	0.0	0.0	0.0	0.0	0.00033	0.0	0.0	0.0	11.8464	0.0	0.0	0.0	0.0	6	0	0	0	0	0	0	0	0	3093	0	0	0	0	0	0	0	0	16179	0	0	0	0	0	0	0	0	788	0	0	0	0	0	0	0	0	492	0	0	0	0	0	0	0	0	3744	0	0	0	0	0	0	0	0	9517.23	0.0	0.0	0.0	0.007126	0.0	0.0	0.0	0.0	0.999999	0.0	0.0	0.0	1.0e-6	0.0	0.0	0.0	0.0	
11	27741	29.466531885	6342.899666666672	6760.538555555557	94.488	0.989472	27737	0	0	0	0	0	0	0	0	0.000611	0.0	0.0	0.0	1.0	0.0	0.0	0.0	0.0	9.00885	0.0	0.0	0.0	0.0	0.0	0.0	0.0	0.0	0.000325	0.0	0.0	0.0	11.8464	0.0	0.0	0.0	0.0	6	0	0	0	0	0	0	0	0	3532	0	0	0	0	0	0	0	0	18559	0	0	0	0	0	0	0	0	899	0	0	0	0	0	0	0	0	545	0	0	0	0	0	0	0	0	4196	0	0	0	0	0	0	0	0	5791.55	0.0	0.0	0.0	0.007126	0.0	0.0	0.0	0.0	0.999999	0.0	0.0	0.0	1.0e-6	0.0	0.0	0.0	0.0	
12	31122	30.466608592	6342.899666666672	6830.982999999998	94.3064	0.989452	31118	0	0	0	0	0	0	0	0	0.00062	0.0	0.0	0.0	1.0	0.0	0.0	0.0	0.0	10.0076	0.0	0.0	0.0	0.0	0.0	0.0	0.0	0.0	0.000322	0.0	0.0	0.0	11.8464	0.0	0.0	0.0	0.0	6	0	0	0	0	0	0	0	0	3937	0	0	0	0	0	0	0	0	20908	0	0	0	0	0	0	0	0	1037	0	0	0	0	0	0	0	0	619	0	0	0	0	0	0	0	0	4611	0	0	0	0	0	0	0	0	5991.56	0.0	0.0	0.0	0.007126	0.0	0.0	0.0	0.0	0.999999	0.0	0.0	0.0	1.0e-6	0.0	0.0	0.0	0.0	
13	34558	31.466889145	6342.899666666672	7623.121888888888	94.1251	0.989432	34554	0	0	0	0	0	0	0	0	0.000961	0.0	0.0	0.0	1.0	0.0	0.0	0.0	0.0	11.0065	0.0	0.0	0.0	0.0	0.0	0.0	0.0	0.0	0.000319	0.0	0.0	0.0	11.8464	0.0	0.0	0.0	0.0	6	0	0	0	0	0	0	0	0	4372	0	0	0	0	0	0	0	0	23163	0	0	0	0	0	0	0	0	1170	0	0	0	0	0	0	0	0	699	0	0	0	0	0	0	0	0	5144	0	0	0	0	0	0	0	0	9472.59	0.0	0.0	0.0	0.007126	0.0	0.0	0.0	0.0	0.999999	0.0	0.0	0.0	1.0e-6	0.0	0.0	0.0	0.0	
14	37985	32.466917867	6342.899666666672	7412.316333333335	93.9441	0.989412	37981	0	0	0	0	0	0	0	0	0.000295	0.0	0.0	0.0	1.0	0.0	0.0	0.0	0.0	12.0051	0.0	0.0	0.0	0.0	0.0	0.0	0.0	0.0	0.000316	0.0	0.0	0.0	11.8464	0.0	0.0	0.0	0.0	6	0	0	0	0	0	0	0	0	4795	0	0	0	0	0	0	0	0	25511	0	0	0	0	0	0	0	0	1265	0	0	0	0	0	0	0	0	760	0	0	0	0	0	0	0	0	5644	0	0	0	0	0	0	0	0	2949.17	0.0	0.0	0.0	0.007126	0.0	0.0	0.0	0.0	0.999998	0.0	0.0	0.0	2.0e-6	0.0	0.0	0.0	0.0	
15	41439	33.476877673	6342.899666666672	7298.538555555558	93.7635	0.989392	41435	0	0	0	0	0	0	0	0	0.000679	0.0	0.0	0.0	1.0	0.0	0.0	0.0	0.0	13.0137	0.0	0.0	0.0	0.0	0.0	0.0	0.0	0.0	0.000314	0.0	0.0	0.0	11.8464	0.0	0.0	0.0	0.0	6	0	0	0	0	0	0	0	0	5217	0	0	0	0	0	0	0	0	27876	0	0	0	0	0	0	0	0	1364	0	0	0	0	0	0	0	0	807	0	0	0	0	0	0	0	0	6165	0	0	0	0	0	0	0	0	6884.53	0.0	0.0	0.0	0.007126	0.0	0.0	0.0	0.0	0.999999	0.0	0.0	0.0	1.0e-6	0.0	0.0	0.0	0.0	
16	44868	34.484572687	6342.899666666672	7470.455222222223	93.582	0.989371	44864	0	0	0	0	0	0	0	0	0.00062	0.0	0.0	0.0	1.0	0.0	0.0	0.0	0.0	14.02	0.0	0.0	0.0	0.0	0.0	0.0	0.0	0.0	0.000313	0.0	0.0	0.0	11.8464	0.0	0.0	0.0	0.0	6	0	0	0	0	0	0	0	0	5615	0	0	0	0	0	0	0	0	30165	0	0	0	0	0	0	0	0	1486	0	0	0	0	0	0	0	0	880	0	0	0	0	0	0	0	0	6712	0	0	0	0	0	0	0	0	6347.82	0.0	0.0	0.0	0.007126	0.0	0.0	0.0	0.0	0.999999	0.0	0.0	0.0	1.0e-6	0.0	0.0	0.0	0.0	
17	48300	35.484781957	6342.899666666672	7238.733000000001	93.4002	0.98935	48296	0	0	0	0	0	0	0	0	0.00031	0.0	0.0	0.0	1.0	0.0	0.0	0.0	0.0	15.0189	0.0	0.0	0.0	0.0	0.0	0.0	0.0	0.0	0.000311	0.0	0.0	0.0	11.8464	0.0	0.0	0.0	0.0	6	0	0	0	0	0	0	0	0	6061	0	0	0	0	0	0	0	0	32454	0	0	0	0	0	0	0	0	1590	0	0	0	0	0	0	0	0	941	0	0	0	0	0	0	0	0	7244	0	0	0	0	0	0	0	0	3207.31	0.0	0.0	0.0	0.007126	0.0	0.0	0.0	0.0	0.999998	0.0	0.0	0.0	2.0e-6	0.0	0.0	0.0	0.0	
18	51718	36.484908806	6342.899666666672	7541.316333333335	93.2206	0.98933	51714	0	0	0	0	0	0	0	0	0.000542	0.0	0.0	0.0	1.0	0.0	0.0	0.0	0.0	16.0176	0.0	0.0	0.0	0.0	0.0	0.0	0.0	0.0	0.00031	0.0	0.0	0.0	11.8464	0.0	0.0	0.0	0.0	6	0	0	0	0	0	0	0	0	6516	0	0	0	0	0	0	0	0	34746	0	0	0	0	0	0	0	0	1684	0	0	0	0	0	0	0	0	1009	0	0	0	0	0	0	0	0	7753	0	0	0	0	0	0	0	0	5652.43	0.0	0.0	0.0	0.007126	0.0	0.0	0.0	0.0	0.999999	0.0	0.0	0.0	1.0e-6	0.0	0.0	0.0	0.0	
19	55138	37.485188165	6342.899666666672	7478.899666666667	93.0414	0.98931	55134	0	0	0	0	0	0	0	0	0.000461	0.0	0.0	0.0	1.0	0.0	0.0	0.0	0.0	17.0165	0.0	0.0	0.0	0.0	0.0	0.0	0.0	0.0	0.000309	0.0	0.0	0.0	11.8464	0.0	0.0	0.0	0.0	6	0	0	0	0	0	0	0	0	6927	0	0	0	0	0	0	0	0	37102	0	0	0	0	0	0	0	0	1788	0	0	0	0	0	0	0	0	1061	0	0	0	0	0	0	0	0	8250	0	0	0	0	0	0	0	0	4838.97	0.0	0.0	0.0	0.007126	0.0	0.0	0.0	0.0	0.999999	0.0	0.0	0.0	1.0e-6	0.0	0.0	0.0	0.0	
20	58603	38.4853683	6342.899666666672	6795.149666666666	92.8625	0.989289	58599	0	0	0	0	0	0	0	0	0.000547	0.0	0.0	0.0	1.0	0.0	0.0	0.0	0.0	18.0153	0.0	0.0	0.0	0.0	0.0	0.0	0.0	0.0	0.000307	0.0	0.0	0.0	11.8464	0.0	0.0	0.0	0.0	6	0	0	0	0	0	0	0	0	7406	0	0	0	0	0	0	0	0	39383	0	0	0	0	0	0	0	0	1878	0	0	0	0	0	0	0	0	1107	0	0	0	0	0	0	0	0	8819	0	0	0	0	0	0	0	0	5782.61	0.0	0.0	0.0	0.007126	0.0	0.0	0.0	0.0	0.999999	0.0	0.0	0.0	1.0e-6	0.0	0.0	0.0	0.0	
21	62105	39.48538542	6342.899666666672	7217.066333333334	92.684	0.989269	62101	0	0	0	0	0	0	0	0	0.000351	0.0	0.0	0.0	1.0	0.0	0.0	0.0	0.0	19.014	0.0	0.0	0.0	0.0	0.0	0.0	0.0	0.0	0.000306	0.0	0.0	0.0	11.8464	0.0	0.0	0.0	0.0	6	0	0	0	0	0	0	0	0	7880	0	0	0	0	0	0	0	0	41661	0	0	0	0	0	0	0	0	1955	0	0	0	0	0	0	0	0	1156	0	0	0	0	0	0	0	0	9443	0	0	0	0	0	0	0	0	3744.52	0.0	0.0	0.0	0.007126	0.0	0.0	0.0	0.0	0.999998	0.0	0.0	0.0	2.0e-6	0.0	0.0	0.0	0.0	
22	65572	40.486583868	6342.899666666672	6966.010777777778	92.5069	0.989248	65568	0	0	0	0	0	0	0	0	0.000853	0.0	0.0	0.0	1.0	0.0	0.0	0.0	0.0	20.0138	0.0	0.0	0.0	0.0	0.0	0.0	0.0	0.0	0.000305	0.0	0.0	0.0	11.8464	0.0	0.0	0.0	0.0	6	0	0	0	0	0	0	0	0	8312	0	0	0	0	0	0	0	0	43963	0	0	0	0	0	0	0	0	2038	0	0	0	0	0	0	0	0	1220	0	0	0	0	0	0	0	0	10029	0	0	0	0	0	0	0	0	9159.87	0.0	0.0	0.0	0.007126	0.0	0.0	0.0	0.0	0.999999	0.0	0.0	0.0	1.0e-6	0.0	0.0	0.0	0.0	
23	69023	41.486727278	6342.899666666672	6930.177444444446	92.3278	0.989227	69019	0	0	0	0	0	0	0	0	0.000873	0.0	0.0	0.0	1.0	0.0	0.0	0.0	0.0	21.0126	0.0	0.0	0.0	0.0	0.0	0.0	0.0	0.0	0.000304	0.0	0.0	0.0	11.8464	0.0	0.0	0.0	0.0	6	0	0	0	0	0	0	0	0	8778	0	0	0	0	0	0	0	0	46239	0	0	0	0	0	0	0	0	2150	0	0	0	0	0	0	0	0	1275	0	0	0	0	0	0	0	0	10571	0	0	0	0	0	0	0	0	9419.55	0.0	0.0	0.0	0.007126	0.0	0.0	0.0	0.0	0.999999	0.0	0.0	0.0	1.0e-6	0.0	0.0	0.0	0.0	
24	72490	42.48683684	6342.899666666672	6971.010777777781	92.1503	0.989207	72486	0	0	0	0	0	0	0	0	0.001282	0.0	0.0	0.0	1.0	0.0	0.0	0.0	0.0	22.0114	0.0	0.0	0.0	0.0	0.0	0.0	0.0	0.0	0.000304	0.0	0.0	0.0	11.8464	0.0	0.0	0.0	0.0	6	0	0	0	0	0	0	0	0	9235	0	0	0	0	0	0	0	0	48494	0	0	0	0	0	0	0	0	2255	0	0	0	0	0	0	0	0	1325	0	0	0	0	0	0	0	0	11171	0	0	0	0	0	0	0	0	13903.3	0.0	0.0	0.0	0.007126	0.0	0.0	0.0	0.0	0.999999	0.0	0.0	0.0	1.0e-6	0.0	0.0	0.0	0.0	
25	75898	43.486934539	6342.899666666672	7446.677444444449	91.9731	0.989186	75894	0	0	0	0	0	0	0	0	0.000516	0.0	0.0	0.0	1.0	0.0	0.0	0.0	0.0	23.0101	0.0	0.0	0.0	0.0	0.0	0.0	0.0	0.0	0.000303	0.0	0.0	0.0	11.8464	0.0	0.0	0.0	0.0	6	0	0	0	0	0	0	0	0	9686	0	0	0	0	0	0	0	0	50841	0	0	0	0	0	0	0	0	2365	0	0	0	0	0	0	0	0	1354	0	0	0	0	0	0	0	0	11642	0	0	0	0	0	0	0	0	5611.77	0.0	0.0	0.0	0.007126	0.0	0.0	0.0	0.0	0.999999	0.0	0.0	0.0	1.0e-6	0.0	0.0	0.0	0.0	
26	79307	44.487020571	6342.899666666672	7385.427444444447	91.7963	0.989165	79303	0	0	0	0	0	0	0	0	0.00065	0.0	0.0	0.0	1.0	0.0	0.0	0.0	0.0	24.0088	0.0	0.0	0.0	0.0	0.0	0.0	0.0	0.0	0.000303	0.0	0.0	0.0	11.8464	0.0	0.0	0.0	0.0	6	0	0	0	0	0	0	0	0	10118	0	0	0	0	0	0	0	0	53109	0	0	0	0	0	0	0	0	2437	0	0	0	0	0	0	0	0	1406	0	0	0	0	0	0	0	0	12227	0	0	0	0	0	0	0	0	7086.77	0.0	0.0	0.0	0.007126	0.0	0.0	0.0	0.0	0.999999	0.0	0.0	0.0	1.0e-6	0.0	0.0	0.0	0.0	
27	82643	45.487069305	6342.899666666672	7239.621888888894	91.6198	0.989145	82639	0	0	0	0	0	0	0	0	0.00077	0.0	0.0	0.0	1.0	0.0	0.0	0.0	0.0	25.0075	0.0	0.0	0.0	0.0	0.0	0.0	0.0	0.0	0.000303	0.0	0.0	0.0	11.8464	0.0	0.0	0.0	0.0	6	0	0	0	0	0	0	0	0	10546	0	0	0	0	0	0	0	0	55374	0	0	0	0	0	0	0	0	2543	0	0	0	0	0	0	0	0	1471	0	0	0	0	0	0	0	0	12699	0	0	0	0	0	0	0	0	8403.67	0.0	0.0	0.0	0.007126	0.0	0.0	0.0	0.0	0.999999	0.0	0.0	0.0	1.0e-6	0.0	0.0	0.0	0.0	
28	86054	46.487260335	6342.899666666672	7324.01077777778	91.4437	0.989124	86050	0	0	0	0	0	0	0	0	0.000496	0.0	0.0	0.0	1.0	0.0	0.0	0.0	0.0	26.0063	0.0	0.0	0.0	0.0	0.0	0.0	0.0	0.0	0.000302	0.0	0.0	0.0	11.8464	0.0	0.0	0.0	0.0	6	0	0	0	0	0	0	0	0	10967	0	0	0	0	0	0	0	0	57642	0	0	0	0	0	0	0	0	2676	0	0	0	0	0	0	0	0	1535	0	0	0	0	0	0	0	0	13224	0	0	0	0	0	0	0	0	5429.06	0.0	0.0	0.0	0.007126	0.0	0.0	0.0	0.0	0.999999	0.0	0.0	0.0	1.0e-6	0.0	0.0	0.0	0.0	
29	89513	47.487440043	6342.899666666672	7413.3718888888925	91.2679	0.989103	89509	0	0	0	0	0	0	0	0	0.001076	0.0	0.0	0.0	1.0	0.0	0.0	0.0	0.0	27.0051	0.0	0.0	0.0	0.0	0.0	0.0	0.0	0.0	0.000302	0.0	0.0	0.0	11.8464	0.0	0.0	0.0	0.0	6	0	0	0	0	0	0	0	0	11443	0	0	0	0	0	0	0	0	59879	0	0	0	0	0	0	0	0	2770	0	0	0	0	0	0	0	0	1611	0	0	0	0	0	0	0	0	13800	0	0	0	0	0	0	0	0	11825.4	0.0	0.0	0.0	0.007126	0.0	0.0	0.0	0.0	0.999999	0.0	0.0	0.0	1.0e-6	0.0	0.0	0.0	0.0	
30	92908	48.487703318	6342.899666666672	7407.455222222226	91.0924	0.989082	92904	0	0	0	0	0	0	0	0	0.000508	0.0	0.0	0.0	1.0	0.0	0.0	0.0	0.0	28.0041	0.0	0.0	0.0	0.0	0.0	0.0	0.0	0.0	0.000301	0.0	0.0	0.0	11.8464	0.0	0.0	0.0	0.0	6	0	0	0	0	0	0	0	0	11902	0	0	0	0	0	0	0	0	62152	0	0	0	0	0	0	0	0	2864	0	0	0	0	0	0	0	0	1689	0	0	0	0	0	0	0	0	14291	0	0	0	0	0	0	0	0	5593.92	0.0	0.0	0.0	0.007126	0.0	0.0	0.0	0.0	0.999999	0.0	0.0	0.0	1.0e-6	0.0	0.0	0.0	0.0	
31	96325	49.487775356	6342.899666666672	7444.510777777782	90.9173	0.989061	96321	0	0	0	0	0	0	0	0	0.000377	0.0	0.0	0.0	1.0	0.0	0.0	0.0	0.0	29.0028	0.0	0.0	0.0	0.0	0.0	0.0	0.0	0.0	0.000301	0.0	0.0	0.0	11.8464	0.0	0.0	0.0	0.0	6	0	0	0	0	0	0	0	0	12338	0	0	0	0	0	0	0	0	64500	0	0	0	0	0	0	0	0	2973	0	0	0	0	0	0	0	0	1729	0	0	0	0	0	0	0	0	14775	0	0	0	0	0	0	0	0	4161.62	0.0	0.0	0.0	0.007126	0.0	0.0	0.0	0.0	0.999998	0.0	0.0	0.0	2.0e-6	0.0	0.0	0.0	0.0	
32	99790	50.488010106	6342.899666666672	6980.399666666672	90.7425	0.98904	99786	0	0	0	0	0	0	0	0	0.000728	0.0	0.0	0.0	1.0	0.0	0.0	0.0	0.0	30.0016	0.0	0.0	0.0	0.0	0.0	0.0	0.0	0.0	0.000301	0.0	0.0	0.0	11.8464	0.0	0.0	0.0	0.0	6	0	0	0	0	0	0	0	0	12786	0	0	0	0	0	0	0	0	66806	0	0	0	0	0	0	0	0	3091	0	0	0	0	0	0	0	0	1749	0	0	0	0	0	0	0	0	15348	0	0	0	0	0	0	0	0	8055.12	0.0	0.0	0.0	0.007126	0.0	0.0	0.0	0.0	0.999999	0.0	0.0	0.0	1.0e-6	0.0	0.0	0.0	0.0	
33	103170	51.488035321	6342.899666666672	7068.955222222226	90.568	0.989019	103166	0	0	0	0	0	0	0	0	0.000791	0.0	0.0	0.0	1.0	0.0	0.0	0.0	0.0	31.0003	0.0	0.0	0.0	0.0	0.0	0.0	0.0	0.0	0.0003	0.0	0.0	0.0	11.8464	0.0	0.0	0.0	0.0	6	0	0	0	0	0	0	0	0	13257	0	0	0	0	0	0	0	0	69152	0	0	0	0	0	0	0	0	3198	0	0	0	0	0	0	0	0	1784	0	0	0	0	0	0	0	0	15769	0	0	0	0	0	0	0	0	8757.92	0.0	0.0	0.0	0.007126	0.0	0.0	0.0	0.0	0.999999	0.0	0.0	0.0	1.0e-6	0.0	0.0	0.0	0.0	
34	106556	52.493608224	6342.899666666672	7125.78855555556	90.3947	0.988998	106552	0	0	0	0	0	0	0	0	0.000453	0.0	0.0	0.0	1.0	0.0	0.0	0.0	0.0	32.0045	0.0	0.0	0.0	0.0	0.0	0.0	0.0	0.0	0.0003	0.0	0.0	0.0	11.8464	0.0	0.0	0.0	0.0	6	0	0	0	0	0	0	0	0	13719	0	0	0	0	0	0	0	0	71504	0	0	0	0	0	0	0	0	3306	0	0	0	0	0	0	0	0	1823	0	0	0	0	0	0	0	0	16194	0	0	0	0	0	0	0	0	5026.14	0.0	0.0	0.0	0.007126	0.0	0.0	0.0	0.0	0.999999	0.0	0.0	0.0	1.0e-6	0.0	0.0	0.0	0.0	
35	109955	53.493826696	6342.899666666672	6847.260777777782	90.2192	0.988977	109951	0	0	0	0	0	0	0	0	0.000786	0.0	0.0	0.0	1.0	0.0	0.0	0.0	0.0	33.0034	0.0	0.0	0.0	0.0	0.0	0.0	0.0	0.0	0.0003	0.0	0.0	0.0	11.8464	0.0	0.0	0.0	0.0	6	0	0	0	0	0	0	0	0	14162	0	0	0	0	0	0	0	0	73840	0	0	0	0	0	0	0	0	3426	0	0	0	0	0	0	0	0	1875	0	0	0	0	0	0	0	0	16642	0	0	0	0	0	0	0	0	8719.58	0.0	0.0	0.0	0.007126	0.0	0.0	0.0	0.0	0.999999	0.0	0.0	0.0	1.0e-6	0.0	0.0	0.0	0.0	
36	113348	54.493875149	6342.899666666672	7034.205222222228	90.0457	0.988956	113344	0	0	0	0	0	0	0	0	0.000826	0.0	0.0	0.0	1.0	0.0	0.0	0.0	0.0	34.0021	0.0	0.0	0.0	0.0	0.0	0.0	0.0	0.0	0.0003	0.0	0.0	0.0	11.8464	0.0	0.0	0.0	0.0	6	0	0	0	0	0	0	0	0	14610	0	0	0	0	0	0	0	0	76166	0	0	0	0	0	0	0	0	3534	0	0	0	0	0	0	0	0	1896	0	0	0	0	0	0	0	0	17132	0	0	0	0	0	0	0	0	9179.61	0.0	0.0	0.0	0.007126	0.0	0.0	0.0	0.0	0.999999	0.0	0.0	0.0	1.0e-6	0.0	0.0	0.0	0.0	
37	116833	55.494021423	6342.899666666672	7427.871888888896	89.8726	0.988935	116829	0	0	0	0	0	0	0	0	0.000688	0.0	0.0	0.0	1.0	0.0	0.0	0.0	0.0	35.0008	0.0	0.0	0.0	0.0	0.0	0.0	0.0	0.0	0.0003	0.0	0.0	0.0	11.8464	0.0	0.0	0.0	0.0	6	0	0	0	0	0	0	0	0	15052	0	0	0	0	0	0	0	0	78515	0	0	0	0	0	0	0	0	3643	0	0	0	0	0	0	0	0	1933	0	0	0	0	0	0	0	0	17680	0	0	0	0	0	0	0	0	7667.75	0.0	0.0	0.0	0.007126	0.0	0.0	0.0	0.0	0.999999	0.0	0.0	0.0	1.0e-6	0.0	0.0	0.0	0.0	
38	120333	56.494187116	6342.899666666672	7303.7330000000065	89.6998	0.988914	120329	0	0	0	0	0	0	0	0	0.000854	0.0	0.0	0.0	1.0	0.0	0.0	0.0	0.0	35.9996	0.0	0.0	0.0	0.0	0.0	0.0	0.0	0.0	0.000299	0.0	0.0	0.0	11.8464	0.0	0.0	0.0	0.0	6	0	0	0	0	0	0	0	0	15537	0	0	0	0	0	0	0	0	80782	0	0	0	0	0	0	0	0	3748	0	0	0	0	0	0	0	0	1975	0	0	0	0	0	0	0	0	18281	0	0	0	0	0	0	0	0	9542.55	0.0	0.0	0.0	0.007126	0.0	0.0	0.0	0.0	0.999999	0.0	0.0	0.0	1.0e-6	0.0	0.0	0.0	0.0	
39	123791	57.49685251	6342.899666666672	7080.81633333334	89.5282	0.988892	123787	0	0	0	0	0	0	0	0	0.001058	0.0	0.0	0.0	1.0	0.0	0.0	0.0	0.0	37.0009	0.0	0.0	0.0	0.0	0.0	0.0	0.0	0.0	0.000299	0.0	0.0	0.0	11.8464	0.0	0.0	0.0	0.0	6	0	0	0	0	0	0	0	0	15967	0	0	0	0	0	0	0	0	83158	0	0	0	0	0	0	0	0	3848	0	0	0	0	0	0	0	0	2004	0	0	0	0	0	0	0	0	18804	0	0	0	0	0	0	0	0	11841.2	0.0	0.0	0.0	0.007126	0.0	0.0	0.0	0.0	0.999999	0.0	0.0	0.0	1.0e-6	0.0	0.0	0.0	0.0	
40	127154	58.497026235	6342.899666666672	7185.094111111121	89.3548	0.988871	127150	0	0	0	0	0	0	0	0	0.000711	0.0	0.0	0.0	1.0	0.0	0.0	0.0	0.0	37.9997	0.0	0.0	0.0	0.0	0.0	0.0	0.0	0.0	0.000299	0.0	0.0	0.0	11.8464	0.0	0.0	0.0	0.0	6	0	0	0	0	0	0	0	0	16406	0	0	0	0	0	0	0	0	85459	0	0	0	0	0	0	0	0	3942	0	0	0	0	0	0	0	0	2048	0	0	0	0	0	0	0	0	19289	0	0	0	0	0	0	0	0	7961.95	0.0	0.0	0.0	0.007126	0.0	0.0	0.0	0.0	0.999999	0.0	0.0	0.0	1.0e-6	0.0	0.0	0.0	0.0	
41	130468	59.497036918	6342.899666666672	7230.733000000008	89.183	0.98885	130464	0	0	0	0	0	0	0	0	0.000592	0.0	0.0	0.0	1.0	0.0	0.0	0.0	0.0	38.9983	0.0	0.0	0.0	0.0	0.0	0.0	0.0	0.0	0.000299	0.0	0.0	0.0	11.8464	0.0	0.0	0.0	0.0	6	0	0	0	0	0	0	0	0	16879	0	0	0	0	0	0	0	0	87680	0	0	0	0	0	0	0	0	4033	0	0	0	0	0	0	0	0	2099	0	0	0	0	0	0	0	0	19767	0	0	0	0	0	0	0	0	6630.75	0.0	0.0	0.0	0.007126	0.0	0.0	0.0	0.0	0.999999	0.0	0.0	0.0	1.0e-6	0.0	0.0	0.0	0.0	
42	133784	60.497316677	6342.899666666672	7042.899666666674	89.0116	0.988828	133780	0	0	0	0	0	0	0	0	0.000496	0.0	0.0	0.0	1.0	0.0	0.0	0.0	0.0	39.9972	0.0	0.0	0.0	0.0	0.0	0.0	0.0	0.0	0.000299	0.0	0.0	0.0	11.8464	0.0	0.0	0.0	0.0	6	0	0	0	0	0	0	0	0	17365	0	0	0	0	0	0	0	0	89851	0	0	0	0	0	0	0	0	4134	0	0	0	0	0	0	0	0	2144	0	0	0	0	0	0	0	0	20280	0	0	0	0	0	0	0	0	5543.69	0.0	0.0	0.0	0.007126	0.0	0.0	0.0	0.0	0.999999	0.0	0.0	0.0	1.0e-6	0.0	0.0	0.0	0.0	
43	137163	61.497683548	6342.899666666672	6702.1774444444545	88.8404	0.988807	137159	0	0	0	0	0	0	0	0	0.001185	0.0	0.0	0.0	1.0	0.0	0.0	0.0	0.0	40.9962	0.0	0.0	0.0	0.0	0.0	0.0	0.0	0.0	0.000299	0.0	0.0	0.0	11.8464	0.0	0.0	0.0	0.0	6	0	0	0	0	0	0	0	0	17782	0	0	0	0	0	0	0	0	92160	0	0	0	0	0	0	0	0	4230	0	0	0	0	0	0	0	0	2220	0	0	0	0	0	0	0	0	20761	0	0	0	0	0	0	0	0	13266.7	0.0	0.0	0.0	0.007126	0.0	0.0	0.0	0.0	0.999999	0.0	0.0	0.0	1.0e-6	0.0	0.0	0.0	0.0	
44	140525	62.497790953	6342.899666666672	7601.010777777787	88.6696	0.988786	140521	0	0	0	0	0	0	0	0	0.000641	0.0	0.0	0.0	1.0	0.0	0.0	0.0	0.0	41.995	0.0	0.0	0.0	0.0	0.0	0.0	0.0	0.0	0.000299	0.0	0.0	0.0	11.8464	0.0	0.0	0.0	0.0	6	0	0	0	0	0	0	0	0	18166	0	0	0	0	0	0	0	0	94469	0	0	0	0	0	0	0	0	4325	0	0	0	0	0	0	0	0	2294	0	0	0	0	0	0	0	0	21261	0	0	0	0	0	0	0	0	7174.54	0.0	0.0	0.0	0.007126	0.0	0.0	0.0	0.0	0.999999	0.0	0.0	0.0	1.0e-6	0.0	0.0	0.0	0.0	
45	143898	63.497876704	6342.899666666672	7217.566333333342	88.4991	0.988764	143894	0	0	0	0	0	0	0	0	0.000461	0.0	0.0	0.0	1.0	0.0	0.0	0.0	0.0	42.9937	0.0	0.0	0.0	0.0	0.0	0.0	0.0	0.0	0.000299	0.0	0.0	0.0	11.8464	0.0	0.0	0.0	0.0	6	0	0	0	0	0	0	0	0	18611	0	0	0	0	0	0	0	0	96739	0	0	0	0	0	0	0	0	4453	0	0	0	0	0	0	0	0	2330	0	0	0	0	0	0	0	0	21755	0	0	0	0	0	0	0	0	5160.96	0.0	0.0	0.0	0.007126	0.0	0.0	0.0	0.0	0.999999	0.0	0.0	0.0	1.0e-6	0.0	0.0	0.0	0.0	
46	147304	64.498088841	6342.899666666672	7496.48300000001	88.329	0.988743	147300	0	0	0	0	0	0	0	0	0.000611	0.0	0.0	0.0	1.0	0.0	0.0	0.0	0.0	43.9925	0.0	0.0	0.0	0.0	0.0	0.0	0.0	0.0	0.000299	0.0	0.0	0.0	11.8464	0.0	0.0	0.0	0.0	6	0	0	0	0	0	0	0	0	19044	0	0	0	0	0	0	0	0	99007	0	0	0	0	0	0	0	0	4558	0	0	0	0	0	0	0	0	2373	0	0	0	0	0	0	0	0	22312	0	0	0	0	0	0	0	0	6852.74	0.0	0.0	0.0	0.007126	0.0	0.0	0.0	0.0	0.999999	0.0	0.0	0.0	1.0e-6	0.0	0.0	0.0	0.0	
47	150764	65.498263089	6342.899666666672	7503.84411111112	88.1591	0.988721	150760	0	0	0	0	0	0	0	0	0.000443	0.0	0.0	0.0	1.0	0.0	0.0	0.0	0.0	44.9913	0.0	0.0	0.0	0.0	0.0	0.0	0.0	0.0	0.000298	0.0	0.0	0.0	11.8464	0.0	0.0	0.0	0.0	6	0	0	0	0	0	0	0	0	19492	0	0	0	0	0	0	0	0	101331	0	0	0	0	0	0	0	0	4659	0	0	0	0	0	0	0	0	2421	0	0	0	0	0	0	0	0	22851	0	0	0	0	0	0	0	0	4968.79	0.0	0.0	0.0	0.007126	0.0	0.0	0.0	0.0	0.999999	0.0	0.0	0.0	1.0e-6	0.0	0.0	0.0	0.0	
48	154209	66.50584667	6342.899666666672	7098.344111111121	87.9901	0.988699	154205	0	0	0	0	0	0	0	0	0.000908	0.0	0.0	0.0	1.0	0.0	0.0	0.0	0.0	45.9975	0.0	0.0	0.0	0.0	0.0	0.0	0.0	0.0	0.000298	0.0	0.0	0.0	11.8464	0.0	0.0	0.0	0.0	6	0	0	0	0	0	0	0	0	19946	0	0	0	0	0	0	0	0	103714	0	0	0	0	0	0	0	0	4754	0	0	0	0	0	0	0	0	2474	0	0	0	0	0	0	0	0	23311	0	0	0	0	0	0	0	0	10209.9	0.0	0.0	0.0	0.007126	0.0	0.0	0.0	0.0	0.999999	0.0	0.0	0.0	1.0e-6	0.0	0.0	0.0	0.0	
49	157626	67.505981441	6342.899666666672	6984.399666666677	87.8192	0.988678	157622	0	0	0	0	0	0	0	0	0.00032	0.0	0.0	0.0	1.0	0.0	0.0	0.0	0.0	46.9963	0.0	0.0	0.0	0.0	0.0	0.0	0.0	0.0	0.000298	0.0	0.0	0.0	11.8464	0.0	0.0	0.0	0.0	6	0	0	0	0	0	0	0	0	20359	0	0	0	0	0	0	0	0	106028	0	0	0	0	0	0	0	0	4843	0	0	0	0	0	0	0	0	2538	0	0	0	0	0	0	0	0	23848	0	0	0	0	0	0	0	0	3595.68	0.0	0.0	0.0	0.007126	0.0	0.0	0.0	0.0	0.999998	0.0	0.0	0.0	2.0e-6	0.0	0.0	0.0	0.0	
50	161052	68.506041495	6342.899666666672	7263.094111111124	87.6504	0.988656	161048	0	0	0	0	0	0	0	0	0.000424	0.0	0.0	0.0	1.0	0.0	0.0	0.0	0.0	47.995	0.0	0.0	0.0	0.0	0.0	0.0	0.0	0.0	0.000298	0.0	0.0	0.0	11.8464	0.0	0.0	0.0	0.0	6	0	0	0	0	0	0	0	0	20808	0	0	0	0	0	0	0	0	108297	0	0	0	0	0	0	0	0	4921	0	0	0	0	0	0	0	0	2607	0	0	0	0	0	0	0	0	24409	0	0	0	0	0	0	0	0	4776.0	0.0	0.0	0.0	0.007126	0.0	0.0	0.0	0.0	0.999999	0.0	0.0	0.0	1.0e-6	0.0	0.0	0.0	0.0	
51	164387	69.506070006	6342.899666666672	6955.594111111123	87.4819	0.988634	164383	0	0	0	0	0	0	0	0	0.000369	0.0	0.0	0.0	1.0	0.0	0.0	0.0	0.0	48.9936	0.0	0.0	0.0	0.0	0.0	0.0	0.0	0.0	0.000298	0.0	0.0	0.0	11.8464	0.0	0.0	0.0	0.0	6	0	0	0	0	0	0	0	0	21193	0	0	0	0	0	0	0	0	110493	0	0	0	0	0	0	0	0	5019	0	0	0	0	0	0	0	0	2656	0	0	0	0	0	0	0	0	25016	0	0	0	0	0	0	0	0	4149.87	0.0	0.0	0.0	0.007126	0.0	0.0	0.0	0.0	0.999998	0.0	0.0	0.0	2.0e-6	0.0	0.0	0.0	0.0	
52	167718	70.512786321	6342.899666666672	6693.121888888901	87.3139	0.988612	167714	0	0	0	0	0	0	0	0	0.000837	0.0	0.0	0.0	1.0	0.0	0.0	0.0	0.0	49.9989	0.0	0.0	0.0	0.0	0.0	0.0	0.0	0.0	0.000298	0.0	0.0	0.0	11.8464	0.0	0.0	0.0	0.0	6	0	0	0	0	0	0	0	0	21561	0	0	0	0	0	0	0	0	112722	0	0	0	0	0	0	0	0	5138	0	0	0	0	0	0	0	0	2726	0	0	0	0	0	0	0	0	25561	0	0	0	0	0	0	0	0	9419.02	0.0	0.0	0.0	0.007126	0.0	0.0	0.0	0.0	0.999999	0.0	0.0	0.0	1.0e-6	0.0	0.0	0.0	0.0	
53	171053	71.513076465	6342.899666666672	7281.427444444455	87.1447	0.98859	171049	0	0	0	0	0	0	0	0	0.000344	0.0	0.0	0.0	1.0	0.0	0.0	0.0	0.0	50.9978	0.0	0.0	0.0	0.0	0.0	0.0	0.0	0.0	0.000298	0.0	0.0	0.0	11.8464	0.0	0.0	0.0	0.0	6	0	0	0	0	0	0	0	0	21972	0	0	0	0	0	0	0	0	114930	0	0	0	0	0	0	0	0	5248	0	0	0	0	0	0	0	0	2785	0	0	0	0	0	0	0	0	26108	0	0	0	0	0	0	0	0	3871.4	0.0	0.0	0.0	0.007126	0.0	0.0	0.0	0.0	0.999998	0.0	0.0	0.0	2.0e-6	0.0	0.0	0.0	0.0	
54	174352	72.513088166	6342.899666666672	6906.538555555568	86.9772	0.988569	174348	0	0	0	0	0	0	0	0	0.000603	0.0	0.0	0.0	1.0	0.0	0.0	0.0	0.0	51.9964	0.0	0.0	0.0	0.0	0.0	0.0	0.0	0.0	0.000298	0.0	0.0	0.0	11.8464	0.0	0.0	0.0	0.0	6	0	0	0	0	0	0	0	0	22401	0	0	0	0	0	0	0	0	117165	0	0	0	0	0	0	0	0	5336	0	0	0	0	0	0	0	0	2855	0	0	0	0	0	0	0	0	26585	0	0	0	0	0	0	0	0	6783.62	0.0	0.0	0.0	0.007126	0.0	0.0	0.0	0.0	0.999999	0.0	0.0	0.0	1.0e-6	0.0	0.0	0.0	0.0	
55	177735	73.51320757	6342.899666666672	7253.649666666678	86.81	0.988547	177731	0	0	0	0	0	0	0	0	0.000305	0.0	0.0	0.0	1.0	0.0	0.0	0.0	0.0	52.9951	0.0	0.0	0.0	0.0	0.0	0.0	0.0	0.0	0.000298	0.0	0.0	0.0	11.8464	0.0	0.0	0.0	0.0	6	0	0	0	0	0	0	0	0	22809	0	0	0	0	0	0	0	0	119421	0	0	0	0	0	0	0	0	5460	0	0	0	0	0	0	0	0	2928	0	0	0	0	0	0	0	0	27107	0	0	0	0	0	0	0	0	3435.89	0.0	0.0	0.0	0.007126	0.0	0.0	0.0	0.0	0.999998	0.0	0.0	0.0	2.0e-6	0.0	0.0	0.0	0.0	
56	180998	74.513356683	6342.899666666672	7324.566333333344	86.6431	0.988525	180994	0	0	0	0	0	0	0	0	0.000737	0.0	0.0	0.0	1.0	0.0	0.0	0.0	0.0	53.9939	0.0	0.0	0.0	0.0	0.0	0.0	0.0	0.0	0.000298	0.0	0.0	0.0	11.8464	0.0	0.0	0.0	0.0	6	0	0	0	0	0	0	0	0	23222	0	0	0	0	0	0	0	0	121609	0	0	0	0	0	0	0	0	5567	0	0	0	0	0	0	0	0	2987	0	0	0	0	0	0	0	0	27603	0	0	0	0	0	0	0	0	8281.54	0.0	0.0	0.0	0.007126	0.0	0.0	0.0	0.0	0.999999	0.0	0.0	0.0	1.0e-6	0.0	0.0	0.0	0.0	
57	184385	75.513525162	6342.899666666672	7186.48300000001	86.4765	0.988503	184381	0	0	0	0	0	0	0	0	0.001244	0.0	0.0	0.0	1.0	0.0	0.0	0.0	0.0	54.9927	0.0	0.0	0.0	0.0	0.0	0.0	0.0	0.0	0.000298	0.0	0.0	0.0	11.8464	0.0	0.0	0.0	0.0	6	0	0	0	0	0	0	0	0	23666	0	0	0	0	0	0	0	0	123814	0	0	0	0	0	0	0	0	5671	0	0	0	0	0	0	0	0	3031	0	0	0	0	0	0	0	0	28193	0	0	0	0	0	0	0	0	13980.4	0.0	0.0	0.0	0.007126	0.0	0.0	0.0	0.0	0.999999	0.0	0.0	0.0	1.0e-6	0.0	0.0	0.0	0.0	
58	187722	76.513701482	6342.899666666672	6798.73300000001	86.3103	0.988481	187718	0	0	0	0	0	0	0	0	0.000391	0.0	0.0	0.0	1.0	0.0	0.0	0.0	0.0	55.9915	0.0	0.0	0.0	0.0	0.0	0.0	0.0	0.0	0.000298	0.0	0.0	0.0	11.8464	0.0	0.0	0.0	0.0	6	0	0	0	0	0	0	0	0	24128	0	0	0	0	0	0	0	0	125969	0	0	0	0	0	0	0	0	5784	0	0	0	0	0	0	0	0	3089	0	0	0	0	0	0	0	0	28742	0	0	0	0	0	0	0	0	4392.98	0.0	0.0	0.0	0.007126	0.0	0.0	0.0	0.0	0.999998	0.0	0.0	0.0	2.0e-6	0.0	0.0	0.0	0.0	
59	191028	77.513859626	6342.899666666672	7186.288555555567	86.1443	0.988459	191024	0	0	0	0	0	0	0	0	0.000713	0.0	0.0	0.0	1.0	0.0	0.0	0.0	0.0	56.9903	0.0	0.0	0.0	0.0	0.0	0.0	0.0	0.0	0.000298	0.0	0.0	0.0	11.8464	0.0	0.0	0.0	0.0	6	0	0	0	0	0	0	0	0	24535	0	0	0	0	0	0	0	0	128226	0	0	0	0	0	0	0	0	5895	0	0	0	0	0	0	0	0	3140	0	0	0	0	0	0	0	0	29222	0	0	0	0	0	0	0	0	8010.15	0.0	0.0	0.0	0.007126	0.0	0.0	0.0	0.0	0.999999	0.0	0.0	0.0	1.0e-6	0.0	0.0	0.0	0.0	
60	194361	78.51399695	6342.899666666672	7342.14966666668	85.9787	0.988437	194357	0	0	0	0	0	0	0	0	0.000302	0.0	0.0	0.0	1.0	0.0	0.0	0.0	0.0	57.989	0.0	0.0	0.0	0.0	0.0	0.0	0.0	0.0	0.000298	0.0	0.0	0.0	11.8464	0.0	0.0	0.0	0.0	6	0	0	0	0	0	0	0	0	24955	0	0	0	0	0	0	0	0	130488	0	0	0	0	0	0	0	0	5993	0	0	0	0	0	0	0	0	3180	0	0	0	0	0	0	0	0	29735	0	0	0	0	0	0	0	0	3394.33	0.0	0.0	0.0	0.007126	0.0	0.0	0.0	0.0	0.999998	0.0	0.0	0.0	2.0e-6	0.0	0.0	0.0	0.0	
61	197617	79.514211199	6342.899666666672	7518.177444444458	85.8134	0.988414	197613	0	0	0	0	0	0	0	0	0.00093	0.0	0.0	0.0	1.0	0.0	0.0	0.0	0.0	58.9779	0.0	0.0	0.0	0.0	0.0	0.0	0.0	0.0	0.000298	0.0	0.0	0.0	11.8464	0.0	0.0	0.0	0.0	6	0	0	0	0	0	0	0	0	25370	0	0	0	0	0	0	0	0	132693	0	0	0	0	0	0	0	0	6108	0	0	0	0	0	0	0	0	3228	0	0	0	0	0	0	0	0	30208	0	0	0	0	0	0	0	0	10442.0	0.0	0.0	0.0	0.007126	0.0	0.0	0.0	0.0	0.999999	0.0	0.0	0.0	1.0e-6	0.0	0.0	0.0	0.0	
62	200956	80.514336758	6342.899666666672	7440.566333333349	85.6484	0.988392	200952	0	0	0	0	0	0	0	0	0.000415	0.0	0.0	0.0	1.0	0.0	0.0	0.0	0.0	59.9766	0.0	0.0	0.0	0.0	0.0	0.0	0.0	0.0	0.000298	0.0	0.0	0.0	11.8464	0.0	0.0	0.0	0.0	6	0	0	0	0	0	0	0	0	25759	0	0	0	0	0	0	0	0	134997	0	0	0	0	0	0	0	0	6211	0	0	0	0	0	0	0	0	3289	0	0	0	0	0	0	0	0	30690	0	0	0	0	0	0	0	0	4653.87	0.0	0.0	0.0	0.007126	0.0	0.0	0.0	0.0	0.999998	0.0	0.0	0.0	2.0e-6	0.0	0.0	0.0	0.0	
63	204333	81.514445918	6342.899666666672	7298.649666666683	85.4838	0.98837	204329	0	0	0	0	0	0	0	0	0.000907	0.0	0.0	0.0	1.0	0.0	0.0	0.0	0.0	60.9753	0.0	0.0	0.0	0.0	0.0	0.0	0.0	0.0	0.000298	0.0	0.0	0.0	11.8464	0.0	0.0	0.0	0.0	6	0	0	0	0	0	0	0	0	26190	0	0	0	0	0	0	0	0	137260	0	0	0	0	0	0	0	0	6320	0	0	0	0	0	0	0	0	3348	0	0	0	0	0	0	0	0	31205	0	0	0	0	0	0	0	0	10187.5	0.0	0.0	0.0	0.007126	0.0	0.0	0.0	0.0	0.999999	0.0	0.0	0.0	1.0e-6	0.0	0.0	0.0	0.0	
64	207765	82.514752106	6342.899666666672	7435.760777777792	85.3194	0.988348	207761	0	0	0	0	0	0	0	0	0.000175	0.0	0.0	0.0	1.0	0.0	0.0	0.0	0.0	61.9743	0.0	0.0	0.0	0.0	0.0	0.0	0.0	0.0	0.000298	0.0	0.0	0.0	11.8464	0.0	0.0	0.0	0.0	6	0	0	0	0	0	0	0	0	26572	0	0	0	0	0	0	0	0	139600	0	0	0	0	0	0	0	0	6432	0	0	0	0	0	0	0	0	3398	0	0	0	0	0	0	0	0	31753	0	0	0	0	0	0	0	0	1967.54	0.0	0.0	0.0	0.007126	0.0	0.0	0.0	0.0	0.999996	0.0	0.0	0.0	4.0e-6	0.0	0.0	0.0	0.0	
65	211109	83.514831462	6342.899666666672	7280.427444444457	85.1554	0.988325	211105	0	0	0	0	0	0	0	0	0.00071	0.0	0.0	0.0	1.0	0.0	0.0	0.0	0.0	62.973	0.0	0.0	0.0	0.0	0.0	0.0	0.0	0.0	0.000298	0.0	0.0	0.0	11.8464	0.0	0.0	0.0	0.0	6	0	0	0	0	0	0	0	0	27013	0	0	0	0	0	0	0	0	141925	0	0	0	0	0	0	0	0	6531	0	0	0	0	0	0	0	0	3451	0	0	0	0	0	0	0	0	32179	0	0	0	0	0	0	0	0	7983.81	0.0	0.0	0.0	0.007126	0.0	0.0	0.0	0.0	0.999999	0.0	0.0	0.0	1.0e-6	0.0	0.0	0.0	0.0	
66	214457	84.515062735	6342.899666666672	7387.066333333344	84.9916	0.988303	214453	0	0	0	0	0	0	0	0	0.00013	0.0	0.0	0.0	1.0	0.0	0.0	0.0	0.0	63.9719	0.0	0.0	0.0	0.0	0.0	0.0	0.0	0.0	0.000298	0.0	0.0	0.0	11.8464	0.0	0.0	0.0	0.0	6	0	0	0	0	0	0	0	0	27458	0	0	0	0	0	0	0	0	144244	0	0	0	0	0	0	0	0	6617	0	0	0	0	0	0	0	0	3502	0	0	0	0	0	0	0	0	32626	0	0	0	0	0	0	0	0	1463.73	0.0	0.0	0.0	0.007126	0.0	0.0	0.0	0.0	0.999995	0.0	0.0	0.0	5.0e-6	0.0	0.0	0.0	0.0	
67	217910	85.515166857	6342.899666666672	7115.399666666679	84.8282	0.988281	217906	0	0	0	0	0	0	0	0	0.000441	0.0	0.0	0.0	1.0	0.0	0.0	0.0	0.0	64.9705	0.0	0.0	0.0	0.0	0.0	0.0	0.0	0.0	0.000298	0.0	0.0	0.0	11.8464	0.0	0.0	0.0	0.0	6	0	0	0	0	0	0	0	0	27913	0	0	0	0	0	0	0	0	146611	0	0	0	0	0	0	0	0	6738	0	0	0	0	0	0	0	0	3551	0	0	0	0	0	0	0	0	33087	0	0	0	0	0	0	0	0	4961.86	0.0	0.0	0.0	0.007126	0.0	0.0	0.0	0.0	0.999999	0.0	0.0	0.0	1.0e-6	0.0	0.0	0.0	0.0	
68	221197	86.51525835	6342.899666666672	7429.177444444458	84.6652	0.988258	221193	0	0	0	0	0	0	0	0	0.000379	0.0	0.0	0.0	1.0	0.0	0.0	0.0	0.0	65.9693	0.0	0.0	0.0	0.0	0.0	0.0	0.0	0.0	0.000298	0.0	0.0	0.0	11.8464	0.0	0.0	0.0	0.0	6	0	0	0	0	0	0	0	0	28317	0	0	0	0	0	0	0	0	148901	0	0	0	0	0	0	0	0	6861	0	0	0	0	0	0	0	0	3607	0	0	0	0	0	0	0	0	33501	0	0	0	0	0	0	0	0	4259.44	0.0	0.0	0.0	0.007126	0.0	0.0	0.0	0.0	0.999998	0.0	0.0	0.0	2.0e-6	0.0	0.0	0.0	0.0	
69	224537	87.515307127	6342.899666666672	6995.983000000013	84.5024	0.988236	224533	0	0	0	0	0	0	0	0	0.001045	0.0	0.0	0.0	1.0	0.0	0.0	0.0	0.0	66.968	0.0	0.0	0.0	0.0	0.0	0.0	0.0	0.0	0.000298	0.0	0.0	0.0	11.8464	0.0	0.0	0.0	0.0	6	0	0	0	0	0	0	0	0	28745	0	0	0	0	0	0	0	0	151173	0	0	0	0	0	0	0	0	6972	0	0	0	0	0	0	0	0	3670	0	0	0	0	0	0	0	0	33967	0	0	0	0	0	0	0	0	11748.2	0.0	0.0	0.0	0.007126	0.0	0.0	0.0	0.0	0.999999	0.0	0.0	0.0	1.0e-6	0.0	0.0	0.0	0.0	
70	227920	88.515338556	6342.899666666672	7287.92744444446	84.3399	0.988213	227916	0	0	0	0	0	0	0	0	0.00019	0.0	0.0	0.0	1.0	0.0	0.0	0.0	0.0	67.9666	0.0	0.0	0.0	0.0	0.0	0.0	0.0	0.0	0.000298	0.0	0.0	0.0	11.8464	0.0	0.0	0.0	0.0	6	0	0	0	0	0	0	0	0	29165	0	0	0	0	0	0	0	0	153454	0	0	0	0	0	0	0	0	7087	0	0	0	0	0	0	0	0	3721	0	0	0	0	0	0	0	0	34483	0	0	0	0	0	0	0	0	2133.2	0.0	0.0	0.0	0.007126	0.0	0.0	0.0	0.0	0.999997	0.0	0.0	0.0	3.0e-6	0.0	0.0	0.0	0.0	
71	231368	89.515432046	6342.899666666672	7271.594111111124	84.1778	0.988191	231364	0	0	0	0	0	0	0	0	0.000383	0.0	0.0	0.0	1.0	0.0	0.0	0.0	0.0	68.9653	0.0	0.0	0.0	0.0	0.0	0.0	0.0	0.0	0.000298	0.0	0.0	0.0	11.8464	0.0	0.0	0.0	0.0	6	0	0	0	0	0	0	0	0	29600	0	0	0	0	0	0	0	0	155719	0	0	0	0	0	0	0	0	7185	0	0	0	0	0	0	0	0	3751	0	0	0	0	0	0	0	0	35103	0	0	0	0	0	0	0	0	4306.21	0.0	0.0	0.0	0.007126	0.0	0.0	0.0	0.0	0.999998	0.0	0.0	0.0	2.0e-6	0.0	0.0	0.0	0.0	
72	234725	90.515702477	6342.899666666672	7490.816333333346	84.016	0.988168	234721	0	0	0	0	0	0	0	0	0.000358	0.0	0.0	0.0	1.0	0.0	0.0	0.0	0.0	69.9642	0.0	0.0	0.0	0.0	0.0	0.0	0.0	0.0	0.000298	0.0	0.0	0.0	11.8464	0.0	0.0	0.0	0.0	6	0	0	0	0	0	0	0	0	30016	0	0	0	0	0	0	0	0	157926	0	0	0	0	0	0	0	0	7275	0	0	0	0	0	0	0	0	3783	0	0	0	0	0	0	0	0	35715	0	0	0	0	0	0	0	0	4025.71	0.0	0.0	0.0	0.007126	0.0	0.0	0.0	0.0	0.999998	0.0	0.0	0.0	2.0e-6	0.0	0.0	0.0	0.0	
73	238063	91.515812092	6342.899666666672	6865.1218888889025	83.8544	0.988145	238059	0	0	0	0	0	0	0	0	0.000203	0.0	0.0	0.0	1.0	0.0	0.0	0.0	0.0	70.9629	0.0	0.0	0.0	0.0	0.0	0.0	0.0	0.0	0.000298	0.0	0.0	0.0	11.8464	0.0	0.0	0.0	0.0	6	0	0	0	0	0	0	0	0	30453	0	0	0	0	0	0	0	0	160131	0	0	0	0	0	0	0	0	7384	0	0	0	0	0	0	0	0	3811	0	0	0	0	0	0	0	0	36274	0	0	0	0	0	0	0	0	2283.18	0.0	0.0	0.0	0.007126	0.0	0.0	0.0	0.0	0.999997	0.0	0.0	0.0	3.0e-6	0.0	0.0	0.0	0.0	
74	241360	92.51582376	6342.899666666672	7012.8718888889025	83.6932	0.988123	241356	0	0	0	0	0	0	0	0	0.000587	0.0	0.0	0.0	1.0	0.0	0.0	0.0	0.0	71.9616	0.0	0.0	0.0	0.0	0.0	0.0	0.0	0.0	0.000298	0.0	0.0	0.0	11.8464	0.0	0.0	0.0	0.0	6	0	0	0	0	0	0	0	0	30864	0	0	0	0	0	0	0	0	162338	0	0	0	0	0	0	0	0	7477	0	0	0	0	0	0	0	0	3872	0	0	0	0	0	0	0	0	36799	0	0	0	0	0	0	0	0	6602.39	0.0	0.0	0.0	0.007126	0.0	0.0	0.0	0.0	0.999999	0.0	0.0	0.0	1.0e-6	0.0	0.0	0.0	0.0	
75	244698	93.520823998	6342.899666666672	6876.5385555555695	83.5333	0.9881	244694	0	0	0	0	0	0	0	0	0.000353	0.0	0.0	0.0	1.0	0.0	0.0	0.0	0.0	72.9652	0.0	0.0	0.0	0.0	0.0	0.0	0.0	0.0	0.000298	0.0	0.0	0.0	11.8464	0.0	0.0	0.0	0.0	6	0	0	0	0	0	0	0	0	31257	0	0	0	0	0	0	0	0	164615	0	0	0	0	0	0	0	0	7589	0	0	0	0	0	0	0	0	3930	0	0	0	0	0	0	0	0	37297	0	0	0	0	0	0	0	0	3972.24	0.0	0.0	0.0	0.007126	0.0	0.0	0.0	0.0	0.999998	0.0	0.0	0.0	2.0e-6	0.0	0.0	0.0	0.0	
76	247975	94.520948495	6342.899666666672	6857.844111111124	83.371	0.988077	247971	0	0	0	0	0	0	0	0	0.000386	0.0	0.0	0.0	1.0	0.0	0.0	0.0	0.0	73.964	0.0	0.0	0.0	0.0	0.0	0.0	0.0	0.0	0.000298	0.0	0.0	0.0	11.8464	0.0	0.0	0.0	0.0	6	0	0	0	0	0	0	0	0	31664	0	0	0	0	0	0	0	0	166777	0	0	0	0	0	0	0	0	7717	0	0	0	0	0	0	0	0	4009	0	0	0	0	0	0	0	0	37798	0	0	0	0	0	0	0	0	4343.54	0.0	0.0	0.0	0.007126	0.0	0.0	0.0	0.0	0.999998	0.0	0.0	0.0	2.0e-6	0.0	0.0	0.0	0.0	
77	251353	95.521290549	6342.899666666672	6976.844111111126	83.2107	0.988054	251349	0	0	0	0	0	0	0	0	0.000362	0.0	0.0	0.0	1.0	0.0	0.0	0.0	0.0	74.9629	0.0	0.0	0.0	0.0	0.0	0.0	0.0	0.0	0.000298	0.0	0.0	0.0	11.8464	0.0	0.0	0.0	0.0	6	0	0	0	0	0	0	0	0	32071	0	0	0	0	0	0	0	0	169023	0	0	0	0	0	0	0	0	7819	0	0	0	0	0	0	0	0	4070	0	0	0	0	0	0	0	0	38360	0	0	0	0	0	0	0	0	4069.4	0.0	0.0	0.0	0.007126	0.0	0.0	0.0	0.0	0.999998	0.0	0.0	0.0	2.0e-6	0.0	0.0	0.0	0.0	
78	254785	96.521329101	6342.899666666672	6649.260777777792	83.0507	0.988031	254781	0	0	0	0	0	0	0	0	0.001025	0.0	0.0	0.0	1.0	0.0	0.0	0.0	0.0	75.9616	0.0	0.0	0.0	0.0	0.0	0.0	0.0	0.0	0.000298	0.0	0.0	0.0	11.8464	0.0	0.0	0.0	0.0	6	0	0	0	0	0	0	0	0	32457	0	0	0	0	0	0	0	0	171285	0	0	0	0	0	0	0	0	7947	0	0	0	0	0	0	0	0	4119	0	0	0	0	0	0	0	0	38967	0	0	0	0	0	0	0	0	11534.0	0.0	0.0	0.0	0.007126	0.0	0.0	0.0	0.0	0.999999	0.0	0.0	0.0	1.0e-6	0.0	0.0	0.0	0.0	
79	258166	97.521355027	6342.899666666672	6918.844111111124	82.8911	0.988008	258162	0	0	0	0	0	0	0	0	0.001001	0.0	0.0	0.0	1.0	0.0	0.0	0.0	0.0	76.9602	0.0	0.0	0.0	0.0	0.0	0.0	0.0	0.0	0.000298	0.0	0.0	0.0	11.8464	0.0	0.0	0.0	0.0	6	0	0	0	0	0	0	0	0	32852	0	0	0	0	0	0	0	0	173513	0	0	0	0	0	0	0	0	8039	0	0	0	0	0	0	0	0	4185	0	0	0	0	0	0	0	0	39567	0	0	0	0	0	0	0	0	11259.7	0.0	0.0	0.0	0.007126	0.0	0.0	0.0	0.0	0.999999	0.0	0.0	0.0	1.0e-6	0.0	0.0	0.0	0.0	
80	261477	98.521505481	6342.899666666672	6630.871888888903	82.7317	0.987985	261473	0	0	0	0	0	0	0	0	0.000712	0.0	0.0	0.0	1.0	0.0	0.0	0.0	0.0	77.959	0.0	0.0	0.0	0.0	0.0	0.0	0.0	0.0	0.000298	0.0	0.0	0.0	11.8464	0.0	0.0	0.0	0.0	6	0	0	0	0	0	0	0	0	33234	0	0	0	0	0	0	0	0	175657	0	0	0	0	0	0	0	0	8160	0	0	0	0	0	0	0	0	4242	0	0	0	0	0	0	0	0	40174	0	0	0	0	0	0	0	0	8009.44	0.0	0.0	0.0	0.007126	0.0	0.0	0.0	0.0	0.999999	0.0	0.0	0.0	1.0e-6	0.0	0.0	0.0	0.0	
81	264823	99.521716913	6342.899666666672	6712.010777777792	82.5726	0.987962	264819	0	0	0	0	0	0	0	0	0.000307	0.0	0.0	0.0	1.0	0.0	0.0	0.0	0.0	78.9578	0.0	0.0	0.0	0.0	0.0	0.0	0.0	0.0	0.000298	0.0	0.0	0.0	11.8464	0.0	0.0	0.0	0.0	6	0	0	0	0	0	0	0	0	33665	0	0	0	0	0	0	0	0	177833	0	0	0	0	0	0	0	0	8276	0	0	0	0	0	0	0	0	4297	0	0	0	0	0	0	0	0	40742	0	0	0	0	0	0	0	0	3452.93	0.0	0.0	0.0	0.007126	0.0	0.0	0.0	0.0	0.999998	0.0	0.0	0.0	2.0e-6	0.0	0.0	0.0	0.0	
82	268157	100.52199512	6342.899666666672	6868.871888888903	82.4139	0.987939	268153	0	0	0	0	0	0	0	0	0.000742	0.0	0.0	0.0	1.0	0.0	0.0	0.0	0.0	79.9567	0.0	0.0	0.0	0.0	0.0	0.0	0.0	0.0	0.000298	0.0	0.0	0.0	11.8464	0.0	0.0	0.0	0.0	6	0	0	0	0	0	0	0	0	34099	0	0	0	0	0	0	0	0	180040	0	0	0	0	0	0	0	0	8372	0	0	0	0	0	0	0	0	4340	0	0	0	0	0	0	0	0	41296	0	0	0	0	0	0	0	0	8344.79	0.0	0.0	0.0	0.007126	0.0	0.0	0.0	0.0	0.999999	0.0	0.0	0.0	1.0e-6	0.0	0.0	0.0	0.0	
83	271510	101.52317176	6342.899666666672	7474.427444444458	82.2564	0.987916	271506	0	0	0	0	0	0	0	0	0.000871	0.0	0.0	0.0	1.0	0.0	0.0	0.0	0.0	80.9565	0.0	0.0	0.0	0.0	0.0	0.0	0.0	0.0	0.000298	0.0	0.0	0.0	11.8464	0.0	0.0	0.0	0.0	6	0	0	0	0	0	0	0	0	34509	0	0	0	0	0	0	0	0	182331	0	0	0	0	0	0	0	0	8487	0	0	0	0	0	0	0	0	4387	0	0	0	0	0	0	0	0	41786	0	0	0	0	0	0	0	0	9798.48	0.0	0.0	0.0	0.007126	0.0	0.0	0.0	0.0	0.999999	0.0	0.0	0.0	1.0e-6	0.0	0.0	0.0	0.0	
84	274886	102.523374872	6342.899666666672	7148.177444444457	82.0971	0.987893	274882	0	0	0	0	0	0	0	0	0.000629	0.0	0.0	0.0	1.0	0.0	0.0	0.0	0.0	81.9553	0.0	0.0	0.0	0.0	0.0	0.0	0.0	0.0	0.000298	0.0	0.0	0.0	11.8464	0.0	0.0	0.0	0.0	6	0	0	0	0	0	0	0	0	34938	0	0	0	0	0	0	0	0	184547	0	0	0	0	0	0	0	0	8610	0	0	0	0	0	0	0	0	4432	0	0	0	0	0	0	0	0	42349	0	0	0	0	0	0	0	0	7078.8	0.0	0.0	0.0	0.007126	0.0	0.0	0.0	0.0	0.999999	0.0	0.0	0.0	1.0e-6	0.0	0.0	0.0	0.0	
85	278155	103.52371462	6342.899666666672	7024.344111111125	81.9392	0.98787	278151	0	0	0	0	0	0	0	0	0.000628	0.0	0.0	0.0	1.0	0.0	0.0	0.0	0.0	82.9543	0.0	0.0	0.0	0.0	0.0	0.0	0.0	0.0	0.000298	0.0	0.0	0.0	11.8464	0.0	0.0	0.0	0.0	6	0	0	0	0	0	0	0	0	35406	0	0	0	0	0	0	0	0	186724	0	0	0	0	0	0	0	0	8713	0	0	0	0	0	0	0	0	4477	0	0	0	0	0	0	0	0	42825	0	0	0	0	0	0	0	0	7063.83	0.0	0.0	0.0	0.007126	0.0	0.0	0.0	0.0	0.999999	0.0	0.0	0.0	1.0e-6	0.0	0.0	0.0	0.0	
86	281505	104.523919973	6342.899666666672	7124.177444444458	81.7817	0.987847	281501	0	0	0	0	0	0	0	0	0.000459	0.0	0.0	0.0	1.0	0.0	0.0	0.0	0.0	83.9531	0.0	0.0	0.0	0.0	0.0	0.0	0.0	0.0	0.000298	0.0	0.0	0.0	11.8464	0.0	0.0	0.0	0.0	6	0	0	0	0	0	0	0	0	35854	0	0	0	0	0	0	0	0	189000	0	0	0	0	0	0	0	0	8842	0	0	0	0	0	0	0	0	4511	0	0	0	0	0	0	0	0	43288	0	0	0	0	0	0	0	0	5157.44	0.0	0.0	0.0	0.007126	0.0	0.0	0.0	0.0	0.999999	0.0	0.0	0.0	1.0e-6	0.0	0.0	0.0	0.0	
87	284964	105.524198823	6342.899666666672	6796.399666666679	81.6244	0.987824	284960	0	0	0	0	0	0	0	0	0.000208	0.0	0.0	0.0	1.0	0.0	0.0	0.0	0.0	84.952	0.0	0.0	0.0	0.0	0.0	0.0	0.0	0.0	0.000298	0.0	0.0	0.0	11.8464	0.0	0.0	0.0	0.0	6	0	0	0	0	0	0	0	0	36293	0	0	0	0	0	0	0	0	191355	0	0	0	0	0	0	0	0	8951	0	0	0	0	0	0	0	0	4552	0	0	0	0	0	0	0	0	43803	0	0	0	0	0	0	0	0	2341.22	0.0	0.0	0.0	0.007126	0.0	0.0	0.0	0.0	0.999997	0.0	0.0	0.0	3.0e-6	0.0	0.0	0.0	0.0	
88	288386	106.524383344	6342.899666666672	6937.177444444457	81.4675	0.9878	288382	0	0	0	0	0	0	0	0	0.00075	0.0	0.0	0.0	1.0	0.0	0.0	0.0	0.0	85.9508	0.0	0.0	0.0	0.0	0.0	0.0	0.0	0.0	0.000298	0.0	0.0	0.0	11.8464	0.0	0.0	0.0	0.0	6	0	0	0	0	0	0	0	0	36752	0	0	0	0	0	0	0	0	193614	0	0	0	0	0	0	0	0	9065	0	0	0	0	0	0	0	0	4605	0	0	0	0	0	0	0	0	44340	0	0	0	0	0	0	0	0	8446.68	0.0	0.0	0.0	0.007126	0.0	0.0	0.0	0.0	0.999999	0.0	0.0	0.0	1.0e-6	0.0	0.0	0.0	0.0	
89	291667	107.524644361	6342.899666666672	7087.149666666681	81.3109	0.987777	291663	0	0	0	0	0	0	0	0	0.000713	0.0	0.0	0.0	1.0	0.0	0.0	0.0	0.0	86.9497	0.0	0.0	0.0	0.0	0.0	0.0	0.0	0.0	0.000298	0.0	0.0	0.0	11.8464	0.0	0.0	0.0	0.0	6	0	0	0	0	0	0	0	0	37148	0	0	0	0	0	0	0	0	195854	0	0	0	0	0	0	0	0	9160	0	0	0	0	0	0	0	0	4688	0	0	0	0	0	0	0	0	44807	0	0	0	0	0	0	0	0	8022.37	0.0	0.0	0.0	0.007126	0.0	0.0	0.0	0.0	0.999999	0.0	0.0	0.0	1.0e-6	0.0	0.0	0.0	0.0	
90	294905	108.524809586	6342.899666666672	7273.899666666682	81.1545	0.987753	294901	0	0	0	0	0	0	0	0	0.000432	0.0	0.0	0.0	1.0	0.0	0.0	0.0	0.0	87.9484	0.0	0.0	0.0	0.0	0.0	0.0	0.0	0.0	0.000298	0.0	0.0	0.0	11.8464	0.0	0.0	0.0	0.0	6	0	0	0	0	0	0	0	0	37530	0	0	0	0	0	0	0	0	198063	0	0	0	0	0	0	0	0	9284	0	0	0	0	0	0	0	0	4759	0	0	0	0	0	0	0	0	45259	0	0	0	0	0	0	0	0	4858.01	0.0	0.0	0.0	0.007126	0.0	0.0	0.0	0.0	0.999999	0.0	0.0	0.0	1.0e-6	0.0	0.0	0.0	0.0	
91	298203	109.524834325	6342.899666666672	7604.177444444462	80.9985	0.98773	298199	0	0	0	0	0	0	0	0	0.000706	0.0	0.0	0.0	1.0	0.0	0.0	0.0	0.0	88.9471	0.0	0.0	0.0	0.0	0.0	0.0	0.0	0.0	0.000298	0.0	0.0	0.0	11.8464	0.0	0.0	0.0	0.0	6	0	0	0	0	0	0	0	0	37939	0	0	0	0	0	0	0	0	200296	0	0	0	0	0	0	0	0	9409	0	0	0	0	0	0	0	0	4800	0	0	0	0	0	0	0	0	45749	0	0	0	0	0	0	0	0	7934.54	0.0	0.0	0.0	0.007126	0.0	0.0	0.0	0.0	0.999999	0.0	0.0	0.0	1.0e-6	0.0	0.0	0.0	0.0	
92	301582	110.524898342	6342.899666666672	6998.121888888904	80.8428	0.987707	301578	0	0	0	0	0	0	0	0	0.000476	0.0	0.0	0.0	1.0	0.0	0.0	0.0	0.0	89.9457	0.0	0.0	0.0	0.0	0.0	0.0	0.0	0.0	0.000298	0.0	0.0	0.0	11.8464	0.0	0.0	0.0	0.0	6	0	0	0	0	0	0	0	0	38368	0	0	0	0	0	0	0	0	202550	0	0	0	0	0	0	0	0	9550	0	0	0	0	0	0	0	0	4850	0	0	0	0	0	0	0	0	46254	0	0	0	0	0	0	0	0	5350.42	0.0	0.0	0.0	0.007126	0.0	0.0	0.0	0.0	0.999999	0.0	0.0	0.0	1.0e-6	0.0	0.0	0.0	0.0	
93	304950	111.524922352	6342.899666666672	6792.955222222236	80.6874	0.987683	304946	0	0	0	0	0	0	0	0	0.000664	0.0	0.0	0.0	1.0	0.0	0.0	0.0	0.0	90.9444	0.0	0.0	0.0	0.0	0.0	0.0	0.0	0.0	0.000298	0.0	0.0	0.0	11.8464	0.0	0.0	0.0	0.0	6	0	0	0	0	0	0	0	0	38800	0	0	0	0	0	0	0	0	204780	0	0	0	0	0	0	0	0	9671	0	0	0	0	0	0	0	0	4894	0	0	0	0	0	0	0	0	46795	0	0	0	0	0	0	0	0	7465.12	0.0	0.0	0.0	0.007126	0.0	0.0	0.0	0.0	0.999999	0.0	0.0	0.0	1.0e-6	0.0	0.0	0.0	0.0	
94	308347	112.525046506	6342.899666666672	7140.066333333347	80.5323	0.987659	308343	0	0	0	0	0	0	0	0	0.000441	0.0	0.0	0.0	1.0	0.0	0.0	0.0	0.0	91.9431	0.0	0.0	0.0	0.0	0.0	0.0	0.0	0.0	0.000298	0.0	0.0	0.0	11.8464	0.0	0.0	0.0	0.0	6	0	0	0	0	0	0	0	0	39201	0	0	0	0	0	0	0	0	207064	0	0	0	0	0	0	0	0	9794	0	0	0	0	0	0	0	0	4944	0	0	0	0	0	0	0	0	47334	0	0	0	0	0	0	0	0	4955.94	0.0	0.0	0.0	0.007126	0.0	0.0	0.0	0.0	0.999999	0.0	0.0	0.0	1.0e-6	0.0	0.0	0.0	0.0	
95	311607	113.525178476	6342.899666666672	6737.983000000012	80.3774	0.987636	311603	0	0	0	0	0	0	0	0	0.00057	0.0	0.0	0.0	1.0	0.0	0.0	0.0	0.0	92.9419	0.0	0.0	0.0	0.0	0.0	0.0	0.0	0.0	0.000298	0.0	0.0	0.0	11.8464	0.0	0.0	0.0	0.0	6	0	0	0	0	0	0	0	0	39611	0	0	0	0	0	0	0	0	209267	0	0	0	0	0	0	0	0	9916	0	0	0	0	0	0	0	0	4999	0	0	0	0	0	0	0	0	47804	0	0	0	0	0	0	0	0	6408.47	0.0	0.0	0.0	0.007126	0.0	0.0	0.0	0.0	0.999999	0.0	0.0	0.0	1.0e-6	0.0	0.0	0.0	0.0	
96	314860	114.525191808	6342.899666666672	6892.705222222236	80.2229	0.987612	314856	0	0	0	0	0	0	0	0	0.000637	0.0	0.0	0.0	1.0	0.0	0.0	0.0	0.0	93.9405	0.0	0.0	0.0	0.0	0.0	0.0	0.0	0.0	0.000298	0.0	0.0	0.0	11.8464	0.0	0.0	0.0	0.0	6	0	0	0	0	0	0	0	0	39981	0	0	0	0	0	0	0	0	211448	0	0	0	0	0	0	0	0	10040	0	0	0	0	0	0	0	0	5048	0	0	0	0	0	0	0	0	48333	0	0	0	0	0	0	0	0	7154.23	0.0	0.0	0.0	0.007126	0.0	0.0	0.0	0.0	0.999999	0.0	0.0	0.0	1.0e-6	0.0	0.0	0.0	0.0	
97	318176	115.525236163	6342.899666666672	6649.649666666682	80.0687	0.987588	318172	0	0	0	0	0	0	0	0	0.000628	0.0	0.0	0.0	1.0	0.0	0.0	0.0	0.0	94.9391	0.0	0.0	0.0	0.0	0.0	0.0	0.0	0.0	0.000298	0.0	0.0	0.0	11.8464	0.0	0.0	0.0	0.0	6	0	0	0	0	0	0	0	0	40383	0	0	0	0	0	0	0	0	213651	0	0	0	0	0	0	0	0	10184	0	0	0	0	0	0	0	0	5097	0	0	0	0	0	0	0	0	48851	0	0	0	0	0	0	0	0	7047.88	0.0	0.0	0.0	0.007126	0.0	0.0	0.0	0.0	0.999999	0.0	0.0	0.0	1.0e-6	0.0	0.0	0.0	0.0	
98	321415	116.525386279	6342.899666666672	6798.149666666683	79.9148	0.987565	321411	0	0	0	0	0	0	0	0	0.00078	0.0	0.0	0.0	1.0	0.0	0.0	0.0	0.0	95.9378	0.0	0.0	0.0	0.0	0.0	0.0	0.0	0.0	0.000298	0.0	0.0	0.0	11.8464	0.0	0.0	0.0	0.0	6	0	0	0	0	0	0	0	0	40811	0	0	0	0	0	0	0	0	215847	0	0	0	0	0	0	0	0	10327	0	0	0	0	0	0	0	0	5134	0	0	0	0	0	0	0	0	49286	0	0	0	0	0	0	0	0	8755.38	0.0	0.0	0.0	0.007126	0.0	0.0	0.0	0.0	0.999999	0.0	0.0	0.0	1.0e-6	0.0	0.0	0.0	0.0	
99	324600	117.525558523	6342.899666666672	6738.899666666683	79.7612	0.987541	324596	0	0	0	0	0	0	0	0	0.00053	0.0	0.0	0.0	1.0	0.0	0.0	0.0	0.0	96.9366	0.0	0.0	0.0	0.0	0.0	0.0	0.0	0.0	0.000299	0.0	0.0	0.0	11.8464	0.0	0.0	0.0	0.0	6	0	0	0	0	0	0	0	0	41162	0	0	0	0	0	0	0	0	218066	0	0	0	0	0	0	0	0	10465	0	0	0	0	0	0	0	0	5196	0	0	0	0	0	0	0	0	49701	0	0	0	0	0	0	0	0	5945.6	0.0	0.0	0.0	0.007126	0.0	0.0	0.0	0.0	0.999999	0.0	0.0	0.0	1.0e-6	0.0	0.0	0.0	0.0	
100	327815	118.52570223	6342.899666666672	6823.2330000000175	79.6078	0.987517	327811	0	0	0	0	0	0	0	0	0.000569	0.0	0.0	0.0	1.0	0.0	0.0	0.0	0.0	97.9354	0.0	0.0	0.0	0.0	0.0	0.0	0.0	0.0	0.000299	0.0	0.0	0.0	11.8464	0.0	0.0	0.0	0.0	6	0	0	0	0	0	0	0	0	41565	0	0	0	0	0	0	0	0	220216	0	0	0	0	0	0	0	0	10599	0	0	0	0	0	0	0	0	5239	0	0	0	0	0	0	0	0	50186	0	0	0	0	0	0	0	0	6374.52	0.0	0.0	0.0	0.007126	0.0	0.0	0.0	0.0	0.999999	0.0	0.0	0.0	1.0e-6	0.0	0.0	0.0	0.0	
101	331074	119.525875539	6342.899666666672	7337.510777777796	79.4547	0.987493	331070	0	0	0	0	0	0	0	0	0.000446	0.0	0.0	0.0	1.0	0.0	0.0	0.0	0.0	98.9341	0.0	0.0	0.0	0.0	0.0	0.0	0.0	0.0	0.000299	0.0	0.0	0.0	11.8464	0.0	0.0	0.0	0.0	6	0	0	0	0	0	0	0	0	41992	0	0	0	0	0	0	0	0	222415	0	0	0	0	0	0	0	0	10736	0	0	0	0	0	0	0	0	5285	0	0	0	0	0	0	0	0	50636	0	0	0	0	0	0	0	0	4993.42	0.0	0.0	0.0	0.007126	0.0	0.0	0.0	0.0	0.999999	0.0	0.0	0.0	1.0e-6	0.0	0.0	0.0	0.0	
102	334394	120.526039075	6342.899666666672	7500.760777777793	79.302	0.987469	334390	0	0	0	0	0	0	0	0	0.000383	0.0	0.0	0.0	1.0	0.0	0.0	0.0	0.0	99.9329	0.0	0.0	0.0	0.0	0.0	0.0	0.0	0.0	0.000299	0.0	0.0	0.0	11.8464	0.0	0.0	0.0	0.0	6	0	0	0	0	0	0	0	0	42433	0	0	0	0	0	0	0	0	224630	0	0	0	0	0	0	0	0	10853	0	0	0	0	0	0	0	0	5339	0	0	0	0	0	0	0	0	51129	0	0	0	0	0	0	0	0	4290.95	0.0	0.0	0.0	0.007126	0.0	0.0	0.0	0.0	0.999998	0.0	0.0	0.0	2.0e-6	0.0	0.0	0.0	0.0	
103	337825	121.530740451	6342.899666666672	7563.344111111123	79.1504	0.987445	337821	0	0	0	0	0	0	0	0	0.000895	0.0	0.0	0.0	1.0	0.0	0.0	0.0	0.0	100.936	0.0	0.0	0.0	0.0	0.0	0.0	0.0	0.0	0.000299	0.0	0.0	0.0	11.8464	0.0	0.0	0.0	0.0	6	0	0	0	0	0	0	0	0	42866	0	0	0	0	0	0	0	0	226890	0	0	0	0	0	0	0	0	11003	0	0	0	0	0	0	0	0	5379	0	0	0	0	0	0	0	0	51677	0	0	0	0	0	0	0	0	10027.3	0.0	0.0	0.0	0.007126	0.0	0.0	0.0	0.0	0.999999	0.0	0.0	0.0	1.0e-6	0.0	0.0	0.0	0.0	
104	341302	122.530917094	6342.899666666672	7493.594111111122	78.9967	0.987421	341298	0	0	0	0	0	0	0	0	0.000516	0.0	0.0	0.0	1.0	0.0	0.0	0.0	0.0	101.935	0.0	0.0	0.0	0.0	0.0	0.0	0.0	0.0	0.000299	0.0	0.0	0.0	11.8464	0.0	0.0	0.0	0.0	6	0	0	0	0	0	0	0	0	43338	0	0	0	0	0	0	0	0	229201	0	0	0	0	0	0	0	0	11146	0	0	0	0	0	0	0	0	5409	0	0	0	0	0	0	0	0	52198	0	0	0	0	0	0	0	0	5789.5	0.0	0.0	0.0	0.007126	0.0	0.0	0.0	0.0	0.999999	0.0	0.0	0.0	1.0e-6	0.0	0.0	0.0	0.0	
105	344722	123.531043887	6342.899666666672	7125.955222222234	78.8448	0.987397	344718	0	0	0	0	0	0	0	0	0.001118	0.0	0.0	0.0	1.0	0.0	0.0	0.0	0.0	102.934	0.0	0.0	0.0	0.0	0.0	0.0	0.0	0.0	0.000299	0.0	0.0	0.0	11.8464	0.0	0.0	0.0	0.0	6	0	0	0	0	0	0	0	0	43804	0	0	0	0	0	0	0	0	231526	0	0	0	0	0	0	0	0	11262	0	0	0	0	0	0	0	0	5450	0	0	0	0	0	0	0	0	52670	0	0	0	0	0	0	0	0	12534.9	0.0	0.0	0.0	0.007126	0.0	0.0	0.0	0.0	0.999999	0.0	0.0	0.0	1.0e-6	0.0	0.0	0.0	0.0	
106	348004	124.531388607	6342.899666666672	6909.427444444454	78.6932	0.987373	348000	0	0	0	0	0	0	0	0	0.000726	0.0	0.0	0.0	1.0	0.0	0.0	0.0	0.0	103.933	0.0	0.0	0.0	0.0	0.0	0.0	0.0	0.0	0.000299	0.0	0.0	0.0	11.8464	0.0	0.0	0.0	0.0	6	0	0	0	0	0	0	0	0	44237	0	0	0	0	0	0	0	0	233797	0	0	0	0	0	0	0	0	11372	0	0	0	0	0	0	0	0	5495	0	0	0	0	0	0	0	0	53093	0	0	0	0	0	0	0	0	8138.21	0.0	0.0	0.0	0.007126	0.0	0.0	0.0	0.0	0.999999	0.0	0.0	0.0	1.0e-6	0.0	0.0	0.0	0.0	
107	351236	125.531520257	6342.899666666672	6641.4274444444545	78.5419	0.987349	351232	0	0	0	0	0	0	0	0	0.001364	0.0	0.0	0.0	1.0	0.0	0.0	0.0	0.0	104.931	0.0	0.0	0.0	0.0	0.0	0.0	0.0	0.0	0.000299	0.0	0.0	0.0	11.8464	0.0	0.0	0.0	0.0	6	0	0	0	0	0	0	0	0	44645	0	0	0	0	0	0	0	0	236042	0	0	0	0	0	0	0	0	11481	0	0	0	0	0	0	0	0	5555	0	0	0	0	0	0	0	0	53503	0	0	0	0	0	0	0	0	15287.1	0.0	0.0	0.0	0.007126	0.0	0.0	0.0	0.0	1.0	0.0	0.0	0.0	0.0	0.0	0.0	0.0	0.0	
108	354463	126.531697227	6342.899666666672	6888.621888888901	78.3909	0.987324	354459	0	0	0	0	0	0	0	0	0.000839	0.0	0.0	0.0	1.0	0.0	0.0	0.0	0.0	105.93	0.0	0.0	0.0	0.0	0.0	0.0	0.0	0.0	0.000299	0.0	0.0	0.0	11.8464	0.0	0.0	0.0	0.0	6	0	0	0	0	0	0	0	0	45032	0	0	0	0	0	0	0	0	238288	0	0	0	0	0	0	0	0	11595	0	0	0	0	0	0	0	0	5630	0	0	0	0	0	0	0	0	53908	0	0	0	0	0	0	0	0	9393.73	0.0	0.0	0.0	0.007126	0.0	0.0	0.0	0.0	0.999999	0.0	0.0	0.0	1.0e-6	0.0	0.0	0.0	0.0	
109	357818	127.531954337	6342.899666666672	7024.038555555567	78.2401	0.9873	357814	0	0	0	0	0	0	0	0	0.000529	0.0	0.0	0.0	1.0	0.0	0.0	0.0	0.0	106.929	0.0	0.0	0.0	0.0	0.0	0.0	0.0	0.0	0.000299	0.0	0.0	0.0	11.8464	0.0	0.0	0.0	0.0	6	0	0	0	0	0	0	0	0	45437	0	0	0	0	0	0	0	0	240574	0	0	0	0	0	0	0	0	11710	0	0	0	0	0	0	0	0	5698	0	0	0	0	0	0	0	0	54389	0	0	0	0	0	0	0	0	5925.52	0.0	0.0	0.0	0.007126	0.0	0.0	0.0	0.0	0.999999	0.0	0.0	0.0	1.0e-6	0.0	0.0	0.0	0.0	
110	361225	128.532278865	6342.899666666672	6902.260777777786	78.0897	0.987276	361221	0	0	0	0	0	0	0	0	0.000728	0.0	0.0	0.0	1.0	0.0	0.0	0.0	0.0	107.928	0.0	0.0	0.0	0.0	0.0	0.0	0.0	0.0	0.000299	0.0	0.0	0.0	11.8464	0.0	0.0	0.0	0.0	6	0	0	0	0	0	0	0	0	45861	0	0	0	0	0	0	0	0	242910	0	0	0	0	0	0	0	0	11830	0	0	0	0	0	0	0	0	5791	0	0	0	0	0	0	0	0	54823	0	0	0	0	0	0	0	0	8150.58	0.0	0.0	0.0	0.007126	0.0	0.0	0.0	0.0	0.999999	0.0	0.0	0.0	1.0e-6	0.0	0.0	0.0	0.0	
111	364658	129.53244039	6342.899666666672	7328.594111111121	77.9396	0.987252	364654	0	0	0	0	0	0	0	0	0.000635	0.0	0.0	0.0	1.0	0.0	0.0	0.0	0.0	108.927	0.0	0.0	0.0	0.0	0.0	0.0	0.0	0.0	0.000299	0.0	0.0	0.0	11.8464	0.0	0.0	0.0	0.0	6	0	0	0	0	0	0	0	0	46268	0	0	0	0	0	0	0	0	245310	0	0	0	0	0	0	0	0	11937	0	0	0	0	0	0	0	0	5856	0	0	0	0	0	0	0	0	55277	0	0	0	0	0	0	0	0	7121.42	0.0	0.0	0.0	0.007126	0.0	0.0	0.0	0.0	0.999999	0.0	0.0	0.0	1.0e-6	0.0	0.0	0.0	0.0	
112	367930	130.532567346	6342.899666666672	6985.288555555565	77.7897	0.987227	367926	0	0	0	0	0	0	0	0	0.000248	0.0	0.0	0.0	1.0	0.0	0.0	0.0	0.0	109.926	0.0	0.0	0.0	0.0	0.0	0.0	0.0	0.0	0.000299	0.0	0.0	0.0	11.8464	0.0	0.0	0.0	0.0	6	0	0	0	0	0	0	0	0	46658	0	0	0	0	0	0	0	0	247553	0	0	0	0	0	0	0	0	12073	0	0	0	0	0	0	0	0	5906	0	0	0	0	0	0	0	0	55730	0	0	0	0	0	0	0	0	2783.8	0.0	0.0	0.0	0.007126	0.0	0.0	0.0	0.0	0.999997	0.0	0.0	0.0	3.0e-6	0.0	0.0	0.0	0.0	
113	371132	131.532656726	6342.899666666672	6873.010777777786	77.6402	0.987203	371128	0	0	0	0	0	0	0	0	0.000876	0.0	0.0	0.0	1.0	0.0	0.0	0.0	0.0	110.924	0.0	0.0	0.0	0.0	0.0	0.0	0.0	0.0	0.000299	0.0	0.0	0.0	11.8464	0.0	0.0	0.0	0.0	6	0	0	0	0	0	0	0	0	47096	0	0	0	0	0	0	0	0	249784	0	0	0	0	0	0	0	0	12186	0	0	0	0	0	0	0	0	5957	0	0	0	0	0	0	0	0	56099	0	0	0	0	0	0	0	0	9802.32	0.0	0.0	0.0	0.007126	0.0	0.0	0.0	0.0	0.999999	0.0	0.0	0.0	1.0e-6	0.0	0.0	0.0	0.0	
114	374414	132.532739856	6342.899666666672	7149.871888888897	77.4909	0.987178	374410	0	0	0	0	0	0	0	0	0.000534	0.0	0.0	0.0	1.0	0.0	0.0	0.0	0.0	111.923	0.0	0.0	0.0	0.0	0.0	0.0	0.0	0.0	0.000299	0.0	0.0	0.0	11.8464	0.0	0.0	0.0	0.0	6	0	0	0	0	0	0	0	0	47488	0	0	0	0	0	0	0	0	252018	0	0	0	0	0	0	0	0	12301	0	0	0	0	0	0	0	0	6006	0	0	0	0	0	0	0	0	56591	0	0	0	0	0	0	0	0	5979.33	0.0	0.0	0.0	0.007126	0.0	0.0	0.0	0.0	0.999999	0.0	0.0	0.0	1.0e-6	0.0	0.0	0.0	0.0	
115	377704	133.532815387	6342.899666666672	6763.538555555565	77.3419	0.987154	377700	0	0	0	0	0	0	0	0	0.000442	0.0	0.0	0.0	1.0	0.0	0.0	0.0	0.0	112.922	0.0	0.0	0.0	0.0	0.0	0.0	0.0	0.0	0.000299	0.0	0.0	0.0	11.8464	0.0	0.0	0.0	0.0	6	0	0	0	0	0	0	0	0	47885	0	0	0	0	0	0	0	0	254236	0	0	0	0	0	0	0	0	12420	0	0	0	0	0	0	0	0	6046	0	0	0	0	0	0	0	0	57107	0	0	0	0	0	0	0	0	4948.42	0.0	0.0	0.0	0.007126	0.0	0.0	0.0	0.0	0.999999	0.0	0.0	0.0	1.0e-6	0.0	0.0	0.0	0.0	
116	381067	134.536595172	6342.899666666672	6589.371888888895	77.1938	0.987129	381063	0	0	0	0	0	0	0	0	0.00031	0.0	0.0	0.0	1.0	0.0	0.0	0.0	0.0	113.924	0.0	0.0	0.0	0.0	0.0	0.0	0.0	0.0	0.000299	0.0	0.0	0.0	11.8464	0.0	0.0	0.0	0.0	6	0	0	0	0	0	0	0	0	48292	0	0	0	0	0	0	0	0	256471	0	0	0	0	0	0	0	0	12546	0	0	0	0	0	0	0	0	6129	0	0	0	0	0	0	0	0	57619	0	0	0	0	0	0	0	0	3464.07	0.0	0.0	0.0	0.007126	0.0	0.0	0.0	0.0	0.999998	0.0	0.0	0.0	2.0e-6	0.0	0.0	0.0	0.0	
117	384516	135.536818457	6302.205222222229	7139.427444444451	77.0443	0.987104	384512	0	0	0	0	0	0	0	0	0.000548	0.0	0.0	0.0	1.0	0.0	0.0	0.0	0.0	114.923	0.0	0.0	0.0	0.0	0.0	0.0	0.0	0.0	0.000299	0.0	0.0	0.0	11.8464	0.0	0.0	0.0	0.0	9	0	0	0	0	0	0	0	0	48696	0	0	0	0	0	0	0	0	258773	0	0	0	0	0	0	0	0	12697	0	0	0	0	0	0	0	0	6210	0	0	0	0	0	0	0	0	58127	0	0	0	0	0	0	0	0	6139.76	0.0	0.0	0.0	0.007126	0.0	0.0	0.0	0.0	0.999999	0.0	0.0	0.0	1.0e-6	0.0	0.0	0.0	0.0	
118	388036	136.536951923	6302.205222222229	7017.121888888897	76.8962	0.98708	388032	0	0	0	0	0	0	0	0	0.001024	0.0	0.0	0.0	1.0	0.0	0.0	0.0	0.0	115.922	0.0	0.0	0.0	0.0	0.0	0.0	0.0	0.0	0.000299	0.0	0.0	0.0	11.8464	0.0	0.0	0.0	0.0	9	0	0	0	0	0	0	0	0	49111	0	0	0	0	0	0	0	0	261254	0	0	0	0	0	0	0	0	12814	0	0	0	0	0	0	0	0	6258	0	0	0	0	0	0	0	0	58586	0	0	0	0	0	0	0	0	11473.2	0.0	0.0	0.0	0.007126	0.0	0.0	0.0	0.0	0.999999	0.0	0.0	0.0	1.0e-6	0.0	0.0	0.0	0.0	
119	391592	137.53711526	6302.205222222229	6795.260777777787	76.7484	0.987055	391588	0	0	0	0	0	0	0	0	0.000153	0.0	0.0	0.0	1.0	0.0	0.0	0.0	0.0	116.92	0.0	0.0	0.0	0.0	0.0	0.0	0.0	0.0	0.000299	0.0	0.0	0.0	11.8464	0.0	0.0	0.0	0.0	9	0	0	0	0	0	0	0	0	49552	0	0	0	0	0	0	0	0	263542	0	0	0	0	0	0	0	0	12958	0	0	0	0	0	0	0	0	6312	0	0	0	0	0	0	0	0	59215	0	0	0	0	0	0	0	0	1717.79	0.0	0.0	0.0	0.007126	0.0	0.0	0.0	0.0	0.999996	0.0	0.0	0.0	4.0e-6	0.0	0.0	0.0	0.0	
120	394976	138.537297877	6302.205222222229	7058.344111111119	76.6008	0.98703	394972	0	0	0	0	0	0	0	0	0.000492	0.0	0.0	0.0	1.0	0.0	0.0	0.0	0.0	117.919	0.0	0.0	0.0	0.0	0.0	0.0	0.0	0.0	0.000299	0.0	0.0	0.0	11.8464	0.0	0.0	0.0	0.0	9	0	0	0	0	0	0	0	0	49951	0	0	0	0	0	0	0	0	265866	0	0	0	0	0	0	0	0	13070	0	0	0	0	0	0	0	0	6355	0	0	0	0	0	0	0	0	59721	0	0	0	0	0	0	0	0	5516.71	0.0	0.0	0.0	0.007126	0.0	0.0	0.0	0.0	0.999999	0.0	0.0	0.0	1.0e-6	0.0	0.0	0.0	0.0	
121	398270	139.537381648	6302.205222222229	7073.510777777788	76.4535	0.987005	398266	0	0	0	0	0	0	0	0	0.000757	0.0	0.0	0.0	1.0	0.0	0.0	0.0	0.0	118.918	0.0	0.0	0.0	0.0	0.0	0.0	0.0	0.0	0.000299	0.0	0.0	0.0	11.8464	0.0	0.0	0.0	0.0	9	0	0	0	0	0	0	0	0	50357	0	0	0	0	0	0	0	0	268139	0	0	0	0	0	0	0	0	13182	0	0	0	0	0	0	0	0	6394	0	0	0	0	0	0	0	0	60185	0	0	0	0	0	0	0	0	8485.96	0.0	0.0	0.0	0.007126	0.0	0.0	0.0	0.0	0.999999	0.0	0.0	0.0	1.0e-6	0.0	0.0	0.0	0.0	
122	401517	140.537639882	6302.205222222229	7441.760777777787	76.3065	0.98698	401513	0	0	0	0	0	0	0	0	0.000211	0.0	0.0	0.0	1.0	0.0	0.0	0.0	0.0	119.917	0.0	0.0	0.0	0.0	0.0	0.0	0.0	0.0	0.000299	0.0	0.0	0.0	11.8464	0.0	0.0	0.0	0.0	9	0	0	0	0	0	0	0	0	50744	0	0	0	0	0	0	0	0	270380	0	0	0	0	0	0	0	0	13302	0	0	0	0	0	0	0	0	6428	0	0	0	0	0	0	0	0	60650	0	0	0	0	0	0	0	0	2368.27	0.0	0.0	0.0	0.007126	0.0	0.0	0.0	0.0	0.999997	0.0	0.0	0.0	3.0e-6	0.0	0.0	0.0	0.0	
123	404791	141.537727051	6302.205222222229	6946.816333333343	76.1598	0.986956	404787	0	0	0	0	0	0	0	0	0.000601	0.0	0.0	0.0	1.0	0.0	0.0	0.0	0.0	120.915	0.0	0.0	0.0	0.0	0.0	0.0	0.0	0.0	0.000299	0.0	0.0	0.0	11.8464	0.0	0.0	0.0	0.0	9	0	0	0	0	0	0	0	0	51165	0	0	0	0	0	0	0	0	272653	0	0	0	0	0	0	0	0	13432	0	0	0	0	0	0	0	0	6454	0	0	0	0	0	0	0	0	61074	0	0	0	0	0	0	0	0	6730.21	0.0	0.0	0.0	0.007126	0.0	0.0	0.0	0.0	0.999999	0.0	0.0	0.0	1.0e-6	0.0	0.0	0.0	0.0	
124	408034	142.538002278	6302.205222222229	6750.705222222233	76.0134	0.986931	408030	0	0	0	0	0	0	0	0	0.00078	0.0	0.0	0.0	1.0	0.0	0.0	0.0	0.0	121.914	0.0	0.0	0.0	0.0	0.0	0.0	0.0	0.0	0.000299	0.0	0.0	0.0	11.8464	0.0	0.0	0.0	0.0	9	0	0	0	0	0	0	0	0	51606	0	0	0	0	0	0	0	0	274944	0	0	0	0	0	0	0	0	13559	0	0	0	0	0	0	0	0	6492	0	0	0	0	0	0	0	0	61420	0	0	0	0	0	0	0	0	8738.14	0.0	0.0	0.0	0.007126	0.0	0.0	0.0	0.0	0.999999	0.0	0.0	0.0	1.0e-6	0.0	0.0	0.0	0.0	
125	411369	143.538032119	6302.205222222229	6447.871888888898	75.8672	0.986906	411365	0	0	0	0	0	0	0	0	0.000395	0.0	0.0	0.0	1.0	0.0	0.0	0.0	0.0	122.913	0.0	0.0	0.0	0.0	0.0	0.0	0.0	0.0	0.000299	0.0	0.0	0.0	11.8464	0.0	0.0	0.0	0.0	9	0	0	0	0	0	0	0	0	52059	0	0	0	0	0	0	0	0	277243	0	0	0	0	0	0	0	0	13705	0	0	0	0	0	0	0	0	6529	0	0	0	0	0	0	0	0	61820	0	0	0	0	0	0	0	0	4424.37	0.0	0.0	0.0	0.007126	0.0	0.0	0.0	0.0	0.999998	0.0	0.0	0.0	2.0e-6	0.0	0.0	0.0	0.0	
126	414587	144.541701172	6302.205222222229	6867.76077777779	75.7224	0.986881	414583	0	0	0	0	0	0	0	0	0.000341	0.0	0.0	0.0	1.0	0.0	0.0	0.0	0.0	123.915	0.0	0.0	0.0	0.0	0.0	0.0	0.0	0.0	0.000299	0.0	0.0	0.0	11.8464	0.0	0.0	0.0	0.0	9	0	0	0	0	0	0	0	0	52465	0	0	0	0	0	0	0	0	279430	0	0	0	0	0	0	0	0	13845	0	0	0	0	0	0	0	0	6572	0	0	0	0	0	0	0	0	62262	0	0	0	0	0	0	0	0	3821.88	0.0	0.0	0.0	0.007126	0.0	0.0	0.0	0.0	0.999998	0.0	0.0	0.0	2.0e-6	0.0	0.0	0.0	0.0	
127	417834	145.541943762	6302.205222222229	6746.538555555569	75.5753	0.986855	417830	0	0	0	0	0	0	0	0	0.001224	0.0	0.0	0.0	1.0	0.0	0.0	0.0	0.0	124.914	0.0	0.0	0.0	0.0	0.0	0.0	0.0	0.0	0.000299	0.0	0.0	0.0	11.8464	0.0	0.0	0.0	0.0	9	0	0	0	0	0	0	0	0	52902	0	0	0	0	0	0	0	0	281591	0	0	0	0	0	0	0	0	13973	0	0	0	0	0	0	0	0	6613	0	0	0	0	0	0	0	0	62742	0	0	0	0	0	0	0	0	13700.2	0.0	0.0	0.0	0.007126	0.0	0.0	0.0	0.0	0.999999	0.0	0.0	0.0	1.0e-6	0.0	0.0	0.0	0.0	
128	421161	146.542141226	6302.205222222229	6718.121888888898	75.43	0.98683	421157	0	0	0	0	0	0	0	0	0.000263	0.0	0.0	0.0	1.0	0.0	0.0	0.0	0.0	125.913	0.0	0.0	0.0	0.0	0.0	0.0	0.0	0.0	0.000299	0.0	0.0	0.0	11.8464	0.0	0.0	0.0	0.0	9	0	0	0	0	0	0	0	0	53329	0	0	0	0	0	0	0	0	283832	0	0	0	0	0	0	0	0	14082	0	0	0	0	0	0	0	0	6668	0	0	0	0	0	0	0	0	63237	0	0	0	0	0	0	0	0	2944.26	0.0	0.0	0.0	0.007126	0.0	0.0	0.0	0.0	0.999998	0.0	0.0	0.0	2.0e-6	0.0	0.0	0.0	0.0	
129	424499	147.542261665	6302.205222222229	6892.566333333345	75.285	0.986805	424495	0	0	0	0	0	0	0	0	0.000659	0.0	0.0	0.0	1.0	0.0	0.0	0.0	0.0	126.911	0.0	0.0	0.0	0.0	0.0	0.0	0.0	0.0	0.000299	0.0	0.0	0.0	11.8464	0.0	0.0	0.0	0.0	9	0	0	0	0	0	0	0	0	53776	0	0	0	0	0	0	0	0	286033	0	0	0	0	0	0	0	0	14210	0	0	0	0	0	0	0	0	6710	0	0	0	0	0	0	0	0	63757	0	0	0	0	0	0	0	0	7374.81	0.0	0.0	0.0	0.007126	0.0	0.0	0.0	0.0	0.999999	0.0	0.0	0.0	1.0e-6	0.0	0.0	0.0	0.0	
130	427853	148.542355949	6302.205222222229	6870.566333333344	75.1402	0.98678	427849	0	0	0	0	0	0	0	0	0.000469	0.0	0.0	0.0	1.0	0.0	0.0	0.0	0.0	127.91	0.0	0.0	0.0	0.0	0.0	0.0	0.0	0.0	0.000299	0.0	0.0	0.0	11.8464	0.0	0.0	0.0	0.0	9	0	0	0	0	0	0	0	0	54178	0	0	0	0	0	0	0	0	288291	0	0	0	0	0	0	0	0	14330	0	0	0	0	0	0	0	0	6743	0	0	0	0	0	0	0	0	64298	0	0	0	0	0	0	0	0	5250.93	0.0	0.0	0.0	0.007126	0.0	0.0	0.0	0.0	0.999999	0.0	0.0	0.0	1.0e-6	0.0	0.0	0.0	0.0	
131	431192	149.542570355	6302.205222222229	7180.0107777777885	74.9958	0.986754	431188	0	0	0	0	0	0	0	0	0.00056	0.0	0.0	0.0	1.0	0.0	0.0	0.0	0.0	128.909	0.0	0.0	0.0	0.0	0.0	0.0	0.0	0.0	0.000299	0.0	0.0	0.0	11.8464	0.0	0.0	0.0	0.0	9	0	0	0	0	0	0	0	0	54626	0	0	0	0	0	0	0	0	290419	0	0	0	0	0	0	0	0	14430	0	0	0	0	0	0	0	0	6793	0	0	0	0	0	0	0	0	64911	0	0	0	0	0	0	0	0	6268.28	0.0	0.0	0.0	0.007126	0.0	0.0	0.0	0.0	0.999999	0.0	0.0	0.0	1.0e-6	0.0	0.0	0.0	0.0	
132	434526	150.542581658	6302.205222222229	7047.455222222232	74.8516	0.986729	434522	0	0	0	0	0	0	0	0	0.000267	0.0	0.0	0.0	1.0	0.0	0.0	0.0	0.0	129.907	0.0	0.0	0.0	0.0	0.0	0.0	0.0	0.0	0.000299	0.0	0.0	0.0	11.8464	0.0	0.0	0.0	0.0	9	0	0	0	0	0	0	0	0	55053	0	0	0	0	0	0	0	0	292621	0	0	0	0	0	0	0	0	14537	0	0	0	0	0	0	0	0	6824	0	0	0	0	0	0	0	0	65478	0	0	0	0	0	0	0	0	2992.73	0.0	0.0	0.0	0.007126	0.0	0.0	0.0	0.0	0.999998	0.0	0.0	0.0	2.0e-6	0.0	0.0	0.0	0.0	
133	437890	151.542714955	6302.205222222229	6978.038555555568	74.7077	0.986704	437886	0	0	0	0	0	0	0	0	0.000421	0.0	0.0	0.0	1.0	0.0	0.0	0.0	0.0	130.906	0.0	0.0	0.0	0.0	0.0	0.0	0.0	0.0	0.000299	0.0	0.0	0.0	11.8464	0.0	0.0	0.0	0.0	9	0	0	0	0	0	0	0	0	55471	0	0	0	0	0	0	0	0	294801	0	0	0	0	0	0	0	0	14649	0	0	0	0	0	0	0	0	6893	0	0	0	0	0	0	0	0	66063	0	0	0	0	0	0	0	0	4715.13	0.0	0.0	0.0	0.007126	0.0	0.0	0.0	0.0	0.999998	0.0	0.0	0.0	2.0e-6	0.0	0.0	0.0	0.0	
134	441210	152.543013119	6290.233000000013	6564.955222222234	74.564	0.986678	441206	0	0	0	0	0	0	0	0	0.000305	0.0	0.0	0.0	1.0	0.0	0.0	0.0	0.0	131.905	0.0	0.0	0.0	0.0	0.0	0.0	0.0	0.0	0.000299	0.0	0.0	0.0	11.8464	0.0	0.0	0.0	0.0	11	0	0	0	0	0	0	0	0	55870	0	0	0	0	0	0	0	0	297020	0	0	0	0	0	0	0	0	14779	0	0	0	0	0	0	0	0	6965	0	0	0	0	0	0	0	0	66561	0	0	0	0	0	0	0	0	3409.01	0.0	0.0	0.0	0.007126	0.0	0.0	0.0	0.0	0.999998	0.0	0.0	0.0	2.0e-6	0.0	0.0	0.0	0.0	
135	444555	153.54305009	6290.233000000013	6752.149666666677	74.4207	0.986653	444551	0	0	0	0	0	0	0	0	0.000734	0.0	0.0	0.0	1.0	0.0	0.0	0.0	0.0	132.904	0.0	0.0	0.0	0.0	0.0	0.0	0.0	0.0	0.000299	0.0	0.0	0.0	11.8464	0.0	0.0	0.0	0.0	11	0	0	0	0	0	0	0	0	56319	0	0	0	0	0	0	0	0	299287	0	0	0	0	0	0	0	0	14914	0	0	0	0	0	0	0	0	7020	0	0	0	0	0	0	0	0	67000	0	0	0	0	0	0	0	0	8207.03	0.0	0.0	0.0	0.007126	0.0	0.0	0.0	0.0	0.999999	0.0	0.0	0.0	1.0e-6	0.0	0.0	0.0	0.0	
136	447897	154.543170468	6290.233000000013	6732.149666666677	74.2776	0.986627	447893	0	0	0	0	0	0	0	0	0.000493	0.0	0.0	0.0	1.0	0.0	0.0	0.0	0.0	133.903	0.0	0.0	0.0	0.0	0.0	0.0	0.0	0.0	0.000299	0.0	0.0	0.0	11.8464	0.0	0.0	0.0	0.0	11	0	0	0	0	0	0	0	0	56750	0	0	0	0	0	0	0	0	301552	0	0	0	0	0	0	0	0	15063	0	0	0	0	0	0	0	0	7058	0	0	0	0	0	0	0	0	67459	0	0	0	0	0	0	0	0	5520.67	0.0	0.0	0.0	0.007126	0.0	0.0	0.0	0.0	0.999999	0.0	0.0	0.0	1.0e-6	0.0	0.0	0.0	0.0	
137	451281	155.543345532	6290.233000000013	6635.983000000013	74.1348	0.986602	451277	0	0	0	0	0	0	0	0	0.000983	0.0	0.0	0.0	1.0	0.0	0.0	0.0	0.0	134.901	0.0	0.0	0.0	0.0	0.0	0.0	0.0	0.0	0.000299	0.0	0.0	0.0	11.8464	0.0	0.0	0.0	0.0	11	0	0	0	0	0	0	0	0	57179	0	0	0	0	0	0	0	0	303860	0	0	0	0	0	0	0	0	15211	0	0	0	0	0	0	0	0	7097	0	0	0	0	0	0	0	0	67919	0	0	0	0	0	0	0	0	11000.8	0.0	0.0	0.0	0.007126	0.0	0.0	0.0	0.0	0.999999	0.0	0.0	0.0	1.0e-6	0.0	0.0	0.0	0.0	
138	454744	156.549697387	6288.34411111112	6779.260777777788	73.9924	0.986576	454740	0	0	0	0	0	0	0	0	0.000891	0.0	0.0	0.0	1.0	0.0	0.0	0.0	0.0	135.906	0.0	0.0	0.0	0.0	0.0	0.0	0.0	0.0	0.000299	0.0	0.0	0.0	11.8464	0.0	0.0	0.0	0.0	12	0	0	0	0	0	0	0	0	57654	0	0	0	0	0	0	0	0	306159	0	0	0	0	0	0	0	0	15332	0	0	0	0	0	0	0	0	7145	0	0	0	0	0	0	0	0	68438	0	0	0	0	0	0	0	0	9978.35	0.0	0.0	0.0	0.007126	0.0	0.0	0.0	0.0	0.999999	0.0	0.0	0.0	1.0e-6	0.0	0.0	0.0	0.0	
139	458094	157.54982775	6288.34411111112	6812.344111111119	73.8492	0.98655	458090	0	0	0	0	0	0	0	0	0.000768	0.0	0.0	0.0	1.0	0.0	0.0	0.0	0.0	136.905	0.0	0.0	0.0	0.0	0.0	0.0	0.0	0.0	0.000299	0.0	0.0	0.0	11.8464	0.0	0.0	0.0	0.0	12	0	0	0	0	0	0	0	0	58094	0	0	0	0	0	0	0	0	308368	0	0	0	0	0	0	0	0	15465	0	0	0	0	0	0	0	0	7193	0	0	0	0	0	0	0	0	68958	0	0	0	0	0	0	0	0	8598.69	0.0	0.0	0.0	0.007126	0.0	0.0	0.0	0.0	0.999999	0.0	0.0	0.0	1.0e-6	0.0	0.0	0.0	0.0	
140	461378	158.55012595	6288.34411111112	6916.344111111123	73.7072	0.986524	461374	0	0	0	0	0	0	0	0	0.00087	0.0	0.0	0.0	1.0	0.0	0.0	0.0	0.0	137.904	0.0	0.0	0.0	0.0	0.0	0.0	0.0	0.0	0.000299	0.0	0.0	0.0	11.8464	0.0	0.0	0.0	0.0	12	0	0	0	0	0	0	0	0	58548	0	0	0	0	0	0	0	0	310532	0	0	0	0	0	0	0	0	15622	0	0	0	0	0	0	0	0	7238	0	0	0	0	0	0	0	0	69422	0	0	0	0	0	0	0	0	9738.5	0.0	0.0	0.0	0.007126	0.0	0.0	0.0	0.0	0.999999	0.0	0.0	0.0	1.0e-6	0.0	0.0	0.0	0.0	
141	464612	159.551196197	6288.34411111112	6787.621888888901	73.5664	0.986499	464608	0	0	0	0	0	0	0	0	0.000809	0.0	0.0	0.0	1.0	0.0	0.0	0.0	0.0	138.904	0.0	0.0	0.0	0.0	0.0	0.0	0.0	0.0	0.000299	0.0	0.0	0.0	11.8464	0.0	0.0	0.0	0.0	12	0	0	0	0	0	0	0	0	58988	0	0	0	0	0	0	0	0	312692	0	0	0	0	0	0	0	0	15752	0	0	0	0	0	0	0	0	7265	0	0	0	0	0	0	0	0	69899	0	0	0	0	0	0	0	0	9055.31	0.0	0.0	0.0	0.007126	0.0	0.0	0.0	0.0	0.999999	0.0	0.0	0.0	1.0e-6	0.0	0.0	0.0	0.0	
142	467896	160.551393541	6288.34411111112	6601.649666666677	73.4239	0.986473	467892	0	0	0	0	0	0	0	0	0.000168	0.0	0.0	0.0	1.0	0.0	0.0	0.0	0.0	139.902	0.0	0.0	0.0	0.0	0.0	0.0	0.0	0.0	0.000299	0.0	0.0	0.0	11.8464	0.0	0.0	0.0	0.0	12	0	0	0	0	0	0	0	0	59431	0	0	0	0	0	0	0	0	314812	0	0	0	0	0	0	0	0	15920	0	0	0	0	0	0	0	0	7305	0	0	0	0	0	0	0	0	70412	0	0	0	0	0	0	0	0	1884.34	0.0	0.0	0.0	0.007126	0.0	0.0	0.0	0.0	0.999996	0.0	0.0	0.0	4.0e-6	0.0	0.0	0.0	0.0	
143	471225	161.551473926	6288.34411111112	6743.399666666674	73.2827	0.986447	471221	0	0	0	0	0	0	0	0	0.000875	0.0	0.0	0.0	1.0	0.0	0.0	0.0	0.0	140.901	0.0	0.0	0.0	0.0	0.0	0.0	0.0	0.0	0.000299	0.0	0.0	0.0	11.8464	0.0	0.0	0.0	0.0	12	0	0	0	0	0	0	0	0	59864	0	0	0	0	0	0	0	0	317027	0	0	0	0	0	0	0	0	16067	0	0	0	0	0	0	0	0	7343	0	0	0	0	0	0	0	0	70908	0	0	0	0	0	0	0	0	9786.14	0.0	0.0	0.0	0.007126	0.0	0.0	0.0	0.0	0.999999	0.0	0.0	0.0	1.0e-6	0.0	0.0	0.0	0.0	
144	474598	162.55160578	6288.34411111112	6881.788555555564	73.1419	0.986421	474594	0	0	0	0	0	0	0	0	0.000655	0.0	0.0	0.0	1.0	0.0	0.0	0.0	0.0	141.9	0.0	0.0	0.0	0.0	0.0	0.0	0.0	0.0	0.000299	0.0	0.0	0.0	11.8464	0.0	0.0	0.0	0.0	12	0	0	0	0	0	0	0	0	60291	0	0	0	0	0	0	0	0	319290	0	0	0	0	0	0	0	0	16236	0	0	0	0	0	0	0	0	7375	0	0	0	0	0	0	0	0	71390	0	0	0	0	0	0	0	0	7327.46	0.0	0.0	0.0	0.007126	0.0	0.0	0.0	0.0	0.999999	0.0	0.0	0.0	1.0e-6	0.0	0.0	0.0	0.0	
145	477826	163.551629164	6288.34411111112	7368.038555555564	73.0012	0.986395	477822	0	0	0	0	0	0	0	0	0.00034	0.0	0.0	0.0	1.0	0.0	0.0	0.0	0.0	142.898	0.0	0.0	0.0	0.0	0.0	0.0	0.0	0.0	0.000299	0.0	0.0	0.0	11.8464	0.0	0.0	0.0	0.0	12	0	0	0	0	0	0	0	0	60718	0	0	0	0	0	0	0	0	321450	0	0	0	0	0	0	0	0	16373	0	0	0	0	0	0	0	0	7422	0	0	0	0	0	0	0	0	71847	0	0	0	0	0	0	0	0	3805.33	0.0	0.0	0.0	0.007126	0.0	0.0	0.0	0.0	0.999998	0.0	0.0	0.0	2.0e-6	0.0	0.0	0.0	0.0	
146	481073	164.551918733	6288.34411111112	7154.010777777787	72.8609	0.986369	481069	0	0	0	0	0	0	0	0	0.00092	0.0	0.0	0.0	1.0	0.0	0.0	0.0	0.0	143.897	0.0	0.0	0.0	0.0	0.0	0.0	0.0	0.0	0.000299	0.0	0.0	0.0	11.8464	0.0	0.0	0.0	0.0	12	0	0	0	0	0	0	0	0	61136	0	0	0	0	0	0	0	0	323586	0	0	0	0	0	0	0	0	16515	0	0	0	0	0	0	0	0	7470	0	0	0	0	0	0	0	0	72350	0	0	0	0	0	0	0	0	10277.6	0.0	0.0	0.0	0.007126	0.0	0.0	0.0	0.0	0.999999	0.0	0.0	0.0	1.0e-6	0.0	0.0	0.0	0.0	
147	484395	165.552074682	6288.34411111112	6703.066333333343	72.7208	0.986343	484391	0	0	0	0	0	0	0	0	0.000521	0.0	0.0	0.0	1.0	0.0	0.0	0.0	0.0	144.896	0.0	0.0	0.0	0.0	0.0	0.0	0.0	0.0	0.000299	0.0	0.0	0.0	11.8464	0.0	0.0	0.0	0.0	12	0	0	0	0	0	0	0	0	61539	0	0	0	0	0	0	0	0	325772	0	0	0	0	0	0	0	0	16647	0	0	0	0	0	0	0	0	7533	0	0	0	0	0	0	0	0	72888	0	0	0	0	0	0	0	0	5817.76	0.0	0.0	0.0	0.007126	0.0	0.0	0.0	0.0	0.999999	0.0	0.0	0.0	1.0e-6	0.0	0.0	0.0	0.0	
148	487738	166.552204913	6288.34411111112	6630.5107777777885	72.581	0.986317	487734	0	0	0	0	0	0	0	0	0.000286	0.0	0.0	0.0	1.0	0.0	0.0	0.0	0.0	145.895	0.0	0.0	0.0	0.0	0.0	0.0	0.0	0.0	0.000299	0.0	0.0	0.0	11.8464	0.0	0.0	0.0	0.0	12	0	0	0	0	0	0	0	0	61961	0	0	0	0	0	0	0	0	327974	0	0	0	0	0	0	0	0	16792	0	0	0	0	0	0	0	0	7592	0	0	0	0	0	0	0	0	73403	0	0	0	0	0	0	0	0	3196.68	0.0	0.0	0.0	0.007126	0.0	0.0	0.0	0.0	0.999998	0.0	0.0	0.0	2.0e-6	0.0	0.0	0.0	0.0	
149	491063	167.552455116	6288.34411111112	6959.3441111111215	72.4414	0.986291	491059	0	0	0	0	0	0	0	0	0.000578	0.0	0.0	0.0	1.0	0.0	0.0	0.0	0.0	146.894	0.0	0.0	0.0	0.0	0.0	0.0	0.0	0.0	0.000299	0.0	0.0	0.0	11.8464	0.0	0.0	0.0	0.0	12	0	0	0	0	0	0	0	0	62344	0	0	0	0	0	0	0	0	330251	0	0	0	0	0	0	0	0	16916	0	0	0	0	0	0	0	0	7630	0	0	0	0	0	0	0	0	73906	0	0	0	0	0	0	0	0	6454.11	0.0	0.0	0.0	0.007126	0.0	0.0	0.0	0.0	0.999999	0.0	0.0	0.0	1.0e-6	0.0	0.0	0.0	0.0	
150	494365	168.552600443	6288.34411111112	7117.260777777787	72.3021	0.986264	494361	0	0	0	0	0	0	0	0	0.000342	0.0	0.0	0.0	1.0	0.0	0.0	0.0	0.0	147.892	0.0	0.0	0.0	0.0	0.0	0.0	0.0	0.0	0.000299	0.0	0.0	0.0	11.8464	0.0	0.0	0.0	0.0	12	0	0	0	0	0	0	0	0	62765	0	0	0	0	0	0	0	0	332534	0	0	0	0	0	0	0	0	17031	0	0	0	0	0	0	0	0	7660	0	0	0	0	0	0	0	0	74359	0	0	0	0	0	0	0	0	3822.16	0.0	0.0	0.0	0.007126	0.0	0.0	0.0	0.0	0.999998	0.0	0.0	0.0	2.0e-6	0.0	0.0	0.0	0.0	
151	497746	169.552707581	6288.34411111112	7008.677444444453	72.1632	0.986238	497742	0	0	0	0	0	0	0	0	0.001139	0.0	0.0	0.0	1.0	0.0	0.0	0.0	0.0	148.891	0.0	0.0	0.0	0.0	0.0	0.0	0.0	0.0	0.000299	0.0	0.0	0.0	11.8464	0.0	0.0	0.0	0.0	12	0	0	0	0	0	0	0	0	63171	0	0	0	0	0	0	0	0	334872	0	0	0	0	0	0	0	0	17170	0	0	0	0	0	0	0	0	7703	0	0	0	0	0	0	0	0	74814	0	0	0	0	0	0	0	0	12727.9	0.0	0.0	0.0	0.007126	0.0	0.0	0.0	0.0	0.999999	0.0	0.0	0.0	1.0e-6	0.0	0.0	0.0	0.0	
152	501085	170.552882708	6288.34411111112	6887.566333333342	72.0244	0.986212	501081	0	0	0	0	0	0	0	0	0.000248	0.0	0.0	0.0	1.0	0.0	0.0	0.0	0.0	149.89	0.0	0.0	0.0	0.0	0.0	0.0	0.0	0.0	0.000299	0.0	0.0	0.0	11.8464	0.0	0.0	0.0	0.0	12	0	0	0	0	0	0	0	0	63528	0	0	0	0	0	0	0	0	337115	0	0	0	0	0	0	0	0	17306	0	0	0	0	0	0	0	0	7792	0	0	0	0	0	0	0	0	75328	0	0	0	0	0	0	0	0	2772.88	0.0	0.0	0.0	0.007126	0.0	0.0	0.0	0.0	0.999997	0.0	0.0	0.0	3.0e-6	0.0	0.0	0.0	0.0	
153	504531	171.553011173	6288.34411111112	7019.927444444454	71.8859	0.986185	504527	0	0	0	0	0	0	0	0	0.000703	0.0	0.0	0.0	1.0	0.0	0.0	0.0	0.0	150.889	0.0	0.0	0.0	0.0	0.0	0.0	0.0	0.0	0.000299	0.0	0.0	0.0	11.8464	0.0	0.0	0.0	0.0	12	0	0	0	0	0	0	0	0	63896	0	0	0	0	0	0	0	0	339453	0	0	0	0	0	0	0	0	17400	0	0	0	0	0	0	0	0	7872	0	0	0	0	0	0	0	0	75894	0	0	0	0	0	0	0	0	7857.17	0.0	0.0	0.0	0.007126	0.0	0.0	0.0	0.0	0.999999	0.0	0.0	0.0	1.0e-6	0.0	0.0	0.0	0.0	
154	507947	172.553045182	6288.34411111112	7359.205222222232	71.7477	0.986159	507943	0	0	0	0	0	0	0	0	0.000958	0.0	0.0	0.0	1.0	0.0	0.0	0.0	0.0	151.887	0.0	0.0	0.0	0.0	0.0	0.0	0.0	0.0	0.000299	0.0	0.0	0.0	11.8464	0.0	0.0	0.0	0.0	12	0	0	0	0	0	0	0	0	64267	0	0	0	0	0	0	0	0	341771	0	0	0	0	0	0	0	0	17505	0	0	0	0	0	0	0	0	7988	0	0	0	0	0	0	0	0	76400	0	0	0	0	0	0	0	0	10715.7	0.0	0.0	0.0	0.007126	0.0	0.0	0.0	0.0	0.999999	0.0	0.0	0.0	1.0e-6	0.0	0.0	0.0	0.0	
155	511400	173.553114927	6288.34411111112	7663.094111111119	71.6098	0.986132	511396	0	0	0	0	0	0	0	0	0.000491	0.0	0.0	0.0	1.0	0.0	0.0	0.0	0.0	152.886	0.0	0.0	0.0	0.0	0.0	0.0	0.0	0.0	0.000299	0.0	0.0	0.0	11.8464	0.0	0.0	0.0	0.0	12	0	0	0	0	0	0	0	0	64652	0	0	0	0	0	0	0	0	344057	0	0	0	0	0	0	0	0	17610	0	0	0	0	0	0	0	0	8091	0	0	0	0	0	0	0	0	76974	0	0	0	0	0	0	0	0	5495.27	0.0	0.0	0.0	0.007126	0.0	0.0	0.0	0.0	0.999999	0.0	0.0	0.0	1.0e-6	0.0	0.0	0.0	0.0	
156	514811	174.553403178	6288.34411111112	7500.59411111112	71.4721	0.986106	514807	0	0	0	0	0	0	0	0	0.00039	0.0	0.0	0.0	1.0	0.0	0.0	0.0	0.0	153.885	0.0	0.0	0.0	0.0	0.0	0.0	0.0	0.0	0.000299	0.0	0.0	0.0	11.8464	0.0	0.0	0.0	0.0	12	0	0	0	0	0	0	0	0	65015	0	0	0	0	0	0	0	0	346418	0	0	0	0	0	0	0	0	17705	0	0	0	0	0	0	0	0	8189	0	0	0	0	0	0	0	0	77468	0	0	0	0	0	0	0	0	4368.84	0.0	0.0	0.0	0.007126	0.0	0.0	0.0	0.0	0.999998	0.0	0.0	0.0	2.0e-6	0.0	0.0	0.0	0.0	
157	518064	175.553612386	6288.34411111112	7411.510777777786	71.3347	0.986079	518060	0	0	0	0	0	0	0	0	0.000746	0.0	0.0	0.0	1.0	0.0	0.0	0.0	0.0	154.884	0.0	0.0	0.0	0.0	0.0	0.0	0.0	0.0	0.000299	0.0	0.0	0.0	11.8464	0.0	0.0	0.0	0.0	12	0	0	0	0	0	0	0	0	65369	0	0	0	0	0	0	0	0	348642	0	0	0	0	0	0	0	0	17815	0	0	0	0	0	0	0	0	8263	0	0	0	0	0	0	0	0	77959	0	0	0	0	0	0	0	0	8341.13	0.0	0.0	0.0	0.007126	0.0	0.0	0.0	0.0	0.999999	0.0	0.0	0.0	1.0e-6	0.0	0.0	0.0	0.0	
158	521389	176.55382909	6288.34411111112	7056.20522222223	71.1976	0.986053	521385	0	0	0	0	0	0	0	0	0.001106	0.0	0.0	0.0	1.0	0.0	0.0	0.0	0.0	155.882	0.0	0.0	0.0	0.0	0.0	0.0	0.0	0.0	0.000299	0.0	0.0	0.0	11.8464	0.0	0.0	0.0	0.0	12	0	0	0	0	0	0	0	0	65738	0	0	0	0	0	0	0	0	350871	0	0	0	0	0	0	0	0	17909	0	0	0	0	0	0	0	0	8326	0	0	0	0	0	0	0	0	78529	0	0	0	0	0	0	0	0	12368.0	0.0	0.0	0.0	0.007126	0.0	0.0	0.0	0.0	0.999999	0.0	0.0	0.0	1.0e-6	0.0	0.0	0.0	0.0	
159	524666	177.553860558	6288.34411111112	7213.899666666676	71.0607	0.986026	524662	0	0	0	0	0	0	0	0	0.000414	0.0	0.0	0.0	1.0	0.0	0.0	0.0	0.0	156.881	0.0	0.0	0.0	0.0	0.0	0.0	0.0	0.0	0.000299	0.0	0.0	0.0	11.8464	0.0	0.0	0.0	0.0	12	0	0	0	0	0	0	0	0	66134	0	0	0	0	0	0	0	0	353039	0	0	0	0	0	0	0	0	18039	0	0	0	0	0	0	0	0	8385	0	0	0	0	0	0	0	0	79053	0	0	0	0	0	0	0	0	4633.89	0.0	0.0	0.0	0.007126	0.0	0.0	0.0	0.0	0.999998	0.0	0.0	0.0	2.0e-6	0.0	0.0	0.0	0.0	
160	527968	178.55394983	6288.34411111112	7415.399666666676	70.9241	0.985999	527964	0	0	0	0	0	0	0	0	0.000693	0.0	0.0	0.0	1.0	0.0	0.0	0.0	0.0	157.88	0.0	0.0	0.0	0.0	0.0	0.0	0.0	0.0	0.000299	0.0	0.0	0.0	11.8464	0.0	0.0	0.0	0.0	12	0	0	0	0	0	0	0	0	66543	0	0	0	0	0	0	0	0	355202	0	0	0	0	0	0	0	0	18159	0	0	0	0	0	0	0	0	8436	0	0	0	0	0	0	0	0	79612	0	0	0	0	0	0	0	0	7754.74	0.0	0.0	0.0	0.007126	0.0	0.0	0.0	0.0	0.999999	0.0	0.0	0.0	1.0e-6	0.0	0.0	0.0	0.0	
161	531311	179.554034685	6288.34411111112	7433.344111111119	70.7877	0.985973	531307	0	0	0	0	0	0	0	0	0.000477	0.0	0.0	0.0	1.0	0.0	0.0	0.0	0.0	158.878	0.0	0.0	0.0	0.0	0.0	0.0	0.0	0.0	0.000299	0.0	0.0	0.0	11.8464	0.0	0.0	0.0	0.0	12	0	0	0	0	0	0	0	0	66946	0	0	0	0	0	0	0	0	357436	0	0	0	0	0	0	0	0	18268	0	0	0	0	0	0	0	0	8499	0	0	0	0	0	0	0	0	80146	0	0	0	0	0	0	0	0	5331.89	0.0	0.0	0.0	0.007126	0.0	0.0	0.0	0.0	0.999999	0.0	0.0	0.0	1.0e-6	0.0	0.0	0.0	0.0	
162	534867	180.554210807	6288.34411111112	6979.510777777787	70.6516	0.985946	534863	0	0	0	0	0	0	0	0	0.000459	0.0	0.0	0.0	1.0	0.0	0.0	0.0	0.0	159.877	0.0	0.0	0.0	0.0	0.0	0.0	0.0	0.0	0.000299	0.0	0.0	0.0	11.8464	0.0	0.0	0.0	0.0	12	0	0	0	0	0	0	0	0	67368	0	0	0	0	0	0	0	0	359830	0	0	0	0	0	0	0	0	18377	0	0	0	0	0	0	0	0	8562	0	0	0	0	0	0	0	0	80714	0	0	0	0	0	0	0	0	5139.57	0.0	0.0	0.0	0.007126	0.0	0.0	0.0	0.0	0.999999	0.0	0.0	0.0	1.0e-6	0.0	0.0	0.0	0.0	
163	538390	181.554383664	6288.34411111112	6631.066333333343	70.5158	0.985919	538386	0	0	0	0	0	0	0	0	0.000747	0.0	0.0	0.0	1.0	0.0	0.0	0.0	0.0	160.876	0.0	0.0	0.0	0.0	0.0	0.0	0.0	0.0	0.000299	0.0	0.0	0.0	11.8464	0.0	0.0	0.0	0.0	12	0	0	0	0	0	0	0	0	67768	0	0	0	0	0	0	0	0	362177	0	0	0	0	0	0	0	0	18506	0	0	0	0	0	0	0	0	8674	0	0	0	0	0	0	0	0	81249	0	0	0	0	0	0	0	0	8365.46	0.0	0.0	0.0	0.007126	0.0	0.0	0.0	0.0	0.999999	0.0	0.0	0.0	1.0e-6	0.0	0.0	0.0	0.0	
164	541894	182.554469687	6288.34411111112	6909.177444444455	70.3802	0.985892	541890	0	0	0	0	0	0	0	0	0.000545	0.0	0.0	0.0	1.0	0.0	0.0	0.0	0.0	161.875	0.0	0.0	0.0	0.0	0.0	0.0	0.0	0.0	0.000299	0.0	0.0	0.0	11.8464	0.0	0.0	0.0	0.0	12	0	0	0	0	0	0	0	0	68172	0	0	0	0	0	0	0	0	364488	0	0	0	0	0	0	0	0	18618	0	0	0	0	0	0	0	0	8782	0	0	0	0	0	0	0	0	81818	0	0	0	0	0	0	0	0	6108.73	0.0	0.0	0.0	0.007126	0.0	0.0	0.0	0.0	0.999999	0.0	0.0	0.0	1.0e-6	0.0	0.0	0.0	0.0	
165	545400	183.554572094	6288.34411111112	6949.955222222233	70.2449	0.985865	545396	0	0	0	0	0	0	0	0	0.000318	0.0	0.0	0.0	1.0	0.0	0.0	0.0	0.0	162.873	0.0	0.0	0.0	0.0	0.0	0.0	0.0	0.0	0.000299	0.0	0.0	0.0	11.8464	0.0	0.0	0.0	0.0	12	0	0	0	0	0	0	0	0	68571	0	0	0	0	0	0	0	0	366769	0	0	0	0	0	0	0	0	18728	0	0	0	0	0	0	0	0	8875	0	0	0	0	0	0	0	0	82441	0	0	0	0	0	0	0	0	3560.66	0.0	0.0	0.0	0.007126	0.0	0.0	0.0	0.0	0.999998	0.0	0.0	0.0	2.0e-6	0.0	0.0	0.0	0.0	
166	548882	184.554596401	6288.34411111112	6929.23300000001	70.1099	0.985838	548878	0	0	0	0	0	0	0	0	0.000148	0.0	0.0	0.0	1.0	0.0	0.0	0.0	0.0	163.872	0.0	0.0	0.0	0.0	0.0	0.0	0.0	0.0	0.000299	0.0	0.0	0.0	11.8464	0.0	0.0	0.0	0.0	12	0	0	0	0	0	0	0	0	68973	0	0	0	0	0	0	0	0	369026	0	0	0	0	0	0	0	0	18844	0	0	0	0	0	0	0	0	8992	0	0	0	0	0	0	0	0	83031	0	0	0	0	0	0	0	0	1655.44	0.0	0.0	0.0	0.007126	0.0	0.0	0.0	0.0	0.999996	0.0	0.0	0.0	4.0e-6	0.0	0.0	0.0	0.0	
167	552322	185.554780384	6288.34411111112	6702.3718888889	69.9751	0.985811	552318	0	0	0	0	0	0	0	0	0.000554	0.0	0.0	0.0	1.0	0.0	0.0	0.0	0.0	164.871	0.0	0.0	0.0	0.0	0.0	0.0	0.0	0.0	0.000299	0.0	0.0	0.0	11.8464	0.0	0.0	0.0	0.0	12	0	0	0	0	0	0	0	0	69381	0	0	0	0	0	0	0	0	371260	0	0	0	0	0	0	0	0	18973	0	0	0	0	0	0	0	0	9078	0	0	0	0	0	0	0	0	83614	0	0	0	0	0	0	0	0	6217.16	0.0	0.0	0.0	0.007126	0.0	0.0	0.0	0.0	0.999999	0.0	0.0	0.0	1.0e-6	0.0	0.0	0.0	0.0	
168	555780	186.554812102	6288.34411111112	6703.53855555557	69.8406	0.985784	555776	0	0	0	0	0	0	0	0	0.000834	0.0	0.0	0.0	1.0	0.0	0.0	0.0	0.0	165.87	0.0	0.0	0.0	0.0	0.0	0.0	0.0	0.0	0.000298	0.0	0.0	0.0	11.8464	0.0	0.0	0.0	0.0	12	0	0	0	0	0	0	0	0	69827	0	0	0	0	0	0	0	0	373461	0	0	0	0	0	0	0	0	19092	0	0	0	0	0	0	0	0	9165	0	0	0	0	0	0	0	0	84219	0	0	0	0	0	0	0	0	9365.65	0.0	0.0	0.0	0.007126	0.0	0.0	0.0	0.0	0.999999	0.0	0.0	0.0	1.0e-6	0.0	0.0	0.0	0.0	
169	559203	187.554987738	6288.34411111112	6954.344111111125	69.7063	0.985757	559199	0	0	0	0	0	0	0	0	0.00052	0.0	0.0	0.0	1.0	0.0	0.0	0.0	0.0	166.868	0.0	0.0	0.0	0.0	0.0	0.0	0.0	0.0	0.000298	0.0	0.0	0.0	11.8464	0.0	0.0	0.0	0.0	12	0	0	0	0	0	0	0	0	70242	0	0	0	0	0	0	0	0	375750	0	0	0	0	0	0	0	0	19198	0	0	0	0	0	0	0	0	9226	0	0	0	0	0	0	0	0	84771	0	0	0	0	0	0	0	0	5841.28	0.0	0.0	0.0	0.007126	0.0	0.0	0.0	0.0	0.999999	0.0	0.0	0.0	1.0e-6	0.0	0.0	0.0	0.0	
170	562667	188.555136307	6288.34411111112	7059.316333333346	69.5723	0.985729	562663	0	0	0	0	0	0	0	0	0.000219	0.0	0.0	0.0	1.0	0.0	0.0	0.0	0.0	167.867	0.0	0.0	0.0	0.0	0.0	0.0	0.0	0.0	0.000298	0.0	0.0	0.0	11.8464	0.0	0.0	0.0	0.0	12	0	0	0	0	0	0	0	0	70659	0	0	0	0	0	0	0	0	378044	0	0	0	0	0	0	0	0	19317	0	0	0	0	0	0	0	0	9282	0	0	0	0	0	0	0	0	85349	0	0	0	0	0	0	0	0	2454.88	0.0	0.0	0.0	0.007126	0.0	0.0	0.0	0.0	0.999997	0.0	0.0	0.0	3.0e-6	0.0	0.0	0.0	0.0	
171	566103	189.5552022	6288.34411111112	6918.3718888889	69.4385	0.985702	566099	0	0	0	0	0	0	0	0	0.000749	0.0	0.0	0.0	1.0	0.0	0.0	0.0	0.0	168.866	0.0	0.0	0.0	0.0	0.0	0.0	0.0	0.0	0.000298	0.0	0.0	0.0	11.8464	0.0	0.0	0.0	0.0	12	0	0	0	0	0	0	0	0	71033	0	0	0	0	0	0	0	0	380387	0	0	0	0	0	0	0	0	19441	0	0	0	0	0	0	0	0	9340	0	0	0	0	0	0	0	0	85886	0	0	0	0	0	0	0	0	8413.63	0.0	0.0	0.0	0.007126	0.0	0.0	0.0	0.0	0.999999	0.0	0.0	0.0	1.0e-6	0.0	0.0	0.0	0.0	
172	569563	190.555335018	6288.34411111112	7387.233000000013	69.305	0.985675	569559	0	0	0	0	0	0	0	0	0.000793	0.0	0.0	0.0	1.0	0.0	0.0	0.0	0.0	169.865	0.0	0.0	0.0	0.0	0.0	0.0	0.0	0.0	0.000298	0.0	0.0	0.0	11.8464	0.0	0.0	0.0	0.0	12	0	0	0	0	0	0	0	0	71464	0	0	0	0	0	0	0	0	382666	0	0	0	0	0	0	0	0	19563	0	0	0	0	0	0	0	0	9400	0	0	0	0	0	0	0	0	86454	0	0	0	0	0	0	0	0	8918.9	0.0	0.0	0.0	0.007126	0.0	0.0	0.0	0.0	0.999999	0.0	0.0	0.0	1.0e-6	0.0	0.0	0.0	0.0	
173	572968	191.555660071	6288.34411111112	7002.483000000015	69.1718	0.985647	572964	0	0	0	0	0	0	0	0	0.000787	0.0	0.0	0.0	1.0	0.0	0.0	0.0	0.0	170.864	0.0	0.0	0.0	0.0	0.0	0.0	0.0	0.0	0.000298	0.0	0.0	0.0	11.8464	0.0	0.0	0.0	0.0	12	0	0	0	0	0	0	0	0	71900	0	0	0	0	0	0	0	0	385012	0	0	0	0	0	0	0	0	19678	0	0	0	0	0	0	0	0	9478	0	0	0	0	0	0	0	0	86884	0	0	0	0	0	0	0	0	8851.35	0.0	0.0	0.0	0.007126	0.0	0.0	0.0	0.0	0.999999	0.0	0.0	0.0	1.0e-6	0.0	0.0	0.0	0.0	
174	576424	192.558684031	6288.34411111112	7099.038555555569	69.0398	0.98562	576420	0	0	0	0	0	0	0	0	0.000666	0.0	0.0	0.0	1.0	0.0	0.0	0.0	0.0	171.865	0.0	0.0	0.0	0.0	0.0	0.0	0.0	0.0	0.000298	0.0	0.0	0.0	11.8464	0.0	0.0	0.0	0.0	12	0	0	0	0	0	0	0	0	72295	0	0	0	0	0	0	0	0	387342	0	0	0	0	0	0	0	0	19782	0	0	0	0	0	0	0	0	9547	0	0	0	0	0	0	0	0	87442	0	0	0	0	0	0	0	0	7489.1	0.0	0.0	0.0	0.007126	0.0	0.0	0.0	0.0	0.999999	0.0	0.0	0.0	1.0e-6	0.0	0.0	0.0	0.0	
175	579862	193.558851676	6288.34411111112	7393.399666666679	68.9057	0.985592	579858	0	0	0	0	0	0	0	0	0.000632	0.0	0.0	0.0	1.0	0.0	0.0	0.0	0.0	172.864	0.0	0.0	0.0	0.0	0.0	0.0	0.0	0.0	0.000298	0.0	0.0	0.0	11.8464	0.0	0.0	0.0	0.0	12	0	0	0	0	0	0	0	0	72703	0	0	0	0	0	0	0	0	389697	0	0	0	0	0	0	0	0	19911	0	0	0	0	0	0	0	0	9598	0	0	0	0	0	0	0	0	87937	0	0	0	0	0	0	0	0	7114.68	0.0	0.0	0.0	0.007126	0.0	0.0	0.0	0.0	0.999999	0.0	0.0	0.0	1.0e-6	0.0	0.0	0.0	0.0	
176	583305	194.558972915	6288.34411111112	7571.649666666679	68.7732	0.985565	583301	0	0	0	0	0	0	0	0	0.000124	0.0	0.0	0.0	1.0	0.0	0.0	0.0	0.0	173.863	0.0	0.0	0.0	0.0	0.0	0.0	0.0	0.0	0.000298	0.0	0.0	0.0	11.8464	0.0	0.0	0.0	0.0	12	0	0	0	0	0	0	0	0	73121	0	0	0	0	0	0	0	0	391994	0	0	0	0	0	0	0	0	20035	0	0	0	0	0	0	0	0	9624	0	0	0	0	0	0	0	0	88515	0	0	0	0	0	0	0	0	1400.94	0.0	0.0	0.0	0.007126	0.0	0.0	0.0	0.0	0.999995	0.0	0.0	0.0	5.0e-6	0.0	0.0	0.0	0.0	
177	586751	195.56576234	6288.34411111112	7491.816333333345	68.6414	0.985537	586747	0	0	0	0	0	0	0	0	0.000482	0.0	0.0	0.0	1.0	0.0	0.0	0.0	0.0	174.868	0.0	0.0	0.0	0.0	0.0	0.0	0.0	0.0	0.000298	0.0	0.0	0.0	11.8464	0.0	0.0	0.0	0.0	12	0	0	0	0	0	0	0	0	73549	0	0	0	0	0	0	0	0	394246	0	0	0	0	0	0	0	0	20160	0	0	0	0	0	0	0	0	9678	0	0	0	0	0	0	0	0	89102	0	0	0	0	0	0	0	0	5430.9	0.0	0.0	0.0	0.007126	0.0	0.0	0.0	0.0	0.999999	0.0	0.0	0.0	1.0e-6	0.0	0.0	0.0	0.0	
178	590110	196.565788573	6288.34411111112	7076.76077777779	68.5082	0.985509	590106	0	0	0	0	0	0	0	0	0.000458	0.0	0.0	0.0	1.0	0.0	0.0	0.0	0.0	175.867	0.0	0.0	0.0	0.0	0.0	0.0	0.0	0.0	0.000298	0.0	0.0	0.0	11.8464	0.0	0.0	0.0	0.0	12	0	0	0	0	0	0	0	0	73937	0	0	0	0	0	0	0	0	396467	0	0	0	0	0	0	0	0	20268	0	0	0	0	0	0	0	0	9753	0	0	0	0	0	0	0	0	89669	0	0	0	0	0	0	0	0	5157.7	0.0	0.0	0.0	0.007126	0.0	0.0	0.0	0.0	0.999999	0.0	0.0	0.0	1.0e-6	0.0	0.0	0.0	0.0	
179	593438	197.566035794	6288.34411111112	7267.844111111124	68.3764	0.985482	593434	0	0	0	0	0	0	0	0	0.000684	0.0	0.0	0.0	1.0	0.0	0.0	0.0	0.0	176.866	0.0	0.0	0.0	0.0	0.0	0.0	0.0	0.0	0.000298	0.0	0.0	0.0	11.8464	0.0	0.0	0.0	0.0	12	0	0	0	0	0	0	0	0	74347	0	0	0	0	0	0	0	0	398737	0	0	0	0	0	0	0	0	20387	0	0	0	0	0	0	0	0	9799	0	0	0	0	0	0	0	0	90152	0	0	0	0	0	0	0	0	7696.03	0.0	0.0	0.0	0.007126	0.0	0.0	0.0	0.0	0.999999	0.0	0.0	0.0	1.0e-6	0.0	0.0	0.0	0.0	
180	596704	198.566251373	6288.34411111112	7089.538555555569	68.245	0.985454	596700	0	0	0	0	0	0	0	0	0.000877	0.0	0.0	0.0	1.0	0.0	0.0	0.0	0.0	177.865	0.0	0.0	0.0	0.0	0.0	0.0	0.0	0.0	0.000298	0.0	0.0	0.0	11.8464	0.0	0.0	0.0	0.0	12	0	0	0	0	0	0	0	0	74748	0	0	0	0	0	0	0	0	400962	0	0	0	0	0	0	0	0	20521	0	0	0	0	0	0	0	0	9870	0	0	0	0	0	0	0	0	90587	0	0	0	0	0	0	0	0	9873.98	0.0	0.0	0.0	0.007126	0.0	0.0	0.0	0.0	0.999999	0.0	0.0	0.0	1.0e-6	0.0	0.0	0.0	0.0	
181	600004	199.56652917	6288.34411111112	6894.927444444456	68.1138	0.985426	600000	0	0	0	0	0	0	0	0	0.000643	0.0	0.0	0.0	1.0	0.0	0.0	0.0	0.0	178.863	0.0	0.0	0.0	0.0	0.0	0.0	0.0	0.0	0.000298	0.0	0.0	0.0	11.8464	0.0	0.0	0.0	0.0	12	0	0	0	0	0	0	0	0	75132	0	0	0	0	0	0	0	0	403206	0	0	0	0	0	0	0	0	20651	0	0	0	0	0	0	0	0	9928	0	0	0	0	0	0	0	0	91071	0	0	0	0	0	0	0	0	7231.93	0.0	0.0	0.0	0.007126	0.0	0.0	0.0	0.0	0.999999	0.0	0.0	0.0	1.0e-6	0.0	0.0	0.0	0.0	
182	603358	200.566716385	6288.34411111112	6861.621888888902	67.9828	0.985398	603354	0	0	0	0	0	0	0	0	0.001029	0.0	0.0	0.0	1.0	0.0	0.0	0.0	0.0	179.862	0.0	0.0	0.0	0.0	0.0	0.0	0.0	0.0	0.000298	0.0	0.0	0.0	11.8464	0.0	0.0	0.0	0.0	12	0	0	0	0	0	0	0	0	75513	0	0	0	0	0	0	0	0	405389	0	0	0	0	0	0	0	0	20792	0	0	0	0	0	0	0	0	9995	0	0	0	0	0	0	0	0	91653	0	0	0	0	0	0	0	0	11580.0	0.0	0.0	0.0	0.007126	0.0	0.0	0.0	0.0	0.999999	0.0	0.0	0.0	1.0e-6	0.0	0.0	0.0	0.0	
183	606659	201.56679315	6288.34411111112	6849.28855555557	67.8521	0.98537	606655	0	0	0	0	0	0	0	0	0.000453	0.0	0.0	0.0	1.0	0.0	0.0	0.0	0.0	180.861	0.0	0.0	0.0	0.0	0.0	0.0	0.0	0.0	0.000298	0.0	0.0	0.0	11.8464	0.0	0.0	0.0	0.0	12	0	0	0	0	0	0	0	0	75903	0	0	0	0	0	0	0	0	407638	0	0	0	0	0	0	0	0	20927	0	0	0	0	0	0	0	0	10064	0	0	0	0	0	0	0	0	92111	0	0	0	0	0	0	0	0	5098.75	0.0	0.0	0.0	0.007126	0.0	0.0	0.0	0.0	0.999999	0.0	0.0	0.0	1.0e-6	0.0	0.0	0.0	0.0	
184	609997	202.566867721	6288.34411111112	6651.6218888889025	67.7217	0.985342	609993	0	0	0	0	0	0	0	0	0.000856	0.0	0.0	0.0	1.0	0.0	0.0	0.0	0.0	181.86	0.0	0.0	0.0	0.0	0.0	0.0	0.0	0.0	0.000298	0.0	0.0	0.0	11.8464	0.0	0.0	0.0	0.0	12	0	0	0	0	0	0	0	0	76308	0	0	0	0	0	0	0	0	409850	0	0	0	0	0	0	0	0	21069	0	0	0	0	0	0	0	0	10140	0	0	0	0	0	0	0	0	92614	0	0	0	0	0	0	0	0	9629.91	0.0	0.0	0.0	0.007126	0.0	0.0	0.0	0.0	0.999999	0.0	0.0	0.0	1.0e-6	0.0	0.0	0.0	0.0	
185	613321	203.567198421	6288.34411111112	6666.538555555569	67.5915	0.985314	613317	0	0	0	0	0	0	0	0	0.00099	0.0	0.0	0.0	1.0	0.0	0.0	0.0	0.0	182.858	0.0	0.0	0.0	0.0	0.0	0.0	0.0	0.0	0.000298	0.0	0.0	0.0	11.8464	0.0	0.0	0.0	0.0	12	0	0	0	0	0	0	0	0	76728	0	0	0	0	0	0	0	0	412151	0	0	0	0	0	0	0	0	21183	0	0	0	0	0	0	0	0	10214	0	0	0	0	0	0	0	0	93029	0	0	0	0	0	0	0	0	11141.0	0.0	0.0	0.0	0.007126	0.0	0.0	0.0	0.0	0.999999	0.0	0.0	0.0	1.0e-6	0.0	0.0	0.0	0.0	
186	616605	204.567340317	6288.34411111112	7017.844111111124	67.4615	0.985286	616601	0	0	0	0	0	0	0	0	0.000579	0.0	0.0	0.0	1.0	0.0	0.0	0.0	0.0	183.857	0.0	0.0	0.0	0.0	0.0	0.0	0.0	0.0	0.000298	0.0	0.0	0.0	11.8464	0.0	0.0	0.0	0.0	12	0	0	0	0	0	0	0	0	77122	0	0	0	0	0	0	0	0	414420	0	0	0	0	0	0	0	0	21329	0	0	0	0	0	0	0	0	10251	0	0	0	0	0	0	0	0	93467	0	0	0	0	0	0	0	0	6510.1	0.0	0.0	0.0	0.007126	0.0	0.0	0.0	0.0	0.999999	0.0	0.0	0.0	1.0e-6	0.0	0.0	0.0	0.0	
187	619919	205.56766752	6288.34411111112	6920.455222222236	67.3318	0.985258	619915	0	0	0	0	0	0	0	0	0.000169	0.0	0.0	0.0	1.0	0.0	0.0	0.0	0.0	184.856	0.0	0.0	0.0	0.0	0.0	0.0	0.0	0.0	0.000298	0.0	0.0	0.0	11.8464	0.0	0.0	0.0	0.0	12	0	0	0	0	0	0	0	0	77507	0	0	0	0	0	0	0	0	416620	0	0	0	0	0	0	0	0	21448	0	0	0	0	0	0	0	0	10315	0	0	0	0	0	0	0	0	94013	0	0	0	0	0	0	0	0	1899.74	0.0	0.0	0.0	0.007126	0.0	0.0	0.0	0.0	0.999996	0.0	0.0	0.0	4.0e-6	0.0	0.0	0.0	0.0	
188	623253	206.56778749	6288.34411111112	6959.816333333345	67.2023	0.98523	623249	0	0	0	0	0	0	0	0	0.000257	0.0	0.0	0.0	1.0	0.0	0.0	0.0	0.0	185.855	0.0	0.0	0.0	0.0	0.0	0.0	0.0	0.0	0.000298	0.0	0.0	0.0	11.8464	0.0	0.0	0.0	0.0	12	0	0	0	0	0	0	0	0	77871	0	0	0	0	0	0	0	0	418845	0	0	0	0	0	0	0	0	21554	0	0	0	0	0	0	0	0	10378	0	0	0	0	0	0	0	0	94589	0	0	0	0	0	0	0	0	2885.67	0.0	0.0	0.0	0.007126	0.0	0.0	0.0	0.0	0.999998	0.0	0.0	0.0	2.0e-6	0.0	0.0	0.0	0.0	
189	626659	207.568014935	6288.34411111112	7230.816333333347	67.0731	0.985201	626655	0	0	0	0	0	0	0	0	0.000212	0.0	0.0	0.0	1.0	0.0	0.0	0.0	0.0	186.854	0.0	0.0	0.0	0.0	0.0	0.0	0.0	0.0	0.000298	0.0	0.0	0.0	11.8464	0.0	0.0	0.0	0.0	12	0	0	0	0	0	0	0	0	78260	0	0	0	0	0	0	0	0	421116	0	0	0	0	0	0	0	0	21660	0	0	0	0	0	0	0	0	10456	0	0	0	0	0	0	0	0	95151	0	0	0	0	0	0	0	0	2380.71	0.0	0.0	0.0	0.007126	0.0	0.0	0.0	0.0	0.999997	0.0	0.0	0.0	3.0e-6	0.0	0.0	0.0	0.0	
190	629949	208.568182498	6288.34411111112	7164.621888888902	66.9442	0.985173	629945	0	0	0	0	0	0	0	0	0.000968	0.0	0.0	0.0	1.0	0.0	0.0	0.0	0.0	187.852	0.0	0.0	0.0	0.0	0.0	0.0	0.0	0.0	0.000298	0.0	0.0	0.0	11.8464	0.0	0.0	0.0	0.0	12	0	0	0	0	0	0	0	0	78679	0	0	0	0	0	0	0	0	423278	0	0	0	0	0	0	0	0	21779	0	0	0	0	0	0	0	0	10541	0	0	0	0	0	0	0	0	95656	0	0	0	0	0	0	0	0	10884.8	0.0	0.0	0.0	0.007126	0.0	0.0	0.0	0.0	0.999999	0.0	0.0	0.0	1.0e-6	0.0	0.0	0.0	0.0	
191	633312	209.568365522	6288.34411111112	6897.927444444457	66.8154	0.985145	633308	0	0	0	0	0	0	0	0	0.000695	0.0	0.0	0.0	1.0	0.0	0.0	0.0	0.0	188.851	0.0	0.0	0.0	0.0	0.0	0.0	0.0	0.0	0.000298	0.0	0.0	0.0	11.8464	0.0	0.0	0.0	0.0	12	0	0	0	0	0	0	0	0	79072	0	0	0	0	0	0	0	0	425505	0	0	0	0	0	0	0	0	21896	0	0	0	0	0	0	0	0	10597	0	0	0	0	0	0	0	0	96226	0	0	0	0	0	0	0	0	7818.18	0.0	0.0	0.0	0.007126	0.0	0.0	0.0	0.0	0.999999	0.0	0.0	0.0	1.0e-6	0.0	0.0	0.0	0.0	
192	636638	210.568436499	6288.34411111112	7227.121888888903	66.687	0.985116	636634	0	0	0	0	0	0	0	0	0.000463	0.0	0.0	0.0	1.0	0.0	0.0	0.0	0.0	189.85	0.0	0.0	0.0	0.0	0.0	0.0	0.0	0.0	0.000298	0.0	0.0	0.0	11.8464	0.0	0.0	0.0	0.0	12	0	0	0	0	0	0	0	0	79470	0	0	0	0	0	0	0	0	427751	0	0	0	0	0	0	0	0	22004	0	0	0	0	0	0	0	0	10676	0	0	0	0	0	0	0	0	96721	0	0	0	0	0	0	0	0	5210.58	0.0	0.0	0.0	0.007126	0.0	0.0	0.0	0.0	0.999999	0.0	0.0	0.0	1.0e-6	0.0	0.0	0.0	0.0	
193	639974	211.568554786	6288.34411111112	7129.010777777793	66.5588	0.985088	639970	0	0	0	0	0	0	0	0	0.000732	0.0	0.0	0.0	1.0	0.0	0.0	0.0	0.0	190.849	0.0	0.0	0.0	0.0	0.0	0.0	0.0	0.0	0.000298	0.0	0.0	0.0	11.8464	0.0	0.0	0.0	0.0	12	0	0	0	0	0	0	0	0	79876	0	0	0	0	0	0	0	0	430009	0	0	0	0	0	0	0	0	22115	0	0	0	0	0	0	0	0	10747	0	0	0	0	0	0	0	0	97211	0	0	0	0	0	0	0	0	8227.17	0.0	0.0	0.0	0.007126	0.0	0.0	0.0	0.0	0.999999	0.0	0.0	0.0	1.0e-6	0.0	0.0	0.0	0.0	
194	643370	212.568602038	6288.34411111112	6577.149666666683	66.4308	0.985059	643366	0	0	0	0	0	0	0	0	0.001328	0.0	0.0	0.0	1.0	0.0	0.0	0.0	0.0	191.847	0.0	0.0	0.0	0.0	0.0	0.0	0.0	0.0	0.000298	0.0	0.0	0.0	11.8464	0.0	0.0	0.0	0.0	12	0	0	0	0	0	0	0	0	80317	0	0	0	0	0	0	0	0	432326	0	0	0	0	0	0	0	0	22231	0	0	0	0	0	0	0	0	10821	0	0	0	0	0	0	0	0	97659	0	0	0	0	0	0	0	0	14936.0	0.0	0.0	0.0	0.007126	0.0	0.0	0.0	0.0	1.0	0.0	0.0	0.0	0.0	0.0	0.0	0.0	0.0	
195	646731	213.568627933	6288.34411111112	6548.677444444458	66.3031	0.985031	646727	0	0	0	0	0	0	0	0	0.000835	0.0	0.0	0.0	1.0	0.0	0.0	0.0	0.0	192.846	0.0	0.0	0.0	0.0	0.0	0.0	0.0	0.0	0.000298	0.0	0.0	0.0	11.8464	0.0	0.0	0.0	0.0	12	0	0	0	0	0	0	0	0	80713	0	0	0	0	0	0	0	0	434655	0	0	0	0	0	0	0	0	22331	0	0	0	0	0	0	0	0	10895	0	0	0	0	0	0	0	0	98121	0	0	0	0	0	0	0	0	9395.9	0.0	0.0	0.0	0.007126	0.0	0.0	0.0	0.0	0.999999	0.0	0.0	0.0	1.0e-6	0.0	0.0	0.0	0.0	
196	650185	214.568641689	6288.34411111112	6809.483000000015	66.1757	0.985002	650181	0	0	0	0	0	0	0	0	0.000385	0.0	0.0	0.0	1.0	0.0	0.0	0.0	0.0	193.845	0.0	0.0	0.0	0.0	0.0	0.0	0.0	0.0	0.000298	0.0	0.0	0.0	11.8464	0.0	0.0	0.0	0.0	12	0	0	0	0	0	0	0	0	81132	0	0	0	0	0	0	0	0	436900	0	0	0	0	0	0	0	0	22438	0	0	0	0	0	0	0	0	10968	0	0	0	0	0	0	0	0	98731	0	0	0	0	0	0	0	0	4328.19	0.0	0.0	0.0	0.007126	0.0	0.0	0.0	0.0	0.999998	0.0	0.0	0.0	2.0e-6	0.0	0.0	0.0	0.0	
197	653592	215.568828364	6288.34411111112	6770.538555555572	66.0485	0.984974	653588	0	0	0	0	0	0	0	0	0.000367	0.0	0.0	0.0	1.0	0.0	0.0	0.0	0.0	194.843	0.0	0.0	0.0	0.0	0.0	0.0	0.0	0.0	0.000298	0.0	0.0	0.0	11.8464	0.0	0.0	0.0	0.0	12	0	0	0	0	0	0	0	0	81557	0	0	0	0	0	0	0	0	439067	0	0	0	0	0	0	0	0	22568	0	0	0	0	0	0	0	0	11037	0	0	0	0	0	0	0	0	99347	0	0	0	0	0	0	0	0	4129.14	0.0	0.0	0.0	0.007126	0.0	0.0	0.0	0.0	0.999998	0.0	0.0	0.0	2.0e-6	0.0	0.0	0.0	0.0	
198	656996	216.569049453	6288.34411111112	6991.233000000015	65.9215	0.984945	656992	0	0	0	0	0	0	0	0	0.000427	0.0	0.0	0.0	1.0	0.0	0.0	0.0	0.0	195.842	0.0	0.0	0.0	0.0	0.0	0.0	0.0	0.0	0.000298	0.0	0.0	0.0	11.8464	0.0	0.0	0.0	0.0	12	0	0	0	0	0	0	0	0	81987	0	0	0	0	0	0	0	0	441317	0	0	0	0	0	0	0	0	22694	0	0	0	0	0	0	0	0	11099	0	0	0	0	0	0	0	0	99883	0	0	0	0	0	0	0	0	4803.25	0.0	0.0	0.0	0.007126	0.0	0.0	0.0	0.0	0.999999	0.0	0.0	0.0	1.0e-6	0.0	0.0	0.0	0.0	
199	660406	217.569308209	6288.34411111112	7161.788555555571	65.7947	0.984916	660402	0	0	0	0	0	0	0	0	0.000449	0.0	0.0	0.0	1.0	0.0	0.0	0.0	0.0	196.841	0.0	0.0	0.0	0.0	0.0	0.0	0.0	0.0	0.000298	0.0	0.0	0.0	11.8464	0.0	0.0	0.0	0.0	12	0	0	0	0	0	0	0	0	82399	0	0	0	0	0	0	0	0	443625	0	0	0	0	0	0	0	0	22847	0	0	0	0	0	0	0	0	11164	0	0	0	0	0	0	0	0	100355	0	0	0	0	0	0	0	0	5052.5	0.0	0.0	0.0	0.007126	0.0	0.0	0.0	0.0	0.999999	0.0	0.0	0.0	1.0e-6	0.0	0.0	0.0	0.0	
200	663828	218.575855078	6288.34411111112	7115.316333333349	65.6683	0.984887	663824	0	0	0	0	0	0	0	0	0.000564	0.0	0.0	0.0	1.0	0.0	0.0	0.0	0.0	197.846	0.0	0.0	0.0	0.0	0.0	0.0	0.0	0.0	0.000298	0.0	0.0	0.0	11.8464	0.0	0.0	0.0	0.0	12	0	0	0	0	0	0	0	0	82808	0	0	0	0	0	0	0	0	445940	0	0	0	0	0	0	0	0	22976	0	0	0	0	0	0	0	0	11242	0	0	0	0	0	0	0	0	100846	0	0	0	0	0	0	0	0	6348.91	0.0	0.0	0.0	0.007126	0.0	0.0	0.0	0.0	0.999999	0.0	0.0	0.0	1.0e-6	0.0	0.0	0.0	0.0	
201	667230	219.578829389	6288.34411111112	6872.955222222237	65.5418	0.984858	667226	0	0	0	0	0	0	0	0	0.000571	0.0	0.0	0.0	1.0	0.0	0.0	0.0	0.0	198.848	0.0	0.0	0.0	0.0	0.0	0.0	0.0	0.0	0.000298	0.0	0.0	0.0	11.8464	0.0	0.0	0.0	0.0	12	0	0	0	0	0	0	0	0	83208	0	0	0	0	0	0	0	0	448246	0	0	0	0	0	0	0	0	23099	0	0	0	0	0	0	0	0	11346	0	0	0	0	0	0	0	0	101315	0	0	0	0	0	0	0	0	6424.33	0.0	0.0	0.0	0.007126	0.0	0.0	0.0	0.0	0.999999	0.0	0.0	0.0	1.0e-6	0.0	0.0	0.0	0.0	
202	670683	220.578885079	6288.34411111112	6940.816333333349	65.4148	0.984829	670679	0	0	0	0	0	0	0	0	0.000488	0.0	0.0	0.0	1.0	0.0	0.0	0.0	0.0	199.847	0.0	0.0	0.0	0.0	0.0	0.0	0.0	0.0	0.000298	0.0	0.0	0.0	11.8464	0.0	0.0	0.0	0.0	12	0	0	0	0	0	0	0	0	83609	0	0	0	0	0	0	0	0	450483	0	0	0	0	0	0	0	0	23224	0	0	0	0	0	0	0	0	11433	0	0	0	0	0	0	0	0	101918	0	0	0	0	0	0	0	0	5493.16	0.0	0.0	0.0	0.007126	0.0	0.0	0.0	0.0	0.999999	0.0	0.0	0.0	1.0e-6	0.0	0.0	0.0	0.0	
203	674129	221.580552006	6288.34411111112	6947.649666666682	65.2898	0.9848	674125	0	0	0	0	0	0	0	0	0.000669	0.0	0.0	0.0	1.0	0.0	0.0	0.0	0.0	200.847	0.0	0.0	0.0	0.0	0.0	0.0	0.0	0.0	0.000298	0.0	0.0	0.0	11.8464	0.0	0.0	0.0	0.0	12	0	0	0	0	0	0	0	0	83969	0	0	0	0	0	0	0	0	452789	0	0	0	0	0	0	0	0	23328	0	0	0	0	0	0	0	0	11532	0	0	0	0	0	0	0	0	102495	0	0	0	0	0	0	0	0	7535.07	0.0	0.0	0.0	0.007126	0.0	0.0	0.0	0.0	0.999999	0.0	0.0	0.0	1.0e-6	0.0	0.0	0.0	0.0	
204	677579	222.582158127	6288.34411111112	6842.983000000015	65.1641	0.984771	677575	0	0	0	0	0	0	0	0	0.000598	0.0	0.0	0.0	1.0	0.0	0.0	0.0	0.0	201.847	0.0	0.0	0.0	0.0	0.0	0.0	0.0	0.0	0.000298	0.0	0.0	0.0	11.8464	0.0	0.0	0.0	0.0	12	0	0	0	0	0	0	0	0	84397	0	0	0	0	0	0	0	0	455080	0	0	0	0	0	0	0	0	23447	0	0	0	0	0	0	0	0	11613	0	0	0	0	0	0	0	0	103026	0	0	0	0	0	0	0	0	6734.44	0.0	0.0	0.0	0.007126	0.0	0.0	0.0	0.0	0.999999	0.0	0.0	0.0	1.0e-6	0.0	0.0	0.0	0.0	
205	680876	223.582173988	6288.34411111112	6935.483000000017	65.0379	0.984742	680872	0	0	0	0	0	0	0	0	0.000526	0.0	0.0	0.0	1.0	0.0	0.0	0.0	0.0	202.846	0.0	0.0	0.0	0.0	0.0	0.0	0.0	0.0	0.000298	0.0	0.0	0.0	11.8464	0.0	0.0	0.0	0.0	12	0	0	0	0	0	0	0	0	84761	0	0	0	0	0	0	0	0	457267	0	0	0	0	0	0	0	0	23559	0	0	0	0	0	0	0	0	11686	0	0	0	0	0	0	0	0	103587	0	0	0	0	0	0	0	0	5924.47	0.0	0.0	0.0	0.007126	0.0	0.0	0.0	0.0	0.999999	0.0	0.0	0.0	1.0e-6	0.0	0.0	0.0	0.0	
206	684158	224.582331739	6288.34411111112	6498.288555555571	64.9128	0.984713	684154	0	0	0	0	0	0	0	0	0.000459	0.0	0.0	0.0	1.0	0.0	0.0	0.0	0.0	203.844	0.0	0.0	0.0	0.0	0.0	0.0	0.0	0.0	0.000298	0.0	0.0	0.0	11.8464	0.0	0.0	0.0	0.0	12	0	0	0	0	0	0	0	0	85185	0	0	0	0	0	0	0	0	459398	0	0	0	0	0	0	0	0	23701	0	0	0	0	0	0	0	0	11766	0	0	0	0	0	0	0	0	104092	0	0	0	0	0	0	0	0	5173.13	0.0	0.0	0.0	0.007126	0.0	0.0	0.0	0.0	0.999999	0.0	0.0	0.0	1.0e-6	0.0	0.0	0.0	0.0	
207	687422	225.582529331	6288.34411111112	6579.677444444462	64.788	0.984684	687418	0	0	0	0	0	0	0	0	0.0005	0.0	0.0	0.0	1.0	0.0	0.0	0.0	0.0	204.843	0.0	0.0	0.0	0.0	0.0	0.0	0.0	0.0	0.000298	0.0	0.0	0.0	11.8464	0.0	0.0	0.0	0.0	12	0	0	0	0	0	0	0	0	85589	0	0	0	0	0	0	0	0	461547	0	0	0	0	0	0	0	0	23859	0	0	0	0	0	0	0	0	11832	0	0	0	0	0	0	0	0	104579	0	0	0	0	0	0	0	0	5629.92	0.0	0.0	0.0	0.007126	0.0	0.0	0.0	0.0	0.999999	0.0	0.0	0.0	1.0e-6	0.0	0.0	0.0	0.0	
208	690629	226.587945868	6288.34411111112	6648.899666666684	64.6641	0.984654	690625	0	0	0	0	0	0	0	0	0.00035	0.0	0.0	0.0	1.0	0.0	0.0	0.0	0.0	205.847	0.0	0.0	0.0	0.0	0.0	0.0	0.0	0.0	0.000298	0.0	0.0	0.0	11.8464	0.0	0.0	0.0	0.0	12	0	0	0	0	0	0	0	0	85984	0	0	0	0	0	0	0	0	463709	0	0	0	0	0	0	0	0	23997	0	0	0	0	0	0	0	0	11905	0	0	0	0	0	0	0	0	105018	0	0	0	0	0	0	0	0	3941.42	0.0	0.0	0.0	0.007126	0.0	0.0	0.0	0.0	0.999998	0.0	0.0	0.0	2.0e-6	0.0	0.0	0.0	0.0	
209	693949	227.588045127	6288.34411111112	6834.344111111129	64.5385	0.984625	693945	0	0	0	0	0	0	0	0	0.000335	0.0	0.0	0.0	1.0	0.0	0.0	0.0	0.0	206.846	0.0	0.0	0.0	0.0	0.0	0.0	0.0	0.0	0.000298	0.0	0.0	0.0	11.8464	0.0	0.0	0.0	0.0	12	0	0	0	0	0	0	0	0	86361	0	0	0	0	0	0	0	0	465882	0	0	0	0	0	0	0	0	24142	0	0	0	0	0	0	0	0	11964	0	0	0	0	0	0	0	0	105584	0	0	0	0	0	0	0	0	3771.28	0.0	0.0	0.0	0.007126	0.0	0.0	0.0	0.0	0.999998	0.0	0.0	0.0	2.0e-6	0.0	0.0	0.0	0.0	
210	697221	228.588175397	6288.34411111112	7301.177444444463	64.4144	0.984595	697217	0	0	0	0	0	0	0	0	0.000699	0.0	0.0	0.0	1.0	0.0	0.0	0.0	0.0	207.845	0.0	0.0	0.0	0.0	0.0	0.0	0.0	0.0	0.000298	0.0	0.0	0.0	11.8464	0.0	0.0	0.0	0.0	12	0	0	0	0	0	0	0	0	86720	0	0	0	0	0	0	0	0	468015	0	0	0	0	0	0	0	0	24291	0	0	0	0	0	0	0	0	12008	0	0	0	0	0	0	0	0	106171	0	0	0	0	0	0	0	0	7864.3	0.0	0.0	0.0	0.007126	0.0	0.0	0.0	0.0	0.999999	0.0	0.0	0.0	1.0e-6	0.0	0.0	0.0	0.0	
211	700524	229.588552143	6288.34411111112	7483.1496666666835	64.2906	0.984566	700520	0	0	0	0	0	0	0	0	0.000508	0.0	0.0	0.0	1.0	0.0	0.0	0.0	0.0	208.844	0.0	0.0	0.0	0.0	0.0	0.0	0.0	0.0	0.000298	0.0	0.0	0.0	11.8464	0.0	0.0	0.0	0.0	12	0	0	0	0	0	0	0	0	87126	0	0	0	0	0	0	0	0	470228	0	0	0	0	0	0	0	0	24385	0	0	0	0	0	0	0	0	12067	0	0	0	0	0	0	0	0	106702	0	0	0	0	0	0	0	0	5718.59	0.0	0.0	0.0	0.007126	0.0	0.0	0.0	0.0	0.999999	0.0	0.0	0.0	1.0e-6	0.0	0.0	0.0	0.0	
212	703944	230.595599033	6288.34411111112	7080.594111111127	64.1673	0.984537	703940	0	0	0	0	0	0	0	0	0.001041	0.0	0.0	0.0	1.0	0.0	0.0	0.0	0.0	209.849	0.0	0.0	0.0	0.0	0.0	0.0	0.0	0.0	0.000298	0.0	0.0	0.0	11.8464	0.0	0.0	0.0	0.0	12	0	0	0	0	0	0	0	0	87532	0	0	0	0	0	0	0	0	472522	0	0	0	0	0	0	0	0	24531	0	0	0	0	0	0	0	0	12132	0	0	0	0	0	0	0	0	107211	0	0	0	0	0	0	0	0	11718.6	0.0	0.0	0.0	0.007126	0.0	0.0	0.0	0.0	0.999999	0.0	0.0	0.0	1.0e-6	0.0	0.0	0.0	0.0	
213	707447	231.595698502	6288.34411111112	7028.899666666683	64.0428	0.984507	707443	0	0	0	0	0	0	0	0	0.000613	0.0	0.0	0.0	1.0	0.0	0.0	0.0	0.0	210.848	0.0	0.0	0.0	0.0	0.0	0.0	0.0	0.0	0.000298	0.0	0.0	0.0	11.8464	0.0	0.0	0.0	0.0	12	0	0	0	0	0	0	0	0	87974	0	0	0	0	0	0	0	0	474884	0	0	0	0	0	0	0	0	24653	0	0	0	0	0	0	0	0	12209	0	0	0	0	0	0	0	0	107711	0	0	0	0	0	0	0	0	6899.55	0.0	0.0	0.0	0.007126	0.0	0.0	0.0	0.0	0.999999	0.0	0.0	0.0	1.0e-6	0.0	0.0	0.0	0.0	
214	710999	232.59578512	6288.34411111112	6981.53855555557	63.9196	0.984477	710995	0	0	0	0	0	0	0	0	0.000422	0.0	0.0	0.0	1.0	0.0	0.0	0.0	0.0	211.847	0.0	0.0	0.0	0.0	0.0	0.0	0.0	0.0	0.000298	0.0	0.0	0.0	11.8464	0.0	0.0	0.0	0.0	12	0	0	0	0	0	0	0	0	88368	0	0	0	0	0	0	0	0	477247	0	0	0	0	0	0	0	0	24815	0	0	0	0	0	0	0	0	12293	0	0	0	0	0	0	0	0	108260	0	0	0	0	0	0	0	0	4750.51	0.0	0.0	0.0	0.007126	0.0	0.0	0.0	0.0	0.999999	0.0	0.0	0.0	1.0e-6	0.0	0.0	0.0	0.0	
215	714529	233.596145329	6288.34411111112	7003.094111111125	63.7967	0.984447	714525	0	0	0	0	0	0	0	0	0.000182	0.0	0.0	0.0	1.0	0.0	0.0	0.0	0.0	212.846	0.0	0.0	0.0	0.0	0.0	0.0	0.0	0.0	0.000298	0.0	0.0	0.0	11.8464	0.0	0.0	0.0	0.0	12	0	0	0	0	0	0	0	0	88775	0	0	0	0	0	0	0	0	479580	0	0	0	0	0	0	0	0	24965	0	0	0	0	0	0	0	0	12350	0	0	0	0	0	0	0	0	108843	0	0	0	0	0	0	0	0	2054.75	0.0	0.0	0.0	0.007126	0.0	0.0	0.0	0.0	0.999997	0.0	0.0	0.0	3.0e-6	0.0	0.0	0.0	0.0	
216	718032	234.596353312	6288.34411111112	6923.455222222236	63.6741	0.984418	718028	0	0	0	0	0	0	0	0	0.000252	0.0	0.0	0.0	1.0	0.0	0.0	0.0	0.0	213.844	0.0	0.0	0.0	0.0	0.0	0.0	0.0	0.0	0.000298	0.0	0.0	0.0	11.8464	0.0	0.0	0.0	0.0	12	0	0	0	0	0	0	0	0	89169	0	0	0	0	0	0	0	0	481898	0	0	0	0	0	0	0	0	25132	0	0	0	0	0	0	0	0	12441	0	0	0	0	0	0	0	0	109376	0	0	0	0	0	0	0	0	2843.82	0.0	0.0	0.0	0.007126	0.0	0.0	0.0	0.0	0.999997	0.0	0.0	0.0	3.0e-6	0.0	0.0	0.0	0.0	
217	721410	235.596378766	6288.34411111112	6866.177444444459	63.5517	0.984388	721406	0	0	0	0	0	0	0	0	0.00044	0.0	0.0	0.0	1.0	0.0	0.0	0.0	0.0	214.843	0.0	0.0	0.0	0.0	0.0	0.0	0.0	0.0	0.000298	0.0	0.0	0.0	11.8464	0.0	0.0	0.0	0.0	12	0	0	0	0	0	0	0	0	89565	0	0	0	0	0	0	0	0	484174	0	0	0	0	0	0	0	0	25260	0	0	0	0	0	0	0	0	12515	0	0	0	0	0	0	0	0	109880	0	0	0	0	0	0	0	0	4961.08	0.0	0.0	0.0	0.007126	0.0	0.0	0.0	0.0	0.999999	0.0	0.0	0.0	1.0e-6	0.0	0.0	0.0	0.0	
218	724825	236.596535741	6201.81633333335	7116.566333333348	63.4295	0.984358	724821	0	0	0	0	0	0	0	0	0.000218	0.0	0.0	0.0	1.0	0.0	0.0	0.0	0.0	215.842	0.0	0.0	0.0	0.0	0.0	0.0	0.0	0.0	0.000298	0.0	0.0	0.0	11.8464	0.0	0.0	0.0	0.0	16	0	0	0	0	0	0	0	0	89982	0	0	0	0	0	0	0	0	486455	0	0	0	0	0	0	0	0	25397	0	0	0	0	0	0	0	0	12589	0	0	0	0	0	0	0	0	110382	0	0	0	0	0	0	0	0	2463.15	0.0	0.0	0.0	0.007126	0.0	0.0	0.0	0.0	0.999997	0.0	0.0	0.0	3.0e-6	0.0	0.0	0.0	0.0	
219	728264	237.596806549	6201.81633333335	6769.121888888905	63.3075	0.984328	728260	0	0	0	0	0	0	0	0	0.000338	0.0	0.0	0.0	1.0	0.0	0.0	0.0	0.0	216.841	0.0	0.0	0.0	0.0	0.0	0.0	0.0	0.0	0.000298	0.0	0.0	0.0	11.8464	0.0	0.0	0.0	0.0	16	0	0	0	0	0	0	0	0	90382	0	0	0	0	0	0	0	0	488665	0	0	0	0	0	0	0	0	25556	0	0	0	0	0	0	0	0	12681	0	0	0	0	0	0	0	0	110960	0	0	0	0	0	0	0	0	3817.19	0.0	0.0	0.0	0.007126	0.0	0.0	0.0	0.0	0.999998	0.0	0.0	0.0	2.0e-6	0.0	0.0	0.0	0.0	
220	731661	238.596967363	6201.81633333335	6888.621888888905	63.1858	0.984298	731657	0	0	0	0	0	0	0	0	0.000324	0.0	0.0	0.0	1.0	0.0	0.0	0.0	0.0	217.84	0.0	0.0	0.0	0.0	0.0	0.0	0.0	0.0	0.000298	0.0	0.0	0.0	11.8464	0.0	0.0	0.0	0.0	16	0	0	0	0	0	0	0	0	90778	0	0	0	0	0	0	0	0	490929	0	0	0	0	0	0	0	0	25752	0	0	0	0	0	0	0	0	12754	0	0	0	0	0	0	0	0	111428	0	0	0	0	0	0	0	0	3652.45	0.0	0.0	0.0	0.007126	0.0	0.0	0.0	0.0	0.999998	0.0	0.0	0.0	2.0e-6	0.0	0.0	0.0	0.0	
221	735099	239.596980019	6201.81633333335	6559.594111111123	63.0643	0.984268	735095	0	0	0	0	0	0	0	0	0.000616	0.0	0.0	0.0	1.0	0.0	0.0	0.0	0.0	218.838	0.0	0.0	0.0	0.0	0.0	0.0	0.0	0.0	0.000298	0.0	0.0	0.0	11.8464	0.0	0.0	0.0	0.0	16	0	0	0	0	0	0	0	0	91235	0	0	0	0	0	0	0	0	493140	0	0	0	0	0	0	0	0	25898	0	0	0	0	0	0	0	0	12824	0	0	0	0	0	0	0	0	111982	0	0	0	0	0	0	0	0	6946.94	0.0	0.0	0.0	0.007126	0.0	0.0	0.0	0.0	0.999999	0.0	0.0	0.0	1.0e-6	0.0	0.0	0.0	0.0	
222	738572	240.597143545	6201.81633333335	6832.510777777792	62.9431	0.984238	738568	0	0	0	0	0	0	0	0	0.000249	0.0	0.0	0.0	1.0	0.0	0.0	0.0	0.0	219.837	0.0	0.0	0.0	0.0	0.0	0.0	0.0	0.0	0.000298	0.0	0.0	0.0	11.8464	0.0	0.0	0.0	0.0	16	0	0	0	0	0	0	0	0	91655	0	0	0	0	0	0	0	0	495366	0	0	0	0	0	0	0	0	26056	0	0	0	0	0	0	0	0	12886	0	0	0	0	0	0	0	0	112589	0	0	0	0	0	0	0	0	2811.21	0.0	0.0	0.0	0.007126	0.0	0.0	0.0	0.0	0.999997	0.0	0.0	0.0	3.0e-6	0.0	0.0	0.0	0.0	
223	742007	241.59735241	6201.81633333335	6452.31633333335	62.8221	0.984208	742003	0	0	0	0	0	0	0	0	0.000583	0.0	0.0	0.0	1.0	0.0	0.0	0.0	0.0	220.836	0.0	0.0	0.0	0.0	0.0	0.0	0.0	0.0	0.000298	0.0	0.0	0.0	11.8464	0.0	0.0	0.0	0.0	16	0	0	0	0	0	0	0	0	92066	0	0	0	0	0	0	0	0	497642	0	0	0	0	0	0	0	0	26199	0	0	0	0	0	0	0	0	12966	0	0	0	0	0	0	0	0	113114	0	0	0	0	0	0	0	0	6582.24	0.0	0.0	0.0	0.007126	0.0	0.0	0.0	0.0	0.999999	0.0	0.0	0.0	1.0e-6	0.0	0.0	0.0	0.0	
224	745486	242.597392319	6197.510777777796	6997.010777777792	62.7013	0.984178	745482	0	0	0	0	0	0	0	0	0.000174	0.0	0.0	0.0	1.0	0.0	0.0	0.0	0.0	221.835	0.0	0.0	0.0	0.0	0.0	0.0	0.0	0.0	0.000298	0.0	0.0	0.0	11.8464	0.0	0.0	0.0	0.0	17	0	0	0	0	0	0	0	0	92487	0	0	0	0	0	0	0	0	499929	0	0	0	0	0	0	0	0	26314	0	0	0	0	0	0	0	0	13013	0	0	0	0	0	0	0	0	113722	0	0	0	0	0	0	0	0	1959.59	0.0	0.0	0.0	0.007126	0.0	0.0	0.0	0.0	0.999996	0.0	0.0	0.0	4.0e-6	0.0	0.0	0.0	0.0	
225	748934	243.597590071	6197.510777777796	6514.344111111125	62.5808	0.984148	748930	0	0	0	0	0	0	0	0	0.001044	0.0	0.0	0.0	1.0	0.0	0.0	0.0	0.0	222.833	0.0	0.0	0.0	0.0	0.0	0.0	0.0	0.0	0.000298	0.0	0.0	0.0	11.8464	0.0	0.0	0.0	0.0	17	0	0	0	0	0	0	0	0	92900	0	0	0	0	0	0	0	0	502181	0	0	0	0	0	0	0	0	26464	0	0	0	0	0	0	0	0	13085	0	0	0	0	0	0	0	0	114283	0	0	0	0	0	0	0	0	11792.6	0.0	0.0	0.0	0.007126	0.0	0.0	0.0	0.0	0.999999	0.0	0.0	0.0	1.0e-6	0.0	0.0	0.0	0.0	
226	752377	244.597651908	6197.510777777796	6741.288555555573	62.4604	0.984117	752373	0	0	0	0	0	0	0	0	0.000523	0.0	0.0	0.0	1.0	0.0	0.0	0.0	0.0	223.832	0.0	0.0	0.0	0.0	0.0	0.0	0.0	0.0	0.000298	0.0	0.0	0.0	11.8464	0.0	0.0	0.0	0.0	17	0	0	0	0	0	0	0	0	93287	0	0	0	0	0	0	0	0	504495	0	0	0	0	0	0	0	0	26631	0	0	0	0	0	0	0	0	13136	0	0	0	0	0	0	0	0	114807	0	0	0	0	0	0	0	0	5905.24	0.0	0.0	0.0	0.007126	0.0	0.0	0.0	0.0	0.999999	0.0	0.0	0.0	1.0e-6	0.0	0.0	0.0	0.0	
227	755868	245.597756509	6197.510777777796	6757.371888888903	62.3404	0.984087	755864	0	0	0	0	0	0	0	0	0.00056	0.0	0.0	0.0	1.0	0.0	0.0	0.0	0.0	224.831	0.0	0.0	0.0	0.0	0.0	0.0	0.0	0.0	0.000297	0.0	0.0	0.0	11.8464	0.0	0.0	0.0	0.0	17	0	0	0	0	0	0	0	0	93690	0	0	0	0	0	0	0	0	506732	0	0	0	0	0	0	0	0	26785	0	0	0	0	0	0	0	0	13207	0	0	0	0	0	0	0	0	115433	0	0	0	0	0	0	0	0	6328.34	0.0	0.0	0.0	0.007126	0.0	0.0	0.0	0.0	0.999999	0.0	0.0	0.0	1.0e-6	0.0	0.0	0.0	0.0	
228	759260	246.597875052	6197.510777777796	6766.205222222239	62.2205	0.984057	759256	0	0	0	0	0	0	0	0	0.000348	0.0	0.0	0.0	1.0	0.0	0.0	0.0	0.0	225.83	0.0	0.0	0.0	0.0	0.0	0.0	0.0	0.0	0.000297	0.0	0.0	0.0	11.8464	0.0	0.0	0.0	0.0	17	0	0	0	0	0	0	0	0	94117	0	0	0	0	0	0	0	0	508997	0	0	0	0	0	0	0	0	26916	0	0	0	0	0	0	0	0	13283	0	0	0	0	0	0	0	0	115926	0	0	0	0	0	0	0	0	3935.83	0.0	0.0	0.0	0.007126	0.0	0.0	0.0	0.0	0.999998	0.0	0.0	0.0	2.0e-6	0.0	0.0	0.0	0.0	
229	762569	247.598096089	6197.510777777796	7079.149666666684	62.1009	0.984026	762565	0	0	0	0	0	0	0	0	0.000885	0.0	0.0	0.0	1.0	0.0	0.0	0.0	0.0	226.829	0.0	0.0	0.0	0.0	0.0	0.0	0.0	0.0	0.000297	0.0	0.0	0.0	11.8464	0.0	0.0	0.0	0.0	17	0	0	0	0	0	0	0	0	94529	0	0	0	0	0	0	0	0	511240	0	0	0	0	0	0	0	0	27038	0	0	0	0	0	0	0	0	13349	0	0	0	0	0	0	0	0	116392	0	0	0	0	0	0	0	0	10005.7	0.0	0.0	0.0	0.007126	0.0	0.0	0.0	0.0	0.999999	0.0	0.0	0.0	1.0e-6	0.0	0.0	0.0	0.0	
230	765900	248.598153698	6197.510777777796	6485.871888888908	61.9815	0.983996	765896	0	0	0	0	0	0	0	0	0.000538	0.0	0.0	0.0	1.0	0.0	0.0	0.0	0.0	227.827	0.0	0.0	0.0	0.0	0.0	0.0	0.0	0.0	0.000297	0.0	0.0	0.0	11.8464	0.0	0.0	0.0	0.0	17	0	0	0	0	0	0	0	0	94927	0	0	0	0	0	0	0	0	513520	0	0	0	0	0	0	0	0	27164	0	0	0	0	0	0	0	0	13400	0	0	0	0	0	0	0	0	116868	0	0	0	0	0	0	0	0	6076.48	0.0	0.0	0.0	0.007126	0.0	0.0	0.0	0.0	0.999999	0.0	0.0	0.0	1.0e-6	0.0	0.0	0.0	0.0	
231	769252	249.598168824	6197.510777777796	7074.260777777797	61.8624	0.983965	769248	0	0	0	0	0	0	0	0	0.000154	0.0	0.0	0.0	1.0	0.0	0.0	0.0	0.0	228.826	0.0	0.0	0.0	0.0	0.0	0.0	0.0	0.0	0.000297	0.0	0.0	0.0	11.8464	0.0	0.0	0.0	0.0	17	0	0	0	0	0	0	0	0	95327	0	0	0	0	0	0	0	0	515755	0	0	0	0	0	0	0	0	27295	0	0	0	0	0	0	0	0	13451	0	0	0	0	0	0	0	0	117403	0	0	0	0	0	0	0	0	1741.23	0.0	0.0	0.0	0.007126	0.0	0.0	0.0	0.0	0.999996	0.0	0.0	0.0	4.0e-6	0.0	0.0	0.0	0.0	
232	772634	250.598187761	6197.510777777796	6954.899666666686	61.7434	0.983934	772630	0	0	0	0	0	0	0	0	0.000459	0.0	0.0	0.0	1.0	0.0	0.0	0.0	0.0	229.824	0.0	0.0	0.0	0.0	0.0	0.0	0.0	0.0	0.000297	0.0	0.0	0.0	11.8464	0.0	0.0	0.0	0.0	17	0	0	0	0	0	0	0	0	95723	0	0	0	0	0	0	0	0	518049	0	0	0	0	0	0	0	0	27418	0	0	0	0	0	0	0	0	13503	0	0	0	0	0	0	0	0	117920	0	0	0	0	0	0	0	0	5183.55	0.0	0.0	0.0	0.007126	0.0	0.0	0.0	0.0	0.999999	0.0	0.0	0.0	1.0e-6	0.0	0.0	0.0	0.0	
233	775889	251.598380659	6197.510777777796	6594.816333333351	61.6247	0.983904	775885	0	0	0	0	0	0	0	0	0.001048	0.0	0.0	0.0	1.0	0.0	0.0	0.0	0.0	230.823	0.0	0.0	0.0	0.0	0.0	0.0	0.0	0.0	0.000297	0.0	0.0	0.0	11.8464	0.0	0.0	0.0	0.0	17	0	0	0	0	0	0	0	0	96169	0	0	0	0	0	0	0	0	520209	0	0	0	0	0	0	0	0	27575	0	0	0	0	0	0	0	0	13549	0	0	0	0	0	0	0	0	118366	0	0	0	0	0	0	0	0	11845.7	0.0	0.0	0.0	0.007126	0.0	0.0	0.0	0.0	0.999999	0.0	0.0	0.0	1.0e-6	0.0	0.0	0.0	0.0	
234	779157	252.598590502	6197.510777777796	7045.2330000000175	61.5062	0.983873	779153	0	0	0	0	0	0	0	0	5.9e-5	0.0	0.0	0.0	1.0	0.0	0.0	0.0	0.0	231.822	0.0	0.0	0.0	0.0	0.0	0.0	0.0	0.0	0.000298	0.0	0.0	0.0	11.8464	0.0	0.0	0.0	0.0	17	0	0	0	0	0	0	0	0	96559	0	0	0	0	0	0	0	0	522416	0	0	0	0	0	0	0	0	27734	0	0	0	0	0	0	0	0	13586	0	0	0	0	0	0	0	0	118841	0	0	0	0	0	0	0	0	671.708	0.0	0.0	0.0	0.007126	0.0	0.0	0.0	0.0	0.999989	0.0	0.0	0.0	1.1e-5	0.0	0.0	0.0	0.0	
235	782495	253.598795219	6197.510777777796	7096.344111111125	61.388	0.983842	782491	0	0	0	0	0	0	0	0	0.000425	0.0	0.0	0.0	1.0	0.0	0.0	0.0	0.0	232.821	0.0	0.0	0.0	0.0	0.0	0.0	0.0	0.0	0.000298	0.0	0.0	0.0	11.8464	0.0	0.0	0.0	0.0	17	0	0	0	0	0	0	0	0	96960	0	0	0	0	0	0	0	0	524613	0	0	0	0	0	0	0	0	27883	0	0	0	0	0	0	0	0	13625	0	0	0	0	0	0	0	0	119393	0	0	0	0	0	0	0	0	4798.07	0.0	0.0	0.0	0.007126	0.0	0.0	0.0	0.0	0.999999	0.0	0.0	0.0	1.0e-6	0.0	0.0	0.0	0.0	
236	785867	254.598974402	6197.510777777796	7246.92744444446	61.2699	0.983811	785863	0	0	0	0	0	0	0	0	0.000362	0.0	0.0	0.0	1.0	0.0	0.0	0.0	0.0	233.82	0.0	0.0	0.0	0.0	0.0	0.0	0.0	0.0	0.000298	0.0	0.0	0.0	11.8464	0.0	0.0	0.0	0.0	17	0	0	0	0	0	0	0	0	97377	0	0	0	0	0	0	0	0	526830	0	0	0	0	0	0	0	0	28025	0	0	0	0	0	0	0	0	13651	0	0	0	0	0	0	0	0	119963	0	0	0	0	0	0	0	0	4085.1	0.0	0.0	0.0	0.007126	0.0	0.0	0.0	0.0	0.999998	0.0	0.0	0.0	2.0e-6	0.0	0.0	0.0	0.0	
237	789202	255.599082989	6197.510777777796	7238.955222222236	61.1522	0.98378	789198	0	0	0	0	0	0	0	0	0.000865	0.0	0.0	0.0	1.0	0.0	0.0	0.0	0.0	234.818	0.0	0.0	0.0	0.0	0.0	0.0	0.0	0.0	0.000298	0.0	0.0	0.0	11.8464	0.0	0.0	0.0	0.0	17	0	0	0	0	0	0	0	0	97767	0	0	0	0	0	0	0	0	529059	0	0	0	0	0	0	0	0	28145	0	0	0	0	0	0	0	0	13683	0	0	0	0	0	0	0	0	120527	0	0	0	0	0	0	0	0	9773.42	0.0	0.0	0.0	0.007126	0.0	0.0	0.0	0.0	0.999999	0.0	0.0	0.0	1.0e-6	0.0	0.0	0.0	0.0	
238	792514	256.599364012	6197.510777777796	7079.2885555555695	61.0346	0.983749	792510	0	0	0	0	0	0	0	0	0.000347	0.0	0.0	0.0	1.0	0.0	0.0	0.0	0.0	235.817	0.0	0.0	0.0	0.0	0.0	0.0	0.0	0.0	0.000298	0.0	0.0	0.0	11.8464	0.0	0.0	0.0	0.0	17	0	0	0	0	0	0	0	0	98185	0	0	0	0	0	0	0	0	531242	0	0	0	0	0	0	0	0	28277	0	0	0	0	0	0	0	0	13722	0	0	0	0	0	0	0	0	121067	0	0	0	0	0	0	0	0	3922.96	0.0	0.0	0.0	0.007126	0.0	0.0	0.0	0.0	0.999998	0.0	0.0	0.0	2.0e-6	0.0	0.0	0.0	0.0	
239	795858	257.599433989	6197.510777777796	7226.844111111124	60.9173	0.983718	795854	0	0	0	0	0	0	0	0	0.001048	0.0	0.0	0.0	1.0	0.0	0.0	0.0	0.0	236.816	0.0	0.0	0.0	0.0	0.0	0.0	0.0	0.0	0.000298	0.0	0.0	0.0	11.8464	0.0	0.0	0.0	0.0	17	0	0	0	0	0	0	0	0	98643	0	0	0	0	0	0	0	0	533436	0	0	0	0	0	0	0	0	28404	0	0	0	0	0	0	0	0	13760	0	0	0	0	0	0	0	0	121594	0	0	0	0	0	0	0	0	11841.2	0.0	0.0	0.0	0.007126	0.0	0.0	0.0	0.0	0.999999	0.0	0.0	0.0	1.0e-6	0.0	0.0	0.0	0.0	
240	799146	258.599551656	6197.510777777796	6816.566333333348	60.8001	0.983687	799142	0	0	0	0	0	0	0	0	0.000366	0.0	0.0	0.0	1.0	0.0	0.0	0.0	0.0	237.807	0.0	0.0	0.0	0.0	0.0	0.0	0.0	0.0	0.000298	0.0	0.0	0.0	11.8464	0.0	0.0	0.0	0.0	17	0	0	0	0	0	0	0	0	99072	0	0	0	0	0	0	0	0	535610	0	0	0	0	0	0	0	0	28531	0	0	0	0	0	0	0	0	13796	0	0	0	0	0	0	0	0	122116	0	0	0	0	0	0	0	0	4133.62	0.0	0.0	0.0	0.007126	0.0	0.0	0.0	0.0	0.999998	0.0	0.0	0.0	2.0e-6	0.0	0.0	0.0	0.0	
241	802417	259.599649301	6197.510777777796	6696.844111111126	60.6832	0.983656	802413	0	0	0	0	0	0	0	0	0.000241	0.0	0.0	0.0	1.0	0.0	0.0	0.0	0.0	238.806	0.0	0.0	0.0	0.0	0.0	0.0	0.0	0.0	0.000298	0.0	0.0	0.0	11.8464	0.0	0.0	0.0	0.0	17	0	0	0	0	0	0	0	0	99522	0	0	0	0	0	0	0	0	537802	0	0	0	0	0	0	0	0	28700	0	0	0	0	0	0	0	0	13844	0	0	0	0	0	0	0	0	122528	0	0	0	0	0	0	0	0	2716.77	0.0	0.0	0.0	0.007126	0.0	0.0	0.0	0.0	0.999997	0.0	0.0	0.0	3.0e-6	0.0	0.0	0.0	0.0	
242	805709	260.60173685	6197.510777777796	6632.344111111125	60.5676	0.983625	805705	0	0	0	0	0	0	0	0	0.000788	0.0	0.0	0.0	1.0	0.0	0.0	0.0	0.0	239.807	0.0	0.0	0.0	0.0	0.0	0.0	0.0	0.0	0.000298	0.0	0.0	0.0	11.8464	0.0	0.0	0.0	0.0	17	0	0	0	0	0	0	0	0	99962	0	0	0	0	0	0	0	0	540002	0	0	0	0	0	0	0	0	28845	0	0	0	0	0	0	0	0	13878	0	0	0	0	0	0	0	0	123001	0	0	0	0	0	0	0	0	8900.4	0.0	0.0	0.0	0.007126	0.0	0.0	0.0	0.0	0.999999	0.0	0.0	0.0	1.0e-6	0.0	0.0	0.0	0.0	
243	809010	261.601981446	6197.510777777796	6759.594111111124	60.4499	0.983593	809006	0	0	0	0	0	0	0	0	0.000815	0.0	0.0	0.0	1.0	0.0	0.0	0.0	0.0	240.805	0.0	0.0	0.0	0.0	0.0	0.0	0.0	0.0	0.000298	0.0	0.0	0.0	11.8464	0.0	0.0	0.0	0.0	17	0	0	0	0	0	0	0	0	100413	0	0	0	0	0	0	0	0	542212	0	0	0	0	0	0	0	0	28999	0	0	0	0	0	0	0	0	13904	0	0	0	0	0	0	0	0	123461	0	0	0	0	0	0	0	0	9201.5	0.0	0.0	0.0	0.007126	0.0	0.0	0.0	0.0	0.999999	0.0	0.0	0.0	1.0e-6	0.0	0.0	0.0	0.0	
244	812322	262.606389805	6197.510777777796	6847.538555555564	60.334	0.983562	812318	0	0	0	0	0	0	0	0	0.000803	0.0	0.0	0.0	1.0	0.0	0.0	0.0	0.0	241.809	0.0	0.0	0.0	0.0	0.0	0.0	0.0	0.0	0.000298	0.0	0.0	0.0	11.8464	0.0	0.0	0.0	0.0	17	0	0	0	0	0	0	0	0	100813	0	0	0	0	0	0	0	0	544370	0	0	0	0	0	0	0	0	29138	0	0	0	0	0	0	0	0	13957	0	0	0	0	0	0	0	0	124023	0	0	0	0	0	0	0	0	9057.27	0.0	0.0	0.0	0.007126	0.0	0.0	0.0	0.0	0.999999	0.0	0.0	0.0	1.0e-6	0.0	0.0	0.0	0.0	
245	815667	263.60666234	6197.510777777796	7310.371888888901	60.2172	0.983531	815663	0	0	0	0	0	0	0	0	0.000661	0.0	0.0	0.0	1.0	0.0	0.0	0.0	0.0	242.807	0.0	0.0	0.0	0.0	0.0	0.0	0.0	0.0	0.000298	0.0	0.0	0.0	11.8464	0.0	0.0	0.0	0.0	17	0	0	0	0	0	0	0	0	101218	0	0	0	0	0	0	0	0	546510	0	0	0	0	0	0	0	0	29268	0	0	0	0	0	0	0	0	14020	0	0	0	0	0	0	0	0	124630	0	0	0	0	0	0	0	0	7458.3	0.0	0.0	0.0	0.007126	0.0	0.0	0.0	0.0	0.999999	0.0	0.0	0.0	1.0e-6	0.0	0.0	0.0	0.0	
246	818971	264.606759363	6197.510777777796	6819.288555555566	60.1014	0.983499	818967	0	0	0	0	0	0	0	0	0.000121	0.0	0.0	0.0	1.0	0.0	0.0	0.0	0.0	243.806	0.0	0.0	0.0	0.0	0.0	0.0	0.0	0.0	0.000298	0.0	0.0	0.0	11.8464	0.0	0.0	0.0	0.0	17	0	0	0	0	0	0	0	0	101647	0	0	0	0	0	0	0	0	548615	0	0	0	0	0	0	0	0	29426	0	0	0	0	0	0	0	0	14061	0	0	0	0	0	0	0	0	125201	0	0	0	0	0	0	0	0	1366.83	0.0	0.0	0.0	0.007126	0.0	0.0	0.0	0.0	0.999995	0.0	0.0	0.0	5.0e-6	0.0	0.0	0.0	0.0	
247	822272	265.606922775	6045.344111111124	6593.649666666679	59.9858	0.983468	822268	0	0	0	0	0	0	0	0	0.000535	0.0	0.0	0.0	1.0	0.0	0.0	0.0	0.0	244.805	0.0	0.0	0.0	0.0	0.0	0.0	0.0	0.0	0.000298	0.0	0.0	0.0	11.8464	0.0	0.0	0.0	0.0	28	0	0	0	0	0	0	0	0	102036	0	0	0	0	0	0	0	0	550718	0	0	0	0	0	0	0	0	29573	0	0	0	0	0	0	0	0	14128	0	0	0	0	0	0	0	0	125785	0	0	0	0	0	0	0	0	6039.35	0.0	0.0	0.0	0.007126	0.0	0.0	0.0	0.0	0.999999	0.0	0.0	0.0	1.0e-6	0.0	0.0	0.0	0.0	
248	825569	266.607199959	6045.344111111124	6397.51077777779	59.8705	0.983436	825565	0	0	0	0	0	0	0	0	0.000826	0.0	0.0	0.0	1.0	0.0	0.0	0.0	0.0	245.804	0.0	0.0	0.0	0.0	0.0	0.0	0.0	0.0	0.000298	0.0	0.0	0.0	11.8464	0.0	0.0	0.0	0.0	28	0	0	0	0	0	0	0	0	102470	0	0	0	0	0	0	0	0	552781	0	0	0	0	0	0	0	0	29743	0	0	0	0	0	0	0	0	14200	0	0	0	0	0	0	0	0	126343	0	0	0	0	0	0	0	0	9321.88	0.0	0.0	0.0	0.007126	0.0	0.0	0.0	0.0	0.999999	0.0	0.0	0.0	1.0e-6	0.0	0.0	0.0	0.0	
249	828869	267.607383501	6045.344111111124	6428.844111111124	59.7554	0.983404	828865	0	0	0	0	0	0	0	0	0.000548	0.0	0.0	0.0	1.0	0.0	0.0	0.0	0.0	246.802	0.0	0.0	0.0	0.0	0.0	0.0	0.0	0.0	0.000298	0.0	0.0	0.0	11.8464	0.0	0.0	0.0	0.0	28	0	0	0	0	0	0	0	0	102850	0	0	0	0	0	0	0	0	554976	0	0	0	0	0	0	0	0	29901	0	0	0	0	0	0	0	0	14257	0	0	0	0	0	0	0	0	126853	0	0	0	0	0	0	0	0	6183.81	0.0	0.0	0.0	0.007126	0.0	0.0	0.0	0.0	0.999999	0.0	0.0	0.0	1.0e-6	0.0	0.0	0.0	0.0	
250	832129	268.607530143	6045.344111111124	6961.316333333343	59.6405	0.983373	832125	0	0	0	0	0	0	0	0	0.000792	0.0	0.0	0.0	1.0	0.0	0.0	0.0	0.0	247.801	0.0	0.0	0.0	0.0	0.0	0.0	0.0	0.0	0.000298	0.0	0.0	0.0	11.8464	0.0	0.0	0.0	0.0	28	0	0	0	0	0	0	0	0	103293	0	0	0	0	0	0	0	0	557099	0	0	0	0	0	0	0	0	30065	0	0	0	0	0	0	0	0	14292	0	0	0	0	0	0	0	0	127348	0	0	0	0	0	0	0	0	8933.44	0.0	0.0	0.0	0.007126	0.0	0.0	0.0	0.0	0.999999	0.0	0.0	0.0	1.0e-6	0.0	0.0	0.0	0.0	
251	835393	269.607814822	6045.344111111124	7142.399666666676	59.5259	0.983341	835389	0	0	0	0	0	0	0	0	0.00058	0.0	0.0	0.0	1.0	0.0	0.0	0.0	0.0	248.8	0.0	0.0	0.0	0.0	0.0	0.0	0.0	0.0	0.000298	0.0	0.0	0.0	11.8464	0.0	0.0	0.0	0.0	28	0	0	0	0	0	0	0	0	103695	0	0	0	0	0	0	0	0	559268	0	0	0	0	0	0	0	0	30236	0	0	0	0	0	0	0	0	14324	0	0	0	0	0	0	0	0	127838	0	0	0	0	0	0	0	0	6540.76	0.0	0.0	0.0	0.007126	0.0	0.0	0.0	0.0	0.999999	0.0	0.0	0.0	1.0e-6	0.0	0.0	0.0	0.0	
252	838662	270.607860535	6045.344111111124	6666.621888888898	59.4114	0.983309	838658	0	0	0	0	0	0	0	0	0.000299	0.0	0.0	0.0	1.0	0.0	0.0	0.0	0.0	249.799	0.0	0.0	0.0	0.0	0.0	0.0	0.0	0.0	0.000298	0.0	0.0	0.0	11.8464	0.0	0.0	0.0	0.0	28	0	0	0	0	0	0	0	0	104132	0	0	0	0	0	0	0	0	561468	0	0	0	0	0	0	0	0	30399	0	0	0	0	0	0	0	0	14361	0	0	0	0	0	0	0	0	128270	0	0	0	0	0	0	0	0	3371.84	0.0	0.0	0.0	0.007126	0.0	0.0	0.0	0.0	0.999998	0.0	0.0	0.0	2.0e-6	0.0	0.0	0.0	0.0	
253	841907	271.60789919	6045.344111111124	6724.149666666676	59.2972	0.983277	841903	0	0	0	0	0	0	0	0	0.000853	0.0	0.0	0.0	1.0	0.0	0.0	0.0	0.0	250.797	0.0	0.0	0.0	0.0	0.0	0.0	0.0	0.0	0.000298	0.0	0.0	0.0	11.8464	0.0	0.0	0.0	0.0	28	0	0	0	0	0	0	0	0	104546	0	0	0	0	0	0	0	0	563671	0	0	0	0	0	0	0	0	30563	0	0	0	0	0	0	0	0	14413	0	0	0	0	0	0	0	0	128682	0	0	0	0	0	0	0	0	9612.79	0.0	0.0	0.0	0.007126	0.0	0.0	0.0	0.0	0.999999	0.0	0.0	0.0	1.0e-6	0.0	0.0	0.0	0.0	
254	845168	272.611790425	6045.344111111124	7010.288555555563	59.184	0.983245	845164	0	0	0	0	0	0	0	0	0.00011	0.0	0.0	0.0	1.0	0.0	0.0	0.0	0.0	251.8	0.0	0.0	0.0	0.0	0.0	0.0	0.0	0.0	0.000298	0.0	0.0	0.0	11.8464	0.0	0.0	0.0	0.0	28	0	0	0	0	0	0	0	0	104951	0	0	0	0	0	0	0	0	565879	0	0	0	0	0	0	0	0	30710	0	0	0	0	0	0	0	0	14452	0	0	0	0	0	0	0	0	129144	0	0	0	0	0	0	0	0	1243.63	0.0	0.0	0.0	0.007126	0.0	0.0	0.0	0.0	0.999994	0.0	0.0	0.0	6.0e-6	0.0	0.0	0.0	0.0	
255	848468	273.611900635	6045.344111111124	6955.871888888899	59.069	0.983213	848464	0	0	0	0	0	0	0	0	0.000376	0.0	0.0	0.0	1.0	0.0	0.0	0.0	0.0	252.799	0.0	0.0	0.0	0.0	0.0	0.0	0.0	0.0	0.000298	0.0	0.0	0.0	11.8464	0.0	0.0	0.0	0.0	28	0	0	0	0	0	0	0	0	105370	0	0	0	0	0	0	0	0	568084	0	0	0	0	0	0	0	0	30848	0	0	0	0	0	0	0	0	14509	0	0	0	0	0	0	0	0	129625	0	0	0	0	0	0	0	0	4235.35	0.0	0.0	0.0	0.007126	0.0	0.0	0.0	0.0	0.999998	0.0	0.0	0.0	2.0e-6	0.0	0.0	0.0	0.0	
256	851730	274.612082806	6045.344111111124	6551.48300000001	58.9554	0.983181	851726	0	0	0	0	0	0	0	0	0.000574	0.0	0.0	0.0	1.0	0.0	0.0	0.0	0.0	253.797	0.0	0.0	0.0	0.0	0.0	0.0	0.0	0.0	0.000298	0.0	0.0	0.0	11.8464	0.0	0.0	0.0	0.0	28	0	0	0	0	0	0	0	0	105786	0	0	0	0	0	0	0	0	570271	0	0	0	0	0	0	0	0	31010	0	0	0	0	0	0	0	0	14553	0	0	0	0	0	0	0	0	130078	0	0	0	0	0	0	0	0	6464.24	0.0	0.0	0.0	0.007126	0.0	0.0	0.0	0.0	0.999999	0.0	0.0	0.0	1.0e-6	0.0	0.0	0.0	0.0	
257	855007	275.612359375	6045.344111111124	6517.066333333343	58.8421	0.983149	855003	0	0	0	0	0	0	0	0	0.000487	0.0	0.0	0.0	1.0	0.0	0.0	0.0	0.0	254.796	0.0	0.0	0.0	0.0	0.0	0.0	0.0	0.0	0.000298	0.0	0.0	0.0	11.8464	0.0	0.0	0.0	0.0	28	0	0	0	0	0	0	0	0	106164	0	0	0	0	0	0	0	0	572461	0	0	0	0	0	0	0	0	31175	0	0	0	0	0	0	0	0	14625	0	0	0	0	0	0	0	0	130550	0	0	0	0	0	0	0	0	5488.31	0.0	0.0	0.0	0.007126	0.0	0.0	0.0	0.0	0.999999	0.0	0.0	0.0	1.0e-6	0.0	0.0	0.0	0.0	
258	858322	276.612645245	6045.344111111124	6988.149666666677	58.7289	0.983117	858318	0	0	0	0	0	0	0	0	0.000612	0.0	0.0	0.0	1.0	0.0	0.0	0.0	0.0	255.795	0.0	0.0	0.0	0.0	0.0	0.0	0.0	0.0	0.000298	0.0	0.0	0.0	11.8464	0.0	0.0	0.0	0.0	28	0	0	0	0	0	0	0	0	106542	0	0	0	0	0	0	0	0	574614	0	0	0	0	0	0	0	0	31317	0	0	0	0	0	0	0	0	14696	0	0	0	0	0	0	0	0	131121	0	0	0	0	0	0	0	0	6894.05	0.0	0.0	0.0	0.007126	0.0	0.0	0.0	0.0	0.999999	0.0	0.0	0.0	1.0e-6	0.0	0.0	0.0	0.0	
259	861586	277.61272634	6045.344111111124	6622.260777777787	58.616	0.983085	861582	0	0	0	0	0	0	0	0	0.000299	0.0	0.0	0.0	1.0	0.0	0.0	0.0	0.0	256.794	0.0	0.0	0.0	0.0	0.0	0.0	0.0	0.0	0.000298	0.0	0.0	0.0	11.8464	0.0	0.0	0.0	0.0	28	0	0	0	0	0	0	0	0	106928	0	0	0	0	0	0	0	0	576748	0	0	0	0	0	0	0	0	31487	0	0	0	0	0	0	0	0	14761	0	0	0	0	0	0	0	0	131630	0	0	0	0	0	0	0	0	3370.8	0.0	0.0	0.0	0.007126	0.0	0.0	0.0	0.0	0.999998	0.0	0.0	0.0	2.0e-6	0.0	0.0	0.0	0.0	
260	864977	278.621457244	6045.344111111124	6687.288555555563	58.5035	0.983052	864973	0	0	0	0	0	0	0	0	0.000613	0.0	0.0	0.0	1.0	0.0	0.0	0.0	0.0	257.801	0.0	0.0	0.0	0.0	0.0	0.0	0.0	0.0	0.000298	0.0	0.0	0.0	11.8464	0.0	0.0	0.0	0.0	28	0	0	0	0	0	0	0	0	107304	0	0	0	0	0	0	0	0	578971	0	0	0	0	0	0	0	0	31633	0	0	0	0	0	0	0	0	14859	0	0	0	0	0	0	0	0	132178	0	0	0	0	0	0	0	0	6896.86	0.0	0.0	0.0	0.007126	0.0	0.0	0.0	0.0	0.999999	0.0	0.0	0.0	1.0e-6	0.0	0.0	0.0	0.0	
261	868401	279.621697092	6045.344111111124	6688.59411111112	58.3899	0.98302	868397	0	0	0	0	0	0	0	0	0.001118	0.0	0.0	0.0	1.0	0.0	0.0	0.0	0.0	258.8	0.0	0.0	0.0	0.0	0.0	0.0	0.0	0.0	0.000298	0.0	0.0	0.0	11.8464	0.0	0.0	0.0	0.0	28	0	0	0	0	0	0	0	0	107687	0	0	0	0	0	0	0	0	581241	0	0	0	0	0	0	0	0	31762	0	0	0	0	0	0	0	0	14907	0	0	0	0	0	0	0	0	132772	0	0	0	0	0	0	0	0	12588.5	0.0	0.0	0.0	0.007126	0.0	0.0	0.0	0.0	0.999999	0.0	0.0	0.0	1.0e-6	0.0	0.0	0.0	0.0	
262	871775	280.621995618	6045.344111111124	6875.4830000000065	58.2776	0.982987	871771	0	0	0	0	0	0	0	0	0.000493	0.0	0.0	0.0	1.0	0.0	0.0	0.0	0.0	259.799	0.0	0.0	0.0	0.0	0.0	0.0	0.0	0.0	0.000298	0.0	0.0	0.0	11.8464	0.0	0.0	0.0	0.0	28	0	0	0	0	0	0	0	0	108073	0	0	0	0	0	0	0	0	583416	0	0	0	0	0	0	0	0	31909	0	0	0	0	0	0	0	0	14966	0	0	0	0	0	0	0	0	133379	0	0	0	0	0	0	0	0	5554.22	0.0	0.0	0.0	0.007126	0.0	0.0	0.0	0.0	0.999999	0.0	0.0	0.0	1.0e-6	0.0	0.0	0.0	0.0	
263	875229	281.62217901	6045.344111111124	7051.927444444451	58.1656	0.982955	875225	0	0	0	0	0	0	0	0	0.000149	0.0	0.0	0.0	1.0	0.0	0.0	0.0	0.0	260.798	0.0	0.0	0.0	0.0	0.0	0.0	0.0	0.0	0.000298	0.0	0.0	0.0	11.8464	0.0	0.0	0.0	0.0	28	0	0	0	0	0	0	0	0	108483	0	0	0	0	0	0	0	0	585652	0	0	0	0	0	0	0	0	32071	0	0	0	0	0	0	0	0	15021	0	0	0	0	0	0	0	0	133970	0	0	0	0	0	0	0	0	1682.82	0.0	0.0	0.0	0.007126	0.0	0.0	0.0	0.0	0.999996	0.0	0.0	0.0	4.0e-6	0.0	0.0	0.0	0.0	
264	878683	282.622221287	6045.344111111124	7055.95522222223	58.0538	0.982922	878679	0	0	0	0	0	0	0	0	0.000237	0.0	0.0	0.0	1.0	0.0	0.0	0.0	0.0	261.796	0.0	0.0	0.0	0.0	0.0	0.0	0.0	0.0	0.000298	0.0	0.0	0.0	11.8464	0.0	0.0	0.0	0.0	28	0	0	0	0	0	0	0	0	108872	0	0	0	0	0	0	0	0	587909	0	0	0	0	0	0	0	0	32235	0	0	0	0	0	0	0	0	15092	0	0	0	0	0	0	0	0	134543	0	0	0	0	0	0	0	0	2667.32	0.0	0.0	0.0	0.007126	0.0	0.0	0.0	0.0	0.999997	0.0	0.0	0.0	3.0e-6	0.0	0.0	0.0	0.0	
265	881971	283.622421162	6045.344111111124	6856.955222222229	57.9421	0.982889	881967	0	0	0	0	0	0	0	0	0.000542	0.0	0.0	0.0	1.0	0.0	0.0	0.0	0.0	262.795	0.0	0.0	0.0	0.0	0.0	0.0	0.0	0.0	0.000298	0.0	0.0	0.0	11.8464	0.0	0.0	0.0	0.0	28	0	0	0	0	0	0	0	0	109226	0	0	0	0	0	0	0	0	590167	0	0	0	0	0	0	0	0	32396	0	0	0	0	0	0	0	0	15153	0	0	0	0	0	0	0	0	134997	0	0	0	0	0	0	0	0	6106.57	0.0	0.0	0.0	0.007126	0.0	0.0	0.0	0.0	0.999999	0.0	0.0	0.0	1.0e-6	0.0	0.0	0.0	0.0	
266	885309	284.622661027	6045.344111111124	7261.705222222232	57.8307	0.982857	885305	0	0	0	0	0	0	0	0	0.000472	0.0	0.0	0.0	1.0	0.0	0.0	0.0	0.0	263.794	0.0	0.0	0.0	0.0	0.0	0.0	0.0	0.0	0.000298	0.0	0.0	0.0	11.8464	0.0	0.0	0.0	0.0	28	0	0	0	0	0	0	0	0	109579	0	0	0	0	0	0	0	0	592468	0	0	0	0	0	0	0	0	32537	0	0	0	0	0	0	0	0	15242	0	0	0	0	0	0	0	0	135451	0	0	0	0	0	0	0	0	5316.03	0.0	0.0	0.0	0.007126	0.0	0.0	0.0	0.0	0.999999	0.0	0.0	0.0	1.0e-6	0.0	0.0	0.0	0.0	
267	888712	285.622774229	6045.344111111124	6954.205222222231	57.7195	0.982824	888708	0	0	0	0	0	0	0	0	0.000267	0.0	0.0	0.0	1.0	0.0	0.0	0.0	0.0	264.793	0.0	0.0	0.0	0.0	0.0	0.0	0.0	0.0	0.000298	0.0	0.0	0.0	11.8464	0.0	0.0	0.0	0.0	28	0	0	0	0	0	0	0	0	109964	0	0	0	0	0	0	0	0	594702	0	0	0	0	0	0	0	0	32685	0	0	0	0	0	0	0	0	15312	0	0	0	0	0	0	0	0	136017	0	0	0	0	0	0	0	0	3002.85	0.0	0.0	0.0	0.007126	0.0	0.0	0.0	0.0	0.999998	0.0	0.0	0.0	2.0e-6	0.0	0.0	0.0	0.0	
268	892110	286.62296791	6045.344111111124	6722.566333333341	57.6086	0.982791	892106	0	0	0	0	0	0	0	0	0.000889	0.0	0.0	0.0	1.0	0.0	0.0	0.0	0.0	265.792	0.0	0.0	0.0	0.0	0.0	0.0	0.0	0.0	0.000298	0.0	0.0	0.0	11.8464	0.0	0.0	0.0	0.0	28	0	0	0	0	0	0	0	0	110374	0	0	0	0	0	0	0	0	596980	0	0	0	0	0	0	0	0	32846	0	0	0	0	0	0	0	0	15355	0	0	0	0	0	0	0	0	136523	0	0	0	0	0	0	0	0	10009.6	0.0	0.0	0.0	0.007126	0.0	0.0	0.0	0.0	0.999999	0.0	0.0	0.0	1.0e-6	0.0	0.0	0.0	0.0	
269	895461	287.62298409	6045.344111111124	6214.677444444449	57.4978	0.982758	895457	0	0	0	0	0	0	0	0	0.000848	0.0	0.0	0.0	1.0	0.0	0.0	0.0	0.0	266.79	0.0	0.0	0.0	0.0	0.0	0.0	0.0	0.0	0.000298	0.0	0.0	0.0	11.8464	0.0	0.0	0.0	0.0	28	0	0	0	0	0	0	0	0	110791	0	0	0	0	0	0	0	0	599211	0	0	0	0	0	0	0	0	33001	0	0	0	0	0	0	0	0	15394	0	0	0	0	0	0	0	0	137032	0	0	0	0	0	0	0	0	9550.26	0.0	0.0	0.0	0.007126	0.0	0.0	0.0	0.0	0.999999	0.0	0.0	0.0	1.0e-6	0.0	0.0	0.0	0.0	
270	898882	288.623072873	6045.344111111124	6871.149666666672	57.3873	0.982725	898878	0	0	0	0	0	0	0	0	0.000416	0.0	0.0	0.0	1.0	0.0	0.0	0.0	0.0	267.789	0.0	0.0	0.0	0.0	0.0	0.0	0.0	0.0	0.000298	0.0	0.0	0.0	11.8464	0.0	0.0	0.0	0.0	28	0	0	0	0	0	0	0	0	111171	0	0	0	0	0	0	0	0	601538	0	0	0	0	0	0	0	0	33130	0	0	0	0	0	0	0	0	15460	0	0	0	0	0	0	0	0	137551	0	0	0	0	0	0	0	0	4692.57	0.0	0.0	0.0	0.007126	0.0	0.0	0.0	0.0	0.999998	0.0	0.0	0.0	2.0e-6	0.0	0.0	0.0	0.0	
271	902385	289.623213228	6045.344111111124	6789.31633333334	57.277	0.982693	902381	0	0	0	0	0	0	0	0	0.00043	0.0	0.0	0.0	1.0	0.0	0.0	0.0	0.0	268.788	0.0	0.0	0.0	0.0	0.0	0.0	0.0	0.0	0.000298	0.0	0.0	0.0	11.8464	0.0	0.0	0.0	0.0	28	0	0	0	0	0	0	0	0	111601	0	0	0	0	0	0	0	0	603836	0	0	0	0	0	0	0	0	33266	0	0	0	0	0	0	0	0	15511	0	0	0	0	0	0	0	0	138139	0	0	0	0	0	0	0	0	4843.41	0.0	0.0	0.0	0.007126	0.0	0.0	0.0	0.0	0.999999	0.0	0.0	0.0	1.0e-6	0.0	0.0	0.0	0.0	
272	905833	290.623322909	6045.344111111124	6762.455222222231	57.1669	0.982659	905829	0	0	0	0	0	0	0	0	0.000701	0.0	0.0	0.0	1.0	0.0	0.0	0.0	0.0	269.786	0.0	0.0	0.0	0.0	0.0	0.0	0.0	0.0	0.000298	0.0	0.0	0.0	11.8464	0.0	0.0	0.0	0.0	28	0	0	0	0	0	0	0	0	112007	0	0	0	0	0	0	0	0	606123	0	0	0	0	0	0	0	0	33441	0	0	0	0	0	0	0	0	15570	0	0	0	0	0	0	0	0	138660	0	0	0	0	0	0	0	0	7905.97	0.0	0.0	0.0	0.007126	0.0	0.0	0.0	0.0	0.999999	0.0	0.0	0.0	1.0e-6	0.0	0.0	0.0	0.0	
273	909244	291.623580835	6045.344111111124	6549.344111111121	57.0569	0.982626	909240	0	0	0	0	0	0	0	0	0.000677	0.0	0.0	0.0	1.0	0.0	0.0	0.0	0.0	270.785	0.0	0.0	0.0	0.0	0.0	0.0	0.0	0.0	0.000298	0.0	0.0	0.0	11.8464	0.0	0.0	0.0	0.0	28	0	0	0	0	0	0	0	0	112421	0	0	0	0	0	0	0	0	608390	0	0	0	0	0	0	0	0	33593	0	0	0	0	0	0	0	0	15638	0	0	0	0	0	0	0	0	139170	0	0	0	0	0	0	0	0	7637.49	0.0	0.0	0.0	0.007126	0.0	0.0	0.0	0.0	0.999999	0.0	0.0	0.0	1.0e-6	0.0	0.0	0.0	0.0	
274	912694	292.623694036	6045.344111111124	6365.899666666676	56.9472	0.982593	912690	0	0	0	0	0	0	0	0	0.000453	0.0	0.0	0.0	1.0	0.0	0.0	0.0	0.0	271.784	0.0	0.0	0.0	0.0	0.0	0.0	0.0	0.0	0.000298	0.0	0.0	0.0	11.8464	0.0	0.0	0.0	0.0	28	0	0	0	0	0	0	0	0	112809	0	0	0	0	0	0	0	0	610670	0	0	0	0	0	0	0	0	33769	0	0	0	0	0	0	0	0	15682	0	0	0	0	0	0	0	0	139732	0	0	0	0	0	0	0	0	5114.0	0.0	0.0	0.0	0.007126	0.0	0.0	0.0	0.0	0.999999	0.0	0.0	0.0	1.0e-6	0.0	0.0	0.0	0.0	
275	916115	293.62388049	6045.344111111124	6486.121888888896	56.8377	0.98256	916111	0	0	0	0	0	0	0	0	0.000563	0.0	0.0	0.0	1.0	0.0	0.0	0.0	0.0	272.783	0.0	0.0	0.0	0.0	0.0	0.0	0.0	0.0	0.000298	0.0	0.0	0.0	11.8464	0.0	0.0	0.0	0.0	28	0	0	0	0	0	0	0	0	113222	0	0	0	0	0	0	0	0	612948	0	0	0	0	0	0	0	0	33964	0	0	0	0	0	0	0	0	15726	0	0	0	0	0	0	0	0	140223	0	0	0	0	0	0	0	0	6345.22	0.0	0.0	0.0	0.007126	0.0	0.0	0.0	0.0	0.999999	0.0	0.0	0.0	1.0e-6	0.0	0.0	0.0	0.0	
276	919403	294.623913909	6045.344111111124	6553.260777777786	56.7285	0.982527	919399	0	0	0	0	0	0	0	0	0.000788	0.0	0.0	0.0	1.0	0.0	0.0	0.0	0.0	273.781	0.0	0.0	0.0	0.0	0.0	0.0	0.0	0.0	0.000298	0.0	0.0	0.0	11.8464	0.0	0.0	0.0	0.0	28	0	0	0	0	0	0	0	0	113648	0	0	0	0	0	0	0	0	615071	0	0	0	0	0	0	0	0	34139	0	0	0	0	0	0	0	0	15778	0	0	0	0	0	0	0	0	140735	0	0	0	0	0	0	0	0	8884.91	0.0	0.0	0.0	0.007126	0.0	0.0	0.0	0.0	0.999999	0.0	0.0	0.0	1.0e-6	0.0	0.0	0.0	0.0	
277	922621	295.624221505	6045.344111111124	7002.927444444452	56.6194	0.982493	922617	0	0	0	0	0	0	0	0	0.000228	0.0	0.0	0.0	1.0	0.0	0.0	0.0	0.0	274.78	0.0	0.0	0.0	0.0	0.0	0.0	0.0	0.0	0.000298	0.0	0.0	0.0	11.8464	0.0	0.0	0.0	0.0	28	0	0	0	0	0	0	0	0	114027	0	0	0	0	0	0	0	0	617230	0	0	0	0	0	0	0	0	34299	0	0	0	0	0	0	0	0	15818	0	0	0	0	0	0	0	0	141215	0	0	0	0	0	0	0	0	2571.2	0.0	0.0	0.0	0.007126	0.0	0.0	0.0	0.0	0.999997	0.0	0.0	0.0	3.0e-6	0.0	0.0	0.0	0.0	
278	925902	296.626918938	6045.344111111124	7119.955222222231	56.5111	0.98246	925898	0	0	0	0	0	0	0	0	0.000662	0.0	0.0	0.0	1.0	0.0	0.0	0.0	0.0	275.782	0.0	0.0	0.0	0.0	0.0	0.0	0.0	0.0	0.000298	0.0	0.0	0.0	11.8464	0.0	0.0	0.0	0.0	28	0	0	0	0	0	0	0	0	114460	0	0	0	0	0	0	0	0	619354	0	0	0	0	0	0	0	0	34439	0	0	0	0	0	0	0	0	15885	0	0	0	0	0	0	0	0	141732	0	0	0	0	0	0	0	0	7457.11	0.0	0.0	0.0	0.007126	0.0	0.0	0.0	0.0	0.999999	0.0	0.0	0.0	1.0e-6	0.0	0.0	0.0	0.0	
279	929185	297.627109352	6045.344111111124	6694.316333333342	56.4016	0.982426	929181	0	0	0	0	0	0	0	0	0.00038	0.0	0.0	0.0	1.0	0.0	0.0	0.0	0.0	276.78	0.0	0.0	0.0	0.0	0.0	0.0	0.0	0.0	0.000298	0.0	0.0	0.0	11.8464	0.0	0.0	0.0	0.0	28	0	0	0	0	0	0	0	0	114862	0	0	0	0	0	0	0	0	621531	0	0	0	0	0	0	0	0	34578	0	0	0	0	0	0	0	0	15966	0	0	0	0	0	0	0	0	142216	0	0	0	0	0	0	0	0	4277.05	0.0	0.0	0.0	0.007126	0.0	0.0	0.0	0.0	0.999998	0.0	0.0	0.0	2.0e-6	0.0	0.0	0.0	0.0	
280	932499	298.62748396	6045.344111111124	6590.871888888897	56.2932	0.982393	932495	0	0	0	0	0	0	0	0	0.00064	0.0	0.0	0.0	1.0	0.0	0.0	0.0	0.0	277.779	0.0	0.0	0.0	0.0	0.0	0.0	0.0	0.0	0.000298	0.0	0.0	0.0	11.8464	0.0	0.0	0.0	0.0	28	0	0	0	0	0	0	0	0	115269	0	0	0	0	0	0	0	0	623689	0	0	0	0	0	0	0	0	34740	0	0	0	0	0	0	0	0	16012	0	0	0	0	0	0	0	0	142757	0	0	0	0	0	0	0	0	7211.24	0.0	0.0	0.0	0.007126	0.0	0.0	0.0	0.0	0.999999	0.0	0.0	0.0	1.0e-6	0.0	0.0	0.0	0.0	
281	935910	299.627695085	6045.344111111124	6425.705222222231	56.1849	0.982359	935906	0	0	0	0	0	0	0	0	0.000647	0.0	0.0	0.0	1.0	0.0	0.0	0.0	0.0	278.778	0.0	0.0	0.0	0.0	0.0	0.0	0.0	0.0	0.000298	0.0	0.0	0.0	11.8464	0.0	0.0	0.0	0.0	28	0	0	0	0	0	0	0	0	115653	0	0	0	0	0	0	0	0	625818	0	0	0	0	0	0	0	0	34906	0	0	0	0	0	0	0	0	16089	0	0	0	0	0	0	0	0	143412	0	0	0	0	0	0	0	0	7295.1	0.0	0.0	0.0	0.007126	0.0	0.0	0.0	0.0	0.999999	0.0	0.0	0.0	1.0e-6	0.0	0.0	0.0	0.0	
282	939369	300.627791402	6045.344111111124	6586.260777777788	56.0769	0.982325	939365	0	0	0	0	0	0	0	0	0.00039	0.0	0.0	0.0	1.0	0.0	0.0	0.0	0.0	279.777	0.0	0.0	0.0	0.0	0.0	0.0	0.0	0.0	0.000298	0.0	0.0	0.0	11.8464	0.0	0.0	0.0	0.0	28	0	0	0	0	0	0	0	0	116051	0	0	0	0	0	0	0	0	628039	0	0	0	0	0	0	0	0	35081	0	0	0	0	0	0	0	0	16150	0	0	0	0	0	0	0	0	144016	0	0	0	0	0	0	0	0	4394.71	0.0	0.0	0.0	0.007126	0.0	0.0	0.0	0.0	0.999998	0.0	0.0	0.0	2.0e-6	0.0	0.0	0.0	0.0	
283	942687	301.627994949	6045.344111111124	6945.288555555566	55.9691	0.982292	942683	0	0	0	0	0	0	0	0	0.00068	0.0	0.0	0.0	1.0	0.0	0.0	0.0	0.0	280.776	0.0	0.0	0.0	0.0	0.0	0.0	0.0	0.0	0.000298	0.0	0.0	0.0	11.8464	0.0	0.0	0.0	0.0	28	0	0	0	0	0	0	0	0	116459	0	0	0	0	0	0	0	0	630262	0	0	0	0	0	0	0	0	35235	0	0	0	0	0	0	0	0	16209	0	0	0	0	0	0	0	0	144490	0	0	0	0	0	0	0	0	7668.0	0.0	0.0	0.0	0.007126	0.0	0.0	0.0	0.0	0.999999	0.0	0.0	0.0	1.0e-6	0.0	0.0	0.0	0.0	
284	946048	302.628187507	6045.344111111124	6796.510777777783	55.8615	0.982258	946044	0	0	0	0	0	0	0	0	0.000458	0.0	0.0	0.0	1.0	0.0	0.0	0.0	0.0	281.774	0.0	0.0	0.0	0.0	0.0	0.0	0.0	0.0	0.000298	0.0	0.0	0.0	11.8464	0.0	0.0	0.0	0.0	28	0	0	0	0	0	0	0	0	116849	0	0	0	0	0	0	0	0	632525	0	0	0	0	0	0	0	0	35394	0	0	0	0	0	0	0	0	16246	0	0	0	0	0	0	0	0	145002	0	0	0	0	0	0	0	0	5162.69	0.0	0.0	0.0	0.007126	0.0	0.0	0.0	0.0	0.999999	0.0	0.0	0.0	1.0e-6	0.0	0.0	0.0	0.0	
285	949473	303.628297438	6045.344111111124	6608.483000000007	55.7541	0.982224	949469	0	0	0	0	0	0	0	0	0.000307	0.0	0.0	0.0	1.0	0.0	0.0	0.0	0.0	282.773	0.0	0.0	0.0	0.0	0.0	0.0	0.0	0.0	0.000298	0.0	0.0	0.0	11.8464	0.0	0.0	0.0	0.0	28	0	0	0	0	0	0	0	0	117234	0	0	0	0	0	0	0	0	634730	0	0	0	0	0	0	0	0	35568	0	0	0	0	0	0	0	0	16316	0	0	0	0	0	0	0	0	145593	0	0	0	0	0	0	0	0	3455.82	0.0	0.0	0.0	0.007126	0.0	0.0	0.0	0.0	0.999998	0.0	0.0	0.0	2.0e-6	0.0	0.0	0.0	0.0	
286	952973	304.628406607	6045.344111111124	6616.399666666676	55.6469	0.98219	952969	0	0	0	0	0	0	0	0	0.000268	0.0	0.0	0.0	1.0	0.0	0.0	0.0	0.0	283.772	0.0	0.0	0.0	0.0	0.0	0.0	0.0	0.0	0.000298	0.0	0.0	0.0	11.8464	0.0	0.0	0.0	0.0	28	0	0	0	0	0	0	0	0	117608	0	0	0	0	0	0	0	0	637018	0	0	0	0	0	0	0	0	35732	0	0	0	0	0	0	0	0	16385	0	0	0	0	0	0	0	0	146198	0	0	0	0	0	0	0	0	3020.58	0.0	0.0	0.0	0.007126	0.0	0.0	0.0	0.0	0.999998	0.0	0.0	0.0	2.0e-6	0.0	0.0	0.0	0.0	
287	956417	305.628471169	6045.344111111124	6739.483000000009	55.5399	0.982156	956413	0	0	0	0	0	0	0	0	0.000864	0.0	0.0	0.0	1.0	0.0	0.0	0.0	0.0	284.771	0.0	0.0	0.0	0.0	0.0	0.0	0.0	0.0	0.000298	0.0	0.0	0.0	11.8464	0.0	0.0	0.0	0.0	28	0	0	0	0	0	0	0	0	118012	0	0	0	0	0	0	0	0	639302	0	0	0	0	0	0	0	0	35875	0	0	0	0	0	0	0	0	16462	0	0	0	0	0	0	0	0	146734	0	0	0	0	0	0	0	0	9741.47	0.0	0.0	0.0	0.007126	0.0	0.0	0.0	0.0	0.999999	0.0	0.0	0.0	1.0e-6	0.0	0.0	0.0	0.0	
288	959905	306.628598693	6045.344111111124	7096.1774444444545	55.4332	0.982122	959901	0	0	0	0	0	0	0	0	0.000496	0.0	0.0	0.0	1.0	0.0	0.0	0.0	0.0	285.769	0.0	0.0	0.0	0.0	0.0	0.0	0.0	0.0	0.000298	0.0	0.0	0.0	11.8464	0.0	0.0	0.0	0.0	28	0	0	0	0	0	0	0	0	118402	0	0	0	0	0	0	0	0	641544	0	0	0	0	0	0	0	0	36031	0	0	0	0	0	0	0	0	16524	0	0	0	0	0	0	0	0	147372	0	0	0	0	0	0	0	0	5596.81	0.0	0.0	0.0	0.007126	0.0	0.0	0.0	0.0	0.999999	0.0	0.0	0.0	1.0e-6	0.0	0.0	0.0	0.0	
289	963239	307.628781909	6045.344111111124	6496.233000000008	55.3266	0.982088	963235	0	0	0	0	0	0	0	0	0.000669	0.0	0.0	0.0	1.0	0.0	0.0	0.0	0.0	286.768	0.0	0.0	0.0	0.0	0.0	0.0	0.0	0.0	0.000298	0.0	0.0	0.0	11.8464	0.0	0.0	0.0	0.0	28	0	0	0	0	0	0	0	0	118781	0	0	0	0	0	0	0	0	643711	0	0	0	0	0	0	0	0	36211	0	0	0	0	0	0	0	0	16570	0	0	0	0	0	0	0	0	147934	0	0	0	0	0	0	0	0	7553.47	0.0	0.0	0.0	0.007126	0.0	0.0	0.0	0.0	0.999999	0.0	0.0	0.0	1.0e-6	0.0	0.0	0.0	0.0	
290	966565	308.629123361	6045.344111111124	6869.677444444454	55.2202	0.982054	966561	0	0	0	0	0	0	0	0	0.000379	0.0	0.0	0.0	1.0	0.0	0.0	0.0	0.0	287.767	0.0	0.0	0.0	0.0	0.0	0.0	0.0	0.0	0.000298	0.0	0.0	0.0	11.8464	0.0	0.0	0.0	0.0	28	0	0	0	0	0	0	0	0	119175	0	0	0	0	0	0	0	0	645886	0	0	0	0	0	0	0	0	36363	0	0	0	0	0	0	0	0	16631	0	0	0	0	0	0	0	0	148478	0	0	0	0	0	0	0	0	4272.72	0.0	0.0	0.0	0.007126	0.0	0.0	0.0	0.0	0.999998	0.0	0.0	0.0	2.0e-6	0.0	0.0	0.0	0.0	
291	969927	309.629271592	6045.344111111124	6855.816333333341	55.114	0.982019	969923	0	0	0	0	0	0	0	0	0.000355	0.0	0.0	0.0	1.0	0.0	0.0	0.0	0.0	288.766	0.0	0.0	0.0	0.0	0.0	0.0	0.0	0.0	0.000298	0.0	0.0	0.0	11.8464	0.0	0.0	0.0	0.0	28	0	0	0	0	0	0	0	0	119576	0	0	0	0	0	0	0	0	648094	0	0	0	0	0	0	0	0	36528	0	0	0	0	0	0	0	0	16680	0	0	0	0	0	0	0	0	149017	0	0	0	0	0	0	0	0	4004.41	0.0	0.0	0.0	0.007126	0.0	0.0	0.0	0.0	0.999998	0.0	0.0	0.0	2.0e-6	0.0	0.0	0.0	0.0	
292	973266	310.629422513	6045.344111111124	6465.260777777785	55.0081	0.981985	973262	0	0	0	0	0	0	0	0	0.000478	0.0	0.0	0.0	1.0	0.0	0.0	0.0	0.0	289.764	0.0	0.0	0.0	0.0	0.0	0.0	0.0	0.0	0.000298	0.0	0.0	0.0	11.8464	0.0	0.0	0.0	0.0	28	0	0	0	0	0	0	0	0	119954	0	0	0	0	0	0	0	0	650316	0	0	0	0	0	0	0	0	36696	0	0	0	0	0	0	0	0	16724	0	0	0	0	0	0	0	0	149544	0	0	0	0	0	0	0	0	5388.73	0.0	0.0	0.0	0.007126	0.0	0.0	0.0	0.0	0.999999	0.0	0.0	0.0	1.0e-6	0.0	0.0	0.0	0.0	
293	976619	311.637665807	6045.344111111124	6472.288555555565	54.9025	0.981951	976615	0	0	0	0	0	0	0	0	0.000475	0.0	0.0	0.0	1.0	0.0	0.0	0.0	0.0	290.771	0.0	0.0	0.0	0.0	0.0	0.0	0.0	0.0	0.000298	0.0	0.0	0.0	11.8464	0.0	0.0	0.0	0.0	28	0	0	0	0	0	0	0	0	120347	0	0	0	0	0	0	0	0	652537	0	0	0	0	0	0	0	0	36865	0	0	0	0	0	0	0	0	16788	0	0	0	0	0	0	0	0	150050	0	0	0	0	0	0	0	0	5354.14	0.0	0.0	0.0	0.007126	0.0	0.0	0.0	0.0	0.999999	0.0	0.0	0.0	1.0e-6	0.0	0.0	0.0	0.0	
294	979984	312.638015351	6045.344111111124	6609.649666666674	54.7959	0.981916	979980	0	0	0	0	0	0	0	0	0.000629	0.0	0.0	0.0	1.0	0.0	0.0	0.0	0.0	291.77	0.0	0.0	0.0	0.0	0.0	0.0	0.0	0.0	0.000298	0.0	0.0	0.0	11.8464	0.0	0.0	0.0	0.0	28	0	0	0	0	0	0	0	0	120752	0	0	0	0	0	0	0	0	654780	0	0	0	0	0	0	0	0	37024	0	0	0	0	0	0	0	0	16844	0	0	0	0	0	0	0	0	150552	0	0	0	0	0	0	0	0	7098.66	0.0	0.0	0.0	0.007126	0.0	0.0	0.0	0.0	0.999999	0.0	0.0	0.0	1.0e-6	0.0	0.0	0.0	0.0	
295	983315	313.638262046	6045.344111111124	6916.955222222231	54.6913	0.981882	983311	0	0	0	0	0	0	0	0	0.000764	0.0	0.0	0.0	1.0	0.0	0.0	0.0	0.0	292.769	0.0	0.0	0.0	0.0	0.0	0.0	0.0	0.0	0.000298	0.0	0.0	0.0	11.8464	0.0	0.0	0.0	0.0	28	0	0	0	0	0	0	0	0	121113	0	0	0	0	0	0	0	0	657021	0	0	0	0	0	0	0	0	37165	0	0	0	0	0	0	0	0	16880	0	0	0	0	0	0	0	0	151104	0	0	0	0	0	0	0	0	8612.77	0.0	0.0	0.0	0.007126	0.0	0.0	0.0	0.0	0.999999	0.0	0.0	0.0	1.0e-6	0.0	0.0	0.0	0.0	
296	986684	314.638407251	6045.344111111124	6849.427444444453	54.5854	0.981847	986680	0	0	0	0	0	0	0	0	0.000672	0.0	0.0	0.0	1.0	0.0	0.0	0.0	0.0	293.768	0.0	0.0	0.0	0.0	0.0	0.0	0.0	0.0	0.000298	0.0	0.0	0.0	11.8464	0.0	0.0	0.0	0.0	28	0	0	0	0	0	0	0	0	121521	0	0	0	0	0	0	0	0	659219	0	0	0	0	0	0	0	0	37318	0	0	0	0	0	0	0	0	16936	0	0	0	0	0	0	0	0	151658	0	0	0	0	0	0	0	0	7584.78	0.0	0.0	0.0	0.007126	0.0	0.0	0.0	0.0	0.999999	0.0	0.0	0.0	1.0e-6	0.0	0.0	0.0	0.0	
297	989992	315.638496638	6045.344111111124	6945.066333333342	54.4815	0.981813	989988	0	0	0	0	0	0	0	0	0.001179	0.0	0.0	0.0	1.0	0.0	0.0	0.0	0.0	294.767	0.0	0.0	0.0	0.0	0.0	0.0	0.0	0.0	0.000298	0.0	0.0	0.0	11.8464	0.0	0.0	0.0	0.0	28	0	0	0	0	0	0	0	0	121912	0	0	0	0	0	0	0	0	661392	0	0	0	0	0	0	0	0	37489	0	0	0	0	0	0	0	0	16998	0	0	0	0	0	0	0	0	152169	0	0	0	0	0	0	0	0	13293.9	0.0	0.0	0.0	0.007126	0.0	0.0	0.0	0.0	0.999999	0.0	0.0	0.0	1.0e-6	0.0	0.0	0.0	0.0	
298	993367	316.638799307	6045.344111111124	6896.066333333343	54.3757	0.981778	993363	0	0	0	0	0	0	0	0	0.00063	0.0	0.0	0.0	1.0	0.0	0.0	0.0	0.0	295.765	0.0	0.0	0.0	0.0	0.0	0.0	0.0	0.0	0.000298	0.0	0.0	0.0	11.8464	0.0	0.0	0.0	0.0	28	0	0	0	0	0	0	0	0	122285	0	0	0	0	0	0	0	0	663568	0	0	0	0	0	0	0	0	37664	0	0	0	0	0	0	0	0	17064	0	0	0	0	0	0	0	0	152754	0	0	0	0	0	0	0	0	7108.98	0.0	0.0	0.0	0.007126	0.0	0.0	0.0	0.0	0.999999	0.0	0.0	0.0	1.0e-6	0.0	0.0	0.0	0.0	
299	996663	317.63887036	6045.344111111124	7035.3441111111215	54.2711	0.981743	996659	0	0	0	0	0	0	0	0	0.000397	0.0	0.0	0.0	1.0	0.0	0.0	0.0	0.0	296.764	0.0	0.0	0.0	0.0	0.0	0.0	0.0	0.0	0.000298	0.0	0.0	0.0	11.8464	0.0	0.0	0.0	0.0	28	0	0	0	0	0	0	0	0	122674	0	0	0	0	0	0	0	0	665738	0	0	0	0	0	0	0	0	37824	0	0	0	0	0	0	0	0	17131	0	0	0	0	0	0	0	0	153264	0	0	0	0	0	0	0	0	4476.25	0.0	0.0	0.0	0.007126	0.0	0.0	0.0	0.0	0.999998	0.0	0.0	0.0	2.0e-6	0.0	0.0	0.0	0.0	
300	1000032	318.638962408	6045.344111111124	6787.0107777777885	54.1668	0.981708	1000028	0	0	0	0	0	0	0	0	0.000628	0.0	0.0	0.0	1.0	0.0	0.0	0.0	0.0	297.763	0.0	0.0	0.0	0.0	0.0	0.0	0.0	0.0	0.000298	0.0	0.0	0.0	11.8464	0.0	0.0	0.0	0.0	28	0	0	0	0	0	0	0	0	123091	0	0	0	0	0	0	0	0	667884	0	0	0	0	0	0	0	0	37981	0	0	0	0	0	0	0	0	17205	0	0	0	0	0	0	0	0	153839	0	0	0	0	0	0	0	0	7085.51	0.0	0.0	0.0	0.007126	0.0	0.0	0.0	0.0	0.999999	0.0	0.0	0.0	1.0e-6	0.0	0.0	0.0	0.0	
301	1003379	319.648536192	6045.344111111124	6427.149666666677	54.0628	0.981673	1003375	0	0	0	0	0	0	0	0	0.000746	0.0	0.0	0.0	1.0	0.0	0.0	0.0	0.0	298.771	0.0	0.0	0.0	0.0	0.0	0.0	0.0	0.0	0.000298	0.0	0.0	0.0	11.8464	0.0	0.0	0.0	0.0	28	0	0	0	0	0	0	0	0	123482	0	0	0	0	0	0	0	0	670122	0	0	0	0	0	0	0	0	38133	0	0	0	0	0	0	0	0	17273	0	0	0	0	0	0	0	0	154337	0	0	0	0	0	0	0	0	8409.82	0.0	0.0	0.0	0.007126	0.0	0.0	0.0	0.0	0.999999	0.0	0.0	0.0	1.0e-6	0.0	0.0	0.0	0.0	
302	1006714	320.648735165	6045.344111111124	6300.455222222235	53.9578	0.981638	1006710	0	0	0	0	0	0	0	0	0.000357	0.0	0.0	0.0	1.0	0.0	0.0	0.0	0.0	299.77	0.0	0.0	0.0	0.0	0.0	0.0	0.0	0.0	0.000298	0.0	0.0	0.0	11.8464	0.0	0.0	0.0	0.0	28	0	0	0	0	0	0	0	0	123844	0	0	0	0	0	0	0	0	672366	0	0	0	0	0	0	0	0	38282	0	0	0	0	0	0	0	0	17337	0	0	0	0	0	0	0	0	154853	0	0	0	0	0	0	0	0	4027.03	0.0	0.0	0.0	0.007126	0.0	0.0	0.0	0.0	0.999998	0.0	0.0	0.0	2.0e-6	0.0	0.0	0.0	0.0	
303	1010058	321.651842062	6045.344111111124	6439.2607777777885	53.8545	0.981603	1010054	0	0	0	0	0	0	0	0	0.000887	0.0	0.0	0.0	1.0	0.0	0.0	0.0	0.0	300.772	0.0	0.0	0.0	0.0	0.0	0.0	0.0	0.0	0.000298	0.0	0.0	0.0	11.8464	0.0	0.0	0.0	0.0	28	0	0	0	0	0	0	0	0	124224	0	0	0	0	0	0	0	0	674502	0	0	0	0	0	0	0	0	38455	0	0	0	0	0	0	0	0	17407	0	0	0	0	0	0	0	0	155438	0	0	0	0	0	0	0	0	10001.4	0.0	0.0	0.0	0.007126	0.0	0.0	0.0	0.0	0.999999	0.0	0.0	0.0	1.0e-6	0.0	0.0	0.0	0.0	
304	1013504	322.651903625	6045.344111111124	6544.121888888899	53.7502	0.981567	1013500	0	0	0	0	0	0	0	0	0.000664	0.0	0.0	0.0	1.0	0.0	0.0	0.0	0.0	301.77	0.0	0.0	0.0	0.0	0.0	0.0	0.0	0.0	0.000298	0.0	0.0	0.0	11.8464	0.0	0.0	0.0	0.0	28	0	0	0	0	0	0	0	0	124622	0	0	0	0	0	0	0	0	676739	0	0	0	0	0	0	0	0	38647	0	0	0	0	0	0	0	0	17450	0	0	0	0	0	0	0	0	156014	0	0	0	0	0	0	0	0	7484.82	0.0	0.0	0.0	0.007126	0.0	0.0	0.0	0.0	0.999999	0.0	0.0	0.0	1.0e-6	0.0	0.0	0.0	0.0	
305	1016927	323.651965081	6045.344111111124	6528.705222222233	53.6468	0.981532	1016923	0	0	0	0	0	0	0	0	0.000284	0.0	0.0	0.0	1.0	0.0	0.0	0.0	0.0	302.769	0.0	0.0	0.0	0.0	0.0	0.0	0.0	0.0	0.000298	0.0	0.0	0.0	11.8464	0.0	0.0	0.0	0.0	28	0	0	0	0	0	0	0	0	125042	0	0	0	0	0	0	0	0	679060	0	0	0	0	0	0	0	0	38800	0	0	0	0	0	0	0	0	17497	0	0	0	0	0	0	0	0	156496	0	0	0	0	0	0	0	0	3205.16	0.0	0.0	0.0	0.007126	0.0	0.0	0.0	0.0	0.999998	0.0	0.0	0.0	2.0e-6	0.0	0.0	0.0	0.0	
306	1020332	324.651979527	6045.344111111124	6662.066333333343	53.5437	0.981497	1020328	0	0	0	0	0	0	0	0	0.000895	0.0	0.0	0.0	1.0	0.0	0.0	0.0	0.0	303.767	0.0	0.0	0.0	0.0	0.0	0.0	0.0	0.0	0.000298	0.0	0.0	0.0	11.8464	0.0	0.0	0.0	0.0	28	0	0	0	0	0	0	0	0	125484	0	0	0	0	0	0	0	0	681379	0	0	0	0	0	0	0	0	38941	0	0	0	0	0	0	0	0	17549	0	0	0	0	0	0	0	0	156947	0	0	0	0	0	0	0	0	10094.3	0.0	0.0	0.0	0.007126	0.0	0.0	0.0	0.0	0.999999	0.0	0.0	0.0	1.0e-6	0.0	0.0	0.0	0.0	
307	1023746	325.651995773	6045.344111111124	6968.733000000009	53.4408	0.981462	1023742	0	0	0	0	0	0	0	0	0.000517	0.0	0.0	0.0	1.0	0.0	0.0	0.0	0.0	304.766	0.0	0.0	0.0	0.0	0.0	0.0	0.0	0.0	0.000298	0.0	0.0	0.0	11.8464	0.0	0.0	0.0	0.0	28	0	0	0	0	0	0	0	0	125931	0	0	0	0	0	0	0	0	683670	0	0	0	0	0	0	0	0	39098	0	0	0	0	0	0	0	0	17594	0	0	0	0	0	0	0	0	157421	0	0	0	0	0	0	0	0	5836.98	0.0	0.0	0.0	0.007126	0.0	0.0	0.0	0.0	0.999999	0.0	0.0	0.0	1.0e-6	0.0	0.0	0.0	0.0	
308	1027141	326.652284409	6045.344111111124	6877.538555555562	53.338	0.981426	1027137	0	0	0	0	0	0	0	0	0.000949	0.0	0.0	0.0	1.0	0.0	0.0	0.0	0.0	305.765	0.0	0.0	0.0	0.0	0.0	0.0	0.0	0.0	0.000298	0.0	0.0	0.0	11.8464	0.0	0.0	0.0	0.0	28	0	0	0	0	0	0	0	0	126370	0	0	0	0	0	0	0	0	686023	0	0	0	0	0	0	0	0	39247	0	0	0	0	0	0	0	0	17628	0	0	0	0	0	0	0	0	157841	0	0	0	0	0	0	0	0	10706.1	0.0	0.0	0.0	0.007126	0.0	0.0	0.0	0.0	0.999999	0.0	0.0	0.0	1.0e-6	0.0	0.0	0.0	0.0	
309	1030574	327.652434527	6045.344111111124	7183.09411111112	53.2355	0.981391	1030570	0	0	0	0	0	0	0	0	0.000454	0.0	0.0	0.0	1.0	0.0	0.0	0.0	0.0	306.764	0.0	0.0	0.0	0.0	0.0	0.0	0.0	0.0	0.000298	0.0	0.0	0.0	11.8464	0.0	0.0	0.0	0.0	28	0	0	0	0	0	0	0	0	126791	0	0	0	0	0	0	0	0	688346	0	0	0	0	0	0	0	0	39369	0	0	0	0	0	0	0	0	17677	0	0	0	0	0	0	0	0	158359	0	0	0	0	0	0	0	0	5120.69	0.0	0.0	0.0	0.007126	0.0	0.0	0.0	0.0	0.999999	0.0	0.0	0.0	1.0e-6	0.0	0.0	0.0	0.0	
310	1033955	328.652630904	6045.344111111124	6595.31633333334	53.1331	0.981355	1033951	0	0	0	0	0	0	0	0	0.000362	0.0	0.0	0.0	1.0	0.0	0.0	0.0	0.0	307.763	0.0	0.0	0.0	0.0	0.0	0.0	0.0	0.0	0.000298	0.0	0.0	0.0	11.8464	0.0	0.0	0.0	0.0	28	0	0	0	0	0	0	0	0	127172	0	0	0	0	0	0	0	0	690713	0	0	0	0	0	0	0	0	39531	0	0	0	0	0	0	0	0	17746	0	0	0	0	0	0	0	0	158761	0	0	0	0	0	0	0	0	4089.88	0.0	0.0	0.0	0.007126	0.0	0.0	0.0	0.0	0.999998	0.0	0.0	0.0	2.0e-6	0.0	0.0	0.0	0.0	
311	1037271	329.662226844	6045.344111111124	6956.955222222232	53.0311	0.98132	1037267	0	0	0	0	0	0	0	0	0.000667	0.0	0.0	0.0	1.0	0.0	0.0	0.0	0.0	308.771	0.0	0.0	0.0	0.0	0.0	0.0	0.0	0.0	0.000298	0.0	0.0	0.0	11.8464	0.0	0.0	0.0	0.0	28	0	0	0	0	0	0	0	0	127619	0	0	0	0	0	0	0	0	692941	0	0	0	0	0	0	0	0	39690	0	0	0	0	0	0	0	0	17783	0	0	0	0	0	0	0	0	159206	0	0	0	0	0	0	0	0	7522.64	0.0	0.0	0.0	0.007126	0.0	0.0	0.0	0.0	0.999999	0.0	0.0	0.0	1.0e-6	0.0	0.0	0.0	0.0	
312	1040587	330.662308891	6045.344111111124	6374.844111111118	52.9281	0.981284	1040583	0	0	0	0	0	0	0	0	0.00087	0.0	0.0	0.0	1.0	0.0	0.0	0.0	0.0	309.769	0.0	0.0	0.0	0.0	0.0	0.0	0.0	0.0	0.000298	0.0	0.0	0.0	11.8464	0.0	0.0	0.0	0.0	28	0	0	0	0	0	0	0	0	128014	0	0	0	0	0	0	0	0	695080	0	0	0	0	0	0	0	0	39861	0	0	0	0	0	0	0	0	17848	0	0	0	0	0	0	0	0	159752	0	0	0	0	0	0	0	0	9818.16	0.0	0.0	0.0	0.007126	0.0	0.0	0.0	0.0	0.999999	0.0	0.0	0.0	1.0e-6	0.0	0.0	0.0	0.0	
313	1043865	331.662369369	6045.344111111124	6534.510777777785	52.8263	0.981248	1043861	0	0	0	0	0	0	0	0	0.000761	0.0	0.0	0.0	1.0	0.0	0.0	0.0	0.0	310.768	0.0	0.0	0.0	0.0	0.0	0.0	0.0	0.0	0.000298	0.0	0.0	0.0	11.8464	0.0	0.0	0.0	0.0	28	0	0	0	0	0	0	0	0	128392	0	0	0	0	0	0	0	0	697269	0	0	0	0	0	0	0	0	40045	0	0	0	0	0	0	0	0	17892	0	0	0	0	0	0	0	0	160235	0	0	0	0	0	0	0	0	8581.46	0.0	0.0	0.0	0.007126	0.0	0.0	0.0	0.0	0.999999	0.0	0.0	0.0	1.0e-6	0.0	0.0	0.0	0.0	
314	1047149	332.662441206	6045.344111111124	6886.038555555562	52.7248	0.981212	1047145	0	0	0	0	0	0	0	0	0.000509	0.0	0.0	0.0	1.0	0.0	0.0	0.0	0.0	311.767	0.0	0.0	0.0	0.0	0.0	0.0	0.0	0.0	0.000298	0.0	0.0	0.0	11.8464	0.0	0.0	0.0	0.0	28	0	0	0	0	0	0	0	0	128773	0	0	0	0	0	0	0	0	699464	0	0	0	0	0	0	0	0	40220	0	0	0	0	0	0	0	0	17925	0	0	0	0	0	0	0	0	160735	0	0	0	0	0	0	0	0	5743.98	0.0	0.0	0.0	0.007126	0.0	0.0	0.0	0.0	0.999999	0.0	0.0	0.0	1.0e-6	0.0	0.0	0.0	0.0	
315	1050357	333.665058384	6045.344111111124	6280.399666666676	52.6239	0.981177	1050353	0	0	0	0	0	0	0	0	0.000663	0.0	0.0	0.0	1.0	0.0	0.0	0.0	0.0	312.768	0.0	0.0	0.0	0.0	0.0	0.0	0.0	0.0	0.000298	0.0	0.0	0.0	11.8464	0.0	0.0	0.0	0.0	28	0	0	0	0	0	0	0	0	129205	0	0	0	0	0	0	0	0	701575	0	0	0	0	0	0	0	0	40411	0	0	0	0	0	0	0	0	17959	0	0	0	0	0	0	0	0	161175	0	0	0	0	0	0	0	0	7482.49	0.0	0.0	0.0	0.007126	0.0	0.0	0.0	0.0	0.999999	0.0	0.0	0.0	1.0e-6	0.0	0.0	0.0	0.0	
316	1053627	334.66524023	6045.344111111124	6672.9830000000065	52.522	0.98114	1053623	0	0	0	0	0	0	0	0	0.000658	0.0	0.0	0.0	1.0	0.0	0.0	0.0	0.0	313.767	0.0	0.0	0.0	0.0	0.0	0.0	0.0	0.0	0.000298	0.0	0.0	0.0	11.8464	0.0	0.0	0.0	0.0	28	0	0	0	0	0	0	0	0	129580	0	0	0	0	0	0	0	0	703759	0	0	0	0	0	0	0	0	40588	0	0	0	0	0	0	0	0	17994	0	0	0	0	0	0	0	0	161674	0	0	0	0	0	0	0	0	7414.86	0.0	0.0	0.0	0.007126	0.0	0.0	0.0	0.0	0.999999	0.0	0.0	0.0	1.0e-6	0.0	0.0	0.0	0.0	
317	1056992	335.665253487	6045.344111111124	6708.371888888897	52.421	0.981104	1056988	0	0	0	0	0	0	0	0	0.000684	0.0	0.0	0.0	1.0	0.0	0.0	0.0	0.0	314.765	0.0	0.0	0.0	0.0	0.0	0.0	0.0	0.0	0.000298	0.0	0.0	0.0	11.8464	0.0	0.0	0.0	0.0	28	0	0	0	0	0	0	0	0	129992	0	0	0	0	0	0	0	0	706009	0	0	0	0	0	0	0	0	40748	0	0	0	0	0	0	0	0	18050	0	0	0	0	0	0	0	0	162161	0	0	0	0	0	0	0	0	7718.2	0.0	0.0	0.0	0.007126	0.0	0.0	0.0	0.0	0.999999	0.0	0.0	0.0	1.0e-6	0.0	0.0	0.0	0.0	
318	1060444	336.665278886	6045.344111111124	6841.5663333333405	52.3203	0.981068	1060440	0	0	0	0	0	0	0	0	0.000961	0.0	0.0	0.0	1.0	0.0	0.0	0.0	0.0	315.764	0.0	0.0	0.0	0.0	0.0	0.0	0.0	0.0	0.000298	0.0	0.0	0.0	11.8464	0.0	0.0	0.0	0.0	28	0	0	0	0	0	0	0	0	130396	0	0	0	0	0	0	0	0	708291	0	0	0	0	0	0	0	0	40916	0	0	0	0	0	0	0	0	18103	0	0	0	0	0	0	0	0	162706	0	0	0	0	0	0	0	0	10838.3	0.0	0.0	0.0	0.007126	0.0	0.0	0.0	0.0	0.999999	0.0	0.0	0.0	1.0e-6	0.0	0.0	0.0	0.0	
319	1063880	337.665334846	6045.344111111124	6491.510777777787	52.2197	0.981032	1063876	0	0	0	0	0	0	0	0	0.000654	0.0	0.0	0.0	1.0	0.0	0.0	0.0	0.0	316.763	0.0	0.0	0.0	0.0	0.0	0.0	0.0	0.0	0.000298	0.0	0.0	0.0	11.8464	0.0	0.0	0.0	0.0	28	0	0	0	0	0	0	0	0	130780	0	0	0	0	0	0	0	0	710590	0	0	0	0	0	0	0	0	41068	0	0	0	0	0	0	0	0	18187	0	0	0	0	0	0	0	0	163223	0	0	0	0	0	0	0	0	7380.89	0.0	0.0	0.0	0.007126	0.0	0.0	0.0	0.0	0.999999	0.0	0.0	0.0	1.0e-6	0.0	0.0	0.0	0.0	
320	1067388	338.673714735	6045.344111111124	6714.177444444451	52.1195	0.980996	1067384	0	0	0	0	0	0	0	0	0.000467	0.0	0.0	0.0	1.0	0.0	0.0	0.0	0.0	317.77	0.0	0.0	0.0	0.0	0.0	0.0	0.0	0.0	0.000298	0.0	0.0	0.0	11.8464	0.0	0.0	0.0	0.0	28	0	0	0	0	0	0	0	0	131233	0	0	0	0	0	0	0	0	712860	0	0	0	0	0	0	0	0	41243	0	0	0	0	0	0	0	0	18267	0	0	0	0	0	0	0	0	163753	0	0	0	0	0	0	0	0	5265.38	0.0	0.0	0.0	0.007126	0.0	0.0	0.0	0.0	0.999999	0.0	0.0	0.0	1.0e-6	0.0	0.0	0.0	0.0	
321	1070943	339.673858539	6045.344111111124	6754.649666666674	52.0182	0.98096	1070939	0	0	0	0	0	0	0	0	0.000357	0.0	0.0	0.0	1.0	0.0	0.0	0.0	0.0	318.768	0.0	0.0	0.0	0.0	0.0	0.0	0.0	0.0	0.000298	0.0	0.0	0.0	11.8464	0.0	0.0	0.0	0.0	28	0	0	0	0	0	0	0	0	131634	0	0	0	0	0	0	0	0	715217	0	0	0	0	0	0	0	0	41432	0	0	0	0	0	0	0	0	18306	0	0	0	0	0	0	0	0	164322	0	0	0	0	0	0	0	0	4025.6	0.0	0.0	0.0	0.007126	0.0	0.0	0.0	0.0	0.999998	0.0	0.0	0.0	2.0e-6	0.0	0.0	0.0	0.0	
322	1074509	340.673951516	6045.344111111124	7025.760777777785	51.9182	0.980923	1074505	0	0	0	0	0	0	0	0	0.000432	0.0	0.0	0.0	1.0	0.0	0.0	0.0	0.0	319.767	0.0	0.0	0.0	0.0	0.0	0.0	0.0	0.0	0.000298	0.0	0.0	0.0	11.8464	0.0	0.0	0.0	0.0	28	0	0	0	0	0	0	0	0	132039	0	0	0	0	0	0	0	0	717618	0	0	0	0	0	0	0	0	41589	0	0	0	0	0	0	0	0	18360	0	0	0	0	0	0	0	0	164871	0	0	0	0	0	0	0	0	4881.68	0.0	0.0	0.0	0.007126	0.0	0.0	0.0	0.0	0.999999	0.0	0.0	0.0	1.0e-6	0.0	0.0	0.0	0.0	
323	1078036	341.67413175	6045.344111111124	6771.733000000008	51.8184	0.980887	1078032	0	0	0	0	0	0	0	0	0.000487	0.0	0.0	0.0	1.0	0.0	0.0	0.0	0.0	320.766	0.0	0.0	0.0	0.0	0.0	0.0	0.0	0.0	0.000298	0.0	0.0	0.0	11.8464	0.0	0.0	0.0	0.0	28	0	0	0	0	0	0	0	0	132453	0	0	0	0	0	0	0	0	719992	0	0	0	0	0	0	0	0	41751	0	0	0	0	0	0	0	0	18424	0	0	0	0	0	0	0	0	165384	0	0	0	0	0	0	0	0	5503.51	0.0	0.0	0.0	0.007126	0.0	0.0	0.0	0.0	0.999999	0.0	0.0	0.0	1.0e-6	0.0	0.0	0.0	0.0	
324	1081559	342.67434999	6045.344111111124	6269.288555555562	51.7188	0.98085	1081555	0	0	0	0	0	0	0	0	0.000782	0.0	0.0	0.0	1.0	0.0	0.0	0.0	0.0	321.765	0.0	0.0	0.0	0.0	0.0	0.0	0.0	0.0	0.000298	0.0	0.0	0.0	11.8464	0.0	0.0	0.0	0.0	28	0	0	0	0	0	0	0	0	132873	0	0	0	0	0	0	0	0	722356	0	0	0	0	0	0	0	0	41915	0	0	0	0	0	0	0	0	18494	0	0	0	0	0	0	0	0	165889	0	0	0	0	0	0	0	0	8832.94	0.0	0.0	0.0	0.007126	0.0	0.0	0.0	0.0	0.999999	0.0	0.0	0.0	1.0e-6	0.0	0.0	0.0	0.0	
325	1085066	343.675378265	6045.344111111124	6815.899666666674	51.6202	0.980814	1085062	0	0	0	0	0	0	0	0	0.000722	0.0	0.0	0.0	1.0	0.0	0.0	0.0	0.0	322.764	0.0	0.0	0.0	0.0	0.0	0.0	0.0	0.0	0.000297	0.0	0.0	0.0	11.8464	0.0	0.0	0.0	0.0	28	0	0	0	0	0	0	0	0	133272	0	0	0	0	0	0	0	0	724708	0	0	0	0	0	0	0	0	42103	0	0	0	0	0	0	0	0	18547	0	0	0	0	0	0	0	0	166404	0	0	0	0	0	0	0	0	8161.63	0.0	0.0	0.0	0.007126	0.0	0.0	0.0	0.0	0.999999	0.0	0.0	0.0	1.0e-6	0.0	0.0	0.0	0.0	
326	1088648	344.675489541	6045.344111111124	6931.31633333334	51.52	0.980777	1088644	0	0	0	0	0	0	0	0	0.000535	0.0	0.0	0.0	1.0	0.0	0.0	0.0	0.0	323.763	0.0	0.0	0.0	0.0	0.0	0.0	0.0	0.0	0.000297	0.0	0.0	0.0	11.8464	0.0	0.0	0.0	0.0	28	0	0	0	0	0	0	0	0	133721	0	0	0	0	0	0	0	0	727047	0	0	0	0	0	0	0	0	42277	0	0	0	0	0	0	0	0	18602	0	0	0	0	0	0	0	0	166969	0	0	0	0	0	0	0	0	6051.95	0.0	0.0	0.0	0.007126	0.0	0.0	0.0	0.0	0.999999	0.0	0.0	0.0	1.0e-6	0.0	0.0	0.0	0.0	
327	1092048	345.675510821	6045.344111111124	6897.121888888894	51.421	0.980741	1092044	0	0	0	0	0	0	0	0	0.000392	0.0	0.0	0.0	1.0	0.0	0.0	0.0	0.0	324.762	0.0	0.0	0.0	0.0	0.0	0.0	0.0	0.0	0.000297	0.0	0.0	0.0	11.8464	0.0	0.0	0.0	0.0	28	0	0	0	0	0	0	0	0	134142	0	0	0	0	0	0	0	0	729358	0	0	0	0	0	0	0	0	42412	0	0	0	0	0	0	0	0	18660	0	0	0	0	0	0	0	0	167444	0	0	0	0	0	0	0	0	4434.34	0.0	0.0	0.0	0.007126	0.0	0.0	0.0	0.0	0.999998	0.0	0.0	0.0	2.0e-6	0.0	0.0	0.0	0.0	
328	1095466	346.675523688	6045.344111111124	6946.621888888894	51.3221	0.980704	1095462	0	0	0	0	0	0	0	0	0.000712	0.0	0.0	0.0	1.0	0.0	0.0	0.0	0.0	325.76	0.0	0.0	0.0	0.0	0.0	0.0	0.0	0.0	0.000297	0.0	0.0	0.0	11.8464	0.0	0.0	0.0	0.0	28	0	0	0	0	0	0	0	0	134549	0	0	0	0	0	0	0	0	731536	0	0	0	0	0	0	0	0	42572	0	0	0	0	0	0	0	0	18741	0	0	0	0	0	0	0	0	168036	0	0	0	0	0	0	0	0	8053.1	0.0	0.0	0.0	0.007126	0.0	0.0	0.0	0.0	0.999999	0.0	0.0	0.0	1.0e-6	0.0	0.0	0.0	0.0	
329	1098864	347.675722578	6045.344111111124	6786.760777777785	51.2235	0.980667	1098860	0	0	0	0	0	0	0	0	0.000652	0.0	0.0	0.0	1.0	0.0	0.0	0.0	0.0	326.759	0.0	0.0	0.0	0.0	0.0	0.0	0.0	0.0	0.000297	0.0	0.0	0.0	11.8464	0.0	0.0	0.0	0.0	28	0	0	0	0	0	0	0	0	134990	0	0	0	0	0	0	0	0	733757	0	0	0	0	0	0	0	0	42742	0	0	0	0	0	0	0	0	18779	0	0	0	0	0	0	0	0	168564	0	0	0	0	0	0	0	0	7368.38	0.0	0.0	0.0	0.007126	0.0	0.0	0.0	0.0	0.999999	0.0	0.0	0.0	1.0e-6	0.0	0.0	0.0	0.0	
330	1102281	348.675760947	6045.344111111124	6358.8163333333405	51.125	0.98063	1102277	0	0	0	0	0	0	0	0	0.000571	0.0	0.0	0.0	1.0	0.0	0.0	0.0	0.0	327.758	0.0	0.0	0.0	0.0	0.0	0.0	0.0	0.0	0.000297	0.0	0.0	0.0	11.8464	0.0	0.0	0.0	0.0	28	0	0	0	0	0	0	0	0	135444	0	0	0	0	0	0	0	0	736042	0	0	0	0	0	0	0	0	42905	0	0	0	0	0	0	0	0	18827	0	0	0	0	0	0	0	0	169031	0	0	0	0	0	0	0	0	6453.9	0.0	0.0	0.0	0.007126	0.0	0.0	0.0	0.0	0.999999	0.0	0.0	0.0	1.0e-6	0.0	0.0	0.0	0.0	
331	1105702	349.675779763	6045.344111111124	6665.038555555567	51.0267	0.980593	1105698	0	0	0	0	0	0	0	0	0.000715	0.0	0.0	0.0	1.0	0.0	0.0	0.0	0.0	328.757	0.0	0.0	0.0	0.0	0.0	0.0	0.0	0.0	0.000297	0.0	0.0	0.0	11.8464	0.0	0.0	0.0	0.0	28	0	0	0	0	0	0	0	0	135864	0	0	0	0	0	0	0	0	738342	0	0	0	0	0	0	0	0	43066	0	0	0	0	0	0	0	0	18864	0	0	0	0	0	0	0	0	169534	0	0	0	0	0	0	0	0	8090.92	0.0	0.0	0.0	0.007126	0.0	0.0	0.0	0.0	0.999999	0.0	0.0	0.0	1.0e-6	0.0	0.0	0.0	0.0	
332	1109075	350.67603977	6045.344111111124	6515.5107777777885	50.9286	0.980556	1109071	0	0	0	0	0	0	0	0	0.000312	0.0	0.0	0.0	1.0	0.0	0.0	0.0	0.0	329.755	0.0	0.0	0.0	0.0	0.0	0.0	0.0	0.0	0.000297	0.0	0.0	0.0	11.8464	0.0	0.0	0.0	0.0	28	0	0	0	0	0	0	0	0	136302	0	0	0	0	0	0	0	0	740689	0	0	0	0	0	0	0	0	43234	0	0	0	0	0	0	0	0	18922	0	0	0	0	0	0	0	0	169896	0	0	0	0	0	0	0	0	3531.14	0.0	0.0	0.0	0.007126	0.0	0.0	0.0	0.0	0.999998	0.0	0.0	0.0	2.0e-6	0.0	0.0	0.0	0.0	
333	1112445	351.676112357	6045.344111111124	6783.594111111123	50.8307	0.980519	1112441	0	0	0	0	0	0	0	0	0.00072	0.0	0.0	0.0	1.0	0.0	0.0	0.0	0.0	330.754	0.0	0.0	0.0	0.0	0.0	0.0	0.0	0.0	0.000297	0.0	0.0	0.0	11.8464	0.0	0.0	0.0	0.0	28	0	0	0	0	0	0	0	0	136732	0	0	0	0	0	0	0	0	742962	0	0	0	0	0	0	0	0	43439	0	0	0	0	0	0	0	0	18976	0	0	0	0	0	0	0	0	170304	0	0	0	0	0	0	0	0	8149.47	0.0	0.0	0.0	0.007126	0.0	0.0	0.0	0.0	0.999999	0.0	0.0	0.0	1.0e-6	0.0	0.0	0.0	0.0	
334	1115892	352.676308302	6045.344111111124	6793.8718888889	50.733	0.980482	1115888	0	0	0	0	0	0	0	0	0.000491	0.0	0.0	0.0	1.0	0.0	0.0	0.0	0.0	331.753	0.0	0.0	0.0	0.0	0.0	0.0	0.0	0.0	0.000297	0.0	0.0	0.0	11.8464	0.0	0.0	0.0	0.0	28	0	0	0	0	0	0	0	0	137140	0	0	0	0	0	0	0	0	745193	0	0	0	0	0	0	0	0	43634	0	0	0	0	0	0	0	0	19073	0	0	0	0	0	0	0	0	170820	0	0	0	0	0	0	0	0	5549.98	0.0	0.0	0.0	0.007126	0.0	0.0	0.0	0.0	0.999999	0.0	0.0	0.0	1.0e-6	0.0	0.0	0.0	0.0	
335	1119291	353.676538561	6045.344111111124	6721.316333333342	50.6354	0.980445	1119287	0	0	0	0	0	0	0	0	0.000916	0.0	0.0	0.0	1.0	0.0	0.0	0.0	0.0	332.752	0.0	0.0	0.0	0.0	0.0	0.0	0.0	0.0	0.000297	0.0	0.0	0.0	11.8464	0.0	0.0	0.0	0.0	28	0	0	0	0	0	0	0	0	137551	0	0	0	0	0	0	0	0	747476	0	0	0	0	0	0	0	0	43810	0	0	0	0	0	0	0	0	19136	0	0	0	0	0	0	0	0	171286	0	0	0	0	0	0	0	0	10363.4	0.0	0.0	0.0	0.007126	0.0	0.0	0.0	0.0	0.999999	0.0	0.0	0.0	1.0e-6	0.0	0.0	0.0	0.0	
336	1122682	354.676798446	6045.344111111124	6552.510777777786	50.5381	0.980407	1122678	0	0	0	0	0	0	0	0	0.001117	0.0	0.0	0.0	1.0	0.0	0.0	0.0	0.0	333.751	0.0	0.0	0.0	0.0	0.0	0.0	0.0	0.0	0.000297	0.0	0.0	0.0	11.8464	0.0	0.0	0.0	0.0	28	0	0	0	0	0	0	0	0	137977	0	0	0	0	0	0	0	0	749736	0	0	0	0	0	0	0	0	43971	0	0	0	0	0	0	0	0	19194	0	0	0	0	0	0	0	0	171772	0	0	0	0	0	0	0	0	12639.0	0.0	0.0	0.0	0.007126	0.0	0.0	0.0	0.0	0.999999	0.0	0.0	0.0	1.0e-6	0.0	0.0	0.0	0.0	
337	1126031	355.677081209	6045.344111111124	6731.121888888897	50.4409	0.98037	1126027	0	0	0	0	0	0	0	0	0.000368	0.0	0.0	0.0	1.0	0.0	0.0	0.0	0.0	334.75	0.0	0.0	0.0	0.0	0.0	0.0	0.0	0.0	0.000297	0.0	0.0	0.0	11.8464	0.0	0.0	0.0	0.0	28	0	0	0	0	0	0	0	0	138412	0	0	0	0	0	0	0	0	751946	0	0	0	0	0	0	0	0	44151	0	0	0	0	0	0	0	0	19228	0	0	0	0	0	0	0	0	172262	0	0	0	0	0	0	0	0	4161.87	0.0	0.0	0.0	0.007126	0.0	0.0	0.0	0.0	0.999998	0.0	0.0	0.0	2.0e-6	0.0	0.0	0.0	0.0	
338	1129447	356.677252445	6045.344111111124	6427.288555555564	50.3439	0.980333	1129443	0	0	0	0	0	0	0	0	0.000801	0.0	0.0	0.0	1.0	0.0	0.0	0.0	0.0	335.748	0.0	0.0	0.0	0.0	0.0	0.0	0.0	0.0	0.000297	0.0	0.0	0.0	11.8464	0.0	0.0	0.0	0.0	28	0	0	0	0	0	0	0	0	138835	0	0	0	0	0	0	0	0	754238	0	0	0	0	0	0	0	0	44343	0	0	0	0	0	0	0	0	19272	0	0	0	0	0	0	0	0	172727	0	0	0	0	0	0	0	0	9065.77	0.0	0.0	0.0	0.007126	0.0	0.0	0.0	0.0	0.999999	0.0	0.0	0.0	1.0e-6	0.0	0.0	0.0	0.0	
339	1132934	357.677411179	6045.344111111124	6784.760777777785	50.2471	0.980295	1132930	0	0	0	0	0	0	0	0	0.000647	0.0	0.0	0.0	1.0	0.0	0.0	0.0	0.0	336.747	0.0	0.0	0.0	0.0	0.0	0.0	0.0	0.0	0.000297	0.0	0.0	0.0	11.8464	0.0	0.0	0.0	0.0	28	0	0	0	0	0	0	0	0	139247	0	0	0	0	0	0	0	0	756497	0	0	0	0	0	0	0	0	44495	0	0	0	0	0	0	0	0	19314	0	0	0	0	0	0	0	0	173349	0	0	0	0	0	0	0	0	7323.94	0.0	0.0	0.0	0.007126	0.0	0.0	0.0	0.0	0.999999	0.0	0.0	0.0	1.0e-6	0.0	0.0	0.0	0.0	
340	1136392	358.677600767	6045.344111111124	6489.233000000007	50.1505	0.980258	1136388	0	0	0	0	0	0	0	0	0.00036	0.0	0.0	0.0	1.0	0.0	0.0	0.0	0.0	337.746	0.0	0.0	0.0	0.0	0.0	0.0	0.0	0.0	0.000297	0.0	0.0	0.0	11.8464	0.0	0.0	0.0	0.0	28	0	0	0	0	0	0	0	0	139656	0	0	0	0	0	0	0	0	758770	0	0	0	0	0	0	0	0	44712	0	0	0	0	0	0	0	0	19363	0	0	0	0	0	0	0	0	173859	0	0	0	0	0	0	0	0	4072.01	0.0	0.0	0.0	0.007126	0.0	0.0	0.0	0.0	0.999998	0.0	0.0	0.0	2.0e-6	0.0	0.0	0.0	0.0	
341	1139875	359.677815087	6045.344111111124	6370.844111111119	50.0541	0.98022	1139871	0	0	0	0	0	0	0	0	0.000292	0.0	0.0	0.0	1.0	0.0	0.0	0.0	0.0	338.745	0.0	0.0	0.0	0.0	0.0	0.0	0.0	0.0	0.000297	0.0	0.0	0.0	11.8464	0.0	0.0	0.0	0.0	28	0	0	0	0	0	0	0	0	140054	0	0	0	0	0	0	0	0	761042	0	0	0	0	0	0	0	0	44903	0	0	0	0	0	0	0	0	19430	0	0	0	0	0	0	0	0	174414	0	0	0	0	0	0	0	0	3304.82	0.0	0.0	0.0	0.007126	0.0	0.0	0.0	0.0	0.999998	0.0	0.0	0.0	2.0e-6	0.0	0.0	0.0	0.0	
342	1143363	360.677874018	6045.344111111124	6390.066333333341	49.9579	0.980182	1143359	0	0	0	0	0	0	0	0	0.000482	0.0	0.0	0.0	1.0	0.0	0.0	0.0	0.0	339.744	0.0	0.0	0.0	0.0	0.0	0.0	0.0	0.0	0.000297	0.0	0.0	0.0	11.8464	0.0	0.0	0.0	0.0	28	0	0	0	0	0	0	0	0	140459	0	0	0	0	0	0	0	0	763381	0	0	0	0	0	0	0	0	45063	0	0	0	0	0	0	0	0	19491	0	0	0	0	0	0	0	0	174937	0	0	0	0	0	0	0	0	5455.95	0.0	0.0	0.0	0.007126	0.0	0.0	0.0	0.0	0.999999	0.0	0.0	0.0	1.0e-6	0.0	0.0	0.0	0.0	
343	1146853	361.677927407	6045.344111111124	6693.316333333341	49.8618	0.980144	1146849	0	0	0	0	0	0	0	0	0.000645	0.0	0.0	0.0	1.0	0.0	0.0	0.0	0.0	340.742	0.0	0.0	0.0	0.0	0.0	0.0	0.0	0.0	0.000297	0.0	0.0	0.0	11.8464	0.0	0.0	0.0	0.0	28	0	0	0	0	0	0	0	0	140860	0	0	0	0	0	0	0	0	765656	0	0	0	0	0	0	0	0	45240	0	0	0	0	0	0	0	0	19559	0	0	0	0	0	0	0	0	175506	0	0	0	0	0	0	0	0	7312.08	0.0	0.0	0.0	0.007126	0.0	0.0	0.0	0.0	0.999999	0.0	0.0	0.0	1.0e-6	0.0	0.0	0.0	0.0	
344	1150288	362.678055907	6045.344111111124	6824.48300000001	49.766	0.980106	1150284	0	0	0	0	0	0	0	0	0.000538	0.0	0.0	0.0	1.0	0.0	0.0	0.0	0.0	341.741	0.0	0.0	0.0	0.0	0.0	0.0	0.0	0.0	0.000297	0.0	0.0	0.0	11.8464	0.0	0.0	0.0	0.0	28	0	0	0	0	0	0	0	0	141269	0	0	0	0	0	0	0	0	767934	0	0	0	0	0	0	0	0	45414	0	0	0	0	0	0	0	0	19604	0	0	0	0	0	0	0	0	176035	0	0	0	0	0	0	0	0	6094.02	0.0	0.0	0.0	0.007126	0.0	0.0	0.0	0.0	0.999999	0.0	0.0	0.0	1.0e-6	0.0	0.0	0.0	0.0	
345	1153712	363.678105438	6045.344111111124	6356.955222222232	49.6703	0.980069	1153708	0	0	0	0	0	0	0	0	0.000623	0.0	0.0	0.0	1.0	0.0	0.0	0.0	0.0	342.74	0.0	0.0	0.0	0.0	0.0	0.0	0.0	0.0	0.000297	0.0	0.0	0.0	11.8464	0.0	0.0	0.0	0.0	28	0	0	0	0	0	0	0	0	141697	0	0	0	0	0	0	0	0	770192	0	0	0	0	0	0	0	0	45582	0	0	0	0	0	0	0	0	19671	0	0	0	0	0	0	0	0	176538	0	0	0	0	0	0	0	0	7058.35	0.0	0.0	0.0	0.007126	0.0	0.0	0.0	0.0	0.999999	0.0	0.0	0.0	1.0e-6	0.0	0.0	0.0	0.0	
346	1157166	364.687903242	6045.344111111124	6567.955222222234	49.5749	0.980031	1157162	0	0	0	0	0	0	0	0	0.000649	0.0	0.0	0.0	1.0	0.0	0.0	0.0	0.0	343.748	0.0	0.0	0.0	0.0	0.0	0.0	0.0	0.0	0.000297	0.0	0.0	0.0	11.8464	0.0	0.0	0.0	0.0	28	0	0	0	0	0	0	0	0	142076	0	0	0	0	0	0	0	0	772499	0	0	0	0	0	0	0	0	45752	0	0	0	0	0	0	0	0	19726	0	0	0	0	0	0	0	0	177081	0	0	0	0	0	0	0	0	7360.1	0.0	0.0	0.0	0.007126	0.0	0.0	0.0	0.0	0.999999	0.0	0.0	0.0	1.0e-6	0.0	0.0	0.0	0.0	
347	1160609	365.688409284	6045.344111111124	6608.51077777779	49.4786	0.979992	1160605	0	0	0	0	0	0	0	0	0.000956	0.0	0.0	0.0	1.0	0.0	0.0	0.0	0.0	344.747	0.0	0.0	0.0	0.0	0.0	0.0	0.0	0.0	0.000297	0.0	0.0	0.0	11.8464	0.0	0.0	0.0	0.0	28	0	0	0	0	0	0	0	0	142445	0	0	0	0	0	0	0	0	774810	0	0	0	0	0	0	0	0	45953	0	0	0	0	0	0	0	0	19795	0	0	0	0	0	0	0	0	177574	0	0	0	0	0	0	0	0	10834.5	0.0	0.0	0.0	0.007126	0.0	0.0	0.0	0.0	0.999999	0.0	0.0	0.0	1.0e-6	0.0	0.0	0.0	0.0	
348	1164061	366.688601793	6045.344111111124	6491.621888888899	49.3834	0.979954	1164057	0	0	0	0	0	0	0	0	0.000412	0.0	0.0	0.0	1.0	0.0	0.0	0.0	0.0	345.746	0.0	0.0	0.0	0.0	0.0	0.0	0.0	0.0	0.000297	0.0	0.0	0.0	11.8464	0.0	0.0	0.0	0.0	28	0	0	0	0	0	0	0	0	142821	0	0	0	0	0	0	0	0	777175	0	0	0	0	0	0	0	0	46131	0	0	0	0	0	0	0	0	19845	0	0	0	0	0	0	0	0	178057	0	0	0	0	0	0	0	0	4675.14	0.0	0.0	0.0	0.007126	0.0	0.0	0.0	0.0	0.999998	0.0	0.0	0.0	2.0e-6	0.0	0.0	0.0	0.0	
349	1167517	367.688630722	6045.344111111124	6788.8718888889	49.2885	0.979916	1167513	0	0	0	0	0	0	0	0	0.000446	0.0	0.0	0.0	1.0	0.0	0.0	0.0	0.0	346.745	0.0	0.0	0.0	0.0	0.0	0.0	0.0	0.0	0.000297	0.0	0.0	0.0	11.8464	0.0	0.0	0.0	0.0	28	0	0	0	0	0	0	0	0	143220	0	0	0	0	0	0	0	0	779483	0	0	0	0	0	0	0	0	46295	0	0	0	0	0	0	0	0	19892	0	0	0	0	0	0	0	0	178595	0	0	0	0	0	0	0	0	5053.12	0.0	0.0	0.0	0.007126	0.0	0.0	0.0	0.0	0.999999	0.0	0.0	0.0	1.0e-6	0.0	0.0	0.0	0.0	
350	1170976	368.688714869	6045.344111111124	6717.399666666678	49.1937	0.979877	1170972	0	0	0	0	0	0	0	0	0.000415	0.0	0.0	0.0	1.0	0.0	0.0	0.0	0.0	347.743	0.0	0.0	0.0	0.0	0.0	0.0	0.0	0.0	0.000297	0.0	0.0	0.0	11.8464	0.0	0.0	0.0	0.0	28	0	0	0	0	0	0	0	0	143590	0	0	0	0	0	0	0	0	781779	0	0	0	0	0	0	0	0	46479	0	0	0	0	0	0	0	0	19975	0	0	0	0	0	0	0	0	179121	0	0	0	0	0	0	0	0	4708.33	0.0	0.0	0.0	0.007126	0.0	0.0	0.0	0.0	0.999998	0.0	0.0	0.0	2.0e-6	0.0	0.0	0.0	0.0	
351	1174425	369.688980076	6045.344111111124	6706.149666666677	49.0991	0.979839	1174421	0	0	0	0	0	0	0	0	0.000911	0.0	0.0	0.0	1.0	0.0	0.0	0.0	0.0	348.742	0.0	0.0	0.0	0.0	0.0	0.0	0.0	0.0	0.000297	0.0	0.0	0.0	11.8464	0.0	0.0	0.0	0.0	28	0	0	0	0	0	0	0	0	143993	0	0	0	0	0	0	0	0	784025	0	0	0	0	0	0	0	0	46632	0	0	0	0	0	0	0	0	20052	0	0	0	0	0	0	0	0	179691	0	0	0	0	0	0	0	0	10335.9	0.0	0.0	0.0	0.007126	0.0	0.0	0.0	0.0	0.999999	0.0	0.0	0.0	1.0e-6	0.0	0.0	0.0	0.0	
352	1177919	370.68900693	6045.344111111124	6802.233000000011	49.0048	0.979801	1177915	0	0	0	0	0	0	0	0	0.000942	0.0	0.0	0.0	1.0	0.0	0.0	0.0	0.0	349.741	0.0	0.0	0.0	0.0	0.0	0.0	0.0	0.0	0.000297	0.0	0.0	0.0	11.8464	0.0	0.0	0.0	0.0	28	0	0	0	0	0	0	0	0	144409	0	0	0	0	0	0	0	0	786242	0	0	0	0	0	0	0	0	46799	0	0	0	0	0	0	0	0	20144	0	0	0	0	0	0	0	0	180293	0	0	0	0	0	0	0	0	10685.8	0.0	0.0	0.0	0.007126	0.0	0.0	0.0	0.0	0.999999	0.0	0.0	0.0	1.0e-6	0.0	0.0	0.0	0.0	
353	1181394	371.689041011	6045.344111111124	6812.7607777777885	48.9106	0.979762	1181390	0	0	0	0	0	0	0	0	0.000588	0.0	0.0	0.0	1.0	0.0	0.0	0.0	0.0	350.74	0.0	0.0	0.0	0.0	0.0	0.0	0.0	0.0	0.000297	0.0	0.0	0.0	11.8464	0.0	0.0	0.0	0.0	28	0	0	0	0	0	0	0	0	144796	0	0	0	0	0	0	0	0	788514	0	0	0	0	0	0	0	0	46947	0	0	0	0	0	0	0	0	20229	0	0	0	0	0	0	0	0	180876	0	0	0	0	0	0	0	0	6672.63	0.0	0.0	0.0	0.007126	0.0	0.0	0.0	0.0	0.999999	0.0	0.0	0.0	1.0e-6	0.0	0.0	0.0	0.0	
354	1184835	372.689187651	6045.344111111124	6700.816333333344	48.8165	0.979724	1184831	0	0	0	0	0	0	0	0	0.000394	0.0	0.0	0.0	1.0	0.0	0.0	0.0	0.0	351.738	0.0	0.0	0.0	0.0	0.0	0.0	0.0	0.0	0.000297	0.0	0.0	0.0	11.8464	0.0	0.0	0.0	0.0	28	0	0	0	0	0	0	0	0	145182	0	0	0	0	0	0	0	0	790858	0	0	0	0	0	0	0	0	47118	0	0	0	0	0	0	0	0	20285	0	0	0	0	0	0	0	0	181360	0	0	0	0	0	0	0	0	4465.82	0.0	0.0	0.0	0.007126	0.0	0.0	0.0	0.0	0.999998	0.0	0.0	0.0	2.0e-6	0.0	0.0	0.0	0.0	
355	1188308	373.689331845	6045.344111111124	6733.955222222233	48.7227	0.979685	1188304	0	0	0	0	0	0	0	0	0.000702	0.0	0.0	0.0	1.0	0.0	0.0	0.0	0.0	352.737	0.0	0.0	0.0	0.0	0.0	0.0	0.0	0.0	0.000297	0.0	0.0	0.0	11.8464	0.0	0.0	0.0	0.0	28	0	0	0	0	0	0	0	0	145563	0	0	0	0	0	0	0	0	793169	0	0	0	0	0	0	0	0	47295	0	0	0	0	0	0	0	0	20343	0	0	0	0	0	0	0	0	181906	0	0	0	0	0	0	0	0	7965.77	0.0	0.0	0.0	0.007126	0.0	0.0	0.0	0.0	0.999999	0.0	0.0	0.0	1.0e-6	0.0	0.0	0.0	0.0	
356	1191755	374.689486707	6045.344111111124	6715.2607777777885	48.629	0.979646	1191751	0	0	0	0	0	0	0	0	0.001263	0.0	0.0	0.0	1.0	0.0	0.0	0.0	0.0	353.736	0.0	0.0	0.0	0.0	0.0	0.0	0.0	0.0	0.000297	0.0	0.0	0.0	11.8464	0.0	0.0	0.0	0.0	28	0	0	0	0	0	0	0	0	145968	0	0	0	0	0	0	0	0	795448	0	0	0	0	0	0	0	0	47457	0	0	0	0	0	0	0	0	20408	0	0	0	0	0	0	0	0	182442	0	0	0	0	0	0	0	0	14334.5	0.0	0.0	0.0	0.007126	0.0	0.0	0.0	0.0	1.0	0.0	0.0	0.0	0.0	0.0	0.0	0.0	0.0	
357	1195189	375.689502982	6045.344111111124	6979.899666666679	48.5355	0.979607	1195185	0	0	0	0	0	0	0	0	0.000834	0.0	0.0	0.0	1.0	0.0	0.0	0.0	0.0	354.735	0.0	0.0	0.0	0.0	0.0	0.0	0.0	0.0	0.000297	0.0	0.0	0.0	11.8464	0.0	0.0	0.0	0.0	28	0	0	0	0	0	0	0	0	146329	0	0	0	0	0	0	0	0	797719	0	0	0	0	0	0	0	0	47650	0	0	0	0	0	0	0	0	20510	0	0	0	0	0	0	0	0	182949	0	0	0	0	0	0	0	0	9463.73	0.0	0.0	0.0	0.007126	0.0	0.0	0.0	0.0	0.999999	0.0	0.0	0.0	1.0e-6	0.0	0.0	0.0	0.0	
358	1198609	376.689767733	6045.344111111124	7061.094111111125	48.4422	0.979568	1198605	0	0	0	0	0	0	0	0	0.000202	0.0	0.0	0.0	1.0	0.0	0.0	0.0	0.0	355.734	0.0	0.0	0.0	0.0	0.0	0.0	0.0	0.0	0.000297	0.0	0.0	0.0	11.8464	0.0	0.0	0.0	0.0	28	0	0	0	0	0	0	0	0	146736	0	0	0	0	0	0	0	0	800000	0	0	0	0	0	0	0	0	47832	0	0	0	0	0	0	0	0	20556	0	0	0	0	0	0	0	0	183453	0	0	0	0	0	0	0	0	2290.39	0.0	0.0	0.0	0.007126	0.0	0.0	0.0	0.0	0.999997	0.0	0.0	0.0	3.0e-6	0.0	0.0	0.0	0.0	
359	1201921	377.692133021	6045.344111111124	7045.7885555555695	48.3498	0.97953	1201917	0	0	0	0	0	0	0	0	0.000401	0.0	0.0	0.0	1.0	0.0	0.0	0.0	0.0	356.734	0.0	0.0	0.0	0.0	0.0	0.0	0.0	0.0	0.000297	0.0	0.0	0.0	11.8464	0.0	0.0	0.0	0.0	28	0	0	0	0	0	0	0	0	147130	0	0	0	0	0	0	0	0	802073	0	0	0	0	0	0	0	0	48017	0	0	0	0	0	0	0	0	20621	0	0	0	0	0	0	0	0	184048	0	0	0	0	0	0	0	0	4552.97	0.0	0.0	0.0	0.007126	0.0	0.0	0.0	0.0	0.999998	0.0	0.0	0.0	2.0e-6	0.0	0.0	0.0	0.0	
360	1205272	378.692256289	6045.344111111124	7086.038555555569	48.2559	0.97949	1205268	0	0	0	0	0	0	0	0	0.000755	0.0	0.0	0.0	1.0	0.0	0.0	0.0	0.0	357.733	0.0	0.0	0.0	0.0	0.0	0.0	0.0	0.0	0.000297	0.0	0.0	0.0	11.8464	0.0	0.0	0.0	0.0	28	0	0	0	0	0	0	0	0	147516	0	0	0	0	0	0	0	0	804286	0	0	0	0	0	0	0	0	48172	0	0	0	0	0	0	0	0	20684	0	0	0	0	0	0	0	0	184582	0	0	0	0	0	0	0	0	8569.53	0.0	0.0	0.0	0.007126	0.0	0.0	0.0	0.0	0.999999	0.0	0.0	0.0	1.0e-6	0.0	0.0	0.0	0.0	
361	1208557	379.69227437	6045.344111111124	6953.510777777791	48.1631	0.979451	1208553	0	0	0	0	0	0	0	0	0.000193	0.0	0.0	0.0	1.0	0.0	0.0	0.0	0.0	358.732	0.0	0.0	0.0	0.0	0.0	0.0	0.0	0.0	0.000297	0.0	0.0	0.0	11.8464	0.0	0.0	0.0	0.0	28	0	0	0	0	0	0	0	0	147942	0	0	0	0	0	0	0	0	806468	0	0	0	0	0	0	0	0	48355	0	0	0	0	0	0	0	0	20731	0	0	0	0	0	0	0	0	185029	0	0	0	0	0	0	0	0	2190.23	0.0	0.0	0.0	0.007126	0.0	0.0	0.0	0.0	0.999997	0.0	0.0	0.0	3.0e-6	0.0	0.0	0.0	0.0	
362	1211910	380.692411761	6045.344111111124	6886.066333333347	48.0706	0.979412	1211906	0	0	0	0	0	0	0	0	0.000569	0.0	0.0	0.0	1.0	0.0	0.0	0.0	0.0	359.731	0.0	0.0	0.0	0.0	0.0	0.0	0.0	0.0	0.000297	0.0	0.0	0.0	11.8464	0.0	0.0	0.0	0.0	28	0	0	0	0	0	0	0	0	148317	0	0	0	0	0	0	0	0	808742	0	0	0	0	0	0	0	0	48523	0	0	0	0	0	0	0	0	20778	0	0	0	0	0	0	0	0	185518	0	0	0	0	0	0	0	0	6460.37	0.0	0.0	0.0	0.007126	0.0	0.0	0.0	0.0	0.999999	0.0	0.0	0.0	1.0e-6	0.0	0.0	0.0	0.0	
363	1215240	381.692514541	6045.344111111124	6645.927444444457	47.9781	0.979373	1215236	0	0	0	0	0	0	0	0	0.000236	0.0	0.0	0.0	1.0	0.0	0.0	0.0	0.0	360.729	0.0	0.0	0.0	0.0	0.0	0.0	0.0	0.0	0.000297	0.0	0.0	0.0	11.8464	0.0	0.0	0.0	0.0	28	0	0	0	0	0	0	0	0	148708	0	0	0	0	0	0	0	0	810962	0	0	0	0	0	0	0	0	48685	0	0	0	0	0	0	0	0	20838	0	0	0	0	0	0	0	0	186015	0	0	0	0	0	0	0	0	2679.67	0.0	0.0	0.0	0.007126	0.0	0.0	0.0	0.0	0.999997	0.0	0.0	0.0	3.0e-6	0.0	0.0	0.0	0.0	
364	1218608	382.695612989	6045.344111111124	6458.538555555568	47.8866	0.979334	1218604	0	0	0	0	0	0	0	0	0.000466	0.0	0.0	0.0	1.0	0.0	0.0	0.0	0.0	361.731	0.0	0.0	0.0	0.0	0.0	0.0	0.0	0.0	0.000297	0.0	0.0	0.0	11.8464	0.0	0.0	0.0	0.0	28	0	0	0	0	0	0	0	0	149041	0	0	0	0	0	0	0	0	813213	0	0	0	0	0	0	0	0	48887	0	0	0	0	0	0	0	0	20900	0	0	0	0	0	0	0	0	186535	0	0	0	0	0	0	0	0	5292.5	0.0	0.0	0.0	0.007126	0.0	0.0	0.0	0.0	0.999999	0.0	0.0	0.0	1.0e-6	0.0	0.0	0.0	0.0	
365	1221948	383.695826877	6045.344111111124	6640.955222222235	47.7936	0.979294	1221944	0	0	0	0	0	0	0	0	0.0006	0.0	0.0	0.0	1.0	0.0	0.0	0.0	0.0	362.73	0.0	0.0	0.0	0.0	0.0	0.0	0.0	0.0	0.000297	0.0	0.0	0.0	11.8464	0.0	0.0	0.0	0.0	28	0	0	0	0	0	0	0	0	149444	0	0	0	0	0	0	0	0	815478	0	0	0	0	0	0	0	0	49073	0	0	0	0	0	0	0	0	20940	0	0	0	0	0	0	0	0	186981	0	0	0	0	0	0	0	0	6813.75	0.0	0.0	0.0	0.007126	0.0	0.0	0.0	0.0	0.999999	0.0	0.0	0.0	1.0e-6	0.0	0.0	0.0	0.0	
366	1225326	384.696035279	6045.344111111124	6994.149666666679	47.7017	0.979255	1225322	0	0	0	0	0	0	0	0	0.000602	0.0	0.0	0.0	1.0	0.0	0.0	0.0	0.0	363.729	0.0	0.0	0.0	0.0	0.0	0.0	0.0	0.0	0.000297	0.0	0.0	0.0	11.8464	0.0	0.0	0.0	0.0	28	0	0	0	0	0	0	0	0	149851	0	0	0	0	0	0	0	0	817671	0	0	0	0	0	0	0	0	49234	0	0	0	0	0	0	0	0	21009	0	0	0	0	0	0	0	0	187529	0	0	0	0	0	0	0	0	6828.39	0.0	0.0	0.0	0.007126	0.0	0.0	0.0	0.0	0.999999	0.0	0.0	0.0	1.0e-6	0.0	0.0	0.0	0.0	
367	1228645	385.696142235	6045.344111111124	6690.871888888902	47.61	0.979215	1228641	0	0	0	0	0	0	0	0	0.001118	0.0	0.0	0.0	1.0	0.0	0.0	0.0	0.0	364.727	0.0	0.0	0.0	0.0	0.0	0.0	0.0	0.0	0.000297	0.0	0.0	0.0	11.8464	0.0	0.0	0.0	0.0	28	0	0	0	0	0	0	0	0	150262	0	0	0	0	0	0	0	0	819849	0	0	0	0	0	0	0	0	49392	0	0	0	0	0	0	0	0	21094	0	0	0	0	0	0	0	0	188016	0	0	0	0	0	0	0	0	12681.7	0.0	0.0	0.0	0.007126	0.0	0.0	0.0	0.0	0.999999	0.0	0.0	0.0	1.0e-6	0.0	0.0	0.0	0.0	
368	1231945	386.696177699	6045.344111111124	7057.733000000013	47.5184	0.979175	1231941	0	0	0	0	0	0	0	0	0.000929	0.0	0.0	0.0	1.0	0.0	0.0	0.0	0.0	365.726	0.0	0.0	0.0	0.0	0.0	0.0	0.0	0.0	0.000297	0.0	0.0	0.0	11.8464	0.0	0.0	0.0	0.0	28	0	0	0	0	0	0	0	0	150663	0	0	0	0	0	0	0	0	822040	0	0	0	0	0	0	0	0	49546	0	0	0	0	0	0	0	0	21151	0	0	0	0	0	0	0	0	188513	0	0	0	0	0	0	0	0	10539.7	0.0	0.0	0.0	0.007126	0.0	0.0	0.0	0.0	0.999999	0.0	0.0	0.0	1.0e-6	0.0	0.0	0.0	0.0	
369	1235354	387.701476396	6045.344111111124	6756.427444444457	47.4275	0.979136	1235350	0	0	0	0	0	0	0	0	0.00064	0.0	0.0	0.0	1.0	0.0	0.0	0.0	0.0	366.73	0.0	0.0	0.0	0.0	0.0	0.0	0.0	0.0	0.000297	0.0	0.0	0.0	11.8464	0.0	0.0	0.0	0.0	28	0	0	0	0	0	0	0	0	151064	0	0	0	0	0	0	0	0	824265	0	0	0	0	0	0	0	0	49695	0	0	0	0	0	0	0	0	21217	0	0	0	0	0	0	0	0	189081	0	0	0	0	0	0	0	0	7258.49	0.0	0.0	0.0	0.007126	0.0	0.0	0.0	0.0	0.999999	0.0	0.0	0.0	1.0e-6	0.0	0.0	0.0	0.0	
370	1238806	388.704265492	6045.344111111124	6647.6218888889025	47.3361	0.979096	1238802	0	0	0	0	0	0	0	0	0.000545	0.0	0.0	0.0	1.0	0.0	0.0	0.0	0.0	367.731	0.0	0.0	0.0	0.0	0.0	0.0	0.0	0.0	0.000297	0.0	0.0	0.0	11.8464	0.0	0.0	0.0	0.0	28	0	0	0	0	0	0	0	0	151468	0	0	0	0	0	0	0	0	826550	0	0	0	0	0	0	0	0	49895	0	0	0	0	0	0	0	0	21283	0	0	0	0	0	0	0	0	189578	0	0	0	0	0	0	0	0	6185.43	0.0	0.0	0.0	0.007126	0.0	0.0	0.0	0.0	0.999999	0.0	0.0	0.0	1.0e-6	0.0	0.0	0.0	0.0	
371	1242260	389.704502969	6045.344111111124	6545.094111111124	47.2442	0.979056	1242256	0	0	0	0	0	0	0	0	0.000668	0.0	0.0	0.0	1.0	0.0	0.0	0.0	0.0	368.73	0.0	0.0	0.0	0.0	0.0	0.0	0.0	0.0	0.000297	0.0	0.0	0.0	11.8464	0.0	0.0	0.0	0.0	28	0	0	0	0	0	0	0	0	151867	0	0	0	0	0	0	0	0	828848	0	0	0	0	0	0	0	0	50099	0	0	0	0	0	0	0	0	21356	0	0	0	0	0	0	0	0	190058	0	0	0	0	0	0	0	0	7581.28	0.0	0.0	0.0	0.007126	0.0	0.0	0.0	0.0	0.999999	0.0	0.0	0.0	1.0e-6	0.0	0.0	0.0	0.0	
372	1245733	390.704653461	6045.344111111124	6582.7885555555695	47.1533	0.979016	1245729	0	0	0	0	0	0	0	0	0.000562	0.0	0.0	0.0	1.0	0.0	0.0	0.0	0.0	369.729	0.0	0.0	0.0	0.0	0.0	0.0	0.0	0.0	0.000297	0.0	0.0	0.0	11.8464	0.0	0.0	0.0	0.0	28	0	0	0	0	0	0	0	0	152257	0	0	0	0	0	0	0	0	831122	0	0	0	0	0	0	0	0	50274	0	0	0	0	0	0	0	0	21417	0	0	0	0	0	0	0	0	190631	0	0	0	0	0	0	0	0	6381.54	0.0	0.0	0.0	0.007126	0.0	0.0	0.0	0.0	0.999999	0.0	0.0	0.0	1.0e-6	0.0	0.0	0.0	0.0	
373	1249214	391.704793245	6045.344111111124	6883.816333333349	47.0627	0.978976	1249210	0	0	0	0	0	0	0	0	0.000745	0.0	0.0	0.0	1.0	0.0	0.0	0.0	0.0	370.728	0.0	0.0	0.0	0.0	0.0	0.0	0.0	0.0	0.000297	0.0	0.0	0.0	11.8464	0.0	0.0	0.0	0.0	28	0	0	0	0	0	0	0	0	152688	0	0	0	0	0	0	0	0	833394	0	0	0	0	0	0	0	0	50418	0	0	0	0	0	0	0	0	21480	0	0	0	0	0	0	0	0	191202	0	0	0	0	0	0	0	0	8457.1	0.0	0.0	0.0	0.007126	0.0	0.0	0.0	0.0	0.999999	0.0	0.0	0.0	1.0e-6	0.0	0.0	0.0	0.0	
374	1252528	392.704913251	6045.344111111124	6958.649666666682	46.9722	0.978936	1252524	0	0	0	0	0	0	0	0	0.000358	0.0	0.0	0.0	1.0	0.0	0.0	0.0	0.0	371.727	0.0	0.0	0.0	0.0	0.0	0.0	0.0	0.0	0.000297	0.0	0.0	0.0	11.8464	0.0	0.0	0.0	0.0	28	0	0	0	0	0	0	0	0	153068	0	0	0	0	0	0	0	0	835578	0	0	0	0	0	0	0	0	50608	0	0	0	0	0	0	0	0	21535	0	0	0	0	0	0	0	0	191707	0	0	0	0	0	0	0	0	4069.44	0.0	0.0	0.0	0.007126	0.0	0.0	0.0	0.0	0.999998	0.0	0.0	0.0	2.0e-6	0.0	0.0	0.0	0.0	
375	1255869	393.705179731	6045.344111111124	6570.6218888889025	46.8819	0.978896	1255865	0	0	0	0	0	0	0	0	0.000665	0.0	0.0	0.0	1.0	0.0	0.0	0.0	0.0	372.725	0.0	0.0	0.0	0.0	0.0	0.0	0.0	0.0	0.000297	0.0	0.0	0.0	11.8464	0.0	0.0	0.0	0.0	28	0	0	0	0	0	0	0	0	153447	0	0	0	0	0	0	0	0	837755	0	0	0	0	0	0	0	0	50764	0	0	0	0	0	0	0	0	21592	0	0	0	0	0	0	0	0	192279	0	0	0	0	0	0	0	0	7547.0	0.0	0.0	0.0	0.007126	0.0	0.0	0.0	0.0	0.999999	0.0	0.0	0.0	1.0e-6	0.0	0.0	0.0	0.0	
376	1259244	394.705229696	6045.344111111124	6583.233000000013	46.7918	0.978855	1259240	0	0	0	0	0	0	0	0	0.000611	0.0	0.0	0.0	1.0	0.0	0.0	0.0	0.0	373.724	0.0	0.0	0.0	0.0	0.0	0.0	0.0	0.0	0.000297	0.0	0.0	0.0	11.8464	0.0	0.0	0.0	0.0	28	0	0	0	0	0	0	0	0	153826	0	0	0	0	0	0	0	0	839903	0	0	0	0	0	0	0	0	50941	0	0	0	0	0	0	0	0	21651	0	0	0	0	0	0	0	0	192891	0	0	0	0	0	0	0	0	6935.44	0.0	0.0	0.0	0.007126	0.0	0.0	0.0	0.0	0.999999	0.0	0.0	0.0	1.0e-6	0.0	0.0	0.0	0.0	
377	1262656	395.705372849	6045.344111111124	6549.399666666681	46.7018	0.978815	1262652	0	0	0	0	0	0	0	0	0.000792	0.0	0.0	0.0	1.0	0.0	0.0	0.0	0.0	374.723	0.0	0.0	0.0	0.0	0.0	0.0	0.0	0.0	0.000297	0.0	0.0	0.0	11.8464	0.0	0.0	0.0	0.0	28	0	0	0	0	0	0	0	0	154205	0	0	0	0	0	0	0	0	842092	0	0	0	0	0	0	0	0	51143	0	0	0	0	0	0	0	0	21758	0	0	0	0	0	0	0	0	193426	0	0	0	0	0	0	0	0	8997.38	0.0	0.0	0.0	0.007126	0.0	0.0	0.0	0.0	0.999999	0.0	0.0	0.0	1.0e-6	0.0	0.0	0.0	0.0	
378	1266113	396.705582526	6045.344111111124	6490.066333333348	46.612	0.978775	1266109	0	0	0	0	0	0	0	0	0.001098	0.0	0.0	0.0	1.0	0.0	0.0	0.0	0.0	375.722	0.0	0.0	0.0	0.0	0.0	0.0	0.0	0.0	0.000297	0.0	0.0	0.0	11.8464	0.0	0.0	0.0	0.0	28	0	0	0	0	0	0	0	0	154584	0	0	0	0	0	0	0	0	844429	0	0	0	0	0	0	0	0	51301	0	0	0	0	0	0	0	0	21865	0	0	0	0	0	0	0	0	193902	0	0	0	0	0	0	0	0	12469.2	0.0	0.0	0.0	0.007126	0.0	0.0	0.0	0.0	0.999999	0.0	0.0	0.0	1.0e-6	0.0	0.0	0.0	0.0	
379	1269598	397.7067118	6045.344111111124	6274.316333333349	46.523	0.978735	1269594	0	0	0	0	0	0	0	0	0.000667	0.0	0.0	0.0	1.0	0.0	0.0	0.0	0.0	376.721	0.0	0.0	0.0	0.0	0.0	0.0	0.0	0.0	0.000297	0.0	0.0	0.0	11.8464	0.0	0.0	0.0	0.0	28	0	0	0	0	0	0	0	0	154938	0	0	0	0	0	0	0	0	846715	0	0	0	0	0	0	0	0	51478	0	0	0	0	0	0	0	0	21942	0	0	0	0	0	0	0	0	194493	0	0	0	0	0	0	0	0	7575.6	0.0	0.0	0.0	0.007126	0.0	0.0	0.0	0.0	0.999999	0.0	0.0	0.0	1.0e-6	0.0	0.0	0.0	0.0	
380	1272950	398.706934288	6045.344111111124	6777.760777777791	46.4329	0.978694	1272946	0	0	0	0	0	0	0	0	0.000699	0.0	0.0	0.0	1.0	0.0	0.0	0.0	0.0	377.72	0.0	0.0	0.0	0.0	0.0	0.0	0.0	0.0	0.000297	0.0	0.0	0.0	11.8464	0.0	0.0	0.0	0.0	28	0	0	0	0	0	0	0	0	155301	0	0	0	0	0	0	0	0	848946	0	0	0	0	0	0	0	0	51645	0	0	0	0	0	0	0	0	22026	0	0	0	0	0	0	0	0	195000	0	0	0	0	0	0	0	0	7937.7	0.0	0.0	0.0	0.007126	0.0	0.0	0.0	0.0	0.999999	0.0	0.0	0.0	1.0e-6	0.0	0.0	0.0	0.0	
381	1276432	399.70725521	6045.344111111124	6838.566333333347	46.3436	0.978653	1276428	0	0	0	0	0	0	0	0	0.000645	0.0	0.0	0.0	1.0	0.0	0.0	0.0	0.0	378.719	0.0	0.0	0.0	0.0	0.0	0.0	0.0	0.0	0.000297	0.0	0.0	0.0	11.8464	0.0	0.0	0.0	0.0	28	0	0	0	0	0	0	0	0	155693	0	0	0	0	0	0	0	0	851189	0	0	0	0	0	0	0	0	51843	0	0	0	0	0	0	0	0	22096	0	0	0	0	0	0	0	0	195579	0	0	0	0	0	0	0	0	7328.15	0.0	0.0	0.0	0.007126	0.0	0.0	0.0	0.0	0.999999	0.0	0.0	0.0	1.0e-6	0.0	0.0	0.0	0.0	
382	1279943	400.710916871	6045.344111111124	6436.1218888889025	46.2548	0.978613	1279939	0	0	0	0	0	0	0	0	0.00051	0.0	0.0	0.0	1.0	0.0	0.0	0.0	0.0	379.721	0.0	0.0	0.0	0.0	0.0	0.0	0.0	0.0	0.000297	0.0	0.0	0.0	11.8464	0.0	0.0	0.0	0.0	28	0	0	0	0	0	0	0	0	156052	0	0	0	0	0	0	0	0	853513	0	0	0	0	0	0	0	0	51999	0	0	0	0	0	0	0	0	22181	0	0	0	0	0	0	0	0	196166	0	0	0	0	0	0	0	0	5797.56	0.0	0.0	0.0	0.007126	0.0	0.0	0.0	0.0	0.999999	0.0	0.0	0.0	1.0e-6	0.0	0.0	0.0	0.0	
383	1283310	401.711197492	6045.344111111124	7008.344111111126	46.1652	0.978572	1283306	0	0	0	0	0	0	0	0	0.000288	0.0	0.0	0.0	1.0	0.0	0.0	0.0	0.0	380.72	0.0	0.0	0.0	0.0	0.0	0.0	0.0	0.0	0.000297	0.0	0.0	0.0	11.8464	0.0	0.0	0.0	0.0	28	0	0	0	0	0	0	0	0	156403	0	0	0	0	0	0	0	0	855746	0	0	0	0	0	0	0	0	52173	0	0	0	0	0	0	0	0	22260	0	0	0	0	0	0	0	0	196696	0	0	0	0	0	0	0	0	3271.18	0.0	0.0	0.0	0.007126	0.0	0.0	0.0	0.0	0.999998	0.0	0.0	0.0	2.0e-6	0.0	0.0	0.0	0.0	
384	1286608	402.715744958	6045.344111111124	6624.233000000017	46.077	0.978531	1286604	0	0	0	0	0	0	0	0	0.000503	0.0	0.0	0.0	1.0	0.0	0.0	0.0	0.0	381.724	0.0	0.0	0.0	0.0	0.0	0.0	0.0	0.0	0.000297	0.0	0.0	0.0	11.8464	0.0	0.0	0.0	0.0	28	0	0	0	0	0	0	0	0	156779	0	0	0	0	0	0	0	0	857868	0	0	0	0	0	0	0	0	52356	0	0	0	0	0	0	0	0	22319	0	0	0	0	0	0	0	0	197254	0	0	0	0	0	0	0	0	5710.21	0.0	0.0	0.0	0.007126	0.0	0.0	0.0	0.0	0.999999	0.0	0.0	0.0	1.0e-6	0.0	0.0	0.0	0.0	
385	1289977	403.715863915	6045.344111111124	6613.844111111127	45.9875	0.97849	1289973	0	0	0	0	0	0	0	0	0.000147	0.0	0.0	0.0	1.0	0.0	0.0	0.0	0.0	382.722	0.0	0.0	0.0	0.0	0.0	0.0	0.0	0.0	0.000297	0.0	0.0	0.0	11.8464	0.0	0.0	0.0	0.0	28	0	0	0	0	0	0	0	0	157173	0	0	0	0	0	0	0	0	860026	0	0	0	0	0	0	0	0	52561	0	0	0	0	0	0	0	0	22403	0	0	0	0	0	0	0	0	197782	0	0	0	0	0	0	0	0	1671.23	0.0	0.0	0.0	0.007126	0.0	0.0	0.0	0.0	0.999996	0.0	0.0	0.0	4.0e-6	0.0	0.0	0.0	0.0	
386	1293322	404.71598714	6045.344111111124	6386.344111111127	45.8991	0.978449	1293318	0	0	0	0	0	0	0	0	0.001078	0.0	0.0	0.0	1.0	0.0	0.0	0.0	0.0	383.721	0.0	0.0	0.0	0.0	0.0	0.0	0.0	0.0	0.000297	0.0	0.0	0.0	11.8464	0.0	0.0	0.0	0.0	28	0	0	0	0	0	0	0	0	157521	0	0	0	0	0	0	0	0	862228	0	0	0	0	0	0	0	0	52738	0	0	0	0	0	0	0	0	22507	0	0	0	0	0	0	0	0	198296	0	0	0	0	0	0	0	0	12243.2	0.0	0.0	0.0	0.007126	0.0	0.0	0.0	0.0	0.999999	0.0	0.0	0.0	1.0e-6	0.0	0.0	0.0	0.0	
387	1296614	405.716187114	6045.344111111124	6263.1218888889025	45.8108	0.978408	1296610	0	0	0	0	0	0	0	0	0.000819	0.0	0.0	0.0	1.0	0.0	0.0	0.0	0.0	384.72	0.0	0.0	0.0	0.0	0.0	0.0	0.0	0.0	0.000297	0.0	0.0	0.0	11.8464	0.0	0.0	0.0	0.0	28	0	0	0	0	0	0	0	0	157879	0	0	0	0	0	0	0	0	864399	0	0	0	0	0	0	0	0	52900	0	0	0	0	0	0	0	0	22620	0	0	0	0	0	0	0	0	198784	0	0	0	0	0	0	0	0	9307.36	0.0	0.0	0.0	0.007126	0.0	0.0	0.0	0.0	0.999999	0.0	0.0	0.0	1.0e-6	0.0	0.0	0.0	0.0	
388	1299916	406.716523835	6045.344111111124	6288.594111111127	45.7228	0.978366	1299912	0	0	0	0	0	0	0	0	0.000785	0.0	0.0	0.0	1.0	0.0	0.0	0.0	0.0	385.719	0.0	0.0	0.0	0.0	0.0	0.0	0.0	0.0	0.000297	0.0	0.0	0.0	11.8464	0.0	0.0	0.0	0.0	28	0	0	0	0	0	0	0	0	158200	0	0	0	0	0	0	0	0	866591	0	0	0	0	0	0	0	0	53088	0	0	0	0	0	0	0	0	22688	0	0	0	0	0	0	0	0	199317	0	0	0	0	0	0	0	0	8916.84	0.0	0.0	0.0	0.007126	0.0	0.0	0.0	0.0	0.999999	0.0	0.0	0.0	1.0e-6	0.0	0.0	0.0	0.0	
389	1303350	407.716790123	6045.344111111124	6659.260777777792	45.6348	0.978325	1303346	0	0	0	0	0	0	0	0	0.00014	0.0	0.0	0.0	1.0	0.0	0.0	0.0	0.0	386.718	0.0	0.0	0.0	0.0	0.0	0.0	0.0	0.0	0.000297	0.0	0.0	0.0	11.8464	0.0	0.0	0.0	0.0	28	0	0	0	0	0	0	0	0	158554	0	0	0	0	0	0	0	0	868830	0	0	0	0	0	0	0	0	53274	0	0	0	0	0	0	0	0	22758	0	0	0	0	0	0	0	0	199902	0	0	0	0	0	0	0	0	1585.2	0.0	0.0	0.0	0.007126	0.0	0.0	0.0	0.0	0.999996	0.0	0.0	0.0	4.0e-6	0.0	0.0	0.0	0.0	
390	1306700	408.717064546	6045.344111111124	6396.288555555572	45.5471	0.978284	1306696	0	0	0	0	0	0	0	0	0.000572	0.0	0.0	0.0	1.0	0.0	0.0	0.0	0.0	387.716	0.0	0.0	0.0	0.0	0.0	0.0	0.0	0.0	0.000297	0.0	0.0	0.0	11.8464	0.0	0.0	0.0	0.0	28	0	0	0	0	0	0	0	0	158894	0	0	0	0	0	0	0	0	871045	0	0	0	0	0	0	0	0	53435	0	0	0	0	0	0	0	0	22830	0	0	0	0	0	0	0	0	200464	0	0	0	0	0	0	0	0	6494.45	0.0	0.0	0.0	0.007126	0.0	0.0	0.0	0.0	0.999999	0.0	0.0	0.0	1.0e-6	0.0	0.0	0.0	0.0	
391	1310074	409.717157093	6045.344111111124	6536.3163333333505	45.4595	0.978243	1310070	0	0	0	0	0	0	0	0	0.000423	0.0	0.0	0.0	1.0	0.0	0.0	0.0	0.0	388.715	0.0	0.0	0.0	0.0	0.0	0.0	0.0	0.0	0.000297	0.0	0.0	0.0	11.8464	0.0	0.0	0.0	0.0	28	0	0	0	0	0	0	0	0	159256	0	0	0	0	0	0	0	0	873305	0	0	0	0	0	0	0	0	53602	0	0	0	0	0	0	0	0	22907	0	0	0	0	0	0	0	0	200972	0	0	0	0	0	0	0	0	4801.78	0.0	0.0	0.0	0.007126	0.0	0.0	0.0	0.0	0.999999	0.0	0.0	0.0	1.0e-6	0.0	0.0	0.0	0.0	
392	1313343	410.718629903	6045.344111111124	6644.205222222239	45.373	0.978202	1313339	0	0	0	0	0	0	0	0	0.000378	0.0	0.0	0.0	1.0	0.0	0.0	0.0	0.0	389.715	0.0	0.0	0.0	0.0	0.0	0.0	0.0	0.0	0.000297	0.0	0.0	0.0	11.8464	0.0	0.0	0.0	0.0	28	0	0	0	0	0	0	0	0	159582	0	0	0	0	0	0	0	0	875496	0	0	0	0	0	0	0	0	53793	0	0	0	0	0	0	0	0	22956	0	0	0	0	0	0	0	0	201484	0	0	0	0	0	0	0	0	4287.59	0.0	0.0	0.0	0.007126	0.0	0.0	0.0	0.0	0.999998	0.0	0.0	0.0	2.0e-6	0.0	0.0	0.0	0.0	
393	1316629	411.718691541	6045.344111111124	6672.871888888906	45.2848	0.97816	1316625	0	0	0	0	0	0	0	0	0.000359	0.0	0.0	0.0	1.0	0.0	0.0	0.0	0.0	390.714	0.0	0.0	0.0	0.0	0.0	0.0	0.0	0.0	0.000297	0.0	0.0	0.0	11.8464	0.0	0.0	0.0	0.0	28	0	0	0	0	0	0	0	0	159935	0	0	0	0	0	0	0	0	877673	0	0	0	0	0	0	0	0	53983	0	0	0	0	0	0	0	0	23035	0	0	0	0	0	0	0	0	201971	0	0	0	0	0	0	0	0	4077.69	0.0	0.0	0.0	0.007126	0.0	0.0	0.0	0.0	0.999998	0.0	0.0	0.0	2.0e-6	0.0	0.0	0.0	0.0	
394	1319990	412.718870791	6045.344111111124	7020.177444444462	45.1977	0.978118	1319986	0	0	0	0	0	0	0	0	0.000499	0.0	0.0	0.0	1.0	0.0	0.0	0.0	0.0	391.713	0.0	0.0	0.0	0.0	0.0	0.0	0.0	0.0	0.000297	0.0	0.0	0.0	11.8464	0.0	0.0	0.0	0.0	28	0	0	0	0	0	0	0	0	160276	0	0	0	0	0	0	0	0	879919	0	0	0	0	0	0	0	0	54164	0	0	0	0	0	0	0	0	23086	0	0	0	0	0	0	0	0	202513	0	0	0	0	0	0	0	0	5668.41	0.0	0.0	0.0	0.007126	0.0	0.0	0.0	0.0	0.999999	0.0	0.0	0.0	1.0e-6	0.0	0.0	0.0	0.0	
395	1323431	413.718929401	6045.344111111124	6833.621888888908	45.1108	0.978076	1323427	0	0	0	0	0	0	0	0	0.000271	0.0	0.0	0.0	1.0	0.0	0.0	0.0	0.0	392.711	0.0	0.0	0.0	0.0	0.0	0.0	0.0	0.0	0.000297	0.0	0.0	0.0	11.8464	0.0	0.0	0.0	0.0	28	0	0	0	0	0	0	0	0	160618	0	0	0	0	0	0	0	0	882154	0	0	0	0	0	0	0	0	54349	0	0	0	0	0	0	0	0	23148	0	0	0	0	0	0	0	0	203130	0	0	0	0	0	0	0	0	3077.51	0.0	0.0	0.0	0.007126	0.0	0.0	0.0	0.0	0.999998	0.0	0.0	0.0	2.0e-6	0.0	0.0	0.0	0.0	
396	1326805	414.719088812	6045.344111111124	6697.344111111127	45.0241	0.978035	1326801	0	0	0	0	0	0	0	0	0.000735	0.0	0.0	0.0	1.0	0.0	0.0	0.0	0.0	393.71	0.0	0.0	0.0	0.0	0.0	0.0	0.0	0.0	0.000297	0.0	0.0	0.0	11.8464	0.0	0.0	0.0	0.0	28	0	0	0	0	0	0	0	0	160986	0	0	0	0	0	0	0	0	884392	0	0	0	0	0	0	0	0	54537	0	0	0	0	0	0	0	0	23209	0	0	0	0	0	0	0	0	203649	0	0	0	0	0	0	0	0	8347.67	0.0	0.0	0.0	0.007126	0.0	0.0	0.0	0.0	0.999999	0.0	0.0	0.0	1.0e-6	0.0	0.0	0.0	0.0	
397	1330128	415.719319961	6045.344111111124	7105.6496666666835	44.9375	0.977993	1330124	0	0	0	0	0	0	0	0	0.00051	0.0	0.0	0.0	1.0	0.0	0.0	0.0	0.0	394.709	0.0	0.0	0.0	0.0	0.0	0.0	0.0	0.0	0.000297	0.0	0.0	0.0	11.8464	0.0	0.0	0.0	0.0	28	0	0	0	0	0	0	0	0	161338	0	0	0	0	0	0	0	0	886627	0	0	0	0	0	0	0	0	54703	0	0	0	0	0	0	0	0	23248	0	0	0	0	0	0	0	0	204180	0	0	0	0	0	0	0	0	5791.93	0.0	0.0	0.0	0.007126	0.0	0.0	0.0	0.0	0.999999	0.0	0.0	0.0	1.0e-6	0.0	0.0	0.0	0.0	
398	1333432	416.719570792	6045.344111111124	6955.066333333349	44.8511	0.977951	1333428	0	0	0	0	0	0	0	0	0.000592	0.0	0.0	0.0	1.0	0.0	0.0	0.0	0.0	395.708	0.0	0.0	0.0	0.0	0.0	0.0	0.0	0.0	0.000297	0.0	0.0	0.0	11.8464	0.0	0.0	0.0	0.0	28	0	0	0	0	0	0	0	0	161714	0	0	0	0	0	0	0	0	888773	0	0	0	0	0	0	0	0	54871	0	0	0	0	0	0	0	0	23316	0	0	0	0	0	0	0	0	204726	0	0	0	0	0	0	0	0	6723.52	0.0	0.0	0.0	0.007126	0.0	0.0	0.0	0.0	0.999999	0.0	0.0	0.0	1.0e-6	0.0	0.0	0.0	0.0	
399	1336860	417.72319856	6045.344111111124	6784.927444444461	44.7653	0.977909	1336856	0	0	0	0	0	0	0	0	0.000666	0.0	0.0	0.0	1.0	0.0	0.0	0.0	0.0	396.71	0.0	0.0	0.0	0.0	0.0	0.0	0.0	0.0	0.000297	0.0	0.0	0.0	11.8464	0.0	0.0	0.0	0.0	28	0	0	0	0	0	0	0	0	162124	0	0	0	0	0	0	0	0	891018	0	0	0	0	0	0	0	0	55056	0	0	0	0	0	0	0	0	23356	0	0	0	0	0	0	0	0	205274	0	0	0	0	0	0	0	0	7560.09	0.0	0.0	0.0	0.007126	0.0	0.0	0.0	0.0	0.999999	0.0	0.0	0.0	1.0e-6	0.0	0.0	0.0	0.0	
400	1340247	418.723493984	6045.344111111124	6736.344111111129	44.6785	0.977867	1340243	0	0	0	0	0	0	0	0	0.000145	0.0	0.0	0.0	1.0	0.0	0.0	0.0	0.0	397.699	0.0	0.0	0.0	0.0	0.0	0.0	0.0	0.0	0.000297	0.0	0.0	0.0	11.8464	0.0	0.0	0.0	0.0	28	0	0	0	0	0	0	0	0	162512	0	0	0	0	0	0	0	0	893257	0	0	0	0	0	0	0	0	55201	0	0	0	0	0	0	0	0	23405	0	0	0	0	0	0	0	0	205840	0	0	0	0	0	0	0	0	1648.08	0.0	0.0	0.0	0.007126	0.0	0.0	0.0	0.0	0.999996	0.0	0.0	0.0	4.0e-6	0.0	0.0	0.0	0.0	
401	1343628	419.723592414	6045.344111111124	6532.983000000016	44.5926	0.977824	1343624	0	0	0	0	0	0	0	0	0.000503	0.0	0.0	0.0	1.0	0.0	0.0	0.0	0.0	398.698	0.0	0.0	0.0	0.0	0.0	0.0	0.0	0.0	0.000297	0.0	0.0	0.0	11.8464	0.0	0.0	0.0	0.0	28	0	0	0	0	0	0	0	0	162893	0	0	0	0	0	0	0	0	895464	0	0	0	0	0	0	0	0	55379	0	0	0	0	0	0	0	0	23480	0	0	0	0	0	0	0	0	206380	0	0	0	0	0	0	0	0	5712.05	0.0	0.0	0.0	0.007126	0.0	0.0	0.0	0.0	0.999999	0.0	0.0	0.0	1.0e-6	0.0	0.0	0.0	0.0	
402	1346999	420.726288519	6045.344111111124	6561.399666666684	44.5076	0.977782	1346995	0	0	0	0	0	0	0	0	0.000518	0.0	0.0	0.0	1.0	0.0	0.0	0.0	0.0	399.699	0.0	0.0	0.0	0.0	0.0	0.0	0.0	0.0	0.000297	0.0	0.0	0.0	11.8464	0.0	0.0	0.0	0.0	28	0	0	0	0	0	0	0	0	163282	0	0	0	0	0	0	0	0	897639	0	0	0	0	0	0	0	0	55525	0	0	0	0	0	0	0	0	23541	0	0	0	0	0	0	0	0	206980	0	0	0	0	0	0	0	0	5885.06	0.0	0.0	0.0	0.007126	0.0	0.0	0.0	0.0	0.999999	0.0	0.0	0.0	1.0e-6	0.0	0.0	0.0	0.0	
403	1350324	421.726539791	6045.344111111124	6613.621888888907	44.4211	0.97774	1350320	0	0	0	0	0	0	0	0	0.00061	0.0	0.0	0.0	1.0	0.0	0.0	0.0	0.0	400.698	0.0	0.0	0.0	0.0	0.0	0.0	0.0	0.0	0.000297	0.0	0.0	0.0	11.8464	0.0	0.0	0.0	0.0	28	0	0	0	0	0	0	0	0	163666	0	0	0	0	0	0	0	0	899739	0	0	0	0	0	0	0	0	55740	0	0	0	0	0	0	0	0	23602	0	0	0	0	0	0	0	0	207545	0	0	0	0	0	0	0	0	6927.91	0.0	0.0	0.0	0.007126	0.0	0.0	0.0	0.0	0.999999	0.0	0.0	0.0	1.0e-6	0.0	0.0	0.0	0.0	
404	1353690	422.726645025	6045.344111111124	6492.427444444463	44.3357	0.977697	1353686	0	0	0	0	0	0	0	0	0.000186	0.0	0.0	0.0	1.0	0.0	0.0	0.0	0.0	401.696	0.0	0.0	0.0	0.0	0.0	0.0	0.0	0.0	0.000297	0.0	0.0	0.0	11.8464	0.0	0.0	0.0	0.0	28	0	0	0	0	0	0	0	0	164047	0	0	0	0	0	0	0	0	901896	0	0	0	0	0	0	0	0	55908	0	0	0	0	0	0	0	0	23642	0	0	0	0	0	0	0	0	208165	0	0	0	0	0	0	0	0	2109.69	0.0	0.0	0.0	0.007126	0.0	0.0	0.0	0.0	0.999997	0.0	0.0	0.0	3.0e-6	0.0	0.0	0.0	0.0	
405	1357100	423.726782207	6045.344111111124	6431.316333333353	44.2505	0.977655	1357096	0	0	0	0	0	0	0	0	0.000268	0.0	0.0	0.0	1.0	0.0	0.0	0.0	0.0	402.695	0.0	0.0	0.0	0.0	0.0	0.0	0.0	0.0	0.000297	0.0	0.0	0.0	11.8464	0.0	0.0	0.0	0.0	28	0	0	0	0	0	0	0	0	164406	0	0	0	0	0	0	0	0	904066	0	0	0	0	0	0	0	0	56063	0	0	0	0	0	0	0	0	23694	0	0	0	0	0	0	0	0	208839	0	0	0	0	0	0	0	0	3040.75	0.0	0.0	0.0	0.007126	0.0	0.0	0.0	0.0	0.999998	0.0	0.0	0.0	2.0e-6	0.0	0.0	0.0	0.0	
406	1360656	424.726914713	6045.344111111124	6439.427444444465	44.1654	0.977612	1360652	0	0	0	0	0	0	0	0	0.000493	0.0	0.0	0.0	1.0	0.0	0.0	0.0	0.0	403.694	0.0	0.0	0.0	0.0	0.0	0.0	0.0	0.0	0.000297	0.0	0.0	0.0	11.8464	0.0	0.0	0.0	0.0	28	0	0	0	0	0	0	0	0	164770	0	0	0	0	0	0	0	0	906307	0	0	0	0	0	0	0	0	56240	0	0	0	0	0	0	0	0	23792	0	0	0	0	0	0	0	0	209515	0	0	0	0	0	0	0	0	5598.1	0.0	0.0	0.0	0.007126	0.0	0.0	0.0	0.0	0.999999	0.0	0.0	0.0	1.0e-6	0.0	0.0	0.0	0.0	
407	1364155	435.155765764	6045.344111111124	6352.25	44.0818	0.97757	1364150	0	0	0	1	0	0	0	0	0.000115	0.0	0.0	0.0	0.9005	0.0	0.0	0.0	0.0	404.677	0.0	0.0	0.0	9.44406	0.0	0.0	0.0	0.0	0.000297	0.0	0.0	0.0	9.44406	0.0	0.0	0.0	0.0	28	0	0	0	0	0	0	0	0	165144	0	0	0	1	0	0	0	0	908551	0	0	0	0	0	0	0	0	56400	0	0	0	0	0	0	0	0	23885	0	0	0	0	0	0	0	0	210142	0	0	0	0	0	0	0	0	1309.79	0.0	0.0	0.0	0.010096	0.0	0.0	0.0	0.0	0.999992	0.0	0.0	0.0	8.0e-6	0.0	0.0	0.0	0.0	
408	1367487	436.155900028	6045.344111111124	6514.002222222223	43.2048	0.97712	1367482	0	0	0	1	0	0	0	0	0.000618	0.0	0.0	0.0	0.9005	0.0	0.0	0.0	0.0	405.676	0.0	0.0	0.0	9.44406	0.0	0.0	0.0	0.0	0.000297	0.0	0.0	0.0	9.44406	0.0	0.0	0.0	0.0	28	0	0	0	0	0	0	0	0	165503	0	0	0	1	0	0	0	0	910670	0	0	0	0	0	0	0	0	56555	0	0	0	0	0	0	0	0	23942	0	0	0	0	0	0	0	0	210784	0	0	0	0	0	0	0	0	7024.86	0.0	0.0	0.0	0.010096	0.0	0.0	0.0	0.0	0.999999	0.0	0.0	0.0	1.0e-6	0.0	0.0	0.0	0.0	
409	1370834	437.156200505	6045.344111111124	6404.418888888889	43.1217	0.977077	1370829	0	0	0	1	0	0	0	0	0.000872	0.0	0.0	0.0	0.9005	0.0	0.0	0.0	0.0	406.675	0.0	0.0	0.0	9.44406	0.0	0.0	0.0	0.0	0.000297	0.0	0.0	0.0	9.44406	0.0	0.0	0.0	0.0	28	0	0	0	0	0	0	0	0	165886	0	0	0	1	0	0	0	0	912768	0	0	0	0	0	0	0	0	56744	0	0	0	0	0	0	0	0	24015	0	0	0	0	0	0	0	0	211388	0	0	0	0	0	0	0	0	9910.32	0.0	0.0	0.0	0.010096	0.0	0.0	0.0	0.0	0.999999	0.0	0.0	0.0	1.0e-6	0.0	0.0	0.0	0.0	
410	1374319	438.16411948	6045.344111111124	6416.863333333335	43.039	0.977033	1374314	0	0	0	1	0	0	0	0	0.000841	0.0	0.0	0.0	0.9005	0.0	0.0	0.0	0.0	407.681	0.0	0.0	0.0	9.44406	0.0	0.0	0.0	0.0	0.000297	0.0	0.0	0.0	9.44406	0.0	0.0	0.0	0.0	28	0	0	0	0	0	0	0	0	166284	0	0	0	1	0	0	0	0	914998	0	0	0	0	0	0	0	0	56921	0	0	0	0	0	0	0	0	24071	0	0	0	0	0	0	0	0	212012	0	0	0	0	0	0	0	0	9560.23	0.0	0.0	0.0	0.010096	0.0	0.0	0.0	0.0	0.999999	0.0	0.0	0.0	1.0e-6	0.0	0.0	0.0	0.0	
411	1377855	439.164266348	6045.344111111124	6460.002222222223	42.9554	0.976989	1377850	0	0	0	1	0	0	0	0	0.000963	0.0	0.0	0.0	0.9005	0.0	0.0	0.0	0.0	408.68	0.0	0.0	0.0	9.44406	0.0	0.0	0.0	0.0	0.000297	0.0	0.0	0.0	9.44406	0.0	0.0	0.0	0.0	28	0	0	0	0	0	0	0	0	166659	0	0	0	1	0	0	0	0	917163	0	0	0	0	0	0	0	0	57130	0	0	0	0	0	0	0	0	24140	0	0	0	0	0	0	0	0	212730	0	0	0	0	0	0	0	0	10948.6	0.0	0.0	0.0	0.010096	0.0	0.0	0.0	0.0	0.999999	0.0	0.0	0.0	1.0e-6	0.0	0.0	0.0	0.0	
412	1381201	440.164412369	6045.344111111124	6311.3633333333355	42.8728	0.976945	1381196	0	0	0	1	0	0	0	0	0.000305	0.0	0.0	0.0	0.9005	0.0	0.0	0.0	0.0	409.668	0.0	0.0	0.0	9.44406	0.0	0.0	0.0	0.0	0.000297	0.0	0.0	0.0	9.44406	0.0	0.0	0.0	0.0	28	0	0	0	0	0	0	0	0	167055	0	0	0	1	0	0	0	0	919194	0	0	0	0	0	0	0	0	57322	0	0	0	0	0	0	0	0	24209	0	0	0	0	0	0	0	0	213388	0	0	0	0	0	0	0	0	3467.11	0.0	0.0	0.0	0.010096	0.0	0.0	0.0	0.0	0.999997	0.0	0.0	0.0	3.0e-6	0.0	0.0	0.0	0.0	
413	1384510	441.164571957	6045.344111111124	6472.196666666668	42.7904	0.976901	1384505	0	0	0	1	0	0	0	0	0.000214	0.0	0.0	0.0	0.9005	0.0	0.0	0.0	0.0	410.667	0.0	0.0	0.0	9.44406	0.0	0.0	0.0	0.0	0.000297	0.0	0.0	0.0	9.44406	0.0	0.0	0.0	0.0	28	0	0	0	0	0	0	0	0	167430	0	0	0	1	0	0	0	0	921260	0	0	0	0	0	0	0	0	57529	0	0	0	0	0	0	0	0	24275	0	0	0	0	0	0	0	0	213983	0	0	0	0	0	0	0	0	2430.05	0.0	0.0	0.0	0.010096	0.0	0.0	0.0	0.0	0.999996	0.0	0.0	0.0	4.0e-6	0.0	0.0	0.0	0.0	
414	1387902	442.164721905	6045.344111111124	6336.891111111113	42.7081	0.976857	1387897	0	0	0	1	0	0	0	0	0.000462	0.0	0.0	0.0	0.9005	0.0	0.0	0.0	0.0	411.665	0.0	0.0	0.0	9.44406	0.0	0.0	0.0	0.0	0.000297	0.0	0.0	0.0	9.44406	0.0	0.0	0.0	0.0	28	0	0	0	0	0	0	0	0	167774	0	0	0	1	0	0	0	0	923366	0	0	0	0	0	0	0	0	57742	0	0	0	0	0	0	0	0	24328	0	0	0	0	0	0	0	0	214659	0	0	0	0	0	0	0	0	5251.11	0.0	0.0	0.0	0.010096	0.0	0.0	0.0	0.0	0.999998	0.0	0.0	0.0	2.0e-6	0.0	0.0	0.0	0.0	
415	1391297	443.164918727	6045.344111111124	6390.807777777775	42.626	0.976813	1391292	0	0	0	1	0	0	0	0	0.000404	0.0	0.0	0.0	0.9005	0.0	0.0	0.0	0.0	412.664	0.0	0.0	0.0	9.44406	0.0	0.0	0.0	0.0	0.000297	0.0	0.0	0.0	9.44406	0.0	0.0	0.0	0.0	28	0	0	0	0	0	0	0	0	168184	0	0	0	1	0	0	0	0	925557	0	0	0	0	0	0	0	0	57922	0	0	0	0	0	0	0	0	24380	0	0	0	0	0	0	0	0	215221	0	0	0	0	0	0	0	0	4595.8	0.0	0.0	0.0	0.010096	0.0	0.0	0.0	0.0	0.999998	0.0	0.0	0.0	2.0e-6	0.0	0.0	0.0	0.0	
416	1394694	444.165005958	6045.344111111124	6733.03	42.5441	0.976769	1394689	0	0	0	1	0	0	0	0	0.000714	0.0	0.0	0.0	0.9005	0.0	0.0	0.0	0.0	413.663	0.0	0.0	0.0	9.44406	0.0	0.0	0.0	0.0	0.000297	0.0	0.0	0.0	9.44406	0.0	0.0	0.0	0.0	28	0	0	0	0	0	0	0	0	168587	0	0	0	1	0	0	0	0	927713	0	0	0	0	0	0	0	0	58114	0	0	0	0	0	0	0	0	24453	0	0	0	0	0	0	0	0	215794	0	0	0	0	0	0	0	0	8111.3	0.0	0.0	0.0	0.010096	0.0	0.0	0.0	0.0	0.999999	0.0	0.0	0.0	1.0e-6	0.0	0.0	0.0	0.0	
417	1398016	445.165149235	6045.344111111124	6850.363333333333	42.4623	0.976725	1398011	0	0	0	1	0	0	0	0	0.00025	0.0	0.0	0.0	0.9005	0.0	0.0	0.0	0.0	414.661	0.0	0.0	0.0	9.44406	0.0	0.0	0.0	0.0	0.000297	0.0	0.0	0.0	9.44406	0.0	0.0	0.0	0.0	28	0	0	0	0	0	0	0	0	168980	0	0	0	1	0	0	0	0	929787	0	0	0	0	0	0	0	0	58289	0	0	0	0	0	0	0	0	24504	0	0	0	0	0	0	0	0	216423	0	0	0	0	0	0	0	0	2842.39	0.0	0.0	0.0	0.010096	0.0	0.0	0.0	0.0	0.999996	0.0	0.0	0.0	4.0e-6	0.0	0.0	0.0	0.0	
418	1401332	446.165278837	6045.344111111124	6307.9188888888875	42.3806	0.976681	1401327	0	0	0	1	0	0	0	0	0.000659	0.0	0.0	0.0	0.9005	0.0	0.0	0.0	0.0	415.66	0.0	0.0	0.0	9.44406	0.0	0.0	0.0	0.0	0.000297	0.0	0.0	0.0	9.44406	0.0	0.0	0.0	0.0	28	0	0	0	0	0	0	0	0	169347	0	0	0	1	0	0	0	0	931899	0	0	0	0	0	0	0	0	58470	0	0	0	0	0	0	0	0	24563	0	0	0	0	0	0	0	0	217020	0	0	0	0	0	0	0	0	7485.46	0.0	0.0	0.0	0.010096	0.0	0.0	0.0	0.0	0.999999	0.0	0.0	0.0	1.0e-6	0.0	0.0	0.0	0.0	
419	1404661	447.165476723	6045.344111111124	6598.03	42.2992	0.976636	1404656	0	0	0	1	0	0	0	0	0.000531	0.0	0.0	0.0	0.9005	0.0	0.0	0.0	0.0	416.659	0.0	0.0	0.0	9.44406	0.0	0.0	0.0	0.0	0.000297	0.0	0.0	0.0	9.44406	0.0	0.0	0.0	0.0	28	0	0	0	0	0	0	0	0	169696	0	0	0	1	0	0	0	0	934093	0	0	0	0	0	0	0	0	58672	0	0	0	0	0	0	0	0	24634	0	0	0	0	0	0	0	0	217533	0	0	0	0	0	0	0	0	6033.36	0.0	0.0	0.0	0.010096	0.0	0.0	0.0	0.0	0.999998	0.0	0.0	0.0	2.0e-6	0.0	0.0	0.0	0.0	
420	1407993	448.165637816	6045.344111111124	6503.474444444442	42.2178	0.976592	1407988	0	0	0	1	0	0	0	0	0.000973	0.0	0.0	0.0	0.9005	0.0	0.0	0.0	0.0	417.657	0.0	0.0	0.0	9.44406	0.0	0.0	0.0	0.0	0.000297	0.0	0.0	0.0	9.44406	0.0	0.0	0.0	0.0	28	0	0	0	0	0	0	0	0	170078	0	0	0	1	0	0	0	0	936317	0	0	0	0	0	0	0	0	58904	0	0	0	0	0	0	0	0	24669	0	0	0	0	0	0	0	0	217992	0	0	0	0	0	0	0	0	11060.0	0.0	0.0	0.0	0.010096	0.0	0.0	0.0	0.0	0.999999	0.0	0.0	0.0	1.0e-6	0.0	0.0	0.0	0.0	
421	1411291	449.165735641	6045.344111111124	6380.807777777776	42.1367	0.976547	1411286	0	0	0	1	0	0	0	0	0.000362	0.0	0.0	0.0	0.9005	0.0	0.0	0.0	0.0	418.656	0.0	0.0	0.0	9.44406	0.0	0.0	0.0	0.0	0.000297	0.0	0.0	0.0	9.44406	0.0	0.0	0.0	0.0	28	0	0	0	0	0	0	0	0	170468	0	0	0	1	0	0	0	0	938548	0	0	0	0	0	0	0	0	59110	0	0	0	0	0	0	0	0	24717	0	0	0	0	0	0	0	0	218415	0	0	0	0	0	0	0	0	4116.56	0.0	0.0	0.0	0.010096	0.0	0.0	0.0	0.0	0.999998	0.0	0.0	0.0	2.0e-6	0.0	0.0	0.0	0.0	
422	1414571	450.170481893	6045.344111111124	6442.863333333332	42.0561	0.976503	1414566	0	0	0	1	0	0	0	0	0.000723	0.0	0.0	0.0	0.9005	0.0	0.0	0.0	0.0	419.659	0.0	0.0	0.0	9.44406	0.0	0.0	0.0	0.0	0.000297	0.0	0.0	0.0	9.44406	0.0	0.0	0.0	0.0	28	0	0	0	0	0	0	0	0	170814	0	0	0	1	0	0	0	0	940679	0	0	0	0	0	0	0	0	59294	0	0	0	0	0	0	0	0	24783	0	0	0	0	0	0	0	0	218968	0	0	0	0	0	0	0	0	8212.87	0.0	0.0	0.0	0.010096	0.0	0.0	0.0	0.0	0.999999	0.0	0.0	0.0	1.0e-6	0.0	0.0	0.0	0.0	
423	1417922	451.170771834	6045.344111111124	6398.47444444444	41.9744	0.976458	1417917	0	0	0	1	0	0	0	0	0.000666	0.0	0.0	0.0	0.9005	0.0	0.0	0.0	0.0	420.658	0.0	0.0	0.0	9.44406	0.0	0.0	0.0	0.0	0.000297	0.0	0.0	0.0	9.44406	0.0	0.0	0.0	0.0	28	0	0	0	0	0	0	0	0	171175	0	0	0	1	0	0	0	0	942874	0	0	0	0	0	0	0	0	59502	0	0	0	0	0	0	0	0	24834	0	0	0	0	0	0	0	0	219504	0	0	0	0	0	0	0	0	7569.29	0.0	0.0	0.0	0.010096	0.0	0.0	0.0	0.0	0.999999	0.0	0.0	0.0	1.0e-6	0.0	0.0	0.0	0.0	
424	1421282	452.170865588	6045.344111111124	6379.502222222219	41.8937	0.976413	1421277	0	0	0	1	0	0	0	0	0.000495	0.0	0.0	0.0	0.9005	0.0	0.0	0.0	0.0	421.657	0.0	0.0	0.0	9.44406	0.0	0.0	0.0	0.0	0.000297	0.0	0.0	0.0	9.44406	0.0	0.0	0.0	0.0	28	0	0	0	0	0	0	0	0	171538	0	0	0	1	0	0	0	0	944979	0	0	0	0	0	0	0	0	59664	0	0	0	0	0	0	0	0	24912	0	0	0	0	0	0	0	0	220156	0	0	0	0	0	0	0	0	5624.55	0.0	0.0	0.0	0.010096	0.0	0.0	0.0	0.0	0.999998	0.0	0.0	0.0	2.0e-6	0.0	0.0	0.0	0.0	
425	1424611	453.170973174	6045.344111111124	6408.64111111111	41.8132	0.976368	1424606	0	0	0	1	0	0	0	0	0.000562	0.0	0.0	0.0	0.9005	0.0	0.0	0.0	0.0	422.655	0.0	0.0	0.0	9.44406	0.0	0.0	0.0	0.0	0.000297	0.0	0.0	0.0	9.44406	0.0	0.0	0.0	0.0	28	0	0	0	0	0	0	0	0	171886	0	0	0	1	0	0	0	0	947127	0	0	0	0	0	0	0	0	59870	0	0	0	0	0	0	0	0	24988	0	0	0	0	0	0	0	0	220707	0	0	0	0	0	0	0	0	6388.6	0.0	0.0	0.0	0.010096	0.0	0.0	0.0	0.0	0.999998	0.0	0.0	0.0	2.0e-6	0.0	0.0	0.0	0.0	
426	1427961	454.171055662	6045.344111111124	6452.66888888889	41.7328	0.976323	1427956	0	0	0	1	0	0	0	0	0.00034	0.0	0.0	0.0	0.9005	0.0	0.0	0.0	0.0	423.654	0.0	0.0	0.0	9.44406	0.0	0.0	0.0	0.0	0.000297	0.0	0.0	0.0	9.44406	0.0	0.0	0.0	0.0	28	0	0	0	0	0	0	0	0	172242	0	0	0	1	0	0	0	0	949310	0	0	0	0	0	0	0	0	60079	0	0	0	0	0	0	0	0	25066	0	0	0	0	0	0	0	0	221231	0	0	0	0	0	0	0	0	3857.72	0.0	0.0	0.0	0.010096	0.0	0.0	0.0	0.0	0.999997	0.0	0.0	0.0	3.0e-6	0.0	0.0	0.0	0.0	
427	1431349	455.171267622	6045.344111111124	6478.585555555554	41.6526	0.976278	1431344	0	0	0	1	0	0	0	0	0.000564	0.0	0.0	0.0	0.9005	0.0	0.0	0.0	0.0	424.653	0.0	0.0	0.0	9.44406	0.0	0.0	0.0	0.0	0.000297	0.0	0.0	0.0	9.44406	0.0	0.0	0.0	0.0	28	0	0	0	0	0	0	0	0	172589	0	0	0	1	0	0	0	0	951548	0	0	0	0	0	0	0	0	60259	0	0	0	0	0	0	0	0	25146	0	0	0	0	0	0	0	0	221774	0	0	0	0	0	0	0	0	6404.44	0.0	0.0	0.0	0.010096	0.0	0.0	0.0	0.0	0.999998	0.0	0.0	0.0	2.0e-6	0.0	0.0	0.0	0.0	
428	1434632	456.17142658	6045.344111111124	6448.085555555554	41.5725	0.976233	1434627	0	0	0	1	0	0	0	0	0.000238	0.0	0.0	0.0	0.9005	0.0	0.0	0.0	0.0	425.651	0.0	0.0	0.0	9.44406	0.0	0.0	0.0	0.0	0.000297	0.0	0.0	0.0	9.44406	0.0	0.0	0.0	0.0	28	0	0	0	0	0	0	0	0	172959	0	0	0	1	0	0	0	0	953668	0	0	0	0	0	0	0	0	60418	0	0	0	0	0	0	0	0	25231	0	0	0	0	0	0	0	0	222323	0	0	0	0	0	0	0	0	2707.16	0.0	0.0	0.0	0.010096	0.0	0.0	0.0	0.0	0.999996	0.0	0.0	0.0	4.0e-6	0.0	0.0	0.0	0.0	
429	1437917	457.171490392	6045.344111111124	6253.89111111111	41.4926	0.976187	1437912	0	0	0	1	0	0	0	0	0.000138	0.0	0.0	0.0	0.9005	0.0	0.0	0.0	0.0	426.65	0.0	0.0	0.0	9.44406	0.0	0.0	0.0	0.0	0.000297	0.0	0.0	0.0	9.44406	0.0	0.0	0.0	0.0	28	0	0	0	0	0	0	0	0	173303	0	0	0	1	0	0	0	0	955895	0	0	0	0	0	0	0	0	60611	0	0	0	0	0	0	0	0	25315	0	0	0	0	0	0	0	0	222760	0	0	0	0	0	0	0	0	1573.06	0.0	0.0	0.0	0.010096	0.0	0.0	0.0	0.0	0.999994	0.0	0.0	0.0	6.0e-6	0.0	0.0	0.0	0.0	
430	1441255	458.171506476	6045.344111111124	6656.002222222222	41.4128	0.976142	1441250	0	0	0	1	0	0	0	0	0.000694	0.0	0.0	0.0	0.9005	0.0	0.0	0.0	0.0	427.648	0.0	0.0	0.0	9.44406	0.0	0.0	0.0	0.0	0.000297	0.0	0.0	0.0	9.44406	0.0	0.0	0.0	0.0	28	0	0	0	0	0	0	0	0	173626	0	0	0	1	0	0	0	0	958184	0	0	0	0	0	0	0	0	60763	0	0	0	0	0	0	0	0	25379	0	0	0	0	0	0	0	0	223270	0	0	0	0	0	0	0	0	7887.11	0.0	0.0	0.0	0.010096	0.0	0.0	0.0	0.0	0.999999	0.0	0.0	0.0	1.0e-6	0.0	0.0	0.0	0.0	
431	1444566	459.171671752	6045.344111111124	6452.78	41.3332	0.976097	1444561	0	0	0	1	0	0	0	0	0.000427	0.0	0.0	0.0	0.9005	0.0	0.0	0.0	0.0	428.647	0.0	0.0	0.0	9.44406	0.0	0.0	0.0	0.0	0.000297	0.0	0.0	0.0	9.44406	0.0	0.0	0.0	0.0	28	0	0	0	0	0	0	0	0	174010	0	0	0	1	0	0	0	0	960361	0	0	0	0	0	0	0	0	60934	0	0	0	0	0	0	0	0	25444	0	0	0	0	0	0	0	0	223784	0	0	0	0	0	0	0	0	4850.05	0.0	0.0	0.0	0.010096	0.0	0.0	0.0	0.0	0.999998	0.0	0.0	0.0	2.0e-6	0.0	0.0	0.0	0.0	
432	1447946	460.171795401	6045.344111111124	6462.474444444443	41.2537	0.976051	1447941	0	0	0	1	0	0	0	0	0.000663	0.0	0.0	0.0	0.9005	0.0	0.0	0.0	0.0	429.646	0.0	0.0	0.0	9.44406	0.0	0.0	0.0	0.0	0.000297	0.0	0.0	0.0	9.44406	0.0	0.0	0.0	0.0	28	0	0	0	0	0	0	0	0	174399	0	0	0	1	0	0	0	0	962517	0	0	0	0	0	0	0	0	61149	0	0	0	0	0	0	0	0	25515	0	0	0	0	0	0	0	0	224333	0	0	0	0	0	0	0	0	7529.36	0.0	0.0	0.0	0.010096	0.0	0.0	0.0	0.0	0.999999	0.0	0.0	0.0	1.0e-6	0.0	0.0	0.0	0.0	
433	1451261	461.17195942	6045.344111111124	6456.585555555555	41.1744	0.976006	1451256	0	0	0	1	0	0	0	0	0.000368	0.0	0.0	0.0	0.9005	0.0	0.0	0.0	0.0	430.644	0.0	0.0	0.0	9.44406	0.0	0.0	0.0	0.0	0.000297	0.0	0.0	0.0	9.44406	0.0	0.0	0.0	0.0	28	0	0	0	0	0	0	0	0	174748	0	0	0	1	0	0	0	0	964621	0	0	0	0	0	0	0	0	61353	0	0	0	0	0	0	0	0	25630	0	0	0	0	0	0	0	0	224876	0	0	0	0	0	0	0	0	4178.54	0.0	0.0	0.0	0.010096	0.0	0.0	0.0	0.0	0.999998	0.0	0.0	0.0	2.0e-6	0.0	0.0	0.0	0.0	
434	1454549	462.171982843	6045.344111111124	6544.918888888886	41.0952	0.97596	1454544	0	0	0	1	0	0	0	0	0.00035	0.0	0.0	0.0	0.9005	0.0	0.0	0.0	0.0	431.643	0.0	0.0	0.0	9.44406	0.0	0.0	0.0	0.0	0.000297	0.0	0.0	0.0	9.44406	0.0	0.0	0.0	0.0	28	0	0	0	0	0	0	0	0	175092	0	0	0	1	0	0	0	0	966791	0	0	0	0	0	0	0	0	61542	0	0	0	0	0	0	0	0	25702	0	0	0	0	0	0	0	0	225389	0	0	0	0	0	0	0	0	3977.56	0.0	0.0	0.0	0.010096	0.0	0.0	0.0	0.0	0.999997	0.0	0.0	0.0	3.0e-6	0.0	0.0	0.0	0.0	
435	1457934	463.172127505	6045.344111111124	6745.835555555555	41.0162	0.975914	1457929	0	0	0	1	0	0	0	0	0.00044	0.0	0.0	0.0	0.9005	0.0	0.0	0.0	0.0	432.642	0.0	0.0	0.0	9.44406	0.0	0.0	0.0	0.0	0.000297	0.0	0.0	0.0	9.44406	0.0	0.0	0.0	0.0	28	0	0	0	0	0	0	0	0	175426	0	0	0	1	0	0	0	0	968980	0	0	0	0	0	0	0	0	61697	0	0	0	0	0	0	0	0	25795	0	0	0	0	0	0	0	0	226003	0	0	0	0	0	0	0	0	4994.96	0.0	0.0	0.0	0.010096	0.0	0.0	0.0	0.0	0.999998	0.0	0.0	0.0	2.0e-6	0.0	0.0	0.0	0.0	
436	1461305	464.172259366	6045.344111111124	6463.335555555555	40.9374	0.975868	1461300	0	0	0	1	0	0	0	0	0.000468	0.0	0.0	0.0	0.9005	0.0	0.0	0.0	0.0	433.64	0.0	0.0	0.0	9.44406	0.0	0.0	0.0	0.0	0.000297	0.0	0.0	0.0	9.44406	0.0	0.0	0.0	0.0	28	0	0	0	0	0	0	0	0	175779	0	0	0	1	0	0	0	0	971173	0	0	0	0	0	0	0	0	61865	0	0	0	0	0	0	0	0	25888	0	0	0	0	0	0	0	0	226567	0	0	0	0	0	0	0	0	5313.65	0.0	0.0	0.0	0.010096	0.0	0.0	0.0	0.0	0.999998	0.0	0.0	0.0	2.0e-6	0.0	0.0	0.0	0.0	
437	1464691	465.172313385	6045.344111111124	6642.696666666667	40.8587	0.975822	1464686	0	0	0	1	0	0	0	0	0.000319	0.0	0.0	0.0	0.9005	0.0	0.0	0.0	0.0	434.639	0.0	0.0	0.0	9.44406	0.0	0.0	0.0	0.0	0.000297	0.0	0.0	0.0	9.44406	0.0	0.0	0.0	0.0	28	0	0	0	0	0	0	0	0	176129	0	0	0	1	0	0	0	0	973365	0	0	0	0	0	0	0	0	62070	0	0	0	0	0	0	0	0	25968	0	0	0	0	0	0	0	0	227126	0	0	0	0	0	0	0	0	3618.64	0.0	0.0	0.0	0.010096	0.0	0.0	0.0	0.0	0.999997	0.0	0.0	0.0	3.0e-6	0.0	0.0	0.0	0.0	
438	1468034	466.172549578	6045.344111111124	6437.502222222222	40.7801	0.975776	1468029	0	0	0	1	0	0	0	0	0.000788	0.0	0.0	0.0	0.9005	0.0	0.0	0.0	0.0	435.638	0.0	0.0	0.0	9.44406	0.0	0.0	0.0	0.0	0.000297	0.0	0.0	0.0	9.44406	0.0	0.0	0.0	0.0	28	0	0	0	0	0	0	0	0	176508	0	0	0	1	0	0	0	0	975571	0	0	0	0	0	0	0	0	62250	0	0	0	0	0	0	0	0	26033	0	0	0	0	0	0	0	0	227639	0	0	0	0	0	0	0	0	8951.62	0.0	0.0	0.0	0.010096	0.0	0.0	0.0	0.0	0.999999	0.0	0.0	0.0	1.0e-6	0.0	0.0	0.0	0.0	
439	1471339	467.172621436	6045.344111111124	6608.557777777776	40.7017	0.97573	1471334	0	0	0	1	0	0	0	0	0.00127	0.0	0.0	0.0	0.9005	0.0	0.0	0.0	0.0	436.636	0.0	0.0	0.0	9.44406	0.0	0.0	0.0	0.0	0.000297	0.0	0.0	0.0	9.44406	0.0	0.0	0.0	0.0	28	0	0	0	0	0	0	0	0	176884	0	0	0	1	0	0	0	0	977673	0	0	0	0	0	0	0	0	62461	0	0	0	0	0	0	0	0	26068	0	0	0	0	0	0	0	0	228220	0	0	0	0	0	0	0	0	14424.8	0.0	0.0	0.0	0.010096	0.0	0.0	0.0	0.0	0.999999	0.0	0.0	0.0	1.0e-6	0.0	0.0	0.0	0.0	
440	1474598	468.172649614	6045.344111111124	6614.779999999998	40.6235	0.975684	1474593	0	0	0	1	0	0	0	0	0.000497	0.0	0.0	0.0	0.9005	0.0	0.0	0.0	0.0	437.635	0.0	0.0	0.0	9.44406	0.0	0.0	0.0	0.0	0.000297	0.0	0.0	0.0	9.44406	0.0	0.0	0.0	0.0	28	0	0	0	0	0	0	0	0	177256	0	0	0	1	0	0	0	0	979844	0	0	0	0	0	0	0	0	62667	0	0	0	0	0	0	0	0	26109	0	0	0	0	0	0	0	0	228689	0	0	0	0	0	0	0	0	5646.21	0.0	0.0	0.0	0.010096	0.0	0.0	0.0	0.0	0.999998	0.0	0.0	0.0	2.0e-6	0.0	0.0	0.0	0.0	
441	1477904	469.172727564	6045.344111111124	6982.752222222222	40.5454	0.975638	1477899	0	0	0	1	0	0	0	0	0.000468	0.0	0.0	0.0	0.9005	0.0	0.0	0.0	0.0	438.623	0.0	0.0	0.0	9.44406	0.0	0.0	0.0	0.0	0.000297	0.0	0.0	0.0	9.44406	0.0	0.0	0.0	0.0	28	0	0	0	0	0	0	0	0	177620	0	0	0	1	0	0	0	0	982086	0	0	0	0	0	0	0	0	62867	0	0	0	0	0	0	0	0	26146	0	0	0	0	0	0	0	0	229152	0	0	0	0	0	0	0	0	5307.65	0.0	0.0	0.0	0.010096	0.0	0.0	0.0	0.0	0.999998	0.0	0.0	0.0	2.0e-6	0.0	0.0	0.0	0.0	
442	1481228	470.173048849	6045.344111111124	6443.807777777774	40.4674	0.975592	1481223	0	0	0	1	0	0	0	0	0.000219	0.0	0.0	0.0	0.9005	0.0	0.0	0.0	0.0	439.622	0.0	0.0	0.0	9.44406	0.0	0.0	0.0	0.0	0.000297	0.0	0.0	0.0	9.44406	0.0	0.0	0.0	0.0	28	0	0	0	0	0	0	0	0	177976	0	0	0	1	0	0	0	0	984312	0	0	0	0	0	0	0	0	63137	0	0	0	0	0	0	0	0	26204	0	0	0	0	0	0	0	0	229566	0	0	0	0	0	0	0	0	2487.96	0.0	0.0	0.0	0.010096	0.0	0.0	0.0	0.0	0.999996	0.0	0.0	0.0	4.0e-6	0.0	0.0	0.0	0.0	
443	1484480	471.173108849	6045.344111111124	6629.363333333332	40.3896	0.975545	1484475	0	0	0	1	0	0	0	0	0.000318	0.0	0.0	0.0	0.9005	0.0	0.0	0.0	0.0	440.621	0.0	0.0	0.0	9.44406	0.0	0.0	0.0	0.0	0.000297	0.0	0.0	0.0	9.44406	0.0	0.0	0.0	0.0	28	0	0	0	0	0	0	0	0	178351	0	0	0	1	0	0	0	0	986403	0	0	0	0	0	0	0	0	63340	0	0	0	0	0	0	0	0	26244	0	0	0	0	0	0	0	0	230109	0	0	0	0	0	0	0	0	3612.08	0.0	0.0	0.0	0.010096	0.0	0.0	0.0	0.0	0.999997	0.0	0.0	0.0	3.0e-6	0.0	0.0	0.0	0.0	
444	1487832	472.173133633	6045.344111111124	6684.307777777781	40.312	0.975499	1487827	0	0	0	1	0	0	0	0	0.000244	0.0	0.0	0.0	0.9005	0.0	0.0	0.0	0.0	441.619	0.0	0.0	0.0	9.44406	0.0	0.0	0.0	0.0	0.000297	0.0	0.0	0.0	9.44406	0.0	0.0	0.0	0.0	28	0	0	0	0	0	0	0	0	178705	0	0	0	1	0	0	0	0	988583	0	0	0	0	0	0	0	0	63549	0	0	0	0	0	0	0	0	26315	0	0	0	0	0	0	0	0	230647	0	0	0	0	0	0	0	0	2764.46	0.0	0.0	0.0	0.010096	0.0	0.0	0.0	0.0	0.999996	0.0	0.0	0.0	4.0e-6	0.0	0.0	0.0	0.0	
445	1491124	473.173283202	6045.344111111124	6639.474444444446	40.2345	0.975452	1491119	0	0	0	1	0	0	0	0	0.00029	0.0	0.0	0.0	0.9005	0.0	0.0	0.0	0.0	442.618	0.0	0.0	0.0	9.44406	0.0	0.0	0.0	0.0	0.000297	0.0	0.0	0.0	9.44406	0.0	0.0	0.0	0.0	28	0	0	0	0	0	0	0	0	179081	0	0	0	1	0	0	0	0	990747	0	0	0	0	0	0	0	0	63733	0	0	0	0	0	0	0	0	26388	0	0	0	0	0	0	0	0	231142	0	0	0	0	0	0	0	0	3290.21	0.0	0.0	0.0	0.010096	0.0	0.0	0.0	0.0	0.999997	0.0	0.0	0.0	3.0e-6	0.0	0.0	0.0	0.0	
446	1494440	474.173440679	6045.344111111124	6600.085555555556	40.1571	0.975405	1494435	0	0	0	1	0	0	0	0	0.000726	0.0	0.0	0.0	0.9005	0.0	0.0	0.0	0.0	443.616	0.0	0.0	0.0	9.44406	0.0	0.0	0.0	0.0	0.000297	0.0	0.0	0.0	9.44406	0.0	0.0	0.0	0.0	28	0	0	0	0	0	0	0	0	179471	0	0	0	1	0	0	0	0	992946	0	0	0	0	0	0	0	0	63919	0	0	0	0	0	0	0	0	26440	0	0	0	0	0	0	0	0	231631	0	0	0	0	0	0	0	0	8244.64	0.0	0.0	0.0	0.010096	0.0	0.0	0.0	0.0	0.999999	0.0	0.0	0.0	1.0e-6	0.0	0.0	0.0	0.0	
447	1497840	475.173664018	6045.344111111124	6424.002222222223	40.0799	0.975359	1497835	0	0	0	1	0	0	0	0	0.000553	0.0	0.0	0.0	0.9005	0.0	0.0	0.0	0.0	444.615	0.0	0.0	0.0	9.44406	0.0	0.0	0.0	0.0	0.000297	0.0	0.0	0.0	9.44406	0.0	0.0	0.0	0.0	28	0	0	0	0	0	0	0	0	179826	0	0	0	1	0	0	0	0	995096	0	0	0	0	0	0	0	0	64116	0	0	0	0	0	0	0	0	26512	0	0	0	0	0	0	0	0	232257	0	0	0	0	0	0	0	0	6276.58	0.0	0.0	0.0	0.010096	0.0	0.0	0.0	0.0	0.999998	0.0	0.0	0.0	2.0e-6	0.0	0.0	0.0	0.0	
448	1501204	476.173828036	6045.344111111124	6468.668888888891	40.0029	0.975312	1501199	0	0	0	1	0	0	0	0	0.000313	0.0	0.0	0.0	0.9005	0.0	0.0	0.0	0.0	445.614	0.0	0.0	0.0	9.44406	0.0	0.0	0.0	0.0	0.000297	0.0	0.0	0.0	9.44406	0.0	0.0	0.0	0.0	28	0	0	0	0	0	0	0	0	180176	0	0	0	1	0	0	0	0	997276	0	0	0	0	0	0	0	0	64306	0	0	0	0	0	0	0	0	26594	0	0	0	0	0	0	0	0	232819	0	0	0	0	0	0	0	0	3547.56	0.0	0.0	0.0	0.010096	0.0	0.0	0.0	0.0	0.999997	0.0	0.0	0.0	3.0e-6	0.0	0.0	0.0	0.0	
449	1504498	477.182110568	6045.344111111124	6393.168888888891	39.9261	0.975265	1504493	0	0	0	1	0	0	0	0	0.000419	0.0	0.0	0.0	0.9005	0.0	0.0	0.0	0.0	446.621	0.0	0.0	0.0	9.44406	0.0	0.0	0.0	0.0	0.000297	0.0	0.0	0.0	9.44406	0.0	0.0	0.0	0.0	28	0	0	0	0	0	0	0	0	180544	0	0	0	1	0	0	0	0	999414	0	0	0	0	0	0	0	0	64519	0	0	0	0	0	0	0	0	26638	0	0	0	0	0	0	0	0	233350	0	0	0	0	0	0	0	0	4756.22	0.0	0.0	0.0	0.010096	0.0	0.0	0.0	0.0	0.999998	0.0	0.0	0.0	2.0e-6	0.0	0.0	0.0	0.0	
450	1507777	478.182230553	6045.344111111124	6612.085555555558	39.8486	0.975217	1507772	0	0	0	1	0	0	0	0	0.000584	0.0	0.0	0.0	0.9005	0.0	0.0	0.0	0.0	447.619	0.0	0.0	0.0	9.44406	0.0	0.0	0.0	0.0	0.000297	0.0	0.0	0.0	9.44406	0.0	0.0	0.0	0.0	28	0	0	0	0	0	0	0	0	180905	0	0	0	1	0	0	0	0	1001589	0	0	0	0	0	0	0	0	64716	0	0	0	0	0	0	0	0	26708	0	0	0	0	0	0	0	0	233826	0	0	0	0	0	0	0	0	6623.23	0.0	0.0	0.0	0.010096	0.0	0.0	0.0	0.0	0.999998	0.0	0.0	0.0	2.0e-6	0.0	0.0	0.0	0.0	
451	1511090	479.182311971	6045.344111111124	6431.307777777778	39.772	0.97517	1511085	0	0	0	1	0	0	0	0	0.000377	0.0	0.0	0.0	0.9005	0.0	0.0	0.0	0.0	448.618	0.0	0.0	0.0	9.44406	0.0	0.0	0.0	0.0	0.000297	0.0	0.0	0.0	9.44406	0.0	0.0	0.0	0.0	28	0	0	0	0	0	0	0	0	181252	0	0	0	1	0	0	0	0	1003819	0	0	0	0	0	0	0	0	64947	0	0	0	0	0	0	0	0	26764	0	0	0	0	0	0	0	0	234275	0	0	0	0	0	0	0	0	4282.61	0.0	0.0	0.0	0.010096	0.0	0.0	0.0	0.0	0.999998	0.0	0.0	0.0	2.0e-6	0.0	0.0	0.0	0.0	
452	1514491	480.182534405	6045.344111111124	6322.363333333334	39.6955	0.975123	1514486	0	0	0	1	0	0	0	0	0.000522	0.0	0.0	0.0	0.9005	0.0	0.0	0.0	0.0	449.617	0.0	0.0	0.0	9.44406	0.0	0.0	0.0	0.0	0.000297	0.0	0.0	0.0	9.44406	0.0	0.0	0.0	0.0	28	0	0	0	0	0	0	0	0	181614	0	0	0	1	0	0	0	0	1006030	0	0	0	0	0	0	0	0	65153	0	0	0	0	0	0	0	0	26828	0	0	0	0	0	0	0	0	234833	0	0	0	0	0	0	0	0	5926.87	0.0	0.0	0.0	0.010096	0.0	0.0	0.0	0.0	0.999998	0.0	0.0	0.0	2.0e-6	0.0	0.0	0.0	0.0	
453	1517890	481.18265194	6045.344111111124	6244.696666666667	39.6192	0.975076	1517885	0	0	0	1	0	0	0	0	0.000781	0.0	0.0	0.0	0.9005	0.0	0.0	0.0	0.0	450.615	0.0	0.0	0.0	9.44406	0.0	0.0	0.0	0.0	0.000297	0.0	0.0	0.0	9.44406	0.0	0.0	0.0	0.0	28	0	0	0	0	0	0	0	0	182025	0	0	0	1	0	0	0	0	1008248	0	0	0	0	0	0	0	0	65359	0	0	0	0	0	0	0	0	26894	0	0	0	0	0	0	0	0	235331	0	0	0	0	0	0	0	0	8861.01	0.0	0.0	0.0	0.010096	0.0	0.0	0.0	0.0	0.999999	0.0	0.0	0.0	1.0e-6	0.0	0.0	0.0	0.0	
454	1521307	482.182682874	6021.0022222222215	6557.446666666666	39.543	0.975028	1521302	0	0	0	1	0	0	0	0	0.00055	0.0	0.0	0.0	0.9005	0.0	0.0	0.0	0.0	451.614	0.0	0.0	0.0	9.44406	0.0	0.0	0.0	0.0	0.000297	0.0	0.0	0.0	9.44406	0.0	0.0	0.0	0.0	31	0	0	0	0	0	0	0	0	182447	0	0	0	1	0	0	0	0	1010487	0	0	0	0	0	0	0	0	65595	0	0	0	0	0	0	0	0	26927	0	0	0	0	0	0	0	0	235815	0	0	0	0	0	0	0	0	6238.81	0.0	0.0	0.0	0.010096	0.0	0.0	0.0	0.0	0.999998	0.0	0.0	0.0	2.0e-6	0.0	0.0	0.0	0.0	
455	1524737	483.182927965	5930.307777777774	6198.252222222219	39.467	0.974981	1524732	0	0	0	1	0	0	0	0	0.000524	0.0	0.0	0.0	0.9005	0.0	0.0	0.0	0.0	452.613	0.0	0.0	0.0	9.44406	0.0	0.0	0.0	0.0	0.000297	0.0	0.0	0.0	9.44406	0.0	0.0	0.0	0.0	42	0	0	0	0	0	0	0	0	182825	0	0	0	1	0	0	0	0	1012721	0	0	0	0	0	0	0	0	65828	0	0	0	0	0	0	0	0	26960	0	0	0	0	0	0	0	0	236356	0	0	0	0	0	0	0	0	5944.71	0.0	0.0	0.0	0.010096	0.0	0.0	0.0	0.0	0.999998	0.0	0.0	0.0	2.0e-6	0.0	0.0	0.0	0.0	
456	1528180	484.183196555	5900.891111111108	6184.2522222222215	39.3911	0.974933	1528175	0	0	0	1	0	0	0	0	0.000666	0.0	0.0	0.0	0.9005	0.0	0.0	0.0	0.0	453.611	0.0	0.0	0.0	9.44406	0.0	0.0	0.0	0.0	0.000297	0.0	0.0	0.0	9.44406	0.0	0.0	0.0	0.0	44	0	0	0	0	0	0	0	0	183218	0	0	0	1	0	0	0	0	1014978	0	0	0	0	0	0	0	0	66061	0	0	0	0	0	0	0	0	27004	0	0	0	0	0	0	0	0	236870	0	0	0	0	0	0	0	0	7563.22	0.0	0.0	0.0	0.010096	0.0	0.0	0.0	0.0	0.999999	0.0	0.0	0.0	1.0e-6	0.0	0.0	0.0	0.0	
457	1531592	485.183330978	5900.891111111108	6463.446666666666	39.3154	0.974885	1531587	0	0	0	1	0	0	0	0	0.000283	0.0	0.0	0.0	0.9005	0.0	0.0	0.0	0.0	454.61	0.0	0.0	0.0	9.44406	0.0	0.0	0.0	0.0	0.000297	0.0	0.0	0.0	9.44406	0.0	0.0	0.0	0.0	44	0	0	0	0	0	0	0	0	183596	0	0	0	1	0	0	0	0	1017224	0	0	0	0	0	0	0	0	66330	0	0	0	0	0	0	0	0	27051	0	0	0	0	0	0	0	0	237342	0	0	0	0	0	0	0	0	3212.74	0.0	0.0	0.0	0.010096	0.0	0.0	0.0	0.0	0.999997	0.0	0.0	0.0	3.0e-6	0.0	0.0	0.0	0.0	
458	1534999	486.183659602	5900.891111111108	6445.724444444443	39.2398	0.974838	1534994	0	0	0	1	0	0	0	0	0.001052	0.0	0.0	0.0	0.9005	0.0	0.0	0.0	0.0	455.609	0.0	0.0	0.0	9.44406	0.0	0.0	0.0	0.0	0.000297	0.0	0.0	0.0	9.44406	0.0	0.0	0.0	0.0	44	0	0	0	0	0	0	0	0	183994	0	0	0	1	0	0	0	0	1019506	0	0	0	0	0	0	0	0	66522	0	0	0	0	0	0	0	0	27085	0	0	0	0	0	0	0	0	237843	0	0	0	0	0	0	0	0	11942.9	0.0	0.0	0.0	0.010096	0.0	0.0	0.0	0.0	0.999999	0.0	0.0	0.0	1.0e-6	0.0	0.0	0.0	0.0	
459	1538447	487.183677311	5900.891111111108	6615.307777777777	39.1643	0.97479	1538442	0	0	0	1	0	0	0	0	0.000633	0.0	0.0	0.0	0.9005	0.0	0.0	0.0	0.0	456.608	0.0	0.0	0.0	9.44406	0.0	0.0	0.0	0.0	0.000297	0.0	0.0	0.0	9.44406	0.0	0.0	0.0	0.0	44	0	0	0	0	0	0	0	0	184394	0	0	0	1	0	0	0	0	1021701	0	0	0	0	0	0	0	0	66723	0	0	0	0	0	0	0	0	27138	0	0	0	0	0	0	0	0	238442	0	0	0	0	0	0	0	0	7183.95	0.0	0.0	0.0	0.010096	0.0	0.0	0.0	0.0	0.999999	0.0	0.0	0.0	1.0e-6	0.0	0.0	0.0	0.0	
460	1541865	488.183969564	5900.891111111108	6532.057777777777	39.089	0.974742	1541860	0	0	0	1	0	0	0	0	0.000324	0.0	0.0	0.0	0.9005	0.0	0.0	0.0	0.0	457.606	0.0	0.0	0.0	9.44406	0.0	0.0	0.0	0.0	0.000297	0.0	0.0	0.0	9.44406	0.0	0.0	0.0	0.0	44	0	0	0	0	0	0	0	0	184755	0	0	0	1	0	0	0	0	1023952	0	0	0	0	0	0	0	0	66895	0	0	0	0	0	0	0	0	27193	0	0	0	0	0	0	0	0	239021	0	0	0	0	0	0	0	0	3683.76	0.0	0.0	0.0	0.010096	0.0	0.0	0.0	0.0	0.999997	0.0	0.0	0.0	3.0e-6	0.0	0.0	0.0	0.0	
461	1545259	489.184123568	5900.891111111108	6768.835555555554	39.0139	0.974694	1545254	0	0	0	1	0	0	0	0	0.000361	0.0	0.0	0.0	0.9005	0.0	0.0	0.0	0.0	458.605	0.0	0.0	0.0	9.44406	0.0	0.0	0.0	0.0	0.000297	0.0	0.0	0.0	9.44406	0.0	0.0	0.0	0.0	44	0	0	0	0	0	0	0	0	185132	0	0	0	1	0	0	0	0	1026261	0	0	0	0	0	0	0	0	67089	0	0	0	0	0	0	0	0	27239	0	0	0	0	0	0	0	0	239489	0	0	0	0	0	0	0	0	4103.99	0.0	0.0	0.0	0.010096	0.0	0.0	0.0	0.0	0.999998	0.0	0.0	0.0	2.0e-6	0.0	0.0	0.0	0.0	
462	1548622	490.184136725	5900.891111111108	6658.668888888888	38.9389	0.974646	1548617	0	0	0	1	0	0	0	0	0.000707	0.0	0.0	0.0	0.9005	0.0	0.0	0.0	0.0	459.604	0.0	0.0	0.0	9.44406	0.0	0.0	0.0	0.0	0.000297	0.0	0.0	0.0	9.44406	0.0	0.0	0.0	0.0	44	0	0	0	0	0	0	0	0	185561	0	0	0	1	0	0	0	0	1028506	0	0	0	0	0	0	0	0	67302	0	0	0	0	0	0	0	0	27283	0	0	0	0	0	0	0	0	239921	0	0	0	0	0	0	0	0	8022.92	0.0	0.0	0.0	0.010096	0.0	0.0	0.0	0.0	0.999999	0.0	0.0	0.0	1.0e-6	0.0	0.0	0.0	0.0	
463	1552033	491.184461713	5900.891111111108	6384.752222222222	38.864	0.974597	1552028	0	0	0	1	0	0	0	0	0.00055	0.0	0.0	0.0	0.9005	0.0	0.0	0.0	0.0	460.603	0.0	0.0	0.0	9.44406	0.0	0.0	0.0	0.0	0.000297	0.0	0.0	0.0	9.44406	0.0	0.0	0.0	0.0	44	0	0	0	0	0	0	0	0	185954	0	0	0	1	0	0	0	0	1030741	0	0	0	0	0	0	0	0	67544	0	0	0	0	0	0	0	0	27351	0	0	0	0	0	0	0	0	240394	0	0	0	0	0	0	0	0	6242.86	0.0	0.0	0.0	0.010096	0.0	0.0	0.0	0.0	0.999998	0.0	0.0	0.0	2.0e-6	0.0	0.0	0.0	0.0	
464	1555509	492.18462519	5900.891111111108	6171.335555555557	38.7893	0.974549	1555504	0	0	0	1	0	0	0	0	0.000736	0.0	0.0	0.0	0.9005	0.0	0.0	0.0	0.0	461.601	0.0	0.0	0.0	9.44406	0.0	0.0	0.0	0.0	0.000297	0.0	0.0	0.0	9.44406	0.0	0.0	0.0	0.0	44	0	0	0	0	0	0	0	0	186286	0	0	0	1	0	0	0	0	1032997	0	0	0	0	0	0	0	0	67784	0	0	0	0	0	0	0	0	27434	0	0	0	0	0	0	0	0	240959	0	0	0	0	0	0	0	0	8356.09	0.0	0.0	0.0	0.010096	0.0	0.0	0.0	0.0	0.999999	0.0	0.0	0.0	1.0e-6	0.0	0.0	0.0	0.0	
465	1558870	493.184656017	5900.891111111108	6154.779999999999	38.7147	0.974501	1558865	0	0	0	1	0	0	0	0	0.000292	0.0	0.0	0.0	0.9005	0.0	0.0	0.0	0.0	462.6	0.0	0.0	0.0	9.44406	0.0	0.0	0.0	0.0	0.000297	0.0	0.0	0.0	9.44406	0.0	0.0	0.0	0.0	44	0	0	0	0	0	0	0	0	186663	0	0	0	1	0	0	0	0	1035225	0	0	0	0	0	0	0	0	67973	0	0	0	0	0	0	0	0	27485	0	0	0	0	0	0	0	0	241475	0	0	0	0	0	0	0	0	3310.95	0.0	0.0	0.0	0.010096	0.0	0.0	0.0	0.0	0.999997	0.0	0.0	0.0	3.0e-6	0.0	0.0	0.0	0.0	
466	1562177	494.184688603	5900.891111111108	6439.530000000002	38.6403	0.974452	1562172	0	0	0	1	0	0	0	0	0.000802	0.0	0.0	0.0	0.9005	0.0	0.0	0.0	0.0	463.598	0.0	0.0	0.0	9.44406	0.0	0.0	0.0	0.0	0.000297	0.0	0.0	0.0	9.44406	0.0	0.0	0.0	0.0	44	0	0	0	0	0	0	0	0	187001	0	0	0	1	0	0	0	0	1037472	0	0	0	0	0	0	0	0	68146	0	0	0	0	0	0	0	0	27542	0	0	0	0	0	0	0	0	241967	0	0	0	0	0	0	0	0	9106.76	0.0	0.0	0.0	0.010096	0.0	0.0	0.0	0.0	0.999999	0.0	0.0	0.0	1.0e-6	0.0	0.0	0.0	0.0	
467	1565454	495.184800741	5900.891111111108	6377.6688888888875	38.566	0.974404	1565449	0	0	0	1	0	0	0	0	0.000683	0.0	0.0	0.0	0.9005	0.0	0.0	0.0	0.0	464.597	0.0	0.0	0.0	9.44406	0.0	0.0	0.0	0.0	0.000297	0.0	0.0	0.0	9.44406	0.0	0.0	0.0	0.0	44	0	0	0	0	0	0	0	0	187403	0	0	0	1	0	0	0	0	1039642	0	0	0	0	0	0	0	0	68325	0	0	0	0	0	0	0	0	27591	0	0	0	0	0	0	0	0	242444	0	0	0	0	0	0	0	0	7756.28	0.0	0.0	0.0	0.010096	0.0	0.0	0.0	0.0	0.999999	0.0	0.0	0.0	1.0e-6	0.0	0.0	0.0	0.0	
468	1568721	496.18499047	5900.891111111108	6378.779999999999	38.4919	0.974355	1568716	0	0	0	1	0	0	0	0	0.000838	0.0	0.0	0.0	0.9005	0.0	0.0	0.0	0.0	465.596	0.0	0.0	0.0	9.44406	0.0	0.0	0.0	0.0	0.000297	0.0	0.0	0.0	9.44406	0.0	0.0	0.0	0.0	44	0	0	0	0	0	0	0	0	187784	0	0	0	1	0	0	0	0	1041810	0	0	0	0	0	0	0	0	68480	0	0	0	0	0	0	0	0	27642	0	0	0	0	0	0	0	0	242956	0	0	0	0	0	0	0	0	9514.3	0.0	0.0	0.0	0.010096	0.0	0.0	0.0	0.0	0.999999	0.0	0.0	0.0	1.0e-6	0.0	0.0	0.0	0.0	
469	1571967	497.185344241	5900.891111111108	6288.53	38.4179	0.974306	1571962	0	0	0	1	0	0	0	0	0.000907	0.0	0.0	0.0	0.9005	0.0	0.0	0.0	0.0	466.594	0.0	0.0	0.0	9.44406	0.0	0.0	0.0	0.0	0.000297	0.0	0.0	0.0	9.44406	0.0	0.0	0.0	0.0	44	0	0	0	0	0	0	0	0	188139	0	0	0	1	0	0	0	0	1043941	0	0	0	0	0	0	0	0	68682	0	0	0	0	0	0	0	0	27690	0	0	0	0	0	0	0	0	243466	0	0	0	0	0	0	0	0	10297.9	0.0	0.0	0.0	0.010096	0.0	0.0	0.0	0.0	0.999999	0.0	0.0	0.0	1.0e-6	0.0	0.0	0.0	0.0	
470	1575287	498.185407201	5900.891111111108	6726.668888888887	38.344	0.974257	1575282	0	0	0	1	0	0	0	0	0.000775	0.0	0.0	0.0	0.9005	0.0	0.0	0.0	0.0	467.593	0.0	0.0	0.0	9.44406	0.0	0.0	0.0	0.0	0.000297	0.0	0.0	0.0	9.44406	0.0	0.0	0.0	0.0	44	0	0	0	0	0	0	0	0	188488	0	0	0	1	0	0	0	0	1046145	0	0	0	0	0	0	0	0	68929	0	0	0	0	0	0	0	0	27725	0	0	0	0	0	0	0	0	243951	0	0	0	0	0	0	0	0	8790.54	0.0	0.0	0.0	0.010096	0.0	0.0	0.0	0.0	0.999999	0.0	0.0	0.0	1.0e-6	0.0	0.0	0.0	0.0	
471	1578761	499.185463844	5900.891111111108	6750.391111111108	38.2703	0.974209	1578756	0	0	0	1	0	0	0	0	0.00108	0.0	0.0	0.0	0.9005	0.0	0.0	0.0	0.0	468.592	0.0	0.0	0.0	9.44406	0.0	0.0	0.0	0.0	0.000297	0.0	0.0	0.0	9.44406	0.0	0.0	0.0	0.0	44	0	0	0	0	0	0	0	0	188892	0	0	0	1	0	0	0	0	1048432	0	0	0	0	0	0	0	0	69114	0	0	0	0	0	0	0	0	27766	0	0	0	0	0	0	0	0	244508	0	0	0	0	0	0	0	0	12259.1	0.0	0.0	0.0	0.010096	0.0	0.0	0.0	0.0	0.999999	0.0	0.0	0.0	1.0e-6	0.0	0.0	0.0	0.0	
472	1582272	500.185506836	5900.891111111108	6380.25222222222	38.1967	0.974159	1582267	0	0	0	1	0	0	0	0	0.001063	0.0	0.0	0.0	0.9005	0.0	0.0	0.0	0.0	469.59	0.0	0.0	0.0	9.44406	0.0	0.0	0.0	0.0	0.000297	0.0	0.0	0.0	9.44406	0.0	0.0	0.0	0.0	44	0	0	0	0	0	0	0	0	189314	0	0	0	1	0	0	0	0	1050722	0	0	0	0	0	0	0	0	69319	0	0	0	0	0	0	0	0	27819	0	0	0	0	0	0	0	0	245049	0	0	0	0	0	0	0	0	12064.1	0.0	0.0	0.0	0.010096	0.0	0.0	0.0	0.0	0.999999	0.0	0.0	0.0	1.0e-6	0.0	0.0	0.0	0.0	
473	1584971	503.865761793	5900.891111111108	6721.639	38.1417	0.974123	1584965	0	0	0	2	0	0	0	0	0.000705	0.0	0.0	0.0	0.81095	0.0	0.0	0.0	0.0	470.338	0.0	0.0	0.0	12.3752	0.0	0.0	0.0	0.0	0.000297	0.0	0.0	0.0	6.1876	0.0	0.0	0.0	0.0	44	0	0	0	0	0	0	0	0	189607	0	0	0	2	0	0	0	0	1052474	0	0	0	0	0	0	0	0	69479	0	0	0	0	0	0	0	0	27855	0	0	0	0	0	0	0	0	245506	0	0	0	0	0	0	0	0	8009.79	0.0	0.0	0.0	0.021181	0.0	0.0	0.0	0.0	0.999997	0.0	0.0	0.0	3.0e-6	0.0	0.0	0.0	0.0	
474	1588462	504.865812907	5900.891111111108	6365.5945555555545	37.8543	0.973929	1588456	0	0	0	2	0	0	0	0	0.000268	0.0	0.0	0.0	0.81095	0.0	0.0	0.0	0.0	471.337	0.0	0.0	0.0	12.3752	0.0	0.0	0.0	0.0	0.000297	0.0	0.0	0.0	6.1876	0.0	0.0	0.0	0.0	44	0	0	0	0	0	0	0	0	189972	0	0	0	2	0	0	0	0	1054645	0	0	0	0	0	0	0	0	69722	0	0	0	0	0	0	0	0	27904	0	0	0	0	0	0	0	0	246169	0	0	0	0	0	0	0	0	3041.23	0.0	0.0	0.0	0.021181	0.0	0.0	0.0	0.0	0.999993	0.0	0.0	0.0	7.0e-6	0.0	0.0	0.0	0.0	
475	1591940	505.865877393	5900.891111111108	6665.955666666667	37.7815	0.973879	1591934	0	0	0	2	0	0	0	0	0.000998	0.0	0.0	0.0	0.81095	0.0	0.0	0.0	0.0	472.335	0.0	0.0	0.0	12.3752	0.0	0.0	0.0	0.0	0.000297	0.0	0.0	0.0	6.1876	0.0	0.0	0.0	0.0	44	0	0	0	0	0	0	0	0	190396	0	0	0	2	0	0	0	0	1056909	0	0	0	0	0	0	0	0	69922	0	0	0	0	0	0	0	0	27952	0	0	0	0	0	0	0	0	246711	0	0	0	0	0	0	0	0	11336.8	0.0	0.0	0.0	0.021181	0.0	0.0	0.0	0.0	0.999998	0.0	0.0	0.0	2.0e-6	0.0	0.0	0.0	0.0	
476	1595428	506.866049306	5900.891111111108	6513.761222222222	37.7089	0.97383	1595422	0	0	0	2	0	0	0	0	0.000596	0.0	0.0	0.0	0.81095	0.0	0.0	0.0	0.0	473.334	0.0	0.0	0.0	12.3752	0.0	0.0	0.0	0.0	0.000297	0.0	0.0	0.0	6.1876	0.0	0.0	0.0	0.0	44	0	0	0	0	0	0	0	0	190750	0	0	0	2	0	0	0	0	1059218	0	0	0	0	0	0	0	0	70120	0	0	0	0	0	0	0	0	28014	0	0	0	0	0	0	0	0	247276	0	0	0	0	0	0	0	0	6772.18	0.0	0.0	0.0	0.021181	0.0	0.0	0.0	0.0	0.999997	0.0	0.0	0.0	3.0e-6	0.0	0.0	0.0	0.0	
477	1598938	507.870096519	5900.891111111108	6567.650111111112	37.6367	0.97378	1598932	0	0	0	2	0	0	0	0	0.000404	0.0	0.0	0.0	0.81095	0.0	0.0	0.0	0.0	474.337	0.0	0.0	0.0	12.3752	0.0	0.0	0.0	0.0	0.000297	0.0	0.0	0.0	6.1876	0.0	0.0	0.0	0.0	44	0	0	0	0	0	0	0	0	191110	0	0	0	2	0	0	0	0	1061480	0	0	0	0	0	0	0	0	70352	0	0	0	0	0	0	0	0	28066	0	0	0	0	0	0	0	0	247880	0	0	0	0	0	0	0	0	4593.47	0.0	0.0	0.0	0.021181	0.0	0.0	0.0	0.0	0.999995	0.0	0.0	0.0	5.0e-6	0.0	0.0	0.0	0.0	
478	1602394	508.870963153	5900.891111111108	6568.983444444445	37.5642	0.97373	1602388	0	0	0	2	0	0	0	0	0.00067	0.0	0.0	0.0	0.81095	0.0	0.0	0.0	0.0	475.336	0.0	0.0	0.0	12.3752	0.0	0.0	0.0	0.0	0.000297	0.0	0.0	0.0	6.1876	0.0	0.0	0.0	0.0	44	0	0	0	0	0	0	0	0	191503	0	0	0	2	0	0	0	0	1063659	0	0	0	0	0	0	0	0	70602	0	0	0	0	0	0	0	0	28119	0	0	0	0	0	0	0	0	248461	0	0	0	0	0	0	0	0	7611.54	0.0	0.0	0.0	0.021181	0.0	0.0	0.0	0.0	0.999997	0.0	0.0	0.0	3.0e-6	0.0	0.0	0.0	0.0	
479	1605830	509.872371554	5900.891111111108	6500.983444444441	37.4919	0.97368	1605824	0	0	0	2	0	0	0	0	0.00036	0.0	0.0	0.0	0.81095	0.0	0.0	0.0	0.0	476.336	0.0	0.0	0.0	12.3752	0.0	0.0	0.0	0.0	0.000297	0.0	0.0	0.0	6.1876	0.0	0.0	0.0	0.0	44	0	0	0	0	0	0	0	0	191910	0	0	0	2	0	0	0	0	1065853	0	0	0	0	0	0	0	0	70890	0	0	0	0	0	0	0	0	28171	0	0	0	0	0	0	0	0	248956	0	0	0	0	0	0	0	0	4092.96	0.0	0.0	0.0	0.021181	0.0	0.0	0.0	0.0	0.999995	0.0	0.0	0.0	5.0e-6	0.0	0.0	0.0	0.0	
480	1609262	510.876026628	5900.891111111108	6785.261222222221	37.4196	0.97363	1609256	0	0	0	2	0	0	0	0	0.000565	0.0	0.0	0.0	0.81095	0.0	0.0	0.0	0.0	477.338	0.0	0.0	0.0	12.3752	0.0	0.0	0.0	0.0	0.000297	0.0	0.0	0.0	6.1876	0.0	0.0	0.0	0.0	44	0	0	0	0	0	0	0	0	192313	0	0	0	2	0	0	0	0	1068139	0	0	0	0	0	0	0	0	71101	0	0	0	0	0	0	0	0	28227	0	0	0	0	0	0	0	0	249432	0	0	0	0	0	0	0	0	6424.58	0.0	0.0	0.0	0.021181	0.0	0.0	0.0	0.0	0.999997	0.0	0.0	0.0	3.0e-6	0.0	0.0	0.0	0.0	
481	1612686	511.876768296	5900.891111111108	6594.066777777777	37.3476	0.97358	1612680	0	0	0	2	0	0	0	0	0.000389	0.0	0.0	0.0	0.81095	0.0	0.0	0.0	0.0	478.338	0.0	0.0	0.0	12.3752	0.0	0.0	0.0	0.0	0.000297	0.0	0.0	0.0	6.1876	0.0	0.0	0.0	0.0	44	0	0	0	0	0	0	0	0	192692	0	0	0	2	0	0	0	0	1070401	0	0	0	0	0	0	0	0	71321	0	0	0	0	0	0	0	0	28289	0	0	0	0	0	0	0	0	249933	0	0	0	0	0	0	0	0	4416.42	0.0	0.0	0.0	0.021181	0.0	0.0	0.0	0.0	0.999995	0.0	0.0	0.0	5.0e-6	0.0	0.0	0.0	0.0	
482	1616120	512.87678812	5900.891111111108	6432.789	37.2753	0.973529	1616114	0	0	0	2	0	0	0	0	0.000827	0.0	0.0	0.0	0.81095	0.0	0.0	0.0	0.0	479.336	0.0	0.0	0.0	12.3752	0.0	0.0	0.0	0.0	0.000297	0.0	0.0	0.0	6.1876	0.0	0.0	0.0	0.0	44	0	0	0	0	0	0	0	0	193086	0	0	0	2	0	0	0	0	1072684	0	0	0	0	0	0	0	0	71540	0	0	0	0	0	0	0	0	28330	0	0	0	0	0	0	0	0	250430	0	0	0	0	0	0	0	0	9399.51	0.0	0.0	0.0	0.021181	0.0	0.0	0.0	0.0	0.999998	0.0	0.0	0.0	2.0e-6	0.0	0.0	0.0	0.0	
483	1619546	513.876899563	5900.891111111108	6378.17788888889	37.2036	0.973479	1619540	0	0	0	2	0	0	0	0	0.000394	0.0	0.0	0.0	0.81095	0.0	0.0	0.0	0.0	480.335	0.0	0.0	0.0	12.3752	0.0	0.0	0.0	0.0	0.000297	0.0	0.0	0.0	6.1876	0.0	0.0	0.0	0.0	44	0	0	0	0	0	0	0	0	193487	0	0	0	2	0	0	0	0	1074932	0	0	0	0	0	0	0	0	71759	0	0	0	0	0	0	0	0	28379	0	0	0	0	0	0	0	0	250939	0	0	0	0	0	0	0	0	4480.1	0.0	0.0	0.0	0.021181	0.0	0.0	0.0	0.0	0.999995	0.0	0.0	0.0	5.0e-6	0.0	0.0	0.0	0.0	
484	1622985	514.877088689	5900.891111111108	6426.316777777776	37.1321	0.973429	1622979	0	0	0	2	0	0	0	0	0.000324	0.0	0.0	0.0	0.81095	0.0	0.0	0.0	0.0	481.333	0.0	0.0	0.0	12.3752	0.0	0.0	0.0	0.0	0.000297	0.0	0.0	0.0	6.1876	0.0	0.0	0.0	0.0	44	0	0	0	0	0	0	0	0	193901	0	0	0	2	0	0	0	0	1077090	0	0	0	0	0	0	0	0	71991	0	0	0	0	0	0	0	0	28431	0	0	0	0	0	0	0	0	251522	0	0	0	0	0	0	0	0	3686.71	0.0	0.0	0.0	0.021181	0.0	0.0	0.0	0.0	0.999994	0.0	0.0	0.0	6.0e-6	0.0	0.0	0.0	0.0	
485	1626419	515.877293976	5900.891111111108	6362.316777777778	37.0607	0.973378	1626413	0	0	0	2	0	0	0	0	0.000706	0.0	0.0	0.0	0.81095	0.0	0.0	0.0	0.0	482.332	0.0	0.0	0.0	12.3752	0.0	0.0	0.0	0.0	0.000297	0.0	0.0	0.0	6.1876	0.0	0.0	0.0	0.0	44	0	0	0	0	0	0	0	0	194320	0	0	0	2	0	0	0	0	1079321	0	0	0	0	0	0	0	0	72215	0	0	0	0	0	0	0	0	28473	0	0	0	0	0	0	0	0	252040	0	0	0	0	0	0	0	0	8029.13	0.0	0.0	0.0	0.021181	0.0	0.0	0.0	0.0	0.999997	0.0	0.0	0.0	3.0e-6	0.0	0.0	0.0	0.0	
486	1629854	516.877421769	5900.891111111108	6481.8445555555545	36.9894	0.973327	1629848	0	0	0	2	0	0	0	0	0.000637	0.0	0.0	0.0	0.81095	0.0	0.0	0.0	0.0	483.331	0.0	0.0	0.0	12.3752	0.0	0.0	0.0	0.0	0.000297	0.0	0.0	0.0	6.1876	0.0	0.0	0.0	0.0	44	0	0	0	0	0	0	0	0	194722	0	0	0	2	0	0	0	0	1081563	0	0	0	0	0	0	0	0	72446	0	0	0	0	0	0	0	0	28525	0	0	0	0	0	0	0	0	252548	0	0	0	0	0	0	0	0	7239.23	0.0	0.0	0.0	0.021181	0.0	0.0	0.0	0.0	0.999997	0.0	0.0	0.0	3.0e-6	0.0	0.0	0.0	0.0	
487	1633217	517.877508047	5900.891111111108	6563.705666666666	36.9183	0.973277	1633211	0	0	0	2	0	0	0	0	0.000615	0.0	0.0	0.0	0.81095	0.0	0.0	0.0	0.0	484.33	0.0	0.0	0.0	12.3752	0.0	0.0	0.0	0.0	0.000297	0.0	0.0	0.0	6.1876	0.0	0.0	0.0	0.0	44	0	0	0	0	0	0	0	0	195125	0	0	0	2	0	0	0	0	1083706	0	0	0	0	0	0	0	0	72632	0	0	0	0	0	0	0	0	28606	0	0	0	0	0	0	0	0	253098	0	0	0	0	0	0	0	0	6993.0	0.0	0.0	0.0	0.021181	0.0	0.0	0.0	0.0	0.999997	0.0	0.0	0.0	3.0e-6	0.0	0.0	0.0	0.0	
488	1636602	518.885852223	5900.891111111108	6399.038999999998	36.8475	0.973226	1636596	0	0	0	2	0	0	0	0	0.000396	0.0	0.0	0.0	0.81095	0.0	0.0	0.0	0.0	485.336	0.0	0.0	0.0	12.3752	0.0	0.0	0.0	0.0	0.000297	0.0	0.0	0.0	6.1876	0.0	0.0	0.0	0.0	44	0	0	0	0	0	0	0	0	195521	0	0	0	2	0	0	0	0	1085839	0	0	0	0	0	0	0	0	72881	0	0	0	0	0	0	0	0	28651	0	0	0	0	0	0	0	0	253660	0	0	0	0	0	0	0	0	4505.33	0.0	0.0	0.0	0.021181	0.0	0.0	0.0	0.0	0.999995	0.0	0.0	0.0	5.0e-6	0.0	0.0	0.0	0.0	
489	1640067	519.894086603	5900.891111111108	6223.7334444444405	36.7761	0.973175	1640061	0	0	0	2	0	0	0	0	0.000366	0.0	0.0	0.0	0.81095	0.0	0.0	0.0	0.0	486.343	0.0	0.0	0.0	12.3752	0.0	0.0	0.0	0.0	0.000297	0.0	0.0	0.0	6.1876	0.0	0.0	0.0	0.0	44	0	0	0	0	0	0	0	0	195903	0	0	0	2	0	0	0	0	1088021	0	0	0	0	0	0	0	0	73105	0	0	0	0	0	0	0	0	28723	0	0	0	0	0	0	0	0	254265	0	0	0	0	0	0	0	0	4164.33	0.0	0.0	0.0	0.021181	0.0	0.0	0.0	0.0	0.999995	0.0	0.0	0.0	5.0e-6	0.0	0.0	0.0	0.0	
490	1643552	520.894312294	5900.891111111108	6386.955666666664	36.7046	0.973123	1643546	0	0	0	2	0	0	0	0	0.000308	0.0	0.0	0.0	0.81095	0.0	0.0	0.0	0.0	487.342	0.0	0.0	0.0	12.3752	0.0	0.0	0.0	0.0	0.000297	0.0	0.0	0.0	6.1876	0.0	0.0	0.0	0.0	44	0	0	0	0	0	0	0	0	196303	0	0	0	2	0	0	0	0	1090236	0	0	0	0	0	0	0	0	73298	0	0	0	0	0	0	0	0	28812	0	0	0	0	0	0	0	0	254853	0	0	0	0	0	0	0	0	3500.41	0.0	0.0	0.0	0.021181	0.0	0.0	0.0	0.0	0.999994	0.0	0.0	0.0	6.0e-6	0.0	0.0	0.0	0.0	
491	1646991	521.894366428	5900.891111111108	6440.288999999998	36.6341	0.973072	1646985	0	0	0	2	0	0	0	0	0.001014	0.0	0.0	0.0	0.81095	0.0	0.0	0.0	0.0	488.34	0.0	0.0	0.0	12.3752	0.0	0.0	0.0	0.0	0.000297	0.0	0.0	0.0	6.1876	0.0	0.0	0.0	0.0	44	0	0	0	0	0	0	0	0	196666	0	0	0	2	0	0	0	0	1092429	0	0	0	0	0	0	0	0	73556	0	0	0	0	0	0	0	0	28867	0	0	0	0	0	0	0	0	255423	0	0	0	0	0	0	0	0	11536.9	0.0	0.0	0.0	0.021181	0.0	0.0	0.0	0.0	0.999998	0.0	0.0	0.0	2.0e-6	0.0	0.0	0.0	0.0	
492	1650414	522.894883938	5900.891111111108	6337.594555555553	36.5643	0.973022	1650408	0	0	0	2	0	0	0	0	0.000591	0.0	0.0	0.0	0.81095	0.0	0.0	0.0	0.0	489.34	0.0	0.0	0.0	12.3752	0.0	0.0	0.0	0.0	0.000296	0.0	0.0	0.0	6.1876	0.0	0.0	0.0	0.0	44	0	0	0	0	0	0	0	0	197041	0	0	0	2	0	0	0	0	1094653	0	0	0	0	0	0	0	0	73833	0	0	0	0	0	0	0	0	28919	0	0	0	0	0	0	0	0	255918	0	0	0	0	0	0	0	0	6726.78	0.0	0.0	0.0	0.021181	0.0	0.0	0.0	0.0	0.999997	0.0	0.0	0.0	3.0e-6	0.0	0.0	0.0	0.0	
493	1653853	523.898888695	5900.891111111108	6340.288999999998	36.4938	0.97297	1653847	0	0	0	2	0	0	0	0	0.000284	0.0	0.0	0.0	0.81095	0.0	0.0	0.0	0.0	490.342	0.0	0.0	0.0	12.3752	0.0	0.0	0.0	0.0	0.000296	0.0	0.0	0.0	6.1876	0.0	0.0	0.0	0.0	44	0	0	0	0	0	0	0	0	197436	0	0	0	2	0	0	0	0	1096899	0	0	0	0	0	0	0	0	74085	0	0	0	0	0	0	0	0	28952	0	0	0	0	0	0	0	0	256431	0	0	0	0	0	0	0	0	3233.45	0.0	0.0	0.0	0.021181	0.0	0.0	0.0	0.0	0.999993	0.0	0.0	0.0	7.0e-6	0.0	0.0	0.0	0.0	
494	1657285	524.901388438	5900.891111111108	6249.51122222222	36.4235	0.972919	1657279	0	0	0	2	0	0	0	0	0.00075	0.0	0.0	0.0	0.81095	0.0	0.0	0.0	0.0	491.343	0.0	0.0	0.0	12.3752	0.0	0.0	0.0	0.0	0.000296	0.0	0.0	0.0	6.1876	0.0	0.0	0.0	0.0	44	0	0	0	0	0	0	0	0	197794	0	0	0	2	0	0	0	0	1099172	0	0	0	0	0	0	0	0	74322	0	0	0	0	0	0	0	0	29017	0	0	0	0	0	0	0	0	256930	0	0	0	0	0	0	0	0	8529.05	0.0	0.0	0.0	0.021181	0.0	0.0	0.0	0.0	0.999998	0.0	0.0	0.0	2.0e-6	0.0	0.0	0.0	0.0	
495	1660705	525.903950309	5900.891111111108	6607.844555555553	36.3533	0.972867	1660699	0	0	0	2	0	0	0	0	0.000264	0.0	0.0	0.0	0.81095	0.0	0.0	0.0	0.0	492.344	0.0	0.0	0.0	12.3752	0.0	0.0	0.0	0.0	0.000296	0.0	0.0	0.0	6.1876	0.0	0.0	0.0	0.0	44	0	0	0	0	0	0	0	0	198169	0	0	0	2	0	0	0	0	1101475	0	0	0	0	0	0	0	0	74557	0	0	0	0	0	0	0	0	29069	0	0	0	0	0	0	0	0	257385	0	0	0	0	0	0	0	0	2999.36	0.0	0.0	0.0	0.021181	0.0	0.0	0.0	0.0	0.999993	0.0	0.0	0.0	7.0e-6	0.0	0.0	0.0	0.0	
496	1664132	526.904095296	5900.891111111108	6382.983444444446	36.2834	0.972816	1664126	0	0	0	2	0	0	0	0	0.00047	0.0	0.0	0.0	0.81095	0.0	0.0	0.0	0.0	493.343	0.0	0.0	0.0	12.3752	0.0	0.0	0.0	0.0	0.000296	0.0	0.0	0.0	6.1876	0.0	0.0	0.0	0.0	44	0	0	0	0	0	0	0	0	198554	0	0	0	2	0	0	0	0	1103767	0	0	0	0	0	0	0	0	74779	0	0	0	0	0	0	0	0	29105	0	0	0	0	0	0	0	0	257877	0	0	0	0	0	0	0	0	5344.74	0.0	0.0	0.0	0.021181	0.0	0.0	0.0	0.0	0.999996	0.0	0.0	0.0	4.0e-6	0.0	0.0	0.0	0.0	
497	1667583	527.906040451	5900.891111111108	6205.316777777777	36.2135	0.972764	1667577	0	0	0	2	0	0	0	0	0.000434	0.0	0.0	0.0	0.81095	0.0	0.0	0.0	0.0	494.344	0.0	0.0	0.0	12.3752	0.0	0.0	0.0	0.0	0.000296	0.0	0.0	0.0	6.1876	0.0	0.0	0.0	0.0	44	0	0	0	0	0	0	0	0	198955	0	0	0	2	0	0	0	0	1106010	0	0	0	0	0	0	0	0	75014	0	0	0	0	0	0	0	0	29151	0	0	0	0	0	0	0	0	258403	0	0	0	0	0	0	0	0	4940.41	0.0	0.0	0.0	0.021181	0.0	0.0	0.0	0.0	0.999996	0.0	0.0	0.0	4.0e-6	0.0	0.0	0.0	0.0	
498	1671007	528.9099841	5900.891111111108	6154.4278888888875	36.1436	0.972712	1671001	0	0	0	2	0	0	0	0	0.000737	0.0	0.0	0.0	0.81095	0.0	0.0	0.0	0.0	495.346	0.0	0.0	0.0	12.3752	0.0	0.0	0.0	0.0	0.000296	0.0	0.0	0.0	6.1876	0.0	0.0	0.0	0.0	44	0	0	0	0	0	0	0	0	199342	0	0	0	2	0	0	0	0	1108243	0	0	0	0	0	0	0	0	75267	0	0	0	0	0	0	0	0	29189	0	0	0	0	0	0	0	0	258916	0	0	0	0	0	0	0	0	8384.58	0.0	0.0	0.0	0.021181	0.0	0.0	0.0	0.0	0.999997	0.0	0.0	0.0	3.0e-6	0.0	0.0	0.0	0.0	
499	1674421	529.910195193	5900.891111111108	6194.844555555554	36.0734	0.972659	1674415	0	0	0	2	0	0	0	0	0.000563	0.0	0.0	0.0	0.81095	0.0	0.0	0.0	0.0	496.345	0.0	0.0	0.0	12.3752	0.0	0.0	0.0	0.0	0.000296	0.0	0.0	0.0	6.1876	0.0	0.0	0.0	0.0	44	0	0	0	0	0	0	0	0	199719	0	0	0	2	0	0	0	0	1110541	0	0	0	0	0	0	0	0	75494	0	0	0	0	0	0	0	0	29242	0	0	0	0	0	0	0	0	259375	0	0	0	0	0	0	0	0	6411.95	0.0	0.0	0.0	0.021181	0.0	0.0	0.0	0.0	0.999997	0.0	0.0	0.0	3.0e-6	0.0	0.0	0.0	0.0	
500	1674972	544.248060936	5900.891111111108	5995.611	36.0618	0.972651	1674965	0	0	0	3	0	0	0	0	0.000347	0.0	0.0	0.0	0.730355	0.0	0.0	0.0	0.0	496.511	0.0	0.0	0.0	26.547	0.0	0.0	0.0	0.0	0.000296	0.0	0.0	0.0	8.849	0.0	0.0	0.0	0.0	44	0	0	0	0	0	0	0	0	199770	0	0	0	3	0	0	0	0	1110914	0	0	0	0	0	0	0	0	75531	0	0	0	0	0	0	0	0	29256	0	0	0	0	0	0	0	0	259450	0	0	0	0	0	0	0	0	3946.61	0.0	0.0	0.0	0.009327	0.0	0.0	0.0	0.0	0.999998	0.0	0.0	0.0	2.0e-6	0.0	0.0	0.0	0.0	
501	1678270	545.248216414	5900.891111111108	5915.225444444445	35.0243	0.971852	1678263	0	0	0	3	0	0	0	0	0.000435	0.0	0.0	0.0	0.730355	0.0	0.0	0.0	0.0	497.509	0.0	0.0	0.0	26.547	0.0	0.0	0.0	0.0	0.000296	0.0	0.0	0.0	8.849	0.0	0.0	0.0	0.0	44	0	0	0	0	0	0	0	0	200135	0	0	0	3	0	0	0	0	1113021	0	0	0	0	0	0	0	0	75751	0	0	0	0	0	0	0	0	29332	0	0	0	0	0	0	0	0	259980	0	0	0	0	0	0	0	0	4945.29	0.0	0.0	0.0	0.009327	0.0	0.0	0.0	0.0	0.999998	0.0	0.0	0.0	2.0e-6	0.0	0.0	0.0	0.0	
502	1681626	546.248434298	5900.891111111108	6339.114333333335	34.957	0.971799	1681619	0	0	0	3	0	0	0	0	0.00081	0.0	0.0	0.0	0.730355	0.0	0.0	0.0	0.0	498.508	0.0	0.0	0.0	26.547	0.0	0.0	0.0	0.0	0.000296	0.0	0.0	0.0	8.849	0.0	0.0	0.0	0.0	44	0	0	0	0	0	0	0	0	200507	0	0	0	3	0	0	0	0	1115211	0	0	0	0	0	0	0	0	76009	0	0	0	0	0	0	0	0	29396	0	0	0	0	0	0	0	0	260452	0	0	0	0	0	0	0	0	9213.81	0.0	0.0	0.0	0.009327	0.0	0.0	0.0	0.0	0.999999	0.0	0.0	0.0	1.0e-6	0.0	0.0	0.0	0.0	
503	1684979	547.254368899	5900.891111111108	6377.808777777779	34.8899	0.971745	1684972	0	0	0	3	0	0	0	0	0.000408	0.0	0.0	0.0	0.730355	0.0	0.0	0.0	0.0	499.513	0.0	0.0	0.0	26.547	0.0	0.0	0.0	0.0	0.000296	0.0	0.0	0.0	8.849	0.0	0.0	0.0	0.0	44	0	0	0	0	0	0	0	0	200862	0	0	0	3	0	0	0	0	1117358	0	0	0	0	0	0	0	0	76263	0	0	0	0	0	0	0	0	29458	0	0	0	0	0	0	0	0	260987	0	0	0	0	0	0	0	0	4638.53	0.0	0.0	0.0	0.009327	0.0	0.0	0.0	0.0	0.999998	0.0	0.0	0.0	2.0e-6	0.0	0.0	0.0	0.0	
504	1688259	548.254478602	5900.891111111108	6329.6698888888905	34.8223	0.971691	1688252	0	0	0	3	0	0	0	0	0.000599	0.0	0.0	0.0	0.730355	0.0	0.0	0.0	0.0	500.511	0.0	0.0	0.0	26.547	0.0	0.0	0.0	0.0	0.000296	0.0	0.0	0.0	8.849	0.0	0.0	0.0	0.0	44	0	0	0	0	0	0	0	0	201232	0	0	0	3	0	0	0	0	1119518	0	0	0	0	0	0	0	0	76470	0	0	0	0	0	0	0	0	29501	0	0	0	0	0	0	0	0	261487	0	0	0	0	0	0	0	0	6820.11	0.0	0.0	0.0	0.009327	0.0	0.0	0.0	0.0	0.999999	0.0	0.0	0.0	1.0e-6	0.0	0.0	0.0	0.0	
505	1691601	549.254696175	5900.891111111108	6175.503222222224	34.7554	0.971637	1691594	0	0	0	3	0	0	0	0	0.000439	0.0	0.0	0.0	0.730355	0.0	0.0	0.0	0.0	501.51	0.0	0.0	0.0	26.547	0.0	0.0	0.0	0.0	0.000296	0.0	0.0	0.0	8.849	0.0	0.0	0.0	0.0	44	0	0	0	0	0	0	0	0	201576	0	0	0	3	0	0	0	0	1121702	0	0	0	0	0	0	0	0	76676	0	0	0	0	0	0	0	0	29576	0	0	0	0	0	0	0	0	262020	0	0	0	0	0	0	0	0	4996.56	0.0	0.0	0.0	0.009327	0.0	0.0	0.0	0.0	0.999998	0.0	0.0	0.0	2.0e-6	0.0	0.0	0.0	0.0	
506	1694901	550.255035	5900.891111111108	6188.94766666667	34.6885	0.971584	1694894	0	0	0	3	0	0	0	0	0.000548	0.0	0.0	0.0	0.730355	0.0	0.0	0.0	0.0	502.509	0.0	0.0	0.0	26.547	0.0	0.0	0.0	0.0	0.000296	0.0	0.0	0.0	8.849	0.0	0.0	0.0	0.0	44	0	0	0	0	0	0	0	0	201930	0	0	0	3	0	0	0	0	1123900	0	0	0	0	0	0	0	0	76856	0	0	0	0	0	0	0	0	29650	0	0	0	0	0	0	0	0	262514	0	0	0	0	0	0	0	0	6234.09	0.0	0.0	0.0	0.009327	0.0	0.0	0.0	0.0	0.999999	0.0	0.0	0.0	1.0e-6	0.0	0.0	0.0	0.0	
507	1698296	551.255113252	5900.891111111108	6213.55877777778	34.6219	0.97153	1698289	0	0	0	3	0	0	0	0	0.00052	0.0	0.0	0.0	0.730355	0.0	0.0	0.0	0.0	503.507	0.0	0.0	0.0	26.547	0.0	0.0	0.0	0.0	0.000296	0.0	0.0	0.0	8.849	0.0	0.0	0.0	0.0	44	0	0	0	0	0	0	0	0	202299	0	0	0	3	0	0	0	0	1126122	0	0	0	0	0	0	0	0	77100	0	0	0	0	0	0	0	0	29710	0	0	0	0	0	0	0	0	263014	0	0	0	0	0	0	0	0	5919.12	0.0	0.0	0.0	0.009327	0.0	0.0	0.0	0.0	0.999998	0.0	0.0	0.0	2.0e-6	0.0	0.0	0.0	0.0	
508	1701609	552.255202047	5900.891111111108	6111.892111111116	34.5553	0.971476	1701602	0	0	0	3	0	0	0	0	0.000307	0.0	0.0	0.0	0.730355	0.0	0.0	0.0	0.0	504.506	0.0	0.0	0.0	26.547	0.0	0.0	0.0	0.0	0.000296	0.0	0.0	0.0	8.849	0.0	0.0	0.0	0.0	44	0	0	0	0	0	0	0	0	202651	0	0	0	3	0	0	0	0	1128386	0	0	0	0	0	0	0	0	77292	0	0	0	0	0	0	0	0	29770	0	0	0	0	0	0	0	0	263459	0	0	0	0	0	0	0	0	3493.92	0.0	0.0	0.0	0.009327	0.0	0.0	0.0	0.0	0.999997	0.0	0.0	0.0	3.0e-6	0.0	0.0	0.0	0.0	
509	1705003	553.256703478	5900.891111111108	6111.808777777784	34.4894	0.971422	1704996	0	0	0	3	0	0	0	0	0.000526	0.0	0.0	0.0	0.730355	0.0	0.0	0.0	0.0	505.506	0.0	0.0	0.0	26.547	0.0	0.0	0.0	0.0	0.000296	0.0	0.0	0.0	8.849	0.0	0.0	0.0	0.0	44	0	0	0	0	0	0	0	0	203032	0	0	0	3	0	0	0	0	1130539	0	0	0	0	0	0	0	0	77549	0	0	0	0	0	0	0	0	29849	0	0	0	0	0	0	0	0	263983	0	0	0	0	0	0	0	0	5984.83	0.0	0.0	0.0	0.009327	0.0	0.0	0.0	0.0	0.999998	0.0	0.0	0.0	2.0e-6	0.0	0.0	0.0	0.0	
510	1708340	554.256809585	5900.891111111108	6149.114333333338	34.4225	0.971367	1708333	0	0	0	3	0	0	0	0	0.000451	0.0	0.0	0.0	0.730355	0.0	0.0	0.0	0.0	506.505	0.0	0.0	0.0	26.547	0.0	0.0	0.0	0.0	0.000296	0.0	0.0	0.0	8.849	0.0	0.0	0.0	0.0	44	0	0	0	0	0	0	0	0	203402	0	0	0	3	0	0	0	0	1132669	0	0	0	0	0	0	0	0	77762	0	0	0	0	0	0	0	0	29917	0	0	0	0	0	0	0	0	264539	0	0	0	0	0	0	0	0	5134.96	0.0	0.0	0.0	0.009327	0.0	0.0	0.0	0.0	0.999998	0.0	0.0	0.0	2.0e-6	0.0	0.0	0.0	0.0	
511	1711703	555.261599077	5900.891111111108	6196.836555555561	34.3565	0.971313	1711696	0	0	0	3	0	0	0	0	0.000382	0.0	0.0	0.0	0.730355	0.0	0.0	0.0	0.0	507.508	0.0	0.0	0.0	26.547	0.0	0.0	0.0	0.0	0.000296	0.0	0.0	0.0	8.849	0.0	0.0	0.0	0.0	44	0	0	0	0	0	0	0	0	203784	0	0	0	3	0	0	0	0	1134763	0	0	0	0	0	0	0	0	78018	0	0	0	0	0	0	0	0	29959	0	0	0	0	0	0	0	0	265128	0	0	0	0	0	0	0	0	4349.52	0.0	0.0	0.0	0.009327	0.0	0.0	0.0	0.0	0.999998	0.0	0.0	0.0	2.0e-6	0.0	0.0	0.0	0.0	
512	1715076	556.261737995	5900.891111111108	6432.475444444449	34.2899	0.971258	1715069	0	0	0	3	0	0	0	0	0.000585	0.0	0.0	0.0	0.730355	0.0	0.0	0.0	0.0	508.507	0.0	0.0	0.0	26.547	0.0	0.0	0.0	0.0	0.000296	0.0	0.0	0.0	8.849	0.0	0.0	0.0	0.0	44	0	0	0	0	0	0	0	0	204137	0	0	0	3	0	0	0	0	1136951	0	0	0	0	0	0	0	0	78229	0	0	0	0	0	0	0	0	30015	0	0	0	0	0	0	0	0	265693	0	0	0	0	0	0	0	0	6654.55	0.0	0.0	0.0	0.009327	0.0	0.0	0.0	0.0	0.999999	0.0	0.0	0.0	1.0e-6	0.0	0.0	0.0	0.0	
513	1718416	557.27062135	5900.891111111108	6105.031000000005	34.2241	0.971204	1718409	0	0	0	3	0	0	0	0	0.000774	0.0	0.0	0.0	0.730355	0.0	0.0	0.0	0.0	509.514	0.0	0.0	0.0	26.547	0.0	0.0	0.0	0.0	0.000297	0.0	0.0	0.0	8.849	0.0	0.0	0.0	0.0	44	0	0	0	0	0	0	0	0	204500	0	0	0	3	0	0	0	0	1139079	0	0	0	0	0	0	0	0	78467	0	0	0	0	0	0	0	0	30076	0	0	0	0	0	0	0	0	266243	0	0	0	0	0	0	0	0	8801.08	0.0	0.0	0.0	0.009327	0.0	0.0	0.0	0.0	0.999999	0.0	0.0	0.0	1.0e-6	0.0	0.0	0.0	0.0	
514	1721791	558.270706528	5799.058777777779	5927.586555555558	34.1576	0.971148	1721784	0	0	0	3	0	0	0	0	0.000296	0.0	0.0	0.0	0.730355	0.0	0.0	0.0	0.0	510.513	0.0	0.0	0.0	26.547	0.0	0.0	0.0	0.0	0.000297	0.0	0.0	0.0	8.849	0.0	0.0	0.0	0.0	53	0	0	0	0	0	0	0	0	204855	0	0	0	3	0	0	0	0	1141285	0	0	0	0	0	0	0	0	78681	0	0	0	0	0	0	0	0	30107	0	0	0	0	0	0	0	0	266803	0	0	0	0	0	0	0	0	3366.76	0.0	0.0	0.0	0.009327	0.0	0.0	0.0	0.0	0.999997	0.0	0.0	0.0	3.0e-6	0.0	0.0	0.0	0.0	
515	1725113	559.27116867	5799.058777777779	6255.91988888889	34.092	0.971094	1725106	0	0	0	3	0	0	0	0	0.000425	0.0	0.0	0.0	0.730355	0.0	0.0	0.0	0.0	511.512	0.0	0.0	0.0	26.547	0.0	0.0	0.0	0.0	0.000297	0.0	0.0	0.0	8.849	0.0	0.0	0.0	0.0	53	0	0	0	0	0	0	0	0	205229	0	0	0	3	0	0	0	0	1143505	0	0	0	0	0	0	0	0	78897	0	0	0	0	0	0	0	0	30151	0	0	0	0	0	0	0	0	267271	0	0	0	0	0	0	0	0	4832.45	0.0	0.0	0.0	0.009327	0.0	0.0	0.0	0.0	0.999998	0.0	0.0	0.0	2.0e-6	0.0	0.0	0.0	0.0	
516	1728504	560.271399641	5799.058777777779	6256.475444444447	34.0264	0.971039	1728497	0	0	0	3	0	0	0	0	0.000336	0.0	0.0	0.0	0.730355	0.0	0.0	0.0	0.0	512.51	0.0	0.0	0.0	26.547	0.0	0.0	0.0	0.0	0.000297	0.0	0.0	0.0	8.849	0.0	0.0	0.0	0.0	53	0	0	0	0	0	0	0	0	205573	0	0	0	3	0	0	0	0	1145726	0	0	0	0	0	0	0	0	79157	0	0	0	0	0	0	0	0	30192	0	0	0	0	0	0	0	0	267796	0	0	0	0	0	0	0	0	3819.59	0.0	0.0	0.0	0.009327	0.0	0.0	0.0	0.0	0.999998	0.0	0.0	0.0	2.0e-6	0.0	0.0	0.0	0.0	
517	1731810	561.279180052	5799.058777777779	6407.447666666669	33.9612	0.970984	1731803	0	0	0	3	0	0	0	0	0.00039	0.0	0.0	0.0	0.730355	0.0	0.0	0.0	0.0	513.517	0.0	0.0	0.0	26.547	0.0	0.0	0.0	0.0	0.000297	0.0	0.0	0.0	8.849	0.0	0.0	0.0	0.0	53	0	0	0	0	0	0	0	0	205946	0	0	0	3	0	0	0	0	1147961	0	0	0	0	0	0	0	0	79368	0	0	0	0	0	0	0	0	30225	0	0	0	0	0	0	0	0	268250	0	0	0	0	0	0	0	0	4441.14	0.0	0.0	0.0	0.009327	0.0	0.0	0.0	0.0	0.999998	0.0	0.0	0.0	2.0e-6	0.0	0.0	0.0	0.0	
518	1735155	562.279411726	5799.058777777779	6203.447666666669	33.8952	0.970928	1735148	0	0	0	3	0	0	0	0	0.000268	0.0	0.0	0.0	0.730355	0.0	0.0	0.0	0.0	514.515	0.0	0.0	0.0	26.547	0.0	0.0	0.0	0.0	0.000297	0.0	0.0	0.0	8.849	0.0	0.0	0.0	0.0	53	0	0	0	0	0	0	0	0	206343	0	0	0	3	0	0	0	0	1150113	0	0	0	0	0	0	0	0	79573	0	0	0	0	0	0	0	0	30268	0	0	0	0	0	0	0	0	268798	0	0	0	0	0	0	0	0	3048.46	0.0	0.0	0.0	0.009327	0.0	0.0	0.0	0.0	0.999997	0.0	0.0	0.0	3.0e-6	0.0	0.0	0.0	0.0	
519	1738508	563.279643059	5799.058777777779	6288.031000000003	33.83	0.970873	1738501	0	0	0	3	0	0	0	0	0.000638	0.0	0.0	0.0	0.730355	0.0	0.0	0.0	0.0	515.514	0.0	0.0	0.0	26.547	0.0	0.0	0.0	0.0	0.000297	0.0	0.0	0.0	8.849	0.0	0.0	0.0	0.0	53	0	0	0	0	0	0	0	0	206716	0	0	0	3	0	0	0	0	1152262	0	0	0	0	0	0	0	0	79825	0	0	0	0	0	0	0	0	30323	0	0	0	0	0	0	0	0	269322	0	0	0	0	0	0	0	0	7252.76	0.0	0.0	0.0	0.009327	0.0	0.0	0.0	0.0	0.999999	0.0	0.0	0.0	1.0e-6	0.0	0.0	0.0	0.0	
520	1741800	564.279978967	5799.058777777779	6445.8643333333375	33.765	0.970818	1741793	0	0	0	3	0	0	0	0	0.001124	0.0	0.0	0.0	0.730355	0.0	0.0	0.0	0.0	516.513	0.0	0.0	0.0	26.547	0.0	0.0	0.0	0.0	0.000297	0.0	0.0	0.0	8.849	0.0	0.0	0.0	0.0	53	0	0	0	0	0	0	0	0	207072	0	0	0	3	0	0	0	0	1154368	0	0	0	0	0	0	0	0	80063	0	0	0	0	0	0	0	0	30373	0	0	0	0	0	0	0	0	269864	0	0	0	0	0	0	0	0	12777.0	0.0	0.0	0.0	0.009327	0.0	0.0	0.0	0.0	0.999999	0.0	0.0	0.0	1.0e-6	0.0	0.0	0.0	0.0	
521	1745178	565.28013147	5799.058777777779	6174.0032222222235	33.7	0.970762	1745171	0	0	0	3	0	0	0	0	0.000144	0.0	0.0	0.0	0.730355	0.0	0.0	0.0	0.0	517.512	0.0	0.0	0.0	26.547	0.0	0.0	0.0	0.0	0.000297	0.0	0.0	0.0	8.849	0.0	0.0	0.0	0.0	53	0	0	0	0	0	0	0	0	207411	0	0	0	3	0	0	0	0	1156477	0	0	0	0	0	0	0	0	80293	0	0	0	0	0	0	0	0	30426	0	0	0	0	0	0	0	0	270511	0	0	0	0	0	0	0	0	1635.9	0.0	0.0	0.0	0.009327	0.0	0.0	0.0	0.0	0.999994	0.0	0.0	0.0	6.0e-6	0.0	0.0	0.0	0.0	
522	1748526	566.280223828	5799.058777777779	6340.864333333336	33.6358	0.970707	1748519	0	0	0	3	0	0	0	0	0.000607	0.0	0.0	0.0	0.730355	0.0	0.0	0.0	0.0	518.51	0.0	0.0	0.0	26.547	0.0	0.0	0.0	0.0	0.000297	0.0	0.0	0.0	8.849	0.0	0.0	0.0	0.0	53	0	0	0	0	0	0	0	0	207755	0	0	0	3	0	0	0	0	1158595	0	0	0	0	0	0	0	0	80526	0	0	0	0	0	0	0	0	30472	0	0	0	0	0	0	0	0	271118	0	0	0	0	0	0	0	0	6898.11	0.0	0.0	0.0	0.009327	0.0	0.0	0.0	0.0	0.999999	0.0	0.0	0.0	1.0e-6	0.0	0.0	0.0	0.0	
523	1751782	567.280283851	5799.058777777779	6149.642111111115	33.5706	0.970651	1751775	0	0	0	3	0	0	0	0	0.000957	0.0	0.0	0.0	0.730355	0.0	0.0	0.0	0.0	519.509	0.0	0.0	0.0	26.547	0.0	0.0	0.0	0.0	0.000297	0.0	0.0	0.0	8.849	0.0	0.0	0.0	0.0	53	0	0	0	0	0	0	0	0	208121	0	0	0	3	0	0	0	0	1160716	0	0	0	0	0	0	0	0	80768	0	0	0	0	0	0	0	0	30492	0	0	0	0	0	0	0	0	271625	0	0	0	0	0	0	0	0	10877.8	0.0	0.0	0.0	0.009327	0.0	0.0	0.0	0.0	0.999999	0.0	0.0	0.0	1.0e-6	0.0	0.0	0.0	0.0	
524	1755127	568.280457756	5799.058777777779	6410.308777777782	33.5061	0.970596	1755120	0	0	0	3	0	0	0	0	0.000756	0.0	0.0	0.0	0.730355	0.0	0.0	0.0	0.0	520.508	0.0	0.0	0.0	26.547	0.0	0.0	0.0	0.0	0.000297	0.0	0.0	0.0	8.849	0.0	0.0	0.0	0.0	53	0	0	0	0	0	0	0	0	208467	0	0	0	3	0	0	0	0	1162881	0	0	0	0	0	0	0	0	81040	0	0	0	0	0	0	0	0	30520	0	0	0	0	0	0	0	0	272159	0	0	0	0	0	0	0	0	8598.51	0.0	0.0	0.0	0.009327	0.0	0.0	0.0	0.0	0.999999	0.0	0.0	0.0	1.0e-6	0.0	0.0	0.0	0.0	
525	1758453	569.280536681	5799.058777777779	6422.919888888893	33.4416	0.97054	1758446	0	0	0	3	0	0	0	0	0.000597	0.0	0.0	0.0	0.730355	0.0	0.0	0.0	0.0	521.506	0.0	0.0	0.0	26.547	0.0	0.0	0.0	0.0	0.000297	0.0	0.0	0.0	8.849	0.0	0.0	0.0	0.0	53	0	0	0	0	0	0	0	0	208855	0	0	0	3	0	0	0	0	1165023	0	0	0	0	0	0	0	0	81298	0	0	0	0	0	0	0	0	30565	0	0	0	0	0	0	0	0	272652	0	0	0	0	0	0	0	0	6785.02	0.0	0.0	0.0	0.009327	0.0	0.0	0.0	0.0	0.999999	0.0	0.0	0.0	1.0e-6	0.0	0.0	0.0	0.0	
526	1761740	570.280573513	5799.058777777779	6293.94766666667	33.3774	0.970484	1761733	0	0	0	3	0	0	0	0	0.000419	0.0	0.0	0.0	0.730355	0.0	0.0	0.0	0.0	522.505	0.0	0.0	0.0	26.547	0.0	0.0	0.0	0.0	0.000297	0.0	0.0	0.0	8.849	0.0	0.0	0.0	0.0	53	0	0	0	0	0	0	0	0	209226	0	0	0	3	0	0	0	0	1167177	0	0	0	0	0	0	0	0	81517	0	0	0	0	0	0	0	0	30633	0	0	0	0	0	0	0	0	273127	0	0	0	0	0	0	0	0	4763.89	0.0	0.0	0.0	0.009327	0.0	0.0	0.0	0.0	0.999998	0.0	0.0	0.0	2.0e-6	0.0	0.0	0.0	0.0	
527	1765081	571.280699917	5799.058777777779	6197.753222222228	33.3132	0.970428	1765074	0	0	0	3	0	0	0	0	0.000212	0.0	0.0	0.0	0.730355	0.0	0.0	0.0	0.0	523.503	0.0	0.0	0.0	26.547	0.0	0.0	0.0	0.0	0.000297	0.0	0.0	0.0	8.849	0.0	0.0	0.0	0.0	53	0	0	0	0	0	0	0	0	209571	0	0	0	3	0	0	0	0	1169298	0	0	0	0	0	0	0	0	81772	0	0	0	0	0	0	0	0	30708	0	0	0	0	0	0	0	0	273672	0	0	0	0	0	0	0	0	2414.3	0.0	0.0	0.0	0.009327	0.0	0.0	0.0	0.0	0.999996	0.0	0.0	0.0	4.0e-6	0.0	0.0	0.0	0.0	
528	1768290	572.280976238	5799.058777777779	6212.419888888894	33.2491	0.970372	1768283	0	0	0	3	0	0	0	0	0.001239	0.0	0.0	0.0	0.730355	0.0	0.0	0.0	0.0	524.502	0.0	0.0	0.0	26.547	0.0	0.0	0.0	0.0	0.000297	0.0	0.0	0.0	8.849	0.0	0.0	0.0	0.0	53	0	0	0	0	0	0	0	0	209928	0	0	0	3	0	0	0	0	1171411	0	0	0	0	0	0	0	0	82023	0	0	0	0	0	0	0	0	30787	0	0	0	0	0	0	0	0	274081	0	0	0	0	0	0	0	0	14081.6	0.0	0.0	0.0	0.009327	0.0	0.0	0.0	0.0	0.999999	0.0	0.0	0.0	1.0e-6	0.0	0.0	0.0	0.0	
529	1771581	573.281100347	5799.058777777779	6187.169888888893	33.1852	0.970316	1771574	0	0	0	3	0	0	0	0	0.000184	0.0	0.0	0.0	0.730355	0.0	0.0	0.0	0.0	525.501	0.0	0.0	0.0	26.547	0.0	0.0	0.0	0.0	0.000297	0.0	0.0	0.0	8.849	0.0	0.0	0.0	0.0	53	0	0	0	0	0	0	0	0	210272	0	0	0	3	0	0	0	0	1173570	0	0	0	0	0	0	0	0	82259	0	0	0	0	0	0	0	0	30858	0	0	0	0	0	0	0	0	274562	0	0	0	0	0	0	0	0	2091.12	0.0	0.0	0.0	0.009327	0.0	0.0	0.0	0.0	0.999996	0.0	0.0	0.0	4.0e-6	0.0	0.0	0.0	0.0	
530	1774876	574.281335187	5799.058777777779	5886.642111111118	33.1214	0.970259	1774869	0	0	0	3	0	0	0	0	0.000773	0.0	0.0	0.0	0.730355	0.0	0.0	0.0	0.0	526.5	0.0	0.0	0.0	26.547	0.0	0.0	0.0	0.0	0.000297	0.0	0.0	0.0	8.849	0.0	0.0	0.0	0.0	53	0	0	0	0	0	0	0	0	210626	0	0	0	3	0	0	0	0	1175670	0	0	0	0	0	0	0	0	82494	0	0	0	0	0	0	0	0	30920	0	0	0	0	0	0	0	0	275106	0	0	0	0	0	0	0	0	8779.05	0.0	0.0	0.0	0.009327	0.0	0.0	0.0	0.0	0.999999	0.0	0.0	0.0	1.0e-6	0.0	0.0	0.0	0.0	
531	1778272	575.281535601	5744.836555555563	5838.808777777785	33.0577	0.970203	1778265	0	0	0	3	0	0	0	0	0.000717	0.0	0.0	0.0	0.730355	0.0	0.0	0.0	0.0	527.498	0.0	0.0	0.0	26.547	0.0	0.0	0.0	0.0	0.000297	0.0	0.0	0.0	8.849	0.0	0.0	0.0	0.0	60	0	0	0	0	0	0	0	0	210998	0	0	0	3	0	0	0	0	1177821	0	0	0	0	0	0	0	0	82721	0	0	0	0	0	0	0	0	30986	0	0	0	0	0	0	0	0	275679	0	0	0	0	0	0	0	0	8143.54	0.0	0.0	0.0	0.009327	0.0	0.0	0.0	0.0	0.999999	0.0	0.0	0.0	1.0e-6	0.0	0.0	0.0	0.0	
532	1781629	576.281770848	5736.753222222228	6337.058777777783	32.9942	0.970146	1781622	0	0	0	3	0	0	0	0	0.000429	0.0	0.0	0.0	0.730355	0.0	0.0	0.0	0.0	528.497	0.0	0.0	0.0	26.547	0.0	0.0	0.0	0.0	0.000297	0.0	0.0	0.0	8.849	0.0	0.0	0.0	0.0	63	0	0	0	0	0	0	0	0	211341	0	0	0	3	0	0	0	0	1180025	0	0	0	0	0	0	0	0	82975	0	0	0	0	0	0	0	0	31026	0	0	0	0	0	0	0	0	276192	0	0	0	0	0	0	0	0	4872.08	0.0	0.0	0.0	0.009327	0.0	0.0	0.0	0.0	0.999998	0.0	0.0	0.0	2.0e-6	0.0	0.0	0.0	0.0	
533	1785100	577.281977266	5736.753222222228	6056.586555555563	32.9307	0.97009	1785093	0	0	0	3	0	0	0	0	0.000702	0.0	0.0	0.0	0.730355	0.0	0.0	0.0	0.0	529.496	0.0	0.0	0.0	26.547	0.0	0.0	0.0	0.0	0.000297	0.0	0.0	0.0	8.849	0.0	0.0	0.0	0.0	63	0	0	0	0	0	0	0	0	211728	0	0	0	3	0	0	0	0	1182281	0	0	0	0	0	0	0	0	83200	0	0	0	0	0	0	0	0	31071	0	0	0	0	0	0	0	0	276750	0	0	0	0	0	0	0	0	7976.24	0.0	0.0	0.0	0.009327	0.0	0.0	0.0	0.0	0.999999	0.0	0.0	0.0	1.0e-6	0.0	0.0	0.0	0.0	
534	1788537	578.282167945	5736.753222222228	6250.836555555562	32.8674	0.970033	1788530	0	0	0	3	0	0	0	0	0.000292	0.0	0.0	0.0	0.730355	0.0	0.0	0.0	0.0	530.494	0.0	0.0	0.0	26.547	0.0	0.0	0.0	0.0	0.000297	0.0	0.0	0.0	8.849	0.0	0.0	0.0	0.0	63	0	0	0	0	0	0	0	0	212093	0	0	0	3	0	0	0	0	1184528	0	0	0	0	0	0	0	0	83462	0	0	0	0	0	0	0	0	31127	0	0	0	0	0	0	0	0	277257	0	0	0	0	0	0	0	0	3322.45	0.0	0.0	0.0	0.009327	0.0	0.0	0.0	0.0	0.999997	0.0	0.0	0.0	3.0e-6	0.0	0.0	0.0	0.0	
535	1792058	579.282272339	5736.753222222228	5905.086555555561	32.8042	0.969976	1792051	0	0	0	3	0	0	0	0	0.00087	0.0	0.0	0.0	0.730355	0.0	0.0	0.0	0.0	531.493	0.0	0.0	0.0	26.547	0.0	0.0	0.0	0.0	0.000297	0.0	0.0	0.0	8.849	0.0	0.0	0.0	0.0	63	0	0	0	0	0	0	0	0	212434	0	0	0	3	0	0	0	0	1186749	0	0	0	0	0	0	0	0	83704	0	0	0	0	0	0	0	0	31210	0	0	0	0	0	0	0	0	277891	0	0	0	0	0	0	0	0	9894.33	0.0	0.0	0.0	0.009327	0.0	0.0	0.0	0.0	0.999999	0.0	0.0	0.0	1.0e-6	0.0	0.0	0.0	0.0	
536	1795412	580.28234192	5697.225444444452	5765.531000000006	32.7412	0.969919	1795405	0	0	0	3	0	0	0	0	0.000664	0.0	0.0	0.0	0.730355	0.0	0.0	0.0	0.0	532.492	0.0	0.0	0.0	26.547	0.0	0.0	0.0	0.0	0.000297	0.0	0.0	0.0	8.849	0.0	0.0	0.0	0.0	65	0	0	0	0	0	0	0	0	212772	0	0	0	3	0	0	0	0	1188916	0	0	0	0	0	0	0	0	83956	0	0	0	0	0	0	0	0	31281	0	0	0	0	0	0	0	0	278415	0	0	0	0	0	0	0	0	7545.66	0.0	0.0	0.0	0.009327	0.0	0.0	0.0	0.0	0.999999	0.0	0.0	0.0	1.0e-6	0.0	0.0	0.0	0.0	
537	1798780	581.285905847	5697.225444444452	5992.447666666676	32.6786	0.969862	1798773	0	0	0	3	0	0	0	0	0.000349	0.0	0.0	0.0	0.730355	0.0	0.0	0.0	0.0	533.494	0.0	0.0	0.0	26.547	0.0	0.0	0.0	0.0	0.000297	0.0	0.0	0.0	8.849	0.0	0.0	0.0	0.0	65	0	0	0	0	0	0	0	0	213122	0	0	0	3	0	0	0	0	1191124	0	0	0	0	0	0	0	0	84219	0	0	0	0	0	0	0	0	31342	0	0	0	0	0	0	0	0	278901	0	0	0	0	0	0	0	0	3963.0	0.0	0.0	0.0	0.009327	0.0	0.0	0.0	0.0	0.999998	0.0	0.0	0.0	2.0e-6	0.0	0.0	0.0	0.0	
538	1802220	582.291257684	5697.225444444452	6145.086555555564	32.6155	0.969805	1802213	0	0	0	3	0	0	0	0	0.000626	0.0	0.0	0.0	0.730355	0.0	0.0	0.0	0.0	534.498	0.0	0.0	0.0	26.547	0.0	0.0	0.0	0.0	0.000297	0.0	0.0	0.0	8.849	0.0	0.0	0.0	0.0	65	0	0	0	0	0	0	0	0	213465	0	0	0	3	0	0	0	0	1193413	0	0	0	0	0	0	0	0	84454	0	0	0	0	0	0	0	0	31401	0	0	0	0	0	0	0	0	279415	0	0	0	0	0	0	0	0	7111.31	0.0	0.0	0.0	0.009327	0.0	0.0	0.0	0.0	0.999999	0.0	0.0	0.0	1.0e-6	0.0	0.0	0.0	0.0	
539	1805625	583.291373075	5697.225444444452	6049.781000000006	32.5521	0.969747	1805618	0	0	0	3	0	0	0	0	0.000946	0.0	0.0	0.0	0.730355	0.0	0.0	0.0	0.0	535.496	0.0	0.0	0.0	26.547	0.0	0.0	0.0	0.0	0.000297	0.0	0.0	0.0	8.849	0.0	0.0	0.0	0.0	65	0	0	0	0	0	0	0	0	213862	0	0	0	3	0	0	0	0	1195655	0	0	0	0	0	0	0	0	84700	0	0	0	0	0	0	0	0	31483	0	0	0	0	0	0	0	0	279853	0	0	0	0	0	0	0	0	10750.7	0.0	0.0	0.0	0.009327	0.0	0.0	0.0	0.0	0.999999	0.0	0.0	0.0	1.0e-6	0.0	0.0	0.0	0.0	
540	1809093	584.291486953	5697.225444444452	6225.142111111118	32.4896	0.96969	1809086	0	0	0	3	0	0	0	0	0.000722	0.0	0.0	0.0	0.730355	0.0	0.0	0.0	0.0	536.495	0.0	0.0	0.0	26.547	0.0	0.0	0.0	0.0	0.000297	0.0	0.0	0.0	8.849	0.0	0.0	0.0	0.0	65	0	0	0	0	0	0	0	0	214245	0	0	0	3	0	0	0	0	1197853	0	0	0	0	0	0	0	0	84930	0	0	0	0	0	0	0	0	31526	0	0	0	0	0	0	0	0	280467	0	0	0	0	0	0	0	0	8212.95	0.0	0.0	0.0	0.009327	0.0	0.0	0.0	0.0	0.999999	0.0	0.0	0.0	1.0e-6	0.0	0.0	0.0	0.0	
541	1812510	585.291578268	5697.225444444452	6418.919888888895	32.4271	0.969632	1812503	0	0	0	3	0	0	0	0	0.000642	0.0	0.0	0.0	0.730355	0.0	0.0	0.0	0.0	537.494	0.0	0.0	0.0	26.547	0.0	0.0	0.0	0.0	0.000297	0.0	0.0	0.0	8.849	0.0	0.0	0.0	0.0	65	0	0	0	0	0	0	0	0	214623	0	0	0	3	0	0	0	0	1200016	0	0	0	0	0	0	0	0	85188	0	0	0	0	0	0	0	0	31598	0	0	0	0	0	0	0	0	281013	0	0	0	0	0	0	0	0	7306.07	0.0	0.0	0.0	0.009327	0.0	0.0	0.0	0.0	0.999999	0.0	0.0	0.0	1.0e-6	0.0	0.0	0.0	0.0	
542	1815949	586.291751967	5697.225444444452	6258.08655555556	32.3648	0.969575	1815942	0	0	0	3	0	0	0	0	0.000518	0.0	0.0	0.0	0.730355	0.0	0.0	0.0	0.0	538.492	0.0	0.0	0.0	26.547	0.0	0.0	0.0	0.0	0.000297	0.0	0.0	0.0	8.849	0.0	0.0	0.0	0.0	65	0	0	0	0	0	0	0	0	215021	0	0	0	3	0	0	0	0	1202214	0	0	0	0	0	0	0	0	85425	0	0	0	0	0	0	0	0	31665	0	0	0	0	0	0	0	0	281552	0	0	0	0	0	0	0	0	5886.31	0.0	0.0	0.0	0.009327	0.0	0.0	0.0	0.0	0.999998	0.0	0.0	0.0	2.0e-6	0.0	0.0	0.0	0.0	
543	1819272	587.291812369	5697.225444444452	6279.725444444449	32.3025	0.969517	1819265	0	0	0	3	0	0	0	0	0.000584	0.0	0.0	0.0	0.730355	0.0	0.0	0.0	0.0	539.491	0.0	0.0	0.0	26.547	0.0	0.0	0.0	0.0	0.000297	0.0	0.0	0.0	8.849	0.0	0.0	0.0	0.0	65	0	0	0	0	0	0	0	0	215366	0	0	0	3	0	0	0	0	1204412	0	0	0	0	0	0	0	0	85631	0	0	0	0	0	0	0	0	31726	0	0	0	0	0	0	0	0	282065	0	0	0	0	0	0	0	0	6635.87	0.0	0.0	0.0	0.009327	0.0	0.0	0.0	0.0	0.999999	0.0	0.0	0.0	1.0e-6	0.0	0.0	0.0	0.0	
544	1822535	588.291949479	5697.225444444452	6184.97544444445	32.2404	0.969459	1822528	0	0	0	3	0	0	0	0	0.000386	0.0	0.0	0.0	0.730355	0.0	0.0	0.0	0.0	540.489	0.0	0.0	0.0	26.547	0.0	0.0	0.0	0.0	0.000297	0.0	0.0	0.0	8.849	0.0	0.0	0.0	0.0	65	0	0	0	0	0	0	0	0	215693	0	0	0	3	0	0	0	0	1206504	0	0	0	0	0	0	0	0	85883	0	0	0	0	0	0	0	0	31780	0	0	0	0	0	0	0	0	282603	0	0	0	0	0	0	0	0	4388.1	0.0	0.0	0.0	0.009327	0.0	0.0	0.0	0.0	0.999998	0.0	0.0	0.0	2.0e-6	0.0	0.0	0.0	0.0	
545	1825860	589.291980996	5697.225444444452	6263.503222222227	32.1785	0.969401	1825853	0	0	0	3	0	0	0	0	0.000482	0.0	0.0	0.0	0.730355	0.0	0.0	0.0	0.0	541.488	0.0	0.0	0.0	26.547	0.0	0.0	0.0	0.0	0.000297	0.0	0.0	0.0	8.849	0.0	0.0	0.0	0.0	65	0	0	0	0	0	0	0	0	216038	0	0	0	3	0	0	0	0	1208653	0	0	0	0	0	0	0	0	86065	0	0	0	0	0	0	0	0	31838	0	0	0	0	0	0	0	0	283194	0	0	0	0	0	0	0	0	5482.81	0.0	0.0	0.0	0.009327	0.0	0.0	0.0	0.0	0.999998	0.0	0.0	0.0	2.0e-6	0.0	0.0	0.0	0.0	
546	1829112	590.292247662	5697.225444444452	6105.781000000006	32.1166	0.969343	1829105	0	0	0	3	0	0	0	0	0.000693	0.0	0.0	0.0	0.730355	0.0	0.0	0.0	0.0	542.487	0.0	0.0	0.0	26.547	0.0	0.0	0.0	0.0	0.000297	0.0	0.0	0.0	8.849	0.0	0.0	0.0	0.0	65	0	0	0	0	0	0	0	0	216403	0	0	0	3	0	0	0	0	1210783	0	0	0	0	0	0	0	0	86297	0	0	0	0	0	0	0	0	31900	0	0	0	0	0	0	0	0	283657	0	0	0	0	0	0	0	0	7872.8	0.0	0.0	0.0	0.009327	0.0	0.0	0.0	0.0	0.999999	0.0	0.0	0.0	1.0e-6	0.0	0.0	0.0	0.0	
547	1832366	591.292265802	5697.225444444452	6338.669888888893	32.0549	0.969285	1832359	0	0	0	3	0	0	0	0	0.000652	0.0	0.0	0.0	0.730355	0.0	0.0	0.0	0.0	543.485	0.0	0.0	0.0	26.547	0.0	0.0	0.0	0.0	0.000297	0.0	0.0	0.0	8.849	0.0	0.0	0.0	0.0	65	0	0	0	0	0	0	0	0	216735	0	0	0	3	0	0	0	0	1212923	0	0	0	0	0	0	0	0	86537	0	0	0	0	0	0	0	0	31981	0	0	0	0	0	0	0	0	284118	0	0	0	0	0	0	0	0	7406.74	0.0	0.0	0.0	0.009327	0.0	0.0	0.0	0.0	0.999999	0.0	0.0	0.0	1.0e-6	0.0	0.0	0.0	0.0	
548	1835883	592.292391256	5697.225444444452	6035.753222222229	31.9932	0.969227	1835876	0	0	0	3	0	0	0	0	0.000649	0.0	0.0	0.0	0.730355	0.0	0.0	0.0	0.0	544.484	0.0	0.0	0.0	26.547	0.0	0.0	0.0	0.0	0.000297	0.0	0.0	0.0	8.849	0.0	0.0	0.0	0.0	65	0	0	0	0	0	0	0	0	217089	0	0	0	3	0	0	0	0	1215155	0	0	0	0	0	0	0	0	86802	0	0	0	0	0	0	0	0	32050	0	0	0	0	0	0	0	0	284715	0	0	0	0	0	0	0	0	7378.7	0.0	0.0	0.0	0.009327	0.0	0.0	0.0	0.0	0.999999	0.0	0.0	0.0	1.0e-6	0.0	0.0	0.0	0.0	
549	1839388	593.292682075	5697.225444444452	5963.669888888898	31.9317	0.969168	1839381	0	0	0	3	0	0	0	0	0.000265	0.0	0.0	0.0	0.730355	0.0	0.0	0.0	0.0	545.483	0.0	0.0	0.0	26.547	0.0	0.0	0.0	0.0	0.000297	0.0	0.0	0.0	8.849	0.0	0.0	0.0	0.0	65	0	0	0	0	0	0	0	0	217504	0	0	0	3	0	0	0	0	1217363	0	0	0	0	0	0	0	0	87076	0	0	0	0	0	0	0	0	32096	0	0	0	0	0	0	0	0	285277	0	0	0	0	0	0	0	0	3010.58	0.0	0.0	0.0	0.009327	0.0	0.0	0.0	0.0	0.999997	0.0	0.0	0.0	3.0e-6	0.0	0.0	0.0	0.0	
550	1842874	594.292756446	5697.225444444452	6002.836555555564	31.8703	0.96911	1842867	0	0	0	3	0	0	0	0	0.000544	0.0	0.0	0.0	0.730355	0.0	0.0	0.0	0.0	546.481	0.0	0.0	0.0	26.547	0.0	0.0	0.0	0.0	0.000297	0.0	0.0	0.0	8.849	0.0	0.0	0.0	0.0	65	0	0	0	0	0	0	0	0	217917	0	0	0	3	0	0	0	0	1219597	0	0	0	0	0	0	0	0	87356	0	0	0	0	0	0	0	0	32137	0	0	0	0	0	0	0	0	285795	0	0	0	0	0	0	0	0	6185.7	0.0	0.0	0.0	0.009327	0.0	0.0	0.0	0.0	0.999998	0.0	0.0	0.0	2.0e-6	0.0	0.0	0.0	0.0	
551	1846349	595.292791519	5697.225444444452	6164.642111111121	31.8091	0.969051	1846342	0	0	0	3	0	0	0	0	0.000528	0.0	0.0	0.0	0.730355	0.0	0.0	0.0	0.0	547.48	0.0	0.0	0.0	26.547	0.0	0.0	0.0	0.0	0.000297	0.0	0.0	0.0	8.849	0.0	0.0	0.0	0.0	65	0	0	0	0	0	0	0	0	218292	0	0	0	3	0	0	0	0	1221863	0	0	0	0	0	0	0	0	87654	0	0	0	0	0	0	0	0	32198	0	0	0	0	0	0	0	0	286270	0	0	0	0	0	0	0	0	6005.28	0.0	0.0	0.0	0.009327	0.0	0.0	0.0	0.0	0.999998	0.0	0.0	0.0	2.0e-6	0.0	0.0	0.0	0.0	
552	1849867	596.292863219	5697.225444444452	6409.086555555564	31.7479	0.968993	1849860	0	0	0	3	0	0	0	0	0.000499	0.0	0.0	0.0	0.730355	0.0	0.0	0.0	0.0	548.479	0.0	0.0	0.0	26.547	0.0	0.0	0.0	0.0	0.000296	0.0	0.0	0.0	8.849	0.0	0.0	0.0	0.0	65	0	0	0	0	0	0	0	0	218684	0	0	0	3	0	0	0	0	1224192	0	0	0	0	0	0	0	0	87919	0	0	0	0	0	0	0	0	32260	0	0	0	0	0	0	0	0	286740	0	0	0	0	0	0	0	0	5675.34	0.0	0.0	0.0	0.009327	0.0	0.0	0.0	0.0	0.999998	0.0	0.0	0.0	2.0e-6	0.0	0.0	0.0	0.0	
553	1853394	597.293045393	5697.225444444452	6133.558777777786	31.6869	0.968934	1853387	0	0	0	3	0	0	0	0	0.000261	0.0	0.0	0.0	0.730355	0.0	0.0	0.0	0.0	549.477	0.0	0.0	0.0	26.547	0.0	0.0	0.0	0.0	0.000296	0.0	0.0	0.0	8.849	0.0	0.0	0.0	0.0	65	0	0	0	0	0	0	0	0	219078	0	0	0	3	0	0	0	0	1226474	0	0	0	0	0	0	0	0	88144	0	0	0	0	0	0	0	0	32317	0	0	0	0	0	0	0	0	287309	0	0	0	0	0	0	0	0	2973.55	0.0	0.0	0.0	0.009327	0.0	0.0	0.0	0.0	0.999997	0.0	0.0	0.0	3.0e-6	0.0	0.0	0.0	0.0	
554	1856827	598.293059492	5697.225444444452	6162.864333333343	31.626	0.968875	1856820	0	0	0	3	0	0	0	0	0.000327	0.0	0.0	0.0	0.730355	0.0	0.0	0.0	0.0	550.476	0.0	0.0	0.0	26.547	0.0	0.0	0.0	0.0	0.000296	0.0	0.0	0.0	8.849	0.0	0.0	0.0	0.0	65	0	0	0	0	0	0	0	0	219466	0	0	0	3	0	0	0	0	1228740	0	0	0	0	0	0	0	0	88397	0	0	0	0	0	0	0	0	32372	0	0	0	0	0	0	0	0	287780	0	0	0	0	0	0	0	0	3718.22	0.0	0.0	0.0	0.009327	0.0	0.0	0.0	0.0	0.999997	0.0	0.0	0.0	3.0e-6	0.0	0.0	0.0	0.0	
555	1860251	599.293162524	5697.225444444452	6371.503222222232	31.5652	0.968816	1860244	0	0	0	3	0	0	0	0	0.00087	0.0	0.0	0.0	0.730355	0.0	0.0	0.0	0.0	551.475	0.0	0.0	0.0	26.547	0.0	0.0	0.0	0.0	0.000296	0.0	0.0	0.0	8.849	0.0	0.0	0.0	0.0	65	0	0	0	0	0	0	0	0	219825	0	0	0	3	0	0	0	0	1231041	0	0	0	0	0	0	0	0	88647	0	0	0	0	0	0	0	0	32424	0	0	0	0	0	0	0	0	288242	0	0	0	0	0	0	0	0	9904.17	0.0	0.0	0.0	0.009327	0.0	0.0	0.0	0.0	0.999999	0.0	0.0	0.0	1.0e-6	0.0	0.0	0.0	0.0	
556	1863562	600.29329318	5697.225444444452	6342.78100000001	31.5045	0.968757	1863555	0	0	0	3	0	0	0	0	0.000244	0.0	0.0	0.0	0.730355	0.0	0.0	0.0	0.0	552.473	0.0	0.0	0.0	26.547	0.0	0.0	0.0	0.0	0.000296	0.0	0.0	0.0	8.849	0.0	0.0	0.0	0.0	65	0	0	0	0	0	0	0	0	220197	0	0	0	3	0	0	0	0	1233236	0	0	0	0	0	0	0	0	88874	0	0	0	0	0	0	0	0	32497	0	0	0	0	0	0	0	0	288686	0	0	0	0	0	0	0	0	2772.56	0.0	0.0	0.0	0.009327	0.0	0.0	0.0	0.0	0.999997	0.0	0.0	0.0	3.0e-6	0.0	0.0	0.0	0.0	
557	1866921	601.293537627	5697.225444444452	5951.975444444451	31.4439	0.968698	1866914	0	0	0	3	0	0	0	0	0.000781	0.0	0.0	0.0	0.730355	0.0	0.0	0.0	0.0	553.472	0.0	0.0	0.0	26.547	0.0	0.0	0.0	0.0	0.000296	0.0	0.0	0.0	8.849	0.0	0.0	0.0	0.0	65	0	0	0	0	0	0	0	0	220574	0	0	0	3	0	0	0	0	1235499	0	0	0	0	0	0	0	0	89128	0	0	0	0	0	0	0	0	32569	0	0	0	0	0	0	0	0	289079	0	0	0	0	0	0	0	0	8888.89	0.0	0.0	0.0	0.009327	0.0	0.0	0.0	0.0	0.999999	0.0	0.0	0.0	1.0e-6	0.0	0.0	0.0	0.0	
558	1870332	602.293754579	5697.225444444452	6165.6976666666715	31.3834	0.968638	1870325	0	0	0	3	0	0	0	0	0.000375	0.0	0.0	0.0	0.730355	0.0	0.0	0.0	0.0	554.471	0.0	0.0	0.0	26.547	0.0	0.0	0.0	0.0	0.000296	0.0	0.0	0.0	8.849	0.0	0.0	0.0	0.0	65	0	0	0	0	0	0	0	0	220935	0	0	0	3	0	0	0	0	1237746	0	0	0	0	0	0	0	0	89353	0	0	0	0	0	0	0	0	32658	0	0	0	0	0	0	0	0	289568	0	0	0	0	0	0	0	0	4265.6	0.0	0.0	0.0	0.009327	0.0	0.0	0.0	0.0	0.999998	0.0	0.0	0.0	2.0e-6	0.0	0.0	0.0	0.0	
559	1873721	603.293963044	5697.225444444452	6265.031000000005	31.3237	0.96858	1873714	0	0	0	3	0	0	0	0	0.000235	0.0	0.0	0.0	0.730355	0.0	0.0	0.0	0.0	555.47	0.0	0.0	0.0	26.547	0.0	0.0	0.0	0.0	0.000296	0.0	0.0	0.0	8.849	0.0	0.0	0.0	0.0	65	0	0	0	0	0	0	0	0	221304	0	0	0	3	0	0	0	0	1239989	0	0	0	0	0	0	0	0	89577	0	0	0	0	0	0	0	0	32726	0	0	0	0	0	0	0	0	290053	0	0	0	0	0	0	0	0	2678.42	0.0	0.0	0.0	0.009327	0.0	0.0	0.0	0.0	0.999997	0.0	0.0	0.0	3.0e-6	0.0	0.0	0.0	0.0	
560	1877164	604.29417617	5697.225444444452	6265.475444444452	31.2629	0.968519	1877157	0	0	0	3	0	0	0	0	0.00051	0.0	0.0	0.0	0.730355	0.0	0.0	0.0	0.0	556.468	0.0	0.0	0.0	26.547	0.0	0.0	0.0	0.0	0.000296	0.0	0.0	0.0	8.849	0.0	0.0	0.0	0.0	65	0	0	0	0	0	0	0	0	221670	0	0	0	3	0	0	0	0	1242256	0	0	0	0	0	0	0	0	89817	0	0	0	0	0	0	0	0	32804	0	0	0	0	0	0	0	0	290545	0	0	0	0	0	0	0	0	5806.81	0.0	0.0	0.0	0.009327	0.0	0.0	0.0	0.0	0.999998	0.0	0.0	0.0	2.0e-6	0.0	0.0	0.0	0.0	
561	1880587	605.294256698	5697.225444444452	6195.197666666673	31.2028	0.96846	1880580	0	0	0	3	0	0	0	0	0.00035	0.0	0.0	0.0	0.730355	0.0	0.0	0.0	0.0	557.467	0.0	0.0	0.0	26.547	0.0	0.0	0.0	0.0	0.000296	0.0	0.0	0.0	8.849	0.0	0.0	0.0	0.0	65	0	0	0	0	0	0	0	0	222031	0	0	0	3	0	0	0	0	1244479	0	0	0	0	0	0	0	0	90040	0	0	0	0	0	0	0	0	32880	0	0	0	0	0	0	0	0	291085	0	0	0	0	0	0	0	0	3984.02	0.0	0.0	0.0	0.009327	0.0	0.0	0.0	0.0	0.999998	0.0	0.0	0.0	2.0e-6	0.0	0.0	0.0	0.0	
562	1883993	606.294518389	5697.225444444452	6197.281000000005	31.1428	0.9684	1883986	0	0	0	3	0	0	0	0	0.000641	0.0	0.0	0.0	0.730355	0.0	0.0	0.0	0.0	558.466	0.0	0.0	0.0	26.547	0.0	0.0	0.0	0.0	0.000296	0.0	0.0	0.0	8.849	0.0	0.0	0.0	0.0	65	0	0	0	0	0	0	0	0	222395	0	0	0	3	0	0	0	0	1246684	0	0	0	0	0	0	0	0	90272	0	0	0	0	0	0	0	0	32940	0	0	0	0	0	0	0	0	291630	0	0	0	0	0	0	0	0	7290.01	0.0	0.0	0.0	0.009327	0.0	0.0	0.0	0.0	0.999999	0.0	0.0	0.0	1.0e-6	0.0	0.0	0.0	0.0	
563	1887494	607.294639139	5697.225444444452	6318.753222222226	31.0829	0.96834	1887487	0	0	0	3	0	0	0	0	0.000688	0.0	0.0	0.0	0.730355	0.0	0.0	0.0	0.0	559.464	0.0	0.0	0.0	26.547	0.0	0.0	0.0	0.0	0.000296	0.0	0.0	0.0	8.849	0.0	0.0	0.0	0.0	65	0	0	0	0	0	0	0	0	222709	0	0	0	3	0	0	0	0	1248895	0	0	0	0	0	0	0	0	90509	0	0	0	0	0	0	0	0	33024	0	0	0	0	0	0	0	0	292285	0	0	0	0	0	0	0	0	7829.3	0.0	0.0	0.0	0.009327	0.0	0.0	0.0	0.0	0.999999	0.0	0.0	0.0	1.0e-6	0.0	0.0	0.0	0.0	
564	1890861	608.294754124	5697.225444444452	6369.281000000005	31.0231	0.96828	1890854	0	0	0	3	0	0	0	0	0.000634	0.0	0.0	0.0	0.730355	0.0	0.0	0.0	0.0	560.463	0.0	0.0	0.0	26.547	0.0	0.0	0.0	0.0	0.000296	0.0	0.0	0.0	8.849	0.0	0.0	0.0	0.0	65	0	0	0	0	0	0	0	0	223046	0	0	0	3	0	0	0	0	1251093	0	0	0	0	0	0	0	0	90721	0	0	0	0	0	0	0	0	33100	0	0	0	0	0	0	0	0	292829	0	0	0	0	0	0	0	0	7212.03	0.0	0.0	0.0	0.009327	0.0	0.0	0.0	0.0	0.999999	0.0	0.0	0.0	1.0e-6	0.0	0.0	0.0	0.0	
565	1894257	609.297447475	5697.225444444452	6249.22544444445	30.9638	0.96822	1894250	0	0	0	3	0	0	0	0	0.000823	0.0	0.0	0.0	0.730355	0.0	0.0	0.0	0.0	561.464	0.0	0.0	0.0	26.547	0.0	0.0	0.0	0.0	0.000296	0.0	0.0	0.0	8.849	0.0	0.0	0.0	0.0	65	0	0	0	0	0	0	0	0	223410	0	0	0	3	0	0	0	0	1253300	0	0	0	0	0	0	0	0	90958	0	0	0	0	0	0	0	0	33184	0	0	0	0	0	0	0	0	293333	0	0	0	0	0	0	0	0	9368.51	0.0	0.0	0.0	0.009327	0.0	0.0	0.0	0.0	0.999999	0.0	0.0	0.0	1.0e-6	0.0	0.0	0.0	0.0	
566	1897633	610.297568994	5697.225444444452	6120.669888888892	30.9038	0.968159	1897626	0	0	0	3	0	0	0	0	0.00073	0.0	0.0	0.0	0.730355	0.0	0.0	0.0	0.0	562.463	0.0	0.0	0.0	26.547	0.0	0.0	0.0	0.0	0.000296	0.0	0.0	0.0	8.849	0.0	0.0	0.0	0.0	65	0	0	0	0	0	0	0	0	223753	0	0	0	3	0	0	0	0	1255507	0	0	0	0	0	0	0	0	91209	0	0	0	0	0	0	0	0	33258	0	0	0	0	0	0	0	0	293834	0	0	0	0	0	0	0	0	8313.55	0.0	0.0	0.0	0.009327	0.0	0.0	0.0	0.0	0.999999	0.0	0.0	0.0	1.0e-6	0.0	0.0	0.0	0.0	
567	1901056	611.297674745	5697.225444444452	6321.669888888893	30.8444	0.968099	1901049	0	0	0	3	0	0	0	0	0.00041	0.0	0.0	0.0	0.730355	0.0	0.0	0.0	0.0	563.461	0.0	0.0	0.0	26.547	0.0	0.0	0.0	0.0	0.000296	0.0	0.0	0.0	8.849	0.0	0.0	0.0	0.0	65	0	0	0	0	0	0	0	0	224145	0	0	0	3	0	0	0	0	1257716	0	0	0	0	0	0	0	0	91456	0	0	0	0	0	0	0	0	33304	0	0	0	0	0	0	0	0	294363	0	0	0	0	0	0	0	0	4665.3	0.0	0.0	0.0	0.009327	0.0	0.0	0.0	0.0	0.999998	0.0	0.0	0.0	2.0e-6	0.0	0.0	0.0	0.0	
568	1904459	612.297717582	5697.225444444452	6195.5310000000045	30.7851	0.968039	1904452	0	0	0	3	0	0	0	0	0.000303	0.0	0.0	0.0	0.730355	0.0	0.0	0.0	0.0	564.46	0.0	0.0	0.0	26.547	0.0	0.0	0.0	0.0	0.000296	0.0	0.0	0.0	8.849	0.0	0.0	0.0	0.0	65	0	0	0	0	0	0	0	0	224496	0	0	0	3	0	0	0	0	1259954	0	0	0	0	0	0	0	0	91721	0	0	0	0	0	0	0	0	33352	0	0	0	0	0	0	0	0	294864	0	0	0	0	0	0	0	0	3451.98	0.0	0.0	0.0	0.009327	0.0	0.0	0.0	0.0	0.999997	0.0	0.0	0.0	3.0e-6	0.0	0.0	0.0	0.0	
569	1907894	613.297897045	5697.225444444452	6441.1976666666715	30.7259	0.967978	1907887	0	0	0	3	0	0	0	0	0.000574	0.0	0.0	0.0	0.730355	0.0	0.0	0.0	0.0	565.459	0.0	0.0	0.0	26.547	0.0	0.0	0.0	0.0	0.000296	0.0	0.0	0.0	8.849	0.0	0.0	0.0	0.0	65	0	0	0	0	0	0	0	0	224853	0	0	0	3	0	0	0	0	1262154	0	0	0	0	0	0	0	0	91973	0	0	0	0	0	0	0	0	33409	0	0	0	0	0	0	0	0	295433	0	0	0	0	0	0	0	0	6535.84	0.0	0.0	0.0	0.009327	0.0	0.0	0.0	0.0	0.999999	0.0	0.0	0.0	1.0e-6	0.0	0.0	0.0	0.0	
570	1911311	614.29809288	5697.225444444452	6268.89211111112	30.6669	0.967917	1911304	0	0	0	3	0	0	0	0	0.00035	0.0	0.0	0.0	0.730355	0.0	0.0	0.0	0.0	566.458	0.0	0.0	0.0	26.547	0.0	0.0	0.0	0.0	0.000296	0.0	0.0	0.0	8.849	0.0	0.0	0.0	0.0	65	0	0	0	0	0	0	0	0	225203	0	0	0	3	0	0	0	0	1264324	0	0	0	0	0	0	0	0	92254	0	0	0	0	0	0	0	0	33462	0	0	0	0	0	0	0	0	295996	0	0	0	0	0	0	0	0	3981.49	0.0	0.0	0.0	0.009327	0.0	0.0	0.0	0.0	0.999998	0.0	0.0	0.0	2.0e-6	0.0	0.0	0.0	0.0	
571	1914752	615.301354075	5697.225444444452	6246.3921111111185	30.6083	0.967857	1914745	0	0	0	3	0	0	0	0	0.000414	0.0	0.0	0.0	0.730355	0.0	0.0	0.0	0.0	567.459	0.0	0.0	0.0	26.547	0.0	0.0	0.0	0.0	0.000296	0.0	0.0	0.0	8.849	0.0	0.0	0.0	0.0	65	0	0	0	0	0	0	0	0	225547	0	0	0	3	0	0	0	0	1266534	0	0	0	0	0	0	0	0	92542	0	0	0	0	0	0	0	0	33525	0	0	0	0	0	0	0	0	296532	0	0	0	0	0	0	0	0	4710.25	0.0	0.0	0.0	0.009327	0.0	0.0	0.0	0.0	0.999998	0.0	0.0	0.0	2.0e-6	0.0	0.0	0.0	0.0	
572	1918196	616.304298437	5697.225444444452	6221.39211111112	30.5493	0.967796	1918189	0	0	0	3	0	0	0	0	0.000468	0.0	0.0	0.0	0.730355	0.0	0.0	0.0	0.0	568.461	0.0	0.0	0.0	26.547	0.0	0.0	0.0	0.0	0.000296	0.0	0.0	0.0	8.849	0.0	0.0	0.0	0.0	65	0	0	0	0	0	0	0	0	225927	0	0	0	3	0	0	0	0	1268674	0	0	0	0	0	0	0	0	92862	0	0	0	0	0	0	0	0	33613	0	0	0	0	0	0	0	0	297048	0	0	0	0	0	0	0	0	5325.83	0.0	0.0	0.0	0.009327	0.0	0.0	0.0	0.0	0.999998	0.0	0.0	0.0	2.0e-6	0.0	0.0	0.0	0.0	
573	1921651	617.312338399	5697.225444444452	6151.975444444455	30.4901	0.967734	1921644	0	0	0	3	0	0	0	0	0.000544	0.0	0.0	0.0	0.730355	0.0	0.0	0.0	0.0	569.467	0.0	0.0	0.0	26.547	0.0	0.0	0.0	0.0	0.000296	0.0	0.0	0.0	8.849	0.0	0.0	0.0	0.0	65	0	0	0	0	0	0	0	0	226284	0	0	0	3	0	0	0	0	1270966	0	0	0	0	0	0	0	0	93130	0	0	0	0	0	0	0	0	33654	0	0	0	0	0	0	0	0	297545	0	0	0	0	0	0	0	0	6192.9	0.0	0.0	0.0	0.009327	0.0	0.0	0.0	0.0	0.999998	0.0	0.0	0.0	2.0e-6	0.0	0.0	0.0	0.0	
574	1925069	618.320490002	5697.225444444452	5986.225444444454	30.431	0.967673	1925062	0	0	0	3	0	0	0	0	0.000555	0.0	0.0	0.0	0.730355	0.0	0.0	0.0	0.0	570.464	0.0	0.0	0.0	26.547	0.0	0.0	0.0	0.0	0.000296	0.0	0.0	0.0	8.849	0.0	0.0	0.0	0.0	65	0	0	0	0	0	0	0	0	226664	0	0	0	3	0	0	0	0	1273256	0	0	0	0	0	0	0	0	93398	0	0	0	0	0	0	0	0	33703	0	0	0	0	0	0	0	0	297976	0	0	0	0	0	0	0	0	6322.24	0.0	0.0	0.0	0.009327	0.0	0.0	0.0	0.0	0.999999	0.0	0.0	0.0	1.0e-6	0.0	0.0	0.0	0.0	
575	1928526	619.326600453	5697.225444444452	6055.781000000006	30.3722	0.967611	1928519	0	0	0	3	0	0	0	0	0.00095	0.0	0.0	0.0	0.730355	0.0	0.0	0.0	0.0	571.468	0.0	0.0	0.0	26.547	0.0	0.0	0.0	0.0	0.000296	0.0	0.0	0.0	8.849	0.0	0.0	0.0	0.0	65	0	0	0	0	0	0	0	0	227031	0	0	0	3	0	0	0	0	1275475	0	0	0	0	0	0	0	0	93703	0	0	0	0	0	0	0	0	33750	0	0	0	0	0	0	0	0	298495	0	0	0	0	0	0	0	0	10816.9	0.0	0.0	0.0	0.009327	0.0	0.0	0.0	0.0	0.999999	0.0	0.0	0.0	1.0e-6	0.0	0.0	0.0	0.0	
576	1931936	620.32693308	5697.225444444452	6132.503222222229	30.3132	0.967549	1931929	0	0	0	3	0	0	0	0	0.000602	0.0	0.0	0.0	0.730355	0.0	0.0	0.0	0.0	572.467	0.0	0.0	0.0	26.547	0.0	0.0	0.0	0.0	0.000296	0.0	0.0	0.0	8.849	0.0	0.0	0.0	0.0	65	0	0	0	0	0	0	0	0	227406	0	0	0	3	0	0	0	0	1277722	0	0	0	0	0	0	0	0	93965	0	0	0	0	0	0	0	0	33819	0	0	0	0	0	0	0	0	298952	0	0	0	0	0	0	0	0	6855.05	0.0	0.0	0.0	0.009327	0.0	0.0	0.0	0.0	0.999999	0.0	0.0	0.0	1.0e-6	0.0	0.0	0.0	0.0	
577	1935407	621.326947139	5697.225444444452	6326.697666666672	30.2549	0.967488	1935400	0	0	0	3	0	0	0	0	0.000373	0.0	0.0	0.0	0.730355	0.0	0.0	0.0	0.0	573.466	0.0	0.0	0.0	26.547	0.0	0.0	0.0	0.0	0.000296	0.0	0.0	0.0	8.849	0.0	0.0	0.0	0.0	65	0	0	0	0	0	0	0	0	227747	0	0	0	3	0	0	0	0	1279937	0	0	0	0	0	0	0	0	94241	0	0	0	0	0	0	0	0	33882	0	0	0	0	0	0	0	0	299528	0	0	0	0	0	0	0	0	4246.14	0.0	0.0	0.0	0.009327	0.0	0.0	0.0	0.0	0.999998	0.0	0.0	0.0	2.0e-6	0.0	0.0	0.0	0.0	
578	1938899	622.337029971	5697.225444444452	6289.2254444444525	30.1968	0.967426	1938892	0	0	0	3	0	0	0	0	0.000875	0.0	0.0	0.0	0.730355	0.0	0.0	0.0	0.0	574.474	0.0	0.0	0.0	26.547	0.0	0.0	0.0	0.0	0.000296	0.0	0.0	0.0	8.849	0.0	0.0	0.0	0.0	65	0	0	0	0	0	0	0	0	228105	0	0	0	3	0	0	0	0	1282184	0	0	0	0	0	0	0	0	94489	0	0	0	0	0	0	0	0	33950	0	0	0	0	0	0	0	0	300099	0	0	0	0	0	0	0	0	9961.74	0.0	0.0	0.0	0.009327	0.0	0.0	0.0	0.0	0.999999	0.0	0.0	0.0	1.0e-6	0.0	0.0	0.0	0.0	
579	1942439	623.337060503	5697.225444444452	6245.253222222231	30.1381	0.967364	1942432	0	0	0	3	0	0	0	0	0.000826	0.0	0.0	0.0	0.730355	0.0	0.0	0.0	0.0	575.473	0.0	0.0	0.0	26.547	0.0	0.0	0.0	0.0	0.000296	0.0	0.0	0.0	8.849	0.0	0.0	0.0	0.0	65	0	0	0	0	0	0	0	0	228498	0	0	0	3	0	0	0	0	1284485	0	0	0	0	0	0	0	0	94730	0	0	0	0	0	0	0	0	34010	0	0	0	0	0	0	0	0	300644	0	0	0	0	0	0	0	0	9414.42	0.0	0.0	0.0	0.009327	0.0	0.0	0.0	0.0	0.999999	0.0	0.0	0.0	1.0e-6	0.0	0.0	0.0	0.0	
580	1945790	624.345238806	5697.225444444452	6371.725444444456	30.0803	0.967302	1945783	0	0	0	3	0	0	0	0	0.00106	0.0	0.0	0.0	0.730355	0.0	0.0	0.0	0.0	576.48	0.0	0.0	0.0	26.547	0.0	0.0	0.0	0.0	0.000296	0.0	0.0	0.0	8.849	0.0	0.0	0.0	0.0	65	0	0	0	0	0	0	0	0	228857	0	0	0	3	0	0	0	0	1286596	0	0	0	0	0	0	0	0	94987	0	0	0	0	0	0	0	0	34068	0	0	0	0	0	0	0	0	301210	0	0	0	0	0	0	0	0	12078.2	0.0	0.0	0.0	0.009327	0.0	0.0	0.0	0.0	0.999999	0.0	0.0	0.0	1.0e-6	0.0	0.0	0.0	0.0	
581	1949137	625.345515666	5697.225444444452	6256.392111111121	30.0219	0.96724	1949130	0	0	0	3	0	0	0	0	0.000628	0.0	0.0	0.0	0.730355	0.0	0.0	0.0	0.0	577.479	0.0	0.0	0.0	26.547	0.0	0.0	0.0	0.0	0.000296	0.0	0.0	0.0	8.849	0.0	0.0	0.0	0.0	65	0	0	0	0	0	0	0	0	229251	0	0	0	3	0	0	0	0	1288794	0	0	0	0	0	0	0	0	95227	0	0	0	0	0	0	0	0	34118	0	0	0	0	0	0	0	0	301675	0	0	0	0	0	0	0	0	7152.02	0.0	0.0	0.0	0.009327	0.0	0.0	0.0	0.0	0.999999	0.0	0.0	0.0	1.0e-6	0.0	0.0	0.0	0.0	
582	1952474	626.34560206	5697.225444444452	6137.725444444454	29.9641	0.967178	1952467	0	0	0	3	0	0	0	0	0.00029	0.0	0.0	0.0	0.730355	0.0	0.0	0.0	0.0	578.477	0.0	0.0	0.0	26.547	0.0	0.0	0.0	0.0	0.000296	0.0	0.0	0.0	8.849	0.0	0.0	0.0	0.0	65	0	0	0	0	0	0	0	0	229623	0	0	0	3	0	0	0	0	1290969	0	0	0	0	0	0	0	0	95486	0	0	0	0	0	0	0	0	34187	0	0	0	0	0	0	0	0	302137	0	0	0	0	0	0	0	0	3309.27	0.0	0.0	0.0	0.009327	0.0	0.0	0.0	0.0	0.999997	0.0	0.0	0.0	3.0e-6	0.0	0.0	0.0	0.0	
583	1955843	627.345796405	5697.225444444452	6172.086555555565	29.9065	0.967115	1955836	0	0	0	3	0	0	0	0	0.000554	0.0	0.0	0.0	0.730355	0.0	0.0	0.0	0.0	579.476	0.0	0.0	0.0	26.547	0.0	0.0	0.0	0.0	0.000296	0.0	0.0	0.0	8.849	0.0	0.0	0.0	0.0	65	0	0	0	0	0	0	0	0	229995	0	0	0	3	0	0	0	0	1293192	0	0	0	0	0	0	0	0	95725	0	0	0	0	0	0	0	0	34255	0	0	0	0	0	0	0	0	302604	0	0	0	0	0	0	0	0	6305.74	0.0	0.0	0.0	0.009327	0.0	0.0	0.0	0.0	0.999999	0.0	0.0	0.0	1.0e-6	0.0	0.0	0.0	0.0	
584	1959165	628.345861506	5697.225444444452	6191.558777777788	29.849	0.967053	1959158	0	0	0	3	0	0	0	0	0.00054	0.0	0.0	0.0	0.730355	0.0	0.0	0.0	0.0	580.475	0.0	0.0	0.0	26.547	0.0	0.0	0.0	0.0	0.000296	0.0	0.0	0.0	8.849	0.0	0.0	0.0	0.0	65	0	0	0	0	0	0	0	0	230349	0	0	0	3	0	0	0	0	1295400	0	0	0	0	0	0	0	0	96029	0	0	0	0	0	0	0	0	34305	0	0	0	0	0	0	0	0	303010	0	0	0	0	0	0	0	0	6149.74	0.0	0.0	0.0	0.009327	0.0	0.0	0.0	0.0	0.999998	0.0	0.0	0.0	2.0e-6	0.0	0.0	0.0	0.0	
585	1962467	629.346170408	5697.225444444452	6327.253222222232	29.7917	0.966991	1962460	0	0	0	3	0	0	0	0	0.000333	0.0	0.0	0.0	0.730355	0.0	0.0	0.0	0.0	581.473	0.0	0.0	0.0	26.547	0.0	0.0	0.0	0.0	0.000296	0.0	0.0	0.0	8.849	0.0	0.0	0.0	0.0	65	0	0	0	0	0	0	0	0	230691	0	0	0	3	0	0	0	0	1297641	0	0	0	0	0	0	0	0	96277	0	0	0	0	0	0	0	0	34374	0	0	0	0	0	0	0	0	303412	0	0	0	0	0	0	0	0	3793.27	0.0	0.0	0.0	0.009327	0.0	0.0	0.0	0.0	0.999998	0.0	0.0	0.0	2.0e-6	0.0	0.0	0.0	0.0	
586	1965721	630.346399639	5697.225444444452	6027.808777777786	29.7344	0.966928	1965714	0	0	0	3	0	0	0	0	0.000176	0.0	0.0	0.0	0.730355	0.0	0.0	0.0	0.0	582.472	0.0	0.0	0.0	26.547	0.0	0.0	0.0	0.0	0.000296	0.0	0.0	0.0	8.849	0.0	0.0	0.0	0.0	65	0	0	0	0	0	0	0	0	231041	0	0	0	3	0	0	0	0	1299804	0	0	0	0	0	0	0	0	96557	0	0	0	0	0	0	0	0	34440	0	0	0	0	0	0	0	0	303807	0	0	0	0	0	0	0	0	2007.01	0.0	0.0	0.0	0.009327	0.0	0.0	0.0	0.0	0.999995	0.0	0.0	0.0	5.0e-6	0.0	0.0	0.0	0.0	
587	1969140	631.346449157	5697.225444444452	6027.725444444455	29.6772	0.966865	1969133	0	0	0	3	0	0	0	0	0.000378	0.0	0.0	0.0	0.730355	0.0	0.0	0.0	0.0	583.471	0.0	0.0	0.0	26.547	0.0	0.0	0.0	0.0	0.000296	0.0	0.0	0.0	8.849	0.0	0.0	0.0	0.0	65	0	0	0	0	0	0	0	0	231400	0	0	0	3	0	0	0	0	1302078	0	0	0	0	0	0	0	0	96843	0	0	0	0	0	0	0	0	34498	0	0	0	0	0	0	0	0	304249	0	0	0	0	0	0	0	0	4300.84	0.0	0.0	0.0	0.009327	0.0	0.0	0.0	0.0	0.999998	0.0	0.0	0.0	2.0e-6	0.0	0.0	0.0	0.0	
588	1972508	632.346668262	5697.225444444452	6147.2254444444525	29.6201	0.966803	1972501	0	0	0	3	0	0	0	0	0.000149	0.0	0.0	0.0	0.730355	0.0	0.0	0.0	0.0	584.47	0.0	0.0	0.0	26.547	0.0	0.0	0.0	0.0	0.000296	0.0	0.0	0.0	8.849	0.0	0.0	0.0	0.0	65	0	0	0	0	0	0	0	0	231748	0	0	0	3	0	0	0	0	1304301	0	0	0	0	0	0	0	0	97099	0	0	0	0	0	0	0	0	34537	0	0	0	0	0	0	0	0	304751	0	0	0	0	0	0	0	0	1700.46	0.0	0.0	0.0	0.009327	0.0	0.0	0.0	0.0	0.999995	0.0	0.0	0.0	5.0e-6	0.0	0.0	0.0	0.0	
589	1975791	633.354895173	5697.225444444452	6096.003222222232	29.5634	0.96674	1975784	0	0	0	3	0	0	0	0	3.8e-5	0.0	0.0	0.0	0.730355	0.0	0.0	0.0	0.0	585.476	0.0	0.0	0.0	26.547	0.0	0.0	0.0	0.0	0.000296	0.0	0.0	0.0	8.849	0.0	0.0	0.0	0.0	65	0	0	0	0	0	0	0	0	232081	0	0	0	3	0	0	0	0	1306426	0	0	0	0	0	0	0	0	97387	0	0	0	0	0	0	0	0	34579	0	0	0	0	0	0	0	0	305246	0	0	0	0	0	0	0	0	430.183	0.0	0.0	0.0	0.009327	0.0	0.0	0.0	0.0	0.999978	0.0	0.0	0.0	2.2e-5	0.0	0.0	0.0	0.0	
590	1979065	634.354983259	5697.225444444452	6199.086555555566	29.5059	0.966676	1979058	0	0	0	3	0	0	0	0	0.00054	0.0	0.0	0.0	0.730355	0.0	0.0	0.0	0.0	586.475	0.0	0.0	0.0	26.547	0.0	0.0	0.0	0.0	0.000296	0.0	0.0	0.0	8.849	0.0	0.0	0.0	0.0	65	0	0	0	0	0	0	0	0	232435	0	0	0	3	0	0	0	0	1308534	0	0	0	0	0	0	0	0	97650	0	0	0	0	0	0	0	0	34626	0	0	0	0	0	0	0	0	305748	0	0	0	0	0	0	0	0	6145.6	0.0	0.0	0.0	0.009327	0.0	0.0	0.0	0.0	0.999998	0.0	0.0	0.0	2.0e-6	0.0	0.0	0.0	0.0	
591	1982399	635.35527371	5697.225444444452	5997.503222222229	29.4492	0.966613	1982392	0	0	0	3	0	0	0	0	0.001279	0.0	0.0	0.0	0.730355	0.0	0.0	0.0	0.0	587.474	0.0	0.0	0.0	26.547	0.0	0.0	0.0	0.0	0.000296	0.0	0.0	0.0	8.849	0.0	0.0	0.0	0.0	65	0	0	0	0	0	0	0	0	232773	0	0	0	3	0	0	0	0	1310655	0	0	0	0	0	0	0	0	97941	0	0	0	0	0	0	0	0	34682	0	0	0	0	0	0	0	0	306276	0	0	0	0	0	0	0	0	14559.4	0.0	0.0	0.0	0.009327	0.0	0.0	0.0	0.0	0.999999	0.0	0.0	0.0	1.0e-6	0.0	0.0	0.0	0.0	
592	1985665	636.355458913	5697.225444444452	6360.36433333334	29.3925	0.96655	1985658	0	0	0	3	0	0	0	0	0.000596	0.0	0.0	0.0	0.730355	0.0	0.0	0.0	0.0	588.472	0.0	0.0	0.0	26.547	0.0	0.0	0.0	0.0	0.000296	0.0	0.0	0.0	8.849	0.0	0.0	0.0	0.0	65	0	0	0	0	0	0	0	0	233103	0	0	0	3	0	0	0	0	1312830	0	0	0	0	0	0	0	0	98217	0	0	0	0	0	0	0	0	34730	0	0	0	0	0	0	0	0	306713	0	0	0	0	0	0	0	0	6783.9	0.0	0.0	0.0	0.009327	0.0	0.0	0.0	0.0	0.999999	0.0	0.0	0.0	1.0e-6	0.0	0.0	0.0	0.0	
593	1988901	637.355741046	5697.225444444452	6355.308777777785	29.336	0.966487	1988894	0	0	0	3	0	0	0	0	0.000656	0.0	0.0	0.0	0.730355	0.0	0.0	0.0	0.0	589.471	0.0	0.0	0.0	26.547	0.0	0.0	0.0	0.0	0.000296	0.0	0.0	0.0	8.849	0.0	0.0	0.0	0.0	65	0	0	0	0	0	0	0	0	233468	0	0	0	3	0	0	0	0	1314979	0	0	0	0	0	0	0	0	98464	0	0	0	0	0	0	0	0	34791	0	0	0	0	0	0	0	0	307127	0	0	0	0	0	0	0	0	7464.94	0.0	0.0	0.0	0.009327	0.0	0.0	0.0	0.0	0.999999	0.0	0.0	0.0	1.0e-6	0.0	0.0	0.0	0.0	
594	1992202	638.355979516	5697.225444444452	6279.14211111112	29.2796	0.966423	1992195	0	0	0	3	0	0	0	0	0.000462	0.0	0.0	0.0	0.730355	0.0	0.0	0.0	0.0	590.47	0.0	0.0	0.0	26.547	0.0	0.0	0.0	0.0	0.000296	0.0	0.0	0.0	8.849	0.0	0.0	0.0	0.0	65	0	0	0	0	0	0	0	0	233815	0	0	0	3	0	0	0	0	1317136	0	0	0	0	0	0	0	0	98683	0	0	0	0	0	0	0	0	34862	0	0	0	0	0	0	0	0	307634	0	0	0	0	0	0	0	0	5262.66	0.0	0.0	0.0	0.009327	0.0	0.0	0.0	0.0	0.999998	0.0	0.0	0.0	2.0e-6	0.0	0.0	0.0	0.0	
595	1995512	639.356160297	5697.225444444452	6166.947666666675	29.2233	0.96636	1995505	0	0	0	3	0	0	0	0	0.000443	0.0	0.0	0.0	0.730355	0.0	0.0	0.0	0.0	591.469	0.0	0.0	0.0	26.547	0.0	0.0	0.0	0.0	0.000296	0.0	0.0	0.0	8.849	0.0	0.0	0.0	0.0	65	0	0	0	0	0	0	0	0	234174	0	0	0	3	0	0	0	0	1319288	0	0	0	0	0	0	0	0	98935	0	0	0	0	0	0	0	0	34923	0	0	0	0	0	0	0	0	308120	0	0	0	0	0	0	0	0	5045.16	0.0	0.0	0.0	0.009327	0.0	0.0	0.0	0.0	0.999998	0.0	0.0	0.0	2.0e-6	0.0	0.0	0.0	0.0	
596	1998814	640.361574184	5697.225444444452	6217.697666666676	29.1673	0.966296	1998807	0	0	0	3	0	0	0	0	0.000524	0.0	0.0	0.0	0.730355	0.0	0.0	0.0	0.0	592.473	0.0	0.0	0.0	26.547	0.0	0.0	0.0	0.0	0.000296	0.0	0.0	0.0	8.849	0.0	0.0	0.0	0.0	65	0	0	0	0	0	0	0	0	234497	0	0	0	3	0	0	0	0	1321484	0	0	0	0	0	0	0	0	99165	0	0	0	0	0	0	0	0	35002	0	0	0	0	0	0	0	0	308594	0	0	0	0	0	0	0	0	5965.82	0.0	0.0	0.0	0.009327	0.0	0.0	0.0	0.0	0.999998	0.0	0.0	0.0	2.0e-6	0.0	0.0	0.0	0.0	
597	2002092	641.361635157	5697.225444444452	6338.225444444454	29.1108	0.966232	2002085	0	0	0	3	0	0	0	0	0.000135	0.0	0.0	0.0	0.730355	0.0	0.0	0.0	0.0	593.471	0.0	0.0	0.0	26.547	0.0	0.0	0.0	0.0	0.000296	0.0	0.0	0.0	8.849	0.0	0.0	0.0	0.0	65	0	0	0	0	0	0	0	0	234843	0	0	0	3	0	0	0	0	1323604	0	0	0	0	0	0	0	0	99445	0	0	0	0	0	0	0	0	35064	0	0	0	0	0	0	0	0	309064	0	0	0	0	0	0	0	0	1537.38	0.0	0.0	0.0	0.009327	0.0	0.0	0.0	0.0	0.999994	0.0	0.0	0.0	6.0e-6	0.0	0.0	0.0	0.0	
598	2005359	642.361750819	5697.225444444452	6304.3087777777855	29.0548	0.966168	2005352	0	0	0	3	0	0	0	0	0.000385	0.0	0.0	0.0	0.730355	0.0	0.0	0.0	0.0	594.47	0.0	0.0	0.0	26.547	0.0	0.0	0.0	0.0	0.000296	0.0	0.0	0.0	8.849	0.0	0.0	0.0	0.0	65	0	0	0	0	0	0	0	0	235212	0	0	0	3	0	0	0	0	1325776	0	0	0	0	0	0	0	0	99705	0	0	0	0	0	0	0	0	35118	0	0	0	0	0	0	0	0	309476	0	0	0	0	0	0	0	0	4386.49	0.0	0.0	0.0	0.009327	0.0	0.0	0.0	0.0	0.999998	0.0	0.0	0.0	2.0e-6	0.0	0.0	0.0	0.0	
599	2008615	643.361808864	5697.225444444452	6153.808777777787	28.999	0.966104	2008608	0	0	0	3	0	0	0	0	0.000323	0.0	0.0	0.0	0.730355	0.0	0.0	0.0	0.0	595.468	0.0	0.0	0.0	26.547	0.0	0.0	0.0	0.0	0.000296	0.0	0.0	0.0	8.849	0.0	0.0	0.0	0.0	65	0	0	0	0	0	0	0	0	235570	0	0	0	3	0	0	0	0	1327869	0	0	0	0	0	0	0	0	99986	0	0	0	0	0	0	0	0	35177	0	0	0	0	0	0	0	0	309941	0	0	0	0	0	0	0	0	3674.61	0.0	0.0	0.0	0.009327	0.0	0.0	0.0	0.0	0.999997	0.0	0.0	0.0	3.0e-6	0.0	0.0	0.0	0.0	
600	2011843	644.361888741	5697.225444444452	6145.892111111118	28.9432	0.96604	2011836	0	0	0	3	0	0	0	0	0.000715	0.0	0.0	0.0	0.730355	0.0	0.0	0.0	0.0	596.467	0.0	0.0	0.0	26.547	0.0	0.0	0.0	0.0	0.000296	0.0	0.0	0.0	8.849	0.0	0.0	0.0	0.0	65	0	0	0	0	0	0	0	0	235900	0	0	0	3	0	0	0	0	1330003	0	0	0	0	0	0	0	0	100276	0	0	0	0	0	0	0	0	35245	0	0	0	0	0	0	0	0	310347	0	0	0	0	0	0	0	0	8136.57	0.0	0.0	0.0	0.009327	0.0	0.0	0.0	0.0	0.999999	0.0	0.0	0.0	1.0e-6	0.0	0.0	0.0	0.0	
601	2015099	645.362675502	5697.225444444452	5962.503222222231	28.888	0.965976	2015092	0	0	0	3	0	0	0	0	0.000731	0.0	0.0	0.0	0.730355	0.0	0.0	0.0	0.0	597.466	0.0	0.0	0.0	26.547	0.0	0.0	0.0	0.0	0.000296	0.0	0.0	0.0	8.849	0.0	0.0	0.0	0.0	65	0	0	0	0	0	0	0	0	236256	0	0	0	3	0	0	0	0	1332107	0	0	0	0	0	0	0	0	100568	0	0	0	0	0	0	0	0	35315	0	0	0	0	0	0	0	0	310781	0	0	0	0	0	0	0	0	8320.4	0.0	0.0	0.0	0.009327	0.0	0.0	0.0	0.0	0.999999	0.0	0.0	0.0	1.0e-6	0.0	0.0	0.0	0.0	
602	2018392	646.362882896	5697.225444444452	6098.642111111122	28.832	0.965911	2018385	0	0	0	3	0	0	0	0	0.00056	0.0	0.0	0.0	0.730355	0.0	0.0	0.0	0.0	598.465	0.0	0.0	0.0	26.547	0.0	0.0	0.0	0.0	0.000297	0.0	0.0	0.0	8.849	0.0	0.0	0.0	0.0	65	0	0	0	0	0	0	0	0	236588	0	0	0	3	0	0	0	0	1334216	0	0	0	0	0	0	0	0	100827	0	0	0	0	0	0	0	0	35427	0	0	0	0	0	0	0	0	311262	0	0	0	0	0	0	0	0	6367.88	0.0	0.0	0.0	0.009327	0.0	0.0	0.0	0.0	0.999999	0.0	0.0	0.0	1.0e-6	0.0	0.0	0.0	0.0	
603	2021686	647.362969093	5697.225444444452	6122.753222222231	28.7766	0.965846	2021679	0	0	0	3	0	0	0	0	0.000489	0.0	0.0	0.0	0.730355	0.0	0.0	0.0	0.0	599.464	0.0	0.0	0.0	26.547	0.0	0.0	0.0	0.0	0.000297	0.0	0.0	0.0	8.849	0.0	0.0	0.0	0.0	65	0	0	0	0	0	0	0	0	236936	0	0	0	3	0	0	0	0	1336313	0	0	0	0	0	0	0	0	101072	0	0	0	0	0	0	0	0	35501	0	0	0	0	0	0	0	0	311792	0	0	0	0	0	0	0	0	5556.99	0.0	0.0	0.0	0.009327	0.0	0.0	0.0	0.0	0.999998	0.0	0.0	0.0	2.0e-6	0.0	0.0	0.0	0.0	
604	2024986	648.3632644	5697.225444444452	6102.197666666675	28.7212	0.965782	2024979	0	0	0	3	0	0	0	0	0.000367	0.0	0.0	0.0	0.730355	0.0	0.0	0.0	0.0	600.463	0.0	0.0	0.0	26.547	0.0	0.0	0.0	0.0	0.000297	0.0	0.0	0.0	8.849	0.0	0.0	0.0	0.0	65	0	0	0	0	0	0	0	0	237310	0	0	0	3	0	0	0	0	1338412	0	0	0	0	0	0	0	0	101316	0	0	0	0	0	0	0	0	35557	0	0	0	0	0	0	0	0	312319	0	0	0	0	0	0	0	0	4179.15	0.0	0.0	0.0	0.009327	0.0	0.0	0.0	0.0	0.999998	0.0	0.0	0.0	2.0e-6	0.0	0.0	0.0	0.0	
605	2028279	649.363466731	5697.225444444452	6375.169888888896	28.666	0.965717	2028272	0	0	0	3	0	0	0	0	0.000629	0.0	0.0	0.0	0.730355	0.0	0.0	0.0	0.0	601.461	0.0	0.0	0.0	26.547	0.0	0.0	0.0	0.0	0.000297	0.0	0.0	0.0	8.849	0.0	0.0	0.0	0.0	65	0	0	0	0	0	0	0	0	237657	0	0	0	3	0	0	0	0	1340472	0	0	0	0	0	0	0	0	101555	0	0	0	0	0	0	0	0	35625	0	0	0	0	0	0	0	0	312898	0	0	0	0	0	0	0	0	7152.98	0.0	0.0	0.0	0.009327	0.0	0.0	0.0	0.0	0.999999	0.0	0.0	0.0	1.0e-6	0.0	0.0	0.0	0.0	
606	2031637	650.363715291	5697.225444444452	6468.197666666674	28.6109	0.965652	2031630	0	0	0	3	0	0	0	0	0.000514	0.0	0.0	0.0	0.730355	0.0	0.0	0.0	0.0	602.46	0.0	0.0	0.0	26.547	0.0	0.0	0.0	0.0	0.000297	0.0	0.0	0.0	8.849	0.0	0.0	0.0	0.0	65	0	0	0	0	0	0	0	0	237982	0	0	0	3	0	0	0	0	1342668	0	0	0	0	0	0	0	0	101756	0	0	0	0	0	0	0	0	35703	0	0	0	0	0	0	0	0	313456	0	0	0	0	0	0	0	0	5840.64	0.0	0.0	0.0	0.009327	0.0	0.0	0.0	0.0	0.999998	0.0	0.0	0.0	2.0e-6	0.0	0.0	0.0	0.0	
607	2034896	651.363760496	5697.225444444452	6297.36433333334	28.5559	0.965587	2034889	0	0	0	3	0	0	0	0	0.000272	0.0	0.0	0.0	0.730355	0.0	0.0	0.0	0.0	603.459	0.0	0.0	0.0	26.547	0.0	0.0	0.0	0.0	0.000297	0.0	0.0	0.0	8.849	0.0	0.0	0.0	0.0	65	0	0	0	0	0	0	0	0	238327	0	0	0	3	0	0	0	0	1344745	0	0	0	0	0	0	0	0	101977	0	0	0	0	0	0	0	0	35790	0	0	0	0	0	0	0	0	313985	0	0	0	0	0	0	0	0	3096.76	0.0	0.0	0.0	0.009327	0.0	0.0	0.0	0.0	0.999997	0.0	0.0	0.0	3.0e-6	0.0	0.0	0.0	0.0	
608	2038215	652.364031143	5697.225444444452	6170.0587777777855	28.501	0.965522	2038208	0	0	0	3	0	0	0	0	0.000479	0.0	0.0	0.0	0.730355	0.0	0.0	0.0	0.0	604.457	0.0	0.0	0.0	26.547	0.0	0.0	0.0	0.0	0.000297	0.0	0.0	0.0	8.849	0.0	0.0	0.0	0.0	65	0	0	0	0	0	0	0	0	238682	0	0	0	3	0	0	0	0	1346908	0	0	0	0	0	0	0	0	102205	0	0	0	0	0	0	0	0	35902	0	0	0	0	0	0	0	0	314446	0	0	0	0	0	0	0	0	5446.92	0.0	0.0	0.0	0.009327	0.0	0.0	0.0	0.0	0.999998	0.0	0.0	0.0	2.0e-6	0.0	0.0	0.0	0.0	
609	2041485	653.364213016	5697.225444444452	6175.08655555556	28.4462	0.965457	2041478	0	0	0	3	0	0	0	0	2.8e-5	0.0	0.0	0.0	0.730355	0.0	0.0	0.0	0.0	605.456	0.0	0.0	0.0	26.547	0.0	0.0	0.0	0.0	0.000297	0.0	0.0	0.0	8.849	0.0	0.0	0.0	0.0	65	0	0	0	0	0	0	0	0	239009	0	0	0	3	0	0	0	0	1349087	0	0	0	0	0	0	0	0	102386	0	0	0	0	0	0	0	0	35984	0	0	0	0	0	0	0	0	314947	0	0	0	0	0	0	0	0	323.074	0.0	0.0	0.0	0.009327	0.0	0.0	0.0	0.0	0.999971	0.0	0.0	0.0	2.9e-5	0.0	0.0	0.0	0.0	
610	2044829	654.364277006	5697.225444444452	6259.364333333342	28.3915	0.965391	2044822	0	0	0	3	0	0	0	0	0.000369	0.0	0.0	0.0	0.730355	0.0	0.0	0.0	0.0	606.455	0.0	0.0	0.0	26.547	0.0	0.0	0.0	0.0	0.000297	0.0	0.0	0.0	8.849	0.0	0.0	0.0	0.0	65	0	0	0	0	0	0	0	0	239352	0	0	0	3	0	0	0	0	1351225	0	0	0	0	0	0	0	0	102653	0	0	0	0	0	0	0	0	36069	0	0	0	0	0	0	0	0	315458	0	0	0	0	0	0	0	0	4197.59	0.0	0.0	0.0	0.009327	0.0	0.0	0.0	0.0	0.999998	0.0	0.0	0.0	2.0e-6	0.0	0.0	0.0	0.0	
611	2048082	655.364463893	5697.225444444452	6321.3087777777855	28.3369	0.965326	2048075	0	0	0	3	0	0	0	0	0.000256	0.0	0.0	0.0	0.730355	0.0	0.0	0.0	0.0	607.454	0.0	0.0	0.0	26.547	0.0	0.0	0.0	0.0	0.000297	0.0	0.0	0.0	8.849	0.0	0.0	0.0	0.0	65	0	0	0	0	0	0	0	0	239686	0	0	0	3	0	0	0	0	1353417	0	0	0	0	0	0	0	0	102929	0	0	0	0	0	0	0	0	36136	0	0	0	0	0	0	0	0	315842	0	0	0	0	0	0	0	0	2910.75	0.0	0.0	0.0	0.009327	0.0	0.0	0.0	0.0	0.999997	0.0	0.0	0.0	3.0e-6	0.0	0.0	0.0	0.0	
612	2051348	656.364531896	5697.225444444452	6203.8921111111185	28.2824	0.96526	2051341	0	0	0	3	0	0	0	0	0.000802	0.0	0.0	0.0	0.730355	0.0	0.0	0.0	0.0	608.452	0.0	0.0	0.0	26.547	0.0	0.0	0.0	0.0	0.000297	0.0	0.0	0.0	8.849	0.0	0.0	0.0	0.0	65	0	0	0	0	0	0	0	0	240059	0	0	0	3	0	0	0	0	1355575	0	0	0	0	0	0	0	0	103205	0	0	0	0	0	0	0	0	36173	0	0	0	0	0	0	0	0	316264	0	0	0	0	0	0	0	0	9115.63	0.0	0.0	0.0	0.009327	0.0	0.0	0.0	0.0	0.999999	0.0	0.0	0.0	1.0e-6	0.0	0.0	0.0	0.0	
613	2054562	657.364806333	5697.225444444452	6231.031000000008	28.2281	0.965194	2054555	0	0	0	3	0	0	0	0	0.000895	0.0	0.0	0.0	0.730355	0.0	0.0	0.0	0.0	609.451	0.0	0.0	0.0	26.547	0.0	0.0	0.0	0.0	0.000297	0.0	0.0	0.0	8.849	0.0	0.0	0.0	0.0	65	0	0	0	0	0	0	0	0	240425	0	0	0	3	0	0	0	0	1357715	0	0	0	0	0	0	0	0	103463	0	0	0	0	0	0	0	0	36237	0	0	0	0	0	0	0	0	316650	0	0	0	0	0	0	0	0	10174.9	0.0	0.0	0.0	0.009327	0.0	0.0	0.0	0.0	0.999999	0.0	0.0	0.0	1.0e-6	0.0	0.0	0.0	0.0	
614	2057792	658.364848016	5697.225444444452	5943.364333333342	28.1738	0.965129	2057785	0	0	0	3	0	0	0	0	0.000863	0.0	0.0	0.0	0.730355	0.0	0.0	0.0	0.0	610.45	0.0	0.0	0.0	26.547	0.0	0.0	0.0	0.0	0.000297	0.0	0.0	0.0	8.849	0.0	0.0	0.0	0.0	65	0	0	0	0	0	0	0	0	240736	0	0	0	3	0	0	0	0	1359861	0	0	0	0	0	0	0	0	103748	0	0	0	0	0	0	0	0	36311	0	0	0	0	0	0	0	0	317064	0	0	0	0	0	0	0	0	9804.32	0.0	0.0	0.0	0.009327	0.0	0.0	0.0	0.0	0.999999	0.0	0.0	0.0	1.0e-6	0.0	0.0	0.0	0.0	
615	2061035	659.365051323	5697.225444444452	5999.114333333343	28.1196	0.965063	2061028	0	0	0	3	0	0	0	0	0.00021	0.0	0.0	0.0	0.730355	0.0	0.0	0.0	0.0	611.448	0.0	0.0	0.0	26.547	0.0	0.0	0.0	0.0	0.000297	0.0	0.0	0.0	8.849	0.0	0.0	0.0	0.0	65	0	0	0	0	0	0	0	0	241095	0	0	0	3	0	0	0	0	1362000	0	0	0	0	0	0	0	0	104006	0	0	0	0	0	0	0	0	36379	0	0	0	0	0	0	0	0	317483	0	0	0	0	0	0	0	0	2390.75	0.0	0.0	0.0	0.009327	0.0	0.0	0.0	0.0	0.999996	0.0	0.0	0.0	4.0e-6	0.0	0.0	0.0	0.0	
616	2064197	660.36528542	5697.225444444452	6120.614333333341	28.0656	0.964996	2064190	0	0	0	3	0	0	0	0	0.000507	0.0	0.0	0.0	0.730355	0.0	0.0	0.0	0.0	612.447	0.0	0.0	0.0	26.547	0.0	0.0	0.0	0.0	0.000297	0.0	0.0	0.0	8.849	0.0	0.0	0.0	0.0	65	0	0	0	0	0	0	0	0	241444	0	0	0	3	0	0	0	0	1364113	0	0	0	0	0	0	0	0	104259	0	0	0	0	0	0	0	0	36444	0	0	0	0	0	0	0	0	317865	0	0	0	0	0	0	0	0	5757.67	0.0	0.0	0.0	0.009327	0.0	0.0	0.0	0.0	0.999998	0.0	0.0	0.0	2.0e-6	0.0	0.0	0.0	0.0	
617	2067505	661.365372349	5697.225444444452	6100.7810000000045	28.0116	0.96493	2067498	0	0	0	3	0	0	0	0	0.000222	0.0	0.0	0.0	0.730355	0.0	0.0	0.0	0.0	613.446	0.0	0.0	0.0	26.547	0.0	0.0	0.0	0.0	0.000297	0.0	0.0	0.0	8.849	0.0	0.0	0.0	0.0	65	0	0	0	0	0	0	0	0	241789	0	0	0	3	0	0	0	0	1366218	0	0	0	0	0	0	0	0	104508	0	0	0	0	0	0	0	0	36501	0	0	0	0	0	0	0	0	318417	0	0	0	0	0	0	0	0	2519.12	0.0	0.0	0.0	0.009327	0.0	0.0	0.0	0.0	0.999996	0.0	0.0	0.0	4.0e-6	0.0	0.0	0.0	0.0	
618	2070847	662.365430996	5697.225444444452	6532.836555555563	27.9578	0.964864	2070840	0	0	0	3	0	0	0	0	0.000435	0.0	0.0	0.0	0.730355	0.0	0.0	0.0	0.0	614.444	0.0	0.0	0.0	26.547	0.0	0.0	0.0	0.0	0.000297	0.0	0.0	0.0	8.849	0.0	0.0	0.0	0.0	65	0	0	0	0	0	0	0	0	242141	0	0	0	3	0	0	0	0	1368397	0	0	0	0	0	0	0	0	104718	0	0	0	0	0	0	0	0	36547	0	0	0	0	0	0	0	0	318972	0	0	0	0	0	0	0	0	4943.8	0.0	0.0	0.0	0.009327	0.0	0.0	0.0	0.0	0.999998	0.0	0.0	0.0	2.0e-6	0.0	0.0	0.0	0.0	
619	2074108	663.372470367	5697.225444444452	6153.697666666675	27.9041	0.964797	2074101	0	0	0	3	0	0	0	0	0.000765	0.0	0.0	0.0	0.730355	0.0	0.0	0.0	0.0	615.45	0.0	0.0	0.0	26.547	0.0	0.0	0.0	0.0	0.000297	0.0	0.0	0.0	8.849	0.0	0.0	0.0	0.0	65	0	0	0	0	0	0	0	0	242532	0	0	0	3	0	0	0	0	1370492	0	0	0	0	0	0	0	0	104930	0	0	0	0	0	0	0	0	36595	0	0	0	0	0	0	0	0	319487	0	0	0	0	0	0	0	0	8687.8	0.0	0.0	0.0	0.009327	0.0	0.0	0.0	0.0	0.999999	0.0	0.0	0.0	1.0e-6	0.0	0.0	0.0	0.0	
620	2077408	664.372571318	5697.225444444452	5979.419888888898	27.85	0.96473	2077401	0	0	0	3	0	0	0	0	0.00057	0.0	0.0	0.0	0.730355	0.0	0.0	0.0	0.0	616.448	0.0	0.0	0.0	26.547	0.0	0.0	0.0	0.0	0.000297	0.0	0.0	0.0	8.849	0.0	0.0	0.0	0.0	65	0	0	0	0	0	0	0	0	242865	0	0	0	3	0	0	0	0	1372625	0	0	0	0	0	0	0	0	105135	0	0	0	0	0	0	0	0	36679	0	0	0	0	0	0	0	0	320032	0	0	0	0	0	0	0	0	6478.56	0.0	0.0	0.0	0.009327	0.0	0.0	0.0	0.0	0.999999	0.0	0.0	0.0	1.0e-6	0.0	0.0	0.0	0.0	
621	2080800	665.381841163	5697.225444444452	5988.753222222231	27.7965	0.964664	2080793	0	0	0	3	0	0	0	0	0.000403	0.0	0.0	0.0	0.730355	0.0	0.0	0.0	0.0	617.456	0.0	0.0	0.0	26.547	0.0	0.0	0.0	0.0	0.000297	0.0	0.0	0.0	8.849	0.0	0.0	0.0	0.0	65	0	0	0	0	0	0	0	0	243200	0	0	0	3	0	0	0	0	1374795	0	0	0	0	0	0	0	0	105377	0	0	0	0	0	0	0	0	36775	0	0	0	0	0	0	0	0	320581	0	0	0	0	0	0	0	0	4576.64	0.0	0.0	0.0	0.009327	0.0	0.0	0.0	0.0	0.999998	0.0	0.0	0.0	2.0e-6	0.0	0.0	0.0	0.0	
622	2084102	666.381973528	5697.225444444452	6060.031000000006	27.7425	0.964596	2084095	0	0	0	3	0	0	0	0	0.000149	0.0	0.0	0.0	0.730355	0.0	0.0	0.0	0.0	618.455	0.0	0.0	0.0	26.547	0.0	0.0	0.0	0.0	0.000297	0.0	0.0	0.0	8.849	0.0	0.0	0.0	0.0	65	0	0	0	0	0	0	0	0	243559	0	0	0	3	0	0	0	0	1376888	0	0	0	0	0	0	0	0	105634	0	0	0	0	0	0	0	0	36857	0	0	0	0	0	0	0	0	321092	0	0	0	0	0	0	0	0	1687.83	0.0	0.0	0.0	0.009327	0.0	0.0	0.0	0.0	0.999994	0.0	0.0	0.0	6.0e-6	0.0	0.0	0.0	0.0	
623	2087424	667.382061558	5697.225444444452	6177.8087777777855	27.6892	0.964529	2087417	0	0	0	3	0	0	0	0	0.000555	0.0	0.0	0.0	0.730355	0.0	0.0	0.0	0.0	619.453	0.0	0.0	0.0	26.547	0.0	0.0	0.0	0.0	0.000297	0.0	0.0	0.0	8.849	0.0	0.0	0.0	0.0	65	0	0	0	0	0	0	0	0	243878	0	0	0	3	0	0	0	0	1379043	0	0	0	0	0	0	0	0	105873	0	0	0	0	0	0	0	0	36957	0	0	0	0	0	0	0	0	321601	0	0	0	0	0	0	0	0	6303.59	0.0	0.0	0.0	0.009327	0.0	0.0	0.0	0.0	0.999999	0.0	0.0	0.0	1.0e-6	0.0	0.0	0.0	0.0	
624	2090691	668.382372302	5697.225444444452	6073.753222222233	27.6359	0.964462	2090684	0	0	0	3	0	0	0	0	0.000737	0.0	0.0	0.0	0.730355	0.0	0.0	0.0	0.0	620.452	0.0	0.0	0.0	26.547	0.0	0.0	0.0	0.0	0.000297	0.0	0.0	0.0	8.849	0.0	0.0	0.0	0.0	65	0	0	0	0	0	0	0	0	244220	0	0	0	3	0	0	0	0	1381201	0	0	0	0	0	0	0	0	106128	0	0	0	0	0	0	0	0	37035	0	0	0	0	0	0	0	0	322035	0	0	0	0	0	0	0	0	8368.71	0.0	0.0	0.0	0.009327	0.0	0.0	0.0	0.0	0.999999	0.0	0.0	0.0	1.0e-6	0.0	0.0	0.0	0.0	
625	2093924	669.382556347	5697.225444444452	5806.475444444452	27.5828	0.964395	2093917	0	0	0	3	0	0	0	0	0.000212	0.0	0.0	0.0	0.730355	0.0	0.0	0.0	0.0	621.451	0.0	0.0	0.0	26.547	0.0	0.0	0.0	0.0	0.000297	0.0	0.0	0.0	8.849	0.0	0.0	0.0	0.0	65	0	0	0	0	0	0	0	0	244518	0	0	0	3	0	0	0	0	1383343	0	0	0	0	0	0	0	0	106393	0	0	0	0	0	0	0	0	37136	0	0	0	0	0	0	0	0	322462	0	0	0	0	0	0	0	0	2405.2	0.0	0.0	0.0	0.009327	0.0	0.0	0.0	0.0	0.999996	0.0	0.0	0.0	4.0e-6	0.0	0.0	0.0	0.0	
626	2097203	670.382790418	5697.225444444452	5873.225444444452	27.5298	0.964328	2097196	0	0	0	3	0	0	0	0	9.0e-5	0.0	0.0	0.0	0.730355	0.0	0.0	0.0	0.0	622.45	0.0	0.0	0.0	26.547	0.0	0.0	0.0	0.0	0.000297	0.0	0.0	0.0	8.849	0.0	0.0	0.0	0.0	65	0	0	0	0	0	0	0	0	244828	0	0	0	3	0	0	0	0	1385516	0	0	0	0	0	0	0	0	106643	0	0	0	0	0	0	0	0	37239	0	0	0	0	0	0	0	0	322905	0	0	0	0	0	0	0	0	1020.54	0.0	0.0	0.0	0.009327	0.0	0.0	0.0	0.0	0.999991	0.0	0.0	0.0	9.0e-6	0.0	0.0	0.0	0.0	
627	2100434	671.38297497	5697.225444444452	5958.892111111118	27.4768	0.96426	2100427	0	0	0	3	0	0	0	0	0.000696	0.0	0.0	0.0	0.730355	0.0	0.0	0.0	0.0	623.448	0.0	0.0	0.0	26.547	0.0	0.0	0.0	0.0	0.000297	0.0	0.0	0.0	8.849	0.0	0.0	0.0	0.0	65	0	0	0	0	0	0	0	0	245091	0	0	0	3	0	0	0	0	1387639	0	0	0	0	0	0	0	0	106898	0	0	0	0	0	0	0	0	37350	0	0	0	0	0	0	0	0	323384	0	0	0	0	0	0	0	0	7895.64	0.0	0.0	0.0	0.009327	0.0	0.0	0.0	0.0	0.999999	0.0	0.0	0.0	1.0e-6	0.0	0.0	0.0	0.0	
628	2103741	672.383052527	5697.225444444452	6336.086555555561	27.424	0.964192	2103734	0	0	0	3	0	0	0	0	0.000515	0.0	0.0	0.0	0.730355	0.0	0.0	0.0	0.0	624.447	0.0	0.0	0.0	26.547	0.0	0.0	0.0	0.0	0.000297	0.0	0.0	0.0	8.849	0.0	0.0	0.0	0.0	65	0	0	0	0	0	0	0	0	245422	0	0	0	3	0	0	0	0	1389801	0	0	0	0	0	0	0	0	107164	0	0	0	0	0	0	0	0	37422	0	0	0	0	0	0	0	0	323860	0	0	0	0	0	0	0	0	5848.89	0.0	0.0	0.0	0.009327	0.0	0.0	0.0	0.0	0.999998	0.0	0.0	0.0	2.0e-6	0.0	0.0	0.0	0.0	
629	2107031	673.383220913	5697.225444444452	6321.475444444451	27.3713	0.964125	2107024	0	0	0	3	0	0	0	0	0.000251	0.0	0.0	0.0	0.730355	0.0	0.0	0.0	0.0	625.446	0.0	0.0	0.0	26.547	0.0	0.0	0.0	0.0	0.000297	0.0	0.0	0.0	8.849	0.0	0.0	0.0	0.0	65	0	0	0	0	0	0	0	0	245747	0	0	0	3	0	0	0	0	1391903	0	0	0	0	0	0	0	0	107403	0	0	0	0	0	0	0	0	37506	0	0	0	0	0	0	0	0	324400	0	0	0	0	0	0	0	0	2850.91	0.0	0.0	0.0	0.009327	0.0	0.0	0.0	0.0	0.999997	0.0	0.0	0.0	3.0e-6	0.0	0.0	0.0	0.0	
630	2110269	674.385764122	5697.225444444452	6187.919888888894	27.319	0.964057	2110262	0	0	0	3	0	0	0	0	0.000617	0.0	0.0	0.0	0.730355	0.0	0.0	0.0	0.0	626.447	0.0	0.0	0.0	26.547	0.0	0.0	0.0	0.0	0.000297	0.0	0.0	0.0	8.849	0.0	0.0	0.0	0.0	65	0	0	0	0	0	0	0	0	246073	0	0	0	3	0	0	0	0	1394006	0	0	0	0	0	0	0	0	107650	0	0	0	0	0	0	0	0	37568	0	0	0	0	0	0	0	0	324900	0	0	0	0	0	0	0	0	6998.16	0.0	0.0	0.0	0.009327	0.0	0.0	0.0	0.0	0.999999	0.0	0.0	0.0	1.0e-6	0.0	0.0	0.0	0.0	
631	2113557	675.385773938	5697.225444444452	6088.086555555559	27.266	0.963989	2113550	0	0	0	3	0	0	0	0	0.000371	0.0	0.0	0.0	0.730355	0.0	0.0	0.0	0.0	627.445	0.0	0.0	0.0	26.547	0.0	0.0	0.0	0.0	0.000297	0.0	0.0	0.0	8.849	0.0	0.0	0.0	0.0	65	0	0	0	0	0	0	0	0	246384	0	0	0	3	0	0	0	0	1396186	0	0	0	0	0	0	0	0	107881	0	0	0	0	0	0	0	0	37666	0	0	0	0	0	0	0	0	325368	0	0	0	0	0	0	0	0	4212.76	0.0	0.0	0.0	0.009327	0.0	0.0	0.0	0.0	0.999998	0.0	0.0	0.0	2.0e-6	0.0	0.0	0.0	0.0	
632	2116872	676.385930643	5697.225444444452	5941.392111111116	27.2136	0.963921	2116865	0	0	0	3	0	0	0	0	0.000798	0.0	0.0	0.0	0.730355	0.0	0.0	0.0	0.0	628.444	0.0	0.0	0.0	26.547	0.0	0.0	0.0	0.0	0.000297	0.0	0.0	0.0	8.849	0.0	0.0	0.0	0.0	65	0	0	0	0	0	0	0	0	246748	0	0	0	3	0	0	0	0	1398385	0	0	0	0	0	0	0	0	108128	0	0	0	0	0	0	0	0	37723	0	0	0	0	0	0	0	0	325816	0	0	0	0	0	0	0	0	9055.44	0.0	0.0	0.0	0.009327	0.0	0.0	0.0	0.0	0.999999	0.0	0.0	0.0	1.0e-6	0.0	0.0	0.0	0.0	
633	2120114	677.386183613	5697.225444444452	6243.97544444445	27.1613	0.963852	2120107	0	0	0	3	0	0	0	0	0.00047	0.0	0.0	0.0	0.730355	0.0	0.0	0.0	0.0	629.443	0.0	0.0	0.0	26.547	0.0	0.0	0.0	0.0	0.000297	0.0	0.0	0.0	8.849	0.0	0.0	0.0	0.0	65	0	0	0	0	0	0	0	0	247071	0	0	0	3	0	0	0	0	1400522	0	0	0	0	0	0	0	0	108371	0	0	0	0	0	0	0	0	37785	0	0	0	0	0	0	0	0	326293	0	0	0	0	0	0	0	0	5330.13	0.0	0.0	0.0	0.009327	0.0	0.0	0.0	0.0	0.999998	0.0	0.0	0.0	2.0e-6	0.0	0.0	0.0	0.0	
634	2123356	678.386217306	5697.225444444452	6202.836555555561	27.1091	0.963784	2123349	0	0	0	3	0	0	0	0	0.000347	0.0	0.0	0.0	0.730355	0.0	0.0	0.0	0.0	630.441	0.0	0.0	0.0	26.547	0.0	0.0	0.0	0.0	0.000297	0.0	0.0	0.0	8.849	0.0	0.0	0.0	0.0	65	0	0	0	0	0	0	0	0	247412	0	0	0	3	0	0	0	0	1402675	0	0	0	0	0	0	0	0	108608	0	0	0	0	0	0	0	0	37856	0	0	0	0	0	0	0	0	326733	0	0	0	0	0	0	0	0	3938.87	0.0	0.0	0.0	0.009327	0.0	0.0	0.0	0.0	0.999998	0.0	0.0	0.0	2.0e-6	0.0	0.0	0.0	0.0	
635	2126606	679.386387819	5697.225444444452	5953.33655555556	27.057	0.963716	2126599	0	0	0	3	0	0	0	0	0.000712	0.0	0.0	0.0	0.730355	0.0	0.0	0.0	0.0	631.44	0.0	0.0	0.0	26.547	0.0	0.0	0.0	0.0	0.000297	0.0	0.0	0.0	8.849	0.0	0.0	0.0	0.0	65	0	0	0	0	0	0	0	0	247744	0	0	0	3	0	0	0	0	1404827	0	0	0	0	0	0	0	0	108845	0	0	0	0	0	0	0	0	37937	0	0	0	0	0	0	0	0	327181	0	0	0	0	0	0	0	0	8077.34	0.0	0.0	0.0	0.009327	0.0	0.0	0.0	0.0	0.999999	0.0	0.0	0.0	1.0e-6	0.0	0.0	0.0	0.0	
636	2129843	680.386605271	5697.225444444452	6011.142111111117	27.0049	0.963647	2129836	0	0	0	3	0	0	0	0	0.000123	0.0	0.0	0.0	0.730355	0.0	0.0	0.0	0.0	632.439	0.0	0.0	0.0	26.547	0.0	0.0	0.0	0.0	0.000297	0.0	0.0	0.0	8.849	0.0	0.0	0.0	0.0	65	0	0	0	0	0	0	0	0	248079	0	0	0	3	0	0	0	0	1406961	0	0	0	0	0	0	0	0	109064	0	0	0	0	0	0	0	0	38021	0	0	0	0	0	0	0	0	327646	0	0	0	0	0	0	0	0	1392.59	0.0	0.0	0.0	0.009327	0.0	0.0	0.0	0.0	0.999993	0.0	0.0	0.0	7.0e-6	0.0	0.0	0.0	0.0	
637	2133153	681.386745567	5697.225444444452	5998.142111111118	26.953	0.963578	2133146	0	0	0	3	0	0	0	0	0.00049	0.0	0.0	0.0	0.730355	0.0	0.0	0.0	0.0	633.437	0.0	0.0	0.0	26.547	0.0	0.0	0.0	0.0	0.000297	0.0	0.0	0.0	8.849	0.0	0.0	0.0	0.0	65	0	0	0	0	0	0	0	0	248426	0	0	0	3	0	0	0	0	1409052	0	0	0	0	0	0	0	0	109310	0	0	0	0	0	0	0	0	38115	0	0	0	0	0	0	0	0	328178	0	0	0	0	0	0	0	0	5559.25	0.0	0.0	0.0	0.009327	0.0	0.0	0.0	0.0	0.999998	0.0	0.0	0.0	2.0e-6	0.0	0.0	0.0	0.0	
638	2136411	682.386885084	5697.225444444452	6163.86433333334	26.9012	0.963509	2136404	0	0	0	3	0	0	0	0	0.000778	0.0	0.0	0.0	0.730355	0.0	0.0	0.0	0.0	634.436	0.0	0.0	0.0	26.547	0.0	0.0	0.0	0.0	0.000297	0.0	0.0	0.0	8.849	0.0	0.0	0.0	0.0	65	0	0	0	0	0	0	0	0	248783	0	0	0	3	0	0	0	0	1411183	0	0	0	0	0	0	0	0	109558	0	0	0	0	0	0	0	0	38204	0	0	0	0	0	0	0	0	328611	0	0	0	0	0	0	0	0	8820.98	0.0	0.0	0.0	0.009327	0.0	0.0	0.0	0.0	0.999999	0.0	0.0	0.0	1.0e-6	0.0	0.0	0.0	0.0	
639	2139615	683.386946849	5697.225444444452	6209.419888888893	26.8495	0.96344	2139608	0	0	0	3	0	0	0	0	0.000224	0.0	0.0	0.0	0.730355	0.0	0.0	0.0	0.0	635.434	0.0	0.0	0.0	26.547	0.0	0.0	0.0	0.0	0.000297	0.0	0.0	0.0	8.849	0.0	0.0	0.0	0.0	65	0	0	0	0	0	0	0	0	249087	0	0	0	3	0	0	0	0	1413320	0	0	0	0	0	0	0	0	109831	0	0	0	0	0	0	0	0	38274	0	0	0	0	0	0	0	0	329031	0	0	0	0	0	0	0	0	2545.16	0.0	0.0	0.0	0.009327	0.0	0.0	0.0	0.0	0.999996	0.0	0.0	0.0	4.0e-6	0.0	0.0	0.0	0.0	
640	2142897	684.386980078	5697.225444444452	6148.86433333334	26.7979	0.963371	2142890	0	0	0	3	0	0	0	0	0.000316	0.0	0.0	0.0	0.730355	0.0	0.0	0.0	0.0	636.433	0.0	0.0	0.0	26.547	0.0	0.0	0.0	0.0	0.000297	0.0	0.0	0.0	8.849	0.0	0.0	0.0	0.0	65	0	0	0	0	0	0	0	0	249389	0	0	0	3	0	0	0	0	1415477	0	0	0	0	0	0	0	0	110067	0	0	0	0	0	0	0	0	38376	0	0	0	0	0	0	0	0	329516	0	0	0	0	0	0	0	0	3580.1	0.0	0.0	0.0	0.009327	0.0	0.0	0.0	0.0	0.999997	0.0	0.0	0.0	3.0e-6	0.0	0.0	0.0	0.0	
641	2143501	697.394613861	5697.225444444452	5995.722	26.7883	0.963358	2143493	0	0	0	4	0	0	0	0	0.000153	0.0	0.0	0.0	0.657819	0.0	0.0	0.0	0.0	636.618	0.0	0.0	0.0	39.3692	0.0	0.0	0.0	0.0	0.000297	0.0	0.0	0.0	9.84231	0.0	0.0	0.0	0.0	65	0	0	0	0	0	0	0	0	249445	0	0	0	4	0	0	0	0	1415880	0	0	0	0	0	0	0	0	110106	0	0	0	0	0	0	0	0	38390	0	0	0	0	0	0	0	0	329607	0	0	0	0	0	0	0	0	1731.42	0.0	0.0	0.0	0.006791	0.0	0.0	0.0	0.0	0.999996	0.0	0.0	0.0	4.0e-6	0.0	0.0	0.0	0.0	
642	2146940	698.394653862	5697.225444444452	6000.759777777779	26.0852	0.96239	2146932	0	0	0	4	0	0	0	0	0.000127	0.0	0.0	0.0	0.657819	0.0	0.0	0.0	0.0	637.617	0.0	0.0	0.0	39.3692	0.0	0.0	0.0	0.0	0.000297	0.0	0.0	0.0	9.84231	0.0	0.0	0.0	0.0	65	0	0	0	0	0	0	0	0	249770	0	0	0	4	0	0	0	0	1417947	0	0	0	0	0	0	0	0	110359	0	0	0	0	0	0	0	0	38473	0	0	0	0	0	0	0	0	330318	0	0	0	0	0	0	0	0	1444.81	0.0	0.0	0.0	0.006791	0.0	0.0	0.0	0.0	0.999995	0.0	0.0	0.0	5.0e-6	0.0	0.0	0.0	0.0	
643	2150321	699.394665791	5697.225444444452	5955.982000000003	26.0351	0.962319	2150313	0	0	0	4	0	0	0	0	0.000392	0.0	0.0	0.0	0.657819	0.0	0.0	0.0	0.0	638.615	0.0	0.0	0.0	39.3692	0.0	0.0	0.0	0.0	0.000297	0.0	0.0	0.0	9.84231	0.0	0.0	0.0	0.0	65	0	0	0	0	0	0	0	0	250093	0	0	0	4	0	0	0	0	1420019	0	0	0	0	0	0	0	0	110577	0	0	0	0	0	0	0	0	38557	0	0	0	0	0	0	0	0	331002	0	0	0	0	0	0	0	0	4444.37	0.0	0.0	0.0	0.006791	0.0	0.0	0.0	0.0	0.999998	0.0	0.0	0.0	2.0e-6	0.0	0.0	0.0	0.0	
644	2153757	700.394880806	5697.225444444452	5883.037555555555	25.985	0.962247	2153749	0	0	0	4	0	0	0	0	0.000425	0.0	0.0	0.0	0.657819	0.0	0.0	0.0	0.0	639.614	0.0	0.0	0.0	39.3692	0.0	0.0	0.0	0.0	0.000297	0.0	0.0	0.0	9.84231	0.0	0.0	0.0	0.0	65	0	0	0	0	0	0	0	0	250427	0	0	0	4	0	0	0	0	1422119	0	0	0	0	0	0	0	0	110796	0	0	0	0	0	0	0	0	38639	0	0	0	0	0	0	0	0	331703	0	0	0	0	0	0	0	0	4813.68	0.0	0.0	0.0	0.006791	0.0	0.0	0.0	0.0	0.999999	0.0	0.0	0.0	1.0e-6	0.0	0.0	0.0	0.0	
645	2157121	701.395017248	5697.225444444452	6155.37088888889	25.9351	0.962176	2157113	0	0	0	4	0	0	0	0	0.000539	0.0	0.0	0.0	0.657819	0.0	0.0	0.0	0.0	640.612	0.0	0.0	0.0	39.3692	0.0	0.0	0.0	0.0	0.000297	0.0	0.0	0.0	9.84231	0.0	0.0	0.0	0.0	65	0	0	0	0	0	0	0	0	250762	0	0	0	4	0	0	0	0	1424167	0	0	0	0	0	0	0	0	111055	0	0	0	0	0	0	0	0	38699	0	0	0	0	0	0	0	0	332365	0	0	0	0	0	0	0	0	6115.34	0.0	0.0	0.0	0.006791	0.0	0.0	0.0	0.0	0.999999	0.0	0.0	0.0	1.0e-6	0.0	0.0	0.0	0.0	
646	2160555	702.395221936	5697.225444444452	6185.648666666668	25.8852	0.962105	2160547	0	0	0	4	0	0	0	0	0.000915	0.0	0.0	0.0	0.657819	0.0	0.0	0.0	0.0	641.611	0.0	0.0	0.0	39.3692	0.0	0.0	0.0	0.0	0.000297	0.0	0.0	0.0	9.84231	0.0	0.0	0.0	0.0	65	0	0	0	0	0	0	0	0	251124	0	0	0	4	0	0	0	0	1426326	0	0	0	0	0	0	0	0	111329	0	0	0	0	0	0	0	0	38748	0	0	0	0	0	0	0	0	332955	0	0	0	0	0	0	0	0	10374.5	0.0	0.0	0.0	0.006791	0.0	0.0	0.0	0.0	0.999999	0.0	0.0	0.0	1.0e-6	0.0	0.0	0.0	0.0	
647	2163890	703.395343358	5697.225444444452	5932.37088888889	25.8355	0.962033	2163882	0	0	0	4	0	0	0	0	0.000218	0.0	0.0	0.0	0.657819	0.0	0.0	0.0	0.0	642.61	0.0	0.0	0.0	39.3692	0.0	0.0	0.0	0.0	0.000297	0.0	0.0	0.0	9.84231	0.0	0.0	0.0	0.0	65	0	0	0	0	0	0	0	0	251473	0	0	0	4	0	0	0	0	1428405	0	0	0	0	0	0	0	0	111592	0	0	0	0	0	0	0	0	38789	0	0	0	0	0	0	0	0	333558	0	0	0	0	0	0	0	0	2474.92	0.0	0.0	0.0	0.006791	0.0	0.0	0.0	0.0	0.999997	0.0	0.0	0.0	3.0e-6	0.0	0.0	0.0	0.0	
648	2167255	704.395357557	5697.225444444452	6315.7042222222235	25.7858	0.961961	2167247	0	0	0	4	0	0	0	0	0.000205	0.0	0.0	0.0	0.657819	0.0	0.0	0.0	0.0	643.608	0.0	0.0	0.0	39.3692	0.0	0.0	0.0	0.0	0.000297	0.0	0.0	0.0	9.84231	0.0	0.0	0.0	0.0	65	0	0	0	0	0	0	0	0	251778	0	0	0	4	0	0	0	0	1430541	0	0	0	0	0	0	0	0	111853	0	0	0	0	0	0	0	0	38837	0	0	0	0	0	0	0	0	334173	0	0	0	0	0	0	0	0	2330.04	0.0	0.0	0.0	0.006791	0.0	0.0	0.0	0.0	0.999997	0.0	0.0	0.0	3.0e-6	0.0	0.0	0.0	0.0	
649	2170749	705.395481922	5697.225444444452	6204.0375555555565	25.7362	0.961889	2170741	0	0	0	4	0	0	0	0	0.000754	0.0	0.0	0.0	0.657819	0.0	0.0	0.0	0.0	644.607	0.0	0.0	0.0	39.3692	0.0	0.0	0.0	0.0	0.000297	0.0	0.0	0.0	9.84231	0.0	0.0	0.0	0.0	65	0	0	0	0	0	0	0	0	252158	0	0	0	4	0	0	0	0	1432725	0	0	0	0	0	0	0	0	112095	0	0	0	0	0	0	0	0	38909	0	0	0	0	0	0	0	0	334789	0	0	0	0	0	0	0	0	8549.37	0.0	0.0	0.0	0.006791	0.0	0.0	0.0	0.0	0.999999	0.0	0.0	0.0	1.0e-6	0.0	0.0	0.0	0.0	
650	2174218	706.39555873	5697.225444444452	6035.9542222222235	25.6867	0.961817	2174210	0	0	0	4	0	0	0	0	0.000682	0.0	0.0	0.0	0.657819	0.0	0.0	0.0	0.0	645.605	0.0	0.0	0.0	39.3692	0.0	0.0	0.0	0.0	0.000297	0.0	0.0	0.0	9.84231	0.0	0.0	0.0	0.0	65	0	0	0	0	0	0	0	0	252543	0	0	0	4	0	0	0	0	1434891	0	0	0	0	0	0	0	0	112369	0	0	0	0	0	0	0	0	38990	0	0	0	0	0	0	0	0	335352	0	0	0	0	0	0	0	0	7736.28	0.0	0.0	0.0	0.006791	0.0	0.0	0.0	0.0	0.999999	0.0	0.0	0.0	1.0e-6	0.0	0.0	0.0	0.0	
651	2177705	707.400432679	5697.225444444452	5985.148666666669	25.6375	0.961746	2177697	0	0	0	4	0	0	0	0	0.000742	0.0	0.0	0.0	0.657819	0.0	0.0	0.0	0.0	646.609	0.0	0.0	0.0	39.3692	0.0	0.0	0.0	0.0	0.000297	0.0	0.0	0.0	9.84231	0.0	0.0	0.0	0.0	65	0	0	0	0	0	0	0	0	252885	0	0	0	4	0	0	0	0	1437127	0	0	0	0	0	0	0	0	112642	0	0	0	0	0	0	0	0	39057	0	0	0	0	0	0	0	0	335921	0	0	0	0	0	0	0	0	8421.65	0.0	0.0	0.0	0.006791	0.0	0.0	0.0	0.0	0.999999	0.0	0.0	0.0	1.0e-6	0.0	0.0	0.0	0.0	
652	2181197	708.400595055	5697.225444444452	6153.704222222223	25.5878	0.961673	2181189	0	0	0	4	0	0	0	0	0.001142	0.0	0.0	0.0	0.657819	0.0	0.0	0.0	0.0	647.607	0.0	0.0	0.0	39.3692	0.0	0.0	0.0	0.0	0.000297	0.0	0.0	0.0	9.84231	0.0	0.0	0.0	0.0	65	0	0	0	0	0	0	0	0	253237	0	0	0	4	0	0	0	0	1439352	0	0	0	0	0	0	0	0	112915	0	0	0	0	0	0	0	0	39148	0	0	0	0	0	0	0	0	336472	0	0	0	0	0	0	0	0	12954.5	0.0	0.0	0.0	0.006791	0.0	0.0	0.0	0.0	0.999999	0.0	0.0	0.0	1.0e-6	0.0	0.0	0.0	0.0	
653	2184535	709.400819402	5697.225444444452	6263.565333333328	25.5386	0.9616	2184527	0	0	0	4	0	0	0	0	0.00065	0.0	0.0	0.0	0.657819	0.0	0.0	0.0	0.0	648.606	0.0	0.0	0.0	39.3692	0.0	0.0	0.0	0.0	0.000297	0.0	0.0	0.0	9.84231	0.0	0.0	0.0	0.0	65	0	0	0	0	0	0	0	0	253573	0	0	0	4	0	0	0	0	1441453	0	0	0	0	0	0	0	0	113218	0	0	0	0	0	0	0	0	39204	0	0	0	0	0	0	0	0	337014	0	0	0	0	0	0	0	0	7375.11	0.0	0.0	0.0	0.006791	0.0	0.0	0.0	0.0	0.999999	0.0	0.0	0.0	1.0e-6	0.0	0.0	0.0	0.0	
654	2187900	710.401035904	5697.225444444452	6053.3431111111095	25.4895	0.961528	2187892	0	0	0	4	0	0	0	0	0.000583	0.0	0.0	0.0	0.657819	0.0	0.0	0.0	0.0	649.605	0.0	0.0	0.0	39.3692	0.0	0.0	0.0	0.0	0.000297	0.0	0.0	0.0	9.84231	0.0	0.0	0.0	0.0	65	0	0	0	0	0	0	0	0	253877	0	0	0	4	0	0	0	0	1443593	0	0	0	0	0	0	0	0	113492	0	0	0	0	0	0	0	0	39253	0	0	0	0	0	0	0	0	337612	0	0	0	0	0	0	0	0	6611.78	0.0	0.0	0.0	0.006791	0.0	0.0	0.0	0.0	0.999999	0.0	0.0	0.0	1.0e-6	0.0	0.0	0.0	0.0	
655	2191238	711.401048228	5697.225444444452	6128.870888888885	25.4405	0.961455	2191230	0	0	0	4	0	0	0	0	0.000194	0.0	0.0	0.0	0.657819	0.0	0.0	0.0	0.0	650.603	0.0	0.0	0.0	39.3692	0.0	0.0	0.0	0.0	0.000297	0.0	0.0	0.0	9.84231	0.0	0.0	0.0	0.0	65	0	0	0	0	0	0	0	0	254213	0	0	0	4	0	0	0	0	1445725	0	0	0	0	0	0	0	0	113725	0	0	0	0	0	0	0	0	39323	0	0	0	0	0	0	0	0	338179	0	0	0	0	0	0	0	0	2205.4	0.0	0.0	0.0	0.006791	0.0	0.0	0.0	0.0	0.999997	0.0	0.0	0.0	3.0e-6	0.0	0.0	0.0	0.0	
656	2194545	712.401125416	5697.225444444452	6123.731999999999	25.3916	0.961382	2194537	0	0	0	4	0	0	0	0	0.000336	0.0	0.0	0.0	0.657819	0.0	0.0	0.0	0.0	651.602	0.0	0.0	0.0	39.3692	0.0	0.0	0.0	0.0	0.000297	0.0	0.0	0.0	9.84231	0.0	0.0	0.0	0.0	65	0	0	0	0	0	0	0	0	254526	0	0	0	4	0	0	0	0	1447856	0	0	0	0	0	0	0	0	113988	0	0	0	0	0	0	0	0	39382	0	0	0	0	0	0	0	0	338720	0	0	0	0	0	0	0	0	3810.64	0.0	0.0	0.0	0.006791	0.0	0.0	0.0	0.0	0.999998	0.0	0.0	0.0	2.0e-6	0.0	0.0	0.0	0.0	
657	2197874	713.401253714	5697.225444444452	6105.565333333331	25.3428	0.961309	2197866	0	0	0	4	0	0	0	0	0.000143	0.0	0.0	0.0	0.657819	0.0	0.0	0.0	0.0	652.6	0.0	0.0	0.0	39.3692	0.0	0.0	0.0	0.0	0.000297	0.0	0.0	0.0	9.84231	0.0	0.0	0.0	0.0	65	0	0	0	0	0	0	0	0	254831	0	0	0	4	0	0	0	0	1450005	0	0	0	0	0	0	0	0	114278	0	0	0	0	0	0	0	0	39438	0	0	0	0	0	0	0	0	339249	0	0	0	0	0	0	0	0	1622.36	0.0	0.0	0.0	0.006791	0.0	0.0	0.0	0.0	0.999996	0.0	0.0	0.0	4.0e-6	0.0	0.0	0.0	0.0	
658	2201193	714.40136382	5697.225444444452	6093.06533333333	25.2941	0.961236	2201185	0	0	0	4	0	0	0	0	0.000492	0.0	0.0	0.0	0.657819	0.0	0.0	0.0	0.0	653.599	0.0	0.0	0.0	39.3692	0.0	0.0	0.0	0.0	0.000297	0.0	0.0	0.0	9.84231	0.0	0.0	0.0	0.0	65	0	0	0	0	0	0	0	0	255130	0	0	0	4	0	0	0	0	1452109	0	0	0	0	0	0	0	0	114554	0	0	0	0	0	0	0	0	39512	0	0	0	0	0	0	0	0	339815	0	0	0	0	0	0	0	0	5585.37	0.0	0.0	0.0	0.006791	0.0	0.0	0.0	0.0	0.999999	0.0	0.0	0.0	1.0e-6	0.0	0.0	0.0	0.0	
659	2204500	715.407542442	5697.225444444452	6209.0931111111095	25.2457	0.961164	2204492	0	0	0	4	0	0	0	0	0.000499	0.0	0.0	0.0	0.657819	0.0	0.0	0.0	0.0	654.604	0.0	0.0	0.0	39.3692	0.0	0.0	0.0	0.0	0.000297	0.0	0.0	0.0	9.84231	0.0	0.0	0.0	0.0	65	0	0	0	0	0	0	0	0	255470	0	0	0	4	0	0	0	0	1454209	0	0	0	0	0	0	0	0	114826	0	0	0	0	0	0	0	0	39579	0	0	0	0	0	0	0	0	340343	0	0	0	0	0	0	0	0	5659.83	0.0	0.0	0.0	0.006791	0.0	0.0	0.0	0.0	0.999999	0.0	0.0	0.0	1.0e-6	0.0	0.0	0.0	0.0	
660	2207757	716.407740584	5697.225444444452	6227.009777777777	25.1966	0.961089	2207749	0	0	0	4	0	0	0	0	0.000181	0.0	0.0	0.0	0.657819	0.0	0.0	0.0	0.0	655.602	0.0	0.0	0.0	39.3692	0.0	0.0	0.0	0.0	0.000297	0.0	0.0	0.0	9.84231	0.0	0.0	0.0	0.0	65	0	0	0	0	0	0	0	0	255806	0	0	0	4	0	0	0	0	1456341	0	0	0	0	0	0	0	0	115101	0	0	0	0	0	0	0	0	39628	0	0	0	0	0	0	0	0	340808	0	0	0	0	0	0	0	0	2048.93	0.0	0.0	0.0	0.006791	0.0	0.0	0.0	0.0	0.999997	0.0	0.0	0.0	3.0e-6	0.0	0.0	0.0	0.0	
661	2210999	717.408912246	5697.225444444452	6086.565333333332	25.1486	0.961017	2210991	0	0	0	4	0	0	0	0	0.000275	0.0	0.0	0.0	0.657819	0.0	0.0	0.0	0.0	656.602	0.0	0.0	0.0	39.3692	0.0	0.0	0.0	0.0	0.000297	0.0	0.0	0.0	9.84231	0.0	0.0	0.0	0.0	65	0	0	0	0	0	0	0	0	256150	0	0	0	4	0	0	0	0	1458472	0	0	0	0	0	0	0	0	115352	0	0	0	0	0	0	0	0	39700	0	0	0	0	0	0	0	0	341252	0	0	0	0	0	0	0	0	3119.66	0.0	0.0	0.0	0.006791	0.0	0.0	0.0	0.0	0.999998	0.0	0.0	0.0	2.0e-6	0.0	0.0	0.0	0.0	
662	2214265	718.409058184	5697.225444444452	5942.09311111111	25.0998	0.960942	2214257	0	0	0	4	0	0	0	0	0.00022	0.0	0.0	0.0	0.657819	0.0	0.0	0.0	0.0	657.601	0.0	0.0	0.0	39.3692	0.0	0.0	0.0	0.0	0.000297	0.0	0.0	0.0	9.84231	0.0	0.0	0.0	0.0	65	0	0	0	0	0	0	0	0	256518	0	0	0	4	0	0	0	0	1460607	0	0	0	0	0	0	0	0	115590	0	0	0	0	0	0	0	0	39775	0	0	0	0	0	0	0	0	341702	0	0	0	0	0	0	0	0	2499.42	0.0	0.0	0.0	0.006791	0.0	0.0	0.0	0.0	0.999997	0.0	0.0	0.0	3.0e-6	0.0	0.0	0.0	0.0	
663	2217549	719.409241535	5697.225444444452	6034.954222222222	25.0515	0.960869	2217541	0	0	0	4	0	0	0	0	0.001302	0.0	0.0	0.0	0.657819	0.0	0.0	0.0	0.0	658.599	0.0	0.0	0.0	39.3692	0.0	0.0	0.0	0.0	0.000297	0.0	0.0	0.0	9.84231	0.0	0.0	0.0	0.0	65	0	0	0	0	0	0	0	0	256865	0	0	0	4	0	0	0	0	1462668	0	0	0	0	0	0	0	0	115872	0	0	0	0	0	0	0	0	39846	0	0	0	0	0	0	0	0	342225	0	0	0	0	0	0	0	0	14763.1	0.0	0.0	0.0	0.006791	0.0	0.0	0.0	0.0	1.0	0.0	0.0	0.0	0.0	0.0	0.0	0.0	0.0	
664	2220764	720.409348267	5697.225444444452	5916.287555555555	25.0034	0.960795	2220756	0	0	0	4	0	0	0	0	0.000823	0.0	0.0	0.0	0.657819	0.0	0.0	0.0	0.0	659.598	0.0	0.0	0.0	39.3692	0.0	0.0	0.0	0.0	0.000297	0.0	0.0	0.0	9.84231	0.0	0.0	0.0	0.0	65	0	0	0	0	0	0	0	0	257191	0	0	0	4	0	0	0	0	1464786	0	0	0	0	0	0	0	0	116148	0	0	0	0	0	0	0	0	39927	0	0	0	0	0	0	0	0	342639	0	0	0	0	0	0	0	0	9334.12	0.0	0.0	0.0	0.006791	0.0	0.0	0.0	0.0	0.999999	0.0	0.0	0.0	1.0e-6	0.0	0.0	0.0	0.0	
665	2224027	721.409400773	5697.225444444452	5928.315333333333	24.9553	0.960721	2224019	0	0	0	4	0	0	0	0	0.00046	0.0	0.0	0.0	0.657819	0.0	0.0	0.0	0.0	660.596	0.0	0.0	0.0	39.3692	0.0	0.0	0.0	0.0	0.000297	0.0	0.0	0.0	9.84231	0.0	0.0	0.0	0.0	65	0	0	0	0	0	0	0	0	257549	0	0	0	4	0	0	0	0	1466911	0	0	0	0	0	0	0	0	116387	0	0	0	0	0	0	0	0	40009	0	0	0	0	0	0	0	0	343098	0	0	0	0	0	0	0	0	5216.66	0.0	0.0	0.0	0.006791	0.0	0.0	0.0	0.0	0.999999	0.0	0.0	0.0	1.0e-6	0.0	0.0	0.0	0.0	
666	2227329	722.40952845	5697.225444444452	6226.481999999999	24.9073	0.960646	2227321	0	0	0	4	0	0	0	0	0.000482	0.0	0.0	0.0	0.657819	0.0	0.0	0.0	0.0	661.595	0.0	0.0	0.0	39.3692	0.0	0.0	0.0	0.0	0.000297	0.0	0.0	0.0	9.84231	0.0	0.0	0.0	0.0	65	0	0	0	0	0	0	0	0	257885	0	0	0	4	0	0	0	0	1469075	0	0	0	0	0	0	0	0	116680	0	0	0	0	0	0	0	0	40080	0	0	0	0	0	0	0	0	343536	0	0	0	0	0	0	0	0	5458.26	0.0	0.0	0.0	0.006791	0.0	0.0	0.0	0.0	0.999999	0.0	0.0	0.0	1.0e-6	0.0	0.0	0.0	0.0	
667	2230621	723.409556337	5697.225444444452	6438.398666666666	24.8595	0.960572	2230613	0	0	0	4	0	0	0	0	0.000626	0.0	0.0	0.0	0.657819	0.0	0.0	0.0	0.0	662.594	0.0	0.0	0.0	39.3692	0.0	0.0	0.0	0.0	0.000297	0.0	0.0	0.0	9.84231	0.0	0.0	0.0	0.0	65	0	0	0	0	0	0	0	0	258240	0	0	0	4	0	0	0	0	1471186	0	0	0	0	0	0	0	0	116915	0	0	0	0	0	0	0	0	40149	0	0	0	0	0	0	0	0	344058	0	0	0	0	0	0	0	0	7099.08	0.0	0.0	0.0	0.006791	0.0	0.0	0.0	0.0	0.999999	0.0	0.0	0.0	1.0e-6	0.0	0.0	0.0	0.0	
668	2233859	724.409706049	5697.225444444452	6095.704222222222	24.8117	0.960498	2233851	0	0	0	4	0	0	0	0	0.000271	0.0	0.0	0.0	0.657819	0.0	0.0	0.0	0.0	663.592	0.0	0.0	0.0	39.3692	0.0	0.0	0.0	0.0	0.000297	0.0	0.0	0.0	9.84231	0.0	0.0	0.0	0.0	65	0	0	0	0	0	0	0	0	258582	0	0	0	4	0	0	0	0	1473255	0	0	0	0	0	0	0	0	117182	0	0	0	0	0	0	0	0	40213	0	0	0	0	0	0	0	0	344554	0	0	0	0	0	0	0	0	3071.42	0.0	0.0	0.0	0.006791	0.0	0.0	0.0	0.0	0.999998	0.0	0.0	0.0	2.0e-6	0.0	0.0	0.0	0.0	
669	2237113	725.409854419	5697.225444444452	5883.204222222221	24.764	0.960423	2237105	0	0	0	4	0	0	0	0	0.000717	0.0	0.0	0.0	0.657819	0.0	0.0	0.0	0.0	664.591	0.0	0.0	0.0	39.3692	0.0	0.0	0.0	0.0	0.000297	0.0	0.0	0.0	9.84231	0.0	0.0	0.0	0.0	65	0	0	0	0	0	0	0	0	258924	0	0	0	4	0	0	0	0	1475377	0	0	0	0	0	0	0	0	117459	0	0	0	0	0	0	0	0	40277	0	0	0	0	0	0	0	0	345003	0	0	0	0	0	0	0	0	8124.92	0.0	0.0	0.0	0.006791	0.0	0.0	0.0	0.0	0.999999	0.0	0.0	0.0	1.0e-6	0.0	0.0	0.0	0.0	
670	2240392	726.409978192	5697.225444444452	5985.870888888888	24.7163	0.960348	2240384	0	0	0	4	0	0	0	0	0.000322	0.0	0.0	0.0	0.657819	0.0	0.0	0.0	0.0	665.59	0.0	0.0	0.0	39.3692	0.0	0.0	0.0	0.0	0.000297	0.0	0.0	0.0	9.84231	0.0	0.0	0.0	0.0	65	0	0	0	0	0	0	0	0	259246	0	0	0	4	0	0	0	0	1477542	0	0	0	0	0	0	0	0	117747	0	0	0	0	0	0	0	0	40333	0	0	0	0	0	0	0	0	345451	0	0	0	0	0	0	0	0	3652.28	0.0	0.0	0.0	0.006791	0.0	0.0	0.0	0.0	0.999998	0.0	0.0	0.0	2.0e-6	0.0	0.0	0.0	0.0	
671	2243622	727.410017637	5697.225444444452	6197.176444444442	24.6688	0.960274	2243614	0	0	0	4	0	0	0	0	0.000541	0.0	0.0	0.0	0.657819	0.0	0.0	0.0	0.0	666.588	0.0	0.0	0.0	39.3692	0.0	0.0	0.0	0.0	0.000297	0.0	0.0	0.0	9.84231	0.0	0.0	0.0	0.0	65	0	0	0	0	0	0	0	0	259592	0	0	0	4	0	0	0	0	1479632	0	0	0	0	0	0	0	0	118040	0	0	0	0	0	0	0	0	40395	0	0	0	0	0	0	0	0	345890	0	0	0	0	0	0	0	0	6126.1	0.0	0.0	0.0	0.006791	0.0	0.0	0.0	0.0	0.999999	0.0	0.0	0.0	1.0e-6	0.0	0.0	0.0	0.0	
672	2246823	728.410040036	5697.225444444452	6155.454222222223	24.6214	0.960199	2246815	0	0	0	4	0	0	0	0	0.000374	0.0	0.0	0.0	0.657819	0.0	0.0	0.0	0.0	667.587	0.0	0.0	0.0	39.3692	0.0	0.0	0.0	0.0	0.000297	0.0	0.0	0.0	9.84231	0.0	0.0	0.0	0.0	65	0	0	0	0	0	0	0	0	259931	0	0	0	4	0	0	0	0	1481738	0	0	0	0	0	0	0	0	118302	0	0	0	0	0	0	0	0	40450	0	0	0	0	0	0	0	0	346329	0	0	0	0	0	0	0	0	4239.85	0.0	0.0	0.0	0.006791	0.0	0.0	0.0	0.0	0.999998	0.0	0.0	0.0	2.0e-6	0.0	0.0	0.0	0.0	
673	2249981	729.410119192	5697.225444444452	6224.1764444444425	24.5741	0.960124	2249973	0	0	0	4	0	0	0	0	0.000259	0.0	0.0	0.0	0.657819	0.0	0.0	0.0	0.0	668.585	0.0	0.0	0.0	39.3692	0.0	0.0	0.0	0.0	0.000297	0.0	0.0	0.0	9.84231	0.0	0.0	0.0	0.0	65	0	0	0	0	0	0	0	0	260290	0	0	0	4	0	0	0	0	1483827	0	0	0	0	0	0	0	0	118579	0	0	0	0	0	0	0	0	40509	0	0	0	0	0	0	0	0	346703	0	0	0	0	0	0	0	0	2929.08	0.0	0.0	0.0	0.006791	0.0	0.0	0.0	0.0	0.999998	0.0	0.0	0.0	2.0e-6	0.0	0.0	0.0	0.0	
674	2253192	730.410204089	5697.225444444452	5957.732	24.5268	0.960048	2253184	0	0	0	4	0	0	0	0	0.000271	0.0	0.0	0.0	0.657819	0.0	0.0	0.0	0.0	669.584	0.0	0.0	0.0	39.3692	0.0	0.0	0.0	0.0	0.000297	0.0	0.0	0.0	9.84231	0.0	0.0	0.0	0.0	65	0	0	0	0	0	0	0	0	260613	0	0	0	4	0	0	0	0	1485888	0	0	0	0	0	0	0	0	118897	0	0	0	0	0	0	0	0	40574	0	0	0	0	0	0	0	0	347147	0	0	0	0	0	0	0	0	3072.78	0.0	0.0	0.0	0.006791	0.0	0.0	0.0	0.0	0.999998	0.0	0.0	0.0	2.0e-6	0.0	0.0	0.0	0.0	
675	2256483	731.410239621	5697.225444444452	6202.537555555555	24.4797	0.959973	2256475	0	0	0	4	0	0	0	0	0.000463	0.0	0.0	0.0	0.657819	0.0	0.0	0.0	0.0	670.582	0.0	0.0	0.0	39.3692	0.0	0.0	0.0	0.0	0.000297	0.0	0.0	0.0	9.84231	0.0	0.0	0.0	0.0	65	0	0	0	0	0	0	0	0	260959	0	0	0	4	0	0	0	0	1488027	0	0	0	0	0	0	0	0	119152	0	0	0	0	0	0	0	0	40635	0	0	0	0	0	0	0	0	347637	0	0	0	0	0	0	0	0	5246.94	0.0	0.0	0.0	0.006791	0.0	0.0	0.0	0.0	0.999999	0.0	0.0	0.0	1.0e-6	0.0	0.0	0.0	0.0	
676	2259774	732.410506362	5697.225444444452	5955.065333333333	24.4326	0.959897	2259766	0	0	0	4	0	0	0	0	0.000673	0.0	0.0	0.0	0.657819	0.0	0.0	0.0	0.0	671.581	0.0	0.0	0.0	39.3692	0.0	0.0	0.0	0.0	0.000297	0.0	0.0	0.0	9.84231	0.0	0.0	0.0	0.0	65	0	0	0	0	0	0	0	0	261342	0	0	0	4	0	0	0	0	1490156	0	0	0	0	0	0	0	0	119388	0	0	0	0	0	0	0	0	40694	0	0	0	0	0	0	0	0	348121	0	0	0	0	0	0	0	0	7620.03	0.0	0.0	0.0	0.006791	0.0	0.0	0.0	0.0	0.999999	0.0	0.0	0.0	1.0e-6	0.0	0.0	0.0	0.0	
677	2263122	733.420829304	5697.225444444452	5902.120888888888	24.3857	0.959822	2263114	0	0	0	4	0	0	0	0	0.000189	0.0	0.0	0.0	0.657819	0.0	0.0	0.0	0.0	672.59	0.0	0.0	0.0	39.3692	0.0	0.0	0.0	0.0	0.000297	0.0	0.0	0.0	9.84231	0.0	0.0	0.0	0.0	65	0	0	0	0	0	0	0	0	261680	0	0	0	4	0	0	0	0	1492243	0	0	0	0	0	0	0	0	119653	0	0	0	0	0	0	0	0	40760	0	0	0	0	0	0	0	0	348713	0	0	0	0	0	0	0	0	2139.7	0.0	0.0	0.0	0.006791	0.0	0.0	0.0	0.0	0.999997	0.0	0.0	0.0	3.0e-6	0.0	0.0	0.0	0.0	
678	2266492	734.421101335	5697.225444444452	5996.648666666666	24.3383	0.959745	2266484	0	0	0	4	0	0	0	0	0.00039	0.0	0.0	0.0	0.657819	0.0	0.0	0.0	0.0	673.589	0.0	0.0	0.0	39.3692	0.0	0.0	0.0	0.0	0.000297	0.0	0.0	0.0	9.84231	0.0	0.0	0.0	0.0	65	0	0	0	0	0	0	0	0	261970	0	0	0	4	0	0	0	0	1494381	0	0	0	0	0	0	0	0	119891	0	0	0	0	0	0	0	0	40864	0	0	0	0	0	0	0	0	349313	0	0	0	0	0	0	0	0	4418.26	0.0	0.0	0.0	0.006791	0.0	0.0	0.0	0.0	0.999998	0.0	0.0	0.0	2.0e-6	0.0	0.0	0.0	0.0	
679	2269770	735.421253968	5697.225444444452	6108.954222222219	24.2915	0.959669	2269762	0	0	0	4	0	0	0	0	0.000563	0.0	0.0	0.0	0.657819	0.0	0.0	0.0	0.0	674.587	0.0	0.0	0.0	39.3692	0.0	0.0	0.0	0.0	0.000297	0.0	0.0	0.0	9.84231	0.0	0.0	0.0	0.0	65	0	0	0	0	0	0	0	0	262286	0	0	0	4	0	0	0	0	1496383	0	0	0	0	0	0	0	0	120196	0	0	0	0	0	0	0	0	40999	0	0	0	0	0	0	0	0	349833	0	0	0	0	0	0	0	0	6372.8	0.0	0.0	0.0	0.006791	0.0	0.0	0.0	0.0	0.999999	0.0	0.0	0.0	1.0e-6	0.0	0.0	0.0	0.0	
680	2273006	736.421433856	5697.225444444452	6082.870888888885	24.2448	0.959593	2272998	0	0	0	4	0	0	0	0	0.000401	0.0	0.0	0.0	0.657819	0.0	0.0	0.0	0.0	675.586	0.0	0.0	0.0	39.3692	0.0	0.0	0.0	0.0	0.000297	0.0	0.0	0.0	9.84231	0.0	0.0	0.0	0.0	65	0	0	0	0	0	0	0	0	262601	0	0	0	4	0	0	0	0	1498434	0	0	0	0	0	0	0	0	120482	0	0	0	0	0	0	0	0	41092	0	0	0	0	0	0	0	0	350324	0	0	0	0	0	0	0	0	4544.85	0.0	0.0	0.0	0.006791	0.0	0.0	0.0	0.0	0.999999	0.0	0.0	0.0	1.0e-6	0.0	0.0	0.0	0.0	
681	2276255	737.421504908	5697.225444444452	6306.148666666663	24.1982	0.959517	2276247	0	0	0	4	0	0	0	0	0.001081	0.0	0.0	0.0	0.657819	0.0	0.0	0.0	0.0	676.585	0.0	0.0	0.0	39.3692	0.0	0.0	0.0	0.0	0.000297	0.0	0.0	0.0	9.84231	0.0	0.0	0.0	0.0	65	0	0	0	0	0	0	0	0	262919	0	0	0	4	0	0	0	0	1500457	0	0	0	0	0	0	0	0	120760	0	0	0	0	0	0	0	0	41165	0	0	0	0	0	0	0	0	350881	0	0	0	0	0	0	0	0	12232.2	0.0	0.0	0.0	0.006791	0.0	0.0	0.0	0.0	0.999999	0.0	0.0	0.0	1.0e-6	0.0	0.0	0.0	0.0	
682	2279482	738.42171667	5697.225444444452	6055.648666666663	24.1516	0.95944	2279474	0	0	0	4	0	0	0	0	0.000531	0.0	0.0	0.0	0.657819	0.0	0.0	0.0	0.0	677.583	0.0	0.0	0.0	39.3692	0.0	0.0	0.0	0.0	0.000297	0.0	0.0	0.0	9.84231	0.0	0.0	0.0	0.0	65	0	0	0	0	0	0	0	0	263238	0	0	0	4	0	0	0	0	1502552	0	0	0	0	0	0	0	0	121034	0	0	0	0	0	0	0	0	41248	0	0	0	0	0	0	0	0	351337	0	0	0	0	0	0	0	0	6004.12	0.0	0.0	0.0	0.006791	0.0	0.0	0.0	0.0	0.999999	0.0	0.0	0.0	1.0e-6	0.0	0.0	0.0	0.0	
683	2282744	739.42177403	5697.225444444452	6007.037555555552	24.1052	0.959364	2282736	0	0	0	4	0	0	0	0	0.00041	0.0	0.0	0.0	0.657819	0.0	0.0	0.0	0.0	678.582	0.0	0.0	0.0	39.3692	0.0	0.0	0.0	0.0	0.000297	0.0	0.0	0.0	9.84231	0.0	0.0	0.0	0.0	65	0	0	0	0	0	0	0	0	263576	0	0	0	4	0	0	0	0	1504662	0	0	0	0	0	0	0	0	121314	0	0	0	0	0	0	0	0	41323	0	0	0	0	0	0	0	0	351796	0	0	0	0	0	0	0	0	4634.68	0.0	0.0	0.0	0.006791	0.0	0.0	0.0	0.0	0.999999	0.0	0.0	0.0	1.0e-6	0.0	0.0	0.0	0.0	
684	2285983	740.421960941	5697.225444444452	5909.315333333329	24.0589	0.959287	2285975	0	0	0	4	0	0	0	0	0.000284	0.0	0.0	0.0	0.657819	0.0	0.0	0.0	0.0	679.581	0.0	0.0	0.0	39.3692	0.0	0.0	0.0	0.0	0.000297	0.0	0.0	0.0	9.84231	0.0	0.0	0.0	0.0	65	0	0	0	0	0	0	0	0	263901	0	0	0	4	0	0	0	0	1506758	0	0	0	0	0	0	0	0	121618	0	0	0	0	0	0	0	0	41380	0	0	0	0	0	0	0	0	352253	0	0	0	0	0	0	0	0	3209.88	0.0	0.0	0.0	0.006791	0.0	0.0	0.0	0.0	0.999998	0.0	0.0	0.0	2.0e-6	0.0	0.0	0.0	0.0	
685	2289191	741.422089311	5686.815333333329	5995.120888888885	24.0126	0.95921	2289183	0	0	0	4	0	0	0	0	0.000504	0.0	0.0	0.0	0.657819	0.0	0.0	0.0	0.0	680.579	0.0	0.0	0.0	39.3692	0.0	0.0	0.0	0.0	0.000297	0.0	0.0	0.0	9.84231	0.0	0.0	0.0	0.0	67	0	0	0	0	0	0	0	0	264216	0	0	0	4	0	0	0	0	1508860	0	0	0	0	0	0	0	0	121919	0	0	0	0	0	0	0	0	41460	0	0	0	0	0	0	0	0	352661	0	0	0	0	0	0	0	0	5707.74	0.0	0.0	0.0	0.006791	0.0	0.0	0.0	0.0	0.999999	0.0	0.0	0.0	1.0e-6	0.0	0.0	0.0	0.0	
686	2292476	742.422125809	5686.815333333329	5951.593111111109	23.9665	0.959134	2292468	0	0	0	4	0	0	0	0	0.000488	0.0	0.0	0.0	0.657819	0.0	0.0	0.0	0.0	681.578	0.0	0.0	0.0	39.3692	0.0	0.0	0.0	0.0	0.000297	0.0	0.0	0.0	9.84231	0.0	0.0	0.0	0.0	67	0	0	0	0	0	0	0	0	264528	0	0	0	4	0	0	0	0	1510929	0	0	0	0	0	0	0	0	122228	0	0	0	0	0	0	0	0	41543	0	0	0	0	0	0	0	0	353173	0	0	0	0	0	0	0	0	5519.32	0.0	0.0	0.0	0.006791	0.0	0.0	0.0	0.0	0.999999	0.0	0.0	0.0	1.0e-6	0.0	0.0	0.0	0.0	
687	2295738	743.428644782	5686.815333333329	5839.065333333332	23.9205	0.959057	2295730	0	0	0	4	0	0	0	0	0.000596	0.0	0.0	0.0	0.657819	0.0	0.0	0.0	0.0	682.583	0.0	0.0	0.0	39.3692	0.0	0.0	0.0	0.0	0.000297	0.0	0.0	0.0	9.84231	0.0	0.0	0.0	0.0	67	0	0	0	0	0	0	0	0	264850	0	0	0	4	0	0	0	0	1513013	0	0	0	0	0	0	0	0	122513	0	0	0	0	0	0	0	0	41606	0	0	0	0	0	0	0	0	353681	0	0	0	0	0	0	0	0	6742.32	0.0	0.0	0.0	0.006791	0.0	0.0	0.0	0.0	0.999999	0.0	0.0	0.0	1.0e-6	0.0	0.0	0.0	0.0	
688	2298949	744.439023261	5686.815333333329	6009.315333333331	23.8741	0.958979	2298941	0	0	0	4	0	0	0	0	0.000689	0.0	0.0	0.0	0.657819	0.0	0.0	0.0	0.0	683.592	0.0	0.0	0.0	39.3692	0.0	0.0	0.0	0.0	0.000297	0.0	0.0	0.0	9.84231	0.0	0.0	0.0	0.0	67	0	0	0	0	0	0	0	0	265183	0	0	0	4	0	0	0	0	1515135	0	0	0	0	0	0	0	0	122764	0	0	0	0	0	0	0	0	41686	0	0	0	0	0	0	0	0	354106	0	0	0	0	0	0	0	0	7796.18	0.0	0.0	0.0	0.006791	0.0	0.0	0.0	0.0	0.999999	0.0	0.0	0.0	1.0e-6	0.0	0.0	0.0	0.0	
689	2302195	745.442200585	5686.815333333329	6105.676444444441	23.828	0.958901	2302187	0	0	0	4	0	0	0	0	0.000481	0.0	0.0	0.0	0.657819	0.0	0.0	0.0	0.0	684.593	0.0	0.0	0.0	39.3692	0.0	0.0	0.0	0.0	0.000297	0.0	0.0	0.0	9.84231	0.0	0.0	0.0	0.0	67	0	0	0	0	0	0	0	0	265521	0	0	0	4	0	0	0	0	1517217	0	0	0	0	0	0	0	0	123033	0	0	0	0	0	0	0	0	41786	0	0	0	0	0	0	0	0	354563	0	0	0	0	0	0	0	0	5440.7	0.0	0.0	0.0	0.006791	0.0	0.0	0.0	0.0	0.999999	0.0	0.0	0.0	1.0e-6	0.0	0.0	0.0	0.0	
690	2305429	746.445446407	5686.815333333329	6031.45422222222	23.7821	0.958823	2305421	0	0	0	4	0	0	0	0	0.000114	0.0	0.0	0.0	0.657819	0.0	0.0	0.0	0.0	685.595	0.0	0.0	0.0	39.3692	0.0	0.0	0.0	0.0	0.000297	0.0	0.0	0.0	9.84231	0.0	0.0	0.0	0.0	67	0	0	0	0	0	0	0	0	265853	0	0	0	4	0	0	0	0	1519208	0	0	0	0	0	0	0	0	123312	0	0	0	0	0	0	0	0	41930	0	0	0	0	0	0	0	0	355051	0	0	0	0	0	0	0	0	1289.99	0.0	0.0	0.0	0.006791	0.0	0.0	0.0	0.0	0.999995	0.0	0.0	0.0	5.0e-6	0.0	0.0	0.0	0.0	
691	2308749	747.445466092	5686.815333333329	5846.204222222223	23.7359	0.958745	2308741	0	0	0	4	0	0	0	0	0.000557	0.0	0.0	0.0	0.657819	0.0	0.0	0.0	0.0	686.594	0.0	0.0	0.0	39.3692	0.0	0.0	0.0	0.0	0.000297	0.0	0.0	0.0	9.84231	0.0	0.0	0.0	0.0	67	0	0	0	0	0	0	0	0	266228	0	0	0	4	0	0	0	0	1521188	0	0	0	0	0	0	0	0	123563	0	0	0	0	0	0	0	0	42024	0	0	0	0	0	0	0	0	355671	0	0	0	0	0	0	0	0	6302.17	0.0	0.0	0.0	0.006791	0.0	0.0	0.0	0.0	0.999999	0.0	0.0	0.0	1.0e-6	0.0	0.0	0.0	0.0	
692	2312052	748.445641703	5631.759777777778	5876.648666666667	23.6903	0.958667	2312044	0	0	0	4	0	0	0	0	0.000739	0.0	0.0	0.0	0.657819	0.0	0.0	0.0	0.0	687.592	0.0	0.0	0.0	39.3692	0.0	0.0	0.0	0.0	0.000297	0.0	0.0	0.0	9.84231	0.0	0.0	0.0	0.0	69	0	0	0	0	0	0	0	0	266539	0	0	0	4	0	0	0	0	1523294	0	0	0	0	0	0	0	0	123806	0	0	0	0	0	0	0	0	42108	0	0	0	0	0	0	0	0	356228	0	0	0	0	0	0	0	0	8357.28	0.0	0.0	0.0	0.006791	0.0	0.0	0.0	0.0	0.999999	0.0	0.0	0.0	1.0e-6	0.0	0.0	0.0	0.0	
693	2315369	749.445994841	5631.759777777778	5849.509777777776	23.6447	0.958589	2315361	0	0	0	4	0	0	0	0	0.000482	0.0	0.0	0.0	0.657819	0.0	0.0	0.0	0.0	688.591	0.0	0.0	0.0	39.3692	0.0	0.0	0.0	0.0	0.000297	0.0	0.0	0.0	9.84231	0.0	0.0	0.0	0.0	69	0	0	0	0	0	0	0	0	266852	0	0	0	4	0	0	0	0	1525348	0	0	0	0	0	0	0	0	124078	0	0	0	0	0	0	0	0	42201	0	0	0	0	0	0	0	0	356813	0	0	0	0	0	0	0	0	5448.03	0.0	0.0	0.0	0.006791	0.0	0.0	0.0	0.0	0.999999	0.0	0.0	0.0	1.0e-6	0.0	0.0	0.0	0.0	
694	2318659	750.452957353	5631.759777777778	6043.259777777778	23.5993	0.958511	2318651	0	0	0	4	0	0	0	0	3.0e-5	0.0	0.0	0.0	0.657819	0.0	0.0	0.0	0.0	689.596	0.0	0.0	0.0	39.3692	0.0	0.0	0.0	0.0	0.000297	0.0	0.0	0.0	9.84231	0.0	0.0	0.0	0.0	69	0	0	0	0	0	0	0	0	267162	0	0	0	4	0	0	0	0	1527496	0	0	0	0	0	0	0	0	124350	0	0	0	0	0	0	0	0	42282	0	0	0	0	0	0	0	0	357292	0	0	0	0	0	0	0	0	333.834	0.0	0.0	0.0	0.006791	0.0	0.0	0.0	0.0	0.99998	0.0	0.0	0.0	2.0e-5	0.0	0.0	0.0	0.0	
695	2321914	751.45307598	5631.759777777778	5825.870888888889	23.5536	0.958432	2321906	0	0	0	4	0	0	0	0	0.000104	0.0	0.0	0.0	0.657819	0.0	0.0	0.0	0.0	690.595	0.0	0.0	0.0	39.3692	0.0	0.0	0.0	0.0	0.000297	0.0	0.0	0.0	9.84231	0.0	0.0	0.0	0.0	69	0	0	0	0	0	0	0	0	267467	0	0	0	4	0	0	0	0	1529651	0	0	0	0	0	0	0	0	124594	0	0	0	0	0	0	0	0	42393	0	0	0	0	0	0	0	0	357732	0	0	0	0	0	0	0	0	1173.86	0.0	0.0	0.0	0.006791	0.0	0.0	0.0	0.0	0.999994	0.0	0.0	0.0	6.0e-6	0.0	0.0	0.0	0.0	
696	2325175	752.453140191	5631.759777777778	5940.37088888889	23.5083	0.958354	2325167	0	0	0	4	0	0	0	0	0.000525	0.0	0.0	0.0	0.657819	0.0	0.0	0.0	0.0	691.594	0.0	0.0	0.0	39.3692	0.0	0.0	0.0	0.0	0.000297	0.0	0.0	0.0	9.84231	0.0	0.0	0.0	0.0	69	0	0	0	0	0	0	0	0	267797	0	0	0	4	0	0	0	0	1531752	0	0	0	0	0	0	0	0	124827	0	0	0	0	0	0	0	0	42468	0	0	0	0	0	0	0	0	358254	0	0	0	0	0	0	0	0	5935.73	0.0	0.0	0.0	0.006791	0.0	0.0	0.0	0.0	0.999999	0.0	0.0	0.0	1.0e-6	0.0	0.0	0.0	0.0	
697	2328415	753.453398751	5631.759777777778	5920.954222222223	23.4631	0.958275	2328407	0	0	0	4	0	0	0	0	0.000419	0.0	0.0	0.0	0.657819	0.0	0.0	0.0	0.0	692.592	0.0	0.0	0.0	39.3692	0.0	0.0	0.0	0.0	0.000297	0.0	0.0	0.0	9.84231	0.0	0.0	0.0	0.0	69	0	0	0	0	0	0	0	0	268109	0	0	0	4	0	0	0	0	1533878	0	0	0	0	0	0	0	0	125099	0	0	0	0	0	0	0	0	42522	0	0	0	0	0	0	0	0	358730	0	0	0	0	0	0	0	0	4733.63	0.0	0.0	0.0	0.006791	0.0	0.0	0.0	0.0	0.999999	0.0	0.0	0.0	1.0e-6	0.0	0.0	0.0	0.0	
698	2331777	754.453431944	5570.537555555555	5788.565333333332	23.418	0.958197	2331769	0	0	0	4	0	0	0	0	0.000353	0.0	0.0	0.0	0.657819	0.0	0.0	0.0	0.0	693.591	0.0	0.0	0.0	39.3692	0.0	0.0	0.0	0.0	0.000297	0.0	0.0	0.0	9.84231	0.0	0.0	0.0	0.0	73	0	0	0	0	0	0	0	0	268416	0	0	0	4	0	0	0	0	1535950	0	0	0	0	0	0	0	0	125390	0	0	0	0	0	0	0	0	42609	0	0	0	0	0	0	0	0	359331	0	0	0	0	0	0	0	0	3984.82	0.0	0.0	0.0	0.006791	0.0	0.0	0.0	0.0	0.999998	0.0	0.0	0.0	2.0e-6	0.0	0.0	0.0	0.0	
699	2335179	755.453606648	5570.537555555555	5926.620888888888	23.373	0.958118	2335171	0	0	0	4	0	0	0	0	0.000357	0.0	0.0	0.0	0.657819	0.0	0.0	0.0	0.0	694.59	0.0	0.0	0.0	39.3692	0.0	0.0	0.0	0.0	0.000297	0.0	0.0	0.0	9.84231	0.0	0.0	0.0	0.0	73	0	0	0	0	0	0	0	0	268777	0	0	0	4	0	0	0	0	1538174	0	0	0	0	0	0	0	0	125622	0	0	0	0	0	0	0	0	42673	0	0	0	0	0	0	0	0	359852	0	0	0	0	0	0	0	0	4034.46	0.0	0.0	0.0	0.006791	0.0	0.0	0.0	0.0	0.999998	0.0	0.0	0.0	2.0e-6	0.0	0.0	0.0	0.0	
700	2338567	756.45755002	5570.537555555555	5964.065333333334	23.3282	0.958039	2338559	0	0	0	4	0	0	0	0	0.000492	0.0	0.0	0.0	0.657819	0.0	0.0	0.0	0.0	695.592	0.0	0.0	0.0	39.3692	0.0	0.0	0.0	0.0	0.000297	0.0	0.0	0.0	9.84231	0.0	0.0	0.0	0.0	73	0	0	0	0	0	0	0	0	269134	0	0	0	4	0	0	0	0	1540350	0	0	0	0	0	0	0	0	125907	0	0	0	0	0	0	0	0	42732	0	0	0	0	0	0	0	0	360363	0	0	0	0	0	0	0	0	5560.45	0.0	0.0	0.0	0.006791	0.0	0.0	0.0	0.0	0.999999	0.0	0.0	0.0	1.0e-6	0.0	0.0	0.0	0.0	
701	2341944	757.457615746	5570.537555555555	5920.926444444446	23.283	0.95796	2341936	0	0	0	4	0	0	0	0	0.000888	0.0	0.0	0.0	0.657819	0.0	0.0	0.0	0.0	696.591	0.0	0.0	0.0	39.3692	0.0	0.0	0.0	0.0	0.000297	0.0	0.0	0.0	9.84231	0.0	0.0	0.0	0.0	73	0	0	0	0	0	0	0	0	269470	0	0	0	4	0	0	0	0	1542523	0	0	0	0	0	0	0	0	126206	0	0	0	0	0	0	0	0	42808	0	0	0	0	0	0	0	0	360856	0	0	0	0	0	0	0	0	10035.1	0.0	0.0	0.0	0.006791	0.0	0.0	0.0	0.0	0.999999	0.0	0.0	0.0	1.0e-6	0.0	0.0	0.0	0.0	
702	2345300	758.457710465	5570.537555555555	5838.009777777778	23.2383	0.95788	2345292	0	0	0	4	0	0	0	0	0.000611	0.0	0.0	0.0	0.657819	0.0	0.0	0.0	0.0	697.589	0.0	0.0	0.0	39.3692	0.0	0.0	0.0	0.0	0.000297	0.0	0.0	0.0	9.84231	0.0	0.0	0.0	0.0	73	0	0	0	0	0	0	0	0	269768	0	0	0	4	0	0	0	0	1544625	0	0	0	0	0	0	0	0	126539	0	0	0	0	0	0	0	0	42907	0	0	0	0	0	0	0	0	361380	0	0	0	0	0	0	0	0	6907.61	0.0	0.0	0.0	0.006791	0.0	0.0	0.0	0.0	0.999999	0.0	0.0	0.0	1.0e-6	0.0	0.0	0.0	0.0	
703	2348644	759.457794787	5570.537555555555	5817.565333333334	23.1936	0.957801	2348636	0	0	0	4	0	0	0	0	0.000112	0.0	0.0	0.0	0.657819	0.0	0.0	0.0	0.0	698.588	0.0	0.0	0.0	39.3692	0.0	0.0	0.0	0.0	0.000297	0.0	0.0	0.0	9.84231	0.0	0.0	0.0	0.0	73	0	0	0	0	0	0	0	0	270117	0	0	0	4	0	0	0	0	1546814	0	0	0	0	0	0	0	0	126858	0	0	0	0	0	0	0	0	42957	0	0	0	0	0	0	0	0	361817	0	0	0	0	0	0	0	0	1261.05	0.0	0.0	0.0	0.006791	0.0	0.0	0.0	0.0	0.999995	0.0	0.0	0.0	5.0e-6	0.0	0.0	0.0	0.0	
704	2351971	760.458060425	5570.537555555555	5965.56533333333	23.149	0.957721	2351963	0	0	0	4	0	0	0	0	0.000431	0.0	0.0	0.0	0.657819	0.0	0.0	0.0	0.0	699.587	0.0	0.0	0.0	39.3692	0.0	0.0	0.0	0.0	0.000297	0.0	0.0	0.0	9.84231	0.0	0.0	0.0	0.0	73	0	0	0	0	0	0	0	0	270434	0	0	0	4	0	0	0	0	1548932	0	0	0	0	0	0	0	0	127150	0	0	0	0	0	0	0	0	43047	0	0	0	0	0	0	0	0	362327	0	0	0	0	0	0	0	0	4868.06	0.0	0.0	0.0	0.006791	0.0	0.0	0.0	0.0	0.999999	0.0	0.0	0.0	1.0e-6	0.0	0.0	0.0	0.0	
705	2355284	761.458292054	5570.537555555555	5769.5931111111095	23.1045	0.957642	2355276	0	0	0	4	0	0	0	0	0.000766	0.0	0.0	0.0	0.657819	0.0	0.0	0.0	0.0	700.585	0.0	0.0	0.0	39.3692	0.0	0.0	0.0	0.0	0.000297	0.0	0.0	0.0	9.84231	0.0	0.0	0.0	0.0	73	0	0	0	0	0	0	0	0	270762	0	0	0	4	0	0	0	0	1551107	0	0	0	0	0	0	0	0	127412	0	0	0	0	0	0	0	0	43135	0	0	0	0	0	0	0	0	362787	0	0	0	0	0	0	0	0	8657.69	0.0	0.0	0.0	0.006791	0.0	0.0	0.0	0.0	0.999999	0.0	0.0	0.0	1.0e-6	0.0	0.0	0.0	0.0	
706	2358631	762.458391977	5570.537555555555	6037.370888888888	23.0601	0.957562	2358623	0	0	0	4	0	0	0	0	0.000589	0.0	0.0	0.0	0.657819	0.0	0.0	0.0	0.0	701.584	0.0	0.0	0.0	39.3692	0.0	0.0	0.0	0.0	0.000297	0.0	0.0	0.0	9.84231	0.0	0.0	0.0	0.0	73	0	0	0	0	0	0	0	0	271077	0	0	0	4	0	0	0	0	1553287	0	0	0	0	0	0	0	0	127702	0	0	0	0	0	0	0	0	43214	0	0	0	0	0	0	0	0	363270	0	0	0	0	0	0	0	0	6653.89	0.0	0.0	0.0	0.006791	0.0	0.0	0.0	0.0	0.999999	0.0	0.0	0.0	1.0e-6	0.0	0.0	0.0	0.0	
707	2362057	763.458463103	5570.537555555555	6011.954222222222	23.0157	0.957482	2362049	0	0	0	4	0	0	0	0	0.00072	0.0	0.0	0.0	0.657819	0.0	0.0	0.0	0.0	702.583	0.0	0.0	0.0	39.3692	0.0	0.0	0.0	0.0	0.000297	0.0	0.0	0.0	9.84231	0.0	0.0	0.0	0.0	73	0	0	0	0	0	0	0	0	271387	0	0	0	4	0	0	0	0	1555479	0	0	0	0	0	0	0	0	127999	0	0	0	0	0	0	0	0	43309	0	0	0	0	0	0	0	0	363802	0	0	0	0	0	0	0	0	8136.2	0.0	0.0	0.0	0.006791	0.0	0.0	0.0	0.0	0.999999	0.0	0.0	0.0	1.0e-6	0.0	0.0	0.0	0.0	
708	2365508	764.458651545	5570.537555555555	5960.176444444444	22.9715	0.957402	2365500	0	0	0	4	0	0	0	0	0.000151	0.0	0.0	0.0	0.657819	0.0	0.0	0.0	0.0	703.581	0.0	0.0	0.0	39.3692	0.0	0.0	0.0	0.0	0.000297	0.0	0.0	0.0	9.84231	0.0	0.0	0.0	0.0	73	0	0	0	0	0	0	0	0	271742	0	0	0	4	0	0	0	0	1557636	0	0	0	0	0	0	0	0	128283	0	0	0	0	0	0	0	0	43391	0	0	0	0	0	0	0	0	364375	0	0	0	0	0	0	0	0	1703.38	0.0	0.0	0.0	0.006791	0.0	0.0	0.0	0.0	0.999996	0.0	0.0	0.0	4.0e-6	0.0	0.0	0.0	0.0	
709	2368905	765.458747773	5570.537555555555	6140.732000000001	22.9273	0.957321	2368897	0	0	0	4	0	0	0	0	0.000129	0.0	0.0	0.0	0.657819	0.0	0.0	0.0	0.0	704.58	0.0	0.0	0.0	39.3692	0.0	0.0	0.0	0.0	0.000297	0.0	0.0	0.0	9.84231	0.0	0.0	0.0	0.0	73	0	0	0	0	0	0	0	0	272071	0	0	0	4	0	0	0	0	1559800	0	0	0	0	0	0	0	0	128598	0	0	0	0	0	0	0	0	43478	0	0	0	0	0	0	0	0	364877	0	0	0	0	0	0	0	0	1455.81	0.0	0.0	0.0	0.006791	0.0	0.0	0.0	0.0	0.999995	0.0	0.0	0.0	5.0e-6	0.0	0.0	0.0	0.0	
710	2372272	766.459036038	5570.537555555555	6091.870888888888	22.8833	0.957241	2372264	0	0	0	4	0	0	0	0	0.000714	0.0	0.0	0.0	0.657819	0.0	0.0	0.0	0.0	705.579	0.0	0.0	0.0	39.3692	0.0	0.0	0.0	0.0	0.000297	0.0	0.0	0.0	9.84231	0.0	0.0	0.0	0.0	73	0	0	0	0	0	0	0	0	272404	0	0	0	4	0	0	0	0	1561935	0	0	0	0	0	0	0	0	128883	0	0	0	0	0	0	0	0	43567	0	0	0	0	0	0	0	0	365402	0	0	0	0	0	0	0	0	8073.12	0.0	0.0	0.0	0.006791	0.0	0.0	0.0	0.0	0.999999	0.0	0.0	0.0	1.0e-6	0.0	0.0	0.0	0.0	
711	2375618	767.459163288	5570.537555555555	6032.84311111111	22.8393	0.95716	2375610	0	0	0	4	0	0	0	0	0.000168	0.0	0.0	0.0	0.657819	0.0	0.0	0.0	0.0	706.577	0.0	0.0	0.0	39.3692	0.0	0.0	0.0	0.0	0.000297	0.0	0.0	0.0	9.84231	0.0	0.0	0.0	0.0	73	0	0	0	0	0	0	0	0	272722	0	0	0	4	0	0	0	0	1564046	0	0	0	0	0	0	0	0	129206	0	0	0	0	0	0	0	0	43619	0	0	0	0	0	0	0	0	365944	0	0	0	0	0	0	0	0	1902.23	0.0	0.0	0.0	0.006791	0.0	0.0	0.0	0.0	0.999996	0.0	0.0	0.0	4.0e-6	0.0	0.0	0.0	0.0	
712	2379049	768.459315035	5570.537555555555	6061.565333333331	22.7953	0.95708	2379041	0	0	0	4	0	0	0	0	0.000558	0.0	0.0	0.0	0.657819	0.0	0.0	0.0	0.0	707.576	0.0	0.0	0.0	39.3692	0.0	0.0	0.0	0.0	0.000297	0.0	0.0	0.0	9.84231	0.0	0.0	0.0	0.0	73	0	0	0	0	0	0	0	0	273032	0	0	0	4	0	0	0	0	1566185	0	0	0	0	0	0	0	0	129506	0	0	0	0	0	0	0	0	43717	0	0	0	0	0	0	0	0	366528	0	0	0	0	0	0	0	0	6305.8	0.0	0.0	0.0	0.006791	0.0	0.0	0.0	0.0	0.999999	0.0	0.0	0.0	1.0e-6	0.0	0.0	0.0	0.0	
713	2382448	769.459338077	5570.537555555555	5883.482000000002	22.7515	0.956999	2382440	0	0	0	4	0	0	0	0	0.000373	0.0	0.0	0.0	0.657819	0.0	0.0	0.0	0.0	708.575	0.0	0.0	0.0	39.3692	0.0	0.0	0.0	0.0	0.000297	0.0	0.0	0.0	9.84231	0.0	0.0	0.0	0.0	73	0	0	0	0	0	0	0	0	273365	0	0	0	4	0	0	0	0	1568285	0	0	0	0	0	0	0	0	129780	0	0	0	0	0	0	0	0	43799	0	0	0	0	0	0	0	0	367138	0	0	0	0	0	0	0	0	4220.71	0.0	0.0	0.0	0.006791	0.0	0.0	0.0	0.0	0.999998	0.0	0.0	0.0	2.0e-6	0.0	0.0	0.0	0.0	
714	2385797	770.466735909	5570.537555555555	5886.426444444447	22.7078	0.956918	2385789	0	0	0	4	0	0	0	0	0.000577	0.0	0.0	0.0	0.657819	0.0	0.0	0.0	0.0	709.581	0.0	0.0	0.0	39.3692	0.0	0.0	0.0	0.0	0.000297	0.0	0.0	0.0	9.84231	0.0	0.0	0.0	0.0	73	0	0	0	0	0	0	0	0	273675	0	0	0	4	0	0	0	0	1570389	0	0	0	0	0	0	0	0	130121	0	0	0	0	0	0	0	0	43891	0	0	0	0	0	0	0	0	367640	0	0	0	0	0	0	0	0	6521.29	0.0	0.0	0.0	0.006791	0.0	0.0	0.0	0.0	0.999999	0.0	0.0	0.0	1.0e-6	0.0	0.0	0.0	0.0	
715	2389111	771.466797517	5570.537555555555	5826.870888888892	22.6638	0.956836	2389103	0	0	0	4	0	0	0	0	0.000507	0.0	0.0	0.0	0.657819	0.0	0.0	0.0	0.0	710.579	0.0	0.0	0.0	39.3692	0.0	0.0	0.0	0.0	0.000297	0.0	0.0	0.0	9.84231	0.0	0.0	0.0	0.0	73	0	0	0	0	0	0	0	0	274001	0	0	0	4	0	0	0	0	1572468	0	0	0	0	0	0	0	0	130391	0	0	0	0	0	0	0	0	43989	0	0	0	0	0	0	0	0	368181	0	0	0	0	0	0	0	0	5733.12	0.0	0.0	0.0	0.006791	0.0	0.0	0.0	0.0	0.999999	0.0	0.0	0.0	1.0e-6	0.0	0.0	0.0	0.0	
716	2392469	772.466943626	5570.537555555555	5853.704222222226	22.6202	0.956755	2392461	0	0	0	4	0	0	0	0	0.00043	0.0	0.0	0.0	0.657819	0.0	0.0	0.0	0.0	711.578	0.0	0.0	0.0	39.3692	0.0	0.0	0.0	0.0	0.000297	0.0	0.0	0.0	9.84231	0.0	0.0	0.0	0.0	73	0	0	0	0	0	0	0	0	274331	0	0	0	4	0	0	0	0	1574596	0	0	0	0	0	0	0	0	130680	0	0	0	0	0	0	0	0	44081	0	0	0	0	0	0	0	0	368700	0	0	0	0	0	0	0	0	4859.99	0.0	0.0	0.0	0.006791	0.0	0.0	0.0	0.0	0.999999	0.0	0.0	0.0	1.0e-6	0.0	0.0	0.0	0.0	
717	2395868	773.46715578	5570.537555555555	5739.037555555558	22.5767	0.956673	2395860	0	0	0	4	0	0	0	0	0.000157	0.0	0.0	0.0	0.657819	0.0	0.0	0.0	0.0	712.576	0.0	0.0	0.0	39.3692	0.0	0.0	0.0	0.0	0.000297	0.0	0.0	0.0	9.84231	0.0	0.0	0.0	0.0	73	0	0	0	0	0	0	0	0	274674	0	0	0	4	0	0	0	0	1576738	0	0	0	0	0	0	0	0	130946	0	0	0	0	0	0	0	0	44158	0	0	0	0	0	0	0	0	369271	0	0	0	0	0	0	0	0	1777.86	0.0	0.0	0.0	0.006791	0.0	0.0	0.0	0.0	0.999996	0.0	0.0	0.0	4.0e-6	0.0	0.0	0.0	0.0	
718	2399294	774.467278935	5570.537555555555	5829.843111111113	22.5333	0.956592	2399286	0	0	0	4	0	0	0	0	0.000652	0.0	0.0	0.0	0.657819	0.0	0.0	0.0	0.0	713.575	0.0	0.0	0.0	39.3692	0.0	0.0	0.0	0.0	0.000297	0.0	0.0	0.0	9.84231	0.0	0.0	0.0	0.0	73	0	0	0	0	0	0	0	0	275006	0	0	0	4	0	0	0	0	1578835	0	0	0	0	0	0	0	0	131254	0	0	0	0	0	0	0	0	44246	0	0	0	0	0	0	0	0	369872	0	0	0	0	0	0	0	0	7366.82	0.0	0.0	0.0	0.006791	0.0	0.0	0.0	0.0	0.999999	0.0	0.0	0.0	1.0e-6	0.0	0.0	0.0	0.0	
719	2402657	775.46741289	5570.537555555555	6164.787555555556	22.49	0.95651	2402649	0	0	0	4	0	0	0	0	0.000264	0.0	0.0	0.0	0.657819	0.0	0.0	0.0	0.0	714.574	0.0	0.0	0.0	39.3692	0.0	0.0	0.0	0.0	0.000297	0.0	0.0	0.0	9.84231	0.0	0.0	0.0	0.0	73	0	0	0	0	0	0	0	0	275355	0	0	0	4	0	0	0	0	1580970	0	0	0	0	0	0	0	0	131545	0	0	0	0	0	0	0	0	44326	0	0	0	0	0	0	0	0	370380	0	0	0	0	0	0	0	0	2984.0	0.0	0.0	0.0	0.006791	0.0	0.0	0.0	0.0	0.999998	0.0	0.0	0.0	2.0e-6	0.0	0.0	0.0	0.0	
720	2405979	776.467431813	5570.537555555555	5791.648666666668	22.4468	0.956428	2405971	0	0	0	4	0	0	0	0	0.00031	0.0	0.0	0.0	0.657819	0.0	0.0	0.0	0.0	715.572	0.0	0.0	0.0	39.3692	0.0	0.0	0.0	0.0	0.000297	0.0	0.0	0.0	9.84231	0.0	0.0	0.0	0.0	73	0	0	0	0	0	0	0	0	275703	0	0	0	4	0	0	0	0	1583084	0	0	0	0	0	0	0	0	131851	0	0	0	0	0	0	0	0	44411	0	0	0	0	0	0	0	0	370849	0	0	0	0	0	0	0	0	3507.91	0.0	0.0	0.0	0.006791	0.0	0.0	0.0	0.0	0.999998	0.0	0.0	0.0	2.0e-6	0.0	0.0	0.0	0.0	
721	2409384	777.469451816	5570.537555555555	6039.648666666669	22.404	0.956347	2409376	0	0	0	4	0	0	0	0	0.000556	0.0	0.0	0.0	0.657819	0.0	0.0	0.0	0.0	716.573	0.0	0.0	0.0	39.3692	0.0	0.0	0.0	0.0	0.000297	0.0	0.0	0.0	9.84231	0.0	0.0	0.0	0.0	73	0	0	0	0	0	0	0	0	276063	0	0	0	4	0	0	0	0	1585324	0	0	0	0	0	0	0	0	132135	0	0	0	0	0	0	0	0	44485	0	0	0	0	0	0	0	0	371296	0	0	0	0	0	0	0	0	6283.68	0.0	0.0	0.0	0.006791	0.0	0.0	0.0	0.0	0.999999	0.0	0.0	0.0	1.0e-6	0.0	0.0	0.0	0.0	
722	2412853	778.473568558	5570.537555555555	5926.065333333334	22.3608	0.956264	2412845	0	0	0	4	0	0	0	0	7.2e-5	0.0	0.0	0.0	0.657819	0.0	0.0	0.0	0.0	717.576	0.0	0.0	0.0	39.3692	0.0	0.0	0.0	0.0	0.000297	0.0	0.0	0.0	9.84231	0.0	0.0	0.0	0.0	73	0	0	0	0	0	0	0	0	276416	0	0	0	4	0	0	0	0	1587482	0	0	0	0	0	0	0	0	132441	0	0	0	0	0	0	0	0	44563	0	0	0	0	0	0	0	0	371870	0	0	0	0	0	0	0	0	809.04	0.0	0.0	0.0	0.006791	0.0	0.0	0.0	0.0	0.999992	0.0	0.0	0.0	8.0e-6	0.0	0.0	0.0	0.0	
723	2416317	779.473803043	5570.537555555555	6014.315333333334	22.3173	0.956181	2416309	0	0	0	4	0	0	0	0	0.000522	0.0	0.0	0.0	0.657819	0.0	0.0	0.0	0.0	718.574	0.0	0.0	0.0	39.3692	0.0	0.0	0.0	0.0	0.000297	0.0	0.0	0.0	9.84231	0.0	0.0	0.0	0.0	73	0	0	0	0	0	0	0	0	276779	0	0	0	4	0	0	0	0	1589646	0	0	0	0	0	0	0	0	132685	0	0	0	0	0	0	0	0	44657	0	0	0	0	0	0	0	0	372469	0	0	0	0	0	0	0	0	5904.14	0.0	0.0	0.0	0.006791	0.0	0.0	0.0	0.0	0.999999	0.0	0.0	0.0	1.0e-6	0.0	0.0	0.0	0.0	
724	2419716	780.473832143	5570.537555555555	6106.0375555555565	22.2744	0.956098	2419708	0	0	0	4	0	0	0	0	0.000401	0.0	0.0	0.0	0.657819	0.0	0.0	0.0	0.0	719.573	0.0	0.0	0.0	39.3692	0.0	0.0	0.0	0.0	0.000297	0.0	0.0	0.0	9.84231	0.0	0.0	0.0	0.0	73	0	0	0	0	0	0	0	0	277155	0	0	0	4	0	0	0	0	1591796	0	0	0	0	0	0	0	0	132958	0	0	0	0	0	0	0	0	44721	0	0	0	0	0	0	0	0	373005	0	0	0	0	0	0	0	0	4530.28	0.0	0.0	0.0	0.006791	0.0	0.0	0.0	0.0	0.999999	0.0	0.0	0.0	1.0e-6	0.0	0.0	0.0	0.0	
725	2423148	781.474142949	5570.537555555555	5905.2042222222235	22.2316	0.956016	2423140	0	0	0	4	0	0	0	0	0.00024	0.0	0.0	0.0	0.657819	0.0	0.0	0.0	0.0	720.572	0.0	0.0	0.0	39.3692	0.0	0.0	0.0	0.0	0.000297	0.0	0.0	0.0	9.84231	0.0	0.0	0.0	0.0	73	0	0	0	0	0	0	0	0	277497	0	0	0	4	0	0	0	0	1593954	0	0	0	0	0	0	0	0	133265	0	0	0	0	0	0	0	0	44794	0	0	0	0	0	0	0	0	373557	0	0	0	0	0	0	0	0	2716.23	0.0	0.0	0.0	0.006791	0.0	0.0	0.0	0.0	0.999997	0.0	0.0	0.0	3.0e-6	0.0	0.0	0.0	0.0	
726	2426541	782.474482132	5570.537555555555	6162.093111111113	22.1888	0.955933	2426533	0	0	0	4	0	0	0	0	0.001213	0.0	0.0	0.0	0.657819	0.0	0.0	0.0	0.0	721.57	0.0	0.0	0.0	39.3692	0.0	0.0	0.0	0.0	0.000297	0.0	0.0	0.0	9.84231	0.0	0.0	0.0	0.0	73	0	0	0	0	0	0	0	0	277795	0	0	0	4	0	0	0	0	1596124	0	0	0	0	0	0	0	0	133572	0	0	0	0	0	0	0	0	44860	0	0	0	0	0	0	0	0	374109	0	0	0	0	0	0	0	0	13714.9	0.0	0.0	0.0	0.006791	0.0	0.0	0.0	0.0	1.0	0.0	0.0	0.0	0.0	0.0	0.0	0.0	0.0	
727	2429913	783.476070117	5570.537555555555	6125.398666666668	22.1465	0.95585	2429905	0	0	0	4	0	0	0	0	0.000299	0.0	0.0	0.0	0.657819	0.0	0.0	0.0	0.0	722.571	0.0	0.0	0.0	39.3692	0.0	0.0	0.0	0.0	0.000297	0.0	0.0	0.0	9.84231	0.0	0.0	0.0	0.0	73	0	0	0	0	0	0	0	0	278134	0	0	0	4	0	0	0	0	1598319	0	0	0	0	0	0	0	0	133878	0	0	0	0	0	0	0	0	44941	0	0	0	0	0	0	0	0	374560	0	0	0	0	0	0	0	0	3376.09	0.0	0.0	0.0	0.006791	0.0	0.0	0.0	0.0	0.999998	0.0	0.0	0.0	2.0e-6	0.0	0.0	0.0	0.0	
728	2433169	784.476253048	5570.537555555555	5888.093111111113	22.1035	0.955767	2433161	0	0	0	4	0	0	0	0	0.000411	0.0	0.0	0.0	0.657819	0.0	0.0	0.0	0.0	723.569	0.0	0.0	0.0	39.3692	0.0	0.0	0.0	0.0	0.000297	0.0	0.0	0.0	9.84231	0.0	0.0	0.0	0.0	73	0	0	0	0	0	0	0	0	278454	0	0	0	4	0	0	0	0	1600402	0	0	0	0	0	0	0	0	134145	0	0	0	0	0	0	0	0	45037	0	0	0	0	0	0	0	0	375050	0	0	0	0	0	0	0	0	4650.36	0.0	0.0	0.0	0.006791	0.0	0.0	0.0	0.0	0.999999	0.0	0.0	0.0	1.0e-6	0.0	0.0	0.0	0.0	
729	2436484	785.476399528	5570.537555555555	5905.759777777778	22.061	0.955683	2436476	0	0	0	4	0	0	0	0	0.00047	0.0	0.0	0.0	0.657819	0.0	0.0	0.0	0.0	724.568	0.0	0.0	0.0	39.3692	0.0	0.0	0.0	0.0	0.000297	0.0	0.0	0.0	9.84231	0.0	0.0	0.0	0.0	73	0	0	0	0	0	0	0	0	278734	0	0	0	4	0	0	0	0	1602514	0	0	0	0	0	0	0	0	134406	0	0	0	0	0	0	0	0	45146	0	0	0	0	0	0	0	0	375603	0	0	0	0	0	0	0	0	5317.5	0.0	0.0	0.0	0.006791	0.0	0.0	0.0	0.0	0.999999	0.0	0.0	0.0	1.0e-6	0.0	0.0	0.0	0.0	
730	2439741	786.47649931	5570.537555555555	5745.565333333335	22.0186	0.9556	2439733	0	0	0	4	0	0	0	0	0.00031	0.0	0.0	0.0	0.657819	0.0	0.0	0.0	0.0	725.567	0.0	0.0	0.0	39.3692	0.0	0.0	0.0	0.0	0.000297	0.0	0.0	0.0	9.84231	0.0	0.0	0.0	0.0	73	0	0	0	0	0	0	0	0	279018	0	0	0	4	0	0	0	0	1604587	0	0	0	0	0	0	0	0	134690	0	0	0	0	0	0	0	0	45272	0	0	0	0	0	0	0	0	376093	0	0	0	0	0	0	0	0	3504.5	0.0	0.0	0.0	0.006791	0.0	0.0	0.0	0.0	0.999998	0.0	0.0	0.0	2.0e-6	0.0	0.0	0.0	0.0	
731	2443116	787.476617228	5570.537555555555	6136.204222222225	21.9763	0.955516	2443108	0	0	0	4	0	0	0	0	0.000222	0.0	0.0	0.0	0.657819	0.0	0.0	0.0	0.0	726.565	0.0	0.0	0.0	39.3692	0.0	0.0	0.0	0.0	0.000297	0.0	0.0	0.0	9.84231	0.0	0.0	0.0	0.0	73	0	0	0	0	0	0	0	0	279349	0	0	0	4	0	0	0	0	1606603	0	0	0	0	0	0	0	0	134936	0	0	0	0	0	0	0	0	45369	0	0	0	0	0	0	0	0	376778	0	0	0	0	0	0	0	0	2512.15	0.0	0.0	0.0	0.006791	0.0	0.0	0.0	0.0	0.999997	0.0	0.0	0.0	3.0e-6	0.0	0.0	0.0	0.0	
732	2446412	788.476671104	5570.537555555555	5846.232000000002	21.9341	0.955432	2446404	0	0	0	4	0	0	0	0	0.00035	0.0	0.0	0.0	0.657819	0.0	0.0	0.0	0.0	727.564	0.0	0.0	0.0	39.3692	0.0	0.0	0.0	0.0	0.000297	0.0	0.0	0.0	9.84231	0.0	0.0	0.0	0.0	73	0	0	0	0	0	0	0	0	279664	0	0	0	4	0	0	0	0	1608637	0	0	0	0	0	0	0	0	135207	0	0	0	0	0	0	0	0	45451	0	0	0	0	0	0	0	0	377372	0	0	0	0	0	0	0	0	3956.22	0.0	0.0	0.0	0.006791	0.0	0.0	0.0	0.0	0.999998	0.0	0.0	0.0	2.0e-6	0.0	0.0	0.0	0.0	
733	2449656	789.476782206	5570.537555555555	5792.593111111113	21.8919	0.955349	2449648	0	0	0	4	0	0	0	0	7.1e-5	0.0	0.0	0.0	0.657819	0.0	0.0	0.0	0.0	728.562	0.0	0.0	0.0	39.3692	0.0	0.0	0.0	0.0	0.000297	0.0	0.0	0.0	9.84231	0.0	0.0	0.0	0.0	73	0	0	0	0	0	0	0	0	279986	0	0	0	4	0	0	0	0	1610720	0	0	0	0	0	0	0	0	135517	0	0	0	0	0	0	0	0	45500	0	0	0	0	0	0	0	0	377852	0	0	0	0	0	0	0	0	801.501	0.0	0.0	0.0	0.006791	0.0	0.0	0.0	0.0	0.999992	0.0	0.0	0.0	8.0e-6	0.0	0.0	0.0	0.0	
734	2452947	790.476937659	5570.537555555555	5888.12088888889	21.8498	0.955265	2452939	0	0	0	4	0	0	0	0	0.000329	0.0	0.0	0.0	0.657819	0.0	0.0	0.0	0.0	729.561	0.0	0.0	0.0	39.3692	0.0	0.0	0.0	0.0	0.000297	0.0	0.0	0.0	9.84231	0.0	0.0	0.0	0.0	73	0	0	0	0	0	0	0	0	280307	0	0	0	4	0	0	0	0	1612824	0	0	0	0	0	0	0	0	135787	0	0	0	0	0	0	0	0	45571	0	0	0	0	0	0	0	0	378377	0	0	0	0	0	0	0	0	3723.93	0.0	0.0	0.0	0.006791	0.0	0.0	0.0	0.0	0.999998	0.0	0.0	0.0	2.0e-6	0.0	0.0	0.0	0.0	
735	2456192	791.485111588	5570.537555555555	5765.89866666667	21.8079	0.955181	2456184	0	0	0	4	0	0	0	0	0.000467	0.0	0.0	0.0	0.657819	0.0	0.0	0.0	0.0	730.568	0.0	0.0	0.0	39.3692	0.0	0.0	0.0	0.0	0.000297	0.0	0.0	0.0	9.84231	0.0	0.0	0.0	0.0	73	0	0	0	0	0	0	0	0	280623	0	0	0	4	0	0	0	0	1614894	0	0	0	0	0	0	0	0	136068	0	0	0	0	0	0	0	0	45648	0	0	0	0	0	0	0	0	378878	0	0	0	0	0	0	0	0	5274.38	0.0	0.0	0.0	0.006791	0.0	0.0	0.0	0.0	0.999999	0.0	0.0	0.0	1.0e-6	0.0	0.0	0.0	0.0	
736	2459451	792.485362312	5570.537555555555	5884.1208888888905	21.7655	0.955095	2459443	0	0	0	4	0	0	0	0	0.000663	0.0	0.0	0.0	0.657819	0.0	0.0	0.0	0.0	731.566	0.0	0.0	0.0	39.3692	0.0	0.0	0.0	0.0	0.000297	0.0	0.0	0.0	9.84231	0.0	0.0	0.0	0.0	73	0	0	0	0	0	0	0	0	280923	0	0	0	4	0	0	0	0	1617021	0	0	0	0	0	0	0	0	136361	0	0	0	0	0	0	0	0	45740	0	0	0	0	0	0	0	0	379325	0	0	0	0	0	0	0	0	7488.02	0.0	0.0	0.0	0.006791	0.0	0.0	0.0	0.0	0.999999	0.0	0.0	0.0	1.0e-6	0.0	0.0	0.0	0.0	
737	2462739	793.485445963	5570.537555555555	5886.787555555557	21.7237	0.955011	2462731	0	0	0	4	0	0	0	0	0.000541	0.0	0.0	0.0	0.657819	0.0	0.0	0.0	0.0	732.565	0.0	0.0	0.0	39.3692	0.0	0.0	0.0	0.0	0.000297	0.0	0.0	0.0	9.84231	0.0	0.0	0.0	0.0	73	0	0	0	0	0	0	0	0	281212	0	0	0	4	0	0	0	0	1619115	0	0	0	0	0	0	0	0	136652	0	0	0	0	0	0	0	0	45822	0	0	0	0	0	0	0	0	379857	0	0	0	0	0	0	0	0	6114.87	0.0	0.0	0.0	0.006791	0.0	0.0	0.0	0.0	0.999999	0.0	0.0	0.0	1.0e-6	0.0	0.0	0.0	0.0	
738	2466005	794.485533312	5570.537555555555	5892.482000000001	21.6819	0.954926	2465997	0	0	0	4	0	0	0	0	0.000494	0.0	0.0	0.0	0.657819	0.0	0.0	0.0	0.0	733.563	0.0	0.0	0.0	39.3692	0.0	0.0	0.0	0.0	0.000297	0.0	0.0	0.0	9.84231	0.0	0.0	0.0	0.0	73	0	0	0	0	0	0	0	0	281508	0	0	0	4	0	0	0	0	1621231	0	0	0	0	0	0	0	0	136960	0	0	0	0	0	0	0	0	45894	0	0	0	0	0	0	0	0	380331	0	0	0	0	0	0	0	0	5587.43	0.0	0.0	0.0	0.006791	0.0	0.0	0.0	0.0	0.999999	0.0	0.0	0.0	1.0e-6	0.0	0.0	0.0	0.0	
739	2469244	795.485558302	5570.537555555555	5894.204222222224	21.6402	0.954841	2469236	0	0	0	4	0	0	0	0	0.000781	0.0	0.0	0.0	0.657819	0.0	0.0	0.0	0.0	734.562	0.0	0.0	0.0	39.3692	0.0	0.0	0.0	0.0	0.000297	0.0	0.0	0.0	9.84231	0.0	0.0	0.0	0.0	73	0	0	0	0	0	0	0	0	281845	0	0	0	4	0	0	0	0	1623274	0	0	0	0	0	0	0	0	137238	0	0	0	0	0	0	0	0	45962	0	0	0	0	0	0	0	0	380844	0	0	0	0	0	0	0	0	8820.74	0.0	0.0	0.0	0.006791	0.0	0.0	0.0	0.0	0.999999	0.0	0.0	0.0	1.0e-6	0.0	0.0	0.0	0.0	
740	2472504	796.485772907	5570.537555555555	6140.815333333338	21.5986	0.954756	2472496	0	0	0	4	0	0	0	0	0.000148	0.0	0.0	0.0	0.657819	0.0	0.0	0.0	0.0	735.561	0.0	0.0	0.0	39.3692	0.0	0.0	0.0	0.0	0.000297	0.0	0.0	0.0	9.84231	0.0	0.0	0.0	0.0	73	0	0	0	0	0	0	0	0	282170	0	0	0	4	0	0	0	0	1625315	0	0	0	0	0	0	0	0	137565	0	0	0	0	0	0	0	0	46010	0	0	0	0	0	0	0	0	381363	0	0	0	0	0	0	0	0	1673.13	0.0	0.0	0.0	0.006791	0.0	0.0	0.0	0.0	0.999996	0.0	0.0	0.0	4.0e-6	0.0	0.0	0.0	0.0	
741	2475730	797.485822641	5570.537555555555	5879.037555555559	21.5571	0.954671	2475722	0	0	0	4	0	0	0	0	0.000666	0.0	0.0	0.0	0.657819	0.0	0.0	0.0	0.0	736.559	0.0	0.0	0.0	39.3692	0.0	0.0	0.0	0.0	0.000298	0.0	0.0	0.0	9.84231	0.0	0.0	0.0	0.0	73	0	0	0	0	0	0	0	0	282515	0	0	0	4	0	0	0	0	1627334	0	0	0	0	0	0	0	0	137891	0	0	0	0	0	0	0	0	46063	0	0	0	0	0	0	0	0	381846	0	0	0	0	0	0	0	0	7529.76	0.0	0.0	0.0	0.006791	0.0	0.0	0.0	0.0	0.999999	0.0	0.0	0.0	1.0e-6	0.0	0.0	0.0	0.0	
742	2478993	798.485876737	5570.537555555555	5706.315333333338	21.5157	0.954586	2478985	0	0	0	4	0	0	0	0	0.000451	0.0	0.0	0.0	0.657819	0.0	0.0	0.0	0.0	737.558	0.0	0.0	0.0	39.3692	0.0	0.0	0.0	0.0	0.000298	0.0	0.0	0.0	9.84231	0.0	0.0	0.0	0.0	73	0	0	0	0	0	0	0	0	282805	0	0	0	4	0	0	0	0	1629434	0	0	0	0	0	0	0	0	138203	0	0	0	0	0	0	0	0	46127	0	0	0	0	0	0	0	0	382343	0	0	0	0	0	0	0	0	5099.88	0.0	0.0	0.0	0.006791	0.0	0.0	0.0	0.0	0.999999	0.0	0.0	0.0	1.0e-6	0.0	0.0	0.0	0.0	
743	2482212	799.486046955	5554.232000000004	5648.648666666671	21.4743	0.9545	2482204	0	0	0	4	0	0	0	0	0.0007	0.0	0.0	0.0	0.657819	0.0	0.0	0.0	0.0	738.556	0.0	0.0	0.0	39.3692	0.0	0.0	0.0	0.0	0.000298	0.0	0.0	0.0	9.84231	0.0	0.0	0.0	0.0	76	0	0	0	0	0	0	0	0	283116	0	0	0	4	0	0	0	0	1631503	0	0	0	0	0	0	0	0	138519	0	0	0	0	0	0	0	0	46201	0	0	0	0	0	0	0	0	382789	0	0	0	0	0	0	0	0	7902.73	0.0	0.0	0.0	0.006791	0.0	0.0	0.0	0.0	0.999999	0.0	0.0	0.0	1.0e-6	0.0	0.0	0.0	0.0	
744	2485491	800.486382968	5554.232000000004	6031.120888888893	21.433	0.954415	2485483	0	0	0	4	0	0	0	0	0.00038	0.0	0.0	0.0	0.657819	0.0	0.0	0.0	0.0	739.555	0.0	0.0	0.0	39.3692	0.0	0.0	0.0	0.0	0.000298	0.0	0.0	0.0	9.84231	0.0	0.0	0.0	0.0	76	0	0	0	0	0	0	0	0	283436	0	0	0	4	0	0	0	0	1633567	0	0	0	0	0	0	0	0	138828	0	0	0	0	0	0	0	0	46254	0	0	0	0	0	0	0	0	383322	0	0	0	0	0	0	0	0	4292.8	0.0	0.0	0.0	0.006791	0.0	0.0	0.0	0.0	0.999998	0.0	0.0	0.0	2.0e-6	0.0	0.0	0.0	0.0	
745	2488692	801.486668644	5554.232000000004	6050.565333333338	21.3918	0.954329	2488684	0	0	0	4	0	0	0	0	0.00068	0.0	0.0	0.0	0.657819	0.0	0.0	0.0	0.0	740.554	0.0	0.0	0.0	39.3692	0.0	0.0	0.0	0.0	0.000298	0.0	0.0	0.0	9.84231	0.0	0.0	0.0	0.0	76	0	0	0	0	0	0	0	0	283738	0	0	0	4	0	0	0	0	1635699	0	0	0	0	0	0	0	0	139153	0	0	0	0	0	0	0	0	46293	0	0	0	0	0	0	0	0	383725	0	0	0	0	0	0	0	0	7683.58	0.0	0.0	0.0	0.006791	0.0	0.0	0.0	0.0	0.999999	0.0	0.0	0.0	1.0e-6	0.0	0.0	0.0	0.0	
746	2492015	802.486759497	5554.232000000004	5939.42644444445	21.3507	0.954243	2492007	0	0	0	4	0	0	0	0	0.000329	0.0	0.0	0.0	0.657819	0.0	0.0	0.0	0.0	741.553	0.0	0.0	0.0	39.3692	0.0	0.0	0.0	0.0	0.000298	0.0	0.0	0.0	9.84231	0.0	0.0	0.0	0.0	76	0	0	0	0	0	0	0	0	284044	0	0	0	4	0	0	0	0	1637873	0	0	0	0	0	0	0	0	139444	0	0	0	0	0	0	0	0	46377	0	0	0	0	0	0	0	0	384193	0	0	0	0	0	0	0	0	3714.38	0.0	0.0	0.0	0.006791	0.0	0.0	0.0	0.0	0.999998	0.0	0.0	0.0	2.0e-6	0.0	0.0	0.0	0.0	
747	2495345	803.486842549	5554.232000000004	6079.648666666674	21.3096	0.954157	2495337	0	0	0	4	0	0	0	0	0.00039	0.0	0.0	0.0	0.657819	0.0	0.0	0.0	0.0	742.551	0.0	0.0	0.0	39.3692	0.0	0.0	0.0	0.0	0.000298	0.0	0.0	0.0	9.84231	0.0	0.0	0.0	0.0	76	0	0	0	0	0	0	0	0	284355	0	0	0	4	0	0	0	0	1640084	0	0	0	0	0	0	0	0	139766	0	0	0	0	0	0	0	0	46447	0	0	0	0	0	0	0	0	384609	0	0	0	0	0	0	0	0	4403.11	0.0	0.0	0.0	0.006791	0.0	0.0	0.0	0.0	0.999998	0.0	0.0	0.0	2.0e-6	0.0	0.0	0.0	0.0	
748	2498660	804.487017194	5554.232000000004	5926.398666666675	21.2687	0.954071	2498652	0	0	0	4	0	0	0	0	0.000868	0.0	0.0	0.0	0.657819	0.0	0.0	0.0	0.0	743.55	0.0	0.0	0.0	39.3692	0.0	0.0	0.0	0.0	0.000298	0.0	0.0	0.0	9.84231	0.0	0.0	0.0	0.0	76	0	0	0	0	0	0	0	0	284670	0	0	0	4	0	0	0	0	1642241	0	0	0	0	0	0	0	0	140094	0	0	0	0	0	0	0	0	46508	0	0	0	0	0	0	0	0	385063	0	0	0	0	0	0	0	0	9799.4	0.0	0.0	0.0	0.006791	0.0	0.0	0.0	0.0	0.999999	0.0	0.0	0.0	1.0e-6	0.0	0.0	0.0	0.0	
749	2501951	805.489340299	5554.232000000004	5689.620888888896	21.2281	0.953985	2501943	0	0	0	4	0	0	0	0	0.000428	0.0	0.0	0.0	0.657819	0.0	0.0	0.0	0.0	744.551	0.0	0.0	0.0	39.3692	0.0	0.0	0.0	0.0	0.000298	0.0	0.0	0.0	9.84231	0.0	0.0	0.0	0.0	76	0	0	0	0	0	0	0	0	285003	0	0	0	4	0	0	0	0	1644378	0	0	0	0	0	0	0	0	140414	0	0	0	0	0	0	0	0	46549	0	0	0	0	0	0	0	0	385523	0	0	0	0	0	0	0	0	4828.22	0.0	0.0	0.0	0.006791	0.0	0.0	0.0	0.0	0.999999	0.0	0.0	0.0	1.0e-6	0.0	0.0	0.0	0.0	
750	2505258	806.489474611	5506.398666666675	5599.370888888896	21.1869	0.953898	2505250	0	0	0	4	0	0	0	0	0.000133	0.0	0.0	0.0	0.657819	0.0	0.0	0.0	0.0	745.55	0.0	0.0	0.0	39.3692	0.0	0.0	0.0	0.0	0.000298	0.0	0.0	0.0	9.84231	0.0	0.0	0.0	0.0	81	0	0	0	0	0	0	0	0	285309	0	0	0	4	0	0	0	0	1646555	0	0	0	0	0	0	0	0	140758	0	0	0	0	0	0	0	0	46608	0	0	0	0	0	0	0	0	385939	0	0	0	0	0	0	0	0	1506.43	0.0	0.0	0.0	0.006791	0.0	0.0	0.0	0.0	0.999995	0.0	0.0	0.0	5.0e-6	0.0	0.0	0.0	0.0	
751	2508629	807.489702019	5506.398666666675	5836.815333333339	21.1461	0.953811	2508621	0	0	0	4	0	0	0	0	0.0004	0.0	0.0	0.0	0.657819	0.0	0.0	0.0	0.0	746.548	0.0	0.0	0.0	39.3692	0.0	0.0	0.0	0.0	0.000298	0.0	0.0	0.0	9.84231	0.0	0.0	0.0	0.0	81	0	0	0	0	0	0	0	0	285586	0	0	0	4	0	0	0	0	1648677	0	0	0	0	0	0	0	0	141058	0	0	0	0	0	0	0	0	46702	0	0	0	0	0	0	0	0	386517	0	0	0	0	0	0	0	0	4511.73	0.0	0.0	0.0	0.006791	0.0	0.0	0.0	0.0	0.999998	0.0	0.0	0.0	2.0e-6	0.0	0.0	0.0	0.0	
752	2511977	808.489736321	5506.398666666675	5701.287555555561	21.1055	0.953724	2511969	0	0	0	4	0	0	0	0	0.000387	0.0	0.0	0.0	0.657819	0.0	0.0	0.0	0.0	747.547	0.0	0.0	0.0	39.3692	0.0	0.0	0.0	0.0	0.000298	0.0	0.0	0.0	9.84231	0.0	0.0	0.0	0.0	81	0	0	0	0	0	0	0	0	285849	0	0	0	4	0	0	0	0	1650826	0	0	0	0	0	0	0	0	141334	0	0	0	0	0	0	0	0	46807	0	0	0	0	0	0	0	0	387072	0	0	0	0	0	0	0	0	4374.37	0.0	0.0	0.0	0.006791	0.0	0.0	0.0	0.0	0.999998	0.0	0.0	0.0	2.0e-6	0.0	0.0	0.0	0.0	
753	2515334	809.489969908	5506.398666666675	5817.31533333334	21.0649	0.953637	2515326	0	0	0	4	0	0	0	0	0.000219	0.0	0.0	0.0	0.657819	0.0	0.0	0.0	0.0	748.546	0.0	0.0	0.0	39.3692	0.0	0.0	0.0	0.0	0.000298	0.0	0.0	0.0	9.84231	0.0	0.0	0.0	0.0	81	0	0	0	0	0	0	0	0	286155	0	0	0	4	0	0	0	0	1652911	0	0	0	0	0	0	0	0	141661	0	0	0	0	0	0	0	0	46905	0	0	0	0	0	0	0	0	387613	0	0	0	0	0	0	0	0	2468.01	0.0	0.0	0.0	0.006791	0.0	0.0	0.0	0.0	0.999997	0.0	0.0	0.0	3.0e-6	0.0	0.0	0.0	0.0	
754	2518650	810.490100857	5506.398666666675	5874.593111111117	21.0244	0.95355	2518642	0	0	0	4	0	0	0	0	0.000588	0.0	0.0	0.0	0.657819	0.0	0.0	0.0	0.0	749.534	0.0	0.0	0.0	39.3692	0.0	0.0	0.0	0.0	0.000298	0.0	0.0	0.0	9.84231	0.0	0.0	0.0	0.0	81	0	0	0	0	0	0	0	0	286458	0	0	0	4	0	0	0	0	1655063	0	0	0	0	0	0	0	0	141971	0	0	0	0	0	0	0	0	46987	0	0	0	0	0	0	0	0	388082	0	0	0	0	0	0	0	0	6638.7	0.0	0.0	0.0	0.006791	0.0	0.0	0.0	0.0	0.999999	0.0	0.0	0.0	1.0e-6	0.0	0.0	0.0	0.0	
755	2521974	811.490307882	5506.398666666675	5871.843111111119	20.984	0.953462	2521966	0	0	0	4	0	0	0	0	0.000403	0.0	0.0	0.0	0.657819	0.0	0.0	0.0	0.0	750.533	0.0	0.0	0.0	39.3692	0.0	0.0	0.0	0.0	0.000298	0.0	0.0	0.0	9.84231	0.0	0.0	0.0	0.0	81	0	0	0	0	0	0	0	0	286735	0	0	0	4	0	0	0	0	1657185	0	0	0	0	0	0	0	0	142311	0	0	0	0	0	0	0	0	47072	0	0	0	0	0	0	0	0	388582	0	0	0	0	0	0	0	0	4545.22	0.0	0.0	0.0	0.006791	0.0	0.0	0.0	0.0	0.999999	0.0	0.0	0.0	1.0e-6	0.0	0.0	0.0	0.0	
756	2525318	812.494097938	5506.398666666675	6036.093111111119	20.9439	0.953375	2525310	0	0	0	4	0	0	0	0	0.000171	0.0	0.0	0.0	0.657819	0.0	0.0	0.0	0.0	751.535	0.0	0.0	0.0	39.3692	0.0	0.0	0.0	0.0	0.000298	0.0	0.0	0.0	9.84231	0.0	0.0	0.0	0.0	81	0	0	0	0	0	0	0	0	287041	0	0	0	4	0	0	0	0	1659313	0	0	0	0	0	0	0	0	142604	0	0	0	0	0	0	0	0	47153	0	0	0	0	0	0	0	0	389118	0	0	0	0	0	0	0	0	1936.31	0.0	0.0	0.0	0.006791	0.0	0.0	0.0	0.0	0.999996	0.0	0.0	0.0	4.0e-6	0.0	0.0	0.0	0.0	
757	2528693	813.494373428	5506.398666666675	5972.870888888897	20.9032	0.953287	2528685	0	0	0	4	0	0	0	0	0.000337	0.0	0.0	0.0	0.657819	0.0	0.0	0.0	0.0	752.534	0.0	0.0	0.0	39.3692	0.0	0.0	0.0	0.0	0.000298	0.0	0.0	0.0	9.84231	0.0	0.0	0.0	0.0	81	0	0	0	0	0	0	0	0	287372	0	0	0	4	0	0	0	0	1661453	0	0	0	0	0	0	0	0	142907	0	0	0	0	0	0	0	0	47257	0	0	0	0	0	0	0	0	389615	0	0	0	0	0	0	0	0	3801.47	0.0	0.0	0.0	0.006791	0.0	0.0	0.0	0.0	0.999998	0.0	0.0	0.0	2.0e-6	0.0	0.0	0.0	0.0	
758	2532020	814.495993724	5506.398666666675	5876.620888888896	20.8633	0.953199	2532012	0	0	0	4	0	0	0	0	9.3e-5	0.0	0.0	0.0	0.657819	0.0	0.0	0.0	0.0	753.534	0.0	0.0	0.0	39.3692	0.0	0.0	0.0	0.0	0.000298	0.0	0.0	0.0	9.84231	0.0	0.0	0.0	0.0	81	0	0	0	0	0	0	0	0	287676	0	0	0	4	0	0	0	0	1663526	0	0	0	0	0	0	0	0	143238	0	0	0	0	0	0	0	0	47330	0	0	0	0	0	0	0	0	390161	0	0	0	0	0	0	0	0	1047.21	0.0	0.0	0.0	0.006791	0.0	0.0	0.0	0.0	0.999994	0.0	0.0	0.0	6.0e-6	0.0	0.0	0.0	0.0	
759	2535347	815.496051718	5506.398666666675	5969.759777777785	20.8229	0.953111	2535339	0	0	0	4	0	0	0	0	0.000561	0.0	0.0	0.0	0.657819	0.0	0.0	0.0	0.0	754.533	0.0	0.0	0.0	39.3692	0.0	0.0	0.0	0.0	0.000298	0.0	0.0	0.0	9.84231	0.0	0.0	0.0	0.0	81	0	0	0	0	0	0	0	0	288013	0	0	0	4	0	0	0	0	1665616	0	0	0	0	0	0	0	0	143529	0	0	0	0	0	0	0	0	47405	0	0	0	0	0	0	0	0	390695	0	0	0	0	0	0	0	0	6337.16	0.0	0.0	0.0	0.006791	0.0	0.0	0.0	0.0	0.999999	0.0	0.0	0.0	1.0e-6	0.0	0.0	0.0	0.0	
760	2538724	816.496198427	5506.398666666675	5643.093111111119	20.7828	0.953023	2538716	0	0	0	4	0	0	0	0	0.000409	0.0	0.0	0.0	0.657819	0.0	0.0	0.0	0.0	755.531	0.0	0.0	0.0	39.3692	0.0	0.0	0.0	0.0	0.000298	0.0	0.0	0.0	9.84231	0.0	0.0	0.0	0.0	81	0	0	0	0	0	0	0	0	288336	0	0	0	4	0	0	0	0	1667746	0	0	0	0	0	0	0	0	143823	0	0	0	0	0	0	0	0	47463	0	0	0	0	0	0	0	0	391267	0	0	0	0	0	0	0	0	4613.1	0.0	0.0	0.0	0.006791	0.0	0.0	0.0	0.0	0.999999	0.0	0.0	0.0	1.0e-6	0.0	0.0	0.0	0.0	
761	2541984	817.502463226	5506.398666666675	5892.648666666676	20.7429	0.952934	2541976	0	0	0	4	0	0	0	0	0.000217	0.0	0.0	0.0	0.657819	0.0	0.0	0.0	0.0	756.536	0.0	0.0	0.0	39.3692	0.0	0.0	0.0	0.0	0.000298	0.0	0.0	0.0	9.84231	0.0	0.0	0.0	0.0	81	0	0	0	0	0	0	0	0	288623	0	0	0	4	0	0	0	0	1669786	0	0	0	0	0	0	0	0	144178	0	0	0	0	0	0	0	0	47506	0	0	0	0	0	0	0	0	391802	0	0	0	0	0	0	0	0	2447.45	0.0	0.0	0.0	0.006791	0.0	0.0	0.0	0.0	0.999997	0.0	0.0	0.0	3.0e-6	0.0	0.0	0.0	0.0	
762	2545230	818.502673419	5506.398666666675	6144.982000000008	20.7028	0.952845	2545222	0	0	0	4	0	0	0	0	0.000224	0.0	0.0	0.0	0.657819	0.0	0.0	0.0	0.0	757.535	0.0	0.0	0.0	39.3692	0.0	0.0	0.0	0.0	0.000298	0.0	0.0	0.0	9.84231	0.0	0.0	0.0	0.0	81	0	0	0	0	0	0	0	0	288933	0	0	0	4	0	0	0	0	1671860	0	0	0	0	0	0	0	0	144450	0	0	0	0	0	0	0	0	47579	0	0	0	0	0	0	0	0	392319	0	0	0	0	0	0	0	0	2533.64	0.0	0.0	0.0	0.006791	0.0	0.0	0.0	0.0	0.999997	0.0	0.0	0.0	3.0e-6	0.0	0.0	0.0	0.0	
763	2548558	819.502926124	5506.398666666675	5993.176444444451	20.6629	0.952757	2548550	0	0	0	4	0	0	0	0	0.00049	0.0	0.0	0.0	0.657819	0.0	0.0	0.0	0.0	758.533	0.0	0.0	0.0	39.3692	0.0	0.0	0.0	0.0	0.000298	0.0	0.0	0.0	9.84231	0.0	0.0	0.0	0.0	81	0	0	0	0	0	0	0	0	289246	0	0	0	4	0	0	0	0	1673877	0	0	0	0	0	0	0	0	144802	0	0	0	0	0	0	0	0	47624	0	0	0	0	0	0	0	0	392920	0	0	0	0	0	0	0	0	5530.51	0.0	0.0	0.0	0.006791	0.0	0.0	0.0	0.0	0.999999	0.0	0.0	0.0	1.0e-6	0.0	0.0	0.0	0.0	
764	2551852	820.503054263	5506.398666666675	5926.482000000006	20.6232	0.952668	2551844	0	0	0	4	0	0	0	0	0.000259	0.0	0.0	0.0	0.657819	0.0	0.0	0.0	0.0	759.532	0.0	0.0	0.0	39.3692	0.0	0.0	0.0	0.0	0.000298	0.0	0.0	0.0	9.84231	0.0	0.0	0.0	0.0	81	0	0	0	0	0	0	0	0	289536	0	0	0	4	0	0	0	0	1675970	0	0	0	0	0	0	0	0	145186	0	0	0	0	0	0	0	0	47693	0	0	0	0	0	0	0	0	393378	0	0	0	0	0	0	0	0	2926.12	0.0	0.0	0.0	0.006791	0.0	0.0	0.0	0.0	0.999998	0.0	0.0	0.0	2.0e-6	0.0	0.0	0.0	0.0	
765	2555206	821.503116188	5506.398666666675	5792.620888888895	20.5836	0.952579	2555198	0	0	0	4	0	0	0	0	0.000112	0.0	0.0	0.0	0.657819	0.0	0.0	0.0	0.0	760.531	0.0	0.0	0.0	39.3692	0.0	0.0	0.0	0.0	0.000298	0.0	0.0	0.0	9.84231	0.0	0.0	0.0	0.0	81	0	0	0	0	0	0	0	0	289850	0	0	0	4	0	0	0	0	1678131	0	0	0	0	0	0	0	0	145522	0	0	0	0	0	0	0	0	47734	0	0	0	0	0	0	0	0	393880	0	0	0	0	0	0	0	0	1266.92	0.0	0.0	0.0	0.006791	0.0	0.0	0.0	0.0	0.999995	0.0	0.0	0.0	5.0e-6	0.0	0.0	0.0	0.0	
766	2558563	822.503138703	5506.398666666675	5787.954222222227	20.544	0.95249	2558555	0	0	0	4	0	0	0	0	0.00024	0.0	0.0	0.0	0.657819	0.0	0.0	0.0	0.0	761.529	0.0	0.0	0.0	39.3692	0.0	0.0	0.0	0.0	0.000298	0.0	0.0	0.0	9.84231	0.0	0.0	0.0	0.0	81	0	0	0	0	0	0	0	0	290150	0	0	0	4	0	0	0	0	1680264	0	0	0	0	0	0	0	0	145854	0	0	0	0	0	0	0	0	47795	0	0	0	0	0	0	0	0	394411	0	0	0	0	0	0	0	0	2712.34	0.0	0.0	0.0	0.006791	0.0	0.0	0.0	0.0	0.999997	0.0	0.0	0.0	3.0e-6	0.0	0.0	0.0	0.0	
767	2561872	823.503170541	5506.398666666675	5708.593111111117	20.5045	0.9524	2561864	0	0	0	4	0	0	0	0	0.000414	0.0	0.0	0.0	0.657819	0.0	0.0	0.0	0.0	762.528	0.0	0.0	0.0	39.3692	0.0	0.0	0.0	0.0	0.000298	0.0	0.0	0.0	9.84231	0.0	0.0	0.0	0.0	81	0	0	0	0	0	0	0	0	290466	0	0	0	4	0	0	0	0	1682286	0	0	0	0	0	0	0	0	146147	0	0	0	0	0	0	0	0	47854	0	0	0	0	0	0	0	0	395030	0	0	0	0	0	0	0	0	4676.45	0.0	0.0	0.0	0.006791	0.0	0.0	0.0	0.0	0.999999	0.0	0.0	0.0	1.0e-6	0.0	0.0	0.0	0.0	
768	2565223	824.503335944	5506.398666666675	5842.287555555559	20.4651	0.952311	2565215	0	0	0	4	0	0	0	0	0.000319	0.0	0.0	0.0	0.657819	0.0	0.0	0.0	0.0	763.526	0.0	0.0	0.0	39.3692	0.0	0.0	0.0	0.0	0.000298	0.0	0.0	0.0	9.84231	0.0	0.0	0.0	0.0	81	0	0	0	0	0	0	0	0	290782	0	0	0	4	0	0	0	0	1684343	0	0	0	0	0	0	0	0	146469	0	0	0	0	0	0	0	0	47926	0	0	0	0	0	0	0	0	395614	0	0	0	0	0	0	0	0	3600.08	0.0	0.0	0.0	0.006791	0.0	0.0	0.0	0.0	0.999998	0.0	0.0	0.0	2.0e-6	0.0	0.0	0.0	0.0	
769	2568537	825.503636909	5506.398666666675	5670.620888888894	20.4257	0.952221	2568529	0	0	0	4	0	0	0	0	0.000408	0.0	0.0	0.0	0.657819	0.0	0.0	0.0	0.0	764.525	0.0	0.0	0.0	39.3692	0.0	0.0	0.0	0.0	0.000298	0.0	0.0	0.0	9.84231	0.0	0.0	0.0	0.0	81	0	0	0	0	0	0	0	0	291118	0	0	0	4	0	0	0	0	1686380	0	0	0	0	0	0	0	0	146848	0	0	0	0	0	0	0	0	47995	0	0	0	0	0	0	0	0	396107	0	0	0	0	0	0	0	0	4606.76	0.0	0.0	0.0	0.006791	0.0	0.0	0.0	0.0	0.999999	0.0	0.0	0.0	1.0e-6	0.0	0.0	0.0	0.0	
770	2571839	826.503840405	5506.398666666675	5804.53755555556	20.3865	0.952131	2571831	0	0	0	4	0	0	0	0	0.000389	0.0	0.0	0.0	0.657819	0.0	0.0	0.0	0.0	765.524	0.0	0.0	0.0	39.3692	0.0	0.0	0.0	0.0	0.000298	0.0	0.0	0.0	9.84231	0.0	0.0	0.0	0.0	81	0	0	0	0	0	0	0	0	291411	0	0	0	4	0	0	0	0	1688527	0	0	0	0	0	0	0	0	147219	0	0	0	0	0	0	0	0	48079	0	0	0	0	0	0	0	0	396514	0	0	0	0	0	0	0	0	4395.5	0.0	0.0	0.0	0.006791	0.0	0.0	0.0	0.0	0.999998	0.0	0.0	0.0	2.0e-6	0.0	0.0	0.0	0.0	
771	2575082	827.503943691	5506.398666666675	5882.065333333339	20.3473	0.952042	2575074	0	0	0	4	0	0	0	0	0.000247	0.0	0.0	0.0	0.657819	0.0	0.0	0.0	0.0	766.523	0.0	0.0	0.0	39.3692	0.0	0.0	0.0	0.0	0.000298	0.0	0.0	0.0	9.84231	0.0	0.0	0.0	0.0	81	0	0	0	0	0	0	0	0	291740	0	0	0	4	0	0	0	0	1690611	0	0	0	0	0	0	0	0	147538	0	0	0	0	0	0	0	0	48156	0	0	0	0	0	0	0	0	396948	0	0	0	0	0	0	0	0	2783.61	0.0	0.0	0.0	0.006791	0.0	0.0	0.0	0.0	0.999998	0.0	0.0	0.0	2.0e-6	0.0	0.0	0.0	0.0	
772	2578414	828.504319456	5506.398666666675	5921.343111111115	20.3082	0.951951	2578406	0	0	0	4	0	0	0	0	0.000591	0.0	0.0	0.0	0.657819	0.0	0.0	0.0	0.0	767.522	0.0	0.0	0.0	39.3692	0.0	0.0	0.0	0.0	0.000298	0.0	0.0	0.0	9.84231	0.0	0.0	0.0	0.0	81	0	0	0	0	0	0	0	0	292065	0	0	0	4	0	0	0	0	1692716	0	0	0	0	0	0	0	0	147903	0	0	0	0	0	0	0	0	48226	0	0	0	0	0	0	0	0	397415	0	0	0	0	0	0	0	0	6667.67	0.0	0.0	0.0	0.006791	0.0	0.0	0.0	0.0	0.999999	0.0	0.0	0.0	1.0e-6	0.0	0.0	0.0	0.0	
773	2581742	829.505079705	5506.398666666675	5815.148666666671	20.2694	0.951862	2581734	0	0	0	4	0	0	0	0	0.000141	0.0	0.0	0.0	0.657819	0.0	0.0	0.0	0.0	768.521	0.0	0.0	0.0	39.3692	0.0	0.0	0.0	0.0	0.000298	0.0	0.0	0.0	9.84231	0.0	0.0	0.0	0.0	81	0	0	0	0	0	0	0	0	292380	0	0	0	4	0	0	0	0	1694800	0	0	0	0	0	0	0	0	148287	0	0	0	0	0	0	0	0	48277	0	0	0	0	0	0	0	0	397909	0	0	0	0	0	0	0	0	1590.98	0.0	0.0	0.0	0.006791	0.0	0.0	0.0	0.0	0.999996	0.0	0.0	0.0	4.0e-6	0.0	0.0	0.0	0.0	
774	2585106	830.505265629	5506.398666666675	5895.482000000004	20.2301	0.951771	2585098	0	0	0	4	0	0	0	0	0.000353	0.0	0.0	0.0	0.657819	0.0	0.0	0.0	0.0	769.52	0.0	0.0	0.0	39.3692	0.0	0.0	0.0	0.0	0.000298	0.0	0.0	0.0	9.84231	0.0	0.0	0.0	0.0	81	0	0	0	0	0	0	0	0	292692	0	0	0	4	0	0	0	0	1696905	0	0	0	0	0	0	0	0	148592	0	0	0	0	0	0	0	0	48352	0	0	0	0	0	0	0	0	398476	0	0	0	0	0	0	0	0	3986.7	0.0	0.0	0.0	0.006791	0.0	0.0	0.0	0.0	0.999998	0.0	0.0	0.0	2.0e-6	0.0	0.0	0.0	0.0	
775	2588415	831.505634822	5506.398666666675	5725.509777777782	20.1912	0.95168	2588407	0	0	0	4	0	0	0	0	0.000138	0.0	0.0	0.0	0.657819	0.0	0.0	0.0	0.0	770.518	0.0	0.0	0.0	39.3692	0.0	0.0	0.0	0.0	0.000298	0.0	0.0	0.0	9.84231	0.0	0.0	0.0	0.0	81	0	0	0	0	0	0	0	0	292999	0	0	0	4	0	0	0	0	1698989	0	0	0	0	0	0	0	0	148867	0	0	0	0	0	0	0	0	48421	0	0	0	0	0	0	0	0	399050	0	0	0	0	0	0	0	0	1553.46	0.0	0.0	0.0	0.006791	0.0	0.0	0.0	0.0	0.999996	0.0	0.0	0.0	4.0e-6	0.0	0.0	0.0	0.0	
776	2591689	832.505757689	5506.398666666675	5785.620888888891	20.1524	0.951589	2591681	0	0	0	4	0	0	0	0	0.000546	0.0	0.0	0.0	0.657819	0.0	0.0	0.0	0.0	771.517	0.0	0.0	0.0	39.3692	0.0	0.0	0.0	0.0	0.000298	0.0	0.0	0.0	9.84231	0.0	0.0	0.0	0.0	81	0	0	0	0	0	0	0	0	293319	0	0	0	4	0	0	0	0	1701000	0	0	0	0	0	0	0	0	149204	0	0	0	0	0	0	0	0	48485	0	0	0	0	0	0	0	0	399592	0	0	0	0	0	0	0	0	6157.72	0.0	0.0	0.0	0.006791	0.0	0.0	0.0	0.0	0.999999	0.0	0.0	0.0	1.0e-6	0.0	0.0	0.0	0.0	
777	2594894	833.505989192	5506.398666666675	5769.64866666667	20.1136	0.951498	2594886	0	0	0	4	0	0	0	0	0.000622	0.0	0.0	0.0	0.657819	0.0	0.0	0.0	0.0	772.516	0.0	0.0	0.0	39.3692	0.0	0.0	0.0	0.0	0.000298	0.0	0.0	0.0	9.84231	0.0	0.0	0.0	0.0	81	0	0	0	0	0	0	0	0	293627	0	0	0	4	0	0	0	0	1703041	0	0	0	0	0	0	0	0	149536	0	0	0	0	0	0	0	0	48578	0	0	0	0	0	0	0	0	400023	0	0	0	0	0	0	0	0	7015.15	0.0	0.0	0.0	0.006791	0.0	0.0	0.0	0.0	0.999999	0.0	0.0	0.0	1.0e-6	0.0	0.0	0.0	0.0	
778	2598201	834.506064202	5506.398666666675	5949.704222222225	20.075	0.951407	2598193	0	0	0	4	0	0	0	0	0.00029	0.0	0.0	0.0	0.657819	0.0	0.0	0.0	0.0	773.514	0.0	0.0	0.0	39.3692	0.0	0.0	0.0	0.0	0.000298	0.0	0.0	0.0	9.84231	0.0	0.0	0.0	0.0	81	0	0	0	0	0	0	0	0	293941	0	0	0	4	0	0	0	0	1705098	0	0	0	0	0	0	0	0	149906	0	0	0	0	0	0	0	0	48652	0	0	0	0	0	0	0	0	400515	0	0	0	0	0	0	0	0	3272.37	0.0	0.0	0.0	0.006791	0.0	0.0	0.0	0.0	0.999998	0.0	0.0	0.0	2.0e-6	0.0	0.0	0.0	0.0	
779	2601557	835.50618444	5506.398666666675	5845.732000000004	20.0364	0.951316	2601549	0	0	0	4	0	0	0	0	0.000364	0.0	0.0	0.0	0.657819	0.0	0.0	0.0	0.0	774.513	0.0	0.0	0.0	39.3692	0.0	0.0	0.0	0.0	0.000298	0.0	0.0	0.0	9.84231	0.0	0.0	0.0	0.0	81	0	0	0	0	0	0	0	0	294256	0	0	0	4	0	0	0	0	1707168	0	0	0	0	0	0	0	0	150248	0	0	0	0	0	0	0	0	48731	0	0	0	0	0	0	0	0	401065	0	0	0	0	0	0	0	0	4111.7	0.0	0.0	0.0	0.006791	0.0	0.0	0.0	0.0	0.999998	0.0	0.0	0.0	2.0e-6	0.0	0.0	0.0	0.0	
780	2604874	836.512024936	5506.398666666675	5707.982000000003	19.9981	0.951225	2604866	0	0	0	4	0	0	0	0	0.000551	0.0	0.0	0.0	0.657819	0.0	0.0	0.0	0.0	775.517	0.0	0.0	0.0	39.3692	0.0	0.0	0.0	0.0	0.000298	0.0	0.0	0.0	9.84231	0.0	0.0	0.0	0.0	81	0	0	0	0	0	0	0	0	294562	0	0	0	4	0	0	0	0	1709272	0	0	0	0	0	0	0	0	150599	0	0	0	0	0	0	0	0	48826	0	0	0	0	0	0	0	0	401526	0	0	0	0	0	0	0	0	6221.69	0.0	0.0	0.0	0.006791	0.0	0.0	0.0	0.0	0.999999	0.0	0.0	0.0	1.0e-6	0.0	0.0	0.0	0.0	
781	2608156	837.51217971	5506.398666666675	6008.926444444446	19.9592	0.951132	2608148	0	0	0	4	0	0	0	0	0.000524	0.0	0.0	0.0	0.657819	0.0	0.0	0.0	0.0	776.516	0.0	0.0	0.0	39.3692	0.0	0.0	0.0	0.0	0.000298	0.0	0.0	0.0	9.84231	0.0	0.0	0.0	0.0	81	0	0	0	0	0	0	0	0	294871	0	0	0	4	0	0	0	0	1711383	0	0	0	0	0	0	0	0	150968	0	0	0	0	0	0	0	0	48890	0	0	0	0	0	0	0	0	401955	0	0	0	0	0	0	0	0	5916.54	0.0	0.0	0.0	0.006791	0.0	0.0	0.0	0.0	0.999999	0.0	0.0	0.0	1.0e-6	0.0	0.0	0.0	0.0	
782	2611462	838.512308621	5506.398666666675	5645.12088888889	19.9208	0.95104	2611454	0	0	0	4	0	0	0	0	0.000494	0.0	0.0	0.0	0.657819	0.0	0.0	0.0	0.0	777.515	0.0	0.0	0.0	39.3692	0.0	0.0	0.0	0.0	0.000298	0.0	0.0	0.0	9.84231	0.0	0.0	0.0	0.0	81	0	0	0	0	0	0	0	0	295207	0	0	0	4	0	0	0	0	1713494	0	0	0	0	0	0	0	0	151345	0	0	0	0	0	0	0	0	48954	0	0	0	0	0	0	0	0	402373	0	0	0	0	0	0	0	0	5576.62	0.0	0.0	0.0	0.006791	0.0	0.0	0.0	0.0	0.999999	0.0	0.0	0.0	1.0e-6	0.0	0.0	0.0	0.0	
783	2614727	839.512500676	5506.398666666675	5703.287555555559	19.8825	0.950948	2614719	0	0	0	4	0	0	0	0	0.000184	0.0	0.0	0.0	0.657819	0.0	0.0	0.0	0.0	778.503	0.0	0.0	0.0	39.3692	0.0	0.0	0.0	0.0	0.000298	0.0	0.0	0.0	9.84231	0.0	0.0	0.0	0.0	81	0	0	0	0	0	0	0	0	295509	0	0	0	4	0	0	0	0	1715565	0	0	0	0	0	0	0	0	151715	0	0	0	0	0	0	0	0	49030	0	0	0	0	0	0	0	0	402819	0	0	0	0	0	0	0	0	2072.55	0.0	0.0	0.0	0.006791	0.0	0.0	0.0	0.0	0.999997	0.0	0.0	0.0	3.0e-6	0.0	0.0	0.0	0.0	
784	2618011	840.512640773	5403.093111111118	5429.009777777785	19.8443	0.950856	2618003	0	0	0	4	0	0	0	0	0.009974	0.0	0.0	0.0	0.657819	0.0	0.0	0.0	0.0	779.502	0.0	0.0	0.0	39.3692	0.0	0.0	0.0	0.0	0.000298	0.0	0.0	0.0	9.84231	0.0	0.0	0.0	0.0	94	0	0	0	0	0	0	0	0	295797	0	0	0	4	0	0	0	0	1717697	0	0	0	0	0	0	0	0	152083	0	0	0	0	0	0	0	0	49073	0	0	0	0	0	0	0	0	403259	0	0	0	0	0	0	0	0	112508.0	0.0	0.0	0.0	0.006791	0.0	0.0	0.0	0.0	1.0	0.0	0.0	0.0	0.0	0.0	0.0	0.0	0.0	
785	2621298	841.51267926	5403.093111111118	5616.45422222223	19.8062	0.950764	2621290	0	0	0	4	0	0	0	0	0.000337	0.0	0.0	0.0	0.657819	0.0	0.0	0.0	0.0	780.5	0.0	0.0	0.0	39.3692	0.0	0.0	0.0	0.0	0.000298	0.0	0.0	0.0	9.84231	0.0	0.0	0.0	0.0	94	0	0	0	0	0	0	0	0	296101	0	0	0	4	0	0	0	0	1719771	0	0	0	0	0	0	0	0	152436	0	0	0	0	0	0	0	0	49140	0	0	0	0	0	0	0	0	403748	0	0	0	0	0	0	0	0	3797.61	0.0	0.0	0.0	0.006791	0.0	0.0	0.0	0.0	0.999998	0.0	0.0	0.0	2.0e-6	0.0	0.0	0.0	0.0	
786	2624603	842.518518441	5403.093111111118	5811.31533333334	19.7683	0.950672	2624595	0	0	0	4	0	0	0	0	0.00044	0.0	0.0	0.0	0.657819	0.0	0.0	0.0	0.0	781.505	0.0	0.0	0.0	39.3692	0.0	0.0	0.0	0.0	0.000298	0.0	0.0	0.0	9.84231	0.0	0.0	0.0	0.0	94	0	0	0	0	0	0	0	0	296389	0	0	0	4	0	0	0	0	1721904	0	0	0	0	0	0	0	0	152803	0	0	0	0	0	0	0	0	49182	0	0	0	0	0	0	0	0	404223	0	0	0	0	0	0	0	0	4958.33	0.0	0.0	0.0	0.006791	0.0	0.0	0.0	0.0	0.999999	0.0	0.0	0.0	1.0e-6	0.0	0.0	0.0	0.0	
787	2628012	843.51855508	5403.093111111118	5867.370888888894	19.7298	0.950578	2628004	0	0	0	4	0	0	0	0	0.000755	0.0	0.0	0.0	0.657819	0.0	0.0	0.0	0.0	782.503	0.0	0.0	0.0	39.3692	0.0	0.0	0.0	0.0	0.000298	0.0	0.0	0.0	9.84231	0.0	0.0	0.0	0.0	94	0	0	0	0	0	0	0	0	296714	0	0	0	4	0	0	0	0	1724018	0	0	0	0	0	0	0	0	153137	0	0	0	0	0	0	0	0	49253	0	0	0	0	0	0	0	0	404788	0	0	0	0	0	0	0	0	8515.68	0.0	0.0	0.0	0.006791	0.0	0.0	0.0	0.0	0.999999	0.0	0.0	0.0	1.0e-6	0.0	0.0	0.0	0.0	
788	2631450	844.518743998	5403.093111111118	5864.565333333338	19.6919	0.950486	2631442	0	0	0	4	0	0	0	0	0.000456	0.0	0.0	0.0	0.657819	0.0	0.0	0.0	0.0	783.502	0.0	0.0	0.0	39.3692	0.0	0.0	0.0	0.0	0.000298	0.0	0.0	0.0	9.84231	0.0	0.0	0.0	0.0	94	0	0	0	0	0	0	0	0	297051	0	0	0	4	0	0	0	0	1726161	0	0	0	0	0	0	0	0	153515	0	0	0	0	0	0	0	0	49300	0	0	0	0	0	0	0	0	405321	0	0	0	0	0	0	0	0	5147.11	0.0	0.0	0.0	0.006791	0.0	0.0	0.0	0.0	0.999999	0.0	0.0	0.0	1.0e-6	0.0	0.0	0.0	0.0	
789	2634857	845.519024315	5403.093111111118	5847.398666666671	19.6541	0.950393	2634849	0	0	0	4	0	0	0	0	0.000112	0.0	0.0	0.0	0.657819	0.0	0.0	0.0	0.0	784.501	0.0	0.0	0.0	39.3692	0.0	0.0	0.0	0.0	0.000298	0.0	0.0	0.0	9.84231	0.0	0.0	0.0	0.0	94	0	0	0	0	0	0	0	0	297365	0	0	0	4	0	0	0	0	1728306	0	0	0	0	0	0	0	0	153916	0	0	0	0	0	0	0	0	49344	0	0	0	0	0	0	0	0	405824	0	0	0	0	0	0	0	0	1266.25	0.0	0.0	0.0	0.006791	0.0	0.0	0.0	0.0	0.999995	0.0	0.0	0.0	5.0e-6	0.0	0.0	0.0	0.0	
790	2638247	846.519158579	5403.093111111118	5697.232000000004	19.6163	0.950299	2638239	0	0	0	4	0	0	0	0	0.000182	0.0	0.0	0.0	0.657819	0.0	0.0	0.0	0.0	785.499	0.0	0.0	0.0	39.3692	0.0	0.0	0.0	0.0	0.000298	0.0	0.0	0.0	9.84231	0.0	0.0	0.0	0.0	94	0	0	0	0	0	0	0	0	297668	0	0	0	4	0	0	0	0	1730503	0	0	0	0	0	0	0	0	154269	0	0	0	0	0	0	0	0	49400	0	0	0	0	0	0	0	0	406305	0	0	0	0	0	0	0	0	2049.97	0.0	0.0	0.0	0.006791	0.0	0.0	0.0	0.0	0.999997	0.0	0.0	0.0	3.0e-6	0.0	0.0	0.0	0.0	
791	2641590	847.519374375	5403.093111111118	5593.426444444449	19.5786	0.950206	2641582	0	0	0	4	0	0	0	0	0.000577	0.0	0.0	0.0	0.657819	0.0	0.0	0.0	0.0	786.498	0.0	0.0	0.0	39.3692	0.0	0.0	0.0	0.0	0.000298	0.0	0.0	0.0	9.84231	0.0	0.0	0.0	0.0	94	0	0	0	0	0	0	0	0	297966	0	0	0	4	0	0	0	0	1732634	0	0	0	0	0	0	0	0	154647	0	0	0	0	0	0	0	0	49508	0	0	0	0	0	0	0	0	406733	0	0	0	0	0	0	0	0	6512.07	0.0	0.0	0.0	0.006791	0.0	0.0	0.0	0.0	0.999999	0.0	0.0	0.0	1.0e-6	0.0	0.0	0.0	0.0	
792	2644965	848.51951561	5403.093111111118	5666.065333333338	19.5409	0.950113	2644957	0	0	0	4	0	0	0	0	0.000431	0.0	0.0	0.0	0.657819	0.0	0.0	0.0	0.0	787.497	0.0	0.0	0.0	39.3692	0.0	0.0	0.0	0.0	0.000298	0.0	0.0	0.0	9.84231	0.0	0.0	0.0	0.0	94	0	0	0	0	0	0	0	0	298322	0	0	0	4	0	0	0	0	1734777	0	0	0	0	0	0	0	0	154958	0	0	0	0	0	0	0	0	49590	0	0	0	0	0	0	0	0	407216	0	0	0	0	0	0	0	0	4857.18	0.0	0.0	0.0	0.006791	0.0	0.0	0.0	0.0	0.999999	0.0	0.0	0.0	1.0e-6	0.0	0.0	0.0	0.0	
793	2648327	849.519736279	5403.093111111118	5754.287555555561	19.5033	0.950019	2648319	0	0	0	4	0	0	0	0	0.000237	0.0	0.0	0.0	0.657819	0.0	0.0	0.0	0.0	788.496	0.0	0.0	0.0	39.3692	0.0	0.0	0.0	0.0	0.000298	0.0	0.0	0.0	9.84231	0.0	0.0	0.0	0.0	94	0	0	0	0	0	0	0	0	298661	0	0	0	4	0	0	0	0	1736949	0	0	0	0	0	0	0	0	155287	0	0	0	0	0	0	0	0	49663	0	0	0	0	0	0	0	0	407665	0	0	0	0	0	0	0	0	2671.65	0.0	0.0	0.0	0.006791	0.0	0.0	0.0	0.0	0.999997	0.0	0.0	0.0	3.0e-6	0.0	0.0	0.0	0.0	
794	2651676	850.519853089	5403.093111111118	5901.8153333333385	19.4658	0.949925	2651668	0	0	0	4	0	0	0	0	0.000172	0.0	0.0	0.0	0.657819	0.0	0.0	0.0	0.0	789.494	0.0	0.0	0.0	39.3692	0.0	0.0	0.0	0.0	0.000298	0.0	0.0	0.0	9.84231	0.0	0.0	0.0	0.0	94	0	0	0	0	0	0	0	0	298956	0	0	0	4	0	0	0	0	1739075	0	0	0	0	0	0	0	0	155678	0	0	0	0	0	0	0	0	49734	0	0	0	0	0	0	0	0	408131	0	0	0	0	0	0	0	0	1945.48	0.0	0.0	0.0	0.006791	0.0	0.0	0.0	0.0	0.999997	0.0	0.0	0.0	3.0e-6	0.0	0.0	0.0	0.0	
795	2655131	851.52002262	5403.093111111118	5866.1486666666715	19.4284	0.949831	2655123	0	0	0	4	0	0	0	0	0.000874	0.0	0.0	0.0	0.657819	0.0	0.0	0.0	0.0	790.493	0.0	0.0	0.0	39.3692	0.0	0.0	0.0	0.0	0.000298	0.0	0.0	0.0	9.84231	0.0	0.0	0.0	0.0	94	0	0	0	0	0	0	0	0	299271	0	0	0	4	0	0	0	0	1741310	0	0	0	0	0	0	0	0	156016	0	0	0	0	0	0	0	0	49803	0	0	0	0	0	0	0	0	408629	0	0	0	0	0	0	0	0	9861.45	0.0	0.0	0.0	0.006791	0.0	0.0	0.0	0.0	0.999999	0.0	0.0	0.0	1.0e-6	0.0	0.0	0.0	0.0	
796	2658496	852.524488883	5403.093111111118	5862.259777777782	19.3912	0.949737	2658488	0	0	0	4	0	0	0	0	0.000303	0.0	0.0	0.0	0.657819	0.0	0.0	0.0	0.0	791.496	0.0	0.0	0.0	39.3692	0.0	0.0	0.0	0.0	0.000298	0.0	0.0	0.0	9.84231	0.0	0.0	0.0	0.0	94	0	0	0	0	0	0	0	0	299575	0	0	0	4	0	0	0	0	1743480	0	0	0	0	0	0	0	0	156344	0	0	0	0	0	0	0	0	49855	0	0	0	0	0	0	0	0	409140	0	0	0	0	0	0	0	0	3416.0	0.0	0.0	0.0	0.006791	0.0	0.0	0.0	0.0	0.999998	0.0	0.0	0.0	2.0e-6	0.0	0.0	0.0	0.0	
797	2661872	853.524608004	5403.093111111118	5834.315333333338	19.3536	0.949642	2661864	0	0	0	4	0	0	0	0	0.000735	0.0	0.0	0.0	0.657819	0.0	0.0	0.0	0.0	792.495	0.0	0.0	0.0	39.3692	0.0	0.0	0.0	0.0	0.000298	0.0	0.0	0.0	9.84231	0.0	0.0	0.0	0.0	94	0	0	0	0	0	0	0	0	299882	0	0	0	4	0	0	0	0	1745557	0	0	0	0	0	0	0	0	156685	0	0	0	0	0	0	0	0	49908	0	0	0	0	0	0	0	0	409738	0	0	0	0	0	0	0	0	8288.7	0.0	0.0	0.0	0.006791	0.0	0.0	0.0	0.0	0.999999	0.0	0.0	0.0	1.0e-6	0.0	0.0	0.0	0.0	
798	2665247	854.524676076	5403.093111111118	5880.732000000008	19.3164	0.949548	2665239	0	0	0	4	0	0	0	0	0.000232	0.0	0.0	0.0	0.657819	0.0	0.0	0.0	0.0	793.493	0.0	0.0	0.0	39.3692	0.0	0.0	0.0	0.0	0.000298	0.0	0.0	0.0	9.84231	0.0	0.0	0.0	0.0	94	0	0	0	0	0	0	0	0	300190	0	0	0	4	0	0	0	0	1747735	0	0	0	0	0	0	0	0	157016	0	0	0	0	0	0	0	0	49976	0	0	0	0	0	0	0	0	410228	0	0	0	0	0	0	0	0	2615.25	0.0	0.0	0.0	0.006791	0.0	0.0	0.0	0.0	0.999997	0.0	0.0	0.0	3.0e-6	0.0	0.0	0.0	0.0	
799	2668527	855.524842735	5403.093111111118	6080.954222222231	19.2793	0.949453	2668519	0	0	0	4	0	0	0	0	0.000425	0.0	0.0	0.0	0.657819	0.0	0.0	0.0	0.0	794.492	0.0	0.0	0.0	39.3692	0.0	0.0	0.0	0.0	0.000298	0.0	0.0	0.0	9.84231	0.0	0.0	0.0	0.0	94	0	0	0	0	0	0	0	0	300478	0	0	0	4	0	0	0	0	1749911	0	0	0	0	0	0	0	0	157371	0	0	0	0	0	0	0	0	50018	0	0	0	0	0	0	0	0	410647	0	0	0	0	0	0	0	0	4798.5	0.0	0.0	0.0	0.006791	0.0	0.0	0.0	0.0	0.999999	0.0	0.0	0.0	1.0e-6	0.0	0.0	0.0	0.0	
800	2671857	856.525032052	5403.093111111118	5798.454222222226	19.2422	0.949358	2671849	0	0	0	4	0	0	0	0	0.000381	0.0	0.0	0.0	0.657819	0.0	0.0	0.0	0.0	795.491	0.0	0.0	0.0	39.3692	0.0	0.0	0.0	0.0	0.000298	0.0	0.0	0.0	9.84231	0.0	0.0	0.0	0.0	94	0	0	0	0	0	0	0	0	300770	0	0	0	4	0	0	0	0	1751976	0	0	0	0	0	0	0	0	157775	0	0	0	0	0	0	0	0	50084	0	0	0	0	0	0	0	0	411150	0	0	0	0	0	0	0	0	4298.29	0.0	0.0	0.0	0.006791	0.0	0.0	0.0	0.0	0.999998	0.0	0.0	0.0	2.0e-6	0.0	0.0	0.0	0.0	
801	2675182	857.530375497	5403.093111111118	5611.565333333337	19.2054	0.949264	2675174	0	0	0	4	0	0	0	0	0.000267	0.0	0.0	0.0	0.657819	0.0	0.0	0.0	0.0	796.495	0.0	0.0	0.0	39.3692	0.0	0.0	0.0	0.0	0.000298	0.0	0.0	0.0	9.84231	0.0	0.0	0.0	0.0	94	0	0	0	0	0	0	0	0	301074	0	0	0	4	0	0	0	0	1754100	0	0	0	0	0	0	0	0	158155	0	0	0	0	0	0	0	0	50132	0	0	0	0	0	0	0	0	411619	0	0	0	0	0	0	0	0	3011.41	0.0	0.0	0.0	0.006791	0.0	0.0	0.0	0.0	0.999998	0.0	0.0	0.0	2.0e-6	0.0	0.0	0.0	0.0	
802	2678544	858.530497084	5403.093111111118	5633.537555555557	19.1681	0.949167	2678536	0	0	0	4	0	0	0	0	8.4e-5	0.0	0.0	0.0	0.657819	0.0	0.0	0.0	0.0	797.493	0.0	0.0	0.0	39.3692	0.0	0.0	0.0	0.0	0.000298	0.0	0.0	0.0	9.84231	0.0	0.0	0.0	0.0	94	0	0	0	0	0	0	0	0	301377	0	0	0	4	0	0	0	0	1756230	0	0	0	0	0	0	0	0	158516	0	0	0	0	0	0	0	0	50199	0	0	0	0	0	0	0	0	412120	0	0	0	0	0	0	0	0	950.053	0.0	0.0	0.0	0.006791	0.0	0.0	0.0	0.0	0.999993	0.0	0.0	0.0	7.0e-6	0.0	0.0	0.0	0.0	
803	2681933	859.53480916	5403.093111111118	5843.565333333335	19.1314	0.949072	2681925	0	0	0	4	0	0	0	0	0.000581	0.0	0.0	0.0	0.657819	0.0	0.0	0.0	0.0	798.496	0.0	0.0	0.0	39.3692	0.0	0.0	0.0	0.0	0.000298	0.0	0.0	0.0	9.84231	0.0	0.0	0.0	0.0	94	0	0	0	0	0	0	0	0	301681	0	0	0	4	0	0	0	0	1758407	0	0	0	0	0	0	0	0	158863	0	0	0	0	0	0	0	0	50280	0	0	0	0	0	0	0	0	412600	0	0	0	0	0	0	0	0	6550.65	0.0	0.0	0.0	0.006791	0.0	0.0	0.0	0.0	0.999999	0.0	0.0	0.0	1.0e-6	0.0	0.0	0.0	0.0	
804	2685319	860.534859039	5403.093111111118	5718.148666666667	19.0943	0.948976	2685311	0	0	0	4	0	0	0	0	0.000632	0.0	0.0	0.0	0.657819	0.0	0.0	0.0	0.0	799.495	0.0	0.0	0.0	39.3692	0.0	0.0	0.0	0.0	0.000298	0.0	0.0	0.0	9.84231	0.0	0.0	0.0	0.0	94	0	0	0	0	0	0	0	0	301960	0	0	0	4	0	0	0	0	1760498	0	0	0	0	0	0	0	0	159229	0	0	0	0	0	0	0	0	50368	0	0	0	0	0	0	0	0	413162	0	0	0	0	0	0	0	0	7124.62	0.0	0.0	0.0	0.006791	0.0	0.0	0.0	0.0	0.999999	0.0	0.0	0.0	1.0e-6	0.0	0.0	0.0	0.0	
805	2688676	861.539911081	5403.093111111118	5643.926444444444	19.0578	0.948881	2688668	0	0	0	4	0	0	0	0	0.000554	0.0	0.0	0.0	0.657819	0.0	0.0	0.0	0.0	800.498	0.0	0.0	0.0	39.3692	0.0	0.0	0.0	0.0	0.000298	0.0	0.0	0.0	9.84231	0.0	0.0	0.0	0.0	94	0	0	0	0	0	0	0	0	302254	0	0	0	4	0	0	0	0	1762655	0	0	0	0	0	0	0	0	159554	0	0	0	0	0	0	0	0	50429	0	0	0	0	0	0	0	0	413682	0	0	0	0	0	0	0	0	6249.43	0.0	0.0	0.0	0.006791	0.0	0.0	0.0	0.0	0.999999	0.0	0.0	0.0	1.0e-6	0.0	0.0	0.0	0.0	
806	2692102	862.54013922	5403.093111111118	5662.565333333331	19.0208	0.948784	2692094	0	0	0	4	0	0	0	0	0.00056	0.0	0.0	0.0	0.657819	0.0	0.0	0.0	0.0	801.497	0.0	0.0	0.0	39.3692	0.0	0.0	0.0	0.0	0.000298	0.0	0.0	0.0	9.84231	0.0	0.0	0.0	0.0	94	0	0	0	0	0	0	0	0	302551	0	0	0	4	0	0	0	0	1764757	0	0	0	0	0	0	0	0	159924	0	0	0	0	0	0	0	0	50518	0	0	0	0	0	0	0	0	414250	0	0	0	0	0	0	0	0	6316.98	0.0	0.0	0.0	0.006791	0.0	0.0	0.0	0.0	0.999999	0.0	0.0	0.0	1.0e-6	0.0	0.0	0.0	0.0	
807	2695428	863.544131695	5403.093111111118	5728.787555555553	18.9844	0.948688	2695420	0	0	0	4	0	0	0	0	0.000247	0.0	0.0	0.0	0.657819	0.0	0.0	0.0	0.0	802.499	0.0	0.0	0.0	39.3692	0.0	0.0	0.0	0.0	0.000298	0.0	0.0	0.0	9.84231	0.0	0.0	0.0	0.0	94	0	0	0	0	0	0	0	0	302822	0	0	0	4	0	0	0	0	1766781	0	0	0	0	0	0	0	0	160269	0	0	0	0	0	0	0	0	50618	0	0	0	0	0	0	0	0	414836	0	0	0	0	0	0	0	0	2786.23	0.0	0.0	0.0	0.006791	0.0	0.0	0.0	0.0	0.999998	0.0	0.0	0.0	2.0e-6	0.0	0.0	0.0	0.0	
808	2698692	864.544314238	5403.093111111118	5835.731999999998	18.9476	0.948591	2698684	0	0	0	4	0	0	0	0	0.000535	0.0	0.0	0.0	0.657819	0.0	0.0	0.0	0.0	803.498	0.0	0.0	0.0	39.3692	0.0	0.0	0.0	0.0	0.000298	0.0	0.0	0.0	9.84231	0.0	0.0	0.0	0.0	94	0	0	0	0	0	0	0	0	303095	0	0	0	4	0	0	0	0	1768765	0	0	0	0	0	0	0	0	160663	0	0	0	0	0	0	0	0	50694	0	0	0	0	0	0	0	0	415373	0	0	0	0	0	0	0	0	6035.2	0.0	0.0	0.0	0.006791	0.0	0.0	0.0	0.0	0.999999	0.0	0.0	0.0	1.0e-6	0.0	0.0	0.0	0.0	
809	2701999	865.544356001	5403.093111111118	5817.981999999997	18.9112	0.948495	2701991	0	0	0	4	0	0	0	0	0.000496	0.0	0.0	0.0	0.657819	0.0	0.0	0.0	0.0	804.497	0.0	0.0	0.0	39.3692	0.0	0.0	0.0	0.0	0.000298	0.0	0.0	0.0	9.84231	0.0	0.0	0.0	0.0	94	0	0	0	0	0	0	0	0	303366	0	0	0	4	0	0	0	0	1770874	0	0	0	0	0	0	0	0	160994	0	0	0	0	0	0	0	0	50765	0	0	0	0	0	0	0	0	415898	0	0	0	0	0	0	0	0	5595.05	0.0	0.0	0.0	0.006791	0.0	0.0	0.0	0.0	0.999999	0.0	0.0	0.0	1.0e-6	0.0	0.0	0.0	0.0	
810	2705218	866.544530231	5403.093111111118	5858.537555555553	18.8748	0.948398	2705210	0	0	0	4	0	0	0	0	0.000345	0.0	0.0	0.0	0.657819	0.0	0.0	0.0	0.0	805.495	0.0	0.0	0.0	39.3692	0.0	0.0	0.0	0.0	0.000298	0.0	0.0	0.0	9.84231	0.0	0.0	0.0	0.0	94	0	0	0	0	0	0	0	0	303628	0	0	0	4	0	0	0	0	1772934	0	0	0	0	0	0	0	0	161295	0	0	0	0	0	0	0	0	50854	0	0	0	0	0	0	0	0	416405	0	0	0	0	0	0	0	0	3887.67	0.0	0.0	0.0	0.006791	0.0	0.0	0.0	0.0	0.999998	0.0	0.0	0.0	2.0e-6	0.0	0.0	0.0	0.0	
811	2708519	867.544850775	5403.093111111118	5874.537555555552	18.8385	0.948302	2708511	0	0	0	4	0	0	0	0	0.000381	0.0	0.0	0.0	0.657819	0.0	0.0	0.0	0.0	806.494	0.0	0.0	0.0	39.3692	0.0	0.0	0.0	0.0	0.000298	0.0	0.0	0.0	9.84231	0.0	0.0	0.0	0.0	94	0	0	0	0	0	0	0	0	303918	0	0	0	4	0	0	0	0	1775002	0	0	0	0	0	0	0	0	161625	0	0	0	0	0	0	0	0	50911	0	0	0	0	0	0	0	0	416961	0	0	0	0	0	0	0	0	4294.59	0.0	0.0	0.0	0.006791	0.0	0.0	0.0	0.0	0.999998	0.0	0.0	0.0	2.0e-6	0.0	0.0	0.0	0.0	
812	2711741	868.544946188	5403.093111111118	5632.815333333328	18.8023	0.948205	2711733	0	0	0	4	0	0	0	0	0.00037	0.0	0.0	0.0	0.657819	0.0	0.0	0.0	0.0	807.493	0.0	0.0	0.0	39.3692	0.0	0.0	0.0	0.0	0.000298	0.0	0.0	0.0	9.84231	0.0	0.0	0.0	0.0	94	0	0	0	0	0	0	0	0	304207	0	0	0	4	0	0	0	0	1777070	0	0	0	0	0	0	0	0	161950	0	0	0	0	0	0	0	0	50967	0	0	0	0	0	0	0	0	417445	0	0	0	0	0	0	0	0	4176.76	0.0	0.0	0.0	0.006791	0.0	0.0	0.0	0.0	0.999998	0.0	0.0	0.0	2.0e-6	0.0	0.0	0.0	0.0	
813	2715087	869.545061042	5403.093111111118	5651.093111111108	18.7661	0.948107	2715079	0	0	0	4	0	0	0	0	0.000934	0.0	0.0	0.0	0.657819	0.0	0.0	0.0	0.0	808.491	0.0	0.0	0.0	39.3692	0.0	0.0	0.0	0.0	0.000298	0.0	0.0	0.0	9.84231	0.0	0.0	0.0	0.0	94	0	0	0	0	0	0	0	0	304504	0	0	0	4	0	0	0	0	1779135	0	0	0	0	0	0	0	0	162268	0	0	0	0	0	0	0	0	51046	0	0	0	0	0	0	0	0	418032	0	0	0	0	0	0	0	0	10529.6	0.0	0.0	0.0	0.006791	0.0	0.0	0.0	0.0	0.999999	0.0	0.0	0.0	1.0e-6	0.0	0.0	0.0	0.0	
814	2718476	870.545143206	5403.093111111118	5680.81533333333	18.7301	0.94801	2718468	0	0	0	4	0	0	0	0	0.000577	0.0	0.0	0.0	0.657819	0.0	0.0	0.0	0.0	809.49	0.0	0.0	0.0	39.3692	0.0	0.0	0.0	0.0	0.000298	0.0	0.0	0.0	9.84231	0.0	0.0	0.0	0.0	94	0	0	0	0	0	0	0	0	304800	0	0	0	4	0	0	0	0	1781268	0	0	0	0	0	0	0	0	162615	0	0	0	0	0	0	0	0	51129	0	0	0	0	0	0	0	0	418562	0	0	0	0	0	0	0	0	6511.04	0.0	0.0	0.0	0.006791	0.0	0.0	0.0	0.0	0.999999	0.0	0.0	0.0	1.0e-6	0.0	0.0	0.0	0.0	
815	2721848	871.545288293	5403.093111111118	5578.787555555551	18.6941	0.947913	2721840	0	0	0	4	0	0	0	0	0.000392	0.0	0.0	0.0	0.657819	0.0	0.0	0.0	0.0	810.489	0.0	0.0	0.0	39.3692	0.0	0.0	0.0	0.0	0.000298	0.0	0.0	0.0	9.84231	0.0	0.0	0.0	0.0	94	0	0	0	0	0	0	0	0	305090	0	0	0	4	0	0	0	0	1783430	0	0	0	0	0	0	0	0	162933	0	0	0	0	0	0	0	0	51242	0	0	0	0	0	0	0	0	419051	0	0	0	0	0	0	0	0	4418.28	0.0	0.0	0.0	0.006791	0.0	0.0	0.0	0.0	0.999998	0.0	0.0	0.0	2.0e-6	0.0	0.0	0.0	0.0	
816	2725218	872.545703714	5403.093111111118	5688.565333333328	18.6585	0.947816	2725210	0	0	0	4	0	0	0	0	0.000525	0.0	0.0	0.0	0.657819	0.0	0.0	0.0	0.0	811.487	0.0	0.0	0.0	39.3692	0.0	0.0	0.0	0.0	0.000298	0.0	0.0	0.0	9.84231	0.0	0.0	0.0	0.0	94	0	0	0	0	0	0	0	0	305374	0	0	0	4	0	0	0	0	1785482	0	0	0	0	0	0	0	0	163295	0	0	0	0	0	0	0	0	51329	0	0	0	0	0	0	0	0	419636	0	0	0	0	0	0	0	0	5918.15	0.0	0.0	0.0	0.006791	0.0	0.0	0.0	0.0	0.999999	0.0	0.0	0.0	1.0e-6	0.0	0.0	0.0	0.0	
817	2728638	873.54577638	5403.093111111118	5850.176444444442	18.6222	0.947717	2728630	0	0	0	4	0	0	0	0	0.000433	0.0	0.0	0.0	0.657819	0.0	0.0	0.0	0.0	812.486	0.0	0.0	0.0	39.3692	0.0	0.0	0.0	0.0	0.000298	0.0	0.0	0.0	9.84231	0.0	0.0	0.0	0.0	94	0	0	0	0	0	0	0	0	305663	0	0	0	4	0	0	0	0	1787635	0	0	0	0	0	0	0	0	163666	0	0	0	0	0	0	0	0	51409	0	0	0	0	0	0	0	0	420163	0	0	0	0	0	0	0	0	4885.87	0.0	0.0	0.0	0.006791	0.0	0.0	0.0	0.0	0.999999	0.0	0.0	0.0	1.0e-6	0.0	0.0	0.0	0.0	
818	2732000	874.545833938	5403.093111111118	5673.093111111109	18.5864	0.947619	2731992	0	0	0	4	0	0	0	0	0.000442	0.0	0.0	0.0	0.657819	0.0	0.0	0.0	0.0	813.485	0.0	0.0	0.0	39.3692	0.0	0.0	0.0	0.0	0.000298	0.0	0.0	0.0	9.84231	0.0	0.0	0.0	0.0	94	0	0	0	0	0	0	0	0	305924	0	0	0	4	0	0	0	0	1789758	0	0	0	0	0	0	0	0	164049	0	0	0	0	0	0	0	0	51497	0	0	0	0	0	0	0	0	420670	0	0	0	0	0	0	0	0	4990.13	0.0	0.0	0.0	0.006791	0.0	0.0	0.0	0.0	0.999999	0.0	0.0	0.0	1.0e-6	0.0	0.0	0.0	0.0	
819	2735259	875.545915582	5382.81533333333	5550.06533333333	18.5507	0.947521	2735251	0	0	0	4	0	0	0	0	0.000224	0.0	0.0	0.0	0.657819	0.0	0.0	0.0	0.0	814.483	0.0	0.0	0.0	39.3692	0.0	0.0	0.0	0.0	0.000298	0.0	0.0	0.0	9.84231	0.0	0.0	0.0	0.0	96	0	0	0	0	0	0	0	0	306221	0	0	0	4	0	0	0	0	1791854	0	0	0	0	0	0	0	0	164382	0	0	0	0	0	0	0	0	51573	0	0	0	0	0	0	0	0	421125	0	0	0	0	0	0	0	0	2528.85	0.0	0.0	0.0	0.006791	0.0	0.0	0.0	0.0	0.999997	0.0	0.0	0.0	3.0e-6	0.0	0.0	0.0	0.0	
820	2738638	876.546146754	5382.81533333333	5536.9264444444425	18.515	0.947422	2738630	0	0	0	4	0	0	0	0	0.000265	0.0	0.0	0.0	0.657819	0.0	0.0	0.0	0.0	815.482	0.0	0.0	0.0	39.3692	0.0	0.0	0.0	0.0	0.000298	0.0	0.0	0.0	9.84231	0.0	0.0	0.0	0.0	96	0	0	0	0	0	0	0	0	306513	0	0	0	4	0	0	0	0	1793992	0	0	0	0	0	0	0	0	164729	0	0	0	0	0	0	0	0	51659	0	0	0	0	0	0	0	0	421641	0	0	0	0	0	0	0	0	2990.43	0.0	0.0	0.0	0.006791	0.0	0.0	0.0	0.0	0.999998	0.0	0.0	0.0	2.0e-6	0.0	0.0	0.0	0.0	
821	2741970	877.546234798	5382.81533333333	5581.5097777777755	18.4794	0.947324	2741962	0	0	0	4	0	0	0	0	0.000638	0.0	0.0	0.0	0.657819	0.0	0.0	0.0	0.0	816.481	0.0	0.0	0.0	39.3692	0.0	0.0	0.0	0.0	0.000298	0.0	0.0	0.0	9.84231	0.0	0.0	0.0	0.0	96	0	0	0	0	0	0	0	0	306818	0	0	0	4	0	0	0	0	1796103	0	0	0	0	0	0	0	0	165057	0	0	0	0	0	0	0	0	51728	0	0	0	0	0	0	0	0	422160	0	0	0	0	0	0	0	0	7198.39	0.0	0.0	0.0	0.006791	0.0	0.0	0.0	0.0	0.999999	0.0	0.0	0.0	1.0e-6	0.0	0.0	0.0	0.0	
822	2745306	878.546344493	5382.81533333333	5580.20422222222	18.4439	0.947225	2745298	0	0	0	4	0	0	0	0	0.000347	0.0	0.0	0.0	0.657819	0.0	0.0	0.0	0.0	817.479	0.0	0.0	0.0	39.3692	0.0	0.0	0.0	0.0	0.000298	0.0	0.0	0.0	9.84231	0.0	0.0	0.0	0.0	96	0	0	0	0	0	0	0	0	307127	0	0	0	4	0	0	0	0	1798201	0	0	0	0	0	0	0	0	165378	0	0	0	0	0	0	0	0	51820	0	0	0	0	0	0	0	0	422676	0	0	0	0	0	0	0	0	3917.57	0.0	0.0	0.0	0.006791	0.0	0.0	0.0	0.0	0.999998	0.0	0.0	0.0	2.0e-6	0.0	0.0	0.0	0.0	
823	2748639	879.556253701	5382.81533333333	5600.120888888887	18.4085	0.947126	2748631	0	0	0	4	0	0	0	0	0.000352	0.0	0.0	0.0	0.657819	0.0	0.0	0.0	0.0	818.488	0.0	0.0	0.0	39.3692	0.0	0.0	0.0	0.0	0.000298	0.0	0.0	0.0	9.84231	0.0	0.0	0.0	0.0	96	0	0	0	0	0	0	0	0	307399	0	0	0	4	0	0	0	0	1800301	0	0	0	0	0	0	0	0	165722	0	0	0	0	0	0	0	0	51940	0	0	0	0	0	0	0	0	423173	0	0	0	0	0	0	0	0	3964.42	0.0	0.0	0.0	0.006791	0.0	0.0	0.0	0.0	0.999998	0.0	0.0	0.0	2.0e-6	0.0	0.0	0.0	0.0	
824	2751995	880.556328887	5382.81533333333	5792.620888888885	18.3727	0.947026	2751987	0	0	0	4	0	0	0	0	0.000435	0.0	0.0	0.0	0.657819	0.0	0.0	0.0	0.0	819.486	0.0	0.0	0.0	39.3692	0.0	0.0	0.0	0.0	0.000298	0.0	0.0	0.0	9.84231	0.0	0.0	0.0	0.0	96	0	0	0	0	0	0	0	0	307690	0	0	0	4	0	0	0	0	1802421	0	0	0	0	0	0	0	0	166037	0	0	0	0	0	0	0	0	52046	0	0	0	0	0	0	0	0	423697	0	0	0	0	0	0	0	0	4903.91	0.0	0.0	0.0	0.006791	0.0	0.0	0.0	0.0	0.999999	0.0	0.0	0.0	1.0e-6	0.0	0.0	0.0	0.0	
825	2754316	1004.054184008	5382.81533333333	5645.194	18.3481	0.946957	2754307	0	0	0	5	0	0	0	0	0.000609	0.0	0.0	0.0	0.592538	0.0	0.0	0.0	0.0	820.181	0.0	0.0	0.0	162.171	0.0	0.0	0.0	0.0	0.000298	0.0	0.0	0.0	32.4343	0.0	0.0	0.0	0.0	96	0	0	0	0	0	0	0	0	307874	0	0	0	5	0	0	0	0	1803877	0	0	0	0	0	0	0	0	166240	0	0	0	0	0	0	0	0	52103	0	0	0	0	0	0	0	0	424117	0	0	0	0	0	0	0	0	6863.29	0.0	0.0	0.0	0.000563	0.0	0.0	0.0	0.0	1.0	0.0	0.0	0.0	0.0	0.0	0.0	0.0	0.0	
826	2757593	1005.054259471	5382.81533333333	5487.375111111113	14.459	0.933176	2757584	0	0	0	5	0	0	0	0	0.000673	0.0	0.0	0.0	0.592538	0.0	0.0	0.0	0.0	821.18	0.0	0.0	0.0	162.171	0.0	0.0	0.0	0.0	0.000298	0.0	0.0	0.0	32.4343	0.0	0.0	0.0	0.0	96	0	0	0	0	0	0	0	0	308125	0	0	0	5	0	0	0	0	1805838	0	0	0	0	0	0	0	0	166660	0	0	0	0	0	0	0	0	52159	0	0	0	0	0	0	0	0	424706	0	0	0	0	0	0	0	0	7586.09	0.0	0.0	0.0	0.000563	0.0	0.0	0.0	0.0	1.0	0.0	0.0	0.0	0.0	0.0	0.0	0.0	0.0	
827	2761070	1006.054325477	5382.81533333333	5549.764000000002	14.4312	0.933052	2761061	0	0	0	5	0	0	0	0	0.000796	0.0	0.0	0.0	0.592538	0.0	0.0	0.0	0.0	822.178	0.0	0.0	0.0	162.171	0.0	0.0	0.0	0.0	0.000298	0.0	0.0	0.0	32.4343	0.0	0.0	0.0	0.0	96	0	0	0	0	0	0	0	0	308397	0	0	0	5	0	0	0	0	1807936	0	0	0	0	0	0	0	0	167063	0	0	0	0	0	0	0	0	52225	0	0	0	0	0	0	0	0	425344	0	0	0	0	0	0	0	0	8974.42	0.0	0.0	0.0	0.000563	0.0	0.0	0.0	0.0	1.0	0.0	0.0	0.0	0.0	0.0	0.0	0.0	0.0	
828	2764526	1007.054345036	5382.81533333333	5582.597333333335	14.4035	0.932928	2764517	0	0	0	5	0	0	0	0	0.000573	0.0	0.0	0.0	0.592538	0.0	0.0	0.0	0.0	823.176	0.0	0.0	0.0	162.171	0.0	0.0	0.0	0.0	0.000298	0.0	0.0	0.0	32.4343	0.0	0.0	0.0	0.0	96	0	0	0	0	0	0	0	0	308656	0	0	0	5	0	0	0	0	1810026	0	0	0	0	0	0	0	0	167501	0	0	0	0	0	0	0	0	52322	0	0	0	0	0	0	0	0	425916	0	0	0	0	0	0	0	0	6457.35	0.0	0.0	0.0	0.000563	0.0	0.0	0.0	0.0	1.0	0.0	0.0	0.0	0.0	0.0	0.0	0.0	0.0	
829	2767953	1008.054521543	5382.81533333333	5505.319555555557	14.3758	0.932803	2767944	0	0	0	5	0	0	0	0	0.00036	0.0	0.0	0.0	0.592538	0.0	0.0	0.0	0.0	824.175	0.0	0.0	0.0	162.171	0.0	0.0	0.0	0.0	0.000298	0.0	0.0	0.0	32.4343	0.0	0.0	0.0	0.0	96	0	0	0	0	0	0	0	0	308938	0	0	0	5	0	0	0	0	1812144	0	0	0	0	0	0	0	0	167897	0	0	0	0	0	0	0	0	52414	0	0	0	0	0	0	0	0	426455	0	0	0	0	0	0	0	0	4056.99	0.0	0.0	0.0	0.000563	0.0	0.0	0.0	0.0	1.0	0.0	0.0	0.0	0.0	0.0	0.0	0.0	0.0	
830	2771386	1009.054673829	5382.81533333333	5707.264000000003	14.3481	0.932678	2771377	0	0	0	5	0	0	0	0	0.000514	0.0	0.0	0.0	0.592538	0.0	0.0	0.0	0.0	825.174	0.0	0.0	0.0	162.171	0.0	0.0	0.0	0.0	0.000298	0.0	0.0	0.0	32.4343	0.0	0.0	0.0	0.0	96	0	0	0	0	0	0	0	0	309227	0	0	0	5	0	0	0	0	1814217	0	0	0	0	0	0	0	0	168339	0	0	0	0	0	0	0	0	52498	0	0	0	0	0	0	0	0	427000	0	0	0	0	0	0	0	0	5803.09	0.0	0.0	0.0	0.000563	0.0	0.0	0.0	0.0	1.0	0.0	0.0	0.0	0.0	0.0	0.0	0.0	0.0	
831	2774758	1010.056367487	5382.81533333333	5647.514000000004	14.3208	0.932554	2774749	0	0	0	5	0	0	0	0	0.000366	0.0	0.0	0.0	0.592538	0.0	0.0	0.0	0.0	826.174	0.0	0.0	0.0	162.171	0.0	0.0	0.0	0.0	0.000298	0.0	0.0	0.0	32.4343	0.0	0.0	0.0	0.0	96	0	0	0	0	0	0	0	0	309477	0	0	0	5	0	0	0	0	1816324	0	0	0	0	0	0	0	0	168801	0	0	0	0	0	0	0	0	52571	0	0	0	0	0	0	0	0	427480	0	0	0	0	0	0	0	0	4128.71	0.0	0.0	0.0	0.000563	0.0	0.0	0.0	0.0	1.0	0.0	0.0	0.0	0.0	0.0	0.0	0.0	0.0	
832	2778217	1011.061478032	5382.81533333333	5663.5695555555585	14.2931	0.932428	2778208	0	0	0	5	0	0	0	0	0.000387	0.0	0.0	0.0	0.592538	0.0	0.0	0.0	0.0	827.178	0.0	0.0	0.0	162.171	0.0	0.0	0.0	0.0	0.000298	0.0	0.0	0.0	32.4343	0.0	0.0	0.0	0.0	96	0	0	0	0	0	0	0	0	309794	0	0	0	5	0	0	0	0	1818476	0	0	0	0	0	0	0	0	169179	0	0	0	0	0	0	0	0	52684	0	0	0	0	0	0	0	0	427979	0	0	0	0	0	0	0	0	4360.86	0.0	0.0	0.0	0.000563	0.0	0.0	0.0	0.0	1.0	0.0	0.0	0.0	0.0	0.0	0.0	0.0	0.0	
833	2781619	1012.06168093	5382.81533333333	5588.208444444451	14.2654	0.932301	2781610	0	0	0	5	0	0	0	0	0.000681	0.0	0.0	0.0	0.592538	0.0	0.0	0.0	0.0	828.176	0.0	0.0	0.0	162.171	0.0	0.0	0.0	0.0	0.000298	0.0	0.0	0.0	32.4343	0.0	0.0	0.0	0.0	96	0	0	0	0	0	0	0	0	310100	0	0	0	5	0	0	0	0	1820602	0	0	0	0	0	0	0	0	169539	0	0	0	0	0	0	0	0	52750	0	0	0	0	0	0	0	0	428523	0	0	0	0	0	0	0	0	7679.87	0.0	0.0	0.0	0.000563	0.0	0.0	0.0	0.0	1.0	0.0	0.0	0.0	0.0	0.0	0.0	0.0	0.0	
834	2785049	1013.061733143	5382.81533333333	5611.569555555559	14.2379	0.932175	2785040	0	0	0	5	0	0	0	0	0.000171	0.0	0.0	0.0	0.592538	0.0	0.0	0.0	0.0	829.175	0.0	0.0	0.0	162.171	0.0	0.0	0.0	0.0	0.000298	0.0	0.0	0.0	32.4343	0.0	0.0	0.0	0.0	96	0	0	0	0	0	0	0	0	310367	0	0	0	5	0	0	0	0	1822760	0	0	0	0	0	0	0	0	169905	0	0	0	0	0	0	0	0	52855	0	0	0	0	0	0	0	0	429057	0	0	0	0	0	0	0	0	1933.8	0.0	0.0	0.0	0.000563	0.0	0.0	0.0	0.0	1.0	0.0	0.0	0.0	0.0	0.0	0.0	0.0	0.0	
835	2788461	1014.061763832	5382.81533333333	5547.569555555561	14.2106	0.932049	2788452	0	0	0	5	0	0	0	0	0.000273	0.0	0.0	0.0	0.592538	0.0	0.0	0.0	0.0	830.174	0.0	0.0	0.0	162.171	0.0	0.0	0.0	0.0	0.000298	0.0	0.0	0.0	32.4343	0.0	0.0	0.0	0.0	96	0	0	0	0	0	0	0	0	310647	0	0	0	5	0	0	0	0	1824830	0	0	0	0	0	0	0	0	170338	0	0	0	0	0	0	0	0	52974	0	0	0	0	0	0	0	0	429567	0	0	0	0	0	0	0	0	3080.14	0.0	0.0	0.0	0.000563	0.0	0.0	0.0	0.0	1.0	0.0	0.0	0.0	0.0	0.0	0.0	0.0	0.0	
836	2791811	1015.061990836	5357.569555555562	5500.375111111118	14.1832	0.931922	2791802	0	0	0	5	0	0	0	0	0.000349	0.0	0.0	0.0	0.592538	0.0	0.0	0.0	0.0	831.172	0.0	0.0	0.0	162.171	0.0	0.0	0.0	0.0	0.000298	0.0	0.0	0.0	32.4343	0.0	0.0	0.0	0.0	104	0	0	0	0	0	0	0	0	310902	0	0	0	5	0	0	0	0	1826847	0	0	0	0	0	0	0	0	170759	0	0	0	0	0	0	0	0	53083	0	0	0	0	0	0	0	0	430107	0	0	0	0	0	0	0	0	3939.06	0.0	0.0	0.0	0.000563	0.0	0.0	0.0	0.0	1.0	0.0	0.0	0.0	0.0	0.0	0.0	0.0	0.0	
837	2795181	1016.062100015	5357.569555555562	5520.958444444449	14.156	0.931796	2795172	0	0	0	5	0	0	0	0	0.000644	0.0	0.0	0.0	0.592538	0.0	0.0	0.0	0.0	832.171	0.0	0.0	0.0	162.171	0.0	0.0	0.0	0.0	0.000298	0.0	0.0	0.0	32.4343	0.0	0.0	0.0	0.0	104	0	0	0	0	0	0	0	0	311173	0	0	0	5	0	0	0	0	1828941	0	0	0	0	0	0	0	0	171183	0	0	0	0	0	0	0	0	53155	0	0	0	0	0	0	0	0	430616	0	0	0	0	0	0	0	0	7262.49	0.0	0.0	0.0	0.000563	0.0	0.0	0.0	0.0	1.0	0.0	0.0	0.0	0.0	0.0	0.0	0.0	0.0	
838	2798587	1017.062285608	5357.569555555562	5619.375111111116	14.1288	0.931669	2798578	0	0	0	5	0	0	0	0	0.000578	0.0	0.0	0.0	0.592538	0.0	0.0	0.0	0.0	833.17	0.0	0.0	0.0	162.171	0.0	0.0	0.0	0.0	0.000298	0.0	0.0	0.0	32.4343	0.0	0.0	0.0	0.0	104	0	0	0	0	0	0	0	0	311458	0	0	0	5	0	0	0	0	1831044	0	0	0	0	0	0	0	0	171596	0	0	0	0	0	0	0	0	53235	0	0	0	0	0	0	0	0	431141	0	0	0	0	0	0	0	0	6518.44	0.0	0.0	0.0	0.000563	0.0	0.0	0.0	0.0	1.0	0.0	0.0	0.0	0.0	0.0	0.0	0.0	0.0	
839	2802003	1018.062621605	5357.569555555562	5632.347333333339	14.1016	0.931542	2801994	0	0	0	5	0	0	0	0	0.000941	0.0	0.0	0.0	0.592538	0.0	0.0	0.0	0.0	834.168	0.0	0.0	0.0	162.171	0.0	0.0	0.0	0.0	0.000298	0.0	0.0	0.0	32.4343	0.0	0.0	0.0	0.0	104	0	0	0	0	0	0	0	0	311778	0	0	0	5	0	0	0	0	1833265	0	0	0	0	0	0	0	0	171953	0	0	0	0	0	0	0	0	53331	0	0	0	0	0	0	0	0	431563	0	0	0	0	0	0	0	0	10622.8	0.0	0.0	0.0	0.000563	0.0	0.0	0.0	0.0	1.0	0.0	0.0	0.0	0.0	0.0	0.0	0.0	0.0	
840	2805349	1019.062825148	5348.375111111116	5452.1806666666735	14.0745	0.931415	2805340	0	0	0	5	0	0	0	0	0.000518	0.0	0.0	0.0	0.592538	0.0	0.0	0.0	0.0	835.167	0.0	0.0	0.0	162.171	0.0	0.0	0.0	0.0	0.000298	0.0	0.0	0.0	32.4343	0.0	0.0	0.0	0.0	106	0	0	0	0	0	0	0	0	312062	0	0	0	5	0	0	0	0	1835363	0	0	0	0	0	0	0	0	172415	0	0	0	0	0	0	0	0	53391	0	0	0	0	0	0	0	0	432003	0	0	0	0	0	0	0	0	5848.2	0.0	0.0	0.0	0.000563	0.0	0.0	0.0	0.0	1.0	0.0	0.0	0.0	0.0	0.0	0.0	0.0	0.0	
841	2808565	1020.063001891	5348.375111111116	5507.902888888894	14.0474	0.931287	2808556	0	0	0	5	0	0	0	0	0.00035	0.0	0.0	0.0	0.592538	0.0	0.0	0.0	0.0	836.166	0.0	0.0	0.0	162.171	0.0	0.0	0.0	0.0	0.000298	0.0	0.0	0.0	32.4343	0.0	0.0	0.0	0.0	106	0	0	0	0	0	0	0	0	312353	0	0	0	5	0	0	0	0	1837388	0	0	0	0	0	0	0	0	172825	0	0	0	0	0	0	0	0	53453	0	0	0	0	0	0	0	0	432431	0	0	0	0	0	0	0	0	3950.74	0.0	0.0	0.0	0.000563	0.0	0.0	0.0	0.0	1.0	0.0	0.0	0.0	0.0	0.0	0.0	0.0	0.0	
842	2811865	1021.063217055	5225.041777777784	5349.5973333333395	14.0204	0.93116	2811856	0	0	0	5	0	0	0	0	7.4e-5	0.0	0.0	0.0	0.592538	0.0	0.0	0.0	0.0	837.165	0.0	0.0	0.0	162.171	0.0	0.0	0.0	0.0	0.000298	0.0	0.0	0.0	32.4343	0.0	0.0	0.0	0.0	130	0	0	0	0	0	0	0	0	312591	0	0	0	5	0	0	0	0	1839518	0	0	0	0	0	0	0	0	173275	0	0	0	0	0	0	0	0	53536	0	0	0	0	0	0	0	0	432806	0	0	0	0	0	0	0	0	833.1	0.0	0.0	0.0	0.000563	0.0	0.0	0.0	0.0	0.999999	0.0	0.0	0.0	1.0e-6	0.0	0.0	0.0	0.0	
843	2815176	1022.063289579	5225.041777777784	5357.45844444445	13.9935	0.931032	2815167	0	0	0	5	0	0	0	0	0.000243	0.0	0.0	0.0	0.592538	0.0	0.0	0.0	0.0	838.163	0.0	0.0	0.0	162.171	0.0	0.0	0.0	0.0	0.000298	0.0	0.0	0.0	32.4343	0.0	0.0	0.0	0.0	130	0	0	0	0	0	0	0	0	312859	0	0	0	5	0	0	0	0	1841634	0	0	0	0	0	0	0	0	173715	0	0	0	0	0	0	0	0	53636	0	0	0	0	0	0	0	0	433193	0	0	0	0	0	0	0	0	2736.14	0.0	0.0	0.0	0.000563	0.0	0.0	0.0	0.0	1.0	0.0	0.0	0.0	0.0	0.0	0.0	0.0	0.0	
844	2818577	1023.063474283	5160.652888888895	5291.569555555562	13.9666	0.930904	2818568	0	0	0	5	0	0	0	0	0.000253	0.0	0.0	0.0	0.592538	0.0	0.0	0.0	0.0	839.162	0.0	0.0	0.0	162.171	0.0	0.0	0.0	0.0	0.000298	0.0	0.0	0.0	32.4343	0.0	0.0	0.0	0.0	151	0	0	0	0	0	0	0	0	313100	0	0	0	5	0	0	0	0	1843819	0	0	0	0	0	0	0	0	174144	0	0	0	0	0	0	0	0	53726	0	0	0	0	0	0	0	0	433628	0	0	0	0	0	0	0	0	2858.72	0.0	0.0	0.0	0.000563	0.0	0.0	0.0	0.0	1.0	0.0	0.0	0.0	0.0	0.0	0.0	0.0	0.0	
845	2821929	1024.063771418	5160.652888888895	5350.569555555562	13.9397	0.930775	2821920	0	0	0	5	0	0	0	0	0.0004	0.0	0.0	0.0	0.592538	0.0	0.0	0.0	0.0	840.161	0.0	0.0	0.0	162.171	0.0	0.0	0.0	0.0	0.000298	0.0	0.0	0.0	32.4343	0.0	0.0	0.0	0.0	151	0	0	0	0	0	0	0	0	313334	0	0	0	5	0	0	0	0	1846033	0	0	0	0	0	0	0	0	174589	0	0	0	0	0	0	0	0	53791	0	0	0	0	0	0	0	0	434022	0	0	0	0	0	0	0	0	4506.97	0.0	0.0	0.0	0.000563	0.0	0.0	0.0	0.0	1.0	0.0	0.0	0.0	0.0	0.0	0.0	0.0	0.0	
846	2825268	1025.069927488	5160.652888888895	5477.2640000000065	13.913	0.930647	2825259	0	0	0	5	0	0	0	0	0.000363	0.0	0.0	0.0	0.592538	0.0	0.0	0.0	0.0	841.165	0.0	0.0	0.0	162.171	0.0	0.0	0.0	0.0	0.000298	0.0	0.0	0.0	32.4343	0.0	0.0	0.0	0.0	151	0	0	0	0	0	0	0	0	313601	0	0	0	5	0	0	0	0	1848228	0	0	0	0	0	0	0	0	174999	0	0	0	0	0	0	0	0	53876	0	0	0	0	0	0	0	0	434404	0	0	0	0	0	0	0	0	4091.95	0.0	0.0	0.0	0.000563	0.0	0.0	0.0	0.0	1.0	0.0	0.0	0.0	0.0	0.0	0.0	0.0	0.0	
847	2828695	1026.078846081	5160.652888888895	5591.31955555556	13.886	0.930517	2828686	0	0	0	5	0	0	0	0	0.000169	0.0	0.0	0.0	0.592538	0.0	0.0	0.0	0.0	842.173	0.0	0.0	0.0	162.171	0.0	0.0	0.0	0.0	0.000298	0.0	0.0	0.0	32.4343	0.0	0.0	0.0	0.0	151	0	0	0	0	0	0	0	0	313884	0	0	0	5	0	0	0	0	1850422	0	0	0	0	0	0	0	0	175443	0	0	0	0	0	0	0	0	53945	0	0	0	0	0	0	0	0	434841	0	0	0	0	0	0	0	0	1911.8	0.0	0.0	0.0	0.000563	0.0	0.0	0.0	0.0	1.0	0.0	0.0	0.0	0.0	0.0	0.0	0.0	0.0	
848	2832000	1027.078987329	5160.652888888895	5561.375111111117	13.8591	0.930387	2831991	0	0	0	5	0	0	0	0	0.000307	0.0	0.0	0.0	0.592538	0.0	0.0	0.0	0.0	843.172	0.0	0.0	0.0	162.171	0.0	0.0	0.0	0.0	0.000298	0.0	0.0	0.0	32.4343	0.0	0.0	0.0	0.0	151	0	0	0	0	0	0	0	0	314171	0	0	0	5	0	0	0	0	1852621	0	0	0	0	0	0	0	0	175837	0	0	0	0	0	0	0	0	54022	0	0	0	0	0	0	0	0	435189	0	0	0	0	0	0	0	0	3462.39	0.0	0.0	0.0	0.000563	0.0	0.0	0.0	0.0	1.0	0.0	0.0	0.0	0.0	0.0	0.0	0.0	0.0	
849	2835274	1028.079028886	5160.652888888895	5507.875111111118	13.8324	0.930257	2835265	0	0	0	5	0	0	0	0	0.000742	0.0	0.0	0.0	0.592538	0.0	0.0	0.0	0.0	844.17	0.0	0.0	0.0	162.171	0.0	0.0	0.0	0.0	0.000298	0.0	0.0	0.0	32.4343	0.0	0.0	0.0	0.0	151	0	0	0	0	0	0	0	0	314437	0	0	0	5	0	0	0	0	1854700	0	0	0	0	0	0	0	0	176256	0	0	0	0	0	0	0	0	54121	0	0	0	0	0	0	0	0	435600	0	0	0	0	0	0	0	0	8367.99	0.0	0.0	0.0	0.000563	0.0	0.0	0.0	0.0	1.0	0.0	0.0	0.0	0.0	0.0	0.0	0.0	0.0	
850	2838643	1029.079338686	5160.652888888895	5470.402888888895	13.8058	0.930128	2838634	0	0	0	5	0	0	0	0	0.000854	0.0	0.0	0.0	0.592538	0.0	0.0	0.0	0.0	845.169	0.0	0.0	0.0	162.171	0.0	0.0	0.0	0.0	0.000298	0.0	0.0	0.0	32.4343	0.0	0.0	0.0	0.0	151	0	0	0	0	0	0	0	0	314696	0	0	0	5	0	0	0	0	1856742	0	0	0	0	0	0	0	0	176681	0	0	0	0	0	0	0	0	54216	0	0	0	0	0	0	0	0	436148	0	0	0	0	0	0	0	0	9636.05	0.0	0.0	0.0	0.000563	0.0	0.0	0.0	0.0	1.0	0.0	0.0	0.0	0.0	0.0	0.0	0.0	0.0	
851	2842081	1030.090248968	5160.652888888895	5741.041777777785	13.7793	0.929998	2842072	0	0	0	5	0	0	0	0	0.000725	0.0	0.0	0.0	0.592538	0.0	0.0	0.0	0.0	846.178	0.0	0.0	0.0	162.171	0.0	0.0	0.0	0.0	0.000298	0.0	0.0	0.0	32.4343	0.0	0.0	0.0	0.0	151	0	0	0	0	0	0	0	0	314985	0	0	0	5	0	0	0	0	1858889	0	0	0	0	0	0	0	0	177072	0	0	0	0	0	0	0	0	54301	0	0	0	0	0	0	0	0	436674	0	0	0	0	0	0	0	0	8177.75	0.0	0.0	0.0	0.000563	0.0	0.0	0.0	0.0	1.0	0.0	0.0	0.0	0.0	0.0	0.0	0.0	0.0	
852	2845528	1031.090631975	5160.652888888895	5642.0140000000065	13.7525	0.929867	2845519	0	0	0	5	0	0	0	0	0.000707	0.0	0.0	0.0	0.592538	0.0	0.0	0.0	0.0	847.177	0.0	0.0	0.0	162.171	0.0	0.0	0.0	0.0	0.000298	0.0	0.0	0.0	32.4343	0.0	0.0	0.0	0.0	151	0	0	0	0	0	0	0	0	315272	0	0	0	5	0	0	0	0	1861090	0	0	0	0	0	0	0	0	177451	0	0	0	0	0	0	0	0	54394	0	0	0	0	0	0	0	0	437161	0	0	0	0	0	0	0	0	7972.14	0.0	0.0	0.0	0.000563	0.0	0.0	0.0	0.0	1.0	0.0	0.0	0.0	0.0	0.0	0.0	0.0	0.0	
853	2848995	1032.09072901	5160.652888888895	5489.736222222227	13.7261	0.929736	2848986	0	0	0	5	0	0	0	0	0.000468	0.0	0.0	0.0	0.592538	0.0	0.0	0.0	0.0	848.176	0.0	0.0	0.0	162.171	0.0	0.0	0.0	0.0	0.000298	0.0	0.0	0.0	32.4343	0.0	0.0	0.0	0.0	151	0	0	0	0	0	0	0	0	315584	0	0	0	5	0	0	0	0	1863197	0	0	0	0	0	0	0	0	177849	0	0	0	0	0	0	0	0	54473	0	0	0	0	0	0	0	0	437732	0	0	0	0	0	0	0	0	5279.0	0.0	0.0	0.0	0.000563	0.0	0.0	0.0	0.0	1.0	0.0	0.0	0.0	0.0	0.0	0.0	0.0	0.0	
854	2852429	1033.090811645	5160.652888888895	5468.236222222227	13.6997	0.929606	2852420	0	0	0	5	0	0	0	0	3.0e-5	0.0	0.0	0.0	0.592538	0.0	0.0	0.0	0.0	849.175	0.0	0.0	0.0	162.171	0.0	0.0	0.0	0.0	0.000298	0.0	0.0	0.0	32.4343	0.0	0.0	0.0	0.0	151	0	0	0	0	0	0	0	0	315859	0	0	0	5	0	0	0	0	1865345	0	0	0	0	0	0	0	0	178243	0	0	0	0	0	0	0	0	54568	0	0	0	0	0	0	0	0	438254	0	0	0	0	0	0	0	0	335.963	0.0	0.0	0.0	0.000563	0.0	0.0	0.0	0.0	0.999998	0.0	0.0	0.0	2.0e-6	0.0	0.0	0.0	0.0	
855	2855871	1034.090968912	5160.652888888895	5447.986222222228	13.6733	0.929475	2855862	0	0	0	5	0	0	0	0	0.000102	0.0	0.0	0.0	0.592538	0.0	0.0	0.0	0.0	850.173	0.0	0.0	0.0	162.171	0.0	0.0	0.0	0.0	0.000298	0.0	0.0	0.0	32.4343	0.0	0.0	0.0	0.0	151	0	0	0	0	0	0	0	0	316148	0	0	0	5	0	0	0	0	1867492	0	0	0	0	0	0	0	0	178642	0	0	0	0	0	0	0	0	54656	0	0	0	0	0	0	0	0	438773	0	0	0	0	0	0	0	0	1148.52	0.0	0.0	0.0	0.000563	0.0	0.0	0.0	0.0	1.0	0.0	0.0	0.0	0.0	0.0	0.0	0.0	0.0	
856	2859211	1035.091251558	5160.652888888895	5423.902888888894	13.647	0.929344	2859202	0	0	0	5	0	0	0	0	0.000293	0.0	0.0	0.0	0.592538	0.0	0.0	0.0	0.0	851.172	0.0	0.0	0.0	162.171	0.0	0.0	0.0	0.0	0.000298	0.0	0.0	0.0	32.4343	0.0	0.0	0.0	0.0	151	0	0	0	0	0	0	0	0	316443	0	0	0	5	0	0	0	0	1869526	0	0	0	0	0	0	0	0	179116	0	0	0	0	0	0	0	0	54702	0	0	0	0	0	0	0	0	439264	0	0	0	0	0	0	0	0	3309.33	0.0	0.0	0.0	0.000563	0.0	0.0	0.0	0.0	1.0	0.0	0.0	0.0	0.0	0.0	0.0	0.0	0.0	
857	2862462	1036.091641817	5160.652888888895	5532.847333333339	13.6208	0.929213	2862453	0	0	0	5	0	0	0	0	0.000518	0.0	0.0	0.0	0.592538	0.0	0.0	0.0	0.0	852.171	0.0	0.0	0.0	162.171	0.0	0.0	0.0	0.0	0.000298	0.0	0.0	0.0	32.4343	0.0	0.0	0.0	0.0	151	0	0	0	0	0	0	0	0	316711	0	0	0	5	0	0	0	0	1871550	0	0	0	0	0	0	0	0	179514	0	0	0	0	0	0	0	0	54791	0	0	0	0	0	0	0	0	439736	0	0	0	0	0	0	0	0	5845.02	0.0	0.0	0.0	0.000563	0.0	0.0	0.0	0.0	1.0	0.0	0.0	0.0	0.0	0.0	0.0	0.0	0.0	
858	2865749	1037.091810093	5160.652888888895	5481.625111111116	13.5946	0.929082	2865740	0	0	0	5	0	0	0	0	0.000613	0.0	0.0	0.0	0.592538	0.0	0.0	0.0	0.0	853.17	0.0	0.0	0.0	162.171	0.0	0.0	0.0	0.0	0.000298	0.0	0.0	0.0	32.4343	0.0	0.0	0.0	0.0	151	0	0	0	0	0	0	0	0	316977	0	0	0	5	0	0	0	0	1873677	0	0	0	0	0	0	0	0	179867	0	0	0	0	0	0	0	0	54877	0	0	0	0	0	0	0	0	440191	0	0	0	0	0	0	0	0	6918.14	0.0	0.0	0.0	0.000563	0.0	0.0	0.0	0.0	1.0	0.0	0.0	0.0	0.0	0.0	0.0	0.0	0.0	
859	2869074	1038.091972198	5160.652888888895	5480.264000000006	13.5685	0.92895	2869065	0	0	0	5	0	0	0	0	0.000208	0.0	0.0	0.0	0.592538	0.0	0.0	0.0	0.0	854.168	0.0	0.0	0.0	162.171	0.0	0.0	0.0	0.0	0.000298	0.0	0.0	0.0	32.4343	0.0	0.0	0.0	0.0	151	0	0	0	0	0	0	0	0	317240	0	0	0	5	0	0	0	0	1875777	0	0	0	0	0	0	0	0	180289	0	0	0	0	0	0	0	0	54961	0	0	0	0	0	0	0	0	440647	0	0	0	0	0	0	0	0	2345.13	0.0	0.0	0.0	0.000563	0.0	0.0	0.0	0.0	1.0	0.0	0.0	0.0	0.0	0.0	0.0	0.0	0.0	
860	2872500	1039.092076602	5160.652888888895	5379.70844444445	13.5424	0.928818	2872491	0	0	0	5	0	0	0	0	0.000595	0.0	0.0	0.0	0.592538	0.0	0.0	0.0	0.0	855.167	0.0	0.0	0.0	162.171	0.0	0.0	0.0	0.0	0.000298	0.0	0.0	0.0	32.4343	0.0	0.0	0.0	0.0	151	0	0	0	0	0	0	0	0	317552	0	0	0	5	0	0	0	0	1877940	0	0	0	0	0	0	0	0	180722	0	0	0	0	0	0	0	0	55021	0	0	0	0	0	0	0	0	441105	0	0	0	0	0	0	0	0	6715.3	0.0	0.0	0.0	0.000563	0.0	0.0	0.0	0.0	1.0	0.0	0.0	0.0	0.0	0.0	0.0	0.0	0.0	
861	2875877	1040.092177121	5160.652888888895	5327.486222222228	13.5164	0.928686	2875868	0	0	0	5	0	0	0	0	0.000584	0.0	0.0	0.0	0.592538	0.0	0.0	0.0	0.0	856.165	0.0	0.0	0.0	162.171	0.0	0.0	0.0	0.0	0.000298	0.0	0.0	0.0	32.4343	0.0	0.0	0.0	0.0	151	0	0	0	0	0	0	0	0	317792	0	0	0	5	0	0	0	0	1880058	0	0	0	0	0	0	0	0	181173	0	0	0	0	0	0	0	0	55074	0	0	0	0	0	0	0	0	441620	0	0	0	0	0	0	0	0	6585.27	0.0	0.0	0.0	0.000563	0.0	0.0	0.0	0.0	1.0	0.0	0.0	0.0	0.0	0.0	0.0	0.0	0.0	
862	2879273	1041.092254472	5160.652888888895	5438.486222222227	13.4904	0.928554	2879264	0	0	0	5	0	0	0	0	0.0004	0.0	0.0	0.0	0.592538	0.0	0.0	0.0	0.0	857.164	0.0	0.0	0.0	162.171	0.0	0.0	0.0	0.0	0.000298	0.0	0.0	0.0	32.4343	0.0	0.0	0.0	0.0	151	0	0	0	0	0	0	0	0	318038	0	0	0	5	0	0	0	0	1882175	0	0	0	0	0	0	0	0	181621	0	0	0	0	0	0	0	0	55134	0	0	0	0	0	0	0	0	442145	0	0	0	0	0	0	0	0	4508.18	0.0	0.0	0.0	0.000563	0.0	0.0	0.0	0.0	1.0	0.0	0.0	0.0	0.0	0.0	0.0	0.0	0.0	
863	2882699	1042.092382413	5160.652888888895	5547.625111111118	13.4644	0.928421	2882690	0	0	0	5	0	0	0	0	0.000728	0.0	0.0	0.0	0.592538	0.0	0.0	0.0	0.0	858.163	0.0	0.0	0.0	162.171	0.0	0.0	0.0	0.0	0.000298	0.0	0.0	0.0	32.4343	0.0	0.0	0.0	0.0	151	0	0	0	0	0	0	0	0	318311	0	0	0	5	0	0	0	0	1884291	0	0	0	0	0	0	0	0	182094	0	0	0	0	0	0	0	0	55197	0	0	0	0	0	0	0	0	442646	0	0	0	0	0	0	0	0	8211.84	0.0	0.0	0.0	0.000563	0.0	0.0	0.0	0.0	1.0	0.0	0.0	0.0	0.0	0.0	0.0	0.0	0.0	
864	2886081	1043.092559234	5160.652888888895	5347.319555555562	13.4385	0.928288	2886072	0	0	0	5	0	0	0	0	0.00059	0.0	0.0	0.0	0.592538	0.0	0.0	0.0	0.0	859.161	0.0	0.0	0.0	162.171	0.0	0.0	0.0	0.0	0.000298	0.0	0.0	0.0	32.4343	0.0	0.0	0.0	0.0	151	0	0	0	0	0	0	0	0	318590	0	0	0	5	0	0	0	0	1886382	0	0	0	0	0	0	0	0	182544	0	0	0	0	0	0	0	0	55268	0	0	0	0	0	0	0	0	443137	0	0	0	0	0	0	0	0	6656.98	0.0	0.0	0.0	0.000563	0.0	0.0	0.0	0.0	1.0	0.0	0.0	0.0	0.0	0.0	0.0	0.0	0.0	
865	2889438	1044.092620335	5160.652888888895	5428.402888888894	13.4127	0.928155	2889429	0	0	0	5	0	0	0	0	0.000206	0.0	0.0	0.0	0.592538	0.0	0.0	0.0	0.0	860.16	0.0	0.0	0.0	162.171	0.0	0.0	0.0	0.0	0.000298	0.0	0.0	0.0	32.4343	0.0	0.0	0.0	0.0	151	0	0	0	0	0	0	0	0	318860	0	0	0	5	0	0	0	0	1888444	0	0	0	0	0	0	0	0	182941	0	0	0	0	0	0	0	0	55342	0	0	0	0	0	0	0	0	443691	0	0	0	0	0	0	0	0	2321.31	0.0	0.0	0.0	0.000563	0.0	0.0	0.0	0.0	1.0	0.0	0.0	0.0	0.0	0.0	0.0	0.0	0.0	
866	2892681	1045.092887128	5160.652888888895	5401.152888888893	13.3869	0.928022	2892672	0	0	0	5	0	0	0	0	0.000427	0.0	0.0	0.0	0.592538	0.0	0.0	0.0	0.0	861.159	0.0	0.0	0.0	162.171	0.0	0.0	0.0	0.0	0.000298	0.0	0.0	0.0	32.4343	0.0	0.0	0.0	0.0	151	0	0	0	0	0	0	0	0	319103	0	0	0	5	0	0	0	0	1890493	0	0	0	0	0	0	0	0	183395	0	0	0	0	0	0	0	0	55407	0	0	0	0	0	0	0	0	444123	0	0	0	0	0	0	0	0	4816.58	0.0	0.0	0.0	0.000563	0.0	0.0	0.0	0.0	1.0	0.0	0.0	0.0	0.0	0.0	0.0	0.0	0.0	
867	2895919	1046.093359924	5160.652888888895	5549.208444444451	13.3614	0.92789	2895910	0	0	0	5	0	0	0	0	0.00031	0.0	0.0	0.0	0.592538	0.0	0.0	0.0	0.0	862.158	0.0	0.0	0.0	162.171	0.0	0.0	0.0	0.0	0.000298	0.0	0.0	0.0	32.4343	0.0	0.0	0.0	0.0	151	0	0	0	0	0	0	0	0	319359	0	0	0	5	0	0	0	0	1892534	0	0	0	0	0	0	0	0	183810	0	0	0	0	0	0	0	0	55487	0	0	0	0	0	0	0	0	444569	0	0	0	0	0	0	0	0	3492.4	0.0	0.0	0.0	0.000563	0.0	0.0	0.0	0.0	1.0	0.0	0.0	0.0	0.0	0.0	0.0	0.0	0.0	
868	2899135	1047.095694452	5160.652888888895	5305.625111111118	13.3356	0.927756	2899126	0	0	0	5	0	0	0	0	0.000304	0.0	0.0	0.0	0.592538	0.0	0.0	0.0	0.0	863.159	0.0	0.0	0.0	162.171	0.0	0.0	0.0	0.0	0.000298	0.0	0.0	0.0	32.4343	0.0	0.0	0.0	0.0	151	0	0	0	0	0	0	0	0	319631	0	0	0	5	0	0	0	0	1894639	0	0	0	0	0	0	0	0	184178	0	0	0	0	0	0	0	0	55548	0	0	0	0	0	0	0	0	444979	0	0	0	0	0	0	0	0	3424.23	0.0	0.0	0.0	0.000563	0.0	0.0	0.0	0.0	1.0	0.0	0.0	0.0	0.0	0.0	0.0	0.0	0.0	
869	2902414	1048.097155719	5160.652888888895	5371.319555555564	13.31	0.927622	2902405	0	0	0	5	0	0	0	0	0.000383	0.0	0.0	0.0	0.592538	0.0	0.0	0.0	0.0	864.158	0.0	0.0	0.0	162.171	0.0	0.0	0.0	0.0	0.000298	0.0	0.0	0.0	32.4343	0.0	0.0	0.0	0.0	151	0	0	0	0	0	0	0	0	319874	0	0	0	5	0	0	0	0	1896643	0	0	0	0	0	0	0	0	184551	0	0	0	0	0	0	0	0	55630	0	0	0	0	0	0	0	0	445556	0	0	0	0	0	0	0	0	4315.39	0.0	0.0	0.0	0.000563	0.0	0.0	0.0	0.0	1.0	0.0	0.0	0.0	0.0	0.0	0.0	0.0	0.0	
870	2905698	1049.097277245	5160.652888888895	5579.4306666666735	13.2842	0.927486	2905689	0	0	0	5	0	0	0	0	0.000164	0.0	0.0	0.0	0.592538	0.0	0.0	0.0	0.0	865.157	0.0	0.0	0.0	162.171	0.0	0.0	0.0	0.0	0.000298	0.0	0.0	0.0	32.4343	0.0	0.0	0.0	0.0	151	0	0	0	0	0	0	0	0	320131	0	0	0	5	0	0	0	0	1898636	0	0	0	0	0	0	0	0	184963	0	0	0	0	0	0	0	0	55720	0	0	0	0	0	0	0	0	446088	0	0	0	0	0	0	0	0	1851.0	0.0	0.0	0.0	0.000563	0.0	0.0	0.0	0.0	1.0	0.0	0.0	0.0	0.0	0.0	0.0	0.0	0.0	
871	2909072	1050.097412415	5160.652888888895	5237.31955555556	13.2586	0.927352	2909063	0	0	0	5	0	0	0	0	0.000322	0.0	0.0	0.0	0.592538	0.0	0.0	0.0	0.0	866.156	0.0	0.0	0.0	162.171	0.0	0.0	0.0	0.0	0.000298	0.0	0.0	0.0	32.4343	0.0	0.0	0.0	0.0	151	0	0	0	0	0	0	0	0	320415	0	0	0	5	0	0	0	0	1900767	0	0	0	0	0	0	0	0	185380	0	0	0	0	0	0	0	0	55781	0	0	0	0	0	0	0	0	446569	0	0	0	0	0	0	0	0	3637.3	0.0	0.0	0.0	0.000563	0.0	0.0	0.0	0.0	1.0	0.0	0.0	0.0	0.0	0.0	0.0	0.0	0.0	
872	2912515	1051.097469383	5160.652888888895	5422.68066666667	13.2331	0.927217	2912506	0	0	0	5	0	0	0	0	0.000737	0.0	0.0	0.0	0.592538	0.0	0.0	0.0	0.0	867.154	0.0	0.0	0.0	162.171	0.0	0.0	0.0	0.0	0.000298	0.0	0.0	0.0	32.4343	0.0	0.0	0.0	0.0	151	0	0	0	0	0	0	0	0	320688	0	0	0	5	0	0	0	0	1902830	0	0	0	0	0	0	0	0	185833	0	0	0	0	0	0	0	0	55869	0	0	0	0	0	0	0	0	447135	0	0	0	0	0	0	0	0	8310.87	0.0	0.0	0.0	0.000563	0.0	0.0	0.0	0.0	1.0	0.0	0.0	0.0	0.0	0.0	0.0	0.0	0.0	
873	2915978	1052.097604928	5160.652888888895	5358.319555555559	13.2077	0.927082	2915969	0	0	0	5	0	0	0	0	0.000429	0.0	0.0	0.0	0.592538	0.0	0.0	0.0	0.0	868.153	0.0	0.0	0.0	162.171	0.0	0.0	0.0	0.0	0.000298	0.0	0.0	0.0	32.4343	0.0	0.0	0.0	0.0	151	0	0	0	0	0	0	0	0	320942	0	0	0	5	0	0	0	0	1904956	0	0	0	0	0	0	0	0	186270	0	0	0	0	0	0	0	0	56000	0	0	0	0	0	0	0	0	447650	0	0	0	0	0	0	0	0	4840.53	0.0	0.0	0.0	0.000563	0.0	0.0	0.0	0.0	1.0	0.0	0.0	0.0	0.0	0.0	0.0	0.0	0.0	
874	2919384	1053.097896043	5160.652888888895	5350.847333333338	13.1823	0.926947	2919375	0	0	0	5	0	0	0	0	0.000245	0.0	0.0	0.0	0.592538	0.0	0.0	0.0	0.0	869.152	0.0	0.0	0.0	162.171	0.0	0.0	0.0	0.0	0.000298	0.0	0.0	0.0	32.4343	0.0	0.0	0.0	0.0	151	0	0	0	0	0	0	0	0	321200	0	0	0	5	0	0	0	0	1907054	0	0	0	0	0	0	0	0	186739	0	0	0	0	0	0	0	0	56086	0	0	0	0	0	0	0	0	448145	0	0	0	0	0	0	0	0	2763.16	0.0	0.0	0.0	0.000563	0.0	0.0	0.0	0.0	1.0	0.0	0.0	0.0	0.0	0.0	0.0	0.0	0.0	
875	2922804	1054.097945299	5160.652888888895	5416.236222222225	13.157	0.926811	2922795	0	0	0	5	0	0	0	0	0.000554	0.0	0.0	0.0	0.592538	0.0	0.0	0.0	0.0	870.15	0.0	0.0	0.0	162.171	0.0	0.0	0.0	0.0	0.000298	0.0	0.0	0.0	32.4343	0.0	0.0	0.0	0.0	151	0	0	0	0	0	0	0	0	321458	0	0	0	5	0	0	0	0	1909184	0	0	0	0	0	0	0	0	187173	0	0	0	0	0	0	0	0	56157	0	0	0	0	0	0	0	0	448672	0	0	0	0	0	0	0	0	6245.29	0.0	0.0	0.0	0.000563	0.0	0.0	0.0	0.0	1.0	0.0	0.0	0.0	0.0	0.0	0.0	0.0	0.0	
876	2926053	1055.098131866	5160.652888888895	5339.180666666669	13.1317	0.926676	2926044	0	0	0	5	0	0	0	0	0.00045	0.0	0.0	0.0	0.592538	0.0	0.0	0.0	0.0	871.149	0.0	0.0	0.0	162.171	0.0	0.0	0.0	0.0	0.000298	0.0	0.0	0.0	32.4343	0.0	0.0	0.0	0.0	151	0	0	0	0	0	0	0	0	321695	0	0	0	5	0	0	0	0	1911229	0	0	0	0	0	0	0	0	187612	0	0	0	0	0	0	0	0	56227	0	0	0	0	0	0	0	0	449130	0	0	0	0	0	0	0	0	5080.54	0.0	0.0	0.0	0.000563	0.0	0.0	0.0	0.0	1.0	0.0	0.0	0.0	0.0	0.0	0.0	0.0	0.0	
877	2929334	1056.098291407	5160.652888888895	5371.625111111115	13.1064	0.92654	2929325	0	0	0	5	0	0	0	0	0.000134	0.0	0.0	0.0	0.592538	0.0	0.0	0.0	0.0	872.148	0.0	0.0	0.0	162.171	0.0	0.0	0.0	0.0	0.000298	0.0	0.0	0.0	32.4343	0.0	0.0	0.0	0.0	151	0	0	0	0	0	0	0	0	321940	0	0	0	5	0	0	0	0	1913230	0	0	0	0	0	0	0	0	188096	0	0	0	0	0	0	0	0	56290	0	0	0	0	0	0	0	0	449618	0	0	0	0	0	0	0	0	1506.84	0.0	0.0	0.0	0.000563	0.0	0.0	0.0	0.0	1.0	0.0	0.0	0.0	0.0	0.0	0.0	0.0	0.0	
878	2932680	1057.098313051	5160.652888888895	5254.014000000002	13.0812	0.926403	2932671	0	0	0	5	0	0	0	0	0.000407	0.0	0.0	0.0	0.592538	0.0	0.0	0.0	0.0	873.146	0.0	0.0	0.0	162.171	0.0	0.0	0.0	0.0	0.000298	0.0	0.0	0.0	32.4343	0.0	0.0	0.0	0.0	151	0	0	0	0	0	0	0	0	322185	0	0	0	5	0	0	0	0	1915286	0	0	0	0	0	0	0	0	188596	0	0	0	0	0	0	0	0	56369	0	0	0	0	0	0	0	0	450084	0	0	0	0	0	0	0	0	4589.4	0.0	0.0	0.0	0.000563	0.0	0.0	0.0	0.0	1.0	0.0	0.0	0.0	0.0	0.0	0.0	0.0	0.0	
879	2936062	1058.09840037	5160.652888888895	5358.625111111114	13.0561	0.926267	2936053	0	0	0	5	0	0	0	0	0.000452	0.0	0.0	0.0	0.592538	0.0	0.0	0.0	0.0	874.145	0.0	0.0	0.0	162.171	0.0	0.0	0.0	0.0	0.000298	0.0	0.0	0.0	32.4343	0.0	0.0	0.0	0.0	151	0	0	0	0	0	0	0	0	322441	0	0	0	5	0	0	0	0	1917430	0	0	0	0	0	0	0	0	189077	0	0	0	0	0	0	0	0	56402	0	0	0	0	0	0	0	0	450552	0	0	0	0	0	0	0	0	5103.46	0.0	0.0	0.0	0.000563	0.0	0.0	0.0	0.0	1.0	0.0	0.0	0.0	0.0	0.0	0.0	0.0	0.0	
880	2939344	1059.098456306	5160.652888888895	5355.847333333337	13.031	0.92613	2939335	0	0	0	5	0	0	0	0	0.000319	0.0	0.0	0.0	0.592538	0.0	0.0	0.0	0.0	875.143	0.0	0.0	0.0	162.171	0.0	0.0	0.0	0.0	0.000298	0.0	0.0	0.0	32.4343	0.0	0.0	0.0	0.0	151	0	0	0	0	0	0	0	0	322697	0	0	0	5	0	0	0	0	1919520	0	0	0	0	0	0	0	0	189541	0	0	0	0	0	0	0	0	56462	0	0	0	0	0	0	0	0	450964	0	0	0	0	0	0	0	0	3599.55	0.0	0.0	0.0	0.000563	0.0	0.0	0.0	0.0	1.0	0.0	0.0	0.0	0.0	0.0	0.0	0.0	0.0	
881	2942752	1060.098654262	5160.652888888895	5287.43066666667	13.0059	0.925994	2942743	0	0	0	5	0	0	0	0	0.000128	0.0	0.0	0.0	0.592538	0.0	0.0	0.0	0.0	876.142	0.0	0.0	0.0	162.171	0.0	0.0	0.0	0.0	0.000298	0.0	0.0	0.0	32.4343	0.0	0.0	0.0	0.0	151	0	0	0	0	0	0	0	0	322940	0	0	0	5	0	0	0	0	1921663	0	0	0	0	0	0	0	0	190039	0	0	0	0	0	0	0	0	56525	0	0	0	0	0	0	0	0	451425	0	0	0	0	0	0	0	0	1440.85	0.0	0.0	0.0	0.000563	0.0	0.0	0.0	0.0	1.0	0.0	0.0	0.0	0.0	0.0	0.0	0.0	0.0	
882	2946008	1061.098776945	5160.652888888895	5390.652888888893	12.9809	0.925856	2945999	0	0	0	5	0	0	0	0	0.000771	0.0	0.0	0.0	0.592538	0.0	0.0	0.0	0.0	877.141	0.0	0.0	0.0	162.171	0.0	0.0	0.0	0.0	0.000298	0.0	0.0	0.0	32.4343	0.0	0.0	0.0	0.0	151	0	0	0	0	0	0	0	0	323186	0	0	0	5	0	0	0	0	1923716	0	0	0	0	0	0	0	0	190526	0	0	0	0	0	0	0	0	56591	0	0	0	0	0	0	0	0	451829	0	0	0	0	0	0	0	0	8700.11	0.0	0.0	0.0	0.000563	0.0	0.0	0.0	0.0	1.0	0.0	0.0	0.0	0.0	0.0	0.0	0.0	0.0	
883	2949302	1062.09901071	5160.652888888895	5276.291777777781	12.956	0.925719	2949293	0	0	0	5	0	0	0	0	0.000256	0.0	0.0	0.0	0.592538	0.0	0.0	0.0	0.0	878.14	0.0	0.0	0.0	162.171	0.0	0.0	0.0	0.0	0.000298	0.0	0.0	0.0	32.4343	0.0	0.0	0.0	0.0	151	0	0	0	0	0	0	0	0	323421	0	0	0	5	0	0	0	0	1925826	0	0	0	0	0	0	0	0	191026	0	0	0	0	0	0	0	0	56660	0	0	0	0	0	0	0	0	452209	0	0	0	0	0	0	0	0	2892.55	0.0	0.0	0.0	0.000563	0.0	0.0	0.0	0.0	1.0	0.0	0.0	0.0	0.0	0.0	0.0	0.0	0.0	
884	2952644	1063.099243261	5160.652888888895	5373.875111111114	12.9311	0.925581	2952635	0	0	0	5	0	0	0	0	0.000709	0.0	0.0	0.0	0.592538	0.0	0.0	0.0	0.0	879.138	0.0	0.0	0.0	162.171	0.0	0.0	0.0	0.0	0.000298	0.0	0.0	0.0	32.4343	0.0	0.0	0.0	0.0	151	0	0	0	0	0	0	0	0	323666	0	0	0	5	0	0	0	0	1927989	0	0	0	0	0	0	0	0	191498	0	0	0	0	0	0	0	0	56738	0	0	0	0	0	0	0	0	452593	0	0	0	0	0	0	0	0	8000.14	0.0	0.0	0.0	0.000563	0.0	0.0	0.0	0.0	1.0	0.0	0.0	0.0	0.0	0.0	0.0	0.0	0.0	
885	2955977	1064.099306024	5160.652888888895	5417.1528888888915	12.9062	0.925443	2955968	0	0	0	5	0	0	0	0	0.000693	0.0	0.0	0.0	0.592538	0.0	0.0	0.0	0.0	880.137	0.0	0.0	0.0	162.171	0.0	0.0	0.0	0.0	0.000298	0.0	0.0	0.0	32.4343	0.0	0.0	0.0	0.0	151	0	0	0	0	0	0	0	0	323946	0	0	0	5	0	0	0	0	1930153	0	0	0	0	0	0	0	0	191890	0	0	0	0	0	0	0	0	56782	0	0	0	0	0	0	0	0	453046	0	0	0	0	0	0	0	0	7822.04	0.0	0.0	0.0	0.000563	0.0	0.0	0.0	0.0	1.0	0.0	0.0	0.0	0.0	0.0	0.0	0.0	0.0	
886	2959378	1065.103928484	5160.652888888895	5492.597333333336	12.8815	0.925306	2959369	0	0	0	5	0	0	0	0	0.000344	0.0	0.0	0.0	0.592538	0.0	0.0	0.0	0.0	881.14	0.0	0.0	0.0	162.171	0.0	0.0	0.0	0.0	0.000298	0.0	0.0	0.0	32.4343	0.0	0.0	0.0	0.0	151	0	0	0	0	0	0	0	0	324240	0	0	0	5	0	0	0	0	1932285	0	0	0	0	0	0	0	0	192340	0	0	0	0	0	0	0	0	56853	0	0	0	0	0	0	0	0	453500	0	0	0	0	0	0	0	0	3875.4	0.0	0.0	0.0	0.000563	0.0	0.0	0.0	0.0	1.0	0.0	0.0	0.0	0.0	0.0	0.0	0.0	0.0	
887	2962705	1066.103998827	5160.652888888895	5299.069555555558	12.8565	0.925166	2962696	0	0	0	5	0	0	0	0	0.00049	0.0	0.0	0.0	0.592538	0.0	0.0	0.0	0.0	882.139	0.0	0.0	0.0	162.171	0.0	0.0	0.0	0.0	0.000298	0.0	0.0	0.0	32.4343	0.0	0.0	0.0	0.0	151	0	0	0	0	0	0	0	0	324494	0	0	0	5	0	0	0	0	1934425	0	0	0	0	0	0	0	0	192812	0	0	0	0	0	0	0	0	56908	0	0	0	0	0	0	0	0	453906	0	0	0	0	0	0	0	0	5523.92	0.0	0.0	0.0	0.000563	0.0	0.0	0.0	0.0	1.0	0.0	0.0	0.0	0.0	0.0	0.0	0.0	0.0	
888	2966045	1067.104142058	5160.652888888895	5351.375111111112	12.8318	0.925028	2966036	0	0	0	5	0	0	0	0	0.00076	0.0	0.0	0.0	0.592538	0.0	0.0	0.0	0.0	883.137	0.0	0.0	0.0	162.171	0.0	0.0	0.0	0.0	0.000298	0.0	0.0	0.0	32.4343	0.0	0.0	0.0	0.0	151	0	0	0	0	0	0	0	0	324762	0	0	0	5	0	0	0	0	1936513	0	0	0	0	0	0	0	0	193245	0	0	0	0	0	0	0	0	56969	0	0	0	0	0	0	0	0	454396	0	0	0	0	0	0	0	0	8571.22	0.0	0.0	0.0	0.000563	0.0	0.0	0.0	0.0	1.0	0.0	0.0	0.0	0.0	0.0	0.0	0.0	0.0	
889	2969350	1068.105325594	5160.652888888895	5430.625111111114	12.8073	0.92489	2969341	0	0	0	5	0	0	0	0	0.000113	0.0	0.0	0.0	0.592538	0.0	0.0	0.0	0.0	884.137	0.0	0.0	0.0	162.171	0.0	0.0	0.0	0.0	0.000298	0.0	0.0	0.0	32.4343	0.0	0.0	0.0	0.0	151	0	0	0	0	0	0	0	0	325044	0	0	0	5	0	0	0	0	1938552	0	0	0	0	0	0	0	0	193732	0	0	0	0	0	0	0	0	57019	0	0	0	0	0	0	0	0	454843	0	0	0	0	0	0	0	0	1278.92	0.0	0.0	0.0	0.000563	0.0	0.0	0.0	0.0	1.0	0.0	0.0	0.0	0.0	0.0	0.0	0.0	0.0	
890	2972658	1069.105485812	5160.652888888895	5481.680666666668	12.7825	0.92475	2972649	0	0	0	5	0	0	0	0	0.000398	0.0	0.0	0.0	0.592538	0.0	0.0	0.0	0.0	885.136	0.0	0.0	0.0	162.171	0.0	0.0	0.0	0.0	0.000298	0.0	0.0	0.0	32.4343	0.0	0.0	0.0	0.0	151	0	0	0	0	0	0	0	0	325296	0	0	0	5	0	0	0	0	1940725	0	0	0	0	0	0	0	0	194162	0	0	0	0	0	0	0	0	57077	0	0	0	0	0	0	0	0	455238	0	0	0	0	0	0	0	0	4492.32	0.0	0.0	0.0	0.000563	0.0	0.0	0.0	0.0	1.0	0.0	0.0	0.0	0.0	0.0	0.0	0.0	0.0	
891	2975942	1070.10580376	5160.652888888895	5462.791777777778	12.7579	0.92461	2975933	0	0	0	5	0	0	0	0	0.000646	0.0	0.0	0.0	0.592538	0.0	0.0	0.0	0.0	886.135	0.0	0.0	0.0	162.171	0.0	0.0	0.0	0.0	0.000298	0.0	0.0	0.0	32.4343	0.0	0.0	0.0	0.0	151	0	0	0	0	0	0	0	0	325594	0	0	0	5	0	0	0	0	1942793	0	0	0	0	0	0	0	0	194599	0	0	0	0	0	0	0	0	57142	0	0	0	0	0	0	0	0	455654	0	0	0	0	0	0	0	0	7285.09	0.0	0.0	0.0	0.000563	0.0	0.0	0.0	0.0	1.0	0.0	0.0	0.0	0.0	0.0	0.0	0.0	0.0	
892	2979230	1071.105996474	5160.652888888895	5610.402888888889	12.7334	0.924471	2979221	0	0	0	5	0	0	0	0	0.000322	0.0	0.0	0.0	0.592538	0.0	0.0	0.0	0.0	887.133	0.0	0.0	0.0	162.171	0.0	0.0	0.0	0.0	0.000298	0.0	0.0	0.0	32.4343	0.0	0.0	0.0	0.0	151	0	0	0	0	0	0	0	0	325860	0	0	0	5	0	0	0	0	1944948	0	0	0	0	0	0	0	0	195000	0	0	0	0	0	0	0	0	57186	0	0	0	0	0	0	0	0	456076	0	0	0	0	0	0	0	0	3632.83	0.0	0.0	0.0	0.000563	0.0	0.0	0.0	0.0	1.0	0.0	0.0	0.0	0.0	0.0	0.0	0.0	0.0	
893	2982490	1072.106146028	5160.652888888895	5350.986222222222	12.7089	0.924331	2982481	0	0	0	5	0	0	0	0	0.000484	0.0	0.0	0.0	0.592538	0.0	0.0	0.0	0.0	888.132	0.0	0.0	0.0	162.171	0.0	0.0	0.0	0.0	0.000298	0.0	0.0	0.0	32.4343	0.0	0.0	0.0	0.0	151	0	0	0	0	0	0	0	0	326131	0	0	0	5	0	0	0	0	1947028	0	0	0	0	0	0	0	0	195439	0	0	0	0	0	0	0	0	57238	0	0	0	0	0	0	0	0	456494	0	0	0	0	0	0	0	0	5455.65	0.0	0.0	0.0	0.000563	0.0	0.0	0.0	0.0	1.0	0.0	0.0	0.0	0.0	0.0	0.0	0.0	0.0	
894	2985748	1073.108794365	5160.652888888895	5380.069555555555	12.6846	0.924192	2985739	0	0	0	5	0	0	0	0	0.000433	0.0	0.0	0.0	0.592538	0.0	0.0	0.0	0.0	889.126	0.0	0.0	0.0	162.171	0.0	0.0	0.0	0.0	0.000298	0.0	0.0	0.0	32.4343	0.0	0.0	0.0	0.0	151	0	0	0	0	0	0	0	0	326393	0	0	0	5	0	0	0	0	1949006	0	0	0	0	0	0	0	0	195943	0	0	0	0	0	0	0	0	57290	0	0	0	0	0	0	0	0	456956	0	0	0	0	0	0	0	0	4886.99	0.0	0.0	0.0	0.000563	0.0	0.0	0.0	0.0	1.0	0.0	0.0	0.0	0.0	0.0	0.0	0.0	0.0	
895	2989027	1074.109106064	5160.652888888895	5403.152888888889	12.66	0.92405	2989018	0	0	0	5	0	0	0	0	0.000557	0.0	0.0	0.0	0.592538	0.0	0.0	0.0	0.0	890.124	0.0	0.0	0.0	162.171	0.0	0.0	0.0	0.0	0.000298	0.0	0.0	0.0	32.4343	0.0	0.0	0.0	0.0	151	0	0	0	0	0	0	0	0	326619	0	0	0	5	0	0	0	0	1950980	0	0	0	0	0	0	0	0	196470	0	0	0	0	0	0	0	0	57334	0	0	0	0	0	0	0	0	457464	0	0	0	0	0	0	0	0	6276.2	0.0	0.0	0.0	0.000563	0.0	0.0	0.0	0.0	1.0	0.0	0.0	0.0	0.0	0.0	0.0	0.0	0.0	
896	2992322	1075.109164765	5160.652888888895	5445.8751111111105	12.6357	0.92391	2992313	0	0	0	5	0	0	0	0	0.000241	0.0	0.0	0.0	0.592538	0.0	0.0	0.0	0.0	891.123	0.0	0.0	0.0	162.171	0.0	0.0	0.0	0.0	0.000298	0.0	0.0	0.0	32.4343	0.0	0.0	0.0	0.0	151	0	0	0	0	0	0	0	0	326870	0	0	0	5	0	0	0	0	1953049	0	0	0	0	0	0	0	0	196917	0	0	0	0	0	0	0	0	57388	0	0	0	0	0	0	0	0	457938	0	0	0	0	0	0	0	0	2712.34	0.0	0.0	0.0	0.000563	0.0	0.0	0.0	0.0	1.0	0.0	0.0	0.0	0.0	0.0	0.0	0.0	0.0	
897	2995565	1076.109187574	5160.652888888895	5358.986222222221	12.6114	0.923769	2995556	0	0	0	5	0	0	0	0	0.000345	0.0	0.0	0.0	0.592538	0.0	0.0	0.0	0.0	892.122	0.0	0.0	0.0	162.171	0.0	0.0	0.0	0.0	0.000298	0.0	0.0	0.0	32.4343	0.0	0.0	0.0	0.0	151	0	0	0	0	0	0	0	0	327094	0	0	0	5	0	0	0	0	1955020	0	0	0	0	0	0	0	0	197435	0	0	0	0	0	0	0	0	57469	0	0	0	0	0	0	0	0	458387	0	0	0	0	0	0	0	0	3886.64	0.0	0.0	0.0	0.000563	0.0	0.0	0.0	0.0	1.0	0.0	0.0	0.0	0.0	0.0	0.0	0.0	0.0	
898	2998879	1077.109370899	5160.652888888895	5373.208444444445	12.5871	0.923628	2998870	0	0	0	5	0	0	0	0	0.000718	0.0	0.0	0.0	0.592538	0.0	0.0	0.0	0.0	893.12	0.0	0.0	0.0	162.171	0.0	0.0	0.0	0.0	0.000298	0.0	0.0	0.0	32.4343	0.0	0.0	0.0	0.0	151	0	0	0	0	0	0	0	0	327354	0	0	0	5	0	0	0	0	1957004	0	0	0	0	0	0	0	0	197930	0	0	0	0	0	0	0	0	57553	0	0	0	0	0	0	0	0	458878	0	0	0	0	0	0	0	0	8090.54	0.0	0.0	0.0	0.000563	0.0	0.0	0.0	0.0	1.0	0.0	0.0	0.0	0.0	0.0	0.0	0.0	0.0	
899	3002152	1078.109479686	5160.652888888895	5580.763999999999	12.5629	0.923486	3002143	0	0	0	5	0	0	0	0	0.000856	0.0	0.0	0.0	0.592538	0.0	0.0	0.0	0.0	894.119	0.0	0.0	0.0	162.171	0.0	0.0	0.0	0.0	0.000298	0.0	0.0	0.0	32.4343	0.0	0.0	0.0	0.0	151	0	0	0	0	0	0	0	0	327586	0	0	0	5	0	0	0	0	1959058	0	0	0	0	0	0	0	0	198382	0	0	0	0	0	0	0	0	57633	0	0	0	0	0	0	0	0	459333	0	0	0	0	0	0	0	0	9652.53	0.0	0.0	0.0	0.000563	0.0	0.0	0.0	0.0	1.0	0.0	0.0	0.0	0.0	0.0	0.0	0.0	0.0	
900	3005452	1079.109509867	5160.652888888895	5369.65288888889	12.5388	0.923345	3005443	0	0	0	5	0	0	0	0	0.000251	0.0	0.0	0.0	0.592538	0.0	0.0	0.0	0.0	895.117	0.0	0.0	0.0	162.171	0.0	0.0	0.0	0.0	0.000298	0.0	0.0	0.0	32.4343	0.0	0.0	0.0	0.0	151	0	0	0	0	0	0	0	0	327838	0	0	0	5	0	0	0	0	1961188	0	0	0	0	0	0	0	0	198750	0	0	0	0	0	0	0	0	57706	0	0	0	0	0	0	0	0	459810	0	0	0	0	0	0	0	0	2824.22	0.0	0.0	0.0	0.000563	0.0	0.0	0.0	0.0	1.0	0.0	0.0	0.0	0.0	0.0	0.0	0.0	0.0	
901	3008713	1080.109701173	5160.652888888895	5373.486222222222	12.5147	0.923203	3008704	0	0	0	5	0	0	0	0	0.000525	0.0	0.0	0.0	0.592538	0.0	0.0	0.0	0.0	896.116	0.0	0.0	0.0	162.171	0.0	0.0	0.0	0.0	0.000298	0.0	0.0	0.0	32.4343	0.0	0.0	0.0	0.0	151	0	0	0	0	0	0	0	0	328072	0	0	0	5	0	0	0	0	1963248	0	0	0	0	0	0	0	0	199177	0	0	0	0	0	0	0	0	57762	0	0	0	0	0	0	0	0	460294	0	0	0	0	0	0	0	0	5919.36	0.0	0.0	0.0	0.000563	0.0	0.0	0.0	0.0	1.0	0.0	0.0	0.0	0.0	0.0	0.0	0.0	0.0	
902	3011995	1081.109781378	5160.652888888895	5431.652888888888	12.4906	0.923061	3011986	0	0	0	5	0	0	0	0	0.000151	0.0	0.0	0.0	0.592538	0.0	0.0	0.0	0.0	897.115	0.0	0.0	0.0	162.171	0.0	0.0	0.0	0.0	0.000298	0.0	0.0	0.0	32.4343	0.0	0.0	0.0	0.0	151	0	0	0	0	0	0	0	0	328286	0	0	0	5	0	0	0	0	1965345	0	0	0	0	0	0	0	0	199623	0	0	0	0	0	0	0	0	57801	0	0	0	0	0	0	0	0	460780	0	0	0	0	0	0	0	0	1699.01	0.0	0.0	0.0	0.000563	0.0	0.0	0.0	0.0	1.0	0.0	0.0	0.0	0.0	0.0	0.0	0.0	0.0	
903	3015242	1082.110068079	5160.652888888895	5398.0417777777775	12.4666	0.922918	3015233	0	0	0	5	0	0	0	0	0.000295	0.0	0.0	0.0	0.592538	0.0	0.0	0.0	0.0	898.114	0.0	0.0	0.0	162.171	0.0	0.0	0.0	0.0	0.000298	0.0	0.0	0.0	32.4343	0.0	0.0	0.0	0.0	151	0	0	0	0	0	0	0	0	328529	0	0	0	5	0	0	0	0	1967352	0	0	0	0	0	0	0	0	200117	0	0	0	0	0	0	0	0	57837	0	0	0	0	0	0	0	0	461247	0	0	0	0	0	0	0	0	3320.12	0.0	0.0	0.0	0.000563	0.0	0.0	0.0	0.0	1.0	0.0	0.0	0.0	0.0	0.0	0.0	0.0	0.0	
904	3018435	1083.11019019	5160.652888888895	5265.014	12.4426	0.922776	3018426	0	0	0	5	0	0	0	0	0.000609	0.0	0.0	0.0	0.592538	0.0	0.0	0.0	0.0	899.112	0.0	0.0	0.0	162.171	0.0	0.0	0.0	0.0	0.000298	0.0	0.0	0.0	32.4343	0.0	0.0	0.0	0.0	151	0	0	0	0	0	0	0	0	328749	0	0	0	5	0	0	0	0	1969351	0	0	0	0	0	0	0	0	200613	0	0	0	0	0	0	0	0	57916	0	0	0	0	0	0	0	0	461646	0	0	0	0	0	0	0	0	6860.43	0.0	0.0	0.0	0.000563	0.0	0.0	0.0	0.0	1.0	0.0	0.0	0.0	0.0	0.0	0.0	0.0	0.0	
905	3021625	1084.110349156	5160.652888888895	5426.041777777776	12.4187	0.922633	3021616	0	0	0	5	0	0	0	0	0.000177	0.0	0.0	0.0	0.592538	0.0	0.0	0.0	0.0	900.111	0.0	0.0	0.0	162.171	0.0	0.0	0.0	0.0	0.000298	0.0	0.0	0.0	32.4343	0.0	0.0	0.0	0.0	151	0	0	0	0	0	0	0	0	328964	0	0	0	5	0	0	0	0	1971426	0	0	0	0	0	0	0	0	201075	0	0	0	0	0	0	0	0	57958	0	0	0	0	0	0	0	0	462042	0	0	0	0	0	0	0	0	1990.45	0.0	0.0	0.0	0.000563	0.0	0.0	0.0	0.0	1.0	0.0	0.0	0.0	0.0	0.0	0.0	0.0	0.0	
906	3024879	1085.110555798	5160.652888888895	5515.291777777776	12.3948	0.92249	3024870	0	0	0	5	0	0	0	0	0.000302	0.0	0.0	0.0	0.592538	0.0	0.0	0.0	0.0	901.109	0.0	0.0	0.0	162.171	0.0	0.0	0.0	0.0	0.000298	0.0	0.0	0.0	32.4343	0.0	0.0	0.0	0.0	151	0	0	0	0	0	0	0	0	329188	0	0	0	5	0	0	0	0	1973425	0	0	0	0	0	0	0	0	201543	0	0	0	0	0	0	0	0	58008	0	0	0	0	0	0	0	0	462555	0	0	0	0	0	0	0	0	3407.76	0.0	0.0	0.0	0.000563	0.0	0.0	0.0	0.0	1.0	0.0	0.0	0.0	0.0	0.0	0.0	0.0	0.0	
907	3028076	1086.110961607	5160.652888888895	5484.597333333333	12.3712	0.922348	3028067	0	0	0	5	0	0	0	0	0.000484	0.0	0.0	0.0	0.592538	0.0	0.0	0.0	0.0	902.108	0.0	0.0	0.0	162.171	0.0	0.0	0.0	0.0	0.000298	0.0	0.0	0.0	32.4343	0.0	0.0	0.0	0.0	151	0	0	0	0	0	0	0	0	329438	0	0	0	5	0	0	0	0	1975414	0	0	0	0	0	0	0	0	201988	0	0	0	0	0	0	0	0	58052	0	0	0	0	0	0	0	0	463024	0	0	0	0	0	0	0	0	5453.93	0.0	0.0	0.0	0.000563	0.0	0.0	0.0	0.0	1.0	0.0	0.0	0.0	0.0	0.0	0.0	0.0	0.0	
908	3031287	1087.114585733	5160.652888888895	5434.4584444444445	12.3473	0.922203	3031278	0	0	0	5	0	0	0	0	0.000568	0.0	0.0	0.0	0.592538	0.0	0.0	0.0	0.0	903.111	0.0	0.0	0.0	162.171	0.0	0.0	0.0	0.0	0.000298	0.0	0.0	0.0	32.4343	0.0	0.0	0.0	0.0	151	0	0	0	0	0	0	0	0	329692	0	0	0	5	0	0	0	0	1977446	0	0	0	0	0	0	0	0	202441	0	0	0	0	0	0	0	0	58122	0	0	0	0	0	0	0	0	463426	0	0	0	0	0	0	0	0	6394.06	0.0	0.0	0.0	0.000563	0.0	0.0	0.0	0.0	1.0	0.0	0.0	0.0	0.0	0.0	0.0	0.0	0.0	
909	3034651	1088.114688524	5160.652888888895	5303.097333333334	12.3234	0.922059	3034642	0	0	0	5	0	0	0	0	3.6e-5	0.0	0.0	0.0	0.592538	0.0	0.0	0.0	0.0	904.109	0.0	0.0	0.0	162.171	0.0	0.0	0.0	0.0	0.000298	0.0	0.0	0.0	32.4343	0.0	0.0	0.0	0.0	151	0	0	0	0	0	0	0	0	329963	0	0	0	5	0	0	0	0	1979533	0	0	0	0	0	0	0	0	202920	0	0	0	0	0	0	0	0	58179	0	0	0	0	0	0	0	0	463896	0	0	0	0	0	0	0	0	400.004	0.0	0.0	0.0	0.000563	0.0	0.0	0.0	0.0	0.999999	0.0	0.0	0.0	1.0e-6	0.0	0.0	0.0	0.0	
910	3038010	1089.115100092	5160.652888888895	5276.652888888891	12.2999	0.921916	3038001	0	0	0	5	0	0	0	0	0.000271	0.0	0.0	0.0	0.592538	0.0	0.0	0.0	0.0	905.108	0.0	0.0	0.0	162.171	0.0	0.0	0.0	0.0	0.000298	0.0	0.0	0.0	32.4343	0.0	0.0	0.0	0.0	151	0	0	0	0	0	0	0	0	330221	0	0	0	5	0	0	0	0	1981658	0	0	0	0	0	0	0	0	203376	0	0	0	0	0	0	0	0	58260	0	0	0	0	0	0	0	0	464335	0	0	0	0	0	0	0	0	3051.11	0.0	0.0	0.0	0.000563	0.0	0.0	0.0	0.0	1.0	0.0	0.0	0.0	0.0	0.0	0.0	0.0	0.0	
911	3041423	1090.115468587	5160.652888888895	5285.04177777778	12.276	0.92177	3041414	0	0	0	5	0	0	0	0	0.00066	0.0	0.0	0.0	0.592538	0.0	0.0	0.0	0.0	906.107	0.0	0.0	0.0	162.171	0.0	0.0	0.0	0.0	0.000298	0.0	0.0	0.0	32.4343	0.0	0.0	0.0	0.0	151	0	0	0	0	0	0	0	0	330462	0	0	0	5	0	0	0	0	1983701	0	0	0	0	0	0	0	0	203901	0	0	0	0	0	0	0	0	58327	0	0	0	0	0	0	0	0	464872	0	0	0	0	0	0	0	0	7437.98	0.0	0.0	0.0	0.000563	0.0	0.0	0.0	0.0	1.0	0.0	0.0	0.0	0.0	0.0	0.0	0.0	0.0	
912	3044851	1091.115743211	5160.652888888895	5195.597333333334	12.2524	0.921625	3044842	0	0	0	5	0	0	0	0	0.000464	0.0	0.0	0.0	0.592538	0.0	0.0	0.0	0.0	907.106	0.0	0.0	0.0	162.171	0.0	0.0	0.0	0.0	0.000298	0.0	0.0	0.0	32.4343	0.0	0.0	0.0	0.0	151	0	0	0	0	0	0	0	0	330704	0	0	0	5	0	0	0	0	1985723	0	0	0	0	0	0	0	0	204387	0	0	0	0	0	0	0	0	58407	0	0	0	0	0	0	0	0	465470	0	0	0	0	0	0	0	0	5233.27	0.0	0.0	0.0	0.000563	0.0	0.0	0.0	0.0	1.0	0.0	0.0	0.0	0.0	0.0	0.0	0.0	0.0	
913	3048234	1092.115973995	5085.347333333335	5200.097333333335	12.2289	0.92148	3048225	0	0	0	5	0	0	0	0	0.000131	0.0	0.0	0.0	0.592538	0.0	0.0	0.0	0.0	908.105	0.0	0.0	0.0	162.171	0.0	0.0	0.0	0.0	0.000298	0.0	0.0	0.0	32.4343	0.0	0.0	0.0	0.0	168	0	0	0	0	0	0	0	0	330916	0	0	0	5	0	0	0	0	1987779	0	0	0	0	0	0	0	0	204888	0	0	0	0	0	0	0	0	58493	0	0	0	0	0	0	0	0	465981	0	0	0	0	0	0	0	0	1470.65	0.0	0.0	0.0	0.000563	0.0	0.0	0.0	0.0	1.0	0.0	0.0	0.0	0.0	0.0	0.0	0.0	0.0	
914	3051588	1093.116197162	5085.347333333335	5163.791777777778	12.2054	0.921335	3051579	0	0	0	5	0	0	0	0	0.000251	0.0	0.0	0.0	0.592538	0.0	0.0	0.0	0.0	909.103	0.0	0.0	0.0	162.171	0.0	0.0	0.0	0.0	0.000298	0.0	0.0	0.0	32.4343	0.0	0.0	0.0	0.0	168	0	0	0	0	0	0	0	0	331172	0	0	0	5	0	0	0	0	1989837	0	0	0	0	0	0	0	0	205334	0	0	0	0	0	0	0	0	58573	0	0	0	0	0	0	0	0	466495	0	0	0	0	0	0	0	0	2833.13	0.0	0.0	0.0	0.000563	0.0	0.0	0.0	0.0	1.0	0.0	0.0	0.0	0.0	0.0	0.0	0.0	0.0	
915	3054960	1094.116444342	5085.347333333335	5292.819555555557	12.1819	0.92119	3054951	0	0	0	5	0	0	0	0	0.00021	0.0	0.0	0.0	0.592538	0.0	0.0	0.0	0.0	910.102	0.0	0.0	0.0	162.171	0.0	0.0	0.0	0.0	0.000298	0.0	0.0	0.0	32.4343	0.0	0.0	0.0	0.0	168	0	0	0	0	0	0	0	0	331403	0	0	0	5	0	0	0	0	1991910	0	0	0	0	0	0	0	0	205813	0	0	0	0	0	0	0	0	58647	0	0	0	0	0	0	0	0	467010	0	0	0	0	0	0	0	0	2367.3	0.0	0.0	0.0	0.000563	0.0	0.0	0.0	0.0	1.0	0.0	0.0	0.0	0.0	0.0	0.0	0.0	0.0	
916	3058269	1095.120793142	5085.347333333335	5273.958444444445	12.1586	0.921045	3058260	0	0	0	5	0	0	0	0	0.000449	0.0	0.0	0.0	0.592538	0.0	0.0	0.0	0.0	911.105	0.0	0.0	0.0	162.171	0.0	0.0	0.0	0.0	0.000298	0.0	0.0	0.0	32.4343	0.0	0.0	0.0	0.0	168	0	0	0	0	0	0	0	0	331676	0	0	0	5	0	0	0	0	1993976	0	0	0	0	0	0	0	0	206254	0	0	0	0	0	0	0	0	58728	0	0	0	0	0	0	0	0	467458	0	0	0	0	0	0	0	0	5053.53	0.0	0.0	0.0	0.000563	0.0	0.0	0.0	0.0	1.0	0.0	0.0	0.0	0.0	0.0	0.0	0.0	0.0	
917	3061574	1096.120807767	5085.347333333335	5191.430666666668	12.135	0.920898	3061565	0	0	0	5	0	0	0	0	0.000328	0.0	0.0	0.0	0.592538	0.0	0.0	0.0	0.0	912.103	0.0	0.0	0.0	162.171	0.0	0.0	0.0	0.0	0.000298	0.0	0.0	0.0	32.4343	0.0	0.0	0.0	0.0	168	0	0	0	0	0	0	0	0	331915	0	0	0	5	0	0	0	0	1996022	0	0	0	0	0	0	0	0	206731	0	0	0	0	0	0	0	0	58821	0	0	0	0	0	0	0	0	467908	0	0	0	0	0	0	0	0	3697.13	0.0	0.0	0.0	0.000563	0.0	0.0	0.0	0.0	1.0	0.0	0.0	0.0	0.0	0.0	0.0	0.0	0.0	
918	3064883	1097.121005619	5085.347333333335	5144.680666666667	12.1117	0.920752	3064874	0	0	0	5	0	0	0	0	0.000369	0.0	0.0	0.0	0.592538	0.0	0.0	0.0	0.0	913.102	0.0	0.0	0.0	162.171	0.0	0.0	0.0	0.0	0.000298	0.0	0.0	0.0	32.4343	0.0	0.0	0.0	0.0	168	0	0	0	0	0	0	0	0	332136	0	0	0	5	0	0	0	0	1998094	0	0	0	0	0	0	0	0	207256	0	0	0	0	0	0	0	0	58891	0	0	0	0	0	0	0	0	468329	0	0	0	0	0	0	0	0	4159.69	0.0	0.0	0.0	0.000563	0.0	0.0	0.0	0.0	1.0	0.0	0.0	0.0	0.0	0.0	0.0	0.0	0.0	
919	3068151	1098.12101989	5064.319555555555	5136.0417777777775	12.0884	0.920605	3068142	0	0	0	5	0	0	0	0	0.000204	0.0	0.0	0.0	0.592538	0.0	0.0	0.0	0.0	914.101	0.0	0.0	0.0	162.171	0.0	0.0	0.0	0.0	0.000298	0.0	0.0	0.0	32.4343	0.0	0.0	0.0	0.0	172	0	0	0	0	0	0	0	0	332353	0	0	0	5	0	0	0	0	2000150	0	0	0	0	0	0	0	0	207774	0	0	0	0	0	0	0	0	58966	0	0	0	0	0	0	0	0	468727	0	0	0	0	0	0	0	0	2296.46	0.0	0.0	0.0	0.000563	0.0	0.0	0.0	0.0	1.0	0.0	0.0	0.0	0.0	0.0	0.0	0.0	0.0	
920	3071440	1099.12665763	5064.319555555555	5360.819555555556	12.0653	0.920459	3071431	0	0	0	5	0	0	0	0	0.000463	0.0	0.0	0.0	0.592538	0.0	0.0	0.0	0.0	915.105	0.0	0.0	0.0	162.171	0.0	0.0	0.0	0.0	0.000298	0.0	0.0	0.0	32.4343	0.0	0.0	0.0	0.0	172	0	0	0	0	0	0	0	0	332567	0	0	0	5	0	0	0	0	2002199	0	0	0	0	0	0	0	0	208297	0	0	0	0	0	0	0	0	59021	0	0	0	0	0	0	0	0	469175	0	0	0	0	0	0	0	0	5220.6	0.0	0.0	0.0	0.000563	0.0	0.0	0.0	0.0	1.0	0.0	0.0	0.0	0.0	0.0	0.0	0.0	0.0	
921	3074749	1100.126993314	5064.319555555555	5286.93066666667	12.0418	0.920311	3074740	0	0	0	5	0	0	0	0	0.000681	0.0	0.0	0.0	0.592538	0.0	0.0	0.0	0.0	916.104	0.0	0.0	0.0	162.171	0.0	0.0	0.0	0.0	0.000298	0.0	0.0	0.0	32.4343	0.0	0.0	0.0	0.0	172	0	0	0	0	0	0	0	0	332806	0	0	0	5	0	0	0	0	2004290	0	0	0	0	0	0	0	0	208796	0	0	0	0	0	0	0	0	59063	0	0	0	0	0	0	0	0	469613	0	0	0	0	0	0	0	0	7675.69	0.0	0.0	0.0	0.000563	0.0	0.0	0.0	0.0	1.0	0.0	0.0	0.0	0.0	0.0	0.0	0.0	0.0	
922	3078069	1101.12718007	5064.319555555555	5235.54177777778	12.0187	0.920163	3078060	0	0	0	5	0	0	0	0	0.000104	0.0	0.0	0.0	0.592538	0.0	0.0	0.0	0.0	917.102	0.0	0.0	0.0	162.171	0.0	0.0	0.0	0.0	0.000298	0.0	0.0	0.0	32.4343	0.0	0.0	0.0	0.0	172	0	0	0	0	0	0	0	0	333027	0	0	0	5	0	0	0	0	2006391	0	0	0	0	0	0	0	0	209259	0	0	0	0	0	0	0	0	59120	0	0	0	0	0	0	0	0	470091	0	0	0	0	0	0	0	0	1173.54	0.0	0.0	0.0	0.000563	0.0	0.0	0.0	0.0	1.0	0.0	0.0	0.0	0.0	0.0	0.0	0.0	0.0	
923	3081407	1102.127295703	5064.319555555555	5193.7084444444445	11.9956	0.920016	3081398	0	0	0	5	0	0	0	0	0.000639	0.0	0.0	0.0	0.592538	0.0	0.0	0.0	0.0	918.101	0.0	0.0	0.0	162.171	0.0	0.0	0.0	0.0	0.000298	0.0	0.0	0.0	32.4343	0.0	0.0	0.0	0.0	172	0	0	0	0	0	0	0	0	333276	0	0	0	5	0	0	0	0	2008522	0	0	0	0	0	0	0	0	209684	0	0	0	0	0	0	0	0	59182	0	0	0	0	0	0	0	0	470562	0	0	0	0	0	0	0	0	7201.31	0.0	0.0	0.0	0.000563	0.0	0.0	0.0	0.0	1.0	0.0	0.0	0.0	0.0	0.0	0.0	0.0	0.0	
924	3084713	1103.127596207	5064.319555555555	5231.541777777778	11.9727	0.919869	3084704	0	0	0	5	0	0	0	0	0.000258	0.0	0.0	0.0	0.592538	0.0	0.0	0.0	0.0	919.1	0.0	0.0	0.0	162.171	0.0	0.0	0.0	0.0	0.000298	0.0	0.0	0.0	32.4343	0.0	0.0	0.0	0.0	172	0	0	0	0	0	0	0	0	333500	0	0	0	5	0	0	0	0	2010514	0	0	0	0	0	0	0	0	210204	0	0	0	0	0	0	0	0	59256	0	0	0	0	0	0	0	0	471058	0	0	0	0	0	0	0	0	2906.28	0.0	0.0	0.0	0.000563	0.0	0.0	0.0	0.0	1.0	0.0	0.0	0.0	0.0	0.0	0.0	0.0	0.0	
925	3088069	1104.127697148	5064.319555555555	5176.402888888891	11.9495	0.91972	3088060	0	0	0	5	0	0	0	0	0.000366	0.0	0.0	0.0	0.592538	0.0	0.0	0.0	0.0	920.099	0.0	0.0	0.0	162.171	0.0	0.0	0.0	0.0	0.000298	0.0	0.0	0.0	32.4343	0.0	0.0	0.0	0.0	172	0	0	0	0	0	0	0	0	333708	0	0	0	5	0	0	0	0	2012542	0	0	0	0	0	0	0	0	210675	0	0	0	0	0	0	0	0	59318	0	0	0	0	0	0	0	0	471645	0	0	0	0	0	0	0	0	4122.55	0.0	0.0	0.0	0.000563	0.0	0.0	0.0	0.0	1.0	0.0	0.0	0.0	0.0	0.0	0.0	0.0	0.0	
926	3091398	1105.128004703	5064.319555555555	5249.958444444443	11.9265	0.919572	3091389	0	0	0	5	0	0	0	0	0.000291	0.0	0.0	0.0	0.592538	0.0	0.0	0.0	0.0	921.097	0.0	0.0	0.0	162.171	0.0	0.0	0.0	0.0	0.000298	0.0	0.0	0.0	32.4343	0.0	0.0	0.0	0.0	172	0	0	0	0	0	0	0	0	333946	0	0	0	5	0	0	0	0	2014604	0	0	0	0	0	0	0	0	211150	0	0	0	0	0	0	0	0	59383	0	0	0	0	0	0	0	0	472134	0	0	0	0	0	0	0	0	3274.05	0.0	0.0	0.0	0.000563	0.0	0.0	0.0	0.0	1.0	0.0	0.0	0.0	0.0	0.0	0.0	0.0	0.0	
927	3094723	1106.128033584	5064.319555555555	5548.736222222222	11.9036	0.919424	3094714	0	0	0	5	0	0	0	0	0.000947	0.0	0.0	0.0	0.592538	0.0	0.0	0.0	0.0	922.096	0.0	0.0	0.0	162.171	0.0	0.0	0.0	0.0	0.000298	0.0	0.0	0.0	32.4343	0.0	0.0	0.0	0.0	172	0	0	0	0	0	0	0	0	334189	0	0	0	5	0	0	0	0	2016636	0	0	0	0	0	0	0	0	211622	0	0	0	0	0	0	0	0	59450	0	0	0	0	0	0	0	0	472645	0	0	0	0	0	0	0	0	10665.7	0.0	0.0	0.0	0.000563	0.0	0.0	0.0	0.0	1.0	0.0	0.0	0.0	0.0	0.0	0.0	0.0	0.0	
928	3098009	1107.128163399	5064.319555555555	5326.680666666667	11.8807	0.919275	3098000	0	0	0	5	0	0	0	0	0.000387	0.0	0.0	0.0	0.592538	0.0	0.0	0.0	0.0	923.095	0.0	0.0	0.0	162.171	0.0	0.0	0.0	0.0	0.000298	0.0	0.0	0.0	32.4343	0.0	0.0	0.0	0.0	172	0	0	0	0	0	0	0	0	334445	0	0	0	5	0	0	0	0	2018724	0	0	0	0	0	0	0	0	212048	0	0	0	0	0	0	0	0	59514	0	0	0	0	0	0	0	0	473097	0	0	0	0	0	0	0	0	4357.04	0.0	0.0	0.0	0.000563	0.0	0.0	0.0	0.0	1.0	0.0	0.0	0.0	0.0	0.0	0.0	0.0	0.0	
929	3101303	1108.128231544	5064.319555555555	5327.180666666666	11.8578	0.919126	3101294	0	0	0	5	0	0	0	0	0.000361	0.0	0.0	0.0	0.592538	0.0	0.0	0.0	0.0	924.093	0.0	0.0	0.0	162.171	0.0	0.0	0.0	0.0	0.000298	0.0	0.0	0.0	32.4343	0.0	0.0	0.0	0.0	172	0	0	0	0	0	0	0	0	334676	0	0	0	5	0	0	0	0	2020829	0	0	0	0	0	0	0	0	212490	0	0	0	0	0	0	0	0	59601	0	0	0	0	0	0	0	0	473526	0	0	0	0	0	0	0	0	4065.48	0.0	0.0	0.0	0.000563	0.0	0.0	0.0	0.0	1.0	0.0	0.0	0.0	0.0	0.0	0.0	0.0	0.0	
930	3104627	1109.128277966	5064.319555555555	5239.736222222224	11.8351	0.918976	3104618	0	0	0	5	0	0	0	0	0.000121	0.0	0.0	0.0	0.592538	0.0	0.0	0.0	0.0	925.092	0.0	0.0	0.0	162.171	0.0	0.0	0.0	0.0	0.000298	0.0	0.0	0.0	32.4343	0.0	0.0	0.0	0.0	172	0	0	0	0	0	0	0	0	334900	0	0	0	5	0	0	0	0	2022892	0	0	0	0	0	0	0	0	212957	0	0	0	0	0	0	0	0	59671	0	0	0	0	0	0	0	0	474026	0	0	0	0	0	0	0	0	1365.75	0.0	0.0	0.0	0.000563	0.0	0.0	0.0	0.0	1.0	0.0	0.0	0.0	0.0	0.0	0.0	0.0	0.0	
931	3107920	1110.128317955	5064.319555555555	5363.736222222222	11.8123	0.918827	3107911	0	0	0	5	0	0	0	0	0.000566	0.0	0.0	0.0	0.592538	0.0	0.0	0.0	0.0	926.09	0.0	0.0	0.0	162.171	0.0	0.0	0.0	0.0	0.000298	0.0	0.0	0.0	32.4343	0.0	0.0	0.0	0.0	172	0	0	0	0	0	0	0	0	335129	0	0	0	5	0	0	0	0	2024949	0	0	0	0	0	0	0	0	213370	0	0	0	0	0	0	0	0	59759	0	0	0	0	0	0	0	0	474532	0	0	0	0	0	0	0	0	6376.86	0.0	0.0	0.0	0.000563	0.0	0.0	0.0	0.0	1.0	0.0	0.0	0.0	0.0	0.0	0.0	0.0	0.0	
932	3111244	1111.128397233	5064.319555555555	5264.458444444446	11.7896	0.918677	3111235	0	0	0	5	0	0	0	0	0.000552	0.0	0.0	0.0	0.592538	0.0	0.0	0.0	0.0	927.089	0.0	0.0	0.0	162.171	0.0	0.0	0.0	0.0	0.000298	0.0	0.0	0.0	32.4343	0.0	0.0	0.0	0.0	172	0	0	0	0	0	0	0	0	335342	0	0	0	5	0	0	0	0	2026941	0	0	0	0	0	0	0	0	213801	0	0	0	0	0	0	0	0	59855	0	0	0	0	0	0	0	0	475124	0	0	0	0	0	0	0	0	6220.54	0.0	0.0	0.0	0.000563	0.0	0.0	0.0	0.0	1.0	0.0	0.0	0.0	0.0	0.0	0.0	0.0	0.0	
933	3114533	1112.128473881	5064.319555555555	5250.236222222223	11.7669	0.918527	3114524	0	0	0	5	0	0	0	0	0.000286	0.0	0.0	0.0	0.592538	0.0	0.0	0.0	0.0	928.088	0.0	0.0	0.0	162.171	0.0	0.0	0.0	0.0	0.000298	0.0	0.0	0.0	32.4343	0.0	0.0	0.0	0.0	172	0	0	0	0	0	0	0	0	335552	0	0	0	5	0	0	0	0	2028989	0	0	0	0	0	0	0	0	214241	0	0	0	0	0	0	0	0	59937	0	0	0	0	0	0	0	0	475633	0	0	0	0	0	0	0	0	3216.63	0.0	0.0	0.0	0.000563	0.0	0.0	0.0	0.0	1.0	0.0	0.0	0.0	0.0	0.0	0.0	0.0	0.0	
934	3117827	1113.128661965	5064.319555555555	5269.013999999999	11.7443	0.918377	3117818	0	0	0	5	0	0	0	0	0.000317	0.0	0.0	0.0	0.592538	0.0	0.0	0.0	0.0	929.086	0.0	0.0	0.0	162.171	0.0	0.0	0.0	0.0	0.000298	0.0	0.0	0.0	32.4343	0.0	0.0	0.0	0.0	172	0	0	0	0	0	0	0	0	335762	0	0	0	5	0	0	0	0	2031013	0	0	0	0	0	0	0	0	214710	0	0	0	0	0	0	0	0	60011	0	0	0	0	0	0	0	0	476150	0	0	0	0	0	0	0	0	3571.57	0.0	0.0	0.0	0.000563	0.0	0.0	0.0	0.0	1.0	0.0	0.0	0.0	0.0	0.0	0.0	0.0	0.0	
935	3121135	1114.128891118	5064.319555555555	5202.875111111111	11.7217	0.918226	3121126	0	0	0	5	0	0	0	0	0.000176	0.0	0.0	0.0	0.592538	0.0	0.0	0.0	0.0	930.085	0.0	0.0	0.0	162.171	0.0	0.0	0.0	0.0	0.000298	0.0	0.0	0.0	32.4343	0.0	0.0	0.0	0.0	172	0	0	0	0	0	0	0	0	335996	0	0	0	5	0	0	0	0	2033178	0	0	0	0	0	0	0	0	215122	0	0	0	0	0	0	0	0	60072	0	0	0	0	0	0	0	0	476586	0	0	0	0	0	0	0	0	1981.55	0.0	0.0	0.0	0.000563	0.0	0.0	0.0	0.0	1.0	0.0	0.0	0.0	0.0	0.0	0.0	0.0	0.0	
936	3124438	1115.135532076	5064.319555555555	5150.958444444447	11.6992	0.918075	3124429	0	0	0	5	0	0	0	0	0.000257	0.0	0.0	0.0	0.592538	0.0	0.0	0.0	0.0	931.09	0.0	0.0	0.0	162.171	0.0	0.0	0.0	0.0	0.000298	0.0	0.0	0.0	32.4343	0.0	0.0	0.0	0.0	172	0	0	0	0	0	0	0	0	336215	0	0	0	5	0	0	0	0	2035285	0	0	0	0	0	0	0	0	215572	0	0	0	0	0	0	0	0	60155	0	0	0	0	0	0	0	0	477030	0	0	0	0	0	0	0	0	2891.17	0.0	0.0	0.0	0.000563	0.0	0.0	0.0	0.0	1.0	0.0	0.0	0.0	0.0	0.0	0.0	0.0	0.0	
937	3127695	1116.1357545	5064.319555555555	5140.264000000002	11.6765	0.917923	3127686	0	0	0	5	0	0	0	0	0.000412	0.0	0.0	0.0	0.592538	0.0	0.0	0.0	0.0	932.089	0.0	0.0	0.0	162.171	0.0	0.0	0.0	0.0	0.000298	0.0	0.0	0.0	32.4343	0.0	0.0	0.0	0.0	172	0	0	0	0	0	0	0	0	336429	0	0	0	5	0	0	0	0	2037365	0	0	0	0	0	0	0	0	215988	0	0	0	0	0	0	0	0	60257	0	0	0	0	0	0	0	0	477475	0	0	0	0	0	0	0	0	4640.74	0.0	0.0	0.0	0.000563	0.0	0.0	0.0	0.0	1.0	0.0	0.0	0.0	0.0	0.0	0.0	0.0	0.0	
938	3131027	1117.13579782	5064.319555555555	5238.680666666669	11.6541	0.917772	3131018	0	0	0	5	0	0	0	0	0.000251	0.0	0.0	0.0	0.592538	0.0	0.0	0.0	0.0	933.087	0.0	0.0	0.0	162.171	0.0	0.0	0.0	0.0	0.000298	0.0	0.0	0.0	32.4343	0.0	0.0	0.0	0.0	172	0	0	0	0	0	0	0	0	336642	0	0	0	5	0	0	0	0	2039371	0	0	0	0	0	0	0	0	216419	0	0	0	0	0	0	0	0	60374	0	0	0	0	0	0	0	0	478040	0	0	0	0	0	0	0	0	2831.04	0.0	0.0	0.0	0.000563	0.0	0.0	0.0	0.0	1.0	0.0	0.0	0.0	0.0	0.0	0.0	0.0	0.0	
939	3134340	1118.135987858	5064.319555555555	5362.541777777778	11.6317	0.91762	3134331	0	0	0	5	0	0	0	0	0.00014	0.0	0.0	0.0	0.592538	0.0	0.0	0.0	0.0	934.086	0.0	0.0	0.0	162.171	0.0	0.0	0.0	0.0	0.000298	0.0	0.0	0.0	32.4343	0.0	0.0	0.0	0.0	172	0	0	0	0	0	0	0	0	336862	0	0	0	5	0	0	0	0	2041381	0	0	0	0	0	0	0	0	216871	0	0	0	0	0	0	0	0	60445	0	0	0	0	0	0	0	0	478600	0	0	0	0	0	0	0	0	1574.05	0.0	0.0	0.0	0.000563	0.0	0.0	0.0	0.0	1.0	0.0	0.0	0.0	0.0	0.0	0.0	0.0	0.0	
940	3137664	1119.136135428	5064.319555555555	5329.236222222224	11.6093	0.917468	3137655	0	0	0	5	0	0	0	0	0.000431	0.0	0.0	0.0	0.592538	0.0	0.0	0.0	0.0	935.085	0.0	0.0	0.0	162.171	0.0	0.0	0.0	0.0	0.000298	0.0	0.0	0.0	32.4343	0.0	0.0	0.0	0.0	172	0	0	0	0	0	0	0	0	337079	0	0	0	5	0	0	0	0	2043425	0	0	0	0	0	0	0	0	217315	0	0	0	0	0	0	0	0	60538	0	0	0	0	0	0	0	0	479126	0	0	0	0	0	0	0	0	4855.09	0.0	0.0	0.0	0.000563	0.0	0.0	0.0	0.0	1.0	0.0	0.0	0.0	0.0	0.0	0.0	0.0	0.0	
941	3140881	1120.136326047	5064.319555555555	5399.208444444446	11.587	0.917316	3140872	0	0	0	5	0	0	0	0	0.000269	0.0	0.0	0.0	0.592538	0.0	0.0	0.0	0.0	936.084	0.0	0.0	0.0	162.171	0.0	0.0	0.0	0.0	0.000298	0.0	0.0	0.0	32.4343	0.0	0.0	0.0	0.0	172	0	0	0	0	0	0	0	0	337278	0	0	0	5	0	0	0	0	2045465	0	0	0	0	0	0	0	0	217731	0	0	0	0	0	0	0	0	60650	0	0	0	0	0	0	0	0	479576	0	0	0	0	0	0	0	0	3024.92	0.0	0.0	0.0	0.000563	0.0	0.0	0.0	0.0	1.0	0.0	0.0	0.0	0.0	0.0	0.0	0.0	0.0	
942	3144181	1121.136576712	5064.319555555555	5409.014000000003	11.5647	0.917163	3144172	0	0	0	5	0	0	0	0	0.000274	0.0	0.0	0.0	0.592538	0.0	0.0	0.0	0.0	937.082	0.0	0.0	0.0	162.171	0.0	0.0	0.0	0.0	0.000298	0.0	0.0	0.0	32.4343	0.0	0.0	0.0	0.0	172	0	0	0	0	0	0	0	0	337508	0	0	0	5	0	0	0	0	2047550	0	0	0	0	0	0	0	0	218124	0	0	0	0	0	0	0	0	60724	0	0	0	0	0	0	0	0	480094	0	0	0	0	0	0	0	0	3084.67	0.0	0.0	0.0	0.000563	0.0	0.0	0.0	0.0	1.0	0.0	0.0	0.0	0.0	0.0	0.0	0.0	0.0	
943	3147456	1122.136614882	5064.319555555555	5233.15288888889	11.5425	0.91701	3147447	0	0	0	5	0	0	0	0	0.000239	0.0	0.0	0.0	0.592538	0.0	0.0	0.0	0.0	938.081	0.0	0.0	0.0	162.171	0.0	0.0	0.0	0.0	0.000298	0.0	0.0	0.0	32.4343	0.0	0.0	0.0	0.0	172	0	0	0	0	0	0	0	0	337747	0	0	0	5	0	0	0	0	2049590	0	0	0	0	0	0	0	0	218515	0	0	0	0	0	0	0	0	60817	0	0	0	0	0	0	0	0	480606	0	0	0	0	0	0	0	0	2685.6	0.0	0.0	0.0	0.000563	0.0	0.0	0.0	0.0	1.0	0.0	0.0	0.0	0.0	0.0	0.0	0.0	0.0	
944	3150913	1123.136659501	5064.319555555555	5285.930666666669	11.5203	0.916858	3150904	0	0	0	5	0	0	0	0	0.000635	0.0	0.0	0.0	0.592538	0.0	0.0	0.0	0.0	939.079	0.0	0.0	0.0	162.171	0.0	0.0	0.0	0.0	0.000298	0.0	0.0	0.0	32.4343	0.0	0.0	0.0	0.0	172	0	0	0	0	0	0	0	0	337955	0	0	0	5	0	0	0	0	2051681	0	0	0	0	0	0	0	0	218932	0	0	0	0	0	0	0	0	60899	0	0	0	0	0	0	0	0	481265	0	0	0	0	0	0	0	0	7151.28	0.0	0.0	0.0	0.000563	0.0	0.0	0.0	0.0	1.0	0.0	0.0	0.0	0.0	0.0	0.0	0.0	0.0	
945	3154322	1124.136780646	5064.319555555555	5368.875111111113	11.4982	0.916704	3154313	0	0	0	5	0	0	0	0	0.000247	0.0	0.0	0.0	0.592538	0.0	0.0	0.0	0.0	940.078	0.0	0.0	0.0	162.171	0.0	0.0	0.0	0.0	0.000298	0.0	0.0	0.0	32.4343	0.0	0.0	0.0	0.0	172	0	0	0	0	0	0	0	0	338164	0	0	0	5	0	0	0	0	2053825	0	0	0	0	0	0	0	0	219333	0	0	0	0	0	0	0	0	60976	0	0	0	0	0	0	0	0	481843	0	0	0	0	0	0	0	0	2781.09	0.0	0.0	0.0	0.000563	0.0	0.0	0.0	0.0	1.0	0.0	0.0	0.0	0.0	0.0	0.0	0.0	0.0	
946	3157660	1125.140381732	5064.319555555555	5240.125111111113	11.4762	0.916551	3157651	0	0	0	5	0	0	0	0	0.000342	0.0	0.0	0.0	0.592538	0.0	0.0	0.0	0.0	941.08	0.0	0.0	0.0	162.171	0.0	0.0	0.0	0.0	0.000298	0.0	0.0	0.0	32.4343	0.0	0.0	0.0	0.0	172	0	0	0	0	0	0	0	0	338398	0	0	0	5	0	0	0	0	2055890	0	0	0	0	0	0	0	0	219707	0	0	0	0	0	0	0	0	61073	0	0	0	0	0	0	0	0	482411	0	0	0	0	0	0	0	0	3846.49	0.0	0.0	0.0	0.000563	0.0	0.0	0.0	0.0	1.0	0.0	0.0	0.0	0.0	0.0	0.0	0.0	0.0	
947	3160935	1126.140575846	5064.319555555555	5306.458444444447	11.4539	0.916396	3160926	0	0	0	5	0	0	0	0	0.000178	0.0	0.0	0.0	0.592538	0.0	0.0	0.0	0.0	942.079	0.0	0.0	0.0	162.171	0.0	0.0	0.0	0.0	0.000298	0.0	0.0	0.0	32.4343	0.0	0.0	0.0	0.0	172	0	0	0	0	0	0	0	0	338615	0	0	0	5	0	0	0	0	2058014	0	0	0	0	0	0	0	0	220073	0	0	0	0	0	0	0	0	61193	0	0	0	0	0	0	0	0	482859	0	0	0	0	0	0	0	0	2002.19	0.0	0.0	0.0	0.000563	0.0	0.0	0.0	0.0	1.0	0.0	0.0	0.0	0.0	0.0	0.0	0.0	0.0	
948	3164334	1127.140652667	5064.319555555555	5231.736222222225	11.4319	0.916242	3164325	0	0	0	5	0	0	0	0	0.000499	0.0	0.0	0.0	0.592538	0.0	0.0	0.0	0.0	943.078	0.0	0.0	0.0	162.171	0.0	0.0	0.0	0.0	0.000298	0.0	0.0	0.0	32.4343	0.0	0.0	0.0	0.0	172	0	0	0	0	0	0	0	0	338843	0	0	0	5	0	0	0	0	2060177	0	0	0	0	0	0	0	0	220480	0	0	0	0	0	0	0	0	61283	0	0	0	0	0	0	0	0	483370	0	0	0	0	0	0	0	0	5612.34	0.0	0.0	0.0	0.000563	0.0	0.0	0.0	0.0	1.0	0.0	0.0	0.0	0.0	0.0	0.0	0.0	0.0	
949	3167723	1128.140894337	5064.319555555555	5195.597333333337	11.4099	0.916088	3167714	0	0	0	5	0	0	0	0	0.000799	0.0	0.0	0.0	0.592538	0.0	0.0	0.0	0.0	944.076	0.0	0.0	0.0	162.171	0.0	0.0	0.0	0.0	0.000298	0.0	0.0	0.0	32.4343	0.0	0.0	0.0	0.0	172	0	0	0	0	0	0	0	0	339120	0	0	0	5	0	0	0	0	2062272	0	0	0	0	0	0	0	0	220881	0	0	0	0	0	0	0	0	61373	0	0	0	0	0	0	0	0	483896	0	0	0	0	0	0	0	0	8995.79	0.0	0.0	0.0	0.000563	0.0	0.0	0.0	0.0	1.0	0.0	0.0	0.0	0.0	0.0	0.0	0.0	0.0	
950	3171046	1129.140969736	5064.319555555555	5220.6528888888915	11.388	0.915933	3171037	0	0	0	5	0	0	0	0	0.000343	0.0	0.0	0.0	0.592538	0.0	0.0	0.0	0.0	945.075	0.0	0.0	0.0	162.171	0.0	0.0	0.0	0.0	0.000298	0.0	0.0	0.0	32.4343	0.0	0.0	0.0	0.0	172	0	0	0	0	0	0	0	0	339364	0	0	0	5	0	0	0	0	2064321	0	0	0	0	0	0	0	0	221320	0	0	0	0	0	0	0	0	61484	0	0	0	0	0	0	0	0	484376	0	0	0	0	0	0	0	0	3863.44	0.0	0.0	0.0	0.000563	0.0	0.0	0.0	0.0	1.0	0.0	0.0	0.0	0.0	0.0	0.0	0.0	0.0	
951	3174296	1130.141004275	5064.319555555555	5162.986222222224	11.3661	0.915778	3174287	0	0	0	5	0	0	0	0	6.5e-5	0.0	0.0	0.0	0.592538	0.0	0.0	0.0	0.0	946.074	0.0	0.0	0.0	162.171	0.0	0.0	0.0	0.0	0.000298	0.0	0.0	0.0	32.4343	0.0	0.0	0.0	0.0	172	0	0	0	0	0	0	0	0	339593	0	0	0	5	0	0	0	0	2066352	0	0	0	0	0	0	0	0	221780	0	0	0	0	0	0	0	0	61564	0	0	0	0	0	0	0	0	484826	0	0	0	0	0	0	0	0	730.258	0.0	0.0	0.0	0.000563	0.0	0.0	0.0	0.0	0.999999	0.0	0.0	0.0	1.0e-6	0.0	0.0	0.0	0.0	
952	3177644	1131.141163775	5064.319555555555	5283.2362222222255	11.3442	0.915623	3177635	0	0	0	5	0	0	0	0	0.000605	0.0	0.0	0.0	0.592538	0.0	0.0	0.0	0.0	947.072	0.0	0.0	0.0	162.171	0.0	0.0	0.0	0.0	0.000298	0.0	0.0	0.0	32.4343	0.0	0.0	0.0	0.0	172	0	0	0	0	0	0	0	0	339824	0	0	0	5	0	0	0	0	2068442	0	0	0	0	0	0	0	0	222238	0	0	0	0	0	0	0	0	61642	0	0	0	0	0	0	0	0	485317	0	0	0	0	0	0	0	0	6812.61	0.0	0.0	0.0	0.000563	0.0	0.0	0.0	0.0	1.0	0.0	0.0	0.0	0.0	0.0	0.0	0.0	0.0	
953	3180966	1132.141373107	5064.319555555555	5302.56955555556	11.3224	0.915468	3180957	0	0	0	5	0	0	0	0	0.000374	0.0	0.0	0.0	0.592538	0.0	0.0	0.0	0.0	948.071	0.0	0.0	0.0	162.171	0.0	0.0	0.0	0.0	0.000298	0.0	0.0	0.0	32.4343	0.0	0.0	0.0	0.0	172	0	0	0	0	0	0	0	0	340055	0	0	0	5	0	0	0	0	2070500	0	0	0	0	0	0	0	0	222663	0	0	0	0	0	0	0	0	61730	0	0	0	0	0	0	0	0	485837	0	0	0	0	0	0	0	0	4213.02	0.0	0.0	0.0	0.000563	0.0	0.0	0.0	0.0	1.0	0.0	0.0	0.0	0.0	0.0	0.0	0.0	0.0	
954	3184261	1133.141426024	5064.319555555555	5322.125111111116	11.3007	0.915312	3184252	0	0	0	5	0	0	0	0	0.000229	0.0	0.0	0.0	0.592538	0.0	0.0	0.0	0.0	949.07	0.0	0.0	0.0	162.171	0.0	0.0	0.0	0.0	0.000298	0.0	0.0	0.0	32.4343	0.0	0.0	0.0	0.0	172	0	0	0	0	0	0	0	0	340305	0	0	0	5	0	0	0	0	2072647	0	0	0	0	0	0	0	0	223080	0	0	0	0	0	0	0	0	61798	0	0	0	0	0	0	0	0	486250	0	0	0	0	0	0	0	0	2578.82	0.0	0.0	0.0	0.000563	0.0	0.0	0.0	0.0	1.0	0.0	0.0	0.0	0.0	0.0	0.0	0.0	0.0	
955	3187568	1134.141593742	5064.319555555555	5266.291777777784	11.2789	0.915156	3187559	0	0	0	5	0	0	0	0	0.000256	0.0	0.0	0.0	0.592538	0.0	0.0	0.0	0.0	950.068	0.0	0.0	0.0	162.171	0.0	0.0	0.0	0.0	0.000298	0.0	0.0	0.0	32.4343	0.0	0.0	0.0	0.0	172	0	0	0	0	0	0	0	0	340558	0	0	0	5	0	0	0	0	2074697	0	0	0	0	0	0	0	0	223543	0	0	0	0	0	0	0	0	61860	0	0	0	0	0	0	0	0	486729	0	0	0	0	0	0	0	0	2876.33	0.0	0.0	0.0	0.000563	0.0	0.0	0.0	0.0	1.0	0.0	0.0	0.0	0.0	0.0	0.0	0.0	0.0	
956	3190907	1135.141716854	5064.319555555555	5233.541777777786	11.2573	0.915	3190898	0	0	0	5	0	0	0	0	0.000219	0.0	0.0	0.0	0.592538	0.0	0.0	0.0	0.0	951.067	0.0	0.0	0.0	162.171	0.0	0.0	0.0	0.0	0.000298	0.0	0.0	0.0	32.4343	0.0	0.0	0.0	0.0	172	0	0	0	0	0	0	0	0	340812	0	0	0	5	0	0	0	0	2076732	0	0	0	0	0	0	0	0	224013	0	0	0	0	0	0	0	0	61909	0	0	0	0	0	0	0	0	487260	0	0	0	0	0	0	0	0	2463.0	0.0	0.0	0.0	0.000563	0.0	0.0	0.0	0.0	1.0	0.0	0.0	0.0	0.0	0.0	0.0	0.0	0.0	
957	3194176	1136.147907428	5064.319555555555	5163.2640000000065	11.2356	0.914843	3194167	0	0	0	5	0	0	0	0	0.000206	0.0	0.0	0.0	0.592538	0.0	0.0	0.0	0.0	952.072	0.0	0.0	0.0	162.171	0.0	0.0	0.0	0.0	0.000298	0.0	0.0	0.0	32.4343	0.0	0.0	0.0	0.0	172	0	0	0	0	0	0	0	0	341026	0	0	0	5	0	0	0	0	2078851	0	0	0	0	0	0	0	0	224439	0	0	0	0	0	0	0	0	61978	0	0	0	0	0	0	0	0	487701	0	0	0	0	0	0	0	0	2314.97	0.0	0.0	0.0	0.000563	0.0	0.0	0.0	0.0	1.0	0.0	0.0	0.0	0.0	0.0	0.0	0.0	0.0	
958	3197465	1137.148066226	5064.319555555555	5129.5140000000065	11.2139	0.914685	3197456	0	0	0	5	0	0	0	0	0.000387	0.0	0.0	0.0	0.592538	0.0	0.0	0.0	0.0	953.07	0.0	0.0	0.0	162.171	0.0	0.0	0.0	0.0	0.000298	0.0	0.0	0.0	32.4343	0.0	0.0	0.0	0.0	172	0	0	0	0	0	0	0	0	341250	0	0	0	5	0	0	0	0	2080930	0	0	0	0	0	0	0	0	224883	0	0	0	0	0	0	0	0	62052	0	0	0	0	0	0	0	0	488169	0	0	0	0	0	0	0	0	4360.5	0.0	0.0	0.0	0.000563	0.0	0.0	0.0	0.0	1.0	0.0	0.0	0.0	0.0	0.0	0.0	0.0	0.0	
959	3200772	1138.148213222	5064.319555555555	5091.402888888894	11.1923	0.914528	3200763	0	0	0	5	0	0	0	0	0.000343	0.0	0.0	0.0	0.592538	0.0	0.0	0.0	0.0	954.069	0.0	0.0	0.0	162.171	0.0	0.0	0.0	0.0	0.000298	0.0	0.0	0.0	32.4343	0.0	0.0	0.0	0.0	172	0	0	0	0	0	0	0	0	341476	0	0	0	5	0	0	0	0	2083029	0	0	0	0	0	0	0	0	225404	0	0	0	0	0	0	0	0	62091	0	0	0	0	0	0	0	0	488591	0	0	0	0	0	0	0	0	3856.67	0.0	0.0	0.0	0.000563	0.0	0.0	0.0	0.0	1.0	0.0	0.0	0.0	0.0	0.0	0.0	0.0	0.0	
960	3204017	1139.148340951	5055.70844444445	5180.514000000006	11.1708	0.914371	3204008	0	0	0	5	0	0	0	0	0.000492	0.0	0.0	0.0	0.592538	0.0	0.0	0.0	0.0	955.068	0.0	0.0	0.0	162.171	0.0	0.0	0.0	0.0	0.000298	0.0	0.0	0.0	32.4343	0.0	0.0	0.0	0.0	174	0	0	0	0	0	0	0	0	341712	0	0	0	5	0	0	0	0	2085133	0	0	0	0	0	0	0	0	225909	0	0	0	0	0	0	0	0	62149	0	0	0	0	0	0	0	0	488931	0	0	0	0	0	0	0	0	5533.59	0.0	0.0	0.0	0.000563	0.0	0.0	0.0	0.0	1.0	0.0	0.0	0.0	0.0	0.0	0.0	0.0	0.0	
961	3207267	1140.148573138	5055.70844444445	5380.291777777785	11.1493	0.914213	3207258	0	0	0	5	0	0	0	0	0.000137	0.0	0.0	0.0	0.592538	0.0	0.0	0.0	0.0	956.066	0.0	0.0	0.0	162.171	0.0	0.0	0.0	0.0	0.000298	0.0	0.0	0.0	32.4343	0.0	0.0	0.0	0.0	174	0	0	0	0	0	0	0	0	341960	0	0	0	5	0	0	0	0	2087201	0	0	0	0	0	0	0	0	226408	0	0	0	0	0	0	0	0	62186	0	0	0	0	0	0	0	0	489329	0	0	0	0	0	0	0	0	1536.47	0.0	0.0	0.0	0.000563	0.0	0.0	0.0	0.0	1.0	0.0	0.0	0.0	0.0	0.0	0.0	0.0	0.0	
962	3210578	1141.155396318	5055.70844444445	5212.847333333343	11.1279	0.914055	3210569	0	0	0	5	0	0	0	0	0.000404	0.0	0.0	0.0	0.592538	0.0	0.0	0.0	0.0	957.072	0.0	0.0	0.0	162.171	0.0	0.0	0.0	0.0	0.000298	0.0	0.0	0.0	32.4343	0.0	0.0	0.0	0.0	174	0	0	0	0	0	0	0	0	342202	0	0	0	5	0	0	0	0	2089286	0	0	0	0	0	0	0	0	226914	0	0	0	0	0	0	0	0	62224	0	0	0	0	0	0	0	0	489769	0	0	0	0	0	0	0	0	4551.33	0.0	0.0	0.0	0.000563	0.0	0.0	0.0	0.0	1.0	0.0	0.0	0.0	0.0	0.0	0.0	0.0	0.0	
963	3213876	1142.155709957	5055.70844444445	5290.041777777789	11.1063	0.913896	3213867	0	0	0	5	0	0	0	0	0.000557	0.0	0.0	0.0	0.592538	0.0	0.0	0.0	0.0	958.071	0.0	0.0	0.0	162.171	0.0	0.0	0.0	0.0	0.000298	0.0	0.0	0.0	32.4343	0.0	0.0	0.0	0.0	174	0	0	0	0	0	0	0	0	342462	0	0	0	5	0	0	0	0	2091346	0	0	0	0	0	0	0	0	227405	0	0	0	0	0	0	0	0	62285	0	0	0	0	0	0	0	0	490195	0	0	0	0	0	0	0	0	6266.92	0.0	0.0	0.0	0.000563	0.0	0.0	0.0	0.0	1.0	0.0	0.0	0.0	0.0	0.0	0.0	0.0	0.0	
964	3217229	1143.155843365	5055.70844444445	5327.986222222234	11.085	0.913737	3217220	0	0	0	5	0	0	0	0	0.000516	0.0	0.0	0.0	0.592538	0.0	0.0	0.0	0.0	959.069	0.0	0.0	0.0	162.171	0.0	0.0	0.0	0.0	0.000298	0.0	0.0	0.0	32.4343	0.0	0.0	0.0	0.0	174	0	0	0	0	0	0	0	0	342699	0	0	0	5	0	0	0	0	2093548	0	0	0	0	0	0	0	0	227820	0	0	0	0	0	0	0	0	62357	0	0	0	0	0	0	0	0	490622	0	0	0	0	0	0	0	0	5802.39	0.0	0.0	0.0	0.000563	0.0	0.0	0.0	0.0	1.0	0.0	0.0	0.0	0.0	0.0	0.0	0.0	0.0	
965	3220572	1144.15806772	5055.70844444445	5288.180666666677	11.0638	0.91358	3220563	0	0	0	5	0	0	0	0	0.00043	0.0	0.0	0.0	0.592538	0.0	0.0	0.0	0.0	960.07	0.0	0.0	0.0	162.171	0.0	0.0	0.0	0.0	0.000298	0.0	0.0	0.0	32.4343	0.0	0.0	0.0	0.0	174	0	0	0	0	0	0	0	0	342952	0	0	0	5	0	0	0	0	2095518	0	0	0	0	0	0	0	0	228320	0	0	0	0	0	0	0	0	62442	0	0	0	0	0	0	0	0	491157	0	0	0	0	0	0	0	0	4833.56	0.0	0.0	0.0	0.000563	0.0	0.0	0.0	0.0	1.0	0.0	0.0	0.0	0.0	0.0	0.0	0.0	0.0	
966	3223881	1145.158172664	5055.70844444445	5445.875111111121	11.0424	0.913419	3223872	0	0	0	5	0	0	0	0	0.000673	0.0	0.0	0.0	0.592538	0.0	0.0	0.0	0.0	961.069	0.0	0.0	0.0	162.171	0.0	0.0	0.0	0.0	0.000298	0.0	0.0	0.0	32.4343	0.0	0.0	0.0	0.0	174	0	0	0	0	0	0	0	0	343162	0	0	0	5	0	0	0	0	2097613	0	0	0	0	0	0	0	0	228821	0	0	0	0	0	0	0	0	62489	0	0	0	0	0	0	0	0	491613	0	0	0	0	0	0	0	0	7572.21	0.0	0.0	0.0	0.000563	0.0	0.0	0.0	0.0	1.0	0.0	0.0	0.0	0.0	0.0	0.0	0.0	0.0	
967	3227187	1146.158300553	5055.70844444445	5251.54177777779	11.0211	0.91326	3227178	0	0	0	5	0	0	0	0	1.4e-5	0.0	0.0	0.0	0.592538	0.0	0.0	0.0	0.0	962.067	0.0	0.0	0.0	162.171	0.0	0.0	0.0	0.0	0.000298	0.0	0.0	0.0	32.4343	0.0	0.0	0.0	0.0	174	0	0	0	0	0	0	0	0	343422	0	0	0	5	0	0	0	0	2099710	0	0	0	0	0	0	0	0	229320	0	0	0	0	0	0	0	0	62533	0	0	0	0	0	0	0	0	492019	0	0	0	0	0	0	0	0	154.434	0.0	0.0	0.0	0.000563	0.0	0.0	0.0	0.0	0.999996	0.0	0.0	0.0	4.0e-6	0.0	0.0	0.0	0.0	
968	3230500	1147.158328494	5055.70844444445	5207.4028888889015	11.0	0.9131	3230491	0	0	0	5	0	0	0	0	0.000276	0.0	0.0	0.0	0.592538	0.0	0.0	0.0	0.0	963.066	0.0	0.0	0.0	162.171	0.0	0.0	0.0	0.0	0.000298	0.0	0.0	0.0	32.4343	0.0	0.0	0.0	0.0	174	0	0	0	0	0	0	0	0	343647	0	0	0	5	0	0	0	0	2101769	0	0	0	0	0	0	0	0	229926	0	0	0	0	0	0	0	0	62575	0	0	0	0	0	0	0	0	492400	0	0	0	0	0	0	0	0	3102.42	0.0	0.0	0.0	0.000563	0.0	0.0	0.0	0.0	1.0	0.0	0.0	0.0	0.0	0.0	0.0	0.0	0.0	
969	3233757	1148.15843416	5055.70844444445	5213.014000000013	10.9788	0.91294	3233748	0	0	0	5	0	0	0	0	0.000636	0.0	0.0	0.0	0.592538	0.0	0.0	0.0	0.0	964.065	0.0	0.0	0.0	162.171	0.0	0.0	0.0	0.0	0.000298	0.0	0.0	0.0	32.4343	0.0	0.0	0.0	0.0	174	0	0	0	0	0	0	0	0	343843	0	0	0	5	0	0	0	0	2103799	0	0	0	0	0	0	0	0	230489	0	0	0	0	0	0	0	0	62630	0	0	0	0	0	0	0	0	492813	0	0	0	0	0	0	0	0	7155.15	0.0	0.0	0.0	0.000563	0.0	0.0	0.0	0.0	1.0	0.0	0.0	0.0	0.0	0.0	0.0	0.0	0.0	
970	3237185	1149.158555768	5055.70844444445	5184.68066666668	10.9577	0.91278	3237176	0	0	0	5	0	0	0	0	0.000412	0.0	0.0	0.0	0.592538	0.0	0.0	0.0	0.0	965.063	0.0	0.0	0.0	162.171	0.0	0.0	0.0	0.0	0.000298	0.0	0.0	0.0	32.4343	0.0	0.0	0.0	0.0	174	0	0	0	0	0	0	0	0	344064	0	0	0	5	0	0	0	0	2105924	0	0	0	0	0	0	0	0	231049	0	0	0	0	0	0	0	0	62668	0	0	0	0	0	0	0	0	493297	0	0	0	0	0	0	0	0	4641.31	0.0	0.0	0.0	0.000563	0.0	0.0	0.0	0.0	1.0	0.0	0.0	0.0	0.0	0.0	0.0	0.0	0.0	
971	3240559	1150.158699553	5055.70844444445	5330.652888888903	10.9366	0.91262	3240550	0	0	0	5	0	0	0	0	0.000306	0.0	0.0	0.0	0.592538	0.0	0.0	0.0	0.0	966.062	0.0	0.0	0.0	162.171	0.0	0.0	0.0	0.0	0.000298	0.0	0.0	0.0	32.4343	0.0	0.0	0.0	0.0	174	0	0	0	0	0	0	0	0	344308	0	0	0	5	0	0	0	0	2108019	0	0	0	0	0	0	0	0	231576	0	0	0	0	0	0	0	0	62748	0	0	0	0	0	0	0	0	493725	0	0	0	0	0	0	0	0	3446.93	0.0	0.0	0.0	0.000563	0.0	0.0	0.0	0.0	1.0	0.0	0.0	0.0	0.0	0.0	0.0	0.0	0.0	
972	3243893	1151.1587875	5055.70844444445	5274.264000000016	10.9156	0.912459	3243884	0	0	0	5	0	0	0	0	0.000229	0.0	0.0	0.0	0.592538	0.0	0.0	0.0	0.0	967.053	0.0	0.0	0.0	162.171	0.0	0.0	0.0	0.0	0.000298	0.0	0.0	0.0	32.4343	0.0	0.0	0.0	0.0	174	0	0	0	0	0	0	0	0	344547	0	0	0	5	0	0	0	0	2110066	0	0	0	0	0	0	0	0	232093	0	0	0	0	0	0	0	0	62821	0	0	0	0	0	0	0	0	494183	0	0	0	0	0	0	0	0	2581.84	0.0	0.0	0.0	0.000563	0.0	0.0	0.0	0.0	1.0	0.0	0.0	0.0	0.0	0.0	0.0	0.0	0.0	
973	3247117	1152.158950216	5055.70844444445	5219.152888888902	10.8946	0.912298	3247108	0	0	0	5	0	0	0	0	0.000824	0.0	0.0	0.0	0.592538	0.0	0.0	0.0	0.0	968.052	0.0	0.0	0.0	162.171	0.0	0.0	0.0	0.0	0.000298	0.0	0.0	0.0	32.4343	0.0	0.0	0.0	0.0	174	0	0	0	0	0	0	0	0	344781	0	0	0	5	0	0	0	0	2112062	0	0	0	0	0	0	0	0	232588	0	0	0	0	0	0	0	0	62875	0	0	0	0	0	0	0	0	494628	0	0	0	0	0	0	0	0	9275.53	0.0	0.0	0.0	0.000563	0.0	0.0	0.0	0.0	1.0	0.0	0.0	0.0	0.0	0.0	0.0	0.0	0.0	
974	3250369	1153.159164677	5055.70844444445	5183.81955555557	10.8737	0.912137	3250360	0	0	0	5	0	0	0	0	0.000539	0.0	0.0	0.0	0.592538	0.0	0.0	0.0	0.0	969.051	0.0	0.0	0.0	162.171	0.0	0.0	0.0	0.0	0.000298	0.0	0.0	0.0	32.4343	0.0	0.0	0.0	0.0	174	0	0	0	0	0	0	0	0	345010	0	0	0	5	0	0	0	0	2114054	0	0	0	0	0	0	0	0	233081	0	0	0	0	0	0	0	0	62915	0	0	0	0	0	0	0	0	495126	0	0	0	0	0	0	0	0	6065.17	0.0	0.0	0.0	0.000563	0.0	0.0	0.0	0.0	1.0	0.0	0.0	0.0	0.0	0.0	0.0	0.0	0.0	
975	3253674	1154.159267138	5055.70844444445	5143.291777777793	10.8528	0.911975	3253665	0	0	0	5	0	0	0	0	0.000628	0.0	0.0	0.0	0.592538	0.0	0.0	0.0	0.0	970.049	0.0	0.0	0.0	162.171	0.0	0.0	0.0	0.0	0.000298	0.0	0.0	0.0	32.4343	0.0	0.0	0.0	0.0	174	0	0	0	0	0	0	0	0	345234	0	0	0	5	0	0	0	0	2116108	0	0	0	0	0	0	0	0	233583	0	0	0	0	0	0	0	0	62996	0	0	0	0	0	0	0	0	495570	0	0	0	0	0	0	0	0	7065.66	0.0	0.0	0.0	0.000563	0.0	0.0	0.0	0.0	1.0	0.0	0.0	0.0	0.0	0.0	0.0	0.0	0.0	
976	3256935	1155.159503071	5055.70844444445	5247.708444444459	10.8319	0.911813	3256926	0	0	0	5	0	0	0	0	1.1e-5	0.0	0.0	0.0	0.592538	0.0	0.0	0.0	0.0	971.048	0.0	0.0	0.0	162.171	0.0	0.0	0.0	0.0	0.000298	0.0	0.0	0.0	32.4343	0.0	0.0	0.0	0.0	174	0	0	0	0	0	0	0	0	345470	0	0	0	5	0	0	0	0	2118198	0	0	0	0	0	0	0	0	234053	0	0	0	0	0	0	0	0	63072	0	0	0	0	0	0	0	0	495959	0	0	0	0	0	0	0	0	123.324	0.0	0.0	0.0	0.000563	0.0	0.0	0.0	0.0	0.999995	0.0	0.0	0.0	5.0e-6	0.0	0.0	0.0	0.0	
977	3260154	1156.1671971	5055.70844444445	5344.152888888902	10.8111	0.911652	3260145	0	0	0	5	0	0	0	0	0.000474	0.0	0.0	0.0	0.592538	0.0	0.0	0.0	0.0	972.054	0.0	0.0	0.0	162.171	0.0	0.0	0.0	0.0	0.000298	0.0	0.0	0.0	32.4343	0.0	0.0	0.0	0.0	174	0	0	0	0	0	0	0	0	345704	0	0	0	5	0	0	0	0	2120262	0	0	0	0	0	0	0	0	234536	0	0	0	0	0	0	0	0	63147	0	0	0	0	0	0	0	0	496322	0	0	0	0	0	0	0	0	5334.12	0.0	0.0	0.0	0.000563	0.0	0.0	0.0	0.0	1.0	0.0	0.0	0.0	0.0	0.0	0.0	0.0	0.0	
978	3263507	1157.167331346	5055.70844444445	5339.54177777779	10.7901	0.911488	3263498	0	0	0	5	0	0	0	0	0.000757	0.0	0.0	0.0	0.592538	0.0	0.0	0.0	0.0	973.053	0.0	0.0	0.0	162.171	0.0	0.0	0.0	0.0	0.000298	0.0	0.0	0.0	32.4343	0.0	0.0	0.0	0.0	174	0	0	0	0	0	0	0	0	345943	0	0	0	5	0	0	0	0	2122344	0	0	0	0	0	0	0	0	235003	0	0	0	0	0	0	0	0	63229	0	0	0	0	0	0	0	0	496805	0	0	0	0	0	0	0	0	8512.95	0.0	0.0	0.0	0.000563	0.0	0.0	0.0	0.0	1.0	0.0	0.0	0.0	0.0	0.0	0.0	0.0	0.0	
979	3266920	1158.167394914	5055.70844444445	5225.7362222222355	10.7694	0.911325	3266911	0	0	0	5	0	0	0	0	0.000472	0.0	0.0	0.0	0.592538	0.0	0.0	0.0	0.0	974.052	0.0	0.0	0.0	162.171	0.0	0.0	0.0	0.0	0.000298	0.0	0.0	0.0	32.4343	0.0	0.0	0.0	0.0	174	0	0	0	0	0	0	0	0	346170	0	0	0	5	0	0	0	0	2124493	0	0	0	0	0	0	0	0	235414	0	0	0	0	0	0	0	0	63347	0	0	0	0	0	0	0	0	497313	0	0	0	0	0	0	0	0	5304.35	0.0	0.0	0.0	0.000563	0.0	0.0	0.0	0.0	1.0	0.0	0.0	0.0	0.0	0.0	0.0	0.0	0.0	
980	3270245	1159.167512856	5055.70844444445	5491.152888888903	10.7487	0.911162	3270236	0	0	0	5	0	0	0	0	0.00027	0.0	0.0	0.0	0.592538	0.0	0.0	0.0	0.0	975.05	0.0	0.0	0.0	162.171	0.0	0.0	0.0	0.0	0.000298	0.0	0.0	0.0	32.4343	0.0	0.0	0.0	0.0	174	0	0	0	0	0	0	0	0	346384	0	0	0	5	0	0	0	0	2126517	0	0	0	0	0	0	0	0	235864	0	0	0	0	0	0	0	0	63457	0	0	0	0	0	0	0	0	497840	0	0	0	0	0	0	0	0	3036.62	0.0	0.0	0.0	0.000563	0.0	0.0	0.0	0.0	1.0	0.0	0.0	0.0	0.0	0.0	0.0	0.0	0.0	
981	3273503	1160.167727057	5055.70844444445	5432.375111111125	10.728	0.910999	3273494	0	0	0	5	0	0	0	0	0.000335	0.0	0.0	0.0	0.592538	0.0	0.0	0.0	0.0	976.049	0.0	0.0	0.0	162.171	0.0	0.0	0.0	0.0	0.000298	0.0	0.0	0.0	32.4343	0.0	0.0	0.0	0.0	174	0	0	0	0	0	0	0	0	346610	0	0	0	5	0	0	0	0	2128488	0	0	0	0	0	0	0	0	236323	0	0	0	0	0	0	0	0	63550	0	0	0	0	0	0	0	0	498349	0	0	0	0	0	0	0	0	3773.15	0.0	0.0	0.0	0.000563	0.0	0.0	0.0	0.0	1.0	0.0	0.0	0.0	0.0	0.0	0.0	0.0	0.0	
982	3276737	1161.167939009	5055.70844444445	5433.708444444458	10.7074	0.910835	3276728	0	0	0	5	0	0	0	0	0.000411	0.0	0.0	0.0	0.592538	0.0	0.0	0.0	0.0	977.048	0.0	0.0	0.0	162.171	0.0	0.0	0.0	0.0	0.000298	0.0	0.0	0.0	32.4343	0.0	0.0	0.0	0.0	174	0	0	0	0	0	0	0	0	346844	0	0	0	5	0	0	0	0	2130504	0	0	0	0	0	0	0	0	236724	0	0	0	0	0	0	0	0	63637	0	0	0	0	0	0	0	0	498845	0	0	0	0	0	0	0	0	4627.57	0.0	0.0	0.0	0.000563	0.0	0.0	0.0	0.0	1.0	0.0	0.0	0.0	0.0	0.0	0.0	0.0	0.0	
983	3279994	1162.168097273	5055.70844444445	5406.125111111125	10.6868	0.910671	3279985	0	0	0	5	0	0	0	0	0.000132	0.0	0.0	0.0	0.592538	0.0	0.0	0.0	0.0	978.046	0.0	0.0	0.0	162.171	0.0	0.0	0.0	0.0	0.000298	0.0	0.0	0.0	32.4343	0.0	0.0	0.0	0.0	174	0	0	0	0	0	0	0	0	347088	0	0	0	5	0	0	0	0	2132556	0	0	0	0	0	0	0	0	237121	0	0	0	0	0	0	0	0	63713	0	0	0	0	0	0	0	0	499333	0	0	0	0	0	0	0	0	1486.55	0.0	0.0	0.0	0.000563	0.0	0.0	0.0	0.0	1.0	0.0	0.0	0.0	0.0	0.0	0.0	0.0	0.0	
984	3283278	1163.176034538	5055.70844444445	5403.208444444458	10.6663	0.910508	3283269	0	0	0	5	0	0	0	0	0.000269	0.0	0.0	0.0	0.592538	0.0	0.0	0.0	0.0	979.053	0.0	0.0	0.0	162.171	0.0	0.0	0.0	0.0	0.000298	0.0	0.0	0.0	32.4343	0.0	0.0	0.0	0.0	174	0	0	0	0	0	0	0	0	347321	0	0	0	5	0	0	0	0	2134562	0	0	0	0	0	0	0	0	237504	0	0	0	0	0	0	0	0	63805	0	0	0	0	0	0	0	0	499903	0	0	0	0	0	0	0	0	3023.48	0.0	0.0	0.0	0.000563	0.0	0.0	0.0	0.0	1.0	0.0	0.0	0.0	0.0	0.0	0.0	0.0	0.0	
985	3286558	1164.176501061	5055.70844444445	5168.236222222236	10.6458	0.910343	3286549	0	0	0	5	0	0	0	0	0.000581	0.0	0.0	0.0	0.592538	0.0	0.0	0.0	0.0	980.052	0.0	0.0	0.0	162.171	0.0	0.0	0.0	0.0	0.000298	0.0	0.0	0.0	32.4343	0.0	0.0	0.0	0.0	174	0	0	0	0	0	0	0	0	347569	0	0	0	5	0	0	0	0	2136595	0	0	0	0	0	0	0	0	237889	0	0	0	0	0	0	0	0	63911	0	0	0	0	0	0	0	0	500411	0	0	0	0	0	0	0	0	6535.0	0.0	0.0	0.0	0.000563	0.0	0.0	0.0	0.0	1.0	0.0	0.0	0.0	0.0	0.0	0.0	0.0	0.0	
986	3289821	1165.184673886	5055.70844444445	5233.5973333333495	10.6252	0.910177	3289812	0	0	0	5	0	0	0	0	0.000177	0.0	0.0	0.0	0.592538	0.0	0.0	0.0	0.0	981.058	0.0	0.0	0.0	162.171	0.0	0.0	0.0	0.0	0.000298	0.0	0.0	0.0	32.4343	0.0	0.0	0.0	0.0	174	0	0	0	0	0	0	0	0	347824	0	0	0	5	0	0	0	0	2138660	0	0	0	0	0	0	0	0	238284	0	0	0	0	0	0	0	0	63995	0	0	0	0	0	0	0	0	500875	0	0	0	0	0	0	0	0	1989.57	0.0	0.0	0.0	0.000563	0.0	0.0	0.0	0.0	1.0	0.0	0.0	0.0	0.0	0.0	0.0	0.0	0.0	
987	3293068	1166.184982901	5055.70844444445	5267.347333333349	10.6045	0.91001	3293059	0	0	0	5	0	0	0	0	0.000564	0.0	0.0	0.0	0.592538	0.0	0.0	0.0	0.0	982.057	0.0	0.0	0.0	162.171	0.0	0.0	0.0	0.0	0.000298	0.0	0.0	0.0	32.4343	0.0	0.0	0.0	0.0	174	0	0	0	0	0	0	0	0	348080	0	0	0	5	0	0	0	0	2140685	0	0	0	0	0	0	0	0	238764	0	0	0	0	0	0	0	0	64057	0	0	0	0	0	0	0	0	501299	0	0	0	0	0	0	0	0	6339.25	0.0	0.0	0.0	0.000563	0.0	0.0	0.0	0.0	1.0	0.0	0.0	0.0	0.0	0.0	0.0	0.0	0.0	
988	3296271	1167.185287421	5055.70844444445	5322.652888888904	10.5841	0.909845	3296262	0	0	0	5	0	0	0	0	0.000725	0.0	0.0	0.0	0.592538	0.0	0.0	0.0	0.0	983.056	0.0	0.0	0.0	162.171	0.0	0.0	0.0	0.0	0.000298	0.0	0.0	0.0	32.4343	0.0	0.0	0.0	0.0	174	0	0	0	0	0	0	0	0	348346	0	0	0	5	0	0	0	0	2142660	0	0	0	0	0	0	0	0	239176	0	0	0	0	0	0	0	0	64136	0	0	0	0	0	0	0	0	501770	0	0	0	0	0	0	0	0	8149.66	0.0	0.0	0.0	0.000563	0.0	0.0	0.0	0.0	1.0	0.0	0.0	0.0	0.0	0.0	0.0	0.0	0.0	
989	3299571	1168.1853565	5055.70844444445	5300.152888888905	10.5638	0.909679	3299562	0	0	0	5	0	0	0	0	0.000494	0.0	0.0	0.0	0.592538	0.0	0.0	0.0	0.0	984.054	0.0	0.0	0.0	162.171	0.0	0.0	0.0	0.0	0.000298	0.0	0.0	0.0	32.4343	0.0	0.0	0.0	0.0	174	0	0	0	0	0	0	0	0	348598	0	0	0	5	0	0	0	0	2144761	0	0	0	0	0	0	0	0	239607	0	0	0	0	0	0	0	0	64220	0	0	0	0	0	0	0	0	502202	0	0	0	0	0	0	0	0	5554.17	0.0	0.0	0.0	0.000563	0.0	0.0	0.0	0.0	1.0	0.0	0.0	0.0	0.0	0.0	0.0	0.0	0.0	
990	3302879	1169.185455971	5055.70844444445	5298.125111111124	10.5435	0.909514	3302870	0	0	0	5	0	0	0	0	0.000163	0.0	0.0	0.0	0.592538	0.0	0.0	0.0	0.0	985.053	0.0	0.0	0.0	162.171	0.0	0.0	0.0	0.0	0.000298	0.0	0.0	0.0	32.4343	0.0	0.0	0.0	0.0	174	0	0	0	0	0	0	0	0	348846	0	0	0	5	0	0	0	0	2146828	0	0	0	0	0	0	0	0	240071	0	0	0	0	0	0	0	0	64307	0	0	0	0	0	0	0	0	502644	0	0	0	0	0	0	0	0	1828.23	0.0	0.0	0.0	0.000563	0.0	0.0	0.0	0.0	1.0	0.0	0.0	0.0	0.0	0.0	0.0	0.0	0.0	
991	3306191	1170.185765696	5055.70844444445	5187.180666666681	10.5232	0.909347	3306182	0	0	0	5	0	0	0	0	0.000663	0.0	0.0	0.0	0.592538	0.0	0.0	0.0	0.0	986.052	0.0	0.0	0.0	162.171	0.0	0.0	0.0	0.0	0.000298	0.0	0.0	0.0	32.4343	0.0	0.0	0.0	0.0	174	0	0	0	0	0	0	0	0	349094	0	0	0	5	0	0	0	0	2148920	0	0	0	0	0	0	0	0	240535	0	0	0	0	0	0	0	0	64404	0	0	0	0	0	0	0	0	503055	0	0	0	0	0	0	0	0	7454.32	0.0	0.0	0.0	0.000563	0.0	0.0	0.0	0.0	1.0	0.0	0.0	0.0	0.0	0.0	0.0	0.0	0.0	
992	3309487	1171.185945186	5054.375111111124	5100.514000000014	10.503	0.909181	3309478	0	0	0	5	0	0	0	0	0.000522	0.0	0.0	0.0	0.592538	0.0	0.0	0.0	0.0	987.051	0.0	0.0	0.0	162.171	0.0	0.0	0.0	0.0	0.000298	0.0	0.0	0.0	32.4343	0.0	0.0	0.0	0.0	177	0	0	0	0	0	0	0	0	349340	0	0	0	5	0	0	0	0	2150954	0	0	0	0	0	0	0	0	241004	0	0	0	0	0	0	0	0	64475	0	0	0	0	0	0	0	0	503528	0	0	0	0	0	0	0	0	5868.25	0.0	0.0	0.0	0.000563	0.0	0.0	0.0	0.0	1.0	0.0	0.0	0.0	0.0	0.0	0.0	0.0	0.0	
993	3312810	1172.186199887	4971.958444444458	5018.847333333348	10.4828	0.909014	3312801	0	0	0	5	0	0	0	0	0.000114	0.0	0.0	0.0	0.592538	0.0	0.0	0.0	0.0	988.039	0.0	0.0	0.0	162.171	0.0	0.0	0.0	0.0	0.000298	0.0	0.0	0.0	32.4343	0.0	0.0	0.0	0.0	191	0	0	0	0	0	0	0	0	349575	0	0	0	5	0	0	0	0	2152963	0	0	0	0	0	0	0	0	241502	0	0	0	0	0	0	0	0	64556	0	0	0	0	0	0	0	0	504014	0	0	0	0	0	0	0	0	1276.88	0.0	0.0	0.0	0.000563	0.0	0.0	0.0	0.0	1.0	0.0	0.0	0.0	0.0	0.0	0.0	0.0	0.0	
994	3316096	1173.187869283	4971.958444444458	5092.597333333346	10.4628	0.908848	3316087	0	0	0	5	0	0	0	0	0.000439	0.0	0.0	0.0	0.592538	0.0	0.0	0.0	0.0	989.039	0.0	0.0	0.0	162.171	0.0	0.0	0.0	0.0	0.000298	0.0	0.0	0.0	32.4343	0.0	0.0	0.0	0.0	191	0	0	0	0	0	0	0	0	349785	0	0	0	5	0	0	0	0	2154873	0	0	0	0	0	0	0	0	242036	0	0	0	0	0	0	0	0	64647	0	0	0	0	0	0	0	0	504555	0	0	0	0	0	0	0	0	4934.71	0.0	0.0	0.0	0.000563	0.0	0.0	0.0	0.0	1.0	0.0	0.0	0.0	0.0	0.0	0.0	0.0	0.0	
995	3319453	1174.188012794	4971.958444444458	5174.486222222236	10.4425	0.90868	3319444	0	0	0	5	0	0	0	0	0.000431	0.0	0.0	0.0	0.592538	0.0	0.0	0.0	0.0	990.038	0.0	0.0	0.0	162.171	0.0	0.0	0.0	0.0	0.000298	0.0	0.0	0.0	32.4343	0.0	0.0	0.0	0.0	191	0	0	0	0	0	0	0	0	350026	0	0	0	5	0	0	0	0	2156864	0	0	0	0	0	0	0	0	242541	0	0	0	0	0	0	0	0	64748	0	0	0	0	0	0	0	0	505074	0	0	0	0	0	0	0	0	4844.16	0.0	0.0	0.0	0.000563	0.0	0.0	0.0	0.0	1.0	0.0	0.0	0.0	0.0	0.0	0.0	0.0	0.0	
996	3322887	1175.198075097	4971.958444444458	5188.597333333348	10.4224	0.908512	3322878	0	0	0	5	0	0	0	0	0.000231	0.0	0.0	0.0	0.592538	0.0	0.0	0.0	0.0	991.046	0.0	0.0	0.0	162.171	0.0	0.0	0.0	0.0	0.000298	0.0	0.0	0.0	32.4343	0.0	0.0	0.0	0.0	191	0	0	0	0	0	0	0	0	350287	0	0	0	5	0	0	0	0	2158919	0	0	0	0	0	0	0	0	242990	0	0	0	0	0	0	0	0	64862	0	0	0	0	0	0	0	0	505629	0	0	0	0	0	0	0	0	2591.99	0.0	0.0	0.0	0.000563	0.0	0.0	0.0	0.0	1.0	0.0	0.0	0.0	0.0	0.0	0.0	0.0	0.0	
997	3326319	1176.198109275	4971.958444444458	5162.625111111125	10.4022	0.908343	3326310	0	0	0	5	0	0	0	0	0.000679	0.0	0.0	0.0	0.592538	0.0	0.0	0.0	0.0	992.045	0.0	0.0	0.0	162.171	0.0	0.0	0.0	0.0	0.000298	0.0	0.0	0.0	32.4343	0.0	0.0	0.0	0.0	191	0	0	0	0	0	0	0	0	350524	0	0	0	5	0	0	0	0	2160995	0	0	0	0	0	0	0	0	243458	0	0	0	0	0	0	0	0	64982	0	0	0	0	0	0	0	0	506160	0	0	0	0	0	0	0	0	7633.22	0.0	0.0	0.0	0.000563	0.0	0.0	0.0	0.0	1.0	0.0	0.0	0.0	0.0	0.0	0.0	0.0	0.0	
998	3329686	1177.204934981	4971.958444444458	5185.986222222236	10.3822	0.908175	3329677	0	0	0	5	0	0	0	0	0.000514	0.0	0.0	0.0	0.592538	0.0	0.0	0.0	0.0	993.05	0.0	0.0	0.0	162.171	0.0	0.0	0.0	0.0	0.000298	0.0	0.0	0.0	32.4343	0.0	0.0	0.0	0.0	191	0	0	0	0	0	0	0	0	350748	0	0	0	5	0	0	0	0	2163073	0	0	0	0	0	0	0	0	243917	0	0	0	0	0	0	0	0	65130	0	0	0	0	0	0	0	0	506618	0	0	0	0	0	0	0	0	5774.03	0.0	0.0	0.0	0.000563	0.0	0.0	0.0	0.0	1.0	0.0	0.0	0.0	0.0	0.0	0.0	0.0	0.0	
999	3333115	1178.205097255	4971.958444444458	5206.486222222237	10.3621	0.908005	3333106	0	0	0	5	0	0	0	0	0.000357	0.0	0.0	0.0	0.592538	0.0	0.0	0.0	0.0	994.049	0.0	0.0	0.0	162.171	0.0	0.0	0.0	0.0	0.000298	0.0	0.0	0.0	32.4343	0.0	0.0	0.0	0.0	191	0	0	0	0	0	0	0	0	351000	0	0	0	5	0	0	0	0	2165171	0	0	0	0	0	0	0	0	244386	0	0	0	0	0	0	0	0	65237	0	0	0	0	0	0	0	0	507121	0	0	0	0	0	0	0	0	4013.39	0.0	0.0	0.0	0.000563	0.0	0.0	0.0	0.0	1.0	0.0	0.0	0.0	0.0	0.0	0.0	0.0	0.0	
1000	3336487	1179.205245047	4971.958444444458	5466.402888888902	10.3422	0.907836	3336478	0	0	0	5	0	0	0	0	0.000415	0.0	0.0	0.0	0.592538	0.0	0.0	0.0	0.0	995.048	0.0	0.0	0.0	162.171	0.0	0.0	0.0	0.0	0.000298	0.0	0.0	0.0	32.4343	0.0	0.0	0.0	0.0	191	0	0	0	0	0	0	0	0	351228	0	0	0	5	0	0	0	0	2167263	0	0	0	0	0	0	0	0	244850	0	0	0	0	0	0	0	0	65328	0	0	0	0	0	0	0	0	507618	0	0	0	0	0	0	0	0	4670.76	0.0	0.0	0.0	0.000563	0.0	0.0	0.0	0.0	1.0	0.0	0.0	0.0	0.0	0.0	0.0	0.0	0.0	
1001	3339879	1180.205426889	4971.958444444458	5336.041777777789	10.3223	0.907667	3339870	0	0	0	5	0	0	0	0	0.000488	0.0	0.0	0.0	0.592538	0.0	0.0	0.0	0.0	996.046	0.0	0.0	0.0	162.171	0.0	0.0	0.0	0.0	0.000298	0.0	0.0	0.0	32.4343	0.0	0.0	0.0	0.0	191	0	0	0	0	0	0	0	0	351512	0	0	0	5	0	0	0	0	2169390	0	0	0	0	0	0	0	0	245260	0	0	0	0	0	0	0	0	65420	0	0	0	0	0	0	0	0	508097	0	0	0	0	0	0	0	0	5492.4	0.0	0.0	0.0	0.000563	0.0	0.0	0.0	0.0	1.0	0.0	0.0	0.0	0.0	0.0	0.0	0.0	0.0	
1002	3343166	1181.205514496	4971.958444444458	5313.514000000016	10.3024	0.907497	3343157	0	0	0	5	0	0	0	0	0.000463	0.0	0.0	0.0	0.592538	0.0	0.0	0.0	0.0	997.045	0.0	0.0	0.0	162.171	0.0	0.0	0.0	0.0	0.000298	0.0	0.0	0.0	32.4343	0.0	0.0	0.0	0.0	191	0	0	0	0	0	0	0	0	351743	0	0	0	5	0	0	0	0	2171430	0	0	0	0	0	0	0	0	245660	0	0	0	0	0	0	0	0	65510	0	0	0	0	0	0	0	0	508623	0	0	0	0	0	0	0	0	5210.26	0.0	0.0	0.0	0.000563	0.0	0.0	0.0	0.0	1.0	0.0	0.0	0.0	0.0	0.0	0.0	0.0	0.0	
1003	3346506	1182.215834424	4971.958444444458	5288.625111111125	10.2826	0.907328	3346497	0	0	0	5	0	0	0	0	0.000593	0.0	0.0	0.0	0.592538	0.0	0.0	0.0	0.0	998.054	0.0	0.0	0.0	162.171	0.0	0.0	0.0	0.0	0.000298	0.0	0.0	0.0	32.4343	0.0	0.0	0.0	0.0	191	0	0	0	0	0	0	0	0	351968	0	0	0	5	0	0	0	0	2173469	0	0	0	0	0	0	0	0	246130	0	0	0	0	0	0	0	0	65591	0	0	0	0	0	0	0	0	509148	0	0	0	0	0	0	0	0	6667.53	0.0	0.0	0.0	0.000563	0.0	0.0	0.0	0.0	1.0	0.0	0.0	0.0	0.0	0.0	0.0	0.0	0.0	
1004	3349889	1183.216094673	4971.958444444458	5192.54177777779	10.2627	0.907156	3349880	0	0	0	5	0	0	0	0	0.000349	0.0	0.0	0.0	0.592538	0.0	0.0	0.0	0.0	999.053	0.0	0.0	0.0	162.171	0.0	0.0	0.0	0.0	0.000298	0.0	0.0	0.0	32.4343	0.0	0.0	0.0	0.0	191	0	0	0	0	0	0	0	0	352227	0	0	0	5	0	0	0	0	2175512	0	0	0	0	0	0	0	0	246553	0	0	0	0	0	0	0	0	65683	0	0	0	0	0	0	0	0	509714	0	0	0	0	0	0	0	0	3918.52	0.0	0.0	0.0	0.000563	0.0	0.0	0.0	0.0	1.0	0.0	0.0	0.0	0.0	0.0	0.0	0.0	0.0	
1005	3353221	1184.216167085	4971.958444444458	5137.014000000012	10.2429	0.906986	3353212	0	0	0	5	0	0	0	0	0.000295	0.0	0.0	0.0	0.592538	0.0	0.0	0.0	0.0	1000.05	0.0	0.0	0.0	162.171	0.0	0.0	0.0	0.0	0.000298	0.0	0.0	0.0	32.4343	0.0	0.0	0.0	0.0	191	0	0	0	0	0	0	0	0	352442	0	0	0	5	0	0	0	0	2177513	0	0	0	0	0	0	0	0	246993	0	0	0	0	0	0	0	0	65789	0	0	0	0	0	0	0	0	510284	0	0	0	0	0	0	0	0	3312.74	0.0	0.0	0.0	0.000563	0.0	0.0	0.0	0.0	1.0	0.0	0.0	0.0	0.0	0.0	0.0	0.0	0.0	
1006	3356488	1185.216290447	4971.958444444458	5173.597333333345	10.2232	0.906815	3356479	0	0	0	5	0	0	0	0	0.000176	0.0	0.0	0.0	0.592538	0.0	0.0	0.0	0.0	1001.05	0.0	0.0	0.0	162.171	0.0	0.0	0.0	0.0	0.000298	0.0	0.0	0.0	32.4343	0.0	0.0	0.0	0.0	191	0	0	0	0	0	0	0	0	352664	0	0	0	5	0	0	0	0	2179484	0	0	0	0	0	0	0	0	247457	0	0	0	0	0	0	0	0	65895	0	0	0	0	0	0	0	0	510788	0	0	0	0	0	0	0	0	1979.42	0.0	0.0	0.0	0.000563	0.0	0.0	0.0	0.0	1.0	0.0	0.0	0.0	0.0	0.0	0.0	0.0	0.0	
1007	3359765	1186.216578538	4971.958444444458	5109.652888888901	10.2036	0.906644	3359756	0	0	0	5	0	0	0	0	0.000452	0.0	0.0	0.0	0.592538	0.0	0.0	0.0	0.0	1002.05	0.0	0.0	0.0	162.171	0.0	0.0	0.0	0.0	0.000298	0.0	0.0	0.0	32.4343	0.0	0.0	0.0	0.0	191	0	0	0	0	0	0	0	0	352871	0	0	0	5	0	0	0	0	2181458	0	0	0	0	0	0	0	0	247923	0	0	0	0	0	0	0	0	65999	0	0	0	0	0	0	0	0	511314	0	0	0	0	0	0	0	0	5080.27	0.0	0.0	0.0	0.000563	0.0	0.0	0.0	0.0	1.0	0.0	0.0	0.0	0.0	0.0	0.0	0.0	0.0	
1008	3363074	1187.216797732	4971.958444444458	5101.902888888901	10.184	0.906473	3363065	0	0	0	5	0	0	0	0	6.1e-5	0.0	0.0	0.0	0.592538	0.0	0.0	0.0	0.0	1003.05	0.0	0.0	0.0	162.171	0.0	0.0	0.0	0.0	0.000298	0.0	0.0	0.0	32.4343	0.0	0.0	0.0	0.0	191	0	0	0	0	0	0	0	0	353084	0	0	0	5	0	0	0	0	2183501	0	0	0	0	0	0	0	0	248382	0	0	0	0	0	0	0	0	66130	0	0	0	0	0	0	0	0	511777	0	0	0	0	0	0	0	0	688.565	0.0	0.0	0.0	0.000563	0.0	0.0	0.0	0.0	0.999999	0.0	0.0	0.0	1.0e-6	0.0	0.0	0.0	0.0	
1009	3366426	1188.21702921	4971.958444444458	5181.458444444456	10.1644	0.906302	3366417	0	0	0	5	0	0	0	0	9.5e-5	0.0	0.0	0.0	0.592538	0.0	0.0	0.0	0.0	1004.05	0.0	0.0	0.0	162.171	0.0	0.0	0.0	0.0	0.000298	0.0	0.0	0.0	32.4343	0.0	0.0	0.0	0.0	191	0	0	0	0	0	0	0	0	353311	0	0	0	5	0	0	0	0	2185613	0	0	0	0	0	0	0	0	248853	0	0	0	0	0	0	0	0	66245	0	0	0	0	0	0	0	0	512204	0	0	0	0	0	0	0	0	1067.49	0.0	0.0	0.0	0.000563	0.0	0.0	0.0	0.0	0.999999	0.0	0.0	0.0	1.0e-6	0.0	0.0	0.0	0.0	
1010	3369745	1189.217074067	4971.958444444458	5085.31955555557	10.1448	0.90613	3369736	0	0	0	5	0	0	0	0	0.000364	0.0	0.0	0.0	0.592538	0.0	0.0	0.0	0.0	1005.04	0.0	0.0	0.0	162.171	0.0	0.0	0.0	0.0	0.000298	0.0	0.0	0.0	32.4343	0.0	0.0	0.0	0.0	191	0	0	0	0	0	0	0	0	353534	0	0	0	5	0	0	0	0	2187642	0	0	0	0	0	0	0	0	249361	0	0	0	0	0	0	0	0	66325	0	0	0	0	0	0	0	0	512683	0	0	0	0	0	0	0	0	4094.32	0.0	0.0	0.0	0.000563	0.0	0.0	0.0	0.0	1.0	0.0	0.0	0.0	0.0	0.0	0.0	0.0	0.0	
1011	3373030	1190.217210838	4971.958444444458	5116.041777777794	10.1253	0.905958	3373021	0	0	0	5	0	0	0	0	0.00022	0.0	0.0	0.0	0.592538	0.0	0.0	0.0	0.0	1006.04	0.0	0.0	0.0	162.171	0.0	0.0	0.0	0.0	0.000298	0.0	0.0	0.0	32.4343	0.0	0.0	0.0	0.0	191	0	0	0	0	0	0	0	0	353764	0	0	0	5	0	0	0	0	2189655	0	0	0	0	0	0	0	0	249898	0	0	0	0	0	0	0	0	66384	0	0	0	0	0	0	0	0	513129	0	0	0	0	0	0	0	0	2475.95	0.0	0.0	0.0	0.000563	0.0	0.0	0.0	0.0	1.0	0.0	0.0	0.0	0.0	0.0	0.0	0.0	0.0	
1012	3376349	1191.217377252	4971.958444444458	5148.791777777793	10.1059	0.905786	3376340	0	0	0	5	0	0	0	0	0.000232	0.0	0.0	0.0	0.592538	0.0	0.0	0.0	0.0	1007.04	0.0	0.0	0.0	162.171	0.0	0.0	0.0	0.0	0.000298	0.0	0.0	0.0	32.4343	0.0	0.0	0.0	0.0	191	0	0	0	0	0	0	0	0	353992	0	0	0	5	0	0	0	0	2191730	0	0	0	0	0	0	0	0	250380	0	0	0	0	0	0	0	0	66478	0	0	0	0	0	0	0	0	513569	0	0	0	0	0	0	0	0	2609.42	0.0	0.0	0.0	0.000563	0.0	0.0	0.0	0.0	1.0	0.0	0.0	0.0	0.0	0.0	0.0	0.0	0.0	
1013	3379681	1192.217636773	4971.958444444458	5156.125111111127	10.0864	0.905613	3379672	0	0	0	5	0	0	0	0	0.000183	0.0	0.0	0.0	0.592538	0.0	0.0	0.0	0.0	1008.04	0.0	0.0	0.0	162.171	0.0	0.0	0.0	0.0	0.000298	0.0	0.0	0.0	32.4343	0.0	0.0	0.0	0.0	191	0	0	0	0	0	0	0	0	354238	0	0	0	5	0	0	0	0	2193780	0	0	0	0	0	0	0	0	250831	0	0	0	0	0	0	0	0	66587	0	0	0	0	0	0	0	0	514045	0	0	0	0	0	0	0	0	2051.48	0.0	0.0	0.0	0.000563	0.0	0.0	0.0	0.0	1.0	0.0	0.0	0.0	0.0	0.0	0.0	0.0	0.0	
1014	3382964	1193.217677499	4971.958444444458	5215.8473333333495	10.067	0.90544	3382955	0	0	0	5	0	0	0	0	0.000179	0.0	0.0	0.0	0.592538	0.0	0.0	0.0	0.0	1009.04	0.0	0.0	0.0	162.171	0.0	0.0	0.0	0.0	0.000298	0.0	0.0	0.0	32.4343	0.0	0.0	0.0	0.0	191	0	0	0	0	0	0	0	0	354478	0	0	0	5	0	0	0	0	2195882	0	0	0	0	0	0	0	0	251275	0	0	0	0	0	0	0	0	66665	0	0	0	0	0	0	0	0	514464	0	0	0	0	0	0	0	0	2013.81	0.0	0.0	0.0	0.000563	0.0	0.0	0.0	0.0	1.0	0.0	0.0	0.0	0.0	0.0	0.0	0.0	0.0	
1015	3386300	1194.21794206	4971.958444444458	5119.625111111128	10.0477	0.905267	3386291	0	0	0	5	0	0	0	0	0.000214	0.0	0.0	0.0	0.592538	0.0	0.0	0.0	0.0	1010.04	0.0	0.0	0.0	162.171	0.0	0.0	0.0	0.0	0.000298	0.0	0.0	0.0	32.4343	0.0	0.0	0.0	0.0	191	0	0	0	0	0	0	0	0	354696	0	0	0	5	0	0	0	0	2197997	0	0	0	0	0	0	0	0	251756	0	0	0	0	0	0	0	0	66739	0	0	0	0	0	0	0	0	514912	0	0	0	0	0	0	0	0	2406.0	0.0	0.0	0.0	0.000563	0.0	0.0	0.0	0.0	1.0	0.0	0.0	0.0	0.0	0.0	0.0	0.0	0.0	
1016	3389558	1195.218101514	4971.958444444458	5134.875111111128	10.0284	0.905093	3389549	0	0	0	5	0	0	0	0	0.000266	0.0	0.0	0.0	0.592538	0.0	0.0	0.0	0.0	1011.04	0.0	0.0	0.0	162.171	0.0	0.0	0.0	0.0	0.000298	0.0	0.0	0.0	32.4343	0.0	0.0	0.0	0.0	191	0	0	0	0	0	0	0	0	354949	0	0	0	5	0	0	0	0	2199961	0	0	0	0	0	0	0	0	252211	0	0	0	0	0	0	0	0	66822	0	0	0	0	0	0	0	0	515415	0	0	0	0	0	0	0	0	2994.36	0.0	0.0	0.0	0.000563	0.0	0.0	0.0	0.0	1.0	0.0	0.0	0.0	0.0	0.0	0.0	0.0	0.0	
1017	3392828	1196.218157262	4971.958444444458	5167.652888888904	10.0091	0.90492	3392819	0	0	0	5	0	0	0	0	0.000434	0.0	0.0	0.0	0.592538	0.0	0.0	0.0	0.0	1012.04	0.0	0.0	0.0	162.171	0.0	0.0	0.0	0.0	0.000298	0.0	0.0	0.0	32.4343	0.0	0.0	0.0	0.0	191	0	0	0	0	0	0	0	0	355180	0	0	0	5	0	0	0	0	2201971	0	0	0	0	0	0	0	0	252686	0	0	0	0	0	0	0	0	66895	0	0	0	0	0	0	0	0	515896	0	0	0	0	0	0	0	0	4877.64	0.0	0.0	0.0	0.000563	0.0	0.0	0.0	0.0	1.0	0.0	0.0	0.0	0.0	0.0	0.0	0.0	0.0	
1018	3396182	1197.218393806	4971.958444444458	5197.708444444461	9.98984	0.904745	3396173	0	0	0	5	0	0	0	0	0.000549	0.0	0.0	0.0	0.592538	0.0	0.0	0.0	0.0	1013.03	0.0	0.0	0.0	162.171	0.0	0.0	0.0	0.0	0.000298	0.0	0.0	0.0	32.4343	0.0	0.0	0.0	0.0	191	0	0	0	0	0	0	0	0	355413	0	0	0	5	0	0	0	0	2204029	0	0	0	0	0	0	0	0	253175	0	0	0	0	0	0	0	0	66968	0	0	0	0	0	0	0	0	516397	0	0	0	0	0	0	0	0	6169.28	0.0	0.0	0.0	0.000563	0.0	0.0	0.0	0.0	1.0	0.0	0.0	0.0	0.0	0.0	0.0	0.0	0.0	
1019	3399499	1198.220713956	4971.958444444458	5084.208444444462	9.97081	0.904573	3399490	0	0	0	5	0	0	0	0	0.000225	0.0	0.0	0.0	0.592538	0.0	0.0	0.0	0.0	1014.04	0.0	0.0	0.0	162.171	0.0	0.0	0.0	0.0	0.000298	0.0	0.0	0.0	32.4343	0.0	0.0	0.0	0.0	191	0	0	0	0	0	0	0	0	355653	0	0	0	5	0	0	0	0	2206034	0	0	0	0	0	0	0	0	253645	0	0	0	0	0	0	0	0	67068	0	0	0	0	0	0	0	0	516899	0	0	0	0	0	0	0	0	2532.9	0.0	0.0	0.0	0.000563	0.0	0.0	0.0	0.0	1.0	0.0	0.0	0.0	0.0	0.0	0.0	0.0	0.0	
1020	3402853	1199.220912549	4971.958444444458	5162.375111111128	9.95143	0.904396	3402844	0	0	0	5	0	0	0	0	0.000727	0.0	0.0	0.0	0.592538	0.0	0.0	0.0	0.0	1015.03	0.0	0.0	0.0	162.171	0.0	0.0	0.0	0.0	0.000298	0.0	0.0	0.0	32.4343	0.0	0.0	0.0	0.0	191	0	0	0	0	0	0	0	0	355892	0	0	0	5	0	0	0	0	2208104	0	0	0	0	0	0	0	0	254107	0	0	0	0	0	0	0	0	67179	0	0	0	0	0	0	0	0	517371	0	0	0	0	0	0	0	0	8168.24	0.0	0.0	0.0	0.000563	0.0	0.0	0.0	0.0	1.0	0.0	0.0	0.0	0.0	0.0	0.0	0.0	0.0	
1021	3406184	1200.220934713	4971.958444444458	5156.37511111113	9.9323	0.904221	3406175	0	0	0	5	0	0	0	0	0.000402	0.0	0.0	0.0	0.592538	0.0	0.0	0.0	0.0	1016.03	0.0	0.0	0.0	162.171	0.0	0.0	0.0	0.0	0.000298	0.0	0.0	0.0	32.4343	0.0	0.0	0.0	0.0	191	0	0	0	0	0	0	0	0	356144	0	0	0	5	0	0	0	0	2210078	0	0	0	0	0	0	0	0	254587	0	0	0	0	0	0	0	0	67266	0	0	0	0	0	0	0	0	517909	0	0	0	0	0	0	0	0	4519.18	0.0	0.0	0.0	0.000563	0.0	0.0	0.0	0.0	1.0	0.0	0.0	0.0	0.0	0.0	0.0	0.0	0.0	
1022	3409544	1201.220951401	4971.958444444458	5178.541777777795	9.9132	0.904046	3409535	0	0	0	5	0	0	0	0	0.000252	0.0	0.0	0.0	0.592538	0.0	0.0	0.0	0.0	1017.03	0.0	0.0	0.0	162.171	0.0	0.0	0.0	0.0	0.000298	0.0	0.0	0.0	32.4343	0.0	0.0	0.0	0.0	191	0	0	0	0	0	0	0	0	356389	0	0	0	5	0	0	0	0	2212059	0	0	0	0	0	0	0	0	255075	0	0	0	0	0	0	0	0	67360	0	0	0	0	0	0	0	0	518461	0	0	0	0	0	0	0	0	2827.19	0.0	0.0	0.0	0.000563	0.0	0.0	0.0	0.0	1.0	0.0	0.0	0.0	0.0	0.0	0.0	0.0	0.0	
1023	3412886	1202.221193324	4971.958444444458	5173.0140000000165	9.89414	0.90387	3412877	0	0	0	5	0	0	0	0	0.000484	0.0	0.0	0.0	0.592538	0.0	0.0	0.0	0.0	1018.03	0.0	0.0	0.0	162.171	0.0	0.0	0.0	0.0	0.000298	0.0	0.0	0.0	32.4343	0.0	0.0	0.0	0.0	191	0	0	0	0	0	0	0	0	356634	0	0	0	5	0	0	0	0	2214029	0	0	0	0	0	0	0	0	255607	0	0	0	0	0	0	0	0	67454	0	0	0	0	0	0	0	0	518962	0	0	0	0	0	0	0	0	5440.61	0.0	0.0	0.0	0.000563	0.0	0.0	0.0	0.0	1.0	0.0	0.0	0.0	0.0	0.0	0.0	0.0	0.0	
1024	3416145	1203.221240258	4971.958444444458	5173.486222222239	9.87512	0.903694	3416136	0	0	0	5	0	0	0	0	7.2e-5	0.0	0.0	0.0	0.592538	0.0	0.0	0.0	0.0	1019.03	0.0	0.0	0.0	162.171	0.0	0.0	0.0	0.0	0.000298	0.0	0.0	0.0	32.4343	0.0	0.0	0.0	0.0	191	0	0	0	0	0	0	0	0	356826	0	0	0	5	0	0	0	0	2215986	0	0	0	0	0	0	0	0	256164	0	0	0	0	0	0	0	0	67532	0	0	0	0	0	0	0	0	519437	0	0	0	0	0	0	0	0	809.712	0.0	0.0	0.0	0.000563	0.0	0.0	0.0	0.0	0.999999	0.0	0.0	0.0	1.0e-6	0.0	0.0	0.0	0.0	
1025	3419368	1204.221363208	4971.958444444458	5166.319555555572	9.85614	0.903518	3419359	0	0	0	5	0	0	0	0	0.000326	0.0	0.0	0.0	0.592538	0.0	0.0	0.0	0.0	1020.03	0.0	0.0	0.0	162.171	0.0	0.0	0.0	0.0	0.000298	0.0	0.0	0.0	32.4343	0.0	0.0	0.0	0.0	191	0	0	0	0	0	0	0	0	357056	0	0	0	5	0	0	0	0	2217923	0	0	0	0	0	0	0	0	256699	0	0	0	0	0	0	0	0	67591	0	0	0	0	0	0	0	0	519899	0	0	0	0	0	0	0	0	3666.65	0.0	0.0	0.0	0.000563	0.0	0.0	0.0	0.0	1.0	0.0	0.0	0.0	0.0	0.0	0.0	0.0	0.0	
1026	3422810	1205.231581087	4971.958444444458	5223.319555555572	9.83721	0.903341	3422801	0	0	0	5	0	0	0	0	0.000714	0.0	0.0	0.0	0.592538	0.0	0.0	0.0	0.0	1021.04	0.0	0.0	0.0	162.171	0.0	0.0	0.0	0.0	0.000298	0.0	0.0	0.0	32.4343	0.0	0.0	0.0	0.0	191	0	0	0	0	0	0	0	0	357329	0	0	0	5	0	0	0	0	2219939	0	0	0	0	0	0	0	0	257174	0	0	0	0	0	0	0	0	67661	0	0	0	0	0	0	0	0	520507	0	0	0	0	0	0	0	0	8024.07	0.0	0.0	0.0	0.000563	0.0	0.0	0.0	0.0	1.0	0.0	0.0	0.0	0.0	0.0	0.0	0.0	0.0	
1027	3426177	1206.231601166	4971.958444444458	5291.541777777796	9.81809	0.903162	3426168	0	0	0	5	0	0	0	0	0.000827	0.0	0.0	0.0	0.592538	0.0	0.0	0.0	0.0	1022.03	0.0	0.0	0.0	162.171	0.0	0.0	0.0	0.0	0.000298	0.0	0.0	0.0	32.4343	0.0	0.0	0.0	0.0	191	0	0	0	0	0	0	0	0	357593	0	0	0	5	0	0	0	0	2221977	0	0	0	0	0	0	0	0	257683	0	0	0	0	0	0	0	0	67724	0	0	0	0	0	0	0	0	521000	0	0	0	0	0	0	0	0	9293.02	0.0	0.0	0.0	0.000563	0.0	0.0	0.0	0.0	1.0	0.0	0.0	0.0	0.0	0.0	0.0	0.0	0.0	
1028	3429491	1207.231805208	4971.958444444458	5205.264000000017	9.79921	0.902985	3429482	0	0	0	5	0	0	0	0	0.000446	0.0	0.0	0.0	0.592538	0.0	0.0	0.0	0.0	1023.03	0.0	0.0	0.0	162.171	0.0	0.0	0.0	0.0	0.000298	0.0	0.0	0.0	32.4343	0.0	0.0	0.0	0.0	191	0	0	0	0	0	0	0	0	357831	0	0	0	5	0	0	0	0	2223939	0	0	0	0	0	0	0	0	258206	0	0	0	0	0	0	0	0	67786	0	0	0	0	0	0	0	0	521529	0	0	0	0	0	0	0	0	5006.84	0.0	0.0	0.0	0.000563	0.0	0.0	0.0	0.0	1.0	0.0	0.0	0.0	0.0	0.0	0.0	0.0	0.0	
1029	3432888	1208.243002516	4971.958444444458	5237.458444444461	9.78037	0.902808	3432879	0	0	0	5	0	0	0	0	6.5e-5	0.0	0.0	0.0	0.592538	0.0	0.0	0.0	0.0	1024.04	0.0	0.0	0.0	162.171	0.0	0.0	0.0	0.0	0.000298	0.0	0.0	0.0	32.4343	0.0	0.0	0.0	0.0	191	0	0	0	0	0	0	0	0	358083	0	0	0	5	0	0	0	0	2226018	0	0	0	0	0	0	0	0	258693	0	0	0	0	0	0	0	0	67851	0	0	0	0	0	0	0	0	522043	0	0	0	0	0	0	0	0	726.977	0.0	0.0	0.0	0.000563	0.0	0.0	0.0	0.0	0.999999	0.0	0.0	0.0	1.0e-6	0.0	0.0	0.0	0.0	
1030	3436292	1209.243258098	4971.958444444458	5243.680666666685	9.76136	0.902628	3436283	0	0	0	5	0	0	0	0	0.000468	0.0	0.0	0.0	0.592538	0.0	0.0	0.0	0.0	1025.04	0.0	0.0	0.0	162.171	0.0	0.0	0.0	0.0	0.000298	0.0	0.0	0.0	32.4343	0.0	0.0	0.0	0.0	191	0	0	0	0	0	0	0	0	358344	0	0	0	5	0	0	0	0	2228087	0	0	0	0	0	0	0	0	259182	0	0	0	0	0	0	0	0	67911	0	0	0	0	0	0	0	0	522568	0	0	0	0	0	0	0	0	5262.73	0.0	0.0	0.0	0.000563	0.0	0.0	0.0	0.0	1.0	0.0	0.0	0.0	0.0	0.0	0.0	0.0	0.0	
1031	3439639	1210.243488987	4971.958444444458	5163.09733333335	9.74259	0.90245	3439630	0	0	0	5	0	0	0	0	0.000163	0.0	0.0	0.0	0.592538	0.0	0.0	0.0	0.0	1026.04	0.0	0.0	0.0	162.171	0.0	0.0	0.0	0.0	0.000298	0.0	0.0	0.0	32.4343	0.0	0.0	0.0	0.0	191	0	0	0	0	0	0	0	0	358566	0	0	0	5	0	0	0	0	2230109	0	0	0	0	0	0	0	0	259688	0	0	0	0	0	0	0	0	67994	0	0	0	0	0	0	0	0	523082	0	0	0	0	0	0	0	0	1828.76	0.0	0.0	0.0	0.000563	0.0	0.0	0.0	0.0	1.0	0.0	0.0	0.0	0.0	0.0	0.0	0.0	0.0	
1032	3442983	1211.247079343	4971.958444444458	5298.680666666684	9.724	0.902273	3442974	0	0	0	5	0	0	0	0	0.000407	0.0	0.0	0.0	0.592538	0.0	0.0	0.0	0.0	1027.04	0.0	0.0	0.0	162.171	0.0	0.0	0.0	0.0	0.000298	0.0	0.0	0.0	32.4343	0.0	0.0	0.0	0.0	191	0	0	0	0	0	0	0	0	358792	0	0	0	5	0	0	0	0	2232138	0	0	0	0	0	0	0	0	260166	0	0	0	0	0	0	0	0	68067	0	0	0	0	0	0	0	0	523620	0	0	0	0	0	0	0	0	4570.58	0.0	0.0	0.0	0.000563	0.0	0.0	0.0	0.0	1.0	0.0	0.0	0.0	0.0	0.0	0.0	0.0	0.0	
1033	3446407	1212.247285785	4971.958444444458	5184.041777777796	9.7051	0.902092	3446398	0	0	0	5	0	0	0	0	0.000899	0.0	0.0	0.0	0.592538	0.0	0.0	0.0	0.0	1028.04	0.0	0.0	0.0	162.171	0.0	0.0	0.0	0.0	0.000298	0.0	0.0	0.0	32.4343	0.0	0.0	0.0	0.0	191	0	0	0	0	0	0	0	0	359069	0	0	0	5	0	0	0	0	2234158	0	0	0	0	0	0	0	0	260637	0	0	0	0	0	0	0	0	68131	0	0	0	0	0	0	0	0	524212	0	0	0	0	0	0	0	0	10106.5	0.0	0.0	0.0	0.000563	0.0	0.0	0.0	0.0	1.0	0.0	0.0	0.0	0.0	0.0	0.0	0.0	0.0	
1034	3449720	1213.247520734	4971.958444444458	5130.569555555574	9.68644	0.901913	3449711	0	0	0	5	0	0	0	0	0.000265	0.0	0.0	0.0	0.592538	0.0	0.0	0.0	0.0	1029.04	0.0	0.0	0.0	162.171	0.0	0.0	0.0	0.0	0.000298	0.0	0.0	0.0	32.4343	0.0	0.0	0.0	0.0	191	0	0	0	0	0	0	0	0	359302	0	0	0	5	0	0	0	0	2236105	0	0	0	0	0	0	0	0	261158	0	0	0	0	0	0	0	0	68216	0	0	0	0	0	0	0	0	524739	0	0	0	0	0	0	0	0	2980.22	0.0	0.0	0.0	0.000563	0.0	0.0	0.0	0.0	1.0	0.0	0.0	0.0	0.0	0.0	0.0	0.0	0.0	
1035	3453087	1214.247550403	4971.958444444458	5221.73622222224	9.66782	0.901734	3453078	0	0	0	5	0	0	0	0	0.000233	0.0	0.0	0.0	0.592538	0.0	0.0	0.0	0.0	1030.04	0.0	0.0	0.0	162.171	0.0	0.0	0.0	0.0	0.000298	0.0	0.0	0.0	32.4343	0.0	0.0	0.0	0.0	191	0	0	0	0	0	0	0	0	359512	0	0	0	5	0	0	0	0	2238207	0	0	0	0	0	0	0	0	261622	0	0	0	0	0	0	0	0	68312	0	0	0	0	0	0	0	0	525234	0	0	0	0	0	0	0	0	2613.32	0.0	0.0	0.0	0.000563	0.0	0.0	0.0	0.0	1.0	0.0	0.0	0.0	0.0	0.0	0.0	0.0	0.0	
1036	3456369	1215.25219287	4971.958444444458	5213.458444444462	9.64929	0.901555	3456360	0	0	0	5	0	0	0	0	0.000675	0.0	0.0	0.0	0.592538	0.0	0.0	0.0	0.0	1031.04	0.0	0.0	0.0	162.171	0.0	0.0	0.0	0.0	0.000298	0.0	0.0	0.0	32.4343	0.0	0.0	0.0	0.0	191	0	0	0	0	0	0	0	0	359755	0	0	0	5	0	0	0	0	2240248	0	0	0	0	0	0	0	0	262117	0	0	0	0	0	0	0	0	68391	0	0	0	0	0	0	0	0	525658	0	0	0	0	0	0	0	0	7585.83	0.0	0.0	0.0	0.000563	0.0	0.0	0.0	0.0	1.0	0.0	0.0	0.0	0.0	0.0	0.0	0.0	0.0	
1037	3459663	1216.252456105	4971.958444444458	5301.125111111128	9.6306	0.901373	3459654	0	0	0	5	0	0	0	0	0.00052	0.0	0.0	0.0	0.592538	0.0	0.0	0.0	0.0	1032.04	0.0	0.0	0.0	162.171	0.0	0.0	0.0	0.0	0.000298	0.0	0.0	0.0	32.4343	0.0	0.0	0.0	0.0	191	0	0	0	0	0	0	0	0	359955	0	0	0	5	0	0	0	0	2242322	0	0	0	0	0	0	0	0	262624	0	0	0	0	0	0	0	0	68459	0	0	0	0	0	0	0	0	526103	0	0	0	0	0	0	0	0	5845.46	0.0	0.0	0.0	0.000563	0.0	0.0	0.0	0.0	1.0	0.0	0.0	0.0	0.0	0.0	0.0	0.0	0.0	
1038	3462978	1217.25276339	4971.958444444458	5213.09733333335	9.61208	0.901193	3462969	0	0	0	5	0	0	0	0	0.000604	0.0	0.0	0.0	0.592538	0.0	0.0	0.0	0.0	1033.04	0.0	0.0	0.0	162.171	0.0	0.0	0.0	0.0	0.000298	0.0	0.0	0.0	32.4343	0.0	0.0	0.0	0.0	191	0	0	0	0	0	0	0	0	360187	0	0	0	5	0	0	0	0	2244352	0	0	0	0	0	0	0	0	263106	0	0	0	0	0	0	0	0	68538	0	0	0	0	0	0	0	0	526595	0	0	0	0	0	0	0	0	6783.77	0.0	0.0	0.0	0.000563	0.0	0.0	0.0	0.0	1.0	0.0	0.0	0.0	0.0	0.0	0.0	0.0	0.0	
1039	3466433	1218.252972409	4971.958444444458	5176.541777777794	9.5936	0.901012	3466424	0	0	0	5	0	0	0	0	9.2e-5	0.0	0.0	0.0	0.592538	0.0	0.0	0.0	0.0	1034.04	0.0	0.0	0.0	162.171	0.0	0.0	0.0	0.0	0.000298	0.0	0.0	0.0	32.4343	0.0	0.0	0.0	0.0	191	0	0	0	0	0	0	0	0	360421	0	0	0	5	0	0	0	0	2246449	0	0	0	0	0	0	0	0	263634	0	0	0	0	0	0	0	0	68608	0	0	0	0	0	0	0	0	527121	0	0	0	0	0	0	0	0	1030.77	0.0	0.0	0.0	0.000563	0.0	0.0	0.0	0.0	0.999999	0.0	0.0	0.0	1.0e-6	0.0	0.0	0.0	0.0	
1040	3469891	1219.253092804	4971.958444444458	5160.625111111127	9.57515	0.900832	3469882	0	0	0	5	0	0	0	0	0.000414	0.0	0.0	0.0	0.592538	0.0	0.0	0.0	0.0	1035.04	0.0	0.0	0.0	162.171	0.0	0.0	0.0	0.0	0.000298	0.0	0.0	0.0	32.4343	0.0	0.0	0.0	0.0	191	0	0	0	0	0	0	0	0	360652	0	0	0	5	0	0	0	0	2248540	0	0	0	0	0	0	0	0	264148	0	0	0	0	0	0	0	0	68704	0	0	0	0	0	0	0	0	527647	0	0	0	0	0	0	0	0	4648.43	0.0	0.0	0.0	0.000563	0.0	0.0	0.0	0.0	1.0	0.0	0.0	0.0	0.0	0.0	0.0	0.0	0.0	
1041	3473333	1220.253145552	4971.958444444458	5198.597333333348	9.55674	0.90065	3473324	0	0	0	5	0	0	0	0	0.000602	0.0	0.0	0.0	0.592538	0.0	0.0	0.0	0.0	1036.03	0.0	0.0	0.0	162.171	0.0	0.0	0.0	0.0	0.000298	0.0	0.0	0.0	32.4343	0.0	0.0	0.0	0.0	191	0	0	0	0	0	0	0	0	360882	0	0	0	5	0	0	0	0	2250637	0	0	0	0	0	0	0	0	264639	0	0	0	0	0	0	0	0	68793	0	0	0	0	0	0	0	0	528182	0	0	0	0	0	0	0	0	6768.5	0.0	0.0	0.0	0.000563	0.0	0.0	0.0	0.0	1.0	0.0	0.0	0.0	0.0	0.0	0.0	0.0	0.0	
1042	3476732	1221.253355486	4971.958444444458	5282.652888888905	9.53837	0.900469	3476723	0	0	0	5	0	0	0	0	0.000135	0.0	0.0	0.0	0.592538	0.0	0.0	0.0	0.0	1037.03	0.0	0.0	0.0	162.171	0.0	0.0	0.0	0.0	0.000298	0.0	0.0	0.0	32.4343	0.0	0.0	0.0	0.0	191	0	0	0	0	0	0	0	0	361118	0	0	0	5	0	0	0	0	2252774	0	0	0	0	0	0	0	0	265081	0	0	0	0	0	0	0	0	68859	0	0	0	0	0	0	0	0	528700	0	0	0	0	0	0	0	0	1518.04	0.0	0.0	0.0	0.000563	0.0	0.0	0.0	0.0	1.0	0.0	0.0	0.0	0.0	0.0	0.0	0.0	0.0	
1043	3479993	1222.253501052	4971.958444444458	5241.708444444459	9.52003	0.900287	3479984	0	0	0	5	0	0	0	0	0.000249	0.0	0.0	0.0	0.592538	0.0	0.0	0.0	0.0	1038.03	0.0	0.0	0.0	162.171	0.0	0.0	0.0	0.0	0.000298	0.0	0.0	0.0	32.4343	0.0	0.0	0.0	0.0	191	0	0	0	0	0	0	0	0	361346	0	0	0	5	0	0	0	0	2254756	0	0	0	0	0	0	0	0	265604	0	0	0	0	0	0	0	0	68910	0	0	0	0	0	0	0	0	529177	0	0	0	0	0	0	0	0	2797.75	0.0	0.0	0.0	0.000563	0.0	0.0	0.0	0.0	1.0	0.0	0.0	0.0	0.0	0.0	0.0	0.0	0.0	
1044	3483254	1223.253665597	4971.958444444458	5282.652888888904	9.50173	0.900105	3483245	0	0	0	5	0	0	0	0	3.0e-5	0.0	0.0	0.0	0.592538	0.0	0.0	0.0	0.0	1039.03	0.0	0.0	0.0	162.171	0.0	0.0	0.0	0.0	0.000298	0.0	0.0	0.0	32.4343	0.0	0.0	0.0	0.0	191	0	0	0	0	0	0	0	0	361587	0	0	0	5	0	0	0	0	2256708	0	0	0	0	0	0	0	0	266100	0	0	0	0	0	0	0	0	68975	0	0	0	0	0	0	0	0	529684	0	0	0	0	0	0	0	0	338.305	0.0	0.0	0.0	0.000563	0.0	0.0	0.0	0.0	0.999998	0.0	0.0	0.0	2.0e-6	0.0	0.0	0.0	0.0	
1045	3486449	1224.253813234	4971.958444444458	5269.680666666682	9.48346	0.899922	3486440	0	0	0	5	0	0	0	0	7.3e-5	0.0	0.0	0.0	0.592538	0.0	0.0	0.0	0.0	1040.03	0.0	0.0	0.0	162.171	0.0	0.0	0.0	0.0	0.000298	0.0	0.0	0.0	32.4343	0.0	0.0	0.0	0.0	191	0	0	0	0	0	0	0	0	361814	0	0	0	5	0	0	0	0	2258660	0	0	0	0	0	0	0	0	266584	0	0	0	0	0	0	0	0	69040	0	0	0	0	0	0	0	0	530151	0	0	0	0	0	0	0	0	825.581	0.0	0.0	0.0	0.000563	0.0	0.0	0.0	0.0	0.999999	0.0	0.0	0.0	1.0e-6	0.0	0.0	0.0	0.0	
1046	3489780	1225.25414875	4971.958444444458	5215.958444444459	9.46523	0.89974	3489771	0	0	0	5	0	0	0	0	0.00045	0.0	0.0	0.0	0.592538	0.0	0.0	0.0	0.0	1041.03	0.0	0.0	0.0	162.171	0.0	0.0	0.0	0.0	0.000298	0.0	0.0	0.0	32.4343	0.0	0.0	0.0	0.0	191	0	0	0	0	0	0	0	0	362040	0	0	0	5	0	0	0	0	2260785	0	0	0	0	0	0	0	0	267101	0	0	0	0	0	0	0	0	69115	0	0	0	0	0	0	0	0	530539	0	0	0	0	0	0	0	0	5062.11	0.0	0.0	0.0	0.000563	0.0	0.0	0.0	0.0	1.0	0.0	0.0	0.0	0.0	0.0	0.0	0.0	0.0	
1047	3493184	1226.254246065	4971.958444444458	5151.347333333347	9.44703	0.899557	3493175	0	0	0	5	0	0	0	0	0.000653	0.0	0.0	0.0	0.592538	0.0	0.0	0.0	0.0	1042.03	0.0	0.0	0.0	162.171	0.0	0.0	0.0	0.0	0.000298	0.0	0.0	0.0	32.4343	0.0	0.0	0.0	0.0	191	0	0	0	0	0	0	0	0	362250	0	0	0	5	0	0	0	0	2262921	0	0	0	0	0	0	0	0	267619	0	0	0	0	0	0	0	0	69211	0	0	0	0	0	0	0	0	530983	0	0	0	0	0	0	0	0	7338.77	0.0	0.0	0.0	0.000563	0.0	0.0	0.0	0.0	1.0	0.0	0.0	0.0	0.0	0.0	0.0	0.0	0.0	
1048	3496602	1227.254317648	4971.958444444458	5116.680666666679	9.42887	0.899373	3496593	0	0	0	5	0	0	0	0	0.00049	0.0	0.0	0.0	0.592538	0.0	0.0	0.0	0.0	1043.03	0.0	0.0	0.0	162.171	0.0	0.0	0.0	0.0	0.000298	0.0	0.0	0.0	32.4343	0.0	0.0	0.0	0.0	191	0	0	0	0	0	0	0	0	362477	0	0	0	5	0	0	0	0	2264958	0	0	0	0	0	0	0	0	268200	0	0	0	0	0	0	0	0	69301	0	0	0	0	0	0	0	0	531466	0	0	0	0	0	0	0	0	5503.6	0.0	0.0	0.0	0.000563	0.0	0.0	0.0	0.0	1.0	0.0	0.0	0.0	0.0	0.0	0.0	0.0	0.0	
1049	3500162	1228.254438448	4971.958444444458	5182.514000000013	9.41074	0.899189	3500153	0	0	0	5	0	0	0	0	0.000625	0.0	0.0	0.0	0.592538	0.0	0.0	0.0	0.0	1044.02	0.0	0.0	0.0	162.171	0.0	0.0	0.0	0.0	0.000298	0.0	0.0	0.0	32.4343	0.0	0.0	0.0	0.0	191	0	0	0	0	0	0	0	0	362700	0	0	0	5	0	0	0	0	2267155	0	0	0	0	0	0	0	0	268716	0	0	0	0	0	0	0	0	69382	0	0	0	0	0	0	0	0	532009	0	0	0	0	0	0	0	0	7021.12	0.0	0.0	0.0	0.000563	0.0	0.0	0.0	0.0	1.0	0.0	0.0	0.0	0.0	0.0	0.0	0.0	0.0	
1050	3503686	1229.260550596	4971.958444444458	5163.958444444455	9.39268	0.899006	3503677	0	0	0	5	0	0	0	0	0.0002	0.0	0.0	0.0	0.592538	0.0	0.0	0.0	0.0	1045.03	0.0	0.0	0.0	162.171	0.0	0.0	0.0	0.0	0.000298	0.0	0.0	0.0	32.4343	0.0	0.0	0.0	0.0	191	0	0	0	0	0	0	0	0	362946	0	0	0	5	0	0	0	0	2269300	0	0	0	0	0	0	0	0	269272	0	0	0	0	0	0	0	0	69448	0	0	0	0	0	0	0	0	532520	0	0	0	0	0	0	0	0	2245.37	0.0	0.0	0.0	0.000563	0.0	0.0	0.0	0.0	1.0	0.0	0.0	0.0	0.0	0.0	0.0	0.0	0.0	
1051	3507176	1230.260713728	4971.958444444458	5188.514000000011	9.37448	0.89882	3507167	0	0	0	5	0	0	0	0	0.000322	0.0	0.0	0.0	0.592538	0.0	0.0	0.0	0.0	1046.03	0.0	0.0	0.0	162.171	0.0	0.0	0.0	0.0	0.000298	0.0	0.0	0.0	32.4343	0.0	0.0	0.0	0.0	191	0	0	0	0	0	0	0	0	363160	0	0	0	5	0	0	0	0	2271438	0	0	0	0	0	0	0	0	269817	0	0	0	0	0	0	0	0	69524	0	0	0	0	0	0	0	0	533037	0	0	0	0	0	0	0	0	3622.19	0.0	0.0	0.0	0.000563	0.0	0.0	0.0	0.0	1.0	0.0	0.0	0.0	0.0	0.0	0.0	0.0	0.0	
1052	3510649	1231.260780362	4971.958444444458	5252.51400000001	9.35646	0.898635	3510640	0	0	0	5	0	0	0	0	0.000559	0.0	0.0	0.0	0.592538	0.0	0.0	0.0	0.0	1047.03	0.0	0.0	0.0	162.171	0.0	0.0	0.0	0.0	0.000298	0.0	0.0	0.0	32.4343	0.0	0.0	0.0	0.0	191	0	0	0	0	0	0	0	0	363430	0	0	0	5	0	0	0	0	2273494	0	0	0	0	0	0	0	0	270360	0	0	0	0	0	0	0	0	69593	0	0	0	0	0	0	0	0	533572	0	0	0	0	0	0	0	0	6286.73	0.0	0.0	0.0	0.000563	0.0	0.0	0.0	0.0	1.0	0.0	0.0	0.0	0.0	0.0	0.0	0.0	0.0	
1053	3514129	1232.260872512	4971.958444444458	5147.375111111121	9.33847	0.89845	3514120	0	0	0	5	0	0	0	0	0.000545	0.0	0.0	0.0	0.592538	0.0	0.0	0.0	0.0	1048.02	0.0	0.0	0.0	162.171	0.0	0.0	0.0	0.0	0.000298	0.0	0.0	0.0	32.4343	0.0	0.0	0.0	0.0	191	0	0	0	0	0	0	0	0	363697	0	0	0	5	0	0	0	0	2275579	0	0	0	0	0	0	0	0	270863	0	0	0	0	0	0	0	0	69669	0	0	0	0	0	0	0	0	534121	0	0	0	0	0	0	0	0	6123.51	0.0	0.0	0.0	0.000563	0.0	0.0	0.0	0.0	1.0	0.0	0.0	0.0	0.0	0.0	0.0	0.0	0.0	
1054	3517556	1233.260891241	4971.958444444458	5199.625111111123	9.32052	0.898265	3517547	0	0	0	5	0	0	0	0	0.00066	0.0	0.0	0.0	0.592538	0.0	0.0	0.0	0.0	1049.02	0.0	0.0	0.0	162.171	0.0	0.0	0.0	0.0	0.000298	0.0	0.0	0.0	32.4343	0.0	0.0	0.0	0.0	191	0	0	0	0	0	0	0	0	363931	0	0	0	5	0	0	0	0	2277649	0	0	0	0	0	0	0	0	271359	0	0	0	0	0	0	0	0	69719	0	0	0	0	0	0	0	0	534698	0	0	0	0	0	0	0	0	7425.66	0.0	0.0	0.0	0.000563	0.0	0.0	0.0	0.0	1.0	0.0	0.0	0.0	0.0	0.0	0.0	0.0	0.0	
1055	3521054	1234.261039509	4971.958444444458	5130.069555555568	9.3026	0.898079	3521045	0	0	0	5	0	0	0	0	0.000216	0.0	0.0	0.0	0.592538	0.0	0.0	0.0	0.0	1050.02	0.0	0.0	0.0	162.171	0.0	0.0	0.0	0.0	0.000298	0.0	0.0	0.0	32.4343	0.0	0.0	0.0	0.0	191	0	0	0	0	0	0	0	0	364198	0	0	0	5	0	0	0	0	2279686	0	0	0	0	0	0	0	0	271899	0	0	0	0	0	0	0	0	69787	0	0	0	0	0	0	0	0	535284	0	0	0	0	0	0	0	0	2427.96	0.0	0.0	0.0	0.000563	0.0	0.0	0.0	0.0	1.0	0.0	0.0	0.0	0.0	0.0	0.0	0.0	0.0	
1056	3524561	1235.270998076	4971.958444444458	5181.875111111123	9.28473	0.897894	3524552	0	0	0	5	0	0	0	0	8.0e-5	0.0	0.0	0.0	0.592538	0.0	0.0	0.0	0.0	1051.03	0.0	0.0	0.0	162.171	0.0	0.0	0.0	0.0	0.000298	0.0	0.0	0.0	32.4343	0.0	0.0	0.0	0.0	191	0	0	0	0	0	0	0	0	364448	0	0	0	5	0	0	0	0	2281768	0	0	0	0	0	0	0	0	272433	0	0	0	0	0	0	0	0	69855	0	0	0	0	0	0	0	0	535857	0	0	0	0	0	0	0	0	902.332	0.0	0.0	0.0	0.000563	0.0	0.0	0.0	0.0	0.999999	0.0	0.0	0.0	1.0e-6	0.0	0.0	0.0	0.0	
1057	3528036	1236.271008746	4971.958444444458	5153.54177777779	9.26669	0.897705	3528027	0	0	0	5	0	0	0	0	0.000709	0.0	0.0	0.0	0.592538	0.0	0.0	0.0	0.0	1052.03	0.0	0.0	0.0	162.171	0.0	0.0	0.0	0.0	0.000298	0.0	0.0	0.0	32.4343	0.0	0.0	0.0	0.0	191	0	0	0	0	0	0	0	0	364676	0	0	0	5	0	0	0	0	2283899	0	0	0	0	0	0	0	0	272974	0	0	0	0	0	0	0	0	69934	0	0	0	0	0	0	0	0	536353	0	0	0	0	0	0	0	0	7969.55	0.0	0.0	0.0	0.000563	0.0	0.0	0.0	0.0	1.0	0.0	0.0	0.0	0.0	0.0	0.0	0.0	0.0	
1058	3531438	1237.271225597	4971.958444444458	5097.069555555568	9.24888	0.897519	3531429	0	0	0	5	0	0	0	0	0.000215	0.0	0.0	0.0	0.592538	0.0	0.0	0.0	0.0	1053.03	0.0	0.0	0.0	162.171	0.0	0.0	0.0	0.0	0.000298	0.0	0.0	0.0	32.4343	0.0	0.0	0.0	0.0	191	0	0	0	0	0	0	0	0	364925	0	0	0	5	0	0	0	0	2285950	0	0	0	0	0	0	0	0	273478	0	0	0	0	0	0	0	0	70038	0	0	0	0	0	0	0	0	536847	0	0	0	0	0	0	0	0	2412.55	0.0	0.0	0.0	0.000563	0.0	0.0	0.0	0.0	1.0	0.0	0.0	0.0	0.0	0.0	0.0	0.0	0.0	
1059	3534826	1238.271897721	4971.958444444458	5215.264000000013	9.23123	0.897333	3534817	0	0	0	5	0	0	0	0	0.000109	0.0	0.0	0.0	0.592538	0.0	0.0	0.0	0.0	1054.03	0.0	0.0	0.0	162.171	0.0	0.0	0.0	0.0	0.000298	0.0	0.0	0.0	32.4343	0.0	0.0	0.0	0.0	191	0	0	0	0	0	0	0	0	365161	0	0	0	5	0	0	0	0	2287950	0	0	0	0	0	0	0	0	273980	0	0	0	0	0	0	0	0	70148	0	0	0	0	0	0	0	0	537387	0	0	0	0	0	0	0	0	1224.44	0.0	0.0	0.0	0.000563	0.0	0.0	0.0	0.0	1.0	0.0	0.0	0.0	0.0	0.0	0.0	0.0	0.0	
1060	3538233	1239.272206163	4971.958444444458	5216.680666666678	9.21334	0.897145	3538224	0	0	0	5	0	0	0	0	0.00028	0.0	0.0	0.0	0.592538	0.0	0.0	0.0	0.0	1055.03	0.0	0.0	0.0	162.171	0.0	0.0	0.0	0.0	0.000298	0.0	0.0	0.0	32.4343	0.0	0.0	0.0	0.0	191	0	0	0	0	0	0	0	0	365392	0	0	0	5	0	0	0	0	2289999	0	0	0	0	0	0	0	0	274505	0	0	0	0	0	0	0	0	70243	0	0	0	0	0	0	0	0	537894	0	0	0	0	0	0	0	0	3150.65	0.0	0.0	0.0	0.000563	0.0	0.0	0.0	0.0	1.0	0.0	0.0	0.0	0.0	0.0	0.0	0.0	0.0	
1061	3541592	1240.272239834	4971.958444444458	5253.819555555568	9.19563	0.896957	3541583	0	0	0	5	0	0	0	0	0.00019	0.0	0.0	0.0	0.592538	0.0	0.0	0.0	0.0	1056.02	0.0	0.0	0.0	162.171	0.0	0.0	0.0	0.0	0.000298	0.0	0.0	0.0	32.4343	0.0	0.0	0.0	0.0	191	0	0	0	0	0	0	0	0	365609	0	0	0	5	0	0	0	0	2292069	0	0	0	0	0	0	0	0	275053	0	0	0	0	0	0	0	0	70342	0	0	0	0	0	0	0	0	538319	0	0	0	0	0	0	0	0	2138.42	0.0	0.0	0.0	0.000563	0.0	0.0	0.0	0.0	1.0	0.0	0.0	0.0	0.0	0.0	0.0	0.0	0.0	
1062	3544967	1241.272440146	4971.958444444458	5299.875111111122	9.17795	0.896769	3544958	0	0	0	5	0	0	0	0	1.8e-5	0.0	0.0	0.0	0.592538	0.0	0.0	0.0	0.0	1057.02	0.0	0.0	0.0	162.171	0.0	0.0	0.0	0.0	0.000298	0.0	0.0	0.0	32.4343	0.0	0.0	0.0	0.0	191	0	0	0	0	0	0	0	0	365856	0	0	0	5	0	0	0	0	2294162	0	0	0	0	0	0	0	0	275566	0	0	0	0	0	0	0	0	70430	0	0	0	0	0	0	0	0	538753	0	0	0	0	0	0	0	0	205.464	0.0	0.0	0.0	0.000563	0.0	0.0	0.0	0.0	0.999997	0.0	0.0	0.0	3.0e-6	0.0	0.0	0.0	0.0	
1063	3548366	1242.272720913	4971.958444444458	5169.041777777789	9.1603	0.896581	3548357	0	0	0	5	0	0	0	0	0.000261	0.0	0.0	0.0	0.592538	0.0	0.0	0.0	0.0	1058.02	0.0	0.0	0.0	162.171	0.0	0.0	0.0	0.0	0.000298	0.0	0.0	0.0	32.4343	0.0	0.0	0.0	0.0	191	0	0	0	0	0	0	0	0	366086	0	0	0	5	0	0	0	0	2296257	0	0	0	0	0	0	0	0	276079	0	0	0	0	0	0	0	0	70512	0	0	0	0	0	0	0	0	539232	0	0	0	0	0	0	0	0	2937.76	0.0	0.0	0.0	0.000563	0.0	0.0	0.0	0.0	1.0	0.0	0.0	0.0	0.0	0.0	0.0	0.0	0.0	
1064	3551833	1243.272764789	4971.958444444458	5223.930666666678	9.14269	0.896392	3551824	0	0	0	5	0	0	0	0	8.5e-5	0.0	0.0	0.0	0.592538	0.0	0.0	0.0	0.0	1059.02	0.0	0.0	0.0	162.171	0.0	0.0	0.0	0.0	0.000298	0.0	0.0	0.0	32.4343	0.0	0.0	0.0	0.0	191	0	0	0	0	0	0	0	0	366331	0	0	0	5	0	0	0	0	2298318	0	0	0	0	0	0	0	0	276611	0	0	0	0	0	0	0	0	70579	0	0	0	0	0	0	0	0	539794	0	0	0	0	0	0	0	0	958.395	0.0	0.0	0.0	0.000563	0.0	0.0	0.0	0.0	0.999999	0.0	0.0	0.0	1.0e-6	0.0	0.0	0.0	0.0	
1065	3555257	1244.272855006	4971.958444444458	5133.180666666678	9.12511	0.896204	3555248	0	0	0	5	0	0	0	0	0.000243	0.0	0.0	0.0	0.592538	0.0	0.0	0.0	0.0	1060.02	0.0	0.0	0.0	162.171	0.0	0.0	0.0	0.0	0.000298	0.0	0.0	0.0	32.4343	0.0	0.0	0.0	0.0	191	0	0	0	0	0	0	0	0	366549	0	0	0	5	0	0	0	0	2300344	0	0	0	0	0	0	0	0	277195	0	0	0	0	0	0	0	0	70641	0	0	0	0	0	0	0	0	540328	0	0	0	0	0	0	0	0	2734.38	0.0	0.0	0.0	0.000563	0.0	0.0	0.0	0.0	1.0	0.0	0.0	0.0	0.0	0.0	0.0	0.0	0.0	
1066	3558688	1245.272992774	4971.958444444458	5109.486222222235	9.10757	0.896014	3558679	0	0	0	5	0	0	0	0	0.000149	0.0	0.0	0.0	0.592538	0.0	0.0	0.0	0.0	1061.02	0.0	0.0	0.0	162.171	0.0	0.0	0.0	0.0	0.000298	0.0	0.0	0.0	32.4343	0.0	0.0	0.0	0.0	191	0	0	0	0	0	0	0	0	366764	0	0	0	5	0	0	0	0	2302420	0	0	0	0	0	0	0	0	277785	0	0	0	0	0	0	0	0	70696	0	0	0	0	0	0	0	0	540823	0	0	0	0	0	0	0	0	1681.39	0.0	0.0	0.0	0.000563	0.0	0.0	0.0	0.0	1.0	0.0	0.0	0.0	0.0	0.0	0.0	0.0	0.0	
1067	3562160	1246.273074253	4971.958444444458	5159.041777777791	9.09006	0.895825	3562151	0	0	0	5	0	0	0	0	0.000718	0.0	0.0	0.0	0.592538	0.0	0.0	0.0	0.0	1062.02	0.0	0.0	0.0	162.171	0.0	0.0	0.0	0.0	0.000298	0.0	0.0	0.0	32.4343	0.0	0.0	0.0	0.0	191	0	0	0	0	0	0	0	0	366973	0	0	0	5	0	0	0	0	2304492	0	0	0	0	0	0	0	0	278404	0	0	0	0	0	0	0	0	70753	0	0	0	0	0	0	0	0	541338	0	0	0	0	0	0	0	0	8076.76	0.0	0.0	0.0	0.000563	0.0	0.0	0.0	0.0	1.0	0.0	0.0	0.0	0.0	0.0	0.0	0.0	0.0	
1068	3565609	1247.273355773	4971.958444444458	5248.8195555555685	9.07258	0.895635	3565600	0	0	0	5	0	0	0	0	0.000166	0.0	0.0	0.0	0.592538	0.0	0.0	0.0	0.0	1063.02	0.0	0.0	0.0	162.171	0.0	0.0	0.0	0.0	0.000298	0.0	0.0	0.0	32.4343	0.0	0.0	0.0	0.0	191	0	0	0	0	0	0	0	0	367187	0	0	0	5	0	0	0	0	2306558	0	0	0	0	0	0	0	0	278992	0	0	0	0	0	0	0	0	70829	0	0	0	0	0	0	0	0	541843	0	0	0	0	0	0	0	0	1871.35	0.0	0.0	0.0	0.000563	0.0	0.0	0.0	0.0	1.0	0.0	0.0	0.0	0.0	0.0	0.0	0.0	0.0	
1069	3568971	1248.27557548	4971.958444444458	5109.8195555555685	9.05523	0.895446	3568962	0	0	0	5	0	0	0	0	0.000423	0.0	0.0	0.0	0.592538	0.0	0.0	0.0	0.0	1064.02	0.0	0.0	0.0	162.171	0.0	0.0	0.0	0.0	0.000298	0.0	0.0	0.0	32.4343	0.0	0.0	0.0	0.0	191	0	0	0	0	0	0	0	0	367440	0	0	0	5	0	0	0	0	2308580	0	0	0	0	0	0	0	0	279560	0	0	0	0	0	0	0	0	70866	0	0	0	0	0	0	0	0	542325	0	0	0	0	0	0	0	0	4754.65	0.0	0.0	0.0	0.000563	0.0	0.0	0.0	0.0	1.0	0.0	0.0	0.0	0.0	0.0	0.0	0.0	0.0	
1070	3572403	1249.275674279	4971.958444444458	5117.541777777791	9.03769	0.895254	3572394	0	0	0	5	0	0	0	0	0.000105	0.0	0.0	0.0	0.592538	0.0	0.0	0.0	0.0	1065.01	0.0	0.0	0.0	162.171	0.0	0.0	0.0	0.0	0.000298	0.0	0.0	0.0	32.4343	0.0	0.0	0.0	0.0	191	0	0	0	0	0	0	0	0	367659	0	0	0	5	0	0	0	0	2310643	0	0	0	0	0	0	0	0	280152	0	0	0	0	0	0	0	0	70918	0	0	0	0	0	0	0	0	542831	0	0	0	0	0	0	0	0	1182.0	0.0	0.0	0.0	0.000563	0.0	0.0	0.0	0.0	1.0	0.0	0.0	0.0	0.0	0.0	0.0	0.0	0.0	
1071	3575741	1250.281789575	4971.958444444458	5079.152888888902	9.0204	0.895064	3575732	0	0	0	5	0	0	0	0	0.000646	0.0	0.0	0.0	0.592538	0.0	0.0	0.0	0.0	1066.02	0.0	0.0	0.0	162.171	0.0	0.0	0.0	0.0	0.000298	0.0	0.0	0.0	32.4343	0.0	0.0	0.0	0.0	191	0	0	0	0	0	0	0	0	367875	0	0	0	5	0	0	0	0	2312546	0	0	0	0	0	0	0	0	280783	0	0	0	0	0	0	0	0	70969	0	0	0	0	0	0	0	0	543368	0	0	0	0	0	0	0	0	7264.1	0.0	0.0	0.0	0.000563	0.0	0.0	0.0	0.0	1.0	0.0	0.0	0.0	0.0	0.0	0.0	0.0	0.0	
1072	3579170	1251.28187761	4971.958444444458	5128.097333333348	9.00287	0.894871	3579161	0	0	0	5	0	0	0	0	9.0e-5	0.0	0.0	0.0	0.592538	0.0	0.0	0.0	0.0	1067.02	0.0	0.0	0.0	162.171	0.0	0.0	0.0	0.0	0.000298	0.0	0.0	0.0	32.4343	0.0	0.0	0.0	0.0	191	0	0	0	0	0	0	0	0	368082	0	0	0	5	0	0	0	0	2314578	0	0	0	0	0	0	0	0	281335	0	0	0	0	0	0	0	0	71054	0	0	0	0	0	0	0	0	543921	0	0	0	0	0	0	0	0	1009.93	0.0	0.0	0.0	0.000563	0.0	0.0	0.0	0.0	0.999999	0.0	0.0	0.0	1.0e-6	0.0	0.0	0.0	0.0	
1073	3582577	1252.283733131	4971.958444444458	5121.597333333347	8.98566	0.894681	3582568	0	0	0	5	0	0	0	0	0.000178	0.0	0.0	0.0	0.592538	0.0	0.0	0.0	0.0	1068.02	0.0	0.0	0.0	162.171	0.0	0.0	0.0	0.0	0.000298	0.0	0.0	0.0	32.4343	0.0	0.0	0.0	0.0	191	0	0	0	0	0	0	0	0	368307	0	0	0	5	0	0	0	0	2316546	0	0	0	0	0	0	0	0	281880	0	0	0	0	0	0	0	0	71151	0	0	0	0	0	0	0	0	544493	0	0	0	0	0	0	0	0	1998.17	0.0	0.0	0.0	0.000563	0.0	0.0	0.0	0.0	1.0	0.0	0.0	0.0	0.0	0.0	0.0	0.0	0.0	
1074	3585981	1253.283878834	4971.958444444458	5218.125111111123	8.96826	0.894488	3585972	0	0	0	5	0	0	0	0	3.1e-5	0.0	0.0	0.0	0.592538	0.0	0.0	0.0	0.0	1069.02	0.0	0.0	0.0	162.171	0.0	0.0	0.0	0.0	0.000298	0.0	0.0	0.0	32.4343	0.0	0.0	0.0	0.0	191	0	0	0	0	0	0	0	0	368523	0	0	0	5	0	0	0	0	2318565	0	0	0	0	0	0	0	0	282399	0	0	0	0	0	0	0	0	71240	0	0	0	0	0	0	0	0	545054	0	0	0	0	0	0	0	0	346.854	0.0	0.0	0.0	0.000563	0.0	0.0	0.0	0.0	0.999998	0.0	0.0	0.0	2.0e-6	0.0	0.0	0.0	0.0	
1075	3589310	1254.284085964	4971.958444444458	5133.069555555568	8.95102	0.894295	3589301	0	0	0	5	0	0	0	0	0.000217	0.0	0.0	0.0	0.592538	0.0	0.0	0.0	0.0	1070.02	0.0	0.0	0.0	162.171	0.0	0.0	0.0	0.0	0.000298	0.0	0.0	0.0	32.4343	0.0	0.0	0.0	0.0	191	0	0	0	0	0	0	0	0	368740	0	0	0	5	0	0	0	0	2320608	0	0	0	0	0	0	0	0	282885	0	0	0	0	0	0	0	0	71329	0	0	0	0	0	0	0	0	545548	0	0	0	0	0	0	0	0	2436.36	0.0	0.0	0.0	0.000563	0.0	0.0	0.0	0.0	1.0	0.0	0.0	0.0	0.0	0.0	0.0	0.0	0.0	
1076	3592659	1255.284112321	4971.958444444458	5162.680666666679	8.93381	0.894103	3592650	0	0	0	5	0	0	0	0	0.000219	0.0	0.0	0.0	0.592538	0.0	0.0	0.0	0.0	1071.01	0.0	0.0	0.0	162.171	0.0	0.0	0.0	0.0	0.000298	0.0	0.0	0.0	32.4343	0.0	0.0	0.0	0.0	191	0	0	0	0	0	0	0	0	368958	0	0	0	5	0	0	0	0	2322634	0	0	0	0	0	0	0	0	283440	0	0	0	0	0	0	0	0	71377	0	0	0	0	0	0	0	0	546050	0	0	0	0	0	0	0	0	2469.43	0.0	0.0	0.0	0.000563	0.0	0.0	0.0	0.0	1.0	0.0	0.0	0.0	0.0	0.0	0.0	0.0	0.0	
1077	3595997	1256.284262918	4971.958444444458	5190.097333333344	8.91663	0.89391	3595988	0	0	0	5	0	0	0	0	0.000776	0.0	0.0	0.0	0.592538	0.0	0.0	0.0	0.0	1072.01	0.0	0.0	0.0	162.171	0.0	0.0	0.0	0.0	0.000298	0.0	0.0	0.0	32.4343	0.0	0.0	0.0	0.0	191	0	0	0	0	0	0	0	0	369140	0	0	0	5	0	0	0	0	2324641	0	0	0	0	0	0	0	0	283962	0	0	0	0	0	0	0	0	71446	0	0	0	0	0	0	0	0	546608	0	0	0	0	0	0	0	0	8729.87	0.0	0.0	0.0	0.000563	0.0	0.0	0.0	0.0	1.0	0.0	0.0	0.0	0.0	0.0	0.0	0.0	0.0	
1078	3599273	1257.284454371	4971.958444444458	5157.708444444458	8.89949	0.893717	3599264	0	0	0	5	0	0	0	0	0.000569	0.0	0.0	0.0	0.592538	0.0	0.0	0.0	0.0	1073.01	0.0	0.0	0.0	162.171	0.0	0.0	0.0	0.0	0.000298	0.0	0.0	0.0	32.4343	0.0	0.0	0.0	0.0	191	0	0	0	0	0	0	0	0	369350	0	0	0	5	0	0	0	0	2326699	0	0	0	0	0	0	0	0	284523	0	0	0	0	0	0	0	0	71524	0	0	0	0	0	0	0	0	546977	0	0	0	0	0	0	0	0	6401.17	0.0	0.0	0.0	0.000563	0.0	0.0	0.0	0.0	1.0	0.0	0.0	0.0	0.0	0.0	0.0	0.0	0.0	
1079	3602578	1258.284660879	4971.958444444458	5205.514000000013	8.88238	0.893524	3602569	0	0	0	5	0	0	0	0	0.000548	0.0	0.0	0.0	0.592538	0.0	0.0	0.0	0.0	1074.01	0.0	0.0	0.0	162.171	0.0	0.0	0.0	0.0	0.000298	0.0	0.0	0.0	32.4343	0.0	0.0	0.0	0.0	191	0	0	0	0	0	0	0	0	369544	0	0	0	5	0	0	0	0	2328758	0	0	0	0	0	0	0	0	285085	0	0	0	0	0	0	0	0	71613	0	0	0	0	0	0	0	0	547378	0	0	0	0	0	0	0	0	6160.48	0.0	0.0	0.0	0.000563	0.0	0.0	0.0	0.0	1.0	0.0	0.0	0.0	0.0	0.0	0.0	0.0	0.0	
1080	3605957	1259.284776293	4971.958444444458	5174.0695555555685	8.8653	0.89333	3605948	0	0	0	5	0	0	0	0	0.000434	0.0	0.0	0.0	0.592538	0.0	0.0	0.0	0.0	1075.01	0.0	0.0	0.0	162.171	0.0	0.0	0.0	0.0	0.000298	0.0	0.0	0.0	32.4343	0.0	0.0	0.0	0.0	191	0	0	0	0	0	0	0	0	369761	0	0	0	5	0	0	0	0	2330794	0	0	0	0	0	0	0	0	285586	0	0	0	0	0	0	0	0	71693	0	0	0	0	0	0	0	0	547923	0	0	0	0	0	0	0	0	4887.44	0.0	0.0	0.0	0.000563	0.0	0.0	0.0	0.0	1.0	0.0	0.0	0.0	0.0	0.0	0.0	0.0	0.0	
1081	3609271	1260.284822956	4971.958444444458	5179.764000000013	8.84826	0.893136	3609262	0	0	0	5	0	0	0	0	0.000221	0.0	0.0	0.0	0.592538	0.0	0.0	0.0	0.0	1076.01	0.0	0.0	0.0	162.171	0.0	0.0	0.0	0.0	0.000298	0.0	0.0	0.0	32.4343	0.0	0.0	0.0	0.0	191	0	0	0	0	0	0	0	0	369981	0	0	0	5	0	0	0	0	2332820	0	0	0	0	0	0	0	0	286111	0	0	0	0	0	0	0	0	71796	0	0	0	0	0	0	0	0	548363	0	0	0	0	0	0	0	0	2482.02	0.0	0.0	0.0	0.000563	0.0	0.0	0.0	0.0	1.0	0.0	0.0	0.0	0.0	0.0	0.0	0.0	0.0	
1082	3612568	1261.284862762	4971.958444444458	5224.430666666679	8.83125	0.892941	3612559	0	0	0	5	0	0	0	0	0.000227	0.0	0.0	0.0	0.592538	0.0	0.0	0.0	0.0	1077.01	0.0	0.0	0.0	162.171	0.0	0.0	0.0	0.0	0.000298	0.0	0.0	0.0	32.4343	0.0	0.0	0.0	0.0	191	0	0	0	0	0	0	0	0	370183	0	0	0	5	0	0	0	0	2334883	0	0	0	0	0	0	0	0	286630	0	0	0	0	0	0	0	0	71887	0	0	0	0	0	0	0	0	548785	0	0	0	0	0	0	0	0	2553.82	0.0	0.0	0.0	0.000563	0.0	0.0	0.0	0.0	1.0	0.0	0.0	0.0	0.0	0.0	0.0	0.0	0.0	
1083	3615850	1262.288816394	4971.958444444458	5114.93066666668	8.81434	0.892747	3615841	0	0	0	5	0	0	0	0	0.000345	0.0	0.0	0.0	0.592538	0.0	0.0	0.0	0.0	1078.01	0.0	0.0	0.0	162.171	0.0	0.0	0.0	0.0	0.000298	0.0	0.0	0.0	32.4343	0.0	0.0	0.0	0.0	191	0	0	0	0	0	0	0	0	370392	0	0	0	5	0	0	0	0	2336859	0	0	0	0	0	0	0	0	287170	0	0	0	0	0	0	0	0	71992	0	0	0	0	0	0	0	0	549237	0	0	0	0	0	0	0	0	3882.84	0.0	0.0	0.0	0.000563	0.0	0.0	0.0	0.0	1.0	0.0	0.0	0.0	0.0	0.0	0.0	0.0	0.0	
1084	3619177	1263.289021177	4971.958444444458	5113.486222222235	8.79726	0.892551	3619168	0	0	0	5	0	0	0	0	0.000319	0.0	0.0	0.0	0.592538	0.0	0.0	0.0	0.0	1079.01	0.0	0.0	0.0	162.171	0.0	0.0	0.0	0.0	0.000298	0.0	0.0	0.0	32.4343	0.0	0.0	0.0	0.0	191	0	0	0	0	0	0	0	0	370590	0	0	0	5	0	0	0	0	2338873	0	0	0	0	0	0	0	0	287678	0	0	0	0	0	0	0	0	72089	0	0	0	0	0	0	0	0	549747	0	0	0	0	0	0	0	0	3590.83	0.0	0.0	0.0	0.000563	0.0	0.0	0.0	0.0	1.0	0.0	0.0	0.0	0.0	0.0	0.0	0.0	0.0	
1085	3622542	1264.289231154	4971.958444444458	5082.625111111124	8.78035	0.892355	3622533	0	0	0	5	0	0	0	0	0.000699	0.0	0.0	0.0	0.592538	0.0	0.0	0.0	0.0	1080.01	0.0	0.0	0.0	162.171	0.0	0.0	0.0	0.0	0.000298	0.0	0.0	0.0	32.4343	0.0	0.0	0.0	0.0	191	0	0	0	0	0	0	0	0	370820	0	0	0	5	0	0	0	0	2340905	0	0	0	0	0	0	0	0	288184	0	0	0	0	0	0	0	0	72175	0	0	0	0	0	0	0	0	550258	0	0	0	0	0	0	0	0	7869.05	0.0	0.0	0.0	0.000563	0.0	0.0	0.0	0.0	1.0	0.0	0.0	0.0	0.0	0.0	0.0	0.0	0.0	
1086	3625885	1265.289274737	4971.958444444458	5046.625111111124	8.76347	0.89216	3625876	0	0	0	5	0	0	0	0	0.000273	0.0	0.0	0.0	0.592538	0.0	0.0	0.0	0.0	1081.0	0.0	0.0	0.0	162.171	0.0	0.0	0.0	0.0	0.000298	0.0	0.0	0.0	32.4343	0.0	0.0	0.0	0.0	191	0	0	0	0	0	0	0	0	371027	0	0	0	5	0	0	0	0	2342941	0	0	0	0	0	0	0	0	288731	0	0	0	0	0	0	0	0	72264	0	0	0	0	0	0	0	0	550722	0	0	0	0	0	0	0	0	3071.38	0.0	0.0	0.0	0.000563	0.0	0.0	0.0	0.0	1.0	0.0	0.0	0.0	0.0	0.0	0.0	0.0	0.0	
1087	3629158	1266.295582188	4971.958444444458	5180.264000000012	8.7467	0.891965	3629149	0	0	0	5	0	0	0	0	0.000363	0.0	0.0	0.0	0.592538	0.0	0.0	0.0	0.0	1082.01	0.0	0.0	0.0	162.171	0.0	0.0	0.0	0.0	0.000298	0.0	0.0	0.0	32.4343	0.0	0.0	0.0	0.0	191	0	0	0	0	0	0	0	0	371245	0	0	0	5	0	0	0	0	2344967	0	0	0	0	0	0	0	0	289247	0	0	0	0	0	0	0	0	72355	0	0	0	0	0	0	0	0	551144	0	0	0	0	0	0	0	0	4084.56	0.0	0.0	0.0	0.000563	0.0	0.0	0.0	0.0	1.0	0.0	0.0	0.0	0.0	0.0	0.0	0.0	0.0	
1088	3632473	1267.295766488	4971.958444444458	5065.597333333348	8.7297	0.891766	3632464	0	0	0	5	0	0	0	0	0.000438	0.0	0.0	0.0	0.592538	0.0	0.0	0.0	0.0	1083.01	0.0	0.0	0.0	162.171	0.0	0.0	0.0	0.0	0.000298	0.0	0.0	0.0	32.4343	0.0	0.0	0.0	0.0	191	0	0	0	0	0	0	0	0	371459	0	0	0	5	0	0	0	0	2347011	0	0	0	0	0	0	0	0	289746	0	0	0	0	0	0	0	0	72448	0	0	0	0	0	0	0	0	551609	0	0	0	0	0	0	0	0	4926.21	0.0	0.0	0.0	0.000563	0.0	0.0	0.0	0.0	1.0	0.0	0.0	0.0	0.0	0.0	0.0	0.0	0.0	
1089	3635797	1268.295801503	4971.958444444458	5097.402888888904	8.71292	0.891569	3635788	0	0	0	5	0	0	0	0	0.000291	0.0	0.0	0.0	0.592538	0.0	0.0	0.0	0.0	1084.01	0.0	0.0	0.0	162.171	0.0	0.0	0.0	0.0	0.000298	0.0	0.0	0.0	32.4343	0.0	0.0	0.0	0.0	191	0	0	0	0	0	0	0	0	371678	0	0	0	5	0	0	0	0	2349082	0	0	0	0	0	0	0	0	290234	0	0	0	0	0	0	0	0	72539	0	0	0	0	0	0	0	0	552064	0	0	0	0	0	0	0	0	3272.61	0.0	0.0	0.0	0.000563	0.0	0.0	0.0	0.0	1.0	0.0	0.0	0.0	0.0	0.0	0.0	0.0	0.0	
1090	3639231	1269.295959641	4932.70844444446	5102.125111111127	8.69617	0.891372	3639222	0	0	0	5	0	0	0	0	0.000102	0.0	0.0	0.0	0.592538	0.0	0.0	0.0	0.0	1085.01	0.0	0.0	0.0	162.171	0.0	0.0	0.0	0.0	0.000298	0.0	0.0	0.0	32.4343	0.0	0.0	0.0	0.0	202	0	0	0	0	0	0	0	0	371891	0	0	0	5	0	0	0	0	2351151	0	0	0	0	0	0	0	0	290794	0	0	0	0	0	0	0	0	72646	0	0	0	0	0	0	0	0	552538	0	0	0	0	0	0	0	0	1149.4	0.0	0.0	0.0	0.000563	0.0	0.0	0.0	0.0	1.0	0.0	0.0	0.0	0.0	0.0	0.0	0.0	0.0	
1091	3642523	1270.296055099	4932.70844444446	5038.3473333333495	8.67945	0.891175	3642514	0	0	0	5	0	0	0	0	0.000161	0.0	0.0	0.0	0.592538	0.0	0.0	0.0	0.0	1086.0	0.0	0.0	0.0	162.171	0.0	0.0	0.0	0.0	0.000298	0.0	0.0	0.0	32.4343	0.0	0.0	0.0	0.0	202	0	0	0	0	0	0	0	0	372089	0	0	0	5	0	0	0	0	2353254	0	0	0	0	0	0	0	0	291248	0	0	0	0	0	0	0	0	72759	0	0	0	0	0	0	0	0	552962	0	0	0	0	0	0	0	0	1808.39	0.0	0.0	0.0	0.000563	0.0	0.0	0.0	0.0	1.0	0.0	0.0	0.0	0.0	0.0	0.0	0.0	0.0	
1092	3645820	1271.303707291	4932.70844444446	5027.5973333333495	8.66282	0.890978	3645811	0	0	0	5	0	0	0	0	0.000513	0.0	0.0	0.0	0.592538	0.0	0.0	0.0	0.0	1087.01	0.0	0.0	0.0	162.171	0.0	0.0	0.0	0.0	0.000298	0.0	0.0	0.0	32.4343	0.0	0.0	0.0	0.0	202	0	0	0	0	0	0	0	0	372299	0	0	0	5	0	0	0	0	2355243	0	0	0	0	0	0	0	0	291748	0	0	0	0	0	0	0	0	72895	0	0	0	0	0	0	0	0	553424	0	0	0	0	0	0	0	0	5766.03	0.0	0.0	0.0	0.000563	0.0	0.0	0.0	0.0	1.0	0.0	0.0	0.0	0.0	0.0	0.0	0.0	0.0	
1093	3649177	1272.303792086	4932.70844444446	5131.402888888903	8.64599	0.890777	3649168	0	0	0	5	0	0	0	0	6.3e-5	0.0	0.0	0.0	0.592538	0.0	0.0	0.0	0.0	1088.01	0.0	0.0	0.0	162.171	0.0	0.0	0.0	0.0	0.000298	0.0	0.0	0.0	32.4343	0.0	0.0	0.0	0.0	202	0	0	0	0	0	0	0	0	372516	0	0	0	5	0	0	0	0	2357309	0	0	0	0	0	0	0	0	292207	0	0	0	0	0	0	0	0	73021	0	0	0	0	0	0	0	0	553913	0	0	0	0	0	0	0	0	703.995	0.0	0.0	0.0	0.000563	0.0	0.0	0.0	0.0	0.999999	0.0	0.0	0.0	1.0e-6	0.0	0.0	0.0	0.0	
1094	3652498	1273.303824221	4932.70844444446	5119.0695555555685	8.62936	0.890579	3652489	0	0	0	5	0	0	0	0	0.000481	0.0	0.0	0.0	0.592538	0.0	0.0	0.0	0.0	1089.01	0.0	0.0	0.0	162.171	0.0	0.0	0.0	0.0	0.000298	0.0	0.0	0.0	32.4343	0.0	0.0	0.0	0.0	202	0	0	0	0	0	0	0	0	372734	0	0	0	5	0	0	0	0	2359309	0	0	0	0	0	0	0	0	292660	0	0	0	0	0	0	0	0	73137	0	0	0	0	0	0	0	0	554447	0	0	0	0	0	0	0	0	5409.8	0.0	0.0	0.0	0.000563	0.0	0.0	0.0	0.0	1.0	0.0	0.0	0.0	0.0	0.0	0.0	0.0	0.0	
1095	3655877	1274.303844997	4932.70844444446	5138.3195555555685	8.61278	0.89038	3655868	0	0	0	5	0	0	0	0	0.000316	0.0	0.0	0.0	0.592538	0.0	0.0	0.0	0.0	1090.01	0.0	0.0	0.0	162.171	0.0	0.0	0.0	0.0	0.000298	0.0	0.0	0.0	32.4343	0.0	0.0	0.0	0.0	202	0	0	0	0	0	0	0	0	372952	0	0	0	5	0	0	0	0	2361367	0	0	0	0	0	0	0	0	293139	0	0	0	0	0	0	0	0	73247	0	0	0	0	0	0	0	0	554961	0	0	0	0	0	0	0	0	3549.96	0.0	0.0	0.0	0.000563	0.0	0.0	0.0	0.0	1.0	0.0	0.0	0.0	0.0	0.0	0.0	0.0	0.0	
1096	3659197	1275.303938541	4932.70844444446	5011.125111111123	8.59622	0.890181	3659188	0	0	0	5	0	0	0	0	0.000149	0.0	0.0	0.0	0.592538	0.0	0.0	0.0	0.0	1091.0	0.0	0.0	0.0	162.171	0.0	0.0	0.0	0.0	0.000298	0.0	0.0	0.0	32.4343	0.0	0.0	0.0	0.0	202	0	0	0	0	0	0	0	0	373135	0	0	0	5	0	0	0	0	2363406	0	0	0	0	0	0	0	0	293604	0	0	0	0	0	0	0	0	73384	0	0	0	0	0	0	0	0	555457	0	0	0	0	0	0	0	0	1677.77	0.0	0.0	0.0	0.000563	0.0	0.0	0.0	0.0	1.0	0.0	0.0	0.0	0.0	0.0	0.0	0.0	0.0	
1097	3662532	1276.31498108	4932.70844444446	5018.402888888902	8.57969	0.889982	3662523	0	0	0	5	0	0	0	0	0.000275	0.0	0.0	0.0	0.592538	0.0	0.0	0.0	0.0	1092.01	0.0	0.0	0.0	162.171	0.0	0.0	0.0	0.0	0.000298	0.0	0.0	0.0	32.4343	0.0	0.0	0.0	0.0	202	0	0	0	0	0	0	0	0	373333	0	0	0	5	0	0	0	0	2365361	0	0	0	0	0	0	0	0	294094	0	0	0	0	0	0	0	0	73548	0	0	0	0	0	0	0	0	555985	0	0	0	0	0	0	0	0	3089.16	0.0	0.0	0.0	0.000563	0.0	0.0	0.0	0.0	1.0	0.0	0.0	0.0	0.0	0.0	0.0	0.0	0.0	
1098	3665927	1277.315010346	4925.8195555555685	5064.4862222222355	8.56302	0.88978	3665918	0	0	0	5	0	0	0	0	0.000216	0.0	0.0	0.0	0.592538	0.0	0.0	0.0	0.0	1093.01	0.0	0.0	0.0	162.171	0.0	0.0	0.0	0.0	0.000298	0.0	0.0	0.0	32.4343	0.0	0.0	0.0	0.0	205	0	0	0	0	0	0	0	0	373540	0	0	0	5	0	0	0	0	2367409	0	0	0	0	0	0	0	0	294575	0	0	0	0	0	0	0	0	73664	0	0	0	0	0	0	0	0	556525	0	0	0	0	0	0	0	0	2428.02	0.0	0.0	0.0	0.000563	0.0	0.0	0.0	0.0	1.0	0.0	0.0	0.0	0.0	0.0	0.0	0.0	0.0	
1099	3669256	1278.315178525	4925.8195555555685	4947.930666666679	8.54656	0.88958	3669247	0	0	0	5	0	0	0	0	0.000397	0.0	0.0	0.0	0.592538	0.0	0.0	0.0	0.0	1094.01	0.0	0.0	0.0	162.171	0.0	0.0	0.0	0.0	0.000298	0.0	0.0	0.0	32.4343	0.0	0.0	0.0	0.0	205	0	0	0	0	0	0	0	0	373745	0	0	0	5	0	0	0	0	2369453	0	0	0	0	0	0	0	0	295009	0	0	0	0	0	0	0	0	73794	0	0	0	0	0	0	0	0	557041	0	0	0	0	0	0	0	0	4462.3	0.0	0.0	0.0	0.000563	0.0	0.0	0.0	0.0	1.0	0.0	0.0	0.0	0.0	0.0	0.0	0.0	0.0	
1100	3672649	1279.315343237	4900.625111111123	4953.347333333344	8.53012	0.889379	3672640	0	0	0	5	0	0	0	0	0.000275	0.0	0.0	0.0	0.592538	0.0	0.0	0.0	0.0	1095.01	0.0	0.0	0.0	162.171	0.0	0.0	0.0	0.0	0.000298	0.0	0.0	0.0	32.4343	0.0	0.0	0.0	0.0	214	0	0	0	0	0	0	0	0	373920	0	0	0	5	0	0	0	0	2371501	0	0	0	0	0	0	0	0	295446	0	0	0	0	0	0	0	0	73947	0	0	0	0	0	0	0	0	557612	0	0	0	0	0	0	0	0	3095.12	0.0	0.0	0.0	0.000563	0.0	0.0	0.0	0.0	1.0	0.0	0.0	0.0	0.0	0.0	0.0	0.0	0.0	
1101	3675968	1280.31539443	4900.625111111123	4990.291777777789	8.51372	0.889178	3675959	0	0	0	5	0	0	0	0	0.000307	0.0	0.0	0.0	0.592538	0.0	0.0	0.0	0.0	1096.01	0.0	0.0	0.0	162.171	0.0	0.0	0.0	0.0	0.000298	0.0	0.0	0.0	32.4343	0.0	0.0	0.0	0.0	214	0	0	0	0	0	0	0	0	374120	0	0	0	5	0	0	0	0	2373507	0	0	0	0	0	0	0	0	295922	0	0	0	0	0	0	0	0	74055	0	0	0	0	0	0	0	0	558141	0	0	0	0	0	0	0	0	3454.27	0.0	0.0	0.0	0.000563	0.0	0.0	0.0	0.0	1.0	0.0	0.0	0.0	0.0	0.0	0.0	0.0	0.0	
1102	3679299	1281.315617119	4900.625111111123	5082.736222222236	8.49736	0.888977	3679290	0	0	0	5	0	0	0	0	0.000559	0.0	0.0	0.0	0.592538	0.0	0.0	0.0	0.0	1097.01	0.0	0.0	0.0	162.171	0.0	0.0	0.0	0.0	0.000298	0.0	0.0	0.0	32.4343	0.0	0.0	0.0	0.0	214	0	0	0	0	0	0	0	0	374326	0	0	0	5	0	0	0	0	2375520	0	0	0	0	0	0	0	0	296390	0	0	0	0	0	0	0	0	74196	0	0	0	0	0	0	0	0	558644	0	0	0	0	0	0	0	0	6291.17	0.0	0.0	0.0	0.000563	0.0	0.0	0.0	0.0	1.0	0.0	0.0	0.0	0.0	0.0	0.0	0.0	0.0	
1103	3682629	1282.315628921	4900.625111111123	5065.375111111123	8.48102	0.888776	3682620	0	0	0	5	0	0	0	0	0.000372	0.0	0.0	0.0	0.592538	0.0	0.0	0.0	0.0	1098.01	0.0	0.0	0.0	162.171	0.0	0.0	0.0	0.0	0.000298	0.0	0.0	0.0	32.4343	0.0	0.0	0.0	0.0	214	0	0	0	0	0	0	0	0	374526	0	0	0	5	0	0	0	0	2377610	0	0	0	0	0	0	0	0	296829	0	0	0	0	0	0	0	0	74312	0	0	0	0	0	0	0	0	559129	0	0	0	0	0	0	0	0	4185.58	0.0	0.0	0.0	0.000563	0.0	0.0	0.0	0.0	1.0	0.0	0.0	0.0	0.0	0.0	0.0	0.0	0.0	
1104	3685959	1283.324692972	4900.625111111123	5066.847333333346	8.46474	0.888574	3685950	0	0	0	5	0	0	0	0	9.1e-5	0.0	0.0	0.0	0.592538	0.0	0.0	0.0	0.0	1099.01	0.0	0.0	0.0	162.171	0.0	0.0	0.0	0.0	0.000298	0.0	0.0	0.0	32.4343	0.0	0.0	0.0	0.0	214	0	0	0	0	0	0	0	0	374733	0	0	0	5	0	0	0	0	2379646	0	0	0	0	0	0	0	0	297276	0	0	0	0	0	0	0	0	74451	0	0	0	0	0	0	0	0	559630	0	0	0	0	0	0	0	0	1023.85	0.0	0.0	0.0	0.000563	0.0	0.0	0.0	0.0	0.999999	0.0	0.0	0.0	1.0e-6	0.0	0.0	0.0	0.0	
1105	3689332	1284.324844839	4900.625111111123	5152.236222222237	8.4483	0.88837	3689323	0	0	0	5	0	0	0	0	0.000389	0.0	0.0	0.0	0.592538	0.0	0.0	0.0	0.0	1100.01	0.0	0.0	0.0	162.171	0.0	0.0	0.0	0.0	0.000298	0.0	0.0	0.0	32.4343	0.0	0.0	0.0	0.0	214	0	0	0	0	0	0	0	0	374930	0	0	0	5	0	0	0	0	2381703	0	0	0	0	0	0	0	0	297725	0	0	0	0	0	0	0	0	74600	0	0	0	0	0	0	0	0	560151	0	0	0	0	0	0	0	0	4374.63	0.0	0.0	0.0	0.000563	0.0	0.0	0.0	0.0	1.0	0.0	0.0	0.0	0.0	0.0	0.0	0.0	0.0	
1106	3692673	1285.324981922	4900.625111111123	5060.041777777792	8.43205	0.888167	3692664	0	0	0	5	0	0	0	0	6.1e-5	0.0	0.0	0.0	0.592538	0.0	0.0	0.0	0.0	1101.01	0.0	0.0	0.0	162.171	0.0	0.0	0.0	0.0	0.000298	0.0	0.0	0.0	32.4343	0.0	0.0	0.0	0.0	214	0	0	0	0	0	0	0	0	375132	0	0	0	5	0	0	0	0	2383739	0	0	0	0	0	0	0	0	298167	0	0	0	0	0	0	0	0	74734	0	0	0	0	0	0	0	0	560678	0	0	0	0	0	0	0	0	684.281	0.0	0.0	0.0	0.000563	0.0	0.0	0.0	0.0	0.999999	0.0	0.0	0.0	1.0e-6	0.0	0.0	0.0	0.0	
1107	3696086	1286.325122382	4900.625111111123	4976.430666666681	8.41584	0.887964	3696077	0	0	0	5	0	0	0	0	0.000338	0.0	0.0	0.0	0.592538	0.0	0.0	0.0	0.0	1102.01	0.0	0.0	0.0	162.171	0.0	0.0	0.0	0.0	0.000298	0.0	0.0	0.0	32.4343	0.0	0.0	0.0	0.0	214	0	0	0	0	0	0	0	0	375317	0	0	0	5	0	0	0	0	2385815	0	0	0	0	0	0	0	0	298680	0	0	0	0	0	0	0	0	74835	0	0	0	0	0	0	0	0	561216	0	0	0	0	0	0	0	0	3804.18	0.0	0.0	0.0	0.000563	0.0	0.0	0.0	0.0	1.0	0.0	0.0	0.0	0.0	0.0	0.0	0.0	0.0	
1108	3699426	1287.327657728	4900.625111111123	5110.708444444459	8.39975	0.887762	3699417	0	0	0	5	0	0	0	0	0.00025	0.0	0.0	0.0	0.592538	0.0	0.0	0.0	0.0	1103.01	0.0	0.0	0.0	162.171	0.0	0.0	0.0	0.0	0.000298	0.0	0.0	0.0	32.4343	0.0	0.0	0.0	0.0	214	0	0	0	0	0	0	0	0	375507	0	0	0	5	0	0	0	0	2387771	0	0	0	0	0	0	0	0	299200	0	0	0	0	0	0	0	0	74954	0	0	0	0	0	0	0	0	561771	0	0	0	0	0	0	0	0	2814.67	0.0	0.0	0.0	0.000563	0.0	0.0	0.0	0.0	1.0	0.0	0.0	0.0	0.0	0.0	0.0	0.0	0.0	
1109	3702720	1288.327729018	4900.625111111123	5081.791777777789	8.38348	0.887557	3702711	0	0	0	5	0	0	0	0	0.000464	0.0	0.0	0.0	0.592538	0.0	0.0	0.0	0.0	1104.01	0.0	0.0	0.0	162.171	0.0	0.0	0.0	0.0	0.000298	0.0	0.0	0.0	32.4343	0.0	0.0	0.0	0.0	214	0	0	0	0	0	0	0	0	375686	0	0	0	5	0	0	0	0	2389813	0	0	0	0	0	0	0	0	299709	0	0	0	0	0	0	0	0	75055	0	0	0	0	0	0	0	0	562234	0	0	0	0	0	0	0	0	5220.3	0.0	0.0	0.0	0.000563	0.0	0.0	0.0	0.0	1.0	0.0	0.0	0.0	0.0	0.0	0.0	0.0	0.0	
1110	3706129	1289.328065695	4900.625111111123	5102.097333333345	8.36736	0.887353	3706120	0	0	0	5	0	0	0	0	0.000233	0.0	0.0	0.0	0.592538	0.0	0.0	0.0	0.0	1105.01	0.0	0.0	0.0	162.171	0.0	0.0	0.0	0.0	0.000298	0.0	0.0	0.0	32.4343	0.0	0.0	0.0	0.0	214	0	0	0	0	0	0	0	0	375885	0	0	0	5	0	0	0	0	2391821	0	0	0	0	0	0	0	0	300187	0	0	0	0	0	0	0	0	75152	0	0	0	0	0	0	0	0	562861	0	0	0	0	0	0	0	0	2618.52	0.0	0.0	0.0	0.000563	0.0	0.0	0.0	0.0	1.0	0.0	0.0	0.0	0.0	0.0	0.0	0.0	0.0	
1111	3709452	1290.328206034	4900.625111111123	5107.79177777779	8.35127	0.887149	3709443	0	0	0	5	0	0	0	0	0.000358	0.0	0.0	0.0	0.592538	0.0	0.0	0.0	0.0	1106.01	0.0	0.0	0.0	162.171	0.0	0.0	0.0	0.0	0.000298	0.0	0.0	0.0	32.4343	0.0	0.0	0.0	0.0	214	0	0	0	0	0	0	0	0	376074	0	0	0	5	0	0	0	0	2393751	0	0	0	0	0	0	0	0	300678	0	0	0	0	0	0	0	0	75271	0	0	0	0	0	0	0	0	563455	0	0	0	0	0	0	0	0	4025.2	0.0	0.0	0.0	0.000563	0.0	0.0	0.0	0.0	1.0	0.0	0.0	0.0	0.0	0.0	0.0	0.0	0.0	
1112	3712838	1291.328288287	4900.625111111123	4958.625111111124	8.33522	0.886944	3712829	0	0	0	5	0	0	0	0	0.000216	0.0	0.0	0.0	0.592538	0.0	0.0	0.0	0.0	1107.01	0.0	0.0	0.0	162.171	0.0	0.0	0.0	0.0	0.000298	0.0	0.0	0.0	32.4343	0.0	0.0	0.0	0.0	214	0	0	0	0	0	0	0	0	376277	0	0	0	5	0	0	0	0	2395756	0	0	0	0	0	0	0	0	301264	0	0	0	0	0	0	0	0	75349	0	0	0	0	0	0	0	0	563969	0	0	0	0	0	0	0	0	2426.79	0.0	0.0	0.0	0.000563	0.0	0.0	0.0	0.0	1.0	0.0	0.0	0.0	0.0	0.0	0.0	0.0	0.0	
1113	3716204	1292.328330276	4900.625111111123	5018.930666666679	8.31919	0.88674	3716195	0	0	0	5	0	0	0	0	0.000168	0.0	0.0	0.0	0.592538	0.0	0.0	0.0	0.0	1108.0	0.0	0.0	0.0	162.171	0.0	0.0	0.0	0.0	0.000298	0.0	0.0	0.0	32.4343	0.0	0.0	0.0	0.0	214	0	0	0	0	0	0	0	0	376454	0	0	0	5	0	0	0	0	2397744	0	0	0	0	0	0	0	0	301837	0	0	0	0	0	0	0	0	75467	0	0	0	0	0	0	0	0	564479	0	0	0	0	0	0	0	0	1884.42	0.0	0.0	0.0	0.000563	0.0	0.0	0.0	0.0	1.0	0.0	0.0	0.0	0.0	0.0	0.0	0.0	0.0	
1114	3719503	1293.333015526	4900.625111111123	4934.347333333347	8.3033	0.886536	3719494	0	0	0	5	0	0	0	0	0.00014	0.0	0.0	0.0	0.592538	0.0	0.0	0.0	0.0	1109.01	0.0	0.0	0.0	162.171	0.0	0.0	0.0	0.0	0.000298	0.0	0.0	0.0	32.4343	0.0	0.0	0.0	0.0	214	0	0	0	0	0	0	0	0	376631	0	0	0	5	0	0	0	0	2399738	0	0	0	0	0	0	0	0	302439	0	0	0	0	0	0	0	0	75570	0	0	0	0	0	0	0	0	564902	0	0	0	0	0	0	0	0	1579.65	0.0	0.0	0.0	0.000563	0.0	0.0	0.0	0.0	1.0	0.0	0.0	0.0	0.0	0.0	0.0	0.0	0.0	
1115	3722909	1294.333221416	4862.514000000014	4979.375111111125	8.28716	0.886328	3722900	0	0	0	5	0	0	0	0	0.000815	0.0	0.0	0.0	0.592538	0.0	0.0	0.0	0.0	1110.01	0.0	0.0	0.0	162.171	0.0	0.0	0.0	0.0	0.000298	0.0	0.0	0.0	32.4343	0.0	0.0	0.0	0.0	219	0	0	0	0	0	0	0	0	376827	0	0	0	5	0	0	0	0	2401741	0	0	0	0	0	0	0	0	303012	0	0	0	0	0	0	0	0	75702	0	0	0	0	0	0	0	0	565399	0	0	0	0	0	0	0	0	9171.59	0.0	0.0	0.0	0.000563	0.0	0.0	0.0	0.0	1.0	0.0	0.0	0.0	0.0	0.0	0.0	0.0	0.0	
1116	3726338	1295.333275881	4862.514000000014	5001.486222222237	8.27123	0.886122	3726329	0	0	0	5	0	0	0	0	0.000447	0.0	0.0	0.0	0.592538	0.0	0.0	0.0	0.0	1111.0	0.0	0.0	0.0	162.171	0.0	0.0	0.0	0.0	0.000298	0.0	0.0	0.0	32.4343	0.0	0.0	0.0	0.0	219	0	0	0	0	0	0	0	0	377022	0	0	0	5	0	0	0	0	2403745	0	0	0	0	0	0	0	0	303550	0	0	0	0	0	0	0	0	75818	0	0	0	0	0	0	0	0	565975	0	0	0	0	0	0	0	0	5027.8	0.0	0.0	0.0	0.000563	0.0	0.0	0.0	0.0	1.0	0.0	0.0	0.0	0.0	0.0	0.0	0.0	0.0	
1117	3729773	1296.333352689	4862.514000000014	5121.514000000016	8.25533	0.885915	3729764	0	0	0	5	0	0	0	0	2.0e-5	0.0	0.0	0.0	0.592538	0.0	0.0	0.0	0.0	1112.0	0.0	0.0	0.0	162.171	0.0	0.0	0.0	0.0	0.000298	0.0	0.0	0.0	32.4343	0.0	0.0	0.0	0.0	219	0	0	0	0	0	0	0	0	377217	0	0	0	5	0	0	0	0	2405788	0	0	0	0	0	0	0	0	304035	0	0	0	0	0	0	0	0	75908	0	0	0	0	0	0	0	0	566597	0	0	0	0	0	0	0	0	222.776	0.0	0.0	0.0	0.000563	0.0	0.0	0.0	0.0	0.999997	0.0	0.0	0.0	3.0e-6	0.0	0.0	0.0	0.0	
1118	3733155	1297.333539102	4862.514000000014	5014.430666666682	8.23946	0.885709	3733146	0	0	0	5	0	0	0	0	0.000276	0.0	0.0	0.0	0.592538	0.0	0.0	0.0	0.0	1113.0	0.0	0.0	0.0	162.171	0.0	0.0	0.0	0.0	0.000298	0.0	0.0	0.0	32.4343	0.0	0.0	0.0	0.0	219	0	0	0	0	0	0	0	0	377437	0	0	0	5	0	0	0	0	2407855	0	0	0	0	0	0	0	0	304585	0	0	0	0	0	0	0	0	75980	0	0	0	0	0	0	0	0	567070	0	0	0	0	0	0	0	0	3105.7	0.0	0.0	0.0	0.000563	0.0	0.0	0.0	0.0	1.0	0.0	0.0	0.0	0.0	0.0	0.0	0.0	0.0	
1119	3736549	1298.341380064	4862.514000000014	5014.597333333346	8.22362	0.885502	3736540	0	0	0	5	0	0	0	0	0.00028	0.0	0.0	0.0	0.592538	0.0	0.0	0.0	0.0	1114.01	0.0	0.0	0.0	162.171	0.0	0.0	0.0	0.0	0.000298	0.0	0.0	0.0	32.4343	0.0	0.0	0.0	0.0	219	0	0	0	0	0	0	0	0	377637	0	0	0	5	0	0	0	0	2409947	0	0	0	0	0	0	0	0	305053	0	0	0	0	0	0	0	0	76086	0	0	0	0	0	0	0	0	567598	0	0	0	0	0	0	0	0	3154.6	0.0	0.0	0.0	0.000563	0.0	0.0	0.0	0.0	1.0	0.0	0.0	0.0	0.0	0.0	0.0	0.0	0.0	
1120	3740041	1299.341608434	4862.514000000014	5002.375111111125	8.20769	0.885293	3740032	0	0	0	5	0	0	0	0	2.5e-5	0.0	0.0	0.0	0.592538	0.0	0.0	0.0	0.0	1115.01	0.0	0.0	0.0	162.171	0.0	0.0	0.0	0.0	0.000298	0.0	0.0	0.0	32.4343	0.0	0.0	0.0	0.0	219	0	0	0	0	0	0	0	0	377837	0	0	0	5	0	0	0	0	2412018	0	0	0	0	0	0	0	0	305636	0	0	0	0	0	0	0	0	76189	0	0	0	0	0	0	0	0	568133	0	0	0	0	0	0	0	0	285.824	0.0	0.0	0.0	0.000563	0.0	0.0	0.0	0.0	0.999998	0.0	0.0	0.0	2.0e-6	0.0	0.0	0.0	0.0	
1121	3743498	1300.341626376	4862.514000000014	5108.375111111125	8.19191	0.885085	3743489	0	0	0	5	0	0	0	0	0.00013	0.0	0.0	0.0	0.592538	0.0	0.0	0.0	0.0	1116.01	0.0	0.0	0.0	162.171	0.0	0.0	0.0	0.0	0.000298	0.0	0.0	0.0	32.4343	0.0	0.0	0.0	0.0	219	0	0	0	0	0	0	0	0	378036	0	0	0	5	0	0	0	0	2414085	0	0	0	0	0	0	0	0	306149	0	0	0	0	0	0	0	0	76282	0	0	0	0	0	0	0	0	568718	0	0	0	0	0	0	0	0	1463.32	0.0	0.0	0.0	0.000563	0.0	0.0	0.0	0.0	1.0	0.0	0.0	0.0	0.0	0.0	0.0	0.0	0.0	
1122	3746969	1301.341754285	4862.514000000014	5053.264000000014	8.17616	0.884877	3746960	0	0	0	5	0	0	0	0	0.000283	0.0	0.0	0.0	0.592538	0.0	0.0	0.0	0.0	1117.0	0.0	0.0	0.0	162.171	0.0	0.0	0.0	0.0	0.000298	0.0	0.0	0.0	32.4343	0.0	0.0	0.0	0.0	219	0	0	0	0	0	0	0	0	378241	0	0	0	5	0	0	0	0	2416139	0	0	0	0	0	0	0	0	306708	0	0	0	0	0	0	0	0	76374	0	0	0	0	0	0	0	0	569279	0	0	0	0	0	0	0	0	3183.82	0.0	0.0	0.0	0.000563	0.0	0.0	0.0	0.0	1.0	0.0	0.0	0.0	0.0	0.0	0.0	0.0	0.0	
1123	3750404	1302.341793506	4862.514000000014	5072.930666666678	8.16044	0.884668	3750395	0	0	0	5	0	0	0	0	0.000592	0.0	0.0	0.0	0.592538	0.0	0.0	0.0	0.0	1117.99	0.0	0.0	0.0	162.171	0.0	0.0	0.0	0.0	0.000298	0.0	0.0	0.0	32.4343	0.0	0.0	0.0	0.0	219	0	0	0	0	0	0	0	0	378473	0	0	0	5	0	0	0	0	2418238	0	0	0	0	0	0	0	0	307234	0	0	0	0	0	0	0	0	76454	0	0	0	0	0	0	0	0	569777	0	0	0	0	0	0	0	0	6666.82	0.0	0.0	0.0	0.000563	0.0	0.0	0.0	0.0	1.0	0.0	0.0	0.0	0.0	0.0	0.0	0.0	0.0	
1124	3753838	1303.345065882	4862.514000000014	5054.125111111124	8.14483	0.884461	3753829	0	0	0	5	0	0	0	0	0.000699	0.0	0.0	0.0	0.592538	0.0	0.0	0.0	0.0	1119.0	0.0	0.0	0.0	162.171	0.0	0.0	0.0	0.0	0.000298	0.0	0.0	0.0	32.4343	0.0	0.0	0.0	0.0	219	0	0	0	0	0	0	0	0	378682	0	0	0	5	0	0	0	0	2420280	0	0	0	0	0	0	0	0	307760	0	0	0	0	0	0	0	0	76584	0	0	0	0	0	0	0	0	570304	0	0	0	0	0	0	0	0	7871.88	0.0	0.0	0.0	0.000563	0.0	0.0	0.0	0.0	1.0	0.0	0.0	0.0	0.0	0.0	0.0	0.0	0.0	
1125	3757174	1304.355964448	4862.514000000014	5121.069555555569	8.12905	0.88425	3757165	0	0	0	5	0	0	0	0	0.000168	0.0	0.0	0.0	0.592538	0.0	0.0	0.0	0.0	1120.01	0.0	0.0	0.0	162.171	0.0	0.0	0.0	0.0	0.000298	0.0	0.0	0.0	32.4343	0.0	0.0	0.0	0.0	219	0	0	0	0	0	0	0	0	378883	0	0	0	5	0	0	0	0	2422276	0	0	0	0	0	0	0	0	308260	0	0	0	0	0	0	0	0	76701	0	0	0	0	0	0	0	0	570826	0	0	0	0	0	0	0	0	1891.09	0.0	0.0	0.0	0.000563	0.0	0.0	0.0	0.0	1.0	0.0	0.0	0.0	0.0	0.0	0.0	0.0	0.0	
1126	3760558	1305.356093261	4862.514000000014	5016.514000000013	8.11324	0.884038	3760549	0	0	0	5	0	0	0	0	0.000598	0.0	0.0	0.0	0.592538	0.0	0.0	0.0	0.0	1121.0	0.0	0.0	0.0	162.171	0.0	0.0	0.0	0.0	0.000298	0.0	0.0	0.0	32.4343	0.0	0.0	0.0	0.0	219	0	0	0	0	0	0	0	0	379093	0	0	0	5	0	0	0	0	2424363	0	0	0	0	0	0	0	0	308741	0	0	0	0	0	0	0	0	76811	0	0	0	0	0	0	0	0	571322	0	0	0	0	0	0	0	0	6728.46	0.0	0.0	0.0	0.000563	0.0	0.0	0.0	0.0	1.0	0.0	0.0	0.0	0.0	0.0	0.0	0.0	0.0	
1127	3763957	1306.356209495	4862.514000000014	5027.6528888889015	8.09765	0.883828	3763948	0	0	0	5	0	0	0	0	0.000224	0.0	0.0	0.0	0.592538	0.0	0.0	0.0	0.0	1122.0	0.0	0.0	0.0	162.171	0.0	0.0	0.0	0.0	0.000298	0.0	0.0	0.0	32.4343	0.0	0.0	0.0	0.0	219	0	0	0	0	0	0	0	0	379325	0	0	0	5	0	0	0	0	2426434	0	0	0	0	0	0	0	0	309264	0	0	0	0	0	0	0	0	76917	0	0	0	0	0	0	0	0	571789	0	0	0	0	0	0	0	0	2516.49	0.0	0.0	0.0	0.000563	0.0	0.0	0.0	0.0	1.0	0.0	0.0	0.0	0.0	0.0	0.0	0.0	0.0	
1128	3767271	1307.360537368	4862.514000000014	5044.041777777789	8.08218	0.883619	3767262	0	0	0	5	0	0	0	0	1.3e-5	0.0	0.0	0.0	0.592538	0.0	0.0	0.0	0.0	1123.01	0.0	0.0	0.0	162.171	0.0	0.0	0.0	0.0	0.000298	0.0	0.0	0.0	32.4343	0.0	0.0	0.0	0.0	219	0	0	0	0	0	0	0	0	379513	0	0	0	5	0	0	0	0	2428491	0	0	0	0	0	0	0	0	309782	0	0	0	0	0	0	0	0	77015	0	0	0	0	0	0	0	0	572242	0	0	0	0	0	0	0	0	144.865	0.0	0.0	0.0	0.000563	0.0	0.0	0.0	0.0	0.999996	0.0	0.0	0.0	4.0e-6	0.0	0.0	0.0	0.0	
1129	3770664	1308.360668323	4862.514000000014	4974.152888888899	8.06648	0.883406	3770655	0	0	0	5	0	0	0	0	0.000644	0.0	0.0	0.0	0.592538	0.0	0.0	0.0	0.0	1124.0	0.0	0.0	0.0	162.171	0.0	0.0	0.0	0.0	0.000298	0.0	0.0	0.0	32.4343	0.0	0.0	0.0	0.0	219	0	0	0	0	0	0	0	0	379693	0	0	0	5	0	0	0	0	2430564	0	0	0	0	0	0	0	0	310337	0	0	0	0	0	0	0	0	77127	0	0	0	0	0	0	0	0	572715	0	0	0	0	0	0	0	0	7248.59	0.0	0.0	0.0	0.000563	0.0	0.0	0.0	0.0	1.0	0.0	0.0	0.0	0.0	0.0	0.0	0.0	0.0	
1130	3774073	1309.360861744	4862.514000000014	5057.986222222231	8.05097	0.883196	3774064	0	0	0	5	0	0	0	0	0.000442	0.0	0.0	0.0	0.592538	0.0	0.0	0.0	0.0	1125.0	0.0	0.0	0.0	162.171	0.0	0.0	0.0	0.0	0.000298	0.0	0.0	0.0	32.4343	0.0	0.0	0.0	0.0	219	0	0	0	0	0	0	0	0	379886	0	0	0	5	0	0	0	0	2432681	0	0	0	0	0	0	0	0	310875	0	0	0	0	0	0	0	0	77217	0	0	0	0	0	0	0	0	573186	0	0	0	0	0	0	0	0	4974.93	0.0	0.0	0.0	0.000563	0.0	0.0	0.0	0.0	1.0	0.0	0.0	0.0	0.0	0.0	0.0	0.0	0.0	
1131	3777488	1310.361094754	4862.514000000014	5051.180666666676	8.03549	0.882984	3777479	0	0	0	5	0	0	0	0	6.2e-5	0.0	0.0	0.0	0.592538	0.0	0.0	0.0	0.0	1126.0	0.0	0.0	0.0	162.171	0.0	0.0	0.0	0.0	0.000298	0.0	0.0	0.0	32.4343	0.0	0.0	0.0	0.0	219	0	0	0	0	0	0	0	0	380084	0	0	0	5	0	0	0	0	2434755	0	0	0	0	0	0	0	0	311463	0	0	0	0	0	0	0	0	77317	0	0	0	0	0	0	0	0	573641	0	0	0	0	0	0	0	0	697.492	0.0	0.0	0.0	0.000563	0.0	0.0	0.0	0.0	0.999999	0.0	0.0	0.0	1.0e-6	0.0	0.0	0.0	0.0	
1132	3780850	1311.36131726	4862.514000000014	5078.958444444452	8.02004	0.882773	3780841	0	0	0	5	0	0	0	0	0.000277	0.0	0.0	0.0	0.592538	0.0	0.0	0.0	0.0	1127.0	0.0	0.0	0.0	162.171	0.0	0.0	0.0	0.0	0.000298	0.0	0.0	0.0	32.4343	0.0	0.0	0.0	0.0	219	0	0	0	0	0	0	0	0	380310	0	0	0	5	0	0	0	0	2436778	0	0	0	0	0	0	0	0	312048	0	0	0	0	0	0	0	0	77406	0	0	0	0	0	0	0	0	574080	0	0	0	0	0	0	0	0	3119.78	0.0	0.0	0.0	0.000563	0.0	0.0	0.0	0.0	1.0	0.0	0.0	0.0	0.0	0.0	0.0	0.0	0.0	
1133	3784301	1312.361393464	4862.514000000014	5111.208444444453	8.00462	0.882561	3784292	0	0	0	5	0	0	0	0	0.000259	0.0	0.0	0.0	0.592538	0.0	0.0	0.0	0.0	1128.0	0.0	0.0	0.0	162.171	0.0	0.0	0.0	0.0	0.000298	0.0	0.0	0.0	32.4343	0.0	0.0	0.0	0.0	219	0	0	0	0	0	0	0	0	380556	0	0	0	5	0	0	0	0	2438897	0	0	0	0	0	0	0	0	312579	0	0	0	0	0	0	0	0	77505	0	0	0	0	0	0	0	0	574536	0	0	0	0	0	0	0	0	2916.59	0.0	0.0	0.0	0.000563	0.0	0.0	0.0	0.0	1.0	0.0	0.0	0.0	0.0	0.0	0.0	0.0	0.0	
1134	3787648	1313.361470975	4862.514000000014	5026.514000000009	7.98923	0.882348	3787639	0	0	0	5	0	0	0	0	0.000441	0.0	0.0	0.0	0.592538	0.0	0.0	0.0	0.0	1129.0	0.0	0.0	0.0	162.171	0.0	0.0	0.0	0.0	0.000298	0.0	0.0	0.0	32.4343	0.0	0.0	0.0	0.0	219	0	0	0	0	0	0	0	0	380777	0	0	0	5	0	0	0	0	2440954	0	0	0	0	0	0	0	0	313091	0	0	0	0	0	0	0	0	77583	0	0	0	0	0	0	0	0	575015	0	0	0	0	0	0	0	0	4959.85	0.0	0.0	0.0	0.000563	0.0	0.0	0.0	0.0	1.0	0.0	0.0	0.0	0.0	0.0	0.0	0.0	0.0	
1135	3791110	1314.361581214	4862.514000000014	5046.569555555565	7.97387	0.882136	3791101	0	0	0	5	0	0	0	0	0.000541	0.0	0.0	0.0	0.592538	0.0	0.0	0.0	0.0	1130.0	0.0	0.0	0.0	162.171	0.0	0.0	0.0	0.0	0.000298	0.0	0.0	0.0	32.4343	0.0	0.0	0.0	0.0	219	0	0	0	0	0	0	0	0	380997	0	0	0	5	0	0	0	0	2443049	0	0	0	0	0	0	0	0	313647	0	0	0	0	0	0	0	0	77666	0	0	0	0	0	0	0	0	575523	0	0	0	0	0	0	0	0	6083.82	0.0	0.0	0.0	0.000563	0.0	0.0	0.0	0.0	1.0	0.0	0.0	0.0	0.0	0.0	0.0	0.0	0.0	
1136	3794531	1315.361706249	4862.514000000014	4944.0417777777875	7.95854	0.881922	3794522	0	0	0	5	0	0	0	0	0.000257	0.0	0.0	0.0	0.592538	0.0	0.0	0.0	0.0	1131.0	0.0	0.0	0.0	162.171	0.0	0.0	0.0	0.0	0.000298	0.0	0.0	0.0	32.4343	0.0	0.0	0.0	0.0	219	0	0	0	0	0	0	0	0	381231	0	0	0	5	0	0	0	0	2445151	0	0	0	0	0	0	0	0	314168	0	0	0	0	0	0	0	0	77768	0	0	0	0	0	0	0	0	575985	0	0	0	0	0	0	0	0	2888.86	0.0	0.0	0.0	0.000563	0.0	0.0	0.0	0.0	1.0	0.0	0.0	0.0	0.0	0.0	0.0	0.0	0.0	
1137	3797917	1316.361716856	4849.958444444454	5074.319555555564	7.94324	0.881709	3797908	0	0	0	5	0	0	0	0	0.000529	0.0	0.0	0.0	0.592538	0.0	0.0	0.0	0.0	1131.99	0.0	0.0	0.0	162.171	0.0	0.0	0.0	0.0	0.000298	0.0	0.0	0.0	32.4343	0.0	0.0	0.0	0.0	222	0	0	0	0	0	0	0	0	381439	0	0	0	5	0	0	0	0	2447274	0	0	0	0	0	0	0	0	314677	0	0	0	0	0	0	0	0	77863	0	0	0	0	0	0	0	0	576433	0	0	0	0	0	0	0	0	5959.54	0.0	0.0	0.0	0.000563	0.0	0.0	0.0	0.0	1.0	0.0	0.0	0.0	0.0	0.0	0.0	0.0	0.0	
1138	3801265	1317.366143042	4849.958444444454	4944.069555555565	7.92803	0.881496	3801256	0	0	0	5	0	0	0	0	0.000151	0.0	0.0	0.0	0.592538	0.0	0.0	0.0	0.0	1133.0	0.0	0.0	0.0	162.171	0.0	0.0	0.0	0.0	0.000298	0.0	0.0	0.0	32.4343	0.0	0.0	0.0	0.0	222	0	0	0	0	0	0	0	0	381659	0	0	0	5	0	0	0	0	2449331	0	0	0	0	0	0	0	0	315193	0	0	0	0	0	0	0	0	77961	0	0	0	0	0	0	0	0	576890	0	0	0	0	0	0	0	0	1701.78	0.0	0.0	0.0	0.000563	0.0	0.0	0.0	0.0	1.0	0.0	0.0	0.0	0.0	0.0	0.0	0.0	0.0	
1139	3804664	1318.366276958	4849.958444444454	4980.291777777788	7.91267	0.88128	3804655	0	0	0	5	0	0	0	0	0.000247	0.0	0.0	0.0	0.592538	0.0	0.0	0.0	0.0	1134.0	0.0	0.0	0.0	162.171	0.0	0.0	0.0	0.0	0.000298	0.0	0.0	0.0	32.4343	0.0	0.0	0.0	0.0	222	0	0	0	0	0	0	0	0	381871	0	0	0	5	0	0	0	0	2451405	0	0	0	0	0	0	0	0	315714	0	0	0	0	0	0	0	0	78051	0	0	0	0	0	0	0	0	577392	0	0	0	0	0	0	0	0	2779.34	0.0	0.0	0.0	0.000563	0.0	0.0	0.0	0.0	1.0	0.0	0.0	0.0	0.0	0.0	0.0	0.0	0.0	
1140	3808114	1319.368463304	4849.958444444454	5063.347333333343	7.89759	0.881068	3808105	0	0	0	5	0	0	0	0	0.000133	0.0	0.0	0.0	0.592538	0.0	0.0	0.0	0.0	1135.0	0.0	0.0	0.0	162.171	0.0	0.0	0.0	0.0	0.000298	0.0	0.0	0.0	32.4343	0.0	0.0	0.0	0.0	222	0	0	0	0	0	0	0	0	382081	0	0	0	5	0	0	0	0	2453512	0	0	0	0	0	0	0	0	316261	0	0	0	0	0	0	0	0	78153	0	0	0	0	0	0	0	0	577876	0	0	0	0	0	0	0	0	1492.28	0.0	0.0	0.0	0.000563	0.0	0.0	0.0	0.0	1.0	0.0	0.0	0.0	0.0	0.0	0.0	0.0	0.0	
1141	3811596	1320.368500181	4849.958444444454	5009.236222222232	7.88224	0.88085	3811587	0	0	0	5	0	0	0	0	0.000462	0.0	0.0	0.0	0.592538	0.0	0.0	0.0	0.0	1136.0	0.0	0.0	0.0	162.171	0.0	0.0	0.0	0.0	0.000298	0.0	0.0	0.0	32.4343	0.0	0.0	0.0	0.0	222	0	0	0	0	0	0	0	0	382298	0	0	0	5	0	0	0	0	2455642	0	0	0	0	0	0	0	0	316840	0	0	0	0	0	0	0	0	78255	0	0	0	0	0	0	0	0	578330	0	0	0	0	0	0	0	0	5203.58	0.0	0.0	0.0	0.000563	0.0	0.0	0.0	0.0	1.0	0.0	0.0	0.0	0.0	0.0	0.0	0.0	0.0	
1142	3815036	1321.36859361	4849.958444444454	5041.2917777777875	7.86709	0.880635	3815027	0	0	0	5	0	0	0	0	5.2e-5	0.0	0.0	0.0	0.592538	0.0	0.0	0.0	0.0	1136.99	0.0	0.0	0.0	162.171	0.0	0.0	0.0	0.0	0.000298	0.0	0.0	0.0	32.4343	0.0	0.0	0.0	0.0	222	0	0	0	0	0	0	0	0	382519	0	0	0	5	0	0	0	0	2457670	0	0	0	0	0	0	0	0	317443	0	0	0	0	0	0	0	0	78367	0	0	0	0	0	0	0	0	578806	0	0	0	0	0	0	0	0	590.937	0.0	0.0	0.0	0.000563	0.0	0.0	0.0	0.0	0.999999	0.0	0.0	0.0	1.0e-6	0.0	0.0	0.0	0.0	
1143	3818434	1322.370915365	4849.958444444454	4987.986222222233	7.85205	0.880421	3818425	0	0	0	5	0	0	0	0	0.000214	0.0	0.0	0.0	0.592538	0.0	0.0	0.0	0.0	1137.99	0.0	0.0	0.0	162.171	0.0	0.0	0.0	0.0	0.000298	0.0	0.0	0.0	32.4343	0.0	0.0	0.0	0.0	222	0	0	0	0	0	0	0	0	382724	0	0	0	5	0	0	0	0	2459775	0	0	0	0	0	0	0	0	317979	0	0	0	0	0	0	0	0	78503	0	0	0	0	0	0	0	0	579222	0	0	0	0	0	0	0	0	2411.22	0.0	0.0	0.0	0.000563	0.0	0.0	0.0	0.0	1.0	0.0	0.0	0.0	0.0	0.0	0.0	0.0	0.0	
1144	3821716	1323.371601428	4849.958444444454	5014.54177777779	7.83699	0.880205	3821707	0	0	0	5	0	0	0	0	0.000302	0.0	0.0	0.0	0.592538	0.0	0.0	0.0	0.0	1138.99	0.0	0.0	0.0	162.171	0.0	0.0	0.0	0.0	0.000298	0.0	0.0	0.0	32.4343	0.0	0.0	0.0	0.0	222	0	0	0	0	0	0	0	0	382925	0	0	0	5	0	0	0	0	2461746	0	0	0	0	0	0	0	0	318504	0	0	0	0	0	0	0	0	78651	0	0	0	0	0	0	0	0	579659	0	0	0	0	0	0	0	0	3400.76	0.0	0.0	0.0	0.000563	0.0	0.0	0.0	0.0	1.0	0.0	0.0	0.0	0.0	0.0	0.0	0.0	0.0	
1145	3825088	1324.371744196	4849.958444444454	4873.680666666678	7.82176	0.879987	3825079	0	0	0	5	0	0	0	0	0.000926	0.0	0.0	0.0	0.592538	0.0	0.0	0.0	0.0	1139.99	0.0	0.0	0.0	162.171	0.0	0.0	0.0	0.0	0.000298	0.0	0.0	0.0	32.4343	0.0	0.0	0.0	0.0	222	0	0	0	0	0	0	0	0	383142	0	0	0	5	0	0	0	0	2463752	0	0	0	0	0	0	0	0	319059	0	0	0	0	0	0	0	0	78767	0	0	0	0	0	0	0	0	580137	0	0	0	0	0	0	0	0	10427.6	0.0	0.0	0.0	0.000563	0.0	0.0	0.0	0.0	1.0	0.0	0.0	0.0	0.0	0.0	0.0	0.0	0.0	
1146	3828431	1325.371787727	4849.958444444454	4884.430666666677	7.80672	0.87977	3828422	0	0	0	5	0	0	0	0	0.000229	0.0	0.0	0.0	0.592538	0.0	0.0	0.0	0.0	1140.99	0.0	0.0	0.0	162.171	0.0	0.0	0.0	0.0	0.000298	0.0	0.0	0.0	32.4343	0.0	0.0	0.0	0.0	222	0	0	0	0	0	0	0	0	383373	0	0	0	5	0	0	0	0	2465747	0	0	0	0	0	0	0	0	319608	0	0	0	0	0	0	0	0	78863	0	0	0	0	0	0	0	0	580609	0	0	0	0	0	0	0	0	2579.04	0.0	0.0	0.0	0.000563	0.0	0.0	0.0	0.0	1.0	0.0	0.0	0.0	0.0	0.0	0.0	0.0	0.0	
1147	3831811	1326.371981273	4849.958444444454	4958.347333333345	7.79171	0.879553	3831802	0	0	0	5	0	0	0	0	0.000341	0.0	0.0	0.0	0.592538	0.0	0.0	0.0	0.0	1141.99	0.0	0.0	0.0	162.171	0.0	0.0	0.0	0.0	0.000298	0.0	0.0	0.0	32.4343	0.0	0.0	0.0	0.0	222	0	0	0	0	0	0	0	0	383599	0	0	0	5	0	0	0	0	2467752	0	0	0	0	0	0	0	0	320124	0	0	0	0	0	0	0	0	78969	0	0	0	0	0	0	0	0	581136	0	0	0	0	0	0	0	0	3841.03	0.0	0.0	0.0	0.000563	0.0	0.0	0.0	0.0	1.0	0.0	0.0	0.0	0.0	0.0	0.0	0.0	0.0	
1148	3835129	1327.372077982	4849.958444444454	5010.514000000011	7.77673	0.879336	3835120	0	0	0	5	0	0	0	0	0.000397	0.0	0.0	0.0	0.592538	0.0	0.0	0.0	0.0	1142.99	0.0	0.0	0.0	162.171	0.0	0.0	0.0	0.0	0.000298	0.0	0.0	0.0	32.4343	0.0	0.0	0.0	0.0	222	0	0	0	0	0	0	0	0	383808	0	0	0	5	0	0	0	0	2469691	0	0	0	0	0	0	0	0	320698	0	0	0	0	0	0	0	0	79049	0	0	0	0	0	0	0	0	581652	0	0	0	0	0	0	0	0	4475.11	0.0	0.0	0.0	0.000563	0.0	0.0	0.0	0.0	1.0	0.0	0.0	0.0	0.0	0.0	0.0	0.0	0.0	
1149	3838399	1328.372165627	4849.958444444454	4905.375111111124	7.76178	0.879118	3838390	0	0	0	5	0	0	0	0	0.000171	0.0	0.0	0.0	0.592538	0.0	0.0	0.0	0.0	1143.99	0.0	0.0	0.0	162.171	0.0	0.0	0.0	0.0	0.000298	0.0	0.0	0.0	32.4343	0.0	0.0	0.0	0.0	222	0	0	0	0	0	0	0	0	384009	0	0	0	5	0	0	0	0	2471640	0	0	0	0	0	0	0	0	321291	0	0	0	0	0	0	0	0	79135	0	0	0	0	0	0	0	0	582093	0	0	0	0	0	0	0	0	1925.59	0.0	0.0	0.0	0.000563	0.0	0.0	0.0	0.0	1.0	0.0	0.0	0.0	0.0	0.0	0.0	0.0	0.0	
1150	3841650	1329.372305582	4822.930666666682	4850.486222222237	7.74686	0.8789	3841641	0	0	0	5	0	0	0	0	0.000113	0.0	0.0	0.0	0.592538	0.0	0.0	0.0	0.0	1144.99	0.0	0.0	0.0	162.171	0.0	0.0	0.0	0.0	0.000298	0.0	0.0	0.0	32.4343	0.0	0.0	0.0	0.0	231	0	0	0	0	0	0	0	0	384201	0	0	0	5	0	0	0	0	2473539	0	0	0	0	0	0	0	0	321886	0	0	0	0	0	0	0	0	79217	0	0	0	0	0	0	0	0	582567	0	0	0	0	0	0	0	0	1274.34	0.0	0.0	0.0	0.000563	0.0	0.0	0.0	0.0	1.0	0.0	0.0	0.0	0.0	0.0	0.0	0.0	0.0	
1151	3845011	1330.372584692	4819.930666666682	4881.791777777792	7.73197	0.878681	3845002	0	0	0	5	0	0	0	0	0.000103	0.0	0.0	0.0	0.592538	0.0	0.0	0.0	0.0	1145.98	0.0	0.0	0.0	162.171	0.0	0.0	0.0	0.0	0.000298	0.0	0.0	0.0	32.4343	0.0	0.0	0.0	0.0	233	0	0	0	0	0	0	0	0	384410	0	0	0	5	0	0	0	0	2475534	0	0	0	0	0	0	0	0	322503	0	0	0	0	0	0	0	0	79297	0	0	0	0	0	0	0	0	583025	0	0	0	0	0	0	0	0	1160.77	0.0	0.0	0.0	0.000563	0.0	0.0	0.0	0.0	1.0	0.0	0.0	0.0	0.0	0.0	0.0	0.0	0.0	
1152	3848391	1331.372705727	4819.930666666682	4981.902888888905	7.7171	0.878462	3848382	0	0	0	5	0	0	0	0	0.000185	0.0	0.0	0.0	0.592538	0.0	0.0	0.0	0.0	1146.98	0.0	0.0	0.0	162.171	0.0	0.0	0.0	0.0	0.000298	0.0	0.0	0.0	32.4343	0.0	0.0	0.0	0.0	233	0	0	0	0	0	0	0	0	384611	0	0	0	5	0	0	0	0	2477574	0	0	0	0	0	0	0	0	323092	0	0	0	0	0	0	0	0	79380	0	0	0	0	0	0	0	0	583492	0	0	0	0	0	0	0	0	2078.85	0.0	0.0	0.0	0.000563	0.0	0.0	0.0	0.0	1.0	0.0	0.0	0.0	0.0	0.0	0.0	0.0	0.0	
1153	3851720	1332.372848568	4814.264000000014	4838.208444444458	7.70227	0.878243	3851711	0	0	0	5	0	0	0	0	2.9e-5	0.0	0.0	0.0	0.592538	0.0	0.0	0.0	0.0	1147.98	0.0	0.0	0.0	162.171	0.0	0.0	0.0	0.0	0.000298	0.0	0.0	0.0	32.4343	0.0	0.0	0.0	0.0	234	0	0	0	0	0	0	0	0	384822	0	0	0	5	0	0	0	0	2479619	0	0	0	0	0	0	0	0	323609	0	0	0	0	0	0	0	0	79511	0	0	0	0	0	0	0	0	583916	0	0	0	0	0	0	0	0	329.98	0.0	0.0	0.0	0.000563	0.0	0.0	0.0	0.0	0.999998	0.0	0.0	0.0	2.0e-6	0.0	0.0	0.0	0.0	
1154	3855088	1333.372909584	4814.264000000014	4829.180666666681	7.68746	0.878023	3855079	0	0	0	5	0	0	0	0	0.000284	0.0	0.0	0.0	0.592538	0.0	0.0	0.0	0.0	1148.98	0.0	0.0	0.0	162.171	0.0	0.0	0.0	0.0	0.000298	0.0	0.0	0.0	32.4343	0.0	0.0	0.0	0.0	234	0	0	0	0	0	0	0	0	385013	0	0	0	5	0	0	0	0	2481728	0	0	0	0	0	0	0	0	324148	0	0	0	0	0	0	0	0	79612	0	0	0	0	0	0	0	0	584344	0	0	0	0	0	0	0	0	3197.55	0.0	0.0	0.0	0.000563	0.0	0.0	0.0	0.0	1.0	0.0	0.0	0.0	0.0	0.0	0.0	0.0	0.0	
1155	3858444	1334.373141728	4780.264000000014	4921.6528888889015	7.67268	0.877803	3858435	0	0	0	5	0	0	0	0	0.000451	0.0	0.0	0.0	0.592538	0.0	0.0	0.0	0.0	1149.98	0.0	0.0	0.0	162.171	0.0	0.0	0.0	0.0	0.000298	0.0	0.0	0.0	32.4343	0.0	0.0	0.0	0.0	240	0	0	0	0	0	0	0	0	385192	0	0	0	5	0	0	0	0	2483759	0	0	0	0	0	0	0	0	324696	0	0	0	0	0	0	0	0	79733	0	0	0	0	0	0	0	0	584815	0	0	0	0	0	0	0	0	5080.28	0.0	0.0	0.0	0.000563	0.0	0.0	0.0	0.0	1.0	0.0	0.0	0.0	0.0	0.0	0.0	0.0	0.0	
1156	3861800	1335.378592292	4780.264000000014	4912.708444444456	7.65801	0.877584	3861791	0	0	0	5	0	0	0	0	5.6e-5	0.0	0.0	0.0	0.592538	0.0	0.0	0.0	0.0	1150.98	0.0	0.0	0.0	162.171	0.0	0.0	0.0	0.0	0.000298	0.0	0.0	0.0	32.4343	0.0	0.0	0.0	0.0	240	0	0	0	0	0	0	0	0	385396	0	0	0	5	0	0	0	0	2485828	0	0	0	0	0	0	0	0	325218	0	0	0	0	0	0	0	0	79821	0	0	0	0	0	0	0	0	585288	0	0	0	0	0	0	0	0	634.931	0.0	0.0	0.0	0.000563	0.0	0.0	0.0	0.0	0.999999	0.0	0.0	0.0	1.0e-6	0.0	0.0	0.0	0.0	
1157	3865180	1336.378694835	4780.264000000014	4895.514000000013	7.64313	0.877361	3865171	0	0	0	5	0	0	0	0	7.3e-5	0.0	0.0	0.0	0.592538	0.0	0.0	0.0	0.0	1151.98	0.0	0.0	0.0	162.171	0.0	0.0	0.0	0.0	0.000298	0.0	0.0	0.0	32.4343	0.0	0.0	0.0	0.0	240	0	0	0	0	0	0	0	0	385581	0	0	0	5	0	0	0	0	2487937	0	0	0	0	0	0	0	0	325793	0	0	0	0	0	0	0	0	79898	0	0	0	0	0	0	0	0	585722	0	0	0	0	0	0	0	0	826.686	0.0	0.0	0.0	0.000563	0.0	0.0	0.0	0.0	0.999999	0.0	0.0	0.0	1.0e-6	0.0	0.0	0.0	0.0	
1158	3868466	1337.378947631	4780.264000000014	4937.458444444456	7.62843	0.87714	3868457	0	0	0	5	0	0	0	0	0.000136	0.0	0.0	0.0	0.592538	0.0	0.0	0.0	0.0	1152.98	0.0	0.0	0.0	162.171	0.0	0.0	0.0	0.0	0.000298	0.0	0.0	0.0	32.4343	0.0	0.0	0.0	0.0	240	0	0	0	0	0	0	0	0	385775	0	0	0	5	0	0	0	0	2489997	0	0	0	0	0	0	0	0	326373	0	0	0	0	0	0	0	0	79968	0	0	0	0	0	0	0	0	586104	0	0	0	0	0	0	0	0	1528.17	0.0	0.0	0.0	0.000563	0.0	0.0	0.0	0.0	1.0	0.0	0.0	0.0	0.0	0.0	0.0	0.0	0.0	
1159	3871836	1338.379089936	4780.264000000014	4945.319555555568	7.61376	0.876919	3871827	0	0	0	5	0	0	0	0	0.000159	0.0	0.0	0.0	0.592538	0.0	0.0	0.0	0.0	1153.97	0.0	0.0	0.0	162.171	0.0	0.0	0.0	0.0	0.000298	0.0	0.0	0.0	32.4343	0.0	0.0	0.0	0.0	240	0	0	0	0	0	0	0	0	385963	0	0	0	5	0	0	0	0	2492081	0	0	0	0	0	0	0	0	326940	0	0	0	0	0	0	0	0	80064	0	0	0	0	0	0	0	0	586539	0	0	0	0	0	0	0	0	1786.63	0.0	0.0	0.0	0.000563	0.0	0.0	0.0	0.0	1.0	0.0	0.0	0.0	0.0	0.0	0.0	0.0	0.0	
1160	3875256	1339.379230051	4780.264000000014	4871.069555555568	7.59913	0.876697	3875247	0	0	0	5	0	0	0	0	0.000244	0.0	0.0	0.0	0.592538	0.0	0.0	0.0	0.0	1154.97	0.0	0.0	0.0	162.171	0.0	0.0	0.0	0.0	0.000298	0.0	0.0	0.0	32.4343	0.0	0.0	0.0	0.0	240	0	0	0	0	0	0	0	0	386189	0	0	0	5	0	0	0	0	2494126	0	0	0	0	0	0	0	0	327495	0	0	0	0	0	0	0	0	80155	0	0	0	0	0	0	0	0	587042	0	0	0	0	0	0	0	0	2746.81	0.0	0.0	0.0	0.000563	0.0	0.0	0.0	0.0	1.0	0.0	0.0	0.0	0.0	0.0	0.0	0.0	0.0	
1161	3878732	1340.379484131	4780.264000000014	4995.014000000013	7.58452	0.876475	3878723	0	0	0	5	0	0	0	0	5.9e-5	0.0	0.0	0.0	0.592538	0.0	0.0	0.0	0.0	1155.97	0.0	0.0	0.0	162.171	0.0	0.0	0.0	0.0	0.000298	0.0	0.0	0.0	32.4343	0.0	0.0	0.0	0.0	240	0	0	0	0	0	0	0	0	386378	0	0	0	5	0	0	0	0	2496244	0	0	0	0	0	0	0	0	328027	0	0	0	0	0	0	0	0	80281	0	0	0	0	0	0	0	0	587553	0	0	0	0	0	0	0	0	667.414	0.0	0.0	0.0	0.000563	0.0	0.0	0.0	0.0	0.999999	0.0	0.0	0.0	1.0e-6	0.0	0.0	0.0	0.0	
1162	3882195	1341.379852646	4780.264000000014	5031.402888888901	7.56993	0.876252	3882186	0	0	0	5	0	0	0	0	0.00022	0.0	0.0	0.0	0.592538	0.0	0.0	0.0	0.0	1156.96	0.0	0.0	0.0	162.171	0.0	0.0	0.0	0.0	0.000298	0.0	0.0	0.0	32.4343	0.0	0.0	0.0	0.0	240	0	0	0	0	0	0	0	0	386582	0	0	0	5	0	0	0	0	2498254	0	0	0	0	0	0	0	0	328580	0	0	0	0	0	0	0	0	80402	0	0	0	0	0	0	0	0	588128	0	0	0	0	0	0	0	0	2478.59	0.0	0.0	0.0	0.000563	0.0	0.0	0.0	0.0	1.0	0.0	0.0	0.0	0.0	0.0	0.0	0.0	0.0	
1163	3885661	1342.379965778	4780.264000000014	4910.1528888889015	7.55538	0.876029	3885652	0	0	0	5	0	0	0	0	0.000293	0.0	0.0	0.0	0.592538	0.0	0.0	0.0	0.0	1157.96	0.0	0.0	0.0	162.171	0.0	0.0	0.0	0.0	0.000298	0.0	0.0	0.0	32.4343	0.0	0.0	0.0	0.0	240	0	0	0	0	0	0	0	0	386802	0	0	0	5	0	0	0	0	2500356	0	0	0	0	0	0	0	0	329117	0	0	0	0	0	0	0	0	80483	0	0	0	0	0	0	0	0	588654	0	0	0	0	0	0	0	0	3299.9	0.0	0.0	0.0	0.000563	0.0	0.0	0.0	0.0	1.0	0.0	0.0	0.0	0.0	0.0	0.0	0.0	0.0	
1164	3889162	1343.389733841	4780.264000000014	4861.930666666679	7.54087	0.875806	3889153	0	0	0	5	0	0	0	0	0.000342	0.0	0.0	0.0	0.592538	0.0	0.0	0.0	0.0	1158.97	0.0	0.0	0.0	162.171	0.0	0.0	0.0	0.0	0.000298	0.0	0.0	0.0	32.4343	0.0	0.0	0.0	0.0	240	0	0	0	0	0	0	0	0	387052	0	0	0	5	0	0	0	0	2502420	0	0	0	0	0	0	0	0	329661	0	0	0	0	0	0	0	0	80587	0	0	0	0	0	0	0	0	589193	0	0	0	0	0	0	0	0	3851.85	0.0	0.0	0.0	0.000563	0.0	0.0	0.0	0.0	1.0	0.0	0.0	0.0	0.0	0.0	0.0	0.0	0.0	
1165	3892610	1344.389745106	4780.264000000014	4915.402888888902	7.52622	0.87558	3892601	0	0	0	5	0	0	0	0	0.000877	0.0	0.0	0.0	0.592538	0.0	0.0	0.0	0.0	1159.97	0.0	0.0	0.0	162.171	0.0	0.0	0.0	0.0	0.000298	0.0	0.0	0.0	32.4343	0.0	0.0	0.0	0.0	240	0	0	0	0	0	0	0	0	387290	0	0	0	5	0	0	0	0	2504520	0	0	0	0	0	0	0	0	330221	0	0	0	0	0	0	0	0	80708	0	0	0	0	0	0	0	0	589622	0	0	0	0	0	0	0	0	9880.01	0.0	0.0	0.0	0.000563	0.0	0.0	0.0	0.0	1.0	0.0	0.0	0.0	0.0	0.0	0.0	0.0	0.0	
1166	3896032	1345.389892873	4780.264000000014	4893.93066666668	7.51175	0.875356	3896023	0	0	0	5	0	0	0	0	0.000367	0.0	0.0	0.0	0.592538	0.0	0.0	0.0	0.0	1160.97	0.0	0.0	0.0	162.171	0.0	0.0	0.0	0.0	0.000298	0.0	0.0	0.0	32.4343	0.0	0.0	0.0	0.0	240	0	0	0	0	0	0	0	0	387486	0	0	0	5	0	0	0	0	2506596	0	0	0	0	0	0	0	0	330788	0	0	0	0	0	0	0	0	80842	0	0	0	0	0	0	0	0	590071	0	0	0	0	0	0	0	0	4133.24	0.0	0.0	0.0	0.000563	0.0	0.0	0.0	0.0	1.0	0.0	0.0	0.0	0.0	0.0	0.0	0.0	0.0	
1167	3899451	1346.389915468	4780.264000000014	5058.625111111124	7.49731	0.875131	3899442	0	0	0	5	0	0	0	0	3.6e-5	0.0	0.0	0.0	0.592538	0.0	0.0	0.0	0.0	1161.97	0.0	0.0	0.0	162.171	0.0	0.0	0.0	0.0	0.000298	0.0	0.0	0.0	32.4343	0.0	0.0	0.0	0.0	240	0	0	0	0	0	0	0	0	387683	0	0	0	5	0	0	0	0	2508606	0	0	0	0	0	0	0	0	331338	0	0	0	0	0	0	0	0	80956	0	0	0	0	0	0	0	0	590619	0	0	0	0	0	0	0	0	402.762	0.0	0.0	0.0	0.000563	0.0	0.0	0.0	0.0	0.999999	0.0	0.0	0.0	1.0e-6	0.0	0.0	0.0	0.0	
1168	3902836	1347.398487497	4780.264000000014	4972.625111111125	7.48293	0.874907	3902827	0	0	0	5	0	0	0	0	0.000147	0.0	0.0	0.0	0.592538	0.0	0.0	0.0	0.0	1162.97	0.0	0.0	0.0	162.171	0.0	0.0	0.0	0.0	0.000298	0.0	0.0	0.0	32.4343	0.0	0.0	0.0	0.0	240	0	0	0	0	0	0	0	0	387901	0	0	0	5	0	0	0	0	2510671	0	0	0	0	0	0	0	0	331871	0	0	0	0	0	0	0	0	81074	0	0	0	0	0	0	0	0	591070	0	0	0	0	0	0	0	0	1660.47	0.0	0.0	0.0	0.000563	0.0	0.0	0.0	0.0	1.0	0.0	0.0	0.0	0.0	0.0	0.0	0.0	0.0	
1169	3906304	1348.398540146	4780.264000000014	4849.569555555569	7.46838	0.874679	3906295	0	0	0	5	0	0	0	0	0.000766	0.0	0.0	0.0	0.592538	0.0	0.0	0.0	0.0	1163.97	0.0	0.0	0.0	162.171	0.0	0.0	0.0	0.0	0.000298	0.0	0.0	0.0	32.4343	0.0	0.0	0.0	0.0	240	0	0	0	0	0	0	0	0	388123	0	0	0	5	0	0	0	0	2512693	0	0	0	0	0	0	0	0	332479	0	0	0	0	0	0	0	0	81165	0	0	0	0	0	0	0	0	591595	0	0	0	0	0	0	0	0	8624.72	0.0	0.0	0.0	0.000563	0.0	0.0	0.0	0.0	1.0	0.0	0.0	0.0	0.0	0.0	0.0	0.0	0.0	
1170	3909675	1349.398879715	4780.264000000014	4918.458444444458	7.45403	0.874454	3909666	0	0	0	5	0	0	0	0	0.000743	0.0	0.0	0.0	0.592538	0.0	0.0	0.0	0.0	1164.97	0.0	0.0	0.0	162.171	0.0	0.0	0.0	0.0	0.000298	0.0	0.0	0.0	32.4343	0.0	0.0	0.0	0.0	240	0	0	0	0	0	0	0	0	388321	0	0	0	5	0	0	0	0	2514750	0	0	0	0	0	0	0	0	333040	0	0	0	0	0	0	0	0	81260	0	0	0	0	0	0	0	0	592055	0	0	0	0	0	0	0	0	8367.29	0.0	0.0	0.0	0.000563	0.0	0.0	0.0	0.0	1.0	0.0	0.0	0.0	0.0	0.0	0.0	0.0	0.0	
1171	3913080	1350.399403679	4780.264000000014	4916.375111111126	7.43969	0.874228	3913071	0	0	0	5	0	0	0	0	0.000311	0.0	0.0	0.0	0.592538	0.0	0.0	0.0	0.0	1165.97	0.0	0.0	0.0	162.171	0.0	0.0	0.0	0.0	0.000298	0.0	0.0	0.0	32.4343	0.0	0.0	0.0	0.0	240	0	0	0	0	0	0	0	0	388504	0	0	0	5	0	0	0	0	2516784	0	0	0	0	0	0	0	0	333583	0	0	0	0	0	0	0	0	81374	0	0	0	0	0	0	0	0	592586	0	0	0	0	0	0	0	0	3506.9	0.0	0.0	0.0	0.000563	0.0	0.0	0.0	0.0	1.0	0.0	0.0	0.0	0.0	0.0	0.0	0.0	0.0	
1172	3916555	1351.39941874	4780.264000000014	4843.069555555569	7.42539	0.874002	3916546	0	0	0	5	0	0	0	0	0.00038	0.0	0.0	0.0	0.592538	0.0	0.0	0.0	0.0	1166.97	0.0	0.0	0.0	162.171	0.0	0.0	0.0	0.0	0.000298	0.0	0.0	0.0	32.4343	0.0	0.0	0.0	0.0	240	0	0	0	0	0	0	0	0	388677	0	0	0	5	0	0	0	0	2518794	0	0	0	0	0	0	0	0	334254	0	0	0	0	0	0	0	0	81460	0	0	0	0	0	0	0	0	593121	0	0	0	0	0	0	0	0	4281.31	0.0	0.0	0.0	0.000563	0.0	0.0	0.0	0.0	1.0	0.0	0.0	0.0	0.0	0.0	0.0	0.0	0.0	
1173	3919891	1352.399521423	4760.958444444459	4863.319555555569	7.41111	0.873775	3919882	0	0	0	5	0	0	0	0	0.000311	0.0	0.0	0.0	0.592538	0.0	0.0	0.0	0.0	1167.97	0.0	0.0	0.0	162.171	0.0	0.0	0.0	0.0	0.000298	0.0	0.0	0.0	32.4343	0.0	0.0	0.0	0.0	246	0	0	0	0	0	0	0	0	388859	0	0	0	5	0	0	0	0	2520728	0	0	0	0	0	0	0	0	334919	0	0	0	0	0	0	0	0	81543	0	0	0	0	0	0	0	0	593587	0	0	0	0	0	0	0	0	3498.86	0.0	0.0	0.0	0.000563	0.0	0.0	0.0	0.0	1.0	0.0	0.0	0.0	0.0	0.0	0.0	0.0	0.0	
1174	3923335	1353.399801033	4760.958444444459	4886.014000000012	7.39686	0.873548	3923326	0	0	0	5	0	0	0	0	0.000139	0.0	0.0	0.0	0.592538	0.0	0.0	0.0	0.0	1168.97	0.0	0.0	0.0	162.171	0.0	0.0	0.0	0.0	0.000298	0.0	0.0	0.0	32.4343	0.0	0.0	0.0	0.0	246	0	0	0	0	0	0	0	0	389036	0	0	0	5	0	0	0	0	2522761	0	0	0	0	0	0	0	0	335572	0	0	0	0	0	0	0	0	81622	0	0	0	0	0	0	0	0	594089	0	0	0	0	0	0	0	0	1571.35	0.0	0.0	0.0	0.000563	0.0	0.0	0.0	0.0	1.0	0.0	0.0	0.0	0.0	0.0	0.0	0.0	0.0	
1175	3926699	1354.405452405	4760.958444444459	4921.4862222222355	7.38272	0.873322	3926690	0	0	0	5	0	0	0	0	0.000177	0.0	0.0	0.0	0.592538	0.0	0.0	0.0	0.0	1169.97	0.0	0.0	0.0	162.171	0.0	0.0	0.0	0.0	0.000298	0.0	0.0	0.0	32.4343	0.0	0.0	0.0	0.0	246	0	0	0	0	0	0	0	0	389254	0	0	0	5	0	0	0	0	2524811	0	0	0	0	0	0	0	0	336169	0	0	0	0	0	0	0	0	81711	0	0	0	0	0	0	0	0	594499	0	0	0	0	0	0	0	0	1989.36	0.0	0.0	0.0	0.000563	0.0	0.0	0.0	0.0	1.0	0.0	0.0	0.0	0.0	0.0	0.0	0.0	0.0	
1176	3930139	1355.405663288	4760.958444444459	4962.986222222235	7.36837	0.873091	3930130	0	0	0	5	0	0	0	0	0.000408	0.0	0.0	0.0	0.592538	0.0	0.0	0.0	0.0	1170.97	0.0	0.0	0.0	162.171	0.0	0.0	0.0	0.0	0.000298	0.0	0.0	0.0	32.4343	0.0	0.0	0.0	0.0	246	0	0	0	0	0	0	0	0	389487	0	0	0	5	0	0	0	0	2526900	0	0	0	0	0	0	0	0	336765	0	0	0	0	0	0	0	0	81815	0	0	0	0	0	0	0	0	594917	0	0	0	0	0	0	0	0	4597.07	0.0	0.0	0.0	0.000563	0.0	0.0	0.0	0.0	1.0	0.0	0.0	0.0	0.0	0.0	0.0	0.0	0.0	
1177	3933528	1356.406024763	4760.958444444459	4955.93066666668	7.3542	0.872863	3933519	0	0	0	5	0	0	0	0	0.000202	0.0	0.0	0.0	0.592538	0.0	0.0	0.0	0.0	1171.97	0.0	0.0	0.0	162.171	0.0	0.0	0.0	0.0	0.000298	0.0	0.0	0.0	32.4343	0.0	0.0	0.0	0.0	246	0	0	0	0	0	0	0	0	389699	0	0	0	5	0	0	0	0	2528965	0	0	0	0	0	0	0	0	337287	0	0	0	0	0	0	0	0	81931	0	0	0	0	0	0	0	0	595391	0	0	0	0	0	0	0	0	2277.83	0.0	0.0	0.0	0.000563	0.0	0.0	0.0	0.0	1.0	0.0	0.0	0.0	0.0	0.0	0.0	0.0	0.0	
1178	3936872	1357.406159524	4760.958444444459	4989.180666666681	7.34006	0.872634	3936863	0	0	0	5	0	0	0	0	0.000827	0.0	0.0	0.0	0.592538	0.0	0.0	0.0	0.0	1172.97	0.0	0.0	0.0	162.171	0.0	0.0	0.0	0.0	0.000298	0.0	0.0	0.0	32.4343	0.0	0.0	0.0	0.0	246	0	0	0	0	0	0	0	0	389888	0	0	0	5	0	0	0	0	2531065	0	0	0	0	0	0	0	0	337840	0	0	0	0	0	0	0	0	82013	0	0	0	0	0	0	0	0	595811	0	0	0	0	0	0	0	0	9313.68	0.0	0.0	0.0	0.000563	0.0	0.0	0.0	0.0	1.0	0.0	0.0	0.0	0.0	0.0	0.0	0.0	0.0	
1179	3940322	1358.406287423	4760.958444444459	4983.958444444459	7.32595	0.872405	3940313	0	0	0	5	0	0	0	0	0.000391	0.0	0.0	0.0	0.592538	0.0	0.0	0.0	0.0	1173.97	0.0	0.0	0.0	162.171	0.0	0.0	0.0	0.0	0.000298	0.0	0.0	0.0	32.4343	0.0	0.0	0.0	0.0	246	0	0	0	0	0	0	0	0	390083	0	0	0	5	0	0	0	0	2533171	0	0	0	0	0	0	0	0	338427	0	0	0	0	0	0	0	0	82095	0	0	0	0	0	0	0	0	596291	0	0	0	0	0	0	0	0	4406.87	0.0	0.0	0.0	0.000563	0.0	0.0	0.0	0.0	1.0	0.0	0.0	0.0	0.0	0.0	0.0	0.0	0.0	
1180	3943651	1359.406400798	4760.958444444459	4976.847333333348	7.31186	0.872176	3943642	0	0	0	5	0	0	0	0	0.000255	0.0	0.0	0.0	0.592538	0.0	0.0	0.0	0.0	1174.96	0.0	0.0	0.0	162.171	0.0	0.0	0.0	0.0	0.000298	0.0	0.0	0.0	32.4343	0.0	0.0	0.0	0.0	246	0	0	0	0	0	0	0	0	390254	0	0	0	5	0	0	0	0	2535214	0	0	0	0	0	0	0	0	338985	0	0	0	0	0	0	0	0	82199	0	0	0	0	0	0	0	0	596744	0	0	0	0	0	0	0	0	2873.79	0.0	0.0	0.0	0.000563	0.0	0.0	0.0	0.0	1.0	0.0	0.0	0.0	0.0	0.0	0.0	0.0	0.0	
1181	3947023	1360.40664778	4760.958444444459	4972.43066666668	7.29781	0.871946	3947014	0	0	0	5	0	0	0	0	0.000368	0.0	0.0	0.0	0.592538	0.0	0.0	0.0	0.0	1175.96	0.0	0.0	0.0	162.171	0.0	0.0	0.0	0.0	0.000298	0.0	0.0	0.0	32.4343	0.0	0.0	0.0	0.0	246	0	0	0	0	0	0	0	0	390449	0	0	0	5	0	0	0	0	2537261	0	0	0	0	0	0	0	0	339567	0	0	0	0	0	0	0	0	82311	0	0	0	0	0	0	0	0	597180	0	0	0	0	0	0	0	0	4141.29	0.0	0.0	0.0	0.000563	0.0	0.0	0.0	0.0	1.0	0.0	0.0	0.0	0.0	0.0	0.0	0.0	0.0	
1182	3950529	1361.406860277	4760.958444444459	4990.625111111126	7.28377	0.871716	3950520	0	0	0	5	0	0	0	0	0.000241	0.0	0.0	0.0	0.592538	0.0	0.0	0.0	0.0	1176.96	0.0	0.0	0.0	162.171	0.0	0.0	0.0	0.0	0.000298	0.0	0.0	0.0	32.4343	0.0	0.0	0.0	0.0	246	0	0	0	0	0	0	0	0	390625	0	0	0	5	0	0	0	0	2539347	0	0	0	0	0	0	0	0	340130	0	0	0	0	0	0	0	0	82423	0	0	0	0	0	0	0	0	597749	0	0	0	0	0	0	0	0	2711.19	0.0	0.0	0.0	0.000563	0.0	0.0	0.0	0.0	1.0	0.0	0.0	0.0	0.0	0.0	0.0	0.0	0.0	
1183	3953975	1362.406995624	4760.958444444459	4881.819555555569	7.26977	0.871486	3953966	0	0	0	5	0	0	0	0	0.000264	0.0	0.0	0.0	0.592538	0.0	0.0	0.0	0.0	1177.96	0.0	0.0	0.0	162.171	0.0	0.0	0.0	0.0	0.000298	0.0	0.0	0.0	32.4343	0.0	0.0	0.0	0.0	246	0	0	0	0	0	0	0	0	390837	0	0	0	5	0	0	0	0	2541375	0	0	0	0	0	0	0	0	340745	0	0	0	0	0	0	0	0	82530	0	0	0	0	0	0	0	0	598233	0	0	0	0	0	0	0	0	2976.13	0.0	0.0	0.0	0.000563	0.0	0.0	0.0	0.0	1.0	0.0	0.0	0.0	0.0	0.0	0.0	0.0	0.0	
1184	3957372	1363.407010622	4760.958444444459	4844.18066666668	7.25579	0.871255	3957363	0	0	0	5	0	0	0	0	0.000121	0.0	0.0	0.0	0.592538	0.0	0.0	0.0	0.0	1178.96	0.0	0.0	0.0	162.171	0.0	0.0	0.0	0.0	0.000298	0.0	0.0	0.0	32.4343	0.0	0.0	0.0	0.0	246	0	0	0	0	0	0	0	0	391027	0	0	0	5	0	0	0	0	2543319	0	0	0	0	0	0	0	0	341353	0	0	0	0	0	0	0	0	82630	0	0	0	0	0	0	0	0	598788	0	0	0	0	0	0	0	0	1361.15	0.0	0.0	0.0	0.000563	0.0	0.0	0.0	0.0	1.0	0.0	0.0	0.0	0.0	0.0	0.0	0.0	0.0	
1185	3960679	1364.407102387	4760.958444444459	4882.958444444458	7.24185	0.871024	3960670	0	0	0	5	0	0	0	0	0.0	0.0	0.0	0.0	0.592538	0.0	0.0	0.0	0.0	1179.96	0.0	0.0	0.0	162.171	0.0	0.0	0.0	0.0	0.000298	0.0	0.0	0.0	32.4343	0.0	0.0	0.0	0.0	246	0	0	0	0	0	0	0	0	391210	0	0	0	5	0	0	0	0	2545227	0	0	0	0	0	0	0	0	341930	0	0	0	0	0	0	0	0	82712	0	0	0	0	0	0	0	0	599345	0	0	0	0	0	0	0	0	4.82754	0.0	0.0	0.0	0.000563	0.0	0.0	0.0	0.0	0.999883	0.0	0.0	0.0	0.000117	0.0	0.0	0.0	0.0	
1186	3963924	1365.407173156	4760.958444444459	4911.652888888902	7.22793	0.870792	3963915	0	0	0	5	0	0	0	0	0.0002	0.0	0.0	0.0	0.592538	0.0	0.0	0.0	0.0	1180.96	0.0	0.0	0.0	162.171	0.0	0.0	0.0	0.0	0.000298	0.0	0.0	0.0	32.4343	0.0	0.0	0.0	0.0	246	0	0	0	0	0	0	0	0	391397	0	0	0	5	0	0	0	0	2547147	0	0	0	0	0	0	0	0	342562	0	0	0	0	0	0	0	0	82784	0	0	0	0	0	0	0	0	599779	0	0	0	0	0	0	0	0	2249.47	0.0	0.0	0.0	0.000563	0.0	0.0	0.0	0.0	1.0	0.0	0.0	0.0	0.0	0.0	0.0	0.0	0.0	
1187	3967215	1366.407273819	4760.958444444459	4940.347333333349	7.21403	0.87056	3967206	0	0	0	5	0	0	0	0	0.000171	0.0	0.0	0.0	0.592538	0.0	0.0	0.0	0.0	1181.96	0.0	0.0	0.0	162.171	0.0	0.0	0.0	0.0	0.000298	0.0	0.0	0.0	32.4343	0.0	0.0	0.0	0.0	246	0	0	0	0	0	0	0	0	391579	0	0	0	5	0	0	0	0	2549101	0	0	0	0	0	0	0	0	343136	0	0	0	0	0	0	0	0	82884	0	0	0	0	0	0	0	0	600260	0	0	0	0	0	0	0	0	1922.35	0.0	0.0	0.0	0.000563	0.0	0.0	0.0	0.0	1.0	0.0	0.0	0.0	0.0	0.0	0.0	0.0	0.0	
1188	3970506	1367.407427254	4760.958444444459	4897.819555555569	7.20016	0.870327	3970497	0	0	0	5	0	0	0	0	0.000436	0.0	0.0	0.0	0.592538	0.0	0.0	0.0	0.0	1182.95	0.0	0.0	0.0	162.171	0.0	0.0	0.0	0.0	0.000298	0.0	0.0	0.0	32.4343	0.0	0.0	0.0	0.0	246	0	0	0	0	0	0	0	0	391771	0	0	0	5	0	0	0	0	2551072	0	0	0	0	0	0	0	0	343715	0	0	0	0	0	0	0	0	82945	0	0	0	0	0	0	0	0	600748	0	0	0	0	0	0	0	0	4907.01	0.0	0.0	0.0	0.000563	0.0	0.0	0.0	0.0	1.0	0.0	0.0	0.0	0.0	0.0	0.0	0.0	0.0	
1189	3973927	1368.407639819	4760.958444444459	4902.708444444459	7.18632	0.870095	3973918	0	0	0	5	0	0	0	0	0.000261	0.0	0.0	0.0	0.592538	0.0	0.0	0.0	0.0	1183.95	0.0	0.0	0.0	162.171	0.0	0.0	0.0	0.0	0.000298	0.0	0.0	0.0	32.4343	0.0	0.0	0.0	0.0	246	0	0	0	0	0	0	0	0	391963	0	0	0	5	0	0	0	0	2553095	0	0	0	0	0	0	0	0	344363	0	0	0	0	0	0	0	0	83030	0	0	0	0	0	0	0	0	601221	0	0	0	0	0	0	0	0	2937.97	0.0	0.0	0.0	0.000563	0.0	0.0	0.0	0.0	1.0	0.0	0.0	0.0	0.0	0.0	0.0	0.0	0.0	
1190	3977395	1369.407809659	4760.958444444459	4880.486222222236	7.1725	0.869861	3977386	0	0	0	5	0	0	0	0	0.000269	0.0	0.0	0.0	0.592538	0.0	0.0	0.0	0.0	1184.95	0.0	0.0	0.0	162.171	0.0	0.0	0.0	0.0	0.000298	0.0	0.0	0.0	32.4343	0.0	0.0	0.0	0.0	246	0	0	0	0	0	0	0	0	392163	0	0	0	5	0	0	0	0	2555188	0	0	0	0	0	0	0	0	344921	0	0	0	0	0	0	0	0	83122	0	0	0	0	0	0	0	0	601746	0	0	0	0	0	0	0	0	3035.39	0.0	0.0	0.0	0.000563	0.0	0.0	0.0	0.0	1.0	0.0	0.0	0.0	0.0	0.0	0.0	0.0	0.0	
1191	3980946	1370.407965993	4760.958444444459	4925.069555555569	7.15871	0.869628	3980937	0	0	0	5	0	0	0	0	0.000418	0.0	0.0	0.0	0.592538	0.0	0.0	0.0	0.0	1185.95	0.0	0.0	0.0	162.171	0.0	0.0	0.0	0.0	0.000298	0.0	0.0	0.0	32.4343	0.0	0.0	0.0	0.0	246	0	0	0	0	0	0	0	0	392372	0	0	0	5	0	0	0	0	2557355	0	0	0	0	0	0	0	0	345520	0	0	0	0	0	0	0	0	83213	0	0	0	0	0	0	0	0	602231	0	0	0	0	0	0	0	0	4704.41	0.0	0.0	0.0	0.000563	0.0	0.0	0.0	0.0	1.0	0.0	0.0	0.0	0.0	0.0	0.0	0.0	0.0	
1192	3984493	1371.408192043	4760.958444444459	4993.014000000013	7.14495	0.869394	3984484	0	0	0	5	0	0	0	0	4.1e-5	0.0	0.0	0.0	0.592538	0.0	0.0	0.0	0.0	1186.95	0.0	0.0	0.0	162.171	0.0	0.0	0.0	0.0	0.000298	0.0	0.0	0.0	32.4343	0.0	0.0	0.0	0.0	246	0	0	0	0	0	0	0	0	392578	0	0	0	5	0	0	0	0	2559576	0	0	0	0	0	0	0	0	346102	0	0	0	0	0	0	0	0	83305	0	0	0	0	0	0	0	0	602677	0	0	0	0	0	0	0	0	462.599	0.0	0.0	0.0	0.000563	0.0	0.0	0.0	0.0	0.999999	0.0	0.0	0.0	1.0e-6	0.0	0.0	0.0	0.0	
1193	3987993	1372.408339544	4760.958444444459	5015.736222222236	7.13121	0.869159	3987984	0	0	0	5	0	0	0	0	0.000102	0.0	0.0	0.0	0.592538	0.0	0.0	0.0	0.0	1187.95	0.0	0.0	0.0	162.171	0.0	0.0	0.0	0.0	0.000298	0.0	0.0	0.0	32.4343	0.0	0.0	0.0	0.0	246	0	0	0	0	0	0	0	0	392794	0	0	0	5	0	0	0	0	2561695	0	0	0	0	0	0	0	0	346739	0	0	0	0	0	0	0	0	83404	0	0	0	0	0	0	0	0	603106	0	0	0	0	0	0	0	0	1151.33	0.0	0.0	0.0	0.000563	0.0	0.0	0.0	0.0	1.0	0.0	0.0	0.0	0.0	0.0	0.0	0.0	0.0	
1194	3991527	1373.40837637	4760.958444444459	4873.43066666668	7.1175	0.868925	3991518	0	0	0	5	0	0	0	0	6.5e-5	0.0	0.0	0.0	0.592538	0.0	0.0	0.0	0.0	1188.95	0.0	0.0	0.0	162.171	0.0	0.0	0.0	0.0	0.000298	0.0	0.0	0.0	32.4343	0.0	0.0	0.0	0.0	246	0	0	0	0	0	0	0	0	392997	0	0	0	5	0	0	0	0	2563797	0	0	0	0	0	0	0	0	347379	0	0	0	0	0	0	0	0	83496	0	0	0	0	0	0	0	0	603603	0	0	0	0	0	0	0	0	729.109	0.0	0.0	0.0	0.000563	0.0	0.0	0.0	0.0	0.999999	0.0	0.0	0.0	1.0e-6	0.0	0.0	0.0	0.0	
1195	3995000	1374.40840596	4760.958444444459	4955.958444444457	7.10382	0.86869	3994991	0	0	0	5	0	0	0	0	4.6e-5	0.0	0.0	0.0	0.592538	0.0	0.0	0.0	0.0	1189.94	0.0	0.0	0.0	162.171	0.0	0.0	0.0	0.0	0.000298	0.0	0.0	0.0	32.4343	0.0	0.0	0.0	0.0	246	0	0	0	0	0	0	0	0	393184	0	0	0	5	0	0	0	0	2565898	0	0	0	0	0	0	0	0	348039	0	0	0	0	0	0	0	0	83578	0	0	0	0	0	0	0	0	604046	0	0	0	0	0	0	0	0	513.838	0.0	0.0	0.0	0.000563	0.0	0.0	0.0	0.0	0.999999	0.0	0.0	0.0	1.0e-6	0.0	0.0	0.0	0.0	
1196	3998456	1375.41138697	4760.958444444459	4877.069555555567	7.09023	0.868455	3998447	0	0	0	5	0	0	0	0	0.000234	0.0	0.0	0.0	0.592538	0.0	0.0	0.0	0.0	1190.95	0.0	0.0	0.0	162.171	0.0	0.0	0.0	0.0	0.000298	0.0	0.0	0.0	32.4343	0.0	0.0	0.0	0.0	246	0	0	0	0	0	0	0	0	393363	0	0	0	5	0	0	0	0	2568025	0	0	0	0	0	0	0	0	348663	0	0	0	0	0	0	0	0	83676	0	0	0	0	0	0	0	0	604474	0	0	0	0	0	0	0	0	2636.57	0.0	0.0	0.0	0.000563	0.0	0.0	0.0	0.0	1.0	0.0	0.0	0.0	0.0	0.0	0.0	0.0	0.0	
1197	4002004	1376.411563757	4760.958444444459	4973.986222222233	7.07649	0.868218	4001995	0	0	0	5	0	0	0	0	0.000478	0.0	0.0	0.0	0.592538	0.0	0.0	0.0	0.0	1191.95	0.0	0.0	0.0	162.171	0.0	0.0	0.0	0.0	0.000298	0.0	0.0	0.0	32.4343	0.0	0.0	0.0	0.0	246	0	0	0	0	0	0	0	0	393562	0	0	0	5	0	0	0	0	2570097	0	0	0	0	0	0	0	0	349279	0	0	0	0	0	0	0	0	83758	0	0	0	0	0	0	0	0	605053	0	0	0	0	0	0	0	0	5389.41	0.0	0.0	0.0	0.000563	0.0	0.0	0.0	0.0	1.0	0.0	0.0	0.0	0.0	0.0	0.0	0.0	0.0	
1198	4005430	1377.411773563	4760.958444444459	4943.625111111121	7.06289	0.867981	4005421	0	0	0	5	0	0	0	0	0.000716	0.0	0.0	0.0	0.592538	0.0	0.0	0.0	0.0	1192.94	0.0	0.0	0.0	162.171	0.0	0.0	0.0	0.0	0.000298	0.0	0.0	0.0	32.4343	0.0	0.0	0.0	0.0	246	0	0	0	0	0	0	0	0	393757	0	0	0	5	0	0	0	0	2572215	0	0	0	0	0	0	0	0	349899	0	0	0	0	0	0	0	0	83818	0	0	0	0	0	0	0	0	605486	0	0	0	0	0	0	0	0	8073.87	0.0	0.0	0.0	0.000563	0.0	0.0	0.0	0.0	1.0	0.0	0.0	0.0	0.0	0.0	0.0	0.0	0.0	
1199	4008905	1378.411908892	4760.958444444459	4997.902888888898	7.04931	0.867745	4008896	0	0	0	5	0	0	0	0	0.000281	0.0	0.0	0.0	0.592538	0.0	0.0	0.0	0.0	1193.94	0.0	0.0	0.0	162.171	0.0	0.0	0.0	0.0	0.000298	0.0	0.0	0.0	32.4343	0.0	0.0	0.0	0.0	246	0	0	0	0	0	0	0	0	393950	0	0	0	5	0	0	0	0	2574342	0	0	0	0	0	0	0	0	350442	0	0	0	0	0	0	0	0	83915	0	0	0	0	0	0	0	0	606001	0	0	0	0	0	0	0	0	3172.04	0.0	0.0	0.0	0.000563	0.0	0.0	0.0	0.0	1.0	0.0	0.0	0.0	0.0	0.0	0.0	0.0	0.0	
1200	4012303	1379.41201605	4760.958444444459	4891.291777777785	7.03576	0.867508	4012294	0	0	0	5	0	0	0	0	7.2e-5	0.0	0.0	0.0	0.592538	0.0	0.0	0.0	0.0	1194.94	0.0	0.0	0.0	162.171	0.0	0.0	0.0	0.0	0.000298	0.0	0.0	0.0	32.4343	0.0	0.0	0.0	0.0	246	0	0	0	0	0	0	0	0	394153	0	0	0	5	0	0	0	0	2576358	0	0	0	0	0	0	0	0	350998	0	0	0	0	0	0	0	0	84018	0	0	0	0	0	0	0	0	606521	0	0	0	0	0	0	0	0	810.654	0.0	0.0	0.0	0.000563	0.0	0.0	0.0	0.0	0.999999	0.0	0.0	0.0	1.0e-6	0.0	0.0	0.0	0.0	
1201	4015704	1380.412250416	4760.958444444459	4911.541777777784	7.02223	0.86727	4015695	0	0	0	5	0	0	0	0	0.000115	0.0	0.0	0.0	0.592538	0.0	0.0	0.0	0.0	1195.94	0.0	0.0	0.0	162.171	0.0	0.0	0.0	0.0	0.000298	0.0	0.0	0.0	32.4343	0.0	0.0	0.0	0.0	246	0	0	0	0	0	0	0	0	394344	0	0	0	5	0	0	0	0	2578325	0	0	0	0	0	0	0	0	351623	0	0	0	0	0	0	0	0	84113	0	0	0	0	0	0	0	0	607044	0	0	0	0	0	0	0	0	1291.03	0.0	0.0	0.0	0.000563	0.0	0.0	0.0	0.0	1.0	0.0	0.0	0.0	0.0	0.0	0.0	0.0	0.0	
1202	4019184	1381.41226192	4760.958444444459	4950.291777777786	7.00873	0.867032	4019175	0	0	0	5	0	0	0	0	2.2e-5	0.0	0.0	0.0	0.592538	0.0	0.0	0.0	0.0	1196.94	0.0	0.0	0.0	162.171	0.0	0.0	0.0	0.0	0.000298	0.0	0.0	0.0	32.4343	0.0	0.0	0.0	0.0	246	0	0	0	0	0	0	0	0	394525	0	0	0	5	0	0	0	0	2580442	0	0	0	0	0	0	0	0	352185	0	0	0	0	0	0	0	0	84214	0	0	0	0	0	0	0	0	607563	0	0	0	0	0	0	0	0	246.434	0.0	0.0	0.0	0.000563	0.0	0.0	0.0	0.0	0.999998	0.0	0.0	0.0	2.0e-6	0.0	0.0	0.0	0.0	
1203	4022618	1382.412419326	4760.958444444459	4970.041777777787	6.99525	0.866794	4022609	0	0	0	5	0	0	0	0	0.000275	0.0	0.0	0.0	0.592538	0.0	0.0	0.0	0.0	1197.94	0.0	0.0	0.0	162.171	0.0	0.0	0.0	0.0	0.000298	0.0	0.0	0.0	32.4343	0.0	0.0	0.0	0.0	246	0	0	0	0	0	0	0	0	394706	0	0	0	5	0	0	0	0	2582460	0	0	0	0	0	0	0	0	352790	0	0	0	0	0	0	0	0	84307	0	0	0	0	0	0	0	0	608100	0	0	0	0	0	0	0	0	3100.7	0.0	0.0	0.0	0.000563	0.0	0.0	0.0	0.0	1.0	0.0	0.0	0.0	0.0	0.0	0.0	0.0	0.0	
1204	4026063	1383.412472281	4760.958444444459	4888.180666666676	6.98181	0.866555	4026054	0	0	0	5	0	0	0	0	0.000171	0.0	0.0	0.0	0.592538	0.0	0.0	0.0	0.0	1198.94	0.0	0.0	0.0	162.171	0.0	0.0	0.0	0.0	0.000298	0.0	0.0	0.0	32.4343	0.0	0.0	0.0	0.0	246	0	0	0	0	0	0	0	0	394902	0	0	0	5	0	0	0	0	2584456	0	0	0	0	0	0	0	0	353414	0	0	0	0	0	0	0	0	84406	0	0	0	0	0	0	0	0	608630	0	0	0	0	0	0	0	0	1923.3	0.0	0.0	0.0	0.000563	0.0	0.0	0.0	0.0	1.0	0.0	0.0	0.0	0.0	0.0	0.0	0.0	0.0	
1205	4029469	1384.412701024	4760.958444444459	4877.791777777785	6.96838	0.866316	4029460	0	0	0	5	0	0	0	0	0.00018	0.0	0.0	0.0	0.592538	0.0	0.0	0.0	0.0	1199.93	0.0	0.0	0.0	162.171	0.0	0.0	0.0	0.0	0.000298	0.0	0.0	0.0	32.4343	0.0	0.0	0.0	0.0	246	0	0	0	0	0	0	0	0	395107	0	0	0	5	0	0	0	0	2586396	0	0	0	0	0	0	0	0	354011	0	0	0	0	0	0	0	0	84535	0	0	0	0	0	0	0	0	609165	0	0	0	0	0	0	0	0	2030.82	0.0	0.0	0.0	0.000563	0.0	0.0	0.0	0.0	1.0	0.0	0.0	0.0	0.0	0.0	0.0	0.0	0.0	
1206	4032917	1385.412909902	4760.958444444459	4876.208444444452	6.95498	0.866077	4032908	0	0	0	5	0	0	0	0	8.0e-5	0.0	0.0	0.0	0.592538	0.0	0.0	0.0	0.0	1200.93	0.0	0.0	0.0	162.171	0.0	0.0	0.0	0.0	0.000298	0.0	0.0	0.0	32.4343	0.0	0.0	0.0	0.0	246	0	0	0	0	0	0	0	0	395294	0	0	0	5	0	0	0	0	2588499	0	0	0	0	0	0	0	0	354606	0	0	0	0	0	0	0	0	84651	0	0	0	0	0	0	0	0	609612	0	0	0	0	0	0	0	0	907.091	0.0	0.0	0.0	0.000563	0.0	0.0	0.0	0.0	0.999999	0.0	0.0	0.0	1.0e-6	0.0	0.0	0.0	0.0	
1207	4036357	1386.413080211	4760.958444444459	4836.73622222223	6.94161	0.865837	4036348	0	0	0	5	0	0	0	0	9.5e-5	0.0	0.0	0.0	0.592538	0.0	0.0	0.0	0.0	1201.93	0.0	0.0	0.0	162.171	0.0	0.0	0.0	0.0	0.000298	0.0	0.0	0.0	32.4343	0.0	0.0	0.0	0.0	246	0	0	0	0	0	0	0	0	395461	0	0	0	5	0	0	0	0	2590526	0	0	0	0	0	0	0	0	355190	0	0	0	0	0	0	0	0	84751	0	0	0	0	0	0	0	0	610174	0	0	0	0	0	0	0	0	1066.87	0.0	0.0	0.0	0.000563	0.0	0.0	0.0	0.0	0.999999	0.0	0.0	0.0	1.0e-6	0.0	0.0	0.0	0.0	
1208	4039808	1387.413163189	4760.958444444459	4855.986222222229	6.92827	0.865597	4039799	0	0	0	5	0	0	0	0	0.000271	0.0	0.0	0.0	0.592538	0.0	0.0	0.0	0.0	1202.93	0.0	0.0	0.0	162.171	0.0	0.0	0.0	0.0	0.000298	0.0	0.0	0.0	32.4343	0.0	0.0	0.0	0.0	246	0	0	0	0	0	0	0	0	395639	0	0	0	5	0	0	0	0	2592540	0	0	0	0	0	0	0	0	355770	0	0	0	0	0	0	0	0	84876	0	0	0	0	0	0	0	0	610728	0	0	0	0	0	0	0	0	3053.13	0.0	0.0	0.0	0.000563	0.0	0.0	0.0	0.0	1.0	0.0	0.0	0.0	0.0	0.0	0.0	0.0	0.0	
1209	4043162	1388.414445965	4760.958444444459	4914.764000000006	6.91503	0.865358	4043153	0	0	0	5	0	0	0	0	0.000218	0.0	0.0	0.0	0.592538	0.0	0.0	0.0	0.0	1203.93	0.0	0.0	0.0	162.171	0.0	0.0	0.0	0.0	0.000298	0.0	0.0	0.0	32.4343	0.0	0.0	0.0	0.0	246	0	0	0	0	0	0	0	0	395813	0	0	0	5	0	0	0	0	2594606	0	0	0	0	0	0	0	0	356341	0	0	0	0	0	0	0	0	84972	0	0	0	0	0	0	0	0	611175	0	0	0	0	0	0	0	0	2459.25	0.0	0.0	0.0	0.000563	0.0	0.0	0.0	0.0	1.0	0.0	0.0	0.0	0.0	0.0	0.0	0.0	0.0	
1210	4046501	1389.414682057	4760.958444444459	4907.875111111117	6.90164	0.865115	4046492	0	0	0	5	0	0	0	0	0.000175	0.0	0.0	0.0	0.592538	0.0	0.0	0.0	0.0	1204.93	0.0	0.0	0.0	162.171	0.0	0.0	0.0	0.0	0.000298	0.0	0.0	0.0	32.4343	0.0	0.0	0.0	0.0	246	0	0	0	0	0	0	0	0	396001	0	0	0	5	0	0	0	0	2596670	0	0	0	0	0	0	0	0	356931	0	0	0	0	0	0	0	0	85036	0	0	0	0	0	0	0	0	611608	0	0	0	0	0	0	0	0	1968.4	0.0	0.0	0.0	0.000563	0.0	0.0	0.0	0.0	1.0	0.0	0.0	0.0	0.0	0.0	0.0	0.0	0.0	
1211	4049956	1390.414892102	4760.958444444459	4990.264000000005	6.88837	0.864873	4049947	0	0	0	5	0	0	0	0	8.0e-5	0.0	0.0	0.0	0.592538	0.0	0.0	0.0	0.0	1205.93	0.0	0.0	0.0	162.171	0.0	0.0	0.0	0.0	0.000298	0.0	0.0	0.0	32.4343	0.0	0.0	0.0	0.0	246	0	0	0	0	0	0	0	0	396186	0	0	0	5	0	0	0	0	2598764	0	0	0	0	0	0	0	0	357555	0	0	0	0	0	0	0	0	85118	0	0	0	0	0	0	0	0	612078	0	0	0	0	0	0	0	0	898.944	0.0	0.0	0.0	0.000563	0.0	0.0	0.0	0.0	0.999999	0.0	0.0	0.0	1.0e-6	0.0	0.0	0.0	0.0	
1212	4053368	1391.415076347	4760.958444444459	4943.20844444445	6.87512	0.864631	4053359	0	0	0	5	0	0	0	0	0.000162	0.0	0.0	0.0	0.592538	0.0	0.0	0.0	0.0	1206.93	0.0	0.0	0.0	162.171	0.0	0.0	0.0	0.0	0.000298	0.0	0.0	0.0	32.4343	0.0	0.0	0.0	0.0	246	0	0	0	0	0	0	0	0	396386	0	0	0	5	0	0	0	0	2600821	0	0	0	0	0	0	0	0	358126	0	0	0	0	0	0	0	0	85213	0	0	0	0	0	0	0	0	612567	0	0	0	0	0	0	0	0	1828.3	0.0	0.0	0.0	0.000563	0.0	0.0	0.0	0.0	1.0	0.0	0.0	0.0	0.0	0.0	0.0	0.0	0.0	
1213	4056767	1392.415256766	4760.958444444459	4863.625111111116	6.86191	0.864389	4056758	0	0	0	5	0	0	0	0	0.000244	0.0	0.0	0.0	0.592538	0.0	0.0	0.0	0.0	1207.93	0.0	0.0	0.0	162.171	0.0	0.0	0.0	0.0	0.000298	0.0	0.0	0.0	32.4343	0.0	0.0	0.0	0.0	246	0	0	0	0	0	0	0	0	396593	0	0	0	5	0	0	0	0	2602894	0	0	0	0	0	0	0	0	358752	0	0	0	0	0	0	0	0	85265	0	0	0	0	0	0	0	0	613008	0	0	0	0	0	0	0	0	2749.01	0.0	0.0	0.0	0.000563	0.0	0.0	0.0	0.0	1.0	0.0	0.0	0.0	0.0	0.0	0.0	0.0	0.0	
1214	4060167	1393.415419044	4760.958444444459	4963.597333333339	6.84871	0.864147	4060158	0	0	0	5	0	0	0	0	0.000531	0.0	0.0	0.0	0.592538	0.0	0.0	0.0	0.0	1208.92	0.0	0.0	0.0	162.171	0.0	0.0	0.0	0.0	0.000298	0.0	0.0	0.0	32.4343	0.0	0.0	0.0	0.0	246	0	0	0	0	0	0	0	0	396800	0	0	0	5	0	0	0	0	2604929	0	0	0	0	0	0	0	0	359341	0	0	0	0	0	0	0	0	85332	0	0	0	0	0	0	0	0	613510	0	0	0	0	0	0	0	0	5989.55	0.0	0.0	0.0	0.000563	0.0	0.0	0.0	0.0	1.0	0.0	0.0	0.0	0.0	0.0	0.0	0.0	0.0	
1215	4063597	1394.41568297	4760.958444444459	4862.541777777784	6.83554	0.863904	4063588	0	0	0	5	0	0	0	0	0.000474	0.0	0.0	0.0	0.592538	0.0	0.0	0.0	0.0	1209.92	0.0	0.0	0.0	162.171	0.0	0.0	0.0	0.0	0.000298	0.0	0.0	0.0	32.4343	0.0	0.0	0.0	0.0	246	0	0	0	0	0	0	0	0	397038	0	0	0	5	0	0	0	0	2607006	0	0	0	0	0	0	0	0	359871	0	0	0	0	0	0	0	0	85409	0	0	0	0	0	0	0	0	614018	0	0	0	0	0	0	0	0	5341.36	0.0	0.0	0.0	0.000563	0.0	0.0	0.0	0.0	1.0	0.0	0.0	0.0	0.0	0.0	0.0	0.0	0.0	
1216	4066961	1395.415740402	4760.958444444459	4908.236222222227	6.8224	0.86366	4066952	0	0	0	5	0	0	0	0	0.000241	0.0	0.0	0.0	0.592538	0.0	0.0	0.0	0.0	1210.92	0.0	0.0	0.0	162.171	0.0	0.0	0.0	0.0	0.000298	0.0	0.0	0.0	32.4343	0.0	0.0	0.0	0.0	246	0	0	0	0	0	0	0	0	397233	0	0	0	5	0	0	0	0	2609015	0	0	0	0	0	0	0	0	360451	0	0	0	0	0	0	0	0	85484	0	0	0	0	0	0	0	0	614523	0	0	0	0	0	0	0	0	2719.06	0.0	0.0	0.0	0.000563	0.0	0.0	0.0	0.0	1.0	0.0	0.0	0.0	0.0	0.0	0.0	0.0	0.0	
1217	4070318	1396.415842168	4760.958444444459	4929.597333333339	6.80929	0.863416	4070309	0	0	0	5	0	0	0	0	2.0e-5	0.0	0.0	0.0	0.592538	0.0	0.0	0.0	0.0	1211.92	0.0	0.0	0.0	162.171	0.0	0.0	0.0	0.0	0.000298	0.0	0.0	0.0	32.4343	0.0	0.0	0.0	0.0	246	0	0	0	0	0	0	0	0	397418	0	0	0	5	0	0	0	0	2610979	0	0	0	0	0	0	0	0	361031	0	0	0	0	0	0	0	0	85563	0	0	0	0	0	0	0	0	615072	0	0	0	0	0	0	0	0	224.99	0.0	0.0	0.0	0.000563	0.0	0.0	0.0	0.0	0.999997	0.0	0.0	0.0	3.0e-6	0.0	0.0	0.0	0.0	
1218	4073674	1397.42376587	4760.958444444459	4921.180666666672	6.7962	0.863172	4073665	0	0	0	5	0	0	0	0	3.7e-5	0.0	0.0	0.0	0.592538	0.0	0.0	0.0	0.0	1212.93	0.0	0.0	0.0	162.171	0.0	0.0	0.0	0.0	0.000298	0.0	0.0	0.0	32.4343	0.0	0.0	0.0	0.0	246	0	0	0	0	0	0	0	0	397637	0	0	0	5	0	0	0	0	2612932	0	0	0	0	0	0	0	0	361609	0	0	0	0	0	0	0	0	85637	0	0	0	0	0	0	0	0	615604	0	0	0	0	0	0	0	0	418.943	0.0	0.0	0.0	0.000563	0.0	0.0	0.0	0.0	0.999999	0.0	0.0	0.0	1.0e-6	0.0	0.0	0.0	0.0	
1219	4077021	1398.424016485	4760.958444444459	4933.375111111118	6.78303	0.862926	4077012	0	0	0	5	0	0	0	0	0.00043	0.0	0.0	0.0	0.592538	0.0	0.0	0.0	0.0	1213.93	0.0	0.0	0.0	162.171	0.0	0.0	0.0	0.0	0.000298	0.0	0.0	0.0	32.4343	0.0	0.0	0.0	0.0	246	0	0	0	0	0	0	0	0	397826	0	0	0	5	0	0	0	0	2614880	0	0	0	0	0	0	0	0	362237	0	0	0	0	0	0	0	0	85715	0	0	0	0	0	0	0	0	616108	0	0	0	0	0	0	0	0	4852.97	0.0	0.0	0.0	0.000563	0.0	0.0	0.0	0.0	1.0	0.0	0.0	0.0	0.0	0.0	0.0	0.0	0.0	
1220	4080365	1399.424236539	4760.958444444459	4995.236222222228	6.76999	0.862681	4080356	0	0	0	5	0	0	0	0	0.000203	0.0	0.0	0.0	0.592538	0.0	0.0	0.0	0.0	1214.92	0.0	0.0	0.0	162.171	0.0	0.0	0.0	0.0	0.000298	0.0	0.0	0.0	32.4343	0.0	0.0	0.0	0.0	246	0	0	0	0	0	0	0	0	398008	0	0	0	5	0	0	0	0	2616850	0	0	0	0	0	0	0	0	362859	0	0	0	0	0	0	0	0	85758	0	0	0	0	0	0	0	0	616635	0	0	0	0	0	0	0	0	2294.8	0.0	0.0	0.0	0.000563	0.0	0.0	0.0	0.0	1.0	0.0	0.0	0.0	0.0	0.0	0.0	0.0	0.0	
1221	4083707	1400.424437169	4760.958444444459	4844.541777777784	6.75697	0.862435	4083698	0	0	0	5	0	0	0	0	0.00027	0.0	0.0	0.0	0.592538	0.0	0.0	0.0	0.0	1215.92	0.0	0.0	0.0	162.171	0.0	0.0	0.0	0.0	0.000298	0.0	0.0	0.0	32.4343	0.0	0.0	0.0	0.0	246	0	0	0	0	0	0	0	0	398175	0	0	0	5	0	0	0	0	2618785	0	0	0	0	0	0	0	0	363565	0	0	0	0	0	0	0	0	85820	0	0	0	0	0	0	0	0	617107	0	0	0	0	0	0	0	0	3048.34	0.0	0.0	0.0	0.000563	0.0	0.0	0.0	0.0	1.0	0.0	0.0	0.0	0.0	0.0	0.0	0.0	0.0	
1222	4087066	1401.424452626	4760.958444444459	4809.347333333339	6.74398	0.862189	4087057	0	0	0	5	0	0	0	0	0.000422	0.0	0.0	0.0	0.592538	0.0	0.0	0.0	0.0	1216.92	0.0	0.0	0.0	162.171	0.0	0.0	0.0	0.0	0.000298	0.0	0.0	0.0	32.4343	0.0	0.0	0.0	0.0	246	0	0	0	0	0	0	0	0	398315	0	0	0	5	0	0	0	0	2620741	0	0	0	0	0	0	0	0	364215	0	0	0	0	0	0	0	0	85924	0	0	0	0	0	0	0	0	617616	0	0	0	0	0	0	0	0	4759.9	0.0	0.0	0.0	0.000563	0.0	0.0	0.0	0.0	1.0	0.0	0.0	0.0	0.0	0.0	0.0	0.0	0.0	
1223	4090422	1402.42465628	4760.958444444459	4811.430666666671	6.73101	0.861943	4090413	0	0	0	5	0	0	0	0	0.000111	0.0	0.0	0.0	0.592538	0.0	0.0	0.0	0.0	1217.92	0.0	0.0	0.0	162.171	0.0	0.0	0.0	0.0	0.000298	0.0	0.0	0.0	32.4343	0.0	0.0	0.0	0.0	246	0	0	0	0	0	0	0	0	398473	0	0	0	5	0	0	0	0	2622686	0	0	0	0	0	0	0	0	364882	0	0	0	0	0	0	0	0	86022	0	0	0	0	0	0	0	0	618104	0	0	0	0	0	0	0	0	1249.49	0.0	0.0	0.0	0.000563	0.0	0.0	0.0	0.0	1.0	0.0	0.0	0.0	0.0	0.0	0.0	0.0	0.0	
1224	4093775	1403.435220536	4760.958444444459	4888.069555555563	6.71808	0.861697	4093766	0	0	0	5	0	0	0	0	0.000193	0.0	0.0	0.0	0.592538	0.0	0.0	0.0	0.0	1218.93	0.0	0.0	0.0	162.171	0.0	0.0	0.0	0.0	0.000298	0.0	0.0	0.0	32.4343	0.0	0.0	0.0	0.0	246	0	0	0	0	0	0	0	0	398641	0	0	0	5	0	0	0	0	2624591	0	0	0	0	0	0	0	0	365585	0	0	0	0	0	0	0	0	86100	0	0	0	0	0	0	0	0	618603	0	0	0	0	0	0	0	0	2172.22	0.0	0.0	0.0	0.000563	0.0	0.0	0.0	0.0	1.0	0.0	0.0	0.0	0.0	0.0	0.0	0.0	0.0	
1225	4097149	1404.435289364	4760.958444444459	4869.847333333341	6.70502	0.861447	4097140	0	0	0	5	0	0	0	0	0.000317	0.0	0.0	0.0	0.592538	0.0	0.0	0.0	0.0	1219.93	0.0	0.0	0.0	162.171	0.0	0.0	0.0	0.0	0.000298	0.0	0.0	0.0	32.4343	0.0	0.0	0.0	0.0	246	0	0	0	0	0	0	0	0	398824	0	0	0	5	0	0	0	0	2626571	0	0	0	0	0	0	0	0	366239	0	0	0	0	0	0	0	0	86168	0	0	0	0	0	0	0	0	619092	0	0	0	0	0	0	0	0	3572.92	0.0	0.0	0.0	0.000563	0.0	0.0	0.0	0.0	1.0	0.0	0.0	0.0	0.0	0.0	0.0	0.0	0.0	
1226	4100517	1405.435404335	4760.958444444459	4874.486222222229	6.69213	0.861199	4100508	0	0	0	5	0	0	0	0	0.000344	0.0	0.0	0.0	0.592538	0.0	0.0	0.0	0.0	1220.93	0.0	0.0	0.0	162.171	0.0	0.0	0.0	0.0	0.000298	0.0	0.0	0.0	32.4343	0.0	0.0	0.0	0.0	246	0	0	0	0	0	0	0	0	398996	0	0	0	5	0	0	0	0	2628471	0	0	0	0	0	0	0	0	366918	0	0	0	0	0	0	0	0	86237	0	0	0	0	0	0	0	0	619640	0	0	0	0	0	0	0	0	3876.29	0.0	0.0	0.0	0.000563	0.0	0.0	0.0	0.0	1.0	0.0	0.0	0.0	0.0	0.0	0.0	0.0	0.0	
1227	4103907	1406.43545879	4760.958444444459	4835.264000000006	6.67927	0.860952	4103898	0	0	0	5	0	0	0	0	2.1e-5	0.0	0.0	0.0	0.592538	0.0	0.0	0.0	0.0	1221.93	0.0	0.0	0.0	162.171	0.0	0.0	0.0	0.0	0.000298	0.0	0.0	0.0	32.4343	0.0	0.0	0.0	0.0	246	0	0	0	0	0	0	0	0	399194	0	0	0	5	0	0	0	0	2630449	0	0	0	0	0	0	0	0	367541	0	0	0	0	0	0	0	0	86327	0	0	0	0	0	0	0	0	620141	0	0	0	0	0	0	0	0	234.602	0.0	0.0	0.0	0.000563	0.0	0.0	0.0	0.0	0.999998	0.0	0.0	0.0	2.0e-6	0.0	0.0	0.0	0.0	
1228	4107276	1407.435550605	4760.958444444459	4917.069555555562	6.66643	0.860703	4107267	0	0	0	5	0	0	0	0	0.000681	0.0	0.0	0.0	0.592538	0.0	0.0	0.0	0.0	1222.92	0.0	0.0	0.0	162.171	0.0	0.0	0.0	0.0	0.000298	0.0	0.0	0.0	32.4343	0.0	0.0	0.0	0.0	246	0	0	0	0	0	0	0	0	399383	0	0	0	5	0	0	0	0	2632425	0	0	0	0	0	0	0	0	368152	0	0	0	0	0	0	0	0	86396	0	0	0	0	0	0	0	0	620665	0	0	0	0	0	0	0	0	7684.71	0.0	0.0	0.0	0.000563	0.0	0.0	0.0	0.0	1.0	0.0	0.0	0.0	0.0	0.0	0.0	0.0	0.0	
1229	4110624	1408.435768485	4760.958444444459	4978.541777777784	6.65361	0.860455	4110615	0	0	0	5	0	0	0	0	0.00033	0.0	0.0	0.0	0.592538	0.0	0.0	0.0	0.0	1223.92	0.0	0.0	0.0	162.171	0.0	0.0	0.0	0.0	0.000298	0.0	0.0	0.0	32.4343	0.0	0.0	0.0	0.0	246	0	0	0	0	0	0	0	0	399580	0	0	0	5	0	0	0	0	2634433	0	0	0	0	0	0	0	0	368768	0	0	0	0	0	0	0	0	86469	0	0	0	0	0	0	0	0	621119	0	0	0	0	0	0	0	0	3717.38	0.0	0.0	0.0	0.000563	0.0	0.0	0.0	0.0	1.0	0.0	0.0	0.0	0.0	0.0	0.0	0.0	0.0	
1230	4113939	1409.438311278	4760.958444444459	4856.014000000007	6.64089	0.860207	4113930	0	0	0	5	0	0	0	0	0.000845	0.0	0.0	0.0	0.592538	0.0	0.0	0.0	0.0	1224.92	0.0	0.0	0.0	162.171	0.0	0.0	0.0	0.0	0.000298	0.0	0.0	0.0	32.4343	0.0	0.0	0.0	0.0	246	0	0	0	0	0	0	0	0	399788	0	0	0	5	0	0	0	0	2636408	0	0	0	0	0	0	0	0	369320	0	0	0	0	0	0	0	0	86561	0	0	0	0	0	0	0	0	621607	0	0	0	0	0	0	0	0	9527.64	0.0	0.0	0.0	0.000563	0.0	0.0	0.0	0.0	1.0	0.0	0.0	0.0	0.0	0.0	0.0	0.0	0.0	
1231	4117271	1410.438550804	4760.958444444459	4818.597333333339	6.62802	0.859955	4117262	0	0	0	5	0	0	0	0	0.000595	0.0	0.0	0.0	0.592538	0.0	0.0	0.0	0.0	1225.92	0.0	0.0	0.0	162.171	0.0	0.0	0.0	0.0	0.000298	0.0	0.0	0.0	32.4343	0.0	0.0	0.0	0.0	246	0	0	0	0	0	0	0	0	399976	0	0	0	5	0	0	0	0	2638427	0	0	0	0	0	0	0	0	369854	0	0	0	0	0	0	0	0	86656	0	0	0	0	0	0	0	0	622103	0	0	0	0	0	0	0	0	6707.8	0.0	0.0	0.0	0.000563	0.0	0.0	0.0	0.0	1.0	0.0	0.0	0.0	0.0	0.0	0.0	0.0	0.0	
1232	4120642	1411.438744253	4760.958444444459	4915.930666666671	6.61528	0.859706	4120633	0	0	0	5	0	0	0	0	0.000227	0.0	0.0	0.0	0.592538	0.0	0.0	0.0	0.0	1226.92	0.0	0.0	0.0	162.171	0.0	0.0	0.0	0.0	0.000298	0.0	0.0	0.0	32.4343	0.0	0.0	0.0	0.0	246	0	0	0	0	0	0	0	0	400156	0	0	0	5	0	0	0	0	2640483	0	0	0	0	0	0	0	0	370403	0	0	0	0	0	0	0	0	86748	0	0	0	0	0	0	0	0	622597	0	0	0	0	0	0	0	0	2564.19	0.0	0.0	0.0	0.000563	0.0	0.0	0.0	0.0	1.0	0.0	0.0	0.0	0.0	0.0	0.0	0.0	0.0	
1233	4124043	1412.438783022	4760.958444444459	4911.95844444445	6.60256	0.859455	4124034	0	0	0	5	0	0	0	0	0.000125	0.0	0.0	0.0	0.592538	0.0	0.0	0.0	0.0	1227.92	0.0	0.0	0.0	162.171	0.0	0.0	0.0	0.0	0.000298	0.0	0.0	0.0	32.4343	0.0	0.0	0.0	0.0	246	0	0	0	0	0	0	0	0	400340	0	0	0	5	0	0	0	0	2642538	0	0	0	0	0	0	0	0	370996	0	0	0	0	0	0	0	0	86837	0	0	0	0	0	0	0	0	623077	0	0	0	0	0	0	0	0	1407.68	0.0	0.0	0.0	0.000563	0.0	0.0	0.0	0.0	1.0	0.0	0.0	0.0	0.0	0.0	0.0	0.0	0.0	
1234	4127411	1413.438970225	4760.958444444459	4868.152888888893	6.58987	0.859205	4127402	0	0	0	5	0	0	0	0	0.000164	0.0	0.0	0.0	0.592538	0.0	0.0	0.0	0.0	1228.92	0.0	0.0	0.0	162.171	0.0	0.0	0.0	0.0	0.000298	0.0	0.0	0.0	32.4343	0.0	0.0	0.0	0.0	246	0	0	0	0	0	0	0	0	400507	0	0	0	5	0	0	0	0	2644532	0	0	0	0	0	0	0	0	371609	0	0	0	0	0	0	0	0	86946	0	0	0	0	0	0	0	0	623562	0	0	0	0	0	0	0	0	1844.88	0.0	0.0	0.0	0.000563	0.0	0.0	0.0	0.0	1.0	0.0	0.0	0.0	0.0	0.0	0.0	0.0	0.0	
1235	4130816	1414.439243945	4760.958444444459	4909.236222222228	6.57719	0.858953	4130807	0	0	0	5	0	0	0	0	3.3e-5	0.0	0.0	0.0	0.592538	0.0	0.0	0.0	0.0	1229.92	0.0	0.0	0.0	162.171	0.0	0.0	0.0	0.0	0.000298	0.0	0.0	0.0	32.4343	0.0	0.0	0.0	0.0	246	0	0	0	0	0	0	0	0	400681	0	0	0	5	0	0	0	0	2646567	0	0	0	0	0	0	0	0	372265	0	0	0	0	0	0	0	0	87034	0	0	0	0	0	0	0	0	624014	0	0	0	0	0	0	0	0	374.701	0.0	0.0	0.0	0.000563	0.0	0.0	0.0	0.0	0.999998	0.0	0.0	0.0	2.0e-6	0.0	0.0	0.0	0.0	
1236	4133520	1418.431724621	4760.958444444459	4935.111	6.56725	0.858756	4133510	0	0	0	6	0	0	0	0	2.0e-6	0.0	0.0	0.0	0.533784	0.0	0.0	0.0	0.0	1230.7	0.0	0.0	0.0	165.378	0.0	0.0	0.0	0.0	0.000298	0.0	0.0	0.0	27.563	0.0	0.0	0.0	0.0	246	0	0	0	0	0	0	0	0	400825	0	0	0	6	0	0	0	0	2648193	0	0	0	0	0	0	0	0	372719	0	0	0	0	0	0	0	0	87127	0	0	0	0	0	0	0	0	624400	0	0	0	0	0	0	0	0	17.6233	0.0	0.0	0.0	0.000703	0.0	0.0	0.0	0.0	0.99996	0.0	0.0	0.0	4.0e-5	0.0	0.0	0.0	0.0	
1237	4136971	1419.431877981	4760.958444444459	4883.983222222222	6.51431	0.857694	4136961	0	0	0	6	0	0	0	0	0.000607	0.0	0.0	0.0	0.533784	0.0	0.0	0.0	0.0	1231.7	0.0	0.0	0.0	165.378	0.0	0.0	0.0	0.0	0.000298	0.0	0.0	0.0	27.563	0.0	0.0	0.0	0.0	246	0	0	0	0	0	0	0	0	401021	0	0	0	6	0	0	0	0	2650038	0	0	0	0	0	0	0	0	373256	0	0	0	0	0	0	0	0	87210	0	0	0	0	0	0	0	0	625190	0	0	0	0	0	0	0	0	6843.94	0.0	0.0	0.0	0.000703	0.0	0.0	0.0	0.0	1.0	0.0	0.0	0.0	0.0	0.0	0.0	0.0	0.0	
1238	4140379	1420.436564096	4760.958444444459	4826.344333333334	6.50186	0.857442	4140369	0	0	0	6	0	0	0	0	0.000139	0.0	0.0	0.0	0.533784	0.0	0.0	0.0	0.0	1232.7	0.0	0.0	0.0	165.378	0.0	0.0	0.0	0.0	0.000298	0.0	0.0	0.0	27.563	0.0	0.0	0.0	0.0	246	0	0	0	0	0	0	0	0	401211	0	0	0	6	0	0	0	0	2651921	0	0	0	0	0	0	0	0	373842	0	0	0	0	0	0	0	0	87316	0	0	0	0	0	0	0	0	625833	0	0	0	0	0	0	0	0	1564.52	0.0	0.0	0.0	0.000703	0.0	0.0	0.0	0.0	1.0	0.0	0.0	0.0	0.0	0.0	0.0	0.0	0.0	
1239	4143905	1421.436604245	4750.53877777778	4802.983222222223	6.48923	0.857185	4143895	0	0	0	6	0	0	0	0	0.000103	0.0	0.0	0.0	0.533784	0.0	0.0	0.0	0.0	1233.7	0.0	0.0	0.0	165.378	0.0	0.0	0.0	0.0	0.000298	0.0	0.0	0.0	27.563	0.0	0.0	0.0	0.0	251	0	0	0	0	0	0	0	0	401377	0	0	0	6	0	0	0	0	2653747	0	0	0	0	0	0	0	0	374475	0	0	0	0	0	0	0	0	87444	0	0	0	0	0	0	0	0	626601	0	0	0	0	0	0	0	0	1158.75	0.0	0.0	0.0	0.000703	0.0	0.0	0.0	0.0	0.999999	0.0	0.0	0.0	1.0e-6	0.0	0.0	0.0	0.0	
1240	4147255	1422.436776171	4750.53877777778	4842.483222222223	6.47676	0.856931	4147245	0	0	0	6	0	0	0	0	0.000513	0.0	0.0	0.0	0.533784	0.0	0.0	0.0	0.0	1234.7	0.0	0.0	0.0	165.378	0.0	0.0	0.0	0.0	0.000298	0.0	0.0	0.0	27.563	0.0	0.0	0.0	0.0	251	0	0	0	0	0	0	0	0	401543	0	0	0	6	0	0	0	0	2655640	0	0	0	0	0	0	0	0	374997	0	0	0	0	0	0	0	0	87552	0	0	0	0	0	0	0	0	627262	0	0	0	0	0	0	0	0	5789.85	0.0	0.0	0.0	0.000703	0.0	0.0	0.0	0.0	1.0	0.0	0.0	0.0	0.0	0.0	0.0	0.0	0.0	
1241	4150566	1423.436832132	4750.53877777778	4856.566555555554	6.4643	0.856676	4150556	0	0	0	6	0	0	0	0	0.000706	0.0	0.0	0.0	0.533784	0.0	0.0	0.0	0.0	1235.7	0.0	0.0	0.0	165.378	0.0	0.0	0.0	0.0	0.000298	0.0	0.0	0.0	27.563	0.0	0.0	0.0	0.0	251	0	0	0	0	0	0	0	0	401720	0	0	0	6	0	0	0	0	2657616	0	0	0	0	0	0	0	0	375596	0	0	0	0	0	0	0	0	87644	0	0	0	0	0	0	0	0	627729	0	0	0	0	0	0	0	0	7964.68	0.0	0.0	0.0	0.000703	0.0	0.0	0.0	0.0	1.0	0.0	0.0	0.0	0.0	0.0	0.0	0.0	0.0	
1242	4153908	1424.436853426	4750.53877777778	4899.816555555555	6.45188	0.856421	4153898	0	0	0	6	0	0	0	0	0.000524	0.0	0.0	0.0	0.533784	0.0	0.0	0.0	0.0	1236.7	0.0	0.0	0.0	165.378	0.0	0.0	0.0	0.0	0.000298	0.0	0.0	0.0	27.563	0.0	0.0	0.0	0.0	251	0	0	0	0	0	0	0	0	401879	0	0	0	6	0	0	0	0	2659509	0	0	0	0	0	0	0	0	376190	0	0	0	0	0	0	0	0	87758	0	0	0	0	0	0	0	0	628311	0	0	0	0	0	0	0	0	5912.68	0.0	0.0	0.0	0.000703	0.0	0.0	0.0	0.0	1.0	0.0	0.0	0.0	0.0	0.0	0.0	0.0	0.0	
1243	4157208	1425.436928797	4750.53877777778	4874.622111111109	6.43948	0.856165	4157198	0	0	0	6	0	0	0	0	0.000507	0.0	0.0	0.0	0.533784	0.0	0.0	0.0	0.0	1237.7	0.0	0.0	0.0	165.378	0.0	0.0	0.0	0.0	0.000298	0.0	0.0	0.0	27.563	0.0	0.0	0.0	0.0	251	0	0	0	0	0	0	0	0	402039	0	0	0	6	0	0	0	0	2661408	0	0	0	0	0	0	0	0	376794	0	0	0	0	0	0	0	0	87869	0	0	0	0	0	0	0	0	628837	0	0	0	0	0	0	0	0	5719.66	0.0	0.0	0.0	0.000703	0.0	0.0	0.0	0.0	1.0	0.0	0.0	0.0	0.0	0.0	0.0	0.0	0.0	
1244	4160582	1426.436964158	4750.53877777778	4808.233222222221	6.4271	0.855909	4160572	0	0	0	6	0	0	0	0	0.000375	0.0	0.0	0.0	0.533784	0.0	0.0	0.0	0.0	1238.7	0.0	0.0	0.0	165.378	0.0	0.0	0.0	0.0	0.000298	0.0	0.0	0.0	27.563	0.0	0.0	0.0	0.0	251	0	0	0	0	0	0	0	0	402219	0	0	0	6	0	0	0	0	2663421	0	0	0	0	0	0	0	0	377318	0	0	0	0	0	0	0	0	87994	0	0	0	0	0	0	0	0	629369	0	0	0	0	0	0	0	0	4231.27	0.0	0.0	0.0	0.000703	0.0	0.0	0.0	0.0	1.0	0.0	0.0	0.0	0.0	0.0	0.0	0.0	0.0	
1245	4164027	1427.437099017	4750.53877777778	4829.455444444444	6.41474	0.855652	4164017	0	0	0	6	0	0	0	0	6.5e-5	0.0	0.0	0.0	0.533784	0.0	0.0	0.0	0.0	1239.69	0.0	0.0	0.0	165.378	0.0	0.0	0.0	0.0	0.000298	0.0	0.0	0.0	27.563	0.0	0.0	0.0	0.0	251	0	0	0	0	0	0	0	0	402386	0	0	0	6	0	0	0	0	2665463	0	0	0	0	0	0	0	0	377872	0	0	0	0	0	0	0	0	88118	0	0	0	0	0	0	0	0	629927	0	0	0	0	0	0	0	0	734.09	0.0	0.0	0.0	0.000703	0.0	0.0	0.0	0.0	0.999999	0.0	0.0	0.0	1.0e-6	0.0	0.0	0.0	0.0	
1246	4167396	1428.437230421	4750.53877777778	4946.511	6.40241	0.855396	4167386	0	0	0	6	0	0	0	0	3.3e-5	0.0	0.0	0.0	0.533784	0.0	0.0	0.0	0.0	1240.69	0.0	0.0	0.0	165.378	0.0	0.0	0.0	0.0	0.000298	0.0	0.0	0.0	27.563	0.0	0.0	0.0	0.0	251	0	0	0	0	0	0	0	0	402548	0	0	0	6	0	0	0	0	2667429	0	0	0	0	0	0	0	0	378452	0	0	0	0	0	0	0	0	88203	0	0	0	0	0	0	0	0	630503	0	0	0	0	0	0	0	0	369.956	0.0	0.0	0.0	0.000703	0.0	0.0	0.0	0.0	0.999998	0.0	0.0	0.0	2.0e-6	0.0	0.0	0.0	0.0	
1247	4170746	1429.437244899	4750.53877777778	4926.094333333333	6.3901	0.855138	4170736	0	0	0	6	0	0	0	0	0.000318	0.0	0.0	0.0	0.533784	0.0	0.0	0.0	0.0	1241.69	0.0	0.0	0.0	165.378	0.0	0.0	0.0	0.0	0.000298	0.0	0.0	0.0	27.563	0.0	0.0	0.0	0.0	251	0	0	0	0	0	0	0	0	402728	0	0	0	6	0	0	0	0	2669476	0	0	0	0	0	0	0	0	379004	0	0	0	0	0	0	0	0	88302	0	0	0	0	0	0	0	0	630975	0	0	0	0	0	0	0	0	3592.73	0.0	0.0	0.0	0.000703	0.0	0.0	0.0	0.0	1.0	0.0	0.0	0.0	0.0	0.0	0.0	0.0	0.0	
1248	4174026	1430.437372966	4750.53877777778	4972.122111111111	6.37781	0.854881	4174016	0	0	0	6	0	0	0	0	0.000488	0.0	0.0	0.0	0.533784	0.0	0.0	0.0	0.0	1242.69	0.0	0.0	0.0	165.378	0.0	0.0	0.0	0.0	0.000298	0.0	0.0	0.0	27.563	0.0	0.0	0.0	0.0	251	0	0	0	0	0	0	0	0	402893	0	0	0	6	0	0	0	0	2671476	0	0	0	0	0	0	0	0	379533	0	0	0	0	0	0	0	0	88409	0	0	0	0	0	0	0	0	631454	0	0	0	0	0	0	0	0	5503.87	0.0	0.0	0.0	0.000703	0.0	0.0	0.0	0.0	1.0	0.0	0.0	0.0	0.0	0.0	0.0	0.0	0.0	
1249	4177343	1431.437490315	4750.53877777778	4950.816555555555	6.36555	0.854622	4177333	0	0	0	6	0	0	0	0	0.00053	0.0	0.0	0.0	0.533784	0.0	0.0	0.0	0.0	1243.69	0.0	0.0	0.0	165.378	0.0	0.0	0.0	0.0	0.000298	0.0	0.0	0.0	27.563	0.0	0.0	0.0	0.0	251	0	0	0	0	0	0	0	0	403076	0	0	0	6	0	0	0	0	2673561	0	0	0	0	0	0	0	0	380081	0	0	0	0	0	0	0	0	88472	0	0	0	0	0	0	0	0	631892	0	0	0	0	0	0	0	0	5984.41	0.0	0.0	0.0	0.000703	0.0	0.0	0.0	0.0	1.0	0.0	0.0	0.0	0.0	0.0	0.0	0.0	0.0	
1250	4180737	1432.437678433	4750.53877777778	4933.122111111109	6.35332	0.854364	4180727	0	0	0	6	0	0	0	0	0.000174	0.0	0.0	0.0	0.533784	0.0	0.0	0.0	0.0	1244.69	0.0	0.0	0.0	165.378	0.0	0.0	0.0	0.0	0.000298	0.0	0.0	0.0	27.563	0.0	0.0	0.0	0.0	251	0	0	0	0	0	0	0	0	403239	0	0	0	6	0	0	0	0	2675445	0	0	0	0	0	0	0	0	380766	0	0	0	0	0	0	0	0	88552	0	0	0	0	0	0	0	0	632474	0	0	0	0	0	0	0	0	1965.82	0.0	0.0	0.0	0.000703	0.0	0.0	0.0	0.0	1.0	0.0	0.0	0.0	0.0	0.0	0.0	0.0	0.0	
1251	4184149	1433.438835693	4750.53877777778	4958.205444444444	6.34122	0.854107	4184139	0	0	0	6	0	0	0	0	0.000448	0.0	0.0	0.0	0.533784	0.0	0.0	0.0	0.0	1245.69	0.0	0.0	0.0	165.378	0.0	0.0	0.0	0.0	0.000298	0.0	0.0	0.0	27.563	0.0	0.0	0.0	0.0	251	0	0	0	0	0	0	0	0	403410	0	0	0	6	0	0	0	0	2677441	0	0	0	0	0	0	0	0	381423	0	0	0	0	0	0	0	0	88587	0	0	0	0	0	0	0	0	633027	0	0	0	0	0	0	0	0	5050.63	0.0	0.0	0.0	0.000703	0.0	0.0	0.0	0.0	1.0	0.0	0.0	0.0	0.0	0.0	0.0	0.0	0.0	
1252	4187550	1434.4389612	4750.53877777778	4839.149888888887	6.3289	0.853845	4187540	0	0	0	6	0	0	0	0	0.00031	0.0	0.0	0.0	0.533784	0.0	0.0	0.0	0.0	1246.69	0.0	0.0	0.0	165.378	0.0	0.0	0.0	0.0	0.000298	0.0	0.0	0.0	27.563	0.0	0.0	0.0	0.0	251	0	0	0	0	0	0	0	0	403592	0	0	0	6	0	0	0	0	2679374	0	0	0	0	0	0	0	0	382098	0	0	0	0	0	0	0	0	88649	0	0	0	0	0	0	0	0	633576	0	0	0	0	0	0	0	0	3499.06	0.0	0.0	0.0	0.000703	0.0	0.0	0.0	0.0	1.0	0.0	0.0	0.0	0.0	0.0	0.0	0.0	0.0	
1253	4190853	1435.439179716	4750.53877777778	4936.677666666665	6.31673	0.853585	4190843	0	0	0	6	0	0	0	0	0.000149	0.0	0.0	0.0	0.533784	0.0	0.0	0.0	0.0	1247.68	0.0	0.0	0.0	165.378	0.0	0.0	0.0	0.0	0.000298	0.0	0.0	0.0	27.563	0.0	0.0	0.0	0.0	251	0	0	0	0	0	0	0	0	403762	0	0	0	6	0	0	0	0	2681227	0	0	0	0	0	0	0	0	382753	0	0	0	0	0	0	0	0	88698	0	0	0	0	0	0	0	0	634152	0	0	0	0	0	0	0	0	1685.52	0.0	0.0	0.0	0.000703	0.0	0.0	0.0	0.0	1.0	0.0	0.0	0.0	0.0	0.0	0.0	0.0	0.0	
1254	4194181	1436.439313521	4750.53877777778	4886.566555555553	6.30459	0.853325	4194171	0	0	0	6	0	0	0	0	0.000241	0.0	0.0	0.0	0.533784	0.0	0.0	0.0	0.0	1248.68	0.0	0.0	0.0	165.378	0.0	0.0	0.0	0.0	0.000298	0.0	0.0	0.0	27.563	0.0	0.0	0.0	0.0	251	0	0	0	0	0	0	0	0	403956	0	0	0	6	0	0	0	0	2683107	0	0	0	0	0	0	0	0	383435	0	0	0	0	0	0	0	0	88772	0	0	0	0	0	0	0	0	634650	0	0	0	0	0	0	0	0	2722.25	0.0	0.0	0.0	0.000703	0.0	0.0	0.0	0.0	1.0	0.0	0.0	0.0	0.0	0.0	0.0	0.0	0.0	
1255	4197461	1437.439773958	4750.53877777778	4773.760999999995	6.29246	0.853064	4197451	0	0	0	6	0	0	0	0	0.000493	0.0	0.0	0.0	0.533784	0.0	0.0	0.0	0.0	1249.68	0.0	0.0	0.0	165.378	0.0	0.0	0.0	0.0	0.000298	0.0	0.0	0.0	27.563	0.0	0.0	0.0	0.0	251	0	0	0	0	0	0	0	0	404113	0	0	0	6	0	0	0	0	2685089	0	0	0	0	0	0	0	0	384075	0	0	0	0	0	0	0	0	88833	0	0	0	0	0	0	0	0	635090	0	0	0	0	0	0	0	0	5564.33	0.0	0.0	0.0	0.000703	0.0	0.0	0.0	0.0	1.0	0.0	0.0	0.0	0.0	0.0	0.0	0.0	0.0	
1256	4200783	1438.440063548	4700.927666666661	4799.455444444439	6.28036	0.852803	4200773	0	0	0	6	0	0	0	0	0.000174	0.0	0.0	0.0	0.533784	0.0	0.0	0.0	0.0	1250.68	0.0	0.0	0.0	165.378	0.0	0.0	0.0	0.0	0.000298	0.0	0.0	0.0	27.563	0.0	0.0	0.0	0.0	258	0	0	0	0	0	0	0	0	404277	0	0	0	6	0	0	0	0	2687102	0	0	0	0	0	0	0	0	384718	0	0	0	0	0	0	0	0	88882	0	0	0	0	0	0	0	0	635536	0	0	0	0	0	0	0	0	1964.93	0.0	0.0	0.0	0.000703	0.0	0.0	0.0	0.0	1.0	0.0	0.0	0.0	0.0	0.0	0.0	0.0	0.0	
1257	4204059	1439.440182061	4700.927666666661	4844.038777777772	6.26829	0.852542	4204049	0	0	0	6	0	0	0	0	0.000112	0.0	0.0	0.0	0.533784	0.0	0.0	0.0	0.0	1251.68	0.0	0.0	0.0	165.378	0.0	0.0	0.0	0.0	0.000298	0.0	0.0	0.0	27.563	0.0	0.0	0.0	0.0	258	0	0	0	0	0	0	0	0	404448	0	0	0	6	0	0	0	0	2689144	0	0	0	0	0	0	0	0	385355	0	0	0	0	0	0	0	0	88935	0	0	0	0	0	0	0	0	635909	0	0	0	0	0	0	0	0	1258.53	0.0	0.0	0.0	0.000703	0.0	0.0	0.0	0.0	0.999999	0.0	0.0	0.0	1.0e-6	0.0	0.0	0.0	0.0	
1258	4207360	1440.440321323	4700.927666666661	4770.510999999994	6.25624	0.85228	4207350	0	0	0	6	0	0	0	0	4.6e-5	0.0	0.0	0.0	0.533784	0.0	0.0	0.0	0.0	1252.68	0.0	0.0	0.0	165.378	0.0	0.0	0.0	0.0	0.000298	0.0	0.0	0.0	27.563	0.0	0.0	0.0	0.0	258	0	0	0	0	0	0	0	0	404624	0	0	0	6	0	0	0	0	2691087	0	0	0	0	0	0	0	0	386045	0	0	0	0	0	0	0	0	89002	0	0	0	0	0	0	0	0	636334	0	0	0	0	0	0	0	0	516.953	0.0	0.0	0.0	0.000703	0.0	0.0	0.0	0.0	0.999999	0.0	0.0	0.0	1.0e-6	0.0	0.0	0.0	0.0	
1259	4210617	1441.440401673	4700.927666666661	4814.7887777777705	6.24421	0.852017	4210607	0	0	0	6	0	0	0	0	8.4e-5	0.0	0.0	0.0	0.533784	0.0	0.0	0.0	0.0	1253.68	0.0	0.0	0.0	165.378	0.0	0.0	0.0	0.0	0.000298	0.0	0.0	0.0	27.563	0.0	0.0	0.0	0.0	258	0	0	0	0	0	0	0	0	404771	0	0	0	6	0	0	0	0	2693041	0	0	0	0	0	0	0	0	386742	0	0	0	0	0	0	0	0	89074	0	0	0	0	0	0	0	0	636721	0	0	0	0	0	0	0	0	947.129	0.0	0.0	0.0	0.000703	0.0	0.0	0.0	0.0	0.999999	0.0	0.0	0.0	1.0e-6	0.0	0.0	0.0	0.0	
1260	4213986	1442.440457976	4700.927666666661	4876.594333333328	6.23221	0.851755	4213976	0	0	0	6	0	0	0	0	0.000603	0.0	0.0	0.0	0.533784	0.0	0.0	0.0	0.0	1254.68	0.0	0.0	0.0	165.378	0.0	0.0	0.0	0.0	0.000298	0.0	0.0	0.0	27.563	0.0	0.0	0.0	0.0	258	0	0	0	0	0	0	0	0	404941	0	0	0	6	0	0	0	0	2695057	0	0	0	0	0	0	0	0	387433	0	0	0	0	0	0	0	0	89118	0	0	0	0	0	0	0	0	637169	0	0	0	0	0	0	0	0	6803.97	0.0	0.0	0.0	0.000703	0.0	0.0	0.0	0.0	1.0	0.0	0.0	0.0	0.0	0.0	0.0	0.0	0.0	
1261	4217272	1443.441000797	4700.927666666661	4810.9554444444375	6.22035	0.851494	4217262	0	0	0	6	0	0	0	0	0.000555	0.0	0.0	0.0	0.533784	0.0	0.0	0.0	0.0	1255.68	0.0	0.0	0.0	165.378	0.0	0.0	0.0	0.0	0.000298	0.0	0.0	0.0	27.563	0.0	0.0	0.0	0.0	258	0	0	0	0	0	0	0	0	405115	0	0	0	6	0	0	0	0	2696971	0	0	0	0	0	0	0	0	388057	0	0	0	0	0	0	0	0	89171	0	0	0	0	0	0	0	0	637690	0	0	0	0	0	0	0	0	6262.37	0.0	0.0	0.0	0.000703	0.0	0.0	0.0	0.0	1.0	0.0	0.0	0.0	0.0	0.0	0.0	0.0	0.0	
1262	4220646	1444.441027404	4700.622111111105	4773.010999999995	6.20826	0.851228	4220636	0	0	0	6	0	0	0	0	0.000267	0.0	0.0	0.0	0.533784	0.0	0.0	0.0	0.0	1256.67	0.0	0.0	0.0	165.378	0.0	0.0	0.0	0.0	0.000298	0.0	0.0	0.0	27.563	0.0	0.0	0.0	0.0	259	0	0	0	0	0	0	0	0	405269	0	0	0	6	0	0	0	0	2698881	0	0	0	0	0	0	0	0	388669	0	0	0	0	0	0	0	0	89266	0	0	0	0	0	0	0	0	638292	0	0	0	0	0	0	0	0	3014.56	0.0	0.0	0.0	0.000703	0.0	0.0	0.0	0.0	1.0	0.0	0.0	0.0	0.0	0.0	0.0	0.0	0.0	
1263	4223979	1445.441246491	4699.149888888885	4761.094333333327	6.19632	0.850964	4223969	0	0	0	6	0	0	0	0	0.000579	0.0	0.0	0.0	0.533784	0.0	0.0	0.0	0.0	1257.67	0.0	0.0	0.0	165.378	0.0	0.0	0.0	0.0	0.000298	0.0	0.0	0.0	27.563	0.0	0.0	0.0	0.0	260	0	0	0	0	0	0	0	0	405419	0	0	0	6	0	0	0	0	2700809	0	0	0	0	0	0	0	0	389306	0	0	0	0	0	0	0	0	89343	0	0	0	0	0	0	0	0	638832	0	0	0	0	0	0	0	0	6535.72	0.0	0.0	0.0	0.000703	0.0	0.0	0.0	0.0	1.0	0.0	0.0	0.0	0.0	0.0	0.0	0.0	0.0	
1264	4227311	1446.448617832	4699.149888888885	4760.7887777777705	6.18443	0.850699	4227301	0	0	0	6	0	0	0	0	0.000223	0.0	0.0	0.0	0.533784	0.0	0.0	0.0	0.0	1258.68	0.0	0.0	0.0	165.378	0.0	0.0	0.0	0.0	0.000298	0.0	0.0	0.0	27.563	0.0	0.0	0.0	0.0	260	0	0	0	0	0	0	0	0	405572	0	0	0	6	0	0	0	0	2702747	0	0	0	0	0	0	0	0	389939	0	0	0	0	0	0	0	0	89419	0	0	0	0	0	0	0	0	639364	0	0	0	0	0	0	0	0	2518.6	0.0	0.0	0.0	0.000703	0.0	0.0	0.0	0.0	1.0	0.0	0.0	0.0	0.0	0.0	0.0	0.0	0.0	
1265	4230653	1447.458957745	4693.344333333328	4756.927666666661	6.17244	0.850432	4230643	0	0	0	6	0	0	0	0	0.000382	0.0	0.0	0.0	0.533784	0.0	0.0	0.0	0.0	1259.69	0.0	0.0	0.0	165.378	0.0	0.0	0.0	0.0	0.000298	0.0	0.0	0.0	27.563	0.0	0.0	0.0	0.0	263	0	0	0	0	0	0	0	0	405721	0	0	0	6	0	0	0	0	2704688	0	0	0	0	0	0	0	0	390589	0	0	0	0	0	0	0	0	89512	0	0	0	0	0	0	0	0	639870	0	0	0	0	0	0	0	0	4312.78	0.0	0.0	0.0	0.000703	0.0	0.0	0.0	0.0	1.0	0.0	0.0	0.0	0.0	0.0	0.0	0.0	0.0	
1266	4233955	1448.459125598	4693.344333333328	4752.594333333326	6.16045	0.850164	4233945	0	0	0	6	0	0	0	0	0.000474	0.0	0.0	0.0	0.533784	0.0	0.0	0.0	0.0	1260.69	0.0	0.0	0.0	165.378	0.0	0.0	0.0	0.0	0.000298	0.0	0.0	0.0	27.563	0.0	0.0	0.0	0.0	263	0	0	0	0	0	0	0	0	405897	0	0	0	6	0	0	0	0	2706630	0	0	0	0	0	0	0	0	391170	0	0	0	0	0	0	0	0	89616	0	0	0	0	0	0	0	0	640369	0	0	0	0	0	0	0	0	5351.58	0.0	0.0	0.0	0.000703	0.0	0.0	0.0	0.0	1.0	0.0	0.0	0.0	0.0	0.0	0.0	0.0	0.0	
1267	4237344	1449.459319674	4693.344333333328	4887.510999999992	6.1486	0.849898	4237334	0	0	0	6	0	0	0	0	0.000419	0.0	0.0	0.0	0.533784	0.0	0.0	0.0	0.0	1261.68	0.0	0.0	0.0	165.378	0.0	0.0	0.0	0.0	0.000298	0.0	0.0	0.0	27.563	0.0	0.0	0.0	0.0	263	0	0	0	0	0	0	0	0	406063	0	0	0	6	0	0	0	0	2708632	0	0	0	0	0	0	0	0	391786	0	0	0	0	0	0	0	0	89681	0	0	0	0	0	0	0	0	640909	0	0	0	0	0	0	0	0	4730.33	0.0	0.0	0.0	0.000703	0.0	0.0	0.0	0.0	1.0	0.0	0.0	0.0	0.0	0.0	0.0	0.0	0.0	
1268	4240653	1450.459558568	4693.344333333328	4806.149888888881	6.13678	0.849632	4240643	0	0	0	6	0	0	0	0	0.000401	0.0	0.0	0.0	0.533784	0.0	0.0	0.0	0.0	1262.68	0.0	0.0	0.0	165.378	0.0	0.0	0.0	0.0	0.000298	0.0	0.0	0.0	27.563	0.0	0.0	0.0	0.0	263	0	0	0	0	0	0	0	0	406238	0	0	0	6	0	0	0	0	2710663	0	0	0	0	0	0	0	0	392363	0	0	0	0	0	0	0	0	89738	0	0	0	0	0	0	0	0	641378	0	0	0	0	0	0	0	0	4520.74	0.0	0.0	0.0	0.000703	0.0	0.0	0.0	0.0	1.0	0.0	0.0	0.0	0.0	0.0	0.0	0.0	0.0	
1269	4243922	1451.459582407	4693.344333333328	4825.4554444444375	6.12499	0.849365	4243912	0	0	0	6	0	0	0	0	0.000339	0.0	0.0	0.0	0.533784	0.0	0.0	0.0	0.0	1263.68	0.0	0.0	0.0	165.378	0.0	0.0	0.0	0.0	0.000298	0.0	0.0	0.0	27.563	0.0	0.0	0.0	0.0	263	0	0	0	0	0	0	0	0	406430	0	0	0	6	0	0	0	0	2712633	0	0	0	0	0	0	0	0	392985	0	0	0	0	0	0	0	0	89799	0	0	0	0	0	0	0	0	641802	0	0	0	0	0	0	0	0	3828.36	0.0	0.0	0.0	0.000703	0.0	0.0	0.0	0.0	1.0	0.0	0.0	0.0	0.0	0.0	0.0	0.0	0.0	
1270	4247289	1452.459664814	4693.344333333328	4822.760999999991	6.11321	0.849098	4247279	0	0	0	6	0	0	0	0	0.000374	0.0	0.0	0.0	0.533784	0.0	0.0	0.0	0.0	1264.68	0.0	0.0	0.0	165.378	0.0	0.0	0.0	0.0	0.000298	0.0	0.0	0.0	27.563	0.0	0.0	0.0	0.0	263	0	0	0	0	0	0	0	0	406615	0	0	0	6	0	0	0	0	2714698	0	0	0	0	0	0	0	0	393560	0	0	0	0	0	0	0	0	89889	0	0	0	0	0	0	0	0	642254	0	0	0	0	0	0	0	0	4218.2	0.0	0.0	0.0	0.000703	0.0	0.0	0.0	0.0	1.0	0.0	0.0	0.0	0.0	0.0	0.0	0.0	0.0	
1271	4250700	1453.467130616	4693.344333333328	4866.760999999991	6.1015	0.848832	4250690	0	0	0	6	0	0	0	0	3.6e-5	0.0	0.0	0.0	0.533784	0.0	0.0	0.0	0.0	1265.69	0.0	0.0	0.0	165.378	0.0	0.0	0.0	0.0	0.000298	0.0	0.0	0.0	27.563	0.0	0.0	0.0	0.0	263	0	0	0	0	0	0	0	0	406789	0	0	0	6	0	0	0	0	2716666	0	0	0	0	0	0	0	0	394182	0	0	0	0	0	0	0	0	89986	0	0	0	0	0	0	0	0	642804	0	0	0	0	0	0	0	0	402.557	0.0	0.0	0.0	0.000703	0.0	0.0	0.0	0.0	0.999998	0.0	0.0	0.0	2.0e-6	0.0	0.0	0.0	0.0	
1272	4254049	1454.470437931	4693.344333333328	4751.649888888878	6.0897	0.848562	4254039	0	0	0	6	0	0	0	0	0.00043	0.0	0.0	0.0	0.533784	0.0	0.0	0.0	0.0	1266.69	0.0	0.0	0.0	165.378	0.0	0.0	0.0	0.0	0.000298	0.0	0.0	0.0	27.563	0.0	0.0	0.0	0.0	263	0	0	0	0	0	0	0	0	406961	0	0	0	6	0	0	0	0	2718646	0	0	0	0	0	0	0	0	394729	0	0	0	0	0	0	0	0	90077	0	0	0	0	0	0	0	0	643363	0	0	0	0	0	0	0	0	4848.2	0.0	0.0	0.0	0.000703	0.0	0.0	0.0	0.0	1.0	0.0	0.0	0.0	0.0	0.0	0.0	0.0	0.0	
1273	4257396	1455.47060173	4675.955444444433	4701.3721111111	6.0779	0.848292	4257386	0	0	0	6	0	0	0	0	0.000233	0.0	0.0	0.0	0.533784	0.0	0.0	0.0	0.0	1267.69	0.0	0.0	0.0	165.378	0.0	0.0	0.0	0.0	0.000298	0.0	0.0	0.0	27.563	0.0	0.0	0.0	0.0	270	0	0	0	0	0	0	0	0	407112	0	0	0	6	0	0	0	0	2720648	0	0	0	0	0	0	0	0	395334	0	0	0	0	0	0	0	0	90140	0	0	0	0	0	0	0	0	643882	0	0	0	0	0	0	0	0	2624.9	0.0	0.0	0.0	0.000703	0.0	0.0	0.0	0.0	1.0	0.0	0.0	0.0	0.0	0.0	0.0	0.0	0.0	
1274	4260674	1456.470909705	4675.955444444433	4776.955444444431	6.06621	0.848023	4260664	0	0	0	6	0	0	0	0	0.000123	0.0	0.0	0.0	0.533784	0.0	0.0	0.0	0.0	1268.69	0.0	0.0	0.0	165.378	0.0	0.0	0.0	0.0	0.000298	0.0	0.0	0.0	27.563	0.0	0.0	0.0	0.0	270	0	0	0	0	0	0	0	0	407273	0	0	0	6	0	0	0	0	2722670	0	0	0	0	0	0	0	0	395900	0	0	0	0	0	0	0	0	90206	0	0	0	0	0	0	0	0	644345	0	0	0	0	0	0	0	0	1386.2	0.0	0.0	0.0	0.000703	0.0	0.0	0.0	0.0	0.999999	0.0	0.0	0.0	1.0e-6	0.0	0.0	0.0	0.0	
1275	4264005	1457.47127373	4675.955444444433	4746.427666666656	6.05454	0.847754	4263995	0	0	0	6	0	0	0	0	0.000235	0.0	0.0	0.0	0.533784	0.0	0.0	0.0	0.0	1269.68	0.0	0.0	0.0	165.378	0.0	0.0	0.0	0.0	0.000298	0.0	0.0	0.0	27.563	0.0	0.0	0.0	0.0	270	0	0	0	0	0	0	0	0	407419	0	0	0	6	0	0	0	0	2724629	0	0	0	0	0	0	0	0	396520	0	0	0	0	0	0	0	0	90283	0	0	0	0	0	0	0	0	644874	0	0	0	0	0	0	0	0	2653.99	0.0	0.0	0.0	0.000703	0.0	0.0	0.0	0.0	1.0	0.0	0.0	0.0	0.0	0.0	0.0	0.0	0.0	
1276	4267316	1458.471479002	4657.760999999988	4705.955444444432	6.0429	0.847484	4267306	0	0	0	6	0	0	0	0	0.000125	0.0	0.0	0.0	0.533784	0.0	0.0	0.0	0.0	1270.68	0.0	0.0	0.0	165.378	0.0	0.0	0.0	0.0	0.000298	0.0	0.0	0.0	27.563	0.0	0.0	0.0	0.0	272	0	0	0	0	0	0	0	0	407571	0	0	0	6	0	0	0	0	2726545	0	0	0	0	0	0	0	0	397117	0	0	0	0	0	0	0	0	90348	0	0	0	0	0	0	0	0	645453	0	0	0	0	0	0	0	0	1410.62	0.0	0.0	0.0	0.000703	0.0	0.0	0.0	0.0	1.0	0.0	0.0	0.0	0.0	0.0	0.0	0.0	0.0	
1277	4270673	1459.471680278	4657.760999999988	4787.45544444443	6.03128	0.847214	4270663	0	0	0	6	0	0	0	0	0.000414	0.0	0.0	0.0	0.533784	0.0	0.0	0.0	0.0	1271.68	0.0	0.0	0.0	165.378	0.0	0.0	0.0	0.0	0.000298	0.0	0.0	0.0	27.563	0.0	0.0	0.0	0.0	272	0	0	0	0	0	0	0	0	407710	0	0	0	6	0	0	0	0	2728557	0	0	0	0	0	0	0	0	397719	0	0	0	0	0	0	0	0	90432	0	0	0	0	0	0	0	0	645973	0	0	0	0	0	0	0	0	4667.27	0.0	0.0	0.0	0.000703	0.0	0.0	0.0	0.0	1.0	0.0	0.0	0.0	0.0	0.0	0.0	0.0	0.0	
1278	4273990	1460.471949988	4657.760999999988	4788.288777777763	6.01969	0.846943	4273980	0	0	0	6	0	0	0	0	0.000261	0.0	0.0	0.0	0.533784	0.0	0.0	0.0	0.0	1272.68	0.0	0.0	0.0	165.378	0.0	0.0	0.0	0.0	0.000298	0.0	0.0	0.0	27.563	0.0	0.0	0.0	0.0	272	0	0	0	0	0	0	0	0	407874	0	0	0	6	0	0	0	0	2730563	0	0	0	0	0	0	0	0	398273	0	0	0	0	0	0	0	0	90525	0	0	0	0	0	0	0	0	646473	0	0	0	0	0	0	0	0	2940.93	0.0	0.0	0.0	0.000703	0.0	0.0	0.0	0.0	1.0	0.0	0.0	0.0	0.0	0.0	0.0	0.0	0.0	
1279	4277307	1461.471972664	4657.760999999988	4782.122111111096	6.00812	0.846672	4277297	0	0	0	6	0	0	0	0	9.2e-5	0.0	0.0	0.0	0.533784	0.0	0.0	0.0	0.0	1273.68	0.0	0.0	0.0	165.378	0.0	0.0	0.0	0.0	0.000298	0.0	0.0	0.0	27.563	0.0	0.0	0.0	0.0	272	0	0	0	0	0	0	0	0	408035	0	0	0	6	0	0	0	0	2732608	0	0	0	0	0	0	0	0	398853	0	0	0	0	0	0	0	0	90617	0	0	0	0	0	0	0	0	646912	0	0	0	0	0	0	0	0	1041.73	0.0	0.0	0.0	0.000703	0.0	0.0	0.0	0.0	0.999999	0.0	0.0	0.0	1.0e-6	0.0	0.0	0.0	0.0	
1280	4280615	1462.472011734	4657.760999999988	4730.010999999984	5.99656	0.846401	4280605	0	0	0	6	0	0	0	0	0.00027	0.0	0.0	0.0	0.533784	0.0	0.0	0.0	0.0	1274.68	0.0	0.0	0.0	165.378	0.0	0.0	0.0	0.0	0.000298	0.0	0.0	0.0	27.563	0.0	0.0	0.0	0.0	272	0	0	0	0	0	0	0	0	408197	0	0	0	6	0	0	0	0	2734619	0	0	0	0	0	0	0	0	399480	0	0	0	0	0	0	0	0	90720	0	0	0	0	0	0	0	0	647317	0	0	0	0	0	0	0	0	3040.24	0.0	0.0	0.0	0.000703	0.0	0.0	0.0	0.0	1.0	0.0	0.0	0.0	0.0	0.0	0.0	0.0	0.0	
1281	4283889	1463.47215017	4657.760999999988	4722.233222222206	5.98504	0.846129	4283879	0	0	0	6	0	0	0	0	0.000238	0.0	0.0	0.0	0.533784	0.0	0.0	0.0	0.0	1275.68	0.0	0.0	0.0	165.378	0.0	0.0	0.0	0.0	0.000298	0.0	0.0	0.0	27.563	0.0	0.0	0.0	0.0	272	0	0	0	0	0	0	0	0	408344	0	0	0	6	0	0	0	0	2736589	0	0	0	0	0	0	0	0	400128	0	0	0	0	0	0	0	0	90811	0	0	0	0	0	0	0	0	647735	0	0	0	0	0	0	0	0	2681.77	0.0	0.0	0.0	0.000703	0.0	0.0	0.0	0.0	1.0	0.0	0.0	0.0	0.0	0.0	0.0	0.0	0.0	
1282	4287168	1464.472424972	4657.760999999988	4755.094333333317	5.97353	0.845857	4287158	0	0	0	6	0	0	0	0	0.000421	0.0	0.0	0.0	0.533784	0.0	0.0	0.0	0.0	1276.68	0.0	0.0	0.0	165.378	0.0	0.0	0.0	0.0	0.000298	0.0	0.0	0.0	27.563	0.0	0.0	0.0	0.0	272	0	0	0	0	0	0	0	0	408500	0	0	0	6	0	0	0	0	2738510	0	0	0	0	0	0	0	0	400800	0	0	0	0	0	0	0	0	90918	0	0	0	0	0	0	0	0	648158	0	0	0	0	0	0	0	0	4751.74	0.0	0.0	0.0	0.000703	0.0	0.0	0.0	0.0	1.0	0.0	0.0	0.0	0.0	0.0	0.0	0.0	0.0	
1283	4290442	1465.472655445	4657.760999999988	4744.010999999986	5.96204	0.845584	4290432	0	0	0	6	0	0	0	0	0.000385	0.0	0.0	0.0	0.533784	0.0	0.0	0.0	0.0	1277.67	0.0	0.0	0.0	165.378	0.0	0.0	0.0	0.0	0.000298	0.0	0.0	0.0	27.563	0.0	0.0	0.0	0.0	272	0	0	0	0	0	0	0	0	408684	0	0	0	6	0	0	0	0	2740498	0	0	0	0	0	0	0	0	401408	0	0	0	0	0	0	0	0	90995	0	0	0	0	0	0	0	0	648575	0	0	0	0	0	0	0	0	4344.75	0.0	0.0	0.0	0.000703	0.0	0.0	0.0	0.0	1.0	0.0	0.0	0.0	0.0	0.0	0.0	0.0	0.0	
1284	4293729	1466.472996085	4657.760999999988	4774.538777777763	5.95058	0.845311	4293719	0	0	0	6	0	0	0	0	0.000204	0.0	0.0	0.0	0.533784	0.0	0.0	0.0	0.0	1278.67	0.0	0.0	0.0	165.378	0.0	0.0	0.0	0.0	0.000298	0.0	0.0	0.0	27.563	0.0	0.0	0.0	0.0	272	0	0	0	0	0	0	0	0	408843	0	0	0	6	0	0	0	0	2742491	0	0	0	0	0	0	0	0	402019	0	0	0	0	0	0	0	0	91103	0	0	0	0	0	0	0	0	648991	0	0	0	0	0	0	0	0	2294.65	0.0	0.0	0.0	0.000703	0.0	0.0	0.0	0.0	1.0	0.0	0.0	0.0	0.0	0.0	0.0	0.0	0.0	
1285	4297036	1467.473127944	4657.760999999988	4785.927666666652	5.93914	0.845037	4297026	0	0	0	6	0	0	0	0	0.00015	0.0	0.0	0.0	0.533784	0.0	0.0	0.0	0.0	1279.67	0.0	0.0	0.0	165.378	0.0	0.0	0.0	0.0	0.000298	0.0	0.0	0.0	27.563	0.0	0.0	0.0	0.0	272	0	0	0	0	0	0	0	0	409005	0	0	0	6	0	0	0	0	2744488	0	0	0	0	0	0	0	0	402651	0	0	0	0	0	0	0	0	91209	0	0	0	0	0	0	0	0	649401	0	0	0	0	0	0	0	0	1688.34	0.0	0.0	0.0	0.000703	0.0	0.0	0.0	0.0	1.0	0.0	0.0	0.0	0.0	0.0	0.0	0.0	0.0	
1286	4300448	1468.473342716	4657.760999999988	4785.705444444431	5.92772	0.844763	4300438	0	0	0	6	0	0	0	0	0.000118	0.0	0.0	0.0	0.533784	0.0	0.0	0.0	0.0	1280.67	0.0	0.0	0.0	165.378	0.0	0.0	0.0	0.0	0.000298	0.0	0.0	0.0	27.563	0.0	0.0	0.0	0.0	272	0	0	0	0	0	0	0	0	409163	0	0	0	6	0	0	0	0	2746504	0	0	0	0	0	0	0	0	403338	0	0	0	0	0	0	0	0	91294	0	0	0	0	0	0	0	0	649867	0	0	0	0	0	0	0	0	1334.83	0.0	0.0	0.0	0.000703	0.0	0.0	0.0	0.0	0.999999	0.0	0.0	0.0	1.0e-6	0.0	0.0	0.0	0.0	
1287	4303895	1469.473638498	4657.760999999988	4699.788777777766	5.91632	0.844489	4303885	0	0	0	6	0	0	0	0	0.000227	0.0	0.0	0.0	0.533784	0.0	0.0	0.0	0.0	1281.67	0.0	0.0	0.0	165.378	0.0	0.0	0.0	0.0	0.000298	0.0	0.0	0.0	27.563	0.0	0.0	0.0	0.0	272	0	0	0	0	0	0	0	0	409331	0	0	0	6	0	0	0	0	2748575	0	0	0	0	0	0	0	0	404006	0	0	0	0	0	0	0	0	91393	0	0	0	0	0	0	0	0	650308	0	0	0	0	0	0	0	0	2555.68	0.0	0.0	0.0	0.000703	0.0	0.0	0.0	0.0	1.0	0.0	0.0	0.0	0.0	0.0	0.0	0.0	0.0	
1288	4307124	1470.473663917	4657.760999999988	4758.816555555543	5.90495	0.844214	4307114	0	0	0	6	0	0	0	0	7.4e-5	0.0	0.0	0.0	0.533784	0.0	0.0	0.0	0.0	1282.67	0.0	0.0	0.0	165.378	0.0	0.0	0.0	0.0	0.000298	0.0	0.0	0.0	27.563	0.0	0.0	0.0	0.0	272	0	0	0	0	0	0	0	0	409457	0	0	0	6	0	0	0	0	2750498	0	0	0	0	0	0	0	0	404664	0	0	0	0	0	0	0	0	91495	0	0	0	0	0	0	0	0	650728	0	0	0	0	0	0	0	0	833.613	0.0	0.0	0.0	0.000703	0.0	0.0	0.0	0.0	0.999999	0.0	0.0	0.0	1.0e-6	0.0	0.0	0.0	0.0	
1289	4310452	1471.47887385	4657.760999999988	4767.899888888877	5.89363	0.843939	4310442	0	0	0	6	0	0	0	0	3.9e-5	0.0	0.0	0.0	0.533784	0.0	0.0	0.0	0.0	1283.67	0.0	0.0	0.0	165.378	0.0	0.0	0.0	0.0	0.000298	0.0	0.0	0.0	27.563	0.0	0.0	0.0	0.0	272	0	0	0	0	0	0	0	0	409616	0	0	0	6	0	0	0	0	2752546	0	0	0	0	0	0	0	0	405266	0	0	0	0	0	0	0	0	91559	0	0	0	0	0	0	0	0	651183	0	0	0	0	0	0	0	0	441.856	0.0	0.0	0.0	0.000703	0.0	0.0	0.0	0.0	0.999998	0.0	0.0	0.0	2.0e-6	0.0	0.0	0.0	0.0	
1290	4313784	1472.489951815	4657.760999999988	4786.094333333323	5.88221	0.843661	4313774	0	0	0	6	0	0	0	0	0.000397	0.0	0.0	0.0	0.533784	0.0	0.0	0.0	0.0	1284.68	0.0	0.0	0.0	165.378	0.0	0.0	0.0	0.0	0.000298	0.0	0.0	0.0	27.563	0.0	0.0	0.0	0.0	272	0	0	0	0	0	0	0	0	409782	0	0	0	6	0	0	0	0	2754487	0	0	0	0	0	0	0	0	405912	0	0	0	0	0	0	0	0	91635	0	0	0	0	0	0	0	0	651686	0	0	0	0	0	0	0	0	4472.6	0.0	0.0	0.0	0.000703	0.0	0.0	0.0	0.0	1.0	0.0	0.0	0.0	0.0	0.0	0.0	0.0	0.0	
1291	4317115	1473.492205155	4657.760999999988	4843.14988888888	5.87085	0.843384	4317105	0	0	0	6	0	0	0	0	4.9e-5	0.0	0.0	0.0	0.533784	0.0	0.0	0.0	0.0	1285.68	0.0	0.0	0.0	165.378	0.0	0.0	0.0	0.0	0.000298	0.0	0.0	0.0	27.563	0.0	0.0	0.0	0.0	272	0	0	0	0	0	0	0	0	409926	0	0	0	6	0	0	0	0	2756523	0	0	0	0	0	0	0	0	406529	0	0	0	0	0	0	0	0	91723	0	0	0	0	0	0	0	0	652132	0	0	0	0	0	0	0	0	548.882	0.0	0.0	0.0	0.000703	0.0	0.0	0.0	0.0	0.999999	0.0	0.0	0.0	1.0e-6	0.0	0.0	0.0	0.0	
1292	4320457	1474.492349357	4657.760999999988	4783.955444444433	5.85947	0.843105	4320447	0	0	0	6	0	0	0	0	0.000448	0.0	0.0	0.0	0.533784	0.0	0.0	0.0	0.0	1286.68	0.0	0.0	0.0	165.378	0.0	0.0	0.0	0.0	0.000298	0.0	0.0	0.0	27.563	0.0	0.0	0.0	0.0	272	0	0	0	0	0	0	0	0	410102	0	0	0	6	0	0	0	0	2758484	0	0	0	0	0	0	0	0	407081	0	0	0	0	0	0	0	0	91807	0	0	0	0	0	0	0	0	652701	0	0	0	0	0	0	0	0	5055.24	0.0	0.0	0.0	0.000703	0.0	0.0	0.0	0.0	1.0	0.0	0.0	0.0	0.0	0.0	0.0	0.0	0.0	
1293	4323813	1475.492701846	4657.760999999988	4759.427666666654	5.8482	0.842828	4323803	0	0	0	6	0	0	0	0	0.000406	0.0	0.0	0.0	0.533784	0.0	0.0	0.0	0.0	1287.68	0.0	0.0	0.0	165.378	0.0	0.0	0.0	0.0	0.000298	0.0	0.0	0.0	27.563	0.0	0.0	0.0	0.0	272	0	0	0	0	0	0	0	0	410257	0	0	0	6	0	0	0	0	2760447	0	0	0	0	0	0	0	0	407689	0	0	0	0	0	0	0	0	91868	0	0	0	0	0	0	0	0	653270	0	0	0	0	0	0	0	0	4573.35	0.0	0.0	0.0	0.000703	0.0	0.0	0.0	0.0	1.0	0.0	0.0	0.0	0.0	0.0	0.0	0.0	0.0	
1294	4327082	1476.492864248	4657.760999999988	4802.260999999986	5.83695	0.84255	4327072	0	0	0	6	0	0	0	0	0.000148	0.0	0.0	0.0	0.533784	0.0	0.0	0.0	0.0	1288.68	0.0	0.0	0.0	165.378	0.0	0.0	0.0	0.0	0.000298	0.0	0.0	0.0	27.563	0.0	0.0	0.0	0.0	272	0	0	0	0	0	0	0	0	410412	0	0	0	6	0	0	0	0	2762516	0	0	0	0	0	0	0	0	408251	0	0	0	0	0	0	0	0	91962	0	0	0	0	0	0	0	0	653659	0	0	0	0	0	0	0	0	1666.32	0.0	0.0	0.0	0.000703	0.0	0.0	0.0	0.0	1.0	0.0	0.0	0.0	0.0	0.0	0.0	0.0	0.0	
1295	4330384	1477.49305917	4657.760999999988	4750.5665555555415	5.82573	0.842272	4330374	0	0	0	6	0	0	0	0	3.3e-5	0.0	0.0	0.0	0.533784	0.0	0.0	0.0	0.0	1289.68	0.0	0.0	0.0	165.378	0.0	0.0	0.0	0.0	0.000298	0.0	0.0	0.0	27.563	0.0	0.0	0.0	0.0	272	0	0	0	0	0	0	0	0	410582	0	0	0	6	0	0	0	0	2764503	0	0	0	0	0	0	0	0	408868	0	0	0	0	0	0	0	0	92039	0	0	0	0	0	0	0	0	654110	0	0	0	0	0	0	0	0	373.017	0.0	0.0	0.0	0.000703	0.0	0.0	0.0	0.0	0.999998	0.0	0.0	0.0	2.0e-6	0.0	0.0	0.0	0.0	
1296	4333716	1478.493293784	4657.760999999988	4738.538777777765	5.81453	0.841994	4333706	0	0	0	6	0	0	0	0	0.000345	0.0	0.0	0.0	0.533784	0.0	0.0	0.0	0.0	1290.68	0.0	0.0	0.0	165.378	0.0	0.0	0.0	0.0	0.000298	0.0	0.0	0.0	27.563	0.0	0.0	0.0	0.0	272	0	0	0	0	0	0	0	0	410747	0	0	0	6	0	0	0	0	2766471	0	0	0	0	0	0	0	0	409469	0	0	0	0	0	0	0	0	92107	0	0	0	0	0	0	0	0	654640	0	0	0	0	0	0	0	0	3887.79	0.0	0.0	0.0	0.000703	0.0	0.0	0.0	0.0	1.0	0.0	0.0	0.0	0.0	0.0	0.0	0.0	0.0	
1297	4334182	1503.582984542	4657.760999999988	4678.611	5.81294	0.841954	4334171	0	0	0	7	0	0	0	0	0.0	0.0	0.0	0.0	0.480905	0.0	0.0	0.0	0.0	1290.82	0.0	0.0	0.0	190.326	0.0	0.0	0.0	0.0	0.000298	0.0	0.0	0.0	27.1894	0.0	0.0	0.0	0.0	272	0	0	0	0	0	0	0	0	410759	0	0	0	7	0	0	0	0	2766743	0	0	0	0	0	0	0	0	409569	0	0	0	0	0	0	0	0	92119	0	0	0	0	0	0	0	0	654709	0	0	0	0	0	0	0	0	0.369486	0.0	0.0	0.0	0.000651	0.0	0.0	0.0	0.0	0.998242	0.0	0.0	0.0	0.001758	0.0	0.0	0.0	0.0	
1298	4337566	1504.58299992	4657.760999999988	4721.40766666667	5.52985	0.834572	4337555	0	0	0	7	0	0	0	0	0.000282	0.0	0.0	0.0	0.480905	0.0	0.0	0.0	0.0	1291.82	0.0	0.0	0.0	190.326	0.0	0.0	0.0	0.0	0.000298	0.0	0.0	0.0	27.1894	0.0	0.0	0.0	0.0	272	0	0	0	0	0	0	0	0	410891	0	0	0	7	0	0	0	0	2768651	0	0	0	0	0	0	0	0	410279	0	0	0	0	0	0	0	0	92199	0	0	0	0	0	0	0	0	655263	0	0	0	0	0	0	0	0	3175.66	0.0	0.0	0.0	0.000651	0.0	0.0	0.0	0.0	1.0	0.0	0.0	0.0	0.0	0.0	0.0	0.0	0.0	
1299	4340956	1505.583055335	4657.760999999988	4740.741000000002	5.51921	0.834281	4340945	0	0	0	7	0	0	0	0	0.00039	0.0	0.0	0.0	0.480905	0.0	0.0	0.0	0.0	1292.82	0.0	0.0	0.0	190.326	0.0	0.0	0.0	0.0	0.000298	0.0	0.0	0.0	27.1894	0.0	0.0	0.0	0.0	272	0	0	0	0	0	0	0	0	411047	0	0	0	7	0	0	0	0	2770633	0	0	0	0	0	0	0	0	410937	0	0	0	0	0	0	0	0	92279	0	0	0	0	0	0	0	0	655777	0	0	0	0	0	0	0	0	4399.69	0.0	0.0	0.0	0.000651	0.0	0.0	0.0	0.0	1.0	0.0	0.0	0.0	0.0	0.0	0.0	0.0	0.0	
1300	4344293	1506.583122594	4657.760999999988	4701.713222222224	5.5086	0.83399	4344282	0	0	0	7	0	0	0	0	0.000315	0.0	0.0	0.0	0.480905	0.0	0.0	0.0	0.0	1293.81	0.0	0.0	0.0	190.326	0.0	0.0	0.0	0.0	0.000298	0.0	0.0	0.0	27.1894	0.0	0.0	0.0	0.0	272	0	0	0	0	0	0	0	0	411193	0	0	0	7	0	0	0	0	2772625	0	0	0	0	0	0	0	0	411601	0	0	0	0	0	0	0	0	92348	0	0	0	0	0	0	0	0	656243	0	0	0	0	0	0	0	0	3556.92	0.0	0.0	0.0	0.000651	0.0	0.0	0.0	0.0	1.0	0.0	0.0	0.0	0.0	0.0	0.0	0.0	0.0	
1301	4347670	1507.583141715	4657.760999999988	4686.018777777778	5.49802	0.833698	4347659	0	0	0	7	0	0	0	0	0.000282	0.0	0.0	0.0	0.480905	0.0	0.0	0.0	0.0	1294.81	0.0	0.0	0.0	190.326	0.0	0.0	0.0	0.0	0.000298	0.0	0.0	0.0	27.1894	0.0	0.0	0.0	0.0	272	0	0	0	0	0	0	0	0	411349	0	0	0	7	0	0	0	0	2774624	0	0	0	0	0	0	0	0	412244	0	0	0	0	0	0	0	0	92417	0	0	0	0	0	0	0	0	656753	0	0	0	0	0	0	0	0	3179.37	0.0	0.0	0.0	0.000651	0.0	0.0	0.0	0.0	1.0	0.0	0.0	0.0	0.0	0.0	0.0	0.0	0.0	
1302	4351014	1508.583219203	4655.518777777778	4677.491000000001	5.48745	0.833406	4351003	0	0	0	7	0	0	0	0	0.000181	0.0	0.0	0.0	0.480905	0.0	0.0	0.0	0.0	1295.81	0.0	0.0	0.0	190.326	0.0	0.0	0.0	0.0	0.000298	0.0	0.0	0.0	27.1894	0.0	0.0	0.0	0.0	273	0	0	0	0	0	0	0	0	411501	0	0	0	7	0	0	0	0	2776583	0	0	0	0	0	0	0	0	412876	0	0	0	0	0	0	0	0	92482	0	0	0	0	0	0	0	0	657288	0	0	0	0	0	0	0	0	2037.76	0.0	0.0	0.0	0.000651	0.0	0.0	0.0	0.0	1.0	0.0	0.0	0.0	0.0	0.0	0.0	0.0	0.0	
1303	4354360	1509.58349992	4634.074333333335	4713.935444444446	5.4769	0.833114	4354349	0	0	0	7	0	0	0	0	4.9e-5	0.0	0.0	0.0	0.480905	0.0	0.0	0.0	0.0	1296.81	0.0	0.0	0.0	190.326	0.0	0.0	0.0	0.0	0.000298	0.0	0.0	0.0	27.1894	0.0	0.0	0.0	0.0	281	0	0	0	0	0	0	0	0	411655	0	0	0	7	0	0	0	0	2778607	0	0	0	0	0	0	0	0	413519	0	0	0	0	0	0	0	0	92535	0	0	0	0	0	0	0	0	657752	0	0	0	0	0	0	0	0	551.947	0.0	0.0	0.0	0.000651	0.0	0.0	0.0	0.0	0.999999	0.0	0.0	0.0	1.0e-6	0.0	0.0	0.0	0.0	
1304	4357737	1510.583529463	4634.074333333335	4712.518777777779	5.46637	0.832821	4357726	0	0	0	7	0	0	0	0	0.000161	0.0	0.0	0.0	0.480905	0.0	0.0	0.0	0.0	1297.81	0.0	0.0	0.0	190.326	0.0	0.0	0.0	0.0	0.000298	0.0	0.0	0.0	27.1894	0.0	0.0	0.0	0.0	281	0	0	0	0	0	0	0	0	411815	0	0	0	7	0	0	0	0	2780634	0	0	0	0	0	0	0	0	414113	0	0	0	0	0	0	0	0	92586	0	0	0	0	0	0	0	0	658297	0	0	0	0	0	0	0	0	1818.14	0.0	0.0	0.0	0.000651	0.0	0.0	0.0	0.0	1.0	0.0	0.0	0.0	0.0	0.0	0.0	0.0	0.0	
1305	4361180	1511.585632774	4634.074333333335	4729.241000000001	5.45595	0.83253	4361169	0	0	0	7	0	0	0	0	1.7e-5	0.0	0.0	0.0	0.480905	0.0	0.0	0.0	0.0	1298.81	0.0	0.0	0.0	190.326	0.0	0.0	0.0	0.0	0.000298	0.0	0.0	0.0	27.1894	0.0	0.0	0.0	0.0	281	0	0	0	0	0	0	0	0	411955	0	0	0	7	0	0	0	0	2782671	0	0	0	0	0	0	0	0	414786	0	0	0	0	0	0	0	0	92657	0	0	0	0	0	0	0	0	658819	0	0	0	0	0	0	0	0	187.022	0.0	0.0	0.0	0.000651	0.0	0.0	0.0	0.0	0.999997	0.0	0.0	0.0	3.0e-6	0.0	0.0	0.0	0.0	
1306	4364640	1512.58564461	4634.074333333335	4716.796555555557	5.44535	0.832233	4364629	0	0	0	7	0	0	0	0	0.000382	0.0	0.0	0.0	0.480905	0.0	0.0	0.0	0.0	1299.81	0.0	0.0	0.0	190.326	0.0	0.0	0.0	0.0	0.000298	0.0	0.0	0.0	27.1894	0.0	0.0	0.0	0.0	281	0	0	0	0	0	0	0	0	412116	0	0	0	7	0	0	0	0	2784772	0	0	0	0	0	0	0	0	415522	0	0	0	0	0	0	0	0	92698	0	0	0	0	0	0	0	0	659240	0	0	0	0	0	0	0	0	4307.97	0.0	0.0	0.0	0.000651	0.0	0.0	0.0	0.0	1.0	0.0	0.0	0.0	0.0	0.0	0.0	0.0	0.0	
1307	4368081	1513.593078681	4634.074333333335	4699.768777777779	5.43489	0.831939	4368070	0	0	0	7	0	0	0	0	3.4e-5	0.0	0.0	0.0	0.480905	0.0	0.0	0.0	0.0	1300.81	0.0	0.0	0.0	190.326	0.0	0.0	0.0	0.0	0.000298	0.0	0.0	0.0	27.1894	0.0	0.0	0.0	0.0	281	0	0	0	0	0	0	0	0	412256	0	0	0	7	0	0	0	0	2786784	0	0	0	0	0	0	0	0	416253	0	0	0	0	0	0	0	0	92757	0	0	0	0	0	0	0	0	659739	0	0	0	0	0	0	0	0	380.821	0.0	0.0	0.0	0.000651	0.0	0.0	0.0	0.0	0.999998	0.0	0.0	0.0	2.0e-6	0.0	0.0	0.0	0.0	
1308	4371525	1514.593181805	4634.074333333335	4729.018777777777	5.42436	0.831642	4371514	0	0	0	7	0	0	0	0	0.000375	0.0	0.0	0.0	0.480905	0.0	0.0	0.0	0.0	1301.81	0.0	0.0	0.0	190.326	0.0	0.0	0.0	0.0	0.000298	0.0	0.0	0.0	27.1894	0.0	0.0	0.0	0.0	281	0	0	0	0	0	0	0	0	412399	0	0	0	7	0	0	0	0	2788697	0	0	0	0	0	0	0	0	417027	0	0	0	0	0	0	0	0	92818	0	0	0	0	0	0	0	0	660292	0	0	0	0	0	0	0	0	4224.72	0.0	0.0	0.0	0.000651	0.0	0.0	0.0	0.0	1.0	0.0	0.0	0.0	0.0	0.0	0.0	0.0	0.0	
1309	4374966	1515.599802706	4634.074333333335	4723.296555555554	5.41397	0.831348	4374955	0	0	0	7	0	0	0	0	2.8e-5	0.0	0.0	0.0	0.480905	0.0	0.0	0.0	0.0	1302.82	0.0	0.0	0.0	190.326	0.0	0.0	0.0	0.0	0.000298	0.0	0.0	0.0	27.1894	0.0	0.0	0.0	0.0	281	0	0	0	0	0	0	0	0	412536	0	0	0	7	0	0	0	0	2790728	0	0	0	0	0	0	0	0	417717	0	0	0	0	0	0	0	0	92894	0	0	0	0	0	0	0	0	660799	0	0	0	0	0	0	0	0	314.276	0.0	0.0	0.0	0.000651	0.0	0.0	0.0	0.0	0.999998	0.0	0.0	0.0	2.0e-6	0.0	0.0	0.0	0.0	
1310	4378328	1516.603839214	4634.074333333335	4662.379888888889	5.4035	0.83105	4378317	0	0	0	7	0	0	0	0	0.000285	0.0	0.0	0.0	0.480905	0.0	0.0	0.0	0.0	1303.82	0.0	0.0	0.0	190.326	0.0	0.0	0.0	0.0	0.000298	0.0	0.0	0.0	27.1894	0.0	0.0	0.0	0.0	281	0	0	0	0	0	0	0	0	412678	0	0	0	7	0	0	0	0	2792645	0	0	0	0	0	0	0	0	418407	0	0	0	0	0	0	0	0	92954	0	0	0	0	0	0	0	0	661352	0	0	0	0	0	0	0	0	3218.28	0.0	0.0	0.0	0.000651	0.0	0.0	0.0	0.0	1.0	0.0	0.0	0.0	0.0	0.0	0.0	0.0	0.0	
1311	4381643	1517.604041913	4634.074333333335	4657.990999999998	5.39302	0.830751	4381632	0	0	0	7	0	0	0	0	4.3e-5	0.0	0.0	0.0	0.480905	0.0	0.0	0.0	0.0	1304.82	0.0	0.0	0.0	190.326	0.0	0.0	0.0	0.0	0.000298	0.0	0.0	0.0	27.1894	0.0	0.0	0.0	0.0	281	0	0	0	0	0	0	0	0	412807	0	0	0	7	0	0	0	0	2794526	0	0	0	0	0	0	0	0	419080	0	0	0	0	0	0	0	0	93041	0	0	0	0	0	0	0	0	661897	0	0	0	0	0	0	0	0	479.986	0.0	0.0	0.0	0.000651	0.0	0.0	0.0	0.0	0.999999	0.0	0.0	0.0	1.0e-6	0.0	0.0	0.0	0.0	
1312	4384946	1518.604188887	4634.074333333335	4675.490999999997	5.38265	0.830455	4384935	0	0	0	7	0	0	0	0	0.000355	0.0	0.0	0.0	0.480905	0.0	0.0	0.0	0.0	1305.82	0.0	0.0	0.0	190.326	0.0	0.0	0.0	0.0	0.000298	0.0	0.0	0.0	27.1894	0.0	0.0	0.0	0.0	281	0	0	0	0	0	0	0	0	412957	0	0	0	7	0	0	0	0	2796389	0	0	0	0	0	0	0	0	419751	0	0	0	0	0	0	0	0	93125	0	0	0	0	0	0	0	0	662432	0	0	0	0	0	0	0	0	4006.7	0.0	0.0	0.0	0.000651	0.0	0.0	0.0	0.0	1.0	0.0	0.0	0.0	0.0	0.0	0.0	0.0	0.0	
1313	4388242	1519.604389998	4634.074333333335	4716.407666666666	5.37231	0.830157	4388231	0	0	0	7	0	0	0	0	0.000457	0.0	0.0	0.0	0.480905	0.0	0.0	0.0	0.0	1306.82	0.0	0.0	0.0	190.326	0.0	0.0	0.0	0.0	0.000298	0.0	0.0	0.0	27.1894	0.0	0.0	0.0	0.0	281	0	0	0	0	0	0	0	0	413110	0	0	0	7	0	0	0	0	2798262	0	0	0	0	0	0	0	0	420369	0	0	0	0	0	0	0	0	93232	0	0	0	0	0	0	0	0	662977	0	0	0	0	0	0	0	0	5155.2	0.0	0.0	0.0	0.000651	0.0	0.0	0.0	0.0	1.0	0.0	0.0	0.0	0.0	0.0	0.0	0.0	0.0	
1314	4391505	1520.612224514	4634.074333333335	4763.1021111111095	5.36201	0.829861	4391494	0	0	0	7	0	0	0	0	0.000295	0.0	0.0	0.0	0.480905	0.0	0.0	0.0	0.0	1307.82	0.0	0.0	0.0	190.326	0.0	0.0	0.0	0.0	0.000298	0.0	0.0	0.0	27.1894	0.0	0.0	0.0	0.0	281	0	0	0	0	0	0	0	0	413255	0	0	0	7	0	0	0	0	2800224	0	0	0	0	0	0	0	0	420953	0	0	0	0	0	0	0	0	93339	0	0	0	0	0	0	0	0	663442	0	0	0	0	0	0	0	0	3327.95	0.0	0.0	0.0	0.000651	0.0	0.0	0.0	0.0	1.0	0.0	0.0	0.0	0.0	0.0	0.0	0.0	0.0	
1315	4394793	1521.612516963	4634.074333333335	4696.574333333332	5.35159	0.829559	4394782	0	0	0	7	0	0	0	0	0.000246	0.0	0.0	0.0	0.480905	0.0	0.0	0.0	0.0	1308.82	0.0	0.0	0.0	190.326	0.0	0.0	0.0	0.0	0.000298	0.0	0.0	0.0	27.1894	0.0	0.0	0.0	0.0	281	0	0	0	0	0	0	0	0	413427	0	0	0	7	0	0	0	0	2802192	0	0	0	0	0	0	0	0	421556	0	0	0	0	0	0	0	0	93433	0	0	0	0	0	0	0	0	663893	0	0	0	0	0	0	0	0	2771.51	0.0	0.0	0.0	0.000651	0.0	0.0	0.0	0.0	1.0	0.0	0.0	0.0	0.0	0.0	0.0	0.0	0.0	
1316	4398046	1522.612820491	4634.074333333335	4723.546555555554	5.3413	0.829261	4398035	0	0	0	7	0	0	0	0	0.000608	0.0	0.0	0.0	0.480905	0.0	0.0	0.0	0.0	1309.82	0.0	0.0	0.0	190.326	0.0	0.0	0.0	0.0	0.000298	0.0	0.0	0.0	27.1894	0.0	0.0	0.0	0.0	281	0	0	0	0	0	0	0	0	413604	0	0	0	7	0	0	0	0	2804119	0	0	0	0	0	0	0	0	422200	0	0	0	0	0	0	0	0	93511	0	0	0	0	0	0	0	0	664320	0	0	0	0	0	0	0	0	6850.33	0.0	0.0	0.0	0.000651	0.0	0.0	0.0	0.0	1.0	0.0	0.0	0.0	0.0	0.0	0.0	0.0	0.0	
1317	4401457	1523.612883827	4634.074333333335	4673.490999999999	5.33103	0.828962	4401446	0	0	0	7	0	0	0	0	9.1e-5	0.0	0.0	0.0	0.480905	0.0	0.0	0.0	0.0	1310.82	0.0	0.0	0.0	190.326	0.0	0.0	0.0	0.0	0.000298	0.0	0.0	0.0	27.1894	0.0	0.0	0.0	0.0	281	0	0	0	0	0	0	0	0	413764	0	0	0	7	0	0	0	0	2806176	0	0	0	0	0	0	0	0	422843	0	0	0	0	0	0	0	0	93603	0	0	0	0	0	0	0	0	664779	0	0	0	0	0	0	0	0	1020.66	0.0	0.0	0.0	0.000651	0.0	0.0	0.0	0.0	0.999999	0.0	0.0	0.0	1.0e-6	0.0	0.0	0.0	0.0	
1318	4404904	1524.613090285	4634.074333333335	4736.768777777776	5.32078	0.828662	4404893	0	0	0	7	0	0	0	0	9.5e-5	0.0	0.0	0.0	0.480905	0.0	0.0	0.0	0.0	1311.82	0.0	0.0	0.0	190.326	0.0	0.0	0.0	0.0	0.000298	0.0	0.0	0.0	27.1894	0.0	0.0	0.0	0.0	281	0	0	0	0	0	0	0	0	413891	0	0	0	7	0	0	0	0	2808188	0	0	0	0	0	0	0	0	423505	0	0	0	0	0	0	0	0	93690	0	0	0	0	0	0	0	0	665338	0	0	0	0	0	0	0	0	1067.97	0.0	0.0	0.0	0.000651	0.0	0.0	0.0	0.0	0.999999	0.0	0.0	0.0	1.0e-6	0.0	0.0	0.0	0.0	
1319	4408323	1525.613215667	4628.629888888888	4680.490999999998	5.31055	0.828362	4408312	0	0	0	7	0	0	0	0	0.000329	0.0	0.0	0.0	0.480905	0.0	0.0	0.0	0.0	1312.82	0.0	0.0	0.0	190.326	0.0	0.0	0.0	0.0	0.000298	0.0	0.0	0.0	27.1894	0.0	0.0	0.0	0.0	284	0	0	0	0	0	0	0	0	414036	0	0	0	7	0	0	0	0	2810119	0	0	0	0	0	0	0	0	424223	0	0	0	0	0	0	0	0	93776	0	0	0	0	0	0	0	0	665874	0	0	0	0	0	0	0	0	3710.96	0.0	0.0	0.0	0.000651	0.0	0.0	0.0	0.0	1.0	0.0	0.0	0.0	0.0	0.0	0.0	0.0	0.0	
1320	4411744	1526.613387723	4628.629888888888	4741.518777777777	5.30034	0.828062	4411733	0	0	0	7	0	0	0	0	6.4e-5	0.0	0.0	0.0	0.480905	0.0	0.0	0.0	0.0	1313.82	0.0	0.0	0.0	190.326	0.0	0.0	0.0	0.0	0.000298	0.0	0.0	0.0	27.1894	0.0	0.0	0.0	0.0	284	0	0	0	0	0	0	0	0	414178	0	0	0	7	0	0	0	0	2812177	0	0	0	0	0	0	0	0	424916	0	0	0	0	0	0	0	0	93833	0	0	0	0	0	0	0	0	666345	0	0	0	0	0	0	0	0	727.163	0.0	0.0	0.0	0.000651	0.0	0.0	0.0	0.0	0.999999	0.0	0.0	0.0	1.0e-6	0.0	0.0	0.0	0.0	
1321	4415139	1527.620400304	4628.629888888888	4723.990999999999	5.29018	0.827762	4415128	0	0	0	7	0	0	0	0	3.5e-5	0.0	0.0	0.0	0.480905	0.0	0.0	0.0	0.0	1314.82	0.0	0.0	0.0	190.326	0.0	0.0	0.0	0.0	0.000298	0.0	0.0	0.0	27.1894	0.0	0.0	0.0	0.0	284	0	0	0	0	0	0	0	0	414343	0	0	0	7	0	0	0	0	2814237	0	0	0	0	0	0	0	0	425559	0	0	0	0	0	0	0	0	93882	0	0	0	0	0	0	0	0	666823	0	0	0	0	0	0	0	0	396.255	0.0	0.0	0.0	0.000651	0.0	0.0	0.0	0.0	0.999998	0.0	0.0	0.0	2.0e-6	0.0	0.0	0.0	0.0	
1322	4418570	1528.620649716	4628.629888888888	4715.379888888889	5.27991	0.827458	4418559	0	0	0	7	0	0	0	0	0.000118	0.0	0.0	0.0	0.480905	0.0	0.0	0.0	0.0	1315.82	0.0	0.0	0.0	190.326	0.0	0.0	0.0	0.0	0.000298	0.0	0.0	0.0	27.1894	0.0	0.0	0.0	0.0	284	0	0	0	0	0	0	0	0	414501	0	0	0	7	0	0	0	0	2816299	0	0	0	0	0	0	0	0	426220	0	0	0	0	0	0	0	0	93940	0	0	0	0	0	0	0	0	667315	0	0	0	0	0	0	0	0	1334.51	0.0	0.0	0.0	0.000651	0.0	0.0	0.0	0.0	1.0	0.0	0.0	0.0	0.0	0.0	0.0	0.0	0.0	
1323	4422022	1529.62072034	4628.629888888888	4717.85211111111	5.26976	0.827156	4422011	0	0	0	7	0	0	0	0	5.5e-5	0.0	0.0	0.0	0.480905	0.0	0.0	0.0	0.0	1316.82	0.0	0.0	0.0	190.326	0.0	0.0	0.0	0.0	0.000298	0.0	0.0	0.0	27.1894	0.0	0.0	0.0	0.0	284	0	0	0	0	0	0	0	0	414652	0	0	0	7	0	0	0	0	2818305	0	0	0	0	0	0	0	0	426879	0	0	0	0	0	0	0	0	94022	0	0	0	0	0	0	0	0	667869	0	0	0	0	0	0	0	0	620.827	0.0	0.0	0.0	0.000651	0.0	0.0	0.0	0.0	0.999999	0.0	0.0	0.0	1.0e-6	0.0	0.0	0.0	0.0	
1324	4425434	1530.631103267	4628.629888888888	4735.296555555555	5.25963	0.826854	4425423	0	0	0	7	0	0	0	0	0.00016	0.0	0.0	0.0	0.480905	0.0	0.0	0.0	0.0	1317.83	0.0	0.0	0.0	190.326	0.0	0.0	0.0	0.0	0.000298	0.0	0.0	0.0	27.1894	0.0	0.0	0.0	0.0	284	0	0	0	0	0	0	0	0	414803	0	0	0	7	0	0	0	0	2820324	0	0	0	0	0	0	0	0	427519	0	0	0	0	0	0	0	0	94095	0	0	0	0	0	0	0	0	668398	0	0	0	0	0	0	0	0	1805.53	0.0	0.0	0.0	0.000651	0.0	0.0	0.0	0.0	1.0	0.0	0.0	0.0	0.0	0.0	0.0	0.0	0.0	
1325	4429003	1531.641856549	4628.629888888888	4714.713222222221	5.24941	0.826548	4428992	0	0	0	7	0	0	0	0	0.000585	0.0	0.0	0.0	0.480905	0.0	0.0	0.0	0.0	1318.84	0.0	0.0	0.0	190.326	0.0	0.0	0.0	0.0	0.000298	0.0	0.0	0.0	27.1894	0.0	0.0	0.0	0.0	284	0	0	0	0	0	0	0	0	414953	0	0	0	7	0	0	0	0	2822518	0	0	0	0	0	0	0	0	428181	0	0	0	0	0	0	0	0	94168	0	0	0	0	0	0	0	0	668888	0	0	0	0	0	0	0	0	6601.09	0.0	0.0	0.0	0.000651	0.0	0.0	0.0	0.0	1.0	0.0	0.0	0.0	0.0	0.0	0.0	0.0	0.0	
1326	4432577	1532.642063657	4614.490999999999	4648.685444444443	5.23921	0.826241	4432566	0	0	0	7	0	0	0	0	8.6e-5	0.0	0.0	0.0	0.480905	0.0	0.0	0.0	0.0	1319.84	0.0	0.0	0.0	190.326	0.0	0.0	0.0	0.0	0.000298	0.0	0.0	0.0	27.1894	0.0	0.0	0.0	0.0	288	0	0	0	0	0	0	0	0	415091	0	0	0	7	0	0	0	0	2824542	0	0	0	0	0	0	0	0	428911	0	0	0	0	0	0	0	0	94249	0	0	0	0	0	0	0	0	669485	0	0	0	0	0	0	0	0	969.136	0.0	0.0	0.0	0.000651	0.0	0.0	0.0	0.0	0.999999	0.0	0.0	0.0	1.0e-6	0.0	0.0	0.0	0.0	
1327	4436019	1533.642142398	4599.324333333332	4640.518777777776	5.22914	0.825938	4436008	0	0	0	7	0	0	0	0	0.00027	0.0	0.0	0.0	0.480905	0.0	0.0	0.0	0.0	1320.83	0.0	0.0	0.0	190.326	0.0	0.0	0.0	0.0	0.000298	0.0	0.0	0.0	27.1894	0.0	0.0	0.0	0.0	291	0	0	0	0	0	0	0	0	415221	0	0	0	7	0	0	0	0	2826564	0	0	0	0	0	0	0	0	429627	0	0	0	0	0	0	0	0	94323	0	0	0	0	0	0	0	0	669982	0	0	0	0	0	0	0	0	3049.61	0.0	0.0	0.0	0.000651	0.0	0.0	0.0	0.0	1.0	0.0	0.0	0.0	0.0	0.0	0.0	0.0	0.0	
1328	4439454	1534.642386401	4599.324333333332	4633.713222222223	5.21908	0.825633	4439443	0	0	0	7	0	0	0	0	0.000169	0.0	0.0	0.0	0.480905	0.0	0.0	0.0	0.0	1321.83	0.0	0.0	0.0	190.326	0.0	0.0	0.0	0.0	0.000298	0.0	0.0	0.0	27.1894	0.0	0.0	0.0	0.0	291	0	0	0	0	0	0	0	0	415366	0	0	0	7	0	0	0	0	2828569	0	0	0	0	0	0	0	0	430271	0	0	0	0	0	0	0	0	94419	0	0	0	0	0	0	0	0	670527	0	0	0	0	0	0	0	0	1910.13	0.0	0.0	0.0	0.000651	0.0	0.0	0.0	0.0	1.0	0.0	0.0	0.0	0.0	0.0	0.0	0.0	0.0	
1329	4442893	1535.642444533	4599.324333333332	4689.768777777779	5.20905	0.825329	4442882	0	0	0	7	0	0	0	0	2.9e-5	0.0	0.0	0.0	0.480905	0.0	0.0	0.0	0.0	1322.83	0.0	0.0	0.0	190.326	0.0	0.0	0.0	0.0	0.000298	0.0	0.0	0.0	27.1894	0.0	0.0	0.0	0.0	291	0	0	0	0	0	0	0	0	415496	0	0	0	7	0	0	0	0	2830546	0	0	0	0	0	0	0	0	430987	0	0	0	0	0	0	0	0	94518	0	0	0	0	0	0	0	0	671044	0	0	0	0	0	0	0	0	326.317	0.0	0.0	0.0	0.000651	0.0	0.0	0.0	0.0	0.999998	0.0	0.0	0.0	2.0e-6	0.0	0.0	0.0	0.0	
1330	4446341	1536.642635694	4599.324333333332	4637.907666666667	5.19903	0.825024	4446330	0	0	0	7	0	0	0	0	4.2e-5	0.0	0.0	0.0	0.480905	0.0	0.0	0.0	0.0	1323.83	0.0	0.0	0.0	190.326	0.0	0.0	0.0	0.0	0.000298	0.0	0.0	0.0	27.1894	0.0	0.0	0.0	0.0	291	0	0	0	0	0	0	0	0	415641	0	0	0	7	0	0	0	0	2832489	0	0	0	0	0	0	0	0	431669	0	0	0	0	0	0	0	0	94624	0	0	0	0	0	0	0	0	671616	0	0	0	0	0	0	0	0	470.169	0.0	0.0	0.0	0.000651	0.0	0.0	0.0	0.0	0.999999	0.0	0.0	0.0	1.0e-6	0.0	0.0	0.0	0.0	
1331	4449764	1537.642747718	4599.324333333332	4676.741000000001	5.18904	0.824718	4449753	0	0	0	7	0	0	0	0	0.000347	0.0	0.0	0.0	0.480905	0.0	0.0	0.0	0.0	1324.83	0.0	0.0	0.0	190.326	0.0	0.0	0.0	0.0	0.000298	0.0	0.0	0.0	27.1894	0.0	0.0	0.0	0.0	291	0	0	0	0	0	0	0	0	415781	0	0	0	7	0	0	0	0	2834511	0	0	0	0	0	0	0	0	432370	0	0	0	0	0	0	0	0	94708	0	0	0	0	0	0	0	0	672092	0	0	0	0	0	0	0	0	3916.37	0.0	0.0	0.0	0.000651	0.0	0.0	0.0	0.0	1.0	0.0	0.0	0.0	0.0	0.0	0.0	0.0	0.0	
1332	4453215	1538.642950122	4562.713222222223	4594.185444444445	5.17906	0.824412	4453204	0	0	0	7	0	0	0	0	9.9e-5	0.0	0.0	0.0	0.480905	0.0	0.0	0.0	0.0	1325.83	0.0	0.0	0.0	190.326	0.0	0.0	0.0	0.0	0.000298	0.0	0.0	0.0	27.1894	0.0	0.0	0.0	0.0	312	0	0	0	0	0	0	0	0	415917	0	0	0	7	0	0	0	0	2836476	0	0	0	0	0	0	0	0	433111	0	0	0	0	0	0	0	0	94769	0	0	0	0	0	0	0	0	672619	0	0	0	0	0	0	0	0	1114.21	0.0	0.0	0.0	0.000651	0.0	0.0	0.0	0.0	0.999999	0.0	0.0	0.0	1.0e-6	0.0	0.0	0.0	0.0	
1333	4456663	1539.643210827	4555.796555555556	4639.685444444444	5.16911	0.824105	4456652	0	0	0	7	0	0	0	0	0.000202	0.0	0.0	0.0	0.480905	0.0	0.0	0.0	0.0	1326.83	0.0	0.0	0.0	190.326	0.0	0.0	0.0	0.0	0.000298	0.0	0.0	0.0	27.1894	0.0	0.0	0.0	0.0	314	0	0	0	0	0	0	0	0	416049	0	0	0	7	0	0	0	0	2838445	0	0	0	0	0	0	0	0	433825	0	0	0	0	0	0	0	0	94856	0	0	0	0	0	0	0	0	673163	0	0	0	0	0	0	0	0	2275.6	0.0	0.0	0.0	0.000651	0.0	0.0	0.0	0.0	1.0	0.0	0.0	0.0	0.0	0.0	0.0	0.0	0.0	
1334	4460127	1540.643461105	4555.796555555556	4610.379888888889	5.15917	0.823798	4460116	0	0	0	7	0	0	0	0	0.000329	0.0	0.0	0.0	0.480905	0.0	0.0	0.0	0.0	1327.83	0.0	0.0	0.0	190.326	0.0	0.0	0.0	0.0	0.000298	0.0	0.0	0.0	27.1894	0.0	0.0	0.0	0.0	314	0	0	0	0	0	0	0	0	416195	0	0	0	7	0	0	0	0	2840419	0	0	0	0	0	0	0	0	434491	0	0	0	0	0	0	0	0	94951	0	0	0	0	0	0	0	0	673746	0	0	0	0	0	0	0	0	3708.19	0.0	0.0	0.0	0.000651	0.0	0.0	0.0	0.0	1.0	0.0	0.0	0.0	0.0	0.0	0.0	0.0	0.0	
1335	4463531	1541.643673827	4555.796555555556	4656.157666666667	5.14925	0.823491	4463520	0	0	0	7	0	0	0	0	7.7e-5	0.0	0.0	0.0	0.480905	0.0	0.0	0.0	0.0	1328.82	0.0	0.0	0.0	190.326	0.0	0.0	0.0	0.0	0.000298	0.0	0.0	0.0	27.1894	0.0	0.0	0.0	0.0	314	0	0	0	0	0	0	0	0	416326	0	0	0	7	0	0	0	0	2842419	0	0	0	0	0	0	0	0	435175	0	0	0	0	0	0	0	0	95027	0	0	0	0	0	0	0	0	674259	0	0	0	0	0	0	0	0	868.41	0.0	0.0	0.0	0.000651	0.0	0.0	0.0	0.0	0.999999	0.0	0.0	0.0	1.0e-6	0.0	0.0	0.0	0.0	
1336	4466956	1542.649800105	4555.796555555556	4652.046555555555	5.13937	0.823183	4466945	0	0	0	7	0	0	0	0	9.0e-6	0.0	0.0	0.0	0.480905	0.0	0.0	0.0	0.0	1329.83	0.0	0.0	0.0	190.326	0.0	0.0	0.0	0.0	0.000298	0.0	0.0	0.0	27.1894	0.0	0.0	0.0	0.0	314	0	0	0	0	0	0	0	0	416487	0	0	0	7	0	0	0	0	2844389	0	0	0	0	0	0	0	0	435865	0	0	0	0	0	0	0	0	95117	0	0	0	0	0	0	0	0	674773	0	0	0	0	0	0	0	0	102.744	0.0	0.0	0.0	0.000651	0.0	0.0	0.0	0.0	0.999994	0.0	0.0	0.0	6.0e-6	0.0	0.0	0.0	0.0	
1337	4470421	1543.649946571	4555.796555555556	4662.685444444443	5.12941	0.822872	4470410	0	0	0	7	0	0	0	0	2.2e-5	0.0	0.0	0.0	0.480905	0.0	0.0	0.0	0.0	1330.83	0.0	0.0	0.0	190.326	0.0	0.0	0.0	0.0	0.000298	0.0	0.0	0.0	27.1894	0.0	0.0	0.0	0.0	314	0	0	0	0	0	0	0	0	416628	0	0	0	7	0	0	0	0	2846398	0	0	0	0	0	0	0	0	436547	0	0	0	0	0	0	0	0	95174	0	0	0	0	0	0	0	0	675349	0	0	0	0	0	0	0	0	248.622	0.0	0.0	0.0	0.000651	0.0	0.0	0.0	0.0	0.999997	0.0	0.0	0.0	3.0e-6	0.0	0.0	0.0	0.0	
1338	4473914	1544.65004565	4555.796555555556	4685.074333333332	5.11955	0.822563	4473903	0	0	0	7	0	0	0	0	2.7e-5	0.0	0.0	0.0	0.480905	0.0	0.0	0.0	0.0	1331.83	0.0	0.0	0.0	190.326	0.0	0.0	0.0	0.0	0.000298	0.0	0.0	0.0	27.1894	0.0	0.0	0.0	0.0	314	0	0	0	0	0	0	0	0	416779	0	0	0	7	0	0	0	0	2848393	0	0	0	0	0	0	0	0	437231	0	0	0	0	0	0	0	0	95243	0	0	0	0	0	0	0	0	675943	0	0	0	0	0	0	0	0	305.104	0.0	0.0	0.0	0.000651	0.0	0.0	0.0	0.0	0.999998	0.0	0.0	0.0	2.0e-6	0.0	0.0	0.0	0.0	
1339	4477353	1545.65018465	4555.796555555556	4776.2687777777755	5.1097	0.822254	4477342	0	0	0	7	0	0	0	0	0.000513	0.0	0.0	0.0	0.480905	0.0	0.0	0.0	0.0	1332.82	0.0	0.0	0.0	190.326	0.0	0.0	0.0	0.0	0.000298	0.0	0.0	0.0	27.1894	0.0	0.0	0.0	0.0	314	0	0	0	0	0	0	0	0	416920	0	0	0	7	0	0	0	0	2850401	0	0	0	0	0	0	0	0	437883	0	0	0	0	0	0	0	0	95341	0	0	0	0	0	0	0	0	676483	0	0	0	0	0	0	0	0	5786.81	0.0	0.0	0.0	0.000651	0.0	0.0	0.0	0.0	1.0	0.0	0.0	0.0	0.0	0.0	0.0	0.0	0.0	
1340	4480844	1546.650233589	4555.796555555556	4604.296555555554	5.09988	0.821944	4480833	0	0	0	7	0	0	0	0	0.000294	0.0	0.0	0.0	0.480905	0.0	0.0	0.0	0.0	1333.82	0.0	0.0	0.0	190.326	0.0	0.0	0.0	0.0	0.000298	0.0	0.0	0.0	27.1894	0.0	0.0	0.0	0.0	314	0	0	0	0	0	0	0	0	417093	0	0	0	7	0	0	0	0	2852317	0	0	0	0	0	0	0	0	438568	0	0	0	0	0	0	0	0	95422	0	0	0	0	0	0	0	0	677119	0	0	0	0	0	0	0	0	3321.55	0.0	0.0	0.0	0.000651	0.0	0.0	0.0	0.0	1.0	0.0	0.0	0.0	0.0	0.0	0.0	0.0	0.0	
1341	4484293	1547.650390328	4555.796555555556	4681.990999999998	5.09008	0.821634	4484282	0	0	0	7	0	0	0	0	0.00015	0.0	0.0	0.0	0.480905	0.0	0.0	0.0	0.0	1334.82	0.0	0.0	0.0	190.326	0.0	0.0	0.0	0.0	0.000298	0.0	0.0	0.0	27.1894	0.0	0.0	0.0	0.0	314	0	0	0	0	0	0	0	0	417252	0	0	0	7	0	0	0	0	2854394	0	0	0	0	0	0	0	0	439188	0	0	0	0	0	0	0	0	95509	0	0	0	0	0	0	0	0	677625	0	0	0	0	0	0	0	0	1696.09	0.0	0.0	0.0	0.000651	0.0	0.0	0.0	0.0	1.0	0.0	0.0	0.0	0.0	0.0	0.0	0.0	0.0	
1342	4487674	1548.650451509	4555.796555555556	4650.07433333333	5.08029	0.821323	4487663	0	0	0	7	0	0	0	0	0.000146	0.0	0.0	0.0	0.480905	0.0	0.0	0.0	0.0	1335.82	0.0	0.0	0.0	190.326	0.0	0.0	0.0	0.0	0.000298	0.0	0.0	0.0	27.1894	0.0	0.0	0.0	0.0	314	0	0	0	0	0	0	0	0	417426	0	0	0	7	0	0	0	0	2856336	0	0	0	0	0	0	0	0	439832	0	0	0	0	0	0	0	0	95579	0	0	0	0	0	0	0	0	678176	0	0	0	0	0	0	0	0	1650.05	0.0	0.0	0.0	0.000651	0.0	0.0	0.0	0.0	1.0	0.0	0.0	0.0	0.0	0.0	0.0	0.0	0.0	
1343	4491085	1549.650562452	4555.796555555556	4658.629888888885	5.07053	0.821011	4491074	0	0	0	7	0	0	0	0	0.000286	0.0	0.0	0.0	0.480905	0.0	0.0	0.0	0.0	1336.82	0.0	0.0	0.0	190.326	0.0	0.0	0.0	0.0	0.000298	0.0	0.0	0.0	27.1894	0.0	0.0	0.0	0.0	314	0	0	0	0	0	0	0	0	417592	0	0	0	7	0	0	0	0	2858339	0	0	0	0	0	0	0	0	440461	0	0	0	0	0	0	0	0	95655	0	0	0	0	0	0	0	0	678713	0	0	0	0	0	0	0	0	3232.78	0.0	0.0	0.0	0.000651	0.0	0.0	0.0	0.0	1.0	0.0	0.0	0.0	0.0	0.0	0.0	0.0	0.0	
1344	4494513	1550.650802609	4555.796555555556	4655.129888888884	5.06078	0.8207	4494502	0	0	0	7	0	0	0	0	8.0e-6	0.0	0.0	0.0	0.480905	0.0	0.0	0.0	0.0	1337.82	0.0	0.0	0.0	190.326	0.0	0.0	0.0	0.0	0.000298	0.0	0.0	0.0	27.1894	0.0	0.0	0.0	0.0	314	0	0	0	0	0	0	0	0	417717	0	0	0	7	0	0	0	0	2860314	0	0	0	0	0	0	0	0	441176	0	0	0	0	0	0	0	0	95730	0	0	0	0	0	0	0	0	679251	0	0	0	0	0	0	0	0	87.2528	0.0	0.0	0.0	0.000651	0.0	0.0	0.0	0.0	0.999993	0.0	0.0	0.0	7.0e-6	0.0	0.0	0.0	0.0	
1345	4497880	1551.653571131	4555.796555555556	4704.6576666666615	5.05112	0.82039	4497869	0	0	0	7	0	0	0	0	9.8e-5	0.0	0.0	0.0	0.480905	0.0	0.0	0.0	0.0	1338.82	0.0	0.0	0.0	190.326	0.0	0.0	0.0	0.0	0.000298	0.0	0.0	0.0	27.1894	0.0	0.0	0.0	0.0	314	0	0	0	0	0	0	0	0	417894	0	0	0	7	0	0	0	0	2862244	0	0	0	0	0	0	0	0	441830	0	0	0	0	0	0	0	0	95815	0	0	0	0	0	0	0	0	679772	0	0	0	0	0	0	0	0	1111.18	0.0	0.0	0.0	0.000651	0.0	0.0	0.0	0.0	0.999999	0.0	0.0	0.0	1.0e-6	0.0	0.0	0.0	0.0	
1346	4501408	1552.653651299	4555.796555555556	4670.768777777773	5.04131	0.820074	4501397	0	0	0	7	0	0	0	0	6.2e-5	0.0	0.0	0.0	0.480905	0.0	0.0	0.0	0.0	1339.82	0.0	0.0	0.0	190.326	0.0	0.0	0.0	0.0	0.000298	0.0	0.0	0.0	27.1894	0.0	0.0	0.0	0.0	314	0	0	0	0	0	0	0	0	418064	0	0	0	7	0	0	0	0	2864292	0	0	0	0	0	0	0	0	442462	0	0	0	0	0	0	0	0	95880	0	0	0	0	0	0	0	0	680385	0	0	0	0	0	0	0	0	700.777	0.0	0.0	0.0	0.000651	0.0	0.0	0.0	0.0	0.999999	0.0	0.0	0.0	1.0e-6	0.0	0.0	0.0	0.0	
1347	4504800	1553.65393508	4555.796555555556	4658.796555555551	5.03162	0.81976	4504789	0	0	0	7	0	0	0	0	0.000198	0.0	0.0	0.0	0.480905	0.0	0.0	0.0	0.0	1340.82	0.0	0.0	0.0	190.326	0.0	0.0	0.0	0.0	0.000298	0.0	0.0	0.0	27.1894	0.0	0.0	0.0	0.0	314	0	0	0	0	0	0	0	0	418220	0	0	0	7	0	0	0	0	2866161	0	0	0	0	0	0	0	0	443148	0	0	0	0	0	0	0	0	95976	0	0	0	0	0	0	0	0	680970	0	0	0	0	0	0	0	0	2233.2	0.0	0.0	0.0	0.000651	0.0	0.0	0.0	0.0	1.0	0.0	0.0	0.0	0.0	0.0	0.0	0.0	0.0	
1348	4508163	1554.654050562	4555.796555555556	4680.07433333333	5.02194	0.819447	4508152	0	0	0	7	0	0	0	0	0.000263	0.0	0.0	0.0	0.480905	0.0	0.0	0.0	0.0	1341.82	0.0	0.0	0.0	190.326	0.0	0.0	0.0	0.0	0.000298	0.0	0.0	0.0	27.1894	0.0	0.0	0.0	0.0	314	0	0	0	0	0	0	0	0	418362	0	0	0	7	0	0	0	0	2868069	0	0	0	0	0	0	0	0	443855	0	0	0	0	0	0	0	0	96051	0	0	0	0	0	0	0	0	681501	0	0	0	0	0	0	0	0	2967.69	0.0	0.0	0.0	0.000651	0.0	0.0	0.0	0.0	1.0	0.0	0.0	0.0	0.0	0.0	0.0	0.0	0.0	
1349	4511556	1555.654265187	4555.796555555556	4720.296555555553	5.01229	0.819132	4511545	0	0	0	7	0	0	0	0	0.000703	0.0	0.0	0.0	0.480905	0.0	0.0	0.0	0.0	1342.81	0.0	0.0	0.0	190.326	0.0	0.0	0.0	0.0	0.000298	0.0	0.0	0.0	27.1894	0.0	0.0	0.0	0.0	314	0	0	0	0	0	0	0	0	418524	0	0	0	7	0	0	0	0	2870029	0	0	0	0	0	0	0	0	444487	0	0	0	0	0	0	0	0	96144	0	0	0	0	0	0	0	0	682047	0	0	0	0	0	0	0	0	7935.41	0.0	0.0	0.0	0.000651	0.0	0.0	0.0	0.0	1.0	0.0	0.0	0.0	0.0	0.0	0.0	0.0	0.0	
1350	4514877	1556.654284976	4555.796555555556	4657.602111111108	5.00265	0.818818	4514866	0	0	0	7	0	0	0	0	0.00038	0.0	0.0	0.0	0.480905	0.0	0.0	0.0	0.0	1343.81	0.0	0.0	0.0	190.326	0.0	0.0	0.0	0.0	0.000298	0.0	0.0	0.0	27.1894	0.0	0.0	0.0	0.0	314	0	0	0	0	0	0	0	0	418676	0	0	0	7	0	0	0	0	2871959	0	0	0	0	0	0	0	0	445128	0	0	0	0	0	0	0	0	96235	0	0	0	0	0	0	0	0	682554	0	0	0	0	0	0	0	0	4292.06	0.0	0.0	0.0	0.000651	0.0	0.0	0.0	0.0	1.0	0.0	0.0	0.0	0.0	0.0	0.0	0.0	0.0	
1351	4518269	1557.654468913	4555.796555555556	4724.435444444442	4.99303	0.818502	4518258	0	0	0	7	0	0	0	0	3.0e-6	0.0	0.0	0.0	0.480905	0.0	0.0	0.0	0.0	1344.81	0.0	0.0	0.0	190.326	0.0	0.0	0.0	0.0	0.000298	0.0	0.0	0.0	27.1894	0.0	0.0	0.0	0.0	314	0	0	0	0	0	0	0	0	418815	0	0	0	7	0	0	0	0	2873974	0	0	0	0	0	0	0	0	445797	0	0	0	0	0	0	0	0	96301	0	0	0	0	0	0	0	0	683057	0	0	0	0	0	0	0	0	38.6381	0.0	0.0	0.0	0.000651	0.0	0.0	0.0	0.0	0.999983	0.0	0.0	0.0	1.7e-5	0.0	0.0	0.0	0.0	
1352	4521602	1558.654499468	4555.796555555556	4620.935444444442	4.98343	0.818187	4521591	0	0	0	7	0	0	0	0	9.8e-5	0.0	0.0	0.0	0.480905	0.0	0.0	0.0	0.0	1345.81	0.0	0.0	0.0	190.326	0.0	0.0	0.0	0.0	0.000298	0.0	0.0	0.0	27.1894	0.0	0.0	0.0	0.0	314	0	0	0	0	0	0	0	0	418951	0	0	0	7	0	0	0	0	2875904	0	0	0	0	0	0	0	0	446482	0	0	0	0	0	0	0	0	96381	0	0	0	0	0	0	0	0	683559	0	0	0	0	0	0	0	0	1108.88	0.0	0.0	0.0	0.000651	0.0	0.0	0.0	0.0	0.999999	0.0	0.0	0.0	1.0e-6	0.0	0.0	0.0	0.0	
1353	4524910	1559.654557001	4555.796555555556	4606.740999999996	4.97385	0.81787	4524899	0	0	0	7	0	0	0	0	0.000118	0.0	0.0	0.0	0.480905	0.0	0.0	0.0	0.0	1346.81	0.0	0.0	0.0	190.326	0.0	0.0	0.0	0.0	0.000298	0.0	0.0	0.0	27.1894	0.0	0.0	0.0	0.0	314	0	0	0	0	0	0	0	0	419083	0	0	0	7	0	0	0	0	2877808	0	0	0	0	0	0	0	0	447181	0	0	0	0	0	0	0	0	96455	0	0	0	0	0	0	0	0	684058	0	0	0	0	0	0	0	0	1326.57	0.0	0.0	0.0	0.000651	0.0	0.0	0.0	0.0	1.0	0.0	0.0	0.0	0.0	0.0	0.0	0.0	0.0	
1354	4528310	1560.654800984	4555.796555555556	4646.990999999996	4.96429	0.817554	4528299	0	0	0	7	0	0	0	0	0.000384	0.0	0.0	0.0	0.480905	0.0	0.0	0.0	0.0	1347.81	0.0	0.0	0.0	190.326	0.0	0.0	0.0	0.0	0.000298	0.0	0.0	0.0	27.1894	0.0	0.0	0.0	0.0	314	0	0	0	0	0	0	0	0	419223	0	0	0	7	0	0	0	0	2879842	0	0	0	0	0	0	0	0	447827	0	0	0	0	0	0	0	0	96522	0	0	0	0	0	0	0	0	684571	0	0	0	0	0	0	0	0	4334.48	0.0	0.0	0.0	0.000651	0.0	0.0	0.0	0.0	1.0	0.0	0.0	0.0	0.0	0.0	0.0	0.0	0.0	
1355	4531750	1561.654924578	4555.796555555556	4635.268777777775	4.95475	0.817237	4531739	0	0	0	7	0	0	0	0	3.5e-5	0.0	0.0	0.0	0.480905	0.0	0.0	0.0	0.0	1348.81	0.0	0.0	0.0	190.326	0.0	0.0	0.0	0.0	0.000298	0.0	0.0	0.0	27.1894	0.0	0.0	0.0	0.0	314	0	0	0	0	0	0	0	0	419361	0	0	0	7	0	0	0	0	2881876	0	0	0	0	0	0	0	0	448500	0	0	0	0	0	0	0	0	96622	0	0	0	0	0	0	0	0	685066	0	0	0	0	0	0	0	0	391.443	0.0	0.0	0.0	0.000651	0.0	0.0	0.0	0.0	0.999998	0.0	0.0	0.0	2.0e-6	0.0	0.0	0.0	0.0	
1356	4535055	1562.655090636	4555.796555555556	4665.7687777777755	4.94522	0.816919	4535044	0	0	0	7	0	0	0	0	0.000228	0.0	0.0	0.0	0.480905	0.0	0.0	0.0	0.0	1349.81	0.0	0.0	0.0	190.326	0.0	0.0	0.0	0.0	0.000298	0.0	0.0	0.0	27.1894	0.0	0.0	0.0	0.0	314	0	0	0	0	0	0	0	0	419511	0	0	0	7	0	0	0	0	2883784	0	0	0	0	0	0	0	0	449140	0	0	0	0	0	0	0	0	96714	0	0	0	0	0	0	0	0	685581	0	0	0	0	0	0	0	0	2571.7	0.0	0.0	0.0	0.000651	0.0	0.0	0.0	0.0	1.0	0.0	0.0	0.0	0.0	0.0	0.0	0.0	0.0	
1357	4538378	1563.655281282	4555.796555555556	4716.463222222221	4.93571	0.816601	4538367	0	0	0	7	0	0	0	0	3.7e-5	0.0	0.0	0.0	0.480905	0.0	0.0	0.0	0.0	1350.8	0.0	0.0	0.0	190.326	0.0	0.0	0.0	0.0	0.000298	0.0	0.0	0.0	27.1894	0.0	0.0	0.0	0.0	314	0	0	0	0	0	0	0	0	419646	0	0	0	7	0	0	0	0	2885674	0	0	0	0	0	0	0	0	449817	0	0	0	0	0	0	0	0	96796	0	0	0	0	0	0	0	0	686120	0	0	0	0	0	0	0	0	422.635	0.0	0.0	0.0	0.000651	0.0	0.0	0.0	0.0	0.999998	0.0	0.0	0.0	2.0e-6	0.0	0.0	0.0	0.0	
1358	4541680	1564.655351266	4555.796555555556	4635.268777777775	4.92623	0.816282	4541669	0	0	0	7	0	0	0	0	4.8e-5	0.0	0.0	0.0	0.480905	0.0	0.0	0.0	0.0	1351.8	0.0	0.0	0.0	190.326	0.0	0.0	0.0	0.0	0.000298	0.0	0.0	0.0	27.1894	0.0	0.0	0.0	0.0	314	0	0	0	0	0	0	0	0	419796	0	0	0	7	0	0	0	0	2887647	0	0	0	0	0	0	0	0	450421	0	0	0	0	0	0	0	0	96889	0	0	0	0	0	0	0	0	686602	0	0	0	0	0	0	0	0	544.695	0.0	0.0	0.0	0.000651	0.0	0.0	0.0	0.0	0.999999	0.0	0.0	0.0	1.0e-6	0.0	0.0	0.0	0.0	
1359	4545047	1565.655390481	4555.796555555556	4618.435444444442	4.91676	0.815963	4545036	0	0	0	7	0	0	0	0	0.000168	0.0	0.0	0.0	0.480905	0.0	0.0	0.0	0.0	1352.8	0.0	0.0	0.0	190.326	0.0	0.0	0.0	0.0	0.000298	0.0	0.0	0.0	27.1894	0.0	0.0	0.0	0.0	314	0	0	0	0	0	0	0	0	419936	0	0	0	7	0	0	0	0	2889626	0	0	0	0	0	0	0	0	451071	0	0	0	0	0	0	0	0	96984	0	0	0	0	0	0	0	0	687105	0	0	0	0	0	0	0	0	1897.0	0.0	0.0	0.0	0.000651	0.0	0.0	0.0	0.0	1.0	0.0	0.0	0.0	0.0	0.0	0.0	0.0	0.0	
1360	4548425	1566.655436687	4555.796555555556	4611.185444444443	4.9073	0.815643	4548414	0	0	0	7	0	0	0	0	0.000404	0.0	0.0	0.0	0.480905	0.0	0.0	0.0	0.0	1353.8	0.0	0.0	0.0	190.326	0.0	0.0	0.0	0.0	0.000298	0.0	0.0	0.0	27.1894	0.0	0.0	0.0	0.0	314	0	0	0	0	0	0	0	0	420059	0	0	0	7	0	0	0	0	2891520	0	0	0	0	0	0	0	0	451742	0	0	0	0	0	0	0	0	97082	0	0	0	0	0	0	0	0	687697	0	0	0	0	0	0	0	0	4563.63	0.0	0.0	0.0	0.000651	0.0	0.0	0.0	0.0	1.0	0.0	0.0	0.0	0.0	0.0	0.0	0.0	0.0	
1361	4551874	1567.655520627	4555.796555555556	4584.740999999998	4.89787	0.815323	4551863	0	0	0	7	0	0	0	0	0.000266	0.0	0.0	0.0	0.480905	0.0	0.0	0.0	0.0	1354.8	0.0	0.0	0.0	190.326	0.0	0.0	0.0	0.0	0.000298	0.0	0.0	0.0	27.1894	0.0	0.0	0.0	0.0	314	0	0	0	0	0	0	0	0	420204	0	0	0	7	0	0	0	0	2893438	0	0	0	0	0	0	0	0	452382	0	0	0	0	0	0	0	0	97212	0	0	0	0	0	0	0	0	688313	0	0	0	0	0	0	0	0	3002.09	0.0	0.0	0.0	0.000651	0.0	0.0	0.0	0.0	1.0	0.0	0.0	0.0	0.0	0.0	0.0	0.0	0.0	
1362	4555250	1568.655695672	4532.602111111109	4603.796555555553	4.88845	0.815003	4555239	0	0	0	7	0	0	0	0	0.000242	0.0	0.0	0.0	0.480905	0.0	0.0	0.0	0.0	1355.8	0.0	0.0	0.0	190.326	0.0	0.0	0.0	0.0	0.000298	0.0	0.0	0.0	27.1894	0.0	0.0	0.0	0.0	321	0	0	0	0	0	0	0	0	420325	0	0	0	7	0	0	0	0	2895319	0	0	0	0	0	0	0	0	453015	0	0	0	0	0	0	0	0	97325	0	0	0	0	0	0	0	0	688934	0	0	0	0	0	0	0	0	2736.17	0.0	0.0	0.0	0.000651	0.0	0.0	0.0	0.0	1.0	0.0	0.0	0.0	0.0	0.0	0.0	0.0	0.0	
1363	4558628	1569.655756346	4532.602111111109	4611.240999999997	4.87906	0.814682	4558617	0	0	0	7	0	0	0	0	4.1e-5	0.0	0.0	0.0	0.480905	0.0	0.0	0.0	0.0	1356.8	0.0	0.0	0.0	190.326	0.0	0.0	0.0	0.0	0.000298	0.0	0.0	0.0	27.1894	0.0	0.0	0.0	0.0	321	0	0	0	0	0	0	0	0	420455	0	0	0	7	0	0	0	0	2897241	0	0	0	0	0	0	0	0	453607	0	0	0	0	0	0	0	0	97449	0	0	0	0	0	0	0	0	689544	0	0	0	0	0	0	0	0	463.363	0.0	0.0	0.0	0.000651	0.0	0.0	0.0	0.0	0.999999	0.0	0.0	0.0	1.0e-6	0.0	0.0	0.0	0.0	
1364	4561937	1570.6558182	4532.602111111109	4584.824333333331	4.86968	0.81436	4561926	0	0	0	7	0	0	0	0	0.000637	0.0	0.0	0.0	0.480905	0.0	0.0	0.0	0.0	1357.79	0.0	0.0	0.0	190.326	0.0	0.0	0.0	0.0	0.000298	0.0	0.0	0.0	27.1894	0.0	0.0	0.0	0.0	321	0	0	0	0	0	0	0	0	420588	0	0	0	7	0	0	0	0	2899167	0	0	0	0	0	0	0	0	454222	0	0	0	0	0	0	0	0	97557	0	0	0	0	0	0	0	0	690071	0	0	0	0	0	0	0	0	7192.48	0.0	0.0	0.0	0.000651	0.0	0.0	0.0	0.0	1.0	0.0	0.0	0.0	0.0	0.0	0.0	0.0	0.0	
1365	4565395	1571.656141081	4532.602111111109	4627.935444444442	4.86031	0.814038	4565384	0	0	0	7	0	0	0	0	0.00021	0.0	0.0	0.0	0.480905	0.0	0.0	0.0	0.0	1358.79	0.0	0.0	0.0	190.326	0.0	0.0	0.0	0.0	0.000298	0.0	0.0	0.0	27.1894	0.0	0.0	0.0	0.0	321	0	0	0	0	0	0	0	0	420716	0	0	0	7	0	0	0	0	2901118	0	0	0	0	0	0	0	0	454868	0	0	0	0	0	0	0	0	97676	0	0	0	0	0	0	0	0	690685	0	0	0	0	0	0	0	0	2375.3	0.0	0.0	0.0	0.000651	0.0	0.0	0.0	0.0	1.0	0.0	0.0	0.0	0.0	0.0	0.0	0.0	0.0	
1366	4568728	1572.656371451	4532.602111111109	4598.352111111108	4.85097	0.813716	4568717	0	0	0	7	0	0	0	0	3.6e-5	0.0	0.0	0.0	0.480905	0.0	0.0	0.0	0.0	1359.79	0.0	0.0	0.0	190.326	0.0	0.0	0.0	0.0	0.000298	0.0	0.0	0.0	27.1894	0.0	0.0	0.0	0.0	321	0	0	0	0	0	0	0	0	420861	0	0	0	7	0	0	0	0	2903089	0	0	0	0	0	0	0	0	455491	0	0	0	0	0	0	0	0	97768	0	0	0	0	0	0	0	0	691187	0	0	0	0	0	0	0	0	408.727	0.0	0.0	0.0	0.000651	0.0	0.0	0.0	0.0	0.999998	0.0	0.0	0.0	2.0e-6	0.0	0.0	0.0	0.0	
1367	4572172	1573.65651259	4524.713222222219	4530.213222222219	4.84164	0.813392	4572161	0	0	0	7	0	0	0	0	8.8e-5	0.0	0.0	0.0	0.480905	0.0	0.0	0.0	0.0	1360.79	0.0	0.0	0.0	190.326	0.0	0.0	0.0	0.0	0.000298	0.0	0.0	0.0	27.1894	0.0	0.0	0.0	0.0	330	0	0	0	0	0	0	0	0	420993	0	0	0	7	0	0	0	0	2905105	0	0	0	0	0	0	0	0	456091	0	0	0	0	0	0	0	0	97904	0	0	0	0	0	0	0	0	691738	0	0	0	0	0	0	0	0	995.309	0.0	0.0	0.0	0.000651	0.0	0.0	0.0	0.0	0.999999	0.0	0.0	0.0	1.0e-6	0.0	0.0	0.0	0.0	
1368	4575542	1574.656632452	4524.713222222219	4593.935444444441	4.83233	0.813069	4575531	0	0	0	7	0	0	0	0	8.8e-5	0.0	0.0	0.0	0.480905	0.0	0.0	0.0	0.0	1361.79	0.0	0.0	0.0	190.326	0.0	0.0	0.0	0.0	0.000298	0.0	0.0	0.0	27.1894	0.0	0.0	0.0	0.0	330	0	0	0	0	0	0	0	0	421129	0	0	0	7	0	0	0	0	2907045	0	0	0	0	0	0	0	0	456692	0	0	0	0	0	0	0	0	98020	0	0	0	0	0	0	0	0	692315	0	0	0	0	0	0	0	0	990.088	0.0	0.0	0.0	0.000651	0.0	0.0	0.0	0.0	0.999999	0.0	0.0	0.0	1.0e-6	0.0	0.0	0.0	0.0	
1369	4578946	1575.656906304	4524.713222222219	4695.379888888886	4.82304	0.812745	4578935	0	0	0	7	0	0	0	0	0.000181	0.0	0.0	0.0	0.480905	0.0	0.0	0.0	0.0	1362.79	0.0	0.0	0.0	190.326	0.0	0.0	0.0	0.0	0.000298	0.0	0.0	0.0	27.1894	0.0	0.0	0.0	0.0	330	0	0	0	0	0	0	0	0	421252	0	0	0	7	0	0	0	0	2909024	0	0	0	0	0	0	0	0	457225	0	0	0	0	0	0	0	0	98162	0	0	0	0	0	0	0	0	692942	0	0	0	0	0	0	0	0	2043.99	0.0	0.0	0.0	0.000651	0.0	0.0	0.0	0.0	1.0	0.0	0.0	0.0	0.0	0.0	0.0	0.0	0.0	
1370	4582327	1576.664128993	4524.713222222219	4675.463222222218	4.8138	0.812421	4582316	0	0	0	7	0	0	0	0	0.000346	0.0	0.0	0.0	0.480905	0.0	0.0	0.0	0.0	1363.79	0.0	0.0	0.0	190.326	0.0	0.0	0.0	0.0	0.000298	0.0	0.0	0.0	27.1894	0.0	0.0	0.0	0.0	330	0	0	0	0	0	0	0	0	421400	0	0	0	7	0	0	0	0	2911018	0	0	0	0	0	0	0	0	457774	0	0	0	0	0	0	0	0	98310	0	0	0	0	0	0	0	0	693484	0	0	0	0	0	0	0	0	3908.75	0.0	0.0	0.0	0.000651	0.0	0.0	0.0	0.0	1.0	0.0	0.0	0.0	0.0	0.0	0.0	0.0	0.0	
1371	4585726	1577.664156041	4524.713222222219	4697.546555555551	4.80445	0.812093	4585715	0	0	0	7	0	0	0	0	9.6e-5	0.0	0.0	0.0	0.480905	0.0	0.0	0.0	0.0	1364.79	0.0	0.0	0.0	190.326	0.0	0.0	0.0	0.0	0.000298	0.0	0.0	0.0	27.1894	0.0	0.0	0.0	0.0	330	0	0	0	0	0	0	0	0	421544	0	0	0	7	0	0	0	0	2912979	0	0	0	0	0	0	0	0	458330	0	0	0	0	0	0	0	0	98463	0	0	0	0	0	0	0	0	694069	0	0	0	0	0	0	0	0	1084.07	0.0	0.0	0.0	0.000651	0.0	0.0	0.0	0.0	0.999999	0.0	0.0	0.0	1.0e-6	0.0	0.0	0.0	0.0	
1372	4589094	1578.66444119	4524.713222222219	4630.68544444444	4.79521	0.811768	4589083	0	0	0	7	0	0	0	0	0.000166	0.0	0.0	0.0	0.480905	0.0	0.0	0.0	0.0	1365.79	0.0	0.0	0.0	190.326	0.0	0.0	0.0	0.0	0.000298	0.0	0.0	0.0	27.1894	0.0	0.0	0.0	0.0	330	0	0	0	0	0	0	0	0	421697	0	0	0	7	0	0	0	0	2914961	0	0	0	0	0	0	0	0	458917	0	0	0	0	0	0	0	0	98573	0	0	0	0	0	0	0	0	694605	0	0	0	0	0	0	0	0	1868.96	0.0	0.0	0.0	0.000651	0.0	0.0	0.0	0.0	1.0	0.0	0.0	0.0	0.0	0.0	0.0	0.0	0.0	
1373	4592416	1579.664540827	4524.713222222219	4626.2409999999945	4.78599	0.811441	4592405	0	0	0	7	0	0	0	0	7.3e-5	0.0	0.0	0.0	0.480905	0.0	0.0	0.0	0.0	1366.79	0.0	0.0	0.0	190.326	0.0	0.0	0.0	0.0	0.000298	0.0	0.0	0.0	27.1894	0.0	0.0	0.0	0.0	330	0	0	0	0	0	0	0	0	421852	0	0	0	7	0	0	0	0	2916924	0	0	0	0	0	0	0	0	459496	0	0	0	0	0	0	0	0	98686	0	0	0	0	0	0	0	0	695117	0	0	0	0	0	0	0	0	820.186	0.0	0.0	0.0	0.000651	0.0	0.0	0.0	0.0	0.999999	0.0	0.0	0.0	1.0e-6	0.0	0.0	0.0	0.0	
1374	4595769	1580.664744419	4524.713222222219	4597.963222222217	4.77679	0.811115	4595758	0	0	0	7	0	0	0	0	0.000245	0.0	0.0	0.0	0.480905	0.0	0.0	0.0	0.0	1367.79	0.0	0.0	0.0	190.326	0.0	0.0	0.0	0.0	0.000298	0.0	0.0	0.0	27.1894	0.0	0.0	0.0	0.0	330	0	0	0	0	0	0	0	0	422000	0	0	0	7	0	0	0	0	2918868	0	0	0	0	0	0	0	0	460115	0	0	0	0	0	0	0	0	98783	0	0	0	0	0	0	0	0	695662	0	0	0	0	0	0	0	0	2763.82	0.0	0.0	0.0	0.000651	0.0	0.0	0.0	0.0	1.0	0.0	0.0	0.0	0.0	0.0	0.0	0.0	0.0	
1375	4596513	1587.478993063	4524.713222222219	4550.333	4.77476	0.811043	4596501	0	0	0	8	0	0	0	0	0.0	0.0	0.0	0.0	0.433315	0.0	0.0	0.0	0.0	1368.01	0.0	0.0	0.0	196.919	0.0	0.0	0.0	0.0	0.000298	0.0	0.0	0.0	24.6149	0.0	0.0	0.0	0.0	330	0	0	0	0	0	0	0	0	422025	0	0	0	8	0	0	0	0	2919292	0	0	0	0	0	0	0	0	460275	0	0	0	0	0	0	0	0	98806	0	0	0	0	0	0	0	0	695773	0	0	0	0	0	0	0	0	0.374676	0.0	0.0	0.0	0.000715	0.0	0.0	0.0	0.0	0.998095	0.0	0.0	0.0	0.001905	0.0	0.0	0.0	0.0	
1376	4600004	1588.479230717	4520.798555555555	4553.798555555555	4.7055	0.808547	4599992	0	0	0	8	0	0	0	0	6.6e-5	0.0	0.0	0.0	0.433315	0.0	0.0	0.0	0.0	1369.01	0.0	0.0	0.0	196.919	0.0	0.0	0.0	0.0	0.000298	0.0	0.0	0.0	24.6149	0.0	0.0	0.0	0.0	333	0	0	0	0	0	0	0	0	422166	0	0	0	8	0	0	0	0	2921204	0	0	0	0	0	0	0	0	460995	0	0	0	0	0	0	0	0	98879	0	0	0	0	0	0	0	0	696415	0	0	0	0	0	0	0	0	745.491	0.0	0.0	0.0	0.000715	0.0	0.0	0.0	0.0	0.999999	0.0	0.0	0.0	1.0e-6	0.0	0.0	0.0	0.0	
1377	4603439	1589.479303984	4520.798555555555	4569.604111111112	4.69646	0.808216	4603427	0	0	0	8	0	0	0	0	4.3e-5	0.0	0.0	0.0	0.433315	0.0	0.0	0.0	0.0	1370.01	0.0	0.0	0.0	196.919	0.0	0.0	0.0	0.0	0.000298	0.0	0.0	0.0	24.6149	0.0	0.0	0.0	0.0	333	0	0	0	0	0	0	0	0	422314	0	0	0	8	0	0	0	0	2923137	0	0	0	0	0	0	0	0	461685	0	0	0	0	0	0	0	0	98940	0	0	0	0	0	0	0	0	697018	0	0	0	0	0	0	0	0	490.009	0.0	0.0	0.0	0.000715	0.0	0.0	0.0	0.0	0.999999	0.0	0.0	0.0	1.0e-6	0.0	0.0	0.0	0.0	
1378	4606869	1590.479480376	4520.798555555555	4571.104111111111	4.68743	0.807884	4606857	0	0	0	8	0	0	0	0	0.000506	0.0	0.0	0.0	0.433315	0.0	0.0	0.0	0.0	1371.01	0.0	0.0	0.0	196.919	0.0	0.0	0.0	0.0	0.000298	0.0	0.0	0.0	24.6149	0.0	0.0	0.0	0.0	333	0	0	0	0	0	0	0	0	422472	0	0	0	8	0	0	0	0	2925005	0	0	0	0	0	0	0	0	462404	0	0	0	0	0	0	0	0	98998	0	0	0	0	0	0	0	0	697645	0	0	0	0	0	0	0	0	5715.47	0.0	0.0	0.0	0.000715	0.0	0.0	0.0	0.0	1.0	0.0	0.0	0.0	0.0	0.0	0.0	0.0	0.0	
1379	4610354	1591.479610831	4520.798555555555	4575.4929999999995	4.67842	0.807552	4610342	0	0	0	8	0	0	0	0	2.8e-5	0.0	0.0	0.0	0.433315	0.0	0.0	0.0	0.0	1372.0	0.0	0.0	0.0	196.919	0.0	0.0	0.0	0.0	0.000298	0.0	0.0	0.0	24.6149	0.0	0.0	0.0	0.0	333	0	0	0	0	0	0	0	0	422608	0	0	0	8	0	0	0	0	2926916	0	0	0	0	0	0	0	0	463093	0	0	0	0	0	0	0	0	99077	0	0	0	0	0	0	0	0	698315	0	0	0	0	0	0	0	0	318.678	0.0	0.0	0.0	0.000715	0.0	0.0	0.0	0.0	0.999998	0.0	0.0	0.0	2.0e-6	0.0	0.0	0.0	0.0	
1380	4613778	1592.479640349	4520.798555555555	4584.215222222222	4.66942	0.80722	4613766	0	0	0	8	0	0	0	0	0.00017	0.0	0.0	0.0	0.433315	0.0	0.0	0.0	0.0	1373.0	0.0	0.0	0.0	196.919	0.0	0.0	0.0	0.0	0.000298	0.0	0.0	0.0	24.6149	0.0	0.0	0.0	0.0	333	0	0	0	0	0	0	0	0	422764	0	0	0	8	0	0	0	0	2928848	0	0	0	0	0	0	0	0	463785	0	0	0	0	0	0	0	0	99149	0	0	0	0	0	0	0	0	698887	0	0	0	0	0	0	0	0	1918.5	0.0	0.0	0.0	0.000715	0.0	0.0	0.0	0.0	1.0	0.0	0.0	0.0	0.0	0.0	0.0	0.0	0.0	
1381	4617328	1593.48592857	4504.159666666668	4550.687444444447	4.66049	0.806889	4617316	0	0	0	8	0	0	0	0	6.8e-5	0.0	0.0	0.0	0.433315	0.0	0.0	0.0	0.0	1374.01	0.0	0.0	0.0	196.919	0.0	0.0	0.0	0.0	0.000298	0.0	0.0	0.0	24.6149	0.0	0.0	0.0	0.0	345	0	0	0	0	0	0	0	0	422887	0	0	0	8	0	0	0	0	2930846	0	0	0	0	0	0	0	0	464458	0	0	0	0	0	0	0	0	99221	0	0	0	0	0	0	0	0	699559	0	0	0	0	0	0	0	0	770.524	0.0	0.0	0.0	0.000715	0.0	0.0	0.0	0.0	0.999999	0.0	0.0	0.0	1.0e-6	0.0	0.0	0.0	0.0	
1382	4620864	1594.486123694	4504.159666666668	4565.854111111113	4.65143	0.806551	4620852	0	0	0	8	0	0	0	0	4.7e-5	0.0	0.0	0.0	0.433315	0.0	0.0	0.0	0.0	1375.01	0.0	0.0	0.0	196.919	0.0	0.0	0.0	0.0	0.000298	0.0	0.0	0.0	24.6149	0.0	0.0	0.0	0.0	345	0	0	0	0	0	0	0	0	423043	0	0	0	8	0	0	0	0	2932845	0	0	0	0	0	0	0	0	465158	0	0	0	0	0	0	0	0	99283	0	0	0	0	0	0	0	0	700178	0	0	0	0	0	0	0	0	535.26	0.0	0.0	0.0	0.000715	0.0	0.0	0.0	0.0	0.999999	0.0	0.0	0.0	1.0e-6	0.0	0.0	0.0	0.0	
1383	4624381	1595.486389896	4504.159666666668	4530.326333333334	4.64249	0.806217	4624369	0	0	0	8	0	0	0	0	0.000104	0.0	0.0	0.0	0.433315	0.0	0.0	0.0	0.0	1376.0	0.0	0.0	0.0	196.919	0.0	0.0	0.0	0.0	0.000298	0.0	0.0	0.0	24.6149	0.0	0.0	0.0	0.0	345	0	0	0	0	0	0	0	0	423191	0	0	0	8	0	0	0	0	2934884	0	0	0	0	0	0	0	0	465824	0	0	0	0	0	0	0	0	99341	0	0	0	0	0	0	0	0	700784	0	0	0	0	0	0	0	0	1178.82	0.0	0.0	0.0	0.000715	0.0	0.0	0.0	0.0	0.999999	0.0	0.0	0.0	1.0e-6	0.0	0.0	0.0	0.0	
1384	4627823	1596.494599303	4499.826333333334	4540.02077777778	4.63359	0.805884	4627811	0	0	0	8	0	0	0	0	6.9e-5	0.0	0.0	0.0	0.433315	0.0	0.0	0.0	0.0	1377.01	0.0	0.0	0.0	196.919	0.0	0.0	0.0	0.0	0.000298	0.0	0.0	0.0	24.6149	0.0	0.0	0.0	0.0	347	0	0	0	0	0	0	0	0	423322	0	0	0	8	0	0	0	0	2936756	0	0	0	0	0	0	0	0	466533	0	0	0	0	0	0	0	0	99427	0	0	0	0	0	0	0	0	701426	0	0	0	0	0	0	0	0	781.718	0.0	0.0	0.0	0.000715	0.0	0.0	0.0	0.0	0.999999	0.0	0.0	0.0	1.0e-6	0.0	0.0	0.0	0.0	
1385	4631252	1597.494802815	4499.826333333334	4552.076333333333	4.62458	0.805545	4631240	0	0	0	8	0	0	0	0	0.000194	0.0	0.0	0.0	0.433315	0.0	0.0	0.0	0.0	1378.01	0.0	0.0	0.0	196.919	0.0	0.0	0.0	0.0	0.000298	0.0	0.0	0.0	24.6149	0.0	0.0	0.0	0.0	347	0	0	0	0	0	0	0	0	423438	0	0	0	8	0	0	0	0	2938654	0	0	0	0	0	0	0	0	467241	0	0	0	0	0	0	0	0	99498	0	0	0	0	0	0	0	0	702062	0	0	0	0	0	0	0	0	2196.86	0.0	0.0	0.0	0.000715	0.0	0.0	0.0	0.0	1.0	0.0	0.0	0.0	0.0	0.0	0.0	0.0	0.0	
1386	4634771	1598.494818733	4499.826333333334	4547.381888888889	4.61569	0.80521	4634759	0	0	0	8	0	0	0	0	0.00021	0.0	0.0	0.0	0.433315	0.0	0.0	0.0	0.0	1379.01	0.0	0.0	0.0	196.919	0.0	0.0	0.0	0.0	0.000298	0.0	0.0	0.0	24.6149	0.0	0.0	0.0	0.0	347	0	0	0	0	0	0	0	0	423557	0	0	0	8	0	0	0	0	2940643	0	0	0	0	0	0	0	0	467922	0	0	0	0	0	0	0	0	99577	0	0	0	0	0	0	0	0	702713	0	0	0	0	0	0	0	0	2371.89	0.0	0.0	0.0	0.000715	0.0	0.0	0.0	0.0	1.0	0.0	0.0	0.0	0.0	0.0	0.0	0.0	0.0	
1387	4638247	1599.494998359	4499.826333333334	4564.381888888889	4.60682	0.804874	4638235	0	0	0	8	0	0	0	0	1.2e-5	0.0	0.0	0.0	0.433315	0.0	0.0	0.0	0.0	1380.01	0.0	0.0	0.0	196.919	0.0	0.0	0.0	0.0	0.000298	0.0	0.0	0.0	24.6149	0.0	0.0	0.0	0.0	347	0	0	0	0	0	0	0	0	423682	0	0	0	8	0	0	0	0	2942667	0	0	0	0	0	0	0	0	468613	0	0	0	0	0	0	0	0	99660	0	0	0	0	0	0	0	0	703266	0	0	0	0	0	0	0	0	135.671	0.0	0.0	0.0	0.000715	0.0	0.0	0.0	0.0	0.999995	0.0	0.0	0.0	5.0e-6	0.0	0.0	0.0	0.0	
1388	4641739	1600.495135222	4499.826333333334	4586.131888888889	4.59796	0.804537	4641727	0	0	0	8	0	0	0	0	0.000226	0.0	0.0	0.0	0.433315	0.0	0.0	0.0	0.0	1381.01	0.0	0.0	0.0	196.919	0.0	0.0	0.0	0.0	0.000298	0.0	0.0	0.0	24.6149	0.0	0.0	0.0	0.0	347	0	0	0	0	0	0	0	0	423815	0	0	0	8	0	0	0	0	2944604	0	0	0	0	0	0	0	0	469304	0	0	0	0	0	0	0	0	99730	0	0	0	0	0	0	0	0	703927	0	0	0	0	0	0	0	0	2555.29	0.0	0.0	0.0	0.000715	0.0	0.0	0.0	0.0	1.0	0.0	0.0	0.0	0.0	0.0	0.0	0.0	0.0	
1389	4645147	1601.495214312	4499.826333333334	4618.881888888889	4.58912	0.8042	4645135	0	0	0	8	0	0	0	0	0.000196	0.0	0.0	0.0	0.433315	0.0	0.0	0.0	0.0	1382.0	0.0	0.0	0.0	196.919	0.0	0.0	0.0	0.0	0.000298	0.0	0.0	0.0	24.6149	0.0	0.0	0.0	0.0	347	0	0	0	0	0	0	0	0	423952	0	0	0	8	0	0	0	0	2946523	0	0	0	0	0	0	0	0	469981	0	0	0	0	0	0	0	0	99798	0	0	0	0	0	0	0	0	704534	0	0	0	0	0	0	0	0	2211.05	0.0	0.0	0.0	0.000715	0.0	0.0	0.0	0.0	1.0	0.0	0.0	0.0	0.0	0.0	0.0	0.0	0.0	
1390	4645290	1623.255624109	4499.826333333334	4592.25	4.58881	0.804189	4645277	0	0	0	9	0	0	0	0	0.0	0.0	0.0	0.0	0.390483	0.0	0.0	0.0	0.0	1382.04	0.0	0.0	0.0	218.645	0.0	0.0	0.0	0.0	0.000298	0.0	0.0	0.0	24.2938	0.0	0.0	0.0	0.0	347	0	0	0	0	0	0	0	0	423952	0	0	0	9	0	0	0	0	2946604	0	0	0	0	0	0	0	0	470008	0	0	0	0	0	0	0	0	99802	0	0	0	0	0	0	0	0	704564	0	0	0	0	0	0	0	0	1.57464	0.0	0.0	0.0	0.000662	0.0	0.0	0.0	0.0	0.99958	0.0	0.0	0.0	0.00042	0.0	0.0	0.0	0.0	
1391	4648706	1624.25568389	4499.826333333334	4530.351111111111	4.39248	0.796394	4648693	0	0	0	9	0	0	0	0	7.9e-5	0.0	0.0	0.0	0.390483	0.0	0.0	0.0	0.0	1383.04	0.0	0.0	0.0	218.645	0.0	0.0	0.0	0.0	0.000298	0.0	0.0	0.0	24.2938	0.0	0.0	0.0	0.0	347	0	0	0	0	0	0	0	0	424077	0	0	0	9	0	0	0	0	2948560	0	0	0	0	0	0	0	0	470652	0	0	0	0	0	0	0	0	99871	0	0	0	0	0	0	0	0	705186	0	0	0	0	0	0	0	0	888.724	0.0	0.0	0.0	0.000662	0.0	0.0	0.0	0.0	0.999999	0.0	0.0	0.0	1.0e-6	0.0	0.0	0.0	0.0	
1392	4652264	1625.258435197	4499.826333333334	4570.045555555555	4.38408	0.796046	4652251	0	0	0	9	0	0	0	0	9.0e-5	0.0	0.0	0.0	0.390483	0.0	0.0	0.0	0.0	1384.04	0.0	0.0	0.0	218.645	0.0	0.0	0.0	0.0	0.000297	0.0	0.0	0.0	24.2938	0.0	0.0	0.0	0.0	347	0	0	0	0	0	0	0	0	424199	0	0	0	9	0	0	0	0	2950508	0	0	0	0	0	0	0	0	471284	0	0	0	0	0	0	0	0	99950	0	0	0	0	0	0	0	0	705963	0	0	0	0	0	0	0	0	1018.81	0.0	0.0	0.0	0.000662	0.0	0.0	0.0	0.0	0.999999	0.0	0.0	0.0	1.0e-6	0.0	0.0	0.0	0.0	
1393	4655809	1626.258775647	4499.826333333334	4553.434444444443	4.37559	0.795694	4655796	0	0	0	9	0	0	0	0	1.9e-5	0.0	0.0	0.0	0.390483	0.0	0.0	0.0	0.0	1385.04	0.0	0.0	0.0	218.645	0.0	0.0	0.0	0.0	0.000297	0.0	0.0	0.0	24.2938	0.0	0.0	0.0	0.0	347	0	0	0	0	0	0	0	0	424323	0	0	0	9	0	0	0	0	2952456	0	0	0	0	0	0	0	0	471943	0	0	0	0	0	0	0	0	100047	0	0	0	0	0	0	0	0	706680	0	0	0	0	0	0	0	0	219.726	0.0	0.0	0.0	0.000662	0.0	0.0	0.0	0.0	0.999997	0.0	0.0	0.0	3.0e-6	0.0	0.0	0.0	0.0	
1394	4659267	1627.258927698	4499.826333333334	4533.684444444443	4.36717	0.795344	4659254	0	0	0	9	0	0	0	0	1.5e-5	0.0	0.0	0.0	0.390483	0.0	0.0	0.0	0.0	1386.04	0.0	0.0	0.0	218.645	0.0	0.0	0.0	0.0	0.000297	0.0	0.0	0.0	24.2938	0.0	0.0	0.0	0.0	347	0	0	0	0	0	0	0	0	424449	0	0	0	9	0	0	0	0	2954362	0	0	0	0	0	0	0	0	472652	0	0	0	0	0	0	0	0	100130	0	0	0	0	0	0	0	0	707314	0	0	0	0	0	0	0	0	165.556	0.0	0.0	0.0	0.000662	0.0	0.0	0.0	0.0	0.999996	0.0	0.0	0.0	4.0e-6	0.0	0.0	0.0	0.0	
1395	4662783	1628.259110562	4499.826333333334	4566.823333333332	4.35878	0.794993	4662770	0	0	0	9	0	0	0	0	1.7e-5	0.0	0.0	0.0	0.390483	0.0	0.0	0.0	0.0	1387.04	0.0	0.0	0.0	218.645	0.0	0.0	0.0	0.0	0.000297	0.0	0.0	0.0	24.2938	0.0	0.0	0.0	0.0	347	0	0	0	0	0	0	0	0	424585	0	0	0	9	0	0	0	0	2956320	0	0	0	0	0	0	0	0	473310	0	0	0	0	0	0	0	0	100196	0	0	0	0	0	0	0	0	708012	0	0	0	0	0	0	0	0	195.473	0.0	0.0	0.0	0.000662	0.0	0.0	0.0	0.0	0.999997	0.0	0.0	0.0	3.0e-6	0.0	0.0	0.0	0.0	
1396	4666259	1629.260057736	4499.826333333334	4551.906666666664	4.35048	0.794645	4666246	0	0	0	9	0	0	0	0	3.0e-6	0.0	0.0	0.0	0.390483	0.0	0.0	0.0	0.0	1388.04	0.0	0.0	0.0	218.645	0.0	0.0	0.0	0.0	0.000297	0.0	0.0	0.0	24.2938	0.0	0.0	0.0	0.0	347	0	0	0	0	0	0	0	0	424719	0	0	0	9	0	0	0	0	2958242	0	0	0	0	0	0	0	0	473940	0	0	0	0	0	0	0	0	100277	0	0	0	0	0	0	0	0	708721	0	0	0	0	0	0	0	0	36.4661	0.0	0.0	0.0	0.000662	0.0	0.0	0.0	0.0	0.999982	0.0	0.0	0.0	1.8e-5	0.0	0.0	0.0	0.0	
1397	4669758	1630.260131586	4499.826333333334	4609.573333333331	4.34202	0.794289	4669745	0	0	0	9	0	0	0	0	0.000355	0.0	0.0	0.0	0.390483	0.0	0.0	0.0	0.0	1389.03	0.0	0.0	0.0	218.645	0.0	0.0	0.0	0.0	0.000297	0.0	0.0	0.0	24.2938	0.0	0.0	0.0	0.0	347	0	0	0	0	0	0	0	0	424851	0	0	0	9	0	0	0	0	2960131	0	0	0	0	0	0	0	0	474620	0	0	0	0	0	0	0	0	100355	0	0	0	0	0	0	0	0	709441	0	0	0	0	0	0	0	0	4013.86	0.0	0.0	0.0	0.000662	0.0	0.0	0.0	0.0	1.0	0.0	0.0	0.0	0.0	0.0	0.0	0.0	0.0	
1398	4673243	1631.260390202	4499.826333333334	4621.045555555553	4.33368	0.793937	4673230	0	0	0	9	0	0	0	0	0.000213	0.0	0.0	0.0	0.390483	0.0	0.0	0.0	0.0	1390.03	0.0	0.0	0.0	218.645	0.0	0.0	0.0	0.0	0.000297	0.0	0.0	0.0	24.2938	0.0	0.0	0.0	0.0	347	0	0	0	0	0	0	0	0	424976	0	0	0	9	0	0	0	0	2962066	0	0	0	0	0	0	0	0	475306	0	0	0	0	0	0	0	0	100441	0	0	0	0	0	0	0	0	710094	0	0	0	0	0	0	0	0	2407.51	0.0	0.0	0.0	0.000662	0.0	0.0	0.0	0.0	1.0	0.0	0.0	0.0	0.0	0.0	0.0	0.0	0.0	
1399	4676754	1632.260595548	4499.826333333334	4604.767777777776	4.32535	0.793584	4676741	0	0	0	9	0	0	0	0	0.000574	0.0	0.0	0.0	0.390483	0.0	0.0	0.0	0.0	1391.03	0.0	0.0	0.0	218.645	0.0	0.0	0.0	0.0	0.000297	0.0	0.0	0.0	24.2938	0.0	0.0	0.0	0.0	347	0	0	0	0	0	0	0	0	425116	0	0	0	9	0	0	0	0	2963965	0	0	0	0	0	0	0	0	475993	0	0	0	0	0	0	0	0	100529	0	0	0	0	0	0	0	0	710791	0	0	0	0	0	0	0	0	6484.51	0.0	0.0	0.0	0.000662	0.0	0.0	0.0	0.0	1.0	0.0	0.0	0.0	0.0	0.0	0.0	0.0	0.0	
1400	4680276	1633.265596033	4499.826333333334	4581.545555555554	4.31706	0.793232	4680263	0	0	0	9	0	0	0	0	0.000181	0.0	0.0	0.0	0.390483	0.0	0.0	0.0	0.0	1392.03	0.0	0.0	0.0	218.645	0.0	0.0	0.0	0.0	0.000297	0.0	0.0	0.0	24.2938	0.0	0.0	0.0	0.0	347	0	0	0	0	0	0	0	0	425254	0	0	0	9	0	0	0	0	2965972	0	0	0	0	0	0	0	0	476681	0	0	0	0	0	0	0	0	100592	0	0	0	0	0	0	0	0	711417	0	0	0	0	0	0	0	0	2041.34	0.0	0.0	0.0	0.000662	0.0	0.0	0.0	0.0	1.0	0.0	0.0	0.0	0.0	0.0	0.0	0.0	0.0	
1401	4683767	1634.265675394	4499.826333333334	4551.073333333331	4.30869	0.792875	4683754	0	0	0	9	0	0	0	0	1.1e-5	0.0	0.0	0.0	0.390483	0.0	0.0	0.0	0.0	1393.03	0.0	0.0	0.0	218.645	0.0	0.0	0.0	0.0	0.000297	0.0	0.0	0.0	24.2938	0.0	0.0	0.0	0.0	347	0	0	0	0	0	0	0	0	425391	0	0	0	9	0	0	0	0	2967934	0	0	0	0	0	0	0	0	477367	0	0	0	0	0	0	0	0	100688	0	0	0	0	0	0	0	0	712027	0	0	0	0	0	0	0	0	121.407	0.0	0.0	0.0	0.000662	0.0	0.0	0.0	0.0	0.999995	0.0	0.0	0.0	5.0e-6	0.0	0.0	0.0	0.0	
1402	4687311	1635.265745864	4465.295555555553	4465.295555555553	4.30041	0.792521	4687298	0	0	0	9	0	0	0	0	0.028599	0.0	0.0	0.0	0.390483	0.0	0.0	0.0	0.0	1394.03	0.0	0.0	0.0	218.645	0.0	0.0	0.0	0.0	0.000297	0.0	0.0	0.0	24.2938	0.0	0.0	0.0	0.0	371	0	0	0	0	0	0	0	0	425514	0	0	0	9	0	0	0	0	2969869	0	0	0	0	0	0	0	0	478089	0	0	0	0	0	0	0	0	100760	0	0	0	0	0	0	0	0	712695	0	0	0	0	0	0	0	0	323331.0	0.0	0.0	0.0	0.000662	0.0	0.0	0.0	0.0	1.0	0.0	0.0	0.0	0.0	0.0	0.0	0.0	0.0	
1403	4690844	1636.265776429	4461.795555555553	4494.989999999997	4.29214	0.792166	4690831	0	0	0	9	0	0	0	0	0.000231	0.0	0.0	0.0	0.390483	0.0	0.0	0.0	0.0	1395.03	0.0	0.0	0.0	218.645	0.0	0.0	0.0	0.0	0.000297	0.0	0.0	0.0	24.2938	0.0	0.0	0.0	0.0	372	0	0	0	0	0	0	0	0	425631	0	0	0	9	0	0	0	0	2971873	0	0	0	0	0	0	0	0	478753	0	0	0	0	0	0	0	0	100831	0	0	0	0	0	0	0	0	713371	0	0	0	0	0	0	0	0	2616.24	0.0	0.0	0.0	0.000662	0.0	0.0	0.0	0.0	1.0	0.0	0.0	0.0	0.0	0.0	0.0	0.0	0.0	
1404	4694401	1637.265913936	4461.795555555553	4477.712222222219	4.28389	0.791811	4694388	0	0	0	9	0	0	0	0	0.000323	0.0	0.0	0.0	0.390483	0.0	0.0	0.0	0.0	1396.03	0.0	0.0	0.0	218.645	0.0	0.0	0.0	0.0	0.000297	0.0	0.0	0.0	24.2938	0.0	0.0	0.0	0.0	372	0	0	0	0	0	0	0	0	425783	0	0	0	9	0	0	0	0	2973834	0	0	0	0	0	0	0	0	479469	0	0	0	0	0	0	0	0	100888	0	0	0	0	0	0	0	0	714042	0	0	0	0	0	0	0	0	3657.2	0.0	0.0	0.0	0.000662	0.0	0.0	0.0	0.0	1.0	0.0	0.0	0.0	0.0	0.0	0.0	0.0	0.0	
1405	4697925	1638.27209122	4459.906666666664	4489.517777777775	4.27569	0.791456	4697912	0	0	0	9	0	0	0	0	0.000108	0.0	0.0	0.0	0.390483	0.0	0.0	0.0	0.0	1397.03	0.0	0.0	0.0	218.645	0.0	0.0	0.0	0.0	0.000297	0.0	0.0	0.0	24.2938	0.0	0.0	0.0	0.0	374	0	0	0	0	0	0	0	0	425918	0	0	0	9	0	0	0	0	2975721	0	0	0	0	0	0	0	0	480205	0	0	0	0	0	0	0	0	100971	0	0	0	0	0	0	0	0	714723	0	0	0	0	0	0	0	0	1222.76	0.0	0.0	0.0	0.000662	0.0	0.0	0.0	0.0	0.999999	0.0	0.0	0.0	1.0e-6	0.0	0.0	0.0	0.0	
1406	4701472	1639.272294228	4459.906666666664	4478.128888888887	4.26738	0.791096	4701459	0	0	0	9	0	0	0	0	7.2e-5	0.0	0.0	0.0	0.390483	0.0	0.0	0.0	0.0	1398.03	0.0	0.0	0.0	218.645	0.0	0.0	0.0	0.0	0.000297	0.0	0.0	0.0	24.2938	0.0	0.0	0.0	0.0	374	0	0	0	0	0	0	0	0	426068	0	0	0	9	0	0	0	0	2977625	0	0	0	0	0	0	0	0	480935	0	0	0	0	0	0	0	0	101050	0	0	0	0	0	0	0	0	715407	0	0	0	0	0	0	0	0	814.381	0.0	0.0	0.0	0.000662	0.0	0.0	0.0	0.0	0.999999	0.0	0.0	0.0	1.0e-6	0.0	0.0	0.0	0.0	
1407	4705022	1640.272580645	4459.906666666664	4532.934444444441	4.25918	0.790739	4705009	0	0	0	9	0	0	0	0	0.000222	0.0	0.0	0.0	0.390483	0.0	0.0	0.0	0.0	1399.03	0.0	0.0	0.0	218.645	0.0	0.0	0.0	0.0	0.000297	0.0	0.0	0.0	24.2938	0.0	0.0	0.0	0.0	374	0	0	0	0	0	0	0	0	426201	0	0	0	9	0	0	0	0	2979587	0	0	0	0	0	0	0	0	481640	0	0	0	0	0	0	0	0	101126	0	0	0	0	0	0	0	0	716081	0	0	0	0	0	0	0	0	2515.19	0.0	0.0	0.0	0.000662	0.0	0.0	0.0	0.0	1.0	0.0	0.0	0.0	0.0	0.0	0.0	0.0	0.0	
1408	4708544	1641.272631856	4459.906666666664	4510.57333333333	4.25099	0.790382	4708531	0	0	0	9	0	0	0	0	0.000121	0.0	0.0	0.0	0.390483	0.0	0.0	0.0	0.0	1400.03	0.0	0.0	0.0	218.645	0.0	0.0	0.0	0.0	0.000297	0.0	0.0	0.0	24.2938	0.0	0.0	0.0	0.0	374	0	0	0	0	0	0	0	0	426341	0	0	0	9	0	0	0	0	2981506	0	0	0	0	0	0	0	0	482368	0	0	0	0	0	0	0	0	101199	0	0	0	0	0	0	0	0	716743	0	0	0	0	0	0	0	0	1373.78	0.0	0.0	0.0	0.000662	0.0	0.0	0.0	0.0	1.0	0.0	0.0	0.0	0.0	0.0	0.0	0.0	0.0	
1409	4712058	1642.272698732	4459.906666666664	4475.6011111111075	4.24282	0.790024	4712045	0	0	0	9	0	0	0	0	2.6e-5	0.0	0.0	0.0	0.390483	0.0	0.0	0.0	0.0	1401.03	0.0	0.0	0.0	218.645	0.0	0.0	0.0	0.0	0.000297	0.0	0.0	0.0	24.2938	0.0	0.0	0.0	0.0	374	0	0	0	0	0	0	0	0	426459	0	0	0	9	0	0	0	0	2983477	0	0	0	0	0	0	0	0	483065	0	0	0	0	0	0	0	0	101262	0	0	0	0	0	0	0	0	717408	0	0	0	0	0	0	0	0	288.8	0.0	0.0	0.0	0.000662	0.0	0.0	0.0	0.0	0.999998	0.0	0.0	0.0	2.0e-6	0.0	0.0	0.0	0.0	
1410	4715667	1643.272828413	4441.656666666663	4507.017777777775	4.23466	0.789665	4715654	0	0	0	9	0	0	0	0	0.000141	0.0	0.0	0.0	0.390483	0.0	0.0	0.0	0.0	1402.03	0.0	0.0	0.0	218.645	0.0	0.0	0.0	0.0	0.000297	0.0	0.0	0.0	24.2938	0.0	0.0	0.0	0.0	386	0	0	0	0	0	0	0	0	426571	0	0	0	9	0	0	0	0	2985445	0	0	0	0	0	0	0	0	483800	0	0	0	0	0	0	0	0	101332	0	0	0	0	0	0	0	0	718120	0	0	0	0	0	0	0	0	1599.59	0.0	0.0	0.0	0.000662	0.0	0.0	0.0	0.0	1.0	0.0	0.0	0.0	0.0	0.0	0.0	0.0	0.0	
1411	4719257	1644.272924802	4441.656666666663	4542.851111111109	4.22652	0.789306	4719244	0	0	0	9	0	0	0	0	0.000124	0.0	0.0	0.0	0.390483	0.0	0.0	0.0	0.0	1403.03	0.0	0.0	0.0	218.645	0.0	0.0	0.0	0.0	0.000297	0.0	0.0	0.0	24.2938	0.0	0.0	0.0	0.0	386	0	0	0	0	0	0	0	0	426713	0	0	0	9	0	0	0	0	2987362	0	0	0	0	0	0	0	0	484530	0	0	0	0	0	0	0	0	101402	0	0	0	0	0	0	0	0	718851	0	0	0	0	0	0	0	0	1406.86	0.0	0.0	0.0	0.000662	0.0	0.0	0.0	0.0	1.0	0.0	0.0	0.0	0.0	0.0	0.0	0.0	0.0	
1412	4722823	1645.282975886	4441.656666666663	4518.434444444442	4.2184	0.788947	4722810	0	0	0	9	0	0	0	0	6.5e-5	0.0	0.0	0.0	0.390483	0.0	0.0	0.0	0.0	1404.03	0.0	0.0	0.0	218.645	0.0	0.0	0.0	0.0	0.000297	0.0	0.0	0.0	24.2938	0.0	0.0	0.0	0.0	386	0	0	0	0	0	0	0	0	426844	0	0	0	9	0	0	0	0	2989328	0	0	0	0	0	0	0	0	485282	0	0	0	0	0	0	0	0	101491	0	0	0	0	0	0	0	0	719479	0	0	0	0	0	0	0	0	739.913	0.0	0.0	0.0	0.000662	0.0	0.0	0.0	0.0	0.999999	0.0	0.0	0.0	1.0e-6	0.0	0.0	0.0	0.0	
1413	4726322	1646.283230179	4441.656666666663	4563.795555555553	4.2102	0.788582	4726309	0	0	0	9	0	0	0	0	0.000454	0.0	0.0	0.0	0.390483	0.0	0.0	0.0	0.0	1405.03	0.0	0.0	0.0	218.645	0.0	0.0	0.0	0.0	0.000297	0.0	0.0	0.0	24.2938	0.0	0.0	0.0	0.0	386	0	0	0	0	0	0	0	0	426989	0	0	0	9	0	0	0	0	2991369	0	0	0	0	0	0	0	0	486005	0	0	0	0	0	0	0	0	101532	0	0	0	0	0	0	0	0	720028	0	0	0	0	0	0	0	0	5138.63	0.0	0.0	0.0	0.000662	0.0	0.0	0.0	0.0	1.0	0.0	0.0	0.0	0.0	0.0	0.0	0.0	0.0	
1414	4729805	1647.283261708	4441.656666666663	4559.212222222221	4.20211	0.788222	4729792	0	0	0	9	0	0	0	0	0.000194	0.0	0.0	0.0	0.390483	0.0	0.0	0.0	0.0	1406.03	0.0	0.0	0.0	218.645	0.0	0.0	0.0	0.0	0.000297	0.0	0.0	0.0	24.2938	0.0	0.0	0.0	0.0	386	0	0	0	0	0	0	0	0	427124	0	0	0	9	0	0	0	0	2993375	0	0	0	0	0	0	0	0	486707	0	0	0	0	0	0	0	0	101592	0	0	0	0	0	0	0	0	720608	0	0	0	0	0	0	0	0	2193.76	0.0	0.0	0.0	0.000662	0.0	0.0	0.0	0.0	1.0	0.0	0.0	0.0	0.0	0.0	0.0	0.0	0.0	
1415	4733331	1648.283332347	4441.656666666663	4530.073333333332	4.19403	0.787861	4733318	0	0	0	9	0	0	0	0	0.000384	0.0	0.0	0.0	0.390483	0.0	0.0	0.0	0.0	1407.03	0.0	0.0	0.0	218.645	0.0	0.0	0.0	0.0	0.000297	0.0	0.0	0.0	24.2938	0.0	0.0	0.0	0.0	386	0	0	0	0	0	0	0	0	427269	0	0	0	9	0	0	0	0	2995341	0	0	0	0	0	0	0	0	487426	0	0	0	0	0	0	0	0	101667	0	0	0	0	0	0	0	0	721229	0	0	0	0	0	0	0	0	4347.79	0.0	0.0	0.0	0.000662	0.0	0.0	0.0	0.0	1.0	0.0	0.0	0.0	0.0	0.0	0.0	0.0	0.0	
1416	4736812	1649.28342901	4441.656666666663	4557.46222222222	4.18597	0.787499	4736799	0	0	0	9	0	0	0	0	5.7e-5	0.0	0.0	0.0	0.390483	0.0	0.0	0.0	0.0	1408.03	0.0	0.0	0.0	218.645	0.0	0.0	0.0	0.0	0.000297	0.0	0.0	0.0	24.2938	0.0	0.0	0.0	0.0	386	0	0	0	0	0	0	0	0	427407	0	0	0	9	0	0	0	0	2997221	0	0	0	0	0	0	0	0	488141	0	0	0	0	0	0	0	0	101723	0	0	0	0	0	0	0	0	721921	0	0	0	0	0	0	0	0	641.547	0.0	0.0	0.0	0.000662	0.0	0.0	0.0	0.0	0.999999	0.0	0.0	0.0	1.0e-6	0.0	0.0	0.0	0.0	
1417	4740296	1650.283460804	4441.656666666663	4505.073333333332	4.17792	0.787137	4740283	0	0	0	9	0	0	0	0	0.000172	0.0	0.0	0.0	0.390483	0.0	0.0	0.0	0.0	1409.03	0.0	0.0	0.0	218.645	0.0	0.0	0.0	0.0	0.000297	0.0	0.0	0.0	24.2938	0.0	0.0	0.0	0.0	386	0	0	0	0	0	0	0	0	427548	0	0	0	9	0	0	0	0	2999147	0	0	0	0	0	0	0	0	488854	0	0	0	0	0	0	0	0	101789	0	0	0	0	0	0	0	0	722559	0	0	0	0	0	0	0	0	1941.34	0.0	0.0	0.0	0.000662	0.0	0.0	0.0	0.0	1.0	0.0	0.0	0.0	0.0	0.0	0.0	0.0	0.0	
1418	4743883	1651.283760949	4441.656666666663	4552.2122222222215	4.16989	0.786774	4743870	0	0	0	9	0	0	0	0	8.8e-5	0.0	0.0	0.0	0.390483	0.0	0.0	0.0	0.0	1410.03	0.0	0.0	0.0	218.645	0.0	0.0	0.0	0.0	0.000297	0.0	0.0	0.0	24.2938	0.0	0.0	0.0	0.0	386	0	0	0	0	0	0	0	0	427692	0	0	0	9	0	0	0	0	3001102	0	0	0	0	0	0	0	0	489539	0	0	0	0	0	0	0	0	101853	0	0	0	0	0	0	0	0	723298	0	0	0	0	0	0	0	0	999.437	0.0	0.0	0.0	0.000662	0.0	0.0	0.0	0.0	0.999999	0.0	0.0	0.0	1.0e-6	0.0	0.0	0.0	0.0	
1419	4747335	1652.283879955	4441.656666666663	4568.962222222221	4.16187	0.78641	4747322	0	0	0	9	0	0	0	0	0.000499	0.0	0.0	0.0	0.390483	0.0	0.0	0.0	0.0	1411.03	0.0	0.0	0.0	218.645	0.0	0.0	0.0	0.0	0.000297	0.0	0.0	0.0	24.2938	0.0	0.0	0.0	0.0	386	0	0	0	0	0	0	0	0	427871	0	0	0	9	0	0	0	0	3003078	0	0	0	0	0	0	0	0	490178	0	0	0	0	0	0	0	0	101932	0	0	0	0	0	0	0	0	723877	0	0	0	0	0	0	0	0	5643.45	0.0	0.0	0.0	0.000662	0.0	0.0	0.0	0.0	1.0	0.0	0.0	0.0	0.0	0.0	0.0	0.0	0.0	
1420	4750887	1653.284066479	4441.656666666663	4591.406666666664	4.15387	0.786046	4750874	0	0	0	9	0	0	0	0	0.000159	0.0	0.0	0.0	0.390483	0.0	0.0	0.0	0.0	1412.02	0.0	0.0	0.0	218.645	0.0	0.0	0.0	0.0	0.000297	0.0	0.0	0.0	24.2938	0.0	0.0	0.0	0.0	386	0	0	0	0	0	0	0	0	428010	0	0	0	9	0	0	0	0	3005112	0	0	0	0	0	0	0	0	490852	0	0	0	0	0	0	0	0	101997	0	0	0	0	0	0	0	0	724517	0	0	0	0	0	0	0	0	1804.67	0.0	0.0	0.0	0.000662	0.0	0.0	0.0	0.0	1.0	0.0	0.0	0.0	0.0	0.0	0.0	0.0	0.0	
1421	4754467	1654.284151961	4441.656666666663	4597.989999999995	4.14588	0.785682	4754454	0	0	0	9	0	0	0	0	7.8e-5	0.0	0.0	0.0	0.390483	0.0	0.0	0.0	0.0	1413.02	0.0	0.0	0.0	218.645	0.0	0.0	0.0	0.0	0.000297	0.0	0.0	0.0	24.2938	0.0	0.0	0.0	0.0	386	0	0	0	0	0	0	0	0	428159	0	0	0	9	0	0	0	0	3007136	0	0	0	0	0	0	0	0	491530	0	0	0	0	0	0	0	0	102088	0	0	0	0	0	0	0	0	725155	0	0	0	0	0	0	0	0	885.688	0.0	0.0	0.0	0.000662	0.0	0.0	0.0	0.0	0.999999	0.0	0.0	0.0	1.0e-6	0.0	0.0	0.0	0.0	
1422	4757993	1655.284197699	4441.656666666663	4533.4344444444405	4.13791	0.785317	4757980	0	0	0	9	0	0	0	0	0.000207	0.0	0.0	0.0	0.390483	0.0	0.0	0.0	0.0	1414.02	0.0	0.0	0.0	218.645	0.0	0.0	0.0	0.0	0.000297	0.0	0.0	0.0	24.2938	0.0	0.0	0.0	0.0	386	0	0	0	0	0	0	0	0	428319	0	0	0	9	0	0	0	0	3009109	0	0	0	0	0	0	0	0	492193	0	0	0	0	0	0	0	0	102181	0	0	0	0	0	0	0	0	725792	0	0	0	0	0	0	0	0	2339.86	0.0	0.0	0.0	0.000662	0.0	0.0	0.0	0.0	1.0	0.0	0.0	0.0	0.0	0.0	0.0	0.0	0.0	
1423	4761534	1656.284414059	4441.656666666663	4557.795555555552	4.12996	0.784952	4761521	0	0	0	9	0	0	0	0	0.000224	0.0	0.0	0.0	0.390483	0.0	0.0	0.0	0.0	1415.02	0.0	0.0	0.0	218.645	0.0	0.0	0.0	0.0	0.000297	0.0	0.0	0.0	24.2938	0.0	0.0	0.0	0.0	386	0	0	0	0	0	0	0	0	428450	0	0	0	9	0	0	0	0	3011115	0	0	0	0	0	0	0	0	492870	0	0	0	0	0	0	0	0	102263	0	0	0	0	0	0	0	0	726437	0	0	0	0	0	0	0	0	2541.44	0.0	0.0	0.0	0.000662	0.0	0.0	0.0	0.0	1.0	0.0	0.0	0.0	0.0	0.0	0.0	0.0	0.0	
1424	4765102	1657.291290657	4441.656666666663	4541.5177777777735	4.12205	0.784587	4765089	0	0	0	9	0	0	0	0	6.5e-5	0.0	0.0	0.0	0.390483	0.0	0.0	0.0	0.0	1416.03	0.0	0.0	0.0	218.645	0.0	0.0	0.0	0.0	0.000297	0.0	0.0	0.0	24.2938	0.0	0.0	0.0	0.0	386	0	0	0	0	0	0	0	0	428575	0	0	0	9	0	0	0	0	3013099	0	0	0	0	0	0	0	0	493584	0	0	0	0	0	0	0	0	102349	0	0	0	0	0	0	0	0	727096	0	0	0	0	0	0	0	0	736.936	0.0	0.0	0.0	0.000662	0.0	0.0	0.0	0.0	0.999999	0.0	0.0	0.0	1.0e-6	0.0	0.0	0.0	0.0	
1425	4768739	1658.291383937	4441.656666666663	4552.878888888884	4.11404	0.784216	4768726	0	0	0	9	0	0	0	0	0.000217	0.0	0.0	0.0	0.390483	0.0	0.0	0.0	0.0	1417.02	0.0	0.0	0.0	218.645	0.0	0.0	0.0	0.0	0.000297	0.0	0.0	0.0	24.2938	0.0	0.0	0.0	0.0	386	0	0	0	0	0	0	0	0	428714	0	0	0	9	0	0	0	0	3015055	0	0	0	0	0	0	0	0	494279	0	0	0	0	0	0	0	0	102437	0	0	0	0	0	0	0	0	727855	0	0	0	0	0	0	0	0	2452.64	0.0	0.0	0.0	0.000662	0.0	0.0	0.0	0.0	1.0	0.0	0.0	0.0	0.0	0.0	0.0	0.0	0.0	
1426	4772271	1659.291416416	4441.656666666663	4528.989999999996	4.10613	0.783849	4772258	0	0	0	9	0	0	0	0	0.000439	0.0	0.0	0.0	0.390483	0.0	0.0	0.0	0.0	1418.02	0.0	0.0	0.0	218.645	0.0	0.0	0.0	0.0	0.000297	0.0	0.0	0.0	24.2938	0.0	0.0	0.0	0.0	386	0	0	0	0	0	0	0	0	428858	0	0	0	9	0	0	0	0	3017014	0	0	0	0	0	0	0	0	494981	0	0	0	0	0	0	0	0	102531	0	0	0	0	0	0	0	0	728488	0	0	0	0	0	0	0	0	4977.4	0.0	0.0	0.0	0.000662	0.0	0.0	0.0	0.0	1.0	0.0	0.0	0.0	0.0	0.0	0.0	0.0	0.0	
1427	4775830	1660.291524646	4441.656666666663	4531.045555555552	4.09824	0.783482	4775817	0	0	0	9	0	0	0	0	0.000164	0.0	0.0	0.0	0.390483	0.0	0.0	0.0	0.0	1419.02	0.0	0.0	0.0	218.645	0.0	0.0	0.0	0.0	0.000297	0.0	0.0	0.0	24.2938	0.0	0.0	0.0	0.0	386	0	0	0	0	0	0	0	0	429001	0	0	0	9	0	0	0	0	3019000	0	0	0	0	0	0	0	0	495653	0	0	0	0	0	0	0	0	102642	0	0	0	0	0	0	0	0	729135	0	0	0	0	0	0	0	0	1854.28	0.0	0.0	0.0	0.000662	0.0	0.0	0.0	0.0	1.0	0.0	0.0	0.0	0.0	0.0	0.0	0.0	0.0	
1428	4779395	1661.30218154	4441.656666666663	4543.462222222217	4.09036	0.783114	4779382	0	0	0	9	0	0	0	0	9.4e-5	0.0	0.0	0.0	0.390483	0.0	0.0	0.0	0.0	1420.03	0.0	0.0	0.0	218.645	0.0	0.0	0.0	0.0	0.000297	0.0	0.0	0.0	24.2938	0.0	0.0	0.0	0.0	386	0	0	0	0	0	0	0	0	429142	0	0	0	9	0	0	0	0	3020929	0	0	0	0	0	0	0	0	496360	0	0	0	0	0	0	0	0	102738	0	0	0	0	0	0	0	0	729827	0	0	0	0	0	0	0	0	1063.53	0.0	0.0	0.0	0.000662	0.0	0.0	0.0	0.0	0.999999	0.0	0.0	0.0	1.0e-6	0.0	0.0	0.0	0.0	
1429	4782925	1662.302307882	4441.656666666663	4526.43444444444	4.08241	0.782741	4782912	0	0	0	9	0	0	0	0	6.0e-6	0.0	0.0	0.0	0.390483	0.0	0.0	0.0	0.0	1421.03	0.0	0.0	0.0	218.645	0.0	0.0	0.0	0.0	0.000297	0.0	0.0	0.0	24.2938	0.0	0.0	0.0	0.0	386	0	0	0	0	0	0	0	0	429271	0	0	0	9	0	0	0	0	3022796	0	0	0	0	0	0	0	0	497121	0	0	0	0	0	0	0	0	102825	0	0	0	0	0	0	0	0	730513	0	0	0	0	0	0	0	0	68.8146	0.0	0.0	0.0	0.000662	0.0	0.0	0.0	0.0	0.99999	0.0	0.0	0.0	1.0e-5	0.0	0.0	0.0	0.0	
1430	4786434	1663.302465924	4441.656666666663	4550.073333333328	4.07456	0.782372	4786421	0	0	0	9	0	0	0	0	4.6e-5	0.0	0.0	0.0	0.390483	0.0	0.0	0.0	0.0	1422.03	0.0	0.0	0.0	218.645	0.0	0.0	0.0	0.0	0.000297	0.0	0.0	0.0	24.2938	0.0	0.0	0.0	0.0	386	0	0	0	0	0	0	0	0	429396	0	0	0	9	0	0	0	0	3024728	0	0	0	0	0	0	0	0	497796	0	0	0	0	0	0	0	0	102926	0	0	0	0	0	0	0	0	731189	0	0	0	0	0	0	0	0	520.58	0.0	0.0	0.0	0.000662	0.0	0.0	0.0	0.0	0.999999	0.0	0.0	0.0	1.0e-6	0.0	0.0	0.0	0.0	
1431	4789943	1664.302608025	4441.656666666663	4557.017777777773	4.06673	0.782002	4789930	0	0	0	9	0	0	0	0	0.000162	0.0	0.0	0.0	0.390483	0.0	0.0	0.0	0.0	1423.03	0.0	0.0	0.0	218.645	0.0	0.0	0.0	0.0	0.000297	0.0	0.0	0.0	24.2938	0.0	0.0	0.0	0.0	386	0	0	0	0	0	0	0	0	429547	0	0	0	9	0	0	0	0	3026655	0	0	0	0	0	0	0	0	498518	0	0	0	0	0	0	0	0	103024	0	0	0	0	0	0	0	0	731800	0	0	0	0	0	0	0	0	1837.66	0.0	0.0	0.0	0.000662	0.0	0.0	0.0	0.0	1.0	0.0	0.0	0.0	0.0	0.0	0.0	0.0	0.0	
1432	4793405	1665.306338087	4441.656666666663	4527.378888888884	4.05895	0.781633	4793392	0	0	0	9	0	0	0	0	0.00018	0.0	0.0	0.0	0.390483	0.0	0.0	0.0	0.0	1424.03	0.0	0.0	0.0	218.645	0.0	0.0	0.0	0.0	0.000297	0.0	0.0	0.0	24.2938	0.0	0.0	0.0	0.0	386	0	0	0	0	0	0	0	0	429696	0	0	0	9	0	0	0	0	3028662	0	0	0	0	0	0	0	0	499211	0	0	0	0	0	0	0	0	103103	0	0	0	0	0	0	0	0	732334	0	0	0	0	0	0	0	0	2043.19	0.0	0.0	0.0	0.000662	0.0	0.0	0.0	0.0	1.0	0.0	0.0	0.0	0.0	0.0	0.0	0.0	0.0	
1433	4796862	1666.306403164	4441.656666666663	4580.0177777777735	4.05108	0.78126	4796849	0	0	0	9	0	0	0	0	0.000396	0.0	0.0	0.0	0.390483	0.0	0.0	0.0	0.0	1425.03	0.0	0.0	0.0	218.645	0.0	0.0	0.0	0.0	0.000297	0.0	0.0	0.0	24.2938	0.0	0.0	0.0	0.0	386	0	0	0	0	0	0	0	0	429832	0	0	0	9	0	0	0	0	3030694	0	0	0	0	0	0	0	0	499904	0	0	0	0	0	0	0	0	103164	0	0	0	0	0	0	0	0	732869	0	0	0	0	0	0	0	0	4483.87	0.0	0.0	0.0	0.000662	0.0	0.0	0.0	0.0	1.0	0.0	0.0	0.0	0.0	0.0	0.0	0.0	0.0	
1434	4800365	1667.306442103	4441.656666666663	4566.962222222216	4.04329	0.780888	4800352	0	0	0	9	0	0	0	0	0.00041	0.0	0.0	0.0	0.390483	0.0	0.0	0.0	0.0	1426.03	0.0	0.0	0.0	218.645	0.0	0.0	0.0	0.0	0.000297	0.0	0.0	0.0	24.2938	0.0	0.0	0.0	0.0	386	0	0	0	0	0	0	0	0	429992	0	0	0	9	0	0	0	0	3032616	0	0	0	0	0	0	0	0	500572	0	0	0	0	0	0	0	0	103243	0	0	0	0	0	0	0	0	733543	0	0	0	0	0	0	0	0	4650.51	0.0	0.0	0.0	0.000662	0.0	0.0	0.0	0.0	1.0	0.0	0.0	0.0	0.0	0.0	0.0	0.0	0.0	
1435	4803844	1668.306623048	4441.656666666663	4582.351111111106	4.03552	0.780516	4803831	0	0	0	9	0	0	0	0	0.000248	0.0	0.0	0.0	0.390483	0.0	0.0	0.0	0.0	1427.02	0.0	0.0	0.0	218.645	0.0	0.0	0.0	0.0	0.000297	0.0	0.0	0.0	24.2938	0.0	0.0	0.0	0.0	386	0	0	0	0	0	0	0	0	430128	0	0	0	9	0	0	0	0	3034547	0	0	0	0	0	0	0	0	501255	0	0	0	0	0	0	0	0	103325	0	0	0	0	0	0	0	0	734190	0	0	0	0	0	0	0	0	2809.31	0.0	0.0	0.0	0.000662	0.0	0.0	0.0	0.0	1.0	0.0	0.0	0.0	0.0	0.0	0.0	0.0	0.0	
1436	4807354	1669.306825052	4441.656666666663	4535.823333333327	4.02776	0.780144	4807341	0	0	0	9	0	0	0	0	9.6e-5	0.0	0.0	0.0	0.390483	0.0	0.0	0.0	0.0	1428.02	0.0	0.0	0.0	218.645	0.0	0.0	0.0	0.0	0.000297	0.0	0.0	0.0	24.2938	0.0	0.0	0.0	0.0	386	0	0	0	0	0	0	0	0	430258	0	0	0	9	0	0	0	0	3036490	0	0	0	0	0	0	0	0	501939	0	0	0	0	0	0	0	0	103391	0	0	0	0	0	0	0	0	734877	0	0	0	0	0	0	0	0	1089.67	0.0	0.0	0.0	0.000662	0.0	0.0	0.0	0.0	0.999999	0.0	0.0	0.0	1.0e-6	0.0	0.0	0.0	0.0	
1437	4810802	1670.30702445	4441.656666666663	4540.295555555549	4.02002	0.779771	4810789	0	0	0	9	0	0	0	0	6.0e-6	0.0	0.0	0.0	0.390483	0.0	0.0	0.0	0.0	1429.02	0.0	0.0	0.0	218.645	0.0	0.0	0.0	0.0	0.000297	0.0	0.0	0.0	24.2938	0.0	0.0	0.0	0.0	386	0	0	0	0	0	0	0	0	430389	0	0	0	9	0	0	0	0	3038431	0	0	0	0	0	0	0	0	502698	0	0	0	0	0	0	0	0	103458	0	0	0	0	0	0	0	0	735427	0	0	0	0	0	0	0	0	64.7632	0.0	0.0	0.0	0.000662	0.0	0.0	0.0	0.0	0.99999	0.0	0.0	0.0	1.0e-5	0.0	0.0	0.0	0.0	
1438	4814263	1671.311457492	4441.656666666663	4504.739999999994	4.01234	0.7794	4814250	0	0	0	9	0	0	0	0	0.000642	0.0	0.0	0.0	0.390483	0.0	0.0	0.0	0.0	1430.02	0.0	0.0	0.0	218.645	0.0	0.0	0.0	0.0	0.000297	0.0	0.0	0.0	24.2938	0.0	0.0	0.0	0.0	386	0	0	0	0	0	0	0	0	430527	0	0	0	9	0	0	0	0	3040349	0	0	0	0	0	0	0	0	503442	0	0	0	0	0	0	0	0	103526	0	0	0	0	0	0	0	0	736020	0	0	0	0	0	0	0	0	7272.05	0.0	0.0	0.0	0.000662	0.0	0.0	0.0	0.0	1.0	0.0	0.0	0.0	0.0	0.0	0.0	0.0	0.0	
1439	4817738	1672.312703117	4441.656666666663	4528.378888888883	4.00459	0.779024	4817725	0	0	0	9	0	0	0	0	2.2e-5	0.0	0.0	0.0	0.390483	0.0	0.0	0.0	0.0	1431.02	0.0	0.0	0.0	218.645	0.0	0.0	0.0	0.0	0.000297	0.0	0.0	0.0	24.2938	0.0	0.0	0.0	0.0	386	0	0	0	0	0	0	0	0	430656	0	0	0	9	0	0	0	0	3042237	0	0	0	0	0	0	0	0	504140	0	0	0	0	0	0	0	0	103597	0	0	0	0	0	0	0	0	736709	0	0	0	0	0	0	0	0	253.017	0.0	0.0	0.0	0.000662	0.0	0.0	0.0	0.0	0.999997	0.0	0.0	0.0	3.0e-6	0.0	0.0	0.0	0.0	
1440	4821320	1673.313016249	4441.656666666663	4495.4066666666595	3.99683	0.778646	4821307	0	0	0	9	0	0	0	0	6.4e-5	0.0	0.0	0.0	0.390483	0.0	0.0	0.0	0.0	1432.02	0.0	0.0	0.0	218.645	0.0	0.0	0.0	0.0	0.000297	0.0	0.0	0.0	24.2938	0.0	0.0	0.0	0.0	386	0	0	0	0	0	0	0	0	430800	0	0	0	9	0	0	0	0	3044219	0	0	0	0	0	0	0	0	504806	0	0	0	0	0	0	0	0	103708	0	0	0	0	0	0	0	0	737388	0	0	0	0	0	0	0	0	723.859	0.0	0.0	0.0	0.000662	0.0	0.0	0.0	0.0	0.999999	0.0	0.0	0.0	1.0e-6	0.0	0.0	0.0	0.0	
1441	4824862	1674.323000116	4441.656666666663	4529.795555555549	3.98916	0.778272	4824849	0	0	0	9	0	0	0	0	0.00022	0.0	0.0	0.0	0.390483	0.0	0.0	0.0	0.0	1433.02	0.0	0.0	0.0	218.645	0.0	0.0	0.0	0.0	0.000297	0.0	0.0	0.0	24.2938	0.0	0.0	0.0	0.0	386	0	0	0	0	0	0	0	0	430953	0	0	0	9	0	0	0	0	3046216	0	0	0	0	0	0	0	0	505443	0	0	0	0	0	0	0	0	103803	0	0	0	0	0	0	0	0	738048	0	0	0	0	0	0	0	0	2492.55	0.0	0.0	0.0	0.000662	0.0	0.0	0.0	0.0	1.0	0.0	0.0	0.0	0.0	0.0	0.0	0.0	0.0	
1442	4828383	1675.323143603	4441.656666666663	4552.712222222216	3.9814	0.777892	4828370	0	0	0	9	0	0	0	0	0.000355	0.0	0.0	0.0	0.390483	0.0	0.0	0.0	0.0	1434.02	0.0	0.0	0.0	218.645	0.0	0.0	0.0	0.0	0.000297	0.0	0.0	0.0	24.2938	0.0	0.0	0.0	0.0	386	0	0	0	0	0	0	0	0	431086	0	0	0	9	0	0	0	0	3048147	0	0	0	0	0	0	0	0	506116	0	0	0	0	0	0	0	0	103859	0	0	0	0	0	0	0	0	738776	0	0	0	0	0	0	0	0	4020.51	0.0	0.0	0.0	0.000662	0.0	0.0	0.0	0.0	1.0	0.0	0.0	0.0	0.0	0.0	0.0	0.0	0.0	
1443	4831858	1676.323355889	4441.656666666663	4529.65666666666	3.97375	0.777516	4831845	0	0	0	9	0	0	0	0	0.000195	0.0	0.0	0.0	0.390483	0.0	0.0	0.0	0.0	1435.02	0.0	0.0	0.0	218.645	0.0	0.0	0.0	0.0	0.000297	0.0	0.0	0.0	24.2938	0.0	0.0	0.0	0.0	386	0	0	0	0	0	0	0	0	431226	0	0	0	9	0	0	0	0	3050032	0	0	0	0	0	0	0	0	506757	0	0	0	0	0	0	0	0	103926	0	0	0	0	0	0	0	0	739518	0	0	0	0	0	0	0	0	2209.05	0.0	0.0	0.0	0.000662	0.0	0.0	0.0	0.0	1.0	0.0	0.0	0.0	0.0	0.0	0.0	0.0	0.0	
1444	4835348	1677.323403651	4441.656666666663	4566.989999999994	3.96611	0.777139	4835335	0	0	0	9	0	0	0	0	0.000286	0.0	0.0	0.0	0.390483	0.0	0.0	0.0	0.0	1436.02	0.0	0.0	0.0	218.645	0.0	0.0	0.0	0.0	0.000297	0.0	0.0	0.0	24.2938	0.0	0.0	0.0	0.0	386	0	0	0	0	0	0	0	0	431356	0	0	0	9	0	0	0	0	3051951	0	0	0	0	0	0	0	0	507421	0	0	0	0	0	0	0	0	104023	0	0	0	0	0	0	0	0	740198	0	0	0	0	0	0	0	0	3247.14	0.0	0.0	0.0	0.000662	0.0	0.0	0.0	0.0	1.0	0.0	0.0	0.0	0.0	0.0	0.0	0.0	0.0	
1445	4838766	1678.323462198	4441.656666666663	4551.962222222214	3.95848	0.776761	4838753	0	0	0	9	0	0	0	0	0.000179	0.0	0.0	0.0	0.390483	0.0	0.0	0.0	0.0	1437.02	0.0	0.0	0.0	218.645	0.0	0.0	0.0	0.0	0.000297	0.0	0.0	0.0	24.2938	0.0	0.0	0.0	0.0	386	0	0	0	0	0	0	0	0	431492	0	0	0	9	0	0	0	0	3053809	0	0	0	0	0	0	0	0	508071	0	0	0	0	0	0	0	0	104114	0	0	0	0	0	0	0	0	740881	0	0	0	0	0	0	0	0	2031.15	0.0	0.0	0.0	0.000662	0.0	0.0	0.0	0.0	1.0	0.0	0.0	0.0	0.0	0.0	0.0	0.0	0.0	
1446	4842224	1679.323577091	4441.656666666663	4502.1566666666595	3.95087	0.776384	4842211	0	0	0	9	0	0	0	0	0.000262	0.0	0.0	0.0	0.390483	0.0	0.0	0.0	0.0	1438.02	0.0	0.0	0.0	218.645	0.0	0.0	0.0	0.0	0.000297	0.0	0.0	0.0	24.2938	0.0	0.0	0.0	0.0	386	0	0	0	0	0	0	0	0	431616	0	0	0	9	0	0	0	0	3055746	0	0	0	0	0	0	0	0	508711	0	0	0	0	0	0	0	0	104208	0	0	0	0	0	0	0	0	741544	0	0	0	0	0	0	0	0	2965.69	0.0	0.0	0.0	0.000662	0.0	0.0	0.0	0.0	1.0	0.0	0.0	0.0	0.0	0.0	0.0	0.0	0.0	
1447	4845626	1680.334601736	4441.656666666663	4519.1566666666595	3.94329	0.776006	4845613	0	0	0	9	0	0	0	0	0.000113	0.0	0.0	0.0	0.390483	0.0	0.0	0.0	0.0	1439.03	0.0	0.0	0.0	218.645	0.0	0.0	0.0	0.0	0.000297	0.0	0.0	0.0	24.2938	0.0	0.0	0.0	0.0	386	0	0	0	0	0	0	0	0	431718	0	0	0	9	0	0	0	0	3057664	0	0	0	0	0	0	0	0	509388	0	0	0	0	0	0	0	0	104305	0	0	0	0	0	0	0	0	742152	0	0	0	0	0	0	0	0	1276.52	0.0	0.0	0.0	0.000662	0.0	0.0	0.0	0.0	0.999999	0.0	0.0	0.0	1.0e-6	0.0	0.0	0.0	0.0	
1448	4849077	1681.336923658	4441.656666666663	4526.712222222215	3.93566	0.775624	4849064	0	0	0	9	0	0	0	0	5.7e-5	0.0	0.0	0.0	0.390483	0.0	0.0	0.0	0.0	1440.03	0.0	0.0	0.0	218.645	0.0	0.0	0.0	0.0	0.000297	0.0	0.0	0.0	24.2938	0.0	0.0	0.0	0.0	386	0	0	0	0	0	0	0	0	431837	0	0	0	9	0	0	0	0	3059544	0	0	0	0	0	0	0	0	510077	0	0	0	0	0	0	0	0	104415	0	0	0	0	0	0	0	0	742805	0	0	0	0	0	0	0	0	649.645	0.0	0.0	0.0	0.000662	0.0	0.0	0.0	0.0	0.999999	0.0	0.0	0.0	1.0e-6	0.0	0.0	0.0	0.0	
1449	4852509	1682.337123929	4441.656666666663	4555.9899999999925	3.92803	0.775242	4852496	0	0	0	9	0	0	0	0	0.000321	0.0	0.0	0.0	0.390483	0.0	0.0	0.0	0.0	1441.03	0.0	0.0	0.0	218.645	0.0	0.0	0.0	0.0	0.000297	0.0	0.0	0.0	24.2938	0.0	0.0	0.0	0.0	386	0	0	0	0	0	0	0	0	431988	0	0	0	9	0	0	0	0	3061445	0	0	0	0	0	0	0	0	510782	0	0	0	0	0	0	0	0	104479	0	0	0	0	0	0	0	0	743416	0	0	0	0	0	0	0	0	3637.47	0.0	0.0	0.0	0.000662	0.0	0.0	0.0	0.0	1.0	0.0	0.0	0.0	0.0	0.0	0.0	0.0	0.0	
1450	4855978	1683.344106799	4441.656666666663	4553.545555555548	3.92049	0.774862	4855965	0	0	0	9	0	0	0	0	0.000348	0.0	0.0	0.0	0.390483	0.0	0.0	0.0	0.0	1442.03	0.0	0.0	0.0	218.645	0.0	0.0	0.0	0.0	0.000297	0.0	0.0	0.0	24.2938	0.0	0.0	0.0	0.0	386	0	0	0	0	0	0	0	0	432137	0	0	0	9	0	0	0	0	3063317	0	0	0	0	0	0	0	0	511442	0	0	0	0	0	0	0	0	104558	0	0	0	0	0	0	0	0	744125	0	0	0	0	0	0	0	0	3946.74	0.0	0.0	0.0	0.000662	0.0	0.0	0.0	0.0	1.0	0.0	0.0	0.0	0.0	0.0	0.0	0.0	0.0	
1451	4859539	1684.344145885	4441.656666666663	4518.739999999992	3.91289	0.774478	4859526	0	0	0	9	0	0	0	0	0.000218	0.0	0.0	0.0	0.390483	0.0	0.0	0.0	0.0	1443.03	0.0	0.0	0.0	218.645	0.0	0.0	0.0	0.0	0.000297	0.0	0.0	0.0	24.2938	0.0	0.0	0.0	0.0	386	0	0	0	0	0	0	0	0	432293	0	0	0	9	0	0	0	0	3065250	0	0	0	0	0	0	0	0	512174	0	0	0	0	0	0	0	0	104634	0	0	0	0	0	0	0	0	744789	0	0	0	0	0	0	0	0	2475.77	0.0	0.0	0.0	0.000662	0.0	0.0	0.0	0.0	1.0	0.0	0.0	0.0	0.0	0.0	0.0	0.0	0.0	
1452	4863086	1685.344179106	4441.656666666663	4535.934444444435	3.90537	0.774097	4863073	0	0	0	9	0	0	0	0	5.1e-5	0.0	0.0	0.0	0.390483	0.0	0.0	0.0	0.0	1444.03	0.0	0.0	0.0	218.645	0.0	0.0	0.0	0.0	0.000297	0.0	0.0	0.0	24.2938	0.0	0.0	0.0	0.0	386	0	0	0	0	0	0	0	0	432417	0	0	0	9	0	0	0	0	3067273	0	0	0	0	0	0	0	0	512908	0	0	0	0	0	0	0	0	104701	0	0	0	0	0	0	0	0	745388	0	0	0	0	0	0	0	0	579.717	0.0	0.0	0.0	0.000662	0.0	0.0	0.0	0.0	0.999999	0.0	0.0	0.0	1.0e-6	0.0	0.0	0.0	0.0	
1453	4866641	1686.344318745	4441.656666666663	4540.601111111102	3.89786	0.773716	4866628	0	0	0	9	0	0	0	0	0.000387	0.0	0.0	0.0	0.390483	0.0	0.0	0.0	0.0	1445.03	0.0	0.0	0.0	218.645	0.0	0.0	0.0	0.0	0.000297	0.0	0.0	0.0	24.2938	0.0	0.0	0.0	0.0	386	0	0	0	0	0	0	0	0	432550	0	0	0	9	0	0	0	0	3069309	0	0	0	0	0	0	0	0	513632	0	0	0	0	0	0	0	0	104792	0	0	0	0	0	0	0	0	745959	0	0	0	0	0	0	0	0	4387.0	0.0	0.0	0.0	0.000662	0.0	0.0	0.0	0.0	1.0	0.0	0.0	0.0	0.0	0.0	0.0	0.0	0.0	
1454	4870191	1687.34460433	4441.656666666663	4586.601111111102	3.89037	0.773333	4870178	0	0	0	9	0	0	0	0	0.000229	0.0	0.0	0.0	0.390483	0.0	0.0	0.0	0.0	1446.03	0.0	0.0	0.0	218.645	0.0	0.0	0.0	0.0	0.000297	0.0	0.0	0.0	24.2938	0.0	0.0	0.0	0.0	386	0	0	0	0	0	0	0	0	432683	0	0	0	9	0	0	0	0	3071331	0	0	0	0	0	0	0	0	514330	0	0	0	0	0	0	0	0	104873	0	0	0	0	0	0	0	0	746575	0	0	0	0	0	0	0	0	2594.44	0.0	0.0	0.0	0.000662	0.0	0.0	0.0	0.0	1.0	0.0	0.0	0.0	0.0	0.0	0.0	0.0	0.0	
1455	4873811	1688.344632665	4441.656666666663	4527.684444444435	3.88289	0.77295	4873798	0	0	0	9	0	0	0	0	0.000114	0.0	0.0	0.0	0.390483	0.0	0.0	0.0	0.0	1447.02	0.0	0.0	0.0	218.645	0.0	0.0	0.0	0.0	0.000297	0.0	0.0	0.0	24.2938	0.0	0.0	0.0	0.0	386	0	0	0	0	0	0	0	0	432854	0	0	0	9	0	0	0	0	3073324	0	0	0	0	0	0	0	0	515053	0	0	0	0	0	0	0	0	104979	0	0	0	0	0	0	0	0	747202	0	0	0	0	0	0	0	0	1292.48	0.0	0.0	0.0	0.000662	0.0	0.0	0.0	0.0	0.999999	0.0	0.0	0.0	1.0e-6	0.0	0.0	0.0	0.0	
1456	4875937	1708.505490044	4441.656666666663	4461.778	3.87837	0.772719	4875923	0	0	0	10	0	0	0	0	9.0e-5	0.0	0.0	0.0	0.351935	0.0	0.0	0.0	0.0	1447.63	0.0	0.0	0.0	238.201	0.0	0.0	0.0	0.0	0.000297	0.0	0.0	0.0	23.8201	0.0	0.0	0.0	0.0	386	0	0	0	0	0	0	0	0	432926	0	0	0	10	0	0	0	0	3074511	0	0	0	0	0	0	0	0	515485	0	0	0	0	0	0	0	0	105056	0	0	0	0	0	0	0	0	747559	0	0	0	0	0	0	0	0	1022.7	0.0	0.0	0.0	0.00062	0.0	0.0	0.0	0.0	0.999999	0.0	0.0	0.0	1.0e-6	0.0	0.0	0.0	0.0	
1457	4879323	1709.51069381	4441.656666666663	4472.664666666667	3.72799	0.764723	4879309	0	0	0	10	0	0	0	0	0.000174	0.0	0.0	0.0	0.351935	0.0	0.0	0.0	0.0	1448.63	0.0	0.0	0.0	238.201	0.0	0.0	0.0	0.0	0.000297	0.0	0.0	0.0	23.8201	0.0	0.0	0.0	0.0	386	0	0	0	0	0	0	0	0	433034	0	0	0	10	0	0	0	0	3076371	0	0	0	0	0	0	0	0	516205	0	0	0	0	0	0	0	0	105180	0	0	0	0	0	0	0	0	748133	0	0	0	0	0	0	0	0	1973.22	0.0	0.0	0.0	0.00062	0.0	0.0	0.0	0.0	1.0	0.0	0.0	0.0	0.0	0.0	0.0	0.0	0.0	
1458	4882744	1710.510719222	4439.164666666667	4469.803555555555	3.72076	0.764325	4882730	0	0	0	10	0	0	0	0	0.000283	0.0	0.0	0.0	0.351935	0.0	0.0	0.0	0.0	1449.63	0.0	0.0	0.0	238.201	0.0	0.0	0.0	0.0	0.000297	0.0	0.0	0.0	23.8201	0.0	0.0	0.0	0.0	388	0	0	0	0	0	0	0	0	433151	0	0	0	10	0	0	0	0	3078210	0	0	0	0	0	0	0	0	516935	0	0	0	0	0	0	0	0	105316	0	0	0	0	0	0	0	0	748730	0	0	0	0	0	0	0	0	3213.93	0.0	0.0	0.0	0.00062	0.0	0.0	0.0	0.0	1.0	0.0	0.0	0.0	0.0	0.0	0.0	0.0	0.0	
1459	4886237	1711.51198588	4439.164666666667	4489.914666666667	3.71366	0.763932	4886223	0	0	0	10	0	0	0	0	0.000369	0.0	0.0	0.0	0.351935	0.0	0.0	0.0	0.0	1450.63	0.0	0.0	0.0	238.201	0.0	0.0	0.0	0.0	0.000297	0.0	0.0	0.0	23.8201	0.0	0.0	0.0	0.0	388	0	0	0	0	0	0	0	0	433282	0	0	0	10	0	0	0	0	3080117	0	0	0	0	0	0	0	0	517588	0	0	0	0	0	0	0	0	105418	0	0	0	0	0	0	0	0	749430	0	0	0	0	0	0	0	0	4191.2	0.0	0.0	0.0	0.00062	0.0	0.0	0.0	0.0	1.0	0.0	0.0	0.0	0.0	0.0	0.0	0.0	0.0	
1460	4889709	1712.512022395	4439.164666666667	4486.442444444445	3.70646	0.763533	4889695	0	0	0	10	0	0	0	0	5.0e-6	0.0	0.0	0.0	0.351935	0.0	0.0	0.0	0.0	1451.63	0.0	0.0	0.0	238.201	0.0	0.0	0.0	0.0	0.000297	0.0	0.0	0.0	23.8201	0.0	0.0	0.0	0.0	388	0	0	0	0	0	0	0	0	433422	0	0	0	10	0	0	0	0	3081961	0	0	0	0	0	0	0	0	518299	0	0	0	0	0	0	0	0	105551	0	0	0	0	0	0	0	0	750074	0	0	0	0	0	0	0	0	58.9029	0.0	0.0	0.0	0.00062	0.0	0.0	0.0	0.0	0.999989	0.0	0.0	0.0	1.1e-5	0.0	0.0	0.0	0.0	
1461	4893187	1713.512219853	4439.164666666667	4470.775777777777	3.69934	0.763136	4893173	0	0	0	10	0	0	0	0	6.5e-5	0.0	0.0	0.0	0.351935	0.0	0.0	0.0	0.0	1452.63	0.0	0.0	0.0	238.201	0.0	0.0	0.0	0.0	0.000297	0.0	0.0	0.0	23.8201	0.0	0.0	0.0	0.0	388	0	0	0	0	0	0	0	0	433554	0	0	0	10	0	0	0	0	3083802	0	0	0	0	0	0	0	0	519046	0	0	0	0	0	0	0	0	105662	0	0	0	0	0	0	0	0	750721	0	0	0	0	0	0	0	0	739.128	0.0	0.0	0.0	0.00062	0.0	0.0	0.0	0.0	0.999999	0.0	0.0	0.0	1.0e-6	0.0	0.0	0.0	0.0	
1462	4896622	1714.512323861	4439.164666666667	4465.053555555554	3.69222	0.762739	4896608	0	0	0	10	0	0	0	0	0.00037	0.0	0.0	0.0	0.351935	0.0	0.0	0.0	0.0	1453.63	0.0	0.0	0.0	238.201	0.0	0.0	0.0	0.0	0.000297	0.0	0.0	0.0	23.8201	0.0	0.0	0.0	0.0	388	0	0	0	0	0	0	0	0	433682	0	0	0	10	0	0	0	0	3085618	0	0	0	0	0	0	0	0	519740	0	0	0	0	0	0	0	0	105788	0	0	0	0	0	0	0	0	751392	0	0	0	0	0	0	0	0	4195.39	0.0	0.0	0.0	0.00062	0.0	0.0	0.0	0.0	1.0	0.0	0.0	0.0	0.0	0.0	0.0	0.0	0.0	
1463	4900026	1715.512697243	4421.831333333332	4434.331333333332	3.68518	0.762344	4900012	0	0	0	10	0	0	0	0	0.000263	0.0	0.0	0.0	0.351935	0.0	0.0	0.0	0.0	1454.63	0.0	0.0	0.0	238.201	0.0	0.0	0.0	0.0	0.000297	0.0	0.0	0.0	23.8201	0.0	0.0	0.0	0.0	399	0	0	0	0	0	0	0	0	433783	0	0	0	10	0	0	0	0	3087479	0	0	0	0	0	0	0	0	520480	0	0	0	0	0	0	0	0	105871	0	0	0	0	0	0	0	0	752000	0	0	0	0	0	0	0	0	2978.77	0.0	0.0	0.0	0.00062	0.0	0.0	0.0	0.0	1.0	0.0	0.0	0.0	0.0	0.0	0.0	0.0	0.0	
1464	4903441	1716.51288118	4421.831333333332	4452.997999999999	3.67804	0.761943	4903427	0	0	0	10	0	0	0	0	0.000148	0.0	0.0	0.0	0.351935	0.0	0.0	0.0	0.0	1455.61	0.0	0.0	0.0	238.201	0.0	0.0	0.0	0.0	0.000297	0.0	0.0	0.0	23.8201	0.0	0.0	0.0	0.0	399	0	0	0	0	0	0	0	0	433899	0	0	0	10	0	0	0	0	3089301	0	0	0	0	0	0	0	0	521173	0	0	0	0	0	0	0	0	105966	0	0	0	0	0	0	0	0	752689	0	0	0	0	0	0	0	0	1679.71	0.0	0.0	0.0	0.00062	0.0	0.0	0.0	0.0	1.0	0.0	0.0	0.0	0.0	0.0	0.0	0.0	0.0	
1465	4906854	1717.513143921	4421.831333333332	4436.581333333333	3.67097	0.761544	4906840	0	0	0	10	0	0	0	0	4.6e-5	0.0	0.0	0.0	0.351935	0.0	0.0	0.0	0.0	1456.61	0.0	0.0	0.0	238.201	0.0	0.0	0.0	0.0	0.000297	0.0	0.0	0.0	23.8201	0.0	0.0	0.0	0.0	399	0	0	0	0	0	0	0	0	434014	0	0	0	10	0	0	0	0	3091161	0	0	0	0	0	0	0	0	521941	0	0	0	0	0	0	0	0	106046	0	0	0	0	0	0	0	0	753279	0	0	0	0	0	0	0	0	520.862	0.0	0.0	0.0	0.00062	0.0	0.0	0.0	0.0	0.999999	0.0	0.0	0.0	1.0e-6	0.0	0.0	0.0	0.0	
1466	4910286	1718.513239895	4419.386888888888	4451.414666666666	3.66391	0.761144	4910272	0	0	0	10	0	0	0	0	1.0e-6	0.0	0.0	0.0	0.351935	0.0	0.0	0.0	0.0	1457.61	0.0	0.0	0.0	238.201	0.0	0.0	0.0	0.0	0.000297	0.0	0.0	0.0	23.8201	0.0	0.0	0.0	0.0	400	0	0	0	0	0	0	0	0	434137	0	0	0	10	0	0	0	0	3093130	0	0	0	0	0	0	0	0	522662	0	0	0	0	0	0	0	0	106138	0	0	0	0	0	0	0	0	753805	0	0	0	0	0	0	0	0	13.3436	0.0	0.0	0.0	0.00062	0.0	0.0	0.0	0.0	0.999954	0.0	0.0	0.0	4.6e-5	0.0	0.0	0.0	0.0	
1467	4913733	1719.513350881	4419.386888888888	4455.803555555554	3.65687	0.760744	4913719	0	0	0	10	0	0	0	0	0.000112	0.0	0.0	0.0	0.351935	0.0	0.0	0.0	0.0	1458.61	0.0	0.0	0.0	238.201	0.0	0.0	0.0	0.0	0.000297	0.0	0.0	0.0	23.8201	0.0	0.0	0.0	0.0	400	0	0	0	0	0	0	0	0	434278	0	0	0	10	0	0	0	0	3095030	0	0	0	0	0	0	0	0	523366	0	0	0	0	0	0	0	0	106224	0	0	0	0	0	0	0	0	754421	0	0	0	0	0	0	0	0	1266.18	0.0	0.0	0.0	0.00062	0.0	0.0	0.0	0.0	1.0	0.0	0.0	0.0	0.0	0.0	0.0	0.0	0.0	
1468	4917114	1720.513521465	4419.386888888888	4510.775777777777	3.64983	0.760343	4917100	0	0	0	10	0	0	0	0	0.000413	0.0	0.0	0.0	0.351935	0.0	0.0	0.0	0.0	1459.61	0.0	0.0	0.0	238.201	0.0	0.0	0.0	0.0	0.000297	0.0	0.0	0.0	23.8201	0.0	0.0	0.0	0.0	400	0	0	0	0	0	0	0	0	434417	0	0	0	10	0	0	0	0	3096916	0	0	0	0	0	0	0	0	524040	0	0	0	0	0	0	0	0	106299	0	0	0	0	0	0	0	0	755028	0	0	0	0	0	0	0	0	4690.73	0.0	0.0	0.0	0.00062	0.0	0.0	0.0	0.0	1.0	0.0	0.0	0.0	0.0	0.0	0.0	0.0	0.0	
1469	4920509	1721.51368716	4419.386888888888	4484.275777777777	3.64282	0.759942	4920495	0	0	0	10	0	0	0	0	3.2e-5	0.0	0.0	0.0	0.351935	0.0	0.0	0.0	0.0	1460.61	0.0	0.0	0.0	238.201	0.0	0.0	0.0	0.0	0.000297	0.0	0.0	0.0	23.8201	0.0	0.0	0.0	0.0	400	0	0	0	0	0	0	0	0	434564	0	0	0	10	0	0	0	0	3098866	0	0	0	0	0	0	0	0	524716	0	0	0	0	0	0	0	0	106354	0	0	0	0	0	0	0	0	755595	0	0	0	0	0	0	0	0	363.349	0.0	0.0	0.0	0.00062	0.0	0.0	0.0	0.0	0.999998	0.0	0.0	0.0	2.0e-6	0.0	0.0	0.0	0.0	
1470	4923886	1722.513860675	4419.386888888888	4478.331333333333	3.63581	0.759541	4923872	0	0	0	10	0	0	0	0	0.000252	0.0	0.0	0.0	0.351935	0.0	0.0	0.0	0.0	1461.6	0.0	0.0	0.0	238.201	0.0	0.0	0.0	0.0	0.000297	0.0	0.0	0.0	23.8201	0.0	0.0	0.0	0.0	400	0	0	0	0	0	0	0	0	434689	0	0	0	10	0	0	0	0	3100749	0	0	0	0	0	0	0	0	525458	0	0	0	0	0	0	0	0	106432	0	0	0	0	0	0	0	0	756144	0	0	0	0	0	0	0	0	2858.35	0.0	0.0	0.0	0.00062	0.0	0.0	0.0	0.0	1.0	0.0	0.0	0.0	0.0	0.0	0.0	0.0	0.0	
1471	4927200	1723.513998096	4419.386888888888	4514.442444444443	3.62882	0.759138	4927186	0	0	0	10	0	0	0	0	0.000183	0.0	0.0	0.0	0.351935	0.0	0.0	0.0	0.0	1462.6	0.0	0.0	0.0	238.201	0.0	0.0	0.0	0.0	0.000297	0.0	0.0	0.0	23.8201	0.0	0.0	0.0	0.0	400	0	0	0	0	0	0	0	0	434816	0	0	0	10	0	0	0	0	3102617	0	0	0	0	0	0	0	0	526166	0	0	0	0	0	0	0	0	106494	0	0	0	0	0	0	0	0	756693	0	0	0	0	0	0	0	0	2079.96	0.0	0.0	0.0	0.00062	0.0	0.0	0.0	0.0	1.0	0.0	0.0	0.0	0.0	0.0	0.0	0.0	0.0	
1472	4930624	1724.524712928	4419.386888888888	4498.414666666665	3.62185	0.758736	4930610	0	0	0	10	0	0	0	0	2.7e-5	0.0	0.0	0.0	0.351935	0.0	0.0	0.0	0.0	1463.61	0.0	0.0	0.0	238.201	0.0	0.0	0.0	0.0	0.000297	0.0	0.0	0.0	23.8201	0.0	0.0	0.0	0.0	400	0	0	0	0	0	0	0	0	434942	0	0	0	10	0	0	0	0	3104430	0	0	0	0	0	0	0	0	526896	0	0	0	0	0	0	0	0	106583	0	0	0	0	0	0	0	0	757359	0	0	0	0	0	0	0	0	305.47	0.0	0.0	0.0	0.00062	0.0	0.0	0.0	0.0	0.999998	0.0	0.0	0.0	2.0e-6	0.0	0.0	0.0	0.0	
1473	4934076	1725.531754542	4419.386888888888	4518.470222222221	3.61482	0.758328	4934062	0	0	0	10	0	0	0	0	6.9e-5	0.0	0.0	0.0	0.351935	0.0	0.0	0.0	0.0	1464.62	0.0	0.0	0.0	238.201	0.0	0.0	0.0	0.0	0.000297	0.0	0.0	0.0	23.8201	0.0	0.0	0.0	0.0	400	0	0	0	0	0	0	0	0	435075	0	0	0	10	0	0	0	0	3106355	0	0	0	0	0	0	0	0	527609	0	0	0	0	0	0	0	0	106658	0	0	0	0	0	0	0	0	757965	0	0	0	0	0	0	0	0	782.236	0.0	0.0	0.0	0.00062	0.0	0.0	0.0	0.0	0.999999	0.0	0.0	0.0	1.0e-6	0.0	0.0	0.0	0.0	
1474	4937435	1726.531774419	4419.386888888888	4538.025777777777	3.60781	0.757921	4937421	0	0	0	10	0	0	0	0	0.000389	0.0	0.0	0.0	0.351935	0.0	0.0	0.0	0.0	1465.62	0.0	0.0	0.0	238.201	0.0	0.0	0.0	0.0	0.000297	0.0	0.0	0.0	23.8201	0.0	0.0	0.0	0.0	400	0	0	0	0	0	0	0	0	435208	0	0	0	10	0	0	0	0	3108267	0	0	0	0	0	0	0	0	528328	0	0	0	0	0	0	0	0	106723	0	0	0	0	0	0	0	0	758495	0	0	0	0	0	0	0	0	4416.41	0.0	0.0	0.0	0.00062	0.0	0.0	0.0	0.0	1.0	0.0	0.0	0.0	0.0	0.0	0.0	0.0	0.0	
1475	4940754	1727.531860222	4419.386888888888	4565.747999999999	3.60088	0.757516	4940740	0	0	0	10	0	0	0	0	0.000117	0.0	0.0	0.0	0.351935	0.0	0.0	0.0	0.0	1466.62	0.0	0.0	0.0	238.201	0.0	0.0	0.0	0.0	0.000297	0.0	0.0	0.0	23.8201	0.0	0.0	0.0	0.0	400	0	0	0	0	0	0	0	0	435318	0	0	0	10	0	0	0	0	3110162	0	0	0	0	0	0	0	0	529087	0	0	0	0	0	0	0	0	106803	0	0	0	0	0	0	0	0	758970	0	0	0	0	0	0	0	0	1323.54	0.0	0.0	0.0	0.00062	0.0	0.0	0.0	0.0	1.0	0.0	0.0	0.0	0.0	0.0	0.0	0.0	0.0	
1476	4944219	1728.531936705	4419.386888888888	4516.275777777775	3.59396	0.757111	4944205	0	0	0	10	0	0	0	0	0.0002	0.0	0.0	0.0	0.351935	0.0	0.0	0.0	0.0	1467.61	0.0	0.0	0.0	238.201	0.0	0.0	0.0	0.0	0.000297	0.0	0.0	0.0	23.8201	0.0	0.0	0.0	0.0	400	0	0	0	0	0	0	0	0	435464	0	0	0	10	0	0	0	0	3112145	0	0	0	0	0	0	0	0	529782	0	0	0	0	0	0	0	0	106885	0	0	0	0	0	0	0	0	759529	0	0	0	0	0	0	0	0	2271.89	0.0	0.0	0.0	0.00062	0.0	0.0	0.0	0.0	1.0	0.0	0.0	0.0	0.0	0.0	0.0	0.0	0.0	
1477	4947592	1729.532065015	4419.386888888888	4499.775777777774	3.58705	0.756706	4947578	0	0	0	10	0	0	0	0	9.6e-5	0.0	0.0	0.0	0.351935	0.0	0.0	0.0	0.0	1468.61	0.0	0.0	0.0	238.201	0.0	0.0	0.0	0.0	0.000297	0.0	0.0	0.0	23.8201	0.0	0.0	0.0	0.0	400	0	0	0	0	0	0	0	0	435582	0	0	0	10	0	0	0	0	3114020	0	0	0	0	0	0	0	0	530480	0	0	0	0	0	0	0	0	106970	0	0	0	0	0	0	0	0	760126	0	0	0	0	0	0	0	0	1088.06	0.0	0.0	0.0	0.00062	0.0	0.0	0.0	0.0	0.999999	0.0	0.0	0.0	1.0e-6	0.0	0.0	0.0	0.0	
1478	4950947	1730.532221376	4419.386888888888	4535.4702222222195	3.58015	0.756299	4950933	0	0	0	10	0	0	0	0	0.000156	0.0	0.0	0.0	0.351935	0.0	0.0	0.0	0.0	1469.61	0.0	0.0	0.0	238.201	0.0	0.0	0.0	0.0	0.000297	0.0	0.0	0.0	23.8201	0.0	0.0	0.0	0.0	400	0	0	0	0	0	0	0	0	435716	0	0	0	10	0	0	0	0	3115965	0	0	0	0	0	0	0	0	531170	0	0	0	0	0	0	0	0	107042	0	0	0	0	0	0	0	0	760640	0	0	0	0	0	0	0	0	1767.93	0.0	0.0	0.0	0.00062	0.0	0.0	0.0	0.0	1.0	0.0	0.0	0.0	0.0	0.0	0.0	0.0	0.0	
1479	4954343	1731.532254463	4419.386888888888	4502.0535555555525	3.57327	0.755893	4954329	0	0	0	10	0	0	0	0	0.000181	0.0	0.0	0.0	0.351935	0.0	0.0	0.0	0.0	1470.61	0.0	0.0	0.0	238.201	0.0	0.0	0.0	0.0	0.000297	0.0	0.0	0.0	23.8201	0.0	0.0	0.0	0.0	400	0	0	0	0	0	0	0	0	435863	0	0	0	10	0	0	0	0	3117899	0	0	0	0	0	0	0	0	531828	0	0	0	0	0	0	0	0	107130	0	0	0	0	0	0	0	0	761209	0	0	0	0	0	0	0	0	2052.4	0.0	0.0	0.0	0.00062	0.0	0.0	0.0	0.0	1.0	0.0	0.0	0.0	0.0	0.0	0.0	0.0	0.0	
1480	4957725	1732.532436782	4419.386888888888	4501.359111111108	3.5664	0.755485	4957711	0	0	0	10	0	0	0	0	0.000245	0.0	0.0	0.0	0.351935	0.0	0.0	0.0	0.0	1471.61	0.0	0.0	0.0	238.201	0.0	0.0	0.0	0.0	0.000297	0.0	0.0	0.0	23.8201	0.0	0.0	0.0	0.0	400	0	0	0	0	0	0	0	0	435979	0	0	0	10	0	0	0	0	3119794	0	0	0	0	0	0	0	0	532545	0	0	0	0	0	0	0	0	107204	0	0	0	0	0	0	0	0	761789	0	0	0	0	0	0	0	0	2776.09	0.0	0.0	0.0	0.00062	0.0	0.0	0.0	0.0	1.0	0.0	0.0	0.0	0.0	0.0	0.0	0.0	0.0	
1481	4961063	1733.532628348	4419.386888888888	4485.2202222222195	3.55954	0.755077	4961049	0	0	0	10	0	0	0	0	8.5e-5	0.0	0.0	0.0	0.351935	0.0	0.0	0.0	0.0	1472.61	0.0	0.0	0.0	238.201	0.0	0.0	0.0	0.0	0.000297	0.0	0.0	0.0	23.8201	0.0	0.0	0.0	0.0	400	0	0	0	0	0	0	0	0	436102	0	0	0	10	0	0	0	0	3121658	0	0	0	0	0	0	0	0	533263	0	0	0	0	0	0	0	0	107296	0	0	0	0	0	0	0	0	762330	0	0	0	0	0	0	0	0	966.783	0.0	0.0	0.0	0.00062	0.0	0.0	0.0	0.0	0.999999	0.0	0.0	0.0	1.0e-6	0.0	0.0	0.0	0.0	
1482	4964384	1734.532777816	4419.386888888888	4472.164666666664	3.5527	0.754669	4964370	0	0	0	10	0	0	0	0	8.8e-5	0.0	0.0	0.0	0.351935	0.0	0.0	0.0	0.0	1473.61	0.0	0.0	0.0	238.201	0.0	0.0	0.0	0.0	0.000297	0.0	0.0	0.0	23.8201	0.0	0.0	0.0	0.0	400	0	0	0	0	0	0	0	0	436216	0	0	0	10	0	0	0	0	3123492	0	0	0	0	0	0	0	0	533981	0	0	0	0	0	0	0	0	107377	0	0	0	0	0	0	0	0	762904	0	0	0	0	0	0	0	0	993.468	0.0	0.0	0.0	0.00062	0.0	0.0	0.0	0.0	0.999999	0.0	0.0	0.0	1.0e-6	0.0	0.0	0.0	0.0	
1483	4967720	1735.535756214	4419.386888888888	4470.2202222222195	3.54592	0.754263	4967706	0	0	0	10	0	0	0	0	0.0	0.0	0.0	0.0	0.351935	0.0	0.0	0.0	0.0	1474.61	0.0	0.0	0.0	238.201	0.0	0.0	0.0	0.0	0.000297	0.0	0.0	0.0	23.8201	0.0	0.0	0.0	0.0	400	0	0	0	0	0	0	0	0	436325	0	0	0	10	0	0	0	0	3125329	0	0	0	0	0	0	0	0	534692	0	0	0	0	0	0	0	0	107483	0	0	0	0	0	0	0	0	763477	0	0	0	0	0	0	0	0	0.389024	0.0	0.0	0.0	0.00062	0.0	0.0	0.0	0.0	0.998408	0.0	0.0	0.0	0.001592	0.0	0.0	0.0	0.0	
1484	4967721	1756.515973679	4419.386888888888	4439.861	3.54585	0.754258	4967706	0	0	0	11	0	0	0	0	0.0	0.0	0.0	0.0	0.317242	0.0	0.0	0.0	0.0	1474.61	0.0	0.0	0.0	259.182	0.0	0.0	0.0	0.0	0.000297	0.0	0.0	0.0	23.562	0.0	0.0	0.0	0.0	400	0	0	0	0	0	0	0	0	436325	0	0	0	11	0	0	0	0	3125329	0	0	0	0	0	0	0	0	534692	0	0	0	0	0	0	0	0	107483	0	0	0	0	0	0	0	0	763477	0	0	0	0	0	0	0	0	0.389024	0.0	0.0	0.0	0.000571	0.0	0.0	0.0	0.0	0.998533	0.0	0.0	0.0	0.001467	0.0	0.0	0.0	0.0	
1485	4971181	1757.51613604	4419.386888888888	4459.862111111112	3.39901	0.745125	4971166	0	0	0	11	0	0	0	0	0.000127	0.0	0.0	0.0	0.317242	0.0	0.0	0.0	0.0	1475.61	0.0	0.0	0.0	259.182	0.0	0.0	0.0	0.0	0.000297	0.0	0.0	0.0	23.562	0.0	0.0	0.0	0.0	400	0	0	0	0	0	0	0	0	436429	0	0	0	11	0	0	0	0	3127126	0	0	0	0	0	0	0	0	535437	0	0	0	0	0	0	0	0	107579	0	0	0	0	0	0	0	0	764195	0	0	0	0	0	0	0	0	1440.09	0.0	0.0	0.0	0.000571	0.0	0.0	0.0	0.0	1.0	0.0	0.0	0.0	0.0	0.0	0.0	0.0	0.0	
1486	4974645	1758.516231278	4419.386888888888	4498.473222222224	3.39248	0.744703	4974630	0	0	0	11	0	0	0	0	0.000145	0.0	0.0	0.0	0.317242	0.0	0.0	0.0	0.0	1476.6	0.0	0.0	0.0	259.182	0.0	0.0	0.0	0.0	0.000297	0.0	0.0	0.0	23.562	0.0	0.0	0.0	0.0	400	0	0	0	0	0	0	0	0	436547	0	0	0	11	0	0	0	0	3128928	0	0	0	0	0	0	0	0	536189	0	0	0	0	0	0	0	0	107636	0	0	0	0	0	0	0	0	764930	0	0	0	0	0	0	0	0	1641.55	0.0	0.0	0.0	0.000571	0.0	0.0	0.0	0.0	1.0	0.0	0.0	0.0	0.0	0.0	0.0	0.0	0.0	
1487	4975080	1768.202632347	4419.386888888888	4481.25	3.39166	0.74465	4975064	0	0	0	12	0	0	0	0	0.0	0.0	0.0	0.0	0.286017	0.0	0.0	0.0	0.0	1476.73	0.0	0.0	0.0	268.743	0.0	0.0	0.0	0.0	0.000297	0.0	0.0	0.0	22.3952	0.0	0.0	0.0	0.0	400	0	0	0	0	0	0	0	0	436554	0	0	0	12	0	0	0	0	3129164	0	0	0	0	0	0	0	0	536283	0	0	0	0	0	0	0	0	107647	0	0	0	0	0	0	0	0	765016	0	0	0	0	0	0	0	0	0.932921	0.0	0.0	0.0	0.00057	0.0	0.0	0.0	0.0	0.999389	0.0	0.0	0.0	0.000611	0.0	0.0	0.0	0.0	
1488	4978546	1769.202664388	4419.386888888888	4439.6288888888885	3.32343	0.740156	4978530	0	0	0	12	0	0	0	0	7.5e-5	0.0	0.0	0.0	0.286017	0.0	0.0	0.0	0.0	1477.73	0.0	0.0	0.0	268.743	0.0	0.0	0.0	0.0	0.000297	0.0	0.0	0.0	22.3952	0.0	0.0	0.0	0.0	400	0	0	0	0	0	0	0	0	436641	0	0	0	12	0	0	0	0	3130877	0	0	0	0	0	0	0	0	537078	0	0	0	0	0	0	0	0	107742	0	0	0	0	0	0	0	0	765792	0	0	0	0	0	0	0	0	846.032	0.0	0.0	0.0	0.00057	0.0	0.0	0.0	0.0	0.999999	0.0	0.0	0.0	1.0e-6	0.0	0.0	0.0	0.0	
1489	4981987	1770.202744917	4419.386888888888	4444.573333333333	3.31704	0.739728	4981971	0	0	0	12	0	0	0	0	0.000136	0.0	0.0	0.0	0.286017	0.0	0.0	0.0	0.0	1478.73	0.0	0.0	0.0	268.743	0.0	0.0	0.0	0.0	0.000297	0.0	0.0	0.0	22.3952	0.0	0.0	0.0	0.0	400	0	0	0	0	0	0	0	0	436722	0	0	0	12	0	0	0	0	3132607	0	0	0	0	0	0	0	0	537936	0	0	0	0	0	0	0	0	107825	0	0	0	0	0	0	0	0	766481	0	0	0	0	0	0	0	0	1538.6	0.0	0.0	0.0	0.00057	0.0	0.0	0.0	0.0	1.0	0.0	0.0	0.0	0.0	0.0	0.0	0.0	0.0	
1490	4985415	1771.202790285	4419.386888888888	4496.24	3.31067	0.739298	4985399	0	0	0	12	0	0	0	0	9.0e-5	0.0	0.0	0.0	0.286017	0.0	0.0	0.0	0.0	1479.73	0.0	0.0	0.0	268.743	0.0	0.0	0.0	0.0	0.000297	0.0	0.0	0.0	22.3952	0.0	0.0	0.0	0.0	400	0	0	0	0	0	0	0	0	436829	0	0	0	12	0	0	0	0	3134366	0	0	0	0	0	0	0	0	538713	0	0	0	0	0	0	0	0	107898	0	0	0	0	0	0	0	0	767193	0	0	0	0	0	0	0	0	1021.23	0.0	0.0	0.0	0.00057	0.0	0.0	0.0	0.0	0.999999	0.0	0.0	0.0	1.0e-6	0.0	0.0	0.0	0.0	
1491	4988894	1772.203034354	4419.386888888888	4439.7122222222215	3.3043	0.738868	4988878	0	0	0	12	0	0	0	0	0.00053	0.0	0.0	0.0	0.286017	0.0	0.0	0.0	0.0	1480.72	0.0	0.0	0.0	268.743	0.0	0.0	0.0	0.0	0.000297	0.0	0.0	0.0	22.3952	0.0	0.0	0.0	0.0	400	0	0	0	0	0	0	0	0	436966	0	0	0	12	0	0	0	0	3136200	0	0	0	0	0	0	0	0	539417	0	0	0	0	0	0	0	0	107978	0	0	0	0	0	0	0	0	767917	0	0	0	0	0	0	0	0	6016.64	0.0	0.0	0.0	0.00057	0.0	0.0	0.0	0.0	1.0	0.0	0.0	0.0	0.0	0.0	0.0	0.0	0.0	
1492	4992312	1773.203169762	4419.386888888888	4493.406666666666	3.29795	0.738437	4992296	0	0	0	12	0	0	0	0	0.000394	0.0	0.0	0.0	0.286017	0.0	0.0	0.0	0.0	1481.72	0.0	0.0	0.0	268.743	0.0	0.0	0.0	0.0	0.000297	0.0	0.0	0.0	22.3952	0.0	0.0	0.0	0.0	400	0	0	0	0	0	0	0	0	437081	0	0	0	12	0	0	0	0	3138067	0	0	0	0	0	0	0	0	540156	0	0	0	0	0	0	0	0	108087	0	0	0	0	0	0	0	0	768505	0	0	0	0	0	0	0	0	4474.04	0.0	0.0	0.0	0.00057	0.0	0.0	0.0	0.0	1.0	0.0	0.0	0.0	0.0	0.0	0.0	0.0	0.0	
1493	4995669	1774.203387337	4419.386888888888	4454.7122222222215	3.29161	0.738006	4995653	0	0	0	12	0	0	0	0	2.4e-5	0.0	0.0	0.0	0.286017	0.0	0.0	0.0	0.0	1482.72	0.0	0.0	0.0	268.743	0.0	0.0	0.0	0.0	0.000297	0.0	0.0	0.0	22.3952	0.0	0.0	0.0	0.0	400	0	0	0	0	0	0	0	0	437217	0	0	0	12	0	0	0	0	3139933	0	0	0	0	0	0	0	0	540862	0	0	0	0	0	0	0	0	108164	0	0	0	0	0	0	0	0	769077	0	0	0	0	0	0	0	0	276.097	0.0	0.0	0.0	0.00057	0.0	0.0	0.0	0.0	0.999998	0.0	0.0	0.0	2.0e-6	0.0	0.0	0.0	0.0	
1494	4999088	1775.21243582	4419.386888888888	4473.906666666666	3.28529	0.737575	4999072	0	0	0	12	0	0	0	0	9.7e-5	0.0	0.0	0.0	0.286017	0.0	0.0	0.0	0.0	1483.73	0.0	0.0	0.0	268.743	0.0	0.0	0.0	0.0	0.000297	0.0	0.0	0.0	22.3952	0.0	0.0	0.0	0.0	400	0	0	0	0	0	0	0	0	437324	0	0	0	12	0	0	0	0	3141742	0	0	0	0	0	0	0	0	541664	0	0	0	0	0	0	0	0	108240	0	0	0	0	0	0	0	0	769702	0	0	0	0	0	0	0	0	1101.59	0.0	0.0	0.0	0.00057	0.0	0.0	0.0	0.0	0.999999	0.0	0.0	0.0	1.0e-6	0.0	0.0	0.0	0.0	
1495	5002489	1776.21249076	4419.386888888888	4463.073333333333	3.27891	0.737138	5002473	0	0	0	12	0	0	0	0	8.0e-6	0.0	0.0	0.0	0.286017	0.0	0.0	0.0	0.0	1484.73	0.0	0.0	0.0	268.743	0.0	0.0	0.0	0.0	0.000297	0.0	0.0	0.0	22.3952	0.0	0.0	0.0	0.0	400	0	0	0	0	0	0	0	0	437443	0	0	0	12	0	0	0	0	3143622	0	0	0	0	0	0	0	0	542461	0	0	0	0	0	0	0	0	108312	0	0	0	0	0	0	0	0	770235	0	0	0	0	0	0	0	0	90.6551	0.0	0.0	0.0	0.00057	0.0	0.0	0.0	0.0	0.999994	0.0	0.0	0.0	6.0e-6	0.0	0.0	0.0	0.0	
1496	5005961	1777.212715089	4419.386888888888	4487.434444444443	3.2726	0.736705	5005945	0	0	0	12	0	0	0	0	0.000644	0.0	0.0	0.0	0.286017	0.0	0.0	0.0	0.0	1485.73	0.0	0.0	0.0	268.743	0.0	0.0	0.0	0.0	0.000297	0.0	0.0	0.0	22.3952	0.0	0.0	0.0	0.0	400	0	0	0	0	0	0	0	0	437569	0	0	0	12	0	0	0	0	3145474	0	0	0	0	0	0	0	0	543280	0	0	0	0	0	0	0	0	108386	0	0	0	0	0	0	0	0	770836	0	0	0	0	0	0	0	0	7316.2	0.0	0.0	0.0	0.00057	0.0	0.0	0.0	0.0	1.0	0.0	0.0	0.0	0.0	0.0	0.0	0.0	0.0	
1497	5009366	1778.212959603	4419.386888888888	4483.656666666665	3.26631	0.736272	5009350	0	0	0	12	0	0	0	0	9.4e-5	0.0	0.0	0.0	0.286017	0.0	0.0	0.0	0.0	1486.73	0.0	0.0	0.0	268.743	0.0	0.0	0.0	0.0	0.000297	0.0	0.0	0.0	22.3952	0.0	0.0	0.0	0.0	400	0	0	0	0	0	0	0	0	437686	0	0	0	12	0	0	0	0	3147369	0	0	0	0	0	0	0	0	544054	0	0	0	0	0	0	0	0	108453	0	0	0	0	0	0	0	0	771388	0	0	0	0	0	0	0	0	1064.87	0.0	0.0	0.0	0.00057	0.0	0.0	0.0	0.0	0.999999	0.0	0.0	0.0	1.0e-6	0.0	0.0	0.0	0.0	
1498	5012833	1779.213050258	4419.386888888888	4516.35111111111	3.26003	0.735838	5012817	0	0	0	12	0	0	0	0	0.000226	0.0	0.0	0.0	0.286017	0.0	0.0	0.0	0.0	1487.71	0.0	0.0	0.0	268.743	0.0	0.0	0.0	0.0	0.000297	0.0	0.0	0.0	22.3952	0.0	0.0	0.0	0.0	400	0	0	0	0	0	0	0	0	437816	0	0	0	12	0	0	0	0	3149333	0	0	0	0	0	0	0	0	544765	0	0	0	0	0	0	0	0	108541	0	0	0	0	0	0	0	0	771962	0	0	0	0	0	0	0	0	2566.05	0.0	0.0	0.0	0.00057	0.0	0.0	0.0	0.0	1.0	0.0	0.0	0.0	0.0	0.0	0.0	0.0	0.0	
1499	5016321	1780.213196858	4419.386888888888	4481.7955555555545	3.25376	0.735403	5016305	0	0	0	12	0	0	0	0	0.000457	0.0	0.0	0.0	0.286017	0.0	0.0	0.0	0.0	1488.71	0.0	0.0	0.0	268.743	0.0	0.0	0.0	0.0	0.000297	0.0	0.0	0.0	22.3952	0.0	0.0	0.0	0.0	400	0	0	0	0	0	0	0	0	437934	0	0	0	12	0	0	0	0	3151313	0	0	0	0	0	0	0	0	545463	0	0	0	0	0	0	0	0	108631	0	0	0	0	0	0	0	0	772564	0	0	0	0	0	0	0	0	5191.72	0.0	0.0	0.0	0.00057	0.0	0.0	0.0	0.0	1.0	0.0	0.0	0.0	0.0	0.0	0.0	0.0	0.0	
1500	5019827	1781.213449645	4419.386888888888	4511.906666666665	3.24751	0.734968	5019811	0	0	0	12	0	0	0	0	0.00011	0.0	0.0	0.0	0.286017	0.0	0.0	0.0	0.0	1489.71	0.0	0.0	0.0	268.743	0.0	0.0	0.0	0.0	0.000297	0.0	0.0	0.0	22.3952	0.0	0.0	0.0	0.0	400	0	0	0	0	0	0	0	0	438062	0	0	0	12	0	0	0	0	3153207	0	0	0	0	0	0	0	0	546208	0	0	0	0	0	0	0	0	108748	0	0	0	0	0	0	0	0	773186	0	0	0	0	0	0	0	0	1250.54	0.0	0.0	0.0	0.00057	0.0	0.0	0.0	0.0	1.0	0.0	0.0	0.0	0.0	0.0	0.0	0.0	0.0	
1501	5023335	1782.217281789	4419.386888888888	4519.128888888888	3.24131	0.734535	5023319	0	0	0	12	0	0	0	0	9.8e-5	0.0	0.0	0.0	0.286017	0.0	0.0	0.0	0.0	1490.71	0.0	0.0	0.0	268.743	0.0	0.0	0.0	0.0	0.000297	0.0	0.0	0.0	22.3952	0.0	0.0	0.0	0.0	400	0	0	0	0	0	0	0	0	438176	0	0	0	12	0	0	0	0	3155112	0	0	0	0	0	0	0	0	546943	0	0	0	0	0	0	0	0	108843	0	0	0	0	0	0	0	0	773845	0	0	0	0	0	0	0	0	1113.03	0.0	0.0	0.0	0.00057	0.0	0.0	0.0	0.0	0.999999	0.0	0.0	0.0	1.0e-6	0.0	0.0	0.0	0.0	
1502	5026878	1783.217334937	4419.386888888888	4500.267777777776	3.23501	0.734094	5026862	0	0	0	12	0	0	0	0	0.000263	0.0	0.0	0.0	0.286017	0.0	0.0	0.0	0.0	1491.71	0.0	0.0	0.0	268.743	0.0	0.0	0.0	0.0	0.000297	0.0	0.0	0.0	22.3952	0.0	0.0	0.0	0.0	400	0	0	0	0	0	0	0	0	438312	0	0	0	12	0	0	0	0	3157003	0	0	0	0	0	0	0	0	547672	0	0	0	0	0	0	0	0	108943	0	0	0	0	0	0	0	0	774532	0	0	0	0	0	0	0	0	2991.54	0.0	0.0	0.0	0.00057	0.0	0.0	0.0	0.0	1.0	0.0	0.0	0.0	0.0	0.0	0.0	0.0	0.0	
1503	5030242	1784.217562207	4419.386888888888	4464.267777777776	3.22879	0.733657	5030226	0	0	0	12	0	0	0	0	8.6e-5	0.0	0.0	0.0	0.286017	0.0	0.0	0.0	0.0	1492.71	0.0	0.0	0.0	268.743	0.0	0.0	0.0	0.0	0.000297	0.0	0.0	0.0	22.3952	0.0	0.0	0.0	0.0	400	0	0	0	0	0	0	0	0	438429	0	0	0	12	0	0	0	0	3158829	0	0	0	0	0	0	0	0	548410	0	0	0	0	0	0	0	0	109025	0	0	0	0	0	0	0	0	775133	0	0	0	0	0	0	0	0	978.62	0.0	0.0	0.0	0.00057	0.0	0.0	0.0	0.0	0.999999	0.0	0.0	0.0	1.0e-6	0.0	0.0	0.0	0.0	
1504	5033728	1785.217616743	4419.386888888888	4465.96222222222	3.22258	0.73322	5033712	0	0	0	12	0	0	0	0	5.0e-5	0.0	0.0	0.0	0.286017	0.0	0.0	0.0	0.0	1493.71	0.0	0.0	0.0	268.743	0.0	0.0	0.0	0.0	0.000297	0.0	0.0	0.0	22.3952	0.0	0.0	0.0	0.0	400	0	0	0	0	0	0	0	0	438553	0	0	0	12	0	0	0	0	3160732	0	0	0	0	0	0	0	0	549178	0	0	0	0	0	0	0	0	109104	0	0	0	0	0	0	0	0	775745	0	0	0	0	0	0	0	0	563.758	0.0	0.0	0.0	0.00057	0.0	0.0	0.0	0.0	0.999999	0.0	0.0	0.0	1.0e-6	0.0	0.0	0.0	0.0	
1505	5037099	1786.223187381	4419.386888888888	4449.684444444442	3.21642	0.732784	5037083	0	0	0	12	0	0	0	0	7.7e-5	0.0	0.0	0.0	0.286017	0.0	0.0	0.0	0.0	1494.71	0.0	0.0	0.0	268.743	0.0	0.0	0.0	0.0	0.000297	0.0	0.0	0.0	22.3952	0.0	0.0	0.0	0.0	400	0	0	0	0	0	0	0	0	438667	0	0	0	12	0	0	0	0	3162508	0	0	0	0	0	0	0	0	549995	0	0	0	0	0	0	0	0	109165	0	0	0	0	0	0	0	0	776348	0	0	0	0	0	0	0	0	870.625	0.0	0.0	0.0	0.00057	0.0	0.0	0.0	0.0	0.999999	0.0	0.0	0.0	1.0e-6	0.0	0.0	0.0	0.0	
1506	5040560	1787.230929943	4419.386888888888	4489.295555555554	3.21017	0.73234	5040544	0	0	0	12	0	0	0	0	0.000292	0.0	0.0	0.0	0.286017	0.0	0.0	0.0	0.0	1495.72	0.0	0.0	0.0	268.743	0.0	0.0	0.0	0.0	0.000297	0.0	0.0	0.0	22.3952	0.0	0.0	0.0	0.0	400	0	0	0	0	0	0	0	0	438806	0	0	0	12	0	0	0	0	3164371	0	0	0	0	0	0	0	0	550733	0	0	0	0	0	0	0	0	109238	0	0	0	0	0	0	0	0	776996	0	0	0	0	0	0	0	0	3320.47	0.0	0.0	0.0	0.00057	0.0	0.0	0.0	0.0	1.0	0.0	0.0	0.0	0.0	0.0	0.0	0.0	0.0	
1507	5044018	1788.233835672	4419.386888888888	4476.017777777775	3.204	0.731901	5044002	0	0	0	12	0	0	0	0	0.000344	0.0	0.0	0.0	0.286017	0.0	0.0	0.0	0.0	1496.72	0.0	0.0	0.0	268.743	0.0	0.0	0.0	0.0	0.000297	0.0	0.0	0.0	22.3952	0.0	0.0	0.0	0.0	400	0	0	0	0	0	0	0	0	438926	0	0	0	12	0	0	0	0	3166133	0	0	0	0	0	0	0	0	551527	0	0	0	0	0	0	0	0	109314	0	0	0	0	0	0	0	0	777702	0	0	0	0	0	0	0	0	3904.8	0.0	0.0	0.0	0.00057	0.0	0.0	0.0	0.0	1.0	0.0	0.0	0.0	0.0	0.0	0.0	0.0	0.0	
1508	5047436	1789.234032128	4419.386888888888	4448.351111111108	3.19777	0.731456	5047420	0	0	0	12	0	0	0	0	0.000394	0.0	0.0	0.0	0.286017	0.0	0.0	0.0	0.0	1497.72	0.0	0.0	0.0	268.743	0.0	0.0	0.0	0.0	0.000297	0.0	0.0	0.0	22.3952	0.0	0.0	0.0	0.0	400	0	0	0	0	0	0	0	0	439046	0	0	0	12	0	0	0	0	3168001	0	0	0	0	0	0	0	0	552308	0	0	0	0	0	0	0	0	109384	0	0	0	0	0	0	0	0	778281	0	0	0	0	0	0	0	0	4478.25	0.0	0.0	0.0	0.00057	0.0	0.0	0.0	0.0	1.0	0.0	0.0	0.0	0.0	0.0	0.0	0.0	0.0	
1509	5050823	1790.234231273	4419.386888888888	4435.851111111108	3.19163	0.731016	5050807	0	0	0	12	0	0	0	0	4.1e-5	0.0	0.0	0.0	0.286017	0.0	0.0	0.0	0.0	1498.72	0.0	0.0	0.0	268.743	0.0	0.0	0.0	0.0	0.000297	0.0	0.0	0.0	22.3952	0.0	0.0	0.0	0.0	400	0	0	0	0	0	0	0	0	439156	0	0	0	12	0	0	0	0	3169781	0	0	0	0	0	0	0	0	553146	0	0	0	0	0	0	0	0	109462	0	0	0	0	0	0	0	0	778862	0	0	0	0	0	0	0	0	464.219	0.0	0.0	0.0	0.00057	0.0	0.0	0.0	0.0	0.999999	0.0	0.0	0.0	1.0e-6	0.0	0.0	0.0	0.0	
1510	5054204	1791.234503683	4419.386888888888	4451.8511111111075	3.18549	0.730575	5054188	0	0	0	12	0	0	0	0	5.3e-5	0.0	0.0	0.0	0.286017	0.0	0.0	0.0	0.0	1499.72	0.0	0.0	0.0	268.743	0.0	0.0	0.0	0.0	0.000297	0.0	0.0	0.0	22.3952	0.0	0.0	0.0	0.0	400	0	0	0	0	0	0	0	0	439269	0	0	0	12	0	0	0	0	3171544	0	0	0	0	0	0	0	0	553947	0	0	0	0	0	0	0	0	109533	0	0	0	0	0	0	0	0	779495	0	0	0	0	0	0	0	0	606.219	0.0	0.0	0.0	0.00057	0.0	0.0	0.0	0.0	0.999999	0.0	0.0	0.0	1.0e-6	0.0	0.0	0.0	0.0	
1511	5057646	1792.234554124	4419.386888888888	4458.128888888885	3.17936	0.730133	5057630	0	0	0	12	0	0	0	0	0.000276	0.0	0.0	0.0	0.286017	0.0	0.0	0.0	0.0	1500.71	0.0	0.0	0.0	268.743	0.0	0.0	0.0	0.0	0.000297	0.0	0.0	0.0	22.3952	0.0	0.0	0.0	0.0	400	0	0	0	0	0	0	0	0	439384	0	0	0	12	0	0	0	0	3173364	0	0	0	0	0	0	0	0	554736	0	0	0	0	0	0	0	0	109607	0	0	0	0	0	0	0	0	780139	0	0	0	0	0	0	0	0	3135.76	0.0	0.0	0.0	0.00057	0.0	0.0	0.0	0.0	1.0	0.0	0.0	0.0	0.0	0.0	0.0	0.0	0.0	
1512	5061149	1793.234685606	4419.386888888888	4449.462222222218	3.17325	0.729691	5061133	0	0	0	12	0	0	0	0	3.3e-5	0.0	0.0	0.0	0.286017	0.0	0.0	0.0	0.0	1501.71	0.0	0.0	0.0	268.743	0.0	0.0	0.0	0.0	0.000297	0.0	0.0	0.0	22.3952	0.0	0.0	0.0	0.0	400	0	0	0	0	0	0	0	0	439501	0	0	0	12	0	0	0	0	3175196	0	0	0	0	0	0	0	0	555546	0	0	0	0	0	0	0	0	109684	0	0	0	0	0	0	0	0	780806	0	0	0	0	0	0	0	0	371.021	0.0	0.0	0.0	0.00057	0.0	0.0	0.0	0.0	0.999998	0.0	0.0	0.0	2.0e-6	0.0	0.0	0.0	0.0	
1513	5064565	1794.234912109	4419.386888888888	4452.1844444444405	3.16715	0.729248	5064549	0	0	0	12	0	0	0	0	0.000295	0.0	0.0	0.0	0.286017	0.0	0.0	0.0	0.0	1502.7	0.0	0.0	0.0	268.743	0.0	0.0	0.0	0.0	0.000297	0.0	0.0	0.0	22.3952	0.0	0.0	0.0	0.0	400	0	0	0	0	0	0	0	0	439629	0	0	0	12	0	0	0	0	3177038	0	0	0	0	0	0	0	0	556283	0	0	0	0	0	0	0	0	109785	0	0	0	0	0	0	0	0	781414	0	0	0	0	0	0	0	0	3352.76	0.0	0.0	0.0	0.00057	0.0	0.0	0.0	0.0	1.0	0.0	0.0	0.0	0.0	0.0	0.0	0.0	0.0	
1514	5067912	1795.235002164	4407.851111111107	4432.2677777777735	3.16106	0.728805	5067896	0	0	0	12	0	0	0	0	0.000393	0.0	0.0	0.0	0.286017	0.0	0.0	0.0	0.0	1503.7	0.0	0.0	0.0	268.743	0.0	0.0	0.0	0.0	0.000297	0.0	0.0	0.0	22.3952	0.0	0.0	0.0	0.0	406	0	0	0	0	0	0	0	0	439746	0	0	0	12	0	0	0	0	3178896	0	0	0	0	0	0	0	0	557086	0	0	0	0	0	0	0	0	109833	0	0	0	0	0	0	0	0	781929	0	0	0	0	0	0	0	0	4469.62	0.0	0.0	0.0	0.00057	0.0	0.0	0.0	0.0	1.0	0.0	0.0	0.0	0.0	0.0	0.0	0.0	0.0	
1515	5071355	1796.235090938	4407.851111111107	4445.073333333329	3.15499	0.728361	5071339	0	0	0	12	0	0	0	0	0.000121	0.0	0.0	0.0	0.286017	0.0	0.0	0.0	0.0	1504.7	0.0	0.0	0.0	268.743	0.0	0.0	0.0	0.0	0.000297	0.0	0.0	0.0	22.3952	0.0	0.0	0.0	0.0	406	0	0	0	0	0	0	0	0	439865	0	0	0	12	0	0	0	0	3180814	0	0	0	0	0	0	0	0	557859	0	0	0	0	0	0	0	0	109912	0	0	0	0	0	0	0	0	782483	0	0	0	0	0	0	0	0	1376.91	0.0	0.0	0.0	0.00057	0.0	0.0	0.0	0.0	1.0	0.0	0.0	0.0	0.0	0.0	0.0	0.0	0.0	
1516	5074805	1797.235242043	4402.489999999995	4403.989999999995	3.14892	0.727916	5074789	0	0	0	12	0	0	0	0	0.0024	0.0	0.0	0.0	0.286017	0.0	0.0	0.0	0.0	1505.7	0.0	0.0	0.0	268.743	0.0	0.0	0.0	0.0	0.000297	0.0	0.0	0.0	22.3952	0.0	0.0	0.0	0.0	408	0	0	0	0	0	0	0	0	439967	0	0	0	12	0	0	0	0	3182637	0	0	0	0	0	0	0	0	558700	0	0	0	0	0	0	0	0	109974	0	0	0	0	0	0	0	0	783103	0	0	0	0	0	0	0	0	27266.3	0.0	0.0	0.0	0.00057	0.0	0.0	0.0	0.0	1.0	0.0	0.0	0.0	0.0	0.0	0.0	0.0	0.0	
1517	5078064	1807.197690089	4378.167	4378.167	3.14311	0.727489	5078047	0	0	0	13	0	0	0	0	0.0	0.0	0.0	0.0	0.357416	0.0	0.0	0.0	0.0	1506.66	0.0	0.0	0.0	277.745	0.0	0.0	0.0	0.0	0.000297	0.0	0.0	0.0	21.365	0.0	0.0	0.0	0.0	408	0	0	0	1	0	0	0	0	440050	0	0	0	12	0	0	0	0	3184436	0	0	0	0	0	0	0	0	559457	0	0	0	0	0	0	0	0	110053	0	0	0	0	0	0	0	0	783643	0	0	0	0	0	0	0	0	0.388466	0.0	0.0	0.0	0.000783	0.0	0.0	0.0	0.0	0.997988	0.0	0.0	0.0	0.002012	0.0	0.0	0.0	0.0	
1518	5081650	1808.198019378	4373.193666666668	4410.388111111112	3.08319	0.723005	5081633	0	0	0	13	0	0	0	0	0.000468	0.0	0.0	0.0	0.357416	0.0	0.0	0.0	0.0	1507.66	0.0	0.0	0.0	277.745	0.0	0.0	0.0	0.0	0.000297	0.0	0.0	0.0	21.365	0.0	0.0	0.0	0.0	410	0	0	0	1	0	0	0	0	440162	0	0	0	12	0	0	0	0	3186194	0	0	0	0	0	0	0	0	560224	0	0	0	0	0	0	0	0	110143	0	0	0	0	0	0	0	0	784500	0	0	0	0	0	0	0	0	5311.44	0.0	0.0	0.0	0.000783	0.0	0.0	0.0	0.0	1.0	0.0	0.0	0.0	0.0	0.0	0.0	0.0	0.0	
1519	5085192	1809.198039146	4373.193666666668	4384.554777777779	3.07727	0.722553	5085175	0	0	0	13	0	0	0	0	6.4e-5	0.0	0.0	0.0	0.357416	0.0	0.0	0.0	0.0	1508.66	0.0	0.0	0.0	277.745	0.0	0.0	0.0	0.0	0.000297	0.0	0.0	0.0	21.365	0.0	0.0	0.0	0.0	410	0	0	0	1	0	0	0	0	440279	0	0	0	12	0	0	0	0	3187970	0	0	0	0	0	0	0	0	560983	0	0	0	0	0	0	0	0	110233	0	0	0	0	0	0	0	0	785300	0	0	0	0	0	0	0	0	729.715	0.0	0.0	0.0	0.000783	0.0	0.0	0.0	0.0	0.999999	0.0	0.0	0.0	1.0e-6	0.0	0.0	0.0	0.0	
1520	5088718	1810.205841444	4373.193666666668	4423.610333333335	3.07137	0.722103	5088701	0	0	0	13	0	0	0	0	3.0e-5	0.0	0.0	0.0	0.357416	0.0	0.0	0.0	0.0	1509.66	0.0	0.0	0.0	277.745	0.0	0.0	0.0	0.0	0.000297	0.0	0.0	0.0	21.365	0.0	0.0	0.0	0.0	410	0	0	0	1	0	0	0	0	440389	0	0	0	12	0	0	0	0	3189718	0	0	0	0	0	0	0	0	561762	0	0	0	0	0	0	0	0	110329	0	0	0	0	0	0	0	0	786093	0	0	0	0	0	0	0	0	335.682	0.0	0.0	0.0	0.000783	0.0	0.0	0.0	0.0	0.999998	0.0	0.0	0.0	2.0e-6	0.0	0.0	0.0	0.0	
1521	5092223	1811.214573977	4373.193666666668	4392.082555555556	3.0654	0.721645	5092206	0	0	0	13	0	0	0	0	0.000225	0.0	0.0	0.0	0.357416	0.0	0.0	0.0	0.0	1510.67	0.0	0.0	0.0	277.745	0.0	0.0	0.0	0.0	0.000297	0.0	0.0	0.0	21.365	0.0	0.0	0.0	0.0	410	0	0	0	1	0	0	0	0	440496	0	0	0	12	0	0	0	0	3191519	0	0	0	0	0	0	0	0	562495	0	0	0	0	0	0	0	0	110408	0	0	0	0	0	0	0	0	786878	0	0	0	0	0	0	0	0	2552.07	0.0	0.0	0.0	0.000783	0.0	0.0	0.0	0.0	1.0	0.0	0.0	0.0	0.0	0.0	0.0	0.0	0.0	
1522	5095672	1812.214645018	4373.193666666668	4409.971444444444	3.05946	0.721188	5095655	0	0	0	13	0	0	0	0	1.3e-5	0.0	0.0	0.0	0.357416	0.0	0.0	0.0	0.0	1511.67	0.0	0.0	0.0	277.745	0.0	0.0	0.0	0.0	0.000297	0.0	0.0	0.0	21.365	0.0	0.0	0.0	0.0	410	0	0	0	1	0	0	0	0	440615	0	0	0	12	0	0	0	0	3193334	0	0	0	0	0	0	0	0	563241	0	0	0	0	0	0	0	0	110479	0	0	0	0	0	0	0	0	787576	0	0	0	0	0	0	0	0	143.605	0.0	0.0	0.0	0.000783	0.0	0.0	0.0	0.0	0.999995	0.0	0.0	0.0	5.0e-6	0.0	0.0	0.0	0.0	
1523	5099041	1813.214795314	4373.193666666668	4410.638111111111	3.05357	0.720734	5099024	0	0	0	13	0	0	0	0	8.0e-6	0.0	0.0	0.0	0.357416	0.0	0.0	0.0	0.0	1512.67	0.0	0.0	0.0	277.745	0.0	0.0	0.0	0.0	0.000297	0.0	0.0	0.0	21.365	0.0	0.0	0.0	0.0	410	0	0	0	1	0	0	0	0	440728	0	0	0	12	0	0	0	0	3195130	0	0	0	0	0	0	0	0	563981	0	0	0	0	0	0	0	0	110554	0	0	0	0	0	0	0	0	788221	0	0	0	0	0	0	0	0	86.6451	0.0	0.0	0.0	0.000783	0.0	0.0	0.0	0.0	0.999991	0.0	0.0	0.0	9.0e-6	0.0	0.0	0.0	0.0	
1524	5102433	1814.218583347	4373.193666666668	4422.804777777778	3.04773	0.720282	5102416	0	0	0	13	0	0	0	0	1.9e-5	0.0	0.0	0.0	0.357416	0.0	0.0	0.0	0.0	1513.67	0.0	0.0	0.0	277.745	0.0	0.0	0.0	0.0	0.000297	0.0	0.0	0.0	21.365	0.0	0.0	0.0	0.0	410	0	0	0	1	0	0	0	0	440833	0	0	0	12	0	0	0	0	3196910	0	0	0	0	0	0	0	0	564723	0	0	0	0	0	0	0	0	110630	0	0	0	0	0	0	0	0	788910	0	0	0	0	0	0	0	0	218.051	0.0	0.0	0.0	0.000783	0.0	0.0	0.0	0.0	0.999996	0.0	0.0	0.0	4.0e-6	0.0	0.0	0.0	0.0	
1525	5103788	1839.760825041	4373.193666666668	4420.333	3.04537	0.720099	5103770	0	0	0	14	0	0	0	0	0.0	0.0	0.0	0.0	0.322174	0.0	0.0	0.0	0.0	1514.06	0.0	0.0	0.0	302.894	0.0	0.0	0.0	0.0	0.000297	0.0	0.0	0.0	21.6353	0.0	0.0	0.0	0.0	410	0	0	0	1	0	0	0	0	440865	0	0	0	13	0	0	0	0	3197633	0	0	0	0	0	0	0	0	565032	0	0	0	0	0	0	0	0	110665	0	0	0	0	0	0	0	0	789165	0	0	0	0	0	0	0	0	0.535295	0.0	0.0	0.0	0.000688	0.0	0.0	0.0	0.0	0.998716	0.0	0.0	0.0	0.001284	0.0	0.0	0.0	0.0	
1526	5107186	1840.760960913	4373.193666666668	4400.790777777778	2.89594	0.708	5107168	0	0	0	14	0	0	0	0	4.5e-5	0.0	0.0	0.0	0.322174	0.0	0.0	0.0	0.0	1515.06	0.0	0.0	0.0	302.894	0.0	0.0	0.0	0.0	0.000297	0.0	0.0	0.0	21.6353	0.0	0.0	0.0	0.0	410	0	0	0	1	0	0	0	0	440969	0	0	0	13	0	0	0	0	3199333	0	0	0	0	0	0	0	0	565814	0	0	0	0	0	0	0	0	110735	0	0	0	0	0	0	0	0	789907	0	0	0	0	0	0	0	0	515.501	0.0	0.0	0.0	0.000688	0.0	0.0	0.0	0.0	0.999999	0.0	0.0	0.0	1.0e-6	0.0	0.0	0.0	0.0	
1527	5110686	1841.761066916	4373.193666666668	4429.096333333334	2.89037	0.70753	5110668	0	0	0	14	0	0	0	0	0.000516	0.0	0.0	0.0	0.322174	0.0	0.0	0.0	0.0	1516.06	0.0	0.0	0.0	302.894	0.0	0.0	0.0	0.0	0.000297	0.0	0.0	0.0	21.6353	0.0	0.0	0.0	0.0	410	0	0	0	1	0	0	0	0	441068	0	0	0	13	0	0	0	0	3201079	0	0	0	0	0	0	0	0	566625	0	0	0	0	0	0	0	0	110793	0	0	0	0	0	0	0	0	790693	0	0	0	0	0	0	0	0	5860.06	0.0	0.0	0.0	0.000688	0.0	0.0	0.0	0.0	1.0	0.0	0.0	0.0	0.0	0.0	0.0	0.0	0.0	
1528	5114255	1842.76113525	4359.874111111112	4380.874111111112	2.88482	0.707058	5114237	0	0	0	14	0	0	0	0	1.0e-6	0.0	0.0	0.0	0.322174	0.0	0.0	0.0	0.0	1517.06	0.0	0.0	0.0	302.894	0.0	0.0	0.0	0.0	0.000297	0.0	0.0	0.0	21.6353	0.0	0.0	0.0	0.0	416	0	0	0	1	0	0	0	0	441170	0	0	0	13	0	0	0	0	3202918	0	0	0	0	0	0	0	0	567385	0	0	0	0	0	0	0	0	110867	0	0	0	0	0	0	0	0	791481	0	0	0	0	0	0	0	0	16.5036	0.0	0.0	0.0	0.000688	0.0	0.0	0.0	0.0	0.999958	0.0	0.0	0.0	4.2e-5	0.0	0.0	0.0	0.0	
1529	5117780	1843.761174581	4357.679666666667	4369.040777777778	2.87927	0.706586	5117762	0	0	0	14	0	0	0	0	0.000249	0.0	0.0	0.0	0.322174	0.0	0.0	0.0	0.0	1518.06	0.0	0.0	0.0	302.894	0.0	0.0	0.0	0.0	0.000297	0.0	0.0	0.0	21.6353	0.0	0.0	0.0	0.0	419	0	0	0	1	0	0	0	0	441271	0	0	0	13	0	0	0	0	3204721	0	0	0	0	0	0	0	0	568166	0	0	0	0	0	0	0	0	110936	0	0	0	0	0	0	0	0	792249	0	0	0	0	0	0	0	0	2824.53	0.0	0.0	0.0	0.000688	0.0	0.0	0.0	0.0	1.0	0.0	0.0	0.0	0.0	0.0	0.0	0.0	0.0	
1530	5121236	1844.761303728	4357.679666666667	4414.540777777778	2.87374	0.706114	5121218	0	0	0	14	0	0	0	0	0.0	0.0	0.0	0.0	0.322174	0.0	0.0	0.0	0.0	1519.06	0.0	0.0	0.0	302.894	0.0	0.0	0.0	0.0	0.000297	0.0	0.0	0.0	21.6353	0.0	0.0	0.0	0.0	419	0	0	0	1	0	0	0	0	441368	0	0	0	13	0	0	0	0	3206478	0	0	0	0	0	0	0	0	568949	0	0	0	0	0	0	0	0	111013	0	0	0	0	0	0	0	0	792991	0	0	0	0	0	0	0	0	0.579336	0.0	0.0	0.0	0.000688	0.0	0.0	0.0	0.0	0.998813	0.0	0.0	0.0	0.001187	0.0	0.0	0.0	0.0	
1531	5124728	1845.761411215	4357.679666666667	4411.846333333333	2.86821	0.705641	5124710	0	0	0	14	0	0	0	0	0.000241	0.0	0.0	0.0	0.322174	0.0	0.0	0.0	0.0	1520.05	0.0	0.0	0.0	302.894	0.0	0.0	0.0	0.0	0.000297	0.0	0.0	0.0	21.6353	0.0	0.0	0.0	0.0	419	0	0	0	1	0	0	0	0	441470	0	0	0	13	0	0	0	0	3208322	0	0	0	0	0	0	0	0	569647	0	0	0	0	0	0	0	0	111108	0	0	0	0	0	0	0	0	793744	0	0	0	0	0	0	0	0	2737.85	0.0	0.0	0.0	0.000688	0.0	0.0	0.0	0.0	1.0	0.0	0.0	0.0	0.0	0.0	0.0	0.0	0.0	
1532	5128254	1846.761449172	4357.679666666667	4406.179666666666	2.8627	0.705167	5128236	0	0	0	14	0	0	0	0	6.7e-5	0.0	0.0	0.0	0.322174	0.0	0.0	0.0	0.0	1521.05	0.0	0.0	0.0	302.894	0.0	0.0	0.0	0.0	0.000297	0.0	0.0	0.0	21.6353	0.0	0.0	0.0	0.0	419	0	0	0	1	0	0	0	0	441568	0	0	0	13	0	0	0	0	3210118	0	0	0	0	0	0	0	0	570459	0	0	0	0	0	0	0	0	111184	0	0	0	0	0	0	0	0	794488	0	0	0	0	0	0	0	0	762.371	0.0	0.0	0.0	0.000688	0.0	0.0	0.0	0.0	0.999999	0.0	0.0	0.0	1.0e-6	0.0	0.0	0.0	0.0	
1533	5131781	1847.761510485	4357.679666666667	4407.679666666665	2.8572	0.704693	5131763	0	0	0	14	0	0	0	0	8.0e-6	0.0	0.0	0.0	0.322174	0.0	0.0	0.0	0.0	1522.05	0.0	0.0	0.0	302.894	0.0	0.0	0.0	0.0	0.000297	0.0	0.0	0.0	21.6353	0.0	0.0	0.0	0.0	419	0	0	0	1	0	0	0	0	441682	0	0	0	13	0	0	0	0	3211939	0	0	0	0	0	0	0	0	571255	0	0	0	0	0	0	0	0	111271	0	0	0	0	0	0	0	0	795197	0	0	0	0	0	0	0	0	94.5469	0.0	0.0	0.0	0.000688	0.0	0.0	0.0	0.0	0.999993	0.0	0.0	0.0	7.0e-6	0.0	0.0	0.0	0.0	
1534	5135292	1848.761555524	4357.679666666667	4418.068555555554	2.8517	0.704218	5135274	0	0	0	14	0	0	0	0	9.8e-5	0.0	0.0	0.0	0.322174	0.0	0.0	0.0	0.0	1523.05	0.0	0.0	0.0	302.894	0.0	0.0	0.0	0.0	0.000297	0.0	0.0	0.0	21.6353	0.0	0.0	0.0	0.0	419	0	0	0	1	0	0	0	0	441789	0	0	0	13	0	0	0	0	3213779	0	0	0	0	0	0	0	0	572048	0	0	0	0	0	0	0	0	111329	0	0	0	0	0	0	0	0	795910	0	0	0	0	0	0	0	0	1112.27	0.0	0.0	0.0	0.000688	0.0	0.0	0.0	0.0	0.999999	0.0	0.0	0.0	1.0e-6	0.0	0.0	0.0	0.0	
1535	5138755	1849.761580186	4357.679666666667	4427.262999999999	2.84622	0.703742	5138737	0	0	0	14	0	0	0	0	3.0e-6	0.0	0.0	0.0	0.322174	0.0	0.0	0.0	0.0	1524.05	0.0	0.0	0.0	302.894	0.0	0.0	0.0	0.0	0.000297	0.0	0.0	0.0	21.6353	0.0	0.0	0.0	0.0	419	0	0	0	1	0	0	0	0	441908	0	0	0	13	0	0	0	0	3215601	0	0	0	0	0	0	0	0	572797	0	0	0	0	0	0	0	0	111397	0	0	0	0	0	0	0	0	796615	0	0	0	0	0	0	0	0	29.56	0.0	0.0	0.0	0.000688	0.0	0.0	0.0	0.0	0.999977	0.0	0.0	0.0	2.3e-5	0.0	0.0	0.0	0.0	
1536	5142250	1850.761791078	4357.679666666667	4421.512999999999	2.84075	0.703266	5142232	0	0	0	14	0	0	0	0	0.000262	0.0	0.0	0.0	0.322174	0.0	0.0	0.0	0.0	1525.05	0.0	0.0	0.0	302.894	0.0	0.0	0.0	0.0	0.000297	0.0	0.0	0.0	21.6353	0.0	0.0	0.0	0.0	419	0	0	0	1	0	0	0	0	442017	0	0	0	13	0	0	0	0	3217432	0	0	0	0	0	0	0	0	573592	0	0	0	0	0	0	0	0	111463	0	0	0	0	0	0	0	0	797309	0	0	0	0	0	0	0	0	2977.03	0.0	0.0	0.0	0.000688	0.0	0.0	0.0	0.0	1.0	0.0	0.0	0.0	0.0	0.0	0.0	0.0	0.0	
1537	5145716	1851.761900803	4357.679666666667	4402.262999999999	2.83529	0.702789	5145698	0	0	0	14	0	0	0	0	0.0003	0.0	0.0	0.0	0.322174	0.0	0.0	0.0	0.0	1526.05	0.0	0.0	0.0	302.894	0.0	0.0	0.0	0.0	0.000297	0.0	0.0	0.0	21.6353	0.0	0.0	0.0	0.0	419	0	0	0	1	0	0	0	0	442136	0	0	0	13	0	0	0	0	3219316	0	0	0	0	0	0	0	0	574321	0	0	0	0	0	0	0	0	111529	0	0	0	0	0	0	0	0	797977	0	0	0	0	0	0	0	0	3405.4	0.0	0.0	0.0	0.000688	0.0	0.0	0.0	0.0	1.0	0.0	0.0	0.0	0.0	0.0	0.0	0.0	0.0	
1538	5149137	1852.762001688	4357.679666666667	4393.707444444443	2.82984	0.702312	5149119	0	0	0	14	0	0	0	0	0.000335	0.0	0.0	0.0	0.322174	0.0	0.0	0.0	0.0	1527.04	0.0	0.0	0.0	302.894	0.0	0.0	0.0	0.0	0.000297	0.0	0.0	0.0	21.6353	0.0	0.0	0.0	0.0	419	0	0	0	1	0	0	0	0	442260	0	0	0	13	0	0	0	0	3221190	0	0	0	0	0	0	0	0	575068	0	0	0	0	0	0	0	0	111605	0	0	0	0	0	0	0	0	798577	0	0	0	0	0	0	0	0	3812.82	0.0	0.0	0.0	0.000688	0.0	0.0	0.0	0.0	1.0	0.0	0.0	0.0	0.0	0.0	0.0	0.0	0.0	
1539	5152592	1853.762133527	4357.679666666667	4403.679666666666	2.8244	0.701834	5152574	0	0	0	14	0	0	0	0	0.000301	0.0	0.0	0.0	0.322174	0.0	0.0	0.0	0.0	1528.04	0.0	0.0	0.0	302.894	0.0	0.0	0.0	0.0	0.000297	0.0	0.0	0.0	21.6353	0.0	0.0	0.0	0.0	419	0	0	0	1	0	0	0	0	442363	0	0	0	13	0	0	0	0	3223065	0	0	0	0	0	0	0	0	575800	0	0	0	0	0	0	0	0	111666	0	0	0	0	0	0	0	0	799261	0	0	0	0	0	0	0	0	3423.61	0.0	0.0	0.0	0.000688	0.0	0.0	0.0	0.0	1.0	0.0	0.0	0.0	0.0	0.0	0.0	0.0	0.0	
1540	5156057	1854.762294991	4357.679666666667	4384.512999999999	2.81897	0.701356	5156039	0	0	0	14	0	0	0	0	0.000122	0.0	0.0	0.0	0.322174	0.0	0.0	0.0	0.0	1529.04	0.0	0.0	0.0	302.894	0.0	0.0	0.0	0.0	0.000297	0.0	0.0	0.0	21.6353	0.0	0.0	0.0	0.0	419	0	0	0	1	0	0	0	0	442462	0	0	0	13	0	0	0	0	3224940	0	0	0	0	0	0	0	0	576595	0	0	0	0	0	0	0	0	111733	0	0	0	0	0	0	0	0	799890	0	0	0	0	0	0	0	0	1392.18	0.0	0.0	0.0	0.000688	0.0	0.0	0.0	0.0	1.0	0.0	0.0	0.0	0.0	0.0	0.0	0.0	0.0	
1541	5159589	1855.762634228	4357.679666666667	4443.012999999999	2.81355	0.700877	5159571	0	0	0	14	0	0	0	0	0.00019	0.0	0.0	0.0	0.322174	0.0	0.0	0.0	0.0	1530.04	0.0	0.0	0.0	302.894	0.0	0.0	0.0	0.0	0.000297	0.0	0.0	0.0	21.6353	0.0	0.0	0.0	0.0	419	0	0	0	1	0	0	0	0	442563	0	0	0	13	0	0	0	0	3226799	0	0	0	0	0	0	0	0	577388	0	0	0	0	0	0	0	0	111804	0	0	0	0	0	0	0	0	800598	0	0	0	0	0	0	0	0	2157.01	0.0	0.0	0.0	0.000688	0.0	0.0	0.0	0.0	1.0	0.0	0.0	0.0	0.0	0.0	0.0	0.0	0.0	
1542	5163159	1856.762693528	4357.679666666667	4453.568555555555	2.80814	0.700397	5163141	0	0	0	14	0	0	0	0	5.0e-5	0.0	0.0	0.0	0.322174	0.0	0.0	0.0	0.0	1531.04	0.0	0.0	0.0	302.894	0.0	0.0	0.0	0.0	0.000297	0.0	0.0	0.0	21.6353	0.0	0.0	0.0	0.0	419	0	0	0	1	0	0	0	0	442670	0	0	0	13	0	0	0	0	3228663	0	0	0	0	0	0	0	0	578220	0	0	0	0	0	0	0	0	111903	0	0	0	0	0	0	0	0	801266	0	0	0	0	0	0	0	0	570.509	0.0	0.0	0.0	0.000688	0.0	0.0	0.0	0.0	0.999999	0.0	0.0	0.0	1.0e-6	0.0	0.0	0.0	0.0	
1543	5166648	1857.763319716	4357.679666666667	4402.87411111111	2.80278	0.699921	5166630	0	0	0	14	0	0	0	0	5.3e-5	0.0	0.0	0.0	0.322174	0.0	0.0	0.0	0.0	1532.04	0.0	0.0	0.0	302.894	0.0	0.0	0.0	0.0	0.000297	0.0	0.0	0.0	21.6353	0.0	0.0	0.0	0.0	419	0	0	0	1	0	0	0	0	442786	0	0	0	13	0	0	0	0	3230494	0	0	0	0	0	0	0	0	579045	0	0	0	0	0	0	0	0	111971	0	0	0	0	0	0	0	0	801915	0	0	0	0	0	0	0	0	600.739	0.0	0.0	0.0	0.000688	0.0	0.0	0.0	0.0	0.999999	0.0	0.0	0.0	1.0e-6	0.0	0.0	0.0	0.0	
1544	5170101	1858.763405546	4357.679666666667	4384.763	2.79735	0.699436	5170083	0	0	0	14	0	0	0	0	0.000141	0.0	0.0	0.0	0.322174	0.0	0.0	0.0	0.0	1533.04	0.0	0.0	0.0	302.894	0.0	0.0	0.0	0.0	0.000297	0.0	0.0	0.0	21.6353	0.0	0.0	0.0	0.0	419	0	0	0	1	0	0	0	0	442901	0	0	0	13	0	0	0	0	3232333	0	0	0	0	0	0	0	0	579884	0	0	0	0	0	0	0	0	112038	0	0	0	0	0	0	0	0	802508	0	0	0	0	0	0	0	0	1599.16	0.0	0.0	0.0	0.000688	0.0	0.0	0.0	0.0	1.0	0.0	0.0	0.0	0.0	0.0	0.0	0.0	0.0	
1545	5172375	1866.060837432	4357.679666666667	4387.333	2.79391	0.699128	5172356	0	0	0	15	0	0	0	0	0.0	0.0	0.0	0.0	0.290457	0.0	0.0	0.0	0.0	1533.68	0.0	0.0	0.0	309.552	0.0	0.0	0.0	0.0	0.000297	0.0	0.0	0.0	20.6368	0.0	0.0	0.0	0.0	419	0	0	0	1	0	0	0	0	442964	0	0	0	14	0	0	0	0	3233561	0	0	0	0	0	0	0	0	580403	0	0	0	0	0	0	0	0	112080	0	0	0	0	0	0	0	0	802929	0	0	0	0	0	0	0	0	0.187296	0.0	0.0	0.0	0.000682	0.0	0.0	0.0	0.0	0.996372	0.0	0.0	0.0	0.003628	0.0	0.0	0.0	0.0	
1546	5174273	1873.25938097	4357.679666666667	4390.083	2.75529	0.695629	5174253	0	0	0	16	0	0	0	0	0.0	0.0	0.0	0.0	0.261911	0.0	0.0	0.0	0.0	1534.25	0.0	0.0	0.0	316.175	0.0	0.0	0.0	0.0	0.000297	0.0	0.0	0.0	19.7609	0.0	0.0	0.0	0.0	419	0	0	0	1	0	0	0	0	443030	0	0	0	15	0	0	0	0	3234561	0	0	0	0	0	0	0	0	580779	0	0	0	0	0	0	0	0	112124	0	0	0	0	0	0	0	0	803340	0	0	0	0	0	0	0	0	0.863907	0.0	0.0	0.0	0.000671	0.0	0.0	0.0	0.0	0.999224	0.0	0.0	0.0	0.000776	0.0	0.0	0.0	0.0	
1547	5177889	1874.259495589	4357.679666666667	4394.780777777778	2.71517	0.691909	5177869	0	0	0	16	0	0	0	0	0.000277	0.0	0.0	0.0	0.261911	0.0	0.0	0.0	0.0	1535.25	0.0	0.0	0.0	316.175	0.0	0.0	0.0	0.0	0.000297	0.0	0.0	0.0	19.7609	0.0	0.0	0.0	0.0	419	0	0	0	1	0	0	0	0	443161	0	0	0	15	0	0	0	0	3236278	0	0	0	0	0	0	0	0	581627	0	0	0	0	0	0	0	0	112221	0	0	0	0	0	0	0	0	804163	0	0	0	0	0	0	0	0	3154.75	0.0	0.0	0.0	0.000671	0.0	0.0	0.0	0.0	1.0	0.0	0.0	0.0	0.0	0.0	0.0	0.0	0.0	
1548	5181520	1875.259650711	4357.679666666667	4424.780777777778	2.70995	0.691418	5181500	0	0	0	16	0	0	0	0	1.0e-6	0.0	0.0	0.0	0.261911	0.0	0.0	0.0	0.0	1536.25	0.0	0.0	0.0	316.175	0.0	0.0	0.0	0.0	0.000296	0.0	0.0	0.0	19.7609	0.0	0.0	0.0	0.0	419	0	0	0	1	0	0	0	0	443265	0	0	0	15	0	0	0	0	3238024	0	0	0	0	0	0	0	0	582443	0	0	0	0	0	0	0	0	112298	0	0	0	0	0	0	0	0	805051	0	0	0	0	0	0	0	0	16.6465	0.0	0.0	0.0	0.000671	0.0	0.0	0.0	0.0	0.99996	0.0	0.0	0.0	4.0e-5	0.0	0.0	0.0	0.0	
1549	5185199	1876.259895956	4357.679666666667	4429.919666666667	2.70474	0.690927	5185179	0	0	0	16	0	0	0	0	0.000182	0.0	0.0	0.0	0.261911	0.0	0.0	0.0	0.0	1537.25	0.0	0.0	0.0	316.175	0.0	0.0	0.0	0.0	0.000296	0.0	0.0	0.0	19.7609	0.0	0.0	0.0	0.0	419	0	0	0	1	0	0	0	0	443369	0	0	0	15	0	0	0	0	3239715	0	0	0	0	0	0	0	0	583244	0	0	0	0	0	0	0	0	112370	0	0	0	0	0	0	0	0	806062	0	0	0	0	0	0	0	0	2068.45	0.0	0.0	0.0	0.000671	0.0	0.0	0.0	0.0	1.0	0.0	0.0	0.0	0.0	0.0	0.0	0.0	0.0	
1550	5188881	1877.260061301	4357.679666666667	4441.280777777778	2.69954	0.690435	5188861	0	0	0	16	0	0	0	0	0.000228	0.0	0.0	0.0	0.261911	0.0	0.0	0.0	0.0	1538.24	0.0	0.0	0.0	316.175	0.0	0.0	0.0	0.0	0.000296	0.0	0.0	0.0	19.7609	0.0	0.0	0.0	0.0	419	0	0	0	1	0	0	0	0	443491	0	0	0	15	0	0	0	0	3241527	0	0	0	0	0	0	0	0	584016	0	0	0	0	0	0	0	0	112467	0	0	0	0	0	0	0	0	806941	0	0	0	0	0	0	0	0	2597.38	0.0	0.0	0.0	0.000671	0.0	0.0	0.0	0.0	1.0	0.0	0.0	0.0	0.0	0.0	0.0	0.0	0.0	
1551	5192497	1878.262661149	4357.679666666667	4427.780777777778	2.69438	0.689945	5192477	0	0	0	16	0	0	0	0	0.000102	0.0	0.0	0.0	0.261911	0.0	0.0	0.0	0.0	1539.25	0.0	0.0	0.0	316.175	0.0	0.0	0.0	0.0	0.000296	0.0	0.0	0.0	19.7609	0.0	0.0	0.0	0.0	419	0	0	0	1	0	0	0	0	443600	0	0	0	15	0	0	0	0	3243254	0	0	0	0	0	0	0	0	584839	0	0	0	0	0	0	0	0	112569	0	0	0	0	0	0	0	0	807796	0	0	0	0	0	0	0	0	1165.06	0.0	0.0	0.0	0.000671	0.0	0.0	0.0	0.0	0.999999	0.0	0.0	0.0	1.0e-6	0.0	0.0	0.0	0.0	
1552	5196094	1879.262692469	4357.679666666667	4445.003000000001	2.68916	0.689448	5196074	0	0	0	16	0	0	0	0	0.000237	0.0	0.0	0.0	0.261911	0.0	0.0	0.0	0.0	1540.24	0.0	0.0	0.0	316.175	0.0	0.0	0.0	0.0	0.000296	0.0	0.0	0.0	19.7609	0.0	0.0	0.0	0.0	419	0	0	0	1	0	0	0	0	443713	0	0	0	15	0	0	0	0	3245012	0	0	0	0	0	0	0	0	585677	0	0	0	0	0	0	0	0	112628	0	0	0	0	0	0	0	0	808625	0	0	0	0	0	0	0	0	2698.98	0.0	0.0	0.0	0.000671	0.0	0.0	0.0	0.0	1.0	0.0	0.0	0.0	0.0	0.0	0.0	0.0	0.0	
1553	5199765	1880.262848508	4357.679666666667	4418.4196666666685	2.68399	0.688955	5199745	0	0	0	16	0	0	0	0	0.000196	0.0	0.0	0.0	0.261911	0.0	0.0	0.0	0.0	1541.24	0.0	0.0	0.0	316.175	0.0	0.0	0.0	0.0	0.000296	0.0	0.0	0.0	19.7609	0.0	0.0	0.0	0.0	419	0	0	0	1	0	0	0	0	443842	0	0	0	15	0	0	0	0	3246850	0	0	0	0	0	0	0	0	586451	0	0	0	0	0	0	0	0	112732	0	0	0	0	0	0	0	0	809451	0	0	0	0	0	0	0	0	2231.59	0.0	0.0	0.0	0.000671	0.0	0.0	0.0	0.0	1.0	0.0	0.0	0.0	0.0	0.0	0.0	0.0	0.0	
1554	5203447	1881.263027061	4357.679666666667	4426.086333333335	2.67883	0.68846	5203427	0	0	0	16	0	0	0	0	0.000226	0.0	0.0	0.0	0.261911	0.0	0.0	0.0	0.0	1542.24	0.0	0.0	0.0	316.175	0.0	0.0	0.0	0.0	0.000296	0.0	0.0	0.0	19.7609	0.0	0.0	0.0	0.0	419	0	0	0	1	0	0	0	0	443953	0	0	0	15	0	0	0	0	3248683	0	0	0	0	0	0	0	0	587237	0	0	0	0	0	0	0	0	112805	0	0	0	0	0	0	0	0	810330	0	0	0	0	0	0	0	0	2574.23	0.0	0.0	0.0	0.000671	0.0	0.0	0.0	0.0	1.0	0.0	0.0	0.0	0.0	0.0	0.0	0.0	0.0	
1555	5207082	1882.263511007	4357.679666666667	4399.225222222223	2.67372	0.687969	5207062	0	0	0	16	0	0	0	0	0.000143	0.0	0.0	0.0	0.261911	0.0	0.0	0.0	0.0	1543.24	0.0	0.0	0.0	316.175	0.0	0.0	0.0	0.0	0.000296	0.0	0.0	0.0	19.7609	0.0	0.0	0.0	0.0	419	0	0	0	1	0	0	0	0	444046	0	0	0	15	0	0	0	0	3250526	0	0	0	0	0	0	0	0	588110	0	0	0	0	0	0	0	0	112864	0	0	0	0	0	0	0	0	811097	0	0	0	0	0	0	0	0	1629.87	0.0	0.0	0.0	0.000671	0.0	0.0	0.0	0.0	1.0	0.0	0.0	0.0	0.0	0.0	0.0	0.0	0.0	
1556	5210735	1883.263591137	4357.679666666667	4377.4196666666685	2.66854	0.68747	5210715	0	0	0	16	0	0	0	0	0.000107	0.0	0.0	0.0	0.261911	0.0	0.0	0.0	0.0	1544.24	0.0	0.0	0.0	316.175	0.0	0.0	0.0	0.0	0.000296	0.0	0.0	0.0	19.7609	0.0	0.0	0.0	0.0	419	0	0	0	1	0	0	0	0	444154	0	0	0	15	0	0	0	0	3252341	0	0	0	0	0	0	0	0	588947	0	0	0	0	0	0	0	0	112930	0	0	0	0	0	0	0	0	811924	0	0	0	0	0	0	0	0	1216.42	0.0	0.0	0.0	0.000671	0.0	0.0	0.0	0.0	0.999999	0.0	0.0	0.0	1.0e-6	0.0	0.0	0.0	0.0	
1557	5214356	1884.267337625	4357.679666666667	4385.864111111113	2.66344	0.686977	5214336	0	0	0	16	0	0	0	0	0.000325	0.0	0.0	0.0	0.261911	0.0	0.0	0.0	0.0	1545.24	0.0	0.0	0.0	316.175	0.0	0.0	0.0	0.0	0.000296	0.0	0.0	0.0	19.7609	0.0	0.0	0.0	0.0	419	0	0	0	1	0	0	0	0	444267	0	0	0	15	0	0	0	0	3254206	0	0	0	0	0	0	0	0	589768	0	0	0	0	0	0	0	0	112986	0	0	0	0	0	0	0	0	812690	0	0	0	0	0	0	0	0	3703.12	0.0	0.0	0.0	0.000671	0.0	0.0	0.0	0.0	1.0	0.0	0.0	0.0	0.0	0.0	0.0	0.0	0.0	
1558	5217949	1885.267439034	4342.864111111113	4347.364111111113	2.65827	0.686475	5217929	0	0	0	16	0	0	0	0	2.1e-5	0.0	0.0	0.0	0.261911	0.0	0.0	0.0	0.0	1546.24	0.0	0.0	0.0	316.175	0.0	0.0	0.0	0.0	0.000296	0.0	0.0	0.0	19.7609	0.0	0.0	0.0	0.0	425	0	0	0	1	0	0	0	0	444359	0	0	0	15	0	0	0	0	3256064	0	0	0	0	0	0	0	0	590599	0	0	0	0	0	0	0	0	113053	0	0	0	0	0	0	0	0	813429	0	0	0	0	0	0	0	0	238.632	0.0	0.0	0.0	0.000671	0.0	0.0	0.0	0.0	0.999997	0.0	0.0	0.0	3.0e-6	0.0	0.0	0.0	0.0	
1559	5221616	1886.27117225	4340.7530000000015	4367.89188888889	2.65318	0.68598	5221596	0	0	0	16	0	0	0	0	7.0e-6	0.0	0.0	0.0	0.261911	0.0	0.0	0.0	0.0	1547.24	0.0	0.0	0.0	316.175	0.0	0.0	0.0	0.0	0.000296	0.0	0.0	0.0	19.7609	0.0	0.0	0.0	0.0	426	0	0	0	1	0	0	0	0	444469	0	0	0	15	0	0	0	0	3257806	0	0	0	0	0	0	0	0	591479	0	0	0	0	0	0	0	0	113116	0	0	0	0	0	0	0	0	814300	0	0	0	0	0	0	0	0	81.6983	0.0	0.0	0.0	0.000671	0.0	0.0	0.0	0.0	0.999992	0.0	0.0	0.0	8.0e-6	0.0	0.0	0.0	0.0	
1560	5225279	1887.271285891	4333.086333333335	4340.808555555557	2.64804	0.685478	5225259	0	0	0	16	0	0	0	0	0.000153	0.0	0.0	0.0	0.261911	0.0	0.0	0.0	0.0	1548.24	0.0	0.0	0.0	316.175	0.0	0.0	0.0	0.0	0.000296	0.0	0.0	0.0	19.7609	0.0	0.0	0.0	0.0	432	0	0	0	1	0	0	0	0	444556	0	0	0	15	0	0	0	0	3259573	0	0	0	0	0	0	0	0	592372	0	0	0	0	0	0	0	0	113174	0	0	0	0	0	0	0	0	815152	0	0	0	0	0	0	0	0	1747.99	0.0	0.0	0.0	0.000671	0.0	0.0	0.0	0.0	1.0	0.0	0.0	0.0	0.0	0.0	0.0	0.0	0.0	
1561	5228895	1888.276965404	4321.586333333335	4356.808555555557	2.64297	0.684983	5228875	0	0	0	16	0	0	0	0	0.000256	0.0	0.0	0.0	0.261911	0.0	0.0	0.0	0.0	1549.25	0.0	0.0	0.0	316.175	0.0	0.0	0.0	0.0	0.000296	0.0	0.0	0.0	19.7609	0.0	0.0	0.0	0.0	440	0	0	0	1	0	0	0	0	444642	0	0	0	15	0	0	0	0	3261389	0	0	0	0	0	0	0	0	593267	0	0	0	0	0	0	0	0	113230	0	0	0	0	0	0	0	0	815907	0	0	0	0	0	0	0	0	2913.12	0.0	0.0	0.0	0.000671	0.0	0.0	0.0	0.0	1.0	0.0	0.0	0.0	0.0	0.0	0.0	0.0	0.0	
1562	5232584	1889.277146497	4321.586333333335	4366.030777777779	2.63784	0.684478	5232564	0	0	0	16	0	0	0	0	3.0e-6	0.0	0.0	0.0	0.261911	0.0	0.0	0.0	0.0	1550.24	0.0	0.0	0.0	316.175	0.0	0.0	0.0	0.0	0.000296	0.0	0.0	0.0	19.7609	0.0	0.0	0.0	0.0	440	0	0	0	1	0	0	0	0	444729	0	0	0	15	0	0	0	0	3263349	0	0	0	0	0	0	0	0	594108	0	0	0	0	0	0	0	0	113293	0	0	0	0	0	0	0	0	816645	0	0	0	0	0	0	0	0	29.9131	0.0	0.0	0.0	0.000671	0.0	0.0	0.0	0.0	0.999978	0.0	0.0	0.0	2.2e-5	0.0	0.0	0.0	0.0	
1563	5236036	1890.27716916	4321.586333333335	4347.308555555557	2.63277	0.683979	5236016	0	0	0	16	0	0	0	0	0.000418	0.0	0.0	0.0	0.261911	0.0	0.0	0.0	0.0	1551.24	0.0	0.0	0.0	316.175	0.0	0.0	0.0	0.0	0.000296	0.0	0.0	0.0	19.7609	0.0	0.0	0.0	0.0	440	0	0	0	1	0	0	0	0	444814	0	0	0	15	0	0	0	0	3265203	0	0	0	0	0	0	0	0	594893	0	0	0	0	0	0	0	0	113348	0	0	0	0	0	0	0	0	817318	0	0	0	0	0	0	0	0	4759.77	0.0	0.0	0.0	0.000671	0.0	0.0	0.0	0.0	1.0	0.0	0.0	0.0	0.0	0.0	0.0	0.0	0.0	
1564	5239596	1891.277225774	4321.586333333335	4348.725222222224	2.6277	0.683478	5239576	0	0	0	16	0	0	0	0	0.0	0.0	0.0	0.0	0.261911	0.0	0.0	0.0	0.0	1552.24	0.0	0.0	0.0	316.175	0.0	0.0	0.0	0.0	0.000296	0.0	0.0	0.0	19.7609	0.0	0.0	0.0	0.0	440	0	0	0	1	0	0	0	0	444895	0	0	0	15	0	0	0	0	3267073	0	0	0	0	0	0	0	0	595718	0	0	0	0	0	0	0	0	113444	0	0	0	0	0	0	0	0	818006	0	0	0	0	0	0	0	0	1.33716	0.0	0.0	0.0	0.000671	0.0	0.0	0.0	0.0	0.999499	0.0	0.0	0.0	0.000501	0.0	0.0	0.0	0.0	
1565	5240611	1899.298805226	4321.586333333335	4338.333	2.6262	0.68333	5240590	0	0	0	17	0	0	0	0	0.0	0.0	0.0	0.0	0.23622	0.0	0.0	0.0	0.0	1552.54	0.0	0.0	0.0	323.9	0.0	0.0	0.0	0.0	0.000296	0.0	0.0	0.0	19.0529	0.0	0.0	0.0	0.0	440	0	0	0	1	0	0	0	0	444913	0	0	0	16	0	0	0	0	3267624	0	0	0	0	0	0	0	0	595950	0	0	0	0	0	0	0	0	113474	0	0	0	0	0	0	0	0	818189	0	0	0	0	0	0	0	0	0.685662	0.0	0.0	0.0	0.000651	0.0	0.0	0.0	0.0	0.999052	0.0	0.0	0.0	0.000948	0.0	0.0	0.0	0.0	
1566	5244139	1900.298919139	4321.215222222221	4351.715222222221	2.58248	0.678939	5244118	0	0	0	17	0	0	0	0	0.000392	0.0	0.0	0.0	0.23622	0.0	0.0	0.0	0.0	1553.54	0.0	0.0	0.0	323.9	0.0	0.0	0.0	0.0	0.000296	0.0	0.0	0.0	19.0529	0.0	0.0	0.0	0.0	441	0	0	0	1	0	0	0	0	445005	0	0	0	16	0	0	0	0	3269322	0	0	0	0	0	0	0	0	596755	0	0	0	0	0	0	0	0	113554	0	0	0	0	0	0	0	0	819041	0	0	0	0	0	0	0	0	4468.96	0.0	0.0	0.0	0.000651	0.0	0.0	0.0	0.0	1.0	0.0	0.0	0.0	0.0	0.0	0.0	0.0	0.0	
1567	5247631	1901.299015102	4321.215222222221	4357.881888888887	2.57752	0.678433	5247610	0	0	0	17	0	0	0	0	0.000325	0.0	0.0	0.0	0.23622	0.0	0.0	0.0	0.0	1554.53	0.0	0.0	0.0	323.9	0.0	0.0	0.0	0.0	0.000296	0.0	0.0	0.0	19.0529	0.0	0.0	0.0	0.0	441	0	0	0	1	0	0	0	0	445096	0	0	0	16	0	0	0	0	3271034	0	0	0	0	0	0	0	0	597604	0	0	0	0	0	0	0	0	113636	0	0	0	0	0	0	0	0	819799	0	0	0	0	0	0	0	0	3701.78	0.0	0.0	0.0	0.000651	0.0	0.0	0.0	0.0	1.0	0.0	0.0	0.0	0.0	0.0	0.0	0.0	0.0	
1568	5251100	1902.299058516	4321.215222222221	4356.242999999999	2.57256	0.677926	5251079	0	0	0	17	0	0	0	0	0.000243	0.0	0.0	0.0	0.23622	0.0	0.0	0.0	0.0	1555.53	0.0	0.0	0.0	323.9	0.0	0.0	0.0	0.0	0.000296	0.0	0.0	0.0	19.0529	0.0	0.0	0.0	0.0	441	0	0	0	1	0	0	0	0	445184	0	0	0	16	0	0	0	0	3272817	0	0	0	0	0	0	0	0	598375	0	0	0	0	0	0	0	0	113692	0	0	0	0	0	0	0	0	820570	0	0	0	0	0	0	0	0	2769.83	0.0	0.0	0.0	0.000651	0.0	0.0	0.0	0.0	1.0	0.0	0.0	0.0	0.0	0.0	0.0	0.0	0.0	
1569	5254620	1903.29940716	4321.215222222221	4383.687444444443	2.56762	0.677419	5254599	0	0	0	17	0	0	0	0	0.00041	0.0	0.0	0.0	0.23622	0.0	0.0	0.0	0.0	1556.53	0.0	0.0	0.0	323.9	0.0	0.0	0.0	0.0	0.000296	0.0	0.0	0.0	19.0529	0.0	0.0	0.0	0.0	441	0	0	0	1	0	0	0	0	445257	0	0	0	16	0	0	0	0	3274604	0	0	0	0	0	0	0	0	599146	0	0	0	0	0	0	0	0	113756	0	0	0	0	0	0	0	0	821395	0	0	0	0	0	0	0	0	4674.45	0.0	0.0	0.0	0.000651	0.0	0.0	0.0	0.0	1.0	0.0	0.0	0.0	0.0	0.0	0.0	0.0	0.0	
1570	5258094	1904.299463627	4321.215222222221	4371.770777777776	2.56268	0.67691	5258073	0	0	0	17	0	0	0	0	0.00011	0.0	0.0	0.0	0.23622	0.0	0.0	0.0	0.0	1557.53	0.0	0.0	0.0	323.9	0.0	0.0	0.0	0.0	0.000296	0.0	0.0	0.0	19.0529	0.0	0.0	0.0	0.0	441	0	0	0	1	0	0	0	0	445360	0	0	0	16	0	0	0	0	3276318	0	0	0	0	0	0	0	0	599935	0	0	0	0	0	0	0	0	113811	0	0	0	0	0	0	0	0	822208	0	0	0	0	0	0	0	0	1257.02	0.0	0.0	0.0	0.000651	0.0	0.0	0.0	0.0	0.999999	0.0	0.0	0.0	1.0e-6	0.0	0.0	0.0	0.0	
1571	5261481	1905.299609327	4321.215222222221	4387.020777777776	2.55775	0.676402	5261460	0	0	0	17	0	0	0	0	2.4e-5	0.0	0.0	0.0	0.23622	0.0	0.0	0.0	0.0	1558.53	0.0	0.0	0.0	323.9	0.0	0.0	0.0	0.0	0.000296	0.0	0.0	0.0	19.0529	0.0	0.0	0.0	0.0	441	0	0	0	1	0	0	0	0	445448	0	0	0	16	0	0	0	0	3278006	0	0	0	0	0	0	0	0	600730	0	0	0	0	0	0	0	0	113881	0	0	0	0	0	0	0	0	822954	0	0	0	0	0	0	0	0	271.072	0.0	0.0	0.0	0.000651	0.0	0.0	0.0	0.0	0.999998	0.0	0.0	0.0	2.0e-6	0.0	0.0	0.0	0.0	
1572	5264860	1906.299634175	4321.215222222221	4401.131888888887	2.55284	0.675893	5264839	0	0	0	17	0	0	0	0	7.4e-5	0.0	0.0	0.0	0.23622	0.0	0.0	0.0	0.0	1559.53	0.0	0.0	0.0	323.9	0.0	0.0	0.0	0.0	0.000296	0.0	0.0	0.0	19.0529	0.0	0.0	0.0	0.0	441	0	0	0	1	0	0	0	0	445539	0	0	0	16	0	0	0	0	3279851	0	0	0	0	0	0	0	0	601495	0	0	0	0	0	0	0	0	113941	0	0	0	0	0	0	0	0	823572	0	0	0	0	0	0	0	0	848.582	0.0	0.0	0.0	0.000651	0.0	0.0	0.0	0.0	0.999999	0.0	0.0	0.0	1.0e-6	0.0	0.0	0.0	0.0	
1573	5268243	1907.299792127	4321.215222222221	4368.131888888887	2.54793	0.675383	5268222	0	0	0	17	0	0	0	0	3.2e-5	0.0	0.0	0.0	0.23622	0.0	0.0	0.0	0.0	1560.53	0.0	0.0	0.0	323.9	0.0	0.0	0.0	0.0	0.000296	0.0	0.0	0.0	19.0529	0.0	0.0	0.0	0.0	441	0	0	0	1	0	0	0	0	445638	0	0	0	16	0	0	0	0	3281708	0	0	0	0	0	0	0	0	602235	0	0	0	0	0	0	0	0	114014	0	0	0	0	0	0	0	0	824186	0	0	0	0	0	0	0	0	368.512	0.0	0.0	0.0	0.000651	0.0	0.0	0.0	0.0	0.999998	0.0	0.0	0.0	2.0e-6	0.0	0.0	0.0	0.0	
1574	5271702	1908.299903651	4321.215222222221	4397.520777777776	2.54303	0.674873	5271681	0	0	0	17	0	0	0	0	0.000181	0.0	0.0	0.0	0.23622	0.0	0.0	0.0	0.0	1561.52	0.0	0.0	0.0	323.9	0.0	0.0	0.0	0.0	0.000296	0.0	0.0	0.0	19.0529	0.0	0.0	0.0	0.0	441	0	0	0	1	0	0	0	0	445736	0	0	0	16	0	0	0	0	3283491	0	0	0	0	0	0	0	0	602970	0	0	0	0	0	0	0	0	114093	0	0	0	0	0	0	0	0	824950	0	0	0	0	0	0	0	0	2058.72	0.0	0.0	0.0	0.000651	0.0	0.0	0.0	0.0	1.0	0.0	0.0	0.0	0.0	0.0	0.0	0.0	0.0	
1575	5275169	1909.300574751	4321.215222222221	4375.992999999999	2.53819	0.674367	5275148	0	0	0	17	0	0	0	0	0.000143	0.0	0.0	0.0	0.23622	0.0	0.0	0.0	0.0	1562.52	0.0	0.0	0.0	323.9	0.0	0.0	0.0	0.0	0.000296	0.0	0.0	0.0	19.0529	0.0	0.0	0.0	0.0	441	0	0	0	1	0	0	0	0	445847	0	0	0	16	0	0	0	0	3285357	0	0	0	0	0	0	0	0	603709	0	0	0	0	0	0	0	0	114156	0	0	0	0	0	0	0	0	825638	0	0	0	0	0	0	0	0	1628.63	0.0	0.0	0.0	0.000651	0.0	0.0	0.0	0.0	1.0	0.0	0.0	0.0	0.0	0.0	0.0	0.0	0.0	
1576	5275982	1917.31161097	4321.215222222221	4363.833	2.53704	0.674246	5275960	0	0	0	18	0	0	0	0	0.0	0.0	0.0	0.0	0.213098	0.0	0.0	0.0	0.0	1562.75	0.0	0.0	0.0	331.687	0.0	0.0	0.0	0.0	0.000296	0.0	0.0	0.0	18.427	0.0	0.0	0.0	0.0	441	0	0	0	1	0	0	0	0	445862	0	0	0	17	0	0	0	0	3285766	0	0	0	0	0	0	0	0	603886	0	0	0	0	0	0	0	0	114170	0	0	0	0	0	0	0	0	825835	0	0	0	0	0	0	0	0	0.165843	0.0	0.0	0.0	0.000628	0.0	0.0	0.0	0.0	0.99623	0.0	0.0	0.0	0.00377	0.0	0.0	0.0	0.0	
1577	5279419	1918.31164965	4321.215222222221	4366.37411111111	2.49451	0.66973	5279397	0	0	0	18	0	0	0	0	3.3e-5	0.0	0.0	0.0	0.213098	0.0	0.0	0.0	0.0	1563.75	0.0	0.0	0.0	331.687	0.0	0.0	0.0	0.0	0.000296	0.0	0.0	0.0	18.427	0.0	0.0	0.0	0.0	441	0	0	0	1	0	0	0	0	445945	0	0	0	17	0	0	0	0	3287515	0	0	0	0	0	0	0	0	604615	0	0	0	0	0	0	0	0	114235	0	0	0	0	0	0	0	0	826646	0	0	0	0	0	0	0	0	372.655	0.0	0.0	0.0	0.000628	0.0	0.0	0.0	0.0	0.999998	0.0	0.0	0.0	2.0e-6	0.0	0.0	0.0	0.0	
1578	5282874	1919.311685927	4321.215222222221	4385.096333333332	2.48972	0.669213	5282852	0	0	0	18	0	0	0	0	0.000263	0.0	0.0	0.0	0.213098	0.0	0.0	0.0	0.0	1564.75	0.0	0.0	0.0	331.687	0.0	0.0	0.0	0.0	0.000296	0.0	0.0	0.0	18.427	0.0	0.0	0.0	0.0	441	0	0	0	1	0	0	0	0	446049	0	0	0	17	0	0	0	0	3289264	0	0	0	0	0	0	0	0	605371	0	0	0	0	0	0	0	0	114315	0	0	0	0	0	0	0	0	827412	0	0	0	0	0	0	0	0	3000.98	0.0	0.0	0.0	0.000628	0.0	0.0	0.0	0.0	1.0	0.0	0.0	0.0	0.0	0.0	0.0	0.0	0.0	
1579	5286430	1920.31179048	4321.215222222221	4369.762999999999	2.48493	0.668696	5286408	0	0	0	18	0	0	0	0	9.2e-5	0.0	0.0	0.0	0.213098	0.0	0.0	0.0	0.0	1565.74	0.0	0.0	0.0	331.687	0.0	0.0	0.0	0.0	0.000296	0.0	0.0	0.0	18.427	0.0	0.0	0.0	0.0	441	0	0	0	1	0	0	0	0	446137	0	0	0	17	0	0	0	0	3291000	0	0	0	0	0	0	0	0	606191	0	0	0	0	0	0	0	0	114411	0	0	0	0	0	0	0	0	828228	0	0	0	0	0	0	0	0	1047.08	0.0	0.0	0.0	0.000628	0.0	0.0	0.0	0.0	0.999999	0.0	0.0	0.0	1.0e-6	0.0	0.0	0.0	0.0	
1580	5287927	1941.441021192	4321.215222222221	4334.417	2.48293	0.668479	5287904	0	0	0	19	0	0	0	0	0.0	0.0	0.0	0.0	0.192288	0.0	0.0	0.0	0.0	1566.16	0.0	0.0	0.0	352.397	0.0	0.0	0.0	0.0	0.000296	0.0	0.0	0.0	18.5472	0.0	0.0	0.0	0.0	441	0	0	0	1	0	0	0	0	446178	0	0	0	18	0	0	0	0	3291756	0	0	0	0	0	0	0	0	606532	0	0	0	0	0	0	0	0	114446	0	0	0	0	0	0	0	0	828551	0	0	0	0	0	0	0	0	0.073197	0.0	0.0	0.0	0.000559	0.0	0.0	0.0	0.0	0.992421	0.0	0.0	0.0	0.007579	0.0	0.0	0.0	0.0	
1581	5291487	1942.441219411	4319.100333333335	4325.600333333335	2.38134	0.657092	5291464	0	0	0	19	0	0	0	0	0.000243	0.0	0.0	0.0	0.192288	0.0	0.0	0.0	0.0	1567.16	0.0	0.0	0.0	352.397	0.0	0.0	0.0	0.0	0.000296	0.0	0.0	0.0	18.5472	0.0	0.0	0.0	0.0	443	0	0	0	1	0	0	0	0	446276	0	0	0	18	0	0	0	0	3293476	0	0	0	0	0	0	0	0	607340	0	0	0	0	0	0	0	0	114527	0	0	0	0	0	0	0	0	829402	0	0	0	0	0	0	0	0	2768.12	0.0	0.0	0.0	0.000559	0.0	0.0	0.0	0.0	1.0	0.0	0.0	0.0	0.0	0.0	0.0	0.0	0.0	
1582	5295031	1943.441350682	4311.933666666668	4331.933666666668	2.37676	0.656561	5295008	0	0	0	19	0	0	0	0	0.00011	0.0	0.0	0.0	0.192288	0.0	0.0	0.0	0.0	1568.16	0.0	0.0	0.0	352.397	0.0	0.0	0.0	0.0	0.000296	0.0	0.0	0.0	18.5472	0.0	0.0	0.0	0.0	448	0	0	0	1	0	0	0	0	446363	0	0	0	18	0	0	0	0	3295248	0	0	0	0	0	0	0	0	608155	0	0	0	0	0	0	0	0	114606	0	0	0	0	0	0	0	0	830188	0	0	0	0	0	0	0	0	1259.24	0.0	0.0	0.0	0.000559	0.0	0.0	0.0	0.0	1.0	0.0	0.0	0.0	0.0	0.0	0.0	0.0	0.0	
1583	5298566	1944.44157532	4301.211444444445	4304.767000000001	2.37219	0.656029	5298543	0	0	0	19	0	0	0	0	9.2e-5	0.0	0.0	0.0	0.192288	0.0	0.0	0.0	0.0	1569.16	0.0	0.0	0.0	352.397	0.0	0.0	0.0	0.0	0.000296	0.0	0.0	0.0	18.5472	0.0	0.0	0.0	0.0	457	0	0	0	1	0	0	0	0	446434	0	0	0	18	0	0	0	0	3297065	0	0	0	0	0	0	0	0	608946	0	0	0	0	0	0	0	0	114693	0	0	0	0	0	0	0	0	830948	0	0	0	0	0	0	0	0	1044.86	0.0	0.0	0.0	0.000559	0.0	0.0	0.0	0.0	0.999999	0.0	0.0	0.0	1.0e-6	0.0	0.0	0.0	0.0	
1584	5298763	1957.916430632	4276.25	4276.25	2.37192	0.655996	5298739	0	0	0	20	0	0	0	0	0.0	0.0	0.0	0.0	0.273059	0.0	0.0	0.0	0.0	1569.22	0.0	0.0	0.0	365.811	0.0	0.0	0.0	0.0	0.000296	0.0	0.0	0.0	18.2905	0.0	0.0	0.0	0.0	457	0	0	0	2	0	0	0	0	446434	0	0	0	18	0	0	0	0	3297178	0	0	0	0	0	0	0	0	608991	0	0	0	0	0	0	0	0	114696	0	0	0	0	0	0	0	0	830983	0	0	0	0	0	0	0	0	0.098595	0.0	0.0	0.0	0.000816	0.0	0.0	0.0	0.0	0.991789	0.0	0.0	0.0	0.00821	0.0	0.0	0.0	0.0	
1585	5302248	1958.916485392	4273.759999999999	4295.732222222222	2.30704	0.648265	5302224	0	0	0	20	0	0	0	0	0.0	0.0	0.0	0.0	0.273059	0.0	0.0	0.0	0.0	1570.22	0.0	0.0	0.0	365.811	0.0	0.0	0.0	0.0	0.000296	0.0	0.0	0.0	18.2905	0.0	0.0	0.0	0.0	459	0	0	0	2	0	0	0	0	446508	0	0	0	18	0	0	0	0	3298866	0	0	0	0	0	0	0	0	609774	0	0	0	0	0	0	0	0	114770	0	0	0	0	0	0	0	0	831847	0	0	0	0	0	0	0	0	4.57513	0.0	0.0	0.0	0.000816	0.0	0.0	0.0	0.0	0.999822	0.0	0.0	0.0	0.000178	0.0	0.0	0.0	0.0	
1586	5305741	1959.916653875	4273.759999999999	4312.732222222222	2.3026	0.647723	5305717	0	0	0	20	0	0	0	0	4.2e-5	0.0	0.0	0.0	0.273059	0.0	0.0	0.0	0.0	1571.22	0.0	0.0	0.0	365.811	0.0	0.0	0.0	0.0	0.000296	0.0	0.0	0.0	18.2905	0.0	0.0	0.0	0.0	459	0	0	0	2	0	0	0	0	446584	0	0	0	18	0	0	0	0	3300526	0	0	0	0	0	0	0	0	610561	0	0	0	0	0	0	0	0	114839	0	0	0	0	0	0	0	0	832748	0	0	0	0	0	0	0	0	473.799	0.0	0.0	0.0	0.000816	0.0	0.0	0.0	0.0	0.999998	0.0	0.0	0.0	2.0e-6	0.0	0.0	0.0	0.0	
1587	5309253	1960.91681644	4273.759999999999	4293.232222222222	2.29817	0.647182	5309229	0	0	0	20	0	0	0	0	7.6e-5	0.0	0.0	0.0	0.273059	0.0	0.0	0.0	0.0	1572.21	0.0	0.0	0.0	365.811	0.0	0.0	0.0	0.0	0.000296	0.0	0.0	0.0	18.2905	0.0	0.0	0.0	0.0	459	0	0	0	2	0	0	0	0	446677	0	0	0	18	0	0	0	0	3302257	0	0	0	0	0	0	0	0	611274	0	0	0	0	0	0	0	0	114901	0	0	0	0	0	0	0	0	833661	0	0	0	0	0	0	0	0	862.466	0.0	0.0	0.0	0.000816	0.0	0.0	0.0	0.0	0.999999	0.0	0.0	0.0	1.0e-6	0.0	0.0	0.0	0.0	
1588	5312042	1983.227104275	4264.722	4264.722	2.29471	0.646757	5312017	0	0	0	21	0	0	0	0	0.0	0.0	0.0	0.0	0.345753	0.0	0.0	0.0	0.0	1573.0	0.0	0.0	0.0	387.338	0.0	0.0	0.0	0.0	0.000296	0.0	0.0	0.0	18.4447	0.0	0.0	0.0	0.0	459	0	0	0	3	0	0	0	0	446732	0	0	0	18	0	0	0	0	3303656	0	0	0	0	0	0	0	0	611869	0	0	0	0	0	0	0	0	114962	0	0	0	0	0	0	0	0	834339	0	0	0	0	0	0	0	0	0.207649	0.0	0.0	0.0	0.001016	0.0	0.0	0.0	0.0	0.995129	0.0	0.0	0.0	0.004871	0.0	0.0	0.0	0.0	
1589	5315445	1984.227281132	4256.224222222221	4262.724222222221	2.19737	0.634392	5315420	0	0	0	21	0	0	0	0	0.000282	0.0	0.0	0.0	0.345753	0.0	0.0	0.0	0.0	1573.99	0.0	0.0	0.0	387.338	0.0	0.0	0.0	0.0	0.000296	0.0	0.0	0.0	18.4447	0.0	0.0	0.0	0.0	468	0	0	0	3	0	0	0	0	446785	0	0	0	18	0	0	0	0	3305392	0	0	0	0	0	0	0	0	612530	0	0	0	0	0	0	0	0	115047	0	0	0	0	0	0	0	0	835198	0	0	0	0	0	0	0	0	3219.28	0.0	0.0	0.0	0.001016	0.0	0.0	0.0	0.0	1.0	0.0	0.0	0.0	0.0	0.0	0.0	0.0	0.0	
1590	5318967	1985.227358974	4256.224222222221	4284.279777777777	2.19315	0.633836	5318942	0	0	0	21	0	0	0	0	0.000173	0.0	0.0	0.0	0.345753	0.0	0.0	0.0	0.0	1574.99	0.0	0.0	0.0	387.338	0.0	0.0	0.0	0.0	0.000296	0.0	0.0	0.0	18.4447	0.0	0.0	0.0	0.0	468	0	0	0	3	0	0	0	0	446849	0	0	0	18	0	0	0	0	3307197	0	0	0	0	0	0	0	0	613224	0	0	0	0	0	0	0	0	115134	0	0	0	0	0	0	0	0	836070	0	0	0	0	0	0	0	0	1977.1	0.0	0.0	0.0	0.001016	0.0	0.0	0.0	0.0	0.999999	0.0	0.0	0.0	1.0e-6	0.0	0.0	0.0	0.0	
1591	5322389	1986.227465698	4256.224222222221	4256.3353333333325	2.18893	0.633279	5322364	0	0	0	21	0	0	0	0	0.000205	0.0	0.0	0.0	0.345753	0.0	0.0	0.0	0.0	1575.99	0.0	0.0	0.0	387.338	0.0	0.0	0.0	0.0	0.000296	0.0	0.0	0.0	18.4447	0.0	0.0	0.0	0.0	468	0	0	0	3	0	0	0	0	446931	0	0	0	18	0	0	0	0	3308987	0	0	0	0	0	0	0	0	613928	0	0	0	0	0	0	0	0	115193	0	0	0	0	0	0	0	0	836857	0	0	0	0	0	0	0	0	2339.99	0.0	0.0	0.0	0.001016	0.0	0.0	0.0	0.0	1.0	0.0	0.0	0.0	0.0	0.0	0.0	0.0	0.0	
1592	5323412	2011.888149691	4234.472	4234.472	2.18769	0.633115	5323386	0	0	0	22	0	0	0	0	0.0	0.0	0.0	0.0	0.411178	0.0	0.0	0.0	0.0	1576.29	0.0	0.0	0.0	412.704	0.0	0.0	0.0	0.0	0.000296	0.0	0.0	0.0	18.7593	0.0	0.0	0.0	0.0	474	0	0	0	4	0	0	0	0	446939	0	0	0	18	0	0	0	0	3309536	0	0	0	0	0	0	0	0	614153	0	0	0	0	0	0	0	0	115210	0	0	0	0	0	0	0	0	837074	0	0	0	0	0	0	0	0	0.067368	0.0	0.0	0.0	0.001168	0.0	0.0	0.0	0.0	0.982952	0.0	0.0	0.0	0.017048	0.0	0.0	0.0	0.0	
1593	5326814	2012.888217641	4219.964222222221	4247.908666666665	2.07948	0.618233	5326788	0	0	0	22	0	0	0	0	1.0e-6	0.0	0.0	0.0	0.411178	0.0	0.0	0.0	0.0	1577.28	0.0	0.0	0.0	412.704	0.0	0.0	0.0	0.0	0.000296	0.0	0.0	0.0	18.7593	0.0	0.0	0.0	0.0	488	0	0	0	4	0	0	0	0	446981	0	0	0	18	0	0	0	0	3311267	0	0	0	0	0	0	0	0	614896	0	0	0	0	0	0	0	0	115273	0	0	0	0	0	0	0	0	837883	0	0	0	0	0	0	0	0	6.69779	0.0	0.0	0.0	0.001168	0.0	0.0	0.0	0.0	0.999826	0.0	0.0	0.0	0.000174	0.0	0.0	0.0	0.0	
1594	5330320	2013.888390013	4219.964222222221	4231.408666666665	2.07548	0.61766	5330294	0	0	0	22	0	0	0	0	0.00029	0.0	0.0	0.0	0.411178	0.0	0.0	0.0	0.0	1578.28	0.0	0.0	0.0	412.704	0.0	0.0	0.0	0.0	0.000296	0.0	0.0	0.0	18.7593	0.0	0.0	0.0	0.0	488	0	0	0	4	0	0	0	0	447050	0	0	0	18	0	0	0	0	3313058	0	0	0	0	0	0	0	0	615626	0	0	0	0	0	0	0	0	115369	0	0	0	0	0	0	0	0	838703	0	0	0	0	0	0	0	0	3304.79	0.0	0.0	0.0	0.001168	0.0	0.0	0.0	0.0	1.0	0.0	0.0	0.0	0.0	0.0	0.0	0.0	0.0	
1595	5333556	2061.352878242	4219.964222222221	4224.667	2.07177	0.617127	5333529	0	0	0	23	0	0	0	0	0.0	0.0	0.0	0.0	0.37056	0.0	0.0	0.0	0.0	1579.21	0.0	0.0	0.0	459.239	0.0	0.0	0.0	0.0	0.000296	0.0	0.0	0.0	19.9669	0.0	0.0	0.0	0.0	488	0	0	0	4	0	0	0	0	447101	0	0	0	19	0	0	0	0	3314676	0	0	0	0	0	0	0	0	616310	0	0	0	0	0	0	0	0	115439	0	0	0	0	0	0	0	0	839515	0	0	0	0	0	0	0	0	0.13225	0.0	0.0	0.0	0.000929	0.0	0.0	0.0	0.0	0.993021	0.0	0.0	0.0	0.006979	0.0	0.0	0.0	0.0	
1596	5333962	2065.570718162	4219.964222222221	4224.667	1.89383	0.589766	5333934	0	0	0	24	0	0	0	0	0.0	0.0	0.0	0.0	0.334004	0.0	0.0	0.0	0.0	1579.35	0.0	0.0	0.0	463.322	0.0	0.0	0.0	0.0	0.000296	0.0	0.0	0.0	19.3051	0.0	0.0	0.0	0.0	488	0	0	0	4	0	0	0	0	447104	0	0	0	20	0	0	0	0	3314864	0	0	0	0	0	0	0	0	616405	0	0	0	0	0	0	0	0	115443	0	0	0	0	0	0	0	0	839630	0	0	0	0	0	0	0	0	0.712287	0.0	0.0	0.0	0.000896	0.0	0.0	0.0	0.0	0.998743	0.0	0.0	0.0	0.001257	0.0	0.0	0.0	0.0	
1597	5334843	2073.04928687	4219.964222222221	4232.667	1.87811	0.587165	5334814	0	0	0	25	0	0	0	0	0.0	0.0	0.0	0.0	0.301104	0.0	0.0	0.0	0.0	1579.59	0.0	0.0	0.0	470.551	0.0	0.0	0.0	0.0	0.000296	0.0	0.0	0.0	18.8221	0.0	0.0	0.0	0.0	488	0	0	0	4	0	0	0	0	447113	0	0	0	21	0	0	0	0	3315260	0	0	0	0	0	0	0	0	616574	0	0	0	0	0	0	0	0	115465	0	0	0	0	0	0	0	0	839914	0	0	0	0	0	0	0	0	0.857154	0.0	0.0	0.0	0.00085	0.0	0.0	0.0	0.0	0.999009	0.0	0.0	0.0	0.000991	0.0	0.0	0.0	0.0	
1598	5336059	2079.821256187	4203.667	4203.667	1.851	0.582603	5336029	0	0	0	26	0	0	0	0	0.0	0.0	0.0	0.0	0.370993	0.0	0.0	0.0	0.0	1579.92	0.0	0.0	0.0	476.995	0.0	0.0	0.0	0.0	0.000296	0.0	0.0	0.0	18.346	0.0	0.0	0.0	0.0	488	0	0	0	5	0	0	0	0	447140	0	0	0	21	0	0	0	0	3315779	0	0	0	0	0	0	0	0	616856	0	0	0	0	0	0	0	0	115489	0	0	0	0	0	0	0	0	840277	0	0	0	0	0	0	0	0	1.12909	0.0	0.0	0.0	0.001102	0.0	0.0	0.0	0.0	0.999025	0.0	0.0	0.0	0.000975	0.0	0.0	0.0	0.0	
1599	5336730	2083.106378834	4203.667	4205.167	1.82758	0.578584	5336699	0	0	0	27	0	0	0	0	0.0	0.0	0.0	0.0	0.334394	0.0	0.0	0.0	0.0	1580.1	0.0	0.0	0.0	480.106	0.0	0.0	0.0	0.0	0.000296	0.0	0.0	0.0	17.7817	0.0	0.0	0.0	0.0	488	0	0	0	5	0	0	0	0	447150	0	0	0	22	0	0	0	0	3316045	0	0	0	0	0	0	0	0	616999	0	0	0	0	0	0	0	0	115509	0	0	0	0	0	0	0	0	840508	0	0	0	0	0	0	0	0	0.065075	0.0	0.0	0.0	0.001058	0.0	0.0	0.0	0.0	0.984008	0.0	0.0	0.0	0.015992	0.0	0.0	0.0	0.0	
1600	5339849	2095.165594877	4203.667	4205.667	1.81373	0.576172	5339817	0	0	0	28	0	0	0	0	0.0	0.0	0.0	0.0	0.301455	0.0	0.0	0.0	0.0	1580.94	0.0	0.0	0.0	491.324	0.0	0.0	0.0	0.0	0.000296	0.0	0.0	0.0	17.5473	0.0	0.0	0.0	0.0	488	0	0	0	5	0	0	0	0	447205	0	0	0	23	0	0	0	0	3317270	0	0	0	0	0	0	0	0	617625	0	0	0	0	0	0	0	0	115576	0	0	0	0	0	0	0	0	841653	0	0	0	0	0	0	0	0	0.407285	0.0	0.0	0.0	0.000979	0.0	0.0	0.0	0.0	0.997602	0.0	0.0	0.0	0.002398	0.0	0.0	0.0	0.0	
1601	5340786	2102.527233139	4184.722	4184.722	1.77414	0.569126	5340753	0	0	0	29	0	0	0	0	0.0	0.0	0.0	0.0	0.371309	0.0	0.0	0.0	0.0	1581.19	0.0	0.0	0.0	498.433	0.0	0.0	0.0	0.0	0.000296	0.0	0.0	0.0	17.1873	0.0	0.0	0.0	0.0	495	0	0	0	6	0	0	0	0	447214	0	0	0	23	0	0	0	0	3317672	0	0	0	0	0	0	0	0	617823	0	0	0	0	0	0	0	0	115599	0	0	0	0	0	0	0	0	841950	0	0	0	0	0	0	0	0	0.555566	0.0	0.0	0.0	0.001257	0.0	0.0	0.0	0.0	0.997743	0.0	0.0	0.0	0.002257	0.0	0.0	0.0	0.0	
1602	5341775	2121.507081675	4178.722	4178.722	1.74919	0.564569	5341741	0	0	0	30	0	0	0	0	0.0	0.0	0.0	0.0	0.434178	0.0	0.0	0.0	0.0	1581.44	0.0	0.0	0.0	517.161	0.0	0.0	0.0	0.0	0.000296	0.0	0.0	0.0	17.2387	0.0	0.0	0.0	0.0	498	0	0	0	7	0	0	0	0	447221	0	0	0	23	0	0	0	0	3318053	0	0	0	0	0	0	0	0	618025	0	0	0	0	0	0	0	0	115627	0	0	0	0	0	0	0	0	842317	0	0	0	0	0	0	0	0	0.137019	0.0	0.0	0.0	0.001461	0.0	0.0	0.0	0.0	0.989449	0.0	0.0	0.0	0.01055	0.0	0.0	0.0	0.0	
1603	5344536	2135.143264421	4176.724222222221	4182.722	1.6848	0.552366	5344501	0	0	0	31	0	0	0	0	0.0	0.0	0.0	0.0	0.39126	0.0	0.0	0.0	0.0	1582.21	0.0	0.0	0.0	530.031	0.0	0.0	0.0	0.0	0.000296	0.0	0.0	0.0	17.0978	0.0	0.0	0.0	0.0	501	0	0	0	7	0	0	0	0	447251	0	0	0	24	0	0	0	0	3319228	0	0	0	0	0	0	0	0	618613	0	0	0	0	0	0	0	0	115682	0	0	0	0	0	0	0	0	843226	0	0	0	0	0	0	0	0	0.06536	0.0	0.0	0.0	0.001338	0.0	0.0	0.0	0.0	0.979933	0.0	0.0	0.0	0.020066	0.0	0.0	0.0	0.0	
1604	5347334	2142.292274684	4172.724222222221	4181.222	1.64112	0.54371	5347298	0	0	0	32	0	0	0	0	0.0	0.0	0.0	0.0	0.352634	0.0	0.0	0.0	0.0	1582.98	0.0	0.0	0.0	536.4	0.0	0.0	0.0	0.0	0.000296	0.0	0.0	0.0	16.7625	0.0	0.0	0.0	0.0	506	0	0	0	7	0	0	0	0	447293	0	0	0	25	0	0	0	0	3320438	0	0	0	0	0	0	0	0	619183	0	0	0	0	0	0	0	0	115743	0	0	0	0	0	0	0	0	844135	0	0	0	0	0	0	0	0	0.227194	0.0	0.0	0.0	0.001255	0.0	0.0	0.0	0.0	0.994506	0.0	0.0	0.0	0.005494	0.0	0.0	0.0	0.0	
1605	5348649	2146.856310626	4172.724222222221	4182.722	1.62007	0.539423	5348612	0	0	0	33	0	0	0	0	0.0	0.0	0.0	0.0	0.317871	0.0	0.0	0.0	0.0	1583.32	0.0	0.0	0.0	540.625	0.0	0.0	0.0	0.0	0.000296	0.0	0.0	0.0	16.3826	0.0	0.0	0.0	0.0	506	0	0	0	7	0	0	0	0	447308	0	0	0	26	0	0	0	0	3320950	0	0	0	0	0	0	0	0	619424	0	0	0	0	0	0	0	0	115762	0	0	0	0	0	0	0	0	844662	0	0	0	0	0	0	0	0	0.734282	0.0	0.0	0.0	0.001184	0.0	0.0	0.0	0.0	0.99839	0.0	0.0	0.0	0.00161	0.0	0.0	0.0	0.0	
1606	5349306	2163.479892969	4153.222	4153.222	1.60641	0.536597	5349268	0	0	0	34	0	0	0	0	0.0	0.0	0.0	0.0	0.386084	0.0	0.0	0.0	0.0	1583.5	0.0	0.0	0.0	557.07	0.0	0.0	0.0	0.0	0.000296	0.0	0.0	0.0	16.3844	0.0	0.0	0.0	0.0	506	0	0	0	8	0	0	0	0	447317	0	0	0	26	0	0	0	0	3321185	0	0	0	0	0	0	0	0	619576	0	0	0	0	0	0	0	0	115782	0	0	0	0	0	0	0	0	844902	0	0	0	0	0	0	0	0	0.240859	0.0	0.0	0.0	0.001438	0.0	0.0	0.0	0.0	0.994064	0.0	0.0	0.0	0.005936	0.0	0.0	0.0	0.0	
1607	5350188	2170.632245226	4145.722	4145.722	1.55567	0.525812	5350149	0	0	0	35	0	0	0	0	0.0	0.0	0.0	0.0	0.447475	0.0	0.0	0.0	0.0	1583.74	0.0	0.0	0.0	563.987	0.0	0.0	0.0	0.0	0.000296	0.0	0.0	0.0	16.1139	0.0	0.0	0.0	0.0	508	0	0	0	9	0	0	0	0	447323	0	0	0	26	0	0	0	0	3321511	0	0	0	0	0	0	0	0	619775	0	0	0	0	0	0	0	0	115795	0	0	0	0	0	0	0	0	845237	0	0	0	0	0	0	0	0	0.080075	0.0	0.0	0.0	0.001723	0.0	0.0	0.0	0.0	0.978932	0.0	0.0	0.0	0.021068	0.0	0.0	0.0	0.0	
1608	5350208	2197.296618738	4143.222	4143.222	1.53509	0.5213	5350168	0	0	0	36	0	0	0	0	0.0	0.0	0.0	0.0	0.502728	0.0	0.0	0.0	0.0	1583.74	0.0	0.0	0.0	590.647	0.0	0.0	0.0	0.0	0.000296	0.0	0.0	0.0	16.4069	0.0	0.0	0.0	0.0	508	0	0	0	10	0	0	0	0	447323	0	0	0	26	0	0	0	0	3321515	0	0	0	0	0	0	0	0	619781	0	0	0	0	0	0	0	0	115795	0	0	0	0	0	0	0	0	845246	0	0	0	0	0	0	0	0	0.040691	0.0	0.0	0.0	0.001868	0.0	0.0	0.0	0.0	0.956117	0.0	0.0	0.0	0.043883	0.0	0.0	0.0	0.0	
1609	5350218	2231.351808269	4135.722	4135.722	1.45832	0.503727	5350177	0	0	0	37	0	0	0	0	0.0	0.0	0.0	0.0	0.552455	0.0	0.0	0.0	0.0	1583.74	0.0	0.0	0.0	624.699	0.0	0.0	0.0	0.0	0.000296	0.0	0.0	0.0	16.8838	0.0	0.0	0.0	0.0	508	0	0	0	11	0	0	0	0	447323	0	0	0	26	0	0	0	0	3321517	0	0	0	0	0	0	0	0	619784	0	0	0	0	0	0	0	0	115795	0	0	0	0	0	0	0	0	845250	0	0	0	0	0	0	0	0	0.034749	0.0	0.0	0.0	0.001938	0.0	0.0	0.0	0.0	0.947174	0.0	0.0	0.0	0.052826	0.0	0.0	0.0	0.0	
1610	5351020	2294.794501531	4129.222	4129.222	1.36521	0.480712	5350978	0	0	0	38	0	0	0	0	0.0	0.0	0.0	0.0	0.59721	0.0	0.0	0.0	0.0	1583.98	0.0	0.0	0.0	687.906	0.0	0.0	0.0	0.0	0.000296	0.0	0.0	0.0	18.1028	0.0	0.0	0.0	0.0	510	0	0	0	12	0	0	0	0	447331	0	0	0	26	0	0	0	0	3321814	0	0	0	0	0	0	0	0	619949	0	0	0	0	0	0	0	0	115809	0	0	0	0	0	0	0	0	845565	0	0	0	0	0	0	0	0	0.167501	0.0	0.0	0.0	0.001822	0.0	0.0	0.0	0.0	0.989237	0.0	0.0	0.0	0.010763	0.0	0.0	0.0	0.0	
1611	5351032	2297.958391003	4129.222	4129.222	1.20887	0.437263	5350989	0	0	0	39	0	0	0	0	0.0	0.0	0.0	0.0	0.537489	0.0	0.0	0.0	0.0	1583.98	0.0	0.0	0.0	691.066	0.0	0.0	0.0	0.0	0.000296	0.0	0.0	0.0	17.7197	0.0	0.0	0.0	0.0	510	0	0	0	12	0	0	0	0	447331	0	0	0	26	0	0	0	0	3321819	0	0	0	1	0	0	0	0	619951	0	0	0	0	0	0	0	0	115809	0	0	0	0	0	0	0	0	845569	0	0	0	0	0	0	0	0	0.11633	0.0	0.0	0.0	0.001712	0.0	0.0	0.0	0.0	0.985498	0.0	0.0	0.0	0.014502	0.0	0.0	0.0	0.0	
1612	5352419	2318.689317309	4116.556	4116.556	1.20067	0.434799	5352375	0	0	0	40	0	0	0	0	0.0	0.0	0.0	0.0	0.58374	0.0	0.0	0.0	0.0	1584.36	0.0	0.0	0.0	711.42	0.0	0.0	0.0	0.0	0.000296	0.0	0.0	0.0	17.7855	0.0	0.0	0.0	0.0	512	0	0	0	13	0	0	0	0	447339	0	0	0	26	0	0	0	0	3322275	0	0	0	1	0	0	0	0	620269	0	0	0	0	0	0	0	0	115846	0	0	0	0	0	0	0	0	846134	0	0	0	0	0	0	0	0	0.893782	0.0	0.0	0.0	0.001845	0.0	0.0	0.0	0.0	0.99794	0.0	0.0	0.0	0.00206	0.0	0.0	0.0	0.0	
1613	5353015	2334.33966984	4115.051555555555	4115.056	1.15419	0.42046	5352970	0	0	0	41	0	0	0	0	0.0	0.0	0.0	0.0	0.525866	0.0	0.0	0.0	0.0	1584.52	0.0	0.0	0.0	726.908	0.0	0.0	0.0	0.0	0.000296	0.0	0.0	0.0	17.7295	0.0	0.0	0.0	0.0	515	0	0	0	13	0	0	0	0	447340	0	0	0	27	0	0	0	0	3322465	0	0	0	1	0	0	0	0	620410	0	0	0	0	0	0	0	0	115863	0	0	0	0	0	0	0	0	846377	0	0	0	0	0	0	0	0	0.100709	0.0	0.0	0.0	0.001673	0.0	0.0	0.0	0.0	0.98366	0.0	0.0	0.0	0.01634	0.0	0.0	0.0	0.0	
1614	5353412	2345.541648646	4107.556	4107.556	1.12007	0.409507	5353366	0	0	0	42	0	0	0	0	0.0	0.0	0.0	0.0	0.573279	0.0	0.0	0.0	0.0	1584.63	0.0	0.0	0.0	738.0	0.0	0.0	0.0	0.0	0.000296	0.0	0.0	0.0	17.5714	0.0	0.0	0.0	0.0	517	0	0	0	14	0	0	0	0	447341	0	0	0	27	0	0	0	0	3322615	0	0	0	1	0	0	0	0	620499	0	0	0	0	0	0	0	0	115871	0	0	0	0	0	0	0	0	846523	0	0	0	0	0	0	0	0	0.046546	0.0	0.0	0.0	0.001857	0.0	0.0	0.0	0.0	0.96164	0.0	0.0	0.0	0.03836	0.0	0.0	0.0	0.0	
1615	5353728	2359.854728891	4097.556	4097.556	1.09622	0.40163	5353681	0	0	0	43	0	0	0	0	0.0	0.0	0.0	0.0	0.615951	0.0	0.0	0.0	0.0	1584.72	0.0	0.0	0.0	752.221	0.0	0.0	0.0	0.0	0.000296	0.0	0.0	0.0	17.4935	0.0	0.0	0.0	0.0	519	0	0	0	15	0	0	0	0	447342	0	0	0	27	0	0	0	0	3322741	0	0	0	1	0	0	0	0	620558	0	0	0	0	0	0	0	0	115877	0	0	0	0	0	0	0	0	846644	0	0	0	0	0	0	0	0	0.620584	0.0	0.0	0.0	0.002013	0.0	0.0	0.0	0.0	0.996767	0.0	0.0	0.0	0.003233	0.0	0.0	0.0	0.0	
1616	5354123	2365.258091631	4097.551555555555	4104.056	1.0664	0.391514	5354075	0	0	0	44	0	0	0	0	0.0	0.0	0.0	0.0	0.554856	0.0	0.0	0.0	0.0	1584.83	0.0	0.0	0.0	757.512	0.0	0.0	0.0	0.0	0.000296	0.0	0.0	0.0	17.2162	0.0	0.0	0.0	0.0	520	0	0	0	15	0	0	0	0	447344	0	0	0	28	0	0	0	0	3322877	0	0	0	1	0	0	0	0	620646	0	0	0	0	0	0	0	0	115886	0	0	0	0	0	0	0	0	846802	0	0	0	0	0	0	0	0	0.037225	0.0	0.0	0.0	0.001872	0.0	0.0	0.0	0.0	0.952119	0.0	0.0	0.0	0.047881	0.0	0.0	0.0	0.0	
1617	5355056	2376.432824152	4097.551555555555	4100.556	1.05511	0.387604	5355007	0	0	0	45	0	0	0	0	0.0	0.0	0.0	0.0	0.499871	0.0	0.0	0.0	0.0	1585.08	0.0	0.0	0.0	768.443	0.0	0.0	0.0	0.0	0.000296	0.0	0.0	0.0	17.0765	0.0	0.0	0.0	0.0	520	0	0	0	15	0	0	0	0	447353	0	0	0	29	0	0	0	0	3323221	0	0	0	1	0	0	0	0	620837	0	0	0	0	0	0	0	0	115907	0	0	0	0	0	0	0	0	847169	0	0	0	0	0	0	0	0	0.225539	0.0	0.0	0.0	0.001714	0.0	0.0	0.0	0.0	0.992457	0.0	0.0	0.0	0.007543	0.0	0.0	0.0	0.0	
1618	5355295	2387.697918951	4097.551555555555	4100.056	1.03299	0.379818	5355245	0	0	0	46	0	0	0	0	0.0	0.0	0.0	0.0	0.450384	0.0	0.0	0.0	0.0	1585.16	0.0	0.0	0.0	779.629	0.0	0.0	0.0	0.0	0.000296	0.0	0.0	0.0	16.9485	0.0	0.0	0.0	0.0	520	0	0	0	15	0	0	0	0	447354	0	0	0	30	0	0	0	0	3323307	0	0	0	1	0	0	0	0	620895	0	0	0	0	0	0	0	0	115910	0	0	0	0	0	0	0	0	847259	0	0	0	0	0	0	0	0	0.061334	0.0	0.0	0.0	0.001568	0.0	0.0	0.0	0.0	0.975074	0.0	0.0	0.0	0.024926	0.0	0.0	0.0	0.0	
1619	5356742	2393.350850766	4093.556	4093.556	1.0103	0.371649	5356691	0	0	0	47	0	0	0	0	0.0	0.0	0.0	0.0	0.505345	0.0	0.0	0.0	0.0	1585.51	0.0	0.0	0.0	784.925	0.0	0.0	0.0	0.0	0.000296	0.0	0.0	0.0	16.7005	0.0	0.0	0.0	0.0	524	0	0	0	16	0	0	0	0	447362	0	0	0	30	0	0	0	0	3323809	0	0	0	1	0	0	0	0	621203	0	0	0	0	0	0	0	0	115943	0	0	0	0	0	0	0	0	847850	0	0	0	0	0	0	0	0	0.05768	0.0	0.0	0.0	0.001812	0.0	0.0	0.0	0.0	0.969544	0.0	0.0	0.0	0.030456	0.0	0.0	0.0	0.0	
1620	5357383	2400.318494321	4093.5448888888886	4095.556	0.999727	0.367779	5357331	0	0	0	48	0	0	0	0	0.0	0.0	0.0	0.0	0.454811	0.0	0.0	0.0	0.0	1585.68	0.0	0.0	0.0	791.722	0.0	0.0	0.0	0.0	0.000296	0.0	0.0	0.0	16.4942	0.0	0.0	0.0	0.0	525	0	0	0	16	0	0	0	0	447365	0	0	0	30	0	0	0	0	3324025	0	0	0	2	0	0	0	0	621342	0	0	0	0	0	0	0	0	115957	0	0	0	0	0	0	0	0	848117	0	0	0	0	0	0	0	0	0.136343	0.0	0.0	0.0	0.001672	0.0	0.0	0.0	0.0	0.987887	0.0	0.0	0.0	0.012113	0.0	0.0	0.0	0.0	
1621	5358834	2415.456715605	4084.556	4084.556	0.986045	0.36271	5358781	0	0	0	49	0	0	0	0	0.0	0.0	0.0	0.0	0.50933	0.0	0.0	0.0	0.0	1586.05	0.0	0.0	0.0	806.495	0.0	0.0	0.0	0.0	0.000296	0.0	0.0	0.0	16.4591	0.0	0.0	0.0	0.0	527	0	0	0	17	0	0	0	0	447379	0	0	0	30	0	0	0	0	3324511	0	0	0	2	0	0	0	0	621651	0	0	0	0	0	0	0	0	115984	0	0	0	0	0	0	0	0	848729	0	0	0	0	0	0	0	0	0.038743	0.0	0.0	0.0	0.00188	0.0	0.0	0.0	0.0	0.953718	0.0	0.0	0.0	0.046282	0.0	0.0	0.0	0.0	
1622	5358840	2419.525643933	4082.056	4082.056	0.958408	0.352256	5358786	0	0	0	50	0	0	0	0	0.0	0.0	0.0	0.0	0.558397	0.0	0.0	0.0	0.0	1586.05	0.0	0.0	0.0	810.562	0.0	0.0	0.0	0.0	0.000296	0.0	0.0	0.0	16.2112	0.0	0.0	0.0	0.0	527	0	0	0	18	0	0	0	0	447379	0	0	0	30	0	0	0	0	3324513	0	0	0	2	0	0	0	0	621653	0	0	0	0	0	0	0	0	115984	0	0	0	0	0	0	0	0	848730	0	0	0	0	0	0	0	0	0.040087	0.0	0.0	0.0	0.002125	0.0	0.0	0.0	0.0	0.949664	0.0	0.0	0.0	0.050336	0.0	0.0	0.0	0.0	
1623	5359189	2442.404552523	4075.083	4075.083	0.950731	0.349301	5359134	0	0	0	51	0	0	0	0	0.0	0.0	0.0	0.0	0.602557	0.0	0.0	0.0	0.0	1586.16	0.0	0.0	0.0	833.328	0.0	0.0	0.0	0.0	0.000296	0.0	0.0	0.0	16.3398	0.0	0.0	0.0	0.0	528	0	0	0	19	0	0	0	0	447380	0	0	0	30	0	0	0	0	3324628	0	0	0	2	0	0	0	0	621741	0	0	0	0	0	0	0	0	115989	0	0	0	0	0	0	0	0	848868	0	0	0	0	0	0	0	0	0.049206	0.0	0.0	0.0	0.002257	0.0	0.0	0.0	0.0	0.956146	0.0	0.0	0.0	0.043854	0.0	0.0	0.0	0.0	
1624	5359193	2473.728060251	4074.583	4074.583	0.909982	0.33323	5359137	0	0	0	52	0	0	0	0	0.0	0.0	0.0	0.0	0.642301	0.0	0.0	0.0	0.0	1586.16	0.0	0.0	0.0	864.651	0.0	0.0	0.0	0.0	0.000296	0.0	0.0	0.0	16.6279	0.0	0.0	0.0	0.0	528	0	0	0	20	0	0	0	0	447380	0	0	0	30	0	0	0	0	3324628	0	0	0	2	0	0	0	0	621742	0	0	0	0	0	0	0	0	115989	0	0	0	0	0	0	0	0	848870	0	0	0	0	0	0	0	0	0.041866	0.0	0.0	0.0	0.002323	0.0	0.0	0.0	0.0	0.947429	0.0	0.0	0.0	0.052571	0.0	0.0	0.0	0.0	
1625	5359200	2480.04612158	4074.583	4074.583	0.856754	0.311238	5359143	0	0	0	53	0	0	0	0	0.0	0.0	0.0	0.0	0.578571	0.0	0.0	0.0	0.0	1586.17	0.0	0.0	0.0	870.967	0.0	0.0	0.0	0.0	0.000296	0.0	0.0	0.0	16.4333	0.0	0.0	0.0	0.0	528	0	0	0	20	0	0	0	0	447380	0	0	0	31	0	0	0	0	3324631	0	0	0	2	0	0	0	0	621744	0	0	0	0	0	0	0	0	115989	0	0	0	0	0	0	0	0	848871	0	0	0	0	0	0	0	0	0.046586	0.0	0.0	0.0	0.002142	0.0	0.0	0.0	0.0	0.956033	0.0	0.0	0.0	0.043967	0.0	0.0	0.0	0.0	
1626	5359209	2483.088934094	4074.583	4074.583	0.846402	0.306827	5359151	0	0	0	54	0	0	0	0	0.0	0.0	0.0	0.0	0.520714	0.0	0.0	0.0	0.0	1586.17	0.0	0.0	0.0	874.007	0.0	0.0	0.0	0.0	0.000296	0.0	0.0	0.0	16.1853	0.0	0.0	0.0	0.0	528	0	0	0	20	0	0	0	0	447380	0	0	0	31	0	0	0	0	3324634	0	0	0	3	0	0	0	0	621746	0	0	0	0	0	0	0	0	115989	0	0	0	0	0	0	0	0	848874	0	0	0	0	0	0	0	0	0.044736	0.0	0.0	0.0	0.001988	0.0	0.0	0.0	0.0	0.957458	0.0	0.0	0.0	0.042542	0.0	0.0	0.0	0.0	
1627	5359219	2488.868660621	4073.083	4073.083	0.84146	0.304705	5359160	0	0	0	55	0	0	0	0	0.0	0.0	0.0	0.0	0.568643	0.0	0.0	0.0	0.0	1586.17	0.0	0.0	0.0	879.784	0.0	0.0	0.0	0.0	0.000296	0.0	0.0	0.0	15.9961	0.0	0.0	0.0	0.0	528	0	0	0	21	0	0	0	0	447380	0	0	0	31	0	0	0	0	3324637	0	0	0	3	0	0	0	0	621748	0	0	0	0	0	0	0	0	115990	0	0	0	0	0	0	0	0	848877	0	0	0	0	0	0	0	0	0.041145	0.0	0.0	0.0	0.002222	0.0	0.0	0.0	0.0	0.948755	0.0	0.0	0.0	0.051245	0.0	0.0	0.0	0.0	
1628	5359223	2497.107228098	4070.583	4070.583	0.832157	0.300684	5359163	0	0	0	56	0	0	0	0	0.0	0.0	0.0	0.0	0.611778	0.0	0.0	0.0	0.0	1586.17	0.0	0.0	0.0	888.022	0.0	0.0	0.0	0.0	0.000296	0.0	0.0	0.0	15.8575	0.0	0.0	0.0	0.0	528	0	0	0	22	0	0	0	0	447380	0	0	0	31	0	0	0	0	3324637	0	0	0	3	0	0	0	0	621749	0	0	0	0	0	0	0	0	115990	0	0	0	0	0	0	0	0	848879	0	0	0	0	0	0	0	0	0.03496	0.0	0.0	0.0	0.002433	0.0	0.0	0.0	0.0	0.934936	0.0	0.0	0.0	0.065064	0.0	0.0	0.0	0.0	
1629	5359237	2504.00596088	4070.583	4070.583	0.819065	0.294963	5359176	0	0	0	57	0	0	0	0	0.0	0.0	0.0	0.0	0.550601	0.0	0.0	0.0	0.0	1586.18	0.0	0.0	0.0	894.917	0.0	0.0	0.0	0.0	0.000296	0.0	0.0	0.0	15.7003	0.0	0.0	0.0	0.0	528	0	0	0	22	0	0	0	0	447380	0	0	0	31	0	0	0	0	3324640	0	0	0	4	0	0	0	0	621755	0	0	0	0	0	0	0	0	115990	0	0	0	0	0	0	0	0	848883	0	0	0	0	0	0	0	0	0.030616	0.0	0.0	0.0	0.002234	0.0	0.0	0.0	0.0	0.932004	0.0	0.0	0.0	0.067996	0.0	0.0	0.0	0.0	
1630	5359239	2518.178697043	4070.583	4070.583	0.80827	0.290193	5359177	0	0	0	58	0	0	0	0	0.0	0.0	0.0	0.0	0.49554	0.0	0.0	0.0	0.0	1586.18	0.0	0.0	0.0	909.089	0.0	0.0	0.0	0.0	0.000296	0.0	0.0	0.0	15.6739	0.0	0.0	0.0	0.0	528	0	0	0	22	0	0	0	0	447380	0	0	0	31	0	0	0	0	3324640	0	0	0	5	0	0	0	0	621755	0	0	0	0	0	0	0	0	115990	0	0	0	0	0	0	0	0	848884	0	0	0	0	0	0	0	0	0.028974	0.0	0.0	0.0	0.002017	0.0	0.0	0.0	0.0	0.934914	0.0	0.0	0.0	0.065086	0.0	0.0	0.0	0.0	
1631	5359289	2523.728274115	4070.583	4070.583	0.786505	0.280425	5359226	0	0	0	59	0	0	0	0	0.0	0.0	0.0	0.0	0.446486	0.0	0.0	0.0	0.0	1586.19	0.0	0.0	0.0	914.624	0.0	0.0	0.0	0.0	0.000296	0.0	0.0	0.0	15.5021	0.0	0.0	0.0	0.0	528	0	0	0	22	0	0	0	0	447380	0	0	0	32	0	0	0	0	3324657	0	0	0	5	0	0	0	0	621761	0	0	0	0	0	0	0	0	115991	0	0	0	0	0	0	0	0	848909	0	0	0	0	0	0	0	0	0.045863	0.0	0.0	0.0	0.001858	0.0	0.0	0.0	0.0	0.961067	0.0	0.0	0.0	0.038933	0.0	0.0	0.0	0.0	
1632	5359304	2529.070624118	4070.583	4071.583	0.778167	0.276631	5359240	0	0	0	60	0	0	0	0	0.0	0.0	0.0	0.0	0.402338	0.0	0.0	0.0	0.0	1586.19	0.0	0.0	0.0	919.963	0.0	0.0	0.0	0.0	0.000296	0.0	0.0	0.0	15.3327	0.0	0.0	0.0	0.0	528	0	0	0	22	0	0	0	0	447380	0	0	0	33	0	0	0	0	3324665	0	0	0	5	0	0	0	0	621765	0	0	0	0	0	0	0	0	115991	0	0	0	0	0	0	0	0	848911	0	0	0	0	0	0	0	0	0.058287	0.0	0.0	0.0	0.001711	0.0	0.0	0.0	0.0	0.971476	0.0	0.0	0.0	0.028524	0.0	0.0	0.0	0.0	
1633	5359308	2541.319814296	4070.583	4071.583	0.770213	0.272984	5359243	0	0	0	61	0	0	0	0	0.0	0.0	0.0	0.0	0.362104	0.0	0.0	0.0	0.0	1586.19	0.0	0.0	0.0	932.212	0.0	0.0	0.0	0.0	0.000296	0.0	0.0	0.0	15.2822	0.0	0.0	0.0	0.0	528	0	0	0	22	0	0	0	0	447380	0	0	0	33	0	0	0	0	3324665	0	0	0	6	0	0	0	0	621766	0	0	0	0	0	0	0	0	115991	0	0	0	0	0	0	0	0	848913	0	0	0	0	0	0	0	0	0.04973	0.0	0.0	0.0	0.00155	0.0	0.0	0.0	0.0	0.969765	0.0	0.0	0.0	0.030235	0.0	0.0	0.0	0.0	
1634	5359334	2552.0440632	4066.083	4066.083	0.752265	0.264657	5359268	0	0	0	62	0	0	0	0	0.0	0.0	0.0	0.0	0.425894	0.0	0.0	0.0	0.0	1586.2	0.0	0.0	0.0	942.93	0.0	0.0	0.0	0.0	0.000296	0.0	0.0	0.0	15.2085	0.0	0.0	0.0	0.0	528	0	0	0	23	0	0	0	0	447380	0	0	0	33	0	0	0	0	3324671	0	0	0	6	0	0	0	0	621769	0	0	0	0	0	0	0	0	115992	0	0	0	0	0	0	0	0	848928	0	0	0	0	0	0	0	0	0.0313	0.0	0.0	0.0	0.001841	0.0	0.0	0.0	0.0	0.94444	0.0	0.0	0.0	0.05556	0.0	0.0	0.0	0.0	
1635	5359376	2558.463327008	4062.583	4062.583	0.736893	0.257419	5359309	0	0	0	63	0	0	0	0	0.0	0.0	0.0	0.0	0.483304	0.0	0.0	0.0	0.0	1586.21	0.0	0.0	0.0	949.337	0.0	0.0	0.0	0.0	0.000296	0.0	0.0	0.0	15.0688	0.0	0.0	0.0	0.0	528	0	0	0	24	0	0	0	0	447380	0	0	0	33	0	0	0	0	3324688	0	0	0	6	0	0	0	0	621781	0	0	0	0	0	0	0	0	115992	0	0	0	0	0	0	0	0	848940	0	0	0	0	0	0	0	0	0.03799	0.0	0.0	0.0	0.002128	0.0	0.0	0.0	0.0	0.946947	0.0	0.0	0.0	0.053053	0.0	0.0	0.0	0.0	
1636	5359387	2573.978385722	4062.583	4062.583	0.727859	0.25312	5359319	0	0	0	64	0	0	0	0	0.0	0.0	0.0	0.0	0.434974	0.0	0.0	0.0	0.0	1586.21	0.0	0.0	0.0	964.849	0.0	0.0	0.0	0.0	0.000296	0.0	0.0	0.0	15.0758	0.0	0.0	0.0	0.0	528	0	0	0	24	0	0	0	0	447380	0	0	0	33	0	0	0	0	3324689	0	0	0	7	0	0	0	0	621785	0	0	0	0	0	0	0	0	115993	0	0	0	0	0	0	0	0	848944	0	0	0	0	0	0	0	0	0.028125	0.0	0.0	0.0	0.001914	0.0	0.0	0.0	0.0	0.936287	0.0	0.0	0.0	0.063713	0.0	0.0	0.0	0.0	
1637	5359390	2577.052241557	4062.083	4062.083	0.706455	0.2428	5359321	0	0	0	65	0	0	0	0	0.0	0.0	0.0	0.0	0.491476	0.0	0.0	0.0	0.0	1586.22	0.0	0.0	0.0	967.922	0.0	0.0	0.0	0.0	0.000296	0.0	0.0	0.0	14.8911	0.0	0.0	0.0	0.0	528	0	0	0	25	0	0	0	0	447380	0	0	0	33	0	0	0	0	3324690	0	0	0	7	0	0	0	0	621785	0	0	0	0	0	0	0	0	115993	0	0	0	0	0	0	0	0	848945	0	0	0	0	0	0	0	0	0.031314	0.0	0.0	0.0	0.002216	0.0	0.0	0.0	0.0	0.933899	0.0	0.0	0.0	0.066101	0.0	0.0	0.0	0.0	
1638	5359408	2580.061766874	4062.083	4062.083	0.702283	0.240767	5359338	0	0	0	66	0	0	0	0	0.0	0.0	0.0	0.0	0.442829	0.0	0.0	0.0	0.0	1586.22	0.0	0.0	0.0	970.927	0.0	0.0	0.0	0.0	0.000296	0.0	0.0	0.0	14.711	0.0	0.0	0.0	0.0	528	0	0	0	25	0	0	0	0	447380	0	0	0	34	0	0	0	0	3324693	0	0	0	7	0	0	0	0	621789	0	0	0	0	0	0	0	0	115993	0	0	0	0	0	0	0	0	848955	0	0	0	0	0	0	0	0	0.023965	0.0	0.0	0.0	0.002046	0.0	0.0	0.0	0.0	0.921332	0.0	0.0	0.0	0.078668	0.0	0.0	0.0	0.0	
1639	5359424	2594.394942084	4061.083	4061.083	0.698229	0.238784	5359353	0	0	0	67	0	0	0	0	0.0	0.0	0.0	0.0	0.498546	0.0	0.0	0.0	0.0	1586.23	0.0	0.0	0.0	985.255	0.0	0.0	0.0	0.0	0.000296	0.0	0.0	0.0	14.7053	0.0	0.0	0.0	0.0	528	0	0	0	26	0	0	0	0	447380	0	0	0	34	0	0	0	0	3324696	0	0	0	7	0	0	0	0	621792	0	0	0	0	0	0	0	0	115993	0	0	0	0	0	0	0	0	848964	0	0	0	0	0	0	0	0	0.025818	0.0	0.0	0.0	0.002305	0.0	0.0	0.0	0.0	0.918022	0.0	0.0	0.0	0.081978	0.0	0.0	0.0	0.0	
1640	5359431	2774.559851042	4054.083	4054.083	0.679239	0.229412	5359359	0	0	0	68	0	0	0	0	0.0	0.0	0.0	0.0	0.548691	0.0	0.0	0.0	0.0	1586.23	0.0	0.0	0.0	1165.42	0.0	0.0	0.0	0.0	0.000296	0.0	0.0	0.0	17.1385	0.0	0.0	0.0	0.0	528	0	0	0	27	0	0	0	0	447380	0	0	0	34	0	0	0	0	3324697	0	0	0	7	0	0	0	0	621793	0	0	0	0	0	0	0	0	115994	0	0	0	0	0	0	0	0	848967	0	0	0	0	0	0	0	0	0.024397	0.0	0.0	0.0	0.001868	0.0	0.0	0.0	0.0	0.928877	0.0	0.0	0.0	0.071123	0.0	0.0	0.0	0.0	
1641	5359432	2782.161597328	4054.083	4054.083	0.480255	0.124652	5359359	0	0	0	69	0	0	0	0	0.0	0.0	0.0	0.0	0.493822	0.0	0.0	0.0	0.0	1586.23	0.0	0.0	0.0	1173.02	0.0	0.0	0.0	0.0	0.000296	0.0	0.0	0.0	17.0003	0.0	0.0	0.0	0.0	528	0	0	0	27	0	0	0	0	447380	0	0	0	34	0	0	0	0	3324697	0	0	0	8	0	0	0	0	621793	0	0	0	0	0	0	0	0	115994	0	0	0	0	0	0	0	0	848967	0	0	0	0	0	0	0	0	0.024397	0.0	0.0	0.0	0.001709	0.0	0.0	0.0	0.0	0.934547	0.0	0.0	0.0	0.065453	0.0	0.0	0.0	0.0	
1642	5359436	2792.890053783	4054.083	4054.083	0.47328	0.120885	5359362	0	0	0	70	0	0	0	0	0.0	0.0	0.0	0.0	0.44444	0.0	0.0	0.0	0.0	1586.23	0.0	0.0	0.0	1183.75	0.0	0.0	0.0	0.0	0.000296	0.0	0.0	0.0	16.9107	0.0	0.0	0.0	0.0	528	0	0	0	27	0	0	0	0	447380	0	0	0	34	0	0	0	0	3324697	0	0	0	9	0	0	0	0	621796	0	0	0	0	0	0	0	0	115994	0	0	0	0	0	0	0	0	848967	0	0	0	0	0	0	0	0	0.020673	0.0	0.0	0.0	0.001554	0.0	0.0	0.0	0.0	0.93008	0.0	0.0	0.0	0.06992	0.0	0.0	0.0	0.0	
1643	5359439	2796.504788303	4054.083	4054.083	0.463611	0.115674	5359364	0	0	0	71	0	0	0	0	0.0	0.0	0.0	0.0	0.399996	0.0	0.0	0.0	0.0	1586.23	0.0	0.0	0.0	1187.36	0.0	0.0	0.0	0.0	0.000296	0.0	0.0	0.0	16.7234	0.0	0.0	0.0	0.0	528	0	0	0	27	0	0	0	0	447380	0	0	0	34	0	0	0	0	3324697	0	0	0	10	0	0	0	0	621797	0	0	0	0	0	0	0	0	115994	0	0	0	0	0	0	0	0	848968	0	0	0	0	0	0	0	0	0.018506	0.0	0.0	0.0	0.00143	0.0	0.0	0.0	0.0	0.92826	0.0	0.0	0.0	0.07174	0.0	0.0	0.0	0.0	
1644	5359454	2801.280201876	4049.083	4049.083	0.460395	0.113944	5359378	0	0	0	72	0	0	0	0	0.0	0.0	0.0	0.0	0.459996	0.0	0.0	0.0	0.0	1586.23	0.0	0.0	0.0	1192.13	0.0	0.0	0.0	0.0	0.000296	0.0	0.0	0.0	16.5574	0.0	0.0	0.0	0.0	528	0	0	0	28	0	0	0	0	447380	0	0	0	34	0	0	0	0	3324698	0	0	0	10	0	0	0	0	621800	0	0	0	0	0	0	0	0	115994	0	0	0	0	0	0	0	0	848978	0	0	0	0	0	0	0	0	0.012709	0.0	0.0	0.0	0.001678	0.0	0.0	0.0	0.0	0.883374	0.0	0.0	0.0	0.116626	0.0	0.0	0.0	0.0	
1645	5359455	2812.19459497	4046.083	4046.083	0.456187	0.111684	5359378	0	0	0	73	0	0	0	0	0.0	0.0	0.0	0.0	0.513997	0.0	0.0	0.0	0.0	1586.23	0.0	0.0	0.0	1203.05	0.0	0.0	0.0	0.0	0.000296	0.0	0.0	0.0	16.4801	0.0	0.0	0.0	0.0	528	0	0	0	29	0	0	0	0	447380	0	0	0	34	0	0	0	0	3324698	0	0	0	10	0	0	0	0	621800	0	0	0	0	0	0	0	0	115994	0	0	0	0	0	0	0	0	848978	0	0	0	0	0	0	0	0	0.012709	0.0	0.0	0.0	0.001893	0.0	0.0	0.0	0.0	0.870391	0.0	0.0	0.0	0.129609	0.0	0.0	0.0	0.0	
1646	5359459	2815.838657305	4045.083	4045.083	0.446706	0.106607	5359381	0	0	0	74	0	0	0	0	0.0	0.0	0.0	0.0	0.562597	0.0	0.0	0.0	0.0	1586.23	0.0	0.0	0.0	1206.69	0.0	0.0	0.0	0.0	0.000296	0.0	0.0	0.0	16.3066	0.0	0.0	0.0	0.0	528	0	0	0	30	0	0	0	0	447380	0	0	0	34	0	0	0	0	3324699	0	0	0	10	0	0	0	0	621800	0	0	0	0	0	0	0	0	115994	0	0	0	0	0	0	0	0	848980	0	0	0	0	0	0	0	0	0.016906	0.0	0.0	0.0	0.002116	0.0	0.0	0.0	0.0	0.888769	0.0	0.0	0.0	0.111231	0.0	0.0	0.0	0.0	
1647	5359470	2832.398999417	4037.083	4037.083	0.443583	0.10494	5359391	0	0	0	75	0	0	0	0	0.0	0.0	0.0	0.0	0.606337	0.0	0.0	0.0	0.0	1586.24	0.0	0.0	0.0	1223.25	0.0	0.0	0.0	0.0	0.000296	0.0	0.0	0.0	16.31	0.0	0.0	0.0	0.0	528	0	0	0	31	0	0	0	0	447380	0	0	0	34	0	0	0	0	3324703	0	0	0	10	0	0	0	0	621802	0	0	0	0	0	0	0	0	115994	0	0	0	0	0	0	0	0	848984	0	0	0	0	0	0	0	0	0.030047	0.0	0.0	0.0	0.002279	0.0	0.0	0.0	0.0	0.92949	0.0	0.0	0.0	0.07051	0.0	0.0	0.0	0.0	
1648	5359472	2864.315745228	4018.917	4018.917	0.429674	0.097554	5359392	0	0	0	76	0	0	0	0	0.0	0.0	0.0	0.0	0.645704	0.0	0.0	0.0	0.0	1586.24	0.0	0.0	0.0	1255.16	0.0	0.0	0.0	0.0	0.000296	0.0	0.0	0.0	16.5153	0.0	0.0	0.0	0.0	528	0	0	0	32	0	0	0	0	447380	0	0	0	34	0	0	0	0	3324703	0	0	0	10	0	0	0	0	621802	0	0	0	0	0	0	0	0	115994	0	0	0	0	0	0	0	0	848985	0	0	0	0	0	0	0	0	0.028431	0.0	0.0	0.0	0.002367	0.0	0.0	0.0	0.0	0.923134	0.0	0.0	0.0	0.076866	0.0	0.0	0.0	0.0	
1649	5359473	2883.408600745	4016.917	4016.917	0.404081	0.084184	5359392	0	0	0	77	0	0	0	0	0.0	0.0	0.0	0.0	0.681133	0.0	0.0	0.0	0.0	1586.24	0.0	0.0	0.0	1274.26	0.0	0.0	0.0	0.0	0.000296	0.0	0.0	0.0	16.5488	0.0	0.0	0.0	0.0	528	0	0	0	33	0	0	0	0	447380	0	0	0	34	0	0	0	0	3324703	0	0	0	10	0	0	0	0	621802	0	0	0	0	0	0	0	0	115994	0	0	0	0	0	0	0	0	848985	0	0	0	0	0	0	0	0	0.028431	0.0	0.0	0.0	0.002487	0.0	0.0	0.0	0.0	0.919557	0.0	0.0	0.0	0.080443	0.0	0.0	0.0	0.0	
1650	5359475	2888.776829981	4016.917	4016.917	0.389505	0.076738	5359393	0	0	0	78	0	0	0	0	0.0	0.0	0.0	0.0	0.61302	0.0	0.0	0.0	0.0	1586.24	0.0	0.0	0.0	1279.62	0.0	0.0	0.0	0.0	0.000296	0.0	0.0	0.0	16.4054	0.0	0.0	0.0	0.0	528	0	0	0	33	0	0	0	0	447380	0	0	0	34	0	0	0	0	3324704	0	0	0	11	0	0	0	0	621802	0	0	0	0	0	0	0	0	115994	0	0	0	0	0	0	0	0	848985	0	0	0	0	0	0	0	0	0.033092	0.0	0.0	0.0	0.002278	0.0	0.0	0.0	0.0	0.935603	0.0	0.0	0.0	0.064397	0.0	0.0	0.0	0.0	
1651	5359482	2898.252118241	4010.917	4010.917	0.385501	0.074719	5359399	0	0	0	79	0	0	0	0	0.0	0.0	0.0	0.0	0.651718	0.0	0.0	0.0	0.0	1586.24	0.0	0.0	0.0	1289.1	0.0	0.0	0.0	0.0	0.000296	0.0	0.0	0.0	16.3177	0.0	0.0	0.0	0.0	528	0	0	0	34	0	0	0	0	447380	0	0	0	34	0	0	0	0	3324705	0	0	0	11	0	0	0	0	621804	0	0	0	0	0	0	0	0	115994	0	0	0	0	0	0	0	0	848988	0	0	0	0	0	0	0	0	0.028992	0.0	0.0	0.0	0.002448	0.0	0.0	0.0	0.0	0.922149	0.0	0.0	0.0	0.077851	0.0	0.0	0.0	0.0	
1652	5359493	2919.03961167	4010.917	4011.917	0.378536	0.071236	5359409	0	0	0	80	0	0	0	0	0.0	0.0	0.0	0.0	0.587046	0.0	0.0	0.0	0.0	1586.24	0.0	0.0	0.0	1309.88	0.0	0.0	0.0	0.0	0.000296	0.0	0.0	0.0	16.3735	0.0	0.0	0.0	0.0	528	0	0	0	34	0	0	0	0	447380	0	0	0	35	0	0	0	0	3324707	0	0	0	11	0	0	0	0	621805	0	0	0	0	0	0	0	0	115994	0	0	0	0	0	0	0	0	848995	0	0	0	0	0	0	0	0	0.026883	0.0	0.0	0.0	0.00219	0.0	0.0	0.0	0.0	0.92468	0.0	0.0	0.0	0.07532	0.0	0.0	0.0	0.0	
1653	5359497	2928.712604387	4010.917	4011.917	0.363695	0.063956	5359412	0	0	0	81	0	0	0	0	0.0	0.0	0.0	0.0	0.528342	0.0	0.0	0.0	0.0	1586.24	0.0	0.0	0.0	1319.55	0.0	0.0	0.0	0.0	0.000296	0.0	0.0	0.0	16.2908	0.0	0.0	0.0	0.0	528	0	0	0	34	0	0	0	0	447380	0	0	0	35	0	0	0	0	3324707	0	0	0	12	0	0	0	0	621807	0	0	0	0	0	0	0	0	115994	0	0	0	0	0	0	0	0	848996	0	0	0	0	0	0	0	0	0.022736	0.0	0.0	0.0	0.001991	0.0	0.0	0.0	0.0	0.919488	0.0	0.0	0.0	0.080512	0.0	0.0	0.0	0.0	
1654	5359503	2932.021298044	4010.917	4011.917	0.356988	0.060736	5359417	0	0	0	82	0	0	0	0	0.0	0.0	0.0	0.0	0.475507	0.0	0.0	0.0	0.0	1586.25	0.0	0.0	0.0	1322.86	0.0	0.0	0.0	0.0	0.000296	0.0	0.0	0.0	16.1325	0.0	0.0	0.0	0.0	528	0	0	0	34	0	0	0	0	447380	0	0	0	35	0	0	0	0	3324707	0	0	0	13	0	0	0	0	621809	0	0	0	0	0	0	0	0	115994	0	0	0	0	0	0	0	0	848999	0	0	0	0	0	0	0	0	0.017142	0.0	0.0	0.0	0.001827	0.0	0.0	0.0	0.0	0.903684	0.0	0.0	0.0	0.096316	0.0	0.0	0.0	0.0	
1655	5359507	2937.910797581	4006.417	4006.417	0.354723	0.05966	5359420	0	0	0	83	0	0	0	0	0.0	0.0	0.0	0.0	0.527957	0.0	0.0	0.0	0.0	1586.25	0.0	0.0	0.0	1328.75	0.0	0.0	0.0	0.0	0.000296	0.0	0.0	0.0	16.009	0.0	0.0	0.0	0.0	528	0	0	0	35	0	0	0	0	447380	0	0	0	35	0	0	0	0	3324707	0	0	0	13	0	0	0	0	621809	0	0	0	0	0	0	0	0	115995	0	0	0	0	0	0	0	0	849001	0	0	0	0	0	0	0	0	0.014437	0.0	0.0	0.0	0.00206	0.0	0.0	0.0	0.0	0.875128	0.0	0.0	0.0	0.124872	0.0	0.0	0.0	0.0	
1656	5359513	2958.065241733	3992.417	3992.417	0.350726	0.057773	5359425	0	0	0	84	0	0	0	0	0.0	0.0	0.0	0.0	0.575161	0.0	0.0	0.0	0.0	1586.25	0.0	0.0	0.0	1348.9	0.0	0.0	0.0	0.0	0.000296	0.0	0.0	0.0	16.0584	0.0	0.0	0.0	0.0	528	0	0	0	36	0	0	0	0	447380	0	0	0	35	0	0	0	0	3324708	0	0	0	13	0	0	0	0	621810	0	0	0	0	0	0	0	0	115995	0	0	0	0	0	0	0	0	849004	0	0	0	0	0	0	0	0	0.016339	0.0	0.0	0.0	0.00223	0.0	0.0	0.0	0.0	0.879889	0.0	0.0	0.0	0.120111	0.0	0.0	0.0	0.0	
1657	5359527	2969.095268074	3983.917	3983.917	0.337384	0.051613	5359438	0	0	0	85	0	0	0	0	0.0	0.0	0.0	0.0	0.617645	0.0	0.0	0.0	0.0	1586.25	0.0	0.0	0.0	1359.93	0.0	0.0	0.0	0.0	0.000296	0.0	0.0	0.0	15.9992	0.0	0.0	0.0	0.0	528	0	0	0	37	0	0	0	0	447380	0	0	0	35	0	0	0	0	3324711	0	0	0	13	0	0	0	0	621813	0	0	0	0	0	0	0	0	115995	0	0	0	0	0	0	0	0	849011	0	0	0	0	0	0	0	0	0.024226	0.0	0.0	0.0	0.002413	0.0	0.0	0.0	0.0	0.90942	0.0	0.0	0.0	0.09058	0.0	0.0	0.0	0.0	
1658	5359539	2980.412786203	3982.917	3982.917	0.3303	0.048434	5359449	0	0	0	86	0	0	0	0	0.0	0.0	0.0	0.0	0.65588	0.0	0.0	0.0	0.0	1586.25	0.0	0.0	0.0	1371.24	0.0	0.0	0.0	0.0	0.000296	0.0	0.0	0.0	15.9447	0.0	0.0	0.0	0.0	528	0	0	0	38	0	0	0	0	447380	0	0	0	35	0	0	0	0	3324713	0	0	0	13	0	0	0	0	621814	0	0	0	0	0	0	0	0	115995	0	0	0	0	0	0	0	0	849019	0	0	0	0	0	0	0	0	0.020852	0.0	0.0	0.0	0.00258	0.0	0.0	0.0	0.0	0.889898	0.0	0.0	0.0	0.110102	0.0	0.0	0.0	0.0	
1659	5359559	2987.087992973	3982.917	3982.917	0.323183	0.04531	5359468	0	0	0	87	0	0	0	0	0.0	0.0	0.0	0.0	0.590292	0.0	0.0	0.0	0.0	1586.26	0.0	0.0	0.0	1377.91	0.0	0.0	0.0	0.0	0.000296	0.0	0.0	0.0	15.8381	0.0	0.0	0.0	0.0	528	0	0	0	38	0	0	0	0	447380	0	0	0	35	0	0	0	0	3324717	0	0	0	14	0	0	0	0	621819	0	0	0	0	0	0	0	0	115996	0	0	0	0	0	0	0	0	849028	0	0	0	0	0	0	0	0	0.022662	0.0	0.0	0.0	0.002353	0.0	0.0	0.0	0.0	0.905929	0.0	0.0	0.0	0.094071	0.0	0.0	0.0	0.0	
1660	5359914	3001.64825217	3982.9136666666664	3982.917	0.318998	0.043508	5359822	0	0	0	88	0	0	0	0	0.0	0.0	0.0	0.0	0.531263	0.0	0.0	0.0	0.0	1586.36	0.0	0.0	0.0	1392.37	0.0	0.0	0.0	0.0	0.000296	0.0	0.0	0.0	15.8224	0.0	0.0	0.0	0.0	530	0	0	0	38	0	0	0	0	447380	0	0	0	35	0	0	0	0	3324798	0	0	0	15	0	0	0	0	621898	0	0	0	0	0	0	0	0	116002	0	0	0	0	0	0	0	0	849214	0	0	0	0	0	0	0	0	0.089532	0.0	0.0	0.0	0.002122	0.0	0.0	0.0	0.0	0.976847	0.0	0.0	0.0	0.023153	0.0	0.0	0.0	0.0	
1661	5359943	3025.672168698	3981.056	3981.056	0.310243	0.039824	5359850	0	0	0	89	0	0	0	0	0.0	0.0	0.0	0.0	0.578137	0.0	0.0	0.0	0.0	1586.37	0.0	0.0	0.0	1416.39	0.0	0.0	0.0	0.0	0.000296	0.0	0.0	0.0	15.9145	0.0	0.0	0.0	0.0	530	0	0	0	39	0	0	0	0	447380	0	0	0	35	0	0	0	0	3324802	0	0	0	15	0	0	0	0	621905	0	0	0	0	0	0	0	0	116002	0	0	0	0	0	0	0	0	849231	0	0	0	0	0	0	0	0	0.03384	0.0	0.0	0.0	0.002283	0.0	0.0	0.0	0.0	0.936808	0.0	0.0	0.0	0.063192	0.0	0.0	0.0	0.0	
1662	5359945	3029.352016901	3980.056	3980.056	0.296232	0.034193	5359851	0	0	0	90	0	0	0	0	0.0	0.0	0.0	0.0	0.620323	0.0	0.0	0.0	0.0	1586.37	0.0	0.0	0.0	1420.07	0.0	0.0	0.0	0.0	0.000296	0.0	0.0	0.0	15.7785	0.0	0.0	0.0	0.0	530	0	0	0	40	0	0	0	0	447380	0	0	0	35	0	0	0	0	3324802	0	0	0	15	0	0	0	0	621906	0	0	0	0	0	0	0	0	116002	0	0	0	0	0	0	0	0	849231	0	0	0	0	0	0	0	0	0.032034	0.0	0.0	0.0	0.002492	0.0	0.0	0.0	0.0	0.927833	0.0	0.0	0.0	0.072167	0.0	0.0	0.0	0.0	
1663	5359958	3111.446120146	3975.056	3975.056	0.294141	0.033382	5359863	0	0	0	91	0	0	0	0	0.0	0.0	0.0	0.0	0.658291	0.0	0.0	0.0	0.0	1586.37	0.0	0.0	0.0	1502.16	0.0	0.0	0.0	0.0	0.000296	0.0	0.0	0.0	16.5072	0.0	0.0	0.0	0.0	530	0	0	0	41	0	0	0	0	447380	0	0	0	35	0	0	0	0	3324804	0	0	0	15	0	0	0	0	621907	0	0	0	0	0	0	0	0	116002	0	0	0	0	0	0	0	0	849240	0	0	0	0	0	0	0	0	0.024842	0.0	0.0	0.0	0.002416	0.0	0.0	0.0	0.0	0.91137	0.0	0.0	0.0	0.08863	0.0	0.0	0.0	0.0	
1664	5359961	3195.12124443	3973.556	3973.556	0.251163	0.018658	5359865	0	0	0	92	0	0	0	0	0.0	0.0	0.0	0.0	0.692462	0.0	0.0	0.0	0.0	1586.37	0.0	0.0	0.0	1585.83	0.0	0.0	0.0	0.0	0.000296	0.0	0.0	0.0	17.2373	0.0	0.0	0.0	0.0	530	0	0	0	42	0	0	0	0	447380	0	0	0	35	0	0	0	0	3324805	0	0	0	15	0	0	0	0	621907	0	0	0	0	0	0	0	0	116002	0	0	0	0	0	0	0	0	849241	0	0	0	0	0	0	0	0	0.028479	0.0	0.0	0.0	0.002331	0.0	0.0	0.0	0.0	0.924357	0.0	0.0	0.0	0.075643	0.0	0.0	0.0	0.0	
1665	5359966	3203.663239994	3973.556	3973.556	0.213813	0.009307	5359869	0	0	0	93	0	0	0	0	0.0	0.0	0.0	0.0	0.623216	0.0	0.0	0.0	0.0	1586.38	0.0	0.0	0.0	1594.37	0.0	0.0	0.0	0.0	0.000296	0.0	0.0	0.0	17.1438	0.0	0.0	0.0	0.0	530	0	0	0	42	0	0	0	0	447380	0	0	0	35	0	0	0	0	3324806	0	0	0	16	0	0	0	0	621909	0	0	0	0	0	0	0	0	116002	0	0	0	0	0	0	0	0	849242	0	0	0	0	0	0	0	0	0.028361	0.0	0.0	0.0	0.00212	0.0	0.0	0.0	0.0	0.930436	0.0	0.0	0.0	0.069564	0.0	0.0	0.0	0.0	
1666	5359997	3214.880900066	3973.556	3973.556	0.210325	0.008612	5359899	0	0	0	94	0	0	0	0	0.0	0.0	0.0	0.0	0.560894	0.0	0.0	0.0	0.0	1586.38	0.0	0.0	0.0	1605.58	0.0	0.0	0.0	0.0	0.000296	0.0	0.0	0.0	17.0807	0.0	0.0	0.0	0.0	530	0	0	0	42	0	0	0	0	447380	0	0	0	35	0	0	0	0	3324809	0	0	0	17	0	0	0	0	621916	0	0	0	0	0	0	0	0	116003	0	0	0	0	0	0	0	0	849261	0	0	0	0	0	0	0	0	0.01626	0.0	0.0	0.0	0.001923	0.0	0.0	0.0	0.0	0.894268	0.0	0.0	0.0	0.105732	0.0	0.0	0.0	0.0	
1667	5360006	3228.572919963	3973.556	3973.556	0.205836	0.007764	5359907	0	0	0	95	0	0	0	0	0.0	0.0	0.0	0.0	0.505305	0.0	0.0	0.0	0.0	1586.38	0.0	0.0	0.0	1619.27	0.0	0.0	0.0	0.0	0.000296	0.0	0.0	0.0	17.045	0.0	0.0	0.0	0.0	530	0	0	0	42	0	0	0	0	447380	0	0	0	36	0	0	0	0	3324811	0	0	0	17	0	0	0	0	621916	0	0	0	0	0	0	0	0	116004	0	0	0	0	0	0	0	0	849266	0	0	0	0	0	0	0	0	0.019963	0.0	0.0	0.0	0.001739	0.0	0.0	0.0	0.0	0.919858	0.0	0.0	0.0	0.080142	0.0	0.0	0.0	0.0	
1668	5360328	3239.471767795	3973.5448888888886	3973.556	0.200447	0.006813	5360228	0	0	0	96	0	0	0	0	0.0	0.0	0.0	0.0	0.454774	0.0	0.0	0.0	0.0	1586.48	0.0	0.0	0.0	1630.07	0.0	0.0	0.0	0.0	0.000296	0.0	0.0	0.0	16.9799	0.0	0.0	0.0	0.0	531	0	0	0	42	0	0	0	0	447380	0	0	0	36	0	0	0	0	3324857	0	0	0	18	0	0	0	0	621993	0	0	0	0	0	0	0	0	116013	0	0	0	0	0	0	0	0	849454	0	0	0	0	0	0	0	0	0.055633	0.0	0.0	0.0	0.001577	0.0	0.0	0.0	0.0	0.972429	0.0	0.0	0.0	0.027571	0.0	0.0	0.0	0.0	
1669	5360361	3270.697960672	3973.5448888888886	3973.556	0.196321	0.006135	5360260	0	0	0	97	0	0	0	0	0.0	0.0	0.0	0.0	0.409297	0.0	0.0	0.0	0.0	1586.49	0.0	0.0	0.0	1661.29	0.0	0.0	0.0	0.0	0.000296	0.0	0.0	0.0	17.1267	0.0	0.0	0.0	0.0	531	0	0	0	42	0	0	0	0	447380	0	0	0	36	0	0	0	0	3324863	0	0	0	19	0	0	0	0	621999	0	0	0	0	0	0	0	0	116015	0	0	0	0	0	0	0	0	849472	0	0	0	0	0	0	0	0	0.026003	0.0	0.0	0.0	0.001395	0.0	0.0	0.0	0.0	0.949071	0.0	0.0	0.0	0.050929	0.0	0.0	0.0	0.0	
1670	5360623	3279.575877016	3973.5448888888886	3973.556	0.184848	0.004472	5360521	0	0	0	98	0	0	0	0	0.0	0.0	0.0	0.0	0.368367	0.0	0.0	0.0	0.0	1586.57	0.0	0.0	0.0	1670.09	0.0	0.0	0.0	0.0	0.000296	0.0	0.0	0.0	17.0418	0.0	0.0	0.0	0.0	531	0	0	0	42	0	0	0	0	447382	0	0	0	36	0	0	0	0	3324922	0	0	0	20	0	0	0	0	622060	0	0	0	0	0	0	0	0	116022	0	0	0	0	0	0	0	0	849604	0	0	0	0	0	0	0	0	0.04312	0.0	0.0	0.0	0.001268	0.0	0.0	0.0	0.0	0.971426	0.0	0.0	0.0	0.028574	0.0	0.0	0.0	0.0	
1671	5360850	3312.608412704	3973.5448888888886	3973.556	0.181724	0.004075	5360747	0	0	0	99	0	0	0	0	0.0	0.0	0.0	0.0	0.33153	0.0	0.0	0.0	0.0	1586.63	0.0	0.0	0.0	1703.07	0.0	0.0	0.0	0.0	0.000296	0.0	0.0	0.0	17.2027	0.0	0.0	0.0	0.0	531	0	0	0	42	0	0	0	0	447383	0	0	0	36	0	0	0	0	3324964	0	0	0	21	0	0	0	0	622116	0	0	0	0	0	0	0	0	116024	0	0	0	0	0	0	0	0	849729	0	0	0	0	0	0	0	0	0.082458	0.0	0.0	0.0	0.00112	0.0	0.0	0.0	0.0	0.986596	0.0	0.0	0.0	0.013404	0.0	0.0	0.0	0.0	
1672	5361069	3319.187386494	3973.5448888888886	3974.056	0.170527	0.002839	5360965	0	0	0	100	0	0	0	0	0.0	0.0	0.0	0.0	0.298377	0.0	0.0	0.0	0.0	1586.7	0.0	0.0	0.0	1709.57	0.0	0.0	0.0	0.0	0.000296	0.0	0.0	0.0	17.0957	0.0	0.0	0.0	0.0	531	0	0	0	42	0	0	0	0	447385	0	0	0	36	0	0	0	0	3325012	0	0	0	22	0	0	0	0	622170	0	0	0	0	0	0	0	0	116031	0	0	0	0	0	0	0	0	849836	0	0	0	0	0	0	0	0	0.4834	0.0	0.0	0.0	0.001021	0.0	0.0	0.0	0.0	0.997892	0.0	0.0	0.0	0.002108	0.0	0.0	0.0	0.0	
1673	5361361	3499.474211001	3967.056	3967.056	0.16838	0.002635	5361256	0	0	0	101	0	0	0	0	0.0	0.0	0.0	0.0	0.36854	0.0	0.0	0.0	0.0	1586.79	0.0	0.0	0.0	1889.77	0.0	0.0	0.0	0.0	0.000296	0.0	0.0	0.0	18.7106	0.0	0.0	0.0	0.0	531	0	0	0	43	0	0	0	0	447387	0	0	0	36	0	0	0	0	3325070	0	0	0	22	0	0	0	0	622243	0	0	0	0	0	0	0	0	116037	0	0	0	0	0	0	0	0	849988	0	0	0	0	0	0	0	0	0.03741	0.0	0.0	0.0	0.001053	0.0	0.0	0.0	0.0	0.972631	0.0	0.0	0.0	0.027369	0.0	0.0	0.0	0.0	
1674	5361372	3512.244181576	3964.056	3964.056	0.119043	0.000225	5361266	0	0	0	102	0	0	0	0	0.0	0.0	0.0	0.0	0.431686	0.0	0.0	0.0	0.0	1586.79	0.0	0.0	0.0	1902.54	0.0	0.0	0.0	0.0	0.000296	0.0	0.0	0.0	18.6523	0.0	0.0	0.0	0.0	531	0	0	0	44	0	0	0	0	447387	0	0	0	36	0	0	0	0	3325071	0	0	0	22	0	0	0	0	622246	0	0	0	0	0	0	0	0	116037	0	0	0	0	0	0	0	0	849994	0	0	0	0	0	0	0	0	0.02706	0.0	0.0	0.0	0.001241	0.0	0.0	0.0	0.0	0.956156	0.0	0.0	0.0	0.043844	0.0	0.0	0.0	0.0	
1675	5361375	3526.580828078	3964.056	3964.056	0.116154	0.000182	5361268	0	0	0	103	0	0	0	0	0.0	0.0	0.0	0.0	0.388517	0.0	0.0	0.0	0.0	1586.79	0.0	0.0	0.0	1916.88	0.0	0.0	0.0	0.0	0.000296	0.0	0.0	0.0	18.6104	0.0	0.0	0.0	0.0	531	0	0	0	44	0	0	0	0	447387	0	0	0	36	0	0	0	0	3325072	0	0	0	23	0	0	0	0	622246	0	0	0	0	0	0	0	0	116037	0	0	0	0	0	0	0	0	849995	0	0	0	0	0	0	0	0	0.029971	0.0	0.0	0.0	0.001122	0.0	0.0	0.0	0.0	0.963923	0.0	0.0	0.0	0.036077	0.0	0.0	0.0	0.0	
1676	5361427	3533.130785095	3964.056	3964.056	0.112991	0.000143	5361319	0	0	0	104	0	0	0	0	0.0	0.0	0.0	0.0	0.350165	0.0	0.0	0.0	0.0	1586.8	0.0	0.0	0.0	1923.41	0.0	0.0	0.0	0.0	0.000296	0.0	0.0	0.0	18.4943	0.0	0.0	0.0	0.0	531	0	0	0	44	0	0	0	0	447387	0	0	0	37	0	0	0	0	3325086	0	0	0	23	0	0	0	0	622256	0	0	0	0	0	0	0	0	116038	0	0	0	0	0	0	0	0	850021	0	0	0	0	0	0	0	0	0.027666	0.0	0.0	0.0	0.001024	0.0	0.0	0.0	0.0	0.964317	0.0	0.0	0.0	0.035684	0.0	0.0	0.0	0.0	
1677	5361437	3537.235294931	3964.056	3964.056	0.111578	0.000128	5361328	0	0	0	105	0	0	0	0	0.0	0.0	0.0	0.0	0.315149	0.0	0.0	0.0	0.0	1586.81	0.0	0.0	0.0	1927.51	0.0	0.0	0.0	0.0	0.000296	0.0	0.0	0.0	18.3573	0.0	0.0	0.0	0.0	531	0	0	0	44	0	0	0	0	447387	0	0	0	37	0	0	0	0	3325087	0	0	0	24	0	0	0	0	622256	0	0	0	0	0	0	0	0	116039	0	0	0	0	0	0	0	0	850028	0	0	0	0	0	0	0	0	0.022472	0.0	0.0	0.0	0.000935	0.0	0.0	0.0	0.0	0.960047	0.0	0.0	0.0	0.039953	0.0	0.0	0.0	0.0	
1678	5361957	3559.259703726	3964.0448888888886	3964.056	0.11067	0.000119	5361847	0	0	0	106	0	0	0	0	0.0	0.0	0.0	0.0	0.283634	0.0	0.0	0.0	0.0	1586.95	0.0	0.0	0.0	1949.39	0.0	0.0	0.0	0.0	0.000296	0.0	0.0	0.0	18.3905	0.0	0.0	0.0	0.0	532	0	0	0	44	0	0	0	0	447388	0	0	0	37	0	0	0	0	3325221	0	0	0	25	0	0	0	0	622373	0	0	0	0	0	0	0	0	116045	0	0	0	0	0	0	0	0	850288	0	0	0	0	0	0	0	0	0.030343	0.0	0.0	0.0	0.000839	0.0	0.0	0.0	0.0	0.973105	0.0	0.0	0.0	0.026895	0.0	0.0	0.0	0.0	
1679	5362193	3584.449380362	3962.556	3962.556	0.106096	8.1e-5	5362082	0	0	0	107	0	0	0	0	0.0	0.0	0.0	0.0	0.355271	0.0	0.0	0.0	0.0	1587.01	0.0	0.0	0.0	1974.53	0.0	0.0	0.0	0.0	0.000296	0.0	0.0	0.0	18.4535	0.0	0.0	0.0	0.0	532	0	0	0	45	0	0	0	0	447389	0	0	0	37	0	0	0	0	3325271	0	0	0	25	0	0	0	0	622429	0	0	0	0	0	0	0	0	116052	0	0	0	0	0	0	0	0	850409	0	0	0	0	0	0	0	0	0.035268	0.0	0.0	0.0	0.001043	0.0	0.0	0.0	0.0	0.971268	0.0	0.0	0.0	0.028732	0.0	0.0	0.0	0.0	
1680	5362727	3751.932012443	3961.5515555555553	3961.556	0.10106	5.0e-5	5362615	0	0	0	108	0	0	0	0	0.0	0.0	0.0	0.0	0.319743	0.0	0.0	0.0	0.0	1587.15	0.0	0.0	0.0	2141.87	0.0	0.0	0.0	0.0	0.000296	0.0	0.0	0.0	19.8321	0.0	0.0	0.0	0.0	535	0	0	0	45	0	0	0	0	447389	0	0	0	37	0	0	0	0	3325407	0	0	0	26	0	0	0	0	622552	0	0	0	0	0	0	0	0	116064	0	0	0	0	0	0	0	0	850668	0	0	0	0	0	0	0	0	0.02772	0.0	0.0	0.0	0.000813	0.0	0.0	0.0	0.0	0.971508	0.0	0.0	0.0	0.028492	0.0	0.0	0.0	0.0	
1681	5362758	3768.312092971	3961.5515555555553	3961.556	0.073238	1.0e-6	5362645	0	0	0	109	0	0	0	0	0.0	0.0	0.0	0.0	0.287769	0.0	0.0	0.0	0.0	1587.16	0.0	0.0	0.0	2158.24	0.0	0.0	0.0	0.0	0.000296	0.0	0.0	0.0	19.8004	0.0	0.0	0.0	0.0	535	0	0	0	45	0	0	0	0	447389	0	0	0	37	0	0	0	0	3325415	0	0	0	27	0	0	0	0	622562	0	0	0	0	0	0	0	0	116064	0	0	0	0	0	0	0	0	850680	0	0	0	0	0	0	0	0	0.02844	0.0	0.0	0.0	0.000734	0.0	0.0	0.0	0.0	0.974841	0.0	0.0	0.0	0.025159	0.0	0.0	0.0	0.0	
1682	5362777	3772.188898773	3961.5515555555553	3961.556	0.070966	1.0e-6	5362663	0	0	0	110	0	0	0	0	0.0	0.0	0.0	0.0	0.258992	0.0	0.0	0.0	0.0	1587.16	0.0	0.0	0.0	2162.11	0.0	0.0	0.0	0.0	0.000296	0.0	0.0	0.0	19.6555	0.0	0.0	0.0	0.0	535	0	0	0	45	0	0	0	0	447389	0	0	0	37	0	0	0	0	3325417	0	0	0	28	0	0	0	0	622568	0	0	0	0	0	0	0	0	116064	0	0	0	0	0	0	0	0	850690	0	0	0	0	0	0	0	0	0.018994	0.0	0.0	0.0	0.00067	0.0	0.0	0.0	0.0	0.965909	0.0	0.0	0.0	0.034091	0.0	0.0	0.0	0.0	
1683	5363105	3775.677803814	3961.5448888888886	3961.556	0.070426	1.0e-6	5362990	0	0	0	111	0	0	0	0	0.0	0.0	0.0	0.0	0.233093	0.0	0.0	0.0	0.0	1587.26	0.0	0.0	0.0	2165.5	0.0	0.0	0.0	0.0	0.000296	0.0	0.0	0.0	19.509	0.0	0.0	0.0	0.0	536	0	0	0	45	0	0	0	0	447389	0	0	0	37	0	0	0	0	3325484	0	0	0	29	0	0	0	0	622655	0	0	0	0	0	0	0	0	116073	0	0	0	0	0	0	0	0	850853	0	0	0	0	0	0	0	0	0.064599	0.0	0.0	0.0	0.000612	0.0	0.0	0.0	0.0	0.990609	0.0	0.0	0.0	0.009391	0.0	0.0	0.0	0.0	
1684	5363443	3787.749649547	3961.5448888888886	3961.556	0.069957	1.0e-6	5363327	0	0	0	112	0	0	0	0	0.0	0.0	0.0	0.0	0.209784	0.0	0.0	0.0	0.0	1587.34	0.0	0.0	0.0	2177.49	0.0	0.0	0.0	0.0	0.000296	0.0	0.0	0.0	19.4419	0.0	0.0	0.0	0.0	536	0	0	0	45	0	0	0	0	447391	0	0	0	37	0	0	0	0	3325554	0	0	0	30	0	0	0	0	622730	0	0	0	0	0	0	0	0	116079	0	0	0	0	0	0	0	0	851037	0	0	0	0	0	0	0	0	0.027095	0.0	0.0	0.0	0.000555	0.0	0.0	0.0	0.0	0.979927	0.0	0.0	0.0	0.020073	0.0	0.0	0.0	0.0	
1685	5363694	3790.761818457	3961.5448888888886	3961.556	0.068352	0.0	5363577	0	0	0	113	0	0	0	0	0.0	0.0	0.0	0.0	0.188805	0.0	0.0	0.0	0.0	1587.41	0.0	0.0	0.0	2180.43	0.0	0.0	0.0	0.0	0.000296	0.0	0.0	0.0	19.2959	0.0	0.0	0.0	0.0	536	0	0	0	45	0	0	0	0	447392	0	0	0	37	0	0	0	0	3325610	0	0	0	31	0	0	0	0	622785	0	0	0	0	0	0	0	0	116084	0	0	0	0	0	0	0	0	851170	0	0	0	0	0	0	0	0	0.038715	0.0	0.0	0.0	0.000507	0.0	0.0	0.0	0.0	0.987071	0.0	0.0	0.0	0.012929	0.0	0.0	0.0	0.0	
1686	5363723	3801.757794543	3961.5448888888886	3961.556	0.067966	0.0	5363605	0	0	0	114	0	0	0	0	0.0	0.0	0.0	0.0	0.169925	0.0	0.0	0.0	0.0	1587.42	0.0	0.0	0.0	2191.42	0.0	0.0	0.0	0.0	0.000296	0.0	0.0	0.0	19.223	0.0	0.0	0.0	0.0	536	0	0	0	45	0	0	0	0	447392	0	0	0	37	0	0	0	0	3325613	0	0	0	32	0	0	0	0	622793	0	0	0	0	0	0	0	0	116085	0	0	0	0	0	0	0	0	851186	0	0	0	0	0	0	0	0	0.014898	0.0	0.0	0.0	0.00046	0.0	0.0	0.0	0.0	0.970057	0.0	0.0	0.0	0.029943	0.0	0.0	0.0	0.0	
1687	5364022	3812.387904397	3961.056	3961.056	0.066532	0.0	5363903	0	0	0	115	0	0	0	0	0.0	0.0	0.0	0.0	0.252932	0.0	0.0	0.0	0.0	1587.51	0.0	0.0	0.0	2201.96	0.0	0.0	0.0	0.0	0.000296	0.0	0.0	0.0	19.1475	0.0	0.0	0.0	0.0	536	0	0	0	46	0	0	0	0	447393	0	0	0	37	0	0	0	0	3325681	0	0	0	32	0	0	0	0	622864	0	0	0	0	0	0	0	0	116093	0	0	0	0	0	0	0	0	851336	0	0	0	0	0	0	0	0	0.02521	0.0	0.0	0.0	0.00069	0.0	0.0	0.0	0.0	0.973363	0.0	0.0	0.0	0.026637	0.0	0.0	0.0	0.0	
1688	5364383	3816.017987011	3961.0515555555553	3961.056	0.065185	0.0	5364263	0	0	0	116	0	0	0	0	0.0	0.0	0.0	0.0	0.227639	0.0	0.0	0.0	0.0	1587.6	0.0	0.0	0.0	2205.5	0.0	0.0	0.0	0.0	0.000296	0.0	0.0	0.0	19.0129	0.0	0.0	0.0	0.0	538	0	0	0	46	0	0	0	0	447393	0	0	0	37	0	0	0	0	3325754	0	0	0	33	0	0	0	0	622962	0	0	0	0	0	0	0	0	116098	0	0	0	0	0	0	0	0	851518	0	0	0	0	0	0	0	0	0.027644	0.0	0.0	0.0	0.00063	0.0	0.0	0.0	0.0	0.977727	0.0	0.0	0.0	0.022273	0.0	0.0	0.0	0.0	
1689	5364600	3876.239421479	3961.0515555555553	3961.056	0.064736	0.0	5364479	0	0	0	117	0	0	0	0	0.0	0.0	0.0	0.0	0.204875	0.0	0.0	0.0	0.0	1587.66	0.0	0.0	0.0	2265.67	0.0	0.0	0.0	0.0	0.000296	0.0	0.0	0.0	19.3647	0.0	0.0	0.0	0.0	538	0	0	0	46	0	0	0	0	447395	0	0	0	37	0	0	0	0	3325800	0	0	0	34	0	0	0	0	623011	0	0	0	0	0	0	0	0	116101	0	0	0	0	0	0	0	0	851634	0	0	0	0	0	0	0	0	0.180266	0.0	0.0	0.0	0.000546	0.0	0.0	0.0	0.0	0.996978	0.0	0.0	0.0	0.003022	0.0	0.0	0.0	0.0	
1690	5364839	3891.924668173	3961.0515555555553	3961.056	0.057651	0.0	5364717	0	0	0	118	0	0	0	0	0.0	0.0	0.0	0.0	0.184388	0.0	0.0	0.0	0.0	1587.73	0.0	0.0	0.0	2281.28	0.0	0.0	0.0	0.0	0.000296	0.0	0.0	0.0	19.3329	0.0	0.0	0.0	0.0	538	0	0	0	46	0	0	0	0	447397	0	0	0	37	0	0	0	0	3325841	0	0	0	35	0	0	0	0	623059	0	0	0	0	0	0	0	0	116108	0	0	0	0	0	0	0	0	851774	0	0	0	0	0	0	0	0	0.110675	0.0	0.0	0.0	0.000493	0.0	0.0	0.0	0.0	0.995562	0.0	0.0	0.0	0.004438	0.0	0.0	0.0	0.0	
1691	5365202	3895.279071233	3961.0515555555553	3961.056	0.055933	0.0	5365079	0	0	0	119	0	0	0	0	0.0	0.0	0.0	0.0	0.165949	0.0	0.0	0.0	0.0	1587.84	0.0	0.0	0.0	2284.52	0.0	0.0	0.0	0.0	0.000296	0.0	0.0	0.0	19.1977	0.0	0.0	0.0	0.0	538	0	0	0	46	0	0	0	0	447399	0	0	0	37	0	0	0	0	3325918	0	0	0	36	0	0	0	0	623129	0	0	0	0	0	0	0	0	116117	0	0	0	0	0	0	0	0	851978	0	0	0	0	0	0	0	0	0.019269	0.0	0.0	0.0	0.00045	0.0	0.0	0.0	0.0	0.977165	0.0	0.0	0.0	0.022834	0.0	0.0	0.0	0.0	
1692	5365574	3924.597393537	3961.0515555555553	3961.056	0.055575	0.0	5365450	0	0	0	120	0	0	0	0	0.0	0.0	0.0	0.0	0.149354	0.0	0.0	0.0	0.0	1587.92	0.0	0.0	0.0	2313.76	0.0	0.0	0.0	0.0	0.000296	0.0	0.0	0.0	19.2813	0.0	0.0	0.0	0.0	538	0	0	0	46	0	0	0	0	447401	0	0	0	37	0	0	0	0	3326000	0	0	0	37	0	0	0	0	623211	0	0	0	0	0	0	0	0	116122	0	0	0	0	0	0	0	0	852178	0	0	0	0	0	0	0	0	0.020066	0.0	0.0	0.0	0.000402	0.0	0.0	0.0	0.0	0.980372	0.0	0.0	0.0	0.019628	0.0	0.0	0.0	0.0	
1693	5365913	3955.830652709	3955.056	3955.056	0.052525	0.0	5365788	0	0	0	121	0	0	0	0	0.0	0.0	0.0	0.0	0.234419	0.0	0.0	0.0	0.0	1588.04	0.0	0.0	0.0	2344.88	0.0	0.0	0.0	0.0	0.000296	0.0	0.0	0.0	19.3791	0.0	0.0	0.0	0.0	539	0	0	0	47	0	0	0	0	447401	0	0	0	37	0	0	0	0	3326060	0	0	0	37	0	0	0	0	623291	0	0	0	0	0	0	0	0	116130	0	0	0	0	0	0	0	0	852367	0	0	0	0	0	0	0	0	0.043156	0.0	0.0	0.0	0.000624	0.0	0.0	0.0	0.0	0.985742	0.0	0.0	0.0	0.014258	0.0	0.0	0.0	0.0	
1694	5365914	3959.635788738	3955.056	3955.056	0.049472	0.0	5365788	0	0	0	122	0	0	0	0	0.0	0.0	0.0	0.0	0.210977	0.0	0.0	0.0	0.0	1588.04	0.0	0.0	0.0	2348.68	0.0	0.0	0.0	0.0	0.000296	0.0	0.0	0.0	19.2515	0.0	0.0	0.0	0.0	539	0	0	0	47	0	0	0	0	447401	0	0	0	37	0	0	0	0	3326060	0	0	0	38	0	0	0	0	623291	0	0	0	0	0	0	0	0	116130	0	0	0	0	0	0	0	0	852367	0	0	0	0	0	0	0	0	0.043156	0.0	0.0	0.0	0.000569	0.0	0.0	0.0	0.0	0.986981	0.0	0.0	0.0	0.013019	0.0	0.0	0.0	0.0	
1695	5365924	3974.895825615	3955.056	3955.056	0.04911	0.0	5365797	0	0	0	123	0	0	0	0	0.0	0.0	0.0	0.0	0.190379	0.0	0.0	0.0	0.0	1588.04	0.0	0.0	0.0	2363.94	0.0	0.0	0.0	0.0	0.000296	0.0	0.0	0.0	19.219	0.0	0.0	0.0	0.0	539	0	0	0	47	0	0	0	0	447401	0	0	0	38	0	0	0	0	3326063	0	0	0	38	0	0	0	0	623294	0	0	0	0	0	0	0	0	116131	0	0	0	0	0	0	0	0	852369	0	0	0	0	0	0	0	0	0.041498	0.0	0.0	0.0	0.000515	0.0	0.0	0.0	0.0	0.987732	0.0	0.0	0.0	0.012268	0.0	0.0	0.0	0.0	
1696	5365940	3990.323487903	3955.056	3955.056	0.047689	0.0	5365812	0	0	0	124	0	0	0	0	0.0	0.0	0.0	0.0	0.171341	0.0	0.0	0.0	0.0	1588.04	0.0	0.0	0.0	2379.36	0.0	0.0	0.0	0.0	0.000296	0.0	0.0	0.0	19.1884	0.0	0.0	0.0	0.0	539	0	0	0	47	0	0	0	0	447401	0	0	0	38	0	0	0	0	3326064	0	0	0	39	0	0	0	0	623299	0	0	0	0	0	0	0	0	116131	0	0	0	0	0	0	0	0	852378	0	0	0	0	0	0	0	0	0.02422	0.0	0.0	0.0	0.000465	0.0	0.0	0.0	0.0	0.981149	0.0	0.0	0.0	0.018851	0.0	0.0	0.0	0.0	
1697	5365992	3998.634159265	3955.056	3955.056	0.046294	0.0	5365863	0	0	0	125	0	0	0	0	0.0	0.0	0.0	0.0	0.154707	0.0	0.0	0.0	0.0	1588.06	0.0	0.0	0.0	2387.66	0.0	0.0	0.0	0.0	0.000296	0.0	0.0	0.0	19.1013	0.0	0.0	0.0	0.0	539	0	0	0	47	0	0	0	0	447401	0	0	0	39	0	0	0	0	3326079	0	0	0	39	0	0	0	0	623312	0	0	0	0	0	0	0	0	116132	0	0	0	0	0	0	0	0	852400	0	0	0	0	0	0	0	0	0.026294	0.0	0.0	0.0	0.000424	0.0	0.0	0.0	0.0	0.98413	0.0	0.0	0.0	0.01587	0.0	0.0	0.0	0.0	
1698	5366024	4005.132910076	3955.056	3955.056	0.04556	0.0	5365894	0	0	0	126	0	0	0	0	0.0	0.0	0.0	0.0	0.139236	0.0	0.0	0.0	0.0	1588.07	0.0	0.0	0.0	2394.15	0.0	0.0	0.0	0.0	0.000296	0.0	0.0	0.0	19.0012	0.0	0.0	0.0	0.0	539	0	0	0	47	0	0	0	0	447401	0	0	0	39	0	0	0	0	3326080	0	0	0	40	0	0	0	0	623321	0	0	0	0	0	0	0	0	116132	0	0	0	0	0	0	0	0	852421	0	0	0	0	0	0	0	0	0.009461	0.0	0.0	0.0	0.000386	0.0	0.0	0.0	0.0	0.960836	0.0	0.0	0.0	0.039164	0.0	0.0	0.0	0.0	
1699	5366446	4011.448646488	3955.0448888888886	3955.056	0.044984	0.0	5366315	0	0	0	127	0	0	0	0	0.0	0.0	0.0	0.0	0.125313	0.0	0.0	0.0	0.0	1588.19	0.0	0.0	0.0	2400.34	0.0	0.0	0.0	0.0	0.000296	0.0	0.0	0.0	18.9003	0.0	0.0	0.0	0.0	540	0	0	0	47	0	0	0	0	447401	0	0	0	39	0	0	0	0	3326174	0	0	0	41	0	0	0	0	623417	0	0	0	0	0	0	0	0	116138	0	0	0	0	0	0	0	0	852645	0	0	0	0	0	0	0	0	0.028163	0.0	0.0	0.0	0.000351	0.0	0.0	0.0	0.0	0.987697	0.0	0.0	0.0	0.012302	0.0	0.0	0.0	0.0	
1700	5366447	4013.916059208	3948.889	3948.889	0.044451	0.0	5366315	0	0	0	128	0	0	0	0	0.0	0.0	0.0	0.0	0.212781	0.0	0.0	0.0	0.0	1588.19	0.0	0.0	0.0	2402.81	0.0	0.0	0.0	0.0	0.000296	0.0	0.0	0.0	18.7719	0.0	0.0	0.0	0.0	540	0	0	0	48	0	0	0	0	447401	0	0	0	39	0	0	0	0	3326174	0	0	0	41	0	0	0	0	623417	0	0	0	0	0	0	0	0	116138	0	0	0	0	0	0	0	0	852645	0	0	0	0	0	0	0	0	0.028163	0.0	0.0	0.0	0.000604	0.0	0.0	0.0	0.0	0.97901	0.0	0.0	0.0	0.02099	0.0	0.0	0.0	0.0	
1701	5366467	4020.593898949	3948.889	3948.889	0.04424	0.0	5366334	0	0	0	129	0	0	0	0	0.0	0.0	0.0	0.0	0.191503	0.0	0.0	0.0	0.0	1588.19	0.0	0.0	0.0	2409.48	0.0	0.0	0.0	0.0	0.000296	0.0	0.0	0.0	18.6781	0.0	0.0	0.0	0.0	540	0	0	0	48	0	0	0	0	447401	0	0	0	39	0	0	0	0	3326176	0	0	0	42	0	0	0	0	623425	0	0	0	0	0	0	0	0	116138	0	0	0	0	0	0	0	0	852654	0	0	0	0	0	0	0	0	0.016679	0.0	0.0	0.0	0.000549	0.0	0.0	0.0	0.0	0.968138	0.0	0.0	0.0	0.031862	0.0	0.0	0.0	0.0	
1702	5366847	4026.781814581	3948.8778888888887	3948.889	0.043667	0.0	5366713	0	0	0	130	0	0	0	0	0.0	0.0	0.0	0.0	0.172353	0.0	0.0	0.0	0.0	1588.3	0.0	0.0	0.0	2415.57	0.0	0.0	0.0	0.0	0.000296	0.0	0.0	0.0	18.5813	0.0	0.0	0.0	0.0	542	0	0	0	48	0	0	0	0	447401	0	0	0	39	0	0	0	0	3326258	0	0	0	43	0	0	0	0	623505	0	0	0	0	0	0	0	0	116147	0	0	0	0	0	0	0	0	852860	0	0	0	0	0	0	0	0	0.035253	0.0	0.0	0.0	0.000499	0.0	0.0	0.0	0.0	0.986037	0.0	0.0	0.0	0.013963	0.0	0.0	0.0	0.0	
1703	5367080	4032.745264621	3948.8778888888887	3948.889	0.043154	0.0	5366945	0	0	0	131	0	0	0	0	0.0	0.0	0.0	0.0	0.155118	0.0	0.0	0.0	0.0	1588.36	0.0	0.0	0.0	2421.47	0.0	0.0	0.0	0.0	0.000296	0.0	0.0	0.0	18.4845	0.0	0.0	0.0	0.0	542	0	0	0	48	0	0	0	0	447403	0	0	0	39	0	0	0	0	3326314	0	0	0	44	0	0	0	0	623554	0	0	0	0	0	0	0	0	116149	0	0	0	0	0	0	0	0	852983	0	0	0	0	0	0	0	0	0.126935	0.0	0.0	0.0	0.000454	0.0	0.0	0.0	0.0	0.996436	0.0	0.0	0.0	0.003564	0.0	0.0	0.0	0.0	
1704	5367378	4037.532354534	3942.389	3942.389	0.042659	0.0	5367242	0	0	0	132	0	0	0	0	0.0	0.0	0.0	0.0	0.239606	0.0	0.0	0.0	0.0	1588.44	0.0	0.0	0.0	2426.17	0.0	0.0	0.0	0.0	0.000296	0.0	0.0	0.0	18.3801	0.0	0.0	0.0	0.0	542	0	0	0	49	0	0	0	0	447405	0	0	0	39	0	0	0	0	3326385	0	0	0	44	0	0	0	0	623615	0	0	0	0	0	0	0	0	116151	0	0	0	0	0	0	0	0	853144	0	0	0	0	0	0	0	0	0.042272	0.0	0.0	0.0	0.000709	0.0	0.0	0.0	0.0	0.983498	0.0	0.0	0.0	0.016502	0.0	0.0	0.0	0.0	
1705	5367691	4041.187589576	3942.3778888888887	3942.389	0.042268	0.0	5367554	0	0	0	133	0	0	0	0	0.0	0.0	0.0	0.0	0.215645	0.0	0.0	0.0	0.0	1588.53	0.0	0.0	0.0	2429.74	0.0	0.0	0.0	0.0	0.000296	0.0	0.0	0.0	18.2687	0.0	0.0	0.0	0.0	544	0	0	0	49	0	0	0	0	447405	0	0	0	39	0	0	0	0	3326449	0	0	0	45	0	0	0	0	623673	0	0	0	0	0	0	0	0	116160	0	0	0	0	0	0	0	0	853323	0	0	0	0	0	0	0	0	0.319234	0.0	0.0	0.0	0.000646	0.0	0.0	0.0	0.0	0.99798	0.0	0.0	0.0	0.00202	0.0	0.0	0.0	0.0	
1706	5368124	4047.569717969	3942.3778888888887	3942.389	0.041971	0.0	5367986	0	0	0	134	0	0	0	0	0.0	0.0	0.0	0.0	0.194081	0.0	0.0	0.0	0.0	1588.62	0.0	0.0	0.0	2436.03	0.0	0.0	0.0	0.0	0.000296	0.0	0.0	0.0	18.1793	0.0	0.0	0.0	0.0	544	0	0	0	49	0	0	0	0	447407	0	0	0	39	0	0	0	0	3326529	0	0	0	46	0	0	0	0	623763	0	0	0	0	0	0	0	0	116172	0	0	0	0	0	0	0	0	853571	0	0	0	0	0	0	0	0	0.046386	0.0	0.0	0.0	0.000587	0.0	0.0	0.0	0.0	0.987498	0.0	0.0	0.0	0.012502	0.0	0.0	0.0	0.0	
1707	5368438	4051.605495395	3942.3778888888887	3942.389	0.04146	0.0	5368299	0	0	0	135	0	0	0	0	0.0	0.0	0.0	0.0	0.174673	0.0	0.0	0.0	0.0	1588.69	0.0	0.0	0.0	2439.99	0.0	0.0	0.0	0.0	0.000296	0.0	0.0	0.0	18.074	0.0	0.0	0.0	0.0	544	0	0	0	49	0	0	0	0	447409	0	0	0	39	0	0	0	0	3326590	0	0	0	47	0	0	0	0	623828	0	0	0	0	0	0	0	0	116180	0	0	0	0	0	0	0	0	853748	0	0	0	0	0	0	0	0	0.074634	0.0	0.0	0.0	0.000535	0.0	0.0	0.0	0.0	0.992887	0.0	0.0	0.0	0.007113	0.0	0.0	0.0	0.0	
1708	5368876	4054.542508397	3942.3778888888887	3942.3778888888887	0.041138	0.0	5368736	0	0	0	136	0	0	0	0	0.0	0.0	0.0	0.0	0.157205	0.0	0.0	0.0	0.0	1588.8	0.0	0.0	0.0	2442.83	0.0	0.0	0.0	0.0	0.000296	0.0	0.0	0.0	17.962	0.0	0.0	0.0	0.0	544	0	0	0	49	0	0	0	0	447411	0	0	0	39	0	0	0	0	3326692	0	0	0	47	0	0	0	0	623919	0	0	0	1	0	0	0	0	116183	0	0	0	0	0	0	0	0	853987	0	0	0	0	0	0	0	0	0.024143	0.0	0.0	0.0	0.000487	0.0	0.0	0.0	0.0	0.980217	0.0	0.0	0.0	0.019783	0.0	0.0	0.0	0.0	
1709	5368877	4065.054865557	3940.389	3940.389	0.040914	0.0	5368736	0	0	0	137	0	0	0	0	0.0	0.0	0.0	0.0	0.241485	0.0	0.0	0.0	0.0	1588.8	0.0	0.0	0.0	2453.34	0.0	0.0	0.0	0.0	0.000296	0.0	0.0	0.0	17.9076	0.0	0.0	0.0	0.0	544	0	0	0	50	0	0	0	0	447411	0	0	0	39	0	0	0	0	3326692	0	0	0	47	0	0	0	0	623919	0	0	0	1	0	0	0	0	116183	0	0	0	0	0	0	0	0	853987	0	0	0	0	0	0	0	0	0.024143	0.0	0.0	0.0	0.000753	0.0	0.0	0.0	0.0	0.969753	0.0	0.0	0.0	0.030247	0.0	0.0	0.0	0.0	
1710	5368887	4245.207834967	3940.389	3940.389	0.040094	0.0	5368745	0	0	0	138	0	0	0	0	0.0	0.0	0.0	0.0	0.217336	0.0	0.0	0.0	0.0	1588.8	0.0	0.0	0.0	2633.49	0.0	0.0	0.0	0.0	0.000296	0.0	0.0	0.0	19.0833	0.0	0.0	0.0	0.0	544	0	0	0	50	0	0	0	0	447411	0	0	0	39	0	0	0	0	3326693	0	0	0	48	0	0	0	0	623922	0	0	0	1	0	0	0	0	116183	0	0	0	0	0	0	0	0	853992	0	0	0	0	0	0	0	0	0.019517	0.0	0.0	0.0	0.000597	0.0	0.0	0.0	0.0	0.970329	0.0	0.0	0.0	0.029671	0.0	0.0	0.0	0.0	
1711	5369204	4251.536461726	3940.3778888888887	3940.389	0.028344	0.0	5369061	0	0	0	139	0	0	0	0	0.0	0.0	0.0	0.0	0.195603	0.0	0.0	0.0	0.0	1588.9	0.0	0.0	0.0	2639.72	0.0	0.0	0.0	0.0	0.000296	0.0	0.0	0.0	18.9908	0.0	0.0	0.0	0.0	546	0	0	0	50	0	0	0	0	447411	0	0	0	39	0	0	0	0	3326777	0	0	0	49	0	0	0	0	623976	0	0	0	1	0	0	0	0	116188	0	0	0	0	0	0	0	0	854163	0	0	0	0	0	0	0	0	0.208801	0.0	0.0	0.0	0.000542	0.0	0.0	0.0	0.0	0.997409	0.0	0.0	0.0	0.002591	0.0	0.0	0.0	0.0	
1712	5369509	4258.186885921	3940.3778888888887	3940.3778888888887	0.028002	0.0	5369365	0	0	0	140	0	0	0	0	0.0	0.0	0.0	0.0	0.176042	0.0	0.0	0.0	0.0	1588.98	0.0	0.0	0.0	2646.28	0.0	0.0	0.0	0.0	0.000296	0.0	0.0	0.0	18.902	0.0	0.0	0.0	0.0	546	0	0	0	50	0	0	0	0	447413	0	0	0	39	0	0	0	0	3326871	0	0	0	49	0	0	0	0	624035	0	0	0	2	0	0	0	0	116191	0	0	0	0	0	0	0	0	854309	0	0	0	0	0	0	0	0	0.048185	0.0	0.0	0.0	0.000493	0.0	0.0	0.0	0.0	0.989878	0.0	0.0	0.0	0.010122	0.0	0.0	0.0	0.0	
1713	5369556	4268.149572745	3940.3778888888887	3940.389	0.02765	0.0	5369411	0	0	0	141	0	0	0	0	0.0	0.0	0.0	0.0	0.158438	0.0	0.0	0.0	0.0	1588.99	0.0	0.0	0.0	2656.24	0.0	0.0	0.0	0.0	0.000296	0.0	0.0	0.0	18.8386	0.0	0.0	0.0	0.0	546	0	0	0	50	0	0	0	0	447413	0	0	0	39	0	0	0	0	3326884	0	0	0	50	0	0	0	0	624043	0	0	0	2	0	0	0	0	116191	0	0	0	0	0	0	0	0	854334	0	0	0	0	0	0	0	0	0.037612	0.0	0.0	0.0	0.000446	0.0	0.0	0.0	0.0	0.988269	0.0	0.0	0.0	0.011731	0.0	0.0	0.0	0.0	
1714	5370012	4287.756025138	3940.3778888888887	3940.389	0.027118	0.0	5369866	0	0	0	142	0	0	0	0	0.0	0.0	0.0	0.0	0.142594	0.0	0.0	0.0	0.0	1589.12	0.0	0.0	0.0	2675.72	0.0	0.0	0.0	0.0	0.000296	0.0	0.0	0.0	18.8431	0.0	0.0	0.0	0.0	546	0	0	0	50	0	0	0	0	447415	0	0	0	39	0	0	0	0	3326976	0	0	0	51	0	0	0	0	624136	0	0	0	2	0	0	0	0	116197	0	0	0	0	0	0	0	0	854596	0	0	0	0	0	0	0	0	0.027822	0.0	0.0	0.0	0.000402	0.0	0.0	0.0	0.0	0.985771	0.0	0.0	0.0	0.014229	0.0	0.0	0.0	0.0	
1715	5370324	4294.237442684	3940.3778888888887	3940.389	0.026117	0.0	5370177	0	0	0	143	0	0	0	0	0.0	0.0	0.0	0.0	0.128335	0.0	0.0	0.0	0.0	1589.19	0.0	0.0	0.0	2682.12	0.0	0.0	0.0	0.0	0.000296	0.0	0.0	0.0	18.7561	0.0	0.0	0.0	0.0	546	0	0	0	50	0	0	0	0	447417	0	0	0	39	0	0	0	0	3327042	0	0	0	52	0	0	0	0	624199	0	0	0	2	0	0	0	0	116199	0	0	0	0	0	0	0	0	854774	0	0	0	0	0	0	0	0	0.055485	0.0	0.0	0.0	0.000365	0.0	0.0	0.0	0.0	0.993468	0.0	0.0	0.0	0.006532	0.0	0.0	0.0	0.0	
1716	5370326	4474.391332628	3940.3778888888887	3940.389	0.025797	0.0	5370178	0	0	0	144	0	0	0	0	0.0	0.0	0.0	0.0	0.115501	0.0	0.0	0.0	0.0	1589.19	0.0	0.0	0.0	2862.28	0.0	0.0	0.0	0.0	0.000296	0.0	0.0	0.0	19.8769	0.0	0.0	0.0	0.0	546	0	0	0	50	0	0	0	0	447417	0	0	0	39	0	0	0	0	3327042	0	0	0	53	0	0	0	0	624199	0	0	0	2	0	0	0	0	116199	0	0	0	0	0	0	0	0	854775	0	0	0	0	0	0	0	0	0.052692	0.0	0.0	0.0	0.000292	0.0	0.0	0.0	0.0	0.994483	0.0	0.0	0.0	0.005517	0.0	0.0	0.0	0.0	
1717	5370588	4483.658971539	3940.3778888888887	3940.3778888888887	0.018237	0.0	5370439	0	0	0	145	0	0	0	0	0.0	0.0	0.0	0.0	0.103951	0.0	0.0	0.0	0.0	1589.28	0.0	0.0	0.0	2871.46	0.0	0.0	0.0	0.0	0.000296	0.0	0.0	0.0	19.8032	0.0	0.0	0.0	0.0	546	0	0	0	50	0	0	0	0	447419	0	0	0	39	0	0	0	0	3327099	0	0	0	53	0	0	0	0	624249	0	0	0	3	0	0	0	0	116202	0	0	0	0	0	0	0	0	854924	0	0	0	0	0	0	0	0	0.061868	0.0	0.0	0.0	0.000265	0.0	0.0	0.0	0.0	0.995734	0.0	0.0	0.0	0.004266	0.0	0.0	0.0	0.0	
1718	5371070	4489.44144205	3940.3778888888887	3940.3778888888887	0.017913	0.0	5370920	0	0	0	146	0	0	0	0	0.0	0.0	0.0	0.0	0.093556	0.0	0.0	0.0	0.0	1589.4	0.0	0.0	0.0	2877.12	0.0	0.0	0.0	0.0	0.000296	0.0	0.0	0.0	19.7063	0.0	0.0	0.0	0.0	546	0	0	0	50	0	0	0	0	447419	0	0	0	39	0	0	0	0	3327196	0	0	0	53	0	0	0	0	624355	0	0	0	4	0	0	0	0	116210	0	0	0	0	0	0	0	0	855194	0	0	0	0	0	0	0	0	0.02945	0.0	0.0	0.0	0.000241	0.0	0.0	0.0	0.0	0.991886	0.0	0.0	0.0	0.008114	0.0	0.0	0.0	0.0	
1719	5371144	4506.586359174	3940.3778888888887	3940.3778888888887	0.017719	0.0	5370993	0	0	0	147	0	0	0	0	0.0	0.0	0.0	0.0	0.084201	0.0	0.0	0.0	0.0	1589.42	0.0	0.0	0.0	2894.25	0.0	0.0	0.0	0.0	0.000296	0.0	0.0	0.0	19.6888	0.0	0.0	0.0	0.0	546	0	0	0	50	0	0	0	0	447419	0	0	0	39	0	0	0	0	3327206	0	0	0	53	0	0	0	0	624373	0	0	0	5	0	0	0	0	116211	0	0	0	0	0	0	0	0	855238	0	0	0	0	0	0	0	0	0.017114	0.0	0.0	0.0	0.000217	0.0	0.0	0.0	0.0	0.987467	0.0	0.0	0.0	0.012533	0.0	0.0	0.0	0.0	
1720	5371203	4514.573060159	3940.3778888888887	3940.389	0.017144	0.0	5371051	0	0	0	148	0	0	0	0	0.0	0.0	0.0	0.0	0.07578	0.0	0.0	0.0	0.0	1589.43	0.0	0.0	0.0	2902.22	0.0	0.0	0.0	0.0	0.000296	0.0	0.0	0.0	19.6096	0.0	0.0	0.0	0.0	546	0	0	0	50	0	0	0	0	447419	0	0	0	39	0	0	0	0	3327220	0	0	0	54	0	0	0	0	624386	0	0	0	5	0	0	0	0	116212	0	0	0	0	0	0	0	0	855268	0	0	0	0	0	0	0	0	0.023738	0.0	0.0	0.0	0.000197	0.0	0.0	0.0	0.0	0.991766	0.0	0.0	0.0	0.008234	0.0	0.0	0.0	0.0	
1721	5371578	4536.300283543	3940.3778888888887	3940.389	0.01688	0.0	5371425	0	0	0	149	0	0	0	0	0.0	0.0	0.0	0.0	0.068202	0.0	0.0	0.0	0.0	1589.54	0.0	0.0	0.0	2923.84	0.0	0.0	0.0	0.0	0.000296	0.0	0.0	0.0	19.6231	0.0	0.0	0.0	0.0	546	0	0	0	50	0	0	0	0	447421	0	0	0	39	0	0	0	0	3327320	0	0	0	55	0	0	0	0	624456	0	0	0	5	0	0	0	0	116218	0	0	0	0	0	0	0	0	855464	0	0	0	0	0	0	0	0	0.033183	0.0	0.0	0.0	0.000177	0.0	0.0	0.0	0.0	0.994691	0.0	0.0	0.0	0.005309	0.0	0.0	0.0	0.0	
1722	5371852	4564.933243246	3940.3778888888887	3940.3867777777778	0.016189	0.0	5371698	0	0	0	150	0	0	0	0	0.0	0.0	0.0	0.0	0.061382	0.0	0.0	0.0	0.0	1589.62	0.0	0.0	0.0	2952.39	0.0	0.0	0.0	0.0	0.000296	0.0	0.0	0.0	19.6826	0.0	0.0	0.0	0.0	546	0	0	0	50	0	0	0	0	447422	0	0	0	39	0	0	0	0	3327386	0	0	0	55	0	0	0	0	624505	0	0	0	6	0	0	0	0	116220	0	0	0	0	0	0	0	0	855619	0	0	0	0	0	0	0	0	0.025913	0.0	0.0	0.0	0.000158	0.0	0.0	0.0	0.0	0.993923	0.0	0.0	0.0	0.006077	0.0	0.0	0.0	0.0	
1723	5372158	4567.808162814	3940.3778888888887	3940.389	0.015321	0.0	5372003	0	0	0	151	0	0	0	0	0.0	0.0	0.0	0.0	0.055244	0.0	0.0	0.0	0.0	1589.71	0.0	0.0	0.0	2955.17	0.0	0.0	0.0	0.0	0.000296	0.0	0.0	0.0	19.5707	0.0	0.0	0.0	0.0	546	0	0	0	50	0	0	0	0	447423	0	0	0	39	0	0	0	0	3327440	0	0	0	56	0	0	0	0	624569	0	0	0	6	0	0	0	0	116226	0	0	0	0	0	0	0	0	855799	0	0	0	0	0	0	0	0	0.030038	0.0	0.0	0.0	0.000144	0.0	0.0	0.0	0.0	0.995221	0.0	0.0	0.0	0.004779	0.0	0.0	0.0	0.0	
1724	5372218	4575.081466982	3940.3778888888887	3940.389	0.015239	0.0	5372062	0	0	0	152	0	0	0	0	0.0	0.0	0.0	0.0	0.04972	0.0	0.0	0.0	0.0	1589.73	0.0	0.0	0.0	2962.43	0.0	0.0	0.0	0.0	0.000296	0.0	0.0	0.0	19.4897	0.0	0.0	0.0	0.0	546	0	0	0	50	0	0	0	0	447423	0	0	0	39	0	0	0	0	3327454	0	0	0	57	0	0	0	0	624584	0	0	0	6	0	0	0	0	116228	0	0	0	0	0	0	0	0	855827	0	0	0	0	0	0	0	0	0.028602	0.0	0.0	0.0	0.000131	0.0	0.0	0.0	0.0	0.995444	0.0	0.0	0.0	0.004556	0.0	0.0	0.0	0.0	
1725	5372634	4581.006834985	3940.3778888888887	3940.389	0.015024	0.0	5372477	0	0	0	153	0	0	0	0	0.0	0.0	0.0	0.0	0.044748	0.0	0.0	0.0	0.0	1589.84	0.0	0.0	0.0	2968.24	0.0	0.0	0.0	0.0	0.000296	0.0	0.0	0.0	19.4003	0.0	0.0	0.0	0.0	546	0	0	0	50	0	0	0	0	447425	0	0	0	39	0	0	0	0	3327556	0	0	0	58	0	0	0	0	624673	0	0	0	6	0	0	0	0	116231	0	0	0	0	0	0	0	0	856046	0	0	0	0	0	0	0	0	0.015294	0.0	0.0	0.0	0.000119	0.0	0.0	0.0	0.0	0.992286	0.0	0.0	0.0	0.007714	0.0	0.0	0.0	0.0	
1726	5373118	4588.210187864	3940.3778888888887	3940.3778888888887	0.014854	0.0	5372960	0	0	0	154	0	0	0	0	0.0	0.0	0.0	0.0	0.040273	0.0	0.0	0.0	0.0	1589.96	0.0	0.0	0.0	2975.33	0.0	0.0	0.0	0.0	0.000296	0.0	0.0	0.0	19.3203	0.0	0.0	0.0	0.0	546	0	0	0	50	0	0	0	0	447427	0	0	0	39	0	0	0	0	3327683	0	0	0	58	0	0	0	0	624777	0	0	0	7	0	0	0	0	116235	0	0	0	0	0	0	0	0	856292	0	0	0	0	0	0	0	0	0.040708	0.0	0.0	0.0	0.000108	0.0	0.0	0.0	0.0	0.997357	0.0	0.0	0.0	0.002643	0.0	0.0	0.0	0.0	
1727	5373136	4599.04563606	3940.3778888888887	3940.3778888888887	0.014652	0.0	5372977	0	0	0	155	0	0	0	0	0.0	0.0	0.0	0.0	0.036246	0.0	0.0	0.0	0.0	1589.97	0.0	0.0	0.0	2986.16	0.0	0.0	0.0	0.0	0.000296	0.0	0.0	0.0	19.2655	0.0	0.0	0.0	0.0	546	0	0	0	50	0	0	0	0	447427	0	0	0	39	0	0	0	0	3327685	0	0	0	58	0	0	0	0	624783	0	0	0	8	0	0	0	0	116236	0	0	0	0	0	0	0	0	856300	0	0	0	0	0	0	0	0	0.025431	0.0	0.0	0.0	9.8e-5	0.0	0.0	0.0	0.0	0.996175	0.0	0.0	0.0	0.003825	0.0	0.0	0.0	0.0	
1728	5373191	4611.315836486	3940.3778888888887	3940.389	0.01435	0.0	5373031	0	0	0	156	0	0	0	0	0.0	0.0	0.0	0.0	0.032621	0.0	0.0	0.0	0.0	1589.98	0.0	0.0	0.0	2998.41	0.0	0.0	0.0	0.0	0.000296	0.0	0.0	0.0	19.2206	0.0	0.0	0.0	0.0	546	0	0	0	50	0	0	0	0	447427	0	0	0	39	0	0	0	0	3327698	0	0	0	59	0	0	0	0	624796	0	0	0	8	0	0	0	0	116237	0	0	0	0	0	0	0	0	856327	0	0	0	0	0	0	0	0	0.02756	0.0	0.0	0.0	8.8e-5	0.0	0.0	0.0	0.0	0.996806	0.0	0.0	0.0	0.003194	0.0	0.0	0.0	0.0	
1729	5374057	4616.024913597	3940.3778888888887	3940.389	0.01401	0.0	5373896	0	0	0	157	0	0	0	0	0.0	0.0	0.0	0.0	0.029359	0.0	0.0	0.0	0.0	1590.19	0.0	0.0	0.0	3002.91	0.0	0.0	0.0	0.0	0.000296	0.0	0.0	0.0	19.1268	0.0	0.0	0.0	0.0	546	0	0	0	50	0	0	0	0	447429	0	0	0	39	0	0	0	0	3327887	0	0	0	60	0	0	0	0	624984	0	0	0	8	0	0	0	0	116246	0	0	0	0	0	0	0	0	856804	0	0	0	0	0	0	0	0	0.033183	0.0	0.0	0.0	8.0e-5	0.0	0.0	0.0	0.0	0.997587	0.0	0.0	0.0	0.002413	0.0	0.0	0.0	0.0	
1730	5374539	4628.001364945	3940.3778888888887	3940.3778888888887	0.013886	0.0	5374377	0	0	0	158	0	0	0	0	0.0	0.0	0.0	0.0	0.026423	0.0	0.0	0.0	0.0	1590.31	0.0	0.0	0.0	3014.77	0.0	0.0	0.0	0.0	0.000296	0.0	0.0	0.0	19.0808	0.0	0.0	0.0	0.0	546	0	0	0	50	0	0	0	0	447431	0	0	0	39	0	0	0	0	3327980	0	0	0	60	0	0	0	0	625102	0	0	0	9	0	0	0	0	116251	0	0	0	0	0	0	0	0	857067	0	0	0	0	0	0	0	0	0.011379	0.0	0.0	0.0	7.3e-5	0.0	0.0	0.0	0.0	0.993662	0.0	0.0	0.0	0.006338	0.0	0.0	0.0	0.0	
1731	5374654	4644.625585518	3940.3778888888887	3940.3778888888887	0.013572	0.0	5374491	0	0	0	159	0	0	0	0	0.0	0.0	0.0	0.0	0.023781	0.0	0.0	0.0	0.0	1590.34	0.0	0.0	0.0	3031.37	0.0	0.0	0.0	0.0	0.000296	0.0	0.0	0.0	19.0652	0.0	0.0	0.0	0.0	546	0	0	0	50	0	0	0	0	447431	0	0	0	39	0	0	0	0	3328002	0	0	0	60	0	0	0	0	625125	0	0	0	10	0	0	0	0	116253	0	0	0	0	0	0	0	0	857134	0	0	0	0	0	0	0	0	0.026261	0.0	0.0	0.0	6.5e-5	0.0	0.0	0.0	0.0	0.997515	0.0	0.0	0.0	0.002485	0.0	0.0	0.0	0.0	
1732	5374782	4660.805289296	3940.3778888888887	3940.389	0.013144	0.0	5374618	0	0	0	160	0	0	0	0	0.0	0.0	0.0	0.0	0.021403	0.0	0.0	0.0	0.0	1590.38	0.0	0.0	0.0	3047.51	0.0	0.0	0.0	0.0	0.000296	0.0	0.0	0.0	19.0469	0.0	0.0	0.0	0.0	546	0	0	0	50	0	0	0	0	447431	0	0	0	39	0	0	0	0	3328038	0	0	0	61	0	0	0	0	625150	0	0	0	10	0	0	0	0	116254	0	0	0	0	0	0	0	0	857199	0	0	0	0	0	0	0	0	0.020822	0.0	0.0	0.0	5.9e-5	0.0	0.0	0.0	0.0	0.997175	0.0	0.0	0.0	0.002825	0.0	0.0	0.0	0.0	
1733	5375228	4665.895939869	3940.3778888888887	3940.3778888888887	0.01274	0.0	5375063	0	0	0	161	0	0	0	0	0.0	0.0	0.0	0.0	0.019262	0.0	0.0	0.0	0.0	1590.49	0.0	0.0	0.0	3052.48	0.0	0.0	0.0	0.0	0.000296	0.0	0.0	0.0	18.9595	0.0	0.0	0.0	0.0	546	0	0	0	50	0	0	0	0	447433	0	0	0	39	0	0	0	0	3328139	0	0	0	61	0	0	0	0	625237	0	0	0	11	0	0	0	0	116257	0	0	0	0	0	0	0	0	857451	0	0	0	0	0	0	0	0	0.020102	0.0	0.0	0.0	5.4e-5	0.0	0.0	0.0	0.0	0.997341	0.0	0.0	0.0	0.002659	0.0	0.0	0.0	0.0	
1734	5377067	4760.591253685	3940.3778888888887	3940.389	0.012608	0.0	5376901	0	0	0	162	0	0	0	0	0.0	0.0	0.0	0.0	0.017336	0.0	0.0	0.0	0.0	1590.9	0.0	0.0	0.0	3146.77	0.0	0.0	0.0	0.0	0.000296	0.0	0.0	0.0	19.4245	0.0	0.0	0.0	0.0	546	0	0	0	50	0	0	0	0	447433	0	0	0	39	0	0	0	0	3328569	0	0	0	62	0	0	0	0	625646	0	0	0	11	0	0	0	0	116274	0	0	0	0	0	0	0	0	858433	0	0	0	0	0	0	0	0	0.030961	0.0	0.0	0.0	4.6e-5	0.0	0.0	0.0	0.0	0.998518	0.0	0.0	0.0	0.001482	0.0	0.0	0.0	0.0	
1735	5378095	4765.809658463	3940.3778888888887	3940.3778888888887	0.010512	0.0	5377928	0	0	0	163	0	0	0	0	0.0	0.0	0.0	0.0	0.015602	0.0	0.0	0.0	0.0	1591.14	0.0	0.0	0.0	3151.74	0.0	0.0	0.0	0.0	0.000296	0.0	0.0	0.0	19.3359	0.0	0.0	0.0	0.0	546	0	0	0	50	0	0	0	0	447435	0	0	0	39	0	0	0	0	3328819	0	0	0	62	0	0	0	0	625864	0	0	0	12	0	0	0	0	116288	0	0	0	0	0	0	0	0	858976	0	0	0	0	0	0	0	0	0.039669	0.0	0.0	0.0	4.2e-5	0.0	0.0	0.0	0.0	0.998949	0.0	0.0	0.0	0.001051	0.0	0.0	0.0	0.0	
1736	5378099	4774.895258835	3940.3778888888887	3940.3778888888887	0.010411	0.0	5377931	0	0	0	164	0	0	0	0	0.0	0.0	0.0	0.0	0.014042	0.0	0.0	0.0	0.0	1591.14	0.0	0.0	0.0	3160.83	0.0	0.0	0.0	0.0	0.000296	0.0	0.0	0.0	19.2733	0.0	0.0	0.0	0.0	546	0	0	0	50	0	0	0	0	447435	0	0	0	39	0	0	0	0	3328820	0	0	0	62	0	0	0	0	625865	0	0	0	13	0	0	0	0	116288	0	0	0	0	0	0	0	0	858977	0	0	0	0	0	0	0	0	0.039724	0.0	0.0	0.0	3.8e-5	0.0	0.0	0.0	0.0	0.999049	0.0	0.0	0.0	0.000951	0.0	0.0	0.0	0.0	
1737	5379500	4784.252293822	3940.3778888888887	3940.3778888888887	0.010224	0.0	5379331	0	0	0	165	0	0	0	0	0.0	0.0	0.0	0.0	0.012638	0.0	0.0	0.0	0.0	1591.5	0.0	0.0	0.0	3169.83	0.0	0.0	0.0	0.0	0.000296	0.0	0.0	0.0	19.2111	0.0	0.0	0.0	0.0	546	0	0	0	50	0	0	0	0	447435	0	0	0	39	0	0	0	0	3329181	0	0	0	62	0	0	0	0	626187	0	0	0	14	0	0	0	0	116308	0	0	0	0	0	0	0	0	859674	0	0	0	0	0	0	0	0	0.02551	0.0	0.0	0.0	3.4e-5	0.0	0.0	0.0	0.0	0.998659	0.0	0.0	0.0	0.001341	0.0	0.0	0.0	0.0	
1738	5379991	4789.249248001	3940.3778888888887	3940.3778888888887	0.010046	0.0	5379821	0	0	0	166	0	0	0	0	0.0	0.0	0.0	0.0	0.011374	0.0	0.0	0.0	0.0	1591.62	0.0	0.0	0.0	3174.71	0.0	0.0	0.0	0.0	0.000296	0.0	0.0	0.0	19.1247	0.0	0.0	0.0	0.0	546	0	0	0	50	0	0	0	0	447435	0	0	0	39	0	0	0	0	3329299	0	0	0	62	0	0	0	0	626288	0	0	0	15	0	0	0	0	116319	0	0	0	0	0	0	0	0	859934	0	0	0	0	0	0	0	0	0.027974	0.0	0.0	0.0	3.1e-5	0.0	0.0	0.0	0.0	0.99889	0.0	0.0	0.0	0.00111	0.0	0.0	0.0	0.0	
1739	5380528	4792.453207669	3940.3778888888887	3940.389	0.00995	0.0	5380357	0	0	0	167	0	0	0	0	0.0	0.0	0.0	0.0	0.010237	0.0	0.0	0.0	0.0	1591.75	0.0	0.0	0.0	3177.78	0.0	0.0	0.0	0.0	0.000296	0.0	0.0	0.0	19.0286	0.0	0.0	0.0	0.0	546	0	0	0	50	0	0	0	0	447435	0	0	0	39	0	0	0	0	3329440	0	0	0	63	0	0	0	0	626413	0	0	0	15	0	0	0	0	116326	0	0	0	0	0	0	0	0	860197	0	0	0	0	0	0	0	0	0.024436	0.0	0.0	0.0	2.8e-5	0.0	0.0	0.0	0.0	0.998844	0.0	0.0	0.0	0.001156	0.0	0.0	0.0	0.0	
1740	5381329	4805.22074546	3940.3778888888887	3940.3778888888887	0.009888	0.0	5381157	0	0	0	168	0	0	0	0	0.0	0.0	0.0	0.0	0.009213	0.0	0.0	0.0	0.0	1591.93	0.0	0.0	0.0	3190.36	0.0	0.0	0.0	0.0	0.000296	0.0	0.0	0.0	18.9902	0.0	0.0	0.0	0.0	546	0	0	0	50	0	0	0	0	447437	0	0	0	39	0	0	0	0	3329638	0	0	0	63	0	0	0	0	626586	0	0	0	16	0	0	0	0	116341	0	0	0	0	0	0	0	0	860609	0	0	0	0	0	0	0	0	0.024784	0.0	0.0	0.0	2.6e-5	0.0	0.0	0.0	0.0	0.99897	0.0	0.0	0.0	0.00103	0.0	0.0	0.0	0.0	
1741	5385323	4813.238836256	3940.3778888888887	3940.3778888888887	0.009634	0.0	5385150	0	0	0	169	0	0	0	0	0.0	0.0	0.0	0.0	0.008292	0.0	0.0	0.0	0.0	1592.85	0.0	0.0	0.0	3197.47	0.0	0.0	0.0	0.0	0.000296	0.0	0.0	0.0	18.9199	0.0	0.0	0.0	0.0	546	0	0	0	50	0	0	0	0	447437	0	0	0	39	0	0	0	0	3330684	0	0	0	63	0	0	0	0	627487	0	0	0	17	0	0	0	0	116400	0	0	0	0	0	0	0	0	862596	0	0	0	0	0	0	0	0	0.023145	0.0	0.0	0.0	2.3e-5	0.0	0.0	0.0	0.0	0.999	0.0	0.0	0.0	0.001	0.0	0.0	0.0	0.0	
1742	5385366	4818.920778216	3940.3778888888887	3940.3778888888887	0.009503	0.0	5385192	0	0	0	170	0	0	0	0	0.0	0.0	0.0	0.0	0.007463	0.0	0.0	0.0	0.0	1592.85	0.0	0.0	0.0	3203.14	0.0	0.0	0.0	0.0	0.000296	0.0	0.0	0.0	18.842	0.0	0.0	0.0	0.0	546	0	0	0	50	0	0	0	0	447437	0	0	0	39	0	0	0	0	3330691	0	0	0	63	0	0	0	0	627494	0	0	0	18	0	0	0	0	116401	0	0	0	0	0	0	0	0	862623	0	0	0	0	0	0	0	0	0.020275	0.0	0.0	0.0	2.1e-5	0.0	0.0	0.0	0.0	0.998964	0.0	0.0	0.0	0.001036	0.0	0.0	0.0	0.0	
1743	5387303	4822.304629906	3940.3778888888887	3940.3778888888887	0.009392	0.0	5387128	0	0	0	171	0	0	0	0	0.0	0.0	0.0	0.0	0.006716	0.0	0.0	0.0	0.0	1593.32	0.0	0.0	0.0	3206.06	0.0	0.0	0.0	0.0	0.000296	0.0	0.0	0.0	18.7489	0.0	0.0	0.0	0.0	546	0	0	0	50	0	0	0	0	447437	0	0	0	39	0	0	0	0	3331170	0	0	0	63	0	0	0	0	627905	0	0	0	19	0	0	0	0	116428	0	0	0	0	0	0	0	0	863642	0	0	0	0	0	0	0	0	0.018458	0.0	0.0	0.0	1.9e-5	0.0	0.0	0.0	0.0	0.998966	0.0	0.0	0.0	0.001034	0.0	0.0	0.0	0.0	
1744	5389850	4830.965370249	3940.3778888888887	3940.3778888888887	0.009328	0.0	5389674	0	0	0	172	0	0	0	0	0.0	0.0	0.0	0.0	0.006045	0.0	0.0	0.0	0.0	1593.93	0.0	0.0	0.0	3214.11	0.0	0.0	0.0	0.0	0.000296	0.0	0.0	0.0	18.6867	0.0	0.0	0.0	0.0	546	0	0	0	50	0	0	0	0	447437	0	0	0	39	0	0	0	0	3331851	0	0	0	63	0	0	0	0	628430	0	0	0	20	0	0	0	0	116466	0	0	0	0	0	0	0	0	864944	0	0	0	0	0	0	0	0	0.031482	0.0	0.0	0.0	1.7e-5	0.0	0.0	0.0	0.0	0.99945	0.0	0.0	0.0	0.00055	0.0	0.0	0.0	0.0	
1745	5391314	4839.088448798	3940.3778888888887	3940.3778888888887	0.009179	0.0	5391137	0	0	0	173	0	0	0	0	0.0	0.0	0.0	0.0	0.00544	0.0	0.0	0.0	0.0	1594.27	0.0	0.0	0.0	3221.89	0.0	0.0	0.0	0.0	0.000296	0.0	0.0	0.0	18.6236	0.0	0.0	0.0	0.0	546	0	0	0	50	0	0	0	0	447437	0	0	0	39	0	0	0	0	3332244	0	0	0	63	0	0	0	0	628726	0	0	0	21	0	0	0	0	116488	0	0	0	0	0	0	0	0	865696	0	0	0	0	0	0	0	0	0.023614	0.0	0.0	0.0	1.6e-5	0.0	0.0	0.0	0.0	0.999336	0.0	0.0	0.0	0.000664	0.0	0.0	0.0	0.0	
1746	5393793	4842.825241658	3940.3778888888887	3940.3778888888887	0.009032	0.0	5393615	0	0	0	174	0	0	0	0	0.0	0.0	0.0	0.0	0.004896	0.0	0.0	0.0	0.0	1594.88	0.0	0.0	0.0	3225.01	0.0	0.0	0.0	0.0	0.000296	0.0	0.0	0.0	18.5346	0.0	0.0	0.0	0.0	546	0	0	0	50	0	0	0	0	447437	0	0	0	39	0	0	0	0	3332948	0	0	0	63	0	0	0	0	629261	0	0	0	22	0	0	0	0	116534	0	0	0	0	0	0	0	0	866889	0	0	0	0	0	0	0	0	0.02949	0.0	0.0	0.0	1.4e-5	0.0	0.0	0.0	0.0	0.999517	0.0	0.0	0.0	0.000483	0.0	0.0	0.0	0.0	
1747	5395215	4852.115431142	3940.3778888888887	3940.3778888888887	0.008971	0.0	5395036	0	0	0	175	0	0	0	0	0.0	0.0	0.0	0.0	0.004407	0.0	0.0	0.0	0.0	1595.22	0.0	0.0	0.0	3233.96	0.0	0.0	0.0	0.0	0.000296	0.0	0.0	0.0	18.4798	0.0	0.0	0.0	0.0	546	0	0	0	50	0	0	0	0	447437	0	0	0	39	0	0	0	0	3333338	0	0	0	63	0	0	0	0	629585	0	0	0	23	0	0	0	0	116559	0	0	0	0	0	0	0	0	867571	0	0	0	0	0	0	0	0	0.032795	0.0	0.0	0.0	1.3e-5	0.0	0.0	0.0	0.0	0.999607	0.0	0.0	0.0	0.000393	0.0	0.0	0.0	0.0	
1748	5398417	4858.035330135	3940.3778888888887	3940.389	0.008805	0.0	5398237	0	0	0	176	0	0	0	0	0.0	0.0	0.0	0.0	0.003966	0.0	0.0	0.0	0.0	1596.01	0.0	0.0	0.0	3239.09	0.0	0.0	0.0	0.0	0.000296	0.0	0.0	0.0	18.4039	0.0	0.0	0.0	0.0	546	0	0	0	50	0	0	0	0	447437	0	0	0	39	0	0	0	0	3334195	0	0	0	64	0	0	0	0	630346	0	0	0	23	0	0	0	0	116608	0	0	0	0	0	0	0	0	869105	0	0	0	0	0	0	0	0	0.018688	0.0	0.0	0.0	1.2e-5	0.0	0.0	0.0	0.0	0.999374	0.0	0.0	0.0	0.000626	0.0	0.0	0.0	0.0	
1749	5402466	4869.581010126	3940.3778888888887	3940.389	0.008703	0.0	5402285	0	0	0	177	0	0	0	0	0.0	0.0	0.0	0.0	0.003569	0.0	0.0	0.0	0.0	1596.96	0.0	0.0	0.0	3249.69	0.0	0.0	0.0	0.0	0.000296	0.0	0.0	0.0	18.3598	0.0	0.0	0.0	0.0	546	0	0	0	50	0	0	0	0	447439	0	0	0	39	0	0	0	0	3335352	0	0	0	65	0	0	0	0	631279	0	0	0	23	0	0	0	0	116661	0	0	0	0	0	0	0	0	871008	0	0	0	0	0	0	0	0	0.03166	0.0	0.0	0.0	1.1e-5	0.0	0.0	0.0	0.0	0.999666	0.0	0.0	0.0	0.000334	0.0	0.0	0.0	0.0	
1750	5406689	4870.581137361	3940.3778888888887	3940.3778888888887	0.008511	0.0	5406508	0	0	0	177	0	0	0	0	0.0	0.0	0.0	0.0	0.003569	0.0	0.0	0.0	0.0	1597.96	0.0	0.0	0.0	3249.69	0.0	0.0	0.0	0.0	0.000296	0.0	0.0	0.0	18.3598	0.0	0.0	0.0	0.0	546	0	0	0	50	0	0	0	0	447441	0	0	0	39	0	0	0	0	3336592	0	0	0	65	0	0	0	0	632291	0	0	0	23	0	0	0	0	116730	0	0	0	0	0	0	0	0	872908	0	0	0	0	0	0	0	0	0.025143	0.0	0.0	0.0	1.1e-5	0.0	0.0	0.0	0.0	0.999579	0.0	0.0	0.0	0.000421	0.0	0.0	0.0	0.0	
1751	5408807	4876.106101915	3940.3778888888887	3940.3778888888887	0.008502	0.0	5408625	0	0	0	178	0	0	0	0	0.0	0.0	0.0	0.0	0.003212	0.0	0.0	0.0	0.0	1598.46	0.0	0.0	0.0	3254.71	0.0	0.0	0.0	0.0	0.000296	0.0	0.0	0.0	18.2849	0.0	0.0	0.0	0.0	546	0	0	0	50	0	0	0	0	447441	0	0	0	39	0	0	0	0	3337252	0	0	0	65	0	0	0	0	632793	0	0	0	24	0	0	0	0	116765	0	0	0	0	0	0	0	0	873828	0	0	0	0	0	0	0	0	0.034797	0.0	0.0	0.0	1.0e-5	0.0	0.0	0.0	0.0	0.999724	0.0	0.0	0.0	0.000276	0.0	0.0	0.0	0.0	
1752	5409801	4884.53369002	3940.3778888888887	3940.389	0.008417	0.0	5409618	0	0	0	179	0	0	0	0	0.0	0.0	0.0	0.0	0.002891	0.0	0.0	0.0	0.0	1598.7	0.0	0.0	0.0	3262.9	0.0	0.0	0.0	0.0	0.000296	0.0	0.0	0.0	18.2285	0.0	0.0	0.0	0.0	546	0	0	0	50	0	0	0	0	447441	0	0	0	39	0	0	0	0	3337561	0	0	0	66	0	0	0	0	633009	0	0	0	24	0	0	0	0	116777	0	0	0	0	0	0	0	0	874284	0	0	0	0	0	0	0	0	0.048304	0.0	0.0	0.0	9.0e-6	0.0	0.0	0.0	0.0	0.99982	0.0	0.0	0.0	0.00018	0.0	0.0	0.0	0.0	
1753	5413188	4892.75197826	3940.3778888888887	3940.389	0.008272	0.0	5413004	0	0	0	180	0	0	0	0	0.0	0.0	0.0	0.0	0.002602	0.0	0.0	0.0	0.0	1599.51	0.0	0.0	0.0	3270.31	0.0	0.0	0.0	0.0	0.000295	0.0	0.0	0.0	18.1684	0.0	0.0	0.0	0.0	546	0	0	0	50	0	0	0	0	447443	0	0	0	39	0	0	0	0	3338547	0	0	0	67	0	0	0	0	633786	0	0	0	24	0	0	0	0	116834	0	0	0	0	0	0	0	0	875848	0	0	0	0	0	0	0	0	0.033667	0.0	0.0	0.0	8.0e-6	0.0	0.0	0.0	0.0	0.999766	0.0	0.0	0.0	0.000234	0.0	0.0	0.0	0.0	
1754	5417321	4893.752003286	3940.3778888888887	3940.3778888888887	0.008139	0.0	5417137	0	0	0	180	0	0	0	0	0.0	0.0	0.0	0.0	0.002602	0.0	0.0	0.0	0.0	1600.51	0.0	0.0	0.0	3270.31	0.0	0.0	0.0	0.0	0.000295	0.0	0.0	0.0	18.1684	0.0	0.0	0.0	0.0	546	0	0	0	50	0	0	0	0	447445	0	0	0	39	0	0	0	0	3339739	0	0	0	67	0	0	0	0	634694	0	0	0	24	0	0	0	0	116896	0	0	0	0	0	0	0	0	877817	0	0	0	0	0	0	0	0	0.038714	0.0	0.0	0.0	8.0e-6	0.0	0.0	0.0	0.0	0.999796	0.0	0.0	0.0	0.000204	0.0	0.0	0.0	0.0	
1755	5419953	4907.138603181	3940.3778888888887	3940.3778888888887	0.00813	0.0	5419768	0	0	0	181	0	0	0	0	0.0	0.0	0.0	0.0	0.002342	0.0	0.0	0.0	0.0	1601.13	0.0	0.0	0.0	3283.07	0.0	0.0	0.0	0.0	0.000295	0.0	0.0	0.0	18.1385	0.0	0.0	0.0	0.0	546	0	0	0	50	0	0	0	0	447445	0	0	0	39	0	0	0	0	3340501	0	0	0	67	0	0	0	0	635256	0	0	0	25	0	0	0	0	116940	0	0	0	0	0	0	0	0	879080	0	0	0	0	0	0	0	0	0.026489	0.0	0.0	0.0	7.0e-6	0.0	0.0	0.0	0.0	0.999731	0.0	0.0	0.0	0.000269	0.0	0.0	0.0	0.0	
1756	5423421	4910.861092045	3940.3778888888887	3940.3778888888887	0.00792	0.0	5423235	0	0	0	182	0	0	0	0	0.0	0.0	0.0	0.0	0.002108	0.0	0.0	0.0	0.0	1601.94	0.0	0.0	0.0	3285.98	0.0	0.0	0.0	0.0	0.000295	0.0	0.0	0.0	18.0548	0.0	0.0	0.0	0.0	546	0	0	0	50	0	0	0	0	447445	0	0	0	39	0	0	0	0	3341566	0	0	0	67	0	0	0	0	635970	0	0	0	26	0	0	0	0	116983	0	0	0	0	0	0	0	0	880725	0	0	0	0	0	0	0	0	0.050228	0.0	0.0	0.0	6.0e-6	0.0	0.0	0.0	0.0	0.999871	0.0	0.0	0.0	0.000129	0.0	0.0	0.0	0.0	
1757	5427465	4911.861215948	3940.3778888888887	3940.3778888888887	0.007861	0.0	5427279	0	0	0	182	0	0	0	0	0.0	0.0	0.0	0.0	0.002108	0.0	0.0	0.0	0.0	1602.94	0.0	0.0	0.0	3285.98	0.0	0.0	0.0	0.0	0.000295	0.0	0.0	0.0	18.0548	0.0	0.0	0.0	0.0	546	0	0	0	50	0	0	0	0	447445	0	0	0	39	0	0	0	0	3342730	0	0	0	67	0	0	0	0	636884	0	0	0	26	0	0	0	0	117043	0	0	0	0	0	0	0	0	882631	0	0	0	0	0	0	0	0	0.017461	0.0	0.0	0.0	6.0e-6	0.0	0.0	0.0	0.0	0.99963	0.0	0.0	0.0	0.00037	0.0	0.0	0.0	0.0	
1758	5431472	4912.861300392	3940.3778888888887	3940.3778888888887	0.007846	0.0	5431286	0	0	0	182	0	0	0	0	0.0	0.0	0.0	0.0	0.002108	0.0	0.0	0.0	0.0	1603.94	0.0	0.0	0.0	3285.98	0.0	0.0	0.0	0.0	0.000295	0.0	0.0	0.0	18.0548	0.0	0.0	0.0	0.0	546	0	0	0	50	0	0	0	0	447445	0	0	0	39	0	0	0	0	3343976	0	0	0	67	0	0	0	0	637754	0	0	0	26	0	0	0	0	117090	0	0	0	0	0	0	0	0	884475	0	0	0	0	0	0	0	0	0.032165	0.0	0.0	0.0	6.0e-6	0.0	0.0	0.0	0.0	0.999799	0.0	0.0	0.0	0.000201	0.0	0.0	0.0	0.0	
1759	5434241	4917.604200291	3940.3778888888887	3940.3778888888887	0.007835	0.0	5434054	0	0	0	183	0	0	0	0	0.0	0.0	0.0	0.0	0.001897	0.0	0.0	0.0	0.0	1604.63	0.0	0.0	0.0	3290.02	0.0	0.0	0.0	0.0	0.000295	0.0	0.0	0.0	17.9783	0.0	0.0	0.0	0.0	546	0	0	0	50	0	0	0	0	447445	0	0	0	39	0	0	0	0	3344797	0	0	0	67	0	0	0	0	638368	0	0	0	27	0	0	0	0	117140	0	0	0	0	0	0	0	0	885758	0	0	0	0	0	0	0	0	0.043336	0.0	0.0	0.0	6.0e-6	0.0	0.0	0.0	0.0	0.999865	0.0	0.0	0.0	0.000135	0.0	0.0	0.0	0.0	
1760	5437149	4922.86055457	3940.3778888888887	3940.389	0.007764	0.0	5436961	0	0	0	184	0	0	0	0	0.0	0.0	0.0	0.0	0.001707	0.0	0.0	0.0	0.0	1605.35	0.0	0.0	0.0	3294.56	0.0	0.0	0.0	0.0	0.000295	0.0	0.0	0.0	17.9052	0.0	0.0	0.0	0.0	546	0	0	0	50	0	0	0	0	447445	0	0	0	39	0	0	0	0	3345699	0	0	0	68	0	0	0	0	639002	0	0	0	27	0	0	0	0	117184	0	0	0	0	0	0	0	0	887085	0	0	0	0	0	0	0	0	0.030654	0.0	0.0	0.0	5.0e-6	0.0	0.0	0.0	0.0	0.999826	0.0	0.0	0.0	0.000174	0.0	0.0	0.0	0.0	
1761	5437501	5103.108068113	3940.371222222222	3940.3778888888887	0.007695	0.0	5437312	0	0	0	185	0	0	0	0	0.0	0.0	0.0	0.0	0.001536	0.0	0.0	0.0	0.0	1605.45	0.0	0.0	0.0	3474.71	0.0	0.0	0.0	0.0	0.000295	0.0	0.0	0.0	18.7822	0.0	0.0	0.0	0.0	547	0	0	0	50	0	0	0	0	447445	0	0	0	39	0	0	0	0	3345793	0	0	0	68	0	0	0	0	639084	0	0	0	28	0	0	0	0	117191	0	0	0	0	0	0	0	0	887252	0	0	0	0	0	0	0	0	0.043208	0.0	0.0	0.0	4.0e-6	0.0	0.0	0.0	0.0	0.999899	0.0	0.0	0.0	0.000101	0.0	0.0	0.0	0.0	
1762	5441525	5104.110618167	3940.371222222222	3940.3778888888887	0.00543	0.0	5441336	0	0	0	185	0	0	0	0	0.0	0.0	0.0	0.0	0.001536	0.0	0.0	0.0	0.0	1606.45	0.0	0.0	0.0	3474.71	0.0	0.0	0.0	0.0	0.000295	0.0	0.0	0.0	18.7822	0.0	0.0	0.0	0.0	547	0	0	0	50	0	0	0	0	447445	0	0	0	39	0	0	0	0	3346961	0	0	0	68	0	0	0	0	640015	0	0	0	28	0	0	0	0	117249	0	0	0	0	0	0	0	0	889119	0	0	0	0	0	0	0	0	0.035114	0.0	0.0	0.0	4.0e-6	0.0	0.0	0.0	0.0	0.999876	0.0	0.0	0.0	0.000124	0.0	0.0	0.0	0.0	
1763	5445600	5105.110681142	3940.371222222222	3940.3778888888887	0.00542	0.0	5445411	0	0	0	185	0	0	0	0	0.0	0.0	0.0	0.0	0.001536	0.0	0.0	0.0	0.0	1607.44	0.0	0.0	0.0	3474.71	0.0	0.0	0.0	0.0	0.000295	0.0	0.0	0.0	18.7822	0.0	0.0	0.0	0.0	547	0	0	0	50	0	0	0	0	447445	0	0	0	39	0	0	0	0	3348275	0	0	0	68	0	0	0	0	640936	0	0	0	28	0	0	0	0	117293	0	0	0	0	0	0	0	0	890915	0	0	0	0	0	0	0	0	0.047099	0.0	0.0	0.0	4.0e-6	0.0	0.0	0.0	0.0	0.999908	0.0	0.0	0.0	9.2e-5	0.0	0.0	0.0	0.0	
1764	5449632	5106.11078997	3940.371222222222	3940.3778888888887	0.005409	0.0	5449443	0	0	0	185	0	0	0	0	0.0	0.0	0.0	0.0	0.001536	0.0	0.0	0.0	0.0	1608.44	0.0	0.0	0.0	3474.71	0.0	0.0	0.0	0.0	0.000295	0.0	0.0	0.0	18.7822	0.0	0.0	0.0	0.0	547	0	0	0	50	0	0	0	0	447445	0	0	0	39	0	0	0	0	3349517	0	0	0	68	0	0	0	0	641827	0	0	0	28	0	0	0	0	117355	0	0	0	0	0	0	0	0	892752	0	0	0	0	0	0	0	0	0.028316	0.0	0.0	0.0	4.0e-6	0.0	0.0	0.0	0.0	0.999846	0.0	0.0	0.0	0.000154	0.0	0.0	0.0	0.0	
1765	5449985	5110.54005494	3940.371222222222	3940.3778888888887	0.005408	0.0	5449795	0	0	0	186	0	0	0	0	0.0	0.0	0.0	0.0	0.001383	0.0	0.0	0.0	0.0	1608.54	0.0	0.0	0.0	3479.05	0.0	0.0	0.0	0.0	0.000295	0.0	0.0	0.0	18.7046	0.0	0.0	0.0	0.0	547	0	0	0	50	0	0	0	0	447445	0	0	0	39	0	0	0	0	3349626	0	0	0	68	0	0	0	0	641907	0	0	0	29	0	0	0	0	117357	0	0	0	0	0	0	0	0	892913	0	0	0	0	0	0	0	0	0.02724	0.0	0.0	0.0	4.0e-6	0.0	0.0	0.0	0.0	0.999855	0.0	0.0	0.0	0.000145	0.0	0.0	0.0	0.0	
1766	5454068	5111.540183237	3940.371222222222	3940.3778888888887	0.005353	0.0	5453878	0	0	0	186	0	0	0	0	0.0	0.0	0.0	0.0	0.001383	0.0	0.0	0.0	0.0	1609.54	0.0	0.0	0.0	3479.05	0.0	0.0	0.0	0.0	0.000295	0.0	0.0	0.0	18.7046	0.0	0.0	0.0	0.0	547	0	0	0	50	0	0	0	0	447445	0	0	0	39	0	0	0	0	3350882	0	0	0	68	0	0	0	0	642855	0	0	0	29	0	0	0	0	117415	0	0	0	0	0	0	0	0	894734	0	0	0	0	0	0	0	0	0.047554	0.0	0.0	0.0	4.0e-6	0.0	0.0	0.0	0.0	0.999917	0.0	0.0	0.0	8.3e-5	0.0	0.0	0.0	0.0	
1767	5454427	5121.744865849	3940.371222222222	3940.3778888888887	0.005352	0.0	5454236	0	0	0	187	0	0	0	0	0.0	0.0	0.0	0.0	0.001245	0.0	0.0	0.0	0.0	1609.63	0.0	0.0	0.0	3489.16	0.0	0.0	0.0	0.0	0.000295	0.0	0.0	0.0	18.6586	0.0	0.0	0.0	0.0	547	0	0	0	50	0	0	0	0	447445	0	0	0	39	0	0	0	0	3350995	0	0	0	68	0	0	0	0	642932	0	0	0	30	0	0	0	0	117423	0	0	0	0	0	0	0	0	894894	0	0	0	0	0	0	0	0	0.025686	0.0	0.0	0.0	4.0e-6	0.0	0.0	0.0	0.0	0.999861	0.0	0.0	0.0	0.000139	0.0	0.0	0.0	0.0	
1768	5458624	5122.745012441	3940.371222222222	3940.3778888888887	0.005239	0.0	5458433	0	0	0	187	0	0	0	0	0.0	0.0	0.0	0.0	0.001245	0.0	0.0	0.0	0.0	1610.62	0.0	0.0	0.0	3489.16	0.0	0.0	0.0	0.0	0.000295	0.0	0.0	0.0	18.6586	0.0	0.0	0.0	0.0	547	0	0	0	50	0	0	0	0	447445	0	0	0	39	0	0	0	0	3352343	0	0	0	68	0	0	0	0	643910	0	0	0	30	0	0	0	0	117481	0	0	0	0	0	0	0	0	896707	0	0	0	0	0	0	0	0	0.033649	0.0	0.0	0.0	4.0e-6	0.0	0.0	0.0	0.0	0.999894	0.0	0.0	0.0	0.000106	0.0	0.0	0.0	0.0	
1769	5462804	5123.745245079	3940.371222222222	3940.3778888888887	0.005229	0.0	5462613	0	0	0	187	0	0	0	0	0.0	0.0	0.0	0.0	0.001245	0.0	0.0	0.0	0.0	1611.62	0.0	0.0	0.0	3489.16	0.0	0.0	0.0	0.0	0.000295	0.0	0.0	0.0	18.6586	0.0	0.0	0.0	0.0	547	0	0	0	50	0	0	0	0	447445	0	0	0	39	0	0	0	0	3353642	0	0	0	68	0	0	0	0	644898	0	0	0	30	0	0	0	0	117533	0	0	0	0	0	0	0	0	898548	0	0	0	0	0	0	0	0	0.030804	0.0	0.0	0.0	4.0e-6	0.0	0.0	0.0	0.0	0.999884	0.0	0.0	0.0	0.000116	0.0	0.0	0.0	0.0	
1770	5464376	5144.952134659	3940.371222222222	3940.3778888888887	0.005225	0.0	5464184	0	0	0	188	0	0	0	0	0.0	0.0	0.0	0.0	0.00112	0.0	0.0	0.0	0.0	1611.99	0.0	0.0	0.0	3510.0	0.0	0.0	0.0	0.0	0.000295	0.0	0.0	0.0	18.6702	0.0	0.0	0.0	0.0	547	0	0	0	50	0	0	0	0	447445	0	0	0	39	0	0	0	0	3354169	0	0	0	68	0	0	0	0	645256	0	0	0	31	0	0	0	0	117557	0	0	0	0	0	0	0	0	899210	0	0	0	0	0	0	0	0	0.033999	0.0	0.0	0.0	3.0e-6	0.0	0.0	0.0	0.0	0.999905	0.0	0.0	0.0	9.5e-5	0.0	0.0	0.0	0.0	
1771	5465664	5149.207683638	3940.371222222222	3940.3778888888887	0.005017	0.0	5465471	0	0	0	189	0	0	0	0	0.0	0.0	0.0	0.0	0.001008	0.0	0.0	0.0	0.0	1612.32	0.0	0.0	0.0	3513.93	0.0	0.0	0.0	0.0	0.000295	0.0	0.0	0.0	18.5922	0.0	0.0	0.0	0.0	547	0	0	0	50	0	0	0	0	447445	0	0	0	39	0	0	0	0	3354608	0	0	0	68	0	0	0	0	645534	0	0	0	32	0	0	0	0	117576	0	0	0	0	0	0	0	0	899761	0	0	0	0	0	0	0	0	0.047584	0.0	0.0	0.0	3.0e-6	0.0	0.0	0.0	0.0	0.999939	0.0	0.0	0.0	6.1e-5	0.0	0.0	0.0	0.0	
1772	5469664	5150.207770757	3940.371222222222	3940.3778888888887	0.004969	0.0	5469471	0	0	0	189	0	0	0	0	0.0	0.0	0.0	0.0	0.001008	0.0	0.0	0.0	0.0	1613.32	0.0	0.0	0.0	3513.93	0.0	0.0	0.0	0.0	0.000295	0.0	0.0	0.0	18.5922	0.0	0.0	0.0	0.0	547	0	0	0	50	0	0	0	0	447445	0	0	0	39	0	0	0	0	3355842	0	0	0	68	0	0	0	0	646446	0	0	0	32	0	0	0	0	117646	0	0	0	0	0	0	0	0	901545	0	0	0	0	0	0	0	0	0.02525	0.0	0.0	0.0	3.0e-6	0.0	0.0	0.0	0.0	0.999885	0.0	0.0	0.0	0.000115	0.0	0.0	0.0	0.0	
1773	5473853	5151.207796376	3940.371222222222	3940.3778888888887	0.00496	0.0	5473660	0	0	0	189	0	0	0	0	0.0	0.0	0.0	0.0	0.001008	0.0	0.0	0.0	0.0	1614.32	0.0	0.0	0.0	3513.93	0.0	0.0	0.0	0.0	0.000295	0.0	0.0	0.0	18.5922	0.0	0.0	0.0	0.0	547	0	0	0	50	0	0	0	0	447445	0	0	0	39	0	0	0	0	3357122	0	0	0	68	0	0	0	0	647336	0	0	0	32	0	0	0	0	117703	0	0	0	0	0	0	0	0	903507	0	0	0	0	0	0	0	0	0.056731	0.0	0.0	0.0	3.0e-6	0.0	0.0	0.0	0.0	0.999949	0.0	0.0	0.0	5.1e-5	0.0	0.0	0.0	0.0	
1774	5478016	5152.207948221	3940.371222222222	3940.3778888888887	0.00495	0.0	5477823	0	0	0	189	0	0	0	0	0.0	0.0	0.0	0.0	0.001008	0.0	0.0	0.0	0.0	1615.32	0.0	0.0	0.0	3513.93	0.0	0.0	0.0	0.0	0.000295	0.0	0.0	0.0	18.5922	0.0	0.0	0.0	0.0	547	0	0	0	50	0	0	0	0	447445	0	0	0	39	0	0	0	0	3358466	0	0	0	68	0	0	0	0	648233	0	0	0	32	0	0	0	0	117774	0	0	0	0	0	0	0	0	905358	0	0	0	0	0	0	0	0	0.034784	0.0	0.0	0.0	3.0e-6	0.0	0.0	0.0	0.0	0.999916	0.0	0.0	0.0	8.4e-5	0.0	0.0	0.0	0.0	
1775	5482104	5170.346600905	3940.371222222222	3940.3778888888887	0.004941	0.0	5481910	0	0	0	190	0	0	0	0	0.0	0.0	0.0	0.0	0.000907	0.0	0.0	0.0	0.0	1616.3	0.0	0.0	0.0	3531.08	0.0	0.0	0.0	0.0	0.000295	0.0	0.0	0.0	18.5846	0.0	0.0	0.0	0.0	547	0	0	0	50	0	0	0	0	447445	0	0	0	39	0	0	0	0	3359800	0	0	0	68	0	0	0	0	649206	0	0	0	33	0	0	0	0	117840	0	0	0	0	0	0	0	0	907072	0	0	0	0	0	0	0	0	0.041994	0.0	0.0	0.0	3.0e-6	0.0	0.0	0.0	0.0	0.999937	0.0	0.0	0.0	6.3e-5	0.0	0.0	0.0	0.0	
1776	5486146	5171.346626027	3940.371222222222	3940.3778888888887	0.004771	0.0	5485952	0	0	0	190	0	0	0	0	0.0	0.0	0.0	0.0	0.000907	0.0	0.0	0.0	0.0	1617.29	0.0	0.0	0.0	3531.08	0.0	0.0	0.0	0.0	0.000295	0.0	0.0	0.0	18.5846	0.0	0.0	0.0	0.0	547	0	0	0	50	0	0	0	0	447445	0	0	0	39	0	0	0	0	3361138	0	0	0	68	0	0	0	0	650132	0	0	0	33	0	0	0	0	117915	0	0	0	0	0	0	0	0	908775	0	0	0	0	0	0	0	0	0.042542	0.0	0.0	0.0	3.0e-6	0.0	0.0	0.0	0.0	0.999938	0.0	0.0	0.0	6.2e-5	0.0	0.0	0.0	0.0	
1777	5490159	5172.346758086	3940.371222222222	3940.3778888888887	0.004762	0.0	5489965	0	0	0	190	0	0	0	0	0.0	0.0	0.0	0.0	0.000907	0.0	0.0	0.0	0.0	1618.29	0.0	0.0	0.0	3531.08	0.0	0.0	0.0	0.0	0.000295	0.0	0.0	0.0	18.5846	0.0	0.0	0.0	0.0	547	0	0	0	50	0	0	0	0	447445	0	0	0	39	0	0	0	0	3362610	0	0	0	68	0	0	0	0	651022	0	0	0	33	0	0	0	0	117969	0	0	0	0	0	0	0	0	910372	0	0	0	0	0	0	0	0	0.048046	0.0	0.0	0.0	3.0e-6	0.0	0.0	0.0	0.0	0.999945	0.0	0.0	0.0	5.5e-5	0.0	0.0	0.0	0.0	
1778	5494287	5173.346794386	3940.371222222222	3940.3778888888887	0.004753	0.0	5494093	0	0	0	190	0	0	0	0	0.0	0.0	0.0	0.0	0.000907	0.0	0.0	0.0	0.0	1619.29	0.0	0.0	0.0	3531.08	0.0	0.0	0.0	0.0	0.000295	0.0	0.0	0.0	18.5846	0.0	0.0	0.0	0.0	547	0	0	0	50	0	0	0	0	447445	0	0	0	39	0	0	0	0	3364054	0	0	0	68	0	0	0	0	651924	0	0	0	33	0	0	0	0	118040	0	0	0	0	0	0	0	0	912083	0	0	0	0	0	0	0	0	0.028114	0.0	0.0	0.0	3.0e-6	0.0	0.0	0.0	0.0	0.999907	0.0	0.0	0.0	9.3e-5	0.0	0.0	0.0	0.0	
1779	5498370	5174.346868813	3940.371222222222	3940.3778888888887	0.004744	0.0	5498176	0	0	0	190	0	0	0	0	0.0	0.0	0.0	0.0	0.000907	0.0	0.0	0.0	0.0	1620.29	0.0	0.0	0.0	3531.08	0.0	0.0	0.0	0.0	0.000295	0.0	0.0	0.0	18.5846	0.0	0.0	0.0	0.0	547	0	0	0	50	0	0	0	0	447445	0	0	0	39	0	0	0	0	3365509	0	0	0	68	0	0	0	0	652851	0	0	0	33	0	0	0	0	118102	0	0	0	0	0	0	0	0	913722	0	0	0	0	0	0	0	0	0.038954	0.0	0.0	0.0	3.0e-6	0.0	0.0	0.0	0.0	0.999933	0.0	0.0	0.0	6.7e-5	0.0	0.0	0.0	0.0	
1780	5502387	5175.34692505	3940.371222222222	3940.3778888888887	0.004735	0.0	5502193	0	0	0	190	0	0	0	0	0.0	0.0	0.0	0.0	0.000907	0.0	0.0	0.0	0.0	1621.29	0.0	0.0	0.0	3531.08	0.0	0.0	0.0	0.0	0.000295	0.0	0.0	0.0	18.5846	0.0	0.0	0.0	0.0	547	0	0	0	50	0	0	0	0	447445	0	0	0	39	0	0	0	0	3366960	0	0	0	68	0	0	0	0	653796	0	0	0	33	0	0	0	0	118181	0	0	0	0	0	0	0	0	915264	0	0	0	0	0	0	0	0	0.042222	0.0	0.0	0.0	3.0e-6	0.0	0.0	0.0	0.0	0.999938	0.0	0.0	0.0	6.2e-5	0.0	0.0	0.0	0.0	
1781	5506417	5176.347126717	3940.371222222222	3940.3778888888887	0.004725	0.0	5506223	0	0	0	190	0	0	0	0	0.0	0.0	0.0	0.0	0.000907	0.0	0.0	0.0	0.0	1622.29	0.0	0.0	0.0	3531.08	0.0	0.0	0.0	0.0	0.000295	0.0	0.0	0.0	18.5846	0.0	0.0	0.0	0.0	547	0	0	0	50	0	0	0	0	447445	0	0	0	39	0	0	0	0	3368421	0	0	0	68	0	0	0	0	654780	0	0	0	33	0	0	0	0	118240	0	0	0	0	0	0	0	0	916790	0	0	0	0	0	0	0	0	0.048051	0.0	0.0	0.0	3.0e-6	0.0	0.0	0.0	0.0	0.999945	0.0	0.0	0.0	5.5e-5	0.0	0.0	0.0	0.0	
1782	5510470	5177.347194628	3940.371222222222	3940.3778888888887	0.004716	0.0	5510276	0	0	0	190	0	0	0	0	0.0	0.0	0.0	0.0	0.000907	0.0	0.0	0.0	0.0	1623.28	0.0	0.0	0.0	3531.08	0.0	0.0	0.0	0.0	0.000295	0.0	0.0	0.0	18.5846	0.0	0.0	0.0	0.0	547	0	0	0	50	0	0	0	0	447445	0	0	0	39	0	0	0	0	3369898	0	0	0	68	0	0	0	0	655678	0	0	0	33	0	0	0	0	118301	0	0	0	0	0	0	0	0	918407	0	0	0	0	0	0	0	0	0.049067	0.0	0.0	0.0	3.0e-6	0.0	0.0	0.0	0.0	0.999946	0.0	0.0	0.0	5.4e-5	0.0	0.0	0.0	0.0	
1783	5514469	5178.347901505	3940.371222222222	3940.3778888888887	0.004707	0.0	5514275	0	0	0	190	0	0	0	0	0.0	0.0	0.0	0.0	0.000907	0.0	0.0	0.0	0.0	1624.28	0.0	0.0	0.0	3531.08	0.0	0.0	0.0	0.0	0.000295	0.0	0.0	0.0	18.5846	0.0	0.0	0.0	0.0	547	0	0	0	50	0	0	0	0	447445	0	0	0	39	0	0	0	0	3371320	0	0	0	68	0	0	0	0	656644	0	0	0	33	0	0	0	0	118356	0	0	0	0	0	0	0	0	919963	0	0	0	0	0	0	0	0	0.031515	0.0	0.0	0.0	3.0e-6	0.0	0.0	0.0	0.0	0.999917	0.0	0.0	0.0	8.3e-5	0.0	0.0	0.0	0.0	
1784	5518492	5179.354434389	3940.371222222222	3940.3778888888887	0.004698	0.0	5518298	0	0	0	190	0	0	0	0	0.0	0.0	0.0	0.0	0.000907	0.0	0.0	0.0	0.0	1625.29	0.0	0.0	0.0	3531.08	0.0	0.0	0.0	0.0	0.000295	0.0	0.0	0.0	18.5846	0.0	0.0	0.0	0.0	547	0	0	0	50	0	0	0	0	447445	0	0	0	39	0	0	0	0	3372833	0	0	0	68	0	0	0	0	657547	0	0	0	33	0	0	0	0	118402	0	0	0	0	0	0	0	0	921524	0	0	0	0	0	0	0	0	0.038414	0.0	0.0	0.0	3.0e-6	0.0	0.0	0.0	0.0	0.999932	0.0	0.0	0.0	6.8e-5	0.0	0.0	0.0	0.0	
1785	5522488	5180.3545824	3940.371222222222	3940.3778888888887	0.004689	0.0	5522294	0	0	0	190	0	0	0	0	0.0	0.0	0.0	0.0	0.000907	0.0	0.0	0.0	0.0	1626.29	0.0	0.0	0.0	3531.08	0.0	0.0	0.0	0.0	0.000294	0.0	0.0	0.0	18.5846	0.0	0.0	0.0	0.0	547	0	0	0	50	0	0	0	0	447445	0	0	0	39	0	0	0	0	3374298	0	0	0	68	0	0	0	0	658440	0	0	0	33	0	0	0	0	118462	0	0	0	0	0	0	0	0	923102	0	0	0	0	0	0	0	0	0.044375	0.0	0.0	0.0	3.0e-6	0.0	0.0	0.0	0.0	0.999941	0.0	0.0	0.0	5.9e-5	0.0	0.0	0.0	0.0	
1786	5526411	5181.354810962	3940.371222222222	3940.3778888888887	0.00468	0.0	5526217	0	0	0	190	0	0	0	0	0.0	0.0	0.0	0.0	0.000907	0.0	0.0	0.0	0.0	1627.29	0.0	0.0	0.0	3531.08	0.0	0.0	0.0	0.0	0.000294	0.0	0.0	0.0	18.5846	0.0	0.0	0.0	0.0	547	0	0	0	50	0	0	0	0	447445	0	0	0	39	0	0	0	0	3375707	0	0	0	68	0	0	0	0	659386	0	0	0	33	0	0	0	0	118529	0	0	0	0	0	0	0	0	924603	0	0	0	0	0	0	0	0	0.054993	0.0	0.0	0.0	3.0e-6	0.0	0.0	0.0	0.0	0.999952	0.0	0.0	0.0	4.8e-5	0.0	0.0	0.0	0.0	
1787	5530341	5182.354999307	3940.371222222222	3940.3778888888887	0.004671	0.0	5530147	0	0	0	190	0	0	0	0	0.0	0.0	0.0	0.0	0.000907	0.0	0.0	0.0	0.0	1628.28	0.0	0.0	0.0	3531.08	0.0	0.0	0.0	0.0	0.000294	0.0	0.0	0.0	18.5846	0.0	0.0	0.0	0.0	547	0	0	0	50	0	0	0	0	447445	0	0	0	39	0	0	0	0	3377090	0	0	0	68	0	0	0	0	660316	0	0	0	33	0	0	0	0	118591	0	0	0	0	0	0	0	0	926158	0	0	0	0	0	0	0	0	0.047732	0.0	0.0	0.0	3.0e-6	0.0	0.0	0.0	0.0	0.999945	0.0	0.0	0.0	5.5e-5	0.0	0.0	0.0	0.0	
1788	5534489	5183.355134301	3940.371222222222	3940.3778888888887	0.004662	0.0	5534295	0	0	0	190	0	0	0	0	0.0	0.0	0.0	0.0	0.000907	0.0	0.0	0.0	0.0	1629.28	0.0	0.0	0.0	3531.08	0.0	0.0	0.0	0.0	0.000294	0.0	0.0	0.0	18.5846	0.0	0.0	0.0	0.0	547	0	0	0	50	0	0	0	0	447445	0	0	0	39	0	0	0	0	3378533	0	0	0	68	0	0	0	0	661311	0	0	0	33	0	0	0	0	118643	0	0	0	0	0	0	0	0	927816	0	0	0	0	0	0	0	0	0.038272	0.0	0.0	0.0	3.0e-6	0.0	0.0	0.0	0.0	0.999931	0.0	0.0	0.0	6.9e-5	0.0	0.0	0.0	0.0	
1789	5535815	5191.863999837	3940.371222222222	3940.3778888888887	0.004659	0.0	5535620	0	0	0	191	0	0	0	0	0.0	0.0	0.0	0.0	0.000817	0.0	0.0	0.0	0.0	1629.61	0.0	0.0	0.0	3539.26	0.0	0.0	0.0	0.0	0.000294	0.0	0.0	0.0	18.5302	0.0	0.0	0.0	0.0	547	0	0	0	50	0	0	0	0	447445	0	0	0	39	0	0	0	0	3379027	0	0	0	68	0	0	0	0	661596	0	0	0	34	0	0	0	0	118656	0	0	0	0	0	0	0	0	928349	0	0	0	0	0	0	0	0	0.046551	0.0	0.0	0.0	2.0e-6	0.0	0.0	0.0	0.0	0.999949	0.0	0.0	0.0	5.1e-5	0.0	0.0	0.0	0.0	
1790	5537793	5200.118527671	3940.371222222222	3940.3778888888887	0.004582	0.0	5537597	0	0	0	192	0	0	0	0	0.0	0.0	0.0	0.0	0.000735	0.0	0.0	0.0	0.0	1630.14	0.0	0.0	0.0	3546.99	0.0	0.0	0.0	0.0	0.000294	0.0	0.0	0.0	18.4739	0.0	0.0	0.0	0.0	547	0	0	0	50	0	0	0	0	447445	0	0	0	39	0	0	0	0	3379736	0	0	0	68	0	0	0	0	662048	0	0	0	35	0	0	0	0	118686	0	0	0	0	0	0	0	0	929135	0	0	0	0	0	0	0	0	0.022195	0.0	0.0	0.0	2.0e-6	0.0	0.0	0.0	0.0	0.999903	0.0	0.0	0.0	9.7e-5	0.0	0.0	0.0	0.0	
1791	5541738	5201.118606967	3940.371222222222	3940.3778888888887	0.004506	0.0	5541542	0	0	0	192	0	0	0	0	0.0	0.0	0.0	0.0	0.000735	0.0	0.0	0.0	0.0	1631.14	0.0	0.0	0.0	3546.99	0.0	0.0	0.0	0.0	0.000294	0.0	0.0	0.0	18.4739	0.0	0.0	0.0	0.0	547	0	0	0	50	0	0	0	0	447445	0	0	0	39	0	0	0	0	3381070	0	0	0	68	0	0	0	0	662960	0	0	0	35	0	0	0	0	118747	0	0	0	0	0	0	0	0	930773	0	0	0	0	0	0	0	0	0.036776	0.0	0.0	0.0	2.0e-6	0.0	0.0	0.0	0.0	0.999941	0.0	0.0	0.0	5.9e-5	0.0	0.0	0.0	0.0	
1792	5545671	5202.118717742	3940.371222222222	3940.3778888888887	0.004497	0.0	5545475	0	0	0	192	0	0	0	0	0.0	0.0	0.0	0.0	0.000735	0.0	0.0	0.0	0.0	1632.14	0.0	0.0	0.0	3546.99	0.0	0.0	0.0	0.0	0.000294	0.0	0.0	0.0	18.4739	0.0	0.0	0.0	0.0	547	0	0	0	50	0	0	0	0	447445	0	0	0	39	0	0	0	0	3382418	0	0	0	68	0	0	0	0	663862	0	0	0	35	0	0	0	0	118806	0	0	0	0	0	0	0	0	932397	0	0	0	0	0	0	0	0	0.057311	0.0	0.0	0.0	2.0e-6	0.0	0.0	0.0	0.0	0.999962	0.0	0.0	0.0	3.8e-5	0.0	0.0	0.0	0.0	
1793	5549539	5203.118825774	3940.371222222222	3940.3778888888887	0.004488	0.0	5549343	0	0	0	192	0	0	0	0	0.0	0.0	0.0	0.0	0.000735	0.0	0.0	0.0	0.0	1633.13	0.0	0.0	0.0	3546.99	0.0	0.0	0.0	0.0	0.000294	0.0	0.0	0.0	18.4739	0.0	0.0	0.0	0.0	547	0	0	0	50	0	0	0	0	447445	0	0	0	39	0	0	0	0	3383737	0	0	0	68	0	0	0	0	664805	0	0	0	35	0	0	0	0	118856	0	0	0	0	0	0	0	0	933953	0	0	0	0	0	0	0	0	0.046129	0.0	0.0	0.0	2.0e-6	0.0	0.0	0.0	0.0	0.999953	0.0	0.0	0.0	4.7e-5	0.0	0.0	0.0	0.0	
1794	5553441	5204.118915778	3940.371222222222	3940.3778888888887	0.00448	0.0	5553245	0	0	0	192	0	0	0	0	0.0	0.0	0.0	0.0	0.000735	0.0	0.0	0.0	0.0	1634.13	0.0	0.0	0.0	3546.99	0.0	0.0	0.0	0.0	0.000294	0.0	0.0	0.0	18.4739	0.0	0.0	0.0	0.0	547	0	0	0	50	0	0	0	0	447445	0	0	0	39	0	0	0	0	3385143	0	0	0	68	0	0	0	0	665736	0	0	0	35	0	0	0	0	118910	0	0	0	0	0	0	0	0	935464	0	0	0	0	0	0	0	0	0.034614	0.0	0.0	0.0	2.0e-6	0.0	0.0	0.0	0.0	0.999938	0.0	0.0	0.0	6.2e-5	0.0	0.0	0.0	0.0	
1795	5557236	5205.118927861	3940.371222222222	3940.3778888888887	0.004471	0.0	5557040	0	0	0	192	0	0	0	0	0.0	0.0	0.0	0.0	0.000735	0.0	0.0	0.0	0.0	1635.13	0.0	0.0	0.0	3546.99	0.0	0.0	0.0	0.0	0.000294	0.0	0.0	0.0	18.4739	0.0	0.0	0.0	0.0	547	0	0	0	50	0	0	0	0	447445	0	0	0	39	0	0	0	0	3386504	0	0	0	68	0	0	0	0	666627	0	0	0	35	0	0	0	0	118978	0	0	0	0	0	0	0	0	936939	0	0	0	0	0	0	0	0	0.032363	0.0	0.0	0.0	2.0e-6	0.0	0.0	0.0	0.0	0.999933	0.0	0.0	0.0	6.7e-5	0.0	0.0	0.0	0.0	
1796	5561171	5206.118962116	3940.371222222222	3940.3778888888887	0.004462	0.0	5560975	0	0	0	192	0	0	0	0	0.0	0.0	0.0	0.0	0.000735	0.0	0.0	0.0	0.0	1636.13	0.0	0.0	0.0	3546.99	0.0	0.0	0.0	0.0	0.000294	0.0	0.0	0.0	18.4739	0.0	0.0	0.0	0.0	547	0	0	0	50	0	0	0	0	447445	0	0	0	39	0	0	0	0	3387923	0	0	0	68	0	0	0	0	667596	0	0	0	35	0	0	0	0	119035	0	0	0	0	0	0	0	0	938429	0	0	0	0	0	0	0	0	0.052632	0.0	0.0	0.0	2.0e-6	0.0	0.0	0.0	0.0	0.999959	0.0	0.0	0.0	4.1e-5	0.0	0.0	0.0	0.0	
1797	5564994	5207.119156016	3940.371222222222	3940.3778888888887	0.004454	0.0	5564798	0	0	0	192	0	0	0	0	0.0	0.0	0.0	0.0	0.000735	0.0	0.0	0.0	0.0	1637.13	0.0	0.0	0.0	3546.99	0.0	0.0	0.0	0.0	0.000294	0.0	0.0	0.0	18.4739	0.0	0.0	0.0	0.0	547	0	0	0	50	0	0	0	0	447445	0	0	0	39	0	0	0	0	3389393	0	0	0	68	0	0	0	0	668531	0	0	0	35	0	0	0	0	119080	0	0	0	0	0	0	0	0	939802	0	0	0	0	0	0	0	0	0.048867	0.0	0.0	0.0	2.0e-6	0.0	0.0	0.0	0.0	0.999956	0.0	0.0	0.0	4.4e-5	0.0	0.0	0.0	0.0	
1798	5568911	5208.119216479	3940.371222222222	3940.3778888888887	0.004445	0.0	5568715	0	0	0	192	0	0	0	0	0.0	0.0	0.0	0.0	0.000735	0.0	0.0	0.0	0.0	1638.13	0.0	0.0	0.0	3546.99	0.0	0.0	0.0	0.0	0.000294	0.0	0.0	0.0	18.4739	0.0	0.0	0.0	0.0	547	0	0	0	50	0	0	0	0	447445	0	0	0	39	0	0	0	0	3390773	0	0	0	68	0	0	0	0	669464	0	0	0	35	0	0	0	0	119120	0	0	0	0	0	0	0	0	941366	0	0	0	0	0	0	0	0	0.03871	0.0	0.0	0.0	2.0e-6	0.0	0.0	0.0	0.0	0.999944	0.0	0.0	0.0	5.6e-5	0.0	0.0	0.0	0.0	
1799	5572792	5209.119297531	3940.371222222222	3940.3778888888887	0.004437	0.0	5572596	0	0	0	192	0	0	0	0	0.0	0.0	0.0	0.0	0.000735	0.0	0.0	0.0	0.0	1639.12	0.0	0.0	0.0	3546.99	0.0	0.0	0.0	0.0	0.000294	0.0	0.0	0.0	18.4739	0.0	0.0	0.0	0.0	547	0	0	0	50	0	0	0	0	447445	0	0	0	39	0	0	0	0	3392182	0	0	0	68	0	0	0	0	670364	0	0	0	35	0	0	0	0	119171	0	0	0	0	0	0	0	0	942887	0	0	0	0	0	0	0	0	0.036449	0.0	0.0	0.0	2.0e-6	0.0	0.0	0.0	0.0	0.999941	0.0	0.0	0.0	5.9e-5	0.0	0.0	0.0	0.0	
1800	5575459	5220.893978029	3940.371222222222	3940.3778888888887	0.004431	0.0	5575262	0	0	0	193	0	0	0	0	0.0	0.0	0.0	0.0	0.000661	0.0	0.0	0.0	0.0	1639.78	0.0	0.0	0.0	3558.11	0.0	0.0	0.0	0.0	0.000294	0.0	0.0	0.0	18.4358	0.0	0.0	0.0	0.0	547	0	0	0	50	0	0	0	0	447445	0	0	0	39	0	0	0	0	3393126	0	0	0	68	0	0	0	0	670952	0	0	0	36	0	0	0	0	119216	0	0	0	0	0	0	0	0	943976	0	0	0	0	0	0	0	0	0.041114	0.0	0.0	0.0	2.0e-6	0.0	0.0	0.0	0.0	0.999953	0.0	0.0	0.0	4.7e-5	0.0	0.0	0.0	0.0	
1801	5579334	5221.894089001	3940.371222222222	3940.3778888888887	0.004329	0.0	5579137	0	0	0	193	0	0	0	0	0.0	0.0	0.0	0.0	0.000661	0.0	0.0	0.0	0.0	1640.78	0.0	0.0	0.0	3558.11	0.0	0.0	0.0	0.0	0.000294	0.0	0.0	0.0	18.4358	0.0	0.0	0.0	0.0	547	0	0	0	50	0	0	0	0	447445	0	0	0	39	0	0	0	0	3394450	0	0	0	68	0	0	0	0	671837	0	0	0	36	0	0	0	0	119264	0	0	0	0	0	0	0	0	945594	0	0	0	0	0	0	0	0	0.040323	0.0	0.0	0.0	2.0e-6	0.0	0.0	0.0	0.0	0.999952	0.0	0.0	0.0	4.8e-5	0.0	0.0	0.0	0.0	
1802	5580506	5352.575952535	3940.371222222222	3940.3778888888887	0.004327	0.0	5580308	0	0	0	194	0	0	0	0	0.0	0.0	0.0	0.0	0.000595	0.0	0.0	0.0	0.0	1641.06	0.0	0.0	0.0	3688.5	0.0	0.0	0.0	0.0	0.000294	0.0	0.0	0.0	19.0129	0.0	0.0	0.0	0.0	547	0	0	0	50	0	0	0	0	447445	0	0	0	39	0	0	0	0	3394827	0	0	0	68	0	0	0	0	672105	0	0	0	37	0	0	0	0	119282	0	0	0	0	0	0	0	0	946102	0	0	0	0	0	0	0	0	0.027469	0.0	0.0	0.0	2.0e-6	0.0	0.0	0.0	0.0	0.99994	0.0	0.0	0.0	6.0e-5	0.0	0.0	0.0	0.0	
1803	5584356	5353.576082059	3940.371222222222	3940.3778888888887	0.00336	0.0	5584158	0	0	0	194	0	0	0	0	0.0	0.0	0.0	0.0	0.000595	0.0	0.0	0.0	0.0	1642.06	0.0	0.0	0.0	3688.5	0.0	0.0	0.0	0.0	0.000294	0.0	0.0	0.0	19.0129	0.0	0.0	0.0	0.0	547	0	0	0	50	0	0	0	0	447445	0	0	0	39	0	0	0	0	3396153	0	0	0	68	0	0	0	0	672942	0	0	0	37	0	0	0	0	119327	0	0	0	0	0	0	0	0	947744	0	0	0	0	0	0	0	0	0.039456	0.0	0.0	0.0	2.0e-6	0.0	0.0	0.0	0.0	0.999958	0.0	0.0	0.0	4.2e-5	0.0	0.0	0.0	0.0	
1804	5588271	5354.576138724	3940.371222222222	3940.3778888888887	0.003354	0.0	5588073	0	0	0	194	0	0	0	0	0.0	0.0	0.0	0.0	0.000595	0.0	0.0	0.0	0.0	1643.06	0.0	0.0	0.0	3688.5	0.0	0.0	0.0	0.0	0.000294	0.0	0.0	0.0	19.0129	0.0	0.0	0.0	0.0	547	0	0	0	50	0	0	0	0	447445	0	0	0	39	0	0	0	0	3397488	0	0	0	68	0	0	0	0	673864	0	0	0	37	0	0	0	0	119398	0	0	0	0	0	0	0	0	949331	0	0	0	0	0	0	0	0	0.03261	0.0	0.0	0.0	2.0e-6	0.0	0.0	0.0	0.0	0.99995	0.0	0.0	0.0	5.0e-5	0.0	0.0	0.0	0.0	
1805	5592245	5355.576237674	3940.371222222222	3940.3778888888887	0.003347	0.0	5592047	0	0	0	194	0	0	0	0	0.0	0.0	0.0	0.0	0.000595	0.0	0.0	0.0	0.0	1644.06	0.0	0.0	0.0	3688.5	0.0	0.0	0.0	0.0	0.000294	0.0	0.0	0.0	19.0129	0.0	0.0	0.0	0.0	547	0	0	0	50	0	0	0	0	447445	0	0	0	39	0	0	0	0	3398863	0	0	0	68	0	0	0	0	674759	0	0	0	37	0	0	0	0	119461	0	0	0	0	0	0	0	0	950972	0	0	0	0	0	0	0	0	0.05002	0.0	0.0	0.0	2.0e-6	0.0	0.0	0.0	0.0	0.999967	0.0	0.0	0.0	3.3e-5	0.0	0.0	0.0	0.0	
1806	5596159	5356.576364418	3940.371222222222	3940.3778888888887	0.003341	0.0	5595961	0	0	0	194	0	0	0	0	0.0	0.0	0.0	0.0	0.000595	0.0	0.0	0.0	0.0	1645.06	0.0	0.0	0.0	3688.5	0.0	0.0	0.0	0.0	0.000294	0.0	0.0	0.0	19.0129	0.0	0.0	0.0	0.0	547	0	0	0	50	0	0	0	0	447445	0	0	0	39	0	0	0	0	3400314	0	0	0	68	0	0	0	0	675672	0	0	0	37	0	0	0	0	119526	0	0	0	0	0	0	0	0	952457	0	0	0	0	0	0	0	0	0.043962	0.0	0.0	0.0	2.0e-6	0.0	0.0	0.0	0.0	0.999963	0.0	0.0	0.0	3.7e-5	0.0	0.0	0.0	0.0	
1807	5600084	5357.576444716	3940.371222222222	3940.3778888888887	0.003334	0.0	5599886	0	0	0	194	0	0	0	0	0.0	0.0	0.0	0.0	0.000595	0.0	0.0	0.0	0.0	1646.06	0.0	0.0	0.0	3688.5	0.0	0.0	0.0	0.0	0.000294	0.0	0.0	0.0	19.0129	0.0	0.0	0.0	0.0	547	0	0	0	50	0	0	0	0	447445	0	0	0	39	0	0	0	0	3401755	0	0	0	68	0	0	0	0	676616	0	0	0	37	0	0	0	0	119598	0	0	0	0	0	0	0	0	953925	0	0	0	0	0	0	0	0	0.056367	0.0	0.0	0.0	2.0e-6	0.0	0.0	0.0	0.0	0.999971	0.0	0.0	0.0	2.9e-5	0.0	0.0	0.0	0.0	
1808	5603952	5358.582467225	3940.371222222222	3940.3778888888887	0.003328	0.0	5603754	0	0	0	194	0	0	0	0	0.0	0.0	0.0	0.0	0.000595	0.0	0.0	0.0	0.0	1647.06	0.0	0.0	0.0	3688.5	0.0	0.0	0.0	0.0	0.000294	0.0	0.0	0.0	19.0129	0.0	0.0	0.0	0.0	547	0	0	0	50	0	0	0	0	447445	0	0	0	39	0	0	0	0	3403266	0	0	0	68	0	0	0	0	677542	0	0	0	37	0	0	0	0	119657	0	0	0	0	0	0	0	0	955297	0	0	0	0	0	0	0	0	0.041995	0.0	0.0	0.0	2.0e-6	0.0	0.0	0.0	0.0	0.999961	0.0	0.0	0.0	3.9e-5	0.0	0.0	0.0	0.0	
1809	5604453	5363.037431086	3940.371222222222	3940.3778888888887	0.003327	0.0	5604254	0	0	0	195	0	0	0	0	0.0	0.0	0.0	0.0	0.000536	0.0	0.0	0.0	0.0	1647.18	0.0	0.0	0.0	3692.84	0.0	0.0	0.0	0.0	0.000294	0.0	0.0	0.0	18.9376	0.0	0.0	0.0	0.0	547	0	0	0	50	0	0	0	0	447445	0	0	0	39	0	0	0	0	3403467	0	0	0	68	0	0	0	0	677661	0	0	0	38	0	0	0	0	119661	0	0	0	0	0	0	0	0	955473	0	0	0	0	0	0	0	0	0.046575	0.0	0.0	0.0	1.0e-6	0.0	0.0	0.0	0.0	0.999968	0.0	0.0	0.0	3.2e-5	0.0	0.0	0.0	0.0	
1810	5608299	5364.037634515	3940.371222222222	3940.3778888888887	0.003293	0.0	5608100	0	0	0	195	0	0	0	0	0.0	0.0	0.0	0.0	0.000536	0.0	0.0	0.0	0.0	1648.18	0.0	0.0	0.0	3692.84	0.0	0.0	0.0	0.0	0.000294	0.0	0.0	0.0	18.9376	0.0	0.0	0.0	0.0	547	0	0	0	50	0	0	0	0	447445	0	0	0	39	0	0	0	0	3404897	0	0	0	68	0	0	0	0	678569	0	0	0	38	0	0	0	0	119722	0	0	0	0	0	0	0	0	956920	0	0	0	0	0	0	0	0	0.030297	0.0	0.0	0.0	1.0e-6	0.0	0.0	0.0	0.0	0.999951	0.0	0.0	0.0	4.9e-5	0.0	0.0	0.0	0.0	
1811	5612297	5365.037736801	3940.371222222222	3940.3778888888887	0.003287	0.0	5612098	0	0	0	195	0	0	0	0	0.0	0.0	0.0	0.0	0.000536	0.0	0.0	0.0	0.0	1649.18	0.0	0.0	0.0	3692.84	0.0	0.0	0.0	0.0	0.000294	0.0	0.0	0.0	18.9376	0.0	0.0	0.0	0.0	547	0	0	0	50	0	0	0	0	447445	0	0	0	39	0	0	0	0	3406402	0	0	0	68	0	0	0	0	679507	0	0	0	38	0	0	0	0	119788	0	0	0	0	0	0	0	0	958409	0	0	0	0	0	0	0	0	0.043631	0.0	0.0	0.0	1.0e-6	0.0	0.0	0.0	0.0	0.999966	0.0	0.0	0.0	3.4e-5	0.0	0.0	0.0	0.0	
1812	5616282	5366.03795511	3940.371222222222	3940.3778888888887	0.00328	0.0	5616083	0	0	0	195	0	0	0	0	0.0	0.0	0.0	0.0	0.000536	0.0	0.0	0.0	0.0	1650.18	0.0	0.0	0.0	3692.84	0.0	0.0	0.0	0.0	0.000294	0.0	0.0	0.0	18.9376	0.0	0.0	0.0	0.0	547	0	0	0	50	0	0	0	0	447445	0	0	0	39	0	0	0	0	3407842	0	0	0	68	0	0	0	0	680437	0	0	0	38	0	0	0	0	119859	0	0	0	0	0	0	0	0	959953	0	0	0	0	0	0	0	0	0.041358	0.0	0.0	0.0	1.0e-6	0.0	0.0	0.0	0.0	0.999964	0.0	0.0	0.0	3.6e-5	0.0	0.0	0.0	0.0	
1813	5620332	5367.038105635	3940.371222222222	3940.3778888888887	0.003274	0.0	5620133	0	0	0	195	0	0	0	0	0.0	0.0	0.0	0.0	0.000536	0.0	0.0	0.0	0.0	1651.18	0.0	0.0	0.0	3692.84	0.0	0.0	0.0	0.0	0.000294	0.0	0.0	0.0	18.9376	0.0	0.0	0.0	0.0	547	0	0	0	50	0	0	0	0	447445	0	0	0	39	0	0	0	0	3409363	0	0	0	68	0	0	0	0	681351	0	0	0	38	0	0	0	0	119935	0	0	0	0	0	0	0	0	961492	0	0	0	0	0	0	0	0	0.056435	0.0	0.0	0.0	1.0e-6	0.0	0.0	0.0	0.0	0.999974	0.0	0.0	0.0	2.6e-5	0.0	0.0	0.0	0.0	
1814	5620534	5372.695159063	3940.371222222222	3940.3778888888887	0.003274	0.0	5620334	0	0	0	196	0	0	0	0	0.0	0.0	0.0	0.0	0.000482	0.0	0.0	0.0	0.0	1651.23	0.0	0.0	0.0	3698.44	0.0	0.0	0.0	0.0	0.000294	0.0	0.0	0.0	18.8696	0.0	0.0	0.0	0.0	547	0	0	0	50	0	0	0	0	447445	0	0	0	39	0	0	0	0	3409426	0	0	0	68	0	0	0	0	681403	0	0	0	39	0	0	0	0	119938	0	0	0	0	0	0	0	0	961575	0	0	0	0	0	0	0	0	0.036528	0.0	0.0	0.0	1.0e-6	0.0	0.0	0.0	0.0	0.999963	0.0	0.0	0.0	3.7e-5	0.0	0.0	0.0	0.0	
1815	5624425	5373.695412182	3940.371222222222	3940.3778888888887	0.003232	0.0	5624225	0	0	0	196	0	0	0	0	0.0	0.0	0.0	0.0	0.000482	0.0	0.0	0.0	0.0	1652.23	0.0	0.0	0.0	3698.44	0.0	0.0	0.0	0.0	0.000294	0.0	0.0	0.0	18.8696	0.0	0.0	0.0	0.0	547	0	0	0	50	0	0	0	0	447445	0	0	0	39	0	0	0	0	3410798	0	0	0	68	0	0	0	0	682321	0	0	0	39	0	0	0	0	119992	0	0	0	0	0	0	0	0	963122	0	0	0	0	0	0	0	0	0.046316	0.0	0.0	0.0	1.0e-6	0.0	0.0	0.0	0.0	0.999971	0.0	0.0	0.0	2.9e-5	0.0	0.0	0.0	0.0	
1816	5628339	5374.695666681	3940.371222222222	3940.3778888888887	0.003226	0.0	5628139	0	0	0	196	0	0	0	0	0.0	0.0	0.0	0.0	0.000482	0.0	0.0	0.0	0.0	1653.22	0.0	0.0	0.0	3698.44	0.0	0.0	0.0	0.0	0.000294	0.0	0.0	0.0	18.8696	0.0	0.0	0.0	0.0	547	0	0	0	50	0	0	0	0	447445	0	0	0	39	0	0	0	0	3412191	0	0	0	68	0	0	0	0	683248	0	0	0	39	0	0	0	0	120064	0	0	0	0	0	0	0	0	964644	0	0	0	0	0	0	0	0	0.042508	0.0	0.0	0.0	1.0e-6	0.0	0.0	0.0	0.0	0.999968	0.0	0.0	0.0	3.2e-5	0.0	0.0	0.0	0.0	
1817	5632212	5375.695869138	3940.371222222222	3940.3778888888887	0.00322	0.0	5632012	0	0	0	196	0	0	0	0	0.0	0.0	0.0	0.0	0.000482	0.0	0.0	0.0	0.0	1654.22	0.0	0.0	0.0	3698.44	0.0	0.0	0.0	0.0	0.000294	0.0	0.0	0.0	18.8696	0.0	0.0	0.0	0.0	547	0	0	0	50	0	0	0	0	447445	0	0	0	39	0	0	0	0	3413542	0	0	0	68	0	0	0	0	684136	0	0	0	39	0	0	0	0	120139	0	0	0	0	0	0	0	0	966203	0	0	0	0	0	0	0	0	0.040319	0.0	0.0	0.0	1.0e-6	0.0	0.0	0.0	0.0	0.999966	0.0	0.0	0.0	3.4e-5	0.0	0.0	0.0	0.0	
1818	5636154	5376.701014948	3940.371222222222	3940.3778888888887	0.003214	0.0	5635954	0	0	0	196	0	0	0	0	0.0	0.0	0.0	0.0	0.000482	0.0	0.0	0.0	0.0	1655.23	0.0	0.0	0.0	3698.44	0.0	0.0	0.0	0.0	0.000294	0.0	0.0	0.0	18.8696	0.0	0.0	0.0	0.0	547	0	0	0	50	0	0	0	0	447445	0	0	0	39	0	0	0	0	3414849	0	0	0	68	0	0	0	0	685044	0	0	0	39	0	0	0	0	120210	0	0	0	0	0	0	0	0	967859	0	0	0	0	0	0	0	0	0.058369	0.0	0.0	0.0	1.0e-6	0.0	0.0	0.0	0.0	0.999977	0.0	0.0	0.0	2.3e-5	0.0	0.0	0.0	0.0	
1819	5640106	5377.701087631	3940.371222222222	3940.3778888888887	0.003208	0.0	5639906	0	0	0	196	0	0	0	0	0.0	0.0	0.0	0.0	0.000482	0.0	0.0	0.0	0.0	1656.22	0.0	0.0	0.0	3698.44	0.0	0.0	0.0	0.0	0.000294	0.0	0.0	0.0	18.8696	0.0	0.0	0.0	0.0	547	0	0	0	50	0	0	0	0	447445	0	0	0	39	0	0	0	0	3416272	0	0	0	68	0	0	0	0	685919	0	0	0	39	0	0	0	0	120292	0	0	0	0	0	0	0	0	969431	0	0	0	0	0	0	0	0	0.03946	0.0	0.0	0.0	1.0e-6	0.0	0.0	0.0	0.0	0.999966	0.0	0.0	0.0	3.4e-5	0.0	0.0	0.0	0.0	
1820	5643944	5378.701188727	3940.371222222222	3940.3778888888887	0.003201	0.0	5643744	0	0	0	196	0	0	0	0	0.0	0.0	0.0	0.0	0.000482	0.0	0.0	0.0	0.0	1657.22	0.0	0.0	0.0	3698.44	0.0	0.0	0.0	0.0	0.000294	0.0	0.0	0.0	18.8696	0.0	0.0	0.0	0.0	547	0	0	0	50	0	0	0	0	447445	0	0	0	39	0	0	0	0	3417677	0	0	0	68	0	0	0	0	686809	0	0	0	39	0	0	0	0	120379	0	0	0	0	0	0	0	0	970887	0	0	0	0	0	0	0	0	0.039934	0.0	0.0	0.0	1.0e-6	0.0	0.0	0.0	0.0	0.999966	0.0	0.0	0.0	3.4e-5	0.0	0.0	0.0	0.0	
1821	5647808	5379.701327261	3940.371222222222	3940.3778888888887	0.003195	0.0	5647608	0	0	0	196	0	0	0	0	0.0	0.0	0.0	0.0	0.000482	0.0	0.0	0.0	0.0	1658.22	0.0	0.0	0.0	3698.44	0.0	0.0	0.0	0.0	0.000294	0.0	0.0	0.0	18.8696	0.0	0.0	0.0	0.0	547	0	0	0	50	0	0	0	0	447445	0	0	0	39	0	0	0	0	3419133	0	0	0	68	0	0	0	0	687676	0	0	0	39	0	0	0	0	120461	0	0	0	0	0	0	0	0	972346	0	0	0	0	0	0	0	0	0.038692	0.0	0.0	0.0	1.0e-6	0.0	0.0	0.0	0.0	0.999965	0.0	0.0	0.0	3.5e-5	0.0	0.0	0.0	0.0	
1822	5651684	5380.701342545	3940.371222222222	3940.3778888888887	0.003189	0.0	5651484	0	0	0	196	0	0	0	0	0.0	0.0	0.0	0.0	0.000482	0.0	0.0	0.0	0.0	1659.22	0.0	0.0	0.0	3698.44	0.0	0.0	0.0	0.0	0.000294	0.0	0.0	0.0	18.8696	0.0	0.0	0.0	0.0	547	0	0	0	50	0	0	0	0	447445	0	0	0	39	0	0	0	0	3420554	0	0	0	68	0	0	0	0	688506	0	0	0	39	0	0	0	0	120542	0	0	0	0	0	0	0	0	973890	0	0	0	0	0	0	0	0	0.033292	0.0	0.0	0.0	1.0e-6	0.0	0.0	0.0	0.0	0.999959	0.0	0.0	0.0	4.1e-5	0.0	0.0	0.0	0.0	
1823	5655459	5388.899950073	3940.371222222222	3940.3778888888887	0.003183	0.0	5655258	0	0	0	197	0	0	0	0	0.0	0.0	0.0	0.0	0.000434	0.0	0.0	0.0	0.0	1660.19	0.0	0.0	0.0	3705.67	0.0	0.0	0.0	0.0	0.000294	0.0	0.0	0.0	18.8105	0.0	0.0	0.0	0.0	547	0	0	0	50	0	0	0	0	447445	0	0	0	39	0	0	0	0	3421957	0	0	0	68	0	0	0	0	689336	0	0	0	40	0	0	0	0	120615	0	0	0	0	0	0	0	0	975358	0	0	0	0	0	0	0	0	0.048338	0.0	0.0	0.0	1.0e-6	0.0	0.0	0.0	0.0	0.999975	0.0	0.0	0.0	2.5e-5	0.0	0.0	0.0	0.0	
1824	5659439	5389.899964648	3940.371222222222	3940.3778888888887	0.003133	0.0	5659238	0	0	0	197	0	0	0	0	0.0	0.0	0.0	0.0	0.000434	0.0	0.0	0.0	0.0	1661.19	0.0	0.0	0.0	3705.67	0.0	0.0	0.0	0.0	0.000294	0.0	0.0	0.0	18.8105	0.0	0.0	0.0	0.0	547	0	0	0	50	0	0	0	0	447445	0	0	0	39	0	0	0	0	3423390	0	0	0	68	0	0	0	0	690232	0	0	0	40	0	0	0	0	120684	0	0	0	0	0	0	0	0	976940	0	0	0	0	0	0	0	0	0.037307	0.0	0.0	0.0	1.0e-6	0.0	0.0	0.0	0.0	0.999967	0.0	0.0	0.0	3.3e-5	0.0	0.0	0.0	0.0	
1825	5663462	5390.900215832	3940.371222222222	3940.3778888888887	0.003127	0.0	5663261	0	0	0	197	0	0	0	0	0.0	0.0	0.0	0.0	0.000434	0.0	0.0	0.0	0.0	1662.19	0.0	0.0	0.0	3705.67	0.0	0.0	0.0	0.0	0.000294	0.0	0.0	0.0	18.8105	0.0	0.0	0.0	0.0	547	0	0	0	50	0	0	0	0	447445	0	0	0	39	0	0	0	0	3424910	0	0	0	68	0	0	0	0	691098	0	0	0	40	0	0	0	0	120758	0	0	0	0	0	0	0	0	978503	0	0	0	0	0	0	0	0	0.037149	0.0	0.0	0.0	1.0e-6	0.0	0.0	0.0	0.0	0.999967	0.0	0.0	0.0	3.3e-5	0.0	0.0	0.0	0.0	
1826	5667400	5391.900292305	3940.371222222222	3940.3778888888887	0.003121	0.0	5667199	0	0	0	197	0	0	0	0	0.0	0.0	0.0	0.0	0.000434	0.0	0.0	0.0	0.0	1663.19	0.0	0.0	0.0	3705.67	0.0	0.0	0.0	0.0	0.000293	0.0	0.0	0.0	18.8105	0.0	0.0	0.0	0.0	547	0	0	0	50	0	0	0	0	447445	0	0	0	39	0	0	0	0	3426379	0	0	0	68	0	0	0	0	691959	0	0	0	40	0	0	0	0	120837	0	0	0	0	0	0	0	0	980032	0	0	0	0	0	0	0	0	0.046775	0.0	0.0	0.0	1.0e-6	0.0	0.0	0.0	0.0	0.999974	0.0	0.0	0.0	2.6e-5	0.0	0.0	0.0	0.0	
1827	5671278	5392.90032464	3940.371222222222	3940.3778888888887	0.003115	0.0	5671077	0	0	0	197	0	0	0	0	0.0	0.0	0.0	0.0	0.000434	0.0	0.0	0.0	0.0	1664.18	0.0	0.0	0.0	3705.67	0.0	0.0	0.0	0.0	0.000293	0.0	0.0	0.0	18.8105	0.0	0.0	0.0	0.0	547	0	0	0	50	0	0	0	0	447445	0	0	0	39	0	0	0	0	3427875	0	0	0	68	0	0	0	0	692798	0	0	0	40	0	0	0	0	120910	0	0	0	0	0	0	0	0	981502	0	0	0	0	0	0	0	0	0.03672	0.0	0.0	0.0	1.0e-6	0.0	0.0	0.0	0.0	0.999967	0.0	0.0	0.0	3.3e-5	0.0	0.0	0.0	0.0	
1828	5675180	5393.900413097	3940.371222222222	3940.3778888888887	0.003109	0.0	5674979	0	0	0	197	0	0	0	0	0.0	0.0	0.0	0.0	0.000434	0.0	0.0	0.0	0.0	1665.18	0.0	0.0	0.0	3705.67	0.0	0.0	0.0	0.0	0.000293	0.0	0.0	0.0	18.8105	0.0	0.0	0.0	0.0	547	0	0	0	50	0	0	0	0	447445	0	0	0	39	0	0	0	0	3429362	0	0	0	68	0	0	0	0	693670	0	0	0	40	0	0	0	0	120967	0	0	0	0	0	0	0	0	982988	0	0	0	0	0	0	0	0	0.049942	0.0	0.0	0.0	1.0e-6	0.0	0.0	0.0	0.0	0.999975	0.0	0.0	0.0	2.5e-5	0.0	0.0	0.0	0.0	
1829	5679028	5394.900549315	3940.371222222222	3940.3778888888887	0.003103	0.0	5678827	0	0	0	197	0	0	0	0	0.0	0.0	0.0	0.0	0.000434	0.0	0.0	0.0	0.0	1666.18	0.0	0.0	0.0	3705.67	0.0	0.0	0.0	0.0	0.000293	0.0	0.0	0.0	18.8105	0.0	0.0	0.0	0.0	547	0	0	0	50	0	0	0	0	447445	0	0	0	39	0	0	0	0	3430883	0	0	0	68	0	0	0	0	694535	0	0	0	40	0	0	0	0	121035	0	0	0	0	0	0	0	0	984382	0	0	0	0	0	0	0	0	0.04287	0.0	0.0	0.0	1.0e-6	0.0	0.0	0.0	0.0	0.999971	0.0	0.0	0.0	2.9e-5	0.0	0.0	0.0	0.0	
1830	5682981	5395.910266575	3940.371222222222	3940.3778888888887	0.003097	0.0	5682780	0	0	0	197	0	0	0	0	0.0	0.0	0.0	0.0	0.000434	0.0	0.0	0.0	0.0	1667.19	0.0	0.0	0.0	3705.67	0.0	0.0	0.0	0.0	0.000293	0.0	0.0	0.0	18.8105	0.0	0.0	0.0	0.0	547	0	0	0	50	0	0	0	0	447445	0	0	0	39	0	0	0	0	3432363	0	0	0	68	0	0	0	0	695443	0	0	0	40	0	0	0	0	121132	0	0	0	0	0	0	0	0	985850	0	0	0	0	0	0	0	0	0.044321	0.0	0.0	0.0	1.0e-6	0.0	0.0	0.0	0.0	0.999972	0.0	0.0	0.0	2.8e-5	0.0	0.0	0.0	0.0	
1831	5687010	5396.910420695	3940.371222222222	3940.3778888888887	0.003091	0.0	5686809	0	0	0	197	0	0	0	0	0.0	0.0	0.0	0.0	0.000434	0.0	0.0	0.0	0.0	1668.19	0.0	0.0	0.0	3705.67	0.0	0.0	0.0	0.0	0.000293	0.0	0.0	0.0	18.8105	0.0	0.0	0.0	0.0	547	0	0	0	50	0	0	0	0	447445	0	0	0	39	0	0	0	0	3433816	0	0	0	68	0	0	0	0	696364	0	0	0	40	0	0	0	0	121201	0	0	0	0	0	0	0	0	987436	0	0	0	0	0	0	0	0	0.044579	0.0	0.0	0.0	1.0e-6	0.0	0.0	0.0	0.0	0.999972	0.0	0.0	0.0	2.8e-5	0.0	0.0	0.0	0.0	
1832	5691014	5397.910508657	3940.371222222222	3940.3778888888887	0.003085	0.0	5690813	0	0	0	197	0	0	0	0	0.0	0.0	0.0	0.0	0.000434	0.0	0.0	0.0	0.0	1669.19	0.0	0.0	0.0	3705.67	0.0	0.0	0.0	0.0	0.000293	0.0	0.0	0.0	18.8105	0.0	0.0	0.0	0.0	547	0	0	0	50	0	0	0	0	447445	0	0	0	39	0	0	0	0	3435193	0	0	0	68	0	0	0	0	697261	0	0	0	40	0	0	0	0	121263	0	0	0	0	0	0	0	0	989104	0	0	0	0	0	0	0	0	0.05456	0.0	0.0	0.0	1.0e-6	0.0	0.0	0.0	0.0	0.999978	0.0	0.0	0.0	2.2e-5	0.0	0.0	0.0	0.0	
1833	5695021	5398.910526582	3940.371222222222	3940.3778888888887	0.003079	0.0	5694820	0	0	0	197	0	0	0	0	0.0	0.0	0.0	0.0	0.000434	0.0	0.0	0.0	0.0	1670.19	0.0	0.0	0.0	3705.67	0.0	0.0	0.0	0.0	0.000293	0.0	0.0	0.0	18.8105	0.0	0.0	0.0	0.0	547	0	0	0	50	0	0	0	0	447445	0	0	0	39	0	0	0	0	3436634	0	0	0	68	0	0	0	0	698168	0	0	0	40	0	0	0	0	121317	0	0	0	0	0	0	0	0	990709	0	0	0	0	0	0	0	0	0.030417	0.0	0.0	0.0	1.0e-6	0.0	0.0	0.0	0.0	0.99996	0.0	0.0	0.0	4.0e-5	0.0	0.0	0.0	0.0	
1834	5699001	5399.910889407	3940.371222222222	3940.3778888888887	0.003073	0.0	5698800	0	0	0	197	0	0	0	0	0.0	0.0	0.0	0.0	0.000434	0.0	0.0	0.0	0.0	1671.18	0.0	0.0	0.0	3705.67	0.0	0.0	0.0	0.0	0.000293	0.0	0.0	0.0	18.8105	0.0	0.0	0.0	0.0	547	0	0	0	50	0	0	0	0	447445	0	0	0	39	0	0	0	0	3438096	0	0	0	68	0	0	0	0	699015	0	0	0	40	0	0	0	0	121393	0	0	0	0	0	0	0	0	992304	0	0	0	0	0	0	0	0	0.03852	0.0	0.0	0.0	1.0e-6	0.0	0.0	0.0	0.0	0.999968	0.0	0.0	0.0	3.2e-5	0.0	0.0	0.0	0.0	
1835	5702898	5400.910915953	3940.371222222222	3940.3778888888887	0.003068	0.0	5702697	0	0	0	197	0	0	0	0	0.0	0.0	0.0	0.0	0.000434	0.0	0.0	0.0	0.0	1672.18	0.0	0.0	0.0	3705.67	0.0	0.0	0.0	0.0	0.000293	0.0	0.0	0.0	18.8105	0.0	0.0	0.0	0.0	547	0	0	0	50	0	0	0	0	447445	0	0	0	39	0	0	0	0	3439608	0	0	0	68	0	0	0	0	699832	0	0	0	40	0	0	0	0	121458	0	0	0	0	0	0	0	0	993807	0	0	0	0	0	0	0	0	0.039923	0.0	0.0	0.0	1.0e-6	0.0	0.0	0.0	0.0	0.999969	0.0	0.0	0.0	3.1e-5	0.0	0.0	0.0	0.0	
1836	5706772	5401.911098208	3940.371222222222	3940.3778888888887	0.003062	0.0	5706571	0	0	0	197	0	0	0	0	0.0	0.0	0.0	0.0	0.000434	0.0	0.0	0.0	0.0	1673.18	0.0	0.0	0.0	3705.67	0.0	0.0	0.0	0.0	0.000293	0.0	0.0	0.0	18.8105	0.0	0.0	0.0	0.0	547	0	0	0	50	0	0	0	0	447445	0	0	0	39	0	0	0	0	3441126	0	0	0	68	0	0	0	0	700656	0	0	0	40	0	0	0	0	121529	0	0	0	0	0	0	0	0	995268	0	0	0	0	0	0	0	0	0.043744	0.0	0.0	0.0	1.0e-6	0.0	0.0	0.0	0.0	0.999972	0.0	0.0	0.0	2.8e-5	0.0	0.0	0.0	0.0	
1837	5706939	5418.843878194	3940.371222222222	3940.3778888888887	0.003061	0.0	5706737	0	0	0	198	0	0	0	0	0.0	0.0	0.0	0.0	0.000391	0.0	0.0	0.0	0.0	1673.22	0.0	0.0	0.0	3722.57	0.0	0.0	0.0	0.0	0.000293	0.0	0.0	0.0	18.8008	0.0	0.0	0.0	0.0	547	0	0	0	50	0	0	0	0	447445	0	0	0	39	0	0	0	0	3441183	0	0	0	68	0	0	0	0	700691	0	0	0	41	0	0	0	0	121535	0	0	0	0	0	0	0	0	995336	0	0	0	0	0	0	0	0	0.051232	0.0	0.0	0.0	1.0e-6	0.0	0.0	0.0	0.0	0.999978	0.0	0.0	0.0	2.2e-5	0.0	0.0	0.0	0.0	
1838	5710728	5419.844045352	3940.371222222222	3940.3778888888887	0.002958	0.0	5710526	0	0	0	198	0	0	0	0	0.0	0.0	0.0	0.0	0.000391	0.0	0.0	0.0	0.0	1674.21	0.0	0.0	0.0	3722.57	0.0	0.0	0.0	0.0	0.000293	0.0	0.0	0.0	18.8008	0.0	0.0	0.0	0.0	547	0	0	0	50	0	0	0	0	447445	0	0	0	39	0	0	0	0	3442568	0	0	0	68	0	0	0	0	701513	0	0	0	41	0	0	0	0	121605	0	0	0	0	0	0	0	0	996848	0	0	0	0	0	0	0	0	0.04868	0.0	0.0	0.0	1.0e-6	0.0	0.0	0.0	0.0	0.999977	0.0	0.0	0.0	2.3e-5	0.0	0.0	0.0	0.0	
1839	5714530	5420.844185389	3940.371222222222	3940.3778888888887	0.002952	0.0	5714328	0	0	0	198	0	0	0	0	0.0	0.0	0.0	0.0	0.000391	0.0	0.0	0.0	0.0	1675.21	0.0	0.0	0.0	3722.57	0.0	0.0	0.0	0.0	0.000293	0.0	0.0	0.0	18.8008	0.0	0.0	0.0	0.0	547	0	0	0	50	0	0	0	0	447445	0	0	0	39	0	0	0	0	3443959	0	0	0	68	0	0	0	0	702359	0	0	0	41	0	0	0	0	121693	0	0	0	0	0	0	0	0	998325	0	0	0	0	0	0	0	0	0.050534	0.0	0.0	0.0	1.0e-6	0.0	0.0	0.0	0.0	0.999978	0.0	0.0	0.0	2.2e-5	0.0	0.0	0.0	0.0	
1840	5718385	5421.846486182	3940.371222222222	3940.3778888888887	0.002946	0.0	5718183	0	0	0	198	0	0	0	0	0.0	0.0	0.0	0.0	0.000391	0.0	0.0	0.0	0.0	1676.21	0.0	0.0	0.0	3722.57	0.0	0.0	0.0	0.0	0.000293	0.0	0.0	0.0	18.8008	0.0	0.0	0.0	0.0	547	0	0	0	50	0	0	0	0	447445	0	0	0	39	0	0	0	0	3445373	0	0	0	68	0	0	0	0	703185	0	0	0	41	0	0	0	0	121754	0	0	0	0	0	0	0	0	999879	0	0	0	0	0	0	0	0	0.049277	0.0	0.0	0.0	1.0e-6	0.0	0.0	0.0	0.0	0.999978	0.0	0.0	0.0	2.2e-5	0.0	0.0	0.0	0.0	
1841	5722261	5422.846517161	3940.371222222222	3940.3778888888887	0.002941	0.0	5722059	0	0	0	198	0	0	0	0	0.0	0.0	0.0	0.0	0.000391	0.0	0.0	0.0	0.0	1677.21	0.0	0.0	0.0	3722.57	0.0	0.0	0.0	0.0	0.000293	0.0	0.0	0.0	18.8008	0.0	0.0	0.0	0.0	547	0	0	0	50	0	0	0	0	447445	0	0	0	39	0	0	0	0	3446778	0	0	0	68	0	0	0	0	704037	0	0	0	41	0	0	0	0	121830	0	0	0	0	0	0	0	0	1001422	0	0	0	0	0	0	0	0	0.045373	0.0	0.0	0.0	1.0e-6	0.0	0.0	0.0	0.0	0.999976	0.0	0.0	0.0	2.4e-5	0.0	0.0	0.0	0.0	
1842	5726115	5423.84672904	3940.371222222222	3940.3778888888887	0.002935	0.0	5725913	0	0	0	198	0	0	0	0	0.0	0.0	0.0	0.0	0.000391	0.0	0.0	0.0	0.0	1678.21	0.0	0.0	0.0	3722.57	0.0	0.0	0.0	0.0	0.000293	0.0	0.0	0.0	18.8008	0.0	0.0	0.0	0.0	547	0	0	0	50	0	0	0	0	447445	0	0	0	39	0	0	0	0	3448148	0	0	0	68	0	0	0	0	704871	0	0	0	41	0	0	0	0	121910	0	0	0	0	0	0	0	0	1002992	0	0	0	0	0	0	0	0	0.038986	0.0	0.0	0.0	1.0e-6	0.0	0.0	0.0	0.0	0.999972	0.0	0.0	0.0	2.8e-5	0.0	0.0	0.0	0.0	
1843	5729948	5424.84678435	3940.371222222222	3940.3778888888887	0.002929	0.0	5729746	0	0	0	198	0	0	0	0	0.0	0.0	0.0	0.0	0.000391	0.0	0.0	0.0	0.0	1679.21	0.0	0.0	0.0	3722.57	0.0	0.0	0.0	0.0	0.000293	0.0	0.0	0.0	18.8008	0.0	0.0	0.0	0.0	547	0	0	0	50	0	0	0	0	447445	0	0	0	39	0	0	0	0	3449598	0	0	0	68	0	0	0	0	705694	0	0	0	41	0	0	0	0	121969	0	0	0	0	0	0	0	0	1004493	0	0	0	0	0	0	0	0	0.044778	0.0	0.0	0.0	1.0e-6	0.0	0.0	0.0	0.0	0.999975	0.0	0.0	0.0	2.5e-5	0.0	0.0	0.0	0.0	
1844	5733909	5425.846878556	3940.371222222222	3940.3778888888887	0.002924	0.0	5733707	0	0	0	198	0	0	0	0	0.0	0.0	0.0	0.0	0.000391	0.0	0.0	0.0	0.0	1680.21	0.0	0.0	0.0	3722.57	0.0	0.0	0.0	0.0	0.000293	0.0	0.0	0.0	18.8008	0.0	0.0	0.0	0.0	547	0	0	0	50	0	0	0	0	447445	0	0	0	39	0	0	0	0	3451138	0	0	0	68	0	0	0	0	706483	0	0	0	41	0	0	0	0	122054	0	0	0	0	0	0	0	0	1006040	0	0	0	0	0	0	0	0	0.051632	0.0	0.0	0.0	1.0e-6	0.0	0.0	0.0	0.0	0.999979	0.0	0.0	0.0	2.1e-5	0.0	0.0	0.0	0.0	
1845	5738031	5426.846896952	3940.371222222222	3940.3778888888887	0.002918	0.0	5737829	0	0	0	198	0	0	0	0	0.0	0.0	0.0	0.0	0.000391	0.0	0.0	0.0	0.0	1681.21	0.0	0.0	0.0	3722.57	0.0	0.0	0.0	0.0	0.000293	0.0	0.0	0.0	18.8008	0.0	0.0	0.0	0.0	547	0	0	0	50	0	0	0	0	447445	0	0	0	39	0	0	0	0	3452691	0	0	0	68	0	0	0	0	707378	0	0	0	41	0	0	0	0	122124	0	0	0	0	0	0	0	0	1007644	0	0	0	0	0	0	0	0	0.0447	0.0	0.0	0.0	1.0e-6	0.0	0.0	0.0	0.0	0.999975	0.0	0.0	0.0	2.5e-5	0.0	0.0	0.0	0.0	
1846	5742118	5427.847019125	3940.371222222222	3940.3778888888887	0.002913	0.0	5741916	0	0	0	198	0	0	0	0	0.0	0.0	0.0	0.0	0.000391	0.0	0.0	0.0	0.0	1682.2	0.0	0.0	0.0	3722.57	0.0	0.0	0.0	0.0	0.000293	0.0	0.0	0.0	18.8008	0.0	0.0	0.0	0.0	547	0	0	0	50	0	0	0	0	447445	0	0	0	39	0	0	0	0	3454267	0	0	0	68	0	0	0	0	708272	0	0	0	41	0	0	0	0	122197	0	0	0	0	0	0	0	0	1009188	0	0	0	0	0	0	0	0	0.0382	0.0	0.0	0.0	1.0e-6	0.0	0.0	0.0	0.0	0.999971	0.0	0.0	0.0	2.9e-5	0.0	0.0	0.0	0.0	
1847	5746264	5428.847039103	3940.371222222222	3940.3778888888887	0.002907	0.0	5746062	0	0	0	198	0	0	0	0	0.0	0.0	0.0	0.0	0.000391	0.0	0.0	0.0	0.0	1683.2	0.0	0.0	0.0	3722.57	0.0	0.0	0.0	0.0	0.000293	0.0	0.0	0.0	18.8008	0.0	0.0	0.0	0.0	547	0	0	0	50	0	0	0	0	447445	0	0	0	39	0	0	0	0	3455715	0	0	0	68	0	0	0	0	709197	0	0	0	41	0	0	0	0	122269	0	0	0	0	0	0	0	0	1010889	0	0	0	0	0	0	0	0	0.051166	0.0	0.0	0.0	1.0e-6	0.0	0.0	0.0	0.0	0.999978	0.0	0.0	0.0	2.2e-5	0.0	0.0	0.0	0.0	
1848	5750365	5429.847269686	3940.371222222222	3940.3778888888887	0.002901	0.0	5750163	0	0	0	198	0	0	0	0	0.0	0.0	0.0	0.0	0.000391	0.0	0.0	0.0	0.0	1684.2	0.0	0.0	0.0	3722.57	0.0	0.0	0.0	0.0	0.000293	0.0	0.0	0.0	18.8008	0.0	0.0	0.0	0.0	547	0	0	0	50	0	0	0	0	447445	0	0	0	39	0	0	0	0	3457240	0	0	0	68	0	0	0	0	710146	0	0	0	41	0	0	0	0	122345	0	0	0	0	0	0	0	0	1012440	0	0	0	0	0	0	0	0	0.047106	0.0	0.0	0.0	1.0e-6	0.0	0.0	0.0	0.0	0.999977	0.0	0.0	0.0	2.3e-5	0.0	0.0	0.0	0.0	
1849	5754461	5430.847505008	3940.371222222222	3940.3778888888887	0.002896	0.0	5754259	0	0	0	198	0	0	0	0	0.0	0.0	0.0	0.0	0.000391	0.0	0.0	0.0	0.0	1685.2	0.0	0.0	0.0	3722.57	0.0	0.0	0.0	0.0	0.000293	0.0	0.0	0.0	18.8008	0.0	0.0	0.0	0.0	547	0	0	0	50	0	0	0	0	447445	0	0	0	39	0	0	0	0	3458738	0	0	0	68	0	0	0	0	711057	0	0	0	41	0	0	0	0	122440	0	0	0	0	0	0	0	0	1014032	0	0	0	0	0	0	0	0	0.048932	0.0	0.0	0.0	1.0e-6	0.0	0.0	0.0	0.0	0.999977	0.0	0.0	0.0	2.3e-5	0.0	0.0	0.0	0.0	
1850	5758389	5431.847666398	3940.371222222222	3940.3778888888887	0.00289	0.0	5758187	0	0	0	198	0	0	0	0	0.0	0.0	0.0	0.0	0.000391	0.0	0.0	0.0	0.0	1686.2	0.0	0.0	0.0	3722.57	0.0	0.0	0.0	0.0	0.000293	0.0	0.0	0.0	18.8008	0.0	0.0	0.0	0.0	547	0	0	0	50	0	0	0	0	447445	0	0	0	39	0	0	0	0	3460165	0	0	0	68	0	0	0	0	711953	0	0	0	41	0	0	0	0	122514	0	0	0	0	0	0	0	0	1015563	0	0	0	0	0	0	0	0	0.040295	0.0	0.0	0.0	1.0e-6	0.0	0.0	0.0	0.0	0.999973	0.0	0.0	0.0	2.7e-5	0.0	0.0	0.0	0.0	
1851	5762519	5432.851593044	3940.371222222222	3940.3778888888887	0.002885	0.0	5762317	0	0	0	198	0	0	0	0	0.0	0.0	0.0	0.0	0.000391	0.0	0.0	0.0	0.0	1687.2	0.0	0.0	0.0	3722.57	0.0	0.0	0.0	0.0	0.000293	0.0	0.0	0.0	18.8008	0.0	0.0	0.0	0.0	547	0	0	0	50	0	0	0	0	447445	0	0	0	39	0	0	0	0	3461576	0	0	0	68	0	0	0	0	712863	0	0	0	41	0	0	0	0	122596	0	0	0	0	0	0	0	0	1017290	0	0	0	0	0	0	0	0	0.040305	0.0	0.0	0.0	1.0e-6	0.0	0.0	0.0	0.0	0.999973	0.0	0.0	0.0	2.7e-5	0.0	0.0	0.0	0.0	
1852	5766558	5433.851751162	3940.371222222222	3940.3778888888887	0.002879	0.0	5766356	0	0	0	198	0	0	0	0	0.0	0.0	0.0	0.0	0.000391	0.0	0.0	0.0	0.0	1688.2	0.0	0.0	0.0	3722.57	0.0	0.0	0.0	0.0	0.000293	0.0	0.0	0.0	18.8008	0.0	0.0	0.0	0.0	547	0	0	0	50	0	0	0	0	447445	0	0	0	39	0	0	0	0	3463094	0	0	0	68	0	0	0	0	713755	0	0	0	41	0	0	0	0	122683	0	0	0	0	0	0	0	0	1018832	0	0	0	0	0	0	0	0	0.043535	0.0	0.0	0.0	1.0e-6	0.0	0.0	0.0	0.0	0.999975	0.0	0.0	0.0	2.5e-5	0.0	0.0	0.0	0.0	
1853	5770541	5434.851884419	3940.371222222222	3940.3778888888887	0.002874	0.0	5770339	0	0	0	198	0	0	0	0	0.0	0.0	0.0	0.0	0.000391	0.0	0.0	0.0	0.0	1689.2	0.0	0.0	0.0	3722.57	0.0	0.0	0.0	0.0	0.000293	0.0	0.0	0.0	18.8008	0.0	0.0	0.0	0.0	547	0	0	0	50	0	0	0	0	447445	0	0	0	39	0	0	0	0	3464533	0	0	0	68	0	0	0	0	714639	0	0	0	41	0	0	0	0	122763	0	0	0	0	0	0	0	0	1020412	0	0	0	0	0	0	0	0	0.038925	0.0	0.0	0.0	1.0e-6	0.0	0.0	0.0	0.0	0.999972	0.0	0.0	0.0	2.8e-5	0.0	0.0	0.0	0.0	
1854	5774614	5435.852019373	3940.371222222222	3940.3778888888887	0.002868	0.0	5774412	0	0	0	198	0	0	0	0	0.0	0.0	0.0	0.0	0.000391	0.0	0.0	0.0	0.0	1690.2	0.0	0.0	0.0	3722.57	0.0	0.0	0.0	0.0	0.000293	0.0	0.0	0.0	18.8008	0.0	0.0	0.0	0.0	547	0	0	0	50	0	0	0	0	447445	0	0	0	39	0	0	0	0	3466045	0	0	0	68	0	0	0	0	715558	0	0	0	41	0	0	0	0	122837	0	0	0	0	0	0	0	0	1021980	0	0	0	0	0	0	0	0	0.053397	0.0	0.0	0.0	1.0e-6	0.0	0.0	0.0	0.0	0.999979	0.0	0.0	0.0	2.1e-5	0.0	0.0	0.0	0.0	
1855	5778605	5436.852048556	3940.371222222222	3940.3778888888887	0.002863	0.0	5778403	0	0	0	198	0	0	0	0	0.0	0.0	0.0	0.0	0.000391	0.0	0.0	0.0	0.0	1691.19	0.0	0.0	0.0	3722.57	0.0	0.0	0.0	0.0	0.000293	0.0	0.0	0.0	18.8008	0.0	0.0	0.0	0.0	547	0	0	0	50	0	0	0	0	447445	0	0	0	39	0	0	0	0	3467535	0	0	0	68	0	0	0	0	716468	0	0	0	41	0	0	0	0	122915	0	0	0	0	0	0	0	0	1023493	0	0	0	0	0	0	0	0	0.045113	0.0	0.0	0.0	1.0e-6	0.0	0.0	0.0	0.0	0.999976	0.0	0.0	0.0	2.4e-5	0.0	0.0	0.0	0.0	
1856	5782658	5437.853958012	3940.371222222222	3940.3778888888887	0.002857	0.0	5782456	0	0	0	198	0	0	0	0	0.0	0.0	0.0	0.0	0.000391	0.0	0.0	0.0	0.0	1692.19	0.0	0.0	0.0	3722.57	0.0	0.0	0.0	0.0	0.000293	0.0	0.0	0.0	18.8008	0.0	0.0	0.0	0.0	547	0	0	0	50	0	0	0	0	447445	0	0	0	39	0	0	0	0	3469021	0	0	0	68	0	0	0	0	717374	0	0	0	41	0	0	0	0	122999	0	0	0	0	0	0	0	0	1025070	0	0	0	0	0	0	0	0	0.03379	0.0	0.0	0.0	1.0e-6	0.0	0.0	0.0	0.0	0.999967	0.0	0.0	0.0	3.3e-5	0.0	0.0	0.0	0.0	
1857	5786699	5438.854144873	3940.371222222222	3940.3778888888887	0.002852	0.0	5786497	0	0	0	198	0	0	0	0	0.0	0.0	0.0	0.0	0.000391	0.0	0.0	0.0	0.0	1693.19	0.0	0.0	0.0	3722.57	0.0	0.0	0.0	0.0	0.000293	0.0	0.0	0.0	18.8008	0.0	0.0	0.0	0.0	547	0	0	0	50	0	0	0	0	447445	0	0	0	39	0	0	0	0	3470510	0	0	0	68	0	0	0	0	718317	0	0	0	41	0	0	0	0	123078	0	0	0	0	0	0	0	0	1026600	0	0	0	0	0	0	0	0	0.056501	0.0	0.0	0.0	1.0e-6	0.0	0.0	0.0	0.0	0.99998	0.0	0.0	0.0	2.0e-5	0.0	0.0	0.0	0.0	
1858	5790709	5439.854153951	3940.371222222222	3940.3778888888887	0.002846	0.0	5790507	0	0	0	198	0	0	0	0	0.0	0.0	0.0	0.0	0.000391	0.0	0.0	0.0	0.0	1694.19	0.0	0.0	0.0	3722.57	0.0	0.0	0.0	0.0	0.000293	0.0	0.0	0.0	18.8008	0.0	0.0	0.0	0.0	547	0	0	0	50	0	0	0	0	447445	0	0	0	39	0	0	0	0	3471977	0	0	0	68	0	0	0	0	719223	0	0	0	41	0	0	0	0	123173	0	0	0	0	0	0	0	0	1028142	0	0	0	0	0	0	0	0	0.047131	0.0	0.0	0.0	1.0e-6	0.0	0.0	0.0	0.0	0.999977	0.0	0.0	0.0	2.3e-5	0.0	0.0	0.0	0.0	
1859	5794708	5440.854323303	3940.371222222222	3940.3778888888887	0.002841	0.0	5794506	0	0	0	198	0	0	0	0	0.0	0.0	0.0	0.0	0.000391	0.0	0.0	0.0	0.0	1695.19	0.0	0.0	0.0	3722.57	0.0	0.0	0.0	0.0	0.000293	0.0	0.0	0.0	18.8008	0.0	0.0	0.0	0.0	547	0	0	0	50	0	0	0	0	447445	0	0	0	39	0	0	0	0	3473468	0	0	0	68	0	0	0	0	720079	0	0	0	41	0	0	0	0	123256	0	0	0	0	0	0	0	0	1029711	0	0	0	0	0	0	0	0	0.032779	0.0	0.0	0.0	1.0e-6	0.0	0.0	0.0	0.0	0.999966	0.0	0.0	0.0	3.4e-5	0.0	0.0	0.0	0.0	
1860	5798736	5441.854480707	3940.371222222222	3940.3778888888887	0.002835	0.0	5798534	0	0	0	198	0	0	0	0	0.0	0.0	0.0	0.0	0.000391	0.0	0.0	0.0	0.0	1696.19	0.0	0.0	0.0	3722.57	0.0	0.0	0.0	0.0	0.000293	0.0	0.0	0.0	18.8008	0.0	0.0	0.0	0.0	547	0	0	0	50	0	0	0	0	447445	0	0	0	39	0	0	0	0	3474978	0	0	0	68	0	0	0	0	720943	0	0	0	41	0	0	0	0	123323	0	0	0	0	0	0	0	0	1031298	0	0	0	0	0	0	0	0	0.052923	0.0	0.0	0.0	1.0e-6	0.0	0.0	0.0	0.0	0.999979	0.0	0.0	0.0	2.1e-5	0.0	0.0	0.0	0.0	
1861	5802797	5442.855772184	3940.371222222222	3940.3778888888887	0.00283	0.0	5802595	0	0	0	198	0	0	0	0	0.0	0.0	0.0	0.0	0.000391	0.0	0.0	0.0	0.0	1697.19	0.0	0.0	0.0	3722.57	0.0	0.0	0.0	0.0	0.000292	0.0	0.0	0.0	18.8008	0.0	0.0	0.0	0.0	547	0	0	0	50	0	0	0	0	447445	0	0	0	39	0	0	0	0	3476485	0	0	0	68	0	0	0	0	721829	0	0	0	41	0	0	0	0	123390	0	0	0	0	0	0	0	0	1032899	0	0	0	0	0	0	0	0	0.040246	0.0	0.0	0.0	1.0e-6	0.0	0.0	0.0	0.0	0.999973	0.0	0.0	0.0	2.7e-5	0.0	0.0	0.0	0.0	
1862	5806685	5464.779375859	3937.389	3937.389	0.002825	0.0	5806482	0	0	0	199	0	0	0	0	0.0	0.0	0.0	0.0	0.100352	0.0	0.0	0.0	0.0	1698.12	0.0	0.0	0.0	3743.55	0.0	0.0	0.0	0.0	0.000292	0.0	0.0	0.0	18.8118	0.0	0.0	0.0	0.0	547	0	0	0	51	0	0	0	0	447445	0	0	0	39	0	0	0	0	3477888	0	0	0	68	0	0	0	0	722663	0	0	0	41	0	0	0	0	123467	0	0	0	0	0	0	0	0	1034472	0	0	0	0	0	0	0	0	0.042607	0.0	0.0	0.0	0.000284	0.0	0.0	0.0	0.0	0.993388	0.0	0.0	0.0	0.006612	0.0	0.0	0.0	0.0	
1863	5807332	5469.896171407	3937.3778888888887	3937.3778888888887	0.002712	0.0	5807128	0	0	0	200	0	0	0	0	0.0	0.0	0.0	0.0	0.090316	0.0	0.0	0.0	0.0	1698.3	0.0	0.0	0.0	3748.49	0.0	0.0	0.0	0.0	0.000292	0.0	0.0	0.0	18.7425	0.0	0.0	0.0	0.0	549	0	0	0	51	0	0	0	0	447445	0	0	0	39	0	0	0	0	3478132	0	0	0	68	0	0	0	0	722797	0	0	0	42	0	0	0	0	123475	0	0	0	0	0	0	0	0	1034730	0	0	0	0	0	0	0	0	0.037062	0.0	0.0	0.0	0.000257	0.0	0.0	0.0	0.0	0.993111	0.0	0.0	0.0	0.006889	0.0	0.0	0.0	0.0	
1864	5807343	5474.779923808	3937.3778888888887	3937.3778888888887	0.002686	0.0	5807138	0	0	0	201	0	0	0	0	0.0	0.0	0.0	0.0	0.081285	0.0	0.0	0.0	0.0	1698.3	0.0	0.0	0.0	3753.37	0.0	0.0	0.0	0.0	0.000292	0.0	0.0	0.0	18.6735	0.0	0.0	0.0	0.0	549	0	0	0	51	0	0	0	0	447445	0	0	0	39	0	0	0	0	3478133	0	0	0	68	0	0	0	0	722800	0	0	0	43	0	0	0	0	123476	0	0	0	0	0	0	0	0	1034735	0	0	0	0	0	0	0	0	0.027147	0.0	0.0	0.0	0.000233	0.0	0.0	0.0	0.0	0.991486	0.0	0.0	0.0	0.008514	0.0	0.0	0.0	0.0	
1865	5807413	5485.801498876	3937.3778888888887	3937.3778888888887	0.002661	0.0	5807207	0	0	0	202	0	0	0	0	0.0	0.0	0.0	0.0	0.073156	0.0	0.0	0.0	0.0	1698.32	0.0	0.0	0.0	3764.38	0.0	0.0	0.0	0.0	0.000292	0.0	0.0	0.0	18.6355	0.0	0.0	0.0	0.0	549	0	0	0	51	0	0	0	0	447445	0	0	0	39	0	0	0	0	3478154	0	0	0	68	0	0	0	0	722812	0	0	0	44	0	0	0	0	123476	0	0	0	0	0	0	0	0	1034771	0	0	0	0	0	0	0	0	0.028718	0.0	0.0	0.0	0.000211	0.0	0.0	0.0	0.0	0.992718	0.0	0.0	0.0	0.007282	0.0	0.0	0.0	0.0	
1866	5807643	5495.279561593	3935.389	3935.389	0.002605	0.0	5807436	0	0	0	203	0	0	0	0	0.0	0.0	0.0	0.0	0.165841	0.0	0.0	0.0	0.0	1698.39	0.0	0.0	0.0	3773.79	0.0	0.0	0.0	0.0	0.000292	0.0	0.0	0.0	18.5901	0.0	0.0	0.0	0.0	549	0	0	0	52	0	0	0	0	447445	0	0	0	39	0	0	0	0	3478241	0	0	0	68	0	0	0	0	722861	0	0	0	44	0	0	0	0	123477	0	0	0	0	0	0	0	0	1034863	0	0	0	0	0	0	0	0	0.045862	0.0	0.0	0.0	0.00048	0.0	0.0	0.0	0.0	0.989645	0.0	0.0	0.0	0.010355	0.0	0.0	0.0	0.0	
1867	5807648	5580.896685068	3935.389	3935.389	0.002558	0.0	5807440	0	0	0	204	0	0	0	0	0.0	0.0	0.0	0.0	0.149257	0.0	0.0	0.0	0.0	1698.39	0.0	0.0	0.0	3859.41	0.0	0.0	0.0	0.0	0.000292	0.0	0.0	0.0	18.9187	0.0	0.0	0.0	0.0	549	0	0	0	52	0	0	0	0	447445	0	0	0	39	0	0	0	0	3478242	0	0	0	69	0	0	0	0	722862	0	0	0	44	0	0	0	0	123477	0	0	0	0	0	0	0	0	1034865	0	0	0	0	0	0	0	0	0.0426	0.0	0.0	0.0	0.000417	0.0	0.0	0.0	0.0	0.990306	0.0	0.0	0.0	0.009694	0.0	0.0	0.0	0.0	
1868	5808008	5589.728470816	3935.3778888888887	3935.3778888888887	0.002169	0.0	5807799	0	0	0	205	0	0	0	0	0.0	0.0	0.0	0.0	0.134331	0.0	0.0	0.0	0.0	1698.52	0.0	0.0	0.0	3868.11	0.0	0.0	0.0	0.0	0.000292	0.0	0.0	0.0	18.8688	0.0	0.0	0.0	0.0	551	0	0	0	52	0	0	0	0	447445	0	0	0	39	0	0	0	0	3478382	0	0	0	69	0	0	0	0	722936	0	0	0	45	0	0	0	0	123482	0	0	0	0	0	0	0	0	1035003	0	0	0	0	0	0	0	0	0.062037	0.0	0.0	0.0	0.000377	0.0	0.0	0.0	0.0	0.993955	0.0	0.0	0.0	0.006045	0.0	0.0	0.0	0.0	
1869	5808159	5592.733657775	3935.3778888888887	3935.3778888888887	0.002133	0.0	5807949	0	0	0	206	0	0	0	0	0.0	0.0	0.0	0.0	0.120898	0.0	0.0	0.0	0.0	1698.55	0.0	0.0	0.0	3871.08	0.0	0.0	0.0	0.0	0.000292	0.0	0.0	0.0	18.7916	0.0	0.0	0.0	0.0	551	0	0	0	52	0	0	0	0	447445	0	0	0	39	0	0	0	0	3478432	0	0	0	69	0	0	0	0	722968	0	0	0	46	0	0	0	0	123486	0	0	0	0	0	0	0	0	1035067	0	0	0	0	0	0	0	0	0.04376	0.0	0.0	0.0	0.000342	0.0	0.0	0.0	0.0	0.992237	0.0	0.0	0.0	0.007763	0.0	0.0	0.0	0.0	
1870	5808271	5602.521384861	3935.3778888888887	3935.3778888888887	0.002121	0.0	5808060	0	0	0	207	0	0	0	0	0.0	0.0	0.0	0.0	0.108808	0.0	0.0	0.0	0.0	1698.59	0.0	0.0	0.0	3880.82	0.0	0.0	0.0	0.0	0.000292	0.0	0.0	0.0	18.7479	0.0	0.0	0.0	0.0	551	0	0	0	52	0	0	0	0	447445	0	0	0	39	0	0	0	0	3478476	0	0	0	69	0	0	0	0	722989	0	0	0	47	0	0	0	0	123489	0	0	0	0	0	0	0	0	1035110	0	0	0	0	0	0	0	0	0.053536	0.0	0.0	0.0	0.00031	0.0	0.0	0.0	0.0	0.994251	0.0	0.0	0.0	0.005749	0.0	0.0	0.0	0.0	
1871	5808649	5607.228021136	3935.3778888888887	3935.3778888888887	0.002081	0.0	5808437	0	0	0	208	0	0	0	0	0.0	0.0	0.0	0.0	0.097927	0.0	0.0	0.0	0.0	1698.69	0.0	0.0	0.0	3885.43	0.0	0.0	0.0	0.0	0.000292	0.0	0.0	0.0	18.68	0.0	0.0	0.0	0.0	551	0	0	0	52	0	0	0	0	447445	0	0	0	39	0	0	0	0	3478608	0	0	0	69	0	0	0	0	723063	0	0	0	48	0	0	0	0	123495	0	0	0	0	0	0	0	0	1035275	0	0	0	0	0	0	0	0	0.046445	0.0	0.0	0.0	0.000281	0.0	0.0	0.0	0.0	0.993994	0.0	0.0	0.0	0.006006	0.0	0.0	0.0	0.0	
1872	5808814	5611.661786676	3935.3778888888887	3935.3778888888887	0.002062	0.0	5808601	0	0	0	209	0	0	0	0	0.0	0.0	0.0	0.0	0.088134	0.0	0.0	0.0	0.0	1698.74	0.0	0.0	0.0	3889.82	0.0	0.0	0.0	0.0	0.000292	0.0	0.0	0.0	18.6116	0.0	0.0	0.0	0.0	551	0	0	0	52	0	0	0	0	447445	0	0	0	39	0	0	0	0	3478663	0	0	0	69	0	0	0	0	723096	0	0	0	49	0	0	0	0	123496	0	0	0	0	0	0	0	0	1035350	0	0	0	0	0	0	0	0	0.036693	0.0	0.0	0.0	0.000254	0.0	0.0	0.0	0.0	0.993114	0.0	0.0	0.0	0.006886	0.0	0.0	0.0	0.0	
1873	5808843	5619.972669381	3935.3778888888887	3935.3778888888887	0.002045	0.0	5808629	0	0	0	210	0	0	0	0	0.0	0.0	0.0	0.0	0.079321	0.0	0.0	0.0	0.0	1698.74	0.0	0.0	0.0	3898.13	0.0	0.0	0.0	0.0	0.000292	0.0	0.0	0.0	18.5625	0.0	0.0	0.0	0.0	551	0	0	0	52	0	0	0	0	447445	0	0	0	39	0	0	0	0	3478670	0	0	0	69	0	0	0	0	723104	0	0	0	50	0	0	0	0	123497	0	0	0	0	0	0	0	0	1035362	0	0	0	0	0	0	0	0	0.029225	0.0	0.0	0.0	0.00023	0.0	0.0	0.0	0.0	0.992185	0.0	0.0	0.0	0.007815	0.0	0.0	0.0	0.0	
1874	5808982	5628.505894856	3935.3778888888887	3935.3778888888887	0.002012	0.0	5808767	0	0	0	211	0	0	0	0	0.0	0.0	0.0	0.0	0.071389	0.0	0.0	0.0	0.0	1698.78	0.0	0.0	0.0	3906.63	0.0	0.0	0.0	0.0	0.000292	0.0	0.0	0.0	18.5148	0.0	0.0	0.0	0.0	551	0	0	0	52	0	0	0	0	447445	0	0	0	39	0	0	0	0	3478720	0	0	0	69	0	0	0	0	723131	0	0	0	51	0	0	0	0	123498	0	0	0	0	0	0	0	0	1035422	0	0	0	0	0	0	0	0	0.043819	0.0	0.0	0.0	0.000208	0.0	0.0	0.0	0.0	0.99527	0.0	0.0	0.0	0.00473	0.0	0.0	0.0	0.0	
1875	5809195	5749.304380779	3935.3778888888887	3935.3778888888887	0.001979	0.0	5808979	0	0	0	212	0	0	0	0	0.0	0.0	0.0	0.0	0.06425	0.0	0.0	0.0	0.0	1698.84	0.0	0.0	0.0	4027.36	0.0	0.0	0.0	0.0	0.000292	0.0	0.0	0.0	18.997	0.0	0.0	0.0	0.0	551	0	0	0	52	0	0	0	0	447445	0	0	0	39	0	0	0	0	3478793	0	0	0	69	0	0	0	0	723180	0	0	0	52	0	0	0	0	123502	0	0	0	0	0	0	0	0	1035508	0	0	0	0	0	0	0	0	0.021366	0.0	0.0	0.0	0.000178	0.0	0.0	0.0	0.0	0.991736	0.0	0.0	0.0	0.008264	0.0	0.0	0.0	0.0	
1876	5809528	5765.620174481	3935.3778888888887	3935.3778888888887	0.001569	0.0	5809311	0	0	0	213	0	0	0	0	0.0	0.0	0.0	0.0	0.057825	0.0	0.0	0.0	0.0	1698.96	0.0	0.0	0.0	4043.55	0.0	0.0	0.0	0.0	0.000292	0.0	0.0	0.0	18.9838	0.0	0.0	0.0	0.0	551	0	0	0	52	0	0	0	0	447445	0	0	0	39	0	0	0	0	3478933	0	0	0	69	0	0	0	0	723239	0	0	0	53	0	0	0	0	123511	0	0	0	0	0	0	0	0	1035632	0	0	0	0	0	0	0	0	0.040972	0.0	0.0	0.0	0.00016	0.0	0.0	0.0	0.0	0.996099	0.0	0.0	0.0	0.003901	0.0	0.0	0.0	0.0	
1877	5809581	5782.290007092	3935.3778888888887	3935.3778888888887	0.001521	0.0	5809363	0	0	0	214	0	0	0	0	0.0	0.0	0.0	0.0	0.052042	0.0	0.0	0.0	0.0	1698.98	0.0	0.0	0.0	4060.21	0.0	0.0	0.0	0.0	0.000292	0.0	0.0	0.0	18.9729	0.0	0.0	0.0	0.0	551	0	0	0	52	0	0	0	0	447445	0	0	0	39	0	0	0	0	3478952	0	0	0	69	0	0	0	0	723253	0	0	0	54	0	0	0	0	123511	0	0	0	0	0	0	0	0	1035651	0	0	0	0	0	0	0	0	0.040586	0.0	0.0	0.0	0.000145	0.0	0.0	0.0	0.0	0.99645	0.0	0.0	0.0	0.00355	0.0	0.0	0.0	0.0	
1878	5810145	5787.693593397	3935.3778888888887	3935.3778888888887	0.001472	0.0	5809926	0	0	0	215	0	0	0	0	0.0	0.0	0.0	0.0	0.046838	0.0	0.0	0.0	0.0	1699.15	0.0	0.0	0.0	4065.44	0.0	0.0	0.0	0.0	0.000292	0.0	0.0	0.0	18.909	0.0	0.0	0.0	0.0	551	0	0	0	52	0	0	0	0	447445	0	0	0	39	0	0	0	0	3479145	0	0	0	69	0	0	0	0	723389	0	0	0	55	0	0	0	0	123520	0	0	0	0	0	0	0	0	1035876	0	0	0	0	0	0	0	0	0.042752	0.0	0.0	0.0	0.000131	0.0	0.0	0.0	0.0	0.996945	0.0	0.0	0.0	0.003055	0.0	0.0	0.0	0.0	
1879	5810495	5794.749629547	3935.3778888888887	3935.3778888888887	0.001457	0.0	5810275	0	0	0	216	0	0	0	0	0.0	0.0	0.0	0.0	0.042154	0.0	0.0	0.0	0.0	1699.24	0.0	0.0	0.0	4072.41	0.0	0.0	0.0	0.0	0.000292	0.0	0.0	0.0	18.8537	0.0	0.0	0.0	0.0	551	0	0	0	52	0	0	0	0	447445	0	0	0	39	0	0	0	0	3479279	0	0	0	69	0	0	0	0	723472	0	0	0	56	0	0	0	0	123526	0	0	0	0	0	0	0	0	1036002	0	0	0	0	0	0	0	0	0.042261	0.0	0.0	0.0	0.000119	0.0	0.0	0.0	0.0	0.997202	0.0	0.0	0.0	0.002798	0.0	0.0	0.0	0.0	
1880	5810765	5805.956204426	3935.3778888888887	3935.3778888888887	0.001438	0.0	5810544	0	0	0	217	0	0	0	0	0.0	0.0	0.0	0.0	0.037939	0.0	0.0	0.0	0.0	1699.31	0.0	0.0	0.0	4083.54	0.0	0.0	0.0	0.0	0.000292	0.0	0.0	0.0	18.8182	0.0	0.0	0.0	0.0	551	0	0	0	52	0	0	0	0	447445	0	0	0	39	0	0	0	0	3479393	0	0	0	69	0	0	0	0	723527	0	0	0	57	0	0	0	0	123531	0	0	0	0	0	0	0	0	1036097	0	0	0	0	0	0	0	0	0.062821	0.0	0.0	0.0	0.000107	0.0	0.0	0.0	0.0	0.998298	0.0	0.0	0.0	0.001702	0.0	0.0	0.0	0.0	
1881	5811138	5823.273125597	3935.3778888888887	3935.3778888888887	0.001407	0.0	5810916	0	0	0	218	0	0	0	0	0.0	0.0	0.0	0.0	0.034145	0.0	0.0	0.0	0.0	1699.42	0.0	0.0	0.0	4100.75	0.0	0.0	0.0	0.0	0.000292	0.0	0.0	0.0	18.8108	0.0	0.0	0.0	0.0	551	0	0	0	52	0	0	0	0	447445	0	0	0	39	0	0	0	0	3479506	0	0	0	69	0	0	0	0	723626	0	0	0	58	0	0	0	0	123538	0	0	0	0	0	0	0	0	1036250	0	0	0	0	0	0	0	0	0.031146	0.0	0.0	0.0	9.6e-5	0.0	0.0	0.0	0.0	0.996911	0.0	0.0	0.0	0.003089	0.0	0.0	0.0	0.0	
1882	5811204	5838.499247433	3935.3778888888887	3935.3778888888887	0.001361	0.0	5810981	0	0	0	219	0	0	0	0	0.0	0.0	0.0	0.0	0.030731	0.0	0.0	0.0	0.0	1699.43	0.0	0.0	0.0	4115.96	0.0	0.0	0.0	0.0	0.000292	0.0	0.0	0.0	18.7943	0.0	0.0	0.0	0.0	551	0	0	0	52	0	0	0	0	447445	0	0	0	39	0	0	0	0	3479533	0	0	0	69	0	0	0	0	723642	0	0	0	59	0	0	0	0	123538	0	0	0	0	0	0	0	0	1036272	0	0	0	0	0	0	0	0	0.05074	0.0	0.0	0.0	8.7e-5	0.0	0.0	0.0	0.0	0.998288	0.0	0.0	0.0	0.001712	0.0	0.0	0.0	0.0	
1883	5811411	5852.99827169	3935.3778888888887	3935.3778888888887	0.001322	0.0	5811187	0	0	0	220	0	0	0	0	0.0	0.0	0.0	0.0	0.027658	0.0	0.0	0.0	0.0	1699.5	0.0	0.0	0.0	4130.39	0.0	0.0	0.0	0.0	0.000292	0.0	0.0	0.0	18.7745	0.0	0.0	0.0	0.0	551	0	0	0	52	0	0	0	0	447445	0	0	0	39	0	0	0	0	3479614	0	0	0	69	0	0	0	0	723684	0	0	0	60	0	0	0	0	123542	0	0	0	0	0	0	0	0	1036351	0	0	0	0	0	0	0	0	0.04395	0.0	0.0	0.0	7.8e-5	0.0	0.0	0.0	0.0	0.998218	0.0	0.0	0.0	0.001782	0.0	0.0	0.0	0.0	
1884	5812208	5856.42744847	3935.3778888888887	3935.3778888888887	0.001285	0.0	5811983	0	0	0	221	0	0	0	0	0.0	0.0	0.0	0.0	0.024892	0.0	0.0	0.0	0.0	1699.71	0.0	0.0	0.0	4133.61	0.0	0.0	0.0	0.0	0.000292	0.0	0.0	0.0	18.7041	0.0	0.0	0.0	0.0	551	0	0	0	52	0	0	0	0	447445	0	0	0	39	0	0	0	0	3479912	0	0	0	69	0	0	0	0	723849	0	0	0	61	0	0	0	0	123558	0	0	0	0	0	0	0	0	1036668	0	0	0	0	0	0	0	0	0.05107	0.0	0.0	0.0	7.1e-5	0.0	0.0	0.0	0.0	0.998609	0.0	0.0	0.0	0.001391	0.0	0.0	0.0	0.0	
1885	5812453	5864.906033327	3935.3778888888887	3935.3778888888887	0.001277	0.0	5812227	0	0	0	222	0	0	0	0	0.0	0.0	0.0	0.0	0.022403	0.0	0.0	0.0	0.0	1699.77	0.0	0.0	0.0	4142.03	0.0	0.0	0.0	0.0	0.000292	0.0	0.0	0.0	18.6578	0.0	0.0	0.0	0.0	551	0	0	0	52	0	0	0	0	447445	0	0	0	39	0	0	0	0	3479991	0	0	0	69	0	0	0	0	723905	0	0	0	62	0	0	0	0	123560	0	0	0	0	0	0	0	0	1036775	0	0	0	0	0	0	0	0	0.027508	0.0	0.0	0.0	6.4e-5	0.0	0.0	0.0	0.0	0.997666	0.0	0.0	0.0	0.002334	0.0	0.0	0.0	0.0	
1886	5812778	5962.45810338	3935.3778888888887	3935.3778888888887	0.001256	0.0	5812551	0	0	0	223	0	0	0	0	0.0	0.0	0.0	0.0	0.020162	0.0	0.0	0.0	0.0	1699.86	0.0	0.0	0.0	4239.49	0.0	0.0	0.0	0.0	0.000292	0.0	0.0	0.0	19.0112	0.0	0.0	0.0	0.0	551	0	0	0	52	0	0	0	0	447445	0	0	0	39	0	0	0	0	3480117	0	0	0	69	0	0	0	0	723977	0	0	0	63	0	0	0	0	123565	0	0	0	0	0	0	0	0	1036896	0	0	0	0	0	0	0	0	0.051173	0.0	0.0	0.0	5.6e-5	0.0	0.0	0.0	0.0	0.998911	0.0	0.0	0.0	0.001089	0.0	0.0	0.0	0.0	
1887	5813438	5978.025660937	3935.3778888888887	3935.3778888888887	0.001041	0.0	5813210	0	0	0	224	0	0	0	0	0.0	0.0	0.0	0.0	0.018146	0.0	0.0	0.0	0.0	1700.06	0.0	0.0	0.0	4254.86	0.0	0.0	0.0	0.0	0.000292	0.0	0.0	0.0	18.9949	0.0	0.0	0.0	0.0	551	0	0	0	52	0	0	0	0	447445	0	0	0	39	0	0	0	0	3480368	0	0	0	69	0	0	0	0	724132	0	0	0	64	0	0	0	0	123575	0	0	0	0	0	0	0	0	1037139	0	0	0	0	0	0	0	0	0.046127	0.0	0.0	0.0	5.0e-5	0.0	0.0	0.0	0.0	0.998911	0.0	0.0	0.0	0.001089	0.0	0.0	0.0	0.0	
1888	5814476	5983.55881796	3935.3778888888887	3935.3778888888887	0.00101	0.0	5814247	0	0	0	225	0	0	0	0	0.0	0.0	0.0	0.0	0.016331	0.0	0.0	0.0	0.0	1700.35	0.0	0.0	0.0	4260.1	0.0	0.0	0.0	0.0	0.000292	0.0	0.0	0.0	18.9338	0.0	0.0	0.0	0.0	551	0	0	0	52	0	0	0	0	447445	0	0	0	39	0	0	0	0	3480757	0	0	0	69	0	0	0	0	724370	0	0	0	65	0	0	0	0	123596	0	0	0	0	0	0	0	0	1037528	0	0	0	0	0	0	0	0	0.040516	0.0	0.0	0.0	4.6e-5	0.0	0.0	0.0	0.0	0.998877	0.0	0.0	0.0	0.001123	0.0	0.0	0.0	0.0	
1889	5815588	5994.853229445	3935.3778888888887	3935.3778888888887	0.000999	0.0	5815358	0	0	0	226	0	0	0	0	0.0	0.0	0.0	0.0	0.014698	0.0	0.0	0.0	0.0	1700.64	0.0	0.0	0.0	4271.11	0.0	0.0	0.0	0.0	0.000292	0.0	0.0	0.0	18.8987	0.0	0.0	0.0	0.0	551	0	0	0	52	0	0	0	0	447445	0	0	0	39	0	0	0	0	3481171	0	0	0	69	0	0	0	0	724622	0	0	0	66	0	0	0	0	123607	0	0	0	0	0	0	0	0	1037962	0	0	0	0	0	0	0	0	0.033884	0.0	0.0	0.0	4.1e-5	0.0	0.0	0.0	0.0	0.998787	0.0	0.0	0.0	0.001213	0.0	0.0	0.0	0.0	
1890	5815675	6003.607976615	3935.3778888888887	3935.3778888888887	0.000978	0.0	5815444	0	0	0	227	0	0	0	0	0.0	0.0	0.0	0.0	0.013228	0.0	0.0	0.0	0.0	1700.66	0.0	0.0	0.0	4279.84	0.0	0.0	0.0	0.0	0.000292	0.0	0.0	0.0	18.8539	0.0	0.0	0.0	0.0	551	0	0	0	52	0	0	0	0	447445	0	0	0	39	0	0	0	0	3481205	0	0	0	69	0	0	0	0	724638	0	0	0	67	0	0	0	0	123607	0	0	0	0	0	0	0	0	1037998	0	0	0	0	0	0	0	0	0.041379	0.0	0.0	0.0	3.7e-5	0.0	0.0	0.0	0.0	0.999101	0.0	0.0	0.0	0.000899	0.0	0.0	0.0	0.0	
1891	5816928	6021.000483642	3935.3778888888887	3935.3778888888887	0.000961	0.0	5816696	0	0	0	228	0	0	0	0	0.0	0.0	0.0	0.0	0.011906	0.0	0.0	0.0	0.0	1701.01	0.0	0.0	0.0	4296.89	0.0	0.0	0.0	0.0	0.000292	0.0	0.0	0.0	18.846	0.0	0.0	0.0	0.0	551	0	0	0	52	0	0	0	0	447445	0	0	0	39	0	0	0	0	3481635	0	0	0	69	0	0	0	0	724943	0	0	0	68	0	0	0	0	123625	0	0	0	0	0	0	0	0	1038497	0	0	0	0	0	0	0	0	0.037364	0.0	0.0	0.0	3.4e-5	0.0	0.0	0.0	0.0	0.999104	0.0	0.0	0.0	0.000896	0.0	0.0	0.0	0.0	
1892	5817573	6024.148131937	3935.3778888888887	3935.3778888888887	0.00093	0.0	5817340	0	0	0	229	0	0	0	0	0.0	0.0	0.0	0.0	0.010715	0.0	0.0	0.0	0.0	1701.18	0.0	0.0	0.0	4299.86	0.0	0.0	0.0	0.0	0.000292	0.0	0.0	0.0	18.7767	0.0	0.0	0.0	0.0	551	0	0	0	52	0	0	0	0	447445	0	0	0	39	0	0	0	0	3481851	0	0	0	69	0	0	0	0	725085	0	0	0	69	0	0	0	0	123634	0	0	0	0	0	0	0	0	1038774	0	0	0	0	0	0	0	0	0.037938	0.0	0.0	0.0	3.0e-5	0.0	0.0	0.0	0.0	0.9992	0.0	0.0	0.0	0.0008	0.0	0.0	0.0	0.0	
1893	5817908	6028.7135615	3935.3778888888887	3935.3778888888887	0.000925	0.0	5817674	0	0	0	230	0	0	0	0	0.0	0.0	0.0	0.0	0.009644	0.0	0.0	0.0	0.0	1701.27	0.0	0.0	0.0	4304.34	0.0	0.0	0.0	0.0	0.000292	0.0	0.0	0.0	18.7145	0.0	0.0	0.0	0.0	551	0	0	0	52	0	0	0	0	447445	0	0	0	39	0	0	0	0	3481967	0	0	0	69	0	0	0	0	725159	0	0	0	70	0	0	0	0	123640	0	0	0	0	0	0	0	0	1038912	0	0	0	0	0	0	0	0	0.045241	0.0	0.0	0.0	2.8e-5	0.0	0.0	0.0	0.0	0.999392	0.0	0.0	0.0	0.000608	0.0	0.0	0.0	0.0	
1894	5821729	6029.713611639	3935.3778888888887	3935.3778888888887	0.000915	0.0	5821495	0	0	0	230	0	0	0	0	0.0	0.0	0.0	0.0	0.009644	0.0	0.0	0.0	0.0	1702.27	0.0	0.0	0.0	4304.34	0.0	0.0	0.0	0.0	0.000292	0.0	0.0	0.0	18.7145	0.0	0.0	0.0	0.0	551	0	0	0	52	0	0	0	0	447445	0	0	0	39	0	0	0	0	3483474	0	0	0	69	0	0	0	0	726006	0	0	0	70	0	0	0	0	123697	0	0	0	0	0	0	0	0	1040322	0	0	0	0	0	0	0	0	0.043875	0.0	0.0	0.0	2.8e-5	0.0	0.0	0.0	0.0	0.999373	0.0	0.0	0.0	0.000627	0.0	0.0	0.0	0.0	
1895	5822936	6047.736893143	3935.3778888888887	3935.3778888888887	0.000914	0.0	5822701	0	0	0	231	0	0	0	0	0.0	0.0	0.0	0.0	0.008679	0.0	0.0	0.0	0.0	1702.57	0.0	0.0	0.0	4322.05	0.0	0.0	0.0	0.0	0.000292	0.0	0.0	0.0	18.7102	0.0	0.0	0.0	0.0	551	0	0	0	52	0	0	0	0	447445	0	0	0	39	0	0	0	0	3483917	0	0	0	69	0	0	0	0	726289	0	0	0	71	0	0	0	0	123714	0	0	0	0	0	0	0	0	1040785	0	0	0	0	0	0	0	0	0.045794	0.0	0.0	0.0	2.5e-5	0.0	0.0	0.0	0.0	0.999459	0.0	0.0	0.0	0.000541	0.0	0.0	0.0	0.0	
1896	5823957	6051.77936579	3935.3778888888887	3935.3778888888887	0.000883	0.0	5823721	0	0	0	232	0	0	0	0	0.0	0.0	0.0	0.0	0.007811	0.0	0.0	0.0	0.0	1702.86	0.0	0.0	0.0	4325.81	0.0	0.0	0.0	0.0	0.000292	0.0	0.0	0.0	18.6457	0.0	0.0	0.0	0.0	551	0	0	0	52	0	0	0	0	447445	0	0	0	39	0	0	0	0	3484317	0	0	0	69	0	0	0	0	726503	0	0	0	72	0	0	0	0	123724	0	0	0	0	0	0	0	0	1041181	0	0	0	0	0	0	0	0	0.041342	0.0	0.0	0.0	2.2e-5	0.0	0.0	0.0	0.0	0.999457	0.0	0.0	0.0	0.000543	0.0	0.0	0.0	0.0	
1897	5826151	6106.332061412	3935.3778888888887	3935.3778888888887	0.000876	0.0	5825914	0	0	0	233	0	0	0	0	0.0	0.0	0.0	0.0	0.00703	0.0	0.0	0.0	0.0	1703.42	0.0	0.0	0.0	4379.8	0.0	0.0	0.0	0.0	0.000292	0.0	0.0	0.0	18.7974	0.0	0.0	0.0	0.0	551	0	0	0	52	0	0	0	0	447445	0	0	0	39	0	0	0	0	3485119	0	0	0	69	0	0	0	0	726989	0	0	0	73	0	0	0	0	123767	0	0	0	0	0	0	0	0	1042043	0	0	0	0	0	0	0	0	0.038926	0.0	0.0	0.0	2.0e-5	0.0	0.0	0.0	0.0	0.999489	0.0	0.0	0.0	0.000511	0.0	0.0	0.0	0.0	
1898	5828395	6119.602911562	3935.3778888888887	3935.3778888888887	0.000789	0.0	5828157	0	0	0	234	0	0	0	0	0.0	0.0	0.0	0.0	0.006327	0.0	0.0	0.0	0.0	1704.01	0.0	0.0	0.0	4392.48	0.0	0.0	0.0	0.0	0.000292	0.0	0.0	0.0	18.7713	0.0	0.0	0.0	0.0	551	0	0	0	52	0	0	0	0	447445	0	0	0	39	0	0	0	0	3485951	0	0	0	69	0	0	0	0	727488	0	0	0	74	0	0	0	0	123809	0	0	0	0	0	0	0	0	1042913	0	0	0	0	0	0	0	0	0.04435	0.0	0.0	0.0	1.8e-5	0.0	0.0	0.0	0.0	0.999595	0.0	0.0	0.0	0.000405	0.0	0.0	0.0	0.0	
1899	5830211	6127.108487073	3935.3778888888887	3935.3778888888887	0.000769	0.0	5829972	0	0	0	235	0	0	0	0	0.0	0.0	0.0	0.0	0.005694	0.0	0.0	0.0	0.0	1704.49	0.0	0.0	0.0	4399.51	0.0	0.0	0.0	0.0	0.000292	0.0	0.0	0.0	18.7213	0.0	0.0	0.0	0.0	551	0	0	0	52	0	0	0	0	447445	0	0	0	39	0	0	0	0	3486608	0	0	0	69	0	0	0	0	727897	0	0	0	75	0	0	0	0	123826	0	0	0	0	0	0	0	0	1043645	0	0	0	0	0	0	0	0	0.04381	0.0	0.0	0.0	1.6e-5	0.0	0.0	0.0	0.0	0.999629	0.0	0.0	0.0	0.000371	0.0	0.0	0.0	0.0	
1900	5831455	6130.603301175	3935.3778888888887	3935.3778888888887	0.000758	0.0	5831215	0	0	0	236	0	0	0	0	0.0	0.0	0.0	0.0	0.005125	0.0	0.0	0.0	0.0	1704.82	0.0	0.0	0.0	4402.67	0.0	0.0	0.0	0.0	0.000292	0.0	0.0	0.0	18.6554	0.0	0.0	0.0	0.0	551	0	0	0	52	0	0	0	0	447445	0	0	0	39	0	0	0	0	3487089	0	0	0	69	0	0	0	0	728163	0	0	0	76	0	0	0	0	123843	0	0	0	0	0	0	0	0	1044124	0	0	0	0	0	0	0	0	0.053346	0.0	0.0	0.0	1.5e-5	0.0	0.0	0.0	0.0	0.999724	0.0	0.0	0.0	0.000276	0.0	0.0	0.0	0.0	
1901	5832353	6135.638205018	3935.3778888888887	3935.3778888888887	0.000753	0.0	5832112	0	0	0	237	0	0	0	0	0.0	0.0	0.0	0.0	0.004612	0.0	0.0	0.0	0.0	1705.06	0.0	0.0	0.0	4407.47	0.0	0.0	0.0	0.0	0.000292	0.0	0.0	0.0	18.5969	0.0	0.0	0.0	0.0	551	0	0	0	52	0	0	0	0	447445	0	0	0	39	0	0	0	0	3487425	0	0	0	69	0	0	0	0	728364	0	0	0	77	0	0	0	0	123862	0	0	0	0	0	0	0	0	1044465	0	0	0	0	0	0	0	0	0.041047	0.0	0.0	0.0	1.3e-5	0.0	0.0	0.0	0.0	0.999675	0.0	0.0	0.0	0.000325	0.0	0.0	0.0	0.0	
1902	5836220	6136.638318412	3935.3778888888887	3935.3778888888887	0.000745	0.0	5835979	0	0	0	237	0	0	0	0	0.0	0.0	0.0	0.0	0.004612	0.0	0.0	0.0	0.0	1706.06	0.0	0.0	0.0	4407.47	0.0	0.0	0.0	0.0	0.000292	0.0	0.0	0.0	18.5969	0.0	0.0	0.0	0.0	551	0	0	0	52	0	0	0	0	447445	0	0	0	39	0	0	0	0	3488857	0	0	0	69	0	0	0	0	729226	0	0	0	77	0	0	0	0	123908	0	0	0	0	0	0	0	0	1045992	0	0	0	0	0	0	0	0	0.057301	0.0	0.0	0.0	1.3e-5	0.0	0.0	0.0	0.0	0.999767	0.0	0.0	0.0	0.000233	0.0	0.0	0.0	0.0	
1903	5836717	6141.089023096	3935.3778888888887	3935.3778888888887	0.000745	0.0	5836475	0	0	0	238	0	0	0	0	0.0	0.0	0.0	0.0	0.004151	0.0	0.0	0.0	0.0	1706.18	0.0	0.0	0.0	4411.79	0.0	0.0	0.0	0.0	0.000292	0.0	0.0	0.0	18.5369	0.0	0.0	0.0	0.0	551	0	0	0	52	0	0	0	0	447445	0	0	0	39	0	0	0	0	3489033	0	0	0	69	0	0	0	0	729346	0	0	0	78	0	0	0	0	123919	0	0	0	0	0	0	0	0	1046181	0	0	0	0	0	0	0	0	0.041724	0.0	0.0	0.0	1.2e-5	0.0	0.0	0.0	0.0	0.999711	0.0	0.0	0.0	0.000289	0.0	0.0	0.0	0.0	
1904	5837375	6150.19959378	3935.3778888888887	3935.3778888888887	0.000738	0.0	5837132	0	0	0	239	0	0	0	0	0.0	0.0	0.0	0.0	0.003736	0.0	0.0	0.0	0.0	1706.35	0.0	0.0	0.0	4420.73	0.0	0.0	0.0	0.0	0.000292	0.0	0.0	0.0	18.4968	0.0	0.0	0.0	0.0	551	0	0	0	52	0	0	0	0	447445	0	0	0	39	0	0	0	0	3489278	0	0	0	69	0	0	0	0	729489	0	0	0	79	0	0	0	0	123929	0	0	0	0	0	0	0	0	1046440	0	0	0	0	0	0	0	0	0.02443	0.0	0.0	0.0	1.1e-5	0.0	0.0	0.0	0.0	0.999553	0.0	0.0	0.0	0.000447	0.0	0.0	0.0	0.0	
1905	5841196	6151.199612757	3935.3778888888887	3935.3778888888887	0.000724	0.0	5840953	0	0	0	239	0	0	0	0	0.0	0.0	0.0	0.0	0.003736	0.0	0.0	0.0	0.0	1707.35	0.0	0.0	0.0	4420.73	0.0	0.0	0.0	0.0	0.000292	0.0	0.0	0.0	18.4968	0.0	0.0	0.0	0.0	551	0	0	0	52	0	0	0	0	447445	0	0	0	39	0	0	0	0	3490712	0	0	0	69	0	0	0	0	730346	0	0	0	79	0	0	0	0	123976	0	0	0	0	0	0	0	0	1047923	0	0	0	0	0	0	0	0	0.03583	0.0	0.0	0.0	1.1e-5	0.0	0.0	0.0	0.0	0.999695	0.0	0.0	0.0	0.000305	0.0	0.0	0.0	0.0	
1906	5845135	6152.200313646	3935.3778888888887	3935.3778888888887	0.000723	0.0	5844892	0	0	0	239	0	0	0	0	0.0	0.0	0.0	0.0	0.003736	0.0	0.0	0.0	0.0	1708.35	0.0	0.0	0.0	4420.73	0.0	0.0	0.0	0.0	0.000292	0.0	0.0	0.0	18.4968	0.0	0.0	0.0	0.0	551	0	0	0	52	0	0	0	0	447445	0	0	0	39	0	0	0	0	3492112	0	0	0	69	0	0	0	0	731239	0	0	0	79	0	0	0	0	124029	0	0	0	0	0	0	0	0	1049516	0	0	0	0	0	0	0	0	0.040138	0.0	0.0	0.0	1.1e-5	0.0	0.0	0.0	0.0	0.999728	0.0	0.0	0.0	0.000272	0.0	0.0	0.0	0.0	
1907	5848854	6159.378735251	3935.3778888888887	3935.3778888888887	0.000721	0.0	5848610	0	0	0	240	0	0	0	0	0.0	0.0	0.0	0.0	0.003363	0.0	0.0	0.0	0.0	1709.3	0.0	0.0	0.0	4426.96	0.0	0.0	0.0	0.0	0.000292	0.0	0.0	0.0	18.4457	0.0	0.0	0.0	0.0	551	0	0	0	52	0	0	0	0	447445	0	0	0	39	0	0	0	0	3493575	0	0	0	69	0	0	0	0	732006	0	0	0	80	0	0	0	0	124094	0	0	0	0	0	0	0	0	1050939	0	0	0	0	0	0	0	0	0.040046	0.0	0.0	0.0	1.0e-5	0.0	0.0	0.0	0.0	0.999753	0.0	0.0	0.0	0.000247	0.0	0.0	0.0	0.0	
1908	5849791	6177.282314899	3935.3778888888887	3935.3778888888887	0.000713	0.0	5849546	0	0	0	241	0	0	0	0	0.0	0.0	0.0	0.0	0.003026	0.0	0.0	0.0	0.0	1709.54	0.0	0.0	0.0	4444.62	0.0	0.0	0.0	0.0	0.000292	0.0	0.0	0.0	18.4424	0.0	0.0	0.0	0.0	551	0	0	0	52	0	0	0	0	447445	0	0	0	39	0	0	0	0	3493949	0	0	0	69	0	0	0	0	732211	0	0	0	81	0	0	0	0	124109	0	0	0	0	0	0	0	0	1051281	0	0	0	0	0	0	0	0	0.04194	0.0	0.0	0.0	9.0e-6	0.0	0.0	0.0	0.0	0.999788	0.0	0.0	0.0	0.000212	0.0	0.0	0.0	0.0	
1909	5853559	6178.28251448	3935.3778888888887	3935.3778888888887	0.000687	0.0	5853314	0	0	0	241	0	0	0	0	0.0	0.0	0.0	0.0	0.003026	0.0	0.0	0.0	0.0	1710.54	0.0	0.0	0.0	4444.62	0.0	0.0	0.0	0.0	0.000292	0.0	0.0	0.0	18.4424	0.0	0.0	0.0	0.0	551	0	0	0	52	0	0	0	0	447445	0	0	0	39	0	0	0	0	3495378	0	0	0	69	0	0	0	0	733116	0	0	0	81	0	0	0	0	124162	0	0	0	0	0	0	0	0	1052662	0	0	0	0	0	0	0	0	0.040372	0.0	0.0	0.0	9.0e-6	0.0	0.0	0.0	0.0	0.99978	0.0	0.0	0.0	0.00022	0.0	0.0	0.0	0.0	
1910	5857412	6179.282670846	3935.3778888888887	3935.3778888888887	0.000686	0.0	5857167	0	0	0	241	0	0	0	0	0.0	0.0	0.0	0.0	0.003026	0.0	0.0	0.0	0.0	1711.53	0.0	0.0	0.0	4444.62	0.0	0.0	0.0	0.0	0.000292	0.0	0.0	0.0	18.4424	0.0	0.0	0.0	0.0	551	0	0	0	52	0	0	0	0	447445	0	0	0	39	0	0	0	0	3496875	0	0	0	69	0	0	0	0	734017	0	0	0	81	0	0	0	0	124241	0	0	0	0	0	0	0	0	1054038	0	0	0	0	0	0	0	0	0.045744	0.0	0.0	0.0	9.0e-6	0.0	0.0	0.0	0.0	0.999806	0.0	0.0	0.0	0.000194	0.0	0.0	0.0	0.0	
1911	5861324	6180.282886884	3935.3778888888887	3935.3778888888887	0.000685	0.0	5861079	0	0	0	241	0	0	0	0	0.0	0.0	0.0	0.0	0.003026	0.0	0.0	0.0	0.0	1712.53	0.0	0.0	0.0	4444.62	0.0	0.0	0.0	0.0	0.000292	0.0	0.0	0.0	18.4424	0.0	0.0	0.0	0.0	551	0	0	0	52	0	0	0	0	447445	0	0	0	39	0	0	0	0	3498293	0	0	0	69	0	0	0	0	734957	0	0	0	81	0	0	0	0	124312	0	0	0	0	0	0	0	0	1055521	0	0	0	0	0	0	0	0	0.058872	0.0	0.0	0.0	9.0e-6	0.0	0.0	0.0	0.0	0.999849	0.0	0.0	0.0	0.000151	0.0	0.0	0.0	0.0	
1912	5861687	6187.286718293	3935.3778888888887	3935.3778888888887	0.000685	0.0	5861441	0	0	0	242	0	0	0	0	0.0	0.0	0.0	0.0	0.002724	0.0	0.0	0.0	0.0	1712.62	0.0	0.0	0.0	4451.54	0.0	0.0	0.0	0.0	0.000292	0.0	0.0	0.0	18.3948	0.0	0.0	0.0	0.0	551	0	0	0	52	0	0	0	0	447445	0	0	0	39	0	0	0	0	3498427	0	0	0	69	0	0	0	0	735041	0	0	0	82	0	0	0	0	124322	0	0	0	0	0	0	0	0	1055655	0	0	0	0	0	0	0	0	0.05537	0.0	0.0	0.0	8.0e-6	0.0	0.0	0.0	0.0	0.999855	0.0	0.0	0.0	0.000145	0.0	0.0	0.0	0.0	
1913	5865532	6188.287008219	3935.3778888888887	3935.3778888888887	0.000674	0.0	5865286	0	0	0	242	0	0	0	0	0.0	0.0	0.0	0.0	0.002724	0.0	0.0	0.0	0.0	1713.62	0.0	0.0	0.0	4451.54	0.0	0.0	0.0	0.0	0.000292	0.0	0.0	0.0	18.3948	0.0	0.0	0.0	0.0	551	0	0	0	52	0	0	0	0	447445	0	0	0	39	0	0	0	0	3499846	0	0	0	69	0	0	0	0	735900	0	0	0	82	0	0	0	0	124407	0	0	0	0	0	0	0	0	1057137	0	0	0	0	0	0	0	0	0.069872	0.0	0.0	0.0	8.0e-6	0.0	0.0	0.0	0.0	0.999885	0.0	0.0	0.0	0.000115	0.0	0.0	0.0	0.0	
1914	5869444	6189.287244422	3935.3778888888887	3935.3778888888887	0.000673	0.0	5869198	0	0	0	242	0	0	0	0	0.0	0.0	0.0	0.0	0.002724	0.0	0.0	0.0	0.0	1714.62	0.0	0.0	0.0	4451.54	0.0	0.0	0.0	0.0	0.000292	0.0	0.0	0.0	18.3948	0.0	0.0	0.0	0.0	551	0	0	0	52	0	0	0	0	447445	0	0	0	39	0	0	0	0	3501306	0	0	0	69	0	0	0	0	736795	0	0	0	82	0	0	0	0	124479	0	0	0	0	0	0	0	0	1058622	0	0	0	0	0	0	0	0	0.058362	0.0	0.0	0.0	8.0e-6	0.0	0.0	0.0	0.0	0.999862	0.0	0.0	0.0	0.000138	0.0	0.0	0.0	0.0	
1915	5870165	6192.863743329	3935.3778888888887	3935.3778888888887	0.000673	0.0	5869918	0	0	0	243	0	0	0	0	0.0	0.0	0.0	0.0	0.002451	0.0	0.0	0.0	0.0	1714.8	0.0	0.0	0.0	4454.93	0.0	0.0	0.0	0.0	0.000292	0.0	0.0	0.0	18.333	0.0	0.0	0.0	0.0	551	0	0	0	52	0	0	0	0	447445	0	0	0	39	0	0	0	0	3501569	0	0	0	69	0	0	0	0	736954	0	0	0	83	0	0	0	0	124502	0	0	0	0	0	0	0	0	1058897	0	0	0	0	0	0	0	0	0.043041	0.0	0.0	0.0	7.0e-6	0.0	0.0	0.0	0.0	0.999831	0.0	0.0	0.0	0.000169	0.0	0.0	0.0	0.0	
1916	5873948	6193.864036671	3935.3778888888887	3935.3778888888887	0.000667	0.0	5873701	0	0	0	243	0	0	0	0	0.0	0.0	0.0	0.0	0.002451	0.0	0.0	0.0	0.0	1715.8	0.0	0.0	0.0	4454.93	0.0	0.0	0.0	0.0	0.000292	0.0	0.0	0.0	18.333	0.0	0.0	0.0	0.0	551	0	0	0	52	0	0	0	0	447445	0	0	0	39	0	0	0	0	3503027	0	0	0	69	0	0	0	0	737752	0	0	0	83	0	0	0	0	124603	0	0	0	0	0	0	0	0	1060323	0	0	0	0	0	0	0	0	0.045291	0.0	0.0	0.0	7.0e-6	0.0	0.0	0.0	0.0	0.999839	0.0	0.0	0.0	0.000161	0.0	0.0	0.0	0.0	
1917	5877712	6194.864125996	3935.3778888888887	3935.3778888888887	0.000666	0.0	5877465	0	0	0	243	0	0	0	0	0.0	0.0	0.0	0.0	0.002451	0.0	0.0	0.0	0.0	1716.8	0.0	0.0	0.0	4454.93	0.0	0.0	0.0	0.0	0.000292	0.0	0.0	0.0	18.333	0.0	0.0	0.0	0.0	551	0	0	0	52	0	0	0	0	447445	0	0	0	39	0	0	0	0	3504476	0	0	0	69	0	0	0	0	738577	0	0	0	83	0	0	0	0	124692	0	0	0	0	0	0	0	0	1061724	0	0	0	0	0	0	0	0	0.03143	0.0	0.0	0.0	7.0e-6	0.0	0.0	0.0	0.0	0.999768	0.0	0.0	0.0	0.000232	0.0	0.0	0.0	0.0	
1918	5881580	6195.864399488	3935.3778888888887	3935.3778888888887	0.000665	0.0	5881333	0	0	0	243	0	0	0	0	0.0	0.0	0.0	0.0	0.002451	0.0	0.0	0.0	0.0	1717.8	0.0	0.0	0.0	4454.93	0.0	0.0	0.0	0.0	0.000292	0.0	0.0	0.0	18.333	0.0	0.0	0.0	0.0	551	0	0	0	52	0	0	0	0	447445	0	0	0	39	0	0	0	0	3505849	0	0	0	69	0	0	0	0	739452	0	0	0	83	0	0	0	0	124772	0	0	0	0	0	0	0	0	1063264	0	0	0	0	0	0	0	0	0.042203	0.0	0.0	0.0	7.0e-6	0.0	0.0	0.0	0.0	0.999827	0.0	0.0	0.0	0.000173	0.0	0.0	0.0	0.0	
1919	5885414	6196.864550747	3935.3778888888887	3935.3778888888887	0.000663	0.0	5885167	0	0	0	243	0	0	0	0	0.0	0.0	0.0	0.0	0.002451	0.0	0.0	0.0	0.0	1718.8	0.0	0.0	0.0	4454.93	0.0	0.0	0.0	0.0	0.000292	0.0	0.0	0.0	18.333	0.0	0.0	0.0	0.0	551	0	0	0	52	0	0	0	0	447445	0	0	0	39	0	0	0	0	3507254	0	0	0	69	0	0	0	0	740306	0	0	0	83	0	0	0	0	124865	0	0	0	0	0	0	0	0	1064746	0	0	0	0	0	0	0	0	0.048195	0.0	0.0	0.0	7.0e-6	0.0	0.0	0.0	0.0	0.999849	0.0	0.0	0.0	0.000151	0.0	0.0	0.0	0.0	
1920	5889253	6220.092682355	3935.3778888888887	3935.3778888888887	0.000662	0.0	5889005	0	0	0	244	0	0	0	0	0.0	0.0	0.0	0.0	0.002206	0.0	0.0	0.0	0.0	1719.75	0.0	0.0	0.0	4477.2	0.0	0.0	0.0	0.0	0.000292	0.0	0.0	0.0	18.3492	0.0	0.0	0.0	0.0	551	0	0	0	52	0	0	0	0	447445	0	0	0	39	0	0	0	0	3508584	0	0	0	69	0	0	0	0	741184	0	0	0	84	0	0	0	0	124962	0	0	0	0	0	0	0	0	1066279	0	0	0	0	0	0	0	0	0.029283	0.0	0.0	0.0	7.0e-6	0.0	0.0	0.0	0.0	0.999776	0.0	0.0	0.0	0.000224	0.0	0.0	0.0	0.0	
1921	5893091	6221.099267628	3935.3778888888887	3935.3778888888887	0.000633	0.0	5892843	0	0	0	244	0	0	0	0	0.0	0.0	0.0	0.0	0.002206	0.0	0.0	0.0	0.0	1720.76	0.0	0.0	0.0	4477.2	0.0	0.0	0.0	0.0	0.000292	0.0	0.0	0.0	18.3492	0.0	0.0	0.0	0.0	551	0	0	0	52	0	0	0	0	447445	0	0	0	39	0	0	0	0	3510003	0	0	0	69	0	0	0	0	742052	0	0	0	84	0	0	0	0	125053	0	0	0	0	0	0	0	0	1067739	0	0	0	0	0	0	0	0	0.048115	0.0	0.0	0.0	7.0e-6	0.0	0.0	0.0	0.0	0.999864	0.0	0.0	0.0	0.000136	0.0	0.0	0.0	0.0	
1922	5896980	6222.099481118	3935.3778888888887	3935.3778888888887	0.000632	0.0	5896732	0	0	0	244	0	0	0	0	0.0	0.0	0.0	0.0	0.002206	0.0	0.0	0.0	0.0	1721.76	0.0	0.0	0.0	4477.2	0.0	0.0	0.0	0.0	0.000292	0.0	0.0	0.0	18.3492	0.0	0.0	0.0	0.0	551	0	0	0	52	0	0	0	0	447445	0	0	0	39	0	0	0	0	3511377	0	0	0	69	0	0	0	0	742963	0	0	0	84	0	0	0	0	125141	0	0	0	0	0	0	0	0	1069255	0	0	0	0	0	0	0	0	0.041152	0.0	0.0	0.0	7.0e-6	0.0	0.0	0.0	0.0	0.999841	0.0	0.0	0.0	0.000159	0.0	0.0	0.0	0.0	
1923	5898139	6225.489393975	3935.3778888888887	3935.3778888888887	0.000631	0.0	5897890	0	0	0	245	0	0	0	0	0.0	0.0	0.0	0.0	0.001986	0.0	0.0	0.0	0.0	1722.05	0.0	0.0	0.0	4480.29	0.0	0.0	0.0	0.0	0.000292	0.0	0.0	0.0	18.2869	0.0	0.0	0.0	0.0	551	0	0	0	52	0	0	0	0	447445	0	0	0	39	0	0	0	0	3511791	0	0	0	69	0	0	0	0	743262	0	0	0	85	0	0	0	0	125161	0	0	0	0	0	0	0	0	1069680	0	0	0	0	0	0	0	0	0.040063	0.0	0.0	0.0	6.0e-6	0.0	0.0	0.0	0.0	0.999852	0.0	0.0	0.0	0.000148	0.0	0.0	0.0	0.0	
1924	5898376	6229.050789796	3935.3778888888887	3935.3778888888887	0.000628	0.0	5898126	0	0	0	246	0	0	0	0	0.0	0.0	0.0	0.0	0.001787	0.0	0.0	0.0	0.0	1722.11	0.0	0.0	0.0	4483.8	0.0	0.0	0.0	0.0	0.000292	0.0	0.0	0.0	18.2268	0.0	0.0	0.0	0.0	551	0	0	0	52	0	0	0	0	447445	0	0	0	39	0	0	0	0	3511877	0	0	0	69	0	0	0	0	743325	0	0	0	86	0	0	0	0	125161	0	0	0	0	0	0	0	0	1069767	0	0	0	0	0	0	0	0	0.03739	0.0	0.0	0.0	5.0e-6	0.0	0.0	0.0	0.0	0.999856	0.0	0.0	0.0	0.000144	0.0	0.0	0.0	0.0	
1925	5902189	6230.060557105	3935.3778888888887	3935.3778888888887	0.000622	0.0	5901939	0	0	0	246	0	0	0	0	0.0	0.0	0.0	0.0	0.001787	0.0	0.0	0.0	0.0	1723.12	0.0	0.0	0.0	4483.8	0.0	0.0	0.0	0.0	0.000292	0.0	0.0	0.0	18.2268	0.0	0.0	0.0	0.0	551	0	0	0	52	0	0	0	0	447445	0	0	0	39	0	0	0	0	3513278	0	0	0	69	0	0	0	0	744166	0	0	0	86	0	0	0	0	125236	0	0	0	0	0	0	0	0	1071263	0	0	0	0	0	0	0	0	0.047655	0.0	0.0	0.0	5.0e-6	0.0	0.0	0.0	0.0	0.999887	0.0	0.0	0.0	0.000113	0.0	0.0	0.0	0.0	
1926	5904583	6410.852648924	3935.3778888888887	3935.3778888888887	0.000621	0.0	5904332	0	0	0	247	0	0	0	0	0.0	0.0	0.0	0.0	0.001608	0.0	0.0	0.0	0.0	1723.76	0.0	0.0	0.0	4663.95	0.0	0.0	0.0	0.0	0.000292	0.0	0.0	0.0	18.8824	0.0	0.0	0.0	0.0	551	0	0	0	52	0	0	0	0	447445	0	0	0	39	0	0	0	0	3514221	0	0	0	69	0	0	0	0	744739	0	0	0	87	0	0	0	0	125284	0	0	0	0	0	0	0	0	1072092	0	0	0	0	0	0	0	0	0.049945	0.0	0.0	0.0	5.0e-6	0.0	0.0	0.0	0.0	0.99991	0.0	0.0	0.0	9.0e-5	0.0	0.0	0.0	0.0	
1927	5908216	6411.852819588	3935.3778888888887	3935.3778888888887	0.000439	0.0	5907965	0	0	0	247	0	0	0	0	0.0	0.0	0.0	0.0	0.001608	0.0	0.0	0.0	0.0	1724.75	0.0	0.0	0.0	4663.95	0.0	0.0	0.0	0.0	0.000292	0.0	0.0	0.0	18.8824	0.0	0.0	0.0	0.0	551	0	0	0	52	0	0	0	0	447445	0	0	0	39	0	0	0	0	3515602	0	0	0	69	0	0	0	0	745576	0	0	0	87	0	0	0	0	125358	0	0	0	0	0	0	0	0	1073433	0	0	0	0	0	0	0	0	0.035801	0.0	0.0	0.0	5.0e-6	0.0	0.0	0.0	0.0	0.999874	0.0	0.0	0.0	0.000126	0.0	0.0	0.0	0.0	
1928	5908939	6417.351335376	3935.3778888888887	3935.3778888888887	0.000438	0.0	5908687	0	0	0	248	0	0	0	0	0.0	0.0	0.0	0.0	0.001447	0.0	0.0	0.0	0.0	1724.95	0.0	0.0	0.0	4669.25	0.0	0.0	0.0	0.0	0.000292	0.0	0.0	0.0	18.8276	0.0	0.0	0.0	0.0	551	0	0	0	52	0	0	0	0	447445	0	0	0	39	0	0	0	0	3515866	0	0	0	69	0	0	0	0	745732	0	0	0	88	0	0	0	0	125378	0	0	0	0	0	0	0	0	1073715	0	0	0	0	0	0	0	0	0.023665	0.0	0.0	0.0	4.0e-6	0.0	0.0	0.0	0.0	0.999827	0.0	0.0	0.0	0.000173	0.0	0.0	0.0	0.0	
1929	5912679	6418.351603817	3935.3778888888887	3935.3778888888887	0.000433	0.0	5912427	0	0	0	248	0	0	0	0	0.0	0.0	0.0	0.0	0.001447	0.0	0.0	0.0	0.0	1725.95	0.0	0.0	0.0	4669.25	0.0	0.0	0.0	0.0	0.000292	0.0	0.0	0.0	18.8276	0.0	0.0	0.0	0.0	551	0	0	0	52	0	0	0	0	447445	0	0	0	39	0	0	0	0	3517223	0	0	0	69	0	0	0	0	746644	0	0	0	88	0	0	0	0	125447	0	0	0	0	0	0	0	0	1075117	0	0	0	0	0	0	0	0	0.045557	0.0	0.0	0.0	4.0e-6	0.0	0.0	0.0	0.0	0.99991	0.0	0.0	0.0	9.0e-5	0.0	0.0	0.0	0.0	
1930	5916477	6419.351751963	3935.3778888888887	3935.3778888888887	0.000432	0.0	5916225	0	0	0	248	0	0	0	0	0.0	0.0	0.0	0.0	0.001447	0.0	0.0	0.0	0.0	1726.95	0.0	0.0	0.0	4669.25	0.0	0.0	0.0	0.0	0.000292	0.0	0.0	0.0	18.8276	0.0	0.0	0.0	0.0	551	0	0	0	52	0	0	0	0	447445	0	0	0	39	0	0	0	0	3518592	0	0	0	69	0	0	0	0	747524	0	0	0	88	0	0	0	0	125513	0	0	0	0	0	0	0	0	1076600	0	0	0	0	0	0	0	0	0.04906	0.0	0.0	0.0	4.0e-6	0.0	0.0	0.0	0.0	0.999917	0.0	0.0	0.0	8.3e-5	0.0	0.0	0.0	0.0	
1931	5920235	6420.351997642	3935.3778888888887	3935.3778888888887	0.000431	0.0	5919983	0	0	0	248	0	0	0	0	0.0	0.0	0.0	0.0	0.001447	0.0	0.0	0.0	0.0	1727.95	0.0	0.0	0.0	4669.25	0.0	0.0	0.0	0.0	0.000292	0.0	0.0	0.0	18.8276	0.0	0.0	0.0	0.0	551	0	0	0	52	0	0	0	0	447445	0	0	0	39	0	0	0	0	3520051	0	0	0	69	0	0	0	0	748401	0	0	0	88	0	0	0	0	125583	0	0	0	0	0	0	0	0	1077952	0	0	0	0	0	0	0	0	0.05855	0.0	0.0	0.0	4.0e-6	0.0	0.0	0.0	0.0	0.99993	0.0	0.0	0.0	7.0e-5	0.0	0.0	0.0	0.0	
1932	5923996	6421.35215876	3935.3778888888887	3935.3778888888887	0.000431	0.0	5923744	0	0	0	248	0	0	0	0	0.0	0.0	0.0	0.0	0.001447	0.0	0.0	0.0	0.0	1728.94	0.0	0.0	0.0	4669.25	0.0	0.0	0.0	0.0	0.000292	0.0	0.0	0.0	18.8276	0.0	0.0	0.0	0.0	551	0	0	0	52	0	0	0	0	447445	0	0	0	39	0	0	0	0	3521426	0	0	0	69	0	0	0	0	749267	0	0	0	88	0	0	0	0	125660	0	0	0	0	0	0	0	0	1079395	0	0	0	0	0	0	0	0	0.034834	0.0	0.0	0.0	4.0e-6	0.0	0.0	0.0	0.0	0.999883	0.0	0.0	0.0	0.000117	0.0	0.0	0.0	0.0	
1933	5927830	6422.352337387	3935.3778888888887	3935.3778888888887	0.00043	0.0	5927578	0	0	0	248	0	0	0	0	0.0	0.0	0.0	0.0	0.001447	0.0	0.0	0.0	0.0	1729.94	0.0	0.0	0.0	4669.25	0.0	0.0	0.0	0.0	0.000292	0.0	0.0	0.0	18.8276	0.0	0.0	0.0	0.0	551	0	0	0	52	0	0	0	0	447445	0	0	0	39	0	0	0	0	3522827	0	0	0	69	0	0	0	0	750119	0	0	0	88	0	0	0	0	125740	0	0	0	0	0	0	0	0	1080896	0	0	0	0	0	0	0	0	0.048542	0.0	0.0	0.0	4.0e-6	0.0	0.0	0.0	0.0	0.999916	0.0	0.0	0.0	8.4e-5	0.0	0.0	0.0	0.0	
1934	5931591	6423.3524417	3935.3778888888887	3935.3778888888887	0.000429	0.0	5931339	0	0	0	248	0	0	0	0	0.0	0.0	0.0	0.0	0.001447	0.0	0.0	0.0	0.0	1730.94	0.0	0.0	0.0	4669.25	0.0	0.0	0.0	0.0	0.000292	0.0	0.0	0.0	18.8276	0.0	0.0	0.0	0.0	551	0	0	0	52	0	0	0	0	447445	0	0	0	39	0	0	0	0	3524220	0	0	0	69	0	0	0	0	750915	0	0	0	88	0	0	0	0	125821	0	0	0	0	0	0	0	0	1082387	0	0	0	0	0	0	0	0	0.047543	0.0	0.0	0.0	4.0e-6	0.0	0.0	0.0	0.0	0.999914	0.0	0.0	0.0	8.6e-5	0.0	0.0	0.0	0.0	
1935	5935438	6424.352536738	3935.3778888888887	3935.3778888888887	0.000428	0.0	5935186	0	0	0	248	0	0	0	0	0.0	0.0	0.0	0.0	0.001447	0.0	0.0	0.0	0.0	1731.94	0.0	0.0	0.0	4669.25	0.0	0.0	0.0	0.0	0.000292	0.0	0.0	0.0	18.8276	0.0	0.0	0.0	0.0	551	0	0	0	52	0	0	0	0	447445	0	0	0	39	0	0	0	0	3525622	0	0	0	69	0	0	0	0	751854	0	0	0	88	0	0	0	0	125884	0	0	0	0	0	0	0	0	1083830	0	0	0	0	0	0	0	0	0.043614	0.0	0.0	0.0	4.0e-6	0.0	0.0	0.0	0.0	0.999906	0.0	0.0	0.0	9.4e-5	0.0	0.0	0.0	0.0	
1936	5939309	6425.352768399	3935.3778888888887	3935.3778888888887	0.000427	0.0	5939057	0	0	0	248	0	0	0	0	0.0	0.0	0.0	0.0	0.001447	0.0	0.0	0.0	0.0	1732.94	0.0	0.0	0.0	4669.25	0.0	0.0	0.0	0.0	0.000292	0.0	0.0	0.0	18.8276	0.0	0.0	0.0	0.0	551	0	0	0	52	0	0	0	0	447445	0	0	0	39	0	0	0	0	3527130	0	0	0	69	0	0	0	0	752697	0	0	0	88	0	0	0	0	125961	0	0	0	0	0	0	0	0	1085273	0	0	0	0	0	0	0	0	0.028739	0.0	0.0	0.0	4.0e-6	0.0	0.0	0.0	0.0	0.999858	0.0	0.0	0.0	0.000142	0.0	0.0	0.0	0.0	
1937	5943248	6426.3529645	3935.3778888888887	3935.3778888888887	0.000426	0.0	5942996	0	0	0	248	0	0	0	0	0.0	0.0	0.0	0.0	0.001447	0.0	0.0	0.0	0.0	1733.94	0.0	0.0	0.0	4669.25	0.0	0.0	0.0	0.0	0.000292	0.0	0.0	0.0	18.8276	0.0	0.0	0.0	0.0	551	0	0	0	52	0	0	0	0	447445	0	0	0	39	0	0	0	0	3528591	0	0	0	69	0	0	0	0	753569	0	0	0	88	0	0	0	0	126031	0	0	0	0	0	0	0	0	1086809	0	0	0	0	0	0	0	0	0.04168	0.0	0.0	0.0	4.0e-6	0.0	0.0	0.0	0.0	0.999902	0.0	0.0	0.0	9.8e-5	0.0	0.0	0.0	0.0	
1938	5945513	6430.789297134	3935.3778888888887	3935.3778888888887	0.000426	0.0	5945260	0	0	0	249	0	0	0	0	0.0	0.0	0.0	0.0	0.001303	0.0	0.0	0.0	0.0	1734.5	0.0	0.0	0.0	4673.13	0.0	0.0	0.0	0.0	0.000292	0.0	0.0	0.0	18.7676	0.0	0.0	0.0	0.0	551	0	0	0	52	0	0	0	0	447445	0	0	0	39	0	0	0	0	3529416	0	0	0	69	0	0	0	0	754032	0	0	0	89	0	0	0	0	126067	0	0	0	0	0	0	0	0	1087749	0	0	0	0	0	0	0	0	0.041564	0.0	0.0	0.0	4.0e-6	0.0	0.0	0.0	0.0	0.999911	0.0	0.0	0.0	8.9e-5	0.0	0.0	0.0	0.0	
1939	5945548	6434.323575138	3935.3778888888887	3935.3778888888887	0.000423	0.0	5945294	0	0	0	250	0	0	0	0	0.0	0.0	0.0	0.0	0.001172	0.0	0.0	0.0	0.0	1734.51	0.0	0.0	0.0	4676.65	0.0	0.0	0.0	0.0	0.000292	0.0	0.0	0.0	18.7066	0.0	0.0	0.0	0.0	551	0	0	0	52	0	0	0	0	447445	0	0	0	39	0	0	0	0	3529433	0	0	0	69	0	0	0	0	754041	0	0	0	90	0	0	0	0	126067	0	0	0	0	0	0	0	0	1087757	0	0	0	0	0	0	0	0	0.051564	0.0	0.0	0.0	3.0e-6	0.0	0.0	0.0	0.0	0.999935	0.0	0.0	0.0	6.5e-5	0.0	0.0	0.0	0.0	
1940	5949448	6435.32385982	3935.3778888888887	3935.3778888888887	0.000419	0.0	5949194	0	0	0	250	0	0	0	0	0.0	0.0	0.0	0.0	0.001172	0.0	0.0	0.0	0.0	1735.51	0.0	0.0	0.0	4676.65	0.0	0.0	0.0	0.0	0.000292	0.0	0.0	0.0	18.7066	0.0	0.0	0.0	0.0	551	0	0	0	52	0	0	0	0	447445	0	0	0	39	0	0	0	0	3530887	0	0	0	69	0	0	0	0	754908	0	0	0	90	0	0	0	0	126133	0	0	0	0	0	0	0	0	1089270	0	0	0	0	0	0	0	0	0.063889	0.0	0.0	0.0	3.0e-6	0.0	0.0	0.0	0.0	0.999948	0.0	0.0	0.0	5.2e-5	0.0	0.0	0.0	0.0	
1941	5950150	6498.943206529	3935.3778888888887	3935.3778888888887	0.000419	0.0	5949895	0	0	0	251	0	0	0	0	0.0	0.0	0.0	0.0	0.001055	0.0	0.0	0.0	0.0	1735.68	0.0	0.0	0.0	4740.1	0.0	0.0	0.0	0.0	0.000292	0.0	0.0	0.0	18.8848	0.0	0.0	0.0	0.0	551	0	0	0	52	0	0	0	0	447445	0	0	0	39	0	0	0	0	3531143	0	0	0	69	0	0	0	0	755074	0	0	0	91	0	0	0	0	126149	0	0	0	0	0	0	0	0	1089533	0	0	0	0	0	0	0	0	0.050032	0.0	0.0	0.0	3.0e-6	0.0	0.0	0.0	0.0	0.999941	0.0	0.0	0.0	5.9e-5	0.0	0.0	0.0	0.0	
1942	5954263	6499.943235402	3935.3778888888887	3935.3778888888887	0.00037	0.0	5954008	0	0	0	251	0	0	0	0	0.0	0.0	0.0	0.0	0.001055	0.0	0.0	0.0	0.0	1736.68	0.0	0.0	0.0	4740.1	0.0	0.0	0.0	0.0	0.000292	0.0	0.0	0.0	18.8848	0.0	0.0	0.0	0.0	551	0	0	0	52	0	0	0	0	447445	0	0	0	39	0	0	0	0	3532674	0	0	0	69	0	0	0	0	755956	0	0	0	91	0	0	0	0	126228	0	0	0	0	0	0	0	0	1091154	0	0	0	0	0	0	0	0	0.045478	0.0	0.0	0.0	3.0e-6	0.0	0.0	0.0	0.0	0.999935	0.0	0.0	0.0	6.5e-5	0.0	0.0	0.0	0.0	
1943	5958318	6500.943288518	3935.3778888888887	3935.3778888888887	0.000369	0.0	5958063	0	0	0	251	0	0	0	0	0.0	0.0	0.0	0.0	0.001055	0.0	0.0	0.0	0.0	1737.68	0.0	0.0	0.0	4740.1	0.0	0.0	0.0	0.0	0.000292	0.0	0.0	0.0	18.8848	0.0	0.0	0.0	0.0	551	0	0	0	52	0	0	0	0	447445	0	0	0	39	0	0	0	0	3534243	0	0	0	69	0	0	0	0	756807	0	0	0	91	0	0	0	0	126289	0	0	0	0	0	0	0	0	1092728	0	0	0	0	0	0	0	0	0.034124	0.0	0.0	0.0	3.0e-6	0.0	0.0	0.0	0.0	0.999913	0.0	0.0	0.0	8.7e-5	0.0	0.0	0.0	0.0	
1944	5961045	6508.127316624	3935.3778888888887	3935.3778888888887	0.000369	0.0	5960789	0	0	0	252	0	0	0	0	0.0	0.0	0.0	0.0	0.00095	0.0	0.0	0.0	0.0	1738.35	0.0	0.0	0.0	4746.61	0.0	0.0	0.0	0.0	0.000292	0.0	0.0	0.0	18.8357	0.0	0.0	0.0	0.0	551	0	0	0	52	0	0	0	0	447445	0	0	0	39	0	0	0	0	3535298	0	0	0	69	0	0	0	0	757435	0	0	0	92	0	0	0	0	126318	0	0	0	0	0	0	0	0	1093742	0	0	0	0	0	0	0	0	0.045162	0.0	0.0	0.0	3.0e-6	0.0	0.0	0.0	0.0	0.999941	0.0	0.0	0.0	5.9e-5	0.0	0.0	0.0	0.0	
1945	5965014	6509.12737803	3935.3778888888887	3935.3778888888887	0.000364	0.0	5964758	0	0	0	252	0	0	0	0	0.0	0.0	0.0	0.0	0.00095	0.0	0.0	0.0	0.0	1739.35	0.0	0.0	0.0	4746.61	0.0	0.0	0.0	0.0	0.000292	0.0	0.0	0.0	18.8357	0.0	0.0	0.0	0.0	551	0	0	0	52	0	0	0	0	447445	0	0	0	39	0	0	0	0	3536804	0	0	0	69	0	0	0	0	758317	0	0	0	92	0	0	0	0	126388	0	0	0	0	0	0	0	0	1095253	0	0	0	0	0	0	0	0	0.0597	0.0	0.0	0.0	3.0e-6	0.0	0.0	0.0	0.0	0.999955	0.0	0.0	0.0	4.5e-5	0.0	0.0	0.0	0.0	
1946	5968935	6510.131452422	3935.3778888888887	3935.3778888888887	0.000363	0.0	5968679	0	0	0	252	0	0	0	0	0.0	0.0	0.0	0.0	0.00095	0.0	0.0	0.0	0.0	1740.35	0.0	0.0	0.0	4746.61	0.0	0.0	0.0	0.0	0.000292	0.0	0.0	0.0	18.8357	0.0	0.0	0.0	0.0	551	0	0	0	52	0	0	0	0	447445	0	0	0	39	0	0	0	0	3538304	0	0	0	69	0	0	0	0	759198	0	0	0	92	0	0	0	0	126455	0	0	0	0	0	0	0	0	1096726	0	0	0	0	0	0	0	0	0.043939	0.0	0.0	0.0	3.0e-6	0.0	0.0	0.0	0.0	0.999939	0.0	0.0	0.0	6.1e-5	0.0	0.0	0.0	0.0	
1947	5970498	6514.005675809	3935.3778888888887	3935.3778888888887	0.000363	0.0	5970241	0	0	0	253	0	0	0	0	0.0	0.0	0.0	0.0	0.000855	0.0	0.0	0.0	0.0	1740.73	0.0	0.0	0.0	4750.1	0.0	0.0	0.0	0.0	0.000292	0.0	0.0	0.0	18.7751	0.0	0.0	0.0	0.0	551	0	0	0	52	0	0	0	0	447445	0	0	0	39	0	0	0	0	3538881	0	0	0	69	0	0	0	0	759509	0	0	0	93	0	0	0	0	126499	0	0	0	0	0	0	0	0	1097356	0	0	0	0	0	0	0	0	0.032462	0.0	0.0	0.0	2.0e-6	0.0	0.0	0.0	0.0	0.999925	0.0	0.0	0.0	7.5e-5	0.0	0.0	0.0	0.0	
1948	5974598	6515.005813446	3935.3778888888887	3935.3778888888887	0.00036	0.0	5974341	0	0	0	253	0	0	0	0	0.0	0.0	0.0	0.0	0.000855	0.0	0.0	0.0	0.0	1741.73	0.0	0.0	0.0	4750.1	0.0	0.0	0.0	0.0	0.000292	0.0	0.0	0.0	18.7751	0.0	0.0	0.0	0.0	551	0	0	0	52	0	0	0	0	447445	0	0	0	39	0	0	0	0	3540426	0	0	0	69	0	0	0	0	760312	0	0	0	93	0	0	0	0	126583	0	0	0	0	0	0	0	0	1099024	0	0	0	0	0	0	0	0	0.051241	0.0	0.0	0.0	2.0e-6	0.0	0.0	0.0	0.0	0.999953	0.0	0.0	0.0	4.7e-5	0.0	0.0	0.0	0.0	
1949	5978658	6516.005923713	3935.3778888888887	3935.3778888888887	0.000359	0.0	5978401	0	0	0	253	0	0	0	0	0.0	0.0	0.0	0.0	0.000855	0.0	0.0	0.0	0.0	1742.73	0.0	0.0	0.0	4750.1	0.0	0.0	0.0	0.0	0.000292	0.0	0.0	0.0	18.7751	0.0	0.0	0.0	0.0	551	0	0	0	52	0	0	0	0	447445	0	0	0	39	0	0	0	0	3541916	0	0	0	69	0	0	0	0	761190	0	0	0	93	0	0	0	0	126662	0	0	0	0	0	0	0	0	1100637	0	0	0	0	0	0	0	0	0.027138	0.0	0.0	0.0	2.0e-6	0.0	0.0	0.0	0.0	0.999911	0.0	0.0	0.0	8.9e-5	0.0	0.0	0.0	0.0	
1950	5982640	6517.005955142	3935.3778888888887	3935.3778888888887	0.000358	0.0	5982383	0	0	0	253	0	0	0	0	0.0	0.0	0.0	0.0	0.000855	0.0	0.0	0.0	0.0	1743.73	0.0	0.0	0.0	4750.1	0.0	0.0	0.0	0.0	0.000291	0.0	0.0	0.0	18.7751	0.0	0.0	0.0	0.0	551	0	0	0	52	0	0	0	0	447445	0	0	0	39	0	0	0	0	3543355	0	0	0	69	0	0	0	0	762041	0	0	0	93	0	0	0	0	126744	0	0	0	0	0	0	0	0	1102247	0	0	0	0	0	0	0	0	0.04897	0.0	0.0	0.0	2.0e-6	0.0	0.0	0.0	0.0	0.99995	0.0	0.0	0.0	5.0e-5	0.0	0.0	0.0	0.0	
1951	5986552	6518.010205781	3935.3778888888887	3935.3778888888887	0.000358	0.0	5986295	0	0	0	253	0	0	0	0	0.0	0.0	0.0	0.0	0.000855	0.0	0.0	0.0	0.0	1744.73	0.0	0.0	0.0	4750.1	0.0	0.0	0.0	0.0	0.000291	0.0	0.0	0.0	18.7751	0.0	0.0	0.0	0.0	551	0	0	0	52	0	0	0	0	447445	0	0	0	39	0	0	0	0	3544798	0	0	0	69	0	0	0	0	762932	0	0	0	93	0	0	0	0	126802	0	0	0	0	0	0	0	0	1103767	0	0	0	0	0	0	0	0	0.028802	0.0	0.0	0.0	2.0e-6	0.0	0.0	0.0	0.0	0.999916	0.0	0.0	0.0	8.4e-5	0.0	0.0	0.0	0.0	
1952	5990480	6519.017509298	3935.3778888888887	3935.3778888888887	0.000357	0.0	5990223	0	0	0	253	0	0	0	0	0.0	0.0	0.0	0.0	0.000855	0.0	0.0	0.0	0.0	1745.73	0.0	0.0	0.0	4750.1	0.0	0.0	0.0	0.0	0.000291	0.0	0.0	0.0	18.7751	0.0	0.0	0.0	0.0	551	0	0	0	52	0	0	0	0	447445	0	0	0	39	0	0	0	0	3546275	0	0	0	69	0	0	0	0	763774	0	0	0	93	0	0	0	0	126866	0	0	0	0	0	0	0	0	1105312	0	0	0	0	0	0	0	0	0.031885	0.0	0.0	0.0	2.0e-6	0.0	0.0	0.0	0.0	0.999924	0.0	0.0	0.0	7.6e-5	0.0	0.0	0.0	0.0	
1953	5994466	6520.01770864	3935.3778888888887	3935.3778888888887	0.000356	0.0	5994209	0	0	0	253	0	0	0	0	0.0	0.0	0.0	0.0	0.000855	0.0	0.0	0.0	0.0	1746.73	0.0	0.0	0.0	4750.1	0.0	0.0	0.0	0.0	0.000291	0.0	0.0	0.0	18.7751	0.0	0.0	0.0	0.0	551	0	0	0	52	0	0	0	0	447445	0	0	0	39	0	0	0	0	3547768	0	0	0	69	0	0	0	0	764609	0	0	0	93	0	0	0	0	126933	0	0	0	0	0	0	0	0	1106903	0	0	0	0	0	0	0	0	0.047977	0.0	0.0	0.0	2.0e-6	0.0	0.0	0.0	0.0	0.999949	0.0	0.0	0.0	5.1e-5	0.0	0.0	0.0	0.0	
1954	5998380	6521.018326794	3935.3778888888887	3935.3778888888887	0.000355	0.0	5998123	0	0	0	253	0	0	0	0	0.0	0.0	0.0	0.0	0.000855	0.0	0.0	0.0	0.0	1747.73	0.0	0.0	0.0	4750.1	0.0	0.0	0.0	0.0	0.000291	0.0	0.0	0.0	18.7751	0.0	0.0	0.0	0.0	551	0	0	0	52	0	0	0	0	447445	0	0	0	39	0	0	0	0	3549125	0	0	0	69	0	0	0	0	765452	0	0	0	93	0	0	0	0	126999	0	0	0	0	0	0	0	0	1108551	0	0	0	0	0	0	0	0	0.045306	0.0	0.0	0.0	2.0e-6	0.0	0.0	0.0	0.0	0.999946	0.0	0.0	0.0	5.4e-5	0.0	0.0	0.0	0.0	
1955	6002285	6522.018387248	3935.3778888888887	3935.3778888888887	0.000355	0.0	6002028	0	0	0	253	0	0	0	0	0.0	0.0	0.0	0.0	0.000855	0.0	0.0	0.0	0.0	1748.73	0.0	0.0	0.0	4750.1	0.0	0.0	0.0	0.0	0.000291	0.0	0.0	0.0	18.7751	0.0	0.0	0.0	0.0	551	0	0	0	52	0	0	0	0	447445	0	0	0	39	0	0	0	0	3550589	0	0	0	69	0	0	0	0	766338	0	0	0	93	0	0	0	0	127073	0	0	0	0	0	0	0	0	1110032	0	0	0	0	0	0	0	0	0.050934	0.0	0.0	0.0	2.0e-6	0.0	0.0	0.0	0.0	0.999952	0.0	0.0	0.0	4.8e-5	0.0	0.0	0.0	0.0	
1956	6006182	6523.028830654	3935.3778888888887	3935.3778888888887	0.000354	0.0	6005925	0	0	0	253	0	0	0	0	0.0	0.0	0.0	0.0	0.000855	0.0	0.0	0.0	0.0	1749.74	0.0	0.0	0.0	4750.1	0.0	0.0	0.0	0.0	0.000291	0.0	0.0	0.0	18.7751	0.0	0.0	0.0	0.0	551	0	0	0	52	0	0	0	0	447445	0	0	0	39	0	0	0	0	3552119	0	0	0	69	0	0	0	0	767179	0	0	0	93	0	0	0	0	127123	0	0	0	0	0	0	0	0	1111508	0	0	0	0	0	0	0	0	0.030587	0.0	0.0	0.0	2.0e-6	0.0	0.0	0.0	0.0	0.999921	0.0	0.0	0.0	7.9e-5	0.0	0.0	0.0	0.0	
1957	6010129	6524.028946111	3935.3778888888887	3935.3778888888887	0.000353	0.0	6009872	0	0	0	253	0	0	0	0	0.0	0.0	0.0	0.0	0.000855	0.0	0.0	0.0	0.0	1750.74	0.0	0.0	0.0	4750.1	0.0	0.0	0.0	0.0	0.000291	0.0	0.0	0.0	18.7751	0.0	0.0	0.0	0.0	551	0	0	0	52	0	0	0	0	447445	0	0	0	39	0	0	0	0	3553557	0	0	0	69	0	0	0	0	768059	0	0	0	93	0	0	0	0	127183	0	0	0	0	0	0	0	0	1113077	0	0	0	0	0	0	0	0	0.039189	0.0	0.0	0.0	2.0e-6	0.0	0.0	0.0	0.0	0.999938	0.0	0.0	0.0	6.2e-5	0.0	0.0	0.0	0.0	
1958	6013998	6525.02915871	3935.3778888888887	3935.3778888888887	0.000353	0.0	6013741	0	0	0	253	0	0	0	0	0.0	0.0	0.0	0.0	0.000855	0.0	0.0	0.0	0.0	1751.74	0.0	0.0	0.0	4750.1	0.0	0.0	0.0	0.0	0.000291	0.0	0.0	0.0	18.7751	0.0	0.0	0.0	0.0	551	0	0	0	52	0	0	0	0	447445	0	0	0	39	0	0	0	0	3555013	0	0	0	69	0	0	0	0	768911	0	0	0	93	0	0	0	0	127240	0	0	0	0	0	0	0	0	1114581	0	0	0	0	0	0	0	0	0.036558	0.0	0.0	0.0	2.0e-6	0.0	0.0	0.0	0.0	0.999934	0.0	0.0	0.0	6.6e-5	0.0	0.0	0.0	0.0	
1959	6017747	6526.029451677	3935.3778888888887	3935.3778888888887	0.000352	0.0	6017490	0	0	0	253	0	0	0	0	0.0	0.0	0.0	0.0	0.000855	0.0	0.0	0.0	0.0	1752.73	0.0	0.0	0.0	4750.1	0.0	0.0	0.0	0.0	0.000291	0.0	0.0	0.0	18.7751	0.0	0.0	0.0	0.0	551	0	0	0	52	0	0	0	0	447445	0	0	0	39	0	0	0	0	3556433	0	0	0	69	0	0	0	0	769785	0	0	0	93	0	0	0	0	127298	0	0	0	0	0	0	0	0	1115978	0	0	0	0	0	0	0	0	0.052624	0.0	0.0	0.0	2.0e-6	0.0	0.0	0.0	0.0	0.999954	0.0	0.0	0.0	4.6e-5	0.0	0.0	0.0	0.0	
1960	6018838	6546.147612493	3935.3778888888887	3935.3778888888887	0.000352	0.0	6018580	0	0	0	254	0	0	0	0	0.0	0.0	0.0	0.0	0.000769	0.0	0.0	0.0	0.0	1753.02	0.0	0.0	0.0	4769.94	0.0	0.0	0.0	0.0	0.000291	0.0	0.0	0.0	18.7793	0.0	0.0	0.0	0.0	551	0	0	0	52	0	0	0	0	447445	0	0	0	39	0	0	0	0	3556847	0	0	0	69	0	0	0	0	770024	0	0	0	94	0	0	0	0	127327	0	0	0	0	0	0	0	0	1116386	0	0	0	0	0	0	0	0	0.051667	0.0	0.0	0.0	2.0e-6	0.0	0.0	0.0	0.0	0.999958	0.0	0.0	0.0	4.2e-5	0.0	0.0	0.0	0.0	
1961	6022649	6547.147759142	3935.3778888888887	3935.3778888888887	0.000338	0.0	6022391	0	0	0	254	0	0	0	0	0.0	0.0	0.0	0.0	0.000769	0.0	0.0	0.0	0.0	1754.02	0.0	0.0	0.0	4769.94	0.0	0.0	0.0	0.0	0.000291	0.0	0.0	0.0	18.7793	0.0	0.0	0.0	0.0	551	0	0	0	52	0	0	0	0	447445	0	0	0	39	0	0	0	0	3558222	0	0	0	69	0	0	0	0	770896	0	0	0	94	0	0	0	0	127397	0	0	0	0	0	0	0	0	1117880	0	0	0	0	0	0	0	0	0.043518	0.0	0.0	0.0	2.0e-6	0.0	0.0	0.0	0.0	0.99995	0.0	0.0	0.0	5.0e-5	0.0	0.0	0.0	0.0	
1962	6026521	6548.147831882	3935.3778888888887	3935.3778888888887	0.000337	0.0	6026263	0	0	0	254	0	0	0	0	0.0	0.0	0.0	0.0	0.000769	0.0	0.0	0.0	0.0	1755.01	0.0	0.0	0.0	4769.94	0.0	0.0	0.0	0.0	0.000291	0.0	0.0	0.0	18.7793	0.0	0.0	0.0	0.0	551	0	0	0	52	0	0	0	0	447445	0	0	0	39	0	0	0	0	3559651	0	0	0	69	0	0	0	0	771767	0	0	0	94	0	0	0	0	127457	0	0	0	0	0	0	0	0	1119392	0	0	0	0	0	0	0	0	0.053693	0.0	0.0	0.0	2.0e-6	0.0	0.0	0.0	0.0	0.999959	0.0	0.0	0.0	4.1e-5	0.0	0.0	0.0	0.0	
1963	6030423	6549.147899484	3935.3778888888887	3935.3778888888887	0.000337	0.0	6030165	0	0	0	254	0	0	0	0	0.0	0.0	0.0	0.0	0.000769	0.0	0.0	0.0	0.0	1756.01	0.0	0.0	0.0	4769.94	0.0	0.0	0.0	0.0	0.000291	0.0	0.0	0.0	18.7793	0.0	0.0	0.0	0.0	551	0	0	0	52	0	0	0	0	447445	0	0	0	39	0	0	0	0	3561160	0	0	0	69	0	0	0	0	772593	0	0	0	94	0	0	0	0	127521	0	0	0	0	0	0	0	0	1120895	0	0	0	0	0	0	0	0	0.03279	0.0	0.0	0.0	2.0e-6	0.0	0.0	0.0	0.0	0.999933	0.0	0.0	0.0	6.7e-5	0.0	0.0	0.0	0.0	
1964	6030862	6556.39377545	3935.3778888888887	3935.3778888888887	0.000337	0.0	6030603	0	0	0	255	0	0	0	0	0.0	0.0	0.0	0.0	0.000692	0.0	0.0	0.0	0.0	1756.13	0.0	0.0	0.0	4777.07	0.0	0.0	0.0	0.0	0.000291	0.0	0.0	0.0	18.7336	0.0	0.0	0.0	0.0	551	0	0	0	52	0	0	0	0	447445	0	0	0	39	0	0	0	0	3561328	0	0	0	69	0	0	0	0	772697	0	0	0	95	0	0	0	0	127525	0	0	0	0	0	0	0	0	1121057	0	0	0	0	0	0	0	0	0.05407	0.0	0.0	0.0	2.0e-6	0.0	0.0	0.0	0.0	0.999964	0.0	0.0	0.0	3.6e-5	0.0	0.0	0.0	0.0	
1965	6034725	6557.393899877	3935.3778888888887	3935.3778888888887	0.000331	0.0	6034466	0	0	0	255	0	0	0	0	0.0	0.0	0.0	0.0	0.000692	0.0	0.0	0.0	0.0	1757.13	0.0	0.0	0.0	4777.07	0.0	0.0	0.0	0.0	0.000291	0.0	0.0	0.0	18.7336	0.0	0.0	0.0	0.0	551	0	0	0	52	0	0	0	0	447445	0	0	0	39	0	0	0	0	3562749	0	0	0	69	0	0	0	0	773563	0	0	0	95	0	0	0	0	127597	0	0	0	0	0	0	0	0	1122561	0	0	0	0	0	0	0	0	0.038346	0.0	0.0	0.0	2.0e-6	0.0	0.0	0.0	0.0	0.999949	0.0	0.0	0.0	5.1e-5	0.0	0.0	0.0	0.0	
1966	6038681	6558.393998396	3935.3778888888887	3935.3778888888887	0.000331	0.0	6038422	0	0	0	255	0	0	0	0	0.0	0.0	0.0	0.0	0.000692	0.0	0.0	0.0	0.0	1758.12	0.0	0.0	0.0	4777.07	0.0	0.0	0.0	0.0	0.000291	0.0	0.0	0.0	18.7336	0.0	0.0	0.0	0.0	551	0	0	0	52	0	0	0	0	447445	0	0	0	39	0	0	0	0	3564238	0	0	0	69	0	0	0	0	774417	0	0	0	95	0	0	0	0	127665	0	0	0	0	0	0	0	0	1124106	0	0	0	0	0	0	0	0	0.040664	0.0	0.0	0.0	2.0e-6	0.0	0.0	0.0	0.0	0.999951	0.0	0.0	0.0	4.9e-5	0.0	0.0	0.0	0.0	
1967	6042685	6559.394120114	3935.3778888888887	3935.3778888888887	0.00033	0.0	6042426	0	0	0	255	0	0	0	0	0.0	0.0	0.0	0.0	0.000692	0.0	0.0	0.0	0.0	1759.12	0.0	0.0	0.0	4777.07	0.0	0.0	0.0	0.0	0.000291	0.0	0.0	0.0	18.7336	0.0	0.0	0.0	0.0	551	0	0	0	52	0	0	0	0	447445	0	0	0	39	0	0	0	0	3565801	0	0	0	69	0	0	0	0	775276	0	0	0	95	0	0	0	0	127728	0	0	0	0	0	0	0	0	1125625	0	0	0	0	0	0	0	0	0.04108	0.0	0.0	0.0	2.0e-6	0.0	0.0	0.0	0.0	0.999952	0.0	0.0	0.0	4.8e-5	0.0	0.0	0.0	0.0	
1968	6046667	6560.39426763	3935.3778888888887	3935.3778888888887	0.00033	0.0	6046408	0	0	0	255	0	0	0	0	0.0	0.0	0.0	0.0	0.000692	0.0	0.0	0.0	0.0	1760.12	0.0	0.0	0.0	4777.07	0.0	0.0	0.0	0.0	0.000291	0.0	0.0	0.0	18.7336	0.0	0.0	0.0	0.0	551	0	0	0	52	0	0	0	0	447445	0	0	0	39	0	0	0	0	3567312	0	0	0	69	0	0	0	0	776128	0	0	0	95	0	0	0	0	127812	0	0	0	0	0	0	0	0	1127160	0	0	0	0	0	0	0	0	0.03802	0.0	0.0	0.0	2.0e-6	0.0	0.0	0.0	0.0	0.999948	0.0	0.0	0.0	5.2e-5	0.0	0.0	0.0	0.0	
1969	6050681	6561.401199203	3935.3778888888887	3935.3778888888887	0.000329	0.0	6050422	0	0	0	255	0	0	0	0	0.0	0.0	0.0	0.0	0.000692	0.0	0.0	0.0	0.0	1761.13	0.0	0.0	0.0	4777.07	0.0	0.0	0.0	0.0	0.000291	0.0	0.0	0.0	18.7336	0.0	0.0	0.0	0.0	551	0	0	0	52	0	0	0	0	447445	0	0	0	39	0	0	0	0	3568770	0	0	0	69	0	0	0	0	776996	0	0	0	95	0	0	0	0	127921	0	0	0	0	0	0	0	0	1128739	0	0	0	0	0	0	0	0	0.043509	0.0	0.0	0.0	2.0e-6	0.0	0.0	0.0	0.0	0.999955	0.0	0.0	0.0	4.5e-5	0.0	0.0	0.0	0.0	
1970	6054685	6562.401326665	3935.3778888888887	3935.3778888888887	0.000328	0.0	6054426	0	0	0	255	0	0	0	0	0.0	0.0	0.0	0.0	0.000692	0.0	0.0	0.0	0.0	1762.12	0.0	0.0	0.0	4777.07	0.0	0.0	0.0	0.0	0.000291	0.0	0.0	0.0	18.7336	0.0	0.0	0.0	0.0	551	0	0	0	52	0	0	0	0	447445	0	0	0	39	0	0	0	0	3570233	0	0	0	69	0	0	0	0	777850	0	0	0	95	0	0	0	0	128021	0	0	0	0	0	0	0	0	1130326	0	0	0	0	0	0	0	0	0.02708	0.0	0.0	0.0	2.0e-6	0.0	0.0	0.0	0.0	0.999927	0.0	0.0	0.0	7.3e-5	0.0	0.0	0.0	0.0	
1971	6058542	6563.402778352	3935.3778888888887	3935.3778888888887	0.000328	0.0	6058283	0	0	0	255	0	0	0	0	0.0	0.0	0.0	0.0	0.000692	0.0	0.0	0.0	0.0	1763.12	0.0	0.0	0.0	4777.07	0.0	0.0	0.0	0.0	0.000291	0.0	0.0	0.0	18.7336	0.0	0.0	0.0	0.0	551	0	0	0	52	0	0	0	0	447445	0	0	0	39	0	0	0	0	3571683	0	0	0	69	0	0	0	0	778664	0	0	0	95	0	0	0	0	128111	0	0	0	0	0	0	0	0	1131829	0	0	0	0	0	0	0	0	0.054494	0.0	0.0	0.0	2.0e-6	0.0	0.0	0.0	0.0	0.999964	0.0	0.0	0.0	3.6e-5	0.0	0.0	0.0	0.0	
1972	6062559	6564.40299394	3935.3778888888887	3935.3778888888887	0.000327	0.0	6062300	0	0	0	255	0	0	0	0	0.0	0.0	0.0	0.0	0.000692	0.0	0.0	0.0	0.0	1764.12	0.0	0.0	0.0	4777.07	0.0	0.0	0.0	0.0	0.000291	0.0	0.0	0.0	18.7336	0.0	0.0	0.0	0.0	551	0	0	0	52	0	0	0	0	447445	0	0	0	39	0	0	0	0	3573144	0	0	0	69	0	0	0	0	779538	0	0	0	95	0	0	0	0	128204	0	0	0	0	0	0	0	0	1133418	0	0	0	0	0	0	0	0	0.029687	0.0	0.0	0.0	2.0e-6	0.0	0.0	0.0	0.0	0.999934	0.0	0.0	0.0	6.6e-5	0.0	0.0	0.0	0.0	
1973	6066544	6565.403013485	3935.3778888888887	3935.3778888888887	0.000326	0.0	6066285	0	0	0	255	0	0	0	0	0.0	0.0	0.0	0.0	0.000692	0.0	0.0	0.0	0.0	1765.12	0.0	0.0	0.0	4777.07	0.0	0.0	0.0	0.0	0.000291	0.0	0.0	0.0	18.7336	0.0	0.0	0.0	0.0	551	0	0	0	52	0	0	0	0	447445	0	0	0	39	0	0	0	0	3574729	0	0	0	69	0	0	0	0	780369	0	0	0	95	0	0	0	0	128281	0	0	0	0	0	0	0	0	1134910	0	0	0	0	0	0	0	0	0.047774	0.0	0.0	0.0	2.0e-6	0.0	0.0	0.0	0.0	0.999959	0.0	0.0	0.0	4.1e-5	0.0	0.0	0.0	0.0	
1974	6069237	6595.650242428	3930.583	3930.583	0.000326	0.0	6068977	0	0	0	256	0	0	0	0	0.0	0.0	0.0	0.0	0.100623	0.0	0.0	0.0	0.0	1765.8	0.0	0.0	0.0	4806.64	0.0	0.0	0.0	0.0	0.000291	0.0	0.0	0.0	18.7759	0.0	0.0	0.0	0.0	551	0	0	0	53	0	0	0	0	447445	0	0	0	39	0	0	0	0	3575742	0	0	0	69	0	0	0	0	780957	0	0	0	95	0	0	0	0	128334	0	0	0	0	0	0	0	0	1135948	0	0	0	0	0	0	0	0	0.050305	0.0	0.0	0.0	0.000285	0.0	0.0	0.0	0.0	0.994358	0.0	0.0	0.0	0.005642	0.0	0.0	0.0	0.0	
1975	6069589	6608.951256069	3923.222	3923.222	0.000308	0.0	6069328	0	0	0	257	0	0	0	0	0.0	0.0	0.0	0.0	0.190561	0.0	0.0	0.0	0.0	1765.9	0.0	0.0	0.0	4819.84	0.0	0.0	0.0	0.0	0.000291	0.0	0.0	0.0	18.7542	0.0	0.0	0.0	0.0	553	0	0	0	54	0	0	0	0	447445	0	0	0	39	0	0	0	0	3575861	0	0	0	69	0	0	0	0	781039	0	0	0	95	0	0	0	0	128345	0	0	0	0	0	0	0	0	1136085	0	0	0	0	0	0	0	0	0.094301	0.0	0.0	0.0	0.000542	0.0	0.0	0.0	0.0	0.994287	0.0	0.0	0.0	0.005713	0.0	0.0	0.0	0.0	
1976	6070094	6617.816448562	3923.204222222222	3923.204222222222	0.0003	0.0	6069832	0	0	0	258	0	0	0	0	0.0	0.0	0.0	0.0	0.171505	0.0	0.0	0.0	0.0	1766.03	0.0	0.0	0.0	4828.57	0.0	0.0	0.0	0.0	0.000291	0.0	0.0	0.0	18.7154	0.0	0.0	0.0	0.0	555	0	0	0	54	0	0	0	0	447445	0	0	0	39	0	0	0	0	3576047	0	0	0	69	0	0	0	0	781146	0	0	0	96	0	0	0	0	128365	0	0	0	0	0	0	0	0	1136274	0	0	0	0	0	0	0	0	0.029267	0.0	0.0	0.0	0.00049	0.0	0.0	0.0	0.0	0.983545	0.0	0.0	0.0	0.016455	0.0	0.0	0.0	0.0	
1977	6070120	6625.340105777	3923.204222222222	3923.204222222222	0.000295	0.0	6069857	0	0	0	259	0	0	0	0	0.0	0.0	0.0	0.0	0.154354	0.0	0.0	0.0	0.0	1766.04	0.0	0.0	0.0	4836.09	0.0	0.0	0.0	0.0	0.000291	0.0	0.0	0.0	18.6721	0.0	0.0	0.0	0.0	555	0	0	0	54	0	0	0	0	447445	0	0	0	39	0	0	0	0	3576055	0	0	0	69	0	0	0	0	781153	0	0	0	97	0	0	0	0	128365	0	0	0	0	0	0	0	0	1136284	0	0	0	0	0	0	0	0	0.039398	0.0	0.0	0.0	0.000443	0.0	0.0	0.0	0.0	0.988888	0.0	0.0	0.0	0.011112	0.0	0.0	0.0	0.0	
1978	6070141	6630.638233414	3923.204222222222	3923.204222222222	0.000291	0.0	6069877	0	0	0	260	0	0	0	0	0.0	0.0	0.0	0.0	0.138919	0.0	0.0	0.0	0.0	1766.04	0.0	0.0	0.0	4841.38	0.0	0.0	0.0	0.0	0.000291	0.0	0.0	0.0	18.6207	0.0	0.0	0.0	0.0	555	0	0	0	54	0	0	0	0	447445	0	0	0	39	0	0	0	0	3576062	0	0	0	69	0	0	0	0	781157	0	0	0	98	0	0	0	0	128365	0	0	0	0	0	0	0	0	1136293	0	0	0	0	0	0	0	0	0.038394	0.0	0.0	0.0	0.000401	0.0	0.0	0.0	0.0	0.989672	0.0	0.0	0.0	0.010328	0.0	0.0	0.0	0.0	
1979	6070147	6642.253608533	3923.204222222222	3923.204222222222	0.000288	0.0	6069882	0	0	0	261	0	0	0	0	0.0	0.0	0.0	0.0	0.125027	0.0	0.0	0.0	0.0	1766.05	0.0	0.0	0.0	4852.99	0.0	0.0	0.0	0.0	0.000291	0.0	0.0	0.0	18.5938	0.0	0.0	0.0	0.0	555	0	0	0	54	0	0	0	0	447445	0	0	0	39	0	0	0	0	3576065	0	0	0	69	0	0	0	0	781158	0	0	0	99	0	0	0	0	128365	0	0	0	0	0	0	0	0	1136294	0	0	0	0	0	0	0	0	0.046369	0.0	0.0	0.0	0.000362	0.0	0.0	0.0	0.0	0.992261	0.0	0.0	0.0	0.007739	0.0	0.0	0.0	0.0	
1980	6070554	6646.721286846	3923.204222222222	3923.204222222222	0.000281	0.0	6070288	0	0	0	262	0	0	0	0	0.0	0.0	0.0	0.0	0.112524	0.0	0.0	0.0	0.0	1766.16	0.0	0.0	0.0	4857.34	0.0	0.0	0.0	0.0	0.000291	0.0	0.0	0.0	18.5395	0.0	0.0	0.0	0.0	555	0	0	0	54	0	0	0	0	447445	0	0	0	39	0	0	0	0	3576213	0	0	0	69	0	0	0	0	781261	0	0	0	100	0	0	0	0	128373	0	0	0	0	0	0	0	0	1136441	0	0	0	0	0	0	0	0	0.041097	0.0	0.0	0.0	0.000327	0.0	0.0	0.0	0.0	0.992097	0.0	0.0	0.0	0.007903	0.0	0.0	0.0	0.0	
1981	6070676	6652.480809236	3923.204222222222	3923.204222222222	0.000279	0.0	6070409	0	0	0	263	0	0	0	0	0.0	0.0	0.0	0.0	0.101272	0.0	0.0	0.0	0.0	1766.22	0.0	0.0	0.0	4863.05	0.0	0.0	0.0	0.0	0.000291	0.0	0.0	0.0	18.4907	0.0	0.0	0.0	0.0	555	0	0	0	54	0	0	0	0	447445	0	0	0	39	0	0	0	0	3576262	0	0	0	69	0	0	0	0	781292	0	0	0	101	0	0	0	0	128376	0	0	0	0	0	0	0	0	1136479	0	0	0	0	0	0	0	0	0.057289	0.0	0.0	0.0	0.000296	0.0	0.0	0.0	0.0	0.994856	0.0	0.0	0.0	0.005144	0.0	0.0	0.0	0.0	
1982	6070896	6671.532049239	3923.204222222222	3923.204222222222	0.000276	0.0	6070628	0	0	0	264	0	0	0	0	0.0	0.0	0.0	0.0	0.091145	0.0	0.0	0.0	0.0	1766.28	0.0	0.0	0.0	4882.04	0.0	0.0	0.0	0.0	0.000291	0.0	0.0	0.0	18.4926	0.0	0.0	0.0	0.0	555	0	0	0	54	0	0	0	0	447445	0	0	0	39	0	0	0	0	3576346	0	0	0	69	0	0	0	0	781337	0	0	0	102	0	0	0	0	128382	0	0	0	0	0	0	0	0	1136563	0	0	0	0	0	0	0	0	0.043497	0.0	0.0	0.0	0.000267	0.0	0.0	0.0	0.0	0.99391	0.0	0.0	0.0	0.00609	0.0	0.0	0.0	0.0	
1983	6071243	6678.024749009	3923.204222222222	3923.204222222222	0.000266	0.0	6070974	0	0	0	265	0	0	0	0	0.0	0.0	0.0	0.0	0.08203	0.0	0.0	0.0	0.0	1766.39	0.0	0.0	0.0	4888.42	0.0	0.0	0.0	0.0	0.000291	0.0	0.0	0.0	18.4469	0.0	0.0	0.0	0.0	555	0	0	0	54	0	0	0	0	447445	0	0	0	39	0	0	0	0	3576459	0	0	0	69	0	0	0	0	781417	0	0	0	103	0	0	0	0	128392	0	0	0	0	0	0	0	0	1136706	0	0	0	0	0	0	0	0	0.049308	0.0	0.0	0.0	0.000241	0.0	0.0	0.0	0.0	0.995135	0.0	0.0	0.0	0.004865	0.0	0.0	0.0	0.0	
1984	6071313	6684.405202352	3923.204222222222	3923.204222222222	0.000263	0.0	6071043	0	0	0	266	0	0	0	0	0.0	0.0	0.0	0.0	0.073827	0.0	0.0	0.0	0.0	1766.4	0.0	0.0	0.0	4894.79	0.0	0.0	0.0	0.0	0.000291	0.0	0.0	0.0	18.4015	0.0	0.0	0.0	0.0	555	0	0	0	54	0	0	0	0	447445	0	0	0	39	0	0	0	0	3576484	0	0	0	69	0	0	0	0	781433	0	0	0	104	0	0	0	0	128393	0	0	0	0	0	0	0	0	1136733	0	0	0	0	0	0	0	0	0.047239	0.0	0.0	0.0	0.000218	0.0	0.0	0.0	0.0	0.995406	0.0	0.0	0.0	0.004594	0.0	0.0	0.0	0.0	
1985	6071420	6702.016528935	3923.204222222222	3923.204222222222	0.00026	0.0	6071149	0	0	0	267	0	0	0	0	0.0	0.0	0.0	0.0	0.066444	0.0	0.0	0.0	0.0	1766.45	0.0	0.0	0.0	4912.35	0.0	0.0	0.0	0.0	0.000291	0.0	0.0	0.0	18.3983	0.0	0.0	0.0	0.0	555	0	0	0	54	0	0	0	0	447445	0	0	0	39	0	0	0	0	3576533	0	0	0	69	0	0	0	0	781451	0	0	0	105	0	0	0	0	128393	0	0	0	0	0	0	0	0	1136772	0	0	0	0	0	0	0	0	0.047895	0.0	0.0	0.0	0.000196	0.0	0.0	0.0	0.0	0.995918	0.0	0.0	0.0	0.004082	0.0	0.0	0.0	0.0	
1986	6071577	6724.328383751	3923.204222222222	3923.204222222222	0.000251	0.0	6071305	0	0	0	268	0	0	0	0	0.0	0.0	0.0	0.0	0.0598	0.0	0.0	0.0	0.0	1766.49	0.0	0.0	0.0	4934.62	0.0	0.0	0.0	0.0	0.000291	0.0	0.0	0.0	18.4128	0.0	0.0	0.0	0.0	555	0	0	0	54	0	0	0	0	447445	0	0	0	39	0	0	0	0	3576582	0	0	0	69	0	0	0	0	781473	0	0	0	106	0	0	0	0	128399	0	0	0	0	0	0	0	0	1136851	0	0	0	0	0	0	0	0	0.040785	0.0	0.0	0.0	0.000176	0.0	0.0	0.0	0.0	0.995694	0.0	0.0	0.0	0.004306	0.0	0.0	0.0	0.0	
1987	6071694	6731.474335741	3923.204222222222	3923.204222222222	0.00024	0.0	6071421	0	0	0	269	0	0	0	0	0.0	0.0	0.0	0.0	0.05382	0.0	0.0	0.0	0.0	1766.55	0.0	0.0	0.0	4941.71	0.0	0.0	0.0	0.0	0.000291	0.0	0.0	0.0	18.3707	0.0	0.0	0.0	0.0	555	0	0	0	54	0	0	0	0	447445	0	0	0	39	0	0	0	0	3576628	0	0	0	69	0	0	0	0	781499	0	0	0	107	0	0	0	0	128403	0	0	0	0	0	0	0	0	1136891	0	0	0	0	0	0	0	0	0.032058	0.0	0.0	0.0	0.000159	0.0	0.0	0.0	0.0	0.99505	0.0	0.0	0.0	0.00495	0.0	0.0	0.0	0.0	
1988	6071836	6748.442966366	3923.204222222222	3923.204222222222	0.000237	0.0	6071562	0	0	0	270	0	0	0	0	0.0	0.0	0.0	0.0	0.048438	0.0	0.0	0.0	0.0	1766.59	0.0	0.0	0.0	4958.64	0.0	0.0	0.0	0.0	0.000291	0.0	0.0	0.0	18.3653	0.0	0.0	0.0	0.0	555	0	0	0	54	0	0	0	0	447445	0	0	0	39	0	0	0	0	3576674	0	0	0	69	0	0	0	0	781536	0	0	0	108	0	0	0	0	128405	0	0	0	0	0	0	0	0	1136947	0	0	0	0	0	0	0	0	0.023813	0.0	0.0	0.0	0.000144	0.0	0.0	0.0	0.0	0.994005	0.0	0.0	0.0	0.005995	0.0	0.0	0.0	0.0	
1989	6071853	6755.570826028	3923.204222222222	3923.204222222222	0.000229	0.0	6071578	0	0	0	271	0	0	0	0	0.0	0.0	0.0	0.0	0.043594	0.0	0.0	0.0	0.0	1766.59	0.0	0.0	0.0	4965.76	0.0	0.0	0.0	0.0	0.000291	0.0	0.0	0.0	18.3238	0.0	0.0	0.0	0.0	555	0	0	0	54	0	0	0	0	447445	0	0	0	39	0	0	0	0	3576678	0	0	0	69	0	0	0	0	781543	0	0	0	109	0	0	0	0	128406	0	0	0	0	0	0	0	0	1136951	0	0	0	0	0	0	0	0	0.031164	0.0	0.0	0.0	0.00013	0.0	0.0	0.0	0.0	0.995851	0.0	0.0	0.0	0.004149	0.0	0.0	0.0	0.0	
1990	6072816	6786.444355308	3923.204222222222	3923.204222222222	0.000226	0.0	6072540	0	0	0	272	0	0	0	0	0.0	0.0	0.0	0.0	0.039235	0.0	0.0	0.0	0.0	1766.86	0.0	0.0	0.0	4996.37	0.0	0.0	0.0	0.0	0.000291	0.0	0.0	0.0	18.369	0.0	0.0	0.0	0.0	555	0	0	0	54	0	0	0	0	447445	0	0	0	39	0	0	0	0	3577039	0	0	0	69	0	0	0	0	781747	0	0	0	110	0	0	0	0	128429	0	0	0	0	0	0	0	0	1137325	0	0	0	0	0	0	0	0	0.042197	0.0	0.0	0.0	0.000116	0.0	0.0	0.0	0.0	0.997252	0.0	0.0	0.0	0.002748	0.0	0.0	0.0	0.0	
1991	6073553	6793.864913411	3923.204222222222	3923.204222222222	0.000213	0.0	6073276	0	0	0	273	0	0	0	0	0.0	0.0	0.0	0.0	0.035311	0.0	0.0	0.0	0.0	1767.06	0.0	0.0	0.0	5003.59	0.0	0.0	0.0	0.0	0.000291	0.0	0.0	0.0	18.3282	0.0	0.0	0.0	0.0	555	0	0	0	54	0	0	0	0	447445	0	0	0	39	0	0	0	0	3577290	0	0	0	69	0	0	0	0	781904	0	0	0	111	0	0	0	0	128452	0	0	0	0	0	0	0	0	1137630	0	0	0	0	0	0	0	0	0.036531	0.0	0.0	0.0	0.000105	0.0	0.0	0.0	0.0	0.997131	0.0	0.0	0.0	0.002869	0.0	0.0	0.0	0.0	
1992	6073860	6806.380013371	3923.204222222222	3923.204222222222	0.00021	0.0	6073582	0	0	0	274	0	0	0	0	0.0	0.0	0.0	0.0	0.03178	0.0	0.0	0.0	0.0	1767.15	0.0	0.0	0.0	5016.01	0.0	0.0	0.0	0.0	0.000291	0.0	0.0	0.0	18.3066	0.0	0.0	0.0	0.0	555	0	0	0	54	0	0	0	0	447445	0	0	0	39	0	0	0	0	3577389	0	0	0	69	0	0	0	0	781979	0	0	0	112	0	0	0	0	128464	0	0	0	0	0	0	0	0	1137750	0	0	0	0	0	0	0	0	0.040812	0.0	0.0	0.0	9.5e-5	0.0	0.0	0.0	0.0	0.997682	0.0	0.0	0.0	0.002318	0.0	0.0	0.0	0.0	
1993	6074422	6815.65974636	3923.204222222222	3923.204222222222	0.000205	0.0	6074143	0	0	0	275	0	0	0	0	0.0	0.0	0.0	0.0	0.028602	0.0	0.0	0.0	0.0	1767.3	0.0	0.0	0.0	5025.14	0.0	0.0	0.0	0.0	0.000291	0.0	0.0	0.0	18.2732	0.0	0.0	0.0	0.0	555	0	0	0	54	0	0	0	0	447445	0	0	0	39	0	0	0	0	3577556	0	0	0	69	0	0	0	0	782130	0	0	0	113	0	0	0	0	128473	0	0	0	0	0	0	0	0	1137984	0	0	0	0	0	0	0	0	0.031302	0.0	0.0	0.0	8.6e-5	0.0	0.0	0.0	0.0	0.997271	0.0	0.0	0.0	0.002729	0.0	0.0	0.0	0.0	
1994	6074748	6818.775186533	3923.204222222222	3923.204222222222	0.000202	0.0	6074468	0	0	0	276	0	0	0	0	0.0	0.0	0.0	0.0	0.025742	0.0	0.0	0.0	0.0	1767.41	0.0	0.0	0.0	5028.15	0.0	0.0	0.0	0.0	0.000291	0.0	0.0	0.0	18.2179	0.0	0.0	0.0	0.0	555	0	0	0	54	0	0	0	0	447445	0	0	0	39	0	0	0	0	3577667	0	0	0	69	0	0	0	0	782222	0	0	0	114	0	0	0	0	128481	0	0	0	0	0	0	0	0	1138098	0	0	0	0	0	0	0	0	0.040779	0.0	0.0	0.0	7.8e-5	0.0	0.0	0.0	0.0	0.998102	0.0	0.0	0.0	0.001898	0.0	0.0	0.0	0.0	
1995	6075144	6833.431199307	3923.204222222222	3923.204222222222	0.0002	0.0	6074863	0	0	0	277	0	0	0	0	0.0	0.0	0.0	0.0	0.023168	0.0	0.0	0.0	0.0	1767.52	0.0	0.0	0.0	5042.7	0.0	0.0	0.0	0.0	0.000291	0.0	0.0	0.0	18.2047	0.0	0.0	0.0	0.0	555	0	0	0	54	0	0	0	0	447445	0	0	0	39	0	0	0	0	3577788	0	0	0	69	0	0	0	0	782309	0	0	0	115	0	0	0	0	128492	0	0	0	0	0	0	0	0	1138274	0	0	0	0	0	0	0	0	0.028995	0.0	0.0	0.0	7.0e-5	0.0	0.0	0.0	0.0	0.997595	0.0	0.0	0.0	0.002405	0.0	0.0	0.0	0.0	
1996	6076668	6841.01451846	3923.204222222222	3923.204222222222	0.000195	0.0	6076386	0	0	0	278	0	0	0	0	0.0	0.0	0.0	0.0	0.020851	0.0	0.0	0.0	0.0	1767.92	0.0	0.0	0.0	5049.88	0.0	0.0	0.0	0.0	0.000291	0.0	0.0	0.0	18.165	0.0	0.0	0.0	0.0	555	0	0	0	54	0	0	0	0	447445	0	0	0	39	0	0	0	0	3578310	0	0	0	69	0	0	0	0	782656	0	0	0	116	0	0	0	0	128523	0	0	0	0	0	0	0	0	1138897	0	0	0	0	0	0	0	0	0.045177	0.0	0.0	0.0	6.3e-5	0.0	0.0	0.0	0.0	0.998603	0.0	0.0	0.0	0.001397	0.0	0.0	0.0	0.0	
1997	6076875	6849.734176295	3923.204222222222	3923.204222222222	0.000192	0.0	6076592	0	0	0	279	0	0	0	0	0.0	0.0	0.0	0.0	0.018766	0.0	0.0	0.0	0.0	1767.97	0.0	0.0	0.0	5058.55	0.0	0.0	0.0	0.0	0.000291	0.0	0.0	0.0	18.131	0.0	0.0	0.0	0.0	555	0	0	0	54	0	0	0	0	447445	0	0	0	39	0	0	0	0	3578369	0	0	0	69	0	0	0	0	782706	0	0	0	117	0	0	0	0	128527	0	0	0	0	0	0	0	0	1138990	0	0	0	0	0	0	0	0	0.039362	0.0	0.0	0.0	5.7e-5	0.0	0.0	0.0	0.0	0.998552	0.0	0.0	0.0	0.001448	0.0	0.0	0.0	0.0	
1998	6077618	6860.828815764	3923.204222222222	3923.204222222222	0.000189	0.0	6077334	0	0	0	280	0	0	0	0	0.0	0.0	0.0	0.0	0.016889	0.0	0.0	0.0	0.0	1768.15	0.0	0.0	0.0	5069.46	0.0	0.0	0.0	0.0	0.000291	0.0	0.0	0.0	18.1052	0.0	0.0	0.0	0.0	555	0	0	0	54	0	0	0	0	447445	0	0	0	39	0	0	0	0	3578646	0	0	0	69	0	0	0	0	782886	0	0	0	118	0	0	0	0	128538	0	0	0	0	0	0	0	0	1139264	0	0	0	0	0	0	0	0	0.04663	0.0	0.0	0.0	5.2e-5	0.0	0.0	0.0	0.0	0.998896	0.0	0.0	0.0	0.001104	0.0	0.0	0.0	0.0	
1999	6077867	6875.329181016	3923.204222222222	3923.204222222222	0.000185	0.0	6077582	0	0	0	281	0	0	0	0	0.0	0.0	0.0	0.0	0.0152	0.0	0.0	0.0	0.0	1768.22	0.0	0.0	0.0	5083.89	0.0	0.0	0.0	0.0	0.000291	0.0	0.0	0.0	18.0921	0.0	0.0	0.0	0.0	555	0	0	0	54	0	0	0	0	447445	0	0	0	39	0	0	0	0	3578740	0	0	0	69	0	0	0	0	782952	0	0	0	119	0	0	0	0	128545	0	0	0	0	0	0	0	0	1139345	0	0	0	0	0	0	0	0	0.048828	0.0	0.0	0.0	4.6e-5	0.0	0.0	0.0	0.0	0.99905	0.0	0.0	0.0	0.00095	0.0	0.0	0.0	0.0	
2000	6078427	6938.396348786	3923.204222222222	3923.204222222222	0.00018	0.0	6078141	0	0	0	282	0	0	0	0	0.0	0.0	0.0	0.0	0.01368	0.0	0.0	0.0	0.0	1768.37	0.0	0.0	0.0	5146.81	0.0	0.0	0.0	0.0	0.000291	0.0	0.0	0.0	18.2511	0.0	0.0	0.0	0.0	555	0	0	0	54	0	0	0	0	447445	0	0	0	39	0	0	0	0	3578949	0	0	0	69	0	0	0	0	783081	0	0	0	120	0	0	0	0	128560	0	0	0	0	0	0	0	0	1139551	0	0	0	0	0	0	0	0	0.037069	0.0	0.0	0.0	4.1e-5	0.0	0.0	0.0	0.0	0.998893	0.0	0.0	0.0	0.001107	0.0	0.0	0.0	0.0	
2001	6078757	6964.592949098	3923.204222222222	3923.204222222222	0.000159	0.0	6078470	0	0	0	283	0	0	0	0	0.0	0.0	0.0	0.0	0.012312	0.0	0.0	0.0	0.0	1768.49	0.0	0.0	0.0	5172.89	0.0	0.0	0.0	0.0	0.000291	0.0	0.0	0.0	18.2788	0.0	0.0	0.0	0.0	555	0	0	0	54	0	0	0	0	447445	0	0	0	39	0	0	0	0	3579073	0	0	0	69	0	0	0	0	783151	0	0	0	121	0	0	0	0	128564	0	0	0	0	0	0	0	0	1139682	0	0	0	0	0	0	0	0	0.035408	0.0	0.0	0.0	3.7e-5	0.0	0.0	0.0	0.0	0.99896	0.0	0.0	0.0	0.00104	0.0	0.0	0.0	0.0	
2002	6080518	6969.049956528	3923.204222222222	3923.204222222222	0.000151	0.0	6080230	0	0	0	284	0	0	0	0	0.0	0.0	0.0	0.0	0.011081	0.0	0.0	0.0	0.0	1768.97	0.0	0.0	0.0	5176.86	0.0	0.0	0.0	0.0	0.000291	0.0	0.0	0.0	18.2284	0.0	0.0	0.0	0.0	555	0	0	0	54	0	0	0	0	447445	0	0	0	39	0	0	0	0	3579746	0	0	0	69	0	0	0	0	783539	0	0	0	122	0	0	0	0	128607	0	0	0	0	0	0	0	0	1140338	0	0	0	0	0	0	0	0	0.04082	0.0	0.0	0.0	3.3e-5	0.0	0.0	0.0	0.0	0.999184	0.0	0.0	0.0	0.000816	0.0	0.0	0.0	0.0	
2003	6080558	6976.4405742	3923.204222222222	3923.204222222222	0.00015	0.0	6080269	0	0	0	285	0	0	0	0	0.0	0.0	0.0	0.0	0.009973	0.0	0.0	0.0	0.0	1768.98	0.0	0.0	0.0	5184.24	0.0	0.0	0.0	0.0	0.000291	0.0	0.0	0.0	18.1903	0.0	0.0	0.0	0.0	555	0	0	0	54	0	0	0	0	447445	0	0	0	39	0	0	0	0	3579763	0	0	0	69	0	0	0	0	783546	0	0	0	123	0	0	0	0	128609	0	0	0	0	0	0	0	0	1140351	0	0	0	0	0	0	0	0	0.049231	0.0	0.0	0.0	3.0e-5	0.0	0.0	0.0	0.0	0.999388	0.0	0.0	0.0	0.000612	0.0	0.0	0.0	0.0	
2004	6082659	7001.24622431	3923.204222222222	3923.204222222222	0.000148	0.0	6082369	0	0	0	286	0	0	0	0	0.0	0.0	0.0	0.0	0.008976	0.0	0.0	0.0	0.0	1769.55	0.0	0.0	0.0	5208.48	0.0	0.0	0.0	0.0	0.000291	0.0	0.0	0.0	18.2115	0.0	0.0	0.0	0.0	555	0	0	0	54	0	0	0	0	447445	0	0	0	39	0	0	0	0	3580568	0	0	0	69	0	0	0	0	784025	0	0	0	124	0	0	0	0	128649	0	0	0	0	0	0	0	0	1141127	0	0	0	0	0	0	0	0	0.045846	0.0	0.0	0.0	2.7e-5	0.0	0.0	0.0	0.0	0.99941	0.0	0.0	0.0	0.00059	0.0	0.0	0.0	0.0	
2005	6083161	7009.625609083	3921.222	3921.222	0.000141	0.0	6082870	0	0	0	287	0	0	0	0	0.0	0.0	0.0	0.0	0.108078	0.0	0.0	0.0	0.0	1769.68	0.0	0.0	0.0	5216.72	0.0	0.0	0.0	0.0	0.000291	0.0	0.0	0.0	18.1767	0.0	0.0	0.0	0.0	555	0	0	0	55	0	0	0	0	447445	0	0	0	39	0	0	0	0	3580761	0	0	0	69	0	0	0	0	784120	0	0	0	124	0	0	0	0	128655	0	0	0	0	0	0	0	0	1141334	0	0	0	0	0	0	0	0	0.045454	0.0	0.0	0.0	0.000327	0.0	0.0	0.0	0.0	0.992855	0.0	0.0	0.0	0.007145	0.0	0.0	0.0	0.0	
2006	6083940	7016.55846617	3921.204222222222	3921.204222222222	0.000139	0.0	6083648	0	0	0	288	0	0	0	0	0.0	0.0	0.0	0.0	0.09727	0.0	0.0	0.0	0.0	1769.9	0.0	0.0	0.0	5223.44	0.0	0.0	0.0	0.0	0.000291	0.0	0.0	0.0	18.1369	0.0	0.0	0.0	0.0	557	0	0	0	55	0	0	0	0	447445	0	0	0	39	0	0	0	0	3581068	0	0	0	69	0	0	0	0	784289	0	0	0	125	0	0	0	0	128667	0	0	0	0	0	0	0	0	1141622	0	0	0	0	0	0	0	0	0.042587	0.0	0.0	0.0	0.000296	0.0	0.0	0.0	0.0	0.993104	0.0	0.0	0.0	0.006896	0.0	0.0	0.0	0.0	
2007	6083950	7029.967208646	3921.204222222222	3921.204222222222	0.000137	0.0	6083657	0	0	0	289	0	0	0	0	0.0	0.0	0.0	0.0	0.087543	0.0	0.0	0.0	0.0	1769.9	0.0	0.0	0.0	5236.84	0.0	0.0	0.0	0.0	0.000291	0.0	0.0	0.0	18.1206	0.0	0.0	0.0	0.0	557	0	0	0	55	0	0	0	0	447445	0	0	0	39	0	0	0	0	3581069	0	0	0	69	0	0	0	0	784291	0	0	0	126	0	0	0	0	128667	0	0	0	0	0	0	0	0	1141628	0	0	0	0	0	0	0	0	0.032399	0.0	0.0	0.0	0.000267	0.0	0.0	0.0	0.0	0.991838	0.0	0.0	0.0	0.008162	0.0	0.0	0.0	0.0	
2008	6084184	7037.070930157	3921.204222222222	3921.204222222222	0.000133	0.0	6083890	0	0	0	290	0	0	0	0	0.0	0.0	0.0	0.0	0.078789	0.0	0.0	0.0	0.0	1769.99	0.0	0.0	0.0	5243.86	0.0	0.0	0.0	0.0	0.000291	0.0	0.0	0.0	18.0823	0.0	0.0	0.0	0.0	557	0	0	0	55	0	0	0	0	447445	0	0	0	39	0	0	0	0	3581153	0	0	0	69	0	0	0	0	784334	0	0	0	127	0	0	0	0	128672	0	0	0	0	0	0	0	0	1141729	0	0	0	0	0	0	0	0	0.031623	0.0	0.0	0.0	0.000241	0.0	0.0	0.0	0.0	0.992438	0.0	0.0	0.0	0.007562	0.0	0.0	0.0	0.0	
2009	6084203	7043.309820908	3921.204222222222	3921.204222222222	0.000132	0.0	6083908	0	0	0	291	0	0	0	0	0.0	0.0	0.0	0.0	0.07091	0.0	0.0	0.0	0.0	1769.99	0.0	0.0	0.0	5250.1	0.0	0.0	0.0	0.0	0.000291	0.0	0.0	0.0	18.0416	0.0	0.0	0.0	0.0	557	0	0	0	55	0	0	0	0	447445	0	0	0	39	0	0	0	0	3581158	0	0	0	69	0	0	0	0	784340	0	0	0	128	0	0	0	0	128672	0	0	0	0	0	0	0	0	1141736	0	0	0	0	0	0	0	0	0.036911	0.0	0.0	0.0	0.000218	0.0	0.0	0.0	0.0	0.994133	0.0	0.0	0.0	0.005867	0.0	0.0	0.0	0.0	
2010	6084423	7057.523639805	3921.204222222222	3921.204222222222	0.00013	0.0	6084127	0	0	0	292	0	0	0	0	0.0	0.0	0.0	0.0	0.063819	0.0	0.0	0.0	0.0	1770.07	0.0	0.0	0.0	5264.23	0.0	0.0	0.0	0.0	0.000291	0.0	0.0	0.0	18.0282	0.0	0.0	0.0	0.0	557	0	0	0	55	0	0	0	0	447445	0	0	0	39	0	0	0	0	3581246	0	0	0	69	0	0	0	0	784383	0	0	0	129	0	0	0	0	128679	0	0	0	0	0	0	0	0	1141817	0	0	0	0	0	0	0	0	0.044645	0.0	0.0	0.0	0.000196	0.0	0.0	0.0	0.0	0.995621	0.0	0.0	0.0	0.004379	0.0	0.0	0.0	0.0	
2011	6084482	7064.802827946	3921.204222222222	3921.204222222222	0.000127	0.0	6084185	0	0	0	293	0	0	0	0	0.0	0.0	0.0	0.0	0.057437	0.0	0.0	0.0	0.0	1770.09	0.0	0.0	0.0	5271.49	0.0	0.0	0.0	0.0	0.000291	0.0	0.0	0.0	17.9914	0.0	0.0	0.0	0.0	557	0	0	0	55	0	0	0	0	447445	0	0	0	39	0	0	0	0	3581268	0	0	0	69	0	0	0	0	784393	0	0	0	130	0	0	0	0	128680	0	0	0	0	0	0	0	0	1141842	0	0	0	0	0	0	0	0	0.037521	0.0	0.0	0.0	0.000177	0.0	0.0	0.0	0.0	0.995293	0.0	0.0	0.0	0.004707	0.0	0.0	0.0	0.0	
2012	6084658	7075.361706019	3921.204222222222	3921.204222222222	0.000125	0.0	6084360	0	0	0	294	0	0	0	0	0.0	0.0	0.0	0.0	0.051693	0.0	0.0	0.0	0.0	1770.16	0.0	0.0	0.0	5281.98	0.0	0.0	0.0	0.0	0.000291	0.0	0.0	0.0	17.9659	0.0	0.0	0.0	0.0	557	0	0	0	55	0	0	0	0	447445	0	0	0	39	0	0	0	0	3581356	0	0	0	69	0	0	0	0	784425	0	0	0	131	0	0	0	0	128682	0	0	0	0	0	0	0	0	1141895	0	0	0	0	0	0	0	0	0.053097	0.0	0.0	0.0	0.00016	0.0	0.0	0.0	0.0	0.996993	0.0	0.0	0.0	0.003007	0.0	0.0	0.0	0.0	
2013	6084734	7094.134455865	3921.204222222222	3921.204222222222	0.000122	0.0	6084435	0	0	0	295	0	0	0	0	0.0	0.0	0.0	0.0	0.046524	0.0	0.0	0.0	0.0	1770.18	0.0	0.0	0.0	5300.74	0.0	0.0	0.0	0.0	0.000291	0.0	0.0	0.0	17.9686	0.0	0.0	0.0	0.0	557	0	0	0	55	0	0	0	0	447445	0	0	0	39	0	0	0	0	3581383	0	0	0	69	0	0	0	0	784438	0	0	0	132	0	0	0	0	128683	0	0	0	0	0	0	0	0	1141929	0	0	0	0	0	0	0	0	0.035908	0.0	0.0	0.0	0.000144	0.0	0.0	0.0	0.0	0.996003	0.0	0.0	0.0	0.003997	0.0	0.0	0.0	0.0	
2014	6085186	7102.345585792	3921.204222222222	3921.204222222222	0.000118	0.0	6084886	0	0	0	296	0	0	0	0	0.0	0.0	0.0	0.0	0.041872	0.0	0.0	0.0	0.0	1770.32	0.0	0.0	0.0	5308.81	0.0	0.0	0.0	0.0	0.000291	0.0	0.0	0.0	17.9352	0.0	0.0	0.0	0.0	557	0	0	0	55	0	0	0	0	447445	0	0	0	39	0	0	0	0	3581553	0	0	0	69	0	0	0	0	784531	0	0	0	133	0	0	0	0	128687	0	0	0	0	0	0	0	0	1142113	0	0	0	0	0	0	0	0	0.041609	0.0	0.0	0.0	0.00013	0.0	0.0	0.0	0.0	0.996881	0.0	0.0	0.0	0.003119	0.0	0.0	0.0	0.0	
2015	6085318	7106.489600989	3921.204222222222	3921.204222222222	0.000116	0.0	6085017	0	0	0	297	0	0	0	0	0.0	0.0	0.0	0.0	0.037684	0.0	0.0	0.0	0.0	1770.36	0.0	0.0	0.0	5312.91	0.0	0.0	0.0	0.0	0.000291	0.0	0.0	0.0	17.8886	0.0	0.0	0.0	0.0	557	0	0	0	55	0	0	0	0	447445	0	0	0	39	0	0	0	0	3581608	0	0	0	69	0	0	0	0	784556	0	0	0	134	0	0	0	0	128690	0	0	0	0	0	0	0	0	1142161	0	0	0	0	0	0	0	0	0.040904	0.0	0.0	0.0	0.000118	0.0	0.0	0.0	0.0	0.997129	0.0	0.0	0.0	0.002871	0.0	0.0	0.0	0.0	
2016	6085346	7110.150795303	3921.204222222222	3921.204222222222	0.000115	0.0	6085044	0	0	0	298	0	0	0	0	0.0	0.0	0.0	0.0	0.033916	0.0	0.0	0.0	0.0	1770.36	0.0	0.0	0.0	5316.57	0.0	0.0	0.0	0.0	0.000291	0.0	0.0	0.0	17.8408	0.0	0.0	0.0	0.0	557	0	0	0	55	0	0	0	0	447445	0	0	0	39	0	0	0	0	3581615	0	0	0	69	0	0	0	0	784559	0	0	0	135	0	0	0	0	128690	0	0	0	0	0	0	0	0	1142178	0	0	0	0	0	0	0	0	0.027973	0.0	0.0	0.0	0.000107	0.0	0.0	0.0	0.0	0.996205	0.0	0.0	0.0	0.003795	0.0	0.0	0.0	0.0	
2017	6086402	7126.087700401	3921.204222222222	3921.204222222222	0.000114	0.0	6086099	0	0	0	299	0	0	0	0	0.0	0.0	0.0	0.0	0.030524	0.0	0.0	0.0	0.0	1770.64	0.0	0.0	0.0	5332.23	0.0	0.0	0.0	0.0	0.000291	0.0	0.0	0.0	17.8335	0.0	0.0	0.0	0.0	557	0	0	0	55	0	0	0	0	447445	0	0	0	39	0	0	0	0	3582003	0	0	0	69	0	0	0	0	784787	0	0	0	136	0	0	0	0	128715	0	0	0	0	0	0	0	0	1142592	0	0	0	0	0	0	0	0	0.050044	0.0	0.0	0.0	9.6e-5	0.0	0.0	0.0	0.0	0.998086	0.0	0.0	0.0	0.001914	0.0	0.0	0.0	0.0	
2018	6086737	7135.771778701	3921.204222222222	3921.204222222222	0.000111	0.0	6086433	0	0	0	300	0	0	0	0	0.0	0.0	0.0	0.0	0.027472	0.0	0.0	0.0	0.0	1770.72	0.0	0.0	0.0	5341.83	0.0	0.0	0.0	0.0	0.000291	0.0	0.0	0.0	17.8061	0.0	0.0	0.0	0.0	557	0	0	0	55	0	0	0	0	447445	0	0	0	39	0	0	0	0	3582137	0	0	0	69	0	0	0	0	784856	0	0	0	137	0	0	0	0	128722	0	0	0	0	0	0	0	0	1142716	0	0	0	0	0	0	0	0	0.051342	0.0	0.0	0.0	8.7e-5	0.0	0.0	0.0	0.0	0.998315	0.0	0.0	0.0	0.001685	0.0	0.0	0.0	0.0	
2019	6087818	7143.318942601	3921.204222222222	3921.204222222222	0.000109	0.0	6087513	0	0	0	301	0	0	0	0	0.0	0.0	0.0	0.0	0.024725	0.0	0.0	0.0	0.0	1771.0	0.0	0.0	0.0	5349.09	0.0	0.0	0.0	0.0	0.000291	0.0	0.0	0.0	17.7711	0.0	0.0	0.0	0.0	557	0	0	0	55	0	0	0	0	447445	0	0	0	39	0	0	0	0	3582544	0	0	0	69	0	0	0	0	785091	0	0	0	138	0	0	0	0	128746	0	0	0	0	0	0	0	0	1143130	0	0	0	0	0	0	0	0	0.033307	0.0	0.0	0.0	7.8e-5	0.0	0.0	0.0	0.0	0.997655	0.0	0.0	0.0	0.002345	0.0	0.0	0.0	0.0	
2020	6088270	7148.992643085	3921.204222222222	3921.204222222222	0.000107	0.0	6087964	0	0	0	302	0	0	0	0	0.0	0.0	0.0	0.0	0.022252	0.0	0.0	0.0	0.0	1771.12	0.0	0.0	0.0	5354.65	0.0	0.0	0.0	0.0	0.000291	0.0	0.0	0.0	17.7306	0.0	0.0	0.0	0.0	557	0	0	0	55	0	0	0	0	447445	0	0	0	39	0	0	0	0	3582701	0	0	0	69	0	0	0	0	785189	0	0	0	139	0	0	0	0	128755	0	0	0	0	0	0	0	0	1143317	0	0	0	0	0	0	0	0	0.02581	0.0	0.0	0.0	7.1e-5	0.0	0.0	0.0	0.0	0.997265	0.0	0.0	0.0	0.002735	0.0	0.0	0.0	0.0	
2021	6088316	7153.266422378	3921.204222222222	3921.204222222222	0.000106	0.0	6088009	0	0	0	303	0	0	0	0	0.0	0.0	0.0	0.0	0.020027	0.0	0.0	0.0	0.0	1771.13	0.0	0.0	0.0	5358.91	0.0	0.0	0.0	0.0	0.000291	0.0	0.0	0.0	17.6862	0.0	0.0	0.0	0.0	557	0	0	0	55	0	0	0	0	447445	0	0	0	39	0	0	0	0	3582722	0	0	0	69	0	0	0	0	785199	0	0	0	140	0	0	0	0	128756	0	0	0	0	0	0	0	0	1143330	0	0	0	0	0	0	0	0	0.052355	0.0	0.0	0.0	6.4e-5	0.0	0.0	0.0	0.0	0.998779	0.0	0.0	0.0	0.001221	0.0	0.0	0.0	0.0	
2022	6088548	7162.334262673	3921.204222222222	3921.204222222222	0.000105	0.0	6088240	0	0	0	304	0	0	0	0	0.0	0.0	0.0	0.0	0.018024	0.0	0.0	0.0	0.0	1771.2	0.0	0.0	0.0	5367.91	0.0	0.0	0.0	0.0	0.000291	0.0	0.0	0.0	17.6576	0.0	0.0	0.0	0.0	557	0	0	0	55	0	0	0	0	447445	0	0	0	39	0	0	0	0	3582796	0	0	0	69	0	0	0	0	785250	0	0	0	141	0	0	0	0	128761	0	0	0	0	0	0	0	0	1143431	0	0	0	0	0	0	0	0	0.022117	0.0	0.0	0.0	5.8e-5	0.0	0.0	0.0	0.0	0.997393	0.0	0.0	0.0	0.002607	0.0	0.0	0.0	0.0	
2023	6090627	7168.64231102	3921.204222222222	3921.204222222222	0.000103	0.0	6090318	0	0	0	305	0	0	0	0	0.0	0.0	0.0	0.0	0.016222	0.0	0.0	0.0	0.0	1771.73	0.0	0.0	0.0	5373.69	0.0	0.0	0.0	0.0	0.000291	0.0	0.0	0.0	17.6186	0.0	0.0	0.0	0.0	557	0	0	0	55	0	0	0	0	447445	0	0	0	39	0	0	0	0	3583588	0	0	0	69	0	0	0	0	785690	0	0	0	142	0	0	0	0	128810	0	0	0	0	0	0	0	0	1144228	0	0	0	0	0	0	0	0	0.049898	0.0	0.0	0.0	5.2e-5	0.0	0.0	0.0	0.0	0.998954	0.0	0.0	0.0	0.001046	0.0	0.0	0.0	0.0	
2024	6091345	7172.837170398	3921.204222222222	3921.204222222222	0.000102	0.0	6091035	0	0	0	306	0	0	0	0	0.0	0.0	0.0	0.0	0.0146	0.0	0.0	0.0	0.0	1771.91	0.0	0.0	0.0	5377.7	0.0	0.0	0.0	0.0	0.000291	0.0	0.0	0.0	17.5742	0.0	0.0	0.0	0.0	557	0	0	0	55	0	0	0	0	447445	0	0	0	39	0	0	0	0	3583860	0	0	0	69	0	0	0	0	785845	0	0	0	143	0	0	0	0	128824	0	0	0	0	0	0	0	0	1144504	0	0	0	0	0	0	0	0	0.03611	0.0	0.0	0.0	4.7e-5	0.0	0.0	0.0	0.0	0.998693	0.0	0.0	0.0	0.001307	0.0	0.0	0.0	0.0	
2025	6091644	7186.612764626	3921.204222222222	3921.204222222222	0.000101	0.0	6091333	0	0	0	307	0	0	0	0	0.0	0.0	0.0	0.0	0.01314	0.0	0.0	0.0	0.0	1771.98	0.0	0.0	0.0	5391.41	0.0	0.0	0.0	0.0	0.000291	0.0	0.0	0.0	17.5616	0.0	0.0	0.0	0.0	557	0	0	0	55	0	0	0	0	447445	0	0	0	39	0	0	0	0	3583963	0	0	0	69	0	0	0	0	785908	0	0	0	144	0	0	0	0	128831	0	0	0	0	0	0	0	0	1144629	0	0	0	0	0	0	0	0	0.020127	0.0	0.0	0.0	4.3e-5	0.0	0.0	0.0	0.0	0.997888	0.0	0.0	0.0	0.002112	0.0	0.0	0.0	0.0	
2026	6091644	7186.6127867	3921.204222222222	3921.204222222222	9.9e-5	0.0	6091333	0	0	0	307	0	0	0	0	0.0	0.0	0.0	0.0	0.01314	0.0	0.0	0.0	0.0	1771.98	0.0	0.0	0.0	5391.41	0.0	0.0	0.0	0.0	0.000291	0.0	0.0	0.0	17.5616	0.0	0.0	0.0	0.0	557	0	0	0	55	0	0	0	0	447445	0	0	0	39	0	0	0	0	3583963	0	0	0	69	0	0	0	0	785908	0	0	0	144	0	0	0	0	128831	0	0	0	0	0	0	0	0	1144629	0	0	0	0	0	0	0	0	0.020127	0.0	0.0	0.0	4.3e-5	0.0	0.0	0.0	0.0	0.997888	0.0	0.0	0.0	0.002112	0.0	0.0	0.0	0.0	
