indexLine	algoIter	time	best obj	current obj	T	probdelta1	nb uses 1	nb uses 2	nb uses 3	nb uses 4	nb uses 5	nb uses 6	nb uses 7	nb uses 8	nb uses 9	score 1	score 2	score 3	score 4	score 5	score 6	score 7	score 8	score 9	duration 1	duration 2	duration 3	duration 4	duration 5	duration 6	duration 7	duration 8	duration 9	avgDuration 1	avgDuration 2	avgDuration 3	avgDuration 4	avgDuration 5	avgDuration 6	avgDuration 7	avgDuration 8	avgDuration 9	sigmas1 1	sigmas1 2	sigmas1 3	sigmas1 4	sigmas1 5	sigmas1 6	sigmas1 7	sigmas1 8	sigmas1 9	sigmas2 1	sigmas2 2	sigmas2 3	sigmas2 4	sigmas2 5	sigmas2 6	sigmas2 7	sigmas2 8	sigmas2 9	sigmas3 1	sigmas3 2	sigmas3 3	sigmas3 4	sigmas3 5	sigmas3 6	sigmas3 7	sigmas3 8	sigmas3 9	sigmas4 1	sigmas4 2	sigmas4 3	sigmas4 4	sigmas4 5	sigmas4 6	sigmas4 7	sigmas4 8	sigmas4 9	sigmas5 1	sigmas5 2	sigmas5 3	sigmas5 4	sigmas5 5	sigmas5 6	sigmas5 7	sigmas5 8	sigmas5 9	sigmas6 1	sigmas6 2	sigmas6 3	sigmas6 4	sigmas6 5	sigmas6 6	sigmas6 7	sigmas6 8	sigmas6 9	weight 1	weight 2	weight 3	weight 4	weight 5	weight 6	weight 7	weight 8	weight 9	proba 1	proba 2	proba 3	proba 4	proba 5	proba 6	proba 7	proba 8	proba 9	
1	1	59.013381146	15013.853	15013.853	100.0	0.99005	0	0	0	0	0	0	0	0	0	0.0	0.0	0.0	0.0	0.0	0.0	0.0	0.0	0.0	0.0	0.0	0.0	0.0	0.0	0.0	0.0	0.0	0.0	0.0	0.0	0.0	0.0	0.0	0.0	0.0	0.0	0.0	0	0	0	0	0	0	0	0	0	0	0	0	0	0	0	0	0	0	0	0	0	0	0	0	0	0	0	0	0	0	0	0	0	0	0	0	0	0	0	0	0	0	0	0	0	0	0	0	0	0	0	0	0	0	0.0	0.0	0.0	0.0	0.0	0.0	0.0	0.0	0.0	0.0	0.0	0.0	0.0	0.0	0.0	0.0	0.0	0.0	
2	2	73.523311868	15013.853	15013.853	100.0	0.99005	0	0	0	0	0	0	0	0	0	0.0	0.0	0.0	0.0	1.0	0.0	0.0	0.0	0.0	0.0	0.0	0.0	0.0	0.0	0.0	0.0	0.0	0.0	0.0	0.0	0.0	0.0	14.5099	0.0	0.0	0.0	0.0	0	0	0	0	0	0	0	0	0	0	0	0	0	0	0	0	0	0	0	0	0	0	0	0	0	0	0	0	0	0	0	0	0	0	0	0	0	0	0	0	0	0	0	0	0	0	0	0	0	0	0	0	0	0	0.0	0.0	0.0	0.0	0.00475	0.0	0.0	0.0	0.0	0.0	0.0	0.0	0.0	0.0	0.0	0.0	0.0	0.0	
3	3	194.322605366	14252.647	14252.647	100.0	0.99005	0	0	0	0	1	0	0	0	0	0.0	0.0	0.0	0.0	1.0	0.0	0.0	0.0	0.0	0.0	0.0	0.0	0.0	120.799	0.0	0.0	0.0	0.0	0.0	0.0	0.0	0.0	120.799	0.0	0.0	0.0	0.0	0	0	0	0	1	0	0	0	0	0	0	0	0	0	0	0	0	0	0	0	0	0	0	0	0	0	0	0	0	0	0	0	0	0	0	0	0	0	0	0	0	0	0	0	0	0	0	0	0	0	0	0	0	0	0.0	0.0	0.0	0.0	6.9e-5	0.0	0.0	0.0	0.0	0.0	0.0	0.0	0.0	1.0	0.0	0.0	0.0	0.0	
4	4	229.857549739	13803.382	13803.382	68.693	0.985548	0	0	0	0	2	0	0	0	0	0.0	0.0	0.0	0.0	1.0	0.0	0.0	0.0	0.0	0.0	0.0	0.0	0.0	156.334	0.0	0.0	0.0	0.0	0.0	0.0	0.0	0.0	78.1671	0.0	0.0	0.0	0.0	0	0	0	0	2	0	0	0	0	0	0	0	0	0	0	0	0	0	0	0	0	0	0	0	0	0	0	0	0	0	0	0	0	0	0	0	0	0	0	0	0	0	0	0	0	0	0	0	0	0	0	0	0	0	0.0	0.0	0.0	0.0	0.000164	0.0	0.0	0.0	0.0	0.0	0.0	0.0	0.0	1.0	0.0	0.0	0.0	0.0	
5	5	244.482518043	13803.382	13803.382	64.1341	0.984529	0	0	0	0	3	0	0	0	0	0.0	0.0	0.0	0.0	0.9	0.0	0.0	0.0	0.0	0.0	0.0	0.0	0.0	170.959	0.0	0.0	0.0	0.0	0.0	0.0	0.0	0.0	56.9864	0.0	0.0	0.0	0.0	0	0	0	0	2	0	0	0	0	0	0	0	0	0	0	0	0	0	0	0	0	0	1	0	0	0	0	0	0	0	0	0	0	0	0	0	0	0	0	0	0	0	0	0	0	0	0	0	0	0	0	0	0	0	0.0	0.0	0.0	0.0	0.000277	0.0	0.0	0.0	0.0	0.0	0.0	0.0	0.0	1.0	0.0	0.0	0.0	0.0	
6	6	263.849912808	13547.441	13547.441	62.3469	0.984089	0	0	0	0	4	0	0	0	0	0.0	0.0	0.0	0.0	0.91	0.0	0.0	0.0	0.0	0.0	0.0	0.0	0.0	190.327	0.0	0.0	0.0	0.0	0.0	0.0	0.0	0.0	47.5816	0.0	0.0	0.0	0.0	0	0	0	0	3	0	0	0	0	0	0	0	0	0	0	0	0	0	0	0	0	0	1	0	0	0	0	0	0	0	0	0	0	0	0	0	0	0	0	0	0	0	0	0	0	0	0	0	0	0	0	0	0	0	0.0	0.0	0.0	0.0	0.000402	0.0	0.0	0.0	0.0	0.0	0.0	0.0	0.0	1.0	0.0	0.0	0.0	0.0	
7	7	278.341188834	13547.441	13547.441	60.0566	0.983487	0	0	0	0	5	0	0	0	0	0.0	0.0	0.0	0.0	0.819	0.0	0.0	0.0	0.0	0.0	0.0	0.0	0.0	204.818	0.0	0.0	0.0	0.0	0.0	0.0	0.0	0.0	40.9636	0.0	0.0	0.0	0.0	0	0	0	0	3	0	0	0	0	0	0	0	0	0	0	0	0	0	0	0	0	0	2	0	0	0	0	0	0	0	0	0	0	0	0	0	0	0	0	0	0	0	0	0	0	0	0	0	0	0	0	0	0	0	0.0	0.0	0.0	0.0	0.000488	0.0	0.0	0.0	0.0	0.0	0.0	0.0	0.0	1.0	0.0	0.0	0.0	0.0	
8	8	292.699997042	13547.441	13547.441	58.3981	0.983022	0	0	0	0	6	0	0	0	0	0.0	0.0	0.0	0.0	0.7371	0.0	0.0	0.0	0.0	0.0	0.0	0.0	0.0	219.177	0.0	0.0	0.0	0.0	0.0	0.0	0.0	0.0	36.5294	0.0	0.0	0.0	0.0	0	0	0	0	3	0	0	0	0	0	0	0	0	0	0	0	0	0	0	0	0	0	3	0	0	0	0	0	0	0	0	0	0	0	0	0	0	0	0	0	0	0	0	0	0	0	0	0	0	0	0	0	0	0	0.0	0.0	0.0	0.0	0.000552	0.0	0.0	0.0	0.0	0.0	0.0	0.0	0.0	1.0	0.0	0.0	0.0	0.0	
9	9	321.634996069	13235.956	13235.956	56.7999	0.982548	0	0	0	0	7	0	0	0	0	0.0	0.0	0.0	0.0	0.76339	0.0	0.0	0.0	0.0	0.0	0.0	0.0	0.0	248.112	0.0	0.0	0.0	0.0	0.0	0.0	0.0	0.0	35.4445	0.0	0.0	0.0	0.0	0	0	0	0	4	0	0	0	0	0	0	0	0	0	0	0	0	0	0	0	0	0	3	0	0	0	0	0	0	0	0	0	0	0	0	0	0	0	0	0	0	0	0	0	0	0	0	0	0	0	0	0	0	0	0.0	0.0	0.0	0.0	0.000608	0.0	0.0	0.0	0.0	0.0	0.0	0.0	0.0	1.0	0.0	0.0	0.0	0.0	
10	10	336.181000316	13235.956	13235.956	53.711	0.981554	0	0	0	0	8	0	0	0	0	0.0	0.0	0.0	0.0	0.687051	0.0	0.0	0.0	0.0	0.0	0.0	0.0	0.0	262.658	0.0	0.0	0.0	0.0	0.0	0.0	0.0	0.0	32.8322	0.0	0.0	0.0	0.0	0	0	0	0	4	0	0	0	0	0	0	0	0	0	0	0	0	0	0	0	0	0	4	0	0	0	0	0	0	0	0	0	0	0	0	0	0	0	0	0	0	0	0	0	0	0	0	0	0	0	0	0	0	0	0.0	0.0	0.0	0.0	0.000637	0.0	0.0	0.0	0.0	0.0	0.0	0.0	0.0	1.0	0.0	0.0	0.0	0.0	
11	11	350.612149742	13235.956	13235.956	52.2223	0.981033	0	0	0	0	9	0	0	0	0	0.0	0.0	0.0	0.0	0.618346	0.0	0.0	0.0	0.0	0.0	0.0	0.0	0.0	277.089	0.0	0.0	0.0	0.0	0.0	0.0	0.0	0.0	30.7876	0.0	0.0	0.0	0.0	0	0	0	0	4	0	0	0	0	0	0	0	0	0	0	0	0	0	0	0	0	0	5	0	0	0	0	0	0	0	0	0	0	0	0	0	0	0	0	0	0	0	0	0	0	0	0	0	0	0	0	0	0	0	0.0	0.0	0.0	0.0	0.000652	0.0	0.0	0.0	0.0	0.0	0.0	0.0	0.0	1.0	0.0	0.0	0.0	0.0	
12	12	369.870939955	13218.956	13218.956	50.786	0.980502	0	0	0	0	10	0	0	0	0	0.0	0.0	0.0	0.0	0.656511	0.0	0.0	0.0	0.0	0.0	0.0	0.0	0.0	296.347	0.0	0.0	0.0	0.0	0.0	0.0	0.0	0.0	29.6347	0.0	0.0	0.0	0.0	0	0	0	0	5	0	0	0	0	0	0	0	0	0	0	0	0	0	0	0	0	0	5	0	0	0	0	0	0	0	0	0	0	0	0	0	0	0	0	0	0	0	0	0	0	0	0	0	0	0	0	0	0	0	0.0	0.0	0.0	0.0	0.000748	0.0	0.0	0.0	0.0	0.0	0.0	0.0	0.0	1.0	0.0	0.0	0.0	0.0	
13	13	387.887350788	13218.956	13218.956	48.9306	0.97977	0	0	0	0	11	0	0	0	0	0.0	0.0	0.0	0.0	0.59086	0.0	0.0	0.0	0.0	0.0	0.0	0.0	0.0	314.364	0.0	0.0	0.0	0.0	0.0	0.0	0.0	0.0	28.5785	0.0	0.0	0.0	0.0	0	0	0	0	5	0	0	0	0	0	0	0	0	0	0	0	0	0	0	0	0	0	6	0	0	0	0	0	0	0	0	0	0	0	0	0	0	0	0	0	0	0	0	0	0	0	0	0	0	0	0	0	0	0	0.0	0.0	0.0	0.0	0.000723	0.0	0.0	0.0	0.0	0.0	0.0	0.0	0.0	1.0	0.0	0.0	0.0	0.0	
14	14	422.300174299	12997.074	12997.074	47.2564	0.979061	0	0	0	0	12	0	0	0	0	0.0	0.0	0.0	0.0	0.631774	0.0	0.0	0.0	0.0	0.0	0.0	0.0	0.0	348.777	0.0	0.0	0.0	0.0	0.0	0.0	0.0	0.0	29.0647	0.0	0.0	0.0	0.0	0	0	0	0	6	0	0	0	0	0	0	0	0	0	0	0	0	0	0	0	0	0	6	0	0	0	0	0	0	0	0	0	0	0	0	0	0	0	0	0	0	0	0	0	0	0	0	0	0	0	0	0	0	0	0.0	0.0	0.0	0.0	0.000748	0.0	0.0	0.0	0.0	0.0	0.0	0.0	0.0	1.0	0.0	0.0	0.0	0.0	
15	15	437.04209566	12997.074	12997.074	44.216	0.977638	0	0	0	0	13	0	0	0	0	0.0	0.0	0.0	0.0	0.568597	0.0	0.0	0.0	0.0	0.0	0.0	0.0	0.0	363.518	0.0	0.0	0.0	0.0	0.0	0.0	0.0	0.0	27.963	0.0	0.0	0.0	0.0	0	0	0	0	6	0	0	0	0	0	0	0	0	0	0	0	0	0	0	0	0	0	7	0	0	0	0	0	0	0	0	0	0	0	0	0	0	0	0	0	0	0	0	0	0	0	0	0	0	0	0	0	0	0	0.0	0.0	0.0	0.0	0.000727	0.0	0.0	0.0	0.0	0.0	0.0	0.0	0.0	1.0	0.0	0.0	0.0	0.0	
16	16	451.733373127	12997.074	12997.074	42.9741	0.976999	0	0	0	0	14	0	0	0	0	0.0	0.0	0.0	0.0	0.511737	0.0	0.0	0.0	0.0	0.0	0.0	0.0	0.0	378.21	0.0	0.0	0.0	0.0	0.0	0.0	0.0	0.0	27.015	0.0	0.0	0.0	0.0	0	0	0	0	6	0	0	0	0	0	0	0	0	0	0	0	0	0	0	0	0	0	8	0	0	0	0	0	0	0	0	0	0	0	0	0	0	0	0	0	0	0	0	0	0	0	0	0	0	0	0	0	0	0	0.0	0.0	0.0	0.0	0.000701	0.0	0.0	0.0	0.0	0.0	0.0	0.0	0.0	1.0	0.0	0.0	0.0	0.0	
17	17	476.184876765	12750.941	12750.941	41.7712	0.976344	0	0	0	0	15	0	0	0	0	0.0	0.0	0.0	0.0	0.560563	0.0	0.0	0.0	0.0	0.0	0.0	0.0	0.0	402.661	0.0	0.0	0.0	0.0	0.0	0.0	0.0	0.0	26.8441	0.0	0.0	0.0	0.0	0	0	0	0	7	0	0	0	0	0	0	0	0	0	0	0	0	0	0	0	0	0	8	0	0	0	0	0	0	0	0	0	0	0	0	0	0	0	0	0	0	0	0	0	0	0	0	0	0	0	0	0	0	0	0.0	0.0	0.0	0.0	0.000778	0.0	0.0	0.0	0.0	0.0	0.0	0.0	0.0	1.0	0.0	0.0	0.0	0.0	
18	18	490.636891256	12750.941	12750.941	39.8433	0.975214	0	0	0	0	16	0	0	0	0	0.0	0.0	0.0	0.0	0.504507	0.0	0.0	0.0	0.0	0.0	0.0	0.0	0.0	417.113	0.0	0.0	0.0	0.0	0.0	0.0	0.0	0.0	26.0696	0.0	0.0	0.0	0.0	0	0	0	0	7	0	0	0	0	0	0	0	0	0	0	0	0	0	0	0	0	0	9	0	0	0	0	0	0	0	0	0	0	0	0	0	0	0	0	0	0	0	0	0	0	0	0	0	0	0	0	0	0	0	0.0	0.0	0.0	0.0	0.000742	0.0	0.0	0.0	0.0	0.0	0.0	0.0	0.0	1.0	0.0	0.0	0.0	0.0	
19	19	508.274672246	12557.426	12557.426	38.746	0.974521	0	0	0	0	17	0	0	0	0	0.0	0.0	0.0	0.0	0.554056	0.0	0.0	0.0	0.0	0.0	0.0	0.0	0.0	434.751	0.0	0.0	0.0	0.0	0.0	0.0	0.0	0.0	25.5736	0.0	0.0	0.0	0.0	0	0	0	0	8	0	0	0	0	0	0	0	0	0	0	0	0	0	0	0	0	0	9	0	0	0	0	0	0	0	0	0	0	0	0	0	0	0	0	0	0	0	0	0	0	0	0	0	0	0	0	0	0	0	0.0	0.0	0.0	0.0	0.000847	0.0	0.0	0.0	0.0	0.0	0.0	0.0	0.0	1.0	0.0	0.0	0.0	0.0	
20	20	528.681141763	12533.926	12533.926	37.4476	0.973649	0	0	0	0	18	0	0	0	0	0.0	0.0	0.0	0.0	0.598651	0.0	0.0	0.0	0.0	0.0	0.0	0.0	0.0	455.157	0.0	0.0	0.0	0.0	0.0	0.0	0.0	0.0	25.2865	0.0	0.0	0.0	0.0	0	0	0	0	9	0	0	0	0	0	0	0	0	0	0	0	0	0	0	0	0	0	9	0	0	0	0	0	0	0	0	0	0	0	0	0	0	0	0	0	0	0	0	0	0	0	0	0	0	0	0	0	0	0	0.0	0.0	0.0	0.0	0.000936	0.0	0.0	0.0	0.0	0.0	0.0	0.0	0.0	1.0	0.0	0.0	0.0	0.0	
21	21	556.318808212	12362.088	12362.088	35.9996	0.972604	0	0	0	0	19	0	0	0	0	0.0	0.0	0.0	0.0	0.638786	0.0	0.0	0.0	0.0	0.0	0.0	0.0	0.0	482.795	0.0	0.0	0.0	0.0	0.0	0.0	0.0	0.0	25.4103	0.0	0.0	0.0	0.0	0	0	0	0	10	0	0	0	0	0	0	0	0	0	0	0	0	0	0	0	0	0	9	0	0	0	0	0	0	0	0	0	0	0	0	0	0	0	0	0	0	0	0	0	0	0	0	0	0	0	0	0	0	0	0.0	0.0	0.0	0.0	0.000989	0.0	0.0	0.0	0.0	0.0	0.0	0.0	0.0	1.0	0.0	0.0	0.0	0.0	
22	22	580.527850197	12161.074	12161.074	34.1273	0.971123	0	0	0	0	20	0	0	0	0	0.0	0.0	0.0	0.0	0.674907	0.0	0.0	0.0	0.0	0.0	0.0	0.0	0.0	507.004	0.0	0.0	0.0	0.0	0.0	0.0	0.0	0.0	25.3502	0.0	0.0	0.0	0.0	0	0	0	0	11	0	0	0	0	0	0	0	0	0	0	0	0	0	0	0	0	0	9	0	0	0	0	0	0	0	0	0	0	0	0	0	0	0	0	0	0	0	0	0	0	0	0	0	0	0	0	0	0	0	0.0	0.0	0.0	0.0	0.00105	0.0	0.0	0.0	0.0	0.0	0.0	0.0	0.0	1.0	0.0	0.0	0.0	0.0	
23	23	599.129339871	12135.338	12135.338	32.5675	0.969761	0	0	0	0	21	0	0	0	0	0.0	0.0	0.0	0.0	0.707416	0.0	0.0	0.0	0.0	0.0	0.0	0.0	0.0	525.606	0.0	0.0	0.0	0.0	0.0	0.0	0.0	0.0	25.0288	0.0	0.0	0.0	0.0	0	0	0	0	12	0	0	0	0	0	0	0	0	0	0	0	0	0	0	0	0	0	9	0	0	0	0	0	0	0	0	0	0	0	0	0	0	0	0	0	0	0	0	0	0	0	0	0	0	0	0	0	0	0	0.0	0.0	0.0	0.0	0.001129	0.0	0.0	0.0	0.0	0.0	0.0	0.0	0.0	1.0	0.0	0.0	0.0	0.0	
24	24	618.070015335	12095.191	12095.191	31.4176	0.968672	0	0	0	0	22	0	0	0	0	0.0	0.0	0.0	0.0	0.736675	0.0	0.0	0.0	0.0	0.0	0.0	0.0	0.0	544.546	0.0	0.0	0.0	0.0	0.0	0.0	0.0	0.0	24.7521	0.0	0.0	0.0	0.0	0	0	0	0	13	0	0	0	0	0	0	0	0	0	0	0	0	0	0	0	0	0	9	0	0	0	0	0	0	0	0	0	0	0	0	0	0	0	0	0	0	0	0	0	0	0	0	0	0	0	0	0	0	0	0.0	0.0	0.0	0.0	0.001202	0.0	0.0	0.0	0.0	0.0	0.0	0.0	0.0	1.0	0.0	0.0	0.0	0.0	
25	25	632.680385701	12095.191	12095.191	30.2884	0.967523	0	0	0	0	23	0	0	0	0	0.0	0.0	0.0	0.0	0.663007	0.0	0.0	0.0	0.0	0.0	0.0	0.0	0.0	559.157	0.0	0.0	0.0	0.0	0.0	0.0	0.0	0.0	24.3112	0.0	0.0	0.0	0.0	0	0	0	0	13	0	0	0	0	0	0	0	0	0	0	0	0	0	0	0	0	0	10	0	0	0	0	0	0	0	0	0	0	0	0	0	0	0	0	0	0	0	0	0	0	0	0	0	0	0	0	0	0	0	0.0	0.0	0.0	0.0	0.001122	0.0	0.0	0.0	0.0	0.0	0.0	0.0	0.0	1.0	0.0	0.0	0.0	0.0	
26	26	651.797718936	12052.368	12052.368	29.4452	0.966609	0	0	0	0	24	0	0	0	0	0.0	0.0	0.0	0.0	0.696707	0.0	0.0	0.0	0.0	0.0	0.0	0.0	0.0	578.274	0.0	0.0	0.0	0.0	0.0	0.0	0.0	0.0	24.0947	0.0	0.0	0.0	0.0	0	0	0	0	14	0	0	0	0	0	0	0	0	0	0	0	0	0	0	0	0	0	10	0	0	0	0	0	0	0	0	0	0	0	0	0	0	0	0	0	0	0	0	0	0	0	0	0	0	0	0	0	0	0	0.0	0.0	0.0	0.0	0.0012	0.0	0.0	0.0	0.0	0.0	0.0	0.0	0.0	1.0	0.0	0.0	0.0	0.0	
27	27	666.469237285	12052.368	12052.368	28.3772	0.965374	0	0	0	0	25	0	0	0	0	0.0	0.0	0.0	0.0	0.627036	0.0	0.0	0.0	0.0	0.0	0.0	0.0	0.0	592.945	0.0	0.0	0.0	0.0	0.0	0.0	0.0	0.0	23.7178	0.0	0.0	0.0	0.0	0	0	0	0	14	0	0	0	0	0	0	0	0	0	0	0	0	0	0	0	0	0	11	0	0	0	0	0	0	0	0	0	0	0	0	0	0	0	0	0	0	0	0	0	0	0	0	0	0	0	0	0	0	0	0.0	0.0	0.0	0.0	0.001115	0.0	0.0	0.0	0.0	0.0	0.0	0.0	0.0	1.0	0.0	0.0	0.0	0.0	
28	28	685.234465703	11967.265	11967.265	27.584	0.964396	0	0	0	0	26	0	0	0	0	0.0	0.0	0.0	0.0	0.664332	0.0	0.0	0.0	0.0	0.0	0.0	0.0	0.0	611.711	0.0	0.0	0.0	0.0	0.0	0.0	0.0	0.0	23.5273	0.0	0.0	0.0	0.0	0	0	0	0	15	0	0	0	0	0	0	0	0	0	0	0	0	0	0	0	0	0	11	0	0	0	0	0	0	0	0	0	0	0	0	0	0	0	0	0	0	0	0	0	0	0	0	0	0	0	0	0	0	0	0.0	0.0	0.0	0.0	0.0012	0.0	0.0	0.0	0.0	0.0	0.0	0.0	0.0	1.0	0.0	0.0	0.0	0.0	
29	29	699.837599018	11967.265	11967.265	26.6016	0.963106	0	0	0	0	27	0	0	0	0	0.0	0.0	0.0	0.0	0.597899	0.0	0.0	0.0	0.0	0.0	0.0	0.0	0.0	626.314	0.0	0.0	0.0	0.0	0.0	0.0	0.0	0.0	23.1968	0.0	0.0	0.0	0.0	0	0	0	0	15	0	0	0	0	0	0	0	0	0	0	0	0	0	0	0	0	0	12	0	0	0	0	0	0	0	0	0	0	0	0	0	0	0	0	0	0	0	0	0	0	0	0	0	0	0	0	0	0	0	0.0	0.0	0.0	0.0	0.001111	0.0	0.0	0.0	0.0	0.0	0.0	0.0	0.0	1.0	0.0	0.0	0.0	0.0	
30	30	717.614503214	11925.265	11925.265	25.8614	0.96207	0	0	0	0	28	0	0	0	0	0.0	0.0	0.0	0.0	0.638109	0.0	0.0	0.0	0.0	0.0	0.0	0.0	0.0	644.091	0.0	0.0	0.0	0.0	0.0	0.0	0.0	0.0	23.0032	0.0	0.0	0.0	0.0	0	0	0	0	16	0	0	0	0	0	0	0	0	0	0	0	0	0	0	0	0	0	12	0	0	0	0	0	0	0	0	0	0	0	0	0	0	0	0	0	0	0	0	0	0	0	0	0	0	0	0	0	0	0	0.0	0.0	0.0	0.0	0.001206	0.0	0.0	0.0	0.0	0.0	0.0	0.0	0.0	1.0	0.0	0.0	0.0	0.0	
31	31	740.991104572	11901.897	11901.897	24.9881	0.960771	0	0	0	0	29	0	0	0	0	0.0	0.0	0.0	0.0	0.674298	0.0	0.0	0.0	0.0	0.0	0.0	0.0	0.0	667.467	0.0	0.0	0.0	0.0	0.0	0.0	0.0	0.0	23.0161	0.0	0.0	0.0	0.0	0	0	0	0	17	0	0	0	0	0	0	0	0	0	0	0	0	0	0	0	0	0	12	0	0	0	0	0	0	0	0	0	0	0	0	0	0	0	0	0	0	0	0	0	0	0	0	0	0	0	0	0	0	0	0.0	0.0	0.0	0.0	0.001273	0.0	0.0	0.0	0.0	0.0	0.0	0.0	0.0	1.0	0.0	0.0	0.0	0.0	
32	32	757.073657461	11901.897	11901.897	23.8844	0.958996	0	0	0	0	30	0	0	0	0	0.0	0.0	0.0	0.0	0.606868	0.0	0.0	0.0	0.0	0.0	0.0	0.0	0.0	683.55	0.0	0.0	0.0	0.0	0.0	0.0	0.0	0.0	22.785	0.0	0.0	0.0	0.0	0	0	0	0	17	0	0	0	0	0	0	0	0	0	0	0	0	0	0	0	0	0	13	0	0	0	0	0	0	0	0	0	0	0	0	0	0	0	0	0	0	0	0	0	0	0	0	0	0	0	0	0	0	0	0.0	0.0	0.0	0.0	0.001169	0.0	0.0	0.0	0.0	0.0	0.0	0.0	0.0	1.0	0.0	0.0	0.0	0.0	
33	33	779.24189057	11860.088	11860.088	23.1535	0.957729	0	0	0	0	31	0	0	0	0	0.0	0.0	0.0	0.0	0.646182	0.0	0.0	0.0	0.0	0.0	0.0	0.0	0.0	705.718	0.0	0.0	0.0	0.0	0.0	0.0	0.0	0.0	22.7651	0.0	0.0	0.0	0.0	0	0	0	0	18	0	0	0	0	0	0	0	0	0	0	0	0	0	0	0	0	0	13	0	0	0	0	0	0	0	0	0	0	0	0	0	0	0	0	0	0	0	0	0	0	0	0	0	0	0	0	0	0	0	0.0	0.0	0.0	0.0	0.001247	0.0	0.0	0.0	0.0	0.0	0.0	0.0	0.0	1.0	0.0	0.0	0.0	0.0	
34	34	794.544414929	11860.088	11860.088	22.1825	0.955921	0	0	0	0	32	0	0	0	0	0.0	0.0	0.0	0.0	0.581563	0.0	0.0	0.0	0.0	0.0	0.0	0.0	0.0	721.02	0.0	0.0	0.0	0.0	0.0	0.0	0.0	0.0	22.5319	0.0	0.0	0.0	0.0	0	0	0	0	18	0	0	0	0	0	0	0	0	0	0	0	0	0	0	0	0	0	14	0	0	0	0	0	0	0	0	0	0	0	0	0	0	0	0	0	0	0	0	0	0	0	0	0	0	0	0	0	0	0	0.0	0.0	0.0	0.0	0.001146	0.0	0.0	0.0	0.0	0.0	0.0	0.0	0.0	1.0	0.0	0.0	0.0	0.0	
35	35	919.278816547	11490.632	11490.632	21.5362	0.954628	0	0	0	0	33	0	0	0	0	0.0	0.0	0.0	0.0	0.623407	0.0	0.0	0.0	0.0	0.0	0.0	0.0	0.0	845.755	0.0	0.0	0.0	0.0	0.0	0.0	0.0	0.0	25.6289	0.0	0.0	0.0	0.0	0	0	0	0	19	0	0	0	0	0	0	0	0	0	0	0	0	0	0	0	0	0	14	0	0	0	0	0	0	0	0	0	0	0	0	0	0	0	0	0	0	0	0	0	0	0	0	0	0	0	0	0	0	0	0.0	0.0	0.0	0.0	0.000949	0.0	0.0	0.0	0.0	0.0	0.0	0.0	0.0	1.0	0.0	0.0	0.0	0.0	
36	36	934.003895931	11490.632	11490.632	16.9232	0.942622	0	0	0	0	34	0	0	0	0	0.0	0.0	0.0	0.0	0.561066	0.0	0.0	0.0	0.0	0.0	0.0	0.0	0.0	860.48	0.0	0.0	0.0	0.0	0.0	0.0	0.0	0.0	25.3082	0.0	0.0	0.0	0.0	0	0	0	0	19	0	0	0	0	0	0	0	0	0	0	0	0	0	0	0	0	0	15	0	0	0	0	0	0	0	0	0	0	0	0	0	0	0	0	0	0	0	0	0	0	0	0	0	0	0	0	0	0	0	0.0	0.0	0.0	0.0	0.000876	0.0	0.0	0.0	0.0	0.0	0.0	0.0	0.0	1.0	0.0	0.0	0.0	0.0	
37	37	950.377978045	11490.632	11490.632	16.4485	0.941015	0	0	0	0	35	0	0	0	0	0.0	0.0	0.0	0.0	0.50496	0.0	0.0	0.0	0.0	0.0	0.0	0.0	0.0	876.854	0.0	0.0	0.0	0.0	0.0	0.0	0.0	0.0	25.053	0.0	0.0	0.0	0.0	0	0	0	0	19	0	0	0	0	0	0	0	0	0	0	0	0	0	0	0	0	0	16	0	0	0	0	0	0	0	0	0	0	0	0	0	0	0	0	0	0	0	0	0	0	0	0	0	0	0	0	0	0	0	0.0	0.0	0.0	0.0	0.000805	0.0	0.0	0.0	0.0	0.0	0.0	0.0	0.0	1.0	0.0	0.0	0.0	0.0	
38	38	964.952982802	11490.632	11490.632	15.9361	0.939178	0	0	0	0	36	0	0	0	0	0.0	0.0	0.0	0.0	0.454464	0.0	0.0	0.0	0.0	0.0	0.0	0.0	0.0	891.429	0.0	0.0	0.0	0.0	0.0	0.0	0.0	0.0	24.7619	0.0	0.0	0.0	0.0	0	0	0	0	19	0	0	0	0	0	0	0	0	0	0	0	0	0	0	0	0	0	17	0	0	0	0	0	0	0	0	0	0	0	0	0	0	0	0	0	0	0	0	0	0	0	0	0	0	0	0	0	0	0	0.0	0.0	0.0	0.0	0.000741	0.0	0.0	0.0	0.0	0.0	0.0	0.0	0.0	1.0	0.0	0.0	0.0	0.0	
39	39	998.755349449	11297.015	11297.015	15.4935	0.937496	0	0	0	0	37	0	0	0	0	0.0	0.0	0.0	0.0	0.509017	0.0	0.0	0.0	0.0	0.0	0.0	0.0	0.0	925.231	0.0	0.0	0.0	0.0	0.0	0.0	0.0	0.0	25.0062	0.0	0.0	0.0	0.0	0	0	0	0	20	0	0	0	0	0	0	0	0	0	0	0	0	0	0	0	0	0	17	0	0	0	0	0	0	0	0	0	0	0	0	0	0	0	0	0	0	0	0	0	0	0	0	0	0	0	0	0	0	0	0.0	0.0	0.0	0.0	0.000814	0.0	0.0	0.0	0.0	0.0	0.0	0.0	0.0	1.0	0.0	0.0	0.0	0.0	
40	40	1013.457536454	11297.015	11297.015	14.5138	0.93342	0	0	0	0	38	0	0	0	0	0.0	0.0	0.0	0.0	0.458116	0.0	0.0	0.0	0.0	0.0	0.0	0.0	0.0	939.933	0.0	0.0	0.0	0.0	0.0	0.0	0.0	0.0	24.7351	0.0	0.0	0.0	0.0	0	0	0	0	20	0	0	0	0	0	0	0	0	0	0	0	0	0	0	0	0	0	18	0	0	0	0	0	0	0	0	0	0	0	0	0	0	0	0	0	0	0	0	0	0	0	0	0	0	0	0	0	0	0	0.0	0.0	0.0	0.0	0.000749	0.0	0.0	0.0	0.0	0.0	0.0	0.0	0.0	1.0	0.0	0.0	0.0	0.0	
41	41	1028.020161541	11297.015	11297.015	14.1073	0.931569	0	0	0	0	39	0	0	0	0	0.0	0.0	0.0	0.0	0.412304	0.0	0.0	0.0	0.0	0.0	0.0	0.0	0.0	954.496	0.0	0.0	0.0	0.0	0.0	0.0	0.0	0.0	24.4743	0.0	0.0	0.0	0.0	0	0	0	0	20	0	0	0	0	0	0	0	0	0	0	0	0	0	0	0	0	0	19	0	0	0	0	0	0	0	0	0	0	0	0	0	0	0	0	0	0	0	0	0	0	0	0	0	0	0	0	0	0	0	0.0	0.0	0.0	0.0	0.000688	0.0	0.0	0.0	0.0	0.0	0.0	0.0	0.0	1.0	0.0	0.0	0.0	0.0	
42	42	1042.745072378	11297.015	11297.015	13.7158	0.929686	0	0	0	0	40	0	0	0	0	0.0	0.0	0.0	0.0	0.371074	0.0	0.0	0.0	0.0	0.0	0.0	0.0	0.0	969.221	0.0	0.0	0.0	0.0	0.0	0.0	0.0	0.0	24.2305	0.0	0.0	0.0	0.0	0	0	0	0	20	0	0	0	0	0	0	0	0	0	0	0	0	0	0	0	0	0	20	0	0	0	0	0	0	0	0	0	0	0	0	0	0	0	0	0	0	0	0	0	0	0	0	0	0	0	0	0	0	0	0.0	0.0	0.0	0.0	0.000632	0.0	0.0	0.0	0.0	0.0	0.0	0.0	0.0	1.0	0.0	0.0	0.0	0.0	
43	43	1079.335967698	11221.368	11221.368	13.331	0.927731	0	0	0	0	41	0	0	0	0	0.0	0.0	0.0	0.0	0.433966	0.0	0.0	0.0	0.0	0.0	0.0	0.0	0.0	1005.81	0.0	0.0	0.0	0.0	0.0	0.0	0.0	0.0	24.532	0.0	0.0	0.0	0.0	0	0	0	0	21	0	0	0	0	0	0	0	0	0	0	0	0	0	0	0	0	0	20	0	0	0	0	0	0	0	0	0	0	0	0	0	0	0	0	0	0	0	0	0	0	0	0	0	0	0	0	0	0	0	0.0	0.0	0.0	0.0	0.000721	0.0	0.0	0.0	0.0	0.0	0.0	0.0	0.0	1.0	0.0	0.0	0.0	0.0	
44	44	1093.771671628	11221.368	11221.368	12.4209	0.922646	0	0	0	0	42	0	0	0	0	0.0	0.0	0.0	0.0	0.39057	0.0	0.0	0.0	0.0	0.0	0.0	0.0	0.0	1020.25	0.0	0.0	0.0	0.0	0.0	0.0	0.0	0.0	24.2916	0.0	0.0	0.0	0.0	0	0	0	0	21	0	0	0	0	0	0	0	0	0	0	0	0	0	0	0	0	0	21	0	0	0	0	0	0	0	0	0	0	0	0	0	0	0	0	0	0	0	0	0	0	0	0	0	0	0	0	0	0	0	0.0	0.0	0.0	0.0	0.000662	0.0	0.0	0.0	0.0	0.0	0.0	0.0	0.0	1.0	0.0	0.0	0.0	0.0	
45	45	1114.908472936	11177.559	11177.559	12.0792	0.920547	0	0	0	0	43	0	0	0	0	0.0	0.0	0.0	0.0	0.451513	0.0	0.0	0.0	0.0	0.0	0.0	0.0	0.0	1041.38	0.0	0.0	0.0	0.0	0.0	0.0	0.0	0.0	24.2182	0.0	0.0	0.0	0.0	0	0	0	0	22	0	0	0	0	0	0	0	0	0	0	0	0	0	0	0	0	0	21	0	0	0	0	0	0	0	0	0	0	0	0	0	0	0	0	0	0	0	0	0	0	0	0	0	0	0	0	0	0	0	0.0	0.0	0.0	0.0	0.00077	0.0	0.0	0.0	0.0	0.0	0.0	0.0	0.0	1.0	0.0	0.0	0.0	0.0	
46	46	1134.171278254	11163.059	11163.059	11.5957	0.917375	0	0	0	0	44	0	0	0	0	0.0	0.0	0.0	0.0	0.506361	0.0	0.0	0.0	0.0	0.0	0.0	0.0	0.0	1060.65	0.0	0.0	0.0	0.0	0.0	0.0	0.0	0.0	24.1056	0.0	0.0	0.0	0.0	0	0	0	0	23	0	0	0	0	0	0	0	0	0	0	0	0	0	0	0	0	0	21	0	0	0	0	0	0	0	0	0	0	0	0	0	0	0	0	0	0	0	0	0	0	0	0	0	0	0	0	0	0	0	0.0	0.0	0.0	0.0	0.000871	0.0	0.0	0.0	0.0	0.0	0.0	0.0	0.0	1.0	0.0	0.0	0.0	0.0	
47	47	1148.697109402	11163.059	11163.059	11.172	0.91438	0	0	0	0	45	0	0	0	0	0.0	0.0	0.0	0.0	0.455725	0.0	0.0	0.0	0.0	0.0	0.0	0.0	0.0	1075.17	0.0	0.0	0.0	0.0	0.0	0.0	0.0	0.0	23.8927	0.0	0.0	0.0	0.0	0	0	0	0	23	0	0	0	0	0	0	0	0	0	0	0	0	0	0	0	0	0	22	0	0	0	0	0	0	0	0	0	0	0	0	0	0	0	0	0	0	0	0	0	0	0	0	0	0	0	0	0	0	0	0.0	0.0	0.0	0.0	0.000798	0.0	0.0	0.0	0.0	0.0	0.0	0.0	0.0	1.0	0.0	0.0	0.0	0.0	
48	48	1170.839177463	11159.559	11159.559	10.8628	0.912053	0	0	0	0	46	0	0	0	0	0.0	0.0	0.0	0.0	0.510153	0.0	0.0	0.0	0.0	0.0	0.0	0.0	0.0	1097.31	0.0	0.0	0.0	0.0	0.0	0.0	0.0	0.0	23.8547	0.0	0.0	0.0	0.0	0	0	0	0	24	0	0	0	0	0	0	0	0	0	0	0	0	0	0	0	0	0	22	0	0	0	0	0	0	0	0	0	0	0	0	0	0	0	0	0	0	0	0	0	0	0	0	0	0	0	0	0	0	0	0.0	0.0	0.0	0.0	0.000897	0.0	0.0	0.0	0.0	0.0	0.0	0.0	0.0	1.0	0.0	0.0	0.0	0.0	
49	49	1187.667970001	11101.059	11101.059	10.4078	0.90839	0	0	0	0	47	0	0	0	0	0.0	0.0	0.0	0.0	0.559137	0.0	0.0	0.0	0.0	0.0	0.0	0.0	0.0	1114.14	0.0	0.0	0.0	0.0	0.0	0.0	0.0	0.0	23.7052	0.0	0.0	0.0	0.0	0	0	0	0	25	0	0	0	0	0	0	0	0	0	0	0	0	0	0	0	0	0	22	0	0	0	0	0	0	0	0	0	0	0	0	0	0	0	0	0	0	0	0	0	0	0	0	0	0	0	0	0	0	0	0.0	0.0	0.0	0.0	0.000995	0.0	0.0	0.0	0.0	0.0	0.0	0.0	0.0	1.0	0.0	0.0	0.0	0.0	
50	50	1202.322241088	11101.059	11101.059	10.0747	0.905509	0	0	0	0	48	0	0	0	0	0.0	0.0	0.0	0.0	0.503224	0.0	0.0	0.0	0.0	0.0	0.0	0.0	0.0	1128.8	0.0	0.0	0.0	0.0	0.0	0.0	0.0	0.0	23.5166	0.0	0.0	0.0	0.0	0	0	0	0	25	0	0	0	0	0	0	0	0	0	0	0	0	0	0	0	0	0	23	0	0	0	0	0	0	0	0	0	0	0	0	0	0	0	0	0	0	0	0	0	0	0	0	0	0	0	0	0	0	0	0.0	0.0	0.0	0.0	0.00091	0.0	0.0	0.0	0.0	0.0	0.0	0.0	0.0	1.0	0.0	0.0	0.0	0.0	
51	51	1249.397103291	11054.559	11054.559	9.79344	0.902931	0	0	0	0	49	0	0	0	0	0.0	0.0	0.0	0.0	0.552901	0.0	0.0	0.0	0.0	0.0	0.0	0.0	0.0	1175.87	0.0	0.0	0.0	0.0	0.0	0.0	0.0	0.0	23.9974	0.0	0.0	0.0	0.0	0	0	0	0	26	0	0	0	0	0	0	0	0	0	0	0	0	0	0	0	0	0	23	0	0	0	0	0	0	0	0	0	0	0	0	0	0	0	0	0	0	0	0	0	0	0	0	0	0	0	0	0	0	0	0.0	0.0	0.0	0.0	0.00096	0.0	0.0	0.0	0.0	0.0	0.0	0.0	0.0	1.0	0.0	0.0	0.0	0.0	
52	52	1264.148135273	11054.559	11054.559	8.94185	0.894193	0	0	0	0	50	0	0	0	0	0.0	0.0	0.0	0.0	0.497611	0.0	0.0	0.0	0.0	0.0	0.0	0.0	0.0	1190.62	0.0	0.0	0.0	0.0	0.0	0.0	0.0	0.0	23.8125	0.0	0.0	0.0	0.0	0	0	0	0	26	0	0	0	0	0	0	0	0	0	0	0	0	0	0	0	0	0	24	0	0	0	0	0	0	0	0	0	0	0	0	0	0	0	0	0	0	0	0	0	0	0	0	0	0	0	0	0	0	0	0.0	0.0	0.0	0.0	0.000878	0.0	0.0	0.0	0.0	0.0	0.0	0.0	0.0	1.0	0.0	0.0	0.0	0.0	
53	53	1278.681635712	11054.559	11054.559	8.69055	0.891306	0	0	0	0	51	0	0	0	0	0.0	0.0	0.0	0.0	0.44785	0.0	0.0	0.0	0.0	0.0	0.0	0.0	0.0	1205.16	0.0	0.0	0.0	0.0	0.0	0.0	0.0	0.0	23.6305	0.0	0.0	0.0	0.0	0	0	0	0	26	0	0	0	0	0	0	0	0	0	0	0	0	0	0	0	0	0	25	0	0	0	0	0	0	0	0	0	0	0	0	0	0	0	0	0	0	0	0	0	0	0	0	0	0	0	0	0	0	0	0.0	0.0	0.0	0.0	0.000802	0.0	0.0	0.0	0.0	0.0	0.0	0.0	0.0	1.0	0.0	0.0	0.0	0.0	
54	54	1297.139927182	11048.059	11048.059	8.44986	0.888389	0	0	0	0	52	0	0	0	0	0.0	0.0	0.0	0.0	0.503065	0.0	0.0	0.0	0.0	0.0	0.0	0.0	0.0	1223.62	0.0	0.0	0.0	0.0	0.0	0.0	0.0	0.0	23.5311	0.0	0.0	0.0	0.0	0	0	0	0	27	0	0	0	0	0	0	0	0	0	0	0	0	0	0	0	0	0	25	0	0	0	0	0	0	0	0	0	0	0	0	0	0	0	0	0	0	0	0	0	0	0	0	0	0	0	0	0	0	0	0.0	0.0	0.0	0.0	0.000909	0.0	0.0	0.0	0.0	0.0	0.0	0.0	0.0	1.0	0.0	0.0	0.0	0.0	
55	55	1311.543133621	11048.059	11048.059	8.15377	0.88458	0	0	0	0	53	0	0	0	0	0.0	0.0	0.0	0.0	0.452759	0.0	0.0	0.0	0.0	0.0	0.0	0.0	0.0	1238.02	0.0	0.0	0.0	0.0	0.0	0.0	0.0	0.0	23.3588	0.0	0.0	0.0	0.0	0	0	0	0	27	0	0	0	0	0	0	0	0	0	0	0	0	0	0	0	0	0	26	0	0	0	0	0	0	0	0	0	0	0	0	0	0	0	0	0	0	0	0	0	0	0	0	0	0	0	0	0	0	0	0.0	0.0	0.0	0.0	0.00083	0.0	0.0	0.0	0.0	0.0	0.0	0.0	0.0	1.0	0.0	0.0	0.0	0.0	
56	56	1346.58532223	10991.176	10991.176	7.92995	0.881523	0	0	0	0	54	0	0	0	0	0.0	0.0	0.0	0.0	0.507483	0.0	0.0	0.0	0.0	0.0	0.0	0.0	0.0	1273.06	0.0	0.0	0.0	0.0	0.0	0.0	0.0	0.0	23.5752	0.0	0.0	0.0	0.0	0	0	0	0	28	0	0	0	0	0	0	0	0	0	0	0	0	0	0	0	0	0	26	0	0	0	0	0	0	0	0	0	0	0	0	0	0	0	0	0	0	0	0	0	0	0	0	0	0	0	0	0	0	0	0.0	0.0	0.0	0.0	0.000913	0.0	0.0	0.0	0.0	0.0	0.0	0.0	0.0	1.0	0.0	0.0	0.0	0.0	
57	57	1369.220389546	10989.676	10989.676	7.41072	0.873769	0	0	0	0	55	0	0	0	0	0.0	0.0	0.0	0.0	0.556734	0.0	0.0	0.0	0.0	0.0	0.0	0.0	0.0	1295.7	0.0	0.0	0.0	0.0	0.0	0.0	0.0	0.0	23.5581	0.0	0.0	0.0	0.0	0	0	0	0	29	0	0	0	0	0	0	0	0	0	0	0	0	0	0	0	0	0	26	0	0	0	0	0	0	0	0	0	0	0	0	0	0	0	0	0	0	0	0	0	0	0	0	0	0	0	0	0	0	0	0.0	0.0	0.0	0.0	0.001003	0.0	0.0	0.0	0.0	0.0	0.0	0.0	0.0	1.0	0.0	0.0	0.0	0.0	
58	58	1390.278321981	10989.676	10989.676	7.09355	0.868513	0	0	0	0	56	0	0	0	0	0.0	0.0	0.0	0.0	0.501061	0.0	0.0	0.0	0.0	0.0	0.0	0.0	0.0	1316.75	0.0	0.0	0.0	0.0	0.0	0.0	0.0	0.0	23.5135	0.0	0.0	0.0	0.0	0	0	0	0	29	0	0	0	0	0	0	0	0	0	0	0	0	0	0	0	0	0	27	0	0	0	0	0	0	0	0	0	0	0	0	0	0	0	0	0	0	0	0	0	0	0	0	0	0	0	0	0	0	0	0.0	0.0	0.0	0.0	0.000906	0.0	0.0	0.0	0.0	0.0	0.0	0.0	0.0	1.0	0.0	0.0	0.0	0.0	
59	59	1424.234788947	10976.676	10976.676	6.81068	0.863442	0	0	0	0	57	0	0	0	0	0.0	0.0	0.0	0.0	0.550955	0.0	0.0	0.0	0.0	0.0	0.0	0.0	0.0	1350.71	0.0	0.0	0.0	0.0	0.0	0.0	0.0	0.0	23.6967	0.0	0.0	0.0	0.0	0	0	0	0	30	0	0	0	0	0	0	0	0	0	0	0	0	0	0	0	0	0	27	0	0	0	0	0	0	0	0	0	0	0	0	0	0	0	0	0	0	0	0	0	0	0	0	0	0	0	0	0	0	0	0.0	0.0	0.0	0.0	0.000981	0.0	0.0	0.0	0.0	0.0	0.0	0.0	0.0	1.0	0.0	0.0	0.0	0.0	
60	60	1605.35488781	10805.221	10805.221	6.37812	0.854887	0	0	0	0	58	0	0	0	0	0.0	0.0	0.0	0.0	0.595859	0.0	0.0	0.0	0.0	0.0	0.0	0.0	0.0	1531.83	0.0	0.0	0.0	0.0	0.0	0.0	0.0	0.0	26.4109	0.0	0.0	0.0	0.0	0	0	0	0	31	0	0	0	0	0	0	0	0	0	0	0	0	0	0	0	0	0	27	0	0	0	0	0	0	0	0	0	0	0	0	0	0	0	0	0	0	0	0	0	0	0	0	0	0	0	0	0	0	0	0.0	0.0	0.0	0.0	0.000854	0.0	0.0	0.0	0.0	0.0	0.0	0.0	0.0	1.0	0.0	0.0	0.0	0.0	
61	61	1622.229428192	10805.221	10805.221	4.49454	0.800521	0	0	0	0	59	0	0	0	0	0.0	0.0	0.0	0.0	0.536273	0.0	0.0	0.0	0.0	0.0	0.0	0.0	0.0	1548.7	0.0	0.0	0.0	0.0	0.0	0.0	0.0	0.0	26.2492	0.0	0.0	0.0	0.0	0	0	0	0	31	0	0	0	0	0	0	0	0	0	0	0	0	0	0	0	0	0	28	0	0	0	0	0	0	0	0	0	0	0	0	0	0	0	0	0	0	0	0	0	0	0	0	0	0	0	0	0	0	0	0.0	0.0	0.0	0.0	0.000778	0.0	0.0	0.0	0.0	0.0	0.0	0.0	0.0	1.0	0.0	0.0	0.0	0.0	
62	62	1639.994281212	10805.221	10805.221	4.35034	0.794639	0	0	0	0	60	0	0	0	0	0.0	0.0	0.0	0.0	0.482646	0.0	0.0	0.0	0.0	0.0	0.0	0.0	0.0	1566.47	0.0	0.0	0.0	0.0	0.0	0.0	0.0	0.0	26.1078	0.0	0.0	0.0	0.0	0	0	0	0	31	0	0	0	0	0	0	0	0	0	0	0	0	0	0	0	0	0	29	0	0	0	0	0	0	0	0	0	0	0	0	0	0	0	0	0	0	0	0	0	0	0	0	0	0	0	0	0	0	0	0.0	0.0	0.0	0.0	0.000708	0.0	0.0	0.0	0.0	0.0	0.0	0.0	0.0	1.0	0.0	0.0	0.0	0.0	
63	63	1658.512407098	10805.221	10805.221	4.20352	0.788285	0	0	0	0	61	0	0	0	0	0.0	0.0	0.0	0.0	0.434382	0.0	0.0	0.0	0.0	0.0	0.0	0.0	0.0	1584.99	0.0	0.0	0.0	0.0	0.0	0.0	0.0	0.0	25.9834	0.0	0.0	0.0	0.0	0	0	0	0	31	0	0	0	0	0	0	0	0	0	0	0	0	0	0	0	0	0	30	0	0	0	0	0	0	0	0	0	0	0	0	0	0	0	0	0	0	0	0	0	0	0	0	0	0	0	0	0	0	0	0.0	0.0	0.0	0.0	0.000643	0.0	0.0	0.0	0.0	0.0	0.0	0.0	0.0	1.0	0.0	0.0	0.0	0.0	
64	64	1676.683027988	10795.721	10795.721	4.05576	0.781482	0	0	0	0	62	0	0	0	0	0.0	0.0	0.0	0.0	0.490943	0.0	0.0	0.0	0.0	0.0	0.0	0.0	0.0	1603.16	0.0	0.0	0.0	0.0	0.0	0.0	0.0	0.0	25.8574	0.0	0.0	0.0	0.0	0	0	0	0	32	0	0	0	0	0	0	0	0	0	0	0	0	0	0	0	0	0	30	0	0	0	0	0	0	0	0	0	0	0	0	0	0	0	0	0	0	0	0	0	0	0	0	0	0	0	0	0	0	0	0.0	0.0	0.0	0.0	0.000734	0.0	0.0	0.0	0.0	0.0	0.0	0.0	0.0	1.0	0.0	0.0	0.0	0.0	
65	65	1697.576739301	10795.721	10795.721	3.91581	0.774626	0	0	0	0	63	0	0	0	0	0.0	0.0	0.0	0.0	0.441849	0.0	0.0	0.0	0.0	0.0	0.0	0.0	0.0	1624.05	0.0	0.0	0.0	0.0	0.0	0.0	0.0	0.0	25.7786	0.0	0.0	0.0	0.0	0	0	0	0	32	0	0	0	0	0	0	0	0	0	0	0	0	0	0	0	0	0	31	0	0	0	0	0	0	0	0	0	0	0	0	0	0	0	0	0	0	0	0	0	0	0	0	0	0	0	0	0	0	0	0.0	0.0	0.0	0.0	0.000665	0.0	0.0	0.0	0.0	0.0	0.0	0.0	0.0	1.0	0.0	0.0	0.0	0.0	
66	66	1724.640385592	10795.721	10795.721	3.76085	0.766518	0	0	0	0	64	0	0	0	0	0.0	0.0	0.0	0.0	0.397664	0.0	0.0	0.0	0.0	0.0	0.0	0.0	0.0	1651.12	0.0	0.0	0.0	0.0	0.0	0.0	0.0	0.0	25.7987	0.0	0.0	0.0	0.0	0	0	0	0	32	0	0	0	0	0	0	0	0	0	0	0	0	0	0	0	0	0	32	0	0	0	0	0	0	0	0	0	0	0	0	0	0	0	0	0	0	0	0	0	0	0	0	0	0	0	0	0	0	0	0.0	0.0	0.0	0.0	0.000597	0.0	0.0	0.0	0.0	0.0	0.0	0.0	0.0	1.0	0.0	0.0	0.0	0.0	
67	67	1741.027572874	10793.721	10793.721	3.56922	0.755653	0	0	0	0	65	0	0	0	0	0.0	0.0	0.0	0.0	0.457898	0.0	0.0	0.0	0.0	0.0	0.0	0.0	0.0	1667.5	0.0	0.0	0.0	0.0	0.0	0.0	0.0	0.0	25.6539	0.0	0.0	0.0	0.0	0	0	0	0	33	0	0	0	0	0	0	0	0	0	0	0	0	0	0	0	0	0	32	0	0	0	0	0	0	0	0	0	0	0	0	0	0	0	0	0	0	0	0	0	0	0	0	0	0	0	0	0	0	0	0.0	0.0	0.0	0.0	0.000696	0.0	0.0	0.0	0.0	0.0	0.0	0.0	0.0	1.0	0.0	0.0	0.0	0.0	
68	68	1774.956880909	10793.721	10793.721	3.45796	0.748871	0	0	0	0	66	0	0	0	0	0.0	0.0	0.0	0.0	0.412108	0.0	0.0	0.0	0.0	0.0	0.0	0.0	0.0	1701.43	0.0	0.0	0.0	0.0	0.0	0.0	0.0	0.0	25.7793	0.0	0.0	0.0	0.0	0	0	0	0	33	0	0	0	0	0	0	0	0	0	0	0	0	0	0	0	0	0	33	0	0	0	0	0	0	0	0	0	0	0	0	0	0	0	0	0	0	0	0	0	0	0	0	0	0	0	0	0	0	0	0.0	0.0	0.0	0.0	0.00062	0.0	0.0	0.0	0.0	0.0	0.0	0.0	0.0	1.0	0.0	0.0	0.0	0.0	
69	69	1789.413868553	10793.721	10793.721	3.2385	0.734339	0	0	0	0	67	0	0	0	0	0.0	0.0	0.0	0.0	0.370897	0.0	0.0	0.0	0.0	0.0	0.0	0.0	0.0	1715.89	0.0	0.0	0.0	0.0	0.0	0.0	0.0	0.0	25.6103	0.0	0.0	0.0	0.0	0	0	0	0	33	0	0	0	0	0	0	0	0	0	0	0	0	0	0	0	0	0	34	0	0	0	0	0	0	0	0	0	0	0	0	0	0	0	0	0	0	0	0	0	0	0	0	0	0	0	0	0	0	0	0.0	0.0	0.0	0.0	0.000565	0.0	0.0	0.0	0.0	0.0	0.0	0.0	0.0	1.0	0.0	0.0	0.0	0.0	
70	70	1804.89811913	10764.75	10764.75	3.14928	0.727943	0	0	0	0	68	0	0	0	0	0.0	0.0	0.0	0.0	0.433807	0.0	0.0	0.0	0.0	0.0	0.0	0.0	0.0	1731.37	0.0	0.0	0.0	0.0	0.0	0.0	0.0	0.0	25.4614	0.0	0.0	0.0	0.0	0	0	0	0	34	0	0	0	0	0	0	0	0	0	0	0	0	0	0	0	0	0	34	0	0	0	0	0	0	0	0	0	0	0	0	0	0	0	0	0	0	0	0	0	0	0	0	0	0	0	0	0	0	0	0.0	0.0	0.0	0.0	0.000669	0.0	0.0	0.0	0.0	0.0	0.0	0.0	0.0	1.0	0.0	0.0	0.0	0.0	
71	71	1822.515072253	10753.75	10753.75	3.05644	0.720955	0	0	0	0	69	0	0	0	0	0.0	0.0	0.0	0.0	0.490427	0.0	0.0	0.0	0.0	0.0	0.0	0.0	0.0	1748.99	0.0	0.0	0.0	0.0	0.0	0.0	0.0	0.0	25.3477	0.0	0.0	0.0	0.0	0	0	0	0	35	0	0	0	0	0	0	0	0	0	0	0	0	0	0	0	0	0	34	0	0	0	0	0	0	0	0	0	0	0	0	0	0	0	0	0	0	0	0	0	0	0	0	0	0	0	0	0	0	0	0.0	0.0	0.0	0.0	0.000763	0.0	0.0	0.0	0.0	0.0	0.0	0.0	0.0	1.0	0.0	0.0	0.0	0.0	
72	72	1836.90082102	10753.75	10753.75	2.95414	0.712833	0	0	0	0	70	0	0	0	0	0.0	0.0	0.0	0.0	0.441384	0.0	0.0	0.0	0.0	0.0	0.0	0.0	0.0	1763.38	0.0	0.0	0.0	0.0	0.0	0.0	0.0	0.0	25.1911	0.0	0.0	0.0	0.0	0	0	0	0	35	0	0	0	0	0	0	0	0	0	0	0	0	0	0	0	0	0	35	0	0	0	0	0	0	0	0	0	0	0	0	0	0	0	0	0	0	0	0	0	0	0	0	0	0	0	0	0	0	0	0.0	0.0	0.0	0.0	0.000696	0.0	0.0	0.0	0.0	0.0	0.0	0.0	0.0	1.0	0.0	0.0	0.0	0.0	
73	73	1853.499137097	10751.25	10751.25	2.87314	0.706063	0	0	0	0	71	0	0	0	0	0.0	0.0	0.0	0.0	0.497246	0.0	0.0	0.0	0.0	0.0	0.0	0.0	0.0	1779.97	0.0	0.0	0.0	0.0	0.0	0.0	0.0	0.0	25.0701	0.0	0.0	0.0	0.0	0	0	0	0	36	0	0	0	0	0	0	0	0	0	0	0	0	0	0	0	0	0	35	0	0	0	0	0	0	0	0	0	0	0	0	0	0	0	0	0	0	0	0	0	0	0	0	0	0	0	0	0	0	0	0.0	0.0	0.0	0.0	0.000791	0.0	0.0	0.0	0.0	0.0	0.0	0.0	0.0	1.0	0.0	0.0	0.0	0.0	
74	74	1878.453113843	10750.25	10750.25	2.78245	0.698098	0	0	0	0	72	0	0	0	0	0.0	0.0	0.0	0.0	0.547521	0.0	0.0	0.0	0.0	0.0	0.0	0.0	0.0	1804.93	0.0	0.0	0.0	0.0	0.0	0.0	0.0	0.0	25.0684	0.0	0.0	0.0	0.0	0	0	0	0	37	0	0	0	0	0	0	0	0	0	0	0	0	0	0	0	0	0	35	0	0	0	0	0	0	0	0	0	0	0	0	0	0	0	0	0	0	0	0	0	0	0	0	0	0	0	0	0	0	0	0.0	0.0	0.0	0.0	0.000871	0.0	0.0	0.0	0.0	0.0	0.0	0.0	0.0	1.0	0.0	0.0	0.0	0.0	
75	75	1892.916539789	10750.25	10750.25	2.65145	0.685812	0	0	0	0	73	0	0	0	0	0.0	0.0	0.0	0.0	0.492769	0.0	0.0	0.0	0.0	0.0	0.0	0.0	0.0	1819.39	0.0	0.0	0.0	0.0	0.0	0.0	0.0	0.0	24.9232	0.0	0.0	0.0	0.0	0	0	0	0	37	0	0	0	0	0	0	0	0	0	0	0	0	0	0	0	0	0	36	0	0	0	0	0	0	0	0	0	0	0	0	0	0	0	0	0	0	0	0	0	0	0	0	0	0	0	0	0	0	0	0.0	0.0	0.0	0.0	0.000793	0.0	0.0	0.0	0.0	0.0	0.0	0.0	0.0	1.0	0.0	0.0	0.0	0.0	
76	76	1932.200827239	10703.279	10703.279	2.57837	0.678519	0	0	0	0	74	0	0	0	0	0.0	0.0	0.0	0.0	0.543492	0.0	0.0	0.0	0.0	0.0	0.0	0.0	0.0	1858.68	0.0	0.0	0.0	0.0	0.0	0.0	0.0	0.0	25.1172	0.0	0.0	0.0	0.0	0	0	0	0	38	0	0	0	0	0	0	0	0	0	0	0	0	0	0	0	0	0	36	0	0	0	0	0	0	0	0	0	0	0	0	0	0	0	0	0	0	0	0	0	0	0	0	0	0	0	0	0	0	0	0.0	0.0	0.0	0.0	0.000861	0.0	0.0	0.0	0.0	0.0	0.0	0.0	0.0	1.0	0.0	0.0	0.0	0.0	
77	77	1957.02609671	10703.279	10703.279	2.38988	0.658078	0	0	0	0	75	0	0	0	0	0.0	0.0	0.0	0.0	0.489143	0.0	0.0	0.0	0.0	0.0	0.0	0.0	0.0	1883.5	0.0	0.0	0.0	0.0	0.0	0.0	0.0	0.0	25.1133	0.0	0.0	0.0	0.0	0	0	0	0	38	0	0	0	0	0	0	0	0	0	0	0	0	0	0	0	0	0	37	0	0	0	0	0	0	0	0	0	0	0	0	0	0	0	0	0	0	0	0	0	0	0	0	0	0	0	0	0	0	0	0.0	0.0	0.0	0.0	0.000776	0.0	0.0	0.0	0.0	0.0	0.0	0.0	0.0	1.0	0.0	0.0	0.0	0.0	
78	78	1985.482967184	10685.779	10685.779	2.27793	0.644684	0	0	0	0	76	0	0	0	0	0.0	0.0	0.0	0.0	0.540229	0.0	0.0	0.0	0.0	0.0	0.0	0.0	0.0	1911.96	0.0	0.0	0.0	0.0	0.0	0.0	0.0	0.0	25.1573	0.0	0.0	0.0	0.0	0	0	0	0	39	0	0	0	0	0	0	0	0	0	0	0	0	0	0	0	0	0	37	0	0	0	0	0	0	0	0	0	0	0	0	0	0	0	0	0	0	0	0	0	0	0	0	0	0	0	0	0	0	0	0.0	0.0	0.0	0.0	0.000854	0.0	0.0	0.0	0.0	0.0	0.0	0.0	0.0	1.0	0.0	0.0	0.0	0.0	
79	79	2003.443347927	10685.779	10685.779	2.15604	0.628881	0	0	0	0	77	0	0	0	0	0.0	0.0	0.0	0.0	0.486206	0.0	0.0	0.0	0.0	0.0	0.0	0.0	0.0	1929.92	0.0	0.0	0.0	0.0	0.0	0.0	0.0	0.0	25.0639	0.0	0.0	0.0	0.0	0	0	0	0	39	0	0	0	0	0	0	0	0	0	0	0	0	0	0	0	0	0	38	0	0	0	0	0	0	0	0	0	0	0	0	0	0	0	0	0	0	0	0	0	0	0	0	0	0	0	0	0	0	0	0.0	0.0	0.0	0.0	0.000774	0.0	0.0	0.0	0.0	0.0	0.0	0.0	0.0	1.0	0.0	0.0	0.0	0.0	
80	80	2020.8533498	10682.779	10682.779	2.0825	0.618664	0	0	0	0	78	0	0	0	0	0.0	0.0	0.0	0.0	0.537585	0.0	0.0	0.0	0.0	0.0	0.0	0.0	0.0	1947.33	0.0	0.0	0.0	0.0	0.0	0.0	0.0	0.0	24.9657	0.0	0.0	0.0	0.0	0	0	0	0	40	0	0	0	0	0	0	0	0	0	0	0	0	0	0	0	0	0	38	0	0	0	0	0	0	0	0	0	0	0	0	0	0	0	0	0	0	0	0	0	0	0	0	0	0	0	0	0	0	0	0.0	0.0	0.0	0.0	0.000862	0.0	0.0	0.0	0.0	0.0	0.0	0.0	0.0	1.0	0.0	0.0	0.0	0.0	
81	81	2051.075944401	10682.779	10682.779	2.0136	0.608582	0	0	0	0	79	0	0	0	0	0.0	0.0	0.0	0.0	0.483827	0.0	0.0	0.0	0.0	0.0	0.0	0.0	0.0	1977.55	0.0	0.0	0.0	0.0	0.0	0.0	0.0	0.0	25.0323	0.0	0.0	0.0	0.0	0	0	0	0	40	0	0	0	0	0	0	0	0	0	0	0	0	0	0	0	0	0	39	0	0	0	0	0	0	0	0	0	0	0	0	0	0	0	0	0	0	0	0	0	0	0	0	0	0	0	0	0	0	0	0.0	0.0	0.0	0.0	0.000772	0.0	0.0	0.0	0.0	0.0	0.0	0.0	0.0	1.0	0.0	0.0	0.0	0.0	
82	82	2081.439964769	10674.412	10674.412	1.89936	0.590673	0	0	0	0	80	0	0	0	0	0.0	0.0	0.0	0.0	0.535444	0.0	0.0	0.0	0.0	0.0	0.0	0.0	0.0	2007.91	0.0	0.0	0.0	0.0	0.0	0.0	0.0	0.0	25.0989	0.0	0.0	0.0	0.0	0	0	0	0	41	0	0	0	0	0	0	0	0	0	0	0	0	0	0	0	0	0	39	0	0	0	0	0	0	0	0	0	0	0	0	0	0	0	0	0	0	0	0	0	0	0	0	0	0	0	0	0	0	0	0.0	0.0	0.0	0.0	0.00085	0.0	0.0	0.0	0.0	0.0	0.0	0.0	0.0	1.0	0.0	0.0	0.0	0.0	
83	83	2096.092064738	10674.412	10674.412	1.79112	0.572175	0	0	0	0	81	0	0	0	0	0.0	0.0	0.0	0.0	0.4819	0.0	0.0	0.0	0.0	0.0	0.0	0.0	0.0	2022.57	0.0	0.0	0.0	0.0	0.0	0.0	0.0	0.0	24.97	0.0	0.0	0.0	0.0	0	0	0	0	41	0	0	0	0	0	0	0	0	0	0	0	0	0	0	0	0	0	40	0	0	0	0	0	0	0	0	0	0	0	0	0	0	0	0	0	0	0	0	0	0	0	0	0	0	0	0	0	0	0	0.0	0.0	0.0	0.0	0.000773	0.0	0.0	0.0	0.0	0.0	0.0	0.0	0.0	1.0	0.0	0.0	0.0	0.0	
84	84	2277.132105619	10669.147	10669.147	1.74111	0.563074	0	0	0	0	82	0	0	0	0	0.0	0.0	0.0	0.0	0.53371	0.0	0.0	0.0	0.0	0.0	0.0	0.0	0.0	2203.61	0.0	0.0	0.0	0.0	0.0	0.0	0.0	0.0	26.8733	0.0	0.0	0.0	0.0	0	0	0	0	42	0	0	0	0	0	0	0	0	0	0	0	0	0	0	0	0	0	40	0	0	0	0	0	0	0	0	0	0	0	0	0	0	0	0	0	0	0	0	0	0	0	0	0	0	0	0	0	0	0	0.0	0.0	0.0	0.0	0.000739	0.0	0.0	0.0	0.0	0.0	0.0	0.0	0.0	1.0	0.0	0.0	0.0	0.0	
85	85	2302.673196626	10649.662	10649.662	1.22712	0.442677	0	0	0	0	83	0	0	0	0	0.0	0.0	0.0	0.0	0.580339	0.0	0.0	0.0	0.0	0.0	0.0	0.0	0.0	2229.15	0.0	0.0	0.0	0.0	0.0	0.0	0.0	0.0	26.8572	0.0	0.0	0.0	0.0	0	0	0	0	43	0	0	0	0	0	0	0	0	0	0	0	0	0	0	0	0	0	40	0	0	0	0	0	0	0	0	0	0	0	0	0	0	0	0	0	0	0	0	0	0	0	0	0	0	0	0	0	0	0	0.0	0.0	0.0	0.0	0.000805	0.0	0.0	0.0	0.0	0.0	0.0	0.0	0.0	1.0	0.0	0.0	0.0	0.0	
86	86	2334.771375262	10623.412	10623.412	1.16802	0.424796	0	0	0	0	84	0	0	0	0	0.0	0.0	0.0	0.0	0.622305	0.0	0.0	0.0	0.0	0.0	0.0	0.0	0.0	2261.25	0.0	0.0	0.0	0.0	0.0	0.0	0.0	0.0	26.9196	0.0	0.0	0.0	0.0	0	0	0	0	44	0	0	0	0	0	0	0	0	0	0	0	0	0	0	0	0	0	40	0	0	0	0	0	0	0	0	0	0	0	0	0	0	0	0	0	0	0	0	0	0	0	0	0	0	0	0	0	0	0	0.0	0.0	0.0	0.0	0.000859	0.0	0.0	0.0	0.0	0.0	0.0	0.0	0.0	1.0	0.0	0.0	0.0	0.0	
87	87	2357.187690912	10623.412	10623.412	1.09777	0.402148	0	0	0	0	85	0	0	0	0	0.0	0.0	0.0	0.0	0.560074	0.0	0.0	0.0	0.0	0.0	0.0	0.0	0.0	2283.66	0.0	0.0	0.0	0.0	0.0	0.0	0.0	0.0	26.8666	0.0	0.0	0.0	0.0	0	0	0	0	44	0	0	0	0	0	0	0	0	0	0	0	0	0	0	0	0	0	41	0	0	0	0	0	0	0	0	0	0	0	0	0	0	0	0	0	0	0	0	0	0	0	0	0	0	0	0	0	0	0	0.0	0.0	0.0	0.0	0.000776	0.0	0.0	0.0	0.0	0.0	0.0	0.0	0.0	1.0	0.0	0.0	0.0	0.0	
88	88	2538.162115292	10577.147	10577.147	1.05123	0.386253	0	0	0	0	86	0	0	0	0	0.0	0.0	0.0	0.0	0.604067	0.0	0.0	0.0	0.0	0.0	0.0	0.0	0.0	2464.64	0.0	0.0	0.0	0.0	0.0	0.0	0.0	0.0	28.6586	0.0	0.0	0.0	0.0	0	0	0	0	45	0	0	0	0	0	0	0	0	0	0	0	0	0	0	0	0	0	41	0	0	0	0	0	0	0	0	0	0	0	0	0	0	0	0	0	0	0	0	0	0	0	0	0	0	0	0	0	0	0	0.0	0.0	0.0	0.0	0.000735	0.0	0.0	0.0	0.0	0.0	0.0	0.0	0.0	1.0	0.0	0.0	0.0	0.0	
89	89	2564.748524676	10567.147	10567.147	0.740993	0.25936	0	0	0	0	87	0	0	0	0	0.0	0.0	0.0	0.0	0.64366	0.0	0.0	0.0	0.0	0.0	0.0	0.0	0.0	2491.22	0.0	0.0	0.0	0.0	0.0	0.0	0.0	0.0	28.6348	0.0	0.0	0.0	0.0	0	0	0	0	46	0	0	0	0	0	0	0	0	0	0	0	0	0	0	0	0	0	41	0	0	0	0	0	0	0	0	0	0	0	0	0	0	0	0	0	0	0	0	0	0	0	0	0	0	0	0	0	0	0	0.0	0.0	0.0	0.0	0.000785	0.0	0.0	0.0	0.0	0.0	0.0	0.0	0.0	1.0	0.0	0.0	0.0	0.0	
90	90	2616.307071985	10532.647	10532.647	0.703884	0.241548	0	0	0	0	88	0	0	0	0	0.0	0.0	0.0	0.0	0.679294	0.0	0.0	0.0	0.0	0.0	0.0	0.0	0.0	2542.78	0.0	0.0	0.0	0.0	0.0	0.0	0.0	0.0	28.8952	0.0	0.0	0.0	0.0	0	0	0	0	47	0	0	0	0	0	0	0	0	0	0	0	0	0	0	0	0	0	41	0	0	0	0	0	0	0	0	0	0	0	0	0	0	0	0	0	0	0	0	0	0	0	0	0	0	0	0	0	0	0	0.0	0.0	0.0	0.0	0.000814	0.0	0.0	0.0	0.0	0.0	0.0	0.0	0.0	1.0	0.0	0.0	0.0	0.0	
91	91	2633.224953595	10532.647	10532.647	0.637133	0.208143	0	0	0	0	89	0	0	0	0	0.0	0.0	0.0	0.0	0.611365	0.0	0.0	0.0	0.0	0.0	0.0	0.0	0.0	2559.7	0.0	0.0	0.0	0.0	0.0	0.0	0.0	0.0	28.7607	0.0	0.0	0.0	0.0	0	0	0	0	47	0	0	0	0	0	0	0	0	0	0	0	0	0	0	0	0	0	42	0	0	0	0	0	0	0	0	0	0	0	0	0	0	0	0	0	0	0	0	0	0	0	0	0	0	0	0	0	0	0	0.0	0.0	0.0	0.0	0.000739	0.0	0.0	0.0	0.0	0.0	0.0	0.0	0.0	1.0	0.0	0.0	0.0	0.0	
92	92	2647.687191349	10532.647	10532.647	0.61664	0.197564	0	0	0	0	90	0	0	0	0	0.0	0.0	0.0	0.0	0.550228	0.0	0.0	0.0	0.0	0.0	0.0	0.0	0.0	2574.16	0.0	0.0	0.0	0.0	0.0	0.0	0.0	0.0	28.6018	0.0	0.0	0.0	0.0	0	0	0	0	47	0	0	0	0	0	0	0	0	0	0	0	0	0	0	0	0	0	43	0	0	0	0	0	0	0	0	0	0	0	0	0	0	0	0	0	0	0	0	0	0	0	0	0	0	0	0	0	0	0	0.0	0.0	0.0	0.0	0.000673	0.0	0.0	0.0	0.0	0.0	0.0	0.0	0.0	1.0	0.0	0.0	0.0	0.0	
93	93	2752.131026252	10481.765	10481.765	0.599645	0.188689	0	0	0	0	91	0	0	0	0	0.0	0.0	0.0	0.0	0.595205	0.0	0.0	0.0	0.0	0.0	0.0	0.0	0.0	2678.61	0.0	0.0	0.0	0.0	0.0	0.0	0.0	0.0	29.4352	0.0	0.0	0.0	0.0	0	0	0	0	48	0	0	0	0	0	0	0	0	0	0	0	0	0	0	0	0	0	43	0	0	0	0	0	0	0	0	0	0	0	0	0	0	0	0	0	0	0	0	0	0	0	0	0	0	0	0	0	0	0	0.0	0.0	0.0	0.0	0.000687	0.0	0.0	0.0	0.0	0.0	0.0	0.0	0.0	1.0	0.0	0.0	0.0	0.0	
94	94	2779.202860037	10481.765	10481.765	0.490047	0.129948	0	0	0	0	92	0	0	0	0	0.0	0.0	0.0	0.0	0.535685	0.0	0.0	0.0	0.0	0.0	0.0	0.0	0.0	2705.68	0.0	0.0	0.0	0.0	0.0	0.0	0.0	0.0	29.4095	0.0	0.0	0.0	0.0	0	0	0	0	48	0	0	0	0	0	0	0	0	0	0	0	0	0	0	0	0	0	44	0	0	0	0	0	0	0	0	0	0	0	0	0	0	0	0	0	0	0	0	0	0	0	0	0	0	0	0	0	0	0	0.0	0.0	0.0	0.0	0.000619	0.0	0.0	0.0	0.0	0.0	0.0	0.0	0.0	1.0	0.0	0.0	0.0	0.0	
95	95	2820.468779639	10481.765	10481.765	0.465069	0.116459	0	0	0	0	93	0	0	0	0	0.0	0.0	0.0	0.0	0.482116	0.0	0.0	0.0	0.0	0.0	0.0	0.0	0.0	2746.94	0.0	0.0	0.0	0.0	0.0	0.0	0.0	0.0	29.537	0.0	0.0	0.0	0.0	0	0	0	0	48	0	0	0	0	0	0	0	0	0	0	0	0	0	0	0	0	0	45	0	0	0	0	0	0	0	0	0	0	0	0	0	0	0	0	0	0	0	0	0	0	0	0	0	0	0	0	0	0	0	0.0	0.0	0.0	0.0	0.000553	0.0	0.0	0.0	0.0	0.0	0.0	0.0	0.0	1.0	0.0	0.0	0.0	0.0	
96	96	2835.727884002	10481.765	10481.765	0.429422	0.097421	0	0	0	0	94	0	0	0	0	0.0	0.0	0.0	0.0	0.433905	0.0	0.0	0.0	0.0	0.0	0.0	0.0	0.0	2762.2	0.0	0.0	0.0	0.0	0.0	0.0	0.0	0.0	29.3851	0.0	0.0	0.0	0.0	0	0	0	0	48	0	0	0	0	0	0	0	0	0	0	0	0	0	0	0	0	0	46	0	0	0	0	0	0	0	0	0	0	0	0	0	0	0	0	0	0	0	0	0	0	0	0	0	0	0	0	0	0	0	0.0	0.0	0.0	0.0	0.000503	0.0	0.0	0.0	0.0	0.0	0.0	0.0	0.0	1.0	0.0	0.0	0.0	0.0	
97	97	2865.437005648	10481.765	10481.765	0.416945	0.090863	0	0	0	0	95	0	0	0	0	0.0	0.0	0.0	0.0	0.390514	0.0	0.0	0.0	0.0	0.0	0.0	0.0	0.0	2791.91	0.0	0.0	0.0	0.0	0.0	0.0	0.0	0.0	29.3885	0.0	0.0	0.0	0.0	0	0	0	0	48	0	0	0	0	0	0	0	0	0	0	0	0	0	0	0	0	0	47	0	0	0	0	0	0	0	0	0	0	0	0	0	0	0	0	0	0	0	0	0	0	0	0	0	0	0	0	0	0	0	0.0	0.0	0.0	0.0	0.000452	0.0	0.0	0.0	0.0	0.0	0.0	0.0	0.0	1.0	0.0	0.0	0.0	0.0	
98	98	2882.010535596	10481.765	10481.765	0.393681	0.078856	0	0	0	0	96	0	0	0	0	0.0	0.0	0.0	0.0	0.351463	0.0	0.0	0.0	0.0	0.0	0.0	0.0	0.0	2808.49	0.0	0.0	0.0	0.0	0.0	0.0	0.0	0.0	29.2551	0.0	0.0	0.0	0.0	0	0	0	0	48	0	0	0	0	0	0	0	0	0	0	0	0	0	0	0	0	0	48	0	0	0	0	0	0	0	0	0	0	0	0	0	0	0	0	0	0	0	0	0	0	0	0	0	0	0	0	0	0	0	0.0	0.0	0.0	0.0	0.000411	0.0	0.0	0.0	0.0	0.0	0.0	0.0	0.0	1.0	0.0	0.0	0.0	0.0	
99	99	3063.002141674	10466.574	10466.574	0.381272	0.072599	0	0	0	0	97	0	0	0	0	0.0	0.0	0.0	0.0	0.416317	0.0	0.0	0.0	0.0	0.0	0.0	0.0	0.0	2989.48	0.0	0.0	0.0	0.0	0.0	0.0	0.0	0.0	30.8193	0.0	0.0	0.0	0.0	0	0	0	0	49	0	0	0	0	0	0	0	0	0	0	0	0	0	0	0	0	0	48	0	0	0	0	0	0	0	0	0	0	0	0	0	0	0	0	0	0	0	0	0	0	0	0	0	0	0	0	0	0	0	0.0	0.0	0.0	0.0	0.000438	0.0	0.0	0.0	0.0	0.0	0.0	0.0	0.0	1.0	0.0	0.0	0.0	0.0	
100	100	3099.026044861	10463.074	10463.074	0.268742	0.024209	0	0	0	0	98	0	0	0	0	0.0	0.0	0.0	0.0	0.474685	0.0	0.0	0.0	0.0	0.0	0.0	0.0	0.0	3025.5	0.0	0.0	0.0	0.0	0.0	0.0	0.0	0.0	30.8725	0.0	0.0	0.0	0.0	0	0	0	0	50	0	0	0	0	0	0	0	0	0	0	0	0	0	0	0	0	0	48	0	0	0	0	0	0	0	0	0	0	0	0	0	0	0	0	0	0	0	0	0	0	0	0	0	0	0	0	0	0	0	0.0	0.0	0.0	0.0	0.000498	0.0	0.0	0.0	0.0	0.0	0.0	0.0	0.0	1.0	0.0	0.0	0.0	0.0	
101	101	3113.598729371	10463.074	10463.074	0.25067	0.018512	0	0	0	0	99	0	0	0	0	0.0	0.0	0.0	0.0	0.427216	0.0	0.0	0.0	0.0	0.0	0.0	0.0	0.0	3040.07	0.0	0.0	0.0	0.0	0.0	0.0	0.0	0.0	30.7078	0.0	0.0	0.0	0.0	0	0	0	0	50	0	0	0	0	0	0	0	0	0	0	0	0	0	0	0	0	0	49	0	0	0	0	0	0	0	0	0	0	0	0	0	0	0	0	0	0	0	0	0	0	0	0	0	0	0	0	0	0	0	0.0	0.0	0.0	0.0	0.000453	0.0	0.0	0.0	0.0	0.0	0.0	0.0	0.0	1.0	0.0	0.0	0.0	0.0	
102	102	3128.014713009	10463.074	10463.074	0.243709	0.016519	0	0	0	0	100	0	0	0	0	0.0	0.0	0.0	0.0	0.384495	0.0	0.0	0.0	0.0	0.0	0.0	0.0	0.0	3054.49	0.0	0.0	0.0	0.0	0.0	0.0	0.0	0.0	30.5449	0.0	0.0	0.0	0.0	0	0	0	0	50	0	0	0	0	0	0	0	0	0	0	0	0	0	0	0	0	0	50	0	0	0	0	0	0	0	0	0	0	0	0	0	0	0	0	0	0	0	0	0	0	0	0	0	0	0	0	0	0	0	0.0	0.0	0.0	0.0	0.000412	0.0	0.0	0.0	0.0	0.0	0.0	0.0	0.0	1.0	0.0	0.0	0.0	0.0	
103	103	3142.378299626	10463.074	10463.074	0.237013	0.014711	0	0	0	0	101	0	0	0	0	0.0	0.0	0.0	0.0	0.346045	0.0	0.0	0.0	0.0	0.0	0.0	0.0	0.0	3068.85	0.0	0.0	0.0	0.0	0.0	0.0	0.0	0.0	30.3847	0.0	0.0	0.0	0.0	0	0	0	0	50	0	0	0	0	0	0	0	0	0	0	0	0	0	0	0	0	0	51	0	0	0	0	0	0	0	0	0	0	0	0	0	0	0	0	0	0	0	0	0	0	0	0	0	0	0	0	0	0	0	0.0	0.0	0.0	0.0	0.000375	0.0	0.0	0.0	0.0	0.0	0.0	0.0	0.0	1.0	0.0	0.0	0.0	0.0	
104	104	3160.855596538	10463.074	10463.074	0.230525	0.013064	0	0	0	0	102	0	0	0	0	0.0	0.0	0.0	0.0	0.311441	0.0	0.0	0.0	0.0	0.0	0.0	0.0	0.0	3087.33	0.0	0.0	0.0	0.0	0.0	0.0	0.0	0.0	30.2679	0.0	0.0	0.0	0.0	0	0	0	0	50	0	0	0	0	0	0	0	0	0	0	0	0	0	0	0	0	0	52	0	0	0	0	0	0	0	0	0	0	0	0	0	0	0	0	0	0	0	0	0	0	0	0	0	0	0	0	0	0	0	0.0	0.0	0.0	0.0	0.00034	0.0	0.0	0.0	0.0	0.0	0.0	0.0	0.0	1.0	0.0	0.0	0.0	0.0	
105	105	3180.822045016	10453.074	10453.074	0.222439	0.011158	0	0	0	0	103	0	0	0	0	0.0	0.0	0.0	0.0	0.380297	0.0	0.0	0.0	0.0	0.0	0.0	0.0	0.0	3107.3	0.0	0.0	0.0	0.0	0.0	0.0	0.0	0.0	30.1679	0.0	0.0	0.0	0.0	0	0	0	0	51	0	0	0	0	0	0	0	0	0	0	0	0	0	0	0	0	0	52	0	0	0	0	0	0	0	0	0	0	0	0	0	0	0	0	0	0	0	0	0	0	0	0	0	0	0	0	0	0	0	0.0	0.0	0.0	0.0	0.000418	0.0	0.0	0.0	0.0	0.0	0.0	0.0	0.0	1.0	0.0	0.0	0.0	0.0	
106	106	3206.258350402	10453.074	10453.074	0.21402	0.009349	0	0	0	0	104	0	0	0	0	0.0	0.0	0.0	0.0	0.342267	0.0	0.0	0.0	0.0	0.0	0.0	0.0	0.0	3132.73	0.0	0.0	0.0	0.0	0.0	0.0	0.0	0.0	30.1224	0.0	0.0	0.0	0.0	0	0	0	0	51	0	0	0	0	0	0	0	0	0	0	0	0	0	0	0	0	0	53	0	0	0	0	0	0	0	0	0	0	0	0	0	0	0	0	0	0	0	0	0	0	0	0	0	0	0	0	0	0	0	0.0	0.0	0.0	0.0	0.000377	0.0	0.0	0.0	0.0	0.0	0.0	0.0	0.0	1.0	0.0	0.0	0.0	0.0	
107	107	3220.879946631	10453.074	10453.074	0.203754	0.007388	0	0	0	0	105	0	0	0	0	0.0	0.0	0.0	0.0	0.30804	0.0	0.0	0.0	0.0	0.0	0.0	0.0	0.0	3147.35	0.0	0.0	0.0	0.0	0.0	0.0	0.0	0.0	29.9748	0.0	0.0	0.0	0.0	0	0	0	0	51	0	0	0	0	0	0	0	0	0	0	0	0	0	0	0	0	0	54	0	0	0	0	0	0	0	0	0	0	0	0	0	0	0	0	0	0	0	0	0	0	0	0	0	0	0	0	0	0	0	0.0	0.0	0.0	0.0	0.000343	0.0	0.0	0.0	0.0	0.0	0.0	0.0	0.0	1.0	0.0	0.0	0.0	0.0	
108	108	3256.678500827	10445.074	10445.074	0.198077	0.006419	0	0	0	0	106	0	0	0	0	0.0	0.0	0.0	0.0	0.377236	0.0	0.0	0.0	0.0	0.0	0.0	0.0	0.0	3183.15	0.0	0.0	0.0	0.0	0.0	0.0	0.0	0.0	30.0297	0.0	0.0	0.0	0.0	0	0	0	0	52	0	0	0	0	0	0	0	0	0	0	0	0	0	0	0	0	0	54	0	0	0	0	0	0	0	0	0	0	0	0	0	0	0	0	0	0	0	0	0	0	0	0	0	0	0	0	0	0	0	0.0	0.0	0.0	0.0	0.000418	0.0	0.0	0.0	0.0	0.0	0.0	0.0	0.0	1.0	0.0	0.0	0.0	0.0	
109	109	3271.40351101	10445.074	10445.074	0.184837	0.004471	0	0	0	0	107	0	0	0	0	0.0	0.0	0.0	0.0	0.339513	0.0	0.0	0.0	0.0	0.0	0.0	0.0	0.0	3197.88	0.0	0.0	0.0	0.0	0.0	0.0	0.0	0.0	29.8867	0.0	0.0	0.0	0.0	0	0	0	0	52	0	0	0	0	0	0	0	0	0	0	0	0	0	0	0	0	0	55	0	0	0	0	0	0	0	0	0	0	0	0	0	0	0	0	0	0	0	0	0	0	0	0	0	0	0	0	0	0	0	0.0	0.0	0.0	0.0	0.00038	0.0	0.0	0.0	0.0	0.0	0.0	0.0	0.0	1.0	0.0	0.0	0.0	0.0	
110	110	3287.755762372	10445.074	10445.074	0.179652	0.003825	0	0	0	0	108	0	0	0	0	0.0	0.0	0.0	0.0	0.305561	0.0	0.0	0.0	0.0	0.0	0.0	0.0	0.0	3214.23	0.0	0.0	0.0	0.0	0.0	0.0	0.0	0.0	29.7614	0.0	0.0	0.0	0.0	0	0	0	0	52	0	0	0	0	0	0	0	0	0	0	0	0	0	0	0	0	0	56	0	0	0	0	0	0	0	0	0	0	0	0	0	0	0	0	0	0	0	0	0	0	0	0	0	0	0	0	0	0	0	0.0	0.0	0.0	0.0	0.000345	0.0	0.0	0.0	0.0	0.0	0.0	0.0	0.0	1.0	0.0	0.0	0.0	0.0	
111	111	3304.101041568	10445.074	10445.074	0.174064	0.003199	0	0	0	0	109	0	0	0	0	0.0	0.0	0.0	0.0	0.275005	0.0	0.0	0.0	0.0	0.0	0.0	0.0	0.0	3230.58	0.0	0.0	0.0	0.0	0.0	0.0	0.0	0.0	29.6383	0.0	0.0	0.0	0.0	0	0	0	0	52	0	0	0	0	0	0	0	0	0	0	0	0	0	0	0	0	0	57	0	0	0	0	0	0	0	0	0	0	0	0	0	0	0	0	0	0	0	0	0	0	0	0	0	0	0	0	0	0	0	0.0	0.0	0.0	0.0	0.000313	0.0	0.0	0.0	0.0	0.0	0.0	0.0	0.0	1.0	0.0	0.0	0.0	0.0	
112	112	3324.421171818	10445.074	10445.074	0.168651	0.00266	0	0	0	0	110	0	0	0	0	0.0	0.0	0.0	0.0	0.247505	0.0	0.0	0.0	0.0	0.0	0.0	0.0	0.0	3250.9	0.0	0.0	0.0	0.0	0.0	0.0	0.0	0.0	29.5536	0.0	0.0	0.0	0.0	0	0	0	0	52	0	0	0	0	0	0	0	0	0	0	0	0	0	0	0	0	0	58	0	0	0	0	0	0	0	0	0	0	0	0	0	0	0	0	0	0	0	0	0	0	0	0	0	0	0	0	0	0	0	0.0	0.0	0.0	0.0	0.000283	0.0	0.0	0.0	0.0	0.0	0.0	0.0	0.0	1.0	0.0	0.0	0.0	0.0	
113	113	3346.861494236	10445.074	10445.074	0.162157	0.002098	0	0	0	0	111	0	0	0	0	0.0	0.0	0.0	0.0	0.222754	0.0	0.0	0.0	0.0	0.0	0.0	0.0	0.0	3273.34	0.0	0.0	0.0	0.0	0.0	0.0	0.0	0.0	29.4895	0.0	0.0	0.0	0.0	0	0	0	0	52	0	0	0	0	0	0	0	0	0	0	0	0	0	0	0	0	0	59	0	0	0	0	0	0	0	0	0	0	0	0	0	0	0	0	0	0	0	0	0	0	0	0	0	0	0	0	0	0	0	0.0	0.0	0.0	0.0	0.000256	0.0	0.0	0.0	0.0	0.0	0.0	0.0	0.0	1.0	0.0	0.0	0.0	0.0	
114	114	3361.414107255	10445.074	10445.074	0.155275	0.001596	0	0	0	0	112	0	0	0	0	0.0	0.0	0.0	0.0	0.200479	0.0	0.0	0.0	0.0	0.0	0.0	0.0	0.0	3287.89	0.0	0.0	0.0	0.0	0.0	0.0	0.0	0.0	29.3561	0.0	0.0	0.0	0.0	0	0	0	0	52	0	0	0	0	0	0	0	0	0	0	0	0	0	0	0	0	0	60	0	0	0	0	0	0	0	0	0	0	0	0	0	0	0	0	0	0	0	0	0	0	0	0	0	0	0	0	0	0	0	0.0	0.0	0.0	0.0	0.000233	0.0	0.0	0.0	0.0	0.0	0.0	0.0	0.0	1.0	0.0	0.0	0.0	0.0	
115	115	3375.850658847	10445.074	10445.074	0.15097	0.001328	0	0	0	0	113	0	0	0	0	0.0	0.0	0.0	0.0	0.180431	0.0	0.0	0.0	0.0	0.0	0.0	0.0	0.0	3302.32	0.0	0.0	0.0	0.0	0.0	0.0	0.0	0.0	29.2241	0.0	0.0	0.0	0.0	0	0	0	0	52	0	0	0	0	0	0	0	0	0	0	0	0	0	0	0	0	0	61	0	0	0	0	0	0	0	0	0	0	0	0	0	0	0	0	0	0	0	0	0	0	0	0	0	0	0	0	0	0	0	0.0	0.0	0.0	0.0	0.000211	0.0	0.0	0.0	0.0	0.0	0.0	0.0	0.0	1.0	0.0	0.0	0.0	0.0	
116	116	3403.078218011	10445.074	10445.074	0.146816	0.001101	0	0	0	0	114	0	0	0	0	0.0	0.0	0.0	0.0	0.162388	0.0	0.0	0.0	0.0	0.0	0.0	0.0	0.0	3329.55	0.0	0.0	0.0	0.0	0.0	0.0	0.0	0.0	29.2066	0.0	0.0	0.0	0.0	0	0	0	0	52	0	0	0	0	0	0	0	0	0	0	0	0	0	0	0	0	0	62	0	0	0	0	0	0	0	0	0	0	0	0	0	0	0	0	0	0	0	0	0	0	0	0	0	0	0	0	0	0	0	0.0	0.0	0.0	0.0	0.00019	0.0	0.0	0.0	0.0	0.0	0.0	0.0	0.0	1.0	0.0	0.0	0.0	0.0	
117	117	3417.654619135	10445.074	10445.074	0.139291	0.000762	0	0	0	0	115	0	0	0	0	0.0	0.0	0.0	0.0	0.146149	0.0	0.0	0.0	0.0	0.0	0.0	0.0	0.0	3344.13	0.0	0.0	0.0	0.0	0.0	0.0	0.0	0.0	29.0794	0.0	0.0	0.0	0.0	0	0	0	0	52	0	0	0	0	0	0	0	0	0	0	0	0	0	0	0	0	0	63	0	0	0	0	0	0	0	0	0	0	0	0	0	0	0	0	0	0	0	0	0	0	0	0	0	0	0	0	0	0	0	0.0	0.0	0.0	0.0	0.000173	0.0	0.0	0.0	0.0	0.0	0.0	0.0	0.0	1.0	0.0	0.0	0.0	0.0	
118	118	3434.596342786	10443.074	10443.074	0.135422	0.000621	0	0	0	0	116	0	0	0	0	0.0	0.0	0.0	0.0	0.231534	0.0	0.0	0.0	0.0	0.0	0.0	0.0	0.0	3361.07	0.0	0.0	0.0	0.0	0.0	0.0	0.0	0.0	28.9747	0.0	0.0	0.0	0.0	0	0	0	0	53	0	0	0	0	0	0	0	0	0	0	0	0	0	0	0	0	0	63	0	0	0	0	0	0	0	0	0	0	0	0	0	0	0	0	0	0	0	0	0	0	0	0	0	0	0	0	0	0	0	0.0	0.0	0.0	0.0	0.000276	0.0	0.0	0.0	0.0	0.0	0.0	0.0	0.0	1.0	0.0	0.0	0.0	0.0	
119	119	3452.760751788	10443.074	10443.074	0.13106	0.000486	0	0	0	0	117	0	0	0	0	0.0	0.0	0.0	0.0	0.208381	0.0	0.0	0.0	0.0	0.0	0.0	0.0	0.0	3379.23	0.0	0.0	0.0	0.0	0.0	0.0	0.0	0.0	28.8823	0.0	0.0	0.0	0.0	0	0	0	0	53	0	0	0	0	0	0	0	0	0	0	0	0	0	0	0	0	0	64	0	0	0	0	0	0	0	0	0	0	0	0	0	0	0	0	0	0	0	0	0	0	0	0	0	0	0	0	0	0	0	0.0	0.0	0.0	0.0	0.00025	0.0	0.0	0.0	0.0	0.0	0.0	0.0	0.0	1.0	0.0	0.0	0.0	0.0	
120	120	3633.545814569	10443.074	10443.074	0.126539	0.00037	0	0	0	0	118	0	0	0	0	0.0	0.0	0.0	0.0	0.187543	0.0	0.0	0.0	0.0	0.0	0.0	0.0	0.0	3560.02	0.0	0.0	0.0	0.0	0.0	0.0	0.0	0.0	30.1697	0.0	0.0	0.0	0.0	0	0	0	0	53	0	0	0	0	0	0	0	0	0	0	0	0	0	0	0	0	0	65	0	0	0	0	0	0	0	0	0	0	0	0	0	0	0	0	0	0	0	0	0	0	0	0	0	0	0	0	0	0	0	0.0	0.0	0.0	0.0	0.000206	0.0	0.0	0.0	0.0	0.0	0.0	0.0	0.0	1.0	0.0	0.0	0.0	0.0	
121	121	3652.387446945	10442.074	10442.074	0.089228	1.4e-5	0	0	0	0	119	0	0	0	0	0.0	0.0	0.0	0.0	0.268788	0.0	0.0	0.0	0.0	0.0	0.0	0.0	0.0	3578.86	0.0	0.0	0.0	0.0	0.0	0.0	0.0	0.0	30.0745	0.0	0.0	0.0	0.0	0	0	0	0	54	0	0	0	0	0	0	0	0	0	0	0	0	0	0	0	0	0	65	0	0	0	0	0	0	0	0	0	0	0	0	0	0	0	0	0	0	0	0	0	0	0	0	0	0	0	0	0	0	0	0.0	0.0	0.0	0.0	0.000297	0.0	0.0	0.0	0.0	0.0	0.0	0.0	0.0	1.0	0.0	0.0	0.0	0.0	
122	122	3666.84764748	10442.074	10442.074	0.086037	9.0e-6	0	0	0	0	120	0	0	0	0	0.0	0.0	0.0	0.0	0.24191	0.0	0.0	0.0	0.0	0.0	0.0	0.0	0.0	3593.32	0.0	0.0	0.0	0.0	0.0	0.0	0.0	0.0	29.9443	0.0	0.0	0.0	0.0	0	0	0	0	54	0	0	0	0	0	0	0	0	0	0	0	0	0	0	0	0	0	66	0	0	0	0	0	0	0	0	0	0	0	0	0	0	0	0	0	0	0	0	0	0	0	0	0	0	0	0	0	0	0	0.0	0.0	0.0	0.0	0.00027	0.0	0.0	0.0	0.0	0.0	0.0	0.0	0.0	1.0	0.0	0.0	0.0	0.0	
123	123	3690.146177213	10442.074	10442.074	0.083666	6.0e-6	0	0	0	0	121	0	0	0	0	0.0	0.0	0.0	0.0	0.217719	0.0	0.0	0.0	0.0	0.0	0.0	0.0	0.0	3616.62	0.0	0.0	0.0	0.0	0.0	0.0	0.0	0.0	29.8894	0.0	0.0	0.0	0.0	0	0	0	0	54	0	0	0	0	0	0	0	0	0	0	0	0	0	0	0	0	0	67	0	0	0	0	0	0	0	0	0	0	0	0	0	0	0	0	0	0	0	0	0	0	0	0	0	0	0	0	0	0	0	0.0	0.0	0.0	0.0	0.000244	0.0	0.0	0.0	0.0	0.0	0.0	0.0	0.0	1.0	0.0	0.0	0.0	0.0	
124	124	3706.892408415	10442.074	10442.074	0.079983	4.0e-6	0	0	0	0	122	0	0	0	0	0.0	0.0	0.0	0.0	0.195947	0.0	0.0	0.0	0.0	0.0	0.0	0.0	0.0	3633.37	0.0	0.0	0.0	0.0	0.0	0.0	0.0	0.0	29.7817	0.0	0.0	0.0	0.0	0	0	0	0	54	0	0	0	0	0	0	0	0	0	0	0	0	0	0	0	0	0	68	0	0	0	0	0	0	0	0	0	0	0	0	0	0	0	0	0	0	0	0	0	0	0	0	0	0	0	0	0	0	0	0.0	0.0	0.0	0.0	0.000221	0.0	0.0	0.0	0.0	0.0	0.0	0.0	0.0	1.0	0.0	0.0	0.0	0.0	
125	125	3721.282888773	10442.074	10442.074	0.077436	2.0e-6	0	0	0	0	123	0	0	0	0	0.0	0.0	0.0	0.0	0.176352	0.0	0.0	0.0	0.0	0.0	0.0	0.0	0.0	3647.76	0.0	0.0	0.0	0.0	0.0	0.0	0.0	0.0	29.6566	0.0	0.0	0.0	0.0	0	0	0	0	54	0	0	0	0	0	0	0	0	0	0	0	0	0	0	0	0	0	69	0	0	0	0	0	0	0	0	0	0	0	0	0	0	0	0	0	0	0	0	0	0	0	0	0	0	0	0	0	0	0	0.0	0.0	0.0	0.0	0.000201	0.0	0.0	0.0	0.0	0.0	0.0	0.0	0.0	1.0	0.0	0.0	0.0	0.0	
126	126	3742.650781166	10442.074	10442.074	0.075312	2.0e-6	0	0	0	0	124	0	0	0	0	0.0	0.0	0.0	0.0	0.158717	0.0	0.0	0.0	0.0	0.0	0.0	0.0	0.0	3669.12	0.0	0.0	0.0	0.0	0.0	0.0	0.0	0.0	29.5897	0.0	0.0	0.0	0.0	0	0	0	0	54	0	0	0	0	0	0	0	0	0	0	0	0	0	0	0	0	0	70	0	0	0	0	0	0	0	0	0	0	0	0	0	0	0	0	0	0	0	0	0	0	0	0	0	0	0	0	0	0	0	0.0	0.0	0.0	0.0	0.000181	0.0	0.0	0.0	0.0	0.0	0.0	0.0	0.0	1.0	0.0	0.0	0.0	0.0	
127	127	3771.09875504	10442.074	10442.074	0.072266	1.0e-6	0	0	0	0	125	0	0	0	0	0.0	0.0	0.0	0.0	0.142845	0.0	0.0	0.0	0.0	0.0	0.0	0.0	0.0	3697.57	0.0	0.0	0.0	0.0	0.0	0.0	0.0	0.0	29.5806	0.0	0.0	0.0	0.0	0	0	0	0	54	0	0	0	0	0	0	0	0	0	0	0	0	0	0	0	0	0	71	0	0	0	0	0	0	0	0	0	0	0	0	0	0	0	0	0	0	0	0	0	0	0	0	0	0	0	0	0	0	0	0.0	0.0	0.0	0.0	0.000163	0.0	0.0	0.0	0.0	0.0	0.0	0.0	0.0	1.0	0.0	0.0	0.0	0.0	
128	128	3787.699494785	10442.074	10442.074	0.0684	0.0	0	0	0	0	126	0	0	0	0	0.0	0.0	0.0	0.0	0.128561	0.0	0.0	0.0	0.0	0.0	0.0	0.0	0.0	3714.17	0.0	0.0	0.0	0.0	0.0	0.0	0.0	0.0	29.4776	0.0	0.0	0.0	0.0	0	0	0	0	54	0	0	0	0	0	0	0	0	0	0	0	0	0	0	0	0	0	72	0	0	0	0	0	0	0	0	0	0	0	0	0	0	0	0	0	0	0	0	0	0	0	0	0	0	0	0	0	0	0	0.0	0.0	0.0	0.0	0.000148	0.0	0.0	0.0	0.0	0.0	0.0	0.0	0.0	1.0	0.0	0.0	0.0	0.0	
129	129	3802.211184957	10442.074	10442.074	0.06624	0.0	0	0	0	0	127	0	0	0	0	0.0	0.0	0.0	0.0	0.115705	0.0	0.0	0.0	0.0	0.0	0.0	0.0	0.0	3728.69	0.0	0.0	0.0	0.0	0.0	0.0	0.0	0.0	29.3597	0.0	0.0	0.0	0.0	0	0	0	0	54	0	0	0	0	0	0	0	0	0	0	0	0	0	0	0	0	0	73	0	0	0	0	0	0	0	0	0	0	0	0	0	0	0	0	0	0	0	0	0	0	0	0	0	0	0	0	0	0	0	0.0	0.0	0.0	0.0	0.000134	0.0	0.0	0.0	0.0	0.0	0.0	0.0	0.0	1.0	0.0	0.0	0.0	0.0	
130	130	3824.855955045	10442.074	10442.074	0.064409	0.0	0	0	0	0	128	0	0	0	0	0.0	0.0	0.0	0.0	0.104134	0.0	0.0	0.0	0.0	0.0	0.0	0.0	0.0	3751.33	0.0	0.0	0.0	0.0	0.0	0.0	0.0	0.0	29.3073	0.0	0.0	0.0	0.0	0	0	0	0	54	0	0	0	0	0	0	0	0	0	0	0	0	0	0	0	0	0	74	0	0	0	0	0	0	0	0	0	0	0	0	0	0	0	0	0	0	0	0	0	0	0	0	0	0	0	0	0	0	0	0.0	0.0	0.0	0.0	0.000121	0.0	0.0	0.0	0.0	0.0	0.0	0.0	0.0	1.0	0.0	0.0	0.0	0.0	
131	131	3849.856135184	10442.074	10442.074	0.061651	0.0	0	0	0	0	129	0	0	0	0	0.0	0.0	0.0	0.0	0.093721	0.0	0.0	0.0	0.0	0.0	0.0	0.0	0.0	3776.33	0.0	0.0	0.0	0.0	0.0	0.0	0.0	0.0	29.2739	0.0	0.0	0.0	0.0	0	0	0	0	54	0	0	0	0	0	0	0	0	0	0	0	0	0	0	0	0	0	75	0	0	0	0	0	0	0	0	0	0	0	0	0	0	0	0	0	0	0	0	0	0	0	0	0	0	0	0	0	0	0	0.0	0.0	0.0	0.0	0.000109	0.0	0.0	0.0	0.0	0.0	0.0	0.0	0.0	1.0	0.0	0.0	0.0	0.0	
132	132	3864.418390784	10442.074	10442.074	0.058743	0.0	0	0	0	0	130	0	0	0	0	0.0	0.0	0.0	0.0	0.084349	0.0	0.0	0.0	0.0	0.0	0.0	0.0	0.0	3790.89	0.0	0.0	0.0	0.0	0.0	0.0	0.0	0.0	29.1607	0.0	0.0	0.0	0.0	0	0	0	0	54	0	0	0	0	0	0	0	0	0	0	0	0	0	0	0	0	0	76	0	0	0	0	0	0	0	0	0	0	0	0	0	0	0	0	0	0	0	0	0	0	0	0	0	0	0	0	0	0	0	0.0	0.0	0.0	0.0	9.9e-5	0.0	0.0	0.0	0.0	0.0	0.0	0.0	0.0	1.0	0.0	0.0	0.0	0.0	
133	133	3878.808106385	10442.074	10442.074	0.057113	0.0	0	0	0	0	131	0	0	0	0	0.0	0.0	0.0	0.0	0.075914	0.0	0.0	0.0	0.0	0.0	0.0	0.0	0.0	3805.28	0.0	0.0	0.0	0.0	0.0	0.0	0.0	0.0	29.048	0.0	0.0	0.0	0.0	0	0	0	0	54	0	0	0	0	0	0	0	0	0	0	0	0	0	0	0	0	0	77	0	0	0	0	0	0	0	0	0	0	0	0	0	0	0	0	0	0	0	0	0	0	0	0	0	0	0	0	0	0	0	0.0	0.0	0.0	0.0	9.0e-5	0.0	0.0	0.0	0.0	0.0	0.0	0.0	0.0	1.0	0.0	0.0	0.0	0.0	
134	134	3893.333575787	10442.074	10442.074	0.055547	0.0	0	0	0	0	132	0	0	0	0	0.0	0.0	0.0	0.0	0.068322	0.0	0.0	0.0	0.0	0.0	0.0	0.0	0.0	3819.81	0.0	0.0	0.0	0.0	0.0	0.0	0.0	0.0	28.9379	0.0	0.0	0.0	0.0	0	0	0	0	54	0	0	0	0	0	0	0	0	0	0	0	0	0	0	0	0	0	78	0	0	0	0	0	0	0	0	0	0	0	0	0	0	0	0	0	0	0	0	0	0	0	0	0	0	0	0	0	0	0	0.0	0.0	0.0	0.0	8.2e-5	0.0	0.0	0.0	0.0	0.0	0.0	0.0	0.0	1.0	0.0	0.0	0.0	0.0	
135	135	3940.279947149	10404.882	10404.882	0.054009	0.0	0	0	0	0	133	0	0	0	0	0.0	0.0	0.0	0.0	0.16149	0.0	0.0	0.0	0.0	0.0	0.0	0.0	0.0	3866.75	0.0	0.0	0.0	0.0	0.0	0.0	0.0	0.0	29.0733	0.0	0.0	0.0	0.0	0	0	0	0	55	0	0	0	0	0	0	0	0	0	0	0	0	0	0	0	0	0	78	0	0	0	0	0	0	0	0	0	0	0	0	0	0	0	0	0	0	0	0	0	0	0	0	0	0	0	0	0	0	0	0.0	0.0	0.0	0.0	0.000191	0.0	0.0	0.0	0.0	0.0	0.0	0.0	0.0	1.0	0.0	0.0	0.0	0.0	
136	136	3965.370112134	10374.382	10374.382	0.049325	0.0	0	0	0	0	134	0	0	0	0	0.0	0.0	0.0	0.0	0.245341	0.0	0.0	0.0	0.0	0.0	0.0	0.0	0.0	3891.84	0.0	0.0	0.0	0.0	0.0	0.0	0.0	0.0	29.0436	0.0	0.0	0.0	0.0	0	0	0	0	56	0	0	0	0	0	0	0	0	0	0	0	0	0	0	0	0	0	78	0	0	0	0	0	0	0	0	0	0	0	0	0	0	0	0	0	0	0	0	0	0	0	0	0	0	0	0	0	0	0	0.0	0.0	0.0	0.0	0.000291	0.0	0.0	0.0	0.0	0.0	0.0	0.0	0.0	1.0	0.0	0.0	0.0	0.0	
137	137	3982.719905537	10374.382	10374.382	0.046991	0.0	0	0	0	0	135	0	0	0	0	0.0	0.0	0.0	0.0	0.220807	0.0	0.0	0.0	0.0	0.0	0.0	0.0	0.0	3909.19	0.0	0.0	0.0	0.0	0.0	0.0	0.0	0.0	28.957	0.0	0.0	0.0	0.0	0	0	0	0	56	0	0	0	0	0	0	0	0	0	0	0	0	0	0	0	0	0	79	0	0	0	0	0	0	0	0	0	0	0	0	0	0	0	0	0	0	0	0	0	0	0	0	0	0	0	0	0	0	0	0.0	0.0	0.0	0.0	0.000263	0.0	0.0	0.0	0.0	0.0	0.0	0.0	0.0	1.0	0.0	0.0	0.0	0.0	
138	138	3999.587941428	10374.382	10374.382	0.045441	0.0	0	0	0	0	136	0	0	0	0	0.0	0.0	0.0	0.0	0.198726	0.0	0.0	0.0	0.0	0.0	0.0	0.0	0.0	3926.06	0.0	0.0	0.0	0.0	0.0	0.0	0.0	0.0	28.8681	0.0	0.0	0.0	0.0	0	0	0	0	56	0	0	0	0	0	0	0	0	0	0	0	0	0	0	0	0	0	80	0	0	0	0	0	0	0	0	0	0	0	0	0	0	0	0	0	0	0	0	0	0	0	0	0	0	0	0	0	0	0	0.0	0.0	0.0	0.0	0.000238	0.0	0.0	0.0	0.0	0.0	0.0	0.0	0.0	1.0	0.0	0.0	0.0	0.0	
139	139	4016.429692235	10374.382	10374.382	0.043984	0.0	0	0	0	0	137	0	0	0	0	0.0	0.0	0.0	0.0	0.178854	0.0	0.0	0.0	0.0	0.0	0.0	0.0	0.0	3942.9	0.0	0.0	0.0	0.0	0.0	0.0	0.0	0.0	28.7803	0.0	0.0	0.0	0.0	0	0	0	0	56	0	0	0	0	0	0	0	0	0	0	0	0	0	0	0	0	0	81	0	0	0	0	0	0	0	0	0	0	0	0	0	0	0	0	0	0	0	0	0	0	0	0	0	0	0	0	0	0	0	0.0	0.0	0.0	0.0	0.000216	0.0	0.0	0.0	0.0	0.0	0.0	0.0	0.0	1.0	0.0	0.0	0.0	0.0	
140	140	4033.914595849	10374.382	10374.382	0.042575	0.0	0	0	0	0	138	0	0	0	0	0.0	0.0	0.0	0.0	0.160968	0.0	0.0	0.0	0.0	0.0	0.0	0.0	0.0	3960.39	0.0	0.0	0.0	0.0	0.0	0.0	0.0	0.0	28.6985	0.0	0.0	0.0	0.0	0	0	0	0	56	0	0	0	0	0	0	0	0	0	0	0	0	0	0	0	0	0	82	0	0	0	0	0	0	0	0	0	0	0	0	0	0	0	0	0	0	0	0	0	0	0	0	0	0	0	0	0	0	0	0.0	0.0	0.0	0.0	0.000195	0.0	0.0	0.0	0.0	0.0	0.0	0.0	0.0	1.0	0.0	0.0	0.0	0.0	
141	141	4065.17992507	10360.382	10360.382	0.041161	0.0	0	0	0	0	139	0	0	0	0	0.0	0.0	0.0	0.0	0.244872	0.0	0.0	0.0	0.0	0.0	0.0	0.0	0.0	3991.65	0.0	0.0	0.0	0.0	0.0	0.0	0.0	0.0	28.7169	0.0	0.0	0.0	0.0	0	0	0	0	57	0	0	0	0	0	0	0	0	0	0	0	0	0	0	0	0	0	82	0	0	0	0	0	0	0	0	0	0	0	0	0	0	0	0	0	0	0	0	0	0	0	0	0	0	0	0	0	0	0	0.0	0.0	0.0	0.0	0.000297	0.0	0.0	0.0	0.0	0.0	0.0	0.0	0.0	1.0	0.0	0.0	0.0	0.0	
142	142	4082.80413566	10352.132	10352.132	0.038748	0.0	0	0	0	0	140	0	0	0	0	0.0	0.0	0.0	0.0	0.320384	0.0	0.0	0.0	0.0	0.0	0.0	0.0	0.0	4009.28	0.0	0.0	0.0	0.0	0.0	0.0	0.0	0.0	28.6377	0.0	0.0	0.0	0.0	0	0	0	0	58	0	0	0	0	0	0	0	0	0	0	0	0	0	0	0	0	0	82	0	0	0	0	0	0	0	0	0	0	0	0	0	0	0	0	0	0	0	0	0	0	0	0	0	0	0	0	0	0	0	0.0	0.0	0.0	0.0	0.000391	0.0	0.0	0.0	0.0	0.0	0.0	0.0	0.0	1.0	0.0	0.0	0.0	0.0	
143	143	4104.573699772	10349.132	10349.132	0.03745	0.0	0	0	0	0	141	0	0	0	0	0.0	0.0	0.0	0.0	0.388346	0.0	0.0	0.0	0.0	0.0	0.0	0.0	0.0	4031.05	0.0	0.0	0.0	0.0	0.0	0.0	0.0	0.0	28.589	0.0	0.0	0.0	0.0	0	0	0	0	59	0	0	0	0	0	0	0	0	0	0	0	0	0	0	0	0	0	82	0	0	0	0	0	0	0	0	0	0	0	0	0	0	0	0	0	0	0	0	0	0	0	0	0	0	0	0	0	0	0	0.0	0.0	0.0	0.0	0.000475	0.0	0.0	0.0	0.0	0.0	0.0	0.0	0.0	1.0	0.0	0.0	0.0	0.0	
144	144	4126.373078363	10349.132	10349.132	0.035907	0.0	0	0	0	0	142	0	0	0	0	0.0	0.0	0.0	0.0	0.349511	0.0	0.0	0.0	0.0	0.0	0.0	0.0	0.0	4052.85	0.0	0.0	0.0	0.0	0.0	0.0	0.0	0.0	28.5412	0.0	0.0	0.0	0.0	0	0	0	0	59	0	0	0	0	0	0	0	0	0	0	0	0	0	0	0	0	0	83	0	0	0	0	0	0	0	0	0	0	0	0	0	0	0	0	0	0	0	0	0	0	0	0	0	0	0	0	0	0	0	0.0	0.0	0.0	0.0	0.000429	0.0	0.0	0.0	0.0	0.0	0.0	0.0	0.0	1.0	0.0	0.0	0.0	0.0	
145	145	4149.396652537	10349.132	10349.132	0.034426	0.0	0	0	0	0	143	0	0	0	0	0.0	0.0	0.0	0.0	0.31456	0.0	0.0	0.0	0.0	0.0	0.0	0.0	0.0	4075.87	0.0	0.0	0.0	0.0	0.0	0.0	0.0	0.0	28.5026	0.0	0.0	0.0	0.0	0	0	0	0	59	0	0	0	0	0	0	0	0	0	0	0	0	0	0	0	0	0	84	0	0	0	0	0	0	0	0	0	0	0	0	0	0	0	0	0	0	0	0	0	0	0	0	0	0	0	0	0	0	0	0.0	0.0	0.0	0.0	0.000387	0.0	0.0	0.0	0.0	0.0	0.0	0.0	0.0	1.0	0.0	0.0	0.0	0.0	
146	146	4167.887913017	10349.132	10349.132	0.032928	0.0	0	0	0	0	144	0	0	0	0	0.0	0.0	0.0	0.0	0.283104	0.0	0.0	0.0	0.0	0.0	0.0	0.0	0.0	4094.36	0.0	0.0	0.0	0.0	0.0	0.0	0.0	0.0	28.4331	0.0	0.0	0.0	0.0	0	0	0	0	59	0	0	0	0	0	0	0	0	0	0	0	0	0	0	0	0	0	85	0	0	0	0	0	0	0	0	0	0	0	0	0	0	0	0	0	0	0	0	0	0	0	0	0	0	0	0	0	0	0	0.0	0.0	0.0	0.0	0.00035	0.0	0.0	0.0	0.0	0.0	0.0	0.0	0.0	1.0	0.0	0.0	0.0	0.0	
147	147	4187.153412418	10349.132	10349.132	0.031772	0.0	0	0	0	0	145	0	0	0	0	0.0	0.0	0.0	0.0	0.254794	0.0	0.0	0.0	0.0	0.0	0.0	0.0	0.0	4113.63	0.0	0.0	0.0	0.0	0.0	0.0	0.0	0.0	28.3698	0.0	0.0	0.0	0.0	0	0	0	0	59	0	0	0	0	0	0	0	0	0	0	0	0	0	0	0	0	0	86	0	0	0	0	0	0	0	0	0	0	0	0	0	0	0	0	0	0	0	0	0	0	0	0	0	0	0	0	0	0	0	0.0	0.0	0.0	0.0	0.000317	0.0	0.0	0.0	0.0	0.0	0.0	0.0	0.0	1.0	0.0	0.0	0.0	0.0	
148	148	4219.36889417	10341.632	10341.632	0.030611	0.0	0	0	0	0	146	0	0	0	0	0.0	0.0	0.0	0.0	0.329314	0.0	0.0	0.0	0.0	0.0	0.0	0.0	0.0	4145.84	0.0	0.0	0.0	0.0	0.0	0.0	0.0	0.0	28.3962	0.0	0.0	0.0	0.0	0	0	0	0	60	0	0	0	0	0	0	0	0	0	0	0	0	0	0	0	0	0	86	0	0	0	0	0	0	0	0	0	0	0	0	0	0	0	0	0	0	0	0	0	0	0	0	0	0	0	0	0	0	0	0.0	0.0	0.0	0.0	0.000408	0.0	0.0	0.0	0.0	0.0	0.0	0.0	0.0	1.0	0.0	0.0	0.0	0.0	
149	149	4235.561672854	10341.632	10341.632	0.028763	0.0	0	0	0	0	147	0	0	0	0	0.0	0.0	0.0	0.0	0.296383	0.0	0.0	0.0	0.0	0.0	0.0	0.0	0.0	4162.04	0.0	0.0	0.0	0.0	0.0	0.0	0.0	0.0	28.3132	0.0	0.0	0.0	0.0	0	0	0	0	60	0	0	0	0	0	0	0	0	0	0	0	0	0	0	0	0	0	87	0	0	0	0	0	0	0	0	0	0	0	0	0	0	0	0	0	0	0	0	0	0	0	0	0	0	0	0	0	0	0	0.0	0.0	0.0	0.0	0.00037	0.0	0.0	0.0	0.0	0.0	0.0	0.0	0.0	1.0	0.0	0.0	0.0	0.0	
150	150	4249.555477865	10341.632	10341.632	0.027877	0.0	0	0	0	0	148	0	0	0	0	0.0	0.0	0.0	0.0	0.266745	0.0	0.0	0.0	0.0	0.0	0.0	0.0	0.0	4176.03	0.0	0.0	0.0	0.0	0.0	0.0	0.0	0.0	28.2164	0.0	0.0	0.0	0.0	0	0	0	0	60	0	0	0	0	0	0	0	0	0	0	0	0	0	0	0	0	0	88	0	0	0	0	0	0	0	0	0	0	0	0	0	0	0	0	0	0	0	0	0	0	0	0	0	0	0	0	0	0	0	0.0	0.0	0.0	0.0	0.000335	0.0	0.0	0.0	0.0	0.0	0.0	0.0	0.0	1.0	0.0	0.0	0.0	0.0	
151	151	4272.81873428	10341.632	10341.632	0.027134	0.0	0	0	0	0	149	0	0	0	0	0.0	0.0	0.0	0.0	0.24007	0.0	0.0	0.0	0.0	0.0	0.0	0.0	0.0	4199.29	0.0	0.0	0.0	0.0	0.0	0.0	0.0	0.0	28.1832	0.0	0.0	0.0	0.0	0	0	0	0	60	0	0	0	0	0	0	0	0	0	0	0	0	0	0	0	0	0	89	0	0	0	0	0	0	0	0	0	0	0	0	0	0	0	0	0	0	0	0	0	0	0	0	0	0	0	0	0	0	0	0.0	0.0	0.0	0.0	0.000302	0.0	0.0	0.0	0.0	0.0	0.0	0.0	0.0	1.0	0.0	0.0	0.0	0.0	
152	152	4288.567019625	10325.132	10325.132	0.025941	0.0	0	0	0	0	150	0	0	0	0	0.0	0.0	0.0	0.0	0.316063	0.0	0.0	0.0	0.0	0.0	0.0	0.0	0.0	4215.04	0.0	0.0	0.0	0.0	0.0	0.0	0.0	0.0	28.1003	0.0	0.0	0.0	0.0	0	0	0	0	61	0	0	0	0	0	0	0	0	0	0	0	0	0	0	0	0	0	89	0	0	0	0	0	0	0	0	0	0	0	0	0	0	0	0	0	0	0	0	0	0	0	0	0	0	0	0	0	0	0	0.0	0.0	0.0	0.0	0.0004	0.0	0.0	0.0	0.0	0.0	0.0	0.0	0.0	1.0	0.0	0.0	0.0	0.0	
153	153	4304.17266752	10325.132	10325.132	0.025163	0.0	0	0	0	0	151	0	0	0	0	0.0	0.0	0.0	0.0	0.284457	0.0	0.0	0.0	0.0	0.0	0.0	0.0	0.0	4230.65	0.0	0.0	0.0	0.0	0.0	0.0	0.0	0.0	28.0175	0.0	0.0	0.0	0.0	0	0	0	0	61	0	0	0	0	0	0	0	0	0	0	0	0	0	0	0	0	0	90	0	0	0	0	0	0	0	0	0	0	0	0	0	0	0	0	0	0	0	0	0	0	0	0	0	0	0	0	0	0	0	0.0	0.0	0.0	0.0	0.000362	0.0	0.0	0.0	0.0	0.0	0.0	0.0	0.0	1.0	0.0	0.0	0.0	0.0	
154	154	4318.148898435	10325.132	10325.132	0.024416	0.0	0	0	0	0	152	0	0	0	0	0.0	0.0	0.0	0.0	0.256011	0.0	0.0	0.0	0.0	0.0	0.0	0.0	0.0	4244.62	0.0	0.0	0.0	0.0	0.0	0.0	0.0	0.0	27.9251	0.0	0.0	0.0	0.0	0	0	0	0	61	0	0	0	0	0	0	0	0	0	0	0	0	0	0	0	0	0	91	0	0	0	0	0	0	0	0	0	0	0	0	0	0	0	0	0	0	0	0	0	0	0	0	0	0	0	0	0	0	0	0.0	0.0	0.0	0.0	0.000328	0.0	0.0	0.0	0.0	0.0	0.0	0.0	0.0	1.0	0.0	0.0	0.0	0.0	
155	155	4335.796762151	10325.132	10325.132	0.023765	0.0	0	0	0	0	153	0	0	0	0	0.0	0.0	0.0	0.0	0.23041	0.0	0.0	0.0	0.0	0.0	0.0	0.0	0.0	4262.27	0.0	0.0	0.0	0.0	0.0	0.0	0.0	0.0	27.858	0.0	0.0	0.0	0.0	0	0	0	0	61	0	0	0	0	0	0	0	0	0	0	0	0	0	0	0	0	0	92	0	0	0	0	0	0	0	0	0	0	0	0	0	0	0	0	0	0	0	0	0	0	0	0	0	0	0	0	0	0	0	0.0	0.0	0.0	0.0	0.000297	0.0	0.0	0.0	0.0	0.0	0.0	0.0	0.0	1.0	0.0	0.0	0.0	0.0	
156	156	4356.076834307	10325.132	10325.132	0.022968	0.0	0	0	0	0	154	0	0	0	0	0.0	0.0	0.0	0.0	0.207369	0.0	0.0	0.0	0.0	0.0	0.0	0.0	0.0	4282.55	0.0	0.0	0.0	0.0	0.0	0.0	0.0	0.0	27.8088	0.0	0.0	0.0	0.0	0	0	0	0	61	0	0	0	0	0	0	0	0	0	0	0	0	0	0	0	0	0	93	0	0	0	0	0	0	0	0	0	0	0	0	0	0	0	0	0	0	0	0	0	0	0	0	0	0	0	0	0	0	0	0.0	0.0	0.0	0.0	0.000268	0.0	0.0	0.0	0.0	0.0	0.0	0.0	0.0	1.0	0.0	0.0	0.0	0.0	
157	157	4369.8957229	10325.132	10325.132	0.022085	0.0	0	0	0	0	155	0	0	0	0	0.0	0.0	0.0	0.0	0.186632	0.0	0.0	0.0	0.0	0.0	0.0	0.0	0.0	4296.37	0.0	0.0	0.0	0.0	0.0	0.0	0.0	0.0	27.7185	0.0	0.0	0.0	0.0	0	0	0	0	61	0	0	0	0	0	0	0	0	0	0	0	0	0	0	0	0	0	94	0	0	0	0	0	0	0	0	0	0	0	0	0	0	0	0	0	0	0	0	0	0	0	0	0	0	0	0	0	0	0	0.0	0.0	0.0	0.0	0.000243	0.0	0.0	0.0	0.0	0.0	0.0	0.0	0.0	1.0	0.0	0.0	0.0	0.0	
158	158	4392.165248815	10325.132	10325.132	0.021503	0.0	0	0	0	0	156	0	0	0	0	0.0	0.0	0.0	0.0	0.167969	0.0	0.0	0.0	0.0	0.0	0.0	0.0	0.0	4318.64	0.0	0.0	0.0	0.0	0.0	0.0	0.0	0.0	27.6836	0.0	0.0	0.0	0.0	0	0	0	0	61	0	0	0	0	0	0	0	0	0	0	0	0	0	0	0	0	0	95	0	0	0	0	0	0	0	0	0	0	0	0	0	0	0	0	0	0	0	0	0	0	0	0	0	0	0	0	0	0	0	0.0	0.0	0.0	0.0	0.000219	0.0	0.0	0.0	0.0	0.0	0.0	0.0	0.0	1.0	0.0	0.0	0.0	0.0	
159	159	4412.727491085	10322.132	10322.132	0.020598	0.0	0	0	0	0	157	0	0	0	0	0.0	0.0	0.0	0.0	0.251172	0.0	0.0	0.0	0.0	0.0	0.0	0.0	0.0	4339.2	0.0	0.0	0.0	0.0	0.0	0.0	0.0	0.0	27.6382	0.0	0.0	0.0	0.0	0	0	0	0	62	0	0	0	0	0	0	0	0	0	0	0	0	0	0	0	0	0	95	0	0	0	0	0	0	0	0	0	0	0	0	0	0	0	0	0	0	0	0	0	0	0	0	0	0	0	0	0	0	0	0.0	0.0	0.0	0.0	0.000329	0.0	0.0	0.0	0.0	0.0	0.0	0.0	0.0	1.0	0.0	0.0	0.0	0.0	
160	160	4427.081469397	10322.132	10322.132	0.019795	0.0	0	0	0	0	158	0	0	0	0	0.0	0.0	0.0	0.0	0.226055	0.0	0.0	0.0	0.0	0.0	0.0	0.0	0.0	4353.55	0.0	0.0	0.0	0.0	0.0	0.0	0.0	0.0	27.5541	0.0	0.0	0.0	0.0	0	0	0	0	62	0	0	0	0	0	0	0	0	0	0	0	0	0	0	0	0	0	96	0	0	0	0	0	0	0	0	0	0	0	0	0	0	0	0	0	0	0	0	0	0	0	0	0	0	0	0	0	0	0	0.0	0.0	0.0	0.0	0.000298	0.0	0.0	0.0	0.0	0.0	0.0	0.0	0.0	1.0	0.0	0.0	0.0	0.0	
161	161	4442.282117419	10322.132	10322.132	0.019254	0.0	0	0	0	0	159	0	0	0	0	0.0	0.0	0.0	0.0	0.203449	0.0	0.0	0.0	0.0	0.0	0.0	0.0	0.0	4368.75	0.0	0.0	0.0	0.0	0.0	0.0	0.0	0.0	27.4764	0.0	0.0	0.0	0.0	0	0	0	0	62	0	0	0	0	0	0	0	0	0	0	0	0	0	0	0	0	0	97	0	0	0	0	0	0	0	0	0	0	0	0	0	0	0	0	0	0	0	0	0	0	0	0	0	0	0	0	0	0	0	0.0	0.0	0.0	0.0	0.000269	0.0	0.0	0.0	0.0	0.0	0.0	0.0	0.0	1.0	0.0	0.0	0.0	0.0	
162	162	4460.121677078	10322.132	10322.132	0.018696	0.0	0	0	0	0	160	0	0	0	0	0.0	0.0	0.0	0.0	0.183104	0.0	0.0	0.0	0.0	0.0	0.0	0.0	0.0	4386.59	0.0	0.0	0.0	0.0	0.0	0.0	0.0	0.0	27.4162	0.0	0.0	0.0	0.0	0	0	0	0	62	0	0	0	0	0	0	0	0	0	0	0	0	0	0	0	0	0	98	0	0	0	0	0	0	0	0	0	0	0	0	0	0	0	0	0	0	0	0	0	0	0	0	0	0	0	0	0	0	0	0.0	0.0	0.0	0.0	0.000244	0.0	0.0	0.0	0.0	0.0	0.0	0.0	0.0	1.0	0.0	0.0	0.0	0.0	
163	163	4478.065878545	10322.132	10322.132	0.018063	0.0	0	0	0	0	161	0	0	0	0	0.0	0.0	0.0	0.0	0.164794	0.0	0.0	0.0	0.0	0.0	0.0	0.0	0.0	4404.54	0.0	0.0	0.0	0.0	0.0	0.0	0.0	0.0	27.3574	0.0	0.0	0.0	0.0	0	0	0	0	62	0	0	0	0	0	0	0	0	0	0	0	0	0	0	0	0	0	99	0	0	0	0	0	0	0	0	0	0	0	0	0	0	0	0	0	0	0	0	0	0	0	0	0	0	0	0	0	0	0	0.0	0.0	0.0	0.0	0.00022	0.0	0.0	0.0	0.0	0.0	0.0	0.0	0.0	1.0	0.0	0.0	0.0	0.0	
164	164	4497.933264101	10322.132	10322.132	0.017447	0.0	0	0	0	0	162	0	0	0	0	0.0	0.0	0.0	0.0	0.148315	0.0	0.0	0.0	0.0	0.0	0.0	0.0	0.0	4424.41	0.0	0.0	0.0	0.0	0.0	0.0	0.0	0.0	27.3111	0.0	0.0	0.0	0.0	0	0	0	0	62	0	0	0	0	0	0	0	0	0	0	0	0	0	0	0	0	0	100	0	0	0	0	0	0	0	0	0	0	0	0	0	0	0	0	0	0	0	0	0	0	0	0	0	0	0	0	0	0	0	0.0	0.0	0.0	0.0	0.000199	0.0	0.0	0.0	0.0	0.0	0.0	0.0	0.0	1.0	0.0	0.0	0.0	0.0	
165	165	4514.962879872	10318.632	10318.632	0.01679	0.0	0	0	0	0	163	0	0	0	0	0.0	0.0	0.0	0.0	0.233483	0.0	0.0	0.0	0.0	0.0	0.0	0.0	0.0	4441.44	0.0	0.0	0.0	0.0	0.0	0.0	0.0	0.0	27.2481	0.0	0.0	0.0	0.0	0	0	0	0	63	0	0	0	0	0	0	0	0	0	0	0	0	0	0	0	0	0	100	0	0	0	0	0	0	0	0	0	0	0	0	0	0	0	0	0	0	0	0	0	0	0	0	0	0	0	0	0	0	0	0.0	0.0	0.0	0.0	0.000314	0.0	0.0	0.0	0.0	0.0	0.0	0.0	0.0	1.0	0.0	0.0	0.0	0.0	
166	166	4535.579285314	10318.632	10318.632	0.016246	0.0	0	0	0	0	164	0	0	0	0	0.0	0.0	0.0	0.0	0.210135	0.0	0.0	0.0	0.0	0.0	0.0	0.0	0.0	4462.05	0.0	0.0	0.0	0.0	0.0	0.0	0.0	0.0	27.2076	0.0	0.0	0.0	0.0	0	0	0	0	63	0	0	0	0	0	0	0	0	0	0	0	0	0	0	0	0	0	101	0	0	0	0	0	0	0	0	0	0	0	0	0	0	0	0	0	0	0	0	0	0	0	0	0	0	0	0	0	0	0	0.0	0.0	0.0	0.0	0.000284	0.0	0.0	0.0	0.0	0.0	0.0	0.0	0.0	1.0	0.0	0.0	0.0	0.0	
167	167	4564.44115277	10318.632	10318.632	0.015612	0.0	0	0	0	0	165	0	0	0	0	0.0	0.0	0.0	0.0	0.189121	0.0	0.0	0.0	0.0	0.0	0.0	0.0	0.0	4490.91	0.0	0.0	0.0	0.0	0.0	0.0	0.0	0.0	27.2177	0.0	0.0	0.0	0.0	0	0	0	0	63	0	0	0	0	0	0	0	0	0	0	0	0	0	0	0	0	0	102	0	0	0	0	0	0	0	0	0	0	0	0	0	0	0	0	0	0	0	0	0	0	0	0	0	0	0	0	0	0	0	0.0	0.0	0.0	0.0	0.000255	0.0	0.0	0.0	0.0	0.0	0.0	0.0	0.0	1.0	0.0	0.0	0.0	0.0	
168	168	4593.033822783	10318.632	10318.632	0.014765	0.0	0	0	0	0	166	0	0	0	0	0.0	0.0	0.0	0.0	0.170209	0.0	0.0	0.0	0.0	0.0	0.0	0.0	0.0	4519.51	0.0	0.0	0.0	0.0	0.0	0.0	0.0	0.0	27.2259	0.0	0.0	0.0	0.0	0	0	0	0	63	0	0	0	0	0	0	0	0	0	0	0	0	0	0	0	0	0	103	0	0	0	0	0	0	0	0	0	0	0	0	0	0	0	0	0	0	0	0	0	0	0	0	0	0	0	0	0	0	0	0.0	0.0	0.0	0.0	0.00023	0.0	0.0	0.0	0.0	0.0	0.0	0.0	0.0	1.0	0.0	0.0	0.0	0.0	
169	169	4607.286705521	10318.632	10318.632	0.013971	0.0	0	0	0	0	167	0	0	0	0	0.0	0.0	0.0	0.0	0.153188	0.0	0.0	0.0	0.0	0.0	0.0	0.0	0.0	4533.76	0.0	0.0	0.0	0.0	0.0	0.0	0.0	0.0	27.1483	0.0	0.0	0.0	0.0	0	0	0	0	63	0	0	0	0	0	0	0	0	0	0	0	0	0	0	0	0	0	104	0	0	0	0	0	0	0	0	0	0	0	0	0	0	0	0	0	0	0	0	0	0	0	0	0	0	0	0	0	0	0	0.0	0.0	0.0	0.0	0.000208	0.0	0.0	0.0	0.0	0.0	0.0	0.0	0.0	1.0	0.0	0.0	0.0	0.0	
170	170	4628.463233557	10318.632	10318.632	0.013592	0.0	0	0	0	0	168	0	0	0	0	0.0	0.0	0.0	0.0	0.137869	0.0	0.0	0.0	0.0	0.0	0.0	0.0	0.0	4554.94	0.0	0.0	0.0	0.0	0.0	0.0	0.0	0.0	27.1127	0.0	0.0	0.0	0.0	0	0	0	0	63	0	0	0	0	0	0	0	0	0	0	0	0	0	0	0	0	0	105	0	0	0	0	0	0	0	0	0	0	0	0	0	0	0	0	0	0	0	0	0	0	0	0	0	0	0	0	0	0	0	0.0	0.0	0.0	0.0	0.000188	0.0	0.0	0.0	0.0	0.0	0.0	0.0	0.0	1.0	0.0	0.0	0.0	0.0	
171	171	4663.826348128	10317.632	10317.632	0.013047	0.0	0	0	0	0	169	0	0	0	0	0.0	0.0	0.0	0.0	0.224083	0.0	0.0	0.0	0.0	0.0	0.0	0.0	0.0	4590.3	0.0	0.0	0.0	0.0	0.0	0.0	0.0	0.0	27.1615	0.0	0.0	0.0	0.0	0	0	0	0	64	0	0	0	0	0	0	0	0	0	0	0	0	0	0	0	0	0	105	0	0	0	0	0	0	0	0	0	0	0	0	0	0	0	0	0	0	0	0	0	0	0	0	0	0	0	0	0	0	0	0.0	0.0	0.0	0.0	0.000304	0.0	0.0	0.0	0.0	0.0	0.0	0.0	0.0	1.0	0.0	0.0	0.0	0.0	
172	172	4687.887879726	10317.632	10317.632	0.012185	0.0	0	0	0	0	170	0	0	0	0	0.0	0.0	0.0	0.0	0.201674	0.0	0.0	0.0	0.0	0.0	0.0	0.0	0.0	4614.36	0.0	0.0	0.0	0.0	0.0	0.0	0.0	0.0	27.1433	0.0	0.0	0.0	0.0	0	0	0	0	64	0	0	0	0	0	0	0	0	0	0	0	0	0	0	0	0	0	106	0	0	0	0	0	0	0	0	0	0	0	0	0	0	0	0	0	0	0	0	0	0	0	0	0	0	0	0	0	0	0	0.0	0.0	0.0	0.0	0.000274	0.0	0.0	0.0	0.0	0.0	0.0	0.0	0.0	1.0	0.0	0.0	0.0	0.0	
173	173	4868.722821241	10315.132	10315.132	0.011631	0.0	0	0	0	0	171	0	0	0	0	0.0	0.0	0.0	0.0	0.281507	0.0	0.0	0.0	0.0	0.0	0.0	0.0	0.0	4795.2	0.0	0.0	0.0	0.0	0.0	0.0	0.0	0.0	28.0421	0.0	0.0	0.0	0.0	0	0	0	0	65	0	0	0	0	0	0	0	0	0	0	0	0	0	0	0	0	0	106	0	0	0	0	0	0	0	0	0	0	0	0	0	0	0	0	0	0	0	0	0	0	0	0	0	0	0	0	0	0	0	0.0	0.0	0.0	0.0	0.000358	0.0	0.0	0.0	0.0	0.0	0.0	0.0	0.0	1.0	0.0	0.0	0.0	0.0	
174	174	4885.01185142	10315.132	10315.132	0.008201	0.0	0	0	0	0	172	0	0	0	0	0.0	0.0	0.0	0.0	0.253356	0.0	0.0	0.0	0.0	0.0	0.0	0.0	0.0	4811.48	0.0	0.0	0.0	0.0	0.0	0.0	0.0	0.0	27.9737	0.0	0.0	0.0	0.0	0	0	0	0	65	0	0	0	0	0	0	0	0	0	0	0	0	0	0	0	0	0	107	0	0	0	0	0	0	0	0	0	0	0	0	0	0	0	0	0	0	0	0	0	0	0	0	0	0	0	0	0	0	0	0.0	0.0	0.0	0.0	0.000324	0.0	0.0	0.0	0.0	0.0	0.0	0.0	0.0	1.0	0.0	0.0	0.0	0.0	
175	175	4907.458109197	10315.132	10315.132	0.007947	0.0	0	0	0	0	173	0	0	0	0	0.0	0.0	0.0	0.0	0.228021	0.0	0.0	0.0	0.0	0.0	0.0	0.0	0.0	4833.93	0.0	0.0	0.0	0.0	0.0	0.0	0.0	0.0	27.9418	0.0	0.0	0.0	0.0	0	0	0	0	65	0	0	0	0	0	0	0	0	0	0	0	0	0	0	0	0	0	108	0	0	0	0	0	0	0	0	0	0	0	0	0	0	0	0	0	0	0	0	0	0	0	0	0	0	0	0	0	0	0	0.0	0.0	0.0	0.0	0.000292	0.0	0.0	0.0	0.0	0.0	0.0	0.0	0.0	1.0	0.0	0.0	0.0	0.0	
176	176	4931.310656463	10315.132	10315.132	0.007609	0.0	0	0	0	0	174	0	0	0	0	0.0	0.0	0.0	0.0	0.205218	0.0	0.0	0.0	0.0	0.0	0.0	0.0	0.0	4857.78	0.0	0.0	0.0	0.0	0.0	0.0	0.0	0.0	27.9183	0.0	0.0	0.0	0.0	0	0	0	0	65	0	0	0	0	0	0	0	0	0	0	0	0	0	0	0	0	0	109	0	0	0	0	0	0	0	0	0	0	0	0	0	0	0	0	0	0	0	0	0	0	0	0	0	0	0	0	0	0	0	0.0	0.0	0.0	0.0	0.000263	0.0	0.0	0.0	0.0	0.0	0.0	0.0	0.0	1.0	0.0	0.0	0.0	0.0	
177	177	4948.205847652	10315.132	10315.132	0.007267	0.0	0	0	0	0	175	0	0	0	0	0.0	0.0	0.0	0.0	0.184697	0.0	0.0	0.0	0.0	0.0	0.0	0.0	0.0	4874.68	0.0	0.0	0.0	0.0	0.0	0.0	0.0	0.0	27.8553	0.0	0.0	0.0	0.0	0	0	0	0	65	0	0	0	0	0	0	0	0	0	0	0	0	0	0	0	0	0	110	0	0	0	0	0	0	0	0	0	0	0	0	0	0	0	0	0	0	0	0	0	0	0	0	0	0	0	0	0	0	0	0.0	0.0	0.0	0.0	0.000238	0.0	0.0	0.0	0.0	0.0	0.0	0.0	0.0	1.0	0.0	0.0	0.0	0.0	
178	178	4976.580086114	10310.632	10310.632	0.007033	0.0	0	0	0	0	176	0	0	0	0	0.0	0.0	0.0	0.0	0.266227	0.0	0.0	0.0	0.0	0.0	0.0	0.0	0.0	4903.05	0.0	0.0	0.0	0.0	0.0	0.0	0.0	0.0	27.8583	0.0	0.0	0.0	0.0	0	0	0	0	66	0	0	0	0	0	0	0	0	0	0	0	0	0	0	0	0	0	110	0	0	0	0	0	0	0	0	0	0	0	0	0	0	0	0	0	0	0	0	0	0	0	0	0	0	0	0	0	0	0	0.0	0.0	0.0	0.0	0.000343	0.0	0.0	0.0	0.0	0.0	0.0	0.0	0.0	1.0	0.0	0.0	0.0	0.0	
179	179	5010.800345203	10310.632	10310.632	0.006658	0.0	0	0	0	0	177	0	0	0	0	0.0	0.0	0.0	0.0	0.239604	0.0	0.0	0.0	0.0	0.0	0.0	0.0	0.0	4937.27	0.0	0.0	0.0	0.0	0.0	0.0	0.0	0.0	27.8942	0.0	0.0	0.0	0.0	0	0	0	0	66	0	0	0	0	0	0	0	0	0	0	0	0	0	0	0	0	0	111	0	0	0	0	0	0	0	0	0	0	0	0	0	0	0	0	0	0	0	0	0	0	0	0	0	0	0	0	0	0	0	0.0	0.0	0.0	0.0	0.000308	0.0	0.0	0.0	0.0	0.0	0.0	0.0	0.0	1.0	0.0	0.0	0.0	0.0	
180	180	5110.666234281	10253.691	10253.691	0.006232	0.0	0	0	0	0	178	0	0	0	0	0.0	0.0	0.0	0.0	0.315644	0.0	0.0	0.0	0.0	0.0	0.0	0.0	0.0	5037.14	0.0	0.0	0.0	0.0	0.0	0.0	0.0	0.0	28.2985	0.0	0.0	0.0	0.0	0	0	0	0	67	0	0	0	0	0	0	0	0	0	0	0	0	0	0	0	0	0	111	0	0	0	0	0	0	0	0	0	0	0	0	0	0	0	0	0	0	0	0	0	0	0	0	0	0	0	0	0	0	0	0.0	0.0	0.0	0.0	0.000394	0.0	0.0	0.0	0.0	0.0	0.0	0.0	0.0	1.0	0.0	0.0	0.0	0.0	
181	181	5125.567904036	10253.691	10253.691	0.005138	0.0	0	0	0	0	179	0	0	0	0	0.0	0.0	0.0	0.0	0.284079	0.0	0.0	0.0	0.0	0.0	0.0	0.0	0.0	5052.04	0.0	0.0	0.0	0.0	0.0	0.0	0.0	0.0	28.2237	0.0	0.0	0.0	0.0	0	0	0	0	67	0	0	0	0	0	0	0	0	0	0	0	0	0	0	0	0	0	112	0	0	0	0	0	0	0	0	0	0	0	0	0	0	0	0	0	0	0	0	0	0	0	0	0	0	0	0	0	0	0	0.0	0.0	0.0	0.0	0.000357	0.0	0.0	0.0	0.0	0.0	0.0	0.0	0.0	1.0	0.0	0.0	0.0	0.0	
182	182	5140.126556639	10253.691	10253.691	0.004992	0.0	0	0	0	0	180	0	0	0	0	0.0	0.0	0.0	0.0	0.255672	0.0	0.0	0.0	0.0	0.0	0.0	0.0	0.0	5066.6	0.0	0.0	0.0	0.0	0.0	0.0	0.0	0.0	28.1478	0.0	0.0	0.0	0.0	0	0	0	0	67	0	0	0	0	0	0	0	0	0	0	0	0	0	0	0	0	0	113	0	0	0	0	0	0	0	0	0	0	0	0	0	0	0	0	0	0	0	0	0	0	0	0	0	0	0	0	0	0	0	0.0	0.0	0.0	0.0	0.000323	0.0	0.0	0.0	0.0	0.0	0.0	0.0	0.0	1.0	0.0	0.0	0.0	0.0	
183	183	5165.059497691	10253.691	10253.691	0.004854	0.0	0	0	0	0	181	0	0	0	0	0.0	0.0	0.0	0.0	0.230104	0.0	0.0	0.0	0.0	0.0	0.0	0.0	0.0	5091.53	0.0	0.0	0.0	0.0	0.0	0.0	0.0	0.0	28.13	0.0	0.0	0.0	0.0	0	0	0	0	67	0	0	0	0	0	0	0	0	0	0	0	0	0	0	0	0	0	114	0	0	0	0	0	0	0	0	0	0	0	0	0	0	0	0	0	0	0	0	0	0	0	0	0	0	0	0	0	0	0	0.0	0.0	0.0	0.0	0.000291	0.0	0.0	0.0	0.0	0.0	0.0	0.0	0.0	1.0	0.0	0.0	0.0	0.0	
184	184	5181.218439239	10253.691	10253.691	0.004625	0.0	0	0	0	0	182	0	0	0	0	0.0	0.0	0.0	0.0	0.207094	0.0	0.0	0.0	0.0	0.0	0.0	0.0	0.0	5107.69	0.0	0.0	0.0	0.0	0.0	0.0	0.0	0.0	28.0642	0.0	0.0	0.0	0.0	0	0	0	0	67	0	0	0	0	0	0	0	0	0	0	0	0	0	0	0	0	0	115	0	0	0	0	0	0	0	0	0	0	0	0	0	0	0	0	0	0	0	0	0	0	0	0	0	0	0	0	0	0	0	0.0	0.0	0.0	0.0	0.000263	0.0	0.0	0.0	0.0	0.0	0.0	0.0	0.0	1.0	0.0	0.0	0.0	0.0	
185	185	5196.031576435	10253.691	10253.691	0.004483	0.0	0	0	0	0	183	0	0	0	0	0.0	0.0	0.0	0.0	0.186385	0.0	0.0	0.0	0.0	0.0	0.0	0.0	0.0	5122.5	0.0	0.0	0.0	0.0	0.0	0.0	0.0	0.0	27.9918	0.0	0.0	0.0	0.0	0	0	0	0	67	0	0	0	0	0	0	0	0	0	0	0	0	0	0	0	0	0	116	0	0	0	0	0	0	0	0	0	0	0	0	0	0	0	0	0	0	0	0	0	0	0	0	0	0	0	0	0	0	0	0.0	0.0	0.0	0.0	0.000238	0.0	0.0	0.0	0.0	0.0	0.0	0.0	0.0	1.0	0.0	0.0	0.0	0.0	
186	186	5217.884778339	10253.691	10253.691	0.004357	0.0	0	0	0	0	184	0	0	0	0	0.0	0.0	0.0	0.0	0.167746	0.0	0.0	0.0	0.0	0.0	0.0	0.0	0.0	5144.36	0.0	0.0	0.0	0.0	0.0	0.0	0.0	0.0	27.9585	0.0	0.0	0.0	0.0	0	0	0	0	67	0	0	0	0	0	0	0	0	0	0	0	0	0	0	0	0	0	117	0	0	0	0	0	0	0	0	0	0	0	0	0	0	0	0	0	0	0	0	0	0	0	0	0	0	0	0	0	0	0	0.0	0.0	0.0	0.0	0.000215	0.0	0.0	0.0	0.0	0.0	0.0	0.0	0.0	1.0	0.0	0.0	0.0	0.0	
187	187	5232.445731202	10253.691	10253.691	0.004177	0.0	0	0	0	0	185	0	0	0	0	0.0	0.0	0.0	0.0	0.150971	0.0	0.0	0.0	0.0	0.0	0.0	0.0	0.0	5158.92	0.0	0.0	0.0	0.0	0.0	0.0	0.0	0.0	27.886	0.0	0.0	0.0	0.0	0	0	0	0	67	0	0	0	0	0	0	0	0	0	0	0	0	0	0	0	0	0	118	0	0	0	0	0	0	0	0	0	0	0	0	0	0	0	0	0	0	0	0	0	0	0	0	0	0	0	0	0	0	0	0.0	0.0	0.0	0.0	0.000194	0.0	0.0	0.0	0.0	0.0	0.0	0.0	0.0	1.0	0.0	0.0	0.0	0.0	
188	188	5275.24967249	10253.191	10253.191	0.004061	0.0	0	0	0	0	186	0	0	0	0	0.0	0.0	0.0	0.0	0.235874	0.0	0.0	0.0	0.0	0.0	0.0	0.0	0.0	5201.72	0.0	0.0	0.0	0.0	0.0	0.0	0.0	0.0	27.9662	0.0	0.0	0.0	0.0	0	0	0	0	68	0	0	0	0	0	0	0	0	0	0	0	0	0	0	0	0	0	118	0	0	0	0	0	0	0	0	0	0	0	0	0	0	0	0	0	0	0	0	0	0	0	0	0	0	0	0	0	0	0	0.0	0.0	0.0	0.0	0.000302	0.0	0.0	0.0	0.0	0.0	0.0	0.0	0.0	1.0	0.0	0.0	0.0	0.0	
189	189	5289.933209817	10253.191	10253.191	0.003738	0.0	0	0	0	0	187	0	0	0	0	0.0	0.0	0.0	0.0	0.212287	0.0	0.0	0.0	0.0	0.0	0.0	0.0	0.0	5216.4	0.0	0.0	0.0	0.0	0.0	0.0	0.0	0.0	27.8952	0.0	0.0	0.0	0.0	0	0	0	0	68	0	0	0	0	0	0	0	0	0	0	0	0	0	0	0	0	0	119	0	0	0	0	0	0	0	0	0	0	0	0	0	0	0	0	0	0	0	0	0	0	0	0	0	0	0	0	0	0	0	0.0	0.0	0.0	0.0	0.000273	0.0	0.0	0.0	0.0	0.0	0.0	0.0	0.0	1.0	0.0	0.0	0.0	0.0	
190	190	5308.063361854	10253.191	10253.191	0.003634	0.0	0	0	0	0	188	0	0	0	0	0.0	0.0	0.0	0.0	0.191058	0.0	0.0	0.0	0.0	0.0	0.0	0.0	0.0	5234.53	0.0	0.0	0.0	0.0	0.0	0.0	0.0	0.0	27.8433	0.0	0.0	0.0	0.0	0	0	0	0	68	0	0	0	0	0	0	0	0	0	0	0	0	0	0	0	0	0	120	0	0	0	0	0	0	0	0	0	0	0	0	0	0	0	0	0	0	0	0	0	0	0	0	0	0	0	0	0	0	0	0.0	0.0	0.0	0.0	0.000246	0.0	0.0	0.0	0.0	0.0	0.0	0.0	0.0	1.0	0.0	0.0	0.0	0.0	
191	191	5345.894182724	10253.191	10253.191	0.003509	0.0	0	0	0	0	189	0	0	0	0	0.0	0.0	0.0	0.0	0.171952	0.0	0.0	0.0	0.0	0.0	0.0	0.0	0.0	5272.37	0.0	0.0	0.0	0.0	0.0	0.0	0.0	0.0	27.8961	0.0	0.0	0.0	0.0	0	0	0	0	68	0	0	0	0	0	0	0	0	0	0	0	0	0	0	0	0	0	121	0	0	0	0	0	0	0	0	0	0	0	0	0	0	0	0	0	0	0	0	0	0	0	0	0	0	0	0	0	0	0	0.0	0.0	0.0	0.0	0.000221	0.0	0.0	0.0	0.0	0.0	0.0	0.0	0.0	1.0	0.0	0.0	0.0	0.0	
192	192	5366.946715861	10253.191	10253.191	0.003261	0.0	0	0	0	0	190	0	0	0	0	0.0	0.0	0.0	0.0	0.154757	0.0	0.0	0.0	0.0	0.0	0.0	0.0	0.0	5293.42	0.0	0.0	0.0	0.0	0.0	0.0	0.0	0.0	27.8601	0.0	0.0	0.0	0.0	0	0	0	0	68	0	0	0	0	0	0	0	0	0	0	0	0	0	0	0	0	0	122	0	0	0	0	0	0	0	0	0	0	0	0	0	0	0	0	0	0	0	0	0	0	0	0	0	0	0	0	0	0	0	0.0	0.0	0.0	0.0	0.000199	0.0	0.0	0.0	0.0	0.0	0.0	0.0	0.0	1.0	0.0	0.0	0.0	0.0	
193	193	5381.0209125	10253.191	10253.191	0.003131	0.0	0	0	0	0	191	0	0	0	0	0.0	0.0	0.0	0.0	0.139281	0.0	0.0	0.0	0.0	0.0	0.0	0.0	0.0	5307.49	0.0	0.0	0.0	0.0	0.0	0.0	0.0	0.0	27.7879	0.0	0.0	0.0	0.0	0	0	0	0	68	0	0	0	0	0	0	0	0	0	0	0	0	0	0	0	0	0	123	0	0	0	0	0	0	0	0	0	0	0	0	0	0	0	0	0	0	0	0	0	0	0	0	0	0	0	0	0	0	0	0.0	0.0	0.0	0.0	0.00018	0.0	0.0	0.0	0.0	0.0	0.0	0.0	0.0	1.0	0.0	0.0	0.0	0.0	
194	194	5396.298133025	10253.191	10253.191	0.003047	0.0	0	0	0	0	192	0	0	0	0	0.0	0.0	0.0	0.0	0.125353	0.0	0.0	0.0	0.0	0.0	0.0	0.0	0.0	5322.77	0.0	0.0	0.0	0.0	0.0	0.0	0.0	0.0	27.7228	0.0	0.0	0.0	0.0	0	0	0	0	68	0	0	0	0	0	0	0	0	0	0	0	0	0	0	0	0	0	124	0	0	0	0	0	0	0	0	0	0	0	0	0	0	0	0	0	0	0	0	0	0	0	0	0	0	0	0	0	0	0	0.0	0.0	0.0	0.0	0.000163	0.0	0.0	0.0	0.0	0.0	0.0	0.0	0.0	1.0	0.0	0.0	0.0	0.0	
195	195	5577.239888747	10224.456	10224.456	0.002959	0.0	0	0	0	0	193	0	0	0	0	0.0	0.0	0.0	0.0	0.212818	0.0	0.0	0.0	0.0	0.0	0.0	0.0	0.0	5503.71	0.0	0.0	0.0	0.0	0.0	0.0	0.0	0.0	28.5166	0.0	0.0	0.0	0.0	0	0	0	0	69	0	0	0	0	0	0	0	0	0	0	0	0	0	0	0	0	0	124	0	0	0	0	0	0	0	0	0	0	0	0	0	0	0	0	0	0	0	0	0	0	0	0	0	0	0	0	0	0	0	0.0	0.0	0.0	0.0	0.000262	0.0	0.0	0.0	0.0	0.0	0.0	0.0	0.0	1.0	0.0	0.0	0.0	0.0	
196	196	5757.993205615	10198.088	10198.088	0.002086	0.0	0	0	0	0	194	0	0	0	0	0.0	0.0	0.0	0.0	0.291536	0.0	0.0	0.0	0.0	0.0	0.0	0.0	0.0	5684.46	0.0	0.0	0.0	0.0	0.0	0.0	0.0	0.0	29.3014	0.0	0.0	0.0	0.0	0	0	0	0	70	0	0	0	0	0	0	0	0	0	0	0	0	0	0	0	0	0	124	0	0	0	0	0	0	0	0	0	0	0	0	0	0	0	0	0	0	0	0	0	0	0	0	0	0	0	0	0	0	0	0.0	0.0	0.0	0.0	0.00034	0.0	0.0	0.0	0.0	0.0	0.0	0.0	0.0	1.0	0.0	0.0	0.0	0.0	
197	197	5800.609340662	10178.838	10178.838	0.001471	0.0	0	0	0	0	195	0	0	0	0	0.0	0.0	0.0	0.0	0.362383	0.0	0.0	0.0	0.0	0.0	0.0	0.0	0.0	5727.08	0.0	0.0	0.0	0.0	0.0	0.0	0.0	0.0	29.3696	0.0	0.0	0.0	0.0	0	0	0	0	71	0	0	0	0	0	0	0	0	0	0	0	0	0	0	0	0	0	124	0	0	0	0	0	0	0	0	0	0	0	0	0	0	0	0	0	0	0	0	0	0	0	0	0	0	0	0	0	0	0	0.0	0.0	0.0	0.0	0.00042	0.0	0.0	0.0	0.0	0.0	0.0	0.0	0.0	1.0	0.0	0.0	0.0	0.0	
198	198	5814.574604714	10178.838	10178.838	0.001354	0.0	0	0	0	0	196	0	0	0	0	0.0	0.0	0.0	0.0	0.326144	0.0	0.0	0.0	0.0	0.0	0.0	0.0	0.0	5741.05	0.0	0.0	0.0	0.0	0.0	0.0	0.0	0.0	29.291	0.0	0.0	0.0	0.0	0	0	0	0	71	0	0	0	0	0	0	0	0	0	0	0	0	0	0	0	0	0	125	0	0	0	0	0	0	0	0	0	0	0	0	0	0	0	0	0	0	0	0	0	0	0	0	0	0	0	0	0	0	0	0.0	0.0	0.0	0.0	0.00038	0.0	0.0	0.0	0.0	0.0	0.0	0.0	0.0	1.0	0.0	0.0	0.0	0.0	
199	199	5831.989445305	10178.838	10178.838	0.001318	0.0	0	0	0	0	197	0	0	0	0	0.0	0.0	0.0	0.0	0.29353	0.0	0.0	0.0	0.0	0.0	0.0	0.0	0.0	5758.46	0.0	0.0	0.0	0.0	0.0	0.0	0.0	0.0	29.2308	0.0	0.0	0.0	0.0	0	0	0	0	71	0	0	0	0	0	0	0	0	0	0	0	0	0	0	0	0	0	126	0	0	0	0	0	0	0	0	0	0	0	0	0	0	0	0	0	0	0	0	0	0	0	0	0	0	0	0	0	0	0	0.0	0.0	0.0	0.0	0.000344	0.0	0.0	0.0	0.0	0.0	0.0	0.0	0.0	1.0	0.0	0.0	0.0	0.0	
200	200	5849.964551076	10178.838	10178.838	0.001275	0.0	0	0	0	0	198	0	0	0	0	0.0	0.0	0.0	0.0	0.264177	0.0	0.0	0.0	0.0	0.0	0.0	0.0	0.0	5776.44	0.0	0.0	0.0	0.0	0.0	0.0	0.0	0.0	29.1739	0.0	0.0	0.0	0.0	0	0	0	0	71	0	0	0	0	0	0	0	0	0	0	0	0	0	0	0	0	0	127	0	0	0	0	0	0	0	0	0	0	0	0	0	0	0	0	0	0	0	0	0	0	0	0	0	0	0	0	0	0	0	0.0	0.0	0.0	0.0	0.00031	0.0	0.0	0.0	0.0	0.0	0.0	0.0	0.0	1.0	0.0	0.0	0.0	0.0	
201	201	5863.984002511	10178.838	10178.838	0.001231	0.0	0	0	0	0	199	0	0	0	0	0.0	0.0	0.0	0.0	0.237759	0.0	0.0	0.0	0.0	0.0	0.0	0.0	0.0	5790.45	0.0	0.0	0.0	0.0	0.0	0.0	0.0	0.0	29.0978	0.0	0.0	0.0	0.0	0	0	0	0	71	0	0	0	0	0	0	0	0	0	0	0	0	0	0	0	0	0	128	0	0	0	0	0	0	0	0	0	0	0	0	0	0	0	0	0	0	0	0	0	0	0	0	0	0	0	0	0	0	0	0.0	0.0	0.0	0.0	0.000281	0.0	0.0	0.0	0.0	0.0	0.0	0.0	0.0	1.0	0.0	0.0	0.0	0.0	
202	202	5885.663781397	10178.838	10178.838	0.001198	0.0	0	0	0	0	200	0	0	0	0	0.0	0.0	0.0	0.0	0.213983	0.0	0.0	0.0	0.0	0.0	0.0	0.0	0.0	5812.13	0.0	0.0	0.0	0.0	0.0	0.0	0.0	0.0	29.0607	0.0	0.0	0.0	0.0	0	0	0	0	71	0	0	0	0	0	0	0	0	0	0	0	0	0	0	0	0	0	129	0	0	0	0	0	0	0	0	0	0	0	0	0	0	0	0	0	0	0	0	0	0	0	0	0	0	0	0	0	0	0	0.0	0.0	0.0	0.0	0.000253	0.0	0.0	0.0	0.0	0.0	0.0	0.0	0.0	1.0	0.0	0.0	0.0	0.0	
203	203	5903.071130376	10133.618	10133.618	0.001149	0.0	0	0	0	0	201	0	0	0	0	0.0	0.0	0.0	0.0	0.292585	0.0	0.0	0.0	0.0	0.0	0.0	0.0	0.0	5829.54	0.0	0.0	0.0	0.0	0.0	0.0	0.0	0.0	29.0027	0.0	0.0	0.0	0.0	0	0	0	0	72	0	0	0	0	0	0	0	0	0	0	0	0	0	0	0	0	0	129	0	0	0	0	0	0	0	0	0	0	0	0	0	0	0	0	0	0	0	0	0	0	0	0	0	0	0	0	0	0	0	0.0	0.0	0.0	0.0	0.000348	0.0	0.0	0.0	0.0	0.0	0.0	0.0	0.0	1.0	0.0	0.0	0.0	0.0	
204	204	5922.396151135	10133.618	10133.618	0.001111	0.0	0	0	0	0	202	0	0	0	0	0.0	0.0	0.0	0.0	0.263326	0.0	0.0	0.0	0.0	0.0	0.0	0.0	0.0	5848.87	0.0	0.0	0.0	0.0	0.0	0.0	0.0	0.0	28.9548	0.0	0.0	0.0	0.0	0	0	0	0	72	0	0	0	0	0	0	0	0	0	0	0	0	0	0	0	0	0	130	0	0	0	0	0	0	0	0	0	0	0	0	0	0	0	0	0	0	0	0	0	0	0	0	0	0	0	0	0	0	0	0.0	0.0	0.0	0.0	0.000314	0.0	0.0	0.0	0.0	0.0	0.0	0.0	0.0	1.0	0.0	0.0	0.0	0.0	
205	205	5936.218452319	10133.618	10133.618	0.00107	0.0	0	0	0	0	203	0	0	0	0	0.0	0.0	0.0	0.0	0.236994	0.0	0.0	0.0	0.0	0.0	0.0	0.0	0.0	5862.69	0.0	0.0	0.0	0.0	0.0	0.0	0.0	0.0	28.8802	0.0	0.0	0.0	0.0	0	0	0	0	72	0	0	0	0	0	0	0	0	0	0	0	0	0	0	0	0	0	131	0	0	0	0	0	0	0	0	0	0	0	0	0	0	0	0	0	0	0	0	0	0	0	0	0	0	0	0	0	0	0	0.0	0.0	0.0	0.0	0.000284	0.0	0.0	0.0	0.0	0.0	0.0	0.0	0.0	1.0	0.0	0.0	0.0	0.0	
206	206	5952.576901881	10133.618	10133.618	0.001042	0.0	0	0	0	0	204	0	0	0	0	0.0	0.0	0.0	0.0	0.213294	0.0	0.0	0.0	0.0	0.0	0.0	0.0	0.0	5879.05	0.0	0.0	0.0	0.0	0.0	0.0	0.0	0.0	28.8189	0.0	0.0	0.0	0.0	0	0	0	0	72	0	0	0	0	0	0	0	0	0	0	0	0	0	0	0	0	0	132	0	0	0	0	0	0	0	0	0	0	0	0	0	0	0	0	0	0	0	0	0	0	0	0	0	0	0	0	0	0	0	0.0	0.0	0.0	0.0	0.000257	0.0	0.0	0.0	0.0	0.0	0.0	0.0	0.0	1.0	0.0	0.0	0.0	0.0	
207	207	5975.78330764	10129.118	10129.118	0.00101	0.0	0	0	0	0	205	0	0	0	0	0.0	0.0	0.0	0.0	0.291965	0.0	0.0	0.0	0.0	0.0	0.0	0.0	0.0	5902.25	0.0	0.0	0.0	0.0	0.0	0.0	0.0	0.0	28.7915	0.0	0.0	0.0	0.0	0	0	0	0	73	0	0	0	0	0	0	0	0	0	0	0	0	0	0	0	0	0	132	0	0	0	0	0	0	0	0	0	0	0	0	0	0	0	0	0	0	0	0	0	0	0	0	0	0	0	0	0	0	0	0.0	0.0	0.0	0.0	0.000352	0.0	0.0	0.0	0.0	0.0	0.0	0.0	0.0	1.0	0.0	0.0	0.0	0.0	
208	208	5995.892717788	10129.118	10129.118	0.000965	0.0	0	0	0	0	206	0	0	0	0	0.0	0.0	0.0	0.0	0.262768	0.0	0.0	0.0	0.0	0.0	0.0	0.0	0.0	5922.36	0.0	0.0	0.0	0.0	0.0	0.0	0.0	0.0	28.7493	0.0	0.0	0.0	0.0	0	0	0	0	73	0	0	0	0	0	0	0	0	0	0	0	0	0	0	0	0	0	133	0	0	0	0	0	0	0	0	0	0	0	0	0	0	0	0	0	0	0	0	0	0	0	0	0	0	0	0	0	0	0	0.0	0.0	0.0	0.0	0.000318	0.0	0.0	0.0	0.0	0.0	0.0	0.0	0.0	1.0	0.0	0.0	0.0	0.0	
209	209	6009.717293917	10129.118	10129.118	0.000929	0.0	0	0	0	0	207	0	0	0	0	0.0	0.0	0.0	0.0	0.236492	0.0	0.0	0.0	0.0	0.0	0.0	0.0	0.0	5936.19	0.0	0.0	0.0	0.0	0.0	0.0	0.0	0.0	28.6772	0.0	0.0	0.0	0.0	0	0	0	0	73	0	0	0	0	0	0	0	0	0	0	0	0	0	0	0	0	0	134	0	0	0	0	0	0	0	0	0	0	0	0	0	0	0	0	0	0	0	0	0	0	0	0	0	0	0	0	0	0	0	0.0	0.0	0.0	0.0	0.000288	0.0	0.0	0.0	0.0	0.0	0.0	0.0	0.0	1.0	0.0	0.0	0.0	0.0	
210	210	6026.821969433	10123.118	10123.118	0.000904	0.0	0	0	0	0	208	0	0	0	0	0.0	0.0	0.0	0.0	0.312842	0.0	0.0	0.0	0.0	0.0	0.0	0.0	0.0	5953.29	0.0	0.0	0.0	0.0	0.0	0.0	0.0	0.0	28.6216	0.0	0.0	0.0	0.0	0	0	0	0	74	0	0	0	0	0	0	0	0	0	0	0	0	0	0	0	0	0	134	0	0	0	0	0	0	0	0	0	0	0	0	0	0	0	0	0	0	0	0	0	0	0	0	0	0	0	0	0	0	0	0.0	0.0	0.0	0.0	0.000382	0.0	0.0	0.0	0.0	0.0	0.0	0.0	0.0	1.0	0.0	0.0	0.0	0.0	
211	211	6046.151952846	10123.118	10123.118	0.000875	0.0	0	0	0	0	209	0	0	0	0	0.0	0.0	0.0	0.0	0.281558	0.0	0.0	0.0	0.0	0.0	0.0	0.0	0.0	5972.62	0.0	0.0	0.0	0.0	0.0	0.0	0.0	0.0	28.5771	0.0	0.0	0.0	0.0	0	0	0	0	74	0	0	0	0	0	0	0	0	0	0	0	0	0	0	0	0	0	135	0	0	0	0	0	0	0	0	0	0	0	0	0	0	0	0	0	0	0	0	0	0	0	0	0	0	0	0	0	0	0	0.0	0.0	0.0	0.0	0.000345	0.0	0.0	0.0	0.0	0.0	0.0	0.0	0.0	1.0	0.0	0.0	0.0	0.0	
212	212	6059.973749468	10123.118	10123.118	0.000843	0.0	0	0	0	0	210	0	0	0	0	0.0	0.0	0.0	0.0	0.253402	0.0	0.0	0.0	0.0	0.0	0.0	0.0	0.0	5986.44	0.0	0.0	0.0	0.0	0.0	0.0	0.0	0.0	28.5069	0.0	0.0	0.0	0.0	0	0	0	0	74	0	0	0	0	0	0	0	0	0	0	0	0	0	0	0	0	0	136	0	0	0	0	0	0	0	0	0	0	0	0	0	0	0	0	0	0	0	0	0	0	0	0	0	0	0	0	0	0	0	0.0	0.0	0.0	0.0	0.000312	0.0	0.0	0.0	0.0	0.0	0.0	0.0	0.0	1.0	0.0	0.0	0.0	0.0	
213	213	6075.500846022	10123.118	10123.118	0.000821	0.0	0	0	0	0	211	0	0	0	0	0.0	0.0	0.0	0.0	0.228062	0.0	0.0	0.0	0.0	0.0	0.0	0.0	0.0	6001.97	0.0	0.0	0.0	0.0	0.0	0.0	0.0	0.0	28.4454	0.0	0.0	0.0	0.0	0	0	0	0	74	0	0	0	0	0	0	0	0	0	0	0	0	0	0	0	0	0	137	0	0	0	0	0	0	0	0	0	0	0	0	0	0	0	0	0	0	0	0	0	0	0	0	0	0	0	0	0	0	0	0.0	0.0	0.0	0.0	0.000282	0.0	0.0	0.0	0.0	0.0	0.0	0.0	0.0	1.0	0.0	0.0	0.0	0.0	
214	214	6091.956217122	10123.118	10123.118	0.000796	0.0	0	0	0	0	212	0	0	0	0	0.0	0.0	0.0	0.0	0.205256	0.0	0.0	0.0	0.0	0.0	0.0	0.0	0.0	6018.43	0.0	0.0	0.0	0.0	0.0	0.0	0.0	0.0	28.3888	0.0	0.0	0.0	0.0	0	0	0	0	74	0	0	0	0	0	0	0	0	0	0	0	0	0	0	0	0	0	138	0	0	0	0	0	0	0	0	0	0	0	0	0	0	0	0	0	0	0	0	0	0	0	0	0	0	0	0	0	0	0	0.0	0.0	0.0	0.0	0.000255	0.0	0.0	0.0	0.0	0.0	0.0	0.0	0.0	1.0	0.0	0.0	0.0	0.0	
215	215	6114.177348224	10123.118	10123.118	0.000771	0.0	0	0	0	0	213	0	0	0	0	0.0	0.0	0.0	0.0	0.18473	0.0	0.0	0.0	0.0	0.0	0.0	0.0	0.0	6040.65	0.0	0.0	0.0	0.0	0.0	0.0	0.0	0.0	28.3598	0.0	0.0	0.0	0.0	0	0	0	0	74	0	0	0	0	0	0	0	0	0	0	0	0	0	0	0	0	0	139	0	0	0	0	0	0	0	0	0	0	0	0	0	0	0	0	0	0	0	0	0	0	0	0	0	0	0	0	0	0	0	0.0	0.0	0.0	0.0	0.00023	0.0	0.0	0.0	0.0	0.0	0.0	0.0	0.0	1.0	0.0	0.0	0.0	0.0	
216	216	6133.528348079	10123.118	10123.118	0.000739	0.0	0	0	0	0	214	0	0	0	0	0.0	0.0	0.0	0.0	0.166257	0.0	0.0	0.0	0.0	0.0	0.0	0.0	0.0	6060.0	0.0	0.0	0.0	0.0	0.0	0.0	0.0	0.0	28.3178	0.0	0.0	0.0	0.0	0	0	0	0	74	0	0	0	0	0	0	0	0	0	0	0	0	0	0	0	0	0	140	0	0	0	0	0	0	0	0	0	0	0	0	0	0	0	0	0	0	0	0	0	0	0	0	0	0	0	0	0	0	0	0.0	0.0	0.0	0.0	0.000207	0.0	0.0	0.0	0.0	0.0	0.0	0.0	0.0	1.0	0.0	0.0	0.0	0.0	
217	217	6155.232588476	10120.118	10120.118	0.000712	0.0	0	0	0	0	215	0	0	0	0	0.0	0.0	0.0	0.0	0.249632	0.0	0.0	0.0	0.0	0.0	0.0	0.0	0.0	6081.7	0.0	0.0	0.0	0.0	0.0	0.0	0.0	0.0	28.287	0.0	0.0	0.0	0.0	0	0	0	0	75	0	0	0	0	0	0	0	0	0	0	0	0	0	0	0	0	0	140	0	0	0	0	0	0	0	0	0	0	0	0	0	0	0	0	0	0	0	0	0	0	0	0	0	0	0	0	0	0	0	0.0	0.0	0.0	0.0	0.000312	0.0	0.0	0.0	0.0	0.0	0.0	0.0	0.0	1.0	0.0	0.0	0.0	0.0	
218	218	6169.077819236	10120.118	10120.118	0.000683	0.0	0	0	0	0	216	0	0	0	0	0.0	0.0	0.0	0.0	0.224668	0.0	0.0	0.0	0.0	0.0	0.0	0.0	0.0	6095.55	0.0	0.0	0.0	0.0	0.0	0.0	0.0	0.0	28.2201	0.0	0.0	0.0	0.0	0	0	0	0	75	0	0	0	0	0	0	0	0	0	0	0	0	0	0	0	0	0	141	0	0	0	0	0	0	0	0	0	0	0	0	0	0	0	0	0	0	0	0	0	0	0	0	0	0	0	0	0	0	0	0.0	0.0	0.0	0.0	0.000282	0.0	0.0	0.0	0.0	0.0	0.0	0.0	0.0	1.0	0.0	0.0	0.0	0.0	
219	219	6190.715498684	10120.118	10120.118	0.000665	0.0	0	0	0	0	217	0	0	0	0	0.0	0.0	0.0	0.0	0.202202	0.0	0.0	0.0	0.0	0.0	0.0	0.0	0.0	6117.19	0.0	0.0	0.0	0.0	0.0	0.0	0.0	0.0	28.1898	0.0	0.0	0.0	0.0	0	0	0	0	75	0	0	0	0	0	0	0	0	0	0	0	0	0	0	0	0	0	142	0	0	0	0	0	0	0	0	0	0	0	0	0	0	0	0	0	0	0	0	0	0	0	0	0	0	0	0	0	0	0	0.0	0.0	0.0	0.0	0.000254	0.0	0.0	0.0	0.0	0.0	0.0	0.0	0.0	1.0	0.0	0.0	0.0	0.0	
220	220	6205.180840066	10120.118	10120.118	0.000637	0.0	0	0	0	0	218	0	0	0	0	0.0	0.0	0.0	0.0	0.181981	0.0	0.0	0.0	0.0	0.0	0.0	0.0	0.0	6131.65	0.0	0.0	0.0	0.0	0.0	0.0	0.0	0.0	28.1268	0.0	0.0	0.0	0.0	0	0	0	0	75	0	0	0	0	0	0	0	0	0	0	0	0	0	0	0	0	0	143	0	0	0	0	0	0	0	0	0	0	0	0	0	0	0	0	0	0	0	0	0	0	0	0	0	0	0	0	0	0	0	0.0	0.0	0.0	0.0	0.00023	0.0	0.0	0.0	0.0	0.0	0.0	0.0	0.0	1.0	0.0	0.0	0.0	0.0	
221	221	6223.828885958	10120.118	10120.118	0.00062	0.0	0	0	0	0	219	0	0	0	0	0.0	0.0	0.0	0.0	0.163783	0.0	0.0	0.0	0.0	0.0	0.0	0.0	0.0	6150.3	0.0	0.0	0.0	0.0	0.0	0.0	0.0	0.0	28.0836	0.0	0.0	0.0	0.0	0	0	0	0	75	0	0	0	0	0	0	0	0	0	0	0	0	0	0	0	0	0	144	0	0	0	0	0	0	0	0	0	0	0	0	0	0	0	0	0	0	0	0	0	0	0	0	0	0	0	0	0	0	0	0.0	0.0	0.0	0.0	0.000208	0.0	0.0	0.0	0.0	0.0	0.0	0.0	0.0	1.0	0.0	0.0	0.0	0.0	
222	222	6243.176071655	10118.618	10118.618	0.000598	0.0	0	0	0	0	220	0	0	0	0	0.0	0.0	0.0	0.0	0.247405	0.0	0.0	0.0	0.0	0.0	0.0	0.0	0.0	6169.65	0.0	0.0	0.0	0.0	0.0	0.0	0.0	0.0	28.0438	0.0	0.0	0.0	0.0	0	0	0	0	76	0	0	0	0	0	0	0	0	0	0	0	0	0	0	0	0	0	144	0	0	0	0	0	0	0	0	0	0	0	0	0	0	0	0	0	0	0	0	0	0	0	0	0	0	0	0	0	0	0	0.0	0.0	0.0	0.0	0.000315	0.0	0.0	0.0	0.0	0.0	0.0	0.0	0.0	1.0	0.0	0.0	0.0	0.0	
223	223	6257.345197945	10118.618	10118.618	0.000576	0.0	0	0	0	0	221	0	0	0	0	0.0	0.0	0.0	0.0	0.222664	0.0	0.0	0.0	0.0	0.0	0.0	0.0	0.0	6183.82	0.0	0.0	0.0	0.0	0.0	0.0	0.0	0.0	27.9811	0.0	0.0	0.0	0.0	0	0	0	0	76	0	0	0	0	0	0	0	0	0	0	0	0	0	0	0	0	0	145	0	0	0	0	0	0	0	0	0	0	0	0	0	0	0	0	0	0	0	0	0	0	0	0	0	0	0	0	0	0	0	0.0	0.0	0.0	0.0	0.000284	0.0	0.0	0.0	0.0	0.0	0.0	0.0	0.0	1.0	0.0	0.0	0.0	0.0	
224	224	6271.116276034	10118.618	10118.618	0.00056	0.0	0	0	0	0	222	0	0	0	0	0.0	0.0	0.0	0.0	0.200398	0.0	0.0	0.0	0.0	0.0	0.0	0.0	0.0	6197.59	0.0	0.0	0.0	0.0	0.0	0.0	0.0	0.0	27.9171	0.0	0.0	0.0	0.0	0	0	0	0	76	0	0	0	0	0	0	0	0	0	0	0	0	0	0	0	0	0	146	0	0	0	0	0	0	0	0	0	0	0	0	0	0	0	0	0	0	0	0	0	0	0	0	0	0	0	0	0	0	0	0.0	0.0	0.0	0.0	0.000257	0.0	0.0	0.0	0.0	0.0	0.0	0.0	0.0	1.0	0.0	0.0	0.0	0.0	
225	225	6285.341746819	10118.618	10118.618	0.000546	0.0	0	0	0	0	223	0	0	0	0	0.0	0.0	0.0	0.0	0.180358	0.0	0.0	0.0	0.0	0.0	0.0	0.0	0.0	6211.81	0.0	0.0	0.0	0.0	0.0	0.0	0.0	0.0	27.8557	0.0	0.0	0.0	0.0	0	0	0	0	76	0	0	0	0	0	0	0	0	0	0	0	0	0	0	0	0	0	147	0	0	0	0	0	0	0	0	0	0	0	0	0	0	0	0	0	0	0	0	0	0	0	0	0	0	0	0	0	0	0	0.0	0.0	0.0	0.0	0.000232	0.0	0.0	0.0	0.0	0.0	0.0	0.0	0.0	1.0	0.0	0.0	0.0	0.0	
226	226	6310.839118696	10113.618	10113.618	0.000531	0.0	0	0	0	0	224	0	0	0	0	0.0	0.0	0.0	0.0	0.262322	0.0	0.0	0.0	0.0	0.0	0.0	0.0	0.0	6237.31	0.0	0.0	0.0	0.0	0.0	0.0	0.0	0.0	27.8451	0.0	0.0	0.0	0.0	0	0	0	0	77	0	0	0	0	0	0	0	0	0	0	0	0	0	0	0	0	0	147	0	0	0	0	0	0	0	0	0	0	0	0	0	0	0	0	0	0	0	0	0	0	0	0	0	0	0	0	0	0	0	0.0	0.0	0.0	0.0	0.000338	0.0	0.0	0.0	0.0	0.0	0.0	0.0	0.0	1.0	0.0	0.0	0.0	0.0	
227	227	6328.003514491	10113.618	10113.618	0.000505	0.0	0	0	0	0	225	0	0	0	0	0.0	0.0	0.0	0.0	0.23609	0.0	0.0	0.0	0.0	0.0	0.0	0.0	0.0	6254.47	0.0	0.0	0.0	0.0	0.0	0.0	0.0	0.0	27.7977	0.0	0.0	0.0	0.0	0	0	0	0	77	0	0	0	0	0	0	0	0	0	0	0	0	0	0	0	0	0	148	0	0	0	0	0	0	0	0	0	0	0	0	0	0	0	0	0	0	0	0	0	0	0	0	0	0	0	0	0	0	0	0.0	0.0	0.0	0.0	0.000306	0.0	0.0	0.0	0.0	0.0	0.0	0.0	0.0	1.0	0.0	0.0	0.0	0.0	
228	228	6345.951360499	10113.618	10113.618	0.000489	0.0	0	0	0	0	226	0	0	0	0	0.0	0.0	0.0	0.0	0.212481	0.0	0.0	0.0	0.0	0.0	0.0	0.0	0.0	6272.42	0.0	0.0	0.0	0.0	0.0	0.0	0.0	0.0	27.7541	0.0	0.0	0.0	0.0	0	0	0	0	77	0	0	0	0	0	0	0	0	0	0	0	0	0	0	0	0	0	149	0	0	0	0	0	0	0	0	0	0	0	0	0	0	0	0	0	0	0	0	0	0	0	0	0	0	0	0	0	0	0	0.0	0.0	0.0	0.0	0.000276	0.0	0.0	0.0	0.0	0.0	0.0	0.0	0.0	1.0	0.0	0.0	0.0	0.0	
229	229	6365.026395373	10113.618	10113.618	0.000472	0.0	0	0	0	0	227	0	0	0	0	0.0	0.0	0.0	0.0	0.191233	0.0	0.0	0.0	0.0	0.0	0.0	0.0	0.0	6291.5	0.0	0.0	0.0	0.0	0.0	0.0	0.0	0.0	27.7158	0.0	0.0	0.0	0.0	0	0	0	0	77	0	0	0	0	0	0	0	0	0	0	0	0	0	0	0	0	0	150	0	0	0	0	0	0	0	0	0	0	0	0	0	0	0	0	0	0	0	0	0	0	0	0	0	0	0	0	0	0	0	0.0	0.0	0.0	0.0	0.000249	0.0	0.0	0.0	0.0	0.0	0.0	0.0	0.0	1.0	0.0	0.0	0.0	0.0	
230	230	6380.231033971	10106.618	10106.618	0.000455	0.0	0	0	0	0	228	0	0	0	0	0.0	0.0	0.0	0.0	0.27211	0.0	0.0	0.0	0.0	0.0	0.0	0.0	0.0	6306.7	0.0	0.0	0.0	0.0	0.0	0.0	0.0	0.0	27.661	0.0	0.0	0.0	0.0	0	0	0	0	78	0	0	0	0	0	0	0	0	0	0	0	0	0	0	0	0	0	150	0	0	0	0	0	0	0	0	0	0	0	0	0	0	0	0	0	0	0	0	0	0	0	0	0	0	0	0	0	0	0	0.0	0.0	0.0	0.0	0.000356	0.0	0.0	0.0	0.0	0.0	0.0	0.0	0.0	1.0	0.0	0.0	0.0	0.0	
231	231	6394.057186945	10106.618	10106.618	0.000442	0.0	0	0	0	0	229	0	0	0	0	0.0	0.0	0.0	0.0	0.244899	0.0	0.0	0.0	0.0	0.0	0.0	0.0	0.0	6320.53	0.0	0.0	0.0	0.0	0.0	0.0	0.0	0.0	27.6006	0.0	0.0	0.0	0.0	0	0	0	0	78	0	0	0	0	0	0	0	0	0	0	0	0	0	0	0	0	0	151	0	0	0	0	0	0	0	0	0	0	0	0	0	0	0	0	0	0	0	0	0	0	0	0	0	0	0	0	0	0	0	0.0	0.0	0.0	0.0	0.000321	0.0	0.0	0.0	0.0	0.0	0.0	0.0	0.0	1.0	0.0	0.0	0.0	0.0	
232	232	6411.270762762	10106.618	10106.618	0.00043	0.0	0	0	0	0	230	0	0	0	0	0.0	0.0	0.0	0.0	0.220409	0.0	0.0	0.0	0.0	0.0	0.0	0.0	0.0	6337.74	0.0	0.0	0.0	0.0	0.0	0.0	0.0	0.0	27.5554	0.0	0.0	0.0	0.0	0	0	0	0	78	0	0	0	0	0	0	0	0	0	0	0	0	0	0	0	0	0	152	0	0	0	0	0	0	0	0	0	0	0	0	0	0	0	0	0	0	0	0	0	0	0	0	0	0	0	0	0	0	0	0.0	0.0	0.0	0.0	0.00029	0.0	0.0	0.0	0.0	0.0	0.0	0.0	0.0	1.0	0.0	0.0	0.0	0.0	
233	233	6425.03118147	10106.618	10106.618	0.000416	0.0	0	0	0	0	231	0	0	0	0	0.0	0.0	0.0	0.0	0.198368	0.0	0.0	0.0	0.0	0.0	0.0	0.0	0.0	6351.5	0.0	0.0	0.0	0.0	0.0	0.0	0.0	0.0	27.4957	0.0	0.0	0.0	0.0	0	0	0	0	78	0	0	0	0	0	0	0	0	0	0	0	0	0	0	0	0	0	153	0	0	0	0	0	0	0	0	0	0	0	0	0	0	0	0	0	0	0	0	0	0	0	0	0	0	0	0	0	0	0	0.0	0.0	0.0	0.0	0.000262	0.0	0.0	0.0	0.0	0.0	0.0	0.0	0.0	1.0	0.0	0.0	0.0	0.0	
234	234	6442.135420539	10106.618	10106.618	0.000405	0.0	0	0	0	0	232	0	0	0	0	0.0	0.0	0.0	0.0	0.178531	0.0	0.0	0.0	0.0	0.0	0.0	0.0	0.0	6368.61	0.0	0.0	0.0	0.0	0.0	0.0	0.0	0.0	27.4509	0.0	0.0	0.0	0.0	0	0	0	0	78	0	0	0	0	0	0	0	0	0	0	0	0	0	0	0	0	0	154	0	0	0	0	0	0	0	0	0	0	0	0	0	0	0	0	0	0	0	0	0	0	0	0	0	0	0	0	0	0	0	0.0	0.0	0.0	0.0	0.000237	0.0	0.0	0.0	0.0	0.0	0.0	0.0	0.0	1.0	0.0	0.0	0.0	0.0	
235	235	6458.758727596	10106.618	10106.618	0.000392	0.0	0	0	0	0	233	0	0	0	0	0.0	0.0	0.0	0.0	0.160678	0.0	0.0	0.0	0.0	0.0	0.0	0.0	0.0	6385.23	0.0	0.0	0.0	0.0	0.0	0.0	0.0	0.0	27.4044	0.0	0.0	0.0	0.0	0	0	0	0	78	0	0	0	0	0	0	0	0	0	0	0	0	0	0	0	0	0	155	0	0	0	0	0	0	0	0	0	0	0	0	0	0	0	0	0	0	0	0	0	0	0	0	0	0	0	0	0	0	0	0.0	0.0	0.0	0.0	0.000214	0.0	0.0	0.0	0.0	0.0	0.0	0.0	0.0	1.0	0.0	0.0	0.0	0.0	
236	236	6477.5369494	10099.588	10099.588	0.00038	0.0	0	0	0	0	234	0	0	0	0	0.0	0.0	0.0	0.0	0.24461	0.0	0.0	0.0	0.0	0.0	0.0	0.0	0.0	6404.01	0.0	0.0	0.0	0.0	0.0	0.0	0.0	0.0	27.3676	0.0	0.0	0.0	0.0	0	0	0	0	79	0	0	0	0	0	0	0	0	0	0	0	0	0	0	0	0	0	155	0	0	0	0	0	0	0	0	0	0	0	0	0	0	0	0	0	0	0	0	0	0	0	0	0	0	0	0	0	0	0	0.0	0.0	0.0	0.0	0.000327	0.0	0.0	0.0	0.0	0.0	0.0	0.0	0.0	1.0	0.0	0.0	0.0	0.0	
237	237	6492.31140526	10099.588	10099.588	0.000366	0.0	0	0	0	0	235	0	0	0	0	0.0	0.0	0.0	0.0	0.220149	0.0	0.0	0.0	0.0	0.0	0.0	0.0	0.0	6418.78	0.0	0.0	0.0	0.0	0.0	0.0	0.0	0.0	27.314	0.0	0.0	0.0	0.0	0	0	0	0	79	0	0	0	0	0	0	0	0	0	0	0	0	0	0	0	0	0	156	0	0	0	0	0	0	0	0	0	0	0	0	0	0	0	0	0	0	0	0	0	0	0	0	0	0	0	0	0	0	0	0.0	0.0	0.0	0.0	0.000295	0.0	0.0	0.0	0.0	0.0	0.0	0.0	0.0	1.0	0.0	0.0	0.0	0.0	
238	238	6565.600326016	10099.588	10099.588	0.000356	0.0	0	0	0	0	236	0	0	0	0	0.0	0.0	0.0	0.0	0.198134	0.0	0.0	0.0	0.0	0.0	0.0	0.0	0.0	6492.07	0.0	0.0	0.0	0.0	0.0	0.0	0.0	0.0	27.5088	0.0	0.0	0.0	0.0	0	0	0	0	79	0	0	0	0	0	0	0	0	0	0	0	0	0	0	0	0	0	157	0	0	0	0	0	0	0	0	0	0	0	0	0	0	0	0	0	0	0	0	0	0	0	0	0	0	0	0	0	0	0	0.0	0.0	0.0	0.0	0.000262	0.0	0.0	0.0	0.0	0.0	0.0	0.0	0.0	1.0	0.0	0.0	0.0	0.0	
239	239	6642.120396259	10095.588	10095.588	0.000309	0.0	0	0	0	0	237	0	0	0	0	0.0	0.0	0.0	0.0	0.278321	0.0	0.0	0.0	0.0	0.0	0.0	0.0	0.0	6568.59	0.0	0.0	0.0	0.0	0.0	0.0	0.0	0.0	27.7156	0.0	0.0	0.0	0.0	0	0	0	0	80	0	0	0	0	0	0	0	0	0	0	0	0	0	0	0	0	0	157	0	0	0	0	0	0	0	0	0	0	0	0	0	0	0	0	0	0	0	0	0	0	0	0	0	0	0	0	0	0	0	0.0	0.0	0.0	0.0	0.000362	0.0	0.0	0.0	0.0	0.0	0.0	0.0	0.0	1.0	0.0	0.0	0.0	0.0	
240	240	6667.853986307	10095.588	10095.588	0.000266	0.0	0	0	0	0	238	0	0	0	0	0.0	0.0	0.0	0.0	0.250489	0.0	0.0	0.0	0.0	0.0	0.0	0.0	0.0	6594.32	0.0	0.0	0.0	0.0	0.0	0.0	0.0	0.0	27.7072	0.0	0.0	0.0	0.0	0	0	0	0	80	0	0	0	0	0	0	0	0	0	0	0	0	0	0	0	0	0	158	0	0	0	0	0	0	0	0	0	0	0	0	0	0	0	0	0	0	0	0	0	0	0	0	0	0	0	0	0	0	0	0.0	0.0	0.0	0.0	0.000326	0.0	0.0	0.0	0.0	0.0	0.0	0.0	0.0	1.0	0.0	0.0	0.0	0.0	
241	241	6704.500724093	10095.588	10095.588	0.000253	0.0	0	0	0	0	239	0	0	0	0	0.0	0.0	0.0	0.0	0.22544	0.0	0.0	0.0	0.0	0.0	0.0	0.0	0.0	6630.97	0.0	0.0	0.0	0.0	0.0	0.0	0.0	0.0	27.7446	0.0	0.0	0.0	0.0	0	0	0	0	80	0	0	0	0	0	0	0	0	0	0	0	0	0	0	0	0	0	159	0	0	0	0	0	0	0	0	0	0	0	0	0	0	0	0	0	0	0	0	0	0	0	0	0	0	0	0	0	0	0	0.0	0.0	0.0	0.0	0.000293	0.0	0.0	0.0	0.0	0.0	0.0	0.0	0.0	1.0	0.0	0.0	0.0	0.0	
242	242	6719.53084182	10095.588	10095.588	0.000236	0.0	0	0	0	0	240	0	0	0	0	0.0	0.0	0.0	0.0	0.202896	0.0	0.0	0.0	0.0	0.0	0.0	0.0	0.0	6646.0	0.0	0.0	0.0	0.0	0.0	0.0	0.0	0.0	27.6917	0.0	0.0	0.0	0.0	0	0	0	0	80	0	0	0	0	0	0	0	0	0	0	0	0	0	0	0	0	0	160	0	0	0	0	0	0	0	0	0	0	0	0	0	0	0	0	0	0	0	0	0	0	0	0	0	0	0	0	0	0	0	0.0	0.0	0.0	0.0	0.000265	0.0	0.0	0.0	0.0	0.0	0.0	0.0	0.0	1.0	0.0	0.0	0.0	0.0	
243	243	6733.286692104	10095.588	10095.588	0.000229	0.0	0	0	0	0	241	0	0	0	0	0.0	0.0	0.0	0.0	0.182606	0.0	0.0	0.0	0.0	0.0	0.0	0.0	0.0	6659.76	0.0	0.0	0.0	0.0	0.0	0.0	0.0	0.0	27.6338	0.0	0.0	0.0	0.0	0	0	0	0	80	0	0	0	0	0	0	0	0	0	0	0	0	0	0	0	0	0	161	0	0	0	0	0	0	0	0	0	0	0	0	0	0	0	0	0	0	0	0	0	0	0	0	0	0	0	0	0	0	0	0.0	0.0	0.0	0.0	0.000239	0.0	0.0	0.0	0.0	0.0	0.0	0.0	0.0	1.0	0.0	0.0	0.0	0.0	
244	244	6747.011399204	10095.588	10095.588	0.000223	0.0	0	0	0	0	242	0	0	0	0	0.0	0.0	0.0	0.0	0.164346	0.0	0.0	0.0	0.0	0.0	0.0	0.0	0.0	6673.48	0.0	0.0	0.0	0.0	0.0	0.0	0.0	0.0	27.5764	0.0	0.0	0.0	0.0	0	0	0	0	80	0	0	0	0	0	0	0	0	0	0	0	0	0	0	0	0	0	162	0	0	0	0	0	0	0	0	0	0	0	0	0	0	0	0	0	0	0	0	0	0	0	0	0	0	0	0	0	0	0	0.0	0.0	0.0	0.0	0.000216	0.0	0.0	0.0	0.0	0.0	0.0	0.0	0.0	1.0	0.0	0.0	0.0	0.0	
245	245	6760.859868086	10095.588	10095.588	0.000218	0.0	0	0	0	0	243	0	0	0	0	0.0	0.0	0.0	0.0	0.147911	0.0	0.0	0.0	0.0	0.0	0.0	0.0	0.0	6687.33	0.0	0.0	0.0	0.0	0.0	0.0	0.0	0.0	27.5199	0.0	0.0	0.0	0.0	0	0	0	0	80	0	0	0	0	0	0	0	0	0	0	0	0	0	0	0	0	0	163	0	0	0	0	0	0	0	0	0	0	0	0	0	0	0	0	0	0	0	0	0	0	0	0	0	0	0	0	0	0	0	0.0	0.0	0.0	0.0	0.000195	0.0	0.0	0.0	0.0	0.0	0.0	0.0	0.0	1.0	0.0	0.0	0.0	0.0	
246	246	6831.646715186	10090.309	10090.309	0.000212	0.0	0	0	0	0	244	0	0	0	0	0.0	0.0	0.0	0.0	0.23312	0.0	0.0	0.0	0.0	0.0	0.0	0.0	0.0	6758.12	0.0	0.0	0.0	0.0	0.0	0.0	0.0	0.0	27.6972	0.0	0.0	0.0	0.0	0	0	0	0	81	0	0	0	0	0	0	0	0	0	0	0	0	0	0	0	0	0	163	0	0	0	0	0	0	0	0	0	0	0	0	0	0	0	0	0	0	0	0	0	0	0	0	0	0	0	0	0	0	0	0.0	0.0	0.0	0.0	0.000304	0.0	0.0	0.0	0.0	0.0	0.0	0.0	0.0	1.0	0.0	0.0	0.0	0.0	
247	247	6865.628337208	10090.309	10090.309	0.000185	0.0	0	0	0	0	245	0	0	0	0	0.0	0.0	0.0	0.0	0.209808	0.0	0.0	0.0	0.0	0.0	0.0	0.0	0.0	6792.1	0.0	0.0	0.0	0.0	0.0	0.0	0.0	0.0	27.7228	0.0	0.0	0.0	0.0	0	0	0	0	81	0	0	0	0	0	0	0	0	0	0	0	0	0	0	0	0	0	164	0	0	0	0	0	0	0	0	0	0	0	0	0	0	0	0	0	0	0	0	0	0	0	0	0	0	0	0	0	0	0	0.0	0.0	0.0	0.0	0.000273	0.0	0.0	0.0	0.0	0.0	0.0	0.0	0.0	1.0	0.0	0.0	0.0	0.0	
248	248	6886.254073428	10090.309	10090.309	0.000173	0.0	0	0	0	0	246	0	0	0	0	0.0	0.0	0.0	0.0	0.188827	0.0	0.0	0.0	0.0	0.0	0.0	0.0	0.0	6812.72	0.0	0.0	0.0	0.0	0.0	0.0	0.0	0.0	27.694	0.0	0.0	0.0	0.0	0	0	0	0	81	0	0	0	0	0	0	0	0	0	0	0	0	0	0	0	0	0	165	0	0	0	0	0	0	0	0	0	0	0	0	0	0	0	0	0	0	0	0	0	0	0	0	0	0	0	0	0	0	0	0.0	0.0	0.0	0.0	0.000246	0.0	0.0	0.0	0.0	0.0	0.0	0.0	0.0	1.0	0.0	0.0	0.0	0.0	
249	249	6900.312361416	10090.309	10090.309	0.000166	0.0	0	0	0	0	247	0	0	0	0	0.0	0.0	0.0	0.0	0.169944	0.0	0.0	0.0	0.0	0.0	0.0	0.0	0.0	6826.78	0.0	0.0	0.0	0.0	0.0	0.0	0.0	0.0	27.6388	0.0	0.0	0.0	0.0	0	0	0	0	81	0	0	0	0	0	0	0	0	0	0	0	0	0	0	0	0	0	166	0	0	0	0	0	0	0	0	0	0	0	0	0	0	0	0	0	0	0	0	0	0	0	0	0	0	0	0	0	0	0	0.0	0.0	0.0	0.0	0.000222	0.0	0.0	0.0	0.0	0.0	0.0	0.0	0.0	1.0	0.0	0.0	0.0	0.0	
250	250	6914.170204448	10090.309	10090.309	0.000162	0.0	0	0	0	0	248	0	0	0	0	0.0	0.0	0.0	0.0	0.15295	0.0	0.0	0.0	0.0	0.0	0.0	0.0	0.0	6840.64	0.0	0.0	0.0	0.0	0.0	0.0	0.0	0.0	27.5832	0.0	0.0	0.0	0.0	0	0	0	0	81	0	0	0	0	0	0	0	0	0	0	0	0	0	0	0	0	0	167	0	0	0	0	0	0	0	0	0	0	0	0	0	0	0	0	0	0	0	0	0	0	0	0	0	0	0	0	0	0	0	0.0	0.0	0.0	0.0	0.000201	0.0	0.0	0.0	0.0	0.0	0.0	0.0	0.0	1.0	0.0	0.0	0.0	0.0	
251	251	6927.92642707	10090.309	10090.309	0.000157	0.0	0	0	0	0	249	0	0	0	0	0.0	0.0	0.0	0.0	0.137655	0.0	0.0	0.0	0.0	0.0	0.0	0.0	0.0	6854.4	0.0	0.0	0.0	0.0	0.0	0.0	0.0	0.0	27.5277	0.0	0.0	0.0	0.0	0	0	0	0	81	0	0	0	0	0	0	0	0	0	0	0	0	0	0	0	0	0	168	0	0	0	0	0	0	0	0	0	0	0	0	0	0	0	0	0	0	0	0	0	0	0	0	0	0	0	0	0	0	0	0.0	0.0	0.0	0.0	0.000182	0.0	0.0	0.0	0.0	0.0	0.0	0.0	0.0	1.0	0.0	0.0	0.0	0.0	
252	252	6944.713420403	10090.309	10090.309	0.000153	0.0	0	0	0	0	250	0	0	0	0	0.0	0.0	0.0	0.0	0.12389	0.0	0.0	0.0	0.0	0.0	0.0	0.0	0.0	6871.18	0.0	0.0	0.0	0.0	0.0	0.0	0.0	0.0	27.4847	0.0	0.0	0.0	0.0	0	0	0	0	81	0	0	0	0	0	0	0	0	0	0	0	0	0	0	0	0	0	169	0	0	0	0	0	0	0	0	0	0	0	0	0	0	0	0	0	0	0	0	0	0	0	0	0	0	0	0	0	0	0	0.0	0.0	0.0	0.0	0.000164	0.0	0.0	0.0	0.0	0.0	0.0	0.0	0.0	1.0	0.0	0.0	0.0	0.0	
253	253	6962.087252586	10090.309	10090.309	0.000148	0.0	0	0	0	0	251	0	0	0	0	0.0	0.0	0.0	0.0	0.111501	0.0	0.0	0.0	0.0	0.0	0.0	0.0	0.0	6888.56	0.0	0.0	0.0	0.0	0.0	0.0	0.0	0.0	27.4444	0.0	0.0	0.0	0.0	0	0	0	0	81	0	0	0	0	0	0	0	0	0	0	0	0	0	0	0	0	0	170	0	0	0	0	0	0	0	0	0	0	0	0	0	0	0	0	0	0	0	0	0	0	0	0	0	0	0	0	0	0	0	0.0	0.0	0.0	0.0	0.000148	0.0	0.0	0.0	0.0	0.0	0.0	0.0	0.0	1.0	0.0	0.0	0.0	0.0	
254	254	6979.312250367	10090.309	10090.309	0.000144	0.0	0	0	0	0	252	0	0	0	0	0.0	0.0	0.0	0.0	0.100351	0.0	0.0	0.0	0.0	0.0	0.0	0.0	0.0	6905.78	0.0	0.0	0.0	0.0	0.0	0.0	0.0	0.0	27.4039	0.0	0.0	0.0	0.0	0	0	0	0	81	0	0	0	0	0	0	0	0	0	0	0	0	0	0	0	0	0	171	0	0	0	0	0	0	0	0	0	0	0	0	0	0	0	0	0	0	0	0	0	0	0	0	0	0	0	0	0	0	0	0.0	0.0	0.0	0.0	0.000134	0.0	0.0	0.0	0.0	0.0	0.0	0.0	0.0	1.0	0.0	0.0	0.0	0.0	
255	255	6993.446708556	10090.309	10090.309	0.000139	0.0	0	0	0	0	253	0	0	0	0	0.0	0.0	0.0	0.0	0.090316	0.0	0.0	0.0	0.0	0.0	0.0	0.0	0.0	6919.92	0.0	0.0	0.0	0.0	0.0	0.0	0.0	0.0	27.3514	0.0	0.0	0.0	0.0	0	0	0	0	81	0	0	0	0	0	0	0	0	0	0	0	0	0	0	0	0	0	172	0	0	0	0	0	0	0	0	0	0	0	0	0	0	0	0	0	0	0	0	0	0	0	0	0	0	0	0	0	0	0	0.0	0.0	0.0	0.0	0.000121	0.0	0.0	0.0	0.0	0.0	0.0	0.0	0.0	1.0	0.0	0.0	0.0	0.0	
256	256	7014.131921754	10083.809	10083.809	0.000135	0.0	0	0	0	0	254	0	0	0	0	0.0	0.0	0.0	0.0	0.181284	0.0	0.0	0.0	0.0	0.0	0.0	0.0	0.0	6940.6	0.0	0.0	0.0	0.0	0.0	0.0	0.0	0.0	27.3252	0.0	0.0	0.0	0.0	0	0	0	0	82	0	0	0	0	0	0	0	0	0	0	0	0	0	0	0	0	0	172	0	0	0	0	0	0	0	0	0	0	0	0	0	0	0	0	0	0	0	0	0	0	0	0	0	0	0	0	0	0	0	0.0	0.0	0.0	0.0	0.000243	0.0	0.0	0.0	0.0	0.0	0.0	0.0	0.0	1.0	0.0	0.0	0.0	0.0	
257	257	7033.340776146	10078.809	10078.809	0.00013	0.0	0	0	0	0	255	0	0	0	0	0.0	0.0	0.0	0.0	0.263156	0.0	0.0	0.0	0.0	0.0	0.0	0.0	0.0	6959.81	0.0	0.0	0.0	0.0	0.0	0.0	0.0	0.0	27.2934	0.0	0.0	0.0	0.0	0	0	0	0	83	0	0	0	0	0	0	0	0	0	0	0	0	0	0	0	0	0	172	0	0	0	0	0	0	0	0	0	0	0	0	0	0	0	0	0	0	0	0	0	0	0	0	0	0	0	0	0	0	0	0.0	0.0	0.0	0.0	0.000353	0.0	0.0	0.0	0.0	0.0	0.0	0.0	0.0	1.0	0.0	0.0	0.0	0.0	
258	258	7052.976610016	10078.809	10078.809	0.000125	0.0	0	0	0	0	256	0	0	0	0	0.0	0.0	0.0	0.0	0.23684	0.0	0.0	0.0	0.0	0.0	0.0	0.0	0.0	6979.45	0.0	0.0	0.0	0.0	0.0	0.0	0.0	0.0	27.2635	0.0	0.0	0.0	0.0	0	0	0	0	83	0	0	0	0	0	0	0	0	0	0	0	0	0	0	0	0	0	173	0	0	0	0	0	0	0	0	0	0	0	0	0	0	0	0	0	0	0	0	0	0	0	0	0	0	0	0	0	0	0	0.0	0.0	0.0	0.0	0.000319	0.0	0.0	0.0	0.0	0.0	0.0	0.0	0.0	1.0	0.0	0.0	0.0	0.0	
259	259	7086.302102425	10078.309	10078.309	0.00012	0.0	0	0	0	0	257	0	0	0	0	0.0	0.0	0.0	0.0	0.313156	0.0	0.0	0.0	0.0	0.0	0.0	0.0	0.0	7012.77	0.0	0.0	0.0	0.0	0.0	0.0	0.0	0.0	27.287	0.0	0.0	0.0	0.0	0	0	0	0	84	0	0	0	0	0	0	0	0	0	0	0	0	0	0	0	0	0	173	0	0	0	0	0	0	0	0	0	0	0	0	0	0	0	0	0	0	0	0	0	0	0	0	0	0	0	0	0	0	0	0.0	0.0	0.0	0.0	0.000421	0.0	0.0	0.0	0.0	0.0	0.0	0.0	0.0	1.0	0.0	0.0	0.0	0.0	
260	260	7113.609509277	10078.309	10078.309	0.000113	0.0	0	0	0	0	258	0	0	0	0	0.0	0.0	0.0	0.0	0.28184	0.0	0.0	0.0	0.0	0.0	0.0	0.0	0.0	7040.08	0.0	0.0	0.0	0.0	0.0	0.0	0.0	0.0	27.2871	0.0	0.0	0.0	0.0	0	0	0	0	84	0	0	0	0	0	0	0	0	0	0	0	0	0	0	0	0	0	174	0	0	0	0	0	0	0	0	0	0	0	0	0	0	0	0	0	0	0	0	0	0	0	0	0	0	0	0	0	0	0	0.0	0.0	0.0	0.0	0.000379	0.0	0.0	0.0	0.0	0.0	0.0	0.0	0.0	1.0	0.0	0.0	0.0	0.0	
261	261	7138.34180522	10078.309	10078.309	0.000107	0.0	0	0	0	0	259	0	0	0	0	0.0	0.0	0.0	0.0	0.253656	0.0	0.0	0.0	0.0	0.0	0.0	0.0	0.0	7064.81	0.0	0.0	0.0	0.0	0.0	0.0	0.0	0.0	27.2773	0.0	0.0	0.0	0.0	0	0	0	0	84	0	0	0	0	0	0	0	0	0	0	0	0	0	0	0	0	0	175	0	0	0	0	0	0	0	0	0	0	0	0	0	0	0	0	0	0	0	0	0	0	0	0	0	0	0	0	0	0	0	0.0	0.0	0.0	0.0	0.000341	0.0	0.0	0.0	0.0	0.0	0.0	0.0	0.0	1.0	0.0	0.0	0.0	0.0	
262	262	7160.792503114	10078.309	10078.309	0.000102	0.0	0	0	0	0	260	0	0	0	0	0.0	0.0	0.0	0.0	0.228291	0.0	0.0	0.0	0.0	0.0	0.0	0.0	0.0	7087.26	0.0	0.0	0.0	0.0	0.0	0.0	0.0	0.0	27.2587	0.0	0.0	0.0	0.0	0	0	0	0	84	0	0	0	0	0	0	0	0	0	0	0	0	0	0	0	0	0	176	0	0	0	0	0	0	0	0	0	0	0	0	0	0	0	0	0	0	0	0	0	0	0	0	0	0	0	0	0	0	0	0.0	0.0	0.0	0.0	0.000307	0.0	0.0	0.0	0.0	0.0	0.0	0.0	0.0	1.0	0.0	0.0	0.0	0.0	
263	262	7160.792527599	10078.309	10078.309	9.8e-5	0.0	0	0	0	0	260	0	0	0	0	0.0	0.0	0.0	0.0	0.228291	0.0	0.0	0.0	0.0	0.0	0.0	0.0	0.0	7087.26	0.0	0.0	0.0	0.0	0.0	0.0	0.0	0.0	27.2587	0.0	0.0	0.0	0.0	0	0	0	0	84	0	0	0	0	0	0	0	0	0	0	0	0	0	0	0	0	0	176	0	0	0	0	0	0	0	0	0	0	0	0	0	0	0	0	0	0	0	0	0	0	0	0	0	0	0	0	0	0	0	0.0	0.0	0.0	0.0	0.000307	0.0	0.0	0.0	0.0	0.0	0.0	0.0	0.0	1.0	0.0	0.0	0.0	0.0	
