indexLine	algoIter	time	best obj	current obj	T	probdelta1	nb uses 1	nb uses 2	nb uses 3	nb uses 4	nb uses 5	nb uses 6	nb uses 7	nb uses 8	nb uses 9	score 1	score 2	score 3	score 4	score 5	score 6	score 7	score 8	score 9	duration 1	duration 2	duration 3	duration 4	duration 5	duration 6	duration 7	duration 8	duration 9	avgDuration 1	avgDuration 2	avgDuration 3	avgDuration 4	avgDuration 5	avgDuration 6	avgDuration 7	avgDuration 8	avgDuration 9	sigmas1 1	sigmas1 2	sigmas1 3	sigmas1 4	sigmas1 5	sigmas1 6	sigmas1 7	sigmas1 8	sigmas1 9	sigmas2 1	sigmas2 2	sigmas2 3	sigmas2 4	sigmas2 5	sigmas2 6	sigmas2 7	sigmas2 8	sigmas2 9	sigmas3 1	sigmas3 2	sigmas3 3	sigmas3 4	sigmas3 5	sigmas3 6	sigmas3 7	sigmas3 8	sigmas3 9	sigmas4 1	sigmas4 2	sigmas4 3	sigmas4 4	sigmas4 5	sigmas4 6	sigmas4 7	sigmas4 8	sigmas4 9	sigmas5 1	sigmas5 2	sigmas5 3	sigmas5 4	sigmas5 5	sigmas5 6	sigmas5 7	sigmas5 8	sigmas5 9	sigmas6 1	sigmas6 2	sigmas6 3	sigmas6 4	sigmas6 5	sigmas6 6	sigmas6 7	sigmas6 8	sigmas6 9	weight 1	weight 2	weight 3	weight 4	weight 5	weight 6	weight 7	weight 8	weight 9	proba 1	proba 2	proba 3	proba 4	proba 5	proba 6	proba 7	proba 8	proba 9	
1	1	12.404377837	3961.2	3961.2	100.0	0.99005	0	0	0	0	0	0	0	0	0	0.0	0.0	0.0	0.0	0.0	0.0	0.0	0.0	0.0	0.0	0.0	0.0	0.0	0.0	0.0	0.0	0.0	0.0	0.0	0.0	0.0	0.0	0.0	0.0	0.0	0.0	0.0	0	0	0	0	0	0	0	0	0	0	0	0	0	0	0	0	0	0	0	0	0	0	0	0	0	0	0	0	0	0	0	0	0	0	0	0	0	0	0	0	0	0	0	0	0	0	0	0	0	0	0	0	0	0	0.0	0.0	0.0	0.0	0.0	0.0	0.0	0.0	0.0	0.0	0.0	0.0	0.0	0.0	0.0	0.0	0.0	0.0	
2	2	192.452357781	3120.25	3120.25	100.0	0.99005	0	0	0	0	0	0	0	0	0	0.0	0.0	0.0	0.0	1.0	0.0	0.0	0.0	0.0	0.0	0.0	0.0	0.0	0.0	0.0	0.0	0.0	0.0	0.0	0.0	0.0	0.0	180.048	0.0	0.0	0.0	0.0	0	0	0	0	0	0	0	0	0	0	0	0	0	0	0	0	0	0	0	0	0	0	0	0	0	0	0	0	0	0	0	0	0	0	0	0	0	0	0	0	0	0	0	0	0	0	0	0	0	0	0	0	0	0	0.0	0.0	0.0	0.0	3.1e-5	0.0	0.0	0.0	0.0	0.0	0.0	0.0	0.0	0.0	0.0	0.0	0.0	0.0	
3	3	197.737962443	3103.75	3103.75	100.0	0.99005	0	0	0	0	1	0	0	0	0	0.0	0.0	0.0	0.0	1.0	0.0	0.0	0.0	0.0	0.0	0.0	0.0	0.0	5.28558	0.0	0.0	0.0	0.0	0.0	0.0	0.0	0.0	5.28558	0.0	0.0	0.0	0.0	0	0	0	0	1	0	0	0	0	0	0	0	0	0	0	0	0	0	0	0	0	0	0	0	0	0	0	0	0	0	0	0	0	0	0	0	0	0	0	0	0	0	0	0	0	0	0	0	0	0	0	0	0	0	0.0	0.0	0.0	0.0	0.035794	0.0	0.0	0.0	0.0	0.0	0.0	0.0	0.0	1.0	0.0	0.0	0.0	0.0	
4	4	287.485268277	2885.05	2885.05	68.3699	0.98548	0	0	0	0	2	0	0	0	0	0.0	0.0	0.0	0.0	1.0	0.0	0.0	0.0	0.0	0.0	0.0	0.0	0.0	95.0329	0.0	0.0	0.0	0.0	0.0	0.0	0.0	0.0	47.5164	0.0	0.0	0.0	0.0	0	0	0	0	2	0	0	0	0	0	0	0	0	0	0	0	0	0	0	0	0	0	0	0	0	0	0	0	0	0	0	0	0	0	0	0	0	0	0	0	0	0	0	0	0	0	0	0	0	0	0	0	0	0	0.0	0.0	0.0	0.0	0.000443	0.0	0.0	0.0	0.0	0.0	0.0	0.0	0.0	1.0	0.0	0.0	0.0	0.0	
5	5	307.266929953	2850.05	2850.05	57.5328	0.982769	0	0	0	0	3	0	0	0	0	0.0	0.0	0.0	0.0	1.0	0.0	0.0	0.0	0.0	0.0	0.0	0.0	0.0	114.814	0.0	0.0	0.0	0.0	0.0	0.0	0.0	0.0	38.2715	0.0	0.0	0.0	0.0	0	0	0	0	3	0	0	0	0	0	0	0	0	0	0	0	0	0	0	0	0	0	0	0	0	0	0	0	0	0	0	0	0	0	0	0	0	0	0	0	0	0	0	0	0	0	0	0	0	0	0	0	0	0	0.0	0.0	0.0	0.0	0.000683	0.0	0.0	0.0	0.0	0.0	0.0	0.0	0.0	1.0	0.0	0.0	0.0	0.0	
6	6	314.46190467	2833.05	2833.05	55.3854	0.982107	0	0	0	0	4	0	0	0	0	0.0	0.0	0.0	0.0	1.0	0.0	0.0	0.0	0.0	0.0	0.0	0.0	0.0	122.009	0.0	0.0	0.0	0.0	0.0	0.0	0.0	0.0	30.5024	0.0	0.0	0.0	0.0	0	0	0	0	4	0	0	0	0	0	0	0	0	0	0	0	0	0	0	0	0	0	0	0	0	0	0	0	0	0	0	0	0	0	0	0	0	0	0	0	0	0	0	0	0	0	0	0	0	0	0	0	0	0	0.0	0.0	0.0	0.0	0.001075	0.0	0.0	0.0	0.0	0.0	0.0	0.0	0.0	1.0	0.0	0.0	0.0	0.0	
7	7	328.784502978	2799.95	2799.95	54.6244	0.98186	0	0	0	0	5	0	0	0	0	0.0	0.0	0.0	0.0	1.0	0.0	0.0	0.0	0.0	0.0	0.0	0.0	0.0	136.332	0.0	0.0	0.0	0.0	0.0	0.0	0.0	0.0	27.2664	0.0	0.0	0.0	0.0	0	0	0	0	5	0	0	0	0	0	0	0	0	0	0	0	0	0	0	0	0	0	0	0	0	0	0	0	0	0	0	0	0	0	0	0	0	0	0	0	0	0	0	0	0	0	0	0	0	0	0	0	0	0	0.0	0.0	0.0	0.0	0.001345	0.0	0.0	0.0	0.0	0.0	0.0	0.0	0.0	1.0	0.0	0.0	0.0	0.0	
8	8	379.275129273	2751.4	2751.4	53.1405	0.981358	0	0	0	0	6	0	0	0	0	0.0	0.0	0.0	0.0	1.0	0.0	0.0	0.0	0.0	0.0	0.0	0.0	0.0	186.823	0.0	0.0	0.0	0.0	0.0	0.0	0.0	0.0	31.1371	0.0	0.0	0.0	0.0	0	0	0	0	6	0	0	0	0	0	0	0	0	0	0	0	0	0	0	0	0	0	0	0	0	0	0	0	0	0	0	0	0	0	0	0	0	0	0	0	0	0	0	0	0	0	0	0	0	0	0	0	0	0	0.0	0.0	0.0	0.0	0.001031	0.0	0.0	0.0	0.0	0.0	0.0	0.0	0.0	1.0	0.0	0.0	0.0	0.0	
9	9	386.207617865	2743.4	2743.4	48.2236	0.979477	0	0	0	0	7	0	0	0	0	0.0	0.0	0.0	0.0	1.0	0.0	0.0	0.0	0.0	0.0	0.0	0.0	0.0	193.755	0.0	0.0	0.0	0.0	0.0	0.0	0.0	0.0	27.6793	0.0	0.0	0.0	0.0	0	0	0	0	7	0	0	0	0	0	0	0	0	0	0	0	0	0	0	0	0	0	0	0	0	0	0	0	0	0	0	0	0	0	0	0	0	0	0	0	0	0	0	0	0	0	0	0	0	0	0	0	0	0	0.0	0.0	0.0	0.0	0.001305	0.0	0.0	0.0	0.0	0.0	0.0	0.0	0.0	1.0	0.0	0.0	0.0	0.0	
10	10	403.348833379	2675.3	2675.3	47.585	0.979204	0	0	0	0	8	0	0	0	0	0.0	0.0	0.0	0.0	1.0	0.0	0.0	0.0	0.0	0.0	0.0	0.0	0.0	210.896	0.0	0.0	0.0	0.0	0.0	0.0	0.0	0.0	26.362	0.0	0.0	0.0	0.0	0	0	0	0	8	0	0	0	0	0	0	0	0	0	0	0	0	0	0	0	0	0	0	0	0	0	0	0	0	0	0	0	0	0	0	0	0	0	0	0	0	0	0	0	0	0	0	0	0	0	0	0	0	0	0.0	0.0	0.0	0.0	0.001439	0.0	0.0	0.0	0.0	0.0	0.0	0.0	0.0	1.0	0.0	0.0	0.0	0.0	
11	11	422.092023625	2659.45	2659.45	46.0421	0.978515	0	0	0	0	9	0	0	0	0	0.0	0.0	0.0	0.0	1.0	0.0	0.0	0.0	0.0	0.0	0.0	0.0	0.0	229.639	0.0	0.0	0.0	0.0	0.0	0.0	0.0	0.0	25.5155	0.0	0.0	0.0	0.0	0	0	0	0	9	0	0	0	0	0	0	0	0	0	0	0	0	0	0	0	0	0	0	0	0	0	0	0	0	0	0	0	0	0	0	0	0	0	0	0	0	0	0	0	0	0	0	0	0	0	0	0	0	0	0.0	0.0	0.0	0.0	0.001536	0.0	0.0	0.0	0.0	0.0	0.0	0.0	0.0	1.0	0.0	0.0	0.0	0.0	
12	12	427.533885088	2659.45	2659.45	44.4122	0.977735	0	0	0	0	10	0	0	0	0	0.0	0.0	0.0	0.0	0.9	0.0	0.0	0.0	0.0	0.0	0.0	0.0	0.0	235.081	0.0	0.0	0.0	0.0	0.0	0.0	0.0	0.0	23.5081	0.0	0.0	0.0	0.0	0	0	0	0	9	0	0	0	0	0	0	0	0	0	0	0	0	0	0	0	0	0	1	0	0	0	0	0	0	0	0	0	0	0	0	0	0	0	0	0	0	0	0	0	0	0	0	0	0	0	0	0	0	0	0.0	0.0	0.0	0.0	0.001629	0.0	0.0	0.0	0.0	0.0	0.0	0.0	0.0	1.0	0.0	0.0	0.0	0.0	
13	13	450.970682843	2641.75	2641.75	43.9499	0.977504	0	0	0	0	11	0	0	0	0	0.0	0.0	0.0	0.0	0.91	0.0	0.0	0.0	0.0	0.0	0.0	0.0	0.0	258.518	0.0	0.0	0.0	0.0	0.0	0.0	0.0	0.0	23.5016	0.0	0.0	0.0	0.0	0	0	0	0	10	0	0	0	0	0	0	0	0	0	0	0	0	0	0	0	0	0	1	0	0	0	0	0	0	0	0	0	0	0	0	0	0	0	0	0	0	0	0	0	0	0	0	0	0	0	0	0	0	0	0.0	0.0	0.0	0.0	0.001648	0.0	0.0	0.0	0.0	0.0	0.0	0.0	0.0	1.0	0.0	0.0	0.0	0.0	
14	14	631.040202297	2633.5	2633.5	42.0132	0.976479	0	0	0	0	12	0	0	0	0	0.0	0.0	0.0	0.0	0.919	0.0	0.0	0.0	0.0	0.0	0.0	0.0	0.0	438.588	0.0	0.0	0.0	0.0	0.0	0.0	0.0	0.0	36.549	0.0	0.0	0.0	0.0	0	0	0	0	11	0	0	0	0	0	0	0	0	0	0	0	0	0	0	0	0	0	1	0	0	0	0	0	0	0	0	0	0	0	0	0	0	0	0	0	0	0	0	0	0	0	0	0	0	0	0	0	0	0	0.0	0.0	0.0	0.0	0.000688	0.0	0.0	0.0	0.0	0.0	0.0	0.0	0.0	1.0	0.0	0.0	0.0	0.0	
15	15	641.321951042	2606.15	2606.15	29.7171	0.966909	0	0	0	0	13	0	0	0	0	0.0	0.0	0.0	0.0	0.9271	0.0	0.0	0.0	0.0	0.0	0.0	0.0	0.0	448.869	0.0	0.0	0.0	0.0	0.0	0.0	0.0	0.0	34.5284	0.0	0.0	0.0	0.0	0	0	0	0	12	0	0	0	0	0	0	0	0	0	0	0	0	0	0	0	0	0	1	0	0	0	0	0	0	0	0	0	0	0	0	0	0	0	0	0	0	0	0	0	0	0	0	0	0	0	0	0	0	0	0.0	0.0	0.0	0.0	0.000778	0.0	0.0	0.0	0.0	0.0	0.0	0.0	0.0	1.0	0.0	0.0	0.0	0.0	
16	16	708.078389295	2592.15	2592.15	29.1353	0.96626	0	0	0	0	14	0	0	0	0	0.0	0.0	0.0	0.0	0.93439	0.0	0.0	0.0	0.0	0.0	0.0	0.0	0.0	515.626	0.0	0.0	0.0	0.0	0.0	0.0	0.0	0.0	36.8304	0.0	0.0	0.0	0.0	0	0	0	0	13	0	0	0	0	0	0	0	0	0	0	0	0	0	0	0	0	0	1	0	0	0	0	0	0	0	0	0	0	0	0	0	0	0	0	0	0	0	0	0	0	0	0	0	0	0	0	0	0	0	0.0	0.0	0.0	0.0	0.000689	0.0	0.0	0.0	0.0	0.0	0.0	0.0	0.0	1.0	0.0	0.0	0.0	0.0	
17	17	722.573132841	2585.65	2585.65	25.6254	0.961728	0	0	0	0	15	0	0	0	0	0.0	0.0	0.0	0.0	0.940951	0.0	0.0	0.0	0.0	0.0	0.0	0.0	0.0	530.12	0.0	0.0	0.0	0.0	0.0	0.0	0.0	0.0	35.3414	0.0	0.0	0.0	0.0	0	0	0	0	14	0	0	0	0	0	0	0	0	0	0	0	0	0	0	0	0	0	1	0	0	0	0	0	0	0	0	0	0	0	0	0	0	0	0	0	0	0	0	0	0	0	0	0	0	0	0	0	0	0	0.0	0.0	0.0	0.0	0.000753	0.0	0.0	0.0	0.0	0.0	0.0	0.0	0.0	1.0	0.0	0.0	0.0	0.0	
18	18	827.04621868	2557.2	2557.2	24.921	0.960668	0	0	0	0	16	0	0	0	0	0.0	0.0	0.0	0.0	0.946856	0.0	0.0	0.0	0.0	0.0	0.0	0.0	0.0	634.593	0.0	0.0	0.0	0.0	0.0	0.0	0.0	0.0	39.6621	0.0	0.0	0.0	0.0	0	0	0	0	15	0	0	0	0	0	0	0	0	0	0	0	0	0	0	0	0	0	1	0	0	0	0	0	0	0	0	0	0	0	0	0	0	0	0	0	0	0	0	0	0	0	0	0	0	0	0	0	0	0	0.0	0.0	0.0	0.0	0.000602	0.0	0.0	0.0	0.0	0.0	0.0	0.0	0.0	1.0	0.0	0.0	0.0	0.0	
19	19	834.885451274	2552.7	2552.7	20.3853	0.952129	0	0	0	0	17	0	0	0	0	0.0	0.0	0.0	0.0	0.95217	0.0	0.0	0.0	0.0	0.0	0.0	0.0	0.0	642.433	0.0	0.0	0.0	0.0	0.0	0.0	0.0	0.0	37.7902	0.0	0.0	0.0	0.0	0	0	0	0	16	0	0	0	0	0	0	0	0	0	0	0	0	0	0	0	0	0	1	0	0	0	0	0	0	0	0	0	0	0	0	0	0	0	0	0	0	0	0	0	0	0	0	0	0	0	0	0	0	0	0.0	0.0	0.0	0.0	0.000667	0.0	0.0	0.0	0.0	0.0	0.0	0.0	0.0	1.0	0.0	0.0	0.0	0.0	
20	20	838.306828659	2552.7	2552.7	20.0803	0.95142	0	0	0	0	18	0	0	0	0	0.0	0.0	0.0	0.0	0.856953	0.0	0.0	0.0	0.0	0.0	0.0	0.0	0.0	645.854	0.0	0.0	0.0	0.0	0.0	0.0	0.0	0.0	35.8808	0.0	0.0	0.0	0.0	0	0	0	0	16	0	0	0	0	0	0	0	0	0	0	0	0	0	0	0	0	0	2	0	0	0	0	0	0	0	0	0	0	0	0	0	0	0	0	0	0	0	0	0	0	0	0	0	0	0	0	0	0	0	0.0	0.0	0.0	0.0	0.000666	0.0	0.0	0.0	0.0	0.0	0.0	0.0	0.0	1.0	0.0	0.0	0.0	0.0	
21	21	846.289843435	2545.2	2545.2	19.9487	0.951107	0	0	0	0	19	0	0	0	0	0.0	0.0	0.0	0.0	0.871258	0.0	0.0	0.0	0.0	0.0	0.0	0.0	0.0	653.837	0.0	0.0	0.0	0.0	0.0	0.0	0.0	0.0	34.4125	0.0	0.0	0.0	0.0	0	0	0	0	17	0	0	0	0	0	0	0	0	0	0	0	0	0	0	0	0	0	2	0	0	0	0	0	0	0	0	0	0	0	0	0	0	0	0	0	0	0	0	0	0	0	0	0	0	0	0	0	0	0	0.0	0.0	0.0	0.0	0.000736	0.0	0.0	0.0	0.0	0.0	0.0	0.0	0.0	1.0	0.0	0.0	0.0	0.0	
22	22	868.048752326	2536.3	2536.3	19.6448	0.95037	0	0	0	0	20	0	0	0	0	0.0	0.0	0.0	0.0	0.884132	0.0	0.0	0.0	0.0	0.0	0.0	0.0	0.0	675.596	0.0	0.0	0.0	0.0	0.0	0.0	0.0	0.0	33.7798	0.0	0.0	0.0	0.0	0	0	0	0	18	0	0	0	0	0	0	0	0	0	0	0	0	0	0	0	0	0	2	0	0	0	0	0	0	0	0	0	0	0	0	0	0	0	0	0	0	0	0	0	0	0	0	0	0	0	0	0	0	0	0.0	0.0	0.0	0.0	0.000775	0.0	0.0	0.0	0.0	0.0	0.0	0.0	0.0	1.0	0.0	0.0	0.0	0.0	
23	23	873.377821705	2536.3	2536.3	18.8398	0.948305	0	0	0	0	21	0	0	0	0	0.0	0.0	0.0	0.0	0.795719	0.0	0.0	0.0	0.0	0.0	0.0	0.0	0.0	680.925	0.0	0.0	0.0	0.0	0.0	0.0	0.0	0.0	32.425	0.0	0.0	0.0	0.0	0	0	0	0	18	0	0	0	0	0	0	0	0	0	0	0	0	0	0	0	0	0	3	0	0	0	0	0	0	0	0	0	0	0	0	0	0	0	0	0	0	0	0	0	0	0	0	0	0	0	0	0	0	0	0.0	0.0	0.0	0.0	0.000757	0.0	0.0	0.0	0.0	0.0	0.0	0.0	0.0	1.0	0.0	0.0	0.0	0.0	
24	24	884.508255473	2536.3	2536.3	18.6477	0.947787	0	0	0	0	22	0	0	0	0	0.0	0.0	0.0	0.0	0.716147	0.0	0.0	0.0	0.0	0.0	0.0	0.0	0.0	692.055	0.0	0.0	0.0	0.0	0.0	0.0	0.0	0.0	31.4571	0.0	0.0	0.0	0.0	0	0	0	0	18	0	0	0	0	0	0	0	0	0	0	0	0	0	0	0	0	0	4	0	0	0	0	0	0	0	0	0	0	0	0	0	0	0	0	0	0	0	0	0	0	0	0	0	0	0	0	0	0	0	0.0	0.0	0.0	0.0	0.000724	0.0	0.0	0.0	0.0	0.0	0.0	0.0	0.0	1.0	0.0	0.0	0.0	0.0	
25	25	885.953835693	2536.3	2536.3	18.2528	0.946688	0	0	0	0	23	0	0	0	0	0.0	0.0	0.0	0.0	0.644532	0.0	0.0	0.0	0.0	0.0	0.0	0.0	0.0	693.501	0.0	0.0	0.0	0.0	0.0	0.0	0.0	0.0	30.1522	0.0	0.0	0.0	0.0	0	0	0	0	18	0	0	0	0	0	0	0	0	0	0	0	0	0	0	0	0	0	5	0	0	0	0	0	0	0	0	0	0	0	0	0	0	0	0	0	0	0	0	0	0	0	0	0	0	0	0	0	0	0	0.0	0.0	0.0	0.0	0.000709	0.0	0.0	0.0	0.0	0.0	0.0	0.0	0.0	1.0	0.0	0.0	0.0	0.0	
26	26	891.580548875	2533.3	2533.3	18.2022	0.946543	0	0	0	0	24	0	0	0	0	0.0	0.0	0.0	0.0	0.680079	0.0	0.0	0.0	0.0	0.0	0.0	0.0	0.0	699.128	0.0	0.0	0.0	0.0	0.0	0.0	0.0	0.0	29.1303	0.0	0.0	0.0	0.0	0	0	0	0	19	0	0	0	0	0	0	0	0	0	0	0	0	0	0	0	0	0	5	0	0	0	0	0	0	0	0	0	0	0	0	0	0	0	0	0	0	0	0	0	0	0	0	0	0	0	0	0	0	0	0.0	0.0	0.0	0.0	0.000801	0.0	0.0	0.0	0.0	0.0	0.0	0.0	0.0	1.0	0.0	0.0	0.0	0.0	
27	27	974.12811693	2533.3	2533.3	18.0063	0.945978	0	0	0	0	25	0	0	0	0	0.0	0.0	0.0	0.0	0.612071	0.0	0.0	0.0	0.0	0.0	0.0	0.0	0.0	781.675	0.0	0.0	0.0	0.0	0.0	0.0	0.0	0.0	31.267	0.0	0.0	0.0	0.0	0	0	0	0	19	0	0	0	0	0	0	0	0	0	0	0	0	0	0	0	0	0	6	0	0	0	0	0	0	0	0	0	0	0	0	0	0	0	0	0	0	0	0	0	0	0	0	0	0	0	0	0	0	0	0.0	0.0	0.0	0.0	0.000626	0.0	0.0	0.0	0.0	0.0	0.0	0.0	0.0	1.0	0.0	0.0	0.0	0.0	
28	28	977.871136692	2533.3	2533.3	15.3634	0.936983	0	0	0	0	26	0	0	0	0	0.0	0.0	0.0	0.0	0.550864	0.0	0.0	0.0	0.0	0.0	0.0	0.0	0.0	785.418	0.0	0.0	0.0	0.0	0.0	0.0	0.0	0.0	30.2084	0.0	0.0	0.0	0.0	0	0	0	0	19	0	0	0	0	0	0	0	0	0	0	0	0	0	0	0	0	0	7	0	0	0	0	0	0	0	0	0	0	0	0	0	0	0	0	0	0	0	0	0	0	0	0	0	0	0	0	0	0	0	0.0	0.0	0.0	0.0	0.000604	0.0	0.0	0.0	0.0	0.0	0.0	0.0	0.0	1.0	0.0	0.0	0.0	0.0	
29	29	978.975452142	2533.3	2533.3	15.2532	0.936543	0	0	0	0	27	0	0	0	0	0.0	0.0	0.0	0.0	0.495778	0.0	0.0	0.0	0.0	0.0	0.0	0.0	0.0	786.522	0.0	0.0	0.0	0.0	0.0	0.0	0.0	0.0	29.1305	0.0	0.0	0.0	0.0	0	0	0	0	19	0	0	0	0	0	0	0	0	0	0	0	0	0	0	0	0	0	8	0	0	0	0	0	0	0	0	0	0	0	0	0	0	0	0	0	0	0	0	0	0	0	0	0	0	0	0	0	0	0	0.0	0.0	0.0	0.0	0.000584	0.0	0.0	0.0	0.0	0.0	0.0	0.0	0.0	1.0	0.0	0.0	0.0	0.0	
30	30	1022.013213688	2533.3	2533.3	15.2208	0.936412	0	0	0	0	28	0	0	0	0	0.0	0.0	0.0	0.0	0.4462	0.0	0.0	0.0	0.0	0.0	0.0	0.0	0.0	829.56	0.0	0.0	0.0	0.0	0.0	0.0	0.0	0.0	29.6271	0.0	0.0	0.0	0.0	0	0	0	0	19	0	0	0	0	0	0	0	0	0	0	0	0	0	0	0	0	0	9	0	0	0	0	0	0	0	0	0	0	0	0	0	0	0	0	0	0	0	0	0	0	0	0	0	0	0	0	0	0	0	0.0	0.0	0.0	0.0	0.000508	0.0	0.0	0.0	0.0	0.0	0.0	0.0	0.0	1.0	0.0	0.0	0.0	0.0	
31	31	1046.893790369	2508.7	2508.7	14.0119	0.931119	0	0	0	0	29	0	0	0	0	0.0	0.0	0.0	0.0	0.50158	0.0	0.0	0.0	0.0	0.0	0.0	0.0	0.0	854.441	0.0	0.0	0.0	0.0	0.0	0.0	0.0	0.0	29.4635	0.0	0.0	0.0	0.0	0	0	0	0	20	0	0	0	0	0	0	0	0	0	0	0	0	0	0	0	0	0	9	0	0	0	0	0	0	0	0	0	0	0	0	0	0	0	0	0	0	0	0	0	0	0	0	0	0	0	0	0	0	0	0.0	0.0	0.0	0.0	0.000578	0.0	0.0	0.0	0.0	0.0	0.0	0.0	0.0	1.0	0.0	0.0	0.0	0.0	
32	32	1053.17201362	2508.7	2508.7	13.3573	0.927868	0	0	0	0	30	0	0	0	0	0.0	0.0	0.0	0.0	0.451422	0.0	0.0	0.0	0.0	0.0	0.0	0.0	0.0	860.719	0.0	0.0	0.0	0.0	0.0	0.0	0.0	0.0	28.6906	0.0	0.0	0.0	0.0	0	0	0	0	20	0	0	0	0	0	0	0	0	0	0	0	0	0	0	0	0	0	10	0	0	0	0	0	0	0	0	0	0	0	0	0	0	0	0	0	0	0	0	0	0	0	0	0	0	0	0	0	0	0	0.0	0.0	0.0	0.0	0.000548	0.0	0.0	0.0	0.0	0.0	0.0	0.0	0.0	1.0	0.0	0.0	0.0	0.0	
33	33	1060.929803315	2508.7	2508.7	13.197	0.927025	0	0	0	0	31	0	0	0	0	0.0	0.0	0.0	0.0	0.40628	0.0	0.0	0.0	0.0	0.0	0.0	0.0	0.0	868.477	0.0	0.0	0.0	0.0	0.0	0.0	0.0	0.0	28.0154	0.0	0.0	0.0	0.0	0	0	0	0	20	0	0	0	0	0	0	0	0	0	0	0	0	0	0	0	0	0	11	0	0	0	0	0	0	0	0	0	0	0	0	0	0	0	0	0	0	0	0	0	0	0	0	0	0	0	0	0	0	0	0.0	0.0	0.0	0.0	0.000518	0.0	0.0	0.0	0.0	0.0	0.0	0.0	0.0	1.0	0.0	0.0	0.0	0.0	
34	34	1066.605509263	2508.7	2508.7	13.0016	0.92597	0	0	0	0	32	0	0	0	0	0.0	0.0	0.0	0.0	0.365652	0.0	0.0	0.0	0.0	0.0	0.0	0.0	0.0	874.152	0.0	0.0	0.0	0.0	0.0	0.0	0.0	0.0	27.3173	0.0	0.0	0.0	0.0	0	0	0	0	20	0	0	0	0	0	0	0	0	0	0	0	0	0	0	0	0	0	12	0	0	0	0	0	0	0	0	0	0	0	0	0	0	0	0	0	0	0	0	0	0	0	0	0	0	0	0	0	0	0	0.0	0.0	0.0	0.0	0.00049	0.0	0.0	0.0	0.0	0.0	0.0	0.0	0.0	1.0	0.0	0.0	0.0	0.0	
35	35	1110.055606041	2508.7	2508.7	12.8605	0.925189	0	0	0	0	33	0	0	0	0	0.0	0.0	0.0	0.0	0.329087	0.0	0.0	0.0	0.0	0.0	0.0	0.0	0.0	917.602	0.0	0.0	0.0	0.0	0.0	0.0	0.0	0.0	27.8061	0.0	0.0	0.0	0.0	0	0	0	0	20	0	0	0	0	0	0	0	0	0	0	0	0	0	0	0	0	0	13	0	0	0	0	0	0	0	0	0	0	0	0	0	0	0	0	0	0	0	0	0	0	0	0	0	0	0	0	0	0	0	0.0	0.0	0.0	0.0	0.000426	0.0	0.0	0.0	0.0	0.0	0.0	0.0	0.0	1.0	0.0	0.0	0.0	0.0	
36	36	1226.186191425	2508.7	2508.7	11.8296	0.918941	0	0	0	0	34	0	0	0	0	0.0	0.0	0.0	0.0	0.296178	0.0	0.0	0.0	0.0	0.0	0.0	0.0	0.0	1033.73	0.0	0.0	0.0	0.0	0.0	0.0	0.0	0.0	30.4039	0.0	0.0	0.0	0.0	0	0	0	0	20	0	0	0	0	0	0	0	0	0	0	0	0	0	0	0	0	0	14	0	0	0	0	0	0	0	0	0	0	0	0	0	0	0	0	0	0	0	0	0	0	0	0	0	0	0	0	0	0	0	0.0	0.0	0.0	0.0	0.00032	0.0	0.0	0.0	0.0	0.0	0.0	0.0	0.0	1.0	0.0	0.0	0.0	0.0	
37	37	1241.041800176	2508.7	2508.7	9.46211	0.899708	0	0	0	0	35	0	0	0	0	0.0	0.0	0.0	0.0	0.26656	0.0	0.0	0.0	0.0	0.0	0.0	0.0	0.0	1048.59	0.0	0.0	0.0	0.0	0.0	0.0	0.0	0.0	29.9597	0.0	0.0	0.0	0.0	0	0	0	0	20	0	0	0	0	0	0	0	0	0	0	0	0	0	0	0	0	0	15	0	0	0	0	0	0	0	0	0	0	0	0	0	0	0	0	0	0	0	0	0	0	0	0	0	0	0	0	0	0	0	0.0	0.0	0.0	0.0	0.000297	0.0	0.0	0.0	0.0	0.0	0.0	0.0	0.0	1.0	0.0	0.0	0.0	0.0	
38	38	1294.617586451	2505.7	2505.7	9.19564	0.896957	0	0	0	0	36	0	0	0	0	0.0	0.0	0.0	0.0	0.339904	0.0	0.0	0.0	0.0	0.0	0.0	0.0	0.0	1102.16	0.0	0.0	0.0	0.0	0.0	0.0	0.0	0.0	30.6157	0.0	0.0	0.0	0.0	0	0	0	0	21	0	0	0	0	0	0	0	0	0	0	0	0	0	0	0	0	0	15	0	0	0	0	0	0	0	0	0	0	0	0	0	0	0	0	0	0	0	0	0	0	0	0	0	0	0	0	0	0	0	0.0	0.0	0.0	0.0	0.000363	0.0	0.0	0.0	0.0	0.0	0.0	0.0	0.0	1.0	0.0	0.0	0.0	0.0	
39	39	1305.412792157	2505.7	2505.7	8.29545	0.886434	0	0	0	0	37	0	0	0	0	0.0	0.0	0.0	0.0	0.305914	0.0	0.0	0.0	0.0	0.0	0.0	0.0	0.0	1112.96	0.0	0.0	0.0	0.0	0.0	0.0	0.0	0.0	30.08	0.0	0.0	0.0	0.0	0	0	0	0	21	0	0	0	0	0	0	0	0	0	0	0	0	0	0	0	0	0	16	0	0	0	0	0	0	0	0	0	0	0	0	0	0	0	0	0	0	0	0	0	0	0	0	0	0	0	0	0	0	0	0.0	0.0	0.0	0.0	0.000338	0.0	0.0	0.0	0.0	0.0	0.0	0.0	0.0	1.0	0.0	0.0	0.0	0.0	
40	40	1311.070718597	2505.7	2505.7	8.12502	0.884196	0	0	0	0	38	0	0	0	0	0.0	0.0	0.0	0.0	0.275322	0.0	0.0	0.0	0.0	0.0	0.0	0.0	0.0	1118.62	0.0	0.0	0.0	0.0	0.0	0.0	0.0	0.0	29.4373	0.0	0.0	0.0	0.0	0	0	0	0	21	0	0	0	0	0	0	0	0	0	0	0	0	0	0	0	0	0	17	0	0	0	0	0	0	0	0	0	0	0	0	0	0	0	0	0	0	0	0	0	0	0	0	0	0	0	0	0	0	0	0.0	0.0	0.0	0.0	0.000318	0.0	0.0	0.0	0.0	0.0	0.0	0.0	0.0	1.0	0.0	0.0	0.0	0.0	
41	41	1332.993124164	2505.7	2505.7	8.0371	0.883006	0	0	0	0	39	0	0	0	0	0.0	0.0	0.0	0.0	0.24779	0.0	0.0	0.0	0.0	0.0	0.0	0.0	0.0	1140.54	0.0	0.0	0.0	0.0	0.0	0.0	0.0	0.0	29.2446	0.0	0.0	0.0	0.0	0	0	0	0	21	0	0	0	0	0	0	0	0	0	0	0	0	0	0	0	0	0	18	0	0	0	0	0	0	0	0	0	0	0	0	0	0	0	0	0	0	0	0	0	0	0	0	0	0	0	0	0	0	0	0.0	0.0	0.0	0.0	0.00029	0.0	0.0	0.0	0.0	0.0	0.0	0.0	0.0	1.0	0.0	0.0	0.0	0.0	
42	42	1355.070355764	2505.7	2505.7	7.70534	0.878288	0	0	0	0	40	0	0	0	0	0.0	0.0	0.0	0.0	0.223011	0.0	0.0	0.0	0.0	0.0	0.0	0.0	0.0	1162.62	0.0	0.0	0.0	0.0	0.0	0.0	0.0	0.0	29.0654	0.0	0.0	0.0	0.0	0	0	0	0	21	0	0	0	0	0	0	0	0	0	0	0	0	0	0	0	0	0	19	0	0	0	0	0	0	0	0	0	0	0	0	0	0	0	0	0	0	0	0	0	0	0	0	0	0	0	0	0	0	0	0.0	0.0	0.0	0.0	0.000264	0.0	0.0	0.0	0.0	0.0	0.0	0.0	0.0	1.0	0.0	0.0	0.0	0.0	
43	43	1362.309822364	2505.7	2505.7	7.38507	0.873359	0	0	0	0	41	0	0	0	0	0.0	0.0	0.0	0.0	0.20071	0.0	0.0	0.0	0.0	0.0	0.0	0.0	0.0	1169.86	0.0	0.0	0.0	0.0	0.0	0.0	0.0	0.0	28.5331	0.0	0.0	0.0	0.0	0	0	0	0	21	0	0	0	0	0	0	0	0	0	0	0	0	0	0	0	0	0	20	0	0	0	0	0	0	0	0	0	0	0	0	0	0	0	0	0	0	0	0	0	0	0	0	0	0	0	0	0	0	0	0.0	0.0	0.0	0.0	0.000247	0.0	0.0	0.0	0.0	0.0	0.0	0.0	0.0	1.0	0.0	0.0	0.0	0.0	
44	44	1542.370367227	2501.7	2501.7	7.28297	0.871703	0	0	0	0	42	0	0	0	0	0.0	0.0	0.0	0.0	0.280639	0.0	0.0	0.0	0.0	0.0	0.0	0.0	0.0	1349.92	0.0	0.0	0.0	0.0	0.0	0.0	0.0	0.0	32.1409	0.0	0.0	0.0	0.0	0	0	0	0	22	0	0	0	0	0	0	0	0	0	0	0	0	0	0	0	0	0	20	0	0	0	0	0	0	0	0	0	0	0	0	0	0	0	0	0	0	0	0	0	0	0	0	0	0	0	0	0	0	0	0.0	0.0	0.0	0.0	0.000272	0.0	0.0	0.0	0.0	0.0	0.0	0.0	0.0	1.0	0.0	0.0	0.0	0.0	
45	45	1550.733425687	2501.7	2501.7	5.15153	0.823562	0	0	0	0	43	0	0	0	0	0.0	0.0	0.0	0.0	0.252575	0.0	0.0	0.0	0.0	0.0	0.0	0.0	0.0	1358.28	0.0	0.0	0.0	0.0	0.0	0.0	0.0	0.0	31.5879	0.0	0.0	0.0	0.0	0	0	0	0	22	0	0	0	0	0	0	0	0	0	0	0	0	0	0	0	0	0	21	0	0	0	0	0	0	0	0	0	0	0	0	0	0	0	0	0	0	0	0	0	0	0	0	0	0	0	0	0	0	0	0.0	0.0	0.0	0.0	0.000253	0.0	0.0	0.0	0.0	0.0	0.0	0.0	0.0	1.0	0.0	0.0	0.0	0.0	
46	46	1589.847585775	2501.7	2501.7	5.06935	0.820974	0	0	0	0	44	0	0	0	0	0.0	0.0	0.0	0.0	0.227318	0.0	0.0	0.0	0.0	0.0	0.0	0.0	0.0	1397.39	0.0	0.0	0.0	0.0	0.0	0.0	0.0	0.0	31.759	0.0	0.0	0.0	0.0	0	0	0	0	22	0	0	0	0	0	0	0	0	0	0	0	0	0	0	0	0	0	22	0	0	0	0	0	0	0	0	0	0	0	0	0	0	0	0	0	0	0	0	0	0	0	0	0	0	0	0	0	0	0	0.0	0.0	0.0	0.0	0.000225	0.0	0.0	0.0	0.0	0.0	0.0	0.0	0.0	1.0	0.0	0.0	0.0	0.0	
47	47	1595.054915594	2487.45	2487.45	4.70205	0.80842	0	0	0	0	45	0	0	0	0	0.0	0.0	0.0	0.0	0.304586	0.0	0.0	0.0	0.0	0.0	0.0	0.0	0.0	1402.6	0.0	0.0	0.0	0.0	0.0	0.0	0.0	0.0	31.1689	0.0	0.0	0.0	0.0	0	0	0	0	23	0	0	0	0	0	0	0	0	0	0	0	0	0	0	0	0	0	22	0	0	0	0	0	0	0	0	0	0	0	0	0	0	0	0	0	0	0	0	0	0	0	0	0	0	0	0	0	0	0	0.0	0.0	0.0	0.0	0.000314	0.0	0.0	0.0	0.0	0.0	0.0	0.0	0.0	1.0	0.0	0.0	0.0	0.0	
48	48	1602.134016871	2487.45	2487.45	4.6552	0.806692	0	0	0	0	46	0	0	0	0	0.0	0.0	0.0	0.0	0.274127	0.0	0.0	0.0	0.0	0.0	0.0	0.0	0.0	1409.68	0.0	0.0	0.0	0.0	0.0	0.0	0.0	0.0	30.6452	0.0	0.0	0.0	0.0	0	0	0	0	23	0	0	0	0	0	0	0	0	0	0	0	0	0	0	0	0	0	23	0	0	0	0	0	0	0	0	0	0	0	0	0	0	0	0	0	0	0	0	0	0	0	0	0	0	0	0	0	0	0	0.0	0.0	0.0	0.0	0.000292	0.0	0.0	0.0	0.0	0.0	0.0	0.0	0.0	1.0	0.0	0.0	0.0	0.0	
49	49	1626.224318642	2487.45	2487.45	4.59226	0.80432	0	0	0	0	47	0	0	0	0	0.0	0.0	0.0	0.0	0.246715	0.0	0.0	0.0	0.0	0.0	0.0	0.0	0.0	1433.77	0.0	0.0	0.0	0.0	0.0	0.0	0.0	0.0	30.5058	0.0	0.0	0.0	0.0	0	0	0	0	23	0	0	0	0	0	0	0	0	0	0	0	0	0	0	0	0	0	24	0	0	0	0	0	0	0	0	0	0	0	0	0	0	0	0	0	0	0	0	0	0	0	0	0	0	0	0	0	0	0	0.0	0.0	0.0	0.0	0.000265	0.0	0.0	0.0	0.0	0.0	0.0	0.0	0.0	1.0	0.0	0.0	0.0	0.0	
50	50	1633.583620765	2475.95	2475.95	4.38438	0.796059	0	0	0	0	48	0	0	0	0	0.0	0.0	0.0	0.0	0.322043	0.0	0.0	0.0	0.0	0.0	0.0	0.0	0.0	1441.13	0.0	0.0	0.0	0.0	0.0	0.0	0.0	0.0	30.0235	0.0	0.0	0.0	0.0	0	0	0	0	24	0	0	0	0	0	0	0	0	0	0	0	0	0	0	0	0	0	24	0	0	0	0	0	0	0	0	0	0	0	0	0	0	0	0	0	0	0	0	0	0	0	0	0	0	0	0	0	0	0	0.0	0.0	0.0	0.0	0.000357	0.0	0.0	0.0	0.0	0.0	0.0	0.0	0.0	1.0	0.0	0.0	0.0	0.0	
51	51	1737.093317921	2475.95	2475.95	4.32278	0.793475	0	0	0	0	49	0	0	0	0	0.0	0.0	0.0	0.0	0.289839	0.0	0.0	0.0	0.0	0.0	0.0	0.0	0.0	1544.64	0.0	0.0	0.0	0.0	0.0	0.0	0.0	0.0	31.5233	0.0	0.0	0.0	0.0	0	0	0	0	24	0	0	0	0	0	0	0	0	0	0	0	0	0	0	0	0	0	25	0	0	0	0	0	0	0	0	0	0	0	0	0	0	0	0	0	0	0	0	0	0	0	0	0	0	0	0	0	0	0	0.0	0.0	0.0	0.0	0.000292	0.0	0.0	0.0	0.0	0.0	0.0	0.0	0.0	1.0	0.0	0.0	0.0	0.0	
52	52	1747.483565286	2474.45	2474.45	3.54258	0.754062	0	0	0	0	50	0	0	0	0	0.0	0.0	0.0	0.0	0.360855	0.0	0.0	0.0	0.0	0.0	0.0	0.0	0.0	1555.03	0.0	0.0	0.0	0.0	0.0	0.0	0.0	0.0	31.1006	0.0	0.0	0.0	0.0	0	0	0	0	25	0	0	0	0	0	0	0	0	0	0	0	0	0	0	0	0	0	25	0	0	0	0	0	0	0	0	0	0	0	0	0	0	0	0	0	0	0	0	0	0	0	0	0	0	0	0	0	0	0	0.0	0.0	0.0	0.0	0.000373	0.0	0.0	0.0	0.0	0.0	0.0	0.0	0.0	1.0	0.0	0.0	0.0	0.0	
53	53	1756.327703861	2474.45	2474.45	3.4725	0.749779	0	0	0	0	51	0	0	0	0	0.0	0.0	0.0	0.0	0.324769	0.0	0.0	0.0	0.0	0.0	0.0	0.0	0.0	1563.87	0.0	0.0	0.0	0.0	0.0	0.0	0.0	0.0	30.6642	0.0	0.0	0.0	0.0	0	0	0	0	25	0	0	0	0	0	0	0	0	0	0	0	0	0	0	0	0	0	26	0	0	0	0	0	0	0	0	0	0	0	0	0	0	0	0	0	0	0	0	0	0	0	0	0	0	0	0	0	0	0	0.0	0.0	0.0	0.0	0.000345	0.0	0.0	0.0	0.0	0.0	0.0	0.0	0.0	1.0	0.0	0.0	0.0	0.0	
54	54	1780.366091793	2473.45	2473.45	3.41395	0.746085	0	0	0	0	52	0	0	0	0	0.0	0.0	0.0	0.0	0.392292	0.0	0.0	0.0	0.0	0.0	0.0	0.0	0.0	1587.91	0.0	0.0	0.0	0.0	0.0	0.0	0.0	0.0	30.5368	0.0	0.0	0.0	0.0	0	0	0	0	26	0	0	0	0	0	0	0	0	0	0	0	0	0	0	0	0	0	26	0	0	0	0	0	0	0	0	0	0	0	0	0	0	0	0	0	0	0	0	0	0	0	0	0	0	0	0	0	0	0	0.0	0.0	0.0	0.0	0.000421	0.0	0.0	0.0	0.0	0.0	0.0	0.0	0.0	1.0	0.0	0.0	0.0	0.0	
55	55	1839.095597444	2473.45	2473.45	3.25973	0.735817	0	0	0	0	53	0	0	0	0	0.0	0.0	0.0	0.0	0.353063	0.0	0.0	0.0	0.0	0.0	0.0	0.0	0.0	1646.64	0.0	0.0	0.0	0.0	0.0	0.0	0.0	0.0	31.0687	0.0	0.0	0.0	0.0	0	0	0	0	26	0	0	0	0	0	0	0	0	0	0	0	0	0	0	0	0	0	27	0	0	0	0	0	0	0	0	0	0	0	0	0	0	0	0	0	0	0	0	0	0	0	0	0	0	0	0	0	0	0	0.0	0.0	0.0	0.0	0.000366	0.0	0.0	0.0	0.0	0.0	0.0	0.0	0.0	1.0	0.0	0.0	0.0	0.0	
56	56	1848.335301623	2473.45	2473.45	2.91163	0.709318	0	0	0	0	54	0	0	0	0	0.0	0.0	0.0	0.0	0.317757	0.0	0.0	0.0	0.0	0.0	0.0	0.0	0.0	1655.88	0.0	0.0	0.0	0.0	0.0	0.0	0.0	0.0	30.6645	0.0	0.0	0.0	0.0	0	0	0	0	26	0	0	0	0	0	0	0	0	0	0	0	0	0	0	0	0	0	28	0	0	0	0	0	0	0	0	0	0	0	0	0	0	0	0	0	0	0	0	0	0	0	0	0	0	0	0	0	0	0	0.0	0.0	0.0	0.0	0.000338	0.0	0.0	0.0	0.0	0.0	0.0	0.0	0.0	1.0	0.0	0.0	0.0	0.0	
57	57	1851.88746874	2473.45	2473.45	2.86035	0.704965	0	0	0	0	55	0	0	0	0	0.0	0.0	0.0	0.0	0.285981	0.0	0.0	0.0	0.0	0.0	0.0	0.0	0.0	1659.43	0.0	0.0	0.0	0.0	0.0	0.0	0.0	0.0	30.1715	0.0	0.0	0.0	0.0	0	0	0	0	26	0	0	0	0	0	0	0	0	0	0	0	0	0	0	0	0	0	29	0	0	0	0	0	0	0	0	0	0	0	0	0	0	0	0	0	0	0	0	0	0	0	0	0	0	0	0	0	0	0	0.0	0.0	0.0	0.0	0.000314	0.0	0.0	0.0	0.0	0.0	0.0	0.0	0.0	1.0	0.0	0.0	0.0	0.0	
58	58	1877.490831287	2473.45	2473.45	2.84088	0.703278	0	0	0	0	56	0	0	0	0	0.0	0.0	0.0	0.0	0.257383	0.0	0.0	0.0	0.0	0.0	0.0	0.0	0.0	1685.04	0.0	0.0	0.0	0.0	0.0	0.0	0.0	0.0	30.0899	0.0	0.0	0.0	0.0	0	0	0	0	26	0	0	0	0	0	0	0	0	0	0	0	0	0	0	0	0	0	30	0	0	0	0	0	0	0	0	0	0	0	0	0	0	0	0	0	0	0	0	0	0	0	0	0	0	0	0	0	0	0	0.0	0.0	0.0	0.0	0.000284	0.0	0.0	0.0	0.0	0.0	0.0	0.0	0.0	1.0	0.0	0.0	0.0	0.0	
59	59	1882.355085956	2473.45	2473.45	2.7044	0.690895	0	0	0	0	57	0	0	0	0	0.0	0.0	0.0	0.0	0.231645	0.0	0.0	0.0	0.0	0.0	0.0	0.0	0.0	1689.9	0.0	0.0	0.0	0.0	0.0	0.0	0.0	0.0	29.6474	0.0	0.0	0.0	0.0	0	0	0	0	26	0	0	0	0	0	0	0	0	0	0	0	0	0	0	0	0	0	31	0	0	0	0	0	0	0	0	0	0	0	0	0	0	0	0	0	0	0	0	0	0	0	0	0	0	0	0	0	0	0	0.0	0.0	0.0	0.0	0.000264	0.0	0.0	0.0	0.0	0.0	0.0	0.0	0.0	1.0	0.0	0.0	0.0	0.0	
60	60	1890.750672563	2473.45	2473.45	2.67922	0.688498	0	0	0	0	58	0	0	0	0	0.0	0.0	0.0	0.0	0.20848	0.0	0.0	0.0	0.0	0.0	0.0	0.0	0.0	1698.3	0.0	0.0	0.0	0.0	0.0	0.0	0.0	0.0	29.281	0.0	0.0	0.0	0.0	0	0	0	0	26	0	0	0	0	0	0	0	0	0	0	0	0	0	0	0	0	0	32	0	0	0	0	0	0	0	0	0	0	0	0	0	0	0	0	0	0	0	0	0	0	0	0	0	0	0	0	0	0	0	0.0	0.0	0.0	0.0	0.000243	0.0	0.0	0.0	0.0	0.0	0.0	0.0	0.0	1.0	0.0	0.0	0.0	0.0	
61	62	1899.742446927	2464.95	2464.95	2.63148	0.683852	0	0	0	0	60	0	0	0	0	0.0	0.0	0.0	0.0	0.268869	0.0	0.0	0.0	0.0	0.0	0.0	0.0	0.0	1707.29	0.0	0.0	0.0	0.0	0.0	0.0	0.0	0.0	28.4548	0.0	0.0	0.0	0.0	0	0	0	0	27	0	0	0	0	0	0	0	0	0	0	0	0	0	0	0	0	0	33	0	0	0	0	0	0	0	0	0	0	0	0	0	0	0	0	0	0	0	0	0	0	0	0	0	0	0	0	0	0	0	0.0	0.0	0.0	0.0	0.000332	0.0	0.0	0.0	0.0	0.0	0.0	0.0	0.0	1.0	0.0	0.0	0.0	0.0	
62	63	1904.462823286	2464.95	2464.95	2.59112	0.679816	0	0	0	0	61	0	0	0	0	0.0	0.0	0.0	0.0	0.241982	0.0	0.0	0.0	0.0	0.0	0.0	0.0	0.0	1712.01	0.0	0.0	0.0	0.0	0.0	0.0	0.0	0.0	28.0657	0.0	0.0	0.0	0.0	0	0	0	0	27	0	0	0	0	0	0	0	0	0	0	0	0	0	0	0	0	0	34	0	0	0	0	0	0	0	0	0	0	0	0	0	0	0	0	0	0	0	0	0	0	0	0	0	0	0	0	0	0	0	0.0	0.0	0.0	0.0	0.000307	0.0	0.0	0.0	0.0	0.0	0.0	0.0	0.0	1.0	0.0	0.0	0.0	0.0	
63	64	1907.499232247	2464.95	2464.95	2.56771	0.677428	0	0	0	0	62	0	0	0	0	0.0	0.0	0.0	0.0	0.217784	0.0	0.0	0.0	0.0	0.0	0.0	0.0	0.0	1715.05	0.0	0.0	0.0	0.0	0.0	0.0	0.0	0.0	27.662	0.0	0.0	0.0	0.0	0	0	0	0	27	0	0	0	0	0	0	0	0	0	0	0	0	0	0	0	0	0	35	0	0	0	0	0	0	0	0	0	0	0	0	0	0	0	0	0	0	0	0	0	0	0	0	0	0	0	0	0	0	0	0.0	0.0	0.0	0.0	0.000285	0.0	0.0	0.0	0.0	0.0	0.0	0.0	0.0	1.0	0.0	0.0	0.0	0.0	
64	65	1931.475260665	2464.95	2464.95	2.55276	0.675885	0	0	0	0	63	0	0	0	0	0.0	0.0	0.0	0.0	0.196006	0.0	0.0	0.0	0.0	0.0	0.0	0.0	0.0	1739.02	0.0	0.0	0.0	0.0	0.0	0.0	0.0	0.0	27.6035	0.0	0.0	0.0	0.0	0	0	0	0	27	0	0	0	0	0	0	0	0	0	0	0	0	0	0	0	0	0	36	0	0	0	0	0	0	0	0	0	0	0	0	0	0	0	0	0	0	0	0	0	0	0	0	0	0	0	0	0	0	0	0.0	0.0	0.0	0.0	0.000257	0.0	0.0	0.0	0.0	0.0	0.0	0.0	0.0	1.0	0.0	0.0	0.0	0.0	
65	66	1935.700815363	2464.95	2464.95	2.43774	0.663507	0	0	0	0	64	0	0	0	0	0.0	0.0	0.0	0.0	0.176405	0.0	0.0	0.0	0.0	0.0	0.0	0.0	0.0	1743.25	0.0	0.0	0.0	0.0	0.0	0.0	0.0	0.0	27.2382	0.0	0.0	0.0	0.0	0	0	0	0	27	0	0	0	0	0	0	0	0	0	0	0	0	0	0	0	0	0	37	0	0	0	0	0	0	0	0	0	0	0	0	0	0	0	0	0	0	0	0	0	0	0	0	0	0	0	0	0	0	0	0.0	0.0	0.0	0.0	0.000238	0.0	0.0	0.0	0.0	0.0	0.0	0.0	0.0	1.0	0.0	0.0	0.0	0.0	
66	67	1945.027234516	2464.95	2464.95	2.41801	0.66129	0	0	0	0	65	0	0	0	0	0.0	0.0	0.0	0.0	0.158764	0.0	0.0	0.0	0.0	0.0	0.0	0.0	0.0	1752.57	0.0	0.0	0.0	0.0	0.0	0.0	0.0	0.0	26.9627	0.0	0.0	0.0	0.0	0	0	0	0	27	0	0	0	0	0	0	0	0	0	0	0	0	0	0	0	0	0	38	0	0	0	0	0	0	0	0	0	0	0	0	0	0	0	0	0	0	0	0	0	0	0	0	0	0	0	0	0	0	0	0.0	0.0	0.0	0.0	0.000218	0.0	0.0	0.0	0.0	0.0	0.0	0.0	0.0	1.0	0.0	0.0	0.0	0.0	
67	68	1950.134967388	2464.95	2464.95	2.37504	0.65636	0	0	0	0	66	0	0	0	0	0.0	0.0	0.0	0.0	0.142888	0.0	0.0	0.0	0.0	0.0	0.0	0.0	0.0	1757.68	0.0	0.0	0.0	0.0	0.0	0.0	0.0	0.0	26.6315	0.0	0.0	0.0	0.0	0	0	0	0	27	0	0	0	0	0	0	0	0	0	0	0	0	0	0	0	0	0	39	0	0	0	0	0	0	0	0	0	0	0	0	0	0	0	0	0	0	0	0	0	0	0	0	0	0	0	0	0	0	0	0.0	0.0	0.0	0.0	0.000201	0.0	0.0	0.0	0.0	0.0	0.0	0.0	0.0	1.0	0.0	0.0	0.0	0.0	
68	69	1966.198844291	2464.95	2464.95	2.35182	0.653638	0	0	0	0	67	0	0	0	0	0.0	0.0	0.0	0.0	0.128599	0.0	0.0	0.0	0.0	0.0	0.0	0.0	0.0	1773.74	0.0	0.0	0.0	0.0	0.0	0.0	0.0	0.0	26.4738	0.0	0.0	0.0	0.0	0	0	0	0	27	0	0	0	0	0	0	0	0	0	0	0	0	0	0	0	0	0	40	0	0	0	0	0	0	0	0	0	0	0	0	0	0	0	0	0	0	0	0	0	0	0	0	0	0	0	0	0	0	0	0.0	0.0	0.0	0.0	0.000183	0.0	0.0	0.0	0.0	0.0	0.0	0.0	0.0	1.0	0.0	0.0	0.0	0.0	
69	70	2137.560938949	2452.3	2452.3	2.28029	0.644976	0	0	0	0	68	0	0	0	0	0.0	0.0	0.0	0.0	0.215739	0.0	0.0	0.0	0.0	0.0	0.0	0.0	0.0	1945.11	0.0	0.0	0.0	0.0	0.0	0.0	0.0	0.0	28.6045	0.0	0.0	0.0	0.0	0	0	0	0	28	0	0	0	0	0	0	0	0	0	0	0	0	0	0	0	0	0	40	0	0	0	0	0	0	0	0	0	0	0	0	0	0	0	0	0	0	0	0	0	0	0	0	0	0	0	0	0	0	0	0.0	0.0	0.0	0.0	0.000264	0.0	0.0	0.0	0.0	0.0	0.0	0.0	0.0	1.0	0.0	0.0	0.0	0.0	
70	71	2149.354826294	2452.3	2452.3	1.64014	0.543512	0	0	0	0	69	0	0	0	0	0.0	0.0	0.0	0.0	0.194165	0.0	0.0	0.0	0.0	0.0	0.0	0.0	0.0	1956.9	0.0	0.0	0.0	0.0	0.0	0.0	0.0	0.0	28.3609	0.0	0.0	0.0	0.0	0	0	0	0	28	0	0	0	0	0	0	0	0	0	0	0	0	0	0	0	0	0	41	0	0	0	0	0	0	0	0	0	0	0	0	0	0	0	0	0	0	0	0	0	0	0	0	0	0	0	0	0	0	0	0.0	0.0	0.0	0.0	0.000241	0.0	0.0	0.0	0.0	0.0	0.0	0.0	0.0	1.0	0.0	0.0	0.0	0.0	
71	72	2153.101536011	2452.3	2452.3	1.60336	0.535964	0	0	0	0	70	0	0	0	0	0.0	0.0	0.0	0.0	0.174749	0.0	0.0	0.0	0.0	0.0	0.0	0.0	0.0	1960.65	0.0	0.0	0.0	0.0	0.0	0.0	0.0	0.0	28.0092	0.0	0.0	0.0	0.0	0	0	0	0	28	0	0	0	0	0	0	0	0	0	0	0	0	0	0	0	0	0	42	0	0	0	0	0	0	0	0	0	0	0	0	0	0	0	0	0	0	0	0	0	0	0	0	0	0	0	0	0	0	0	0.0	0.0	0.0	0.0	0.000223	0.0	0.0	0.0	0.0	0.0	0.0	0.0	0.0	1.0	0.0	0.0	0.0	0.0	
72	73	2157.939705116	2452.3	2452.3	1.59185	0.533552	0	0	0	0	71	0	0	0	0	0.0	0.0	0.0	0.0	0.157274	0.0	0.0	0.0	0.0	0.0	0.0	0.0	0.0	1965.49	0.0	0.0	0.0	0.0	0.0	0.0	0.0	0.0	27.6829	0.0	0.0	0.0	0.0	0	0	0	0	28	0	0	0	0	0	0	0	0	0	0	0	0	0	0	0	0	0	43	0	0	0	0	0	0	0	0	0	0	0	0	0	0	0	0	0	0	0	0	0	0	0	0	0	0	0	0	0	0	0	0.0	0.0	0.0	0.0	0.000205	0.0	0.0	0.0	0.0	0.0	0.0	0.0	0.0	1.0	0.0	0.0	0.0	0.0	
73	74	2219.559690876	2441.3	2441.3	1.57711	0.530429	0	0	0	0	72	0	0	0	0	0.0	0.0	0.0	0.0	0.241547	0.0	0.0	0.0	0.0	0.0	0.0	0.0	0.0	2027.11	0.0	0.0	0.0	0.0	0.0	0.0	0.0	0.0	28.1542	0.0	0.0	0.0	0.0	0	0	0	0	29	0	0	0	0	0	0	0	0	0	0	0	0	0	0	0	0	0	43	0	0	0	0	0	0	0	0	0	0	0	0	0	0	0	0	0	0	0	0	0	0	0	0	0	0	0	0	0	0	0	0.0	0.0	0.0	0.0	0.000305	0.0	0.0	0.0	0.0	0.0	0.0	0.0	0.0	1.0	0.0	0.0	0.0	0.0	
74	75	2241.199574539	2441.3	2441.3	1.40089	0.489763	0	0	0	0	73	0	0	0	0	0.0	0.0	0.0	0.0	0.217392	0.0	0.0	0.0	0.0	0.0	0.0	0.0	0.0	2048.75	0.0	0.0	0.0	0.0	0.0	0.0	0.0	0.0	28.065	0.0	0.0	0.0	0.0	0	0	0	0	29	0	0	0	0	0	0	0	0	0	0	0	0	0	0	0	0	0	44	0	0	0	0	0	0	0	0	0	0	0	0	0	0	0	0	0	0	0	0	0	0	0	0	0	0	0	0	0	0	0	0.0	0.0	0.0	0.0	0.000276	0.0	0.0	0.0	0.0	0.0	0.0	0.0	0.0	1.0	0.0	0.0	0.0	0.0	
75	76	2244.557002449	2441.3	2441.3	1.34379	0.475131	0	0	0	0	74	0	0	0	0	0.0	0.0	0.0	0.0	0.195653	0.0	0.0	0.0	0.0	0.0	0.0	0.0	0.0	2052.1	0.0	0.0	0.0	0.0	0.0	0.0	0.0	0.0	27.7311	0.0	0.0	0.0	0.0	0	0	0	0	29	0	0	0	0	0	0	0	0	0	0	0	0	0	0	0	0	0	45	0	0	0	0	0	0	0	0	0	0	0	0	0	0	0	0	0	0	0	0	0	0	0	0	0	0	0	0	0	0	0	0.0	0.0	0.0	0.0	0.000254	0.0	0.0	0.0	0.0	0.0	0.0	0.0	0.0	1.0	0.0	0.0	0.0	0.0	
76	77	2251.266845047	2441.3	2441.3	1.33514	0.472846	0	0	0	0	75	0	0	0	0	0.0	0.0	0.0	0.0	0.176087	0.0	0.0	0.0	0.0	0.0	0.0	0.0	0.0	2058.81	0.0	0.0	0.0	0.0	0.0	0.0	0.0	0.0	27.4508	0.0	0.0	0.0	0.0	0	0	0	0	29	0	0	0	0	0	0	0	0	0	0	0	0	0	0	0	0	0	46	0	0	0	0	0	0	0	0	0	0	0	0	0	0	0	0	0	0	0	0	0	0	0	0	0	0	0	0	0	0	0	0.0	0.0	0.0	0.0	0.000234	0.0	0.0	0.0	0.0	0.0	0.0	0.0	0.0	1.0	0.0	0.0	0.0	0.0	
77	78	2257.687907657	2441.3	2441.3	1.31802	0.46827	0	0	0	0	76	0	0	0	0	0.0	0.0	0.0	0.0	0.158479	0.0	0.0	0.0	0.0	0.0	0.0	0.0	0.0	2065.23	0.0	0.0	0.0	0.0	0.0	0.0	0.0	0.0	27.1741	0.0	0.0	0.0	0.0	0	0	0	0	29	0	0	0	0	0	0	0	0	0	0	0	0	0	0	0	0	0	47	0	0	0	0	0	0	0	0	0	0	0	0	0	0	0	0	0	0	0	0	0	0	0	0	0	0	0	0	0	0	0	0.0	0.0	0.0	0.0	0.000215	0.0	0.0	0.0	0.0	0.0	0.0	0.0	0.0	1.0	0.0	0.0	0.0	0.0	
78	79	2260.999481871	2441.3	2441.3	1.30185	0.463876	0	0	0	0	77	0	0	0	0	0.0	0.0	0.0	0.0	0.142631	0.0	0.0	0.0	0.0	0.0	0.0	0.0	0.0	2068.55	0.0	0.0	0.0	0.0	0.0	0.0	0.0	0.0	26.8642	0.0	0.0	0.0	0.0	0	0	0	0	29	0	0	0	0	0	0	0	0	0	0	0	0	0	0	0	0	0	48	0	0	0	0	0	0	0	0	0	0	0	0	0	0	0	0	0	0	0	0	0	0	0	0	0	0	0	0	0	0	0	0.0	0.0	0.0	0.0	0.000198	0.0	0.0	0.0	0.0	0.0	0.0	0.0	0.0	1.0	0.0	0.0	0.0	0.0	
79	80	2270.12980504	2441.3	2441.3	1.29359	0.461606	0	0	0	0	78	0	0	0	0	0.0	0.0	0.0	0.0	0.128368	0.0	0.0	0.0	0.0	0.0	0.0	0.0	0.0	2077.68	0.0	0.0	0.0	0.0	0.0	0.0	0.0	0.0	26.6369	0.0	0.0	0.0	0.0	0	0	0	0	29	0	0	0	0	0	0	0	0	0	0	0	0	0	0	0	0	0	49	0	0	0	0	0	0	0	0	0	0	0	0	0	0	0	0	0	0	0	0	0	0	0	0	0	0	0	0	0	0	0	0.0	0.0	0.0	0.0	0.000181	0.0	0.0	0.0	0.0	0.0	0.0	0.0	0.0	1.0	0.0	0.0	0.0	0.0	
80	81	2324.818773308	2441.3	2441.3	1.27107	0.455328	0	0	0	0	79	0	0	0	0	0.0	0.0	0.0	0.0	0.115531	0.0	0.0	0.0	0.0	0.0	0.0	0.0	0.0	2132.36	0.0	0.0	0.0	0.0	0.0	0.0	0.0	0.0	26.992	0.0	0.0	0.0	0.0	0	0	0	0	29	0	0	0	0	0	0	0	0	0	0	0	0	0	0	0	0	0	50	0	0	0	0	0	0	0	0	0	0	0	0	0	0	0	0	0	0	0	0	0	0	0	0	0	0	0	0	0	0	0	0.0	0.0	0.0	0.0	0.000159	0.0	0.0	0.0	0.0	0.0	0.0	0.0	0.0	1.0	0.0	0.0	0.0	0.0	
81	82	2340.35730377	2441.3	2441.3	1.14419	0.417288	0	0	0	0	80	0	0	0	0	0.0	0.0	0.0	0.0	0.103978	0.0	0.0	0.0	0.0	0.0	0.0	0.0	0.0	2147.9	0.0	0.0	0.0	0.0	0.0	0.0	0.0	0.0	26.8488	0.0	0.0	0.0	0.0	0	0	0	0	29	0	0	0	0	0	0	0	0	0	0	0	0	0	0	0	0	0	51	0	0	0	0	0	0	0	0	0	0	0	0	0	0	0	0	0	0	0	0	0	0	0	0	0	0	0	0	0	0	0	0.0	0.0	0.0	0.0	0.000144	0.0	0.0	0.0	0.0	0.0	0.0	0.0	0.0	1.0	0.0	0.0	0.0	0.0	
82	83	2384.509965105	2441.3	2441.3	1.11051	0.406371	0	0	0	0	81	0	0	0	0	0.0	0.0	0.0	0.0	0.09358	0.0	0.0	0.0	0.0	0.0	0.0	0.0	0.0	2192.06	0.0	0.0	0.0	0.0	0.0	0.0	0.0	0.0	27.0624	0.0	0.0	0.0	0.0	0	0	0	0	29	0	0	0	0	0	0	0	0	0	0	0	0	0	0	0	0	0	52	0	0	0	0	0	0	0	0	0	0	0	0	0	0	0	0	0	0	0	0	0	0	0	0	0	0	0	0	0	0	0	0.0	0.0	0.0	0.0	0.000128	0.0	0.0	0.0	0.0	0.0	0.0	0.0	0.0	1.0	0.0	0.0	0.0	0.0	
83	84	2461.998555967	2441.3	2441.3	1.02012	0.375206	0	0	0	0	82	0	0	0	0	0.0	0.0	0.0	0.0	0.084222	0.0	0.0	0.0	0.0	0.0	0.0	0.0	0.0	2269.54	0.0	0.0	0.0	0.0	0.0	0.0	0.0	0.0	27.6774	0.0	0.0	0.0	0.0	0	0	0	0	29	0	0	0	0	0	0	0	0	0	0	0	0	0	0	0	0	0	53	0	0	0	0	0	0	0	0	0	0	0	0	0	0	0	0	0	0	0	0	0	0	0	0	0	0	0	0	0	0	0	0.0	0.0	0.0	0.0	0.00011	0.0	0.0	0.0	0.0	0.0	0.0	0.0	0.0	1.0	0.0	0.0	0.0	0.0	
84	85	2487.016005446	2441.3	2441.3	0.878896	0.320526	0	0	0	0	83	0	0	0	0	0.0	0.0	0.0	0.0	0.0758	0.0	0.0	0.0	0.0	0.0	0.0	0.0	0.0	2294.56	0.0	0.0	0.0	0.0	0.0	0.0	0.0	0.0	27.6453	0.0	0.0	0.0	0.0	0	0	0	0	29	0	0	0	0	0	0	0	0	0	0	0	0	0	0	0	0	0	54	0	0	0	0	0	0	0	0	0	0	0	0	0	0	0	0	0	0	0	0	0	0	0	0	0	0	0	0	0	0	0	0.0	0.0	0.0	0.0	9.9e-5	0.0	0.0	0.0	0.0	0.0	0.0	0.0	0.0	1.0	0.0	0.0	0.0	0.0	
85	86	2494.730050776	2441.3	2441.3	0.837616	0.303048	0	0	0	0	84	0	0	0	0	0.0	0.0	0.0	0.0	0.06822	0.0	0.0	0.0	0.0	0.0	0.0	0.0	0.0	2302.28	0.0	0.0	0.0	0.0	0.0	0.0	0.0	0.0	27.408	0.0	0.0	0.0	0.0	0	0	0	0	29	0	0	0	0	0	0	0	0	0	0	0	0	0	0	0	0	0	55	0	0	0	0	0	0	0	0	0	0	0	0	0	0	0	0	0	0	0	0	0	0	0	0	0	0	0	0	0	0	0	0.0	0.0	0.0	0.0	9.1e-5	0.0	0.0	0.0	0.0	0.0	0.0	0.0	0.0	1.0	0.0	0.0	0.0	0.0	
86	87	2503.980401413	2441.3	2441.3	0.825282	0.297689	0	0	0	0	85	0	0	0	0	0.0	0.0	0.0	0.0	0.061398	0.0	0.0	0.0	0.0	0.0	0.0	0.0	0.0	2311.53	0.0	0.0	0.0	0.0	0.0	0.0	0.0	0.0	27.1944	0.0	0.0	0.0	0.0	0	0	0	0	29	0	0	0	0	0	0	0	0	0	0	0	0	0	0	0	0	0	56	0	0	0	0	0	0	0	0	0	0	0	0	0	0	0	0	0	0	0	0	0	0	0	0	0	0	0	0	0	0	0	0.0	0.0	0.0	0.0	8.3e-5	0.0	0.0	0.0	0.0	0.0	0.0	0.0	0.0	1.0	0.0	0.0	0.0	0.0	
87	88	2509.322569866	2441.3	2441.3	0.810732	0.291285	0	0	0	0	86	0	0	0	0	0.0	0.0	0.0	0.0	0.055258	0.0	0.0	0.0	0.0	0.0	0.0	0.0	0.0	2316.87	0.0	0.0	0.0	0.0	0.0	0.0	0.0	0.0	26.9403	0.0	0.0	0.0	0.0	0	0	0	0	29	0	0	0	0	0	0	0	0	0	0	0	0	0	0	0	0	0	57	0	0	0	0	0	0	0	0	0	0	0	0	0	0	0	0	0	0	0	0	0	0	0	0	0	0	0	0	0	0	0	0.0	0.0	0.0	0.0	7.6e-5	0.0	0.0	0.0	0.0	0.0	0.0	0.0	0.0	1.0	0.0	0.0	0.0	0.0	
88	89	2519.451748798	2439.3	2439.3	0.802447	0.287599	0	0	0	0	87	0	0	0	0	0.0	0.0	0.0	0.0	0.149732	0.0	0.0	0.0	0.0	0.0	0.0	0.0	0.0	2327.0	0.0	0.0	0.0	0.0	0.0	0.0	0.0	0.0	26.7471	0.0	0.0	0.0	0.0	0	0	0	0	30	0	0	0	0	0	0	0	0	0	0	0	0	0	0	0	0	0	57	0	0	0	0	0	0	0	0	0	0	0	0	0	0	0	0	0	0	0	0	0	0	0	0	0	0	0	0	0	0	0	0.0	0.0	0.0	0.0	0.000209	0.0	0.0	0.0	0.0	0.0	0.0	0.0	0.0	1.0	0.0	0.0	0.0	0.0	
89	90	2566.181426458	2423.8	2423.8	0.786968	0.280635	0	0	0	0	88	0	0	0	0	0.0	0.0	0.0	0.0	0.234759	0.0	0.0	0.0	0.0	0.0	0.0	0.0	0.0	2373.73	0.0	0.0	0.0	0.0	0.0	0.0	0.0	0.0	26.9742	0.0	0.0	0.0	0.0	0	0	0	0	31	0	0	0	0	0	0	0	0	0	0	0	0	0	0	0	0	0	57	0	0	0	0	0	0	0	0	0	0	0	0	0	0	0	0	0	0	0	0	0	0	0	0	0	0	0	0	0	0	0	0.0	0.0	0.0	0.0	0.000323	0.0	0.0	0.0	0.0	0.0	0.0	0.0	0.0	1.0	0.0	0.0	0.0	0.0	
90	91	2573.718873599	2423.8	2423.8	0.719337	0.249033	0	0	0	0	89	0	0	0	0	0.0	0.0	0.0	0.0	0.211283	0.0	0.0	0.0	0.0	0.0	0.0	0.0	0.0	2381.26	0.0	0.0	0.0	0.0	0.0	0.0	0.0	0.0	26.7558	0.0	0.0	0.0	0.0	0	0	0	0	31	0	0	0	0	0	0	0	0	0	0	0	0	0	0	0	0	0	58	0	0	0	0	0	0	0	0	0	0	0	0	0	0	0	0	0	0	0	0	0	0	0	0	0	0	0	0	0	0	0	0.0	0.0	0.0	0.0	0.000295	0.0	0.0	0.0	0.0	0.0	0.0	0.0	0.0	1.0	0.0	0.0	0.0	0.0	
91	92	2578.165626947	2423.8	2423.8	0.708986	0.24403	0	0	0	0	90	0	0	0	0	0.0	0.0	0.0	0.0	0.190155	0.0	0.0	0.0	0.0	0.0	0.0	0.0	0.0	2385.71	0.0	0.0	0.0	0.0	0.0	0.0	0.0	0.0	26.5079	0.0	0.0	0.0	0.0	0	0	0	0	31	0	0	0	0	0	0	0	0	0	0	0	0	0	0	0	0	0	59	0	0	0	0	0	0	0	0	0	0	0	0	0	0	0	0	0	0	0	0	0	0	0	0	0	0	0	0	0	0	0	0.0	0.0	0.0	0.0	0.000271	0.0	0.0	0.0	0.0	0.0	0.0	0.0	0.0	1.0	0.0	0.0	0.0	0.0	
92	93	2586.766966643	2422.3	2422.3	0.702949	0.241092	0	0	0	0	91	0	0	0	0	0.0	0.0	0.0	0.0	0.271139	0.0	0.0	0.0	0.0	0.0	0.0	0.0	0.0	2394.31	0.0	0.0	0.0	0.0	0.0	0.0	0.0	0.0	26.3111	0.0	0.0	0.0	0.0	0	0	0	0	32	0	0	0	0	0	0	0	0	0	0	0	0	0	0	0	0	0	59	0	0	0	0	0	0	0	0	0	0	0	0	0	0	0	0	0	0	0	0	0	0	0	0	0	0	0	0	0	0	0	0.0	0.0	0.0	0.0	0.000392	0.0	0.0	0.0	0.0	0.0	0.0	0.0	0.0	1.0	0.0	0.0	0.0	0.0	
93	94	2591.705165665	2422.3	2422.3	0.691418	0.235439	0	0	0	0	92	0	0	0	0	0.0	0.0	0.0	0.0	0.244025	0.0	0.0	0.0	0.0	0.0	0.0	0.0	0.0	2399.25	0.0	0.0	0.0	0.0	0.0	0.0	0.0	0.0	26.0788	0.0	0.0	0.0	0.0	0	0	0	0	32	0	0	0	0	0	0	0	0	0	0	0	0	0	0	0	0	0	60	0	0	0	0	0	0	0	0	0	0	0	0	0	0	0	0	0	0	0	0	0	0	0	0	0	0	0	0	0	0	0	0.0	0.0	0.0	0.0	0.000359	0.0	0.0	0.0	0.0	0.0	0.0	0.0	0.0	1.0	0.0	0.0	0.0	0.0	
94	95	2620.929067178	2422.3	2422.3	0.684884	0.232213	0	0	0	0	93	0	0	0	0	0.0	0.0	0.0	0.0	0.219623	0.0	0.0	0.0	0.0	0.0	0.0	0.0	0.0	2428.47	0.0	0.0	0.0	0.0	0.0	0.0	0.0	0.0	26.1126	0.0	0.0	0.0	0.0	0	0	0	0	32	0	0	0	0	0	0	0	0	0	0	0	0	0	0	0	0	0	61	0	0	0	0	0	0	0	0	0	0	0	0	0	0	0	0	0	0	0	0	0	0	0	0	0	0	0	0	0	0	0	0.0	0.0	0.0	0.0	0.000322	0.0	0.0	0.0	0.0	0.0	0.0	0.0	0.0	1.0	0.0	0.0	0.0	0.0	
95	96	2625.953445758	2422.3	2422.3	0.647458	0.213418	0	0	0	0	94	0	0	0	0	0.0	0.0	0.0	0.0	0.197661	0.0	0.0	0.0	0.0	0.0	0.0	0.0	0.0	2433.5	0.0	0.0	0.0	0.0	0.0	0.0	0.0	0.0	25.8883	0.0	0.0	0.0	0.0	0	0	0	0	32	0	0	0	0	0	0	0	0	0	0	0	0	0	0	0	0	0	62	0	0	0	0	0	0	0	0	0	0	0	0	0	0	0	0	0	0	0	0	0	0	0	0	0	0	0	0	0	0	0	0.0	0.0	0.0	0.0	0.000295	0.0	0.0	0.0	0.0	0.0	0.0	0.0	0.0	1.0	0.0	0.0	0.0	0.0	
96	97	2635.140010211	2422.3	2422.3	0.641232	0.210242	0	0	0	0	95	0	0	0	0	0.0	0.0	0.0	0.0	0.177895	0.0	0.0	0.0	0.0	0.0	0.0	0.0	0.0	2442.69	0.0	0.0	0.0	0.0	0.0	0.0	0.0	0.0	25.7125	0.0	0.0	0.0	0.0	0	0	0	0	32	0	0	0	0	0	0	0	0	0	0	0	0	0	0	0	0	0	63	0	0	0	0	0	0	0	0	0	0	0	0	0	0	0	0	0	0	0	0	0	0	0	0	0	0	0	0	0	0	0	0.0	0.0	0.0	0.0	0.000269	0.0	0.0	0.0	0.0	0.0	0.0	0.0	0.0	1.0	0.0	0.0	0.0	0.0	
97	98	2688.992325771	2422.3	2422.3	0.630004	0.204479	0	0	0	0	96	0	0	0	0	0.0	0.0	0.0	0.0	0.160105	0.0	0.0	0.0	0.0	0.0	0.0	0.0	0.0	2496.54	0.0	0.0	0.0	0.0	0.0	0.0	0.0	0.0	26.0056	0.0	0.0	0.0	0.0	0	0	0	0	32	0	0	0	0	0	0	0	0	0	0	0	0	0	0	0	0	0	64	0	0	0	0	0	0	0	0	0	0	0	0	0	0	0	0	0	0	0	0	0	0	0	0	0	0	0	0	0	0	0	0.0	0.0	0.0	0.0	0.000237	0.0	0.0	0.0	0.0	0.0	0.0	0.0	0.0	1.0	0.0	0.0	0.0	0.0	
98	99	2692.454063137	2422.3	2422.3	0.568029	0.171963	0	0	0	0	97	0	0	0	0	0.0	0.0	0.0	0.0	0.144095	0.0	0.0	0.0	0.0	0.0	0.0	0.0	0.0	2500.0	0.0	0.0	0.0	0.0	0.0	0.0	0.0	0.0	25.7732	0.0	0.0	0.0	0.0	0	0	0	0	32	0	0	0	0	0	0	0	0	0	0	0	0	0	0	0	0	0	65	0	0	0	0	0	0	0	0	0	0	0	0	0	0	0	0	0	0	0	0	0	0	0	0	0	0	0	0	0	0	0	0.0	0.0	0.0	0.0	0.000217	0.0	0.0	0.0	0.0	0.0	0.0	0.0	0.0	1.0	0.0	0.0	0.0	0.0	
99	100	2699.296725663	2422.3	2422.3	0.56426	0.169953	0	0	0	0	98	0	0	0	0	0.0	0.0	0.0	0.0	0.129685	0.0	0.0	0.0	0.0	0.0	0.0	0.0	0.0	2506.84	0.0	0.0	0.0	0.0	0.0	0.0	0.0	0.0	25.58	0.0	0.0	0.0	0.0	0	0	0	0	32	0	0	0	0	0	0	0	0	0	0	0	0	0	0	0	0	0	66	0	0	0	0	0	0	0	0	0	0	0	0	0	0	0	0	0	0	0	0	0	0	0	0	0	0	0	0	0	0	0	0.0	0.0	0.0	0.0	0.000198	0.0	0.0	0.0	0.0	0.0	0.0	0.0	0.0	1.0	0.0	0.0	0.0	0.0	
100	101	2702.850075465	2422.3	2422.3	0.556884	0.16601	0	0	0	0	99	0	0	0	0	0.0	0.0	0.0	0.0	0.116717	0.0	0.0	0.0	0.0	0.0	0.0	0.0	0.0	2510.4	0.0	0.0	0.0	0.0	0.0	0.0	0.0	0.0	25.3575	0.0	0.0	0.0	0.0	0	0	0	0	32	0	0	0	0	0	0	0	0	0	0	0	0	0	0	0	0	0	67	0	0	0	0	0	0	0	0	0	0	0	0	0	0	0	0	0	0	0	0	0	0	0	0	0	0	0	0	0	0	0	0.0	0.0	0.0	0.0	0.000182	0.0	0.0	0.0	0.0	0.0	0.0	0.0	0.0	1.0	0.0	0.0	0.0	0.0	
101	102	2715.627400212	2422.3	2422.3	0.553092	0.163979	0	0	0	0	100	0	0	0	0	0.0	0.0	0.0	0.0	0.105045	0.0	0.0	0.0	0.0	0.0	0.0	0.0	0.0	2523.17	0.0	0.0	0.0	0.0	0.0	0.0	0.0	0.0	25.2317	0.0	0.0	0.0	0.0	0	0	0	0	32	0	0	0	0	0	0	0	0	0	0	0	0	0	0	0	0	0	68	0	0	0	0	0	0	0	0	0	0	0	0	0	0	0	0	0	0	0	0	0	0	0	0	0	0	0	0	0	0	0	0.0	0.0	0.0	0.0	0.000165	0.0	0.0	0.0	0.0	0.0	0.0	0.0	0.0	1.0	0.0	0.0	0.0	0.0	
102	103	2720.752798963	2422.3	2422.3	0.539668	0.156768	0	0	0	0	101	0	0	0	0	0.0	0.0	0.0	0.0	0.09454	0.0	0.0	0.0	0.0	0.0	0.0	0.0	0.0	2528.3	0.0	0.0	0.0	0.0	0.0	0.0	0.0	0.0	25.0327	0.0	0.0	0.0	0.0	0	0	0	0	32	0	0	0	0	0	0	0	0	0	0	0	0	0	0	0	0	0	69	0	0	0	0	0	0	0	0	0	0	0	0	0	0	0	0	0	0	0	0	0	0	0	0	0	0	0	0	0	0	0	0.0	0.0	0.0	0.0	0.000151	0.0	0.0	0.0	0.0	0.0	0.0	0.0	0.0	1.0	0.0	0.0	0.0	0.0	
103	104	2729.364312772	2422.3	2422.3	0.534376	0.153917	0	0	0	0	102	0	0	0	0	0.0	0.0	0.0	0.0	0.085086	0.0	0.0	0.0	0.0	0.0	0.0	0.0	0.0	2536.91	0.0	0.0	0.0	0.0	0.0	0.0	0.0	0.0	24.8717	0.0	0.0	0.0	0.0	0	0	0	0	32	0	0	0	0	0	0	0	0	0	0	0	0	0	0	0	0	0	70	0	0	0	0	0	0	0	0	0	0	0	0	0	0	0	0	0	0	0	0	0	0	0	0	0	0	0	0	0	0	0	0.0	0.0	0.0	0.0	0.000138	0.0	0.0	0.0	0.0	0.0	0.0	0.0	0.0	1.0	0.0	0.0	0.0	0.0	
104	105	2732.736433957	2422.3	2422.3	0.5256	0.149182	0	0	0	0	103	0	0	0	0	0.0	0.0	0.0	0.0	0.076578	0.0	0.0	0.0	0.0	0.0	0.0	0.0	0.0	2540.28	0.0	0.0	0.0	0.0	0.0	0.0	0.0	0.0	24.6629	0.0	0.0	0.0	0.0	0	0	0	0	32	0	0	0	0	0	0	0	0	0	0	0	0	0	0	0	0	0	71	0	0	0	0	0	0	0	0	0	0	0	0	0	0	0	0	0	0	0	0	0	0	0	0	0	0	0	0	0	0	0	0.0	0.0	0.0	0.0	0.000126	0.0	0.0	0.0	0.0	0.0	0.0	0.0	0.0	1.0	0.0	0.0	0.0	0.0	
105	106	2736.987628417	2422.3	2422.3	0.522202	0.147347	0	0	0	0	104	0	0	0	0	0.0	0.0	0.0	0.0	0.06892	0.0	0.0	0.0	0.0	0.0	0.0	0.0	0.0	2544.53	0.0	0.0	0.0	0.0	0.0	0.0	0.0	0.0	24.4667	0.0	0.0	0.0	0.0	0	0	0	0	32	0	0	0	0	0	0	0	0	0	0	0	0	0	0	0	0	0	72	0	0	0	0	0	0	0	0	0	0	0	0	0	0	0	0	0	0	0	0	0	0	0	0	0	0	0	0	0	0	0	0.0	0.0	0.0	0.0	0.000115	0.0	0.0	0.0	0.0	0.0	0.0	0.0	0.0	1.0	0.0	0.0	0.0	0.0	
106	107	2899.609454118	2422.3	2422.3	0.517951	0.145049	0	0	0	0	105	0	0	0	0	0.0	0.0	0.0	0.0	0.062028	0.0	0.0	0.0	0.0	0.0	0.0	0.0	0.0	2707.15	0.0	0.0	0.0	0.0	0.0	0.0	0.0	0.0	25.7824	0.0	0.0	0.0	0.0	0	0	0	0	32	0	0	0	0	0	0	0	0	0	0	0	0	0	0	0	0	0	73	0	0	0	0	0	0	0	0	0	0	0	0	0	0	0	0	0	0	0	0	0	0	0	0	0	0	0	0	0	0	0	0.0	0.0	0.0	0.0	9.3e-5	0.0	0.0	0.0	0.0	0.0	0.0	0.0	0.0	1.0	0.0	0.0	0.0	0.0	
107	108	2909.625320967	2422.3	2422.3	0.378861	0.071398	0	0	0	0	106	0	0	0	0	0.0	0.0	0.0	0.0	0.055825	0.0	0.0	0.0	0.0	0.0	0.0	0.0	0.0	2717.17	0.0	0.0	0.0	0.0	0.0	0.0	0.0	0.0	25.6337	0.0	0.0	0.0	0.0	0	0	0	0	32	0	0	0	0	0	0	0	0	0	0	0	0	0	0	0	0	0	74	0	0	0	0	0	0	0	0	0	0	0	0	0	0	0	0	0	0	0	0	0	0	0	0	0	0	0	0	0	0	0	0.0	0.0	0.0	0.0	8.5e-5	0.0	0.0	0.0	0.0	0.0	0.0	0.0	0.0	1.0	0.0	0.0	0.0	0.0	
108	109	2931.61066842	2422.3	2422.3	0.371634	0.067825	0	0	0	0	107	0	0	0	0	0.0	0.0	0.0	0.0	0.050243	0.0	0.0	0.0	0.0	0.0	0.0	0.0	0.0	2739.16	0.0	0.0	0.0	0.0	0.0	0.0	0.0	0.0	25.5996	0.0	0.0	0.0	0.0	0	0	0	0	32	0	0	0	0	0	0	0	0	0	0	0	0	0	0	0	0	0	75	0	0	0	0	0	0	0	0	0	0	0	0	0	0	0	0	0	0	0	0	0	0	0	0	0	0	0	0	0	0	0	0.0	0.0	0.0	0.0	7.7e-5	0.0	0.0	0.0	0.0	0.0	0.0	0.0	0.0	1.0	0.0	0.0	0.0	0.0	
109	110	2966.982960685	2422.3	2422.3	0.35625	0.060385	0	0	0	0	108	0	0	0	0	0.0	0.0	0.0	0.0	0.045218	0.0	0.0	0.0	0.0	0.0	0.0	0.0	0.0	2774.53	0.0	0.0	0.0	0.0	0.0	0.0	0.0	0.0	25.6901	0.0	0.0	0.0	0.0	0	0	0	0	32	0	0	0	0	0	0	0	0	0	0	0	0	0	0	0	0	0	76	0	0	0	0	0	0	0	0	0	0	0	0	0	0	0	0	0	0	0	0	0	0	0	0	0	0	0	0	0	0	0	0.0	0.0	0.0	0.0	6.9e-5	0.0	0.0	0.0	0.0	0.0	0.0	0.0	0.0	1.0	0.0	0.0	0.0	0.0	
110	111	2970.586946383	2422.3	2422.3	0.332824	0.049559	0	0	0	0	109	0	0	0	0	0.0	0.0	0.0	0.0	0.040697	0.0	0.0	0.0	0.0	0.0	0.0	0.0	0.0	2778.13	0.0	0.0	0.0	0.0	0.0	0.0	0.0	0.0	25.4874	0.0	0.0	0.0	0.0	0	0	0	0	32	0	0	0	0	0	0	0	0	0	0	0	0	0	0	0	0	0	77	0	0	0	0	0	0	0	0	0	0	0	0	0	0	0	0	0	0	0	0	0	0	0	0	0	0	0	0	0	0	0	0.0	0.0	0.0	0.0	6.3e-5	0.0	0.0	0.0	0.0	0.0	0.0	0.0	0.0	1.0	0.0	0.0	0.0	0.0	
111	112	2985.887348078	2422.3	2422.3	0.330526	0.048534	0	0	0	0	110	0	0	0	0	0.0	0.0	0.0	0.0	0.036627	0.0	0.0	0.0	0.0	0.0	0.0	0.0	0.0	2793.43	0.0	0.0	0.0	0.0	0.0	0.0	0.0	0.0	25.3948	0.0	0.0	0.0	0.0	0	0	0	0	32	0	0	0	0	0	0	0	0	0	0	0	0	0	0	0	0	0	78	0	0	0	0	0	0	0	0	0	0	0	0	0	0	0	0	0	0	0	0	0	0	0	0	0	0	0	0	0	0	0	0.0	0.0	0.0	0.0	5.7e-5	0.0	0.0	0.0	0.0	0.0	0.0	0.0	0.0	1.0	0.0	0.0	0.0	0.0	
112	113	3005.644729078	2422.3	2422.3	0.320943	0.044342	0	0	0	0	111	0	0	0	0	0.0	0.0	0.0	0.0	0.032964	0.0	0.0	0.0	0.0	0.0	0.0	0.0	0.0	2813.19	0.0	0.0	0.0	0.0	0.0	0.0	0.0	0.0	25.3441	0.0	0.0	0.0	0.0	0	0	0	0	32	0	0	0	0	0	0	0	0	0	0	0	0	0	0	0	0	0	79	0	0	0	0	0	0	0	0	0	0	0	0	0	0	0	0	0	0	0	0	0	0	0	0	0	0	0	0	0	0	0	0.0	0.0	0.0	0.0	5.1e-5	0.0	0.0	0.0	0.0	0.0	0.0	0.0	0.0	1.0	0.0	0.0	0.0	0.0	
113	114	3014.017002078	2422.3	2422.3	0.308978	0.039302	0	0	0	0	112	0	0	0	0	0.0	0.0	0.0	0.0	0.029668	0.0	0.0	0.0	0.0	0.0	0.0	0.0	0.0	2821.56	0.0	0.0	0.0	0.0	0.0	0.0	0.0	0.0	25.1925	0.0	0.0	0.0	0.0	0	0	0	0	32	0	0	0	0	0	0	0	0	0	0	0	0	0	0	0	0	0	80	0	0	0	0	0	0	0	0	0	0	0	0	0	0	0	0	0	0	0	0	0	0	0	0	0	0	0	0	0	0	0	0.0	0.0	0.0	0.0	4.7e-5	0.0	0.0	0.0	0.0	0.0	0.0	0.0	0.0	1.0	0.0	0.0	0.0	0.0	
114	115	3016.434433896	2422.3	2422.3	0.304044	0.037291	0	0	0	0	113	0	0	0	0	0.0	0.0	0.0	0.0	0.026701	0.0	0.0	0.0	0.0	0.0	0.0	0.0	0.0	2823.98	0.0	0.0	0.0	0.0	0.0	0.0	0.0	0.0	24.991	0.0	0.0	0.0	0.0	0	0	0	0	32	0	0	0	0	0	0	0	0	0	0	0	0	0	0	0	0	0	81	0	0	0	0	0	0	0	0	0	0	0	0	0	0	0	0	0	0	0	0	0	0	0	0	0	0	0	0	0	0	0	0.0	0.0	0.0	0.0	4.3e-5	0.0	0.0	0.0	0.0	0.0	0.0	0.0	0.0	1.0	0.0	0.0	0.0	0.0	
115	116	3022.451102848	2422.3	2422.3	0.302634	0.036724	0	0	0	0	114	0	0	0	0	0.0	0.0	0.0	0.0	0.024031	0.0	0.0	0.0	0.0	0.0	0.0	0.0	0.0	2830.0	0.0	0.0	0.0	0.0	0.0	0.0	0.0	0.0	24.8245	0.0	0.0	0.0	0.0	0	0	0	0	32	0	0	0	0	0	0	0	0	0	0	0	0	0	0	0	0	0	82	0	0	0	0	0	0	0	0	0	0	0	0	0	0	0	0	0	0	0	0	0	0	0	0	0	0	0	0	0	0	0	0.0	0.0	0.0	0.0	3.9e-5	0.0	0.0	0.0	0.0	0.0	0.0	0.0	0.0	1.0	0.0	0.0	0.0	0.0	
116	117	3036.056771611	2422.3	2422.3	0.299152	0.035339	0	0	0	0	115	0	0	0	0	0.0	0.0	0.0	0.0	0.021628	0.0	0.0	0.0	0.0	0.0	0.0	0.0	0.0	2843.6	0.0	0.0	0.0	0.0	0.0	0.0	0.0	0.0	24.727	0.0	0.0	0.0	0.0	0	0	0	0	32	0	0	0	0	0	0	0	0	0	0	0	0	0	0	0	0	0	83	0	0	0	0	0	0	0	0	0	0	0	0	0	0	0	0	0	0	0	0	0	0	0	0	0	0	0	0	0	0	0	0.0	0.0	0.0	0.0	3.5e-5	0.0	0.0	0.0	0.0	0.0	0.0	0.0	0.0	1.0	0.0	0.0	0.0	0.0	
117	118	3046.597403032	2422.3	2422.3	0.291427	0.032342	0	0	0	0	116	0	0	0	0	0.0	0.0	0.0	0.0	0.019465	0.0	0.0	0.0	0.0	0.0	0.0	0.0	0.0	2854.14	0.0	0.0	0.0	0.0	0.0	0.0	0.0	0.0	24.6047	0.0	0.0	0.0	0.0	0	0	0	0	32	0	0	0	0	0	0	0	0	0	0	0	0	0	0	0	0	0	84	0	0	0	0	0	0	0	0	0	0	0	0	0	0	0	0	0	0	0	0	0	0	0	0	0	0	0	0	0	0	0	0.0	0.0	0.0	0.0	3.2e-5	0.0	0.0	0.0	0.0	0.0	0.0	0.0	0.0	1.0	0.0	0.0	0.0	0.0	
118	119	3051.506348715	2422.3	2422.3	0.28558	0.030148	0	0	0	0	117	0	0	0	0	0.0	0.0	0.0	0.0	0.017518	0.0	0.0	0.0	0.0	0.0	0.0	0.0	0.0	2859.05	0.0	0.0	0.0	0.0	0.0	0.0	0.0	0.0	24.4363	0.0	0.0	0.0	0.0	0	0	0	0	32	0	0	0	0	0	0	0	0	0	0	0	0	0	0	0	0	0	85	0	0	0	0	0	0	0	0	0	0	0	0	0	0	0	0	0	0	0	0	0	0	0	0	0	0	0	0	0	0	0	0.0	0.0	0.0	0.0	2.9e-5	0.0	0.0	0.0	0.0	0.0	0.0	0.0	0.0	1.0	0.0	0.0	0.0	0.0	
119	120	3075.160227586	2422.3	2422.3	0.282897	0.029163	0	0	0	0	118	0	0	0	0	0.0	0.0	0.0	0.0	0.015767	0.0	0.0	0.0	0.0	0.0	0.0	0.0	0.0	2882.7	0.0	0.0	0.0	0.0	0.0	0.0	0.0	0.0	24.4297	0.0	0.0	0.0	0.0	0	0	0	0	32	0	0	0	0	0	0	0	0	0	0	0	0	0	0	0	0	0	86	0	0	0	0	0	0	0	0	0	0	0	0	0	0	0	0	0	0	0	0	0	0	0	0	0	0	0	0	0	0	0	0.0	0.0	0.0	0.0	2.6e-5	0.0	0.0	0.0	0.0	0.0	0.0	0.0	0.0	1.0	0.0	0.0	0.0	0.0	
120	121	3081.805481647	2422.3	2422.3	0.270317	0.02474	0	0	0	0	119	0	0	0	0	0.0	0.0	0.0	0.0	0.01419	0.0	0.0	0.0	0.0	0.0	0.0	0.0	0.0	2889.35	0.0	0.0	0.0	0.0	0.0	0.0	0.0	0.0	24.2803	0.0	0.0	0.0	0.0	0	0	0	0	32	0	0	0	0	0	0	0	0	0	0	0	0	0	0	0	0	0	87	0	0	0	0	0	0	0	0	0	0	0	0	0	0	0	0	0	0	0	0	0	0	0	0	0	0	0	0	0	0	0	0.0	0.0	0.0	0.0	2.4e-5	0.0	0.0	0.0	0.0	0.0	0.0	0.0	0.0	1.0	0.0	0.0	0.0	0.0	
121	122	3090.970853639	2422.3	2422.3	0.266885	0.02359	0	0	0	0	120	0	0	0	0	0.0	0.0	0.0	0.0	0.012771	0.0	0.0	0.0	0.0	0.0	0.0	0.0	0.0	2898.52	0.0	0.0	0.0	0.0	0.0	0.0	0.0	0.0	24.1543	0.0	0.0	0.0	0.0	0	0	0	0	32	0	0	0	0	0	0	0	0	0	0	0	0	0	0	0	0	0	88	0	0	0	0	0	0	0	0	0	0	0	0	0	0	0	0	0	0	0	0	0	0	0	0	0	0	0	0	0	0	0	0.0	0.0	0.0	0.0	2.2e-5	0.0	0.0	0.0	0.0	0.0	0.0	0.0	0.0	1.0	0.0	0.0	0.0	0.0	
122	123	3099.197390208	2422.3	2422.3	0.262223	0.02207	0	0	0	0	121	0	0	0	0	0.0	0.0	0.0	0.0	0.011494	0.0	0.0	0.0	0.0	0.0	0.0	0.0	0.0	2906.74	0.0	0.0	0.0	0.0	0.0	0.0	0.0	0.0	24.0227	0.0	0.0	0.0	0.0	0	0	0	0	32	0	0	0	0	0	0	0	0	0	0	0	0	0	0	0	0	0	89	0	0	0	0	0	0	0	0	0	0	0	0	0	0	0	0	0	0	0	0	0	0	0	0	0	0	0	0	0	0	0	0.0	0.0	0.0	0.0	2.0e-5	0.0	0.0	0.0	0.0	0.0	0.0	0.0	0.0	1.0	0.0	0.0	0.0	0.0	
123	124	3106.797058249	2422.3	2422.3	0.258107	0.020768	0	0	0	0	122	0	0	0	0	0.0	0.0	0.0	0.0	0.010344	0.0	0.0	0.0	0.0	0.0	0.0	0.0	0.0	2914.34	0.0	0.0	0.0	0.0	0.0	0.0	0.0	0.0	23.888	0.0	0.0	0.0	0.0	0	0	0	0	32	0	0	0	0	0	0	0	0	0	0	0	0	0	0	0	0	0	90	0	0	0	0	0	0	0	0	0	0	0	0	0	0	0	0	0	0	0	0	0	0	0	0	0	0	0	0	0	0	0	0.0	0.0	0.0	0.0	1.8e-5	0.0	0.0	0.0	0.0	0.0	0.0	0.0	0.0	1.0	0.0	0.0	0.0	0.0	
124	125	3107.877838691	2422.3	2422.3	0.254363	0.019616	0	0	0	0	123	0	0	0	0	0.0	0.0	0.0	0.0	0.00931	0.0	0.0	0.0	0.0	0.0	0.0	0.0	0.0	2915.42	0.0	0.0	0.0	0.0	0.0	0.0	0.0	0.0	23.7026	0.0	0.0	0.0	0.0	0	0	0	0	32	0	0	0	0	0	0	0	0	0	0	0	0	0	0	0	0	0	91	0	0	0	0	0	0	0	0	0	0	0	0	0	0	0	0	0	0	0	0	0	0	0	0	0	0	0	0	0	0	0	0.0	0.0	0.0	0.0	1.7e-5	0.0	0.0	0.0	0.0	0.0	0.0	0.0	0.0	1.0	0.0	0.0	0.0	0.0	
125	126	3113.586626591	2422.3	2422.3	0.253835	0.019457	0	0	0	0	124	0	0	0	0	0.0	0.0	0.0	0.0	0.008379	0.0	0.0	0.0	0.0	0.0	0.0	0.0	0.0	2921.13	0.0	0.0	0.0	0.0	0.0	0.0	0.0	0.0	23.5575	0.0	0.0	0.0	0.0	0	0	0	0	32	0	0	0	0	0	0	0	0	0	0	0	0	0	0	0	0	0	92	0	0	0	0	0	0	0	0	0	0	0	0	0	0	0	0	0	0	0	0	0	0	0	0	0	0	0	0	0	0	0	0.0	0.0	0.0	0.0	1.5e-5	0.0	0.0	0.0	0.0	0.0	0.0	0.0	0.0	1.0	0.0	0.0	0.0	0.0	
126	127	3137.517130318	2422.3	2422.3	0.251063	0.018629	0	0	0	0	125	0	0	0	0	0.0	0.0	0.0	0.0	0.007541	0.0	0.0	0.0	0.0	0.0	0.0	0.0	0.0	2945.06	0.0	0.0	0.0	0.0	0.0	0.0	0.0	0.0	23.5605	0.0	0.0	0.0	0.0	0	0	0	0	32	0	0	0	0	0	0	0	0	0	0	0	0	0	0	0	0	0	93	0	0	0	0	0	0	0	0	0	0	0	0	0	0	0	0	0	0	0	0	0	0	0	0	0	0	0	0	0	0	0	0.0	0.0	0.0	0.0	1.4e-5	0.0	0.0	0.0	0.0	0.0	0.0	0.0	0.0	1.0	0.0	0.0	0.0	0.0	
127	128	3142.702952482	2422.3	2422.3	0.239772	0.015443	0	0	0	0	126	0	0	0	0	0.0	0.0	0.0	0.0	0.006787	0.0	0.0	0.0	0.0	0.0	0.0	0.0	0.0	2950.25	0.0	0.0	0.0	0.0	0.0	0.0	0.0	0.0	23.4147	0.0	0.0	0.0	0.0	0	0	0	0	32	0	0	0	0	0	0	0	0	0	0	0	0	0	0	0	0	0	94	0	0	0	0	0	0	0	0	0	0	0	0	0	0	0	0	0	0	0	0	0	0	0	0	0	0	0	0	0	0	0	0.0	0.0	0.0	0.0	1.2e-5	0.0	0.0	0.0	0.0	0.0	0.0	0.0	0.0	1.0	0.0	0.0	0.0	0.0	
128	129	3148.535888065	2422.3	2422.3	0.237393	0.01481	0	0	0	0	127	0	0	0	0	0.0	0.0	0.0	0.0	0.006108	0.0	0.0	0.0	0.0	0.0	0.0	0.0	0.0	2956.08	0.0	0.0	0.0	0.0	0.0	0.0	0.0	0.0	23.2762	0.0	0.0	0.0	0.0	0	0	0	0	32	0	0	0	0	0	0	0	0	0	0	0	0	0	0	0	0	0	95	0	0	0	0	0	0	0	0	0	0	0	0	0	0	0	0	0	0	0	0	0	0	0	0	0	0	0	0	0	0	0	0.0	0.0	0.0	0.0	1.1e-5	0.0	0.0	0.0	0.0	0.0	0.0	0.0	0.0	1.0	0.0	0.0	0.0	0.0	
129	130	3154.843953005	2422.3	2422.3	0.234745	0.014123	0	0	0	0	128	0	0	0	0	0.0	0.0	0.0	0.0	0.005498	0.0	0.0	0.0	0.0	0.0	0.0	0.0	0.0	2962.39	0.0	0.0	0.0	0.0	0.0	0.0	0.0	0.0	23.1437	0.0	0.0	0.0	0.0	0	0	0	0	32	0	0	0	0	0	0	0	0	0	0	0	0	0	0	0	0	0	96	0	0	0	0	0	0	0	0	0	0	0	0	0	0	0	0	0	0	0	0	0	0	0	0	0	0	0	0	0	0	0	0.0	0.0	0.0	0.0	1.0e-5	0.0	0.0	0.0	0.0	0.0	0.0	0.0	0.0	1.0	0.0	0.0	0.0	0.0	
130	131	3160.092304775	2422.3	2422.3	0.231915	0.013408	0	0	0	0	129	0	0	0	0	0.0	0.0	0.0	0.0	0.004948	0.0	0.0	0.0	0.0	0.0	0.0	0.0	0.0	2967.64	0.0	0.0	0.0	0.0	0.0	0.0	0.0	0.0	23.0049	0.0	0.0	0.0	0.0	0	0	0	0	32	0	0	0	0	0	0	0	0	0	0	0	0	0	0	0	0	0	97	0	0	0	0	0	0	0	0	0	0	0	0	0	0	0	0	0	0	0	0	0	0	0	0	0	0	0	0	0	0	0	0.0	0.0	0.0	0.0	9.0e-6	0.0	0.0	0.0	0.0	0.0	0.0	0.0	0.0	1.0	0.0	0.0	0.0	0.0	
131	132	3165.822029811	2422.3	2422.3	0.229586	0.012834	0	0	0	0	130	0	0	0	0	0.0	0.0	0.0	0.0	0.004453	0.0	0.0	0.0	0.0	0.0	0.0	0.0	0.0	2973.37	0.0	0.0	0.0	0.0	0.0	0.0	0.0	0.0	22.8721	0.0	0.0	0.0	0.0	0	0	0	0	32	0	0	0	0	0	0	0	0	0	0	0	0	0	0	0	0	0	98	0	0	0	0	0	0	0	0	0	0	0	0	0	0	0	0	0	0	0	0	0	0	0	0	0	0	0	0	0	0	0	0.0	0.0	0.0	0.0	9.0e-6	0.0	0.0	0.0	0.0	0.0	0.0	0.0	0.0	1.0	0.0	0.0	0.0	0.0	
132	133	3177.385052724	2422.3	2422.3	0.227071	0.012229	0	0	0	0	131	0	0	0	0	0.0	0.0	0.0	0.0	0.004008	0.0	0.0	0.0	0.0	0.0	0.0	0.0	0.0	2984.93	0.0	0.0	0.0	0.0	0.0	0.0	0.0	0.0	22.7857	0.0	0.0	0.0	0.0	0	0	0	0	32	0	0	0	0	0	0	0	0	0	0	0	0	0	0	0	0	0	99	0	0	0	0	0	0	0	0	0	0	0	0	0	0	0	0	0	0	0	0	0	0	0	0	0	0	0	0	0	0	0	0.0	0.0	0.0	0.0	8.0e-6	0.0	0.0	0.0	0.0	0.0	0.0	0.0	0.0	1.0	0.0	0.0	0.0	0.0	
133	134	3239.214125621	2422.3	2422.3	0.222077	0.011076	0	0	0	0	132	0	0	0	0	0.0	0.0	0.0	0.0	0.003607	0.0	0.0	0.0	0.0	0.0	0.0	0.0	0.0	3046.76	0.0	0.0	0.0	0.0	0.0	0.0	0.0	0.0	23.0815	0.0	0.0	0.0	0.0	0	0	0	0	32	0	0	0	0	0	0	0	0	0	0	0	0	0	0	0	0	0	100	0	0	0	0	0	0	0	0	0	0	0	0	0	0	0	0	0	0	0	0	0	0	0	0	0	0	0	0	0	0	0	0.0	0.0	0.0	0.0	7.0e-6	0.0	0.0	0.0	0.0	0.0	0.0	0.0	0.0	1.0	0.0	0.0	0.0	0.0	
134	135	3244.819437311	2422.3	2422.3	0.197183	0.006273	0	0	0	0	133	0	0	0	0	0.0	0.0	0.0	0.0	0.003246	0.0	0.0	0.0	0.0	0.0	0.0	0.0	0.0	3052.36	0.0	0.0	0.0	0.0	0.0	0.0	0.0	0.0	22.9501	0.0	0.0	0.0	0.0	0	0	0	0	32	0	0	0	0	0	0	0	0	0	0	0	0	0	0	0	0	0	101	0	0	0	0	0	0	0	0	0	0	0	0	0	0	0	0	0	0	0	0	0	0	0	0	0	0	0	0	0	0	0	0.0	0.0	0.0	0.0	6.0e-6	0.0	0.0	0.0	0.0	0.0	0.0	0.0	0.0	1.0	0.0	0.0	0.0	0.0	
135	136	3271.830920201	2421.3	2421.3	0.195069	0.005938	0	0	0	0	134	0	0	0	0	0.0	0.0	0.0	0.0	0.102922	0.0	0.0	0.0	0.0	0.0	0.0	0.0	0.0	3079.38	0.0	0.0	0.0	0.0	0.0	0.0	0.0	0.0	22.9804	0.0	0.0	0.0	0.0	0	0	0	0	33	0	0	0	0	0	0	0	0	0	0	0	0	0	0	0	0	0	101	0	0	0	0	0	0	0	0	0	0	0	0	0	0	0	0	0	0	0	0	0	0	0	0	0	0	0	0	0	0	0	0.0	0.0	0.0	0.0	0.000195	0.0	0.0	0.0	0.0	0.0	0.0	0.0	0.0	1.0	0.0	0.0	0.0	0.0	
136	137	3272.859623267	2421.3	2421.3	0.185196	0.004518	0	0	0	0	135	0	0	0	0	0.0	0.0	0.0	0.0	0.092629	0.0	0.0	0.0	0.0	0.0	0.0	0.0	0.0	3080.4	0.0	0.0	0.0	0.0	0.0	0.0	0.0	0.0	22.8178	0.0	0.0	0.0	0.0	0	0	0	0	33	0	0	0	0	0	0	0	0	0	0	0	0	0	0	0	0	0	102	0	0	0	0	0	0	0	0	0	0	0	0	0	0	0	0	0	0	0	0	0	0	0	0	0	0	0	0	0	0	0	0.0	0.0	0.0	0.0	0.000178	0.0	0.0	0.0	0.0	0.0	0.0	0.0	0.0	1.0	0.0	0.0	0.0	0.0	
137	138	3275.688155458	2421.3	2421.3	0.18483	0.00447	0	0	0	0	136	0	0	0	0	0.0	0.0	0.0	0.0	0.083366	0.0	0.0	0.0	0.0	0.0	0.0	0.0	0.0	3083.23	0.0	0.0	0.0	0.0	0.0	0.0	0.0	0.0	22.6708	0.0	0.0	0.0	0.0	0	0	0	0	33	0	0	0	0	0	0	0	0	0	0	0	0	0	0	0	0	0	103	0	0	0	0	0	0	0	0	0	0	0	0	0	0	0	0	0	0	0	0	0	0	0	0	0	0	0	0	0	0	0	0.0	0.0	0.0	0.0	0.000162	0.0	0.0	0.0	0.0	0.0	0.0	0.0	0.0	1.0	0.0	0.0	0.0	0.0	
138	139	3280.640098088	2421.3	2421.3	0.183827	0.00434	0	0	0	0	137	0	0	0	0	0.0	0.0	0.0	0.0	0.07503	0.0	0.0	0.0	0.0	0.0	0.0	0.0	0.0	3088.18	0.0	0.0	0.0	0.0	0.0	0.0	0.0	0.0	22.5415	0.0	0.0	0.0	0.0	0	0	0	0	33	0	0	0	0	0	0	0	0	0	0	0	0	0	0	0	0	0	104	0	0	0	0	0	0	0	0	0	0	0	0	0	0	0	0	0	0	0	0	0	0	0	0	0	0	0	0	0	0	0	0.0	0.0	0.0	0.0	0.000148	0.0	0.0	0.0	0.0	0.0	0.0	0.0	0.0	1.0	0.0	0.0	0.0	0.0	
139	140	3285.600208681	2421.3	2421.3	0.182085	0.00412	0	0	0	0	138	0	0	0	0	0.0	0.0	0.0	0.0	0.067527	0.0	0.0	0.0	0.0	0.0	0.0	0.0	0.0	3093.14	0.0	0.0	0.0	0.0	0.0	0.0	0.0	0.0	22.4141	0.0	0.0	0.0	0.0	0	0	0	0	33	0	0	0	0	0	0	0	0	0	0	0	0	0	0	0	0	0	105	0	0	0	0	0	0	0	0	0	0	0	0	0	0	0	0	0	0	0	0	0	0	0	0	0	0	0	0	0	0	0	0.0	0.0	0.0	0.0	0.000134	0.0	0.0	0.0	0.0	0.0	0.0	0.0	0.0	1.0	0.0	0.0	0.0	0.0	
140	141	3289.614700841	2421.3	2421.3	0.180356	0.003909	0	0	0	0	139	0	0	0	0	0.0	0.0	0.0	0.0	0.060774	0.0	0.0	0.0	0.0	0.0	0.0	0.0	0.0	3097.16	0.0	0.0	0.0	0.0	0.0	0.0	0.0	0.0	22.2817	0.0	0.0	0.0	0.0	0	0	0	0	33	0	0	0	0	0	0	0	0	0	0	0	0	0	0	0	0	0	106	0	0	0	0	0	0	0	0	0	0	0	0	0	0	0	0	0	0	0	0	0	0	0	0	0	0	0	0	0	0	0	0.0	0.0	0.0	0.0	0.000122	0.0	0.0	0.0	0.0	0.0	0.0	0.0	0.0	1.0	0.0	0.0	0.0	0.0	
141	142	3292.852956599	2421.3	2421.3	0.17897	0.003744	0	0	0	0	140	0	0	0	0	0.0	0.0	0.0	0.0	0.054697	0.0	0.0	0.0	0.0	0.0	0.0	0.0	0.0	3100.4	0.0	0.0	0.0	0.0	0.0	0.0	0.0	0.0	22.1457	0.0	0.0	0.0	0.0	0	0	0	0	33	0	0	0	0	0	0	0	0	0	0	0	0	0	0	0	0	0	107	0	0	0	0	0	0	0	0	0	0	0	0	0	0	0	0	0	0	0	0	0	0	0	0	0	0	0	0	0	0	0	0.0	0.0	0.0	0.0	0.000112	0.0	0.0	0.0	0.0	0.0	0.0	0.0	0.0	1.0	0.0	0.0	0.0	0.0	
142	143	3319.32572513	2421.3	2421.3	0.177859	0.003616	0	0	0	0	141	0	0	0	0	0.0	0.0	0.0	0.0	0.049227	0.0	0.0	0.0	0.0	0.0	0.0	0.0	0.0	3126.87	0.0	0.0	0.0	0.0	0.0	0.0	0.0	0.0	22.1764	0.0	0.0	0.0	0.0	0	0	0	0	33	0	0	0	0	0	0	0	0	0	0	0	0	0	0	0	0	0	108	0	0	0	0	0	0	0	0	0	0	0	0	0	0	0	0	0	0	0	0	0	0	0	0	0	0	0	0	0	0	0	0.0	0.0	0.0	0.0	0.0001	0.0	0.0	0.0	0.0	0.0	0.0	0.0	0.0	1.0	0.0	0.0	0.0	0.0	
143	144	3320.377859315	2421.3	2421.3	0.169031	0.002696	0	0	0	0	142	0	0	0	0	0.0	0.0	0.0	0.0	0.044304	0.0	0.0	0.0	0.0	0.0	0.0	0.0	0.0	3127.92	0.0	0.0	0.0	0.0	0.0	0.0	0.0	0.0	22.0276	0.0	0.0	0.0	0.0	0	0	0	0	33	0	0	0	0	0	0	0	0	0	0	0	0	0	0	0	0	0	109	0	0	0	0	0	0	0	0	0	0	0	0	0	0	0	0	0	0	0	0	0	0	0	0	0	0	0	0	0	0	0	0.0	0.0	0.0	0.0	9.1e-5	0.0	0.0	0.0	0.0	0.0	0.0	0.0	0.0	1.0	0.0	0.0	0.0	0.0	
144	145	3326.235283173	2421.3	2421.3	0.16869	0.002664	0	0	0	0	143	0	0	0	0	0.0	0.0	0.0	0.0	0.039874	0.0	0.0	0.0	0.0	0.0	0.0	0.0	0.0	3133.78	0.0	0.0	0.0	0.0	0.0	0.0	0.0	0.0	21.9145	0.0	0.0	0.0	0.0	0	0	0	0	33	0	0	0	0	0	0	0	0	0	0	0	0	0	0	0	0	0	110	0	0	0	0	0	0	0	0	0	0	0	0	0	0	0	0	0	0	0	0	0	0	0	0	0	0	0	0	0	0	0	0.0	0.0	0.0	0.0	8.3e-5	0.0	0.0	0.0	0.0	0.0	0.0	0.0	0.0	1.0	0.0	0.0	0.0	0.0	
145	146	3329.903494353	2421.3	2421.3	0.1668	0.002491	0	0	0	0	144	0	0	0	0	0.0	0.0	0.0	0.0	0.035887	0.0	0.0	0.0	0.0	0.0	0.0	0.0	0.0	3137.45	0.0	0.0	0.0	0.0	0.0	0.0	0.0	0.0	21.7878	0.0	0.0	0.0	0.0	0	0	0	0	33	0	0	0	0	0	0	0	0	0	0	0	0	0	0	0	0	0	111	0	0	0	0	0	0	0	0	0	0	0	0	0	0	0	0	0	0	0	0	0	0	0	0	0	0	0	0	0	0	0	0.0	0.0	0.0	0.0	7.6e-5	0.0	0.0	0.0	0.0	0.0	0.0	0.0	0.0	1.0	0.0	0.0	0.0	0.0	
146	147	3340.568396445	2421.3	2421.3	0.165628	0.002387	0	0	0	0	145	0	0	0	0	0.0	0.0	0.0	0.0	0.032298	0.0	0.0	0.0	0.0	0.0	0.0	0.0	0.0	3148.11	0.0	0.0	0.0	0.0	0.0	0.0	0.0	0.0	21.7111	0.0	0.0	0.0	0.0	0	0	0	0	33	0	0	0	0	0	0	0	0	0	0	0	0	0	0	0	0	0	112	0	0	0	0	0	0	0	0	0	0	0	0	0	0	0	0	0	0	0	0	0	0	0	0	0	0	0	0	0	0	0	0.0	0.0	0.0	0.0	6.9e-5	0.0	0.0	0.0	0.0	0.0	0.0	0.0	0.0	1.0	0.0	0.0	0.0	0.0	
147	148	3342.595003537	2421.3	2421.3	0.162266	0.002106	0	0	0	0	146	0	0	0	0	0.0	0.0	0.0	0.0	0.029068	0.0	0.0	0.0	0.0	0.0	0.0	0.0	0.0	3150.14	0.0	0.0	0.0	0.0	0.0	0.0	0.0	0.0	21.5763	0.0	0.0	0.0	0.0	0	0	0	0	33	0	0	0	0	0	0	0	0	0	0	0	0	0	0	0	0	0	113	0	0	0	0	0	0	0	0	0	0	0	0	0	0	0	0	0	0	0	0	0	0	0	0	0	0	0	0	0	0	0	0.0	0.0	0.0	0.0	6.2e-5	0.0	0.0	0.0	0.0	0.0	0.0	0.0	0.0	1.0	0.0	0.0	0.0	0.0	
148	149	3351.947020022	2421.3	2421.3	0.161635	0.002056	0	0	0	0	147	0	0	0	0	0.0	0.0	0.0	0.0	0.026161	0.0	0.0	0.0	0.0	0.0	0.0	0.0	0.0	3159.49	0.0	0.0	0.0	0.0	0.0	0.0	0.0	0.0	21.4931	0.0	0.0	0.0	0.0	0	0	0	0	33	0	0	0	0	0	0	0	0	0	0	0	0	0	0	0	0	0	114	0	0	0	0	0	0	0	0	0	0	0	0	0	0	0	0	0	0	0	0	0	0	0	0	0	0	0	0	0	0	0	0.0	0.0	0.0	0.0	5.7e-5	0.0	0.0	0.0	0.0	0.0	0.0	0.0	0.0	1.0	0.0	0.0	0.0	0.0	
149	150	3354.666317753	2421.3	2421.3	0.158754	0.001838	0	0	0	0	148	0	0	0	0	0.0	0.0	0.0	0.0	0.023545	0.0	0.0	0.0	0.0	0.0	0.0	0.0	0.0	3162.21	0.0	0.0	0.0	0.0	0.0	0.0	0.0	0.0	21.3663	0.0	0.0	0.0	0.0	0	0	0	0	33	0	0	0	0	0	0	0	0	0	0	0	0	0	0	0	0	0	115	0	0	0	0	0	0	0	0	0	0	0	0	0	0	0	0	0	0	0	0	0	0	0	0	0	0	0	0	0	0	0	0.0	0.0	0.0	0.0	5.2e-5	0.0	0.0	0.0	0.0	0.0	0.0	0.0	0.0	1.0	0.0	0.0	0.0	0.0	
150	151	3369.130273914	2421.3	2421.3	0.157926	0.001778	0	0	0	0	149	0	0	0	0	0.0	0.0	0.0	0.0	0.021191	0.0	0.0	0.0	0.0	0.0	0.0	0.0	0.0	3176.67	0.0	0.0	0.0	0.0	0.0	0.0	0.0	0.0	21.32	0.0	0.0	0.0	0.0	0	0	0	0	33	0	0	0	0	0	0	0	0	0	0	0	0	0	0	0	0	0	116	0	0	0	0	0	0	0	0	0	0	0	0	0	0	0	0	0	0	0	0	0	0	0	0	0	0	0	0	0	0	0	0.0	0.0	0.0	0.0	4.7e-5	0.0	0.0	0.0	0.0	0.0	0.0	0.0	0.0	1.0	0.0	0.0	0.0	0.0	
151	152	3372.858097036	2421.3	2421.3	0.153594	0.001487	0	0	0	0	150	0	0	0	0	0.0	0.0	0.0	0.0	0.019072	0.0	0.0	0.0	0.0	0.0	0.0	0.0	0.0	3180.4	0.0	0.0	0.0	0.0	0.0	0.0	0.0	0.0	21.2027	0.0	0.0	0.0	0.0	0	0	0	0	33	0	0	0	0	0	0	0	0	0	0	0	0	0	0	0	0	0	117	0	0	0	0	0	0	0	0	0	0	0	0	0	0	0	0	0	0	0	0	0	0	0	0	0	0	0	0	0	0	0	0.0	0.0	0.0	0.0	4.2e-5	0.0	0.0	0.0	0.0	0.0	0.0	0.0	0.0	1.0	0.0	0.0	0.0	0.0	
152	153	3407.548222396	2421.3	2421.3	0.152497	0.001419	0	0	0	0	151	0	0	0	0	0.0	0.0	0.0	0.0	0.017164	0.0	0.0	0.0	0.0	0.0	0.0	0.0	0.0	3215.09	0.0	0.0	0.0	0.0	0.0	0.0	0.0	0.0	21.292	0.0	0.0	0.0	0.0	0	0	0	0	33	0	0	0	0	0	0	0	0	0	0	0	0	0	0	0	0	0	118	0	0	0	0	0	0	0	0	0	0	0	0	0	0	0	0	0	0	0	0	0	0	0	0	0	0	0	0	0	0	0	0.0	0.0	0.0	0.0	3.8e-5	0.0	0.0	0.0	0.0	0.0	0.0	0.0	0.0	1.0	0.0	0.0	0.0	0.0	
153	154	3422.912997325	2421.3	2421.3	0.142656	0.000903	0	0	0	0	152	0	0	0	0	0.0	0.0	0.0	0.0	0.015448	0.0	0.0	0.0	0.0	0.0	0.0	0.0	0.0	3230.46	0.0	0.0	0.0	0.0	0.0	0.0	0.0	0.0	21.253	0.0	0.0	0.0	0.0	0	0	0	0	33	0	0	0	0	0	0	0	0	0	0	0	0	0	0	0	0	0	119	0	0	0	0	0	0	0	0	0	0	0	0	0	0	0	0	0	0	0	0	0	0	0	0	0	0	0	0	0	0	0	0.0	0.0	0.0	0.0	3.4e-5	0.0	0.0	0.0	0.0	0.0	0.0	0.0	0.0	1.0	0.0	0.0	0.0	0.0	
154	155	3428.407038153	2421.3	2421.3	0.138503	0.000732	0	0	0	0	153	0	0	0	0	0.0	0.0	0.0	0.0	0.013903	0.0	0.0	0.0	0.0	0.0	0.0	0.0	0.0	3235.95	0.0	0.0	0.0	0.0	0.0	0.0	0.0	0.0	21.15	0.0	0.0	0.0	0.0	0	0	0	0	33	0	0	0	0	0	0	0	0	0	0	0	0	0	0	0	0	0	120	0	0	0	0	0	0	0	0	0	0	0	0	0	0	0	0	0	0	0	0	0	0	0	0	0	0	0	0	0	0	0	0.0	0.0	0.0	0.0	3.1e-5	0.0	0.0	0.0	0.0	0.0	0.0	0.0	0.0	1.0	0.0	0.0	0.0	0.0	
155	156	3433.923499278	2421.3	2421.3	0.137047	0.000678	0	0	0	0	154	0	0	0	0	0.0	0.0	0.0	0.0	0.012513	0.0	0.0	0.0	0.0	0.0	0.0	0.0	0.0	3241.47	0.0	0.0	0.0	0.0	0.0	0.0	0.0	0.0	21.0485	0.0	0.0	0.0	0.0	0	0	0	0	33	0	0	0	0	0	0	0	0	0	0	0	0	0	0	0	0	0	121	0	0	0	0	0	0	0	0	0	0	0	0	0	0	0	0	0	0	0	0	0	0	0	0	0	0	0	0	0	0	0	0.0	0.0	0.0	0.0	2.8e-5	0.0	0.0	0.0	0.0	0.0	0.0	0.0	0.0	1.0	0.0	0.0	0.0	0.0	
156	157	3445.010003018	2421.3	2421.3	0.135601	0.000627	0	0	0	0	155	0	0	0	0	0.0	0.0	0.0	0.0	0.011262	0.0	0.0	0.0	0.0	0.0	0.0	0.0	0.0	3252.55	0.0	0.0	0.0	0.0	0.0	0.0	0.0	0.0	20.9842	0.0	0.0	0.0	0.0	0	0	0	0	33	0	0	0	0	0	0	0	0	0	0	0	0	0	0	0	0	0	122	0	0	0	0	0	0	0	0	0	0	0	0	0	0	0	0	0	0	0	0	0	0	0	0	0	0	0	0	0	0	0	0.0	0.0	0.0	0.0	2.6e-5	0.0	0.0	0.0	0.0	0.0	0.0	0.0	0.0	1.0	0.0	0.0	0.0	0.0	
157	158	3452.095329694	2421.3	2421.3	0.132741	0.000535	0	0	0	0	156	0	0	0	0	0.0	0.0	0.0	0.0	0.010135	0.0	0.0	0.0	0.0	0.0	0.0	0.0	0.0	3259.64	0.0	0.0	0.0	0.0	0.0	0.0	0.0	0.0	20.8951	0.0	0.0	0.0	0.0	0	0	0	0	33	0	0	0	0	0	0	0	0	0	0	0	0	0	0	0	0	0	123	0	0	0	0	0	0	0	0	0	0	0	0	0	0	0	0	0	0	0	0	0	0	0	0	0	0	0	0	0	0	0	0.0	0.0	0.0	0.0	2.3e-5	0.0	0.0	0.0	0.0	0.0	0.0	0.0	0.0	1.0	0.0	0.0	0.0	0.0	
158	159	3457.25944845	2421.3	2421.3	0.130945	0.000482	0	0	0	0	157	0	0	0	0	0.0	0.0	0.0	0.0	0.009122	0.0	0.0	0.0	0.0	0.0	0.0	0.0	0.0	3264.8	0.0	0.0	0.0	0.0	0.0	0.0	0.0	0.0	20.7949	0.0	0.0	0.0	0.0	0	0	0	0	33	0	0	0	0	0	0	0	0	0	0	0	0	0	0	0	0	0	124	0	0	0	0	0	0	0	0	0	0	0	0	0	0	0	0	0	0	0	0	0	0	0	0	0	0	0	0	0	0	0	0.0	0.0	0.0	0.0	2.1e-5	0.0	0.0	0.0	0.0	0.0	0.0	0.0	0.0	1.0	0.0	0.0	0.0	0.0	
159	160	3462.815651715	2421.3	2421.3	0.129651	0.000447	0	0	0	0	158	0	0	0	0	0.0	0.0	0.0	0.0	0.00821	0.0	0.0	0.0	0.0	0.0	0.0	0.0	0.0	3270.36	0.0	0.0	0.0	0.0	0.0	0.0	0.0	0.0	20.6985	0.0	0.0	0.0	0.0	0	0	0	0	33	0	0	0	0	0	0	0	0	0	0	0	0	0	0	0	0	0	125	0	0	0	0	0	0	0	0	0	0	0	0	0	0	0	0	0	0	0	0	0	0	0	0	0	0	0	0	0	0	0	0.0	0.0	0.0	0.0	1.9e-5	0.0	0.0	0.0	0.0	0.0	0.0	0.0	0.0	1.0	0.0	0.0	0.0	0.0	
160	161	3466.484297073	2421.3	2421.3	0.128273	0.000411	0	0	0	0	159	0	0	0	0	0.0	0.0	0.0	0.0	0.007389	0.0	0.0	0.0	0.0	0.0	0.0	0.0	0.0	3274.03	0.0	0.0	0.0	0.0	0.0	0.0	0.0	0.0	20.5914	0.0	0.0	0.0	0.0	0	0	0	0	33	0	0	0	0	0	0	0	0	0	0	0	0	0	0	0	0	0	126	0	0	0	0	0	0	0	0	0	0	0	0	0	0	0	0	0	0	0	0	0	0	0	0	0	0	0	0	0	0	0	0.0	0.0	0.0	0.0	1.7e-5	0.0	0.0	0.0	0.0	0.0	0.0	0.0	0.0	1.0	0.0	0.0	0.0	0.0	
161	162	3485.326370189	2421.3	2421.3	0.127371	0.000389	0	0	0	0	160	0	0	0	0	0.0	0.0	0.0	0.0	0.00665	0.0	0.0	0.0	0.0	0.0	0.0	0.0	0.0	3292.87	0.0	0.0	0.0	0.0	0.0	0.0	0.0	0.0	20.5804	0.0	0.0	0.0	0.0	0	0	0	0	33	0	0	0	0	0	0	0	0	0	0	0	0	0	0	0	0	0	127	0	0	0	0	0	0	0	0	0	0	0	0	0	0	0	0	0	0	0	0	0	0	0	0	0	0	0	0	0	0	0	0.0	0.0	0.0	0.0	1.6e-5	0.0	0.0	0.0	0.0	0.0	0.0	0.0	0.0	1.0	0.0	0.0	0.0	0.0	
162	163	3490.844856931	2421.3	2421.3	0.122839	0.000291	0	0	0	0	161	0	0	0	0	0.0	0.0	0.0	0.0	0.005985	0.0	0.0	0.0	0.0	0.0	0.0	0.0	0.0	3298.39	0.0	0.0	0.0	0.0	0.0	0.0	0.0	0.0	20.4869	0.0	0.0	0.0	0.0	0	0	0	0	33	0	0	0	0	0	0	0	0	0	0	0	0	0	0	0	0	0	128	0	0	0	0	0	0	0	0	0	0	0	0	0	0	0	0	0	0	0	0	0	0	0	0	0	0	0	0	0	0	0	0.0	0.0	0.0	0.0	1.4e-5	0.0	0.0	0.0	0.0	0.0	0.0	0.0	0.0	1.0	0.0	0.0	0.0	0.0	
163	164	3502.638399245	2421.3	2421.3	0.121542	0.000267	0	0	0	0	162	0	0	0	0	0.0	0.0	0.0	0.0	0.005386	0.0	0.0	0.0	0.0	0.0	0.0	0.0	0.0	3310.18	0.0	0.0	0.0	0.0	0.0	0.0	0.0	0.0	20.4332	0.0	0.0	0.0	0.0	0	0	0	0	33	0	0	0	0	0	0	0	0	0	0	0	0	0	0	0	0	0	129	0	0	0	0	0	0	0	0	0	0	0	0	0	0	0	0	0	0	0	0	0	0	0	0	0	0	0	0	0	0	0	0.0	0.0	0.0	0.0	1.3e-5	0.0	0.0	0.0	0.0	0.0	0.0	0.0	0.0	1.0	0.0	0.0	0.0	0.0	
164	165	3508.410061653	2421.3	2421.3	0.118817	0.000221	0	0	0	0	163	0	0	0	0	0.0	0.0	0.0	0.0	0.004848	0.0	0.0	0.0	0.0	0.0	0.0	0.0	0.0	3315.95	0.0	0.0	0.0	0.0	0.0	0.0	0.0	0.0	20.3433	0.0	0.0	0.0	0.0	0	0	0	0	33	0	0	0	0	0	0	0	0	0	0	0	0	0	0	0	0	0	130	0	0	0	0	0	0	0	0	0	0	0	0	0	0	0	0	0	0	0	0	0	0	0	0	0	0	0	0	0	0	0	0.0	0.0	0.0	0.0	1.2e-5	0.0	0.0	0.0	0.0	0.0	0.0	0.0	0.0	1.0	0.0	0.0	0.0	0.0	
165	166	3528.41101418	2421.3	2421.3	0.117506	0.000201	0	0	0	0	164	0	0	0	0	0.0	0.0	0.0	0.0	0.004363	0.0	0.0	0.0	0.0	0.0	0.0	0.0	0.0	3335.95	0.0	0.0	0.0	0.0	0.0	0.0	0.0	0.0	20.3412	0.0	0.0	0.0	0.0	0	0	0	0	33	0	0	0	0	0	0	0	0	0	0	0	0	0	0	0	0	0	131	0	0	0	0	0	0	0	0	0	0	0	0	0	0	0	0	0	0	0	0	0	0	0	0	0	0	0	0	0	0	0	0.0	0.0	0.0	0.0	1.1e-5	0.0	0.0	0.0	0.0	0.0	0.0	0.0	0.0	1.0	0.0	0.0	0.0	0.0	
166	167	3532.666094407	2421.3	2421.3	0.113072	0.000144	0	0	0	0	165	0	0	0	0	0.0	0.0	0.0	0.0	0.003927	0.0	0.0	0.0	0.0	0.0	0.0	0.0	0.0	3340.21	0.0	0.0	0.0	0.0	0.0	0.0	0.0	0.0	20.2437	0.0	0.0	0.0	0.0	0	0	0	0	33	0	0	0	0	0	0	0	0	0	0	0	0	0	0	0	0	0	132	0	0	0	0	0	0	0	0	0	0	0	0	0	0	0	0	0	0	0	0	0	0	0	0	0	0	0	0	0	0	0	0.0	0.0	0.0	0.0	1.0e-5	0.0	0.0	0.0	0.0	0.0	0.0	0.0	0.0	1.0	0.0	0.0	0.0	0.0	
167	168	3538.384386627	2421.3	2421.3	0.112151	0.000134	0	0	0	0	166	0	0	0	0	0.0	0.0	0.0	0.0	0.003534	0.0	0.0	0.0	0.0	0.0	0.0	0.0	0.0	3345.93	0.0	0.0	0.0	0.0	0.0	0.0	0.0	0.0	20.1562	0.0	0.0	0.0	0.0	0	0	0	0	33	0	0	0	0	0	0	0	0	0	0	0	0	0	0	0	0	0	133	0	0	0	0	0	0	0	0	0	0	0	0	0	0	0	0	0	0	0	0	0	0	0	0	0	0	0	0	0	0	0	0.0	0.0	0.0	0.0	9.0e-6	0.0	0.0	0.0	0.0	0.0	0.0	0.0	0.0	1.0	0.0	0.0	0.0	0.0	
168	169	3547.541975683	2421.3	2421.3	0.110924	0.000122	0	0	0	0	167	0	0	0	0	0.0	0.0	0.0	0.0	0.003181	0.0	0.0	0.0	0.0	0.0	0.0	0.0	0.0	3355.09	0.0	0.0	0.0	0.0	0.0	0.0	0.0	0.0	20.0903	0.0	0.0	0.0	0.0	0	0	0	0	33	0	0	0	0	0	0	0	0	0	0	0	0	0	0	0	0	0	134	0	0	0	0	0	0	0	0	0	0	0	0	0	0	0	0	0	0	0	0	0	0	0	0	0	0	0	0	0	0	0	0.0	0.0	0.0	0.0	8.0e-6	0.0	0.0	0.0	0.0	0.0	0.0	0.0	0.0	1.0	0.0	0.0	0.0	0.0	
169	170	3552.553186204	2421.3	2421.3	0.108988	0.000104	0	0	0	0	168	0	0	0	0	0.0	0.0	0.0	0.0	0.002863	0.0	0.0	0.0	0.0	0.0	0.0	0.0	0.0	3360.1	0.0	0.0	0.0	0.0	0.0	0.0	0.0	0.0	20.0006	0.0	0.0	0.0	0.0	0	0	0	0	33	0	0	0	0	0	0	0	0	0	0	0	0	0	0	0	0	0	135	0	0	0	0	0	0	0	0	0	0	0	0	0	0	0	0	0	0	0	0	0	0	0	0	0	0	0	0	0	0	0	0.0	0.0	0.0	0.0	7.0e-6	0.0	0.0	0.0	0.0	0.0	0.0	0.0	0.0	1.0	0.0	0.0	0.0	0.0	
170	171	3555.083632903	2421.3	2421.3	0.107943	9.5e-5	0	0	0	0	169	0	0	0	0	0.0	0.0	0.0	0.0	0.002576	0.0	0.0	0.0	0.0	0.0	0.0	0.0	0.0	3362.63	0.0	0.0	0.0	0.0	0.0	0.0	0.0	0.0	19.8972	0.0	0.0	0.0	0.0	0	0	0	0	33	0	0	0	0	0	0	0	0	0	0	0	0	0	0	0	0	0	136	0	0	0	0	0	0	0	0	0	0	0	0	0	0	0	0	0	0	0	0	0	0	0	0	0	0	0	0	0	0	0	0.0	0.0	0.0	0.0	7.0e-6	0.0	0.0	0.0	0.0	0.0	0.0	0.0	0.0	1.0	0.0	0.0	0.0	0.0	
171	172	3560.903248865	2421.3	2421.3	0.107419	9.1e-5	0	0	0	0	170	0	0	0	0	0.0	0.0	0.0	0.0	0.002319	0.0	0.0	0.0	0.0	0.0	0.0	0.0	0.0	3368.45	0.0	0.0	0.0	0.0	0.0	0.0	0.0	0.0	19.8144	0.0	0.0	0.0	0.0	0	0	0	0	33	0	0	0	0	0	0	0	0	0	0	0	0	0	0	0	0	0	137	0	0	0	0	0	0	0	0	0	0	0	0	0	0	0	0	0	0	0	0	0	0	0	0	0	0	0	0	0	0	0	0.0	0.0	0.0	0.0	6.0e-6	0.0	0.0	0.0	0.0	0.0	0.0	0.0	0.0	1.0	0.0	0.0	0.0	0.0	
172	173	3564.104562349	2421.3	2421.3	0.106224	8.2e-5	0	0	0	0	171	0	0	0	0	0.0	0.0	0.0	0.0	0.002087	0.0	0.0	0.0	0.0	0.0	0.0	0.0	0.0	3371.65	0.0	0.0	0.0	0.0	0.0	0.0	0.0	0.0	19.7172	0.0	0.0	0.0	0.0	0	0	0	0	33	0	0	0	0	0	0	0	0	0	0	0	0	0	0	0	0	0	138	0	0	0	0	0	0	0	0	0	0	0	0	0	0	0	0	0	0	0	0	0	0	0	0	0	0	0	0	0	0	0	0.0	0.0	0.0	0.0	5.0e-6	0.0	0.0	0.0	0.0	0.0	0.0	0.0	0.0	1.0	0.0	0.0	0.0	0.0	
173	174	3571.447920154	2421.3	2421.3	0.105572	7.7e-5	0	0	0	0	172	0	0	0	0	0.0	0.0	0.0	0.0	0.001878	0.0	0.0	0.0	0.0	0.0	0.0	0.0	0.0	3378.99	0.0	0.0	0.0	0.0	0.0	0.0	0.0	0.0	19.6453	0.0	0.0	0.0	0.0	0	0	0	0	33	0	0	0	0	0	0	0	0	0	0	0	0	0	0	0	0	0	139	0	0	0	0	0	0	0	0	0	0	0	0	0	0	0	0	0	0	0	0	0	0	0	0	0	0	0	0	0	0	0	0.0	0.0	0.0	0.0	5.0e-6	0.0	0.0	0.0	0.0	0.0	0.0	0.0	0.0	1.0	0.0	0.0	0.0	0.0	
174	175	3576.411197573	2421.3	2421.3	0.104091	6.7e-5	0	0	0	0	173	0	0	0	0	0.0	0.0	0.0	0.0	0.00169	0.0	0.0	0.0	0.0	0.0	0.0	0.0	0.0	3383.95	0.0	0.0	0.0	0.0	0.0	0.0	0.0	0.0	19.5604	0.0	0.0	0.0	0.0	0	0	0	0	33	0	0	0	0	0	0	0	0	0	0	0	0	0	0	0	0	0	140	0	0	0	0	0	0	0	0	0	0	0	0	0	0	0	0	0	0	0	0	0	0	0	0	0	0	0	0	0	0	0	0.0	0.0	0.0	0.0	4.0e-6	0.0	0.0	0.0	0.0	0.0	0.0	0.0	0.0	1.0	0.0	0.0	0.0	0.0	
175	176	3588.139965005	2421.3	2421.3	0.103103	6.1e-5	0	0	0	0	174	0	0	0	0	0.0	0.0	0.0	0.0	0.001521	0.0	0.0	0.0	0.0	0.0	0.0	0.0	0.0	3395.68	0.0	0.0	0.0	0.0	0.0	0.0	0.0	0.0	19.5154	0.0	0.0	0.0	0.0	0	0	0	0	33	0	0	0	0	0	0	0	0	0	0	0	0	0	0	0	0	0	141	0	0	0	0	0	0	0	0	0	0	0	0	0	0	0	0	0	0	0	0	0	0	0	0	0	0	0	0	0	0	0	0.0	0.0	0.0	0.0	4.0e-6	0.0	0.0	0.0	0.0	0.0	0.0	0.0	0.0	1.0	0.0	0.0	0.0	0.0	
176	177	3595.536929891	2421.3	2421.3	0.100803	4.9e-5	0	0	0	0	175	0	0	0	0	0.0	0.0	0.0	0.0	0.001369	0.0	0.0	0.0	0.0	0.0	0.0	0.0	0.0	3403.08	0.0	0.0	0.0	0.0	0.0	0.0	0.0	0.0	19.4462	0.0	0.0	0.0	0.0	0	0	0	0	33	0	0	0	0	0	0	0	0	0	0	0	0	0	0	0	0	0	142	0	0	0	0	0	0	0	0	0	0	0	0	0	0	0	0	0	0	0	0	0	0	0	0	0	0	0	0	0	0	0	0.0	0.0	0.0	0.0	4.0e-6	0.0	0.0	0.0	0.0	0.0	0.0	0.0	0.0	1.0	0.0	0.0	0.0	0.0	
177	178	3599.270763348	2421.3	2421.3	0.09938	4.3e-5	0	0	0	0	176	0	0	0	0	0.0	0.0	0.0	0.0	0.001232	0.0	0.0	0.0	0.0	0.0	0.0	0.0	0.0	3406.81	0.0	0.0	0.0	0.0	0.0	0.0	0.0	0.0	19.3569	0.0	0.0	0.0	0.0	0	0	0	0	33	0	0	0	0	0	0	0	0	0	0	0	0	0	0	0	0	0	143	0	0	0	0	0	0	0	0	0	0	0	0	0	0	0	0	0	0	0	0	0	0	0	0	0	0	0	0	0	0	0	0.0	0.0	0.0	0.0	3.0e-6	0.0	0.0	0.0	0.0	0.0	0.0	0.0	0.0	1.0	0.0	0.0	0.0	0.0	
178	179	3603.733699083	2421.3	2421.3	0.098669	4.0e-5	0	0	0	0	177	0	0	0	0	0.0	0.0	0.0	0.0	0.001109	0.0	0.0	0.0	0.0	0.0	0.0	0.0	0.0	3411.28	0.0	0.0	0.0	0.0	0.0	0.0	0.0	0.0	19.2728	0.0	0.0	0.0	0.0	0	0	0	0	33	0	0	0	0	0	0	0	0	0	0	0	0	0	0	0	0	0	144	0	0	0	0	0	0	0	0	0	0	0	0	0	0	0	0	0	0	0	0	0	0	0	0	0	0	0	0	0	0	0	0.0	0.0	0.0	0.0	3.0e-6	0.0	0.0	0.0	0.0	0.0	0.0	0.0	0.0	1.0	0.0	0.0	0.0	0.0	
179	180	3614.862227743	2421.3	2421.3	0.097826	3.6e-5	0	0	0	0	178	0	0	0	0	0.0	0.0	0.0	0.0	0.000998	0.0	0.0	0.0	0.0	0.0	0.0	0.0	0.0	3422.41	0.0	0.0	0.0	0.0	0.0	0.0	0.0	0.0	19.227	0.0	0.0	0.0	0.0	0	0	0	0	33	0	0	0	0	0	0	0	0	0	0	0	0	0	0	0	0	0	145	0	0	0	0	0	0	0	0	0	0	0	0	0	0	0	0	0	0	0	0	0	0	0	0	0	0	0	0	0	0	0	0.0	0.0	0.0	0.0	3.0e-6	0.0	0.0	0.0	0.0	0.0	0.0	0.0	0.0	1.0	0.0	0.0	0.0	0.0	
180	181	3636.215222197	2421.3	2421.3	0.095754	2.9e-5	0	0	0	0	179	0	0	0	0	0.0	0.0	0.0	0.0	0.000898	0.0	0.0	0.0	0.0	0.0	0.0	0.0	0.0	3443.76	0.0	0.0	0.0	0.0	0.0	0.0	0.0	0.0	19.2389	0.0	0.0	0.0	0.0	0	0	0	0	33	0	0	0	0	0	0	0	0	0	0	0	0	0	0	0	0	0	146	0	0	0	0	0	0	0	0	0	0	0	0	0	0	0	0	0	0	0	0	0	0	0	0	0	0	0	0	0	0	0	0.0	0.0	0.0	0.0	2.0e-6	0.0	0.0	0.0	0.0	0.0	0.0	0.0	0.0	1.0	0.0	0.0	0.0	0.0	
181	182	3642.717048844	2421.3	2421.3	0.091902	1.9e-5	0	0	0	0	180	0	0	0	0	0.0	0.0	0.0	0.0	0.000808	0.0	0.0	0.0	0.0	0.0	0.0	0.0	0.0	3450.26	0.0	0.0	0.0	0.0	0.0	0.0	0.0	0.0	19.1681	0.0	0.0	0.0	0.0	0	0	0	0	33	0	0	0	0	0	0	0	0	0	0	0	0	0	0	0	0	0	147	0	0	0	0	0	0	0	0	0	0	0	0	0	0	0	0	0	0	0	0	0	0	0	0	0	0	0	0	0	0	0	0.0	0.0	0.0	0.0	2.0e-6	0.0	0.0	0.0	0.0	0.0	0.0	0.0	0.0	1.0	0.0	0.0	0.0	0.0	
182	183	3648.18786477	2421.3	2421.3	0.09076	1.6e-5	0	0	0	0	181	0	0	0	0	0.0	0.0	0.0	0.0	0.000728	0.0	0.0	0.0	0.0	0.0	0.0	0.0	0.0	3455.73	0.0	0.0	0.0	0.0	0.0	0.0	0.0	0.0	19.0924	0.0	0.0	0.0	0.0	0	0	0	0	33	0	0	0	0	0	0	0	0	0	0	0	0	0	0	0	0	0	148	0	0	0	0	0	0	0	0	0	0	0	0	0	0	0	0	0	0	0	0	0	0	0	0	0	0	0	0	0	0	0	0.0	0.0	0.0	0.0	2.0e-6	0.0	0.0	0.0	0.0	0.0	0.0	0.0	0.0	1.0	0.0	0.0	0.0	0.0	
183	184	3655.585279543	2421.3	2421.3	0.089811	1.5e-5	0	0	0	0	182	0	0	0	0	0.0	0.0	0.0	0.0	0.000655	0.0	0.0	0.0	0.0	0.0	0.0	0.0	0.0	3463.13	0.0	0.0	0.0	0.0	0.0	0.0	0.0	0.0	19.0282	0.0	0.0	0.0	0.0	0	0	0	0	33	0	0	0	0	0	0	0	0	0	0	0	0	0	0	0	0	0	149	0	0	0	0	0	0	0	0	0	0	0	0	0	0	0	0	0	0	0	0	0	0	0	0	0	0	0	0	0	0	0	0.0	0.0	0.0	0.0	2.0e-6	0.0	0.0	0.0	0.0	0.0	0.0	0.0	0.0	1.0	0.0	0.0	0.0	0.0	
184	185	3668.159705229	2421.3	2421.3	0.088542	1.2e-5	0	0	0	0	183	0	0	0	0	0.0	0.0	0.0	0.0	0.000589	0.0	0.0	0.0	0.0	0.0	0.0	0.0	0.0	3475.7	0.0	0.0	0.0	0.0	0.0	0.0	0.0	0.0	18.9929	0.0	0.0	0.0	0.0	0	0	0	0	33	0	0	0	0	0	0	0	0	0	0	0	0	0	0	0	0	0	150	0	0	0	0	0	0	0	0	0	0	0	0	0	0	0	0	0	0	0	0	0	0	0	0	0	0	0	0	0	0	0	0.0	0.0	0.0	0.0	2.0e-6	0.0	0.0	0.0	0.0	0.0	0.0	0.0	0.0	1.0	0.0	0.0	0.0	0.0	
185	186	3743.05153514	2421.3	2421.3	0.086427	9.0e-6	0	0	0	0	184	0	0	0	0	0.0	0.0	0.0	0.0	0.00053	0.0	0.0	0.0	0.0	0.0	0.0	0.0	0.0	3550.59	0.0	0.0	0.0	0.0	0.0	0.0	0.0	0.0	19.2967	0.0	0.0	0.0	0.0	0	0	0	0	33	0	0	0	0	0	0	0	0	0	0	0	0	0	0	0	0	0	151	0	0	0	0	0	0	0	0	0	0	0	0	0	0	0	0	0	0	0	0	0	0	0	0	0	0	0	0	0	0	0	0.0	0.0	0.0	0.0	1.0e-6	0.0	0.0	0.0	0.0	0.0	0.0	0.0	0.0	1.0	0.0	0.0	0.0	0.0	
186	187	3747.574620519	2421.3	2421.3	0.074835	2.0e-6	0	0	0	0	185	0	0	0	0	0.0	0.0	0.0	0.0	0.000477	0.0	0.0	0.0	0.0	0.0	0.0	0.0	0.0	3555.12	0.0	0.0	0.0	0.0	0.0	0.0	0.0	0.0	19.2169	0.0	0.0	0.0	0.0	0	0	0	0	33	0	0	0	0	0	0	0	0	0	0	0	0	0	0	0	0	0	152	0	0	0	0	0	0	0	0	0	0	0	0	0	0	0	0	0	0	0	0	0	0	0	0	0	0	0	0	0	0	0	0.0	0.0	0.0	0.0	1.0e-6	0.0	0.0	0.0	0.0	0.0	0.0	0.0	0.0	1.0	0.0	0.0	0.0	0.0	
187	188	3752.963221076	2421.3	2421.3	0.074187	1.0e-6	0	0	0	0	186	0	0	0	0	0.0	0.0	0.0	0.0	0.00043	0.0	0.0	0.0	0.0	0.0	0.0	0.0	0.0	3560.51	0.0	0.0	0.0	0.0	0.0	0.0	0.0	0.0	19.1425	0.0	0.0	0.0	0.0	0	0	0	0	33	0	0	0	0	0	0	0	0	0	0	0	0	0	0	0	0	0	153	0	0	0	0	0	0	0	0	0	0	0	0	0	0	0	0	0	0	0	0	0	0	0	0	0	0	0	0	0	0	0	0.0	0.0	0.0	0.0	1.0e-6	0.0	0.0	0.0	0.0	0.0	0.0	0.0	0.0	1.0	0.0	0.0	0.0	0.0	
188	189	3755.226838376	2421.3	2421.3	0.073422	1.0e-6	0	0	0	0	187	0	0	0	0	0.0	0.0	0.0	0.0	0.000387	0.0	0.0	0.0	0.0	0.0	0.0	0.0	0.0	3562.77	0.0	0.0	0.0	0.0	0.0	0.0	0.0	0.0	19.0522	0.0	0.0	0.0	0.0	0	0	0	0	33	0	0	0	0	0	0	0	0	0	0	0	0	0	0	0	0	0	154	0	0	0	0	0	0	0	0	0	0	0	0	0	0	0	0	0	0	0	0	0	0	0	0	0	0	0	0	0	0	0	0.0	0.0	0.0	0.0	1.0e-6	0.0	0.0	0.0	0.0	0.0	0.0	0.0	0.0	1.0	0.0	0.0	0.0	0.0	
189	190	3817.559607372	2421.3	2421.3	0.073103	1.0e-6	0	0	0	0	188	0	0	0	0	0.0	0.0	0.0	0.0	0.000348	0.0	0.0	0.0	0.0	0.0	0.0	0.0	0.0	3625.1	0.0	0.0	0.0	0.0	0.0	0.0	0.0	0.0	19.2825	0.0	0.0	0.0	0.0	0	0	0	0	33	0	0	0	0	0	0	0	0	0	0	0	0	0	0	0	0	0	155	0	0	0	0	0	0	0	0	0	0	0	0	0	0	0	0	0	0	0	0	0	0	0	0	0	0	0	0	0	0	0	0.0	0.0	0.0	0.0	1.0e-6	0.0	0.0	0.0	0.0	0.0	0.0	0.0	0.0	1.0	0.0	0.0	0.0	0.0	
190	191	3826.647662933	2421.3	2421.3	0.064846	0.0	0	0	0	0	189	0	0	0	0	0.0	0.0	0.0	0.0	0.000313	0.0	0.0	0.0	0.0	0.0	0.0	0.0	0.0	3634.19	0.0	0.0	0.0	0.0	0.0	0.0	0.0	0.0	19.2285	0.0	0.0	0.0	0.0	0	0	0	0	33	0	0	0	0	0	0	0	0	0	0	0	0	0	0	0	0	0	156	0	0	0	0	0	0	0	0	0	0	0	0	0	0	0	0	0	0	0	0	0	0	0	0	0	0	0	0	0	0	0	0.0	0.0	0.0	0.0	1.0e-6	0.0	0.0	0.0	0.0	0.0	0.0	0.0	0.0	1.0	0.0	0.0	0.0	0.0	
191	192	3833.169090309	2421.3	2421.3	0.063722	0.0	0	0	0	0	190	0	0	0	0	0.0	0.0	0.0	0.0	0.000282	0.0	0.0	0.0	0.0	0.0	0.0	0.0	0.0	3640.71	0.0	0.0	0.0	0.0	0.0	0.0	0.0	0.0	19.1616	0.0	0.0	0.0	0.0	0	0	0	0	33	0	0	0	0	0	0	0	0	0	0	0	0	0	0	0	0	0	157	0	0	0	0	0	0	0	0	0	0	0	0	0	0	0	0	0	0	0	0	0	0	0	0	0	0	0	0	0	0	0	0.0	0.0	0.0	0.0	1.0e-6	0.0	0.0	0.0	0.0	0.0	0.0	0.0	0.0	1.0	0.0	0.0	0.0	0.0	
192	193	3956.512374428	2421.3	2421.3	0.062928	0.0	0	0	0	0	191	0	0	0	0	0.0	0.0	0.0	0.0	0.000254	0.0	0.0	0.0	0.0	0.0	0.0	0.0	0.0	3764.06	0.0	0.0	0.0	0.0	0.0	0.0	0.0	0.0	19.7071	0.0	0.0	0.0	0.0	0	0	0	0	33	0	0	0	0	0	0	0	0	0	0	0	0	0	0	0	0	0	158	0	0	0	0	0	0	0	0	0	0	0	0	0	0	0	0	0	0	0	0	0	0	0	0	0	0	0	0	0	0	0	0.0	0.0	0.0	0.0	1.0e-6	0.0	0.0	0.0	0.0	0.0	0.0	0.0	0.0	1.0	0.0	0.0	0.0	0.0	
193	194	3962.882375874	2421.3	2421.3	0.049641	0.0	0	0	0	0	192	0	0	0	0	0.0	0.0	0.0	0.0	0.000228	0.0	0.0	0.0	0.0	0.0	0.0	0.0	0.0	3770.43	0.0	0.0	0.0	0.0	0.0	0.0	0.0	0.0	19.6376	0.0	0.0	0.0	0.0	0	0	0	0	33	0	0	0	0	0	0	0	0	0	0	0	0	0	0	0	0	0	159	0	0	0	0	0	0	0	0	0	0	0	0	0	0	0	0	0	0	0	0	0	0	0	0	0	0	0	0	0	0	0	0.0	0.0	0.0	0.0	1.0e-6	0.0	0.0	0.0	0.0	0.0	0.0	0.0	0.0	1.0	0.0	0.0	0.0	0.0	
194	195	3976.339024627	2421.3	2421.3	0.049037	0.0	0	0	0	0	193	0	0	0	0	0.0	0.0	0.0	0.0	0.000206	0.0	0.0	0.0	0.0	0.0	0.0	0.0	0.0	3783.88	0.0	0.0	0.0	0.0	0.0	0.0	0.0	0.0	19.6056	0.0	0.0	0.0	0.0	0	0	0	0	33	0	0	0	0	0	0	0	0	0	0	0	0	0	0	0	0	0	160	0	0	0	0	0	0	0	0	0	0	0	0	0	0	0	0	0	0	0	0	0	0	0	0	0	0	0	0	0	0	0	0.0	0.0	0.0	0.0	1.0e-6	0.0	0.0	0.0	0.0	0.0	0.0	0.0	0.0	1.0	0.0	0.0	0.0	0.0	
195	196	3995.842145459	2421.3	2421.3	0.047784	0.0	0	0	0	0	194	0	0	0	0	0.0	0.0	0.0	0.0	0.000185	0.0	0.0	0.0	0.0	0.0	0.0	0.0	0.0	3803.39	0.0	0.0	0.0	0.0	0.0	0.0	0.0	0.0	19.6051	0.0	0.0	0.0	0.0	0	0	0	0	33	0	0	0	0	0	0	0	0	0	0	0	0	0	0	0	0	0	161	0	0	0	0	0	0	0	0	0	0	0	0	0	0	0	0	0	0	0	0	0	0	0	0	0	0	0	0	0	0	0	0.0	0.0	0.0	0.0	0.0	0.0	0.0	0.0	0.0	0.0	0.0	0.0	0.0	1.0	0.0	0.0	0.0	0.0	
196	197	3998.61412643	2421.3	2421.3	0.046025	0.0	0	0	0	0	195	0	0	0	0	0.0	0.0	0.0	0.0	0.000166	0.0	0.0	0.0	0.0	0.0	0.0	0.0	0.0	3806.16	0.0	0.0	0.0	0.0	0.0	0.0	0.0	0.0	19.5188	0.0	0.0	0.0	0.0	0	0	0	0	33	0	0	0	0	0	0	0	0	0	0	0	0	0	0	0	0	0	162	0	0	0	0	0	0	0	0	0	0	0	0	0	0	0	0	0	0	0	0	0	0	0	0	0	0	0	0	0	0	0	0.0	0.0	0.0	0.0	0.0	0.0	0.0	0.0	0.0	0.0	0.0	0.0	0.0	1.0	0.0	0.0	0.0	0.0	
197	198	4005.567313694	2421.3	2421.3	0.04578	0.0	0	0	0	0	196	0	0	0	0	0.0	0.0	0.0	0.0	0.00015	0.0	0.0	0.0	0.0	0.0	0.0	0.0	0.0	3813.11	0.0	0.0	0.0	0.0	0.0	0.0	0.0	0.0	19.4546	0.0	0.0	0.0	0.0	0	0	0	0	33	0	0	0	0	0	0	0	0	0	0	0	0	0	0	0	0	0	163	0	0	0	0	0	0	0	0	0	0	0	0	0	0	0	0	0	0	0	0	0	0	0	0	0	0	0	0	0	0	0	0.0	0.0	0.0	0.0	0.0	0.0	0.0	0.0	0.0	0.0	0.0	0.0	0.0	1.0	0.0	0.0	0.0	0.0	
198	199	4008.897315005	2421.3	2421.3	0.045172	0.0	0	0	0	0	197	0	0	0	0	0.0	0.0	0.0	0.0	0.000135	0.0	0.0	0.0	0.0	0.0	0.0	0.0	0.0	3816.44	0.0	0.0	0.0	0.0	0.0	0.0	0.0	0.0	19.3728	0.0	0.0	0.0	0.0	0	0	0	0	33	0	0	0	0	0	0	0	0	0	0	0	0	0	0	0	0	0	164	0	0	0	0	0	0	0	0	0	0	0	0	0	0	0	0	0	0	0	0	0	0	0	0	0	0	0	0	0	0	0	0.0	0.0	0.0	0.0	0.0	0.0	0.0	0.0	0.0	0.0	0.0	0.0	0.0	1.0	0.0	0.0	0.0	0.0	
199	200	4012.935855681	2421.3	2421.3	0.044884	0.0	0	0	0	0	198	0	0	0	0	0.0	0.0	0.0	0.0	0.000121	0.0	0.0	0.0	0.0	0.0	0.0	0.0	0.0	3820.48	0.0	0.0	0.0	0.0	0.0	0.0	0.0	0.0	19.2953	0.0	0.0	0.0	0.0	0	0	0	0	33	0	0	0	0	0	0	0	0	0	0	0	0	0	0	0	0	0	165	0	0	0	0	0	0	0	0	0	0	0	0	0	0	0	0	0	0	0	0	0	0	0	0	0	0	0	0	0	0	0	0.0	0.0	0.0	0.0	0.0	0.0	0.0	0.0	0.0	0.0	0.0	0.0	0.0	1.0	0.0	0.0	0.0	0.0	
200	201	4018.370871042	2421.3	2421.3	0.044537	0.0	0	0	0	0	199	0	0	0	0	0.0	0.0	0.0	0.0	0.000109	0.0	0.0	0.0	0.0	0.0	0.0	0.0	0.0	3825.91	0.0	0.0	0.0	0.0	0.0	0.0	0.0	0.0	19.2257	0.0	0.0	0.0	0.0	0	0	0	0	33	0	0	0	0	0	0	0	0	0	0	0	0	0	0	0	0	0	166	0	0	0	0	0	0	0	0	0	0	0	0	0	0	0	0	0	0	0	0	0	0	0	0	0	0	0	0	0	0	0	0.0	0.0	0.0	0.0	0.0	0.0	0.0	0.0	0.0	0.0	0.0	0.0	0.0	1.0	0.0	0.0	0.0	0.0	
201	202	4034.747185114	2421.3	2421.3	0.044074	0.0	0	0	0	0	200	0	0	0	0	0.0	0.0	0.0	0.0	9.8e-5	0.0	0.0	0.0	0.0	0.0	0.0	0.0	0.0	3842.29	0.0	0.0	0.0	0.0	0.0	0.0	0.0	0.0	19.2115	0.0	0.0	0.0	0.0	0	0	0	0	33	0	0	0	0	0	0	0	0	0	0	0	0	0	0	0	0	0	167	0	0	0	0	0	0	0	0	0	0	0	0	0	0	0	0	0	0	0	0	0	0	0	0	0	0	0	0	0	0	0	0.0	0.0	0.0	0.0	0.0	0.0	0.0	0.0	0.0	0.0	0.0	0.0	0.0	1.0	0.0	0.0	0.0	0.0	
202	203	4042.134557497	2421.3	2421.3	0.042708	0.0	0	0	0	0	201	0	0	0	0	0.0	0.0	0.0	0.0	8.8e-5	0.0	0.0	0.0	0.0	0.0	0.0	0.0	0.0	3849.68	0.0	0.0	0.0	0.0	0.0	0.0	0.0	0.0	19.1526	0.0	0.0	0.0	0.0	0	0	0	0	33	0	0	0	0	0	0	0	0	0	0	0	0	0	0	0	0	0	168	0	0	0	0	0	0	0	0	0	0	0	0	0	0	0	0	0	0	0	0	0	0	0	0	0	0	0	0	0	0	0	0.0	0.0	0.0	0.0	0.0	0.0	0.0	0.0	0.0	0.0	0.0	0.0	0.0	1.0	0.0	0.0	0.0	0.0	
203	204	4061.966644836	2421.3	2421.3	0.042105	0.0	0	0	0	0	202	0	0	0	0	0.0	0.0	0.0	0.0	8.0e-5	0.0	0.0	0.0	0.0	0.0	0.0	0.0	0.0	3869.51	0.0	0.0	0.0	0.0	0.0	0.0	0.0	0.0	19.156	0.0	0.0	0.0	0.0	0	0	0	0	33	0	0	0	0	0	0	0	0	0	0	0	0	0	0	0	0	0	169	0	0	0	0	0	0	0	0	0	0	0	0	0	0	0	0	0	0	0	0	0	0	0	0	0	0	0	0	0	0	0	0.0	0.0	0.0	0.0	0.0	0.0	0.0	0.0	0.0	0.0	0.0	0.0	0.0	1.0	0.0	0.0	0.0	0.0	
204	205	4065.182704256	2421.3	2421.3	0.04053	0.0	0	0	0	0	203	0	0	0	0	0.0	0.0	0.0	0.0	7.2e-5	0.0	0.0	0.0	0.0	0.0	0.0	0.0	0.0	3872.73	0.0	0.0	0.0	0.0	0.0	0.0	0.0	0.0	19.0775	0.0	0.0	0.0	0.0	0	0	0	0	33	0	0	0	0	0	0	0	0	0	0	0	0	0	0	0	0	0	170	0	0	0	0	0	0	0	0	0	0	0	0	0	0	0	0	0	0	0	0	0	0	0	0	0	0	0	0	0	0	0	0.0	0.0	0.0	0.0	0.0	0.0	0.0	0.0	0.0	0.0	0.0	0.0	0.0	1.0	0.0	0.0	0.0	0.0	
205	206	4071.149967437	2421.3	2421.3	0.04028	0.0	0	0	0	0	204	0	0	0	0	0.0	0.0	0.0	0.0	6.4e-5	0.0	0.0	0.0	0.0	0.0	0.0	0.0	0.0	3878.69	0.0	0.0	0.0	0.0	0.0	0.0	0.0	0.0	19.0132	0.0	0.0	0.0	0.0	0	0	0	0	33	0	0	0	0	0	0	0	0	0	0	0	0	0	0	0	0	0	171	0	0	0	0	0	0	0	0	0	0	0	0	0	0	0	0	0	0	0	0	0	0	0	0	0	0	0	0	0	0	0	0.0	0.0	0.0	0.0	0.0	0.0	0.0	0.0	0.0	0.0	0.0	0.0	0.0	1.0	0.0	0.0	0.0	0.0	
206	207	4077.101177244	2421.3	2421.3	0.03982	0.0	0	0	0	0	205	0	0	0	0	0.0	0.0	0.0	0.0	5.8e-5	0.0	0.0	0.0	0.0	0.0	0.0	0.0	0.0	3884.64	0.0	0.0	0.0	0.0	0.0	0.0	0.0	0.0	18.9495	0.0	0.0	0.0	0.0	0	0	0	0	33	0	0	0	0	0	0	0	0	0	0	0	0	0	0	0	0	0	172	0	0	0	0	0	0	0	0	0	0	0	0	0	0	0	0	0	0	0	0	0	0	0	0	0	0	0	0	0	0	0	0.0	0.0	0.0	0.0	0.0	0.0	0.0	0.0	0.0	0.0	0.0	0.0	0.0	1.0	0.0	0.0	0.0	0.0	
207	208	4084.191444176	2421.3	2421.3	0.039367	0.0	0	0	0	0	206	0	0	0	0	0.0	0.0	0.0	0.0	5.2e-5	0.0	0.0	0.0	0.0	0.0	0.0	0.0	0.0	3891.73	0.0	0.0	0.0	0.0	0.0	0.0	0.0	0.0	18.8919	0.0	0.0	0.0	0.0	0	0	0	0	33	0	0	0	0	0	0	0	0	0	0	0	0	0	0	0	0	0	173	0	0	0	0	0	0	0	0	0	0	0	0	0	0	0	0	0	0	0	0	0	0	0	0	0	0	0	0	0	0	0	0.0	0.0	0.0	0.0	0.0	0.0	0.0	0.0	0.0	0.0	0.0	0.0	0.0	1.0	0.0	0.0	0.0	0.0	
208	209	4120.262726097	2421.3	2421.3	0.038834	0.0	0	0	0	0	207	0	0	0	0	0.0	0.0	0.0	0.0	4.7e-5	0.0	0.0	0.0	0.0	0.0	0.0	0.0	0.0	3927.81	0.0	0.0	0.0	0.0	0.0	0.0	0.0	0.0	18.9749	0.0	0.0	0.0	0.0	0	0	0	0	33	0	0	0	0	0	0	0	0	0	0	0	0	0	0	0	0	0	174	0	0	0	0	0	0	0	0	0	0	0	0	0	0	0	0	0	0	0	0	0	0	0	0	0	0	0	0	0	0	0	0.0	0.0	0.0	0.0	0.0	0.0	0.0	0.0	0.0	0.0	0.0	0.0	0.0	1.0	0.0	0.0	0.0	0.0	
209	210	4137.682456973	2421.3	2421.3	0.036232	0.0	0	0	0	0	208	0	0	0	0	0.0	0.0	0.0	0.0	4.2e-5	0.0	0.0	0.0	0.0	0.0	0.0	0.0	0.0	3945.23	0.0	0.0	0.0	0.0	0.0	0.0	0.0	0.0	18.9674	0.0	0.0	0.0	0.0	0	0	0	0	33	0	0	0	0	0	0	0	0	0	0	0	0	0	0	0	0	0	175	0	0	0	0	0	0	0	0	0	0	0	0	0	0	0	0	0	0	0	0	0	0	0	0	0	0	0	0	0	0	0	0.0	0.0	0.0	0.0	0.0	0.0	0.0	0.0	0.0	0.0	0.0	0.0	0.0	1.0	0.0	0.0	0.0	0.0	
210	211	4138.787050572	2421.3	2421.3	0.035038	0.0	0	0	0	0	209	0	0	0	0	0.0	0.0	0.0	0.0	3.8e-5	0.0	0.0	0.0	0.0	0.0	0.0	0.0	0.0	3946.33	0.0	0.0	0.0	0.0	0.0	0.0	0.0	0.0	18.882	0.0	0.0	0.0	0.0	0	0	0	0	33	0	0	0	0	0	0	0	0	0	0	0	0	0	0	0	0	0	176	0	0	0	0	0	0	0	0	0	0	0	0	0	0	0	0	0	0	0	0	0	0	0	0	0	0	0	0	0	0	0	0.0	0.0	0.0	0.0	0.0	0.0	0.0	0.0	0.0	0.0	0.0	0.0	0.0	1.0	0.0	0.0	0.0	0.0	
211	212	4151.348151018	2421.3	2421.3	0.034964	0.0	0	0	0	0	210	0	0	0	0	0.0	0.0	0.0	0.0	3.4e-5	0.0	0.0	0.0	0.0	0.0	0.0	0.0	0.0	3958.89	0.0	0.0	0.0	0.0	0.0	0.0	0.0	0.0	18.8519	0.0	0.0	0.0	0.0	0	0	0	0	33	0	0	0	0	0	0	0	0	0	0	0	0	0	0	0	0	0	177	0	0	0	0	0	0	0	0	0	0	0	0	0	0	0	0	0	0	0	0	0	0	0	0	0	0	0	0	0	0	0	0.0	0.0	0.0	0.0	0.0	0.0	0.0	0.0	0.0	0.0	0.0	0.0	0.0	1.0	0.0	0.0	0.0	0.0	
212	213	4191.49476896	2421.3	2421.3	0.034129	0.0	0	0	0	0	211	0	0	0	0	0.0	0.0	0.0	0.0	3.1e-5	0.0	0.0	0.0	0.0	0.0	0.0	0.0	0.0	3999.04	0.0	0.0	0.0	0.0	0.0	0.0	0.0	0.0	18.9528	0.0	0.0	0.0	0.0	0	0	0	0	33	0	0	0	0	0	0	0	0	0	0	0	0	0	0	0	0	0	178	0	0	0	0	0	0	0	0	0	0	0	0	0	0	0	0	0	0	0	0	0	0	0	0	0	0	0	0	0	0	0	0.0	0.0	0.0	0.0	0.0	0.0	0.0	0.0	0.0	0.0	0.0	0.0	0.0	1.0	0.0	0.0	0.0	0.0	
213	214	4194.211574688	2421.3	2421.3	0.031594	0.0	0	0	0	0	212	0	0	0	0	0.0	0.0	0.0	0.0	2.8e-5	0.0	0.0	0.0	0.0	0.0	0.0	0.0	0.0	4001.75	0.0	0.0	0.0	0.0	0.0	0.0	0.0	0.0	18.8762	0.0	0.0	0.0	0.0	0	0	0	0	33	0	0	0	0	0	0	0	0	0	0	0	0	0	0	0	0	0	179	0	0	0	0	0	0	0	0	0	0	0	0	0	0	0	0	0	0	0	0	0	0	0	0	0	0	0	0	0	0	0	0.0	0.0	0.0	0.0	0.0	0.0	0.0	0.0	0.0	0.0	0.0	0.0	0.0	1.0	0.0	0.0	0.0	0.0	
214	215	4203.581549917	2421.3	2421.3	0.031429	0.0	0	0	0	0	213	0	0	0	0	0.0	0.0	0.0	0.0	2.5e-5	0.0	0.0	0.0	0.0	0.0	0.0	0.0	0.0	4011.12	0.0	0.0	0.0	0.0	0.0	0.0	0.0	0.0	18.8316	0.0	0.0	0.0	0.0	0	0	0	0	33	0	0	0	0	0	0	0	0	0	0	0	0	0	0	0	0	0	180	0	0	0	0	0	0	0	0	0	0	0	0	0	0	0	0	0	0	0	0	0	0	0	0	0	0	0	0	0	0	0	0.0	0.0	0.0	0.0	0.0	0.0	0.0	0.0	0.0	0.0	0.0	0.0	0.0	1.0	0.0	0.0	0.0	0.0	
215	216	4204.617331783	2421.3	2421.3	0.030868	0.0	0	0	0	0	214	0	0	0	0	0.0	0.0	0.0	0.0	2.2e-5	0.0	0.0	0.0	0.0	0.0	0.0	0.0	0.0	4012.16	0.0	0.0	0.0	0.0	0.0	0.0	0.0	0.0	18.7484	0.0	0.0	0.0	0.0	0	0	0	0	33	0	0	0	0	0	0	0	0	0	0	0	0	0	0	0	0	0	181	0	0	0	0	0	0	0	0	0	0	0	0	0	0	0	0	0	0	0	0	0	0	0	0	0	0	0	0	0	0	0	0.0	0.0	0.0	0.0	0.0	0.0	0.0	0.0	0.0	0.0	0.0	0.0	0.0	1.0	0.0	0.0	0.0	0.0	
216	217	4219.696730318	2421.3	2421.3	0.030806	0.0	0	0	0	0	215	0	0	0	0	0.0	0.0	0.0	0.0	2.0e-5	0.0	0.0	0.0	0.0	0.0	0.0	0.0	0.0	4027.24	0.0	0.0	0.0	0.0	0.0	0.0	0.0	0.0	18.7313	0.0	0.0	0.0	0.0	0	0	0	0	33	0	0	0	0	0	0	0	0	0	0	0	0	0	0	0	0	0	182	0	0	0	0	0	0	0	0	0	0	0	0	0	0	0	0	0	0	0	0	0	0	0	0	0	0	0	0	0	0	0	0.0	0.0	0.0	0.0	0.0	0.0	0.0	0.0	0.0	0.0	0.0	0.0	0.0	1.0	0.0	0.0	0.0	0.0	
217	218	4235.79234424	2421.3	2421.3	0.029926	0.0	0	0	0	0	216	0	0	0	0	0.0	0.0	0.0	0.0	1.8e-5	0.0	0.0	0.0	0.0	0.0	0.0	0.0	0.0	4043.33	0.0	0.0	0.0	0.0	0.0	0.0	0.0	0.0	18.7191	0.0	0.0	0.0	0.0	0	0	0	0	33	0	0	0	0	0	0	0	0	0	0	0	0	0	0	0	0	0	183	0	0	0	0	0	0	0	0	0	0	0	0	0	0	0	0	0	0	0	0	0	0	0	0	0	0	0	0	0	0	0	0.0	0.0	0.0	0.0	0.0	0.0	0.0	0.0	0.0	0.0	0.0	0.0	0.0	1.0	0.0	0.0	0.0	0.0	
218	219	4246.617868436	2421.3	2421.3	0.029014	0.0	0	0	0	0	217	0	0	0	0	0.0	0.0	0.0	0.0	1.6e-5	0.0	0.0	0.0	0.0	0.0	0.0	0.0	0.0	4054.16	0.0	0.0	0.0	0.0	0.0	0.0	0.0	0.0	18.6828	0.0	0.0	0.0	0.0	0	0	0	0	33	0	0	0	0	0	0	0	0	0	0	0	0	0	0	0	0	0	184	0	0	0	0	0	0	0	0	0	0	0	0	0	0	0	0	0	0	0	0	0	0	0	0	0	0	0	0	0	0	0	0.0	0.0	0.0	0.0	0.0	0.0	0.0	0.0	0.0	0.0	0.0	0.0	0.0	1.0	0.0	0.0	0.0	0.0	
219	220	4251.020628601	2421.3	2421.3	0.028416	0.0	0	0	0	0	218	0	0	0	0	0.0	0.0	0.0	0.0	1.5e-5	0.0	0.0	0.0	0.0	0.0	0.0	0.0	0.0	4058.56	0.0	0.0	0.0	0.0	0.0	0.0	0.0	0.0	18.6173	0.0	0.0	0.0	0.0	0	0	0	0	33	0	0	0	0	0	0	0	0	0	0	0	0	0	0	0	0	0	185	0	0	0	0	0	0	0	0	0	0	0	0	0	0	0	0	0	0	0	0	0	0	0	0	0	0	0	0	0	0	0	0.0	0.0	0.0	0.0	0.0	0.0	0.0	0.0	0.0	0.0	0.0	0.0	0.0	1.0	0.0	0.0	0.0	0.0	
220	221	4252.410836212	2421.3	2421.3	0.028177	0.0	0	0	0	0	219	0	0	0	0	0.0	0.0	0.0	0.0	1.3e-5	0.0	0.0	0.0	0.0	0.0	0.0	0.0	0.0	4059.95	0.0	0.0	0.0	0.0	0.0	0.0	0.0	0.0	18.5386	0.0	0.0	0.0	0.0	0	0	0	0	33	0	0	0	0	0	0	0	0	0	0	0	0	0	0	0	0	0	186	0	0	0	0	0	0	0	0	0	0	0	0	0	0	0	0	0	0	0	0	0	0	0	0	0	0	0	0	0	0	0	0.0	0.0	0.0	0.0	0.0	0.0	0.0	0.0	0.0	0.0	0.0	0.0	0.0	1.0	0.0	0.0	0.0	0.0	
221	222	4258.135511083	2421.3	2421.3	0.028102	0.0	0	0	0	0	220	0	0	0	0	0.0	0.0	0.0	0.0	1.2e-5	0.0	0.0	0.0	0.0	0.0	0.0	0.0	0.0	4065.68	0.0	0.0	0.0	0.0	0.0	0.0	0.0	0.0	18.4804	0.0	0.0	0.0	0.0	0	0	0	0	33	0	0	0	0	0	0	0	0	0	0	0	0	0	0	0	0	0	187	0	0	0	0	0	0	0	0	0	0	0	0	0	0	0	0	0	0	0	0	0	0	0	0	0	0	0	0	0	0	0	0.0	0.0	0.0	0.0	0.0	0.0	0.0	0.0	0.0	0.0	0.0	0.0	0.0	1.0	0.0	0.0	0.0	0.0	
222	223	4380.777928743	2421.3	2421.3	0.027794	0.0	0	0	0	0	221	0	0	0	0	0.0	0.0	0.0	0.0	1.1e-5	0.0	0.0	0.0	0.0	0.0	0.0	0.0	0.0	4188.32	0.0	0.0	0.0	0.0	0.0	0.0	0.0	0.0	18.9517	0.0	0.0	0.0	0.0	0	0	0	0	33	0	0	0	0	0	0	0	0	0	0	0	0	0	0	0	0	0	188	0	0	0	0	0	0	0	0	0	0	0	0	0	0	0	0	0	0	0	0	0	0	0	0	0	0	0	0	0	0	0	0.0	0.0	0.0	0.0	0.0	0.0	0.0	0.0	0.0	0.0	0.0	0.0	0.0	1.0	0.0	0.0	0.0	0.0	
223	224	4391.888601773	2421.3	2421.3	0.021955	0.0	0	0	0	0	222	0	0	0	0	0.0	0.0	0.0	0.0	1.0e-5	0.0	0.0	0.0	0.0	0.0	0.0	0.0	0.0	4199.43	0.0	0.0	0.0	0.0	0.0	0.0	0.0	0.0	18.9164	0.0	0.0	0.0	0.0	0	0	0	0	33	0	0	0	0	0	0	0	0	0	0	0	0	0	0	0	0	0	189	0	0	0	0	0	0	0	0	0	0	0	0	0	0	0	0	0	0	0	0	0	0	0	0	0	0	0	0	0	0	0	0.0	0.0	0.0	0.0	0.0	0.0	0.0	0.0	0.0	0.0	0.0	0.0	0.0	1.0	0.0	0.0	0.0	0.0	
224	225	4407.488967294	2421.3	2421.3	0.021491	0.0	0	0	0	0	223	0	0	0	0	0.0	0.0	0.0	0.0	9.0e-6	0.0	0.0	0.0	0.0	0.0	0.0	0.0	0.0	4215.03	0.0	0.0	0.0	0.0	0.0	0.0	0.0	0.0	18.9015	0.0	0.0	0.0	0.0	0	0	0	0	33	0	0	0	0	0	0	0	0	0	0	0	0	0	0	0	0	0	190	0	0	0	0	0	0	0	0	0	0	0	0	0	0	0	0	0	0	0	0	0	0	0	0	0	0	0	0	0	0	0	0.0	0.0	0.0	0.0	0.0	0.0	0.0	0.0	0.0	0.0	0.0	0.0	0.0	1.0	0.0	0.0	0.0	0.0	
225	226	4410.111350926	2421.3	2421.3	0.020856	0.0	0	0	0	0	224	0	0	0	0	0.0	0.0	0.0	0.0	8.0e-6	0.0	0.0	0.0	0.0	0.0	0.0	0.0	0.0	4217.65	0.0	0.0	0.0	0.0	0.0	0.0	0.0	0.0	18.8288	0.0	0.0	0.0	0.0	0	0	0	0	33	0	0	0	0	0	0	0	0	0	0	0	0	0	0	0	0	0	191	0	0	0	0	0	0	0	0	0	0	0	0	0	0	0	0	0	0	0	0	0	0	0	0	0	0	0	0	0	0	0	0.0	0.0	0.0	0.0	0.0	0.0	0.0	0.0	0.0	0.0	0.0	0.0	0.0	1.0	0.0	0.0	0.0	0.0	
226	227	4416.527425937	2421.3	2421.3	0.020751	0.0	0	0	0	0	225	0	0	0	0	0.0	0.0	0.0	0.0	7.0e-6	0.0	0.0	0.0	0.0	0.0	0.0	0.0	0.0	4224.07	0.0	0.0	0.0	0.0	0.0	0.0	0.0	0.0	18.7736	0.0	0.0	0.0	0.0	0	0	0	0	33	0	0	0	0	0	0	0	0	0	0	0	0	0	0	0	0	0	192	0	0	0	0	0	0	0	0	0	0	0	0	0	0	0	0	0	0	0	0	0	0	0	0	0	0	0	0	0	0	0	0.0	0.0	0.0	0.0	0.0	0.0	0.0	0.0	0.0	0.0	0.0	0.0	0.0	1.0	0.0	0.0	0.0	0.0	
227	228	4422.059371122	2421.3	2421.3	0.020496	0.0	0	0	0	0	226	0	0	0	0	0.0	0.0	0.0	0.0	6.0e-6	0.0	0.0	0.0	0.0	0.0	0.0	0.0	0.0	4229.6	0.0	0.0	0.0	0.0	0.0	0.0	0.0	0.0	18.7151	0.0	0.0	0.0	0.0	0	0	0	0	33	0	0	0	0	0	0	0	0	0	0	0	0	0	0	0	0	0	193	0	0	0	0	0	0	0	0	0	0	0	0	0	0	0	0	0	0	0	0	0	0	0	0	0	0	0	0	0	0	0	0.0	0.0	0.0	0.0	0.0	0.0	0.0	0.0	0.0	0.0	0.0	0.0	0.0	1.0	0.0	0.0	0.0	0.0	
228	229	4428.34056808	2421.3	2421.3	0.020279	0.0	0	0	0	0	227	0	0	0	0	0.0	0.0	0.0	0.0	6.0e-6	0.0	0.0	0.0	0.0	0.0	0.0	0.0	0.0	4235.88	0.0	0.0	0.0	0.0	0.0	0.0	0.0	0.0	18.6603	0.0	0.0	0.0	0.0	0	0	0	0	33	0	0	0	0	0	0	0	0	0	0	0	0	0	0	0	0	0	194	0	0	0	0	0	0	0	0	0	0	0	0	0	0	0	0	0	0	0	0	0	0	0	0	0	0	0	0	0	0	0	0.0	0.0	0.0	0.0	0.0	0.0	0.0	0.0	0.0	0.0	0.0	0.0	0.0	1.0	0.0	0.0	0.0	0.0	
229	230	4484.207742168	2421.3	2421.3	0.020036	0.0	0	0	0	0	228	0	0	0	0	0.0	0.0	0.0	0.0	5.0e-6	0.0	0.0	0.0	0.0	0.0	0.0	0.0	0.0	4291.75	0.0	0.0	0.0	0.0	0.0	0.0	0.0	0.0	18.8235	0.0	0.0	0.0	0.0	0	0	0	0	33	0	0	0	0	0	0	0	0	0	0	0	0	0	0	0	0	0	195	0	0	0	0	0	0	0	0	0	0	0	0	0	0	0	0	0	0	0	0	0	0	0	0	0	0	0	0	0	0	0	0.0	0.0	0.0	0.0	0.0	0.0	0.0	0.0	0.0	0.0	0.0	0.0	0.0	1.0	0.0	0.0	0.0	0.0	
230	231	4492.625989115	2421.3	2421.3	0.017995	0.0	0	0	0	0	229	0	0	0	0	0.0	0.0	0.0	0.0	5.0e-6	0.0	0.0	0.0	0.0	0.0	0.0	0.0	0.0	4300.17	0.0	0.0	0.0	0.0	0.0	0.0	0.0	0.0	18.778	0.0	0.0	0.0	0.0	0	0	0	0	33	0	0	0	0	0	0	0	0	0	0	0	0	0	0	0	0	0	196	0	0	0	0	0	0	0	0	0	0	0	0	0	0	0	0	0	0	0	0	0	0	0	0	0	0	0	0	0	0	0	0.0	0.0	0.0	0.0	0.0	0.0	0.0	0.0	0.0	0.0	0.0	0.0	0.0	1.0	0.0	0.0	0.0	0.0	
231	232	4508.966369473	2421.3	2421.3	0.017706	0.0	0	0	0	0	230	0	0	0	0	0.0	0.0	0.0	0.0	4.0e-6	0.0	0.0	0.0	0.0	0.0	0.0	0.0	0.0	4316.51	0.0	0.0	0.0	0.0	0.0	0.0	0.0	0.0	18.7674	0.0	0.0	0.0	0.0	0	0	0	0	33	0	0	0	0	0	0	0	0	0	0	0	0	0	0	0	0	0	197	0	0	0	0	0	0	0	0	0	0	0	0	0	0	0	0	0	0	0	0	0	0	0	0	0	0	0	0	0	0	0	0.0	0.0	0.0	0.0	0.0	0.0	0.0	0.0	0.0	0.0	0.0	0.0	0.0	1.0	0.0	0.0	0.0	0.0	
232	233	4518.210811073	2421.3	2421.3	0.017158	0.0	0	0	0	0	231	0	0	0	0	0.0	0.0	0.0	0.0	4.0e-6	0.0	0.0	0.0	0.0	0.0	0.0	0.0	0.0	4325.75	0.0	0.0	0.0	0.0	0.0	0.0	0.0	0.0	18.7262	0.0	0.0	0.0	0.0	0	0	0	0	33	0	0	0	0	0	0	0	0	0	0	0	0	0	0	0	0	0	198	0	0	0	0	0	0	0	0	0	0	0	0	0	0	0	0	0	0	0	0	0	0	0	0	0	0	0	0	0	0	0	0.0	0.0	0.0	0.0	0.0	0.0	0.0	0.0	0.0	0.0	0.0	0.0	0.0	1.0	0.0	0.0	0.0	0.0	
233	234	4527.123331002	2421.3	2421.3	0.016856	0.0	0	0	0	0	232	0	0	0	0	0.0	0.0	0.0	0.0	3.0e-6	0.0	0.0	0.0	0.0	0.0	0.0	0.0	0.0	4334.67	0.0	0.0	0.0	0.0	0.0	0.0	0.0	0.0	18.6839	0.0	0.0	0.0	0.0	0	0	0	0	33	0	0	0	0	0	0	0	0	0	0	0	0	0	0	0	0	0	199	0	0	0	0	0	0	0	0	0	0	0	0	0	0	0	0	0	0	0	0	0	0	0	0	0	0	0	0	0	0	0	0.0	0.0	0.0	0.0	0.0	0.0	0.0	0.0	0.0	0.0	0.0	0.0	0.0	1.0	0.0	0.0	0.0	0.0	
234	235	4538.508889299	2421.3	2421.3	0.01657	0.0	0	0	0	0	233	0	0	0	0	0.0	0.0	0.0	0.0	3.0e-6	0.0	0.0	0.0	0.0	0.0	0.0	0.0	0.0	4346.05	0.0	0.0	0.0	0.0	0.0	0.0	0.0	0.0	18.6526	0.0	0.0	0.0	0.0	0	0	0	0	33	0	0	0	0	0	0	0	0	0	0	0	0	0	0	0	0	0	200	0	0	0	0	0	0	0	0	0	0	0	0	0	0	0	0	0	0	0	0	0	0	0	0	0	0	0	0	0	0	0	0.0	0.0	0.0	0.0	0.0	0.0	0.0	0.0	0.0	0.0	0.0	0.0	0.0	1.0	0.0	0.0	0.0	0.0	
235	236	4539.663195758	2421.3	2421.3	0.016211	0.0	0	0	0	0	234	0	0	0	0	0.0	0.0	0.0	0.0	3.0e-6	0.0	0.0	0.0	0.0	0.0	0.0	0.0	0.0	4347.21	0.0	0.0	0.0	0.0	0.0	0.0	0.0	0.0	18.5778	0.0	0.0	0.0	0.0	0	0	0	0	33	0	0	0	0	0	0	0	0	0	0	0	0	0	0	0	0	0	201	0	0	0	0	0	0	0	0	0	0	0	0	0	0	0	0	0	0	0	0	0	0	0	0	0	0	0	0	0	0	0	0.0	0.0	0.0	0.0	0.0	0.0	0.0	0.0	0.0	0.0	0.0	0.0	0.0	1.0	0.0	0.0	0.0	0.0	
236	237	4544.442574542	2421.3	2421.3	0.016175	0.0	0	0	0	0	235	0	0	0	0	0.0	0.0	0.0	0.0	2.0e-6	0.0	0.0	0.0	0.0	0.0	0.0	0.0	0.0	4351.98	0.0	0.0	0.0	0.0	0.0	0.0	0.0	0.0	18.5191	0.0	0.0	0.0	0.0	0	0	0	0	33	0	0	0	0	0	0	0	0	0	0	0	0	0	0	0	0	0	202	0	0	0	0	0	0	0	0	0	0	0	0	0	0	0	0	0	0	0	0	0	0	0	0	0	0	0	0	0	0	0	0.0	0.0	0.0	0.0	0.0	0.0	0.0	0.0	0.0	0.0	0.0	0.0	0.0	1.0	0.0	0.0	0.0	0.0	
237	238	4564.077498776	2421.3	2421.3	0.016027	0.0	0	0	0	0	236	0	0	0	0	0.0	0.0	0.0	0.0	2.0e-6	0.0	0.0	0.0	0.0	0.0	0.0	0.0	0.0	4371.62	0.0	0.0	0.0	0.0	0.0	0.0	0.0	0.0	18.5238	0.0	0.0	0.0	0.0	0	0	0	0	33	0	0	0	0	0	0	0	0	0	0	0	0	0	0	0	0	0	203	0	0	0	0	0	0	0	0	0	0	0	0	0	0	0	0	0	0	0	0	0	0	0	0	0	0	0	0	0	0	0	0.0	0.0	0.0	0.0	0.0	0.0	0.0	0.0	0.0	0.0	0.0	0.0	0.0	1.0	0.0	0.0	0.0	0.0	
238	239	4571.087843	2421.3	2421.3	0.015433	0.0	0	0	0	0	237	0	0	0	0	0.0	0.0	0.0	0.0	2.0e-6	0.0	0.0	0.0	0.0	0.0	0.0	0.0	0.0	4378.63	0.0	0.0	0.0	0.0	0.0	0.0	0.0	0.0	18.4752	0.0	0.0	0.0	0.0	0	0	0	0	33	0	0	0	0	0	0	0	0	0	0	0	0	0	0	0	0	0	204	0	0	0	0	0	0	0	0	0	0	0	0	0	0	0	0	0	0	0	0	0	0	0	0	0	0	0	0	0	0	0	0.0	0.0	0.0	0.0	0.0	0.0	0.0	0.0	0.0	0.0	0.0	0.0	0.0	1.0	0.0	0.0	0.0	0.0	
239	240	4576.214920817	2421.3	2421.3	0.015226	0.0	0	0	0	0	238	0	0	0	0	0.0	0.0	0.0	0.0	2.0e-6	0.0	0.0	0.0	0.0	0.0	0.0	0.0	0.0	4383.76	0.0	0.0	0.0	0.0	0.0	0.0	0.0	0.0	18.4191	0.0	0.0	0.0	0.0	0	0	0	0	33	0	0	0	0	0	0	0	0	0	0	0	0	0	0	0	0	0	205	0	0	0	0	0	0	0	0	0	0	0	0	0	0	0	0	0	0	0	0	0	0	0	0	0	0	0	0	0	0	0	0.0	0.0	0.0	0.0	0.0	0.0	0.0	0.0	0.0	0.0	0.0	0.0	0.0	1.0	0.0	0.0	0.0	0.0	
240	241	4582.7647953	2421.3	2421.3	0.015077	0.0	0	0	0	0	239	0	0	0	0	0.0	0.0	0.0	0.0	2.0e-6	0.0	0.0	0.0	0.0	0.0	0.0	0.0	0.0	4390.31	0.0	0.0	0.0	0.0	0.0	0.0	0.0	0.0	18.3695	0.0	0.0	0.0	0.0	0	0	0	0	33	0	0	0	0	0	0	0	0	0	0	0	0	0	0	0	0	0	206	0	0	0	0	0	0	0	0	0	0	0	0	0	0	0	0	0	0	0	0	0	0	0	0	0	0	0	0	0	0	0	0.0	0.0	0.0	0.0	0.0	0.0	0.0	0.0	0.0	0.0	0.0	0.0	0.0	1.0	0.0	0.0	0.0	0.0	
241	242	4595.557346701	2421.3	2421.3	0.014888	0.0	0	0	0	0	240	0	0	0	0	0.0	0.0	0.0	0.0	1.0e-6	0.0	0.0	0.0	0.0	0.0	0.0	0.0	0.0	4403.1	0.0	0.0	0.0	0.0	0.0	0.0	0.0	0.0	18.3462	0.0	0.0	0.0	0.0	0	0	0	0	33	0	0	0	0	0	0	0	0	0	0	0	0	0	0	0	0	0	207	0	0	0	0	0	0	0	0	0	0	0	0	0	0	0	0	0	0	0	0	0	0	0	0	0	0	0	0	0	0	0	0.0	0.0	0.0	0.0	0.0	0.0	0.0	0.0	0.0	0.0	0.0	0.0	0.0	1.0	0.0	0.0	0.0	0.0	
242	243	4597.797323005	2421.3	2421.3	0.014526	0.0	0	0	0	0	241	0	0	0	0	0.0	0.0	0.0	0.0	1.0e-6	0.0	0.0	0.0	0.0	0.0	0.0	0.0	0.0	4405.34	0.0	0.0	0.0	0.0	0.0	0.0	0.0	0.0	18.2794	0.0	0.0	0.0	0.0	0	0	0	0	33	0	0	0	0	0	0	0	0	0	0	0	0	0	0	0	0	0	208	0	0	0	0	0	0	0	0	0	0	0	0	0	0	0	0	0	0	0	0	0	0	0	0	0	0	0	0	0	0	0	0.0	0.0	0.0	0.0	0.0	0.0	0.0	0.0	0.0	0.0	0.0	0.0	0.0	1.0	0.0	0.0	0.0	0.0	
243	244	4603.963591887	2421.3	2421.3	0.014464	0.0	0	0	0	0	242	0	0	0	0	0.0	0.0	0.0	0.0	1.0e-6	0.0	0.0	0.0	0.0	0.0	0.0	0.0	0.0	4411.51	0.0	0.0	0.0	0.0	0.0	0.0	0.0	0.0	18.2294	0.0	0.0	0.0	0.0	0	0	0	0	33	0	0	0	0	0	0	0	0	0	0	0	0	0	0	0	0	0	209	0	0	0	0	0	0	0	0	0	0	0	0	0	0	0	0	0	0	0	0	0	0	0	0	0	0	0	0	0	0	0	0.0	0.0	0.0	0.0	0.0	0.0	0.0	0.0	0.0	0.0	0.0	0.0	0.0	1.0	0.0	0.0	0.0	0.0	
244	245	4611.145564502	2421.3	2421.3	0.014294	0.0	0	0	0	0	243	0	0	0	0	0.0	0.0	0.0	0.0	1.0e-6	0.0	0.0	0.0	0.0	0.0	0.0	0.0	0.0	4418.69	0.0	0.0	0.0	0.0	0.0	0.0	0.0	0.0	18.1839	0.0	0.0	0.0	0.0	0	0	0	0	33	0	0	0	0	0	0	0	0	0	0	0	0	0	0	0	0	0	210	0	0	0	0	0	0	0	0	0	0	0	0	0	0	0	0	0	0	0	0	0	0	0	0	0	0	0	0	0	0	0	0.0	0.0	0.0	0.0	0.0	0.0	0.0	0.0	0.0	0.0	0.0	0.0	0.0	1.0	0.0	0.0	0.0	0.0	
245	246	4617.744848677	2421.3	2421.3	0.014098	0.0	0	0	0	0	244	0	0	0	0	0.0	0.0	0.0	0.0	1.0e-6	0.0	0.0	0.0	0.0	0.0	0.0	0.0	0.0	4425.29	0.0	0.0	0.0	0.0	0.0	0.0	0.0	0.0	18.1364	0.0	0.0	0.0	0.0	0	0	0	0	33	0	0	0	0	0	0	0	0	0	0	0	0	0	0	0	0	0	211	0	0	0	0	0	0	0	0	0	0	0	0	0	0	0	0	0	0	0	0	0	0	0	0	0	0	0	0	0	0	0	0.0	0.0	0.0	0.0	0.0	0.0	0.0	0.0	0.0	0.0	0.0	0.0	0.0	1.0	0.0	0.0	0.0	0.0	
246	247	4623.453562847	2421.3	2421.3	0.01392	0.0	0	0	0	0	245	0	0	0	0	0.0	0.0	0.0	0.0	1.0e-6	0.0	0.0	0.0	0.0	0.0	0.0	0.0	0.0	4431.0	0.0	0.0	0.0	0.0	0.0	0.0	0.0	0.0	18.0857	0.0	0.0	0.0	0.0	0	0	0	0	33	0	0	0	0	0	0	0	0	0	0	0	0	0	0	0	0	0	212	0	0	0	0	0	0	0	0	0	0	0	0	0	0	0	0	0	0	0	0	0	0	0	0	0	0	0	0	0	0	0	0.0	0.0	0.0	0.0	0.0	0.0	0.0	0.0	0.0	0.0	0.0	0.0	0.0	1.0	0.0	0.0	0.0	0.0	
247	248	4627.998053742	2421.3	2421.3	0.013768	0.0	0	0	0	0	246	0	0	0	0	0.0	0.0	0.0	0.0	1.0e-6	0.0	0.0	0.0	0.0	0.0	0.0	0.0	0.0	4435.54	0.0	0.0	0.0	0.0	0.0	0.0	0.0	0.0	18.0307	0.0	0.0	0.0	0.0	0	0	0	0	33	0	0	0	0	0	0	0	0	0	0	0	0	0	0	0	0	0	213	0	0	0	0	0	0	0	0	0	0	0	0	0	0	0	0	0	0	0	0	0	0	0	0	0	0	0	0	0	0	0	0.0	0.0	0.0	0.0	0.0	0.0	0.0	0.0	0.0	0.0	0.0	0.0	0.0	1.0	0.0	0.0	0.0	0.0	
248	249	4641.234798846	2421.3	2421.3	0.013648	0.0	0	0	0	0	247	0	0	0	0	0.0	0.0	0.0	0.0	1.0e-6	0.0	0.0	0.0	0.0	0.0	0.0	0.0	0.0	4448.78	0.0	0.0	0.0	0.0	0.0	0.0	0.0	0.0	18.0112	0.0	0.0	0.0	0.0	0	0	0	0	33	0	0	0	0	0	0	0	0	0	0	0	0	0	0	0	0	0	214	0	0	0	0	0	0	0	0	0	0	0	0	0	0	0	0	0	0	0	0	0	0	0	0	0	0	0	0	0	0	0	0.0	0.0	0.0	0.0	0.0	0.0	0.0	0.0	0.0	0.0	0.0	0.0	0.0	1.0	0.0	0.0	0.0	0.0	
249	250	4729.846225696	2421.3	2421.3	0.013305	0.0	0	0	0	0	248	0	0	0	0	0.0	0.0	0.0	0.0	1.0e-6	0.0	0.0	0.0	0.0	0.0	0.0	0.0	0.0	4537.39	0.0	0.0	0.0	0.0	0.0	0.0	0.0	0.0	18.2959	0.0	0.0	0.0	0.0	0	0	0	0	33	0	0	0	0	0	0	0	0	0	0	0	0	0	0	0	0	0	215	0	0	0	0	0	0	0	0	0	0	0	0	0	0	0	0	0	0	0	0	0	0	0	0	0	0	0	0	0	0	0	0.0	0.0	0.0	0.0	0.0	0.0	0.0	0.0	0.0	0.0	0.0	0.0	0.0	1.0	0.0	0.0	0.0	0.0	
250	251	4909.902679958	2421.3	2421.3	0.01122	0.0	0	0	0	0	249	0	0	0	0	0.0	0.0	0.0	0.0	1.0e-6	0.0	0.0	0.0	0.0	0.0	0.0	0.0	0.0	4717.44	0.0	0.0	0.0	0.0	0.0	0.0	0.0	0.0	18.9456	0.0	0.0	0.0	0.0	0	0	0	0	33	0	0	0	0	0	0	0	0	0	0	0	0	0	0	0	0	0	216	0	0	0	0	0	0	0	0	0	0	0	0	0	0	0	0	0	0	0	0	0	0	0	0	0	0	0	0	0	0	0	0.0	0.0	0.0	0.0	0.0	0.0	0.0	0.0	0.0	0.0	0.0	0.0	0.0	1.0	0.0	0.0	0.0	0.0	
251	252	4914.473883419	2421.3	2421.3	0.007937	0.0	0	0	0	0	250	0	0	0	0	0.0	0.0	0.0	0.0	1.0e-6	0.0	0.0	0.0	0.0	0.0	0.0	0.0	0.0	4722.02	0.0	0.0	0.0	0.0	0.0	0.0	0.0	0.0	18.8881	0.0	0.0	0.0	0.0	0	0	0	0	33	0	0	0	0	0	0	0	0	0	0	0	0	0	0	0	0	0	217	0	0	0	0	0	0	0	0	0	0	0	0	0	0	0	0	0	0	0	0	0	0	0	0	0	0	0	0	0	0	0	0.0	0.0	0.0	0.0	0.0	0.0	0.0	0.0	0.0	0.0	0.0	0.0	0.0	1.0	0.0	0.0	0.0	0.0	
252	253	4969.774291093	2421.3	2421.3	0.007867	0.0	0	0	0	0	251	0	0	0	0	0.0	0.0	0.0	0.0	0.0	0.0	0.0	0.0	0.0	0.0	0.0	0.0	0.0	4777.32	0.0	0.0	0.0	0.0	0.0	0.0	0.0	0.0	19.0331	0.0	0.0	0.0	0.0	0	0	0	0	33	0	0	0	0	0	0	0	0	0	0	0	0	0	0	0	0	0	218	0	0	0	0	0	0	0	0	0	0	0	0	0	0	0	0	0	0	0	0	0	0	0	0	0	0	0	0	0	0	0	0.0	0.0	0.0	0.0	0.0	0.0	0.0	0.0	0.0	0.0	0.0	0.0	0.0	1.0	0.0	0.0	0.0	0.0	
253	254	4974.007138469	2421.3	2421.3	0.007074	0.0	0	0	0	0	252	0	0	0	0	0.0	0.0	0.0	0.0	0.0	0.0	0.0	0.0	0.0	0.0	0.0	0.0	0.0	4781.55	0.0	0.0	0.0	0.0	0.0	0.0	0.0	0.0	18.9744	0.0	0.0	0.0	0.0	0	0	0	0	33	0	0	0	0	0	0	0	0	0	0	0	0	0	0	0	0	0	219	0	0	0	0	0	0	0	0	0	0	0	0	0	0	0	0	0	0	0	0	0	0	0	0	0	0	0	0	0	0	0	0.0	0.0	0.0	0.0	0.0	0.0	0.0	0.0	0.0	0.0	0.0	0.0	0.0	1.0	0.0	0.0	0.0	0.0	
254	255	4995.822314007	2421.3	2421.3	0.007016	0.0	0	0	0	0	253	0	0	0	0	0.0	0.0	0.0	0.0	0.0	0.0	0.0	0.0	0.0	0.0	0.0	0.0	0.0	4803.36	0.0	0.0	0.0	0.0	0.0	0.0	0.0	0.0	18.9856	0.0	0.0	0.0	0.0	0	0	0	0	33	0	0	0	0	0	0	0	0	0	0	0	0	0	0	0	0	0	220	0	0	0	0	0	0	0	0	0	0	0	0	0	0	0	0	0	0	0	0	0	0	0	0	0	0	0	0	0	0	0	0.0	0.0	0.0	0.0	0.0	0.0	0.0	0.0	0.0	0.0	0.0	0.0	0.0	1.0	0.0	0.0	0.0	0.0	
255	256	5007.183047963	2421.3	2421.3	0.006728	0.0	0	0	0	0	254	0	0	0	0	0.0	0.0	0.0	0.0	0.0	0.0	0.0	0.0	0.0	0.0	0.0	0.0	0.0	4814.72	0.0	0.0	0.0	0.0	0.0	0.0	0.0	0.0	18.9556	0.0	0.0	0.0	0.0	0	0	0	0	33	0	0	0	0	0	0	0	0	0	0	0	0	0	0	0	0	0	221	0	0	0	0	0	0	0	0	0	0	0	0	0	0	0	0	0	0	0	0	0	0	0	0	0	0	0	0	0	0	0	0.0	0.0	0.0	0.0	0.0	0.0	0.0	0.0	0.0	0.0	0.0	0.0	0.0	1.0	0.0	0.0	0.0	0.0	
256	257	5016.254836616	2421.3	2421.3	0.006583	0.0	0	0	0	0	255	0	0	0	0	0.0	0.0	0.0	0.0	0.0	0.0	0.0	0.0	0.0	0.0	0.0	0.0	0.0	4823.8	0.0	0.0	0.0	0.0	0.0	0.0	0.0	0.0	18.9168	0.0	0.0	0.0	0.0	0	0	0	0	33	0	0	0	0	0	0	0	0	0	0	0	0	0	0	0	0	0	222	0	0	0	0	0	0	0	0	0	0	0	0	0	0	0	0	0	0	0	0	0	0	0	0	0	0	0	0	0	0	0	0.0	0.0	0.0	0.0	0.0	0.0	0.0	0.0	0.0	0.0	0.0	0.0	0.0	1.0	0.0	0.0	0.0	0.0	
257	258	5030.808575455	2421.3	2421.3	0.006469	0.0	0	0	0	0	256	0	0	0	0	0.0	0.0	0.0	0.0	0.0	0.0	0.0	0.0	0.0	0.0	0.0	0.0	0.0	4838.35	0.0	0.0	0.0	0.0	0.0	0.0	0.0	0.0	18.8998	0.0	0.0	0.0	0.0	0	0	0	0	33	0	0	0	0	0	0	0	0	0	0	0	0	0	0	0	0	0	223	0	0	0	0	0	0	0	0	0	0	0	0	0	0	0	0	0	0	0	0	0	0	0	0	0	0	0	0	0	0	0	0.0	0.0	0.0	0.0	0.0	0.0	0.0	0.0	0.0	0.0	0.0	0.0	0.0	1.0	0.0	0.0	0.0	0.0	
258	259	5035.861578314	2421.3	2421.3	0.00629	0.0	0	0	0	0	257	0	0	0	0	0.0	0.0	0.0	0.0	0.0	0.0	0.0	0.0	0.0	0.0	0.0	0.0	0.0	4843.4	0.0	0.0	0.0	0.0	0.0	0.0	0.0	0.0	18.8459	0.0	0.0	0.0	0.0	0	0	0	0	33	0	0	0	0	0	0	0	0	0	0	0	0	0	0	0	0	0	224	0	0	0	0	0	0	0	0	0	0	0	0	0	0	0	0	0	0	0	0	0	0	0	0	0	0	0	0	0	0	0	0.0	0.0	0.0	0.0	0.0	0.0	0.0	0.0	0.0	0.0	0.0	0.0	0.0	1.0	0.0	0.0	0.0	0.0	
259	260	5044.520206451	2421.3	2421.3	0.00623	0.0	0	0	0	0	258	0	0	0	0	0.0	0.0	0.0	0.0	0.0	0.0	0.0	0.0	0.0	0.0	0.0	0.0	0.0	4852.06	0.0	0.0	0.0	0.0	0.0	0.0	0.0	0.0	18.8064	0.0	0.0	0.0	0.0	0	0	0	0	33	0	0	0	0	0	0	0	0	0	0	0	0	0	0	0	0	0	225	0	0	0	0	0	0	0	0	0	0	0	0	0	0	0	0	0	0	0	0	0	0	0	0	0	0	0	0	0	0	0	0.0	0.0	0.0	0.0	0.0	0.0	0.0	0.0	0.0	0.0	0.0	0.0	0.0	1.0	0.0	0.0	0.0	0.0	
260	261	5053.224621285	2421.3	2421.3	0.006127	0.0	0	0	0	0	259	0	0	0	0	0.0	0.0	0.0	0.0	0.0	0.0	0.0	0.0	0.0	0.0	0.0	0.0	0.0	4860.77	0.0	0.0	0.0	0.0	0.0	0.0	0.0	0.0	18.7674	0.0	0.0	0.0	0.0	0	0	0	0	33	0	0	0	0	0	0	0	0	0	0	0	0	0	0	0	0	0	226	0	0	0	0	0	0	0	0	0	0	0	0	0	0	0	0	0	0	0	0	0	0	0	0	0	0	0	0	0	0	0	0.0	0.0	0.0	0.0	0.0	0.0	0.0	0.0	0.0	0.0	0.0	0.0	0.0	1.0	0.0	0.0	0.0	0.0	
261	262	5066.749559419	2421.3	2421.3	0.006025	0.0	0	0	0	0	260	0	0	0	0	0.0	0.0	0.0	0.0	0.0	0.0	0.0	0.0	0.0	0.0	0.0	0.0	0.0	4874.29	0.0	0.0	0.0	0.0	0.0	0.0	0.0	0.0	18.7473	0.0	0.0	0.0	0.0	0	0	0	0	33	0	0	0	0	0	0	0	0	0	0	0	0	0	0	0	0	0	227	0	0	0	0	0	0	0	0	0	0	0	0	0	0	0	0	0	0	0	0	0	0	0	0	0	0	0	0	0	0	0	0.0	0.0	0.0	0.0	0.0	0.0	0.0	0.0	0.0	0.0	0.0	0.0	0.0	1.0	0.0	0.0	0.0	0.0	
262	263	5083.405606757	2421.3	2421.3	0.00587	0.0	0	0	0	0	261	0	0	0	0	0.0	0.0	0.0	0.0	0.0	0.0	0.0	0.0	0.0	0.0	0.0	0.0	0.0	4890.95	0.0	0.0	0.0	0.0	0.0	0.0	0.0	0.0	18.7393	0.0	0.0	0.0	0.0	0	0	0	0	33	0	0	0	0	0	0	0	0	0	0	0	0	0	0	0	0	0	228	0	0	0	0	0	0	0	0	0	0	0	0	0	0	0	0	0	0	0	0	0	0	0	0	0	0	0	0	0	0	0	0.0	0.0	0.0	0.0	0.0	0.0	0.0	0.0	0.0	0.0	0.0	0.0	0.0	1.0	0.0	0.0	0.0	0.0	
263	264	5102.064628675	2421.3	2421.3	0.005685	0.0	0	0	0	0	262	0	0	0	0	0.0	0.0	0.0	0.0	0.0	0.0	0.0	0.0	0.0	0.0	0.0	0.0	0.0	4909.61	0.0	0.0	0.0	0.0	0.0	0.0	0.0	0.0	18.739	0.0	0.0	0.0	0.0	0	0	0	0	33	0	0	0	0	0	0	0	0	0	0	0	0	0	0	0	0	0	229	0	0	0	0	0	0	0	0	0	0	0	0	0	0	0	0	0	0	0	0	0	0	0	0	0	0	0	0	0	0	0	0.0	0.0	0.0	0.0	0.0	0.0	0.0	0.0	0.0	0.0	0.0	0.0	0.0	1.0	0.0	0.0	0.0	0.0	
264	265	5104.831293011	2421.3	2421.3	0.005485	0.0	0	0	0	0	263	0	0	0	0	0.0	0.0	0.0	0.0	0.0	0.0	0.0	0.0	0.0	0.0	0.0	0.0	0.0	4912.37	0.0	0.0	0.0	0.0	0.0	0.0	0.0	0.0	18.6782	0.0	0.0	0.0	0.0	0	0	0	0	33	0	0	0	0	0	0	0	0	0	0	0	0	0	0	0	0	0	230	0	0	0	0	0	0	0	0	0	0	0	0	0	0	0	0	0	0	0	0	0	0	0	0	0	0	0	0	0	0	0	0.0	0.0	0.0	0.0	0.0	0.0	0.0	0.0	0.0	0.0	0.0	0.0	0.0	1.0	0.0	0.0	0.0	0.0	
265	266	5105.976305933	2421.3	2421.3	0.005456	0.0	0	0	0	0	264	0	0	0	0	0.0	0.0	0.0	0.0	0.0	0.0	0.0	0.0	0.0	0.0	0.0	0.0	0.0	4913.52	0.0	0.0	0.0	0.0	0.0	0.0	0.0	0.0	18.6118	0.0	0.0	0.0	0.0	0	0	0	0	33	0	0	0	0	0	0	0	0	0	0	0	0	0	0	0	0	0	231	0	0	0	0	0	0	0	0	0	0	0	0	0	0	0	0	0	0	0	0	0	0	0	0	0	0	0	0	0	0	0	0.0	0.0	0.0	0.0	0.0	0.0	0.0	0.0	0.0	0.0	0.0	0.0	0.0	1.0	0.0	0.0	0.0	0.0	
266	267	5168.982055866	2421.3	2421.3	0.005444	0.0	0	0	0	0	265	0	0	0	0	0.0	0.0	0.0	0.0	0.0	0.0	0.0	0.0	0.0	0.0	0.0	0.0	0.0	4976.52	0.0	0.0	0.0	0.0	0.0	0.0	0.0	0.0	18.7793	0.0	0.0	0.0	0.0	0	0	0	0	33	0	0	0	0	0	0	0	0	0	0	0	0	0	0	0	0	0	232	0	0	0	0	0	0	0	0	0	0	0	0	0	0	0	0	0	0	0	0	0	0	0	0	0	0	0	0	0	0	0	0.0	0.0	0.0	0.0	0.0	0.0	0.0	0.0	0.0	0.0	0.0	0.0	0.0	1.0	0.0	0.0	0.0	0.0	
267	268	5184.790221533	2421.3	2421.3	0.004823	0.0	0	0	0	0	266	0	0	0	0	0.0	0.0	0.0	0.0	0.0	0.0	0.0	0.0	0.0	0.0	0.0	0.0	0.0	4992.33	0.0	0.0	0.0	0.0	0.0	0.0	0.0	0.0	18.7682	0.0	0.0	0.0	0.0	0	0	0	0	33	0	0	0	0	0	0	0	0	0	0	0	0	0	0	0	0	0	233	0	0	0	0	0	0	0	0	0	0	0	0	0	0	0	0	0	0	0	0	0	0	0	0	0	0	0	0	0	0	0	0.0	0.0	0.0	0.0	0.0	0.0	0.0	0.0	0.0	0.0	0.0	0.0	0.0	1.0	0.0	0.0	0.0	0.0	
268	269	5364.83615577	2421.3	2421.3	0.004678	0.0	0	0	0	0	267	0	0	0	0	0.0	0.0	0.0	0.0	0.0	0.0	0.0	0.0	0.0	0.0	0.0	0.0	0.0	5172.38	0.0	0.0	0.0	0.0	0.0	0.0	0.0	0.0	19.3722	0.0	0.0	0.0	0.0	0	0	0	0	33	0	0	0	0	0	0	0	0	0	0	0	0	0	0	0	0	0	234	0	0	0	0	0	0	0	0	0	0	0	0	0	0	0	0	0	0	0	0	0	0	0	0	0	0	0	0	0	0	0	0.0	0.0	0.0	0.0	0.0	0.0	0.0	0.0	0.0	0.0	0.0	0.0	0.0	1.0	0.0	0.0	0.0	0.0	
269	270	5370.896990188	2421.3	2421.3	0.003309	0.0	0	0	0	0	268	0	0	0	0	0.0	0.0	0.0	0.0	0.0	0.0	0.0	0.0	0.0	0.0	0.0	0.0	0.0	5178.44	0.0	0.0	0.0	0.0	0.0	0.0	0.0	0.0	19.3225	0.0	0.0	0.0	0.0	0	0	0	0	33	0	0	0	0	0	0	0	0	0	0	0	0	0	0	0	0	0	235	0	0	0	0	0	0	0	0	0	0	0	0	0	0	0	0	0	0	0	0	0	0	0	0	0	0	0	0	0	0	0	0.0	0.0	0.0	0.0	0.0	0.0	0.0	0.0	0.0	0.0	0.0	0.0	0.0	1.0	0.0	0.0	0.0	0.0	
270	271	5374.103410626	2421.3	2421.3	0.003271	0.0	0	0	0	0	269	0	0	0	0	0.0	0.0	0.0	0.0	0.0	0.0	0.0	0.0	0.0	0.0	0.0	0.0	0.0	5181.64	0.0	0.0	0.0	0.0	0.0	0.0	0.0	0.0	19.2626	0.0	0.0	0.0	0.0	0	0	0	0	33	0	0	0	0	0	0	0	0	0	0	0	0	0	0	0	0	0	236	0	0	0	0	0	0	0	0	0	0	0	0	0	0	0	0	0	0	0	0	0	0	0	0	0	0	0	0	0	0	0	0.0	0.0	0.0	0.0	0.0	0.0	0.0	0.0	0.0	0.0	0.0	0.0	0.0	1.0	0.0	0.0	0.0	0.0	
271	272	5425.323075525	2421.3	2421.3	0.003251	0.0	0	0	0	0	270	0	0	0	0	0.0	0.0	0.0	0.0	0.0	0.0	0.0	0.0	0.0	0.0	0.0	0.0	0.0	5232.86	0.0	0.0	0.0	0.0	0.0	0.0	0.0	0.0	19.381	0.0	0.0	0.0	0.0	0	0	0	0	33	0	0	0	0	0	0	0	0	0	0	0	0	0	0	0	0	0	237	0	0	0	0	0	0	0	0	0	0	0	0	0	0	0	0	0	0	0	0	0	0	0	0	0	0	0	0	0	0	0	0.0	0.0	0.0	0.0	0.0	0.0	0.0	0.0	0.0	0.0	0.0	0.0	0.0	1.0	0.0	0.0	0.0	0.0	
272	273	5430.309805882	2421.3	2421.3	0.002946	0.0	0	0	0	0	271	0	0	0	0	0.0	0.0	0.0	0.0	0.0	0.0	0.0	0.0	0.0	0.0	0.0	0.0	0.0	5237.85	0.0	0.0	0.0	0.0	0.0	0.0	0.0	0.0	19.3279	0.0	0.0	0.0	0.0	0	0	0	0	33	0	0	0	0	0	0	0	0	0	0	0	0	0	0	0	0	0	238	0	0	0	0	0	0	0	0	0	0	0	0	0	0	0	0	0	0	0	0	0	0	0	0	0	0	0	0	0	0	0	0.0	0.0	0.0	0.0	0.0	0.0	0.0	0.0	0.0	0.0	0.0	0.0	0.0	1.0	0.0	0.0	0.0	0.0	
273	274	5435.234754241	2421.3	2421.3	0.002918	0.0	0	0	0	0	272	0	0	0	0	0.0	0.0	0.0	0.0	0.0	0.0	0.0	0.0	0.0	0.0	0.0	0.0	0.0	5242.78	0.0	0.0	0.0	0.0	0.0	0.0	0.0	0.0	19.2749	0.0	0.0	0.0	0.0	0	0	0	0	33	0	0	0	0	0	0	0	0	0	0	0	0	0	0	0	0	0	239	0	0	0	0	0	0	0	0	0	0	0	0	0	0	0	0	0	0	0	0	0	0	0	0	0	0	0	0	0	0	0	0.0	0.0	0.0	0.0	0.0	0.0	0.0	0.0	0.0	0.0	0.0	0.0	0.0	1.0	0.0	0.0	0.0	0.0	
274	275	5450.851173686	2421.3	2421.3	0.00289	0.0	0	0	0	0	273	0	0	0	0	0.0	0.0	0.0	0.0	0.0	0.0	0.0	0.0	0.0	0.0	0.0	0.0	0.0	5258.39	0.0	0.0	0.0	0.0	0.0	0.0	0.0	0.0	19.2615	0.0	0.0	0.0	0.0	0	0	0	0	33	0	0	0	0	0	0	0	0	0	0	0	0	0	0	0	0	0	240	0	0	0	0	0	0	0	0	0	0	0	0	0	0	0	0	0	0	0	0	0	0	0	0	0	0	0	0	0	0	0	0.0	0.0	0.0	0.0	0.0	0.0	0.0	0.0	0.0	0.0	0.0	0.0	0.0	1.0	0.0	0.0	0.0	0.0	
275	276	5452.031930814	2421.3	2421.3	0.002805	0.0	0	0	0	0	274	0	0	0	0	0.0	0.0	0.0	0.0	0.0	0.0	0.0	0.0	0.0	0.0	0.0	0.0	0.0	5259.57	0.0	0.0	0.0	0.0	0.0	0.0	0.0	0.0	19.1955	0.0	0.0	0.0	0.0	0	0	0	0	33	0	0	0	0	0	0	0	0	0	0	0	0	0	0	0	0	0	241	0	0	0	0	0	0	0	0	0	0	0	0	0	0	0	0	0	0	0	0	0	0	0	0	0	0	0	0	0	0	0	0.0	0.0	0.0	0.0	0.0	0.0	0.0	0.0	0.0	0.0	0.0	0.0	0.0	1.0	0.0	0.0	0.0	0.0	
276	277	5457.934342168	2421.3	2421.3	0.002798	0.0	0	0	0	0	275	0	0	0	0	0.0	0.0	0.0	0.0	0.0	0.0	0.0	0.0	0.0	0.0	0.0	0.0	0.0	5265.48	0.0	0.0	0.0	0.0	0.0	0.0	0.0	0.0	19.1472	0.0	0.0	0.0	0.0	0	0	0	0	33	0	0	0	0	0	0	0	0	0	0	0	0	0	0	0	0	0	242	0	0	0	0	0	0	0	0	0	0	0	0	0	0	0	0	0	0	0	0	0	0	0	0	0	0	0	0	0	0	0	0.0	0.0	0.0	0.0	0.0	0.0	0.0	0.0	0.0	0.0	0.0	0.0	0.0	1.0	0.0	0.0	0.0	0.0	
277	278	5478.342841324	2421.3	2421.3	0.002767	0.0	0	0	0	0	276	0	0	0	0	0.0	0.0	0.0	0.0	0.0	0.0	0.0	0.0	0.0	0.0	0.0	0.0	0.0	5285.88	0.0	0.0	0.0	0.0	0.0	0.0	0.0	0.0	19.1518	0.0	0.0	0.0	0.0	0	0	0	0	33	0	0	0	0	0	0	0	0	0	0	0	0	0	0	0	0	0	243	0	0	0	0	0	0	0	0	0	0	0	0	0	0	0	0	0	0	0	0	0	0	0	0	0	0	0	0	0	0	0	0.0	0.0	0.0	0.0	0.0	0.0	0.0	0.0	0.0	0.0	0.0	0.0	0.0	1.0	0.0	0.0	0.0	0.0	
278	279	5486.871602221	2421.3	2421.3	0.00266	0.0	0	0	0	0	277	0	0	0	0	0.0	0.0	0.0	0.0	0.0	0.0	0.0	0.0	0.0	0.0	0.0	0.0	0.0	5294.41	0.0	0.0	0.0	0.0	0.0	0.0	0.0	0.0	19.1134	0.0	0.0	0.0	0.0	0	0	0	0	33	0	0	0	0	0	0	0	0	0	0	0	0	0	0	0	0	0	244	0	0	0	0	0	0	0	0	0	0	0	0	0	0	0	0	0	0	0	0	0	0	0	0	0	0	0	0	0	0	0	0.0	0.0	0.0	0.0	0.0	0.0	0.0	0.0	0.0	0.0	0.0	0.0	0.0	1.0	0.0	0.0	0.0	0.0	
279	280	5515.863659143	2421.3	2421.3	0.002617	0.0	0	0	0	0	278	0	0	0	0	0.0	0.0	0.0	0.0	0.0	0.0	0.0	0.0	0.0	0.0	0.0	0.0	0.0	5323.4	0.0	0.0	0.0	0.0	0.0	0.0	0.0	0.0	19.1489	0.0	0.0	0.0	0.0	0	0	0	0	33	0	0	0	0	0	0	0	0	0	0	0	0	0	0	0	0	0	245	0	0	0	0	0	0	0	0	0	0	0	0	0	0	0	0	0	0	0	0	0	0	0	0	0	0	0	0	0	0	0	0.0	0.0	0.0	0.0	0.0	0.0	0.0	0.0	0.0	0.0	0.0	0.0	0.0	1.0	0.0	0.0	0.0	0.0	
280	281	5522.958817979	2421.3	2421.3	0.002475	0.0	0	0	0	0	279	0	0	0	0	0.0	0.0	0.0	0.0	0.0	0.0	0.0	0.0	0.0	0.0	0.0	0.0	0.0	5330.5	0.0	0.0	0.0	0.0	0.0	0.0	0.0	0.0	19.1057	0.0	0.0	0.0	0.0	0	0	0	0	33	0	0	0	0	0	0	0	0	0	0	0	0	0	0	0	0	0	246	0	0	0	0	0	0	0	0	0	0	0	0	0	0	0	0	0	0	0	0	0	0	0	0	0	0	0	0	0	0	0	0.0	0.0	0.0	0.0	0.0	0.0	0.0	0.0	0.0	0.0	0.0	0.0	0.0	1.0	0.0	0.0	0.0	0.0	
281	282	5524.806931084	2421.3	2421.3	0.002442	0.0	0	0	0	0	280	0	0	0	0	0.0	0.0	0.0	0.0	0.0	0.0	0.0	0.0	0.0	0.0	0.0	0.0	0.0	5332.35	0.0	0.0	0.0	0.0	0.0	0.0	0.0	0.0	19.0441	0.0	0.0	0.0	0.0	0	0	0	0	33	0	0	0	0	0	0	0	0	0	0	0	0	0	0	0	0	0	247	0	0	0	0	0	0	0	0	0	0	0	0	0	0	0	0	0	0	0	0	0	0	0	0	0	0	0	0	0	0	0	0.0	0.0	0.0	0.0	0.0	0.0	0.0	0.0	0.0	0.0	0.0	0.0	0.0	1.0	0.0	0.0	0.0	0.0	
282	283	5532.763029435	2421.3	2421.3	0.002433	0.0	0	0	0	0	281	0	0	0	0	0.0	0.0	0.0	0.0	0.0	0.0	0.0	0.0	0.0	0.0	0.0	0.0	0.0	5340.3	0.0	0.0	0.0	0.0	0.0	0.0	0.0	0.0	19.0046	0.0	0.0	0.0	0.0	0	0	0	0	33	0	0	0	0	0	0	0	0	0	0	0	0	0	0	0	0	0	248	0	0	0	0	0	0	0	0	0	0	0	0	0	0	0	0	0	0	0	0	0	0	0	0	0	0	0	0	0	0	0	0.0	0.0	0.0	0.0	0.0	0.0	0.0	0.0	0.0	0.0	0.0	0.0	0.0	1.0	0.0	0.0	0.0	0.0	
283	284	5539.510869082	2421.3	2421.3	0.002396	0.0	0	0	0	0	282	0	0	0	0	0.0	0.0	0.0	0.0	0.0	0.0	0.0	0.0	0.0	0.0	0.0	0.0	0.0	5347.05	0.0	0.0	0.0	0.0	0.0	0.0	0.0	0.0	18.9612	0.0	0.0	0.0	0.0	0	0	0	0	33	0	0	0	0	0	0	0	0	0	0	0	0	0	0	0	0	0	249	0	0	0	0	0	0	0	0	0	0	0	0	0	0	0	0	0	0	0	0	0	0	0	0	0	0	0	0	0	0	0	0.0	0.0	0.0	0.0	0.0	0.0	0.0	0.0	0.0	0.0	0.0	0.0	0.0	1.0	0.0	0.0	0.0	0.0	
284	285	5569.356132482	2421.3	2421.3	0.002365	0.0	0	0	0	0	283	0	0	0	0	0.0	0.0	0.0	0.0	0.0	0.0	0.0	0.0	0.0	0.0	0.0	0.0	0.0	5376.9	0.0	0.0	0.0	0.0	0.0	0.0	0.0	0.0	18.9996	0.0	0.0	0.0	0.0	0	0	0	0	33	0	0	0	0	0	0	0	0	0	0	0	0	0	0	0	0	0	250	0	0	0	0	0	0	0	0	0	0	0	0	0	0	0	0	0	0	0	0	0	0	0	0	0	0	0	0	0	0	0	0.0	0.0	0.0	0.0	0.0	0.0	0.0	0.0	0.0	0.0	0.0	0.0	0.0	1.0	0.0	0.0	0.0	0.0	
285	286	5578.56975777	2421.3	2421.3	0.002233	0.0	0	0	0	0	284	0	0	0	0	0.0	0.0	0.0	0.0	0.0	0.0	0.0	0.0	0.0	0.0	0.0	0.0	0.0	5386.11	0.0	0.0	0.0	0.0	0.0	0.0	0.0	0.0	18.9652	0.0	0.0	0.0	0.0	0	0	0	0	33	0	0	0	0	0	0	0	0	0	0	0	0	0	0	0	0	0	251	0	0	0	0	0	0	0	0	0	0	0	0	0	0	0	0	0	0	0	0	0	0	0	0	0	0	0	0	0	0	0	0.0	0.0	0.0	0.0	0.0	0.0	0.0	0.0	0.0	0.0	0.0	0.0	0.0	1.0	0.0	0.0	0.0	0.0	
286	287	5586.53607954	2421.3	2421.3	0.002194	0.0	0	0	0	0	285	0	0	0	0	0.0	0.0	0.0	0.0	0.0	0.0	0.0	0.0	0.0	0.0	0.0	0.0	0.0	5394.08	0.0	0.0	0.0	0.0	0.0	0.0	0.0	0.0	18.9266	0.0	0.0	0.0	0.0	0	0	0	0	33	0	0	0	0	0	0	0	0	0	0	0	0	0	0	0	0	0	252	0	0	0	0	0	0	0	0	0	0	0	0	0	0	0	0	0	0	0	0	0	0	0	0	0	0	0	0	0	0	0	0.0	0.0	0.0	0.0	0.0	0.0	0.0	0.0	0.0	0.0	0.0	0.0	0.0	1.0	0.0	0.0	0.0	0.0	
287	288	5593.170714784	2421.3	2421.3	0.002161	0.0	0	0	0	0	286	0	0	0	0	0.0	0.0	0.0	0.0	0.0	0.0	0.0	0.0	0.0	0.0	0.0	0.0	0.0	5400.71	0.0	0.0	0.0	0.0	0.0	0.0	0.0	0.0	18.8836	0.0	0.0	0.0	0.0	0	0	0	0	33	0	0	0	0	0	0	0	0	0	0	0	0	0	0	0	0	0	253	0	0	0	0	0	0	0	0	0	0	0	0	0	0	0	0	0	0	0	0	0	0	0	0	0	0	0	0	0	0	0	0.0	0.0	0.0	0.0	0.0	0.0	0.0	0.0	0.0	0.0	0.0	0.0	0.0	1.0	0.0	0.0	0.0	0.0	
288	289	5612.684948902	2421.3	2421.3	0.002133	0.0	0	0	0	0	287	0	0	0	0	0.0	0.0	0.0	0.0	0.0	0.0	0.0	0.0	0.0	0.0	0.0	0.0	0.0	5420.23	0.0	0.0	0.0	0.0	0.0	0.0	0.0	0.0	18.8858	0.0	0.0	0.0	0.0	0	0	0	0	33	0	0	0	0	0	0	0	0	0	0	0	0	0	0	0	0	0	254	0	0	0	0	0	0	0	0	0	0	0	0	0	0	0	0	0	0	0	0	0	0	0	0	0	0	0	0	0	0	0	0.0	0.0	0.0	0.0	0.0	0.0	0.0	0.0	0.0	0.0	0.0	0.0	0.0	1.0	0.0	0.0	0.0	0.0	
289	290	5614.034162112	2421.3	2421.3	0.002055	0.0	0	0	0	0	288	0	0	0	0	0.0	0.0	0.0	0.0	0.0	0.0	0.0	0.0	0.0	0.0	0.0	0.0	0.0	5421.58	0.0	0.0	0.0	0.0	0.0	0.0	0.0	0.0	18.8249	0.0	0.0	0.0	0.0	0	0	0	0	33	0	0	0	0	0	0	0	0	0	0	0	0	0	0	0	0	0	255	0	0	0	0	0	0	0	0	0	0	0	0	0	0	0	0	0	0	0	0	0	0	0	0	0	0	0	0	0	0	0	0.0	0.0	0.0	0.0	0.0	0.0	0.0	0.0	0.0	0.0	0.0	0.0	0.0	1.0	0.0	0.0	0.0	0.0	
290	291	5624.114820315	2421.3	2421.3	0.002049	0.0	0	0	0	0	289	0	0	0	0	0.0	0.0	0.0	0.0	0.0	0.0	0.0	0.0	0.0	0.0	0.0	0.0	0.0	5431.66	0.0	0.0	0.0	0.0	0.0	0.0	0.0	0.0	18.7947	0.0	0.0	0.0	0.0	0	0	0	0	33	0	0	0	0	0	0	0	0	0	0	0	0	0	0	0	0	0	256	0	0	0	0	0	0	0	0	0	0	0	0	0	0	0	0	0	0	0	0	0	0	0	0	0	0	0	0	0	0	0	0.0	0.0	0.0	0.0	0.0	0.0	0.0	0.0	0.0	0.0	0.0	0.0	0.0	1.0	0.0	0.0	0.0	0.0	
291	292	5625.525760291	2421.3	2421.3	0.00201	0.0	0	0	0	0	290	0	0	0	0	0.0	0.0	0.0	0.0	0.0	0.0	0.0	0.0	0.0	0.0	0.0	0.0	0.0	5433.07	0.0	0.0	0.0	0.0	0.0	0.0	0.0	0.0	18.7347	0.0	0.0	0.0	0.0	0	0	0	0	33	0	0	0	0	0	0	0	0	0	0	0	0	0	0	0	0	0	257	0	0	0	0	0	0	0	0	0	0	0	0	0	0	0	0	0	0	0	0	0	0	0	0	0	0	0	0	0	0	0	0.0	0.0	0.0	0.0	0.0	0.0	0.0	0.0	0.0	0.0	0.0	0.0	0.0	1.0	0.0	0.0	0.0	0.0	
292	293	5643.08859403	2421.3	2421.3	0.002005	0.0	0	0	0	0	291	0	0	0	0	0.0	0.0	0.0	0.0	0.0	0.0	0.0	0.0	0.0	0.0	0.0	0.0	0.0	5450.63	0.0	0.0	0.0	0.0	0.0	0.0	0.0	0.0	18.7307	0.0	0.0	0.0	0.0	0	0	0	0	33	0	0	0	0	0	0	0	0	0	0	0	0	0	0	0	0	0	258	0	0	0	0	0	0	0	0	0	0	0	0	0	0	0	0	0	0	0	0	0	0	0	0	0	0	0	0	0	0	0	0.0	0.0	0.0	0.0	0.0	0.0	0.0	0.0	0.0	0.0	0.0	0.0	0.0	1.0	0.0	0.0	0.0	0.0	
293	294	5649.952568417	2421.3	2421.3	0.001938	0.0	0	0	0	0	292	0	0	0	0	0.0	0.0	0.0	0.0	0.0	0.0	0.0	0.0	0.0	0.0	0.0	0.0	0.0	5457.49	0.0	0.0	0.0	0.0	0.0	0.0	0.0	0.0	18.69	0.0	0.0	0.0	0.0	0	0	0	0	33	0	0	0	0	0	0	0	0	0	0	0	0	0	0	0	0	0	259	0	0	0	0	0	0	0	0	0	0	0	0	0	0	0	0	0	0	0	0	0	0	0	0	0	0	0	0	0	0	0	0.0	0.0	0.0	0.0	0.0	0.0	0.0	0.0	0.0	0.0	0.0	0.0	0.0	1.0	0.0	0.0	0.0	0.0	
294	295	5655.510839309	2421.3	2421.3	0.001913	0.0	0	0	0	0	293	0	0	0	0	0.0	0.0	0.0	0.0	0.0	0.0	0.0	0.0	0.0	0.0	0.0	0.0	0.0	5463.05	0.0	0.0	0.0	0.0	0.0	0.0	0.0	0.0	18.6452	0.0	0.0	0.0	0.0	0	0	0	0	33	0	0	0	0	0	0	0	0	0	0	0	0	0	0	0	0	0	260	0	0	0	0	0	0	0	0	0	0	0	0	0	0	0	0	0	0	0	0	0	0	0	0	0	0	0	0	0	0	0	0.0	0.0	0.0	0.0	0.0	0.0	0.0	0.0	0.0	0.0	0.0	0.0	0.0	1.0	0.0	0.0	0.0	0.0	
295	296	5661.079925798	2421.3	2421.3	0.001892	0.0	0	0	0	0	294	0	0	0	0	0.0	0.0	0.0	0.0	0.0	0.0	0.0	0.0	0.0	0.0	0.0	0.0	0.0	5468.62	0.0	0.0	0.0	0.0	0.0	0.0	0.0	0.0	18.6008	0.0	0.0	0.0	0.0	0	0	0	0	33	0	0	0	0	0	0	0	0	0	0	0	0	0	0	0	0	0	261	0	0	0	0	0	0	0	0	0	0	0	0	0	0	0	0	0	0	0	0	0	0	0	0	0	0	0	0	0	0	0	0.0	0.0	0.0	0.0	0.0	0.0	0.0	0.0	0.0	0.0	0.0	0.0	0.0	1.0	0.0	0.0	0.0	0.0	
296	297	5779.914470268	2421.3	2421.3	0.001872	0.0	0	0	0	0	295	0	0	0	0	0.0	0.0	0.0	0.0	0.0	0.0	0.0	0.0	0.0	0.0	0.0	0.0	0.0	5587.46	0.0	0.0	0.0	0.0	0.0	0.0	0.0	0.0	18.9405	0.0	0.0	0.0	0.0	0	0	0	0	33	0	0	0	0	0	0	0	0	0	0	0	0	0	0	0	0	0	262	0	0	0	0	0	0	0	0	0	0	0	0	0	0	0	0	0	0	0	0	0	0	0	0	0	0	0	0	0	0	0	0.0	0.0	0.0	0.0	0.0	0.0	0.0	0.0	0.0	0.0	0.0	0.0	0.0	1.0	0.0	0.0	0.0	0.0	
297	298	5788.216109035	2421.3	2421.3	0.00149	0.0	0	0	0	0	296	0	0	0	0	0.0	0.0	0.0	0.0	0.0	0.0	0.0	0.0	0.0	0.0	0.0	0.0	0.0	5595.76	0.0	0.0	0.0	0.0	0.0	0.0	0.0	0.0	18.9046	0.0	0.0	0.0	0.0	0	0	0	0	33	0	0	0	0	0	0	0	0	0	0	0	0	0	0	0	0	0	263	0	0	0	0	0	0	0	0	0	0	0	0	0	0	0	0	0	0	0	0	0	0	0	0	0	0	0	0	0	0	0	0.0	0.0	0.0	0.0	0.0	0.0	0.0	0.0	0.0	0.0	0.0	0.0	0.0	1.0	0.0	0.0	0.0	0.0	
298	299	5794.437399797	2421.3	2421.3	0.001466	0.0	0	0	0	0	297	0	0	0	0	0.0	0.0	0.0	0.0	0.0	0.0	0.0	0.0	0.0	0.0	0.0	0.0	0.0	5601.98	0.0	0.0	0.0	0.0	0.0	0.0	0.0	0.0	18.8619	0.0	0.0	0.0	0.0	0	0	0	0	33	0	0	0	0	0	0	0	0	0	0	0	0	0	0	0	0	0	264	0	0	0	0	0	0	0	0	0	0	0	0	0	0	0	0	0	0	0	0	0	0	0	0	0	0	0	0	0	0	0	0.0	0.0	0.0	0.0	0.0	0.0	0.0	0.0	0.0	0.0	0.0	0.0	0.0	1.0	0.0	0.0	0.0	0.0	
299	300	5801.818477578	2421.3	2421.3	0.001449	0.0	0	0	0	0	298	0	0	0	0	0.0	0.0	0.0	0.0	0.0	0.0	0.0	0.0	0.0	0.0	0.0	0.0	0.0	5609.36	0.0	0.0	0.0	0.0	0.0	0.0	0.0	0.0	18.8234	0.0	0.0	0.0	0.0	0	0	0	0	33	0	0	0	0	0	0	0	0	0	0	0	0	0	0	0	0	0	265	0	0	0	0	0	0	0	0	0	0	0	0	0	0	0	0	0	0	0	0	0	0	0	0	0	0	0	0	0	0	0	0.0	0.0	0.0	0.0	0.0	0.0	0.0	0.0	0.0	0.0	0.0	0.0	0.0	1.0	0.0	0.0	0.0	0.0	
300	301	5847.381971503	2421.3	2421.3	0.001428	0.0	0	0	0	0	299	0	0	0	0	0.0	0.0	0.0	0.0	0.0	0.0	0.0	0.0	0.0	0.0	0.0	0.0	0.0	5654.92	0.0	0.0	0.0	0.0	0.0	0.0	0.0	0.0	18.9128	0.0	0.0	0.0	0.0	0	0	0	0	33	0	0	0	0	0	0	0	0	0	0	0	0	0	0	0	0	0	266	0	0	0	0	0	0	0	0	0	0	0	0	0	0	0	0	0	0	0	0	0	0	0	0	0	0	0	0	0	0	0	0.0	0.0	0.0	0.0	0.0	0.0	0.0	0.0	0.0	0.0	0.0	0.0	0.0	1.0	0.0	0.0	0.0	0.0	
301	302	5848.418552378	2421.3	2421.3	0.001308	0.0	0	0	0	0	300	0	0	0	0	0.0	0.0	0.0	0.0	0.0	0.0	0.0	0.0	0.0	0.0	0.0	0.0	0.0	5655.96	0.0	0.0	0.0	0.0	0.0	0.0	0.0	0.0	18.8532	0.0	0.0	0.0	0.0	0	0	0	0	33	0	0	0	0	0	0	0	0	0	0	0	0	0	0	0	0	0	267	0	0	0	0	0	0	0	0	0	0	0	0	0	0	0	0	0	0	0	0	0	0	0	0	0	0	0	0	0	0	0	0.0	0.0	0.0	0.0	0.0	0.0	0.0	0.0	0.0	0.0	0.0	0.0	0.0	1.0	0.0	0.0	0.0	0.0	
302	303	5995.63681437	2421.3	2421.3	0.001306	0.0	0	0	0	0	301	0	0	0	0	0.0	0.0	0.0	0.0	0.0	0.0	0.0	0.0	0.0	0.0	0.0	0.0	0.0	5803.18	0.0	0.0	0.0	0.0	0.0	0.0	0.0	0.0	19.2797	0.0	0.0	0.0	0.0	0	0	0	0	33	0	0	0	0	0	0	0	0	0	0	0	0	0	0	0	0	0	268	0	0	0	0	0	0	0	0	0	0	0	0	0	0	0	0	0	0	0	0	0	0	0	0	0	0	0	0	0	0	0	0.0	0.0	0.0	0.0	0.0	0.0	0.0	0.0	0.0	0.0	0.0	0.0	0.0	1.0	0.0	0.0	0.0	0.0	
303	304	6001.771000438	2421.3	2421.3	0.000984	0.0	0	0	0	0	302	0	0	0	0	0.0	0.0	0.0	0.0	0.0	0.0	0.0	0.0	0.0	0.0	0.0	0.0	0.0	5809.31	0.0	0.0	0.0	0.0	0.0	0.0	0.0	0.0	19.2361	0.0	0.0	0.0	0.0	0	0	0	0	33	0	0	0	0	0	0	0	0	0	0	0	0	0	0	0	0	0	269	0	0	0	0	0	0	0	0	0	0	0	0	0	0	0	0	0	0	0	0	0	0	0	0	0	0	0	0	0	0	0	0.0	0.0	0.0	0.0	0.0	0.0	0.0	0.0	0.0	0.0	0.0	0.0	0.0	1.0	0.0	0.0	0.0	0.0	
304	305	6005.311163681	2421.3	2421.3	0.000972	0.0	0	0	0	0	303	0	0	0	0	0.0	0.0	0.0	0.0	0.0	0.0	0.0	0.0	0.0	0.0	0.0	0.0	0.0	5812.85	0.0	0.0	0.0	0.0	0.0	0.0	0.0	0.0	19.1843	0.0	0.0	0.0	0.0	0	0	0	0	33	0	0	0	0	0	0	0	0	0	0	0	0	0	0	0	0	0	270	0	0	0	0	0	0	0	0	0	0	0	0	0	0	0	0	0	0	0	0	0	0	0	0	0	0	0	0	0	0	0	0.0	0.0	0.0	0.0	0.0	0.0	0.0	0.0	0.0	0.0	0.0	0.0	0.0	1.0	0.0	0.0	0.0	0.0	
305	306	6010.65426908	2421.3	2421.3	0.000966	0.0	0	0	0	0	304	0	0	0	0	0.0	0.0	0.0	0.0	0.0	0.0	0.0	0.0	0.0	0.0	0.0	0.0	0.0	5818.19	0.0	0.0	0.0	0.0	0.0	0.0	0.0	0.0	19.1388	0.0	0.0	0.0	0.0	0	0	0	0	33	0	0	0	0	0	0	0	0	0	0	0	0	0	0	0	0	0	271	0	0	0	0	0	0	0	0	0	0	0	0	0	0	0	0	0	0	0	0	0	0	0	0	0	0	0	0	0	0	0	0.0	0.0	0.0	0.0	0.0	0.0	0.0	0.0	0.0	0.0	0.0	0.0	0.0	1.0	0.0	0.0	0.0	0.0	
306	307	6016.975967672	2421.3	2421.3	0.000956	0.0	0	0	0	0	305	0	0	0	0	0.0	0.0	0.0	0.0	0.0	0.0	0.0	0.0	0.0	0.0	0.0	0.0	0.0	5824.52	0.0	0.0	0.0	0.0	0.0	0.0	0.0	0.0	19.0968	0.0	0.0	0.0	0.0	0	0	0	0	33	0	0	0	0	0	0	0	0	0	0	0	0	0	0	0	0	0	272	0	0	0	0	0	0	0	0	0	0	0	0	0	0	0	0	0	0	0	0	0	0	0	0	0	0	0	0	0	0	0	0.0	0.0	0.0	0.0	0.0	0.0	0.0	0.0	0.0	0.0	0.0	0.0	0.0	1.0	0.0	0.0	0.0	0.0	
307	308	6023.064080298	2421.3	2421.3	0.000944	0.0	0	0	0	0	306	0	0	0	0	0.0	0.0	0.0	0.0	0.0	0.0	0.0	0.0	0.0	0.0	0.0	0.0	0.0	5830.6	0.0	0.0	0.0	0.0	0.0	0.0	0.0	0.0	19.0543	0.0	0.0	0.0	0.0	0	0	0	0	33	0	0	0	0	0	0	0	0	0	0	0	0	0	0	0	0	0	273	0	0	0	0	0	0	0	0	0	0	0	0	0	0	0	0	0	0	0	0	0	0	0	0	0	0	0	0	0	0	0	0.0	0.0	0.0	0.0	0.0	0.0	0.0	0.0	0.0	0.0	0.0	0.0	0.0	1.0	0.0	0.0	0.0	0.0	
308	309	6044.408353703	2421.3	2421.3	0.000933	0.0	0	0	0	0	307	0	0	0	0	0.0	0.0	0.0	0.0	0.0	0.0	0.0	0.0	0.0	0.0	0.0	0.0	0.0	5851.95	0.0	0.0	0.0	0.0	0.0	0.0	0.0	0.0	19.0617	0.0	0.0	0.0	0.0	0	0	0	0	33	0	0	0	0	0	0	0	0	0	0	0	0	0	0	0	0	0	274	0	0	0	0	0	0	0	0	0	0	0	0	0	0	0	0	0	0	0	0	0	0	0	0	0	0	0	0	0	0	0	0.0	0.0	0.0	0.0	0.0	0.0	0.0	0.0	0.0	0.0	0.0	0.0	0.0	1.0	0.0	0.0	0.0	0.0	
309	310	6063.193500089	2421.3	2421.3	0.000896	0.0	0	0	0	0	308	0	0	0	0	0.0	0.0	0.0	0.0	0.0	0.0	0.0	0.0	0.0	0.0	0.0	0.0	0.0	5870.73	0.0	0.0	0.0	0.0	0.0	0.0	0.0	0.0	19.0608	0.0	0.0	0.0	0.0	0	0	0	0	33	0	0	0	0	0	0	0	0	0	0	0	0	0	0	0	0	0	275	0	0	0	0	0	0	0	0	0	0	0	0	0	0	0	0	0	0	0	0	0	0	0	0	0	0	0	0	0	0	0	0.0	0.0	0.0	0.0	0.0	0.0	0.0	0.0	0.0	0.0	0.0	0.0	0.0	1.0	0.0	0.0	0.0	0.0	
310	311	6076.647396927	2421.3	2421.3	0.000864	0.0	0	0	0	0	309	0	0	0	0	0.0	0.0	0.0	0.0	0.0	0.0	0.0	0.0	0.0	0.0	0.0	0.0	0.0	5884.19	0.0	0.0	0.0	0.0	0.0	0.0	0.0	0.0	19.0427	0.0	0.0	0.0	0.0	0	0	0	0	33	0	0	0	0	0	0	0	0	0	0	0	0	0	0	0	0	0	276	0	0	0	0	0	0	0	0	0	0	0	0	0	0	0	0	0	0	0	0	0	0	0	0	0	0	0	0	0	0	0	0.0	0.0	0.0	0.0	0.0	0.0	0.0	0.0	0.0	0.0	0.0	0.0	0.0	1.0	0.0	0.0	0.0	0.0	
311	312	6095.498655406	2421.3	2421.3	0.000842	0.0	0	0	0	0	310	0	0	0	0	0.0	0.0	0.0	0.0	0.0	0.0	0.0	0.0	0.0	0.0	0.0	0.0	0.0	5903.04	0.0	0.0	0.0	0.0	0.0	0.0	0.0	0.0	19.0421	0.0	0.0	0.0	0.0	0	0	0	0	33	0	0	0	0	0	0	0	0	0	0	0	0	0	0	0	0	0	277	0	0	0	0	0	0	0	0	0	0	0	0	0	0	0	0	0	0	0	0	0	0	0	0	0	0	0	0	0	0	0	0.0	0.0	0.0	0.0	0.0	0.0	0.0	0.0	0.0	0.0	0.0	0.0	0.0	1.0	0.0	0.0	0.0	0.0	
312	313	6117.214225597	2421.3	2421.3	0.000812	0.0	0	0	0	0	311	0	0	0	0	0.0	0.0	0.0	0.0	0.0	0.0	0.0	0.0	0.0	0.0	0.0	0.0	0.0	5924.75	0.0	0.0	0.0	0.0	0.0	0.0	0.0	0.0	19.0507	0.0	0.0	0.0	0.0	0	0	0	0	33	0	0	0	0	0	0	0	0	0	0	0	0	0	0	0	0	0	278	0	0	0	0	0	0	0	0	0	0	0	0	0	0	0	0	0	0	0	0	0	0	0	0	0	0	0	0	0	0	0	0.0	0.0	0.0	0.0	0.0	0.0	0.0	0.0	0.0	0.0	0.0	0.0	0.0	1.0	0.0	0.0	0.0	0.0	
313	314	6119.99448447	2421.3	2421.3	0.000779	0.0	0	0	0	0	312	0	0	0	0	0.0	0.0	0.0	0.0	0.0	0.0	0.0	0.0	0.0	0.0	0.0	0.0	0.0	5927.53	0.0	0.0	0.0	0.0	0.0	0.0	0.0	0.0	18.9985	0.0	0.0	0.0	0.0	0	0	0	0	33	0	0	0	0	0	0	0	0	0	0	0	0	0	0	0	0	0	279	0	0	0	0	0	0	0	0	0	0	0	0	0	0	0	0	0	0	0	0	0	0	0	0	0	0	0	0	0	0	0	0.0	0.0	0.0	0.0	0.0	0.0	0.0	0.0	0.0	0.0	0.0	0.0	0.0	1.0	0.0	0.0	0.0	0.0	
314	315	6127.904404497	2421.3	2421.3	0.000775	0.0	0	0	0	0	313	0	0	0	0	0.0	0.0	0.0	0.0	0.0	0.0	0.0	0.0	0.0	0.0	0.0	0.0	0.0	5935.44	0.0	0.0	0.0	0.0	0.0	0.0	0.0	0.0	18.9631	0.0	0.0	0.0	0.0	0	0	0	0	33	0	0	0	0	0	0	0	0	0	0	0	0	0	0	0	0	0	280	0	0	0	0	0	0	0	0	0	0	0	0	0	0	0	0	0	0	0	0	0	0	0	0	0	0	0	0	0	0	0	0.0	0.0	0.0	0.0	0.0	0.0	0.0	0.0	0.0	0.0	0.0	0.0	0.0	1.0	0.0	0.0	0.0	0.0	
315	316	6132.707996652	2421.3	2421.3	0.000763	0.0	0	0	0	0	314	0	0	0	0	0.0	0.0	0.0	0.0	0.0	0.0	0.0	0.0	0.0	0.0	0.0	0.0	0.0	5940.25	0.0	0.0	0.0	0.0	0.0	0.0	0.0	0.0	18.918	0.0	0.0	0.0	0.0	0	0	0	0	33	0	0	0	0	0	0	0	0	0	0	0	0	0	0	0	0	0	281	0	0	0	0	0	0	0	0	0	0	0	0	0	0	0	0	0	0	0	0	0	0	0	0	0	0	0	0	0	0	0	0.0	0.0	0.0	0.0	0.0	0.0	0.0	0.0	0.0	0.0	0.0	0.0	0.0	1.0	0.0	0.0	0.0	0.0	
316	317	6151.858069832	2421.3	2421.3	0.000756	0.0	0	0	0	0	315	0	0	0	0	0.0	0.0	0.0	0.0	0.0	0.0	0.0	0.0	0.0	0.0	0.0	0.0	0.0	5959.4	0.0	0.0	0.0	0.0	0.0	0.0	0.0	0.0	18.9187	0.0	0.0	0.0	0.0	0	0	0	0	33	0	0	0	0	0	0	0	0	0	0	0	0	0	0	0	0	0	282	0	0	0	0	0	0	0	0	0	0	0	0	0	0	0	0	0	0	0	0	0	0	0	0	0	0	0	0	0	0	0	0.0	0.0	0.0	0.0	0.0	0.0	0.0	0.0	0.0	0.0	0.0	0.0	0.0	1.0	0.0	0.0	0.0	0.0	
317	318	6156.020580422	2421.3	2421.3	0.000729	0.0	0	0	0	0	316	0	0	0	0	0.0	0.0	0.0	0.0	0.0	0.0	0.0	0.0	0.0	0.0	0.0	0.0	0.0	5963.56	0.0	0.0	0.0	0.0	0.0	0.0	0.0	0.0	18.872	0.0	0.0	0.0	0.0	0	0	0	0	33	0	0	0	0	0	0	0	0	0	0	0	0	0	0	0	0	0	283	0	0	0	0	0	0	0	0	0	0	0	0	0	0	0	0	0	0	0	0	0	0	0	0	0	0	0	0	0	0	0	0.0	0.0	0.0	0.0	0.0	0.0	0.0	0.0	0.0	0.0	0.0	0.0	0.0	1.0	0.0	0.0	0.0	0.0	
318	319	6157.989177009	2421.3	2421.3	0.000723	0.0	0	0	0	0	317	0	0	0	0	0.0	0.0	0.0	0.0	0.0	0.0	0.0	0.0	0.0	0.0	0.0	0.0	0.0	5965.53	0.0	0.0	0.0	0.0	0.0	0.0	0.0	0.0	18.8187	0.0	0.0	0.0	0.0	0	0	0	0	33	0	0	0	0	0	0	0	0	0	0	0	0	0	0	0	0	0	284	0	0	0	0	0	0	0	0	0	0	0	0	0	0	0	0	0	0	0	0	0	0	0	0	0	0	0	0	0	0	0	0.0	0.0	0.0	0.0	0.0	0.0	0.0	0.0	0.0	0.0	0.0	0.0	0.0	1.0	0.0	0.0	0.0	0.0	
319	320	6161.39941344	2421.3	2421.3	0.00072	0.0	0	0	0	0	318	0	0	0	0	0.0	0.0	0.0	0.0	0.0	0.0	0.0	0.0	0.0	0.0	0.0	0.0	0.0	5968.94	0.0	0.0	0.0	0.0	0.0	0.0	0.0	0.0	18.7703	0.0	0.0	0.0	0.0	0	0	0	0	33	0	0	0	0	0	0	0	0	0	0	0	0	0	0	0	0	0	285	0	0	0	0	0	0	0	0	0	0	0	0	0	0	0	0	0	0	0	0	0	0	0	0	0	0	0	0	0	0	0	0.0	0.0	0.0	0.0	0.0	0.0	0.0	0.0	0.0	0.0	0.0	0.0	0.0	1.0	0.0	0.0	0.0	0.0	
320	321	6170.03622552	2421.3	2421.3	0.000715	0.0	0	0	0	0	319	0	0	0	0	0.0	0.0	0.0	0.0	0.0	0.0	0.0	0.0	0.0	0.0	0.0	0.0	0.0	5977.58	0.0	0.0	0.0	0.0	0.0	0.0	0.0	0.0	18.7385	0.0	0.0	0.0	0.0	0	0	0	0	33	0	0	0	0	0	0	0	0	0	0	0	0	0	0	0	0	0	286	0	0	0	0	0	0	0	0	0	0	0	0	0	0	0	0	0	0	0	0	0	0	0	0	0	0	0	0	0	0	0	0.0	0.0	0.0	0.0	0.0	0.0	0.0	0.0	0.0	0.0	0.0	0.0	0.0	1.0	0.0	0.0	0.0	0.0	
321	322	6174.685669724	2421.3	2421.3	0.000704	0.0	0	0	0	0	320	0	0	0	0	0.0	0.0	0.0	0.0	0.0	0.0	0.0	0.0	0.0	0.0	0.0	0.0	0.0	5982.23	0.0	0.0	0.0	0.0	0.0	0.0	0.0	0.0	18.6945	0.0	0.0	0.0	0.0	0	0	0	0	33	0	0	0	0	0	0	0	0	0	0	0	0	0	0	0	0	0	287	0	0	0	0	0	0	0	0	0	0	0	0	0	0	0	0	0	0	0	0	0	0	0	0	0	0	0	0	0	0	0	0.0	0.0	0.0	0.0	0.0	0.0	0.0	0.0	0.0	0.0	0.0	0.0	0.0	1.0	0.0	0.0	0.0	0.0	
322	323	6182.909391106	2421.3	2421.3	0.000697	0.0	0	0	0	0	321	0	0	0	0	0.0	0.0	0.0	0.0	0.0	0.0	0.0	0.0	0.0	0.0	0.0	0.0	0.0	5990.45	0.0	0.0	0.0	0.0	0.0	0.0	0.0	0.0	18.6618	0.0	0.0	0.0	0.0	0	0	0	0	33	0	0	0	0	0	0	0	0	0	0	0	0	0	0	0	0	0	288	0	0	0	0	0	0	0	0	0	0	0	0	0	0	0	0	0	0	0	0	0	0	0	0	0	0	0	0	0	0	0	0.0	0.0	0.0	0.0	0.0	0.0	0.0	0.0	0.0	0.0	0.0	0.0	0.0	1.0	0.0	0.0	0.0	0.0	
323	324	6237.423918857	2421.3	2421.3	0.000686	0.0	0	0	0	0	322	0	0	0	0	0.0	0.0	0.0	0.0	0.0	0.0	0.0	0.0	0.0	0.0	0.0	0.0	0.0	6044.96	0.0	0.0	0.0	0.0	0.0	0.0	0.0	0.0	18.7732	0.0	0.0	0.0	0.0	0	0	0	0	33	0	0	0	0	0	0	0	0	0	0	0	0	0	0	0	0	0	289	0	0	0	0	0	0	0	0	0	0	0	0	0	0	0	0	0	0	0	0	0	0	0	0	0	0	0	0	0	0	0	0.0	0.0	0.0	0.0	0.0	0.0	0.0	0.0	0.0	0.0	0.0	0.0	0.0	1.0	0.0	0.0	0.0	0.0	
324	325	6245.816378751	2421.3	2421.3	0.000618	0.0	0	0	0	0	323	0	0	0	0	0.0	0.0	0.0	0.0	0.0	0.0	0.0	0.0	0.0	0.0	0.0	0.0	0.0	6053.36	0.0	0.0	0.0	0.0	0.0	0.0	0.0	0.0	18.741	0.0	0.0	0.0	0.0	0	0	0	0	33	0	0	0	0	0	0	0	0	0	0	0	0	0	0	0	0	0	290	0	0	0	0	0	0	0	0	0	0	0	0	0	0	0	0	0	0	0	0	0	0	0	0	0	0	0	0	0	0	0	0.0	0.0	0.0	0.0	0.0	0.0	0.0	0.0	0.0	0.0	0.0	0.0	0.0	1.0	0.0	0.0	0.0	0.0	
325	326	6271.031754605	2421.3	2421.3	0.000608	0.0	0	0	0	0	324	0	0	0	0	0.0	0.0	0.0	0.0	0.0	0.0	0.0	0.0	0.0	0.0	0.0	0.0	0.0	6078.57	0.0	0.0	0.0	0.0	0.0	0.0	0.0	0.0	18.761	0.0	0.0	0.0	0.0	0	0	0	0	33	0	0	0	0	0	0	0	0	0	0	0	0	0	0	0	0	0	291	0	0	0	0	0	0	0	0	0	0	0	0	0	0	0	0	0	0	0	0	0	0	0	0	0	0	0	0	0	0	0	0.0	0.0	0.0	0.0	0.0	0.0	0.0	0.0	0.0	0.0	0.0	0.0	0.0	1.0	0.0	0.0	0.0	0.0	
326	327	6273.327011711	2421.3	2421.3	0.000579	0.0	0	0	0	0	325	0	0	0	0	0.0	0.0	0.0	0.0	0.0	0.0	0.0	0.0	0.0	0.0	0.0	0.0	0.0	6080.87	0.0	0.0	0.0	0.0	0.0	0.0	0.0	0.0	18.7104	0.0	0.0	0.0	0.0	0	0	0	0	33	0	0	0	0	0	0	0	0	0	0	0	0	0	0	0	0	0	292	0	0	0	0	0	0	0	0	0	0	0	0	0	0	0	0	0	0	0	0	0	0	0	0	0	0	0	0	0	0	0	0.0	0.0	0.0	0.0	0.0	0.0	0.0	0.0	0.0	0.0	0.0	0.0	0.0	1.0	0.0	0.0	0.0	0.0	
327	328	6278.589397902	2421.3	2421.3	0.000577	0.0	0	0	0	0	326	0	0	0	0	0.0	0.0	0.0	0.0	0.0	0.0	0.0	0.0	0.0	0.0	0.0	0.0	0.0	6086.13	0.0	0.0	0.0	0.0	0.0	0.0	0.0	0.0	18.6691	0.0	0.0	0.0	0.0	0	0	0	0	33	0	0	0	0	0	0	0	0	0	0	0	0	0	0	0	0	0	293	0	0	0	0	0	0	0	0	0	0	0	0	0	0	0	0	0	0	0	0	0	0	0	0	0	0	0	0	0	0	0	0.0	0.0	0.0	0.0	0.0	0.0	0.0	0.0	0.0	0.0	0.0	0.0	0.0	1.0	0.0	0.0	0.0	0.0	
328	330	6288.815598256	2421.3	2421.3	0.00057	0.0	0	0	0	0	328	0	0	0	0	0.0	0.0	0.0	0.0	0.0	0.0	0.0	0.0	0.0	0.0	0.0	0.0	0.0	6096.36	0.0	0.0	0.0	0.0	0.0	0.0	0.0	0.0	18.5864	0.0	0.0	0.0	0.0	0	0	0	0	33	0	0	0	0	0	0	0	0	0	0	0	0	0	0	0	0	0	295	0	0	0	0	0	0	0	0	0	0	0	0	0	0	0	0	0	0	0	0	0	0	0	0	0	0	0	0	0	0	0	0.0	0.0	0.0	0.0	0.0	0.0	0.0	0.0	0.0	0.0	0.0	0.0	0.0	1.0	0.0	0.0	0.0	0.0	
329	331	6299.702727169	2421.3	2421.3	0.00056	0.0	0	0	0	0	329	0	0	0	0	0.0	0.0	0.0	0.0	0.0	0.0	0.0	0.0	0.0	0.0	0.0	0.0	0.0	6107.24	0.0	0.0	0.0	0.0	0.0	0.0	0.0	0.0	18.563	0.0	0.0	0.0	0.0	0	0	0	0	33	0	0	0	0	0	0	0	0	0	0	0	0	0	0	0	0	0	296	0	0	0	0	0	0	0	0	0	0	0	0	0	0	0	0	0	0	0	0	0	0	0	0	0	0	0	0	0	0	0	0.0	0.0	0.0	0.0	0.0	0.0	0.0	0.0	0.0	0.0	0.0	0.0	0.0	1.0	0.0	0.0	0.0	0.0	
330	332	6312.571462694	2421.3	2421.3	0.000548	0.0	0	0	0	0	330	0	0	0	0	0.0	0.0	0.0	0.0	0.0	0.0	0.0	0.0	0.0	0.0	0.0	0.0	0.0	6120.11	0.0	0.0	0.0	0.0	0.0	0.0	0.0	0.0	18.5458	0.0	0.0	0.0	0.0	0	0	0	0	33	0	0	0	0	0	0	0	0	0	0	0	0	0	0	0	0	0	297	0	0	0	0	0	0	0	0	0	0	0	0	0	0	0	0	0	0	0	0	0	0	0	0	0	0	0	0	0	0	0	0.0	0.0	0.0	0.0	0.0	0.0	0.0	0.0	0.0	0.0	0.0	0.0	0.0	1.0	0.0	0.0	0.0	0.0	
331	333	6323.621905146	2421.3	2421.3	0.000535	0.0	0	0	0	0	331	0	0	0	0	0.0	0.0	0.0	0.0	0.0	0.0	0.0	0.0	0.0	0.0	0.0	0.0	0.0	6131.16	0.0	0.0	0.0	0.0	0.0	0.0	0.0	0.0	18.5231	0.0	0.0	0.0	0.0	0	0	0	0	33	0	0	0	0	0	0	0	0	0	0	0	0	0	0	0	0	0	298	0	0	0	0	0	0	0	0	0	0	0	0	0	0	0	0	0	0	0	0	0	0	0	0	0	0	0	0	0	0	0	0.0	0.0	0.0	0.0	0.0	0.0	0.0	0.0	0.0	0.0	0.0	0.0	0.0	1.0	0.0	0.0	0.0	0.0	
332	334	6326.054266229	2421.3	2421.3	0.000524	0.0	0	0	0	0	332	0	0	0	0	0.0	0.0	0.0	0.0	0.0	0.0	0.0	0.0	0.0	0.0	0.0	0.0	0.0	6133.59	0.0	0.0	0.0	0.0	0.0	0.0	0.0	0.0	18.4747	0.0	0.0	0.0	0.0	0	0	0	0	33	0	0	0	0	0	0	0	0	0	0	0	0	0	0	0	0	0	299	0	0	0	0	0	0	0	0	0	0	0	0	0	0	0	0	0	0	0	0	0	0	0	0	0	0	0	0	0	0	0	0.0	0.0	0.0	0.0	0.0	0.0	0.0	0.0	0.0	0.0	0.0	0.0	0.0	1.0	0.0	0.0	0.0	0.0	
333	335	6353.734321572	2421.3	2421.3	0.000521	0.0	0	0	0	0	333	0	0	0	0	0.0	0.0	0.0	0.0	0.0	0.0	0.0	0.0	0.0	0.0	0.0	0.0	0.0	6161.27	0.0	0.0	0.0	0.0	0.0	0.0	0.0	0.0	18.5023	0.0	0.0	0.0	0.0	0	0	0	0	33	0	0	0	0	0	0	0	0	0	0	0	0	0	0	0	0	0	300	0	0	0	0	0	0	0	0	0	0	0	0	0	0	0	0	0	0	0	0	0	0	0	0	0	0	0	0	0	0	0	0.0	0.0	0.0	0.0	0.0	0.0	0.0	0.0	0.0	0.0	0.0	0.0	0.0	1.0	0.0	0.0	0.0	0.0	
334	336	6381.217584192	2421.3	2421.3	0.000494	0.0	0	0	0	0	334	0	0	0	0	0.0	0.0	0.0	0.0	0.0	0.0	0.0	0.0	0.0	0.0	0.0	0.0	0.0	6188.76	0.0	0.0	0.0	0.0	0.0	0.0	0.0	0.0	18.5292	0.0	0.0	0.0	0.0	0	0	0	0	33	0	0	0	0	0	0	0	0	0	0	0	0	0	0	0	0	0	301	0	0	0	0	0	0	0	0	0	0	0	0	0	0	0	0	0	0	0	0	0	0	0	0	0	0	0	0	0	0	0	0.0	0.0	0.0	0.0	0.0	0.0	0.0	0.0	0.0	0.0	0.0	0.0	0.0	1.0	0.0	0.0	0.0	0.0	
335	337	6394.627248548	2421.3	2421.3	0.000469	0.0	0	0	0	0	335	0	0	0	0	0.0	0.0	0.0	0.0	0.0	0.0	0.0	0.0	0.0	0.0	0.0	0.0	0.0	6202.17	0.0	0.0	0.0	0.0	0.0	0.0	0.0	0.0	18.5139	0.0	0.0	0.0	0.0	0	0	0	0	33	0	0	0	0	0	0	0	0	0	0	0	0	0	0	0	0	0	302	0	0	0	0	0	0	0	0	0	0	0	0	0	0	0	0	0	0	0	0	0	0	0	0	0	0	0	0	0	0	0	0.0	0.0	0.0	0.0	0.0	0.0	0.0	0.0	0.0	0.0	0.0	0.0	0.0	1.0	0.0	0.0	0.0	0.0	
336	338	6405.10739674	2421.3	2421.3	0.000457	0.0	0	0	0	0	336	0	0	0	0	0.0	0.0	0.0	0.0	0.0	0.0	0.0	0.0	0.0	0.0	0.0	0.0	0.0	6212.65	0.0	0.0	0.0	0.0	0.0	0.0	0.0	0.0	18.49	0.0	0.0	0.0	0.0	0	0	0	0	33	0	0	0	0	0	0	0	0	0	0	0	0	0	0	0	0	0	303	0	0	0	0	0	0	0	0	0	0	0	0	0	0	0	0	0	0	0	0	0	0	0	0	0	0	0	0	0	0	0	0.0	0.0	0.0	0.0	0.0	0.0	0.0	0.0	0.0	0.0	0.0	0.0	0.0	1.0	0.0	0.0	0.0	0.0	
337	339	6413.049763381	2421.3	2421.3	0.000448	0.0	0	0	0	0	337	0	0	0	0	0.0	0.0	0.0	0.0	0.0	0.0	0.0	0.0	0.0	0.0	0.0	0.0	0.0	6220.59	0.0	0.0	0.0	0.0	0.0	0.0	0.0	0.0	18.4587	0.0	0.0	0.0	0.0	0	0	0	0	33	0	0	0	0	0	0	0	0	0	0	0	0	0	0	0	0	0	304	0	0	0	0	0	0	0	0	0	0	0	0	0	0	0	0	0	0	0	0	0	0	0	0	0	0	0	0	0	0	0	0.0	0.0	0.0	0.0	0.0	0.0	0.0	0.0	0.0	0.0	0.0	0.0	0.0	1.0	0.0	0.0	0.0	0.0	
338	340	6419.510207942	2421.3	2421.3	0.000441	0.0	0	0	0	0	338	0	0	0	0	0.0	0.0	0.0	0.0	0.0	0.0	0.0	0.0	0.0	0.0	0.0	0.0	0.0	6227.05	0.0	0.0	0.0	0.0	0.0	0.0	0.0	0.0	18.4232	0.0	0.0	0.0	0.0	0	0	0	0	33	0	0	0	0	0	0	0	0	0	0	0	0	0	0	0	0	0	305	0	0	0	0	0	0	0	0	0	0	0	0	0	0	0	0	0	0	0	0	0	0	0	0	0	0	0	0	0	0	0	0.0	0.0	0.0	0.0	0.0	0.0	0.0	0.0	0.0	0.0	0.0	0.0	0.0	1.0	0.0	0.0	0.0	0.0	
339	341	6427.588163232	2421.3	2421.3	0.000435	0.0	0	0	0	0	339	0	0	0	0	0.0	0.0	0.0	0.0	0.0	0.0	0.0	0.0	0.0	0.0	0.0	0.0	0.0	6235.13	0.0	0.0	0.0	0.0	0.0	0.0	0.0	0.0	18.3927	0.0	0.0	0.0	0.0	0	0	0	0	33	0	0	0	0	0	0	0	0	0	0	0	0	0	0	0	0	0	306	0	0	0	0	0	0	0	0	0	0	0	0	0	0	0	0	0	0	0	0	0	0	0	0	0	0	0	0	0	0	0	0.0	0.0	0.0	0.0	0.0	0.0	0.0	0.0	0.0	0.0	0.0	0.0	0.0	1.0	0.0	0.0	0.0	0.0	
340	342	6439.119409042	2421.3	2421.3	0.000429	0.0	0	0	0	0	340	0	0	0	0	0.0	0.0	0.0	0.0	0.0	0.0	0.0	0.0	0.0	0.0	0.0	0.0	0.0	6246.66	0.0	0.0	0.0	0.0	0.0	0.0	0.0	0.0	18.3725	0.0	0.0	0.0	0.0	0	0	0	0	33	0	0	0	0	0	0	0	0	0	0	0	0	0	0	0	0	0	307	0	0	0	0	0	0	0	0	0	0	0	0	0	0	0	0	0	0	0	0	0	0	0	0	0	0	0	0	0	0	0	0.0	0.0	0.0	0.0	0.0	0.0	0.0	0.0	0.0	0.0	0.0	0.0	0.0	1.0	0.0	0.0	0.0	0.0	
341	343	6496.303670076	2421.3	2421.3	0.000419	0.0	0	0	0	0	341	0	0	0	0	0.0	0.0	0.0	0.0	0.0	0.0	0.0	0.0	0.0	0.0	0.0	0.0	0.0	6303.84	0.0	0.0	0.0	0.0	0.0	0.0	0.0	0.0	18.4863	0.0	0.0	0.0	0.0	0	0	0	0	33	0	0	0	0	0	0	0	0	0	0	0	0	0	0	0	0	0	308	0	0	0	0	0	0	0	0	0	0	0	0	0	0	0	0	0	0	0	0	0	0	0	0	0	0	0	0	0	0	0	0.0	0.0	0.0	0.0	0.0	0.0	0.0	0.0	0.0	0.0	0.0	0.0	0.0	1.0	0.0	0.0	0.0	0.0	
342	344	6500.82110918	2421.3	2421.3	0.000376	0.0	0	0	0	0	342	0	0	0	0	0.0	0.0	0.0	0.0	0.0	0.0	0.0	0.0	0.0	0.0	0.0	0.0	0.0	6308.36	0.0	0.0	0.0	0.0	0.0	0.0	0.0	0.0	18.4455	0.0	0.0	0.0	0.0	0	0	0	0	33	0	0	0	0	0	0	0	0	0	0	0	0	0	0	0	0	0	309	0	0	0	0	0	0	0	0	0	0	0	0	0	0	0	0	0	0	0	0	0	0	0	0	0	0	0	0	0	0	0	0.0	0.0	0.0	0.0	0.0	0.0	0.0	0.0	0.0	0.0	0.0	0.0	0.0	1.0	0.0	0.0	0.0	0.0	
343	345	6511.227265418	2421.3	2421.3	0.000372	0.0	0	0	0	0	343	0	0	0	0	0.0	0.0	0.0	0.0	0.0	0.0	0.0	0.0	0.0	0.0	0.0	0.0	0.0	6318.77	0.0	0.0	0.0	0.0	0.0	0.0	0.0	0.0	18.4221	0.0	0.0	0.0	0.0	0	0	0	0	33	0	0	0	0	0	0	0	0	0	0	0	0	0	0	0	0	0	310	0	0	0	0	0	0	0	0	0	0	0	0	0	0	0	0	0	0	0	0	0	0	0	0	0	0	0	0	0	0	0	0.0	0.0	0.0	0.0	0.0	0.0	0.0	0.0	0.0	0.0	0.0	0.0	0.0	1.0	0.0	0.0	0.0	0.0	
344	346	6516.205592075	2421.3	2421.3	0.000365	0.0	0	0	0	0	344	0	0	0	0	0.0	0.0	0.0	0.0	0.0	0.0	0.0	0.0	0.0	0.0	0.0	0.0	0.0	6323.75	0.0	0.0	0.0	0.0	0.0	0.0	0.0	0.0	18.383	0.0	0.0	0.0	0.0	0	0	0	0	33	0	0	0	0	0	0	0	0	0	0	0	0	0	0	0	0	0	311	0	0	0	0	0	0	0	0	0	0	0	0	0	0	0	0	0	0	0	0	0	0	0	0	0	0	0	0	0	0	0	0.0	0.0	0.0	0.0	0.0	0.0	0.0	0.0	0.0	0.0	0.0	0.0	0.0	1.0	0.0	0.0	0.0	0.0	
345	347	6532.599389461	2421.3	2421.3	0.000362	0.0	0	0	0	0	345	0	0	0	0	0.0	0.0	0.0	0.0	0.0	0.0	0.0	0.0	0.0	0.0	0.0	0.0	0.0	6340.14	0.0	0.0	0.0	0.0	0.0	0.0	0.0	0.0	18.3772	0.0	0.0	0.0	0.0	0	0	0	0	33	0	0	0	0	0	0	0	0	0	0	0	0	0	0	0	0	0	312	0	0	0	0	0	0	0	0	0	0	0	0	0	0	0	0	0	0	0	0	0	0	0	0	0	0	0	0	0	0	0	0.0	0.0	0.0	0.0	0.0	0.0	0.0	0.0	0.0	0.0	0.0	0.0	0.0	1.0	0.0	0.0	0.0	0.0	
346	348	6536.409466055	2421.3	2421.3	0.00035	0.0	0	0	0	0	346	0	0	0	0	0.0	0.0	0.0	0.0	0.0	0.0	0.0	0.0	0.0	0.0	0.0	0.0	0.0	6343.95	0.0	0.0	0.0	0.0	0.0	0.0	0.0	0.0	18.3351	0.0	0.0	0.0	0.0	0	0	0	0	33	0	0	0	0	0	0	0	0	0	0	0	0	0	0	0	0	0	313	0	0	0	0	0	0	0	0	0	0	0	0	0	0	0	0	0	0	0	0	0	0	0	0	0	0	0	0	0	0	0	0.0	0.0	0.0	0.0	0.0	0.0	0.0	0.0	0.0	0.0	0.0	0.0	0.0	1.0	0.0	0.0	0.0	0.0	
347	349	6538.264987421	2421.3	2421.3	0.000348	0.0	0	0	0	0	347	0	0	0	0	0.0	0.0	0.0	0.0	0.0	0.0	0.0	0.0	0.0	0.0	0.0	0.0	0.0	6345.8	0.0	0.0	0.0	0.0	0.0	0.0	0.0	0.0	18.2876	0.0	0.0	0.0	0.0	0	0	0	0	33	0	0	0	0	0	0	0	0	0	0	0	0	0	0	0	0	0	314	0	0	0	0	0	0	0	0	0	0	0	0	0	0	0	0	0	0	0	0	0	0	0	0	0	0	0	0	0	0	0	0.0	0.0	0.0	0.0	0.0	0.0	0.0	0.0	0.0	0.0	0.0	0.0	0.0	1.0	0.0	0.0	0.0	0.0	
348	350	6543.055055573	2421.3	2421.3	0.000347	0.0	0	0	0	0	348	0	0	0	0	0.0	0.0	0.0	0.0	0.0	0.0	0.0	0.0	0.0	0.0	0.0	0.0	0.0	6350.59	0.0	0.0	0.0	0.0	0.0	0.0	0.0	0.0	18.2488	0.0	0.0	0.0	0.0	0	0	0	0	33	0	0	0	0	0	0	0	0	0	0	0	0	0	0	0	0	0	315	0	0	0	0	0	0	0	0	0	0	0	0	0	0	0	0	0	0	0	0	0	0	0	0	0	0	0	0	0	0	0	0.0	0.0	0.0	0.0	0.0	0.0	0.0	0.0	0.0	0.0	0.0	0.0	0.0	1.0	0.0	0.0	0.0	0.0	
349	351	6547.183537932	2421.3	2421.3	0.000343	0.0	0	0	0	0	349	0	0	0	0	0.0	0.0	0.0	0.0	0.0	0.0	0.0	0.0	0.0	0.0	0.0	0.0	0.0	6354.72	0.0	0.0	0.0	0.0	0.0	0.0	0.0	0.0	18.2084	0.0	0.0	0.0	0.0	0	0	0	0	33	0	0	0	0	0	0	0	0	0	0	0	0	0	0	0	0	0	316	0	0	0	0	0	0	0	0	0	0	0	0	0	0	0	0	0	0	0	0	0	0	0	0	0	0	0	0	0	0	0	0.0	0.0	0.0	0.0	0.0	0.0	0.0	0.0	0.0	0.0	0.0	0.0	0.0	1.0	0.0	0.0	0.0	0.0	
350	352	6550.97047216	2421.3	2421.3	0.000341	0.0	0	0	0	0	350	0	0	0	0	0.0	0.0	0.0	0.0	0.0	0.0	0.0	0.0	0.0	0.0	0.0	0.0	0.0	6358.51	0.0	0.0	0.0	0.0	0.0	0.0	0.0	0.0	18.1672	0.0	0.0	0.0	0.0	0	0	0	0	33	0	0	0	0	0	0	0	0	0	0	0	0	0	0	0	0	0	317	0	0	0	0	0	0	0	0	0	0	0	0	0	0	0	0	0	0	0	0	0	0	0	0	0	0	0	0	0	0	0	0.0	0.0	0.0	0.0	0.0	0.0	0.0	0.0	0.0	0.0	0.0	0.0	0.0	1.0	0.0	0.0	0.0	0.0	
351	353	6556.30064008	2421.3	2421.3	0.000338	0.0	0	0	0	0	351	0	0	0	0	0.0	0.0	0.0	0.0	0.0	0.0	0.0	0.0	0.0	0.0	0.0	0.0	0.0	6363.84	0.0	0.0	0.0	0.0	0.0	0.0	0.0	0.0	18.1306	0.0	0.0	0.0	0.0	0	0	0	0	33	0	0	0	0	0	0	0	0	0	0	0	0	0	0	0	0	0	318	0	0	0	0	0	0	0	0	0	0	0	0	0	0	0	0	0	0	0	0	0	0	0	0	0	0	0	0	0	0	0	0.0	0.0	0.0	0.0	0.0	0.0	0.0	0.0	0.0	0.0	0.0	0.0	0.0	1.0	0.0	0.0	0.0	0.0	
352	354	6557.307124345	2421.3	2421.3	0.000335	0.0	0	0	0	0	352	0	0	0	0	0.0	0.0	0.0	0.0	0.0	0.0	0.0	0.0	0.0	0.0	0.0	0.0	0.0	6364.85	0.0	0.0	0.0	0.0	0.0	0.0	0.0	0.0	18.082	0.0	0.0	0.0	0.0	0	0	0	0	33	0	0	0	0	0	0	0	0	0	0	0	0	0	0	0	0	0	319	0	0	0	0	0	0	0	0	0	0	0	0	0	0	0	0	0	0	0	0	0	0	0	0	0	0	0	0	0	0	0	0.0	0.0	0.0	0.0	0.0	0.0	0.0	0.0	0.0	0.0	0.0	0.0	0.0	1.0	0.0	0.0	0.0	0.0	
353	355	6561.886529594	2421.3	2421.3	0.000334	0.0	0	0	0	0	353	0	0	0	0	0.0	0.0	0.0	0.0	0.0	0.0	0.0	0.0	0.0	0.0	0.0	0.0	0.0	6369.43	0.0	0.0	0.0	0.0	0.0	0.0	0.0	0.0	18.0437	0.0	0.0	0.0	0.0	0	0	0	0	33	0	0	0	0	0	0	0	0	0	0	0	0	0	0	0	0	0	320	0	0	0	0	0	0	0	0	0	0	0	0	0	0	0	0	0	0	0	0	0	0	0	0	0	0	0	0	0	0	0	0.0	0.0	0.0	0.0	0.0	0.0	0.0	0.0	0.0	0.0	0.0	0.0	0.0	1.0	0.0	0.0	0.0	0.0	
354	356	6573.966554345	2421.3	2421.3	0.000331	0.0	0	0	0	0	354	0	0	0	0	0.0	0.0	0.0	0.0	0.0	0.0	0.0	0.0	0.0	0.0	0.0	0.0	0.0	6381.51	0.0	0.0	0.0	0.0	0.0	0.0	0.0	0.0	18.0269	0.0	0.0	0.0	0.0	0	0	0	0	33	0	0	0	0	0	0	0	0	0	0	0	0	0	0	0	0	0	321	0	0	0	0	0	0	0	0	0	0	0	0	0	0	0	0	0	0	0	0	0	0	0	0	0	0	0	0	0	0	0	0.0	0.0	0.0	0.0	0.0	0.0	0.0	0.0	0.0	0.0	0.0	0.0	0.0	1.0	0.0	0.0	0.0	0.0	
355	357	6585.295566324	2421.3	2421.3	0.000324	0.0	0	0	0	0	355	0	0	0	0	0.0	0.0	0.0	0.0	0.0	0.0	0.0	0.0	0.0	0.0	0.0	0.0	0.0	6392.83	0.0	0.0	0.0	0.0	0.0	0.0	0.0	0.0	18.008	0.0	0.0	0.0	0.0	0	0	0	0	33	0	0	0	0	0	0	0	0	0	0	0	0	0	0	0	0	0	322	0	0	0	0	0	0	0	0	0	0	0	0	0	0	0	0	0	0	0	0	0	0	0	0	0	0	0	0	0	0	0	0.0	0.0	0.0	0.0	0.0	0.0	0.0	0.0	0.0	0.0	0.0	0.0	0.0	1.0	0.0	0.0	0.0	0.0	
356	358	6727.311644972	2421.3	2421.3	0.000317	0.0	0	0	0	0	356	0	0	0	0	0.0	0.0	0.0	0.0	0.0	0.0	0.0	0.0	0.0	0.0	0.0	0.0	0.0	6534.85	0.0	0.0	0.0	0.0	0.0	0.0	0.0	0.0	18.3563	0.0	0.0	0.0	0.0	0	0	0	0	33	0	0	0	0	0	0	0	0	0	0	0	0	0	0	0	0	0	323	0	0	0	0	0	0	0	0	0	0	0	0	0	0	0	0	0	0	0	0	0	0	0	0	0	0	0	0	0	0	0	0.0	0.0	0.0	0.0	0.0	0.0	0.0	0.0	0.0	0.0	0.0	0.0	0.0	1.0	0.0	0.0	0.0	0.0	
357	359	6742.179526265	2421.3	2421.3	0.000241	0.0	0	0	0	0	357	0	0	0	0	0.0	0.0	0.0	0.0	0.0	0.0	0.0	0.0	0.0	0.0	0.0	0.0	0.0	6549.72	0.0	0.0	0.0	0.0	0.0	0.0	0.0	0.0	18.3466	0.0	0.0	0.0	0.0	0	0	0	0	33	0	0	0	0	0	0	0	0	0	0	0	0	0	0	0	0	0	324	0	0	0	0	0	0	0	0	0	0	0	0	0	0	0	0	0	0	0	0	0	0	0	0	0	0	0	0	0	0	0	0.0	0.0	0.0	0.0	0.0	0.0	0.0	0.0	0.0	0.0	0.0	0.0	0.0	1.0	0.0	0.0	0.0	0.0	
358	360	6756.369731983	2421.3	2421.3	0.000234	0.0	0	0	0	0	358	0	0	0	0	0.0	0.0	0.0	0.0	0.0	0.0	0.0	0.0	0.0	0.0	0.0	0.0	0.0	6563.91	0.0	0.0	0.0	0.0	0.0	0.0	0.0	0.0	18.3349	0.0	0.0	0.0	0.0	0	0	0	0	33	0	0	0	0	0	0	0	0	0	0	0	0	0	0	0	0	0	325	0	0	0	0	0	0	0	0	0	0	0	0	0	0	0	0	0	0	0	0	0	0	0	0	0	0	0	0	0	0	0	0.0	0.0	0.0	0.0	0.0	0.0	0.0	0.0	0.0	0.0	0.0	0.0	0.0	1.0	0.0	0.0	0.0	0.0	
359	361	6776.5503196	2421.3	2421.3	0.000228	0.0	0	0	0	0	359	0	0	0	0	0.0	0.0	0.0	0.0	0.0	0.0	0.0	0.0	0.0	0.0	0.0	0.0	0.0	6584.09	0.0	0.0	0.0	0.0	0.0	0.0	0.0	0.0	18.3401	0.0	0.0	0.0	0.0	0	0	0	0	33	0	0	0	0	0	0	0	0	0	0	0	0	0	0	0	0	0	326	0	0	0	0	0	0	0	0	0	0	0	0	0	0	0	0	0	0	0	0	0	0	0	0	0	0	0	0	0	0	0	0.0	0.0	0.0	0.0	0.0	0.0	0.0	0.0	0.0	0.0	0.0	0.0	0.0	1.0	0.0	0.0	0.0	0.0	
360	362	6782.042371912	2421.3	2421.3	0.000219	0.0	0	0	0	0	360	0	0	0	0	0.0	0.0	0.0	0.0	0.0	0.0	0.0	0.0	0.0	0.0	0.0	0.0	0.0	6589.58	0.0	0.0	0.0	0.0	0.0	0.0	0.0	0.0	18.3044	0.0	0.0	0.0	0.0	0	0	0	0	33	0	0	0	0	0	0	0	0	0	0	0	0	0	0	0	0	0	327	0	0	0	0	0	0	0	0	0	0	0	0	0	0	0	0	0	0	0	0	0	0	0	0	0	0	0	0	0	0	0	0.0	0.0	0.0	0.0	0.0	0.0	0.0	0.0	0.0	0.0	0.0	0.0	0.0	1.0	0.0	0.0	0.0	0.0	
361	363	6791.409334317	2421.3	2421.3	0.000217	0.0	0	0	0	0	361	0	0	0	0	0.0	0.0	0.0	0.0	0.0	0.0	0.0	0.0	0.0	0.0	0.0	0.0	0.0	6598.95	0.0	0.0	0.0	0.0	0.0	0.0	0.0	0.0	18.2796	0.0	0.0	0.0	0.0	0	0	0	0	33	0	0	0	0	0	0	0	0	0	0	0	0	0	0	0	0	0	328	0	0	0	0	0	0	0	0	0	0	0	0	0	0	0	0	0	0	0	0	0	0	0	0	0	0	0	0	0	0	0	0.0	0.0	0.0	0.0	0.0	0.0	0.0	0.0	0.0	0.0	0.0	0.0	0.0	1.0	0.0	0.0	0.0	0.0	
362	364	6794.530213351	2421.3	2421.3	0.000213	0.0	0	0	0	0	362	0	0	0	0	0.0	0.0	0.0	0.0	0.0	0.0	0.0	0.0	0.0	0.0	0.0	0.0	0.0	6602.07	0.0	0.0	0.0	0.0	0.0	0.0	0.0	0.0	18.2378	0.0	0.0	0.0	0.0	0	0	0	0	33	0	0	0	0	0	0	0	0	0	0	0	0	0	0	0	0	0	329	0	0	0	0	0	0	0	0	0	0	0	0	0	0	0	0	0	0	0	0	0	0	0	0	0	0	0	0	0	0	0	0.0	0.0	0.0	0.0	0.0	0.0	0.0	0.0	0.0	0.0	0.0	0.0	0.0	1.0	0.0	0.0	0.0	0.0	
363	365	6802.202691993	2421.3	2421.3	0.000212	0.0	0	0	0	0	363	0	0	0	0	0.0	0.0	0.0	0.0	0.0	0.0	0.0	0.0	0.0	0.0	0.0	0.0	0.0	6609.74	0.0	0.0	0.0	0.0	0.0	0.0	0.0	0.0	18.2087	0.0	0.0	0.0	0.0	0	0	0	0	33	0	0	0	0	0	0	0	0	0	0	0	0	0	0	0	0	0	330	0	0	0	0	0	0	0	0	0	0	0	0	0	0	0	0	0	0	0	0	0	0	0	0	0	0	0	0	0	0	0	0.0	0.0	0.0	0.0	0.0	0.0	0.0	0.0	0.0	0.0	0.0	0.0	0.0	1.0	0.0	0.0	0.0	0.0	
364	366	6804.376883919	2421.3	2421.3	0.000209	0.0	0	0	0	0	364	0	0	0	0	0.0	0.0	0.0	0.0	0.0	0.0	0.0	0.0	0.0	0.0	0.0	0.0	0.0	6611.92	0.0	0.0	0.0	0.0	0.0	0.0	0.0	0.0	18.1646	0.0	0.0	0.0	0.0	0	0	0	0	33	0	0	0	0	0	0	0	0	0	0	0	0	0	0	0	0	0	331	0	0	0	0	0	0	0	0	0	0	0	0	0	0	0	0	0	0	0	0	0	0	0	0	0	0	0	0	0	0	0	0.0	0.0	0.0	0.0	0.0	0.0	0.0	0.0	0.0	0.0	0.0	0.0	0.0	1.0	0.0	0.0	0.0	0.0	
365	367	6812.325720923	2421.3	2421.3	0.000208	0.0	0	0	0	0	365	0	0	0	0	0.0	0.0	0.0	0.0	0.0	0.0	0.0	0.0	0.0	0.0	0.0	0.0	0.0	6619.86	0.0	0.0	0.0	0.0	0.0	0.0	0.0	0.0	18.1366	0.0	0.0	0.0	0.0	0	0	0	0	33	0	0	0	0	0	0	0	0	0	0	0	0	0	0	0	0	0	332	0	0	0	0	0	0	0	0	0	0	0	0	0	0	0	0	0	0	0	0	0	0	0	0	0	0	0	0	0	0	0	0.0	0.0	0.0	0.0	0.0	0.0	0.0	0.0	0.0	0.0	0.0	0.0	0.0	1.0	0.0	0.0	0.0	0.0	
366	368	6822.10913503	2421.3	2421.3	0.000205	0.0	0	0	0	0	366	0	0	0	0	0.0	0.0	0.0	0.0	0.0	0.0	0.0	0.0	0.0	0.0	0.0	0.0	0.0	6629.65	0.0	0.0	0.0	0.0	0.0	0.0	0.0	0.0	18.1138	0.0	0.0	0.0	0.0	0	0	0	0	33	0	0	0	0	0	0	0	0	0	0	0	0	0	0	0	0	0	333	0	0	0	0	0	0	0	0	0	0	0	0	0	0	0	0	0	0	0	0	0	0	0	0	0	0	0	0	0	0	0	0.0	0.0	0.0	0.0	0.0	0.0	0.0	0.0	0.0	0.0	0.0	0.0	0.0	1.0	0.0	0.0	0.0	0.0	
367	369	6825.44119237	2421.3	2421.3	0.000201	0.0	0	0	0	0	367	0	0	0	0	0.0	0.0	0.0	0.0	0.0	0.0	0.0	0.0	0.0	0.0	0.0	0.0	0.0	6632.98	0.0	0.0	0.0	0.0	0.0	0.0	0.0	0.0	18.0735	0.0	0.0	0.0	0.0	0	0	0	0	33	0	0	0	0	0	0	0	0	0	0	0	0	0	0	0	0	0	334	0	0	0	0	0	0	0	0	0	0	0	0	0	0	0	0	0	0	0	0	0	0	0	0	0	0	0	0	0	0	0	0.0	0.0	0.0	0.0	0.0	0.0	0.0	0.0	0.0	0.0	0.0	0.0	0.0	1.0	0.0	0.0	0.0	0.0	
368	370	6827.749207219	2421.3	2421.3	0.0002	0.0	0	0	0	0	368	0	0	0	0	0.0	0.0	0.0	0.0	0.0	0.0	0.0	0.0	0.0	0.0	0.0	0.0	0.0	6635.29	0.0	0.0	0.0	0.0	0.0	0.0	0.0	0.0	18.0307	0.0	0.0	0.0	0.0	0	0	0	0	33	0	0	0	0	0	0	0	0	0	0	0	0	0	0	0	0	0	335	0	0	0	0	0	0	0	0	0	0	0	0	0	0	0	0	0	0	0	0	0	0	0	0	0	0	0	0	0	0	0	0.0	0.0	0.0	0.0	0.0	0.0	0.0	0.0	0.0	0.0	0.0	0.0	0.0	1.0	0.0	0.0	0.0	0.0	
369	371	6831.944786205	2421.3	2421.3	0.000199	0.0	0	0	0	0	369	0	0	0	0	0.0	0.0	0.0	0.0	0.0	0.0	0.0	0.0	0.0	0.0	0.0	0.0	0.0	6639.48	0.0	0.0	0.0	0.0	0.0	0.0	0.0	0.0	17.9932	0.0	0.0	0.0	0.0	0	0	0	0	33	0	0	0	0	0	0	0	0	0	0	0	0	0	0	0	0	0	336	0	0	0	0	0	0	0	0	0	0	0	0	0	0	0	0	0	0	0	0	0	0	0	0	0	0	0	0	0	0	0	0.0	0.0	0.0	0.0	0.0	0.0	0.0	0.0	0.0	0.0	0.0	0.0	0.0	1.0	0.0	0.0	0.0	0.0	
370	372	6837.210270467	2421.3	2421.3	0.000197	0.0	0	0	0	0	370	0	0	0	0	0.0	0.0	0.0	0.0	0.0	0.0	0.0	0.0	0.0	0.0	0.0	0.0	0.0	6644.75	0.0	0.0	0.0	0.0	0.0	0.0	0.0	0.0	17.9588	0.0	0.0	0.0	0.0	0	0	0	0	33	0	0	0	0	0	0	0	0	0	0	0	0	0	0	0	0	0	337	0	0	0	0	0	0	0	0	0	0	0	0	0	0	0	0	0	0	0	0	0	0	0	0	0	0	0	0	0	0	0	0.0	0.0	0.0	0.0	0.0	0.0	0.0	0.0	0.0	0.0	0.0	0.0	0.0	1.0	0.0	0.0	0.0	0.0	
371	373	6840.536574331	2421.3	2421.3	0.000195	0.0	0	0	0	0	371	0	0	0	0	0.0	0.0	0.0	0.0	0.0	0.0	0.0	0.0	0.0	0.0	0.0	0.0	0.0	6648.08	0.0	0.0	0.0	0.0	0.0	0.0	0.0	0.0	17.9193	0.0	0.0	0.0	0.0	0	0	0	0	33	0	0	0	0	0	0	0	0	0	0	0	0	0	0	0	0	0	338	0	0	0	0	0	0	0	0	0	0	0	0	0	0	0	0	0	0	0	0	0	0	0	0	0	0	0	0	0	0	0	0.0	0.0	0.0	0.0	0.0	0.0	0.0	0.0	0.0	0.0	0.0	0.0	0.0	1.0	0.0	0.0	0.0	0.0	
372	374	6857.116122117	2421.3	2421.3	0.000194	0.0	0	0	0	0	372	0	0	0	0	0.0	0.0	0.0	0.0	0.0	0.0	0.0	0.0	0.0	0.0	0.0	0.0	0.0	6664.66	0.0	0.0	0.0	0.0	0.0	0.0	0.0	0.0	17.9157	0.0	0.0	0.0	0.0	0	0	0	0	33	0	0	0	0	0	0	0	0	0	0	0	0	0	0	0	0	0	339	0	0	0	0	0	0	0	0	0	0	0	0	0	0	0	0	0	0	0	0	0	0	0	0	0	0	0	0	0	0	0	0.0	0.0	0.0	0.0	0.0	0.0	0.0	0.0	0.0	0.0	0.0	0.0	0.0	1.0	0.0	0.0	0.0	0.0	
373	375	6874.403621109	2421.3	2421.3	0.000188	0.0	0	0	0	0	373	0	0	0	0	0.0	0.0	0.0	0.0	0.0	0.0	0.0	0.0	0.0	0.0	0.0	0.0	0.0	6681.94	0.0	0.0	0.0	0.0	0.0	0.0	0.0	0.0	17.9141	0.0	0.0	0.0	0.0	0	0	0	0	33	0	0	0	0	0	0	0	0	0	0	0	0	0	0	0	0	0	340	0	0	0	0	0	0	0	0	0	0	0	0	0	0	0	0	0	0	0	0	0	0	0	0	0	0	0	0	0	0	0	0.0	0.0	0.0	0.0	0.0	0.0	0.0	0.0	0.0	0.0	0.0	0.0	0.0	1.0	0.0	0.0	0.0	0.0	
374	376	6877.927949578	2421.3	2421.3	0.000182	0.0	0	0	0	0	374	0	0	0	0	0.0	0.0	0.0	0.0	0.0	0.0	0.0	0.0	0.0	0.0	0.0	0.0	0.0	6685.47	0.0	0.0	0.0	0.0	0.0	0.0	0.0	0.0	17.8756	0.0	0.0	0.0	0.0	0	0	0	0	33	0	0	0	0	0	0	0	0	0	0	0	0	0	0	0	0	0	341	0	0	0	0	0	0	0	0	0	0	0	0	0	0	0	0	0	0	0	0	0	0	0	0	0	0	0	0	0	0	0	0.0	0.0	0.0	0.0	0.0	0.0	0.0	0.0	0.0	0.0	0.0	0.0	0.0	1.0	0.0	0.0	0.0	0.0	
375	377	6918.906960312	2421.3	2421.3	0.00018	0.0	0	0	0	0	375	0	0	0	0	0.0	0.0	0.0	0.0	0.0	0.0	0.0	0.0	0.0	0.0	0.0	0.0	0.0	6726.45	0.0	0.0	0.0	0.0	0.0	0.0	0.0	0.0	17.9372	0.0	0.0	0.0	0.0	0	0	0	0	33	0	0	0	0	0	0	0	0	0	0	0	0	0	0	0	0	0	342	0	0	0	0	0	0	0	0	0	0	0	0	0	0	0	0	0	0	0	0	0	0	0	0	0	0	0	0	0	0	0	0.0	0.0	0.0	0.0	0.0	0.0	0.0	0.0	0.0	0.0	0.0	0.0	0.0	1.0	0.0	0.0	0.0	0.0	
376	378	6927.893616421	2421.3	2421.3	0.000167	0.0	0	0	0	0	376	0	0	0	0	0.0	0.0	0.0	0.0	0.0	0.0	0.0	0.0	0.0	0.0	0.0	0.0	0.0	6735.43	0.0	0.0	0.0	0.0	0.0	0.0	0.0	0.0	17.9134	0.0	0.0	0.0	0.0	0	0	0	0	33	0	0	0	0	0	0	0	0	0	0	0	0	0	0	0	0	0	343	0	0	0	0	0	0	0	0	0	0	0	0	0	0	0	0	0	0	0	0	0	0	0	0	0	0	0	0	0	0	0	0.0	0.0	0.0	0.0	0.0	0.0	0.0	0.0	0.0	0.0	0.0	0.0	0.0	1.0	0.0	0.0	0.0	0.0	
377	379	6931.997773058	2421.3	2421.3	0.000164	0.0	0	0	0	0	377	0	0	0	0	0.0	0.0	0.0	0.0	0.0	0.0	0.0	0.0	0.0	0.0	0.0	0.0	0.0	6739.54	0.0	0.0	0.0	0.0	0.0	0.0	0.0	0.0	17.8768	0.0	0.0	0.0	0.0	0	0	0	0	33	0	0	0	0	0	0	0	0	0	0	0	0	0	0	0	0	0	344	0	0	0	0	0	0	0	0	0	0	0	0	0	0	0	0	0	0	0	0	0	0	0	0	0	0	0	0	0	0	0	0.0	0.0	0.0	0.0	0.0	0.0	0.0	0.0	0.0	0.0	0.0	0.0	0.0	1.0	0.0	0.0	0.0	0.0	
378	380	6951.562171956	2421.3	2421.3	0.000163	0.0	0	0	0	0	378	0	0	0	0	0.0	0.0	0.0	0.0	0.0	0.0	0.0	0.0	0.0	0.0	0.0	0.0	0.0	6759.1	0.0	0.0	0.0	0.0	0.0	0.0	0.0	0.0	17.8812	0.0	0.0	0.0	0.0	0	0	0	0	33	0	0	0	0	0	0	0	0	0	0	0	0	0	0	0	0	0	345	0	0	0	0	0	0	0	0	0	0	0	0	0	0	0	0	0	0	0	0	0	0	0	0	0	0	0	0	0	0	0	0.0	0.0	0.0	0.0	0.0	0.0	0.0	0.0	0.0	0.0	0.0	0.0	0.0	1.0	0.0	0.0	0.0	0.0	
379	381	6955.449293268	2421.3	2421.3	0.000157	0.0	0	0	0	0	379	0	0	0	0	0.0	0.0	0.0	0.0	0.0	0.0	0.0	0.0	0.0	0.0	0.0	0.0	0.0	6762.99	0.0	0.0	0.0	0.0	0.0	0.0	0.0	0.0	17.8443	0.0	0.0	0.0	0.0	0	0	0	0	33	0	0	0	0	0	0	0	0	0	0	0	0	0	0	0	0	0	346	0	0	0	0	0	0	0	0	0	0	0	0	0	0	0	0	0	0	0	0	0	0	0	0	0	0	0	0	0	0	0	0.0	0.0	0.0	0.0	0.0	0.0	0.0	0.0	0.0	0.0	0.0	0.0	0.0	1.0	0.0	0.0	0.0	0.0	
380	382	6961.590897311	2421.3	2421.3	0.000155	0.0	0	0	0	0	380	0	0	0	0	0.0	0.0	0.0	0.0	0.0	0.0	0.0	0.0	0.0	0.0	0.0	0.0	0.0	6769.13	0.0	0.0	0.0	0.0	0.0	0.0	0.0	0.0	17.8135	0.0	0.0	0.0	0.0	0	0	0	0	33	0	0	0	0	0	0	0	0	0	0	0	0	0	0	0	0	0	347	0	0	0	0	0	0	0	0	0	0	0	0	0	0	0	0	0	0	0	0	0	0	0	0	0	0	0	0	0	0	0	0.0	0.0	0.0	0.0	0.0	0.0	0.0	0.0	0.0	0.0	0.0	0.0	0.0	1.0	0.0	0.0	0.0	0.0	
381	383	6972.077782594	2421.3	2421.3	0.000154	0.0	0	0	0	0	381	0	0	0	0	0.0	0.0	0.0	0.0	0.0	0.0	0.0	0.0	0.0	0.0	0.0	0.0	0.0	6779.62	0.0	0.0	0.0	0.0	0.0	0.0	0.0	0.0	17.7943	0.0	0.0	0.0	0.0	0	0	0	0	33	0	0	0	0	0	0	0	0	0	0	0	0	0	0	0	0	0	348	0	0	0	0	0	0	0	0	0	0	0	0	0	0	0	0	0	0	0	0	0	0	0	0	0	0	0	0	0	0	0	0.0	0.0	0.0	0.0	0.0	0.0	0.0	0.0	0.0	0.0	0.0	0.0	0.0	1.0	0.0	0.0	0.0	0.0	
382	384	6979.425343803	2421.3	2421.3	0.00015	0.0	0	0	0	0	382	0	0	0	0	0.0	0.0	0.0	0.0	0.0	0.0	0.0	0.0	0.0	0.0	0.0	0.0	0.0	6786.96	0.0	0.0	0.0	0.0	0.0	0.0	0.0	0.0	17.7669	0.0	0.0	0.0	0.0	0	0	0	0	33	0	0	0	0	0	0	0	0	0	0	0	0	0	0	0	0	0	349	0	0	0	0	0	0	0	0	0	0	0	0	0	0	0	0	0	0	0	0	0	0	0	0	0	0	0	0	0	0	0	0.0	0.0	0.0	0.0	0.0	0.0	0.0	0.0	0.0	0.0	0.0	0.0	0.0	1.0	0.0	0.0	0.0	0.0	
383	385	6981.674171537	2421.3	2421.3	0.000148	0.0	0	0	0	0	383	0	0	0	0	0.0	0.0	0.0	0.0	0.0	0.0	0.0	0.0	0.0	0.0	0.0	0.0	0.0	6789.21	0.0	0.0	0.0	0.0	0.0	0.0	0.0	0.0	17.7264	0.0	0.0	0.0	0.0	0	0	0	0	33	0	0	0	0	0	0	0	0	0	0	0	0	0	0	0	0	0	350	0	0	0	0	0	0	0	0	0	0	0	0	0	0	0	0	0	0	0	0	0	0	0	0	0	0	0	0	0	0	0	0.0	0.0	0.0	0.0	0.0	0.0	0.0	0.0	0.0	0.0	0.0	0.0	0.0	1.0	0.0	0.0	0.0	0.0	
384	386	6988.359801643	2421.3	2421.3	0.000148	0.0	0	0	0	0	384	0	0	0	0	0.0	0.0	0.0	0.0	0.0	0.0	0.0	0.0	0.0	0.0	0.0	0.0	0.0	6795.9	0.0	0.0	0.0	0.0	0.0	0.0	0.0	0.0	17.6977	0.0	0.0	0.0	0.0	0	0	0	0	33	0	0	0	0	0	0	0	0	0	0	0	0	0	0	0	0	0	351	0	0	0	0	0	0	0	0	0	0	0	0	0	0	0	0	0	0	0	0	0	0	0	0	0	0	0	0	0	0	0	0.0	0.0	0.0	0.0	0.0	0.0	0.0	0.0	0.0	0.0	0.0	0.0	0.0	1.0	0.0	0.0	0.0	0.0	
385	387	6996.638787028	2421.3	2421.3	0.000146	0.0	0	0	0	0	385	0	0	0	0	0.0	0.0	0.0	0.0	0.0	0.0	0.0	0.0	0.0	0.0	0.0	0.0	0.0	6804.18	0.0	0.0	0.0	0.0	0.0	0.0	0.0	0.0	17.6732	0.0	0.0	0.0	0.0	0	0	0	0	33	0	0	0	0	0	0	0	0	0	0	0	0	0	0	0	0	0	352	0	0	0	0	0	0	0	0	0	0	0	0	0	0	0	0	0	0	0	0	0	0	0	0	0	0	0	0	0	0	0	0.0	0.0	0.0	0.0	0.0	0.0	0.0	0.0	0.0	0.0	0.0	0.0	0.0	1.0	0.0	0.0	0.0	0.0	
386	388	7026.537914515	2421.3	2421.3	0.000144	0.0	0	0	0	0	386	0	0	0	0	0.0	0.0	0.0	0.0	0.0	0.0	0.0	0.0	0.0	0.0	0.0	0.0	0.0	6834.08	0.0	0.0	0.0	0.0	0.0	0.0	0.0	0.0	17.7049	0.0	0.0	0.0	0.0	0	0	0	0	33	0	0	0	0	0	0	0	0	0	0	0	0	0	0	0	0	0	353	0	0	0	0	0	0	0	0	0	0	0	0	0	0	0	0	0	0	0	0	0	0	0	0	0	0	0	0	0	0	0	0.0	0.0	0.0	0.0	0.0	0.0	0.0	0.0	0.0	0.0	0.0	0.0	0.0	1.0	0.0	0.0	0.0	0.0	
387	389	7039.991034994	2421.3	2421.3	0.000136	0.0	0	0	0	0	387	0	0	0	0	0.0	0.0	0.0	0.0	0.0	0.0	0.0	0.0	0.0	0.0	0.0	0.0	0.0	6847.53	0.0	0.0	0.0	0.0	0.0	0.0	0.0	0.0	17.6939	0.0	0.0	0.0	0.0	0	0	0	0	33	0	0	0	0	0	0	0	0	0	0	0	0	0	0	0	0	0	354	0	0	0	0	0	0	0	0	0	0	0	0	0	0	0	0	0	0	0	0	0	0	0	0	0	0	0	0	0	0	0	0.0	0.0	0.0	0.0	0.0	0.0	0.0	0.0	0.0	0.0	0.0	0.0	0.0	1.0	0.0	0.0	0.0	0.0	
388	390	7050.346508298	2421.3	2421.3	0.000132	0.0	0	0	0	0	388	0	0	0	0	0.0	0.0	0.0	0.0	0.0	0.0	0.0	0.0	0.0	0.0	0.0	0.0	0.0	6857.88	0.0	0.0	0.0	0.0	0.0	0.0	0.0	0.0	17.675	0.0	0.0	0.0	0.0	0	0	0	0	33	0	0	0	0	0	0	0	0	0	0	0	0	0	0	0	0	0	355	0	0	0	0	0	0	0	0	0	0	0	0	0	0	0	0	0	0	0	0	0	0	0	0	0	0	0	0	0	0	0	0.0	0.0	0.0	0.0	0.0	0.0	0.0	0.0	0.0	0.0	0.0	0.0	0.0	1.0	0.0	0.0	0.0	0.0	
389	391	7059.737707036	2421.3	2421.3	0.000129	0.0	0	0	0	0	389	0	0	0	0	0.0	0.0	0.0	0.0	0.0	0.0	0.0	0.0	0.0	0.0	0.0	0.0	0.0	6867.28	0.0	0.0	0.0	0.0	0.0	0.0	0.0	0.0	17.6537	0.0	0.0	0.0	0.0	0	0	0	0	33	0	0	0	0	0	0	0	0	0	0	0	0	0	0	0	0	0	356	0	0	0	0	0	0	0	0	0	0	0	0	0	0	0	0	0	0	0	0	0	0	0	0	0	0	0	0	0	0	0	0.0	0.0	0.0	0.0	0.0	0.0	0.0	0.0	0.0	0.0	0.0	0.0	0.0	1.0	0.0	0.0	0.0	0.0	
390	392	7067.314384631	2421.3	2421.3	0.000127	0.0	0	0	0	0	390	0	0	0	0	0.0	0.0	0.0	0.0	0.0	0.0	0.0	0.0	0.0	0.0	0.0	0.0	0.0	6874.85	0.0	0.0	0.0	0.0	0.0	0.0	0.0	0.0	17.6278	0.0	0.0	0.0	0.0	0	0	0	0	33	0	0	0	0	0	0	0	0	0	0	0	0	0	0	0	0	0	357	0	0	0	0	0	0	0	0	0	0	0	0	0	0	0	0	0	0	0	0	0	0	0	0	0	0	0	0	0	0	0	0.0	0.0	0.0	0.0	0.0	0.0	0.0	0.0	0.0	0.0	0.0	0.0	0.0	1.0	0.0	0.0	0.0	0.0	
391	393	7085.356931963	2421.3	2421.3	0.000125	0.0	0	0	0	0	391	0	0	0	0	0.0	0.0	0.0	0.0	0.0	0.0	0.0	0.0	0.0	0.0	0.0	0.0	0.0	6892.9	0.0	0.0	0.0	0.0	0.0	0.0	0.0	0.0	17.6289	0.0	0.0	0.0	0.0	0	0	0	0	33	0	0	0	0	0	0	0	0	0	0	0	0	0	0	0	0	0	358	0	0	0	0	0	0	0	0	0	0	0	0	0	0	0	0	0	0	0	0	0	0	0	0	0	0	0	0	0	0	0	0.0	0.0	0.0	0.0	0.0	0.0	0.0	0.0	0.0	0.0	0.0	0.0	0.0	1.0	0.0	0.0	0.0	0.0	
392	394	7088.80226015	2421.3	2421.3	0.000121	0.0	0	0	0	0	392	0	0	0	0	0.0	0.0	0.0	0.0	0.0	0.0	0.0	0.0	0.0	0.0	0.0	0.0	0.0	6896.34	0.0	0.0	0.0	0.0	0.0	0.0	0.0	0.0	17.5927	0.0	0.0	0.0	0.0	0	0	0	0	33	0	0	0	0	0	0	0	0	0	0	0	0	0	0	0	0	0	359	0	0	0	0	0	0	0	0	0	0	0	0	0	0	0	0	0	0	0	0	0	0	0	0	0	0	0	0	0	0	0	0.0	0.0	0.0	0.0	0.0	0.0	0.0	0.0	0.0	0.0	0.0	0.0	0.0	1.0	0.0	0.0	0.0	0.0	
393	395	7098.086768895	2421.3	2421.3	0.00012	0.0	0	0	0	0	393	0	0	0	0	0.0	0.0	0.0	0.0	0.0	0.0	0.0	0.0	0.0	0.0	0.0	0.0	0.0	6905.63	0.0	0.0	0.0	0.0	0.0	0.0	0.0	0.0	17.5716	0.0	0.0	0.0	0.0	0	0	0	0	33	0	0	0	0	0	0	0	0	0	0	0	0	0	0	0	0	0	360	0	0	0	0	0	0	0	0	0	0	0	0	0	0	0	0	0	0	0	0	0	0	0	0	0	0	0	0	0	0	0	0.0	0.0	0.0	0.0	0.0	0.0	0.0	0.0	0.0	0.0	0.0	0.0	0.0	1.0	0.0	0.0	0.0	0.0	
394	396	7102.015474367	2421.3	2421.3	0.000118	0.0	0	0	0	0	394	0	0	0	0	0.0	0.0	0.0	0.0	0.0	0.0	0.0	0.0	0.0	0.0	0.0	0.0	0.0	6909.55	0.0	0.0	0.0	0.0	0.0	0.0	0.0	0.0	17.5369	0.0	0.0	0.0	0.0	0	0	0	0	33	0	0	0	0	0	0	0	0	0	0	0	0	0	0	0	0	0	361	0	0	0	0	0	0	0	0	0	0	0	0	0	0	0	0	0	0	0	0	0	0	0	0	0	0	0	0	0	0	0	0.0	0.0	0.0	0.0	0.0	0.0	0.0	0.0	0.0	0.0	0.0	0.0	0.0	1.0	0.0	0.0	0.0	0.0	
395	397	7107.777759849	2421.3	2421.3	0.000117	0.0	0	0	0	0	395	0	0	0	0	0.0	0.0	0.0	0.0	0.0	0.0	0.0	0.0	0.0	0.0	0.0	0.0	0.0	6915.32	0.0	0.0	0.0	0.0	0.0	0.0	0.0	0.0	17.5071	0.0	0.0	0.0	0.0	0	0	0	0	33	0	0	0	0	0	0	0	0	0	0	0	0	0	0	0	0	0	362	0	0	0	0	0	0	0	0	0	0	0	0	0	0	0	0	0	0	0	0	0	0	0	0	0	0	0	0	0	0	0	0.0	0.0	0.0	0.0	0.0	0.0	0.0	0.0	0.0	0.0	0.0	0.0	0.0	1.0	0.0	0.0	0.0	0.0	
396	398	7214.046435688	2421.3	2421.3	0.000116	0.0	0	0	0	0	396	0	0	0	0	0.0	0.0	0.0	0.0	0.0	0.0	0.0	0.0	0.0	0.0	0.0	0.0	0.0	7021.58	0.0	0.0	0.0	0.0	0.0	0.0	0.0	0.0	17.7313	0.0	0.0	0.0	0.0	0	0	0	0	33	0	0	0	0	0	0	0	0	0	0	0	0	0	0	0	0	0	363	0	0	0	0	0	0	0	0	0	0	0	0	0	0	0	0	0	0	0	0	0	0	0	0	0	0	0	0	0	0	0	0.0	0.0	0.0	0.0	0.0	0.0	0.0	0.0	0.0	0.0	0.0	0.0	0.0	1.0	0.0	0.0	0.0	0.0	
397	398	7214.046459413	2421.3	2421.3	9.4e-5	0.0	0	0	0	0	396	0	0	0	0	0.0	0.0	0.0	0.0	0.0	0.0	0.0	0.0	0.0	0.0	0.0	0.0	0.0	7021.58	0.0	0.0	0.0	0.0	0.0	0.0	0.0	0.0	17.7313	0.0	0.0	0.0	0.0	0	0	0	0	33	0	0	0	0	0	0	0	0	0	0	0	0	0	0	0	0	0	363	0	0	0	0	0	0	0	0	0	0	0	0	0	0	0	0	0	0	0	0	0	0	0	0	0	0	0	0	0	0	0	0.0	0.0	0.0	0.0	0.0	0.0	0.0	0.0	0.0	0.0	0.0	0.0	0.0	1.0	0.0	0.0	0.0	0.0	
