indexLine	algoIter	time	best obj	current obj	T	probdelta1	nb uses 1	nb uses 2	nb uses 3	nb uses 4	nb uses 5	nb uses 6	nb uses 7	nb uses 8	nb uses 9	score 1	score 2	score 3	score 4	score 5	score 6	score 7	score 8	score 9	duration 1	duration 2	duration 3	duration 4	duration 5	duration 6	duration 7	duration 8	duration 9	avgDuration 1	avgDuration 2	avgDuration 3	avgDuration 4	avgDuration 5	avgDuration 6	avgDuration 7	avgDuration 8	avgDuration 9	sigmas1 1	sigmas1 2	sigmas1 3	sigmas1 4	sigmas1 5	sigmas1 6	sigmas1 7	sigmas1 8	sigmas1 9	sigmas2 1	sigmas2 2	sigmas2 3	sigmas2 4	sigmas2 5	sigmas2 6	sigmas2 7	sigmas2 8	sigmas2 9	sigmas3 1	sigmas3 2	sigmas3 3	sigmas3 4	sigmas3 5	sigmas3 6	sigmas3 7	sigmas3 8	sigmas3 9	sigmas4 1	sigmas4 2	sigmas4 3	sigmas4 4	sigmas4 5	sigmas4 6	sigmas4 7	sigmas4 8	sigmas4 9	sigmas5 1	sigmas5 2	sigmas5 3	sigmas5 4	sigmas5 5	sigmas5 6	sigmas5 7	sigmas5 8	sigmas5 9	sigmas6 1	sigmas6 2	sigmas6 3	sigmas6 4	sigmas6 5	sigmas6 6	sigmas6 7	sigmas6 8	sigmas6 9	weight 1	weight 2	weight 3	weight 4	weight 5	weight 6	weight 7	weight 8	weight 9	proba 1	proba 2	proba 3	proba 4	proba 5	proba 6	proba 7	proba 8	proba 9	
1	1	18.706117514	7326.722	7326.722	100.0	0.99005	0	0	0	0	0	0	0	0	0	0.0	0.0	0.0	0.0	0.0	0.0	0.0	0.0	0.0	0.0	0.0	0.0	0.0	0.0	0.0	0.0	0.0	0.0	0.0	0.0	0.0	0.0	0.0	0.0	0.0	0.0	0.0	0	0	0	0	0	0	0	0	0	0	0	0	0	0	0	0	0	0	0	0	0	0	0	0	0	0	0	0	0	0	0	0	0	0	0	0	0	0	0	0	0	0	0	0	0	0	0	0	0	0	0	0	0	0	0.0	0.0	0.0	0.0	0.0	0.0	0.0	0.0	0.0	0.0	0.0	0.0	0.0	0.0	0.0	0.0	0.0	0.0	
2	2	93.595168572	6474.833	6474.833	100.0	0.99005	0	0	0	0	0	0	0	0	0	0.0	0.0	0.0	0.0	1.0	0.0	0.0	0.0	0.0	0.0	0.0	0.0	0.0	0.0	0.0	0.0	0.0	0.0	0.0	0.0	0.0	0.0	74.889	0.0	0.0	0.0	0.0	0	0	0	0	0	0	0	0	0	0	0	0	0	0	0	0	0	0	0	0	0	0	0	0	0	0	0	0	0	0	0	0	0	0	0	0	0	0	0	0	0	0	0	0	0	0	0	0	0	0	0	0	0	0	0.0	0.0	0.0	0.0	0.000178	0.0	0.0	0.0	0.0	0.0	0.0	0.0	0.0	0.0	0.0	0.0	0.0	0.0	
3	3	273.789524115	5783.389	5783.389	100.0	0.99005	0	0	0	0	1	0	0	0	0	0.0	0.0	0.0	0.0	1.0	0.0	0.0	0.0	0.0	0.0	0.0	0.0	0.0	180.194	0.0	0.0	0.0	0.0	0.0	0.0	0.0	0.0	180.194	0.0	0.0	0.0	0.0	0	0	0	0	1	0	0	0	0	0	0	0	0	0	0	0	0	0	0	0	0	0	0	0	0	0	0	0	0	0	0	0	0	0	0	0	0	0	0	0	0	0	0	0	0	0	0	0	0	0	0	0	0	0	0.0	0.0	0.0	0.0	3.1e-5	0.0	0.0	0.0	0.0	0.0	0.0	0.0	0.0	1.0	0.0	0.0	0.0	0.0	
4	4	290.371596558	5466.917	5466.917	59.0429	0.983206	0	0	0	0	2	0	0	0	0	0.0	0.0	0.0	0.0	1.0	0.0	0.0	0.0	0.0	0.0	0.0	0.0	0.0	196.776	0.0	0.0	0.0	0.0	0.0	0.0	0.0	0.0	98.3882	0.0	0.0	0.0	0.0	0	0	0	0	2	0	0	0	0	0	0	0	0	0	0	0	0	0	0	0	0	0	0	0	0	0	0	0	0	0	0	0	0	0	0	0	0	0	0	0	0	0	0	0	0	0	0	0	0	0	0	0	0	0	0.0	0.0	0.0	0.0	0.000103	0.0	0.0	0.0	0.0	0.0	0.0	0.0	0.0	1.0	0.0	0.0	0.0	0.0	
5	5	308.639747931	5345.75	5345.75	57.1885	0.982666	0	0	0	0	3	0	0	0	0	0.0	0.0	0.0	0.0	1.0	0.0	0.0	0.0	0.0	0.0	0.0	0.0	0.0	215.045	0.0	0.0	0.0	0.0	0.0	0.0	0.0	0.0	71.6815	0.0	0.0	0.0	0.0	0	0	0	0	3	0	0	0	0	0	0	0	0	0	0	0	0	0	0	0	0	0	0	0	0	0	0	0	0	0	0	0	0	0	0	0	0	0	0	0	0	0	0	0	0	0	0	0	0	0	0	0	0	0	0.0	0.0	0.0	0.0	0.000195	0.0	0.0	0.0	0.0	0.0	0.0	0.0	0.0	1.0	0.0	0.0	0.0	0.0	
6	6	433.211954869	5064.083	5064.083	55.2129	0.982051	0	0	0	0	4	0	0	0	0	0.0	0.0	0.0	0.0	1.0	0.0	0.0	0.0	0.0	0.0	0.0	0.0	0.0	339.617	0.0	0.0	0.0	0.0	0.0	0.0	0.0	0.0	84.9042	0.0	0.0	0.0	0.0	0	0	0	0	4	0	0	0	0	0	0	0	0	0	0	0	0	0	0	0	0	0	0	0	0	0	0	0	0	0	0	0	0	0	0	0	0	0	0	0	0	0	0	0	0	0	0	0	0	0	0	0	0	0	0.0	0.0	0.0	0.0	0.000139	0.0	0.0	0.0	0.0	0.0	0.0	0.0	0.0	1.0	0.0	0.0	0.0	0.0	
7	7	462.218212672	5013.472	5013.472	43.4434	0.977244	0	0	0	0	5	0	0	0	0	0.0	0.0	0.0	0.0	1.0	0.0	0.0	0.0	0.0	0.0	0.0	0.0	0.0	368.623	0.0	0.0	0.0	0.0	0.0	0.0	0.0	0.0	73.7246	0.0	0.0	0.0	0.0	0	0	0	0	5	0	0	0	0	0	0	0	0	0	0	0	0	0	0	0	0	0	0	0	0	0	0	0	0	0	0	0	0	0	0	0	0	0	0	0	0	0	0	0	0	0	0	0	0	0	0	0	0	0	0.0	0.0	0.0	0.0	0.000184	0.0	0.0	0.0	0.0	0.0	0.0	0.0	0.0	1.0	0.0	0.0	0.0	0.0	
8	8	465.549577828	5013.472	5013.472	41.0847	0.975954	0	0	0	0	6	0	0	0	0	0.0	0.0	0.0	0.0	0.9	0.0	0.0	0.0	0.0	0.0	0.0	0.0	0.0	371.954	0.0	0.0	0.0	0.0	0.0	0.0	0.0	0.0	61.9924	0.0	0.0	0.0	0.0	0	0	0	0	5	0	0	0	0	0	0	0	0	0	0	0	0	0	0	0	0	0	1	0	0	0	0	0	0	0	0	0	0	0	0	0	0	0	0	0	0	0	0	0	0	0	0	0	0	0	0	0	0	0	0.0	0.0	0.0	0.0	0.000234	0.0	0.0	0.0	0.0	0.0	0.0	0.0	0.0	1.0	0.0	0.0	0.0	0.0	
9	9	618.734143652	4988.972	4988.972	40.8221	0.975801	0	0	0	0	7	0	0	0	0	0.0	0.0	0.0	0.0	0.91	0.0	0.0	0.0	0.0	0.0	0.0	0.0	0.0	525.139	0.0	0.0	0.0	0.0	0.0	0.0	0.0	0.0	75.0198	0.0	0.0	0.0	0.0	0	0	0	0	6	0	0	0	0	0	0	0	0	0	0	0	0	0	0	0	0	0	1	0	0	0	0	0	0	0	0	0	0	0	0	0	0	0	0	0	0	0	0	0	0	0	0	0	0	0	0	0	0	0	0.0	0.0	0.0	0.0	0.000162	0.0	0.0	0.0	0.0	0.0	0.0	0.0	0.0	1.0	0.0	0.0	0.0	0.0	
10	10	621.679013887	4988.472	4988.472	30.3994	0.96764	0	0	0	0	8	0	0	0	0	0.0	0.0	0.0	0.0	0.919	0.0	0.0	0.0	0.0	0.0	0.0	0.0	0.0	528.084	0.0	0.0	0.0	0.0	0.0	0.0	0.0	0.0	66.0105	0.0	0.0	0.0	0.0	0	0	0	0	7	0	0	0	0	0	0	0	0	0	0	0	0	0	0	0	0	0	1	0	0	0	0	0	0	0	0	0	0	0	0	0	0	0	0	0	0	0	0	0	0	0	0	0	0	0	0	0	0	0	0.0	0.0	0.0	0.0	0.000211	0.0	0.0	0.0	0.0	0.0	0.0	0.0	0.0	1.0	0.0	0.0	0.0	0.0	
11	11	654.42998759	4909.389	4909.389	30.2276	0.967459	0	0	0	0	9	0	0	0	0	0.0	0.0	0.0	0.0	0.9271	0.0	0.0	0.0	0.0	0.0	0.0	0.0	0.0	560.835	0.0	0.0	0.0	0.0	0.0	0.0	0.0	0.0	62.315	0.0	0.0	0.0	0.0	0	0	0	0	8	0	0	0	0	0	0	0	0	0	0	0	0	0	0	0	0	0	1	0	0	0	0	0	0	0	0	0	0	0	0	0	0	0	0	0	0	0	0	0	0	0	0	0	0	0	0	0	0	0	0.0	0.0	0.0	0.0	0.000239	0.0	0.0	0.0	0.0	0.0	0.0	0.0	0.0	1.0	0.0	0.0	0.0	0.0	
12	12	662.0537627	4854.167	4854.167	28.3812	0.965379	0	0	0	0	10	0	0	0	0	0.0	0.0	0.0	0.0	0.93439	0.0	0.0	0.0	0.0	0.0	0.0	0.0	0.0	568.458	0.0	0.0	0.0	0.0	0.0	0.0	0.0	0.0	56.8458	0.0	0.0	0.0	0.0	0	0	0	0	9	0	0	0	0	0	0	0	0	0	0	0	0	0	0	0	0	0	1	0	0	0	0	0	0	0	0	0	0	0	0	0	0	0	0	0	0	0	0	0	0	0	0	0	0	0	0	0	0	0	0.0	0.0	0.0	0.0	0.000289	0.0	0.0	0.0	0.0	0.0	0.0	0.0	0.0	1.0	0.0	0.0	0.0	0.0	
13	13	678.342716905	4786.861	4786.861	27.9678	0.964876	0	0	0	0	11	0	0	0	0	0.0	0.0	0.0	0.0	0.940951	0.0	0.0	0.0	0.0	0.0	0.0	0.0	0.0	584.747	0.0	0.0	0.0	0.0	0.0	0.0	0.0	0.0	53.1588	0.0	0.0	0.0	0.0	0	0	0	0	10	0	0	0	0	0	0	0	0	0	0	0	0	0	0	0	0	0	1	0	0	0	0	0	0	0	0	0	0	0	0	0	0	0	0	0	0	0	0	0	0	0	0	0	0	0	0	0	0	0	0.0	0.0	0.0	0.0	0.000333	0.0	0.0	0.0	0.0	0.0	0.0	0.0	0.0	1.0	0.0	0.0	0.0	0.0	
14	14	698.165630147	4780.361	4780.361	27.1047	0.963778	0	0	0	0	12	0	0	0	0	0.0	0.0	0.0	0.0	0.946856	0.0	0.0	0.0	0.0	0.0	0.0	0.0	0.0	604.57	0.0	0.0	0.0	0.0	0.0	0.0	0.0	0.0	50.3808	0.0	0.0	0.0	0.0	0	0	0	0	11	0	0	0	0	0	0	0	0	0	0	0	0	0	0	0	0	0	1	0	0	0	0	0	0	0	0	0	0	0	0	0	0	0	0	0	0	0	0	0	0	0	0	0	0	0	0	0	0	0	0.0	0.0	0.0	0.0	0.000373	0.0	0.0	0.0	0.0	0.0	0.0	0.0	0.0	1.0	0.0	0.0	0.0	0.0	
15	15	718.875162184	4758.861	4758.861	26.0901	0.962397	0	0	0	0	13	0	0	0	0	0.0	0.0	0.0	0.0	0.95217	0.0	0.0	0.0	0.0	0.0	0.0	0.0	0.0	625.28	0.0	0.0	0.0	0.0	0.0	0.0	0.0	0.0	48.0984	0.0	0.0	0.0	0.0	0	0	0	0	12	0	0	0	0	0	0	0	0	0	0	0	0	0	0	0	0	0	1	0	0	0	0	0	0	0	0	0	0	0	0	0	0	0	0	0	0	0	0	0	0	0	0	0	0	0	0	0	0	0	0.0	0.0	0.0	0.0	0.000412	0.0	0.0	0.0	0.0	0.0	0.0	0.0	0.0	1.0	0.0	0.0	0.0	0.0	
16	16	726.994548913	4754.861	4754.861	25.0708	0.960898	0	0	0	0	14	0	0	0	0	0.0	0.0	0.0	0.0	0.956953	0.0	0.0	0.0	0.0	0.0	0.0	0.0	0.0	633.399	0.0	0.0	0.0	0.0	0.0	0.0	0.0	0.0	45.2428	0.0	0.0	0.0	0.0	0	0	0	0	13	0	0	0	0	0	0	0	0	0	0	0	0	0	0	0	0	0	1	0	0	0	0	0	0	0	0	0	0	0	0	0	0	0	0	0	0	0	0	0	0	0	0	0	0	0	0	0	0	0	0.0	0.0	0.0	0.0	0.000468	0.0	0.0	0.0	0.0	0.0	0.0	0.0	0.0	1.0	0.0	0.0	0.0	0.0	
17	17	765.471100422	4722.444	4722.444	24.6821	0.960295	0	0	0	0	15	0	0	0	0	0.0	0.0	0.0	0.0	0.961258	0.0	0.0	0.0	0.0	0.0	0.0	0.0	0.0	671.876	0.0	0.0	0.0	0.0	0.0	0.0	0.0	0.0	44.7917	0.0	0.0	0.0	0.0	0	0	0	0	14	0	0	0	0	0	0	0	0	0	0	0	0	0	0	0	0	0	1	0	0	0	0	0	0	0	0	0	0	0	0	0	0	0	0	0	0	0	0	0	0	0	0	0	0	0	0	0	0	0	0.0	0.0	0.0	0.0	0.000479	0.0	0.0	0.0	0.0	0.0	0.0	0.0	0.0	1.0	0.0	0.0	0.0	0.0	
18	18	782.951685485	4708.944	4708.944	22.9204	0.957309	0	0	0	0	16	0	0	0	0	0.0	0.0	0.0	0.0	0.965132	0.0	0.0	0.0	0.0	0.0	0.0	0.0	0.0	689.356	0.0	0.0	0.0	0.0	0.0	0.0	0.0	0.0	43.0848	0.0	0.0	0.0	0.0	0	0	0	0	15	0	0	0	0	0	0	0	0	0	0	0	0	0	0	0	0	0	1	0	0	0	0	0	0	0	0	0	0	0	0	0	0	0	0	0	0	0	0	0	0	0	0	0	0	0	0	0	0	0	0.0	0.0	0.0	0.0	0.00052	0.0	0.0	0.0	0.0	0.0	0.0	0.0	0.0	1.0	0.0	0.0	0.0	0.0	
19	19	805.480512846	4698.444	4698.444	22.1622	0.955881	0	0	0	0	17	0	0	0	0	0.0	0.0	0.0	0.0	0.968619	0.0	0.0	0.0	0.0	0.0	0.0	0.0	0.0	711.885	0.0	0.0	0.0	0.0	0.0	0.0	0.0	0.0	41.8756	0.0	0.0	0.0	0.0	0	0	0	0	16	0	0	0	0	0	0	0	0	0	0	0	0	0	0	0	0	0	1	0	0	0	0	0	0	0	0	0	0	0	0	0	0	0	0	0	0	0	0	0	0	0	0	0	0	0	0	0	0	0	0.0	0.0	0.0	0.0	0.000552	0.0	0.0	0.0	0.0	0.0	0.0	0.0	0.0	1.0	0.0	0.0	0.0	0.0	
20	20	818.661815089	4668.75	4668.75	21.2218	0.953972	0	0	0	0	18	0	0	0	0	0.0	0.0	0.0	0.0	0.971757	0.0	0.0	0.0	0.0	0.0	0.0	0.0	0.0	725.066	0.0	0.0	0.0	0.0	0.0	0.0	0.0	0.0	40.2815	0.0	0.0	0.0	0.0	0	0	0	0	17	0	0	0	0	0	0	0	0	0	0	0	0	0	0	0	0	0	1	0	0	0	0	0	0	0	0	0	0	0	0	0	0	0	0	0	0	0	0	0	0	0	0	0	0	0	0	0	0	0	0.0	0.0	0.0	0.0	0.000599	0.0	0.0	0.0	0.0	0.0	0.0	0.0	0.0	1.0	0.0	0.0	0.0	0.0	
21	21	854.919220973	4643.583	4643.583	20.6903	0.952818	0	0	0	0	19	0	0	0	0	0.0	0.0	0.0	0.0	0.974581	0.0	0.0	0.0	0.0	0.0	0.0	0.0	0.0	761.324	0.0	0.0	0.0	0.0	0.0	0.0	0.0	0.0	40.0697	0.0	0.0	0.0	0.0	0	0	0	0	18	0	0	0	0	0	0	0	0	0	0	0	0	0	0	0	0	0	1	0	0	0	0	0	0	0	0	0	0	0	0	0	0	0	0	0	0	0	0	0	0	0	0	0	0	0	0	0	0	0	0.0	0.0	0.0	0.0	0.000607	0.0	0.0	0.0	0.0	0.0	0.0	0.0	0.0	1.0	0.0	0.0	0.0	0.0	
22	22	867.484325172	4637.389	4637.389	19.2958	0.949495	0	0	0	0	20	0	0	0	0	0.0	0.0	0.0	0.0	0.977123	0.0	0.0	0.0	0.0	0.0	0.0	0.0	0.0	773.889	0.0	0.0	0.0	0.0	0.0	0.0	0.0	0.0	38.6944	0.0	0.0	0.0	0.0	0	0	0	0	19	0	0	0	0	0	0	0	0	0	0	0	0	0	0	0	0	0	1	0	0	0	0	0	0	0	0	0	0	0	0	0	0	0	0	0	0	0	0	0	0	0	0	0	0	0	0	0	0	0	0.0	0.0	0.0	0.0	0.000653	0.0	0.0	0.0	0.0	0.0	0.0	0.0	0.0	1.0	0.0	0.0	0.0	0.0	
23	23	903.532026961	4634.889	4634.889	18.8348	0.948292	0	0	0	0	21	0	0	0	0	0.0	0.0	0.0	0.0	0.979411	0.0	0.0	0.0	0.0	0.0	0.0	0.0	0.0	809.936	0.0	0.0	0.0	0.0	0.0	0.0	0.0	0.0	38.5684	0.0	0.0	0.0	0.0	0	0	0	0	20	0	0	0	0	0	0	0	0	0	0	0	0	0	0	0	0	0	1	0	0	0	0	0	0	0	0	0	0	0	0	0	0	0	0	0	0	0	0	0	0	0	0	0	0	0	0	0	0	0	0.0	0.0	0.0	0.0	0.000658	0.0	0.0	0.0	0.0	0.0	0.0	0.0	0.0	1.0	0.0	0.0	0.0	0.0	
24	24	912.2054129	4618.361	4618.361	17.5724	0.944682	0	0	0	0	22	0	0	0	0	0.0	0.0	0.0	0.0	0.98147	0.0	0.0	0.0	0.0	0.0	0.0	0.0	0.0	818.61	0.0	0.0	0.0	0.0	0.0	0.0	0.0	0.0	37.2095	0.0	0.0	0.0	0.0	0	0	0	0	21	0	0	0	0	0	0	0	0	0	0	0	0	0	0	0	0	0	1	0	0	0	0	0	0	0	0	0	0	0	0	0	0	0	0	0	0	0	0	0	0	0	0	0	0	0	0	0	0	0	0.0	0.0	0.0	0.0	0.000709	0.0	0.0	0.0	0.0	0.0	0.0	0.0	0.0	1.0	0.0	0.0	0.0	0.0	
25	25	940.961276183	4549.694	4549.694	17.2816	0.943777	0	0	0	0	23	0	0	0	0	0.0	0.0	0.0	0.0	0.983323	0.0	0.0	0.0	0.0	0.0	0.0	0.0	0.0	847.366	0.0	0.0	0.0	0.0	0.0	0.0	0.0	0.0	36.842	0.0	0.0	0.0	0.0	0	0	0	0	22	0	0	0	0	0	0	0	0	0	0	0	0	0	0	0	0	0	1	0	0	0	0	0	0	0	0	0	0	0	0	0	0	0	0	0	0	0	0	0	0	0	0	0	0	0	0	0	0	0	0.0	0.0	0.0	0.0	0.000724	0.0	0.0	0.0	0.0	0.0	0.0	0.0	0.0	1.0	0.0	0.0	0.0	0.0	
26	26	948.584026068	4549.694	4549.694	16.3512	0.940675	0	0	0	0	24	0	0	0	0	0.0	0.0	0.0	0.0	0.884991	0.0	0.0	0.0	0.0	0.0	0.0	0.0	0.0	854.988	0.0	0.0	0.0	0.0	0.0	0.0	0.0	0.0	35.6245	0.0	0.0	0.0	0.0	0	0	0	0	22	0	0	0	0	0	0	0	0	0	0	0	0	0	0	0	0	0	2	0	0	0	0	0	0	0	0	0	0	0	0	0	0	0	0	0	0	0	0	0	0	0	0	0	0	0	0	0	0	0	0.0	0.0	0.0	0.0	0.000697	0.0	0.0	0.0	0.0	0.0	0.0	0.0	0.0	1.0	0.0	0.0	0.0	0.0	
27	27	961.088999694	4528.0	4528.0	16.1131	0.939825	0	0	0	0	25	0	0	0	0	0.0	0.0	0.0	0.0	0.896491	0.0	0.0	0.0	0.0	0.0	0.0	0.0	0.0	867.493	0.0	0.0	0.0	0.0	0.0	0.0	0.0	0.0	34.6997	0.0	0.0	0.0	0.0	0	0	0	0	23	0	0	0	0	0	0	0	0	0	0	0	0	0	0	0	0	0	2	0	0	0	0	0	0	0	0	0	0	0	0	0	0	0	0	0	0	0	0	0	0	0	0	0	0	0	0	0	0	0	0.0	0.0	0.0	0.0	0.000745	0.0	0.0	0.0	0.0	0.0	0.0	0.0	0.0	1.0	0.0	0.0	0.0	0.0	
28	28	1141.262409968	4451.306	4451.306	15.7299	0.938405	0	0	0	0	26	0	0	0	0	0.0	0.0	0.0	0.0	0.906842	0.0	0.0	0.0	0.0	0.0	0.0	0.0	0.0	1047.67	0.0	0.0	0.0	0.0	0.0	0.0	0.0	0.0	40.2949	0.0	0.0	0.0	0.0	0	0	0	0	24	0	0	0	0	0	0	0	0	0	0	0	0	0	0	0	0	0	2	0	0	0	0	0	0	0	0	0	0	0	0	0	0	0	0	0	0	0	0	0	0	0	0	0	0	0	0	0	0	0	0.0	0.0	0.0	0.0	0.000559	0.0	0.0	0.0	0.0	0.0	0.0	0.0	0.0	1.0	0.0	0.0	0.0	0.0	
29	29	1321.443895559	4416.306	4416.306	11.1209	0.914003	0	0	0	0	27	0	0	0	0	0.0	0.0	0.0	0.0	0.916158	0.0	0.0	0.0	0.0	0.0	0.0	0.0	0.0	1227.85	0.0	0.0	0.0	0.0	0.0	0.0	0.0	0.0	45.4759	0.0	0.0	0.0	0.0	0	0	0	0	25	0	0	0	0	0	0	0	0	0	0	0	0	0	0	0	0	0	2	0	0	0	0	0	0	0	0	0	0	0	0	0	0	0	0	0	0	0	0	0	0	0	0	0	0	0	0	0	0	0	0.0	0.0	0.0	0.0	0.000443	0.0	0.0	0.0	0.0	0.0	0.0	0.0	0.0	1.0	0.0	0.0	0.0	0.0	
30	30	1329.241563742	4414.306	4414.306	7.86218	0.880565	0	0	0	0	28	0	0	0	0	0.0	0.0	0.0	0.0	0.924542	0.0	0.0	0.0	0.0	0.0	0.0	0.0	0.0	1235.65	0.0	0.0	0.0	0.0	0.0	0.0	0.0	0.0	44.1302	0.0	0.0	0.0	0.0	0	0	0	0	26	0	0	0	0	0	0	0	0	0	0	0	0	0	0	0	0	0	2	0	0	0	0	0	0	0	0	0	0	0	0	0	0	0	0	0	0	0	0	0	0	0	0	0	0	0	0	0	0	0	0.0	0.0	0.0	0.0	0.000475	0.0	0.0	0.0	0.0	0.0	0.0	0.0	0.0	1.0	0.0	0.0	0.0	0.0	
31	31	1355.578991483	4365.778	4365.778	7.74508	0.878874	0	0	0	0	29	0	0	0	0	0.0	0.0	0.0	0.0	0.932088	0.0	0.0	0.0	0.0	0.0	0.0	0.0	0.0	1261.98	0.0	0.0	0.0	0.0	0.0	0.0	0.0	0.0	43.5167	0.0	0.0	0.0	0.0	0	0	0	0	27	0	0	0	0	0	0	0	0	0	0	0	0	0	0	0	0	0	2	0	0	0	0	0	0	0	0	0	0	0	0	0	0	0	0	0	0	0	0	0	0	0	0	0	0	0	0	0	0	0	0.0	0.0	0.0	0.0	0.000492	0.0	0.0	0.0	0.0	0.0	0.0	0.0	0.0	1.0	0.0	0.0	0.0	0.0	
32	32	1363.384452426	4339.361	4339.361	7.3623	0.872993	0	0	0	0	30	0	0	0	0	0.0	0.0	0.0	0.0	0.938879	0.0	0.0	0.0	0.0	0.0	0.0	0.0	0.0	1269.79	0.0	0.0	0.0	0.0	0.0	0.0	0.0	0.0	42.3263	0.0	0.0	0.0	0.0	0	0	0	0	28	0	0	0	0	0	0	0	0	0	0	0	0	0	0	0	0	0	2	0	0	0	0	0	0	0	0	0	0	0	0	0	0	0	0	0	0	0	0	0	0	0	0	0	0	0	0	0	0	0	0.0	0.0	0.0	0.0	0.000524	0.0	0.0	0.0	0.0	0.0	0.0	0.0	0.0	1.0	0.0	0.0	0.0	0.0	
33	33	1385.052521421	4315.333	4315.333	7.25253	0.871201	0	0	0	0	31	0	0	0	0	0.0	0.0	0.0	0.0	0.944991	0.0	0.0	0.0	0.0	0.0	0.0	0.0	0.0	1291.46	0.0	0.0	0.0	0.0	0.0	0.0	0.0	0.0	41.6599	0.0	0.0	0.0	0.0	0	0	0	0	29	0	0	0	0	0	0	0	0	0	0	0	0	0	0	0	0	0	2	0	0	0	0	0	0	0	0	0	0	0	0	0	0	0	0	0	0	0	0	0	0	0	0	0	0	0	0	0	0	0	0.0	0.0	0.0	0.0	0.000544	0.0	0.0	0.0	0.0	0.0	0.0	0.0	0.0	1.0	0.0	0.0	0.0	0.0	
34	34	1539.919525406	4314.833	4314.833	6.95632	0.866101	0	0	0	0	32	0	0	0	0	0.0	0.0	0.0	0.0	0.950492	0.0	0.0	0.0	0.0	0.0	0.0	0.0	0.0	1446.32	0.0	0.0	0.0	0.0	0.0	0.0	0.0	0.0	45.1976	0.0	0.0	0.0	0.0	0	0	0	0	30	0	0	0	0	0	0	0	0	0	0	0	0	0	0	0	0	0	2	0	0	0	0	0	0	0	0	0	0	0	0	0	0	0	0	0	0	0	0	0	0	0	0	0	0	0	0	0	0	0	0.0	0.0	0.0	0.0	0.000465	0.0	0.0	0.0	0.0	0.0	0.0	0.0	0.0	1.0	0.0	0.0	0.0	0.0	
35	35	1547.80377835	4313.833	4313.833	5.16348	0.823931	0	0	0	0	33	0	0	0	0	0.0	0.0	0.0	0.0	0.955443	0.0	0.0	0.0	0.0	0.0	0.0	0.0	0.0	1454.21	0.0	0.0	0.0	0.0	0.0	0.0	0.0	0.0	44.0669	0.0	0.0	0.0	0.0	0	0	0	0	31	0	0	0	0	0	0	0	0	0	0	0	0	0	0	0	0	0	2	0	0	0	0	0	0	0	0	0	0	0	0	0	0	0	0	0	0	0	0	0	0	0	0	0	0	0	0	0	0	0	0.0	0.0	0.0	0.0	0.000492	0.0	0.0	0.0	0.0	0.0	0.0	0.0	0.0	1.0	0.0	0.0	0.0	0.0	
36	36	1558.041654632	4243.306	4243.306	5.08572	0.821495	0	0	0	0	34	0	0	0	0	0.0	0.0	0.0	0.0	0.959899	0.0	0.0	0.0	0.0	0.0	0.0	0.0	0.0	1464.45	0.0	0.0	0.0	0.0	0.0	0.0	0.0	0.0	43.0719	0.0	0.0	0.0	0.0	0	0	0	0	32	0	0	0	0	0	0	0	0	0	0	0	0	0	0	0	0	0	2	0	0	0	0	0	0	0	0	0	0	0	0	0	0	0	0	0	0	0	0	0	0	0	0	0	0	0	0	0	0	0	0.0	0.0	0.0	0.0	0.000517	0.0	0.0	0.0	0.0	0.0	0.0	0.0	0.0	1.0	0.0	0.0	0.0	0.0	
37	37	1561.64849759	4241.306	4241.306	4.9865	0.818288	0	0	0	0	35	0	0	0	0	0.0	0.0	0.0	0.0	0.963909	0.0	0.0	0.0	0.0	0.0	0.0	0.0	0.0	1468.05	0.0	0.0	0.0	0.0	0.0	0.0	0.0	0.0	41.9444	0.0	0.0	0.0	0.0	0	0	0	0	33	0	0	0	0	0	0	0	0	0	0	0	0	0	0	0	0	0	2	0	0	0	0	0	0	0	0	0	0	0	0	0	0	0	0	0	0	0	0	0	0	0	0	0	0	0	0	0	0	0	0.0	0.0	0.0	0.0	0.000548	0.0	0.0	0.0	0.0	0.0	0.0	0.0	0.0	1.0	0.0	0.0	0.0	0.0	
38	38	1570.003027087	4236.306	4236.306	4.95201	0.817145	0	0	0	0	36	0	0	0	0	0.0	0.0	0.0	0.0	0.967518	0.0	0.0	0.0	0.0	0.0	0.0	0.0	0.0	1476.41	0.0	0.0	0.0	0.0	0.0	0.0	0.0	0.0	41.0113	0.0	0.0	0.0	0.0	0	0	0	0	34	0	0	0	0	0	0	0	0	0	0	0	0	0	0	0	0	0	2	0	0	0	0	0	0	0	0	0	0	0	0	0	0	0	0	0	0	0	0	0	0	0	0	0	0	0	0	0	0	0	0.0	0.0	0.0	0.0	0.000575	0.0	0.0	0.0	0.0	0.0	0.0	0.0	0.0	1.0	0.0	0.0	0.0	0.0	
39	39	1576.313508616	4236.306	4236.306	4.87303	0.814475	0	0	0	0	37	0	0	0	0	0.0	0.0	0.0	0.0	0.870766	0.0	0.0	0.0	0.0	0.0	0.0	0.0	0.0	1482.72	0.0	0.0	0.0	0.0	0.0	0.0	0.0	0.0	40.0734	0.0	0.0	0.0	0.0	0	0	0	0	34	0	0	0	0	0	0	0	0	0	0	0	0	0	0	0	0	0	3	0	0	0	0	0	0	0	0	0	0	0	0	0	0	0	0	0	0	0	0	0	0	0	0	0	0	0	0	0	0	0	0.0	0.0	0.0	0.0	0.000542	0.0	0.0	0.0	0.0	0.0	0.0	0.0	0.0	1.0	0.0	0.0	0.0	0.0	
40	40	1756.454201645	4219.75	4219.75	4.8142	0.812436	0	0	0	0	38	0	0	0	0	0.0	0.0	0.0	0.0	0.88369	0.0	0.0	0.0	0.0	0.0	0.0	0.0	0.0	1662.86	0.0	0.0	0.0	0.0	0.0	0.0	0.0	0.0	43.7594	0.0	0.0	0.0	0.0	0	0	0	0	35	0	0	0	0	0	0	0	0	0	0	0	0	0	0	0	0	0	3	0	0	0	0	0	0	0	0	0	0	0	0	0	0	0	0	0	0	0	0	0	0	0	0	0	0	0	0	0	0	0	0.0	0.0	0.0	0.0	0.000461	0.0	0.0	0.0	0.0	0.0	0.0	0.0	0.0	1.0	0.0	0.0	0.0	0.0	
41	41	1775.049735337	4210.25	4210.25	3.4038	0.745433	0	0	0	0	39	0	0	0	0	0.0	0.0	0.0	0.0	0.895321	0.0	0.0	0.0	0.0	0.0	0.0	0.0	0.0	1681.45	0.0	0.0	0.0	0.0	0.0	0.0	0.0	0.0	43.1142	0.0	0.0	0.0	0.0	0	0	0	0	36	0	0	0	0	0	0	0	0	0	0	0	0	0	0	0	0	0	3	0	0	0	0	0	0	0	0	0	0	0	0	0	0	0	0	0	0	0	0	0	0	0	0	0	0	0	0	0	0	0	0.0	0.0	0.0	0.0	0.000482	0.0	0.0	0.0	0.0	0.0	0.0	0.0	0.0	1.0	0.0	0.0	0.0	0.0	
42	42	1777.898696599	4210.25	4210.25	3.28414	0.737497	0	0	0	0	40	0	0	0	0	0.0	0.0	0.0	0.0	0.805789	0.0	0.0	0.0	0.0	0.0	0.0	0.0	0.0	1684.3	0.0	0.0	0.0	0.0	0.0	0.0	0.0	0.0	42.1076	0.0	0.0	0.0	0.0	0	0	0	0	36	0	0	0	0	0	0	0	0	0	0	0	0	0	0	0	0	0	4	0	0	0	0	0	0	0	0	0	0	0	0	0	0	0	0	0	0	0	0	0	0	0	0	0	0	0	0	0	0	0	0.0	0.0	0.0	0.0	0.000454	0.0	0.0	0.0	0.0	0.0	0.0	0.0	0.0	1.0	0.0	0.0	0.0	0.0	
43	43	1799.619895674	4203.75	4203.75	3.26618	0.736263	0	0	0	0	41	0	0	0	0	0.0	0.0	0.0	0.0	0.82521	0.0	0.0	0.0	0.0	0.0	0.0	0.0	0.0	1706.02	0.0	0.0	0.0	0.0	0.0	0.0	0.0	0.0	41.6103	0.0	0.0	0.0	0.0	0	0	0	0	37	0	0	0	0	0	0	0	0	0	0	0	0	0	0	0	0	0	4	0	0	0	0	0	0	0	0	0	0	0	0	0	0	0	0	0	0	0	0	0	0	0	0	0	0	0	0	0	0	0	0.0	0.0	0.0	0.0	0.000477	0.0	0.0	0.0	0.0	0.0	0.0	0.0	0.0	1.0	0.0	0.0	0.0	0.0	
44	44	1806.274070847	4203.75	4203.75	3.13246	0.726703	0	0	0	0	42	0	0	0	0	0.0	0.0	0.0	0.0	0.742689	0.0	0.0	0.0	0.0	0.0	0.0	0.0	0.0	1712.68	0.0	0.0	0.0	0.0	0.0	0.0	0.0	0.0	40.778	0.0	0.0	0.0	0.0	0	0	0	0	37	0	0	0	0	0	0	0	0	0	0	0	0	0	0	0	0	0	5	0	0	0	0	0	0	0	0	0	0	0	0	0	0	0	0	0	0	0	0	0	0	0	0	0	0	0	0	0	0	0	0.0	0.0	0.0	0.0	0.000447	0.0	0.0	0.0	0.0	0.0	0.0	0.0	0.0	1.0	0.0	0.0	0.0	0.0	
45	45	1809.381704145	4203.75	4203.75	3.0926	0.723719	0	0	0	0	43	0	0	0	0	0.0	0.0	0.0	0.0	0.66842	0.0	0.0	0.0	0.0	0.0	0.0	0.0	0.0	1715.79	0.0	0.0	0.0	0.0	0.0	0.0	0.0	0.0	39.902	0.0	0.0	0.0	0.0	0	0	0	0	37	0	0	0	0	0	0	0	0	0	0	0	0	0	0	0	0	0	6	0	0	0	0	0	0	0	0	0	0	0	0	0	0	0	0	0	0	0	0	0	0	0	0	0	0	0	0	0	0	0	0.0	0.0	0.0	0.0	0.00042	0.0	0.0	0.0	0.0	0.0	0.0	0.0	0.0	1.0	0.0	0.0	0.0	0.0	
46	46	1818.164556564	4183.639	4183.639	3.07416	0.722317	0	0	0	0	44	0	0	0	0	0.0	0.0	0.0	0.0	0.701578	0.0	0.0	0.0	0.0	0.0	0.0	0.0	0.0	1724.57	0.0	0.0	0.0	0.0	0.0	0.0	0.0	0.0	39.1947	0.0	0.0	0.0	0.0	0	0	0	0	38	0	0	0	0	0	0	0	0	0	0	0	0	0	0	0	0	0	6	0	0	0	0	0	0	0	0	0	0	0	0	0	0	0	0	0	0	0	0	0	0	0	0	0	0	0	0	0	0	0	0.0	0.0	0.0	0.0	0.000457	0.0	0.0	0.0	0.0	0.0	0.0	0.0	0.0	1.0	0.0	0.0	0.0	0.0	
47	47	1845.190614685	4183.639	4183.639	3.02264	0.718322	0	0	0	0	45	0	0	0	0	0.0	0.0	0.0	0.0	0.63142	0.0	0.0	0.0	0.0	0.0	0.0	0.0	0.0	1751.59	0.0	0.0	0.0	0.0	0.0	0.0	0.0	0.0	38.9243	0.0	0.0	0.0	0.0	0	0	0	0	38	0	0	0	0	0	0	0	0	0	0	0	0	0	0	0	0	0	7	0	0	0	0	0	0	0	0	0	0	0	0	0	0	0	0	0	0	0	0	0	0	0	0	0	0	0	0	0	0	0	0.0	0.0	0.0	0.0	0.000417	0.0	0.0	0.0	0.0	0.0	0.0	0.0	0.0	1.0	0.0	0.0	0.0	0.0	
48	48	1862.456118773	4177.139	4177.139	2.86945	0.705746	0	0	0	0	46	0	0	0	0	0.0	0.0	0.0	0.0	0.668278	0.0	0.0	0.0	0.0	0.0	0.0	0.0	0.0	1768.86	0.0	0.0	0.0	0.0	0.0	0.0	0.0	0.0	38.4535	0.0	0.0	0.0	0.0	0	0	0	0	39	0	0	0	0	0	0	0	0	0	0	0	0	0	0	0	0	0	7	0	0	0	0	0	0	0	0	0	0	0	0	0	0	0	0	0	0	0	0	0	0	0	0	0	0	0	0	0	0	0	0.0	0.0	0.0	0.0	0.000452	0.0	0.0	0.0	0.0	0.0	0.0	0.0	0.0	1.0	0.0	0.0	0.0	0.0	
49	49	1878.478594161	4175.639	4175.639	2.77567	0.697486	0	0	0	0	47	0	0	0	0	0.0	0.0	0.0	0.0	0.70145	0.0	0.0	0.0	0.0	0.0	0.0	0.0	0.0	1784.88	0.0	0.0	0.0	0.0	0.0	0.0	0.0	0.0	37.9762	0.0	0.0	0.0	0.0	0	0	0	0	40	0	0	0	0	0	0	0	0	0	0	0	0	0	0	0	0	0	7	0	0	0	0	0	0	0	0	0	0	0	0	0	0	0	0	0	0	0	0	0	0	0	0	0	0	0	0	0	0	0	0.0	0.0	0.0	0.0	0.000486	0.0	0.0	0.0	0.0	0.0	0.0	0.0	0.0	1.0	0.0	0.0	0.0	0.0	
50	50	1884.130680362	4175.639	4175.639	2.69139	0.689661	0	0	0	0	48	0	0	0	0	0.0	0.0	0.0	0.0	0.631305	0.0	0.0	0.0	0.0	0.0	0.0	0.0	0.0	1790.53	0.0	0.0	0.0	0.0	0.0	0.0	0.0	0.0	37.3028	0.0	0.0	0.0	0.0	0	0	0	0	40	0	0	0	0	0	0	0	0	0	0	0	0	0	0	0	0	0	8	0	0	0	0	0	0	0	0	0	0	0	0	0	0	0	0	0	0	0	0	0	0	0	0	0	0	0	0	0	0	0	0.0	0.0	0.0	0.0	0.000454	0.0	0.0	0.0	0.0	0.0	0.0	0.0	0.0	1.0	0.0	0.0	0.0	0.0	
51	51	1922.603049637	4134.139	4134.139	2.66227	0.686864	0	0	0	0	49	0	0	0	0	0.0	0.0	0.0	0.0	0.668175	0.0	0.0	0.0	0.0	0.0	0.0	0.0	0.0	1829.01	0.0	0.0	0.0	0.0	0.0	0.0	0.0	0.0	37.3267	0.0	0.0	0.0	0.0	0	0	0	0	41	0	0	0	0	0	0	0	0	0	0	0	0	0	0	0	0	0	8	0	0	0	0	0	0	0	0	0	0	0	0	0	0	0	0	0	0	0	0	0	0	0	0	0	0	0	0	0	0	0	0.0	0.0	0.0	0.0	0.00048	0.0	0.0	0.0	0.0	0.0	0.0	0.0	0.0	1.0	0.0	0.0	0.0	0.0	
52	52	1941.6666616	4129.139	4129.139	2.47228	0.66732	0	0	0	0	50	0	0	0	0	0.0	0.0	0.0	0.0	0.701357	0.0	0.0	0.0	0.0	0.0	0.0	0.0	0.0	1848.07	0.0	0.0	0.0	0.0	0.0	0.0	0.0	0.0	36.9614	0.0	0.0	0.0	0.0	0	0	0	0	42	0	0	0	0	0	0	0	0	0	0	0	0	0	0	0	0	0	8	0	0	0	0	0	0	0	0	0	0	0	0	0	0	0	0	0	0	0	0	0	0	0	0	0	0	0	0	0	0	0	0.0	0.0	0.0	0.0	0.000513	0.0	0.0	0.0	0.0	0.0	0.0	0.0	0.0	1.0	0.0	0.0	0.0	0.0	
53	53	1950.924873831	4129.139	4129.139	2.38322	0.657309	0	0	0	0	51	0	0	0	0	0.0	0.0	0.0	0.0	0.631222	0.0	0.0	0.0	0.0	0.0	0.0	0.0	0.0	1857.33	0.0	0.0	0.0	0.0	0.0	0.0	0.0	0.0	36.4182	0.0	0.0	0.0	0.0	0	0	0	0	42	0	0	0	0	0	0	0	0	0	0	0	0	0	0	0	0	0	9	0	0	0	0	0	0	0	0	0	0	0	0	0	0	0	0	0	0	0	0	0	0	0	0	0	0	0	0	0	0	0	0.0	0.0	0.0	0.0	0.000476	0.0	0.0	0.0	0.0	0.0	0.0	0.0	0.0	1.0	0.0	0.0	0.0	0.0	
54	54	1978.920159652	4129.139	4129.139	2.34113	0.65237	0	0	0	0	52	0	0	0	0	0.0	0.0	0.0	0.0	0.568099	0.0	0.0	0.0	0.0	0.0	0.0	0.0	0.0	1885.32	0.0	0.0	0.0	0.0	0.0	0.0	0.0	0.0	36.2562	0.0	0.0	0.0	0.0	0	0	0	0	42	0	0	0	0	0	0	0	0	0	0	0	0	0	0	0	0	0	10	0	0	0	0	0	0	0	0	0	0	0	0	0	0	0	0	0	0	0	0	0	0	0	0	0	0	0	0	0	0	0	0.0	0.0	0.0	0.0	0.000432	0.0	0.0	0.0	0.0	0.0	0.0	0.0	0.0	1.0	0.0	0.0	0.0	0.0	
55	55	1996.650764855	4129.139	4129.139	2.21834	0.637126	0	0	0	0	53	0	0	0	0	0.0	0.0	0.0	0.0	0.511289	0.0	0.0	0.0	0.0	0.0	0.0	0.0	0.0	1903.05	0.0	0.0	0.0	0.0	0.0	0.0	0.0	0.0	35.9067	0.0	0.0	0.0	0.0	0	0	0	0	42	0	0	0	0	0	0	0	0	0	0	0	0	0	0	0	0	0	11	0	0	0	0	0	0	0	0	0	0	0	0	0	0	0	0	0	0	0	0	0	0	0	0	0	0	0	0	0	0	0	0.0	0.0	0.0	0.0	0.000397	0.0	0.0	0.0	0.0	0.0	0.0	0.0	0.0	1.0	0.0	0.0	0.0	0.0	
56	56	2010.323800532	4127.639	4127.639	2.14392	0.627234	0	0	0	0	54	0	0	0	0	0.0	0.0	0.0	0.0	0.56016	0.0	0.0	0.0	0.0	0.0	0.0	0.0	0.0	1916.73	0.0	0.0	0.0	0.0	0.0	0.0	0.0	0.0	35.495	0.0	0.0	0.0	0.0	0	0	0	0	43	0	0	0	0	0	0	0	0	0	0	0	0	0	0	0	0	0	11	0	0	0	0	0	0	0	0	0	0	0	0	0	0	0	0	0	0	0	0	0	0	0	0	0	0	0	0	0	0	0	0.0	0.0	0.0	0.0	0.000445	0.0	0.0	0.0	0.0	0.0	0.0	0.0	0.0	1.0	0.0	0.0	0.0	0.0	
57	57	2018.836746926	4127.639	4127.639	2.08824	0.619482	0	0	0	0	55	0	0	0	0	0.0	0.0	0.0	0.0	0.504144	0.0	0.0	0.0	0.0	0.0	0.0	0.0	0.0	1925.24	0.0	0.0	0.0	0.0	0.0	0.0	0.0	0.0	35.0044	0.0	0.0	0.0	0.0	0	0	0	0	43	0	0	0	0	0	0	0	0	0	0	0	0	0	0	0	0	0	12	0	0	0	0	0	0	0	0	0	0	0	0	0	0	0	0	0	0	0	0	0	0	0	0	0	0	0	0	0	0	0	0.0	0.0	0.0	0.0	0.000411	0.0	0.0	0.0	0.0	0.0	0.0	0.0	0.0	1.0	0.0	0.0	0.0	0.0	
58	58	2024.475718997	4127.639	4127.639	2.05431	0.614601	0	0	0	0	56	0	0	0	0	0.0	0.0	0.0	0.0	0.45373	0.0	0.0	0.0	0.0	0.0	0.0	0.0	0.0	1930.88	0.0	0.0	0.0	0.0	0.0	0.0	0.0	0.0	34.48	0.0	0.0	0.0	0.0	0	0	0	0	43	0	0	0	0	0	0	0	0	0	0	0	0	0	0	0	0	0	13	0	0	0	0	0	0	0	0	0	0	0	0	0	0	0	0	0	0	0	0	0	0	0	0	0	0	0	0	0	0	0	0.0	0.0	0.0	0.0	0.000382	0.0	0.0	0.0	0.0	0.0	0.0	0.0	0.0	1.0	0.0	0.0	0.0	0.0	
59	59	2032.389309396	4124.639	4124.639	2.03213	0.611345	0	0	0	0	57	0	0	0	0	0.0	0.0	0.0	0.0	0.508357	0.0	0.0	0.0	0.0	0.0	0.0	0.0	0.0	1938.79	0.0	0.0	0.0	0.0	0.0	0.0	0.0	0.0	34.0139	0.0	0.0	0.0	0.0	0	0	0	0	44	0	0	0	0	0	0	0	0	0	0	0	0	0	0	0	0	0	13	0	0	0	0	0	0	0	0	0	0	0	0	0	0	0	0	0	0	0	0	0	0	0	0	0	0	0	0	0	0	0	0.0	0.0	0.0	0.0	0.000439	0.0	0.0	0.0	0.0	0.0	0.0	0.0	0.0	1.0	0.0	0.0	0.0	0.0	
60	60	2035.359480947	4124.639	4124.639	2.00142	0.606746	0	0	0	0	58	0	0	0	0	0.0	0.0	0.0	0.0	0.457521	0.0	0.0	0.0	0.0	0.0	0.0	0.0	0.0	1941.76	0.0	0.0	0.0	0.0	0.0	0.0	0.0	0.0	33.4787	0.0	0.0	0.0	0.0	0	0	0	0	44	0	0	0	0	0	0	0	0	0	0	0	0	0	0	0	0	0	14	0	0	0	0	0	0	0	0	0	0	0	0	0	0	0	0	0	0	0	0	0	0	0	0	0	0	0	0	0	0	0	0.0	0.0	0.0	0.0	0.000408	0.0	0.0	0.0	0.0	0.0	0.0	0.0	0.0	1.0	0.0	0.0	0.0	0.0	
61	61	2070.785480931	4124.639	4124.639	1.99001	0.605011	0	0	0	0	59	0	0	0	0	0.0	0.0	0.0	0.0	0.411769	0.0	0.0	0.0	0.0	0.0	0.0	0.0	0.0	1977.19	0.0	0.0	0.0	0.0	0.0	0.0	0.0	0.0	33.5117	0.0	0.0	0.0	0.0	0	0	0	0	44	0	0	0	0	0	0	0	0	0	0	0	0	0	0	0	0	0	15	0	0	0	0	0	0	0	0	0	0	0	0	0	0	0	0	0	0	0	0	0	0	0	0	0	0	0	0	0	0	0	0.0	0.0	0.0	0.0	0.000367	0.0	0.0	0.0	0.0	0.0	0.0	0.0	0.0	1.0	0.0	0.0	0.0	0.0	
62	62	2082.229958317	4124.639	4124.639	1.85886	0.583936	0	0	0	0	60	0	0	0	0	0.0	0.0	0.0	0.0	0.370592	0.0	0.0	0.0	0.0	0.0	0.0	0.0	0.0	1988.63	0.0	0.0	0.0	0.0	0.0	0.0	0.0	0.0	33.1439	0.0	0.0	0.0	0.0	0	0	0	0	44	0	0	0	0	0	0	0	0	0	0	0	0	0	0	0	0	0	16	0	0	0	0	0	0	0	0	0	0	0	0	0	0	0	0	0	0	0	0	0	0	0	0	0	0	0	0	0	0	0	0.0	0.0	0.0	0.0	0.000337	0.0	0.0	0.0	0.0	0.0	0.0	0.0	0.0	1.0	0.0	0.0	0.0	0.0	
63	63	2092.65399206	4115.639	4115.639	1.81837	0.576982	0	0	0	0	61	0	0	0	0	0.0	0.0	0.0	0.0	0.433533	0.0	0.0	0.0	0.0	0.0	0.0	0.0	0.0	1999.06	0.0	0.0	0.0	0.0	0.0	0.0	0.0	0.0	32.7714	0.0	0.0	0.0	0.0	0	0	0	0	45	0	0	0	0	0	0	0	0	0	0	0	0	0	0	0	0	0	16	0	0	0	0	0	0	0	0	0	0	0	0	0	0	0	0	0	0	0	0	0	0	0	0	0	0	0	0	0	0	0	0.0	0.0	0.0	0.0	0.000404	0.0	0.0	0.0	0.0	0.0	0.0	0.0	0.0	1.0	0.0	0.0	0.0	0.0	
64	64	2100.360691057	4115.639	4115.639	1.78225	0.570588	0	0	0	0	62	0	0	0	0	0.0	0.0	0.0	0.0	0.39018	0.0	0.0	0.0	0.0	0.0	0.0	0.0	0.0	2006.76	0.0	0.0	0.0	0.0	0.0	0.0	0.0	0.0	32.3672	0.0	0.0	0.0	0.0	0	0	0	0	45	0	0	0	0	0	0	0	0	0	0	0	0	0	0	0	0	0	17	0	0	0	0	0	0	0	0	0	0	0	0	0	0	0	0	0	0	0	0	0	0	0	0	0	0	0	0	0	0	0	0.0	0.0	0.0	0.0	0.000372	0.0	0.0	0.0	0.0	0.0	0.0	0.0	0.0	1.0	0.0	0.0	0.0	0.0	
65	65	2123.61629978	4115.639	4115.639	1.75601	0.565825	0	0	0	0	63	0	0	0	0	0.0	0.0	0.0	0.0	0.351162	0.0	0.0	0.0	0.0	0.0	0.0	0.0	0.0	2030.02	0.0	0.0	0.0	0.0	0.0	0.0	0.0	0.0	32.2225	0.0	0.0	0.0	0.0	0	0	0	0	45	0	0	0	0	0	0	0	0	0	0	0	0	0	0	0	0	0	18	0	0	0	0	0	0	0	0	0	0	0	0	0	0	0	0	0	0	0	0	0	0	0	0	0	0	0	0	0	0	0	0.0	0.0	0.0	0.0	0.000338	0.0	0.0	0.0	0.0	0.0	0.0	0.0	0.0	1.0	0.0	0.0	0.0	0.0	
66	66	2135.870312211	4113.639	4113.639	1.67916	0.551266	0	0	0	0	64	0	0	0	0	0.0	0.0	0.0	0.0	0.416046	0.0	0.0	0.0	0.0	0.0	0.0	0.0	0.0	2042.27	0.0	0.0	0.0	0.0	0.0	0.0	0.0	0.0	31.9105	0.0	0.0	0.0	0.0	0	0	0	0	46	0	0	0	0	0	0	0	0	0	0	0	0	0	0	0	0	0	18	0	0	0	0	0	0	0	0	0	0	0	0	0	0	0	0	0	0	0	0	0	0	0	0	0	0	0	0	0	0	0	0.0	0.0	0.0	0.0	0.000409	0.0	0.0	0.0	0.0	0.0	0.0	0.0	0.0	1.0	0.0	0.0	0.0	0.0	
67	67	2204.899006444	4113.639	4113.639	1.64002	0.543488	0	0	0	0	65	0	0	0	0	0.0	0.0	0.0	0.0	0.374441	0.0	0.0	0.0	0.0	0.0	0.0	0.0	0.0	2111.3	0.0	0.0	0.0	0.0	0.0	0.0	0.0	0.0	32.4816	0.0	0.0	0.0	0.0	0	0	0	0	46	0	0	0	0	0	0	0	0	0	0	0	0	0	0	0	0	0	19	0	0	0	0	0	0	0	0	0	0	0	0	0	0	0	0	0	0	0	0	0	0	0	0	0	0	0	0	0	0	0	0.0	0.0	0.0	0.0	0.000355	0.0	0.0	0.0	0.0	0.0	0.0	0.0	0.0	1.0	0.0	0.0	0.0	0.0	
68	68	2226.932546258	4113.639	4113.639	1.436	0.498388	0	0	0	0	66	0	0	0	0	0.0	0.0	0.0	0.0	0.336997	0.0	0.0	0.0	0.0	0.0	0.0	0.0	0.0	2133.34	0.0	0.0	0.0	0.0	0.0	0.0	0.0	0.0	32.3233	0.0	0.0	0.0	0.0	0	0	0	0	46	0	0	0	0	0	0	0	0	0	0	0	0	0	0	0	0	0	20	0	0	0	0	0	0	0	0	0	0	0	0	0	0	0	0	0	0	0	0	0	0	0	0	0	0	0	0	0	0	0	0.0	0.0	0.0	0.0	0.000323	0.0	0.0	0.0	0.0	0.0	0.0	0.0	0.0	1.0	0.0	0.0	0.0	0.0	
69	69	2240.209167148	4113.639	4113.639	1.37639	0.483579	0	0	0	0	67	0	0	0	0	0.0	0.0	0.0	0.0	0.303297	0.0	0.0	0.0	0.0	0.0	0.0	0.0	0.0	2146.61	0.0	0.0	0.0	0.0	0.0	0.0	0.0	0.0	32.039	0.0	0.0	0.0	0.0	0	0	0	0	46	0	0	0	0	0	0	0	0	0	0	0	0	0	0	0	0	0	21	0	0	0	0	0	0	0	0	0	0	0	0	0	0	0	0	0	0	0	0	0	0	0	0	0	0	0	0	0	0	0	0.0	0.0	0.0	0.0	0.000295	0.0	0.0	0.0	0.0	0.0	0.0	0.0	0.0	1.0	0.0	0.0	0.0	0.0	
70	70	2269.631095154	4110.25	4110.25	1.34166	0.474571	0	0	0	0	68	0	0	0	0	0.0	0.0	0.0	0.0	0.372968	0.0	0.0	0.0	0.0	0.0	0.0	0.0	0.0	2176.03	0.0	0.0	0.0	0.0	0.0	0.0	0.0	0.0	32.0005	0.0	0.0	0.0	0.0	0	0	0	0	47	0	0	0	0	0	0	0	0	0	0	0	0	0	0	0	0	0	21	0	0	0	0	0	0	0	0	0	0	0	0	0	0	0	0	0	0	0	0	0	0	0	0	0	0	0	0	0	0	0	0.0	0.0	0.0	0.0	0.000364	0.0	0.0	0.0	0.0	0.0	0.0	0.0	0.0	1.0	0.0	0.0	0.0	0.0	
71	71	2279.823911647	4098.083	4098.083	1.26781	0.454406	0	0	0	0	69	0	0	0	0	0.0	0.0	0.0	0.0	0.435671	0.0	0.0	0.0	0.0	0.0	0.0	0.0	0.0	2186.23	0.0	0.0	0.0	0.0	0.0	0.0	0.0	0.0	31.6845	0.0	0.0	0.0	0.0	0	0	0	0	48	0	0	0	0	0	0	0	0	0	0	0	0	0	0	0	0	0	21	0	0	0	0	0	0	0	0	0	0	0	0	0	0	0	0	0	0	0	0	0	0	0	0	0	0	0	0	0	0	0	0.0	0.0	0.0	0.0	0.000434	0.0	0.0	0.0	0.0	0.0	0.0	0.0	0.0	1.0	0.0	0.0	0.0	0.0	
72	72	2341.862092641	4098.083	4098.083	1.24318	0.447361	0	0	0	0	70	0	0	0	0	0.0	0.0	0.0	0.0	0.392104	0.0	0.0	0.0	0.0	0.0	0.0	0.0	0.0	2248.27	0.0	0.0	0.0	0.0	0.0	0.0	0.0	0.0	32.1181	0.0	0.0	0.0	0.0	0	0	0	0	48	0	0	0	0	0	0	0	0	0	0	0	0	0	0	0	0	0	22	0	0	0	0	0	0	0	0	0	0	0	0	0	0	0	0	0	0	0	0	0	0	0	0	0	0	0	0	0	0	0	0.0	0.0	0.0	0.0	0.00038	0.0	0.0	0.0	0.0	0.0	0.0	0.0	0.0	1.0	0.0	0.0	0.0	0.0	
73	73	2357.327268777	4098.083	4098.083	1.10327	0.403978	0	0	0	0	71	0	0	0	0	0.0	0.0	0.0	0.0	0.352893	0.0	0.0	0.0	0.0	0.0	0.0	0.0	0.0	2263.73	0.0	0.0	0.0	0.0	0.0	0.0	0.0	0.0	31.8835	0.0	0.0	0.0	0.0	0	0	0	0	48	0	0	0	0	0	0	0	0	0	0	0	0	0	0	0	0	0	23	0	0	0	0	0	0	0	0	0	0	0	0	0	0	0	0	0	0	0	0	0	0	0	0	0	0	0	0	0	0	0	0.0	0.0	0.0	0.0	0.000347	0.0	0.0	0.0	0.0	0.0	0.0	0.0	0.0	1.0	0.0	0.0	0.0	0.0	
74	74	2388.326460208	4088.361	4088.361	1.07092	0.393066	0	0	0	0	72	0	0	0	0	0.0	0.0	0.0	0.0	0.417604	0.0	0.0	0.0	0.0	0.0	0.0	0.0	0.0	2294.73	0.0	0.0	0.0	0.0	0.0	0.0	0.0	0.0	31.8712	0.0	0.0	0.0	0.0	0	0	0	0	49	0	0	0	0	0	0	0	0	0	0	0	0	0	0	0	0	0	23	0	0	0	0	0	0	0	0	0	0	0	0	0	0	0	0	0	0	0	0	0	0	0	0	0	0	0	0	0	0	0	0.0	0.0	0.0	0.0	0.000411	0.0	0.0	0.0	0.0	0.0	0.0	0.0	0.0	1.0	0.0	0.0	0.0	0.0	
75	75	2404.093728236	4086.861	4086.861	1.0089	0.371139	0	0	0	0	73	0	0	0	0	0.0	0.0	0.0	0.0	0.475844	0.0	0.0	0.0	0.0	0.0	0.0	0.0	0.0	2310.5	0.0	0.0	0.0	0.0	0.0	0.0	0.0	0.0	31.6506	0.0	0.0	0.0	0.0	0	0	0	0	50	0	0	0	0	0	0	0	0	0	0	0	0	0	0	0	0	0	23	0	0	0	0	0	0	0	0	0	0	0	0	0	0	0	0	0	0	0	0	0	0	0	0	0	0	0	0	0	0	0	0.0	0.0	0.0	0.0	0.000475	0.0	0.0	0.0	0.0	0.0	0.0	0.0	0.0	1.0	0.0	0.0	0.0	0.0	
76	76	2412.674420174	4086.861	4086.861	0.978745	0.359976	0	0	0	0	74	0	0	0	0	0.0	0.0	0.0	0.0	0.428259	0.0	0.0	0.0	0.0	0.0	0.0	0.0	0.0	2319.08	0.0	0.0	0.0	0.0	0.0	0.0	0.0	0.0	31.3389	0.0	0.0	0.0	0.0	0	0	0	0	50	0	0	0	0	0	0	0	0	0	0	0	0	0	0	0	0	0	24	0	0	0	0	0	0	0	0	0	0	0	0	0	0	0	0	0	0	0	0	0	0	0	0	0	0	0	0	0	0	0	0.0	0.0	0.0	0.0	0.000436	0.0	0.0	0.0	0.0	0.0	0.0	0.0	0.0	1.0	0.0	0.0	0.0	0.0	
77	77	2432.380804563	4086.861	4086.861	0.962715	0.353904	0	0	0	0	75	0	0	0	0	0.0	0.0	0.0	0.0	0.385433	0.0	0.0	0.0	0.0	0.0	0.0	0.0	0.0	2338.78	0.0	0.0	0.0	0.0	0.0	0.0	0.0	0.0	31.1838	0.0	0.0	0.0	0.0	0	0	0	0	50	0	0	0	0	0	0	0	0	0	0	0	0	0	0	0	0	0	25	0	0	0	0	0	0	0	0	0	0	0	0	0	0	0	0	0	0	0	0	0	0	0	0	0	0	0	0	0	0	0	0.0	0.0	0.0	0.0	0.000396	0.0	0.0	0.0	0.0	0.0	0.0	0.0	0.0	1.0	0.0	0.0	0.0	0.0	
78	78	2437.72324986	4086.861	4086.861	0.926888	0.339976	0	0	0	0	76	0	0	0	0	0.0	0.0	0.0	0.0	0.34689	0.0	0.0	0.0	0.0	0.0	0.0	0.0	0.0	2344.13	0.0	0.0	0.0	0.0	0.0	0.0	0.0	0.0	30.8438	0.0	0.0	0.0	0.0	0	0	0	0	50	0	0	0	0	0	0	0	0	0	0	0	0	0	0	0	0	0	26	0	0	0	0	0	0	0	0	0	0	0	0	0	0	0	0	0	0	0	0	0	0	0	0	0	0	0	0	0	0	0	0.0	0.0	0.0	0.0	0.000365	0.0	0.0	0.0	0.0	0.0	0.0	0.0	0.0	1.0	0.0	0.0	0.0	0.0	
79	79	2447.468480893	4086.861	4086.861	0.917407	0.336207	0	0	0	0	77	0	0	0	0	0.0	0.0	0.0	0.0	0.312201	0.0	0.0	0.0	0.0	0.0	0.0	0.0	0.0	2353.87	0.0	0.0	0.0	0.0	0.0	0.0	0.0	0.0	30.5698	0.0	0.0	0.0	0.0	0	0	0	0	50	0	0	0	0	0	0	0	0	0	0	0	0	0	0	0	0	0	27	0	0	0	0	0	0	0	0	0	0	0	0	0	0	0	0	0	0	0	0	0	0	0	0	0	0	0	0	0	0	0	0.0	0.0	0.0	0.0	0.000334	0.0	0.0	0.0	0.0	0.0	0.0	0.0	0.0	1.0	0.0	0.0	0.0	0.0	
80	80	2467.378259155	4086.861	4086.861	0.900362	0.32934	0	0	0	0	78	0	0	0	0	0.0	0.0	0.0	0.0	0.280981	0.0	0.0	0.0	0.0	0.0	0.0	0.0	0.0	2373.78	0.0	0.0	0.0	0.0	0.0	0.0	0.0	0.0	30.4331	0.0	0.0	0.0	0.0	0	0	0	0	50	0	0	0	0	0	0	0	0	0	0	0	0	0	0	0	0	0	28	0	0	0	0	0	0	0	0	0	0	0	0	0	0	0	0	0	0	0	0	0	0	0	0	0	0	0	0	0	0	0	0.0	0.0	0.0	0.0	0.000303	0.0	0.0	0.0	0.0	0.0	0.0	0.0	0.0	1.0	0.0	0.0	0.0	0.0	
81	81	2474.318748787	4080.361	4080.361	0.866516	0.315358	0	0	0	0	79	0	0	0	0	0.0	0.0	0.0	0.0	0.352883	0.0	0.0	0.0	0.0	0.0	0.0	0.0	0.0	2380.72	0.0	0.0	0.0	0.0	0.0	0.0	0.0	0.0	30.1357	0.0	0.0	0.0	0.0	0	0	0	0	51	0	0	0	0	0	0	0	0	0	0	0	0	0	0	0	0	0	28	0	0	0	0	0	0	0	0	0	0	0	0	0	0	0	0	0	0	0	0	0	0	0	0	0	0	0	0	0	0	0	0.0	0.0	0.0	0.0	0.000389	0.0	0.0	0.0	0.0	0.0	0.0	0.0	0.0	1.0	0.0	0.0	0.0	0.0	
82	82	2559.585158785	4078.944	4078.944	0.855019	0.310502	0	0	0	0	80	0	0	0	0	0.0	0.0	0.0	0.0	0.417595	0.0	0.0	0.0	0.0	0.0	0.0	0.0	0.0	2465.99	0.0	0.0	0.0	0.0	0.0	0.0	0.0	0.0	30.8249	0.0	0.0	0.0	0.0	0	0	0	0	52	0	0	0	0	0	0	0	0	0	0	0	0	0	0	0	0	0	28	0	0	0	0	0	0	0	0	0	0	0	0	0	0	0	0	0	0	0	0	0	0	0	0	0	0	0	0	0	0	0	0.0	0.0	0.0	0.0	0.000439	0.0	0.0	0.0	0.0	0.0	0.0	0.0	0.0	1.0	0.0	0.0	0.0	0.0	
83	83	2566.880469668	4077.944	4077.944	0.725622	0.25205	0	0	0	0	81	0	0	0	0	0.0	0.0	0.0	0.0	0.475835	0.0	0.0	0.0	0.0	0.0	0.0	0.0	0.0	2473.28	0.0	0.0	0.0	0.0	0.0	0.0	0.0	0.0	30.5344	0.0	0.0	0.0	0.0	0	0	0	0	53	0	0	0	0	0	0	0	0	0	0	0	0	0	0	0	0	0	28	0	0	0	0	0	0	0	0	0	0	0	0	0	0	0	0	0	0	0	0	0	0	0	0	0	0	0	0	0	0	0	0.0	0.0	0.0	0.0	0.00051	0.0	0.0	0.0	0.0	0.0	0.0	0.0	0.0	1.0	0.0	0.0	0.0	0.0	
84	84	2593.846887629	4077.944	4077.944	0.715506	0.247186	0	0	0	0	82	0	0	0	0	0.0	0.0	0.0	0.0	0.428252	0.0	0.0	0.0	0.0	0.0	0.0	0.0	0.0	2500.25	0.0	0.0	0.0	0.0	0.0	0.0	0.0	0.0	30.4909	0.0	0.0	0.0	0.0	0	0	0	0	53	0	0	0	0	0	0	0	0	0	0	0	0	0	0	0	0	0	29	0	0	0	0	0	0	0	0	0	0	0	0	0	0	0	0	0	0	0	0	0	0	0	0	0	0	0	0	0	0	0	0.0	0.0	0.0	0.0	0.000461	0.0	0.0	0.0	0.0	0.0	0.0	0.0	0.0	1.0	0.0	0.0	0.0	0.0	
85	85	2606.826505138	4077.944	4077.944	0.67932	0.229452	0	0	0	0	83	0	0	0	0	0.0	0.0	0.0	0.0	0.385426	0.0	0.0	0.0	0.0	0.0	0.0	0.0	0.0	2513.23	0.0	0.0	0.0	0.0	0.0	0.0	0.0	0.0	30.2799	0.0	0.0	0.0	0.0	0	0	0	0	53	0	0	0	0	0	0	0	0	0	0	0	0	0	0	0	0	0	30	0	0	0	0	0	0	0	0	0	0	0	0	0	0	0	0	0	0	0	0	0	0	0	0	0	0	0	0	0	0	0	0.0	0.0	0.0	0.0	0.00042	0.0	0.0	0.0	0.0	0.0	0.0	0.0	0.0	1.0	0.0	0.0	0.0	0.0	
86	86	2656.428615059	4074.944	4074.944	0.662562	0.221066	0	0	0	0	84	0	0	0	0	0.0	0.0	0.0	0.0	0.446884	0.0	0.0	0.0	0.0	0.0	0.0	0.0	0.0	2562.83	0.0	0.0	0.0	0.0	0.0	0.0	0.0	0.0	30.5099	0.0	0.0	0.0	0.0	0	0	0	0	54	0	0	0	0	0	0	0	0	0	0	0	0	0	0	0	0	0	30	0	0	0	0	0	0	0	0	0	0	0	0	0	0	0	0	0	0	0	0	0	0	0	0	0	0	0	0	0	0	0	0.0	0.0	0.0	0.0	0.00048	0.0	0.0	0.0	0.0	0.0	0.0	0.0	0.0	1.0	0.0	0.0	0.0	0.0	
87	87	2660.238611037	4063.444	4063.444	0.602239	0.19005	0	0	0	0	85	0	0	0	0	0.0	0.0	0.0	0.0	0.502195	0.0	0.0	0.0	0.0	0.0	0.0	0.0	0.0	2566.64	0.0	0.0	0.0	0.0	0.0	0.0	0.0	0.0	30.1958	0.0	0.0	0.0	0.0	0	0	0	0	55	0	0	0	0	0	0	0	0	0	0	0	0	0	0	0	0	0	30	0	0	0	0	0	0	0	0	0	0	0	0	0	0	0	0	0	0	0	0	0	0	0	0	0	0	0	0	0	0	0	0.0	0.0	0.0	0.0	0.000551	0.0	0.0	0.0	0.0	0.0	0.0	0.0	0.0	1.0	0.0	0.0	0.0	0.0	
88	88	2674.837292415	4063.444	4063.444	0.59784	0.187742	0	0	0	0	86	0	0	0	0	0.0	0.0	0.0	0.0	0.451976	0.0	0.0	0.0	0.0	0.0	0.0	0.0	0.0	2581.24	0.0	0.0	0.0	0.0	0.0	0.0	0.0	0.0	30.0144	0.0	0.0	0.0	0.0	0	0	0	0	55	0	0	0	0	0	0	0	0	0	0	0	0	0	0	0	0	0	31	0	0	0	0	0	0	0	0	0	0	0	0	0	0	0	0	0	0	0	0	0	0	0	0	0	0	0	0	0	0	0	0.0	0.0	0.0	0.0	0.000502	0.0	0.0	0.0	0.0	0.0	0.0	0.0	0.0	1.0	0.0	0.0	0.0	0.0	
89	89	2679.779922319	4063.444	4063.444	0.581277	0.179004	0	0	0	0	87	0	0	0	0	0.0	0.0	0.0	0.0	0.406778	0.0	0.0	0.0	0.0	0.0	0.0	0.0	0.0	2586.18	0.0	0.0	0.0	0.0	0.0	0.0	0.0	0.0	29.7262	0.0	0.0	0.0	0.0	0	0	0	0	55	0	0	0	0	0	0	0	0	0	0	0	0	0	0	0	0	0	32	0	0	0	0	0	0	0	0	0	0	0	0	0	0	0	0	0	0	0	0	0	0	0	0	0	0	0	0	0	0	0	0.0	0.0	0.0	0.0	0.00046	0.0	0.0	0.0	0.0	0.0	0.0	0.0	0.0	1.0	0.0	0.0	0.0	0.0	
90	90	2687.856762717	4061.444	4061.444	0.575774	0.176084	0	0	0	0	88	0	0	0	0	0.0	0.0	0.0	0.0	0.4661	0.0	0.0	0.0	0.0	0.0	0.0	0.0	0.0	2594.26	0.0	0.0	0.0	0.0	0.0	0.0	0.0	0.0	29.4802	0.0	0.0	0.0	0.0	0	0	0	0	56	0	0	0	0	0	0	0	0	0	0	0	0	0	0	0	0	0	32	0	0	0	0	0	0	0	0	0	0	0	0	0	0	0	0	0	0	0	0	0	0	0	0	0	0	0	0	0	0	0	0.0	0.0	0.0	0.0	0.000536	0.0	0.0	0.0	0.0	0.0	0.0	0.0	0.0	1.0	0.0	0.0	0.0	0.0	
91	91	2708.433866794	4061.444	4061.444	0.566894	0.171358	0	0	0	0	89	0	0	0	0	0.0	0.0	0.0	0.0	0.41949	0.0	0.0	0.0	0.0	0.0	0.0	0.0	0.0	2614.84	0.0	0.0	0.0	0.0	0.0	0.0	0.0	0.0	29.3802	0.0	0.0	0.0	0.0	0	0	0	0	56	0	0	0	0	0	0	0	0	0	0	0	0	0	0	0	0	0	33	0	0	0	0	0	0	0	0	0	0	0	0	0	0	0	0	0	0	0	0	0	0	0	0	0	0	0	0	0	0	0	0.0	0.0	0.0	0.0	0.000486	0.0	0.0	0.0	0.0	0.0	0.0	0.0	0.0	1.0	0.0	0.0	0.0	0.0	
92	92	2719.454914992	4061.444	4061.444	0.544883	0.159573	0	0	0	0	90	0	0	0	0	0.0	0.0	0.0	0.0	0.377541	0.0	0.0	0.0	0.0	0.0	0.0	0.0	0.0	2625.86	0.0	0.0	0.0	0.0	0.0	0.0	0.0	0.0	29.1762	0.0	0.0	0.0	0.0	0	0	0	0	56	0	0	0	0	0	0	0	0	0	0	0	0	0	0	0	0	0	34	0	0	0	0	0	0	0	0	0	0	0	0	0	0	0	0	0	0	0	0	0	0	0	0	0	0	0	0	0	0	0	0.0	0.0	0.0	0.0	0.000444	0.0	0.0	0.0	0.0	0.0	0.0	0.0	0.0	1.0	0.0	0.0	0.0	0.0	
93	93	2738.620761439	4061.444	4061.444	0.533448	0.153417	0	0	0	0	91	0	0	0	0	0.0	0.0	0.0	0.0	0.339787	0.0	0.0	0.0	0.0	0.0	0.0	0.0	0.0	2645.02	0.0	0.0	0.0	0.0	0.0	0.0	0.0	0.0	29.0662	0.0	0.0	0.0	0.0	0	0	0	0	56	0	0	0	0	0	0	0	0	0	0	0	0	0	0	0	0	0	35	0	0	0	0	0	0	0	0	0	0	0	0	0	0	0	0	0	0	0	0	0	0	0	0	0	0	0	0	0	0	0	0.0	0.0	0.0	0.0	0.000402	0.0	0.0	0.0	0.0	0.0	0.0	0.0	0.0	1.0	0.0	0.0	0.0	0.0	
94	94	2747.224134539	4061.444	4061.444	0.51413	0.142983	0	0	0	0	92	0	0	0	0	0.0	0.0	0.0	0.0	0.305809	0.0	0.0	0.0	0.0	0.0	0.0	0.0	0.0	2653.63	0.0	0.0	0.0	0.0	0.0	0.0	0.0	0.0	28.8438	0.0	0.0	0.0	0.0	0	0	0	0	56	0	0	0	0	0	0	0	0	0	0	0	0	0	0	0	0	0	36	0	0	0	0	0	0	0	0	0	0	0	0	0	0	0	0	0	0	0	0	0	0	0	0	0	0	0	0	0	0	0	0.0	0.0	0.0	0.0	0.000368	0.0	0.0	0.0	0.0	0.0	0.0	0.0	0.0	1.0	0.0	0.0	0.0	0.0	
95	95	2756.158655696	4058.444	4058.444	0.505688	0.138414	0	0	0	0	93	0	0	0	0	0.0	0.0	0.0	0.0	0.375228	0.0	0.0	0.0	0.0	0.0	0.0	0.0	0.0	2662.56	0.0	0.0	0.0	0.0	0.0	0.0	0.0	0.0	28.6297	0.0	0.0	0.0	0.0	0	0	0	0	57	0	0	0	0	0	0	0	0	0	0	0	0	0	0	0	0	0	36	0	0	0	0	0	0	0	0	0	0	0	0	0	0	0	0	0	0	0	0	0	0	0	0	0	0	0	0	0	0	0	0.0	0.0	0.0	0.0	0.000458	0.0	0.0	0.0	0.0	0.0	0.0	0.0	0.0	1.0	0.0	0.0	0.0	0.0	
96	96	2766.044338936	4058.444	4058.444	0.497067	0.133748	0	0	0	0	94	0	0	0	0	0.0	0.0	0.0	0.0	0.337705	0.0	0.0	0.0	0.0	0.0	0.0	0.0	0.0	2672.45	0.0	0.0	0.0	0.0	0.0	0.0	0.0	0.0	28.4303	0.0	0.0	0.0	0.0	0	0	0	0	57	0	0	0	0	0	0	0	0	0	0	0	0	0	0	0	0	0	37	0	0	0	0	0	0	0	0	0	0	0	0	0	0	0	0	0	0	0	0	0	0	0	0	0	0	0	0	0	0	0	0.0	0.0	0.0	0.0	0.000418	0.0	0.0	0.0	0.0	0.0	0.0	0.0	0.0	1.0	0.0	0.0	0.0	0.0	
97	97	2773.352938513	4058.444	4058.444	0.4877	0.128678	0	0	0	0	95	0	0	0	0	0.0	0.0	0.0	0.0	0.303934	0.0	0.0	0.0	0.0	0.0	0.0	0.0	0.0	2679.76	0.0	0.0	0.0	0.0	0.0	0.0	0.0	0.0	28.208	0.0	0.0	0.0	0.0	0	0	0	0	57	0	0	0	0	0	0	0	0	0	0	0	0	0	0	0	0	0	38	0	0	0	0	0	0	0	0	0	0	0	0	0	0	0	0	0	0	0	0	0	0	0	0	0	0	0	0	0	0	0	0.0	0.0	0.0	0.0	0.000382	0.0	0.0	0.0	0.0	0.0	0.0	0.0	0.0	1.0	0.0	0.0	0.0	0.0	
98	98	2905.42285288	4053.361	4053.361	0.480888	0.124995	0	0	0	0	96	0	0	0	0	0.0	0.0	0.0	0.0	0.373541	0.0	0.0	0.0	0.0	0.0	0.0	0.0	0.0	2811.83	0.0	0.0	0.0	0.0	0.0	0.0	0.0	0.0	29.2898	0.0	0.0	0.0	0.0	0	0	0	0	58	0	0	0	0	0	0	0	0	0	0	0	0	0	0	0	0	0	38	0	0	0	0	0	0	0	0	0	0	0	0	0	0	0	0	0	0	0	0	0	0	0	0	0	0	0	0	0	0	0	0.0	0.0	0.0	0.0	0.000435	0.0	0.0	0.0	0.0	0.0	0.0	0.0	0.0	1.0	0.0	0.0	0.0	0.0	
99	99	2911.482897542	4053.361	4053.361	0.372959	0.068477	0	0	0	0	97	0	0	0	0	0.0	0.0	0.0	0.0	0.336187	0.0	0.0	0.0	0.0	0.0	0.0	0.0	0.0	2817.89	0.0	0.0	0.0	0.0	0.0	0.0	0.0	0.0	29.0504	0.0	0.0	0.0	0.0	0	0	0	0	58	0	0	0	0	0	0	0	0	0	0	0	0	0	0	0	0	0	39	0	0	0	0	0	0	0	0	0	0	0	0	0	0	0	0	0	0	0	0	0	0	0	0	0	0	0	0	0	0	0	0.0	0.0	0.0	0.0	0.000398	0.0	0.0	0.0	0.0	0.0	0.0	0.0	0.0	1.0	0.0	0.0	0.0	0.0	
100	100	2921.478451638	4053.361	4053.361	0.368634	0.066356	0	0	0	0	98	0	0	0	0	0.0	0.0	0.0	0.0	0.302568	0.0	0.0	0.0	0.0	0.0	0.0	0.0	0.0	2827.88	0.0	0.0	0.0	0.0	0.0	0.0	0.0	0.0	28.8559	0.0	0.0	0.0	0.0	0	0	0	0	58	0	0	0	0	0	0	0	0	0	0	0	0	0	0	0	0	0	40	0	0	0	0	0	0	0	0	0	0	0	0	0	0	0	0	0	0	0	0	0	0	0	0	0	0	0	0	0	0	0	0.0	0.0	0.0	0.0	0.000363	0.0	0.0	0.0	0.0	0.0	0.0	0.0	0.0	1.0	0.0	0.0	0.0	0.0	
101	101	2946.435363101	4053.361	4053.361	0.361611	0.062951	0	0	0	0	99	0	0	0	0	0.0	0.0	0.0	0.0	0.272311	0.0	0.0	0.0	0.0	0.0	0.0	0.0	0.0	2852.84	0.0	0.0	0.0	0.0	0.0	0.0	0.0	0.0	28.8165	0.0	0.0	0.0	0.0	0	0	0	0	58	0	0	0	0	0	0	0	0	0	0	0	0	0	0	0	0	0	41	0	0	0	0	0	0	0	0	0	0	0	0	0	0	0	0	0	0	0	0	0	0	0	0	0	0	0	0	0	0	0	0.0	0.0	0.0	0.0	0.000328	0.0	0.0	0.0	0.0	0.0	0.0	0.0	0.0	1.0	0.0	0.0	0.0	0.0	
102	102	2949.843445984	4053.361	4053.361	0.344654	0.054943	0	0	0	0	100	0	0	0	0	0.0	0.0	0.0	0.0	0.24508	0.0	0.0	0.0	0.0	0.0	0.0	0.0	0.0	2856.25	0.0	0.0	0.0	0.0	0.0	0.0	0.0	0.0	28.5625	0.0	0.0	0.0	0.0	0	0	0	0	58	0	0	0	0	0	0	0	0	0	0	0	0	0	0	0	0	0	42	0	0	0	0	0	0	0	0	0	0	0	0	0	0	0	0	0	0	0	0	0	0	0	0	0	0	0	0	0	0	0	0.0	0.0	0.0	0.0	0.0003	0.0	0.0	0.0	0.0	0.0	0.0	0.0	0.0	1.0	0.0	0.0	0.0	0.0	
103	103	2959.79980456	4053.361	4053.361	0.3424	0.053904	0	0	0	0	101	0	0	0	0	0.0	0.0	0.0	0.0	0.220572	0.0	0.0	0.0	0.0	0.0	0.0	0.0	0.0	2866.2	0.0	0.0	0.0	0.0	0.0	0.0	0.0	0.0	28.3782	0.0	0.0	0.0	0.0	0	0	0	0	58	0	0	0	0	0	0	0	0	0	0	0	0	0	0	0	0	0	43	0	0	0	0	0	0	0	0	0	0	0	0	0	0	0	0	0	0	0	0	0	0	0	0	0	0	0	0	0	0	0	0.0	0.0	0.0	0.0	0.000274	0.0	0.0	0.0	0.0	0.0	0.0	0.0	0.0	1.0	0.0	0.0	0.0	0.0	
104	104	2969.936574153	4053.361	4053.361	0.335902	0.050942	0	0	0	0	102	0	0	0	0	0.0	0.0	0.0	0.0	0.198515	0.0	0.0	0.0	0.0	0.0	0.0	0.0	0.0	2876.34	0.0	0.0	0.0	0.0	0.0	0.0	0.0	0.0	28.1994	0.0	0.0	0.0	0.0	0	0	0	0	58	0	0	0	0	0	0	0	0	0	0	0	0	0	0	0	0	0	44	0	0	0	0	0	0	0	0	0	0	0	0	0	0	0	0	0	0	0	0	0	0	0	0	0	0	0	0	0	0	0	0.0	0.0	0.0	0.0	0.00025	0.0	0.0	0.0	0.0	0.0	0.0	0.0	0.0	1.0	0.0	0.0	0.0	0.0	
105	105	2995.038998211	4053.361	4053.361	0.329413	0.048041	0	0	0	0	103	0	0	0	0	0.0	0.0	0.0	0.0	0.178663	0.0	0.0	0.0	0.0	0.0	0.0	0.0	0.0	2901.44	0.0	0.0	0.0	0.0	0.0	0.0	0.0	0.0	28.1693	0.0	0.0	0.0	0.0	0	0	0	0	58	0	0	0	0	0	0	0	0	0	0	0	0	0	0	0	0	0	45	0	0	0	0	0	0	0	0	0	0	0	0	0	0	0	0	0	0	0	0	0	0	0	0	0	0	0	0	0	0	0	0.0	0.0	0.0	0.0	0.000225	0.0	0.0	0.0	0.0	0.0	0.0	0.0	0.0	1.0	0.0	0.0	0.0	0.0	
106	106	3007.665979228	4053.361	4053.361	0.313877	0.041339	0	0	0	0	104	0	0	0	0	0.0	0.0	0.0	0.0	0.160797	0.0	0.0	0.0	0.0	0.0	0.0	0.0	0.0	2914.07	0.0	0.0	0.0	0.0	0.0	0.0	0.0	0.0	28.0199	0.0	0.0	0.0	0.0	0	0	0	0	58	0	0	0	0	0	0	0	0	0	0	0	0	0	0	0	0	0	46	0	0	0	0	0	0	0	0	0	0	0	0	0	0	0	0	0	0	0	0	0	0	0	0	0	0	0	0	0	0	0	0.0	0.0	0.0	0.0	0.000205	0.0	0.0	0.0	0.0	0.0	0.0	0.0	0.0	1.0	0.0	0.0	0.0	0.0	
107	107	3019.30248568	4053.361	4053.361	0.306342	0.038223	0	0	0	0	105	0	0	0	0	0.0	0.0	0.0	0.0	0.144717	0.0	0.0	0.0	0.0	0.0	0.0	0.0	0.0	2925.7	0.0	0.0	0.0	0.0	0.0	0.0	0.0	0.0	27.8639	0.0	0.0	0.0	0.0	0	0	0	0	58	0	0	0	0	0	0	0	0	0	0	0	0	0	0	0	0	0	47	0	0	0	0	0	0	0	0	0	0	0	0	0	0	0	0	0	0	0	0	0	0	0	0	0	0	0	0	0	0	0	0.0	0.0	0.0	0.0	0.000186	0.0	0.0	0.0	0.0	0.0	0.0	0.0	0.0	1.0	0.0	0.0	0.0	0.0	
108	108	3026.99305052	4053.361	4053.361	0.299558	0.035499	0	0	0	0	106	0	0	0	0	0.0	0.0	0.0	0.0	0.130246	0.0	0.0	0.0	0.0	0.0	0.0	0.0	0.0	2933.4	0.0	0.0	0.0	0.0	0.0	0.0	0.0	0.0	27.6735	0.0	0.0	0.0	0.0	0	0	0	0	58	0	0	0	0	0	0	0	0	0	0	0	0	0	0	0	0	0	48	0	0	0	0	0	0	0	0	0	0	0	0	0	0	0	0	0	0	0	0	0	0	0	0	0	0	0	0	0	0	0	0.0	0.0	0.0	0.0	0.00017	0.0	0.0	0.0	0.0	0.0	0.0	0.0	0.0	1.0	0.0	0.0	0.0	0.0	
109	109	3056.257061686	4043.361	4043.361	0.295157	0.033775	0	0	0	0	107	0	0	0	0	0.0	0.0	0.0	0.0	0.217221	0.0	0.0	0.0	0.0	0.0	0.0	0.0	0.0	2962.66	0.0	0.0	0.0	0.0	0.0	0.0	0.0	0.0	27.6884	0.0	0.0	0.0	0.0	0	0	0	0	59	0	0	0	0	0	0	0	0	0	0	0	0	0	0	0	0	0	48	0	0	0	0	0	0	0	0	0	0	0	0	0	0	0	0	0	0	0	0	0	0	0	0	0	0	0	0	0	0	0	0.0	0.0	0.0	0.0	0.000283	0.0	0.0	0.0	0.0	0.0	0.0	0.0	0.0	1.0	0.0	0.0	0.0	0.0	
110	110	3067.72703102	4043.361	4043.361	0.278994	0.027756	0	0	0	0	108	0	0	0	0	0.0	0.0	0.0	0.0	0.195499	0.0	0.0	0.0	0.0	0.0	0.0	0.0	0.0	2974.13	0.0	0.0	0.0	0.0	0.0	0.0	0.0	0.0	27.5382	0.0	0.0	0.0	0.0	0	0	0	0	59	0	0	0	0	0	0	0	0	0	0	0	0	0	0	0	0	0	49	0	0	0	0	0	0	0	0	0	0	0	0	0	0	0	0	0	0	0	0	0	0	0	0	0	0	0	0	0	0	0	0.0	0.0	0.0	0.0	0.000258	0.0	0.0	0.0	0.0	0.0	0.0	0.0	0.0	1.0	0.0	0.0	0.0	0.0	
111	111	3074.062928703	4043.361	4043.361	0.272903	0.025622	0	0	0	0	109	0	0	0	0	0.0	0.0	0.0	0.0	0.175949	0.0	0.0	0.0	0.0	0.0	0.0	0.0	0.0	2980.47	0.0	0.0	0.0	0.0	0.0	0.0	0.0	0.0	27.3437	0.0	0.0	0.0	0.0	0	0	0	0	59	0	0	0	0	0	0	0	0	0	0	0	0	0	0	0	0	0	50	0	0	0	0	0	0	0	0	0	0	0	0	0	0	0	0	0	0	0	0	0	0	0	0	0	0	0	0	0	0	0	0.0	0.0	0.0	0.0	0.000235	0.0	0.0	0.0	0.0	0.0	0.0	0.0	0.0	1.0	0.0	0.0	0.0	0.0	
112	112	3081.384051251	4043.361	4043.361	0.269595	0.024496	0	0	0	0	110	0	0	0	0	0.0	0.0	0.0	0.0	0.158354	0.0	0.0	0.0	0.0	0.0	0.0	0.0	0.0	2987.79	0.0	0.0	0.0	0.0	0.0	0.0	0.0	0.0	27.1617	0.0	0.0	0.0	0.0	0	0	0	0	59	0	0	0	0	0	0	0	0	0	0	0	0	0	0	0	0	0	51	0	0	0	0	0	0	0	0	0	0	0	0	0	0	0	0	0	0	0	0	0	0	0	0	0	0	0	0	0	0	0	0.0	0.0	0.0	0.0	0.000215	0.0	0.0	0.0	0.0	0.0	0.0	0.0	0.0	1.0	0.0	0.0	0.0	0.0	
113	113	3084.502462895	4043.361	4043.361	0.265823	0.02324	0	0	0	0	111	0	0	0	0	0.0	0.0	0.0	0.0	0.142519	0.0	0.0	0.0	0.0	0.0	0.0	0.0	0.0	2990.9	0.0	0.0	0.0	0.0	0.0	0.0	0.0	0.0	26.9451	0.0	0.0	0.0	0.0	0	0	0	0	59	0	0	0	0	0	0	0	0	0	0	0	0	0	0	0	0	0	52	0	0	0	0	0	0	0	0	0	0	0	0	0	0	0	0	0	0	0	0	0	0	0	0	0	0	0	0	0	0	0	0.0	0.0	0.0	0.0	0.000196	0.0	0.0	0.0	0.0	0.0	0.0	0.0	0.0	1.0	0.0	0.0	0.0	0.0	
114	114	3100.357497213	4043.361	4043.361	0.264233	0.022719	0	0	0	0	112	0	0	0	0	0.0	0.0	0.0	0.0	0.128267	0.0	0.0	0.0	0.0	0.0	0.0	0.0	0.0	3006.76	0.0	0.0	0.0	0.0	0.0	0.0	0.0	0.0	26.8461	0.0	0.0	0.0	0.0	0	0	0	0	59	0	0	0	0	0	0	0	0	0	0	0	0	0	0	0	0	0	53	0	0	0	0	0	0	0	0	0	0	0	0	0	0	0	0	0	0	0	0	0	0	0	0	0	0	0	0	0	0	0	0.0	0.0	0.0	0.0	0.000178	0.0	0.0	0.0	0.0	0.0	0.0	0.0	0.0	1.0	0.0	0.0	0.0	0.0	
115	115	3104.480745744	4043.361	4043.361	0.256292	0.020206	0	0	0	0	113	0	0	0	0	0.0	0.0	0.0	0.0	0.11544	0.0	0.0	0.0	0.0	0.0	0.0	0.0	0.0	3010.88	0.0	0.0	0.0	0.0	0.0	0.0	0.0	0.0	26.645	0.0	0.0	0.0	0.0	0	0	0	0	59	0	0	0	0	0	0	0	0	0	0	0	0	0	0	0	0	0	54	0	0	0	0	0	0	0	0	0	0	0	0	0	0	0	0	0	0	0	0	0	0	0	0	0	0	0	0	0	0	0	0.0	0.0	0.0	0.0	0.000163	0.0	0.0	0.0	0.0	0.0	0.0	0.0	0.0	1.0	0.0	0.0	0.0	0.0	
116	116	3145.076348397	4043.361	4043.361	0.254267	0.019587	0	0	0	0	114	0	0	0	0	0.0	0.0	0.0	0.0	0.103896	0.0	0.0	0.0	0.0	0.0	0.0	0.0	0.0	3051.48	0.0	0.0	0.0	0.0	0.0	0.0	0.0	0.0	26.7674	0.0	0.0	0.0	0.0	0	0	0	0	59	0	0	0	0	0	0	0	0	0	0	0	0	0	0	0	0	0	55	0	0	0	0	0	0	0	0	0	0	0	0	0	0	0	0	0	0	0	0	0	0	0	0	0	0	0	0	0	0	0	0.0	0.0	0.0	0.0	0.000145	0.0	0.0	0.0	0.0	0.0	0.0	0.0	0.0	1.0	0.0	0.0	0.0	0.0	
117	117	3164.150916849	4043.361	4043.361	0.235158	0.014229	0	0	0	0	115	0	0	0	0	0.0	0.0	0.0	0.0	0.093507	0.0	0.0	0.0	0.0	0.0	0.0	0.0	0.0	3070.55	0.0	0.0	0.0	0.0	0.0	0.0	0.0	0.0	26.7005	0.0	0.0	0.0	0.0	0	0	0	0	59	0	0	0	0	0	0	0	0	0	0	0	0	0	0	0	0	0	56	0	0	0	0	0	0	0	0	0	0	0	0	0	0	0	0	0	0	0	0	0	0	0	0	0	0	0	0	0	0	0	0.0	0.0	0.0	0.0	0.000131	0.0	0.0	0.0	0.0	0.0	0.0	0.0	0.0	1.0	0.0	0.0	0.0	0.0	
118	118	3344.342843835	4043.361	4043.361	0.226682	0.012137	0	0	0	0	116	0	0	0	0	0.0	0.0	0.0	0.0	0.084156	0.0	0.0	0.0	0.0	0.0	0.0	0.0	0.0	3250.74	0.0	0.0	0.0	0.0	0.0	0.0	0.0	0.0	28.0237	0.0	0.0	0.0	0.0	0	0	0	0	59	0	0	0	0	0	0	0	0	0	0	0	0	0	0	0	0	0	57	0	0	0	0	0	0	0	0	0	0	0	0	0	0	0	0	0	0	0	0	0	0	0	0	0	0	0	0	0	0	0	0.0	0.0	0.0	0.0	0.000107	0.0	0.0	0.0	0.0	0.0	0.0	0.0	0.0	1.0	0.0	0.0	0.0	0.0	
119	119	3347.364723743	4043.361	4043.361	0.160256	0.00195	0	0	0	0	117	0	0	0	0	0.0	0.0	0.0	0.0	0.07574	0.0	0.0	0.0	0.0	0.0	0.0	0.0	0.0	3253.77	0.0	0.0	0.0	0.0	0.0	0.0	0.0	0.0	27.81	0.0	0.0	0.0	0.0	0	0	0	0	59	0	0	0	0	0	0	0	0	0	0	0	0	0	0	0	0	0	58	0	0	0	0	0	0	0	0	0	0	0	0	0	0	0	0	0	0	0	0	0	0	0	0	0	0	0	0	0	0	0	0.0	0.0	0.0	0.0	9.8e-5	0.0	0.0	0.0	0.0	0.0	0.0	0.0	0.0	1.0	0.0	0.0	0.0	0.0	
120	120	3527.535251685	4043.361	4043.361	0.159326	0.00188	0	0	0	0	118	0	0	0	0	0.0	0.0	0.0	0.0	0.068166	0.0	0.0	0.0	0.0	0.0	0.0	0.0	0.0	3433.94	0.0	0.0	0.0	0.0	0.0	0.0	0.0	0.0	29.1012	0.0	0.0	0.0	0.0	0	0	0	0	59	0	0	0	0	0	0	0	0	0	0	0	0	0	0	0	0	0	59	0	0	0	0	0	0	0	0	0	0	0	0	0	0	0	0	0	0	0	0	0	0	0	0	0	0	0	0	0	0	0	0.0	0.0	0.0	0.0	8.0e-5	0.0	0.0	0.0	0.0	0.0	0.0	0.0	0.0	1.0	0.0	0.0	0.0	0.0	
121	121	3536.446992397	4042.361	4042.361	0.112642	0.000139	0	0	0	0	119	0	0	0	0	0.0	0.0	0.0	0.0	0.16135	0.0	0.0	0.0	0.0	0.0	0.0	0.0	0.0	3442.85	0.0	0.0	0.0	0.0	0.0	0.0	0.0	0.0	28.9315	0.0	0.0	0.0	0.0	0	0	0	0	60	0	0	0	0	0	0	0	0	0	0	0	0	0	0	0	0	0	59	0	0	0	0	0	0	0	0	0	0	0	0	0	0	0	0	0	0	0	0	0	0	0	0	0	0	0	0	0	0	0	0.0	0.0	0.0	0.0	0.000193	0.0	0.0	0.0	0.0	0.0	0.0	0.0	0.0	1.0	0.0	0.0	0.0	0.0	
122	122	3544.53698532	4042.361	4042.361	0.110727	0.00012	0	0	0	0	120	0	0	0	0	0.0	0.0	0.0	0.0	0.145215	0.0	0.0	0.0	0.0	0.0	0.0	0.0	0.0	3450.94	0.0	0.0	0.0	0.0	0.0	0.0	0.0	0.0	28.7578	0.0	0.0	0.0	0.0	0	0	0	0	60	0	0	0	0	0	0	0	0	0	0	0	0	0	0	0	0	0	60	0	0	0	0	0	0	0	0	0	0	0	0	0	0	0	0	0	0	0	0	0	0	0	0	0	0	0	0	0	0	0	0.0	0.0	0.0	0.0	0.000176	0.0	0.0	0.0	0.0	0.0	0.0	0.0	0.0	1.0	0.0	0.0	0.0	0.0	
123	123	3550.199618259	4042.361	4042.361	0.109016	0.000104	0	0	0	0	121	0	0	0	0	0.0	0.0	0.0	0.0	0.130693	0.0	0.0	0.0	0.0	0.0	0.0	0.0	0.0	3456.6	0.0	0.0	0.0	0.0	0.0	0.0	0.0	0.0	28.567	0.0	0.0	0.0	0.0	0	0	0	0	60	0	0	0	0	0	0	0	0	0	0	0	0	0	0	0	0	0	61	0	0	0	0	0	0	0	0	0	0	0	0	0	0	0	0	0	0	0	0	0	0	0	0	0	0	0	0	0	0	0	0.0	0.0	0.0	0.0	0.00016	0.0	0.0	0.0	0.0	0.0	0.0	0.0	0.0	1.0	0.0	0.0	0.0	0.0	
124	124	3556.808989113	4042.361	4042.361	0.107835	9.4e-5	0	0	0	0	122	0	0	0	0	0.0	0.0	0.0	0.0	0.117624	0.0	0.0	0.0	0.0	0.0	0.0	0.0	0.0	3463.21	0.0	0.0	0.0	0.0	0.0	0.0	0.0	0.0	28.387	0.0	0.0	0.0	0.0	0	0	0	0	60	0	0	0	0	0	0	0	0	0	0	0	0	0	0	0	0	0	62	0	0	0	0	0	0	0	0	0	0	0	0	0	0	0	0	0	0	0	0	0	0	0	0	0	0	0	0	0	0	0	0.0	0.0	0.0	0.0	0.000146	0.0	0.0	0.0	0.0	0.0	0.0	0.0	0.0	1.0	0.0	0.0	0.0	0.0	
125	125	3571.191584808	4039.861	4039.861	0.106472	8.3e-5	0	0	0	0	123	0	0	0	0	0.0	0.0	0.0	0.0	0.205862	0.0	0.0	0.0	0.0	0.0	0.0	0.0	0.0	3477.59	0.0	0.0	0.0	0.0	0.0	0.0	0.0	0.0	28.2731	0.0	0.0	0.0	0.0	0	0	0	0	61	0	0	0	0	0	0	0	0	0	0	0	0	0	0	0	0	0	62	0	0	0	0	0	0	0	0	0	0	0	0	0	0	0	0	0	0	0	0	0	0	0	0	0	0	0	0	0	0	0	0.0	0.0	0.0	0.0	0.000258	0.0	0.0	0.0	0.0	0.0	0.0	0.0	0.0	1.0	0.0	0.0	0.0	0.0	
126	126	3582.919908666	4039.861	4039.861	0.103565	6.4e-5	0	0	0	0	124	0	0	0	0	0.0	0.0	0.0	0.0	0.185275	0.0	0.0	0.0	0.0	0.0	0.0	0.0	0.0	3489.32	0.0	0.0	0.0	0.0	0.0	0.0	0.0	0.0	28.1397	0.0	0.0	0.0	0.0	0	0	0	0	61	0	0	0	0	0	0	0	0	0	0	0	0	0	0	0	0	0	63	0	0	0	0	0	0	0	0	0	0	0	0	0	0	0	0	0	0	0	0	0	0	0	0	0	0	0	0	0	0	0	0.0	0.0	0.0	0.0	0.000234	0.0	0.0	0.0	0.0	0.0	0.0	0.0	0.0	1.0	0.0	0.0	0.0	0.0	
127	127	3729.069269505	4039.861	4039.861	0.101254	5.1e-5	0	0	0	0	125	0	0	0	0	0.0	0.0	0.0	0.0	0.166748	0.0	0.0	0.0	0.0	0.0	0.0	0.0	0.0	3635.47	0.0	0.0	0.0	0.0	0.0	0.0	0.0	0.0	29.0838	0.0	0.0	0.0	0.0	0	0	0	0	61	0	0	0	0	0	0	0	0	0	0	0	0	0	0	0	0	0	64	0	0	0	0	0	0	0	0	0	0	0	0	0	0	0	0	0	0	0	0	0	0	0	0	0	0	0	0	0	0	0	0.0	0.0	0.0	0.0	0.000197	0.0	0.0	0.0	0.0	0.0	0.0	0.0	0.0	1.0	0.0	0.0	0.0	0.0	
128	128	3753.720497223	4037.861	4037.861	0.07643	2.0e-6	0	0	0	0	126	0	0	0	0	0.0	0.0	0.0	0.0	0.250073	0.0	0.0	0.0	0.0	0.0	0.0	0.0	0.0	3660.12	0.0	0.0	0.0	0.0	0.0	0.0	0.0	0.0	29.0486	0.0	0.0	0.0	0.0	0	0	0	0	62	0	0	0	0	0	0	0	0	0	0	0	0	0	0	0	0	0	64	0	0	0	0	0	0	0	0	0	0	0	0	0	0	0	0	0	0	0	0	0	0	0	0	0	0	0	0	0	0	0	0.0	0.0	0.0	0.0	0.000296	0.0	0.0	0.0	0.0	0.0	0.0	0.0	0.0	1.0	0.0	0.0	0.0	0.0	
129	129	3763.047236492	4037.861	4037.861	0.072888	1.0e-6	0	0	0	0	127	0	0	0	0	0.0	0.0	0.0	0.0	0.225066	0.0	0.0	0.0	0.0	0.0	0.0	0.0	0.0	3669.45	0.0	0.0	0.0	0.0	0.0	0.0	0.0	0.0	28.8933	0.0	0.0	0.0	0.0	0	0	0	0	62	0	0	0	0	0	0	0	0	0	0	0	0	0	0	0	0	0	65	0	0	0	0	0	0	0	0	0	0	0	0	0	0	0	0	0	0	0	0	0	0	0	0	0	0	0	0	0	0	0	0.0	0.0	0.0	0.0	0.00027	0.0	0.0	0.0	0.0	0.0	0.0	0.0	0.0	1.0	0.0	0.0	0.0	0.0	
130	130	3789.735738013	4037.861	4037.861	0.071592	1.0e-6	0	0	0	0	128	0	0	0	0	0.0	0.0	0.0	0.0	0.202559	0.0	0.0	0.0	0.0	0.0	0.0	0.0	0.0	3696.14	0.0	0.0	0.0	0.0	0.0	0.0	0.0	0.0	28.8761	0.0	0.0	0.0	0.0	0	0	0	0	62	0	0	0	0	0	0	0	0	0	0	0	0	0	0	0	0	0	66	0	0	0	0	0	0	0	0	0	0	0	0	0	0	0	0	0	0	0	0	0	0	0	0	0	0	0	0	0	0	0	0.0	0.0	0.0	0.0	0.000243	0.0	0.0	0.0	0.0	0.0	0.0	0.0	0.0	1.0	0.0	0.0	0.0	0.0	
131	131	3817.250129587	4037.861	4037.861	0.068007	0.0	0	0	0	0	129	0	0	0	0	0.0	0.0	0.0	0.0	0.182303	0.0	0.0	0.0	0.0	0.0	0.0	0.0	0.0	3723.65	0.0	0.0	0.0	0.0	0.0	0.0	0.0	0.0	28.8655	0.0	0.0	0.0	0.0	0	0	0	0	62	0	0	0	0	0	0	0	0	0	0	0	0	0	0	0	0	0	67	0	0	0	0	0	0	0	0	0	0	0	0	0	0	0	0	0	0	0	0	0	0	0	0	0	0	0	0	0	0	0	0.0	0.0	0.0	0.0	0.000219	0.0	0.0	0.0	0.0	0.0	0.0	0.0	0.0	1.0	0.0	0.0	0.0	0.0	
132	132	3836.433473582	4037.861	4037.861	0.0645	0.0	0	0	0	0	130	0	0	0	0	0.0	0.0	0.0	0.0	0.164073	0.0	0.0	0.0	0.0	0.0	0.0	0.0	0.0	3742.84	0.0	0.0	0.0	0.0	0.0	0.0	0.0	0.0	28.791	0.0	0.0	0.0	0.0	0	0	0	0	62	0	0	0	0	0	0	0	0	0	0	0	0	0	0	0	0	0	68	0	0	0	0	0	0	0	0	0	0	0	0	0	0	0	0	0	0	0	0	0	0	0	0	0	0	0	0	0	0	0	0.0	0.0	0.0	0.0	0.000198	0.0	0.0	0.0	0.0	0.0	0.0	0.0	0.0	1.0	0.0	0.0	0.0	0.0	
133	133	3861.727857102	4037.861	4037.861	0.062162	0.0	0	0	0	0	131	0	0	0	0	0.0	0.0	0.0	0.0	0.147666	0.0	0.0	0.0	0.0	0.0	0.0	0.0	0.0	3768.13	0.0	0.0	0.0	0.0	0.0	0.0	0.0	0.0	28.7643	0.0	0.0	0.0	0.0	0	0	0	0	62	0	0	0	0	0	0	0	0	0	0	0	0	0	0	0	0	0	69	0	0	0	0	0	0	0	0	0	0	0	0	0	0	0	0	0	0	0	0	0	0	0	0	0	0	0	0	0	0	0	0.0	0.0	0.0	0.0	0.000178	0.0	0.0	0.0	0.0	0.0	0.0	0.0	0.0	1.0	0.0	0.0	0.0	0.0	
134	134	3888.403219928	4037.861	4037.861	0.059209	0.0	0	0	0	0	132	0	0	0	0	0.0	0.0	0.0	0.0	0.132899	0.0	0.0	0.0	0.0	0.0	0.0	0.0	0.0	3794.8	0.0	0.0	0.0	0.0	0.0	0.0	0.0	0.0	28.7485	0.0	0.0	0.0	0.0	0	0	0	0	62	0	0	0	0	0	0	0	0	0	0	0	0	0	0	0	0	0	70	0	0	0	0	0	0	0	0	0	0	0	0	0	0	0	0	0	0	0	0	0	0	0	0	0	0	0	0	0	0	0	0.0	0.0	0.0	0.0	0.000161	0.0	0.0	0.0	0.0	0.0	0.0	0.0	0.0	1.0	0.0	0.0	0.0	0.0	
135	135	3893.797646454	4037.861	4037.861	0.056246	0.0	0	0	0	0	133	0	0	0	0	0.0	0.0	0.0	0.0	0.119609	0.0	0.0	0.0	0.0	0.0	0.0	0.0	0.0	3800.2	0.0	0.0	0.0	0.0	0.0	0.0	0.0	0.0	28.5729	0.0	0.0	0.0	0.0	0	0	0	0	62	0	0	0	0	0	0	0	0	0	0	0	0	0	0	0	0	0	71	0	0	0	0	0	0	0	0	0	0	0	0	0	0	0	0	0	0	0	0	0	0	0	0	0	0	0	0	0	0	0	0.0	0.0	0.0	0.0	0.000147	0.0	0.0	0.0	0.0	0.0	0.0	0.0	0.0	1.0	0.0	0.0	0.0	0.0	
136	136	3900.664441002	4037.861	4037.861	0.055665	0.0	0	0	0	0	134	0	0	0	0	0.0	0.0	0.0	0.0	0.107648	0.0	0.0	0.0	0.0	0.0	0.0	0.0	0.0	3807.07	0.0	0.0	0.0	0.0	0.0	0.0	0.0	0.0	28.4109	0.0	0.0	0.0	0.0	0	0	0	0	62	0	0	0	0	0	0	0	0	0	0	0	0	0	0	0	0	0	72	0	0	0	0	0	0	0	0	0	0	0	0	0	0	0	0	0	0	0	0	0	0	0	0	0	0	0	0	0	0	0	0.0	0.0	0.0	0.0	0.000133	0.0	0.0	0.0	0.0	0.0	0.0	0.0	0.0	1.0	0.0	0.0	0.0	0.0	
137	137	3909.910587301	4037.861	4037.861	0.054934	0.0	0	0	0	0	135	0	0	0	0	0.0	0.0	0.0	0.0	0.096883	0.0	0.0	0.0	0.0	0.0	0.0	0.0	0.0	3816.31	0.0	0.0	0.0	0.0	0.0	0.0	0.0	0.0	28.269	0.0	0.0	0.0	0.0	0	0	0	0	62	0	0	0	0	0	0	0	0	0	0	0	0	0	0	0	0	0	73	0	0	0	0	0	0	0	0	0	0	0	0	0	0	0	0	0	0	0	0	0	0	0	0	0	0	0	0	0	0	0	0.0	0.0	0.0	0.0	0.000121	0.0	0.0	0.0	0.0	0.0	0.0	0.0	0.0	1.0	0.0	0.0	0.0	0.0	
138	138	3927.227845518	4037.861	4037.861	0.053965	0.0	0	0	0	0	136	0	0	0	0	0.0	0.0	0.0	0.0	0.087195	0.0	0.0	0.0	0.0	0.0	0.0	0.0	0.0	3833.63	0.0	0.0	0.0	0.0	0.0	0.0	0.0	0.0	28.1885	0.0	0.0	0.0	0.0	0	0	0	0	62	0	0	0	0	0	0	0	0	0	0	0	0	0	0	0	0	0	74	0	0	0	0	0	0	0	0	0	0	0	0	0	0	0	0	0	0	0	0	0	0	0	0	0	0	0	0	0	0	0	0.0	0.0	0.0	0.0	0.00011	0.0	0.0	0.0	0.0	0.0	0.0	0.0	0.0	1.0	0.0	0.0	0.0	0.0	
139	139	3938.429139554	4037.861	4037.861	0.052196	0.0	0	0	0	0	137	0	0	0	0	0.0	0.0	0.0	0.0	0.078476	0.0	0.0	0.0	0.0	0.0	0.0	0.0	0.0	3844.83	0.0	0.0	0.0	0.0	0.0	0.0	0.0	0.0	28.0645	0.0	0.0	0.0	0.0	0	0	0	0	62	0	0	0	0	0	0	0	0	0	0	0	0	0	0	0	0	0	75	0	0	0	0	0	0	0	0	0	0	0	0	0	0	0	0	0	0	0	0	0	0	0	0	0	0	0	0	0	0	0	0.0	0.0	0.0	0.0	0.0001	0.0	0.0	0.0	0.0	0.0	0.0	0.0	0.0	1.0	0.0	0.0	0.0	0.0	
140	140	3959.768023669	4037.861	4037.861	0.051083	0.0	0	0	0	0	138	0	0	0	0	0.0	0.0	0.0	0.0	0.070628	0.0	0.0	0.0	0.0	0.0	0.0	0.0	0.0	3866.17	0.0	0.0	0.0	0.0	0.0	0.0	0.0	0.0	28.0157	0.0	0.0	0.0	0.0	0	0	0	0	62	0	0	0	0	0	0	0	0	0	0	0	0	0	0	0	0	0	76	0	0	0	0	0	0	0	0	0	0	0	0	0	0	0	0	0	0	0	0	0	0	0	0	0	0	0	0	0	0	0	0.0	0.0	0.0	0.0	9.0e-5	0.0	0.0	0.0	0.0	0.0	0.0	0.0	0.0	1.0	0.0	0.0	0.0	0.0	
141	141	3963.542493577	4037.861	4037.861	0.049028	0.0	0	0	0	0	139	0	0	0	0	0.0	0.0	0.0	0.0	0.063565	0.0	0.0	0.0	0.0	0.0	0.0	0.0	0.0	3869.94	0.0	0.0	0.0	0.0	0.0	0.0	0.0	0.0	27.8413	0.0	0.0	0.0	0.0	0	0	0	0	62	0	0	0	0	0	0	0	0	0	0	0	0	0	0	0	0	0	77	0	0	0	0	0	0	0	0	0	0	0	0	0	0	0	0	0	0	0	0	0	0	0	0	0	0	0	0	0	0	0	0.0	0.0	0.0	0.0	8.2e-5	0.0	0.0	0.0	0.0	0.0	0.0	0.0	0.0	1.0	0.0	0.0	0.0	0.0	
142	142	3973.246471855	4037.861	4037.861	0.048673	0.0	0	0	0	0	140	0	0	0	0	0.0	0.0	0.0	0.0	0.057209	0.0	0.0	0.0	0.0	0.0	0.0	0.0	0.0	3879.65	0.0	0.0	0.0	0.0	0.0	0.0	0.0	0.0	27.7118	0.0	0.0	0.0	0.0	0	0	0	0	62	0	0	0	0	0	0	0	0	0	0	0	0	0	0	0	0	0	78	0	0	0	0	0	0	0	0	0	0	0	0	0	0	0	0	0	0	0	0	0	0	0	0	0	0	0	0	0	0	0	0.0	0.0	0.0	0.0	7.4e-5	0.0	0.0	0.0	0.0	0.0	0.0	0.0	0.0	1.0	0.0	0.0	0.0	0.0	
143	143	3996.304784248	4037.861	4037.861	0.047773	0.0	0	0	0	0	141	0	0	0	0	0.0	0.0	0.0	0.0	0.051488	0.0	0.0	0.0	0.0	0.0	0.0	0.0	0.0	3902.71	0.0	0.0	0.0	0.0	0.0	0.0	0.0	0.0	27.6788	0.0	0.0	0.0	0.0	0	0	0	0	62	0	0	0	0	0	0	0	0	0	0	0	0	0	0	0	0	0	79	0	0	0	0	0	0	0	0	0	0	0	0	0	0	0	0	0	0	0	0	0	0	0	0	0	0	0	0	0	0	0	0.0	0.0	0.0	0.0	6.7e-5	0.0	0.0	0.0	0.0	0.0	0.0	0.0	0.0	1.0	0.0	0.0	0.0	0.0	
144	144	4006.280703976	4025.5	4025.5	0.045699	0.0	0	0	0	0	142	0	0	0	0	0.0	0.0	0.0	0.0	0.146339	0.0	0.0	0.0	0.0	0.0	0.0	0.0	0.0	3912.68	0.0	0.0	0.0	0.0	0.0	0.0	0.0	0.0	27.5541	0.0	0.0	0.0	0.0	0	0	0	0	63	0	0	0	0	0	0	0	0	0	0	0	0	0	0	0	0	0	79	0	0	0	0	0	0	0	0	0	0	0	0	0	0	0	0	0	0	0	0	0	0	0	0	0	0	0	0	0	0	0	0.0	0.0	0.0	0.0	0.000193	0.0	0.0	0.0	0.0	0.0	0.0	0.0	0.0	1.0	0.0	0.0	0.0	0.0	
145	145	4012.459763224	4025.5	4025.5	0.04483	0.0	0	0	0	0	143	0	0	0	0	0.0	0.0	0.0	0.0	0.131705	0.0	0.0	0.0	0.0	0.0	0.0	0.0	0.0	3918.86	0.0	0.0	0.0	0.0	0.0	0.0	0.0	0.0	27.4046	0.0	0.0	0.0	0.0	0	0	0	0	63	0	0	0	0	0	0	0	0	0	0	0	0	0	0	0	0	0	80	0	0	0	0	0	0	0	0	0	0	0	0	0	0	0	0	0	0	0	0	0	0	0	0	0	0	0	0	0	0	0	0.0	0.0	0.0	0.0	0.000175	0.0	0.0	0.0	0.0	0.0	0.0	0.0	0.0	1.0	0.0	0.0	0.0	0.0	
146	146	4025.576940319	4025.5	4025.5	0.0443	0.0	0	0	0	0	144	0	0	0	0	0.0	0.0	0.0	0.0	0.118535	0.0	0.0	0.0	0.0	0.0	0.0	0.0	0.0	3931.98	0.0	0.0	0.0	0.0	0.0	0.0	0.0	0.0	27.3054	0.0	0.0	0.0	0.0	0	0	0	0	63	0	0	0	0	0	0	0	0	0	0	0	0	0	0	0	0	0	81	0	0	0	0	0	0	0	0	0	0	0	0	0	0	0	0	0	0	0	0	0	0	0	0	0	0	0	0	0	0	0	0.0	0.0	0.0	0.0	0.000159	0.0	0.0	0.0	0.0	0.0	0.0	0.0	0.0	1.0	0.0	0.0	0.0	0.0	
147	147	4046.194479517	4025.5	4025.5	0.043196	0.0	0	0	0	0	145	0	0	0	0	0.0	0.0	0.0	0.0	0.106681	0.0	0.0	0.0	0.0	0.0	0.0	0.0	0.0	3952.6	0.0	0.0	0.0	0.0	0.0	0.0	0.0	0.0	27.2593	0.0	0.0	0.0	0.0	0	0	0	0	63	0	0	0	0	0	0	0	0	0	0	0	0	0	0	0	0	0	82	0	0	0	0	0	0	0	0	0	0	0	0	0	0	0	0	0	0	0	0	0	0	0	0	0	0	0	0	0	0	0	0.0	0.0	0.0	0.0	0.000144	0.0	0.0	0.0	0.0	0.0	0.0	0.0	0.0	1.0	0.0	0.0	0.0	0.0	
148	148	4061.143187074	4025.5	4025.5	0.041515	0.0	0	0	0	0	146	0	0	0	0	0.0	0.0	0.0	0.0	0.096013	0.0	0.0	0.0	0.0	0.0	0.0	0.0	0.0	3967.54	0.0	0.0	0.0	0.0	0.0	0.0	0.0	0.0	27.175	0.0	0.0	0.0	0.0	0	0	0	0	63	0	0	0	0	0	0	0	0	0	0	0	0	0	0	0	0	0	83	0	0	0	0	0	0	0	0	0	0	0	0	0	0	0	0	0	0	0	0	0	0	0	0	0	0	0	0	0	0	0	0.0	0.0	0.0	0.0	0.00013	0.0	0.0	0.0	0.0	0.0	0.0	0.0	0.0	1.0	0.0	0.0	0.0	0.0	
149	149	4071.187865747	4025.5	4025.5	0.040338	0.0	0	0	0	0	147	0	0	0	0	0.0	0.0	0.0	0.0	0.086412	0.0	0.0	0.0	0.0	0.0	0.0	0.0	0.0	3977.59	0.0	0.0	0.0	0.0	0.0	0.0	0.0	0.0	27.0584	0.0	0.0	0.0	0.0	0	0	0	0	63	0	0	0	0	0	0	0	0	0	0	0	0	0	0	0	0	0	84	0	0	0	0	0	0	0	0	0	0	0	0	0	0	0	0	0	0	0	0	0	0	0	0	0	0	0	0	0	0	0	0.0	0.0	0.0	0.0	0.000118	0.0	0.0	0.0	0.0	0.0	0.0	0.0	0.0	1.0	0.0	0.0	0.0	0.0	
150	150	4083.060403882	4025.5	4025.5	0.039566	0.0	0	0	0	0	148	0	0	0	0	0.0	0.0	0.0	0.0	0.077771	0.0	0.0	0.0	0.0	0.0	0.0	0.0	0.0	3989.46	0.0	0.0	0.0	0.0	0.0	0.0	0.0	0.0	26.9558	0.0	0.0	0.0	0.0	0	0	0	0	63	0	0	0	0	0	0	0	0	0	0	0	0	0	0	0	0	0	85	0	0	0	0	0	0	0	0	0	0	0	0	0	0	0	0	0	0	0	0	0	0	0	0	0	0	0	0	0	0	0	0.0	0.0	0.0	0.0	0.000107	0.0	0.0	0.0	0.0	0.0	0.0	0.0	0.0	1.0	0.0	0.0	0.0	0.0	
151	151	4088.594308713	4025.5	4025.5	0.038672	0.0	0	0	0	0	149	0	0	0	0	0.0	0.0	0.0	0.0	0.069994	0.0	0.0	0.0	0.0	0.0	0.0	0.0	0.0	3995.0	0.0	0.0	0.0	0.0	0.0	0.0	0.0	0.0	26.8121	0.0	0.0	0.0	0.0	0	0	0	0	63	0	0	0	0	0	0	0	0	0	0	0	0	0	0	0	0	0	86	0	0	0	0	0	0	0	0	0	0	0	0	0	0	0	0	0	0	0	0	0	0	0	0	0	0	0	0	0	0	0	0.0	0.0	0.0	0.0	9.7e-5	0.0	0.0	0.0	0.0	0.0	0.0	0.0	0.0	1.0	0.0	0.0	0.0	0.0	
152	152	4117.676051727	4025.5	4025.5	0.038262	0.0	0	0	0	0	150	0	0	0	0	0.0	0.0	0.0	0.0	0.062994	0.0	0.0	0.0	0.0	0.0	0.0	0.0	0.0	4024.08	0.0	0.0	0.0	0.0	0.0	0.0	0.0	0.0	26.8272	0.0	0.0	0.0	0.0	0	0	0	0	63	0	0	0	0	0	0	0	0	0	0	0	0	0	0	0	0	0	87	0	0	0	0	0	0	0	0	0	0	0	0	0	0	0	0	0	0	0	0	0	0	0	0	0	0	0	0	0	0	0	0.0	0.0	0.0	0.0	8.8e-5	0.0	0.0	0.0	0.0	0.0	0.0	0.0	0.0	1.0	0.0	0.0	0.0	0.0	
153	153	4124.623369945	4025.5	4025.5	0.03618	0.0	0	0	0	0	151	0	0	0	0	0.0	0.0	0.0	0.0	0.056695	0.0	0.0	0.0	0.0	0.0	0.0	0.0	0.0	4031.02	0.0	0.0	0.0	0.0	0.0	0.0	0.0	0.0	26.6955	0.0	0.0	0.0	0.0	0	0	0	0	63	0	0	0	0	0	0	0	0	0	0	0	0	0	0	0	0	0	88	0	0	0	0	0	0	0	0	0	0	0	0	0	0	0	0	0	0	0	0	0	0	0	0	0	0	0	0	0	0	0	0.0	0.0	0.0	0.0	8.0e-5	0.0	0.0	0.0	0.0	0.0	0.0	0.0	0.0	1.0	0.0	0.0	0.0	0.0	
154	154	4140.385327341	4025.5	4025.5	0.035699	0.0	0	0	0	0	152	0	0	0	0	0.0	0.0	0.0	0.0	0.051025	0.0	0.0	0.0	0.0	0.0	0.0	0.0	0.0	4046.79	0.0	0.0	0.0	0.0	0.0	0.0	0.0	0.0	26.6236	0.0	0.0	0.0	0.0	0	0	0	0	63	0	0	0	0	0	0	0	0	0	0	0	0	0	0	0	0	0	89	0	0	0	0	0	0	0	0	0	0	0	0	0	0	0	0	0	0	0	0	0	0	0	0	0	0	0	0	0	0	0	0.0	0.0	0.0	0.0	7.2e-5	0.0	0.0	0.0	0.0	0.0	0.0	0.0	0.0	1.0	0.0	0.0	0.0	0.0	
155	155	4153.827081681	4025.5	4025.5	0.034633	0.0	0	0	0	0	153	0	0	0	0	0.0	0.0	0.0	0.0	0.045923	0.0	0.0	0.0	0.0	0.0	0.0	0.0	0.0	4060.23	0.0	0.0	0.0	0.0	0.0	0.0	0.0	0.0	26.5374	0.0	0.0	0.0	0.0	0	0	0	0	63	0	0	0	0	0	0	0	0	0	0	0	0	0	0	0	0	0	90	0	0	0	0	0	0	0	0	0	0	0	0	0	0	0	0	0	0	0	0	0	0	0	0	0	0	0	0	0	0	0	0.0	0.0	0.0	0.0	6.5e-5	0.0	0.0	0.0	0.0	0.0	0.0	0.0	0.0	1.0	0.0	0.0	0.0	0.0	
156	156	4166.360117943	4025.5	4025.5	0.033748	0.0	0	0	0	0	154	0	0	0	0	0.0	0.0	0.0	0.0	0.04133	0.0	0.0	0.0	0.0	0.0	0.0	0.0	0.0	4072.76	0.0	0.0	0.0	0.0	0.0	0.0	0.0	0.0	26.4465	0.0	0.0	0.0	0.0	0	0	0	0	63	0	0	0	0	0	0	0	0	0	0	0	0	0	0	0	0	0	91	0	0	0	0	0	0	0	0	0	0	0	0	0	0	0	0	0	0	0	0	0	0	0	0	0	0	0	0	0	0	0	0.0	0.0	0.0	0.0	5.9e-5	0.0	0.0	0.0	0.0	0.0	0.0	0.0	0.0	1.0	0.0	0.0	0.0	0.0	
157	157	4193.703421065	4025.5	4025.5	0.032944	0.0	0	0	0	0	155	0	0	0	0	0.0	0.0	0.0	0.0	0.037197	0.0	0.0	0.0	0.0	0.0	0.0	0.0	0.0	4100.1	0.0	0.0	0.0	0.0	0.0	0.0	0.0	0.0	26.4523	0.0	0.0	0.0	0.0	0	0	0	0	63	0	0	0	0	0	0	0	0	0	0	0	0	0	0	0	0	0	92	0	0	0	0	0	0	0	0	0	0	0	0	0	0	0	0	0	0	0	0	0	0	0	0	0	0	0	0	0	0	0	0.0	0.0	0.0	0.0	5.3e-5	0.0	0.0	0.0	0.0	0.0	0.0	0.0	0.0	1.0	0.0	0.0	0.0	0.0	
158	158	4199.492311143	4025.5	4025.5	0.031255	0.0	0	0	0	0	156	0	0	0	0	0.0	0.0	0.0	0.0	0.033478	0.0	0.0	0.0	0.0	0.0	0.0	0.0	0.0	4105.89	0.0	0.0	0.0	0.0	0.0	0.0	0.0	0.0	26.3198	0.0	0.0	0.0	0.0	0	0	0	0	63	0	0	0	0	0	0	0	0	0	0	0	0	0	0	0	0	0	93	0	0	0	0	0	0	0	0	0	0	0	0	0	0	0	0	0	0	0	0	0	0	0	0	0	0	0	0	0	0	0	0.0	0.0	0.0	0.0	4.8e-5	0.0	0.0	0.0	0.0	0.0	0.0	0.0	0.0	1.0	0.0	0.0	0.0	0.0	
159	159	4220.954600221	4025.5	4025.5	0.030909	0.0	0	0	0	0	157	0	0	0	0	0.0	0.0	0.0	0.0	0.03013	0.0	0.0	0.0	0.0	0.0	0.0	0.0	0.0	4127.36	0.0	0.0	0.0	0.0	0.0	0.0	0.0	0.0	26.2889	0.0	0.0	0.0	0.0	0	0	0	0	63	0	0	0	0	0	0	0	0	0	0	0	0	0	0	0	0	0	94	0	0	0	0	0	0	0	0	0	0	0	0	0	0	0	0	0	0	0	0	0	0	0	0	0	0	0	0	0	0	0	0.0	0.0	0.0	0.0	4.4e-5	0.0	0.0	0.0	0.0	0.0	0.0	0.0	0.0	1.0	0.0	0.0	0.0	0.0	
160	160	4239.216457495	4025.5	4025.5	0.029658	0.0	0	0	0	0	158	0	0	0	0	0.0	0.0	0.0	0.0	0.027117	0.0	0.0	0.0	0.0	0.0	0.0	0.0	0.0	4145.62	0.0	0.0	0.0	0.0	0.0	0.0	0.0	0.0	26.2381	0.0	0.0	0.0	0.0	0	0	0	0	63	0	0	0	0	0	0	0	0	0	0	0	0	0	0	0	0	0	95	0	0	0	0	0	0	0	0	0	0	0	0	0	0	0	0	0	0	0	0	0	0	0	0	0	0	0	0	0	0	0	0.0	0.0	0.0	0.0	3.9e-5	0.0	0.0	0.0	0.0	0.0	0.0	0.0	0.0	1.0	0.0	0.0	0.0	0.0	
161	161	4252.931311141	4025.5	4025.5	0.028634	0.0	0	0	0	0	159	0	0	0	0	0.0	0.0	0.0	0.0	0.024405	0.0	0.0	0.0	0.0	0.0	0.0	0.0	0.0	4159.33	0.0	0.0	0.0	0.0	0.0	0.0	0.0	0.0	26.1593	0.0	0.0	0.0	0.0	0	0	0	0	63	0	0	0	0	0	0	0	0	0	0	0	0	0	0	0	0	0	96	0	0	0	0	0	0	0	0	0	0	0	0	0	0	0	0	0	0	0	0	0	0	0	0	0	0	0	0	0	0	0	0.0	0.0	0.0	0.0	3.6e-5	0.0	0.0	0.0	0.0	0.0	0.0	0.0	0.0	1.0	0.0	0.0	0.0	0.0	
162	162	4261.4328677	4025.5	4025.5	0.027888	0.0	0	0	0	0	160	0	0	0	0	0.0	0.0	0.0	0.0	0.021965	0.0	0.0	0.0	0.0	0.0	0.0	0.0	0.0	4167.83	0.0	0.0	0.0	0.0	0.0	0.0	0.0	0.0	26.049	0.0	0.0	0.0	0.0	0	0	0	0	63	0	0	0	0	0	0	0	0	0	0	0	0	0	0	0	0	0	97	0	0	0	0	0	0	0	0	0	0	0	0	0	0	0	0	0	0	0	0	0	0	0	0	0	0	0	0	0	0	0	0.0	0.0	0.0	0.0	3.2e-5	0.0	0.0	0.0	0.0	0.0	0.0	0.0	0.0	1.0	0.0	0.0	0.0	0.0	
163	163	4273.146673334	4025.5	4025.5	0.027436	0.0	0	0	0	0	161	0	0	0	0	0.0	0.0	0.0	0.0	0.019768	0.0	0.0	0.0	0.0	0.0	0.0	0.0	0.0	4179.55	0.0	0.0	0.0	0.0	0.0	0.0	0.0	0.0	25.9599	0.0	0.0	0.0	0.0	0	0	0	0	63	0	0	0	0	0	0	0	0	0	0	0	0	0	0	0	0	0	98	0	0	0	0	0	0	0	0	0	0	0	0	0	0	0	0	0	0	0	0	0	0	0	0	0	0	0	0	0	0	0	0.0	0.0	0.0	0.0	2.9e-5	0.0	0.0	0.0	0.0	0.0	0.0	0.0	0.0	1.0	0.0	0.0	0.0	0.0	
164	164	4421.810958113	4018.083	4018.083	0.026824	0.0	0	0	0	0	162	0	0	0	0	0.0	0.0	0.0	0.0	0.117791	0.0	0.0	0.0	0.0	0.0	0.0	0.0	0.0	4328.21	0.0	0.0	0.0	0.0	0.0	0.0	0.0	0.0	26.7174	0.0	0.0	0.0	0.0	0	0	0	0	64	0	0	0	0	0	0	0	0	0	0	0	0	0	0	0	0	0	98	0	0	0	0	0	0	0	0	0	0	0	0	0	0	0	0	0	0	0	0	0	0	0	0	0	0	0	0	0	0	0	0.0	0.0	0.0	0.0	0.000165	0.0	0.0	0.0	0.0	0.0	0.0	0.0	0.0	1.0	0.0	0.0	0.0	0.0	
165	165	4432.595256071	4018.083	4018.083	0.02015	0.0	0	0	0	0	163	0	0	0	0	0.0	0.0	0.0	0.0	0.106012	0.0	0.0	0.0	0.0	0.0	0.0	0.0	0.0	4339.0	0.0	0.0	0.0	0.0	0.0	0.0	0.0	0.0	26.6196	0.0	0.0	0.0	0.0	0	0	0	0	64	0	0	0	0	0	0	0	0	0	0	0	0	0	0	0	0	0	99	0	0	0	0	0	0	0	0	0	0	0	0	0	0	0	0	0	0	0	0	0	0	0	0	0	0	0	0	0	0	0	0.0	0.0	0.0	0.0	0.00015	0.0	0.0	0.0	0.0	0.0	0.0	0.0	0.0	1.0	0.0	0.0	0.0	0.0	
166	166	4442.819483699	4018.083	4018.083	0.019736	0.0	0	0	0	0	164	0	0	0	0	0.0	0.0	0.0	0.0	0.095411	0.0	0.0	0.0	0.0	0.0	0.0	0.0	0.0	4349.22	0.0	0.0	0.0	0.0	0.0	0.0	0.0	0.0	26.5196	0.0	0.0	0.0	0.0	0	0	0	0	64	0	0	0	0	0	0	0	0	0	0	0	0	0	0	0	0	0	100	0	0	0	0	0	0	0	0	0	0	0	0	0	0	0	0	0	0	0	0	0	0	0	0	0	0	0	0	0	0	0	0.0	0.0	0.0	0.0	0.000136	0.0	0.0	0.0	0.0	0.0	0.0	0.0	0.0	1.0	0.0	0.0	0.0	0.0	
167	167	4451.801185236	4018.083	4018.083	0.019351	0.0	0	0	0	0	165	0	0	0	0	0.0	0.0	0.0	0.0	0.08587	0.0	0.0	0.0	0.0	0.0	0.0	0.0	0.0	4358.2	0.0	0.0	0.0	0.0	0.0	0.0	0.0	0.0	26.4133	0.0	0.0	0.0	0.0	0	0	0	0	64	0	0	0	0	0	0	0	0	0	0	0	0	0	0	0	0	0	101	0	0	0	0	0	0	0	0	0	0	0	0	0	0	0	0	0	0	0	0	0	0	0	0	0	0	0	0	0	0	0	0.0	0.0	0.0	0.0	0.000123	0.0	0.0	0.0	0.0	0.0	0.0	0.0	0.0	1.0	0.0	0.0	0.0	0.0	
168	168	4455.621207827	4018.083	4018.083	0.01902	0.0	0	0	0	0	166	0	0	0	0	0.0	0.0	0.0	0.0	0.077283	0.0	0.0	0.0	0.0	0.0	0.0	0.0	0.0	4362.02	0.0	0.0	0.0	0.0	0.0	0.0	0.0	0.0	26.2772	0.0	0.0	0.0	0.0	0	0	0	0	64	0	0	0	0	0	0	0	0	0	0	0	0	0	0	0	0	0	102	0	0	0	0	0	0	0	0	0	0	0	0	0	0	0	0	0	0	0	0	0	0	0	0	0	0	0	0	0	0	0	0.0	0.0	0.0	0.0	0.000112	0.0	0.0	0.0	0.0	0.0	0.0	0.0	0.0	1.0	0.0	0.0	0.0	0.0	
169	169	4464.414120455	4018.083	4018.083	0.01888	0.0	0	0	0	0	167	0	0	0	0	0.0	0.0	0.0	0.0	0.069555	0.0	0.0	0.0	0.0	0.0	0.0	0.0	0.0	4370.82	0.0	0.0	0.0	0.0	0.0	0.0	0.0	0.0	26.1725	0.0	0.0	0.0	0.0	0	0	0	0	64	0	0	0	0	0	0	0	0	0	0	0	0	0	0	0	0	0	103	0	0	0	0	0	0	0	0	0	0	0	0	0	0	0	0	0	0	0	0	0	0	0	0	0	0	0	0	0	0	0	0.0	0.0	0.0	0.0	0.000102	0.0	0.0	0.0	0.0	0.0	0.0	0.0	0.0	1.0	0.0	0.0	0.0	0.0	
170	170	4475.114838689	4018.083	4018.083	0.018564	0.0	0	0	0	0	168	0	0	0	0	0.0	0.0	0.0	0.0	0.062599	0.0	0.0	0.0	0.0	0.0	0.0	0.0	0.0	4381.52	0.0	0.0	0.0	0.0	0.0	0.0	0.0	0.0	26.0805	0.0	0.0	0.0	0.0	0	0	0	0	64	0	0	0	0	0	0	0	0	0	0	0	0	0	0	0	0	0	104	0	0	0	0	0	0	0	0	0	0	0	0	0	0	0	0	0	0	0	0	0	0	0	0	0	0	0	0	0	0	0	0.0	0.0	0.0	0.0	9.2e-5	0.0	0.0	0.0	0.0	0.0	0.0	0.0	0.0	1.0	0.0	0.0	0.0	0.0	
171	171	4477.962483097	4018.083	4018.083	0.018185	0.0	0	0	0	0	169	0	0	0	0	0.0	0.0	0.0	0.0	0.056339	0.0	0.0	0.0	0.0	0.0	0.0	0.0	0.0	4384.36	0.0	0.0	0.0	0.0	0.0	0.0	0.0	0.0	25.943	0.0	0.0	0.0	0.0	0	0	0	0	64	0	0	0	0	0	0	0	0	0	0	0	0	0	0	0	0	0	105	0	0	0	0	0	0	0	0	0	0	0	0	0	0	0	0	0	0	0	0	0	0	0	0	0	0	0	0	0	0	0	0.0	0.0	0.0	0.0	8.4e-5	0.0	0.0	0.0	0.0	0.0	0.0	0.0	0.0	1.0	0.0	0.0	0.0	0.0	
172	172	4502.573200594	4018.083	4018.083	0.018086	0.0	0	0	0	0	170	0	0	0	0	0.0	0.0	0.0	0.0	0.050705	0.0	0.0	0.0	0.0	0.0	0.0	0.0	0.0	4408.97	0.0	0.0	0.0	0.0	0.0	0.0	0.0	0.0	25.9351	0.0	0.0	0.0	0.0	0	0	0	0	64	0	0	0	0	0	0	0	0	0	0	0	0	0	0	0	0	0	106	0	0	0	0	0	0	0	0	0	0	0	0	0	0	0	0	0	0	0	0	0	0	0	0	0	0	0	0	0	0	0	0.0	0.0	0.0	0.0	7.5e-5	0.0	0.0	0.0	0.0	0.0	0.0	0.0	0.0	1.0	0.0	0.0	0.0	0.0	
173	173	4524.330971261	4017.583	4017.583	0.017249	0.0	0	0	0	0	171	0	0	0	0	0.0	0.0	0.0	0.0	0.145635	0.0	0.0	0.0	0.0	0.0	0.0	0.0	0.0	4430.73	0.0	0.0	0.0	0.0	0.0	0.0	0.0	0.0	25.9107	0.0	0.0	0.0	0.0	0	0	0	0	65	0	0	0	0	0	0	0	0	0	0	0	0	0	0	0	0	0	106	0	0	0	0	0	0	0	0	0	0	0	0	0	0	0	0	0	0	0	0	0	0	0	0	0	0	0	0	0	0	0	0.0	0.0	0.0	0.0	0.000217	0.0	0.0	0.0	0.0	0.0	0.0	0.0	0.0	1.0	0.0	0.0	0.0	0.0	
174	174	4531.286804388	4017.583	4017.583	0.016542	0.0	0	0	0	0	172	0	0	0	0	0.0	0.0	0.0	0.0	0.131071	0.0	0.0	0.0	0.0	0.0	0.0	0.0	0.0	4437.69	0.0	0.0	0.0	0.0	0.0	0.0	0.0	0.0	25.8005	0.0	0.0	0.0	0.0	0	0	0	0	65	0	0	0	0	0	0	0	0	0	0	0	0	0	0	0	0	0	107	0	0	0	0	0	0	0	0	0	0	0	0	0	0	0	0	0	0	0	0	0	0	0	0	0	0	0	0	0	0	0	0.0	0.0	0.0	0.0	0.000197	0.0	0.0	0.0	0.0	0.0	0.0	0.0	0.0	1.0	0.0	0.0	0.0	0.0	
175	175	4711.439624584	3966.944	3966.944	0.016322	0.0	0	0	0	0	173	0	0	0	0	0.0	0.0	0.0	0.0	0.217964	0.0	0.0	0.0	0.0	0.0	0.0	0.0	0.0	4617.84	0.0	0.0	0.0	0.0	0.0	0.0	0.0	0.0	26.6927	0.0	0.0	0.0	0.0	0	0	0	0	66	0	0	0	0	0	0	0	0	0	0	0	0	0	0	0	0	0	107	0	0	0	0	0	0	0	0	0	0	0	0	0	0	0	0	0	0	0	0	0	0	0	0	0	0	0	0	0	0	0	0.0	0.0	0.0	0.0	0.000306	0.0	0.0	0.0	0.0	0.0	0.0	0.0	0.0	1.0	0.0	0.0	0.0	0.0	
176	176	4721.02696499	3966.944	3966.944	0.01154	0.0	0	0	0	0	174	0	0	0	0	0.0	0.0	0.0	0.0	0.196168	0.0	0.0	0.0	0.0	0.0	0.0	0.0	0.0	4627.43	0.0	0.0	0.0	0.0	0.0	0.0	0.0	0.0	26.5944	0.0	0.0	0.0	0.0	0	0	0	0	66	0	0	0	0	0	0	0	0	0	0	0	0	0	0	0	0	0	108	0	0	0	0	0	0	0	0	0	0	0	0	0	0	0	0	0	0	0	0	0	0	0	0	0	0	0	0	0	0	0	0.0	0.0	0.0	0.0	0.000277	0.0	0.0	0.0	0.0	0.0	0.0	0.0	0.0	1.0	0.0	0.0	0.0	0.0	
177	177	4734.0712667	3965.444	3965.444	0.011329	0.0	0	0	0	0	175	0	0	0	0	0.0	0.0	0.0	0.0	0.276551	0.0	0.0	0.0	0.0	0.0	0.0	0.0	0.0	4640.47	0.0	0.0	0.0	0.0	0.0	0.0	0.0	0.0	26.517	0.0	0.0	0.0	0.0	0	0	0	0	67	0	0	0	0	0	0	0	0	0	0	0	0	0	0	0	0	0	108	0	0	0	0	0	0	0	0	0	0	0	0	0	0	0	0	0	0	0	0	0	0	0	0	0	0	0	0	0	0	0	0.0	0.0	0.0	0.0	0.000393	0.0	0.0	0.0	0.0	0.0	0.0	0.0	0.0	1.0	0.0	0.0	0.0	0.0	
178	178	4743.971267736	3965.444	3965.444	0.011048	0.0	0	0	0	0	176	0	0	0	0	0.0	0.0	0.0	0.0	0.248896	0.0	0.0	0.0	0.0	0.0	0.0	0.0	0.0	4650.37	0.0	0.0	0.0	0.0	0.0	0.0	0.0	0.0	26.4226	0.0	0.0	0.0	0.0	0	0	0	0	67	0	0	0	0	0	0	0	0	0	0	0	0	0	0	0	0	0	109	0	0	0	0	0	0	0	0	0	0	0	0	0	0	0	0	0	0	0	0	0	0	0	0	0	0	0	0	0	0	0	0.0	0.0	0.0	0.0	0.000357	0.0	0.0	0.0	0.0	0.0	0.0	0.0	0.0	1.0	0.0	0.0	0.0	0.0	
179	179	4758.526306073	3965.444	3965.444	0.01084	0.0	0	0	0	0	177	0	0	0	0	0.0	0.0	0.0	0.0	0.224006	0.0	0.0	0.0	0.0	0.0	0.0	0.0	0.0	4664.93	0.0	0.0	0.0	0.0	0.0	0.0	0.0	0.0	26.3555	0.0	0.0	0.0	0.0	0	0	0	0	67	0	0	0	0	0	0	0	0	0	0	0	0	0	0	0	0	0	110	0	0	0	0	0	0	0	0	0	0	0	0	0	0	0	0	0	0	0	0	0	0	0	0	0	0	0	0	0	0	0	0.0	0.0	0.0	0.0	0.000322	0.0	0.0	0.0	0.0	0.0	0.0	0.0	0.0	1.0	0.0	0.0	0.0	0.0	
180	180	4766.21029338	3965.444	3965.444	0.01054	0.0	0	0	0	0	178	0	0	0	0	0.0	0.0	0.0	0.0	0.201606	0.0	0.0	0.0	0.0	0.0	0.0	0.0	0.0	4672.61	0.0	0.0	0.0	0.0	0.0	0.0	0.0	0.0	26.2506	0.0	0.0	0.0	0.0	0	0	0	0	67	0	0	0	0	0	0	0	0	0	0	0	0	0	0	0	0	0	111	0	0	0	0	0	0	0	0	0	0	0	0	0	0	0	0	0	0	0	0	0	0	0	0	0	0	0	0	0	0	0	0.0	0.0	0.0	0.0	0.000293	0.0	0.0	0.0	0.0	0.0	0.0	0.0	0.0	1.0	0.0	0.0	0.0	0.0	
181	181	4771.563608749	3965.444	3965.444	0.010385	0.0	0	0	0	0	179	0	0	0	0	0.0	0.0	0.0	0.0	0.181445	0.0	0.0	0.0	0.0	0.0	0.0	0.0	0.0	4677.96	0.0	0.0	0.0	0.0	0.0	0.0	0.0	0.0	26.1339	0.0	0.0	0.0	0.0	0	0	0	0	67	0	0	0	0	0	0	0	0	0	0	0	0	0	0	0	0	0	112	0	0	0	0	0	0	0	0	0	0	0	0	0	0	0	0	0	0	0	0	0	0	0	0	0	0	0	0	0	0	0	0.0	0.0	0.0	0.0	0.000266	0.0	0.0	0.0	0.0	0.0	0.0	0.0	0.0	1.0	0.0	0.0	0.0	0.0	
182	182	4786.873494347	3965.444	3965.444	0.010279	0.0	0	0	0	0	180	0	0	0	0	0.0	0.0	0.0	0.0	0.163301	0.0	0.0	0.0	0.0	0.0	0.0	0.0	0.0	4693.27	0.0	0.0	0.0	0.0	0.0	0.0	0.0	0.0	26.0737	0.0	0.0	0.0	0.0	0	0	0	0	67	0	0	0	0	0	0	0	0	0	0	0	0	0	0	0	0	0	113	0	0	0	0	0	0	0	0	0	0	0	0	0	0	0	0	0	0	0	0	0	0	0	0	0	0	0	0	0	0	0	0.0	0.0	0.0	0.0	0.00024	0.0	0.0	0.0	0.0	0.0	0.0	0.0	0.0	1.0	0.0	0.0	0.0	0.0	
183	183	4794.110818697	3965.444	3965.444	0.009981	0.0	0	0	0	0	181	0	0	0	0	0.0	0.0	0.0	0.0	0.146971	0.0	0.0	0.0	0.0	0.0	0.0	0.0	0.0	4700.51	0.0	0.0	0.0	0.0	0.0	0.0	0.0	0.0	25.9697	0.0	0.0	0.0	0.0	0	0	0	0	67	0	0	0	0	0	0	0	0	0	0	0	0	0	0	0	0	0	114	0	0	0	0	0	0	0	0	0	0	0	0	0	0	0	0	0	0	0	0	0	0	0	0	0	0	0	0	0	0	0	0.0	0.0	0.0	0.0	0.000218	0.0	0.0	0.0	0.0	0.0	0.0	0.0	0.0	1.0	0.0	0.0	0.0	0.0	
184	184	4801.280659806	3965.444	3965.444	0.009842	0.0	0	0	0	0	182	0	0	0	0	0.0	0.0	0.0	0.0	0.132273	0.0	0.0	0.0	0.0	0.0	0.0	0.0	0.0	4707.68	0.0	0.0	0.0	0.0	0.0	0.0	0.0	0.0	25.8664	0.0	0.0	0.0	0.0	0	0	0	0	67	0	0	0	0	0	0	0	0	0	0	0	0	0	0	0	0	0	115	0	0	0	0	0	0	0	0	0	0	0	0	0	0	0	0	0	0	0	0	0	0	0	0	0	0	0	0	0	0	0	0.0	0.0	0.0	0.0	0.000198	0.0	0.0	0.0	0.0	0.0	0.0	0.0	0.0	1.0	0.0	0.0	0.0	0.0	
185	185	4805.874266409	3965.444	3965.444	0.009708	0.0	0	0	0	0	183	0	0	0	0	0.0	0.0	0.0	0.0	0.119046	0.0	0.0	0.0	0.0	0.0	0.0	0.0	0.0	4712.27	0.0	0.0	0.0	0.0	0.0	0.0	0.0	0.0	25.7501	0.0	0.0	0.0	0.0	0	0	0	0	67	0	0	0	0	0	0	0	0	0	0	0	0	0	0	0	0	0	116	0	0	0	0	0	0	0	0	0	0	0	0	0	0	0	0	0	0	0	0	0	0	0	0	0	0	0	0	0	0	0	0.0	0.0	0.0	0.0	0.00018	0.0	0.0	0.0	0.0	0.0	0.0	0.0	0.0	1.0	0.0	0.0	0.0	0.0	
186	186	4814.494771641	3965.444	3965.444	0.009622	0.0	0	0	0	0	184	0	0	0	0	0.0	0.0	0.0	0.0	0.107142	0.0	0.0	0.0	0.0	0.0	0.0	0.0	0.0	4720.9	0.0	0.0	0.0	0.0	0.0	0.0	0.0	0.0	25.657	0.0	0.0	0.0	0.0	0	0	0	0	67	0	0	0	0	0	0	0	0	0	0	0	0	0	0	0	0	0	117	0	0	0	0	0	0	0	0	0	0	0	0	0	0	0	0	0	0	0	0	0	0	0	0	0	0	0	0	0	0	0	0.0	0.0	0.0	0.0	0.000163	0.0	0.0	0.0	0.0	0.0	0.0	0.0	0.0	1.0	0.0	0.0	0.0	0.0	
187	187	4817.911468059	3965.444	3965.444	0.009464	0.0	0	0	0	0	185	0	0	0	0	0.0	0.0	0.0	0.0	0.096427	0.0	0.0	0.0	0.0	0.0	0.0	0.0	0.0	4724.31	0.0	0.0	0.0	0.0	0.0	0.0	0.0	0.0	25.5368	0.0	0.0	0.0	0.0	0	0	0	0	67	0	0	0	0	0	0	0	0	0	0	0	0	0	0	0	0	0	118	0	0	0	0	0	0	0	0	0	0	0	0	0	0	0	0	0	0	0	0	0	0	0	0	0	0	0	0	0	0	0	0.0	0.0	0.0	0.0	0.000148	0.0	0.0	0.0	0.0	0.0	0.0	0.0	0.0	1.0	0.0	0.0	0.0	0.0	
188	188	4824.061124291	3965.444	3965.444	0.009402	0.0	0	0	0	0	186	0	0	0	0	0.0	0.0	0.0	0.0	0.086785	0.0	0.0	0.0	0.0	0.0	0.0	0.0	0.0	4730.46	0.0	0.0	0.0	0.0	0.0	0.0	0.0	0.0	25.4326	0.0	0.0	0.0	0.0	0	0	0	0	67	0	0	0	0	0	0	0	0	0	0	0	0	0	0	0	0	0	119	0	0	0	0	0	0	0	0	0	0	0	0	0	0	0	0	0	0	0	0	0	0	0	0	0	0	0	0	0	0	0	0.0	0.0	0.0	0.0	0.000134	0.0	0.0	0.0	0.0	0.0	0.0	0.0	0.0	1.0	0.0	0.0	0.0	0.0	
189	189	4879.723336385	3956.444	3956.444	0.009291	0.0	0	0	0	0	187	0	0	0	0	0.0	0.0	0.0	0.0	0.178106	0.0	0.0	0.0	0.0	0.0	0.0	0.0	0.0	4786.12	0.0	0.0	0.0	0.0	0.0	0.0	0.0	0.0	25.5942	0.0	0.0	0.0	0.0	0	0	0	0	68	0	0	0	0	0	0	0	0	0	0	0	0	0	0	0	0	0	119	0	0	0	0	0	0	0	0	0	0	0	0	0	0	0	0	0	0	0	0	0	0	0	0	0	0	0	0	0	0	0	0.0	0.0	0.0	0.0	0.000272	0.0	0.0	0.0	0.0	0.0	0.0	0.0	0.0	1.0	0.0	0.0	0.0	0.0	
190	190	4886.882729649	3956.444	3956.444	0.008347	0.0	0	0	0	0	188	0	0	0	0	0.0	0.0	0.0	0.0	0.160296	0.0	0.0	0.0	0.0	0.0	0.0	0.0	0.0	4793.28	0.0	0.0	0.0	0.0	0.0	0.0	0.0	0.0	25.4962	0.0	0.0	0.0	0.0	0	0	0	0	68	0	0	0	0	0	0	0	0	0	0	0	0	0	0	0	0	0	120	0	0	0	0	0	0	0	0	0	0	0	0	0	0	0	0	0	0	0	0	0	0	0	0	0	0	0	0	0	0	0	0.0	0.0	0.0	0.0	0.000247	0.0	0.0	0.0	0.0	0.0	0.0	0.0	0.0	1.0	0.0	0.0	0.0	0.0	
191	191	4893.649390827	3956.444	3956.444	0.008233	0.0	0	0	0	0	189	0	0	0	0	0.0	0.0	0.0	0.0	0.144266	0.0	0.0	0.0	0.0	0.0	0.0	0.0	0.0	4800.05	0.0	0.0	0.0	0.0	0.0	0.0	0.0	0.0	25.3971	0.0	0.0	0.0	0.0	0	0	0	0	68	0	0	0	0	0	0	0	0	0	0	0	0	0	0	0	0	0	121	0	0	0	0	0	0	0	0	0	0	0	0	0	0	0	0	0	0	0	0	0	0	0	0	0	0	0	0	0	0	0	0.0	0.0	0.0	0.0	0.000224	0.0	0.0	0.0	0.0	0.0	0.0	0.0	0.0	1.0	0.0	0.0	0.0	0.0	
192	192	4907.299223067	3956.444	3956.444	0.008127	0.0	0	0	0	0	190	0	0	0	0	0.0	0.0	0.0	0.0	0.129839	0.0	0.0	0.0	0.0	0.0	0.0	0.0	0.0	4813.7	0.0	0.0	0.0	0.0	0.0	0.0	0.0	0.0	25.3353	0.0	0.0	0.0	0.0	0	0	0	0	68	0	0	0	0	0	0	0	0	0	0	0	0	0	0	0	0	0	122	0	0	0	0	0	0	0	0	0	0	0	0	0	0	0	0	0	0	0	0	0	0	0	0	0	0	0	0	0	0	0	0.0	0.0	0.0	0.0	0.000202	0.0	0.0	0.0	0.0	0.0	0.0	0.0	0.0	1.0	0.0	0.0	0.0	0.0	
193	193	4912.124921384	3956.444	3956.444	0.007916	0.0	0	0	0	0	191	0	0	0	0	0.0	0.0	0.0	0.0	0.116855	0.0	0.0	0.0	0.0	0.0	0.0	0.0	0.0	4818.53	0.0	0.0	0.0	0.0	0.0	0.0	0.0	0.0	25.2279	0.0	0.0	0.0	0.0	0	0	0	0	68	0	0	0	0	0	0	0	0	0	0	0	0	0	0	0	0	0	123	0	0	0	0	0	0	0	0	0	0	0	0	0	0	0	0	0	0	0	0	0	0	0	0	0	0	0	0	0	0	0	0.0	0.0	0.0	0.0	0.000184	0.0	0.0	0.0	0.0	0.0	0.0	0.0	0.0	1.0	0.0	0.0	0.0	0.0	
194	194	4921.518378561	3956.444	3956.444	0.007843	0.0	0	0	0	0	192	0	0	0	0	0.0	0.0	0.0	0.0	0.10517	0.0	0.0	0.0	0.0	0.0	0.0	0.0	0.0	4827.92	0.0	0.0	0.0	0.0	0.0	0.0	0.0	0.0	25.1454	0.0	0.0	0.0	0.0	0	0	0	0	68	0	0	0	0	0	0	0	0	0	0	0	0	0	0	0	0	0	124	0	0	0	0	0	0	0	0	0	0	0	0	0	0	0	0	0	0	0	0	0	0	0	0	0	0	0	0	0	0	0	0.0	0.0	0.0	0.0	0.000166	0.0	0.0	0.0	0.0	0.0	0.0	0.0	0.0	1.0	0.0	0.0	0.0	0.0	
195	195	4929.369591281	3956.444	3956.444	0.007702	0.0	0	0	0	0	193	0	0	0	0	0.0	0.0	0.0	0.0	0.094653	0.0	0.0	0.0	0.0	0.0	0.0	0.0	0.0	4835.77	0.0	0.0	0.0	0.0	0.0	0.0	0.0	0.0	25.0558	0.0	0.0	0.0	0.0	0	0	0	0	68	0	0	0	0	0	0	0	0	0	0	0	0	0	0	0	0	0	125	0	0	0	0	0	0	0	0	0	0	0	0	0	0	0	0	0	0	0	0	0	0	0	0	0	0	0	0	0	0	0	0.0	0.0	0.0	0.0	0.000151	0.0	0.0	0.0	0.0	0.0	0.0	0.0	0.0	1.0	0.0	0.0	0.0	0.0	
196	196	4933.365682809	3956.444	3956.444	0.007587	0.0	0	0	0	0	194	0	0	0	0	0.0	0.0	0.0	0.0	0.085188	0.0	0.0	0.0	0.0	0.0	0.0	0.0	0.0	4839.77	0.0	0.0	0.0	0.0	0.0	0.0	0.0	0.0	24.9472	0.0	0.0	0.0	0.0	0	0	0	0	68	0	0	0	0	0	0	0	0	0	0	0	0	0	0	0	0	0	126	0	0	0	0	0	0	0	0	0	0	0	0	0	0	0	0	0	0	0	0	0	0	0	0	0	0	0	0	0	0	0	0.0	0.0	0.0	0.0	0.000137	0.0	0.0	0.0	0.0	0.0	0.0	0.0	0.0	1.0	0.0	0.0	0.0	0.0	
197	197	4945.761227704	3956.444	3956.444	0.007529	0.0	0	0	0	0	195	0	0	0	0	0.0	0.0	0.0	0.0	0.076669	0.0	0.0	0.0	0.0	0.0	0.0	0.0	0.0	4852.16	0.0	0.0	0.0	0.0	0.0	0.0	0.0	0.0	24.8829	0.0	0.0	0.0	0.0	0	0	0	0	68	0	0	0	0	0	0	0	0	0	0	0	0	0	0	0	0	0	127	0	0	0	0	0	0	0	0	0	0	0	0	0	0	0	0	0	0	0	0	0	0	0	0	0	0	0	0	0	0	0	0.0	0.0	0.0	0.0	0.000124	0.0	0.0	0.0	0.0	0.0	0.0	0.0	0.0	1.0	0.0	0.0	0.0	0.0	
198	198	4951.210735391	3956.444	3956.444	0.007351	0.0	0	0	0	0	196	0	0	0	0	0.0	0.0	0.0	0.0	0.069002	0.0	0.0	0.0	0.0	0.0	0.0	0.0	0.0	4857.61	0.0	0.0	0.0	0.0	0.0	0.0	0.0	0.0	24.7837	0.0	0.0	0.0	0.0	0	0	0	0	68	0	0	0	0	0	0	0	0	0	0	0	0	0	0	0	0	0	128	0	0	0	0	0	0	0	0	0	0	0	0	0	0	0	0	0	0	0	0	0	0	0	0	0	0	0	0	0	0	0	0.0	0.0	0.0	0.0	0.000112	0.0	0.0	0.0	0.0	0.0	0.0	0.0	0.0	1.0	0.0	0.0	0.0	0.0	
199	199	4971.802048133	3955.444	3955.444	0.007274	0.0	0	0	0	0	197	0	0	0	0	0.0	0.0	0.0	0.0	0.162102	0.0	0.0	0.0	0.0	0.0	0.0	0.0	0.0	4878.2	0.0	0.0	0.0	0.0	0.0	0.0	0.0	0.0	24.7624	0.0	0.0	0.0	0.0	0	0	0	0	69	0	0	0	0	0	0	0	0	0	0	0	0	0	0	0	0	0	128	0	0	0	0	0	0	0	0	0	0	0	0	0	0	0	0	0	0	0	0	0	0	0	0	0	0	0	0	0	0	0	0.0	0.0	0.0	0.0	0.000264	0.0	0.0	0.0	0.0	0.0	0.0	0.0	0.0	1.0	0.0	0.0	0.0	0.0	
200	200	4982.800678319	3955.444	3955.444	0.006992	0.0	0	0	0	0	198	0	0	0	0	0.0	0.0	0.0	0.0	0.145892	0.0	0.0	0.0	0.0	0.0	0.0	0.0	0.0	4889.2	0.0	0.0	0.0	0.0	0.0	0.0	0.0	0.0	24.6929	0.0	0.0	0.0	0.0	0	0	0	0	69	0	0	0	0	0	0	0	0	0	0	0	0	0	0	0	0	0	129	0	0	0	0	0	0	0	0	0	0	0	0	0	0	0	0	0	0	0	0	0	0	0	0	0	0	0	0	0	0	0	0.0	0.0	0.0	0.0	0.000239	0.0	0.0	0.0	0.0	0.0	0.0	0.0	0.0	1.0	0.0	0.0	0.0	0.0	
201	201	5006.031508284	3955.444	3955.444	0.006845	0.0	0	0	0	0	199	0	0	0	0	0.0	0.0	0.0	0.0	0.131302	0.0	0.0	0.0	0.0	0.0	0.0	0.0	0.0	4912.43	0.0	0.0	0.0	0.0	0.0	0.0	0.0	0.0	24.6856	0.0	0.0	0.0	0.0	0	0	0	0	69	0	0	0	0	0	0	0	0	0	0	0	0	0	0	0	0	0	130	0	0	0	0	0	0	0	0	0	0	0	0	0	0	0	0	0	0	0	0	0	0	0	0	0	0	0	0	0	0	0	0.0	0.0	0.0	0.0	0.000215	0.0	0.0	0.0	0.0	0.0	0.0	0.0	0.0	1.0	0.0	0.0	0.0	0.0	
202	202	5011.10321778	3947.944	3947.944	0.006546	0.0	0	0	0	0	200	0	0	0	0	0.0	0.0	0.0	0.0	0.218172	0.0	0.0	0.0	0.0	0.0	0.0	0.0	0.0	4917.5	0.0	0.0	0.0	0.0	0.0	0.0	0.0	0.0	24.5875	0.0	0.0	0.0	0.0	0	0	0	0	70	0	0	0	0	0	0	0	0	0	0	0	0	0	0	0	0	0	130	0	0	0	0	0	0	0	0	0	0	0	0	0	0	0	0	0	0	0	0	0	0	0	0	0	0	0	0	0	0	0	0.0	0.0	0.0	0.0	0.000361	0.0	0.0	0.0	0.0	0.0	0.0	0.0	0.0	1.0	0.0	0.0	0.0	0.0	
203	203	5118.069096062	3947.944	3947.944	0.006483	0.0	0	0	0	0	201	0	0	0	0	0.0	0.0	0.0	0.0	0.196355	0.0	0.0	0.0	0.0	0.0	0.0	0.0	0.0	5024.47	0.0	0.0	0.0	0.0	0.0	0.0	0.0	0.0	24.9974	0.0	0.0	0.0	0.0	0	0	0	0	70	0	0	0	0	0	0	0	0	0	0	0	0	0	0	0	0	0	131	0	0	0	0	0	0	0	0	0	0	0	0	0	0	0	0	0	0	0	0	0	0	0	0	0	0	0	0	0	0	0	0.0	0.0	0.0	0.0	0.000314	0.0	0.0	0.0	0.0	0.0	0.0	0.0	0.0	1.0	0.0	0.0	0.0	0.0	
204	204	5127.274620965	3947.944	3947.944	0.005276	0.0	0	0	0	0	202	0	0	0	0	0.0	0.0	0.0	0.0	0.176719	0.0	0.0	0.0	0.0	0.0	0.0	0.0	0.0	5033.67	0.0	0.0	0.0	0.0	0.0	0.0	0.0	0.0	24.9192	0.0	0.0	0.0	0.0	0	0	0	0	70	0	0	0	0	0	0	0	0	0	0	0	0	0	0	0	0	0	132	0	0	0	0	0	0	0	0	0	0	0	0	0	0	0	0	0	0	0	0	0	0	0	0	0	0	0	0	0	0	0	0.0	0.0	0.0	0.0	0.000285	0.0	0.0	0.0	0.0	0.0	0.0	0.0	0.0	1.0	0.0	0.0	0.0	0.0	
205	205	5151.105018222	3947.944	3947.944	0.005184	0.0	0	0	0	0	203	0	0	0	0	0.0	0.0	0.0	0.0	0.159048	0.0	0.0	0.0	0.0	0.0	0.0	0.0	0.0	5057.51	0.0	0.0	0.0	0.0	0.0	0.0	0.0	0.0	24.9138	0.0	0.0	0.0	0.0	0	0	0	0	70	0	0	0	0	0	0	0	0	0	0	0	0	0	0	0	0	0	133	0	0	0	0	0	0	0	0	0	0	0	0	0	0	0	0	0	0	0	0	0	0	0	0	0	0	0	0	0	0	0	0.0	0.0	0.0	0.0	0.000256	0.0	0.0	0.0	0.0	0.0	0.0	0.0	0.0	1.0	0.0	0.0	0.0	0.0	
206	206	5170.235979232	3947.944	3947.944	0.004951	0.0	0	0	0	0	204	0	0	0	0	0.0	0.0	0.0	0.0	0.143143	0.0	0.0	0.0	0.0	0.0	0.0	0.0	0.0	5076.64	0.0	0.0	0.0	0.0	0.0	0.0	0.0	0.0	24.8855	0.0	0.0	0.0	0.0	0	0	0	0	70	0	0	0	0	0	0	0	0	0	0	0	0	0	0	0	0	0	134	0	0	0	0	0	0	0	0	0	0	0	0	0	0	0	0	0	0	0	0	0	0	0	0	0	0	0	0	0	0	0	0.0	0.0	0.0	0.0	0.000231	0.0	0.0	0.0	0.0	0.0	0.0	0.0	0.0	1.0	0.0	0.0	0.0	0.0	
207	207	5181.612823099	3947.944	3947.944	0.004772	0.0	0	0	0	0	205	0	0	0	0	0.0	0.0	0.0	0.0	0.128829	0.0	0.0	0.0	0.0	0.0	0.0	0.0	0.0	5088.01	0.0	0.0	0.0	0.0	0.0	0.0	0.0	0.0	24.8196	0.0	0.0	0.0	0.0	0	0	0	0	70	0	0	0	0	0	0	0	0	0	0	0	0	0	0	0	0	0	135	0	0	0	0	0	0	0	0	0	0	0	0	0	0	0	0	0	0	0	0	0	0	0	0	0	0	0	0	0	0	0	0.0	0.0	0.0	0.0	0.000209	0.0	0.0	0.0	0.0	0.0	0.0	0.0	0.0	1.0	0.0	0.0	0.0	0.0	
208	208	5361.802632313	3947.944	3947.944	0.004669	0.0	0	0	0	0	206	0	0	0	0	0.0	0.0	0.0	0.0	0.115946	0.0	0.0	0.0	0.0	0.0	0.0	0.0	0.0	5268.2	0.0	0.0	0.0	0.0	0.0	0.0	0.0	0.0	25.5738	0.0	0.0	0.0	0.0	0	0	0	0	70	0	0	0	0	0	0	0	0	0	0	0	0	0	0	0	0	0	136	0	0	0	0	0	0	0	0	0	0	0	0	0	0	0	0	0	0	0	0	0	0	0	0	0	0	0	0	0	0	0	0.0	0.0	0.0	0.0	0.000177	0.0	0.0	0.0	0.0	0.0	0.0	0.0	0.0	1.0	0.0	0.0	0.0	0.0	
209	209	5367.233670374	3947.944	3947.944	0.003301	0.0	0	0	0	0	207	0	0	0	0	0.0	0.0	0.0	0.0	0.104351	0.0	0.0	0.0	0.0	0.0	0.0	0.0	0.0	5273.63	0.0	0.0	0.0	0.0	0.0	0.0	0.0	0.0	25.4765	0.0	0.0	0.0	0.0	0	0	0	0	70	0	0	0	0	0	0	0	0	0	0	0	0	0	0	0	0	0	137	0	0	0	0	0	0	0	0	0	0	0	0	0	0	0	0	0	0	0	0	0	0	0	0	0	0	0	0	0	0	0	0.0	0.0	0.0	0.0	0.000161	0.0	0.0	0.0	0.0	0.0	0.0	0.0	0.0	1.0	0.0	0.0	0.0	0.0	
210	210	5370.267336149	3947.944	3947.944	0.003267	0.0	0	0	0	0	208	0	0	0	0	0.0	0.0	0.0	0.0	0.093916	0.0	0.0	0.0	0.0	0.0	0.0	0.0	0.0	5276.67	0.0	0.0	0.0	0.0	0.0	0.0	0.0	0.0	25.3686	0.0	0.0	0.0	0.0	0	0	0	0	70	0	0	0	0	0	0	0	0	0	0	0	0	0	0	0	0	0	138	0	0	0	0	0	0	0	0	0	0	0	0	0	0	0	0	0	0	0	0	0	0	0	0	0	0	0	0	0	0	0	0.0	0.0	0.0	0.0	0.000146	0.0	0.0	0.0	0.0	0.0	0.0	0.0	0.0	1.0	0.0	0.0	0.0	0.0	
211	211	5389.417484252	3947.944	3947.944	0.003248	0.0	0	0	0	0	209	0	0	0	0	0.0	0.0	0.0	0.0	0.084524	0.0	0.0	0.0	0.0	0.0	0.0	0.0	0.0	5295.82	0.0	0.0	0.0	0.0	0.0	0.0	0.0	0.0	25.3388	0.0	0.0	0.0	0.0	0	0	0	0	70	0	0	0	0	0	0	0	0	0	0	0	0	0	0	0	0	0	139	0	0	0	0	0	0	0	0	0	0	0	0	0	0	0	0	0	0	0	0	0	0	0	0	0	0	0	0	0	0	0	0.0	0.0	0.0	0.0	0.000132	0.0	0.0	0.0	0.0	0.0	0.0	0.0	0.0	1.0	0.0	0.0	0.0	0.0	
212	212	5397.606589449	3947.944	3947.944	0.00313	0.0	0	0	0	0	210	0	0	0	0	0.0	0.0	0.0	0.0	0.076072	0.0	0.0	0.0	0.0	0.0	0.0	0.0	0.0	5304.01	0.0	0.0	0.0	0.0	0.0	0.0	0.0	0.0	25.2572	0.0	0.0	0.0	0.0	0	0	0	0	70	0	0	0	0	0	0	0	0	0	0	0	0	0	0	0	0	0	140	0	0	0	0	0	0	0	0	0	0	0	0	0	0	0	0	0	0	0	0	0	0	0	0	0	0	0	0	0	0	0	0.0	0.0	0.0	0.0	0.000119	0.0	0.0	0.0	0.0	0.0	0.0	0.0	0.0	1.0	0.0	0.0	0.0	0.0	
213	213	5403.789218396	3947.944	3947.944	0.003081	0.0	0	0	0	0	211	0	0	0	0	0.0	0.0	0.0	0.0	0.068465	0.0	0.0	0.0	0.0	0.0	0.0	0.0	0.0	5310.19	0.0	0.0	0.0	0.0	0.0	0.0	0.0	0.0	25.1668	0.0	0.0	0.0	0.0	0	0	0	0	70	0	0	0	0	0	0	0	0	0	0	0	0	0	0	0	0	0	141	0	0	0	0	0	0	0	0	0	0	0	0	0	0	0	0	0	0	0	0	0	0	0	0	0	0	0	0	0	0	0	0.0	0.0	0.0	0.0	0.000108	0.0	0.0	0.0	0.0	0.0	0.0	0.0	0.0	1.0	0.0	0.0	0.0	0.0	
214	214	5411.620529438	3947.944	3947.944	0.003045	0.0	0	0	0	0	212	0	0	0	0	0.0	0.0	0.0	0.0	0.061618	0.0	0.0	0.0	0.0	0.0	0.0	0.0	0.0	5318.02	0.0	0.0	0.0	0.0	0.0	0.0	0.0	0.0	25.085	0.0	0.0	0.0	0.0	0	0	0	0	70	0	0	0	0	0	0	0	0	0	0	0	0	0	0	0	0	0	142	0	0	0	0	0	0	0	0	0	0	0	0	0	0	0	0	0	0	0	0	0	0	0	0	0	0	0	0	0	0	0	0.0	0.0	0.0	0.0	9.8e-5	0.0	0.0	0.0	0.0	0.0	0.0	0.0	0.0	1.0	0.0	0.0	0.0	0.0	
215	215	5423.480778796	3947.944	3947.944	0.002999	0.0	0	0	0	0	213	0	0	0	0	0.0	0.0	0.0	0.0	0.055456	0.0	0.0	0.0	0.0	0.0	0.0	0.0	0.0	5329.88	0.0	0.0	0.0	0.0	0.0	0.0	0.0	0.0	25.0229	0.0	0.0	0.0	0.0	0	0	0	0	70	0	0	0	0	0	0	0	0	0	0	0	0	0	0	0	0	0	143	0	0	0	0	0	0	0	0	0	0	0	0	0	0	0	0	0	0	0	0	0	0	0	0	0	0	0	0	0	0	0	0.0	0.0	0.0	0.0	8.9e-5	0.0	0.0	0.0	0.0	0.0	0.0	0.0	0.0	1.0	0.0	0.0	0.0	0.0	
216	216	5447.204801397	3947.944	3947.944	0.002931	0.0	0	0	0	0	214	0	0	0	0	0.0	0.0	0.0	0.0	0.049911	0.0	0.0	0.0	0.0	0.0	0.0	0.0	0.0	5353.6	0.0	0.0	0.0	0.0	0.0	0.0	0.0	0.0	25.0168	0.0	0.0	0.0	0.0	0	0	0	0	70	0	0	0	0	0	0	0	0	0	0	0	0	0	0	0	0	0	144	0	0	0	0	0	0	0	0	0	0	0	0	0	0	0	0	0	0	0	0	0	0	0	0	0	0	0	0	0	0	0	0.0	0.0	0.0	0.0	8.0e-5	0.0	0.0	0.0	0.0	0.0	0.0	0.0	0.0	1.0	0.0	0.0	0.0	0.0	
217	217	5471.508591794	3947.944	3947.944	0.002801	0.0	0	0	0	0	215	0	0	0	0	0.0	0.0	0.0	0.0	0.04492	0.0	0.0	0.0	0.0	0.0	0.0	0.0	0.0	5377.91	0.0	0.0	0.0	0.0	0.0	0.0	0.0	0.0	25.0135	0.0	0.0	0.0	0.0	0	0	0	0	70	0	0	0	0	0	0	0	0	0	0	0	0	0	0	0	0	0	145	0	0	0	0	0	0	0	0	0	0	0	0	0	0	0	0	0	0	0	0	0	0	0	0	0	0	0	0	0	0	0	0.0	0.0	0.0	0.0	7.2e-5	0.0	0.0	0.0	0.0	0.0	0.0	0.0	0.0	1.0	0.0	0.0	0.0	0.0	
218	218	5498.599914592	3947.944	3947.944	0.002673	0.0	0	0	0	0	216	0	0	0	0	0.0	0.0	0.0	0.0	0.040428	0.0	0.0	0.0	0.0	0.0	0.0	0.0	0.0	5405.0	0.0	0.0	0.0	0.0	0.0	0.0	0.0	0.0	25.0231	0.0	0.0	0.0	0.0	0	0	0	0	70	0	0	0	0	0	0	0	0	0	0	0	0	0	0	0	0	0	146	0	0	0	0	0	0	0	0	0	0	0	0	0	0	0	0	0	0	0	0	0	0	0	0	0	0	0	0	0	0	0	0.0	0.0	0.0	0.0	6.5e-5	0.0	0.0	0.0	0.0	0.0	0.0	0.0	0.0	1.0	0.0	0.0	0.0	0.0	
219	219	5502.712624614	3947.944	3947.944	0.002537	0.0	0	0	0	0	217	0	0	0	0	0.0	0.0	0.0	0.0	0.036385	0.0	0.0	0.0	0.0	0.0	0.0	0.0	0.0	5409.11	0.0	0.0	0.0	0.0	0.0	0.0	0.0	0.0	24.9268	0.0	0.0	0.0	0.0	0	0	0	0	70	0	0	0	0	0	0	0	0	0	0	0	0	0	0	0	0	0	147	0	0	0	0	0	0	0	0	0	0	0	0	0	0	0	0	0	0	0	0	0	0	0	0	0	0	0	0	0	0	0	0.0	0.0	0.0	0.0	5.9e-5	0.0	0.0	0.0	0.0	0.0	0.0	0.0	0.0	1.0	0.0	0.0	0.0	0.0	
220	220	5517.311789256	3947.944	3947.944	0.002517	0.0	0	0	0	0	218	0	0	0	0	0.0	0.0	0.0	0.0	0.032746	0.0	0.0	0.0	0.0	0.0	0.0	0.0	0.0	5423.71	0.0	0.0	0.0	0.0	0.0	0.0	0.0	0.0	24.8794	0.0	0.0	0.0	0.0	0	0	0	0	70	0	0	0	0	0	0	0	0	0	0	0	0	0	0	0	0	0	148	0	0	0	0	0	0	0	0	0	0	0	0	0	0	0	0	0	0	0	0	0	0	0	0	0	0	0	0	0	0	0	0.0	0.0	0.0	0.0	5.3e-5	0.0	0.0	0.0	0.0	0.0	0.0	0.0	0.0	1.0	0.0	0.0	0.0	0.0	
221	221	5523.24821496	3947.944	3947.944	0.002447	0.0	0	0	0	0	219	0	0	0	0	0.0	0.0	0.0	0.0	0.029472	0.0	0.0	0.0	0.0	0.0	0.0	0.0	0.0	5429.65	0.0	0.0	0.0	0.0	0.0	0.0	0.0	0.0	24.7929	0.0	0.0	0.0	0.0	0	0	0	0	70	0	0	0	0	0	0	0	0	0	0	0	0	0	0	0	0	0	149	0	0	0	0	0	0	0	0	0	0	0	0	0	0	0	0	0	0	0	0	0	0	0	0	0	0	0	0	0	0	0	0.0	0.0	0.0	0.0	4.8e-5	0.0	0.0	0.0	0.0	0.0	0.0	0.0	0.0	1.0	0.0	0.0	0.0	0.0	
222	222	5541.595929615	3947.944	3947.944	0.002419	0.0	0	0	0	0	220	0	0	0	0	0.0	0.0	0.0	0.0	0.026525	0.0	0.0	0.0	0.0	0.0	0.0	0.0	0.0	5448.0	0.0	0.0	0.0	0.0	0.0	0.0	0.0	0.0	24.7636	0.0	0.0	0.0	0.0	0	0	0	0	70	0	0	0	0	0	0	0	0	0	0	0	0	0	0	0	0	0	150	0	0	0	0	0	0	0	0	0	0	0	0	0	0	0	0	0	0	0	0	0	0	0	0	0	0	0	0	0	0	0	0.0	0.0	0.0	0.0	4.3e-5	0.0	0.0	0.0	0.0	0.0	0.0	0.0	0.0	1.0	0.0	0.0	0.0	0.0	
223	223	5556.125837183	3942.944	3942.944	0.002335	0.0	0	0	0	0	221	0	0	0	0	0.0	0.0	0.0	0.0	0.123872	0.0	0.0	0.0	0.0	0.0	0.0	0.0	0.0	5462.53	0.0	0.0	0.0	0.0	0.0	0.0	0.0	0.0	24.7173	0.0	0.0	0.0	0.0	0	0	0	0	71	0	0	0	0	0	0	0	0	0	0	0	0	0	0	0	0	0	150	0	0	0	0	0	0	0	0	0	0	0	0	0	0	0	0	0	0	0	0	0	0	0	0	0	0	0	0	0	0	0	0.0	0.0	0.0	0.0	0.000203	0.0	0.0	0.0	0.0	0.0	0.0	0.0	0.0	1.0	0.0	0.0	0.0	0.0	
224	224	5561.293799934	3942.944	3942.944	0.002271	0.0	0	0	0	0	222	0	0	0	0	0.0	0.0	0.0	0.0	0.111485	0.0	0.0	0.0	0.0	0.0	0.0	0.0	0.0	5467.69	0.0	0.0	0.0	0.0	0.0	0.0	0.0	0.0	24.6292	0.0	0.0	0.0	0.0	0	0	0	0	71	0	0	0	0	0	0	0	0	0	0	0	0	0	0	0	0	0	151	0	0	0	0	0	0	0	0	0	0	0	0	0	0	0	0	0	0	0	0	0	0	0	0	0	0	0	0	0	0	0	0.0	0.0	0.0	0.0	0.000184	0.0	0.0	0.0	0.0	0.0	0.0	0.0	0.0	1.0	0.0	0.0	0.0	0.0	
225	225	5569.143353405	3942.944	3942.944	0.002249	0.0	0	0	0	0	223	0	0	0	0	0.0	0.0	0.0	0.0	0.100336	0.0	0.0	0.0	0.0	0.0	0.0	0.0	0.0	5475.54	0.0	0.0	0.0	0.0	0.0	0.0	0.0	0.0	24.554	0.0	0.0	0.0	0.0	0	0	0	0	71	0	0	0	0	0	0	0	0	0	0	0	0	0	0	0	0	0	152	0	0	0	0	0	0	0	0	0	0	0	0	0	0	0	0	0	0	0	0	0	0	0	0	0	0	0	0	0	0	0	0.0	0.0	0.0	0.0	0.000166	0.0	0.0	0.0	0.0	0.0	0.0	0.0	0.0	1.0	0.0	0.0	0.0	0.0	
226	226	5598.402186906	3942.944	3942.944	0.002215	0.0	0	0	0	0	224	0	0	0	0	0.0	0.0	0.0	0.0	0.090303	0.0	0.0	0.0	0.0	0.0	0.0	0.0	0.0	5504.8	0.0	0.0	0.0	0.0	0.0	0.0	0.0	0.0	24.575	0.0	0.0	0.0	0.0	0	0	0	0	71	0	0	0	0	0	0	0	0	0	0	0	0	0	0	0	0	0	153	0	0	0	0	0	0	0	0	0	0	0	0	0	0	0	0	0	0	0	0	0	0	0	0	0	0	0	0	0	0	0	0.0	0.0	0.0	0.0	0.00015	0.0	0.0	0.0	0.0	0.0	0.0	0.0	0.0	1.0	0.0	0.0	0.0	0.0	
227	227	5609.836028363	3942.944	3942.944	0.002094	0.0	0	0	0	0	225	0	0	0	0	0.0	0.0	0.0	0.0	0.081272	0.0	0.0	0.0	0.0	0.0	0.0	0.0	0.0	5516.24	0.0	0.0	0.0	0.0	0.0	0.0	0.0	0.0	24.5166	0.0	0.0	0.0	0.0	0	0	0	0	71	0	0	0	0	0	0	0	0	0	0	0	0	0	0	0	0	0	154	0	0	0	0	0	0	0	0	0	0	0	0	0	0	0	0	0	0	0	0	0	0	0	0	0	0	0	0	0	0	0	0.0	0.0	0.0	0.0	0.000135	0.0	0.0	0.0	0.0	0.0	0.0	0.0	0.0	1.0	0.0	0.0	0.0	0.0	
228	228	5631.36946644	3942.944	3942.944	0.002048	0.0	0	0	0	0	226	0	0	0	0	0.0	0.0	0.0	0.0	0.073145	0.0	0.0	0.0	0.0	0.0	0.0	0.0	0.0	5537.77	0.0	0.0	0.0	0.0	0.0	0.0	0.0	0.0	24.5034	0.0	0.0	0.0	0.0	0	0	0	0	71	0	0	0	0	0	0	0	0	0	0	0	0	0	0	0	0	0	155	0	0	0	0	0	0	0	0	0	0	0	0	0	0	0	0	0	0	0	0	0	0	0	0	0	0	0	0	0	0	0	0.0	0.0	0.0	0.0	0.000122	0.0	0.0	0.0	0.0	0.0	0.0	0.0	0.0	1.0	0.0	0.0	0.0	0.0	
229	229	5634.863779404	3942.944	3942.944	0.001965	0.0	0	0	0	0	227	0	0	0	0	0.0	0.0	0.0	0.0	0.065831	0.0	0.0	0.0	0.0	0.0	0.0	0.0	0.0	5541.26	0.0	0.0	0.0	0.0	0.0	0.0	0.0	0.0	24.4109	0.0	0.0	0.0	0.0	0	0	0	0	71	0	0	0	0	0	0	0	0	0	0	0	0	0	0	0	0	0	156	0	0	0	0	0	0	0	0	0	0	0	0	0	0	0	0	0	0	0	0	0	0	0	0	0	0	0	0	0	0	0	0.0	0.0	0.0	0.0	0.00011	0.0	0.0	0.0	0.0	0.0	0.0	0.0	0.0	1.0	0.0	0.0	0.0	0.0	
230	230	5644.641856317	3942.944	3942.944	0.001952	0.0	0	0	0	0	228	0	0	0	0	0.0	0.0	0.0	0.0	0.059248	0.0	0.0	0.0	0.0	0.0	0.0	0.0	0.0	5551.04	0.0	0.0	0.0	0.0	0.0	0.0	0.0	0.0	24.3467	0.0	0.0	0.0	0.0	0	0	0	0	71	0	0	0	0	0	0	0	0	0	0	0	0	0	0	0	0	0	157	0	0	0	0	0	0	0	0	0	0	0	0	0	0	0	0	0	0	0	0	0	0	0	0	0	0	0	0	0	0	0	0.0	0.0	0.0	0.0	0.0001	0.0	0.0	0.0	0.0	0.0	0.0	0.0	0.0	1.0	0.0	0.0	0.0	0.0	
231	231	5681.311298363	3942.944	3942.944	0.001915	0.0	0	0	0	0	229	0	0	0	0	0.0	0.0	0.0	0.0	0.053323	0.0	0.0	0.0	0.0	0.0	0.0	0.0	0.0	5587.71	0.0	0.0	0.0	0.0	0.0	0.0	0.0	0.0	24.4005	0.0	0.0	0.0	0.0	0	0	0	0	71	0	0	0	0	0	0	0	0	0	0	0	0	0	0	0	0	0	158	0	0	0	0	0	0	0	0	0	0	0	0	0	0	0	0	0	0	0	0	0	0	0	0	0	0	0	0	0	0	0	0.0	0.0	0.0	0.0	9.0e-5	0.0	0.0	0.0	0.0	0.0	0.0	0.0	0.0	1.0	0.0	0.0	0.0	0.0	
232	232	5685.9348482	3937.083	3937.083	0.001785	0.0	0	0	0	0	230	0	0	0	0	0.0	0.0	0.0	0.0	0.147991	0.0	0.0	0.0	0.0	0.0	0.0	0.0	0.0	5592.33	0.0	0.0	0.0	0.0	0.0	0.0	0.0	0.0	24.3145	0.0	0.0	0.0	0.0	0	0	0	0	72	0	0	0	0	0	0	0	0	0	0	0	0	0	0	0	0	0	158	0	0	0	0	0	0	0	0	0	0	0	0	0	0	0	0	0	0	0	0	0	0	0	0	0	0	0	0	0	0	0	0.0	0.0	0.0	0.0	0.00025	0.0	0.0	0.0	0.0	0.0	0.0	0.0	0.0	1.0	0.0	0.0	0.0	0.0	
233	233	5691.198512257	3937.083	3937.083	0.001769	0.0	0	0	0	0	231	0	0	0	0	0.0	0.0	0.0	0.0	0.133192	0.0	0.0	0.0	0.0	0.0	0.0	0.0	0.0	5597.6	0.0	0.0	0.0	0.0	0.0	0.0	0.0	0.0	24.232	0.0	0.0	0.0	0.0	0	0	0	0	72	0	0	0	0	0	0	0	0	0	0	0	0	0	0	0	0	0	159	0	0	0	0	0	0	0	0	0	0	0	0	0	0	0	0	0	0	0	0	0	0	0	0	0	0	0	0	0	0	0	0.0	0.0	0.0	0.0	0.000227	0.0	0.0	0.0	0.0	0.0	0.0	0.0	0.0	1.0	0.0	0.0	0.0	0.0	
234	234	5701.36753462	3936.083	3936.083	0.001751	0.0	0	0	0	0	232	0	0	0	0	0.0	0.0	0.0	0.0	0.219872	0.0	0.0	0.0	0.0	0.0	0.0	0.0	0.0	5607.77	0.0	0.0	0.0	0.0	0.0	0.0	0.0	0.0	24.1714	0.0	0.0	0.0	0.0	0	0	0	0	73	0	0	0	0	0	0	0	0	0	0	0	0	0	0	0	0	0	159	0	0	0	0	0	0	0	0	0	0	0	0	0	0	0	0	0	0	0	0	0	0	0	0	0	0	0	0	0	0	0	0.0	0.0	0.0	0.0	0.000376	0.0	0.0	0.0	0.0	0.0	0.0	0.0	0.0	1.0	0.0	0.0	0.0	0.0	
235	235	5706.968247632	3936.083	3936.083	0.001717	0.0	0	0	0	0	233	0	0	0	0	0.0	0.0	0.0	0.0	0.197885	0.0	0.0	0.0	0.0	0.0	0.0	0.0	0.0	5613.37	0.0	0.0	0.0	0.0	0.0	0.0	0.0	0.0	24.0917	0.0	0.0	0.0	0.0	0	0	0	0	73	0	0	0	0	0	0	0	0	0	0	0	0	0	0	0	0	0	160	0	0	0	0	0	0	0	0	0	0	0	0	0	0	0	0	0	0	0	0	0	0	0	0	0	0	0	0	0	0	0	0.0	0.0	0.0	0.0	0.000341	0.0	0.0	0.0	0.0	0.0	0.0	0.0	0.0	1.0	0.0	0.0	0.0	0.0	
236	236	5728.745896602	3936.083	3936.083	0.001699	0.0	0	0	0	0	234	0	0	0	0	0.0	0.0	0.0	0.0	0.178097	0.0	0.0	0.0	0.0	0.0	0.0	0.0	0.0	5635.15	0.0	0.0	0.0	0.0	0.0	0.0	0.0	0.0	24.0818	0.0	0.0	0.0	0.0	0	0	0	0	73	0	0	0	0	0	0	0	0	0	0	0	0	0	0	0	0	0	161	0	0	0	0	0	0	0	0	0	0	0	0	0	0	0	0	0	0	0	0	0	0	0	0	0	0	0	0	0	0	0	0.0	0.0	0.0	0.0	0.000307	0.0	0.0	0.0	0.0	0.0	0.0	0.0	0.0	1.0	0.0	0.0	0.0	0.0	
237	237	5751.903877554	3933.583	3933.583	0.001629	0.0	0	0	0	0	235	0	0	0	0	0.0	0.0	0.0	0.0	0.260287	0.0	0.0	0.0	0.0	0.0	0.0	0.0	0.0	5658.3	0.0	0.0	0.0	0.0	0.0	0.0	0.0	0.0	24.0779	0.0	0.0	0.0	0.0	0	0	0	0	74	0	0	0	0	0	0	0	0	0	0	0	0	0	0	0	0	0	161	0	0	0	0	0	0	0	0	0	0	0	0	0	0	0	0	0	0	0	0	0	0	0	0	0	0	0	0	0	0	0	0.0	0.0	0.0	0.0	0.000449	0.0	0.0	0.0	0.0	0.0	0.0	0.0	0.0	1.0	0.0	0.0	0.0	0.0	
238	238	5767.027813445	3933.583	3933.583	0.001558	0.0	0	0	0	0	236	0	0	0	0	0.0	0.0	0.0	0.0	0.234258	0.0	0.0	0.0	0.0	0.0	0.0	0.0	0.0	5673.43	0.0	0.0	0.0	0.0	0.0	0.0	0.0	0.0	24.0399	0.0	0.0	0.0	0.0	0	0	0	0	74	0	0	0	0	0	0	0	0	0	0	0	0	0	0	0	0	0	162	0	0	0	0	0	0	0	0	0	0	0	0	0	0	0	0	0	0	0	0	0	0	0	0	0	0	0	0	0	0	0	0.0	0.0	0.0	0.0	0.000405	0.0	0.0	0.0	0.0	0.0	0.0	0.0	0.0	1.0	0.0	0.0	0.0	0.0	
239	239	5786.859329331	3933.583	3933.583	0.001513	0.0	0	0	0	0	237	0	0	0	0	0.0	0.0	0.0	0.0	0.210832	0.0	0.0	0.0	0.0	0.0	0.0	0.0	0.0	5693.26	0.0	0.0	0.0	0.0	0.0	0.0	0.0	0.0	24.0222	0.0	0.0	0.0	0.0	0	0	0	0	74	0	0	0	0	0	0	0	0	0	0	0	0	0	0	0	0	0	163	0	0	0	0	0	0	0	0	0	0	0	0	0	0	0	0	0	0	0	0	0	0	0	0	0	0	0	0	0	0	0	0.0	0.0	0.0	0.0	0.000365	0.0	0.0	0.0	0.0	0.0	0.0	0.0	0.0	1.0	0.0	0.0	0.0	0.0	
240	240	5796.495471608	3933.583	3933.583	0.001457	0.0	0	0	0	0	238	0	0	0	0	0.0	0.0	0.0	0.0	0.189749	0.0	0.0	0.0	0.0	0.0	0.0	0.0	0.0	5702.89	0.0	0.0	0.0	0.0	0.0	0.0	0.0	0.0	23.9617	0.0	0.0	0.0	0.0	0	0	0	0	74	0	0	0	0	0	0	0	0	0	0	0	0	0	0	0	0	0	164	0	0	0	0	0	0	0	0	0	0	0	0	0	0	0	0	0	0	0	0	0	0	0	0	0	0	0	0	0	0	0	0.0	0.0	0.0	0.0	0.00033	0.0	0.0	0.0	0.0	0.0	0.0	0.0	0.0	1.0	0.0	0.0	0.0	0.0	
241	241	5801.932250409	3933.583	3933.583	0.00143	0.0	0	0	0	0	239	0	0	0	0	0.0	0.0	0.0	0.0	0.170774	0.0	0.0	0.0	0.0	0.0	0.0	0.0	0.0	5708.33	0.0	0.0	0.0	0.0	0.0	0.0	0.0	0.0	23.8842	0.0	0.0	0.0	0.0	0	0	0	0	74	0	0	0	0	0	0	0	0	0	0	0	0	0	0	0	0	0	165	0	0	0	0	0	0	0	0	0	0	0	0	0	0	0	0	0	0	0	0	0	0	0	0	0	0	0	0	0	0	0	0.0	0.0	0.0	0.0	0.000299	0.0	0.0	0.0	0.0	0.0	0.0	0.0	0.0	1.0	0.0	0.0	0.0	0.0	
242	242	5807.36582856	3933.583	3933.583	0.001415	0.0	0	0	0	0	240	0	0	0	0	0.0	0.0	0.0	0.0	0.153697	0.0	0.0	0.0	0.0	0.0	0.0	0.0	0.0	5713.76	0.0	0.0	0.0	0.0	0.0	0.0	0.0	0.0	23.8074	0.0	0.0	0.0	0.0	0	0	0	0	74	0	0	0	0	0	0	0	0	0	0	0	0	0	0	0	0	0	166	0	0	0	0	0	0	0	0	0	0	0	0	0	0	0	0	0	0	0	0	0	0	0	0	0	0	0	0	0	0	0	0.0	0.0	0.0	0.0	0.000271	0.0	0.0	0.0	0.0	0.0	0.0	0.0	0.0	1.0	0.0	0.0	0.0	0.0	
243	243	5827.299564585	3933.583	3933.583	0.0014	0.0	0	0	0	0	241	0	0	0	0	0.0	0.0	0.0	0.0	0.138327	0.0	0.0	0.0	0.0	0.0	0.0	0.0	0.0	5733.7	0.0	0.0	0.0	0.0	0.0	0.0	0.0	0.0	23.7913	0.0	0.0	0.0	0.0	0	0	0	0	74	0	0	0	0	0	0	0	0	0	0	0	0	0	0	0	0	0	167	0	0	0	0	0	0	0	0	0	0	0	0	0	0	0	0	0	0	0	0	0	0	0	0	0	0	0	0	0	0	0	0.0	0.0	0.0	0.0	0.000244	0.0	0.0	0.0	0.0	0.0	0.0	0.0	0.0	1.0	0.0	0.0	0.0	0.0	
244	244	5897.869988134	3933.583	3933.583	0.001348	0.0	0	0	0	0	242	0	0	0	0	0.0	0.0	0.0	0.0	0.124494	0.0	0.0	0.0	0.0	0.0	0.0	0.0	0.0	5804.27	0.0	0.0	0.0	0.0	0.0	0.0	0.0	0.0	23.9846	0.0	0.0	0.0	0.0	0	0	0	0	74	0	0	0	0	0	0	0	0	0	0	0	0	0	0	0	0	0	168	0	0	0	0	0	0	0	0	0	0	0	0	0	0	0	0	0	0	0	0	0	0	0	0	0	0	0	0	0	0	0	0.0	0.0	0.0	0.0	0.000216	0.0	0.0	0.0	0.0	0.0	0.0	0.0	0.0	1.0	0.0	0.0	0.0	0.0	
245	245	5905.986849793	3933.583	3933.583	0.001176	0.0	0	0	0	0	243	0	0	0	0	0.0	0.0	0.0	0.0	0.112045	0.0	0.0	0.0	0.0	0.0	0.0	0.0	0.0	5812.39	0.0	0.0	0.0	0.0	0.0	0.0	0.0	0.0	23.9193	0.0	0.0	0.0	0.0	0	0	0	0	74	0	0	0	0	0	0	0	0	0	0	0	0	0	0	0	0	0	169	0	0	0	0	0	0	0	0	0	0	0	0	0	0	0	0	0	0	0	0	0	0	0	0	0	0	0	0	0	0	0	0.0	0.0	0.0	0.0	0.000196	0.0	0.0	0.0	0.0	0.0	0.0	0.0	0.0	1.0	0.0	0.0	0.0	0.0	
246	246	5934.110629628	3933.083	3933.083	0.001158	0.0	0	0	0	0	244	0	0	0	0	0.0	0.0	0.0	0.0	0.200841	0.0	0.0	0.0	0.0	0.0	0.0	0.0	0.0	5840.51	0.0	0.0	0.0	0.0	0.0	0.0	0.0	0.0	23.9365	0.0	0.0	0.0	0.0	0	0	0	0	75	0	0	0	0	0	0	0	0	0	0	0	0	0	0	0	0	0	169	0	0	0	0	0	0	0	0	0	0	0	0	0	0	0	0	0	0	0	0	0	0	0	0	0	0	0	0	0	0	0	0.0	0.0	0.0	0.0	0.000351	0.0	0.0	0.0	0.0	0.0	0.0	0.0	0.0	1.0	0.0	0.0	0.0	0.0	
247	247	5944.485793397	3933.083	3933.083	0.001097	0.0	0	0	0	0	245	0	0	0	0	0.0	0.0	0.0	0.0	0.180756	0.0	0.0	0.0	0.0	0.0	0.0	0.0	0.0	5850.88	0.0	0.0	0.0	0.0	0.0	0.0	0.0	0.0	23.8812	0.0	0.0	0.0	0.0	0	0	0	0	75	0	0	0	0	0	0	0	0	0	0	0	0	0	0	0	0	0	170	0	0	0	0	0	0	0	0	0	0	0	0	0	0	0	0	0	0	0	0	0	0	0	0	0	0	0	0	0	0	0	0.0	0.0	0.0	0.0	0.000317	0.0	0.0	0.0	0.0	0.0	0.0	0.0	0.0	1.0	0.0	0.0	0.0	0.0	
248	248	5967.64465477	3930.417	3930.417	0.001076	0.0	0	0	0	0	246	0	0	0	0	0.0	0.0	0.0	0.0	0.262681	0.0	0.0	0.0	0.0	0.0	0.0	0.0	0.0	5874.04	0.0	0.0	0.0	0.0	0.0	0.0	0.0	0.0	23.8782	0.0	0.0	0.0	0.0	0	0	0	0	76	0	0	0	0	0	0	0	0	0	0	0	0	0	0	0	0	0	170	0	0	0	0	0	0	0	0	0	0	0	0	0	0	0	0	0	0	0	0	0	0	0	0	0	0	0	0	0	0	0	0.0	0.0	0.0	0.0	0.000461	0.0	0.0	0.0	0.0	0.0	0.0	0.0	0.0	1.0	0.0	0.0	0.0	0.0	
249	249	5984.704141877	3930.417	3930.417	0.001029	0.0	0	0	0	0	247	0	0	0	0	0.0	0.0	0.0	0.0	0.236413	0.0	0.0	0.0	0.0	0.0	0.0	0.0	0.0	5891.1	0.0	0.0	0.0	0.0	0.0	0.0	0.0	0.0	23.8506	0.0	0.0	0.0	0.0	0	0	0	0	76	0	0	0	0	0	0	0	0	0	0	0	0	0	0	0	0	0	171	0	0	0	0	0	0	0	0	0	0	0	0	0	0	0	0	0	0	0	0	0	0	0	0	0	0	0	0	0	0	0	0.0	0.0	0.0	0.0	0.000416	0.0	0.0	0.0	0.0	0.0	0.0	0.0	0.0	1.0	0.0	0.0	0.0	0.0	
250	250	5999.901543647	3929.472	3929.472	0.000995	0.0	0	0	0	0	248	0	0	0	0	0.0	0.0	0.0	0.0	0.312771	0.0	0.0	0.0	0.0	0.0	0.0	0.0	0.0	5906.3	0.0	0.0	0.0	0.0	0.0	0.0	0.0	0.0	23.8157	0.0	0.0	0.0	0.0	0	0	0	0	77	0	0	0	0	0	0	0	0	0	0	0	0	0	0	0	0	0	171	0	0	0	0	0	0	0	0	0	0	0	0	0	0	0	0	0	0	0	0	0	0	0	0	0	0	0	0	0	0	0	0.0	0.0	0.0	0.0	0.000551	0.0	0.0	0.0	0.0	0.0	0.0	0.0	0.0	1.0	0.0	0.0	0.0	0.0	
251	251	6012.534115851	3929.472	3929.472	0.000967	0.0	0	0	0	0	249	0	0	0	0	0.0	0.0	0.0	0.0	0.281494	0.0	0.0	0.0	0.0	0.0	0.0	0.0	0.0	5918.93	0.0	0.0	0.0	0.0	0.0	0.0	0.0	0.0	23.7708	0.0	0.0	0.0	0.0	0	0	0	0	77	0	0	0	0	0	0	0	0	0	0	0	0	0	0	0	0	0	172	0	0	0	0	0	0	0	0	0	0	0	0	0	0	0	0	0	0	0	0	0	0	0	0	0	0	0	0	0	0	0	0.0	0.0	0.0	0.0	0.000498	0.0	0.0	0.0	0.0	0.0	0.0	0.0	0.0	1.0	0.0	0.0	0.0	0.0	
252	252	6021.374662205	3929.472	3929.472	0.000944	0.0	0	0	0	0	250	0	0	0	0	0.0	0.0	0.0	0.0	0.253345	0.0	0.0	0.0	0.0	0.0	0.0	0.0	0.0	5927.77	0.0	0.0	0.0	0.0	0.0	0.0	0.0	0.0	23.7111	0.0	0.0	0.0	0.0	0	0	0	0	77	0	0	0	0	0	0	0	0	0	0	0	0	0	0	0	0	0	173	0	0	0	0	0	0	0	0	0	0	0	0	0	0	0	0	0	0	0	0	0	0	0	0	0	0	0	0	0	0	0	0.0	0.0	0.0	0.0	0.000451	0.0	0.0	0.0	0.0	0.0	0.0	0.0	0.0	1.0	0.0	0.0	0.0	0.0	
253	253	6029.721082963	3929.472	3929.472	0.000928	0.0	0	0	0	0	251	0	0	0	0	0.0	0.0	0.0	0.0	0.22801	0.0	0.0	0.0	0.0	0.0	0.0	0.0	0.0	5936.12	0.0	0.0	0.0	0.0	0.0	0.0	0.0	0.0	23.6499	0.0	0.0	0.0	0.0	0	0	0	0	77	0	0	0	0	0	0	0	0	0	0	0	0	0	0	0	0	0	174	0	0	0	0	0	0	0	0	0	0	0	0	0	0	0	0	0	0	0	0	0	0	0	0	0	0	0	0	0	0	0	0.0	0.0	0.0	0.0	0.000408	0.0	0.0	0.0	0.0	0.0	0.0	0.0	0.0	1.0	0.0	0.0	0.0	0.0	
254	254	6063.520127594	3929.472	3929.472	0.000913	0.0	0	0	0	0	252	0	0	0	0	0.0	0.0	0.0	0.0	0.205209	0.0	0.0	0.0	0.0	0.0	0.0	0.0	0.0	5969.92	0.0	0.0	0.0	0.0	0.0	0.0	0.0	0.0	23.6902	0.0	0.0	0.0	0.0	0	0	0	0	77	0	0	0	0	0	0	0	0	0	0	0	0	0	0	0	0	0	175	0	0	0	0	0	0	0	0	0	0	0	0	0	0	0	0	0	0	0	0	0	0	0	0	0	0	0	0	0	0	0	0.0	0.0	0.0	0.0	0.000366	0.0	0.0	0.0	0.0	0.0	0.0	0.0	0.0	1.0	0.0	0.0	0.0	0.0	
255	255	6084.828346997	3926.472	3926.472	0.000855	0.0	0	0	0	0	253	0	0	0	0	0.0	0.0	0.0	0.0	0.284688	0.0	0.0	0.0	0.0	0.0	0.0	0.0	0.0	5991.23	0.0	0.0	0.0	0.0	0.0	0.0	0.0	0.0	23.6807	0.0	0.0	0.0	0.0	0	0	0	0	78	0	0	0	0	0	0	0	0	0	0	0	0	0	0	0	0	0	175	0	0	0	0	0	0	0	0	0	0	0	0	0	0	0	0	0	0	0	0	0	0	0	0	0	0	0	0	0	0	0	0.0	0.0	0.0	0.0	0.000508	0.0	0.0	0.0	0.0	0.0	0.0	0.0	0.0	1.0	0.0	0.0	0.0	0.0	
256	256	6098.744004437	3926.472	3926.472	0.000821	0.0	0	0	0	0	254	0	0	0	0	0.0	0.0	0.0	0.0	0.25622	0.0	0.0	0.0	0.0	0.0	0.0	0.0	0.0	6005.14	0.0	0.0	0.0	0.0	0.0	0.0	0.0	0.0	23.6423	0.0	0.0	0.0	0.0	0	0	0	0	78	0	0	0	0	0	0	0	0	0	0	0	0	0	0	0	0	0	176	0	0	0	0	0	0	0	0	0	0	0	0	0	0	0	0	0	0	0	0	0	0	0	0	0	0	0	0	0	0	0	0.0	0.0	0.0	0.0	0.000458	0.0	0.0	0.0	0.0	0.0	0.0	0.0	0.0	1.0	0.0	0.0	0.0	0.0	
257	257	6104.107309065	3926.472	3926.472	0.000799	0.0	0	0	0	0	255	0	0	0	0	0.0	0.0	0.0	0.0	0.230598	0.0	0.0	0.0	0.0	0.0	0.0	0.0	0.0	6010.51	0.0	0.0	0.0	0.0	0.0	0.0	0.0	0.0	23.5706	0.0	0.0	0.0	0.0	0	0	0	0	78	0	0	0	0	0	0	0	0	0	0	0	0	0	0	0	0	0	177	0	0	0	0	0	0	0	0	0	0	0	0	0	0	0	0	0	0	0	0	0	0	0	0	0	0	0	0	0	0	0	0.0	0.0	0.0	0.0	0.000415	0.0	0.0	0.0	0.0	0.0	0.0	0.0	0.0	1.0	0.0	0.0	0.0	0.0	
258	258	6118.108205702	3926.472	3926.472	0.000791	0.0	0	0	0	0	256	0	0	0	0	0.0	0.0	0.0	0.0	0.207538	0.0	0.0	0.0	0.0	0.0	0.0	0.0	0.0	6024.51	0.0	0.0	0.0	0.0	0.0	0.0	0.0	0.0	23.5332	0.0	0.0	0.0	0.0	0	0	0	0	78	0	0	0	0	0	0	0	0	0	0	0	0	0	0	0	0	0	178	0	0	0	0	0	0	0	0	0	0	0	0	0	0	0	0	0	0	0	0	0	0	0	0	0	0	0	0	0	0	0	0.0	0.0	0.0	0.0	0.000375	0.0	0.0	0.0	0.0	0.0	0.0	0.0	0.0	1.0	0.0	0.0	0.0	0.0	
259	259	6121.660564523	3926.472	3926.472	0.00077	0.0	0	0	0	0	257	0	0	0	0	0.0	0.0	0.0	0.0	0.186784	0.0	0.0	0.0	0.0	0.0	0.0	0.0	0.0	6028.06	0.0	0.0	0.0	0.0	0.0	0.0	0.0	0.0	23.4555	0.0	0.0	0.0	0.0	0	0	0	0	78	0	0	0	0	0	0	0	0	0	0	0	0	0	0	0	0	0	179	0	0	0	0	0	0	0	0	0	0	0	0	0	0	0	0	0	0	0	0	0	0	0	0	0	0	0	0	0	0	0	0.0	0.0	0.0	0.0	0.00034	0.0	0.0	0.0	0.0	0.0	0.0	0.0	0.0	1.0	0.0	0.0	0.0	0.0	
260	260	6132.514349627	3926.472	3926.472	0.000765	0.0	0	0	0	0	258	0	0	0	0	0.0	0.0	0.0	0.0	0.168106	0.0	0.0	0.0	0.0	0.0	0.0	0.0	0.0	6038.91	0.0	0.0	0.0	0.0	0.0	0.0	0.0	0.0	23.4066	0.0	0.0	0.0	0.0	0	0	0	0	78	0	0	0	0	0	0	0	0	0	0	0	0	0	0	0	0	0	180	0	0	0	0	0	0	0	0	0	0	0	0	0	0	0	0	0	0	0	0	0	0	0	0	0	0	0	0	0	0	0	0.0	0.0	0.0	0.0	0.000307	0.0	0.0	0.0	0.0	0.0	0.0	0.0	0.0	1.0	0.0	0.0	0.0	0.0	
261	261	6145.616164329	3926.472	3926.472	0.000749	0.0	0	0	0	0	259	0	0	0	0	0.0	0.0	0.0	0.0	0.151295	0.0	0.0	0.0	0.0	0.0	0.0	0.0	0.0	6052.01	0.0	0.0	0.0	0.0	0.0	0.0	0.0	0.0	23.3669	0.0	0.0	0.0	0.0	0	0	0	0	78	0	0	0	0	0	0	0	0	0	0	0	0	0	0	0	0	0	181	0	0	0	0	0	0	0	0	0	0	0	0	0	0	0	0	0	0	0	0	0	0	0	0	0	0	0	0	0	0	0	0.0	0.0	0.0	0.0	0.000277	0.0	0.0	0.0	0.0	0.0	0.0	0.0	0.0	1.0	0.0	0.0	0.0	0.0	
262	262	6162.210994886	3926.472	3926.472	0.00073	0.0	0	0	0	0	260	0	0	0	0	0.0	0.0	0.0	0.0	0.136166	0.0	0.0	0.0	0.0	0.0	0.0	0.0	0.0	6068.61	0.0	0.0	0.0	0.0	0.0	0.0	0.0	0.0	23.3408	0.0	0.0	0.0	0.0	0	0	0	0	78	0	0	0	0	0	0	0	0	0	0	0	0	0	0	0	0	0	182	0	0	0	0	0	0	0	0	0	0	0	0	0	0	0	0	0	0	0	0	0	0	0	0	0	0	0	0	0	0	0	0.0	0.0	0.0	0.0	0.00025	0.0	0.0	0.0	0.0	0.0	0.0	0.0	0.0	1.0	0.0	0.0	0.0	0.0	
263	263	6165.678133545	3926.472	3926.472	0.000707	0.0	0	0	0	0	261	0	0	0	0	0.0	0.0	0.0	0.0	0.122549	0.0	0.0	0.0	0.0	0.0	0.0	0.0	0.0	6072.08	0.0	0.0	0.0	0.0	0.0	0.0	0.0	0.0	23.2647	0.0	0.0	0.0	0.0	0	0	0	0	78	0	0	0	0	0	0	0	0	0	0	0	0	0	0	0	0	0	183	0	0	0	0	0	0	0	0	0	0	0	0	0	0	0	0	0	0	0	0	0	0	0	0	0	0	0	0	0	0	0	0.0	0.0	0.0	0.0	0.000226	0.0	0.0	0.0	0.0	0.0	0.0	0.0	0.0	1.0	0.0	0.0	0.0	0.0	
264	264	6194.676304384	3926.472	3926.472	0.000703	0.0	0	0	0	0	262	0	0	0	0	0.0	0.0	0.0	0.0	0.110294	0.0	0.0	0.0	0.0	0.0	0.0	0.0	0.0	6101.07	0.0	0.0	0.0	0.0	0.0	0.0	0.0	0.0	23.2865	0.0	0.0	0.0	0.0	0	0	0	0	78	0	0	0	0	0	0	0	0	0	0	0	0	0	0	0	0	0	184	0	0	0	0	0	0	0	0	0	0	0	0	0	0	0	0	0	0	0	0	0	0	0	0	0	0	0	0	0	0	0	0.0	0.0	0.0	0.0	0.000203	0.0	0.0	0.0	0.0	0.0	0.0	0.0	0.0	1.0	0.0	0.0	0.0	0.0	
265	265	6200.574905592	3926.472	3926.472	0.000665	0.0	0	0	0	0	263	0	0	0	0	0.0	0.0	0.0	0.0	0.099265	0.0	0.0	0.0	0.0	0.0	0.0	0.0	0.0	6106.97	0.0	0.0	0.0	0.0	0.0	0.0	0.0	0.0	23.2204	0.0	0.0	0.0	0.0	0	0	0	0	78	0	0	0	0	0	0	0	0	0	0	0	0	0	0	0	0	0	185	0	0	0	0	0	0	0	0	0	0	0	0	0	0	0	0	0	0	0	0	0	0	0	0	0	0	0	0	0	0	0	0.0	0.0	0.0	0.0	0.000184	0.0	0.0	0.0	0.0	0.0	0.0	0.0	0.0	1.0	0.0	0.0	0.0	0.0	
266	266	6214.058500754	3926.472	3926.472	0.000657	0.0	0	0	0	0	264	0	0	0	0	0.0	0.0	0.0	0.0	0.089338	0.0	0.0	0.0	0.0	0.0	0.0	0.0	0.0	6120.46	0.0	0.0	0.0	0.0	0.0	0.0	0.0	0.0	23.1835	0.0	0.0	0.0	0.0	0	0	0	0	78	0	0	0	0	0	0	0	0	0	0	0	0	0	0	0	0	0	186	0	0	0	0	0	0	0	0	0	0	0	0	0	0	0	0	0	0	0	0	0	0	0	0	0	0	0	0	0	0	0	0.0	0.0	0.0	0.0	0.000166	0.0	0.0	0.0	0.0	0.0	0.0	0.0	0.0	1.0	0.0	0.0	0.0	0.0	
267	267	6221.411751626	3926.472	3926.472	0.00064	0.0	0	0	0	0	265	0	0	0	0	0.0	0.0	0.0	0.0	0.080404	0.0	0.0	0.0	0.0	0.0	0.0	0.0	0.0	6127.81	0.0	0.0	0.0	0.0	0.0	0.0	0.0	0.0	23.1238	0.0	0.0	0.0	0.0	0	0	0	0	78	0	0	0	0	0	0	0	0	0	0	0	0	0	0	0	0	0	187	0	0	0	0	0	0	0	0	0	0	0	0	0	0	0	0	0	0	0	0	0	0	0	0	0	0	0	0	0	0	0	0.0	0.0	0.0	0.0	0.00015	0.0	0.0	0.0	0.0	0.0	0.0	0.0	0.0	1.0	0.0	0.0	0.0	0.0	
268	268	6232.253419848	3926.472	3926.472	0.000631	0.0	0	0	0	0	266	0	0	0	0	0.0	0.0	0.0	0.0	0.072364	0.0	0.0	0.0	0.0	0.0	0.0	0.0	0.0	6138.65	0.0	0.0	0.0	0.0	0.0	0.0	0.0	0.0	23.0776	0.0	0.0	0.0	0.0	0	0	0	0	78	0	0	0	0	0	0	0	0	0	0	0	0	0	0	0	0	0	188	0	0	0	0	0	0	0	0	0	0	0	0	0	0	0	0	0	0	0	0	0	0	0	0	0	0	0	0	0	0	0	0.0	0.0	0.0	0.0	0.000136	0.0	0.0	0.0	0.0	0.0	0.0	0.0	0.0	1.0	0.0	0.0	0.0	0.0	
269	269	6239.881644181	3926.472	3926.472	0.000618	0.0	0	0	0	0	267	0	0	0	0	0.0	0.0	0.0	0.0	0.065128	0.0	0.0	0.0	0.0	0.0	0.0	0.0	0.0	6146.28	0.0	0.0	0.0	0.0	0.0	0.0	0.0	0.0	23.0198	0.0	0.0	0.0	0.0	0	0	0	0	78	0	0	0	0	0	0	0	0	0	0	0	0	0	0	0	0	0	189	0	0	0	0	0	0	0	0	0	0	0	0	0	0	0	0	0	0	0	0	0	0	0	0	0	0	0	0	0	0	0	0.0	0.0	0.0	0.0	0.000123	0.0	0.0	0.0	0.0	0.0	0.0	0.0	0.0	1.0	0.0	0.0	0.0	0.0	
270	270	6331.538344959	3926.472	3926.472	0.000609	0.0	0	0	0	0	268	0	0	0	0	0.0	0.0	0.0	0.0	0.058615	0.0	0.0	0.0	0.0	0.0	0.0	0.0	0.0	6237.94	0.0	0.0	0.0	0.0	0.0	0.0	0.0	0.0	23.2759	0.0	0.0	0.0	0.0	0	0	0	0	78	0	0	0	0	0	0	0	0	0	0	0	0	0	0	0	0	0	190	0	0	0	0	0	0	0	0	0	0	0	0	0	0	0	0	0	0	0	0	0	0	0	0	0	0	0	0	0	0	0	0.0	0.0	0.0	0.0	0.000108	0.0	0.0	0.0	0.0	0.0	0.0	0.0	0.0	1.0	0.0	0.0	0.0	0.0	
271	271	6334.883787955	3926.472	3926.472	0.000511	0.0	0	0	0	0	269	0	0	0	0	0.0	0.0	0.0	0.0	0.052753	0.0	0.0	0.0	0.0	0.0	0.0	0.0	0.0	6241.28	0.0	0.0	0.0	0.0	0.0	0.0	0.0	0.0	23.2018	0.0	0.0	0.0	0.0	0	0	0	0	78	0	0	0	0	0	0	0	0	0	0	0	0	0	0	0	0	0	191	0	0	0	0	0	0	0	0	0	0	0	0	0	0	0	0	0	0	0	0	0	0	0	0	0	0	0	0	0	0	0	0.0	0.0	0.0	0.0	9.8e-5	0.0	0.0	0.0	0.0	0.0	0.0	0.0	0.0	1.0	0.0	0.0	0.0	0.0	
272	272	6359.807636023	3926.472	3926.472	0.000507	0.0	0	0	0	0	270	0	0	0	0	0.0	0.0	0.0	0.0	0.047478	0.0	0.0	0.0	0.0	0.0	0.0	0.0	0.0	6266.21	0.0	0.0	0.0	0.0	0.0	0.0	0.0	0.0	23.2082	0.0	0.0	0.0	0.0	0	0	0	0	78	0	0	0	0	0	0	0	0	0	0	0	0	0	0	0	0	0	192	0	0	0	0	0	0	0	0	0	0	0	0	0	0	0	0	0	0	0	0	0	0	0	0	0	0	0	0	0	0	0	0.0	0.0	0.0	0.0	8.8e-5	0.0	0.0	0.0	0.0	0.0	0.0	0.0	0.0	1.0	0.0	0.0	0.0	0.0	
273	273	6363.814095701	3926.472	3926.472	0.000484	0.0	0	0	0	0	271	0	0	0	0	0.0	0.0	0.0	0.0	0.04273	0.0	0.0	0.0	0.0	0.0	0.0	0.0	0.0	6270.21	0.0	0.0	0.0	0.0	0.0	0.0	0.0	0.0	23.1373	0.0	0.0	0.0	0.0	0	0	0	0	78	0	0	0	0	0	0	0	0	0	0	0	0	0	0	0	0	0	193	0	0	0	0	0	0	0	0	0	0	0	0	0	0	0	0	0	0	0	0	0	0	0	0	0	0	0	0	0	0	0	0.0	0.0	0.0	0.0	8.0e-5	0.0	0.0	0.0	0.0	0.0	0.0	0.0	0.0	1.0	0.0	0.0	0.0	0.0	
274	274	6452.608626234	3926.472	3926.472	0.00048	0.0	0	0	0	0	272	0	0	0	0	0.0	0.0	0.0	0.0	0.038457	0.0	0.0	0.0	0.0	0.0	0.0	0.0	0.0	6359.01	0.0	0.0	0.0	0.0	0.0	0.0	0.0	0.0	23.3787	0.0	0.0	0.0	0.0	0	0	0	0	78	0	0	0	0	0	0	0	0	0	0	0	0	0	0	0	0	0	194	0	0	0	0	0	0	0	0	0	0	0	0	0	0	0	0	0	0	0	0	0	0	0	0	0	0	0	0	0	0	0	0.0	0.0	0.0	0.0	7.0e-5	0.0	0.0	0.0	0.0	0.0	0.0	0.0	0.0	1.0	0.0	0.0	0.0	0.0	
275	275	6460.245098295	3926.472	3926.472	0.000405	0.0	0	0	0	0	273	0	0	0	0	0.0	0.0	0.0	0.0	0.034612	0.0	0.0	0.0	0.0	0.0	0.0	0.0	0.0	6366.64	0.0	0.0	0.0	0.0	0.0	0.0	0.0	0.0	23.321	0.0	0.0	0.0	0.0	0	0	0	0	78	0	0	0	0	0	0	0	0	0	0	0	0	0	0	0	0	0	195	0	0	0	0	0	0	0	0	0	0	0	0	0	0	0	0	0	0	0	0	0	0	0	0	0	0	0	0	0	0	0	0.0	0.0	0.0	0.0	6.4e-5	0.0	0.0	0.0	0.0	0.0	0.0	0.0	0.0	1.0	0.0	0.0	0.0	0.0	
276	276	6465.635408064	3926.472	3926.472	0.000399	0.0	0	0	0	0	274	0	0	0	0	0.0	0.0	0.0	0.0	0.03115	0.0	0.0	0.0	0.0	0.0	0.0	0.0	0.0	6372.03	0.0	0.0	0.0	0.0	0.0	0.0	0.0	0.0	23.2556	0.0	0.0	0.0	0.0	0	0	0	0	78	0	0	0	0	0	0	0	0	0	0	0	0	0	0	0	0	0	196	0	0	0	0	0	0	0	0	0	0	0	0	0	0	0	0	0	0	0	0	0	0	0	0	0	0	0	0	0	0	0	0.0	0.0	0.0	0.0	5.8e-5	0.0	0.0	0.0	0.0	0.0	0.0	0.0	0.0	1.0	0.0	0.0	0.0	0.0	
277	277	6478.050732204	3926.472	3926.472	0.000395	0.0	0	0	0	0	275	0	0	0	0	0.0	0.0	0.0	0.0	0.028035	0.0	0.0	0.0	0.0	0.0	0.0	0.0	0.0	6384.45	0.0	0.0	0.0	0.0	0.0	0.0	0.0	0.0	23.2162	0.0	0.0	0.0	0.0	0	0	0	0	78	0	0	0	0	0	0	0	0	0	0	0	0	0	0	0	0	0	197	0	0	0	0	0	0	0	0	0	0	0	0	0	0	0	0	0	0	0	0	0	0	0	0	0	0	0	0	0	0	0	0.0	0.0	0.0	0.0	5.2e-5	0.0	0.0	0.0	0.0	0.0	0.0	0.0	0.0	1.0	0.0	0.0	0.0	0.0	
278	278	6483.518086401	3926.472	3926.472	0.000385	0.0	0	0	0	0	276	0	0	0	0	0.0	0.0	0.0	0.0	0.025232	0.0	0.0	0.0	0.0	0.0	0.0	0.0	0.0	6389.92	0.0	0.0	0.0	0.0	0.0	0.0	0.0	0.0	23.1519	0.0	0.0	0.0	0.0	0	0	0	0	78	0	0	0	0	0	0	0	0	0	0	0	0	0	0	0	0	0	198	0	0	0	0	0	0	0	0	0	0	0	0	0	0	0	0	0	0	0	0	0	0	0	0	0	0	0	0	0	0	0	0.0	0.0	0.0	0.0	4.7e-5	0.0	0.0	0.0	0.0	0.0	0.0	0.0	0.0	1.0	0.0	0.0	0.0	0.0	
279	279	6493.209774746	3926.472	3926.472	0.000381	0.0	0	0	0	0	277	0	0	0	0	0.0	0.0	0.0	0.0	0.022709	0.0	0.0	0.0	0.0	0.0	0.0	0.0	0.0	6399.61	0.0	0.0	0.0	0.0	0.0	0.0	0.0	0.0	23.1033	0.0	0.0	0.0	0.0	0	0	0	0	78	0	0	0	0	0	0	0	0	0	0	0	0	0	0	0	0	0	199	0	0	0	0	0	0	0	0	0	0	0	0	0	0	0	0	0	0	0	0	0	0	0	0	0	0	0	0	0	0	0	0.0	0.0	0.0	0.0	4.3e-5	0.0	0.0	0.0	0.0	0.0	0.0	0.0	0.0	1.0	0.0	0.0	0.0	0.0	
280	280	6499.399596027	3926.472	3926.472	0.000374	0.0	0	0	0	0	278	0	0	0	0	0.0	0.0	0.0	0.0	0.020438	0.0	0.0	0.0	0.0	0.0	0.0	0.0	0.0	6405.8	0.0	0.0	0.0	0.0	0.0	0.0	0.0	0.0	23.0424	0.0	0.0	0.0	0.0	0	0	0	0	78	0	0	0	0	0	0	0	0	0	0	0	0	0	0	0	0	0	200	0	0	0	0	0	0	0	0	0	0	0	0	0	0	0	0	0	0	0	0	0	0	0	0	0	0	0	0	0	0	0	0.0	0.0	0.0	0.0	3.8e-5	0.0	0.0	0.0	0.0	0.0	0.0	0.0	0.0	1.0	0.0	0.0	0.0	0.0	
281	281	6505.417942089	3926.472	3926.472	0.00037	0.0	0	0	0	0	279	0	0	0	0	0.0	0.0	0.0	0.0	0.018394	0.0	0.0	0.0	0.0	0.0	0.0	0.0	0.0	6411.82	0.0	0.0	0.0	0.0	0.0	0.0	0.0	0.0	22.9814	0.0	0.0	0.0	0.0	0	0	0	0	78	0	0	0	0	0	0	0	0	0	0	0	0	0	0	0	0	0	201	0	0	0	0	0	0	0	0	0	0	0	0	0	0	0	0	0	0	0	0	0	0	0	0	0	0	0	0	0	0	0	0.0	0.0	0.0	0.0	3.5e-5	0.0	0.0	0.0	0.0	0.0	0.0	0.0	0.0	1.0	0.0	0.0	0.0	0.0	
282	282	6516.234092305	3926.472	3926.472	0.000365	0.0	0	0	0	0	280	0	0	0	0	0.0	0.0	0.0	0.0	0.016555	0.0	0.0	0.0	0.0	0.0	0.0	0.0	0.0	6422.63	0.0	0.0	0.0	0.0	0.0	0.0	0.0	0.0	22.938	0.0	0.0	0.0	0.0	0	0	0	0	78	0	0	0	0	0	0	0	0	0	0	0	0	0	0	0	0	0	202	0	0	0	0	0	0	0	0	0	0	0	0	0	0	0	0	0	0	0	0	0	0	0	0	0	0	0	0	0	0	0	0.0	0.0	0.0	0.0	3.1e-5	0.0	0.0	0.0	0.0	0.0	0.0	0.0	0.0	1.0	0.0	0.0	0.0	0.0	
283	283	6528.367516029	3926.472	3926.472	0.000358	0.0	0	0	0	0	281	0	0	0	0	0.0	0.0	0.0	0.0	0.014899	0.0	0.0	0.0	0.0	0.0	0.0	0.0	0.0	6434.77	0.0	0.0	0.0	0.0	0.0	0.0	0.0	0.0	22.8995	0.0	0.0	0.0	0.0	0	0	0	0	78	0	0	0	0	0	0	0	0	0	0	0	0	0	0	0	0	0	203	0	0	0	0	0	0	0	0	0	0	0	0	0	0	0	0	0	0	0	0	0	0	0	0	0	0	0	0	0	0	0	0.0	0.0	0.0	0.0	2.8e-5	0.0	0.0	0.0	0.0	0.0	0.0	0.0	0.0	1.0	0.0	0.0	0.0	0.0	
284	284	6551.506020614	3926.472	3926.472	0.00035	0.0	0	0	0	0	282	0	0	0	0	0.0	0.0	0.0	0.0	0.013409	0.0	0.0	0.0	0.0	0.0	0.0	0.0	0.0	6457.9	0.0	0.0	0.0	0.0	0.0	0.0	0.0	0.0	22.9004	0.0	0.0	0.0	0.0	0	0	0	0	78	0	0	0	0	0	0	0	0	0	0	0	0	0	0	0	0	0	204	0	0	0	0	0	0	0	0	0	0	0	0	0	0	0	0	0	0	0	0	0	0	0	0	0	0	0	0	0	0	0	0.0	0.0	0.0	0.0	2.6e-5	0.0	0.0	0.0	0.0	0.0	0.0	0.0	0.0	1.0	0.0	0.0	0.0	0.0	
285	285	6563.596003856	3926.472	3926.472	0.000334	0.0	0	0	0	0	283	0	0	0	0	0.0	0.0	0.0	0.0	0.012068	0.0	0.0	0.0	0.0	0.0	0.0	0.0	0.0	6469.99	0.0	0.0	0.0	0.0	0.0	0.0	0.0	0.0	22.8622	0.0	0.0	0.0	0.0	0	0	0	0	78	0	0	0	0	0	0	0	0	0	0	0	0	0	0	0	0	0	205	0	0	0	0	0	0	0	0	0	0	0	0	0	0	0	0	0	0	0	0	0	0	0	0	0	0	0	0	0	0	0	0.0	0.0	0.0	0.0	2.3e-5	0.0	0.0	0.0	0.0	0.0	0.0	0.0	0.0	1.0	0.0	0.0	0.0	0.0	
286	286	6576.863991636	3917.472	3917.472	0.000327	0.0	0	0	0	0	284	0	0	0	0	0.0	0.0	0.0	0.0	0.110861	0.0	0.0	0.0	0.0	0.0	0.0	0.0	0.0	6483.26	0.0	0.0	0.0	0.0	0.0	0.0	0.0	0.0	22.8284	0.0	0.0	0.0	0.0	0	0	0	0	79	0	0	0	0	0	0	0	0	0	0	0	0	0	0	0	0	0	205	0	0	0	0	0	0	0	0	0	0	0	0	0	0	0	0	0	0	0	0	0	0	0	0	0	0	0	0	0	0	0	0.0	0.0	0.0	0.0	0.000213	0.0	0.0	0.0	0.0	0.0	0.0	0.0	0.0	1.0	0.0	0.0	0.0	0.0	
287	287	6579.819152605	3917.472	3917.472	0.000318	0.0	0	0	0	0	285	0	0	0	0	0.0	0.0	0.0	0.0	0.099775	0.0	0.0	0.0	0.0	0.0	0.0	0.0	0.0	6486.22	0.0	0.0	0.0	0.0	0.0	0.0	0.0	0.0	22.7587	0.0	0.0	0.0	0.0	0	0	0	0	79	0	0	0	0	0	0	0	0	0	0	0	0	0	0	0	0	0	206	0	0	0	0	0	0	0	0	0	0	0	0	0	0	0	0	0	0	0	0	0	0	0	0	0	0	0	0	0	0	0	0.0	0.0	0.0	0.0	0.000193	0.0	0.0	0.0	0.0	0.0	0.0	0.0	0.0	1.0	0.0	0.0	0.0	0.0	
288	288	6586.991742295	3917.472	3917.472	0.000317	0.0	0	0	0	0	286	0	0	0	0	0.0	0.0	0.0	0.0	0.089798	0.0	0.0	0.0	0.0	0.0	0.0	0.0	0.0	6493.39	0.0	0.0	0.0	0.0	0.0	0.0	0.0	0.0	22.7042	0.0	0.0	0.0	0.0	0	0	0	0	79	0	0	0	0	0	0	0	0	0	0	0	0	0	0	0	0	0	207	0	0	0	0	0	0	0	0	0	0	0	0	0	0	0	0	0	0	0	0	0	0	0	0	0	0	0	0	0	0	0	0.0	0.0	0.0	0.0	0.000174	0.0	0.0	0.0	0.0	0.0	0.0	0.0	0.0	1.0	0.0	0.0	0.0	0.0	
289	289	6595.898321526	3917.472	3917.472	0.000312	0.0	0	0	0	0	287	0	0	0	0	0.0	0.0	0.0	0.0	0.080818	0.0	0.0	0.0	0.0	0.0	0.0	0.0	0.0	6502.3	0.0	0.0	0.0	0.0	0.0	0.0	0.0	0.0	22.6561	0.0	0.0	0.0	0.0	0	0	0	0	79	0	0	0	0	0	0	0	0	0	0	0	0	0	0	0	0	0	208	0	0	0	0	0	0	0	0	0	0	0	0	0	0	0	0	0	0	0	0	0	0	0	0	0	0	0	0	0	0	0	0.0	0.0	0.0	0.0	0.000157	0.0	0.0	0.0	0.0	0.0	0.0	0.0	0.0	1.0	0.0	0.0	0.0	0.0	
290	290	6603.24761076	3917.472	3917.472	0.000307	0.0	0	0	0	0	288	0	0	0	0	0.0	0.0	0.0	0.0	0.072736	0.0	0.0	0.0	0.0	0.0	0.0	0.0	0.0	6509.65	0.0	0.0	0.0	0.0	0.0	0.0	0.0	0.0	22.6029	0.0	0.0	0.0	0.0	0	0	0	0	79	0	0	0	0	0	0	0	0	0	0	0	0	0	0	0	0	0	209	0	0	0	0	0	0	0	0	0	0	0	0	0	0	0	0	0	0	0	0	0	0	0	0	0	0	0	0	0	0	0	0.0	0.0	0.0	0.0	0.000142	0.0	0.0	0.0	0.0	0.0	0.0	0.0	0.0	1.0	0.0	0.0	0.0	0.0	
291	291	6663.329442151	3917.472	3917.472	0.000303	0.0	0	0	0	0	289	0	0	0	0	0.0	0.0	0.0	0.0	0.065463	0.0	0.0	0.0	0.0	0.0	0.0	0.0	0.0	6569.73	0.0	0.0	0.0	0.0	0.0	0.0	0.0	0.0	22.7326	0.0	0.0	0.0	0.0	0	0	0	0	79	0	0	0	0	0	0	0	0	0	0	0	0	0	0	0	0	0	210	0	0	0	0	0	0	0	0	0	0	0	0	0	0	0	0	0	0	0	0	0	0	0	0	0	0	0	0	0	0	0	0.0	0.0	0.0	0.0	0.000127	0.0	0.0	0.0	0.0	0.0	0.0	0.0	0.0	1.0	0.0	0.0	0.0	0.0	
292	292	6666.152664016	3917.472	3917.472	0.00027	0.0	0	0	0	0	290	0	0	0	0	0.0	0.0	0.0	0.0	0.058916	0.0	0.0	0.0	0.0	0.0	0.0	0.0	0.0	6572.55	0.0	0.0	0.0	0.0	0.0	0.0	0.0	0.0	22.664	0.0	0.0	0.0	0.0	0	0	0	0	79	0	0	0	0	0	0	0	0	0	0	0	0	0	0	0	0	0	211	0	0	0	0	0	0	0	0	0	0	0	0	0	0	0	0	0	0	0	0	0	0	0	0	0	0	0	0	0	0	0	0.0	0.0	0.0	0.0	0.000115	0.0	0.0	0.0	0.0	0.0	0.0	0.0	0.0	1.0	0.0	0.0	0.0	0.0	
293	293	6685.951523982	3917.472	3917.472	0.000268	0.0	0	0	0	0	291	0	0	0	0	0.0	0.0	0.0	0.0	0.053025	0.0	0.0	0.0	0.0	0.0	0.0	0.0	0.0	6592.35	0.0	0.0	0.0	0.0	0.0	0.0	0.0	0.0	22.6541	0.0	0.0	0.0	0.0	0	0	0	0	79	0	0	0	0	0	0	0	0	0	0	0	0	0	0	0	0	0	212	0	0	0	0	0	0	0	0	0	0	0	0	0	0	0	0	0	0	0	0	0	0	0	0	0	0	0	0	0	0	0	0.0	0.0	0.0	0.0	0.000103	0.0	0.0	0.0	0.0	0.0	0.0	0.0	0.0	1.0	0.0	0.0	0.0	0.0	
294	294	6688.9746361	3917.472	3917.472	0.000258	0.0	0	0	0	0	292	0	0	0	0	0.0	0.0	0.0	0.0	0.047722	0.0	0.0	0.0	0.0	0.0	0.0	0.0	0.0	6595.37	0.0	0.0	0.0	0.0	0.0	0.0	0.0	0.0	22.5869	0.0	0.0	0.0	0.0	0	0	0	0	79	0	0	0	0	0	0	0	0	0	0	0	0	0	0	0	0	0	213	0	0	0	0	0	0	0	0	0	0	0	0	0	0	0	0	0	0	0	0	0	0	0	0	0	0	0	0	0	0	0	0.0	0.0	0.0	0.0	9.4e-5	0.0	0.0	0.0	0.0	0.0	0.0	0.0	0.0	1.0	0.0	0.0	0.0	0.0	
295	295	6691.902911077	3917.472	3917.472	0.000257	0.0	0	0	0	0	293	0	0	0	0	0.0	0.0	0.0	0.0	0.04295	0.0	0.0	0.0	0.0	0.0	0.0	0.0	0.0	6598.3	0.0	0.0	0.0	0.0	0.0	0.0	0.0	0.0	22.5198	0.0	0.0	0.0	0.0	0	0	0	0	79	0	0	0	0	0	0	0	0	0	0	0	0	0	0	0	0	0	214	0	0	0	0	0	0	0	0	0	0	0	0	0	0	0	0	0	0	0	0	0	0	0	0	0	0	0	0	0	0	0	0.0	0.0	0.0	0.0	8.5e-5	0.0	0.0	0.0	0.0	0.0	0.0	0.0	0.0	1.0	0.0	0.0	0.0	0.0	
296	296	6704.94824268	3917.472	3917.472	0.000255	0.0	0	0	0	0	294	0	0	0	0	0.0	0.0	0.0	0.0	0.038655	0.0	0.0	0.0	0.0	0.0	0.0	0.0	0.0	6611.35	0.0	0.0	0.0	0.0	0.0	0.0	0.0	0.0	22.4876	0.0	0.0	0.0	0.0	0	0	0	0	79	0	0	0	0	0	0	0	0	0	0	0	0	0	0	0	0	0	215	0	0	0	0	0	0	0	0	0	0	0	0	0	0	0	0	0	0	0	0	0	0	0	0	0	0	0	0	0	0	0	0.0	0.0	0.0	0.0	7.6e-5	0.0	0.0	0.0	0.0	0.0	0.0	0.0	0.0	1.0	0.0	0.0	0.0	0.0	
297	297	6885.137629944	3917.472	3917.472	0.000249	0.0	0	0	0	0	295	0	0	0	0	0.0	0.0	0.0	0.0	0.03479	0.0	0.0	0.0	0.0	0.0	0.0	0.0	0.0	6791.54	0.0	0.0	0.0	0.0	0.0	0.0	0.0	0.0	23.0222	0.0	0.0	0.0	0.0	0	0	0	0	79	0	0	0	0	0	0	0	0	0	0	0	0	0	0	0	0	0	216	0	0	0	0	0	0	0	0	0	0	0	0	0	0	0	0	0	0	0	0	0	0	0	0	0	0	0	0	0	0	0	0.0	0.0	0.0	0.0	6.6e-5	0.0	0.0	0.0	0.0	0.0	0.0	0.0	0.0	1.0	0.0	0.0	0.0	0.0	
298	298	6891.436810327	3917.472	3917.472	0.000176	0.0	0	0	0	0	296	0	0	0	0	0.0	0.0	0.0	0.0	0.031311	0.0	0.0	0.0	0.0	0.0	0.0	0.0	0.0	6797.83	0.0	0.0	0.0	0.0	0.0	0.0	0.0	0.0	22.9657	0.0	0.0	0.0	0.0	0	0	0	0	79	0	0	0	0	0	0	0	0	0	0	0	0	0	0	0	0	0	217	0	0	0	0	0	0	0	0	0	0	0	0	0	0	0	0	0	0	0	0	0	0	0	0	0	0	0	0	0	0	0	0.0	0.0	0.0	0.0	5.9e-5	0.0	0.0	0.0	0.0	0.0	0.0	0.0	0.0	1.0	0.0	0.0	0.0	0.0	
299	299	6899.792080068	3917.472	3917.472	0.000174	0.0	0	0	0	0	297	0	0	0	0	0.0	0.0	0.0	0.0	0.02818	0.0	0.0	0.0	0.0	0.0	0.0	0.0	0.0	6806.19	0.0	0.0	0.0	0.0	0.0	0.0	0.0	0.0	22.9165	0.0	0.0	0.0	0.0	0	0	0	0	79	0	0	0	0	0	0	0	0	0	0	0	0	0	0	0	0	0	218	0	0	0	0	0	0	0	0	0	0	0	0	0	0	0	0	0	0	0	0	0	0	0	0	0	0	0	0	0	0	0	0.0	0.0	0.0	0.0	5.4e-5	0.0	0.0	0.0	0.0	0.0	0.0	0.0	0.0	1.0	0.0	0.0	0.0	0.0	
300	300	6910.73100823	3917.472	3917.472	0.000171	0.0	0	0	0	0	298	0	0	0	0	0.0	0.0	0.0	0.0	0.025362	0.0	0.0	0.0	0.0	0.0	0.0	0.0	0.0	6817.13	0.0	0.0	0.0	0.0	0.0	0.0	0.0	0.0	22.8763	0.0	0.0	0.0	0.0	0	0	0	0	79	0	0	0	0	0	0	0	0	0	0	0	0	0	0	0	0	0	219	0	0	0	0	0	0	0	0	0	0	0	0	0	0	0	0	0	0	0	0	0	0	0	0	0	0	0	0	0	0	0	0.0	0.0	0.0	0.0	4.8e-5	0.0	0.0	0.0	0.0	0.0	0.0	0.0	0.0	1.0	0.0	0.0	0.0	0.0	
301	301	6917.915912323	3917.472	3917.472	0.000168	0.0	0	0	0	0	299	0	0	0	0	0.0	0.0	0.0	0.0	0.022825	0.0	0.0	0.0	0.0	0.0	0.0	0.0	0.0	6824.31	0.0	0.0	0.0	0.0	0.0	0.0	0.0	0.0	22.8238	0.0	0.0	0.0	0.0	0	0	0	0	79	0	0	0	0	0	0	0	0	0	0	0	0	0	0	0	0	0	220	0	0	0	0	0	0	0	0	0	0	0	0	0	0	0	0	0	0	0	0	0	0	0	0	0	0	0	0	0	0	0	0.0	0.0	0.0	0.0	4.4e-5	0.0	0.0	0.0	0.0	0.0	0.0	0.0	0.0	1.0	0.0	0.0	0.0	0.0	
302	302	6929.516342797	3917.472	3917.472	0.000165	0.0	0	0	0	0	300	0	0	0	0	0.0	0.0	0.0	0.0	0.020543	0.0	0.0	0.0	0.0	0.0	0.0	0.0	0.0	6835.91	0.0	0.0	0.0	0.0	0.0	0.0	0.0	0.0	22.7864	0.0	0.0	0.0	0.0	0	0	0	0	79	0	0	0	0	0	0	0	0	0	0	0	0	0	0	0	0	0	221	0	0	0	0	0	0	0	0	0	0	0	0	0	0	0	0	0	0	0	0	0	0	0	0	0	0	0	0	0	0	0	0.0	0.0	0.0	0.0	4.0e-5	0.0	0.0	0.0	0.0	0.0	0.0	0.0	0.0	1.0	0.0	0.0	0.0	0.0	
303	303	6935.066422186	3917.472	3917.472	0.000162	0.0	0	0	0	0	301	0	0	0	0	0.0	0.0	0.0	0.0	0.018489	0.0	0.0	0.0	0.0	0.0	0.0	0.0	0.0	6841.46	0.0	0.0	0.0	0.0	0.0	0.0	0.0	0.0	22.7291	0.0	0.0	0.0	0.0	0	0	0	0	79	0	0	0	0	0	0	0	0	0	0	0	0	0	0	0	0	0	222	0	0	0	0	0	0	0	0	0	0	0	0	0	0	0	0	0	0	0	0	0	0	0	0	0	0	0	0	0	0	0	0.0	0.0	0.0	0.0	3.6e-5	0.0	0.0	0.0	0.0	0.0	0.0	0.0	0.0	1.0	0.0	0.0	0.0	0.0	
304	304	6947.326835095	3917.472	3917.472	0.00016	0.0	0	0	0	0	302	0	0	0	0	0.0	0.0	0.0	0.0	0.01664	0.0	0.0	0.0	0.0	0.0	0.0	0.0	0.0	6853.72	0.0	0.0	0.0	0.0	0.0	0.0	0.0	0.0	22.6945	0.0	0.0	0.0	0.0	0	0	0	0	79	0	0	0	0	0	0	0	0	0	0	0	0	0	0	0	0	0	223	0	0	0	0	0	0	0	0	0	0	0	0	0	0	0	0	0	0	0	0	0	0	0	0	0	0	0	0	0	0	0	0.0	0.0	0.0	0.0	3.2e-5	0.0	0.0	0.0	0.0	0.0	0.0	0.0	0.0	1.0	0.0	0.0	0.0	0.0	
305	305	6975.840277494	3917.472	3917.472	0.000156	0.0	0	0	0	0	303	0	0	0	0	0.0	0.0	0.0	0.0	0.014976	0.0	0.0	0.0	0.0	0.0	0.0	0.0	0.0	6882.24	0.0	0.0	0.0	0.0	0.0	0.0	0.0	0.0	22.7137	0.0	0.0	0.0	0.0	0	0	0	0	79	0	0	0	0	0	0	0	0	0	0	0	0	0	0	0	0	0	224	0	0	0	0	0	0	0	0	0	0	0	0	0	0	0	0	0	0	0	0	0	0	0	0	0	0	0	0	0	0	0	0.0	0.0	0.0	0.0	2.9e-5	0.0	0.0	0.0	0.0	0.0	0.0	0.0	0.0	1.0	0.0	0.0	0.0	0.0	
306	306	6993.212836627	3917.472	3917.472	0.000148	0.0	0	0	0	0	304	0	0	0	0	0.0	0.0	0.0	0.0	0.013478	0.0	0.0	0.0	0.0	0.0	0.0	0.0	0.0	6899.61	0.0	0.0	0.0	0.0	0.0	0.0	0.0	0.0	22.6961	0.0	0.0	0.0	0.0	0	0	0	0	79	0	0	0	0	0	0	0	0	0	0	0	0	0	0	0	0	0	225	0	0	0	0	0	0	0	0	0	0	0	0	0	0	0	0	0	0	0	0	0	0	0	0	0	0	0	0	0	0	0	0.0	0.0	0.0	0.0	2.6e-5	0.0	0.0	0.0	0.0	0.0	0.0	0.0	0.0	1.0	0.0	0.0	0.0	0.0	
307	307	6996.000512982	3917.472	3917.472	0.000143	0.0	0	0	0	0	305	0	0	0	0	0.0	0.0	0.0	0.0	0.01213	0.0	0.0	0.0	0.0	0.0	0.0	0.0	0.0	6902.4	0.0	0.0	0.0	0.0	0.0	0.0	0.0	0.0	22.6308	0.0	0.0	0.0	0.0	0	0	0	0	79	0	0	0	0	0	0	0	0	0	0	0	0	0	0	0	0	0	226	0	0	0	0	0	0	0	0	0	0	0	0	0	0	0	0	0	0	0	0	0	0	0	0	0	0	0	0	0	0	0	0.0	0.0	0.0	0.0	2.4e-5	0.0	0.0	0.0	0.0	0.0	0.0	0.0	0.0	1.0	0.0	0.0	0.0	0.0	
308	308	7004.981292308	3917.472	3917.472	0.000142	0.0	0	0	0	0	306	0	0	0	0	0.0	0.0	0.0	0.0	0.010917	0.0	0.0	0.0	0.0	0.0	0.0	0.0	0.0	6911.38	0.0	0.0	0.0	0.0	0.0	0.0	0.0	0.0	22.5862	0.0	0.0	0.0	0.0	0	0	0	0	79	0	0	0	0	0	0	0	0	0	0	0	0	0	0	0	0	0	227	0	0	0	0	0	0	0	0	0	0	0	0	0	0	0	0	0	0	0	0	0	0	0	0	0	0	0	0	0	0	0	0.0	0.0	0.0	0.0	2.1e-5	0.0	0.0	0.0	0.0	0.0	0.0	0.0	0.0	1.0	0.0	0.0	0.0	0.0	
309	309	7008.720356201	3917.472	3917.472	0.00014	0.0	0	0	0	0	307	0	0	0	0	0.0	0.0	0.0	0.0	0.009826	0.0	0.0	0.0	0.0	0.0	0.0	0.0	0.0	6915.12	0.0	0.0	0.0	0.0	0.0	0.0	0.0	0.0	22.5248	0.0	0.0	0.0	0.0	0	0	0	0	79	0	0	0	0	0	0	0	0	0	0	0	0	0	0	0	0	0	228	0	0	0	0	0	0	0	0	0	0	0	0	0	0	0	0	0	0	0	0	0	0	0	0	0	0	0	0	0	0	0	0.0	0.0	0.0	0.0	1.9e-5	0.0	0.0	0.0	0.0	0.0	0.0	0.0	0.0	1.0	0.0	0.0	0.0	0.0	
310	310	7011.887155837	3917.472	3917.472	0.000139	0.0	0	0	0	0	308	0	0	0	0	0.0	0.0	0.0	0.0	0.008843	0.0	0.0	0.0	0.0	0.0	0.0	0.0	0.0	6918.28	0.0	0.0	0.0	0.0	0.0	0.0	0.0	0.0	22.462	0.0	0.0	0.0	0.0	0	0	0	0	79	0	0	0	0	0	0	0	0	0	0	0	0	0	0	0	0	0	229	0	0	0	0	0	0	0	0	0	0	0	0	0	0	0	0	0	0	0	0	0	0	0	0	0	0	0	0	0	0	0	0.0	0.0	0.0	0.0	1.8e-5	0.0	0.0	0.0	0.0	0.0	0.0	0.0	0.0	1.0	0.0	0.0	0.0	0.0	
311	311	7017.1654226	3917.472	3917.472	0.000138	0.0	0	0	0	0	309	0	0	0	0	0.0	0.0	0.0	0.0	0.007959	0.0	0.0	0.0	0.0	0.0	0.0	0.0	0.0	6923.56	0.0	0.0	0.0	0.0	0.0	0.0	0.0	0.0	22.4064	0.0	0.0	0.0	0.0	0	0	0	0	79	0	0	0	0	0	0	0	0	0	0	0	0	0	0	0	0	0	230	0	0	0	0	0	0	0	0	0	0	0	0	0	0	0	0	0	0	0	0	0	0	0	0	0	0	0	0	0	0	0	0.0	0.0	0.0	0.0	1.6e-5	0.0	0.0	0.0	0.0	0.0	0.0	0.0	0.0	1.0	0.0	0.0	0.0	0.0	
312	312	7022.024442716	3917.472	3917.472	0.000136	0.0	0	0	0	0	310	0	0	0	0	0.0	0.0	0.0	0.0	0.007163	0.0	0.0	0.0	0.0	0.0	0.0	0.0	0.0	6928.42	0.0	0.0	0.0	0.0	0.0	0.0	0.0	0.0	22.3497	0.0	0.0	0.0	0.0	0	0	0	0	79	0	0	0	0	0	0	0	0	0	0	0	0	0	0	0	0	0	231	0	0	0	0	0	0	0	0	0	0	0	0	0	0	0	0	0	0	0	0	0	0	0	0	0	0	0	0	0	0	0	0.0	0.0	0.0	0.0	1.4e-5	0.0	0.0	0.0	0.0	0.0	0.0	0.0	0.0	1.0	0.0	0.0	0.0	0.0	
313	313	7037.68475988	3917.472	3917.472	0.000135	0.0	0	0	0	0	311	0	0	0	0	0.0	0.0	0.0	0.0	0.006447	0.0	0.0	0.0	0.0	0.0	0.0	0.0	0.0	6944.08	0.0	0.0	0.0	0.0	0.0	0.0	0.0	0.0	22.3282	0.0	0.0	0.0	0.0	0	0	0	0	79	0	0	0	0	0	0	0	0	0	0	0	0	0	0	0	0	0	232	0	0	0	0	0	0	0	0	0	0	0	0	0	0	0	0	0	0	0	0	0	0	0	0	0	0	0	0	0	0	0	0.0	0.0	0.0	0.0	1.3e-5	0.0	0.0	0.0	0.0	0.0	0.0	0.0	0.0	1.0	0.0	0.0	0.0	0.0	
314	314	7049.043831929	3917.472	3917.472	0.000131	0.0	0	0	0	0	312	0	0	0	0	0.0	0.0	0.0	0.0	0.005802	0.0	0.0	0.0	0.0	0.0	0.0	0.0	0.0	6955.44	0.0	0.0	0.0	0.0	0.0	0.0	0.0	0.0	22.2931	0.0	0.0	0.0	0.0	0	0	0	0	79	0	0	0	0	0	0	0	0	0	0	0	0	0	0	0	0	0	233	0	0	0	0	0	0	0	0	0	0	0	0	0	0	0	0	0	0	0	0	0	0	0	0	0	0	0	0	0	0	0	0.0	0.0	0.0	0.0	1.2e-5	0.0	0.0	0.0	0.0	0.0	0.0	0.0	0.0	1.0	0.0	0.0	0.0	0.0	
315	315	7064.522784153	3917.472	3917.472	0.000128	0.0	0	0	0	0	313	0	0	0	0	0.0	0.0	0.0	0.0	0.005222	0.0	0.0	0.0	0.0	0.0	0.0	0.0	0.0	6970.92	0.0	0.0	0.0	0.0	0.0	0.0	0.0	0.0	22.2713	0.0	0.0	0.0	0.0	0	0	0	0	79	0	0	0	0	0	0	0	0	0	0	0	0	0	0	0	0	0	234	0	0	0	0	0	0	0	0	0	0	0	0	0	0	0	0	0	0	0	0	0	0	0	0	0	0	0	0	0	0	0	0.0	0.0	0.0	0.0	1.1e-5	0.0	0.0	0.0	0.0	0.0	0.0	0.0	0.0	1.0	0.0	0.0	0.0	0.0	
316	316	7077.00360778	3917.472	3917.472	0.000125	0.0	0	0	0	0	314	0	0	0	0	0.0	0.0	0.0	0.0	0.0047	0.0	0.0	0.0	0.0	0.0	0.0	0.0	0.0	6983.4	0.0	0.0	0.0	0.0	0.0	0.0	0.0	0.0	22.2401	0.0	0.0	0.0	0.0	0	0	0	0	79	0	0	0	0	0	0	0	0	0	0	0	0	0	0	0	0	0	235	0	0	0	0	0	0	0	0	0	0	0	0	0	0	0	0	0	0	0	0	0	0	0	0	0	0	0	0	0	0	0	0.0	0.0	0.0	0.0	1.0e-5	0.0	0.0	0.0	0.0	0.0	0.0	0.0	0.0	1.0	0.0	0.0	0.0	0.0	
317	317	7093.329416019	3917.472	3917.472	0.000122	0.0	0	0	0	0	315	0	0	0	0	0.0	0.0	0.0	0.0	0.00423	0.0	0.0	0.0	0.0	0.0	0.0	0.0	0.0	6999.73	0.0	0.0	0.0	0.0	0.0	0.0	0.0	0.0	22.2214	0.0	0.0	0.0	0.0	0	0	0	0	79	0	0	0	0	0	0	0	0	0	0	0	0	0	0	0	0	0	236	0	0	0	0	0	0	0	0	0	0	0	0	0	0	0	0	0	0	0	0	0	0	0	0	0	0	0	0	0	0	0	0.0	0.0	0.0	0.0	9.0e-6	0.0	0.0	0.0	0.0	0.0	0.0	0.0	0.0	1.0	0.0	0.0	0.0	0.0	
318	318	7100.761532158	3917.472	3917.472	0.000118	0.0	0	0	0	0	316	0	0	0	0	0.0	0.0	0.0	0.0	0.003807	0.0	0.0	0.0	0.0	0.0	0.0	0.0	0.0	7007.16	0.0	0.0	0.0	0.0	0.0	0.0	0.0	0.0	22.1746	0.0	0.0	0.0	0.0	0	0	0	0	79	0	0	0	0	0	0	0	0	0	0	0	0	0	0	0	0	0	237	0	0	0	0	0	0	0	0	0	0	0	0	0	0	0	0	0	0	0	0	0	0	0	0	0	0	0	0	0	0	0	0.0	0.0	0.0	0.0	8.0e-6	0.0	0.0	0.0	0.0	0.0	0.0	0.0	0.0	1.0	0.0	0.0	0.0	0.0	
319	319	7103.669322361	3917.472	3917.472	0.000116	0.0	0	0	0	0	317	0	0	0	0	0.0	0.0	0.0	0.0	0.003426	0.0	0.0	0.0	0.0	0.0	0.0	0.0	0.0	7010.07	0.0	0.0	0.0	0.0	0.0	0.0	0.0	0.0	22.1138	0.0	0.0	0.0	0.0	0	0	0	0	79	0	0	0	0	0	0	0	0	0	0	0	0	0	0	0	0	0	238	0	0	0	0	0	0	0	0	0	0	0	0	0	0	0	0	0	0	0	0	0	0	0	0	0	0	0	0	0	0	0	0.0	0.0	0.0	0.0	7.0e-6	0.0	0.0	0.0	0.0	0.0	0.0	0.0	0.0	1.0	0.0	0.0	0.0	0.0	
320	320	7123.745981473	3917.472	3917.472	0.000116	0.0	0	0	0	0	318	0	0	0	0	0.0	0.0	0.0	0.0	0.003083	0.0	0.0	0.0	0.0	0.0	0.0	0.0	0.0	7030.14	0.0	0.0	0.0	0.0	0.0	0.0	0.0	0.0	22.1074	0.0	0.0	0.0	0.0	0	0	0	0	79	0	0	0	0	0	0	0	0	0	0	0	0	0	0	0	0	0	239	0	0	0	0	0	0	0	0	0	0	0	0	0	0	0	0	0	0	0	0	0	0	0	0	0	0	0	0	0	0	0	0.0	0.0	0.0	0.0	6.0e-6	0.0	0.0	0.0	0.0	0.0	0.0	0.0	0.0	1.0	0.0	0.0	0.0	0.0	
321	321	7137.173460853	3917.472	3917.472	0.000111	0.0	0	0	0	0	319	0	0	0	0	0.0	0.0	0.0	0.0	0.002775	0.0	0.0	0.0	0.0	0.0	0.0	0.0	0.0	7043.57	0.0	0.0	0.0	0.0	0.0	0.0	0.0	0.0	22.0802	0.0	0.0	0.0	0.0	0	0	0	0	79	0	0	0	0	0	0	0	0	0	0	0	0	0	0	0	0	0	240	0	0	0	0	0	0	0	0	0	0	0	0	0	0	0	0	0	0	0	0	0	0	0	0	0	0	0	0	0	0	0	0.0	0.0	0.0	0.0	6.0e-6	0.0	0.0	0.0	0.0	0.0	0.0	0.0	0.0	1.0	0.0	0.0	0.0	0.0	
322	322	7141.289606996	3917.472	3917.472	0.000108	0.0	0	0	0	0	320	0	0	0	0	0.0	0.0	0.0	0.0	0.002498	0.0	0.0	0.0	0.0	0.0	0.0	0.0	0.0	7047.69	0.0	0.0	0.0	0.0	0.0	0.0	0.0	0.0	22.024	0.0	0.0	0.0	0.0	0	0	0	0	79	0	0	0	0	0	0	0	0	0	0	0	0	0	0	0	0	0	241	0	0	0	0	0	0	0	0	0	0	0	0	0	0	0	0	0	0	0	0	0	0	0	0	0	0	0	0	0	0	0	0.0	0.0	0.0	0.0	5.0e-6	0.0	0.0	0.0	0.0	0.0	0.0	0.0	0.0	1.0	0.0	0.0	0.0	0.0	
323	323	7161.909092737	3917.472	3917.472	0.000107	0.0	0	0	0	0	321	0	0	0	0	0.0	0.0	0.0	0.0	0.002248	0.0	0.0	0.0	0.0	0.0	0.0	0.0	0.0	7068.31	0.0	0.0	0.0	0.0	0.0	0.0	0.0	0.0	22.0196	0.0	0.0	0.0	0.0	0	0	0	0	79	0	0	0	0	0	0	0	0	0	0	0	0	0	0	0	0	0	242	0	0	0	0	0	0	0	0	0	0	0	0	0	0	0	0	0	0	0	0	0	0	0	0	0	0	0	0	0	0	0	0.0	0.0	0.0	0.0	5.0e-6	0.0	0.0	0.0	0.0	0.0	0.0	0.0	0.0	1.0	0.0	0.0	0.0	0.0	
324	324	7166.027210803	3917.472	3917.472	0.000103	0.0	0	0	0	0	322	0	0	0	0	0.0	0.0	0.0	0.0	0.002023	0.0	0.0	0.0	0.0	0.0	0.0	0.0	0.0	7072.42	0.0	0.0	0.0	0.0	0.0	0.0	0.0	0.0	21.9641	0.0	0.0	0.0	0.0	0	0	0	0	79	0	0	0	0	0	0	0	0	0	0	0	0	0	0	0	0	0	243	0	0	0	0	0	0	0	0	0	0	0	0	0	0	0	0	0	0	0	0	0	0	0	0	0	0	0	0	0	0	0	0.0	0.0	0.0	0.0	4.0e-6	0.0	0.0	0.0	0.0	0.0	0.0	0.0	0.0	1.0	0.0	0.0	0.0	0.0	
325	325	7173.862569495	3917.472	3917.472	0.000102	0.0	0	0	0	0	323	0	0	0	0	0.0	0.0	0.0	0.0	0.001821	0.0	0.0	0.0	0.0	0.0	0.0	0.0	0.0	7080.26	0.0	0.0	0.0	0.0	0.0	0.0	0.0	0.0	21.9203	0.0	0.0	0.0	0.0	0	0	0	0	79	0	0	0	0	0	0	0	0	0	0	0	0	0	0	0	0	0	244	0	0	0	0	0	0	0	0	0	0	0	0	0	0	0	0	0	0	0	0	0	0	0	0	0	0	0	0	0	0	0	0.0	0.0	0.0	0.0	4.0e-6	0.0	0.0	0.0	0.0	0.0	0.0	0.0	0.0	1.0	0.0	0.0	0.0	0.0	
326	326	7177.326942379	3917.472	3917.472	0.000101	0.0	0	0	0	0	324	0	0	0	0	0.0	0.0	0.0	0.0	0.001639	0.0	0.0	0.0	0.0	0.0	0.0	0.0	0.0	7083.72	0.0	0.0	0.0	0.0	0.0	0.0	0.0	0.0	21.8633	0.0	0.0	0.0	0.0	0	0	0	0	79	0	0	0	0	0	0	0	0	0	0	0	0	0	0	0	0	0	245	0	0	0	0	0	0	0	0	0	0	0	0	0	0	0	0	0	0	0	0	0	0	0	0	0	0	0	0	0	0	0	0.0	0.0	0.0	0.0	3.0e-6	0.0	0.0	0.0	0.0	0.0	0.0	0.0	0.0	1.0	0.0	0.0	0.0	0.0	
327	327	7191.888583647	3917.472	3917.472	0.0001	0.0	0	0	0	0	325	0	0	0	0	0.0	0.0	0.0	0.0	0.001475	0.0	0.0	0.0	0.0	0.0	0.0	0.0	0.0	7098.29	0.0	0.0	0.0	0.0	0.0	0.0	0.0	0.0	21.8409	0.0	0.0	0.0	0.0	0	0	0	0	79	0	0	0	0	0	0	0	0	0	0	0	0	0	0	0	0	0	246	0	0	0	0	0	0	0	0	0	0	0	0	0	0	0	0	0	0	0	0	0	0	0	0	0	0	0	0	0	0	0	0.0	0.0	0.0	0.0	3.0e-6	0.0	0.0	0.0	0.0	0.0	0.0	0.0	0.0	1.0	0.0	0.0	0.0	0.0	
328	327	7191.888596844	3917.472	3917.472	9.8e-5	0.0	0	0	0	0	325	0	0	0	0	0.0	0.0	0.0	0.0	0.001475	0.0	0.0	0.0	0.0	0.0	0.0	0.0	0.0	7098.29	0.0	0.0	0.0	0.0	0.0	0.0	0.0	0.0	21.8409	0.0	0.0	0.0	0.0	0	0	0	0	79	0	0	0	0	0	0	0	0	0	0	0	0	0	0	0	0	0	246	0	0	0	0	0	0	0	0	0	0	0	0	0	0	0	0	0	0	0	0	0	0	0	0	0	0	0	0	0	0	0	0.0	0.0	0.0	0.0	3.0e-6	0.0	0.0	0.0	0.0	0.0	0.0	0.0	0.0	1.0	0.0	0.0	0.0	0.0	
