indexLine	algoIter	time	best obj	current obj	T	probdelta1	nb uses 1	nb uses 2	nb uses 3	nb uses 4	nb uses 5	nb uses 6	nb uses 7	nb uses 8	nb uses 9	score 1	score 2	score 3	score 4	score 5	score 6	score 7	score 8	score 9	duration 1	duration 2	duration 3	duration 4	duration 5	duration 6	duration 7	duration 8	duration 9	avgDuration 1	avgDuration 2	avgDuration 3	avgDuration 4	avgDuration 5	avgDuration 6	avgDuration 7	avgDuration 8	avgDuration 9	sigmas1 1	sigmas1 2	sigmas1 3	sigmas1 4	sigmas1 5	sigmas1 6	sigmas1 7	sigmas1 8	sigmas1 9	sigmas2 1	sigmas2 2	sigmas2 3	sigmas2 4	sigmas2 5	sigmas2 6	sigmas2 7	sigmas2 8	sigmas2 9	sigmas3 1	sigmas3 2	sigmas3 3	sigmas3 4	sigmas3 5	sigmas3 6	sigmas3 7	sigmas3 8	sigmas3 9	sigmas4 1	sigmas4 2	sigmas4 3	sigmas4 4	sigmas4 5	sigmas4 6	sigmas4 7	sigmas4 8	sigmas4 9	sigmas5 1	sigmas5 2	sigmas5 3	sigmas5 4	sigmas5 5	sigmas5 6	sigmas5 7	sigmas5 8	sigmas5 9	sigmas6 1	sigmas6 2	sigmas6 3	sigmas6 4	sigmas6 5	sigmas6 6	sigmas6 7	sigmas6 8	sigmas6 9	weight 1	weight 2	weight 3	weight 4	weight 5	weight 6	weight 7	weight 8	weight 9	proba 1	proba 2	proba 3	proba 4	proba 5	proba 6	proba 7	proba 8	proba 9	
1	1	2.683769439	3721.35	3721.35	100.0	0.99005	0	0	0	0	0	0	0	0	0	0.0	0.0	0.0	0.0	0.0	0.0	0.0	0.0	0.0	0.0	0.0	0.0	0.0	0.0	0.0	0.0	0.0	0.0	0.0	0.0	0.0	0.0	0.0	0.0	0.0	0.0	0.0	0	0	0	0	0	0	0	0	0	0	0	0	0	0	0	0	0	0	0	0	0	0	0	0	0	0	0	0	0	0	0	0	0	0	0	0	0	0	0	0	0	0	0	0	0	0	0	0	0	0	0	0	0	0	0.0	0.0	0.0	0.0	0.0	0.0	0.0	0.0	0.0	0.0	0.0	0.0	0.0	0.0	0.0	0.0	0.0	0.0	
2	2	177.036079069	2901.7	2901.7	100.0	0.99005	0	0	0	0	0	0	0	0	0	0.0	0.0	0.0	0.0	1.0	0.0	0.0	0.0	0.0	0.0	0.0	0.0	0.0	0.0	0.0	0.0	0.0	0.0	0.0	0.0	0.0	0.0	174.352	0.0	0.0	0.0	0.0	0	0	0	0	0	0	0	0	0	0	0	0	0	0	0	0	0	0	0	0	0	0	0	0	0	0	0	0	0	0	0	0	0	0	0	0	0	0	0	0	0	0	0	0	0	0	0	0	0	0	0	0	0	0	0.0	0.0	0.0	0.0	3.3e-5	0.0	0.0	0.0	0.0	0.0	0.0	0.0	0.0	0.0	0.0	0.0	0.0	0.0	
3	3	206.696446772	2677.75	2677.75	100.0	0.99005	0	0	0	0	1	0	0	0	0	0.0	0.0	0.0	0.0	1.0	0.0	0.0	0.0	0.0	0.0	0.0	0.0	0.0	29.6603	0.0	0.0	0.0	0.0	0.0	0.0	0.0	0.0	29.6603	0.0	0.0	0.0	0.0	0	0	0	0	1	0	0	0	0	0	0	0	0	0	0	0	0	0	0	0	0	0	0	0	0	0	0	0	0	0	0	0	0	0	0	0	0	0	0	0	0	0	0	0	0	0	0	0	0	0	0	0	0	0	0.0	0.0	0.0	0.0	0.001137	0.0	0.0	0.0	0.0	0.0	0.0	0.0	0.0	1.0	0.0	0.0	0.0	0.0	
4	4	233.154436527	2559.9	2559.9	67.193	0.985228	0	0	0	0	2	0	0	0	0	0.0	0.0	0.0	0.0	1.0	0.0	0.0	0.0	0.0	0.0	0.0	0.0	0.0	56.1183	0.0	0.0	0.0	0.0	0.0	0.0	0.0	0.0	28.0592	0.0	0.0	0.0	0.0	0	0	0	0	2	0	0	0	0	0	0	0	0	0	0	0	0	0	0	0	0	0	0	0	0	0	0	0	0	0	0	0	0	0	0	0	0	0	0	0	0	0	0	0	0	0	0	0	0	0	0	0	0	0	0.0	0.0	0.0	0.0	0.00127	0.0	0.0	0.0	0.0	0.0	0.0	0.0	0.0	1.0	0.0	0.0	0.0	0.0	
5	6	250.658278405	2469.6	2469.6	63.8023	0.984449	0	0	0	0	4	0	0	0	0	0.0	0.0	0.0	0.0	0.91	0.0	0.0	0.0	0.0	0.0	0.0	0.0	0.0	73.6221	0.0	0.0	0.0	0.0	0.0	0.0	0.0	0.0	18.4055	0.0	0.0	0.0	0.0	0	0	0	0	3	0	0	0	0	0	0	0	0	0	0	0	0	0	0	0	0	0	1	0	0	0	0	0	0	0	0	0	0	0	0	0	0	0	0	0	0	0	0	0	0	0	0	0	0	0	0	0	0	0	0.0	0.0	0.0	0.0	0.002686	0.0	0.0	0.0	0.0	0.0	0.0	0.0	0.0	1.0	0.0	0.0	0.0	0.0	
6	8	266.619101072	2453.6	2453.6	61.6875	0.98392	0	0	0	0	6	0	0	0	0	0.0	0.0	0.0	0.0	0.8371	0.0	0.0	0.0	0.0	0.0	0.0	0.0	0.0	89.5829	0.0	0.0	0.0	0.0	0.0	0.0	0.0	0.0	14.9305	0.0	0.0	0.0	0.0	0	0	0	0	4	0	0	0	0	0	0	0	0	0	0	0	0	0	0	0	0	0	2	0	0	0	0	0	0	0	0	0	0	0	0	0	0	0	0	0	0	0	0	0	0	0	0	0	0	0	0	0	0	0	0.0	0.0	0.0	0.0	0.003755	0.0	0.0	0.0	0.0	0.0	0.0	0.0	0.0	1.0	0.0	0.0	0.0	0.0	
7	9	282.202304101	2452.85	2452.85	59.8776	0.983438	0	0	0	0	7	0	0	0	0	0.0	0.0	0.0	0.0	0.85339	0.0	0.0	0.0	0.0	0.0	0.0	0.0	0.0	105.166	0.0	0.0	0.0	0.0	0.0	0.0	0.0	0.0	15.0237	0.0	0.0	0.0	0.0	0	0	0	0	5	0	0	0	0	0	0	0	0	0	0	0	0	0	0	0	0	0	2	0	0	0	0	0	0	0	0	0	0	0	0	0	0	0	0	0	0	0	0	0	0	0	0	0	0	0	0	0	0	0	0.0	0.0	0.0	0.0	0.003781	0.0	0.0	0.0	0.0	0.0	0.0	0.0	0.0	1.0	0.0	0.0	0.0	0.0	
8	12	302.820602199	2440.35	2440.35	58.0139	0.98291	0	0	0	0	10	0	0	0	0	0.0	0.0	0.0	0.0	0.722121	0.0	0.0	0.0	0.0	0.0	0.0	0.0	0.0	125.784	0.0	0.0	0.0	0.0	0.0	0.0	0.0	0.0	12.5784	0.0	0.0	0.0	0.0	0	0	0	0	6	0	0	0	0	0	0	0	0	0	0	0	0	0	0	0	0	0	4	0	0	0	0	0	0	0	0	0	0	0	0	0	0	0	0	0	0	0	0	0	0	0	0	0	0	0	0	0	0	0	0.0	0.0	0.0	0.0	0.004564	0.0	0.0	0.0	0.0	0.0	0.0	0.0	0.0	1.0	0.0	0.0	0.0	0.0	
9	13	417.791928856	2409.85	2409.85	55.8498	0.982254	0	0	0	0	11	0	0	0	0	0.0	0.0	0.0	0.0	0.749909	0.0	0.0	0.0	0.0	0.0	0.0	0.0	0.0	240.756	0.0	0.0	0.0	0.0	0.0	0.0	0.0	0.0	21.8869	0.0	0.0	0.0	0.0	0	0	0	0	7	0	0	0	0	0	0	0	0	0	0	0	0	0	0	0	0	0	4	0	0	0	0	0	0	0	0	0	0	0	0	0	0	0	0	0	0	0	0	0	0	0	0	0	0	0	0	0	0	0	0.0	0.0	0.0	0.0	0.001565	0.0	0.0	0.0	0.0	0.0	0.0	0.0	0.0	1.0	0.0	0.0	0.0	0.0	
10	14	560.343993276	2387.8	2387.8	44.7686	0.977911	0	0	0	0	12	0	0	0	0	0.0	0.0	0.0	0.0	0.774918	0.0	0.0	0.0	0.0	0.0	0.0	0.0	0.0	383.308	0.0	0.0	0.0	0.0	0.0	0.0	0.0	0.0	31.9423	0.0	0.0	0.0	0.0	0	0	0	0	8	0	0	0	0	0	0	0	0	0	0	0	0	0	0	0	0	0	4	0	0	0	0	0	0	0	0	0	0	0	0	0	0	0	0	0	0	0	0	0	0	0	0	0	0	0	0	0	0	0	0.0	0.0	0.0	0.0	0.000759	0.0	0.0	0.0	0.0	0.0	0.0	0.0	0.0	1.0	0.0	0.0	0.0	0.0	
11	16	619.597624944	2379.3	2379.3	34.0018	0.971018	0	0	0	0	14	0	0	0	0	0.0	0.0	0.0	0.0	0.727684	0.0	0.0	0.0	0.0	0.0	0.0	0.0	0.0	442.561	0.0	0.0	0.0	0.0	0.0	0.0	0.0	0.0	31.6115	0.0	0.0	0.0	0.0	0	0	0	0	9	0	0	0	0	0	0	0	0	0	0	0	0	0	0	0	0	0	5	0	0	0	0	0	0	0	0	0	0	0	0	0	0	0	0	0	0	0	0	0	0	0	0	0	0	0	0	0	0	0	0.0	0.0	0.0	0.0	0.000728	0.0	0.0	0.0	0.0	0.0	0.0	0.0	0.0	1.0	0.0	0.0	0.0	0.0	
12	17	632.408360179	2369.05	2369.05	30.3657	0.967604	0	0	0	0	15	0	0	0	0	0.0	0.0	0.0	0.0	0.754915	0.0	0.0	0.0	0.0	0.0	0.0	0.0	0.0	455.372	0.0	0.0	0.0	0.0	0.0	0.0	0.0	0.0	30.3581	0.0	0.0	0.0	0.0	0	0	0	0	10	0	0	0	0	0	0	0	0	0	0	0	0	0	0	0	0	0	5	0	0	0	0	0	0	0	0	0	0	0	0	0	0	0	0	0	0	0	0	0	0	0	0	0	0	0	0	0	0	0	0.0	0.0	0.0	0.0	0.000819	0.0	0.0	0.0	0.0	0.0	0.0	0.0	0.0	1.0	0.0	0.0	0.0	0.0	
13	18	649.898957349	2364.55	2364.55	29.6266	0.96681	0	0	0	0	16	0	0	0	0	0.0	0.0	0.0	0.0	0.779424	0.0	0.0	0.0	0.0	0.0	0.0	0.0	0.0	472.863	0.0	0.0	0.0	0.0	0.0	0.0	0.0	0.0	29.5539	0.0	0.0	0.0	0.0	0	0	0	0	11	0	0	0	0	0	0	0	0	0	0	0	0	0	0	0	0	0	5	0	0	0	0	0	0	0	0	0	0	0	0	0	0	0	0	0	0	0	0	0	0	0	0	0	0	0	0	0	0	0	0.0	0.0	0.0	0.0	0.000892	0.0	0.0	0.0	0.0	0.0	0.0	0.0	0.0	1.0	0.0	0.0	0.0	0.0	
14	19	661.827672089	2364.55	2364.55	28.6464	0.965694	0	0	0	0	17	0	0	0	0	0.0	0.0	0.0	0.0	0.701481	0.0	0.0	0.0	0.0	0.0	0.0	0.0	0.0	484.791	0.0	0.0	0.0	0.0	0.0	0.0	0.0	0.0	28.5171	0.0	0.0	0.0	0.0	0	0	0	0	11	0	0	0	0	0	0	0	0	0	0	0	0	0	0	0	0	0	6	0	0	0	0	0	0	0	0	0	0	0	0	0	0	0	0	0	0	0	0	0	0	0	0	0	0	0	0	0	0	0	0.0	0.0	0.0	0.0	0.000863	0.0	0.0	0.0	0.0	0.0	0.0	0.0	0.0	1.0	0.0	0.0	0.0	0.0	
15	20	682.889079723	2364.05	2364.05	27.9965	0.964912	0	0	0	0	18	0	0	0	0	0.0	0.0	0.0	0.0	0.731333	0.0	0.0	0.0	0.0	0.0	0.0	0.0	0.0	505.853	0.0	0.0	0.0	0.0	0.0	0.0	0.0	0.0	28.1029	0.0	0.0	0.0	0.0	0	0	0	0	12	0	0	0	0	0	0	0	0	0	0	0	0	0	0	0	0	0	6	0	0	0	0	0	0	0	0	0	0	0	0	0	0	0	0	0	0	0	0	0	0	0	0	0	0	0	0	0	0	0	0.0	0.0	0.0	0.0	0.000926	0.0	0.0	0.0	0.0	0.0	0.0	0.0	0.0	1.0	0.0	0.0	0.0	0.0	
16	22	858.912358483	2325.4	2325.4	26.8604	0.963455	0	0	0	0	20	0	0	0	0	0.0	0.0	0.0	0.0	0.69238	0.0	0.0	0.0	0.0	0.0	0.0	0.0	0.0	681.876	0.0	0.0	0.0	0.0	0.0	0.0	0.0	0.0	34.0938	0.0	0.0	0.0	0.0	0	0	0	0	13	0	0	0	0	0	0	0	0	0	0	0	0	0	0	0	0	0	7	0	0	0	0	0	0	0	0	0	0	0	0	0	0	0	0	0	0	0	0	0	0	0	0	0	0	0	0	0	0	0	0.0	0.0	0.0	0.0	0.000596	0.0	0.0	0.0	0.0	0.0	0.0	0.0	0.0	1.0	0.0	0.0	0.0	0.0	
17	23	879.457294421	2325.4	2325.4	19.1628	0.949154	0	0	0	0	21	0	0	0	0	0.0	0.0	0.0	0.0	0.623142	0.0	0.0	0.0	0.0	0.0	0.0	0.0	0.0	702.421	0.0	0.0	0.0	0.0	0.0	0.0	0.0	0.0	33.4486	0.0	0.0	0.0	0.0	0	0	0	0	13	0	0	0	0	0	0	0	0	0	0	0	0	0	0	0	0	0	8	0	0	0	0	0	0	0	0	0	0	0	0	0	0	0	0	0	0	0	0	0	0	0	0	0	0	0	0	0	0	0	0.0	0.0	0.0	0.0	0.000557	0.0	0.0	0.0	0.0	0.0	0.0	0.0	0.0	1.0	0.0	0.0	0.0	0.0	
18	24	887.226096474	2315.4	2315.4	18.4202	0.947159	0	0	0	0	22	0	0	0	0	0.0	0.0	0.0	0.0	0.660828	0.0	0.0	0.0	0.0	0.0	0.0	0.0	0.0	710.19	0.0	0.0	0.0	0.0	0.0	0.0	0.0	0.0	32.2813	0.0	0.0	0.0	0.0	0	0	0	0	14	0	0	0	0	0	0	0	0	0	0	0	0	0	0	0	0	0	8	0	0	0	0	0	0	0	0	0	0	0	0	0	0	0	0	0	0	0	0	0	0	0	0	0	0	0	0	0	0	0	0.0	0.0	0.0	0.0	0.000634	0.0	0.0	0.0	0.0	0.0	0.0	0.0	0.0	1.0	0.0	0.0	0.0	0.0	
19	25	967.147397859	2302.4	2302.4	18.147	0.946385	0	0	0	0	23	0	0	0	0	0.0	0.0	0.0	0.0	0.694745	0.0	0.0	0.0	0.0	0.0	0.0	0.0	0.0	790.111	0.0	0.0	0.0	0.0	0.0	0.0	0.0	0.0	34.3526	0.0	0.0	0.0	0.0	0	0	0	0	15	0	0	0	0	0	0	0	0	0	0	0	0	0	0	0	0	0	8	0	0	0	0	0	0	0	0	0	0	0	0	0	0	0	0	0	0	0	0	0	0	0	0	0	0	0	0	0	0	0	0.0	0.0	0.0	0.0	0.000589	0.0	0.0	0.0	0.0	0.0	0.0	0.0	0.0	1.0	0.0	0.0	0.0	0.0	
20	28	973.999873873	2302.4	2302.4	15.5336	0.937652	0	0	0	0	26	0	0	0	0	0.0	0.0	0.0	0.0	0.506469	0.0	0.0	0.0	0.0	0.0	0.0	0.0	0.0	796.963	0.0	0.0	0.0	0.0	0.0	0.0	0.0	0.0	30.6524	0.0	0.0	0.0	0.0	0	0	0	0	15	0	0	0	0	0	0	0	0	0	0	0	0	0	0	0	0	0	11	0	0	0	0	0	0	0	0	0	0	0	0	0	0	0	0	0	0	0	0	0	0	0	0	0	0	0	0	0	0	0	0.0	0.0	0.0	0.0	0.000539	0.0	0.0	0.0	0.0	0.0	0.0	0.0	0.0	1.0	0.0	0.0	0.0	0.0	
21	29	1015.079199801	2302.4	2302.4	15.3572	0.936959	0	0	0	0	27	0	0	0	0	0.0	0.0	0.0	0.0	0.455822	0.0	0.0	0.0	0.0	0.0	0.0	0.0	0.0	838.043	0.0	0.0	0.0	0.0	0.0	0.0	0.0	0.0	31.0386	0.0	0.0	0.0	0.0	0	0	0	0	15	0	0	0	0	0	0	0	0	0	0	0	0	0	0	0	0	0	12	0	0	0	0	0	0	0	0	0	0	0	0	0	0	0	0	0	0	0	0	0	0	0	0	0	0	0	0	0	0	0	0.0	0.0	0.0	0.0	0.000473	0.0	0.0	0.0	0.0	0.0	0.0	0.0	0.0	1.0	0.0	0.0	0.0	0.0	
22	30	1021.671141234	2302.4	2302.4	14.1904	0.931956	0	0	0	0	28	0	0	0	0	0.0	0.0	0.0	0.0	0.41024	0.0	0.0	0.0	0.0	0.0	0.0	0.0	0.0	844.635	0.0	0.0	0.0	0.0	0.0	0.0	0.0	0.0	30.1655	0.0	0.0	0.0	0.0	0	0	0	0	15	0	0	0	0	0	0	0	0	0	0	0	0	0	0	0	0	0	13	0	0	0	0	0	0	0	0	0	0	0	0	0	0	0	0	0	0	0	0	0	0	0	0	0	0	0	0	0	0	0	0.0	0.0	0.0	0.0	0.000451	0.0	0.0	0.0	0.0	0.0	0.0	0.0	0.0	1.0	0.0	0.0	0.0	0.0	
23	31	1201.728832772	2302.4	2302.4	14.0116	0.931118	0	0	0	0	29	0	0	0	0	0.0	0.0	0.0	0.0	0.369216	0.0	0.0	0.0	0.0	0.0	0.0	0.0	0.0	1024.69	0.0	0.0	0.0	0.0	0.0	0.0	0.0	0.0	35.3342	0.0	0.0	0.0	0.0	0	0	0	0	15	0	0	0	0	0	0	0	0	0	0	0	0	0	0	0	0	0	14	0	0	0	0	0	0	0	0	0	0	0	0	0	0	0	0	0	0	0	0	0	0	0	0	0	0	0	0	0	0	0	0.0	0.0	0.0	0.0	0.000296	0.0	0.0	0.0	0.0	0.0	0.0	0.0	0.0	1.0	0.0	0.0	0.0	0.0	
24	32	1214.403321476	2302.4	2302.4	9.90985	0.904015	0	0	0	0	30	0	0	0	0	0.0	0.0	0.0	0.0	0.332294	0.0	0.0	0.0	0.0	0.0	0.0	0.0	0.0	1037.37	0.0	0.0	0.0	0.0	0.0	0.0	0.0	0.0	34.5789	0.0	0.0	0.0	0.0	0	0	0	0	15	0	0	0	0	0	0	0	0	0	0	0	0	0	0	0	0	0	15	0	0	0	0	0	0	0	0	0	0	0	0	0	0	0	0	0	0	0	0	0	0	0	0	0	0	0	0	0	0	0	0.0	0.0	0.0	0.0	0.000278	0.0	0.0	0.0	0.0	0.0	0.0	0.0	0.0	1.0	0.0	0.0	0.0	0.0	
25	33	1263.404343689	2302.4	2302.4	9.67116	0.901766	0	0	0	0	31	0	0	0	0	0.0	0.0	0.0	0.0	0.299065	0.0	0.0	0.0	0.0	0.0	0.0	0.0	0.0	1086.37	0.0	0.0	0.0	0.0	0.0	0.0	0.0	0.0	35.0441	0.0	0.0	0.0	0.0	0	0	0	0	15	0	0	0	0	0	0	0	0	0	0	0	0	0	0	0	0	0	16	0	0	0	0	0	0	0	0	0	0	0	0	0	0	0	0	0	0	0	0	0	0	0	0	0	0	0	0	0	0	0	0.0	0.0	0.0	0.0	0.000244	0.0	0.0	0.0	0.0	0.0	0.0	0.0	0.0	1.0	0.0	0.0	0.0	0.0	
26	34	1270.335218834	2302.4	2302.4	8.80122	0.892596	0	0	0	0	32	0	0	0	0	0.0	0.0	0.0	0.0	0.269158	0.0	0.0	0.0	0.0	0.0	0.0	0.0	0.0	1093.3	0.0	0.0	0.0	0.0	0.0	0.0	0.0	0.0	34.1656	0.0	0.0	0.0	0.0	0	0	0	0	15	0	0	0	0	0	0	0	0	0	0	0	0	0	0	0	0	0	17	0	0	0	0	0	0	0	0	0	0	0	0	0	0	0	0	0	0	0	0	0	0	0	0	0	0	0	0	0	0	0	0.0	0.0	0.0	0.0	0.000231	0.0	0.0	0.0	0.0	0.0	0.0	0.0	0.0	1.0	0.0	0.0	0.0	0.0	
27	35	1301.425201661	2294.9	2294.9	8.68466	0.891236	0	0	0	0	33	0	0	0	0	0.0	0.0	0.0	0.0	0.342243	0.0	0.0	0.0	0.0	0.0	0.0	0.0	0.0	1124.39	0.0	0.0	0.0	0.0	0.0	0.0	0.0	0.0	34.0724	0.0	0.0	0.0	0.0	0	0	0	0	16	0	0	0	0	0	0	0	0	0	0	0	0	0	0	0	0	0	17	0	0	0	0	0	0	0	0	0	0	0	0	0	0	0	0	0	0	0	0	0	0	0	0	0	0	0	0	0	0	0	0.0	0.0	0.0	0.0	0.000295	0.0	0.0	0.0	0.0	0.0	0.0	0.0	0.0	1.0	0.0	0.0	0.0	0.0	
28	36	1355.2329683	2294.9	2294.9	8.1805	0.884934	0	0	0	0	34	0	0	0	0	0.0	0.0	0.0	0.0	0.308018	0.0	0.0	0.0	0.0	0.0	0.0	0.0	0.0	1178.2	0.0	0.0	0.0	0.0	0.0	0.0	0.0	0.0	34.6528	0.0	0.0	0.0	0.0	0	0	0	0	16	0	0	0	0	0	0	0	0	0	0	0	0	0	0	0	0	0	18	0	0	0	0	0	0	0	0	0	0	0	0	0	0	0	0	0	0	0	0	0	0	0	0	0	0	0	0	0	0	0	0.0	0.0	0.0	0.0	0.000257	0.0	0.0	0.0	0.0	0.0	0.0	0.0	0.0	1.0	0.0	0.0	0.0	0.0	
29	37	1379.795325941	2283.6	2283.6	7.37613	0.873216	0	0	0	0	35	0	0	0	0	0.0	0.0	0.0	0.0	0.377217	0.0	0.0	0.0	0.0	0.0	0.0	0.0	0.0	1202.76	0.0	0.0	0.0	0.0	0.0	0.0	0.0	0.0	34.3645	0.0	0.0	0.0	0.0	0	0	0	0	17	0	0	0	0	0	0	0	0	0	0	0	0	0	0	0	0	0	18	0	0	0	0	0	0	0	0	0	0	0	0	0	0	0	0	0	0	0	0	0	0	0	0	0	0	0	0	0	0	0	0.0	0.0	0.0	0.0	0.000319	0.0	0.0	0.0	0.0	0.0	0.0	0.0	0.0	1.0	0.0	0.0	0.0	0.0	
30	38	1405.552815485	2280.1	2280.1	7.03572	0.867507	0	0	0	0	36	0	0	0	0	0.0	0.0	0.0	0.0	0.439495	0.0	0.0	0.0	0.0	0.0	0.0	0.0	0.0	1228.52	0.0	0.0	0.0	0.0	0.0	0.0	0.0	0.0	34.1254	0.0	0.0	0.0	0.0	0	0	0	0	18	0	0	0	0	0	0	0	0	0	0	0	0	0	0	0	0	0	18	0	0	0	0	0	0	0	0	0	0	0	0	0	0	0	0	0	0	0	0	0	0	0	0	0	0	0	0	0	0	0	0.0	0.0	0.0	0.0	0.000377	0.0	0.0	0.0	0.0	0.0	0.0	0.0	0.0	1.0	0.0	0.0	0.0	0.0	
31	39	1450.340839012	2265.95	2265.95	6.69562	0.861266	0	0	0	0	37	0	0	0	0	0.0	0.0	0.0	0.0	0.495545	0.0	0.0	0.0	0.0	0.0	0.0	0.0	0.0	1273.3	0.0	0.0	0.0	0.0	0.0	0.0	0.0	0.0	34.4136	0.0	0.0	0.0	0.0	0	0	0	0	19	0	0	0	0	0	0	0	0	0	0	0	0	0	0	0	0	0	18	0	0	0	0	0	0	0	0	0	0	0	0	0	0	0	0	0	0	0	0	0	0	0	0	0	0	0	0	0	0	0	0.0	0.0	0.0	0.0	0.000418	0.0	0.0	0.0	0.0	0.0	0.0	0.0	0.0	1.0	0.0	0.0	0.0	0.0	
32	40	1532.954251777	2265.95	2265.95	6.14292	0.84977	0	0	0	0	38	0	0	0	0	0.0	0.0	0.0	0.0	0.445991	0.0	0.0	0.0	0.0	0.0	0.0	0.0	0.0	1355.92	0.0	0.0	0.0	0.0	0.0	0.0	0.0	0.0	35.682	0.0	0.0	0.0	0.0	0	0	0	0	19	0	0	0	0	0	0	0	0	0	0	0	0	0	0	0	0	0	19	0	0	0	0	0	0	0	0	0	0	0	0	0	0	0	0	0	0	0	0	0	0	0	0	0	0	0	0	0	0	0	0.0	0.0	0.0	0.0	0.00035	0.0	0.0	0.0	0.0	0.0	0.0	0.0	0.0	1.0	0.0	0.0	0.0	0.0	
33	41	1618.684946583	2265.95	2265.95	5.24033	0.826275	0	0	0	0	39	0	0	0	0	0.0	0.0	0.0	0.0	0.401392	0.0	0.0	0.0	0.0	0.0	0.0	0.0	0.0	1441.65	0.0	0.0	0.0	0.0	0.0	0.0	0.0	0.0	36.9653	0.0	0.0	0.0	0.0	0	0	0	0	19	0	0	0	0	0	0	0	0	0	0	0	0	0	0	0	0	0	20	0	0	0	0	0	0	0	0	0	0	0	0	0	0	0	0	0	0	0	0	0	0	0	0	0	0	0	0	0	0	0	0.0	0.0	0.0	0.0	0.000294	0.0	0.0	0.0	0.0	0.0	0.0	0.0	0.0	1.0	0.0	0.0	0.0	0.0	
34	43	1638.07157498	2260.95	2260.95	4.4395	0.798316	0	0	0	0	41	0	0	0	0	0.0	0.0	0.0	0.0	0.425127	0.0	0.0	0.0	0.0	0.0	0.0	0.0	0.0	1461.03	0.0	0.0	0.0	0.0	0.0	0.0	0.0	0.0	35.635	0.0	0.0	0.0	0.0	0	0	0	0	20	0	0	0	0	0	0	0	0	0	0	0	0	0	0	0	0	0	21	0	0	0	0	0	0	0	0	0	0	0	0	0	0	0	0	0	0	0	0	0	0	0	0	0	0	0	0	0	0	0	0.0	0.0	0.0	0.0	0.000335	0.0	0.0	0.0	0.0	0.0	0.0	0.0	0.0	1.0	0.0	0.0	0.0	0.0	
35	44	1647.388266711	2260.95	2260.95	4.28098	0.791685	0	0	0	0	42	0	0	0	0	0.0	0.0	0.0	0.0	0.382615	0.0	0.0	0.0	0.0	0.0	0.0	0.0	0.0	1470.35	0.0	0.0	0.0	0.0	0.0	0.0	0.0	0.0	35.0084	0.0	0.0	0.0	0.0	0	0	0	0	20	0	0	0	0	0	0	0	0	0	0	0	0	0	0	0	0	0	22	0	0	0	0	0	0	0	0	0	0	0	0	0	0	0	0	0	0	0	0	0	0	0	0	0	0	0	0	0	0	0	0.0	0.0	0.0	0.0	0.000312	0.0	0.0	0.0	0.0	0.0	0.0	0.0	0.0	1.0	0.0	0.0	0.0	0.0	
36	47	1648.718692636	2260.95	2260.95	4.1978	0.788029	0	0	0	0	45	0	0	0	0	0.0	0.0	0.0	0.0	0.278926	0.0	0.0	0.0	0.0	0.0	0.0	0.0	0.0	1471.68	0.0	0.0	0.0	0.0	0.0	0.0	0.0	0.0	32.704	0.0	0.0	0.0	0.0	0	0	0	0	20	0	0	0	0	0	0	0	0	0	0	0	0	0	0	0	0	0	25	0	0	0	0	0	0	0	0	0	0	0	0	0	0	0	0	0	0	0	0	0	0	0	0	0	0	0	0	0	0	0	0.0	0.0	0.0	0.0	0.000261	0.0	0.0	0.0	0.0	0.0	0.0	0.0	0.0	1.0	0.0	0.0	0.0	0.0	
37	48	1771.222839256	2260.95	2260.95	4.19419	0.787868	0	0	0	0	46	0	0	0	0	0.0	0.0	0.0	0.0	0.251033	0.0	0.0	0.0	0.0	0.0	0.0	0.0	0.0	1594.19	0.0	0.0	0.0	0.0	0.0	0.0	0.0	0.0	34.6562	0.0	0.0	0.0	0.0	0	0	0	0	20	0	0	0	0	0	0	0	0	0	0	0	0	0	0	0	0	0	26	0	0	0	0	0	0	0	0	0	0	0	0	0	0	0	0	0	0	0	0	0	0	0	0	0	0	0	0	0	0	0	0.0	0.0	0.0	0.0	0.000209	0.0	0.0	0.0	0.0	0.0	0.0	0.0	0.0	1.0	0.0	0.0	0.0	0.0	
38	49	1798.481751367	2260.95	2260.95	3.31366	0.7395	0	0	0	0	47	0	0	0	0	0.0	0.0	0.0	0.0	0.22593	0.0	0.0	0.0	0.0	0.0	0.0	0.0	0.0	1621.44	0.0	0.0	0.0	0.0	0.0	0.0	0.0	0.0	34.4988	0.0	0.0	0.0	0.0	0	0	0	0	20	0	0	0	0	0	0	0	0	0	0	0	0	0	0	0	0	0	27	0	0	0	0	0	0	0	0	0	0	0	0	0	0	0	0	0	0	0	0	0	0	0	0	0	0	0	0	0	0	0	0.0	0.0	0.0	0.0	0.00019	0.0	0.0	0.0	0.0	0.0	0.0	0.0	0.0	1.0	0.0	0.0	0.0	0.0	
39	50	1818.258401219	2260.95	2260.95	3.14438	0.727583	0	0	0	0	48	0	0	0	0	0.0	0.0	0.0	0.0	0.203337	0.0	0.0	0.0	0.0	0.0	0.0	0.0	0.0	1641.22	0.0	0.0	0.0	0.0	0.0	0.0	0.0	0.0	34.1921	0.0	0.0	0.0	0.0	0	0	0	0	20	0	0	0	0	0	0	0	0	0	0	0	0	0	0	0	0	0	28	0	0	0	0	0	0	0	0	0	0	0	0	0	0	0	0	0	0	0	0	0	0	0	0	0	0	0	0	0	0	0	0.0	0.0	0.0	0.0	0.000174	0.0	0.0	0.0	0.0	0.0	0.0	0.0	0.0	1.0	0.0	0.0	0.0	0.0	
40	51	1837.79203963	2260.95	2260.95	3.02701	0.718666	0	0	0	0	49	0	0	0	0	0.0	0.0	0.0	0.0	0.183003	0.0	0.0	0.0	0.0	0.0	0.0	0.0	0.0	1660.76	0.0	0.0	0.0	0.0	0.0	0.0	0.0	0.0	33.893	0.0	0.0	0.0	0.0	0	0	0	0	20	0	0	0	0	0	0	0	0	0	0	0	0	0	0	0	0	0	29	0	0	0	0	0	0	0	0	0	0	0	0	0	0	0	0	0	0	0	0	0	0	0	0	0	0	0	0	0	0	0	0.0	0.0	0.0	0.0	0.000159	0.0	0.0	0.0	0.0	0.0	0.0	0.0	0.0	1.0	0.0	0.0	0.0	0.0	
41	52	1844.973172615	2260.95	2260.95	2.91538	0.709632	0	0	0	0	50	0	0	0	0	0.0	0.0	0.0	0.0	0.164703	0.0	0.0	0.0	0.0	0.0	0.0	0.0	0.0	1667.94	0.0	0.0	0.0	0.0	0.0	0.0	0.0	0.0	33.3587	0.0	0.0	0.0	0.0	0	0	0	0	20	0	0	0	0	0	0	0	0	0	0	0	0	0	0	0	0	0	30	0	0	0	0	0	0	0	0	0	0	0	0	0	0	0	0	0	0	0	0	0	0	0	0	0	0	0	0	0	0	0	0.0	0.0	0.0	0.0	0.000148	0.0	0.0	0.0	0.0	0.0	0.0	0.0	0.0	1.0	0.0	0.0	0.0	0.0	
42	53	1909.981206451	2260.95	2260.95	2.87538	0.706254	0	0	0	0	51	0	0	0	0	0.0	0.0	0.0	0.0	0.148233	0.0	0.0	0.0	0.0	0.0	0.0	0.0	0.0	1732.94	0.0	0.0	0.0	0.0	0.0	0.0	0.0	0.0	33.9793	0.0	0.0	0.0	0.0	0	0	0	0	20	0	0	0	0	0	0	0	0	0	0	0	0	0	0	0	0	0	31	0	0	0	0	0	0	0	0	0	0	0	0	0	0	0	0	0	0	0	0	0	0	0	0	0	0	0	0	0	0	0	0.0	0.0	0.0	0.0	0.000128	0.0	0.0	0.0	0.0	0.0	0.0	0.0	0.0	1.0	0.0	0.0	0.0	0.0	
43	54	1915.432585902	2260.95	2260.95	2.53739	0.674283	0	0	0	0	52	0	0	0	0	0.0	0.0	0.0	0.0	0.133409	0.0	0.0	0.0	0.0	0.0	0.0	0.0	0.0	1738.4	0.0	0.0	0.0	0.0	0.0	0.0	0.0	0.0	33.4307	0.0	0.0	0.0	0.0	0	0	0	0	20	0	0	0	0	0	0	0	0	0	0	0	0	0	0	0	0	0	32	0	0	0	0	0	0	0	0	0	0	0	0	0	0	0	0	0	0	0	0	0	0	0	0	0	0	0	0	0	0	0	0.0	0.0	0.0	0.0	0.000119	0.0	0.0	0.0	0.0	0.0	0.0	0.0	0.0	1.0	0.0	0.0	0.0	0.0	
44	55	1941.03176679	2260.95	2260.95	2.51092	0.671488	0	0	0	0	53	0	0	0	0	0.0	0.0	0.0	0.0	0.120069	0.0	0.0	0.0	0.0	0.0	0.0	0.0	0.0	1763.99	0.0	0.0	0.0	0.0	0.0	0.0	0.0	0.0	33.2829	0.0	0.0	0.0	0.0	0	0	0	0	20	0	0	0	0	0	0	0	0	0	0	0	0	0	0	0	0	0	33	0	0	0	0	0	0	0	0	0	0	0	0	0	0	0	0	0	0	0	0	0	0	0	0	0	0	0	0	0	0	0	0.0	0.0	0.0	0.0	0.000108	0.0	0.0	0.0	0.0	0.0	0.0	0.0	0.0	1.0	0.0	0.0	0.0	0.0	
45	56	1959.805313194	2251.45	2251.45	2.39027	0.658124	0	0	0	0	54	0	0	0	0	0.0	0.0	0.0	0.0	0.208062	0.0	0.0	0.0	0.0	0.0	0.0	0.0	0.0	1782.77	0.0	0.0	0.0	0.0	0.0	0.0	0.0	0.0	33.0142	0.0	0.0	0.0	0.0	0	0	0	0	21	0	0	0	0	0	0	0	0	0	0	0	0	0	0	0	0	0	33	0	0	0	0	0	0	0	0	0	0	0	0	0	0	0	0	0	0	0	0	0	0	0	0	0	0	0	0	0	0	0	0.0	0.0	0.0	0.0	0.000191	0.0	0.0	0.0	0.0	0.0	0.0	0.0	0.0	1.0	0.0	0.0	0.0	0.0	
46	57	1982.987005855	2251.45	2251.45	2.3055	0.648077	0	0	0	0	55	0	0	0	0	0.0	0.0	0.0	0.0	0.187256	0.0	0.0	0.0	0.0	0.0	0.0	0.0	0.0	1805.95	0.0	0.0	0.0	0.0	0.0	0.0	0.0	0.0	32.8355	0.0	0.0	0.0	0.0	0	0	0	0	21	0	0	0	0	0	0	0	0	0	0	0	0	0	0	0	0	0	34	0	0	0	0	0	0	0	0	0	0	0	0	0	0	0	0	0	0	0	0	0	0	0	0	0	0	0	0	0	0	0	0.0	0.0	0.0	0.0	0.000174	0.0	0.0	0.0	0.0	0.0	0.0	0.0	0.0	1.0	0.0	0.0	0.0	0.0	
47	60	1993.487544225	2251.45	2251.45	2.20092	0.634857	0	0	0	0	58	0	0	0	0	0.0	0.0	0.0	0.0	0.136509	0.0	0.0	0.0	0.0	0.0	0.0	0.0	0.0	1816.45	0.0	0.0	0.0	0.0	0.0	0.0	0.0	0.0	31.3181	0.0	0.0	0.0	0.0	0	0	0	0	21	0	0	0	0	0	0	0	0	0	0	0	0	0	0	0	0	0	37	0	0	0	0	0	0	0	0	0	0	0	0	0	0	0	0	0	0	0	0	0	0	0	0	0	0	0	0	0	0	0	0.0	0.0	0.0	0.0	0.000139	0.0	0.0	0.0	0.0	0.0	0.0	0.0	0.0	1.0	0.0	0.0	0.0	0.0	
48	61	2004.147786745	2251.45	2251.45	2.16086	0.629531	0	0	0	0	59	0	0	0	0	0.0	0.0	0.0	0.0	0.122858	0.0	0.0	0.0	0.0	0.0	0.0	0.0	0.0	1827.11	0.0	0.0	0.0	0.0	0.0	0.0	0.0	0.0	30.968	0.0	0.0	0.0	0.0	0	0	0	0	21	0	0	0	0	0	0	0	0	0	0	0	0	0	0	0	0	0	38	0	0	0	0	0	0	0	0	0	0	0	0	0	0	0	0	0	0	0	0	0	0	0	0	0	0	0	0	0	0	0	0.0	0.0	0.0	0.0	0.000128	0.0	0.0	0.0	0.0	0.0	0.0	0.0	0.0	1.0	0.0	0.0	0.0	0.0	
49	63	2105.812160407	2251.45	2251.45	2.1151	0.62326	0	0	0	0	61	0	0	0	0	0.0	0.0	0.0	0.0	0.099515	0.0	0.0	0.0	0.0	0.0	0.0	0.0	0.0	1928.78	0.0	0.0	0.0	0.0	0.0	0.0	0.0	0.0	31.6193	0.0	0.0	0.0	0.0	0	0	0	0	21	0	0	0	0	0	0	0	0	0	0	0	0	0	0	0	0	0	40	0	0	0	0	0	0	0	0	0	0	0	0	0	0	0	0	0	0	0	0	0	0	0	0	0	0	0	0	0	0	0	0.0	0.0	0.0	0.0	0.0001	0.0	0.0	0.0	0.0	0.0	0.0	0.0	0.0	1.0	0.0	0.0	0.0	0.0	
50	64	2124.858497945	2251.45	2251.45	1.74096	0.563045	0	0	0	0	62	0	0	0	0	0.0	0.0	0.0	0.0	0.089564	0.0	0.0	0.0	0.0	0.0	0.0	0.0	0.0	1947.82	0.0	0.0	0.0	0.0	0.0	0.0	0.0	0.0	31.4165	0.0	0.0	0.0	0.0	0	0	0	0	21	0	0	0	0	0	0	0	0	0	0	0	0	0	0	0	0	0	41	0	0	0	0	0	0	0	0	0	0	0	0	0	0	0	0	0	0	0	0	0	0	0	0	0	0	0	0	0	0	0	0.0	0.0	0.0	0.0	9.1e-5	0.0	0.0	0.0	0.0	0.0	0.0	0.0	0.0	1.0	0.0	0.0	0.0	0.0	
51	65	2134.390036796	2251.45	2251.45	1.67833	0.551105	0	0	0	0	63	0	0	0	0	0.0	0.0	0.0	0.0	0.080607	0.0	0.0	0.0	0.0	0.0	0.0	0.0	0.0	1957.35	0.0	0.0	0.0	0.0	0.0	0.0	0.0	0.0	31.0691	0.0	0.0	0.0	0.0	0	0	0	0	21	0	0	0	0	0	0	0	0	0	0	0	0	0	0	0	0	0	42	0	0	0	0	0	0	0	0	0	0	0	0	0	0	0	0	0	0	0	0	0	0	0	0	0	0	0	0	0	0	0	0.0	0.0	0.0	0.0	8.4e-5	0.0	0.0	0.0	0.0	0.0	0.0	0.0	0.0	1.0	0.0	0.0	0.0	0.0	
52	67	2141.672990359	2251.45	2251.45	1.64644	0.544781	0	0	0	0	65	0	0	0	0	0.0	0.0	0.0	0.0	0.065292	0.0	0.0	0.0	0.0	0.0	0.0	0.0	0.0	1964.64	0.0	0.0	0.0	0.0	0.0	0.0	0.0	0.0	30.2252	0.0	0.0	0.0	0.0	0	0	0	0	21	0	0	0	0	0	0	0	0	0	0	0	0	0	0	0	0	0	44	0	0	0	0	0	0	0	0	0	0	0	0	0	0	0	0	0	0	0	0	0	0	0	0	0	0	0	0	0	0	0	0.0	0.0	0.0	0.0	7.1e-5	0.0	0.0	0.0	0.0	0.0	0.0	0.0	0.0	1.0	0.0	0.0	0.0	0.0	
53	68	2154.239693617	2251.45	2251.45	1.62491	0.540416	0	0	0	0	66	0	0	0	0	0.0	0.0	0.0	0.0	0.058763	0.0	0.0	0.0	0.0	0.0	0.0	0.0	0.0	1977.2	0.0	0.0	0.0	0.0	0.0	0.0	0.0	0.0	29.9576	0.0	0.0	0.0	0.0	0	0	0	0	21	0	0	0	0	0	0	0	0	0	0	0	0	0	0	0	0	0	45	0	0	0	0	0	0	0	0	0	0	0	0	0	0	0	0	0	0	0	0	0	0	0	0	0	0	0	0	0	0	0	0.0	0.0	0.0	0.0	6.5e-5	0.0	0.0	0.0	0.0	0.0	0.0	0.0	0.0	1.0	0.0	0.0	0.0	0.0	
54	69	2254.957470644	2251.45	2251.45	1.58611	0.532339	0	0	0	0	67	0	0	0	0	0.0	0.0	0.0	0.0	0.052886	0.0	0.0	0.0	0.0	0.0	0.0	0.0	0.0	2077.92	0.0	0.0	0.0	0.0	0.0	0.0	0.0	0.0	31.0137	0.0	0.0	0.0	0.0	0	0	0	0	21	0	0	0	0	0	0	0	0	0	0	0	0	0	0	0	0	0	46	0	0	0	0	0	0	0	0	0	0	0	0	0	0	0	0	0	0	0	0	0	0	0	0	0	0	0	0	0	0	0	0.0	0.0	0.0	0.0	5.5e-5	0.0	0.0	0.0	0.0	0.0	0.0	0.0	0.0	1.0	0.0	0.0	0.0	0.0	
55	71	2265.548095051	2251.45	2251.45	1.30553	0.464881	0	0	0	0	69	0	0	0	0	0.0	0.0	0.0	0.0	0.042838	0.0	0.0	0.0	0.0	0.0	0.0	0.0	0.0	2088.51	0.0	0.0	0.0	0.0	0.0	0.0	0.0	0.0	30.2683	0.0	0.0	0.0	0.0	0	0	0	0	21	0	0	0	0	0	0	0	0	0	0	0	0	0	0	0	0	0	48	0	0	0	0	0	0	0	0	0	0	0	0	0	0	0	0	0	0	0	0	0	0	0	0	0	0	0	0	0	0	0	0.0	0.0	0.0	0.0	4.7e-5	0.0	0.0	0.0	0.0	0.0	0.0	0.0	0.0	1.0	0.0	0.0	0.0	0.0	
56	73	2287.632659119	2251.45	2251.45	1.27924	0.457622	0	0	0	0	71	0	0	0	0	0.0	0.0	0.0	0.0	0.034699	0.0	0.0	0.0	0.0	0.0	0.0	0.0	0.0	2110.6	0.0	0.0	0.0	0.0	0.0	0.0	0.0	0.0	29.7267	0.0	0.0	0.0	0.0	0	0	0	0	21	0	0	0	0	0	0	0	0	0	0	0	0	0	0	0	0	0	50	0	0	0	0	0	0	0	0	0	0	0	0	0	0	0	0	0	0	0	0	0	0	0	0	0	0	0	0	0	0	0	0.0	0.0	0.0	0.0	3.9e-5	0.0	0.0	0.0	0.0	0.0	0.0	0.0	0.0	1.0	0.0	0.0	0.0	0.0	
57	74	2340.26460838	2251.45	2251.45	1.22714	0.442683	0	0	0	0	72	0	0	0	0	0.0	0.0	0.0	0.0	0.031229	0.0	0.0	0.0	0.0	0.0	0.0	0.0	0.0	2163.23	0.0	0.0	0.0	0.0	0.0	0.0	0.0	0.0	30.0448	0.0	0.0	0.0	0.0	0	0	0	0	21	0	0	0	0	0	0	0	0	0	0	0	0	0	0	0	0	0	51	0	0	0	0	0	0	0	0	0	0	0	0	0	0	0	0	0	0	0	0	0	0	0	0	0	0	0	0	0	0	0	0.0	0.0	0.0	0.0	3.5e-5	0.0	0.0	0.0	0.0	0.0	0.0	0.0	0.0	1.0	0.0	0.0	0.0	0.0	
58	76	2485.885266583	2231.5	2231.5	1.10803	0.405553	0	0	0	0	74	0	0	0	0	0.0	0.0	0.0	0.0	0.125295	0.0	0.0	0.0	0.0	0.0	0.0	0.0	0.0	2308.85	0.0	0.0	0.0	0.0	0.0	0.0	0.0	0.0	31.2006	0.0	0.0	0.0	0.0	0	0	0	0	22	0	0	0	0	0	0	0	0	0	0	0	0	0	0	0	0	0	52	0	0	0	0	0	0	0	0	0	0	0	0	0	0	0	0	0	0	0	0	0	0	0	0	0	0	0	0	0	0	0	0.0	0.0	0.0	0.0	0.000129	0.0	0.0	0.0	0.0	0.0	0.0	0.0	0.0	1.0	0.0	0.0	0.0	0.0	
59	77	2626.634652816	2231.5	2231.5	0.838056	0.303238	0	0	0	0	75	0	0	0	0	0.0	0.0	0.0	0.0	0.112766	0.0	0.0	0.0	0.0	0.0	0.0	0.0	0.0	2449.6	0.0	0.0	0.0	0.0	0.0	0.0	0.0	0.0	32.6613	0.0	0.0	0.0	0.0	0	0	0	0	22	0	0	0	0	0	0	0	0	0	0	0	0	0	0	0	0	0	53	0	0	0	0	0	0	0	0	0	0	0	0	0	0	0	0	0	0	0	0	0	0	0	0	0	0	0	0	0	0	0	0.0	0.0	0.0	0.0	0.000106	0.0	0.0	0.0	0.0	0.0	0.0	0.0	0.0	1.0	0.0	0.0	0.0	0.0	
60	78	2637.890121526	2231.5	2231.5	0.639278	0.209242	0	0	0	0	76	0	0	0	0	0.0	0.0	0.0	0.0	0.101489	0.0	0.0	0.0	0.0	0.0	0.0	0.0	0.0	2460.85	0.0	0.0	0.0	0.0	0.0	0.0	0.0	0.0	32.3796	0.0	0.0	0.0	0.0	0	0	0	0	22	0	0	0	0	0	0	0	0	0	0	0	0	0	0	0	0	0	54	0	0	0	0	0	0	0	0	0	0	0	0	0	0	0	0	0	0	0	0	0	0	0	0	0	0	0	0	0	0	0	0.0	0.0	0.0	0.0	9.7e-5	0.0	0.0	0.0	0.0	0.0	0.0	0.0	0.0	1.0	0.0	0.0	0.0	0.0	
61	79	2643.093868426	2231.5	2231.5	0.625586	0.202199	0	0	0	0	77	0	0	0	0	0.0	0.0	0.0	0.0	0.09134	0.0	0.0	0.0	0.0	0.0	0.0	0.0	0.0	2466.06	0.0	0.0	0.0	0.0	0.0	0.0	0.0	0.0	32.0267	0.0	0.0	0.0	0.0	0	0	0	0	22	0	0	0	0	0	0	0	0	0	0	0	0	0	0	0	0	0	55	0	0	0	0	0	0	0	0	0	0	0	0	0	0	0	0	0	0	0	0	0	0	0	0	0	0	0	0	0	0	0	0.0	0.0	0.0	0.0	8.9e-5	0.0	0.0	0.0	0.0	0.0	0.0	0.0	0.0	1.0	0.0	0.0	0.0	0.0	
62	80	2650.725820648	2228.5	2228.5	0.619355	0.198974	0	0	0	0	78	0	0	0	0	0.0	0.0	0.0	0.0	0.182206	0.0	0.0	0.0	0.0	0.0	0.0	0.0	0.0	2473.69	0.0	0.0	0.0	0.0	0.0	0.0	0.0	0.0	31.714	0.0	0.0	0.0	0.0	0	0	0	0	23	0	0	0	0	0	0	0	0	0	0	0	0	0	0	0	0	0	55	0	0	0	0	0	0	0	0	0	0	0	0	0	0	0	0	0	0	0	0	0	0	0	0	0	0	0	0	0	0	0	0.0	0.0	0.0	0.0	0.000181	0.0	0.0	0.0	0.0	0.0	0.0	0.0	0.0	1.0	0.0	0.0	0.0	0.0	
63	81	2670.88633638	2228.5	2228.5	0.610329	0.194279	0	0	0	0	79	0	0	0	0	0.0	0.0	0.0	0.0	0.163986	0.0	0.0	0.0	0.0	0.0	0.0	0.0	0.0	2493.85	0.0	0.0	0.0	0.0	0.0	0.0	0.0	0.0	31.5677	0.0	0.0	0.0	0.0	0	0	0	0	23	0	0	0	0	0	0	0	0	0	0	0	0	0	0	0	0	0	56	0	0	0	0	0	0	0	0	0	0	0	0	0	0	0	0	0	0	0	0	0	0	0	0	0	0	0	0	0	0	0	0.0	0.0	0.0	0.0	0.000165	0.0	0.0	0.0	0.0	0.0	0.0	0.0	0.0	1.0	0.0	0.0	0.0	0.0	
64	82	2680.615752575	2228.5	2228.5	0.587113	0.182091	0	0	0	0	80	0	0	0	0	0.0	0.0	0.0	0.0	0.147587	0.0	0.0	0.0	0.0	0.0	0.0	0.0	0.0	2503.58	0.0	0.0	0.0	0.0	0.0	0.0	0.0	0.0	31.2947	0.0	0.0	0.0	0.0	0	0	0	0	23	0	0	0	0	0	0	0	0	0	0	0	0	0	0	0	0	0	57	0	0	0	0	0	0	0	0	0	0	0	0	0	0	0	0	0	0	0	0	0	0	0	0	0	0	0	0	0	0	0	0.0	0.0	0.0	0.0	0.000151	0.0	0.0	0.0	0.0	0.0	0.0	0.0	0.0	1.0	0.0	0.0	0.0	0.0	
65	83	2688.957513464	2228.5	2228.5	0.576227	0.176325	0	0	0	0	81	0	0	0	0	0.0	0.0	0.0	0.0	0.132828	0.0	0.0	0.0	0.0	0.0	0.0	0.0	0.0	2511.92	0.0	0.0	0.0	0.0	0.0	0.0	0.0	0.0	31.0114	0.0	0.0	0.0	0.0	0	0	0	0	23	0	0	0	0	0	0	0	0	0	0	0	0	0	0	0	0	0	58	0	0	0	0	0	0	0	0	0	0	0	0	0	0	0	0	0	0	0	0	0	0	0	0	0	0	0	0	0	0	0	0.0	0.0	0.0	0.0	0.000138	0.0	0.0	0.0	0.0	0.0	0.0	0.0	0.0	1.0	0.0	0.0	0.0	0.0	
66	84	2700.278698766	2228.5	2228.5	0.567055	0.171444	0	0	0	0	82	0	0	0	0	0.0	0.0	0.0	0.0	0.119546	0.0	0.0	0.0	0.0	0.0	0.0	0.0	0.0	2523.24	0.0	0.0	0.0	0.0	0.0	0.0	0.0	0.0	30.7712	0.0	0.0	0.0	0.0	0	0	0	0	23	0	0	0	0	0	0	0	0	0	0	0	0	0	0	0	0	0	59	0	0	0	0	0	0	0	0	0	0	0	0	0	0	0	0	0	0	0	0	0	0	0	0	0	0	0	0	0	0	0	0.0	0.0	0.0	0.0	0.000126	0.0	0.0	0.0	0.0	0.0	0.0	0.0	0.0	1.0	0.0	0.0	0.0	0.0	
67	85	2706.505888633	2228.5	2228.5	0.554839	0.164915	0	0	0	0	83	0	0	0	0	0.0	0.0	0.0	0.0	0.107591	0.0	0.0	0.0	0.0	0.0	0.0	0.0	0.0	2529.47	0.0	0.0	0.0	0.0	0.0	0.0	0.0	0.0	30.4755	0.0	0.0	0.0	0.0	0	0	0	0	23	0	0	0	0	0	0	0	0	0	0	0	0	0	0	0	0	0	60	0	0	0	0	0	0	0	0	0	0	0	0	0	0	0	0	0	0	0	0	0	0	0	0	0	0	0	0	0	0	0	0.0	0.0	0.0	0.0	0.000116	0.0	0.0	0.0	0.0	0.0	0.0	0.0	0.0	1.0	0.0	0.0	0.0	0.0	
68	86	2775.620111213	2228.5	2228.5	0.548233	0.161372	0	0	0	0	84	0	0	0	0	0.0	0.0	0.0	0.0	0.096832	0.0	0.0	0.0	0.0	0.0	0.0	0.0	0.0	2598.58	0.0	0.0	0.0	0.0	0.0	0.0	0.0	0.0	30.9355	0.0	0.0	0.0	0.0	0	0	0	0	23	0	0	0	0	0	0	0	0	0	0	0	0	0	0	0	0	0	61	0	0	0	0	0	0	0	0	0	0	0	0	0	0	0	0	0	0	0	0	0	0	0	0	0	0	0	0	0	0	0	0.0	0.0	0.0	0.0	0.000101	0.0	0.0	0.0	0.0	0.0	0.0	0.0	0.0	1.0	0.0	0.0	0.0	0.0	
69	88	2789.352175398	2228.5	2228.5	0.479576	0.124285	0	0	0	0	86	0	0	0	0	0.0	0.0	0.0	0.0	0.078434	0.0	0.0	0.0	0.0	0.0	0.0	0.0	0.0	2612.31	0.0	0.0	0.0	0.0	0.0	0.0	0.0	0.0	30.3758	0.0	0.0	0.0	0.0	0	0	0	0	23	0	0	0	0	0	0	0	0	0	0	0	0	0	0	0	0	0	63	0	0	0	0	0	0	0	0	0	0	0	0	0	0	0	0	0	0	0	0	0	0	0	0	0	0	0	0	0	0	0	0.0	0.0	0.0	0.0	8.5e-5	0.0	0.0	0.0	0.0	0.0	0.0	0.0	0.0	1.0	0.0	0.0	0.0	0.0	
70	89	2798.367192055	2228.5	2228.5	0.467471	0.117752	0	0	0	0	87	0	0	0	0	0.0	0.0	0.0	0.0	0.07059	0.0	0.0	0.0	0.0	0.0	0.0	0.0	0.0	2621.33	0.0	0.0	0.0	0.0	0.0	0.0	0.0	0.0	30.1302	0.0	0.0	0.0	0.0	0	0	0	0	23	0	0	0	0	0	0	0	0	0	0	0	0	0	0	0	0	0	64	0	0	0	0	0	0	0	0	0	0	0	0	0	0	0	0	0	0	0	0	0	0	0	0	0	0	0	0	0	0	0	0.0	0.0	0.0	0.0	7.8e-5	0.0	0.0	0.0	0.0	0.0	0.0	0.0	0.0	1.0	0.0	0.0	0.0	0.0	
71	92	2806.586144662	2228.5	2228.5	0.458687	0.113026	0	0	0	0	90	0	0	0	0	0.0	0.0	0.0	0.0	0.05146	0.0	0.0	0.0	0.0	0.0	0.0	0.0	0.0	2629.55	0.0	0.0	0.0	0.0	0.0	0.0	0.0	0.0	29.2172	0.0	0.0	0.0	0.0	0	0	0	0	23	0	0	0	0	0	0	0	0	0	0	0	0	0	0	0	0	0	67	0	0	0	0	0	0	0	0	0	0	0	0	0	0	0	0	0	0	0	0	0	0	0	0	0	0	0	0	0	0	0	0.0	0.0	0.0	0.0	6.0e-5	0.0	0.0	0.0	0.0	0.0	0.0	0.0	0.0	1.0	0.0	0.0	0.0	0.0	
72	93	2815.774277693	2228.5	2228.5	0.452228	0.109561	0	0	0	0	91	0	0	0	0	0.0	0.0	0.0	0.0	0.046314	0.0	0.0	0.0	0.0	0.0	0.0	0.0	0.0	2638.74	0.0	0.0	0.0	0.0	0.0	0.0	0.0	0.0	28.9971	0.0	0.0	0.0	0.0	0	0	0	0	23	0	0	0	0	0	0	0	0	0	0	0	0	0	0	0	0	0	68	0	0	0	0	0	0	0	0	0	0	0	0	0	0	0	0	0	0	0	0	0	0	0	0	0	0	0	0	0	0	0	0.0	0.0	0.0	0.0	5.5e-5	0.0	0.0	0.0	0.0	0.0	0.0	0.0	0.0	1.0	0.0	0.0	0.0	0.0	
73	94	2868.979800046	2228.5	2228.5	0.444305	0.105325	0	0	0	0	92	0	0	0	0	0.0	0.0	0.0	0.0	0.041683	0.0	0.0	0.0	0.0	0.0	0.0	0.0	0.0	2691.94	0.0	0.0	0.0	0.0	0.0	0.0	0.0	0.0	29.2602	0.0	0.0	0.0	0.0	0	0	0	0	23	0	0	0	0	0	0	0	0	0	0	0	0	0	0	0	0	0	69	0	0	0	0	0	0	0	0	0	0	0	0	0	0	0	0	0	0	0	0	0	0	0	0	0	0	0	0	0	0	0	0.0	0.0	0.0	0.0	4.9e-5	0.0	0.0	0.0	0.0	0.0	0.0	0.0	0.0	1.0	0.0	0.0	0.0	0.0	
74	97	2874.275629482	2228.5	2228.5	0.400455	0.082319	0	0	0	0	95	0	0	0	0	0.0	0.0	0.0	0.0	0.030387	0.0	0.0	0.0	0.0	0.0	0.0	0.0	0.0	2697.24	0.0	0.0	0.0	0.0	0.0	0.0	0.0	0.0	28.392	0.0	0.0	0.0	0.0	0	0	0	0	23	0	0	0	0	0	0	0	0	0	0	0	0	0	0	0	0	0	72	0	0	0	0	0	0	0	0	0	0	0	0	0	0	0	0	0	0	0	0	0	0	0	0	0	0	0	0	0	0	0	0.0	0.0	0.0	0.0	3.8e-5	0.0	0.0	0.0	0.0	0.0	0.0	0.0	0.0	1.0	0.0	0.0	0.0	0.0	
75	98	2884.183212371	2228.5	2228.5	0.397017	0.080557	0	0	0	0	96	0	0	0	0	0.0	0.0	0.0	0.0	0.027348	0.0	0.0	0.0	0.0	0.0	0.0	0.0	0.0	2707.15	0.0	0.0	0.0	0.0	0.0	0.0	0.0	0.0	28.1994	0.0	0.0	0.0	0.0	0	0	0	0	23	0	0	0	0	0	0	0	0	0	0	0	0	0	0	0	0	0	73	0	0	0	0	0	0	0	0	0	0	0	0	0	0	0	0	0	0	0	0	0	0	0	0	0	0	0	0	0	0	0	0.0	0.0	0.0	0.0	3.4e-5	0.0	0.0	0.0	0.0	0.0	0.0	0.0	0.0	1.0	0.0	0.0	0.0	0.0	
76	99	2899.650061327	2228.5	2228.5	0.389522	0.076746	0	0	0	0	97	0	0	0	0	0.0	0.0	0.0	0.0	0.024613	0.0	0.0	0.0	0.0	0.0	0.0	0.0	0.0	2722.61	0.0	0.0	0.0	0.0	0.0	0.0	0.0	0.0	28.0682	0.0	0.0	0.0	0.0	0	0	0	0	23	0	0	0	0	0	0	0	0	0	0	0	0	0	0	0	0	0	74	0	0	0	0	0	0	0	0	0	0	0	0	0	0	0	0	0	0	0	0	0	0	0	0	0	0	0	0	0	0	0	0.0	0.0	0.0	0.0	3.1e-5	0.0	0.0	0.0	0.0	0.0	0.0	0.0	0.0	1.0	0.0	0.0	0.0	0.0	
77	100	2963.886641265	2228.5	2228.5	0.378104	0.071021	0	0	0	0	98	0	0	0	0	0.0	0.0	0.0	0.0	0.022152	0.0	0.0	0.0	0.0	0.0	0.0	0.0	0.0	2786.85	0.0	0.0	0.0	0.0	0.0	0.0	0.0	0.0	28.4372	0.0	0.0	0.0	0.0	0	0	0	0	23	0	0	0	0	0	0	0	0	0	0	0	0	0	0	0	0	0	75	0	0	0	0	0	0	0	0	0	0	0	0	0	0	0	0	0	0	0	0	0	0	0	0	0	0	0	0	0	0	0	0.0	0.0	0.0	0.0	2.7e-5	0.0	0.0	0.0	0.0	0.0	0.0	0.0	0.0	1.0	0.0	0.0	0.0	0.0	
78	101	2975.152084228	2228.5	2228.5	0.334154	0.050155	0	0	0	0	99	0	0	0	0	0.0	0.0	0.0	0.0	0.019937	0.0	0.0	0.0	0.0	0.0	0.0	0.0	0.0	2798.11	0.0	0.0	0.0	0.0	0.0	0.0	0.0	0.0	28.2638	0.0	0.0	0.0	0.0	0	0	0	0	23	0	0	0	0	0	0	0	0	0	0	0	0	0	0	0	0	0	76	0	0	0	0	0	0	0	0	0	0	0	0	0	0	0	0	0	0	0	0	0	0	0	0	0	0	0	0	0	0	0	0.0	0.0	0.0	0.0	2.5e-5	0.0	0.0	0.0	0.0	0.0	0.0	0.0	0.0	1.0	0.0	0.0	0.0	0.0	
79	102	2978.852888826	2228.5	2228.5	0.326991	0.046973	0	0	0	0	100	0	0	0	0	0.0	0.0	0.0	0.0	0.017943	0.0	0.0	0.0	0.0	0.0	0.0	0.0	0.0	2801.82	0.0	0.0	0.0	0.0	0.0	0.0	0.0	0.0	28.0182	0.0	0.0	0.0	0.0	0	0	0	0	23	0	0	0	0	0	0	0	0	0	0	0	0	0	0	0	0	0	77	0	0	0	0	0	0	0	0	0	0	0	0	0	0	0	0	0	0	0	0	0	0	0	0	0	0	0	0	0	0	0	0.0	0.0	0.0	0.0	2.3e-5	0.0	0.0	0.0	0.0	0.0	0.0	0.0	0.0	1.0	0.0	0.0	0.0	0.0	
80	103	2985.093105889	2228.5	2228.5	0.324672	0.045958	0	0	0	0	101	0	0	0	0	0.0	0.0	0.0	0.0	0.016149	0.0	0.0	0.0	0.0	0.0	0.0	0.0	0.0	2808.06	0.0	0.0	0.0	0.0	0.0	0.0	0.0	0.0	27.8025	0.0	0.0	0.0	0.0	0	0	0	0	23	0	0	0	0	0	0	0	0	0	0	0	0	0	0	0	0	0	78	0	0	0	0	0	0	0	0	0	0	0	0	0	0	0	0	0	0	0	0	0	0	0	0	0	0	0	0	0	0	0	0.0	0.0	0.0	0.0	2.1e-5	0.0	0.0	0.0	0.0	0.0	0.0	0.0	0.0	1.0	0.0	0.0	0.0	0.0	
81	104	2991.662547378	2228.5	2228.5	0.320798	0.04428	0	0	0	0	102	0	0	0	0	0.0	0.0	0.0	0.0	0.014534	0.0	0.0	0.0	0.0	0.0	0.0	0.0	0.0	2814.62	0.0	0.0	0.0	0.0	0.0	0.0	0.0	0.0	27.5944	0.0	0.0	0.0	0.0	0	0	0	0	23	0	0	0	0	0	0	0	0	0	0	0	0	0	0	0	0	0	79	0	0	0	0	0	0	0	0	0	0	0	0	0	0	0	0	0	0	0	0	0	0	0	0	0	0	0	0	0	0	0	0.0	0.0	0.0	0.0	1.9e-5	0.0	0.0	0.0	0.0	0.0	0.0	0.0	0.0	1.0	0.0	0.0	0.0	0.0	
82	105	3011.323894362	2228.5	2228.5	0.316769	0.042559	0	0	0	0	103	0	0	0	0	0.0	0.0	0.0	0.0	0.013081	0.0	0.0	0.0	0.0	0.0	0.0	0.0	0.0	2834.29	0.0	0.0	0.0	0.0	0.0	0.0	0.0	0.0	27.5173	0.0	0.0	0.0	0.0	0	0	0	0	23	0	0	0	0	0	0	0	0	0	0	0	0	0	0	0	0	0	80	0	0	0	0	0	0	0	0	0	0	0	0	0	0	0	0	0	0	0	0	0	0	0	0	0	0	0	0	0	0	0	0.0	0.0	0.0	0.0	1.7e-5	0.0	0.0	0.0	0.0	0.0	0.0	0.0	0.0	1.0	0.0	0.0	0.0	0.0	
83	106	3025.50465518	2228.5	2228.5	0.305013	0.037683	0	0	0	0	104	0	0	0	0	0.0	0.0	0.0	0.0	0.011772	0.0	0.0	0.0	0.0	0.0	0.0	0.0	0.0	2848.47	0.0	0.0	0.0	0.0	0.0	0.0	0.0	0.0	27.3891	0.0	0.0	0.0	0.0	0	0	0	0	23	0	0	0	0	0	0	0	0	0	0	0	0	0	0	0	0	0	81	0	0	0	0	0	0	0	0	0	0	0	0	0	0	0	0	0	0	0	0	0	0	0	0	0	0	0	0	0	0	0	0.0	0.0	0.0	0.0	1.6e-5	0.0	0.0	0.0	0.0	0.0	0.0	0.0	0.0	1.0	0.0	0.0	0.0	0.0	
84	107	3035.765121344	2228.5	2228.5	0.296805	0.034417	0	0	0	0	105	0	0	0	0	0.0	0.0	0.0	0.0	0.010595	0.0	0.0	0.0	0.0	0.0	0.0	0.0	0.0	2858.73	0.0	0.0	0.0	0.0	0.0	0.0	0.0	0.0	27.226	0.0	0.0	0.0	0.0	0	0	0	0	23	0	0	0	0	0	0	0	0	0	0	0	0	0	0	0	0	0	82	0	0	0	0	0	0	0	0	0	0	0	0	0	0	0	0	0	0	0	0	0	0	0	0	0	0	0	0	0	0	0	0.0	0.0	0.0	0.0	1.4e-5	0.0	0.0	0.0	0.0	0.0	0.0	0.0	0.0	1.0	0.0	0.0	0.0	0.0	
85	108	3046.19356998	2228.5	2228.5	0.291004	0.032181	0	0	0	0	106	0	0	0	0	0.0	0.0	0.0	0.0	0.009536	0.0	0.0	0.0	0.0	0.0	0.0	0.0	0.0	2869.16	0.0	0.0	0.0	0.0	0.0	0.0	0.0	0.0	27.0675	0.0	0.0	0.0	0.0	0	0	0	0	23	0	0	0	0	0	0	0	0	0	0	0	0	0	0	0	0	0	83	0	0	0	0	0	0	0	0	0	0	0	0	0	0	0	0	0	0	0	0	0	0	0	0	0	0	0	0	0	0	0	0.0	0.0	0.0	0.0	1.3e-5	0.0	0.0	0.0	0.0	0.0	0.0	0.0	0.0	1.0	0.0	0.0	0.0	0.0	
86	109	3053.246659958	2228.5	2228.5	0.285225	0.030017	0	0	0	0	107	0	0	0	0	0.0	0.0	0.0	0.0	0.008582	0.0	0.0	0.0	0.0	0.0	0.0	0.0	0.0	2876.21	0.0	0.0	0.0	0.0	0.0	0.0	0.0	0.0	26.8805	0.0	0.0	0.0	0.0	0	0	0	0	23	0	0	0	0	0	0	0	0	0	0	0	0	0	0	0	0	0	84	0	0	0	0	0	0	0	0	0	0	0	0	0	0	0	0	0	0	0	0	0	0	0	0	0	0	0	0	0	0	0	0.0	0.0	0.0	0.0	1.2e-5	0.0	0.0	0.0	0.0	0.0	0.0	0.0	0.0	1.0	0.0	0.0	0.0	0.0	
87	110	3089.049782473	2228.5	2228.5	0.281381	0.028613	0	0	0	0	108	0	0	0	0	0.0	0.0	0.0	0.0	0.007724	0.0	0.0	0.0	0.0	0.0	0.0	0.0	0.0	2912.01	0.0	0.0	0.0	0.0	0.0	0.0	0.0	0.0	26.9631	0.0	0.0	0.0	0.0	0	0	0	0	23	0	0	0	0	0	0	0	0	0	0	0	0	0	0	0	0	0	85	0	0	0	0	0	0	0	0	0	0	0	0	0	0	0	0	0	0	0	0	0	0	0	0	0	0	0	0	0	0	0	0.0	0.0	0.0	0.0	1.1e-5	0.0	0.0	0.0	0.0	0.0	0.0	0.0	0.0	1.0	0.0	0.0	0.0	0.0	
88	111	3102.172062238	2228.5	2228.5	0.262655	0.022208	0	0	0	0	109	0	0	0	0	0.0	0.0	0.0	0.0	0.006952	0.0	0.0	0.0	0.0	0.0	0.0	0.0	0.0	2925.13	0.0	0.0	0.0	0.0	0.0	0.0	0.0	0.0	26.8361	0.0	0.0	0.0	0.0	0	0	0	0	23	0	0	0	0	0	0	0	0	0	0	0	0	0	0	0	0	0	86	0	0	0	0	0	0	0	0	0	0	0	0	0	0	0	0	0	0	0	0	0	0	0	0	0	0	0	0	0	0	0	0.0	0.0	0.0	0.0	1.0e-5	0.0	0.0	0.0	0.0	0.0	0.0	0.0	0.0	1.0	0.0	0.0	0.0	0.0	
89	112	3126.800565059	2228.5	2228.5	0.256108	0.020149	0	0	0	0	110	0	0	0	0	0.0	0.0	0.0	0.0	0.006256	0.0	0.0	0.0	0.0	0.0	0.0	0.0	0.0	2949.76	0.0	0.0	0.0	0.0	0.0	0.0	0.0	0.0	26.816	0.0	0.0	0.0	0.0	0	0	0	0	23	0	0	0	0	0	0	0	0	0	0	0	0	0	0	0	0	0	87	0	0	0	0	0	0	0	0	0	0	0	0	0	0	0	0	0	0	0	0	0	0	0	0	0	0	0	0	0	0	0	0.0	0.0	0.0	0.0	9.0e-6	0.0	0.0	0.0	0.0	0.0	0.0	0.0	0.0	1.0	0.0	0.0	0.0	0.0	
90	114	3177.337704415	2228.5	2228.5	0.24405	0.016614	0	0	0	0	112	0	0	0	0	0.0	0.0	0.0	0.0	0.005068	0.0	0.0	0.0	0.0	0.0	0.0	0.0	0.0	3000.3	0.0	0.0	0.0	0.0	0.0	0.0	0.0	0.0	26.7884	0.0	0.0	0.0	0.0	0	0	0	0	23	0	0	0	0	0	0	0	0	0	0	0	0	0	0	0	0	0	89	0	0	0	0	0	0	0	0	0	0	0	0	0	0	0	0	0	0	0	0	0	0	0	0	0	0	0	0	0	0	0	0.0	0.0	0.0	0.0	7.0e-6	0.0	0.0	0.0	0.0	0.0	0.0	0.0	0.0	1.0	0.0	0.0	0.0	0.0	
91	115	3183.445580109	2228.5	2228.5	0.22163	0.010976	0	0	0	0	113	0	0	0	0	0.0	0.0	0.0	0.0	0.004561	0.0	0.0	0.0	0.0	0.0	0.0	0.0	0.0	3006.41	0.0	0.0	0.0	0.0	0.0	0.0	0.0	0.0	26.6054	0.0	0.0	0.0	0.0	0	0	0	0	23	0	0	0	0	0	0	0	0	0	0	0	0	0	0	0	0	0	90	0	0	0	0	0	0	0	0	0	0	0	0	0	0	0	0	0	0	0	0	0	0	0	0	0	0	0	0	0	0	0	0.0	0.0	0.0	0.0	6.0e-6	0.0	0.0	0.0	0.0	0.0	0.0	0.0	0.0	1.0	0.0	0.0	0.0	0.0	
92	116	3191.706883813	2228.5	2228.5	0.219041	0.010406	0	0	0	0	114	0	0	0	0	0.0	0.0	0.0	0.0	0.004105	0.0	0.0	0.0	0.0	0.0	0.0	0.0	0.0	3014.67	0.0	0.0	0.0	0.0	0.0	0.0	0.0	0.0	26.4445	0.0	0.0	0.0	0.0	0	0	0	0	23	0	0	0	0	0	0	0	0	0	0	0	0	0	0	0	0	0	91	0	0	0	0	0	0	0	0	0	0	0	0	0	0	0	0	0	0	0	0	0	0	0	0	0	0	0	0	0	0	0	0.0	0.0	0.0	0.0	6.0e-6	0.0	0.0	0.0	0.0	0.0	0.0	0.0	0.0	1.0	0.0	0.0	0.0	0.0	
93	117	3209.035882836	2228.5	2228.5	0.215588	0.009672	0	0	0	0	115	0	0	0	0	0.0	0.0	0.0	0.0	0.003694	0.0	0.0	0.0	0.0	0.0	0.0	0.0	0.0	3032.0	0.0	0.0	0.0	0.0	0.0	0.0	0.0	0.0	26.3652	0.0	0.0	0.0	0.0	0	0	0	0	23	0	0	0	0	0	0	0	0	0	0	0	0	0	0	0	0	0	92	0	0	0	0	0	0	0	0	0	0	0	0	0	0	0	0	0	0	0	0	0	0	0	0	0	0	0	0	0	0	0	0.0	0.0	0.0	0.0	5.0e-6	0.0	0.0	0.0	0.0	0.0	0.0	0.0	0.0	1.0	0.0	0.0	0.0	0.0	
94	119	3244.456135249	2228.5	2228.5	0.208335	0.00823	0	0	0	0	117	0	0	0	0	0.0	0.0	0.0	0.0	0.002992	0.0	0.0	0.0	0.0	0.0	0.0	0.0	0.0	3067.42	0.0	0.0	0.0	0.0	0.0	0.0	0.0	0.0	26.2172	0.0	0.0	0.0	0.0	0	0	0	0	23	0	0	0	0	0	0	0	0	0	0	0	0	0	0	0	0	0	94	0	0	0	0	0	0	0	0	0	0	0	0	0	0	0	0	0	0	0	0	0	0	0	0	0	0	0	0	0	0	0	0.0	0.0	0.0	0.0	4.0e-6	0.0	0.0	0.0	0.0	0.0	0.0	0.0	0.0	1.0	0.0	0.0	0.0	0.0	
95	121	3424.985063785	2228.5	2228.5	0.194617	0.005868	0	0	0	0	119	0	0	0	0	0.0	0.0	0.0	0.0	0.002424	0.0	0.0	0.0	0.0	0.0	0.0	0.0	0.0	3247.95	0.0	0.0	0.0	0.0	0.0	0.0	0.0	0.0	27.2937	0.0	0.0	0.0	0.0	0	0	0	0	23	0	0	0	0	0	0	0	0	0	0	0	0	0	0	0	0	0	96	0	0	0	0	0	0	0	0	0	0	0	0	0	0	0	0	0	0	0	0	0	0	0	0	0	0	0	0	0	0	0	0.0	0.0	0.0	0.0	3.0e-6	0.0	0.0	0.0	0.0	0.0	0.0	0.0	0.0	1.0	0.0	0.0	0.0	0.0	
96	122	3429.417382901	2228.5	2228.5	0.137639	0.000699	0	0	0	0	120	0	0	0	0	0.0	0.0	0.0	0.0	0.002181	0.0	0.0	0.0	0.0	0.0	0.0	0.0	0.0	3252.38	0.0	0.0	0.0	0.0	0.0	0.0	0.0	0.0	27.1032	0.0	0.0	0.0	0.0	0	0	0	0	23	0	0	0	0	0	0	0	0	0	0	0	0	0	0	0	0	0	97	0	0	0	0	0	0	0	0	0	0	0	0	0	0	0	0	0	0	0	0	0	0	0	0	0	0	0	0	0	0	0	0.0	0.0	0.0	0.0	3.0e-6	0.0	0.0	0.0	0.0	0.0	0.0	0.0	0.0	1.0	0.0	0.0	0.0	0.0	
97	123	3449.946181318	2228.5	2228.5	0.136471	0.000657	0	0	0	0	121	0	0	0	0	0.0	0.0	0.0	0.0	0.001963	0.0	0.0	0.0	0.0	0.0	0.0	0.0	0.0	3272.91	0.0	0.0	0.0	0.0	0.0	0.0	0.0	0.0	27.0488	0.0	0.0	0.0	0.0	0	0	0	0	23	0	0	0	0	0	0	0	0	0	0	0	0	0	0	0	0	0	98	0	0	0	0	0	0	0	0	0	0	0	0	0	0	0	0	0	0	0	0	0	0	0	0	0	0	0	0	0	0	0	0.0	0.0	0.0	0.0	3.0e-6	0.0	0.0	0.0	0.0	0.0	0.0	0.0	0.0	1.0	0.0	0.0	0.0	0.0	
98	124	3457.817184839	2228.5	2228.5	0.131187	0.000489	0	0	0	0	122	0	0	0	0	0.0	0.0	0.0	0.0	0.001767	0.0	0.0	0.0	0.0	0.0	0.0	0.0	0.0	3280.78	0.0	0.0	0.0	0.0	0.0	0.0	0.0	0.0	26.8916	0.0	0.0	0.0	0.0	0	0	0	0	23	0	0	0	0	0	0	0	0	0	0	0	0	0	0	0	0	0	99	0	0	0	0	0	0	0	0	0	0	0	0	0	0	0	0	0	0	0	0	0	0	0	0	0	0	0	0	0	0	0	0.0	0.0	0.0	0.0	2.0e-6	0.0	0.0	0.0	0.0	0.0	0.0	0.0	0.0	1.0	0.0	0.0	0.0	0.0	
99	125	3464.170665339	2228.5	2228.5	0.129215	0.000435	0	0	0	0	123	0	0	0	0	0.0	0.0	0.0	0.0	0.00159	0.0	0.0	0.0	0.0	0.0	0.0	0.0	0.0	3287.13	0.0	0.0	0.0	0.0	0.0	0.0	0.0	0.0	26.7247	0.0	0.0	0.0	0.0	0	0	0	0	23	0	0	0	0	0	0	0	0	0	0	0	0	0	0	0	0	0	100	0	0	0	0	0	0	0	0	0	0	0	0	0	0	0	0	0	0	0	0	0	0	0	0	0	0	0	0	0	0	0	0.0	0.0	0.0	0.0	2.0e-6	0.0	0.0	0.0	0.0	0.0	0.0	0.0	0.0	1.0	0.0	0.0	0.0	0.0	
100	126	3477.962212469	2228.5	2228.5	0.127646	0.000396	0	0	0	0	124	0	0	0	0	0.0	0.0	0.0	0.0	0.001431	0.0	0.0	0.0	0.0	0.0	0.0	0.0	0.0	3300.92	0.0	0.0	0.0	0.0	0.0	0.0	0.0	0.0	26.6204	0.0	0.0	0.0	0.0	0	0	0	0	23	0	0	0	0	0	0	0	0	0	0	0	0	0	0	0	0	0	101	0	0	0	0	0	0	0	0	0	0	0	0	0	0	0	0	0	0	0	0	0	0	0	0	0	0	0	0	0	0	0	0.0	0.0	0.0	0.0	2.0e-6	0.0	0.0	0.0	0.0	0.0	0.0	0.0	0.0	1.0	0.0	0.0	0.0	0.0	
101	127	3483.528400365	2228.5	2228.5	0.124304	0.000321	0	0	0	0	125	0	0	0	0	0.0	0.0	0.0	0.0	0.001288	0.0	0.0	0.0	0.0	0.0	0.0	0.0	0.0	3306.49	0.0	0.0	0.0	0.0	0.0	0.0	0.0	0.0	26.4519	0.0	0.0	0.0	0.0	0	0	0	0	23	0	0	0	0	0	0	0	0	0	0	0	0	0	0	0	0	0	102	0	0	0	0	0	0	0	0	0	0	0	0	0	0	0	0	0	0	0	0	0	0	0	0	0	0	0	0	0	0	0	0.0	0.0	0.0	0.0	2.0e-6	0.0	0.0	0.0	0.0	0.0	0.0	0.0	0.0	1.0	0.0	0.0	0.0	0.0	
102	128	3499.563264539	2228.5	2228.5	0.12298	0.000294	0	0	0	0	126	0	0	0	0	0.0	0.0	0.0	0.0	0.001159	0.0	0.0	0.0	0.0	0.0	0.0	0.0	0.0	3322.52	0.0	0.0	0.0	0.0	0.0	0.0	0.0	0.0	26.3692	0.0	0.0	0.0	0.0	0	0	0	0	23	0	0	0	0	0	0	0	0	0	0	0	0	0	0	0	0	0	103	0	0	0	0	0	0	0	0	0	0	0	0	0	0	0	0	0	0	0	0	0	0	0	0	0	0	0	0	0	0	0	0.0	0.0	0.0	0.0	2.0e-6	0.0	0.0	0.0	0.0	0.0	0.0	0.0	0.0	1.0	0.0	0.0	0.0	0.0	
103	129	3506.926362675	2228.5	2228.5	0.119245	0.000228	0	0	0	0	127	0	0	0	0	0.0	0.0	0.0	0.0	0.001043	0.0	0.0	0.0	0.0	0.0	0.0	0.0	0.0	3329.89	0.0	0.0	0.0	0.0	0.0	0.0	0.0	0.0	26.2196	0.0	0.0	0.0	0.0	0	0	0	0	23	0	0	0	0	0	0	0	0	0	0	0	0	0	0	0	0	0	104	0	0	0	0	0	0	0	0	0	0	0	0	0	0	0	0	0	0	0	0	0	0	0	0	0	0	0	0	0	0	0	0.0	0.0	0.0	0.0	2.0e-6	0.0	0.0	0.0	0.0	0.0	0.0	0.0	0.0	1.0	0.0	0.0	0.0	0.0	
104	130	3556.558205226	2228.5	2228.5	0.117568	0.000202	0	0	0	0	128	0	0	0	0	0.0	0.0	0.0	0.0	0.000939	0.0	0.0	0.0	0.0	0.0	0.0	0.0	0.0	3379.52	0.0	0.0	0.0	0.0	0.0	0.0	0.0	0.0	26.4025	0.0	0.0	0.0	0.0	0	0	0	0	23	0	0	0	0	0	0	0	0	0	0	0	0	0	0	0	0	0	105	0	0	0	0	0	0	0	0	0	0	0	0	0	0	0	0	0	0	0	0	0	0	0	0	0	0	0	0	0	0	0	0.0	0.0	0.0	0.0	1.0e-6	0.0	0.0	0.0	0.0	0.0	0.0	0.0	0.0	1.0	0.0	0.0	0.0	0.0	
105	131	3561.814173875	2228.5	2228.5	0.106862	8.6e-5	0	0	0	0	129	0	0	0	0	0.0	0.0	0.0	0.0	0.000845	0.0	0.0	0.0	0.0	0.0	0.0	0.0	0.0	3384.78	0.0	0.0	0.0	0.0	0.0	0.0	0.0	0.0	26.2386	0.0	0.0	0.0	0.0	0	0	0	0	23	0	0	0	0	0	0	0	0	0	0	0	0	0	0	0	0	0	106	0	0	0	0	0	0	0	0	0	0	0	0	0	0	0	0	0	0	0	0	0	0	0	0	0	0	0	0	0	0	0	0.0	0.0	0.0	0.0	1.0e-6	0.0	0.0	0.0	0.0	0.0	0.0	0.0	0.0	1.0	0.0	0.0	0.0	0.0	
106	132	3568.948451096	2228.5	2228.5	0.105787	7.8e-5	0	0	0	0	130	0	0	0	0	0.0	0.0	0.0	0.0	0.000761	0.0	0.0	0.0	0.0	0.0	0.0	0.0	0.0	3391.91	0.0	0.0	0.0	0.0	0.0	0.0	0.0	0.0	26.0916	0.0	0.0	0.0	0.0	0	0	0	0	23	0	0	0	0	0	0	0	0	0	0	0	0	0	0	0	0	0	107	0	0	0	0	0	0	0	0	0	0	0	0	0	0	0	0	0	0	0	0	0	0	0	0	0	0	0	0	0	0	0	0.0	0.0	0.0	0.0	1.0e-6	0.0	0.0	0.0	0.0	0.0	0.0	0.0	0.0	1.0	0.0	0.0	0.0	0.0	
107	133	3748.995919195	2228.5	2228.5	0.104346	6.9e-5	0	0	0	0	131	0	0	0	0	0.0	0.0	0.0	0.0	0.000685	0.0	0.0	0.0	0.0	0.0	0.0	0.0	0.0	3571.96	0.0	0.0	0.0	0.0	0.0	0.0	0.0	0.0	27.2669	0.0	0.0	0.0	0.0	0	0	0	0	23	0	0	0	0	0	0	0	0	0	0	0	0	0	0	0	0	0	108	0	0	0	0	0	0	0	0	0	0	0	0	0	0	0	0	0	0	0	0	0	0	0	0	0	0	0	0	0	0	0	0.0	0.0	0.0	0.0	1.0e-6	0.0	0.0	0.0	0.0	0.0	0.0	0.0	0.0	1.0	0.0	0.0	0.0	0.0	
108	134	3767.315104522	2228.5	2228.5	0.073801	1.0e-6	0	0	0	0	132	0	0	0	0	0.0	0.0	0.0	0.0	0.000616	0.0	0.0	0.0	0.0	0.0	0.0	0.0	0.0	3590.28	0.0	0.0	0.0	0.0	0.0	0.0	0.0	0.0	27.1991	0.0	0.0	0.0	0.0	0	0	0	0	23	0	0	0	0	0	0	0	0	0	0	0	0	0	0	0	0	0	109	0	0	0	0	0	0	0	0	0	0	0	0	0	0	0	0	0	0	0	0	0	0	0	0	0	0	0	0	0	0	0	0.0	0.0	0.0	0.0	1.0e-6	0.0	0.0	0.0	0.0	0.0	0.0	0.0	0.0	1.0	0.0	0.0	0.0	0.0	
109	135	3778.457918652	2228.5	2228.5	0.071246	1.0e-6	0	0	0	0	133	0	0	0	0	0.0	0.0	0.0	0.0	0.000555	0.0	0.0	0.0	0.0	0.0	0.0	0.0	0.0	3601.42	0.0	0.0	0.0	0.0	0.0	0.0	0.0	0.0	27.0783	0.0	0.0	0.0	0.0	0	0	0	0	23	0	0	0	0	0	0	0	0	0	0	0	0	0	0	0	0	0	110	0	0	0	0	0	0	0	0	0	0	0	0	0	0	0	0	0	0	0	0	0	0	0	0	0	0	0	0	0	0	0	0.0	0.0	0.0	0.0	1.0e-6	0.0	0.0	0.0	0.0	0.0	0.0	0.0	0.0	1.0	0.0	0.0	0.0	0.0	
110	136	3788.71172043	2228.5	2228.5	0.069735	1.0e-6	0	0	0	0	134	0	0	0	0	0.0	0.0	0.0	0.0	0.000499	0.0	0.0	0.0	0.0	0.0	0.0	0.0	0.0	3611.67	0.0	0.0	0.0	0.0	0.0	0.0	0.0	0.0	26.9528	0.0	0.0	0.0	0.0	0	0	0	0	23	0	0	0	0	0	0	0	0	0	0	0	0	0	0	0	0	0	111	0	0	0	0	0	0	0	0	0	0	0	0	0	0	0	0	0	0	0	0	0	0	0	0	0	0	0	0	0	0	0	0.0	0.0	0.0	0.0	1.0e-6	0.0	0.0	0.0	0.0	0.0	0.0	0.0	0.0	1.0	0.0	0.0	0.0	0.0	
111	137	3797.534822385	2228.5	2228.5	0.068373	0.0	0	0	0	0	135	0	0	0	0	0.0	0.0	0.0	0.0	0.000449	0.0	0.0	0.0	0.0	0.0	0.0	0.0	0.0	3620.5	0.0	0.0	0.0	0.0	0.0	0.0	0.0	0.0	26.8185	0.0	0.0	0.0	0.0	0	0	0	0	23	0	0	0	0	0	0	0	0	0	0	0	0	0	0	0	0	0	112	0	0	0	0	0	0	0	0	0	0	0	0	0	0	0	0	0	0	0	0	0	0	0	0	0	0	0	0	0	0	0	0.0	0.0	0.0	0.0	1.0e-6	0.0	0.0	0.0	0.0	0.0	0.0	0.0	0.0	1.0	0.0	0.0	0.0	0.0	
112	138	3808.554547441	2228.5	2228.5	0.067222	0.0	0	0	0	0	136	0	0	0	0	0.0	0.0	0.0	0.0	0.000404	0.0	0.0	0.0	0.0	0.0	0.0	0.0	0.0	3631.52	0.0	0.0	0.0	0.0	0.0	0.0	0.0	0.0	26.7023	0.0	0.0	0.0	0.0	0	0	0	0	23	0	0	0	0	0	0	0	0	0	0	0	0	0	0	0	0	0	113	0	0	0	0	0	0	0	0	0	0	0	0	0	0	0	0	0	0	0	0	0	0	0	0	0	0	0	0	0	0	0	0.0	0.0	0.0	0.0	1.0e-6	0.0	0.0	0.0	0.0	0.0	0.0	0.0	0.0	1.0	0.0	0.0	0.0	0.0	
113	139	3837.493125688	2228.5	2228.5	0.065812	0.0	0	0	0	0	137	0	0	0	0	0.0	0.0	0.0	0.0	0.000364	0.0	0.0	0.0	0.0	0.0	0.0	0.0	0.0	3660.45	0.0	0.0	0.0	0.0	0.0	0.0	0.0	0.0	26.7186	0.0	0.0	0.0	0.0	0	0	0	0	23	0	0	0	0	0	0	0	0	0	0	0	0	0	0	0	0	0	114	0	0	0	0	0	0	0	0	0	0	0	0	0	0	0	0	0	0	0	0	0	0	0	0	0	0	0	0	0	0	0	0.0	0.0	0.0	0.0	1.0e-6	0.0	0.0	0.0	0.0	0.0	0.0	0.0	0.0	1.0	0.0	0.0	0.0	0.0	
114	141	3851.663919861	2228.5	2228.5	0.062193	0.0	0	0	0	0	139	0	0	0	0	0.0	0.0	0.0	0.0	0.000295	0.0	0.0	0.0	0.0	0.0	0.0	0.0	0.0	3674.63	0.0	0.0	0.0	0.0	0.0	0.0	0.0	0.0	26.4362	0.0	0.0	0.0	0.0	0	0	0	0	23	0	0	0	0	0	0	0	0	0	0	0	0	0	0	0	0	0	116	0	0	0	0	0	0	0	0	0	0	0	0	0	0	0	0	0	0	0	0	0	0	0	0	0	0	0	0	0	0	0	0.0	0.0	0.0	0.0	0.0	0.0	0.0	0.0	0.0	0.0	0.0	0.0	0.0	1.0	0.0	0.0	0.0	0.0	
115	142	3857.246465115	2228.5	2228.5	0.060575	0.0	0	0	0	0	140	0	0	0	0	0.0	0.0	0.0	0.0	0.000265	0.0	0.0	0.0	0.0	0.0	0.0	0.0	0.0	3680.21	0.0	0.0	0.0	0.0	0.0	0.0	0.0	0.0	26.2872	0.0	0.0	0.0	0.0	0	0	0	0	23	0	0	0	0	0	0	0	0	0	0	0	0	0	0	0	0	0	117	0	0	0	0	0	0	0	0	0	0	0	0	0	0	0	0	0	0	0	0	0	0	0	0	0	0	0	0	0	0	0	0.0	0.0	0.0	0.0	0.0	0.0	0.0	0.0	0.0	0.0	0.0	0.0	0.0	1.0	0.0	0.0	0.0	0.0	
116	143	3884.944240966	2228.5	2228.5	0.059928	0.0	0	0	0	0	141	0	0	0	0	0.0	0.0	0.0	0.0	0.000239	0.0	0.0	0.0	0.0	0.0	0.0	0.0	0.0	3707.91	0.0	0.0	0.0	0.0	0.0	0.0	0.0	0.0	26.2972	0.0	0.0	0.0	0.0	0	0	0	0	23	0	0	0	0	0	0	0	0	0	0	0	0	0	0	0	0	0	118	0	0	0	0	0	0	0	0	0	0	0	0	0	0	0	0	0	0	0	0	0	0	0	0	0	0	0	0	0	0	0	0.0	0.0	0.0	0.0	0.0	0.0	0.0	0.0	0.0	0.0	0.0	0.0	0.0	1.0	0.0	0.0	0.0	0.0	
117	144	3893.492320069	2228.5	2228.5	0.056818	0.0	0	0	0	0	142	0	0	0	0	0.0	0.0	0.0	0.0	0.000215	0.0	0.0	0.0	0.0	0.0	0.0	0.0	0.0	3716.45	0.0	0.0	0.0	0.0	0.0	0.0	0.0	0.0	26.1722	0.0	0.0	0.0	0.0	0	0	0	0	23	0	0	0	0	0	0	0	0	0	0	0	0	0	0	0	0	0	119	0	0	0	0	0	0	0	0	0	0	0	0	0	0	0	0	0	0	0	0	0	0	0	0	0	0	0	0	0	0	0	0.0	0.0	0.0	0.0	0.0	0.0	0.0	0.0	0.0	0.0	0.0	0.0	0.0	1.0	0.0	0.0	0.0	0.0	
118	146	3899.997487863	2228.5	2228.5	0.055846	0.0	0	0	0	0	144	0	0	0	0	0.0	0.0	0.0	0.0	0.000174	0.0	0.0	0.0	0.0	0.0	0.0	0.0	0.0	3722.96	0.0	0.0	0.0	0.0	0.0	0.0	0.0	0.0	25.8539	0.0	0.0	0.0	0.0	0	0	0	0	23	0	0	0	0	0	0	0	0	0	0	0	0	0	0	0	0	0	121	0	0	0	0	0	0	0	0	0	0	0	0	0	0	0	0	0	0	0	0	0	0	0	0	0	0	0	0	0	0	0	0.0	0.0	0.0	0.0	0.0	0.0	0.0	0.0	0.0	0.0	0.0	0.0	0.0	1.0	0.0	0.0	0.0	0.0	
119	147	3911.239060954	2228.5	2228.5	0.055197	0.0	0	0	0	0	145	0	0	0	0	0.0	0.0	0.0	0.0	0.000157	0.0	0.0	0.0	0.0	0.0	0.0	0.0	0.0	3734.2	0.0	0.0	0.0	0.0	0.0	0.0	0.0	0.0	25.7531	0.0	0.0	0.0	0.0	0	0	0	0	23	0	0	0	0	0	0	0	0	0	0	0	0	0	0	0	0	0	122	0	0	0	0	0	0	0	0	0	0	0	0	0	0	0	0	0	0	0	0	0	0	0	0	0	0	0	0	0	0	0	0.0	0.0	0.0	0.0	0.0	0.0	0.0	0.0	0.0	0.0	0.0	0.0	0.0	1.0	0.0	0.0	0.0	0.0	
120	149	3915.555024624	2228.5	2228.5	0.053971	0.0	0	0	0	0	147	0	0	0	0	0.0	0.0	0.0	0.0	0.000127	0.0	0.0	0.0	0.0	0.0	0.0	0.0	0.0	3738.52	0.0	0.0	0.0	0.0	0.0	0.0	0.0	0.0	25.4321	0.0	0.0	0.0	0.0	0	0	0	0	23	0	0	0	0	0	0	0	0	0	0	0	0	0	0	0	0	0	124	0	0	0	0	0	0	0	0	0	0	0	0	0	0	0	0	0	0	0	0	0	0	0	0	0	0	0	0	0	0	0	0.0	0.0	0.0	0.0	0.0	0.0	0.0	0.0	0.0	0.0	0.0	0.0	0.0	1.0	0.0	0.0	0.0	0.0	
121	150	3934.230658477	2228.5	2228.5	0.053569	0.0	0	0	0	0	148	0	0	0	0	0.0	0.0	0.0	0.0	0.000114	0.0	0.0	0.0	0.0	0.0	0.0	0.0	0.0	3757.19	0.0	0.0	0.0	0.0	0.0	0.0	0.0	0.0	25.3864	0.0	0.0	0.0	0.0	0	0	0	0	23	0	0	0	0	0	0	0	0	0	0	0	0	0	0	0	0	0	125	0	0	0	0	0	0	0	0	0	0	0	0	0	0	0	0	0	0	0	0	0	0	0	0	0	0	0	0	0	0	0	0.0	0.0	0.0	0.0	0.0	0.0	0.0	0.0	0.0	0.0	0.0	0.0	0.0	1.0	0.0	0.0	0.0	0.0	
122	151	3951.397161439	2228.5	2228.5	0.051679	0.0	0	0	0	0	149	0	0	0	0	0.0	0.0	0.0	0.0	0.000103	0.0	0.0	0.0	0.0	0.0	0.0	0.0	0.0	3774.36	0.0	0.0	0.0	0.0	0.0	0.0	0.0	0.0	25.3313	0.0	0.0	0.0	0.0	0	0	0	0	23	0	0	0	0	0	0	0	0	0	0	0	0	0	0	0	0	0	126	0	0	0	0	0	0	0	0	0	0	0	0	0	0	0	0	0	0	0	0	0	0	0	0	0	0	0	0	0	0	0	0.0	0.0	0.0	0.0	0.0	0.0	0.0	0.0	0.0	0.0	0.0	0.0	0.0	1.0	0.0	0.0	0.0	0.0	
123	153	3960.906685212	2228.5	2228.5	0.049959	0.0	0	0	0	0	151	0	0	0	0	0.0	0.0	0.0	0.0	8.3e-5	0.0	0.0	0.0	0.0	0.0	0.0	0.0	0.0	3783.87	0.0	0.0	0.0	0.0	0.0	0.0	0.0	0.0	25.0587	0.0	0.0	0.0	0.0	0	0	0	0	23	0	0	0	0	0	0	0	0	0	0	0	0	0	0	0	0	0	128	0	0	0	0	0	0	0	0	0	0	0	0	0	0	0	0	0	0	0	0	0	0	0	0	0	0	0	0	0	0	0	0.0	0.0	0.0	0.0	0.0	0.0	0.0	0.0	0.0	0.0	0.0	0.0	0.0	1.0	0.0	0.0	0.0	0.0	
124	154	3982.514090113	2228.5	2228.5	0.049094	0.0	0	0	0	0	152	0	0	0	0	0.0	0.0	0.0	0.0	7.5e-5	0.0	0.0	0.0	0.0	0.0	0.0	0.0	0.0	3805.48	0.0	0.0	0.0	0.0	0.0	0.0	0.0	0.0	25.036	0.0	0.0	0.0	0.0	0	0	0	0	23	0	0	0	0	0	0	0	0	0	0	0	0	0	0	0	0	0	129	0	0	0	0	0	0	0	0	0	0	0	0	0	0	0	0	0	0	0	0	0	0	0	0	0	0	0	0	0	0	0	0.0	0.0	0.0	0.0	0.0	0.0	0.0	0.0	0.0	0.0	0.0	0.0	0.0	1.0	0.0	0.0	0.0	0.0	
125	155	3992.197281167	2228.5	2228.5	0.047095	0.0	0	0	0	0	153	0	0	0	0	0.0	0.0	0.0	0.0	6.7e-5	0.0	0.0	0.0	0.0	0.0	0.0	0.0	0.0	3815.16	0.0	0.0	0.0	0.0	0.0	0.0	0.0	0.0	24.9357	0.0	0.0	0.0	0.0	0	0	0	0	23	0	0	0	0	0	0	0	0	0	0	0	0	0	0	0	0	0	130	0	0	0	0	0	0	0	0	0	0	0	0	0	0	0	0	0	0	0	0	0	0	0	0	0	0	0	0	0	0	0	0.0	0.0	0.0	0.0	0.0	0.0	0.0	0.0	0.0	0.0	0.0	0.0	0.0	1.0	0.0	0.0	0.0	0.0	
126	156	4007.941543834	2228.5	2228.5	0.046226	0.0	0	0	0	0	154	0	0	0	0	0.0	0.0	0.0	0.0	6.1e-5	0.0	0.0	0.0	0.0	0.0	0.0	0.0	0.0	3830.9	0.0	0.0	0.0	0.0	0.0	0.0	0.0	0.0	24.876	0.0	0.0	0.0	0.0	0	0	0	0	23	0	0	0	0	0	0	0	0	0	0	0	0	0	0	0	0	0	131	0	0	0	0	0	0	0	0	0	0	0	0	0	0	0	0	0	0	0	0	0	0	0	0	0	0	0	0	0	0	0	0.0	0.0	0.0	0.0	0.0	0.0	0.0	0.0	0.0	0.0	0.0	0.0	0.0	1.0	0.0	0.0	0.0	0.0	
127	157	4023.176240936	2228.5	2228.5	0.044847	0.0	0	0	0	0	155	0	0	0	0	0.0	0.0	0.0	0.0	5.5e-5	0.0	0.0	0.0	0.0	0.0	0.0	0.0	0.0	3846.14	0.0	0.0	0.0	0.0	0.0	0.0	0.0	0.0	24.8138	0.0	0.0	0.0	0.0	0	0	0	0	23	0	0	0	0	0	0	0	0	0	0	0	0	0	0	0	0	0	132	0	0	0	0	0	0	0	0	0	0	0	0	0	0	0	0	0	0	0	0	0	0	0	0	0	0	0	0	0	0	0	0.0	0.0	0.0	0.0	0.0	0.0	0.0	0.0	0.0	0.0	0.0	0.0	0.0	1.0	0.0	0.0	0.0	0.0	
128	158	4029.649480828	2228.5	2228.5	0.043552	0.0	0	0	0	0	156	0	0	0	0	0.0	0.0	0.0	0.0	4.9e-5	0.0	0.0	0.0	0.0	0.0	0.0	0.0	0.0	3852.61	0.0	0.0	0.0	0.0	0.0	0.0	0.0	0.0	24.6962	0.0	0.0	0.0	0.0	0	0	0	0	23	0	0	0	0	0	0	0	0	0	0	0	0	0	0	0	0	0	133	0	0	0	0	0	0	0	0	0	0	0	0	0	0	0	0	0	0	0	0	0	0	0	0	0	0	0	0	0	0	0	0.0	0.0	0.0	0.0	0.0	0.0	0.0	0.0	0.0	0.0	0.0	0.0	0.0	1.0	0.0	0.0	0.0	0.0	
129	159	4058.766810779	2228.5	2228.5	0.043013	0.0	0	0	0	0	157	0	0	0	0	0.0	0.0	0.0	0.0	4.4e-5	0.0	0.0	0.0	0.0	0.0	0.0	0.0	0.0	3881.73	0.0	0.0	0.0	0.0	0.0	0.0	0.0	0.0	24.7244	0.0	0.0	0.0	0.0	0	0	0	0	23	0	0	0	0	0	0	0	0	0	0	0	0	0	0	0	0	0	134	0	0	0	0	0	0	0	0	0	0	0	0	0	0	0	0	0	0	0	0	0	0	0	0	0	0	0	0	0	0	0	0.0	0.0	0.0	0.0	0.0	0.0	0.0	0.0	0.0	0.0	0.0	0.0	0.0	1.0	0.0	0.0	0.0	0.0	
130	160	4079.79024442	2228.5	2228.5	0.04067	0.0	0	0	0	0	158	0	0	0	0	0.0	0.0	0.0	0.0	4.0e-5	0.0	0.0	0.0	0.0	0.0	0.0	0.0	0.0	3902.75	0.0	0.0	0.0	0.0	0.0	0.0	0.0	0.0	24.701	0.0	0.0	0.0	0.0	0	0	0	0	23	0	0	0	0	0	0	0	0	0	0	0	0	0	0	0	0	0	135	0	0	0	0	0	0	0	0	0	0	0	0	0	0	0	0	0	0	0	0	0	0	0	0	0	0	0	0	0	0	0	0.0	0.0	0.0	0.0	0.0	0.0	0.0	0.0	0.0	0.0	0.0	0.0	0.0	1.0	0.0	0.0	0.0	0.0	
131	163	4081.122747051	2228.5	2228.5	0.038991	0.0	0	0	0	0	161	0	0	0	0	0.0	0.0	0.0	0.0	2.9e-5	0.0	0.0	0.0	0.0	0.0	0.0	0.0	0.0	3904.08	0.0	0.0	0.0	0.0	0.0	0.0	0.0	0.0	24.249	0.0	0.0	0.0	0.0	0	0	0	0	23	0	0	0	0	0	0	0	0	0	0	0	0	0	0	0	0	0	138	0	0	0	0	0	0	0	0	0	0	0	0	0	0	0	0	0	0	0	0	0	0	0	0	0	0	0	0	0	0	0	0.0	0.0	0.0	0.0	0.0	0.0	0.0	0.0	0.0	0.0	0.0	0.0	0.0	1.0	0.0	0.0	0.0	0.0	
132	164	4091.925230084	2228.5	2228.5	0.038958	0.0	0	0	0	0	162	0	0	0	0	0.0	0.0	0.0	0.0	2.6e-5	0.0	0.0	0.0	0.0	0.0	0.0	0.0	0.0	3914.89	0.0	0.0	0.0	0.0	0.0	0.0	0.0	0.0	24.166	0.0	0.0	0.0	0.0	0	0	0	0	23	0	0	0	0	0	0	0	0	0	0	0	0	0	0	0	0	0	139	0	0	0	0	0	0	0	0	0	0	0	0	0	0	0	0	0	0	0	0	0	0	0	0	0	0	0	0	0	0	0	0.0	0.0	0.0	0.0	0.0	0.0	0.0	0.0	0.0	0.0	0.0	0.0	0.0	1.0	0.0	0.0	0.0	0.0	
133	165	4098.388123408	2228.5	2228.5	0.038157	0.0	0	0	0	0	163	0	0	0	0	0.0	0.0	0.0	0.0	2.4e-5	0.0	0.0	0.0	0.0	0.0	0.0	0.0	0.0	3921.35	0.0	0.0	0.0	0.0	0.0	0.0	0.0	0.0	24.0574	0.0	0.0	0.0	0.0	0	0	0	0	23	0	0	0	0	0	0	0	0	0	0	0	0	0	0	0	0	0	140	0	0	0	0	0	0	0	0	0	0	0	0	0	0	0	0	0	0	0	0	0	0	0	0	0	0	0	0	0	0	0	0.0	0.0	0.0	0.0	0.0	0.0	0.0	0.0	0.0	0.0	0.0	0.0	0.0	1.0	0.0	0.0	0.0	0.0	
134	166	4108.863463585	2228.5	2228.5	0.037686	0.0	0	0	0	0	164	0	0	0	0	0.0	0.0	0.0	0.0	2.1e-5	0.0	0.0	0.0	0.0	0.0	0.0	0.0	0.0	3931.82	0.0	0.0	0.0	0.0	0.0	0.0	0.0	0.0	23.9745	0.0	0.0	0.0	0.0	0	0	0	0	23	0	0	0	0	0	0	0	0	0	0	0	0	0	0	0	0	0	141	0	0	0	0	0	0	0	0	0	0	0	0	0	0	0	0	0	0	0	0	0	0	0	0	0	0	0	0	0	0	0	0.0	0.0	0.0	0.0	0.0	0.0	0.0	0.0	0.0	0.0	0.0	0.0	0.0	1.0	0.0	0.0	0.0	0.0	
135	167	4177.826460399	2228.5	2228.5	0.036934	0.0	0	0	0	0	165	0	0	0	0	0.0	0.0	0.0	0.0	1.9e-5	0.0	0.0	0.0	0.0	0.0	0.0	0.0	0.0	4000.79	0.0	0.0	0.0	0.0	0.0	0.0	0.0	0.0	24.2472	0.0	0.0	0.0	0.0	0	0	0	0	23	0	0	0	0	0	0	0	0	0	0	0	0	0	0	0	0	0	142	0	0	0	0	0	0	0	0	0	0	0	0	0	0	0	0	0	0	0	0	0	0	0	0	0	0	0	0	0	0	0	0.0	0.0	0.0	0.0	0.0	0.0	0.0	0.0	0.0	0.0	0.0	0.0	0.0	1.0	0.0	0.0	0.0	0.0	
136	168	4271.192459247	2228.5	2228.5	0.032345	0.0	0	0	0	0	166	0	0	0	0	0.0	0.0	0.0	0.0	1.7e-5	0.0	0.0	0.0	0.0	0.0	0.0	0.0	0.0	4094.15	0.0	0.0	0.0	0.0	0.0	0.0	0.0	0.0	24.6636	0.0	0.0	0.0	0.0	0	0	0	0	23	0	0	0	0	0	0	0	0	0	0	0	0	0	0	0	0	0	143	0	0	0	0	0	0	0	0	0	0	0	0	0	0	0	0	0	0	0	0	0	0	0	0	0	0	0	0	0	0	0	0.0	0.0	0.0	0.0	0.0	0.0	0.0	0.0	0.0	0.0	0.0	0.0	0.0	1.0	0.0	0.0	0.0	0.0	
137	169	4279.908024049	2228.5	2228.5	0.027028	0.0	0	0	0	0	167	0	0	0	0	0.0	0.0	0.0	0.0	1.5e-5	0.0	0.0	0.0	0.0	0.0	0.0	0.0	0.0	4102.87	0.0	0.0	0.0	0.0	0.0	0.0	0.0	0.0	24.5681	0.0	0.0	0.0	0.0	0	0	0	0	23	0	0	0	0	0	0	0	0	0	0	0	0	0	0	0	0	0	144	0	0	0	0	0	0	0	0	0	0	0	0	0	0	0	0	0	0	0	0	0	0	0	0	0	0	0	0	0	0	0	0.0	0.0	0.0	0.0	0.0	0.0	0.0	0.0	0.0	0.0	0.0	0.0	0.0	1.0	0.0	0.0	0.0	0.0	
138	171	4287.079036938	2228.5	2228.5	0.026556	0.0	0	0	0	0	169	0	0	0	0	0.0	0.0	0.0	0.0	1.3e-5	0.0	0.0	0.0	0.0	0.0	0.0	0.0	0.0	4110.04	0.0	0.0	0.0	0.0	0.0	0.0	0.0	0.0	24.3198	0.0	0.0	0.0	0.0	0	0	0	0	23	0	0	0	0	0	0	0	0	0	0	0	0	0	0	0	0	0	146	0	0	0	0	0	0	0	0	0	0	0	0	0	0	0	0	0	0	0	0	0	0	0	0	0	0	0	0	0	0	0	0.0	0.0	0.0	0.0	0.0	0.0	0.0	0.0	0.0	0.0	0.0	0.0	0.0	1.0	0.0	0.0	0.0	0.0	
139	172	4316.243891093	2228.5	2228.5	0.026215	0.0	0	0	0	0	170	0	0	0	0	0.0	0.0	0.0	0.0	1.1e-5	0.0	0.0	0.0	0.0	0.0	0.0	0.0	0.0	4139.2	0.0	0.0	0.0	0.0	0.0	0.0	0.0	0.0	24.3483	0.0	0.0	0.0	0.0	0	0	0	0	23	0	0	0	0	0	0	0	0	0	0	0	0	0	0	0	0	0	147	0	0	0	0	0	0	0	0	0	0	0	0	0	0	0	0	0	0	0	0	0	0	0	0	0	0	0	0	0	0	0	0.0	0.0	0.0	0.0	0.0	0.0	0.0	0.0	0.0	0.0	0.0	0.0	0.0	1.0	0.0	0.0	0.0	0.0	
140	173	4327.287419138	2228.5	2228.5	0.024784	0.0	0	0	0	0	171	0	0	0	0	0.0	0.0	0.0	0.0	1.0e-5	0.0	0.0	0.0	0.0	0.0	0.0	0.0	0.0	4150.25	0.0	0.0	0.0	0.0	0.0	0.0	0.0	0.0	24.2705	0.0	0.0	0.0	0.0	0	0	0	0	23	0	0	0	0	0	0	0	0	0	0	0	0	0	0	0	0	0	148	0	0	0	0	0	0	0	0	0	0	0	0	0	0	0	0	0	0	0	0	0	0	0	0	0	0	0	0	0	0	0	0.0	0.0	0.0	0.0	0.0	0.0	0.0	0.0	0.0	0.0	0.0	0.0	0.0	1.0	0.0	0.0	0.0	0.0	
141	174	4338.653307628	2228.5	2228.5	0.024263	0.0	0	0	0	0	172	0	0	0	0	0.0	0.0	0.0	0.0	9.0e-6	0.0	0.0	0.0	0.0	0.0	0.0	0.0	0.0	4161.61	0.0	0.0	0.0	0.0	0.0	0.0	0.0	0.0	24.1954	0.0	0.0	0.0	0.0	0	0	0	0	23	0	0	0	0	0	0	0	0	0	0	0	0	0	0	0	0	0	149	0	0	0	0	0	0	0	0	0	0	0	0	0	0	0	0	0	0	0	0	0	0	0	0	0	0	0	0	0	0	0	0.0	0.0	0.0	0.0	0.0	0.0	0.0	0.0	0.0	0.0	0.0	0.0	0.0	1.0	0.0	0.0	0.0	0.0	
142	175	4365.844867208	2228.5	2228.5	0.023739	0.0	0	0	0	0	173	0	0	0	0	0.0	0.0	0.0	0.0	8.0e-6	0.0	0.0	0.0	0.0	0.0	0.0	0.0	0.0	4188.81	0.0	0.0	0.0	0.0	0.0	0.0	0.0	0.0	24.2127	0.0	0.0	0.0	0.0	0	0	0	0	23	0	0	0	0	0	0	0	0	0	0	0	0	0	0	0	0	0	150	0	0	0	0	0	0	0	0	0	0	0	0	0	0	0	0	0	0	0	0	0	0	0	0	0	0	0	0	0	0	0	0.0	0.0	0.0	0.0	0.0	0.0	0.0	0.0	0.0	0.0	0.0	0.0	0.0	1.0	0.0	0.0	0.0	0.0	
143	176	4398.743376952	2228.5	2228.5	0.022529	0.0	0	0	0	0	174	0	0	0	0	0.0	0.0	0.0	0.0	7.0e-6	0.0	0.0	0.0	0.0	0.0	0.0	0.0	0.0	4221.7	0.0	0.0	0.0	0.0	0.0	0.0	0.0	0.0	24.2627	0.0	0.0	0.0	0.0	0	0	0	0	23	0	0	0	0	0	0	0	0	0	0	0	0	0	0	0	0	0	151	0	0	0	0	0	0	0	0	0	0	0	0	0	0	0	0	0	0	0	0	0	0	0	0	0	0	0	0	0	0	0	0.0	0.0	0.0	0.0	0.0	0.0	0.0	0.0	0.0	0.0	0.0	0.0	0.0	1.0	0.0	0.0	0.0	0.0	
144	177	4410.210219137	2228.5	2228.5	0.021147	0.0	0	0	0	0	175	0	0	0	0	0.0	0.0	0.0	0.0	7.0e-6	0.0	0.0	0.0	0.0	0.0	0.0	0.0	0.0	4233.17	0.0	0.0	0.0	0.0	0.0	0.0	0.0	0.0	24.1895	0.0	0.0	0.0	0.0	0	0	0	0	23	0	0	0	0	0	0	0	0	0	0	0	0	0	0	0	0	0	152	0	0	0	0	0	0	0	0	0	0	0	0	0	0	0	0	0	0	0	0	0	0	0	0	0	0	0	0	0	0	0	0.0	0.0	0.0	0.0	0.0	0.0	0.0	0.0	0.0	0.0	0.0	0.0	0.0	1.0	0.0	0.0	0.0	0.0	
145	178	4431.823691595	2228.5	2228.5	0.020686	0.0	0	0	0	0	176	0	0	0	0	0.0	0.0	0.0	0.0	6.0e-6	0.0	0.0	0.0	0.0	0.0	0.0	0.0	0.0	4254.78	0.0	0.0	0.0	0.0	0.0	0.0	0.0	0.0	24.1749	0.0	0.0	0.0	0.0	0	0	0	0	23	0	0	0	0	0	0	0	0	0	0	0	0	0	0	0	0	0	153	0	0	0	0	0	0	0	0	0	0	0	0	0	0	0	0	0	0	0	0	0	0	0	0	0	0	0	0	0	0	0	0.0	0.0	0.0	0.0	0.0	0.0	0.0	0.0	0.0	0.0	0.0	0.0	0.0	1.0	0.0	0.0	0.0	0.0	
146	179	4468.446107309	2228.5	2228.5	0.019844	0.0	0	0	0	0	177	0	0	0	0	0.0	0.0	0.0	0.0	5.0e-6	0.0	0.0	0.0	0.0	0.0	0.0	0.0	0.0	4291.41	0.0	0.0	0.0	0.0	0.0	0.0	0.0	0.0	24.2452	0.0	0.0	0.0	0.0	0	0	0	0	23	0	0	0	0	0	0	0	0	0	0	0	0	0	0	0	0	0	154	0	0	0	0	0	0	0	0	0	0	0	0	0	0	0	0	0	0	0	0	0	0	0	0	0	0	0	0	0	0	0	0.0	0.0	0.0	0.0	0.0	0.0	0.0	0.0	0.0	0.0	0.0	0.0	0.0	1.0	0.0	0.0	0.0	0.0	
147	180	4472.477502945	2228.5	2228.5	0.018494	0.0	0	0	0	0	178	0	0	0	0	0.0	0.0	0.0	0.0	5.0e-6	0.0	0.0	0.0	0.0	0.0	0.0	0.0	0.0	4295.44	0.0	0.0	0.0	0.0	0.0	0.0	0.0	0.0	24.1317	0.0	0.0	0.0	0.0	0	0	0	0	23	0	0	0	0	0	0	0	0	0	0	0	0	0	0	0	0	0	155	0	0	0	0	0	0	0	0	0	0	0	0	0	0	0	0	0	0	0	0	0	0	0	0	0	0	0	0	0	0	0	0.0	0.0	0.0	0.0	0.0	0.0	0.0	0.0	0.0	0.0	0.0	0.0	0.0	1.0	0.0	0.0	0.0	0.0	
148	181	4500.653374766	2228.5	2228.5	0.018351	0.0	0	0	0	0	179	0	0	0	0	0.0	0.0	0.0	0.0	4.0e-6	0.0	0.0	0.0	0.0	0.0	0.0	0.0	0.0	4323.61	0.0	0.0	0.0	0.0	0.0	0.0	0.0	0.0	24.1543	0.0	0.0	0.0	0.0	0	0	0	0	23	0	0	0	0	0	0	0	0	0	0	0	0	0	0	0	0	0	156	0	0	0	0	0	0	0	0	0	0	0	0	0	0	0	0	0	0	0	0	0	0	0	0	0	0	0	0	0	0	0	0.0	0.0	0.0	0.0	0.0	0.0	0.0	0.0	0.0	0.0	0.0	0.0	0.0	1.0	0.0	0.0	0.0	0.0	
149	182	4509.948827673	2228.5	2228.5	0.017383	0.0	0	0	0	0	180	0	0	0	0	0.0	0.0	0.0	0.0	4.0e-6	0.0	0.0	0.0	0.0	0.0	0.0	0.0	0.0	4332.91	0.0	0.0	0.0	0.0	0.0	0.0	0.0	0.0	24.0717	0.0	0.0	0.0	0.0	0	0	0	0	23	0	0	0	0	0	0	0	0	0	0	0	0	0	0	0	0	0	157	0	0	0	0	0	0	0	0	0	0	0	0	0	0	0	0	0	0	0	0	0	0	0	0	0	0	0	0	0	0	0	0.0	0.0	0.0	0.0	0.0	0.0	0.0	0.0	0.0	0.0	0.0	0.0	0.0	1.0	0.0	0.0	0.0	0.0	
150	183	4589.547371223	2228.5	2228.5	0.017075	0.0	0	0	0	0	181	0	0	0	0	0.0	0.0	0.0	0.0	4.0e-6	0.0	0.0	0.0	0.0	0.0	0.0	0.0	0.0	4412.51	0.0	0.0	0.0	0.0	0.0	0.0	0.0	0.0	24.3785	0.0	0.0	0.0	0.0	0	0	0	0	23	0	0	0	0	0	0	0	0	0	0	0	0	0	0	0	0	0	158	0	0	0	0	0	0	0	0	0	0	0	0	0	0	0	0	0	0	0	0	0	0	0	0	0	0	0	0	0	0	0	0.0	0.0	0.0	0.0	0.0	0.0	0.0	0.0	0.0	0.0	0.0	0.0	0.0	1.0	0.0	0.0	0.0	0.0	
151	184	4597.594421097	2228.5	2228.5	0.014651	0.0	0	0	0	0	182	0	0	0	0	0.0	0.0	0.0	0.0	3.0e-6	0.0	0.0	0.0	0.0	0.0	0.0	0.0	0.0	4420.55	0.0	0.0	0.0	0.0	0.0	0.0	0.0	0.0	24.2888	0.0	0.0	0.0	0.0	0	0	0	0	23	0	0	0	0	0	0	0	0	0	0	0	0	0	0	0	0	0	159	0	0	0	0	0	0	0	0	0	0	0	0	0	0	0	0	0	0	0	0	0	0	0	0	0	0	0	0	0	0	0	0.0	0.0	0.0	0.0	0.0	0.0	0.0	0.0	0.0	0.0	0.0	0.0	0.0	1.0	0.0	0.0	0.0	0.0	
152	185	4608.831226177	2228.5	2228.5	0.014426	0.0	0	0	0	0	183	0	0	0	0	0.0	0.0	0.0	0.0	3.0e-6	0.0	0.0	0.0	0.0	0.0	0.0	0.0	0.0	4431.79	0.0	0.0	0.0	0.0	0.0	0.0	0.0	0.0	24.2174	0.0	0.0	0.0	0.0	0	0	0	0	23	0	0	0	0	0	0	0	0	0	0	0	0	0	0	0	0	0	160	0	0	0	0	0	0	0	0	0	0	0	0	0	0	0	0	0	0	0	0	0	0	0	0	0	0	0	0	0	0	0	0.0	0.0	0.0	0.0	0.0	0.0	0.0	0.0	0.0	0.0	0.0	0.0	0.0	1.0	0.0	0.0	0.0	0.0	
153	186	4627.485926257	2228.5	2228.5	0.014117	0.0	0	0	0	0	184	0	0	0	0	0.0	0.0	0.0	0.0	3.0e-6	0.0	0.0	0.0	0.0	0.0	0.0	0.0	0.0	4450.45	0.0	0.0	0.0	0.0	0.0	0.0	0.0	0.0	24.1872	0.0	0.0	0.0	0.0	0	0	0	0	23	0	0	0	0	0	0	0	0	0	0	0	0	0	0	0	0	0	161	0	0	0	0	0	0	0	0	0	0	0	0	0	0	0	0	0	0	0	0	0	0	0	0	0	0	0	0	0	0	0	0.0	0.0	0.0	0.0	0.0	0.0	0.0	0.0	0.0	0.0	0.0	0.0	0.0	1.0	0.0	0.0	0.0	0.0	
154	187	4707.672620167	2228.5	2228.5	0.01362	0.0	0	0	0	0	185	0	0	0	0	0.0	0.0	0.0	0.0	2.0e-6	0.0	0.0	0.0	0.0	0.0	0.0	0.0	0.0	4530.63	0.0	0.0	0.0	0.0	0.0	0.0	0.0	0.0	24.4899	0.0	0.0	0.0	0.0	0	0	0	0	23	0	0	0	0	0	0	0	0	0	0	0	0	0	0	0	0	0	162	0	0	0	0	0	0	0	0	0	0	0	0	0	0	0	0	0	0	0	0	0	0	0	0	0	0	0	0	0	0	0	0.0	0.0	0.0	0.0	0.0	0.0	0.0	0.0	0.0	0.0	0.0	0.0	0.0	1.0	0.0	0.0	0.0	0.0	
155	188	4713.410532323	2228.5	2228.5	0.011673	0.0	0	0	0	0	186	0	0	0	0	0.0	0.0	0.0	0.0	2.0e-6	0.0	0.0	0.0	0.0	0.0	0.0	0.0	0.0	4536.37	0.0	0.0	0.0	0.0	0.0	0.0	0.0	0.0	24.3891	0.0	0.0	0.0	0.0	0	0	0	0	23	0	0	0	0	0	0	0	0	0	0	0	0	0	0	0	0	0	163	0	0	0	0	0	0	0	0	0	0	0	0	0	0	0	0	0	0	0	0	0	0	0	0	0	0	0	0	0	0	0	0.0	0.0	0.0	0.0	0.0	0.0	0.0	0.0	0.0	0.0	0.0	0.0	0.0	1.0	0.0	0.0	0.0	0.0	
156	189	4719.09441809	2228.5	2228.5	0.011545	0.0	0	0	0	0	187	0	0	0	0	0.0	0.0	0.0	0.0	2.0e-6	0.0	0.0	0.0	0.0	0.0	0.0	0.0	0.0	4542.05	0.0	0.0	0.0	0.0	0.0	0.0	0.0	0.0	24.2891	0.0	0.0	0.0	0.0	0	0	0	0	23	0	0	0	0	0	0	0	0	0	0	0	0	0	0	0	0	0	164	0	0	0	0	0	0	0	0	0	0	0	0	0	0	0	0	0	0	0	0	0	0	0	0	0	0	0	0	0	0	0	0.0	0.0	0.0	0.0	0.0	0.0	0.0	0.0	0.0	0.0	0.0	0.0	0.0	1.0	0.0	0.0	0.0	0.0	
157	190	4726.545239314	2228.5	2228.5	0.011419	0.0	0	0	0	0	188	0	0	0	0	0.0	0.0	0.0	0.0	2.0e-6	0.0	0.0	0.0	0.0	0.0	0.0	0.0	0.0	4549.51	0.0	0.0	0.0	0.0	0.0	0.0	0.0	0.0	24.1995	0.0	0.0	0.0	0.0	0	0	0	0	23	0	0	0	0	0	0	0	0	0	0	0	0	0	0	0	0	0	165	0	0	0	0	0	0	0	0	0	0	0	0	0	0	0	0	0	0	0	0	0	0	0	0	0	0	0	0	0	0	0	0.0	0.0	0.0	0.0	0.0	0.0	0.0	0.0	0.0	0.0	0.0	0.0	0.0	1.0	0.0	0.0	0.0	0.0	
158	191	4739.994337714	2228.5	2228.5	0.011257	0.0	0	0	0	0	189	0	0	0	0	0.0	0.0	0.0	0.0	2.0e-6	0.0	0.0	0.0	0.0	0.0	0.0	0.0	0.0	4562.95	0.0	0.0	0.0	0.0	0.0	0.0	0.0	0.0	24.1426	0.0	0.0	0.0	0.0	0	0	0	0	23	0	0	0	0	0	0	0	0	0	0	0	0	0	0	0	0	0	166	0	0	0	0	0	0	0	0	0	0	0	0	0	0	0	0	0	0	0	0	0	0	0	0	0	0	0	0	0	0	0	0.0	0.0	0.0	0.0	0.0	0.0	0.0	0.0	0.0	0.0	0.0	0.0	0.0	1.0	0.0	0.0	0.0	0.0	
159	192	4772.784186083	2228.5	2228.5	0.010969	0.0	0	0	0	0	190	0	0	0	0	0.0	0.0	0.0	0.0	1.0e-6	0.0	0.0	0.0	0.0	0.0	0.0	0.0	0.0	4595.74	0.0	0.0	0.0	0.0	0.0	0.0	0.0	0.0	24.1881	0.0	0.0	0.0	0.0	0	0	0	0	23	0	0	0	0	0	0	0	0	0	0	0	0	0	0	0	0	0	167	0	0	0	0	0	0	0	0	0	0	0	0	0	0	0	0	0	0	0	0	0	0	0	0	0	0	0	0	0	0	0	0.0	0.0	0.0	0.0	0.0	0.0	0.0	0.0	0.0	0.0	0.0	0.0	0.0	1.0	0.0	0.0	0.0	0.0	
160	193	4804.758628504	2228.5	2228.5	0.010299	0.0	0	0	0	0	191	0	0	0	0	0.0	0.0	0.0	0.0	1.0e-6	0.0	0.0	0.0	0.0	0.0	0.0	0.0	0.0	4627.72	0.0	0.0	0.0	0.0	0.0	0.0	0.0	0.0	24.2289	0.0	0.0	0.0	0.0	0	0	0	0	23	0	0	0	0	0	0	0	0	0	0	0	0	0	0	0	0	0	168	0	0	0	0	0	0	0	0	0	0	0	0	0	0	0	0	0	0	0	0	0	0	0	0	0	0	0	0	0	0	0	0.0	0.0	0.0	0.0	0.0	0.0	0.0	0.0	0.0	0.0	0.0	0.0	0.0	1.0	0.0	0.0	0.0	0.0	
161	194	4813.840143532	2228.5	2228.5	0.009684	0.0	0	0	0	0	192	0	0	0	0	0.0	0.0	0.0	0.0	1.0e-6	0.0	0.0	0.0	0.0	0.0	0.0	0.0	0.0	4636.8	0.0	0.0	0.0	0.0	0.0	0.0	0.0	0.0	24.15	0.0	0.0	0.0	0.0	0	0	0	0	23	0	0	0	0	0	0	0	0	0	0	0	0	0	0	0	0	0	169	0	0	0	0	0	0	0	0	0	0	0	0	0	0	0	0	0	0	0	0	0	0	0	0	0	0	0	0	0	0	0	0.0	0.0	0.0	0.0	0.0	0.0	0.0	0.0	0.0	0.0	0.0	0.0	0.0	1.0	0.0	0.0	0.0	0.0	
162	195	4826.12342359	2228.5	2228.5	0.009517	0.0	0	0	0	0	193	0	0	0	0	0.0	0.0	0.0	0.0	1.0e-6	0.0	0.0	0.0	0.0	0.0	0.0	0.0	0.0	4649.08	0.0	0.0	0.0	0.0	0.0	0.0	0.0	0.0	24.0885	0.0	0.0	0.0	0.0	0	0	0	0	23	0	0	0	0	0	0	0	0	0	0	0	0	0	0	0	0	0	170	0	0	0	0	0	0	0	0	0	0	0	0	0	0	0	0	0	0	0	0	0	0	0	0	0	0	0	0	0	0	0	0.0	0.0	0.0	0.0	0.0	0.0	0.0	0.0	0.0	0.0	0.0	0.0	0.0	1.0	0.0	0.0	0.0	0.0	
163	196	4832.933091785	2228.5	2228.5	0.009294	0.0	0	0	0	0	194	0	0	0	0	0.0	0.0	0.0	0.0	1.0e-6	0.0	0.0	0.0	0.0	0.0	0.0	0.0	0.0	4655.89	0.0	0.0	0.0	0.0	0.0	0.0	0.0	0.0	23.9994	0.0	0.0	0.0	0.0	0	0	0	0	23	0	0	0	0	0	0	0	0	0	0	0	0	0	0	0	0	0	171	0	0	0	0	0	0	0	0	0	0	0	0	0	0	0	0	0	0	0	0	0	0	0	0	0	0	0	0	0	0	0	0.0	0.0	0.0	0.0	0.0	0.0	0.0	0.0	0.0	0.0	0.0	0.0	0.0	1.0	0.0	0.0	0.0	0.0	
164	197	4839.032852303	2228.5	2228.5	0.009173	0.0	0	0	0	0	195	0	0	0	0	0.0	0.0	0.0	0.0	1.0e-6	0.0	0.0	0.0	0.0	0.0	0.0	0.0	0.0	4661.99	0.0	0.0	0.0	0.0	0.0	0.0	0.0	0.0	23.9077	0.0	0.0	0.0	0.0	0	0	0	0	23	0	0	0	0	0	0	0	0	0	0	0	0	0	0	0	0	0	172	0	0	0	0	0	0	0	0	0	0	0	0	0	0	0	0	0	0	0	0	0	0	0	0	0	0	0	0	0	0	0	0.0	0.0	0.0	0.0	0.0	0.0	0.0	0.0	0.0	0.0	0.0	0.0	0.0	1.0	0.0	0.0	0.0	0.0	
165	198	4850.230761627	2228.5	2228.5	0.009066	0.0	0	0	0	0	196	0	0	0	0	0.0	0.0	0.0	0.0	1.0e-6	0.0	0.0	0.0	0.0	0.0	0.0	0.0	0.0	4673.19	0.0	0.0	0.0	0.0	0.0	0.0	0.0	0.0	23.8428	0.0	0.0	0.0	0.0	0	0	0	0	23	0	0	0	0	0	0	0	0	0	0	0	0	0	0	0	0	0	173	0	0	0	0	0	0	0	0	0	0	0	0	0	0	0	0	0	0	0	0	0	0	0	0	0	0	0	0	0	0	0	0.0	0.0	0.0	0.0	0.0	0.0	0.0	0.0	0.0	0.0	0.0	0.0	0.0	1.0	0.0	0.0	0.0	0.0	
166	199	4866.69754604	2228.5	2228.5	0.008873	0.0	0	0	0	0	197	0	0	0	0	0.0	0.0	0.0	0.0	1.0e-6	0.0	0.0	0.0	0.0	0.0	0.0	0.0	0.0	4689.66	0.0	0.0	0.0	0.0	0.0	0.0	0.0	0.0	23.8054	0.0	0.0	0.0	0.0	0	0	0	0	23	0	0	0	0	0	0	0	0	0	0	0	0	0	0	0	0	0	174	0	0	0	0	0	0	0	0	0	0	0	0	0	0	0	0	0	0	0	0	0	0	0	0	0	0	0	0	0	0	0	0.0	0.0	0.0	0.0	0.0	0.0	0.0	0.0	0.0	0.0	0.0	0.0	0.0	1.0	0.0	0.0	0.0	0.0	
167	200	4881.547259445	2228.5	2228.5	0.008597	0.0	0	0	0	0	198	0	0	0	0	0.0	0.0	0.0	0.0	1.0e-6	0.0	0.0	0.0	0.0	0.0	0.0	0.0	0.0	4704.51	0.0	0.0	0.0	0.0	0.0	0.0	0.0	0.0	23.7601	0.0	0.0	0.0	0.0	0	0	0	0	23	0	0	0	0	0	0	0	0	0	0	0	0	0	0	0	0	0	175	0	0	0	0	0	0	0	0	0	0	0	0	0	0	0	0	0	0	0	0	0	0	0	0	0	0	0	0	0	0	0	0.0	0.0	0.0	0.0	0.0	0.0	0.0	0.0	0.0	0.0	0.0	0.0	0.0	1.0	0.0	0.0	0.0	0.0	
168	201	4888.316519001	2228.5	2228.5	0.008354	0.0	0	0	0	0	199	0	0	0	0	0.0	0.0	0.0	0.0	1.0e-6	0.0	0.0	0.0	0.0	0.0	0.0	0.0	0.0	4711.28	0.0	0.0	0.0	0.0	0.0	0.0	0.0	0.0	23.6748	0.0	0.0	0.0	0.0	0	0	0	0	23	0	0	0	0	0	0	0	0	0	0	0	0	0	0	0	0	0	176	0	0	0	0	0	0	0	0	0	0	0	0	0	0	0	0	0	0	0	0	0	0	0	0	0	0	0	0	0	0	0	0.0	0.0	0.0	0.0	0.0	0.0	0.0	0.0	0.0	0.0	0.0	0.0	0.0	1.0	0.0	0.0	0.0	0.0	
169	202	4906.19285251	2228.5	2228.5	0.008246	0.0	0	0	0	0	200	0	0	0	0	0.0	0.0	0.0	0.0	0.0	0.0	0.0	0.0	0.0	0.0	0.0	0.0	0.0	4729.15	0.0	0.0	0.0	0.0	0.0	0.0	0.0	0.0	23.6458	0.0	0.0	0.0	0.0	0	0	0	0	23	0	0	0	0	0	0	0	0	0	0	0	0	0	0	0	0	0	177	0	0	0	0	0	0	0	0	0	0	0	0	0	0	0	0	0	0	0	0	0	0	0	0	0	0	0	0	0	0	0	0.0	0.0	0.0	0.0	0.0	0.0	0.0	0.0	0.0	0.0	0.0	0.0	0.0	1.0	0.0	0.0	0.0	0.0	
170	203	4916.430301536	2228.5	2228.5	0.007968	0.0	0	0	0	0	201	0	0	0	0	0.0	0.0	0.0	0.0	0.0	0.0	0.0	0.0	0.0	0.0	0.0	0.0	0.0	4739.39	0.0	0.0	0.0	0.0	0.0	0.0	0.0	0.0	23.5791	0.0	0.0	0.0	0.0	0	0	0	0	23	0	0	0	0	0	0	0	0	0	0	0	0	0	0	0	0	0	178	0	0	0	0	0	0	0	0	0	0	0	0	0	0	0	0	0	0	0	0	0	0	0	0	0	0	0	0	0	0	0	0.0	0.0	0.0	0.0	0.0	0.0	0.0	0.0	0.0	0.0	0.0	0.0	0.0	1.0	0.0	0.0	0.0	0.0	
171	204	4934.701782857	2228.5	2228.5	0.007812	0.0	0	0	0	0	202	0	0	0	0	0.0	0.0	0.0	0.0	0.0	0.0	0.0	0.0	0.0	0.0	0.0	0.0	0.0	4757.66	0.0	0.0	0.0	0.0	0.0	0.0	0.0	0.0	23.5528	0.0	0.0	0.0	0.0	0	0	0	0	23	0	0	0	0	0	0	0	0	0	0	0	0	0	0	0	0	0	179	0	0	0	0	0	0	0	0	0	0	0	0	0	0	0	0	0	0	0	0	0	0	0	0	0	0	0	0	0	0	0	0.0	0.0	0.0	0.0	0.0	0.0	0.0	0.0	0.0	0.0	0.0	0.0	0.0	1.0	0.0	0.0	0.0	0.0	
172	205	4943.059703289	2228.5	2228.5	0.007542	0.0	0	0	0	0	203	0	0	0	0	0.0	0.0	0.0	0.0	0.0	0.0	0.0	0.0	0.0	0.0	0.0	0.0	0.0	4766.02	0.0	0.0	0.0	0.0	0.0	0.0	0.0	0.0	23.4779	0.0	0.0	0.0	0.0	0	0	0	0	23	0	0	0	0	0	0	0	0	0	0	0	0	0	0	0	0	0	180	0	0	0	0	0	0	0	0	0	0	0	0	0	0	0	0	0	0	0	0	0	0	0	0	0	0	0	0	0	0	0	0.0	0.0	0.0	0.0	0.0	0.0	0.0	0.0	0.0	0.0	0.0	0.0	0.0	1.0	0.0	0.0	0.0	0.0	
173	206	4952.116374846	2228.5	2228.5	0.007422	0.0	0	0	0	0	204	0	0	0	0	0.0	0.0	0.0	0.0	0.0	0.0	0.0	0.0	0.0	0.0	0.0	0.0	0.0	4775.08	0.0	0.0	0.0	0.0	0.0	0.0	0.0	0.0	23.4072	0.0	0.0	0.0	0.0	0	0	0	0	23	0	0	0	0	0	0	0	0	0	0	0	0	0	0	0	0	0	181	0	0	0	0	0	0	0	0	0	0	0	0	0	0	0	0	0	0	0	0	0	0	0	0	0	0	0	0	0	0	0	0.0	0.0	0.0	0.0	0.0	0.0	0.0	0.0	0.0	0.0	0.0	0.0	0.0	1.0	0.0	0.0	0.0	0.0	
174	207	4963.341570049	2228.5	2228.5	0.007294	0.0	0	0	0	0	205	0	0	0	0	0.0	0.0	0.0	0.0	0.0	0.0	0.0	0.0	0.0	0.0	0.0	0.0	0.0	4786.3	0.0	0.0	0.0	0.0	0.0	0.0	0.0	0.0	23.3478	0.0	0.0	0.0	0.0	0	0	0	0	23	0	0	0	0	0	0	0	0	0	0	0	0	0	0	0	0	0	182	0	0	0	0	0	0	0	0	0	0	0	0	0	0	0	0	0	0	0	0	0	0	0	0	0	0	0	0	0	0	0	0.0	0.0	0.0	0.0	0.0	0.0	0.0	0.0	0.0	0.0	0.0	0.0	0.0	1.0	0.0	0.0	0.0	0.0	
175	210	4974.169370292	2228.5	2228.5	0.007126	0.0	0	0	0	0	208	0	0	0	0	0.0	0.0	0.0	0.0	0.0	0.0	0.0	0.0	0.0	0.0	0.0	0.0	0.0	4797.13	0.0	0.0	0.0	0.0	0.0	0.0	0.0	0.0	23.0631	0.0	0.0	0.0	0.0	0	0	0	0	23	0	0	0	0	0	0	0	0	0	0	0	0	0	0	0	0	0	185	0	0	0	0	0	0	0	0	0	0	0	0	0	0	0	0	0	0	0	0	0	0	0	0	0	0	0	0	0	0	0	0.0	0.0	0.0	0.0	0.0	0.0	0.0	0.0	0.0	0.0	0.0	0.0	0.0	1.0	0.0	0.0	0.0	0.0	
176	211	4985.626224912	2228.5	2228.5	0.006991	0.0	0	0	0	0	209	0	0	0	0	0.0	0.0	0.0	0.0	0.0	0.0	0.0	0.0	0.0	0.0	0.0	0.0	0.0	4808.59	0.0	0.0	0.0	0.0	0.0	0.0	0.0	0.0	23.0076	0.0	0.0	0.0	0.0	0	0	0	0	23	0	0	0	0	0	0	0	0	0	0	0	0	0	0	0	0	0	186	0	0	0	0	0	0	0	0	0	0	0	0	0	0	0	0	0	0	0	0	0	0	0	0	0	0	0	0	0	0	0	0.0	0.0	0.0	0.0	0.0	0.0	0.0	0.0	0.0	0.0	0.0	0.0	0.0	1.0	0.0	0.0	0.0	0.0	
177	212	5010.77186724	2228.5	2228.5	0.006839	0.0	0	0	0	0	210	0	0	0	0	0.0	0.0	0.0	0.0	0.0	0.0	0.0	0.0	0.0	0.0	0.0	0.0	0.0	4833.73	0.0	0.0	0.0	0.0	0.0	0.0	0.0	0.0	23.0178	0.0	0.0	0.0	0.0	0	0	0	0	23	0	0	0	0	0	0	0	0	0	0	0	0	0	0	0	0	0	187	0	0	0	0	0	0	0	0	0	0	0	0	0	0	0	0	0	0	0	0	0	0	0	0	0	0	0	0	0	0	0	0.0	0.0	0.0	0.0	0.0	0.0	0.0	0.0	0.0	0.0	0.0	0.0	0.0	1.0	0.0	0.0	0.0	0.0	
178	213	5023.908386511	2228.5	2228.5	0.006516	0.0	0	0	0	0	211	0	0	0	0	0.0	0.0	0.0	0.0	0.0	0.0	0.0	0.0	0.0	0.0	0.0	0.0	0.0	4846.87	0.0	0.0	0.0	0.0	0.0	0.0	0.0	0.0	22.9709	0.0	0.0	0.0	0.0	0	0	0	0	23	0	0	0	0	0	0	0	0	0	0	0	0	0	0	0	0	0	188	0	0	0	0	0	0	0	0	0	0	0	0	0	0	0	0	0	0	0	0	0	0	0	0	0	0	0	0	0	0	0	0.0	0.0	0.0	0.0	0.0	0.0	0.0	0.0	0.0	0.0	0.0	0.0	0.0	1.0	0.0	0.0	0.0	0.0	
179	215	5031.278601641	2228.5	2228.5	0.006348	0.0	0	0	0	0	213	0	0	0	0	0.0	0.0	0.0	0.0	0.0	0.0	0.0	0.0	0.0	0.0	0.0	0.0	0.0	4854.24	0.0	0.0	0.0	0.0	0.0	0.0	0.0	0.0	22.7899	0.0	0.0	0.0	0.0	0	0	0	0	23	0	0	0	0	0	0	0	0	0	0	0	0	0	0	0	0	0	190	0	0	0	0	0	0	0	0	0	0	0	0	0	0	0	0	0	0	0	0	0	0	0	0	0	0	0	0	0	0	0	0.0	0.0	0.0	0.0	0.0	0.0	0.0	0.0	0.0	0.0	0.0	0.0	0.0	1.0	0.0	0.0	0.0	0.0	
180	216	5045.097490114	2228.5	2228.5	0.006264	0.0	0	0	0	0	214	0	0	0	0	0.0	0.0	0.0	0.0	0.0	0.0	0.0	0.0	0.0	0.0	0.0	0.0	0.0	4868.06	0.0	0.0	0.0	0.0	0.0	0.0	0.0	0.0	22.7479	0.0	0.0	0.0	0.0	0	0	0	0	23	0	0	0	0	0	0	0	0	0	0	0	0	0	0	0	0	0	191	0	0	0	0	0	0	0	0	0	0	0	0	0	0	0	0	0	0	0	0	0	0	0	0	0	0	0	0	0	0	0	0.0	0.0	0.0	0.0	0.0	0.0	0.0	0.0	0.0	0.0	0.0	0.0	0.0	1.0	0.0	0.0	0.0	0.0	
181	217	5097.779907302	2228.5	2228.5	0.006099	0.0	0	0	0	0	215	0	0	0	0	0.0	0.0	0.0	0.0	0.0	0.0	0.0	0.0	0.0	0.0	0.0	0.0	0.0	4920.74	0.0	0.0	0.0	0.0	0.0	0.0	0.0	0.0	22.8872	0.0	0.0	0.0	0.0	0	0	0	0	23	0	0	0	0	0	0	0	0	0	0	0	0	0	0	0	0	0	192	0	0	0	0	0	0	0	0	0	0	0	0	0	0	0	0	0	0	0	0	0	0	0	0	0	0	0	0	0	0	0	0.0	0.0	0.0	0.0	0.0	0.0	0.0	0.0	0.0	0.0	0.0	0.0	0.0	1.0	0.0	0.0	0.0	0.0	
182	218	5112.572640688	2228.5	2228.5	0.005512	0.0	0	0	0	0	216	0	0	0	0	0.0	0.0	0.0	0.0	0.0	0.0	0.0	0.0	0.0	0.0	0.0	0.0	0.0	4935.53	0.0	0.0	0.0	0.0	0.0	0.0	0.0	0.0	22.8497	0.0	0.0	0.0	0.0	0	0	0	0	23	0	0	0	0	0	0	0	0	0	0	0	0	0	0	0	0	0	193	0	0	0	0	0	0	0	0	0	0	0	0	0	0	0	0	0	0	0	0	0	0	0	0	0	0	0	0	0	0	0	0.0	0.0	0.0	0.0	0.0	0.0	0.0	0.0	0.0	0.0	0.0	0.0	0.0	1.0	0.0	0.0	0.0	0.0	
183	219	5118.007439698	2228.5	2228.5	0.005357	0.0	0	0	0	0	217	0	0	0	0	0.0	0.0	0.0	0.0	0.0	0.0	0.0	0.0	0.0	0.0	0.0	0.0	0.0	4940.97	0.0	0.0	0.0	0.0	0.0	0.0	0.0	0.0	22.7694	0.0	0.0	0.0	0.0	0	0	0	0	23	0	0	0	0	0	0	0	0	0	0	0	0	0	0	0	0	0	194	0	0	0	0	0	0	0	0	0	0	0	0	0	0	0	0	0	0	0	0	0	0	0	0	0	0	0	0	0	0	0	0.0	0.0	0.0	0.0	0.0	0.0	0.0	0.0	0.0	0.0	0.0	0.0	0.0	1.0	0.0	0.0	0.0	0.0	
184	220	5127.833978014	2228.5	2228.5	0.005301	0.0	0	0	0	0	218	0	0	0	0	0.0	0.0	0.0	0.0	0.0	0.0	0.0	0.0	0.0	0.0	0.0	0.0	0.0	4950.79	0.0	0.0	0.0	0.0	0.0	0.0	0.0	0.0	22.7101	0.0	0.0	0.0	0.0	0	0	0	0	23	0	0	0	0	0	0	0	0	0	0	0	0	0	0	0	0	0	195	0	0	0	0	0	0	0	0	0	0	0	0	0	0	0	0	0	0	0	0	0	0	0	0	0	0	0	0	0	0	0	0.0	0.0	0.0	0.0	0.0	0.0	0.0	0.0	0.0	0.0	0.0	0.0	0.0	1.0	0.0	0.0	0.0	0.0	
185	221	5150.966572936	2228.5	2228.5	0.005202	0.0	0	0	0	0	219	0	0	0	0	0.0	0.0	0.0	0.0	0.0	0.0	0.0	0.0	0.0	0.0	0.0	0.0	0.0	4973.93	0.0	0.0	0.0	0.0	0.0	0.0	0.0	0.0	22.712	0.0	0.0	0.0	0.0	0	0	0	0	23	0	0	0	0	0	0	0	0	0	0	0	0	0	0	0	0	0	196	0	0	0	0	0	0	0	0	0	0	0	0	0	0	0	0	0	0	0	0	0	0	0	0	0	0	0	0	0	0	0	0.0	0.0	0.0	0.0	0.0	0.0	0.0	0.0	0.0	0.0	0.0	0.0	0.0	1.0	0.0	0.0	0.0	0.0	
186	222	5171.78797557	2228.5	2228.5	0.004976	0.0	0	0	0	0	220	0	0	0	0	0.0	0.0	0.0	0.0	0.0	0.0	0.0	0.0	0.0	0.0	0.0	0.0	0.0	4994.75	0.0	0.0	0.0	0.0	0.0	0.0	0.0	0.0	22.7034	0.0	0.0	0.0	0.0	0	0	0	0	23	0	0	0	0	0	0	0	0	0	0	0	0	0	0	0	0	0	197	0	0	0	0	0	0	0	0	0	0	0	0	0	0	0	0	0	0	0	0	0	0	0	0	0	0	0	0	0	0	0	0.0	0.0	0.0	0.0	0.0	0.0	0.0	0.0	0.0	0.0	0.0	0.0	0.0	1.0	0.0	0.0	0.0	0.0	
187	223	5179.502408284	2228.5	2228.5	0.00478	0.0	0	0	0	0	221	0	0	0	0	0.0	0.0	0.0	0.0	0.0	0.0	0.0	0.0	0.0	0.0	0.0	0.0	0.0	5002.46	0.0	0.0	0.0	0.0	0.0	0.0	0.0	0.0	22.6356	0.0	0.0	0.0	0.0	0	0	0	0	23	0	0	0	0	0	0	0	0	0	0	0	0	0	0	0	0	0	198	0	0	0	0	0	0	0	0	0	0	0	0	0	0	0	0	0	0	0	0	0	0	0	0	0	0	0	0	0	0	0	0.0	0.0	0.0	0.0	0.0	0.0	0.0	0.0	0.0	0.0	0.0	0.0	0.0	1.0	0.0	0.0	0.0	0.0	
188	224	5199.911437765	2228.5	2228.5	0.00471	0.0	0	0	0	0	222	0	0	0	0	0.0	0.0	0.0	0.0	0.0	0.0	0.0	0.0	0.0	0.0	0.0	0.0	0.0	5022.87	0.0	0.0	0.0	0.0	0.0	0.0	0.0	0.0	22.6255	0.0	0.0	0.0	0.0	0	0	0	0	23	0	0	0	0	0	0	0	0	0	0	0	0	0	0	0	0	0	199	0	0	0	0	0	0	0	0	0	0	0	0	0	0	0	0	0	0	0	0	0	0	0	0	0	0	0	0	0	0	0	0.0	0.0	0.0	0.0	0.0	0.0	0.0	0.0	0.0	0.0	0.0	0.0	0.0	1.0	0.0	0.0	0.0	0.0	
189	225	5207.848255598	2228.5	2228.5	0.004529	0.0	0	0	0	0	223	0	0	0	0	0.0	0.0	0.0	0.0	0.0	0.0	0.0	0.0	0.0	0.0	0.0	0.0	0.0	5030.81	0.0	0.0	0.0	0.0	0.0	0.0	0.0	0.0	22.5597	0.0	0.0	0.0	0.0	0	0	0	0	23	0	0	0	0	0	0	0	0	0	0	0	0	0	0	0	0	0	200	0	0	0	0	0	0	0	0	0	0	0	0	0	0	0	0	0	0	0	0	0	0	0	0	0	0	0	0	0	0	0	0.0	0.0	0.0	0.0	0.0	0.0	0.0	0.0	0.0	0.0	0.0	0.0	0.0	1.0	0.0	0.0	0.0	0.0	
190	226	5228.129548563	2228.5	2228.5	0.00446	0.0	0	0	0	0	224	0	0	0	0	0.0	0.0	0.0	0.0	0.0	0.0	0.0	0.0	0.0	0.0	0.0	0.0	0.0	5051.09	0.0	0.0	0.0	0.0	0.0	0.0	0.0	0.0	22.5495	0.0	0.0	0.0	0.0	0	0	0	0	23	0	0	0	0	0	0	0	0	0	0	0	0	0	0	0	0	0	201	0	0	0	0	0	0	0	0	0	0	0	0	0	0	0	0	0	0	0	0	0	0	0	0	0	0	0	0	0	0	0	0.0	0.0	0.0	0.0	0.0	0.0	0.0	0.0	0.0	0.0	0.0	0.0	0.0	1.0	0.0	0.0	0.0	0.0	
191	227	5239.511670872	2228.5	2228.5	0.004289	0.0	0	0	0	0	225	0	0	0	0	0.0	0.0	0.0	0.0	0.0	0.0	0.0	0.0	0.0	0.0	0.0	0.0	0.0	5062.47	0.0	0.0	0.0	0.0	0.0	0.0	0.0	0.0	22.4999	0.0	0.0	0.0	0.0	0	0	0	0	23	0	0	0	0	0	0	0	0	0	0	0	0	0	0	0	0	0	202	0	0	0	0	0	0	0	0	0	0	0	0	0	0	0	0	0	0	0	0	0	0	0	0	0	0	0	0	0	0	0	0.0	0.0	0.0	0.0	0.0	0.0	0.0	0.0	0.0	0.0	0.0	0.0	0.0	1.0	0.0	0.0	0.0	0.0	
192	228	5250.326398303	2228.5	2228.5	0.004196	0.0	0	0	0	0	226	0	0	0	0	0.0	0.0	0.0	0.0	0.0	0.0	0.0	0.0	0.0	0.0	0.0	0.0	0.0	5073.29	0.0	0.0	0.0	0.0	0.0	0.0	0.0	0.0	22.4482	0.0	0.0	0.0	0.0	0	0	0	0	23	0	0	0	0	0	0	0	0	0	0	0	0	0	0	0	0	0	203	0	0	0	0	0	0	0	0	0	0	0	0	0	0	0	0	0	0	0	0	0	0	0	0	0	0	0	0	0	0	0	0.0	0.0	0.0	0.0	0.0	0.0	0.0	0.0	0.0	0.0	0.0	0.0	0.0	1.0	0.0	0.0	0.0	0.0	
193	229	5261.051289122	2228.5	2228.5	0.00411	0.0	0	0	0	0	227	0	0	0	0	0.0	0.0	0.0	0.0	0.0	0.0	0.0	0.0	0.0	0.0	0.0	0.0	0.0	5084.01	0.0	0.0	0.0	0.0	0.0	0.0	0.0	0.0	22.3965	0.0	0.0	0.0	0.0	0	0	0	0	23	0	0	0	0	0	0	0	0	0	0	0	0	0	0	0	0	0	204	0	0	0	0	0	0	0	0	0	0	0	0	0	0	0	0	0	0	0	0	0	0	0	0	0	0	0	0	0	0	0	0.0	0.0	0.0	0.0	0.0	0.0	0.0	0.0	0.0	0.0	0.0	0.0	0.0	1.0	0.0	0.0	0.0	0.0	
194	230	5269.710561206	2228.5	2228.5	0.004026	0.0	0	0	0	0	228	0	0	0	0	0.0	0.0	0.0	0.0	0.0	0.0	0.0	0.0	0.0	0.0	0.0	0.0	0.0	5092.67	0.0	0.0	0.0	0.0	0.0	0.0	0.0	0.0	22.3363	0.0	0.0	0.0	0.0	0	0	0	0	23	0	0	0	0	0	0	0	0	0	0	0	0	0	0	0	0	0	205	0	0	0	0	0	0	0	0	0	0	0	0	0	0	0	0	0	0	0	0	0	0	0	0	0	0	0	0	0	0	0	0.0	0.0	0.0	0.0	0.0	0.0	0.0	0.0	0.0	0.0	0.0	0.0	0.0	1.0	0.0	0.0	0.0	0.0	
195	231	5275.444292121	2228.5	2228.5	0.00396	0.0	0	0	0	0	229	0	0	0	0	0.0	0.0	0.0	0.0	0.0	0.0	0.0	0.0	0.0	0.0	0.0	0.0	0.0	5098.4	0.0	0.0	0.0	0.0	0.0	0.0	0.0	0.0	22.2638	0.0	0.0	0.0	0.0	0	0	0	0	23	0	0	0	0	0	0	0	0	0	0	0	0	0	0	0	0	0	206	0	0	0	0	0	0	0	0	0	0	0	0	0	0	0	0	0	0	0	0	0	0	0	0	0	0	0	0	0	0	0	0.0	0.0	0.0	0.0	0.0	0.0	0.0	0.0	0.0	0.0	0.0	0.0	0.0	1.0	0.0	0.0	0.0	0.0	
196	232	5302.565234458	2228.5	2228.5	0.003916	0.0	0	0	0	0	230	0	0	0	0	0.0	0.0	0.0	0.0	0.0	0.0	0.0	0.0	0.0	0.0	0.0	0.0	0.0	5125.52	0.0	0.0	0.0	0.0	0.0	0.0	0.0	0.0	22.2849	0.0	0.0	0.0	0.0	0	0	0	0	23	0	0	0	0	0	0	0	0	0	0	0	0	0	0	0	0	0	207	0	0	0	0	0	0	0	0	0	0	0	0	0	0	0	0	0	0	0	0	0	0	0	0	0	0	0	0	0	0	0	0.0	0.0	0.0	0.0	0.0	0.0	0.0	0.0	0.0	0.0	0.0	0.0	0.0	1.0	0.0	0.0	0.0	0.0	
197	233	5317.205967177	2228.5	2228.5	0.003717	0.0	0	0	0	0	231	0	0	0	0	0.0	0.0	0.0	0.0	0.0	0.0	0.0	0.0	0.0	0.0	0.0	0.0	0.0	5140.17	0.0	0.0	0.0	0.0	0.0	0.0	0.0	0.0	22.2518	0.0	0.0	0.0	0.0	0	0	0	0	23	0	0	0	0	0	0	0	0	0	0	0	0	0	0	0	0	0	208	0	0	0	0	0	0	0	0	0	0	0	0	0	0	0	0	0	0	0	0	0	0	0	0	0	0	0	0	0	0	0	0.0	0.0	0.0	0.0	0.0	0.0	0.0	0.0	0.0	0.0	0.0	0.0	0.0	1.0	0.0	0.0	0.0	0.0	
198	236	5333.460540356	2228.5	2228.5	0.003608	0.0	0	0	0	0	234	0	0	0	0	0.0	0.0	0.0	0.0	0.0	0.0	0.0	0.0	0.0	0.0	0.0	0.0	0.0	5156.42	0.0	0.0	0.0	0.0	0.0	0.0	0.0	0.0	22.036	0.0	0.0	0.0	0.0	0	0	0	0	23	0	0	0	0	0	0	0	0	0	0	0	0	0	0	0	0	0	211	0	0	0	0	0	0	0	0	0	0	0	0	0	0	0	0	0	0	0	0	0	0	0	0	0	0	0	0	0	0	0	0.0	0.0	0.0	0.0	0.0	0.0	0.0	0.0	0.0	0.0	0.0	0.0	0.0	1.0	0.0	0.0	0.0	0.0	
199	237	5402.185893015	2228.5	2228.5	0.003503	0.0	0	0	0	0	235	0	0	0	0	0.0	0.0	0.0	0.0	0.0	0.0	0.0	0.0	0.0	0.0	0.0	0.0	0.0	5225.15	0.0	0.0	0.0	0.0	0.0	0.0	0.0	0.0	22.2347	0.0	0.0	0.0	0.0	0	0	0	0	23	0	0	0	0	0	0	0	0	0	0	0	0	0	0	0	0	0	212	0	0	0	0	0	0	0	0	0	0	0	0	0	0	0	0	0	0	0	0	0	0	0	0	0	0	0	0	0	0	0	0.0	0.0	0.0	0.0	0.0	0.0	0.0	0.0	0.0	0.0	0.0	0.0	0.0	1.0	0.0	0.0	0.0	0.0	
200	238	5411.220705079	2228.5	2228.5	0.003069	0.0	0	0	0	0	236	0	0	0	0	0.0	0.0	0.0	0.0	0.0	0.0	0.0	0.0	0.0	0.0	0.0	0.0	0.0	5234.18	0.0	0.0	0.0	0.0	0.0	0.0	0.0	0.0	22.1787	0.0	0.0	0.0	0.0	0	0	0	0	23	0	0	0	0	0	0	0	0	0	0	0	0	0	0	0	0	0	213	0	0	0	0	0	0	0	0	0	0	0	0	0	0	0	0	0	0	0	0	0	0	0	0	0	0	0	0	0	0	0	0.0	0.0	0.0	0.0	0.0	0.0	0.0	0.0	0.0	0.0	0.0	0.0	0.0	1.0	0.0	0.0	0.0	0.0	
201	239	5420.929912695	2228.5	2228.5	0.003016	0.0	0	0	0	0	237	0	0	0	0	0.0	0.0	0.0	0.0	0.0	0.0	0.0	0.0	0.0	0.0	0.0	0.0	0.0	5243.89	0.0	0.0	0.0	0.0	0.0	0.0	0.0	0.0	22.1261	0.0	0.0	0.0	0.0	0	0	0	0	23	0	0	0	0	0	0	0	0	0	0	0	0	0	0	0	0	0	214	0	0	0	0	0	0	0	0	0	0	0	0	0	0	0	0	0	0	0	0	0	0	0	0	0	0	0	0	0	0	0	0.0	0.0	0.0	0.0	0.0	0.0	0.0	0.0	0.0	0.0	0.0	0.0	0.0	1.0	0.0	0.0	0.0	0.0	
202	240	5427.169229106	2228.5	2228.5	0.00296	0.0	0	0	0	0	238	0	0	0	0	0.0	0.0	0.0	0.0	0.0	0.0	0.0	0.0	0.0	0.0	0.0	0.0	0.0	5250.13	0.0	0.0	0.0	0.0	0.0	0.0	0.0	0.0	22.0594	0.0	0.0	0.0	0.0	0	0	0	0	23	0	0	0	0	0	0	0	0	0	0	0	0	0	0	0	0	0	215	0	0	0	0	0	0	0	0	0	0	0	0	0	0	0	0	0	0	0	0	0	0	0	0	0	0	0	0	0	0	0	0.0	0.0	0.0	0.0	0.0	0.0	0.0	0.0	0.0	0.0	0.0	0.0	0.0	1.0	0.0	0.0	0.0	0.0	
203	242	5440.565405642	2228.5	2228.5	0.002922	0.0	0	0	0	0	240	0	0	0	0	0.0	0.0	0.0	0.0	0.0	0.0	0.0	0.0	0.0	0.0	0.0	0.0	0.0	5263.52	0.0	0.0	0.0	0.0	0.0	0.0	0.0	0.0	21.9314	0.0	0.0	0.0	0.0	0	0	0	0	23	0	0	0	0	0	0	0	0	0	0	0	0	0	0	0	0	0	217	0	0	0	0	0	0	0	0	0	0	0	0	0	0	0	0	0	0	0	0	0	0	0	0	0	0	0	0	0	0	0	0.0	0.0	0.0	0.0	0.0	0.0	0.0	0.0	0.0	0.0	0.0	0.0	0.0	1.0	0.0	0.0	0.0	0.0	
204	243	5451.442052919	2228.5	2228.5	0.00285	0.0	0	0	0	0	241	0	0	0	0	0.0	0.0	0.0	0.0	0.0	0.0	0.0	0.0	0.0	0.0	0.0	0.0	0.0	5274.4	0.0	0.0	0.0	0.0	0.0	0.0	0.0	0.0	21.8855	0.0	0.0	0.0	0.0	0	0	0	0	23	0	0	0	0	0	0	0	0	0	0	0	0	0	0	0	0	0	218	0	0	0	0	0	0	0	0	0	0	0	0	0	0	0	0	0	0	0	0	0	0	0	0	0	0	0	0	0	0	0	0.0	0.0	0.0	0.0	0.0	0.0	0.0	0.0	0.0	0.0	0.0	0.0	0.0	1.0	0.0	0.0	0.0	0.0	
205	244	5460.738685763	2228.5	2228.5	0.002791	0.0	0	0	0	0	242	0	0	0	0	0.0	0.0	0.0	0.0	0.0	0.0	0.0	0.0	0.0	0.0	0.0	0.0	0.0	5283.7	0.0	0.0	0.0	0.0	0.0	0.0	0.0	0.0	21.8335	0.0	0.0	0.0	0.0	0	0	0	0	23	0	0	0	0	0	0	0	0	0	0	0	0	0	0	0	0	0	219	0	0	0	0	0	0	0	0	0	0	0	0	0	0	0	0	0	0	0	0	0	0	0	0	0	0	0	0	0	0	0	0.0	0.0	0.0	0.0	0.0	0.0	0.0	0.0	0.0	0.0	0.0	0.0	0.0	1.0	0.0	0.0	0.0	0.0	
206	245	5475.633317009	2228.5	2228.5	0.002742	0.0	0	0	0	0	243	0	0	0	0	0.0	0.0	0.0	0.0	0.0	0.0	0.0	0.0	0.0	0.0	0.0	0.0	0.0	5298.59	0.0	0.0	0.0	0.0	0.0	0.0	0.0	0.0	21.8049	0.0	0.0	0.0	0.0	0	0	0	0	23	0	0	0	0	0	0	0	0	0	0	0	0	0	0	0	0	0	220	0	0	0	0	0	0	0	0	0	0	0	0	0	0	0	0	0	0	0	0	0	0	0	0	0	0	0	0	0	0	0	0.0	0.0	0.0	0.0	0.0	0.0	0.0	0.0	0.0	0.0	0.0	0.0	0.0	1.0	0.0	0.0	0.0	0.0	
207	246	5485.405370326	2228.5	2228.5	0.002664	0.0	0	0	0	0	244	0	0	0	0	0.0	0.0	0.0	0.0	0.0	0.0	0.0	0.0	0.0	0.0	0.0	0.0	0.0	5308.36	0.0	0.0	0.0	0.0	0.0	0.0	0.0	0.0	21.7556	0.0	0.0	0.0	0.0	0	0	0	0	23	0	0	0	0	0	0	0	0	0	0	0	0	0	0	0	0	0	221	0	0	0	0	0	0	0	0	0	0	0	0	0	0	0	0	0	0	0	0	0	0	0	0	0	0	0	0	0	0	0	0.0	0.0	0.0	0.0	0.0	0.0	0.0	0.0	0.0	0.0	0.0	0.0	0.0	1.0	0.0	0.0	0.0	0.0	
208	247	5507.90491103	2228.5	2228.5	0.002615	0.0	0	0	0	0	245	0	0	0	0	0.0	0.0	0.0	0.0	0.0	0.0	0.0	0.0	0.0	0.0	0.0	0.0	0.0	5330.86	0.0	0.0	0.0	0.0	0.0	0.0	0.0	0.0	21.7586	0.0	0.0	0.0	0.0	0	0	0	0	23	0	0	0	0	0	0	0	0	0	0	0	0	0	0	0	0	0	222	0	0	0	0	0	0	0	0	0	0	0	0	0	0	0	0	0	0	0	0	0	0	0	0	0	0	0	0	0	0	0	0.0	0.0	0.0	0.0	0.0	0.0	0.0	0.0	0.0	0.0	0.0	0.0	0.0	1.0	0.0	0.0	0.0	0.0	
209	248	5511.450925686	2228.5	2228.5	0.002504	0.0	0	0	0	0	246	0	0	0	0	0.0	0.0	0.0	0.0	0.0	0.0	0.0	0.0	0.0	0.0	0.0	0.0	0.0	5334.41	0.0	0.0	0.0	0.0	0.0	0.0	0.0	0.0	21.6846	0.0	0.0	0.0	0.0	0	0	0	0	23	0	0	0	0	0	0	0	0	0	0	0	0	0	0	0	0	0	223	0	0	0	0	0	0	0	0	0	0	0	0	0	0	0	0	0	0	0	0	0	0	0	0	0	0	0	0	0	0	0	0.0	0.0	0.0	0.0	0.0	0.0	0.0	0.0	0.0	0.0	0.0	0.0	0.0	1.0	0.0	0.0	0.0	0.0	
210	249	5529.533604029	2228.5	2228.5	0.002487	0.0	0	0	0	0	247	0	0	0	0	0.0	0.0	0.0	0.0	0.0	0.0	0.0	0.0	0.0	0.0	0.0	0.0	0.0	5352.49	0.0	0.0	0.0	0.0	0.0	0.0	0.0	0.0	21.67	0.0	0.0	0.0	0.0	0	0	0	0	23	0	0	0	0	0	0	0	0	0	0	0	0	0	0	0	0	0	224	0	0	0	0	0	0	0	0	0	0	0	0	0	0	0	0	0	0	0	0	0	0	0	0	0	0	0	0	0	0	0	0.0	0.0	0.0	0.0	0.0	0.0	0.0	0.0	0.0	0.0	0.0	0.0	0.0	1.0	0.0	0.0	0.0	0.0	
211	250	5583.156967952	2228.5	2228.5	0.002402	0.0	0	0	0	0	248	0	0	0	0	0.0	0.0	0.0	0.0	0.0	0.0	0.0	0.0	0.0	0.0	0.0	0.0	0.0	5406.12	0.0	0.0	0.0	0.0	0.0	0.0	0.0	0.0	21.7989	0.0	0.0	0.0	0.0	0	0	0	0	23	0	0	0	0	0	0	0	0	0	0	0	0	0	0	0	0	0	225	0	0	0	0	0	0	0	0	0	0	0	0	0	0	0	0	0	0	0	0	0	0	0	0	0	0	0	0	0	0	0	0.0	0.0	0.0	0.0	0.0	0.0	0.0	0.0	0.0	0.0	0.0	0.0	0.0	1.0	0.0	0.0	0.0	0.0	
212	251	5600.849244264	2228.5	2228.5	0.002167	0.0	0	0	0	0	249	0	0	0	0	0.0	0.0	0.0	0.0	0.0	0.0	0.0	0.0	0.0	0.0	0.0	0.0	0.0	5423.81	0.0	0.0	0.0	0.0	0.0	0.0	0.0	0.0	21.7824	0.0	0.0	0.0	0.0	0	0	0	0	23	0	0	0	0	0	0	0	0	0	0	0	0	0	0	0	0	0	226	0	0	0	0	0	0	0	0	0	0	0	0	0	0	0	0	0	0	0	0	0	0	0	0	0	0	0	0	0	0	0	0.0	0.0	0.0	0.0	0.0	0.0	0.0	0.0	0.0	0.0	0.0	0.0	0.0	1.0	0.0	0.0	0.0	0.0	
213	252	5614.616045891	2228.5	2228.5	0.002094	0.0	0	0	0	0	250	0	0	0	0	0.0	0.0	0.0	0.0	0.0	0.0	0.0	0.0	0.0	0.0	0.0	0.0	0.0	5437.57	0.0	0.0	0.0	0.0	0.0	0.0	0.0	0.0	21.7503	0.0	0.0	0.0	0.0	0	0	0	0	23	0	0	0	0	0	0	0	0	0	0	0	0	0	0	0	0	0	227	0	0	0	0	0	0	0	0	0	0	0	0	0	0	0	0	0	0	0	0	0	0	0	0	0	0	0	0	0	0	0	0.0	0.0	0.0	0.0	0.0	0.0	0.0	0.0	0.0	0.0	0.0	0.0	0.0	1.0	0.0	0.0	0.0	0.0	
214	253	5622.360312729	2228.5	2228.5	0.002039	0.0	0	0	0	0	251	0	0	0	0	0.0	0.0	0.0	0.0	0.0	0.0	0.0	0.0	0.0	0.0	0.0	0.0	0.0	5445.32	0.0	0.0	0.0	0.0	0.0	0.0	0.0	0.0	21.6945	0.0	0.0	0.0	0.0	0	0	0	0	23	0	0	0	0	0	0	0	0	0	0	0	0	0	0	0	0	0	228	0	0	0	0	0	0	0	0	0	0	0	0	0	0	0	0	0	0	0	0	0	0	0	0	0	0	0	0	0	0	0	0.0	0.0	0.0	0.0	0.0	0.0	0.0	0.0	0.0	0.0	0.0	0.0	0.0	1.0	0.0	0.0	0.0	0.0	
215	254	5645.544688134	2228.5	2228.5	0.002009	0.0	0	0	0	0	252	0	0	0	0	0.0	0.0	0.0	0.0	0.0	0.0	0.0	0.0	0.0	0.0	0.0	0.0	0.0	5468.5	0.0	0.0	0.0	0.0	0.0	0.0	0.0	0.0	21.7004	0.0	0.0	0.0	0.0	0	0	0	0	23	0	0	0	0	0	0	0	0	0	0	0	0	0	0	0	0	0	229	0	0	0	0	0	0	0	0	0	0	0	0	0	0	0	0	0	0	0	0	0	0	0	0	0	0	0	0	0	0	0	0.0	0.0	0.0	0.0	0.0	0.0	0.0	0.0	0.0	0.0	0.0	0.0	0.0	1.0	0.0	0.0	0.0	0.0	
216	255	5652.679010733	2228.5	2228.5	0.001922	0.0	0	0	0	0	253	0	0	0	0	0.0	0.0	0.0	0.0	0.0	0.0	0.0	0.0	0.0	0.0	0.0	0.0	0.0	5475.64	0.0	0.0	0.0	0.0	0.0	0.0	0.0	0.0	21.6428	0.0	0.0	0.0	0.0	0	0	0	0	23	0	0	0	0	0	0	0	0	0	0	0	0	0	0	0	0	0	230	0	0	0	0	0	0	0	0	0	0	0	0	0	0	0	0	0	0	0	0	0	0	0	0	0	0	0	0	0	0	0	0.0	0.0	0.0	0.0	0.0	0.0	0.0	0.0	0.0	0.0	0.0	0.0	0.0	1.0	0.0	0.0	0.0	0.0	
217	256	5666.421675174	2228.5	2228.5	0.001895	0.0	0	0	0	0	254	0	0	0	0	0.0	0.0	0.0	0.0	0.0	0.0	0.0	0.0	0.0	0.0	0.0	0.0	0.0	5489.38	0.0	0.0	0.0	0.0	0.0	0.0	0.0	0.0	21.6117	0.0	0.0	0.0	0.0	0	0	0	0	23	0	0	0	0	0	0	0	0	0	0	0	0	0	0	0	0	0	231	0	0	0	0	0	0	0	0	0	0	0	0	0	0	0	0	0	0	0	0	0	0	0	0	0	0	0	0	0	0	0	0.0	0.0	0.0	0.0	0.0	0.0	0.0	0.0	0.0	0.0	0.0	0.0	0.0	1.0	0.0	0.0	0.0	0.0	
218	257	5690.492612376	2228.5	2228.5	0.001846	0.0	0	0	0	0	255	0	0	0	0	0.0	0.0	0.0	0.0	0.0	0.0	0.0	0.0	0.0	0.0	0.0	0.0	0.0	5513.45	0.0	0.0	0.0	0.0	0.0	0.0	0.0	0.0	21.6214	0.0	0.0	0.0	0.0	0	0	0	0	23	0	0	0	0	0	0	0	0	0	0	0	0	0	0	0	0	0	232	0	0	0	0	0	0	0	0	0	0	0	0	0	0	0	0	0	0	0	0	0	0	0	0	0	0	0	0	0	0	0	0.0	0.0	0.0	0.0	0.0	0.0	0.0	0.0	0.0	0.0	0.0	0.0	0.0	1.0	0.0	0.0	0.0	0.0	
219	258	5735.56321489	2228.5	2228.5	0.001762	0.0	0	0	0	0	256	0	0	0	0	0.0	0.0	0.0	0.0	0.0	0.0	0.0	0.0	0.0	0.0	0.0	0.0	0.0	5558.52	0.0	0.0	0.0	0.0	0.0	0.0	0.0	0.0	21.713	0.0	0.0	0.0	0.0	0	0	0	0	23	0	0	0	0	0	0	0	0	0	0	0	0	0	0	0	0	0	233	0	0	0	0	0	0	0	0	0	0	0	0	0	0	0	0	0	0	0	0	0	0	0	0	0	0	0	0	0	0	0	0.0	0.0	0.0	0.0	0.0	0.0	0.0	0.0	0.0	0.0	0.0	0.0	0.0	1.0	0.0	0.0	0.0	0.0	
220	260	5748.259095246	2228.5	2228.5	0.001615	0.0	0	0	0	0	258	0	0	0	0	0.0	0.0	0.0	0.0	0.0	0.0	0.0	0.0	0.0	0.0	0.0	0.0	0.0	5571.22	0.0	0.0	0.0	0.0	0.0	0.0	0.0	0.0	21.5939	0.0	0.0	0.0	0.0	0	0	0	0	23	0	0	0	0	0	0	0	0	0	0	0	0	0	0	0	0	0	235	0	0	0	0	0	0	0	0	0	0	0	0	0	0	0	0	0	0	0	0	0	0	0	0	0	0	0	0	0	0	0	0.0	0.0	0.0	0.0	0.0	0.0	0.0	0.0	0.0	0.0	0.0	0.0	0.0	1.0	0.0	0.0	0.0	0.0	
221	262	5756.6142132	2228.5	2228.5	0.001576	0.0	0	0	0	0	260	0	0	0	0	0.0	0.0	0.0	0.0	0.0	0.0	0.0	0.0	0.0	0.0	0.0	0.0	0.0	5579.57	0.0	0.0	0.0	0.0	0.0	0.0	0.0	0.0	21.4599	0.0	0.0	0.0	0.0	0	0	0	0	23	0	0	0	0	0	0	0	0	0	0	0	0	0	0	0	0	0	237	0	0	0	0	0	0	0	0	0	0	0	0	0	0	0	0	0	0	0	0	0	0	0	0	0	0	0	0	0	0	0	0.0	0.0	0.0	0.0	0.0	0.0	0.0	0.0	0.0	0.0	0.0	0.0	0.0	1.0	0.0	0.0	0.0	0.0	
222	263	5768.084717154	2228.5	2228.5	0.001552	0.0	0	0	0	0	261	0	0	0	0	0.0	0.0	0.0	0.0	0.0	0.0	0.0	0.0	0.0	0.0	0.0	0.0	0.0	5591.04	0.0	0.0	0.0	0.0	0.0	0.0	0.0	0.0	21.4216	0.0	0.0	0.0	0.0	0	0	0	0	23	0	0	0	0	0	0	0	0	0	0	0	0	0	0	0	0	0	238	0	0	0	0	0	0	0	0	0	0	0	0	0	0	0	0	0	0	0	0	0	0	0	0	0	0	0	0	0	0	0	0.0	0.0	0.0	0.0	0.0	0.0	0.0	0.0	0.0	0.0	0.0	0.0	0.0	1.0	0.0	0.0	0.0	0.0	
223	264	5786.335173105	2228.5	2228.5	0.001518	0.0	0	0	0	0	262	0	0	0	0	0.0	0.0	0.0	0.0	0.0	0.0	0.0	0.0	0.0	0.0	0.0	0.0	0.0	5609.29	0.0	0.0	0.0	0.0	0.0	0.0	0.0	0.0	21.4095	0.0	0.0	0.0	0.0	0	0	0	0	23	0	0	0	0	0	0	0	0	0	0	0	0	0	0	0	0	0	239	0	0	0	0	0	0	0	0	0	0	0	0	0	0	0	0	0	0	0	0	0	0	0	0	0	0	0	0	0	0	0	0.0	0.0	0.0	0.0	0.0	0.0	0.0	0.0	0.0	0.0	0.0	0.0	0.0	1.0	0.0	0.0	0.0	0.0	
224	265	5816.509982336	2228.5	2228.5	0.001466	0.0	0	0	0	0	263	0	0	0	0	0.0	0.0	0.0	0.0	0.0	0.0	0.0	0.0	0.0	0.0	0.0	0.0	0.0	5639.47	0.0	0.0	0.0	0.0	0.0	0.0	0.0	0.0	21.4428	0.0	0.0	0.0	0.0	0	0	0	0	23	0	0	0	0	0	0	0	0	0	0	0	0	0	0	0	0	0	240	0	0	0	0	0	0	0	0	0	0	0	0	0	0	0	0	0	0	0	0	0	0	0	0	0	0	0	0	0	0	0	0.0	0.0	0.0	0.0	0.0	0.0	0.0	0.0	0.0	0.0	0.0	0.0	0.0	1.0	0.0	0.0	0.0	0.0	
225	266	5833.780766902	2228.5	2228.5	0.001383	0.0	0	0	0	0	264	0	0	0	0	0.0	0.0	0.0	0.0	0.0	0.0	0.0	0.0	0.0	0.0	0.0	0.0	0.0	5656.74	0.0	0.0	0.0	0.0	0.0	0.0	0.0	0.0	21.427	0.0	0.0	0.0	0.0	0	0	0	0	23	0	0	0	0	0	0	0	0	0	0	0	0	0	0	0	0	0	241	0	0	0	0	0	0	0	0	0	0	0	0	0	0	0	0	0	0	0	0	0	0	0	0	0	0	0	0	0	0	0	0.0	0.0	0.0	0.0	0.0	0.0	0.0	0.0	0.0	0.0	0.0	0.0	0.0	1.0	0.0	0.0	0.0	0.0	
226	267	5847.45856583	2228.5	2228.5	0.001338	0.0	0	0	0	0	265	0	0	0	0	0.0	0.0	0.0	0.0	0.0	0.0	0.0	0.0	0.0	0.0	0.0	0.0	0.0	5670.42	0.0	0.0	0.0	0.0	0.0	0.0	0.0	0.0	21.3978	0.0	0.0	0.0	0.0	0	0	0	0	23	0	0	0	0	0	0	0	0	0	0	0	0	0	0	0	0	0	242	0	0	0	0	0	0	0	0	0	0	0	0	0	0	0	0	0	0	0	0	0	0	0	0	0	0	0	0	0	0	0	0.0	0.0	0.0	0.0	0.0	0.0	0.0	0.0	0.0	0.0	0.0	0.0	0.0	1.0	0.0	0.0	0.0	0.0	
227	268	5870.72396224	2228.5	2228.5	0.001303	0.0	0	0	0	0	266	0	0	0	0	0.0	0.0	0.0	0.0	0.0	0.0	0.0	0.0	0.0	0.0	0.0	0.0	0.0	5693.68	0.0	0.0	0.0	0.0	0.0	0.0	0.0	0.0	21.4048	0.0	0.0	0.0	0.0	0	0	0	0	23	0	0	0	0	0	0	0	0	0	0	0	0	0	0	0	0	0	243	0	0	0	0	0	0	0	0	0	0	0	0	0	0	0	0	0	0	0	0	0	0	0	0	0	0	0	0	0	0	0	0.0	0.0	0.0	0.0	0.0	0.0	0.0	0.0	0.0	0.0	0.0	0.0	0.0	1.0	0.0	0.0	0.0	0.0	
228	269	5942.58521172	2228.5	2228.5	0.001246	0.0	0	0	0	0	267	0	0	0	0	0.0	0.0	0.0	0.0	0.0	0.0	0.0	0.0	0.0	0.0	0.0	0.0	0.0	5765.54	0.0	0.0	0.0	0.0	0.0	0.0	0.0	0.0	21.5938	0.0	0.0	0.0	0.0	0	0	0	0	23	0	0	0	0	0	0	0	0	0	0	0	0	0	0	0	0	0	244	0	0	0	0	0	0	0	0	0	0	0	0	0	0	0	0	0	0	0	0	0	0	0	0	0	0	0	0	0	0	0	0.0	0.0	0.0	0.0	0.0	0.0	0.0	0.0	0.0	0.0	0.0	0.0	0.0	1.0	0.0	0.0	0.0	0.0	
229	271	5950.412151778	2228.5	2228.5	0.001084	0.0	0	0	0	0	269	0	0	0	0	0.0	0.0	0.0	0.0	0.0	0.0	0.0	0.0	0.0	0.0	0.0	0.0	0.0	5773.37	0.0	0.0	0.0	0.0	0.0	0.0	0.0	0.0	21.4623	0.0	0.0	0.0	0.0	0	0	0	0	23	0	0	0	0	0	0	0	0	0	0	0	0	0	0	0	0	0	246	0	0	0	0	0	0	0	0	0	0	0	0	0	0	0	0	0	0	0	0	0	0	0	0	0	0	0	0	0	0	0	0.0	0.0	0.0	0.0	0.0	0.0	0.0	0.0	0.0	0.0	0.0	0.0	0.0	1.0	0.0	0.0	0.0	0.0	
230	272	5960.213251609	2228.5	2228.5	0.001069	0.0	0	0	0	0	270	0	0	0	0	0.0	0.0	0.0	0.0	0.0	0.0	0.0	0.0	0.0	0.0	0.0	0.0	0.0	5783.17	0.0	0.0	0.0	0.0	0.0	0.0	0.0	0.0	21.4192	0.0	0.0	0.0	0.0	0	0	0	0	23	0	0	0	0	0	0	0	0	0	0	0	0	0	0	0	0	0	247	0	0	0	0	0	0	0	0	0	0	0	0	0	0	0	0	0	0	0	0	0	0	0	0	0	0	0	0	0	0	0	0.0	0.0	0.0	0.0	0.0	0.0	0.0	0.0	0.0	0.0	0.0	0.0	0.0	1.0	0.0	0.0	0.0	0.0	
231	273	5966.245025547	2228.5	2228.5	0.001049	0.0	0	0	0	0	271	0	0	0	0	0.0	0.0	0.0	0.0	0.0	0.0	0.0	0.0	0.0	0.0	0.0	0.0	0.0	5789.2	0.0	0.0	0.0	0.0	0.0	0.0	0.0	0.0	21.3624	0.0	0.0	0.0	0.0	0	0	0	0	23	0	0	0	0	0	0	0	0	0	0	0	0	0	0	0	0	0	248	0	0	0	0	0	0	0	0	0	0	0	0	0	0	0	0	0	0	0	0	0	0	0	0	0	0	0	0	0	0	0	0.0	0.0	0.0	0.0	0.0	0.0	0.0	0.0	0.0	0.0	0.0	0.0	0.0	1.0	0.0	0.0	0.0	0.0	
232	274	6036.349680664	2225.5	2225.5	0.001037	0.0	0	0	0	0	272	0	0	0	0	0.0	0.0	0.0	0.0	0.1	0.0	0.0	0.0	0.0	0.0	0.0	0.0	0.0	5859.31	0.0	0.0	0.0	0.0	0.0	0.0	0.0	0.0	21.5416	0.0	0.0	0.0	0.0	0	0	0	0	24	0	0	0	0	0	0	0	0	0	0	0	0	0	0	0	0	0	248	0	0	0	0	0	0	0	0	0	0	0	0	0	0	0	0	0	0	0	0	0	0	0	0	0	0	0	0	0	0	0	0.0	0.0	0.0	0.0	0.000215	0.0	0.0	0.0	0.0	0.0	0.0	0.0	0.0	1.0	0.0	0.0	0.0	0.0	
233	275	6044.764125319	2225.5	2225.5	0.000906	0.0	0	0	0	0	273	0	0	0	0	0.0	0.0	0.0	0.0	0.09	0.0	0.0	0.0	0.0	0.0	0.0	0.0	0.0	5867.72	0.0	0.0	0.0	0.0	0.0	0.0	0.0	0.0	21.4935	0.0	0.0	0.0	0.0	0	0	0	0	24	0	0	0	0	0	0	0	0	0	0	0	0	0	0	0	0	0	249	0	0	0	0	0	0	0	0	0	0	0	0	0	0	0	0	0	0	0	0	0	0	0	0	0	0	0	0	0	0	0	0.0	0.0	0.0	0.0	0.000195	0.0	0.0	0.0	0.0	0.0	0.0	0.0	0.0	1.0	0.0	0.0	0.0	0.0	
234	276	6059.844334842	2225.5	2225.5	0.000892	0.0	0	0	0	0	274	0	0	0	0	0.0	0.0	0.0	0.0	0.081	0.0	0.0	0.0	0.0	0.0	0.0	0.0	0.0	5882.8	0.0	0.0	0.0	0.0	0.0	0.0	0.0	0.0	21.4701	0.0	0.0	0.0	0.0	0	0	0	0	24	0	0	0	0	0	0	0	0	0	0	0	0	0	0	0	0	0	250	0	0	0	0	0	0	0	0	0	0	0	0	0	0	0	0	0	0	0	0	0	0	0	0	0	0	0	0	0	0	0	0.0	0.0	0.0	0.0	0.000176	0.0	0.0	0.0	0.0	0.0	0.0	0.0	0.0	1.0	0.0	0.0	0.0	0.0	
235	277	6077.700601147	2218.0	2218.0	0.000866	0.0	0	0	0	0	275	0	0	0	0	0.0	0.0	0.0	0.0	0.1729	0.0	0.0	0.0	0.0	0.0	0.0	0.0	0.0	5900.66	0.0	0.0	0.0	0.0	0.0	0.0	0.0	0.0	21.4569	0.0	0.0	0.0	0.0	0	0	0	0	25	0	0	0	0	0	0	0	0	0	0	0	0	0	0	0	0	0	250	0	0	0	0	0	0	0	0	0	0	0	0	0	0	0	0	0	0	0	0	0	0	0	0	0	0	0	0	0	0	0	0.0	0.0	0.0	0.0	0.000376	0.0	0.0	0.0	0.0	0.0	0.0	0.0	0.0	1.0	0.0	0.0	0.0	0.0	
236	278	6095.74286415	2218.0	2218.0	0.000837	0.0	0	0	0	0	276	0	0	0	0	0.0	0.0	0.0	0.0	0.15561	0.0	0.0	0.0	0.0	0.0	0.0	0.0	0.0	5918.7	0.0	0.0	0.0	0.0	0.0	0.0	0.0	0.0	21.4446	0.0	0.0	0.0	0.0	0	0	0	0	25	0	0	0	0	0	0	0	0	0	0	0	0	0	0	0	0	0	251	0	0	0	0	0	0	0	0	0	0	0	0	0	0	0	0	0	0	0	0	0	0	0	0	0	0	0	0	0	0	0	0.0	0.0	0.0	0.0	0.000338	0.0	0.0	0.0	0.0	0.0	0.0	0.0	0.0	1.0	0.0	0.0	0.0	0.0	
237	279	6123.785530734	2218.0	2218.0	0.000808	0.0	0	0	0	0	277	0	0	0	0	0.0	0.0	0.0	0.0	0.140049	0.0	0.0	0.0	0.0	0.0	0.0	0.0	0.0	5946.74	0.0	0.0	0.0	0.0	0.0	0.0	0.0	0.0	21.4684	0.0	0.0	0.0	0.0	0	0	0	0	25	0	0	0	0	0	0	0	0	0	0	0	0	0	0	0	0	0	252	0	0	0	0	0	0	0	0	0	0	0	0	0	0	0	0	0	0	0	0	0	0	0	0	0	0	0	0	0	0	0	0.0	0.0	0.0	0.0	0.000304	0.0	0.0	0.0	0.0	0.0	0.0	0.0	0.0	1.0	0.0	0.0	0.0	0.0	
238	280	6135.759460656	2217.5	2217.5	0.000766	0.0	0	0	0	0	278	0	0	0	0	0.0	0.0	0.0	0.0	0.226044	0.0	0.0	0.0	0.0	0.0	0.0	0.0	0.0	5958.72	0.0	0.0	0.0	0.0	0.0	0.0	0.0	0.0	21.4342	0.0	0.0	0.0	0.0	0	0	0	0	26	0	0	0	0	0	0	0	0	0	0	0	0	0	0	0	0	0	252	0	0	0	0	0	0	0	0	0	0	0	0	0	0	0	0	0	0	0	0	0	0	0	0	0	0	0	0	0	0	0	0.0	0.0	0.0	0.0	0.000492	0.0	0.0	0.0	0.0	0.0	0.0	0.0	0.0	1.0	0.0	0.0	0.0	0.0	
239	281	6149.685432705	2217.5	2217.5	0.000748	0.0	0	0	0	0	279	0	0	0	0	0.0	0.0	0.0	0.0	0.20344	0.0	0.0	0.0	0.0	0.0	0.0	0.0	0.0	5972.64	0.0	0.0	0.0	0.0	0.0	0.0	0.0	0.0	21.4073	0.0	0.0	0.0	0.0	0	0	0	0	26	0	0	0	0	0	0	0	0	0	0	0	0	0	0	0	0	0	253	0	0	0	0	0	0	0	0	0	0	0	0	0	0	0	0	0	0	0	0	0	0	0	0	0	0	0	0	0	0	0	0.0	0.0	0.0	0.0	0.000444	0.0	0.0	0.0	0.0	0.0	0.0	0.0	0.0	1.0	0.0	0.0	0.0	0.0	
240	282	6163.825378692	2217.5	2217.5	0.000729	0.0	0	0	0	0	280	0	0	0	0	0.0	0.0	0.0	0.0	0.183096	0.0	0.0	0.0	0.0	0.0	0.0	0.0	0.0	5986.78	0.0	0.0	0.0	0.0	0.0	0.0	0.0	0.0	21.3814	0.0	0.0	0.0	0.0	0	0	0	0	26	0	0	0	0	0	0	0	0	0	0	0	0	0	0	0	0	0	254	0	0	0	0	0	0	0	0	0	0	0	0	0	0	0	0	0	0	0	0	0	0	0	0	0	0	0	0	0	0	0	0.0	0.0	0.0	0.0	0.000401	0.0	0.0	0.0	0.0	0.0	0.0	0.0	0.0	1.0	0.0	0.0	0.0	0.0	
241	284	6173.920921454	2217.5	2217.5	0.000708	0.0	0	0	0	0	282	0	0	0	0	0.0	0.0	0.0	0.0	0.148308	0.0	0.0	0.0	0.0	0.0	0.0	0.0	0.0	5996.88	0.0	0.0	0.0	0.0	0.0	0.0	0.0	0.0	21.2655	0.0	0.0	0.0	0.0	0	0	0	0	26	0	0	0	0	0	0	0	0	0	0	0	0	0	0	0	0	0	256	0	0	0	0	0	0	0	0	0	0	0	0	0	0	0	0	0	0	0	0	0	0	0	0	0	0	0	0	0	0	0	0.0	0.0	0.0	0.0	0.000328	0.0	0.0	0.0	0.0	0.0	0.0	0.0	0.0	1.0	0.0	0.0	0.0	0.0	
242	285	6183.181729343	2217.5	2217.5	0.000695	0.0	0	0	0	0	283	0	0	0	0	0.0	0.0	0.0	0.0	0.133477	0.0	0.0	0.0	0.0	0.0	0.0	0.0	0.0	6006.14	0.0	0.0	0.0	0.0	0.0	0.0	0.0	0.0	21.2231	0.0	0.0	0.0	0.0	0	0	0	0	26	0	0	0	0	0	0	0	0	0	0	0	0	0	0	0	0	0	257	0	0	0	0	0	0	0	0	0	0	0	0	0	0	0	0	0	0	0	0	0	0	0	0	0	0	0	0	0	0	0	0.0	0.0	0.0	0.0	0.000296	0.0	0.0	0.0	0.0	0.0	0.0	0.0	0.0	1.0	0.0	0.0	0.0	0.0	
243	286	6209.716310743	2217.5	2217.5	0.000683	0.0	0	0	0	0	284	0	0	0	0	0.0	0.0	0.0	0.0	0.120129	0.0	0.0	0.0	0.0	0.0	0.0	0.0	0.0	6032.67	0.0	0.0	0.0	0.0	0.0	0.0	0.0	0.0	21.2418	0.0	0.0	0.0	0.0	0	0	0	0	26	0	0	0	0	0	0	0	0	0	0	0	0	0	0	0	0	0	258	0	0	0	0	0	0	0	0	0	0	0	0	0	0	0	0	0	0	0	0	0	0	0	0	0	0	0	0	0	0	0	0.0	0.0	0.0	0.0	0.000266	0.0	0.0	0.0	0.0	0.0	0.0	0.0	0.0	1.0	0.0	0.0	0.0	0.0	
244	287	6215.777385297	2217.5	2217.5	0.000649	0.0	0	0	0	0	285	0	0	0	0	0.0	0.0	0.0	0.0	0.108116	0.0	0.0	0.0	0.0	0.0	0.0	0.0	0.0	6038.74	0.0	0.0	0.0	0.0	0.0	0.0	0.0	0.0	21.1885	0.0	0.0	0.0	0.0	0	0	0	0	26	0	0	0	0	0	0	0	0	0	0	0	0	0	0	0	0	0	259	0	0	0	0	0	0	0	0	0	0	0	0	0	0	0	0	0	0	0	0	0	0	0	0	0	0	0	0	0	0	0	0.0	0.0	0.0	0.0	0.000241	0.0	0.0	0.0	0.0	0.0	0.0	0.0	0.0	1.0	0.0	0.0	0.0	0.0	
245	288	6234.293756513	2217.5	2217.5	0.000642	0.0	0	0	0	0	286	0	0	0	0	0.0	0.0	0.0	0.0	0.097305	0.0	0.0	0.0	0.0	0.0	0.0	0.0	0.0	6057.25	0.0	0.0	0.0	0.0	0.0	0.0	0.0	0.0	21.1792	0.0	0.0	0.0	0.0	0	0	0	0	26	0	0	0	0	0	0	0	0	0	0	0	0	0	0	0	0	0	260	0	0	0	0	0	0	0	0	0	0	0	0	0	0	0	0	0	0	0	0	0	0	0	0	0	0	0	0	0	0	0	0.0	0.0	0.0	0.0	0.000217	0.0	0.0	0.0	0.0	0.0	0.0	0.0	0.0	1.0	0.0	0.0	0.0	0.0	
246	289	6241.872724492	2217.5	2217.5	0.000619	0.0	0	0	0	0	287	0	0	0	0	0.0	0.0	0.0	0.0	0.087574	0.0	0.0	0.0	0.0	0.0	0.0	0.0	0.0	6064.83	0.0	0.0	0.0	0.0	0.0	0.0	0.0	0.0	21.1318	0.0	0.0	0.0	0.0	0	0	0	0	26	0	0	0	0	0	0	0	0	0	0	0	0	0	0	0	0	0	261	0	0	0	0	0	0	0	0	0	0	0	0	0	0	0	0	0	0	0	0	0	0	0	0	0	0	0	0	0	0	0	0.0	0.0	0.0	0.0	0.000196	0.0	0.0	0.0	0.0	0.0	0.0	0.0	0.0	1.0	0.0	0.0	0.0	0.0	
247	290	6254.640322206	2217.5	2217.5	0.00061	0.0	0	0	0	0	288	0	0	0	0	0.0	0.0	0.0	0.0	0.078817	0.0	0.0	0.0	0.0	0.0	0.0	0.0	0.0	6077.6	0.0	0.0	0.0	0.0	0.0	0.0	0.0	0.0	21.1028	0.0	0.0	0.0	0.0	0	0	0	0	26	0	0	0	0	0	0	0	0	0	0	0	0	0	0	0	0	0	262	0	0	0	0	0	0	0	0	0	0	0	0	0	0	0	0	0	0	0	0	0	0	0	0	0	0	0	0	0	0	0	0.0	0.0	0.0	0.0	0.000177	0.0	0.0	0.0	0.0	0.0	0.0	0.0	0.0	1.0	0.0	0.0	0.0	0.0	
248	291	6264.258500069	2217.5	2217.5	0.000595	0.0	0	0	0	0	289	0	0	0	0	0.0	0.0	0.0	0.0	0.070935	0.0	0.0	0.0	0.0	0.0	0.0	0.0	0.0	6087.22	0.0	0.0	0.0	0.0	0.0	0.0	0.0	0.0	21.063	0.0	0.0	0.0	0.0	0	0	0	0	26	0	0	0	0	0	0	0	0	0	0	0	0	0	0	0	0	0	263	0	0	0	0	0	0	0	0	0	0	0	0	0	0	0	0	0	0	0	0	0	0	0	0	0	0	0	0	0	0	0	0.0	0.0	0.0	0.0	0.00016	0.0	0.0	0.0	0.0	0.0	0.0	0.0	0.0	1.0	0.0	0.0	0.0	0.0	
249	293	6301.479999039	2217.5	2217.5	0.000584	0.0	0	0	0	0	291	0	0	0	0	0.0	0.0	0.0	0.0	0.057457	0.0	0.0	0.0	0.0	0.0	0.0	0.0	0.0	6124.44	0.0	0.0	0.0	0.0	0.0	0.0	0.0	0.0	21.0462	0.0	0.0	0.0	0.0	0	0	0	0	26	0	0	0	0	0	0	0	0	0	0	0	0	0	0	0	0	0	265	0	0	0	0	0	0	0	0	0	0	0	0	0	0	0	0	0	0	0	0	0	0	0	0	0	0	0	0	0	0	0	0.0	0.0	0.0	0.0	0.00013	0.0	0.0	0.0	0.0	0.0	0.0	0.0	0.0	1.0	0.0	0.0	0.0	0.0	
250	294	6308.042166141	2217.5	2217.5	0.000544	0.0	0	0	0	0	292	0	0	0	0	0.0	0.0	0.0	0.0	0.051712	0.0	0.0	0.0	0.0	0.0	0.0	0.0	0.0	6131.0	0.0	0.0	0.0	0.0	0.0	0.0	0.0	0.0	20.9966	0.0	0.0	0.0	0.0	0	0	0	0	26	0	0	0	0	0	0	0	0	0	0	0	0	0	0	0	0	0	266	0	0	0	0	0	0	0	0	0	0	0	0	0	0	0	0	0	0	0	0	0	0	0	0	0	0	0	0	0	0	0	0.0	0.0	0.0	0.0	0.000117	0.0	0.0	0.0	0.0	0.0	0.0	0.0	0.0	1.0	0.0	0.0	0.0	0.0	
251	295	6314.738372408	2217.5	2217.5	0.000537	0.0	0	0	0	0	293	0	0	0	0	0.0	0.0	0.0	0.0	0.04654	0.0	0.0	0.0	0.0	0.0	0.0	0.0	0.0	6137.7	0.0	0.0	0.0	0.0	0.0	0.0	0.0	0.0	20.9478	0.0	0.0	0.0	0.0	0	0	0	0	26	0	0	0	0	0	0	0	0	0	0	0	0	0	0	0	0	0	267	0	0	0	0	0	0	0	0	0	0	0	0	0	0	0	0	0	0	0	0	0	0	0	0	0	0	0	0	0	0	0	0.0	0.0	0.0	0.0	0.000106	0.0	0.0	0.0	0.0	0.0	0.0	0.0	0.0	1.0	0.0	0.0	0.0	0.0	
252	296	6326.475830943	2214.0	2214.0	0.00053	0.0	0	0	0	0	294	0	0	0	0	0.0	0.0	0.0	0.0	0.141886	0.0	0.0	0.0	0.0	0.0	0.0	0.0	0.0	6149.43	0.0	0.0	0.0	0.0	0.0	0.0	0.0	0.0	20.9164	0.0	0.0	0.0	0.0	0	0	0	0	27	0	0	0	0	0	0	0	0	0	0	0	0	0	0	0	0	0	267	0	0	0	0	0	0	0	0	0	0	0	0	0	0	0	0	0	0	0	0	0	0	0	0	0	0	0	0	0	0	0	0.0	0.0	0.0	0.0	0.000324	0.0	0.0	0.0	0.0	0.0	0.0	0.0	0.0	1.0	0.0	0.0	0.0	0.0	
253	297	6389.441006856	2214.0	2214.0	0.000519	0.0	0	0	0	0	295	0	0	0	0	0.0	0.0	0.0	0.0	0.127698	0.0	0.0	0.0	0.0	0.0	0.0	0.0	0.0	6212.4	0.0	0.0	0.0	0.0	0.0	0.0	0.0	0.0	21.059	0.0	0.0	0.0	0.0	0	0	0	0	27	0	0	0	0	0	0	0	0	0	0	0	0	0	0	0	0	0	268	0	0	0	0	0	0	0	0	0	0	0	0	0	0	0	0	0	0	0	0	0	0	0	0	0	0	0	0	0	0	0	0.0	0.0	0.0	0.0	0.000288	0.0	0.0	0.0	0.0	0.0	0.0	0.0	0.0	1.0	0.0	0.0	0.0	0.0	
254	298	6397.039997255	2214.0	2214.0	0.000459	0.0	0	0	0	0	296	0	0	0	0	0.0	0.0	0.0	0.0	0.114928	0.0	0.0	0.0	0.0	0.0	0.0	0.0	0.0	6220.0	0.0	0.0	0.0	0.0	0.0	0.0	0.0	0.0	21.0135	0.0	0.0	0.0	0.0	0	0	0	0	27	0	0	0	0	0	0	0	0	0	0	0	0	0	0	0	0	0	269	0	0	0	0	0	0	0	0	0	0	0	0	0	0	0	0	0	0	0	0	0	0	0	0	0	0	0	0	0	0	0	0.0	0.0	0.0	0.0	0.00026	0.0	0.0	0.0	0.0	0.0	0.0	0.0	0.0	1.0	0.0	0.0	0.0	0.0	
255	299	6415.679721746	2214.0	2214.0	0.000453	0.0	0	0	0	0	297	0	0	0	0	0.0	0.0	0.0	0.0	0.103435	0.0	0.0	0.0	0.0	0.0	0.0	0.0	0.0	6238.64	0.0	0.0	0.0	0.0	0.0	0.0	0.0	0.0	21.0055	0.0	0.0	0.0	0.0	0	0	0	0	27	0	0	0	0	0	0	0	0	0	0	0	0	0	0	0	0	0	270	0	0	0	0	0	0	0	0	0	0	0	0	0	0	0	0	0	0	0	0	0	0	0	0	0	0	0	0	0	0	0	0.0	0.0	0.0	0.0	0.000234	0.0	0.0	0.0	0.0	0.0	0.0	0.0	0.0	1.0	0.0	0.0	0.0	0.0	
256	300	6423.840829649	2214.0	2214.0	0.000437	0.0	0	0	0	0	298	0	0	0	0	0.0	0.0	0.0	0.0	0.093092	0.0	0.0	0.0	0.0	0.0	0.0	0.0	0.0	6246.8	0.0	0.0	0.0	0.0	0.0	0.0	0.0	0.0	20.9624	0.0	0.0	0.0	0.0	0	0	0	0	27	0	0	0	0	0	0	0	0	0	0	0	0	0	0	0	0	0	271	0	0	0	0	0	0	0	0	0	0	0	0	0	0	0	0	0	0	0	0	0	0	0	0	0	0	0	0	0	0	0	0.0	0.0	0.0	0.0	0.000212	0.0	0.0	0.0	0.0	0.0	0.0	0.0	0.0	1.0	0.0	0.0	0.0	0.0	
257	301	6439.935314	2214.0	2214.0	0.00043	0.0	0	0	0	0	299	0	0	0	0	0.0	0.0	0.0	0.0	0.083782	0.0	0.0	0.0	0.0	0.0	0.0	0.0	0.0	6262.89	0.0	0.0	0.0	0.0	0.0	0.0	0.0	0.0	20.9461	0.0	0.0	0.0	0.0	0	0	0	0	27	0	0	0	0	0	0	0	0	0	0	0	0	0	0	0	0	0	272	0	0	0	0	0	0	0	0	0	0	0	0	0	0	0	0	0	0	0	0	0	0	0	0	0	0	0	0	0	0	0	0.0	0.0	0.0	0.0	0.000191	0.0	0.0	0.0	0.0	0.0	0.0	0.0	0.0	1.0	0.0	0.0	0.0	0.0	
258	302	6447.088387509	2214.0	2214.0	0.000417	0.0	0	0	0	0	300	0	0	0	0	0.0	0.0	0.0	0.0	0.075404	0.0	0.0	0.0	0.0	0.0	0.0	0.0	0.0	6270.05	0.0	0.0	0.0	0.0	0.0	0.0	0.0	0.0	20.9002	0.0	0.0	0.0	0.0	0	0	0	0	27	0	0	0	0	0	0	0	0	0	0	0	0	0	0	0	0	0	273	0	0	0	0	0	0	0	0	0	0	0	0	0	0	0	0	0	0	0	0	0	0	0	0	0	0	0	0	0	0	0	0.0	0.0	0.0	0.0	0.000173	0.0	0.0	0.0	0.0	0.0	0.0	0.0	0.0	1.0	0.0	0.0	0.0	0.0	
259	303	6470.020030746	2214.0	2214.0	0.000411	0.0	0	0	0	0	301	0	0	0	0	0.0	0.0	0.0	0.0	0.067864	0.0	0.0	0.0	0.0	0.0	0.0	0.0	0.0	6292.98	0.0	0.0	0.0	0.0	0.0	0.0	0.0	0.0	20.9069	0.0	0.0	0.0	0.0	0	0	0	0	27	0	0	0	0	0	0	0	0	0	0	0	0	0	0	0	0	0	274	0	0	0	0	0	0	0	0	0	0	0	0	0	0	0	0	0	0	0	0	0	0	0	0	0	0	0	0	0	0	0	0.0	0.0	0.0	0.0	0.000155	0.0	0.0	0.0	0.0	0.0	0.0	0.0	0.0	1.0	0.0	0.0	0.0	0.0	
260	304	6481.640629633	2214.0	2214.0	0.000393	0.0	0	0	0	0	302	0	0	0	0	0.0	0.0	0.0	0.0	0.061078	0.0	0.0	0.0	0.0	0.0	0.0	0.0	0.0	6304.6	0.0	0.0	0.0	0.0	0.0	0.0	0.0	0.0	20.8762	0.0	0.0	0.0	0.0	0	0	0	0	27	0	0	0	0	0	0	0	0	0	0	0	0	0	0	0	0	0	275	0	0	0	0	0	0	0	0	0	0	0	0	0	0	0	0	0	0	0	0	0	0	0	0	0	0	0	0	0	0	0	0.0	0.0	0.0	0.0	0.00014	0.0	0.0	0.0	0.0	0.0	0.0	0.0	0.0	1.0	0.0	0.0	0.0	0.0	
261	305	6494.538509566	2214.0	2214.0	0.000385	0.0	0	0	0	0	303	0	0	0	0	0.0	0.0	0.0	0.0	0.05497	0.0	0.0	0.0	0.0	0.0	0.0	0.0	0.0	6317.5	0.0	0.0	0.0	0.0	0.0	0.0	0.0	0.0	20.8498	0.0	0.0	0.0	0.0	0	0	0	0	27	0	0	0	0	0	0	0	0	0	0	0	0	0	0	0	0	0	276	0	0	0	0	0	0	0	0	0	0	0	0	0	0	0	0	0	0	0	0	0	0	0	0	0	0	0	0	0	0	0	0.0	0.0	0.0	0.0	0.000126	0.0	0.0	0.0	0.0	0.0	0.0	0.0	0.0	1.0	0.0	0.0	0.0	0.0	
262	306	6511.385086569	2214.0	2214.0	0.000375	0.0	0	0	0	0	304	0	0	0	0	0.0	0.0	0.0	0.0	0.049473	0.0	0.0	0.0	0.0	0.0	0.0	0.0	0.0	6334.34	0.0	0.0	0.0	0.0	0.0	0.0	0.0	0.0	20.8367	0.0	0.0	0.0	0.0	0	0	0	0	27	0	0	0	0	0	0	0	0	0	0	0	0	0	0	0	0	0	277	0	0	0	0	0	0	0	0	0	0	0	0	0	0	0	0	0	0	0	0	0	0	0	0	0	0	0	0	0	0	0	0.0	0.0	0.0	0.0	0.000114	0.0	0.0	0.0	0.0	0.0	0.0	0.0	0.0	1.0	0.0	0.0	0.0	0.0	
263	307	6528.986431111	2214.0	2214.0	0.000363	0.0	0	0	0	0	305	0	0	0	0	0.0	0.0	0.0	0.0	0.044526	0.0	0.0	0.0	0.0	0.0	0.0	0.0	0.0	6351.94	0.0	0.0	0.0	0.0	0.0	0.0	0.0	0.0	20.826	0.0	0.0	0.0	0.0	0	0	0	0	27	0	0	0	0	0	0	0	0	0	0	0	0	0	0	0	0	0	278	0	0	0	0	0	0	0	0	0	0	0	0	0	0	0	0	0	0	0	0	0	0	0	0	0	0	0	0	0	0	0	0.0	0.0	0.0	0.0	0.000103	0.0	0.0	0.0	0.0	0.0	0.0	0.0	0.0	1.0	0.0	0.0	0.0	0.0	
264	308	6539.160101167	2214.0	2214.0	0.000351	0.0	0	0	0	0	306	0	0	0	0	0.0	0.0	0.0	0.0	0.040073	0.0	0.0	0.0	0.0	0.0	0.0	0.0	0.0	6362.12	0.0	0.0	0.0	0.0	0.0	0.0	0.0	0.0	20.7912	0.0	0.0	0.0	0.0	0	0	0	0	27	0	0	0	0	0	0	0	0	0	0	0	0	0	0	0	0	0	279	0	0	0	0	0	0	0	0	0	0	0	0	0	0	0	0	0	0	0	0	0	0	0	0	0	0	0	0	0	0	0	0.0	0.0	0.0	0.0	9.3e-5	0.0	0.0	0.0	0.0	0.0	0.0	0.0	0.0	1.0	0.0	0.0	0.0	0.0	
265	309	6586.194455201	2214.0	2214.0	0.000344	0.0	0	0	0	0	307	0	0	0	0	0.0	0.0	0.0	0.0	0.036066	0.0	0.0	0.0	0.0	0.0	0.0	0.0	0.0	6409.15	0.0	0.0	0.0	0.0	0.0	0.0	0.0	0.0	20.8767	0.0	0.0	0.0	0.0	0	0	0	0	27	0	0	0	0	0	0	0	0	0	0	0	0	0	0	0	0	0	280	0	0	0	0	0	0	0	0	0	0	0	0	0	0	0	0	0	0	0	0	0	0	0	0	0	0	0	0	0	0	0	0.0	0.0	0.0	0.0	8.3e-5	0.0	0.0	0.0	0.0	0.0	0.0	0.0	0.0	1.0	0.0	0.0	0.0	0.0	
266	310	6596.853810256	2214.0	2214.0	0.000315	0.0	0	0	0	0	308	0	0	0	0	0.0	0.0	0.0	0.0	0.032459	0.0	0.0	0.0	0.0	0.0	0.0	0.0	0.0	6419.81	0.0	0.0	0.0	0.0	0.0	0.0	0.0	0.0	20.8435	0.0	0.0	0.0	0.0	0	0	0	0	27	0	0	0	0	0	0	0	0	0	0	0	0	0	0	0	0	0	281	0	0	0	0	0	0	0	0	0	0	0	0	0	0	0	0	0	0	0	0	0	0	0	0	0	0	0	0	0	0	0	0.0	0.0	0.0	0.0	7.5e-5	0.0	0.0	0.0	0.0	0.0	0.0	0.0	0.0	1.0	0.0	0.0	0.0	0.0	
267	311	6623.01139714	2214.0	2214.0	0.000308	0.0	0	0	0	0	309	0	0	0	0	0.0	0.0	0.0	0.0	0.029213	0.0	0.0	0.0	0.0	0.0	0.0	0.0	0.0	6445.97	0.0	0.0	0.0	0.0	0.0	0.0	0.0	0.0	20.8607	0.0	0.0	0.0	0.0	0	0	0	0	27	0	0	0	0	0	0	0	0	0	0	0	0	0	0	0	0	0	282	0	0	0	0	0	0	0	0	0	0	0	0	0	0	0	0	0	0	0	0	0	0	0	0	0	0	0	0	0	0	0	0.0	0.0	0.0	0.0	6.7e-5	0.0	0.0	0.0	0.0	0.0	0.0	0.0	0.0	1.0	0.0	0.0	0.0	0.0	
268	312	6630.391326783	2214.0	2214.0	0.000293	0.0	0	0	0	0	310	0	0	0	0	0.0	0.0	0.0	0.0	0.026292	0.0	0.0	0.0	0.0	0.0	0.0	0.0	0.0	6453.35	0.0	0.0	0.0	0.0	0.0	0.0	0.0	0.0	20.8173	0.0	0.0	0.0	0.0	0	0	0	0	27	0	0	0	0	0	0	0	0	0	0	0	0	0	0	0	0	0	283	0	0	0	0	0	0	0	0	0	0	0	0	0	0	0	0	0	0	0	0	0	0	0	0	0	0	0	0	0	0	0	0.0	0.0	0.0	0.0	6.1e-5	0.0	0.0	0.0	0.0	0.0	0.0	0.0	0.0	1.0	0.0	0.0	0.0	0.0	
269	313	6639.454843004	2214.0	2214.0	0.000289	0.0	0	0	0	0	311	0	0	0	0	0.0	0.0	0.0	0.0	0.023663	0.0	0.0	0.0	0.0	0.0	0.0	0.0	0.0	6462.41	0.0	0.0	0.0	0.0	0.0	0.0	0.0	0.0	20.7795	0.0	0.0	0.0	0.0	0	0	0	0	27	0	0	0	0	0	0	0	0	0	0	0	0	0	0	0	0	0	284	0	0	0	0	0	0	0	0	0	0	0	0	0	0	0	0	0	0	0	0	0	0	0	0	0	0	0	0	0	0	0	0.0	0.0	0.0	0.0	5.5e-5	0.0	0.0	0.0	0.0	0.0	0.0	0.0	0.0	1.0	0.0	0.0	0.0	0.0	
270	314	6648.718901857	2214.0	2214.0	0.000284	0.0	0	0	0	0	312	0	0	0	0	0.0	0.0	0.0	0.0	0.021296	0.0	0.0	0.0	0.0	0.0	0.0	0.0	0.0	6471.68	0.0	0.0	0.0	0.0	0.0	0.0	0.0	0.0	20.7426	0.0	0.0	0.0	0.0	0	0	0	0	27	0	0	0	0	0	0	0	0	0	0	0	0	0	0	0	0	0	285	0	0	0	0	0	0	0	0	0	0	0	0	0	0	0	0	0	0	0	0	0	0	0	0	0	0	0	0	0	0	0	0.0	0.0	0.0	0.0	4.9e-5	0.0	0.0	0.0	0.0	0.0	0.0	0.0	0.0	1.0	0.0	0.0	0.0	0.0	
271	315	6655.421460581	2214.0	2214.0	0.000279	0.0	0	0	0	0	313	0	0	0	0	0.0	0.0	0.0	0.0	0.019167	0.0	0.0	0.0	0.0	0.0	0.0	0.0	0.0	6478.38	0.0	0.0	0.0	0.0	0.0	0.0	0.0	0.0	20.6977	0.0	0.0	0.0	0.0	0	0	0	0	27	0	0	0	0	0	0	0	0	0	0	0	0	0	0	0	0	0	286	0	0	0	0	0	0	0	0	0	0	0	0	0	0	0	0	0	0	0	0	0	0	0	0	0	0	0	0	0	0	0	0.0	0.0	0.0	0.0	4.5e-5	0.0	0.0	0.0	0.0	0.0	0.0	0.0	0.0	1.0	0.0	0.0	0.0	0.0	
272	316	6675.345306498	2214.0	2214.0	0.000275	0.0	0	0	0	0	314	0	0	0	0	0.0	0.0	0.0	0.0	0.01725	0.0	0.0	0.0	0.0	0.0	0.0	0.0	0.0	6498.3	0.0	0.0	0.0	0.0	0.0	0.0	0.0	0.0	20.6952	0.0	0.0	0.0	0.0	0	0	0	0	27	0	0	0	0	0	0	0	0	0	0	0	0	0	0	0	0	0	287	0	0	0	0	0	0	0	0	0	0	0	0	0	0	0	0	0	0	0	0	0	0	0	0	0	0	0	0	0	0	0	0.0	0.0	0.0	0.0	4.0e-5	0.0	0.0	0.0	0.0	0.0	0.0	0.0	0.0	1.0	0.0	0.0	0.0	0.0	
273	317	6689.936835406	2214.0	2214.0	0.000265	0.0	0	0	0	0	315	0	0	0	0	0.0	0.0	0.0	0.0	0.015525	0.0	0.0	0.0	0.0	0.0	0.0	0.0	0.0	6512.89	0.0	0.0	0.0	0.0	0.0	0.0	0.0	0.0	20.6759	0.0	0.0	0.0	0.0	0	0	0	0	27	0	0	0	0	0	0	0	0	0	0	0	0	0	0	0	0	0	288	0	0	0	0	0	0	0	0	0	0	0	0	0	0	0	0	0	0	0	0	0	0	0	0	0	0	0	0	0	0	0	0.0	0.0	0.0	0.0	3.6e-5	0.0	0.0	0.0	0.0	0.0	0.0	0.0	0.0	1.0	0.0	0.0	0.0	0.0	
274	318	6719.607735771	2214.0	2214.0	0.000258	0.0	0	0	0	0	316	0	0	0	0	0.0	0.0	0.0	0.0	0.013973	0.0	0.0	0.0	0.0	0.0	0.0	0.0	0.0	6542.57	0.0	0.0	0.0	0.0	0.0	0.0	0.0	0.0	20.7043	0.0	0.0	0.0	0.0	0	0	0	0	27	0	0	0	0	0	0	0	0	0	0	0	0	0	0	0	0	0	289	0	0	0	0	0	0	0	0	0	0	0	0	0	0	0	0	0	0	0	0	0	0	0	0	0	0	0	0	0	0	0	0.0	0.0	0.0	0.0	3.3e-5	0.0	0.0	0.0	0.0	0.0	0.0	0.0	0.0	1.0	0.0	0.0	0.0	0.0	
275	319	6733.26162598	2214.0	2214.0	0.000243	0.0	0	0	0	0	317	0	0	0	0	0.0	0.0	0.0	0.0	0.012575	0.0	0.0	0.0	0.0	0.0	0.0	0.0	0.0	6556.22	0.0	0.0	0.0	0.0	0.0	0.0	0.0	0.0	20.6821	0.0	0.0	0.0	0.0	0	0	0	0	27	0	0	0	0	0	0	0	0	0	0	0	0	0	0	0	0	0	290	0	0	0	0	0	0	0	0	0	0	0	0	0	0	0	0	0	0	0	0	0	0	0	0	0	0	0	0	0	0	0	0.0	0.0	0.0	0.0	2.9e-5	0.0	0.0	0.0	0.0	0.0	0.0	0.0	0.0	1.0	0.0	0.0	0.0	0.0	
276	320	6741.765393808	2214.0	2214.0	0.000237	0.0	0	0	0	0	318	0	0	0	0	0.0	0.0	0.0	0.0	0.011318	0.0	0.0	0.0	0.0	0.0	0.0	0.0	0.0	6564.72	0.0	0.0	0.0	0.0	0.0	0.0	0.0	0.0	20.6438	0.0	0.0	0.0	0.0	0	0	0	0	27	0	0	0	0	0	0	0	0	0	0	0	0	0	0	0	0	0	291	0	0	0	0	0	0	0	0	0	0	0	0	0	0	0	0	0	0	0	0	0	0	0	0	0	0	0	0	0	0	0	0.0	0.0	0.0	0.0	2.7e-5	0.0	0.0	0.0	0.0	0.0	0.0	0.0	0.0	1.0	0.0	0.0	0.0	0.0	
277	321	6765.935736068	2214.0	2214.0	0.000233	0.0	0	0	0	0	319	0	0	0	0	0.0	0.0	0.0	0.0	0.010186	0.0	0.0	0.0	0.0	0.0	0.0	0.0	0.0	6588.89	0.0	0.0	0.0	0.0	0.0	0.0	0.0	0.0	20.6548	0.0	0.0	0.0	0.0	0	0	0	0	27	0	0	0	0	0	0	0	0	0	0	0	0	0	0	0	0	0	292	0	0	0	0	0	0	0	0	0	0	0	0	0	0	0	0	0	0	0	0	0	0	0	0	0	0	0	0	0	0	0	0.0	0.0	0.0	0.0	2.4e-5	0.0	0.0	0.0	0.0	0.0	0.0	0.0	0.0	1.0	0.0	0.0	0.0	0.0	
278	322	6836.414870826	2214.0	2214.0	0.000223	0.0	0	0	0	0	320	0	0	0	0	0.0	0.0	0.0	0.0	0.009167	0.0	0.0	0.0	0.0	0.0	0.0	0.0	0.0	6659.37	0.0	0.0	0.0	0.0	0.0	0.0	0.0	0.0	20.8105	0.0	0.0	0.0	0.0	0	0	0	0	27	0	0	0	0	0	0	0	0	0	0	0	0	0	0	0	0	0	293	0	0	0	0	0	0	0	0	0	0	0	0	0	0	0	0	0	0	0	0	0	0	0	0	0	0	0	0	0	0	0	0.0	0.0	0.0	0.0	2.1e-5	0.0	0.0	0.0	0.0	0.0	0.0	0.0	0.0	1.0	0.0	0.0	0.0	0.0	
279	323	6842.178915788	2214.0	2214.0	0.000194	0.0	0	0	0	0	321	0	0	0	0	0.0	0.0	0.0	0.0	0.008251	0.0	0.0	0.0	0.0	0.0	0.0	0.0	0.0	6665.14	0.0	0.0	0.0	0.0	0.0	0.0	0.0	0.0	20.7637	0.0	0.0	0.0	0.0	0	0	0	0	27	0	0	0	0	0	0	0	0	0	0	0	0	0	0	0	0	0	294	0	0	0	0	0	0	0	0	0	0	0	0	0	0	0	0	0	0	0	0	0	0	0	0	0	0	0	0	0	0	0	0.0	0.0	0.0	0.0	1.9e-5	0.0	0.0	0.0	0.0	0.0	0.0	0.0	0.0	1.0	0.0	0.0	0.0	0.0	
280	324	6852.928379487	2214.0	2214.0	0.000192	0.0	0	0	0	0	322	0	0	0	0	0.0	0.0	0.0	0.0	0.007426	0.0	0.0	0.0	0.0	0.0	0.0	0.0	0.0	6675.89	0.0	0.0	0.0	0.0	0.0	0.0	0.0	0.0	20.7326	0.0	0.0	0.0	0.0	0	0	0	0	27	0	0	0	0	0	0	0	0	0	0	0	0	0	0	0	0	0	295	0	0	0	0	0	0	0	0	0	0	0	0	0	0	0	0	0	0	0	0	0	0	0	0	0	0	0	0	0	0	0	0.0	0.0	0.0	0.0	1.7e-5	0.0	0.0	0.0	0.0	0.0	0.0	0.0	0.0	1.0	0.0	0.0	0.0	0.0	
281	325	6880.821814181	2214.0	2214.0	0.000188	0.0	0	0	0	0	323	0	0	0	0	0.0	0.0	0.0	0.0	0.006683	0.0	0.0	0.0	0.0	0.0	0.0	0.0	0.0	6703.78	0.0	0.0	0.0	0.0	0.0	0.0	0.0	0.0	20.7547	0.0	0.0	0.0	0.0	0	0	0	0	27	0	0	0	0	0	0	0	0	0	0	0	0	0	0	0	0	0	296	0	0	0	0	0	0	0	0	0	0	0	0	0	0	0	0	0	0	0	0	0	0	0	0	0	0	0	0	0	0	0	0.0	0.0	0.0	0.0	1.6e-5	0.0	0.0	0.0	0.0	0.0	0.0	0.0	0.0	1.0	0.0	0.0	0.0	0.0	
282	326	6896.745672461	2214.0	2214.0	0.000179	0.0	0	0	0	0	324	0	0	0	0	0.0	0.0	0.0	0.0	0.006015	0.0	0.0	0.0	0.0	0.0	0.0	0.0	0.0	6719.7	0.0	0.0	0.0	0.0	0.0	0.0	0.0	0.0	20.7398	0.0	0.0	0.0	0.0	0	0	0	0	27	0	0	0	0	0	0	0	0	0	0	0	0	0	0	0	0	0	297	0	0	0	0	0	0	0	0	0	0	0	0	0	0	0	0	0	0	0	0	0	0	0	0	0	0	0	0	0	0	0	0.0	0.0	0.0	0.0	1.4e-5	0.0	0.0	0.0	0.0	0.0	0.0	0.0	0.0	1.0	0.0	0.0	0.0	0.0	
283	327	6921.930359766	2214.0	2214.0	0.000173	0.0	0	0	0	0	325	0	0	0	0	0.0	0.0	0.0	0.0	0.005413	0.0	0.0	0.0	0.0	0.0	0.0	0.0	0.0	6744.89	0.0	0.0	0.0	0.0	0.0	0.0	0.0	0.0	20.7535	0.0	0.0	0.0	0.0	0	0	0	0	27	0	0	0	0	0	0	0	0	0	0	0	0	0	0	0	0	0	298	0	0	0	0	0	0	0	0	0	0	0	0	0	0	0	0	0	0	0	0	0	0	0	0	0	0	0	0	0	0	0	0.0	0.0	0.0	0.0	1.3e-5	0.0	0.0	0.0	0.0	0.0	0.0	0.0	0.0	1.0	0.0	0.0	0.0	0.0	
284	329	6932.060022925	2214.0	2214.0	0.000165	0.0	0	0	0	0	327	0	0	0	0	0.0	0.0	0.0	0.0	0.004385	0.0	0.0	0.0	0.0	0.0	0.0	0.0	0.0	6755.02	0.0	0.0	0.0	0.0	0.0	0.0	0.0	0.0	20.6575	0.0	0.0	0.0	0.0	0	0	0	0	27	0	0	0	0	0	0	0	0	0	0	0	0	0	0	0	0	0	300	0	0	0	0	0	0	0	0	0	0	0	0	0	0	0	0	0	0	0	0	0	0	0	0	0	0	0	0	0	0	0	0.0	0.0	0.0	0.0	1.0e-5	0.0	0.0	0.0	0.0	0.0	0.0	0.0	0.0	1.0	0.0	0.0	0.0	0.0	
285	330	6937.976264769	2214.0	2214.0	0.000162	0.0	0	0	0	0	328	0	0	0	0	0.0	0.0	0.0	0.0	0.003946	0.0	0.0	0.0	0.0	0.0	0.0	0.0	0.0	6760.93	0.0	0.0	0.0	0.0	0.0	0.0	0.0	0.0	20.6126	0.0	0.0	0.0	0.0	0	0	0	0	27	0	0	0	0	0	0	0	0	0	0	0	0	0	0	0	0	0	301	0	0	0	0	0	0	0	0	0	0	0	0	0	0	0	0	0	0	0	0	0	0	0	0	0	0	0	0	0	0	0	0.0	0.0	0.0	0.0	9.0e-6	0.0	0.0	0.0	0.0	0.0	0.0	0.0	0.0	1.0	0.0	0.0	0.0	0.0	
286	331	6989.686170842	2214.0	2214.0	0.00016	0.0	0	0	0	0	329	0	0	0	0	0.0	0.0	0.0	0.0	0.003552	0.0	0.0	0.0	0.0	0.0	0.0	0.0	0.0	6812.64	0.0	0.0	0.0	0.0	0.0	0.0	0.0	0.0	20.7071	0.0	0.0	0.0	0.0	0	0	0	0	27	0	0	0	0	0	0	0	0	0	0	0	0	0	0	0	0	0	302	0	0	0	0	0	0	0	0	0	0	0	0	0	0	0	0	0	0	0	0	0	0	0	0	0	0	0	0	0	0	0	0.0	0.0	0.0	0.0	8.0e-6	0.0	0.0	0.0	0.0	0.0	0.0	0.0	0.0	1.0	0.0	0.0	0.0	0.0	
287	332	6998.771253347	2214.0	2214.0	0.000145	0.0	0	0	0	0	330	0	0	0	0	0.0	0.0	0.0	0.0	0.003196	0.0	0.0	0.0	0.0	0.0	0.0	0.0	0.0	6821.73	0.0	0.0	0.0	0.0	0.0	0.0	0.0	0.0	20.6719	0.0	0.0	0.0	0.0	0	0	0	0	27	0	0	0	0	0	0	0	0	0	0	0	0	0	0	0	0	0	303	0	0	0	0	0	0	0	0	0	0	0	0	0	0	0	0	0	0	0	0	0	0	0	0	0	0	0	0	0	0	0	0.0	0.0	0.0	0.0	7.0e-6	0.0	0.0	0.0	0.0	0.0	0.0	0.0	0.0	1.0	0.0	0.0	0.0	0.0	
288	333	7006.663044098	2214.0	2214.0	0.000142	0.0	0	0	0	0	331	0	0	0	0	0.0	0.0	0.0	0.0	0.002877	0.0	0.0	0.0	0.0	0.0	0.0	0.0	0.0	6829.62	0.0	0.0	0.0	0.0	0.0	0.0	0.0	0.0	20.6333	0.0	0.0	0.0	0.0	0	0	0	0	27	0	0	0	0	0	0	0	0	0	0	0	0	0	0	0	0	0	304	0	0	0	0	0	0	0	0	0	0	0	0	0	0	0	0	0	0	0	0	0	0	0	0	0	0	0	0	0	0	0	0.0	0.0	0.0	0.0	7.0e-6	0.0	0.0	0.0	0.0	0.0	0.0	0.0	0.0	1.0	0.0	0.0	0.0	0.0	
289	334	7013.755879751	2214.0	2214.0	0.00014	0.0	0	0	0	0	332	0	0	0	0	0.0	0.0	0.0	0.0	0.002589	0.0	0.0	0.0	0.0	0.0	0.0	0.0	0.0	6836.71	0.0	0.0	0.0	0.0	0.0	0.0	0.0	0.0	20.5925	0.0	0.0	0.0	0.0	0	0	0	0	27	0	0	0	0	0	0	0	0	0	0	0	0	0	0	0	0	0	305	0	0	0	0	0	0	0	0	0	0	0	0	0	0	0	0	0	0	0	0	0	0	0	0	0	0	0	0	0	0	0	0.0	0.0	0.0	0.0	6.0e-6	0.0	0.0	0.0	0.0	0.0	0.0	0.0	0.0	1.0	0.0	0.0	0.0	0.0	
290	335	7019.836426736	2214.0	2214.0	0.000138	0.0	0	0	0	0	333	0	0	0	0	0.0	0.0	0.0	0.0	0.00233	0.0	0.0	0.0	0.0	0.0	0.0	0.0	0.0	6842.79	0.0	0.0	0.0	0.0	0.0	0.0	0.0	0.0	20.5489	0.0	0.0	0.0	0.0	0	0	0	0	27	0	0	0	0	0	0	0	0	0	0	0	0	0	0	0	0	0	306	0	0	0	0	0	0	0	0	0	0	0	0	0	0	0	0	0	0	0	0	0	0	0	0	0	0	0	0	0	0	0	0.0	0.0	0.0	0.0	6.0e-6	0.0	0.0	0.0	0.0	0.0	0.0	0.0	0.0	1.0	0.0	0.0	0.0	0.0	
291	336	7042.976826329	2214.0	2214.0	0.000137	0.0	0	0	0	0	334	0	0	0	0	0.0	0.0	0.0	0.0	0.002097	0.0	0.0	0.0	0.0	0.0	0.0	0.0	0.0	6865.93	0.0	0.0	0.0	0.0	0.0	0.0	0.0	0.0	20.5567	0.0	0.0	0.0	0.0	0	0	0	0	27	0	0	0	0	0	0	0	0	0	0	0	0	0	0	0	0	0	307	0	0	0	0	0	0	0	0	0	0	0	0	0	0	0	0	0	0	0	0	0	0	0	0	0	0	0	0	0	0	0	0.0	0.0	0.0	0.0	5.0e-6	0.0	0.0	0.0	0.0	0.0	0.0	0.0	0.0	1.0	0.0	0.0	0.0	0.0	
292	337	7060.242910029	2214.0	2214.0	0.000131	0.0	0	0	0	0	335	0	0	0	0	0.0	0.0	0.0	0.0	0.001888	0.0	0.0	0.0	0.0	0.0	0.0	0.0	0.0	6883.2	0.0	0.0	0.0	0.0	0.0	0.0	0.0	0.0	20.5469	0.0	0.0	0.0	0.0	0	0	0	0	27	0	0	0	0	0	0	0	0	0	0	0	0	0	0	0	0	0	308	0	0	0	0	0	0	0	0	0	0	0	0	0	0	0	0	0	0	0	0	0	0	0	0	0	0	0	0	0	0	0	0.0	0.0	0.0	0.0	4.0e-6	0.0	0.0	0.0	0.0	0.0	0.0	0.0	0.0	1.0	0.0	0.0	0.0	0.0	
293	338	7080.673393712	2214.0	2214.0	0.000126	0.0	0	0	0	0	336	0	0	0	0	0.0	0.0	0.0	0.0	0.001699	0.0	0.0	0.0	0.0	0.0	0.0	0.0	0.0	6903.63	0.0	0.0	0.0	0.0	0.0	0.0	0.0	0.0	20.5465	0.0	0.0	0.0	0.0	0	0	0	0	27	0	0	0	0	0	0	0	0	0	0	0	0	0	0	0	0	0	309	0	0	0	0	0	0	0	0	0	0	0	0	0	0	0	0	0	0	0	0	0	0	0	0	0	0	0	0	0	0	0	0.0	0.0	0.0	0.0	4.0e-6	0.0	0.0	0.0	0.0	0.0	0.0	0.0	0.0	1.0	0.0	0.0	0.0	0.0	
294	339	7090.859386351	2214.0	2214.0	0.000122	0.0	0	0	0	0	337	0	0	0	0	0.0	0.0	0.0	0.0	0.001529	0.0	0.0	0.0	0.0	0.0	0.0	0.0	0.0	6913.82	0.0	0.0	0.0	0.0	0.0	0.0	0.0	0.0	20.5158	0.0	0.0	0.0	0.0	0	0	0	0	27	0	0	0	0	0	0	0	0	0	0	0	0	0	0	0	0	0	310	0	0	0	0	0	0	0	0	0	0	0	0	0	0	0	0	0	0	0	0	0	0	0	0	0	0	0	0	0	0	0	0.0	0.0	0.0	0.0	4.0e-6	0.0	0.0	0.0	0.0	0.0	0.0	0.0	0.0	1.0	0.0	0.0	0.0	0.0	
295	340	7110.010869705	2214.0	2214.0	0.000119	0.0	0	0	0	0	338	0	0	0	0	0.0	0.0	0.0	0.0	0.001376	0.0	0.0	0.0	0.0	0.0	0.0	0.0	0.0	6932.97	0.0	0.0	0.0	0.0	0.0	0.0	0.0	0.0	20.5117	0.0	0.0	0.0	0.0	0	0	0	0	27	0	0	0	0	0	0	0	0	0	0	0	0	0	0	0	0	0	311	0	0	0	0	0	0	0	0	0	0	0	0	0	0	0	0	0	0	0	0	0	0	0	0	0	0	0	0	0	0	0	0.0	0.0	0.0	0.0	3.0e-6	0.0	0.0	0.0	0.0	0.0	0.0	0.0	0.0	1.0	0.0	0.0	0.0	0.0	
296	341	7120.096382507	2214.0	2214.0	0.000115	0.0	0	0	0	0	339	0	0	0	0	0.0	0.0	0.0	0.0	0.001238	0.0	0.0	0.0	0.0	0.0	0.0	0.0	0.0	6943.05	0.0	0.0	0.0	0.0	0.0	0.0	0.0	0.0	20.481	0.0	0.0	0.0	0.0	0	0	0	0	27	0	0	0	0	0	0	0	0	0	0	0	0	0	0	0	0	0	312	0	0	0	0	0	0	0	0	0	0	0	0	0	0	0	0	0	0	0	0	0	0	0	0	0	0	0	0	0	0	0	0.0	0.0	0.0	0.0	3.0e-6	0.0	0.0	0.0	0.0	0.0	0.0	0.0	0.0	1.0	0.0	0.0	0.0	0.0	
297	342	7151.588738421	2214.0	2214.0	0.000113	0.0	0	0	0	0	340	0	0	0	0	0.0	0.0	0.0	0.0	0.001115	0.0	0.0	0.0	0.0	0.0	0.0	0.0	0.0	6974.55	0.0	0.0	0.0	0.0	0.0	0.0	0.0	0.0	20.5134	0.0	0.0	0.0	0.0	0	0	0	0	27	0	0	0	0	0	0	0	0	0	0	0	0	0	0	0	0	0	313	0	0	0	0	0	0	0	0	0	0	0	0	0	0	0	0	0	0	0	0	0	0	0	0	0	0	0	0	0	0	0	0.0	0.0	0.0	0.0	3.0e-6	0.0	0.0	0.0	0.0	0.0	0.0	0.0	0.0	1.0	0.0	0.0	0.0	0.0	
298	344	7158.299020312	2214.0	2214.0	0.000106	0.0	0	0	0	0	342	0	0	0	0	0.0	0.0	0.0	0.0	0.000903	0.0	0.0	0.0	0.0	0.0	0.0	0.0	0.0	6981.26	0.0	0.0	0.0	0.0	0.0	0.0	0.0	0.0	20.413	0.0	0.0	0.0	0.0	0	0	0	0	27	0	0	0	0	0	0	0	0	0	0	0	0	0	0	0	0	0	315	0	0	0	0	0	0	0	0	0	0	0	0	0	0	0	0	0	0	0	0	0	0	0	0	0	0	0	0	0	0	0	0.0	0.0	0.0	0.0	2.0e-6	0.0	0.0	0.0	0.0	0.0	0.0	0.0	0.0	1.0	0.0	0.0	0.0	0.0	
299	345	7175.616923792	2214.0	2214.0	0.000105	0.0	0	0	0	0	343	0	0	0	0	0.0	0.0	0.0	0.0	0.000813	0.0	0.0	0.0	0.0	0.0	0.0	0.0	0.0	6998.57	0.0	0.0	0.0	0.0	0.0	0.0	0.0	0.0	20.404	0.0	0.0	0.0	0.0	0	0	0	0	27	0	0	0	0	0	0	0	0	0	0	0	0	0	0	0	0	0	316	0	0	0	0	0	0	0	0	0	0	0	0	0	0	0	0	0	0	0	0	0	0	0	0	0	0	0	0	0	0	0	0.0	0.0	0.0	0.0	2.0e-6	0.0	0.0	0.0	0.0	0.0	0.0	0.0	0.0	1.0	0.0	0.0	0.0	0.0	
300	346	7181.573490083	2214.0	2214.0	0.000101	0.0	0	0	0	0	344	0	0	0	0	0.0	0.0	0.0	0.0	0.000731	0.0	0.0	0.0	0.0	0.0	0.0	0.0	0.0	7004.53	0.0	0.0	0.0	0.0	0.0	0.0	0.0	0.0	20.362	0.0	0.0	0.0	0.0	0	0	0	0	27	0	0	0	0	0	0	0	0	0	0	0	0	0	0	0	0	0	317	0	0	0	0	0	0	0	0	0	0	0	0	0	0	0	0	0	0	0	0	0	0	0	0	0	0	0	0	0	0	0	0.0	0.0	0.0	0.0	2.0e-6	0.0	0.0	0.0	0.0	0.0	0.0	0.0	0.0	1.0	0.0	0.0	0.0	0.0	
301	347	7203.78992075	2214.0	2214.0	0.0001	0.0	0	0	0	0	345	0	0	0	0	0.0	0.0	0.0	0.0	0.000658	0.0	0.0	0.0	0.0	0.0	0.0	0.0	0.0	7026.75	0.0	0.0	0.0	0.0	0.0	0.0	0.0	0.0	20.3674	0.0	0.0	0.0	0.0	0	0	0	0	27	0	0	0	0	0	0	0	0	0	0	0	0	0	0	0	0	0	318	0	0	0	0	0	0	0	0	0	0	0	0	0	0	0	0	0	0	0	0	0	0	0	0	0	0	0	0	0	0	0	0.0	0.0	0.0	0.0	2.0e-6	0.0	0.0	0.0	0.0	0.0	0.0	0.0	0.0	1.0	0.0	0.0	0.0	0.0	
302	347	7203.789944217	2214.0	2214.0	9.6e-5	0.0	0	0	0	0	345	0	0	0	0	0.0	0.0	0.0	0.0	0.000658	0.0	0.0	0.0	0.0	0.0	0.0	0.0	0.0	7026.75	0.0	0.0	0.0	0.0	0.0	0.0	0.0	0.0	20.3674	0.0	0.0	0.0	0.0	0	0	0	0	27	0	0	0	0	0	0	0	0	0	0	0	0	0	0	0	0	0	318	0	0	0	0	0	0	0	0	0	0	0	0	0	0	0	0	0	0	0	0	0	0	0	0	0	0	0	0	0	0	0	0.0	0.0	0.0	0.0	2.0e-6	0.0	0.0	0.0	0.0	0.0	0.0	0.0	0.0	1.0	0.0	0.0	0.0	0.0	
