indexLine	algoIter	time	best obj	current obj	T	probdelta1	nb uses 1	nb uses 2	nb uses 3	nb uses 4	nb uses 5	nb uses 6	nb uses 7	nb uses 8	nb uses 9	score 1	score 2	score 3	score 4	score 5	score 6	score 7	score 8	score 9	duration 1	duration 2	duration 3	duration 4	duration 5	duration 6	duration 7	duration 8	duration 9	avgDuration 1	avgDuration 2	avgDuration 3	avgDuration 4	avgDuration 5	avgDuration 6	avgDuration 7	avgDuration 8	avgDuration 9	sigmas1 1	sigmas1 2	sigmas1 3	sigmas1 4	sigmas1 5	sigmas1 6	sigmas1 7	sigmas1 8	sigmas1 9	sigmas2 1	sigmas2 2	sigmas2 3	sigmas2 4	sigmas2 5	sigmas2 6	sigmas2 7	sigmas2 8	sigmas2 9	sigmas3 1	sigmas3 2	sigmas3 3	sigmas3 4	sigmas3 5	sigmas3 6	sigmas3 7	sigmas3 8	sigmas3 9	sigmas4 1	sigmas4 2	sigmas4 3	sigmas4 4	sigmas4 5	sigmas4 6	sigmas4 7	sigmas4 8	sigmas4 9	sigmas5 1	sigmas5 2	sigmas5 3	sigmas5 4	sigmas5 5	sigmas5 6	sigmas5 7	sigmas5 8	sigmas5 9	sigmas6 1	sigmas6 2	sigmas6 3	sigmas6 4	sigmas6 5	sigmas6 6	sigmas6 7	sigmas6 8	sigmas6 9	weight 1	weight 2	weight 3	weight 4	weight 5	weight 6	weight 7	weight 8	weight 9	proba 1	proba 2	proba 3	proba 4	proba 5	proba 6	proba 7	proba 8	proba 9	
1	1	35.40150266	2846.45	2846.45	100.0	0.99005	0	0	0	0	0	0	0	0	0	0.0	0.0	0.0	0.0	0.0	0.0	0.0	0.0	0.0	0.0	0.0	0.0	0.0	0.0	0.0	0.0	0.0	0.0	0.0	0.0	0.0	0.0	0.0	0.0	0.0	0.0	0.0	0	0	0	0	0	0	0	0	0	0	0	0	0	0	0	0	0	0	0	0	0	0	0	0	0	0	0	0	0	0	0	0	0	0	0	0	0	0	0	0	0	0	0	0	0	0	0	0	0	0	0	0	0	0	0.0	0.0	0.0	0.0	0.0	0.0	0.0	0.0	0.0	0.0	0.0	0.0	0.0	0.0	0.0	0.0	0.0	0.0	
2	2	144.206893856	2734.35	2734.35	100.0	0.99005	0	0	0	0	0	0	0	0	0	0.0	0.0	0.0	0.0	1.0	0.0	0.0	0.0	0.0	0.0	0.0	0.0	0.0	0.0	0.0	0.0	0.0	0.0	0.0	0.0	0.0	0.0	108.805	0.0	0.0	0.0	0.0	0	0	0	0	0	0	0	0	0	0	0	0	0	0	0	0	0	0	0	0	0	0	0	0	0	0	0	0	0	0	0	0	0	0	0	0	0	0	0	0	0	0	0	0	0	0	0	0	0	0	0	0	0	0	0.0	0.0	0.0	0.0	8.4e-5	0.0	0.0	0.0	0.0	0.0	0.0	0.0	0.0	0.0	0.0	0.0	0.0	0.0	
3	3	168.489619559	2528.35	2528.35	100.0	0.99005	0	0	0	0	1	0	0	0	0	0.0	0.0	0.0	0.0	1.0	0.0	0.0	0.0	0.0	0.0	0.0	0.0	0.0	24.2827	0.0	0.0	0.0	0.0	0.0	0.0	0.0	0.0	24.2827	0.0	0.0	0.0	0.0	0	0	0	0	1	0	0	0	0	0	0	0	0	0	0	0	0	0	0	0	0	0	0	0	0	0	0	0	0	0	0	0	0	0	0	0	0	0	0	0	0	0	0	0	0	0	0	0	0	0	0	0	0	0	0.0	0.0	0.0	0.0	0.001696	0.0	0.0	0.0	0.0	0.0	0.0	0.0	0.0	1.0	0.0	0.0	0.0	0.0	
4	4	186.373949181	2359.95	2359.95	72.3238	0.986268	0	0	0	0	2	0	0	0	0	0.0	0.0	0.0	0.0	1.0	0.0	0.0	0.0	0.0	0.0	0.0	0.0	0.0	42.167	0.0	0.0	0.0	0.0	0.0	0.0	0.0	0.0	21.0835	0.0	0.0	0.0	0.0	0	0	0	0	2	0	0	0	0	0	0	0	0	0	0	0	0	0	0	0	0	0	0	0	0	0	0	0	0	0	0	0	0	0	0	0	0	0	0	0	0	0	0	0	0	0	0	0	0	0	0	0	0	0	0.0	0.0	0.0	0.0	0.00225	0.0	0.0	0.0	0.0	0.0	0.0	0.0	0.0	1.0	0.0	0.0	0.0	0.0	
5	5	346.828714275	2231.75	2231.75	69.8786	0.985791	0	0	0	0	3	0	0	0	0	0.0	0.0	0.0	0.0	1.0	0.0	0.0	0.0	0.0	0.0	0.0	0.0	0.0	202.622	0.0	0.0	0.0	0.0	0.0	0.0	0.0	0.0	67.5406	0.0	0.0	0.0	0.0	0	0	0	0	3	0	0	0	0	0	0	0	0	0	0	0	0	0	0	0	0	0	0	0	0	0	0	0	0	0	0	0	0	0	0	0	0	0	0	0	0	0	0	0	0	0	0	0	0	0	0	0	0	0	0.0	0.0	0.0	0.0	0.000219	0.0	0.0	0.0	0.0	0.0	0.0	0.0	0.0	1.0	0.0	0.0	0.0	0.0	
6	6	358.448576086	2203.75	2203.75	51.3258	0.980705	0	0	0	0	4	0	0	0	0	0.0	0.0	0.0	0.0	1.0	0.0	0.0	0.0	0.0	0.0	0.0	0.0	0.0	214.242	0.0	0.0	0.0	0.0	0.0	0.0	0.0	0.0	53.5604	0.0	0.0	0.0	0.0	0	0	0	0	4	0	0	0	0	0	0	0	0	0	0	0	0	0	0	0	0	0	0	0	0	0	0	0	0	0	0	0	0	0	0	0	0	0	0	0	0	0	0	0	0	0	0	0	0	0	0	0	0	0	0.0	0.0	0.0	0.0	0.000349	0.0	0.0	0.0	0.0	0.0	0.0	0.0	0.0	1.0	0.0	0.0	0.0	0.0	
7	7	376.503028084	2157.9	2157.9	50.1916	0.980274	0	0	0	0	5	0	0	0	0	0.0	0.0	0.0	0.0	1.0	0.0	0.0	0.0	0.0	0.0	0.0	0.0	0.0	232.296	0.0	0.0	0.0	0.0	0.0	0.0	0.0	0.0	46.4592	0.0	0.0	0.0	0.0	0	0	0	0	5	0	0	0	0	0	0	0	0	0	0	0	0	0	0	0	0	0	0	0	0	0	0	0	0	0	0	0	0	0	0	0	0	0	0	0	0	0	0	0	0	0	0	0	0	0	0	0	0	0	0.0	0.0	0.0	0.0	0.000463	0.0	0.0	0.0	0.0	0.0	0.0	0.0	0.0	1.0	0.0	0.0	0.0	0.0	
8	8	471.705010194	2157.9	2157.9	48.4789	0.979584	0	0	0	0	6	0	0	0	0	0.0	0.0	0.0	0.0	0.9	0.0	0.0	0.0	0.0	0.0	0.0	0.0	0.0	327.498	0.0	0.0	0.0	0.0	0.0	0.0	0.0	0.0	54.583	0.0	0.0	0.0	0.0	0	0	0	0	5	0	0	0	0	0	0	0	0	0	0	0	0	0	0	0	0	0	1	0	0	0	0	0	0	0	0	0	0	0	0	0	0	0	0	0	0	0	0	0	0	0	0	0	0	0	0	0	0	0	0.0	0.0	0.0	0.0	0.000302	0.0	0.0	0.0	0.0	0.0	0.0	0.0	0.0	1.0	0.0	0.0	0.0	0.0	
9	9	530.118145623	2154.9	2154.9	40.3684	0.975532	0	0	0	0	7	0	0	0	0	0.0	0.0	0.0	0.0	0.91	0.0	0.0	0.0	0.0	0.0	0.0	0.0	0.0	385.911	0.0	0.0	0.0	0.0	0.0	0.0	0.0	0.0	55.1302	0.0	0.0	0.0	0.0	0	0	0	0	6	0	0	0	0	0	0	0	0	0	0	0	0	0	0	0	0	0	1	0	0	0	0	0	0	0	0	0	0	0	0	0	0	0	0	0	0	0	0	0	0	0	0	0	0	0	0	0	0	0	0.0	0.0	0.0	0.0	0.000299	0.0	0.0	0.0	0.0	0.0	0.0	0.0	0.0	1.0	0.0	0.0	0.0	0.0	
10	10	538.679472495	2105.8	2105.8	36.0792	0.972664	0	0	0	0	8	0	0	0	0	0.0	0.0	0.0	0.0	0.919	0.0	0.0	0.0	0.0	0.0	0.0	0.0	0.0	394.472	0.0	0.0	0.0	0.0	0.0	0.0	0.0	0.0	49.309	0.0	0.0	0.0	0.0	0	0	0	0	7	0	0	0	0	0	0	0	0	0	0	0	0	0	0	0	0	0	1	0	0	0	0	0	0	0	0	0	0	0	0	0	0	0	0	0	0	0	0	0	0	0	0	0	0	0	0	0	0	0	0.0	0.0	0.0	0.0	0.000378	0.0	0.0	0.0	0.0	0.0	0.0	0.0	0.0	1.0	0.0	0.0	0.0	0.0	
11	11	606.864979417	2089.2	2089.2	35.49	0.972216	0	0	0	0	9	0	0	0	0	0.0	0.0	0.0	0.0	0.9271	0.0	0.0	0.0	0.0	0.0	0.0	0.0	0.0	462.658	0.0	0.0	0.0	0.0	0.0	0.0	0.0	0.0	51.4064	0.0	0.0	0.0	0.0	0	0	0	0	8	0	0	0	0	0	0	0	0	0	0	0	0	0	0	0	0	0	1	0	0	0	0	0	0	0	0	0	0	0	0	0	0	0	0	0	0	0	0	0	0	0	0	0	0	0	0	0	0	0	0.0	0.0	0.0	0.0	0.000351	0.0	0.0	0.0	0.0	0.0	0.0	0.0	0.0	1.0	0.0	0.0	0.0	0.0	
12	12	670.860890074	2087.2	2087.2	31.1286	0.968386	0	0	0	0	10	0	0	0	0	0.0	0.0	0.0	0.0	0.93439	0.0	0.0	0.0	0.0	0.0	0.0	0.0	0.0	526.654	0.0	0.0	0.0	0.0	0.0	0.0	0.0	0.0	52.6654	0.0	0.0	0.0	0.0	0	0	0	0	9	0	0	0	0	0	0	0	0	0	0	0	0	0	0	0	0	0	1	0	0	0	0	0	0	0	0	0	0	0	0	0	0	0	0	0	0	0	0	0	0	0	0	0	0	0	0	0	0	0	0.0	0.0	0.0	0.0	0.000337	0.0	0.0	0.0	0.0	0.0	0.0	0.0	0.0	1.0	0.0	0.0	0.0	0.0	
13	13	694.173535153	2075.2	2075.2	27.524	0.96432	0	0	0	0	11	0	0	0	0	0.0	0.0	0.0	0.0	0.940951	0.0	0.0	0.0	0.0	0.0	0.0	0.0	0.0	549.966	0.0	0.0	0.0	0.0	0.0	0.0	0.0	0.0	49.9969	0.0	0.0	0.0	0.0	0	0	0	0	10	0	0	0	0	0	0	0	0	0	0	0	0	0	0	0	0	0	1	0	0	0	0	0	0	0	0	0	0	0	0	0	0	0	0	0	0	0	0	0	0	0	0	0	0	0	0	0	0	0	0.0	0.0	0.0	0.0	0.000376	0.0	0.0	0.0	0.0	0.0	0.0	0.0	0.0	1.0	0.0	0.0	0.0	0.0	
14	14	727.278618062	2045.9	2045.9	26.3173	0.962715	0	0	0	0	12	0	0	0	0	0.0	0.0	0.0	0.0	0.946856	0.0	0.0	0.0	0.0	0.0	0.0	0.0	0.0	583.071	0.0	0.0	0.0	0.0	0.0	0.0	0.0	0.0	48.5893	0.0	0.0	0.0	0.0	0	0	0	0	11	0	0	0	0	0	0	0	0	0	0	0	0	0	0	0	0	0	1	0	0	0	0	0	0	0	0	0	0	0	0	0	0	0	0	0	0	0	0	0	0	0	0	0	0	0	0	0	0	0	0.0	0.0	0.0	0.0	0.000401	0.0	0.0	0.0	0.0	0.0	0.0	0.0	0.0	1.0	0.0	0.0	0.0	0.0	
15	15	849.691417748	2042.9	2042.9	24.694	0.960313	0	0	0	0	13	0	0	0	0	0.0	0.0	0.0	0.0	0.95217	0.0	0.0	0.0	0.0	0.0	0.0	0.0	0.0	705.484	0.0	0.0	0.0	0.0	0.0	0.0	0.0	0.0	54.268	0.0	0.0	0.0	0.0	0	0	0	0	12	0	0	0	0	0	0	0	0	0	0	0	0	0	0	0	0	0	1	0	0	0	0	0	0	0	0	0	0	0	0	0	0	0	0	0	0	0	0	0	0	0	0	0	0	0	0	0	0	0	0.0	0.0	0.0	0.0	0.000323	0.0	0.0	0.0	0.0	0.0	0.0	0.0	0.0	1.0	0.0	0.0	0.0	0.0	
16	16	853.296435761	2038.4	2038.4	19.5144	0.950047	0	0	0	0	14	0	0	0	0	0.0	0.0	0.0	0.0	0.956953	0.0	0.0	0.0	0.0	0.0	0.0	0.0	0.0	709.089	0.0	0.0	0.0	0.0	0.0	0.0	0.0	0.0	50.6492	0.0	0.0	0.0	0.0	0	0	0	0	13	0	0	0	0	0	0	0	0	0	0	0	0	0	0	0	0	0	1	0	0	0	0	0	0	0	0	0	0	0	0	0	0	0	0	0	0	0	0	0	0	0	0	0	0	0	0	0	0	0	0.0	0.0	0.0	0.0	0.000373	0.0	0.0	0.0	0.0	0.0	0.0	0.0	0.0	1.0	0.0	0.0	0.0	0.0	
17	17	871.052405004	2036.9	2036.9	19.3796	0.949708	0	0	0	0	15	0	0	0	0	0.0	0.0	0.0	0.0	0.961258	0.0	0.0	0.0	0.0	0.0	0.0	0.0	0.0	726.845	0.0	0.0	0.0	0.0	0.0	0.0	0.0	0.0	48.4563	0.0	0.0	0.0	0.0	0	0	0	0	14	0	0	0	0	0	0	0	0	0	0	0	0	0	0	0	0	0	1	0	0	0	0	0	0	0	0	0	0	0	0	0	0	0	0	0	0	0	0	0	0	0	0	0	0	0	0	0	0	0	0.0	0.0	0.0	0.0	0.000409	0.0	0.0	0.0	0.0	0.0	0.0	0.0	0.0	1.0	0.0	0.0	0.0	0.0	
18	18	900.397204731	2036.9	2036.9	18.729	0.948007	0	0	0	0	16	0	0	0	0	0.0	0.0	0.0	0.0	0.865132	0.0	0.0	0.0	0.0	0.0	0.0	0.0	0.0	756.19	0.0	0.0	0.0	0.0	0.0	0.0	0.0	0.0	47.2619	0.0	0.0	0.0	0.0	0	0	0	0	14	0	0	0	0	0	0	0	0	0	0	0	0	0	0	0	0	0	2	0	0	0	0	0	0	0	0	0	0	0	0	0	0	0	0	0	0	0	0	0	0	0	0	0	0	0	0	0	0	0	0.0	0.0	0.0	0.0	0.000387	0.0	0.0	0.0	0.0	0.0	0.0	0.0	0.0	1.0	0.0	0.0	0.0	0.0	
19	19	916.693473697	2034.4	2034.4	17.7014	0.945073	0	0	0	0	17	0	0	0	0	0.0	0.0	0.0	0.0	0.878619	0.0	0.0	0.0	0.0	0.0	0.0	0.0	0.0	772.486	0.0	0.0	0.0	0.0	0.0	0.0	0.0	0.0	45.4404	0.0	0.0	0.0	0.0	0	0	0	0	15	0	0	0	0	0	0	0	0	0	0	0	0	0	0	0	0	0	2	0	0	0	0	0	0	0	0	0	0	0	0	0	0	0	0	0	0	0	0	0	0	0	0	0	0	0	0	0	0	0	0.0	0.0	0.0	0.0	0.000426	0.0	0.0	0.0	0.0	0.0	0.0	0.0	0.0	1.0	0.0	0.0	0.0	0.0	
20	20	922.381754954	2034.4	2034.4	17.1552	0.943375	0	0	0	0	18	0	0	0	0	0.0	0.0	0.0	0.0	0.790757	0.0	0.0	0.0	0.0	0.0	0.0	0.0	0.0	778.174	0.0	0.0	0.0	0.0	0.0	0.0	0.0	0.0	43.2319	0.0	0.0	0.0	0.0	0	0	0	0	15	0	0	0	0	0	0	0	0	0	0	0	0	0	0	0	0	0	3	0	0	0	0	0	0	0	0	0	0	0	0	0	0	0	0	0	0	0	0	0	0	0	0	0	0	0	0	0	0	0	0.0	0.0	0.0	0.0	0.000423	0.0	0.0	0.0	0.0	0.0	0.0	0.0	0.0	1.0	0.0	0.0	0.0	0.0	
21	21	940.991308908	2026.4	2026.4	16.9686	0.942771	0	0	0	0	19	0	0	0	0	0.0	0.0	0.0	0.0	0.811681	0.0	0.0	0.0	0.0	0.0	0.0	0.0	0.0	796.784	0.0	0.0	0.0	0.0	0.0	0.0	0.0	0.0	41.936	0.0	0.0	0.0	0.0	0	0	0	0	16	0	0	0	0	0	0	0	0	0	0	0	0	0	0	0	0	0	3	0	0	0	0	0	0	0	0	0	0	0	0	0	0	0	0	0	0	0	0	0	0	0	0	0	0	0	0	0	0	0	0.0	0.0	0.0	0.0	0.000462	0.0	0.0	0.0	0.0	0.0	0.0	0.0	0.0	1.0	0.0	0.0	0.0	0.0	
22	22	955.588182767	2026.4	2026.4	16.3721	0.940748	0	0	0	0	20	0	0	0	0	0.0	0.0	0.0	0.0	0.730513	0.0	0.0	0.0	0.0	0.0	0.0	0.0	0.0	811.381	0.0	0.0	0.0	0.0	0.0	0.0	0.0	0.0	40.569	0.0	0.0	0.0	0.0	0	0	0	0	16	0	0	0	0	0	0	0	0	0	0	0	0	0	0	0	0	0	4	0	0	0	0	0	0	0	0	0	0	0	0	0	0	0	0	0	0	0	0	0	0	0	0	0	0	0	0	0	0	0	0.0	0.0	0.0	0.0	0.000444	0.0	0.0	0.0	0.0	0.0	0.0	0.0	0.0	1.0	0.0	0.0	0.0	0.0	
23	23	1033.530045113	2025.4	2025.4	15.9189	0.939114	0	0	0	0	21	0	0	0	0	0.0	0.0	0.0	0.0	0.757462	0.0	0.0	0.0	0.0	0.0	0.0	0.0	0.0	889.323	0.0	0.0	0.0	0.0	0.0	0.0	0.0	0.0	42.3487	0.0	0.0	0.0	0.0	0	0	0	0	17	0	0	0	0	0	0	0	0	0	0	0	0	0	0	0	0	0	4	0	0	0	0	0	0	0	0	0	0	0	0	0	0	0	0	0	0	0	0	0	0	0	0	0	0	0	0	0	0	0	0.0	0.0	0.0	0.0	0.000422	0.0	0.0	0.0	0.0	0.0	0.0	0.0	0.0	1.0	0.0	0.0	0.0	0.0	
24	24	1213.603277226	2001.9	2001.9	13.7031	0.929623	0	0	0	0	22	0	0	0	0	0.0	0.0	0.0	0.0	0.781716	0.0	0.0	0.0	0.0	0.0	0.0	0.0	0.0	1069.4	0.0	0.0	0.0	0.0	0.0	0.0	0.0	0.0	48.6089	0.0	0.0	0.0	0.0	0	0	0	0	18	0	0	0	0	0	0	0	0	0	0	0	0	0	0	0	0	0	4	0	0	0	0	0	0	0	0	0	0	0	0	0	0	0	0	0	0	0	0	0	0	0	0	0	0	0	0	0	0	0	0.0	0.0	0.0	0.0	0.000331	0.0	0.0	0.0	0.0	0.0	0.0	0.0	0.0	1.0	0.0	0.0	0.0	0.0	
25	25	1231.686843011	1974.9	1974.9	9.69223	0.901969	0	0	0	0	23	0	0	0	0	0.0	0.0	0.0	0.0	0.803544	0.0	0.0	0.0	0.0	0.0	0.0	0.0	0.0	1087.48	0.0	0.0	0.0	0.0	0.0	0.0	0.0	0.0	47.2817	0.0	0.0	0.0	0.0	0	0	0	0	19	0	0	0	0	0	0	0	0	0	0	0	0	0	0	0	0	0	4	0	0	0	0	0	0	0	0	0	0	0	0	0	0	0	0	0	0	0	0	0	0	0	0	0	0	0	0	0	0	0	0.0	0.0	0.0	0.0	0.000359	0.0	0.0	0.0	0.0	0.0	0.0	0.0	0.0	1.0	0.0	0.0	0.0	0.0	
26	26	1246.080421863	1974.9	1974.9	9.36097	0.898682	0	0	0	0	24	0	0	0	0	0.0	0.0	0.0	0.0	0.72319	0.0	0.0	0.0	0.0	0.0	0.0	0.0	0.0	1101.87	0.0	0.0	0.0	0.0	0.0	0.0	0.0	0.0	45.9114	0.0	0.0	0.0	0.0	0	0	0	0	19	0	0	0	0	0	0	0	0	0	0	0	0	0	0	0	0	0	5	0	0	0	0	0	0	0	0	0	0	0	0	0	0	0	0	0	0	0	0	0	0	0	0	0	0	0	0	0	0	0	0.0	0.0	0.0	0.0	0.000343	0.0	0.0	0.0	0.0	0.0	0.0	0.0	0.0	1.0	0.0	0.0	0.0	0.0	
27	27	1256.381453336	1974.9	1974.9	9.10541	0.895991	0	0	0	0	25	0	0	0	0	0.0	0.0	0.0	0.0	0.650871	0.0	0.0	0.0	0.0	0.0	0.0	0.0	0.0	1112.17	0.0	0.0	0.0	0.0	0.0	0.0	0.0	0.0	44.487	0.0	0.0	0.0	0.0	0	0	0	0	19	0	0	0	0	0	0	0	0	0	0	0	0	0	0	0	0	0	6	0	0	0	0	0	0	0	0	0	0	0	0	0	0	0	0	0	0	0	0	0	0	0	0	0	0	0	0	0	0	0	0.0	0.0	0.0	0.0	0.000329	0.0	0.0	0.0	0.0	0.0	0.0	0.0	0.0	1.0	0.0	0.0	0.0	0.0	
28	28	1285.09242804	1971.4	1971.4	8.92681	0.894025	0	0	0	0	26	0	0	0	0	0.0	0.0	0.0	0.0	0.685784	0.0	0.0	0.0	0.0	0.0	0.0	0.0	0.0	1140.88	0.0	0.0	0.0	0.0	0.0	0.0	0.0	0.0	43.8802	0.0	0.0	0.0	0.0	0	0	0	0	20	0	0	0	0	0	0	0	0	0	0	0	0	0	0	0	0	0	6	0	0	0	0	0	0	0	0	0	0	0	0	0	0	0	0	0	0	0	0	0	0	0	0	0	0	0	0	0	0	0	0.0	0.0	0.0	0.0	0.000356	0.0	0.0	0.0	0.0	0.0	0.0	0.0	0.0	1.0	0.0	0.0	0.0	0.0	
29	29	1289.622585947	1965.9	1965.9	8.44729	0.888357	0	0	0	0	27	0	0	0	0	0.0	0.0	0.0	0.0	0.717205	0.0	0.0	0.0	0.0	0.0	0.0	0.0	0.0	1145.42	0.0	0.0	0.0	0.0	0.0	0.0	0.0	0.0	42.4228	0.0	0.0	0.0	0.0	0	0	0	0	21	0	0	0	0	0	0	0	0	0	0	0	0	0	0	0	0	0	6	0	0	0	0	0	0	0	0	0	0	0	0	0	0	0	0	0	0	0	0	0	0	0	0	0	0	0	0	0	0	0	0.0	0.0	0.0	0.0	0.000399	0.0	0.0	0.0	0.0	0.0	0.0	0.0	0.0	1.0	0.0	0.0	0.0	0.0	
30	30	1302.96780855	1965.9	1965.9	8.37402	0.887438	0	0	0	0	28	0	0	0	0	0.0	0.0	0.0	0.0	0.645485	0.0	0.0	0.0	0.0	0.0	0.0	0.0	0.0	1158.76	0.0	0.0	0.0	0.0	0.0	0.0	0.0	0.0	41.3843	0.0	0.0	0.0	0.0	0	0	0	0	21	0	0	0	0	0	0	0	0	0	0	0	0	0	0	0	0	0	7	0	0	0	0	0	0	0	0	0	0	0	0	0	0	0	0	0	0	0	0	0	0	0	0	0	0	0	0	0	0	0	0.0	0.0	0.0	0.0	0.000377	0.0	0.0	0.0	0.0	0.0	0.0	0.0	0.0	1.0	0.0	0.0	0.0	0.0	
31	31	1313.596050317	1947.2	1947.2	8.16185	0.884687	0	0	0	0	29	0	0	0	0	0.0	0.0	0.0	0.0	0.680936	0.0	0.0	0.0	0.0	0.0	0.0	0.0	0.0	1169.39	0.0	0.0	0.0	0.0	0.0	0.0	0.0	0.0	40.3237	0.0	0.0	0.0	0.0	0	0	0	0	22	0	0	0	0	0	0	0	0	0	0	0	0	0	0	0	0	0	7	0	0	0	0	0	0	0	0	0	0	0	0	0	0	0	0	0	0	0	0	0	0	0	0	0	0	0	0	0	0	0	0.0	0.0	0.0	0.0	0.000419	0.0	0.0	0.0	0.0	0.0	0.0	0.0	0.0	1.0	0.0	0.0	0.0	0.0	
32	32	1321.775450549	1947.2	1947.2	7.99672	0.882452	0	0	0	0	30	0	0	0	0	0.0	0.0	0.0	0.0	0.612843	0.0	0.0	0.0	0.0	0.0	0.0	0.0	0.0	1177.57	0.0	0.0	0.0	0.0	0.0	0.0	0.0	0.0	39.2523	0.0	0.0	0.0	0.0	0	0	0	0	22	0	0	0	0	0	0	0	0	0	0	0	0	0	0	0	0	0	8	0	0	0	0	0	0	0	0	0	0	0	0	0	0	0	0	0	0	0	0	0	0	0	0	0	0	0	0	0	0	0	0.0	0.0	0.0	0.0	0.000398	0.0	0.0	0.0	0.0	0.0	0.0	0.0	0.0	1.0	0.0	0.0	0.0	0.0	
33	33	1335.590100423	1947.2	1947.2	7.87192	0.880704	0	0	0	0	31	0	0	0	0	0.0	0.0	0.0	0.0	0.551558	0.0	0.0	0.0	0.0	0.0	0.0	0.0	0.0	1191.38	0.0	0.0	0.0	0.0	0.0	0.0	0.0	0.0	38.4317	0.0	0.0	0.0	0.0	0	0	0	0	22	0	0	0	0	0	0	0	0	0	0	0	0	0	0	0	0	0	9	0	0	0	0	0	0	0	0	0	0	0	0	0	0	0	0	0	0	0	0	0	0	0	0	0	0	0	0	0	0	0	0.0	0.0	0.0	0.0	0.000373	0.0	0.0	0.0	0.0	0.0	0.0	0.0	0.0	1.0	0.0	0.0	0.0	0.0	
34	34	1353.104275232	1947.2	1947.2	7.66554	0.877697	0	0	0	0	32	0	0	0	0	0.0	0.0	0.0	0.0	0.496403	0.0	0.0	0.0	0.0	0.0	0.0	0.0	0.0	1208.9	0.0	0.0	0.0	0.0	0.0	0.0	0.0	0.0	37.778	0.0	0.0	0.0	0.0	0	0	0	0	22	0	0	0	0	0	0	0	0	0	0	0	0	0	0	0	0	0	10	0	0	0	0	0	0	0	0	0	0	0	0	0	0	0	0	0	0	0	0	0	0	0	0	0	0	0	0	0	0	0	0.0	0.0	0.0	0.0	0.000348	0.0	0.0	0.0	0.0	0.0	0.0	0.0	0.0	1.0	0.0	0.0	0.0	0.0	
35	35	1359.67730375	1943.2	1943.2	7.41166	0.873784	0	0	0	0	33	0	0	0	0	0.0	0.0	0.0	0.0	0.546762	0.0	0.0	0.0	0.0	0.0	0.0	0.0	0.0	1215.47	0.0	0.0	0.0	0.0	0.0	0.0	0.0	0.0	36.8324	0.0	0.0	0.0	0.0	0	0	0	0	23	0	0	0	0	0	0	0	0	0	0	0	0	0	0	0	0	0	10	0	0	0	0	0	0	0	0	0	0	0	0	0	0	0	0	0	0	0	0	0	0	0	0	0	0	0	0	0	0	0	0.0	0.0	0.0	0.0	0.000403	0.0	0.0	0.0	0.0	0.0	0.0	0.0	0.0	1.0	0.0	0.0	0.0	0.0	
36	36	1373.788656092	1943.2	1943.2	7.31856	0.872285	0	0	0	0	34	0	0	0	0	0.0	0.0	0.0	0.0	0.492086	0.0	0.0	0.0	0.0	0.0	0.0	0.0	0.0	1229.58	0.0	0.0	0.0	0.0	0.0	0.0	0.0	0.0	36.1641	0.0	0.0	0.0	0.0	0	0	0	0	23	0	0	0	0	0	0	0	0	0	0	0	0	0	0	0	0	0	11	0	0	0	0	0	0	0	0	0	0	0	0	0	0	0	0	0	0	0	0	0	0	0	0	0	0	0	0	0	0	0	0.0	0.0	0.0	0.0	0.000376	0.0	0.0	0.0	0.0	0.0	0.0	0.0	0.0	1.0	0.0	0.0	0.0	0.0	
37	37	1425.886004745	1943.2	1943.2	7.12263	0.869013	0	0	0	0	35	0	0	0	0	0.0	0.0	0.0	0.0	0.442877	0.0	0.0	0.0	0.0	0.0	0.0	0.0	0.0	1281.68	0.0	0.0	0.0	0.0	0.0	0.0	0.0	0.0	36.6194	0.0	0.0	0.0	0.0	0	0	0	0	23	0	0	0	0	0	0	0	0	0	0	0	0	0	0	0	0	0	12	0	0	0	0	0	0	0	0	0	0	0	0	0	0	0	0	0	0	0	0	0	0	0	0	0	0	0	0	0	0	0	0.0	0.0	0.0	0.0	0.00033	0.0	0.0	0.0	0.0	0.0	0.0	0.0	0.0	1.0	0.0	0.0	0.0	0.0	
38	38	1435.71840443	1943.2	1943.2	6.44362	0.85625	0	0	0	0	36	0	0	0	0	0.0	0.0	0.0	0.0	0.39859	0.0	0.0	0.0	0.0	0.0	0.0	0.0	0.0	1291.51	0.0	0.0	0.0	0.0	0.0	0.0	0.0	0.0	35.8753	0.0	0.0	0.0	0.0	0	0	0	0	23	0	0	0	0	0	0	0	0	0	0	0	0	0	0	0	0	0	13	0	0	0	0	0	0	0	0	0	0	0	0	0	0	0	0	0	0	0	0	0	0	0	0	0	0	0	0	0	0	0	0.0	0.0	0.0	0.0	0.00031	0.0	0.0	0.0	0.0	0.0	0.0	0.0	0.0	1.0	0.0	0.0	0.0	0.0	
39	39	1446.508524656	1943.2	1943.2	6.32292	0.853718	0	0	0	0	37	0	0	0	0	0.0	0.0	0.0	0.0	0.358731	0.0	0.0	0.0	0.0	0.0	0.0	0.0	0.0	1302.3	0.0	0.0	0.0	0.0	0.0	0.0	0.0	0.0	35.1973	0.0	0.0	0.0	0.0	0	0	0	0	23	0	0	0	0	0	0	0	0	0	0	0	0	0	0	0	0	0	14	0	0	0	0	0	0	0	0	0	0	0	0	0	0	0	0	0	0	0	0	0	0	0	0	0	0	0	0	0	0	0	0.0	0.0	0.0	0.0	0.00029	0.0	0.0	0.0	0.0	0.0	0.0	0.0	0.0	1.0	0.0	0.0	0.0	0.0	
40	40	1468.016408759	1943.2	1943.2	6.19307	0.850891	0	0	0	0	38	0	0	0	0	0.0	0.0	0.0	0.0	0.322858	0.0	0.0	0.0	0.0	0.0	0.0	0.0	0.0	1323.81	0.0	0.0	0.0	0.0	0.0	0.0	0.0	0.0	34.8371	0.0	0.0	0.0	0.0	0	0	0	0	23	0	0	0	0	0	0	0	0	0	0	0	0	0	0	0	0	0	15	0	0	0	0	0	0	0	0	0	0	0	0	0	0	0	0	0	0	0	0	0	0	0	0	0	0	0	0	0	0	0	0.0	0.0	0.0	0.0	0.000266	0.0	0.0	0.0	0.0	0.0	0.0	0.0	0.0	1.0	0.0	0.0	0.0	0.0	
41	41	1488.61324006	1943.2	1943.2	5.94215	0.845109	0	0	0	0	39	0	0	0	0	0.0	0.0	0.0	0.0	0.290572	0.0	0.0	0.0	0.0	0.0	0.0	0.0	0.0	1344.41	0.0	0.0	0.0	0.0	0.0	0.0	0.0	0.0	34.4719	0.0	0.0	0.0	0.0	0	0	0	0	23	0	0	0	0	0	0	0	0	0	0	0	0	0	0	0	0	0	16	0	0	0	0	0	0	0	0	0	0	0	0	0	0	0	0	0	0	0	0	0	0	0	0	0	0	0	0	0	0	0	0.0	0.0	0.0	0.0	0.000245	0.0	0.0	0.0	0.0	0.0	0.0	0.0	0.0	1.0	0.0	0.0	0.0	0.0	
42	42	1499.286231757	1943.2	1943.2	5.71138	0.839382	0	0	0	0	40	0	0	0	0	0.0	0.0	0.0	0.0	0.261515	0.0	0.0	0.0	0.0	0.0	0.0	0.0	0.0	1355.08	0.0	0.0	0.0	0.0	0.0	0.0	0.0	0.0	33.877	0.0	0.0	0.0	0.0	0	0	0	0	23	0	0	0	0	0	0	0	0	0	0	0	0	0	0	0	0	0	17	0	0	0	0	0	0	0	0	0	0	0	0	0	0	0	0	0	0	0	0	0	0	0	0	0	0	0	0	0	0	0	0.0	0.0	0.0	0.0	0.000228	0.0	0.0	0.0	0.0	0.0	0.0	0.0	0.0	1.0	0.0	0.0	0.0	0.0	
43	43	1523.842477182	1941.2	1941.2	5.59535	0.83634	0	0	0	0	41	0	0	0	0	0.0	0.0	0.0	0.0	0.335363	0.0	0.0	0.0	0.0	0.0	0.0	0.0	0.0	1379.63	0.0	0.0	0.0	0.0	0.0	0.0	0.0	0.0	33.6496	0.0	0.0	0.0	0.0	0	0	0	0	24	0	0	0	0	0	0	0	0	0	0	0	0	0	0	0	0	0	17	0	0	0	0	0	0	0	0	0	0	0	0	0	0	0	0	0	0	0	0	0	0	0	0	0	0	0	0	0	0	0	0.0	0.0	0.0	0.0	0.000296	0.0	0.0	0.0	0.0	0.0	0.0	0.0	0.0	1.0	0.0	0.0	0.0	0.0	
44	44	1532.049219328	1941.2	1941.2	5.33726	0.829144	0	0	0	0	42	0	0	0	0	0.0	0.0	0.0	0.0	0.301827	0.0	0.0	0.0	0.0	0.0	0.0	0.0	0.0	1387.84	0.0	0.0	0.0	0.0	0.0	0.0	0.0	0.0	33.0438	0.0	0.0	0.0	0.0	0	0	0	0	24	0	0	0	0	0	0	0	0	0	0	0	0	0	0	0	0	0	18	0	0	0	0	0	0	0	0	0	0	0	0	0	0	0	0	0	0	0	0	0	0	0	0	0	0	0	0	0	0	0	0.0	0.0	0.0	0.0	0.000276	0.0	0.0	0.0	0.0	0.0	0.0	0.0	0.0	1.0	0.0	0.0	0.0	0.0	
45	45	1560.031130858	1941.2	1941.2	5.25369	0.826676	0	0	0	0	43	0	0	0	0	0.0	0.0	0.0	0.0	0.271644	0.0	0.0	0.0	0.0	0.0	0.0	0.0	0.0	1415.82	0.0	0.0	0.0	0.0	0.0	0.0	0.0	0.0	32.9261	0.0	0.0	0.0	0.0	0	0	0	0	24	0	0	0	0	0	0	0	0	0	0	0	0	0	0	0	0	0	19	0	0	0	0	0	0	0	0	0	0	0	0	0	0	0	0	0	0	0	0	0	0	0	0	0	0	0	0	0	0	0	0.0	0.0	0.0	0.0	0.000251	0.0	0.0	0.0	0.0	0.0	0.0	0.0	0.0	1.0	0.0	0.0	0.0	0.0	
46	46	1572.74665625	1940.2	1940.2	4.97845	0.818022	0	0	0	0	44	0	0	0	0	0.0	0.0	0.0	0.0	0.34448	0.0	0.0	0.0	0.0	0.0	0.0	0.0	0.0	1428.54	0.0	0.0	0.0	0.0	0.0	0.0	0.0	0.0	32.4668	0.0	0.0	0.0	0.0	0	0	0	0	25	0	0	0	0	0	0	0	0	0	0	0	0	0	0	0	0	0	19	0	0	0	0	0	0	0	0	0	0	0	0	0	0	0	0	0	0	0	0	0	0	0	0	0	0	0	0	0	0	0	0.0	0.0	0.0	0.0	0.000327	0.0	0.0	0.0	0.0	0.0	0.0	0.0	0.0	1.0	0.0	0.0	0.0	0.0	
47	47	1581.35464331	1940.2	1940.2	4.85819	0.813965	0	0	0	0	45	0	0	0	0	0.0	0.0	0.0	0.0	0.310032	0.0	0.0	0.0	0.0	0.0	0.0	0.0	0.0	1437.15	0.0	0.0	0.0	0.0	0.0	0.0	0.0	0.0	31.9366	0.0	0.0	0.0	0.0	0	0	0	0	25	0	0	0	0	0	0	0	0	0	0	0	0	0	0	0	0	0	20	0	0	0	0	0	0	0	0	0	0	0	0	0	0	0	0	0	0	0	0	0	0	0	0	0	0	0	0	0	0	0	0.0	0.0	0.0	0.0	0.000304	0.0	0.0	0.0	0.0	0.0	0.0	0.0	0.0	1.0	0.0	0.0	0.0	0.0	
48	48	1590.442395651	1940.2	1940.2	4.77843	0.811173	0	0	0	0	46	0	0	0	0	0.0	0.0	0.0	0.0	0.279029	0.0	0.0	0.0	0.0	0.0	0.0	0.0	0.0	1446.23	0.0	0.0	0.0	0.0	0.0	0.0	0.0	0.0	31.4399	0.0	0.0	0.0	0.0	0	0	0	0	25	0	0	0	0	0	0	0	0	0	0	0	0	0	0	0	0	0	21	0	0	0	0	0	0	0	0	0	0	0	0	0	0	0	0	0	0	0	0	0	0	0	0	0	0	0	0	0	0	0	0.0	0.0	0.0	0.0	0.000282	0.0	0.0	0.0	0.0	0.0	0.0	0.0	0.0	1.0	0.0	0.0	0.0	0.0	
49	49	1599.115257076	1940.2	1940.2	4.69565	0.808186	0	0	0	0	47	0	0	0	0	0.0	0.0	0.0	0.0	0.251126	0.0	0.0	0.0	0.0	0.0	0.0	0.0	0.0	1454.91	0.0	0.0	0.0	0.0	0.0	0.0	0.0	0.0	30.9555	0.0	0.0	0.0	0.0	0	0	0	0	25	0	0	0	0	0	0	0	0	0	0	0	0	0	0	0	0	0	22	0	0	0	0	0	0	0	0	0	0	0	0	0	0	0	0	0	0	0	0	0	0	0	0	0	0	0	0	0	0	0	0.0	0.0	0.0	0.0	0.000262	0.0	0.0	0.0	0.0	0.0	0.0	0.0	0.0	1.0	0.0	0.0	0.0	0.0	
50	50	1604.983918803	1940.2	1940.2	4.61798	0.805296	0	0	0	0	48	0	0	0	0	0.0	0.0	0.0	0.0	0.226013	0.0	0.0	0.0	0.0	0.0	0.0	0.0	0.0	1460.78	0.0	0.0	0.0	0.0	0.0	0.0	0.0	0.0	30.4328	0.0	0.0	0.0	0.0	0	0	0	0	25	0	0	0	0	0	0	0	0	0	0	0	0	0	0	0	0	0	23	0	0	0	0	0	0	0	0	0	0	0	0	0	0	0	0	0	0	0	0	0	0	0	0	0	0	0	0	0	0	0	0.0	0.0	0.0	0.0	0.000244	0.0	0.0	0.0	0.0	0.0	0.0	0.0	0.0	1.0	0.0	0.0	0.0	0.0	
51	51	1612.223496591	1940.2	1940.2	4.56616	0.80332	0	0	0	0	49	0	0	0	0	0.0	0.0	0.0	0.0	0.203412	0.0	0.0	0.0	0.0	0.0	0.0	0.0	0.0	1468.02	0.0	0.0	0.0	0.0	0.0	0.0	0.0	0.0	29.9595	0.0	0.0	0.0	0.0	0	0	0	0	25	0	0	0	0	0	0	0	0	0	0	0	0	0	0	0	0	0	24	0	0	0	0	0	0	0	0	0	0	0	0	0	0	0	0	0	0	0	0	0	0	0	0	0	0	0	0	0	0	0	0.0	0.0	0.0	0.0	0.000227	0.0	0.0	0.0	0.0	0.0	0.0	0.0	0.0	1.0	0.0	0.0	0.0	0.0	
52	52	1634.531829682	1940.2	1940.2	4.50303	0.800857	0	0	0	0	50	0	0	0	0	0.0	0.0	0.0	0.0	0.183071	0.0	0.0	0.0	0.0	0.0	0.0	0.0	0.0	1490.32	0.0	0.0	0.0	0.0	0.0	0.0	0.0	0.0	29.8065	0.0	0.0	0.0	0.0	0	0	0	0	25	0	0	0	0	0	0	0	0	0	0	0	0	0	0	0	0	0	25	0	0	0	0	0	0	0	0	0	0	0	0	0	0	0	0	0	0	0	0	0	0	0	0	0	0	0	0	0	0	0	0.0	0.0	0.0	0.0	0.000206	0.0	0.0	0.0	0.0	0.0	0.0	0.0	0.0	1.0	0.0	0.0	0.0	0.0	
53	53	1644.596558009	1940.2	1940.2	4.31393	0.793099	0	0	0	0	51	0	0	0	0	0.0	0.0	0.0	0.0	0.164764	0.0	0.0	0.0	0.0	0.0	0.0	0.0	0.0	1500.39	0.0	0.0	0.0	0.0	0.0	0.0	0.0	0.0	29.4194	0.0	0.0	0.0	0.0	0	0	0	0	25	0	0	0	0	0	0	0	0	0	0	0	0	0	0	0	0	0	26	0	0	0	0	0	0	0	0	0	0	0	0	0	0	0	0	0	0	0	0	0	0	0	0	0	0	0	0	0	0	0	0.0	0.0	0.0	0.0	0.00019	0.0	0.0	0.0	0.0	0.0	0.0	0.0	0.0	1.0	0.0	0.0	0.0	0.0	
54	54	1659.099924718	1940.2	1940.2	4.23124	0.789514	0	0	0	0	52	0	0	0	0	0.0	0.0	0.0	0.0	0.148287	0.0	0.0	0.0	0.0	0.0	0.0	0.0	0.0	1514.89	0.0	0.0	0.0	0.0	0.0	0.0	0.0	0.0	29.1325	0.0	0.0	0.0	0.0	0	0	0	0	25	0	0	0	0	0	0	0	0	0	0	0	0	0	0	0	0	0	27	0	0	0	0	0	0	0	0	0	0	0	0	0	0	0	0	0	0	0	0	0	0	0	0	0	0	0	0	0	0	0	0.0	0.0	0.0	0.0	0.000175	0.0	0.0	0.0	0.0	0.0	0.0	0.0	0.0	1.0	0.0	0.0	0.0	0.0	
55	55	1664.010568979	1940.2	1940.2	4.11485	0.784254	0	0	0	0	53	0	0	0	0	0.0	0.0	0.0	0.0	0.133459	0.0	0.0	0.0	0.0	0.0	0.0	0.0	0.0	1519.8	0.0	0.0	0.0	0.0	0.0	0.0	0.0	0.0	28.6755	0.0	0.0	0.0	0.0	0	0	0	0	25	0	0	0	0	0	0	0	0	0	0	0	0	0	0	0	0	0	28	0	0	0	0	0	0	0	0	0	0	0	0	0	0	0	0	0	0	0	0	0	0	0	0	0	0	0	0	0	0	0	0.0	0.0	0.0	0.0	0.000162	0.0	0.0	0.0	0.0	0.0	0.0	0.0	0.0	1.0	0.0	0.0	0.0	0.0	
56	56	1674.145911456	1940.2	1940.2	4.07618	0.782448	0	0	0	0	54	0	0	0	0	0.0	0.0	0.0	0.0	0.120113	0.0	0.0	0.0	0.0	0.0	0.0	0.0	0.0	1529.94	0.0	0.0	0.0	0.0	0.0	0.0	0.0	0.0	28.3322	0.0	0.0	0.0	0.0	0	0	0	0	25	0	0	0	0	0	0	0	0	0	0	0	0	0	0	0	0	0	29	0	0	0	0	0	0	0	0	0	0	0	0	0	0	0	0	0	0	0	0	0	0	0	0	0	0	0	0	0	0	0	0.0	0.0	0.0	0.0	0.00015	0.0	0.0	0.0	0.0	0.0	0.0	0.0	0.0	1.0	0.0	0.0	0.0	0.0	
57	57	1690.069554503	1940.2	1940.2	3.9975	0.778679	0	0	0	0	55	0	0	0	0	0.0	0.0	0.0	0.0	0.108101	0.0	0.0	0.0	0.0	0.0	0.0	0.0	0.0	1545.86	0.0	0.0	0.0	0.0	0.0	0.0	0.0	0.0	28.1066	0.0	0.0	0.0	0.0	0	0	0	0	25	0	0	0	0	0	0	0	0	0	0	0	0	0	0	0	0	0	30	0	0	0	0	0	0	0	0	0	0	0	0	0	0	0	0	0	0	0	0	0	0	0	0	0	0	0	0	0	0	0	0.0	0.0	0.0	0.0	0.000137	0.0	0.0	0.0	0.0	0.0	0.0	0.0	0.0	1.0	0.0	0.0	0.0	0.0	
58	58	1717.411098432	1940.2	1940.2	3.87694	0.772645	0	0	0	0	56	0	0	0	0	0.0	0.0	0.0	0.0	0.097291	0.0	0.0	0.0	0.0	0.0	0.0	0.0	0.0	1573.2	0.0	0.0	0.0	0.0	0.0	0.0	0.0	0.0	28.0929	0.0	0.0	0.0	0.0	0	0	0	0	25	0	0	0	0	0	0	0	0	0	0	0	0	0	0	0	0	0	31	0	0	0	0	0	0	0	0	0	0	0	0	0	0	0	0	0	0	0	0	0	0	0	0	0	0	0	0	0	0	0	0.0	0.0	0.0	0.0	0.000123	0.0	0.0	0.0	0.0	0.0	0.0	0.0	0.0	1.0	0.0	0.0	0.0	0.0	
59	59	1726.635405185	1939.2	1939.2	3.67836	0.761961	0	0	0	0	57	0	0	0	0	0.0	0.0	0.0	0.0	0.187562	0.0	0.0	0.0	0.0	0.0	0.0	0.0	0.0	1582.43	0.0	0.0	0.0	0.0	0.0	0.0	0.0	0.0	27.7619	0.0	0.0	0.0	0.0	0	0	0	0	26	0	0	0	0	0	0	0	0	0	0	0	0	0	0	0	0	0	31	0	0	0	0	0	0	0	0	0	0	0	0	0	0	0	0	0	0	0	0	0	0	0	0	0	0	0	0	0	0	0	0.0	0.0	0.0	0.0	0.000243	0.0	0.0	0.0	0.0	0.0	0.0	0.0	0.0	1.0	0.0	0.0	0.0	0.0	
60	60	1753.695545155	1939.2	1939.2	3.61368	0.758262	0	0	0	0	58	0	0	0	0	0.0	0.0	0.0	0.0	0.168806	0.0	0.0	0.0	0.0	0.0	0.0	0.0	0.0	1609.49	0.0	0.0	0.0	0.0	0.0	0.0	0.0	0.0	27.7498	0.0	0.0	0.0	0.0	0	0	0	0	26	0	0	0	0	0	0	0	0	0	0	0	0	0	0	0	0	0	32	0	0	0	0	0	0	0	0	0	0	0	0	0	0	0	0	0	0	0	0	0	0	0	0	0	0	0	0	0	0	0	0.0	0.0	0.0	0.0	0.000219	0.0	0.0	0.0	0.0	0.0	0.0	0.0	0.0	1.0	0.0	0.0	0.0	0.0	
61	61	1759.533157392	1939.2	1939.2	3.43044	0.747136	0	0	0	0	59	0	0	0	0	0.0	0.0	0.0	0.0	0.151925	0.0	0.0	0.0	0.0	0.0	0.0	0.0	0.0	1615.33	0.0	0.0	0.0	0.0	0.0	0.0	0.0	0.0	27.3784	0.0	0.0	0.0	0.0	0	0	0	0	26	0	0	0	0	0	0	0	0	0	0	0	0	0	0	0	0	0	33	0	0	0	0	0	0	0	0	0	0	0	0	0	0	0	0	0	0	0	0	0	0	0	0	0	0	0	0	0	0	0	0.0	0.0	0.0	0.0	0.000203	0.0	0.0	0.0	0.0	0.0	0.0	0.0	0.0	1.0	0.0	0.0	0.0	0.0	
62	62	1773.842727945	1939.2	1939.2	3.39215	0.744682	0	0	0	0	60	0	0	0	0	0.0	0.0	0.0	0.0	0.136733	0.0	0.0	0.0	0.0	0.0	0.0	0.0	0.0	1629.63	0.0	0.0	0.0	0.0	0.0	0.0	0.0	0.0	27.1606	0.0	0.0	0.0	0.0	0	0	0	0	26	0	0	0	0	0	0	0	0	0	0	0	0	0	0	0	0	0	34	0	0	0	0	0	0	0	0	0	0	0	0	0	0	0	0	0	0	0	0	0	0	0	0	0	0	0	0	0	0	0	0.0	0.0	0.0	0.0	0.000185	0.0	0.0	0.0	0.0	0.0	0.0	0.0	0.0	1.0	0.0	0.0	0.0	0.0	
63	63	1781.452952329	1939.2	1939.2	3.30007	0.738582	0	0	0	0	61	0	0	0	0	0.0	0.0	0.0	0.0	0.12306	0.0	0.0	0.0	0.0	0.0	0.0	0.0	0.0	1637.24	0.0	0.0	0.0	0.0	0.0	0.0	0.0	0.0	26.8401	0.0	0.0	0.0	0.0	0	0	0	0	26	0	0	0	0	0	0	0	0	0	0	0	0	0	0	0	0	0	35	0	0	0	0	0	0	0	0	0	0	0	0	0	0	0	0	0	0	0	0	0	0	0	0	0	0	0	0	0	0	0	0.0	0.0	0.0	0.0	0.000171	0.0	0.0	0.0	0.0	0.0	0.0	0.0	0.0	1.0	0.0	0.0	0.0	0.0	
64	64	1797.214385536	1939.2	1939.2	3.25213	0.73529	0	0	0	0	62	0	0	0	0	0.0	0.0	0.0	0.0	0.110754	0.0	0.0	0.0	0.0	0.0	0.0	0.0	0.0	1653.01	0.0	0.0	0.0	0.0	0.0	0.0	0.0	0.0	26.6614	0.0	0.0	0.0	0.0	0	0	0	0	26	0	0	0	0	0	0	0	0	0	0	0	0	0	0	0	0	0	36	0	0	0	0	0	0	0	0	0	0	0	0	0	0	0	0	0	0	0	0	0	0	0	0	0	0	0	0	0	0	0	0.0	0.0	0.0	0.0	0.000156	0.0	0.0	0.0	0.0	0.0	0.0	0.0	0.0	1.0	0.0	0.0	0.0	0.0	
65	65	1805.425562015	1939.2	1939.2	3.15503	0.728364	0	0	0	0	63	0	0	0	0	0.0	0.0	0.0	0.0	0.099678	0.0	0.0	0.0	0.0	0.0	0.0	0.0	0.0	1661.22	0.0	0.0	0.0	0.0	0.0	0.0	0.0	0.0	26.3685	0.0	0.0	0.0	0.0	0	0	0	0	26	0	0	0	0	0	0	0	0	0	0	0	0	0	0	0	0	0	37	0	0	0	0	0	0	0	0	0	0	0	0	0	0	0	0	0	0	0	0	0	0	0	0	0	0	0	0	0	0	0	0.0	0.0	0.0	0.0	0.000143	0.0	0.0	0.0	0.0	0.0	0.0	0.0	0.0	1.0	0.0	0.0	0.0	0.0	
66	66	1815.229907119	1939.2	1939.2	3.1056	0.724699	0	0	0	0	64	0	0	0	0	0.0	0.0	0.0	0.0	0.08971	0.0	0.0	0.0	0.0	0.0	0.0	0.0	0.0	1671.02	0.0	0.0	0.0	0.0	0.0	0.0	0.0	0.0	26.1097	0.0	0.0	0.0	0.0	0	0	0	0	26	0	0	0	0	0	0	0	0	0	0	0	0	0	0	0	0	0	38	0	0	0	0	0	0	0	0	0	0	0	0	0	0	0	0	0	0	0	0	0	0	0	0	0	0	0	0	0	0	0	0.0	0.0	0.0	0.0	0.000132	0.0	0.0	0.0	0.0	0.0	0.0	0.0	0.0	1.0	0.0	0.0	0.0	0.0	
67	67	1840.344022513	1939.2	1939.2	3.0476	0.720271	0	0	0	0	65	0	0	0	0	0.0	0.0	0.0	0.0	0.080739	0.0	0.0	0.0	0.0	0.0	0.0	0.0	0.0	1696.14	0.0	0.0	0.0	0.0	0.0	0.0	0.0	0.0	26.0944	0.0	0.0	0.0	0.0	0	0	0	0	26	0	0	0	0	0	0	0	0	0	0	0	0	0	0	0	0	0	39	0	0	0	0	0	0	0	0	0	0	0	0	0	0	0	0	0	0	0	0	0	0	0	0	0	0	0	0	0	0	0	0.0	0.0	0.0	0.0	0.000119	0.0	0.0	0.0	0.0	0.0	0.0	0.0	0.0	1.0	0.0	0.0	0.0	0.0	
68	68	1847.673090988	1939.2	1939.2	2.90391	0.708671	0	0	0	0	66	0	0	0	0	0.0	0.0	0.0	0.0	0.072665	0.0	0.0	0.0	0.0	0.0	0.0	0.0	0.0	1703.46	0.0	0.0	0.0	0.0	0.0	0.0	0.0	0.0	25.8101	0.0	0.0	0.0	0.0	0	0	0	0	26	0	0	0	0	0	0	0	0	0	0	0	0	0	0	0	0	0	40	0	0	0	0	0	0	0	0	0	0	0	0	0	0	0	0	0	0	0	0	0	0	0	0	0	0	0	0	0	0	0	0.0	0.0	0.0	0.0	0.000109	0.0	0.0	0.0	0.0	0.0	0.0	0.0	0.0	1.0	0.0	0.0	0.0	0.0	
69	69	1861.432019489	1939.2	1939.2	2.86327	0.705216	0	0	0	0	67	0	0	0	0	0.0	0.0	0.0	0.0	0.065399	0.0	0.0	0.0	0.0	0.0	0.0	0.0	0.0	1717.22	0.0	0.0	0.0	0.0	0.0	0.0	0.0	0.0	25.6302	0.0	0.0	0.0	0.0	0	0	0	0	26	0	0	0	0	0	0	0	0	0	0	0	0	0	0	0	0	0	41	0	0	0	0	0	0	0	0	0	0	0	0	0	0	0	0	0	0	0	0	0	0	0	0	0	0	0	0	0	0	0	0.0	0.0	0.0	0.0	0.0001	0.0	0.0	0.0	0.0	0.0	0.0	0.0	0.0	1.0	0.0	0.0	0.0	0.0	
70	70	1878.362353821	1939.2	1939.2	2.7885	0.698643	0	0	0	0	68	0	0	0	0	0.0	0.0	0.0	0.0	0.058859	0.0	0.0	0.0	0.0	0.0	0.0	0.0	0.0	1734.15	0.0	0.0	0.0	0.0	0.0	0.0	0.0	0.0	25.5023	0.0	0.0	0.0	0.0	0	0	0	0	26	0	0	0	0	0	0	0	0	0	0	0	0	0	0	0	0	0	42	0	0	0	0	0	0	0	0	0	0	0	0	0	0	0	0	0	0	0	0	0	0	0	0	0	0	0	0	0	0	0	0.0	0.0	0.0	0.0	9.1e-5	0.0	0.0	0.0	0.0	0.0	0.0	0.0	0.0	1.0	0.0	0.0	0.0	0.0	
71	71	1886.31537076	1939.2	1939.2	2.69917	0.6904	0	0	0	0	69	0	0	0	0	0.0	0.0	0.0	0.0	0.052973	0.0	0.0	0.0	0.0	0.0	0.0	0.0	0.0	1742.11	0.0	0.0	0.0	0.0	0.0	0.0	0.0	0.0	25.2479	0.0	0.0	0.0	0.0	0	0	0	0	26	0	0	0	0	0	0	0	0	0	0	0	0	0	0	0	0	0	43	0	0	0	0	0	0	0	0	0	0	0	0	0	0	0	0	0	0	0	0	0	0	0	0	0	0	0	0	0	0	0	0.0	0.0	0.0	0.0	8.3e-5	0.0	0.0	0.0	0.0	0.0	0.0	0.0	0.0	1.0	0.0	0.0	0.0	0.0	
72	72	1903.30389031	1939.2	1939.2	2.65821	0.68647	0	0	0	0	70	0	0	0	0	0.0	0.0	0.0	0.0	0.047676	0.0	0.0	0.0	0.0	0.0	0.0	0.0	0.0	1759.1	0.0	0.0	0.0	0.0	0.0	0.0	0.0	0.0	25.1299	0.0	0.0	0.0	0.0	0	0	0	0	26	0	0	0	0	0	0	0	0	0	0	0	0	0	0	0	0	0	44	0	0	0	0	0	0	0	0	0	0	0	0	0	0	0	0	0	0	0	0	0	0	0	0	0	0	0	0	0	0	0	0.0	0.0	0.0	0.0	7.5e-5	0.0	0.0	0.0	0.0	0.0	0.0	0.0	0.0	1.0	0.0	0.0	0.0	0.0	
73	73	1908.386243297	1939.2	1939.2	2.57277	0.677947	0	0	0	0	71	0	0	0	0	0.0	0.0	0.0	0.0	0.042908	0.0	0.0	0.0	0.0	0.0	0.0	0.0	0.0	1764.18	0.0	0.0	0.0	0.0	0.0	0.0	0.0	0.0	24.8476	0.0	0.0	0.0	0.0	0	0	0	0	26	0	0	0	0	0	0	0	0	0	0	0	0	0	0	0	0	0	45	0	0	0	0	0	0	0	0	0	0	0	0	0	0	0	0	0	0	0	0	0	0	0	0	0	0	0	0	0	0	0	0.0	0.0	0.0	0.0	6.9e-5	0.0	0.0	0.0	0.0	0.0	0.0	0.0	0.0	1.0	0.0	0.0	0.0	0.0	
74	74	1922.556164754	1939.2	1939.2	2.54774	0.675363	0	0	0	0	72	0	0	0	0	0.0	0.0	0.0	0.0	0.038617	0.0	0.0	0.0	0.0	0.0	0.0	0.0	0.0	1778.35	0.0	0.0	0.0	0.0	0.0	0.0	0.0	0.0	24.6993	0.0	0.0	0.0	0.0	0	0	0	0	26	0	0	0	0	0	0	0	0	0	0	0	0	0	0	0	0	0	46	0	0	0	0	0	0	0	0	0	0	0	0	0	0	0	0	0	0	0	0	0	0	0	0	0	0	0	0	0	0	0	0.0	0.0	0.0	0.0	6.3e-5	0.0	0.0	0.0	0.0	0.0	0.0	0.0	0.0	1.0	0.0	0.0	0.0	0.0	
75	75	1942.674651394	1939.2	1939.2	2.47925	0.66808	0	0	0	0	73	0	0	0	0	0.0	0.0	0.0	0.0	0.034756	0.0	0.0	0.0	0.0	0.0	0.0	0.0	0.0	1798.47	0.0	0.0	0.0	0.0	0.0	0.0	0.0	0.0	24.6365	0.0	0.0	0.0	0.0	0	0	0	0	26	0	0	0	0	0	0	0	0	0	0	0	0	0	0	0	0	0	47	0	0	0	0	0	0	0	0	0	0	0	0	0	0	0	0	0	0	0	0	0	0	0	0	0	0	0	0	0	0	0	0.0	0.0	0.0	0.0	5.7e-5	0.0	0.0	0.0	0.0	0.0	0.0	0.0	0.0	1.0	0.0	0.0	0.0	0.0	
76	76	1955.7770333	1939.2	1939.2	2.38517	0.657535	0	0	0	0	74	0	0	0	0	0.0	0.0	0.0	0.0	0.03128	0.0	0.0	0.0	0.0	0.0	0.0	0.0	0.0	1811.57	0.0	0.0	0.0	0.0	0.0	0.0	0.0	0.0	24.4807	0.0	0.0	0.0	0.0	0	0	0	0	26	0	0	0	0	0	0	0	0	0	0	0	0	0	0	0	0	0	48	0	0	0	0	0	0	0	0	0	0	0	0	0	0	0	0	0	0	0	0	0	0	0	0	0	0	0	0	0	0	0	0.0	0.0	0.0	0.0	5.2e-5	0.0	0.0	0.0	0.0	0.0	0.0	0.0	0.0	1.0	0.0	0.0	0.0	0.0	
77	77	1969.261886529	1939.2	1939.2	2.32582	0.650538	0	0	0	0	75	0	0	0	0	0.0	0.0	0.0	0.0	0.028152	0.0	0.0	0.0	0.0	0.0	0.0	0.0	0.0	1825.05	0.0	0.0	0.0	0.0	0.0	0.0	0.0	0.0	24.334	0.0	0.0	0.0	0.0	0	0	0	0	26	0	0	0	0	0	0	0	0	0	0	0	0	0	0	0	0	0	49	0	0	0	0	0	0	0	0	0	0	0	0	0	0	0	0	0	0	0	0	0	0	0	0	0	0	0	0	0	0	0	0.0	0.0	0.0	0.0	4.8e-5	0.0	0.0	0.0	0.0	0.0	0.0	0.0	0.0	1.0	0.0	0.0	0.0	0.0	
78	78	1980.107004038	1939.2	1939.2	2.26628	0.643231	0	0	0	0	76	0	0	0	0	0.0	0.0	0.0	0.0	0.025337	0.0	0.0	0.0	0.0	0.0	0.0	0.0	0.0	1835.9	0.0	0.0	0.0	0.0	0.0	0.0	0.0	0.0	24.1566	0.0	0.0	0.0	0.0	0	0	0	0	26	0	0	0	0	0	0	0	0	0	0	0	0	0	0	0	0	0	50	0	0	0	0	0	0	0	0	0	0	0	0	0	0	0	0	0	0	0	0	0	0	0	0	0	0	0	0	0	0	0	0.0	0.0	0.0	0.0	4.3e-5	0.0	0.0	0.0	0.0	0.0	0.0	0.0	0.0	1.0	0.0	0.0	0.0	0.0	
79	79	1989.439331455	1939.2	1939.2	2.2195	0.637277	0	0	0	0	77	0	0	0	0	0.0	0.0	0.0	0.0	0.022803	0.0	0.0	0.0	0.0	0.0	0.0	0.0	0.0	1845.23	0.0	0.0	0.0	0.0	0.0	0.0	0.0	0.0	23.964	0.0	0.0	0.0	0.0	0	0	0	0	26	0	0	0	0	0	0	0	0	0	0	0	0	0	0	0	0	0	51	0	0	0	0	0	0	0	0	0	0	0	0	0	0	0	0	0	0	0	0	0	0	0	0	0	0	0	0	0	0	0	0.0	0.0	0.0	0.0	4.0e-5	0.0	0.0	0.0	0.0	0.0	0.0	0.0	0.0	1.0	0.0	0.0	0.0	0.0	
80	80	1995.935522364	1939.2	1939.2	2.18003	0.632098	0	0	0	0	78	0	0	0	0	0.0	0.0	0.0	0.0	0.020523	0.0	0.0	0.0	0.0	0.0	0.0	0.0	0.0	1851.73	0.0	0.0	0.0	0.0	0.0	0.0	0.0	0.0	23.7401	0.0	0.0	0.0	0.0	0	0	0	0	26	0	0	0	0	0	0	0	0	0	0	0	0	0	0	0	0	0	52	0	0	0	0	0	0	0	0	0	0	0	0	0	0	0	0	0	0	0	0	0	0	0	0	0	0	0	0	0	0	0	0.0	0.0	0.0	0.0	3.6e-5	0.0	0.0	0.0	0.0	0.0	0.0	0.0	0.0	1.0	0.0	0.0	0.0	0.0	
81	81	2002.775846075	1939.2	1939.2	2.15296	0.628464	0	0	0	0	79	0	0	0	0	0.0	0.0	0.0	0.0	0.018471	0.0	0.0	0.0	0.0	0.0	0.0	0.0	0.0	1858.57	0.0	0.0	0.0	0.0	0.0	0.0	0.0	0.0	23.5262	0.0	0.0	0.0	0.0	0	0	0	0	26	0	0	0	0	0	0	0	0	0	0	0	0	0	0	0	0	0	53	0	0	0	0	0	0	0	0	0	0	0	0	0	0	0	0	0	0	0	0	0	0	0	0	0	0	0	0	0	0	0	0.0	0.0	0.0	0.0	3.3e-5	0.0	0.0	0.0	0.0	0.0	0.0	0.0	0.0	1.0	0.0	0.0	0.0	0.0	
82	82	2009.816659087	1939.2	1939.2	2.12483	0.624611	0	0	0	0	80	0	0	0	0	0.0	0.0	0.0	0.0	0.016624	0.0	0.0	0.0	0.0	0.0	0.0	0.0	0.0	1865.61	0.0	0.0	0.0	0.0	0.0	0.0	0.0	0.0	23.3201	0.0	0.0	0.0	0.0	0	0	0	0	26	0	0	0	0	0	0	0	0	0	0	0	0	0	0	0	0	0	54	0	0	0	0	0	0	0	0	0	0	0	0	0	0	0	0	0	0	0	0	0	0	0	0	0	0	0	0	0	0	0	0.0	0.0	0.0	0.0	3.1e-5	0.0	0.0	0.0	0.0	0.0	0.0	0.0	0.0	1.0	0.0	0.0	0.0	0.0	
83	83	2041.311210746	1939.2	1939.2	2.09625	0.620616	0	0	0	0	81	0	0	0	0	0.0	0.0	0.0	0.0	0.014961	0.0	0.0	0.0	0.0	0.0	0.0	0.0	0.0	1897.1	0.0	0.0	0.0	0.0	0.0	0.0	0.0	0.0	23.421	0.0	0.0	0.0	0.0	0	0	0	0	26	0	0	0	0	0	0	0	0	0	0	0	0	0	0	0	0	0	55	0	0	0	0	0	0	0	0	0	0	0	0	0	0	0	0	0	0	0	0	0	0	0	0	0	0	0	0	0	0	0	0.0	0.0	0.0	0.0	2.7e-5	0.0	0.0	0.0	0.0	0.0	0.0	0.0	0.0	1.0	0.0	0.0	0.0	0.0	
84	84	2044.405787303	1939.2	1939.2	1.97306	0.602403	0	0	0	0	82	0	0	0	0	0.0	0.0	0.0	0.0	0.013465	0.0	0.0	0.0	0.0	0.0	0.0	0.0	0.0	1900.2	0.0	0.0	0.0	0.0	0.0	0.0	0.0	0.0	23.1731	0.0	0.0	0.0	0.0	0	0	0	0	26	0	0	0	0	0	0	0	0	0	0	0	0	0	0	0	0	0	56	0	0	0	0	0	0	0	0	0	0	0	0	0	0	0	0	0	0	0	0	0	0	0	0	0	0	0	0	0	0	0	0.0	0.0	0.0	0.0	2.5e-5	0.0	0.0	0.0	0.0	0.0	0.0	0.0	0.0	1.0	0.0	0.0	0.0	0.0	
85	85	2057.858193991	1939.2	1939.2	1.96135	0.600584	0	0	0	0	83	0	0	0	0	0.0	0.0	0.0	0.0	0.012119	0.0	0.0	0.0	0.0	0.0	0.0	0.0	0.0	1913.65	0.0	0.0	0.0	0.0	0.0	0.0	0.0	0.0	23.056	0.0	0.0	0.0	0.0	0	0	0	0	26	0	0	0	0	0	0	0	0	0	0	0	0	0	0	0	0	0	57	0	0	0	0	0	0	0	0	0	0	0	0	0	0	0	0	0	0	0	0	0	0	0	0	0	0	0	0	0	0	0	0.0	0.0	0.0	0.0	2.3e-5	0.0	0.0	0.0	0.0	0.0	0.0	0.0	0.0	1.0	0.0	0.0	0.0	0.0	
86	86	2069.663584303	1939.2	1939.2	1.91126	0.592612	0	0	0	0	84	0	0	0	0	0.0	0.0	0.0	0.0	0.010907	0.0	0.0	0.0	0.0	0.0	0.0	0.0	0.0	1925.45	0.0	0.0	0.0	0.0	0.0	0.0	0.0	0.0	22.9221	0.0	0.0	0.0	0.0	0	0	0	0	26	0	0	0	0	0	0	0	0	0	0	0	0	0	0	0	0	0	58	0	0	0	0	0	0	0	0	0	0	0	0	0	0	0	0	0	0	0	0	0	0	0	0	0	0	0	0	0	0	0	0.0	0.0	0.0	0.0	2.1e-5	0.0	0.0	0.0	0.0	0.0	0.0	0.0	0.0	1.0	0.0	0.0	0.0	0.0	
87	87	2122.52392606	1924.2	1924.2	1.86836	0.585535	0	0	0	0	85	0	0	0	0	0.0	0.0	0.0	0.0	0.109816	0.0	0.0	0.0	0.0	0.0	0.0	0.0	0.0	1978.32	0.0	0.0	0.0	0.0	0.0	0.0	0.0	0.0	23.2743	0.0	0.0	0.0	0.0	0	0	0	0	27	0	0	0	0	0	0	0	0	0	0	0	0	0	0	0	0	0	58	0	0	0	0	0	0	0	0	0	0	0	0	0	0	0	0	0	0	0	0	0	0	0	0	0	0	0	0	0	0	0	0.0	0.0	0.0	0.0	0.000203	0.0	0.0	0.0	0.0	0.0	0.0	0.0	0.0	1.0	0.0	0.0	0.0	0.0	
88	88	2130.563038011	1924.2	1924.2	1.68777	0.552944	0	0	0	0	86	0	0	0	0	0.0	0.0	0.0	0.0	0.098834	0.0	0.0	0.0	0.0	0.0	0.0	0.0	0.0	1986.35	0.0	0.0	0.0	0.0	0.0	0.0	0.0	0.0	23.0971	0.0	0.0	0.0	0.0	0	0	0	0	27	0	0	0	0	0	0	0	0	0	0	0	0	0	0	0	0	0	59	0	0	0	0	0	0	0	0	0	0	0	0	0	0	0	0	0	0	0	0	0	0	0	0	0	0	0	0	0	0	0	0.0	0.0	0.0	0.0	0.000185	0.0	0.0	0.0	0.0	0.0	0.0	0.0	0.0	1.0	0.0	0.0	0.0	0.0	
89	89	2135.854617281	1923.2	1923.2	1.66187	0.547863	0	0	0	0	87	0	0	0	0	0.0	0.0	0.0	0.0	0.188951	0.0	0.0	0.0	0.0	0.0	0.0	0.0	0.0	1991.65	0.0	0.0	0.0	0.0	0.0	0.0	0.0	0.0	22.8925	0.0	0.0	0.0	0.0	0	0	0	0	28	0	0	0	0	0	0	0	0	0	0	0	0	0	0	0	0	0	59	0	0	0	0	0	0	0	0	0	0	0	0	0	0	0	0	0	0	0	0	0	0	0	0	0	0	0	0	0	0	0	0.0	0.0	0.0	0.0	0.000361	0.0	0.0	0.0	0.0	0.0	0.0	0.0	0.0	1.0	0.0	0.0	0.0	0.0	
90	90	2150.107003292	1923.2	1923.2	1.64505	0.544501	0	0	0	0	88	0	0	0	0	0.0	0.0	0.0	0.0	0.170056	0.0	0.0	0.0	0.0	0.0	0.0	0.0	0.0	2005.9	0.0	0.0	0.0	0.0	0.0	0.0	0.0	0.0	22.7943	0.0	0.0	0.0	0.0	0	0	0	0	28	0	0	0	0	0	0	0	0	0	0	0	0	0	0	0	0	0	60	0	0	0	0	0	0	0	0	0	0	0	0	0	0	0	0	0	0	0	0	0	0	0	0	0	0	0	0	0	0	0	0.0	0.0	0.0	0.0	0.000327	0.0	0.0	0.0	0.0	0.0	0.0	0.0	0.0	1.0	0.0	0.0	0.0	0.0	
91	91	2160.672653695	1923.2	1923.2	1.60057	0.535381	0	0	0	0	89	0	0	0	0	0.0	0.0	0.0	0.0	0.15305	0.0	0.0	0.0	0.0	0.0	0.0	0.0	0.0	2016.46	0.0	0.0	0.0	0.0	0.0	0.0	0.0	0.0	22.6569	0.0	0.0	0.0	0.0	0	0	0	0	28	0	0	0	0	0	0	0	0	0	0	0	0	0	0	0	0	0	61	0	0	0	0	0	0	0	0	0	0	0	0	0	0	0	0	0	0	0	0	0	0	0	0	0	0	0	0	0	0	0	0.0	0.0	0.0	0.0	0.000298	0.0	0.0	0.0	0.0	0.0	0.0	0.0	0.0	1.0	0.0	0.0	0.0	0.0	
92	92	2177.688764733	1923.2	1923.2	1.56838	0.528559	0	0	0	0	90	0	0	0	0	0.0	0.0	0.0	0.0	0.137745	0.0	0.0	0.0	0.0	0.0	0.0	0.0	0.0	2033.48	0.0	0.0	0.0	0.0	0.0	0.0	0.0	0.0	22.5942	0.0	0.0	0.0	0.0	0	0	0	0	28	0	0	0	0	0	0	0	0	0	0	0	0	0	0	0	0	0	62	0	0	0	0	0	0	0	0	0	0	0	0	0	0	0	0	0	0	0	0	0	0	0	0	0	0	0	0	0	0	0	0.0	0.0	0.0	0.0	0.00027	0.0	0.0	0.0	0.0	0.0	0.0	0.0	0.0	1.0	0.0	0.0	0.0	0.0	
93	93	2185.136619738	1923.2	1923.2	1.51789	0.517467	0	0	0	0	91	0	0	0	0	0.0	0.0	0.0	0.0	0.123971	0.0	0.0	0.0	0.0	0.0	0.0	0.0	0.0	2040.93	0.0	0.0	0.0	0.0	0.0	0.0	0.0	0.0	22.4278	0.0	0.0	0.0	0.0	0	0	0	0	28	0	0	0	0	0	0	0	0	0	0	0	0	0	0	0	0	0	63	0	0	0	0	0	0	0	0	0	0	0	0	0	0	0	0	0	0	0	0	0	0	0	0	0	0	0	0	0	0	0	0.0	0.0	0.0	0.0	0.000246	0.0	0.0	0.0	0.0	0.0	0.0	0.0	0.0	1.0	0.0	0.0	0.0	0.0	
94	94	2192.883002089	1923.2	1923.2	1.4963	0.512572	0	0	0	0	92	0	0	0	0	0.0	0.0	0.0	0.0	0.111574	0.0	0.0	0.0	0.0	0.0	0.0	0.0	0.0	2048.67	0.0	0.0	0.0	0.0	0.0	0.0	0.0	0.0	22.2682	0.0	0.0	0.0	0.0	0	0	0	0	28	0	0	0	0	0	0	0	0	0	0	0	0	0	0	0	0	0	64	0	0	0	0	0	0	0	0	0	0	0	0	0	0	0	0	0	0	0	0	0	0	0	0	0	0	0	0	0	0	0	0.0	0.0	0.0	0.0	0.000225	0.0	0.0	0.0	0.0	0.0	0.0	0.0	0.0	1.0	0.0	0.0	0.0	0.0	
95	95	2197.735882231	1923.2	1923.2	1.47418	0.507457	0	0	0	0	93	0	0	0	0	0.0	0.0	0.0	0.0	0.100416	0.0	0.0	0.0	0.0	0.0	0.0	0.0	0.0	2053.53	0.0	0.0	0.0	0.0	0.0	0.0	0.0	0.0	22.0809	0.0	0.0	0.0	0.0	0	0	0	0	28	0	0	0	0	0	0	0	0	0	0	0	0	0	0	0	0	0	65	0	0	0	0	0	0	0	0	0	0	0	0	0	0	0	0	0	0	0	0	0	0	0	0	0	0	0	0	0	0	0	0.0	0.0	0.0	0.0	0.000206	0.0	0.0	0.0	0.0	0.0	0.0	0.0	0.0	1.0	0.0	0.0	0.0	0.0	
96	96	2234.593615028	1923.2	1923.2	1.46048	0.504239	0	0	0	0	94	0	0	0	0	0.0	0.0	0.0	0.0	0.090375	0.0	0.0	0.0	0.0	0.0	0.0	0.0	0.0	2090.38	0.0	0.0	0.0	0.0	0.0	0.0	0.0	0.0	22.2381	0.0	0.0	0.0	0.0	0	0	0	0	28	0	0	0	0	0	0	0	0	0	0	0	0	0	0	0	0	0	66	0	0	0	0	0	0	0	0	0	0	0	0	0	0	0	0	0	0	0	0	0	0	0	0	0	0	0	0	0	0	0	0.0	0.0	0.0	0.0	0.000183	0.0	0.0	0.0	0.0	0.0	0.0	0.0	0.0	1.0	0.0	0.0	0.0	0.0	
97	97	2252.892671034	1923.2	1923.2	1.36055	0.479507	0	0	0	0	95	0	0	0	0	0.0	0.0	0.0	0.0	0.081337	0.0	0.0	0.0	0.0	0.0	0.0	0.0	0.0	2108.68	0.0	0.0	0.0	0.0	0.0	0.0	0.0	0.0	22.1967	0.0	0.0	0.0	0.0	0	0	0	0	28	0	0	0	0	0	0	0	0	0	0	0	0	0	0	0	0	0	67	0	0	0	0	0	0	0	0	0	0	0	0	0	0	0	0	0	0	0	0	0	0	0	0	0	0	0	0	0	0	0	0.0	0.0	0.0	0.0	0.000165	0.0	0.0	0.0	0.0	0.0	0.0	0.0	0.0	1.0	0.0	0.0	0.0	0.0	
98	98	2259.408746284	1923.2	1923.2	1.3135	0.467048	0	0	0	0	96	0	0	0	0	0.0	0.0	0.0	0.0	0.073204	0.0	0.0	0.0	0.0	0.0	0.0	0.0	0.0	2115.2	0.0	0.0	0.0	0.0	0.0	0.0	0.0	0.0	22.0333	0.0	0.0	0.0	0.0	0	0	0	0	28	0	0	0	0	0	0	0	0	0	0	0	0	0	0	0	0	0	68	0	0	0	0	0	0	0	0	0	0	0	0	0	0	0	0	0	0	0	0	0	0	0	0	0	0	0	0	0	0	0	0.0	0.0	0.0	0.0	0.000151	0.0	0.0	0.0	0.0	0.0	0.0	0.0	0.0	1.0	0.0	0.0	0.0	0.0	
99	99	2291.013872618	1923.2	1923.2	1.29715	0.462586	0	0	0	0	97	0	0	0	0	0.0	0.0	0.0	0.0	0.065883	0.0	0.0	0.0	0.0	0.0	0.0	0.0	0.0	2146.8	0.0	0.0	0.0	0.0	0.0	0.0	0.0	0.0	22.132	0.0	0.0	0.0	0.0	0	0	0	0	28	0	0	0	0	0	0	0	0	0	0	0	0	0	0	0	0	0	69	0	0	0	0	0	0	0	0	0	0	0	0	0	0	0	0	0	0	0	0	0	0	0	0	0	0	0	0	0	0	0	0.0	0.0	0.0	0.0	0.000135	0.0	0.0	0.0	0.0	0.0	0.0	0.0	0.0	1.0	0.0	0.0	0.0	0.0	
100	100	2326.703470113	1923.2	1923.2	1.22066	0.44077	0	0	0	0	98	0	0	0	0	0.0	0.0	0.0	0.0	0.059295	0.0	0.0	0.0	0.0	0.0	0.0	0.0	0.0	2182.49	0.0	0.0	0.0	0.0	0.0	0.0	0.0	0.0	22.2704	0.0	0.0	0.0	0.0	0	0	0	0	28	0	0	0	0	0	0	0	0	0	0	0	0	0	0	0	0	0	70	0	0	0	0	0	0	0	0	0	0	0	0	0	0	0	0	0	0	0	0	0	0	0	0	0	0	0	0	0	0	0	0.0	0.0	0.0	0.0	0.00012	0.0	0.0	0.0	0.0	0.0	0.0	0.0	0.0	1.0	0.0	0.0	0.0	0.0	
101	101	2330.602281353	1923.2	1923.2	1.13969	0.415849	0	0	0	0	99	0	0	0	0	0.0	0.0	0.0	0.0	0.053365	0.0	0.0	0.0	0.0	0.0	0.0	0.0	0.0	2186.39	0.0	0.0	0.0	0.0	0.0	0.0	0.0	0.0	22.0848	0.0	0.0	0.0	0.0	0	0	0	0	28	0	0	0	0	0	0	0	0	0	0	0	0	0	0	0	0	0	71	0	0	0	0	0	0	0	0	0	0	0	0	0	0	0	0	0	0	0	0	0	0	0	0	0	0	0	0	0	0	0	0.0	0.0	0.0	0.0	0.000109	0.0	0.0	0.0	0.0	0.0	0.0	0.0	0.0	1.0	0.0	0.0	0.0	0.0	
102	102	2344.812786199	1923.2	1923.2	1.13117	0.413112	0	0	0	0	100	0	0	0	0	0.0	0.0	0.0	0.0	0.048029	0.0	0.0	0.0	0.0	0.0	0.0	0.0	0.0	2200.6	0.0	0.0	0.0	0.0	0.0	0.0	0.0	0.0	22.006	0.0	0.0	0.0	0.0	0	0	0	0	28	0	0	0	0	0	0	0	0	0	0	0	0	0	0	0	0	0	72	0	0	0	0	0	0	0	0	0	0	0	0	0	0	0	0	0	0	0	0	0	0	0	0	0	0	0	0	0	0	0	0.0	0.0	0.0	0.0	9.9e-5	0.0	0.0	0.0	0.0	0.0	0.0	0.0	0.0	1.0	0.0	0.0	0.0	0.0	
103	103	2350.691378029	1923.2	1923.2	1.10068	0.403117	0	0	0	0	101	0	0	0	0	0.0	0.0	0.0	0.0	0.043226	0.0	0.0	0.0	0.0	0.0	0.0	0.0	0.0	2206.48	0.0	0.0	0.0	0.0	0.0	0.0	0.0	0.0	21.8464	0.0	0.0	0.0	0.0	0	0	0	0	28	0	0	0	0	0	0	0	0	0	0	0	0	0	0	0	0	0	73	0	0	0	0	0	0	0	0	0	0	0	0	0	0	0	0	0	0	0	0	0	0	0	0	0	0	0	0	0	0	0	0.0	0.0	0.0	0.0	9.1e-5	0.0	0.0	0.0	0.0	0.0	0.0	0.0	0.0	1.0	0.0	0.0	0.0	0.0	
104	104	2359.352480523	1923.2	1923.2	1.08831	0.398974	0	0	0	0	102	0	0	0	0	0.0	0.0	0.0	0.0	0.038903	0.0	0.0	0.0	0.0	0.0	0.0	0.0	0.0	2215.14	0.0	0.0	0.0	0.0	0.0	0.0	0.0	0.0	21.7171	0.0	0.0	0.0	0.0	0	0	0	0	28	0	0	0	0	0	0	0	0	0	0	0	0	0	0	0	0	0	74	0	0	0	0	0	0	0	0	0	0	0	0	0	0	0	0	0	0	0	0	0	0	0	0	0	0	0	0	0	0	0	0.0	0.0	0.0	0.0	8.2e-5	0.0	0.0	0.0	0.0	0.0	0.0	0.0	0.0	1.0	0.0	0.0	0.0	0.0	
105	105	2363.06729667	1923.2	1923.2	1.07033	0.392864	0	0	0	0	103	0	0	0	0	0.0	0.0	0.0	0.0	0.035013	0.0	0.0	0.0	0.0	0.0	0.0	0.0	0.0	2218.86	0.0	0.0	0.0	0.0	0.0	0.0	0.0	0.0	21.5423	0.0	0.0	0.0	0.0	0	0	0	0	28	0	0	0	0	0	0	0	0	0	0	0	0	0	0	0	0	0	75	0	0	0	0	0	0	0	0	0	0	0	0	0	0	0	0	0	0	0	0	0	0	0	0	0	0	0	0	0	0	0	0.0	0.0	0.0	0.0	7.5e-5	0.0	0.0	0.0	0.0	0.0	0.0	0.0	0.0	1.0	0.0	0.0	0.0	0.0	
106	106	2366.286427083	1923.2	1923.2	1.06271	0.390242	0	0	0	0	104	0	0	0	0	0.0	0.0	0.0	0.0	0.031512	0.0	0.0	0.0	0.0	0.0	0.0	0.0	0.0	2222.08	0.0	0.0	0.0	0.0	0.0	0.0	0.0	0.0	21.3661	0.0	0.0	0.0	0.0	0	0	0	0	28	0	0	0	0	0	0	0	0	0	0	0	0	0	0	0	0	0	76	0	0	0	0	0	0	0	0	0	0	0	0	0	0	0	0	0	0	0	0	0	0	0	0	0	0	0	0	0	0	0	0.0	0.0	0.0	0.0	6.9e-5	0.0	0.0	0.0	0.0	0.0	0.0	0.0	0.0	1.0	0.0	0.0	0.0	0.0	
107	107	2379.639453255	1923.2	1923.2	1.05615	0.387968	0	0	0	0	105	0	0	0	0	0.0	0.0	0.0	0.0	0.02836	0.0	0.0	0.0	0.0	0.0	0.0	0.0	0.0	2235.43	0.0	0.0	0.0	0.0	0.0	0.0	0.0	0.0	21.2898	0.0	0.0	0.0	0.0	0	0	0	0	28	0	0	0	0	0	0	0	0	0	0	0	0	0	0	0	0	0	77	0	0	0	0	0	0	0	0	0	0	0	0	0	0	0	0	0	0	0	0	0	0	0	0	0	0	0	0	0	0	0	0.0	0.0	0.0	0.0	6.3e-5	0.0	0.0	0.0	0.0	0.0	0.0	0.0	0.0	1.0	0.0	0.0	0.0	0.0	
108	108	2460.774000079	1920.0	1920.0	1.02938	0.37853	0	0	0	0	106	0	0	0	0	0.0	0.0	0.0	0.0	0.125524	0.0	0.0	0.0	0.0	0.0	0.0	0.0	0.0	2316.56	0.0	0.0	0.0	0.0	0.0	0.0	0.0	0.0	21.8544	0.0	0.0	0.0	0.0	0	0	0	0	29	0	0	0	0	0	0	0	0	0	0	0	0	0	0	0	0	0	77	0	0	0	0	0	0	0	0	0	0	0	0	0	0	0	0	0	0	0	0	0	0	0	0	0	0	0	0	0	0	0	0.0	0.0	0.0	0.0	0.000263	0.0	0.0	0.0	0.0	0.0	0.0	0.0	0.0	1.0	0.0	0.0	0.0	0.0	
109	109	2468.363296521	1920.0	1920.0	0.880669	0.321261	0	0	0	0	107	0	0	0	0	0.0	0.0	0.0	0.0	0.112972	0.0	0.0	0.0	0.0	0.0	0.0	0.0	0.0	2324.15	0.0	0.0	0.0	0.0	0.0	0.0	0.0	0.0	21.7211	0.0	0.0	0.0	0.0	0	0	0	0	29	0	0	0	0	0	0	0	0	0	0	0	0	0	0	0	0	0	78	0	0	0	0	0	0	0	0	0	0	0	0	0	0	0	0	0	0	0	0	0	0	0	0	0	0	0	0	0	0	0	0.0	0.0	0.0	0.0	0.000239	0.0	0.0	0.0	0.0	0.0	0.0	0.0	0.0	1.0	0.0	0.0	0.0	0.0	
110	110	2477.092457138	1920.0	1920.0	0.86791	0.315943	0	0	0	0	108	0	0	0	0	0.0	0.0	0.0	0.0	0.101675	0.0	0.0	0.0	0.0	0.0	0.0	0.0	0.0	2332.88	0.0	0.0	0.0	0.0	0.0	0.0	0.0	0.0	21.6008	0.0	0.0	0.0	0.0	0	0	0	0	29	0	0	0	0	0	0	0	0	0	0	0	0	0	0	0	0	0	79	0	0	0	0	0	0	0	0	0	0	0	0	0	0	0	0	0	0	0	0	0	0	0	0	0	0	0	0	0	0	0	0.0	0.0	0.0	0.0	0.000218	0.0	0.0	0.0	0.0	0.0	0.0	0.0	0.0	1.0	0.0	0.0	0.0	0.0	
111	111	2494.6682082	1920.0	1920.0	0.853462	0.30984	0	0	0	0	109	0	0	0	0	0.0	0.0	0.0	0.0	0.091507	0.0	0.0	0.0	0.0	0.0	0.0	0.0	0.0	2350.46	0.0	0.0	0.0	0.0	0.0	0.0	0.0	0.0	21.5638	0.0	0.0	0.0	0.0	0	0	0	0	29	0	0	0	0	0	0	0	0	0	0	0	0	0	0	0	0	0	80	0	0	0	0	0	0	0	0	0	0	0	0	0	0	0	0	0	0	0	0	0	0	0	0	0	0	0	0	0	0	0	0.0	0.0	0.0	0.0	0.000197	0.0	0.0	0.0	0.0	0.0	0.0	0.0	0.0	1.0	0.0	0.0	0.0	0.0	
112	112	2504.509003596	1920.0	1920.0	0.825097	0.297608	0	0	0	0	110	0	0	0	0	0.0	0.0	0.0	0.0	0.082357	0.0	0.0	0.0	0.0	0.0	0.0	0.0	0.0	2360.3	0.0	0.0	0.0	0.0	0.0	0.0	0.0	0.0	21.4573	0.0	0.0	0.0	0.0	0	0	0	0	29	0	0	0	0	0	0	0	0	0	0	0	0	0	0	0	0	0	81	0	0	0	0	0	0	0	0	0	0	0	0	0	0	0	0	0	0	0	0	0	0	0	0	0	0	0	0	0	0	0	0.0	0.0	0.0	0.0	0.000179	0.0	0.0	0.0	0.0	0.0	0.0	0.0	0.0	1.0	0.0	0.0	0.0	0.0	
113	113	2512.151293042	1920.0	1920.0	0.809629	0.290796	0	0	0	0	111	0	0	0	0	0.0	0.0	0.0	0.0	0.074121	0.0	0.0	0.0	0.0	0.0	0.0	0.0	0.0	2367.94	0.0	0.0	0.0	0.0	0.0	0.0	0.0	0.0	21.3328	0.0	0.0	0.0	0.0	0	0	0	0	29	0	0	0	0	0	0	0	0	0	0	0	0	0	0	0	0	0	82	0	0	0	0	0	0	0	0	0	0	0	0	0	0	0	0	0	0	0	0	0	0	0	0	0	0	0	0	0	0	0	0.0	0.0	0.0	0.0	0.000163	0.0	0.0	0.0	0.0	0.0	0.0	0.0	0.0	1.0	0.0	0.0	0.0	0.0	
114	114	2543.11871125	1920.0	1920.0	0.797818	0.285527	0	0	0	0	112	0	0	0	0	0.0	0.0	0.0	0.0	0.066709	0.0	0.0	0.0	0.0	0.0	0.0	0.0	0.0	2398.91	0.0	0.0	0.0	0.0	0.0	0.0	0.0	0.0	21.4188	0.0	0.0	0.0	0.0	0	0	0	0	29	0	0	0	0	0	0	0	0	0	0	0	0	0	0	0	0	0	83	0	0	0	0	0	0	0	0	0	0	0	0	0	0	0	0	0	0	0	0	0	0	0	0	0	0	0	0	0	0	0	0.0	0.0	0.0	0.0	0.000145	0.0	0.0	0.0	0.0	0.0	0.0	0.0	0.0	1.0	0.0	0.0	0.0	0.0	
115	115	2546.65494773	1920.0	1920.0	0.751693	0.26439	0	0	0	0	113	0	0	0	0	0.0	0.0	0.0	0.0	0.060038	0.0	0.0	0.0	0.0	0.0	0.0	0.0	0.0	2402.45	0.0	0.0	0.0	0.0	0.0	0.0	0.0	0.0	21.2606	0.0	0.0	0.0	0.0	0	0	0	0	29	0	0	0	0	0	0	0	0	0	0	0	0	0	0	0	0	0	84	0	0	0	0	0	0	0	0	0	0	0	0	0	0	0	0	0	0	0	0	0	0	0	0	0	0	0	0	0	0	0	0.0	0.0	0.0	0.0	0.000133	0.0	0.0	0.0	0.0	0.0	0.0	0.0	0.0	1.0	0.0	0.0	0.0	0.0	
116	116	2550.369000119	1920.0	1920.0	0.746598	0.262001	0	0	0	0	114	0	0	0	0	0.0	0.0	0.0	0.0	0.054034	0.0	0.0	0.0	0.0	0.0	0.0	0.0	0.0	2406.16	0.0	0.0	0.0	0.0	0.0	0.0	0.0	0.0	21.1067	0.0	0.0	0.0	0.0	0	0	0	0	29	0	0	0	0	0	0	0	0	0	0	0	0	0	0	0	0	0	85	0	0	0	0	0	0	0	0	0	0	0	0	0	0	0	0	0	0	0	0	0	0	0	0	0	0	0	0	0	0	0	0.0	0.0	0.0	0.0	0.000121	0.0	0.0	0.0	0.0	0.0	0.0	0.0	0.0	1.0	0.0	0.0	0.0	0.0	
117	117	2611.675204916	1920.0	1920.0	0.741285	0.259497	0	0	0	0	115	0	0	0	0	0.0	0.0	0.0	0.0	0.048631	0.0	0.0	0.0	0.0	0.0	0.0	0.0	0.0	2467.47	0.0	0.0	0.0	0.0	0.0	0.0	0.0	0.0	21.4562	0.0	0.0	0.0	0.0	0	0	0	0	29	0	0	0	0	0	0	0	0	0	0	0	0	0	0	0	0	0	86	0	0	0	0	0	0	0	0	0	0	0	0	0	0	0	0	0	0	0	0	0	0	0	0	0	0	0	0	0	0	0	0.0	0.0	0.0	0.0	0.000106	0.0	0.0	0.0	0.0	0.0	0.0	0.0	0.0	1.0	0.0	0.0	0.0	0.0	
118	118	2616.282182754	1920.0	1920.0	0.658845	0.219192	0	0	0	0	116	0	0	0	0	0.0	0.0	0.0	0.0	0.043768	0.0	0.0	0.0	0.0	0.0	0.0	0.0	0.0	2472.07	0.0	0.0	0.0	0.0	0.0	0.0	0.0	0.0	21.311	0.0	0.0	0.0	0.0	0	0	0	0	29	0	0	0	0	0	0	0	0	0	0	0	0	0	0	0	0	0	87	0	0	0	0	0	0	0	0	0	0	0	0	0	0	0	0	0	0	0	0	0	0	0	0	0	0	0	0	0	0	0	0.0	0.0	0.0	0.0	9.6e-5	0.0	0.0	0.0	0.0	0.0	0.0	0.0	0.0	1.0	0.0	0.0	0.0	0.0	
119	119	2620.65017612	1920.0	1920.0	0.653034	0.216251	0	0	0	0	117	0	0	0	0	0.0	0.0	0.0	0.0	0.039391	0.0	0.0	0.0	0.0	0.0	0.0	0.0	0.0	2476.44	0.0	0.0	0.0	0.0	0.0	0.0	0.0	0.0	21.1662	0.0	0.0	0.0	0.0	0	0	0	0	29	0	0	0	0	0	0	0	0	0	0	0	0	0	0	0	0	0	88	0	0	0	0	0	0	0	0	0	0	0	0	0	0	0	0	0	0	0	0	0	0	0	0	0	0	0	0	0	0	0	0.0	0.0	0.0	0.0	8.8e-5	0.0	0.0	0.0	0.0	0.0	0.0	0.0	0.0	1.0	0.0	0.0	0.0	0.0	
120	120	2626.55746517	1920.0	1920.0	0.647571	0.213476	0	0	0	0	118	0	0	0	0	0.0	0.0	0.0	0.0	0.035452	0.0	0.0	0.0	0.0	0.0	0.0	0.0	0.0	2482.35	0.0	0.0	0.0	0.0	0.0	0.0	0.0	0.0	21.0368	0.0	0.0	0.0	0.0	0	0	0	0	29	0	0	0	0	0	0	0	0	0	0	0	0	0	0	0	0	0	89	0	0	0	0	0	0	0	0	0	0	0	0	0	0	0	0	0	0	0	0	0	0	0	0	0	0	0	0	0	0	0	0.0	0.0	0.0	0.0	8.0e-5	0.0	0.0	0.0	0.0	0.0	0.0	0.0	0.0	1.0	0.0	0.0	0.0	0.0	
121	121	2647.095608248	1920.0	1920.0	0.640256	0.209743	0	0	0	0	119	0	0	0	0	0.0	0.0	0.0	0.0	0.031907	0.0	0.0	0.0	0.0	0.0	0.0	0.0	0.0	2502.89	0.0	0.0	0.0	0.0	0.0	0.0	0.0	0.0	21.0327	0.0	0.0	0.0	0.0	0	0	0	0	29	0	0	0	0	0	0	0	0	0	0	0	0	0	0	0	0	0	90	0	0	0	0	0	0	0	0	0	0	0	0	0	0	0	0	0	0	0	0	0	0	0	0	0	0	0	0	0	0	0	0.0	0.0	0.0	0.0	7.2e-5	0.0	0.0	0.0	0.0	0.0	0.0	0.0	0.0	1.0	0.0	0.0	0.0	0.0	
122	122	2662.559164239	1920.0	1920.0	0.615462	0.196952	0	0	0	0	120	0	0	0	0	0.0	0.0	0.0	0.0	0.028716	0.0	0.0	0.0	0.0	0.0	0.0	0.0	0.0	2518.35	0.0	0.0	0.0	0.0	0.0	0.0	0.0	0.0	20.9862	0.0	0.0	0.0	0.0	0	0	0	0	29	0	0	0	0	0	0	0	0	0	0	0	0	0	0	0	0	0	91	0	0	0	0	0	0	0	0	0	0	0	0	0	0	0	0	0	0	0	0	0	0	0	0	0	0	0	0	0	0	0	0.0	0.0	0.0	0.0	6.5e-5	0.0	0.0	0.0	0.0	0.0	0.0	0.0	0.0	1.0	0.0	0.0	0.0	0.0	
123	123	2667.373507501	1920.0	1920.0	0.597429	0.187526	0	0	0	0	121	0	0	0	0	0.0	0.0	0.0	0.0	0.025844	0.0	0.0	0.0	0.0	0.0	0.0	0.0	0.0	2523.16	0.0	0.0	0.0	0.0	0.0	0.0	0.0	0.0	20.8526	0.0	0.0	0.0	0.0	0	0	0	0	29	0	0	0	0	0	0	0	0	0	0	0	0	0	0	0	0	0	92	0	0	0	0	0	0	0	0	0	0	0	0	0	0	0	0	0	0	0	0	0	0	0	0	0	0	0	0	0	0	0	0.0	0.0	0.0	0.0	5.9e-5	0.0	0.0	0.0	0.0	0.0	0.0	0.0	0.0	1.0	0.0	0.0	0.0	0.0	
124	124	2687.841569145	1920.0	1920.0	0.591923	0.184629	0	0	0	0	122	0	0	0	0	0.0	0.0	0.0	0.0	0.02326	0.0	0.0	0.0	0.0	0.0	0.0	0.0	0.0	2543.63	0.0	0.0	0.0	0.0	0.0	0.0	0.0	0.0	20.8494	0.0	0.0	0.0	0.0	0	0	0	0	29	0	0	0	0	0	0	0	0	0	0	0	0	0	0	0	0	0	93	0	0	0	0	0	0	0	0	0	0	0	0	0	0	0	0	0	0	0	0	0	0	0	0	0	0	0	0	0	0	0	0.0	0.0	0.0	0.0	5.4e-5	0.0	0.0	0.0	0.0	0.0	0.0	0.0	0.0	1.0	0.0	0.0	0.0	0.0	
125	125	2692.969195803	1920.0	1920.0	0.569077	0.172522	0	0	0	0	123	0	0	0	0	0.0	0.0	0.0	0.0	0.020934	0.0	0.0	0.0	0.0	0.0	0.0	0.0	0.0	2548.76	0.0	0.0	0.0	0.0	0.0	0.0	0.0	0.0	20.7216	0.0	0.0	0.0	0.0	0	0	0	0	29	0	0	0	0	0	0	0	0	0	0	0	0	0	0	0	0	0	94	0	0	0	0	0	0	0	0	0	0	0	0	0	0	0	0	0	0	0	0	0	0	0	0	0	0	0	0	0	0	0	0.0	0.0	0.0	0.0	4.9e-5	0.0	0.0	0.0	0.0	0.0	0.0	0.0	0.0	1.0	0.0	0.0	0.0	0.0	
126	126	2769.689578972	1917.0	1917.0	0.563493	0.169543	0	0	0	0	124	0	0	0	0	0.0	0.0	0.0	0.0	0.118841	0.0	0.0	0.0	0.0	0.0	0.0	0.0	0.0	2625.48	0.0	0.0	0.0	0.0	0.0	0.0	0.0	0.0	21.1732	0.0	0.0	0.0	0.0	0	0	0	0	30	0	0	0	0	0	0	0	0	0	0	0	0	0	0	0	0	0	94	0	0	0	0	0	0	0	0	0	0	0	0	0	0	0	0	0	0	0	0	0	0	0	0	0	0	0	0	0	0	0	0.0	0.0	0.0	0.0	0.000265	0.0	0.0	0.0	0.0	0.0	0.0	0.0	0.0	1.0	0.0	0.0	0.0	0.0	
127	127	2792.601528553	1917.0	1917.0	0.486198	0.127866	0	0	0	0	125	0	0	0	0	0.0	0.0	0.0	0.0	0.106957	0.0	0.0	0.0	0.0	0.0	0.0	0.0	0.0	2648.39	0.0	0.0	0.0	0.0	0.0	0.0	0.0	0.0	21.1871	0.0	0.0	0.0	0.0	0	0	0	0	30	0	0	0	0	0	0	0	0	0	0	0	0	0	0	0	0	0	95	0	0	0	0	0	0	0	0	0	0	0	0	0	0	0	0	0	0	0	0	0	0	0	0	0	0	0	0	0	0	0	0.0	0.0	0.0	0.0	0.000238	0.0	0.0	0.0	0.0	0.0	0.0	0.0	0.0	1.0	0.0	0.0	0.0	0.0	
128	128	2794.911542818	1917.0	1917.0	0.46524	0.116551	0	0	0	0	126	0	0	0	0	0.0	0.0	0.0	0.0	0.096261	0.0	0.0	0.0	0.0	0.0	0.0	0.0	0.0	2650.7	0.0	0.0	0.0	0.0	0.0	0.0	0.0	0.0	21.0373	0.0	0.0	0.0	0.0	0	0	0	0	30	0	0	0	0	0	0	0	0	0	0	0	0	0	0	0	0	0	96	0	0	0	0	0	0	0	0	0	0	0	0	0	0	0	0	0	0	0	0	0	0	0	0	0	0	0	0	0	0	0	0.0	0.0	0.0	0.0	0.000218	0.0	0.0	0.0	0.0	0.0	0.0	0.0	0.0	1.0	0.0	0.0	0.0	0.0	
129	129	2815.711479219	1917.0	1917.0	0.463178	0.115441	0	0	0	0	127	0	0	0	0	0.0	0.0	0.0	0.0	0.086635	0.0	0.0	0.0	0.0	0.0	0.0	0.0	0.0	2671.5	0.0	0.0	0.0	0.0	0.0	0.0	0.0	0.0	21.0354	0.0	0.0	0.0	0.0	0	0	0	0	30	0	0	0	0	0	0	0	0	0	0	0	0	0	0	0	0	0	97	0	0	0	0	0	0	0	0	0	0	0	0	0	0	0	0	0	0	0	0	0	0	0	0	0	0	0	0	0	0	0	0.0	0.0	0.0	0.0	0.000196	0.0	0.0	0.0	0.0	0.0	0.0	0.0	0.0	1.0	0.0	0.0	0.0	0.0	
130	130	2837.95257045	1917.0	1917.0	0.445017	0.105705	0	0	0	0	128	0	0	0	0	0.0	0.0	0.0	0.0	0.077971	0.0	0.0	0.0	0.0	0.0	0.0	0.0	0.0	2693.74	0.0	0.0	0.0	0.0	0.0	0.0	0.0	0.0	21.0449	0.0	0.0	0.0	0.0	0	0	0	0	30	0	0	0	0	0	0	0	0	0	0	0	0	0	0	0	0	0	98	0	0	0	0	0	0	0	0	0	0	0	0	0	0	0	0	0	0	0	0	0	0	0	0	0	0	0	0	0	0	0	0.0	0.0	0.0	0.0	0.000176	0.0	0.0	0.0	0.0	0.0	0.0	0.0	0.0	1.0	0.0	0.0	0.0	0.0	
131	131	2842.58085735	1916.5	1916.5	0.426384	0.095818	0	0	0	0	129	0	0	0	0	0.0	0.0	0.0	0.0	0.170174	0.0	0.0	0.0	0.0	0.0	0.0	0.0	0.0	2698.37	0.0	0.0	0.0	0.0	0.0	0.0	0.0	0.0	20.9176	0.0	0.0	0.0	0.0	0	0	0	0	31	0	0	0	0	0	0	0	0	0	0	0	0	0	0	0	0	0	98	0	0	0	0	0	0	0	0	0	0	0	0	0	0	0	0	0	0	0	0	0	0	0	0	0	0	0	0	0	0	0	0.0	0.0	0.0	0.0	0.000389	0.0	0.0	0.0	0.0	0.0	0.0	0.0	0.0	1.0	0.0	0.0	0.0	0.0	
132	132	2857.189659155	1916.5	1916.5	0.422606	0.09383	0	0	0	0	130	0	0	0	0	0.0	0.0	0.0	0.0	0.153157	0.0	0.0	0.0	0.0	0.0	0.0	0.0	0.0	2712.98	0.0	0.0	0.0	0.0	0.0	0.0	0.0	0.0	20.8691	0.0	0.0	0.0	0.0	0	0	0	0	31	0	0	0	0	0	0	0	0	0	0	0	0	0	0	0	0	0	99	0	0	0	0	0	0	0	0	0	0	0	0	0	0	0	0	0	0	0	0	0	0	0	0	0	0	0	0	0	0	0	0.0	0.0	0.0	0.0	0.000352	0.0	0.0	0.0	0.0	0.0	0.0	0.0	0.0	1.0	0.0	0.0	0.0	0.0	
133	133	2862.379035704	1916.5	1916.5	0.410899	0.087713	0	0	0	0	131	0	0	0	0	0.0	0.0	0.0	0.0	0.137841	0.0	0.0	0.0	0.0	0.0	0.0	0.0	0.0	2718.17	0.0	0.0	0.0	0.0	0.0	0.0	0.0	0.0	20.7494	0.0	0.0	0.0	0.0	0	0	0	0	31	0	0	0	0	0	0	0	0	0	0	0	0	0	0	0	0	0	100	0	0	0	0	0	0	0	0	0	0	0	0	0	0	0	0	0	0	0	0	0	0	0	0	0	0	0	0	0	0	0	0.0	0.0	0.0	0.0	0.00032	0.0	0.0	0.0	0.0	0.0	0.0	0.0	0.0	1.0	0.0	0.0	0.0	0.0	
134	134	2866.518494532	1916.5	1916.5	0.406819	0.085598	0	0	0	0	132	0	0	0	0	0.0	0.0	0.0	0.0	0.124057	0.0	0.0	0.0	0.0	0.0	0.0	0.0	0.0	2722.31	0.0	0.0	0.0	0.0	0.0	0.0	0.0	0.0	20.6236	0.0	0.0	0.0	0.0	0	0	0	0	31	0	0	0	0	0	0	0	0	0	0	0	0	0	0	0	0	0	101	0	0	0	0	0	0	0	0	0	0	0	0	0	0	0	0	0	0	0	0	0	0	0	0	0	0	0	0	0	0	0	0.0	0.0	0.0	0.0	0.000292	0.0	0.0	0.0	0.0	0.0	0.0	0.0	0.0	1.0	0.0	0.0	0.0	0.0	
135	135	2874.190507733	1916.5	1916.5	0.403593	0.083932	0	0	0	0	133	0	0	0	0	0.0	0.0	0.0	0.0	0.111651	0.0	0.0	0.0	0.0	0.0	0.0	0.0	0.0	2729.98	0.0	0.0	0.0	0.0	0.0	0.0	0.0	0.0	20.5262	0.0	0.0	0.0	0.0	0	0	0	0	31	0	0	0	0	0	0	0	0	0	0	0	0	0	0	0	0	0	102	0	0	0	0	0	0	0	0	0	0	0	0	0	0	0	0	0	0	0	0	0	0	0	0	0	0	0	0	0	0	0	0.0	0.0	0.0	0.0	0.000265	0.0	0.0	0.0	0.0	0.0	0.0	0.0	0.0	1.0	0.0	0.0	0.0	0.0	
136	136	2885.243924297	1916.5	1916.5	0.397682	0.080898	0	0	0	0	134	0	0	0	0	0.0	0.0	0.0	0.0	0.100486	0.0	0.0	0.0	0.0	0.0	0.0	0.0	0.0	2741.03	0.0	0.0	0.0	0.0	0.0	0.0	0.0	0.0	20.4555	0.0	0.0	0.0	0.0	0	0	0	0	31	0	0	0	0	0	0	0	0	0	0	0	0	0	0	0	0	0	103	0	0	0	0	0	0	0	0	0	0	0	0	0	0	0	0	0	0	0	0	0	0	0	0	0	0	0	0	0	0	0	0.0	0.0	0.0	0.0	0.00024	0.0	0.0	0.0	0.0	0.0	0.0	0.0	0.0	1.0	0.0	0.0	0.0	0.0	
137	137	2905.246537422	1916.5	1916.5	0.389318	0.076643	0	0	0	0	135	0	0	0	0	0.0	0.0	0.0	0.0	0.090438	0.0	0.0	0.0	0.0	0.0	0.0	0.0	0.0	2761.04	0.0	0.0	0.0	0.0	0.0	0.0	0.0	0.0	20.4521	0.0	0.0	0.0	0.0	0	0	0	0	31	0	0	0	0	0	0	0	0	0	0	0	0	0	0	0	0	0	104	0	0	0	0	0	0	0	0	0	0	0	0	0	0	0	0	0	0	0	0	0	0	0	0	0	0	0	0	0	0	0	0.0	0.0	0.0	0.0	0.000216	0.0	0.0	0.0	0.0	0.0	0.0	0.0	0.0	1.0	0.0	0.0	0.0	0.0	
138	138	2917.381522675	1916.5	1916.5	0.374627	0.069299	0	0	0	0	136	0	0	0	0	0.0	0.0	0.0	0.0	0.081394	0.0	0.0	0.0	0.0	0.0	0.0	0.0	0.0	2773.17	0.0	0.0	0.0	0.0	0.0	0.0	0.0	0.0	20.391	0.0	0.0	0.0	0.0	0	0	0	0	31	0	0	0	0	0	0	0	0	0	0	0	0	0	0	0	0	0	105	0	0	0	0	0	0	0	0	0	0	0	0	0	0	0	0	0	0	0	0	0	0	0	0	0	0	0	0	0	0	0	0.0	0.0	0.0	0.0	0.000196	0.0	0.0	0.0	0.0	0.0	0.0	0.0	0.0	1.0	0.0	0.0	0.0	0.0	
139	139	2925.24570096	1916.5	1916.5	0.365985	0.065066	0	0	0	0	137	0	0	0	0	0.0	0.0	0.0	0.0	0.073254	0.0	0.0	0.0	0.0	0.0	0.0	0.0	0.0	2781.04	0.0	0.0	0.0	0.0	0.0	0.0	0.0	0.0	20.2995	0.0	0.0	0.0	0.0	0	0	0	0	31	0	0	0	0	0	0	0	0	0	0	0	0	0	0	0	0	0	106	0	0	0	0	0	0	0	0	0	0	0	0	0	0	0	0	0	0	0	0	0	0	0	0	0	0	0	0	0	0	0	0.0	0.0	0.0	0.0	0.000178	0.0	0.0	0.0	0.0	0.0	0.0	0.0	0.0	1.0	0.0	0.0	0.0	0.0	
140	140	2931.327708992	1916.5	1916.5	0.360492	0.062413	0	0	0	0	138	0	0	0	0	0.0	0.0	0.0	0.0	0.065929	0.0	0.0	0.0	0.0	0.0	0.0	0.0	0.0	2787.12	0.0	0.0	0.0	0.0	0.0	0.0	0.0	0.0	20.1965	0.0	0.0	0.0	0.0	0	0	0	0	31	0	0	0	0	0	0	0	0	0	0	0	0	0	0	0	0	0	107	0	0	0	0	0	0	0	0	0	0	0	0	0	0	0	0	0	0	0	0	0	0	0	0	0	0	0	0	0	0	0	0.0	0.0	0.0	0.0	0.000162	0.0	0.0	0.0	0.0	0.0	0.0	0.0	0.0	1.0	0.0	0.0	0.0	0.0	
141	141	2939.91223831	1916.5	1916.5	0.3563	0.060409	0	0	0	0	139	0	0	0	0	0.0	0.0	0.0	0.0	0.059336	0.0	0.0	0.0	0.0	0.0	0.0	0.0	0.0	2795.7	0.0	0.0	0.0	0.0	0.0	0.0	0.0	0.0	20.113	0.0	0.0	0.0	0.0	0	0	0	0	31	0	0	0	0	0	0	0	0	0	0	0	0	0	0	0	0	0	108	0	0	0	0	0	0	0	0	0	0	0	0	0	0	0	0	0	0	0	0	0	0	0	0	0	0	0	0	0	0	0	0.0	0.0	0.0	0.0	0.000147	0.0	0.0	0.0	0.0	0.0	0.0	0.0	0.0	1.0	0.0	0.0	0.0	0.0	
142	142	2950.558197514	1916.5	1916.5	0.350467	0.057652	0	0	0	0	140	0	0	0	0	0.0	0.0	0.0	0.0	0.053402	0.0	0.0	0.0	0.0	0.0	0.0	0.0	0.0	2806.35	0.0	0.0	0.0	0.0	0.0	0.0	0.0	0.0	20.0453	0.0	0.0	0.0	0.0	0	0	0	0	31	0	0	0	0	0	0	0	0	0	0	0	0	0	0	0	0	0	109	0	0	0	0	0	0	0	0	0	0	0	0	0	0	0	0	0	0	0	0	0	0	0	0	0	0	0	0	0	0	0	0.0	0.0	0.0	0.0	0.000133	0.0	0.0	0.0	0.0	0.0	0.0	0.0	0.0	1.0	0.0	0.0	0.0	0.0	
143	143	2956.987730784	1916.5	1916.5	0.343364	0.054348	0	0	0	0	141	0	0	0	0	0.0	0.0	0.0	0.0	0.048062	0.0	0.0	0.0	0.0	0.0	0.0	0.0	0.0	2812.78	0.0	0.0	0.0	0.0	0.0	0.0	0.0	0.0	19.9488	0.0	0.0	0.0	0.0	0	0	0	0	31	0	0	0	0	0	0	0	0	0	0	0	0	0	0	0	0	0	110	0	0	0	0	0	0	0	0	0	0	0	0	0	0	0	0	0	0	0	0	0	0	0	0	0	0	0	0	0	0	0	0.0	0.0	0.0	0.0	0.000121	0.0	0.0	0.0	0.0	0.0	0.0	0.0	0.0	1.0	0.0	0.0	0.0	0.0	
144	144	2963.645770979	1916.5	1916.5	0.339145	0.052414	0	0	0	0	142	0	0	0	0	0.0	0.0	0.0	0.0	0.043256	0.0	0.0	0.0	0.0	0.0	0.0	0.0	0.0	2819.44	0.0	0.0	0.0	0.0	0.0	0.0	0.0	0.0	19.8552	0.0	0.0	0.0	0.0	0	0	0	0	31	0	0	0	0	0	0	0	0	0	0	0	0	0	0	0	0	0	111	0	0	0	0	0	0	0	0	0	0	0	0	0	0	0	0	0	0	0	0	0	0	0	0	0	0	0	0	0	0	0	0.0	0.0	0.0	0.0	0.00011	0.0	0.0	0.0	0.0	0.0	0.0	0.0	0.0	1.0	0.0	0.0	0.0	0.0	
145	145	2996.063465367	1916.5	1916.5	0.33483	0.050459	0	0	0	0	143	0	0	0	0	0.0	0.0	0.0	0.0	0.03893	0.0	0.0	0.0	0.0	0.0	0.0	0.0	0.0	2851.85	0.0	0.0	0.0	0.0	0.0	0.0	0.0	0.0	19.943	0.0	0.0	0.0	0.0	0	0	0	0	31	0	0	0	0	0	0	0	0	0	0	0	0	0	0	0	0	0	112	0	0	0	0	0	0	0	0	0	0	0	0	0	0	0	0	0	0	0	0	0	0	0	0	0	0	0	0	0	0	0	0.0	0.0	0.0	0.0	9.8e-5	0.0	0.0	0.0	0.0	0.0	0.0	0.0	0.0	1.0	0.0	0.0	0.0	0.0	
146	146	3012.9339262	1916.5	1916.5	0.314594	0.04164	0	0	0	0	144	0	0	0	0	0.0	0.0	0.0	0.0	0.035037	0.0	0.0	0.0	0.0	0.0	0.0	0.0	0.0	2868.72	0.0	0.0	0.0	0.0	0.0	0.0	0.0	0.0	19.9217	0.0	0.0	0.0	0.0	0	0	0	0	31	0	0	0	0	0	0	0	0	0	0	0	0	0	0	0	0	0	113	0	0	0	0	0	0	0	0	0	0	0	0	0	0	0	0	0	0	0	0	0	0	0	0	0	0	0	0	0	0	0	0.0	0.0	0.0	0.0	8.8e-5	0.0	0.0	0.0	0.0	0.0	0.0	0.0	0.0	1.0	0.0	0.0	0.0	0.0	
147	147	3036.233397408	1916.5	1916.5	0.304551	0.037496	0	0	0	0	145	0	0	0	0	0.0	0.0	0.0	0.0	0.031534	0.0	0.0	0.0	0.0	0.0	0.0	0.0	0.0	2892.02	0.0	0.0	0.0	0.0	0.0	0.0	0.0	0.0	19.945	0.0	0.0	0.0	0.0	0	0	0	0	31	0	0	0	0	0	0	0	0	0	0	0	0	0	0	0	0	0	114	0	0	0	0	0	0	0	0	0	0	0	0	0	0	0	0	0	0	0	0	0	0	0	0	0	0	0	0	0	0	0	0.0	0.0	0.0	0.0	7.9e-5	0.0	0.0	0.0	0.0	0.0	0.0	0.0	0.0	1.0	0.0	0.0	0.0	0.0	
148	148	3041.336095447	1916.5	1916.5	0.291207	0.032258	0	0	0	0	146	0	0	0	0	0.0	0.0	0.0	0.0	0.02838	0.0	0.0	0.0	0.0	0.0	0.0	0.0	0.0	2897.13	0.0	0.0	0.0	0.0	0.0	0.0	0.0	0.0	19.8433	0.0	0.0	0.0	0.0	0	0	0	0	31	0	0	0	0	0	0	0	0	0	0	0	0	0	0	0	0	0	115	0	0	0	0	0	0	0	0	0	0	0	0	0	0	0	0	0	0	0	0	0	0	0	0	0	0	0	0	0	0	0	0.0	0.0	0.0	0.0	7.2e-5	0.0	0.0	0.0	0.0	0.0	0.0	0.0	0.0	1.0	0.0	0.0	0.0	0.0	
149	149	3047.95133056	1916.5	1916.5	0.288363	0.031184	0	0	0	0	147	0	0	0	0	0.0	0.0	0.0	0.0	0.025542	0.0	0.0	0.0	0.0	0.0	0.0	0.0	0.0	2903.74	0.0	0.0	0.0	0.0	0.0	0.0	0.0	0.0	19.7533	0.0	0.0	0.0	0.0	0	0	0	0	31	0	0	0	0	0	0	0	0	0	0	0	0	0	0	0	0	0	116	0	0	0	0	0	0	0	0	0	0	0	0	0	0	0	0	0	0	0	0	0	0	0	0	0	0	0	0	0	0	0	0.0	0.0	0.0	0.0	6.5e-5	0.0	0.0	0.0	0.0	0.0	0.0	0.0	0.0	1.0	0.0	0.0	0.0	0.0	
150	150	3051.622464685	1916.5	1916.5	0.284718	0.02983	0	0	0	0	148	0	0	0	0	0.0	0.0	0.0	0.0	0.022988	0.0	0.0	0.0	0.0	0.0	0.0	0.0	0.0	2907.41	0.0	0.0	0.0	0.0	0.0	0.0	0.0	0.0	19.6447	0.0	0.0	0.0	0.0	0	0	0	0	31	0	0	0	0	0	0	0	0	0	0	0	0	0	0	0	0	0	117	0	0	0	0	0	0	0	0	0	0	0	0	0	0	0	0	0	0	0	0	0	0	0	0	0	0	0	0	0	0	0	0.0	0.0	0.0	0.0	6.0e-5	0.0	0.0	0.0	0.0	0.0	0.0	0.0	0.0	1.0	0.0	0.0	0.0	0.0	
151	151	3055.189428509	1916.5	1916.5	0.282715	0.029097	0	0	0	0	149	0	0	0	0	0.0	0.0	0.0	0.0	0.020689	0.0	0.0	0.0	0.0	0.0	0.0	0.0	0.0	2910.98	0.0	0.0	0.0	0.0	0.0	0.0	0.0	0.0	19.5368	0.0	0.0	0.0	0.0	0	0	0	0	31	0	0	0	0	0	0	0	0	0	0	0	0	0	0	0	0	0	118	0	0	0	0	0	0	0	0	0	0	0	0	0	0	0	0	0	0	0	0	0	0	0	0	0	0	0	0	0	0	0	0.0	0.0	0.0	0.0	5.4e-5	0.0	0.0	0.0	0.0	0.0	0.0	0.0	0.0	1.0	0.0	0.0	0.0	0.0	
152	152	3061.153428769	1916.5	1916.5	0.280782	0.028397	0	0	0	0	150	0	0	0	0	0.0	0.0	0.0	0.0	0.01862	0.0	0.0	0.0	0.0	0.0	0.0	0.0	0.0	2916.94	0.0	0.0	0.0	0.0	0.0	0.0	0.0	0.0	19.4463	0.0	0.0	0.0	0.0	0	0	0	0	31	0	0	0	0	0	0	0	0	0	0	0	0	0	0	0	0	0	119	0	0	0	0	0	0	0	0	0	0	0	0	0	0	0	0	0	0	0	0	0	0	0	0	0	0	0	0	0	0	0	0.0	0.0	0.0	0.0	4.9e-5	0.0	0.0	0.0	0.0	0.0	0.0	0.0	0.0	1.0	0.0	0.0	0.0	0.0	
153	153	3067.046065027	1916.5	1916.5	0.27758	0.027254	0	0	0	0	151	0	0	0	0	0.0	0.0	0.0	0.0	0.016758	0.0	0.0	0.0	0.0	0.0	0.0	0.0	0.0	2922.84	0.0	0.0	0.0	0.0	0.0	0.0	0.0	0.0	19.3565	0.0	0.0	0.0	0.0	0	0	0	0	31	0	0	0	0	0	0	0	0	0	0	0	0	0	0	0	0	0	120	0	0	0	0	0	0	0	0	0	0	0	0	0	0	0	0	0	0	0	0	0	0	0	0	0	0	0	0	0	0	0	0.0	0.0	0.0	0.0	4.5e-5	0.0	0.0	0.0	0.0	0.0	0.0	0.0	0.0	1.0	0.0	0.0	0.0	0.0	
154	154	3074.23342114	1916.5	1916.5	0.274452	0.026158	0	0	0	0	152	0	0	0	0	0.0	0.0	0.0	0.0	0.015082	0.0	0.0	0.0	0.0	0.0	0.0	0.0	0.0	2930.02	0.0	0.0	0.0	0.0	0.0	0.0	0.0	0.0	19.2765	0.0	0.0	0.0	0.0	0	0	0	0	31	0	0	0	0	0	0	0	0	0	0	0	0	0	0	0	0	0	121	0	0	0	0	0	0	0	0	0	0	0	0	0	0	0	0	0	0	0	0	0	0	0	0	0	0	0	0	0	0	0	0.0	0.0	0.0	0.0	4.1e-5	0.0	0.0	0.0	0.0	0.0	0.0	0.0	0.0	1.0	0.0	0.0	0.0	0.0	
155	155	3079.069447225	1916.5	1916.5	0.270685	0.024864	0	0	0	0	153	0	0	0	0	0.0	0.0	0.0	0.0	0.013574	0.0	0.0	0.0	0.0	0.0	0.0	0.0	0.0	2934.86	0.0	0.0	0.0	0.0	0.0	0.0	0.0	0.0	19.1821	0.0	0.0	0.0	0.0	0	0	0	0	31	0	0	0	0	0	0	0	0	0	0	0	0	0	0	0	0	0	122	0	0	0	0	0	0	0	0	0	0	0	0	0	0	0	0	0	0	0	0	0	0	0	0	0	0	0	0	0	0	0	0.0	0.0	0.0	0.0	3.7e-5	0.0	0.0	0.0	0.0	0.0	0.0	0.0	0.0	1.0	0.0	0.0	0.0	0.0	
156	156	3120.087804538	1916.5	1916.5	0.268179	0.02402	0	0	0	0	154	0	0	0	0	0.0	0.0	0.0	0.0	0.012217	0.0	0.0	0.0	0.0	0.0	0.0	0.0	0.0	2975.88	0.0	0.0	0.0	0.0	0.0	0.0	0.0	0.0	19.3239	0.0	0.0	0.0	0.0	0	0	0	0	31	0	0	0	0	0	0	0	0	0	0	0	0	0	0	0	0	0	123	0	0	0	0	0	0	0	0	0	0	0	0	0	0	0	0	0	0	0	0	0	0	0	0	0	0	0	0	0	0	0	0.0	0.0	0.0	0.0	3.3e-5	0.0	0.0	0.0	0.0	0.0	0.0	0.0	0.0	1.0	0.0	0.0	0.0	0.0	
157	157	3300.172214353	1916.5	1916.5	0.247838	0.017688	0	0	0	0	155	0	0	0	0	0.0	0.0	0.0	0.0	0.010995	0.0	0.0	0.0	0.0	0.0	0.0	0.0	0.0	3155.96	0.0	0.0	0.0	0.0	0.0	0.0	0.0	0.0	20.361	0.0	0.0	0.0	0.0	0	0	0	0	31	0	0	0	0	0	0	0	0	0	0	0	0	0	0	0	0	0	124	0	0	0	0	0	0	0	0	0	0	0	0	0	0	0	0	0	0	0	0	0	0	0	0	0	0	0	0	0	0	0	0.0	0.0	0.0	0.0	2.7e-5	0.0	0.0	0.0	0.0	0.0	0.0	0.0	0.0	1.0	0.0	0.0	0.0	0.0	
158	158	3318.803366785	1914.7	1914.7	0.175293	0.00333	0	0	0	0	156	0	0	0	0	0.0	0.0	0.0	0.0	0.109896	0.0	0.0	0.0	0.0	0.0	0.0	0.0	0.0	3174.59	0.0	0.0	0.0	0.0	0.0	0.0	0.0	0.0	20.35	0.0	0.0	0.0	0.0	0	0	0	0	32	0	0	0	0	0	0	0	0	0	0	0	0	0	0	0	0	0	124	0	0	0	0	0	0	0	0	0	0	0	0	0	0	0	0	0	0	0	0	0	0	0	0	0	0	0	0	0	0	0	0.0	0.0	0.0	0.0	0.000265	0.0	0.0	0.0	0.0	0.0	0.0	0.0	0.0	1.0	0.0	0.0	0.0	0.0	
159	159	3344.477214093	1914.7	1914.7	0.169124	0.002705	0	0	0	0	157	0	0	0	0	0.0	0.0	0.0	0.0	0.098906	0.0	0.0	0.0	0.0	0.0	0.0	0.0	0.0	3200.27	0.0	0.0	0.0	0.0	0.0	0.0	0.0	0.0	20.3839	0.0	0.0	0.0	0.0	0	0	0	0	32	0	0	0	0	0	0	0	0	0	0	0	0	0	0	0	0	0	125	0	0	0	0	0	0	0	0	0	0	0	0	0	0	0	0	0	0	0	0	0	0	0	0	0	0	0	0	0	0	0	0.0	0.0	0.0	0.0	0.000238	0.0	0.0	0.0	0.0	0.0	0.0	0.0	0.0	1.0	0.0	0.0	0.0	0.0	
160	160	3350.419993755	1914.7	1914.7	0.160976	0.002005	0	0	0	0	158	0	0	0	0	0.0	0.0	0.0	0.0	0.089015	0.0	0.0	0.0	0.0	0.0	0.0	0.0	0.0	3206.21	0.0	0.0	0.0	0.0	0.0	0.0	0.0	0.0	20.2925	0.0	0.0	0.0	0.0	0	0	0	0	32	0	0	0	0	0	0	0	0	0	0	0	0	0	0	0	0	0	126	0	0	0	0	0	0	0	0	0	0	0	0	0	0	0	0	0	0	0	0	0	0	0	0	0	0	0	0	0	0	0	0.0	0.0	0.0	0.0	0.000216	0.0	0.0	0.0	0.0	0.0	0.0	0.0	0.0	1.0	0.0	0.0	0.0	0.0	
161	161	3376.403638424	1914.7	1914.7	0.159147	0.001867	0	0	0	0	159	0	0	0	0	0.0	0.0	0.0	0.0	0.080114	0.0	0.0	0.0	0.0	0.0	0.0	0.0	0.0	3232.19	0.0	0.0	0.0	0.0	0.0	0.0	0.0	0.0	20.3283	0.0	0.0	0.0	0.0	0	0	0	0	32	0	0	0	0	0	0	0	0	0	0	0	0	0	0	0	0	0	127	0	0	0	0	0	0	0	0	0	0	0	0	0	0	0	0	0	0	0	0	0	0	0	0	0	0	0	0	0	0	0	0.0	0.0	0.0	0.0	0.000194	0.0	0.0	0.0	0.0	0.0	0.0	0.0	0.0	1.0	0.0	0.0	0.0	0.0	
162	162	3383.647075542	1914.7	1914.7	0.15139	0.001353	0	0	0	0	160	0	0	0	0	0.0	0.0	0.0	0.0	0.072102	0.0	0.0	0.0	0.0	0.0	0.0	0.0	0.0	3239.44	0.0	0.0	0.0	0.0	0.0	0.0	0.0	0.0	20.2465	0.0	0.0	0.0	0.0	0	0	0	0	32	0	0	0	0	0	0	0	0	0	0	0	0	0	0	0	0	0	128	0	0	0	0	0	0	0	0	0	0	0	0	0	0	0	0	0	0	0	0	0	0	0	0	0	0	0	0	0	0	0	0.0	0.0	0.0	0.0	0.000176	0.0	0.0	0.0	0.0	0.0	0.0	0.0	0.0	1.0	0.0	0.0	0.0	0.0	
163	163	3399.290062688	1914.7	1914.7	0.149296	0.001233	0	0	0	0	161	0	0	0	0	0.0	0.0	0.0	0.0	0.064892	0.0	0.0	0.0	0.0	0.0	0.0	0.0	0.0	3255.08	0.0	0.0	0.0	0.0	0.0	0.0	0.0	0.0	20.2179	0.0	0.0	0.0	0.0	0	0	0	0	32	0	0	0	0	0	0	0	0	0	0	0	0	0	0	0	0	0	129	0	0	0	0	0	0	0	0	0	0	0	0	0	0	0	0	0	0	0	0	0	0	0	0	0	0	0	0	0	0	0	0.0	0.0	0.0	0.0	0.000159	0.0	0.0	0.0	0.0	0.0	0.0	0.0	0.0	1.0	0.0	0.0	0.0	0.0	
164	164	3415.848729109	1914.7	1914.7	0.144872	0.001005	0	0	0	0	162	0	0	0	0	0.0	0.0	0.0	0.0	0.058403	0.0	0.0	0.0	0.0	0.0	0.0	0.0	0.0	3271.64	0.0	0.0	0.0	0.0	0.0	0.0	0.0	0.0	20.1953	0.0	0.0	0.0	0.0	0	0	0	0	32	0	0	0	0	0	0	0	0	0	0	0	0	0	0	0	0	0	130	0	0	0	0	0	0	0	0	0	0	0	0	0	0	0	0	0	0	0	0	0	0	0	0	0	0	0	0	0	0	0	0.0	0.0	0.0	0.0	0.000143	0.0	0.0	0.0	0.0	0.0	0.0	0.0	0.0	1.0	0.0	0.0	0.0	0.0	
165	165	3426.287017092	1914.7	1914.7	0.140331	0.000804	0	0	0	0	163	0	0	0	0	0.0	0.0	0.0	0.0	0.052563	0.0	0.0	0.0	0.0	0.0	0.0	0.0	0.0	3282.08	0.0	0.0	0.0	0.0	0.0	0.0	0.0	0.0	20.1354	0.0	0.0	0.0	0.0	0	0	0	0	32	0	0	0	0	0	0	0	0	0	0	0	0	0	0	0	0	0	131	0	0	0	0	0	0	0	0	0	0	0	0	0	0	0	0	0	0	0	0	0	0	0	0	0	0	0	0	0	0	0	0.0	0.0	0.0	0.0	0.00013	0.0	0.0	0.0	0.0	0.0	0.0	0.0	0.0	1.0	0.0	0.0	0.0	0.0	
166	166	3435.954039391	1914.7	1914.7	0.137542	0.000696	0	0	0	0	164	0	0	0	0	0.0	0.0	0.0	0.0	0.047306	0.0	0.0	0.0	0.0	0.0	0.0	0.0	0.0	3291.74	0.0	0.0	0.0	0.0	0.0	0.0	0.0	0.0	20.0716	0.0	0.0	0.0	0.0	0	0	0	0	32	0	0	0	0	0	0	0	0	0	0	0	0	0	0	0	0	0	132	0	0	0	0	0	0	0	0	0	0	0	0	0	0	0	0	0	0	0	0	0	0	0	0	0	0	0	0	0	0	0	0.0	0.0	0.0	0.0	0.000117	0.0	0.0	0.0	0.0	0.0	0.0	0.0	0.0	1.0	0.0	0.0	0.0	0.0	
167	167	3457.30899351	1914.7	1914.7	0.135009	0.000607	0	0	0	0	165	0	0	0	0	0.0	0.0	0.0	0.0	0.042576	0.0	0.0	0.0	0.0	0.0	0.0	0.0	0.0	3313.1	0.0	0.0	0.0	0.0	0.0	0.0	0.0	0.0	20.0794	0.0	0.0	0.0	0.0	0	0	0	0	32	0	0	0	0	0	0	0	0	0	0	0	0	0	0	0	0	0	133	0	0	0	0	0	0	0	0	0	0	0	0	0	0	0	0	0	0	0	0	0	0	0	0	0	0	0	0	0	0	0	0.0	0.0	0.0	0.0	0.000106	0.0	0.0	0.0	0.0	0.0	0.0	0.0	0.0	1.0	0.0	0.0	0.0	0.0	
168	168	3465.515200454	1914.7	1914.7	0.129577	0.000445	0	0	0	0	166	0	0	0	0	0.0	0.0	0.0	0.0	0.038318	0.0	0.0	0.0	0.0	0.0	0.0	0.0	0.0	3321.3	0.0	0.0	0.0	0.0	0.0	0.0	0.0	0.0	20.0079	0.0	0.0	0.0	0.0	0	0	0	0	32	0	0	0	0	0	0	0	0	0	0	0	0	0	0	0	0	0	134	0	0	0	0	0	0	0	0	0	0	0	0	0	0	0	0	0	0	0	0	0	0	0	0	0	0	0	0	0	0	0	0.0	0.0	0.0	0.0	9.6e-5	0.0	0.0	0.0	0.0	0.0	0.0	0.0	0.0	1.0	0.0	0.0	0.0	0.0	
169	169	3472.779365181	1914.7	1914.7	0.127548	0.000394	0	0	0	0	167	0	0	0	0	0.0	0.0	0.0	0.0	0.034486	0.0	0.0	0.0	0.0	0.0	0.0	0.0	0.0	3328.57	0.0	0.0	0.0	0.0	0.0	0.0	0.0	0.0	19.9315	0.0	0.0	0.0	0.0	0	0	0	0	32	0	0	0	0	0	0	0	0	0	0	0	0	0	0	0	0	0	135	0	0	0	0	0	0	0	0	0	0	0	0	0	0	0	0	0	0	0	0	0	0	0	0	0	0	0	0	0	0	0	0.0	0.0	0.0	0.0	8.7e-5	0.0	0.0	0.0	0.0	0.0	0.0	0.0	0.0	1.0	0.0	0.0	0.0	0.0	
170	170	3486.397802234	1914.7	1914.7	0.125779	0.000352	0	0	0	0	168	0	0	0	0	0.0	0.0	0.0	0.0	0.031038	0.0	0.0	0.0	0.0	0.0	0.0	0.0	0.0	3342.19	0.0	0.0	0.0	0.0	0.0	0.0	0.0	0.0	19.894	0.0	0.0	0.0	0.0	0	0	0	0	32	0	0	0	0	0	0	0	0	0	0	0	0	0	0	0	0	0	136	0	0	0	0	0	0	0	0	0	0	0	0	0	0	0	0	0	0	0	0	0	0	0	0	0	0	0	0	0	0	0	0.0	0.0	0.0	0.0	7.8e-5	0.0	0.0	0.0	0.0	0.0	0.0	0.0	0.0	1.0	0.0	0.0	0.0	0.0	
171	171	3494.248623035	1914.7	1914.7	0.122527	0.000285	0	0	0	0	169	0	0	0	0	0.0	0.0	0.0	0.0	0.027934	0.0	0.0	0.0	0.0	0.0	0.0	0.0	0.0	3350.04	0.0	0.0	0.0	0.0	0.0	0.0	0.0	0.0	19.8227	0.0	0.0	0.0	0.0	0	0	0	0	32	0	0	0	0	0	0	0	0	0	0	0	0	0	0	0	0	0	137	0	0	0	0	0	0	0	0	0	0	0	0	0	0	0	0	0	0	0	0	0	0	0	0	0	0	0	0	0	0	0	0.0	0.0	0.0	0.0	7.1e-5	0.0	0.0	0.0	0.0	0.0	0.0	0.0	0.0	1.0	0.0	0.0	0.0	0.0	
172	172	3508.337296216	1914.7	1914.7	0.120691	0.000252	0	0	0	0	170	0	0	0	0	0.0	0.0	0.0	0.0	0.025141	0.0	0.0	0.0	0.0	0.0	0.0	0.0	0.0	3364.13	0.0	0.0	0.0	0.0	0.0	0.0	0.0	0.0	19.789	0.0	0.0	0.0	0.0	0	0	0	0	32	0	0	0	0	0	0	0	0	0	0	0	0	0	0	0	0	0	138	0	0	0	0	0	0	0	0	0	0	0	0	0	0	0	0	0	0	0	0	0	0	0	0	0	0	0	0	0	0	0	0.0	0.0	0.0	0.0	6.4e-5	0.0	0.0	0.0	0.0	0.0	0.0	0.0	0.0	1.0	0.0	0.0	0.0	0.0	
173	173	3514.523504046	1914.7	1914.7	0.117465	0.000201	0	0	0	0	171	0	0	0	0	0.0	0.0	0.0	0.0	0.022626	0.0	0.0	0.0	0.0	0.0	0.0	0.0	0.0	3370.31	0.0	0.0	0.0	0.0	0.0	0.0	0.0	0.0	19.7094	0.0	0.0	0.0	0.0	0	0	0	0	32	0	0	0	0	0	0	0	0	0	0	0	0	0	0	0	0	0	139	0	0	0	0	0	0	0	0	0	0	0	0	0	0	0	0	0	0	0	0	0	0	0	0	0	0	0	0	0	0	0	0.0	0.0	0.0	0.0	5.8e-5	0.0	0.0	0.0	0.0	0.0	0.0	0.0	0.0	1.0	0.0	0.0	0.0	0.0	
174	174	3523.940557493	1914.7	1914.7	0.116076	0.000181	0	0	0	0	172	0	0	0	0	0.0	0.0	0.0	0.0	0.020364	0.0	0.0	0.0	0.0	0.0	0.0	0.0	0.0	3379.73	0.0	0.0	0.0	0.0	0.0	0.0	0.0	0.0	19.6496	0.0	0.0	0.0	0.0	0	0	0	0	32	0	0	0	0	0	0	0	0	0	0	0	0	0	0	0	0	0	140	0	0	0	0	0	0	0	0	0	0	0	0	0	0	0	0	0	0	0	0	0	0	0	0	0	0	0	0	0	0	0	0.0	0.0	0.0	0.0	5.3e-5	0.0	0.0	0.0	0.0	0.0	0.0	0.0	0.0	1.0	0.0	0.0	0.0	0.0	
175	175	3566.634061265	1914.7	1914.7	0.113993	0.000155	0	0	0	0	173	0	0	0	0	0.0	0.0	0.0	0.0	0.018328	0.0	0.0	0.0	0.0	0.0	0.0	0.0	0.0	3422.42	0.0	0.0	0.0	0.0	0.0	0.0	0.0	0.0	19.7828	0.0	0.0	0.0	0.0	0	0	0	0	32	0	0	0	0	0	0	0	0	0	0	0	0	0	0	0	0	0	141	0	0	0	0	0	0	0	0	0	0	0	0	0	0	0	0	0	0	0	0	0	0	0	0	0	0	0	0	0	0	0	0.0	0.0	0.0	0.0	4.7e-5	0.0	0.0	0.0	0.0	0.0	0.0	0.0	0.0	1.0	0.0	0.0	0.0	0.0	
176	176	3582.720596189	1914.7	1914.7	0.105008	7.3e-5	0	0	0	0	174	0	0	0	0	0.0	0.0	0.0	0.0	0.016495	0.0	0.0	0.0	0.0	0.0	0.0	0.0	0.0	3438.51	0.0	0.0	0.0	0.0	0.0	0.0	0.0	0.0	19.7615	0.0	0.0	0.0	0.0	0	0	0	0	32	0	0	0	0	0	0	0	0	0	0	0	0	0	0	0	0	0	142	0	0	0	0	0	0	0	0	0	0	0	0	0	0	0	0	0	0	0	0	0	0	0	0	0	0	0	0	0	0	0	0.0	0.0	0.0	0.0	4.2e-5	0.0	0.0	0.0	0.0	0.0	0.0	0.0	0.0	1.0	0.0	0.0	0.0	0.0	
177	177	3594.118176045	1914.7	1914.7	0.101809	5.4e-5	0	0	0	0	175	0	0	0	0	0.0	0.0	0.0	0.0	0.014845	0.0	0.0	0.0	0.0	0.0	0.0	0.0	0.0	3449.91	0.0	0.0	0.0	0.0	0.0	0.0	0.0	0.0	19.7138	0.0	0.0	0.0	0.0	0	0	0	0	32	0	0	0	0	0	0	0	0	0	0	0	0	0	0	0	0	0	143	0	0	0	0	0	0	0	0	0	0	0	0	0	0	0	0	0	0	0	0	0	0	0	0	0	0	0	0	0	0	0	0.0	0.0	0.0	0.0	3.8e-5	0.0	0.0	0.0	0.0	0.0	0.0	0.0	0.0	1.0	0.0	0.0	0.0	0.0	
178	178	3600.812883739	1914.7	1914.7	0.099602	4.4e-5	0	0	0	0	176	0	0	0	0	0.0	0.0	0.0	0.0	0.013361	0.0	0.0	0.0	0.0	0.0	0.0	0.0	0.0	3456.6	0.0	0.0	0.0	0.0	0.0	0.0	0.0	0.0	19.6398	0.0	0.0	0.0	0.0	0	0	0	0	32	0	0	0	0	0	0	0	0	0	0	0	0	0	0	0	0	0	144	0	0	0	0	0	0	0	0	0	0	0	0	0	0	0	0	0	0	0	0	0	0	0	0	0	0	0	0	0	0	0	0.0	0.0	0.0	0.0	3.5e-5	0.0	0.0	0.0	0.0	0.0	0.0	0.0	0.0	1.0	0.0	0.0	0.0	0.0	
179	179	3611.484391209	1914.7	1914.7	0.098328	3.8e-5	0	0	0	0	177	0	0	0	0	0.0	0.0	0.0	0.0	0.012025	0.0	0.0	0.0	0.0	0.0	0.0	0.0	0.0	3467.27	0.0	0.0	0.0	0.0	0.0	0.0	0.0	0.0	19.5891	0.0	0.0	0.0	0.0	0	0	0	0	32	0	0	0	0	0	0	0	0	0	0	0	0	0	0	0	0	0	145	0	0	0	0	0	0	0	0	0	0	0	0	0	0	0	0	0	0	0	0	0	0	0	0	0	0	0	0	0	0	0	0.0	0.0	0.0	0.0	3.1e-5	0.0	0.0	0.0	0.0	0.0	0.0	0.0	0.0	1.0	0.0	0.0	0.0	0.0	
180	180	3618.695006785	1914.7	1914.7	0.09633	3.1e-5	0	0	0	0	178	0	0	0	0	0.0	0.0	0.0	0.0	0.010822	0.0	0.0	0.0	0.0	0.0	0.0	0.0	0.0	3474.48	0.0	0.0	0.0	0.0	0.0	0.0	0.0	0.0	19.5196	0.0	0.0	0.0	0.0	0	0	0	0	32	0	0	0	0	0	0	0	0	0	0	0	0	0	0	0	0	0	146	0	0	0	0	0	0	0	0	0	0	0	0	0	0	0	0	0	0	0	0	0	0	0	0	0	0	0	0	0	0	0	0.0	0.0	0.0	0.0	2.8e-5	0.0	0.0	0.0	0.0	0.0	0.0	0.0	0.0	1.0	0.0	0.0	0.0	0.0	
181	181	3634.376907806	1914.7	1914.7	0.095004	2.7e-5	0	0	0	0	179	0	0	0	0	0.0	0.0	0.0	0.0	0.00974	0.0	0.0	0.0	0.0	0.0	0.0	0.0	0.0	3490.17	0.0	0.0	0.0	0.0	0.0	0.0	0.0	0.0	19.4981	0.0	0.0	0.0	0.0	0	0	0	0	32	0	0	0	0	0	0	0	0	0	0	0	0	0	0	0	0	0	147	0	0	0	0	0	0	0	0	0	0	0	0	0	0	0	0	0	0	0	0	0	0	0	0	0	0	0	0	0	0	0	0.0	0.0	0.0	0.0	2.6e-5	0.0	0.0	0.0	0.0	0.0	0.0	0.0	0.0	1.0	0.0	0.0	0.0	0.0	
182	182	3814.434937871	1914.7	1914.7	0.092182	1.9e-5	0	0	0	0	180	0	0	0	0	0.0	0.0	0.0	0.0	0.008766	0.0	0.0	0.0	0.0	0.0	0.0	0.0	0.0	3670.22	0.0	0.0	0.0	0.0	0.0	0.0	0.0	0.0	20.3901	0.0	0.0	0.0	0.0	0	0	0	0	32	0	0	0	0	0	0	0	0	0	0	0	0	0	0	0	0	0	148	0	0	0	0	0	0	0	0	0	0	0	0	0	0	0	0	0	0	0	0	0	0	0	0	0	0	0	0	0	0	0	0.0	0.0	0.0	0.0	2.1e-5	0.0	0.0	0.0	0.0	0.0	0.0	0.0	0.0	1.0	0.0	0.0	0.0	0.0	
183	183	3820.047409761	1914.7	1914.7	0.065202	0.0	0	0	0	0	181	0	0	0	0	0.0	0.0	0.0	0.0	0.007889	0.0	0.0	0.0	0.0	0.0	0.0	0.0	0.0	3675.84	0.0	0.0	0.0	0.0	0.0	0.0	0.0	0.0	20.3085	0.0	0.0	0.0	0.0	0	0	0	0	32	0	0	0	0	0	0	0	0	0	0	0	0	0	0	0	0	0	149	0	0	0	0	0	0	0	0	0	0	0	0	0	0	0	0	0	0	0	0	0	0	0	0	0	0	0	0	0	0	0	0.0	0.0	0.0	0.0	1.9e-5	0.0	0.0	0.0	0.0	0.0	0.0	0.0	0.0	1.0	0.0	0.0	0.0	0.0	
184	184	3824.959884841	1914.7	1914.7	0.064502	0.0	0	0	0	0	182	0	0	0	0	0.0	0.0	0.0	0.0	0.0071	0.0	0.0	0.0	0.0	0.0	0.0	0.0	0.0	3680.75	0.0	0.0	0.0	0.0	0.0	0.0	0.0	0.0	20.2239	0.0	0.0	0.0	0.0	0	0	0	0	32	0	0	0	0	0	0	0	0	0	0	0	0	0	0	0	0	0	150	0	0	0	0	0	0	0	0	0	0	0	0	0	0	0	0	0	0	0	0	0	0	0	0	0	0	0	0	0	0	0	0.0	0.0	0.0	0.0	1.7e-5	0.0	0.0	0.0	0.0	0.0	0.0	0.0	0.0	1.0	0.0	0.0	0.0	0.0	
185	185	3838.806116351	1914.7	1914.7	0.063896	0.0	0	0	0	0	183	0	0	0	0	0.0	0.0	0.0	0.0	0.00639	0.0	0.0	0.0	0.0	0.0	0.0	0.0	0.0	3694.59	0.0	0.0	0.0	0.0	0.0	0.0	0.0	0.0	20.189	0.0	0.0	0.0	0.0	0	0	0	0	32	0	0	0	0	0	0	0	0	0	0	0	0	0	0	0	0	0	151	0	0	0	0	0	0	0	0	0	0	0	0	0	0	0	0	0	0	0	0	0	0	0	0	0	0	0	0	0	0	0	0.0	0.0	0.0	0.0	1.6e-5	0.0	0.0	0.0	0.0	0.0	0.0	0.0	0.0	1.0	0.0	0.0	0.0	0.0	
186	186	3867.749963117	1914.7	1914.7	0.062217	0.0	0	0	0	0	184	0	0	0	0	0.0	0.0	0.0	0.0	0.005751	0.0	0.0	0.0	0.0	0.0	0.0	0.0	0.0	3723.54	0.0	0.0	0.0	0.0	0.0	0.0	0.0	0.0	20.2366	0.0	0.0	0.0	0.0	0	0	0	0	32	0	0	0	0	0	0	0	0	0	0	0	0	0	0	0	0	0	152	0	0	0	0	0	0	0	0	0	0	0	0	0	0	0	0	0	0	0	0	0	0	0	0	0	0	0	0	0	0	0	0.0	0.0	0.0	0.0	1.4e-5	0.0	0.0	0.0	0.0	0.0	0.0	0.0	0.0	1.0	0.0	0.0	0.0	0.0	
187	187	3876.776361002	1914.7	1914.7	0.058849	0.0	0	0	0	0	185	0	0	0	0	0.0	0.0	0.0	0.0	0.005176	0.0	0.0	0.0	0.0	0.0	0.0	0.0	0.0	3732.57	0.0	0.0	0.0	0.0	0.0	0.0	0.0	0.0	20.176	0.0	0.0	0.0	0.0	0	0	0	0	32	0	0	0	0	0	0	0	0	0	0	0	0	0	0	0	0	0	153	0	0	0	0	0	0	0	0	0	0	0	0	0	0	0	0	0	0	0	0	0	0	0	0	0	0	0	0	0	0	0	0.0	0.0	0.0	0.0	1.3e-5	0.0	0.0	0.0	0.0	0.0	0.0	0.0	0.0	1.0	0.0	0.0	0.0	0.0	
188	188	3886.3635692	1914.7	1914.7	0.057836	0.0	0	0	0	0	186	0	0	0	0	0.0	0.0	0.0	0.0	0.004659	0.0	0.0	0.0	0.0	0.0	0.0	0.0	0.0	3742.15	0.0	0.0	0.0	0.0	0.0	0.0	0.0	0.0	20.1191	0.0	0.0	0.0	0.0	0	0	0	0	32	0	0	0	0	0	0	0	0	0	0	0	0	0	0	0	0	0	154	0	0	0	0	0	0	0	0	0	0	0	0	0	0	0	0	0	0	0	0	0	0	0	0	0	0	0	0	0	0	0	0.0	0.0	0.0	0.0	1.2e-5	0.0	0.0	0.0	0.0	0.0	0.0	0.0	0.0	1.0	0.0	0.0	0.0	0.0	
189	189	3891.249138492	1914.7	1914.7	0.056779	0.0	0	0	0	0	187	0	0	0	0	0.0	0.0	0.0	0.0	0.004193	0.0	0.0	0.0	0.0	0.0	0.0	0.0	0.0	3747.04	0.0	0.0	0.0	0.0	0.0	0.0	0.0	0.0	20.0376	0.0	0.0	0.0	0.0	0	0	0	0	32	0	0	0	0	0	0	0	0	0	0	0	0	0	0	0	0	0	155	0	0	0	0	0	0	0	0	0	0	0	0	0	0	0	0	0	0	0	0	0	0	0	0	0	0	0	0	0	0	0	0.0	0.0	0.0	0.0	1.0e-5	0.0	0.0	0.0	0.0	0.0	0.0	0.0	0.0	1.0	0.0	0.0	0.0	0.0	
190	190	3900.446993728	1914.7	1914.7	0.056248	0.0	0	0	0	0	188	0	0	0	0	0.0	0.0	0.0	0.0	0.003773	0.0	0.0	0.0	0.0	0.0	0.0	0.0	0.0	3756.24	0.0	0.0	0.0	0.0	0.0	0.0	0.0	0.0	19.98	0.0	0.0	0.0	0.0	0	0	0	0	32	0	0	0	0	0	0	0	0	0	0	0	0	0	0	0	0	0	156	0	0	0	0	0	0	0	0	0	0	0	0	0	0	0	0	0	0	0	0	0	0	0	0	0	0	0	0	0	0	0	0.0	0.0	0.0	0.0	9.0e-6	0.0	0.0	0.0	0.0	0.0	0.0	0.0	0.0	1.0	0.0	0.0	0.0	0.0	
191	191	3906.781121775	1914.7	1914.7	0.055262	0.0	0	0	0	0	189	0	0	0	0	0.0	0.0	0.0	0.0	0.003396	0.0	0.0	0.0	0.0	0.0	0.0	0.0	0.0	3762.57	0.0	0.0	0.0	0.0	0.0	0.0	0.0	0.0	19.9078	0.0	0.0	0.0	0.0	0	0	0	0	32	0	0	0	0	0	0	0	0	0	0	0	0	0	0	0	0	0	157	0	0	0	0	0	0	0	0	0	0	0	0	0	0	0	0	0	0	0	0	0	0	0	0	0	0	0	0	0	0	0	0.0	0.0	0.0	0.0	9.0e-6	0.0	0.0	0.0	0.0	0.0	0.0	0.0	0.0	1.0	0.0	0.0	0.0	0.0	
192	192	3911.266424979	1914.7	1914.7	0.054593	0.0	0	0	0	0	190	0	0	0	0	0.0	0.0	0.0	0.0	0.003057	0.0	0.0	0.0	0.0	0.0	0.0	0.0	0.0	3767.06	0.0	0.0	0.0	0.0	0.0	0.0	0.0	0.0	19.8266	0.0	0.0	0.0	0.0	0	0	0	0	32	0	0	0	0	0	0	0	0	0	0	0	0	0	0	0	0	0	158	0	0	0	0	0	0	0	0	0	0	0	0	0	0	0	0	0	0	0	0	0	0	0	0	0	0	0	0	0	0	0	0.0	0.0	0.0	0.0	8.0e-6	0.0	0.0	0.0	0.0	0.0	0.0	0.0	0.0	1.0	0.0	0.0	0.0	0.0	
193	193	3931.323371422	1914.7	1914.7	0.054124	0.0	0	0	0	0	191	0	0	0	0	0.0	0.0	0.0	0.0	0.002751	0.0	0.0	0.0	0.0	0.0	0.0	0.0	0.0	3787.11	0.0	0.0	0.0	0.0	0.0	0.0	0.0	0.0	19.8278	0.0	0.0	0.0	0.0	0	0	0	0	32	0	0	0	0	0	0	0	0	0	0	0	0	0	0	0	0	0	159	0	0	0	0	0	0	0	0	0	0	0	0	0	0	0	0	0	0	0	0	0	0	0	0	0	0	0	0	0	0	0	0.0	0.0	0.0	0.0	7.0e-6	0.0	0.0	0.0	0.0	0.0	0.0	0.0	0.0	1.0	0.0	0.0	0.0	0.0	
194	194	3943.845480844	1914.7	1914.7	0.052076	0.0	0	0	0	0	192	0	0	0	0	0.0	0.0	0.0	0.0	0.002476	0.0	0.0	0.0	0.0	0.0	0.0	0.0	0.0	3799.63	0.0	0.0	0.0	0.0	0.0	0.0	0.0	0.0	19.7898	0.0	0.0	0.0	0.0	0	0	0	0	32	0	0	0	0	0	0	0	0	0	0	0	0	0	0	0	0	0	160	0	0	0	0	0	0	0	0	0	0	0	0	0	0	0	0	0	0	0	0	0	0	0	0	0	0	0	0	0	0	0	0.0	0.0	0.0	0.0	6.0e-6	0.0	0.0	0.0	0.0	0.0	0.0	0.0	0.0	1.0	0.0	0.0	0.0	0.0	
195	195	3975.296628618	1914.7	1914.7	0.050837	0.0	0	0	0	0	193	0	0	0	0	0.0	0.0	0.0	0.0	0.002228	0.0	0.0	0.0	0.0	0.0	0.0	0.0	0.0	3831.09	0.0	0.0	0.0	0.0	0.0	0.0	0.0	0.0	19.8502	0.0	0.0	0.0	0.0	0	0	0	0	32	0	0	0	0	0	0	0	0	0	0	0	0	0	0	0	0	0	161	0	0	0	0	0	0	0	0	0	0	0	0	0	0	0	0	0	0	0	0	0	0	0	0	0	0	0	0	0	0	0	0.0	0.0	0.0	0.0	6.0e-6	0.0	0.0	0.0	0.0	0.0	0.0	0.0	0.0	1.0	0.0	0.0	0.0	0.0	
196	196	3990.005506254	1914.7	1914.7	0.047854	0.0	0	0	0	0	194	0	0	0	0	0.0	0.0	0.0	0.0	0.002005	0.0	0.0	0.0	0.0	0.0	0.0	0.0	0.0	3845.79	0.0	0.0	0.0	0.0	0.0	0.0	0.0	0.0	19.8237	0.0	0.0	0.0	0.0	0	0	0	0	32	0	0	0	0	0	0	0	0	0	0	0	0	0	0	0	0	0	162	0	0	0	0	0	0	0	0	0	0	0	0	0	0	0	0	0	0	0	0	0	0	0	0	0	0	0	0	0	0	0	0.0	0.0	0.0	0.0	5.0e-6	0.0	0.0	0.0	0.0	0.0	0.0	0.0	0.0	1.0	0.0	0.0	0.0	0.0	
197	197	3997.802720396	1914.7	1914.7	0.046519	0.0	0	0	0	0	195	0	0	0	0	0.0	0.0	0.0	0.0	0.001805	0.0	0.0	0.0	0.0	0.0	0.0	0.0	0.0	3853.59	0.0	0.0	0.0	0.0	0.0	0.0	0.0	0.0	19.762	0.0	0.0	0.0	0.0	0	0	0	0	32	0	0	0	0	0	0	0	0	0	0	0	0	0	0	0	0	0	163	0	0	0	0	0	0	0	0	0	0	0	0	0	0	0	0	0	0	0	0	0	0	0	0	0	0	0	0	0	0	0	0.0	0.0	0.0	0.0	5.0e-6	0.0	0.0	0.0	0.0	0.0	0.0	0.0	0.0	1.0	0.0	0.0	0.0	0.0	
198	198	4003.166610916	1914.7	1914.7	0.045827	0.0	0	0	0	0	196	0	0	0	0	0.0	0.0	0.0	0.0	0.001624	0.0	0.0	0.0	0.0	0.0	0.0	0.0	0.0	3858.96	0.0	0.0	0.0	0.0	0.0	0.0	0.0	0.0	19.6885	0.0	0.0	0.0	0.0	0	0	0	0	32	0	0	0	0	0	0	0	0	0	0	0	0	0	0	0	0	0	164	0	0	0	0	0	0	0	0	0	0	0	0	0	0	0	0	0	0	0	0	0	0	0	0	0	0	0	0	0	0	0	0.0	0.0	0.0	0.0	4.0e-6	0.0	0.0	0.0	0.0	0.0	0.0	0.0	0.0	1.0	0.0	0.0	0.0	0.0	
199	199	4012.363064152	1914.7	1914.7	0.045356	0.0	0	0	0	0	197	0	0	0	0	0.0	0.0	0.0	0.0	0.001462	0.0	0.0	0.0	0.0	0.0	0.0	0.0	0.0	3868.15	0.0	0.0	0.0	0.0	0.0	0.0	0.0	0.0	19.6353	0.0	0.0	0.0	0.0	0	0	0	0	32	0	0	0	0	0	0	0	0	0	0	0	0	0	0	0	0	0	165	0	0	0	0	0	0	0	0	0	0	0	0	0	0	0	0	0	0	0	0	0	0	0	0	0	0	0	0	0	0	0	0.0	0.0	0.0	0.0	4.0e-6	0.0	0.0	0.0	0.0	0.0	0.0	0.0	0.0	1.0	0.0	0.0	0.0	0.0	
200	200	4040.291229331	1914.7	1914.7	0.044561	0.0	0	0	0	0	198	0	0	0	0	0.0	0.0	0.0	0.0	0.001316	0.0	0.0	0.0	0.0	0.0	0.0	0.0	0.0	3896.08	0.0	0.0	0.0	0.0	0.0	0.0	0.0	0.0	19.6772	0.0	0.0	0.0	0.0	0	0	0	0	32	0	0	0	0	0	0	0	0	0	0	0	0	0	0	0	0	0	166	0	0	0	0	0	0	0	0	0	0	0	0	0	0	0	0	0	0	0	0	0	0	0	0	0	0	0	0	0	0	0	0.0	0.0	0.0	0.0	3.0e-6	0.0	0.0	0.0	0.0	0.0	0.0	0.0	0.0	1.0	0.0	0.0	0.0	0.0	
201	201	4043.063091194	1914.7	1914.7	0.042231	0.0	0	0	0	0	199	0	0	0	0	0.0	0.0	0.0	0.0	0.001184	0.0	0.0	0.0	0.0	0.0	0.0	0.0	0.0	3898.85	0.0	0.0	0.0	0.0	0.0	0.0	0.0	0.0	19.5922	0.0	0.0	0.0	0.0	0	0	0	0	32	0	0	0	0	0	0	0	0	0	0	0	0	0	0	0	0	0	167	0	0	0	0	0	0	0	0	0	0	0	0	0	0	0	0	0	0	0	0	0	0	0	0	0	0	0	0	0	0	0	0.0	0.0	0.0	0.0	3.0e-6	0.0	0.0	0.0	0.0	0.0	0.0	0.0	0.0	1.0	0.0	0.0	0.0	0.0	
202	202	4053.098769269	1914.7	1914.7	0.042007	0.0	0	0	0	0	200	0	0	0	0	0.0	0.0	0.0	0.0	0.001066	0.0	0.0	0.0	0.0	0.0	0.0	0.0	0.0	3908.89	0.0	0.0	0.0	0.0	0.0	0.0	0.0	0.0	19.5444	0.0	0.0	0.0	0.0	0	0	0	0	32	0	0	0	0	0	0	0	0	0	0	0	0	0	0	0	0	0	168	0	0	0	0	0	0	0	0	0	0	0	0	0	0	0	0	0	0	0	0	0	0	0	0	0	0	0	0	0	0	0	0.0	0.0	0.0	0.0	3.0e-6	0.0	0.0	0.0	0.0	0.0	0.0	0.0	0.0	1.0	0.0	0.0	0.0	0.0	
203	203	4067.667367753	1914.7	1914.7	0.041204	0.0	0	0	0	0	201	0	0	0	0	0.0	0.0	0.0	0.0	0.000959	0.0	0.0	0.0	0.0	0.0	0.0	0.0	0.0	3923.46	0.0	0.0	0.0	0.0	0.0	0.0	0.0	0.0	19.5197	0.0	0.0	0.0	0.0	0	0	0	0	32	0	0	0	0	0	0	0	0	0	0	0	0	0	0	0	0	0	169	0	0	0	0	0	0	0	0	0	0	0	0	0	0	0	0	0	0	0	0	0	0	0	0	0	0	0	0	0	0	0	0.0	0.0	0.0	0.0	3.0e-6	0.0	0.0	0.0	0.0	0.0	0.0	0.0	0.0	1.0	0.0	0.0	0.0	0.0	
204	204	4088.968223041	1914.7	1914.7	0.040065	0.0	0	0	0	0	202	0	0	0	0	0.0	0.0	0.0	0.0	0.000863	0.0	0.0	0.0	0.0	0.0	0.0	0.0	0.0	3944.76	0.0	0.0	0.0	0.0	0.0	0.0	0.0	0.0	19.5285	0.0	0.0	0.0	0.0	0	0	0	0	32	0	0	0	0	0	0	0	0	0	0	0	0	0	0	0	0	0	170	0	0	0	0	0	0	0	0	0	0	0	0	0	0	0	0	0	0	0	0	0	0	0	0	0	0	0	0	0	0	0	0.0	0.0	0.0	0.0	2.0e-6	0.0	0.0	0.0	0.0	0.0	0.0	0.0	0.0	1.0	0.0	0.0	0.0	0.0	
205	205	4092.216993725	1914.7	1914.7	0.038457	0.0	0	0	0	0	203	0	0	0	0	0.0	0.0	0.0	0.0	0.000777	0.0	0.0	0.0	0.0	0.0	0.0	0.0	0.0	3948.01	0.0	0.0	0.0	0.0	0.0	0.0	0.0	0.0	19.4483	0.0	0.0	0.0	0.0	0	0	0	0	32	0	0	0	0	0	0	0	0	0	0	0	0	0	0	0	0	0	171	0	0	0	0	0	0	0	0	0	0	0	0	0	0	0	0	0	0	0	0	0	0	0	0	0	0	0	0	0	0	0	0.0	0.0	0.0	0.0	2.0e-6	0.0	0.0	0.0	0.0	0.0	0.0	0.0	0.0	1.0	0.0	0.0	0.0	0.0	
206	206	4094.752518772	1914.7	1914.7	0.038218	0.0	0	0	0	0	204	0	0	0	0	0.0	0.0	0.0	0.0	0.000699	0.0	0.0	0.0	0.0	0.0	0.0	0.0	0.0	3950.54	0.0	0.0	0.0	0.0	0.0	0.0	0.0	0.0	19.3654	0.0	0.0	0.0	0.0	0	0	0	0	32	0	0	0	0	0	0	0	0	0	0	0	0	0	0	0	0	0	172	0	0	0	0	0	0	0	0	0	0	0	0	0	0	0	0	0	0	0	0	0	0	0	0	0	0	0	0	0	0	0	0.0	0.0	0.0	0.0	2.0e-6	0.0	0.0	0.0	0.0	0.0	0.0	0.0	0.0	1.0	0.0	0.0	0.0	0.0	
207	207	4105.341971912	1914.7	1914.7	0.038032	0.0	0	0	0	0	205	0	0	0	0	0.0	0.0	0.0	0.0	0.000629	0.0	0.0	0.0	0.0	0.0	0.0	0.0	0.0	3961.13	0.0	0.0	0.0	0.0	0.0	0.0	0.0	0.0	19.3226	0.0	0.0	0.0	0.0	0	0	0	0	32	0	0	0	0	0	0	0	0	0	0	0	0	0	0	0	0	0	173	0	0	0	0	0	0	0	0	0	0	0	0	0	0	0	0	0	0	0	0	0	0	0	0	0	0	0	0	0	0	0	0.0	0.0	0.0	0.0	2.0e-6	0.0	0.0	0.0	0.0	0.0	0.0	0.0	0.0	1.0	0.0	0.0	0.0	0.0	
208	208	4118.543375042	1914.7	1914.7	0.037265	0.0	0	0	0	0	206	0	0	0	0	0.0	0.0	0.0	0.0	0.000566	0.0	0.0	0.0	0.0	0.0	0.0	0.0	0.0	3974.33	0.0	0.0	0.0	0.0	0.0	0.0	0.0	0.0	19.2929	0.0	0.0	0.0	0.0	0	0	0	0	32	0	0	0	0	0	0	0	0	0	0	0	0	0	0	0	0	0	174	0	0	0	0	0	0	0	0	0	0	0	0	0	0	0	0	0	0	0	0	0	0	0	0	0	0	0	0	0	0	0	0.0	0.0	0.0	0.0	2.0e-6	0.0	0.0	0.0	0.0	0.0	0.0	0.0	0.0	1.0	0.0	0.0	0.0	0.0	
209	209	4123.206168326	1914.7	1914.7	0.036331	0.0	0	0	0	0	207	0	0	0	0	0.0	0.0	0.0	0.0	0.00051	0.0	0.0	0.0	0.0	0.0	0.0	0.0	0.0	3978.99	0.0	0.0	0.0	0.0	0.0	0.0	0.0	0.0	19.2222	0.0	0.0	0.0	0.0	0	0	0	0	32	0	0	0	0	0	0	0	0	0	0	0	0	0	0	0	0	0	175	0	0	0	0	0	0	0	0	0	0	0	0	0	0	0	0	0	0	0	0	0	0	0	0	0	0	0	0	0	0	0	0.0	0.0	0.0	0.0	1.0e-6	0.0	0.0	0.0	0.0	0.0	0.0	0.0	0.0	1.0	0.0	0.0	0.0	0.0	
210	210	4129.718289601	1914.7	1914.7	0.036007	0.0	0	0	0	0	208	0	0	0	0	0.0	0.0	0.0	0.0	0.000459	0.0	0.0	0.0	0.0	0.0	0.0	0.0	0.0	3985.51	0.0	0.0	0.0	0.0	0.0	0.0	0.0	0.0	19.1611	0.0	0.0	0.0	0.0	0	0	0	0	32	0	0	0	0	0	0	0	0	0	0	0	0	0	0	0	0	0	176	0	0	0	0	0	0	0	0	0	0	0	0	0	0	0	0	0	0	0	0	0	0	0	0	0	0	0	0	0	0	0	0.0	0.0	0.0	0.0	1.0e-6	0.0	0.0	0.0	0.0	0.0	0.0	0.0	0.0	1.0	0.0	0.0	0.0	0.0	
211	211	4133.111084516	1914.7	1914.7	0.035559	0.0	0	0	0	0	209	0	0	0	0	0.0	0.0	0.0	0.0	0.000413	0.0	0.0	0.0	0.0	0.0	0.0	0.0	0.0	3988.9	0.0	0.0	0.0	0.0	0.0	0.0	0.0	0.0	19.0856	0.0	0.0	0.0	0.0	0	0	0	0	32	0	0	0	0	0	0	0	0	0	0	0	0	0	0	0	0	0	177	0	0	0	0	0	0	0	0	0	0	0	0	0	0	0	0	0	0	0	0	0	0	0	0	0	0	0	0	0	0	0	0.0	0.0	0.0	0.0	1.0e-6	0.0	0.0	0.0	0.0	0.0	0.0	0.0	0.0	1.0	0.0	0.0	0.0	0.0	
212	212	4154.381030117	1914.7	1914.7	0.035327	0.0	0	0	0	0	210	0	0	0	0	0.0	0.0	0.0	0.0	0.000372	0.0	0.0	0.0	0.0	0.0	0.0	0.0	0.0	4010.17	0.0	0.0	0.0	0.0	0.0	0.0	0.0	0.0	19.096	0.0	0.0	0.0	0.0	0	0	0	0	32	0	0	0	0	0	0	0	0	0	0	0	0	0	0	0	0	0	178	0	0	0	0	0	0	0	0	0	0	0	0	0	0	0	0	0	0	0	0	0	0	0	0	0	0	0	0	0	0	0	0.0	0.0	0.0	0.0	1.0e-6	0.0	0.0	0.0	0.0	0.0	0.0	0.0	0.0	1.0	0.0	0.0	0.0	0.0	
213	213	4181.625743133	1914.7	1914.7	0.033912	0.0	0	0	0	0	211	0	0	0	0	0.0	0.0	0.0	0.0	0.000334	0.0	0.0	0.0	0.0	0.0	0.0	0.0	0.0	4037.41	0.0	0.0	0.0	0.0	0.0	0.0	0.0	0.0	19.1347	0.0	0.0	0.0	0.0	0	0	0	0	32	0	0	0	0	0	0	0	0	0	0	0	0	0	0	0	0	0	179	0	0	0	0	0	0	0	0	0	0	0	0	0	0	0	0	0	0	0	0	0	0	0	0	0	0	0	0	0	0	0	0.0	0.0	0.0	0.0	1.0e-6	0.0	0.0	0.0	0.0	0.0	0.0	0.0	0.0	1.0	0.0	0.0	0.0	0.0	
214	214	4186.153440599	1914.7	1914.7	0.03218	0.0	0	0	0	0	212	0	0	0	0	0.0	0.0	0.0	0.0	0.000301	0.0	0.0	0.0	0.0	0.0	0.0	0.0	0.0	4041.94	0.0	0.0	0.0	0.0	0.0	0.0	0.0	0.0	19.0658	0.0	0.0	0.0	0.0	0	0	0	0	32	0	0	0	0	0	0	0	0	0	0	0	0	0	0	0	0	0	180	0	0	0	0	0	0	0	0	0	0	0	0	0	0	0	0	0	0	0	0	0	0	0	0	0	0	0	0	0	0	0	0.0	0.0	0.0	0.0	1.0e-6	0.0	0.0	0.0	0.0	0.0	0.0	0.0	0.0	1.0	0.0	0.0	0.0	0.0	
215	215	4194.7268287	1914.7	1914.7	0.031902	0.0	0	0	0	0	213	0	0	0	0	0.0	0.0	0.0	0.0	0.000271	0.0	0.0	0.0	0.0	0.0	0.0	0.0	0.0	4050.51	0.0	0.0	0.0	0.0	0.0	0.0	0.0	0.0	19.0165	0.0	0.0	0.0	0.0	0	0	0	0	32	0	0	0	0	0	0	0	0	0	0	0	0	0	0	0	0	0	181	0	0	0	0	0	0	0	0	0	0	0	0	0	0	0	0	0	0	0	0	0	0	0	0	0	0	0	0	0	0	0	0.0	0.0	0.0	0.0	1.0e-6	0.0	0.0	0.0	0.0	0.0	0.0	0.0	0.0	1.0	0.0	0.0	0.0	0.0	
216	216	4205.824073366	1914.7	1914.7	0.03138	0.0	0	0	0	0	214	0	0	0	0	0.0	0.0	0.0	0.0	0.000244	0.0	0.0	0.0	0.0	0.0	0.0	0.0	0.0	4061.61	0.0	0.0	0.0	0.0	0.0	0.0	0.0	0.0	18.9795	0.0	0.0	0.0	0.0	0	0	0	0	32	0	0	0	0	0	0	0	0	0	0	0	0	0	0	0	0	0	182	0	0	0	0	0	0	0	0	0	0	0	0	0	0	0	0	0	0	0	0	0	0	0	0	0	0	0	0	0	0	0	0.0	0.0	0.0	0.0	1.0e-6	0.0	0.0	0.0	0.0	0.0	0.0	0.0	0.0	1.0	0.0	0.0	0.0	0.0	
217	217	4283.391667786	1914.7	1914.7	0.030717	0.0	0	0	0	0	215	0	0	0	0	0.0	0.0	0.0	0.0	0.000219	0.0	0.0	0.0	0.0	0.0	0.0	0.0	0.0	4139.18	0.0	0.0	0.0	0.0	0.0	0.0	0.0	0.0	19.252	0.0	0.0	0.0	0.0	0	0	0	0	32	0	0	0	0	0	0	0	0	0	0	0	0	0	0	0	0	0	183	0	0	0	0	0	0	0	0	0	0	0	0	0	0	0	0	0	0	0	0	0	0	0	0	0	0	0	0	0	0	0	0.0	0.0	0.0	0.0	1.0e-6	0.0	0.0	0.0	0.0	0.0	0.0	0.0	0.0	1.0	0.0	0.0	0.0	0.0	
218	218	4287.112278661	1914.7	1914.7	0.026461	0.0	0	0	0	0	216	0	0	0	0	0.0	0.0	0.0	0.0	0.000197	0.0	0.0	0.0	0.0	0.0	0.0	0.0	0.0	4142.9	0.0	0.0	0.0	0.0	0.0	0.0	0.0	0.0	19.1801	0.0	0.0	0.0	0.0	0	0	0	0	32	0	0	0	0	0	0	0	0	0	0	0	0	0	0	0	0	0	184	0	0	0	0	0	0	0	0	0	0	0	0	0	0	0	0	0	0	0	0	0	0	0	0	0	0	0	0	0	0	0	0.0	0.0	0.0	0.0	1.0e-6	0.0	0.0	0.0	0.0	0.0	0.0	0.0	0.0	1.0	0.0	0.0	0.0	0.0	
219	219	4299.195406746	1914.7	1914.7	0.026272	0.0	0	0	0	0	217	0	0	0	0	0.0	0.0	0.0	0.0	0.000178	0.0	0.0	0.0	0.0	0.0	0.0	0.0	0.0	4154.98	0.0	0.0	0.0	0.0	0.0	0.0	0.0	0.0	19.1474	0.0	0.0	0.0	0.0	0	0	0	0	32	0	0	0	0	0	0	0	0	0	0	0	0	0	0	0	0	0	185	0	0	0	0	0	0	0	0	0	0	0	0	0	0	0	0	0	0	0	0	0	0	0	0	0	0	0	0	0	0	0	0.0	0.0	0.0	0.0	0.0	0.0	0.0	0.0	0.0	0.0	0.0	0.0	0.0	1.0	0.0	0.0	0.0	0.0	
220	220	4306.185951986	1914.7	1914.7	0.025669	0.0	0	0	0	0	218	0	0	0	0	0.0	0.0	0.0	0.0	0.00016	0.0	0.0	0.0	0.0	0.0	0.0	0.0	0.0	4161.97	0.0	0.0	0.0	0.0	0.0	0.0	0.0	0.0	19.0916	0.0	0.0	0.0	0.0	0	0	0	0	32	0	0	0	0	0	0	0	0	0	0	0	0	0	0	0	0	0	186	0	0	0	0	0	0	0	0	0	0	0	0	0	0	0	0	0	0	0	0	0	0	0	0	0	0	0	0	0	0	0	0.0	0.0	0.0	0.0	0.0	0.0	0.0	0.0	0.0	0.0	0.0	0.0	0.0	1.0	0.0	0.0	0.0	0.0	
221	221	4315.932619034	1914.7	1914.7	0.025326	0.0	0	0	0	0	219	0	0	0	0	0.0	0.0	0.0	0.0	0.000144	0.0	0.0	0.0	0.0	0.0	0.0	0.0	0.0	4171.72	0.0	0.0	0.0	0.0	0.0	0.0	0.0	0.0	19.049	0.0	0.0	0.0	0.0	0	0	0	0	32	0	0	0	0	0	0	0	0	0	0	0	0	0	0	0	0	0	187	0	0	0	0	0	0	0	0	0	0	0	0	0	0	0	0	0	0	0	0	0	0	0	0	0	0	0	0	0	0	0	0.0	0.0	0.0	0.0	0.0	0.0	0.0	0.0	0.0	0.0	0.0	0.0	0.0	1.0	0.0	0.0	0.0	0.0	
222	222	4321.34529282	1914.7	1914.7	0.024856	0.0	0	0	0	0	220	0	0	0	0	0.0	0.0	0.0	0.0	0.00013	0.0	0.0	0.0	0.0	0.0	0.0	0.0	0.0	4177.13	0.0	0.0	0.0	0.0	0.0	0.0	0.0	0.0	18.987	0.0	0.0	0.0	0.0	0	0	0	0	32	0	0	0	0	0	0	0	0	0	0	0	0	0	0	0	0	0	188	0	0	0	0	0	0	0	0	0	0	0	0	0	0	0	0	0	0	0	0	0	0	0	0	0	0	0	0	0	0	0	0.0	0.0	0.0	0.0	0.0	0.0	0.0	0.0	0.0	0.0	0.0	0.0	0.0	1.0	0.0	0.0	0.0	0.0	
223	223	4327.106266261	1914.7	1914.7	0.024598	0.0	0	0	0	0	221	0	0	0	0	0.0	0.0	0.0	0.0	0.000117	0.0	0.0	0.0	0.0	0.0	0.0	0.0	0.0	4182.89	0.0	0.0	0.0	0.0	0.0	0.0	0.0	0.0	18.9271	0.0	0.0	0.0	0.0	0	0	0	0	32	0	0	0	0	0	0	0	0	0	0	0	0	0	0	0	0	0	189	0	0	0	0	0	0	0	0	0	0	0	0	0	0	0	0	0	0	0	0	0	0	0	0	0	0	0	0	0	0	0	0.0	0.0	0.0	0.0	0.0	0.0	0.0	0.0	0.0	0.0	0.0	0.0	0.0	1.0	0.0	0.0	0.0	0.0	
224	224	4343.869418762	1914.7	1914.7	0.024327	0.0	0	0	0	0	222	0	0	0	0	0.0	0.0	0.0	0.0	0.000105	0.0	0.0	0.0	0.0	0.0	0.0	0.0	0.0	4199.66	0.0	0.0	0.0	0.0	0.0	0.0	0.0	0.0	18.9174	0.0	0.0	0.0	0.0	0	0	0	0	32	0	0	0	0	0	0	0	0	0	0	0	0	0	0	0	0	0	190	0	0	0	0	0	0	0	0	0	0	0	0	0	0	0	0	0	0	0	0	0	0	0	0	0	0	0	0	0	0	0	0.0	0.0	0.0	0.0	0.0	0.0	0.0	0.0	0.0	0.0	0.0	0.0	0.0	1.0	0.0	0.0	0.0	0.0	
225	225	4346.484978431	1914.7	1914.7	0.023555	0.0	0	0	0	0	223	0	0	0	0	0.0	0.0	0.0	0.0	9.4e-5	0.0	0.0	0.0	0.0	0.0	0.0	0.0	0.0	4202.27	0.0	0.0	0.0	0.0	0.0	0.0	0.0	0.0	18.8443	0.0	0.0	0.0	0.0	0	0	0	0	32	0	0	0	0	0	0	0	0	0	0	0	0	0	0	0	0	0	191	0	0	0	0	0	0	0	0	0	0	0	0	0	0	0	0	0	0	0	0	0	0	0	0	0	0	0	0	0	0	0	0.0	0.0	0.0	0.0	0.0	0.0	0.0	0.0	0.0	0.0	0.0	0.0	0.0	1.0	0.0	0.0	0.0	0.0	
226	226	4360.929199728	1914.7	1914.7	0.023437	0.0	0	0	0	0	224	0	0	0	0	0.0	0.0	0.0	0.0	8.5e-5	0.0	0.0	0.0	0.0	0.0	0.0	0.0	0.0	4216.72	0.0	0.0	0.0	0.0	0.0	0.0	0.0	0.0	18.8246	0.0	0.0	0.0	0.0	0	0	0	0	32	0	0	0	0	0	0	0	0	0	0	0	0	0	0	0	0	0	192	0	0	0	0	0	0	0	0	0	0	0	0	0	0	0	0	0	0	0	0	0	0	0	0	0	0	0	0	0	0	0	0.0	0.0	0.0	0.0	0.0	0.0	0.0	0.0	0.0	0.0	0.0	0.0	0.0	1.0	0.0	0.0	0.0	0.0	
227	227	4368.52975993	1914.7	1914.7	0.022795	0.0	0	0	0	0	225	0	0	0	0	0.0	0.0	0.0	0.0	7.7e-5	0.0	0.0	0.0	0.0	0.0	0.0	0.0	0.0	4224.32	0.0	0.0	0.0	0.0	0.0	0.0	0.0	0.0	18.7747	0.0	0.0	0.0	0.0	0	0	0	0	32	0	0	0	0	0	0	0	0	0	0	0	0	0	0	0	0	0	193	0	0	0	0	0	0	0	0	0	0	0	0	0	0	0	0	0	0	0	0	0	0	0	0	0	0	0	0	0	0	0	0.0	0.0	0.0	0.0	0.0	0.0	0.0	0.0	0.0	0.0	0.0	0.0	0.0	1.0	0.0	0.0	0.0	0.0	
228	228	4382.177752955	1914.7	1914.7	0.022464	0.0	0	0	0	0	226	0	0	0	0	0.0	0.0	0.0	0.0	6.9e-5	0.0	0.0	0.0	0.0	0.0	0.0	0.0	0.0	4237.97	0.0	0.0	0.0	0.0	0.0	0.0	0.0	0.0	18.7521	0.0	0.0	0.0	0.0	0	0	0	0	32	0	0	0	0	0	0	0	0	0	0	0	0	0	0	0	0	0	194	0	0	0	0	0	0	0	0	0	0	0	0	0	0	0	0	0	0	0	0	0	0	0	0	0	0	0	0	0	0	0	0.0	0.0	0.0	0.0	0.0	0.0	0.0	0.0	0.0	0.0	0.0	0.0	0.0	1.0	0.0	0.0	0.0	0.0	
229	229	4429.695396691	1914.7	1914.7	0.021882	0.0	0	0	0	0	227	0	0	0	0	0.0	0.0	0.0	0.0	6.2e-5	0.0	0.0	0.0	0.0	0.0	0.0	0.0	0.0	4285.48	0.0	0.0	0.0	0.0	0.0	0.0	0.0	0.0	18.8788	0.0	0.0	0.0	0.0	0	0	0	0	32	0	0	0	0	0	0	0	0	0	0	0	0	0	0	0	0	0	195	0	0	0	0	0	0	0	0	0	0	0	0	0	0	0	0	0	0	0	0	0	0	0	0	0	0	0	0	0	0	0	0.0	0.0	0.0	0.0	0.0	0.0	0.0	0.0	0.0	0.0	0.0	0.0	0.0	1.0	0.0	0.0	0.0	0.0	
230	230	4439.240214867	1914.7	1914.7	0.019972	0.0	0	0	0	0	228	0	0	0	0	0.0	0.0	0.0	0.0	5.6e-5	0.0	0.0	0.0	0.0	0.0	0.0	0.0	0.0	4295.03	0.0	0.0	0.0	0.0	0.0	0.0	0.0	0.0	18.8378	0.0	0.0	0.0	0.0	0	0	0	0	32	0	0	0	0	0	0	0	0	0	0	0	0	0	0	0	0	0	196	0	0	0	0	0	0	0	0	0	0	0	0	0	0	0	0	0	0	0	0	0	0	0	0	0	0	0	0	0	0	0	0.0	0.0	0.0	0.0	0.0	0.0	0.0	0.0	0.0	0.0	0.0	0.0	0.0	1.0	0.0	0.0	0.0	0.0	
231	231	4451.122112336	1914.7	1914.7	0.019608	0.0	0	0	0	0	229	0	0	0	0	0.0	0.0	0.0	0.0	5.0e-5	0.0	0.0	0.0	0.0	0.0	0.0	0.0	0.0	4306.91	0.0	0.0	0.0	0.0	0.0	0.0	0.0	0.0	18.8075	0.0	0.0	0.0	0.0	0	0	0	0	32	0	0	0	0	0	0	0	0	0	0	0	0	0	0	0	0	0	197	0	0	0	0	0	0	0	0	0	0	0	0	0	0	0	0	0	0	0	0	0	0	0	0	0	0	0	0	0	0	0	0.0	0.0	0.0	0.0	0.0	0.0	0.0	0.0	0.0	0.0	0.0	0.0	0.0	1.0	0.0	0.0	0.0	0.0	
232	232	4461.773399248	1914.7	1914.7	0.019165	0.0	0	0	0	0	230	0	0	0	0	0.0	0.0	0.0	0.0	4.5e-5	0.0	0.0	0.0	0.0	0.0	0.0	0.0	0.0	4317.56	0.0	0.0	0.0	0.0	0.0	0.0	0.0	0.0	18.772	0.0	0.0	0.0	0.0	0	0	0	0	32	0	0	0	0	0	0	0	0	0	0	0	0	0	0	0	0	0	198	0	0	0	0	0	0	0	0	0	0	0	0	0	0	0	0	0	0	0	0	0	0	0	0	0	0	0	0	0	0	0	0.0	0.0	0.0	0.0	0.0	0.0	0.0	0.0	0.0	0.0	0.0	0.0	0.0	1.0	0.0	0.0	0.0	0.0	
233	233	4470.396800626	1914.7	1914.7	0.018777	0.0	0	0	0	0	231	0	0	0	0	0.0	0.0	0.0	0.0	4.1e-5	0.0	0.0	0.0	0.0	0.0	0.0	0.0	0.0	4326.18	0.0	0.0	0.0	0.0	0.0	0.0	0.0	0.0	18.7281	0.0	0.0	0.0	0.0	0	0	0	0	32	0	0	0	0	0	0	0	0	0	0	0	0	0	0	0	0	0	199	0	0	0	0	0	0	0	0	0	0	0	0	0	0	0	0	0	0	0	0	0	0	0	0	0	0	0	0	0	0	0	0.0	0.0	0.0	0.0	0.0	0.0	0.0	0.0	0.0	0.0	0.0	0.0	0.0	1.0	0.0	0.0	0.0	0.0	
234	234	4502.014614045	1914.7	1914.7	0.018468	0.0	0	0	0	0	232	0	0	0	0	0.0	0.0	0.0	0.0	3.7e-5	0.0	0.0	0.0	0.0	0.0	0.0	0.0	0.0	4357.8	0.0	0.0	0.0	0.0	0.0	0.0	0.0	0.0	18.7836	0.0	0.0	0.0	0.0	0	0	0	0	32	0	0	0	0	0	0	0	0	0	0	0	0	0	0	0	0	0	200	0	0	0	0	0	0	0	0	0	0	0	0	0	0	0	0	0	0	0	0	0	0	0	0	0	0	0	0	0	0	0	0.0	0.0	0.0	0.0	0.0	0.0	0.0	0.0	0.0	0.0	0.0	0.0	0.0	1.0	0.0	0.0	0.0	0.0	
235	235	4519.79056387	1914.7	1914.7	0.017378	0.0	0	0	0	0	233	0	0	0	0	0.0	0.0	0.0	0.0	3.3e-5	0.0	0.0	0.0	0.0	0.0	0.0	0.0	0.0	4375.58	0.0	0.0	0.0	0.0	0.0	0.0	0.0	0.0	18.7793	0.0	0.0	0.0	0.0	0	0	0	0	32	0	0	0	0	0	0	0	0	0	0	0	0	0	0	0	0	0	201	0	0	0	0	0	0	0	0	0	0	0	0	0	0	0	0	0	0	0	0	0	0	0	0	0	0	0	0	0	0	0	0.0	0.0	0.0	0.0	0.0	0.0	0.0	0.0	0.0	0.0	0.0	0.0	0.0	1.0	0.0	0.0	0.0	0.0	
236	236	4540.305178807	1914.7	1914.7	0.016794	0.0	0	0	0	0	234	0	0	0	0	0.0	0.0	0.0	0.0	3.0e-5	0.0	0.0	0.0	0.0	0.0	0.0	0.0	0.0	4396.09	0.0	0.0	0.0	0.0	0.0	0.0	0.0	0.0	18.7867	0.0	0.0	0.0	0.0	0	0	0	0	32	0	0	0	0	0	0	0	0	0	0	0	0	0	0	0	0	0	202	0	0	0	0	0	0	0	0	0	0	0	0	0	0	0	0	0	0	0	0	0	0	0	0	0	0	0	0	0	0	0	0.0	0.0	0.0	0.0	0.0	0.0	0.0	0.0	0.0	0.0	0.0	0.0	0.0	1.0	0.0	0.0	0.0	0.0	
237	237	4555.245393161	1914.7	1914.7	0.016145	0.0	0	0	0	0	235	0	0	0	0	0.0	0.0	0.0	0.0	2.7e-5	0.0	0.0	0.0	0.0	0.0	0.0	0.0	0.0	4411.03	0.0	0.0	0.0	0.0	0.0	0.0	0.0	0.0	18.7704	0.0	0.0	0.0	0.0	0	0	0	0	32	0	0	0	0	0	0	0	0	0	0	0	0	0	0	0	0	0	203	0	0	0	0	0	0	0	0	0	0	0	0	0	0	0	0	0	0	0	0	0	0	0	0	0	0	0	0	0	0	0	0.0	0.0	0.0	0.0	0.0	0.0	0.0	0.0	0.0	0.0	0.0	0.0	0.0	1.0	0.0	0.0	0.0	0.0	
238	238	4557.875152708	1914.7	1914.7	0.015688	0.0	0	0	0	0	236	0	0	0	0	0.0	0.0	0.0	0.0	2.4e-5	0.0	0.0	0.0	0.0	0.0	0.0	0.0	0.0	4413.66	0.0	0.0	0.0	0.0	0.0	0.0	0.0	0.0	18.702	0.0	0.0	0.0	0.0	0	0	0	0	32	0	0	0	0	0	0	0	0	0	0	0	0	0	0	0	0	0	204	0	0	0	0	0	0	0	0	0	0	0	0	0	0	0	0	0	0	0	0	0	0	0	0	0	0	0	0	0	0	0	0.0	0.0	0.0	0.0	0.0	0.0	0.0	0.0	0.0	0.0	0.0	0.0	0.0	1.0	0.0	0.0	0.0	0.0	
239	239	4564.916412903	1914.7	1914.7	0.015608	0.0	0	0	0	0	237	0	0	0	0	0.0	0.0	0.0	0.0	2.2e-5	0.0	0.0	0.0	0.0	0.0	0.0	0.0	0.0	4420.7	0.0	0.0	0.0	0.0	0.0	0.0	0.0	0.0	18.6528	0.0	0.0	0.0	0.0	0	0	0	0	32	0	0	0	0	0	0	0	0	0	0	0	0	0	0	0	0	0	205	0	0	0	0	0	0	0	0	0	0	0	0	0	0	0	0	0	0	0	0	0	0	0	0	0	0	0	0	0	0	0	0.0	0.0	0.0	0.0	0.0	0.0	0.0	0.0	0.0	0.0	0.0	0.0	0.0	1.0	0.0	0.0	0.0	0.0	
240	240	4571.493637858	1914.7	1914.7	0.015398	0.0	0	0	0	0	238	0	0	0	0	0.0	0.0	0.0	0.0	1.9e-5	0.0	0.0	0.0	0.0	0.0	0.0	0.0	0.0	4427.28	0.0	0.0	0.0	0.0	0.0	0.0	0.0	0.0	18.602	0.0	0.0	0.0	0.0	0	0	0	0	32	0	0	0	0	0	0	0	0	0	0	0	0	0	0	0	0	0	206	0	0	0	0	0	0	0	0	0	0	0	0	0	0	0	0	0	0	0	0	0	0	0	0	0	0	0	0	0	0	0	0.0	0.0	0.0	0.0	0.0	0.0	0.0	0.0	0.0	0.0	0.0	0.0	0.0	1.0	0.0	0.0	0.0	0.0	
241	241	4589.392808781	1914.7	1914.7	0.015205	0.0	0	0	0	0	239	0	0	0	0	0.0	0.0	0.0	0.0	1.8e-5	0.0	0.0	0.0	0.0	0.0	0.0	0.0	0.0	4445.18	0.0	0.0	0.0	0.0	0.0	0.0	0.0	0.0	18.5991	0.0	0.0	0.0	0.0	0	0	0	0	32	0	0	0	0	0	0	0	0	0	0	0	0	0	0	0	0	0	207	0	0	0	0	0	0	0	0	0	0	0	0	0	0	0	0	0	0	0	0	0	0	0	0	0	0	0	0	0	0	0	0.0	0.0	0.0	0.0	0.0	0.0	0.0	0.0	0.0	0.0	0.0	0.0	0.0	1.0	0.0	0.0	0.0	0.0	
242	242	4613.701649974	1914.7	1914.7	0.01469	0.0	0	0	0	0	240	0	0	0	0	0.0	0.0	0.0	0.0	1.6e-5	0.0	0.0	0.0	0.0	0.0	0.0	0.0	0.0	4469.49	0.0	0.0	0.0	0.0	0.0	0.0	0.0	0.0	18.6229	0.0	0.0	0.0	0.0	0	0	0	0	32	0	0	0	0	0	0	0	0	0	0	0	0	0	0	0	0	0	208	0	0	0	0	0	0	0	0	0	0	0	0	0	0	0	0	0	0	0	0	0	0	0	0	0	0	0	0	0	0	0	0.0	0.0	0.0	0.0	0.0	0.0	0.0	0.0	0.0	0.0	0.0	0.0	0.0	1.0	0.0	0.0	0.0	0.0	
243	243	4686.69647936	1914.7	1914.7	0.01402	0.0	0	0	0	0	241	0	0	0	0	0.0	0.0	0.0	0.0	1.4e-5	0.0	0.0	0.0	0.0	0.0	0.0	0.0	0.0	4542.48	0.0	0.0	0.0	0.0	0.0	0.0	0.0	0.0	18.8485	0.0	0.0	0.0	0.0	0	0	0	0	32	0	0	0	0	0	0	0	0	0	0	0	0	0	0	0	0	0	209	0	0	0	0	0	0	0	0	0	0	0	0	0	0	0	0	0	0	0	0	0	0	0	0	0	0	0	0	0	0	0	0.0	0.0	0.0	0.0	0.0	0.0	0.0	0.0	0.0	0.0	0.0	0.0	0.0	1.0	0.0	0.0	0.0	0.0	
244	244	4703.41899742	1914.7	1914.7	0.012183	0.0	0	0	0	0	242	0	0	0	0	0.0	0.0	0.0	0.0	1.3e-5	0.0	0.0	0.0	0.0	0.0	0.0	0.0	0.0	4559.21	0.0	0.0	0.0	0.0	0.0	0.0	0.0	0.0	18.8397	0.0	0.0	0.0	0.0	0	0	0	0	32	0	0	0	0	0	0	0	0	0	0	0	0	0	0	0	0	0	210	0	0	0	0	0	0	0	0	0	0	0	0	0	0	0	0	0	0	0	0	0	0	0	0	0	0	0	0	0	0	0	0.0	0.0	0.0	0.0	0.0	0.0	0.0	0.0	0.0	0.0	0.0	0.0	0.0	1.0	0.0	0.0	0.0	0.0	
245	245	4707.214334481	1914.7	1914.7	0.011798	0.0	0	0	0	0	243	0	0	0	0	0.0	0.0	0.0	0.0	1.1e-5	0.0	0.0	0.0	0.0	0.0	0.0	0.0	0.0	4563.0	0.0	0.0	0.0	0.0	0.0	0.0	0.0	0.0	18.7778	0.0	0.0	0.0	0.0	0	0	0	0	32	0	0	0	0	0	0	0	0	0	0	0	0	0	0	0	0	0	211	0	0	0	0	0	0	0	0	0	0	0	0	0	0	0	0	0	0	0	0	0	0	0	0	0	0	0	0	0	0	0	0.0	0.0	0.0	0.0	0.0	0.0	0.0	0.0	0.0	0.0	0.0	0.0	0.0	1.0	0.0	0.0	0.0	0.0	
246	246	4712.443246272	1914.7	1914.7	0.011712	0.0	0	0	0	0	244	0	0	0	0	0.0	0.0	0.0	0.0	1.0e-5	0.0	0.0	0.0	0.0	0.0	0.0	0.0	0.0	4568.23	0.0	0.0	0.0	0.0	0.0	0.0	0.0	0.0	18.7223	0.0	0.0	0.0	0.0	0	0	0	0	32	0	0	0	0	0	0	0	0	0	0	0	0	0	0	0	0	0	212	0	0	0	0	0	0	0	0	0	0	0	0	0	0	0	0	0	0	0	0	0	0	0	0	0	0	0	0	0	0	0	0.0	0.0	0.0	0.0	0.0	0.0	0.0	0.0	0.0	0.0	0.0	0.0	0.0	1.0	0.0	0.0	0.0	0.0	
247	247	4720.776793629	1914.7	1914.7	0.011595	0.0	0	0	0	0	245	0	0	0	0	0.0	0.0	0.0	0.0	9.0e-6	0.0	0.0	0.0	0.0	0.0	0.0	0.0	0.0	4576.56	0.0	0.0	0.0	0.0	0.0	0.0	0.0	0.0	18.6799	0.0	0.0	0.0	0.0	0	0	0	0	32	0	0	0	0	0	0	0	0	0	0	0	0	0	0	0	0	0	213	0	0	0	0	0	0	0	0	0	0	0	0	0	0	0	0	0	0	0	0	0	0	0	0	0	0	0	0	0	0	0	0.0	0.0	0.0	0.0	0.0	0.0	0.0	0.0	0.0	0.0	0.0	0.0	0.0	1.0	0.0	0.0	0.0	0.0	
248	248	4732.225031992	1914.7	1914.7	0.01141	0.0	0	0	0	0	246	0	0	0	0	0.0	0.0	0.0	0.0	8.0e-6	0.0	0.0	0.0	0.0	0.0	0.0	0.0	0.0	4588.01	0.0	0.0	0.0	0.0	0.0	0.0	0.0	0.0	18.6505	0.0	0.0	0.0	0.0	0	0	0	0	32	0	0	0	0	0	0	0	0	0	0	0	0	0	0	0	0	0	214	0	0	0	0	0	0	0	0	0	0	0	0	0	0	0	0	0	0	0	0	0	0	0	0	0	0	0	0	0	0	0	0.0	0.0	0.0	0.0	0.0	0.0	0.0	0.0	0.0	0.0	0.0	0.0	0.0	1.0	0.0	0.0	0.0	0.0	
249	249	4747.630429849	1914.7	1914.7	0.011162	0.0	0	0	0	0	247	0	0	0	0	0.0	0.0	0.0	0.0	8.0e-6	0.0	0.0	0.0	0.0	0.0	0.0	0.0	0.0	4603.42	0.0	0.0	0.0	0.0	0.0	0.0	0.0	0.0	18.6373	0.0	0.0	0.0	0.0	0	0	0	0	32	0	0	0	0	0	0	0	0	0	0	0	0	0	0	0	0	0	215	0	0	0	0	0	0	0	0	0	0	0	0	0	0	0	0	0	0	0	0	0	0	0	0	0	0	0	0	0	0	0	0.0	0.0	0.0	0.0	0.0	0.0	0.0	0.0	0.0	0.0	0.0	0.0	0.0	1.0	0.0	0.0	0.0	0.0	
250	250	4766.532328308	1914.7	1914.7	0.010836	0.0	0	0	0	0	248	0	0	0	0	0.0	0.0	0.0	0.0	7.0e-6	0.0	0.0	0.0	0.0	0.0	0.0	0.0	0.0	4622.32	0.0	0.0	0.0	0.0	0.0	0.0	0.0	0.0	18.6384	0.0	0.0	0.0	0.0	0	0	0	0	32	0	0	0	0	0	0	0	0	0	0	0	0	0	0	0	0	0	216	0	0	0	0	0	0	0	0	0	0	0	0	0	0	0	0	0	0	0	0	0	0	0	0	0	0	0	0	0	0	0	0.0	0.0	0.0	0.0	0.0	0.0	0.0	0.0	0.0	0.0	0.0	0.0	0.0	1.0	0.0	0.0	0.0	0.0	
251	251	4772.35887083	1914.7	1914.7	0.010449	0.0	0	0	0	0	249	0	0	0	0	0.0	0.0	0.0	0.0	6.0e-6	0.0	0.0	0.0	0.0	0.0	0.0	0.0	0.0	4628.15	0.0	0.0	0.0	0.0	0.0	0.0	0.0	0.0	18.5869	0.0	0.0	0.0	0.0	0	0	0	0	32	0	0	0	0	0	0	0	0	0	0	0	0	0	0	0	0	0	217	0	0	0	0	0	0	0	0	0	0	0	0	0	0	0	0	0	0	0	0	0	0	0	0	0	0	0	0	0	0	0	0.0	0.0	0.0	0.0	0.0	0.0	0.0	0.0	0.0	0.0	0.0	0.0	0.0	1.0	0.0	0.0	0.0	0.0	
252	252	4929.665708547	1914.5	1914.5	0.010333	0.0	0	0	0	0	250	0	0	0	0	0.0	0.0	0.0	0.0	0.100006	0.0	0.0	0.0	0.0	0.0	0.0	0.0	0.0	4785.45	0.0	0.0	0.0	0.0	0.0	0.0	0.0	0.0	19.1418	0.0	0.0	0.0	0.0	0	0	0	0	33	0	0	0	0	0	0	0	0	0	0	0	0	0	0	0	0	0	217	0	0	0	0	0	0	0	0	0	0	0	0	0	0	0	0	0	0	0	0	0	0	0	0	0	0	0	0	0	0	0	0.0	0.0	0.0	0.0	0.000273	0.0	0.0	0.0	0.0	0.0	0.0	0.0	0.0	1.0	0.0	0.0	0.0	0.0	
253	253	4942.828432452	1914.5	1914.5	0.007636	0.0	0	0	0	0	251	0	0	0	0	0.0	0.0	0.0	0.0	0.090005	0.0	0.0	0.0	0.0	0.0	0.0	0.0	0.0	4798.62	0.0	0.0	0.0	0.0	0.0	0.0	0.0	0.0	19.118	0.0	0.0	0.0	0.0	0	0	0	0	33	0	0	0	0	0	0	0	0	0	0	0	0	0	0	0	0	0	218	0	0	0	0	0	0	0	0	0	0	0	0	0	0	0	0	0	0	0	0	0	0	0	0	0	0	0	0	0	0	0	0.0	0.0	0.0	0.0	0.000246	0.0	0.0	0.0	0.0	0.0	0.0	0.0	0.0	1.0	0.0	0.0	0.0	0.0	
254	254	4976.186800987	1914.5	1914.5	0.007445	0.0	0	0	0	0	252	0	0	0	0	0.0	0.0	0.0	0.0	0.081004	0.0	0.0	0.0	0.0	0.0	0.0	0.0	0.0	4831.97	0.0	0.0	0.0	0.0	0.0	0.0	0.0	0.0	19.1745	0.0	0.0	0.0	0.0	0	0	0	0	33	0	0	0	0	0	0	0	0	0	0	0	0	0	0	0	0	0	219	0	0	0	0	0	0	0	0	0	0	0	0	0	0	0	0	0	0	0	0	0	0	0	0	0	0	0	0	0	0	0	0.0	0.0	0.0	0.0	0.00022	0.0	0.0	0.0	0.0	0.0	0.0	0.0	0.0	1.0	0.0	0.0	0.0	0.0	
255	255	4993.092578146	1914.5	1914.5	0.006982	0.0	0	0	0	0	253	0	0	0	0	0.0	0.0	0.0	0.0	0.072904	0.0	0.0	0.0	0.0	0.0	0.0	0.0	0.0	4848.88	0.0	0.0	0.0	0.0	0.0	0.0	0.0	0.0	19.1655	0.0	0.0	0.0	0.0	0	0	0	0	33	0	0	0	0	0	0	0	0	0	0	0	0	0	0	0	0	0	220	0	0	0	0	0	0	0	0	0	0	0	0	0	0	0	0	0	0	0	0	0	0	0	0	0	0	0	0	0	0	0	0.0	0.0	0.0	0.0	0.000198	0.0	0.0	0.0	0.0	0.0	0.0	0.0	0.0	1.0	0.0	0.0	0.0	0.0	
256	256	5026.253572613	1914.5	1914.5	0.006759	0.0	0	0	0	0	254	0	0	0	0	0.0	0.0	0.0	0.0	0.065614	0.0	0.0	0.0	0.0	0.0	0.0	0.0	0.0	4882.04	0.0	0.0	0.0	0.0	0.0	0.0	0.0	0.0	19.2206	0.0	0.0	0.0	0.0	0	0	0	0	33	0	0	0	0	0	0	0	0	0	0	0	0	0	0	0	0	0	221	0	0	0	0	0	0	0	0	0	0	0	0	0	0	0	0	0	0	0	0	0	0	0	0	0	0	0	0	0	0	0	0.0	0.0	0.0	0.0	0.000178	0.0	0.0	0.0	0.0	0.0	0.0	0.0	0.0	1.0	0.0	0.0	0.0	0.0	
257	257	5051.275228026	1914.5	1914.5	0.006341	0.0	0	0	0	0	255	0	0	0	0	0.0	0.0	0.0	0.0	0.059052	0.0	0.0	0.0	0.0	0.0	0.0	0.0	0.0	4907.06	0.0	0.0	0.0	0.0	0.0	0.0	0.0	0.0	19.2434	0.0	0.0	0.0	0.0	0	0	0	0	33	0	0	0	0	0	0	0	0	0	0	0	0	0	0	0	0	0	222	0	0	0	0	0	0	0	0	0	0	0	0	0	0	0	0	0	0	0	0	0	0	0	0	0	0	0	0	0	0	0	0.0	0.0	0.0	0.0	0.000159	0.0	0.0	0.0	0.0	0.0	0.0	0.0	0.0	1.0	0.0	0.0	0.0	0.0	
258	258	5055.694016768	1914.5	1914.5	0.006043	0.0	0	0	0	0	256	0	0	0	0	0.0	0.0	0.0	0.0	0.053147	0.0	0.0	0.0	0.0	0.0	0.0	0.0	0.0	4911.48	0.0	0.0	0.0	0.0	0.0	0.0	0.0	0.0	19.1855	0.0	0.0	0.0	0.0	0	0	0	0	33	0	0	0	0	0	0	0	0	0	0	0	0	0	0	0	0	0	223	0	0	0	0	0	0	0	0	0	0	0	0	0	0	0	0	0	0	0	0	0	0	0	0	0	0	0	0	0	0	0	0.0	0.0	0.0	0.0	0.000144	0.0	0.0	0.0	0.0	0.0	0.0	0.0	0.0	1.0	0.0	0.0	0.0	0.0	
259	259	5059.896153356	1914.5	1914.5	0.005992	0.0	0	0	0	0	257	0	0	0	0	0.0	0.0	0.0	0.0	0.047832	0.0	0.0	0.0	0.0	0.0	0.0	0.0	0.0	4915.68	0.0	0.0	0.0	0.0	0.0	0.0	0.0	0.0	19.1272	0.0	0.0	0.0	0.0	0	0	0	0	33	0	0	0	0	0	0	0	0	0	0	0	0	0	0	0	0	0	224	0	0	0	0	0	0	0	0	0	0	0	0	0	0	0	0	0	0	0	0	0	0	0	0	0	0	0	0	0	0	0	0.0	0.0	0.0	0.0	0.000131	0.0	0.0	0.0	0.0	0.0	0.0	0.0	0.0	1.0	0.0	0.0	0.0	0.0	
260	260	5068.259700878	1914.5	1914.5	0.005944	0.0	0	0	0	0	258	0	0	0	0	0.0	0.0	0.0	0.0	0.043049	0.0	0.0	0.0	0.0	0.0	0.0	0.0	0.0	4924.05	0.0	0.0	0.0	0.0	0.0	0.0	0.0	0.0	19.0855	0.0	0.0	0.0	0.0	0	0	0	0	33	0	0	0	0	0	0	0	0	0	0	0	0	0	0	0	0	0	225	0	0	0	0	0	0	0	0	0	0	0	0	0	0	0	0	0	0	0	0	0	0	0	0	0	0	0	0	0	0	0	0.0	0.0	0.0	0.0	0.000118	0.0	0.0	0.0	0.0	0.0	0.0	0.0	0.0	1.0	0.0	0.0	0.0	0.0	
261	261	5075.000767807	1914.5	1914.5	0.005849	0.0	0	0	0	0	259	0	0	0	0	0.0	0.0	0.0	0.0	0.038744	0.0	0.0	0.0	0.0	0.0	0.0	0.0	0.0	4930.79	0.0	0.0	0.0	0.0	0.0	0.0	0.0	0.0	19.0378	0.0	0.0	0.0	0.0	0	0	0	0	33	0	0	0	0	0	0	0	0	0	0	0	0	0	0	0	0	0	226	0	0	0	0	0	0	0	0	0	0	0	0	0	0	0	0	0	0	0	0	0	0	0	0	0	0	0	0	0	0	0	0.0	0.0	0.0	0.0	0.000107	0.0	0.0	0.0	0.0	0.0	0.0	0.0	0.0	1.0	0.0	0.0	0.0	0.0	
262	262	5085.114721021	1914.5	1914.5	0.005774	0.0	0	0	0	0	260	0	0	0	0	0.0	0.0	0.0	0.0	0.03487	0.0	0.0	0.0	0.0	0.0	0.0	0.0	0.0	4940.9	0.0	0.0	0.0	0.0	0.0	0.0	0.0	0.0	19.0035	0.0	0.0	0.0	0.0	0	0	0	0	33	0	0	0	0	0	0	0	0	0	0	0	0	0	0	0	0	0	227	0	0	0	0	0	0	0	0	0	0	0	0	0	0	0	0	0	0	0	0	0	0	0	0	0	0	0	0	0	0	0	0.0	0.0	0.0	0.0	9.7e-5	0.0	0.0	0.0	0.0	0.0	0.0	0.0	0.0	1.0	0.0	0.0	0.0	0.0	
263	263	5092.805222684	1914.5	1914.5	0.005663	0.0	0	0	0	0	261	0	0	0	0	0.0	0.0	0.0	0.0	0.031383	0.0	0.0	0.0	0.0	0.0	0.0	0.0	0.0	4948.59	0.0	0.0	0.0	0.0	0.0	0.0	0.0	0.0	18.9601	0.0	0.0	0.0	0.0	0	0	0	0	33	0	0	0	0	0	0	0	0	0	0	0	0	0	0	0	0	0	228	0	0	0	0	0	0	0	0	0	0	0	0	0	0	0	0	0	0	0	0	0	0	0	0	0	0	0	0	0	0	0	0.0	0.0	0.0	0.0	8.7e-5	0.0	0.0	0.0	0.0	0.0	0.0	0.0	0.0	1.0	0.0	0.0	0.0	0.0	
264	264	5099.226337282	1914.5	1914.5	0.00558	0.0	0	0	0	0	262	0	0	0	0	0.0	0.0	0.0	0.0	0.028244	0.0	0.0	0.0	0.0	0.0	0.0	0.0	0.0	4955.01	0.0	0.0	0.0	0.0	0.0	0.0	0.0	0.0	18.9123	0.0	0.0	0.0	0.0	0	0	0	0	33	0	0	0	0	0	0	0	0	0	0	0	0	0	0	0	0	0	229	0	0	0	0	0	0	0	0	0	0	0	0	0	0	0	0	0	0	0	0	0	0	0	0	0	0	0	0	0	0	0	0.0	0.0	0.0	0.0	7.9e-5	0.0	0.0	0.0	0.0	0.0	0.0	0.0	0.0	1.0	0.0	0.0	0.0	0.0	
265	265	5120.620057608	1914.5	1914.5	0.005511	0.0	0	0	0	0	263	0	0	0	0	0.0	0.0	0.0	0.0	0.02542	0.0	0.0	0.0	0.0	0.0	0.0	0.0	0.0	4976.41	0.0	0.0	0.0	0.0	0.0	0.0	0.0	0.0	18.9217	0.0	0.0	0.0	0.0	0	0	0	0	33	0	0	0	0	0	0	0	0	0	0	0	0	0	0	0	0	0	230	0	0	0	0	0	0	0	0	0	0	0	0	0	0	0	0	0	0	0	0	0	0	0	0	0	0	0	0	0	0	0	0.0	0.0	0.0	0.0	7.1e-5	0.0	0.0	0.0	0.0	0.0	0.0	0.0	0.0	1.0	0.0	0.0	0.0	0.0	
266	266	5128.252316425	1914.5	1914.5	0.005289	0.0	0	0	0	0	264	0	0	0	0	0.0	0.0	0.0	0.0	0.022878	0.0	0.0	0.0	0.0	0.0	0.0	0.0	0.0	4984.04	0.0	0.0	0.0	0.0	0.0	0.0	0.0	0.0	18.8789	0.0	0.0	0.0	0.0	0	0	0	0	33	0	0	0	0	0	0	0	0	0	0	0	0	0	0	0	0	0	231	0	0	0	0	0	0	0	0	0	0	0	0	0	0	0	0	0	0	0	0	0	0	0	0	0	0	0	0	0	0	0	0.0	0.0	0.0	0.0	6.4e-5	0.0	0.0	0.0	0.0	0.0	0.0	0.0	0.0	1.0	0.0	0.0	0.0	0.0	
267	267	5131.047046394	1914.5	1914.5	0.005212	0.0	0	0	0	0	265	0	0	0	0	0.0	0.0	0.0	0.0	0.02059	0.0	0.0	0.0	0.0	0.0	0.0	0.0	0.0	4986.83	0.0	0.0	0.0	0.0	0.0	0.0	0.0	0.0	18.8182	0.0	0.0	0.0	0.0	0	0	0	0	33	0	0	0	0	0	0	0	0	0	0	0	0	0	0	0	0	0	232	0	0	0	0	0	0	0	0	0	0	0	0	0	0	0	0	0	0	0	0	0	0	0	0	0	0	0	0	0	0	0	0.0	0.0	0.0	0.0	5.8e-5	0.0	0.0	0.0	0.0	0.0	0.0	0.0	0.0	1.0	0.0	0.0	0.0	0.0	
268	268	5155.760940853	1914.5	1914.5	0.005184	0.0	0	0	0	0	266	0	0	0	0	0.0	0.0	0.0	0.0	0.018531	0.0	0.0	0.0	0.0	0.0	0.0	0.0	0.0	5011.55	0.0	0.0	0.0	0.0	0.0	0.0	0.0	0.0	18.8404	0.0	0.0	0.0	0.0	0	0	0	0	33	0	0	0	0	0	0	0	0	0	0	0	0	0	0	0	0	0	233	0	0	0	0	0	0	0	0	0	0	0	0	0	0	0	0	0	0	0	0	0	0	0	0	0	0	0	0	0	0	0	0.0	0.0	0.0	0.0	5.2e-5	0.0	0.0	0.0	0.0	0.0	0.0	0.0	0.0	1.0	0.0	0.0	0.0	0.0	
269	269	5335.802053907	1914.5	1914.5	0.004943	0.0	0	0	0	0	267	0	0	0	0	0.0	0.0	0.0	0.0	0.016678	0.0	0.0	0.0	0.0	0.0	0.0	0.0	0.0	5191.59	0.0	0.0	0.0	0.0	0.0	0.0	0.0	0.0	19.4442	0.0	0.0	0.0	0.0	0	0	0	0	33	0	0	0	0	0	0	0	0	0	0	0	0	0	0	0	0	0	234	0	0	0	0	0	0	0	0	0	0	0	0	0	0	0	0	0	0	0	0	0	0	0	0	0	0	0	0	0	0	0	0.0	0.0	0.0	0.0	4.4e-5	0.0	0.0	0.0	0.0	0.0	0.0	0.0	0.0	1.0	0.0	0.0	0.0	0.0	
270	270	5342.609055817	1914.5	1914.5	0.003497	0.0	0	0	0	0	268	0	0	0	0	0.0	0.0	0.0	0.0	0.01501	0.0	0.0	0.0	0.0	0.0	0.0	0.0	0.0	5198.4	0.0	0.0	0.0	0.0	0.0	0.0	0.0	0.0	19.397	0.0	0.0	0.0	0.0	0	0	0	0	33	0	0	0	0	0	0	0	0	0	0	0	0	0	0	0	0	0	235	0	0	0	0	0	0	0	0	0	0	0	0	0	0	0	0	0	0	0	0	0	0	0	0	0	0	0	0	0	0	0	0.0	0.0	0.0	0.0	4.0e-5	0.0	0.0	0.0	0.0	0.0	0.0	0.0	0.0	1.0	0.0	0.0	0.0	0.0	
271	271	5356.595767032	1914.5	1914.5	0.003451	0.0	0	0	0	0	269	0	0	0	0	0.0	0.0	0.0	0.0	0.013509	0.0	0.0	0.0	0.0	0.0	0.0	0.0	0.0	5212.38	0.0	0.0	0.0	0.0	0.0	0.0	0.0	0.0	19.3769	0.0	0.0	0.0	0.0	0	0	0	0	33	0	0	0	0	0	0	0	0	0	0	0	0	0	0	0	0	0	236	0	0	0	0	0	0	0	0	0	0	0	0	0	0	0	0	0	0	0	0	0	0	0	0	0	0	0	0	0	0	0	0.0	0.0	0.0	0.0	3.6e-5	0.0	0.0	0.0	0.0	0.0	0.0	0.0	0.0	1.0	0.0	0.0	0.0	0.0	
272	272	5361.648486526	1914.5	1914.5	0.00336	0.0	0	0	0	0	270	0	0	0	0	0.0	0.0	0.0	0.0	0.012158	0.0	0.0	0.0	0.0	0.0	0.0	0.0	0.0	5217.44	0.0	0.0	0.0	0.0	0.0	0.0	0.0	0.0	19.3238	0.0	0.0	0.0	0.0	0	0	0	0	33	0	0	0	0	0	0	0	0	0	0	0	0	0	0	0	0	0	237	0	0	0	0	0	0	0	0	0	0	0	0	0	0	0	0	0	0	0	0	0	0	0	0	0	0	0	0	0	0	0	0.0	0.0	0.0	0.0	3.3e-5	0.0	0.0	0.0	0.0	0.0	0.0	0.0	0.0	1.0	0.0	0.0	0.0	0.0	
273	273	5383.838022938	1914.5	1914.5	0.003327	0.0	0	0	0	0	271	0	0	0	0	0.0	0.0	0.0	0.0	0.010942	0.0	0.0	0.0	0.0	0.0	0.0	0.0	0.0	5239.62	0.0	0.0	0.0	0.0	0.0	0.0	0.0	0.0	19.3344	0.0	0.0	0.0	0.0	0	0	0	0	33	0	0	0	0	0	0	0	0	0	0	0	0	0	0	0	0	0	238	0	0	0	0	0	0	0	0	0	0	0	0	0	0	0	0	0	0	0	0	0	0	0	0	0	0	0	0	0	0	0	0.0	0.0	0.0	0.0	2.9e-5	0.0	0.0	0.0	0.0	0.0	0.0	0.0	0.0	1.0	0.0	0.0	0.0	0.0	
274	274	5394.18314651	1914.5	1914.5	0.003188	0.0	0	0	0	0	272	0	0	0	0	0.0	0.0	0.0	0.0	0.009848	0.0	0.0	0.0	0.0	0.0	0.0	0.0	0.0	5249.97	0.0	0.0	0.0	0.0	0.0	0.0	0.0	0.0	19.3014	0.0	0.0	0.0	0.0	0	0	0	0	33	0	0	0	0	0	0	0	0	0	0	0	0	0	0	0	0	0	239	0	0	0	0	0	0	0	0	0	0	0	0	0	0	0	0	0	0	0	0	0	0	0	0	0	0	0	0	0	0	0	0.0	0.0	0.0	0.0	2.6e-5	0.0	0.0	0.0	0.0	0.0	0.0	0.0	0.0	1.0	0.0	0.0	0.0	0.0	
275	275	5492.547545555	1914.5	1914.5	0.003125	0.0	0	0	0	0	273	0	0	0	0	0.0	0.0	0.0	0.0	0.008863	0.0	0.0	0.0	0.0	0.0	0.0	0.0	0.0	5348.33	0.0	0.0	0.0	0.0	0.0	0.0	0.0	0.0	19.591	0.0	0.0	0.0	0.0	0	0	0	0	33	0	0	0	0	0	0	0	0	0	0	0	0	0	0	0	0	0	240	0	0	0	0	0	0	0	0	0	0	0	0	0	0	0	0	0	0	0	0	0	0	0	0	0	0	0	0	0	0	0	0.0	0.0	0.0	0.0	2.3e-5	0.0	0.0	0.0	0.0	0.0	0.0	0.0	0.0	1.0	0.0	0.0	0.0	0.0	
276	276	5504.570458695	1914.5	1914.5	0.002587	0.0	0	0	0	0	274	0	0	0	0	0.0	0.0	0.0	0.0	0.007977	0.0	0.0	0.0	0.0	0.0	0.0	0.0	0.0	5360.36	0.0	0.0	0.0	0.0	0.0	0.0	0.0	0.0	19.5633	0.0	0.0	0.0	0.0	0	0	0	0	33	0	0	0	0	0	0	0	0	0	0	0	0	0	0	0	0	0	241	0	0	0	0	0	0	0	0	0	0	0	0	0	0	0	0	0	0	0	0	0	0	0	0	0	0	0	0	0	0	0	0.0	0.0	0.0	0.0	2.1e-5	0.0	0.0	0.0	0.0	0.0	0.0	0.0	0.0	1.0	0.0	0.0	0.0	0.0	
277	277	5512.119557759	1914.5	1914.5	0.002528	0.0	0	0	0	0	275	0	0	0	0	0.0	0.0	0.0	0.0	0.007179	0.0	0.0	0.0	0.0	0.0	0.0	0.0	0.0	5367.91	0.0	0.0	0.0	0.0	0.0	0.0	0.0	0.0	19.5197	0.0	0.0	0.0	0.0	0	0	0	0	33	0	0	0	0	0	0	0	0	0	0	0	0	0	0	0	0	0	242	0	0	0	0	0	0	0	0	0	0	0	0	0	0	0	0	0	0	0	0	0	0	0	0	0	0	0	0	0	0	0	0.0	0.0	0.0	0.0	1.9e-5	0.0	0.0	0.0	0.0	0.0	0.0	0.0	0.0	1.0	0.0	0.0	0.0	0.0	
278	278	5526.108334072	1914.5	1914.5	0.002491	0.0	0	0	0	0	276	0	0	0	0	0.0	0.0	0.0	0.0	0.006461	0.0	0.0	0.0	0.0	0.0	0.0	0.0	0.0	5381.89	0.0	0.0	0.0	0.0	0.0	0.0	0.0	0.0	19.4996	0.0	0.0	0.0	0.0	0	0	0	0	33	0	0	0	0	0	0	0	0	0	0	0	0	0	0	0	0	0	243	0	0	0	0	0	0	0	0	0	0	0	0	0	0	0	0	0	0	0	0	0	0	0	0	0	0	0	0	0	0	0	0.0	0.0	0.0	0.0	1.7e-5	0.0	0.0	0.0	0.0	0.0	0.0	0.0	0.0	1.0	0.0	0.0	0.0	0.0	
279	279	5578.406966941	1914.5	1914.5	0.002425	0.0	0	0	0	0	277	0	0	0	0	0.0	0.0	0.0	0.0	0.005815	0.0	0.0	0.0	0.0	0.0	0.0	0.0	0.0	5434.19	0.0	0.0	0.0	0.0	0.0	0.0	0.0	0.0	19.618	0.0	0.0	0.0	0.0	0	0	0	0	33	0	0	0	0	0	0	0	0	0	0	0	0	0	0	0	0	0	244	0	0	0	0	0	0	0	0	0	0	0	0	0	0	0	0	0	0	0	0	0	0	0	0	0	0	0	0	0	0	0	0.0	0.0	0.0	0.0	1.5e-5	0.0	0.0	0.0	0.0	0.0	0.0	0.0	0.0	1.0	0.0	0.0	0.0	0.0	
280	280	5589.39775325	1914.5	1914.5	0.002193	0.0	0	0	0	0	278	0	0	0	0	0.0	0.0	0.0	0.0	0.005234	0.0	0.0	0.0	0.0	0.0	0.0	0.0	0.0	5445.18	0.0	0.0	0.0	0.0	0.0	0.0	0.0	0.0	19.587	0.0	0.0	0.0	0.0	0	0	0	0	33	0	0	0	0	0	0	0	0	0	0	0	0	0	0	0	0	0	245	0	0	0	0	0	0	0	0	0	0	0	0	0	0	0	0	0	0	0	0	0	0	0	0	0	0	0	0	0	0	0	0.0	0.0	0.0	0.0	1.4e-5	0.0	0.0	0.0	0.0	0.0	0.0	0.0	0.0	1.0	0.0	0.0	0.0	0.0	
281	281	5594.217991734	1904.2	1904.2	0.002147	0.0	0	0	0	0	279	0	0	0	0	0.0	0.0	0.0	0.0	0.10471	0.0	0.0	0.0	0.0	0.0	0.0	0.0	0.0	5450.0	0.0	0.0	0.0	0.0	0.0	0.0	0.0	0.0	19.5341	0.0	0.0	0.0	0.0	0	0	0	0	34	0	0	0	0	0	0	0	0	0	0	0	0	0	0	0	0	0	245	0	0	0	0	0	0	0	0	0	0	0	0	0	0	0	0	0	0	0	0	0	0	0	0	0	0	0	0	0	0	0	0.0	0.0	0.0	0.0	0.000274	0.0	0.0	0.0	0.0	0.0	0.0	0.0	0.0	1.0	0.0	0.0	0.0	0.0	
282	282	5597.164418485	1904.2	1904.2	0.002127	0.0	0	0	0	0	280	0	0	0	0	0.0	0.0	0.0	0.0	0.094239	0.0	0.0	0.0	0.0	0.0	0.0	0.0	0.0	5452.95	0.0	0.0	0.0	0.0	0.0	0.0	0.0	0.0	19.4748	0.0	0.0	0.0	0.0	0	0	0	0	34	0	0	0	0	0	0	0	0	0	0	0	0	0	0	0	0	0	246	0	0	0	0	0	0	0	0	0	0	0	0	0	0	0	0	0	0	0	0	0	0	0	0	0	0	0	0	0	0	0	0.0	0.0	0.0	0.0	0.000248	0.0	0.0	0.0	0.0	0.0	0.0	0.0	0.0	1.0	0.0	0.0	0.0	0.0	
283	283	5611.632875483	1904.2	1904.2	0.002115	0.0	0	0	0	0	281	0	0	0	0	0.0	0.0	0.0	0.0	0.084815	0.0	0.0	0.0	0.0	0.0	0.0	0.0	0.0	5467.42	0.0	0.0	0.0	0.0	0.0	0.0	0.0	0.0	19.457	0.0	0.0	0.0	0.0	0	0	0	0	34	0	0	0	0	0	0	0	0	0	0	0	0	0	0	0	0	0	247	0	0	0	0	0	0	0	0	0	0	0	0	0	0	0	0	0	0	0	0	0	0	0	0	0	0	0	0	0	0	0	0.0	0.0	0.0	0.0	0.000224	0.0	0.0	0.0	0.0	0.0	0.0	0.0	0.0	1.0	0.0	0.0	0.0	0.0	
284	284	5619.09666943	1904.2	1904.2	0.002057	0.0	0	0	0	0	282	0	0	0	0	0.0	0.0	0.0	0.0	0.076334	0.0	0.0	0.0	0.0	0.0	0.0	0.0	0.0	5474.88	0.0	0.0	0.0	0.0	0.0	0.0	0.0	0.0	19.4145	0.0	0.0	0.0	0.0	0	0	0	0	34	0	0	0	0	0	0	0	0	0	0	0	0	0	0	0	0	0	248	0	0	0	0	0	0	0	0	0	0	0	0	0	0	0	0	0	0	0	0	0	0	0	0	0	0	0	0	0	0	0	0.0	0.0	0.0	0.0	0.000203	0.0	0.0	0.0	0.0	0.0	0.0	0.0	0.0	1.0	0.0	0.0	0.0	0.0	
285	285	5624.48567222	1904.2	1904.2	0.002028	0.0	0	0	0	0	283	0	0	0	0	0.0	0.0	0.0	0.0	0.0687	0.0	0.0	0.0	0.0	0.0	0.0	0.0	0.0	5480.27	0.0	0.0	0.0	0.0	0.0	0.0	0.0	0.0	19.3649	0.0	0.0	0.0	0.0	0	0	0	0	34	0	0	0	0	0	0	0	0	0	0	0	0	0	0	0	0	0	249	0	0	0	0	0	0	0	0	0	0	0	0	0	0	0	0	0	0	0	0	0	0	0	0	0	0	0	0	0	0	0	0.0	0.0	0.0	0.0	0.000183	0.0	0.0	0.0	0.0	0.0	0.0	0.0	0.0	1.0	0.0	0.0	0.0	0.0	
286	286	5629.735238268	1904.2	1904.2	0.002007	0.0	0	0	0	0	284	0	0	0	0	0.0	0.0	0.0	0.0	0.06183	0.0	0.0	0.0	0.0	0.0	0.0	0.0	0.0	5485.52	0.0	0.0	0.0	0.0	0.0	0.0	0.0	0.0	19.3152	0.0	0.0	0.0	0.0	0	0	0	0	34	0	0	0	0	0	0	0	0	0	0	0	0	0	0	0	0	0	250	0	0	0	0	0	0	0	0	0	0	0	0	0	0	0	0	0	0	0	0	0	0	0	0	0	0	0	0	0	0	0	0.0	0.0	0.0	0.0	0.000166	0.0	0.0	0.0	0.0	0.0	0.0	0.0	0.0	1.0	0.0	0.0	0.0	0.0	
287	287	5638.507961849	1904.2	1904.2	0.001987	0.0	0	0	0	0	285	0	0	0	0	0.0	0.0	0.0	0.0	0.055647	0.0	0.0	0.0	0.0	0.0	0.0	0.0	0.0	5494.29	0.0	0.0	0.0	0.0	0.0	0.0	0.0	0.0	19.2782	0.0	0.0	0.0	0.0	0	0	0	0	34	0	0	0	0	0	0	0	0	0	0	0	0	0	0	0	0	0	251	0	0	0	0	0	0	0	0	0	0	0	0	0	0	0	0	0	0	0	0	0	0	0	0	0	0	0	0	0	0	0	0.0	0.0	0.0	0.0	0.00015	0.0	0.0	0.0	0.0	0.0	0.0	0.0	0.0	1.0	0.0	0.0	0.0	0.0	
288	288	5655.535257091	1904.2	1904.2	0.001954	0.0	0	0	0	0	286	0	0	0	0	0.0	0.0	0.0	0.0	0.050083	0.0	0.0	0.0	0.0	0.0	0.0	0.0	0.0	5511.32	0.0	0.0	0.0	0.0	0.0	0.0	0.0	0.0	19.2704	0.0	0.0	0.0	0.0	0	0	0	0	34	0	0	0	0	0	0	0	0	0	0	0	0	0	0	0	0	0	252	0	0	0	0	0	0	0	0	0	0	0	0	0	0	0	0	0	0	0	0	0	0	0	0	0	0	0	0	0	0	0	0.0	0.0	0.0	0.0	0.000135	0.0	0.0	0.0	0.0	0.0	0.0	0.0	0.0	1.0	0.0	0.0	0.0	0.0	
289	289	5687.882974857	1904.2	1904.2	0.001891	0.0	0	0	0	0	287	0	0	0	0	0.0	0.0	0.0	0.0	0.045074	0.0	0.0	0.0	0.0	0.0	0.0	0.0	0.0	5543.67	0.0	0.0	0.0	0.0	0.0	0.0	0.0	0.0	19.3159	0.0	0.0	0.0	0.0	0	0	0	0	34	0	0	0	0	0	0	0	0	0	0	0	0	0	0	0	0	0	253	0	0	0	0	0	0	0	0	0	0	0	0	0	0	0	0	0	0	0	0	0	0	0	0	0	0	0	0	0	0	0	0.0	0.0	0.0	0.0	0.000121	0.0	0.0	0.0	0.0	0.0	0.0	0.0	0.0	1.0	0.0	0.0	0.0	0.0	
290	290	5723.040543278	1904.2	1904.2	0.001777	0.0	0	0	0	0	288	0	0	0	0	0.0	0.0	0.0	0.0	0.040567	0.0	0.0	0.0	0.0	0.0	0.0	0.0	0.0	5578.83	0.0	0.0	0.0	0.0	0.0	0.0	0.0	0.0	19.3709	0.0	0.0	0.0	0.0	0	0	0	0	34	0	0	0	0	0	0	0	0	0	0	0	0	0	0	0	0	0	254	0	0	0	0	0	0	0	0	0	0	0	0	0	0	0	0	0	0	0	0	0	0	0	0	0	0	0	0	0	0	0	0.0	0.0	0.0	0.0	0.000108	0.0	0.0	0.0	0.0	0.0	0.0	0.0	0.0	1.0	0.0	0.0	0.0	0.0	
291	291	5729.269291891	1904.2	1904.2	0.00166	0.0	0	0	0	0	289	0	0	0	0	0.0	0.0	0.0	0.0	0.03651	0.0	0.0	0.0	0.0	0.0	0.0	0.0	0.0	5585.06	0.0	0.0	0.0	0.0	0.0	0.0	0.0	0.0	19.3255	0.0	0.0	0.0	0.0	0	0	0	0	34	0	0	0	0	0	0	0	0	0	0	0	0	0	0	0	0	0	255	0	0	0	0	0	0	0	0	0	0	0	0	0	0	0	0	0	0	0	0	0	0	0	0	0	0	0	0	0	0	0	0.0	0.0	0.0	0.0	9.8e-5	0.0	0.0	0.0	0.0	0.0	0.0	0.0	0.0	1.0	0.0	0.0	0.0	0.0	
292	292	5835.712912349	1904.2	1904.2	0.001641	0.0	0	0	0	0	290	0	0	0	0	0.0	0.0	0.0	0.0	0.032859	0.0	0.0	0.0	0.0	0.0	0.0	0.0	0.0	5691.5	0.0	0.0	0.0	0.0	0.0	0.0	0.0	0.0	19.6259	0.0	0.0	0.0	0.0	0	0	0	0	34	0	0	0	0	0	0	0	0	0	0	0	0	0	0	0	0	0	256	0	0	0	0	0	0	0	0	0	0	0	0	0	0	0	0	0	0	0	0	0	0	0	0	0	0	0	0	0	0	0	0.0	0.0	0.0	0.0	8.5e-5	0.0	0.0	0.0	0.0	0.0	0.0	0.0	0.0	1.0	0.0	0.0	0.0	0.0	
293	293	6015.787036373	1904.2	1904.2	0.001337	0.0	0	0	0	0	291	0	0	0	0	0.0	0.0	0.0	0.0	0.029573	0.0	0.0	0.0	0.0	0.0	0.0	0.0	0.0	5871.57	0.0	0.0	0.0	0.0	0.0	0.0	0.0	0.0	20.1772	0.0	0.0	0.0	0.0	0	0	0	0	34	0	0	0	0	0	0	0	0	0	0	0	0	0	0	0	0	0	257	0	0	0	0	0	0	0	0	0	0	0	0	0	0	0	0	0	0	0	0	0	0	0	0	0	0	0	0	0	0	0	0.0	0.0	0.0	0.0	7.3e-5	0.0	0.0	0.0	0.0	0.0	0.0	0.0	0.0	1.0	0.0	0.0	0.0	0.0	
294	294	6019.625873375	1904.2	1904.2	0.000946	0.0	0	0	0	0	292	0	0	0	0	0.0	0.0	0.0	0.0	0.026616	0.0	0.0	0.0	0.0	0.0	0.0	0.0	0.0	5875.41	0.0	0.0	0.0	0.0	0.0	0.0	0.0	0.0	20.1213	0.0	0.0	0.0	0.0	0	0	0	0	34	0	0	0	0	0	0	0	0	0	0	0	0	0	0	0	0	0	258	0	0	0	0	0	0	0	0	0	0	0	0	0	0	0	0	0	0	0	0	0	0	0	0	0	0	0	0	0	0	0	0.0	0.0	0.0	0.0	6.6e-5	0.0	0.0	0.0	0.0	0.0	0.0	0.0	0.0	1.0	0.0	0.0	0.0	0.0	
295	295	6028.212207319	1904.2	1904.2	0.000939	0.0	0	0	0	0	293	0	0	0	0	0.0	0.0	0.0	0.0	0.023954	0.0	0.0	0.0	0.0	0.0	0.0	0.0	0.0	5884.0	0.0	0.0	0.0	0.0	0.0	0.0	0.0	0.0	20.0819	0.0	0.0	0.0	0.0	0	0	0	0	34	0	0	0	0	0	0	0	0	0	0	0	0	0	0	0	0	0	259	0	0	0	0	0	0	0	0	0	0	0	0	0	0	0	0	0	0	0	0	0	0	0	0	0	0	0	0	0	0	0	0.0	0.0	0.0	0.0	5.9e-5	0.0	0.0	0.0	0.0	0.0	0.0	0.0	0.0	1.0	0.0	0.0	0.0	0.0	
296	296	6034.195761402	1904.2	1904.2	0.000923	0.0	0	0	0	0	294	0	0	0	0	0.0	0.0	0.0	0.0	0.021559	0.0	0.0	0.0	0.0	0.0	0.0	0.0	0.0	5889.98	0.0	0.0	0.0	0.0	0.0	0.0	0.0	0.0	20.034	0.0	0.0	0.0	0.0	0	0	0	0	34	0	0	0	0	0	0	0	0	0	0	0	0	0	0	0	0	0	260	0	0	0	0	0	0	0	0	0	0	0	0	0	0	0	0	0	0	0	0	0	0	0	0	0	0	0	0	0	0	0	0.0	0.0	0.0	0.0	5.4e-5	0.0	0.0	0.0	0.0	0.0	0.0	0.0	0.0	1.0	0.0	0.0	0.0	0.0	
297	297	6041.327828374	1904.2	1904.2	0.000913	0.0	0	0	0	0	295	0	0	0	0	0.0	0.0	0.0	0.0	0.019403	0.0	0.0	0.0	0.0	0.0	0.0	0.0	0.0	5897.11	0.0	0.0	0.0	0.0	0.0	0.0	0.0	0.0	19.9902	0.0	0.0	0.0	0.0	0	0	0	0	34	0	0	0	0	0	0	0	0	0	0	0	0	0	0	0	0	0	261	0	0	0	0	0	0	0	0	0	0	0	0	0	0	0	0	0	0	0	0	0	0	0	0	0	0	0	0	0	0	0	0.0	0.0	0.0	0.0	4.9e-5	0.0	0.0	0.0	0.0	0.0	0.0	0.0	0.0	1.0	0.0	0.0	0.0	0.0	
298	298	6060.589615789	1904.2	1904.2	0.0009	0.0	0	0	0	0	296	0	0	0	0	0.0	0.0	0.0	0.0	0.017463	0.0	0.0	0.0	0.0	0.0	0.0	0.0	0.0	5916.38	0.0	0.0	0.0	0.0	0.0	0.0	0.0	0.0	19.9878	0.0	0.0	0.0	0.0	0	0	0	0	34	0	0	0	0	0	0	0	0	0	0	0	0	0	0	0	0	0	262	0	0	0	0	0	0	0	0	0	0	0	0	0	0	0	0	0	0	0	0	0	0	0	0	0	0	0	0	0	0	0	0.0	0.0	0.0	0.0	4.4e-5	0.0	0.0	0.0	0.0	0.0	0.0	0.0	0.0	1.0	0.0	0.0	0.0	0.0	
299	299	6074.364060974	1904.2	1904.2	0.000868	0.0	0	0	0	0	297	0	0	0	0	0.0	0.0	0.0	0.0	0.015717	0.0	0.0	0.0	0.0	0.0	0.0	0.0	0.0	5930.15	0.0	0.0	0.0	0.0	0.0	0.0	0.0	0.0	19.9668	0.0	0.0	0.0	0.0	0	0	0	0	34	0	0	0	0	0	0	0	0	0	0	0	0	0	0	0	0	0	263	0	0	0	0	0	0	0	0	0	0	0	0	0	0	0	0	0	0	0	0	0	0	0	0	0	0	0	0	0	0	0	0.0	0.0	0.0	0.0	3.9e-5	0.0	0.0	0.0	0.0	0.0	0.0	0.0	0.0	1.0	0.0	0.0	0.0	0.0	
300	300	6076.685554394	1904.2	1904.2	0.000845	0.0	0	0	0	0	298	0	0	0	0	0.0	0.0	0.0	0.0	0.014145	0.0	0.0	0.0	0.0	0.0	0.0	0.0	0.0	5932.47	0.0	0.0	0.0	0.0	0.0	0.0	0.0	0.0	19.9076	0.0	0.0	0.0	0.0	0	0	0	0	34	0	0	0	0	0	0	0	0	0	0	0	0	0	0	0	0	0	264	0	0	0	0	0	0	0	0	0	0	0	0	0	0	0	0	0	0	0	0	0	0	0	0	0	0	0	0	0	0	0	0.0	0.0	0.0	0.0	3.6e-5	0.0	0.0	0.0	0.0	0.0	0.0	0.0	0.0	1.0	0.0	0.0	0.0	0.0	
301	301	6089.245214258	1904.2	1904.2	0.000841	0.0	0	0	0	0	299	0	0	0	0	0.0	0.0	0.0	0.0	0.01273	0.0	0.0	0.0	0.0	0.0	0.0	0.0	0.0	5945.03	0.0	0.0	0.0	0.0	0.0	0.0	0.0	0.0	19.883	0.0	0.0	0.0	0.0	0	0	0	0	34	0	0	0	0	0	0	0	0	0	0	0	0	0	0	0	0	0	265	0	0	0	0	0	0	0	0	0	0	0	0	0	0	0	0	0	0	0	0	0	0	0	0	0	0	0	0	0	0	0	0.0	0.0	0.0	0.0	3.2e-5	0.0	0.0	0.0	0.0	0.0	0.0	0.0	0.0	1.0	0.0	0.0	0.0	0.0	
302	302	6101.854405352	1904.2	1904.2	0.000821	0.0	0	0	0	0	300	0	0	0	0	0.0	0.0	0.0	0.0	0.011457	0.0	0.0	0.0	0.0	0.0	0.0	0.0	0.0	5957.64	0.0	0.0	0.0	0.0	0.0	0.0	0.0	0.0	19.8588	0.0	0.0	0.0	0.0	0	0	0	0	34	0	0	0	0	0	0	0	0	0	0	0	0	0	0	0	0	0	266	0	0	0	0	0	0	0	0	0	0	0	0	0	0	0	0	0	0	0	0	0	0	0	0	0	0	0	0	0	0	0	0.0	0.0	0.0	0.0	2.9e-5	0.0	0.0	0.0	0.0	0.0	0.0	0.0	0.0	1.0	0.0	0.0	0.0	0.0	
303	303	6104.487558527	1904.2	1904.2	0.000801	0.0	0	0	0	0	301	0	0	0	0	0.0	0.0	0.0	0.0	0.010312	0.0	0.0	0.0	0.0	0.0	0.0	0.0	0.0	5960.27	0.0	0.0	0.0	0.0	0.0	0.0	0.0	0.0	19.8016	0.0	0.0	0.0	0.0	0	0	0	0	34	0	0	0	0	0	0	0	0	0	0	0	0	0	0	0	0	0	267	0	0	0	0	0	0	0	0	0	0	0	0	0	0	0	0	0	0	0	0	0	0	0	0	0	0	0	0	0	0	0	0.0	0.0	0.0	0.0	2.6e-5	0.0	0.0	0.0	0.0	0.0	0.0	0.0	0.0	1.0	0.0	0.0	0.0	0.0	
304	304	6151.103262049	1904.2	1904.2	0.000797	0.0	0	0	0	0	302	0	0	0	0	0.0	0.0	0.0	0.0	0.00928	0.0	0.0	0.0	0.0	0.0	0.0	0.0	0.0	6006.89	0.0	0.0	0.0	0.0	0.0	0.0	0.0	0.0	19.8904	0.0	0.0	0.0	0.0	0	0	0	0	34	0	0	0	0	0	0	0	0	0	0	0	0	0	0	0	0	0	268	0	0	0	0	0	0	0	0	0	0	0	0	0	0	0	0	0	0	0	0	0	0	0	0	0	0	0	0	0	0	0	0.0	0.0	0.0	0.0	2.3e-5	0.0	0.0	0.0	0.0	0.0	0.0	0.0	0.0	1.0	0.0	0.0	0.0	0.0	
305	305	6161.759083293	1904.2	1904.2	0.000729	0.0	0	0	0	0	303	0	0	0	0	0.0	0.0	0.0	0.0	0.008352	0.0	0.0	0.0	0.0	0.0	0.0	0.0	0.0	6017.54	0.0	0.0	0.0	0.0	0.0	0.0	0.0	0.0	19.8599	0.0	0.0	0.0	0.0	0	0	0	0	34	0	0	0	0	0	0	0	0	0	0	0	0	0	0	0	0	0	269	0	0	0	0	0	0	0	0	0	0	0	0	0	0	0	0	0	0	0	0	0	0	0	0	0	0	0	0	0	0	0	0.0	0.0	0.0	0.0	2.1e-5	0.0	0.0	0.0	0.0	0.0	0.0	0.0	0.0	1.0	0.0	0.0	0.0	0.0	
306	306	6194.369171544	1904.2	1904.2	0.000714	0.0	0	0	0	0	304	0	0	0	0	0.0	0.0	0.0	0.0	0.007517	0.0	0.0	0.0	0.0	0.0	0.0	0.0	0.0	6050.15	0.0	0.0	0.0	0.0	0.0	0.0	0.0	0.0	19.9018	0.0	0.0	0.0	0.0	0	0	0	0	34	0	0	0	0	0	0	0	0	0	0	0	0	0	0	0	0	0	270	0	0	0	0	0	0	0	0	0	0	0	0	0	0	0	0	0	0	0	0	0	0	0	0	0	0	0	0	0	0	0	0.0	0.0	0.0	0.0	1.9e-5	0.0	0.0	0.0	0.0	0.0	0.0	0.0	0.0	1.0	0.0	0.0	0.0	0.0	
307	307	6201.952239846	1904.2	1904.2	0.000671	0.0	0	0	0	0	305	0	0	0	0	0.0	0.0	0.0	0.0	0.006765	0.0	0.0	0.0	0.0	0.0	0.0	0.0	0.0	6057.74	0.0	0.0	0.0	0.0	0.0	0.0	0.0	0.0	19.8614	0.0	0.0	0.0	0.0	0	0	0	0	34	0	0	0	0	0	0	0	0	0	0	0	0	0	0	0	0	0	271	0	0	0	0	0	0	0	0	0	0	0	0	0	0	0	0	0	0	0	0	0	0	0	0	0	0	0	0	0	0	0	0.0	0.0	0.0	0.0	1.7e-5	0.0	0.0	0.0	0.0	0.0	0.0	0.0	0.0	1.0	0.0	0.0	0.0	0.0	
308	308	6209.402679917	1904.2	1904.2	0.000661	0.0	0	0	0	0	306	0	0	0	0	0.0	0.0	0.0	0.0	0.006089	0.0	0.0	0.0	0.0	0.0	0.0	0.0	0.0	6065.19	0.0	0.0	0.0	0.0	0.0	0.0	0.0	0.0	19.8209	0.0	0.0	0.0	0.0	0	0	0	0	34	0	0	0	0	0	0	0	0	0	0	0	0	0	0	0	0	0	272	0	0	0	0	0	0	0	0	0	0	0	0	0	0	0	0	0	0	0	0	0	0	0	0	0	0	0	0	0	0	0	0.0	0.0	0.0	0.0	1.5e-5	0.0	0.0	0.0	0.0	0.0	0.0	0.0	0.0	1.0	0.0	0.0	0.0	0.0	
309	309	6226.245140075	1904.2	1904.2	0.000652	0.0	0	0	0	0	307	0	0	0	0	0.0	0.0	0.0	0.0	0.00548	0.0	0.0	0.0	0.0	0.0	0.0	0.0	0.0	6082.03	0.0	0.0	0.0	0.0	0.0	0.0	0.0	0.0	19.8112	0.0	0.0	0.0	0.0	0	0	0	0	34	0	0	0	0	0	0	0	0	0	0	0	0	0	0	0	0	0	273	0	0	0	0	0	0	0	0	0	0	0	0	0	0	0	0	0	0	0	0	0	0	0	0	0	0	0	0	0	0	0	0.0	0.0	0.0	0.0	1.4e-5	0.0	0.0	0.0	0.0	0.0	0.0	0.0	0.0	1.0	0.0	0.0	0.0	0.0	
310	310	6335.361904479	1904.2	1904.2	0.000631	0.0	0	0	0	0	308	0	0	0	0	0.0	0.0	0.0	0.0	0.004932	0.0	0.0	0.0	0.0	0.0	0.0	0.0	0.0	6191.15	0.0	0.0	0.0	0.0	0.0	0.0	0.0	0.0	20.1011	0.0	0.0	0.0	0.0	0	0	0	0	34	0	0	0	0	0	0	0	0	0	0	0	0	0	0	0	0	0	274	0	0	0	0	0	0	0	0	0	0	0	0	0	0	0	0	0	0	0	0	0	0	0	0	0	0	0	0	0	0	0	0.0	0.0	0.0	0.0	1.2e-5	0.0	0.0	0.0	0.0	0.0	0.0	0.0	0.0	1.0	0.0	0.0	0.0	0.0	
311	311	6345.785219913	1904.2	1904.2	0.000511	0.0	0	0	0	0	309	0	0	0	0	0.0	0.0	0.0	0.0	0.004439	0.0	0.0	0.0	0.0	0.0	0.0	0.0	0.0	6201.57	0.0	0.0	0.0	0.0	0.0	0.0	0.0	0.0	20.0698	0.0	0.0	0.0	0.0	0	0	0	0	34	0	0	0	0	0	0	0	0	0	0	0	0	0	0	0	0	0	275	0	0	0	0	0	0	0	0	0	0	0	0	0	0	0	0	0	0	0	0	0	0	0	0	0	0	0	0	0	0	0	0.0	0.0	0.0	0.0	1.1e-5	0.0	0.0	0.0	0.0	0.0	0.0	0.0	0.0	1.0	0.0	0.0	0.0	0.0	
312	312	6356.890584855	1904.2	1904.2	0.000501	0.0	0	0	0	0	310	0	0	0	0	0.0	0.0	0.0	0.0	0.003995	0.0	0.0	0.0	0.0	0.0	0.0	0.0	0.0	6212.68	0.0	0.0	0.0	0.0	0.0	0.0	0.0	0.0	20.0409	0.0	0.0	0.0	0.0	0	0	0	0	34	0	0	0	0	0	0	0	0	0	0	0	0	0	0	0	0	0	276	0	0	0	0	0	0	0	0	0	0	0	0	0	0	0	0	0	0	0	0	0	0	0	0	0	0	0	0	0	0	0	0.0	0.0	0.0	0.0	1.0e-5	0.0	0.0	0.0	0.0	0.0	0.0	0.0	0.0	1.0	0.0	0.0	0.0	0.0	
313	313	6375.124671464	1904.2	1904.2	0.000491	0.0	0	0	0	0	311	0	0	0	0	0.0	0.0	0.0	0.0	0.003595	0.0	0.0	0.0	0.0	0.0	0.0	0.0	0.0	6230.91	0.0	0.0	0.0	0.0	0.0	0.0	0.0	0.0	20.0351	0.0	0.0	0.0	0.0	0	0	0	0	34	0	0	0	0	0	0	0	0	0	0	0	0	0	0	0	0	0	277	0	0	0	0	0	0	0	0	0	0	0	0	0	0	0	0	0	0	0	0	0	0	0	0	0	0	0	0	0	0	0	0.0	0.0	0.0	0.0	9.0e-6	0.0	0.0	0.0	0.0	0.0	0.0	0.0	0.0	1.0	0.0	0.0	0.0	0.0	
314	314	6384.359188479	1904.2	1904.2	0.000474	0.0	0	0	0	0	312	0	0	0	0	0.0	0.0	0.0	0.0	0.003236	0.0	0.0	0.0	0.0	0.0	0.0	0.0	0.0	6240.14	0.0	0.0	0.0	0.0	0.0	0.0	0.0	0.0	20.0005	0.0	0.0	0.0	0.0	0	0	0	0	34	0	0	0	0	0	0	0	0	0	0	0	0	0	0	0	0	0	278	0	0	0	0	0	0	0	0	0	0	0	0	0	0	0	0	0	0	0	0	0	0	0	0	0	0	0	0	0	0	0	0.0	0.0	0.0	0.0	8.0e-6	0.0	0.0	0.0	0.0	0.0	0.0	0.0	0.0	1.0	0.0	0.0	0.0	0.0	
315	315	6392.397131313	1904.2	1904.2	0.000465	0.0	0	0	0	0	313	0	0	0	0	0.0	0.0	0.0	0.0	0.002912	0.0	0.0	0.0	0.0	0.0	0.0	0.0	0.0	6248.18	0.0	0.0	0.0	0.0	0.0	0.0	0.0	0.0	19.9622	0.0	0.0	0.0	0.0	0	0	0	0	34	0	0	0	0	0	0	0	0	0	0	0	0	0	0	0	0	0	279	0	0	0	0	0	0	0	0	0	0	0	0	0	0	0	0	0	0	0	0	0	0	0	0	0	0	0	0	0	0	0	0.0	0.0	0.0	0.0	7.0e-6	0.0	0.0	0.0	0.0	0.0	0.0	0.0	0.0	1.0	0.0	0.0	0.0	0.0	
316	316	6410.393923036	1904.2	1904.2	0.000458	0.0	0	0	0	0	314	0	0	0	0	0.0	0.0	0.0	0.0	0.002621	0.0	0.0	0.0	0.0	0.0	0.0	0.0	0.0	6266.18	0.0	0.0	0.0	0.0	0.0	0.0	0.0	0.0	19.956	0.0	0.0	0.0	0.0	0	0	0	0	34	0	0	0	0	0	0	0	0	0	0	0	0	0	0	0	0	0	280	0	0	0	0	0	0	0	0	0	0	0	0	0	0	0	0	0	0	0	0	0	0	0	0	0	0	0	0	0	0	0	0.0	0.0	0.0	0.0	7.0e-6	0.0	0.0	0.0	0.0	0.0	0.0	0.0	0.0	1.0	0.0	0.0	0.0	0.0	
317	317	6412.843649263	1904.2	1904.2	0.000443	0.0	0	0	0	0	315	0	0	0	0	0.0	0.0	0.0	0.0	0.002359	0.0	0.0	0.0	0.0	0.0	0.0	0.0	0.0	6268.63	0.0	0.0	0.0	0.0	0.0	0.0	0.0	0.0	19.9004	0.0	0.0	0.0	0.0	0	0	0	0	34	0	0	0	0	0	0	0	0	0	0	0	0	0	0	0	0	0	281	0	0	0	0	0	0	0	0	0	0	0	0	0	0	0	0	0	0	0	0	0	0	0	0	0	0	0	0	0	0	0	0.0	0.0	0.0	0.0	6.0e-6	0.0	0.0	0.0	0.0	0.0	0.0	0.0	0.0	1.0	0.0	0.0	0.0	0.0	
318	318	6426.905407727	1904.2	1904.2	0.000441	0.0	0	0	0	0	316	0	0	0	0	0.0	0.0	0.0	0.0	0.002123	0.0	0.0	0.0	0.0	0.0	0.0	0.0	0.0	6282.69	0.0	0.0	0.0	0.0	0.0	0.0	0.0	0.0	19.8819	0.0	0.0	0.0	0.0	0	0	0	0	34	0	0	0	0	0	0	0	0	0	0	0	0	0	0	0	0	0	282	0	0	0	0	0	0	0	0	0	0	0	0	0	0	0	0	0	0	0	0	0	0	0	0	0	0	0	0	0	0	0	0.0	0.0	0.0	0.0	5.0e-6	0.0	0.0	0.0	0.0	0.0	0.0	0.0	0.0	1.0	0.0	0.0	0.0	0.0	
319	319	6435.033845526	1904.2	1904.2	0.000429	0.0	0	0	0	0	317	0	0	0	0	0.0	0.0	0.0	0.0	0.001911	0.0	0.0	0.0	0.0	0.0	0.0	0.0	0.0	6290.82	0.0	0.0	0.0	0.0	0.0	0.0	0.0	0.0	19.8449	0.0	0.0	0.0	0.0	0	0	0	0	34	0	0	0	0	0	0	0	0	0	0	0	0	0	0	0	0	0	283	0	0	0	0	0	0	0	0	0	0	0	0	0	0	0	0	0	0	0	0	0	0	0	0	0	0	0	0	0	0	0	0.0	0.0	0.0	0.0	5.0e-6	0.0	0.0	0.0	0.0	0.0	0.0	0.0	0.0	1.0	0.0	0.0	0.0	0.0	
320	320	6450.915551845	1904.2	1904.2	0.000422	0.0	0	0	0	0	318	0	0	0	0	0.0	0.0	0.0	0.0	0.00172	0.0	0.0	0.0	0.0	0.0	0.0	0.0	0.0	6306.7	0.0	0.0	0.0	0.0	0.0	0.0	0.0	0.0	19.8324	0.0	0.0	0.0	0.0	0	0	0	0	34	0	0	0	0	0	0	0	0	0	0	0	0	0	0	0	0	0	284	0	0	0	0	0	0	0	0	0	0	0	0	0	0	0	0	0	0	0	0	0	0	0	0	0	0	0	0	0	0	0	0.0	0.0	0.0	0.0	4.0e-6	0.0	0.0	0.0	0.0	0.0	0.0	0.0	0.0	1.0	0.0	0.0	0.0	0.0	
321	321	6455.44010627	1904.2	1904.2	0.00041	0.0	0	0	0	0	319	0	0	0	0	0.0	0.0	0.0	0.0	0.001548	0.0	0.0	0.0	0.0	0.0	0.0	0.0	0.0	6311.23	0.0	0.0	0.0	0.0	0.0	0.0	0.0	0.0	19.7844	0.0	0.0	0.0	0.0	0	0	0	0	34	0	0	0	0	0	0	0	0	0	0	0	0	0	0	0	0	0	285	0	0	0	0	0	0	0	0	0	0	0	0	0	0	0	0	0	0	0	0	0	0	0	0	0	0	0	0	0	0	0	0.0	0.0	0.0	0.0	4.0e-6	0.0	0.0	0.0	0.0	0.0	0.0	0.0	0.0	1.0	0.0	0.0	0.0	0.0	
322	322	6502.233744878	1904.2	1904.2	0.000406	0.0	0	0	0	0	320	0	0	0	0	0.0	0.0	0.0	0.0	0.001393	0.0	0.0	0.0	0.0	0.0	0.0	0.0	0.0	6358.02	0.0	0.0	0.0	0.0	0.0	0.0	0.0	0.0	19.8688	0.0	0.0	0.0	0.0	0	0	0	0	34	0	0	0	0	0	0	0	0	0	0	0	0	0	0	0	0	0	286	0	0	0	0	0	0	0	0	0	0	0	0	0	0	0	0	0	0	0	0	0	0	0	0	0	0	0	0	0	0	0	0.0	0.0	0.0	0.0	4.0e-6	0.0	0.0	0.0	0.0	0.0	0.0	0.0	0.0	1.0	0.0	0.0	0.0	0.0	
323	323	6602.235728875	1904.2	1904.2	0.000371	0.0	0	0	0	0	321	0	0	0	0	0.0	0.0	0.0	0.0	0.001254	0.0	0.0	0.0	0.0	0.0	0.0	0.0	0.0	6458.02	0.0	0.0	0.0	0.0	0.0	0.0	0.0	0.0	20.1184	0.0	0.0	0.0	0.0	0	0	0	0	34	0	0	0	0	0	0	0	0	0	0	0	0	0	0	0	0	0	287	0	0	0	0	0	0	0	0	0	0	0	0	0	0	0	0	0	0	0	0	0	0	0	0	0	0	0	0	0	0	0	0.0	0.0	0.0	0.0	3.0e-6	0.0	0.0	0.0	0.0	0.0	0.0	0.0	0.0	1.0	0.0	0.0	0.0	0.0	
324	324	6609.151849236	1904.2	1904.2	0.000306	0.0	0	0	0	0	322	0	0	0	0	0.0	0.0	0.0	0.0	0.001128	0.0	0.0	0.0	0.0	0.0	0.0	0.0	0.0	6464.94	0.0	0.0	0.0	0.0	0.0	0.0	0.0	0.0	20.0774	0.0	0.0	0.0	0.0	0	0	0	0	34	0	0	0	0	0	0	0	0	0	0	0	0	0	0	0	0	0	288	0	0	0	0	0	0	0	0	0	0	0	0	0	0	0	0	0	0	0	0	0	0	0	0	0	0	0	0	0	0	0	0.0	0.0	0.0	0.0	3.0e-6	0.0	0.0	0.0	0.0	0.0	0.0	0.0	0.0	1.0	0.0	0.0	0.0	0.0	
325	325	6613.746454341	1904.2	1904.2	0.000302	0.0	0	0	0	0	323	0	0	0	0	0.0	0.0	0.0	0.0	0.001015	0.0	0.0	0.0	0.0	0.0	0.0	0.0	0.0	6469.53	0.0	0.0	0.0	0.0	0.0	0.0	0.0	0.0	20.0295	0.0	0.0	0.0	0.0	0	0	0	0	34	0	0	0	0	0	0	0	0	0	0	0	0	0	0	0	0	0	289	0	0	0	0	0	0	0	0	0	0	0	0	0	0	0	0	0	0	0	0	0	0	0	0	0	0	0	0	0	0	0	0.0	0.0	0.0	0.0	3.0e-6	0.0	0.0	0.0	0.0	0.0	0.0	0.0	0.0	1.0	0.0	0.0	0.0	0.0	
326	326	6621.964175911	1904.2	1904.2	0.000299	0.0	0	0	0	0	324	0	0	0	0	0.0	0.0	0.0	0.0	0.000914	0.0	0.0	0.0	0.0	0.0	0.0	0.0	0.0	6477.75	0.0	0.0	0.0	0.0	0.0	0.0	0.0	0.0	19.9931	0.0	0.0	0.0	0.0	0	0	0	0	34	0	0	0	0	0	0	0	0	0	0	0	0	0	0	0	0	0	290	0	0	0	0	0	0	0	0	0	0	0	0	0	0	0	0	0	0	0	0	0	0	0	0	0	0	0	0	0	0	0	0.0	0.0	0.0	0.0	2.0e-6	0.0	0.0	0.0	0.0	0.0	0.0	0.0	0.0	1.0	0.0	0.0	0.0	0.0	
327	327	6628.310899791	1904.2	1904.2	0.000295	0.0	0	0	0	0	325	0	0	0	0	0.0	0.0	0.0	0.0	0.000823	0.0	0.0	0.0	0.0	0.0	0.0	0.0	0.0	6484.1	0.0	0.0	0.0	0.0	0.0	0.0	0.0	0.0	19.9511	0.0	0.0	0.0	0.0	0	0	0	0	34	0	0	0	0	0	0	0	0	0	0	0	0	0	0	0	0	0	291	0	0	0	0	0	0	0	0	0	0	0	0	0	0	0	0	0	0	0	0	0	0	0	0	0	0	0	0	0	0	0	0.0	0.0	0.0	0.0	2.0e-6	0.0	0.0	0.0	0.0	0.0	0.0	0.0	0.0	1.0	0.0	0.0	0.0	0.0	
328	328	6631.221462902	1904.2	1904.2	0.000291	0.0	0	0	0	0	326	0	0	0	0	0.0	0.0	0.0	0.0	0.00074	0.0	0.0	0.0	0.0	0.0	0.0	0.0	0.0	6487.01	0.0	0.0	0.0	0.0	0.0	0.0	0.0	0.0	19.8988	0.0	0.0	0.0	0.0	0	0	0	0	34	0	0	0	0	0	0	0	0	0	0	0	0	0	0	0	0	0	292	0	0	0	0	0	0	0	0	0	0	0	0	0	0	0	0	0	0	0	0	0	0	0	0	0	0	0	0	0	0	0	0.0	0.0	0.0	0.0	2.0e-6	0.0	0.0	0.0	0.0	0.0	0.0	0.0	0.0	1.0	0.0	0.0	0.0	0.0	
329	329	6785.987494388	1904.2	1904.2	0.00029	0.0	0	0	0	0	327	0	0	0	0	0.0	0.0	0.0	0.0	0.000666	0.0	0.0	0.0	0.0	0.0	0.0	0.0	0.0	6641.77	0.0	0.0	0.0	0.0	0.0	0.0	0.0	0.0	20.3112	0.0	0.0	0.0	0.0	0	0	0	0	34	0	0	0	0	0	0	0	0	0	0	0	0	0	0	0	0	0	293	0	0	0	0	0	0	0	0	0	0	0	0	0	0	0	0	0	0	0	0	0	0	0	0	0	0	0	0	0	0	0	0.0	0.0	0.0	0.0	2.0e-6	0.0	0.0	0.0	0.0	0.0	0.0	0.0	0.0	1.0	0.0	0.0	0.0	0.0	
330	330	6828.71879829	1904.2	1904.2	0.000215	0.0	0	0	0	0	328	0	0	0	0	0.0	0.0	0.0	0.0	0.0006	0.0	0.0	0.0	0.0	0.0	0.0	0.0	0.0	6684.5	0.0	0.0	0.0	0.0	0.0	0.0	0.0	0.0	20.3796	0.0	0.0	0.0	0.0	0	0	0	0	34	0	0	0	0	0	0	0	0	0	0	0	0	0	0	0	0	0	294	0	0	0	0	0	0	0	0	0	0	0	0	0	0	0	0	0	0	0	0	0	0	0	0	0	0	0	0	0	0	0	0.0	0.0	0.0	0.0	1.0e-6	0.0	0.0	0.0	0.0	0.0	0.0	0.0	0.0	1.0	0.0	0.0	0.0	0.0	
331	331	6832.290470211	1904.2	1904.2	0.000198	0.0	0	0	0	0	329	0	0	0	0	0.0	0.0	0.0	0.0	0.00054	0.0	0.0	0.0	0.0	0.0	0.0	0.0	0.0	6688.08	0.0	0.0	0.0	0.0	0.0	0.0	0.0	0.0	20.3285	0.0	0.0	0.0	0.0	0	0	0	0	34	0	0	0	0	0	0	0	0	0	0	0	0	0	0	0	0	0	295	0	0	0	0	0	0	0	0	0	0	0	0	0	0	0	0	0	0	0	0	0	0	0	0	0	0	0	0	0	0	0	0.0	0.0	0.0	0.0	1.0e-6	0.0	0.0	0.0	0.0	0.0	0.0	0.0	0.0	1.0	0.0	0.0	0.0	0.0	
332	332	6867.213041694	1904.2	1904.2	0.000197	0.0	0	0	0	0	330	0	0	0	0	0.0	0.0	0.0	0.0	0.000486	0.0	0.0	0.0	0.0	0.0	0.0	0.0	0.0	6723.0	0.0	0.0	0.0	0.0	0.0	0.0	0.0	0.0	20.3727	0.0	0.0	0.0	0.0	0	0	0	0	34	0	0	0	0	0	0	0	0	0	0	0	0	0	0	0	0	0	296	0	0	0	0	0	0	0	0	0	0	0	0	0	0	0	0	0	0	0	0	0	0	0	0	0	0	0	0	0	0	0	0.0	0.0	0.0	0.0	1.0e-6	0.0	0.0	0.0	0.0	0.0	0.0	0.0	0.0	1.0	0.0	0.0	0.0	0.0	
333	333	6876.316171839	1904.2	1904.2	0.000184	0.0	0	0	0	0	331	0	0	0	0	0.0	0.0	0.0	0.0	0.000437	0.0	0.0	0.0	0.0	0.0	0.0	0.0	0.0	6732.1	0.0	0.0	0.0	0.0	0.0	0.0	0.0	0.0	20.3387	0.0	0.0	0.0	0.0	0	0	0	0	34	0	0	0	0	0	0	0	0	0	0	0	0	0	0	0	0	0	297	0	0	0	0	0	0	0	0	0	0	0	0	0	0	0	0	0	0	0	0	0	0	0	0	0	0	0	0	0	0	0	0.0	0.0	0.0	0.0	1.0e-6	0.0	0.0	0.0	0.0	0.0	0.0	0.0	0.0	1.0	0.0	0.0	0.0	0.0	
334	334	6882.602567097	1904.2	1904.2	0.000181	0.0	0	0	0	0	332	0	0	0	0	0.0	0.0	0.0	0.0	0.000393	0.0	0.0	0.0	0.0	0.0	0.0	0.0	0.0	6738.39	0.0	0.0	0.0	0.0	0.0	0.0	0.0	0.0	20.2963	0.0	0.0	0.0	0.0	0	0	0	0	34	0	0	0	0	0	0	0	0	0	0	0	0	0	0	0	0	0	298	0	0	0	0	0	0	0	0	0	0	0	0	0	0	0	0	0	0	0	0	0	0	0	0	0	0	0	0	0	0	0	0.0	0.0	0.0	0.0	1.0e-6	0.0	0.0	0.0	0.0	0.0	0.0	0.0	0.0	1.0	0.0	0.0	0.0	0.0	
335	335	6889.746936244	1904.2	1904.2	0.000179	0.0	0	0	0	0	333	0	0	0	0	0.0	0.0	0.0	0.0	0.000354	0.0	0.0	0.0	0.0	0.0	0.0	0.0	0.0	6745.53	0.0	0.0	0.0	0.0	0.0	0.0	0.0	0.0	20.2569	0.0	0.0	0.0	0.0	0	0	0	0	34	0	0	0	0	0	0	0	0	0	0	0	0	0	0	0	0	0	299	0	0	0	0	0	0	0	0	0	0	0	0	0	0	0	0	0	0	0	0	0	0	0	0	0	0	0	0	0	0	0	0.0	0.0	0.0	0.0	1.0e-6	0.0	0.0	0.0	0.0	0.0	0.0	0.0	0.0	1.0	0.0	0.0	0.0	0.0	
336	336	6901.742384337	1904.2	1904.2	0.000176	0.0	0	0	0	0	334	0	0	0	0	0.0	0.0	0.0	0.0	0.000319	0.0	0.0	0.0	0.0	0.0	0.0	0.0	0.0	6757.53	0.0	0.0	0.0	0.0	0.0	0.0	0.0	0.0	20.2321	0.0	0.0	0.0	0.0	0	0	0	0	34	0	0	0	0	0	0	0	0	0	0	0	0	0	0	0	0	0	300	0	0	0	0	0	0	0	0	0	0	0	0	0	0	0	0	0	0	0	0	0	0	0	0	0	0	0	0	0	0	0	0.0	0.0	0.0	0.0	1.0e-6	0.0	0.0	0.0	0.0	0.0	0.0	0.0	0.0	1.0	0.0	0.0	0.0	0.0	
337	337	6918.377212603	1904.2	1904.2	0.000172	0.0	0	0	0	0	335	0	0	0	0	0.0	0.0	0.0	0.0	0.000287	0.0	0.0	0.0	0.0	0.0	0.0	0.0	0.0	6774.16	0.0	0.0	0.0	0.0	0.0	0.0	0.0	0.0	20.2214	0.0	0.0	0.0	0.0	0	0	0	0	34	0	0	0	0	0	0	0	0	0	0	0	0	0	0	0	0	0	301	0	0	0	0	0	0	0	0	0	0	0	0	0	0	0	0	0	0	0	0	0	0	0	0	0	0	0	0	0	0	0	0.0	0.0	0.0	0.0	1.0e-6	0.0	0.0	0.0	0.0	0.0	0.0	0.0	0.0	1.0	0.0	0.0	0.0	0.0	
338	338	6923.991284247	1904.2	1904.2	0.000167	0.0	0	0	0	0	336	0	0	0	0	0.0	0.0	0.0	0.0	0.000258	0.0	0.0	0.0	0.0	0.0	0.0	0.0	0.0	6779.78	0.0	0.0	0.0	0.0	0.0	0.0	0.0	0.0	20.1779	0.0	0.0	0.0	0.0	0	0	0	0	34	0	0	0	0	0	0	0	0	0	0	0	0	0	0	0	0	0	302	0	0	0	0	0	0	0	0	0	0	0	0	0	0	0	0	0	0	0	0	0	0	0	0	0	0	0	0	0	0	0	0.0	0.0	0.0	0.0	1.0e-6	0.0	0.0	0.0	0.0	0.0	0.0	0.0	0.0	1.0	0.0	0.0	0.0	0.0	
339	339	6932.110315311	1904.2	1904.2	0.000165	0.0	0	0	0	0	337	0	0	0	0	0.0	0.0	0.0	0.0	0.000232	0.0	0.0	0.0	0.0	0.0	0.0	0.0	0.0	6787.9	0.0	0.0	0.0	0.0	0.0	0.0	0.0	0.0	20.1421	0.0	0.0	0.0	0.0	0	0	0	0	34	0	0	0	0	0	0	0	0	0	0	0	0	0	0	0	0	0	303	0	0	0	0	0	0	0	0	0	0	0	0	0	0	0	0	0	0	0	0	0	0	0	0	0	0	0	0	0	0	0	0.0	0.0	0.0	0.0	1.0e-6	0.0	0.0	0.0	0.0	0.0	0.0	0.0	0.0	1.0	0.0	0.0	0.0	0.0	
340	340	6938.002905429	1904.2	1904.2	0.000162	0.0	0	0	0	0	338	0	0	0	0	0.0	0.0	0.0	0.0	0.000209	0.0	0.0	0.0	0.0	0.0	0.0	0.0	0.0	6793.79	0.0	0.0	0.0	0.0	0.0	0.0	0.0	0.0	20.1	0.0	0.0	0.0	0.0	0	0	0	0	34	0	0	0	0	0	0	0	0	0	0	0	0	0	0	0	0	0	304	0	0	0	0	0	0	0	0	0	0	0	0	0	0	0	0	0	0	0	0	0	0	0	0	0	0	0	0	0	0	0	0.0	0.0	0.0	0.0	1.0e-6	0.0	0.0	0.0	0.0	0.0	0.0	0.0	0.0	1.0	0.0	0.0	0.0	0.0	
341	341	6944.541422028	1904.2	1904.2	0.000161	0.0	0	0	0	0	339	0	0	0	0	0.0	0.0	0.0	0.0	0.000188	0.0	0.0	0.0	0.0	0.0	0.0	0.0	0.0	6800.33	0.0	0.0	0.0	0.0	0.0	0.0	0.0	0.0	20.06	0.0	0.0	0.0	0.0	0	0	0	0	34	0	0	0	0	0	0	0	0	0	0	0	0	0	0	0	0	0	305	0	0	0	0	0	0	0	0	0	0	0	0	0	0	0	0	0	0	0	0	0	0	0	0	0	0	0	0	0	0	0	0.0	0.0	0.0	0.0	0.0	0.0	0.0	0.0	0.0	0.0	0.0	0.0	0.0	1.0	0.0	0.0	0.0	0.0	
342	342	6952.065209757	1904.2	1904.2	0.000159	0.0	0	0	0	0	340	0	0	0	0	0.0	0.0	0.0	0.0	0.000169	0.0	0.0	0.0	0.0	0.0	0.0	0.0	0.0	6807.85	0.0	0.0	0.0	0.0	0.0	0.0	0.0	0.0	20.0231	0.0	0.0	0.0	0.0	0	0	0	0	34	0	0	0	0	0	0	0	0	0	0	0	0	0	0	0	0	0	306	0	0	0	0	0	0	0	0	0	0	0	0	0	0	0	0	0	0	0	0	0	0	0	0	0	0	0	0	0	0	0	0.0	0.0	0.0	0.0	0.0	0.0	0.0	0.0	0.0	0.0	0.0	0.0	0.0	1.0	0.0	0.0	0.0	0.0	
343	343	6966.964497848	1904.2	1904.2	0.000156	0.0	0	0	0	0	341	0	0	0	0	0.0	0.0	0.0	0.0	0.000152	0.0	0.0	0.0	0.0	0.0	0.0	0.0	0.0	6822.75	0.0	0.0	0.0	0.0	0.0	0.0	0.0	0.0	20.0081	0.0	0.0	0.0	0.0	0	0	0	0	34	0	0	0	0	0	0	0	0	0	0	0	0	0	0	0	0	0	307	0	0	0	0	0	0	0	0	0	0	0	0	0	0	0	0	0	0	0	0	0	0	0	0	0	0	0	0	0	0	0	0.0	0.0	0.0	0.0	0.0	0.0	0.0	0.0	0.0	0.0	0.0	0.0	0.0	1.0	0.0	0.0	0.0	0.0	
344	344	7147.040006588	1904.2	1904.2	0.000152	0.0	0	0	0	0	342	0	0	0	0	0.0	0.0	0.0	0.0	0.000137	0.0	0.0	0.0	0.0	0.0	0.0	0.0	0.0	7002.82	0.0	0.0	0.0	0.0	0.0	0.0	0.0	0.0	20.4761	0.0	0.0	0.0	0.0	0	0	0	0	34	0	0	0	0	0	0	0	0	0	0	0	0	0	0	0	0	0	308	0	0	0	0	0	0	0	0	0	0	0	0	0	0	0	0	0	0	0	0	0	0	0	0	0	0	0	0	0	0	0	0.0	0.0	0.0	0.0	0.0	0.0	0.0	0.0	0.0	0.0	0.0	0.0	0.0	1.0	0.0	0.0	0.0	0.0	
345	345	7165.017333145	1904.2	1904.2	0.000107	0.0	0	0	0	0	343	0	0	0	0	0.0	0.0	0.0	0.0	0.000123	0.0	0.0	0.0	0.0	0.0	0.0	0.0	0.0	7020.8	0.0	0.0	0.0	0.0	0.0	0.0	0.0	0.0	20.4688	0.0	0.0	0.0	0.0	0	0	0	0	34	0	0	0	0	0	0	0	0	0	0	0	0	0	0	0	0	0	309	0	0	0	0	0	0	0	0	0	0	0	0	0	0	0	0	0	0	0	0	0	0	0	0	0	0	0	0	0	0	0	0.0	0.0	0.0	0.0	0.0	0.0	0.0	0.0	0.0	0.0	0.0	0.0	0.0	1.0	0.0	0.0	0.0	0.0	
346	346	7175.406955568	1904.2	1904.2	0.000104	0.0	0	0	0	0	344	0	0	0	0	0.0	0.0	0.0	0.0	0.000111	0.0	0.0	0.0	0.0	0.0	0.0	0.0	0.0	7031.19	0.0	0.0	0.0	0.0	0.0	0.0	0.0	0.0	20.4395	0.0	0.0	0.0	0.0	0	0	0	0	34	0	0	0	0	0	0	0	0	0	0	0	0	0	0	0	0	0	310	0	0	0	0	0	0	0	0	0	0	0	0	0	0	0	0	0	0	0	0	0	0	0	0	0	0	0	0	0	0	0	0.0	0.0	0.0	0.0	0.0	0.0	0.0	0.0	0.0	0.0	0.0	0.0	0.0	1.0	0.0	0.0	0.0	0.0	
347	347	7192.158242303	1904.2	1904.2	0.000102	0.0	0	0	0	0	345	0	0	0	0	0.0	0.0	0.0	0.0	0.0001	0.0	0.0	0.0	0.0	0.0	0.0	0.0	0.0	7047.94	0.0	0.0	0.0	0.0	0.0	0.0	0.0	0.0	20.4288	0.0	0.0	0.0	0.0	0	0	0	0	34	0	0	0	0	0	0	0	0	0	0	0	0	0	0	0	0	0	311	0	0	0	0	0	0	0	0	0	0	0	0	0	0	0	0	0	0	0	0	0	0	0	0	0	0	0	0	0	0	0	0.0	0.0	0.0	0.0	0.0	0.0	0.0	0.0	0.0	0.0	0.0	0.0	0.0	1.0	0.0	0.0	0.0	0.0	
348	347	7192.158263336	1904.2	1904.2	9.8e-5	0.0	0	0	0	0	345	0	0	0	0	0.0	0.0	0.0	0.0	0.0001	0.0	0.0	0.0	0.0	0.0	0.0	0.0	0.0	7047.94	0.0	0.0	0.0	0.0	0.0	0.0	0.0	0.0	20.4288	0.0	0.0	0.0	0.0	0	0	0	0	34	0	0	0	0	0	0	0	0	0	0	0	0	0	0	0	0	0	311	0	0	0	0	0	0	0	0	0	0	0	0	0	0	0	0	0	0	0	0	0	0	0	0	0	0	0	0	0	0	0	0.0	0.0	0.0	0.0	0.0	0.0	0.0	0.0	0.0	0.0	0.0	0.0	0.0	1.0	0.0	0.0	0.0	0.0	
