indexLine	algoIter	time	best obj	current obj	T	probdelta1	nb uses 1	nb uses 2	nb uses 3	nb uses 4	nb uses 5	nb uses 6	nb uses 7	nb uses 8	nb uses 9	score 1	score 2	score 3	score 4	score 5	score 6	score 7	score 8	score 9	duration 1	duration 2	duration 3	duration 4	duration 5	duration 6	duration 7	duration 8	duration 9	avgDuration 1	avgDuration 2	avgDuration 3	avgDuration 4	avgDuration 5	avgDuration 6	avgDuration 7	avgDuration 8	avgDuration 9	sigmas1 1	sigmas1 2	sigmas1 3	sigmas1 4	sigmas1 5	sigmas1 6	sigmas1 7	sigmas1 8	sigmas1 9	sigmas2 1	sigmas2 2	sigmas2 3	sigmas2 4	sigmas2 5	sigmas2 6	sigmas2 7	sigmas2 8	sigmas2 9	sigmas3 1	sigmas3 2	sigmas3 3	sigmas3 4	sigmas3 5	sigmas3 6	sigmas3 7	sigmas3 8	sigmas3 9	sigmas4 1	sigmas4 2	sigmas4 3	sigmas4 4	sigmas4 5	sigmas4 6	sigmas4 7	sigmas4 8	sigmas4 9	sigmas5 1	sigmas5 2	sigmas5 3	sigmas5 4	sigmas5 5	sigmas5 6	sigmas5 7	sigmas5 8	sigmas5 9	sigmas6 1	sigmas6 2	sigmas6 3	sigmas6 4	sigmas6 5	sigmas6 6	sigmas6 7	sigmas6 8	sigmas6 9	weight 1	weight 2	weight 3	weight 4	weight 5	weight 6	weight 7	weight 8	weight 9	proba 1	proba 2	proba 3	proba 4	proba 5	proba 6	proba 7	proba 8	proba 9	
1	2	60.560385	2912.45	2912.45	100.0	0.99005	0	0	0	0	0	0	0	0	0	0.0	0.0	0.0	0.0	0.0	0.0	0.0	0.0	0.0	0.0	0.0	0.0	0.0	0.0	0.0	0.0	0.0	0.0	0.0	0.0	0.0	0.0	0.0	0.0	0.0	0.0	0.0	0	0	0	0	0	0	0	0	0	0	0	0	0	0	0	0	0	0	0	0	0	0	0	0	0	0	0	0	0	0	0	0	0	0	0	0	0	0	0	0	0	0	0	0	0	0	0	0	0	0	0	0	0	0	0.0	0.0	0.0	0.0	0.0	0.0	0.0	0.0	0.0	0.0	0.0	0.0	0.0	0.0	0.0	0.0	0.0	0.0	
2	4	77.940908349	2713.9	2713.9	100.0	0.99005	0	0	0	0	0	0	0	0	0	1.0	0.0	0.0	0.0	1.0	0.0	0.0	0.0	0.0	0.0	0.0	0.0	0.0	0.0	0.0	0.0	0.0	0.0	0.000414	0.0	0.0	0.0	17.3801	0.0	0.0	0.0	0.0	0	0	0	0	0	0	0	0	0	0	0	0	0	0	0	0	0	0	0	0	0	0	0	0	0	0	0	0	0	0	0	0	0	0	0	0	0	0	0	0	0	0	0	0	0	0	0	0	0	0	0	0	0	0	118752.0	0.0	0.0	0.0	0.013801	0.0	0.0	0.0	0.0	0.0	0.0	0.0	0.0	0.0	0.0	0.0	0.0	0.0	
3	705	87.340474892	2703.3599999999997	2881.4	86.0403	0.988445	700	0	0	0	1	0	0	0	0	0.001	0.0	0.0	0.0	0.9005	0.0	0.0	0.0	0.0	0.244651	0.0	0.0	0.0	9.15461	0.0	0.0	0.0	0.0	0.00035	0.0	0.0	0.0	9.15461	0.0	0.0	0.0	0.0	3	0	0	0	0	0	0	0	0	76	0	0	0	1	0	0	0	0	439	0	0	0	0	0	0	0	0	33	0	0	0	0	0	0	0	0	12	0	0	0	0	0	0	0	0	137	0	0	0	0	0	0	0	0	153.058	0.0	0.0	0.0	0.03251	0.0	0.0	0.0	0.0	0.999788	0.0	0.0	0.0	0.000212	0.0	0.0	0.0	0.0	
4	2223	134.706731021	2703.3599999999997	2943.35	84.4279	0.988225	2217	0	0	0	2	0	0	0	0	0.000737	0.0	0.0	0.0	0.81095	0.0	0.0	0.0	0.0	0.926545	0.0	0.0	0.0	55.8383	0.0	0.0	0.0	0.0	0.000418	0.0	0.0	0.0	27.9191	0.0	0.0	0.0	0.0	3	0	0	0	0	0	0	0	0	258	0	0	0	2	0	0	0	0	1373	0	0	0	0	0	0	0	0	90	0	0	0	0	0	0	0	0	50	0	0	0	0	0	0	0	0	443	0	0	0	0	0	0	0	0	86.2244	0.0	0.0	0.0	0.005497	0.0	0.0	0.0	0.0	0.999936	0.0	0.0	0.0	6.4e-5	0.0	0.0	0.0	0.0	
5	6763	135.706849238	2703.3599999999997	3292.5199999999977	77.0305	0.987102	6757	0	0	0	2	0	0	0	0	0.000598	0.0	0.0	0.0	0.81095	0.0	0.0	0.0	0.0	1.92465	0.0	0.0	0.0	55.8383	0.0	0.0	0.0	0.0	0.000285	0.0	0.0	0.0	27.9191	0.0	0.0	0.0	0.0	3	0	0	0	0	0	0	0	0	906	0	0	0	2	0	0	0	0	4220	0	0	0	0	0	0	0	0	280	0	0	0	0	0	0	0	0	101	0	0	0	0	0	0	0	0	1247	0	0	0	0	0	0	0	0	124.378	0.0	0.0	0.0	0.005497	0.0	0.0	0.0	0.0	0.999956	0.0	0.0	0.0	4.4e-5	0.0	0.0	0.0	0.0	
6	11298	136.70689088	2703.3599999999997	3297.0699999999983	76.8825	0.987077	11292	0	0	0	2	0	0	0	0	0.000463	0.0	0.0	0.0	0.81095	0.0	0.0	0.0	0.0	2.92272	0.0	0.0	0.0	55.8383	0.0	0.0	0.0	0.0	0.000259	0.0	0.0	0.0	27.9191	0.0	0.0	0.0	0.0	3	0	0	0	0	0	0	0	0	1511	0	0	0	2	0	0	0	0	7148	0	0	0	0	0	0	0	0	460	0	0	0	0	0	0	0	0	180	0	0	0	0	0	0	0	0	1990	0	0	0	0	0	0	0	0	111.283	0.0	0.0	0.0	0.005497	0.0	0.0	0.0	0.0	0.999951	0.0	0.0	0.0	4.9e-5	0.0	0.0	0.0	0.0	
7	16004	137.706920592	2703.3599999999997	3140.9699999999975	76.7348	0.987053	15998	0	0	0	2	0	0	0	0	0.000304	0.0	0.0	0.0	0.81095	0.0	0.0	0.0	0.0	3.92075	0.0	0.0	0.0	55.8383	0.0	0.0	0.0	0.0	0.000245	0.0	0.0	0.0	27.9191	0.0	0.0	0.0	0.0	3	0	0	0	0	0	0	0	0	2111	0	0	0	2	0	0	0	0	10229	0	0	0	0	0	0	0	0	610	0	0	0	0	0	0	0	0	267	0	0	0	0	0	0	0	0	2778	0	0	0	0	0	0	0	0	79.2237	0.0	0.0	0.0	0.005497	0.0	0.0	0.0	0.0	0.999931	0.0	0.0	0.0	6.9e-5	0.0	0.0	0.0	0.0	
8	20750	138.7072596	2703.3599999999997	3512.369999999999	76.5879	0.987028	20744	0	0	0	2	0	0	0	0	0.000825	0.0	0.0	0.0	0.81095	0.0	0.0	0.0	0.0	4.9191	0.0	0.0	0.0	55.8383	0.0	0.0	0.0	0.0	0.000237	0.0	0.0	0.0	27.9191	0.0	0.0	0.0	0.0	3	0	0	0	0	0	0	0	0	2724	0	0	0	2	0	0	0	0	13279	0	0	0	0	0	0	0	0	796	0	0	0	0	0	0	0	0	327	0	0	0	0	0	0	0	0	3615	0	0	0	0	0	0	0	0	225.9	0.0	0.0	0.0	0.005497	0.0	0.0	0.0	0.0	0.999976	0.0	0.0	0.0	2.4e-5	0.0	0.0	0.0	0.0	
9	25439	139.707288355	2703.3599999999997	3480.1699999999987	76.4401	0.987003	25433	0	0	0	2	0	0	0	0	0.000347	0.0	0.0	0.0	0.81095	0.0	0.0	0.0	0.0	5.91719	0.0	0.0	0.0	55.8383	0.0	0.0	0.0	0.0	0.000233	0.0	0.0	0.0	27.9191	0.0	0.0	0.0	0.0	3	0	0	0	0	0	0	0	0	3395	0	0	0	2	0	0	0	0	16340	0	0	0	0	0	0	0	0	950	0	0	0	0	0	0	0	0	407	0	0	0	0	0	0	0	0	4338	0	0	0	0	0	0	0	0	97.8206	0.0	0.0	0.0	0.005497	0.0	0.0	0.0	0.0	0.999944	0.0	0.0	0.0	5.6e-5	0.0	0.0	0.0	0.0	
10	28731	168.077318899	2703.3599999999997	2962.4	76.3378	0.986986	28724	0	0	0	3	0	0	0	0	0.00041	0.0	0.0	0.0	0.730355	0.0	0.0	0.0	0.0	6.61205	0.0	0.0	0.0	83.5121	0.0	0.0	0.0	0.0	0.00023	0.0	0.0	0.0	27.8374	0.0	0.0	0.0	0.0	3	0	0	0	0	0	0	0	0	3899	0	0	0	3	0	0	0	0	18451	0	0	0	0	0	0	0	0	1048	0	0	0	0	0	0	0	0	443	0	0	0	0	0	0	0	0	4880	0	0	0	0	0	0	0	0	117.523	0.0	0.0	0.0	0.004973	0.0	0.0	0.0	0.0	0.999958	0.0	0.0	0.0	4.2e-5	0.0	0.0	0.0	0.0	
11	33529	169.07752284	2703.3599999999997	3195.16	72.2425	0.986253	33522	0	0	0	3	0	0	0	0	0.000952	0.0	0.0	0.0	0.730355	0.0	0.0	0.0	0.0	7.61024	0.0	0.0	0.0	83.5121	0.0	0.0	0.0	0.0	0.000227	0.0	0.0	0.0	27.8374	0.0	0.0	0.0	0.0	3	0	0	0	0	0	0	0	0	4594	0	0	0	3	0	0	0	0	21429	0	0	0	0	0	0	0	0	1212	0	0	0	0	0	0	0	0	513	0	0	0	0	0	0	0	0	5771	0	0	0	0	0	0	0	0	278.431	0.0	0.0	0.0	0.004973	0.0	0.0	0.0	0.0	0.999982	0.0	0.0	0.0	1.8e-5	0.0	0.0	0.0	0.0	
12	38337	170.077628392	2703.3599999999997	3368.26	72.1036	0.986227	38330	0	0	0	3	0	0	0	0	0.000273	0.0	0.0	0.0	0.730355	0.0	0.0	0.0	0.0	8.60832	0.0	0.0	0.0	83.5121	0.0	0.0	0.0	0.0	0.000225	0.0	0.0	0.0	27.8374	0.0	0.0	0.0	0.0	3	0	0	0	0	0	0	0	0	5289	0	0	0	3	0	0	0	0	24443	0	0	0	0	0	0	0	0	1392	0	0	0	0	0	0	0	0	550	0	0	0	0	0	0	0	0	6653	0	0	0	0	0	0	0	0	80.9684	0.0	0.0	0.0	0.004973	0.0	0.0	0.0	0.0	0.999939	0.0	0.0	0.0	6.1e-5	0.0	0.0	0.0	0.0	
13	43148	171.077647721	2703.3599999999997	3310.5600000000013	71.9651	0.9862	43141	0	0	0	3	0	0	0	0	0.000524	0.0	0.0	0.0	0.730355	0.0	0.0	0.0	0.0	9.60635	0.0	0.0	0.0	83.5121	0.0	0.0	0.0	0.0	0.000223	0.0	0.0	0.0	27.8374	0.0	0.0	0.0	0.0	3	0	0	0	0	0	0	0	0	5979	0	0	0	3	0	0	0	0	27533	0	0	0	0	0	0	0	0	1600	0	0	0	0	0	0	0	0	585	0	0	0	0	0	0	0	0	7441	0	0	0	0	0	0	0	0	157.617	0.0	0.0	0.0	0.004973	0.0	0.0	0.0	0.0	0.999968	0.0	0.0	0.0	3.2e-5	0.0	0.0	0.0	0.0	
14	45398	186.660129656	2703.3599999999997	2995.45	71.8994	0.986188	45390	0	0	0	4	0	0	0	0	0.000457	0.0	0.0	0.0	0.657819	0.0	0.0	0.0	0.0	10.0802	0.0	0.0	0.0	98.6198	0.0	0.0	0.0	0.0	0.000222	0.0	0.0	0.0	24.6549	0.0	0.0	0.0	0.0	3	0	0	0	0	0	0	0	0	6328	0	0	0	4	0	0	0	0	29015	0	0	0	0	0	0	0	0	1696	0	0	0	0	0	0	0	0	605	0	0	0	0	0	0	0	0	7743	0	0	0	0	0	0	0	0	137.942	0.0	0.0	0.0	0.005373	0.0	0.0	0.0	0.0	0.999961	0.0	0.0	0.0	3.9e-5	0.0	0.0	0.0	0.0	
15	49955	187.660168801	2703.3599999999997	3103.2999999999993	69.7064	0.985757	49947	0	0	0	4	0	0	0	0	0.001374	0.0	0.0	0.0	0.657819	0.0	0.0	0.0	0.0	11.0783	0.0	0.0	0.0	98.6198	0.0	0.0	0.0	0.0	0.000222	0.0	0.0	0.0	24.6549	0.0	0.0	0.0	0.0	3	0	0	0	0	0	0	0	0	7007	0	0	0	4	0	0	0	0	32013	0	0	0	0	0	0	0	0	1866	0	0	0	0	0	0	0	0	646	0	0	0	0	0	0	0	0	8412	0	0	0	0	0	0	0	0	415.852	0.0	0.0	0.0	0.005373	0.0	0.0	0.0	0.0	0.999987	0.0	0.0	0.0	1.3e-5	0.0	0.0	0.0	0.0	
16	54549	188.66019699	2703.3599999999997	3382.149999999999	69.5725	0.985729	54541	0	0	0	4	0	0	0	0	0.00061	0.0	0.0	0.0	0.657819	0.0	0.0	0.0	0.0	12.0763	0.0	0.0	0.0	98.6198	0.0	0.0	0.0	0.0	0.000221	0.0	0.0	0.0	24.6549	0.0	0.0	0.0	0.0	3	0	0	0	0	0	0	0	0	7629	0	0	0	4	0	0	0	0	34981	0	0	0	0	0	0	0	0	2045	0	0	0	0	0	0	0	0	718	0	0	0	0	0	0	0	0	9165	0	0	0	0	0	0	0	0	185.123	0.0	0.0	0.0	0.005373	0.0	0.0	0.0	0.0	0.999971	0.0	0.0	0.0	2.9e-5	0.0	0.0	0.0	0.0	
17	59165	189.660394018	2703.3599999999997	3338.999999999999	69.4388	0.985702	59157	0	0	0	4	0	0	0	0	0.000778	0.0	0.0	0.0	0.657819	0.0	0.0	0.0	0.0	13.0746	0.0	0.0	0.0	98.6198	0.0	0.0	0.0	0.0	0.000221	0.0	0.0	0.0	24.6549	0.0	0.0	0.0	0.0	3	0	0	0	0	0	0	0	0	8304	0	0	0	4	0	0	0	0	38022	0	0	0	0	0	0	0	0	2230	0	0	0	0	0	0	0	0	769	0	0	0	0	0	0	0	0	9829	0	0	0	0	0	0	0	0	236.858	0.0	0.0	0.0	0.005373	0.0	0.0	0.0	0.0	0.999977	0.0	0.0	0.0	2.3e-5	0.0	0.0	0.0	0.0	
18	63331	207.651808481	2703.3599999999997	2996.8	69.3184	0.985677	63322	0	0	0	5	0	0	0	0	0.000859	0.0	0.0	0.0	0.592538	0.0	0.0	0.0	0.0	13.975	0.0	0.0	0.0	115.709	0.0	0.0	0.0	0.0	0.000221	0.0	0.0	0.0	23.1418	0.0	0.0	0.0	0.0	3	0	0	0	0	0	0	0	0	8929	0	0	0	5	0	0	0	0	40840	0	0	0	0	0	0	0	0	2438	0	0	0	0	0	0	0	0	845	0	0	0	0	0	0	0	0	10267	0	0	0	0	0	0	0	0	261.92	0.0	0.0	0.0	0.005323	0.0	0.0	0.0	0.0	0.99998	0.0	0.0	0.0	2.0e-5	0.0	0.0	0.0	0.0	
19	67856	208.651940938	2703.3599999999997	3169.27	66.9486	0.985174	67847	0	0	0	5	0	0	0	0	0.000385	0.0	0.0	0.0	0.592538	0.0	0.0	0.0	0.0	14.9731	0.0	0.0	0.0	115.709	0.0	0.0	0.0	0.0	0.000221	0.0	0.0	0.0	23.1418	0.0	0.0	0.0	0.0	3	0	0	0	0	0	0	0	0	9503	0	0	0	5	0	0	0	0	43742	0	0	0	0	0	0	0	0	2691	0	0	0	0	0	0	0	0	939	0	0	0	0	0	0	0	0	10969	0	0	0	0	0	0	0	0	117.46	0.0	0.0	0.0	0.005323	0.0	0.0	0.0	0.0	0.999955	0.0	0.0	0.0	4.5e-5	0.0	0.0	0.0	0.0	
20	72470	209.654651395	2703.3599999999997	3355.32	66.8201	0.985146	72461	0	0	0	5	0	0	0	0	0.000909	0.0	0.0	0.0	0.592538	0.0	0.0	0.0	0.0	15.9739	0.0	0.0	0.0	115.709	0.0	0.0	0.0	0.0	0.00022	0.0	0.0	0.0	23.1418	0.0	0.0	0.0	0.0	3	0	0	0	0	0	0	0	0	10110	0	0	0	5	0	0	0	0	46662	0	0	0	0	0	0	0	0	2848	0	0	0	0	0	0	0	0	1055	0	0	0	0	0	0	0	0	11783	0	0	0	0	0	0	0	0	277.791	0.0	0.0	0.0	0.005323	0.0	0.0	0.0	0.0	0.999981	0.0	0.0	0.0	1.9e-5	0.0	0.0	0.0	0.0	
21	77150	210.654771292	2703.3599999999997	3323.1699999999996	66.6912	0.985117	77141	0	0	0	5	0	0	0	0	0.000615	0.0	0.0	0.0	0.592538	0.0	0.0	0.0	0.0	16.972	0.0	0.0	0.0	115.709	0.0	0.0	0.0	0.0	0.00022	0.0	0.0	0.0	23.1418	0.0	0.0	0.0	0.0	3	0	0	0	0	0	0	0	0	10734	0	0	0	5	0	0	0	0	49690	0	0	0	0	0	0	0	0	3049	0	0	0	0	0	0	0	0	1081	0	0	0	0	0	0	0	0	12584	0	0	0	0	0	0	0	0	188.435	0.0	0.0	0.0	0.005323	0.0	0.0	0.0	0.0	0.999972	0.0	0.0	0.0	2.8e-5	0.0	0.0	0.0	0.0	
22	81739	211.655218308	2703.3599999999997	3530.0699999999993	66.5636	0.985089	81730	0	0	0	5	0	0	0	0	0.000404	0.0	0.0	0.0	0.592538	0.0	0.0	0.0	0.0	17.9705	0.0	0.0	0.0	115.709	0.0	0.0	0.0	0.0	0.00022	0.0	0.0	0.0	23.1418	0.0	0.0	0.0	0.0	3	0	0	0	0	0	0	0	0	11374	0	0	0	5	0	0	0	0	52617	0	0	0	0	0	0	0	0	3249	0	0	0	0	0	0	0	0	1132	0	0	0	0	0	0	0	0	13355	0	0	0	0	0	0	0	0	123.869	0.0	0.0	0.0	0.005323	0.0	0.0	0.0	0.0	0.999957	0.0	0.0	0.0	4.3e-5	0.0	0.0	0.0	0.0	
23	86441	212.656980028	2703.3599999999997	3212.269999999999	66.4355	0.985061	86432	0	0	0	5	0	0	0	0	0.000252	0.0	0.0	0.0	0.592538	0.0	0.0	0.0	0.0	18.9702	0.0	0.0	0.0	115.709	0.0	0.0	0.0	0.0	0.000219	0.0	0.0	0.0	23.1418	0.0	0.0	0.0	0.0	3	0	0	0	0	0	0	0	0	11975	0	0	0	5	0	0	0	0	55684	0	0	0	0	0	0	0	0	3414	0	0	0	0	0	0	0	0	1211	0	0	0	0	0	0	0	0	14145	0	0	0	0	0	0	0	0	77.5276	0.0	0.0	0.0	0.005323	0.0	0.0	0.0	0.0	0.999931	0.0	0.0	0.0	6.9e-5	0.0	0.0	0.0	0.0	
24	91037	213.657830421	2703.3599999999997	3184.569999999999	66.3078	0.985032	91028	0	0	0	5	0	0	0	0	0.000718	0.0	0.0	0.0	0.592538	0.0	0.0	0.0	0.0	19.9691	0.0	0.0	0.0	115.709	0.0	0.0	0.0	0.0	0.000219	0.0	0.0	0.0	23.1418	0.0	0.0	0.0	0.0	3	0	0	0	0	0	0	0	0	12624	0	0	0	5	0	0	0	0	58699	0	0	0	0	0	0	0	0	3631	0	0	0	0	0	0	0	0	1266	0	0	0	0	0	0	0	0	14805	0	0	0	0	0	0	0	0	220.982	0.0	0.0	0.0	0.005323	0.0	0.0	0.0	0.0	0.999976	0.0	0.0	0.0	2.4e-5	0.0	0.0	0.0	0.0	
25	95663	214.657967697	2703.3599999999997	3377.97	66.1798	0.985003	95654	0	0	0	5	0	0	0	0	0.001103	0.0	0.0	0.0	0.592538	0.0	0.0	0.0	0.0	20.9672	0.0	0.0	0.0	115.709	0.0	0.0	0.0	0.0	0.000219	0.0	0.0	0.0	23.1418	0.0	0.0	0.0	0.0	3	0	0	0	0	0	0	0	0	13220	0	0	0	5	0	0	0	0	61791	0	0	0	0	0	0	0	0	3812	0	0	0	0	0	0	0	0	1347	0	0	0	0	0	0	0	0	15481	0	0	0	0	0	0	0	0	339.795	0.0	0.0	0.0	0.005323	0.0	0.0	0.0	0.0	0.999984	0.0	0.0	0.0	1.6e-5	0.0	0.0	0.0	0.0	
26	100295	215.662583616	2703.3599999999997	3461.1199999999994	66.0526	0.984975	100286	0	0	0	5	0	0	0	0	0.000625	0.0	0.0	0.0	0.592538	0.0	0.0	0.0	0.0	21.9699	0.0	0.0	0.0	115.709	0.0	0.0	0.0	0.0	0.000219	0.0	0.0	0.0	23.1418	0.0	0.0	0.0	0.0	3	0	0	0	0	0	0	0	0	13836	0	0	0	5	0	0	0	0	64966	0	0	0	0	0	0	0	0	4020	0	0	0	0	0	0	0	0	1378	0	0	0	0	0	0	0	0	16083	0	0	0	0	0	0	0	0	192.875	0.0	0.0	0.0	0.005323	0.0	0.0	0.0	0.0	0.999972	0.0	0.0	0.0	2.8e-5	0.0	0.0	0.0	0.0	
27	104901	216.664207665	2703.3599999999997	3403.52	65.9255	0.984946	104892	0	0	0	5	0	0	0	0	0.000315	0.0	0.0	0.0	0.592538	0.0	0.0	0.0	0.0	22.9695	0.0	0.0	0.0	115.709	0.0	0.0	0.0	0.0	0.000219	0.0	0.0	0.0	23.1418	0.0	0.0	0.0	0.0	3	0	0	0	0	0	0	0	0	14507	0	0	0	5	0	0	0	0	68060	0	0	0	0	0	0	0	0	4184	0	0	0	0	0	0	0	0	1412	0	0	0	0	0	0	0	0	16726	0	0	0	0	0	0	0	0	97.0824	0.0	0.0	0.0	0.005323	0.0	0.0	0.0	0.0	0.999945	0.0	0.0	0.0	5.5e-5	0.0	0.0	0.0	0.0	
28	109494	217.668422095	2703.3599999999997	3250.5699999999997	65.7983	0.984917	109485	0	0	0	5	0	0	0	0	0.000486	0.0	0.0	0.0	0.592538	0.0	0.0	0.0	0.0	23.9717	0.0	0.0	0.0	115.709	0.0	0.0	0.0	0.0	0.000219	0.0	0.0	0.0	23.1418	0.0	0.0	0.0	0.0	3	0	0	0	0	0	0	0	0	15145	0	0	0	5	0	0	0	0	71146	0	0	0	0	0	0	0	0	4324	0	0	0	0	0	0	0	0	1489	0	0	0	0	0	0	0	0	17378	0	0	0	0	0	0	0	0	150.131	0.0	0.0	0.0	0.005323	0.0	0.0	0.0	0.0	0.999965	0.0	0.0	0.0	3.5e-5	0.0	0.0	0.0	0.0	
29	114193	218.668603858	2703.3599999999997	3512.07	65.6713	0.984888	114184	0	0	0	5	0	0	0	0	0.000745	0.0	0.0	0.0	0.592538	0.0	0.0	0.0	0.0	24.9698	0.0	0.0	0.0	115.709	0.0	0.0	0.0	0.0	0.000219	0.0	0.0	0.0	23.1418	0.0	0.0	0.0	0.0	3	0	0	0	0	0	0	0	0	15763	0	0	0	5	0	0	0	0	74166	0	0	0	0	0	0	0	0	4501	0	0	0	0	0	0	0	0	1568	0	0	0	0	0	0	0	0	18183	0	0	0	0	0	0	0	0	230.459	0.0	0.0	0.0	0.005323	0.0	0.0	0.0	0.0	0.999977	0.0	0.0	0.0	2.3e-5	0.0	0.0	0.0	0.0	
30	118828	219.672745976	2703.3599999999997	3636.1700000000005	65.5452	0.984859	118819	0	0	0	5	0	0	0	0	0.000793	0.0	0.0	0.0	0.592538	0.0	0.0	0.0	0.0	25.972	0.0	0.0	0.0	115.709	0.0	0.0	0.0	0.0	0.000219	0.0	0.0	0.0	23.1418	0.0	0.0	0.0	0.0	3	0	0	0	0	0	0	0	0	16404	0	0	0	5	0	0	0	0	77218	0	0	0	0	0	0	0	0	4686	0	0	0	0	0	0	0	0	1643	0	0	0	0	0	0	0	0	18865	0	0	0	0	0	0	0	0	245.466	0.0	0.0	0.0	0.005323	0.0	0.0	0.0	0.0	0.999978	0.0	0.0	0.0	2.2e-5	0.0	0.0	0.0	0.0	
31	123447	220.672784996	2703.3599999999997	3446.82	65.4187	0.98483	123438	0	0	0	5	0	0	0	0	0.000633	0.0	0.0	0.0	0.592538	0.0	0.0	0.0	0.0	26.97	0.0	0.0	0.0	115.709	0.0	0.0	0.0	0.0	0.000218	0.0	0.0	0.0	23.1418	0.0	0.0	0.0	0.0	3	0	0	0	0	0	0	0	0	17024	0	0	0	5	0	0	0	0	80232	0	0	0	0	0	0	0	0	4874	0	0	0	0	0	0	0	0	1744	0	0	0	0	0	0	0	0	19561	0	0	0	0	0	0	0	0	196.129	0.0	0.0	0.0	0.005323	0.0	0.0	0.0	0.0	0.999973	0.0	0.0	0.0	2.7e-5	0.0	0.0	0.0	0.0	
32	127981	221.672824853	2703.3599999999997	3320.3699999999994	65.293	0.984801	127972	0	0	0	5	0	0	0	0	0.000744	0.0	0.0	0.0	0.592538	0.0	0.0	0.0	0.0	27.9681	0.0	0.0	0.0	115.709	0.0	0.0	0.0	0.0	0.000219	0.0	0.0	0.0	23.1418	0.0	0.0	0.0	0.0	3	0	0	0	0	0	0	0	0	17663	0	0	0	5	0	0	0	0	83393	0	0	0	0	0	0	0	0	5079	0	0	0	0	0	0	0	0	1805	0	0	0	0	0	0	0	0	20029	0	0	0	0	0	0	0	0	230.342	0.0	0.0	0.0	0.005323	0.0	0.0	0.0	0.0	0.999977	0.0	0.0	0.0	2.3e-5	0.0	0.0	0.0	0.0	
33	132571	222.672997823	2703.3599999999997	3166.62	65.1675	0.984772	132562	0	0	0	5	0	0	0	0	0.001069	0.0	0.0	0.0	0.592538	0.0	0.0	0.0	0.0	28.9664	0.0	0.0	0.0	115.709	0.0	0.0	0.0	0.0	0.000219	0.0	0.0	0.0	23.1418	0.0	0.0	0.0	0.0	3	0	0	0	0	0	0	0	0	18354	0	0	0	5	0	0	0	0	86470	0	0	0	0	0	0	0	0	5254	0	0	0	0	0	0	0	0	1881	0	0	0	0	0	0	0	0	20600	0	0	0	0	0	0	0	0	330.954	0.0	0.0	0.0	0.005323	0.0	0.0	0.0	0.0	0.999984	0.0	0.0	0.0	1.6e-5	0.0	0.0	0.0	0.0	
34	135743	299.810787767	2703.3599999999997	2810.4	65.082	0.984752	135733	0	0	0	6	0	0	0	0	0.000571	0.0	0.0	0.0	0.533784	0.0	0.0	0.0	0.0	29.6481	0.0	0.0	0.0	192.164	0.0	0.0	0.0	0.0	0.000218	0.0	0.0	0.0	32.0273	0.0	0.0	0.0	0.0	3	0	0	0	0	0	0	0	0	18810	0	0	0	6	0	0	0	0	88542	0	0	0	0	0	0	0	0	5374	0	0	0	0	0	0	0	0	1927	0	0	0	0	0	0	0	0	21077	0	0	0	0	0	0	0	0	176.977	0.0	0.0	0.0	0.002945	0.0	0.0	0.0	0.0	0.999983	0.0	0.0	0.0	1.7e-5	0.0	0.0	0.0	0.0	
35	140192	300.810855483	2703.3599999999997	3167.5299999999975	56.0755	0.982325	140182	0	0	0	6	0	0	0	0	0.001443	0.0	0.0	0.0	0.533784	0.0	0.0	0.0	0.0	30.6462	0.0	0.0	0.0	192.164	0.0	0.0	0.0	0.0	0.000219	0.0	0.0	0.0	32.0273	0.0	0.0	0.0	0.0	3	0	0	0	0	0	0	0	0	19416	0	0	0	6	0	0	0	0	91433	0	0	0	0	0	0	0	0	5605	0	0	0	0	0	0	0	0	2003	0	0	0	0	0	0	0	0	21722	0	0	0	0	0	0	0	0	446.283	0.0	0.0	0.0	0.002945	0.0	0.0	0.0	0.0	0.999993	0.0	0.0	0.0	7.0e-6	0.0	0.0	0.0	0.0	
36	144705	301.81095037	2703.3599999999997	3342.5799999999977	55.9678	0.982291	144695	0	0	0	6	0	0	0	0	0.000704	0.0	0.0	0.0	0.533784	0.0	0.0	0.0	0.0	31.6443	0.0	0.0	0.0	192.164	0.0	0.0	0.0	0.0	0.000219	0.0	0.0	0.0	32.0273	0.0	0.0	0.0	0.0	3	0	0	0	0	0	0	0	0	20024	0	0	0	6	0	0	0	0	94410	0	0	0	0	0	0	0	0	5855	0	0	0	0	0	0	0	0	2054	0	0	0	0	0	0	0	0	22349	0	0	0	0	0	0	0	0	217.776	0.0	0.0	0.0	0.002945	0.0	0.0	0.0	0.0	0.999986	0.0	0.0	0.0	1.4e-5	0.0	0.0	0.0	0.0	
37	149223	302.811176473	2703.3599999999997	3205.8799999999974	55.8602	0.982257	149213	0	0	0	6	0	0	0	0	0.000664	0.0	0.0	0.0	0.533784	0.0	0.0	0.0	0.0	32.6427	0.0	0.0	0.0	192.164	0.0	0.0	0.0	0.0	0.000219	0.0	0.0	0.0	32.0273	0.0	0.0	0.0	0.0	3	0	0	0	0	0	0	0	0	20675	0	0	0	6	0	0	0	0	97371	0	0	0	0	0	0	0	0	6107	0	0	0	0	0	0	0	0	2105	0	0	0	0	0	0	0	0	22952	0	0	0	0	0	0	0	0	205.291	0.0	0.0	0.0	0.002945	0.0	0.0	0.0	0.0	0.999986	0.0	0.0	0.0	1.4e-5	0.0	0.0	0.0	0.0	
38	153771	303.811327454	2703.3599999999997	3247.429999999998	55.7529	0.982224	153761	0	0	0	6	0	0	0	0	0.000977	0.0	0.0	0.0	0.533784	0.0	0.0	0.0	0.0	33.6409	0.0	0.0	0.0	192.164	0.0	0.0	0.0	0.0	0.000219	0.0	0.0	0.0	32.0273	0.0	0.0	0.0	0.0	3	0	0	0	0	0	0	0	0	21352	0	0	0	6	0	0	0	0	100317	0	0	0	0	0	0	0	0	6321	0	0	0	0	0	0	0	0	2144	0	0	0	0	0	0	0	0	23624	0	0	0	0	0	0	0	0	302.027	0.0	0.0	0.0	0.002945	0.0	0.0	0.0	0.0	0.99999	0.0	0.0	0.0	1.0e-5	0.0	0.0	0.0	0.0	
39	158333	304.811359762	2703.3599999999997	3289.4299999999976	55.6458	0.98219	158323	0	0	0	6	0	0	0	0	0.001086	0.0	0.0	0.0	0.533784	0.0	0.0	0.0	0.0	34.639	0.0	0.0	0.0	192.164	0.0	0.0	0.0	0.0	0.000219	0.0	0.0	0.0	32.0273	0.0	0.0	0.0	0.0	3	0	0	0	0	0	0	0	0	22010	0	0	0	6	0	0	0	0	103344	0	0	0	0	0	0	0	0	6526	0	0	0	0	0	0	0	0	2178	0	0	0	0	0	0	0	0	24262	0	0	0	0	0	0	0	0	335.736	0.0	0.0	0.0	0.002945	0.0	0.0	0.0	0.0	0.999991	0.0	0.0	0.0	9.0e-6	0.0	0.0	0.0	0.0	
40	162944	305.811423768	2703.3599999999997	3574.379999999998	55.5389	0.982156	162934	0	0	0	6	0	0	0	0	0.000308	0.0	0.0	0.0	0.533784	0.0	0.0	0.0	0.0	35.6371	0.0	0.0	0.0	192.164	0.0	0.0	0.0	0.0	0.000219	0.0	0.0	0.0	32.0273	0.0	0.0	0.0	0.0	3	0	0	0	0	0	0	0	0	22663	0	0	0	6	0	0	0	0	106368	0	0	0	0	0	0	0	0	6759	0	0	0	0	0	0	0	0	2237	0	0	0	0	0	0	0	0	24904	0	0	0	0	0	0	0	0	95.2496	0.0	0.0	0.0	0.002945	0.0	0.0	0.0	0.0	0.999969	0.0	0.0	0.0	3.1e-5	0.0	0.0	0.0	0.0	
41	167628	306.81157083	2703.3599999999997	3574.9799999999973	55.4322	0.982122	167618	0	0	0	6	0	0	0	0	0.000405	0.0	0.0	0.0	0.533784	0.0	0.0	0.0	0.0	36.6352	0.0	0.0	0.0	192.164	0.0	0.0	0.0	0.0	0.000219	0.0	0.0	0.0	32.0273	0.0	0.0	0.0	0.0	3	0	0	0	0	0	0	0	0	23269	0	0	0	6	0	0	0	0	109442	0	0	0	0	0	0	0	0	7006	0	0	0	0	0	0	0	0	2283	0	0	0	0	0	0	0	0	25615	0	0	0	0	0	0	0	0	125.485	0.0	0.0	0.0	0.002945	0.0	0.0	0.0	0.0	0.999977	0.0	0.0	0.0	2.3e-5	0.0	0.0	0.0	0.0	
42	172375	307.812842481	2703.3599999999997	3460.529999999998	55.326	0.982088	172365	0	0	0	6	0	0	0	0	0.000885	0.0	0.0	0.0	0.533784	0.0	0.0	0.0	0.0	37.6345	0.0	0.0	0.0	192.164	0.0	0.0	0.0	0.0	0.000218	0.0	0.0	0.0	32.0273	0.0	0.0	0.0	0.0	3	0	0	0	0	0	0	0	0	23925	0	0	0	6	0	0	0	0	112430	0	0	0	0	0	0	0	0	7265	0	0	0	0	0	0	0	0	2344	0	0	0	0	0	0	0	0	26398	0	0	0	0	0	0	0	0	274.441	0.0	0.0	0.0	0.002945	0.0	0.0	0.0	0.0	0.999989	0.0	0.0	0.0	1.1e-5	0.0	0.0	0.0	0.0	
43	177122	308.813672893	2703.3599999999997	3267.6799999999985	55.2196	0.982053	177112	0	0	0	6	0	0	0	0	0.000346	0.0	0.0	0.0	0.533784	0.0	0.0	0.0	0.0	38.6334	0.0	0.0	0.0	192.164	0.0	0.0	0.0	0.0	0.000218	0.0	0.0	0.0	32.0273	0.0	0.0	0.0	0.0	3	0	0	0	0	0	0	0	0	24577	0	0	0	6	0	0	0	0	115494	0	0	0	0	0	0	0	0	7532	0	0	0	0	0	0	0	0	2405	0	0	0	0	0	0	0	0	27101	0	0	0	0	0	0	0	0	107.499	0.0	0.0	0.0	0.002945	0.0	0.0	0.0	0.0	0.999973	0.0	0.0	0.0	2.7e-5	0.0	0.0	0.0	0.0	
44	181847	309.817786046	2703.3599999999997	3325.129999999997	55.1131	0.982019	181837	0	0	0	6	0	0	0	0	0.00083	0.0	0.0	0.0	0.533784	0.0	0.0	0.0	0.0	39.6356	0.0	0.0	0.0	192.164	0.0	0.0	0.0	0.0	0.000218	0.0	0.0	0.0	32.0273	0.0	0.0	0.0	0.0	3	0	0	0	0	0	0	0	0	25207	0	0	0	6	0	0	0	0	118583	0	0	0	0	0	0	0	0	7804	0	0	0	0	0	0	0	0	2486	0	0	0	0	0	0	0	0	27754	0	0	0	0	0	0	0	0	257.866	0.0	0.0	0.0	0.002945	0.0	0.0	0.0	0.0	0.999989	0.0	0.0	0.0	1.1e-5	0.0	0.0	0.0	0.0	
45	186537	310.817879149	2703.3599999999997	3125.7299999999973	55.0067	0.981985	186527	0	0	0	6	0	0	0	0	0.000586	0.0	0.0	0.0	0.533784	0.0	0.0	0.0	0.0	40.6337	0.0	0.0	0.0	192.164	0.0	0.0	0.0	0.0	0.000218	0.0	0.0	0.0	32.0273	0.0	0.0	0.0	0.0	3	0	0	0	0	0	0	0	0	25800	0	0	0	6	0	0	0	0	121673	0	0	0	0	0	0	0	0	8086	0	0	0	0	0	0	0	0	2556	0	0	0	0	0	0	0	0	28409	0	0	0	0	0	0	0	0	182.342	0.0	0.0	0.0	0.002945	0.0	0.0	0.0	0.0	0.999984	0.0	0.0	0.0	1.6e-5	0.0	0.0	0.0	0.0	
46	191011	311.818029666	2703.3599999999997	3126.879999999998	54.901	0.98195	191001	0	0	0	6	0	0	0	0	0.001024	0.0	0.0	0.0	0.533784	0.0	0.0	0.0	0.0	41.6319	0.0	0.0	0.0	192.164	0.0	0.0	0.0	0.0	0.000218	0.0	0.0	0.0	32.0273	0.0	0.0	0.0	0.0	3	0	0	0	0	0	0	0	0	26418	0	0	0	6	0	0	0	0	124696	0	0	0	0	0	0	0	0	8289	0	0	0	0	0	0	0	0	2629	0	0	0	0	0	0	0	0	28966	0	0	0	0	0	0	0	0	318.348	0.0	0.0	0.0	0.002945	0.0	0.0	0.0	0.0	0.999991	0.0	0.0	0.0	9.0e-6	0.0	0.0	0.0	0.0	
47	195571	312.818157173	2703.3599999999997	3268.129999999997	54.7955	0.981916	195561	0	0	0	6	0	0	0	0	0.000985	0.0	0.0	0.0	0.533784	0.0	0.0	0.0	0.0	42.6301	0.0	0.0	0.0	192.164	0.0	0.0	0.0	0.0	0.000218	0.0	0.0	0.0	32.0273	0.0	0.0	0.0	0.0	3	0	0	0	0	0	0	0	0	26971	0	0	0	6	0	0	0	0	127644	0	0	0	0	0	0	0	0	8513	0	0	0	0	0	0	0	0	2731	0	0	0	0	0	0	0	0	29699	0	0	0	0	0	0	0	0	306.097	0.0	0.0	0.0	0.002945	0.0	0.0	0.0	0.0	0.99999	0.0	0.0	0.0	1.0e-5	0.0	0.0	0.0	0.0	
48	199783	493.811026899	2593.65	2593.65	54.6976	0.981884	199772	0	0	0	7	0	0	0	0	0.000402	0.0	0.0	0.0	0.580405	0.0	0.0	0.0	0.0	43.5587	0.0	0.0	0.0	372.226	0.0	0.0	0.0	0.0	0.000218	0.0	0.0	0.0	53.1752	0.0	0.0	0.0	0.0	3	0	0	0	1	0	0	0	0	27581	0	0	0	6	0	0	0	0	130352	0	0	0	0	0	0	0	0	8727	0	0	0	0	0	0	0	0	2780	0	0	0	0	0	0	0	0	30329	0	0	0	0	0	0	0	0	124.826	0.0	0.0	0.0	0.001497	0.0	0.0	0.0	0.0	0.999988	0.0	0.0	0.0	1.2e-5	0.0	0.0	0.0	0.0	
49	204475	494.8112323	2593.16	3146.3800000000006	38.6145	0.974435	204464	0	0	0	7	0	0	0	0	0.000436	0.0	0.0	0.0	0.580405	0.0	0.0	0.0	0.0	44.5569	0.0	0.0	0.0	372.226	0.0	0.0	0.0	0.0	0.000218	0.0	0.0	0.0	53.1752	0.0	0.0	0.0	0.0	4	0	0	0	1	0	0	0	0	28175	0	0	0	6	0	0	0	0	133276	0	0	0	0	0	0	0	0	9083	0	0	0	0	0	0	0	0	2885	0	0	0	0	0	0	0	0	31041	0	0	0	0	0	0	0	0	135.488	0.0	0.0	0.0	0.001497	0.0	0.0	0.0	0.0	0.999989	0.0	0.0	0.0	1.1e-5	0.0	0.0	0.0	0.0	
50	209091	495.811412916	2593.16	3119.33	38.5406	0.974387	209080	0	0	0	7	0	0	0	0	0.000907	0.0	0.0	0.0	0.580405	0.0	0.0	0.0	0.0	45.5551	0.0	0.0	0.0	372.226	0.0	0.0	0.0	0.0	0.000218	0.0	0.0	0.0	53.1752	0.0	0.0	0.0	0.0	4	0	0	0	1	0	0	0	0	28763	0	0	0	6	0	0	0	0	136155	0	0	0	0	0	0	0	0	9465	0	0	0	0	0	0	0	0	2954	0	0	0	0	0	0	0	0	31739	0	0	0	0	0	0	0	0	281.893	0.0	0.0	0.0	0.001497	0.0	0.0	0.0	0.0	0.999995	0.0	0.0	0.0	5.0e-6	0.0	0.0	0.0	0.0	
51	213639	496.811609755	2593.16	3163.329999999999	38.4663	0.974338	213628	0	0	0	7	0	0	0	0	0.000513	0.0	0.0	0.0	0.580405	0.0	0.0	0.0	0.0	46.5533	0.0	0.0	0.0	372.226	0.0	0.0	0.0	0.0	0.000218	0.0	0.0	0.0	53.1752	0.0	0.0	0.0	0.0	4	0	0	0	1	0	0	0	0	29354	0	0	0	6	0	0	0	0	139087	0	0	0	0	0	0	0	0	9754	0	0	0	0	0	0	0	0	3008	0	0	0	0	0	0	0	0	32421	0	0	0	0	0	0	0	0	159.436	0.0	0.0	0.0	0.001497	0.0	0.0	0.0	0.0	0.999991	0.0	0.0	0.0	9.0e-6	0.0	0.0	0.0	0.0	
52	218328	497.811717577	2593.16	3013.6299999999983	38.3924	0.974289	218317	0	0	0	7	0	0	0	0	0.000605	0.0	0.0	0.0	0.580405	0.0	0.0	0.0	0.0	47.5514	0.0	0.0	0.0	372.226	0.0	0.0	0.0	0.0	0.000218	0.0	0.0	0.0	53.1752	0.0	0.0	0.0	0.0	4	0	0	0	1	0	0	0	0	29890	0	0	0	6	0	0	0	0	142075	0	0	0	0	0	0	0	0	10017	0	0	0	0	0	0	0	0	3107	0	0	0	0	0	0	0	0	33224	0	0	0	0	0	0	0	0	188.23	0.0	0.0	0.0	0.001497	0.0	0.0	0.0	0.0	0.999992	0.0	0.0	0.0	8.0e-6	0.0	0.0	0.0	0.0	
53	223010	498.811884275	2593.16	3420.9299999999994	38.3186	0.974241	222999	0	0	0	7	0	0	0	0	0.000518	0.0	0.0	0.0	0.580405	0.0	0.0	0.0	0.0	48.5496	0.0	0.0	0.0	372.226	0.0	0.0	0.0	0.0	0.000218	0.0	0.0	0.0	53.1752	0.0	0.0	0.0	0.0	4	0	0	0	1	0	0	0	0	30430	0	0	0	6	0	0	0	0	145142	0	0	0	0	0	0	0	0	10288	0	0	0	0	0	0	0	0	3203	0	0	0	0	0	0	0	0	33932	0	0	0	0	0	0	0	0	161.125	0.0	0.0	0.0	0.001497	0.0	0.0	0.0	0.0	0.999991	0.0	0.0	0.0	9.0e-6	0.0	0.0	0.0	0.0	
54	227761	499.811901592	2593.16	3197.8799999999997	38.245	0.974192	227750	0	0	0	7	0	0	0	0	0.000399	0.0	0.0	0.0	0.580405	0.0	0.0	0.0	0.0	49.5476	0.0	0.0	0.0	372.226	0.0	0.0	0.0	0.0	0.000218	0.0	0.0	0.0	53.1752	0.0	0.0	0.0	0.0	4	0	0	0	1	0	0	0	0	31006	0	0	0	6	0	0	0	0	148205	0	0	0	0	0	0	0	0	10631	0	0	0	0	0	0	0	0	3287	0	0	0	0	0	0	0	0	34617	0	0	0	0	0	0	0	0	124.384	0.0	0.0	0.0	0.001497	0.0	0.0	0.0	0.0	0.999988	0.0	0.0	0.0	1.2e-5	0.0	0.0	0.0	0.0	
55	232466	500.812001805	2593.16	3178.63	38.1715	0.974143	232455	0	0	0	7	0	0	0	0	0.000548	0.0	0.0	0.0	0.580405	0.0	0.0	0.0	0.0	50.5457	0.0	0.0	0.0	372.226	0.0	0.0	0.0	0.0	0.000217	0.0	0.0	0.0	53.1752	0.0	0.0	0.0	0.0	4	0	0	0	1	0	0	0	0	31599	0	0	0	6	0	0	0	0	151260	0	0	0	0	0	0	0	0	10983	0	0	0	0	0	0	0	0	3366	0	0	0	0	0	0	0	0	35243	0	0	0	0	0	0	0	0	171.017	0.0	0.0	0.0	0.001497	0.0	0.0	0.0	0.0	0.999991	0.0	0.0	0.0	9.0e-6	0.0	0.0	0.0	0.0	
56	237204	501.812105408	2593.16	2924.079999999999	38.0982	0.974094	237193	0	0	0	7	0	0	0	0	0.000685	0.0	0.0	0.0	0.580405	0.0	0.0	0.0	0.0	51.5438	0.0	0.0	0.0	372.226	0.0	0.0	0.0	0.0	0.000217	0.0	0.0	0.0	53.1752	0.0	0.0	0.0	0.0	4	0	0	0	1	0	0	0	0	32192	0	0	0	6	0	0	0	0	154337	0	0	0	0	0	0	0	0	11310	0	0	0	0	0	0	0	0	3408	0	0	0	0	0	0	0	0	35942	0	0	0	0	0	0	0	0	213.703	0.0	0.0	0.0	0.001497	0.0	0.0	0.0	0.0	0.999993	0.0	0.0	0.0	7.0e-6	0.0	0.0	0.0	0.0	
57	242014	502.812207792	2593.16	3123.629999999999	38.025	0.974044	242003	0	0	0	7	0	0	0	0	0.000708	0.0	0.0	0.0	0.580405	0.0	0.0	0.0	0.0	52.5419	0.0	0.0	0.0	372.226	0.0	0.0	0.0	0.0	0.000217	0.0	0.0	0.0	53.1752	0.0	0.0	0.0	0.0	4	0	0	0	1	0	0	0	0	32778	0	0	0	6	0	0	0	0	157360	0	0	0	0	0	0	0	0	11645	0	0	0	0	0	0	0	0	3441	0	0	0	0	0	0	0	0	36775	0	0	0	0	0	0	0	0	221.311	0.0	0.0	0.0	0.001497	0.0	0.0	0.0	0.0	0.999993	0.0	0.0	0.0	7.0e-6	0.0	0.0	0.0	0.0	
58	246780	503.812326183	2593.16	3015.329999999999	37.9519	0.973995	246769	0	0	0	7	0	0	0	0	0.001249	0.0	0.0	0.0	0.580405	0.0	0.0	0.0	0.0	53.54	0.0	0.0	0.0	372.226	0.0	0.0	0.0	0.0	0.000217	0.0	0.0	0.0	53.1752	0.0	0.0	0.0	0.0	4	0	0	0	1	0	0	0	0	33368	0	0	0	6	0	0	0	0	160343	0	0	0	0	0	0	0	0	12008	0	0	0	0	0	0	0	0	3483	0	0	0	0	0	0	0	0	37563	0	0	0	0	0	0	0	0	390.688	0.0	0.0	0.0	0.001497	0.0	0.0	0.0	0.0	0.999996	0.0	0.0	0.0	4.0e-6	0.0	0.0	0.0	0.0	
59	251399	504.812507316	2593.16	3176.83	37.879	0.973946	251388	0	0	0	7	0	0	0	0	0.000285	0.0	0.0	0.0	0.580405	0.0	0.0	0.0	0.0	54.5382	0.0	0.0	0.0	372.226	0.0	0.0	0.0	0.0	0.000217	0.0	0.0	0.0	53.1752	0.0	0.0	0.0	0.0	4	0	0	0	1	0	0	0	0	33984	0	0	0	6	0	0	0	0	163313	0	0	0	0	0	0	0	0	12410	0	0	0	0	0	0	0	0	3517	0	0	0	0	0	0	0	0	38160	0	0	0	0	0	0	0	0	89.1299	0.0	0.0	0.0	0.001497	0.0	0.0	0.0	0.0	0.999983	0.0	0.0	0.0	1.7e-5	0.0	0.0	0.0	0.0	
60	256049	505.812676718	2593.16	3002.0299999999993	37.8062	0.973896	256038	0	0	0	7	0	0	0	0	0.000877	0.0	0.0	0.0	0.580405	0.0	0.0	0.0	0.0	55.5364	0.0	0.0	0.0	372.226	0.0	0.0	0.0	0.0	0.000217	0.0	0.0	0.0	53.1752	0.0	0.0	0.0	0.0	4	0	0	0	1	0	0	0	0	34624	0	0	0	6	0	0	0	0	166269	0	0	0	0	0	0	0	0	12736	0	0	0	0	0	0	0	0	3533	0	0	0	0	0	0	0	0	38872	0	0	0	0	0	0	0	0	274.68	0.0	0.0	0.0	0.001497	0.0	0.0	0.0	0.0	0.999995	0.0	0.0	0.0	5.0e-6	0.0	0.0	0.0	0.0	
61	260804	506.812784407	2593.16	3073.08	37.7336	0.973846	260793	0	0	0	7	0	0	0	0	0.000718	0.0	0.0	0.0	0.580405	0.0	0.0	0.0	0.0	56.5345	0.0	0.0	0.0	372.226	0.0	0.0	0.0	0.0	0.000217	0.0	0.0	0.0	53.1752	0.0	0.0	0.0	0.0	4	0	0	0	1	0	0	0	0	35259	0	0	0	6	0	0	0	0	169283	0	0	0	0	0	0	0	0	13077	0	0	0	0	0	0	0	0	3577	0	0	0	0	0	0	0	0	39593	0	0	0	0	0	0	0	0	225.104	0.0	0.0	0.0	0.001497	0.0	0.0	0.0	0.0	0.999993	0.0	0.0	0.0	7.0e-6	0.0	0.0	0.0	0.0	
62	265534	507.812850069	2593.16	2987.7799999999993	37.6611	0.973797	265523	0	0	0	7	0	0	0	0	0.000856	0.0	0.0	0.0	0.580405	0.0	0.0	0.0	0.0	57.5325	0.0	0.0	0.0	372.226	0.0	0.0	0.0	0.0	0.000217	0.0	0.0	0.0	53.1752	0.0	0.0	0.0	0.0	4	0	0	0	1	0	0	0	0	35833	0	0	0	6	0	0	0	0	172256	0	0	0	0	0	0	0	0	13422	0	0	0	0	0	0	0	0	3658	0	0	0	0	0	0	0	0	40350	0	0	0	0	0	0	0	0	268.432	0.0	0.0	0.0	0.001497	0.0	0.0	0.0	0.0	0.999994	0.0	0.0	0.0	6.0e-6	0.0	0.0	0.0	0.0	
63	270078	508.812986441	2593.16	3122.6299999999987	37.5887	0.973747	270067	0	0	0	7	0	0	0	0	0.000319	0.0	0.0	0.0	0.580405	0.0	0.0	0.0	0.0	58.5307	0.0	0.0	0.0	372.226	0.0	0.0	0.0	0.0	0.000217	0.0	0.0	0.0	53.1752	0.0	0.0	0.0	0.0	4	0	0	0	1	0	0	0	0	36402	0	0	0	6	0	0	0	0	175214	0	0	0	0	0	0	0	0	13758	0	0	0	0	0	0	0	0	3723	0	0	0	0	0	0	0	0	40966	0	0	0	0	0	0	0	0	99.9134	0.0	0.0	0.0	0.001497	0.0	0.0	0.0	0.0	0.999985	0.0	0.0	0.0	1.5e-5	0.0	0.0	0.0	0.0	
64	274717	509.813057825	2593.16	3232.0299999999997	37.5165	0.973697	274706	0	0	0	7	0	0	0	0	0.00042	0.0	0.0	0.0	0.580405	0.0	0.0	0.0	0.0	59.5288	0.0	0.0	0.0	372.226	0.0	0.0	0.0	0.0	0.000217	0.0	0.0	0.0	53.1752	0.0	0.0	0.0	0.0	4	0	0	0	1	0	0	0	0	37031	0	0	0	6	0	0	0	0	178075	0	0	0	0	0	0	0	0	14035	0	0	0	0	0	0	0	0	3753	0	0	0	0	0	0	0	0	41808	0	0	0	0	0	0	0	0	131.507	0.0	0.0	0.0	0.001497	0.0	0.0	0.0	0.0	0.999989	0.0	0.0	0.0	1.1e-5	0.0	0.0	0.0	0.0	
65	279446	510.813156434	2593.16	2964.8799999999987	37.4444	0.973647	279435	0	0	0	7	0	0	0	0	0.000844	0.0	0.0	0.0	0.580405	0.0	0.0	0.0	0.0	60.5268	0.0	0.0	0.0	372.226	0.0	0.0	0.0	0.0	0.000217	0.0	0.0	0.0	53.1752	0.0	0.0	0.0	0.0	4	0	0	0	1	0	0	0	0	37670	0	0	0	6	0	0	0	0	181082	0	0	0	0	0	0	0	0	14284	0	0	0	0	0	0	0	0	3867	0	0	0	0	0	0	0	0	42528	0	0	0	0	0	0	0	0	264.881	0.0	0.0	0.0	0.001497	0.0	0.0	0.0	0.0	0.999994	0.0	0.0	0.0	6.0e-6	0.0	0.0	0.0	0.0	
66	284119	511.813249218	2593.16	2972.379999999999	37.3724	0.973597	284108	0	0	0	7	0	0	0	0	0.000977	0.0	0.0	0.0	0.580405	0.0	0.0	0.0	0.0	61.5249	0.0	0.0	0.0	372.226	0.0	0.0	0.0	0.0	0.000217	0.0	0.0	0.0	53.1752	0.0	0.0	0.0	0.0	4	0	0	0	1	0	0	0	0	38249	0	0	0	6	0	0	0	0	184000	0	0	0	0	0	0	0	0	14617	0	0	0	0	0	0	0	0	3925	0	0	0	0	0	0	0	0	43313	0	0	0	0	0	0	0	0	306.536	0.0	0.0	0.0	0.001497	0.0	0.0	0.0	0.0	0.999995	0.0	0.0	0.0	5.0e-6	0.0	0.0	0.0	0.0	
67	288785	512.813343634	2593.16	3186.98	37.3006	0.973547	288774	0	0	0	7	0	0	0	0	0.000272	0.0	0.0	0.0	0.580405	0.0	0.0	0.0	0.0	62.5229	0.0	0.0	0.0	372.226	0.0	0.0	0.0	0.0	0.000217	0.0	0.0	0.0	53.1752	0.0	0.0	0.0	0.0	4	0	0	0	1	0	0	0	0	38817	0	0	0	6	0	0	0	0	186821	0	0	0	0	0	0	0	0	14935	0	0	0	0	0	0	0	0	3968	0	0	0	0	0	0	0	0	44229	0	0	0	0	0	0	0	0	85.3085	0.0	0.0	0.0	0.001497	0.0	0.0	0.0	0.0	0.999982	0.0	0.0	0.0	1.8e-5	0.0	0.0	0.0	0.0	
68	293563	513.816917903	2593.16	3138.829999999999	37.2291	0.973497	293552	0	0	0	7	0	0	0	0	0.00081	0.0	0.0	0.0	0.580405	0.0	0.0	0.0	0.0	63.5245	0.0	0.0	0.0	372.226	0.0	0.0	0.0	0.0	0.000216	0.0	0.0	0.0	53.1752	0.0	0.0	0.0	0.0	4	0	0	0	1	0	0	0	0	39379	0	0	0	6	0	0	0	0	189764	0	0	0	0	0	0	0	0	15305	0	0	0	0	0	0	0	0	4029	0	0	0	0	0	0	0	0	45071	0	0	0	0	0	0	0	0	254.351	0.0	0.0	0.0	0.001497	0.0	0.0	0.0	0.0	0.999994	0.0	0.0	0.0	6.0e-6	0.0	0.0	0.0	0.0	
69	298321	514.817133917	2593.16	3204.979999999999	37.1572	0.973446	298310	0	0	0	7	0	0	0	0	0.000649	0.0	0.0	0.0	0.580405	0.0	0.0	0.0	0.0	64.5227	0.0	0.0	0.0	372.226	0.0	0.0	0.0	0.0	0.000216	0.0	0.0	0.0	53.1752	0.0	0.0	0.0	0.0	4	0	0	0	1	0	0	0	0	40031	0	0	0	6	0	0	0	0	192612	0	0	0	0	0	0	0	0	15619	0	0	0	0	0	0	0	0	4083	0	0	0	0	0	0	0	0	45961	0	0	0	0	0	0	0	0	204.015	0.0	0.0	0.0	0.001497	0.0	0.0	0.0	0.0	0.999993	0.0	0.0	0.0	7.0e-6	0.0	0.0	0.0	0.0	
70	303154	515.817402856	2593.16	3051.829999999999	37.0858	0.973396	303143	0	0	0	7	0	0	0	0	0.000226	0.0	0.0	0.0	0.580405	0.0	0.0	0.0	0.0	65.5209	0.0	0.0	0.0	372.226	0.0	0.0	0.0	0.0	0.000216	0.0	0.0	0.0	53.1752	0.0	0.0	0.0	0.0	4	0	0	0	1	0	0	0	0	40628	0	0	0	6	0	0	0	0	195714	0	0	0	0	0	0	0	0	15959	0	0	0	0	0	0	0	0	4128	0	0	0	0	0	0	0	0	46710	0	0	0	0	0	0	0	0	70.9856	0.0	0.0	0.0	0.001497	0.0	0.0	0.0	0.0	0.999979	0.0	0.0	0.0	2.1e-5	0.0	0.0	0.0	0.0	
71	306746	523.04573907	2593.16	3029.15	37.0294	0.973356	306734	0	0	0	8	0	0	0	0	0.000322	0.0	0.0	0.0	0.522865	0.0	0.0	0.0	0.0	66.3097	0.0	0.0	0.0	378.664	0.0	0.0	0.0	0.0	0.000216	0.0	0.0	0.0	47.333	0.0	0.0	0.0	0.0	4	0	0	0	1	0	0	0	0	41063	0	0	0	7	0	0	0	0	198078	0	0	0	0	0	0	0	0	16197	0	0	0	0	0	0	0	0	4176	0	0	0	0	0	0	0	0	47216	0	0	0	0	0	0	0	0	101.291	0.0	0.0	0.0	0.001606	0.0	0.0	0.0	0.0	0.999984	0.0	0.0	0.0	1.6e-5	0.0	0.0	0.0	0.0	
72	311287	524.045890602	2593.16	2927.389999999999	36.5036	0.972977	311275	0	0	0	8	0	0	0	0	0.000434	0.0	0.0	0.0	0.522865	0.0	0.0	0.0	0.0	67.3079	0.0	0.0	0.0	378.664	0.0	0.0	0.0	0.0	0.000216	0.0	0.0	0.0	47.333	0.0	0.0	0.0	0.0	4	0	0	0	1	0	0	0	0	41657	0	0	0	7	0	0	0	0	200831	0	0	0	0	0	0	0	0	16523	0	0	0	0	0	0	0	0	4211	0	0	0	0	0	0	0	0	48049	0	0	0	0	0	0	0	0	136.462	0.0	0.0	0.0	0.001606	0.0	0.0	0.0	0.0	0.999988	0.0	0.0	0.0	1.2e-5	0.0	0.0	0.0	0.0	
73	316004	525.045953467	2593.16	3015.639999999999	36.4334	0.972926	315992	0	0	0	8	0	0	0	0	0.000336	0.0	0.0	0.0	0.522865	0.0	0.0	0.0	0.0	68.3059	0.0	0.0	0.0	378.664	0.0	0.0	0.0	0.0	0.000216	0.0	0.0	0.0	47.333	0.0	0.0	0.0	0.0	4	0	0	0	1	0	0	0	0	42207	0	0	0	7	0	0	0	0	203795	0	0	0	0	0	0	0	0	16850	0	0	0	0	0	0	0	0	4269	0	0	0	0	0	0	0	0	48867	0	0	0	0	0	0	0	0	105.751	0.0	0.0	0.0	0.001606	0.0	0.0	0.0	0.0	0.999985	0.0	0.0	0.0	1.5e-5	0.0	0.0	0.0	0.0	
74	320623	526.046047319	2593.16	3138.9399999999996	36.3634	0.972875	320611	0	0	0	8	0	0	0	0	0.000359	0.0	0.0	0.0	0.522865	0.0	0.0	0.0	0.0	69.304	0.0	0.0	0.0	378.664	0.0	0.0	0.0	0.0	0.000216	0.0	0.0	0.0	47.333	0.0	0.0	0.0	0.0	4	0	0	0	1	0	0	0	0	42766	0	0	0	7	0	0	0	0	206717	0	0	0	0	0	0	0	0	17190	0	0	0	0	0	0	0	0	4323	0	0	0	0	0	0	0	0	49611	0	0	0	0	0	0	0	0	113.006	0.0	0.0	0.0	0.001606	0.0	0.0	0.0	0.0	0.999986	0.0	0.0	0.0	1.4e-5	0.0	0.0	0.0	0.0	
75	325199	527.048874322	2593.16	3045.889999999999	36.2937	0.972823	325187	0	0	0	8	0	0	0	0	0.00029	0.0	0.0	0.0	0.522865	0.0	0.0	0.0	0.0	70.3048	0.0	0.0	0.0	378.664	0.0	0.0	0.0	0.0	0.000216	0.0	0.0	0.0	47.333	0.0	0.0	0.0	0.0	4	0	0	0	1	0	0	0	0	43311	0	0	0	7	0	0	0	0	209638	0	0	0	0	0	0	0	0	17520	0	0	0	0	0	0	0	0	4391	0	0	0	0	0	0	0	0	50323	0	0	0	0	0	0	0	0	91.0823	0.0	0.0	0.0	0.001606	0.0	0.0	0.0	0.0	0.999982	0.0	0.0	0.0	1.8e-5	0.0	0.0	0.0	0.0	
76	329851	528.048904722	2593.16	3383.2399999999984	36.2236	0.972771	329839	0	0	0	8	0	0	0	0	0.000259	0.0	0.0	0.0	0.522865	0.0	0.0	0.0	0.0	71.3028	0.0	0.0	0.0	378.664	0.0	0.0	0.0	0.0	0.000216	0.0	0.0	0.0	47.333	0.0	0.0	0.0	0.0	4	0	0	0	1	0	0	0	0	43888	0	0	0	7	0	0	0	0	212583	0	0	0	0	0	0	0	0	17816	0	0	0	0	0	0	0	0	4446	0	0	0	0	0	0	0	0	51102	0	0	0	0	0	0	0	0	81.5703	0.0	0.0	0.0	0.001606	0.0	0.0	0.0	0.0	0.99998	0.0	0.0	0.0	2.0e-5	0.0	0.0	0.0	0.0	
77	334491	529.049053008	2593.16	3105.639999999998	36.154	0.97272	334479	0	0	0	8	0	0	0	0	0.000336	0.0	0.0	0.0	0.522865	0.0	0.0	0.0	0.0	72.3009	0.0	0.0	0.0	378.664	0.0	0.0	0.0	0.0	0.000216	0.0	0.0	0.0	47.333	0.0	0.0	0.0	0.0	4	0	0	0	1	0	0	0	0	44481	0	0	0	7	0	0	0	0	215386	0	0	0	0	0	0	0	0	18131	0	0	0	0	0	0	0	0	4505	0	0	0	0	0	0	0	0	51972	0	0	0	0	0	0	0	0	105.778	0.0	0.0	0.0	0.001606	0.0	0.0	0.0	0.0	0.999985	0.0	0.0	0.0	1.5e-5	0.0	0.0	0.0	0.0	
78	339097	530.049099577	2593.16	2979.339999999999	36.0846	0.972668	339085	0	0	0	8	0	0	0	0	0.001121	0.0	0.0	0.0	0.522865	0.0	0.0	0.0	0.0	73.299	0.0	0.0	0.0	378.664	0.0	0.0	0.0	0.0	0.000216	0.0	0.0	0.0	47.333	0.0	0.0	0.0	0.0	4	0	0	0	1	0	0	0	0	45051	0	0	0	7	0	0	0	0	218123	0	0	0	0	0	0	0	0	18477	0	0	0	0	0	0	0	0	4545	0	0	0	0	0	0	0	0	52885	0	0	0	0	0	0	0	0	352.634	0.0	0.0	0.0	0.001606	0.0	0.0	0.0	0.0	0.999995	0.0	0.0	0.0	5.0e-6	0.0	0.0	0.0	0.0	
79	343683	531.049219089	2593.16	3072.6899999999987	36.0152	0.972616	343671	0	0	0	8	0	0	0	0	0.000778	0.0	0.0	0.0	0.522865	0.0	0.0	0.0	0.0	74.2971	0.0	0.0	0.0	378.664	0.0	0.0	0.0	0.0	0.000216	0.0	0.0	0.0	47.333	0.0	0.0	0.0	0.0	4	0	0	0	1	0	0	0	0	45629	0	0	0	7	0	0	0	0	221006	0	0	0	0	0	0	0	0	18749	0	0	0	0	0	0	0	0	4616	0	0	0	0	0	0	0	0	53667	0	0	0	0	0	0	0	0	244.845	0.0	0.0	0.0	0.001606	0.0	0.0	0.0	0.0	0.999993	0.0	0.0	0.0	7.0e-6	0.0	0.0	0.0	0.0	
80	348345	532.049272412	2593.16	3051.6399999999985	35.946	0.972564	348333	0	0	0	8	0	0	0	0	0.00024	0.0	0.0	0.0	0.522865	0.0	0.0	0.0	0.0	75.2951	0.0	0.0	0.0	378.664	0.0	0.0	0.0	0.0	0.000216	0.0	0.0	0.0	47.333	0.0	0.0	0.0	0.0	4	0	0	0	1	0	0	0	0	46213	0	0	0	7	0	0	0	0	223907	0	0	0	0	0	0	0	0	19021	0	0	0	0	0	0	0	0	4680	0	0	0	0	0	0	0	0	54508	0	0	0	0	0	0	0	0	75.4627	0.0	0.0	0.0	0.001606	0.0	0.0	0.0	0.0	0.999979	0.0	0.0	0.0	2.1e-5	0.0	0.0	0.0	0.0	
81	350892	595.342373683	2593.16	2704.35	35.9077	0.972535	350879	0	0	0	9	0	0	0	0	0.000585	0.0	0.0	0.0	0.471078	0.0	0.0	0.0	0.0	75.8488	0.0	0.0	0.0	441.402	0.0	0.0	0.0	0.0	0.000216	0.0	0.0	0.0	49.0447	0.0	0.0	0.0	0.0	4	0	0	0	1	0	0	0	0	46568	0	0	0	8	0	0	0	0	225555	0	0	0	0	0	0	0	0	19183	0	0	0	0	0	0	0	0	4696	0	0	0	0	0	0	0	0	54873	0	0	0	0	0	0	0	0	184.042	0.0	0.0	0.0	0.001372	0.0	0.0	0.0	0.0	0.999993	0.0	0.0	0.0	7.0e-6	0.0	0.0	0.0	0.0	
82	355495	596.342502666	2593.16	2963.3199999999983	31.7655	0.96901	355482	0	0	0	9	0	0	0	0	0.000952	0.0	0.0	0.0	0.471078	0.0	0.0	0.0	0.0	76.847	0.0	0.0	0.0	441.402	0.0	0.0	0.0	0.0	0.000216	0.0	0.0	0.0	49.0447	0.0	0.0	0.0	0.0	4	0	0	0	1	0	0	0	0	47083	0	0	0	8	0	0	0	0	228277	0	0	0	0	0	0	0	0	19497	0	0	0	0	0	0	0	0	4769	0	0	0	0	0	0	0	0	55852	0	0	0	0	0	0	0	0	299.569	0.0	0.0	0.0	0.001372	0.0	0.0	0.0	0.0	0.999995	0.0	0.0	0.0	5.0e-6	0.0	0.0	0.0	0.0	
83	360098	597.342660131	2593.16	2979.2699999999986	31.7045	0.968951	360085	0	0	0	9	0	0	0	0	0.000659	0.0	0.0	0.0	0.471078	0.0	0.0	0.0	0.0	77.8451	0.0	0.0	0.0	441.402	0.0	0.0	0.0	0.0	0.000216	0.0	0.0	0.0	49.0447	0.0	0.0	0.0	0.0	4	0	0	0	1	0	0	0	0	47643	0	0	0	8	0	0	0	0	231016	0	0	0	0	0	0	0	0	19864	0	0	0	0	0	0	0	0	4802	0	0	0	0	0	0	0	0	56756	0	0	0	0	0	0	0	0	207.47	0.0	0.0	0.0	0.001372	0.0	0.0	0.0	0.0	0.999993	0.0	0.0	0.0	7.0e-6	0.0	0.0	0.0	0.0	
84	364706	598.342824531	2593.16	2909.7699999999986	31.6435	0.968892	364693	0	0	0	9	0	0	0	0	0.000329	0.0	0.0	0.0	0.471078	0.0	0.0	0.0	0.0	78.8433	0.0	0.0	0.0	441.402	0.0	0.0	0.0	0.0	0.000216	0.0	0.0	0.0	49.0447	0.0	0.0	0.0	0.0	4	0	0	0	1	0	0	0	0	48208	0	0	0	8	0	0	0	0	233868	0	0	0	0	0	0	0	0	20213	0	0	0	0	0	0	0	0	4869	0	0	0	0	0	0	0	0	57531	0	0	0	0	0	0	0	0	103.429	0.0	0.0	0.0	0.001372	0.0	0.0	0.0	0.0	0.999987	0.0	0.0	0.0	1.3e-5	0.0	0.0	0.0	0.0	
85	369366	599.342962233	2593.16	3005.0699999999983	31.5827	0.968833	369353	0	0	0	9	0	0	0	0	0.000381	0.0	0.0	0.0	0.471078	0.0	0.0	0.0	0.0	79.8415	0.0	0.0	0.0	441.402	0.0	0.0	0.0	0.0	0.000216	0.0	0.0	0.0	49.0447	0.0	0.0	0.0	0.0	4	0	0	0	1	0	0	0	0	48787	0	0	0	8	0	0	0	0	236714	0	0	0	0	0	0	0	0	20572	0	0	0	0	0	0	0	0	4957	0	0	0	0	0	0	0	0	58319	0	0	0	0	0	0	0	0	119.796	0.0	0.0	0.0	0.001372	0.0	0.0	0.0	0.0	0.999989	0.0	0.0	0.0	1.1e-5	0.0	0.0	0.0	0.0	
86	374009	600.342978024	2593.16	2931.669999999998	31.5221	0.968774	373996	0	0	0	9	0	0	0	0	8.5e-5	0.0	0.0	0.0	0.471078	0.0	0.0	0.0	0.0	80.8395	0.0	0.0	0.0	441.402	0.0	0.0	0.0	0.0	0.000216	0.0	0.0	0.0	49.0447	0.0	0.0	0.0	0.0	4	0	0	0	1	0	0	0	0	49376	0	0	0	8	0	0	0	0	239712	0	0	0	0	0	0	0	0	20856	0	0	0	0	0	0	0	0	5030	0	0	0	0	0	0	0	0	59018	0	0	0	0	0	0	0	0	26.6297	0.0	0.0	0.0	0.001372	0.0	0.0	0.0	0.0	0.999948	0.0	0.0	0.0	5.2e-5	0.0	0.0	0.0	0.0	
87	378692	601.343161698	2593.16	2929.8199999999983	31.4615	0.968715	378679	0	0	0	9	0	0	0	0	0.000432	0.0	0.0	0.0	0.471078	0.0	0.0	0.0	0.0	81.8377	0.0	0.0	0.0	441.402	0.0	0.0	0.0	0.0	0.000216	0.0	0.0	0.0	49.0447	0.0	0.0	0.0	0.0	4	0	0	0	1	0	0	0	0	49979	0	0	0	8	0	0	0	0	242580	0	0	0	0	0	0	0	0	21258	0	0	0	0	0	0	0	0	5079	0	0	0	0	0	0	0	0	59779	0	0	0	0	0	0	0	0	136.005	0.0	0.0	0.0	0.001372	0.0	0.0	0.0	0.0	0.99999	0.0	0.0	0.0	1.0e-5	0.0	0.0	0.0	0.0	
88	383367	602.343219503	2593.16	3045.8199999999983	31.401	0.968656	383354	0	0	0	9	0	0	0	0	0.000649	0.0	0.0	0.0	0.471078	0.0	0.0	0.0	0.0	82.8358	0.0	0.0	0.0	441.402	0.0	0.0	0.0	0.0	0.000216	0.0	0.0	0.0	49.0447	0.0	0.0	0.0	0.0	4	0	0	0	1	0	0	0	0	50576	0	0	0	8	0	0	0	0	245456	0	0	0	0	0	0	0	0	21641	0	0	0	0	0	0	0	0	5118	0	0	0	0	0	0	0	0	60559	0	0	0	0	0	0	0	0	204.455	0.0	0.0	0.0	0.001372	0.0	0.0	0.0	0.0	0.999993	0.0	0.0	0.0	7.0e-6	0.0	0.0	0.0	0.0	
89	388058	603.343394873	2593.16	3195.419999999998	31.3407	0.968596	388045	0	0	0	9	0	0	0	0	0.001005	0.0	0.0	0.0	0.471078	0.0	0.0	0.0	0.0	83.834	0.0	0.0	0.0	441.402	0.0	0.0	0.0	0.0	0.000216	0.0	0.0	0.0	49.0447	0.0	0.0	0.0	0.0	4	0	0	0	1	0	0	0	0	51188	0	0	0	8	0	0	0	0	248402	0	0	0	0	0	0	0	0	22014	0	0	0	0	0	0	0	0	5171	0	0	0	0	0	0	0	0	61266	0	0	0	0	0	0	0	0	316.564	0.0	0.0	0.0	0.001372	0.0	0.0	0.0	0.0	0.999996	0.0	0.0	0.0	4.0e-6	0.0	0.0	0.0	0.0	
90	390178	651.783972171	2593.16	2719.3	31.3139	0.96857	390164	0	0	0	10	0	0	0	0	0.000544	0.0	0.0	0.0	0.424471	0.0	0.0	0.0	0.0	84.2785	0.0	0.0	0.0	489.398	0.0	0.0	0.0	0.0	0.000216	0.0	0.0	0.0	48.9398	0.0	0.0	0.0	0.0	4	0	0	0	1	0	0	0	0	51491	0	0	0	9	0	0	0	0	249719	0	0	0	0	0	0	0	0	22195	0	0	0	0	0	0	0	0	5183	0	0	0	0	0	0	0	0	61572	0	0	0	0	0	0	0	0	171.408	0.0	0.0	0.0	0.00124	0.0	0.0	0.0	0.0	0.999993	0.0	0.0	0.0	7.0e-6	0.0	0.0	0.0	0.0	
91	394772	652.788037771	2593.16	2952.8100000000004	28.4982	0.965519	394758	0	0	0	10	0	0	0	0	0.000179	0.0	0.0	0.0	0.424471	0.0	0.0	0.0	0.0	85.2806	0.0	0.0	0.0	489.398	0.0	0.0	0.0	0.0	0.000216	0.0	0.0	0.0	48.9398	0.0	0.0	0.0	0.0	4	0	0	0	1	0	0	0	0	52032	0	0	0	9	0	0	0	0	252588	0	0	0	0	0	0	0	0	22623	0	0	0	0	0	0	0	0	5225	0	0	0	0	0	0	0	0	62286	0	0	0	0	0	0	0	0	56.3585	0.0	0.0	0.0	0.00124	0.0	0.0	0.0	0.0	0.999978	0.0	0.0	0.0	2.2e-5	0.0	0.0	0.0	0.0	
92	399367	653.788108307	2593.16	3017.9099999999994	28.4432	0.965453	399353	0	0	0	10	0	0	0	0	0.000362	0.0	0.0	0.0	0.424471	0.0	0.0	0.0	0.0	86.2786	0.0	0.0	0.0	489.398	0.0	0.0	0.0	0.0	0.000216	0.0	0.0	0.0	48.9398	0.0	0.0	0.0	0.0	4	0	0	0	1	0	0	0	0	52593	0	0	0	9	0	0	0	0	255373	0	0	0	0	0	0	0	0	23008	0	0	0	0	0	0	0	0	5278	0	0	0	0	0	0	0	0	63097	0	0	0	0	0	0	0	0	114.021	0.0	0.0	0.0	0.00124	0.0	0.0	0.0	0.0	0.999989	0.0	0.0	0.0	1.1e-5	0.0	0.0	0.0	0.0	
93	403962	654.788120272	2593.16	3044.7599999999998	28.3886	0.965388	403948	0	0	0	10	0	0	0	0	0.000152	0.0	0.0	0.0	0.424471	0.0	0.0	0.0	0.0	87.2767	0.0	0.0	0.0	489.398	0.0	0.0	0.0	0.0	0.000216	0.0	0.0	0.0	48.9398	0.0	0.0	0.0	0.0	4	0	0	0	1	0	0	0	0	53123	0	0	0	9	0	0	0	0	258212	0	0	0	0	0	0	0	0	23395	0	0	0	0	0	0	0	0	5326	0	0	0	0	0	0	0	0	63888	0	0	0	0	0	0	0	0	47.8497	0.0	0.0	0.0	0.00124	0.0	0.0	0.0	0.0	0.999974	0.0	0.0	0.0	2.6e-5	0.0	0.0	0.0	0.0	
94	408625	655.788177253	2593.16	3083.7599999999998	28.334	0.965322	408611	0	0	0	10	0	0	0	0	0.000639	0.0	0.0	0.0	0.424471	0.0	0.0	0.0	0.0	88.2748	0.0	0.0	0.0	489.398	0.0	0.0	0.0	0.0	0.000216	0.0	0.0	0.0	48.9398	0.0	0.0	0.0	0.0	4	0	0	0	1	0	0	0	0	53707	0	0	0	9	0	0	0	0	261162	0	0	0	0	0	0	0	0	23758	0	0	0	0	0	0	0	0	5376	0	0	0	0	0	0	0	0	64604	0	0	0	0	0	0	0	0	201.321	0.0	0.0	0.0	0.00124	0.0	0.0	0.0	0.0	0.999994	0.0	0.0	0.0	6.0e-6	0.0	0.0	0.0	0.0	
95	413299	656.788209045	2593.16	2953.1099999999997	28.2796	0.965257	413285	0	0	0	10	0	0	0	0	0.000553	0.0	0.0	0.0	0.424471	0.0	0.0	0.0	0.0	89.2728	0.0	0.0	0.0	489.398	0.0	0.0	0.0	0.0	0.000216	0.0	0.0	0.0	48.9398	0.0	0.0	0.0	0.0	4	0	0	0	1	0	0	0	0	54279	0	0	0	9	0	0	0	0	264028	0	0	0	0	0	0	0	0	24185	0	0	0	0	0	0	0	0	5445	0	0	0	0	0	0	0	0	65344	0	0	0	0	0	0	0	0	174.264	0.0	0.0	0.0	0.00124	0.0	0.0	0.0	0.0	0.999993	0.0	0.0	0.0	7.0e-6	0.0	0.0	0.0	0.0	
96	418014	657.789087126	2593.16	2768.8099999999995	28.2255	0.965191	418000	0	0	0	10	0	0	0	0	0.000671	0.0	0.0	0.0	0.424471	0.0	0.0	0.0	0.0	90.2718	0.0	0.0	0.0	489.398	0.0	0.0	0.0	0.0	0.000216	0.0	0.0	0.0	48.9398	0.0	0.0	0.0	0.0	4	0	0	0	1	0	0	0	0	54865	0	0	0	9	0	0	0	0	266949	0	0	0	0	0	0	0	0	24588	0	0	0	0	0	0	0	0	5531	0	0	0	0	0	0	0	0	66063	0	0	0	0	0	0	0	0	211.381	0.0	0.0	0.0	0.00124	0.0	0.0	0.0	0.0	0.999994	0.0	0.0	0.0	6.0e-6	0.0	0.0	0.0	0.0	
97	422776	658.789145737	2593.16	2857.459999999999	28.171	0.965125	422762	0	0	0	10	0	0	0	0	0.000312	0.0	0.0	0.0	0.424471	0.0	0.0	0.0	0.0	91.2699	0.0	0.0	0.0	489.398	0.0	0.0	0.0	0.0	0.000216	0.0	0.0	0.0	48.9398	0.0	0.0	0.0	0.0	4	0	0	0	1	0	0	0	0	55454	0	0	0	9	0	0	0	0	269952	0	0	0	0	0	0	0	0	24919	0	0	0	0	0	0	0	0	5606	0	0	0	0	0	0	0	0	66827	0	0	0	0	0	0	0	0	98.4226	0.0	0.0	0.0	0.00124	0.0	0.0	0.0	0.0	0.999987	0.0	0.0	0.0	1.3e-5	0.0	0.0	0.0	0.0	
98	427496	659.78927952	2593.16	3118.0100000000007	28.1169	0.965059	427482	0	0	0	10	0	0	0	0	0.000472	0.0	0.0	0.0	0.424471	0.0	0.0	0.0	0.0	92.2681	0.0	0.0	0.0	489.398	0.0	0.0	0.0	0.0	0.000216	0.0	0.0	0.0	48.9398	0.0	0.0	0.0	0.0	4	0	0	0	1	0	0	0	0	56035	0	0	0	9	0	0	0	0	272894	0	0	0	0	0	0	0	0	25330	0	0	0	0	0	0	0	0	5674	0	0	0	0	0	0	0	0	67545	0	0	0	0	0	0	0	0	148.818	0.0	0.0	0.0	0.00124	0.0	0.0	0.0	0.0	0.999992	0.0	0.0	0.0	8.0e-6	0.0	0.0	0.0	0.0	
99	432196	660.789421759	2593.16	2977.66	28.0628	0.964993	432182	0	0	0	10	0	0	0	0	0.000589	0.0	0.0	0.0	0.424471	0.0	0.0	0.0	0.0	93.2662	0.0	0.0	0.0	489.398	0.0	0.0	0.0	0.0	0.000216	0.0	0.0	0.0	48.9398	0.0	0.0	0.0	0.0	4	0	0	0	1	0	0	0	0	56632	0	0	0	9	0	0	0	0	275884	0	0	0	0	0	0	0	0	25692	0	0	0	0	0	0	0	0	5752	0	0	0	0	0	0	0	0	68218	0	0	0	0	0	0	0	0	185.852	0.0	0.0	0.0	0.00124	0.0	0.0	0.0	0.0	0.999993	0.0	0.0	0.0	7.0e-6	0.0	0.0	0.0	0.0	
100	436859	661.791370886	2593.16	2869.0599999999995	28.009	0.964927	436845	0	0	0	10	0	0	0	0	0.000438	0.0	0.0	0.0	0.424471	0.0	0.0	0.0	0.0	94.2662	0.0	0.0	0.0	489.398	0.0	0.0	0.0	0.0	0.000216	0.0	0.0	0.0	48.9398	0.0	0.0	0.0	0.0	4	0	0	0	1	0	0	0	0	57139	0	0	0	9	0	0	0	0	278751	0	0	0	0	0	0	0	0	26074	0	0	0	0	0	0	0	0	5925	0	0	0	0	0	0	0	0	68952	0	0	0	0	0	0	0	0	138.224	0.0	0.0	0.0	0.00124	0.0	0.0	0.0	0.0	0.999991	0.0	0.0	0.0	9.0e-6	0.0	0.0	0.0	0.0	
101	441511	662.791444011	2593.16	3053.0600000000004	27.955	0.96486	441497	0	0	0	10	0	0	0	0	0.000413	0.0	0.0	0.0	0.424471	0.0	0.0	0.0	0.0	95.2643	0.0	0.0	0.0	489.398	0.0	0.0	0.0	0.0	0.000216	0.0	0.0	0.0	48.9398	0.0	0.0	0.0	0.0	4	0	0	0	1	0	0	0	0	57671	0	0	0	9	0	0	0	0	281788	0	0	0	0	0	0	0	0	26427	0	0	0	0	0	0	0	0	6056	0	0	0	0	0	0	0	0	69551	0	0	0	0	0	0	0	0	130.399	0.0	0.0	0.0	0.00124	0.0	0.0	0.0	0.0	0.99999	0.0	0.0	0.0	1.0e-5	0.0	0.0	0.0	0.0	
102	446188	663.791474175	2593.16	3059.41	27.9013	0.964794	446174	0	0	0	10	0	0	0	0	0.001246	0.0	0.0	0.0	0.424471	0.0	0.0	0.0	0.0	96.2624	0.0	0.0	0.0	489.398	0.0	0.0	0.0	0.0	0.000216	0.0	0.0	0.0	48.9398	0.0	0.0	0.0	0.0	4	0	0	0	1	0	0	0	0	58213	0	0	0	9	0	0	0	0	284663	0	0	0	0	0	0	0	0	26851	0	0	0	0	0	0	0	0	6118	0	0	0	0	0	0	0	0	70325	0	0	0	0	0	0	0	0	393.102	0.0	0.0	0.0	0.00124	0.0	0.0	0.0	0.0	0.999997	0.0	0.0	0.0	3.0e-6	0.0	0.0	0.0	0.0	
103	450766	664.791595706	2593.16	3074.41	27.8477	0.964727	450752	0	0	0	10	0	0	0	0	0.000405	0.0	0.0	0.0	0.424471	0.0	0.0	0.0	0.0	97.2606	0.0	0.0	0.0	489.398	0.0	0.0	0.0	0.0	0.000216	0.0	0.0	0.0	48.9398	0.0	0.0	0.0	0.0	4	0	0	0	1	0	0	0	0	58762	0	0	0	9	0	0	0	0	287662	0	0	0	0	0	0	0	0	27197	0	0	0	0	0	0	0	0	6175	0	0	0	0	0	0	0	0	70952	0	0	0	0	0	0	0	0	127.825	0.0	0.0	0.0	0.00124	0.0	0.0	0.0	0.0	0.99999	0.0	0.0	0.0	1.0e-5	0.0	0.0	0.0	0.0	
104	455426	665.79177283	2593.16	2850.46	27.7942	0.964661	455412	0	0	0	10	0	0	0	0	0.000791	0.0	0.0	0.0	0.424471	0.0	0.0	0.0	0.0	98.2588	0.0	0.0	0.0	489.398	0.0	0.0	0.0	0.0	0.000216	0.0	0.0	0.0	48.9398	0.0	0.0	0.0	0.0	4	0	0	0	1	0	0	0	0	59242	0	0	0	9	0	0	0	0	290676	0	0	0	0	0	0	0	0	27612	0	0	0	0	0	0	0	0	6269	0	0	0	0	0	0	0	0	71609	0	0	0	0	0	0	0	0	249.58	0.0	0.0	0.0	0.00124	0.0	0.0	0.0	0.0	0.999995	0.0	0.0	0.0	5.0e-6	0.0	0.0	0.0	0.0	
105	460073	666.791787697	2593.16	3002.51	27.7408	0.964594	460059	0	0	0	10	0	0	0	0	0.000613	0.0	0.0	0.0	0.424471	0.0	0.0	0.0	0.0	99.2569	0.0	0.0	0.0	489.398	0.0	0.0	0.0	0.0	0.000216	0.0	0.0	0.0	48.9398	0.0	0.0	0.0	0.0	4	0	0	0	1	0	0	0	0	59757	0	0	0	9	0	0	0	0	293612	0	0	0	0	0	0	0	0	28066	0	0	0	0	0	0	0	0	6313	0	0	0	0	0	0	0	0	72307	0	0	0	0	0	0	0	0	193.366	0.0	0.0	0.0	0.00124	0.0	0.0	0.0	0.0	0.999994	0.0	0.0	0.0	6.0e-6	0.0	0.0	0.0	0.0	
106	464772	667.791820165	2593.16	3012.0100000000007	27.6875	0.964527	464758	0	0	0	10	0	0	0	0	0.000257	0.0	0.0	0.0	0.424471	0.0	0.0	0.0	0.0	100.255	0.0	0.0	0.0	489.398	0.0	0.0	0.0	0.0	0.000216	0.0	0.0	0.0	48.9398	0.0	0.0	0.0	0.0	4	0	0	0	1	0	0	0	0	60290	0	0	0	9	0	0	0	0	296578	0	0	0	0	0	0	0	0	28474	0	0	0	0	0	0	0	0	6377	0	0	0	0	0	0	0	0	73035	0	0	0	0	0	0	0	0	81.1261	0.0	0.0	0.0	0.00124	0.0	0.0	0.0	0.0	0.999985	0.0	0.0	0.0	1.5e-5	0.0	0.0	0.0	0.0	
107	469447	668.79195092	2593.16	2935.31	27.6343	0.96446	469433	0	0	0	10	0	0	0	0	0.000899	0.0	0.0	0.0	0.424471	0.0	0.0	0.0	0.0	101.253	0.0	0.0	0.0	489.398	0.0	0.0	0.0	0.0	0.000216	0.0	0.0	0.0	48.9398	0.0	0.0	0.0	0.0	4	0	0	0	1	0	0	0	0	60834	0	0	0	9	0	0	0	0	299466	0	0	0	0	0	0	0	0	28853	0	0	0	0	0	0	0	0	6460	0	0	0	0	0	0	0	0	73816	0	0	0	0	0	0	0	0	283.825	0.0	0.0	0.0	0.00124	0.0	0.0	0.0	0.0	0.999996	0.0	0.0	0.0	4.0e-6	0.0	0.0	0.0	0.0	
108	474111	669.792113813	2593.16	2880.5100000000007	27.5812	0.964393	474097	0	0	0	10	0	0	0	0	0.000575	0.0	0.0	0.0	0.424471	0.0	0.0	0.0	0.0	102.251	0.0	0.0	0.0	489.398	0.0	0.0	0.0	0.0	0.000216	0.0	0.0	0.0	48.9398	0.0	0.0	0.0	0.0	4	0	0	0	1	0	0	0	0	61405	0	0	0	9	0	0	0	0	302454	0	0	0	0	0	0	0	0	29306	0	0	0	0	0	0	0	0	6523	0	0	0	0	0	0	0	0	74405	0	0	0	0	0	0	0	0	181.591	0.0	0.0	0.0	0.00124	0.0	0.0	0.0	0.0	0.999993	0.0	0.0	0.0	7.0e-6	0.0	0.0	0.0	0.0	
109	478813	670.792230582	2593.16	3104.06	27.5282	0.964325	478799	0	0	0	10	0	0	0	0	0.000576	0.0	0.0	0.0	0.424471	0.0	0.0	0.0	0.0	103.249	0.0	0.0	0.0	489.398	0.0	0.0	0.0	0.0	0.000216	0.0	0.0	0.0	48.9398	0.0	0.0	0.0	0.0	4	0	0	0	1	0	0	0	0	62006	0	0	0	9	0	0	0	0	305537	0	0	0	0	0	0	0	0	29742	0	0	0	0	0	0	0	0	6583	0	0	0	0	0	0	0	0	74927	0	0	0	0	0	0	0	0	181.768	0.0	0.0	0.0	0.00124	0.0	0.0	0.0	0.0	0.999993	0.0	0.0	0.0	7.0e-6	0.0	0.0	0.0	0.0	
110	483508	671.792307212	2593.16	2918.2599999999998	27.4753	0.964258	483494	0	0	0	10	0	0	0	0	0.000899	0.0	0.0	0.0	0.424471	0.0	0.0	0.0	0.0	104.248	0.0	0.0	0.0	489.398	0.0	0.0	0.0	0.0	0.000216	0.0	0.0	0.0	48.9398	0.0	0.0	0.0	0.0	4	0	0	0	1	0	0	0	0	62623	0	0	0	9	0	0	0	0	308651	0	0	0	0	0	0	0	0	30074	0	0	0	0	0	0	0	0	6622	0	0	0	0	0	0	0	0	75520	0	0	0	0	0	0	0	0	283.832	0.0	0.0	0.0	0.00124	0.0	0.0	0.0	0.0	0.999996	0.0	0.0	0.0	4.0e-6	0.0	0.0	0.0	0.0	
111	488249	672.792360723	2593.16	2912.8100000000004	27.4225	0.964191	488235	0	0	0	10	0	0	0	0	0.000532	0.0	0.0	0.0	0.424471	0.0	0.0	0.0	0.0	105.246	0.0	0.0	0.0	489.398	0.0	0.0	0.0	0.0	0.000216	0.0	0.0	0.0	48.9398	0.0	0.0	0.0	0.0	4	0	0	0	1	0	0	0	0	63285	0	0	0	9	0	0	0	0	311591	0	0	0	0	0	0	0	0	30445	0	0	0	0	0	0	0	0	6661	0	0	0	0	0	0	0	0	76249	0	0	0	0	0	0	0	0	168.082	0.0	0.0	0.0	0.00124	0.0	0.0	0.0	0.0	0.999993	0.0	0.0	0.0	7.0e-6	0.0	0.0	0.0	0.0	
112	492974	673.792409742	2593.16	3256.26	27.3698	0.964123	492960	0	0	0	10	0	0	0	0	0.000639	0.0	0.0	0.0	0.424471	0.0	0.0	0.0	0.0	106.244	0.0	0.0	0.0	489.398	0.0	0.0	0.0	0.0	0.000216	0.0	0.0	0.0	48.9398	0.0	0.0	0.0	0.0	4	0	0	0	1	0	0	0	0	63852	0	0	0	9	0	0	0	0	314575	0	0	0	0	0	0	0	0	30870	0	0	0	0	0	0	0	0	6726	0	0	0	0	0	0	0	0	76933	0	0	0	0	0	0	0	0	202.095	0.0	0.0	0.0	0.00124	0.0	0.0	0.0	0.0	0.999994	0.0	0.0	0.0	6.0e-6	0.0	0.0	0.0	0.0	
113	497737	674.792457826	2593.16	3059.76	27.3172	0.964055	497723	0	0	0	10	0	0	0	0	0.000531	0.0	0.0	0.0	0.424471	0.0	0.0	0.0	0.0	107.242	0.0	0.0	0.0	489.398	0.0	0.0	0.0	0.0	0.000215	0.0	0.0	0.0	48.9398	0.0	0.0	0.0	0.0	4	0	0	0	1	0	0	0	0	64419	0	0	0	9	0	0	0	0	317559	0	0	0	0	0	0	0	0	31293	0	0	0	0	0	0	0	0	6801	0	0	0	0	0	0	0	0	77647	0	0	0	0	0	0	0	0	167.767	0.0	0.0	0.0	0.00124	0.0	0.0	0.0	0.0	0.999993	0.0	0.0	0.0	7.0e-6	0.0	0.0	0.0	0.0	
114	502433	675.792614605	2593.16	3050.8100000000004	27.2648	0.963987	502419	0	0	0	10	0	0	0	0	0.000513	0.0	0.0	0.0	0.424471	0.0	0.0	0.0	0.0	108.24	0.0	0.0	0.0	489.398	0.0	0.0	0.0	0.0	0.000215	0.0	0.0	0.0	48.9398	0.0	0.0	0.0	0.0	4	0	0	0	1	0	0	0	0	64940	0	0	0	9	0	0	0	0	320560	0	0	0	0	0	0	0	0	31692	0	0	0	0	0	0	0	0	6883	0	0	0	0	0	0	0	0	78340	0	0	0	0	0	0	0	0	162.156	0.0	0.0	0.0	0.00124	0.0	0.0	0.0	0.0	0.999992	0.0	0.0	0.0	8.0e-6	0.0	0.0	0.0	0.0	
115	507104	676.792789824	2593.16	3077.6599999999994	27.2124	0.963919	507090	0	0	0	10	0	0	0	0	0.000815	0.0	0.0	0.0	0.424471	0.0	0.0	0.0	0.0	109.238	0.0	0.0	0.0	489.398	0.0	0.0	0.0	0.0	0.000215	0.0	0.0	0.0	48.9398	0.0	0.0	0.0	0.0	4	0	0	0	1	0	0	0	0	65494	0	0	0	9	0	0	0	0	323585	0	0	0	0	0	0	0	0	32134	0	0	0	0	0	0	0	0	6952	0	0	0	0	0	0	0	0	78921	0	0	0	0	0	0	0	0	257.682	0.0	0.0	0.0	0.00124	0.0	0.0	0.0	0.0	0.999995	0.0	0.0	0.0	5.0e-6	0.0	0.0	0.0	0.0	
116	511819	677.792993109	2593.16	3013.8599999999997	27.1601	0.963851	511805	0	0	0	10	0	0	0	0	0.000307	0.0	0.0	0.0	0.424471	0.0	0.0	0.0	0.0	110.236	0.0	0.0	0.0	489.398	0.0	0.0	0.0	0.0	0.000215	0.0	0.0	0.0	48.9398	0.0	0.0	0.0	0.0	4	0	0	0	1	0	0	0	0	66030	0	0	0	9	0	0	0	0	326528	0	0	0	0	0	0	0	0	32574	0	0	0	0	0	0	0	0	6982	0	0	0	0	0	0	0	0	79687	0	0	0	0	0	0	0	0	97.0818	0.0	0.0	0.0	0.00124	0.0	0.0	0.0	0.0	0.999987	0.0	0.0	0.0	1.3e-5	0.0	0.0	0.0	0.0	
117	516375	678.793035941	2593.16	2947.3600000000006	27.1079	0.963783	516361	0	0	0	10	0	0	0	0	0.000774	0.0	0.0	0.0	0.424471	0.0	0.0	0.0	0.0	111.235	0.0	0.0	0.0	489.398	0.0	0.0	0.0	0.0	0.000215	0.0	0.0	0.0	48.9398	0.0	0.0	0.0	0.0	4	0	0	0	1	0	0	0	0	66544	0	0	0	9	0	0	0	0	329406	0	0	0	0	0	0	0	0	33007	0	0	0	0	0	0	0	0	7038	0	0	0	0	0	0	0	0	80362	0	0	0	0	0	0	0	0	244.858	0.0	0.0	0.0	0.00124	0.0	0.0	0.0	0.0	0.999995	0.0	0.0	0.0	5.0e-6	0.0	0.0	0.0	0.0	
118	521006	679.79459506	2593.16	3096.26	27.0559	0.963714	520992	0	0	0	10	0	0	0	0	0.000587	0.0	0.0	0.0	0.424471	0.0	0.0	0.0	0.0	112.234	0.0	0.0	0.0	489.398	0.0	0.0	0.0	0.0	0.000215	0.0	0.0	0.0	48.9398	0.0	0.0	0.0	0.0	4	0	0	0	1	0	0	0	0	67077	0	0	0	9	0	0	0	0	332352	0	0	0	0	0	0	0	0	33364	0	0	0	0	0	0	0	0	7093	0	0	0	0	0	0	0	0	81102	0	0	0	0	0	0	0	0	185.502	0.0	0.0	0.0	0.00124	0.0	0.0	0.0	0.0	0.999993	0.0	0.0	0.0	7.0e-6	0.0	0.0	0.0	0.0	
119	525601	680.794666226	2593.16	3116.86	27.0037	0.963645	525587	0	0	0	10	0	0	0	0	0.000131	0.0	0.0	0.0	0.424471	0.0	0.0	0.0	0.0	113.232	0.0	0.0	0.0	489.398	0.0	0.0	0.0	0.0	0.000215	0.0	0.0	0.0	48.9398	0.0	0.0	0.0	0.0	4	0	0	0	1	0	0	0	0	67572	0	0	0	9	0	0	0	0	335334	0	0	0	0	0	0	0	0	33733	0	0	0	0	0	0	0	0	7159	0	0	0	0	0	0	0	0	81785	0	0	0	0	0	0	0	0	41.2897	0.0	0.0	0.0	0.00124	0.0	0.0	0.0	0.0	0.99997	0.0	0.0	0.0	3.0e-5	0.0	0.0	0.0	0.0	
120	530198	681.794757168	2593.16	3002.9599999999996	26.9519	0.963577	530184	0	0	0	10	0	0	0	0	0.000552	0.0	0.0	0.0	0.424471	0.0	0.0	0.0	0.0	114.23	0.0	0.0	0.0	489.398	0.0	0.0	0.0	0.0	0.000215	0.0	0.0	0.0	48.9398	0.0	0.0	0.0	0.0	4	0	0	0	1	0	0	0	0	68135	0	0	0	9	0	0	0	0	338262	0	0	0	0	0	0	0	0	34105	0	0	0	0	0	0	0	0	7276	0	0	0	0	0	0	0	0	82402	0	0	0	0	0	0	0	0	174.56	0.0	0.0	0.0	0.00124	0.0	0.0	0.0	0.0	0.999993	0.0	0.0	0.0	7.0e-6	0.0	0.0	0.0	0.0	
121	534832	682.794805945	2593.16	3023.1600000000003	26.9001	0.963508	534818	0	0	0	10	0	0	0	0	0.000215	0.0	0.0	0.0	0.424471	0.0	0.0	0.0	0.0	115.228	0.0	0.0	0.0	489.398	0.0	0.0	0.0	0.0	0.000215	0.0	0.0	0.0	48.9398	0.0	0.0	0.0	0.0	4	0	0	0	1	0	0	0	0	68696	0	0	0	9	0	0	0	0	341183	0	0	0	0	0	0	0	0	34516	0	0	0	0	0	0	0	0	7344	0	0	0	0	0	0	0	0	83075	0	0	0	0	0	0	0	0	68.1095	0.0	0.0	0.0	0.00124	0.0	0.0	0.0	0.0	0.999982	0.0	0.0	0.0	1.8e-5	0.0	0.0	0.0	0.0	
122	539472	683.7963953	2593.16	2980.91	26.8485	0.963439	539458	0	0	0	10	0	0	0	0	0.000616	0.0	0.0	0.0	0.424471	0.0	0.0	0.0	0.0	116.228	0.0	0.0	0.0	489.398	0.0	0.0	0.0	0.0	0.000215	0.0	0.0	0.0	48.9398	0.0	0.0	0.0	0.0	4	0	0	0	1	0	0	0	0	69286	0	0	0	9	0	0	0	0	344066	0	0	0	0	0	0	0	0	34942	0	0	0	0	0	0	0	0	7389	0	0	0	0	0	0	0	0	83771	0	0	0	0	0	0	0	0	194.838	0.0	0.0	0.0	0.00124	0.0	0.0	0.0	0.0	0.999994	0.0	0.0	0.0	6.0e-6	0.0	0.0	0.0	0.0	
123	544230	684.798827867	2593.16	3037.5600000000004	26.7968	0.96337	544216	0	0	0	10	0	0	0	0	0.000698	0.0	0.0	0.0	0.424471	0.0	0.0	0.0	0.0	117.228	0.0	0.0	0.0	489.398	0.0	0.0	0.0	0.0	0.000215	0.0	0.0	0.0	48.9398	0.0	0.0	0.0	0.0	4	0	0	0	1	0	0	0	0	69912	0	0	0	9	0	0	0	0	346998	0	0	0	0	0	0	0	0	35310	0	0	0	0	0	0	0	0	7427	0	0	0	0	0	0	0	0	84565	0	0	0	0	0	0	0	0	220.896	0.0	0.0	0.0	0.00124	0.0	0.0	0.0	0.0	0.999994	0.0	0.0	0.0	6.0e-6	0.0	0.0	0.0	0.0	
124	548900	685.798852614	2593.16	2762.66	26.7451	0.9633	548886	0	0	0	10	0	0	0	0	0.001197	0.0	0.0	0.0	0.424471	0.0	0.0	0.0	0.0	118.226	0.0	0.0	0.0	489.398	0.0	0.0	0.0	0.0	0.000215	0.0	0.0	0.0	48.9398	0.0	0.0	0.0	0.0	4	0	0	0	1	0	0	0	0	70510	0	0	0	9	0	0	0	0	349814	0	0	0	0	0	0	0	0	35746	0	0	0	0	0	0	0	0	7486	0	0	0	0	0	0	0	0	85326	0	0	0	0	0	0	0	0	378.764	0.0	0.0	0.0	0.00124	0.0	0.0	0.0	0.0	0.999997	0.0	0.0	0.0	3.0e-6	0.0	0.0	0.0	0.0	
125	553614	686.798998853	2593.16	3029.6600000000003	26.6937	0.963231	553600	0	0	0	10	0	0	0	0	0.000643	0.0	0.0	0.0	0.424471	0.0	0.0	0.0	0.0	119.224	0.0	0.0	0.0	489.398	0.0	0.0	0.0	0.0	0.000215	0.0	0.0	0.0	48.9398	0.0	0.0	0.0	0.0	4	0	0	0	1	0	0	0	0	71117	0	0	0	9	0	0	0	0	352724	0	0	0	0	0	0	0	0	36116	0	0	0	0	0	0	0	0	7534	0	0	0	0	0	0	0	0	86105	0	0	0	0	0	0	0	0	203.588	0.0	0.0	0.0	0.00124	0.0	0.0	0.0	0.0	0.999994	0.0	0.0	0.0	6.0e-6	0.0	0.0	0.0	0.0	
126	558199	687.799190077	2593.16	2819.7600000000007	26.6424	0.963162	558185	0	0	0	10	0	0	0	0	0.000681	0.0	0.0	0.0	0.424471	0.0	0.0	0.0	0.0	120.223	0.0	0.0	0.0	489.398	0.0	0.0	0.0	0.0	0.000215	0.0	0.0	0.0	48.9398	0.0	0.0	0.0	0.0	4	0	0	0	1	0	0	0	0	71719	0	0	0	9	0	0	0	0	355495	0	0	0	0	0	0	0	0	36535	0	0	0	0	0	0	0	0	7610	0	0	0	0	0	0	0	0	86822	0	0	0	0	0	0	0	0	215.416	0.0	0.0	0.0	0.00124	0.0	0.0	0.0	0.0	0.999994	0.0	0.0	0.0	6.0e-6	0.0	0.0	0.0	0.0	
127	562925	688.799249236	2593.16	2946.2600000000007	26.5913	0.963092	562911	0	0	0	10	0	0	0	0	0.000781	0.0	0.0	0.0	0.424471	0.0	0.0	0.0	0.0	121.221	0.0	0.0	0.0	489.398	0.0	0.0	0.0	0.0	0.000215	0.0	0.0	0.0	48.9398	0.0	0.0	0.0	0.0	4	0	0	0	1	0	0	0	0	72336	0	0	0	9	0	0	0	0	358328	0	0	0	0	0	0	0	0	36935	0	0	0	0	0	0	0	0	7638	0	0	0	0	0	0	0	0	87670	0	0	0	0	0	0	0	0	247.245	0.0	0.0	0.0	0.00124	0.0	0.0	0.0	0.0	0.999995	0.0	0.0	0.0	5.0e-6	0.0	0.0	0.0	0.0	
128	567642	689.79937866	2593.16	3054.5600000000004	26.5402	0.963022	567628	0	0	0	10	0	0	0	0	0.000309	0.0	0.0	0.0	0.424471	0.0	0.0	0.0	0.0	122.219	0.0	0.0	0.0	489.398	0.0	0.0	0.0	0.0	0.000215	0.0	0.0	0.0	48.9398	0.0	0.0	0.0	0.0	4	0	0	0	1	0	0	0	0	72921	0	0	0	9	0	0	0	0	361319	0	0	0	0	0	0	0	0	37345	0	0	0	0	0	0	0	0	7692	0	0	0	0	0	0	0	0	88347	0	0	0	0	0	0	0	0	97.7931	0.0	0.0	0.0	0.00124	0.0	0.0	0.0	0.0	0.999987	0.0	0.0	0.0	1.3e-5	0.0	0.0	0.0	0.0	
129	572298	690.799585883	2593.16	3115.8100000000004	26.4892	0.962952	572284	0	0	0	10	0	0	0	0	0.000375	0.0	0.0	0.0	0.424471	0.0	0.0	0.0	0.0	123.217	0.0	0.0	0.0	489.398	0.0	0.0	0.0	0.0	0.000215	0.0	0.0	0.0	48.9398	0.0	0.0	0.0	0.0	4	0	0	0	1	0	0	0	0	73497	0	0	0	9	0	0	0	0	364212	0	0	0	0	0	0	0	0	37709	0	0	0	0	0	0	0	0	7785	0	0	0	0	0	0	0	0	89077	0	0	0	0	0	0	0	0	118.553	0.0	0.0	0.0	0.00124	0.0	0.0	0.0	0.0	0.99999	0.0	0.0	0.0	1.0e-5	0.0	0.0	0.0	0.0	
130	576985	691.801246487	2593.16	2900.36	26.4384	0.962883	576971	0	0	0	10	0	0	0	0	0.000476	0.0	0.0	0.0	0.424471	0.0	0.0	0.0	0.0	124.217	0.0	0.0	0.0	489.398	0.0	0.0	0.0	0.0	0.000215	0.0	0.0	0.0	48.9398	0.0	0.0	0.0	0.0	4	0	0	0	1	0	0	0	0	74007	0	0	0	9	0	0	0	0	367131	0	0	0	0	0	0	0	0	38118	0	0	0	0	0	0	0	0	7880	0	0	0	0	0	0	0	0	89831	0	0	0	0	0	0	0	0	150.551	0.0	0.0	0.0	0.00124	0.0	0.0	0.0	0.0	0.999992	0.0	0.0	0.0	8.0e-6	0.0	0.0	0.0	0.0	
131	581769	692.801397612	2593.16	2960.710000000001	26.3874	0.962812	581755	0	0	0	10	0	0	0	0	0.000139	0.0	0.0	0.0	0.424471	0.0	0.0	0.0	0.0	125.215	0.0	0.0	0.0	489.398	0.0	0.0	0.0	0.0	0.000215	0.0	0.0	0.0	48.9398	0.0	0.0	0.0	0.0	4	0	0	0	1	0	0	0	0	74523	0	0	0	9	0	0	0	0	370074	0	0	0	0	0	0	0	0	38505	0	0	0	0	0	0	0	0	7992	0	0	0	0	0	0	0	0	90657	0	0	0	0	0	0	0	0	44.1621	0.0	0.0	0.0	0.00124	0.0	0.0	0.0	0.0	0.999972	0.0	0.0	0.0	2.8e-5	0.0	0.0	0.0	0.0	
132	586346	693.803436823	2593.16	3060.960000000001	26.3368	0.962742	586332	0	0	0	10	0	0	0	0	0.000554	0.0	0.0	0.0	0.424471	0.0	0.0	0.0	0.0	126.215	0.0	0.0	0.0	489.398	0.0	0.0	0.0	0.0	0.000215	0.0	0.0	0.0	48.9398	0.0	0.0	0.0	0.0	4	0	0	0	1	0	0	0	0	75055	0	0	0	9	0	0	0	0	372964	0	0	0	0	0	0	0	0	38894	0	0	0	0	0	0	0	0	8060	0	0	0	0	0	0	0	0	91355	0	0	0	0	0	0	0	0	175.516	0.0	0.0	0.0	0.00124	0.0	0.0	0.0	0.0	0.999993	0.0	0.0	0.0	7.0e-6	0.0	0.0	0.0	0.0	
133	591027	694.807505898	2593.16	3015.6600000000003	26.286	0.962671	591013	0	0	0	10	0	0	0	0	0.000829	0.0	0.0	0.0	0.424471	0.0	0.0	0.0	0.0	127.217	0.0	0.0	0.0	489.398	0.0	0.0	0.0	0.0	0.000215	0.0	0.0	0.0	48.9398	0.0	0.0	0.0	0.0	4	0	0	0	1	0	0	0	0	75565	0	0	0	9	0	0	0	0	375884	0	0	0	0	0	0	0	0	39280	0	0	0	0	0	0	0	0	8149	0	0	0	0	0	0	0	0	92131	0	0	0	0	0	0	0	0	262.391	0.0	0.0	0.0	0.00124	0.0	0.0	0.0	0.0	0.999995	0.0	0.0	0.0	5.0e-6	0.0	0.0	0.0	0.0	
134	595699	695.807651924	2593.16	2915.8600000000006	26.2353	0.962601	595685	0	0	0	10	0	0	0	0	0.000806	0.0	0.0	0.0	0.424471	0.0	0.0	0.0	0.0	128.215	0.0	0.0	0.0	489.398	0.0	0.0	0.0	0.0	0.000215	0.0	0.0	0.0	48.9398	0.0	0.0	0.0	0.0	4	0	0	0	1	0	0	0	0	76089	0	0	0	9	0	0	0	0	378769	0	0	0	0	0	0	0	0	39723	0	0	0	0	0	0	0	0	8174	0	0	0	0	0	0	0	0	92926	0	0	0	0	0	0	0	0	255.152	0.0	0.0	0.0	0.00124	0.0	0.0	0.0	0.0	0.999995	0.0	0.0	0.0	5.0e-6	0.0	0.0	0.0	0.0	
135	600243	696.807799766	2593.16	3029.56	26.1849	0.96253	600229	0	0	0	10	0	0	0	0	0.000964	0.0	0.0	0.0	0.424471	0.0	0.0	0.0	0.0	129.213	0.0	0.0	0.0	489.398	0.0	0.0	0.0	0.0	0.000215	0.0	0.0	0.0	48.9398	0.0	0.0	0.0	0.0	4	0	0	0	1	0	0	0	0	76606	0	0	0	9	0	0	0	0	381622	0	0	0	0	0	0	0	0	40124	0	0	0	0	0	0	0	0	8253	0	0	0	0	0	0	0	0	93620	0	0	0	0	0	0	0	0	305.116	0.0	0.0	0.0	0.00124	0.0	0.0	0.0	0.0	0.999996	0.0	0.0	0.0	4.0e-6	0.0	0.0	0.0	0.0	
136	604873	697.807829966	2593.16	2904.1599999999994	26.1346	0.962459	604859	0	0	0	10	0	0	0	0	0.000726	0.0	0.0	0.0	0.424471	0.0	0.0	0.0	0.0	130.211	0.0	0.0	0.0	489.398	0.0	0.0	0.0	0.0	0.000215	0.0	0.0	0.0	48.9398	0.0	0.0	0.0	0.0	4	0	0	0	1	0	0	0	0	77142	0	0	0	9	0	0	0	0	384482	0	0	0	0	0	0	0	0	40542	0	0	0	0	0	0	0	0	8299	0	0	0	0	0	0	0	0	94390	0	0	0	0	0	0	0	0	230.007	0.0	0.0	0.0	0.00124	0.0	0.0	0.0	0.0	0.999995	0.0	0.0	0.0	5.0e-6	0.0	0.0	0.0	0.0	
137	609427	698.807993913	2593.16	2942.0600000000004	26.0843	0.962388	609413	0	0	0	10	0	0	0	0	0.000759	0.0	0.0	0.0	0.424471	0.0	0.0	0.0	0.0	131.21	0.0	0.0	0.0	489.398	0.0	0.0	0.0	0.0	0.000215	0.0	0.0	0.0	48.9398	0.0	0.0	0.0	0.0	4	0	0	0	1	0	0	0	0	77663	0	0	0	9	0	0	0	0	387379	0	0	0	0	0	0	0	0	41024	0	0	0	0	0	0	0	0	8371	0	0	0	0	0	0	0	0	94972	0	0	0	0	0	0	0	0	240.318	0.0	0.0	0.0	0.00124	0.0	0.0	0.0	0.0	0.999995	0.0	0.0	0.0	5.0e-6	0.0	0.0	0.0	0.0	
138	614033	699.808203141	2593.16	3007.11	26.0342	0.962317	614019	0	0	0	10	0	0	0	0	0.000302	0.0	0.0	0.0	0.424471	0.0	0.0	0.0	0.0	132.208	0.0	0.0	0.0	489.398	0.0	0.0	0.0	0.0	0.000215	0.0	0.0	0.0	48.9398	0.0	0.0	0.0	0.0	4	0	0	0	1	0	0	0	0	78155	0	0	0	9	0	0	0	0	390342	0	0	0	0	0	0	0	0	41439	0	0	0	0	0	0	0	0	8430	0	0	0	0	0	0	0	0	95649	0	0	0	0	0	0	0	0	95.4993	0.0	0.0	0.0	0.00124	0.0	0.0	0.0	0.0	0.999987	0.0	0.0	0.0	1.3e-5	0.0	0.0	0.0	0.0	
139	618610	700.808384634	2593.16	3027.0099999999998	25.9842	0.962246	618596	0	0	0	10	0	0	0	0	0.000405	0.0	0.0	0.0	0.424471	0.0	0.0	0.0	0.0	133.206	0.0	0.0	0.0	489.398	0.0	0.0	0.0	0.0	0.000215	0.0	0.0	0.0	48.9398	0.0	0.0	0.0	0.0	4	0	0	0	1	0	0	0	0	78589	0	0	0	9	0	0	0	0	393170	0	0	0	0	0	0	0	0	41854	0	0	0	0	0	0	0	0	8531	0	0	0	0	0	0	0	0	96448	0	0	0	0	0	0	0	0	128.057	0.0	0.0	0.0	0.00124	0.0	0.0	0.0	0.0	0.99999	0.0	0.0	0.0	1.0e-5	0.0	0.0	0.0	0.0	
140	623281	701.80849836	2593.16	2950.21	25.9343	0.962175	623267	0	0	0	10	0	0	0	0	0.000455	0.0	0.0	0.0	0.424471	0.0	0.0	0.0	0.0	134.204	0.0	0.0	0.0	489.398	0.0	0.0	0.0	0.0	0.000215	0.0	0.0	0.0	48.9398	0.0	0.0	0.0	0.0	4	0	0	0	1	0	0	0	0	79072	0	0	0	9	0	0	0	0	396069	0	0	0	0	0	0	0	0	42253	0	0	0	0	0	0	0	0	8621	0	0	0	0	0	0	0	0	97248	0	0	0	0	0	0	0	0	143.973	0.0	0.0	0.0	0.00124	0.0	0.0	0.0	0.0	0.999991	0.0	0.0	0.0	9.0e-6	0.0	0.0	0.0	0.0	
141	627909	702.813234994	2593.16	2945.21	25.8845	0.962104	627895	0	0	0	10	0	0	0	0	0.0008	0.0	0.0	0.0	0.424471	0.0	0.0	0.0	0.0	135.207	0.0	0.0	0.0	489.398	0.0	0.0	0.0	0.0	0.000215	0.0	0.0	0.0	48.9398	0.0	0.0	0.0	0.0	4	0	0	0	1	0	0	0	0	79566	0	0	0	9	0	0	0	0	399000	0	0	0	0	0	0	0	0	42670	0	0	0	0	0	0	0	0	8699	0	0	0	0	0	0	0	0	97956	0	0	0	0	0	0	0	0	253.065	0.0	0.0	0.0	0.00124	0.0	0.0	0.0	0.0	0.999995	0.0	0.0	0.0	5.0e-6	0.0	0.0	0.0	0.0	
142	631669	883.698305586	2523.75	2523.75	25.8434	0.962044	631654	0	0	0	11	0	0	0	0	0.000592	0.0	0.0	0.0	0.482023	0.0	0.0	0.0	0.0	136.026	0.0	0.0	0.0	669.462	0.0	0.0	0.0	0.0	0.000215	0.0	0.0	0.0	60.8602	0.0	0.0	0.0	0.0	4	0	0	0	2	0	0	0	0	80018	0	0	0	9	0	0	0	0	401378	0	0	0	0	0	0	0	0	42961	0	0	0	0	0	0	0	0	8734	0	0	0	0	0	0	0	0	98559	0	0	0	0	0	0	0	0	187.437	0.0	0.0	0.0	0.001015	0.0	0.0	0.0	0.0	0.999995	0.0	0.0	0.0	5.0e-6	0.0	0.0	0.0	0.0	
143	635805	884.698527659	2485.439999999999	2656.139999999999	18.2444	0.946664	635790	0	0	0	11	0	0	0	0	0.000585	0.0	0.0	0.0	0.482023	0.0	0.0	0.0	0.0	137.024	0.0	0.0	0.0	669.462	0.0	0.0	0.0	0.0	0.000216	0.0	0.0	0.0	60.8602	0.0	0.0	0.0	0.0	10	0	0	0	2	0	0	0	0	80406	0	0	0	9	0	0	0	0	403749	0	0	0	0	0	0	0	0	43512	0	0	0	0	0	0	0	0	8775	0	0	0	0	0	0	0	0	99338	0	0	0	0	0	0	0	0	184.957	0.0	0.0	0.0	0.001015	0.0	0.0	0.0	0.0	0.999995	0.0	0.0	0.0	5.0e-6	0.0	0.0	0.0	0.0	
144	640050	885.698702949	2485.439999999999	2782.4899999999984	18.2094	0.946564	640035	0	0	0	11	0	0	0	0	0.000356	0.0	0.0	0.0	0.482023	0.0	0.0	0.0	0.0	138.022	0.0	0.0	0.0	669.462	0.0	0.0	0.0	0.0	0.000216	0.0	0.0	0.0	60.8602	0.0	0.0	0.0	0.0	10	0	0	0	2	0	0	0	0	80806	0	0	0	9	0	0	0	0	406264	0	0	0	0	0	0	0	0	44079	0	0	0	0	0	0	0	0	8824	0	0	0	0	0	0	0	0	100052	0	0	0	0	0	0	0	0	112.359	0.0	0.0	0.0	0.001015	0.0	0.0	0.0	0.0	0.999991	0.0	0.0	0.0	9.0e-6	0.0	0.0	0.0	0.0	
145	644308	886.698798642	2485.439999999999	2720.489999999999	18.1744	0.946464	644293	0	0	0	11	0	0	0	0	0.000558	0.0	0.0	0.0	0.482023	0.0	0.0	0.0	0.0	139.02	0.0	0.0	0.0	669.462	0.0	0.0	0.0	0.0	0.000216	0.0	0.0	0.0	60.8602	0.0	0.0	0.0	0.0	10	0	0	0	2	0	0	0	0	81260	0	0	0	9	0	0	0	0	408824	0	0	0	0	0	0	0	0	44516	0	0	0	0	0	0	0	0	8869	0	0	0	0	0	0	0	0	100814	0	0	0	0	0	0	0	0	176.102	0.0	0.0	0.0	0.001015	0.0	0.0	0.0	0.0	0.999994	0.0	0.0	0.0	6.0e-6	0.0	0.0	0.0	0.0	
146	648581	887.69887382	2485.439999999999	2661.339999999999	18.1395	0.946364	648566	0	0	0	11	0	0	0	0	0.000321	0.0	0.0	0.0	0.482023	0.0	0.0	0.0	0.0	140.018	0.0	0.0	0.0	669.462	0.0	0.0	0.0	0.0	0.000216	0.0	0.0	0.0	60.8602	0.0	0.0	0.0	0.0	10	0	0	0	2	0	0	0	0	81667	0	0	0	9	0	0	0	0	411433	0	0	0	0	0	0	0	0	45083	0	0	0	0	0	0	0	0	8885	0	0	0	0	0	0	0	0	101488	0	0	0	0	0	0	0	0	101.333	0.0	0.0	0.0	0.001015	0.0	0.0	0.0	0.0	0.99999	0.0	0.0	0.0	1.0e-5	0.0	0.0	0.0	0.0	
147	652893	888.699099718	2485.439999999999	2847.0899999999983	18.1046	0.946263	652878	0	0	0	11	0	0	0	0	0.000622	0.0	0.0	0.0	0.482023	0.0	0.0	0.0	0.0	141.017	0.0	0.0	0.0	669.462	0.0	0.0	0.0	0.0	0.000216	0.0	0.0	0.0	60.8602	0.0	0.0	0.0	0.0	10	0	0	0	2	0	0	0	0	82111	0	0	0	9	0	0	0	0	414101	0	0	0	0	0	0	0	0	45609	0	0	0	0	0	0	0	0	8899	0	0	0	0	0	0	0	0	102148	0	0	0	0	0	0	0	0	196.057	0.0	0.0	0.0	0.001015	0.0	0.0	0.0	0.0	0.999995	0.0	0.0	0.0	5.0e-6	0.0	0.0	0.0	0.0	
148	657233	889.69946329	2485.439999999999	2880.7399999999984	18.07	0.946163	657218	0	0	0	11	0	0	0	0	0.000219	0.0	0.0	0.0	0.482023	0.0	0.0	0.0	0.0	142.015	0.0	0.0	0.0	669.462	0.0	0.0	0.0	0.0	0.000216	0.0	0.0	0.0	60.8602	0.0	0.0	0.0	0.0	10	0	0	0	2	0	0	0	0	82588	0	0	0	9	0	0	0	0	416750	0	0	0	0	0	0	0	0	46092	0	0	0	0	0	0	0	0	8944	0	0	0	0	0	0	0	0	102834	0	0	0	0	0	0	0	0	69.0702	0.0	0.0	0.0	0.001015	0.0	0.0	0.0	0.0	0.999985	0.0	0.0	0.0	1.5e-5	0.0	0.0	0.0	0.0	
149	661564	890.699570513	2485.439999999999	2764.289999999998	18.0351	0.946062	661549	0	0	0	11	0	0	0	0	0.000575	0.0	0.0	0.0	0.482023	0.0	0.0	0.0	0.0	143.013	0.0	0.0	0.0	669.462	0.0	0.0	0.0	0.0	0.000216	0.0	0.0	0.0	60.8602	0.0	0.0	0.0	0.0	10	0	0	0	2	0	0	0	0	83063	0	0	0	9	0	0	0	0	419426	0	0	0	0	0	0	0	0	46635	0	0	0	0	0	0	0	0	8995	0	0	0	0	0	0	0	0	103420	0	0	0	0	0	0	0	0	180.909	0.0	0.0	0.0	0.001015	0.0	0.0	0.0	0.0	0.999994	0.0	0.0	0.0	6.0e-6	0.0	0.0	0.0	0.0	
150	665947	891.699720342	2485.439999999999	2832.9399999999987	18.0005	0.945961	665932	0	0	0	11	0	0	0	0	0.000571	0.0	0.0	0.0	0.482023	0.0	0.0	0.0	0.0	144.011	0.0	0.0	0.0	669.462	0.0	0.0	0.0	0.0	0.000216	0.0	0.0	0.0	60.8602	0.0	0.0	0.0	0.0	10	0	0	0	2	0	0	0	0	83451	0	0	0	9	0	0	0	0	422077	0	0	0	0	0	0	0	0	47166	0	0	0	0	0	0	0	0	9036	0	0	0	0	0	0	0	0	104192	0	0	0	0	0	0	0	0	179.658	0.0	0.0	0.0	0.001015	0.0	0.0	0.0	0.0	0.999994	0.0	0.0	0.0	6.0e-6	0.0	0.0	0.0	0.0	
151	670292	892.702181001	2485.439999999999	2816.0399999999995	17.966	0.94586	670277	0	0	0	11	0	0	0	0	0.000607	0.0	0.0	0.0	0.482023	0.0	0.0	0.0	0.0	145.012	0.0	0.0	0.0	669.462	0.0	0.0	0.0	0.0	0.000216	0.0	0.0	0.0	60.8602	0.0	0.0	0.0	0.0	10	0	0	0	2	0	0	0	0	83905	0	0	0	9	0	0	0	0	424782	0	0	0	0	0	0	0	0	47690	0	0	0	0	0	0	0	0	9064	0	0	0	0	0	0	0	0	104826	0	0	0	0	0	0	0	0	190.711	0.0	0.0	0.0	0.001015	0.0	0.0	0.0	0.0	0.999995	0.0	0.0	0.0	5.0e-6	0.0	0.0	0.0	0.0	
152	674654	893.702281804	2485.439999999999	2640.3399999999983	17.9313	0.945758	674639	0	0	0	11	0	0	0	0	0.000163	0.0	0.0	0.0	0.482023	0.0	0.0	0.0	0.0	146.01	0.0	0.0	0.0	669.462	0.0	0.0	0.0	0.0	0.000216	0.0	0.0	0.0	60.8602	0.0	0.0	0.0	0.0	10	0	0	0	2	0	0	0	0	84347	0	0	0	9	0	0	0	0	427509	0	0	0	0	0	0	0	0	48227	0	0	0	0	0	0	0	0	9104	0	0	0	0	0	0	0	0	105442	0	0	0	0	0	0	0	0	51.2804	0.0	0.0	0.0	0.001015	0.0	0.0	0.0	0.0	0.99998	0.0	0.0	0.0	2.0e-5	0.0	0.0	0.0	0.0	
153	679047	894.702372197	2485.439999999999	2747.139999999998	17.8968	0.945657	679032	0	0	0	11	0	0	0	0	0.00079	0.0	0.0	0.0	0.482023	0.0	0.0	0.0	0.0	147.008	0.0	0.0	0.0	669.462	0.0	0.0	0.0	0.0	0.000216	0.0	0.0	0.0	60.8602	0.0	0.0	0.0	0.0	10	0	0	0	2	0	0	0	0	84781	0	0	0	9	0	0	0	0	430084	0	0	0	0	0	0	0	0	48731	0	0	0	0	0	0	0	0	9168	0	0	0	0	0	0	0	0	106258	0	0	0	0	0	0	0	0	247.908	0.0	0.0	0.0	0.001015	0.0	0.0	0.0	0.0	0.999996	0.0	0.0	0.0	4.0e-6	0.0	0.0	0.0	0.0	
154	683408	895.702494896	2485.439999999999	2773.389999999999	17.8624	0.945555	683393	0	0	0	11	0	0	0	0	0.000821	0.0	0.0	0.0	0.482023	0.0	0.0	0.0	0.0	148.006	0.0	0.0	0.0	669.462	0.0	0.0	0.0	0.0	0.000217	0.0	0.0	0.0	60.8602	0.0	0.0	0.0	0.0	10	0	0	0	2	0	0	0	0	85207	0	0	0	9	0	0	0	0	432731	0	0	0	0	0	0	0	0	49279	0	0	0	0	0	0	0	0	9210	0	0	0	0	0	0	0	0	106956	0	0	0	0	0	0	0	0	257.608	0.0	0.0	0.0	0.001015	0.0	0.0	0.0	0.0	0.999996	0.0	0.0	0.0	4.0e-6	0.0	0.0	0.0	0.0	
155	687783	896.702550539	2485.439999999999	2788.0399999999986	17.8281	0.945453	687768	0	0	0	11	0	0	0	0	0.000616	0.0	0.0	0.0	0.482023	0.0	0.0	0.0	0.0	149.004	0.0	0.0	0.0	669.462	0.0	0.0	0.0	0.0	0.000217	0.0	0.0	0.0	60.8602	0.0	0.0	0.0	0.0	10	0	0	0	2	0	0	0	0	85671	0	0	0	9	0	0	0	0	435353	0	0	0	0	0	0	0	0	49876	0	0	0	0	0	0	0	0	9247	0	0	0	0	0	0	0	0	107611	0	0	0	0	0	0	0	0	193.237	0.0	0.0	0.0	0.001015	0.0	0.0	0.0	0.0	0.999995	0.0	0.0	0.0	5.0e-6	0.0	0.0	0.0	0.0	
156	692149	897.702675307	2485.439999999999	2680.539999999998	17.7939	0.945351	692134	0	0	0	11	0	0	0	0	0.000934	0.0	0.0	0.0	0.482023	0.0	0.0	0.0	0.0	150.002	0.0	0.0	0.0	669.462	0.0	0.0	0.0	0.0	0.000217	0.0	0.0	0.0	60.8602	0.0	0.0	0.0	0.0	10	0	0	0	2	0	0	0	0	86098	0	0	0	9	0	0	0	0	438041	0	0	0	0	0	0	0	0	50433	0	0	0	0	0	0	0	0	9295	0	0	0	0	0	0	0	0	108257	0	0	0	0	0	0	0	0	292.632	0.0	0.0	0.0	0.001015	0.0	0.0	0.0	0.0	0.999997	0.0	0.0	0.0	3.0e-6	0.0	0.0	0.0	0.0	
157	696535	898.702841046	2485.439999999999	2816.7899999999986	17.7597	0.945249	696520	0	0	0	11	0	0	0	0	0.00071	0.0	0.0	0.0	0.482023	0.0	0.0	0.0	0.0	151.0	0.0	0.0	0.0	669.462	0.0	0.0	0.0	0.0	0.000217	0.0	0.0	0.0	60.8602	0.0	0.0	0.0	0.0	10	0	0	0	2	0	0	0	0	86517	0	0	0	9	0	0	0	0	440706	0	0	0	0	0	0	0	0	50919	0	0	0	0	0	0	0	0	9350	0	0	0	0	0	0	0	0	109018	0	0	0	0	0	0	0	0	222.341	0.0	0.0	0.0	0.001015	0.0	0.0	0.0	0.0	0.999995	0.0	0.0	0.0	5.0e-6	0.0	0.0	0.0	0.0	
158	700922	899.70298707	2485.439999999999	2889.5399999999986	17.7255	0.945146	700907	0	0	0	11	0	0	0	0	0.000226	0.0	0.0	0.0	0.482023	0.0	0.0	0.0	0.0	151.999	0.0	0.0	0.0	669.462	0.0	0.0	0.0	0.0	0.000217	0.0	0.0	0.0	60.8602	0.0	0.0	0.0	0.0	10	0	0	0	2	0	0	0	0	86961	0	0	0	9	0	0	0	0	443236	0	0	0	0	0	0	0	0	51531	0	0	0	0	0	0	0	0	9411	0	0	0	0	0	0	0	0	109758	0	0	0	0	0	0	0	0	70.7723	0.0	0.0	0.0	0.001015	0.0	0.0	0.0	0.0	0.999986	0.0	0.0	0.0	1.4e-5	0.0	0.0	0.0	0.0	
159	705275	900.703036885	2485.439999999999	2895.4399999999987	17.6915	0.945043	705260	0	0	0	11	0	0	0	0	0.000766	0.0	0.0	0.0	0.482023	0.0	0.0	0.0	0.0	152.997	0.0	0.0	0.0	669.462	0.0	0.0	0.0	0.0	0.000217	0.0	0.0	0.0	60.8602	0.0	0.0	0.0	0.0	10	0	0	0	2	0	0	0	0	87363	0	0	0	9	0	0	0	0	445883	0	0	0	0	0	0	0	0	52112	0	0	0	0	0	0	0	0	9461	0	0	0	0	0	0	0	0	110431	0	0	0	0	0	0	0	0	239.602	0.0	0.0	0.0	0.001015	0.0	0.0	0.0	0.0	0.999996	0.0	0.0	0.0	4.0e-6	0.0	0.0	0.0	0.0	
160	709628	901.703118711	2485.439999999999	2833.889999999998	17.6575	0.944941	709613	0	0	0	11	0	0	0	0	0.000397	0.0	0.0	0.0	0.482023	0.0	0.0	0.0	0.0	153.995	0.0	0.0	0.0	669.462	0.0	0.0	0.0	0.0	0.000217	0.0	0.0	0.0	60.8602	0.0	0.0	0.0	0.0	10	0	0	0	2	0	0	0	0	87799	0	0	0	9	0	0	0	0	448566	0	0	0	0	0	0	0	0	52674	0	0	0	0	0	0	0	0	9522	0	0	0	0	0	0	0	0	111042	0	0	0	0	0	0	0	0	124.074	0.0	0.0	0.0	0.001015	0.0	0.0	0.0	0.0	0.999992	0.0	0.0	0.0	8.0e-6	0.0	0.0	0.0	0.0	
161	714061	902.703169735	2485.439999999999	2860.739999999998	17.6236	0.944838	714046	0	0	0	11	0	0	0	0	0.000112	0.0	0.0	0.0	0.482023	0.0	0.0	0.0	0.0	154.993	0.0	0.0	0.0	669.462	0.0	0.0	0.0	0.0	0.000217	0.0	0.0	0.0	60.8602	0.0	0.0	0.0	0.0	10	0	0	0	2	0	0	0	0	88215	0	0	0	9	0	0	0	0	451198	0	0	0	0	0	0	0	0	53204	0	0	0	0	0	0	0	0	9587	0	0	0	0	0	0	0	0	111832	0	0	0	0	0	0	0	0	34.8823	0.0	0.0	0.0	0.001015	0.0	0.0	0.0	0.0	0.999971	0.0	0.0	0.0	2.9e-5	0.0	0.0	0.0	0.0	
162	718501	903.703189421	2485.439999999999	2800.339999999998	17.5897	0.944734	718486	0	0	0	11	0	0	0	0	0.000533	0.0	0.0	0.0	0.482023	0.0	0.0	0.0	0.0	155.991	0.0	0.0	0.0	669.462	0.0	0.0	0.0	0.0	0.000217	0.0	0.0	0.0	60.8602	0.0	0.0	0.0	0.0	10	0	0	0	2	0	0	0	0	88640	0	0	0	9	0	0	0	0	453748	0	0	0	0	0	0	0	0	53662	0	0	0	0	0	0	0	0	9629	0	0	0	0	0	0	0	0	112797	0	0	0	0	0	0	0	0	166.656	0.0	0.0	0.0	0.001015	0.0	0.0	0.0	0.0	0.999994	0.0	0.0	0.0	6.0e-6	0.0	0.0	0.0	0.0	
163	722855	904.703242658	2485.439999999999	2973.139999999998	17.5559	0.944631	722840	0	0	0	11	0	0	0	0	0.000622	0.0	0.0	0.0	0.482023	0.0	0.0	0.0	0.0	156.989	0.0	0.0	0.0	669.462	0.0	0.0	0.0	0.0	0.000217	0.0	0.0	0.0	60.8602	0.0	0.0	0.0	0.0	10	0	0	0	2	0	0	0	0	89130	0	0	0	9	0	0	0	0	456355	0	0	0	0	0	0	0	0	54225	0	0	0	0	0	0	0	0	9648	0	0	0	0	0	0	0	0	113472	0	0	0	0	0	0	0	0	194.265	0.0	0.0	0.0	0.001015	0.0	0.0	0.0	0.0	0.999995	0.0	0.0	0.0	5.0e-6	0.0	0.0	0.0	0.0	
164	727258	905.703302875	2485.439999999999	2805.589999999998	17.5222	0.944527	727243	0	0	0	11	0	0	0	0	0.000358	0.0	0.0	0.0	0.482023	0.0	0.0	0.0	0.0	157.987	0.0	0.0	0.0	669.462	0.0	0.0	0.0	0.0	0.000217	0.0	0.0	0.0	60.8602	0.0	0.0	0.0	0.0	10	0	0	0	2	0	0	0	0	89560	0	0	0	9	0	0	0	0	458955	0	0	0	0	0	0	0	0	54745	0	0	0	0	0	0	0	0	9665	0	0	0	0	0	0	0	0	114308	0	0	0	0	0	0	0	0	111.959	0.0	0.0	0.0	0.001015	0.0	0.0	0.0	0.0	0.999991	0.0	0.0	0.0	9.0e-6	0.0	0.0	0.0	0.0	
165	731686	906.703516126	2485.439999999999	2730.5899999999983	17.4885	0.944424	731671	0	0	0	11	0	0	0	0	0.000268	0.0	0.0	0.0	0.482023	0.0	0.0	0.0	0.0	158.985	0.0	0.0	0.0	669.462	0.0	0.0	0.0	0.0	0.000217	0.0	0.0	0.0	60.8602	0.0	0.0	0.0	0.0	10	0	0	0	2	0	0	0	0	89970	0	0	0	9	0	0	0	0	461542	0	0	0	0	0	0	0	0	55335	0	0	0	0	0	0	0	0	9715	0	0	0	0	0	0	0	0	115099	0	0	0	0	0	0	0	0	83.7183	0.0	0.0	0.0	0.001015	0.0	0.0	0.0	0.0	0.999988	0.0	0.0	0.0	1.2e-5	0.0	0.0	0.0	0.0	
166	736086	907.703648088	2485.439999999999	2808.839999999999	17.4549	0.94432	736071	0	0	0	11	0	0	0	0	0.000229	0.0	0.0	0.0	0.482023	0.0	0.0	0.0	0.0	159.983	0.0	0.0	0.0	669.462	0.0	0.0	0.0	0.0	0.000217	0.0	0.0	0.0	60.8602	0.0	0.0	0.0	0.0	10	0	0	0	2	0	0	0	0	90404	0	0	0	9	0	0	0	0	464197	0	0	0	0	0	0	0	0	55889	0	0	0	0	0	0	0	0	9772	0	0	0	0	0	0	0	0	115799	0	0	0	0	0	0	0	0	71.5361	0.0	0.0	0.0	0.001015	0.0	0.0	0.0	0.0	0.999986	0.0	0.0	0.0	1.4e-5	0.0	0.0	0.0	0.0	
167	740464	908.703786402	2485.439999999999	2745.889999999998	17.4214	0.944216	740449	0	0	0	11	0	0	0	0	0.000477	0.0	0.0	0.0	0.482023	0.0	0.0	0.0	0.0	160.982	0.0	0.0	0.0	669.462	0.0	0.0	0.0	0.0	0.000217	0.0	0.0	0.0	60.8602	0.0	0.0	0.0	0.0	10	0	0	0	2	0	0	0	0	90886	0	0	0	9	0	0	0	0	466900	0	0	0	0	0	0	0	0	56389	0	0	0	0	0	0	0	0	9866	0	0	0	0	0	0	0	0	116398	0	0	0	0	0	0	0	0	148.878	0.0	0.0	0.0	0.001015	0.0	0.0	0.0	0.0	0.999993	0.0	0.0	0.0	7.0e-6	0.0	0.0	0.0	0.0	
168	744867	909.703970795	2485.439999999999	2898.839999999999	17.3879	0.944111	744852	0	0	0	11	0	0	0	0	0.000351	0.0	0.0	0.0	0.482023	0.0	0.0	0.0	0.0	161.98	0.0	0.0	0.0	669.462	0.0	0.0	0.0	0.0	0.000217	0.0	0.0	0.0	60.8602	0.0	0.0	0.0	0.0	10	0	0	0	2	0	0	0	0	91293	0	0	0	9	0	0	0	0	469646	0	0	0	0	0	0	0	0	56892	0	0	0	0	0	0	0	0	9955	0	0	0	0	0	0	0	0	117056	0	0	0	0	0	0	0	0	109.554	0.0	0.0	0.0	0.001015	0.0	0.0	0.0	0.0	0.999991	0.0	0.0	0.0	9.0e-6	0.0	0.0	0.0	0.0	
169	749329	910.704128405	2485.439999999999	2842.2899999999986	17.3545	0.944007	749314	0	0	0	11	0	0	0	0	0.000604	0.0	0.0	0.0	0.482023	0.0	0.0	0.0	0.0	162.978	0.0	0.0	0.0	669.462	0.0	0.0	0.0	0.0	0.000218	0.0	0.0	0.0	60.8602	0.0	0.0	0.0	0.0	10	0	0	0	2	0	0	0	0	91727	0	0	0	9	0	0	0	0	472392	0	0	0	0	0	0	0	0	57283	0	0	0	0	0	0	0	0	10038	0	0	0	0	0	0	0	0	117864	0	0	0	0	0	0	0	0	188.426	0.0	0.0	0.0	0.001015	0.0	0.0	0.0	0.0	0.999995	0.0	0.0	0.0	5.0e-6	0.0	0.0	0.0	0.0	
170	753709	911.704303581	2485.439999999999	2805.739999999999	17.3211	0.943902	753694	0	0	0	11	0	0	0	0	6.4e-5	0.0	0.0	0.0	0.482023	0.0	0.0	0.0	0.0	163.976	0.0	0.0	0.0	669.462	0.0	0.0	0.0	0.0	0.000218	0.0	0.0	0.0	60.8602	0.0	0.0	0.0	0.0	10	0	0	0	2	0	0	0	0	92168	0	0	0	9	0	0	0	0	475058	0	0	0	0	0	0	0	0	57756	0	0	0	0	0	0	0	0	10097	0	0	0	0	0	0	0	0	118605	0	0	0	0	0	0	0	0	19.8755	0.0	0.0	0.0	0.001015	0.0	0.0	0.0	0.0	0.999949	0.0	0.0	0.0	5.1e-5	0.0	0.0	0.0	0.0	
171	758146	912.704404027	2485.439999999999	2888.589999999998	17.2879	0.943797	758131	0	0	0	11	0	0	0	0	0.000611	0.0	0.0	0.0	0.482023	0.0	0.0	0.0	0.0	164.974	0.0	0.0	0.0	669.462	0.0	0.0	0.0	0.0	0.000218	0.0	0.0	0.0	60.8602	0.0	0.0	0.0	0.0	10	0	0	0	2	0	0	0	0	92630	0	0	0	9	0	0	0	0	477702	0	0	0	0	0	0	0	0	58213	0	0	0	0	0	0	0	0	10156	0	0	0	0	0	0	0	0	119420	0	0	0	0	0	0	0	0	190.387	0.0	0.0	0.0	0.001015	0.0	0.0	0.0	0.0	0.999995	0.0	0.0	0.0	5.0e-6	0.0	0.0	0.0	0.0	
172	762581	913.704434637	2485.439999999999	2826.7899999999977	17.2546	0.943692	762566	0	0	0	11	0	0	0	0	0.000332	0.0	0.0	0.0	0.482023	0.0	0.0	0.0	0.0	165.972	0.0	0.0	0.0	669.462	0.0	0.0	0.0	0.0	0.000218	0.0	0.0	0.0	60.8602	0.0	0.0	0.0	0.0	10	0	0	0	2	0	0	0	0	93096	0	0	0	9	0	0	0	0	480418	0	0	0	0	0	0	0	0	58661	0	0	0	0	0	0	0	0	10206	0	0	0	0	0	0	0	0	120175	0	0	0	0	0	0	0	0	103.435	0.0	0.0	0.0	0.001015	0.0	0.0	0.0	0.0	0.99999	0.0	0.0	0.0	1.0e-5	0.0	0.0	0.0	0.0	
173	766980	914.704583796	2485.439999999999	2837.839999999998	17.2215	0.943587	766965	0	0	0	11	0	0	0	0	0.000188	0.0	0.0	0.0	0.482023	0.0	0.0	0.0	0.0	166.971	0.0	0.0	0.0	669.462	0.0	0.0	0.0	0.0	0.000218	0.0	0.0	0.0	60.8602	0.0	0.0	0.0	0.0	10	0	0	0	2	0	0	0	0	93547	0	0	0	9	0	0	0	0	483159	0	0	0	0	0	0	0	0	59182	0	0	0	0	0	0	0	0	10287	0	0	0	0	0	0	0	0	120780	0	0	0	0	0	0	0	0	58.6137	0.0	0.0	0.0	0.001015	0.0	0.0	0.0	0.0	0.999983	0.0	0.0	0.0	1.7e-5	0.0	0.0	0.0	0.0	
174	771378	915.704798491	2485.439999999999	2868.389999999998	17.1884	0.943481	771363	0	0	0	11	0	0	0	0	0.000792	0.0	0.0	0.0	0.482023	0.0	0.0	0.0	0.0	167.969	0.0	0.0	0.0	669.462	0.0	0.0	0.0	0.0	0.000218	0.0	0.0	0.0	60.8602	0.0	0.0	0.0	0.0	10	0	0	0	2	0	0	0	0	93998	0	0	0	9	0	0	0	0	485698	0	0	0	0	0	0	0	0	59751	0	0	0	0	0	0	0	0	10344	0	0	0	0	0	0	0	0	121562	0	0	0	0	0	0	0	0	246.375	0.0	0.0	0.0	0.001015	0.0	0.0	0.0	0.0	0.999996	0.0	0.0	0.0	4.0e-6	0.0	0.0	0.0	0.0	
175	775749	916.704985837	2485.439999999999	2736.3399999999983	17.1554	0.943376	775734	0	0	0	11	0	0	0	0	9.1e-5	0.0	0.0	0.0	0.482023	0.0	0.0	0.0	0.0	168.967	0.0	0.0	0.0	669.462	0.0	0.0	0.0	0.0	0.000218	0.0	0.0	0.0	60.8602	0.0	0.0	0.0	0.0	10	0	0	0	2	0	0	0	0	94464	0	0	0	9	0	0	0	0	488373	0	0	0	0	0	0	0	0	60276	0	0	0	0	0	0	0	0	10398	0	0	0	0	0	0	0	0	122213	0	0	0	0	0	0	0	0	28.4211	0.0	0.0	0.0	0.001015	0.0	0.0	0.0	0.0	0.999964	0.0	0.0	0.0	3.6e-5	0.0	0.0	0.0	0.0	
176	780096	917.705062456	2485.439999999999	2851.289999999998	17.1224	0.94327	780081	0	0	0	11	0	0	0	0	0.000721	0.0	0.0	0.0	0.482023	0.0	0.0	0.0	0.0	169.965	0.0	0.0	0.0	669.462	0.0	0.0	0.0	0.0	0.000218	0.0	0.0	0.0	60.8602	0.0	0.0	0.0	0.0	10	0	0	0	2	0	0	0	0	94940	0	0	0	9	0	0	0	0	490992	0	0	0	0	0	0	0	0	60830	0	0	0	0	0	0	0	0	10435	0	0	0	0	0	0	0	0	122874	0	0	0	0	0	0	0	0	224.259	0.0	0.0	0.0	0.001015	0.0	0.0	0.0	0.0	0.999995	0.0	0.0	0.0	5.0e-6	0.0	0.0	0.0	0.0	
177	784481	918.705220006	2485.439999999999	2884.6899999999982	17.0895	0.943164	784466	0	0	0	11	0	0	0	0	0.000454	0.0	0.0	0.0	0.482023	0.0	0.0	0.0	0.0	170.964	0.0	0.0	0.0	669.462	0.0	0.0	0.0	0.0	0.000218	0.0	0.0	0.0	60.8602	0.0	0.0	0.0	0.0	10	0	0	0	2	0	0	0	0	95418	0	0	0	9	0	0	0	0	493700	0	0	0	0	0	0	0	0	61273	0	0	0	0	0	0	0	0	10477	0	0	0	0	0	0	0	0	123588	0	0	0	0	0	0	0	0	141.204	0.0	0.0	0.0	0.001015	0.0	0.0	0.0	0.0	0.999993	0.0	0.0	0.0	7.0e-6	0.0	0.0	0.0	0.0	
178	788813	919.705282797	2485.439999999999	2738.1899999999982	17.0567	0.943057	788798	0	0	0	11	0	0	0	0	0.000825	0.0	0.0	0.0	0.482023	0.0	0.0	0.0	0.0	171.962	0.0	0.0	0.0	669.462	0.0	0.0	0.0	0.0	0.000218	0.0	0.0	0.0	60.8602	0.0	0.0	0.0	0.0	10	0	0	0	2	0	0	0	0	95881	0	0	0	9	0	0	0	0	496339	0	0	0	0	0	0	0	0	61835	0	0	0	0	0	0	0	0	10524	0	0	0	0	0	0	0	0	124209	0	0	0	0	0	0	0	0	256.458	0.0	0.0	0.0	0.001015	0.0	0.0	0.0	0.0	0.999996	0.0	0.0	0.0	4.0e-6	0.0	0.0	0.0	0.0	
179	793194	920.705370586	2485.439999999999	2787.889999999999	17.0239	0.942951	793179	0	0	0	11	0	0	0	0	0.00054	0.0	0.0	0.0	0.482023	0.0	0.0	0.0	0.0	172.96	0.0	0.0	0.0	669.462	0.0	0.0	0.0	0.0	0.000218	0.0	0.0	0.0	60.8602	0.0	0.0	0.0	0.0	10	0	0	0	2	0	0	0	0	96285	0	0	0	9	0	0	0	0	498994	0	0	0	0	0	0	0	0	62388	0	0	0	0	0	0	0	0	10578	0	0	0	0	0	0	0	0	124924	0	0	0	0	0	0	0	0	167.581	0.0	0.0	0.0	0.001015	0.0	0.0	0.0	0.0	0.999994	0.0	0.0	0.0	6.0e-6	0.0	0.0	0.0	0.0	
180	797534	921.705457371	2485.439999999999	2872.6399999999994	16.9912	0.942844	797519	0	0	0	11	0	0	0	0	0.000646	0.0	0.0	0.0	0.482023	0.0	0.0	0.0	0.0	173.958	0.0	0.0	0.0	669.462	0.0	0.0	0.0	0.0	0.000218	0.0	0.0	0.0	60.8602	0.0	0.0	0.0	0.0	10	0	0	0	2	0	0	0	0	96696	0	0	0	9	0	0	0	0	501626	0	0	0	0	0	0	0	0	62929	0	0	0	0	0	0	0	0	10657	0	0	0	0	0	0	0	0	125601	0	0	0	0	0	0	0	0	200.651	0.0	0.0	0.0	0.001015	0.0	0.0	0.0	0.0	0.999995	0.0	0.0	0.0	5.0e-6	0.0	0.0	0.0	0.0	
181	801867	922.711416591	2485.439999999999	2830.4899999999984	16.9585	0.942738	801852	0	0	0	11	0	0	0	0	0.000854	0.0	0.0	0.0	0.482023	0.0	0.0	0.0	0.0	174.962	0.0	0.0	0.0	669.462	0.0	0.0	0.0	0.0	0.000218	0.0	0.0	0.0	60.8602	0.0	0.0	0.0	0.0	10	0	0	0	2	0	0	0	0	97128	0	0	0	9	0	0	0	0	504322	0	0	0	0	0	0	0	0	63498	0	0	0	0	0	0	0	0	10728	0	0	0	0	0	0	0	0	126166	0	0	0	0	0	0	0	0	264.826	0.0	0.0	0.0	0.001015	0.0	0.0	0.0	0.0	0.999996	0.0	0.0	0.0	4.0e-6	0.0	0.0	0.0	0.0	
182	806179	923.711498513	2485.439999999999	2830.1899999999982	16.9258	0.94263	806164	0	0	0	11	0	0	0	0	0.000368	0.0	0.0	0.0	0.482023	0.0	0.0	0.0	0.0	175.96	0.0	0.0	0.0	669.462	0.0	0.0	0.0	0.0	0.000218	0.0	0.0	0.0	60.8602	0.0	0.0	0.0	0.0	10	0	0	0	2	0	0	0	0	97521	0	0	0	9	0	0	0	0	507051	0	0	0	0	0	0	0	0	64084	0	0	0	0	0	0	0	0	10799	0	0	0	0	0	0	0	0	126699	0	0	0	0	0	0	0	0	114.112	0.0	0.0	0.0	0.001015	0.0	0.0	0.0	0.0	0.999991	0.0	0.0	0.0	9.0e-6	0.0	0.0	0.0	0.0	
183	810546	924.711528471	2485.439999999999	2795.739999999998	16.8932	0.942523	810531	0	0	0	11	0	0	0	0	0.000308	0.0	0.0	0.0	0.482023	0.0	0.0	0.0	0.0	176.958	0.0	0.0	0.0	669.462	0.0	0.0	0.0	0.0	0.000218	0.0	0.0	0.0	60.8602	0.0	0.0	0.0	0.0	10	0	0	0	2	0	0	0	0	97969	0	0	0	9	0	0	0	0	509700	0	0	0	0	0	0	0	0	64643	0	0	0	0	0	0	0	0	10879	0	0	0	0	0	0	0	0	127330	0	0	0	0	0	0	0	0	95.4335	0.0	0.0	0.0	0.001015	0.0	0.0	0.0	0.0	0.999989	0.0	0.0	0.0	1.1e-5	0.0	0.0	0.0	0.0	
184	814931	925.711707041	2485.439999999999	2847.3399999999974	16.8608	0.942415	814916	0	0	0	11	0	0	0	0	0.000396	0.0	0.0	0.0	0.482023	0.0	0.0	0.0	0.0	177.956	0.0	0.0	0.0	669.462	0.0	0.0	0.0	0.0	0.000218	0.0	0.0	0.0	60.8602	0.0	0.0	0.0	0.0	10	0	0	0	2	0	0	0	0	98411	0	0	0	9	0	0	0	0	512300	0	0	0	0	0	0	0	0	65185	0	0	0	0	0	0	0	0	10973	0	0	0	0	0	0	0	0	128037	0	0	0	0	0	0	0	0	122.583	0.0	0.0	0.0	0.001015	0.0	0.0	0.0	0.0	0.999992	0.0	0.0	0.0	8.0e-6	0.0	0.0	0.0	0.0	
185	819284	926.711898482	2485.439999999999	2664.489999999998	16.8284	0.942308	819269	0	0	0	11	0	0	0	0	0.000271	0.0	0.0	0.0	0.482023	0.0	0.0	0.0	0.0	178.954	0.0	0.0	0.0	669.462	0.0	0.0	0.0	0.0	0.000218	0.0	0.0	0.0	60.8602	0.0	0.0	0.0	0.0	10	0	0	0	2	0	0	0	0	98872	0	0	0	9	0	0	0	0	514832	0	0	0	0	0	0	0	0	65720	0	0	0	0	0	0	0	0	11046	0	0	0	0	0	0	0	0	128789	0	0	0	0	0	0	0	0	84.0341	0.0	0.0	0.0	0.001015	0.0	0.0	0.0	0.0	0.999988	0.0	0.0	0.0	1.2e-5	0.0	0.0	0.0	0.0	
186	823635	927.711992574	2485.439999999999	2890.2899999999986	16.7961	0.9422	823620	0	0	0	11	0	0	0	0	0.001016	0.0	0.0	0.0	0.482023	0.0	0.0	0.0	0.0	179.952	0.0	0.0	0.0	669.462	0.0	0.0	0.0	0.0	0.000218	0.0	0.0	0.0	60.8602	0.0	0.0	0.0	0.0	10	0	0	0	2	0	0	0	0	99344	0	0	0	9	0	0	0	0	517428	0	0	0	0	0	0	0	0	66279	0	0	0	0	0	0	0	0	11119	0	0	0	0	0	0	0	0	129440	0	0	0	0	0	0	0	0	314.441	0.0	0.0	0.0	0.001015	0.0	0.0	0.0	0.0	0.999997	0.0	0.0	0.0	3.0e-6	0.0	0.0	0.0	0.0	
187	827998	928.712044326	2485.439999999999	2757.5399999999972	16.7638	0.942092	827983	0	0	0	11	0	0	0	0	0.000701	0.0	0.0	0.0	0.482023	0.0	0.0	0.0	0.0	180.95	0.0	0.0	0.0	669.462	0.0	0.0	0.0	0.0	0.000219	0.0	0.0	0.0	60.8602	0.0	0.0	0.0	0.0	10	0	0	0	2	0	0	0	0	99744	0	0	0	9	0	0	0	0	520021	0	0	0	0	0	0	0	0	66847	0	0	0	0	0	0	0	0	11192	0	0	0	0	0	0	0	0	130169	0	0	0	0	0	0	0	0	216.835	0.0	0.0	0.0	0.001015	0.0	0.0	0.0	0.0	0.999995	0.0	0.0	0.0	5.0e-6	0.0	0.0	0.0	0.0	
188	832358	929.714312778	2485.439999999999	2736.0399999999977	16.7317	0.941984	832343	0	0	0	11	0	0	0	0	0.000664	0.0	0.0	0.0	0.482023	0.0	0.0	0.0	0.0	181.951	0.0	0.0	0.0	669.462	0.0	0.0	0.0	0.0	0.000219	0.0	0.0	0.0	60.8602	0.0	0.0	0.0	0.0	10	0	0	0	2	0	0	0	0	100172	0	0	0	9	0	0	0	0	522529	0	0	0	0	0	0	0	0	67430	0	0	0	0	0	0	0	0	11257	0	0	0	0	0	0	0	0	130945	0	0	0	0	0	0	0	0	205.341	0.0	0.0	0.0	0.001015	0.0	0.0	0.0	0.0	0.999995	0.0	0.0	0.0	5.0e-6	0.0	0.0	0.0	0.0	
189	836727	930.71440428	2485.439999999999	2787.539999999997	16.6994	0.941875	836712	0	0	0	11	0	0	0	0	0.000441	0.0	0.0	0.0	0.482023	0.0	0.0	0.0	0.0	182.949	0.0	0.0	0.0	669.462	0.0	0.0	0.0	0.0	0.000219	0.0	0.0	0.0	60.8602	0.0	0.0	0.0	0.0	10	0	0	0	2	0	0	0	0	100623	0	0	0	9	0	0	0	0	525184	0	0	0	0	0	0	0	0	68014	0	0	0	0	0	0	0	0	11296	0	0	0	0	0	0	0	0	131585	0	0	0	0	0	0	0	0	136.403	0.0	0.0	0.0	0.001015	0.0	0.0	0.0	0.0	0.999993	0.0	0.0	0.0	7.0e-6	0.0	0.0	0.0	0.0	
190	841095	931.714573304	2485.439999999999	2862.789999999997	16.6673	0.941767	841080	0	0	0	11	0	0	0	0	0.000537	0.0	0.0	0.0	0.482023	0.0	0.0	0.0	0.0	183.947	0.0	0.0	0.0	669.462	0.0	0.0	0.0	0.0	0.000219	0.0	0.0	0.0	60.8602	0.0	0.0	0.0	0.0	10	0	0	0	2	0	0	0	0	101095	0	0	0	9	0	0	0	0	527860	0	0	0	0	0	0	0	0	68492	0	0	0	0	0	0	0	0	11361	0	0	0	0	0	0	0	0	132262	0	0	0	0	0	0	0	0	166.147	0.0	0.0	0.0	0.001015	0.0	0.0	0.0	0.0	0.999994	0.0	0.0	0.0	6.0e-6	0.0	0.0	0.0	0.0	
191	845420	932.714762527	2485.439999999999	2803.339999999997	16.6352	0.941658	845405	0	0	0	11	0	0	0	0	0.000565	0.0	0.0	0.0	0.482023	0.0	0.0	0.0	0.0	184.945	0.0	0.0	0.0	669.462	0.0	0.0	0.0	0.0	0.000219	0.0	0.0	0.0	60.8602	0.0	0.0	0.0	0.0	10	0	0	0	2	0	0	0	0	101593	0	0	0	9	0	0	0	0	530472	0	0	0	0	0	0	0	0	68979	0	0	0	0	0	0	0	0	11415	0	0	0	0	0	0	0	0	132936	0	0	0	0	0	0	0	0	174.594	0.0	0.0	0.0	0.001015	0.0	0.0	0.0	0.0	0.999994	0.0	0.0	0.0	6.0e-6	0.0	0.0	0.0	0.0	
192	849768	933.714933815	2485.439999999999	3017.639999999997	16.6033	0.941549	849753	0	0	0	11	0	0	0	0	0.000404	0.0	0.0	0.0	0.482023	0.0	0.0	0.0	0.0	185.943	0.0	0.0	0.0	669.462	0.0	0.0	0.0	0.0	0.000219	0.0	0.0	0.0	60.8602	0.0	0.0	0.0	0.0	10	0	0	0	2	0	0	0	0	102039	0	0	0	9	0	0	0	0	533290	0	0	0	0	0	0	0	0	69433	0	0	0	0	0	0	0	0	11480	0	0	0	0	0	0	0	0	133501	0	0	0	0	0	0	0	0	124.694	0.0	0.0	0.0	0.001015	0.0	0.0	0.0	0.0	0.999992	0.0	0.0	0.0	8.0e-6	0.0	0.0	0.0	0.0	
193	854091	934.715023681	2485.439999999999	2888.139999999997	16.5714	0.94144	854076	0	0	0	11	0	0	0	0	0.000452	0.0	0.0	0.0	0.482023	0.0	0.0	0.0	0.0	186.941	0.0	0.0	0.0	669.462	0.0	0.0	0.0	0.0	0.000219	0.0	0.0	0.0	60.8602	0.0	0.0	0.0	0.0	10	0	0	0	2	0	0	0	0	102521	0	0	0	9	0	0	0	0	535814	0	0	0	0	0	0	0	0	70009	0	0	0	0	0	0	0	0	11547	0	0	0	0	0	0	0	0	134175	0	0	0	0	0	0	0	0	139.667	0.0	0.0	0.0	0.001015	0.0	0.0	0.0	0.0	0.999993	0.0	0.0	0.0	7.0e-6	0.0	0.0	0.0	0.0	
194	858433	935.720696861	2485.439999999999	2853.8899999999967	16.5395	0.94133	858418	0	0	0	11	0	0	0	0	0.000679	0.0	0.0	0.0	0.482023	0.0	0.0	0.0	0.0	187.945	0.0	0.0	0.0	669.462	0.0	0.0	0.0	0.0	0.000219	0.0	0.0	0.0	60.8602	0.0	0.0	0.0	0.0	10	0	0	0	2	0	0	0	0	102965	0	0	0	9	0	0	0	0	538534	0	0	0	0	0	0	0	0	70502	0	0	0	0	0	0	0	0	11606	0	0	0	0	0	0	0	0	134801	0	0	0	0	0	0	0	0	209.502	0.0	0.0	0.0	0.001015	0.0	0.0	0.0	0.0	0.999995	0.0	0.0	0.0	5.0e-6	0.0	0.0	0.0	0.0	
195	862780	936.720715811	2485.439999999999	2815.4399999999973	16.5076	0.94122	862765	0	0	0	11	0	0	0	0	4.4e-5	0.0	0.0	0.0	0.482023	0.0	0.0	0.0	0.0	188.943	0.0	0.0	0.0	669.462	0.0	0.0	0.0	0.0	0.000219	0.0	0.0	0.0	60.8602	0.0	0.0	0.0	0.0	10	0	0	0	2	0	0	0	0	103382	0	0	0	9	0	0	0	0	541156	0	0	0	0	0	0	0	0	71001	0	0	0	0	0	0	0	0	11704	0	0	0	0	0	0	0	0	135512	0	0	0	0	0	0	0	0	13.5505	0.0	0.0	0.0	0.001015	0.0	0.0	0.0	0.0	0.999925	0.0	0.0	0.0	7.5e-5	0.0	0.0	0.0	0.0	
196	867114	937.720851104	2485.439999999999	2800.439999999998	16.4759	0.94111	867099	0	0	0	11	0	0	0	0	0.000557	0.0	0.0	0.0	0.482023	0.0	0.0	0.0	0.0	189.941	0.0	0.0	0.0	669.462	0.0	0.0	0.0	0.0	0.000219	0.0	0.0	0.0	60.8602	0.0	0.0	0.0	0.0	10	0	0	0	2	0	0	0	0	103813	0	0	0	9	0	0	0	0	543884	0	0	0	0	0	0	0	0	71481	0	0	0	0	0	0	0	0	11812	0	0	0	0	0	0	0	0	136099	0	0	0	0	0	0	0	0	171.819	0.0	0.0	0.0	0.001015	0.0	0.0	0.0	0.0	0.999994	0.0	0.0	0.0	6.0e-6	0.0	0.0	0.0	0.0	
197	871485	938.720910344	2485.439999999999	2828.5399999999977	16.4442	0.941	871470	0	0	0	11	0	0	0	0	0.000871	0.0	0.0	0.0	0.482023	0.0	0.0	0.0	0.0	190.939	0.0	0.0	0.0	669.462	0.0	0.0	0.0	0.0	0.000219	0.0	0.0	0.0	60.8602	0.0	0.0	0.0	0.0	10	0	0	0	2	0	0	0	0	104261	0	0	0	9	0	0	0	0	546557	0	0	0	0	0	0	0	0	71981	0	0	0	0	0	0	0	0	11895	0	0	0	0	0	0	0	0	136766	0	0	0	0	0	0	0	0	268.498	0.0	0.0	0.0	0.001015	0.0	0.0	0.0	0.0	0.999996	0.0	0.0	0.0	4.0e-6	0.0	0.0	0.0	0.0	
198	875851	939.720980964	2485.439999999999	2922.4399999999973	16.4126	0.94089	875836	0	0	0	11	0	0	0	0	0.001023	0.0	0.0	0.0	0.482023	0.0	0.0	0.0	0.0	191.937	0.0	0.0	0.0	669.462	0.0	0.0	0.0	0.0	0.000219	0.0	0.0	0.0	60.8602	0.0	0.0	0.0	0.0	10	0	0	0	2	0	0	0	0	104729	0	0	0	9	0	0	0	0	549288	0	0	0	0	0	0	0	0	72400	0	0	0	0	0	0	0	0	11988	0	0	0	0	0	0	0	0	137421	0	0	0	0	0	0	0	0	315.383	0.0	0.0	0.0	0.001015	0.0	0.0	0.0	0.0	0.999997	0.0	0.0	0.0	3.0e-6	0.0	0.0	0.0	0.0	
199	880231	940.721133307	2485.439999999999	2771.839999999997	16.3811	0.94078	880216	0	0	0	11	0	0	0	0	0.0004	0.0	0.0	0.0	0.482023	0.0	0.0	0.0	0.0	192.935	0.0	0.0	0.0	669.462	0.0	0.0	0.0	0.0	0.000219	0.0	0.0	0.0	60.8602	0.0	0.0	0.0	0.0	10	0	0	0	2	0	0	0	0	105189	0	0	0	9	0	0	0	0	551955	0	0	0	0	0	0	0	0	72869	0	0	0	0	0	0	0	0	12095	0	0	0	0	0	0	0	0	138098	0	0	0	0	0	0	0	0	123.121	0.0	0.0	0.0	0.001015	0.0	0.0	0.0	0.0	0.999992	0.0	0.0	0.0	8.0e-6	0.0	0.0	0.0	0.0	
200	884593	941.72131006	2485.439999999999	2802.489999999997	16.3496	0.940669	884578	0	0	0	11	0	0	0	0	0.000443	0.0	0.0	0.0	0.482023	0.0	0.0	0.0	0.0	193.933	0.0	0.0	0.0	669.462	0.0	0.0	0.0	0.0	0.000219	0.0	0.0	0.0	60.8602	0.0	0.0	0.0	0.0	10	0	0	0	2	0	0	0	0	105589	0	0	0	9	0	0	0	0	554587	0	0	0	0	0	0	0	0	73433	0	0	0	0	0	0	0	0	12185	0	0	0	0	0	0	0	0	138774	0	0	0	0	0	0	0	0	136.48	0.0	0.0	0.0	0.001015	0.0	0.0	0.0	0.0	0.999993	0.0	0.0	0.0	7.0e-6	0.0	0.0	0.0	0.0	
201	888912	942.721444374	2485.439999999999	2916.689999999997	16.3182	0.940559	888897	0	0	0	11	0	0	0	0	0.000581	0.0	0.0	0.0	0.482023	0.0	0.0	0.0	0.0	194.932	0.0	0.0	0.0	669.462	0.0	0.0	0.0	0.0	0.000219	0.0	0.0	0.0	60.8602	0.0	0.0	0.0	0.0	10	0	0	0	2	0	0	0	0	106030	0	0	0	9	0	0	0	0	557255	0	0	0	0	0	0	0	0	73942	0	0	0	0	0	0	0	0	12286	0	0	0	0	0	0	0	0	139374	0	0	0	0	0	0	0	0	178.89	0.0	0.0	0.0	0.001015	0.0	0.0	0.0	0.0	0.999994	0.0	0.0	0.0	6.0e-6	0.0	0.0	0.0	0.0	
202	893276	943.72148679	2485.439999999999	2578.1899999999973	16.2868	0.940448	893261	0	0	0	11	0	0	0	0	0.000243	0.0	0.0	0.0	0.482023	0.0	0.0	0.0	0.0	195.93	0.0	0.0	0.0	669.462	0.0	0.0	0.0	0.0	0.000219	0.0	0.0	0.0	60.8602	0.0	0.0	0.0	0.0	10	0	0	0	2	0	0	0	0	106471	0	0	0	9	0	0	0	0	559869	0	0	0	0	0	0	0	0	74447	0	0	0	0	0	0	0	0	12392	0	0	0	0	0	0	0	0	140072	0	0	0	0	0	0	0	0	74.6898	0.0	0.0	0.0	0.001015	0.0	0.0	0.0	0.0	0.999986	0.0	0.0	0.0	1.4e-5	0.0	0.0	0.0	0.0	
203	894225	1114.532692133	2478.75	2478.75	16.28	0.940424	894209	0	0	0	12	0	0	0	0	2.9e-5	0.0	0.0	0.0	0.533821	0.0	0.0	0.0	0.0	196.146	0.0	0.0	0.0	840.056	0.0	0.0	0.0	0.0	0.000219	0.0	0.0	0.0	70.0047	0.0	0.0	0.0	0.0	10	0	0	0	3	0	0	0	0	106548	0	0	0	9	0	0	0	0	560495	0	0	0	0	0	0	0	0	74538	0	0	0	0	0	0	0	0	12408	0	0	0	0	0	0	0	0	140210	0	0	0	0	0	0	0	0	9.00359	0.0	0.0	0.0	0.000911	0.0	0.0	0.0	0.0	0.999899	0.0	0.0	0.0	0.000101	0.0	0.0	0.0	0.0	
204	897389	1228.288392831	2433.039999999999	2474.25	11.7102	0.918149	897372	0	0	0	13	0	0	0	0	0.000176	0.0	0.0	0.0	0.480939	0.0	0.0	0.0	0.0	196.883	0.0	0.0	0.0	953.073	0.0	0.0	0.0	0.0	0.000219	0.0	0.0	0.0	73.3133	0.0	0.0	0.0	0.0	16	0	0	0	3	0	0	0	0	106757	0	0	0	10	0	0	0	0	562303	0	0	0	0	0	0	0	0	74992	0	0	0	0	0	0	0	0	12464	0	0	0	0	0	0	0	0	140840	0	0	0	0	0	0	0	0	54.3085	0.0	0.0	0.0	0.000766	0.0	0.0	0.0	0.0	0.999986	0.0	0.0	0.0	1.4e-5	0.0	0.0	0.0	0.0	
205	901873	1229.28851404	2433.039999999999	2536.6299999999997	9.40461	0.899127	901856	0	0	0	13	0	0	0	0	4.9e-5	0.0	0.0	0.0	0.480939	0.0	0.0	0.0	0.0	197.881	0.0	0.0	0.0	953.073	0.0	0.0	0.0	0.0	0.000219	0.0	0.0	0.0	73.3133	0.0	0.0	0.0	0.0	16	0	0	0	3	0	0	0	0	107057	0	0	0	10	0	0	0	0	564944	0	0	0	0	0	0	0	0	75746	0	0	0	0	0	0	0	0	12547	0	0	0	0	0	0	0	0	141546	0	0	0	0	0	0	0	0	15.069	0.0	0.0	0.0	0.000766	0.0	0.0	0.0	0.0	0.999949	0.0	0.0	0.0	5.1e-5	0.0	0.0	0.0	0.0	
206	906516	1230.288591319	2419.68	2474.7799999999997	9.38654	0.898943	906499	0	0	0	13	0	0	0	0	9.6e-5	0.0	0.0	0.0	0.480939	0.0	0.0	0.0	0.0	198.879	0.0	0.0	0.0	953.073	0.0	0.0	0.0	0.0	0.000219	0.0	0.0	0.0	73.3133	0.0	0.0	0.0	0.0	23	0	0	0	3	0	0	0	0	107360	0	0	0	10	0	0	0	0	567631	0	0	0	0	0	0	0	0	76479	0	0	0	0	0	0	0	0	12662	0	0	0	0	0	0	0	0	142344	0	0	0	0	0	0	0	0	29.5835	0.0	0.0	0.0	0.000766	0.0	0.0	0.0	0.0	0.999974	0.0	0.0	0.0	2.6e-5	0.0	0.0	0.0	0.0	
207	911185	1231.288730903	2419.68	2449.129999999999	9.36851	0.898759	911168	0	0	0	13	0	0	0	0	0.000495	0.0	0.0	0.0	0.480939	0.0	0.0	0.0	0.0	199.877	0.0	0.0	0.0	953.073	0.0	0.0	0.0	0.0	0.000219	0.0	0.0	0.0	73.3133	0.0	0.0	0.0	0.0	23	0	0	0	3	0	0	0	0	107682	0	0	0	10	0	0	0	0	570296	0	0	0	0	0	0	0	0	77283	0	0	0	0	0	0	0	0	12767	0	0	0	0	0	0	0	0	143117	0	0	0	0	0	0	0	0	152.347	0.0	0.0	0.0	0.000766	0.0	0.0	0.0	0.0	0.999995	0.0	0.0	0.0	5.0e-6	0.0	0.0	0.0	0.0	
208	915562	1232.288823351	2392.379999999999	2395.879999999999	9.35051	0.898574	915545	0	0	0	13	0	0	0	0	0.000258	0.0	0.0	0.0	0.480939	0.0	0.0	0.0	0.0	200.875	0.0	0.0	0.0	953.073	0.0	0.0	0.0	0.0	0.000219	0.0	0.0	0.0	73.3133	0.0	0.0	0.0	0.0	30	0	0	0	3	0	0	0	0	107985	0	0	0	10	0	0	0	0	572878	0	0	0	0	0	0	0	0	77954	0	0	0	0	0	0	0	0	12903	0	0	0	0	0	0	0	0	143795	0	0	0	0	0	0	0	0	79.2779	0.0	0.0	0.0	0.000766	0.0	0.0	0.0	0.0	0.99999	0.0	0.0	0.0	1.0e-5	0.0	0.0	0.0	0.0	
209	919955	1233.289026971	2371.7799999999997	2463.4800000000005	9.33254	0.898389	919938	0	0	0	13	0	0	0	0	0.000267	0.0	0.0	0.0	0.480939	0.0	0.0	0.0	0.0	201.873	0.0	0.0	0.0	953.073	0.0	0.0	0.0	0.0	0.000219	0.0	0.0	0.0	73.3133	0.0	0.0	0.0	0.0	34	0	0	0	3	0	0	0	0	108339	0	0	0	10	0	0	0	0	575395	0	0	0	0	0	0	0	0	78687	0	0	0	0	0	0	0	0	12966	0	0	0	0	0	0	0	0	144517	0	0	0	0	0	0	0	0	82.215	0.0	0.0	0.0	0.000766	0.0	0.0	0.0	0.0	0.999991	0.0	0.0	0.0	9.0e-6	0.0	0.0	0.0	0.0	
210	924347	1234.289153874	2371.7799999999997	2482.5300000000007	9.31461	0.898204	924330	0	0	0	13	0	0	0	0	0.000236	0.0	0.0	0.0	0.480939	0.0	0.0	0.0	0.0	202.871	0.0	0.0	0.0	953.073	0.0	0.0	0.0	0.0	0.000219	0.0	0.0	0.0	73.3133	0.0	0.0	0.0	0.0	34	0	0	0	3	0	0	0	0	108622	0	0	0	10	0	0	0	0	577841	0	0	0	0	0	0	0	0	79520	0	0	0	0	0	0	0	0	13060	0	0	0	0	0	0	0	0	145253	0	0	0	0	0	0	0	0	72.6276	0.0	0.0	0.0	0.000766	0.0	0.0	0.0	0.0	0.999989	0.0	0.0	0.0	1.1e-5	0.0	0.0	0.0	0.0	
211	928947	1235.289376274	2371.7799999999997	2548.5799999999995	9.29671	0.898018	928930	0	0	0	13	0	0	0	0	0.000674	0.0	0.0	0.0	0.480939	0.0	0.0	0.0	0.0	203.87	0.0	0.0	0.0	953.073	0.0	0.0	0.0	0.0	0.000219	0.0	0.0	0.0	73.3133	0.0	0.0	0.0	0.0	34	0	0	0	3	0	0	0	0	108985	0	0	0	10	0	0	0	0	580289	0	0	0	0	0	0	0	0	80458	0	0	0	0	0	0	0	0	13112	0	0	0	0	0	0	0	0	146052	0	0	0	0	0	0	0	0	207.31	0.0	0.0	0.0	0.000766	0.0	0.0	0.0	0.0	0.999996	0.0	0.0	0.0	4.0e-6	0.0	0.0	0.0	0.0	
212	933549	1236.289450394	2371.7799999999997	2556.13	9.27885	0.897832	933532	0	0	0	13	0	0	0	0	0.000463	0.0	0.0	0.0	0.480939	0.0	0.0	0.0	0.0	204.868	0.0	0.0	0.0	953.073	0.0	0.0	0.0	0.0	0.000219	0.0	0.0	0.0	73.3133	0.0	0.0	0.0	0.0	34	0	0	0	3	0	0	0	0	109373	0	0	0	10	0	0	0	0	582983	0	0	0	0	0	0	0	0	81381	0	0	0	0	0	0	0	0	13185	0	0	0	0	0	0	0	0	146576	0	0	0	0	0	0	0	0	142.381	0.0	0.0	0.0	0.000766	0.0	0.0	0.0	0.0	0.999995	0.0	0.0	0.0	5.0e-6	0.0	0.0	0.0	0.0	
213	938290	1237.289494744	2371.7799999999997	2501.58	9.26102	0.897646	938273	0	0	0	13	0	0	0	0	0.000302	0.0	0.0	0.0	0.480939	0.0	0.0	0.0	0.0	205.866	0.0	0.0	0.0	953.073	0.0	0.0	0.0	0.0	0.000219	0.0	0.0	0.0	73.3133	0.0	0.0	0.0	0.0	34	0	0	0	3	0	0	0	0	109784	0	0	0	10	0	0	0	0	585768	0	0	0	0	0	0	0	0	82139	0	0	0	0	0	0	0	0	13296	0	0	0	0	0	0	0	0	147252	0	0	0	0	0	0	0	0	92.8978	0.0	0.0	0.0	0.000766	0.0	0.0	0.0	0.0	0.999992	0.0	0.0	0.0	8.0e-6	0.0	0.0	0.0	0.0	
214	943081	1238.289560503	2371.7799999999997	2510.080000000001	9.24323	0.897459	943064	0	0	0	13	0	0	0	0	0.000573	0.0	0.0	0.0	0.480939	0.0	0.0	0.0	0.0	206.864	0.0	0.0	0.0	953.073	0.0	0.0	0.0	0.0	0.000219	0.0	0.0	0.0	73.3133	0.0	0.0	0.0	0.0	34	0	0	0	3	0	0	0	0	110218	0	0	0	10	0	0	0	0	588527	0	0	0	0	0	0	0	0	82987	0	0	0	0	0	0	0	0	13373	0	0	0	0	0	0	0	0	147925	0	0	0	0	0	0	0	0	176.373	0.0	0.0	0.0	0.000766	0.0	0.0	0.0	0.0	0.999996	0.0	0.0	0.0	4.0e-6	0.0	0.0	0.0	0.0	
215	947798	1239.289767145	2371.7799999999997	2473.6800000000003	9.22547	0.897273	947781	0	0	0	13	0	0	0	0	0.000226	0.0	0.0	0.0	0.480939	0.0	0.0	0.0	0.0	207.862	0.0	0.0	0.0	953.073	0.0	0.0	0.0	0.0	0.000219	0.0	0.0	0.0	73.3133	0.0	0.0	0.0	0.0	34	0	0	0	3	0	0	0	0	110642	0	0	0	10	0	0	0	0	591298	0	0	0	0	0	0	0	0	83743	0	0	0	0	0	0	0	0	13448	0	0	0	0	0	0	0	0	148616	0	0	0	0	0	0	0	0	69.4803	0.0	0.0	0.0	0.000766	0.0	0.0	0.0	0.0	0.999989	0.0	0.0	0.0	1.1e-5	0.0	0.0	0.0	0.0	
216	952332	1240.290618047	2371.7799999999997	2452.6800000000003	9.20781	0.897086	952315	0	0	0	13	0	0	0	0	0.000408	0.0	0.0	0.0	0.480939	0.0	0.0	0.0	0.0	208.861	0.0	0.0	0.0	953.073	0.0	0.0	0.0	0.0	0.000219	0.0	0.0	0.0	73.3133	0.0	0.0	0.0	0.0	34	0	0	0	3	0	0	0	0	111020	0	0	0	10	0	0	0	0	593916	0	0	0	0	0	0	0	0	84495	0	0	0	0	0	0	0	0	13515	0	0	0	0	0	0	0	0	149335	0	0	0	0	0	0	0	0	125.624	0.0	0.0	0.0	0.000766	0.0	0.0	0.0	0.0	0.999994	0.0	0.0	0.0	6.0e-6	0.0	0.0	0.0	0.0	
217	956858	1241.290651401	2368.08	2497.48	9.19004	0.896898	956841	0	0	0	13	0	0	0	0	0.000629	0.0	0.0	0.0	0.480939	0.0	0.0	0.0	0.0	209.859	0.0	0.0	0.0	953.073	0.0	0.0	0.0	0.0	0.000219	0.0	0.0	0.0	73.3133	0.0	0.0	0.0	0.0	36	0	0	0	3	0	0	0	0	111375	0	0	0	10	0	0	0	0	596497	0	0	0	0	0	0	0	0	85285	0	0	0	0	0	0	0	0	13577	0	0	0	0	0	0	0	0	150071	0	0	0	0	0	0	0	0	193.693	0.0	0.0	0.0	0.000766	0.0	0.0	0.0	0.0	0.999996	0.0	0.0	0.0	4.0e-6	0.0	0.0	0.0	0.0	
218	961508	1242.290807392	2363.0299999999997	2464.3300000000004	9.17238	0.89671	961491	0	0	0	13	0	0	0	0	0.000335	0.0	0.0	0.0	0.480939	0.0	0.0	0.0	0.0	210.857	0.0	0.0	0.0	953.073	0.0	0.0	0.0	0.0	0.000219	0.0	0.0	0.0	73.3133	0.0	0.0	0.0	0.0	43	0	0	0	3	0	0	0	0	111717	0	0	0	10	0	0	0	0	599157	0	0	0	0	0	0	0	0	86126	0	0	0	0	0	0	0	0	13683	0	0	0	0	0	0	0	0	150765	0	0	0	0	0	0	0	0	103.192	0.0	0.0	0.0	0.000766	0.0	0.0	0.0	0.0	0.999993	0.0	0.0	0.0	7.0e-6	0.0	0.0	0.0	0.0	
219	966216	1243.290873393	2331.3299999999995	2420.8799999999997	9.15475	0.896522	966199	0	0	0	13	0	0	0	0	0.000489	0.0	0.0	0.0	0.480939	0.0	0.0	0.0	0.0	211.855	0.0	0.0	0.0	953.073	0.0	0.0	0.0	0.0	0.000219	0.0	0.0	0.0	73.3133	0.0	0.0	0.0	0.0	57	0	0	0	3	0	0	0	0	112034	0	0	0	10	0	0	0	0	601807	0	0	0	0	0	0	0	0	86963	0	0	0	0	0	0	0	0	13815	0	0	0	0	0	0	0	0	151523	0	0	0	0	0	0	0	0	150.483	0.0	0.0	0.0	0.000766	0.0	0.0	0.0	0.0	0.999995	0.0	0.0	0.0	5.0e-6	0.0	0.0	0.0	0.0	
220	970819	1244.291042216	2331.3299999999995	2415.0799999999995	9.13716	0.896333	970802	0	0	0	13	0	0	0	0	0.000347	0.0	0.0	0.0	0.480939	0.0	0.0	0.0	0.0	212.853	0.0	0.0	0.0	953.073	0.0	0.0	0.0	0.0	0.000219	0.0	0.0	0.0	73.3133	0.0	0.0	0.0	0.0	57	0	0	0	3	0	0	0	0	112401	0	0	0	10	0	0	0	0	604522	0	0	0	0	0	0	0	0	87673	0	0	0	0	0	0	0	0	13897	0	0	0	0	0	0	0	0	152252	0	0	0	0	0	0	0	0	106.975	0.0	0.0	0.0	0.000766	0.0	0.0	0.0	0.0	0.999993	0.0	0.0	0.0	7.0e-6	0.0	0.0	0.0	0.0	
221	975370	1245.29127507	2331.3299999999995	2511.879999999999	9.11961	0.896144	975353	0	0	0	13	0	0	0	0	0.000627	0.0	0.0	0.0	0.480939	0.0	0.0	0.0	0.0	213.851	0.0	0.0	0.0	953.073	0.0	0.0	0.0	0.0	0.000219	0.0	0.0	0.0	73.3133	0.0	0.0	0.0	0.0	57	0	0	0	3	0	0	0	0	112782	0	0	0	10	0	0	0	0	607145	0	0	0	0	0	0	0	0	88456	0	0	0	0	0	0	0	0	13981	0	0	0	0	0	0	0	0	152932	0	0	0	0	0	0	0	0	193.136	0.0	0.0	0.0	0.000766	0.0	0.0	0.0	0.0	0.999996	0.0	0.0	0.0	4.0e-6	0.0	0.0	0.0	0.0	
222	979978	1246.295704856	2331.3299999999995	2447.0799999999995	9.10209	0.895955	979961	0	0	0	13	0	0	0	0	0.000592	0.0	0.0	0.0	0.480939	0.0	0.0	0.0	0.0	214.854	0.0	0.0	0.0	953.073	0.0	0.0	0.0	0.0	0.000219	0.0	0.0	0.0	73.3133	0.0	0.0	0.0	0.0	57	0	0	0	3	0	0	0	0	113171	0	0	0	10	0	0	0	0	609851	0	0	0	0	0	0	0	0	89291	0	0	0	0	0	0	0	0	14067	0	0	0	0	0	0	0	0	153524	0	0	0	0	0	0	0	0	182.406	0.0	0.0	0.0	0.000766	0.0	0.0	0.0	0.0	0.999996	0.0	0.0	0.0	4.0e-6	0.0	0.0	0.0	0.0	
223	984699	1247.29576049	2331.3299999999995	2580.079999999999	9.08452	0.895765	984682	0	0	0	13	0	0	0	0	0.000487	0.0	0.0	0.0	0.480939	0.0	0.0	0.0	0.0	215.852	0.0	0.0	0.0	953.073	0.0	0.0	0.0	0.0	0.000219	0.0	0.0	0.0	73.3133	0.0	0.0	0.0	0.0	57	0	0	0	3	0	0	0	0	113572	0	0	0	10	0	0	0	0	612671	0	0	0	0	0	0	0	0	90076	0	0	0	0	0	0	0	0	14160	0	0	0	0	0	0	0	0	154146	0	0	0	0	0	0	0	0	150.096	0.0	0.0	0.0	0.000766	0.0	0.0	0.0	0.0	0.999995	0.0	0.0	0.0	5.0e-6	0.0	0.0	0.0	0.0	
224	989254	1248.295840367	2331.3299999999995	2499.6299999999997	9.06707	0.895575	989237	0	0	0	13	0	0	0	0	0.0005	0.0	0.0	0.0	0.480939	0.0	0.0	0.0	0.0	216.85	0.0	0.0	0.0	953.073	0.0	0.0	0.0	0.0	0.000219	0.0	0.0	0.0	73.3133	0.0	0.0	0.0	0.0	57	0	0	0	3	0	0	0	0	113968	0	0	0	10	0	0	0	0	615385	0	0	0	0	0	0	0	0	90817	0	0	0	0	0	0	0	0	14222	0	0	0	0	0	0	0	0	154788	0	0	0	0	0	0	0	0	154.192	0.0	0.0	0.0	0.000766	0.0	0.0	0.0	0.0	0.999995	0.0	0.0	0.0	5.0e-6	0.0	0.0	0.0	0.0	
225	993823	1249.297585342	2331.3299999999995	2439.379999999999	9.0497	0.895386	993806	0	0	0	13	0	0	0	0	0.000895	0.0	0.0	0.0	0.480939	0.0	0.0	0.0	0.0	217.849	0.0	0.0	0.0	953.073	0.0	0.0	0.0	0.0	0.000219	0.0	0.0	0.0	73.3133	0.0	0.0	0.0	0.0	57	0	0	0	3	0	0	0	0	114336	0	0	0	10	0	0	0	0	618006	0	0	0	0	0	0	0	0	91582	0	0	0	0	0	0	0	0	14329	0	0	0	0	0	0	0	0	155496	0	0	0	0	0	0	0	0	275.622	0.0	0.0	0.0	0.000766	0.0	0.0	0.0	0.0	0.999997	0.0	0.0	0.0	3.0e-6	0.0	0.0	0.0	0.0	
226	998492	1250.297596095	2331.3299999999995	2511.7799999999997	9.03223	0.895194	998475	0	0	0	13	0	0	0	0	0.000469	0.0	0.0	0.0	0.480939	0.0	0.0	0.0	0.0	218.847	0.0	0.0	0.0	953.073	0.0	0.0	0.0	0.0	0.000219	0.0	0.0	0.0	73.3133	0.0	0.0	0.0	0.0	57	0	0	0	3	0	0	0	0	114692	0	0	0	10	0	0	0	0	620648	0	0	0	0	0	0	0	0	92395	0	0	0	0	0	0	0	0	14433	0	0	0	0	0	0	0	0	156250	0	0	0	0	0	0	0	0	144.648	0.0	0.0	0.0	0.000766	0.0	0.0	0.0	0.0	0.999995	0.0	0.0	0.0	5.0e-6	0.0	0.0	0.0	0.0	
227	1003142	1251.297745088	2331.3299999999995	2544.479999999999	9.01487	0.895003	1003125	0	0	0	13	0	0	0	0	0.000426	0.0	0.0	0.0	0.480939	0.0	0.0	0.0	0.0	219.846	0.0	0.0	0.0	953.073	0.0	0.0	0.0	0.0	0.000219	0.0	0.0	0.0	73.3133	0.0	0.0	0.0	0.0	57	0	0	0	3	0	0	0	0	115075	0	0	0	10	0	0	0	0	623313	0	0	0	0	0	0	0	0	93160	0	0	0	0	0	0	0	0	14549	0	0	0	0	0	0	0	0	156971	0	0	0	0	0	0	0	0	131.227	0.0	0.0	0.0	0.000766	0.0	0.0	0.0	0.0	0.999994	0.0	0.0	0.0	6.0e-6	0.0	0.0	0.0	0.0	
228	1007917	1252.297915139	2331.3299999999995	2546.0299999999993	8.99755	0.894812	1007900	0	0	0	13	0	0	0	0	0.000312	0.0	0.0	0.0	0.480939	0.0	0.0	0.0	0.0	220.844	0.0	0.0	0.0	953.073	0.0	0.0	0.0	0.0	0.000219	0.0	0.0	0.0	73.3133	0.0	0.0	0.0	0.0	57	0	0	0	3	0	0	0	0	115499	0	0	0	10	0	0	0	0	626143	0	0	0	0	0	0	0	0	93952	0	0	0	0	0	0	0	0	14667	0	0	0	0	0	0	0	0	157582	0	0	0	0	0	0	0	0	96.1632	0.0	0.0	0.0	0.000766	0.0	0.0	0.0	0.0	0.999992	0.0	0.0	0.0	8.0e-6	0.0	0.0	0.0	0.0	
229	1012660	1253.299811554	2331.3299999999995	2481.93	8.98032	0.894621	1012643	0	0	0	13	0	0	0	0	0.00038	0.0	0.0	0.0	0.480939	0.0	0.0	0.0	0.0	221.844	0.0	0.0	0.0	953.073	0.0	0.0	0.0	0.0	0.000219	0.0	0.0	0.0	73.3133	0.0	0.0	0.0	0.0	57	0	0	0	3	0	0	0	0	115924	0	0	0	10	0	0	0	0	628940	0	0	0	0	0	0	0	0	94781	0	0	0	0	0	0	0	0	14751	0	0	0	0	0	0	0	0	158190	0	0	0	0	0	0	0	0	117.134	0.0	0.0	0.0	0.000766	0.0	0.0	0.0	0.0	0.999993	0.0	0.0	0.0	7.0e-6	0.0	0.0	0.0	0.0	
230	1017149	1254.299972647	2331.3299999999995	2541.730000000001	8.96298	0.894429	1017132	0	0	0	13	0	0	0	0	0.000183	0.0	0.0	0.0	0.480939	0.0	0.0	0.0	0.0	222.842	0.0	0.0	0.0	953.073	0.0	0.0	0.0	0.0	0.000219	0.0	0.0	0.0	73.3133	0.0	0.0	0.0	0.0	57	0	0	0	3	0	0	0	0	116289	0	0	0	10	0	0	0	0	631570	0	0	0	0	0	0	0	0	95562	0	0	0	0	0	0	0	0	14828	0	0	0	0	0	0	0	0	158826	0	0	0	0	0	0	0	0	56.5322	0.0	0.0	0.0	0.000766	0.0	0.0	0.0	0.0	0.999986	0.0	0.0	0.0	1.4e-5	0.0	0.0	0.0	0.0	
231	1021647	1255.300087686	2331.3299999999995	2531.7800000000007	8.94575	0.894237	1021630	0	0	0	13	0	0	0	0	9.5e-5	0.0	0.0	0.0	0.480939	0.0	0.0	0.0	0.0	223.84	0.0	0.0	0.0	953.073	0.0	0.0	0.0	0.0	0.000219	0.0	0.0	0.0	73.3133	0.0	0.0	0.0	0.0	57	0	0	0	3	0	0	0	0	116657	0	0	0	10	0	0	0	0	634151	0	0	0	0	0	0	0	0	96303	0	0	0	0	0	0	0	0	14955	0	0	0	0	0	0	0	0	159507	0	0	0	0	0	0	0	0	29.3845	0.0	0.0	0.0	0.000766	0.0	0.0	0.0	0.0	0.999974	0.0	0.0	0.0	2.6e-5	0.0	0.0	0.0	0.0	
232	1026185	1256.300200647	2331.3299999999995	2484.080000000001	8.92857	0.894044	1026168	0	0	0	13	0	0	0	0	0.000137	0.0	0.0	0.0	0.480939	0.0	0.0	0.0	0.0	224.838	0.0	0.0	0.0	953.073	0.0	0.0	0.0	0.0	0.000219	0.0	0.0	0.0	73.3133	0.0	0.0	0.0	0.0	57	0	0	0	3	0	0	0	0	117015	0	0	0	10	0	0	0	0	636757	0	0	0	0	0	0	0	0	97028	0	0	0	0	0	0	0	0	15095	0	0	0	0	0	0	0	0	160216	0	0	0	0	0	0	0	0	42.189	0.0	0.0	0.0	0.000766	0.0	0.0	0.0	0.0	0.999982	0.0	0.0	0.0	1.8e-5	0.0	0.0	0.0	0.0	
233	1030854	1257.300392017	2331.3299999999995	2510.780000000001	8.91141	0.893851	1030837	0	0	0	13	0	0	0	0	0.000264	0.0	0.0	0.0	0.480939	0.0	0.0	0.0	0.0	225.836	0.0	0.0	0.0	953.073	0.0	0.0	0.0	0.0	0.000219	0.0	0.0	0.0	73.3133	0.0	0.0	0.0	0.0	57	0	0	0	3	0	0	0	0	117400	0	0	0	10	0	0	0	0	639336	0	0	0	0	0	0	0	0	97830	0	0	0	0	0	0	0	0	15176	0	0	0	0	0	0	0	0	161038	0	0	0	0	0	0	0	0	81.328	0.0	0.0	0.0	0.000766	0.0	0.0	0.0	0.0	0.999991	0.0	0.0	0.0	9.0e-6	0.0	0.0	0.0	0.0	
234	1035584	1258.300487772	2331.3299999999995	2655.630000000001	8.89429	0.893658	1035567	0	0	0	13	0	0	0	0	0.000351	0.0	0.0	0.0	0.480939	0.0	0.0	0.0	0.0	226.834	0.0	0.0	0.0	953.073	0.0	0.0	0.0	0.0	0.000219	0.0	0.0	0.0	73.3133	0.0	0.0	0.0	0.0	57	0	0	0	3	0	0	0	0	117748	0	0	0	10	0	0	0	0	642023	0	0	0	0	0	0	0	0	98652	0	0	0	0	0	0	0	0	15269	0	0	0	0	0	0	0	0	161818	0	0	0	0	0	0	0	0	108.326	0.0	0.0	0.0	0.000766	0.0	0.0	0.0	0.0	0.999993	0.0	0.0	0.0	7.0e-6	0.0	0.0	0.0	0.0	
235	1040310	1259.300660969	2331.3299999999995	2561.230000000001	8.8772	0.893465	1040293	0	0	0	13	0	0	0	0	0.000584	0.0	0.0	0.0	0.480939	0.0	0.0	0.0	0.0	227.832	0.0	0.0	0.0	953.073	0.0	0.0	0.0	0.0	0.000219	0.0	0.0	0.0	73.3133	0.0	0.0	0.0	0.0	57	0	0	0	3	0	0	0	0	118192	0	0	0	10	0	0	0	0	644734	0	0	0	0	0	0	0	0	99359	0	0	0	0	0	0	0	0	15381	0	0	0	0	0	0	0	0	162570	0	0	0	0	0	0	0	0	180.194	0.0	0.0	0.0	0.000766	0.0	0.0	0.0	0.0	0.999996	0.0	0.0	0.0	4.0e-6	0.0	0.0	0.0	0.0	
236	1044838	1260.300888514	2331.3299999999995	2502.730000000001	8.86014	0.893271	1044821	0	0	0	13	0	0	0	0	0.001023	0.0	0.0	0.0	0.480939	0.0	0.0	0.0	0.0	228.83	0.0	0.0	0.0	953.073	0.0	0.0	0.0	0.0	0.000219	0.0	0.0	0.0	73.3133	0.0	0.0	0.0	0.0	57	0	0	0	3	0	0	0	0	118559	0	0	0	10	0	0	0	0	647398	0	0	0	0	0	0	0	0	100114	0	0	0	0	0	0	0	0	15441	0	0	0	0	0	0	0	0	163252	0	0	0	0	0	0	0	0	315.673	0.0	0.0	0.0	0.000766	0.0	0.0	0.0	0.0	0.999998	0.0	0.0	0.0	2.0e-6	0.0	0.0	0.0	0.0	
237	1049293	1261.300921256	2331.3299999999995	2536.8300000000013	8.84312	0.893077	1049276	0	0	0	13	0	0	0	0	0.000385	0.0	0.0	0.0	0.480939	0.0	0.0	0.0	0.0	229.828	0.0	0.0	0.0	953.073	0.0	0.0	0.0	0.0	0.000219	0.0	0.0	0.0	73.3133	0.0	0.0	0.0	0.0	57	0	0	0	3	0	0	0	0	118950	0	0	0	10	0	0	0	0	650030	0	0	0	0	0	0	0	0	100938	0	0	0	0	0	0	0	0	15520	0	0	0	0	0	0	0	0	163781	0	0	0	0	0	0	0	0	118.795	0.0	0.0	0.0	0.000766	0.0	0.0	0.0	0.0	0.999994	0.0	0.0	0.0	6.0e-6	0.0	0.0	0.0	0.0	
238	1053815	1262.30101074	2331.3299999999995	2529.8300000000013	8.82612	0.892883	1053798	0	0	0	13	0	0	0	0	0.000373	0.0	0.0	0.0	0.480939	0.0	0.0	0.0	0.0	230.827	0.0	0.0	0.0	953.073	0.0	0.0	0.0	0.0	0.000219	0.0	0.0	0.0	73.3133	0.0	0.0	0.0	0.0	57	0	0	0	3	0	0	0	0	119317	0	0	0	10	0	0	0	0	652682	0	0	0	0	0	0	0	0	101748	0	0	0	0	0	0	0	0	15582	0	0	0	0	0	0	0	0	164412	0	0	0	0	0	0	0	0	115.13	0.0	0.0	0.0	0.000766	0.0	0.0	0.0	0.0	0.999993	0.0	0.0	0.0	7.0e-6	0.0	0.0	0.0	0.0	
239	1058528	1263.301119988	2331.3299999999995	2519.280000000001	8.80917	0.892688	1058511	0	0	0	13	0	0	0	0	0.000202	0.0	0.0	0.0	0.480939	0.0	0.0	0.0	0.0	231.825	0.0	0.0	0.0	953.073	0.0	0.0	0.0	0.0	0.000219	0.0	0.0	0.0	73.3133	0.0	0.0	0.0	0.0	57	0	0	0	3	0	0	0	0	119695	0	0	0	10	0	0	0	0	655505	0	0	0	0	0	0	0	0	102587	0	0	0	0	0	0	0	0	15639	0	0	0	0	0	0	0	0	165028	0	0	0	0	0	0	0	0	62.3991	0.0	0.0	0.0	0.000766	0.0	0.0	0.0	0.0	0.999988	0.0	0.0	0.0	1.2e-5	0.0	0.0	0.0	0.0	
240	1063309	1264.302864676	2331.3299999999995	2535.3300000000004	8.79229	0.892494	1063292	0	0	0	13	0	0	0	0	0.000574	0.0	0.0	0.0	0.480939	0.0	0.0	0.0	0.0	232.824	0.0	0.0	0.0	953.073	0.0	0.0	0.0	0.0	0.000219	0.0	0.0	0.0	73.3133	0.0	0.0	0.0	0.0	57	0	0	0	3	0	0	0	0	120106	0	0	0	10	0	0	0	0	658260	0	0	0	0	0	0	0	0	103339	0	0	0	0	0	0	0	0	15695	0	0	0	0	0	0	0	0	165835	0	0	0	0	0	0	0	0	177.011	0.0	0.0	0.0	0.000766	0.0	0.0	0.0	0.0	0.999996	0.0	0.0	0.0	4.0e-6	0.0	0.0	0.0	0.0	
241	1068025	1265.302913563	2331.3299999999995	2521.6300000000006	8.77532	0.892297	1068008	0	0	0	13	0	0	0	0	0.000111	0.0	0.0	0.0	0.480939	0.0	0.0	0.0	0.0	233.822	0.0	0.0	0.0	953.073	0.0	0.0	0.0	0.0	0.000219	0.0	0.0	0.0	73.3133	0.0	0.0	0.0	0.0	57	0	0	0	3	0	0	0	0	120504	0	0	0	10	0	0	0	0	661095	0	0	0	0	0	0	0	0	104154	0	0	0	0	0	0	0	0	15736	0	0	0	0	0	0	0	0	166462	0	0	0	0	0	0	0	0	34.2089	0.0	0.0	0.0	0.000766	0.0	0.0	0.0	0.0	0.999978	0.0	0.0	0.0	2.2e-5	0.0	0.0	0.0	0.0	
242	1072705	1266.303038853	2331.3299999999995	2491.4800000000005	8.75846	0.892102	1072688	0	0	0	13	0	0	0	0	0.00043	0.0	0.0	0.0	0.480939	0.0	0.0	0.0	0.0	234.821	0.0	0.0	0.0	953.073	0.0	0.0	0.0	0.0	0.000219	0.0	0.0	0.0	73.3133	0.0	0.0	0.0	0.0	57	0	0	0	3	0	0	0	0	120887	0	0	0	10	0	0	0	0	663810	0	0	0	0	0	0	0	0	104979	0	0	0	0	0	0	0	0	15850	0	0	0	0	0	0	0	0	167105	0	0	0	0	0	0	0	0	132.699	0.0	0.0	0.0	0.000766	0.0	0.0	0.0	0.0	0.999994	0.0	0.0	0.0	6.0e-6	0.0	0.0	0.0	0.0	
243	1077304	1267.303105528	2331.3299999999995	2510.03	8.74163	0.891905	1077287	0	0	0	13	0	0	0	0	0.000293	0.0	0.0	0.0	0.480939	0.0	0.0	0.0	0.0	235.819	0.0	0.0	0.0	953.073	0.0	0.0	0.0	0.0	0.000219	0.0	0.0	0.0	73.3133	0.0	0.0	0.0	0.0	57	0	0	0	3	0	0	0	0	121261	0	0	0	10	0	0	0	0	666581	0	0	0	0	0	0	0	0	105756	0	0	0	0	0	0	0	0	15960	0	0	0	0	0	0	0	0	167672	0	0	0	0	0	0	0	0	90.5841	0.0	0.0	0.0	0.000766	0.0	0.0	0.0	0.0	0.999992	0.0	0.0	0.0	8.0e-6	0.0	0.0	0.0	0.0	
244	1081896	1268.303229066	2331.3299999999995	2541.780000000001	8.72484	0.891709	1081879	0	0	0	13	0	0	0	0	0.000413	0.0	0.0	0.0	0.480939	0.0	0.0	0.0	0.0	236.817	0.0	0.0	0.0	953.073	0.0	0.0	0.0	0.0	0.000219	0.0	0.0	0.0	73.3133	0.0	0.0	0.0	0.0	57	0	0	0	3	0	0	0	0	121655	0	0	0	10	0	0	0	0	669341	0	0	0	0	0	0	0	0	106560	0	0	0	0	0	0	0	0	16030	0	0	0	0	0	0	0	0	168236	0	0	0	0	0	0	0	0	127.417	0.0	0.0	0.0	0.000766	0.0	0.0	0.0	0.0	0.999994	0.0	0.0	0.0	6.0e-6	0.0	0.0	0.0	0.0	
245	1086496	1269.303359404	2331.3299999999995	2461.9800000000005	8.70807	0.891512	1086479	0	0	0	13	0	0	0	0	0.000209	0.0	0.0	0.0	0.480939	0.0	0.0	0.0	0.0	237.815	0.0	0.0	0.0	953.073	0.0	0.0	0.0	0.0	0.000219	0.0	0.0	0.0	73.3133	0.0	0.0	0.0	0.0	57	0	0	0	3	0	0	0	0	122003	0	0	0	10	0	0	0	0	672061	0	0	0	0	0	0	0	0	107429	0	0	0	0	0	0	0	0	16101	0	0	0	0	0	0	0	0	168828	0	0	0	0	0	0	0	0	64.6239	0.0	0.0	0.0	0.000766	0.0	0.0	0.0	0.0	0.999988	0.0	0.0	0.0	1.2e-5	0.0	0.0	0.0	0.0	
246	1091118	1270.303377677	2331.3299999999995	2575.43	8.69134	0.891315	1091101	0	0	0	13	0	0	0	0	0.000364	0.0	0.0	0.0	0.480939	0.0	0.0	0.0	0.0	238.813	0.0	0.0	0.0	953.073	0.0	0.0	0.0	0.0	0.000219	0.0	0.0	0.0	73.3133	0.0	0.0	0.0	0.0	57	0	0	0	3	0	0	0	0	122309	0	0	0	10	0	0	0	0	674723	0	0	0	0	0	0	0	0	108340	0	0	0	0	0	0	0	0	16166	0	0	0	0	0	0	0	0	169506	0	0	0	0	0	0	0	0	112.3	0.0	0.0	0.0	0.000766	0.0	0.0	0.0	0.0	0.999993	0.0	0.0	0.0	7.0e-6	0.0	0.0	0.0	0.0	
247	1095668	1271.30342503	2331.3299999999995	2624.1299999999997	8.67464	0.891118	1095651	0	0	0	13	0	0	0	0	0.0009	0.0	0.0	0.0	0.480939	0.0	0.0	0.0	0.0	239.811	0.0	0.0	0.0	953.073	0.0	0.0	0.0	0.0	0.000219	0.0	0.0	0.0	73.3133	0.0	0.0	0.0	0.0	57	0	0	0	3	0	0	0	0	122654	0	0	0	10	0	0	0	0	677384	0	0	0	0	0	0	0	0	109115	0	0	0	0	0	0	0	0	16226	0	0	0	0	0	0	0	0	170215	0	0	0	0	0	0	0	0	277.916	0.0	0.0	0.0	0.000766	0.0	0.0	0.0	0.0	0.999997	0.0	0.0	0.0	3.0e-6	0.0	0.0	0.0	0.0	
248	1100155	1272.306885119	2331.3299999999995	2512.829999999999	8.658	0.89092	1100138	0	0	0	13	0	0	0	0	0.000205	0.0	0.0	0.0	0.480939	0.0	0.0	0.0	0.0	240.812	0.0	0.0	0.0	953.073	0.0	0.0	0.0	0.0	0.000219	0.0	0.0	0.0	73.3133	0.0	0.0	0.0	0.0	57	0	0	0	3	0	0	0	0	122986	0	0	0	10	0	0	0	0	680024	0	0	0	0	0	0	0	0	109883	0	0	0	0	0	0	0	0	16319	0	0	0	0	0	0	0	0	170869	0	0	0	0	0	0	0	0	63.4372	0.0	0.0	0.0	0.000766	0.0	0.0	0.0	0.0	0.999988	0.0	0.0	0.0	1.2e-5	0.0	0.0	0.0	0.0	
249	1104600	1273.306960948	2331.3299999999995	2543.9299999999994	8.64128	0.890721	1104583	0	0	0	13	0	0	0	0	0.000602	0.0	0.0	0.0	0.480939	0.0	0.0	0.0	0.0	241.81	0.0	0.0	0.0	953.073	0.0	0.0	0.0	0.0	0.000219	0.0	0.0	0.0	73.3133	0.0	0.0	0.0	0.0	57	0	0	0	3	0	0	0	0	123299	0	0	0	10	0	0	0	0	682712	0	0	0	0	0	0	0	0	110693	0	0	0	0	0	0	0	0	16350	0	0	0	0	0	0	0	0	171472	0	0	0	0	0	0	0	0	185.882	0.0	0.0	0.0	0.000766	0.0	0.0	0.0	0.0	0.999996	0.0	0.0	0.0	4.0e-6	0.0	0.0	0.0	0.0	
250	1109069	1274.307150189	2331.3299999999995	2459.1299999999997	8.62468	0.890523	1109052	0	0	0	13	0	0	0	0	0.000465	0.0	0.0	0.0	0.480939	0.0	0.0	0.0	0.0	242.809	0.0	0.0	0.0	953.073	0.0	0.0	0.0	0.0	0.000219	0.0	0.0	0.0	73.3133	0.0	0.0	0.0	0.0	57	0	0	0	3	0	0	0	0	123670	0	0	0	10	0	0	0	0	685359	0	0	0	0	0	0	0	0	111364	0	0	0	0	0	0	0	0	16401	0	0	0	0	0	0	0	0	172201	0	0	0	0	0	0	0	0	143.445	0.0	0.0	0.0	0.000766	0.0	0.0	0.0	0.0	0.999995	0.0	0.0	0.0	5.0e-6	0.0	0.0	0.0	0.0	
251	1113518	1275.307298585	2331.3299999999995	2519.9799999999996	8.60811	0.890324	1113501	0	0	0	13	0	0	0	0	0.000584	0.0	0.0	0.0	0.480939	0.0	0.0	0.0	0.0	243.807	0.0	0.0	0.0	953.073	0.0	0.0	0.0	0.0	0.000219	0.0	0.0	0.0	73.3133	0.0	0.0	0.0	0.0	57	0	0	0	3	0	0	0	0	124007	0	0	0	10	0	0	0	0	687939	0	0	0	0	0	0	0	0	112182	0	0	0	0	0	0	0	0	16450	0	0	0	0	0	0	0	0	172866	0	0	0	0	0	0	0	0	180.132	0.0	0.0	0.0	0.000766	0.0	0.0	0.0	0.0	0.999996	0.0	0.0	0.0	4.0e-6	0.0	0.0	0.0	0.0	
252	1117951	1276.307388498	2331.3299999999995	2401.4300000000003	8.59157	0.890125	1117934	0	0	0	13	0	0	0	0	0.000507	0.0	0.0	0.0	0.480939	0.0	0.0	0.0	0.0	244.805	0.0	0.0	0.0	953.073	0.0	0.0	0.0	0.0	0.000219	0.0	0.0	0.0	73.3133	0.0	0.0	0.0	0.0	57	0	0	0	3	0	0	0	0	124361	0	0	0	10	0	0	0	0	690553	0	0	0	0	0	0	0	0	112960	0	0	0	0	0	0	0	0	16512	0	0	0	0	0	0	0	0	173491	0	0	0	0	0	0	0	0	156.41	0.0	0.0	0.0	0.000766	0.0	0.0	0.0	0.0	0.999995	0.0	0.0	0.0	5.0e-6	0.0	0.0	0.0	0.0	
253	1122460	1277.307584413	2331.3299999999995	2458.43	8.57506	0.889926	1122443	0	0	0	13	0	0	0	0	0.000203	0.0	0.0	0.0	0.480939	0.0	0.0	0.0	0.0	245.803	0.0	0.0	0.0	953.073	0.0	0.0	0.0	0.0	0.000219	0.0	0.0	0.0	73.3133	0.0	0.0	0.0	0.0	57	0	0	0	3	0	0	0	0	124665	0	0	0	10	0	0	0	0	693074	0	0	0	0	0	0	0	0	113819	0	0	0	0	0	0	0	0	16576	0	0	0	0	0	0	0	0	174252	0	0	0	0	0	0	0	0	62.7231	0.0	0.0	0.0	0.000766	0.0	0.0	0.0	0.0	0.999988	0.0	0.0	0.0	1.2e-5	0.0	0.0	0.0	0.0	
254	1126956	1278.307687413	2331.3299999999995	2512.2300000000005	8.55858	0.889726	1126939	0	0	0	13	0	0	0	0	7.3e-5	0.0	0.0	0.0	0.480939	0.0	0.0	0.0	0.0	246.801	0.0	0.0	0.0	953.073	0.0	0.0	0.0	0.0	0.000219	0.0	0.0	0.0	73.3133	0.0	0.0	0.0	0.0	57	0	0	0	3	0	0	0	0	124996	0	0	0	10	0	0	0	0	695550	0	0	0	0	0	0	0	0	114610	0	0	0	0	0	0	0	0	16629	0	0	0	0	0	0	0	0	175097	0	0	0	0	0	0	0	0	22.5918	0.0	0.0	0.0	0.000766	0.0	0.0	0.0	0.0	0.999966	0.0	0.0	0.0	3.4e-5	0.0	0.0	0.0	0.0	
255	1131418	1279.307854215	2331.3299999999995	2515.58	8.54214	0.889526	1131401	0	0	0	13	0	0	0	0	0.000314	0.0	0.0	0.0	0.480939	0.0	0.0	0.0	0.0	247.799	0.0	0.0	0.0	953.073	0.0	0.0	0.0	0.0	0.000219	0.0	0.0	0.0	73.3133	0.0	0.0	0.0	0.0	57	0	0	0	3	0	0	0	0	125325	0	0	0	10	0	0	0	0	698108	0	0	0	0	0	0	0	0	115457	0	0	0	0	0	0	0	0	16664	0	0	0	0	0	0	0	0	175790	0	0	0	0	0	0	0	0	96.891	0.0	0.0	0.0	0.000766	0.0	0.0	0.0	0.0	0.999992	0.0	0.0	0.0	8.0e-6	0.0	0.0	0.0	0.0	
256	1135943	1280.308060777	2331.3299999999995	2414.43	8.52572	0.889325	1135926	0	0	0	13	0	0	0	0	0.000359	0.0	0.0	0.0	0.480939	0.0	0.0	0.0	0.0	248.797	0.0	0.0	0.0	953.073	0.0	0.0	0.0	0.0	0.000219	0.0	0.0	0.0	73.3133	0.0	0.0	0.0	0.0	57	0	0	0	3	0	0	0	0	125641	0	0	0	10	0	0	0	0	700725	0	0	0	0	0	0	0	0	116315	0	0	0	0	0	0	0	0	16739	0	0	0	0	0	0	0	0	176449	0	0	0	0	0	0	0	0	110.728	0.0	0.0	0.0	0.000766	0.0	0.0	0.0	0.0	0.999993	0.0	0.0	0.0	7.0e-6	0.0	0.0	0.0	0.0	
257	1140570	1281.308250481	2331.3299999999995	2484.48	8.50934	0.889125	1140553	0	0	0	13	0	0	0	0	0.000223	0.0	0.0	0.0	0.480939	0.0	0.0	0.0	0.0	249.795	0.0	0.0	0.0	953.073	0.0	0.0	0.0	0.0	0.000219	0.0	0.0	0.0	73.3133	0.0	0.0	0.0	0.0	57	0	0	0	3	0	0	0	0	125983	0	0	0	10	0	0	0	0	703402	0	0	0	0	0	0	0	0	117259	0	0	0	0	0	0	0	0	16775	0	0	0	0	0	0	0	0	177077	0	0	0	0	0	0	0	0	68.9301	0.0	0.0	0.0	0.000766	0.0	0.0	0.0	0.0	0.999989	0.0	0.0	0.0	1.1e-5	0.0	0.0	0.0	0.0	
258	1145264	1282.308386759	2331.3299999999995	2447.88	8.49299	0.888923	1145247	0	0	0	13	0	0	0	0	0.000332	0.0	0.0	0.0	0.480939	0.0	0.0	0.0	0.0	250.794	0.0	0.0	0.0	953.073	0.0	0.0	0.0	0.0	0.000219	0.0	0.0	0.0	73.3133	0.0	0.0	0.0	0.0	57	0	0	0	3	0	0	0	0	126353	0	0	0	10	0	0	0	0	706207	0	0	0	0	0	0	0	0	118055	0	0	0	0	0	0	0	0	16824	0	0	0	0	0	0	0	0	177751	0	0	0	0	0	0	0	0	102.577	0.0	0.0	0.0	0.000766	0.0	0.0	0.0	0.0	0.999993	0.0	0.0	0.0	7.0e-6	0.0	0.0	0.0	0.0	
259	1149918	1283.308559393	2331.3299999999995	2528.0300000000007	8.47667	0.888722	1149901	0	0	0	13	0	0	0	0	0.000256	0.0	0.0	0.0	0.480939	0.0	0.0	0.0	0.0	251.792	0.0	0.0	0.0	953.073	0.0	0.0	0.0	0.0	0.000219	0.0	0.0	0.0	73.3133	0.0	0.0	0.0	0.0	57	0	0	0	3	0	0	0	0	126714	0	0	0	10	0	0	0	0	708962	0	0	0	0	0	0	0	0	118879	0	0	0	0	0	0	0	0	16887	0	0	0	0	0	0	0	0	178402	0	0	0	0	0	0	0	0	78.8585	0.0	0.0	0.0	0.000766	0.0	0.0	0.0	0.0	0.99999	0.0	0.0	0.0	1.0e-5	0.0	0.0	0.0	0.0	
260	1154523	1284.308587909	2331.3299999999995	2482.630000000001	8.46038	0.88852	1154506	0	0	0	13	0	0	0	0	0.000375	0.0	0.0	0.0	0.480939	0.0	0.0	0.0	0.0	252.79	0.0	0.0	0.0	953.073	0.0	0.0	0.0	0.0	0.000219	0.0	0.0	0.0	73.3133	0.0	0.0	0.0	0.0	57	0	0	0	3	0	0	0	0	127101	0	0	0	10	0	0	0	0	711789	0	0	0	0	0	0	0	0	119611	0	0	0	0	0	0	0	0	16975	0	0	0	0	0	0	0	0	178973	0	0	0	0	0	0	0	0	115.597	0.0	0.0	0.0	0.000766	0.0	0.0	0.0	0.0	0.999993	0.0	0.0	0.0	7.0e-6	0.0	0.0	0.0	0.0	
261	1159200	1285.308700395	2331.3299999999995	2469.080000000001	8.44413	0.888318	1159183	0	0	0	13	0	0	0	0	0.000303	0.0	0.0	0.0	0.480939	0.0	0.0	0.0	0.0	253.788	0.0	0.0	0.0	953.073	0.0	0.0	0.0	0.0	0.000219	0.0	0.0	0.0	73.3133	0.0	0.0	0.0	0.0	57	0	0	0	3	0	0	0	0	127454	0	0	0	10	0	0	0	0	714621	0	0	0	0	0	0	0	0	120413	0	0	0	0	0	0	0	0	17033	0	0	0	0	0	0	0	0	179605	0	0	0	0	0	0	0	0	93.5786	0.0	0.0	0.0	0.000766	0.0	0.0	0.0	0.0	0.999992	0.0	0.0	0.0	8.0e-6	0.0	0.0	0.0	0.0	
262	1163771	1286.309831417	2331.3299999999995	2521.880000000001	8.42797	0.888116	1163754	0	0	0	13	0	0	0	0	0.00034	0.0	0.0	0.0	0.480939	0.0	0.0	0.0	0.0	254.787	0.0	0.0	0.0	953.073	0.0	0.0	0.0	0.0	0.000219	0.0	0.0	0.0	73.3133	0.0	0.0	0.0	0.0	57	0	0	0	3	0	0	0	0	127842	0	0	0	10	0	0	0	0	717301	0	0	0	0	0	0	0	0	121189	0	0	0	0	0	0	0	0	17126	0	0	0	0	0	0	0	0	180239	0	0	0	0	0	0	0	0	104.906	0.0	0.0	0.0	0.000766	0.0	0.0	0.0	0.0	0.999993	0.0	0.0	0.0	7.0e-6	0.0	0.0	0.0	0.0	
263	1168497	1287.309945759	2331.3299999999995	2511.880000000001	8.41169	0.887912	1168480	0	0	0	13	0	0	0	0	0.00072	0.0	0.0	0.0	0.480939	0.0	0.0	0.0	0.0	255.785	0.0	0.0	0.0	953.073	0.0	0.0	0.0	0.0	0.000219	0.0	0.0	0.0	73.3133	0.0	0.0	0.0	0.0	57	0	0	0	3	0	0	0	0	128247	0	0	0	10	0	0	0	0	720084	0	0	0	0	0	0	0	0	121960	0	0	0	0	0	0	0	0	17234	0	0	0	0	0	0	0	0	180898	0	0	0	0	0	0	0	0	222.427	0.0	0.0	0.0	0.000766	0.0	0.0	0.0	0.0	0.999997	0.0	0.0	0.0	3.0e-6	0.0	0.0	0.0	0.0	
264	1173176	1288.311160265	2331.3299999999995	2485.030000000001	8.39559	0.88771	1173159	0	0	0	13	0	0	0	0	7.1e-5	0.0	0.0	0.0	0.480939	0.0	0.0	0.0	0.0	256.784	0.0	0.0	0.0	953.073	0.0	0.0	0.0	0.0	0.000219	0.0	0.0	0.0	73.3133	0.0	0.0	0.0	0.0	57	0	0	0	3	0	0	0	0	128591	0	0	0	10	0	0	0	0	722726	0	0	0	0	0	0	0	0	122799	0	0	0	0	0	0	0	0	17318	0	0	0	0	0	0	0	0	181668	0	0	0	0	0	0	0	0	21.8548	0.0	0.0	0.0	0.000766	0.0	0.0	0.0	0.0	0.999965	0.0	0.0	0.0	3.5e-5	0.0	0.0	0.0	0.0	
265	1177845	1289.311298035	2331.3299999999995	2582.9300000000017	8.37938	0.887506	1177828	0	0	0	13	0	0	0	0	0.000333	0.0	0.0	0.0	0.480939	0.0	0.0	0.0	0.0	257.782	0.0	0.0	0.0	953.073	0.0	0.0	0.0	0.0	0.000219	0.0	0.0	0.0	73.3133	0.0	0.0	0.0	0.0	57	0	0	0	3	0	0	0	0	128949	0	0	0	10	0	0	0	0	725391	0	0	0	0	0	0	0	0	123594	0	0	0	0	0	0	0	0	17398	0	0	0	0	0	0	0	0	182439	0	0	0	0	0	0	0	0	102.795	0.0	0.0	0.0	0.000766	0.0	0.0	0.0	0.0	0.999993	0.0	0.0	0.0	7.0e-6	0.0	0.0	0.0	0.0	
266	1182530	1290.3114645	2331.3299999999995	2516.8300000000013	8.36328	0.887302	1182513	0	0	0	13	0	0	0	0	0.000502	0.0	0.0	0.0	0.480939	0.0	0.0	0.0	0.0	258.78	0.0	0.0	0.0	953.073	0.0	0.0	0.0	0.0	0.000219	0.0	0.0	0.0	73.3133	0.0	0.0	0.0	0.0	57	0	0	0	3	0	0	0	0	129337	0	0	0	10	0	0	0	0	728165	0	0	0	0	0	0	0	0	124320	0	0	0	0	0	0	0	0	17478	0	0	0	0	0	0	0	0	183156	0	0	0	0	0	0	0	0	155.012	0.0	0.0	0.0	0.000766	0.0	0.0	0.0	0.0	0.999995	0.0	0.0	0.0	5.0e-6	0.0	0.0	0.0	0.0	
267	1187114	1291.31153458	2331.3299999999995	2439.730000000002	8.34721	0.887097	1187097	0	0	0	13	0	0	0	0	0.000209	0.0	0.0	0.0	0.480939	0.0	0.0	0.0	0.0	259.779	0.0	0.0	0.0	953.073	0.0	0.0	0.0	0.0	0.000219	0.0	0.0	0.0	73.3133	0.0	0.0	0.0	0.0	57	0	0	0	3	0	0	0	0	129693	0	0	0	10	0	0	0	0	730962	0	0	0	0	0	0	0	0	125100	0	0	0	0	0	0	0	0	17575	0	0	0	0	0	0	0	0	183710	0	0	0	0	0	0	0	0	64.5853	0.0	0.0	0.0	0.000766	0.0	0.0	0.0	0.0	0.999988	0.0	0.0	0.0	1.2e-5	0.0	0.0	0.0	0.0	
268	1191822	1292.311614165	2331.3299999999995	2448.7800000000016	8.33118	0.886893	1191805	0	0	0	13	0	0	0	0	0.000148	0.0	0.0	0.0	0.480939	0.0	0.0	0.0	0.0	260.777	0.0	0.0	0.0	953.073	0.0	0.0	0.0	0.0	0.000219	0.0	0.0	0.0	73.3133	0.0	0.0	0.0	0.0	57	0	0	0	3	0	0	0	0	130103	0	0	0	10	0	0	0	0	733646	0	0	0	0	0	0	0	0	125957	0	0	0	0	0	0	0	0	17641	0	0	0	0	0	0	0	0	184401	0	0	0	0	0	0	0	0	45.6815	0.0	0.0	0.0	0.000766	0.0	0.0	0.0	0.0	0.999983	0.0	0.0	0.0	1.7e-5	0.0	0.0	0.0	0.0	
269	1196503	1293.312061762	2331.3299999999995	2479.5800000000013	8.31524	0.886689	1196486	0	0	0	13	0	0	0	0	9.1e-5	0.0	0.0	0.0	0.480939	0.0	0.0	0.0	0.0	261.775	0.0	0.0	0.0	953.073	0.0	0.0	0.0	0.0	0.000219	0.0	0.0	0.0	73.3133	0.0	0.0	0.0	0.0	57	0	0	0	3	0	0	0	0	130460	0	0	0	10	0	0	0	0	736270	0	0	0	0	0	0	0	0	126864	0	0	0	0	0	0	0	0	17717	0	0	0	0	0	0	0	0	185118	0	0	0	0	0	0	0	0	28.1563	0.0	0.0	0.0	0.000766	0.0	0.0	0.0	0.0	0.999973	0.0	0.0	0.0	2.7e-5	0.0	0.0	0.0	0.0	
270	1201107	1294.31213254	2331.3299999999995	2544.730000000002	8.29919	0.886483	1201090	0	0	0	13	0	0	0	0	0.000202	0.0	0.0	0.0	0.480939	0.0	0.0	0.0	0.0	262.773	0.0	0.0	0.0	953.073	0.0	0.0	0.0	0.0	0.000219	0.0	0.0	0.0	73.3133	0.0	0.0	0.0	0.0	57	0	0	0	3	0	0	0	0	130814	0	0	0	10	0	0	0	0	738926	0	0	0	0	0	0	0	0	127763	0	0	0	0	0	0	0	0	17793	0	0	0	0	0	0	0	0	185737	0	0	0	0	0	0	0	0	62.2918	0.0	0.0	0.0	0.000766	0.0	0.0	0.0	0.0	0.999988	0.0	0.0	0.0	1.2e-5	0.0	0.0	0.0	0.0	
271	1201990	1310.433716015	2331.3299999999995	2367.55	8.29613	0.886443	1201972	0	0	0	14	0	0	0	0	0.000195	0.0	0.0	0.0	0.433345	0.0	0.0	0.0	0.0	262.964	0.0	0.0	0.0	969.003	0.0	0.0	0.0	0.0	0.000219	0.0	0.0	0.0	69.2145	0.0	0.0	0.0	0.0	57	0	0	0	3	0	0	0	0	130873	0	0	0	11	0	0	0	0	739447	0	0	0	0	0	0	0	0	127928	0	0	0	0	0	0	0	0	17803	0	0	0	0	0	0	0	0	185864	0	0	0	0	0	0	0	0	60.3027	0.0	0.0	0.0	0.000753	0.0	0.0	0.0	0.0	0.999988	0.0	0.0	0.0	1.2e-5	0.0	0.0	0.0	0.0	
272	1206444	1311.433901431	2293.9900000000002	2413.2900000000013	8.03038	0.882914	1206426	0	0	0	14	0	0	0	0	0.000454	0.0	0.0	0.0	0.433345	0.0	0.0	0.0	0.0	263.962	0.0	0.0	0.0	969.003	0.0	0.0	0.0	0.0	0.000219	0.0	0.0	0.0	69.2145	0.0	0.0	0.0	0.0	67	0	0	0	3	0	0	0	0	131154	0	0	0	11	0	0	0	0	741788	0	0	0	0	0	0	0	0	128739	0	0	0	0	0	0	0	0	17897	0	0	0	0	0	0	0	0	186781	0	0	0	0	0	0	0	0	140.19	0.0	0.0	0.0	0.000753	0.0	0.0	0.0	0.0	0.999995	0.0	0.0	0.0	5.0e-6	0.0	0.0	0.0	0.0	
273	1211081	1312.434089781	2293.9900000000002	2443.3400000000006	8.01495	0.882703	1211063	0	0	0	14	0	0	0	0	0.000373	0.0	0.0	0.0	0.433345	0.0	0.0	0.0	0.0	264.961	0.0	0.0	0.0	969.003	0.0	0.0	0.0	0.0	0.000219	0.0	0.0	0.0	69.2145	0.0	0.0	0.0	0.0	67	0	0	0	3	0	0	0	0	131492	0	0	0	11	0	0	0	0	744331	0	0	0	0	0	0	0	0	129492	0	0	0	0	0	0	0	0	17957	0	0	0	0	0	0	0	0	187724	0	0	0	0	0	0	0	0	115.266	0.0	0.0	0.0	0.000753	0.0	0.0	0.0	0.0	0.999993	0.0	0.0	0.0	7.0e-6	0.0	0.0	0.0	0.0	
274	1215941	1313.434177272	2293.9900000000002	2495.79	7.99955	0.882491	1215923	0	0	0	14	0	0	0	0	0.000845	0.0	0.0	0.0	0.433345	0.0	0.0	0.0	0.0	265.959	0.0	0.0	0.0	969.003	0.0	0.0	0.0	0.0	0.000219	0.0	0.0	0.0	69.2145	0.0	0.0	0.0	0.0	67	0	0	0	3	0	0	0	0	131851	0	0	0	11	0	0	0	0	747202	0	0	0	0	0	0	0	0	130248	0	0	0	0	0	0	0	0	18026	0	0	0	0	0	0	0	0	188529	0	0	0	0	0	0	0	0	261.258	0.0	0.0	0.0	0.000753	0.0	0.0	0.0	0.0	0.999997	0.0	0.0	0.0	3.0e-6	0.0	0.0	0.0	0.0	
275	1220797	1314.434369951	2293.9900000000002	2493.6899999999996	7.98418	0.882278	1220779	0	0	0	14	0	0	0	0	0.000486	0.0	0.0	0.0	0.433345	0.0	0.0	0.0	0.0	266.957	0.0	0.0	0.0	969.003	0.0	0.0	0.0	0.0	0.000219	0.0	0.0	0.0	69.2145	0.0	0.0	0.0	0.0	67	0	0	0	3	0	0	0	0	132219	0	0	0	11	0	0	0	0	750015	0	0	0	0	0	0	0	0	131111	0	0	0	0	0	0	0	0	18114	0	0	0	0	0	0	0	0	189253	0	0	0	0	0	0	0	0	150.279	0.0	0.0	0.0	0.000753	0.0	0.0	0.0	0.0	0.999995	0.0	0.0	0.0	5.0e-6	0.0	0.0	0.0	0.0	
276	1225657	1315.434507185	2293.9900000000002	2424.34	7.96884	0.882066	1225639	0	0	0	14	0	0	0	0	0.000589	0.0	0.0	0.0	0.433345	0.0	0.0	0.0	0.0	267.955	0.0	0.0	0.0	969.003	0.0	0.0	0.0	0.0	0.000219	0.0	0.0	0.0	69.2145	0.0	0.0	0.0	0.0	67	0	0	0	3	0	0	0	0	132583	0	0	0	11	0	0	0	0	752774	0	0	0	0	0	0	0	0	131976	0	0	0	0	0	0	0	0	18192	0	0	0	0	0	0	0	0	190047	0	0	0	0	0	0	0	0	182.12	0.0	0.0	0.0	0.000753	0.0	0.0	0.0	0.0	0.999996	0.0	0.0	0.0	4.0e-6	0.0	0.0	0.0	0.0	
277	1230542	1316.434671986	2293.9900000000002	2466.240000000001	7.95352	0.881853	1230524	0	0	0	14	0	0	0	0	8.3e-5	0.0	0.0	0.0	0.433345	0.0	0.0	0.0	0.0	268.953	0.0	0.0	0.0	969.003	0.0	0.0	0.0	0.0	0.000219	0.0	0.0	0.0	69.2145	0.0	0.0	0.0	0.0	67	0	0	0	3	0	0	0	0	132914	0	0	0	11	0	0	0	0	755551	0	0	0	0	0	0	0	0	132915	0	0	0	0	0	0	0	0	18243	0	0	0	0	0	0	0	0	190834	0	0	0	0	0	0	0	0	25.7435	0.0	0.0	0.0	0.000753	0.0	0.0	0.0	0.0	0.999971	0.0	0.0	0.0	2.9e-5	0.0	0.0	0.0	0.0	
278	1235415	1317.438136297	2293.9900000000002	2464.8900000000012	7.93825	0.881639	1235397	0	0	0	14	0	0	0	0	0.000268	0.0	0.0	0.0	0.433345	0.0	0.0	0.0	0.0	269.955	0.0	0.0	0.0	969.003	0.0	0.0	0.0	0.0	0.000219	0.0	0.0	0.0	69.2145	0.0	0.0	0.0	0.0	67	0	0	0	3	0	0	0	0	133263	0	0	0	11	0	0	0	0	758367	0	0	0	0	0	0	0	0	133824	0	0	0	0	0	0	0	0	18352	0	0	0	0	0	0	0	0	191524	0	0	0	0	0	0	0	0	82.9662	0.0	0.0	0.0	0.000753	0.0	0.0	0.0	0.0	0.999991	0.0	0.0	0.0	9.0e-6	0.0	0.0	0.0	0.0	
279	1240243	1318.438263515	2293.9900000000002	2459.64	7.92294	0.881425	1240225	0	0	0	14	0	0	0	0	0.000208	0.0	0.0	0.0	0.433345	0.0	0.0	0.0	0.0	270.953	0.0	0.0	0.0	969.003	0.0	0.0	0.0	0.0	0.000218	0.0	0.0	0.0	69.2145	0.0	0.0	0.0	0.0	67	0	0	0	3	0	0	0	0	133621	0	0	0	11	0	0	0	0	761205	0	0	0	0	0	0	0	0	134733	0	0	0	0	0	0	0	0	18441	0	0	0	0	0	0	0	0	192158	0	0	0	0	0	0	0	0	64.4203	0.0	0.0	0.0	0.000753	0.0	0.0	0.0	0.0	0.999988	0.0	0.0	0.0	1.2e-5	0.0	0.0	0.0	0.0	
280	1245072	1319.438309101	2293.9900000000002	2403.09	7.90771	0.88121	1245054	0	0	0	14	0	0	0	0	0.001005	0.0	0.0	0.0	0.433345	0.0	0.0	0.0	0.0	271.951	0.0	0.0	0.0	969.003	0.0	0.0	0.0	0.0	0.000218	0.0	0.0	0.0	69.2145	0.0	0.0	0.0	0.0	67	0	0	0	3	0	0	0	0	133987	0	0	0	11	0	0	0	0	764039	0	0	0	0	0	0	0	0	135621	0	0	0	0	0	0	0	0	18510	0	0	0	0	0	0	0	0	192830	0	0	0	0	0	0	0	0	311.302	0.0	0.0	0.0	0.000753	0.0	0.0	0.0	0.0	0.999998	0.0	0.0	0.0	2.0e-6	0.0	0.0	0.0	0.0	
281	1249825	1320.438974858	2293.9900000000002	2502.44	7.89258	0.880997	1249807	0	0	0	14	0	0	0	0	0.000219	0.0	0.0	0.0	0.433345	0.0	0.0	0.0	0.0	272.949	0.0	0.0	0.0	969.003	0.0	0.0	0.0	0.0	0.000218	0.0	0.0	0.0	69.2145	0.0	0.0	0.0	0.0	67	0	0	0	3	0	0	0	0	134418	0	0	0	11	0	0	0	0	766945	0	0	0	0	0	0	0	0	136540	0	0	0	0	0	0	0	0	18545	0	0	0	0	0	0	0	0	193292	0	0	0	0	0	0	0	0	68.0071	0.0	0.0	0.0	0.000753	0.0	0.0	0.0	0.0	0.999989	0.0	0.0	0.0	1.1e-5	0.0	0.0	0.0	0.0	
282	1251435	1364.806981753	2293.9900000000002	2351.6	7.88746	0.880924	1251416	0	0	0	15	0	0	0	0	0.00028	0.0	0.0	0.0	0.390511	0.0	0.0	0.0	0.0	273.281	0.0	0.0	0.0	1013.04	0.0	0.0	0.0	0.0	0.000218	0.0	0.0	0.0	67.5359	0.0	0.0	0.0	0.0	67	0	0	0	3	0	0	0	0	134542	0	0	0	12	0	0	0	0	767900	0	0	0	0	0	0	0	0	136856	0	0	0	0	0	0	0	0	18572	0	0	0	0	0	0	0	0	193479	0	0	0	0	0	0	0	0	86.6198	0.0	0.0	0.0	0.000704	0.0	0.0	0.0	0.0	0.999992	0.0	0.0	0.0	8.0e-6	0.0	0.0	0.0	0.0	
283	1256044	1365.807184883	2293.9900000000002	2366.849999999999	7.23311	0.870878	1256025	0	0	0	15	0	0	0	0	0.000336	0.0	0.0	0.0	0.390511	0.0	0.0	0.0	0.0	274.279	0.0	0.0	0.0	1013.04	0.0	0.0	0.0	0.0	0.000218	0.0	0.0	0.0	67.5359	0.0	0.0	0.0	0.0	67	0	0	0	3	0	0	0	0	134863	0	0	0	12	0	0	0	0	770421	0	0	0	0	0	0	0	0	137783	0	0	0	0	0	0	0	0	18652	0	0	0	0	0	0	0	0	194239	0	0	0	0	0	0	0	0	104.048	0.0	0.0	0.0	0.000704	0.0	0.0	0.0	0.0	0.999993	0.0	0.0	0.0	7.0e-6	0.0	0.0	0.0	0.0	
284	1260691	1366.80720334	2287.099999999999	2358.149999999999	7.21922	0.870647	1260672	0	0	0	15	0	0	0	0	0.000301	0.0	0.0	0.0	0.390511	0.0	0.0	0.0	0.0	275.277	0.0	0.0	0.0	1013.04	0.0	0.0	0.0	0.0	0.000218	0.0	0.0	0.0	67.5359	0.0	0.0	0.0	0.0	72	0	0	0	3	0	0	0	0	135165	0	0	0	12	0	0	0	0	772869	0	0	0	0	0	0	0	0	138702	0	0	0	0	0	0	0	0	18721	0	0	0	0	0	0	0	0	195143	0	0	0	0	0	0	0	0	93.1928	0.0	0.0	0.0	0.000704	0.0	0.0	0.0	0.0	0.999992	0.0	0.0	0.0	8.0e-6	0.0	0.0	0.0	0.0	
285	1265403	1367.812006495	2287.099999999999	2420.2999999999997	7.20535	0.870414	1265384	0	0	0	15	0	0	0	0	0.000578	0.0	0.0	0.0	0.390511	0.0	0.0	0.0	0.0	276.28	0.0	0.0	0.0	1013.04	0.0	0.0	0.0	0.0	0.000218	0.0	0.0	0.0	67.5359	0.0	0.0	0.0	0.0	72	0	0	0	3	0	0	0	0	135494	0	0	0	12	0	0	0	0	775458	0	0	0	0	0	0	0	0	139589	0	0	0	0	0	0	0	0	18756	0	0	0	0	0	0	0	0	196015	0	0	0	0	0	0	0	0	179.208	0.0	0.0	0.0	0.000704	0.0	0.0	0.0	0.0	0.999996	0.0	0.0	0.0	4.0e-6	0.0	0.0	0.0	0.0	
286	1270166	1368.81402099	2287.099999999999	2385.9499999999994	7.19148	0.870182	1270147	0	0	0	15	0	0	0	0	0.000914	0.0	0.0	0.0	0.390511	0.0	0.0	0.0	0.0	277.28	0.0	0.0	0.0	1013.04	0.0	0.0	0.0	0.0	0.000218	0.0	0.0	0.0	67.5359	0.0	0.0	0.0	0.0	72	0	0	0	3	0	0	0	0	135811	0	0	0	12	0	0	0	0	778124	0	0	0	0	0	0	0	0	140490	0	0	0	0	0	0	0	0	18817	0	0	0	0	0	0	0	0	196833	0	0	0	0	0	0	0	0	283.295	0.0	0.0	0.0	0.000704	0.0	0.0	0.0	0.0	0.999998	0.0	0.0	0.0	2.0e-6	0.0	0.0	0.0	0.0	
287	1274883	1369.814850275	2287.099999999999	2404.149999999999	7.17765	0.869948	1274864	0	0	0	15	0	0	0	0	0.000413	0.0	0.0	0.0	0.390511	0.0	0.0	0.0	0.0	278.279	0.0	0.0	0.0	1013.04	0.0	0.0	0.0	0.0	0.000218	0.0	0.0	0.0	67.5359	0.0	0.0	0.0	0.0	72	0	0	0	3	0	0	0	0	136165	0	0	0	12	0	0	0	0	780865	0	0	0	0	0	0	0	0	141287	0	0	0	0	0	0	0	0	18890	0	0	0	0	0	0	0	0	197585	0	0	0	0	0	0	0	0	127.943	0.0	0.0	0.0	0.000704	0.0	0.0	0.0	0.0	0.999995	0.0	0.0	0.0	5.0e-6	0.0	0.0	0.0	0.0	
288	1279569	1370.814864285	2287.099999999999	2435.5499999999997	7.16379	0.869714	1279550	0	0	0	15	0	0	0	0	0.000288	0.0	0.0	0.0	0.390511	0.0	0.0	0.0	0.0	279.277	0.0	0.0	0.0	1013.04	0.0	0.0	0.0	0.0	0.000218	0.0	0.0	0.0	67.5359	0.0	0.0	0.0	0.0	72	0	0	0	3	0	0	0	0	136517	0	0	0	12	0	0	0	0	783454	0	0	0	0	0	0	0	0	142239	0	0	0	0	0	0	0	0	18956	0	0	0	0	0	0	0	0	198312	0	0	0	0	0	0	0	0	89.3722	0.0	0.0	0.0	0.000704	0.0	0.0	0.0	0.0	0.999992	0.0	0.0	0.0	8.0e-6	0.0	0.0	0.0	0.0	
289	1284260	1371.814954674	2287.099999999999	2437.8999999999996	7.15003	0.86948	1284241	0	0	0	15	0	0	0	0	0.00033	0.0	0.0	0.0	0.390511	0.0	0.0	0.0	0.0	280.275	0.0	0.0	0.0	1013.04	0.0	0.0	0.0	0.0	0.000218	0.0	0.0	0.0	67.5359	0.0	0.0	0.0	0.0	72	0	0	0	3	0	0	0	0	136869	0	0	0	12	0	0	0	0	786135	0	0	0	0	0	0	0	0	143185	0	0	0	0	0	0	0	0	19007	0	0	0	0	0	0	0	0	198973	0	0	0	0	0	0	0	0	102.35	0.0	0.0	0.0	0.000704	0.0	0.0	0.0	0.0	0.999993	0.0	0.0	0.0	7.0e-6	0.0	0.0	0.0	0.0	
290	1288978	1372.815028349	2287.099999999999	2429.8999999999996	7.13629	0.869246	1288959	0	0	0	15	0	0	0	0	0.000158	0.0	0.0	0.0	0.390511	0.0	0.0	0.0	0.0	281.273	0.0	0.0	0.0	1013.04	0.0	0.0	0.0	0.0	0.000218	0.0	0.0	0.0	67.5359	0.0	0.0	0.0	0.0	72	0	0	0	3	0	0	0	0	137232	0	0	0	12	0	0	0	0	788801	0	0	0	0	0	0	0	0	144071	0	0	0	0	0	0	0	0	19053	0	0	0	0	0	0	0	0	199730	0	0	0	0	0	0	0	0	48.9792	0.0	0.0	0.0	0.000704	0.0	0.0	0.0	0.0	0.999986	0.0	0.0	0.0	1.4e-5	0.0	0.0	0.0	0.0	
291	1293722	1373.815215361	2287.099999999999	2416.5499999999993	7.12258	0.869012	1293703	0	0	0	15	0	0	0	0	0.000386	0.0	0.0	0.0	0.390511	0.0	0.0	0.0	0.0	282.272	0.0	0.0	0.0	1013.04	0.0	0.0	0.0	0.0	0.000218	0.0	0.0	0.0	67.5359	0.0	0.0	0.0	0.0	72	0	0	0	3	0	0	0	0	137558	0	0	0	12	0	0	0	0	791450	0	0	0	0	0	0	0	0	144969	0	0	0	0	0	0	0	0	19146	0	0	0	0	0	0	0	0	200508	0	0	0	0	0	0	0	0	119.752	0.0	0.0	0.0	0.000704	0.0	0.0	0.0	0.0	0.999994	0.0	0.0	0.0	6.0e-6	0.0	0.0	0.0	0.0	
292	1298492	1374.815355728	2287.099999999999	2385.799999999999	7.10889	0.868777	1298473	0	0	0	15	0	0	0	0	0.000287	0.0	0.0	0.0	0.390511	0.0	0.0	0.0	0.0	283.27	0.0	0.0	0.0	1013.04	0.0	0.0	0.0	0.0	0.000218	0.0	0.0	0.0	67.5359	0.0	0.0	0.0	0.0	72	0	0	0	3	0	0	0	0	137917	0	0	0	12	0	0	0	0	794031	0	0	0	0	0	0	0	0	145852	0	0	0	0	0	0	0	0	19259	0	0	0	0	0	0	0	0	201342	0	0	0	0	0	0	0	0	88.9635	0.0	0.0	0.0	0.000704	0.0	0.0	0.0	0.0	0.999992	0.0	0.0	0.0	8.0e-6	0.0	0.0	0.0	0.0	
293	1303262	1375.815386332	2287.099999999999	2418.3499999999995	7.09524	0.868542	1303243	0	0	0	15	0	0	0	0	8.7e-5	0.0	0.0	0.0	0.390511	0.0	0.0	0.0	0.0	284.268	0.0	0.0	0.0	1013.04	0.0	0.0	0.0	0.0	0.000218	0.0	0.0	0.0	67.5359	0.0	0.0	0.0	0.0	72	0	0	0	3	0	0	0	0	138256	0	0	0	12	0	0	0	0	796655	0	0	0	0	0	0	0	0	146856	0	0	0	0	0	0	0	0	19305	0	0	0	0	0	0	0	0	202099	0	0	0	0	0	0	0	0	27.0068	0.0	0.0	0.0	0.000704	0.0	0.0	0.0	0.0	0.999974	0.0	0.0	0.0	2.6e-5	0.0	0.0	0.0	0.0	
294	1308000	1376.815549785	2287.099999999999	2424.299999999999	7.0816	0.868306	1307981	0	0	0	15	0	0	0	0	0.000336	0.0	0.0	0.0	0.390511	0.0	0.0	0.0	0.0	285.266	0.0	0.0	0.0	1013.04	0.0	0.0	0.0	0.0	0.000218	0.0	0.0	0.0	67.5359	0.0	0.0	0.0	0.0	72	0	0	0	3	0	0	0	0	138635	0	0	0	12	0	0	0	0	799322	0	0	0	0	0	0	0	0	147718	0	0	0	0	0	0	0	0	19356	0	0	0	0	0	0	0	0	202878	0	0	0	0	0	0	0	0	104.414	0.0	0.0	0.0	0.000704	0.0	0.0	0.0	0.0	0.999993	0.0	0.0	0.0	7.0e-6	0.0	0.0	0.0	0.0	
295	1312709	1377.815576869	2287.099999999999	2373.1499999999987	7.068	0.86807	1312690	0	0	0	15	0	0	0	0	0.000306	0.0	0.0	0.0	0.390511	0.0	0.0	0.0	0.0	286.264	0.0	0.0	0.0	1013.04	0.0	0.0	0.0	0.0	0.000218	0.0	0.0	0.0	67.5359	0.0	0.0	0.0	0.0	72	0	0	0	3	0	0	0	0	138997	0	0	0	12	0	0	0	0	802053	0	0	0	0	0	0	0	0	148640	0	0	0	0	0	0	0	0	19408	0	0	0	0	0	0	0	0	203520	0	0	0	0	0	0	0	0	94.9149	0.0	0.0	0.0	0.000704	0.0	0.0	0.0	0.0	0.999993	0.0	0.0	0.0	7.0e-6	0.0	0.0	0.0	0.0	
296	1317495	1378.815760321	2287.099999999999	2413.099999999999	7.05442	0.867834	1317476	0	0	0	15	0	0	0	0	0.000332	0.0	0.0	0.0	0.390511	0.0	0.0	0.0	0.0	287.262	0.0	0.0	0.0	1013.04	0.0	0.0	0.0	0.0	0.000218	0.0	0.0	0.0	67.5359	0.0	0.0	0.0	0.0	72	0	0	0	3	0	0	0	0	139322	0	0	0	12	0	0	0	0	804725	0	0	0	0	0	0	0	0	149554	0	0	0	0	0	0	0	0	19448	0	0	0	0	0	0	0	0	204355	0	0	0	0	0	0	0	0	103.143	0.0	0.0	0.0	0.000704	0.0	0.0	0.0	0.0	0.999993	0.0	0.0	0.0	7.0e-6	0.0	0.0	0.0	0.0	
297	1322228	1379.815853979	2287.099999999999	2416.449999999999	7.04086	0.867597	1322209	0	0	0	15	0	0	0	0	0.00037	0.0	0.0	0.0	0.390511	0.0	0.0	0.0	0.0	288.26	0.0	0.0	0.0	1013.04	0.0	0.0	0.0	0.0	0.000218	0.0	0.0	0.0	67.5359	0.0	0.0	0.0	0.0	72	0	0	0	3	0	0	0	0	139683	0	0	0	12	0	0	0	0	807359	0	0	0	0	0	0	0	0	150349	0	0	0	0	0	0	0	0	19545	0	0	0	0	0	0	0	0	205201	0	0	0	0	0	0	0	0	114.794	0.0	0.0	0.0	0.000704	0.0	0.0	0.0	0.0	0.999994	0.0	0.0	0.0	6.0e-6	0.0	0.0	0.0	0.0	
298	1326973	1380.816018199	2287.099999999999	2490.1	7.02733	0.86736	1326954	0	0	0	15	0	0	0	0	0.000555	0.0	0.0	0.0	0.390511	0.0	0.0	0.0	0.0	289.258	0.0	0.0	0.0	1013.04	0.0	0.0	0.0	0.0	0.000218	0.0	0.0	0.0	67.5359	0.0	0.0	0.0	0.0	72	0	0	0	3	0	0	0	0	140043	0	0	0	12	0	0	0	0	810077	0	0	0	0	0	0	0	0	151115	0	0	0	0	0	0	0	0	19665	0	0	0	0	0	0	0	0	205982	0	0	0	0	0	0	0	0	172.326	0.0	0.0	0.0	0.000704	0.0	0.0	0.0	0.0	0.999996	0.0	0.0	0.0	4.0e-6	0.0	0.0	0.0	0.0	
299	1331695	1381.816145907	2287.099999999999	2433.9500000000003	7.01383	0.867122	1331676	0	0	0	15	0	0	0	0	0.000339	0.0	0.0	0.0	0.390511	0.0	0.0	0.0	0.0	290.256	0.0	0.0	0.0	1013.04	0.0	0.0	0.0	0.0	0.000218	0.0	0.0	0.0	67.5359	0.0	0.0	0.0	0.0	72	0	0	0	3	0	0	0	0	140377	0	0	0	12	0	0	0	0	812855	0	0	0	0	0	0	0	0	151929	0	0	0	0	0	0	0	0	19789	0	0	0	0	0	0	0	0	206654	0	0	0	0	0	0	0	0	105.197	0.0	0.0	0.0	0.000704	0.0	0.0	0.0	0.0	0.999993	0.0	0.0	0.0	7.0e-6	0.0	0.0	0.0	0.0	
300	1336399	1382.816242154	2287.099999999999	2419.4999999999995	7.00035	0.866884	1336380	0	0	0	15	0	0	0	0	0.000341	0.0	0.0	0.0	0.390511	0.0	0.0	0.0	0.0	291.255	0.0	0.0	0.0	1013.04	0.0	0.0	0.0	0.0	0.000218	0.0	0.0	0.0	67.5359	0.0	0.0	0.0	0.0	72	0	0	0	3	0	0	0	0	140683	0	0	0	12	0	0	0	0	815621	0	0	0	0	0	0	0	0	152806	0	0	0	0	0	0	0	0	19895	0	0	0	0	0	0	0	0	207303	0	0	0	0	0	0	0	0	105.857	0.0	0.0	0.0	0.000704	0.0	0.0	0.0	0.0	0.999993	0.0	0.0	0.0	7.0e-6	0.0	0.0	0.0	0.0	
301	1341127	1383.816343007	2287.099999999999	2383.9499999999994	6.9869	0.866646	1341108	0	0	0	15	0	0	0	0	0.000163	0.0	0.0	0.0	0.390511	0.0	0.0	0.0	0.0	292.253	0.0	0.0	0.0	1013.04	0.0	0.0	0.0	0.0	0.000218	0.0	0.0	0.0	67.5359	0.0	0.0	0.0	0.0	72	0	0	0	3	0	0	0	0	141028	0	0	0	12	0	0	0	0	818340	0	0	0	0	0	0	0	0	153775	0	0	0	0	0	0	0	0	19960	0	0	0	0	0	0	0	0	207933	0	0	0	0	0	0	0	0	50.752	0.0	0.0	0.0	0.000704	0.0	0.0	0.0	0.0	0.999986	0.0	0.0	0.0	1.4e-5	0.0	0.0	0.0	0.0	
302	1345864	1384.81660512	2287.099999999999	2431.4	6.97348	0.866407	1345845	0	0	0	15	0	0	0	0	0.000386	0.0	0.0	0.0	0.390511	0.0	0.0	0.0	0.0	293.251	0.0	0.0	0.0	1013.04	0.0	0.0	0.0	0.0	0.000218	0.0	0.0	0.0	67.5359	0.0	0.0	0.0	0.0	72	0	0	0	3	0	0	0	0	141388	0	0	0	12	0	0	0	0	820951	0	0	0	0	0	0	0	0	154686	0	0	0	0	0	0	0	0	20049	0	0	0	0	0	0	0	0	208699	0	0	0	0	0	0	0	0	120.151	0.0	0.0	0.0	0.000704	0.0	0.0	0.0	0.0	0.999994	0.0	0.0	0.0	6.0e-6	0.0	0.0	0.0	0.0	
303	1350660	1385.816658716	2287.099999999999	2442.6499999999996	6.96008	0.866168	1350641	0	0	0	15	0	0	0	0	0.000111	0.0	0.0	0.0	0.390511	0.0	0.0	0.0	0.0	294.249	0.0	0.0	0.0	1013.04	0.0	0.0	0.0	0.0	0.000218	0.0	0.0	0.0	67.5359	0.0	0.0	0.0	0.0	72	0	0	0	3	0	0	0	0	141738	0	0	0	12	0	0	0	0	823496	0	0	0	0	0	0	0	0	155543	0	0	0	0	0	0	0	0	20151	0	0	0	0	0	0	0	0	209641	0	0	0	0	0	0	0	0	34.4438	0.0	0.0	0.0	0.000704	0.0	0.0	0.0	0.0	0.99998	0.0	0.0	0.0	2.0e-5	0.0	0.0	0.0	0.0	
304	1355410	1386.816803712	2287.099999999999	2389.399999999999	6.94671	0.865928	1355391	0	0	0	15	0	0	0	0	0.000893	0.0	0.0	0.0	0.390511	0.0	0.0	0.0	0.0	295.247	0.0	0.0	0.0	1013.04	0.0	0.0	0.0	0.0	0.000218	0.0	0.0	0.0	67.5359	0.0	0.0	0.0	0.0	72	0	0	0	3	0	0	0	0	142078	0	0	0	12	0	0	0	0	826165	0	0	0	0	0	0	0	0	156432	0	0	0	0	0	0	0	0	20244	0	0	0	0	0	0	0	0	210400	0	0	0	0	0	0	0	0	277.866	0.0	0.0	0.0	0.000704	0.0	0.0	0.0	0.0	0.999997	0.0	0.0	0.0	3.0e-6	0.0	0.0	0.0	0.0	
305	1360180	1387.816888453	2287.099999999999	2418.0999999999985	6.93336	0.865688	1360161	0	0	0	15	0	0	0	0	0.000108	0.0	0.0	0.0	0.390511	0.0	0.0	0.0	0.0	296.245	0.0	0.0	0.0	1013.04	0.0	0.0	0.0	0.0	0.000218	0.0	0.0	0.0	67.5359	0.0	0.0	0.0	0.0	72	0	0	0	3	0	0	0	0	142391	0	0	0	12	0	0	0	0	828746	0	0	0	0	0	0	0	0	157309	0	0	0	0	0	0	0	0	20383	0	0	0	0	0	0	0	0	211260	0	0	0	0	0	0	0	0	33.6522	0.0	0.0	0.0	0.000704	0.0	0.0	0.0	0.0	0.999979	0.0	0.0	0.0	2.1e-5	0.0	0.0	0.0	0.0	
306	1364952	1388.821128819	2287.099999999999	2390.1499999999987	6.92004	0.865448	1364933	0	0	0	15	0	0	0	0	0.000434	0.0	0.0	0.0	0.390511	0.0	0.0	0.0	0.0	297.247	0.0	0.0	0.0	1013.04	0.0	0.0	0.0	0.0	0.000218	0.0	0.0	0.0	67.5359	0.0	0.0	0.0	0.0	72	0	0	0	3	0	0	0	0	142740	0	0	0	12	0	0	0	0	831448	0	0	0	0	0	0	0	0	158176	0	0	0	0	0	0	0	0	20473	0	0	0	0	0	0	0	0	212024	0	0	0	0	0	0	0	0	134.904	0.0	0.0	0.0	0.000704	0.0	0.0	0.0	0.0	0.999995	0.0	0.0	0.0	5.0e-6	0.0	0.0	0.0	0.0	
307	1369681	1389.821259106	2287.099999999999	2462.2999999999993	6.90668	0.865206	1369662	0	0	0	15	0	0	0	0	9.8e-5	0.0	0.0	0.0	0.390511	0.0	0.0	0.0	0.0	298.246	0.0	0.0	0.0	1013.04	0.0	0.0	0.0	0.0	0.000218	0.0	0.0	0.0	67.5359	0.0	0.0	0.0	0.0	72	0	0	0	3	0	0	0	0	143059	0	0	0	12	0	0	0	0	834118	0	0	0	0	0	0	0	0	159129	0	0	0	0	0	0	0	0	20587	0	0	0	0	0	0	0	0	212697	0	0	0	0	0	0	0	0	30.51	0.0	0.0	0.0	0.000704	0.0	0.0	0.0	0.0	0.999977	0.0	0.0	0.0	2.3e-5	0.0	0.0	0.0	0.0	
308	1374426	1390.821306952	2287.099999999999	2430.9499999999985	6.89341	0.864965	1374407	0	0	0	15	0	0	0	0	0.00051	0.0	0.0	0.0	0.390511	0.0	0.0	0.0	0.0	299.244	0.0	0.0	0.0	1013.04	0.0	0.0	0.0	0.0	0.000218	0.0	0.0	0.0	67.5359	0.0	0.0	0.0	0.0	72	0	0	0	3	0	0	0	0	143389	0	0	0	12	0	0	0	0	836848	0	0	0	0	0	0	0	0	160055	0	0	0	0	0	0	0	0	20686	0	0	0	0	0	0	0	0	213357	0	0	0	0	0	0	0	0	158.867	0.0	0.0	0.0	0.000704	0.0	0.0	0.0	0.0	0.999996	0.0	0.0	0.0	4.0e-6	0.0	0.0	0.0	0.0	
309	1379190	1391.821473279	2287.099999999999	2450.5999999999985	6.88017	0.864724	1379171	0	0	0	15	0	0	0	0	0.000173	0.0	0.0	0.0	0.390511	0.0	0.0	0.0	0.0	300.242	0.0	0.0	0.0	1013.04	0.0	0.0	0.0	0.0	0.000218	0.0	0.0	0.0	67.5359	0.0	0.0	0.0	0.0	72	0	0	0	3	0	0	0	0	143742	0	0	0	12	0	0	0	0	839542	0	0	0	0	0	0	0	0	160923	0	0	0	0	0	0	0	0	20783	0	0	0	0	0	0	0	0	214109	0	0	0	0	0	0	0	0	53.7353	0.0	0.0	0.0	0.000704	0.0	0.0	0.0	0.0	0.999987	0.0	0.0	0.0	1.3e-5	0.0	0.0	0.0	0.0	
310	1383961	1392.821496886	2287.099999999999	2436.6499999999987	6.86695	0.864482	1383942	0	0	0	15	0	0	0	0	0.000202	0.0	0.0	0.0	0.390511	0.0	0.0	0.0	0.0	301.24	0.0	0.0	0.0	1013.04	0.0	0.0	0.0	0.0	0.000218	0.0	0.0	0.0	67.5359	0.0	0.0	0.0	0.0	72	0	0	0	3	0	0	0	0	144060	0	0	0	12	0	0	0	0	842117	0	0	0	0	0	0	0	0	161773	0	0	0	0	0	0	0	0	20933	0	0	0	0	0	0	0	0	214987	0	0	0	0	0	0	0	0	62.8555	0.0	0.0	0.0	0.000704	0.0	0.0	0.0	0.0	0.999989	0.0	0.0	0.0	1.1e-5	0.0	0.0	0.0	0.0	
311	1388729	1393.821559051	2287.099999999999	2381.499999999999	6.85376	0.864239	1388710	0	0	0	15	0	0	0	0	0.000137	0.0	0.0	0.0	0.390511	0.0	0.0	0.0	0.0	302.238	0.0	0.0	0.0	1013.04	0.0	0.0	0.0	0.0	0.000218	0.0	0.0	0.0	67.5359	0.0	0.0	0.0	0.0	72	0	0	0	3	0	0	0	0	144361	0	0	0	12	0	0	0	0	844653	0	0	0	0	0	0	0	0	162672	0	0	0	0	0	0	0	0	21052	0	0	0	0	0	0	0	0	215900	0	0	0	0	0	0	0	0	42.6897	0.0	0.0	0.0	0.000704	0.0	0.0	0.0	0.0	0.999984	0.0	0.0	0.0	1.6e-5	0.0	0.0	0.0	0.0	
312	1393440	1394.82167294	2287.099999999999	2499.7999999999993	6.84065	0.863998	1393421	0	0	0	15	0	0	0	0	0.00017	0.0	0.0	0.0	0.390511	0.0	0.0	0.0	0.0	303.236	0.0	0.0	0.0	1013.04	0.0	0.0	0.0	0.0	0.000218	0.0	0.0	0.0	67.5359	0.0	0.0	0.0	0.0	72	0	0	0	3	0	0	0	0	144684	0	0	0	12	0	0	0	0	847340	0	0	0	0	0	0	0	0	163597	0	0	0	0	0	0	0	0	21161	0	0	0	0	0	0	0	0	216567	0	0	0	0	0	0	0	0	52.9738	0.0	0.0	0.0	0.000704	0.0	0.0	0.0	0.0	0.999987	0.0	0.0	0.0	1.3e-5	0.0	0.0	0.0	0.0	
313	1398182	1395.821734488	2287.099999999999	2386.8999999999996	6.82745	0.863754	1398163	0	0	0	15	0	0	0	0	0.000627	0.0	0.0	0.0	0.390511	0.0	0.0	0.0	0.0	304.234	0.0	0.0	0.0	1013.04	0.0	0.0	0.0	0.0	0.000218	0.0	0.0	0.0	67.5359	0.0	0.0	0.0	0.0	72	0	0	0	3	0	0	0	0	145013	0	0	0	12	0	0	0	0	849887	0	0	0	0	0	0	0	0	164660	0	0	0	0	0	0	0	0	21232	0	0	0	0	0	0	0	0	217299	0	0	0	0	0	0	0	0	195.494	0.0	0.0	0.0	0.000704	0.0	0.0	0.0	0.0	0.999996	0.0	0.0	0.0	4.0e-6	0.0	0.0	0.0	0.0	
314	1402977	1396.82182015	2287.099999999999	2500.3999999999996	6.81433	0.86351	1402958	0	0	0	15	0	0	0	0	0.000174	0.0	0.0	0.0	0.390511	0.0	0.0	0.0	0.0	305.232	0.0	0.0	0.0	1013.04	0.0	0.0	0.0	0.0	0.000218	0.0	0.0	0.0	67.5359	0.0	0.0	0.0	0.0	72	0	0	0	3	0	0	0	0	145344	0	0	0	12	0	0	0	0	852639	0	0	0	0	0	0	0	0	165497	0	0	0	0	0	0	0	0	21318	0	0	0	0	0	0	0	0	218088	0	0	0	0	0	0	0	0	54.1602	0.0	0.0	0.0	0.000704	0.0	0.0	0.0	0.0	0.999987	0.0	0.0	0.0	1.3e-5	0.0	0.0	0.0	0.0	
315	1407798	1397.821888414	2287.099999999999	2403.9499999999994	6.80123	0.863266	1407779	0	0	0	15	0	0	0	0	0.000285	0.0	0.0	0.0	0.390511	0.0	0.0	0.0	0.0	306.23	0.0	0.0	0.0	1013.04	0.0	0.0	0.0	0.0	0.000218	0.0	0.0	0.0	67.5359	0.0	0.0	0.0	0.0	72	0	0	0	3	0	0	0	0	145708	0	0	0	12	0	0	0	0	855390	0	0	0	0	0	0	0	0	166334	0	0	0	0	0	0	0	0	21407	0	0	0	0	0	0	0	0	218868	0	0	0	0	0	0	0	0	88.6853	0.0	0.0	0.0	0.000704	0.0	0.0	0.0	0.0	0.999992	0.0	0.0	0.0	8.0e-6	0.0	0.0	0.0	0.0	
316	1412577	1398.821937107	2287.099999999999	2425.9499999999994	6.78817	0.863022	1412558	0	0	0	15	0	0	0	0	0.000248	0.0	0.0	0.0	0.390511	0.0	0.0	0.0	0.0	307.228	0.0	0.0	0.0	1013.04	0.0	0.0	0.0	0.0	0.000217	0.0	0.0	0.0	67.5359	0.0	0.0	0.0	0.0	72	0	0	0	3	0	0	0	0	146065	0	0	0	12	0	0	0	0	858067	0	0	0	0	0	0	0	0	167210	0	0	0	0	0	0	0	0	21503	0	0	0	0	0	0	0	0	219641	0	0	0	0	0	0	0	0	77.2838	0.0	0.0	0.0	0.000704	0.0	0.0	0.0	0.0	0.999991	0.0	0.0	0.0	9.0e-6	0.0	0.0	0.0	0.0	
317	1417309	1399.821976576	2287.099999999999	2356.4499999999994	6.77513	0.862777	1417290	0	0	0	15	0	0	0	0	0.000425	0.0	0.0	0.0	0.390511	0.0	0.0	0.0	0.0	308.226	0.0	0.0	0.0	1013.04	0.0	0.0	0.0	0.0	0.000217	0.0	0.0	0.0	67.5359	0.0	0.0	0.0	0.0	72	0	0	0	3	0	0	0	0	146438	0	0	0	12	0	0	0	0	860607	0	0	0	0	0	0	0	0	168112	0	0	0	0	0	0	0	0	21595	0	0	0	0	0	0	0	0	220466	0	0	0	0	0	0	0	0	132.649	0.0	0.0	0.0	0.000704	0.0	0.0	0.0	0.0	0.999995	0.0	0.0	0.0	5.0e-6	0.0	0.0	0.0	0.0	
318	1422033	1400.822137198	2287.099999999999	2395.999999999999	6.76211	0.862532	1422014	0	0	0	15	0	0	0	0	3.5e-5	0.0	0.0	0.0	0.390511	0.0	0.0	0.0	0.0	309.224	0.0	0.0	0.0	1013.04	0.0	0.0	0.0	0.0	0.000217	0.0	0.0	0.0	67.5359	0.0	0.0	0.0	0.0	72	0	0	0	3	0	0	0	0	146778	0	0	0	12	0	0	0	0	863281	0	0	0	0	0	0	0	0	168992	0	0	0	0	0	0	0	0	21675	0	0	0	0	0	0	0	0	221216	0	0	0	0	0	0	0	0	10.9203	0.0	0.0	0.0	0.000704	0.0	0.0	0.0	0.0	0.999936	0.0	0.0	0.0	6.4e-5	0.0	0.0	0.0	0.0	
319	1426812	1401.822228469	2287.099999999999	2401.8499999999985	6.74911	0.862287	1426793	0	0	0	15	0	0	0	0	0.000282	0.0	0.0	0.0	0.390511	0.0	0.0	0.0	0.0	310.222	0.0	0.0	0.0	1013.04	0.0	0.0	0.0	0.0	0.000217	0.0	0.0	0.0	67.5359	0.0	0.0	0.0	0.0	72	0	0	0	3	0	0	0	0	147105	0	0	0	12	0	0	0	0	865977	0	0	0	0	0	0	0	0	169872	0	0	0	0	0	0	0	0	21800	0	0	0	0	0	0	0	0	221967	0	0	0	0	0	0	0	0	88.0259	0.0	0.0	0.0	0.000704	0.0	0.0	0.0	0.0	0.999992	0.0	0.0	0.0	8.0e-6	0.0	0.0	0.0	0.0	
320	1431646	1402.823631018	2287.099999999999	2453.249999999998	6.73619	0.862041	1431627	0	0	0	15	0	0	0	0	0.000221	0.0	0.0	0.0	0.390511	0.0	0.0	0.0	0.0	311.222	0.0	0.0	0.0	1013.04	0.0	0.0	0.0	0.0	0.000217	0.0	0.0	0.0	67.5359	0.0	0.0	0.0	0.0	72	0	0	0	3	0	0	0	0	147460	0	0	0	12	0	0	0	0	868630	0	0	0	0	0	0	0	0	170802	0	0	0	0	0	0	0	0	21894	0	0	0	0	0	0	0	0	222769	0	0	0	0	0	0	0	0	68.8965	0.0	0.0	0.0	0.000704	0.0	0.0	0.0	0.0	0.99999	0.0	0.0	0.0	1.0e-5	0.0	0.0	0.0	0.0	
321	1436369	1403.823670548	2287.099999999999	2400.949999999999	6.72319	0.861794	1436350	0	0	0	15	0	0	0	0	0.000245	0.0	0.0	0.0	0.390511	0.0	0.0	0.0	0.0	312.22	0.0	0.0	0.0	1013.04	0.0	0.0	0.0	0.0	0.000217	0.0	0.0	0.0	67.5359	0.0	0.0	0.0	0.0	72	0	0	0	3	0	0	0	0	147814	0	0	0	12	0	0	0	0	871293	0	0	0	0	0	0	0	0	171688	0	0	0	0	0	0	0	0	21960	0	0	0	0	0	0	0	0	223523	0	0	0	0	0	0	0	0	76.566	0.0	0.0	0.0	0.000704	0.0	0.0	0.0	0.0	0.999991	0.0	0.0	0.0	9.0e-6	0.0	0.0	0.0	0.0	
322	1441114	1404.828468424	2287.099999999999	2460.9499999999985	6.71027	0.861547	1441095	0	0	0	15	0	0	0	0	0.000209	0.0	0.0	0.0	0.390511	0.0	0.0	0.0	0.0	313.223	0.0	0.0	0.0	1013.04	0.0	0.0	0.0	0.0	0.000217	0.0	0.0	0.0	67.5359	0.0	0.0	0.0	0.0	72	0	0	0	3	0	0	0	0	148203	0	0	0	12	0	0	0	0	873888	0	0	0	0	0	0	0	0	172652	0	0	0	0	0	0	0	0	22039	0	0	0	0	0	0	0	0	224241	0	0	0	0	0	0	0	0	65.3667	0.0	0.0	0.0	0.000704	0.0	0.0	0.0	0.0	0.999989	0.0	0.0	0.0	1.1e-5	0.0	0.0	0.0	0.0	
323	1445747	1405.828570612	2287.099999999999	2474.199999999999	6.69732	0.861299	1445728	0	0	0	15	0	0	0	0	0.00034	0.0	0.0	0.0	0.390511	0.0	0.0	0.0	0.0	314.221	0.0	0.0	0.0	1013.04	0.0	0.0	0.0	0.0	0.000217	0.0	0.0	0.0	67.5359	0.0	0.0	0.0	0.0	72	0	0	0	3	0	0	0	0	148569	0	0	0	12	0	0	0	0	876405	0	0	0	0	0	0	0	0	173576	0	0	0	0	0	0	0	0	22105	0	0	0	0	0	0	0	0	225001	0	0	0	0	0	0	0	0	106.102	0.0	0.0	0.0	0.000704	0.0	0.0	0.0	0.0	0.999993	0.0	0.0	0.0	7.0e-6	0.0	0.0	0.0	0.0	
324	1450394	1406.828669367	2287.099999999999	2381.0999999999995	6.68445	0.861051	1450375	0	0	0	15	0	0	0	0	0.000489	0.0	0.0	0.0	0.390511	0.0	0.0	0.0	0.0	315.219	0.0	0.0	0.0	1013.04	0.0	0.0	0.0	0.0	0.000217	0.0	0.0	0.0	67.5359	0.0	0.0	0.0	0.0	72	0	0	0	3	0	0	0	0	148904	0	0	0	12	0	0	0	0	878970	0	0	0	0	0	0	0	0	174506	0	0	0	0	0	0	0	0	22198	0	0	0	0	0	0	0	0	225725	0	0	0	0	0	0	0	0	152.539	0.0	0.0	0.0	0.000704	0.0	0.0	0.0	0.0	0.999995	0.0	0.0	0.0	5.0e-6	0.0	0.0	0.0	0.0	
325	1455052	1407.828714767	2283.1999999999994	2412.449999999999	6.67161	0.860804	1455033	0	0	0	15	0	0	0	0	0.000322	0.0	0.0	0.0	0.390511	0.0	0.0	0.0	0.0	316.217	0.0	0.0	0.0	1013.04	0.0	0.0	0.0	0.0	0.000217	0.0	0.0	0.0	67.5359	0.0	0.0	0.0	0.0	76	0	0	0	3	0	0	0	0	149223	0	0	0	12	0	0	0	0	881473	0	0	0	0	0	0	0	0	175487	0	0	0	0	0	0	0	0	22292	0	0	0	0	0	0	0	0	226482	0	0	0	0	0	0	0	0	100.441	0.0	0.0	0.0	0.000704	0.0	0.0	0.0	0.0	0.999993	0.0	0.0	0.0	7.0e-6	0.0	0.0	0.0	0.0	
326	1459661	1408.82873638	2283.1999999999994	2368.449999999999	6.65879	0.860555	1459642	0	0	0	15	0	0	0	0	0.000118	0.0	0.0	0.0	0.390511	0.0	0.0	0.0	0.0	317.215	0.0	0.0	0.0	1013.04	0.0	0.0	0.0	0.0	0.000217	0.0	0.0	0.0	67.5359	0.0	0.0	0.0	0.0	76	0	0	0	3	0	0	0	0	149574	0	0	0	12	0	0	0	0	884038	0	0	0	0	0	0	0	0	176415	0	0	0	0	0	0	0	0	22358	0	0	0	0	0	0	0	0	227181	0	0	0	0	0	0	0	0	36.7703	0.0	0.0	0.0	0.000704	0.0	0.0	0.0	0.0	0.999981	0.0	0.0	0.0	1.9e-5	0.0	0.0	0.0	0.0	
327	1464254	1409.828792666	2283.1999999999994	2370.4999999999986	6.64599	0.860306	1464235	0	0	0	15	0	0	0	0	0.000747	0.0	0.0	0.0	0.390511	0.0	0.0	0.0	0.0	318.213	0.0	0.0	0.0	1013.04	0.0	0.0	0.0	0.0	0.000217	0.0	0.0	0.0	67.5359	0.0	0.0	0.0	0.0	76	0	0	0	3	0	0	0	0	149889	0	0	0	12	0	0	0	0	886667	0	0	0	0	0	0	0	0	177358	0	0	0	0	0	0	0	0	22410	0	0	0	0	0	0	0	0	227835	0	0	0	0	0	0	0	0	233.292	0.0	0.0	0.0	0.000704	0.0	0.0	0.0	0.0	0.999997	0.0	0.0	0.0	3.0e-6	0.0	0.0	0.0	0.0	
328	1468934	1410.828869891	2281.749999999999	2289.249999999999	6.63323	0.860057	1468915	0	0	0	15	0	0	0	0	0.008633	0.0	0.0	0.0	0.390511	0.0	0.0	0.0	0.0	319.211	0.0	0.0	0.0	1013.04	0.0	0.0	0.0	0.0	0.000217	0.0	0.0	0.0	67.5359	0.0	0.0	0.0	0.0	78	0	0	0	3	0	0	0	0	150227	0	0	0	12	0	0	0	0	889358	0	0	0	0	0	0	0	0	178269	0	0	0	0	0	0	0	0	22440	0	0	0	0	0	0	0	0	228543	0	0	0	0	0	0	0	0	2694.86	0.0	0.0	0.0	0.000704	0.0	0.0	0.0	0.0	1.0	0.0	0.0	0.0	0.0	0.0	0.0	0.0	0.0	
329	1473650	1411.828999489	2281.749999999999	2369.0999999999995	6.62048	0.859808	1473631	0	0	0	15	0	0	0	0	0.000426	0.0	0.0	0.0	0.390511	0.0	0.0	0.0	0.0	320.209	0.0	0.0	0.0	1013.04	0.0	0.0	0.0	0.0	0.000217	0.0	0.0	0.0	67.5359	0.0	0.0	0.0	0.0	78	0	0	0	3	0	0	0	0	150544	0	0	0	12	0	0	0	0	892032	0	0	0	0	0	0	0	0	179306	0	0	0	0	0	0	0	0	22461	0	0	0	0	0	0	0	0	229210	0	0	0	0	0	0	0	0	132.931	0.0	0.0	0.0	0.000704	0.0	0.0	0.0	0.0	0.999995	0.0	0.0	0.0	5.0e-6	0.0	0.0	0.0	0.0	
330	1478303	1412.829139629	2281.749999999999	2376.7999999999993	6.60776	0.859558	1478284	0	0	0	15	0	0	0	0	0.000213	0.0	0.0	0.0	0.390511	0.0	0.0	0.0	0.0	321.207	0.0	0.0	0.0	1013.04	0.0	0.0	0.0	0.0	0.000217	0.0	0.0	0.0	67.5359	0.0	0.0	0.0	0.0	78	0	0	0	3	0	0	0	0	150910	0	0	0	12	0	0	0	0	894630	0	0	0	0	0	0	0	0	180326	0	0	0	0	0	0	0	0	22513	0	0	0	0	0	0	0	0	229827	0	0	0	0	0	0	0	0	66.4461	0.0	0.0	0.0	0.000704	0.0	0.0	0.0	0.0	0.999989	0.0	0.0	0.0	1.1e-5	0.0	0.0	0.0	0.0	
331	1483062	1413.829266147	2281.749999999999	2439.1499999999983	6.59506	0.859307	1483043	0	0	0	15	0	0	0	0	0.000674	0.0	0.0	0.0	0.390511	0.0	0.0	0.0	0.0	322.205	0.0	0.0	0.0	1013.04	0.0	0.0	0.0	0.0	0.000217	0.0	0.0	0.0	67.5359	0.0	0.0	0.0	0.0	78	0	0	0	3	0	0	0	0	151266	0	0	0	12	0	0	0	0	897333	0	0	0	0	0	0	0	0	181226	0	0	0	0	0	0	0	0	22586	0	0	0	0	0	0	0	0	230554	0	0	0	0	0	0	0	0	210.554	0.0	0.0	0.0	0.000704	0.0	0.0	0.0	0.0	0.999997	0.0	0.0	0.0	3.0e-6	0.0	0.0	0.0	0.0	
332	1487741	1414.829443203	2281.749999999999	2374.6999999999985	6.58239	0.859057	1487722	0	0	0	15	0	0	0	0	0.000552	0.0	0.0	0.0	0.390511	0.0	0.0	0.0	0.0	323.203	0.0	0.0	0.0	1013.04	0.0	0.0	0.0	0.0	0.000217	0.0	0.0	0.0	67.5359	0.0	0.0	0.0	0.0	78	0	0	0	3	0	0	0	0	151658	0	0	0	12	0	0	0	0	900041	0	0	0	0	0	0	0	0	182081	0	0	0	0	0	0	0	0	22648	0	0	0	0	0	0	0	0	231216	0	0	0	0	0	0	0	0	172.401	0.0	0.0	0.0	0.000704	0.0	0.0	0.0	0.0	0.999996	0.0	0.0	0.0	4.0e-6	0.0	0.0	0.0	0.0	
333	1492348	1415.829464404	2281.749999999999	2355.7499999999986	6.56974	0.858805	1492329	0	0	0	15	0	0	0	0	5.0e-5	0.0	0.0	0.0	0.390511	0.0	0.0	0.0	0.0	324.201	0.0	0.0	0.0	1013.04	0.0	0.0	0.0	0.0	0.000217	0.0	0.0	0.0	67.5359	0.0	0.0	0.0	0.0	78	0	0	0	3	0	0	0	0	152017	0	0	0	12	0	0	0	0	902685	0	0	0	0	0	0	0	0	182907	0	0	0	0	0	0	0	0	22712	0	0	0	0	0	0	0	0	231930	0	0	0	0	0	0	0	0	15.7601	0.0	0.0	0.0	0.000704	0.0	0.0	0.0	0.0	0.999955	0.0	0.0	0.0	4.5e-5	0.0	0.0	0.0	0.0	
334	1496933	1416.834610191	2281.749999999999	2412.0999999999985	6.55712	0.858554	1496914	0	0	0	15	0	0	0	0	0.000123	0.0	0.0	0.0	0.390511	0.0	0.0	0.0	0.0	325.204	0.0	0.0	0.0	1013.04	0.0	0.0	0.0	0.0	0.000217	0.0	0.0	0.0	67.5359	0.0	0.0	0.0	0.0	78	0	0	0	3	0	0	0	0	152350	0	0	0	12	0	0	0	0	905320	0	0	0	0	0	0	0	0	183766	0	0	0	0	0	0	0	0	22792	0	0	0	0	0	0	0	0	232608	0	0	0	0	0	0	0	0	38.3366	0.0	0.0	0.0	0.000704	0.0	0.0	0.0	0.0	0.999982	0.0	0.0	0.0	1.8e-5	0.0	0.0	0.0	0.0	
335	1501533	1417.838864696	2281.749999999999	2374.8499999999976	6.54446	0.858301	1501514	0	0	0	15	0	0	0	0	0.000395	0.0	0.0	0.0	0.390511	0.0	0.0	0.0	0.0	326.207	0.0	0.0	0.0	1013.04	0.0	0.0	0.0	0.0	0.000217	0.0	0.0	0.0	67.5359	0.0	0.0	0.0	0.0	78	0	0	0	3	0	0	0	0	152666	0	0	0	12	0	0	0	0	907915	0	0	0	0	0	0	0	0	184656	0	0	0	0	0	0	0	0	22918	0	0	0	0	0	0	0	0	233281	0	0	0	0	0	0	0	0	123.259	0.0	0.0	0.0	0.000704	0.0	0.0	0.0	0.0	0.999994	0.0	0.0	0.0	6.0e-6	0.0	0.0	0.0	0.0	
336	1506220	1418.838993563	2281.749999999999	2435.1999999999975	6.53183	0.858047	1506201	0	0	0	15	0	0	0	0	0.000274	0.0	0.0	0.0	0.390511	0.0	0.0	0.0	0.0	327.205	0.0	0.0	0.0	1013.04	0.0	0.0	0.0	0.0	0.000217	0.0	0.0	0.0	67.5359	0.0	0.0	0.0	0.0	78	0	0	0	3	0	0	0	0	152991	0	0	0	12	0	0	0	0	910575	0	0	0	0	0	0	0	0	185539	0	0	0	0	0	0	0	0	23056	0	0	0	0	0	0	0	0	233962	0	0	0	0	0	0	0	0	85.4571	0.0	0.0	0.0	0.000704	0.0	0.0	0.0	0.0	0.999992	0.0	0.0	0.0	8.0e-6	0.0	0.0	0.0	0.0	
337	1510850	1419.839128708	2281.749999999999	2453.8499999999976	6.51928	0.857794	1510831	0	0	0	15	0	0	0	0	0.000518	0.0	0.0	0.0	0.390511	0.0	0.0	0.0	0.0	328.203	0.0	0.0	0.0	1013.04	0.0	0.0	0.0	0.0	0.000217	0.0	0.0	0.0	67.5359	0.0	0.0	0.0	0.0	78	0	0	0	3	0	0	0	0	153342	0	0	0	12	0	0	0	0	913189	0	0	0	0	0	0	0	0	186360	0	0	0	0	0	0	0	0	23178	0	0	0	0	0	0	0	0	234684	0	0	0	0	0	0	0	0	161.844	0.0	0.0	0.0	0.000704	0.0	0.0	0.0	0.0	0.999996	0.0	0.0	0.0	4.0e-6	0.0	0.0	0.0	0.0	
338	1515526	1420.842593693	2281.749999999999	2444.599999999997	6.50677	0.857541	1515507	0	0	0	15	0	0	0	0	0.000845	0.0	0.0	0.0	0.390511	0.0	0.0	0.0	0.0	329.204	0.0	0.0	0.0	1013.04	0.0	0.0	0.0	0.0	0.000217	0.0	0.0	0.0	67.5359	0.0	0.0	0.0	0.0	78	0	0	0	3	0	0	0	0	153657	0	0	0	12	0	0	0	0	915738	0	0	0	0	0	0	0	0	187294	0	0	0	0	0	0	0	0	23270	0	0	0	0	0	0	0	0	235470	0	0	0	0	0	0	0	0	264.0	0.0	0.0	0.0	0.000704	0.0	0.0	0.0	0.0	0.999997	0.0	0.0	0.0	3.0e-6	0.0	0.0	0.0	0.0	
339	1517567	1429.721611482	2281.749999999999	2459.45	6.50117	0.857428	1517547	0	0	0	16	0	0	0	0	0.000233	0.0	0.0	0.0	0.35196	0.0	0.0	0.0	0.0	329.646	0.0	0.0	0.0	1021.47	0.0	0.0	0.0	0.0	0.000217	0.0	0.0	0.0	63.8422	0.0	0.0	0.0	0.0	78	0	0	0	3	0	0	0	0	153814	0	0	0	13	0	0	0	0	916816	0	0	0	0	0	0	0	0	187713	0	0	0	0	0	0	0	0	23322	0	0	0	0	0	0	0	0	235804	0	0	0	0	0	0	0	0	72.8346	0.0	0.0	0.0	0.00069	0.0	0.0	0.0	0.0	0.999991	0.0	0.0	0.0	9.0e-6	0.0	0.0	0.0	0.0	
340	1522027	1430.721846163	2281.749999999999	2378.0800000000004	6.38426	0.855016	1522007	0	0	0	16	0	0	0	0	4.7e-5	0.0	0.0	0.0	0.35196	0.0	0.0	0.0	0.0	330.644	0.0	0.0	0.0	1021.47	0.0	0.0	0.0	0.0	0.000217	0.0	0.0	0.0	63.8422	0.0	0.0	0.0	0.0	78	0	0	0	3	0	0	0	0	154118	0	0	0	13	0	0	0	0	919187	0	0	0	0	0	0	0	0	188608	0	0	0	0	0	0	0	0	23436	0	0	0	0	0	0	0	0	236580	0	0	0	0	0	0	0	0	14.7031	0.0	0.0	0.0	0.00069	0.0	0.0	0.0	0.0	0.999953	0.0	0.0	0.0	4.7e-5	0.0	0.0	0.0	0.0	
341	1526580	1431.721988098	2281.749999999999	2340.23	6.372	0.854758	1526560	0	0	0	16	0	0	0	0	0.00061	0.0	0.0	0.0	0.35196	0.0	0.0	0.0	0.0	331.643	0.0	0.0	0.0	1021.47	0.0	0.0	0.0	0.0	0.000217	0.0	0.0	0.0	63.8422	0.0	0.0	0.0	0.0	78	0	0	0	3	0	0	0	0	154403	0	0	0	13	0	0	0	0	921709	0	0	0	0	0	0	0	0	189565	0	0	0	0	0	0	0	0	23522	0	0	0	0	0	0	0	0	237283	0	0	0	0	0	0	0	0	190.607	0.0	0.0	0.0	0.00069	0.0	0.0	0.0	0.0	0.999996	0.0	0.0	0.0	4.0e-6	0.0	0.0	0.0	0.0	
342	1531134	1432.722166175	2281.749999999999	2436.0299999999997	6.35975	0.8545	1531114	0	0	0	16	0	0	0	0	0.000363	0.0	0.0	0.0	0.35196	0.0	0.0	0.0	0.0	332.641	0.0	0.0	0.0	1021.47	0.0	0.0	0.0	0.0	0.000217	0.0	0.0	0.0	63.8422	0.0	0.0	0.0	0.0	78	0	0	0	3	0	0	0	0	154713	0	0	0	13	0	0	0	0	924295	0	0	0	0	0	0	0	0	190493	0	0	0	0	0	0	0	0	23612	0	0	0	0	0	0	0	0	237923	0	0	0	0	0	0	0	0	113.468	0.0	0.0	0.0	0.00069	0.0	0.0	0.0	0.0	0.999994	0.0	0.0	0.0	6.0e-6	0.0	0.0	0.0	0.0	
343	1535769	1433.722618118	2281.749999999999	2438.23	6.34758	0.854242	1535749	0	0	0	16	0	0	0	0	0.000228	0.0	0.0	0.0	0.35196	0.0	0.0	0.0	0.0	333.639	0.0	0.0	0.0	1021.47	0.0	0.0	0.0	0.0	0.000217	0.0	0.0	0.0	63.8422	0.0	0.0	0.0	0.0	78	0	0	0	3	0	0	0	0	155012	0	0	0	13	0	0	0	0	926882	0	0	0	0	0	0	0	0	191381	0	0	0	0	0	0	0	0	23730	0	0	0	0	0	0	0	0	238666	0	0	0	0	0	0	0	0	71.1891	0.0	0.0	0.0	0.00069	0.0	0.0	0.0	0.0	0.99999	0.0	0.0	0.0	1.0e-5	0.0	0.0	0.0	0.0	
344	1540381	1434.722641652	2281.749999999999	2394.53	6.33533	0.853982	1540361	0	0	0	16	0	0	0	0	0.000274	0.0	0.0	0.0	0.35196	0.0	0.0	0.0	0.0	334.637	0.0	0.0	0.0	1021.47	0.0	0.0	0.0	0.0	0.000217	0.0	0.0	0.0	63.8422	0.0	0.0	0.0	0.0	78	0	0	0	3	0	0	0	0	155344	0	0	0	13	0	0	0	0	929460	0	0	0	0	0	0	0	0	192219	0	0	0	0	0	0	0	0	23803	0	0	0	0	0	0	0	0	239457	0	0	0	0	0	0	0	0	85.7029	0.0	0.0	0.0	0.00069	0.0	0.0	0.0	0.0	0.999992	0.0	0.0	0.0	8.0e-6	0.0	0.0	0.0	0.0	
345	1544966	1435.722781556	2281.749999999999	2384.33	6.32316	0.853723	1544946	0	0	0	16	0	0	0	0	0.000255	0.0	0.0	0.0	0.35196	0.0	0.0	0.0	0.0	335.635	0.0	0.0	0.0	1021.47	0.0	0.0	0.0	0.0	0.000217	0.0	0.0	0.0	63.8422	0.0	0.0	0.0	0.0	78	0	0	0	3	0	0	0	0	155656	0	0	0	13	0	0	0	0	931971	0	0	0	0	0	0	0	0	193108	0	0	0	0	0	0	0	0	23926	0	0	0	0	0	0	0	0	240207	0	0	0	0	0	0	0	0	79.5886	0.0	0.0	0.0	0.00069	0.0	0.0	0.0	0.0	0.999991	0.0	0.0	0.0	9.0e-6	0.0	0.0	0.0	0.0	
346	1549498	1436.722833896	2281.749999999999	2386.13	6.31101	0.853463	1549478	0	0	0	16	0	0	0	0	0.000352	0.0	0.0	0.0	0.35196	0.0	0.0	0.0	0.0	336.633	0.0	0.0	0.0	1021.47	0.0	0.0	0.0	0.0	0.000217	0.0	0.0	0.0	63.8422	0.0	0.0	0.0	0.0	78	0	0	0	3	0	0	0	0	155949	0	0	0	13	0	0	0	0	934624	0	0	0	0	0	0	0	0	194008	0	0	0	0	0	0	0	0	23994	0	0	0	0	0	0	0	0	240825	0	0	0	0	0	0	0	0	109.885	0.0	0.0	0.0	0.00069	0.0	0.0	0.0	0.0	0.999994	0.0	0.0	0.0	6.0e-6	0.0	0.0	0.0	0.0	
347	1554011	1437.722920871	2281.749999999999	2386.6299999999997	6.29889	0.853203	1553991	0	0	0	16	0	0	0	0	0.000243	0.0	0.0	0.0	0.35196	0.0	0.0	0.0	0.0	337.631	0.0	0.0	0.0	1021.47	0.0	0.0	0.0	0.0	0.000217	0.0	0.0	0.0	63.8422	0.0	0.0	0.0	0.0	78	0	0	0	3	0	0	0	0	156248	0	0	0	13	0	0	0	0	937244	0	0	0	0	0	0	0	0	194909	0	0	0	0	0	0	0	0	24106	0	0	0	0	0	0	0	0	241406	0	0	0	0	0	0	0	0	75.7799	0.0	0.0	0.0	0.00069	0.0	0.0	0.0	0.0	0.999991	0.0	0.0	0.0	9.0e-6	0.0	0.0	0.0	0.0	
348	1558565	1438.723049993	2281.749999999999	2411.63	6.28678	0.852942	1558545	0	0	0	16	0	0	0	0	0.000461	0.0	0.0	0.0	0.35196	0.0	0.0	0.0	0.0	338.63	0.0	0.0	0.0	1021.47	0.0	0.0	0.0	0.0	0.000217	0.0	0.0	0.0	63.8422	0.0	0.0	0.0	0.0	78	0	0	0	3	0	0	0	0	156572	0	0	0	13	0	0	0	0	939858	0	0	0	0	0	0	0	0	195822	0	0	0	0	0	0	0	0	24214	0	0	0	0	0	0	0	0	242001	0	0	0	0	0	0	0	0	144.08	0.0	0.0	0.0	0.00069	0.0	0.0	0.0	0.0	0.999995	0.0	0.0	0.0	5.0e-6	0.0	0.0	0.0	0.0	
349	1558844	1446.069286777	2281.749999999999	2326.95	6.28608	0.852927	1558823	0	0	0	17	0	0	0	0	6.0e-5	0.0	0.0	0.0	0.317264	0.0	0.0	0.0	0.0	338.687	0.0	0.0	0.0	1028.76	0.0	0.0	0.0	0.0	0.000217	0.0	0.0	0.0	60.5155	0.0	0.0	0.0	0.0	78	0	0	0	3	0	0	0	0	156589	0	0	0	14	0	0	0	0	940012	0	0	0	0	0	0	0	0	195888	0	0	0	0	0	0	0	0	24228	0	0	0	0	0	0	0	0	242028	0	0	0	0	0	0	0	0	18.6343	0.0	0.0	0.0	0.000674	0.0	0.0	0.0	0.0	0.999964	0.0	0.0	0.0	3.6e-5	0.0	0.0	0.0	0.0	
350	1559171	1466.49310164	2281.749999999999	2335.3	6.19771	0.850994	1559149	0	0	0	18	0	0	0	0	1.2e-5	0.0	0.0	0.0	0.286037	0.0	0.0	0.0	0.0	338.761	0.0	0.0	0.0	1049.11	0.0	0.0	0.0	0.0	0.000217	0.0	0.0	0.0	58.2841	0.0	0.0	0.0	0.0	78	0	0	0	3	0	0	0	0	156601	0	0	0	15	0	0	0	0	940190	0	0	0	0	0	0	0	0	195948	0	0	0	0	0	0	0	0	24237	0	0	0	0	0	0	0	0	242095	0	0	0	0	0	0	0	0	3.74343	0.0	0.0	0.0	0.000643	0.0	0.0	0.0	0.0	0.999828	0.0	0.0	0.0	0.000172	0.0	0.0	0.0	0.0	
351	1563148	1467.495121467	2281.749999999999	2327.7999999999997	5.94845	0.84526	1563126	0	0	0	18	0	0	0	0	0.000566	0.0	0.0	0.0	0.286037	0.0	0.0	0.0	0.0	339.761	0.0	0.0	0.0	1049.11	0.0	0.0	0.0	0.0	0.000217	0.0	0.0	0.0	58.2841	0.0	0.0	0.0	0.0	78	0	0	0	3	0	0	0	0	156840	0	0	0	15	0	0	0	0	942015	0	0	0	0	0	0	0	0	196721	0	0	0	0	0	0	0	0	24340	0	0	0	0	0	0	0	0	243132	0	0	0	0	0	0	0	0	176.735	0.0	0.0	0.0	0.000643	0.0	0.0	0.0	0.0	0.999996	0.0	0.0	0.0	4.0e-6	0.0	0.0	0.0	0.0	
352	1567149	1468.49523575	2281.749999999999	2338.899999999999	5.93696	0.844985	1567127	0	0	0	18	0	0	0	0	0.000199	0.0	0.0	0.0	0.286037	0.0	0.0	0.0	0.0	340.759	0.0	0.0	0.0	1049.11	0.0	0.0	0.0	0.0	0.000217	0.0	0.0	0.0	58.2841	0.0	0.0	0.0	0.0	78	0	0	0	3	0	0	0	0	157098	0	0	0	15	0	0	0	0	943905	0	0	0	0	0	0	0	0	197441	0	0	0	0	0	0	0	0	24423	0	0	0	0	0	0	0	0	244182	0	0	0	0	0	0	0	0	61.9235	0.0	0.0	0.0	0.000643	0.0	0.0	0.0	0.0	0.99999	0.0	0.0	0.0	1.0e-5	0.0	0.0	0.0	0.0	
353	1571306	1469.495446853	2281.749999999999	2381.749999999999	5.92555	0.844711	1571284	0	0	0	18	0	0	0	0	0.000473	0.0	0.0	0.0	0.286037	0.0	0.0	0.0	0.0	341.757	0.0	0.0	0.0	1049.11	0.0	0.0	0.0	0.0	0.000218	0.0	0.0	0.0	58.2841	0.0	0.0	0.0	0.0	78	0	0	0	3	0	0	0	0	157377	0	0	0	15	0	0	0	0	946000	0	0	0	0	0	0	0	0	198249	0	0	0	0	0	0	0	0	24501	0	0	0	0	0	0	0	0	245079	0	0	0	0	0	0	0	0	147.598	0.0	0.0	0.0	0.000643	0.0	0.0	0.0	0.0	0.999996	0.0	0.0	0.0	4.0e-6	0.0	0.0	0.0	0.0	
354	1575410	1470.49553862	2281.749999999999	2352.5499999999993	5.91416	0.844437	1575388	0	0	0	18	0	0	0	0	0.000347	0.0	0.0	0.0	0.286037	0.0	0.0	0.0	0.0	342.755	0.0	0.0	0.0	1049.11	0.0	0.0	0.0	0.0	0.000218	0.0	0.0	0.0	58.2841	0.0	0.0	0.0	0.0	78	0	0	0	3	0	0	0	0	157653	0	0	0	15	0	0	0	0	948122	0	0	0	0	0	0	0	0	199060	0	0	0	0	0	0	0	0	24587	0	0	0	0	0	0	0	0	245888	0	0	0	0	0	0	0	0	108.015	0.0	0.0	0.0	0.000643	0.0	0.0	0.0	0.0	0.999994	0.0	0.0	0.0	6.0e-6	0.0	0.0	0.0	0.0	
355	1579632	1471.4955928	2281.749999999999	2411.9500000000003	5.9028	0.844162	1579610	0	0	0	18	0	0	0	0	0.000469	0.0	0.0	0.0	0.286037	0.0	0.0	0.0	0.0	343.754	0.0	0.0	0.0	1049.11	0.0	0.0	0.0	0.0	0.000218	0.0	0.0	0.0	58.2841	0.0	0.0	0.0	0.0	78	0	0	0	3	0	0	0	0	157957	0	0	0	15	0	0	0	0	950214	0	0	0	0	0	0	0	0	199852	0	0	0	0	0	0	0	0	24667	0	0	0	0	0	0	0	0	246842	0	0	0	0	0	0	0	0	146.113	0.0	0.0	0.0	0.000643	0.0	0.0	0.0	0.0	0.999996	0.0	0.0	0.0	4.0e-6	0.0	0.0	0.0	0.0	
356	1581197	1651.925448209	2185.35	2185.35	5.89861	0.84406	1581174	0	0	0	19	0	0	0	0	7.0e-5	0.0	0.0	0.0	0.357434	0.0	0.0	0.0	0.0	344.122	0.0	0.0	0.0	1229.17	0.0	0.0	0.0	0.0	0.000218	0.0	0.0	0.0	64.6934	0.0	0.0	0.0	0.0	78	0	0	0	4	0	0	0	0	158069	0	0	0	15	0	0	0	0	950981	0	0	0	0	0	0	0	0	200182	0	0	0	0	0	0	0	0	24698	0	0	0	0	0	0	0	0	247166	0	0	0	0	0	0	0	0	21.9196	0.0	0.0	0.0	0.000687	0.0	0.0	0.0	0.0	0.999969	0.0	0.0	0.0	3.1e-5	0.0	0.0	0.0	0.0	
357	1581459	1679.260831317	2152.5	2152.5	4.17168	0.786855	1581435	0	0	0	20	0	0	0	0	0.0	0.0	0.0	0.0	0.42169	0.0	0.0	0.0	0.0	344.191	0.0	0.0	0.0	1256.44	0.0	0.0	0.0	0.0	0.000218	0.0	0.0	0.0	62.822	0.0	0.0	0.0	0.0	78	0	0	0	5	0	0	0	0	158071	0	0	0	15	0	0	0	0	951114	0	0	0	0	0	0	0	0	200241	0	0	0	0	0	0	0	0	24706	0	0	0	0	0	0	0	0	247225	0	0	0	0	0	0	0	0	0.106091	0.0	0.0	0.0	0.000847	0.0	0.0	0.0	0.0	0.992081	0.0	0.0	0.0	0.007919	0.0	0.0	0.0	0.0	
358	1581460	1690.699996334	2152.0	2152.0	3.95858	0.776766	1581435	0	0	0	21	0	0	0	0	0.0	0.0	0.0	0.0	0.479521	0.0	0.0	0.0	0.0	344.191	0.0	0.0	0.0	1267.88	0.0	0.0	0.0	0.0	0.000218	0.0	0.0	0.0	60.3752	0.0	0.0	0.0	0.0	78	0	0	0	6	0	0	0	0	158071	0	0	0	15	0	0	0	0	951114	0	0	0	0	0	0	0	0	200241	0	0	0	0	0	0	0	0	24706	0	0	0	0	0	0	0	0	247225	0	0	0	0	0	0	0	0	0.106091	0.0	0.0	0.0	0.001022	0.0	0.0	0.0	0.0	0.990457	0.0	0.0	0.0	0.009543	0.0	0.0	0.0	0.0	
359	1581461	1700.681931605	2132.0	2132.0	3.87245	0.772414	1581435	0	0	0	22	0	0	0	0	0.0	0.0	0.0	0.0	0.531569	0.0	0.0	0.0	0.0	344.191	0.0	0.0	0.0	1277.86	0.0	0.0	0.0	0.0	0.000218	0.0	0.0	0.0	58.0846	0.0	0.0	0.0	0.0	78	0	0	0	7	0	0	0	0	158071	0	0	0	15	0	0	0	0	951114	0	0	0	0	0	0	0	0	200241	0	0	0	0	0	0	0	0	24706	0	0	0	0	0	0	0	0	247225	0	0	0	0	0	0	0	0	0.106091	0.0	0.0	0.0	0.001201	0.0	0.0	0.0	0.0	0.988808	0.0	0.0	0.0	0.011192	0.0	0.0	0.0	0.0	
360	1582153	1782.084179519	2115.7	2115.7	3.79761	0.768493	1582126	0	0	0	23	0	0	0	0	1.0e-6	0.0	0.0	0.0	0.578412	0.0	0.0	0.0	0.0	344.357	0.0	0.0	0.0	1359.1	0.0	0.0	0.0	0.0	0.000218	0.0	0.0	0.0	59.0912	0.0	0.0	0.0	0.0	78	0	0	0	8	0	0	0	0	158086	0	0	0	15	0	0	0	0	951379	0	0	0	0	0	0	0	0	200392	0	0	0	0	0	0	0	0	24721	0	0	0	0	0	0	0	0	247470	0	0	0	0	0	0	0	0	0.188473	0.0	0.0	0.0	0.001273	0.0	0.0	0.0	0.0	0.993289	0.0	0.0	0.0	0.006711	0.0	0.0	0.0	0.0	
361	1582162	1908.276141839	2074.5	2074.5	3.24835	0.735027	1582134	0	0	0	24	0	0	0	0	0.0	0.0	0.0	0.0	0.620571	0.0	0.0	0.0	0.0	344.359	0.0	0.0	0.0	1485.29	0.0	0.0	0.0	0.0	0.000218	0.0	0.0	0.0	61.887	0.0	0.0	0.0	0.0	78	0	0	0	9	0	0	0	0	158086	0	0	0	15	0	0	0	0	951381	0	0	0	0	0	0	0	0	200397	0	0	0	0	0	0	0	0	24721	0	0	0	0	0	0	0	0	247471	0	0	0	0	0	0	0	0	0.124875	0.0	0.0	0.0	0.001275	0.0	0.0	0.0	0.0	0.989896	0.0	0.0	0.0	0.010104	0.0	0.0	0.0	0.0	
362	1582180	2088.365417665	2073.5	2073.5	2.54842	0.675434	1582151	0	0	0	25	0	0	0	0	0.0	0.0	0.0	0.0	0.658514	0.0	0.0	0.0	0.0	344.363	0.0	0.0	0.0	1665.37	0.0	0.0	0.0	0.0	0.000218	0.0	0.0	0.0	66.6149	0.0	0.0	0.0	0.0	78	0	0	0	10	0	0	0	0	158086	0	0	0	15	0	0	0	0	951387	0	0	0	0	0	0	0	0	200403	0	0	0	0	0	0	0	0	24721	0	0	0	0	0	0	0	0	247476	0	0	0	0	0	0	0	0	0.052083	0.0	0.0	0.0	0.001211	0.0	0.0	0.0	0.0	0.977274	0.0	0.0	0.0	0.022726	0.0	0.0	0.0	0.0	
363	1582212	2095.074645685	2064.0	2064.0	1.80245	0.574187	1582182	0	0	0	26	0	0	0	0	0.0	0.0	0.0	0.0	0.692662	0.0	0.0	0.0	0.0	344.37	0.0	0.0	0.0	1672.07	0.0	0.0	0.0	0.0	0.000218	0.0	0.0	0.0	64.3106	0.0	0.0	0.0	0.0	78	0	0	0	11	0	0	0	0	158086	0	0	0	15	0	0	0	0	951399	0	0	0	0	0	0	0	0	200413	0	0	0	0	0	0	0	0	24722	0	0	0	0	0	0	0	0	247484	0	0	0	0	0	0	0	0	0.010926	0.0	0.0	0.0	0.001343	0.0	0.0	0.0	0.0	0.890536	0.0	0.0	0.0	0.109464	0.0	0.0	0.0	0.0	
364	1582958	2110.069186809	2056.5	2061.0	1.77879	0.569966	1582927	0	0	0	27	0	0	0	0	0.0	0.0	0.0	0.0	0.623896	0.0	0.0	0.0	0.0	344.538	0.0	0.0	0.0	1686.9	0.0	0.0	0.0	0.0	0.000218	0.0	0.0	0.0	62.4778	0.0	0.0	0.0	0.0	81	0	0	0	11	0	0	0	0	158094	0	0	0	16	0	0	0	0	951629	0	0	0	0	0	0	0	0	200618	0	0	0	0	0	0	0	0	24739	0	0	0	0	0	0	0	0	247766	0	0	0	0	0	0	0	0	0.110079	0.0	0.0	0.0	0.001263	0.0	0.0	0.0	0.0	0.988654	0.0	0.0	0.0	0.011346	0.0	0.0	0.0	0.0	
365	1582979	2122.792191106	2039.5	2039.5	1.72874	0.560763	1582947	0	0	0	28	0	0	0	0	0.0	0.0	0.0	0.0	0.661507	0.0	0.0	0.0	0.0	344.554	0.0	0.0	0.0	1699.61	0.0	0.0	0.0	0.0	0.000218	0.0	0.0	0.0	60.7003	0.0	0.0	0.0	0.0	81	0	0	0	12	0	0	0	0	158094	0	0	0	16	0	0	0	0	951632	0	0	0	0	0	0	0	0	200628	0	0	0	0	0	0	0	0	24739	0	0	0	0	0	0	0	0	247773	0	0	0	0	0	0	0	0	0.038964	0.0	0.0	0.0	0.001399	0.0	0.0	0.0	0.0	0.965345	0.0	0.0	0.0	0.034655	0.0	0.0	0.0	0.0	
366	1582993	2147.622185045	2037.5	2037.5	1.68699	0.552793	1582960	0	0	0	29	0	0	0	0	0.0	0.0	0.0	0.0	0.695356	0.0	0.0	0.0	0.0	344.56	0.0	0.0	0.0	1724.43	0.0	0.0	0.0	0.0	0.000218	0.0	0.0	0.0	59.4631	0.0	0.0	0.0	0.0	81	0	0	0	13	0	0	0	0	158094	0	0	0	16	0	0	0	0	951637	0	0	0	0	0	0	0	0	200634	0	0	0	0	0	0	0	0	24739	0	0	0	0	0	0	0	0	247775	0	0	0	0	0	0	0	0	0.020041	0.0	0.0	0.0	0.001516	0.0	0.0	0.0	0.0	0.929654	0.0	0.0	0.0	0.070346	0.0	0.0	0.0	0.0	
367	1582997	2163.465544259	2037.5	2037.5	1.60835	0.537	1582963	0	0	0	30	0	0	0	0	0.0	0.0	0.0	0.0	0.62582	0.0	0.0	0.0	0.0	344.561	0.0	0.0	0.0	1740.27	0.0	0.0	0.0	0.0	0.000218	0.0	0.0	0.0	58.0091	0.0	0.0	0.0	0.0	81	0	0	0	13	0	0	0	0	158094	0	0	0	16	0	0	0	0	951638	0	0	0	1	0	0	0	0	200635	0	0	0	0	0	0	0	0	24739	0	0	0	0	0	0	0	0	247776	0	0	0	0	0	0	0	0	0.017126	0.0	0.0	0.0	0.001416	0.0	0.0	0.0	0.0	0.92361	0.0	0.0	0.0	0.07639	0.0	0.0	0.0	0.0	
368	1583003	2174.387241284	2037.0	2037.0	1.56008	0.52677	1582968	0	0	0	31	0	0	0	0	0.0	0.0	0.0	0.0	0.663238	0.0	0.0	0.0	0.0	344.563	0.0	0.0	0.0	1751.19	0.0	0.0	0.0	0.0	0.000218	0.0	0.0	0.0	56.4901	0.0	0.0	0.0	0.0	81	0	0	0	14	0	0	0	0	158094	0	0	0	16	0	0	0	0	951639	0	0	0	1	0	0	0	0	200637	0	0	0	0	0	0	0	0	24739	0	0	0	0	0	0	0	0	247778	0	0	0	0	0	0	0	0	0.013094	0.0	0.0	0.0	0.001562	0.0	0.0	0.0	0.0	0.893414	0.0	0.0	0.0	0.106586	0.0	0.0	0.0	0.0	
369	1583011	2354.440522246	2007.1	2007.1	1.52765	0.519651	1582975	0	0	0	32	0	0	0	0	0.0	0.0	0.0	0.0	0.696914	0.0	0.0	0.0	0.0	344.565	0.0	0.0	0.0	1931.24	0.0	0.0	0.0	0.0	0.000218	0.0	0.0	0.0	60.3514	0.0	0.0	0.0	0.0	81	0	0	0	15	0	0	0	0	158094	0	0	0	16	0	0	0	0	951640	0	0	0	1	0	0	0	0	200639	0	0	0	0	0	0	0	0	24740	0	0	0	0	0	0	0	0	247781	0	0	0	0	0	0	0	0	0.008816	0.0	0.0	0.0	0.001486	0.0	0.0	0.0	0.0	0.855725	0.0	0.0	0.0	0.144275	0.0	0.0	0.0	0.0	
370	1583016	2373.984393334	1994.1	1994.1	1.08057	0.396357	1582979	0	0	0	33	0	0	0	0	0.0	0.0	0.0	0.0	0.727223	0.0	0.0	0.0	0.0	344.566	0.0	0.0	0.0	1950.79	0.0	0.0	0.0	0.0	0.000218	0.0	0.0	0.0	59.1148	0.0	0.0	0.0	0.0	81	0	0	0	16	0	0	0	0	158094	0	0	0	16	0	0	0	0	951642	0	0	0	1	0	0	0	0	200639	0	0	0	0	0	0	0	0	24740	0	0	0	0	0	0	0	0	247783	0	0	0	0	0	0	0	0	0.007257	0.0	0.0	0.0	0.0016	0.0	0.0	0.0	0.0	0.819359	0.0	0.0	0.0	0.180641	0.0	0.0	0.0	0.0	
371	1583020	2391.530345781	1994.1	1994.1	1.04071	0.382555	1582982	0	0	0	34	0	0	0	0	0.0	0.0	0.0	0.0	0.654501	0.0	0.0	0.0	0.0	344.568	0.0	0.0	0.0	1968.33	0.0	0.0	0.0	0.0	0.000218	0.0	0.0	0.0	57.8921	0.0	0.0	0.0	0.0	81	0	0	0	16	0	0	0	0	158094	0	0	0	16	0	0	0	0	951645	0	0	0	2	0	0	0	0	200639	0	0	0	0	0	0	0	0	24740	0	0	0	0	0	0	0	0	247783	0	0	0	0	0	0	0	0	0.00654	0.0	0.0	0.0	0.001486	0.0	0.0	0.0	0.0	0.81486	0.0	0.0	0.0	0.18514	0.0	0.0	0.0	0.0	
372	1583023	2401.534598949	1993.1	1993.1	1.00618	0.370146	1582984	0	0	0	35	0	0	0	0	0.0	0.0	0.0	0.0	0.689051	0.0	0.0	0.0	0.0	344.569	0.0	0.0	0.0	1978.33	0.0	0.0	0.0	0.0	0.000218	0.0	0.0	0.0	56.5239	0.0	0.0	0.0	0.0	81	0	0	0	17	0	0	0	0	158094	0	0	0	16	0	0	0	0	951646	0	0	0	2	0	0	0	0	200639	0	0	0	0	0	0	0	0	24740	0	0	0	0	0	0	0	0	247784	0	0	0	0	0	0	0	0	0.005939	0.0	0.0	0.0	0.001621	0.0	0.0	0.0	0.0	0.78553	0.0	0.0	0.0	0.21447	0.0	0.0	0.0	0.0	
373	1583030	2421.647253447	1991.6	1991.6	0.987007	0.363068	1582990	0	0	0	36	0	0	0	0	0.0	0.0	0.0	0.0	0.720146	0.0	0.0	0.0	0.0	344.57	0.0	0.0	0.0	1998.45	0.0	0.0	0.0	0.0	0.000218	0.0	0.0	0.0	55.5124	0.0	0.0	0.0	0.0	81	0	0	0	18	0	0	0	0	158094	0	0	0	16	0	0	0	0	951647	0	0	0	2	0	0	0	0	200640	0	0	0	0	0	0	0	0	24740	0	0	0	0	0	0	0	0	247788	0	0	0	0	0	0	0	0	0.0041	0.0	0.0	0.0	0.001741	0.0	0.0	0.0	0.0	0.701907	0.0	0.0	0.0	0.298093	0.0	0.0	0.0	0.0	
374	1583034	2429.298704633	1991.6	1991.6	0.949562	0.348849	1582993	0	0	0	37	0	0	0	0	0.0	0.0	0.0	0.0	0.648131	0.0	0.0	0.0	0.0	344.571	0.0	0.0	0.0	2006.1	0.0	0.0	0.0	0.0	0.000218	0.0	0.0	0.0	54.2188	0.0	0.0	0.0	0.0	81	0	0	0	18	0	0	0	0	158094	0	0	0	16	0	0	0	0	951649	0	0	0	3	0	0	0	0	200640	0	0	0	0	0	0	0	0	24740	0	0	0	0	0	0	0	0	247789	0	0	0	0	0	0	0	0	0.00371	0.0	0.0	0.0	0.001623	0.0	0.0	0.0	0.0	0.695618	0.0	0.0	0.0	0.304382	0.0	0.0	0.0	0.0	
375	1583036	2437.056303482	1991.6	1991.6	0.935694	0.343446	1582994	0	0	0	38	0	0	0	0	0.0	0.0	0.0	0.0	0.583318	0.0	0.0	0.0	0.0	344.571	0.0	0.0	0.0	2013.85	0.0	0.0	0.0	0.0	0.000218	0.0	0.0	0.0	52.9962	0.0	0.0	0.0	0.0	81	0	0	0	18	0	0	0	0	158094	0	0	0	16	0	0	0	0	951649	0	0	0	4	0	0	0	0	200640	0	0	0	0	0	0	0	0	24740	0	0	0	0	0	0	0	0	247790	0	0	0	0	0	0	0	0	0.003443	0.0	0.0	0.0	0.001512	0.0	0.0	0.0	0.0	0.694888	0.0	0.0	0.0	0.305112	0.0	0.0	0.0	0.0	
376	1583041	2448.840833446	1990.6	1990.6	0.921837	0.337972	1582998	0	0	0	39	0	0	0	0	0.0	0.0	0.0	0.0	0.624986	0.0	0.0	0.0	0.0	344.572	0.0	0.0	0.0	2025.64	0.0	0.0	0.0	0.0	0.000218	0.0	0.0	0.0	51.9394	0.0	0.0	0.0	0.0	81	0	0	0	19	0	0	0	0	158094	0	0	0	16	0	0	0	0	951650	0	0	0	4	0	0	0	0	200642	0	0	0	0	0	0	0	0	24740	0	0	0	0	0	0	0	0	247791	0	0	0	0	0	0	0	0	0.002748	0.0	0.0	0.0	0.00167	0.0	0.0	0.0	0.0	0.622025	0.0	0.0	0.0	0.377975	0.0	0.0	0.0	0.0	
377	1583044	2464.660225514	1981.6	1981.6	0.901182	0.329673	1583000	0	0	0	40	0	0	0	0	0.0	0.0	0.0	0.0	0.662488	0.0	0.0	0.0	0.0	344.573	0.0	0.0	0.0	2041.46	0.0	0.0	0.0	0.0	0.000218	0.0	0.0	0.0	51.0364	0.0	0.0	0.0	0.0	81	0	0	0	20	0	0	0	0	158094	0	0	0	16	0	0	0	0	951651	0	0	0	4	0	0	0	0	200642	0	0	0	0	0	0	0	0	24740	0	0	0	0	0	0	0	0	247792	0	0	0	0	0	0	0	0	0.002576	0.0	0.0	0.0	0.001817	0.0	0.0	0.0	0.0	0.586346	0.0	0.0	0.0	0.413654	0.0	0.0	0.0	0.0	
378	1583047	2472.136512756	1981.6	1981.6	0.87418	0.318565	1583002	0	0	0	41	0	0	0	0	0.0	0.0	0.0	0.0	0.596239	0.0	0.0	0.0	0.0	344.574	0.0	0.0	0.0	2048.93	0.0	0.0	0.0	0.0	0.000218	0.0	0.0	0.0	49.9739	0.0	0.0	0.0	0.0	81	0	0	0	20	0	0	0	0	158094	0	0	0	16	0	0	0	0	951651	0	0	0	5	0	0	0	0	200642	0	0	0	0	0	0	0	0	24741	0	0	0	0	0	0	0	0	247793	0	0	0	0	0	0	0	0	0.002147	0.0	0.0	0.0	0.001688	0.0	0.0	0.0	0.0	0.559916	0.0	0.0	0.0	0.440084	0.0	0.0	0.0	0.0	
379	1583049	2484.135061398	1981.6	1981.6	0.861702	0.313331	1583003	0	0	0	42	0	0	0	0	0.0	0.0	0.0	0.0	0.536615	0.0	0.0	0.0	0.0	344.574	0.0	0.0	0.0	2060.93	0.0	0.0	0.0	0.0	0.000218	0.0	0.0	0.0	49.0698	0.0	0.0	0.0	0.0	81	0	0	0	20	0	0	0	0	158094	0	0	0	16	0	0	0	0	951651	0	0	0	6	0	0	0	0	200642	0	0	0	0	0	0	0	0	24741	0	0	0	0	0	0	0	0	247794	0	0	0	0	0	0	0	0	0.001956	0.0	0.0	0.0	0.001561	0.0	0.0	0.0	0.0	0.556077	0.0	0.0	0.0	0.443923	0.0	0.0	0.0	0.0	
380	1583050	2503.630905447	1973.6	1973.6	0.842047	0.304958	1583003	0	0	0	43	0	0	0	0	0.0	0.0	0.0	0.0	0.582953	0.0	0.0	0.0	0.0	344.574	0.0	0.0	0.0	2080.43	0.0	0.0	0.0	0.0	0.000218	0.0	0.0	0.0	48.382	0.0	0.0	0.0	0.0	81	0	0	0	21	0	0	0	0	158094	0	0	0	16	0	0	0	0	951651	0	0	0	6	0	0	0	0	200642	0	0	0	0	0	0	0	0	24741	0	0	0	0	0	0	0	0	247794	0	0	0	0	0	0	0	0	0.001956	0.0	0.0	0.0	0.001732	0.0	0.0	0.0	0.0	0.530277	0.0	0.0	0.0	0.469723	0.0	0.0	0.0	0.0	
381	1583051	2521.629117184	1970.6	1970.6	0.811062	0.291431	1583003	0	0	0	44	0	0	0	0	0.0	0.0	0.0	0.0	0.624658	0.0	0.0	0.0	0.0	344.574	0.0	0.0	0.0	2098.42	0.0	0.0	0.0	0.0	0.000218	0.0	0.0	0.0	47.6914	0.0	0.0	0.0	0.0	81	0	0	0	22	0	0	0	0	158094	0	0	0	16	0	0	0	0	951651	0	0	0	6	0	0	0	0	200642	0	0	0	0	0	0	0	0	24741	0	0	0	0	0	0	0	0	247794	0	0	0	0	0	0	0	0	0.001956	0.0	0.0	0.0	0.001897	0.0	0.0	0.0	0.0	0.507648	0.0	0.0	0.0	0.492352	0.0	0.0	0.0	0.0	
382	1583053	2525.670968904	1970.6	1970.6	0.78347	0.279047	1583004	0	0	0	45	0	0	0	0	0.0	0.0	0.0	0.0	0.564394	0.0	0.0	0.0	0.0	344.574	0.0	0.0	0.0	2102.47	0.0	0.0	0.0	0.0	0.000218	0.0	0.0	0.0	46.7214	0.0	0.0	0.0	0.0	81	0	0	0	22	0	0	0	0	158094	0	0	0	16	0	0	0	0	951651	0	0	0	7	0	0	0	0	200642	0	0	0	0	0	0	0	0	24742	0	0	0	0	0	0	0	0	247794	0	0	0	0	0	0	0	0	0.001763	0.0	0.0	0.0	0.001767	0.0	0.0	0.0	0.0	0.499384	0.0	0.0	0.0	0.500616	0.0	0.0	0.0	0.0	
383	1583055	2551.360303423	1965.6	1965.6	0.777404	0.276282	1583005	0	0	0	46	0	0	0	0	0.0	0.0	0.0	0.0	0.605728	0.0	0.0	0.0	0.0	344.575	0.0	0.0	0.0	2128.15	0.0	0.0	0.0	0.0	0.000218	0.0	0.0	0.0	46.2642	0.0	0.0	0.0	0.0	81	0	0	0	23	0	0	0	0	158094	0	0	0	16	0	0	0	0	951651	0	0	0	7	0	0	0	0	200643	0	0	0	0	0	0	0	0	24742	0	0	0	0	0	0	0	0	247794	0	0	0	0	0	0	0	0	0.001587	0.0	0.0	0.0	0.001925	0.0	0.0	0.0	0.0	0.451835	0.0	0.0	0.0	0.548165	0.0	0.0	0.0	0.0	
384	1583056	2563.27089409	1963.1	1963.1	0.739933	0.258858	1583005	0	0	0	47	0	0	0	0	0.0	0.0	0.0	0.0	0.641691	0.0	0.0	0.0	0.0	344.575	0.0	0.0	0.0	2140.06	0.0	0.0	0.0	0.0	0.000218	0.0	0.0	0.0	45.5333	0.0	0.0	0.0	0.0	81	0	0	0	24	0	0	0	0	158094	0	0	0	16	0	0	0	0	951651	0	0	0	7	0	0	0	0	200643	0	0	0	0	0	0	0	0	24742	0	0	0	0	0	0	0	0	247794	0	0	0	0	0	0	0	0	0.001587	0.0	0.0	0.0	0.002088	0.0	0.0	0.0	0.0	0.431724	0.0	0.0	0.0	0.568276	0.0	0.0	0.0	0.0	
385	1583057	2569.30971401	1962.6	1962.6	0.723178	0.250879	1583005	0	0	0	48	0	0	0	0	0.0	0.0	0.0	0.0	0.673217	0.0	0.0	0.0	0.0	344.575	0.0	0.0	0.0	2146.1	0.0	0.0	0.0	0.0	0.000218	0.0	0.0	0.0	44.7105	0.0	0.0	0.0	0.0	81	0	0	0	25	0	0	0	0	158094	0	0	0	16	0	0	0	0	951651	0	0	0	7	0	0	0	0	200643	0	0	0	0	0	0	0	0	24742	0	0	0	0	0	0	0	0	247794	0	0	0	0	0	0	0	0	0.001587	0.0	0.0	0.0	0.002252	0.0	0.0	0.0	0.0	0.41335	0.0	0.0	0.0	0.58665	0.0	0.0	0.0	0.0	
386	1583060	2590.222042301	1958.6	1958.6	0.714827	0.246859	1583007	0	0	0	49	0	0	0	0	0.0	0.0	0.0	0.0	0.698881	0.0	0.0	0.0	0.0	344.575	0.0	0.0	0.0	2167.02	0.0	0.0	0.0	0.0	0.000218	0.0	0.0	0.0	44.2248	0.0	0.0	0.0	0.0	81	0	0	0	26	0	0	0	0	158094	0	0	0	16	0	0	0	0	951651	0	0	0	7	0	0	0	0	200643	0	0	0	0	0	0	0	0	24742	0	0	0	0	0	0	0	0	247796	0	0	0	0	0	0	0	0	0.001285	0.0	0.0	0.0	0.002376	0.0	0.0	0.0	0.0	0.350999	0.0	0.0	0.0	0.649001	0.0	0.0	0.0	0.0	
387	1583061	2638.657435711	1958.6	1958.6	0.686651	0.233087	1583007	0	0	0	50	0	0	0	0	0.0	0.0	0.0	0.0	0.645038	0.0	0.0	0.0	0.0	344.575	0.0	0.0	0.0	2215.45	0.0	0.0	0.0	0.0	0.000218	0.0	0.0	0.0	44.309	0.0	0.0	0.0	0.0	81	0	0	0	26	0	0	0	0	158094	0	0	0	16	0	0	0	0	951651	0	0	0	8	0	0	0	0	200643	0	0	0	0	0	0	0	0	24742	0	0	0	0	0	0	0	0	247796	0	0	0	0	0	0	0	0	0.001285	0.0	0.0	0.0	0.002187	0.0	0.0	0.0	0.0	0.370137	0.0	0.0	0.0	0.629863	0.0	0.0	0.0	0.0	
388	1583063	2657.017096868	1958.6	1958.6	0.625582	0.202197	1583008	0	0	0	51	0	0	0	0	0.0	0.0	0.0	0.0	0.591137	0.0	0.0	0.0	0.0	344.576	0.0	0.0	0.0	2233.81	0.0	0.0	0.0	0.0	0.000218	0.0	0.0	0.0	43.8002	0.0	0.0	0.0	0.0	81	0	0	0	26	0	0	0	0	158094	0	0	0	16	0	0	0	0	951652	0	0	0	9	0	0	0	0	200643	0	0	0	0	0	0	0	0	24742	0	0	0	0	0	0	0	0	247796	0	0	0	0	0	0	0	0	0.001468	0.0	0.0	0.0	0.002039	0.0	0.0	0.0	0.0	0.418567	0.0	0.0	0.0	0.581433	0.0	0.0	0.0	0.0	
389	1583064	2706.053228368	1958.6	1958.6	0.603881	0.19091	1583008	0	0	0	52	0	0	0	0	0.0	0.0	0.0	0.0	0.540302	0.0	0.0	0.0	0.0	344.576	0.0	0.0	0.0	2282.85	0.0	0.0	0.0	0.0	0.000218	0.0	0.0	0.0	43.9009	0.0	0.0	0.0	0.0	81	0	0	0	26	0	0	0	0	158094	0	0	0	16	0	0	0	0	951652	0	0	0	10	0	0	0	0	200643	0	0	0	0	0	0	0	0	24742	0	0	0	0	0	0	0	0	247796	0	0	0	0	0	0	0	0	0.001468	0.0	0.0	0.0	0.001857	0.0	0.0	0.0	0.0	0.441446	0.0	0.0	0.0	0.558554	0.0	0.0	0.0	0.0	
390	1583066	2726.817457357	1958.6	1958.6	0.549538	0.162073	1583009	0	0	0	53	0	0	0	0	0.0	0.0	0.0	0.0	0.489543	0.0	0.0	0.0	0.0	344.576	0.0	0.0	0.0	2303.61	0.0	0.0	0.0	0.0	0.000218	0.0	0.0	0.0	43.4643	0.0	0.0	0.0	0.0	81	0	0	0	26	0	0	0	0	158094	0	0	0	16	0	0	0	0	951653	0	0	0	11	0	0	0	0	200643	0	0	0	0	0	0	0	0	24742	0	0	0	0	0	0	0	0	247796	0	0	0	0	0	0	0	0	0.001633	0.0	0.0	0.0	0.001708	0.0	0.0	0.0	0.0	0.488659	0.0	0.0	0.0	0.511341	0.0	0.0	0.0	0.0	
391	1583067	2789.634799194	1956.6	1956.6	0.528028	0.150493	1583009	0	0	0	54	0	0	0	0	0.0	0.0	0.0	0.0	0.539456	0.0	0.0	0.0	0.0	344.576	0.0	0.0	0.0	2366.43	0.0	0.0	0.0	0.0	0.000218	0.0	0.0	0.0	43.8227	0.0	0.0	0.0	0.0	81	0	0	0	27	0	0	0	0	158094	0	0	0	16	0	0	0	0	951653	0	0	0	11	0	0	0	0	200643	0	0	0	0	0	0	0	0	24742	0	0	0	0	0	0	0	0	247796	0	0	0	0	0	0	0	0	0.001633	0.0	0.0	0.0	0.00186	0.0	0.0	0.0	0.0	0.46751	0.0	0.0	0.0	0.53249	0.0	0.0	0.0	0.0	
392	1583068	2802.037169297	1956.6	1956.6	0.467944	0.118007	1583009	0	0	0	55	0	0	0	0	0.0	0.0	0.0	0.0	0.488802	0.0	0.0	0.0	0.0	344.576	0.0	0.0	0.0	2378.83	0.0	0.0	0.0	0.0	0.000218	0.0	0.0	0.0	43.2514	0.0	0.0	0.0	0.0	81	0	0	0	27	0	0	0	0	158094	0	0	0	16	0	0	0	0	951653	0	0	0	12	0	0	0	0	200643	0	0	0	0	0	0	0	0	24742	0	0	0	0	0	0	0	0	247796	0	0	0	0	0	0	0	0	0.001633	0.0	0.0	0.0	0.001718	0.0	0.0	0.0	0.0	0.487197	0.0	0.0	0.0	0.512803	0.0	0.0	0.0	0.0	
393	1583071	2807.820243087	1956.6	1956.6	0.456915	0.112074	1583011	0	0	0	56	0	0	0	0	0.0	0.0	0.0	0.0	0.441524	0.0	0.0	0.0	0.0	344.577	0.0	0.0	0.0	2384.61	0.0	0.0	0.0	0.0	0.000218	0.0	0.0	0.0	42.5824	0.0	0.0	0.0	0.0	81	0	0	0	27	0	0	0	0	158094	0	0	0	16	0	0	0	0	951654	0	0	0	13	0	0	0	0	200643	0	0	0	0	0	0	0	0	24742	0	0	0	0	0	0	0	0	247797	0	0	0	0	0	0	0	0	0.001606	0.0	0.0	0.0	0.001589	0.0	0.0	0.0	0.0	0.502635	0.0	0.0	0.0	0.497365	0.0	0.0	0.0	0.0	
394	1583074	2833.201309772	1956.6	1956.6	0.451862	0.109365	1583013	0	0	0	57	0	0	0	0	0.0	0.0	0.0	0.0	0.401366	0.0	0.0	0.0	0.0	344.577	0.0	0.0	0.0	2409.99	0.0	0.0	0.0	0.0	0.000218	0.0	0.0	0.0	42.2806	0.0	0.0	0.0	0.0	81	0	0	0	27	0	0	0	0	158094	0	0	0	16	0	0	0	0	951654	0	0	0	14	0	0	0	0	200643	0	0	0	0	0	0	0	0	24742	0	0	0	0	0	0	0	0	247799	0	0	0	0	0	0	0	0	0.001301	0.0	0.0	0.0	0.00146	0.0	0.0	0.0	0.0	0.471305	0.0	0.0	0.0	0.528695	0.0	0.0	0.0	0.0	
395	1583077	2860.229570906	1956.6	1956.6	0.430336	0.097904	1583015	0	0	0	58	0	0	0	0	0.0	0.0	0.0	0.0	0.366807	0.0	0.0	0.0	0.0	344.577	0.0	0.0	0.0	2437.02	0.0	0.0	0.0	0.0	0.000218	0.0	0.0	0.0	42.0176	0.0	0.0	0.0	0.0	81	0	0	0	27	0	0	0	0	158094	0	0	0	16	0	0	0	0	951654	0	0	0	15	0	0	0	0	200643	0	0	0	0	0	0	0	0	24742	0	0	0	0	0	0	0	0	247801	0	0	0	0	0	0	0	0	0.001054	0.0	0.0	0.0	0.001347	0.0	0.0	0.0	0.0	0.439067	0.0	0.0	0.0	0.560933	0.0	0.0	0.0	0.0	
396	1583079	2885.282209674	1956.6	1956.6	0.40854	0.086489	1583016	0	0	0	59	0	0	0	0	0.0	0.0	0.0	0.0	0.335546	0.0	0.0	0.0	0.0	344.578	0.0	0.0	0.0	2462.07	0.0	0.0	0.0	0.0	0.000218	0.0	0.0	0.0	41.73	0.0	0.0	0.0	0.0	81	0	0	0	27	0	0	0	0	158094	0	0	0	16	0	0	0	0	951654	0	0	0	16	0	0	0	0	200644	0	0	0	0	0	0	0	0	24742	0	0	0	0	0	0	0	0	247801	0	0	0	0	0	0	0	0	0.000949	0.0	0.0	0.0	0.001245	0.0	0.0	0.0	0.0	0.43253	0.0	0.0	0.0	0.56747	0.0	0.0	0.0	0.0	
397	1583081	2912.127486675	1954.6	1954.6	0.389325	0.076647	1583017	0	0	0	60	0	0	0	0	0.0	0.0	0.0	0.0	0.391559	0.0	0.0	0.0	0.0	344.578	0.0	0.0	0.0	2488.92	0.0	0.0	0.0	0.0	0.000218	0.0	0.0	0.0	41.482	0.0	0.0	0.0	0.0	81	0	0	0	28	0	0	0	0	158094	0	0	0	16	0	0	0	0	951654	0	0	0	16	0	0	0	0	200644	0	0	0	0	0	0	0	0	24742	0	0	0	0	0	0	0	0	247802	0	0	0	0	0	0	0	0	0.000854	0.0	0.0	0.0	0.001466	0.0	0.0	0.0	0.0	0.368137	0.0	0.0	0.0	0.631863	0.0	0.0	0.0	0.0	
398	1583083	2921.818594521	1954.6	1954.6	0.369736	0.066895	1583018	0	0	0	61	0	0	0	0	0.0	0.0	0.0	0.0	0.357556	0.0	0.0	0.0	0.0	344.579	0.0	0.0	0.0	2498.61	0.0	0.0	0.0	0.0	0.000218	0.0	0.0	0.0	40.9608	0.0	0.0	0.0	0.0	81	0	0	0	28	0	0	0	0	158094	0	0	0	16	0	0	0	0	951655	0	0	0	17	0	0	0	0	200644	0	0	0	0	0	0	0	0	24742	0	0	0	0	0	0	0	0	247802	0	0	0	0	0	0	0	0	0.00108	0.0	0.0	0.0	0.001364	0.0	0.0	0.0	0.0	0.441882	0.0	0.0	0.0	0.558118	0.0	0.0	0.0	0.0	
399	1583085	2931.609852141	1954.6	1954.6	0.362909	0.063577	1583019	0	0	0	62	0	0	0	0	0.0	0.0	0.0	0.0	0.326939	0.0	0.0	0.0	0.0	344.579	0.0	0.0	0.0	2508.4	0.0	0.0	0.0	0.0	0.000218	0.0	0.0	0.0	40.458	0.0	0.0	0.0	0.0	81	0	0	0	28	0	0	0	0	158094	0	0	0	16	0	0	0	0	951655	0	0	0	18	0	0	0	0	200644	0	0	0	0	0	0	0	0	24742	0	0	0	0	0	0	0	0	247803	0	0	0	0	0	0	0	0	0.000972	0.0	0.0	0.0	0.00127	0.0	0.0	0.0	0.0	0.433424	0.0	0.0	0.0	0.566576	0.0	0.0	0.0	0.0	
400	1583087	2940.568991578	1954.6	1954.6	0.35614	0.060332	1583020	0	0	0	63	0	0	0	0	0.0	0.0	0.0	0.0	0.299337	0.0	0.0	0.0	0.0	344.579	0.0	0.0	0.0	2517.36	0.0	0.0	0.0	0.0	0.000218	0.0	0.0	0.0	39.9581	0.0	0.0	0.0	0.0	81	0	0	0	28	0	0	0	0	158094	0	0	0	16	0	0	0	0	951655	0	0	0	19	0	0	0	0	200644	0	0	0	0	0	0	0	0	24742	0	0	0	0	0	0	0	0	247804	0	0	0	0	0	0	0	0	0.000875	0.0	0.0	0.0	0.001185	0.0	0.0	0.0	0.0	0.424652	0.0	0.0	0.0	0.575348	0.0	0.0	0.0	0.0	
401	1583088	3120.639066095	1951.6	1951.6	0.350057	0.057459	1583020	0	0	0	64	0	0	0	0	0.0	0.0	0.0	0.0	0.360228	0.0	0.0	0.0	0.0	344.579	0.0	0.0	0.0	2697.43	0.0	0.0	0.0	0.0	0.000218	0.0	0.0	0.0	42.1473	0.0	0.0	0.0	0.0	81	0	0	0	29	0	0	0	0	158094	0	0	0	16	0	0	0	0	951655	0	0	0	19	0	0	0	0	200644	0	0	0	0	0	0	0	0	24742	0	0	0	0	0	0	0	0	247804	0	0	0	0	0	0	0	0	0.000875	0.0	0.0	0.0	0.001316	0.0	0.0	0.0	0.0	0.399186	0.0	0.0	0.0	0.600814	0.0	0.0	0.0	0.0	
402	1583089	3128.293344152	1951.6	1951.6	0.2476	0.017619	1583020	0	0	0	65	0	0	0	0	0.0	0.0	0.0	0.0	0.330249	0.0	0.0	0.0	0.0	344.579	0.0	0.0	0.0	2705.08	0.0	0.0	0.0	0.0	0.000218	0.0	0.0	0.0	41.6166	0.0	0.0	0.0	0.0	81	0	0	0	29	0	0	0	0	158094	0	0	0	16	0	0	0	0	951655	0	0	0	20	0	0	0	0	200644	0	0	0	0	0	0	0	0	24742	0	0	0	0	0	0	0	0	247804	0	0	0	0	0	0	0	0	0.000875	0.0	0.0	0.0	0.00123	0.0	0.0	0.0	0.0	0.415572	0.0	0.0	0.0	0.584428	0.0	0.0	0.0	0.0	
403	1583090	3133.678642202	1951.6	1951.6	0.243982	0.016595	1583020	0	0	0	66	0	0	0	0	0.0	0.0	0.0	0.0	0.301995	0.0	0.0	0.0	0.0	344.579	0.0	0.0	0.0	2710.47	0.0	0.0	0.0	0.0	0.000218	0.0	0.0	0.0	41.0677	0.0	0.0	0.0	0.0	81	0	0	0	29	0	0	0	0	158094	0	0	0	16	0	0	0	0	951655	0	0	0	21	0	0	0	0	200644	0	0	0	0	0	0	0	0	24742	0	0	0	0	0	0	0	0	247804	0	0	0	0	0	0	0	0	0.000875	0.0	0.0	0.0	0.001147	0.0	0.0	0.0	0.0	0.432549	0.0	0.0	0.0	0.567451	0.0	0.0	0.0	0.0	
404	1583093	3144.917654543	1951.6	1951.6	0.241468	0.015902	1583022	0	0	0	67	0	0	0	0	0.0	0.0	0.0	0.0	0.273475	0.0	0.0	0.0	0.0	344.58	0.0	0.0	0.0	2721.71	0.0	0.0	0.0	0.0	0.000218	0.0	0.0	0.0	40.6225	0.0	0.0	0.0	0.0	81	0	0	0	29	0	0	0	0	158094	0	0	0	16	0	0	0	0	951656	0	0	0	22	0	0	0	0	200644	0	0	0	0	0	0	0	0	24742	0	0	0	0	0	0	0	0	247805	0	0	0	0	0	0	0	0	0.00102	0.0	0.0	0.0	0.001056	0.0	0.0	0.0	0.0	0.491242	0.0	0.0	0.0	0.508758	0.0	0.0	0.0	0.0	
405	1583096	3167.118502624	1951.6	1951.6	0.236305	0.014526	1583024	0	0	0	68	0	0	0	0	0.0	0.0	0.0	0.0	0.249107	0.0	0.0	0.0	0.0	344.58	0.0	0.0	0.0	2743.91	0.0	0.0	0.0	0.0	0.000218	0.0	0.0	0.0	40.3516	0.0	0.0	0.0	0.0	81	0	0	0	29	0	0	0	0	158094	0	0	0	16	0	0	0	0	951656	0	0	0	23	0	0	0	0	200645	0	0	0	0	0	0	0	0	24742	0	0	0	0	0	0	0	0	247806	0	0	0	0	0	0	0	0	0.000826	0.0	0.0	0.0	0.000972	0.0	0.0	0.0	0.0	0.459473	0.0	0.0	0.0	0.540527	0.0	0.0	0.0	0.0	
406	1583097	3188.939155791	1951.6	1951.6	0.226429	0.012078	1583024	0	0	0	69	0	0	0	0	0.0	0.0	0.0	0.0	0.226064	0.0	0.0	0.0	0.0	344.58	0.0	0.0	0.0	2765.73	0.0	0.0	0.0	0.0	0.000218	0.0	0.0	0.0	40.083	0.0	0.0	0.0	0.0	81	0	0	0	29	0	0	0	0	158094	0	0	0	16	0	0	0	0	951656	0	0	0	24	0	0	0	0	200645	0	0	0	0	0	0	0	0	24742	0	0	0	0	0	0	0	0	247806	0	0	0	0	0	0	0	0	0.000826	0.0	0.0	0.0	0.000891	0.0	0.0	0.0	0.0	0.481154	0.0	0.0	0.0	0.518846	0.0	0.0	0.0	0.0	
407	1583102	3269.526560765	1946.8	1946.8	0.217124	0.009995	1583028	0	0	0	70	0	0	0	0	0.0	0.0	0.0	0.0	0.303457	0.0	0.0	0.0	0.0	344.582	0.0	0.0	0.0	2846.31	0.0	0.0	0.0	0.0	0.000218	0.0	0.0	0.0	40.6616	0.0	0.0	0.0	0.0	81	0	0	0	30	0	0	0	0	158094	0	0	0	16	0	0	0	0	951658	0	0	0	24	0	0	0	0	200646	0	0	0	0	0	0	0	0	24742	0	0	0	0	0	0	0	0	247807	0	0	0	0	0	0	0	0	0.00108	0.0	0.0	0.0	0.00117	0.0	0.0	0.0	0.0	0.480004	0.0	0.0	0.0	0.519996	0.0	0.0	0.0	0.0	
408	1583106	3299.44310238	1946.8	1946.8	0.185953	0.004618	1583031	0	0	0	71	0	0	0	0	0.0	0.0	0.0	0.0	0.274431	0.0	0.0	0.0	0.0	344.582	0.0	0.0	0.0	2876.23	0.0	0.0	0.0	0.0	0.000218	0.0	0.0	0.0	40.5103	0.0	0.0	0.0	0.0	81	0	0	0	30	0	0	0	0	158094	0	0	0	16	0	0	0	0	951659	0	0	0	25	0	0	0	0	200646	0	0	0	0	0	0	0	0	24742	0	0	0	0	0	0	0	0	247809	0	0	0	0	0	0	0	0	0.001069	0.0	0.0	0.0	0.001064	0.0	0.0	0.0	0.0	0.501003	0.0	0.0	0.0	0.498997	0.0	0.0	0.0	0.0	
409	1583110	3322.145214374	1946.8	1946.8	0.175557	0.003359	1583034	0	0	0	72	0	0	0	0	0.0	0.0	0.0	0.0	0.246988	0.0	0.0	0.0	0.0	344.583	0.0	0.0	0.0	2898.93	0.0	0.0	0.0	0.0	0.000218	0.0	0.0	0.0	40.2629	0.0	0.0	0.0	0.0	81	0	0	0	30	0	0	0	0	158094	0	0	0	16	0	0	0	0	951660	0	0	0	26	0	0	0	0	200646	0	0	0	0	0	0	0	0	24742	0	0	0	0	0	0	0	0	247811	0	0	0	0	0	0	0	0	0.001091	0.0	0.0	0.0	0.000967	0.0	0.0	0.0	0.0	0.530094	0.0	0.0	0.0	0.469906	0.0	0.0	0.0	0.0	
410	1583112	3331.955857368	1946.8	1946.8	0.168058	0.002605	1583035	0	0	0	73	0	0	0	0	0.0	0.0	0.0	0.0	0.222289	0.0	0.0	0.0	0.0	344.583	0.0	0.0	0.0	2908.74	0.0	0.0	0.0	0.0	0.000218	0.0	0.0	0.0	39.8458	0.0	0.0	0.0	0.0	81	0	0	0	30	0	0	0	0	158094	0	0	0	16	0	0	0	0	951661	0	0	0	27	0	0	0	0	200646	0	0	0	0	0	0	0	0	24742	0	0	0	0	0	0	0	0	247811	0	0	0	0	0	0	0	0	0.001281	0.0	0.0	0.0	0.000884	0.0	0.0	0.0	0.0	0.591825	0.0	0.0	0.0	0.408175	0.0	0.0	0.0	0.0	
411	1583113	3342.683796717	1946.8	1946.8	0.164917	0.002326	1583035	0	0	0	74	0	0	0	0	0.0	0.0	0.0	0.0	0.20006	0.0	0.0	0.0	0.0	344.583	0.0	0.0	0.0	2919.47	0.0	0.0	0.0	0.0	0.000218	0.0	0.0	0.0	39.4523	0.0	0.0	0.0	0.0	81	0	0	0	30	0	0	0	0	158094	0	0	0	16	0	0	0	0	951661	0	0	0	28	0	0	0	0	200646	0	0	0	0	0	0	0	0	24742	0	0	0	0	0	0	0	0	247811	0	0	0	0	0	0	0	0	0.001281	0.0	0.0	0.0	0.000807	0.0	0.0	0.0	0.0	0.613486	0.0	0.0	0.0	0.386514	0.0	0.0	0.0	0.0	
412	1583114	3356.833953159	1946.8	1946.8	0.16155	0.00205	1583035	0	0	0	75	0	0	0	0	0.0	0.0	0.0	0.0	0.180054	0.0	0.0	0.0	0.0	344.583	0.0	0.0	0.0	2933.62	0.0	0.0	0.0	0.0	0.000218	0.0	0.0	0.0	39.1149	0.0	0.0	0.0	0.0	81	0	0	0	30	0	0	0	0	158094	0	0	0	16	0	0	0	0	951661	0	0	0	29	0	0	0	0	200646	0	0	0	0	0	0	0	0	24742	0	0	0	0	0	0	0	0	247811	0	0	0	0	0	0	0	0	0.001281	0.0	0.0	0.0	0.000736	0.0	0.0	0.0	0.0	0.635172	0.0	0.0	0.0	0.364828	0.0	0.0	0.0	0.0	
413	1583120	3388.581980066	1946.8	1946.8	0.157213	0.001728	1583040	0	0	0	76	0	0	0	0	0.0	0.0	0.0	0.0	0.162049	0.0	0.0	0.0	0.0	344.585	0.0	0.0	0.0	2965.36	0.0	0.0	0.0	0.0	0.000218	0.0	0.0	0.0	39.018	0.0	0.0	0.0	0.0	81	0	0	0	30	0	0	0	0	158094	0	0	0	16	0	0	0	0	951662	0	0	0	30	0	0	0	0	200648	0	0	0	0	0	0	0	0	24742	0	0	0	0	0	0	0	0	247813	0	0	0	0	0	0	0	0	0.001082	0.0	0.0	0.0	0.000665	0.0	0.0	0.0	0.0	0.619496	0.0	0.0	0.0	0.380504	0.0	0.0	0.0	0.0	
414	1583121	3430.138401548	1943.8	1943.8	0.147902	0.001158	1583040	0	0	0	77	0	0	0	0	0.0	0.0	0.0	0.0	0.245844	0.0	0.0	0.0	0.0	344.585	0.0	0.0	0.0	3006.92	0.0	0.0	0.0	0.0	0.000218	0.0	0.0	0.0	39.0509	0.0	0.0	0.0	0.0	81	0	0	0	31	0	0	0	0	158094	0	0	0	16	0	0	0	0	951662	0	0	0	30	0	0	0	0	200648	0	0	0	0	0	0	0	0	24742	0	0	0	0	0	0	0	0	247813	0	0	0	0	0	0	0	0	0.001082	0.0	0.0	0.0	0.001007	0.0	0.0	0.0	0.0	0.517961	0.0	0.0	0.0	0.482039	0.0	0.0	0.0	0.0	
415	1583125	3440.823733016	1943.8	1943.8	0.136542	0.00066	1583043	0	0	0	78	0	0	0	0	0.0	0.0	0.0	0.0	0.221259	0.0	0.0	0.0	0.0	344.586	0.0	0.0	0.0	3017.61	0.0	0.0	0.0	0.0	0.000218	0.0	0.0	0.0	38.6873	0.0	0.0	0.0	0.0	81	0	0	0	31	0	0	0	0	158094	0	0	0	16	0	0	0	0	951663	0	0	0	31	0	0	0	0	200649	0	0	0	0	0	0	0	0	24742	0	0	0	0	0	0	0	0	247814	0	0	0	0	0	0	0	0	0.001104	0.0	0.0	0.0	0.000919	0.0	0.0	0.0	0.0	0.545492	0.0	0.0	0.0	0.454508	0.0	0.0	0.0	0.0	
416	1583128	3454.324192752	1943.8	1943.8	0.133765	0.000567	1583045	0	0	0	79	0	0	0	0	0.0	0.0	0.0	0.0	0.199133	0.0	0.0	0.0	0.0	344.586	0.0	0.0	0.0	3031.11	0.0	0.0	0.0	0.0	0.000218	0.0	0.0	0.0	38.3684	0.0	0.0	0.0	0.0	81	0	0	0	31	0	0	0	0	158094	0	0	0	16	0	0	0	0	951664	0	0	0	32	0	0	0	0	200649	0	0	0	0	0	0	0	0	24742	0	0	0	0	0	0	0	0	247815	0	0	0	0	0	0	0	0	0.001177	0.0	0.0	0.0	0.000838	0.0	0.0	0.0	0.0	0.584247	0.0	0.0	0.0	0.415753	0.0	0.0	0.0	0.0	
417	1583132	3467.719437298	1937.8	1937.8	0.130337	0.000465	1583048	0	0	0	80	0	0	0	0	0.0	0.0	0.0	0.0	0.27922	0.0	0.0	0.0	0.0	344.587	0.0	0.0	0.0	3044.5	0.0	0.0	0.0	0.0	0.000218	0.0	0.0	0.0	38.0562	0.0	0.0	0.0	0.0	81	0	0	0	32	0	0	0	0	158094	0	0	0	16	0	0	0	0	951665	0	0	0	32	0	0	0	0	200651	0	0	0	0	0	0	0	0	24742	0	0	0	0	0	0	0	0	247815	0	0	0	0	0	0	0	0	0.001179	0.0	0.0	0.0	0.001189	0.0	0.0	0.0	0.0	0.49775	0.0	0.0	0.0	0.50225	0.0	0.0	0.0	0.0	
418	1583133	3482.999441673	1937.8	1937.8	0.127023	0.000381	1583048	0	0	0	81	0	0	0	0	0.0	0.0	0.0	0.0	0.251423	0.0	0.0	0.0	0.0	344.587	0.0	0.0	0.0	3059.78	0.0	0.0	0.0	0.0	0.000218	0.0	0.0	0.0	37.7751	0.0	0.0	0.0	0.0	81	0	0	0	32	0	0	0	0	158094	0	0	0	16	0	0	0	0	951665	0	0	0	33	0	0	0	0	200651	0	0	0	0	0	0	0	0	24742	0	0	0	0	0	0	0	0	247815	0	0	0	0	0	0	0	0	0.001179	0.0	0.0	0.0	0.001083	0.0	0.0	0.0	0.0	0.521172	0.0	0.0	0.0	0.478828	0.0	0.0	0.0	0.0	
419	1583134	3618.23473651	1929.3	1929.3	0.123344	0.000301	1583048	0	0	0	82	0	0	0	0	0.0	0.0	0.0	0.0	0.326281	0.0	0.0	0.0	0.0	344.587	0.0	0.0	0.0	3195.01	0.0	0.0	0.0	0.0	0.000218	0.0	0.0	0.0	38.9636	0.0	0.0	0.0	0.0	81	0	0	0	33	0	0	0	0	158094	0	0	0	16	0	0	0	0	951665	0	0	0	33	0	0	0	0	200651	0	0	0	0	0	0	0	0	24742	0	0	0	0	0	0	0	0	247815	0	0	0	0	0	0	0	0	0.001179	0.0	0.0	0.0	0.001342	0.0	0.0	0.0	0.0	0.467692	0.0	0.0	0.0	0.532308	0.0	0.0	0.0	0.0	
420	1583136	3645.112197872	1928.8	1928.8	0.095099	2.7e-5	1583049	0	0	0	83	0	0	0	0	0.0	0.0	0.0	0.0	0.386604	0.0	0.0	0.0	0.0	344.588	0.0	0.0	0.0	3221.89	0.0	0.0	0.0	0.0	0.000218	0.0	0.0	0.0	38.818	0.0	0.0	0.0	0.0	81	0	0	0	34	0	0	0	0	158094	0	0	0	16	0	0	0	0	951665	0	0	0	33	0	0	0	0	200651	0	0	0	0	0	0	0	0	24742	0	0	0	0	0	0	0	0	247816	0	0	0	0	0	0	0	0	0.001061	0.0	0.0	0.0	0.001599	0.0	0.0	0.0	0.0	0.398904	0.0	0.0	0.0	0.601096	0.0	0.0	0.0	0.0	
421	1583137	3669.448682193	1928.8	1928.8	0.090308	1.6e-5	1583049	0	0	0	84	0	0	0	0	0.0	0.0	0.0	0.0	0.354446	0.0	0.0	0.0	0.0	344.588	0.0	0.0	0.0	3246.23	0.0	0.0	0.0	0.0	0.000218	0.0	0.0	0.0	38.6456	0.0	0.0	0.0	0.0	81	0	0	0	34	0	0	0	0	158094	0	0	0	16	0	0	0	0	951665	0	0	0	34	0	0	0	0	200651	0	0	0	0	0	0	0	0	24742	0	0	0	0	0	0	0	0	247816	0	0	0	0	0	0	0	0	0.001061	0.0	0.0	0.0	0.001475	0.0	0.0	0.0	0.0	0.418274	0.0	0.0	0.0	0.581726	0.0	0.0	0.0	0.0	
422	1583138	3726.872706757	1925.8	1925.8	0.086179	9.0e-6	1583049	0	0	0	85	0	0	0	0	0.0	0.0	0.0	0.0	0.409932	0.0	0.0	0.0	0.0	344.588	0.0	0.0	0.0	3303.65	0.0	0.0	0.0	0.0	0.000218	0.0	0.0	0.0	38.8665	0.0	0.0	0.0	0.0	81	0	0	0	35	0	0	0	0	158094	0	0	0	16	0	0	0	0	951665	0	0	0	34	0	0	0	0	200651	0	0	0	0	0	0	0	0	24742	0	0	0	0	0	0	0	0	247816	0	0	0	0	0	0	0	0	0.001061	0.0	0.0	0.0	0.001692	0.0	0.0	0.0	0.0	0.385386	0.0	0.0	0.0	0.614614	0.0	0.0	0.0	0.0	
423	1583139	3773.289632515	1925.8	1925.8	0.077169	2.0e-6	1583049	0	0	0	86	0	0	0	0	0.0	0.0	0.0	0.0	0.376583	0.0	0.0	0.0	0.0	344.588	0.0	0.0	0.0	3350.07	0.0	0.0	0.0	0.0	0.000218	0.0	0.0	0.0	38.9543	0.0	0.0	0.0	0.0	81	0	0	0	35	0	0	0	0	158094	0	0	0	16	0	0	0	0	951665	0	0	0	35	0	0	0	0	200651	0	0	0	0	0	0	0	0	24742	0	0	0	0	0	0	0	0	247816	0	0	0	0	0	0	0	0	0.001061	0.0	0.0	0.0	0.001549	0.0	0.0	0.0	0.0	0.406486	0.0	0.0	0.0	0.593514	0.0	0.0	0.0	0.0	
424	1583140	3780.955378738	1925.8	1925.8	0.07058	1.0e-6	1583049	0	0	0	87	0	0	0	0	0.0	0.0	0.0	0.0	0.344858	0.0	0.0	0.0	0.0	344.588	0.0	0.0	0.0	3357.74	0.0	0.0	0.0	0.0	0.000218	0.0	0.0	0.0	38.5947	0.0	0.0	0.0	0.0	81	0	0	0	35	0	0	0	0	158094	0	0	0	16	0	0	0	0	951665	0	0	0	36	0	0	0	0	200651	0	0	0	0	0	0	0	0	24742	0	0	0	0	0	0	0	0	247816	0	0	0	0	0	0	0	0	0.001061	0.0	0.0	0.0	0.001438	0.0	0.0	0.0	0.0	0.424477	0.0	0.0	0.0	0.575523	0.0	0.0	0.0	0.0	
425	1583141	3799.388176967	1925.8	1925.8	0.069547	1.0e-6	1583049	0	0	0	88	0	0	0	0	0.0	0.0	0.0	0.0	0.314898	0.0	0.0	0.0	0.0	344.588	0.0	0.0	0.0	3376.17	0.0	0.0	0.0	0.0	0.000218	0.0	0.0	0.0	38.3655	0.0	0.0	0.0	0.0	81	0	0	0	35	0	0	0	0	158094	0	0	0	16	0	0	0	0	951665	0	0	0	37	0	0	0	0	200651	0	0	0	0	0	0	0	0	24742	0	0	0	0	0	0	0	0	247816	0	0	0	0	0	0	0	0	0.001061	0.0	0.0	0.0	0.001325	0.0	0.0	0.0	0.0	0.444612	0.0	0.0	0.0	0.555388	0.0	0.0	0.0	0.0	
426	1583143	3813.30679403	1925.8	1925.8	0.067125	0.0	1583050	0	0	0	89	0	0	0	0	0.0	0.0	0.0	0.0	0.287809	0.0	0.0	0.0	0.0	344.588	0.0	0.0	0.0	3390.09	0.0	0.0	0.0	0.0	0.000218	0.0	0.0	0.0	38.0909	0.0	0.0	0.0	0.0	81	0	0	0	35	0	0	0	0	158094	0	0	0	16	0	0	0	0	951665	0	0	0	38	0	0	0	0	200652	0	0	0	0	0	0	0	0	24742	0	0	0	0	0	0	0	0	247816	0	0	0	0	0	0	0	0	0.000955	0.0	0.0	0.0	0.001224	0.0	0.0	0.0	0.0	0.438155	0.0	0.0	0.0	0.561845	0.0	0.0	0.0	0.0	
427	1583146	3831.206503355	1925.8	1925.8	0.065352	0.0	1583052	0	0	0	90	0	0	0	0	0.0	0.0	0.0	0.0	0.264328	0.0	0.0	0.0	0.0	344.589	0.0	0.0	0.0	3407.99	0.0	0.0	0.0	0.0	0.000218	0.0	0.0	0.0	37.8665	0.0	0.0	0.0	0.0	81	0	0	0	35	0	0	0	0	158094	0	0	0	16	0	0	0	0	951665	0	0	0	39	0	0	0	0	200652	0	0	0	0	0	0	0	0	24743	0	0	0	0	0	0	0	0	247817	0	0	0	0	0	0	0	0	0.000773	0.0	0.0	0.0	0.001134	0.0	0.0	0.0	0.0	0.405372	0.0	0.0	0.0	0.594628	0.0	0.0	0.0	0.0	
428	1583148	3849.405307035	1925.8	1925.8	0.063141	0.0	1583053	0	0	0	91	0	0	0	0	0.0	0.0	0.0	0.0	0.239375	0.0	0.0	0.0	0.0	344.589	0.0	0.0	0.0	3426.18	0.0	0.0	0.0	0.0	0.000218	0.0	0.0	0.0	37.6504	0.0	0.0	0.0	0.0	81	0	0	0	35	0	0	0	0	158094	0	0	0	16	0	0	0	0	951666	0	0	0	40	0	0	0	0	200652	0	0	0	0	0	0	0	0	24743	0	0	0	0	0	0	0	0	247817	0	0	0	0	0	0	0	0	0.001007	0.0	0.0	0.0	0.001036	0.0	0.0	0.0	0.0	0.49296	0.0	0.0	0.0	0.50704	0.0	0.0	0.0	0.0	
429	1583151	3855.909800053	1925.8	1925.8	0.060969	0.0	1583055	0	0	0	92	0	0	0	0	0.0	0.0	0.0	0.0	0.217981	0.0	0.0	0.0	0.0	344.589	0.0	0.0	0.0	3432.69	0.0	0.0	0.0	0.0	0.000218	0.0	0.0	0.0	37.3118	0.0	0.0	0.0	0.0	81	0	0	0	35	0	0	0	0	158094	0	0	0	16	0	0	0	0	951666	0	0	0	41	0	0	0	0	200652	0	0	0	0	0	0	0	0	24743	0	0	0	0	0	0	0	0	247819	0	0	0	0	0	0	0	0	0.000816	0.0	0.0	0.0	0.000956	0.0	0.0	0.0	0.0	0.460381	0.0	0.0	0.0	0.539619	0.0	0.0	0.0	0.0	
430	1583152	3867.389266702	1925.8	1925.8	0.060211	0.0	1583055	0	0	0	93	0	0	0	0	0.0	0.0	0.0	0.0	0.197783	0.0	0.0	0.0	0.0	344.589	0.0	0.0	0.0	3444.17	0.0	0.0	0.0	0.0	0.000218	0.0	0.0	0.0	37.0341	0.0	0.0	0.0	0.0	81	0	0	0	35	0	0	0	0	158094	0	0	0	16	0	0	0	0	951666	0	0	0	42	0	0	0	0	200652	0	0	0	0	0	0	0	0	24743	0	0	0	0	0	0	0	0	247819	0	0	0	0	0	0	0	0	0.000816	0.0	0.0	0.0	0.000878	0.0	0.0	0.0	0.0	0.481813	0.0	0.0	0.0	0.518187	0.0	0.0	0.0	0.0	
431	1583153	3892.802551017	1925.8	1925.8	0.058897	0.0	1583055	0	0	0	94	0	0	0	0	0.0	0.0	0.0	0.0	0.178699	0.0	0.0	0.0	0.0	344.589	0.0	0.0	0.0	3469.58	0.0	0.0	0.0	0.0	0.000218	0.0	0.0	0.0	36.9104	0.0	0.0	0.0	0.0	81	0	0	0	35	0	0	0	0	158094	0	0	0	16	0	0	0	0	951666	0	0	0	43	0	0	0	0	200652	0	0	0	0	0	0	0	0	24743	0	0	0	0	0	0	0	0	247819	0	0	0	0	0	0	0	0	0.000816	0.0	0.0	0.0	0.000797	0.0	0.0	0.0	0.0	0.505918	0.0	0.0	0.0	0.494082	0.0	0.0	0.0	0.0	
432	1583154	3895.889177093	1925.8	1925.8	0.056088	0.0	1583055	0	0	0	95	0	0	0	0	0.0	0.0	0.0	0.0	0.160829	0.0	0.0	0.0	0.0	344.589	0.0	0.0	0.0	3472.67	0.0	0.0	0.0	0.0	0.000218	0.0	0.0	0.0	36.5544	0.0	0.0	0.0	0.0	81	0	0	0	35	0	0	0	0	158094	0	0	0	16	0	0	0	0	951666	0	0	0	44	0	0	0	0	200652	0	0	0	0	0	0	0	0	24743	0	0	0	0	0	0	0	0	247819	0	0	0	0	0	0	0	0	0.000816	0.0	0.0	0.0	0.000728	0.0	0.0	0.0	0.0	0.528592	0.0	0.0	0.0	0.471408	0.0	0.0	0.0	0.0	
433	1583157	3914.303011174	1925.8	1925.8	0.055756	0.0	1583057	0	0	0	96	0	0	0	0	0.0	0.0	0.0	0.0	0.145434	0.0	0.0	0.0	0.0	344.59	0.0	0.0	0.0	3491.08	0.0	0.0	0.0	0.0	0.000218	0.0	0.0	0.0	36.3654	0.0	0.0	0.0	0.0	81	0	0	0	35	0	0	0	0	158094	0	0	0	16	0	0	0	0	951666	0	0	0	45	0	0	0	0	200652	0	0	0	0	0	0	0	0	24743	0	0	0	0	0	0	0	0	247821	0	0	0	0	0	0	0	0	0.000665	0.0	0.0	0.0	0.000663	0.0	0.0	0.0	0.0	0.500861	0.0	0.0	0.0	0.499139	0.0	0.0	0.0	0.0	
434	1583158	3922.312940435	1925.8	1925.8	0.053816	0.0	1583057	0	0	0	97	0	0	0	0	0.0	0.0	0.0	0.0	0.130891	0.0	0.0	0.0	0.0	344.59	0.0	0.0	0.0	3499.09	0.0	0.0	0.0	0.0	0.000218	0.0	0.0	0.0	36.0731	0.0	0.0	0.0	0.0	81	0	0	0	35	0	0	0	0	158094	0	0	0	16	0	0	0	0	951666	0	0	0	46	0	0	0	0	200652	0	0	0	0	0	0	0	0	24743	0	0	0	0	0	0	0	0	247821	0	0	0	0	0	0	0	0	0.000665	0.0	0.0	0.0	0.000604	0.0	0.0	0.0	0.0	0.524156	0.0	0.0	0.0	0.475844	0.0	0.0	0.0	0.0	
435	1583160	4102.370473587	1925.8	1925.8	0.052993	0.0	1583058	0	0	0	98	0	0	0	0	0.0	0.0	0.0	0.0	0.117825	0.0	0.0	0.0	0.0	344.59	0.0	0.0	0.0	3679.15	0.0	0.0	0.0	0.0	0.000218	0.0	0.0	0.0	37.5423	0.0	0.0	0.0	0.0	81	0	0	0	35	0	0	0	0	158094	0	0	0	16	0	0	0	0	951666	0	0	0	47	0	0	0	0	200652	0	0	0	0	0	0	0	0	24743	0	0	0	0	0	0	0	0	247822	0	0	0	0	0	0	0	0	0.000602	0.0	0.0	0.0	0.000512	0.0	0.0	0.0	0.0	0.540286	0.0	0.0	0.0	0.459714	0.0	0.0	0.0	0.0	
436	1583161	4110.489866812	1925.8	1925.8	0.037484	0.0	1583058	0	0	0	99	0	0	0	0	0.0	0.0	0.0	0.0	0.106042	0.0	0.0	0.0	0.0	344.59	0.0	0.0	0.0	3687.27	0.0	0.0	0.0	0.0	0.000218	0.0	0.0	0.0	37.2451	0.0	0.0	0.0	0.0	81	0	0	0	35	0	0	0	0	158094	0	0	0	16	0	0	0	0	951666	0	0	0	48	0	0	0	0	200652	0	0	0	0	0	0	0	0	24743	0	0	0	0	0	0	0	0	247822	0	0	0	0	0	0	0	0	0.000602	0.0	0.0	0.0	0.000467	0.0	0.0	0.0	0.0	0.56339	0.0	0.0	0.0	0.43661	0.0	0.0	0.0	0.0	
437	1583163	4122.562747212	1925.8	1925.8	0.036903	0.0	1583059	0	0	0	100	0	0	0	0	0.0	0.0	0.0	0.0	0.095438	0.0	0.0	0.0	0.0	344.59	0.0	0.0	0.0	3699.34	0.0	0.0	0.0	0.0	0.000218	0.0	0.0	0.0	36.9934	0.0	0.0	0.0	0.0	81	0	0	0	35	0	0	0	0	158094	0	0	0	16	0	0	0	0	951666	0	0	0	49	0	0	0	0	200652	0	0	0	0	0	0	0	0	24743	0	0	0	0	0	0	0	0	247823	0	0	0	0	0	0	0	0	0.000549	0.0	0.0	0.0	0.000424	0.0	0.0	0.0	0.0	0.563944	0.0	0.0	0.0	0.436056	0.0	0.0	0.0	0.0	
438	1583166	4131.889026417	1925.8	1925.8	0.036056	0.0	1583061	0	0	0	101	0	0	0	0	0.0	0.0	0.0	0.0	0.085894	0.0	0.0	0.0	0.0	344.591	0.0	0.0	0.0	3708.67	0.0	0.0	0.0	0.0	0.000218	0.0	0.0	0.0	36.7195	0.0	0.0	0.0	0.0	81	0	0	0	35	0	0	0	0	158094	0	0	0	16	0	0	0	0	951666	0	0	0	50	0	0	0	0	200652	0	0	0	0	0	0	0	0	24743	0	0	0	0	0	0	0	0	247825	0	0	0	0	0	0	0	0	0.000454	0.0	0.0	0.0	0.000386	0.0	0.0	0.0	0.0	0.540307	0.0	0.0	0.0	0.459693	0.0	0.0	0.0	0.0	
439	1583167	4142.210405004	1925.8	1925.8	0.035415	0.0	1583061	0	0	0	102	0	0	0	0	0.0	0.0	0.0	0.0	0.077305	0.0	0.0	0.0	0.0	344.591	0.0	0.0	0.0	3718.99	0.0	0.0	0.0	0.0	0.000218	0.0	0.0	0.0	36.4607	0.0	0.0	0.0	0.0	81	0	0	0	35	0	0	0	0	158094	0	0	0	16	0	0	0	0	951666	0	0	0	51	0	0	0	0	200652	0	0	0	0	0	0	0	0	24743	0	0	0	0	0	0	0	0	247825	0	0	0	0	0	0	0	0	0.000454	0.0	0.0	0.0	0.000351	0.0	0.0	0.0	0.0	0.563733	0.0	0.0	0.0	0.436267	0.0	0.0	0.0	0.0	
440	1583168	4173.516754198	1925.8	1925.8	0.034719	0.0	1583061	0	0	0	103	0	0	0	0	0.0	0.0	0.0	0.0	0.069574	0.0	0.0	0.0	0.0	344.591	0.0	0.0	0.0	3750.29	0.0	0.0	0.0	0.0	0.000218	0.0	0.0	0.0	36.4106	0.0	0.0	0.0	0.0	81	0	0	0	35	0	0	0	0	158094	0	0	0	16	0	0	0	0	951666	0	0	0	52	0	0	0	0	200652	0	0	0	0	0	0	0	0	24743	0	0	0	0	0	0	0	0	247825	0	0	0	0	0	0	0	0	0.000454	0.0	0.0	0.0	0.000317	0.0	0.0	0.0	0.0	0.58895	0.0	0.0	0.0	0.41105	0.0	0.0	0.0	0.0	
441	1583169	4193.438288547	1925.8	1925.8	0.032691	0.0	1583061	0	0	0	104	0	0	0	0	0.0	0.0	0.0	0.0	0.062617	0.0	0.0	0.0	0.0	344.591	0.0	0.0	0.0	3770.21	0.0	0.0	0.0	0.0	0.000218	0.0	0.0	0.0	36.2521	0.0	0.0	0.0	0.0	81	0	0	0	35	0	0	0	0	158094	0	0	0	16	0	0	0	0	951666	0	0	0	53	0	0	0	0	200652	0	0	0	0	0	0	0	0	24743	0	0	0	0	0	0	0	0	247825	0	0	0	0	0	0	0	0	0.000454	0.0	0.0	0.0	0.000287	0.0	0.0	0.0	0.0	0.612645	0.0	0.0	0.0	0.387355	0.0	0.0	0.0	0.0	
442	1583170	4211.298954013	1925.8	1925.8	0.031462	0.0	1583061	0	0	0	105	0	0	0	0	0.0	0.0	0.0	0.0	0.056355	0.0	0.0	0.0	0.0	344.591	0.0	0.0	0.0	3788.08	0.0	0.0	0.0	0.0	0.000218	0.0	0.0	0.0	36.0769	0.0	0.0	0.0	0.0	81	0	0	0	35	0	0	0	0	158094	0	0	0	16	0	0	0	0	951666	0	0	0	54	0	0	0	0	200652	0	0	0	0	0	0	0	0	24743	0	0	0	0	0	0	0	0	247825	0	0	0	0	0	0	0	0	0.000454	0.0	0.0	0.0	0.00026	0.0	0.0	0.0	0.0	0.635651	0.0	0.0	0.0	0.364349	0.0	0.0	0.0	0.0	
443	1583172	4249.864623915	1925.8	1925.8	0.0304	0.0	1583062	0	0	0	106	0	0	0	0	0.0	0.0	0.0	0.0	0.05072	0.0	0.0	0.0	0.0	344.591	0.0	0.0	0.0	3826.64	0.0	0.0	0.0	0.0	0.000218	0.0	0.0	0.0	36.1004	0.0	0.0	0.0	0.0	81	0	0	0	35	0	0	0	0	158094	0	0	0	16	0	0	0	0	951666	0	0	0	55	0	0	0	0	200653	0	0	0	0	0	0	0	0	24743	0	0	0	0	0	0	0	0	247825	0	0	0	0	0	0	0	0	0.000418	0.0	0.0	0.0	0.000234	0.0	0.0	0.0	0.0	0.641285	0.0	0.0	0.0	0.358715	0.0	0.0	0.0	0.0	
444	1583176	4260.262403137	1925.8	1925.8	0.028227	0.0	1583065	0	0	0	107	0	0	0	0	0.0	0.0	0.0	0.0	0.045648	0.0	0.0	0.0	0.0	344.592	0.0	0.0	0.0	3837.04	0.0	0.0	0.0	0.0	0.000218	0.0	0.0	0.0	35.8602	0.0	0.0	0.0	0.0	81	0	0	0	35	0	0	0	0	158094	0	0	0	16	0	0	0	0	951666	0	0	0	56	0	0	0	0	200654	0	0	0	0	0	0	0	0	24743	0	0	0	0	0	0	0	0	247827	0	0	0	0	0	0	0	0	0.000325	0.0	0.0	0.0	0.000213	0.0	0.0	0.0	0.0	0.604618	0.0	0.0	0.0	0.395382	0.0	0.0	0.0	0.0	
445	1583177	4283.447252887	1925.8	1925.8	0.027668	0.0	1583065	0	0	0	108	0	0	0	0	0.0	0.0	0.0	0.0	0.041083	0.0	0.0	0.0	0.0	344.592	0.0	0.0	0.0	3860.22	0.0	0.0	0.0	0.0	0.000218	0.0	0.0	0.0	35.7428	0.0	0.0	0.0	0.0	81	0	0	0	35	0	0	0	0	158094	0	0	0	16	0	0	0	0	951666	0	0	0	57	0	0	0	0	200654	0	0	0	0	0	0	0	0	24743	0	0	0	0	0	0	0	0	247827	0	0	0	0	0	0	0	0	0.000325	0.0	0.0	0.0	0.000192	0.0	0.0	0.0	0.0	0.62836	0.0	0.0	0.0	0.37164	0.0	0.0	0.0	0.0	
446	1583178	4297.191887953	1925.8	1925.8	0.026461	0.0	1583065	0	0	0	109	0	0	0	0	0.0	0.0	0.0	0.0	0.036975	0.0	0.0	0.0	0.0	344.592	0.0	0.0	0.0	3873.97	0.0	0.0	0.0	0.0	0.000218	0.0	0.0	0.0	35.541	0.0	0.0	0.0	0.0	81	0	0	0	35	0	0	0	0	158094	0	0	0	16	0	0	0	0	951666	0	0	0	58	0	0	0	0	200654	0	0	0	0	0	0	0	0	24743	0	0	0	0	0	0	0	0	247827	0	0	0	0	0	0	0	0	0.000325	0.0	0.0	0.0	0.000175	0.0	0.0	0.0	0.0	0.650685	0.0	0.0	0.0	0.349315	0.0	0.0	0.0	0.0	
447	1583185	4323.990644266	1925.8	1925.8	0.025771	0.0	1583071	0	0	0	110	0	0	0	0	0.0	0.0	0.0	0.0	0.033277	0.0	0.0	0.0	0.0	344.593	0.0	0.0	0.0	3900.76	0.0	0.0	0.0	0.0	0.000218	0.0	0.0	0.0	35.4615	0.0	0.0	0.0	0.0	81	0	0	0	35	0	0	0	0	158094	0	0	0	16	0	0	0	0	951668	0	0	0	59	0	0	0	0	200654	0	0	0	0	0	0	0	0	24743	0	0	0	0	0	0	0	0	247831	0	0	0	0	0	0	0	0	0.000663	0.0	0.0	0.0	0.000158	0.0	0.0	0.0	0.0	0.808064	0.0	0.0	0.0	0.191936	0.0	0.0	0.0	0.0	
448	1583189	4336.036863152	1925.8	1925.8	0.024477	0.0	1583074	0	0	0	111	0	0	0	0	0.0	0.0	0.0	0.0	0.02995	0.0	0.0	0.0	0.0	344.594	0.0	0.0	0.0	3912.81	0.0	0.0	0.0	0.0	0.000218	0.0	0.0	0.0	35.2505	0.0	0.0	0.0	0.0	81	0	0	0	35	0	0	0	0	158094	0	0	0	16	0	0	0	0	951669	0	0	0	60	0	0	0	0	200655	0	0	0	0	0	0	0	0	24744	0	0	0	0	0	0	0	0	247831	0	0	0	0	0	0	0	0	0.00072	0.0	0.0	0.0	0.000143	0.0	0.0	0.0	0.0	0.834245	0.0	0.0	0.0	0.165755	0.0	0.0	0.0	0.0	
449	1583195	4426.842462944	1925.8	1925.8	0.023916	0.0	1583079	0	0	0	112	0	0	0	0	0.0	0.0	0.0	0.0	0.026954	0.0	0.0	0.0	0.0	344.595	0.0	0.0	0.0	4003.61	0.0	0.0	0.0	0.0	0.000218	0.0	0.0	0.0	35.7466	0.0	0.0	0.0	0.0	81	0	0	0	35	0	0	0	0	158094	0	0	0	16	0	0	0	0	951670	0	0	0	61	0	0	0	0	200655	0	0	0	0	0	0	0	0	24745	0	0	0	0	0	0	0	0	247834	0	0	0	0	0	0	0	0	0.000677	0.0	0.0	0.0	0.000126	0.0	0.0	0.0	0.0	0.84295	0.0	0.0	0.0	0.15705	0.0	0.0	0.0	0.0	
450	1583196	4436.342320157	1925.8	1925.8	0.020084	0.0	1583079	0	0	0	113	0	0	0	0	0.0	0.0	0.0	0.0	0.024259	0.0	0.0	0.0	0.0	344.595	0.0	0.0	0.0	4013.11	0.0	0.0	0.0	0.0	0.000218	0.0	0.0	0.0	35.5143	0.0	0.0	0.0	0.0	81	0	0	0	35	0	0	0	0	158094	0	0	0	16	0	0	0	0	951670	0	0	0	62	0	0	0	0	200655	0	0	0	0	0	0	0	0	24745	0	0	0	0	0	0	0	0	247834	0	0	0	0	0	0	0	0	0.000677	0.0	0.0	0.0	0.000115	0.0	0.0	0.0	0.0	0.855193	0.0	0.0	0.0	0.144807	0.0	0.0	0.0	0.0	
451	1583203	4439.600945128	1925.8	1925.8	0.019721	0.0	1583085	0	0	0	114	0	0	0	0	0.0	0.0	0.0	0.0	0.021833	0.0	0.0	0.0	0.0	344.597	0.0	0.0	0.0	4016.37	0.0	0.0	0.0	0.0	0.000218	0.0	0.0	0.0	35.2313	0.0	0.0	0.0	0.0	81	0	0	0	35	0	0	0	0	158094	0	0	0	16	0	0	0	0	951670	0	0	0	63	0	0	0	0	200656	0	0	0	0	0	0	0	0	24745	0	0	0	0	0	0	0	0	247839	0	0	0	0	0	0	0	0	0.000467	0.0	0.0	0.0	0.000104	0.0	0.0	0.0	0.0	0.81736	0.0	0.0	0.0	0.18264	0.0	0.0	0.0	0.0	
452	1583204	4452.101906108	1925.8	1925.8	0.019597	0.0	1583085	0	0	0	115	0	0	0	0	0.0	0.0	0.0	0.0	0.01965	0.0	0.0	0.0	0.0	344.597	0.0	0.0	0.0	4028.87	0.0	0.0	0.0	0.0	0.000218	0.0	0.0	0.0	35.0337	0.0	0.0	0.0	0.0	81	0	0	0	35	0	0	0	0	158094	0	0	0	16	0	0	0	0	951670	0	0	0	64	0	0	0	0	200656	0	0	0	0	0	0	0	0	24745	0	0	0	0	0	0	0	0	247839	0	0	0	0	0	0	0	0	0.000467	0.0	0.0	0.0	9.5e-5	0.0	0.0	0.0	0.0	0.831386	0.0	0.0	0.0	0.168614	0.0	0.0	0.0	0.0	
453	1583206	4461.016968624	1925.8	1925.8	0.019132	0.0	1583086	0	0	0	116	0	0	0	0	0.0	0.0	0.0	0.0	0.017685	0.0	0.0	0.0	0.0	344.597	0.0	0.0	0.0	4037.79	0.0	0.0	0.0	0.0	0.000218	0.0	0.0	0.0	34.8085	0.0	0.0	0.0	0.0	81	0	0	0	35	0	0	0	0	158094	0	0	0	16	0	0	0	0	951670	0	0	0	65	0	0	0	0	200656	0	0	0	0	0	0	0	0	24745	0	0	0	0	0	0	0	0	247840	0	0	0	0	0	0	0	0	0.000439	0.0	0.0	0.0	8.6e-5	0.0	0.0	0.0	0.0	0.836053	0.0	0.0	0.0	0.163947	0.0	0.0	0.0	0.0	
454	1583213	4474.581585905	1925.8	1925.8	0.018807	0.0	1583092	0	0	0	117	0	0	0	0	0.0	0.0	0.0	0.0	0.015916	0.0	0.0	0.0	0.0	344.598	0.0	0.0	0.0	4051.35	0.0	0.0	0.0	0.0	0.000218	0.0	0.0	0.0	34.6269	0.0	0.0	0.0	0.0	81	0	0	0	35	0	0	0	0	158094	0	0	0	16	0	0	0	0	951672	0	0	0	66	0	0	0	0	200658	0	0	0	0	0	0	0	0	24745	0	0	0	0	0	0	0	0	247842	0	0	0	0	0	0	0	0	0.000628	0.0	0.0	0.0	7.8e-5	0.0	0.0	0.0	0.0	0.889405	0.0	0.0	0.0	0.110595	0.0	0.0	0.0	0.0	
455	1583215	4490.528636697	1925.8	1925.8	0.018322	0.0	1583093	0	0	0	118	0	0	0	0	0.0	0.0	0.0	0.0	0.014325	0.0	0.0	0.0	0.0	344.598	0.0	0.0	0.0	4067.3	0.0	0.0	0.0	0.0	0.000218	0.0	0.0	0.0	34.4686	0.0	0.0	0.0	0.0	81	0	0	0	35	0	0	0	0	158094	0	0	0	16	0	0	0	0	951672	0	0	0	67	0	0	0	0	200658	0	0	0	0	0	0	0	0	24745	0	0	0	0	0	0	0	0	247843	0	0	0	0	0	0	0	0	0.000593	0.0	0.0	0.0	7.1e-5	0.0	0.0	0.0	0.0	0.893338	0.0	0.0	0.0	0.106662	0.0	0.0	0.0	0.0	
456	1583230	4508.897129272	1925.8	1925.8	0.017769	0.0	1583107	0	0	0	119	0	0	0	0	0.0	0.0	0.0	0.0	0.012892	0.0	0.0	0.0	0.0	344.601	0.0	0.0	0.0	4085.66	0.0	0.0	0.0	0.0	0.000218	0.0	0.0	0.0	34.3333	0.0	0.0	0.0	0.0	81	0	0	0	35	0	0	0	0	158094	0	0	0	16	0	0	0	0	951675	0	0	0	68	0	0	0	0	200662	0	0	0	0	0	0	0	0	24747	0	0	0	0	0	0	0	0	247848	0	0	0	0	0	0	0	0	0.000588	0.0	0.0	0.0	6.4e-5	0.0	0.0	0.0	0.0	0.901694	0.0	0.0	0.0	0.098306	0.0	0.0	0.0	0.0	
457	1583234	4525.615242903	1925.8	1925.8	0.017152	0.0	1583110	0	0	0	120	0	0	0	0	0.0	0.0	0.0	0.0	0.011603	0.0	0.0	0.0	0.0	344.602	0.0	0.0	0.0	4102.38	0.0	0.0	0.0	0.0	0.000218	0.0	0.0	0.0	34.1865	0.0	0.0	0.0	0.0	81	0	0	0	35	0	0	0	0	158094	0	0	0	16	0	0	0	0	951676	0	0	0	69	0	0	0	0	200662	0	0	0	0	0	0	0	0	24747	0	0	0	0	0	0	0	0	247850	0	0	0	0	0	0	0	0	0.000651	0.0	0.0	0.0	5.8e-5	0.0	0.0	0.0	0.0	0.918093	0.0	0.0	0.0	0.081907	0.0	0.0	0.0	0.0	
458	1583237	4534.035349713	1925.8	1925.8	0.01661	0.0	1583112	0	0	0	121	0	0	0	0	0.0	0.0	0.0	0.0	0.010443	0.0	0.0	0.0	0.0	344.602	0.0	0.0	0.0	4110.8	0.0	0.0	0.0	0.0	0.000218	0.0	0.0	0.0	33.9736	0.0	0.0	0.0	0.0	81	0	0	0	35	0	0	0	0	158094	0	0	0	16	0	0	0	0	951676	0	0	0	70	0	0	0	0	200662	0	0	0	0	0	0	0	0	24747	0	0	0	0	0	0	0	0	247852	0	0	0	0	0	0	0	0	0.000582	0.0	0.0	0.0	5.3e-5	0.0	0.0	0.0	0.0	0.91686	0.0	0.0	0.0	0.08314	0.0	0.0	0.0	0.0	
459	1583243	4545.966547124	1923.8	1923.8	0.016343	0.0	1583117	0	0	0	122	0	0	0	0	0.0	0.0	0.0	0.0	0.109398	0.0	0.0	0.0	0.0	344.604	0.0	0.0	0.0	4122.73	0.0	0.0	0.0	0.0	0.000218	0.0	0.0	0.0	33.7929	0.0	0.0	0.0	0.0	81	0	0	0	36	0	0	0	0	158094	0	0	0	16	0	0	0	0	951678	0	0	0	70	0	0	0	0	200664	0	0	0	0	0	0	0	0	24747	0	0	0	0	0	0	0	0	247853	0	0	0	0	0	0	0	0	0.000753	0.0	0.0	0.0	0.000557	0.0	0.0	0.0	0.0	0.574698	0.0	0.0	0.0	0.425302	0.0	0.0	0.0	0.0	
460	1583244	4569.347232824	1923.8	1923.8	0.015972	0.0	1583117	0	0	0	123	0	0	0	0	0.0	0.0	0.0	0.0	0.098459	0.0	0.0	0.0	0.0	344.604	0.0	0.0	0.0	4146.11	0.0	0.0	0.0	0.0	0.000218	0.0	0.0	0.0	33.7082	0.0	0.0	0.0	0.0	81	0	0	0	36	0	0	0	0	158094	0	0	0	16	0	0	0	0	951678	0	0	0	71	0	0	0	0	200664	0	0	0	0	0	0	0	0	24747	0	0	0	0	0	0	0	0	247853	0	0	0	0	0	0	0	0	0.000753	0.0	0.0	0.0	0.000503	0.0	0.0	0.0	0.0	0.599323	0.0	0.0	0.0	0.400677	0.0	0.0	0.0	0.0	
461	1583248	4589.955163995	1923.8	1923.8	0.01527	0.0	1583120	0	0	0	124	0	0	0	0	0.0	0.0	0.0	0.0	0.088613	0.0	0.0	0.0	0.0	344.604	0.0	0.0	0.0	4166.72	0.0	0.0	0.0	0.0	0.000218	0.0	0.0	0.0	33.6026	0.0	0.0	0.0	0.0	81	0	0	0	36	0	0	0	0	158094	0	0	0	16	0	0	0	0	951678	0	0	0	72	0	0	0	0	200665	0	0	0	0	0	0	0	0	24747	0	0	0	0	0	0	0	0	247855	0	0	0	0	0	0	0	0	0.000573	0.0	0.0	0.0	0.000455	0.0	0.0	0.0	0.0	0.557622	0.0	0.0	0.0	0.442378	0.0	0.0	0.0	0.0	
462	1583249	4615.34705947	1923.8	1923.8	0.014677	0.0	1583120	0	0	0	125	0	0	0	0	0.0	0.0	0.0	0.0	0.079752	0.0	0.0	0.0	0.0	344.604	0.0	0.0	0.0	4192.11	0.0	0.0	0.0	0.0	0.000218	0.0	0.0	0.0	33.5369	0.0	0.0	0.0	0.0	81	0	0	0	36	0	0	0	0	158094	0	0	0	16	0	0	0	0	951678	0	0	0	73	0	0	0	0	200665	0	0	0	0	0	0	0	0	24747	0	0	0	0	0	0	0	0	247855	0	0	0	0	0	0	0	0	0.000573	0.0	0.0	0.0	0.000411	0.0	0.0	0.0	0.0	0.582718	0.0	0.0	0.0	0.417282	0.0	0.0	0.0	0.0	
463	1583251	4634.457392351	1923.8	1923.8	0.013977	0.0	1583121	0	0	0	126	0	0	0	0	0.0	0.0	0.0	0.0	0.071776	0.0	0.0	0.0	0.0	344.605	0.0	0.0	0.0	4211.22	0.0	0.0	0.0	0.0	0.000218	0.0	0.0	0.0	33.4224	0.0	0.0	0.0	0.0	81	0	0	0	36	0	0	0	0	158094	0	0	0	16	0	0	0	0	951678	0	0	0	74	0	0	0	0	200665	0	0	0	0	0	0	0	0	24747	0	0	0	0	0	0	0	0	247856	0	0	0	0	0	0	0	0	0.000524	0.0	0.0	0.0	0.000371	0.0	0.0	0.0	0.0	0.585274	0.0	0.0	0.0	0.414726	0.0	0.0	0.0	0.0	
464	1583255	4641.109815918	1923.8	1923.8	0.013473	0.0	1583124	0	0	0	127	0	0	0	0	0.0	0.0	0.0	0.0	0.064599	0.0	0.0	0.0	0.0	344.605	0.0	0.0	0.0	4217.87	0.0	0.0	0.0	0.0	0.000218	0.0	0.0	0.0	33.2116	0.0	0.0	0.0	0.0	81	0	0	0	36	0	0	0	0	158094	0	0	0	16	0	0	0	0	951680	0	0	0	75	0	0	0	0	200666	0	0	0	0	0	0	0	0	24747	0	0	0	0	0	0	0	0	247856	0	0	0	0	0	0	0	0	0.000876	0.0	0.0	0.0	0.000338	0.0	0.0	0.0	0.0	0.721897	0.0	0.0	0.0	0.278103	0.0	0.0	0.0	0.0	
465	1583257	4654.552773075	1923.8	1923.8	0.013302	0.0	1583125	0	0	0	128	0	0	0	0	0.0	0.0	0.0	0.0	0.058139	0.0	0.0	0.0	0.0	344.606	0.0	0.0	0.0	4231.31	0.0	0.0	0.0	0.0	0.000218	0.0	0.0	0.0	33.0571	0.0	0.0	0.0	0.0	81	0	0	0	36	0	0	0	0	158094	0	0	0	16	0	0	0	0	951680	0	0	0	76	0	0	0	0	200666	0	0	0	0	0	0	0	0	24747	0	0	0	0	0	0	0	0	247857	0	0	0	0	0	0	0	0	0.000815	0.0	0.0	0.0	0.000306	0.0	0.0	0.0	0.0	0.727204	0.0	0.0	0.0	0.272796	0.0	0.0	0.0	0.0	
466	1583259	4660.91960707	1923.8	1923.8	0.012962	0.0	1583126	0	0	0	129	0	0	0	0	0.0	0.0	0.0	0.0	0.052325	0.0	0.0	0.0	0.0	344.606	0.0	0.0	0.0	4237.68	0.0	0.0	0.0	0.0	0.000218	0.0	0.0	0.0	32.8502	0.0	0.0	0.0	0.0	81	0	0	0	36	0	0	0	0	158094	0	0	0	16	0	0	0	0	951680	0	0	0	77	0	0	0	0	200667	0	0	0	0	0	0	0	0	24747	0	0	0	0	0	0	0	0	247857	0	0	0	0	0	0	0	0	0.000759	0.0	0.0	0.0	0.000278	0.0	0.0	0.0	0.0	0.732078	0.0	0.0	0.0	0.267922	0.0	0.0	0.0	0.0	
467	1583261	4672.993573954	1923.8	1923.8	0.012804	0.0	1583127	0	0	0	130	0	0	0	0	0.0	0.0	0.0	0.0	0.047092	0.0	0.0	0.0	0.0	344.606	0.0	0.0	0.0	4249.75	0.0	0.0	0.0	0.0	0.000218	0.0	0.0	0.0	32.6904	0.0	0.0	0.0	0.0	81	0	0	0	36	0	0	0	0	158094	0	0	0	16	0	0	0	0	951680	0	0	0	78	0	0	0	0	200667	0	0	0	0	0	0	0	0	24747	0	0	0	0	0	0	0	0	247858	0	0	0	0	0	0	0	0	0.000707	0.0	0.0	0.0	0.000252	0.0	0.0	0.0	0.0	0.737399	0.0	0.0	0.0	0.262601	0.0	0.0	0.0	0.0	
468	1583262	4762.802380548	1923.8	1923.8	0.012511	0.0	1583127	0	0	0	131	0	0	0	0	0.0	0.0	0.0	0.0	0.042383	0.0	0.0	0.0	0.0	344.606	0.0	0.0	0.0	4339.56	0.0	0.0	0.0	0.0	0.000218	0.0	0.0	0.0	33.1264	0.0	0.0	0.0	0.0	81	0	0	0	36	0	0	0	0	158094	0	0	0	16	0	0	0	0	951680	0	0	0	79	0	0	0	0	200667	0	0	0	0	0	0	0	0	24747	0	0	0	0	0	0	0	0	247858	0	0	0	0	0	0	0	0	0.000707	0.0	0.0	0.0	0.000222	0.0	0.0	0.0	0.0	0.760919	0.0	0.0	0.0	0.239081	0.0	0.0	0.0	0.0	
469	1583265	4771.639576161	1923.8	1923.8	0.010526	0.0	1583129	0	0	0	132	0	0	0	0	0.0	0.0	0.0	0.0	0.038145	0.0	0.0	0.0	0.0	344.607	0.0	0.0	0.0	4348.4	0.0	0.0	0.0	0.0	0.000218	0.0	0.0	0.0	32.9424	0.0	0.0	0.0	0.0	81	0	0	0	36	0	0	0	0	158094	0	0	0	16	0	0	0	0	951680	0	0	0	80	0	0	0	0	200668	0	0	0	0	0	0	0	0	24747	0	0	0	0	0	0	0	0	247859	0	0	0	0	0	0	0	0	0.000617	0.0	0.0	0.0	0.000202	0.0	0.0	0.0	0.0	0.753545	0.0	0.0	0.0	0.246455	0.0	0.0	0.0	0.0	
470	1583266	4790.886315	1923.8	1923.8	0.010349	0.0	1583129	0	0	0	133	0	0	0	0	0.0	0.0	0.0	0.0	0.03433	0.0	0.0	0.0	0.0	344.607	0.0	0.0	0.0	4367.65	0.0	0.0	0.0	0.0	0.000218	0.0	0.0	0.0	32.8394	0.0	0.0	0.0	0.0	81	0	0	0	36	0	0	0	0	158094	0	0	0	16	0	0	0	0	951680	0	0	0	81	0	0	0	0	200668	0	0	0	0	0	0	0	0	24747	0	0	0	0	0	0	0	0	247859	0	0	0	0	0	0	0	0	0.000617	0.0	0.0	0.0	0.000182	0.0	0.0	0.0	0.0	0.77176	0.0	0.0	0.0	0.22824	0.0	0.0	0.0	0.0	
471	1583269	4795.306081699	1923.8	1923.8	0.009973	0.0	1583131	0	0	0	134	0	0	0	0	0.0	0.0	0.0	0.0	0.030897	0.0	0.0	0.0	0.0	344.608	0.0	0.0	0.0	4372.06	0.0	0.0	0.0	0.0	0.000218	0.0	0.0	0.0	32.6273	0.0	0.0	0.0	0.0	81	0	0	0	36	0	0	0	0	158094	0	0	0	16	0	0	0	0	951680	0	0	0	82	0	0	0	0	200669	0	0	0	0	0	0	0	0	24747	0	0	0	0	0	0	0	0	247860	0	0	0	0	0	0	0	0	0.000539	0.0	0.0	0.0	0.000166	0.0	0.0	0.0	0.0	0.764742	0.0	0.0	0.0	0.235258	0.0	0.0	0.0	0.0	
472	1583272	4816.134153429	1923.8	1923.8	0.009888	0.0	1583133	0	0	0	135	0	0	0	0	0.0	0.0	0.0	0.0	0.027808	0.0	0.0	0.0	0.0	344.608	0.0	0.0	0.0	4392.89	0.0	0.0	0.0	0.0	0.000218	0.0	0.0	0.0	32.5399	0.0	0.0	0.0	0.0	81	0	0	0	36	0	0	0	0	158094	0	0	0	16	0	0	0	0	951680	0	0	0	83	0	0	0	0	200671	0	0	0	0	0	0	0	0	24747	0	0	0	0	0	0	0	0	247860	0	0	0	0	0	0	0	0	0.00047	0.0	0.0	0.0	0.00015	0.0	0.0	0.0	0.0	0.758378	0.0	0.0	0.0	0.241622	0.0	0.0	0.0	0.0	
473	1583278	4823.534204064	1923.8	1923.8	0.0095	0.0	1583138	0	0	0	136	0	0	0	0	0.0	0.0	0.0	0.0	0.025027	0.0	0.0	0.0	0.0	344.609	0.0	0.0	0.0	4400.29	0.0	0.0	0.0	0.0	0.000218	0.0	0.0	0.0	32.3551	0.0	0.0	0.0	0.0	81	0	0	0	36	0	0	0	0	158094	0	0	0	16	0	0	0	0	951681	0	0	0	84	0	0	0	0	200672	0	0	0	0	0	0	0	0	24747	0	0	0	0	0	0	0	0	247863	0	0	0	0	0	0	0	0	0.000551	0.0	0.0	0.0	0.000136	0.0	0.0	0.0	0.0	0.802141	0.0	0.0	0.0	0.197859	0.0	0.0	0.0	0.0	
474	1583279	4834.563513946	1923.8	1923.8	0.009366	0.0	1583138	0	0	0	137	0	0	0	0	0.0	0.0	0.0	0.0	0.022524	0.0	0.0	0.0	0.0	344.609	0.0	0.0	0.0	4411.32	0.0	0.0	0.0	0.0	0.000218	0.0	0.0	0.0	32.1994	0.0	0.0	0.0	0.0	81	0	0	0	36	0	0	0	0	158094	0	0	0	16	0	0	0	0	951681	0	0	0	85	0	0	0	0	200672	0	0	0	0	0	0	0	0	24747	0	0	0	0	0	0	0	0	247863	0	0	0	0	0	0	0	0	0.000551	0.0	0.0	0.0	0.000123	0.0	0.0	0.0	0.0	0.817255	0.0	0.0	0.0	0.182745	0.0	0.0	0.0	0.0	
475	1583288	4848.938207159	1923.8	1923.8	0.009169	0.0	1583146	0	0	0	138	0	0	0	0	0.0	0.0	0.0	0.0	0.020272	0.0	0.0	0.0	0.0	344.611	0.0	0.0	0.0	4425.69	0.0	0.0	0.0	0.0	0.000218	0.0	0.0	0.0	32.0702	0.0	0.0	0.0	0.0	81	0	0	0	36	0	0	0	0	158094	0	0	0	16	0	0	0	0	951684	0	0	0	86	0	0	0	0	200673	0	0	0	0	0	0	0	0	24747	0	0	0	0	0	0	0	0	247867	0	0	0	0	0	0	0	0	0.000786	0.0	0.0	0.0	0.000112	0.0	0.0	0.0	0.0	0.875623	0.0	0.0	0.0	0.124377	0.0	0.0	0.0	0.0	
476	1583321	4946.495680803	1923.8	1923.8	0.008919	0.0	1583178	0	0	0	139	0	0	0	0	0.0	0.0	0.0	0.0	0.018245	0.0	0.0	0.0	0.0	344.617	0.0	0.0	0.0	4523.24	0.0	0.0	0.0	0.0	0.000218	0.0	0.0	0.0	32.5413	0.0	0.0	0.0	0.0	81	0	0	0	36	0	0	0	0	158094	0	0	0	16	0	0	0	0	951691	0	0	0	87	0	0	0	0	200679	0	0	0	0	0	0	0	0	24749	0	0	0	0	0	0	0	0	247884	0	0	0	0	0	0	0	0	0.000561	0.0	0.0	0.0	9.8e-5	0.0	0.0	0.0	0.0	0.850881	0.0	0.0	0.0	0.149119	0.0	0.0	0.0	0.0	
477	1583325	4954.167740959	1923.8	1923.8	0.007394	0.0	1583181	0	0	0	140	0	0	0	0	0.0	0.0	0.0	0.0	0.01642	0.0	0.0	0.0	0.0	344.618	0.0	0.0	0.0	4530.92	0.0	0.0	0.0	0.0	0.000218	0.0	0.0	0.0	32.3637	0.0	0.0	0.0	0.0	81	0	0	0	36	0	0	0	0	158094	0	0	0	16	0	0	0	0	951691	0	0	0	88	0	0	0	0	200680	0	0	0	0	0	0	0	0	24749	0	0	0	0	0	0	0	0	247886	0	0	0	0	0	0	0	0	0.000467	0.0	0.0	0.0	8.9e-5	0.0	0.0	0.0	0.0	0.839594	0.0	0.0	0.0	0.160406	0.0	0.0	0.0	0.0	
478	1583327	4964.762747795	1923.8	1923.8	0.007285	0.0	1583182	0	0	0	141	0	0	0	0	0.0	0.0	0.0	0.0	0.014778	0.0	0.0	0.0	0.0	344.618	0.0	0.0	0.0	4541.51	0.0	0.0	0.0	0.0	0.000218	0.0	0.0	0.0	32.2093	0.0	0.0	0.0	0.0	81	0	0	0	36	0	0	0	0	158094	0	0	0	16	0	0	0	0	951691	0	0	0	89	0	0	0	0	200680	0	0	0	0	0	0	0	0	24750	0	0	0	0	0	0	0	0	247886	0	0	0	0	0	0	0	0	0.000439	0.0	0.0	0.0	8.1e-5	0.0	0.0	0.0	0.0	0.844486	0.0	0.0	0.0	0.155514	0.0	0.0	0.0	0.0	
479	1583367	4979.06917186	1923.8	1923.8	0.007138	0.0	1583221	0	0	0	142	0	0	0	0	0.0	0.0	0.0	0.0	0.0133	0.0	0.0	0.0	0.0	344.625	0.0	0.0	0.0	4555.81	0.0	0.0	0.0	0.0	0.000218	0.0	0.0	0.0	32.0832	0.0	0.0	0.0	0.0	81	0	0	0	36	0	0	0	0	158094	0	0	0	16	0	0	0	0	951695	0	0	0	90	0	0	0	0	200686	0	0	0	0	0	0	0	0	24751	0	0	0	0	0	0	0	0	247914	0	0	0	0	0	0	0	0	0.000237	0.0	0.0	0.0	7.3e-5	0.0	0.0	0.0	0.0	0.764005	0.0	0.0	0.0	0.235995	0.0	0.0	0.0	0.0	
480	1583369	4981.632584046	1923.8	1923.8	0.006945	0.0	1583222	0	0	0	143	0	0	0	0	0.0	0.0	0.0	0.0	0.01197	0.0	0.0	0.0	0.0	344.625	0.0	0.0	0.0	4558.37	0.0	0.0	0.0	0.0	0.000218	0.0	0.0	0.0	31.8767	0.0	0.0	0.0	0.0	81	0	0	0	36	0	0	0	0	158094	0	0	0	16	0	0	0	0	951695	0	0	0	91	0	0	0	0	200687	0	0	0	0	0	0	0	0	24751	0	0	0	0	0	0	0	0	247914	0	0	0	0	0	0	0	0	0.000221	0.0	0.0	0.0	6.7e-5	0.0	0.0	0.0	0.0	0.769014	0.0	0.0	0.0	0.230986	0.0	0.0	0.0	0.0	
481	1583370	5005.574759095	1923.8	1923.8	0.006911	0.0	1583222	0	0	0	144	0	0	0	0	0.0	0.0	0.0	0.0	0.010773	0.0	0.0	0.0	0.0	344.625	0.0	0.0	0.0	4582.32	0.0	0.0	0.0	0.0	0.000218	0.0	0.0	0.0	31.8216	0.0	0.0	0.0	0.0	81	0	0	0	36	0	0	0	0	158094	0	0	0	16	0	0	0	0	951695	0	0	0	92	0	0	0	0	200687	0	0	0	0	0	0	0	0	24751	0	0	0	0	0	0	0	0	247914	0	0	0	0	0	0	0	0	0.000221	0.0	0.0	0.0	6.0e-5	0.0	0.0	0.0	0.0	0.786762	0.0	0.0	0.0	0.213238	0.0	0.0	0.0	0.0	
482	1583371	5009.280886813	1923.8	1923.8	0.0066	0.0	1583222	0	0	0	145	0	0	0	0	0.0	0.0	0.0	0.0	0.009696	0.0	0.0	0.0	0.0	344.625	0.0	0.0	0.0	4586.02	0.0	0.0	0.0	0.0	0.000218	0.0	0.0	0.0	31.6277	0.0	0.0	0.0	0.0	81	0	0	0	36	0	0	0	0	158094	0	0	0	16	0	0	0	0	951695	0	0	0	93	0	0	0	0	200687	0	0	0	0	0	0	0	0	24751	0	0	0	0	0	0	0	0	247914	0	0	0	0	0	0	0	0	0.000221	0.0	0.0	0.0	5.5e-5	0.0	0.0	0.0	0.0	0.802455	0.0	0.0	0.0	0.197545	0.0	0.0	0.0	0.0	
483	1583373	5047.86831702	1923.8	1923.8	0.006553	0.0	1583223	0	0	0	146	0	0	0	0	0.0	0.0	0.0	0.0	0.008726	0.0	0.0	0.0	0.0	344.625	0.0	0.0	0.0	4624.61	0.0	0.0	0.0	0.0	0.000218	0.0	0.0	0.0	31.6754	0.0	0.0	0.0	0.0	81	0	0	0	36	0	0	0	0	158094	0	0	0	16	0	0	0	0	951695	0	0	0	94	0	0	0	0	200687	0	0	0	0	0	0	0	0	24751	0	0	0	0	0	0	0	0	247915	0	0	0	0	0	0	0	0	0.000208	0.0	0.0	0.0	4.9e-5	0.0	0.0	0.0	0.0	0.809227	0.0	0.0	0.0	0.190773	0.0	0.0	0.0	0.0	
484	1583375	5057.42988466	1923.8	1923.8	0.006084	0.0	1583224	0	0	0	147	0	0	0	0	0.0	0.0	0.0	0.0	0.007854	0.0	0.0	0.0	0.0	344.626	0.0	0.0	0.0	4634.17	0.0	0.0	0.0	0.0	0.000218	0.0	0.0	0.0	31.525	0.0	0.0	0.0	0.0	81	0	0	0	36	0	0	0	0	158094	0	0	0	16	0	0	0	0	951695	0	0	0	95	0	0	0	0	200687	0	0	0	0	0	0	0	0	24751	0	0	0	0	0	0	0	0	247916	0	0	0	0	0	0	0	0	0.000195	0.0	0.0	0.0	4.4e-5	0.0	0.0	0.0	0.0	0.814488	0.0	0.0	0.0	0.185512	0.0	0.0	0.0	0.0	
485	1583379	5068.639615219	1923.8	1923.8	0.005973	0.0	1583227	0	0	0	148	0	0	0	0	0.0	0.0	0.0	0.0	0.007068	0.0	0.0	0.0	0.0	344.627	0.0	0.0	0.0	4645.38	0.0	0.0	0.0	0.0	0.000218	0.0	0.0	0.0	31.3877	0.0	0.0	0.0	0.0	81	0	0	0	36	0	0	0	0	158094	0	0	0	16	0	0	0	0	951695	0	0	0	96	0	0	0	0	200688	0	0	0	0	0	0	0	0	24751	0	0	0	0	0	0	0	0	247918	0	0	0	0	0	0	0	0	0.000161	0.0	0.0	0.0	4.0e-5	0.0	0.0	0.0	0.0	0.799912	0.0	0.0	0.0	0.200088	0.0	0.0	0.0	0.0	
486	1583382	5087.663954978	1923.8	1923.8	0.005846	0.0	1583229	0	0	0	149	0	0	0	0	0.0	0.0	0.0	0.0	0.006362	0.0	0.0	0.0	0.0	344.627	0.0	0.0	0.0	4664.4	0.0	0.0	0.0	0.0	0.000218	0.0	0.0	0.0	31.3047	0.0	0.0	0.0	0.0	81	0	0	0	36	0	0	0	0	158094	0	0	0	16	0	0	0	0	951695	0	0	0	97	0	0	0	0	200688	0	0	0	0	0	0	0	0	24751	0	0	0	0	0	0	0	0	247920	0	0	0	0	0	0	0	0	0.000141	0.0	0.0	0.0	3.6e-5	0.0	0.0	0.0	0.0	0.795297	0.0	0.0	0.0	0.204703	0.0	0.0	0.0	0.0	
487	1583403	5097.83091911	1923.8	1923.8	0.005636	0.0	1583249	0	0	0	150	0	0	0	0	0.0	0.0	0.0	0.0	0.005725	0.0	0.0	0.0	0.0	344.631	0.0	0.0	0.0	4674.57	0.0	0.0	0.0	0.0	0.000218	0.0	0.0	0.0	31.1638	0.0	0.0	0.0	0.0	81	0	0	0	36	0	0	0	0	158094	0	0	0	16	0	0	0	0	951699	0	0	0	98	0	0	0	0	200692	0	0	0	0	0	0	0	0	24751	0	0	0	0	0	0	0	0	247932	0	0	0	0	0	0	0	0	0.000392	0.0	0.0	0.0	3.3e-5	0.0	0.0	0.0	0.0	0.922581	0.0	0.0	0.0	0.077419	0.0	0.0	0.0	0.0	
488	1583418	5117.131216162	1923.8	1923.8	0.005527	0.0	1583263	0	0	0	151	0	0	0	0	0.0	0.0	0.0	0.0	0.005153	0.0	0.0	0.0	0.0	344.633	0.0	0.0	0.0	4693.86	0.0	0.0	0.0	0.0	0.000218	0.0	0.0	0.0	31.0852	0.0	0.0	0.0	0.0	81	0	0	0	36	0	0	0	0	158094	0	0	0	16	0	0	0	0	951699	0	0	0	99	0	0	0	0	200693	0	0	0	0	0	0	0	0	24751	0	0	0	0	0	0	0	0	247945	0	0	0	0	0	0	0	0	0.000174	0.0	0.0	0.0	3.0e-5	0.0	0.0	0.0	0.0	0.85435	0.0	0.0	0.0	0.14565	0.0	0.0	0.0	0.0	
489	1583419	5127.512085467	1923.8	1923.8	0.005325	0.0	1583263	0	0	0	152	0	0	0	0	0.0	0.0	0.0	0.0	0.004638	0.0	0.0	0.0	0.0	344.633	0.0	0.0	0.0	4704.24	0.0	0.0	0.0	0.0	0.000218	0.0	0.0	0.0	30.949	0.0	0.0	0.0	0.0	81	0	0	0	36	0	0	0	0	158094	0	0	0	16	0	0	0	0	951699	0	0	0	100	0	0	0	0	200693	0	0	0	0	0	0	0	0	24751	0	0	0	0	0	0	0	0	247945	0	0	0	0	0	0	0	0	0.000174	0.0	0.0	0.0	2.7e-5	0.0	0.0	0.0	0.0	0.866216	0.0	0.0	0.0	0.133784	0.0	0.0	0.0	0.0	
490	1583422	5142.614723144	1923.8	1923.8	0.00522	0.0	1583265	0	0	0	153	0	0	0	0	0.0	0.0	0.0	0.0	0.004174	0.0	0.0	0.0	0.0	344.634	0.0	0.0	0.0	4719.35	0.0	0.0	0.0	0.0	0.000218	0.0	0.0	0.0	30.8454	0.0	0.0	0.0	0.0	81	0	0	0	36	0	0	0	0	158094	0	0	0	16	0	0	0	0	951699	0	0	0	101	0	0	0	0	200694	0	0	0	0	0	0	0	0	24751	0	0	0	0	0	0	0	0	247946	0	0	0	0	0	0	0	0	0.000155	0.0	0.0	0.0	2.4e-5	0.0	0.0	0.0	0.0	0.863989	0.0	0.0	0.0	0.136011	0.0	0.0	0.0	0.0	
491	1583424	5185.422005788	1923.8	1923.8	0.005071	0.0	1583266	0	0	0	154	0	0	0	0	0.0	0.0	0.0	0.0	0.003756	0.0	0.0	0.0	0.0	344.634	0.0	0.0	0.0	4762.15	0.0	0.0	0.0	0.0	0.000218	0.0	0.0	0.0	30.9231	0.0	0.0	0.0	0.0	81	0	0	0	36	0	0	0	0	158094	0	0	0	16	0	0	0	0	951699	0	0	0	102	0	0	0	0	200694	0	0	0	0	0	0	0	0	24751	0	0	0	0	0	0	0	0	247947	0	0	0	0	0	0	0	0	0.000146	0.0	0.0	0.0	2.2e-5	0.0	0.0	0.0	0.0	0.869704	0.0	0.0	0.0	0.130296	0.0	0.0	0.0	0.0	
492	1583457	5200.618020562	1923.8	1923.8	0.00467	0.0	1583298	0	0	0	155	0	0	0	0	0.0	0.0	0.0	0.0	0.003381	0.0	0.0	0.0	0.0	344.65	0.0	0.0	0.0	4777.33	0.0	0.0	0.0	0.0	0.000218	0.0	0.0	0.0	30.8215	0.0	0.0	0.0	0.0	81	0	0	0	36	0	0	0	0	158094	0	0	0	16	0	0	0	0	951702	0	0	0	103	0	0	0	0	200696	0	0	0	0	0	0	0	0	24753	0	0	0	0	0	0	0	0	247972	0	0	0	0	0	0	0	0	0.000178	0.0	0.0	0.0	2.0e-5	0.0	0.0	0.0	0.0	0.899973	0.0	0.0	0.0	0.100027	0.0	0.0	0.0	0.0	
493	1583461	5208.636320357	1923.8	1923.8	0.004535	0.0	1583301	0	0	0	156	0	0	0	0	0.0	0.0	0.0	0.0	0.003043	0.0	0.0	0.0	0.0	344.65	0.0	0.0	0.0	4785.35	0.0	0.0	0.0	0.0	0.000218	0.0	0.0	0.0	30.6753	0.0	0.0	0.0	0.0	81	0	0	0	36	0	0	0	0	158094	0	0	0	16	0	0	0	0	951702	0	0	0	104	0	0	0	0	200696	0	0	0	0	0	0	0	0	24753	0	0	0	0	0	0	0	0	247975	0	0	0	0	0	0	0	0	0.00015	0.0	0.0	0.0	1.8e-5	0.0	0.0	0.0	0.0	0.893082	0.0	0.0	0.0	0.106918	0.0	0.0	0.0	0.0	
494	1583462	5217.804957562	1923.8	1923.8	0.004466	0.0	1583301	0	0	0	157	0	0	0	0	0.0	0.0	0.0	0.0	0.002738	0.0	0.0	0.0	0.0	344.65	0.0	0.0	0.0	4794.52	0.0	0.0	0.0	0.0	0.000218	0.0	0.0	0.0	30.5383	0.0	0.0	0.0	0.0	81	0	0	0	36	0	0	0	0	158094	0	0	0	16	0	0	0	0	951702	0	0	0	105	0	0	0	0	200696	0	0	0	0	0	0	0	0	24753	0	0	0	0	0	0	0	0	247975	0	0	0	0	0	0	0	0	0.00015	0.0	0.0	0.0	1.6e-5	0.0	0.0	0.0	0.0	0.902142	0.0	0.0	0.0	0.097858	0.0	0.0	0.0	0.0	
495	1583531	5226.707176536	1923.8	1923.8	0.004388	0.0	1583369	0	0	0	158	0	0	0	0	0.0	0.0	0.0	0.0	0.002465	0.0	0.0	0.0	0.0	344.662	0.0	0.0	0.0	4803.41	0.0	0.0	0.0	0.0	0.000218	0.0	0.0	0.0	30.4013	0.0	0.0	0.0	0.0	81	0	0	0	36	0	0	0	0	158094	0	0	0	16	0	0	0	0	951716	0	0	0	106	0	0	0	0	200711	0	0	0	0	0	0	0	0	24753	0	0	0	0	0	0	0	0	248014	0	0	0	0	0	0	0	0	0.00031	0.0	0.0	0.0	1.5e-5	0.0	0.0	0.0	0.0	0.954706	0.0	0.0	0.0	0.045294	0.0	0.0	0.0	0.0	
496	1583532	5248.307031961	1923.8	1923.8	0.004314	0.0	1583369	0	0	0	159	0	0	0	0	0.0	0.0	0.0	0.0	0.002218	0.0	0.0	0.0	0.0	344.662	0.0	0.0	0.0	4825.01	0.0	0.0	0.0	0.0	0.000218	0.0	0.0	0.0	30.346	0.0	0.0	0.0	0.0	81	0	0	0	36	0	0	0	0	158094	0	0	0	16	0	0	0	0	951716	0	0	0	107	0	0	0	0	200711	0	0	0	0	0	0	0	0	24753	0	0	0	0	0	0	0	0	248014	0	0	0	0	0	0	0	0	0.00031	0.0	0.0	0.0	1.3e-5	0.0	0.0	0.0	0.0	0.958943	0.0	0.0	0.0	0.041057	0.0	0.0	0.0	0.0	
497	1583538	5259.370435873	1923.8	1923.8	0.004138	0.0	1583374	0	0	0	160	0	0	0	0	0.0	0.0	0.0	0.0	0.001996	0.0	0.0	0.0	0.0	344.663	0.0	0.0	0.0	4836.07	0.0	0.0	0.0	0.0	0.000218	0.0	0.0	0.0	30.2255	0.0	0.0	0.0	0.0	81	0	0	0	36	0	0	0	0	158094	0	0	0	16	0	0	0	0	951718	0	0	0	108	0	0	0	0	200711	0	0	0	0	0	0	0	0	24753	0	0	0	0	0	0	0	0	248017	0	0	0	0	0	0	0	0	0.000506	0.0	0.0	0.0	1.2e-5	0.0	0.0	0.0	0.0	0.976827	0.0	0.0	0.0	0.023173	0.0	0.0	0.0	0.0	
498	1583545	5270.70231315	1923.8	1923.8	0.004051	0.0	1583380	0	0	0	161	0	0	0	0	0.0	0.0	0.0	0.0	0.001797	0.0	0.0	0.0	0.0	344.664	0.0	0.0	0.0	4847.4	0.0	0.0	0.0	0.0	0.000218	0.0	0.0	0.0	30.1081	0.0	0.0	0.0	0.0	81	0	0	0	36	0	0	0	0	158094	0	0	0	16	0	0	0	0	951719	0	0	0	109	0	0	0	0	200711	0	0	0	0	0	0	0	0	24753	0	0	0	0	0	0	0	0	248022	0	0	0	0	0	0	0	0	0.000521	0.0	0.0	0.0	1.1e-5	0.0	0.0	0.0	0.0	0.979564	0.0	0.0	0.0	0.020436	0.0	0.0	0.0	0.0	
499	1583628	5273.408217314	1923.8	1923.8	0.003963	0.0	1583462	0	0	0	162	0	0	0	0	0.0	0.0	0.0	0.0	0.001617	0.0	0.0	0.0	0.0	344.689	0.0	0.0	0.0	4850.08	0.0	0.0	0.0	0.0	0.000218	0.0	0.0	0.0	29.9388	0.0	0.0	0.0	0.0	81	0	0	0	36	0	0	0	0	158094	0	0	0	16	0	0	0	0	951737	0	0	0	110	0	0	0	0	200728	0	0	0	0	0	0	0	0	24755	0	0	0	0	0	0	0	0	248067	0	0	0	0	0	0	0	0	0.000968	0.0	0.0	0.0	1.0e-5	0.0	0.0	0.0	0.0	0.989901	0.0	0.0	0.0	0.010099	0.0	0.0	0.0	0.0	
500	1583696	5281.93623354	1923.8	1923.8	0.003943	0.0	1583529	0	0	0	163	0	0	0	0	0.0	0.0	0.0	0.0	0.001455	0.0	0.0	0.0	0.0	344.706	0.0	0.0	0.0	4858.6	0.0	0.0	0.0	0.0	0.000218	0.0	0.0	0.0	29.8073	0.0	0.0	0.0	0.0	81	0	0	0	36	0	0	0	0	158094	0	0	0	16	0	0	0	0	951748	0	0	0	111	0	0	0	0	200747	0	0	0	0	0	0	0	0	24758	0	0	0	0	0	0	0	0	248101	0	0	0	0	0	0	0	0	0.000416	0.0	0.0	0.0	9.0e-6	0.0	0.0	0.0	0.0	0.978939	0.0	0.0	0.0	0.021061	0.0	0.0	0.0	0.0	
501	1583768	5289.484484256	1923.8	1923.8	0.003879	0.0	1583600	0	0	0	164	0	0	0	0	0.0	0.0	0.0	0.0	0.00131	0.0	0.0	0.0	0.0	344.719	0.0	0.0	0.0	4866.13	0.0	0.0	0.0	0.0	0.000218	0.0	0.0	0.0	29.6715	0.0	0.0	0.0	0.0	81	0	0	0	36	0	0	0	0	158094	0	0	0	16	0	0	0	0	951759	0	0	0	112	0	0	0	0	200768	0	0	0	0	0	0	0	0	24759	0	0	0	0	0	0	0	0	248139	0	0	0	0	0	0	0	0	0.00026	0.0	0.0	0.0	8.0e-6	0.0	0.0	0.0	0.0	0.969728	0.0	0.0	0.0	0.030272	0.0	0.0	0.0	0.0	
502	1583799	5312.190372912	1923.8	1923.8	0.003823	0.0	1583630	0	0	0	165	0	0	0	0	0.0	0.0	0.0	0.0	0.001179	0.0	0.0	0.0	0.0	344.731	0.0	0.0	0.0	4888.82	0.0	0.0	0.0	0.0	0.000218	0.0	0.0	0.0	29.6292	0.0	0.0	0.0	0.0	81	0	0	0	36	0	0	0	0	158094	0	0	0	16	0	0	0	0	951760	0	0	0	113	0	0	0	0	200772	0	0	0	0	0	0	0	0	24761	0	0	0	0	0	0	0	0	248162	0	0	0	0	0	0	0	0	8.6e-5	0.0	0.0	0.0	7.0e-6	0.0	0.0	0.0	0.0	0.921352	0.0	0.0	0.0	0.078648	0.0	0.0	0.0	0.0	
503	1583803	5359.229480539	1923.8	1923.8	0.00366	0.0	1583633	0	0	0	166	0	0	0	0	0.0	0.0	0.0	0.0	0.001061	0.0	0.0	0.0	0.0	344.732	0.0	0.0	0.0	4935.86	0.0	0.0	0.0	0.0	0.000218	0.0	0.0	0.0	29.7341	0.0	0.0	0.0	0.0	81	0	0	0	36	0	0	0	0	158094	0	0	0	16	0	0	0	0	951761	0	0	0	114	0	0	0	0	200772	0	0	0	0	0	0	0	0	24761	0	0	0	0	0	0	0	0	248164	0	0	0	0	0	0	0	0	0.000225	0.0	0.0	0.0	7.0e-6	0.0	0.0	0.0	0.0	0.971723	0.0	0.0	0.0	0.028277	0.0	0.0	0.0	0.0	
504	1583917	5412.598722064	1923.8	1923.8	0.003343	0.0	1583746	0	0	0	167	0	0	0	0	0.0	0.0	0.0	0.0	0.000955	0.0	0.0	0.0	0.0	344.76	0.0	0.0	0.0	4989.2	0.0	0.0	0.0	0.0	0.000218	0.0	0.0	0.0	29.8755	0.0	0.0	0.0	0.0	81	0	0	0	36	0	0	0	0	158094	0	0	0	16	0	0	0	0	951785	0	0	0	115	0	0	0	0	200795	0	0	0	0	0	0	0	0	24765	0	0	0	0	0	0	0	0	248226	0	0	0	0	0	0	0	0	0.000583	0.0	0.0	0.0	6.0e-6	0.0	0.0	0.0	0.0	0.99007	0.0	0.0	0.0	0.00993	0.0	0.0	0.0	0.0	
505	1583963	5592.716183386	1923.8	1923.8	0.003017	0.0	1583791	0	0	0	168	0	0	0	0	0.0	0.0	0.0	0.0	0.000859	0.0	0.0	0.0	0.0	344.768	0.0	0.0	0.0	5169.31	0.0	0.0	0.0	0.0	0.000218	0.0	0.0	0.0	30.7697	0.0	0.0	0.0	0.0	81	0	0	0	36	0	0	0	0	158094	0	0	0	16	0	0	0	0	951796	0	0	0	115	0	0	0	0	200803	0	0	0	1	0	0	0	0	24767	0	0	0	0	0	0	0	0	248250	0	0	0	0	0	0	0	0	0.000719	0.0	0.0	0.0	5.0e-6	0.0	0.0	0.0	0.0	0.993049	0.0	0.0	0.0	0.006951	0.0	0.0	0.0	0.0	
506	1583992	5643.707295732	1923.8	1923.8	0.002134	0.0	1583819	0	0	0	169	0	0	0	0	0.0	0.0	0.0	0.0	0.000773	0.0	0.0	0.0	0.0	344.774	0.0	0.0	0.0	5220.3	0.0	0.0	0.0	0.0	0.000218	0.0	0.0	0.0	30.8893	0.0	0.0	0.0	0.0	81	0	0	0	36	0	0	0	0	158094	0	0	0	16	0	0	0	0	951806	0	0	0	116	0	0	0	0	200809	0	0	0	1	0	0	0	0	24767	0	0	0	0	0	0	0	0	248262	0	0	0	0	0	0	0	0	0.000963	0.0	0.0	0.0	5.0e-6	0.0	0.0	0.0	0.0	0.995344	0.0	0.0	0.0	0.004656	0.0	0.0	0.0	0.0	
507	1584068	5650.127733302	1923.8	1923.8	0.001934	0.0	1583894	0	0	0	170	0	0	0	0	0.0	0.0	0.0	0.0	0.000696	0.0	0.0	0.0	0.0	344.787	0.0	0.0	0.0	5226.71	0.0	0.0	0.0	0.0	0.000218	0.0	0.0	0.0	30.7453	0.0	0.0	0.0	0.0	81	0	0	0	36	0	0	0	0	158094	0	0	0	16	0	0	0	0	951812	0	0	0	117	0	0	0	0	200829	0	0	0	1	0	0	0	0	24768	0	0	0	0	0	0	0	0	248310	0	0	0	0	0	0	0	0	0.000247	0.0	0.0	0.0	4.0e-6	0.0	0.0	0.0	0.0	0.983747	0.0	0.0	0.0	0.016253	0.0	0.0	0.0	0.0	
508	1584078	5656.864364585	1923.8	1923.8	0.001911	0.0	1583903	0	0	0	171	0	0	0	0	0.0	0.0	0.0	0.0	0.000626	0.0	0.0	0.0	0.0	344.789	0.0	0.0	0.0	5233.44	0.0	0.0	0.0	0.0	0.000218	0.0	0.0	0.0	30.6049	0.0	0.0	0.0	0.0	81	0	0	0	36	0	0	0	0	158094	0	0	0	16	0	0	0	0	951813	0	0	0	118	0	0	0	0	200831	0	0	0	1	0	0	0	0	24768	0	0	0	0	0	0	0	0	248316	0	0	0	0	0	0	0	0	0.000314	0.0	0.0	0.0	4.0e-6	0.0	0.0	0.0	0.0	0.988347	0.0	0.0	0.0	0.011652	0.0	0.0	0.0	0.0	
509	1584380	5684.018031314	1923.8	1923.8	0.001886	0.0	1584204	0	0	0	172	0	0	0	0	0.0	0.0	0.0	0.0	0.000564	0.0	0.0	0.0	0.0	344.851	0.0	0.0	0.0	5260.53	0.0	0.0	0.0	0.0	0.000218	0.0	0.0	0.0	30.5845	0.0	0.0	0.0	0.0	81	0	0	0	36	0	0	0	0	158094	0	0	0	16	0	0	0	0	951867	0	0	0	119	0	0	0	0	200888	0	0	0	1	0	0	0	0	24778	0	0	0	0	0	0	0	0	248496	0	0	0	0	0	0	0	0	0.000369	0.0	0.0	0.0	3.0e-6	0.0	0.0	0.0	0.0	0.991036	0.0	0.0	0.0	0.008964	0.0	0.0	0.0	0.0	
510	1584411	5689.726030141	1923.8	1923.8	0.00179	0.0	1584234	0	0	0	173	0	0	0	0	0.0	0.0	0.0	0.0	0.000507	0.0	0.0	0.0	0.0	344.857	0.0	0.0	0.0	5266.23	0.0	0.0	0.0	0.0	0.000218	0.0	0.0	0.0	30.4407	0.0	0.0	0.0	0.0	81	0	0	0	36	0	0	0	0	158094	0	0	0	16	0	0	0	0	951871	0	0	0	120	0	0	0	0	200895	0	0	0	1	0	0	0	0	24779	0	0	0	0	0	0	0	0	248514	0	0	0	0	0	0	0	0	0.000544	0.0	0.0	0.0	3.0e-6	0.0	0.0	0.0	0.0	0.994473	0.0	0.0	0.0	0.005527	0.0	0.0	0.0	0.0	
511	1584428	5713.318564955	1923.8	1923.8	0.001771	0.0	1584250	0	0	0	174	0	0	0	0	0.0	0.0	0.0	0.0	0.000457	0.0	0.0	0.0	0.0	344.86	0.0	0.0	0.0	5289.82	0.0	0.0	0.0	0.0	0.000218	0.0	0.0	0.0	30.4013	0.0	0.0	0.0	0.0	81	0	0	0	36	0	0	0	0	158094	0	0	0	16	0	0	0	0	951874	0	0	0	121	0	0	0	0	200898	0	0	0	1	0	0	0	0	24779	0	0	0	0	0	0	0	0	248524	0	0	0	0	0	0	0	0	0.000548	0.0	0.0	0.0	3.0e-6	0.0	0.0	0.0	0.0	0.995053	0.0	0.0	0.0	0.004947	0.0	0.0	0.0	0.0	
512	1584838	5727.334311078	1923.8	1923.8	0.001692	0.0	1584659	0	0	0	175	0	0	0	0	0.0	0.0	0.0	0.0	0.000411	0.0	0.0	0.0	0.0	344.947	0.0	0.0	0.0	5303.75	0.0	0.0	0.0	0.0	0.000218	0.0	0.0	0.0	30.3072	0.0	0.0	0.0	0.0	81	0	0	0	36	0	0	0	0	158094	0	0	0	16	0	0	0	0	951968	0	0	0	122	0	0	0	0	200968	0	0	0	1	0	0	0	0	24787	0	0	0	0	0	0	0	0	248761	0	0	0	0	0	0	0	0	0.000835	0.0	0.0	0.0	2.0e-6	0.0	0.0	0.0	0.0	0.99706	0.0	0.0	0.0	0.00294	0.0	0.0	0.0	0.0	
513	1584887	5733.379450539	1923.8	1923.8	0.001647	0.0	1584707	0	0	0	176	0	0	0	0	0.0	0.0	0.0	0.0	0.00037	0.0	0.0	0.0	0.0	344.956	0.0	0.0	0.0	5309.79	0.0	0.0	0.0	0.0	0.000218	0.0	0.0	0.0	30.1693	0.0	0.0	0.0	0.0	81	0	0	0	36	0	0	0	0	158094	0	0	0	16	0	0	0	0	951976	0	0	0	123	0	0	0	0	200982	0	0	0	1	0	0	0	0	24790	0	0	0	0	0	0	0	0	248784	0	0	0	0	0	0	0	0	0.000451	0.0	0.0	0.0	2.0e-6	0.0	0.0	0.0	0.0	0.995074	0.0	0.0	0.0	0.004926	0.0	0.0	0.0	0.0	
514	1585583	5750.867541866	1923.8	1923.8	0.001628	0.0	1585402	0	0	0	177	0	0	0	0	0.0	0.0	0.0	0.0	0.000333	0.0	0.0	0.0	0.0	345.09	0.0	0.0	0.0	5327.14	0.0	0.0	0.0	0.0	0.000218	0.0	0.0	0.0	30.0968	0.0	0.0	0.0	0.0	81	0	0	0	36	0	0	0	0	158094	0	0	0	16	0	0	0	0	952121	0	0	0	124	0	0	0	0	201134	0	0	0	1	0	0	0	0	24808	0	0	0	0	0	0	0	0	249164	0	0	0	0	0	0	0	0	0.000754	0.0	0.0	0.0	2.0e-6	0.0	0.0	0.0	0.0	0.997333	0.0	0.0	0.0	0.002667	0.0	0.0	0.0	0.0	
515	1585724	5759.778101181	1923.8	1923.8	0.001574	0.0	1585542	0	0	0	178	0	0	0	0	0.0	0.0	0.0	0.0	0.0003	0.0	0.0	0.0	0.0	345.126	0.0	0.0	0.0	5336.02	0.0	0.0	0.0	0.0	0.000218	0.0	0.0	0.0	29.9776	0.0	0.0	0.0	0.0	81	0	0	0	36	0	0	0	0	158094	0	0	0	16	0	0	0	0	952147	0	0	0	125	0	0	0	0	201161	0	0	0	1	0	0	0	0	24813	0	0	0	0	0	0	0	0	249246	0	0	0	0	0	0	0	0	0.00057	0.0	0.0	0.0	2.0e-6	0.0	0.0	0.0	0.0	0.99681	0.0	0.0	0.0	0.00319	0.0	0.0	0.0	0.0	
516	1586377	5787.03677589	1923.8	1923.8	0.001547	0.0	1586194	0	0	0	179	0	0	0	0	0.0	0.0	0.0	0.0	0.00027	0.0	0.0	0.0	0.0	345.256	0.0	0.0	0.0	5363.14	0.0	0.0	0.0	0.0	0.000218	0.0	0.0	0.0	29.9617	0.0	0.0	0.0	0.0	81	0	0	0	36	0	0	0	0	158094	0	0	0	16	0	0	0	0	952284	0	0	0	126	0	0	0	0	201304	0	0	0	1	0	0	0	0	24821	0	0	0	0	0	0	0	0	249610	0	0	0	0	0	0	0	0	0.000749	0.0	0.0	0.0	2.0e-6	0.0	0.0	0.0	0.0	0.997808	0.0	0.0	0.0	0.002192	0.0	0.0	0.0	0.0	
517	1586627	5812.118210792	1923.8	1923.8	0.001468	0.0	1586443	0	0	0	180	0	0	0	0	0.0	0.0	0.0	0.0	0.000243	0.0	0.0	0.0	0.0	345.312	0.0	0.0	0.0	5388.17	0.0	0.0	0.0	0.0	0.000218	0.0	0.0	0.0	29.9343	0.0	0.0	0.0	0.0	81	0	0	0	36	0	0	0	0	158094	0	0	0	16	0	0	0	0	952331	0	0	0	127	0	0	0	0	201365	0	0	0	1	0	0	0	0	24831	0	0	0	0	0	0	0	0	249741	0	0	0	0	0	0	0	0	0.000669	0.0	0.0	0.0	1.0e-6	0.0	0.0	0.0	0.0	0.99779	0.0	0.0	0.0	0.00221	0.0	0.0	0.0	0.0	
518	1587511	5834.080811481	1923.8	1923.8	0.001399	0.0	1587326	0	0	0	181	0	0	0	0	0.0	0.0	0.0	0.0	0.000218	0.0	0.0	0.0	0.0	345.492	0.0	0.0	0.0	5409.95	0.0	0.0	0.0	0.0	0.000218	0.0	0.0	0.0	29.8892	0.0	0.0	0.0	0.0	81	0	0	0	36	0	0	0	0	158094	0	0	0	16	0	0	0	0	952510	0	0	0	128	0	0	0	0	201572	0	0	0	1	0	0	0	0	24848	0	0	0	0	0	0	0	0	250221	0	0	0	0	0	0	0	0	0.000633	0.0	0.0	0.0	1.0e-6	0.0	0.0	0.0	0.0	0.997894	0.0	0.0	0.0	0.002106	0.0	0.0	0.0	0.0	
519	1587552	5852.144219332	1923.8	1923.8	0.001341	0.0	1587366	0	0	0	182	0	0	0	0	0.0	0.0	0.0	0.0	0.000197	0.0	0.0	0.0	0.0	345.499	0.0	0.0	0.0	5428.01	0.0	0.0	0.0	0.0	0.000218	0.0	0.0	0.0	29.8242	0.0	0.0	0.0	0.0	81	0	0	0	36	0	0	0	0	158094	0	0	0	16	0	0	0	0	952523	0	0	0	129	0	0	0	0	201578	0	0	0	1	0	0	0	0	24849	0	0	0	0	0	0	0	0	250241	0	0	0	0	0	0	0	0	0.000829	0.0	0.0	0.0	1.0e-6	0.0	0.0	0.0	0.0	0.998546	0.0	0.0	0.0	0.001454	0.0	0.0	0.0	0.0	
520	1587752	5861.048010739	1923.8	1923.8	0.001296	0.0	1587565	0	0	0	183	0	0	0	0	0.0	0.0	0.0	0.0	0.000177	0.0	0.0	0.0	0.0	345.545	0.0	0.0	0.0	5436.87	0.0	0.0	0.0	0.0	0.000218	0.0	0.0	0.0	29.7096	0.0	0.0	0.0	0.0	81	0	0	0	36	0	0	0	0	158094	0	0	0	16	0	0	0	0	952560	0	0	0	130	0	0	0	0	201636	0	0	0	1	0	0	0	0	24850	0	0	0	0	0	0	0	0	250344	0	0	0	0	0	0	0	0	0.000444	0.0	0.0	0.0	1.0e-6	0.0	0.0	0.0	0.0	0.997544	0.0	0.0	0.0	0.002456	0.0	0.0	0.0	0.0	
521	1588322	5880.374788864	1923.8	1923.8	0.001273	0.0	1588134	0	0	0	184	0	0	0	0	0.0	0.0	0.0	0.0	0.000159	0.0	0.0	0.0	0.0	345.654	0.0	0.0	0.0	5456.08	0.0	0.0	0.0	0.0	0.000218	0.0	0.0	0.0	29.6526	0.0	0.0	0.0	0.0	81	0	0	0	36	0	0	0	0	158094	0	0	0	16	0	0	0	0	952676	0	0	0	131	0	0	0	0	201753	0	0	0	1	0	0	0	0	24862	0	0	0	0	0	0	0	0	250668	0	0	0	0	0	0	0	0	0.000753	0.0	0.0	0.0	1.0e-6	0.0	0.0	0.0	0.0	0.998691	0.0	0.0	0.0	0.001309	0.0	0.0	0.0	0.0	
522	1589019	5887.226998814	1923.8	1923.8	0.001227	0.0	1588830	0	0	0	185	0	0	0	0	0.0	0.0	0.0	0.0	0.000143	0.0	0.0	0.0	0.0	345.793	0.0	0.0	0.0	5462.8	0.0	0.0	0.0	0.0	0.000218	0.0	0.0	0.0	29.5286	0.0	0.0	0.0	0.0	81	0	0	0	36	0	0	0	0	158094	0	0	0	16	0	0	0	0	952791	0	0	0	132	0	0	0	0	201905	0	0	0	1	0	0	0	0	24875	0	0	0	0	0	0	0	0	251084	0	0	0	0	0	0	0	0	0.000992	0.0	0.0	0.0	1.0e-6	0.0	0.0	0.0	0.0	0.999101	0.0	0.0	0.0	0.000899	0.0	0.0	0.0	0.0	
523	1589824	5890.612401294	1923.8	1923.8	0.001211	0.0	1589634	0	0	0	186	0	0	0	0	0.0	0.0	0.0	0.0	0.000129	0.0	0.0	0.0	0.0	345.963	0.0	0.0	0.0	5466.01	0.0	0.0	0.0	0.0	0.000218	0.0	0.0	0.0	29.3872	0.0	0.0	0.0	0.0	81	0	0	0	36	0	0	0	0	158094	0	0	0	16	0	0	0	0	952944	0	0	0	133	0	0	0	0	202069	0	0	0	1	0	0	0	0	24897	0	0	0	0	0	0	0	0	251549	0	0	0	0	0	0	0	0	0.000267	0.0	0.0	0.0	1.0e-6	0.0	0.0	0.0	0.0	0.996978	0.0	0.0	0.0	0.003022	0.0	0.0	0.0	0.0	
524	1592579	5902.761411122	1923.8	1923.8	0.001202	0.0	1592388	0	0	0	187	0	0	0	0	0.0	0.0	0.0	0.0	0.000116	0.0	0.0	0.0	0.0	346.494	0.0	0.0	0.0	5477.63	0.0	0.0	0.0	0.0	0.000218	0.0	0.0	0.0	29.2921	0.0	0.0	0.0	0.0	81	0	0	0	36	0	0	0	0	158094	0	0	0	16	0	0	0	0	953445	0	0	0	134	0	0	0	0	202711	0	0	0	1	0	0	0	0	24989	0	0	0	0	0	0	0	0	253068	0	0	0	0	0	0	0	0	0.000618	0.0	0.0	0.0	1.0e-6	0.0	0.0	0.0	0.0	0.998816	0.0	0.0	0.0	0.001184	0.0	0.0	0.0	0.0	
525	1593408	5911.96808683	1923.8	1923.8	0.001175	0.0	1593216	0	0	0	188	0	0	0	0	0.0	0.0	0.0	0.0	0.000104	0.0	0.0	0.0	0.0	346.655	0.0	0.0	0.0	5486.67	0.0	0.0	0.0	0.0	0.000218	0.0	0.0	0.0	29.1844	0.0	0.0	0.0	0.0	81	0	0	0	36	0	0	0	0	158094	0	0	0	16	0	0	0	0	953600	0	0	0	135	0	0	0	0	202892	0	0	0	1	0	0	0	0	25009	0	0	0	0	0	0	0	0	253540	0	0	0	0	0	0	0	0	0.000614	0.0	0.0	0.0	1.0e-6	0.0	0.0	0.0	0.0	0.998921	0.0	0.0	0.0	0.001079	0.0	0.0	0.0	0.0	
526	1595828	6092.543978206	1923.8	1923.8	0.001154	0.0	1595635	0	0	0	189	0	0	0	0	0.0	0.0	0.0	0.0	9.4e-5	0.0	0.0	0.0	0.0	347.118	0.0	0.0	0.0	5666.79	0.0	0.0	0.0	0.0	0.000218	0.0	0.0	0.0	29.983	0.0	0.0	0.0	0.0	81	0	0	0	36	0	0	0	0	158094	0	0	0	16	0	0	0	0	954111	0	0	0	136	0	0	0	0	203471	0	0	0	1	0	0	0	0	25065	0	0	0	0	0	0	0	0	254813	0	0	0	0	0	0	0	0	0.000623	0.0	0.0	0.0	1.0e-6	0.0	0.0	0.0	0.0	0.999081	0.0	0.0	0.0	0.000919	0.0	0.0	0.0	0.0	
527	1598995	6115.321987779	1923.8	1923.8	0.000815	0.0	1598801	0	0	0	190	0	0	0	0	0.0	0.0	0.0	0.0	8.5e-5	0.0	0.0	0.0	0.0	347.759	0.0	0.0	0.0	5688.92	0.0	0.0	0.0	0.0	0.000218	0.0	0.0	0.0	29.9417	0.0	0.0	0.0	0.0	81	0	0	0	36	0	0	0	0	158094	0	0	0	16	0	0	0	0	954736	0	0	0	137	0	0	0	0	204240	0	0	0	1	0	0	0	0	25151	0	0	0	0	0	0	0	0	256499	0	0	0	0	0	0	0	0	0.00062	0.0	0.0	0.0	1.0e-6	0.0	0.0	0.0	0.0	0.999167	0.0	0.0	0.0	0.000833	0.0	0.0	0.0	0.0	
528	1600898	6170.381456319	1923.8	1923.8	0.00078	0.0	1600703	0	0	0	191	0	0	0	0	0.0	0.0	0.0	0.0	7.6e-5	0.0	0.0	0.0	0.0	348.152	0.0	0.0	0.0	5743.59	0.0	0.0	0.0	0.0	0.000218	0.0	0.0	0.0	30.0711	0.0	0.0	0.0	0.0	81	0	0	0	36	0	0	0	0	158094	0	0	0	16	0	0	0	0	955178	0	0	0	138	0	0	0	0	204677	0	0	0	1	0	0	0	0	25205	0	0	0	0	0	0	0	0	257468	0	0	0	0	0	0	0	0	0.000456	0.0	0.0	0.0	0.0	0.0	0.0	0.0	0.0	0.998989	0.0	0.0	0.0	0.001011	0.0	0.0	0.0	0.0	
529	1601784	6183.578761921	1923.8	1923.8	0.000702	0.0	1601588	0	0	0	192	0	0	0	0	0.0	0.0	0.0	0.0	6.9e-5	0.0	0.0	0.0	0.0	348.323	0.0	0.0	0.0	5756.61	0.0	0.0	0.0	0.0	0.000217	0.0	0.0	0.0	29.9824	0.0	0.0	0.0	0.0	81	0	0	0	36	0	0	0	0	158094	0	0	0	16	0	0	0	0	955371	0	0	0	139	0	0	0	0	204869	0	0	0	1	0	0	0	0	25228	0	0	0	0	0	0	0	0	257945	0	0	0	0	0	0	0	0	0.00053	0.0	0.0	0.0	0.0	0.0	0.0	0.0	0.0	0.999213	0.0	0.0	0.0	0.000787	0.0	0.0	0.0	0.0	
530	1602849	6187.913609586	1923.8	1923.8	0.000685	0.0	1602652	0	0	0	193	0	0	0	0	0.0	0.0	0.0	0.0	6.2e-5	0.0	0.0	0.0	0.0	348.528	0.0	0.0	0.0	5760.74	0.0	0.0	0.0	0.0	0.000217	0.0	0.0	0.0	29.8484	0.0	0.0	0.0	0.0	81	0	0	0	36	0	0	0	0	158094	0	0	0	16	0	0	0	0	955596	0	0	0	140	0	0	0	0	205088	0	0	0	1	0	0	0	0	25263	0	0	0	0	0	0	0	0	258530	0	0	0	0	0	0	0	0	0.000451	0.0	0.0	0.0	0.0	0.0	0.0	0.0	0.0	0.999162	0.0	0.0	0.0	0.000838	0.0	0.0	0.0	0.0	
531	1604352	6196.111979455	1923.8	1923.8	0.000679	0.0	1604154	0	0	0	194	0	0	0	0	0.0	0.0	0.0	0.0	5.6e-5	0.0	0.0	0.0	0.0	348.821	0.0	0.0	0.0	5768.65	0.0	0.0	0.0	0.0	0.000217	0.0	0.0	0.0	29.7353	0.0	0.0	0.0	0.0	81	0	0	0	36	0	0	0	0	158094	0	0	0	16	0	0	0	0	955939	0	0	0	141	0	0	0	0	205403	0	0	0	1	0	0	0	0	25305	0	0	0	0	0	0	0	0	259332	0	0	0	0	0	0	0	0	0.000235	0.0	0.0	0.0	0.0	0.0	0.0	0.0	0.0	0.998543	0.0	0.0	0.0	0.001457	0.0	0.0	0.0	0.0	
532	1606622	6200.464839981	1923.8	1923.8	0.000668	0.0	1606423	0	0	0	195	0	0	0	0	0.0	0.0	0.0	0.0	5.0e-5	0.0	0.0	0.0	0.0	349.263	0.0	0.0	0.0	5772.56	0.0	0.0	0.0	0.0	0.000217	0.0	0.0	0.0	29.6029	0.0	0.0	0.0	0.0	81	0	0	0	36	0	0	0	0	158094	0	0	0	16	0	0	0	0	956437	0	0	0	142	0	0	0	0	205908	0	0	0	1	0	0	0	0	25348	0	0	0	0	0	0	0	0	260555	0	0	0	0	0	0	0	0	0.001021	0.0	0.0	0.0	0.0	0.0	0.0	0.0	0.0	0.999696	0.0	0.0	0.0	0.000304	0.0	0.0	0.0	0.0	
533	1607249	6204.912421472	1923.8	1923.8	0.000663	0.0	1607049	0	0	0	196	0	0	0	0	0.0	0.0	0.0	0.0	4.5e-5	0.0	0.0	0.0	0.0	349.384	0.0	0.0	0.0	5776.88	0.0	0.0	0.0	0.0	0.000217	0.0	0.0	0.0	29.4739	0.0	0.0	0.0	0.0	81	0	0	0	36	0	0	0	0	158094	0	0	0	16	0	0	0	0	956605	0	0	0	143	0	0	0	0	206030	0	0	0	1	0	0	0	0	25366	0	0	0	0	0	0	0	0	260873	0	0	0	0	0	0	0	0	0.000692	0.0	0.0	0.0	0.0	0.0	0.0	0.0	0.0	0.999594	0.0	0.0	0.0	0.000406	0.0	0.0	0.0	0.0	
534	1609792	6215.233489775	1923.8	1923.8	0.000657	0.0	1609591	0	0	0	197	0	0	0	0	0.0	0.0	0.0	0.0	4.0e-5	0.0	0.0	0.0	0.0	349.89	0.0	0.0	0.0	5786.7	0.0	0.0	0.0	0.0	0.000217	0.0	0.0	0.0	29.3741	0.0	0.0	0.0	0.0	81	0	0	0	36	0	0	0	0	158094	0	0	0	16	0	0	0	0	957229	0	0	0	144	0	0	0	0	206575	0	0	0	1	0	0	0	0	25424	0	0	0	0	0	0	0	0	262188	0	0	0	0	0	0	0	0	0.000707	0.0	0.0	0.0	0.0	0.0	0.0	0.0	0.0	0.99964	0.0	0.0	0.0	0.00036	0.0	0.0	0.0	0.0	
535	1613816	6241.239080041	1923.8	1923.8	0.000644	0.0	1613614	0	0	0	198	0	0	0	0	0.0	0.0	0.0	0.0	3.6e-5	0.0	0.0	0.0	0.0	350.687	0.0	0.0	0.0	5811.9	0.0	0.0	0.0	0.0	0.000217	0.0	0.0	0.0	29.353	0.0	0.0	0.0	0.0	81	0	0	0	36	0	0	0	0	158094	0	0	0	16	0	0	0	0	958214	0	0	0	145	0	0	0	0	207515	0	0	0	1	0	0	0	0	25491	0	0	0	0	0	0	0	0	264219	0	0	0	0	0	0	0	0	0.000794	0.0	0.0	0.0	0.0	0.0	0.0	0.0	0.0	0.999712	0.0	0.0	0.0	0.000288	0.0	0.0	0.0	0.0	
536	1613950	6248.033804818	1923.8	1923.8	0.000613	0.0	1613747	0	0	0	199	0	0	0	0	0.0	0.0	0.0	0.0	3.3e-5	0.0	0.0	0.0	0.0	350.715	0.0	0.0	0.0	5818.67	0.0	0.0	0.0	0.0	0.000217	0.0	0.0	0.0	29.2395	0.0	0.0	0.0	0.0	81	0	0	0	36	0	0	0	0	158094	0	0	0	16	0	0	0	0	958241	0	0	0	146	0	0	0	0	207553	0	0	0	1	0	0	0	0	25495	0	0	0	0	0	0	0	0	264283	0	0	0	0	0	0	0	0	0.000946	0.0	0.0	0.0	0.0	0.0	0.0	0.0	0.0	0.999781	0.0	0.0	0.0	0.000219	0.0	0.0	0.0	0.0	
537	1614211	6254.109925868	1923.8	1923.8	0.000605	0.0	1614007	0	0	0	200	0	0	0	0	0.0	0.0	0.0	0.0	3.0e-5	0.0	0.0	0.0	0.0	350.767	0.0	0.0	0.0	5824.69	0.0	0.0	0.0	0.0	0.000217	0.0	0.0	0.0	29.1235	0.0	0.0	0.0	0.0	81	0	0	0	36	0	0	0	0	158094	0	0	0	16	0	0	0	0	958305	0	0	0	147	0	0	0	0	207618	0	0	0	1	0	0	0	0	25507	0	0	0	0	0	0	0	0	264402	0	0	0	0	0	0	0	0	0.00065	0.0	0.0	0.0	0.0	0.0	0.0	0.0	0.0	0.999711	0.0	0.0	0.0	0.000289	0.0	0.0	0.0	0.0	
538	1619382	6255.110044748	1923.8	1923.8	0.000597	0.0	1619178	0	0	0	200	0	0	0	0	0.0	0.0	0.0	0.0	3.0e-5	0.0	0.0	0.0	0.0	351.765	0.0	0.0	0.0	5824.69	0.0	0.0	0.0	0.0	0.000217	0.0	0.0	0.0	29.1235	0.0	0.0	0.0	0.0	81	0	0	0	36	0	0	0	0	158094	0	0	0	16	0	0	0	0	959491	0	0	0	147	0	0	0	0	208825	0	0	0	1	0	0	0	0	25628	0	0	0	0	0	0	0	0	267059	0	0	0	0	0	0	0	0	0.00057	0.0	0.0	0.0	0.0	0.0	0.0	0.0	0.0	0.999671	0.0	0.0	0.0	0.000329	0.0	0.0	0.0	0.0	
539	1619695	6265.482038963	1923.8	1923.8	0.000597	0.0	1619490	0	0	0	201	0	0	0	0	0.0	0.0	0.0	0.0	2.7e-5	0.0	0.0	0.0	0.0	351.826	0.0	0.0	0.0	5835.0	0.0	0.0	0.0	0.0	0.000217	0.0	0.0	0.0	29.0299	0.0	0.0	0.0	0.0	81	0	0	0	36	0	0	0	0	158094	0	0	0	16	0	0	0	0	959572	0	0	0	148	0	0	0	0	208896	0	0	0	1	0	0	0	0	25633	0	0	0	0	0	0	0	0	267214	0	0	0	0	0	0	0	0	0.000813	0.0	0.0	0.0	0.0	0.0	0.0	0.0	0.0	0.999791	0.0	0.0	0.0	0.000209	0.0	0.0	0.0	0.0	
540	1620927	6338.431904867	1923.8	1923.8	0.000585	0.0	1620721	0	0	0	202	0	0	0	0	0.0	0.0	0.0	0.0	2.4e-5	0.0	0.0	0.0	0.0	352.065	0.0	0.0	0.0	5907.71	0.0	0.0	0.0	0.0	0.000217	0.0	0.0	0.0	29.2461	0.0	0.0	0.0	0.0	81	0	0	0	36	0	0	0	0	158094	0	0	0	16	0	0	0	0	959856	0	0	0	149	0	0	0	0	209182	0	0	0	1	0	0	0	0	25650	0	0	0	0	0	0	0	0	267858	0	0	0	0	0	0	0	0	0.000448	0.0	0.0	0.0	0.0	0.0	0.0	0.0	0.0	0.999663	0.0	0.0	0.0	0.000337	0.0	0.0	0.0	0.0	
541	1625582	6339.432037202	1923.8	1923.8	0.000508	0.0	1625376	0	0	0	202	0	0	0	0	0.0	0.0	0.0	0.0	2.4e-5	0.0	0.0	0.0	0.0	353.063	0.0	0.0	0.0	5907.71	0.0	0.0	0.0	0.0	0.000217	0.0	0.0	0.0	29.2461	0.0	0.0	0.0	0.0	81	0	0	0	36	0	0	0	0	158094	0	0	0	16	0	0	0	0	960995	0	0	0	149	0	0	0	0	210282	0	0	0	1	0	0	0	0	25737	0	0	0	0	0	0	0	0	270187	0	0	0	0	0	0	0	0	0.000634	0.0	0.0	0.0	0.0	0.0	0.0	0.0	0.0	0.999762	0.0	0.0	0.0	0.000238	0.0	0.0	0.0	0.0	
542	1630215	6345.172851536	1923.8	1923.8	0.000507	0.0	1630008	0	0	0	203	0	0	0	0	0.0	0.0	0.0	0.0	2.2e-5	0.0	0.0	0.0	0.0	354.027	0.0	0.0	0.0	5912.49	0.0	0.0	0.0	0.0	0.000217	0.0	0.0	0.0	29.1256	0.0	0.0	0.0	0.0	81	0	0	0	36	0	0	0	0	158094	0	0	0	16	0	0	0	0	962101	0	0	0	150	0	0	0	0	211391	0	0	0	1	0	0	0	0	25828	0	0	0	0	0	0	0	0	272513	0	0	0	0	0	0	0	0	0.000741	0.0	0.0	0.0	0.0	0.0	0.0	0.0	0.0	0.999815	0.0	0.0	0.0	0.000185	0.0	0.0	0.0	0.0	
543	1634945	6346.172954214	1923.8	1923.8	0.000501	0.0	1634738	0	0	0	203	0	0	0	0	0.0	0.0	0.0	0.0	2.2e-5	0.0	0.0	0.0	0.0	355.025	0.0	0.0	0.0	5912.49	0.0	0.0	0.0	0.0	0.000217	0.0	0.0	0.0	29.1256	0.0	0.0	0.0	0.0	81	0	0	0	36	0	0	0	0	158094	0	0	0	16	0	0	0	0	963243	0	0	0	150	0	0	0	0	212573	0	0	0	1	0	0	0	0	25918	0	0	0	0	0	0	0	0	274829	0	0	0	0	0	0	0	0	0.001012	0.0	0.0	0.0	0.0	0.0	0.0	0.0	0.0	0.999865	0.0	0.0	0.0	0.000135	0.0	0.0	0.0	0.0	
544	1639765	6347.173043755	1923.8	1923.8	0.0005	0.0	1639558	0	0	0	203	0	0	0	0	0.0	0.0	0.0	0.0	2.2e-5	0.0	0.0	0.0	0.0	356.023	0.0	0.0	0.0	5912.49	0.0	0.0	0.0	0.0	0.000217	0.0	0.0	0.0	29.1256	0.0	0.0	0.0	0.0	81	0	0	0	36	0	0	0	0	158094	0	0	0	16	0	0	0	0	964412	0	0	0	150	0	0	0	0	213757	0	0	0	1	0	0	0	0	26015	0	0	0	0	0	0	0	0	277199	0	0	0	0	0	0	0	0	0.00107	0.0	0.0	0.0	0.0	0.0	0.0	0.0	0.0	0.999872	0.0	0.0	0.0	0.000128	0.0	0.0	0.0	0.0	
545	1644703	6358.186277099	1923.8	1923.8	0.000499	0.0	1644495	0	0	0	204	0	0	0	0	0.0	0.0	0.0	0.0	1.9e-5	0.0	0.0	0.0	0.0	356.973	0.0	0.0	0.0	5922.55	0.0	0.0	0.0	0.0	0.000217	0.0	0.0	0.0	29.0321	0.0	0.0	0.0	0.0	81	0	0	0	36	0	0	0	0	158094	0	0	0	16	0	0	0	0	965692	0	0	0	151	0	0	0	0	214914	0	0	0	1	0	0	0	0	26107	0	0	0	0	0	0	0	0	279607	0	0	0	0	0	0	0	0	0.001156	0.0	0.0	0.0	0.0	0.0	0.0	0.0	0.0	0.999893	0.0	0.0	0.0	0.000107	0.0	0.0	0.0	0.0	
546	1649560	6359.186866076	1923.8	1923.8	0.000489	0.0	1649352	0	0	0	204	0	0	0	0	0.0	0.0	0.0	0.0	1.9e-5	0.0	0.0	0.0	0.0	357.972	0.0	0.0	0.0	5922.55	0.0	0.0	0.0	0.0	0.000217	0.0	0.0	0.0	29.0321	0.0	0.0	0.0	0.0	81	0	0	0	36	0	0	0	0	158094	0	0	0	16	0	0	0	0	966873	0	0	0	151	0	0	0	0	215962	0	0	0	1	0	0	0	0	26212	0	0	0	0	0	0	0	0	282130	0	0	0	0	0	0	0	0	0.000716	0.0	0.0	0.0	0.0	0.0	0.0	0.0	0.0	0.999827	0.0	0.0	0.0	0.000173	0.0	0.0	0.0	0.0	
547	1653309	6367.55948861	1923.8	1923.8	0.000488	0.0	1653100	0	0	0	205	0	0	0	0	0.0	0.0	0.0	0.0	1.7e-5	0.0	0.0	0.0	0.0	358.74	0.0	0.0	0.0	5930.15	0.0	0.0	0.0	0.0	0.000217	0.0	0.0	0.0	28.9276	0.0	0.0	0.0	0.0	81	0	0	0	36	0	0	0	0	158094	0	0	0	16	0	0	0	0	967804	0	0	0	152	0	0	0	0	216762	0	0	0	1	0	0	0	0	26293	0	0	0	0	0	0	0	0	284066	0	0	0	0	0	0	0	0	0.000822	0.0	0.0	0.0	0.0	0.0	0.0	0.0	0.0	0.999864	0.0	0.0	0.0	0.000136	0.0	0.0	0.0	0.0	
548	1658409	6368.559568623	1923.8	1923.8	0.00048	0.0	1658200	0	0	0	205	0	0	0	0	0.0	0.0	0.0	0.0	1.7e-5	0.0	0.0	0.0	0.0	359.738	0.0	0.0	0.0	5930.15	0.0	0.0	0.0	0.0	0.000217	0.0	0.0	0.0	28.9276	0.0	0.0	0.0	0.0	81	0	0	0	36	0	0	0	0	158094	0	0	0	16	0	0	0	0	969071	0	0	0	152	0	0	0	0	217824	0	0	0	1	0	0	0	0	26399	0	0	0	0	0	0	0	0	286731	0	0	0	0	0	0	0	0	0.000914	0.0	0.0	0.0	0.0	0.0	0.0	0.0	0.0	0.999877	0.0	0.0	0.0	0.000123	0.0	0.0	0.0	0.0	
549	1659498	6378.433929685	1923.8	1923.8	0.00048	0.0	1659288	0	0	0	206	0	0	0	0	0.0	0.0	0.0	0.0	1.6e-5	0.0	0.0	0.0	0.0	359.945	0.0	0.0	0.0	5939.82	0.0	0.0	0.0	0.0	0.000217	0.0	0.0	0.0	28.8341	0.0	0.0	0.0	0.0	81	0	0	0	36	0	0	0	0	158094	0	0	0	16	0	0	0	0	969353	0	0	0	153	0	0	0	0	218021	0	0	0	1	0	0	0	0	26434	0	0	0	0	0	0	0	0	287305	0	0	0	0	0	0	0	0	0.00075	0.0	0.0	0.0	0.0	0.0	0.0	0.0	0.0	0.999865	0.0	0.0	0.0	0.000135	0.0	0.0	0.0	0.0	
550	1664626	6379.434070801	1923.8	1923.8	0.00047	0.0	1664416	0	0	0	206	0	0	0	0	0.0	0.0	0.0	0.0	1.6e-5	0.0	0.0	0.0	0.0	360.943	0.0	0.0	0.0	5939.82	0.0	0.0	0.0	0.0	0.000217	0.0	0.0	0.0	28.8341	0.0	0.0	0.0	0.0	81	0	0	0	36	0	0	0	0	158094	0	0	0	16	0	0	0	0	970662	0	0	0	153	0	0	0	0	219063	0	0	0	1	0	0	0	0	26570	0	0	0	0	0	0	0	0	289946	0	0	0	0	0	0	0	0	0.000729	0.0	0.0	0.0	0.0	0.0	0.0	0.0	0.0	0.999861	0.0	0.0	0.0	0.000139	0.0	0.0	0.0	0.0	
551	1669831	6380.43414177	1923.8	1923.8	0.000469	0.0	1669621	0	0	0	206	0	0	0	0	0.0	0.0	0.0	0.0	1.6e-5	0.0	0.0	0.0	0.0	361.941	0.0	0.0	0.0	5939.82	0.0	0.0	0.0	0.0	0.000217	0.0	0.0	0.0	28.8341	0.0	0.0	0.0	0.0	81	0	0	0	36	0	0	0	0	158094	0	0	0	16	0	0	0	0	971985	0	0	0	153	0	0	0	0	220188	0	0	0	1	0	0	0	0	26662	0	0	0	0	0	0	0	0	292611	0	0	0	0	0	0	0	0	0.000721	0.0	0.0	0.0	0.0	0.0	0.0	0.0	0.0	0.999859	0.0	0.0	0.0	0.000141	0.0	0.0	0.0	0.0	
552	1675079	6381.434187644	1923.8	1923.8	0.000468	0.0	1674869	0	0	0	206	0	0	0	0	0.0	0.0	0.0	0.0	1.6e-5	0.0	0.0	0.0	0.0	362.938	0.0	0.0	0.0	5939.82	0.0	0.0	0.0	0.0	0.000217	0.0	0.0	0.0	28.8341	0.0	0.0	0.0	0.0	81	0	0	0	36	0	0	0	0	158094	0	0	0	16	0	0	0	0	973446	0	0	0	153	0	0	0	0	221257	0	0	0	1	0	0	0	0	26793	0	0	0	0	0	0	0	0	295198	0	0	0	0	0	0	0	0	0.00111	0.0	0.0	0.0	0.0	0.0	0.0	0.0	0.0	0.999909	0.0	0.0	0.0	9.1e-5	0.0	0.0	0.0	0.0	
553	1676794	6404.143881069	1923.8	1923.8	0.000468	0.0	1676583	0	0	0	207	0	0	0	0	0.0	0.0	0.0	0.0	1.4e-5	0.0	0.0	0.0	0.0	363.264	0.0	0.0	0.0	5962.2	0.0	0.0	0.0	0.0	0.000217	0.0	0.0	0.0	28.8029	0.0	0.0	0.0	0.0	81	0	0	0	36	0	0	0	0	158094	0	0	0	16	0	0	0	0	973893	0	0	0	154	0	0	0	0	221593	0	0	0	1	0	0	0	0	26830	0	0	0	0	0	0	0	0	296092	0	0	0	0	0	0	0	0	0.000694	0.0	0.0	0.0	0.0	0.0	0.0	0.0	0.0	0.999868	0.0	0.0	0.0	0.000132	0.0	0.0	0.0	0.0	
554	1681916	6405.143997516	1923.8	1923.8	0.000447	0.0	1681705	0	0	0	207	0	0	0	0	0.0	0.0	0.0	0.0	1.4e-5	0.0	0.0	0.0	0.0	364.261	0.0	0.0	0.0	5962.2	0.0	0.0	0.0	0.0	0.000217	0.0	0.0	0.0	28.8029	0.0	0.0	0.0	0.0	81	0	0	0	36	0	0	0	0	158094	0	0	0	16	0	0	0	0	975105	0	0	0	154	0	0	0	0	222740	0	0	0	1	0	0	0	0	26958	0	0	0	0	0	0	0	0	298727	0	0	0	0	0	0	0	0	0.000667	0.0	0.0	0.0	0.0	0.0	0.0	0.0	0.0	0.999863	0.0	0.0	0.0	0.000137	0.0	0.0	0.0	0.0	
555	1686998	6406.144117406	1923.8	1923.8	0.000446	0.0	1686787	0	0	0	207	0	0	0	0	0.0	0.0	0.0	0.0	1.4e-5	0.0	0.0	0.0	0.0	365.259	0.0	0.0	0.0	5962.2	0.0	0.0	0.0	0.0	0.000217	0.0	0.0	0.0	28.8029	0.0	0.0	0.0	0.0	81	0	0	0	36	0	0	0	0	158094	0	0	0	16	0	0	0	0	976367	0	0	0	154	0	0	0	0	223881	0	0	0	1	0	0	0	0	27089	0	0	0	0	0	0	0	0	301275	0	0	0	0	0	0	0	0	0.001365	0.0	0.0	0.0	0.0	0.0	0.0	0.0	0.0	0.999933	0.0	0.0	0.0	6.7e-5	0.0	0.0	0.0	0.0	
556	1691309	6415.116596212	1923.8	1923.8	0.000446	0.0	1691097	0	0	0	208	0	0	0	0	0.0	0.0	0.0	0.0	1.3e-5	0.0	0.0	0.0	0.0	366.08	0.0	0.0	0.0	5970.35	0.0	0.0	0.0	0.0	0.000216	0.0	0.0	0.0	28.7036	0.0	0.0	0.0	0.0	81	0	0	0	36	0	0	0	0	158094	0	0	0	16	0	0	0	0	977480	0	0	0	155	0	0	0	0	224862	0	0	0	1	0	0	0	0	27179	0	0	0	0	0	0	0	0	303401	0	0	0	0	0	0	0	0	0.00079	0.0	0.0	0.0	0.0	0.0	0.0	0.0	0.0	0.999895	0.0	0.0	0.0	0.000105	0.0	0.0	0.0	0.0	
557	1696257	6416.120844351	1923.8	1923.8	0.000438	0.0	1696045	0	0	0	208	0	0	0	0	0.0	0.0	0.0	0.0	1.3e-5	0.0	0.0	0.0	0.0	367.082	0.0	0.0	0.0	5970.35	0.0	0.0	0.0	0.0	0.000216	0.0	0.0	0.0	28.7036	0.0	0.0	0.0	0.0	81	0	0	0	36	0	0	0	0	158094	0	0	0	16	0	0	0	0	978765	0	0	0	155	0	0	0	0	225916	0	0	0	1	0	0	0	0	27311	0	0	0	0	0	0	0	0	305878	0	0	0	0	0	0	0	0	0.001174	0.0	0.0	0.0	0.0	0.0	0.0	0.0	0.0	0.99993	0.0	0.0	0.0	7.0e-5	0.0	0.0	0.0	0.0	
558	1701211	6417.121022512	1923.8	1923.8	0.000437	0.0	1700999	0	0	0	208	0	0	0	0	0.0	0.0	0.0	0.0	1.3e-5	0.0	0.0	0.0	0.0	368.08	0.0	0.0	0.0	5970.35	0.0	0.0	0.0	0.0	0.000216	0.0	0.0	0.0	28.7036	0.0	0.0	0.0	0.0	81	0	0	0	36	0	0	0	0	158094	0	0	0	16	0	0	0	0	980065	0	0	0	155	0	0	0	0	226923	0	0	0	1	0	0	0	0	27452	0	0	0	0	0	0	0	0	308384	0	0	0	0	0	0	0	0	0.001141	0.0	0.0	0.0	0.0	0.0	0.0	0.0	0.0	0.999928	0.0	0.0	0.0	7.2e-5	0.0	0.0	0.0	0.0	
559	1706170	6418.121276802	1923.8	1923.8	0.000436	0.0	1705958	0	0	0	208	0	0	0	0	0.0	0.0	0.0	0.0	1.3e-5	0.0	0.0	0.0	0.0	369.078	0.0	0.0	0.0	5970.35	0.0	0.0	0.0	0.0	0.000216	0.0	0.0	0.0	28.7036	0.0	0.0	0.0	0.0	81	0	0	0	36	0	0	0	0	158094	0	0	0	16	0	0	0	0	981379	0	0	0	155	0	0	0	0	228058	0	0	0	1	0	0	0	0	27565	0	0	0	0	0	0	0	0	310781	0	0	0	0	0	0	0	0	0.000906	0.0	0.0	0.0	0.0	0.0	0.0	0.0	0.0	0.999909	0.0	0.0	0.0	9.1e-5	0.0	0.0	0.0	0.0	
560	1711100	6419.121308026	1923.8	1923.8	0.000435	0.0	1710888	0	0	0	208	0	0	0	0	0.0	0.0	0.0	0.0	1.3e-5	0.0	0.0	0.0	0.0	370.076	0.0	0.0	0.0	5970.35	0.0	0.0	0.0	0.0	0.000216	0.0	0.0	0.0	28.7036	0.0	0.0	0.0	0.0	81	0	0	0	36	0	0	0	0	158094	0	0	0	16	0	0	0	0	982777	0	0	0	155	0	0	0	0	229180	0	0	0	1	0	0	0	0	27664	0	0	0	0	0	0	0	0	313092	0	0	0	0	0	0	0	0	0.001264	0.0	0.0	0.0	0.0	0.0	0.0	0.0	0.0	0.999935	0.0	0.0	0.0	6.5e-5	0.0	0.0	0.0	0.0	
561	1711255	6439.933378354	1923.8	1923.8	0.000435	0.0	1711042	0	0	0	209	0	0	0	0	0.0	0.0	0.0	0.0	1.1e-5	0.0	0.0	0.0	0.0	370.107	0.0	0.0	0.0	5991.13	0.0	0.0	0.0	0.0	0.000216	0.0	0.0	0.0	28.6657	0.0	0.0	0.0	0.0	81	0	0	0	36	0	0	0	0	158094	0	0	0	16	0	0	0	0	982815	0	0	0	156	0	0	0	0	229209	0	0	0	1	0	0	0	0	27668	0	0	0	0	0	0	0	0	313175	0	0	0	0	0	0	0	0	0.000556	0.0	0.0	0.0	0.0	0.0	0.0	0.0	0.0	0.999866	0.0	0.0	0.0	0.000134	0.0	0.0	0.0	0.0	
562	1716291	6440.933484885	1923.8	1923.8	0.000418	0.0	1716078	0	0	0	209	0	0	0	0	0.0	0.0	0.0	0.0	1.1e-5	0.0	0.0	0.0	0.0	371.105	0.0	0.0	0.0	5991.13	0.0	0.0	0.0	0.0	0.000216	0.0	0.0	0.0	28.6657	0.0	0.0	0.0	0.0	81	0	0	0	36	0	0	0	0	158094	0	0	0	16	0	0	0	0	984217	0	0	0	156	0	0	0	0	230412	0	0	0	1	0	0	0	0	27766	0	0	0	0	0	0	0	0	315508	0	0	0	0	0	0	0	0	0.000912	0.0	0.0	0.0	0.0	0.0	0.0	0.0	0.0	0.999918	0.0	0.0	0.0	8.2e-5	0.0	0.0	0.0	0.0	
563	1717538	6451.631106935	1923.8	1923.8	0.000417	0.0	1717324	0	0	0	210	0	0	0	0	0.0	0.0	0.0	0.0	1.0e-5	0.0	0.0	0.0	0.0	371.35	0.0	0.0	0.0	6001.59	0.0	0.0	0.0	0.0	0.000216	0.0	0.0	0.0	28.579	0.0	0.0	0.0	0.0	81	0	0	0	36	0	0	0	0	158094	0	0	0	16	0	0	0	0	984597	0	0	0	157	0	0	0	0	230670	0	0	0	1	0	0	0	0	27791	0	0	0	0	0	0	0	0	316091	0	0	0	0	0	0	0	0	0.000983	0.0	0.0	0.0	0.0	0.0	0.0	0.0	0.0	0.999931	0.0	0.0	0.0	6.9e-5	0.0	0.0	0.0	0.0	
564	1722705	6452.631229996	1923.8	1923.8	0.000408	0.0	1722491	0	0	0	210	0	0	0	0	0.0	0.0	0.0	0.0	1.0e-5	0.0	0.0	0.0	0.0	372.348	0.0	0.0	0.0	6001.59	0.0	0.0	0.0	0.0	0.000216	0.0	0.0	0.0	28.579	0.0	0.0	0.0	0.0	81	0	0	0	36	0	0	0	0	158094	0	0	0	16	0	0	0	0	986159	0	0	0	157	0	0	0	0	231727	0	0	0	1	0	0	0	0	27917	0	0	0	0	0	0	0	0	318513	0	0	0	0	0	0	0	0	0.000946	0.0	0.0	0.0	0.0	0.0	0.0	0.0	0.0	0.999929	0.0	0.0	0.0	7.1e-5	0.0	0.0	0.0	0.0	
565	1727853	6453.631444478	1923.8	1923.8	0.000408	0.0	1727639	0	0	0	210	0	0	0	0	0.0	0.0	0.0	0.0	1.0e-5	0.0	0.0	0.0	0.0	373.346	0.0	0.0	0.0	6001.59	0.0	0.0	0.0	0.0	0.000216	0.0	0.0	0.0	28.579	0.0	0.0	0.0	0.0	81	0	0	0	36	0	0	0	0	158094	0	0	0	16	0	0	0	0	987613	0	0	0	157	0	0	0	0	232855	0	0	0	1	0	0	0	0	28028	0	0	0	0	0	0	0	0	320968	0	0	0	0	0	0	0	0	0.001091	0.0	0.0	0.0	0.0	0.0	0.0	0.0	0.0	0.999938	0.0	0.0	0.0	6.2e-5	0.0	0.0	0.0	0.0	
566	1733014	6454.63567518	1923.8	1923.8	0.000407	0.0	1732800	0	0	0	210	0	0	0	0	0.0	0.0	0.0	0.0	1.0e-5	0.0	0.0	0.0	0.0	374.348	0.0	0.0	0.0	6001.59	0.0	0.0	0.0	0.0	0.000216	0.0	0.0	0.0	28.579	0.0	0.0	0.0	0.0	81	0	0	0	36	0	0	0	0	158094	0	0	0	16	0	0	0	0	989069	0	0	0	157	0	0	0	0	234023	0	0	0	1	0	0	0	0	28174	0	0	0	0	0	0	0	0	323359	0	0	0	0	0	0	0	0	0.000932	0.0	0.0	0.0	0.0	0.0	0.0	0.0	0.0	0.999928	0.0	0.0	0.0	7.2e-5	0.0	0.0	0.0	0.0	
567	1738250	6455.635853761	1923.8	1923.8	0.000406	0.0	1738036	0	0	0	210	0	0	0	0	0.0	0.0	0.0	0.0	1.0e-5	0.0	0.0	0.0	0.0	375.346	0.0	0.0	0.0	6001.59	0.0	0.0	0.0	0.0	0.000216	0.0	0.0	0.0	28.579	0.0	0.0	0.0	0.0	81	0	0	0	36	0	0	0	0	158094	0	0	0	16	0	0	0	0	990508	0	0	0	157	0	0	0	0	235209	0	0	0	1	0	0	0	0	28332	0	0	0	0	0	0	0	0	325812	0	0	0	0	0	0	0	0	0.000771	0.0	0.0	0.0	0.0	0.0	0.0	0.0	0.0	0.999913	0.0	0.0	0.0	8.7e-5	0.0	0.0	0.0	0.0	
568	1743478	6456.635904086	1923.8	1923.8	0.000405	0.0	1743264	0	0	0	210	0	0	0	0	0.0	0.0	0.0	0.0	1.0e-5	0.0	0.0	0.0	0.0	376.344	0.0	0.0	0.0	6001.59	0.0	0.0	0.0	0.0	0.000216	0.0	0.0	0.0	28.579	0.0	0.0	0.0	0.0	81	0	0	0	36	0	0	0	0	158094	0	0	0	16	0	0	0	0	991882	0	0	0	157	0	0	0	0	236339	0	0	0	1	0	0	0	0	28484	0	0	0	0	0	0	0	0	328384	0	0	0	0	0	0	0	0	0.000744	0.0	0.0	0.0	0.0	0.0	0.0	0.0	0.0	0.999909	0.0	0.0	0.0	9.1e-5	0.0	0.0	0.0	0.0	
569	1743755	6475.481234787	1923.8	1923.8	0.000405	0.0	1743540	0	0	0	211	0	0	0	0	0.0	0.0	0.0	0.0	9.0e-6	0.0	0.0	0.0	0.0	376.399	0.0	0.0	0.0	6020.38	0.0	0.0	0.0	0.0	0.000216	0.0	0.0	0.0	28.5326	0.0	0.0	0.0	0.0	81	0	0	0	36	0	0	0	0	158094	0	0	0	16	0	0	0	0	991967	0	0	0	158	0	0	0	0	236413	0	0	0	1	0	0	0	0	28491	0	0	0	0	0	0	0	0	328494	0	0	0	0	0	0	0	0	0.000971	0.0	0.0	0.0	0.0	0.0	0.0	0.0	0.0	0.999937	0.0	0.0	0.0	6.3e-5	0.0	0.0	0.0	0.0	
570	1748798	6476.48137392	1923.8	1923.8	0.00039	0.0	1748583	0	0	0	211	0	0	0	0	0.0	0.0	0.0	0.0	9.0e-6	0.0	0.0	0.0	0.0	377.397	0.0	0.0	0.0	6020.38	0.0	0.0	0.0	0.0	0.000216	0.0	0.0	0.0	28.5326	0.0	0.0	0.0	0.0	81	0	0	0	36	0	0	0	0	158094	0	0	0	16	0	0	0	0	993469	0	0	0	158	0	0	0	0	237636	0	0	0	1	0	0	0	0	28619	0	0	0	0	0	0	0	0	330684	0	0	0	0	0	0	0	0	0.000527	0.0	0.0	0.0	0.0	0.0	0.0	0.0	0.0	0.999885	0.0	0.0	0.0	0.000115	0.0	0.0	0.0	0.0	
571	1753852	6477.481409501	1923.8	1923.8	0.000389	0.0	1753637	0	0	0	211	0	0	0	0	0.0	0.0	0.0	0.0	9.0e-6	0.0	0.0	0.0	0.0	378.395	0.0	0.0	0.0	6020.38	0.0	0.0	0.0	0.0	0.000216	0.0	0.0	0.0	28.5326	0.0	0.0	0.0	0.0	81	0	0	0	36	0	0	0	0	158094	0	0	0	16	0	0	0	0	994978	0	0	0	158	0	0	0	0	238822	0	0	0	1	0	0	0	0	28752	0	0	0	0	0	0	0	0	332910	0	0	0	0	0	0	0	0	0.000915	0.0	0.0	0.0	0.0	0.0	0.0	0.0	0.0	0.999934	0.0	0.0	0.0	6.6e-5	0.0	0.0	0.0	0.0	
572	1758961	6478.481433997	1923.8	1923.8	0.000389	0.0	1758746	0	0	0	211	0	0	0	0	0.0	0.0	0.0	0.0	9.0e-6	0.0	0.0	0.0	0.0	379.393	0.0	0.0	0.0	6020.38	0.0	0.0	0.0	0.0	0.000216	0.0	0.0	0.0	28.5326	0.0	0.0	0.0	0.0	81	0	0	0	36	0	0	0	0	158094	0	0	0	16	0	0	0	0	996510	0	0	0	158	0	0	0	0	240063	0	0	0	1	0	0	0	0	28873	0	0	0	0	0	0	0	0	335125	0	0	0	0	0	0	0	0	0.000925	0.0	0.0	0.0	0.0	0.0	0.0	0.0	0.0	0.999934	0.0	0.0	0.0	6.6e-5	0.0	0.0	0.0	0.0	
573	1761926	6507.556191323	1923.8	1923.8	0.000388	0.0	1761710	0	0	0	212	0	0	0	0	0.0	0.0	0.0	0.0	8.0e-6	0.0	0.0	0.0	0.0	379.972	0.0	0.0	0.0	6048.87	0.0	0.0	0.0	0.0	0.000216	0.0	0.0	0.0	28.5324	0.0	0.0	0.0	0.0	81	0	0	0	36	0	0	0	0	158094	0	0	0	16	0	0	0	0	997360	0	0	0	159	0	0	0	0	240772	0	0	0	1	0	0	0	0	28948	0	0	0	0	0	0	0	0	336455	0	0	0	0	0	0	0	0	0.00102	0.0	0.0	0.0	0.0	0.0	0.0	0.0	0.0	0.999946	0.0	0.0	0.0	5.4e-5	0.0	0.0	0.0	0.0	
574	1762345	6512.355514692	1923.8	1923.8	0.000367	0.0	1762128	0	0	0	213	0	0	0	0	0.0	0.0	0.0	0.0	8.0e-6	0.0	0.0	0.0	0.0	380.062	0.0	0.0	0.0	6053.58	0.0	0.0	0.0	0.0	0.000216	0.0	0.0	0.0	28.4206	0.0	0.0	0.0	0.0	81	0	0	0	36	0	0	0	0	158094	0	0	0	16	0	0	0	0	997471	0	0	0	160	0	0	0	0	240883	0	0	0	1	0	0	0	0	28963	0	0	0	0	0	0	0	0	336636	0	0	0	0	0	0	0	0	0.000841	0.0	0.0	0.0	0.0	0.0	0.0	0.0	0.0	0.999941	0.0	0.0	0.0	5.9e-5	0.0	0.0	0.0	0.0	
575	1767397	6513.355544004	1923.8	1923.8	0.000363	0.0	1767180	0	0	0	213	0	0	0	0	0.0	0.0	0.0	0.0	8.0e-6	0.0	0.0	0.0	0.0	381.06	0.0	0.0	0.0	6053.58	0.0	0.0	0.0	0.0	0.000216	0.0	0.0	0.0	28.4206	0.0	0.0	0.0	0.0	81	0	0	0	36	0	0	0	0	158094	0	0	0	16	0	0	0	0	998880	0	0	0	160	0	0	0	0	242045	0	0	0	1	0	0	0	0	29073	0	0	0	0	0	0	0	0	339007	0	0	0	0	0	0	0	0	0.001035	0.0	0.0	0.0	0.0	0.0	0.0	0.0	0.0	0.999952	0.0	0.0	0.0	4.8e-5	0.0	0.0	0.0	0.0	
576	1767951	6532.703178811	1923.8	1923.8	0.000363	0.0	1767733	0	0	0	214	0	0	0	0	0.0	0.0	0.0	0.0	7.0e-6	0.0	0.0	0.0	0.0	381.169	0.0	0.0	0.0	6072.82	0.0	0.0	0.0	0.0	0.000216	0.0	0.0	0.0	28.3777	0.0	0.0	0.0	0.0	81	0	0	0	36	0	0	0	0	158094	0	0	0	16	0	0	0	0	999028	0	0	0	161	0	0	0	0	242194	0	0	0	1	0	0	0	0	29081	0	0	0	0	0	0	0	0	339255	0	0	0	0	0	0	0	0	0.000632	0.0	0.0	0.0	0.0	0.0	0.0	0.0	0.0	0.999929	0.0	0.0	0.0	7.1e-5	0.0	0.0	0.0	0.0	
577	1772315	6533.703396941	1923.8	1923.8	0.000349	0.0	1772097	0	0	0	214	0	0	0	0	0.0	0.0	0.0	0.0	7.0e-6	0.0	0.0	0.0	0.0	382.167	0.0	0.0	0.0	6072.82	0.0	0.0	0.0	0.0	0.000216	0.0	0.0	0.0	28.3777	0.0	0.0	0.0	0.0	81	0	0	0	36	0	0	0	0	158094	0	0	0	16	0	0	0	0	1000272	0	0	0	161	0	0	0	0	243238	0	0	0	1	0	0	0	0	29184	0	0	0	0	0	0	0	0	341228	0	0	0	0	0	0	0	0	0.000898	0.0	0.0	0.0	0.0	0.0	0.0	0.0	0.0	0.99995	0.0	0.0	0.0	5.0e-5	0.0	0.0	0.0	0.0	
578	1776697	6534.703623889	1923.8	1923.8	0.000349	0.0	1776479	0	0	0	214	0	0	0	0	0.0	0.0	0.0	0.0	7.0e-6	0.0	0.0	0.0	0.0	383.165	0.0	0.0	0.0	6072.82	0.0	0.0	0.0	0.0	0.000216	0.0	0.0	0.0	28.3777	0.0	0.0	0.0	0.0	81	0	0	0	36	0	0	0	0	158094	0	0	0	16	0	0	0	0	1001470	0	0	0	161	0	0	0	0	244324	0	0	0	1	0	0	0	0	29305	0	0	0	0	0	0	0	0	343205	0	0	0	0	0	0	0	0	0.001185	0.0	0.0	0.0	0.0	0.0	0.0	0.0	0.0	0.999962	0.0	0.0	0.0	3.8e-5	0.0	0.0	0.0	0.0	
579	1781411	6535.703757584	1923.8	1923.8	0.000348	0.0	1781193	0	0	0	214	0	0	0	0	0.0	0.0	0.0	0.0	7.0e-6	0.0	0.0	0.0	0.0	384.163	0.0	0.0	0.0	6072.82	0.0	0.0	0.0	0.0	0.000216	0.0	0.0	0.0	28.3777	0.0	0.0	0.0	0.0	81	0	0	0	36	0	0	0	0	158094	0	0	0	16	0	0	0	0	1002838	0	0	0	161	0	0	0	0	245435	0	0	0	1	0	0	0	0	29437	0	0	0	0	0	0	0	0	345308	0	0	0	0	0	0	0	0	0.001017	0.0	0.0	0.0	0.0	0.0	0.0	0.0	0.0	0.999956	0.0	0.0	0.0	4.4e-5	0.0	0.0	0.0	0.0	
580	1786317	6536.703892573	1923.8	1923.8	0.000347	0.0	1786099	0	0	0	214	0	0	0	0	0.0	0.0	0.0	0.0	7.0e-6	0.0	0.0	0.0	0.0	385.161	0.0	0.0	0.0	6072.82	0.0	0.0	0.0	0.0	0.000216	0.0	0.0	0.0	28.3777	0.0	0.0	0.0	0.0	81	0	0	0	36	0	0	0	0	158094	0	0	0	16	0	0	0	0	1004364	0	0	0	161	0	0	0	0	246600	0	0	0	1	0	0	0	0	29579	0	0	0	0	0	0	0	0	347381	0	0	0	0	0	0	0	0	0.001076	0.0	0.0	0.0	0.0	0.0	0.0	0.0	0.0	0.999958	0.0	0.0	0.0	4.2e-5	0.0	0.0	0.0	0.0	
581	1791237	6537.7039248	1923.8	1923.8	0.000347	0.0	1791019	0	0	0	214	0	0	0	0	0.0	0.0	0.0	0.0	7.0e-6	0.0	0.0	0.0	0.0	386.159	0.0	0.0	0.0	6072.82	0.0	0.0	0.0	0.0	0.000216	0.0	0.0	0.0	28.3777	0.0	0.0	0.0	0.0	81	0	0	0	36	0	0	0	0	158094	0	0	0	16	0	0	0	0	1005841	0	0	0	161	0	0	0	0	247686	0	0	0	1	0	0	0	0	29724	0	0	0	0	0	0	0	0	349593	0	0	0	0	0	0	0	0	0.000935	0.0	0.0	0.0	0.0	0.0	0.0	0.0	0.0	0.999952	0.0	0.0	0.0	4.8e-5	0.0	0.0	0.0	0.0	
582	1796192	6538.703965288	1923.8	1923.8	0.000346	0.0	1795974	0	0	0	214	0	0	0	0	0.0	0.0	0.0	0.0	7.0e-6	0.0	0.0	0.0	0.0	387.157	0.0	0.0	0.0	6072.82	0.0	0.0	0.0	0.0	0.000216	0.0	0.0	0.0	28.3777	0.0	0.0	0.0	0.0	81	0	0	0	36	0	0	0	0	158094	0	0	0	16	0	0	0	0	1007331	0	0	0	161	0	0	0	0	248744	0	0	0	1	0	0	0	0	29887	0	0	0	0	0	0	0	0	351837	0	0	0	0	0	0	0	0	0.000915	0.0	0.0	0.0	0.0	0.0	0.0	0.0	0.0	0.999951	0.0	0.0	0.0	4.9e-5	0.0	0.0	0.0	0.0	
583	1801214	6539.704076288	1923.8	1923.8	0.000345	0.0	1800996	0	0	0	214	0	0	0	0	0.0	0.0	0.0	0.0	7.0e-6	0.0	0.0	0.0	0.0	388.155	0.0	0.0	0.0	6072.82	0.0	0.0	0.0	0.0	0.000216	0.0	0.0	0.0	28.3777	0.0	0.0	0.0	0.0	81	0	0	0	36	0	0	0	0	158094	0	0	0	16	0	0	0	0	1008845	0	0	0	161	0	0	0	0	249922	0	0	0	1	0	0	0	0	30044	0	0	0	0	0	0	0	0	354010	0	0	0	0	0	0	0	0	0.000967	0.0	0.0	0.0	0.0	0.0	0.0	0.0	0.0	0.999954	0.0	0.0	0.0	4.6e-5	0.0	0.0	0.0	0.0	
584	1806255	6540.708394412	1923.8	1923.8	0.000345	0.0	1806037	0	0	0	214	0	0	0	0	0.0	0.0	0.0	0.0	7.0e-6	0.0	0.0	0.0	0.0	389.157	0.0	0.0	0.0	6072.82	0.0	0.0	0.0	0.0	0.000215	0.0	0.0	0.0	28.3777	0.0	0.0	0.0	0.0	81	0	0	0	36	0	0	0	0	158094	0	0	0	16	0	0	0	0	1010289	0	0	0	161	0	0	0	0	251151	0	0	0	1	0	0	0	0	30194	0	0	0	0	0	0	0	0	356228	0	0	0	0	0	0	0	0	0.000828	0.0	0.0	0.0	0.0	0.0	0.0	0.0	0.0	0.999946	0.0	0.0	0.0	5.4e-5	0.0	0.0	0.0	0.0	
585	1811333	6541.708468839	1923.8	1923.8	0.000344	0.0	1811115	0	0	0	214	0	0	0	0	0.0	0.0	0.0	0.0	7.0e-6	0.0	0.0	0.0	0.0	390.155	0.0	0.0	0.0	6072.82	0.0	0.0	0.0	0.0	0.000215	0.0	0.0	0.0	28.3777	0.0	0.0	0.0	0.0	81	0	0	0	36	0	0	0	0	158094	0	0	0	16	0	0	0	0	1011625	0	0	0	161	0	0	0	0	252440	0	0	0	1	0	0	0	0	30323	0	0	0	0	0	0	0	0	358552	0	0	0	0	0	0	0	0	0.000815	0.0	0.0	0.0	0.0	0.0	0.0	0.0	0.0	0.999945	0.0	0.0	0.0	5.5e-5	0.0	0.0	0.0	0.0	
586	1812372	6571.313446971	1923.8	1923.8	0.000344	0.0	1812153	0	0	0	215	0	0	0	0	0.0	0.0	0.0	0.0	6.0e-6	0.0	0.0	0.0	0.0	390.357	0.0	0.0	0.0	6102.22	0.0	0.0	0.0	0.0	0.000215	0.0	0.0	0.0	28.3824	0.0	0.0	0.0	0.0	81	0	0	0	36	0	0	0	0	158094	0	0	0	16	0	0	0	0	1011933	0	0	0	162	0	0	0	0	252703	0	0	0	1	0	0	0	0	30346	0	0	0	0	0	0	0	0	358996	0	0	0	0	0	0	0	0	0.000709	0.0	0.0	0.0	0.0	0.0	0.0	0.0	0.0	0.999943	0.0	0.0	0.0	5.7e-5	0.0	0.0	0.0	0.0	
587	1817548	6572.313570322	1923.8	1923.8	0.000324	0.0	1817329	0	0	0	215	0	0	0	0	0.0	0.0	0.0	0.0	6.0e-6	0.0	0.0	0.0	0.0	391.355	0.0	0.0	0.0	6102.22	0.0	0.0	0.0	0.0	0.000215	0.0	0.0	0.0	28.3824	0.0	0.0	0.0	0.0	81	0	0	0	36	0	0	0	0	158094	0	0	0	16	0	0	0	0	1013518	0	0	0	162	0	0	0	0	253985	0	0	0	1	0	0	0	0	30460	0	0	0	0	0	0	0	0	361191	0	0	0	0	0	0	0	0	0.00108	0.0	0.0	0.0	0.0	0.0	0.0	0.0	0.0	0.999963	0.0	0.0	0.0	3.7e-5	0.0	0.0	0.0	0.0	
588	1822820	6573.313629958	1923.8	1923.8	0.000324	0.0	1822601	0	0	0	215	0	0	0	0	0.0	0.0	0.0	0.0	6.0e-6	0.0	0.0	0.0	0.0	392.352	0.0	0.0	0.0	6102.22	0.0	0.0	0.0	0.0	0.000215	0.0	0.0	0.0	28.3824	0.0	0.0	0.0	0.0	81	0	0	0	36	0	0	0	0	158094	0	0	0	16	0	0	0	0	1015083	0	0	0	162	0	0	0	0	255236	0	0	0	1	0	0	0	0	30619	0	0	0	0	0	0	0	0	363488	0	0	0	0	0	0	0	0	0.00084	0.0	0.0	0.0	0.0	0.0	0.0	0.0	0.0	0.999952	0.0	0.0	0.0	4.8e-5	0.0	0.0	0.0	0.0	
589	1828183	6574.313736693	1923.8	1923.8	0.000323	0.0	1827964	0	0	0	215	0	0	0	0	0.0	0.0	0.0	0.0	6.0e-6	0.0	0.0	0.0	0.0	393.35	0.0	0.0	0.0	6102.22	0.0	0.0	0.0	0.0	0.000215	0.0	0.0	0.0	28.3824	0.0	0.0	0.0	0.0	81	0	0	0	36	0	0	0	0	158094	0	0	0	16	0	0	0	0	1016603	0	0	0	162	0	0	0	0	256473	0	0	0	1	0	0	0	0	30754	0	0	0	0	0	0	0	0	365959	0	0	0	0	0	0	0	0	0.001187	0.0	0.0	0.0	0.0	0.0	0.0	0.0	0.0	0.999966	0.0	0.0	0.0	3.4e-5	0.0	0.0	0.0	0.0	
590	1832244	6578.689181178	1923.8	1923.8	0.000323	0.0	1832024	0	0	0	216	0	0	0	0	0.0	0.0	0.0	0.0	5.0e-6	0.0	0.0	0.0	0.0	394.11	0.0	0.0	0.0	6105.83	0.0	0.0	0.0	0.0	0.000215	0.0	0.0	0.0	28.2677	0.0	0.0	0.0	0.0	81	0	0	0	36	0	0	0	0	158094	0	0	0	16	0	0	0	0	1017761	0	0	0	163	0	0	0	0	257454	0	0	0	1	0	0	0	0	30862	0	0	0	0	0	0	0	0	367772	0	0	0	0	0	0	0	0	0.000538	0.0	0.0	0.0	0.0	0.0	0.0	0.0	0.0	0.999932	0.0	0.0	0.0	6.8e-5	0.0	0.0	0.0	0.0	
591	1837327	6579.689352399	1923.8	1923.8	0.00032	0.0	1837107	0	0	0	216	0	0	0	0	0.0	0.0	0.0	0.0	5.0e-6	0.0	0.0	0.0	0.0	395.108	0.0	0.0	0.0	6105.83	0.0	0.0	0.0	0.0	0.000215	0.0	0.0	0.0	28.2677	0.0	0.0	0.0	0.0	81	0	0	0	36	0	0	0	0	158094	0	0	0	16	0	0	0	0	1019112	0	0	0	163	0	0	0	0	258645	0	0	0	1	0	0	0	0	31038	0	0	0	0	0	0	0	0	370137	0	0	0	0	0	0	0	0	0.000975	0.0	0.0	0.0	0.0	0.0	0.0	0.0	0.0	0.999963	0.0	0.0	0.0	3.7e-5	0.0	0.0	0.0	0.0	
592	1842417	6580.689406735	1923.8	1923.8	0.000319	0.0	1842197	0	0	0	216	0	0	0	0	0.0	0.0	0.0	0.0	5.0e-6	0.0	0.0	0.0	0.0	396.106	0.0	0.0	0.0	6105.83	0.0	0.0	0.0	0.0	0.000215	0.0	0.0	0.0	28.2677	0.0	0.0	0.0	0.0	81	0	0	0	36	0	0	0	0	158094	0	0	0	16	0	0	0	0	1020625	0	0	0	163	0	0	0	0	259792	0	0	0	1	0	0	0	0	31185	0	0	0	0	0	0	0	0	372420	0	0	0	0	0	0	0	0	0.001154	0.0	0.0	0.0	0.0	0.0	0.0	0.0	0.0	0.999968	0.0	0.0	0.0	3.2e-5	0.0	0.0	0.0	0.0	
593	1847513	6581.690233882	1923.8	1923.8	0.000319	0.0	1847293	0	0	0	216	0	0	0	0	0.0	0.0	0.0	0.0	5.0e-6	0.0	0.0	0.0	0.0	397.105	0.0	0.0	0.0	6105.83	0.0	0.0	0.0	0.0	0.000215	0.0	0.0	0.0	28.2677	0.0	0.0	0.0	0.0	81	0	0	0	36	0	0	0	0	158094	0	0	0	16	0	0	0	0	1022109	0	0	0	163	0	0	0	0	261027	0	0	0	1	0	0	0	0	31350	0	0	0	0	0	0	0	0	374632	0	0	0	0	0	0	0	0	0.000543	0.0	0.0	0.0	0.0	0.0	0.0	0.0	0.0	0.999933	0.0	0.0	0.0	6.7e-5	0.0	0.0	0.0	0.0	
594	1852636	6582.694818631	1923.8	1923.8	0.000318	0.0	1852416	0	0	0	216	0	0	0	0	0.0	0.0	0.0	0.0	5.0e-6	0.0	0.0	0.0	0.0	398.107	0.0	0.0	0.0	6105.83	0.0	0.0	0.0	0.0	0.000215	0.0	0.0	0.0	28.2677	0.0	0.0	0.0	0.0	81	0	0	0	36	0	0	0	0	158094	0	0	0	16	0	0	0	0	1023666	0	0	0	163	0	0	0	0	262255	0	0	0	1	0	0	0	0	31521	0	0	0	0	0	0	0	0	376799	0	0	0	0	0	0	0	0	0.000968	0.0	0.0	0.0	0.0	0.0	0.0	0.0	0.0	0.999962	0.0	0.0	0.0	3.8e-5	0.0	0.0	0.0	0.0	
595	1857745	6583.695020849	1923.8	1923.8	0.000317	0.0	1857525	0	0	0	216	0	0	0	0	0.0	0.0	0.0	0.0	5.0e-6	0.0	0.0	0.0	0.0	399.105	0.0	0.0	0.0	6105.83	0.0	0.0	0.0	0.0	0.000215	0.0	0.0	0.0	28.2677	0.0	0.0	0.0	0.0	81	0	0	0	36	0	0	0	0	158094	0	0	0	16	0	0	0	0	1025160	0	0	0	163	0	0	0	0	263526	0	0	0	1	0	0	0	0	31629	0	0	0	0	0	0	0	0	379035	0	0	0	0	0	0	0	0	0.000542	0.0	0.0	0.0	0.0	0.0	0.0	0.0	0.0	0.999933	0.0	0.0	0.0	6.7e-5	0.0	0.0	0.0	0.0	
596	1862867	6584.695069284	1923.8	1923.8	0.000317	0.0	1862647	0	0	0	216	0	0	0	0	0.0	0.0	0.0	0.0	5.0e-6	0.0	0.0	0.0	0.0	400.103	0.0	0.0	0.0	6105.83	0.0	0.0	0.0	0.0	0.000215	0.0	0.0	0.0	28.2677	0.0	0.0	0.0	0.0	81	0	0	0	36	0	0	0	0	158094	0	0	0	16	0	0	0	0	1026614	0	0	0	163	0	0	0	0	264783	0	0	0	1	0	0	0	0	31753	0	0	0	0	0	0	0	0	381322	0	0	0	0	0	0	0	0	0.000919	0.0	0.0	0.0	0.0	0.0	0.0	0.0	0.0	0.99996	0.0	0.0	0.0	4.0e-5	0.0	0.0	0.0	0.0	
597	1868014	6585.695271238	1923.8	1923.8	0.000316	0.0	1867794	0	0	0	216	0	0	0	0	0.0	0.0	0.0	0.0	5.0e-6	0.0	0.0	0.0	0.0	401.101	0.0	0.0	0.0	6105.83	0.0	0.0	0.0	0.0	0.000215	0.0	0.0	0.0	28.2677	0.0	0.0	0.0	0.0	81	0	0	0	36	0	0	0	0	158094	0	0	0	16	0	0	0	0	1028090	0	0	0	163	0	0	0	0	266005	0	0	0	1	0	0	0	0	31878	0	0	0	0	0	0	0	0	383646	0	0	0	0	0	0	0	0	0.001071	0.0	0.0	0.0	0.0	0.0	0.0	0.0	0.0	0.999966	0.0	0.0	0.0	3.4e-5	0.0	0.0	0.0	0.0	
598	1873148	6586.695807412	1923.8	1923.8	0.000316	0.0	1872928	0	0	0	216	0	0	0	0	0.0	0.0	0.0	0.0	5.0e-6	0.0	0.0	0.0	0.0	402.099	0.0	0.0	0.0	6105.83	0.0	0.0	0.0	0.0	0.000215	0.0	0.0	0.0	28.2677	0.0	0.0	0.0	0.0	81	0	0	0	36	0	0	0	0	158094	0	0	0	16	0	0	0	0	1029605	0	0	0	163	0	0	0	0	267162	0	0	0	1	0	0	0	0	32009	0	0	0	0	0	0	0	0	385977	0	0	0	0	0	0	0	0	0.001164	0.0	0.0	0.0	0.0	0.0	0.0	0.0	0.0	0.999969	0.0	0.0	0.0	3.1e-5	0.0	0.0	0.0	0.0	
599	1878305	6587.698450137	1923.8	1923.8	0.000315	0.0	1878085	0	0	0	216	0	0	0	0	0.0	0.0	0.0	0.0	5.0e-6	0.0	0.0	0.0	0.0	403.099	0.0	0.0	0.0	6105.83	0.0	0.0	0.0	0.0	0.000215	0.0	0.0	0.0	28.2677	0.0	0.0	0.0	0.0	81	0	0	0	36	0	0	0	0	158094	0	0	0	16	0	0	0	0	1031248	0	0	0	163	0	0	0	0	268332	0	0	0	1	0	0	0	0	32122	0	0	0	0	0	0	0	0	388208	0	0	0	0	0	0	0	0	0.000864	0.0	0.0	0.0	0.0	0.0	0.0	0.0	0.0	0.999958	0.0	0.0	0.0	4.2e-5	0.0	0.0	0.0	0.0	
600	1883426	6588.698477487	1923.8	1923.8	0.000314	0.0	1883206	0	0	0	216	0	0	0	0	0.0	0.0	0.0	0.0	5.0e-6	0.0	0.0	0.0	0.0	404.097	0.0	0.0	0.0	6105.83	0.0	0.0	0.0	0.0	0.000215	0.0	0.0	0.0	28.2677	0.0	0.0	0.0	0.0	81	0	0	0	36	0	0	0	0	158094	0	0	0	16	0	0	0	0	1032799	0	0	0	163	0	0	0	0	269567	0	0	0	1	0	0	0	0	32245	0	0	0	0	0	0	0	0	390420	0	0	0	0	0	0	0	0	0.001138	0.0	0.0	0.0	0.0	0.0	0.0	0.0	0.0	0.999968	0.0	0.0	0.0	3.2e-5	0.0	0.0	0.0	0.0	
601	1886453	6600.408687877	1923.8	1923.8	0.000314	0.0	1886232	0	0	0	217	0	0	0	0	0.0	0.0	0.0	0.0	5.0e-6	0.0	0.0	0.0	0.0	404.681	0.0	0.0	0.0	6116.96	0.0	0.0	0.0	0.0	0.000215	0.0	0.0	0.0	28.1887	0.0	0.0	0.0	0.0	81	0	0	0	36	0	0	0	0	158094	0	0	0	16	0	0	0	0	1033692	0	0	0	164	0	0	0	0	270311	0	0	0	1	0	0	0	0	32317	0	0	0	0	0	0	0	0	391737	0	0	0	0	0	0	0	0	0.001008	0.0	0.0	0.0	0.0	0.0	0.0	0.0	0.0	0.999967	0.0	0.0	0.0	3.3e-5	0.0	0.0	0.0	0.0	
602	1886688	6627.618166665	1923.8	1923.8	0.000307	0.0	1886466	0	0	0	218	0	0	0	0	0.0	0.0	0.0	0.0	4.0e-6	0.0	0.0	0.0	0.0	404.729	0.0	0.0	0.0	6144.12	0.0	0.0	0.0	0.0	0.000215	0.0	0.0	0.0	28.184	0.0	0.0	0.0	0.0	81	0	0	0	36	0	0	0	0	158094	0	0	0	16	0	0	0	0	1033753	0	0	0	165	0	0	0	0	270365	0	0	0	1	0	0	0	0	32319	0	0	0	0	0	0	0	0	391854	0	0	0	0	0	0	0	0	0.000736	0.0	0.0	0.0	0.0	0.0	0.0	0.0	0.0	0.99996	0.0	0.0	0.0	4.0e-5	0.0	0.0	0.0	0.0	
603	1891132	6628.618238784	1923.8	1923.8	0.000291	0.0	1890910	0	0	0	218	0	0	0	0	0.0	0.0	0.0	0.0	4.0e-6	0.0	0.0	0.0	0.0	405.727	0.0	0.0	0.0	6144.12	0.0	0.0	0.0	0.0	0.000215	0.0	0.0	0.0	28.184	0.0	0.0	0.0	0.0	81	0	0	0	36	0	0	0	0	158094	0	0	0	16	0	0	0	0	1035052	0	0	0	165	0	0	0	0	271334	0	0	0	1	0	0	0	0	32389	0	0	0	0	0	0	0	0	393960	0	0	0	0	0	0	0	0	0.001257	0.0	0.0	0.0	0.0	0.0	0.0	0.0	0.0	0.999976	0.0	0.0	0.0	2.4e-5	0.0	0.0	0.0	0.0	
604	1895641	6629.618374545	1923.8	1923.8	0.000291	0.0	1895419	0	0	0	218	0	0	0	0	0.0	0.0	0.0	0.0	4.0e-6	0.0	0.0	0.0	0.0	406.725	0.0	0.0	0.0	6144.12	0.0	0.0	0.0	0.0	0.000215	0.0	0.0	0.0	28.184	0.0	0.0	0.0	0.0	81	0	0	0	36	0	0	0	0	158094	0	0	0	16	0	0	0	0	1036448	0	0	0	165	0	0	0	0	272335	0	0	0	1	0	0	0	0	32495	0	0	0	0	0	0	0	0	395966	0	0	0	0	0	0	0	0	0.000584	0.0	0.0	0.0	0.0	0.0	0.0	0.0	0.0	0.999949	0.0	0.0	0.0	5.1e-5	0.0	0.0	0.0	0.0	
605	1900205	6630.618390565	1923.8	1923.8	0.00029	0.0	1899983	0	0	0	218	0	0	0	0	0.0	0.0	0.0	0.0	4.0e-6	0.0	0.0	0.0	0.0	407.723	0.0	0.0	0.0	6144.12	0.0	0.0	0.0	0.0	0.000215	0.0	0.0	0.0	28.184	0.0	0.0	0.0	0.0	81	0	0	0	36	0	0	0	0	158094	0	0	0	16	0	0	0	0	1037752	0	0	0	165	0	0	0	0	273355	0	0	0	1	0	0	0	0	32602	0	0	0	0	0	0	0	0	398099	0	0	0	0	0	0	0	0	0.001448	0.0	0.0	0.0	0.0	0.0	0.0	0.0	0.0	0.99998	0.0	0.0	0.0	2.0e-5	0.0	0.0	0.0	0.0	
606	1904928	6631.618571121	1923.8	1923.8	0.000289	0.0	1904706	0	0	0	218	0	0	0	0	0.0	0.0	0.0	0.0	4.0e-6	0.0	0.0	0.0	0.0	408.721	0.0	0.0	0.0	6144.12	0.0	0.0	0.0	0.0	0.000215	0.0	0.0	0.0	28.184	0.0	0.0	0.0	0.0	81	0	0	0	36	0	0	0	0	158094	0	0	0	16	0	0	0	0	1039181	0	0	0	165	0	0	0	0	274438	0	0	0	1	0	0	0	0	32729	0	0	0	0	0	0	0	0	400183	0	0	0	0	0	0	0	0	0.001139	0.0	0.0	0.0	0.0	0.0	0.0	0.0	0.0	0.999974	0.0	0.0	0.0	2.6e-5	0.0	0.0	0.0	0.0	
607	1907014	6647.70322497	1923.8	1923.8	0.000289	0.0	1906791	0	0	0	219	0	0	0	0	0.0	0.0	0.0	0.0	4.0e-6	0.0	0.0	0.0	0.0	409.165	0.0	0.0	0.0	6159.76	0.0	0.0	0.0	0.0	0.000215	0.0	0.0	0.0	28.1268	0.0	0.0	0.0	0.0	81	0	0	0	36	0	0	0	0	158094	0	0	0	16	0	0	0	0	1039853	0	0	0	166	0	0	0	0	274911	0	0	0	1	0	0	0	0	32795	0	0	0	0	0	0	0	0	401057	0	0	0	0	0	0	0	0	0.000607	0.0	0.0	0.0	0.0	0.0	0.0	0.0	0.0	0.999956	0.0	0.0	0.0	4.4e-5	0.0	0.0	0.0	0.0	
608	1911606	6648.703293386	1923.8	1923.8	0.00028	0.0	1911383	0	0	0	219	0	0	0	0	0.0	0.0	0.0	0.0	4.0e-6	0.0	0.0	0.0	0.0	410.162	0.0	0.0	0.0	6159.76	0.0	0.0	0.0	0.0	0.000215	0.0	0.0	0.0	28.1268	0.0	0.0	0.0	0.0	81	0	0	0	36	0	0	0	0	158094	0	0	0	16	0	0	0	0	1041235	0	0	0	166	0	0	0	0	275880	0	0	0	1	0	0	0	0	32901	0	0	0	0	0	0	0	0	403192	0	0	0	0	0	0	0	0	0.000909	0.0	0.0	0.0	0.0	0.0	0.0	0.0	0.0	0.999971	0.0	0.0	0.0	2.9e-5	0.0	0.0	0.0	0.0	
609	1916291	6649.703427526	1923.8	1923.8	0.00028	0.0	1916068	0	0	0	219	0	0	0	0	0.0	0.0	0.0	0.0	4.0e-6	0.0	0.0	0.0	0.0	411.16	0.0	0.0	0.0	6159.76	0.0	0.0	0.0	0.0	0.000215	0.0	0.0	0.0	28.1268	0.0	0.0	0.0	0.0	81	0	0	0	36	0	0	0	0	158094	0	0	0	16	0	0	0	0	1042641	0	0	0	166	0	0	0	0	276853	0	0	0	1	0	0	0	0	33039	0	0	0	0	0	0	0	0	405360	0	0	0	0	0	0	0	0	0.00073	0.0	0.0	0.0	0.0	0.0	0.0	0.0	0.0	0.999963	0.0	0.0	0.0	3.7e-5	0.0	0.0	0.0	0.0	
610	1921148	6650.703499577	1923.8	1923.8	0.000279	0.0	1920925	0	0	0	219	0	0	0	0	0.0	0.0	0.0	0.0	4.0e-6	0.0	0.0	0.0	0.0	412.158	0.0	0.0	0.0	6159.76	0.0	0.0	0.0	0.0	0.000215	0.0	0.0	0.0	28.1268	0.0	0.0	0.0	0.0	81	0	0	0	36	0	0	0	0	158094	0	0	0	16	0	0	0	0	1044003	0	0	0	166	0	0	0	0	277795	0	0	0	1	0	0	0	0	33166	0	0	0	0	0	0	0	0	407786	0	0	0	0	0	0	0	0	0.00132	0.0	0.0	0.0	0.0	0.0	0.0	0.0	0.0	0.99998	0.0	0.0	0.0	2.0e-5	0.0	0.0	0.0	0.0	
611	1925922	6651.703560947	1923.8	1923.8	0.000278	0.0	1925699	0	0	0	219	0	0	0	0	0.0	0.0	0.0	0.0	4.0e-6	0.0	0.0	0.0	0.0	413.156	0.0	0.0	0.0	6159.76	0.0	0.0	0.0	0.0	0.000215	0.0	0.0	0.0	28.1268	0.0	0.0	0.0	0.0	81	0	0	0	36	0	0	0	0	158094	0	0	0	16	0	0	0	0	1045387	0	0	0	166	0	0	0	0	278747	0	0	0	1	0	0	0	0	33315	0	0	0	0	0	0	0	0	410075	0	0	0	0	0	0	0	0	0.000608	0.0	0.0	0.0	0.0	0.0	0.0	0.0	0.0	0.999956	0.0	0.0	0.0	4.4e-5	0.0	0.0	0.0	0.0	
612	1930737	6652.703624694	1923.8	1923.8	0.000278	0.0	1930514	0	0	0	219	0	0	0	0	0.0	0.0	0.0	0.0	4.0e-6	0.0	0.0	0.0	0.0	414.154	0.0	0.0	0.0	6159.76	0.0	0.0	0.0	0.0	0.000215	0.0	0.0	0.0	28.1268	0.0	0.0	0.0	0.0	81	0	0	0	36	0	0	0	0	158094	0	0	0	16	0	0	0	0	1046779	0	0	0	166	0	0	0	0	279693	0	0	0	1	0	0	0	0	33465	0	0	0	0	0	0	0	0	412402	0	0	0	0	0	0	0	0	0.000945	0.0	0.0	0.0	0.0	0.0	0.0	0.0	0.0	0.999972	0.0	0.0	0.0	2.8e-5	0.0	0.0	0.0	0.0	
613	1934715	6661.383342774	1923.8	1923.8	0.000277	0.0	1934491	0	0	0	220	0	0	0	0	0.0	0.0	0.0	0.0	4.0e-6	0.0	0.0	0.0	0.0	414.975	0.0	0.0	0.0	6167.62	0.0	0.0	0.0	0.0	0.000215	0.0	0.0	0.0	28.0346	0.0	0.0	0.0	0.0	81	0	0	0	36	0	0	0	0	158094	0	0	0	16	0	0	0	0	1047921	0	0	0	167	0	0	0	0	280439	0	0	0	1	0	0	0	0	33594	0	0	0	0	0	0	0	0	414362	0	0	0	0	0	0	0	0	0.000864	0.0	0.0	0.0	0.0	0.0	0.0	0.0	0.0	0.999972	0.0	0.0	0.0	2.8e-5	0.0	0.0	0.0	0.0	
614	1934724	6767.858661078	1923.8	1923.8	0.000273	0.0	1934499	0	0	0	221	0	0	0	0	0.0	0.0	0.0	0.0	3.0e-6	0.0	0.0	0.0	0.0	414.977	0.0	0.0	0.0	6274.09	0.0	0.0	0.0	0.0	0.000215	0.0	0.0	0.0	28.3895	0.0	0.0	0.0	0.0	81	0	0	0	36	0	0	0	0	158094	0	0	0	16	0	0	0	0	1047922	0	0	0	168	0	0	0	0	280441	0	0	0	1	0	0	0	0	33594	0	0	0	0	0	0	0	0	414367	0	0	0	0	0	0	0	0	0.00069	0.0	0.0	0.0	0.0	0.0	0.0	0.0	0.0	0.999969	0.0	0.0	0.0	3.1e-5	0.0	0.0	0.0	0.0	
615	1939381	6768.858886675	1923.8	1923.8	0.000222	0.0	1939156	0	0	0	221	0	0	0	0	0.0	0.0	0.0	0.0	3.0e-6	0.0	0.0	0.0	0.0	415.975	0.0	0.0	0.0	6274.09	0.0	0.0	0.0	0.0	0.000215	0.0	0.0	0.0	28.3895	0.0	0.0	0.0	0.0	81	0	0	0	36	0	0	0	0	158094	0	0	0	16	0	0	0	0	1049311	0	0	0	168	0	0	0	0	281463	0	0	0	1	0	0	0	0	33710	0	0	0	0	0	0	0	0	416497	0	0	0	0	0	0	0	0	0.000983	0.0	0.0	0.0	0.0	0.0	0.0	0.0	0.0	0.999978	0.0	0.0	0.0	2.2e-5	0.0	0.0	0.0	0.0	
616	1944071	6769.86229474	1923.8	1923.8	0.000222	0.0	1943846	0	0	0	221	0	0	0	0	0.0	0.0	0.0	0.0	3.0e-6	0.0	0.0	0.0	0.0	416.976	0.0	0.0	0.0	6274.09	0.0	0.0	0.0	0.0	0.000215	0.0	0.0	0.0	28.3895	0.0	0.0	0.0	0.0	81	0	0	0	36	0	0	0	0	158094	0	0	0	16	0	0	0	0	1050775	0	0	0	168	0	0	0	0	282466	0	0	0	1	0	0	0	0	33848	0	0	0	0	0	0	0	0	418582	0	0	0	0	0	0	0	0	0.000713	0.0	0.0	0.0	0.0	0.0	0.0	0.0	0.0	0.99997	0.0	0.0	0.0	3.0e-5	0.0	0.0	0.0	0.0	
617	1948873	6770.865496286	1923.8	1923.8	0.000221	0.0	1948648	0	0	0	221	0	0	0	0	0.0	0.0	0.0	0.0	3.0e-6	0.0	0.0	0.0	0.0	417.977	0.0	0.0	0.0	6274.09	0.0	0.0	0.0	0.0	0.000214	0.0	0.0	0.0	28.3895	0.0	0.0	0.0	0.0	81	0	0	0	36	0	0	0	0	158094	0	0	0	16	0	0	0	0	1052244	0	0	0	168	0	0	0	0	283537	0	0	0	1	0	0	0	0	33955	0	0	0	0	0	0	0	0	420737	0	0	0	0	0	0	0	0	0.001317	0.0	0.0	0.0	0.0	0.0	0.0	0.0	0.0	0.999984	0.0	0.0	0.0	1.6e-5	0.0	0.0	0.0	0.0	
618	1953703	6771.865533583	1923.8	1923.8	0.000221	0.0	1953478	0	0	0	221	0	0	0	0	0.0	0.0	0.0	0.0	3.0e-6	0.0	0.0	0.0	0.0	418.975	0.0	0.0	0.0	6274.09	0.0	0.0	0.0	0.0	0.000214	0.0	0.0	0.0	28.3895	0.0	0.0	0.0	0.0	81	0	0	0	36	0	0	0	0	158094	0	0	0	16	0	0	0	0	1053868	0	0	0	168	0	0	0	0	284605	0	0	0	1	0	0	0	0	34084	0	0	0	0	0	0	0	0	422746	0	0	0	0	0	0	0	0	0.000965	0.0	0.0	0.0	0.0	0.0	0.0	0.0	0.0	0.999978	0.0	0.0	0.0	2.2e-5	0.0	0.0	0.0	0.0	
619	1958570	6772.865620944	1923.8	1923.8	0.000221	0.0	1958345	0	0	0	221	0	0	0	0	0.0	0.0	0.0	0.0	3.0e-6	0.0	0.0	0.0	0.0	419.973	0.0	0.0	0.0	6274.09	0.0	0.0	0.0	0.0	0.000214	0.0	0.0	0.0	28.3895	0.0	0.0	0.0	0.0	81	0	0	0	36	0	0	0	0	158094	0	0	0	16	0	0	0	0	1055487	0	0	0	168	0	0	0	0	285660	0	0	0	1	0	0	0	0	34206	0	0	0	0	0	0	0	0	424817	0	0	0	0	0	0	0	0	0.001072	0.0	0.0	0.0	0.0	0.0	0.0	0.0	0.0	0.99998	0.0	0.0	0.0	2.0e-5	0.0	0.0	0.0	0.0	
620	1963458	6773.865663824	1923.8	1923.8	0.00022	0.0	1963233	0	0	0	221	0	0	0	0	0.0	0.0	0.0	0.0	3.0e-6	0.0	0.0	0.0	0.0	420.971	0.0	0.0	0.0	6274.09	0.0	0.0	0.0	0.0	0.000214	0.0	0.0	0.0	28.3895	0.0	0.0	0.0	0.0	81	0	0	0	36	0	0	0	0	158094	0	0	0	16	0	0	0	0	1057032	0	0	0	168	0	0	0	0	286697	0	0	0	1	0	0	0	0	34338	0	0	0	0	0	0	0	0	426991	0	0	0	0	0	0	0	0	0.001234	0.0	0.0	0.0	0.0	0.0	0.0	0.0	0.0	0.999983	0.0	0.0	0.0	1.7e-5	0.0	0.0	0.0	0.0	
621	1968309	6774.865816723	1923.8	1923.8	0.00022	0.0	1968084	0	0	0	221	0	0	0	0	0.0	0.0	0.0	0.0	3.0e-6	0.0	0.0	0.0	0.0	421.969	0.0	0.0	0.0	6274.09	0.0	0.0	0.0	0.0	0.000214	0.0	0.0	0.0	28.3895	0.0	0.0	0.0	0.0	81	0	0	0	36	0	0	0	0	158094	0	0	0	16	0	0	0	0	1058630	0	0	0	168	0	0	0	0	287769	0	0	0	1	0	0	0	0	34475	0	0	0	0	0	0	0	0	429035	0	0	0	0	0	0	0	0	0.000815	0.0	0.0	0.0	0.0	0.0	0.0	0.0	0.0	0.999974	0.0	0.0	0.0	2.6e-5	0.0	0.0	0.0	0.0	
622	1973240	6775.865930526	1923.8	1923.8	0.000219	0.0	1973015	0	0	0	221	0	0	0	0	0.0	0.0	0.0	0.0	3.0e-6	0.0	0.0	0.0	0.0	422.967	0.0	0.0	0.0	6274.09	0.0	0.0	0.0	0.0	0.000214	0.0	0.0	0.0	28.3895	0.0	0.0	0.0	0.0	81	0	0	0	36	0	0	0	0	158094	0	0	0	16	0	0	0	0	1060099	0	0	0	168	0	0	0	0	288857	0	0	0	1	0	0	0	0	34591	0	0	0	0	0	0	0	0	431293	0	0	0	0	0	0	0	0	0.001221	0.0	0.0	0.0	0.0	0.0	0.0	0.0	0.0	0.999982	0.0	0.0	0.0	1.8e-5	0.0	0.0	0.0	0.0	
623	1978131	6776.869519742	1923.8	1923.8	0.000219	0.0	1977906	0	0	0	221	0	0	0	0	0.0	0.0	0.0	0.0	3.0e-6	0.0	0.0	0.0	0.0	423.968	0.0	0.0	0.0	6274.09	0.0	0.0	0.0	0.0	0.000214	0.0	0.0	0.0	28.3895	0.0	0.0	0.0	0.0	81	0	0	0	36	0	0	0	0	158094	0	0	0	16	0	0	0	0	1061587	0	0	0	168	0	0	0	0	289948	0	0	0	1	0	0	0	0	34698	0	0	0	0	0	0	0	0	433498	0	0	0	0	0	0	0	0	0.001052	0.0	0.0	0.0	0.0	0.0	0.0	0.0	0.0	0.99998	0.0	0.0	0.0	2.0e-5	0.0	0.0	0.0	0.0	
624	1983040	6777.869589286	1923.8	1923.8	0.000218	0.0	1982815	0	0	0	221	0	0	0	0	0.0	0.0	0.0	0.0	3.0e-6	0.0	0.0	0.0	0.0	424.966	0.0	0.0	0.0	6274.09	0.0	0.0	0.0	0.0	0.000214	0.0	0.0	0.0	28.3895	0.0	0.0	0.0	0.0	81	0	0	0	36	0	0	0	0	158094	0	0	0	16	0	0	0	0	1063082	0	0	0	168	0	0	0	0	291050	0	0	0	1	0	0	0	0	34811	0	0	0	0	0	0	0	0	435697	0	0	0	0	0	0	0	0	0.00108	0.0	0.0	0.0	0.0	0.0	0.0	0.0	0.0	0.99998	0.0	0.0	0.0	2.0e-5	0.0	0.0	0.0	0.0	
625	1987929	6778.869641271	1923.8	1923.8	0.000218	0.0	1987704	0	0	0	221	0	0	0	0	0.0	0.0	0.0	0.0	3.0e-6	0.0	0.0	0.0	0.0	425.964	0.0	0.0	0.0	6274.09	0.0	0.0	0.0	0.0	0.000214	0.0	0.0	0.0	28.3895	0.0	0.0	0.0	0.0	81	0	0	0	36	0	0	0	0	158094	0	0	0	16	0	0	0	0	1064621	0	0	0	168	0	0	0	0	292141	0	0	0	1	0	0	0	0	34913	0	0	0	0	0	0	0	0	437854	0	0	0	0	0	0	0	0	0.001038	0.0	0.0	0.0	0.0	0.0	0.0	0.0	0.0	0.999979	0.0	0.0	0.0	2.1e-5	0.0	0.0	0.0	0.0	
626	1992800	6779.869763189	1923.8	1923.8	0.000218	0.0	1992575	0	0	0	221	0	0	0	0	0.0	0.0	0.0	0.0	3.0e-6	0.0	0.0	0.0	0.0	426.961	0.0	0.0	0.0	6274.09	0.0	0.0	0.0	0.0	0.000214	0.0	0.0	0.0	28.3895	0.0	0.0	0.0	0.0	81	0	0	0	36	0	0	0	0	158094	0	0	0	16	0	0	0	0	1066121	0	0	0	168	0	0	0	0	293258	0	0	0	1	0	0	0	0	35009	0	0	0	0	0	0	0	0	440012	0	0	0	0	0	0	0	0	0.000831	0.0	0.0	0.0	0.0	0.0	0.0	0.0	0.0	0.999974	0.0	0.0	0.0	2.6e-5	0.0	0.0	0.0	0.0	
627	1997750	6780.869847129	1923.8	1923.8	0.000217	0.0	1997525	0	0	0	221	0	0	0	0	0.0	0.0	0.0	0.0	3.0e-6	0.0	0.0	0.0	0.0	427.959	0.0	0.0	0.0	6274.09	0.0	0.0	0.0	0.0	0.000214	0.0	0.0	0.0	28.3895	0.0	0.0	0.0	0.0	81	0	0	0	36	0	0	0	0	158094	0	0	0	16	0	0	0	0	1067561	0	0	0	168	0	0	0	0	294382	0	0	0	1	0	0	0	0	35141	0	0	0	0	0	0	0	0	442266	0	0	0	0	0	0	0	0	0.001216	0.0	0.0	0.0	0.0	0.0	0.0	0.0	0.0	0.999982	0.0	0.0	0.0	1.8e-5	0.0	0.0	0.0	0.0	
628	2002682	6781.869994149	1923.8	1923.8	0.000217	0.0	2002457	0	0	0	221	0	0	0	0	0.0	0.0	0.0	0.0	3.0e-6	0.0	0.0	0.0	0.0	428.957	0.0	0.0	0.0	6274.09	0.0	0.0	0.0	0.0	0.000214	0.0	0.0	0.0	28.3895	0.0	0.0	0.0	0.0	81	0	0	0	36	0	0	0	0	158094	0	0	0	16	0	0	0	0	1069028	0	0	0	168	0	0	0	0	295533	0	0	0	1	0	0	0	0	35265	0	0	0	0	0	0	0	0	444456	0	0	0	0	0	0	0	0	0.001105	0.0	0.0	0.0	0.0	0.0	0.0	0.0	0.0	0.999981	0.0	0.0	0.0	1.9e-5	0.0	0.0	0.0	0.0	
629	2002824	6812.952037996	1923.8	1923.8	0.000217	0.0	2002598	0	0	0	222	0	0	0	0	0.0	0.0	0.0	0.0	3.0e-6	0.0	0.0	0.0	0.0	428.987	0.0	0.0	0.0	6305.14	0.0	0.0	0.0	0.0	0.000214	0.0	0.0	0.0	28.4015	0.0	0.0	0.0	0.0	81	0	0	0	36	0	0	0	0	158094	0	0	0	16	0	0	0	0	1069076	0	0	0	169	0	0	0	0	295568	0	0	0	1	0	0	0	0	35266	0	0	0	0	0	0	0	0	444513	0	0	0	0	0	0	0	0	0.000967	0.0	0.0	0.0	0.0	0.0	0.0	0.0	0.0	0.99998	0.0	0.0	0.0	2.0e-5	0.0	0.0	0.0	0.0	
630	2007367	6813.952151745	1923.8	1923.8	0.000204	0.0	2007141	0	0	0	222	0	0	0	0	0.0	0.0	0.0	0.0	3.0e-6	0.0	0.0	0.0	0.0	429.985	0.0	0.0	0.0	6305.14	0.0	0.0	0.0	0.0	0.000214	0.0	0.0	0.0	28.4015	0.0	0.0	0.0	0.0	81	0	0	0	36	0	0	0	0	158094	0	0	0	16	0	0	0	0	1070515	0	0	0	169	0	0	0	0	296550	0	0	0	1	0	0	0	0	35404	0	0	0	0	0	0	0	0	446497	0	0	0	0	0	0	0	0	0.001254	0.0	0.0	0.0	0.0	0.0	0.0	0.0	0.0	0.999985	0.0	0.0	0.0	1.5e-5	0.0	0.0	0.0	0.0	
631	2011950	6814.952213358	1923.8	1923.8	0.000203	0.0	2011724	0	0	0	222	0	0	0	0	0.0	0.0	0.0	0.0	3.0e-6	0.0	0.0	0.0	0.0	430.983	0.0	0.0	0.0	6305.14	0.0	0.0	0.0	0.0	0.000214	0.0	0.0	0.0	28.4015	0.0	0.0	0.0	0.0	81	0	0	0	36	0	0	0	0	158094	0	0	0	16	0	0	0	0	1071981	0	0	0	169	0	0	0	0	297583	0	0	0	1	0	0	0	0	35525	0	0	0	0	0	0	0	0	448460	0	0	0	0	0	0	0	0	0.000974	0.0	0.0	0.0	0.0	0.0	0.0	0.0	0.0	0.99998	0.0	0.0	0.0	2.0e-5	0.0	0.0	0.0	0.0	
632	2016684	6815.952299447	1923.8	1923.8	0.000203	0.0	2016458	0	0	0	222	0	0	0	0	0.0	0.0	0.0	0.0	3.0e-6	0.0	0.0	0.0	0.0	431.98	0.0	0.0	0.0	6305.14	0.0	0.0	0.0	0.0	0.000214	0.0	0.0	0.0	28.4015	0.0	0.0	0.0	0.0	81	0	0	0	36	0	0	0	0	158094	0	0	0	16	0	0	0	0	1073481	0	0	0	169	0	0	0	0	298555	0	0	0	1	0	0	0	0	35641	0	0	0	0	0	0	0	0	450606	0	0	0	0	0	0	0	0	0.000909	0.0	0.0	0.0	0.0	0.0	0.0	0.0	0.0	0.999979	0.0	0.0	0.0	2.1e-5	0.0	0.0	0.0	0.0	
633	2021437	6816.957142924	1923.8	1923.8	0.000203	0.0	2021211	0	0	0	222	0	0	0	0	0.0	0.0	0.0	0.0	3.0e-6	0.0	0.0	0.0	0.0	432.983	0.0	0.0	0.0	6305.14	0.0	0.0	0.0	0.0	0.000214	0.0	0.0	0.0	28.4015	0.0	0.0	0.0	0.0	81	0	0	0	36	0	0	0	0	158094	0	0	0	16	0	0	0	0	1074941	0	0	0	169	0	0	0	0	299656	0	0	0	1	0	0	0	0	35729	0	0	0	0	0	0	0	0	452710	0	0	0	0	0	0	0	0	0.001166	0.0	0.0	0.0	0.0	0.0	0.0	0.0	0.0	0.999983	0.0	0.0	0.0	1.7e-5	0.0	0.0	0.0	0.0	
634	2026251	6817.957267238	1923.8	1923.8	0.000202	0.0	2026025	0	0	0	222	0	0	0	0	0.0	0.0	0.0	0.0	3.0e-6	0.0	0.0	0.0	0.0	433.981	0.0	0.0	0.0	6305.14	0.0	0.0	0.0	0.0	0.000214	0.0	0.0	0.0	28.4015	0.0	0.0	0.0	0.0	81	0	0	0	36	0	0	0	0	158094	0	0	0	16	0	0	0	0	1076427	0	0	0	169	0	0	0	0	300720	0	0	0	1	0	0	0	0	35865	0	0	0	0	0	0	0	0	454838	0	0	0	0	0	0	0	0	0.001092	0.0	0.0	0.0	0.0	0.0	0.0	0.0	0.0	0.999982	0.0	0.0	0.0	1.8e-5	0.0	0.0	0.0	0.0	
635	2030993	6818.957378503	1923.8	1923.8	0.000202	0.0	2030767	0	0	0	222	0	0	0	0	0.0	0.0	0.0	0.0	3.0e-6	0.0	0.0	0.0	0.0	434.979	0.0	0.0	0.0	6305.14	0.0	0.0	0.0	0.0	0.000214	0.0	0.0	0.0	28.4015	0.0	0.0	0.0	0.0	81	0	0	0	36	0	0	0	0	158094	0	0	0	16	0	0	0	0	1077946	0	0	0	169	0	0	0	0	301735	0	0	0	1	0	0	0	0	35978	0	0	0	0	0	0	0	0	456933	0	0	0	0	0	0	0	0	0.000815	0.0	0.0	0.0	0.0	0.0	0.0	0.0	0.0	0.999976	0.0	0.0	0.0	2.4e-5	0.0	0.0	0.0	0.0	
636	2035753	6819.957530698	1923.8	1923.8	0.000201	0.0	2035527	0	0	0	222	0	0	0	0	0.0	0.0	0.0	0.0	3.0e-6	0.0	0.0	0.0	0.0	435.977	0.0	0.0	0.0	6305.14	0.0	0.0	0.0	0.0	0.000214	0.0	0.0	0.0	28.4015	0.0	0.0	0.0	0.0	81	0	0	0	36	0	0	0	0	158094	0	0	0	16	0	0	0	0	1079409	0	0	0	169	0	0	0	0	302752	0	0	0	1	0	0	0	0	36143	0	0	0	0	0	0	0	0	459048	0	0	0	0	0	0	0	0	0.000897	0.0	0.0	0.0	0.0	0.0	0.0	0.0	0.0	0.999979	0.0	0.0	0.0	2.1e-5	0.0	0.0	0.0	0.0	
637	2040420	6820.957566785	1923.8	1923.8	0.000201	0.0	2040194	0	0	0	222	0	0	0	0	0.0	0.0	0.0	0.0	3.0e-6	0.0	0.0	0.0	0.0	436.975	0.0	0.0	0.0	6305.14	0.0	0.0	0.0	0.0	0.000214	0.0	0.0	0.0	28.4015	0.0	0.0	0.0	0.0	81	0	0	0	36	0	0	0	0	158094	0	0	0	16	0	0	0	0	1080936	0	0	0	169	0	0	0	0	303806	0	0	0	1	0	0	0	0	36278	0	0	0	0	0	0	0	0	460999	0	0	0	0	0	0	0	0	0.001012	0.0	0.0	0.0	0.0	0.0	0.0	0.0	0.0	0.999981	0.0	0.0	0.0	1.9e-5	0.0	0.0	0.0	0.0	
638	2045121	6821.957680368	1923.8	1923.8	0.000201	0.0	2044895	0	0	0	222	0	0	0	0	0.0	0.0	0.0	0.0	3.0e-6	0.0	0.0	0.0	0.0	437.972	0.0	0.0	0.0	6305.14	0.0	0.0	0.0	0.0	0.000214	0.0	0.0	0.0	28.4015	0.0	0.0	0.0	0.0	81	0	0	0	36	0	0	0	0	158094	0	0	0	16	0	0	0	0	1082384	0	0	0	169	0	0	0	0	304839	0	0	0	1	0	0	0	0	36382	0	0	0	0	0	0	0	0	463115	0	0	0	0	0	0	0	0	0.001005	0.0	0.0	0.0	0.0	0.0	0.0	0.0	0.0	0.999981	0.0	0.0	0.0	1.9e-5	0.0	0.0	0.0	0.0	
639	2049818	6822.957744854	1923.8	1923.8	0.0002	0.0	2049592	0	0	0	222	0	0	0	0	0.0	0.0	0.0	0.0	3.0e-6	0.0	0.0	0.0	0.0	438.97	0.0	0.0	0.0	6305.14	0.0	0.0	0.0	0.0	0.000214	0.0	0.0	0.0	28.4015	0.0	0.0	0.0	0.0	81	0	0	0	36	0	0	0	0	158094	0	0	0	16	0	0	0	0	1083835	0	0	0	169	0	0	0	0	305880	0	0	0	1	0	0	0	0	36521	0	0	0	0	0	0	0	0	465181	0	0	0	0	0	0	0	0	0.000974	0.0	0.0	0.0	0.0	0.0	0.0	0.0	0.0	0.99998	0.0	0.0	0.0	2.0e-5	0.0	0.0	0.0	0.0	
640	2054476	6823.957914501	1923.8	1923.8	0.0002	0.0	2054250	0	0	0	222	0	0	0	0	0.0	0.0	0.0	0.0	3.0e-6	0.0	0.0	0.0	0.0	439.968	0.0	0.0	0.0	6305.14	0.0	0.0	0.0	0.0	0.000214	0.0	0.0	0.0	28.4015	0.0	0.0	0.0	0.0	81	0	0	0	36	0	0	0	0	158094	0	0	0	16	0	0	0	0	1085351	0	0	0	169	0	0	0	0	306939	0	0	0	1	0	0	0	0	36654	0	0	0	0	0	0	0	0	467131	0	0	0	0	0	0	0	0	0.001524	0.0	0.0	0.0	0.0	0.0	0.0	0.0	0.0	0.999987	0.0	0.0	0.0	1.3e-5	0.0	0.0	0.0	0.0	
641	2057193	6829.055548473	1923.8	1923.8	0.0002	0.0	2056966	0	0	0	223	0	0	0	0	0.0	0.0	0.0	0.0	3.0e-6	0.0	0.0	0.0	0.0	440.546	0.0	0.0	0.0	6309.66	0.0	0.0	0.0	0.0	0.000214	0.0	0.0	0.0	28.2944	0.0	0.0	0.0	0.0	81	0	0	0	36	0	0	0	0	158094	0	0	0	16	0	0	0	0	1086180	0	0	0	170	0	0	0	0	307563	0	0	0	1	0	0	0	0	36735	0	0	0	0	0	0	0	0	468313	0	0	0	0	0	0	0	0	0.000732	0.0	0.0	0.0	0.0	0.0	0.0	0.0	0.0	0.999976	0.0	0.0	0.0	2.4e-5	0.0	0.0	0.0	0.0	
642	2059171	6835.580106326	1923.8	1923.8	0.000198	0.0	2058943	0	0	0	224	0	0	0	0	0.0	0.0	0.0	0.0	2.0e-6	0.0	0.0	0.0	0.0	440.981	0.0	0.0	0.0	6315.75	0.0	0.0	0.0	0.0	0.000214	0.0	0.0	0.0	28.1953	0.0	0.0	0.0	0.0	81	0	0	0	36	0	0	0	0	158094	0	0	0	16	0	0	0	0	1086762	0	0	0	171	0	0	0	0	308025	0	0	0	1	0	0	0	0	36779	0	0	0	0	0	0	0	0	469202	0	0	0	0	0	0	0	0	0.000653	0.0	0.0	0.0	0.0	0.0	0.0	0.0	0.0	0.999976	0.0	0.0	0.0	2.4e-5	0.0	0.0	0.0	0.0	
643	2063744	6836.580164253	1923.8	1923.8	0.000195	0.0	2063516	0	0	0	224	0	0	0	0	0.0	0.0	0.0	0.0	2.0e-6	0.0	0.0	0.0	0.0	441.978	0.0	0.0	0.0	6315.75	0.0	0.0	0.0	0.0	0.000214	0.0	0.0	0.0	28.1953	0.0	0.0	0.0	0.0	81	0	0	0	36	0	0	0	0	158094	0	0	0	16	0	0	0	0	1088154	0	0	0	171	0	0	0	0	309040	0	0	0	1	0	0	0	0	36896	0	0	0	0	0	0	0	0	471251	0	0	0	0	0	0	0	0	0.001071	0.0	0.0	0.0	0.0	0.0	0.0	0.0	0.0	0.999985	0.0	0.0	0.0	1.5e-5	0.0	0.0	0.0	0.0	
644	2068390	6837.580279035	1923.8	1923.8	0.000195	0.0	2068162	0	0	0	224	0	0	0	0	0.0	0.0	0.0	0.0	2.0e-6	0.0	0.0	0.0	0.0	442.976	0.0	0.0	0.0	6315.75	0.0	0.0	0.0	0.0	0.000214	0.0	0.0	0.0	28.1953	0.0	0.0	0.0	0.0	81	0	0	0	36	0	0	0	0	158094	0	0	0	16	0	0	0	0	1089594	0	0	0	171	0	0	0	0	310096	0	0	0	1	0	0	0	0	37014	0	0	0	0	0	0	0	0	473283	0	0	0	0	0	0	0	0	0.000809	0.0	0.0	0.0	0.0	0.0	0.0	0.0	0.0	0.99998	0.0	0.0	0.0	2.0e-5	0.0	0.0	0.0	0.0	
645	2071400	6900.162859748	1923.8	1923.8	0.000195	0.0	2071171	0	0	0	225	0	0	0	0	0.0	0.0	0.0	0.0	2.0e-6	0.0	0.0	0.0	0.0	443.613	0.0	0.0	0.0	6377.69	0.0	0.0	0.0	0.0	0.000214	0.0	0.0	0.0	28.3453	0.0	0.0	0.0	0.0	81	0	0	0	36	0	0	0	0	158094	0	0	0	16	0	0	0	0	1090561	0	0	0	172	0	0	0	0	310793	0	0	0	1	0	0	0	0	37085	0	0	0	0	0	0	0	0	474557	0	0	0	0	0	0	0	0	0.00103	0.0	0.0	0.0	0.0	0.0	0.0	0.0	0.0	0.999986	0.0	0.0	0.0	1.4e-5	0.0	0.0	0.0	0.0	
646	2076031	6901.162903129	1923.8	1923.8	0.000172	0.0	2075802	0	0	0	225	0	0	0	0	0.0	0.0	0.0	0.0	2.0e-6	0.0	0.0	0.0	0.0	444.611	0.0	0.0	0.0	6377.69	0.0	0.0	0.0	0.0	0.000214	0.0	0.0	0.0	28.3453	0.0	0.0	0.0	0.0	81	0	0	0	36	0	0	0	0	158094	0	0	0	16	0	0	0	0	1092009	0	0	0	172	0	0	0	0	311862	0	0	0	1	0	0	0	0	37167	0	0	0	0	0	0	0	0	476589	0	0	0	0	0	0	0	0	0.000833	0.0	0.0	0.0	0.0	0.0	0.0	0.0	0.0	0.999983	0.0	0.0	0.0	1.7e-5	0.0	0.0	0.0	0.0	
647	2080719	6902.162956569	1923.8	1923.8	0.000172	0.0	2080490	0	0	0	225	0	0	0	0	0.0	0.0	0.0	0.0	2.0e-6	0.0	0.0	0.0	0.0	445.609	0.0	0.0	0.0	6377.69	0.0	0.0	0.0	0.0	0.000214	0.0	0.0	0.0	28.3453	0.0	0.0	0.0	0.0	81	0	0	0	36	0	0	0	0	158094	0	0	0	16	0	0	0	0	1093426	0	0	0	172	0	0	0	0	312927	0	0	0	1	0	0	0	0	37277	0	0	0	0	0	0	0	0	478685	0	0	0	0	0	0	0	0	0.000475	0.0	0.0	0.0	0.0	0.0	0.0	0.0	0.0	0.99997	0.0	0.0	0.0	3.0e-5	0.0	0.0	0.0	0.0	
648	2085390	6903.162985808	1923.8	1923.8	0.000172	0.0	2085161	0	0	0	225	0	0	0	0	0.0	0.0	0.0	0.0	2.0e-6	0.0	0.0	0.0	0.0	446.607	0.0	0.0	0.0	6377.69	0.0	0.0	0.0	0.0	0.000214	0.0	0.0	0.0	28.3453	0.0	0.0	0.0	0.0	81	0	0	0	36	0	0	0	0	158094	0	0	0	16	0	0	0	0	1094918	0	0	0	172	0	0	0	0	313961	0	0	0	1	0	0	0	0	37406	0	0	0	0	0	0	0	0	480701	0	0	0	0	0	0	0	0	0.001248	0.0	0.0	0.0	0.0	0.0	0.0	0.0	0.0	0.999989	0.0	0.0	0.0	1.1e-5	0.0	0.0	0.0	0.0	
649	2090205	6904.16301008	1923.8	1923.8	0.000171	0.0	2089976	0	0	0	225	0	0	0	0	0.0	0.0	0.0	0.0	2.0e-6	0.0	0.0	0.0	0.0	447.605	0.0	0.0	0.0	6377.69	0.0	0.0	0.0	0.0	0.000214	0.0	0.0	0.0	28.3453	0.0	0.0	0.0	0.0	81	0	0	0	36	0	0	0	0	158094	0	0	0	16	0	0	0	0	1096459	0	0	0	172	0	0	0	0	315027	0	0	0	1	0	0	0	0	37523	0	0	0	0	0	0	0	0	482792	0	0	0	0	0	0	0	0	0.001345	0.0	0.0	0.0	0.0	0.0	0.0	0.0	0.0	0.99999	0.0	0.0	0.0	1.0e-5	0.0	0.0	0.0	0.0	
650	2095022	6905.163061955	1923.8	1923.8	0.000171	0.0	2094793	0	0	0	225	0	0	0	0	0.0	0.0	0.0	0.0	2.0e-6	0.0	0.0	0.0	0.0	448.602	0.0	0.0	0.0	6377.69	0.0	0.0	0.0	0.0	0.000214	0.0	0.0	0.0	28.3453	0.0	0.0	0.0	0.0	81	0	0	0	36	0	0	0	0	158094	0	0	0	16	0	0	0	0	1098023	0	0	0	172	0	0	0	0	316224	0	0	0	1	0	0	0	0	37616	0	0	0	0	0	0	0	0	484755	0	0	0	0	0	0	0	0	0.000809	0.0	0.0	0.0	0.0	0.0	0.0	0.0	0.0	0.999983	0.0	0.0	0.0	1.7e-5	0.0	0.0	0.0	0.0	
651	2097326	6923.334748196	1923.8	1923.8	0.000171	0.0	2097096	0	0	0	226	0	0	0	0	0.0	0.0	0.0	0.0	2.0e-6	0.0	0.0	0.0	0.0	449.074	0.0	0.0	0.0	6395.39	0.0	0.0	0.0	0.0	0.000214	0.0	0.0	0.0	28.2982	0.0	0.0	0.0	0.0	81	0	0	0	36	0	0	0	0	158094	0	0	0	16	0	0	0	0	1098810	0	0	0	173	0	0	0	0	316796	0	0	0	1	0	0	0	0	37656	0	0	0	0	0	0	0	0	485659	0	0	0	0	0	0	0	0	0.000893	0.0	0.0	0.0	0.0	0.0	0.0	0.0	0.0	0.999986	0.0	0.0	0.0	1.4e-5	0.0	0.0	0.0	0.0	
652	2101929	6924.336039884	1923.8	1923.8	0.000165	0.0	2101699	0	0	0	226	0	0	0	0	0.0	0.0	0.0	0.0	2.0e-6	0.0	0.0	0.0	0.0	450.073	0.0	0.0	0.0	6395.39	0.0	0.0	0.0	0.0	0.000214	0.0	0.0	0.0	28.2982	0.0	0.0	0.0	0.0	81	0	0	0	36	0	0	0	0	158094	0	0	0	16	0	0	0	0	1100376	0	0	0	173	0	0	0	0	317803	0	0	0	1	0	0	0	0	37788	0	0	0	0	0	0	0	0	487557	0	0	0	0	0	0	0	0	0.000899	0.0	0.0	0.0	0.0	0.0	0.0	0.0	0.0	0.999986	0.0	0.0	0.0	1.4e-5	0.0	0.0	0.0	0.0	
653	2106687	6925.336174839	1923.8	1923.8	0.000165	0.0	2106457	0	0	0	226	0	0	0	0	0.0	0.0	0.0	0.0	2.0e-6	0.0	0.0	0.0	0.0	451.071	0.0	0.0	0.0	6395.39	0.0	0.0	0.0	0.0	0.000214	0.0	0.0	0.0	28.2982	0.0	0.0	0.0	0.0	81	0	0	0	36	0	0	0	0	158094	0	0	0	16	0	0	0	0	1101801	0	0	0	173	0	0	0	0	318895	0	0	0	1	0	0	0	0	37937	0	0	0	0	0	0	0	0	489649	0	0	0	0	0	0	0	0	0.000868	0.0	0.0	0.0	0.0	0.0	0.0	0.0	0.0	0.999985	0.0	0.0	0.0	1.5e-5	0.0	0.0	0.0	0.0	
654	2111486	6926.336208067	1923.8	1923.8	0.000164	0.0	2111256	0	0	0	226	0	0	0	0	0.0	0.0	0.0	0.0	2.0e-6	0.0	0.0	0.0	0.0	452.069	0.0	0.0	0.0	6395.39	0.0	0.0	0.0	0.0	0.000214	0.0	0.0	0.0	28.2982	0.0	0.0	0.0	0.0	81	0	0	0	36	0	0	0	0	158094	0	0	0	16	0	0	0	0	1103328	0	0	0	173	0	0	0	0	319958	0	0	0	1	0	0	0	0	38119	0	0	0	0	0	0	0	0	491676	0	0	0	0	0	0	0	0	0.001302	0.0	0.0	0.0	0.0	0.0	0.0	0.0	0.0	0.99999	0.0	0.0	0.0	1.0e-5	0.0	0.0	0.0	0.0	
655	2116340	6927.336276867	1923.8	1923.8	0.000164	0.0	2116110	0	0	0	226	0	0	0	0	0.0	0.0	0.0	0.0	2.0e-6	0.0	0.0	0.0	0.0	453.066	0.0	0.0	0.0	6395.39	0.0	0.0	0.0	0.0	0.000214	0.0	0.0	0.0	28.2982	0.0	0.0	0.0	0.0	81	0	0	0	36	0	0	0	0	158094	0	0	0	16	0	0	0	0	1104868	0	0	0	173	0	0	0	0	321048	0	0	0	1	0	0	0	0	38259	0	0	0	0	0	0	0	0	493760	0	0	0	0	0	0	0	0	0.000838	0.0	0.0	0.0	0.0	0.0	0.0	0.0	0.0	0.999985	0.0	0.0	0.0	1.5e-5	0.0	0.0	0.0	0.0	
656	2121215	6928.336373708	1923.8	1923.8	0.000164	0.0	2120985	0	0	0	226	0	0	0	0	0.0	0.0	0.0	0.0	2.0e-6	0.0	0.0	0.0	0.0	454.064	0.0	0.0	0.0	6395.39	0.0	0.0	0.0	0.0	0.000214	0.0	0.0	0.0	28.2982	0.0	0.0	0.0	0.0	81	0	0	0	36	0	0	0	0	158094	0	0	0	16	0	0	0	0	1106464	0	0	0	173	0	0	0	0	322087	0	0	0	1	0	0	0	0	38394	0	0	0	0	0	0	0	0	495865	0	0	0	0	0	0	0	0	0.001054	0.0	0.0	0.0	0.0	0.0	0.0	0.0	0.0	0.999988	0.0	0.0	0.0	1.2e-5	0.0	0.0	0.0	0.0	
657	2126092	6929.336460457	1923.8	1923.8	0.000163	0.0	2125862	0	0	0	226	0	0	0	0	0.0	0.0	0.0	0.0	2.0e-6	0.0	0.0	0.0	0.0	455.062	0.0	0.0	0.0	6395.39	0.0	0.0	0.0	0.0	0.000214	0.0	0.0	0.0	28.2982	0.0	0.0	0.0	0.0	81	0	0	0	36	0	0	0	0	158094	0	0	0	16	0	0	0	0	1107992	0	0	0	173	0	0	0	0	323113	0	0	0	1	0	0	0	0	38543	0	0	0	0	0	0	0	0	498039	0	0	0	0	0	0	0	0	0.000731	0.0	0.0	0.0	0.0	0.0	0.0	0.0	0.0	0.999983	0.0	0.0	0.0	1.7e-5	0.0	0.0	0.0	0.0	
658	2130991	6930.336487169	1923.8	1923.8	0.000163	0.0	2130761	0	0	0	226	0	0	0	0	0.0	0.0	0.0	0.0	2.0e-6	0.0	0.0	0.0	0.0	456.06	0.0	0.0	0.0	6395.39	0.0	0.0	0.0	0.0	0.000214	0.0	0.0	0.0	28.2982	0.0	0.0	0.0	0.0	81	0	0	0	36	0	0	0	0	158094	0	0	0	16	0	0	0	0	1109531	0	0	0	173	0	0	0	0	324182	0	0	0	1	0	0	0	0	38680	0	0	0	0	0	0	0	0	500193	0	0	0	0	0	0	0	0	0.001115	0.0	0.0	0.0	0.0	0.0	0.0	0.0	0.0	0.999989	0.0	0.0	0.0	1.1e-5	0.0	0.0	0.0	0.0	
659	2135863	6931.336623432	1923.8	1923.8	0.000163	0.0	2135633	0	0	0	226	0	0	0	0	0.0	0.0	0.0	0.0	2.0e-6	0.0	0.0	0.0	0.0	457.058	0.0	0.0	0.0	6395.39	0.0	0.0	0.0	0.0	0.000214	0.0	0.0	0.0	28.2982	0.0	0.0	0.0	0.0	81	0	0	0	36	0	0	0	0	158094	0	0	0	16	0	0	0	0	1111065	0	0	0	173	0	0	0	0	325313	0	0	0	1	0	0	0	0	38804	0	0	0	0	0	0	0	0	502276	0	0	0	0	0	0	0	0	0.001518	0.0	0.0	0.0	0.0	0.0	0.0	0.0	0.0	0.999992	0.0	0.0	0.0	8.0e-6	0.0	0.0	0.0	0.0	
660	2140699	6932.336698402	1923.8	1923.8	0.000162	0.0	2140469	0	0	0	226	0	0	0	0	0.0	0.0	0.0	0.0	2.0e-6	0.0	0.0	0.0	0.0	458.056	0.0	0.0	0.0	6395.39	0.0	0.0	0.0	0.0	0.000214	0.0	0.0	0.0	28.2982	0.0	0.0	0.0	0.0	81	0	0	0	36	0	0	0	0	158094	0	0	0	16	0	0	0	0	1112641	0	0	0	173	0	0	0	0	326551	0	0	0	1	0	0	0	0	38917	0	0	0	0	0	0	0	0	504185	0	0	0	0	0	0	0	0	0.001049	0.0	0.0	0.0	0.0	0.0	0.0	0.0	0.0	0.999988	0.0	0.0	0.0	1.2e-5	0.0	0.0	0.0	0.0	
661	2145589	6933.336761181	1923.8	1923.8	0.000162	0.0	2145359	0	0	0	226	0	0	0	0	0.0	0.0	0.0	0.0	2.0e-6	0.0	0.0	0.0	0.0	459.054	0.0	0.0	0.0	6395.39	0.0	0.0	0.0	0.0	0.000214	0.0	0.0	0.0	28.2982	0.0	0.0	0.0	0.0	81	0	0	0	36	0	0	0	0	158094	0	0	0	16	0	0	0	0	1114278	0	0	0	173	0	0	0	0	327676	0	0	0	1	0	0	0	0	39046	0	0	0	0	0	0	0	0	506184	0	0	0	0	0	0	0	0	0.001125	0.0	0.0	0.0	0.0	0.0	0.0	0.0	0.0	0.999989	0.0	0.0	0.0	1.1e-5	0.0	0.0	0.0	0.0	
662	2150450	6934.336849158	1923.8	1923.8	0.000162	0.0	2150220	0	0	0	226	0	0	0	0	0.0	0.0	0.0	0.0	2.0e-6	0.0	0.0	0.0	0.0	460.051	0.0	0.0	0.0	6395.39	0.0	0.0	0.0	0.0	0.000214	0.0	0.0	0.0	28.2982	0.0	0.0	0.0	0.0	81	0	0	0	36	0	0	0	0	158094	0	0	0	16	0	0	0	0	1115852	0	0	0	173	0	0	0	0	328853	0	0	0	1	0	0	0	0	39153	0	0	0	0	0	0	0	0	508187	0	0	0	0	0	0	0	0	0.001297	0.0	0.0	0.0	0.0	0.0	0.0	0.0	0.0	0.99999	0.0	0.0	0.0	1.0e-5	0.0	0.0	0.0	0.0	
663	2155300	6935.336909582	1923.8	1923.8	0.000161	0.0	2155070	0	0	0	226	0	0	0	0	0.0	0.0	0.0	0.0	2.0e-6	0.0	0.0	0.0	0.0	461.049	0.0	0.0	0.0	6395.39	0.0	0.0	0.0	0.0	0.000214	0.0	0.0	0.0	28.2982	0.0	0.0	0.0	0.0	81	0	0	0	36	0	0	0	0	158094	0	0	0	16	0	0	0	0	1117421	0	0	0	173	0	0	0	0	330005	0	0	0	1	0	0	0	0	39277	0	0	0	0	0	0	0	0	510192	0	0	0	0	0	0	0	0	0.001126	0.0	0.0	0.0	0.0	0.0	0.0	0.0	0.0	0.999989	0.0	0.0	0.0	1.1e-5	0.0	0.0	0.0	0.0	
664	2160138	6936.336930376	1923.8	1923.8	0.000161	0.0	2159908	0	0	0	226	0	0	0	0	0.0	0.0	0.0	0.0	2.0e-6	0.0	0.0	0.0	0.0	462.047	0.0	0.0	0.0	6395.39	0.0	0.0	0.0	0.0	0.000214	0.0	0.0	0.0	28.2982	0.0	0.0	0.0	0.0	81	0	0	0	36	0	0	0	0	158094	0	0	0	16	0	0	0	0	1118971	0	0	0	173	0	0	0	0	331178	0	0	0	1	0	0	0	0	39351	0	0	0	0	0	0	0	0	512233	0	0	0	0	0	0	0	0	0.000855	0.0	0.0	0.0	0.0	0.0	0.0	0.0	0.0	0.999985	0.0	0.0	0.0	1.5e-5	0.0	0.0	0.0	0.0	
665	2165029	6937.336981038	1923.8	1923.8	0.000161	0.0	2164799	0	0	0	226	0	0	0	0	0.0	0.0	0.0	0.0	2.0e-6	0.0	0.0	0.0	0.0	463.045	0.0	0.0	0.0	6395.39	0.0	0.0	0.0	0.0	0.000214	0.0	0.0	0.0	28.2982	0.0	0.0	0.0	0.0	81	0	0	0	36	0	0	0	0	158094	0	0	0	16	0	0	0	0	1120492	0	0	0	173	0	0	0	0	332410	0	0	0	1	0	0	0	0	39451	0	0	0	0	0	0	0	0	514271	0	0	0	0	0	0	0	0	0.001264	0.0	0.0	0.0	0.0	0.0	0.0	0.0	0.0	0.99999	0.0	0.0	0.0	1.0e-5	0.0	0.0	0.0	0.0	
666	2169904	6938.33709524	1923.8	1923.8	0.00016	0.0	2169674	0	0	0	226	0	0	0	0	0.0	0.0	0.0	0.0	2.0e-6	0.0	0.0	0.0	0.0	464.043	0.0	0.0	0.0	6395.39	0.0	0.0	0.0	0.0	0.000214	0.0	0.0	0.0	28.2982	0.0	0.0	0.0	0.0	81	0	0	0	36	0	0	0	0	158094	0	0	0	16	0	0	0	0	1122066	0	0	0	173	0	0	0	0	333544	0	0	0	1	0	0	0	0	39559	0	0	0	0	0	0	0	0	516330	0	0	0	0	0	0	0	0	0.001346	0.0	0.0	0.0	0.0	0.0	0.0	0.0	0.0	0.999991	0.0	0.0	0.0	9.0e-6	0.0	0.0	0.0	0.0	
667	2174843	6939.337277209	1923.8	1923.8	0.00016	0.0	2174613	0	0	0	226	0	0	0	0	0.0	0.0	0.0	0.0	2.0e-6	0.0	0.0	0.0	0.0	465.041	0.0	0.0	0.0	6395.39	0.0	0.0	0.0	0.0	0.000214	0.0	0.0	0.0	28.2982	0.0	0.0	0.0	0.0	81	0	0	0	36	0	0	0	0	158094	0	0	0	16	0	0	0	0	1123648	0	0	0	173	0	0	0	0	334600	0	0	0	1	0	0	0	0	39687	0	0	0	0	0	0	0	0	518503	0	0	0	0	0	0	0	0	0.000868	0.0	0.0	0.0	0.0	0.0	0.0	0.0	0.0	0.999985	0.0	0.0	0.0	1.5e-5	0.0	0.0	0.0	0.0	
668	2179769	6940.337448561	1923.8	1923.8	0.00016	0.0	2179539	0	0	0	226	0	0	0	0	0.0	0.0	0.0	0.0	2.0e-6	0.0	0.0	0.0	0.0	466.039	0.0	0.0	0.0	6395.39	0.0	0.0	0.0	0.0	0.000214	0.0	0.0	0.0	28.2982	0.0	0.0	0.0	0.0	81	0	0	0	36	0	0	0	0	158094	0	0	0	16	0	0	0	0	1125146	0	0	0	173	0	0	0	0	335718	0	0	0	1	0	0	0	0	39841	0	0	0	0	0	0	0	0	520659	0	0	0	0	0	0	0	0	0.001039	0.0	0.0	0.0	0.0	0.0	0.0	0.0	0.0	0.999988	0.0	0.0	0.0	1.2e-5	0.0	0.0	0.0	0.0	
669	2184683	6941.337575912	1923.8	1923.8	0.00016	0.0	2184453	0	0	0	226	0	0	0	0	0.0	0.0	0.0	0.0	2.0e-6	0.0	0.0	0.0	0.0	467.037	0.0	0.0	0.0	6395.39	0.0	0.0	0.0	0.0	0.000214	0.0	0.0	0.0	28.2982	0.0	0.0	0.0	0.0	81	0	0	0	36	0	0	0	0	158094	0	0	0	16	0	0	0	0	1126599	0	0	0	173	0	0	0	0	336845	0	0	0	1	0	0	0	0	39963	0	0	0	0	0	0	0	0	522871	0	0	0	0	0	0	0	0	0.001359	0.0	0.0	0.0	0.0	0.0	0.0	0.0	0.0	0.999991	0.0	0.0	0.0	9.0e-6	0.0	0.0	0.0	0.0	
670	2189588	6942.337600792	1923.8	1923.8	0.000159	0.0	2189358	0	0	0	226	0	0	0	0	0.0	0.0	0.0	0.0	2.0e-6	0.0	0.0	0.0	0.0	468.034	0.0	0.0	0.0	6395.39	0.0	0.0	0.0	0.0	0.000214	0.0	0.0	0.0	28.2982	0.0	0.0	0.0	0.0	81	0	0	0	36	0	0	0	0	158094	0	0	0	16	0	0	0	0	1128089	0	0	0	173	0	0	0	0	337970	0	0	0	1	0	0	0	0	40062	0	0	0	0	0	0	0	0	525062	0	0	0	0	0	0	0	0	0.001257	0.0	0.0	0.0	0.0	0.0	0.0	0.0	0.0	0.99999	0.0	0.0	0.0	1.0e-5	0.0	0.0	0.0	0.0	
671	2194443	6943.341659548	1923.8	1923.8	0.000159	0.0	2194213	0	0	0	226	0	0	0	0	0.0	0.0	0.0	0.0	2.0e-6	0.0	0.0	0.0	0.0	469.036	0.0	0.0	0.0	6395.39	0.0	0.0	0.0	0.0	0.000214	0.0	0.0	0.0	28.2982	0.0	0.0	0.0	0.0	81	0	0	0	36	0	0	0	0	158094	0	0	0	16	0	0	0	0	1129614	0	0	0	173	0	0	0	0	339156	0	0	0	1	0	0	0	0	40198	0	0	0	0	0	0	0	0	527070	0	0	0	0	0	0	0	0	0.000947	0.0	0.0	0.0	0.0	0.0	0.0	0.0	0.0	0.999987	0.0	0.0	0.0	1.3e-5	0.0	0.0	0.0	0.0	
672	2199340	6944.34174091	1923.8	1923.8	0.000159	0.0	2199110	0	0	0	226	0	0	0	0	0.0	0.0	0.0	0.0	2.0e-6	0.0	0.0	0.0	0.0	470.034	0.0	0.0	0.0	6395.39	0.0	0.0	0.0	0.0	0.000214	0.0	0.0	0.0	28.2982	0.0	0.0	0.0	0.0	81	0	0	0	36	0	0	0	0	158094	0	0	0	16	0	0	0	0	1131206	0	0	0	173	0	0	0	0	340260	0	0	0	1	0	0	0	0	40298	0	0	0	0	0	0	0	0	529171	0	0	0	0	0	0	0	0	0.000818	0.0	0.0	0.0	0.0	0.0	0.0	0.0	0.0	0.999984	0.0	0.0	0.0	1.6e-5	0.0	0.0	0.0	0.0	
673	2204243	6945.346711507	1923.8	1923.8	0.000158	0.0	2204013	0	0	0	226	0	0	0	0	0.0	0.0	0.0	0.0	2.0e-6	0.0	0.0	0.0	0.0	471.037	0.0	0.0	0.0	6395.39	0.0	0.0	0.0	0.0	0.000214	0.0	0.0	0.0	28.2982	0.0	0.0	0.0	0.0	81	0	0	0	36	0	0	0	0	158094	0	0	0	16	0	0	0	0	1132736	0	0	0	173	0	0	0	0	341438	0	0	0	1	0	0	0	0	40415	0	0	0	0	0	0	0	0	531249	0	0	0	0	0	0	0	0	0.001124	0.0	0.0	0.0	0.0	0.0	0.0	0.0	0.0	0.999989	0.0	0.0	0.0	1.1e-5	0.0	0.0	0.0	0.0	
674	2209163	6946.346787662	1923.8	1923.8	0.000158	0.0	2208933	0	0	0	226	0	0	0	0	0.0	0.0	0.0	0.0	2.0e-6	0.0	0.0	0.0	0.0	472.035	0.0	0.0	0.0	6395.39	0.0	0.0	0.0	0.0	0.000214	0.0	0.0	0.0	28.2982	0.0	0.0	0.0	0.0	81	0	0	0	36	0	0	0	0	158094	0	0	0	16	0	0	0	0	1134227	0	0	0	173	0	0	0	0	342621	0	0	0	1	0	0	0	0	40512	0	0	0	0	0	0	0	0	533398	0	0	0	0	0	0	0	0	0.001087	0.0	0.0	0.0	0.0	0.0	0.0	0.0	0.0	0.999988	0.0	0.0	0.0	1.2e-5	0.0	0.0	0.0	0.0	
675	2214046	6947.346919081	1923.8	1923.8	0.000158	0.0	2213816	0	0	0	226	0	0	0	0	0.0	0.0	0.0	0.0	2.0e-6	0.0	0.0	0.0	0.0	473.032	0.0	0.0	0.0	6395.39	0.0	0.0	0.0	0.0	0.000214	0.0	0.0	0.0	28.2982	0.0	0.0	0.0	0.0	81	0	0	0	36	0	0	0	0	158094	0	0	0	16	0	0	0	0	1135775	0	0	0	173	0	0	0	0	343769	0	0	0	1	0	0	0	0	40616	0	0	0	0	0	0	0	0	535481	0	0	0	0	0	0	0	0	0.000857	0.0	0.0	0.0	0.0	0.0	0.0	0.0	0.0	0.999985	0.0	0.0	0.0	1.5e-5	0.0	0.0	0.0	0.0	
676	2218944	6960.092636699	1923.8	1923.8	0.000157	0.0	2218713	0	0	0	227	0	0	0	0	0.0	0.0	0.0	0.0	2.0e-6	0.0	0.0	0.0	0.0	474.025	0.0	0.0	0.0	6407.14	0.0	0.0	0.0	0.0	0.000214	0.0	0.0	0.0	28.2253	0.0	0.0	0.0	0.0	81	0	0	0	36	0	0	0	0	158094	0	0	0	16	0	0	0	0	1137341	0	0	0	174	0	0	0	0	344878	0	0	0	1	0	0	0	0	40731	0	0	0	0	0	0	0	0	537588	0	0	0	0	0	0	0	0	0.000895	0.0	0.0	0.0	0.0	0.0	0.0	0.0	0.0	0.999987	0.0	0.0	0.0	1.3e-5	0.0	0.0	0.0	0.0	
677	2223639	6961.09289786	1923.8	1923.8	0.000154	0.0	2223408	0	0	0	227	0	0	0	0	0.0	0.0	0.0	0.0	2.0e-6	0.0	0.0	0.0	0.0	475.024	0.0	0.0	0.0	6407.14	0.0	0.0	0.0	0.0	0.000214	0.0	0.0	0.0	28.2253	0.0	0.0	0.0	0.0	81	0	0	0	36	0	0	0	0	158094	0	0	0	16	0	0	0	0	1138792	0	0	0	174	0	0	0	0	345977	0	0	0	1	0	0	0	0	40810	0	0	0	0	0	0	0	0	539654	0	0	0	0	0	0	0	0	0.000954	0.0	0.0	0.0	0.0	0.0	0.0	0.0	0.0	0.999988	0.0	0.0	0.0	1.2e-5	0.0	0.0	0.0	0.0	
678	2228403	6962.094620634	1923.8	1923.8	0.000153	0.0	2228172	0	0	0	227	0	0	0	0	0.0	0.0	0.0	0.0	2.0e-6	0.0	0.0	0.0	0.0	476.023	0.0	0.0	0.0	6407.14	0.0	0.0	0.0	0.0	0.000214	0.0	0.0	0.0	28.2253	0.0	0.0	0.0	0.0	81	0	0	0	36	0	0	0	0	158094	0	0	0	16	0	0	0	0	1140277	0	0	0	174	0	0	0	0	347040	0	0	0	1	0	0	0	0	40896	0	0	0	0	0	0	0	0	541784	0	0	0	0	0	0	0	0	0.000951	0.0	0.0	0.0	0.0	0.0	0.0	0.0	0.0	0.999988	0.0	0.0	0.0	1.2e-5	0.0	0.0	0.0	0.0	
679	2233261	6963.094654038	1923.8	1923.8	0.000153	0.0	2233030	0	0	0	227	0	0	0	0	0.0	0.0	0.0	0.0	2.0e-6	0.0	0.0	0.0	0.0	477.021	0.0	0.0	0.0	6407.14	0.0	0.0	0.0	0.0	0.000214	0.0	0.0	0.0	28.2253	0.0	0.0	0.0	0.0	81	0	0	0	36	0	0	0	0	158094	0	0	0	16	0	0	0	0	1141836	0	0	0	174	0	0	0	0	348172	0	0	0	1	0	0	0	0	41002	0	0	0	0	0	0	0	0	543845	0	0	0	0	0	0	0	0	0.000968	0.0	0.0	0.0	0.0	0.0	0.0	0.0	0.0	0.999988	0.0	0.0	0.0	1.2e-5	0.0	0.0	0.0	0.0	
680	2238065	6964.094693381	1923.8	1923.8	0.000153	0.0	2237834	0	0	0	227	0	0	0	0	0.0	0.0	0.0	0.0	2.0e-6	0.0	0.0	0.0	0.0	478.019	0.0	0.0	0.0	6407.14	0.0	0.0	0.0	0.0	0.000214	0.0	0.0	0.0	28.2253	0.0	0.0	0.0	0.0	81	0	0	0	36	0	0	0	0	158094	0	0	0	16	0	0	0	0	1143316	0	0	0	174	0	0	0	0	349399	0	0	0	1	0	0	0	0	41091	0	0	0	0	0	0	0	0	545853	0	0	0	0	0	0	0	0	0.000653	0.0	0.0	0.0	0.0	0.0	0.0	0.0	0.0	0.999982	0.0	0.0	0.0	1.8e-5	0.0	0.0	0.0	0.0	
681	2238408	7005.518611542	1923.8	1923.8	0.000153	0.0	2238176	0	0	0	228	0	0	0	0	0.0	0.0	0.0	0.0	2.0e-6	0.0	0.0	0.0	0.0	478.088	0.0	0.0	0.0	6448.5	0.0	0.0	0.0	0.0	0.000214	0.0	0.0	0.0	28.2829	0.0	0.0	0.0	0.0	81	0	0	0	36	0	0	0	0	158094	0	0	0	16	0	0	0	0	1143435	0	0	0	175	0	0	0	0	349476	0	0	0	1	0	0	0	0	41092	0	0	0	0	0	0	0	0	545998	0	0	0	0	0	0	0	0	0.000932	0.0	0.0	0.0	0.0	0.0	0.0	0.0	0.0	0.999989	0.0	0.0	0.0	1.1e-5	0.0	0.0	0.0	0.0	
682	2243156	7006.518641531	1923.8	1923.8	0.000141	0.0	2242924	0	0	0	228	0	0	0	0	0.0	0.0	0.0	0.0	2.0e-6	0.0	0.0	0.0	0.0	479.086	0.0	0.0	0.0	6448.5	0.0	0.0	0.0	0.0	0.000214	0.0	0.0	0.0	28.2829	0.0	0.0	0.0	0.0	81	0	0	0	36	0	0	0	0	158094	0	0	0	16	0	0	0	0	1144750	0	0	0	175	0	0	0	0	350533	0	0	0	1	0	0	0	0	41199	0	0	0	0	0	0	0	0	548267	0	0	0	0	0	0	0	0	0.001214	0.0	0.0	0.0	0.0	0.0	0.0	0.0	0.0	0.999991	0.0	0.0	0.0	9.0e-6	0.0	0.0	0.0	0.0	
683	2247919	7007.518716528	1923.8	1923.8	0.00014	0.0	2247687	0	0	0	228	0	0	0	0	0.0	0.0	0.0	0.0	2.0e-6	0.0	0.0	0.0	0.0	480.084	0.0	0.0	0.0	6448.5	0.0	0.0	0.0	0.0	0.000214	0.0	0.0	0.0	28.2829	0.0	0.0	0.0	0.0	81	0	0	0	36	0	0	0	0	158094	0	0	0	16	0	0	0	0	1146088	0	0	0	175	0	0	0	0	351652	0	0	0	1	0	0	0	0	41316	0	0	0	0	0	0	0	0	550456	0	0	0	0	0	0	0	0	0.000749	0.0	0.0	0.0	0.0	0.0	0.0	0.0	0.0	0.999986	0.0	0.0	0.0	1.4e-5	0.0	0.0	0.0	0.0	
684	2252765	7008.518791513	1923.8	1923.8	0.00014	0.0	2252533	0	0	0	228	0	0	0	0	0.0	0.0	0.0	0.0	2.0e-6	0.0	0.0	0.0	0.0	481.082	0.0	0.0	0.0	6448.5	0.0	0.0	0.0	0.0	0.000214	0.0	0.0	0.0	28.2829	0.0	0.0	0.0	0.0	81	0	0	0	36	0	0	0	0	158094	0	0	0	16	0	0	0	0	1147550	0	0	0	175	0	0	0	0	352747	0	0	0	1	0	0	0	0	41455	0	0	0	0	0	0	0	0	552606	0	0	0	0	0	0	0	0	0.001246	0.0	0.0	0.0	0.0	0.0	0.0	0.0	0.0	0.999992	0.0	0.0	0.0	8.0e-6	0.0	0.0	0.0	0.0	
685	2257674	7009.519058387	1923.8	1923.8	0.00014	0.0	2257442	0	0	0	228	0	0	0	0	0.0	0.0	0.0	0.0	2.0e-6	0.0	0.0	0.0	0.0	482.08	0.0	0.0	0.0	6448.5	0.0	0.0	0.0	0.0	0.000214	0.0	0.0	0.0	28.2829	0.0	0.0	0.0	0.0	81	0	0	0	36	0	0	0	0	158094	0	0	0	16	0	0	0	0	1148977	0	0	0	175	0	0	0	0	353863	0	0	0	1	0	0	0	0	41585	0	0	0	0	0	0	0	0	554842	0	0	0	0	0	0	0	0	0.001123	0.0	0.0	0.0	0.0	0.0	0.0	0.0	0.0	0.999991	0.0	0.0	0.0	9.0e-6	0.0	0.0	0.0	0.0	
686	2262614	7010.519147834	1923.8	1923.8	0.00014	0.0	2262382	0	0	0	228	0	0	0	0	0.0	0.0	0.0	0.0	2.0e-6	0.0	0.0	0.0	0.0	483.078	0.0	0.0	0.0	6448.5	0.0	0.0	0.0	0.0	0.000214	0.0	0.0	0.0	28.2829	0.0	0.0	0.0	0.0	81	0	0	0	36	0	0	0	0	158094	0	0	0	16	0	0	0	0	1150375	0	0	0	175	0	0	0	0	354929	0	0	0	1	0	0	0	0	41734	0	0	0	0	0	0	0	0	557169	0	0	0	0	0	0	0	0	0.001253	0.0	0.0	0.0	0.0	0.0	0.0	0.0	0.0	0.999992	0.0	0.0	0.0	8.0e-6	0.0	0.0	0.0	0.0	
687	2267569	7011.519349951	1923.8	1923.8	0.000139	0.0	2267337	0	0	0	228	0	0	0	0	0.0	0.0	0.0	0.0	2.0e-6	0.0	0.0	0.0	0.0	484.076	0.0	0.0	0.0	6448.5	0.0	0.0	0.0	0.0	0.000214	0.0	0.0	0.0	28.2829	0.0	0.0	0.0	0.0	81	0	0	0	36	0	0	0	0	158094	0	0	0	16	0	0	0	0	1151737	0	0	0	175	0	0	0	0	355968	0	0	0	1	0	0	0	0	41869	0	0	0	0	0	0	0	0	559588	0	0	0	0	0	0	0	0	0.001222	0.0	0.0	0.0	0.0	0.0	0.0	0.0	0.0	0.999992	0.0	0.0	0.0	8.0e-6	0.0	0.0	0.0	0.0	
688	2272539	7012.519513707	1923.8	1923.8	0.000139	0.0	2272307	0	0	0	228	0	0	0	0	0.0	0.0	0.0	0.0	2.0e-6	0.0	0.0	0.0	0.0	485.073	0.0	0.0	0.0	6448.5	0.0	0.0	0.0	0.0	0.000213	0.0	0.0	0.0	28.2829	0.0	0.0	0.0	0.0	81	0	0	0	36	0	0	0	0	158094	0	0	0	16	0	0	0	0	1153088	0	0	0	175	0	0	0	0	357042	0	0	0	1	0	0	0	0	42019	0	0	0	0	0	0	0	0	561983	0	0	0	0	0	0	0	0	0.001344	0.0	0.0	0.0	0.0	0.0	0.0	0.0	0.0	0.999992	0.0	0.0	0.0	8.0e-6	0.0	0.0	0.0	0.0	
689	2277547	7013.524471657	1923.8	1923.8	0.000139	0.0	2277315	0	0	0	228	0	0	0	0	0.0	0.0	0.0	0.0	2.0e-6	0.0	0.0	0.0	0.0	486.076	0.0	0.0	0.0	6448.5	0.0	0.0	0.0	0.0	0.000213	0.0	0.0	0.0	28.2829	0.0	0.0	0.0	0.0	81	0	0	0	36	0	0	0	0	158094	0	0	0	16	0	0	0	0	1154450	0	0	0	175	0	0	0	0	358096	0	0	0	1	0	0	0	0	42165	0	0	0	0	0	0	0	0	564429	0	0	0	0	0	0	0	0	0.000655	0.0	0.0	0.0	0.0	0.0	0.0	0.0	0.0	0.999984	0.0	0.0	0.0	1.6e-5	0.0	0.0	0.0	0.0	
690	2282566	7014.524486752	1923.8	1923.8	0.000139	0.0	2282334	0	0	0	228	0	0	0	0	0.0	0.0	0.0	0.0	2.0e-6	0.0	0.0	0.0	0.0	487.074	0.0	0.0	0.0	6448.5	0.0	0.0	0.0	0.0	0.000213	0.0	0.0	0.0	28.2829	0.0	0.0	0.0	0.0	81	0	0	0	36	0	0	0	0	158094	0	0	0	16	0	0	0	0	1155827	0	0	0	175	0	0	0	0	359148	0	0	0	1	0	0	0	0	42277	0	0	0	0	0	0	0	0	566907	0	0	0	0	0	0	0	0	0.000772	0.0	0.0	0.0	0.0	0.0	0.0	0.0	0.0	0.999987	0.0	0.0	0.0	1.3e-5	0.0	0.0	0.0	0.0	
691	2287555	7015.524634078	1923.8	1923.8	0.000138	0.0	2287323	0	0	0	228	0	0	0	0	0.0	0.0	0.0	0.0	2.0e-6	0.0	0.0	0.0	0.0	488.072	0.0	0.0	0.0	6448.5	0.0	0.0	0.0	0.0	0.000213	0.0	0.0	0.0	28.2829	0.0	0.0	0.0	0.0	81	0	0	0	36	0	0	0	0	158094	0	0	0	16	0	0	0	0	1157164	0	0	0	175	0	0	0	0	360199	0	0	0	1	0	0	0	0	42385	0	0	0	0	0	0	0	0	569400	0	0	0	0	0	0	0	0	0.001095	0.0	0.0	0.0	0.0	0.0	0.0	0.0	0.0	0.999991	0.0	0.0	0.0	9.0e-6	0.0	0.0	0.0	0.0	
692	2292535	7016.524713698	1923.8	1923.8	0.000138	0.0	2292303	0	0	0	228	0	0	0	0	0.0	0.0	0.0	0.0	2.0e-6	0.0	0.0	0.0	0.0	489.069	0.0	0.0	0.0	6448.5	0.0	0.0	0.0	0.0	0.000213	0.0	0.0	0.0	28.2829	0.0	0.0	0.0	0.0	81	0	0	0	36	0	0	0	0	158094	0	0	0	16	0	0	0	0	1158540	0	0	0	175	0	0	0	0	361211	0	0	0	1	0	0	0	0	42485	0	0	0	0	0	0	0	0	571892	0	0	0	0	0	0	0	0	0.000609	0.0	0.0	0.0	0.0	0.0	0.0	0.0	0.0	0.999983	0.0	0.0	0.0	1.7e-5	0.0	0.0	0.0	0.0	
693	2297526	7017.524813448	1923.8	1923.8	0.000138	0.0	2297294	0	0	0	228	0	0	0	0	0.0	0.0	0.0	0.0	2.0e-6	0.0	0.0	0.0	0.0	490.067	0.0	0.0	0.0	6448.5	0.0	0.0	0.0	0.0	0.000213	0.0	0.0	0.0	28.2829	0.0	0.0	0.0	0.0	81	0	0	0	36	0	0	0	0	158094	0	0	0	16	0	0	0	0	1159865	0	0	0	175	0	0	0	0	362309	0	0	0	1	0	0	0	0	42595	0	0	0	0	0	0	0	0	574350	0	0	0	0	0	0	0	0	0.000856	0.0	0.0	0.0	0.0	0.0	0.0	0.0	0.0	0.999988	0.0	0.0	0.0	1.2e-5	0.0	0.0	0.0	0.0	
694	2302454	7018.529252243	1923.8	1923.8	0.000138	0.0	2302222	0	0	0	228	0	0	0	0	0.0	0.0	0.0	0.0	2.0e-6	0.0	0.0	0.0	0.0	491.069	0.0	0.0	0.0	6448.5	0.0	0.0	0.0	0.0	0.000213	0.0	0.0	0.0	28.2829	0.0	0.0	0.0	0.0	81	0	0	0	36	0	0	0	0	158094	0	0	0	16	0	0	0	0	1161246	0	0	0	175	0	0	0	0	363470	0	0	0	1	0	0	0	0	42724	0	0	0	0	0	0	0	0	576607	0	0	0	0	0	0	0	0	0.001259	0.0	0.0	0.0	0.0	0.0	0.0	0.0	0.0	0.999992	0.0	0.0	0.0	8.0e-6	0.0	0.0	0.0	0.0	
695	2307379	7019.531229755	1923.8	1923.8	0.000137	0.0	2307147	0	0	0	228	0	0	0	0	0.0	0.0	0.0	0.0	2.0e-6	0.0	0.0	0.0	0.0	492.069	0.0	0.0	0.0	6448.5	0.0	0.0	0.0	0.0	0.000213	0.0	0.0	0.0	28.2829	0.0	0.0	0.0	0.0	81	0	0	0	36	0	0	0	0	158094	0	0	0	16	0	0	0	0	1162724	0	0	0	175	0	0	0	0	364609	0	0	0	1	0	0	0	0	42824	0	0	0	0	0	0	0	0	578815	0	0	0	0	0	0	0	0	0.001389	0.0	0.0	0.0	0.0	0.0	0.0	0.0	0.0	0.999993	0.0	0.0	0.0	7.0e-6	0.0	0.0	0.0	0.0	
696	2312364	7020.53132218	1923.8	1923.8	0.000137	0.0	2312132	0	0	0	228	0	0	0	0	0.0	0.0	0.0	0.0	2.0e-6	0.0	0.0	0.0	0.0	493.067	0.0	0.0	0.0	6448.5	0.0	0.0	0.0	0.0	0.000213	0.0	0.0	0.0	28.2829	0.0	0.0	0.0	0.0	81	0	0	0	36	0	0	0	0	158094	0	0	0	16	0	0	0	0	1164081	0	0	0	175	0	0	0	0	365767	0	0	0	1	0	0	0	0	42931	0	0	0	0	0	0	0	0	581178	0	0	0	0	0	0	0	0	0.001026	0.0	0.0	0.0	0.0	0.0	0.0	0.0	0.0	0.99999	0.0	0.0	0.0	1.0e-5	0.0	0.0	0.0	0.0	
697	2317324	7021.531340437	1923.8	1923.8	0.000137	0.0	2317092	0	0	0	228	0	0	0	0	0.0	0.0	0.0	0.0	2.0e-6	0.0	0.0	0.0	0.0	494.065	0.0	0.0	0.0	6448.5	0.0	0.0	0.0	0.0	0.000213	0.0	0.0	0.0	28.2829	0.0	0.0	0.0	0.0	81	0	0	0	36	0	0	0	0	158094	0	0	0	16	0	0	0	0	1165465	0	0	0	175	0	0	0	0	366894	0	0	0	1	0	0	0	0	43038	0	0	0	0	0	0	0	0	583520	0	0	0	0	0	0	0	0	0.000862	0.0	0.0	0.0	0.0	0.0	0.0	0.0	0.0	0.999988	0.0	0.0	0.0	1.2e-5	0.0	0.0	0.0	0.0	
698	2322260	7022.535462655	1923.8	1923.8	0.000136	0.0	2322028	0	0	0	228	0	0	0	0	0.0	0.0	0.0	0.0	2.0e-6	0.0	0.0	0.0	0.0	495.066	0.0	0.0	0.0	6448.5	0.0	0.0	0.0	0.0	0.000213	0.0	0.0	0.0	28.2829	0.0	0.0	0.0	0.0	81	0	0	0	36	0	0	0	0	158094	0	0	0	16	0	0	0	0	1166889	0	0	0	175	0	0	0	0	367998	0	0	0	1	0	0	0	0	43185	0	0	0	0	0	0	0	0	585781	0	0	0	0	0	0	0	0	0.001232	0.0	0.0	0.0	0.0	0.0	0.0	0.0	0.0	0.999992	0.0	0.0	0.0	8.0e-6	0.0	0.0	0.0	0.0	
699	2327183	7023.535671445	1923.8	1923.8	0.000136	0.0	2326951	0	0	0	228	0	0	0	0	0.0	0.0	0.0	0.0	2.0e-6	0.0	0.0	0.0	0.0	496.064	0.0	0.0	0.0	6448.5	0.0	0.0	0.0	0.0	0.000213	0.0	0.0	0.0	28.2829	0.0	0.0	0.0	0.0	81	0	0	0	36	0	0	0	0	158094	0	0	0	16	0	0	0	0	1168317	0	0	0	175	0	0	0	0	369127	0	0	0	1	0	0	0	0	43312	0	0	0	0	0	0	0	0	588020	0	0	0	0	0	0	0	0	0.000879	0.0	0.0	0.0	0.0	0.0	0.0	0.0	0.0	0.999988	0.0	0.0	0.0	1.2e-5	0.0	0.0	0.0	0.0	
700	2332114	7024.535745842	1923.8	1923.8	0.000136	0.0	2331882	0	0	0	228	0	0	0	0	0.0	0.0	0.0	0.0	2.0e-6	0.0	0.0	0.0	0.0	497.062	0.0	0.0	0.0	6448.5	0.0	0.0	0.0	0.0	0.000213	0.0	0.0	0.0	28.2829	0.0	0.0	0.0	0.0	81	0	0	0	36	0	0	0	0	158094	0	0	0	16	0	0	0	0	1169701	0	0	0	175	0	0	0	0	370315	0	0	0	1	0	0	0	0	43412	0	0	0	0	0	0	0	0	590279	0	0	0	0	0	0	0	0	0.000877	0.0	0.0	0.0	0.0	0.0	0.0	0.0	0.0	0.999988	0.0	0.0	0.0	1.2e-5	0.0	0.0	0.0	0.0	
701	2337072	7025.535789555	1923.8	1923.8	0.000136	0.0	2336840	0	0	0	228	0	0	0	0	0.0	0.0	0.0	0.0	2.0e-6	0.0	0.0	0.0	0.0	498.06	0.0	0.0	0.0	6448.5	0.0	0.0	0.0	0.0	0.000213	0.0	0.0	0.0	28.2829	0.0	0.0	0.0	0.0	81	0	0	0	36	0	0	0	0	158094	0	0	0	16	0	0	0	0	1171064	0	0	0	175	0	0	0	0	371426	0	0	0	1	0	0	0	0	43520	0	0	0	0	0	0	0	0	592655	0	0	0	0	0	0	0	0	0.001415	0.0	0.0	0.0	0.0	0.0	0.0	0.0	0.0	0.999993	0.0	0.0	0.0	7.0e-6	0.0	0.0	0.0	0.0	
702	2342020	7026.535914927	1923.8	1923.8	0.000135	0.0	2341788	0	0	0	228	0	0	0	0	0.0	0.0	0.0	0.0	2.0e-6	0.0	0.0	0.0	0.0	499.058	0.0	0.0	0.0	6448.5	0.0	0.0	0.0	0.0	0.000213	0.0	0.0	0.0	28.2829	0.0	0.0	0.0	0.0	81	0	0	0	36	0	0	0	0	158094	0	0	0	16	0	0	0	0	1172439	0	0	0	175	0	0	0	0	372493	0	0	0	1	0	0	0	0	43616	0	0	0	0	0	0	0	0	595065	0	0	0	0	0	0	0	0	0.001255	0.0	0.0	0.0	0.0	0.0	0.0	0.0	0.0	0.999992	0.0	0.0	0.0	8.0e-6	0.0	0.0	0.0	0.0	
703	2346959	7027.536078449	1923.8	1923.8	0.000135	0.0	2346727	0	0	0	228	0	0	0	0	0.0	0.0	0.0	0.0	2.0e-6	0.0	0.0	0.0	0.0	500.056	0.0	0.0	0.0	6448.5	0.0	0.0	0.0	0.0	0.000213	0.0	0.0	0.0	28.2829	0.0	0.0	0.0	0.0	81	0	0	0	36	0	0	0	0	158094	0	0	0	16	0	0	0	0	1173884	0	0	0	175	0	0	0	0	373562	0	0	0	1	0	0	0	0	43730	0	0	0	0	0	0	0	0	597376	0	0	0	0	0	0	0	0	0.000836	0.0	0.0	0.0	0.0	0.0	0.0	0.0	0.0	0.999988	0.0	0.0	0.0	1.2e-5	0.0	0.0	0.0	0.0	
704	2349905	7154.851816466	1923.8	1923.8	0.000135	0.0	2349672	0	0	0	229	0	0	0	0	0.0	0.0	0.0	0.0	1.0e-6	0.0	0.0	0.0	0.0	500.654	0.0	0.0	0.0	6575.21	0.0	0.0	0.0	0.0	0.000213	0.0	0.0	0.0	28.7127	0.0	0.0	0.0	0.0	81	0	0	0	36	0	0	0	0	158094	0	0	0	16	0	0	0	0	1174715	0	0	0	176	0	0	0	0	374269	0	0	0	1	0	0	0	0	43799	0	0	0	0	0	0	0	0	598714	0	0	0	0	0	0	0	0	0.000612	0.0	0.0	0.0	0.0	0.0	0.0	0.0	0.0	0.999985	0.0	0.0	0.0	1.5e-5	0.0	0.0	0.0	0.0	
705	2354524	7155.851932056	1923.8	1923.8	0.000106	0.0	2354291	0	0	0	229	0	0	0	0	0.0	0.0	0.0	0.0	1.0e-6	0.0	0.0	0.0	0.0	501.652	0.0	0.0	0.0	6575.21	0.0	0.0	0.0	0.0	0.000213	0.0	0.0	0.0	28.7127	0.0	0.0	0.0	0.0	81	0	0	0	36	0	0	0	0	158094	0	0	0	16	0	0	0	0	1175896	0	0	0	176	0	0	0	0	375319	0	0	0	1	0	0	0	0	43924	0	0	0	0	0	0	0	0	600977	0	0	0	0	0	0	0	0	0.00085	0.0	0.0	0.0	0.0	0.0	0.0	0.0	0.0	0.999989	0.0	0.0	0.0	1.1e-5	0.0	0.0	0.0	0.0	
706	2359151	7156.85196409	1923.8	1923.8	0.000105	0.0	2358918	0	0	0	229	0	0	0	0	0.0	0.0	0.0	0.0	1.0e-6	0.0	0.0	0.0	0.0	502.65	0.0	0.0	0.0	6575.21	0.0	0.0	0.0	0.0	0.000213	0.0	0.0	0.0	28.7127	0.0	0.0	0.0	0.0	81	0	0	0	36	0	0	0	0	158094	0	0	0	16	0	0	0	0	1177188	0	0	0	176	0	0	0	0	376402	0	0	0	1	0	0	0	0	44028	0	0	0	0	0	0	0	0	603125	0	0	0	0	0	0	0	0	0.000928	0.0	0.0	0.0	0.0	0.0	0.0	0.0	0.0	0.99999	0.0	0.0	0.0	1.0e-5	0.0	0.0	0.0	0.0	
707	2363806	7157.851990127	1923.8	1923.8	0.000105	0.0	2363573	0	0	0	229	0	0	0	0	0.0	0.0	0.0	0.0	1.0e-6	0.0	0.0	0.0	0.0	503.648	0.0	0.0	0.0	6575.21	0.0	0.0	0.0	0.0	0.000213	0.0	0.0	0.0	28.7127	0.0	0.0	0.0	0.0	81	0	0	0	36	0	0	0	0	158094	0	0	0	16	0	0	0	0	1178465	0	0	0	176	0	0	0	0	377475	0	0	0	1	0	0	0	0	44137	0	0	0	0	0	0	0	0	605321	0	0	0	0	0	0	0	0	0.000784	0.0	0.0	0.0	0.0	0.0	0.0	0.0	0.0	0.999988	0.0	0.0	0.0	1.2e-5	0.0	0.0	0.0	0.0	
708	2368548	7158.852134093	1923.8	1923.8	0.000105	0.0	2368315	0	0	0	229	0	0	0	0	0.0	0.0	0.0	0.0	1.0e-6	0.0	0.0	0.0	0.0	504.646	0.0	0.0	0.0	6575.21	0.0	0.0	0.0	0.0	0.000213	0.0	0.0	0.0	28.7127	0.0	0.0	0.0	0.0	81	0	0	0	36	0	0	0	0	158094	0	0	0	16	0	0	0	0	1179828	0	0	0	176	0	0	0	0	378602	0	0	0	1	0	0	0	0	44248	0	0	0	0	0	0	0	0	607462	0	0	0	0	0	0	0	0	0.00075	0.0	0.0	0.0	0.0	0.0	0.0	0.0	0.0	0.999988	0.0	0.0	0.0	1.2e-5	0.0	0.0	0.0	0.0	
709	2373337	7159.852218476	1923.8	1923.8	0.000105	0.0	2373104	0	0	0	229	0	0	0	0	0.0	0.0	0.0	0.0	1.0e-6	0.0	0.0	0.0	0.0	505.644	0.0	0.0	0.0	6575.21	0.0	0.0	0.0	0.0	0.000213	0.0	0.0	0.0	28.7127	0.0	0.0	0.0	0.0	81	0	0	0	36	0	0	0	0	158094	0	0	0	16	0	0	0	0	1181223	0	0	0	176	0	0	0	0	379685	0	0	0	1	0	0	0	0	44358	0	0	0	0	0	0	0	0	609663	0	0	0	0	0	0	0	0	0.001033	0.0	0.0	0.0	0.0	0.0	0.0	0.0	0.0	0.999991	0.0	0.0	0.0	9.0e-6	0.0	0.0	0.0	0.0	
710	2378218	7160.852276156	1923.8	1923.8	0.000105	0.0	2377985	0	0	0	229	0	0	0	0	0.0	0.0	0.0	0.0	1.0e-6	0.0	0.0	0.0	0.0	506.642	0.0	0.0	0.0	6575.21	0.0	0.0	0.0	0.0	0.000213	0.0	0.0	0.0	28.7127	0.0	0.0	0.0	0.0	81	0	0	0	36	0	0	0	0	158094	0	0	0	16	0	0	0	0	1182605	0	0	0	176	0	0	0	0	380788	0	0	0	1	0	0	0	0	44464	0	0	0	0	0	0	0	0	611953	0	0	0	0	0	0	0	0	0.001124	0.0	0.0	0.0	0.0	0.0	0.0	0.0	0.0	0.999992	0.0	0.0	0.0	8.0e-6	0.0	0.0	0.0	0.0	
711	2383219	7161.85240366	1923.8	1923.8	0.000104	0.0	2382986	0	0	0	229	0	0	0	0	0.0	0.0	0.0	0.0	1.0e-6	0.0	0.0	0.0	0.0	507.639	0.0	0.0	0.0	6575.21	0.0	0.0	0.0	0.0	0.000213	0.0	0.0	0.0	28.7127	0.0	0.0	0.0	0.0	81	0	0	0	36	0	0	0	0	158094	0	0	0	16	0	0	0	0	1184065	0	0	0	176	0	0	0	0	381970	0	0	0	1	0	0	0	0	44579	0	0	0	0	0	0	0	0	614197	0	0	0	0	0	0	0	0	0.001191	0.0	0.0	0.0	0.0	0.0	0.0	0.0	0.0	0.999992	0.0	0.0	0.0	8.0e-6	0.0	0.0	0.0	0.0	
712	2388558	7162.852420548	1923.8	1923.8	0.000104	0.0	2388325	0	0	0	229	0	0	0	0	0.0	0.0	0.0	0.0	1.0e-6	0.0	0.0	0.0	0.0	508.637	0.0	0.0	0.0	6575.21	0.0	0.0	0.0	0.0	0.000213	0.0	0.0	0.0	28.7127	0.0	0.0	0.0	0.0	81	0	0	0	36	0	0	0	0	158094	0	0	0	16	0	0	0	0	1185460	0	0	0	176	0	0	0	0	383233	0	0	0	1	0	0	0	0	44700	0	0	0	0	0	0	0	0	616757	0	0	0	0	0	0	0	0	0.000618	0.0	0.0	0.0	0.0	0.0	0.0	0.0	0.0	0.999985	0.0	0.0	0.0	1.5e-5	0.0	0.0	0.0	0.0	
713	2393899	7163.852624386	1923.8	1923.8	0.000104	0.0	2393666	0	0	0	229	0	0	0	0	0.0	0.0	0.0	0.0	1.0e-6	0.0	0.0	0.0	0.0	509.635	0.0	0.0	0.0	6575.21	0.0	0.0	0.0	0.0	0.000213	0.0	0.0	0.0	28.7127	0.0	0.0	0.0	0.0	81	0	0	0	36	0	0	0	0	158094	0	0	0	16	0	0	0	0	1187055	0	0	0	176	0	0	0	0	384428	0	0	0	1	0	0	0	0	44813	0	0	0	0	0	0	0	0	619195	0	0	0	0	0	0	0	0	0.001364	0.0	0.0	0.0	0.0	0.0	0.0	0.0	0.0	0.999993	0.0	0.0	0.0	7.0e-6	0.0	0.0	0.0	0.0	
714	2399255	7164.85266104	1923.8	1923.8	0.000104	0.0	2399022	0	0	0	229	0	0	0	0	0.0	0.0	0.0	0.0	1.0e-6	0.0	0.0	0.0	0.0	510.633	0.0	0.0	0.0	6575.21	0.0	0.0	0.0	0.0	0.000213	0.0	0.0	0.0	28.7127	0.0	0.0	0.0	0.0	81	0	0	0	36	0	0	0	0	158094	0	0	0	16	0	0	0	0	1188563	0	0	0	176	0	0	0	0	385642	0	0	0	1	0	0	0	0	44936	0	0	0	0	0	0	0	0	621706	0	0	0	0	0	0	0	0	0.000802	0.0	0.0	0.0	0.0	0.0	0.0	0.0	0.0	0.999989	0.0	0.0	0.0	1.1e-5	0.0	0.0	0.0	0.0	
715	2404614	7165.852731794	1923.8	1923.8	0.000104	0.0	2404381	0	0	0	229	0	0	0	0	0.0	0.0	0.0	0.0	1.0e-6	0.0	0.0	0.0	0.0	511.631	0.0	0.0	0.0	6575.21	0.0	0.0	0.0	0.0	0.000213	0.0	0.0	0.0	28.7127	0.0	0.0	0.0	0.0	81	0	0	0	36	0	0	0	0	158094	0	0	0	16	0	0	0	0	1190037	0	0	0	176	0	0	0	0	386864	0	0	0	1	0	0	0	0	45079	0	0	0	0	0	0	0	0	624226	0	0	0	0	0	0	0	0	0.000809	0.0	0.0	0.0	0.0	0.0	0.0	0.0	0.0	0.999989	0.0	0.0	0.0	1.1e-5	0.0	0.0	0.0	0.0	
716	2409921	7166.85285837	1923.8	1923.8	0.000103	0.0	2409688	0	0	0	229	0	0	0	0	0.0	0.0	0.0	0.0	1.0e-6	0.0	0.0	0.0	0.0	512.629	0.0	0.0	0.0	6575.21	0.0	0.0	0.0	0.0	0.000213	0.0	0.0	0.0	28.7127	0.0	0.0	0.0	0.0	81	0	0	0	36	0	0	0	0	158094	0	0	0	16	0	0	0	0	1191503	0	0	0	176	0	0	0	0	388058	0	0	0	1	0	0	0	0	45217	0	0	0	0	0	0	0	0	626735	0	0	0	0	0	0	0	0	0.00104	0.0	0.0	0.0	0.0	0.0	0.0	0.0	0.0	0.999991	0.0	0.0	0.0	9.0e-6	0.0	0.0	0.0	0.0	
717	2415296	7167.852884033	1923.8	1923.8	0.000103	0.0	2415063	0	0	0	229	0	0	0	0	0.0	0.0	0.0	0.0	1.0e-6	0.0	0.0	0.0	0.0	513.626	0.0	0.0	0.0	6575.21	0.0	0.0	0.0	0.0	0.000213	0.0	0.0	0.0	28.7127	0.0	0.0	0.0	0.0	81	0	0	0	36	0	0	0	0	158094	0	0	0	16	0	0	0	0	1193035	0	0	0	176	0	0	0	0	389198	0	0	0	1	0	0	0	0	45349	0	0	0	0	0	0	0	0	629306	0	0	0	0	0	0	0	0	0.0009	0.0	0.0	0.0	0.0	0.0	0.0	0.0	0.0	0.99999	0.0	0.0	0.0	1.0e-5	0.0	0.0	0.0	0.0	
718	2420683	7168.85292157	1923.8	1923.8	0.000103	0.0	2420450	0	0	0	229	0	0	0	0	0.0	0.0	0.0	0.0	1.0e-6	0.0	0.0	0.0	0.0	514.624	0.0	0.0	0.0	6575.21	0.0	0.0	0.0	0.0	0.000213	0.0	0.0	0.0	28.7127	0.0	0.0	0.0	0.0	81	0	0	0	36	0	0	0	0	158094	0	0	0	16	0	0	0	0	1194515	0	0	0	176	0	0	0	0	390326	0	0	0	1	0	0	0	0	45485	0	0	0	0	0	0	0	0	631949	0	0	0	0	0	0	0	0	0.000533	0.0	0.0	0.0	0.0	0.0	0.0	0.0	0.0	0.999983	0.0	0.0	0.0	1.7e-5	0.0	0.0	0.0	0.0	
719	2426085	7169.855743073	1923.8	1923.8	0.000103	0.0	2425852	0	0	0	229	0	0	0	0	0.0	0.0	0.0	0.0	1.0e-6	0.0	0.0	0.0	0.0	515.625	0.0	0.0	0.0	6575.21	0.0	0.0	0.0	0.0	0.000213	0.0	0.0	0.0	28.7127	0.0	0.0	0.0	0.0	81	0	0	0	36	0	0	0	0	158094	0	0	0	16	0	0	0	0	1195985	0	0	0	176	0	0	0	0	391431	0	0	0	1	0	0	0	0	45651	0	0	0	0	0	0	0	0	634610	0	0	0	0	0	0	0	0	0.000788	0.0	0.0	0.0	0.0	0.0	0.0	0.0	0.0	0.999988	0.0	0.0	0.0	1.2e-5	0.0	0.0	0.0	0.0	
720	2426716	7179.319802451	1923.8	1923.8	0.000103	0.0	2426482	0	0	0	230	0	0	0	0	0.0	0.0	0.0	0.0	1.0e-6	0.0	0.0	0.0	0.0	515.737	0.0	0.0	0.0	6584.56	0.0	0.0	0.0	0.0	0.000213	0.0	0.0	0.0	28.6285	0.0	0.0	0.0	0.0	81	0	0	0	36	0	0	0	0	158094	0	0	0	16	0	0	0	0	1196152	0	0	0	177	0	0	0	0	391555	0	0	0	1	0	0	0	0	45673	0	0	0	0	0	0	0	0	634927	0	0	0	0	0	0	0	0	0.000872	0.0	0.0	0.0	0.0	0.0	0.0	0.0	0.0	0.999991	0.0	0.0	0.0	9.0e-6	0.0	0.0	0.0	0.0	
721	2432022	7180.322693273	1923.8	1923.8	0.000101	0.0	2431788	0	0	0	230	0	0	0	0	0.0	0.0	0.0	0.0	1.0e-6	0.0	0.0	0.0	0.0	516.738	0.0	0.0	0.0	6584.56	0.0	0.0	0.0	0.0	0.000212	0.0	0.0	0.0	28.6285	0.0	0.0	0.0	0.0	81	0	0	0	36	0	0	0	0	158094	0	0	0	16	0	0	0	0	1197685	0	0	0	177	0	0	0	0	392668	0	0	0	1	0	0	0	0	45798	0	0	0	0	0	0	0	0	637462	0	0	0	0	0	0	0	0	0.001165	0.0	0.0	0.0	0.0	0.0	0.0	0.0	0.0	0.999993	0.0	0.0	0.0	7.0e-6	0.0	0.0	0.0	0.0	
722	2437478	7181.322760304	1923.8	1923.8	0.000101	0.0	2437244	0	0	0	230	0	0	0	0	0.0	0.0	0.0	0.0	1.0e-6	0.0	0.0	0.0	0.0	517.736	0.0	0.0	0.0	6584.56	0.0	0.0	0.0	0.0	0.000212	0.0	0.0	0.0	28.6285	0.0	0.0	0.0	0.0	81	0	0	0	36	0	0	0	0	158094	0	0	0	16	0	0	0	0	1199220	0	0	0	177	0	0	0	0	393894	0	0	0	1	0	0	0	0	45928	0	0	0	0	0	0	0	0	640027	0	0	0	0	0	0	0	0	0.00065	0.0	0.0	0.0	0.0	0.0	0.0	0.0	0.0	0.999987	0.0	0.0	0.0	1.3e-5	0.0	0.0	0.0	0.0	
723	2442974	7182.322814935	1923.8	1923.8	0.0001	0.0	2442740	0	0	0	230	0	0	0	0	0.0	0.0	0.0	0.0	1.0e-6	0.0	0.0	0.0	0.0	518.734	0.0	0.0	0.0	6584.56	0.0	0.0	0.0	0.0	0.000212	0.0	0.0	0.0	28.6285	0.0	0.0	0.0	0.0	81	0	0	0	36	0	0	0	0	158094	0	0	0	16	0	0	0	0	1200758	0	0	0	177	0	0	0	0	395141	0	0	0	1	0	0	0	0	46060	0	0	0	0	0	0	0	0	642606	0	0	0	0	0	0	0	0	0.00122	0.0	0.0	0.0	0.0	0.0	0.0	0.0	0.0	0.999993	0.0	0.0	0.0	7.0e-6	0.0	0.0	0.0	0.0	
724	2448481	7183.322841558	1923.8	1923.8	0.0001	0.0	2448247	0	0	0	230	0	0	0	0	0.0	0.0	0.0	0.0	1.0e-6	0.0	0.0	0.0	0.0	519.731	0.0	0.0	0.0	6584.56	0.0	0.0	0.0	0.0	0.000212	0.0	0.0	0.0	28.6285	0.0	0.0	0.0	0.0	81	0	0	0	36	0	0	0	0	158094	0	0	0	16	0	0	0	0	1202268	0	0	0	177	0	0	0	0	396347	0	0	0	1	0	0	0	0	46203	0	0	0	0	0	0	0	0	645254	0	0	0	0	0	0	0	0	0.000916	0.0	0.0	0.0	0.0	0.0	0.0	0.0	0.0	0.999991	0.0	0.0	0.0	9.0e-6	0.0	0.0	0.0	0.0	
725	2453327	7184.208442445	1923.8	1923.8	0.0001	0.0	2453093	0	0	0	230	0	0	0	0	0.0	0.0	0.0	0.0	1.0e-6	0.0	0.0	0.0	0.0	520.615	0.0	0.0	0.0	6584.56	0.0	0.0	0.0	0.0	0.000212	0.0	0.0	0.0	28.6285	0.0	0.0	0.0	0.0	81	0	0	0	36	0	0	0	0	158094	0	0	0	16	0	0	0	0	1203621	0	0	0	177	0	0	0	0	397476	0	0	0	1	0	0	0	0	46316	0	0	0	0	0	0	0	0	647505	0	0	0	0	0	0	0	0	0.000558	0.0	0.0	0.0	0.0	0.0	0.0	0.0	0.0	0.999985	0.0	0.0	0.0	1.5e-5	0.0	0.0	0.0	0.0	
