indexLine	algoIter	time	best obj	current obj	T	probdelta1	nb uses 1	nb uses 2	nb uses 3	nb uses 4	nb uses 5	nb uses 6	nb uses 7	nb uses 8	nb uses 9	score 1	score 2	score 3	score 4	score 5	score 6	score 7	score 8	score 9	duration 1	duration 2	duration 3	duration 4	duration 5	duration 6	duration 7	duration 8	duration 9	avgDuration 1	avgDuration 2	avgDuration 3	avgDuration 4	avgDuration 5	avgDuration 6	avgDuration 7	avgDuration 8	avgDuration 9	sigmas1 1	sigmas1 2	sigmas1 3	sigmas1 4	sigmas1 5	sigmas1 6	sigmas1 7	sigmas1 8	sigmas1 9	sigmas2 1	sigmas2 2	sigmas2 3	sigmas2 4	sigmas2 5	sigmas2 6	sigmas2 7	sigmas2 8	sigmas2 9	sigmas3 1	sigmas3 2	sigmas3 3	sigmas3 4	sigmas3 5	sigmas3 6	sigmas3 7	sigmas3 8	sigmas3 9	sigmas4 1	sigmas4 2	sigmas4 3	sigmas4 4	sigmas4 5	sigmas4 6	sigmas4 7	sigmas4 8	sigmas4 9	sigmas5 1	sigmas5 2	sigmas5 3	sigmas5 4	sigmas5 5	sigmas5 6	sigmas5 7	sigmas5 8	sigmas5 9	sigmas6 1	sigmas6 2	sigmas6 3	sigmas6 4	sigmas6 5	sigmas6 6	sigmas6 7	sigmas6 8	sigmas6 9	weight 1	weight 2	weight 3	weight 4	weight 5	weight 6	weight 7	weight 8	weight 9	proba 1	proba 2	proba 3	proba 4	proba 5	proba 6	proba 7	proba 8	proba 9	
1	2	17.642591457	8586.444	8586.444	100.0	0.99005	0	0	0	0	0	0	0	0	0	0.0	0.0	0.0	0.0	0.0	0.0	0.0	0.0	0.0	0.0	0.0	0.0	0.0	0.0	0.0	0.0	0.0	0.0	0.0	0.0	0.0	0.0	0.0	0.0	0.0	0.0	0.0	0	0	0	0	0	0	0	0	0	0	0	0	0	0	0	0	0	0	0	0	0	0	0	0	0	0	0	0	0	0	0	0	0	0	0	0	0	0	0	0	0	0	0	0	0	0	0	0	0	0	0	0	0	0	0.0	0.0	0.0	0.0	0.0	0.0	0.0	0.0	0.0	0.0	0.0	0.0	0.0	0.0	0.0	0.0	0.0	0.0	
2	4	21.161203127	8586.406222222222	8586.444	100.0	0.99005	0	0	0	0	0	0	0	0	0	1.0	0.0	0.0	0.0	1.0	0.0	0.0	0.0	0.0	0.0	0.0	0.0	0.0	0.0	0.0	0.0	0.0	0.0	0.000479	0.0	0.0	0.0	3.51811	0.0	0.0	0.0	0.0	0	0	0	0	0	0	0	0	0	0	0	0	0	0	0	0	0	0	0	0	0	0	0	0	0	0	0	0	0	0	0	0	0	0	0	0	0	0	0	0	0	0	0	0	0	0	0	0	0	0	0	0	0	0	1.0	0.0	0.0	0.0	1.0	0.0	0.0	0.0	0.0	0.0	0.0	0.0	0.0	0.0	0.0	0.0	0.0	0.0	
3	8	29.422075374	8146.472	8146.472	96.0099	0.989638	3	0	0	0	1	0	0	0	0	0.72945	0.0	0.0	0.0	1.0	0.0	0.0	0.0	0.0	0.001251	0.0	0.0	0.0	8.2596	0.0	0.0	0.0	0.0	0.000417	0.0	0.0	0.0	8.2596	0.0	0.0	0.0	0.0	0	0	0	0	1	0	0	0	0	1	0	0	0	0	0	0	0	0	1	0	0	0	0	0	0	0	0	0	0	0	0	0	0	0	0	0	0	0	0	0	0	0	0	0	0	1	0	0	0	0	0	0	0	0	0.72945	0.0	0.0	0.0	1.0	0.0	0.0	0.0	0.0	0.421781	0.0	0.0	0.0	0.578219	0.0	0.0	0.0	0.0	
4	9	57.414502301	7414.778	7414.778	94.4962	0.989473	3	0	0	0	2	0	0	0	0	0.72945	0.0	0.0	0.0	1.0	0.0	0.0	0.0	0.0	0.001251	0.0	0.0	0.0	36.252	0.0	0.0	0.0	0.0	0.000417	0.0	0.0	0.0	18.126	0.0	0.0	0.0	0.0	0	0	0	0	2	0	0	0	0	1	0	0	0	0	0	0	0	0	1	0	0	0	0	0	0	0	0	0	0	0	0	0	0	0	0	0	0	0	0	0	0	0	0	0	0	1	0	0	0	0	0	0	0	0	0.72945	0.0	0.0	0.0	1.0	0.0	0.0	0.0	0.0	0.421781	0.0	0.0	0.0	0.578219	0.0	0.0	0.0	0.0	
5	11	74.21251248	7195.667	7195.667	89.5411	0.988894	4	0	0	0	3	0	0	0	0	0.756505	0.0	0.0	0.0	1.0	0.0	0.0	0.0	0.0	0.001947	0.0	0.0	0.0	53.0493	0.0	0.0	0.0	0.0	0.000487	0.0	0.0	0.0	17.6831	0.0	0.0	0.0	0.0	1	0	0	0	3	0	0	0	0	1	0	0	0	0	0	0	0	0	1	0	0	0	0	0	0	0	0	0	0	0	0	0	0	0	0	0	0	0	0	0	0	0	0	0	0	1	0	0	0	0	0	0	0	0	0.756505	0.0	0.0	0.0	1.0	0.0	0.0	0.0	0.0	0.430688	0.0	0.0	0.0	0.569312	0.0	0.0	0.0	0.0	
6	13	83.029863768	7066.639	7066.639	86.6934	0.988531	5	0	0	0	4	0	0	0	0	0.680855	0.0	0.0	0.0	1.0	0.0	0.0	0.0	0.0	0.00218	0.0	0.0	0.0	61.8664	0.0	0.0	0.0	0.0	0.000436	0.0	0.0	0.0	15.4666	0.0	0.0	0.0	0.0	1	0	0	0	4	0	0	0	0	1	0	0	0	0	0	0	0	0	1	0	0	0	0	0	0	0	0	0	0	0	0	0	0	0	0	0	0	0	0	0	0	0	0	0	0	2	0	0	0	0	0	0	0	0	0.680855	0.0	0.0	0.0	1.0	0.0	0.0	0.0	0.0	0.405065	0.0	0.0	0.0	0.594935	0.0	0.0	0.0	0.0	
7	14	85.86884302	7066.639	7066.639	85.235	0.988336	5	0	0	0	5	0	0	0	0	0.680855	0.0	0.0	0.0	0.915957	0.0	0.0	0.0	0.0	0.00218	0.0	0.0	0.0	64.7054	0.0	0.0	0.0	0.0	0.000436	0.0	0.0	0.0	12.9411	0.0	0.0	0.0	0.0	1	0	0	0	4	0	0	0	0	1	0	0	0	0	0	0	0	0	1	0	0	0	1	0	0	0	0	0	0	0	0	0	0	0	0	0	0	0	0	0	0	0	0	0	0	2	0	0	0	0	0	0	0	0	0.680855	0.0	0.0	0.0	0.915957	0.0	0.0	0.0	0.0	0.426384	0.0	0.0	0.0	0.573616	0.0	0.0	0.0	0.0	
8	15	99.031667707	7014.5	7014.5	84.7707	0.988273	5	0	0	0	6	0	0	0	0	0.680855	0.0	0.0	0.0	0.923283	0.0	0.0	0.0	0.0	0.00218	0.0	0.0	0.0	77.8682	0.0	0.0	0.0	0.0	0.000436	0.0	0.0	0.0	12.978	0.0	0.0	0.0	0.0	1	0	0	0	5	0	0	0	0	1	0	0	0	0	0	0	0	0	1	0	0	0	1	0	0	0	0	0	0	0	0	0	0	0	0	0	0	0	0	0	0	0	0	0	0	2	0	0	0	0	0	0	0	0	0.680855	0.0	0.0	0.0	0.923283	0.0	0.0	0.0	0.0	0.424437	0.0	0.0	0.0	0.575563	0.0	0.0	0.0	0.0	
9	16	160.783969593	6940.611	6940.611	82.6507	0.987974	5	0	0	0	7	0	0	0	0	0.680855	0.0	0.0	0.0	0.929947	0.0	0.0	0.0	0.0	0.00218	0.0	0.0	0.0	139.62	0.0	0.0	0.0	0.0	0.000436	0.0	0.0	0.0	19.9458	0.0	0.0	0.0	0.0	1	0	0	0	6	0	0	0	0	1	0	0	0	0	0	0	0	0	1	0	0	0	1	0	0	0	0	0	0	0	0	0	0	0	0	0	0	0	0	0	0	0	0	0	0	2	0	0	0	0	0	0	0	0	0.680855	0.0	0.0	0.0	0.929947	0.0	0.0	0.0	0.0	0.42268	0.0	0.0	0.0	0.57732	0.0	0.0	0.0	0.0	
10	19	174.308794045	6838.833	6838.833	73.3912	0.986467	7	0	0	0	8	0	0	0	0	0.641492	0.0	0.0	0.0	0.935866	0.0	0.0	0.0	0.0	0.003139	0.0	0.0	0.0	153.144	0.0	0.0	0.0	0.0	0.000448	0.0	0.0	0.0	19.143	0.0	0.0	0.0	0.0	2	0	0	0	7	0	0	0	0	1	0	0	0	0	0	0	0	0	1	0	0	0	1	0	0	0	0	1	0	0	0	0	0	0	0	0	0	0	0	0	0	0	0	0	0	2	0	0	0	0	0	0	0	0	0.641492	0.0	0.0	0.0	0.935866	0.0	0.0	0.0	0.0	0.406688	0.0	0.0	0.0	0.593312	0.0	0.0	0.0	0.0	
11	22	354.491623154	6399.639	6399.639	71.5061	0.986113	9	0	0	0	9	0	0	0	0	0.519609	0.0	0.0	0.0	0.940853	0.0	0.0	0.0	0.0	0.003573	0.0	0.0	0.0	333.327	0.0	0.0	0.0	0.0	0.000397	0.0	0.0	0.0	37.0363	0.0	0.0	0.0	0.0	2	0	0	0	8	0	0	0	0	1	0	0	0	0	0	0	0	0	1	0	0	0	1	0	0	0	0	1	0	0	0	0	0	0	0	0	0	0	0	0	0	0	0	0	0	4	0	0	0	0	0	0	0	0	0.519609	0.0	0.0	0.0	0.940853	0.0	0.0	0.0	0.0	0.355784	0.0	0.0	0.0	0.644216	0.0	0.0	0.0	0.0	
12	23	361.876871871	6390.639	6390.639	50.5566	0.980415	9	0	0	0	10	0	0	0	0	0.519609	0.0	0.0	0.0	0.945444	0.0	0.0	0.0	0.0	0.003573	0.0	0.0	0.0	340.712	0.0	0.0	0.0	0.0	0.000397	0.0	0.0	0.0	34.0712	0.0	0.0	0.0	0.0	2	0	0	0	9	0	0	0	0	1	0	0	0	0	0	0	0	0	1	0	0	0	1	0	0	0	0	1	0	0	0	0	0	0	0	0	0	0	0	0	0	0	0	0	0	4	0	0	0	0	0	0	0	0	0.519609	0.0	0.0	0.0	0.945444	0.0	0.0	0.0	0.0	0.354669	0.0	0.0	0.0	0.645331	0.0	0.0	0.0	0.0	
13	24	365.289767431	6390.139	6390.139	49.8433	0.980137	9	0	0	0	11	0	0	0	0	0.519609	0.0	0.0	0.0	0.949671	0.0	0.0	0.0	0.0	0.003573	0.0	0.0	0.0	344.125	0.0	0.0	0.0	0.0	0.000397	0.0	0.0	0.0	31.2841	0.0	0.0	0.0	0.0	2	0	0	0	10	0	0	0	0	1	0	0	0	0	0	0	0	0	1	0	0	0	1	0	0	0	0	1	0	0	0	0	0	0	0	0	0	0	0	0	0	0	0	0	0	4	0	0	0	0	0	0	0	0	0.519609	0.0	0.0	0.0	0.949671	0.0	0.0	0.0	0.0	0.353649	0.0	0.0	0.0	0.646351	0.0	0.0	0.0	0.0	
14	25	369.090476248	6390.139	6390.139	49.5171	0.980007	9	0	0	0	12	0	0	0	0	0.519609	0.0	0.0	0.0	0.876207	0.0	0.0	0.0	0.0	0.003573	0.0	0.0	0.0	347.925	0.0	0.0	0.0	0.0	0.000397	0.0	0.0	0.0	28.9938	0.0	0.0	0.0	0.0	2	0	0	0	10	0	0	0	0	1	0	0	0	0	0	0	0	0	1	0	0	0	2	0	0	0	0	1	0	0	0	0	0	0	0	0	0	0	0	0	0	0	0	0	0	4	0	0	0	0	0	0	0	0	0.519609	0.0	0.0	0.0	0.876207	0.0	0.0	0.0	0.0	0.372262	0.0	0.0	0.0	0.627738	0.0	0.0	0.0	0.0	
15	26	371.830704793	6390.139	6390.139	49.1563	0.979862	9	0	0	0	13	0	0	0	0	0.519609	0.0	0.0	0.0	0.806416	0.0	0.0	0.0	0.0	0.003573	0.0	0.0	0.0	350.666	0.0	0.0	0.0	0.0	0.000397	0.0	0.0	0.0	26.9743	0.0	0.0	0.0	0.0	2	0	0	0	10	0	0	0	0	1	0	0	0	0	0	0	0	0	1	0	0	0	3	0	0	0	0	1	0	0	0	0	0	0	0	0	0	0	0	0	0	0	0	0	0	4	0	0	0	0	0	0	0	0	0.519609	0.0	0.0	0.0	0.806416	0.0	0.0	0.0	0.0	0.391854	0.0	0.0	0.0	0.608146	0.0	0.0	0.0	0.0	
16	29	379.584092052	6390.110111111111	6390.139	48.8977	0.979757	11	0	0	0	14	0	0	0	0	0.510883	0.0	0.0	0.0	0.740551	0.0	0.0	0.0	0.0	0.004337	0.0	0.0	0.0	358.418	0.0	0.0	0.0	0.0	0.000394	0.0	0.0	0.0	25.6013	0.0	0.0	0.0	0.0	3	0	0	0	10	0	0	0	0	1	0	0	0	0	0	0	0	0	1	0	0	0	4	0	0	0	0	1	0	0	0	0	0	0	0	0	0	0	0	0	0	0	0	0	0	5	0	0	0	0	0	0	0	0	0.510883	0.0	0.0	0.0	0.740551	0.0	0.0	0.0	0.0	0.408238	0.0	0.0	0.0	0.591762	0.0	0.0	0.0	0.0	
17	30	385.758470843	6353.889	6353.889	48.1737	0.979456	11	0	0	0	15	0	0	0	0	0.510883	0.0	0.0	0.0	0.762473	0.0	0.0	0.0	0.0	0.004337	0.0	0.0	0.0	364.593	0.0	0.0	0.0	0.0	0.000394	0.0	0.0	0.0	24.3062	0.0	0.0	0.0	0.0	3	0	0	0	11	0	0	0	0	1	0	0	0	0	0	0	0	0	1	0	0	0	4	0	0	0	0	1	0	0	0	0	0	0	0	0	0	0	0	0	0	0	0	0	0	5	0	0	0	0	0	0	0	0	0.510883	0.0	0.0	0.0	0.762473	0.0	0.0	0.0	0.0	0.40121	0.0	0.0	0.0	0.59879	0.0	0.0	0.0	0.0	
18	33	409.016506272	6205.361	6205.361	47.6047	0.979213	13	0	0	0	16	0	0	0	0	0.413815	0.0	0.0	0.0	0.780795	0.0	0.0	0.0	0.0	0.005073	0.0	0.0	0.0	387.85	0.0	0.0	0.0	0.0	0.00039	0.0	0.0	0.0	24.2406	0.0	0.0	0.0	0.0	3	0	0	0	12	0	0	0	0	1	0	0	0	0	0	0	0	0	2	0	0	0	4	0	0	0	0	1	0	0	0	0	0	0	0	0	0	0	0	0	0	0	0	0	0	6	0	0	0	0	0	0	0	0	0.413815	0.0	0.0	0.0	0.780795	0.0	0.0	0.0	0.0	0.346402	0.0	0.0	0.0	0.653598	0.0	0.0	0.0	0.0	
19	34	425.154622006	6205.361	6205.361	45.5214	0.978272	13	0	0	0	17	0	0	0	0	0.413815	0.0	0.0	0.0	0.721064	0.0	0.0	0.0	0.0	0.005073	0.0	0.0	0.0	403.988	0.0	0.0	0.0	0.0	0.00039	0.0	0.0	0.0	23.764	0.0	0.0	0.0	0.0	3	0	0	0	12	0	0	0	0	1	0	0	0	0	0	0	0	0	2	0	0	0	5	0	0	0	0	1	0	0	0	0	0	0	0	0	0	0	0	0	0	0	0	0	0	6	0	0	0	0	0	0	0	0	0.413815	0.0	0.0	0.0	0.721064	0.0	0.0	0.0	0.0	0.364634	0.0	0.0	0.0	0.635366	0.0	0.0	0.0	0.0	
20	36	449.582808622	6003.861	6003.861	44.1296	0.977594	14	0	0	0	18	0	0	0	0	0.372434	0.0	0.0	0.0	0.742215	0.0	0.0	0.0	0.0	0.005378	0.0	0.0	0.0	428.416	0.0	0.0	0.0	0.0	0.000384	0.0	0.0	0.0	23.8009	0.0	0.0	0.0	0.0	3	0	0	0	13	0	0	0	0	1	0	0	0	0	0	0	0	0	2	0	0	0	5	0	0	0	0	1	0	0	0	0	0	0	0	0	0	0	0	0	0	0	0	0	0	7	0	0	0	0	0	0	0	0	0.372434	0.0	0.0	0.0	0.742215	0.0	0.0	0.0	0.0	0.334127	0.0	0.0	0.0	0.665873	0.0	0.0	0.0	0.0	
21	39	458.860471604	5963.333	5963.333	42.1033	0.976529	16	0	0	0	19	0	0	0	0	0.401671	0.0	0.0	0.0	0.762079	0.0	0.0	0.0	0.0	0.006475	0.0	0.0	0.0	437.692	0.0	0.0	0.0	0.0	0.000405	0.0	0.0	0.0	23.0364	0.0	0.0	0.0	0.0	4	0	0	0	14	0	0	0	0	1	0	0	0	0	0	0	0	0	2	0	0	0	5	0	0	0	0	2	0	0	0	0	0	0	0	0	0	0	0	0	0	0	0	0	0	7	0	0	0	0	0	0	0	0	0.401671	0.0	0.0	0.0	0.762079	0.0	0.0	0.0	0.0	0.345152	0.0	0.0	0.0	0.654848	0.0	0.0	0.0	0.0	
22	40	464.028023409	5959.333	5959.333	41.3585	0.976111	16	0	0	0	20	0	0	0	0	0.401671	0.0	0.0	0.0	0.780246	0.0	0.0	0.0	0.0	0.006475	0.0	0.0	0.0	442.86	0.0	0.0	0.0	0.0	0.000405	0.0	0.0	0.0	22.143	0.0	0.0	0.0	0.0	4	0	0	0	15	0	0	0	0	1	0	0	0	0	0	0	0	0	2	0	0	0	5	0	0	0	0	2	0	0	0	0	0	0	0	0	0	0	0	0	0	0	0	0	0	7	0	0	0	0	0	0	0	0	0.401671	0.0	0.0	0.0	0.780246	0.0	0.0	0.0	0.0	0.339847	0.0	0.0	0.0	0.660153	0.0	0.0	0.0	0.0	
23	41	472.416732589	5867.361	5867.361	40.9493	0.975875	16	0	0	0	21	0	0	0	0	0.401671	0.0	0.0	0.0	0.79689	0.0	0.0	0.0	0.0	0.006475	0.0	0.0	0.0	451.249	0.0	0.0	0.0	0.0	0.000405	0.0	0.0	0.0	21.488	0.0	0.0	0.0	0.0	4	0	0	0	16	0	0	0	0	1	0	0	0	0	0	0	0	0	2	0	0	0	5	0	0	0	0	2	0	0	0	0	0	0	0	0	0	0	0	0	0	0	0	0	0	7	0	0	0	0	0	0	0	0	0.401671	0.0	0.0	0.0	0.79689	0.0	0.0	0.0	0.0	0.335128	0.0	0.0	0.0	0.664872	0.0	0.0	0.0	0.0	
24	42	476.073328179	5867.361	5867.361	40.2937	0.975488	16	0	0	0	22	0	0	0	0	0.401671	0.0	0.0	0.0	0.736962	0.0	0.0	0.0	0.0	0.006475	0.0	0.0	0.0	454.905	0.0	0.0	0.0	0.0	0.000405	0.0	0.0	0.0	20.6775	0.0	0.0	0.0	0.0	4	0	0	0	16	0	0	0	0	1	0	0	0	0	0	0	0	0	2	0	0	0	6	0	0	0	0	2	0	0	0	0	0	0	0	0	0	0	0	0	0	0	0	0	0	7	0	0	0	0	0	0	0	0	0.401671	0.0	0.0	0.0	0.736962	0.0	0.0	0.0	0.0	0.352766	0.0	0.0	0.0	0.647234	0.0	0.0	0.0	0.0	
25	43	486.830176097	5844.139	5844.139	40.0112	0.975317	16	0	0	0	23	0	0	0	0	0.401671	0.0	0.0	0.0	0.757282	0.0	0.0	0.0	0.0	0.006475	0.0	0.0	0.0	465.662	0.0	0.0	0.0	0.0	0.000405	0.0	0.0	0.0	20.2462	0.0	0.0	0.0	0.0	4	0	0	0	17	0	0	0	0	1	0	0	0	0	0	0	0	0	2	0	0	0	6	0	0	0	0	2	0	0	0	0	0	0	0	0	0	0	0	0	0	0	0	0	0	7	0	0	0	0	0	0	0	0	0.401671	0.0	0.0	0.0	0.757282	0.0	0.0	0.0	0.0	0.346581	0.0	0.0	0.0	0.653419	0.0	0.0	0.0	0.0	
26	46	491.336799115	5844.139	5848.639	39.1915	0.974807	18	0	0	0	24	0	0	0	0	0.325354	0.0	0.0	0.0	0.70315	0.0	0.0	0.0	0.0	0.007295	0.0	0.0	0.0	470.168	0.0	0.0	0.0	0.0	0.000405	0.0	0.0	0.0	19.5903	0.0	0.0	0.0	0.0	4	0	0	0	17	0	0	0	0	1	0	0	0	0	0	0	0	0	3	0	0	0	7	0	0	0	0	2	0	0	0	0	0	0	0	0	0	0	0	0	0	0	0	0	0	8	0	0	0	0	0	0	0	0	0.325354	0.0	0.0	0.0	0.70315	0.0	0.0	0.0	0.0	0.316337	0.0	0.0	0.0	0.683663	0.0	0.0	0.0	0.0	
27	47	505.981733597	5826.139	5826.139	38.8532	0.97459	18	0	0	0	25	0	0	0	0	0.325354	0.0	0.0	0.0	0.72486	0.0	0.0	0.0	0.0	0.007295	0.0	0.0	0.0	484.813	0.0	0.0	0.0	0.0	0.000405	0.0	0.0	0.0	19.3925	0.0	0.0	0.0	0.0	4	0	0	0	18	0	0	0	0	1	0	0	0	0	0	0	0	0	3	0	0	0	7	0	0	0	0	2	0	0	0	0	0	0	0	0	0	0	0	0	0	0	0	0	0	8	0	0	0	0	0	0	0	0	0.325354	0.0	0.0	0.0	0.72486	0.0	0.0	0.0	0.0	0.309798	0.0	0.0	0.0	0.690202	0.0	0.0	0.0	0.0	
28	48	526.747711177	5779.306	5779.306	37.7737	0.973874	18	0	0	0	26	0	0	0	0	0.325354	0.0	0.0	0.0	0.744792	0.0	0.0	0.0	0.0	0.007295	0.0	0.0	0.0	505.579	0.0	0.0	0.0	0.0	0.000405	0.0	0.0	0.0	19.4453	0.0	0.0	0.0	0.0	4	0	0	0	19	0	0	0	0	1	0	0	0	0	0	0	0	0	3	0	0	0	7	0	0	0	0	2	0	0	0	0	0	0	0	0	0	0	0	0	0	0	0	0	0	8	0	0	0	0	0	0	0	0	0.325354	0.0	0.0	0.0	0.744792	0.0	0.0	0.0	0.0	0.304027	0.0	0.0	0.0	0.695973	0.0	0.0	0.0	0.0	
29	49	536.107817068	5530.833	5530.833	36.2942	0.972823	18	0	0	0	27	0	0	0	0	0.325354	0.0	0.0	0.0	0.763127	0.0	0.0	0.0	0.0	0.007295	0.0	0.0	0.0	514.939	0.0	0.0	0.0	0.0	0.000405	0.0	0.0	0.0	19.0718	0.0	0.0	0.0	0.0	4	0	0	0	20	0	0	0	0	1	0	0	0	0	0	0	0	0	3	0	0	0	7	0	0	0	0	2	0	0	0	0	0	0	0	0	0	0	0	0	0	0	0	0	0	8	0	0	0	0	0	0	0	0	0.325354	0.0	0.0	0.0	0.763127	0.0	0.0	0.0	0.0	0.298906	0.0	0.0	0.0	0.701094	0.0	0.0	0.0	0.0	
30	51	557.486882509	5398.361	5398.361	35.6463	0.972336	19	0	0	0	28	0	0	0	0	0.292818	0.0	0.0	0.0	0.779515	0.0	0.0	0.0	0.0	0.007612	0.0	0.0	0.0	536.317	0.0	0.0	0.0	0.0	0.000401	0.0	0.0	0.0	19.1542	0.0	0.0	0.0	0.0	4	0	0	0	21	0	0	0	0	1	0	0	0	0	0	0	0	0	3	0	0	0	7	0	0	0	0	2	0	0	0	0	0	0	0	0	0	0	0	0	0	0	0	0	0	9	0	0	0	0	0	0	0	0	0.292818	0.0	0.0	0.0	0.779515	0.0	0.0	0.0	0.0	0.273067	0.0	0.0	0.0	0.726933	0.0	0.0	0.0	0.0	
31	53	559.871629333	5398.361	5398.361	34.2098	0.971192	20	0	0	0	29	0	0	0	0	0.263537	0.0	0.0	0.0	0.727362	0.0	0.0	0.0	0.0	0.00791	0.0	0.0	0.0	538.702	0.0	0.0	0.0	0.0	0.000396	0.0	0.0	0.0	18.5759	0.0	0.0	0.0	0.0	4	0	0	0	21	0	0	0	0	1	0	0	0	0	0	0	0	0	3	0	0	0	8	0	0	0	0	2	0	0	0	0	0	0	0	0	0	0	0	0	0	0	0	0	0	10	0	0	0	0	0	0	0	0	0.263537	0.0	0.0	0.0	0.727362	0.0	0.0	0.0	0.0	0.265957	0.0	0.0	0.0	0.734043	0.0	0.0	0.0	0.0	
32	54	564.663649484	5398.361	5398.361	34.0532	0.971061	20	0	0	0	30	0	0	0	0	0.263537	0.0	0.0	0.0	0.677817	0.0	0.0	0.0	0.0	0.00791	0.0	0.0	0.0	543.494	0.0	0.0	0.0	0.0	0.000396	0.0	0.0	0.0	18.1165	0.0	0.0	0.0	0.0	4	0	0	0	21	0	0	0	0	1	0	0	0	0	0	0	0	0	3	0	0	0	9	0	0	0	0	2	0	0	0	0	0	0	0	0	0	0	0	0	0	0	0	0	0	10	0	0	0	0	0	0	0	0	0.263537	0.0	0.0	0.0	0.677817	0.0	0.0	0.0	0.0	0.279955	0.0	0.0	0.0	0.720045	0.0	0.0	0.0	0.0	
33	55	567.107456841	5398.361	5398.361	33.7406	0.970797	20	0	0	0	31	0	0	0	0	0.263537	0.0	0.0	0.0	0.63075	0.0	0.0	0.0	0.0	0.00791	0.0	0.0	0.0	545.938	0.0	0.0	0.0	0.0	0.000396	0.0	0.0	0.0	17.6109	0.0	0.0	0.0	0.0	4	0	0	0	21	0	0	0	0	1	0	0	0	0	0	0	0	0	3	0	0	0	10	0	0	0	0	2	0	0	0	0	0	0	0	0	0	0	0	0	0	0	0	0	0	10	0	0	0	0	0	0	0	0	0.263537	0.0	0.0	0.0	0.63075	0.0	0.0	0.0	0.0	0.294689	0.0	0.0	0.0	0.705311	0.0	0.0	0.0	0.0	
34	56	585.662061105	5376.833	5376.833	33.5823	0.970661	20	0	0	0	32	0	0	0	0	0.263537	0.0	0.0	0.0	0.656926	0.0	0.0	0.0	0.0	0.00791	0.0	0.0	0.0	564.492	0.0	0.0	0.0	0.0	0.000396	0.0	0.0	0.0	17.6404	0.0	0.0	0.0	0.0	4	0	0	0	22	0	0	0	0	1	0	0	0	0	0	0	0	0	3	0	0	0	10	0	0	0	0	2	0	0	0	0	0	0	0	0	0	0	0	0	0	0	0	0	0	10	0	0	0	0	0	0	0	0	0.263537	0.0	0.0	0.0	0.656926	0.0	0.0	0.0	0.0	0.286309	0.0	0.0	0.0	0.713691	0.0	0.0	0.0	0.0	
35	57	591.360447239	5370.333	5370.333	32.4046	0.969611	20	0	0	0	33	0	0	0	0	0.263537	0.0	0.0	0.0	0.680961	0.0	0.0	0.0	0.0	0.00791	0.0	0.0	0.0	570.191	0.0	0.0	0.0	0.0	0.000396	0.0	0.0	0.0	17.2785	0.0	0.0	0.0	0.0	4	0	0	0	23	0	0	0	0	1	0	0	0	0	0	0	0	0	3	0	0	0	10	0	0	0	0	2	0	0	0	0	0	0	0	0	0	0	0	0	0	0	0	0	0	10	0	0	0	0	0	0	0	0	0.263537	0.0	0.0	0.0	0.680961	0.0	0.0	0.0	0.0	0.279023	0.0	0.0	0.0	0.720977	0.0	0.0	0.0	0.0	
36	58	607.431151234	5369.333	5369.333	32.0512	0.969282	20	0	0	0	34	0	0	0	0	0.263537	0.0	0.0	0.0	0.703087	0.0	0.0	0.0	0.0	0.00791	0.0	0.0	0.0	586.261	0.0	0.0	0.0	0.0	0.000396	0.0	0.0	0.0	17.243	0.0	0.0	0.0	0.0	4	0	0	0	24	0	0	0	0	1	0	0	0	0	0	0	0	0	3	0	0	0	10	0	0	0	0	2	0	0	0	0	0	0	0	0	0	0	0	0	0	0	0	0	0	10	0	0	0	0	0	0	0	0	0.263537	0.0	0.0	0.0	0.703087	0.0	0.0	0.0	0.0	0.272636	0.0	0.0	0.0	0.727364	0.0	0.0	0.0	0.0	
37	59	616.98629328	5369.333	5369.333	31.0753	0.968332	20	0	0	0	35	0	0	0	0	0.263537	0.0	0.0	0.0	0.654756	0.0	0.0	0.0	0.0	0.00791	0.0	0.0	0.0	595.816	0.0	0.0	0.0	0.0	0.000396	0.0	0.0	0.0	17.0233	0.0	0.0	0.0	0.0	4	0	0	0	24	0	0	0	0	1	0	0	0	0	0	0	0	0	3	0	0	0	11	0	0	0	0	2	0	0	0	0	0	0	0	0	0	0	0	0	0	0	0	0	0	10	0	0	0	0	0	0	0	0	0.263537	0.0	0.0	0.0	0.654756	0.0	0.0	0.0	0.0	0.286986	0.0	0.0	0.0	0.713014	0.0	0.0	0.0	0.0	
38	60	620.881944944	5369.333	5369.333	30.5092	0.967754	20	0	0	0	36	0	0	0	0	0.263537	0.0	0.0	0.0	0.608841	0.0	0.0	0.0	0.0	0.00791	0.0	0.0	0.0	599.712	0.0	0.0	0.0	0.0	0.000396	0.0	0.0	0.0	16.6587	0.0	0.0	0.0	0.0	4	0	0	0	24	0	0	0	0	1	0	0	0	0	0	0	0	0	3	0	0	0	12	0	0	0	0	2	0	0	0	0	0	0	0	0	0	0	0	0	0	0	0	0	0	10	0	0	0	0	0	0	0	0	0.263537	0.0	0.0	0.0	0.608841	0.0	0.0	0.0	0.0	0.30209	0.0	0.0	0.0	0.69791	0.0	0.0	0.0	0.0	
39	61	626.239152561	5369.333	5369.333	30.2814	0.967516	20	0	0	0	37	0	0	0	0	0.263537	0.0	0.0	0.0	0.565222	0.0	0.0	0.0	0.0	0.00791	0.0	0.0	0.0	605.069	0.0	0.0	0.0	0.0	0.000396	0.0	0.0	0.0	16.3532	0.0	0.0	0.0	0.0	4	0	0	0	24	0	0	0	0	1	0	0	0	0	0	0	0	0	3	0	0	0	13	0	0	0	0	2	0	0	0	0	0	0	0	0	0	0	0	0	0	0	0	0	0	10	0	0	0	0	0	0	0	0	0.263537	0.0	0.0	0.0	0.565222	0.0	0.0	0.0	0.0	0.317989	0.0	0.0	0.0	0.682011	0.0	0.0	0.0	0.0	
40	63	632.047101247	5358.833	5358.833	29.9708	0.967185	21	0	0	0	38	0	0	0	0	0.237183	0.0	0.0	0.0	0.596083	0.0	0.0	0.0	0.0	0.008216	0.0	0.0	0.0	610.877	0.0	0.0	0.0	0.0	0.000391	0.0	0.0	0.0	16.0757	0.0	0.0	0.0	0.0	4	0	0	0	25	0	0	0	0	1	0	0	0	0	0	0	0	0	3	0	0	0	13	0	0	0	0	2	0	0	0	0	0	0	0	0	0	0	0	0	0	0	0	0	0	11	0	0	0	0	0	0	0	0	0.237183	0.0	0.0	0.0	0.596083	0.0	0.0	0.0	0.0	0.284642	0.0	0.0	0.0	0.715358	0.0	0.0	0.0	0.0	
41	65	648.283723252	5358.833	5358.833	29.6378	0.966822	22	0	0	0	39	0	0	0	0	0.213465	0.0	0.0	0.0	0.555606	0.0	0.0	0.0	0.0	0.008479	0.0	0.0	0.0	627.113	0.0	0.0	0.0	0.0	0.000385	0.0	0.0	0.0	16.0798	0.0	0.0	0.0	0.0	4	0	0	0	25	0	0	0	0	1	0	0	0	0	0	0	0	0	3	0	0	0	14	0	0	0	0	2	0	0	0	0	0	0	0	0	0	0	0	0	0	0	0	0	0	12	0	0	0	0	0	0	0	0	0.213465	0.0	0.0	0.0	0.555606	0.0	0.0	0.0	0.0	0.277562	0.0	0.0	0.0	0.722438	0.0	0.0	0.0	0.0	
42	67	655.883594896	5358.833	5358.833	28.7262	0.965788	23	0	0	0	40	0	0	0	0	0.192118	0.0	0.0	0.0	0.51822	0.0	0.0	0.0	0.0	0.008734	0.0	0.0	0.0	634.713	0.0	0.0	0.0	0.0	0.00038	0.0	0.0	0.0	15.8678	0.0	0.0	0.0	0.0	4	0	0	0	25	0	0	0	0	1	0	0	0	0	0	0	0	0	3	0	0	0	15	0	0	0	0	2	0	0	0	0	0	0	0	0	0	0	0	0	0	0	0	0	0	13	0	0	0	0	0	0	0	0	0.192118	0.0	0.0	0.0	0.51822	0.0	0.0	0.0	0.0	0.27046	0.0	0.0	0.0	0.72954	0.0	0.0	0.0	0.0	
43	68	659.528448083	5356.833	5356.833	28.3092	0.965292	23	0	0	0	41	0	0	0	0	0.192118	0.0	0.0	0.0	0.551239	0.0	0.0	0.0	0.0	0.008734	0.0	0.0	0.0	638.358	0.0	0.0	0.0	0.0	0.00038	0.0	0.0	0.0	15.5697	0.0	0.0	0.0	0.0	4	0	0	0	26	0	0	0	0	1	0	0	0	0	0	0	0	0	3	0	0	0	15	0	0	0	0	2	0	0	0	0	0	0	0	0	0	0	0	0	0	0	0	0	0	13	0	0	0	0	0	0	0	0	0.192118	0.0	0.0	0.0	0.551239	0.0	0.0	0.0	0.0	0.258447	0.0	0.0	0.0	0.741553	0.0	0.0	0.0	0.0	
44	69	675.980740367	5356.833	5356.833	28.1114	0.965052	23	0	0	0	42	0	0	0	0	0.192118	0.0	0.0	0.0	0.514071	0.0	0.0	0.0	0.0	0.008734	0.0	0.0	0.0	654.81	0.0	0.0	0.0	0.0	0.00038	0.0	0.0	0.0	15.5907	0.0	0.0	0.0	0.0	4	0	0	0	26	0	0	0	0	1	0	0	0	0	0	0	0	0	3	0	0	0	16	0	0	0	0	2	0	0	0	0	0	0	0	0	0	0	0	0	0	0	0	0	0	13	0	0	0	0	0	0	0	0	0.192118	0.0	0.0	0.0	0.514071	0.0	0.0	0.0	0.0	0.272049	0.0	0.0	0.0	0.727951	0.0	0.0	0.0	0.0	
45	70	682.124362309	5356.833	5356.833	27.2354	0.963949	23	0	0	0	43	0	0	0	0	0.192118	0.0	0.0	0.0	0.478762	0.0	0.0	0.0	0.0	0.008734	0.0	0.0	0.0	660.954	0.0	0.0	0.0	0.0	0.00038	0.0	0.0	0.0	15.371	0.0	0.0	0.0	0.0	4	0	0	0	26	0	0	0	0	1	0	0	0	0	0	0	0	0	3	0	0	0	17	0	0	0	0	2	0	0	0	0	0	0	0	0	0	0	0	0	0	0	0	0	0	13	0	0	0	0	0	0	0	0	0.192118	0.0	0.0	0.0	0.478762	0.0	0.0	0.0	0.0	0.286367	0.0	0.0	0.0	0.713633	0.0	0.0	0.0	0.0	
46	71	694.36612772	5337.444	5337.444	26.9154	0.963528	23	0	0	0	44	0	0	0	0	0.192118	0.0	0.0	0.0	0.515282	0.0	0.0	0.0	0.0	0.008734	0.0	0.0	0.0	673.195	0.0	0.0	0.0	0.0	0.00038	0.0	0.0	0.0	15.2999	0.0	0.0	0.0	0.0	4	0	0	0	27	0	0	0	0	1	0	0	0	0	0	0	0	0	3	0	0	0	17	0	0	0	0	2	0	0	0	0	0	0	0	0	0	0	0	0	0	0	0	0	0	13	0	0	0	0	0	0	0	0	0.192118	0.0	0.0	0.0	0.515282	0.0	0.0	0.0	0.0	0.271583	0.0	0.0	0.0	0.728417	0.0	0.0	0.0	0.0	
47	72	699.578812277	5336.444	5336.444	26.2888	0.962675	23	0	0	0	45	0	0	0	0	0.192118	0.0	0.0	0.0	0.548554	0.0	0.0	0.0	0.0	0.008734	0.0	0.0	0.0	678.408	0.0	0.0	0.0	0.0	0.00038	0.0	0.0	0.0	15.0757	0.0	0.0	0.0	0.0	4	0	0	0	28	0	0	0	0	1	0	0	0	0	0	0	0	0	3	0	0	0	17	0	0	0	0	2	0	0	0	0	0	0	0	0	0	0	0	0	0	0	0	0	0	13	0	0	0	0	0	0	0	0	0.192118	0.0	0.0	0.0	0.548554	0.0	0.0	0.0	0.0	0.259384	0.0	0.0	0.0	0.740616	0.0	0.0	0.0	0.0	
48	73	705.323631741	5336.444	5336.444	26.0264	0.962306	23	0	0	0	46	0	0	0	0	0.192118	0.0	0.0	0.0	0.51152	0.0	0.0	0.0	0.0	0.008734	0.0	0.0	0.0	684.153	0.0	0.0	0.0	0.0	0.00038	0.0	0.0	0.0	14.8729	0.0	0.0	0.0	0.0	4	0	0	0	28	0	0	0	0	1	0	0	0	0	0	0	0	0	3	0	0	0	18	0	0	0	0	2	0	0	0	0	0	0	0	0	0	0	0	0	0	0	0	0	0	13	0	0	0	0	0	0	0	0	0.192118	0.0	0.0	0.0	0.51152	0.0	0.0	0.0	0.0	0.273035	0.0	0.0	0.0	0.726965	0.0	0.0	0.0	0.0	
49	74	711.899328039	5336.444	5336.444	25.7403	0.961895	23	0	0	0	47	0	0	0	0	0.192118	0.0	0.0	0.0	0.476338	0.0	0.0	0.0	0.0	0.008734	0.0	0.0	0.0	690.728	0.0	0.0	0.0	0.0	0.00038	0.0	0.0	0.0	14.6964	0.0	0.0	0.0	0.0	4	0	0	0	28	0	0	0	0	1	0	0	0	0	0	0	0	0	3	0	0	0	19	0	0	0	0	2	0	0	0	0	0	0	0	0	0	0	0	0	0	0	0	0	0	13	0	0	0	0	0	0	0	0	0.192118	0.0	0.0	0.0	0.476338	0.0	0.0	0.0	0.0	0.287406	0.0	0.0	0.0	0.712594	0.0	0.0	0.0	0.0	
50	75	736.170711236	5336.444	5336.444	25.4167	0.96142	23	0	0	0	48	0	0	0	0	0.192118	0.0	0.0	0.0	0.442916	0.0	0.0	0.0	0.0	0.008734	0.0	0.0	0.0	715.0	0.0	0.0	0.0	0.0	0.00038	0.0	0.0	0.0	14.8958	0.0	0.0	0.0	0.0	4	0	0	0	28	0	0	0	0	1	0	0	0	0	0	0	0	0	3	0	0	0	20	0	0	0	0	2	0	0	0	0	0	0	0	0	0	0	0	0	0	0	0	0	0	13	0	0	0	0	0	0	0	0	0.192118	0.0	0.0	0.0	0.442916	0.0	0.0	0.0	0.0	0.302532	0.0	0.0	0.0	0.697468	0.0	0.0	0.0	0.0	
51	76	739.637202228	5336.444	5336.444	24.257	0.959613	23	0	0	0	49	0	0	0	0	0.192118	0.0	0.0	0.0	0.411164	0.0	0.0	0.0	0.0	0.008734	0.0	0.0	0.0	718.466	0.0	0.0	0.0	0.0	0.00038	0.0	0.0	0.0	14.6626	0.0	0.0	0.0	0.0	4	0	0	0	28	0	0	0	0	1	0	0	0	0	0	0	0	0	3	0	0	0	21	0	0	0	0	2	0	0	0	0	0	0	0	0	0	0	0	0	0	0	0	0	0	13	0	0	0	0	0	0	0	0	0.192118	0.0	0.0	0.0	0.411164	0.0	0.0	0.0	0.0	0.318455	0.0	0.0	0.0	0.681545	0.0	0.0	0.0	0.0	
52	77	755.946065842	5336.444	5336.444	24.0958	0.959348	23	0	0	0	50	0	0	0	0	0.192118	0.0	0.0	0.0	0.381	0.0	0.0	0.0	0.0	0.008734	0.0	0.0	0.0	734.775	0.0	0.0	0.0	0.0	0.00038	0.0	0.0	0.0	14.6955	0.0	0.0	0.0	0.0	4	0	0	0	28	0	0	0	0	1	0	0	0	0	0	0	0	0	3	0	0	0	22	0	0	0	0	2	0	0	0	0	0	0	0	0	0	0	0	0	0	0	0	0	0	13	0	0	0	0	0	0	0	0	0.192118	0.0	0.0	0.0	0.381	0.0	0.0	0.0	0.0	0.335216	0.0	0.0	0.0	0.664784	0.0	0.0	0.0	0.0	
53	78	765.621108568	5335.444	5335.444	23.3514	0.95808	23	0	0	0	51	0	0	0	0	0.192118	0.0	0.0	0.0	0.427556	0.0	0.0	0.0	0.0	0.008734	0.0	0.0	0.0	744.45	0.0	0.0	0.0	0.0	0.00038	0.0	0.0	0.0	14.5971	0.0	0.0	0.0	0.0	4	0	0	0	29	0	0	0	0	1	0	0	0	0	0	0	0	0	3	0	0	0	22	0	0	0	0	2	0	0	0	0	0	0	0	0	0	0	0	0	0	0	0	0	0	13	0	0	0	0	0	0	0	0	0.192118	0.0	0.0	0.0	0.427556	0.0	0.0	0.0	0.0	0.310031	0.0	0.0	0.0	0.689969	0.0	0.0	0.0	0.0	
54	79	768.422907649	5335.444	5335.444	22.9207	0.957309	23	0	0	0	52	0	0	0	0	0.192118	0.0	0.0	0.0	0.396573	0.0	0.0	0.0	0.0	0.008734	0.0	0.0	0.0	747.252	0.0	0.0	0.0	0.0	0.00038	0.0	0.0	0.0	14.3702	0.0	0.0	0.0	0.0	4	0	0	0	29	0	0	0	0	1	0	0	0	0	0	0	0	0	3	0	0	0	23	0	0	0	0	2	0	0	0	0	0	0	0	0	0	0	0	0	0	0	0	0	0	13	0	0	0	0	0	0	0	0	0.192118	0.0	0.0	0.0	0.396573	0.0	0.0	0.0	0.0	0.326348	0.0	0.0	0.0	0.673652	0.0	0.0	0.0	0.0	
55	81	948.593930498	5328.694	5328.694	22.7975	0.957084	24	0	0	0	53	0	0	0	0	0.172906	0.0	0.0	0.0	0.439899	0.0	0.0	0.0	0.0	0.009338	0.0	0.0	0.0	927.422	0.0	0.0	0.0	0.0	0.000389	0.0	0.0	0.0	17.4985	0.0	0.0	0.0	0.0	4	0	0	0	30	0	0	0	0	1	0	0	0	0	0	0	0	0	3	0	0	0	23	0	0	0	0	2	0	0	0	0	0	0	0	0	1	0	0	0	0	0	0	0	0	13	0	0	0	0	0	0	0	0	0.172906	0.0	0.0	0.0	0.439899	0.0	0.0	0.0	0.0	0.282156	0.0	0.0	0.0	0.717844	0.0	0.0	0.0	0.0	
56	82	998.475641989	5295.889	5295.889	16.1188	0.939846	24	0	0	0	54	0	0	0	0	0.172906	0.0	0.0	0.0	0.478911	0.0	0.0	0.0	0.0	0.009338	0.0	0.0	0.0	977.304	0.0	0.0	0.0	0.0	0.000389	0.0	0.0	0.0	18.0982	0.0	0.0	0.0	0.0	4	0	0	0	31	0	0	0	0	1	0	0	0	0	0	0	0	0	3	0	0	0	23	0	0	0	0	2	0	0	0	0	0	0	0	0	1	0	0	0	0	0	0	0	0	13	0	0	0	0	0	0	0	0	0.172906	0.0	0.0	0.0	0.478911	0.0	0.0	0.0	0.0	0.265268	0.0	0.0	0.0	0.734732	0.0	0.0	0.0	0.0	
57	83	1010.422767665	5295.889	5295.889	14.6436	0.933991	24	0	0	0	55	0	0	0	0	0.172906	0.0	0.0	0.0	0.446321	0.0	0.0	0.0	0.0	0.009338	0.0	0.0	0.0	989.251	0.0	0.0	0.0	0.0	0.000389	0.0	0.0	0.0	17.9864	0.0	0.0	0.0	0.0	4	0	0	0	31	0	0	0	0	1	0	0	0	0	0	0	0	0	3	0	0	0	24	0	0	0	0	2	0	0	0	0	0	0	0	0	1	0	0	0	0	0	0	0	0	13	0	0	0	0	0	0	0	0	0.172906	0.0	0.0	0.0	0.446321	0.0	0.0	0.0	0.0	0.279229	0.0	0.0	0.0	0.720771	0.0	0.0	0.0	0.0	
58	84	1030.309685083	5288.611	5288.611	14.3109	0.932509	24	0	0	0	56	0	0	0	0	0.172906	0.0	0.0	0.0	0.484729	0.0	0.0	0.0	0.0	0.009338	0.0	0.0	0.0	1009.14	0.0	0.0	0.0	0.0	0.000389	0.0	0.0	0.0	18.0203	0.0	0.0	0.0	0.0	4	0	0	0	32	0	0	0	0	1	0	0	0	0	0	0	0	0	3	0	0	0	24	0	0	0	0	2	0	0	0	0	0	0	0	0	1	0	0	0	0	0	0	0	0	13	0	0	0	0	0	0	0	0	0.172906	0.0	0.0	0.0	0.484729	0.0	0.0	0.0	0.0	0.262921	0.0	0.0	0.0	0.737079	0.0	0.0	0.0	0.0	
59	86	1047.65251601	5263.806	5263.806	13.7736	0.92997	25	0	0	0	57	0	0	0	0	0.155616	0.0	0.0	0.0	0.518764	0.0	0.0	0.0	0.0	0.01005	0.0	0.0	0.0	1026.48	0.0	0.0	0.0	0.0	0.000402	0.0	0.0	0.0	18.0084	0.0	0.0	0.0	0.0	4	0	0	0	33	0	0	0	0	1	0	0	0	0	0	0	0	0	4	0	0	0	24	0	0	0	0	2	0	0	0	0	0	0	0	0	1	0	0	0	0	0	0	0	0	13	0	0	0	0	0	0	0	0	0.155616	0.0	0.0	0.0	0.518764	0.0	0.0	0.0	0.0	0.230754	0.0	0.0	0.0	0.769246	0.0	0.0	0.0	0.0	
60	87	1053.958606456	5263.806	5263.806	13.3216	0.927682	25	0	0	0	58	0	0	0	0	0.155616	0.0	0.0	0.0	0.485045	0.0	0.0	0.0	0.0	0.01005	0.0	0.0	0.0	1032.79	0.0	0.0	0.0	0.0	0.000402	0.0	0.0	0.0	17.8067	0.0	0.0	0.0	0.0	4	0	0	0	33	0	0	0	0	1	0	0	0	0	0	0	0	0	4	0	0	0	25	0	0	0	0	2	0	0	0	0	0	0	0	0	1	0	0	0	0	0	0	0	0	13	0	0	0	0	0	0	0	0	0.155616	0.0	0.0	0.0	0.485045	0.0	0.0	0.0	0.0	0.242899	0.0	0.0	0.0	0.757101	0.0	0.0	0.0	0.0	
61	88	1058.987809933	5263.806	5263.806	13.1609	0.926832	25	0	0	0	59	0	0	0	0	0.155616	0.0	0.0	0.0	0.453012	0.0	0.0	0.0	0.0	0.01005	0.0	0.0	0.0	1037.82	0.0	0.0	0.0	0.0	0.000402	0.0	0.0	0.0	17.5901	0.0	0.0	0.0	0.0	4	0	0	0	33	0	0	0	0	1	0	0	0	0	0	0	0	0	4	0	0	0	26	0	0	0	0	2	0	0	0	0	0	0	0	0	1	0	0	0	0	0	0	0	0	13	0	0	0	0	0	0	0	0	0.155616	0.0	0.0	0.0	0.453012	0.0	0.0	0.0	0.0	0.255683	0.0	0.0	0.0	0.744317	0.0	0.0	0.0	0.0	
62	92	1067.067364861	5263.802666666667	5263.806	13.0342	0.926148	28	0	0	0	60	0	0	0	0	0.194444	0.0	0.0	0.0	0.420639	0.0	0.0	0.0	0.0	0.010801	0.0	0.0	0.0	1045.89	0.0	0.0	0.0	0.0	0.000386	0.0	0.0	0.0	17.4316	0.0	0.0	0.0	0.0	5	0	0	0	33	0	0	0	0	1	0	0	0	0	0	0	0	0	4	0	0	0	27	0	0	0	0	2	0	0	0	0	0	0	0	0	1	0	0	0	0	0	0	0	0	15	0	0	0	0	0	0	0	0	0.194444	0.0	0.0	0.0	0.420639	0.0	0.0	0.0	0.0	0.316126	0.0	0.0	0.0	0.683874	0.0	0.0	0.0	0.0	
63	98	1069.770145873	5263.772666666666	5263.806	12.8331	0.925035	33	0	0	0	61	0	0	0	0	0.204817	0.0	0.0	0.0	0.389366	0.0	0.0	0.0	0.0	0.012032	0.0	0.0	0.0	1048.6	0.0	0.0	0.0	0.0	0.000365	0.0	0.0	0.0	17.1901	0.0	0.0	0.0	0.0	6	0	0	0	33	0	0	0	0	1	0	0	0	0	0	0	0	0	4	0	0	0	28	0	0	0	0	3	0	0	0	0	0	0	0	0	1	0	0	0	0	0	0	0	0	18	0	0	0	0	0	0	0	0	0.204817	0.0	0.0	0.0	0.389366	0.0	0.0	0.0	0.0	0.344704	0.0	0.0	0.0	0.655296	0.0	0.0	0.0	0.0	
64	100	1073.964873991	5263.772666666666	5263.806	12.7666	0.92466	34	0	0	0	62	0	0	0	0	0.184335	0.0	0.0	0.0	0.360681	0.0	0.0	0.0	0.0	0.012225	0.0	0.0	0.0	1052.79	0.0	0.0	0.0	0.0	0.00036	0.0	0.0	0.0	16.9805	0.0	0.0	0.0	0.0	6	0	0	0	33	0	0	0	0	1	0	0	0	0	0	0	0	0	4	0	0	0	29	0	0	0	0	3	0	0	0	0	0	0	0	0	1	0	0	0	0	0	0	0	0	19	0	0	0	0	0	0	0	0	0.184335	0.0	0.0	0.0	0.360681	0.0	0.0	0.0	0.0	0.33822	0.0	0.0	0.0	0.66178	0.0	0.0	0.0	0.0	
65	102	1102.861474635	5253.667	5253.667	12.6639	0.924073	35	0	0	0	63	0	0	0	0	0.165902	0.0	0.0	0.0	0.40735	0.0	0.0	0.0	0.0	0.012404	0.0	0.0	0.0	1081.69	0.0	0.0	0.0	0.0	0.000354	0.0	0.0	0.0	17.1696	0.0	0.0	0.0	0.0	6	0	0	0	34	0	0	0	0	1	0	0	0	0	0	0	0	0	4	0	0	0	29	0	0	0	0	3	0	0	0	0	0	0	0	0	1	0	0	0	0	0	0	0	0	20	0	0	0	0	0	0	0	0	0.165902	0.0	0.0	0.0	0.40735	0.0	0.0	0.0	0.0	0.289405	0.0	0.0	0.0	0.710595	0.0	0.0	0.0	0.0	
66	103	1117.873388569	5228.444	5228.444	11.979	0.91991	35	0	0	0	64	0	0	0	0	0.165902	0.0	0.0	0.0	0.449051	0.0	0.0	0.0	0.0	0.012404	0.0	0.0	0.0	1096.7	0.0	0.0	0.0	0.0	0.000354	0.0	0.0	0.0	17.1359	0.0	0.0	0.0	0.0	6	0	0	0	35	0	0	0	0	1	0	0	0	0	0	0	0	0	4	0	0	0	29	0	0	0	0	3	0	0	0	0	0	0	0	0	1	0	0	0	0	0	0	0	0	20	0	0	0	0	0	0	0	0	0.165902	0.0	0.0	0.0	0.449051	0.0	0.0	0.0	0.0	0.26978	0.0	0.0	0.0	0.73022	0.0	0.0	0.0	0.0	
67	105	1137.915243096	5227.444	5227.444	11.638	0.917662	36	0	0	0	65	0	0	0	0	0.149312	0.0	0.0	0.0	0.485758	0.0	0.0	0.0	0.0	0.01263	0.0	0.0	0.0	1116.74	0.0	0.0	0.0	0.0	0.000351	0.0	0.0	0.0	17.1806	0.0	0.0	0.0	0.0	6	0	0	0	36	0	0	0	0	1	0	0	0	0	0	0	0	0	4	0	0	0	29	0	0	0	0	3	0	0	0	0	0	0	0	0	1	0	0	0	0	0	0	0	0	21	0	0	0	0	0	0	0	0	0.149312	0.0	0.0	0.0	0.485758	0.0	0.0	0.0	0.0	0.235111	0.0	0.0	0.0	0.764889	0.0	0.0	0.0	0.0	
68	106	1156.496074503	5227.444	5227.444	11.1977	0.914568	36	0	0	0	66	0	0	0	0	0.149312	0.0	0.0	0.0	0.454005	0.0	0.0	0.0	0.0	0.01263	0.0	0.0	0.0	1135.32	0.0	0.0	0.0	0.0	0.000351	0.0	0.0	0.0	17.2018	0.0	0.0	0.0	0.0	6	0	0	0	36	0	0	0	0	1	0	0	0	0	0	0	0	0	4	0	0	0	30	0	0	0	0	3	0	0	0	0	0	0	0	0	1	0	0	0	0	0	0	0	0	21	0	0	0	0	0	0	0	0	0.149312	0.0	0.0	0.0	0.454005	0.0	0.0	0.0	0.0	0.247485	0.0	0.0	0.0	0.752515	0.0	0.0	0.0	0.0	
69	107	1274.11451617	5226.056	5226.056	10.8045	0.9116	36	0	0	0	67	0	0	0	0	0.149312	0.0	0.0	0.0	0.490283	0.0	0.0	0.0	0.0	0.01263	0.0	0.0	0.0	1252.94	0.0	0.0	0.0	0.0	0.000351	0.0	0.0	0.0	18.7006	0.0	0.0	0.0	0.0	6	0	0	0	37	0	0	0	0	1	0	0	0	0	0	0	0	0	4	0	0	0	30	0	0	0	0	3	0	0	0	0	0	0	0	0	1	0	0	0	0	0	0	0	0	21	0	0	0	0	0	0	0	0	0.149312	0.0	0.0	0.0	0.490283	0.0	0.0	0.0	0.0	0.233447	0.0	0.0	0.0	0.766553	0.0	0.0	0.0	0.0	
70	108	1279.181740173	5226.056	5226.056	8.61626	0.890422	36	0	0	0	68	0	0	0	0	0.149312	0.0	0.0	0.0	0.458303	0.0	0.0	0.0	0.0	0.01263	0.0	0.0	0.0	1258.01	0.0	0.0	0.0	0.0	0.000351	0.0	0.0	0.0	18.5001	0.0	0.0	0.0	0.0	6	0	0	0	37	0	0	0	0	1	0	0	0	0	0	0	0	0	4	0	0	0	31	0	0	0	0	3	0	0	0	0	0	0	0	0	1	0	0	0	0	0	0	0	0	21	0	0	0	0	0	0	0	0	0.149312	0.0	0.0	0.0	0.458303	0.0	0.0	0.0	0.0	0.245734	0.0	0.0	0.0	0.754266	0.0	0.0	0.0	0.0	
71	109	1289.250385827	5226.056	5226.056	8.53266	0.88941	36	0	0	0	69	0	0	0	0	0.149312	0.0	0.0	0.0	0.427922	0.0	0.0	0.0	0.0	0.01263	0.0	0.0	0.0	1268.08	0.0	0.0	0.0	0.0	0.000351	0.0	0.0	0.0	18.3779	0.0	0.0	0.0	0.0	6	0	0	0	37	0	0	0	0	1	0	0	0	0	0	0	0	0	4	0	0	0	32	0	0	0	0	3	0	0	0	0	0	0	0	0	1	0	0	0	0	0	0	0	0	21	0	0	0	0	0	0	0	0	0.149312	0.0	0.0	0.0	0.427922	0.0	0.0	0.0	0.0	0.258667	0.0	0.0	0.0	0.741333	0.0	0.0	0.0	0.0	
72	110	1297.667468544	5226.056	5226.056	8.36895	0.887373	36	0	0	0	70	0	0	0	0	0.149312	0.0	0.0	0.0	0.399061	0.0	0.0	0.0	0.0	0.01263	0.0	0.0	0.0	1276.49	0.0	0.0	0.0	0.0	0.000351	0.0	0.0	0.0	18.2356	0.0	0.0	0.0	0.0	6	0	0	0	37	0	0	0	0	1	0	0	0	0	0	0	0	0	4	0	0	0	33	0	0	0	0	3	0	0	0	0	0	0	0	0	1	0	0	0	0	0	0	0	0	21	0	0	0	0	0	0	0	0	0.149312	0.0	0.0	0.0	0.399061	0.0	0.0	0.0	0.0	0.272282	0.0	0.0	0.0	0.727718	0.0	0.0	0.0	0.0	
73	113	1300.166467973	5226.056	5226.056	8.23449	0.885644	38	0	0	0	71	0	0	0	0	0.120942	0.0	0.0	0.0	0.373061	0.0	0.0	0.0	0.0	0.012986	0.0	0.0	0.0	1278.99	0.0	0.0	0.0	0.0	0.000342	0.0	0.0	0.0	18.014	0.0	0.0	0.0	0.0	6	0	0	0	37	0	0	0	0	1	0	0	0	0	0	0	0	0	4	0	0	0	34	0	0	0	0	3	0	0	0	0	0	0	0	0	1	0	0	0	0	0	0	0	0	23	0	0	0	0	0	0	0	0	0.120942	0.0	0.0	0.0	0.373061	0.0	0.0	0.0	0.0	0.244821	0.0	0.0	0.0	0.755179	0.0	0.0	0.0	0.0	
74	114	1304.628014659	5226.056	5226.056	8.195	0.885126	38	0	0	0	72	0	0	0	0	0.120942	0.0	0.0	0.0	0.34836	0.0	0.0	0.0	0.0	0.012986	0.0	0.0	0.0	1283.45	0.0	0.0	0.0	0.0	0.000342	0.0	0.0	0.0	17.8257	0.0	0.0	0.0	0.0	6	0	0	0	37	0	0	0	0	1	0	0	0	0	0	0	0	0	4	0	0	0	35	0	0	0	0	3	0	0	0	0	0	0	0	0	1	0	0	0	0	0	0	0	0	23	0	0	0	0	0	0	0	0	0.120942	0.0	0.0	0.0	0.34836	0.0	0.0	0.0	0.0	0.257707	0.0	0.0	0.0	0.742293	0.0	0.0	0.0	0.0	
75	115	1357.729931528	5212.222	5212.222	8.12495	0.884195	38	0	0	0	73	0	0	0	0	0.120942	0.0	0.0	0.0	0.392254	0.0	0.0	0.0	0.0	0.012986	0.0	0.0	0.0	1336.55	0.0	0.0	0.0	0.0	0.000342	0.0	0.0	0.0	18.309	0.0	0.0	0.0	0.0	6	0	0	0	38	0	0	0	0	1	0	0	0	0	0	0	0	0	4	0	0	0	35	0	0	0	0	3	0	0	0	0	0	0	0	0	1	0	0	0	0	0	0	0	0	23	0	0	0	0	0	0	0	0	0.120942	0.0	0.0	0.0	0.392254	0.0	0.0	0.0	0.0	0.235665	0.0	0.0	0.0	0.764335	0.0	0.0	0.0	0.0	
76	116	1362.905406393	5204.722	5204.722	7.3358	0.872565	38	0	0	0	74	0	0	0	0	0.120942	0.0	0.0	0.0	0.432011	0.0	0.0	0.0	0.0	0.012986	0.0	0.0	0.0	1341.73	0.0	0.0	0.0	0.0	0.000342	0.0	0.0	0.0	18.1315	0.0	0.0	0.0	0.0	6	0	0	0	39	0	0	0	0	1	0	0	0	0	0	0	0	0	4	0	0	0	35	0	0	0	0	3	0	0	0	0	0	0	0	0	1	0	0	0	0	0	0	0	0	23	0	0	0	0	0	0	0	0	0.120942	0.0	0.0	0.0	0.432011	0.0	0.0	0.0	0.0	0.218721	0.0	0.0	0.0	0.781279	0.0	0.0	0.0	0.0	
77	117	1365.748469232	5204.722	5204.722	7.26311	0.871376	38	0	0	0	75	0	0	0	0	0.120942	0.0	0.0	0.0	0.404363	0.0	0.0	0.0	0.0	0.012986	0.0	0.0	0.0	1344.57	0.0	0.0	0.0	0.0	0.000342	0.0	0.0	0.0	17.9276	0.0	0.0	0.0	0.0	6	0	0	0	39	0	0	0	0	1	0	0	0	0	0	0	0	0	4	0	0	0	36	0	0	0	0	3	0	0	0	0	0	0	0	0	1	0	0	0	0	0	0	0	0	23	0	0	0	0	0	0	0	0	0.120942	0.0	0.0	0.0	0.404363	0.0	0.0	0.0	0.0	0.230233	0.0	0.0	0.0	0.769767	0.0	0.0	0.0	0.0	
78	119	1381.095009003	5204.722	5205.222	7.22348	0.870718	39	0	0	0	76	0	0	0	0	0.108848	0.0	0.0	0.0	0.378702	0.0	0.0	0.0	0.0	0.013458	0.0	0.0	0.0	1359.92	0.0	0.0	0.0	0.0	0.000345	0.0	0.0	0.0	17.8937	0.0	0.0	0.0	0.0	6	0	0	0	39	0	0	0	0	1	0	0	0	0	0	0	0	0	5	0	0	0	37	0	0	0	0	3	0	0	0	0	0	0	0	0	1	0	0	0	0	0	0	0	0	23	0	0	0	0	0	0	0	0	0.108848	0.0	0.0	0.0	0.378702	0.0	0.0	0.0	0.0	0.223255	0.0	0.0	0.0	0.776745	0.0	0.0	0.0	0.0	
79	120	1387.098086107	5200.222	5200.222	7.01331	0.867113	39	0	0	0	77	0	0	0	0	0.108848	0.0	0.0	0.0	0.418696	0.0	0.0	0.0	0.0	0.013458	0.0	0.0	0.0	1365.92	0.0	0.0	0.0	0.0	0.000345	0.0	0.0	0.0	17.7392	0.0	0.0	0.0	0.0	6	0	0	0	40	0	0	0	0	1	0	0	0	0	0	0	0	0	5	0	0	0	37	0	0	0	0	3	0	0	0	0	0	0	0	0	1	0	0	0	0	0	0	0	0	23	0	0	0	0	0	0	0	0	0.108848	0.0	0.0	0.0	0.418696	0.0	0.0	0.0	0.0	0.20633	0.0	0.0	0.0	0.79367	0.0	0.0	0.0	0.0	
80	121	1398.490781496	5182.0	5182.0	6.93277	0.865678	39	0	0	0	78	0	0	0	0	0.108848	0.0	0.0	0.0	0.455317	0.0	0.0	0.0	0.0	0.013458	0.0	0.0	0.0	1377.31	0.0	0.0	0.0	0.0	0.000345	0.0	0.0	0.0	17.6579	0.0	0.0	0.0	0.0	6	0	0	0	41	0	0	0	0	1	0	0	0	0	0	0	0	0	5	0	0	0	37	0	0	0	0	3	0	0	0	0	0	0	0	0	1	0	0	0	0	0	0	0	0	23	0	0	0	0	0	0	0	0	0.108848	0.0	0.0	0.0	0.455317	0.0	0.0	0.0	0.0	0.192937	0.0	0.0	0.0	0.807063	0.0	0.0	0.0	0.0	
81	123	1405.707583861	5182.0	5182.0	6.78245	0.862915	40	0	0	0	79	0	0	0	0	0.097963	0.0	0.0	0.0	0.427653	0.0	0.0	0.0	0.0	0.013718	0.0	0.0	0.0	1384.53	0.0	0.0	0.0	0.0	0.000343	0.0	0.0	0.0	17.5257	0.0	0.0	0.0	0.0	6	0	0	0	41	0	0	0	0	1	0	0	0	0	0	0	0	0	5	0	0	0	38	0	0	0	0	3	0	0	0	0	0	0	0	0	1	0	0	0	0	0	0	0	0	24	0	0	0	0	0	0	0	0	0.097963	0.0	0.0	0.0	0.427653	0.0	0.0	0.0	0.0	0.186378	0.0	0.0	0.0	0.813622	0.0	0.0	0.0	0.0	
82	124	1422.054787856	5175.5	5175.5	6.68892	0.861138	40	0	0	0	80	0	0	0	0	0.097963	0.0	0.0	0.0	0.462826	0.0	0.0	0.0	0.0	0.013718	0.0	0.0	0.0	1400.88	0.0	0.0	0.0	0.0	0.000343	0.0	0.0	0.0	17.511	0.0	0.0	0.0	0.0	6	0	0	0	42	0	0	0	0	1	0	0	0	0	0	0	0	0	5	0	0	0	38	0	0	0	0	3	0	0	0	0	0	0	0	0	1	0	0	0	0	0	0	0	0	24	0	0	0	0	0	0	0	0	0.097963	0.0	0.0	0.0	0.462826	0.0	0.0	0.0	0.0	0.174688	0.0	0.0	0.0	0.825312	0.0	0.0	0.0	0.0	
83	126	1427.092014395	5175.0	5175.0	6.4818	0.857034	41	0	0	0	81	0	0	0	0	0.088167	0.0	0.0	0.0	0.494801	0.0	0.0	0.0	0.0	0.01398	0.0	0.0	0.0	1405.92	0.0	0.0	0.0	0.0	0.000341	0.0	0.0	0.0	17.357	0.0	0.0	0.0	0.0	6	0	0	0	43	0	0	0	0	1	0	0	0	0	0	0	0	0	5	0	0	0	38	0	0	0	0	3	0	0	0	0	0	0	0	0	1	0	0	0	0	0	0	0	0	25	0	0	0	0	0	0	0	0	0.088167	0.0	0.0	0.0	0.494801	0.0	0.0	0.0	0.0	0.151238	0.0	0.0	0.0	0.848762	0.0	0.0	0.0	0.0	
84	127	1429.567963758	5175.0	5175.0	6.41929	0.855747	41	0	0	0	82	0	0	0	0	0.088167	0.0	0.0	0.0	0.465653	0.0	0.0	0.0	0.0	0.01398	0.0	0.0	0.0	1408.39	0.0	0.0	0.0	0.0	0.000341	0.0	0.0	0.0	17.1755	0.0	0.0	0.0	0.0	6	0	0	0	43	0	0	0	0	1	0	0	0	0	0	0	0	0	5	0	0	0	39	0	0	0	0	3	0	0	0	0	0	0	0	0	1	0	0	0	0	0	0	0	0	25	0	0	0	0	0	0	0	0	0.088167	0.0	0.0	0.0	0.465653	0.0	0.0	0.0	0.0	0.159198	0.0	0.0	0.0	0.840802	0.0	0.0	0.0	0.0	
85	128	1432.37982561	5175.0	5175.0	6.38878	0.855111	41	0	0	0	83	0	0	0	0	0.088167	0.0	0.0	0.0	0.437962	0.0	0.0	0.0	0.0	0.01398	0.0	0.0	0.0	1411.2	0.0	0.0	0.0	0.0	0.000341	0.0	0.0	0.0	17.0024	0.0	0.0	0.0	0.0	6	0	0	0	43	0	0	0	0	1	0	0	0	0	0	0	0	0	5	0	0	0	40	0	0	0	0	3	0	0	0	0	0	0	0	0	1	0	0	0	0	0	0	0	0	25	0	0	0	0	0	0	0	0	0.088167	0.0	0.0	0.0	0.437962	0.0	0.0	0.0	0.0	0.167577	0.0	0.0	0.0	0.832423	0.0	0.0	0.0	0.0	
86	129	1436.873325539	5172.5	5172.5	6.35431	0.854385	41	0	0	0	84	0	0	0	0	0.088167	0.0	0.0	0.0	0.471721	0.0	0.0	0.0	0.0	0.01398	0.0	0.0	0.0	1415.7	0.0	0.0	0.0	0.0	0.000341	0.0	0.0	0.0	16.8535	0.0	0.0	0.0	0.0	6	0	0	0	44	0	0	0	0	1	0	0	0	0	0	0	0	0	5	0	0	0	40	0	0	0	0	3	0	0	0	0	0	0	0	0	1	0	0	0	0	0	0	0	0	25	0	0	0	0	0	0	0	0	0.088167	0.0	0.0	0.0	0.471721	0.0	0.0	0.0	0.0	0.157473	0.0	0.0	0.0	0.842527	0.0	0.0	0.0	0.0	
87	130	1448.099524486	5172.0	5172.0	6.29961	0.853218	41	0	0	0	85	0	0	0	0	0.088167	0.0	0.0	0.0	0.503072	0.0	0.0	0.0	0.0	0.01398	0.0	0.0	0.0	1426.92	0.0	0.0	0.0	0.0	0.000341	0.0	0.0	0.0	16.7873	0.0	0.0	0.0	0.0	6	0	0	0	45	0	0	0	0	1	0	0	0	0	0	0	0	0	5	0	0	0	40	0	0	0	0	3	0	0	0	0	0	0	0	0	1	0	0	0	0	0	0	0	0	25	0	0	0	0	0	0	0	0	0.088167	0.0	0.0	0.0	0.503072	0.0	0.0	0.0	0.0	0.149123	0.0	0.0	0.0	0.850877	0.0	0.0	0.0	0.0	
88	131	1452.957455232	5170.0	5170.0	6.16499	0.850266	41	0	0	0	86	0	0	0	0	0.088167	0.0	0.0	0.0	0.532273	0.0	0.0	0.0	0.0	0.01398	0.0	0.0	0.0	1431.78	0.0	0.0	0.0	0.0	0.000341	0.0	0.0	0.0	16.6486	0.0	0.0	0.0	0.0	6	0	0	0	46	0	0	0	0	1	0	0	0	0	0	0	0	0	5	0	0	0	40	0	0	0	0	3	0	0	0	0	0	0	0	0	1	0	0	0	0	0	0	0	0	25	0	0	0	0	0	0	0	0	0.088167	0.0	0.0	0.0	0.532273	0.0	0.0	0.0	0.0	0.142104	0.0	0.0	0.0	0.857896	0.0	0.0	0.0	0.0	
89	134	1458.049847722	5165.0	5165.0	6.10763	0.848972	43	0	0	0	87	0	0	0	0	0.071415	0.0	0.0	0.0	0.558797	0.0	0.0	0.0	0.0	0.01439	0.0	0.0	0.0	1436.87	0.0	0.0	0.0	0.0	0.000335	0.0	0.0	0.0	16.5158	0.0	0.0	0.0	0.0	6	0	0	0	47	0	0	0	0	1	0	0	0	0	0	0	0	0	5	0	0	0	40	0	0	0	0	3	0	0	0	0	0	0	0	0	1	0	0	0	0	0	0	0	0	27	0	0	0	0	0	0	0	0	0.071415	0.0	0.0	0.0	0.558797	0.0	0.0	0.0	0.0	0.113319	0.0	0.0	0.0	0.886681	0.0	0.0	0.0	0.0	
90	135	1471.931986327	5165.0	5165.0	6.04808	0.847604	43	0	0	0	88	0	0	0	0	0.071415	0.0	0.0	0.0	0.527286	0.0	0.0	0.0	0.0	0.01439	0.0	0.0	0.0	1450.75	0.0	0.0	0.0	0.0	0.000335	0.0	0.0	0.0	16.4858	0.0	0.0	0.0	0.0	6	0	0	0	47	0	0	0	0	1	0	0	0	0	0	0	0	0	5	0	0	0	41	0	0	0	0	3	0	0	0	0	0	0	0	0	1	0	0	0	0	0	0	0	0	27	0	0	0	0	0	0	0	0	0.071415	0.0	0.0	0.0	0.527286	0.0	0.0	0.0	0.0	0.119284	0.0	0.0	0.0	0.880716	0.0	0.0	0.0	0.0	
91	137	1479.209373187	5165.0	5165.0	5.88867	0.843819	44	0	0	0	89	0	0	0	0	0.064274	0.0	0.0	0.0	0.497708	0.0	0.0	0.0	0.0	0.014998	0.0	0.0	0.0	1458.03	0.0	0.0	0.0	0.0	0.000341	0.0	0.0	0.0	16.3824	0.0	0.0	0.0	0.0	6	0	0	0	47	0	0	0	0	1	0	0	0	0	0	0	0	0	5	0	0	0	42	0	0	0	0	4	0	0	0	0	0	0	0	0	1	0	0	0	0	0	0	0	0	27	0	0	0	0	0	0	0	0	0.064274	0.0	0.0	0.0	0.497708	0.0	0.0	0.0	0.0	0.11437	0.0	0.0	0.0	0.88563	0.0	0.0	0.0	0.0	
92	138	1659.374834912	5158.0	5158.0	5.80679	0.841801	44	0	0	0	90	0	0	0	0	0.064274	0.0	0.0	0.0	0.526066	0.0	0.0	0.0	0.0	0.014998	0.0	0.0	0.0	1638.2	0.0	0.0	0.0	0.0	0.000341	0.0	0.0	0.0	18.2022	0.0	0.0	0.0	0.0	6	0	0	0	48	0	0	0	0	1	0	0	0	0	0	0	0	0	5	0	0	0	42	0	0	0	0	4	0	0	0	0	0	0	0	0	1	0	0	0	0	0	0	0	0	27	0	0	0	0	0	0	0	0	0.064274	0.0	0.0	0.0	0.526066	0.0	0.0	0.0	0.0	0.108876	0.0	0.0	0.0	0.891124	0.0	0.0	0.0	0.0	
93	139	1668.15995567	5158.0	5158.0	4.10569	0.783829	44	0	0	0	91	0	0	0	0	0.064274	0.0	0.0	0.0	0.496549	0.0	0.0	0.0	0.0	0.014998	0.0	0.0	0.0	1646.98	0.0	0.0	0.0	0.0	0.000341	0.0	0.0	0.0	18.0987	0.0	0.0	0.0	0.0	6	0	0	0	48	0	0	0	0	1	0	0	0	0	0	0	0	0	5	0	0	0	43	0	0	0	0	4	0	0	0	0	0	0	0	0	1	0	0	0	0	0	0	0	0	27	0	0	0	0	0	0	0	0	0.064274	0.0	0.0	0.0	0.496549	0.0	0.0	0.0	0.0	0.114606	0.0	0.0	0.0	0.885394	0.0	0.0	0.0	0.0	
94	140	1672.874446063	5158.0	5158.0	4.03687	0.780581	44	0	0	0	92	0	0	0	0	0.064274	0.0	0.0	0.0	0.468508	0.0	0.0	0.0	0.0	0.014998	0.0	0.0	0.0	1651.7	0.0	0.0	0.0	0.0	0.000341	0.0	0.0	0.0	17.9532	0.0	0.0	0.0	0.0	6	0	0	0	48	0	0	0	0	1	0	0	0	0	0	0	0	0	5	0	0	0	44	0	0	0	0	4	0	0	0	0	0	0	0	0	1	0	0	0	0	0	0	0	0	27	0	0	0	0	0	0	0	0	0.064274	0.0	0.0	0.0	0.468508	0.0	0.0	0.0	0.0	0.120638	0.0	0.0	0.0	0.879362	0.0	0.0	0.0	0.0	
95	141	1689.185663187	5158.0	5158.0	4.00042	0.778821	44	0	0	0	93	0	0	0	0	0.064274	0.0	0.0	0.0	0.441869	0.0	0.0	0.0	0.0	0.014998	0.0	0.0	0.0	1668.01	0.0	0.0	0.0	0.0	0.000341	0.0	0.0	0.0	17.9356	0.0	0.0	0.0	0.0	6	0	0	0	48	0	0	0	0	1	0	0	0	0	0	0	0	0	5	0	0	0	45	0	0	0	0	4	0	0	0	0	0	0	0	0	1	0	0	0	0	0	0	0	0	27	0	0	0	0	0	0	0	0	0.064274	0.0	0.0	0.0	0.441869	0.0	0.0	0.0	0.0	0.126987	0.0	0.0	0.0	0.873013	0.0	0.0	0.0	0.0	
96	143	1711.698675724	5153.5	5153.5	3.87681	0.772638	45	0	0	0	94	0	0	0	0	0.057846	0.0	0.0	0.0	0.473429	0.0	0.0	0.0	0.0	0.015536	0.0	0.0	0.0	1690.52	0.0	0.0	0.0	0.0	0.000345	0.0	0.0	0.0	17.9843	0.0	0.0	0.0	0.0	6	0	0	0	49	0	0	0	0	1	0	0	0	0	0	0	0	0	5	0	0	0	45	0	0	0	0	4	0	0	0	0	0	0	0	0	2	0	0	0	0	0	0	0	0	27	0	0	0	0	0	0	0	0	0.057846	0.0	0.0	0.0	0.473429	0.0	0.0	0.0	0.0	0.108882	0.0	0.0	0.0	0.891118	0.0	0.0	0.0	0.0	
97	145	1716.454572038	5153.5	5153.5	3.71246	0.763866	46	0	0	0	95	0	0	0	0	0.052062	0.0	0.0	0.0	0.447154	0.0	0.0	0.0	0.0	0.015783	0.0	0.0	0.0	1695.28	0.0	0.0	0.0	0.0	0.000343	0.0	0.0	0.0	17.845	0.0	0.0	0.0	0.0	6	0	0	0	49	0	0	0	0	1	0	0	0	0	0	0	0	0	5	0	0	0	46	0	0	0	0	4	0	0	0	0	0	0	0	0	2	0	0	0	0	0	0	0	0	28	0	0	0	0	0	0	0	0	0.052062	0.0	0.0	0.0	0.447154	0.0	0.0	0.0	0.0	0.104287	0.0	0.0	0.0	0.895713	0.0	0.0	0.0	0.0	
98	147	1737.089387287	5144.5	5144.5	3.67865	0.761977	47	0	0	0	96	0	0	0	0	0.046856	0.0	0.0	0.0	0.477693	0.0	0.0	0.0	0.0	0.016205	0.0	0.0	0.0	1715.91	0.0	0.0	0.0	0.0	0.000345	0.0	0.0	0.0	17.8741	0.0	0.0	0.0	0.0	6	0	0	0	50	0	0	0	0	1	0	0	0	0	0	0	0	0	5	0	0	0	46	0	0	0	0	5	0	0	0	0	0	0	0	0	2	0	0	0	0	0	0	0	0	28	0	0	0	0	0	0	0	0	0.046856	0.0	0.0	0.0	0.477693	0.0	0.0	0.0	0.0	0.089326	0.0	0.0	0.0	0.910674	0.0	0.0	0.0	0.0	
99	148	1747.896752939	5139.5	5139.5	3.53546	0.753634	47	0	0	0	97	0	0	0	0	0.046856	0.0	0.0	0.0	0.50637	0.0	0.0	0.0	0.0	0.016205	0.0	0.0	0.0	1726.72	0.0	0.0	0.0	0.0	0.000345	0.0	0.0	0.0	17.8012	0.0	0.0	0.0	0.0	6	0	0	0	51	0	0	0	0	1	0	0	0	0	0	0	0	0	5	0	0	0	46	0	0	0	0	5	0	0	0	0	0	0	0	0	2	0	0	0	0	0	0	0	0	28	0	0	0	0	0	0	0	0	0.046856	0.0	0.0	0.0	0.50637	0.0	0.0	0.0	0.0	0.084695	0.0	0.0	0.0	0.915305	0.0	0.0	0.0	0.0	
100	149	1854.549527244	5107.889	5107.889	3.4627	0.749168	47	0	0	0	98	0	0	0	0	0.046856	0.0	0.0	0.0	0.533335	0.0	0.0	0.0	0.0	0.016205	0.0	0.0	0.0	1833.37	0.0	0.0	0.0	0.0	0.000345	0.0	0.0	0.0	18.7079	0.0	0.0	0.0	0.0	6	0	0	0	52	0	0	0	0	1	0	0	0	0	0	0	0	0	5	0	0	0	46	0	0	0	0	5	0	0	0	0	0	0	0	0	2	0	0	0	0	0	0	0	0	28	0	0	0	0	0	0	0	0	0.046856	0.0	0.0	0.0	0.533335	0.0	0.0	0.0	0.0	0.080759	0.0	0.0	0.0	0.919241	0.0	0.0	0.0	0.0	
101	150	1862.709418831	5107.889	5107.889	2.82028	0.701472	47	0	0	0	99	0	0	0	0	0.046856	0.0	0.0	0.0	0.504326	0.0	0.0	0.0	0.0	0.016205	0.0	0.0	0.0	1841.53	0.0	0.0	0.0	0.0	0.000345	0.0	0.0	0.0	18.6013	0.0	0.0	0.0	0.0	6	0	0	0	52	0	0	0	0	1	0	0	0	0	0	0	0	0	5	0	0	0	47	0	0	0	0	5	0	0	0	0	0	0	0	0	2	0	0	0	0	0	0	0	0	28	0	0	0	0	0	0	0	0	0.046856	0.0	0.0	0.0	0.504326	0.0	0.0	0.0	0.0	0.085009	0.0	0.0	0.0	0.914991	0.0	0.0	0.0	0.0	
102	151	1866.63122369	5106.389	5106.389	2.77635	0.697547	47	0	0	0	100	0	0	0	0	0.046856	0.0	0.0	0.0	0.531412	0.0	0.0	0.0	0.0	0.016205	0.0	0.0	0.0	1845.45	0.0	0.0	0.0	0.0	0.000345	0.0	0.0	0.0	18.4545	0.0	0.0	0.0	0.0	6	0	0	0	53	0	0	0	0	1	0	0	0	0	0	0	0	0	5	0	0	0	47	0	0	0	0	5	0	0	0	0	0	0	0	0	2	0	0	0	0	0	0	0	0	28	0	0	0	0	0	0	0	0	0.046856	0.0	0.0	0.0	0.531412	0.0	0.0	0.0	0.0	0.081028	0.0	0.0	0.0	0.918972	0.0	0.0	0.0	0.0	
103	152	1876.347059557	5106.389	5106.389	2.75548	0.695647	47	0	0	0	101	0	0	0	0	0.046856	0.0	0.0	0.0	0.502499	0.0	0.0	0.0	0.0	0.016205	0.0	0.0	0.0	1855.17	0.0	0.0	0.0	0.0	0.000345	0.0	0.0	0.0	18.368	0.0	0.0	0.0	0.0	6	0	0	0	53	0	0	0	0	1	0	0	0	0	0	0	0	0	5	0	0	0	48	0	0	0	0	5	0	0	0	0	0	0	0	0	2	0	0	0	0	0	0	0	0	28	0	0	0	0	0	0	0	0	0.046856	0.0	0.0	0.0	0.502499	0.0	0.0	0.0	0.0	0.085292	0.0	0.0	0.0	0.914708	0.0	0.0	0.0	0.0	
104	153	1884.566201047	5090.611	5090.611	2.70445	0.690899	47	0	0	0	102	0	0	0	0	0.046856	0.0	0.0	0.0	0.529693	0.0	0.0	0.0	0.0	0.016205	0.0	0.0	0.0	1863.39	0.0	0.0	0.0	0.0	0.000345	0.0	0.0	0.0	18.2685	0.0	0.0	0.0	0.0	6	0	0	0	54	0	0	0	0	1	0	0	0	0	0	0	0	0	5	0	0	0	48	0	0	0	0	5	0	0	0	0	0	0	0	0	2	0	0	0	0	0	0	0	0	28	0	0	0	0	0	0	0	0	0.046856	0.0	0.0	0.0	0.529693	0.0	0.0	0.0	0.0	0.081269	0.0	0.0	0.0	0.918731	0.0	0.0	0.0	0.0	
105	154	1888.580981654	5090.611	5090.611	2.66201	0.686839	47	0	0	0	103	0	0	0	0	0.046856	0.0	0.0	0.0	0.500866	0.0	0.0	0.0	0.0	0.016205	0.0	0.0	0.0	1867.4	0.0	0.0	0.0	0.0	0.000345	0.0	0.0	0.0	18.1301	0.0	0.0	0.0	0.0	6	0	0	0	54	0	0	0	0	1	0	0	0	0	0	0	0	0	5	0	0	0	49	0	0	0	0	5	0	0	0	0	0	0	0	0	2	0	0	0	0	0	0	0	0	28	0	0	0	0	0	0	0	0	0.046856	0.0	0.0	0.0	0.500866	0.0	0.0	0.0	0.0	0.085546	0.0	0.0	0.0	0.914454	0.0	0.0	0.0	0.0	
106	155	1893.397226114	5090.611	5090.611	2.64153	0.684841	47	0	0	0	104	0	0	0	0	0.046856	0.0	0.0	0.0	0.47348	0.0	0.0	0.0	0.0	0.016205	0.0	0.0	0.0	1872.22	0.0	0.0	0.0	0.0	0.000345	0.0	0.0	0.0	18.0021	0.0	0.0	0.0	0.0	6	0	0	0	54	0	0	0	0	1	0	0	0	0	0	0	0	0	5	0	0	0	50	0	0	0	0	5	0	0	0	0	0	0	0	0	2	0	0	0	0	0	0	0	0	28	0	0	0	0	0	0	0	0	0.046856	0.0	0.0	0.0	0.47348	0.0	0.0	0.0	0.0	0.090049	0.0	0.0	0.0	0.909951	0.0	0.0	0.0	0.0	
107	157	1900.448710073	5090.611	5090.611	2.61716	0.682431	48	0	0	0	105	0	0	0	0	0.04217	0.0	0.0	0.0	0.447697	0.0	0.0	0.0	0.0	0.01644	0.0	0.0	0.0	1879.27	0.0	0.0	0.0	0.0	0.000342	0.0	0.0	0.0	17.8978	0.0	0.0	0.0	0.0	6	0	0	0	54	0	0	0	0	1	0	0	0	0	0	0	0	0	5	0	0	0	51	0	0	0	0	5	0	0	0	0	0	0	0	0	2	0	0	0	0	0	0	0	0	29	0	0	0	0	0	0	0	0	0.04217	0.0	0.0	0.0	0.447697	0.0	0.0	0.0	0.0	0.086085	0.0	0.0	0.0	0.913915	0.0	0.0	0.0	0.0	
108	158	1912.316189426	5089.111	5089.111	2.58189	0.678879	48	0	0	0	106	0	0	0	0	0.04217	0.0	0.0	0.0	0.477914	0.0	0.0	0.0	0.0	0.01644	0.0	0.0	0.0	1891.14	0.0	0.0	0.0	0.0	0.000342	0.0	0.0	0.0	17.8409	0.0	0.0	0.0	0.0	6	0	0	0	55	0	0	0	0	1	0	0	0	0	0	0	0	0	5	0	0	0	51	0	0	0	0	5	0	0	0	0	0	0	0	0	2	0	0	0	0	0	0	0	0	29	0	0	0	0	0	0	0	0	0.04217	0.0	0.0	0.0	0.477914	0.0	0.0	0.0	0.0	0.081083	0.0	0.0	0.0	0.918917	0.0	0.0	0.0	0.0	
109	159	1920.980359209	5089.111	5089.111	2.52361	0.672833	48	0	0	0	107	0	0	0	0	0.04217	0.0	0.0	0.0	0.451909	0.0	0.0	0.0	0.0	0.01644	0.0	0.0	0.0	1899.8	0.0	0.0	0.0	0.0	0.000342	0.0	0.0	0.0	17.7551	0.0	0.0	0.0	0.0	6	0	0	0	55	0	0	0	0	1	0	0	0	0	0	0	0	0	5	0	0	0	52	0	0	0	0	5	0	0	0	0	0	0	0	0	2	0	0	0	0	0	0	0	0	29	0	0	0	0	0	0	0	0	0.04217	0.0	0.0	0.0	0.451909	0.0	0.0	0.0	0.0	0.085351	0.0	0.0	0.0	0.914649	0.0	0.0	0.0	0.0	
110	161	1928.184499775	5089.111	5089.111	2.48188	0.668366	49	0	0	0	108	0	0	0	0	0.037953	0.0	0.0	0.0	0.427416	0.0	0.0	0.0	0.0	0.016624	0.0	0.0	0.0	1907.0	0.0	0.0	0.0	0.0	0.000339	0.0	0.0	0.0	17.6575	0.0	0.0	0.0	0.0	6	0	0	0	55	0	0	0	0	1	0	0	0	0	0	0	0	0	5	0	0	0	53	0	0	0	0	5	0	0	0	0	0	0	0	0	2	0	0	0	0	0	0	0	0	30	0	0	0	0	0	0	0	0	0.037953	0.0	0.0	0.0	0.427416	0.0	0.0	0.0	0.0	0.081555	0.0	0.0	0.0	0.918445	0.0	0.0	0.0	0.0	
111	162	1934.665221514	5089.111	5089.111	2.44772	0.664618	49	0	0	0	109	0	0	0	0	0.037953	0.0	0.0	0.0	0.404148	0.0	0.0	0.0	0.0	0.016624	0.0	0.0	0.0	1913.49	0.0	0.0	0.0	0.0	0.000339	0.0	0.0	0.0	17.5549	0.0	0.0	0.0	0.0	6	0	0	0	55	0	0	0	0	1	0	0	0	0	0	0	0	0	5	0	0	0	54	0	0	0	0	5	0	0	0	0	0	0	0	0	2	0	0	0	0	0	0	0	0	30	0	0	0	0	0	0	0	0	0.037953	0.0	0.0	0.0	0.404148	0.0	0.0	0.0	0.0	0.085847	0.0	0.0	0.0	0.914153	0.0	0.0	0.0	0.0	
112	163	1939.752946954	5089.111	5089.111	2.41739	0.661219	49	0	0	0	110	0	0	0	0	0.037953	0.0	0.0	0.0	0.382043	0.0	0.0	0.0	0.0	0.016624	0.0	0.0	0.0	1918.57	0.0	0.0	0.0	0.0	0.000339	0.0	0.0	0.0	17.4416	0.0	0.0	0.0	0.0	6	0	0	0	55	0	0	0	0	1	0	0	0	0	0	0	0	0	5	0	0	0	55	0	0	0	0	5	0	0	0	0	0	0	0	0	2	0	0	0	0	0	0	0	0	30	0	0	0	0	0	0	0	0	0.037953	0.0	0.0	0.0	0.382043	0.0	0.0	0.0	0.0	0.090365	0.0	0.0	0.0	0.909635	0.0	0.0	0.0	0.0	
113	164	1963.818733978	5084.444	5084.444	2.39384	0.658534	49	0	0	0	111	0	0	0	0	0.037953	0.0	0.0	0.0	0.41601	0.0	0.0	0.0	0.0	0.016624	0.0	0.0	0.0	1942.64	0.0	0.0	0.0	0.0	0.000339	0.0	0.0	0.0	17.5013	0.0	0.0	0.0	0.0	6	0	0	0	56	0	0	0	0	1	0	0	0	0	0	0	0	0	5	0	0	0	55	0	0	0	0	5	0	0	0	0	0	0	0	0	2	0	0	0	0	0	0	0	0	30	0	0	0	0	0	0	0	0	0.037953	0.0	0.0	0.0	0.41601	0.0	0.0	0.0	0.0	0.083604	0.0	0.0	0.0	0.916396	0.0	0.0	0.0	0.0	
114	165	2020.112720123	5076.944	5076.944	2.28552	0.645624	49	0	0	0	112	0	0	0	0	0.037953	0.0	0.0	0.0	0.447873	0.0	0.0	0.0	0.0	0.016624	0.0	0.0	0.0	1998.93	0.0	0.0	0.0	0.0	0.000339	0.0	0.0	0.0	17.8476	0.0	0.0	0.0	0.0	6	0	0	0	57	0	0	0	0	1	0	0	0	0	0	0	0	0	5	0	0	0	55	0	0	0	0	5	0	0	0	0	0	0	0	0	2	0	0	0	0	0	0	0	0	30	0	0	0	0	0	0	0	0	0.037953	0.0	0.0	0.0	0.447873	0.0	0.0	0.0	0.0	0.07812	0.0	0.0	0.0	0.921879	0.0	0.0	0.0	0.0	
115	166	2025.132340392	5076.944	5076.944	2.0509	0.614104	49	0	0	0	113	0	0	0	0	0.037953	0.0	0.0	0.0	0.423582	0.0	0.0	0.0	0.0	0.016624	0.0	0.0	0.0	2003.95	0.0	0.0	0.0	0.0	0.000339	0.0	0.0	0.0	17.7341	0.0	0.0	0.0	0.0	6	0	0	0	57	0	0	0	0	1	0	0	0	0	0	0	0	0	5	0	0	0	56	0	0	0	0	5	0	0	0	0	0	0	0	0	2	0	0	0	0	0	0	0	0	30	0	0	0	0	0	0	0	0	0.037953	0.0	0.0	0.0	0.423582	0.0	0.0	0.0	0.0	0.082232	0.0	0.0	0.0	0.917768	0.0	0.0	0.0	0.0	
116	167	2031.962639527	5076.944	5076.944	2.03119	0.611205	49	0	0	0	114	0	0	0	0	0.037953	0.0	0.0	0.0	0.400505	0.0	0.0	0.0	0.0	0.016624	0.0	0.0	0.0	2010.78	0.0	0.0	0.0	0.0	0.000339	0.0	0.0	0.0	17.6384	0.0	0.0	0.0	0.0	6	0	0	0	57	0	0	0	0	1	0	0	0	0	0	0	0	0	5	0	0	0	57	0	0	0	0	5	0	0	0	0	0	0	0	0	2	0	0	0	0	0	0	0	0	30	0	0	0	0	0	0	0	0	0.037953	0.0	0.0	0.0	0.400505	0.0	0.0	0.0	0.0	0.08656	0.0	0.0	0.0	0.91344	0.0	0.0	0.0	0.0	
117	168	2038.541903883	5074.944	5074.944	2.00467	0.607237	49	0	0	0	115	0	0	0	0	0.037953	0.0	0.0	0.0	0.433321	0.0	0.0	0.0	0.0	0.016624	0.0	0.0	0.0	2017.36	0.0	0.0	0.0	0.0	0.000339	0.0	0.0	0.0	17.5423	0.0	0.0	0.0	0.0	6	0	0	0	58	0	0	0	0	1	0	0	0	0	0	0	0	0	5	0	0	0	57	0	0	0	0	5	0	0	0	0	0	0	0	0	2	0	0	0	0	0	0	0	0	30	0	0	0	0	0	0	0	0	0.037953	0.0	0.0	0.0	0.433321	0.0	0.0	0.0	0.0	0.080533	0.0	0.0	0.0	0.919467	0.0	0.0	0.0	0.0	
118	169	2044.020222156	5074.944	5074.944	1.97945	0.60339	49	0	0	0	116	0	0	0	0	0.037953	0.0	0.0	0.0	0.409757	0.0	0.0	0.0	0.0	0.016624	0.0	0.0	0.0	2022.84	0.0	0.0	0.0	0.0	0.000339	0.0	0.0	0.0	17.4383	0.0	0.0	0.0	0.0	6	0	0	0	58	0	0	0	0	1	0	0	0	0	0	0	0	0	5	0	0	0	58	0	0	0	0	5	0	0	0	0	0	0	0	0	2	0	0	0	0	0	0	0	0	30	0	0	0	0	0	0	0	0	0.037953	0.0	0.0	0.0	0.409757	0.0	0.0	0.0	0.0	0.084772	0.0	0.0	0.0	0.915229	0.0	0.0	0.0	0.0	
119	170	2065.601706044	5073.944	5073.944	1.95869	0.600169	49	0	0	0	117	0	0	0	0	0.037953	0.0	0.0	0.0	0.442003	0.0	0.0	0.0	0.0	0.016624	0.0	0.0	0.0	2044.42	0.0	0.0	0.0	0.0	0.000339	0.0	0.0	0.0	17.4737	0.0	0.0	0.0	0.0	6	0	0	0	59	0	0	0	0	1	0	0	0	0	0	0	0	0	5	0	0	0	58	0	0	0	0	5	0	0	0	0	0	0	0	0	2	0	0	0	0	0	0	0	0	30	0	0	0	0	0	0	0	0	0.037953	0.0	0.0	0.0	0.442003	0.0	0.0	0.0	0.0	0.079076	0.0	0.0	0.0	0.920924	0.0	0.0	0.0	0.0	
120	171	2129.329563238	5071.944	5071.944	1.87902	0.587317	49	0	0	0	118	0	0	0	0	0.037953	0.0	0.0	0.0	0.472298	0.0	0.0	0.0	0.0	0.016624	0.0	0.0	0.0	2108.15	0.0	0.0	0.0	0.0	0.000339	0.0	0.0	0.0	17.8657	0.0	0.0	0.0	0.0	6	0	0	0	60	0	0	0	0	1	0	0	0	0	0	0	0	0	5	0	0	0	58	0	0	0	0	5	0	0	0	0	0	0	0	0	2	0	0	0	0	0	0	0	0	30	0	0	0	0	0	0	0	0	0.037953	0.0	0.0	0.0	0.472298	0.0	0.0	0.0	0.0	0.074381	0.0	0.0	0.0	0.925619	0.0	0.0	0.0	0.0	
121	172	2132.347468471	5071.944	5071.944	1.66219	0.547925	49	0	0	0	119	0	0	0	0	0.037953	0.0	0.0	0.0	0.446786	0.0	0.0	0.0	0.0	0.016624	0.0	0.0	0.0	2111.17	0.0	0.0	0.0	0.0	0.000339	0.0	0.0	0.0	17.7409	0.0	0.0	0.0	0.0	6	0	0	0	60	0	0	0	0	1	0	0	0	0	0	0	0	0	5	0	0	0	59	0	0	0	0	5	0	0	0	0	0	0	0	0	2	0	0	0	0	0	0	0	0	30	0	0	0	0	0	0	0	0	0.037953	0.0	0.0	0.0	0.446786	0.0	0.0	0.0	0.0	0.078296	0.0	0.0	0.0	0.921704	0.0	0.0	0.0	0.0	
122	173	2292.687442376	5071.944	5071.944	1.65256	0.546009	49	0	0	0	120	0	0	0	0	0.037953	0.0	0.0	0.0	0.422549	0.0	0.0	0.0	0.0	0.016624	0.0	0.0	0.0	2271.51	0.0	0.0	0.0	0.0	0.000339	0.0	0.0	0.0	18.9292	0.0	0.0	0.0	0.0	6	0	0	0	60	0	0	0	0	1	0	0	0	0	0	0	0	0	5	0	0	0	60	0	0	0	0	5	0	0	0	0	0	0	0	0	2	0	0	0	0	0	0	0	0	30	0	0	0	0	0	0	0	0	0.037953	0.0	0.0	0.0	0.422549	0.0	0.0	0.0	0.0	0.082417	0.0	0.0	0.0	0.917583	0.0	0.0	0.0	0.0	
123	174	2301.588743495	5071.944	5071.944	1.21388	0.438758	49	0	0	0	121	0	0	0	0	0.037953	0.0	0.0	0.0	0.399524	0.0	0.0	0.0	0.0	0.016624	0.0	0.0	0.0	2280.41	0.0	0.0	0.0	0.0	0.000339	0.0	0.0	0.0	18.8464	0.0	0.0	0.0	0.0	6	0	0	0	60	0	0	0	0	1	0	0	0	0	0	0	0	0	5	0	0	0	61	0	0	0	0	5	0	0	0	0	0	0	0	0	2	0	0	0	0	0	0	0	0	30	0	0	0	0	0	0	0	0	0.037953	0.0	0.0	0.0	0.399524	0.0	0.0	0.0	0.0	0.086754	0.0	0.0	0.0	0.913246	0.0	0.0	0.0	0.0	
124	176	2316.856068139	5071.944	5071.944	1.19326	0.432558	50	0	0	0	122	0	0	0	0	0.034158	0.0	0.0	0.0	0.377839	0.0	0.0	0.0	0.0	0.016854	0.0	0.0	0.0	2295.68	0.0	0.0	0.0	0.0	0.000337	0.0	0.0	0.0	18.817	0.0	0.0	0.0	0.0	6	0	0	0	60	0	0	0	0	1	0	0	0	0	0	0	0	0	5	0	0	0	62	0	0	0	0	5	0	0	0	0	0	0	0	0	2	0	0	0	0	0	0	0	0	31	0	0	0	0	0	0	0	0	0.034158	0.0	0.0	0.0	0.377839	0.0	0.0	0.0	0.0	0.082908	0.0	0.0	0.0	0.917092	0.0	0.0	0.0	0.0	
125	177	2335.902072711	5071.944	5071.944	1.15872	0.421885	50	0	0	0	123	0	0	0	0	0.034158	0.0	0.0	0.0	0.35724	0.0	0.0	0.0	0.0	0.016854	0.0	0.0	0.0	2314.72	0.0	0.0	0.0	0.0	0.000337	0.0	0.0	0.0	18.8189	0.0	0.0	0.0	0.0	6	0	0	0	60	0	0	0	0	1	0	0	0	0	0	0	0	0	5	0	0	0	63	0	0	0	0	5	0	0	0	0	0	0	0	0	2	0	0	0	0	0	0	0	0	31	0	0	0	0	0	0	0	0	0.034158	0.0	0.0	0.0	0.35724	0.0	0.0	0.0	0.0	0.087271	0.0	0.0	0.0	0.912729	0.0	0.0	0.0	0.0	
126	178	2345.595878447	5071.944	5071.944	1.11702	0.408512	50	0	0	0	124	0	0	0	0	0.034158	0.0	0.0	0.0	0.33767	0.0	0.0	0.0	0.0	0.016854	0.0	0.0	0.0	2324.42	0.0	0.0	0.0	0.0	0.000337	0.0	0.0	0.0	18.7453	0.0	0.0	0.0	0.0	6	0	0	0	60	0	0	0	0	1	0	0	0	0	0	0	0	0	5	0	0	0	64	0	0	0	0	5	0	0	0	0	0	0	0	0	2	0	0	0	0	0	0	0	0	31	0	0	0	0	0	0	0	0	0.034158	0.0	0.0	0.0	0.33767	0.0	0.0	0.0	0.0	0.091864	0.0	0.0	0.0	0.908136	0.0	0.0	0.0	0.0	
127	179	2352.030019005	5071.944	5071.944	1.09638	0.401684	50	0	0	0	125	0	0	0	0	0.034158	0.0	0.0	0.0	0.319078	0.0	0.0	0.0	0.0	0.016854	0.0	0.0	0.0	2330.85	0.0	0.0	0.0	0.0	0.000337	0.0	0.0	0.0	18.6468	0.0	0.0	0.0	0.0	6	0	0	0	60	0	0	0	0	1	0	0	0	0	0	0	0	0	5	0	0	0	65	0	0	0	0	5	0	0	0	0	0	0	0	0	2	0	0	0	0	0	0	0	0	31	0	0	0	0	0	0	0	0	0.034158	0.0	0.0	0.0	0.319078	0.0	0.0	0.0	0.0	0.096699	0.0	0.0	0.0	0.903301	0.0	0.0	0.0	0.0	
128	180	2360.819016333	5071.944	5071.944	1.08289	0.397146	50	0	0	0	126	0	0	0	0	0.034158	0.0	0.0	0.0	0.301417	0.0	0.0	0.0	0.0	0.016854	0.0	0.0	0.0	2339.64	0.0	0.0	0.0	0.0	0.000337	0.0	0.0	0.0	18.5686	0.0	0.0	0.0	0.0	6	0	0	0	60	0	0	0	0	1	0	0	0	0	0	0	0	0	5	0	0	0	66	0	0	0	0	5	0	0	0	0	0	0	0	0	2	0	0	0	0	0	0	0	0	31	0	0	0	0	0	0	0	0	0.034158	0.0	0.0	0.0	0.301417	0.0	0.0	0.0	0.0	0.101789	0.0	0.0	0.0	0.898211	0.0	0.0	0.0	0.0	
129	181	2364.466580312	5071.944	5071.944	1.06474	0.39094	50	0	0	0	127	0	0	0	0	0.034158	0.0	0.0	0.0	0.284638	0.0	0.0	0.0	0.0	0.016854	0.0	0.0	0.0	2343.29	0.0	0.0	0.0	0.0	0.000337	0.0	0.0	0.0	18.4511	0.0	0.0	0.0	0.0	6	0	0	0	60	0	0	0	0	1	0	0	0	0	0	0	0	0	5	0	0	0	67	0	0	0	0	5	0	0	0	0	0	0	0	0	2	0	0	0	0	0	0	0	0	31	0	0	0	0	0	0	0	0	0.034158	0.0	0.0	0.0	0.284638	0.0	0.0	0.0	0.0	0.107146	0.0	0.0	0.0	0.892854	0.0	0.0	0.0	0.0	
130	182	2370.977347709	5071.944	5071.944	1.05729	0.388363	50	0	0	0	128	0	0	0	0	0.034158	0.0	0.0	0.0	0.268698	0.0	0.0	0.0	0.0	0.016854	0.0	0.0	0.0	2349.8	0.0	0.0	0.0	0.0	0.000337	0.0	0.0	0.0	18.3578	0.0	0.0	0.0	0.0	6	0	0	0	60	0	0	0	0	1	0	0	0	0	0	0	0	0	5	0	0	0	68	0	0	0	0	5	0	0	0	0	0	0	0	0	2	0	0	0	0	0	0	0	0	31	0	0	0	0	0	0	0	0	0.034158	0.0	0.0	0.0	0.268698	0.0	0.0	0.0	0.0	0.112785	0.0	0.0	0.0	0.887215	0.0	0.0	0.0	0.0	
131	183	2388.310189731	5071.944	5071.944	1.04413	0.38376	50	0	0	0	129	0	0	0	0	0.034158	0.0	0.0	0.0	0.253555	0.0	0.0	0.0	0.0	0.016854	0.0	0.0	0.0	2367.13	0.0	0.0	0.0	0.0	0.000337	0.0	0.0	0.0	18.3498	0.0	0.0	0.0	0.0	6	0	0	0	60	0	0	0	0	1	0	0	0	0	0	0	0	0	5	0	0	0	69	0	0	0	0	5	0	0	0	0	0	0	0	0	2	0	0	0	0	0	0	0	0	31	0	0	0	0	0	0	0	0	0.034158	0.0	0.0	0.0	0.253555	0.0	0.0	0.0	0.0	0.118722	0.0	0.0	0.0	0.881278	0.0	0.0	0.0	0.0	
132	184	2397.357472021	5071.944	5071.944	1.00988	0.371496	50	0	0	0	130	0	0	0	0	0.034158	0.0	0.0	0.0	0.23917	0.0	0.0	0.0	0.0	0.016854	0.0	0.0	0.0	2376.18	0.0	0.0	0.0	0.0	0.000337	0.0	0.0	0.0	18.2783	0.0	0.0	0.0	0.0	6	0	0	0	60	0	0	0	0	1	0	0	0	0	0	0	0	0	5	0	0	0	70	0	0	0	0	5	0	0	0	0	0	0	0	0	2	0	0	0	0	0	0	0	0	31	0	0	0	0	0	0	0	0	0.034158	0.0	0.0	0.0	0.23917	0.0	0.0	0.0	0.0	0.12497	0.0	0.0	0.0	0.87503	0.0	0.0	0.0	0.0	
133	185	2405.327124316	5071.944	5071.944	0.992451	0.365092	50	0	0	0	131	0	0	0	0	0.034158	0.0	0.0	0.0	0.225503	0.0	0.0	0.0	0.0	0.016854	0.0	0.0	0.0	2384.15	0.0	0.0	0.0	0.0	0.000337	0.0	0.0	0.0	18.1996	0.0	0.0	0.0	0.0	6	0	0	0	60	0	0	0	0	1	0	0	0	0	0	0	0	0	5	0	0	0	71	0	0	0	0	5	0	0	0	0	0	0	0	0	2	0	0	0	0	0	0	0	0	31	0	0	0	0	0	0	0	0	0.034158	0.0	0.0	0.0	0.225503	0.0	0.0	0.0	0.0	0.131547	0.0	0.0	0.0	0.868453	0.0	0.0	0.0	0.0	
134	186	2413.406821295	5071.944	5071.944	0.977349	0.359451	50	0	0	0	132	0	0	0	0	0.034158	0.0	0.0	0.0	0.21252	0.0	0.0	0.0	0.0	0.016854	0.0	0.0	0.0	2392.23	0.0	0.0	0.0	0.0	0.000337	0.0	0.0	0.0	18.1229	0.0	0.0	0.0	0.0	6	0	0	0	60	0	0	0	0	1	0	0	0	0	0	0	0	0	5	0	0	0	72	0	0	0	0	5	0	0	0	0	0	0	0	0	2	0	0	0	0	0	0	0	0	31	0	0	0	0	0	0	0	0	0.034158	0.0	0.0	0.0	0.21252	0.0	0.0	0.0	0.0	0.138471	0.0	0.0	0.0	0.861529	0.0	0.0	0.0	0.0	
135	189	2417.29599727	5071.919555555555	5071.944	0.962271	0.353735	52	0	0	0	133	0	0	0	0	0.127668	0.0	0.0	0.0	0.195511	0.0	0.0	0.0	0.0	0.017519	0.0	0.0	0.0	2396.11	0.0	0.0	0.0	0.0	0.000337	0.0	0.0	0.0	18.0159	0.0	0.0	0.0	0.0	7	0	0	0	60	0	0	0	0	1	0	0	0	0	0	0	0	0	5	0	0	0	73	0	0	0	0	5	0	0	0	0	0	0	0	0	2	0	0	0	0	0	0	0	0	32	0	0	0	0	0	0	0	0	0.127668	0.0	0.0	0.0	0.195511	0.0	0.0	0.0	0.0	0.395038	0.0	0.0	0.0	0.604962	0.0	0.0	0.0	0.0	
136	191	2588.454002635	5066.444	5066.444	0.955097	0.350984	53	0	0	0	134	0	0	0	0	0.114901	0.0	0.0	0.0	0.259375	0.0	0.0	0.0	0.0	0.018031	0.0	0.0	0.0	2567.27	0.0	0.0	0.0	0.0	0.00034	0.0	0.0	0.0	19.1587	0.0	0.0	0.0	0.0	7	0	0	0	61	0	0	0	0	1	0	0	0	0	0	0	0	0	5	0	0	0	73	0	0	0	0	6	0	0	0	0	0	0	0	0	2	0	0	0	0	0	0	0	0	32	0	0	0	0	0	0	0	0	0.114901	0.0	0.0	0.0	0.259375	0.0	0.0	0.0	0.0	0.306995	0.0	0.0	0.0	0.693005	0.0	0.0	0.0	0.0	
137	193	2595.517991338	5066.444	5066.444	0.687106	0.233312	54	0	0	0	135	0	0	0	0	0.103411	0.0	0.0	0.0	0.241236	0.0	0.0	0.0	0.0	0.018496	0.0	0.0	0.0	2574.34	0.0	0.0	0.0	0.0	0.000343	0.0	0.0	0.0	19.0692	0.0	0.0	0.0	0.0	7	0	0	0	61	0	0	0	0	1	0	0	0	0	0	0	0	0	6	0	0	0	74	0	0	0	0	6	0	0	0	0	0	0	0	0	2	0	0	0	0	0	0	0	0	32	0	0	0	0	0	0	0	0	0.103411	0.0	0.0	0.0	0.241236	0.0	0.0	0.0	0.0	0.300049	0.0	0.0	0.0	0.699951	0.0	0.0	0.0	0.0	
138	194	2598.500511797	5065.444	5065.444	0.677831	0.228712	54	0	0	0	136	0	0	0	0	0.103411	0.0	0.0	0.0	0.295437	0.0	0.0	0.0	0.0	0.018496	0.0	0.0	0.0	2577.32	0.0	0.0	0.0	0.0	0.000343	0.0	0.0	0.0	18.9509	0.0	0.0	0.0	0.0	7	0	0	0	62	0	0	0	0	1	0	0	0	0	0	0	0	0	6	0	0	0	74	0	0	0	0	6	0	0	0	0	0	0	0	0	2	0	0	0	0	0	0	0	0	32	0	0	0	0	0	0	0	0	0.103411	0.0	0.0	0.0	0.295437	0.0	0.0	0.0	0.0	0.259274	0.0	0.0	0.0	0.740726	0.0	0.0	0.0	0.0	
139	196	2614.274175531	5065.444	5065.444	0.673952	0.226778	55	0	0	0	137	0	0	0	0	0.09307	0.0	0.0	0.0	0.276012	0.0	0.0	0.0	0.0	0.018922	0.0	0.0	0.0	2593.09	0.0	0.0	0.0	0.0	0.000344	0.0	0.0	0.0	18.9277	0.0	0.0	0.0	0.0	7	0	0	0	62	0	0	0	0	1	0	0	0	0	0	0	0	0	6	0	0	0	75	0	0	0	0	7	0	0	0	0	0	0	0	0	2	0	0	0	0	0	0	0	0	32	0	0	0	0	0	0	0	0	0.09307	0.0	0.0	0.0	0.276012	0.0	0.0	0.0	0.0	0.252166	0.0	0.0	0.0	0.747834	0.0	0.0	0.0	0.0	
140	197	2621.650555746	5065.444	5065.444	0.653805	0.216642	55	0	0	0	138	0	0	0	0	0.09307	0.0	0.0	0.0	0.257558	0.0	0.0	0.0	0.0	0.018922	0.0	0.0	0.0	2600.47	0.0	0.0	0.0	0.0	0.000344	0.0	0.0	0.0	18.844	0.0	0.0	0.0	0.0	7	0	0	0	62	0	0	0	0	1	0	0	0	0	0	0	0	0	6	0	0	0	76	0	0	0	0	7	0	0	0	0	0	0	0	0	2	0	0	0	0	0	0	0	0	32	0	0	0	0	0	0	0	0	0.09307	0.0	0.0	0.0	0.257558	0.0	0.0	0.0	0.0	0.265438	0.0	0.0	0.0	0.734562	0.0	0.0	0.0	0.0	
141	198	2624.627825965	5065.444	5065.444	0.644591	0.211957	55	0	0	0	139	0	0	0	0	0.09307	0.0	0.0	0.0	0.240026	0.0	0.0	0.0	0.0	0.018922	0.0	0.0	0.0	2603.45	0.0	0.0	0.0	0.0	0.000344	0.0	0.0	0.0	18.7298	0.0	0.0	0.0	0.0	7	0	0	0	62	0	0	0	0	1	0	0	0	0	0	0	0	0	6	0	0	0	77	0	0	0	0	7	0	0	0	0	0	0	0	0	2	0	0	0	0	0	0	0	0	32	0	0	0	0	0	0	0	0	0.09307	0.0	0.0	0.0	0.240026	0.0	0.0	0.0	0.0	0.279408	0.0	0.0	0.0	0.720592	0.0	0.0	0.0	0.0	
142	200	2630.309582018	5065.444	5065.444	0.640909	0.210076	56	0	0	0	140	0	0	0	0	0.083763	0.0	0.0	0.0	0.223837	0.0	0.0	0.0	0.0	0.019154	0.0	0.0	0.0	2609.13	0.0	0.0	0.0	0.0	0.000342	0.0	0.0	0.0	18.6366	0.0	0.0	0.0	0.0	7	0	0	0	62	0	0	0	0	1	0	0	0	0	0	0	0	0	6	0	0	0	78	0	0	0	0	7	0	0	0	0	0	0	0	0	2	0	0	0	0	0	0	0	0	33	0	0	0	0	0	0	0	0	0.083763	0.0	0.0	0.0	0.223837	0.0	0.0	0.0	0.0	0.272311	0.0	0.0	0.0	0.727689	0.0	0.0	0.0	0.0	
143	201	2635.351034502	5065.444	5065.444	0.633941	0.206504	56	0	0	0	141	0	0	0	0	0.083763	0.0	0.0	0.0	0.208457	0.0	0.0	0.0	0.0	0.019154	0.0	0.0	0.0	2614.17	0.0	0.0	0.0	0.0	0.000342	0.0	0.0	0.0	18.5402	0.0	0.0	0.0	0.0	7	0	0	0	62	0	0	0	0	1	0	0	0	0	0	0	0	0	6	0	0	0	79	0	0	0	0	7	0	0	0	0	0	0	0	0	2	0	0	0	0	0	0	0	0	33	0	0	0	0	0	0	0	0	0.083763	0.0	0.0	0.0	0.208457	0.0	0.0	0.0	0.0	0.286643	0.0	0.0	0.0	0.713357	0.0	0.0	0.0	0.0	
144	202	2647.316730847	5065.444	5065.444	0.627821	0.203353	56	0	0	0	142	0	0	0	0	0.083763	0.0	0.0	0.0	0.193846	0.0	0.0	0.0	0.0	0.019154	0.0	0.0	0.0	2626.13	0.0	0.0	0.0	0.0	0.000342	0.0	0.0	0.0	18.4939	0.0	0.0	0.0	0.0	7	0	0	0	62	0	0	0	0	1	0	0	0	0	0	0	0	0	6	0	0	0	80	0	0	0	0	7	0	0	0	0	0	0	0	0	2	0	0	0	0	0	0	0	0	33	0	0	0	0	0	0	0	0	0.083763	0.0	0.0	0.0	0.193846	0.0	0.0	0.0	0.0	0.30173	0.0	0.0	0.0	0.69827	0.0	0.0	0.0	0.0	
145	203	2662.149280385	5065.444	5065.444	0.613532	0.195948	56	0	0	0	143	0	0	0	0	0.083763	0.0	0.0	0.0	0.179965	0.0	0.0	0.0	0.0	0.019154	0.0	0.0	0.0	2640.97	0.0	0.0	0.0	0.0	0.000342	0.0	0.0	0.0	18.4683	0.0	0.0	0.0	0.0	7	0	0	0	62	0	0	0	0	1	0	0	0	0	0	0	0	0	6	0	0	0	81	0	0	0	0	7	0	0	0	0	0	0	0	0	2	0	0	0	0	0	0	0	0	33	0	0	0	0	0	0	0	0	0.083763	0.0	0.0	0.0	0.179965	0.0	0.0	0.0	0.0	0.31761	0.0	0.0	0.0	0.68239	0.0	0.0	0.0	0.0	
146	204	2666.395435495	5065.444	5065.444	0.59627	0.186916	56	0	0	0	144	0	0	0	0	0.083763	0.0	0.0	0.0	0.166779	0.0	0.0	0.0	0.0	0.019154	0.0	0.0	0.0	2645.21	0.0	0.0	0.0	0.0	0.000342	0.0	0.0	0.0	18.3695	0.0	0.0	0.0	0.0	7	0	0	0	62	0	0	0	0	1	0	0	0	0	0	0	0	0	6	0	0	0	82	0	0	0	0	7	0	0	0	0	0	0	0	0	2	0	0	0	0	0	0	0	0	33	0	0	0	0	0	0	0	0	0.083763	0.0	0.0	0.0	0.166779	0.0	0.0	0.0	0.0	0.334327	0.0	0.0	0.0	0.665673	0.0	0.0	0.0	0.0	
147	205	2671.061167769	5057.444	5057.444	0.591418	0.184362	56	0	0	0	145	0	0	0	0	0.083763	0.0	0.0	0.0	0.229364	0.0	0.0	0.0	0.0	0.019154	0.0	0.0	0.0	2649.88	0.0	0.0	0.0	0.0	0.000342	0.0	0.0	0.0	18.275	0.0	0.0	0.0	0.0	7	0	0	0	63	0	0	0	0	1	0	0	0	0	0	0	0	0	6	0	0	0	82	0	0	0	0	7	0	0	0	0	0	0	0	0	2	0	0	0	0	0	0	0	0	33	0	0	0	0	0	0	0	0	0.083763	0.0	0.0	0.0	0.229364	0.0	0.0	0.0	0.0	0.267505	0.0	0.0	0.0	0.732495	0.0	0.0	0.0	0.0	
148	207	2689.490969001	5057.444	5057.444	0.586132	0.181573	57	0	0	0	146	0	0	0	0	0.075386	0.0	0.0	0.0	0.214126	0.0	0.0	0.0	0.0	0.019394	0.0	0.0	0.0	2668.31	0.0	0.0	0.0	0.0	0.00034	0.0	0.0	0.0	18.2761	0.0	0.0	0.0	0.0	7	0	0	0	63	0	0	0	0	1	0	0	0	0	0	0	0	0	6	0	0	0	83	0	0	0	0	7	0	0	0	0	0	0	0	0	2	0	0	0	0	0	0	0	0	34	0	0	0	0	0	0	0	0	0.075386	0.0	0.0	0.0	0.214126	0.0	0.0	0.0	0.0	0.260391	0.0	0.0	0.0	0.739609	0.0	0.0	0.0	0.0	
149	208	2697.49132304	5057.444	5057.444	0.565712	0.170728	57	0	0	0	147	0	0	0	0	0.075386	0.0	0.0	0.0	0.199651	0.0	0.0	0.0	0.0	0.019394	0.0	0.0	0.0	2676.31	0.0	0.0	0.0	0.0	0.00034	0.0	0.0	0.0	18.2062	0.0	0.0	0.0	0.0	7	0	0	0	63	0	0	0	0	1	0	0	0	0	0	0	0	0	6	0	0	0	84	0	0	0	0	7	0	0	0	0	0	0	0	0	2	0	0	0	0	0	0	0	0	34	0	0	0	0	0	0	0	0	0.075386	0.0	0.0	0.0	0.199651	0.0	0.0	0.0	0.0	0.274096	0.0	0.0	0.0	0.725904	0.0	0.0	0.0	0.0	
150	209	2700.858355392	5057.444	5057.444	0.55707	0.16611	57	0	0	0	148	0	0	0	0	0.075386	0.0	0.0	0.0	0.185899	0.0	0.0	0.0	0.0	0.019394	0.0	0.0	0.0	2679.67	0.0	0.0	0.0	0.0	0.00034	0.0	0.0	0.0	18.1059	0.0	0.0	0.0	0.0	7	0	0	0	63	0	0	0	0	1	0	0	0	0	0	0	0	0	6	0	0	0	85	0	0	0	0	7	0	0	0	0	0	0	0	0	2	0	0	0	0	0	0	0	0	34	0	0	0	0	0	0	0	0	0.075386	0.0	0.0	0.0	0.185899	0.0	0.0	0.0	0.0	0.288522	0.0	0.0	0.0	0.711478	0.0	0.0	0.0	0.0	
151	212	2722.342334516	5057.444	5057.444	0.553473	0.164183	59	0	0	0	149	0	0	0	0	0.061063	0.0	0.0	0.0	0.173551	0.0	0.0	0.0	0.0	0.019718	0.0	0.0	0.0	2701.16	0.0	0.0	0.0	0.0	0.000334	0.0	0.0	0.0	18.1286	0.0	0.0	0.0	0.0	7	0	0	0	63	0	0	0	0	1	0	0	0	0	0	0	0	0	6	0	0	0	86	0	0	0	0	7	0	0	0	0	0	0	0	0	2	0	0	0	0	0	0	0	0	36	0	0	0	0	0	0	0	0	0.061063	0.0	0.0	0.0	0.173551	0.0	0.0	0.0	0.0	0.260271	0.0	0.0	0.0	0.739729	0.0	0.0	0.0	0.0	
152	213	2727.066274357	5057.444	5057.444	0.53106	0.152129	59	0	0	0	150	0	0	0	0	0.061063	0.0	0.0	0.0	0.16182	0.0	0.0	0.0	0.0	0.019718	0.0	0.0	0.0	2705.88	0.0	0.0	0.0	0.0	0.000334	0.0	0.0	0.0	18.0392	0.0	0.0	0.0	0.0	7	0	0	0	63	0	0	0	0	1	0	0	0	0	0	0	0	0	6	0	0	0	87	0	0	0	0	7	0	0	0	0	0	0	0	0	2	0	0	0	0	0	0	0	0	36	0	0	0	0	0	0	0	0	0.061063	0.0	0.0	0.0	0.16182	0.0	0.0	0.0	0.0	0.273969	0.0	0.0	0.0	0.726031	0.0	0.0	0.0	0.0	
153	214	2733.385483518	5057.444	5057.444	0.526255	0.149536	59	0	0	0	151	0	0	0	0	0.061063	0.0	0.0	0.0	0.150676	0.0	0.0	0.0	0.0	0.019718	0.0	0.0	0.0	2712.2	0.0	0.0	0.0	0.0	0.000334	0.0	0.0	0.0	17.9616	0.0	0.0	0.0	0.0	7	0	0	0	63	0	0	0	0	1	0	0	0	0	0	0	0	0	6	0	0	0	88	0	0	0	0	7	0	0	0	0	0	0	0	0	2	0	0	0	0	0	0	0	0	36	0	0	0	0	0	0	0	0	0.061063	0.0	0.0	0.0	0.150676	0.0	0.0	0.0	0.0	0.288389	0.0	0.0	0.0	0.711611	0.0	0.0	0.0	0.0	
154	215	2736.10192243	5057.444	5057.444	0.519895	0.1461	59	0	0	0	152	0	0	0	0	0.061063	0.0	0.0	0.0	0.140089	0.0	0.0	0.0	0.0	0.019718	0.0	0.0	0.0	2714.92	0.0	0.0	0.0	0.0	0.000334	0.0	0.0	0.0	17.8613	0.0	0.0	0.0	0.0	7	0	0	0	63	0	0	0	0	1	0	0	0	0	0	0	0	0	6	0	0	0	89	0	0	0	0	7	0	0	0	0	0	0	0	0	2	0	0	0	0	0	0	0	0	36	0	0	0	0	0	0	0	0	0.061063	0.0	0.0	0.0	0.140089	0.0	0.0	0.0	0.0	0.303567	0.0	0.0	0.0	0.696433	0.0	0.0	0.0	0.0	
155	216	2802.742946963	5057.444	5057.444	0.517185	0.144635	59	0	0	0	153	0	0	0	0	0.061063	0.0	0.0	0.0	0.130031	0.0	0.0	0.0	0.0	0.019718	0.0	0.0	0.0	2781.56	0.0	0.0	0.0	0.0	0.000334	0.0	0.0	0.0	18.1801	0.0	0.0	0.0	0.0	7	0	0	0	63	0	0	0	0	1	0	0	0	0	0	0	0	0	6	0	0	0	90	0	0	0	0	7	0	0	0	0	0	0	0	0	2	0	0	0	0	0	0	0	0	36	0	0	0	0	0	0	0	0	0.061063	0.0	0.0	0.0	0.130031	0.0	0.0	0.0	0.0	0.319544	0.0	0.0	0.0	0.680456	0.0	0.0	0.0	0.0	
156	217	2808.140213197	5057.444	5057.444	0.454945	0.111018	59	0	0	0	154	0	0	0	0	0.061063	0.0	0.0	0.0	0.120477	0.0	0.0	0.0	0.0	0.019718	0.0	0.0	0.0	2786.96	0.0	0.0	0.0	0.0	0.000334	0.0	0.0	0.0	18.0971	0.0	0.0	0.0	0.0	7	0	0	0	63	0	0	0	0	1	0	0	0	0	0	0	0	0	6	0	0	0	91	0	0	0	0	7	0	0	0	0	0	0	0	0	2	0	0	0	0	0	0	0	0	36	0	0	0	0	0	0	0	0	0.061063	0.0	0.0	0.0	0.120477	0.0	0.0	0.0	0.0	0.336362	0.0	0.0	0.0	0.663638	0.0	0.0	0.0	0.0	
157	218	2818.569581452	5057.444	5057.444	0.450245	0.108499	59	0	0	0	155	0	0	0	0	0.061063	0.0	0.0	0.0	0.1114	0.0	0.0	0.0	0.0	0.019718	0.0	0.0	0.0	2797.39	0.0	0.0	0.0	0.0	0.000334	0.0	0.0	0.0	18.0476	0.0	0.0	0.0	0.0	7	0	0	0	63	0	0	0	0	1	0	0	0	0	0	0	0	0	6	0	0	0	92	0	0	0	0	7	0	0	0	0	0	0	0	0	2	0	0	0	0	0	0	0	0	36	0	0	0	0	0	0	0	0	0.061063	0.0	0.0	0.0	0.1114	0.0	0.0	0.0	0.0	0.354066	0.0	0.0	0.0	0.645934	0.0	0.0	0.0	0.0	
158	219	2822.937603977	5057.444	5057.444	0.4413	0.103723	59	0	0	0	156	0	0	0	0	0.061063	0.0	0.0	0.0	0.102776	0.0	0.0	0.0	0.0	0.019718	0.0	0.0	0.0	2801.75	0.0	0.0	0.0	0.0	0.000334	0.0	0.0	0.0	17.96	0.0	0.0	0.0	0.0	7	0	0	0	63	0	0	0	0	1	0	0	0	0	0	0	0	0	6	0	0	0	93	0	0	0	0	7	0	0	0	0	0	0	0	0	2	0	0	0	0	0	0	0	0	36	0	0	0	0	0	0	0	0	0.061063	0.0	0.0	0.0	0.102776	0.0	0.0	0.0	0.0	0.372701	0.0	0.0	0.0	0.627299	0.0	0.0	0.0	0.0	
159	220	2826.053204975	5057.444	5057.444	0.437607	0.101758	59	0	0	0	157	0	0	0	0	0.061063	0.0	0.0	0.0	0.094584	0.0	0.0	0.0	0.0	0.019718	0.0	0.0	0.0	2804.87	0.0	0.0	0.0	0.0	0.000334	0.0	0.0	0.0	17.8654	0.0	0.0	0.0	0.0	7	0	0	0	63	0	0	0	0	1	0	0	0	0	0	0	0	0	6	0	0	0	94	0	0	0	0	7	0	0	0	0	0	0	0	0	2	0	0	0	0	0	0	0	0	36	0	0	0	0	0	0	0	0	0.061063	0.0	0.0	0.0	0.094584	0.0	0.0	0.0	0.0	0.392316	0.0	0.0	0.0	0.607684	0.0	0.0	0.0	0.0	
160	221	2839.563408034	5057.444	5057.444	0.434991	0.10037	59	0	0	0	158	0	0	0	0	0.061063	0.0	0.0	0.0	0.086802	0.0	0.0	0.0	0.0	0.019718	0.0	0.0	0.0	2818.38	0.0	0.0	0.0	0.0	0.000334	0.0	0.0	0.0	17.8378	0.0	0.0	0.0	0.0	7	0	0	0	63	0	0	0	0	1	0	0	0	0	0	0	0	0	6	0	0	0	95	0	0	0	0	7	0	0	0	0	0	0	0	0	2	0	0	0	0	0	0	0	0	36	0	0	0	0	0	0	0	0	0.061063	0.0	0.0	0.0	0.086802	0.0	0.0	0.0	0.0	0.412965	0.0	0.0	0.0	0.587035	0.0	0.0	0.0	0.0	
161	222	2850.424809628	5057.444	5057.444	0.423829	0.094473	59	0	0	0	159	0	0	0	0	0.061063	0.0	0.0	0.0	0.079409	0.0	0.0	0.0	0.0	0.019718	0.0	0.0	0.0	2829.24	0.0	0.0	0.0	0.0	0.000334	0.0	0.0	0.0	17.794	0.0	0.0	0.0	0.0	7	0	0	0	63	0	0	0	0	1	0	0	0	0	0	0	0	0	6	0	0	0	96	0	0	0	0	7	0	0	0	0	0	0	0	0	2	0	0	0	0	0	0	0	0	36	0	0	0	0	0	0	0	0	0.061063	0.0	0.0	0.0	0.079409	0.0	0.0	0.0	0.0	0.4347	0.0	0.0	0.0	0.5653	0.0	0.0	0.0	0.0	
162	223	2859.99875891	5057.444	5057.444	0.415064	0.089881	59	0	0	0	160	0	0	0	0	0.061063	0.0	0.0	0.0	0.072385	0.0	0.0	0.0	0.0	0.019718	0.0	0.0	0.0	2838.81	0.0	0.0	0.0	0.0	0.000334	0.0	0.0	0.0	17.7426	0.0	0.0	0.0	0.0	7	0	0	0	63	0	0	0	0	1	0	0	0	0	0	0	0	0	6	0	0	0	97	0	0	0	0	7	0	0	0	0	0	0	0	0	2	0	0	0	0	0	0	0	0	36	0	0	0	0	0	0	0	0	0.061063	0.0	0.0	0.0	0.072385	0.0	0.0	0.0	0.0	0.457578	0.0	0.0	0.0	0.542422	0.0	0.0	0.0	0.0	
163	224	2869.103888809	5057.444	5057.444	0.407488	0.085944	59	0	0	0	161	0	0	0	0	0.061063	0.0	0.0	0.0	0.065713	0.0	0.0	0.0	0.0	0.019718	0.0	0.0	0.0	2847.92	0.0	0.0	0.0	0.0	0.000334	0.0	0.0	0.0	17.6889	0.0	0.0	0.0	0.0	7	0	0	0	63	0	0	0	0	1	0	0	0	0	0	0	0	0	6	0	0	0	98	0	0	0	0	7	0	0	0	0	0	0	0	0	2	0	0	0	0	0	0	0	0	36	0	0	0	0	0	0	0	0	0.061063	0.0	0.0	0.0	0.065713	0.0	0.0	0.0	0.0	0.481662	0.0	0.0	0.0	0.518338	0.0	0.0	0.0	0.0	
164	230	2886.718744439	5057.419555555555	5057.444	0.40041	0.082296	64	0	0	0	162	0	0	0	0	0.114024	0.0	0.0	0.0	0.059142	0.0	0.0	0.0	0.0	0.02093	0.0	0.0	0.0	2865.53	0.0	0.0	0.0	0.0	0.000327	0.0	0.0	0.0	17.6885	0.0	0.0	0.0	0.0	8	0	0	0	63	0	0	0	0	1	0	0	0	0	0	0	0	0	6	0	0	0	99	0	0	0	0	7	0	0	0	0	0	0	0	0	3	0	0	0	0	0	0	0	0	39	0	0	0	0	0	0	0	0	0.114024	0.0	0.0	0.0	0.059142	0.0	0.0	0.0	0.0	0.658468	0.0	0.0	0.0	0.341532	0.0	0.0	0.0	0.0	
165	231	2895.001277027	5056.056	5056.056	0.387068	0.075507	64	0	0	0	163	0	0	0	0	0.114024	0.0	0.0	0.0	0.153227	0.0	0.0	0.0	0.0	0.02093	0.0	0.0	0.0	2873.82	0.0	0.0	0.0	0.0	0.000327	0.0	0.0	0.0	17.6308	0.0	0.0	0.0	0.0	8	0	0	0	64	0	0	0	0	1	0	0	0	0	0	0	0	0	6	0	0	0	99	0	0	0	0	7	0	0	0	0	0	0	0	0	3	0	0	0	0	0	0	0	0	39	0	0	0	0	0	0	0	0	0.114024	0.0	0.0	0.0	0.153227	0.0	0.0	0.0	0.0	0.426654	0.0	0.0	0.0	0.573346	0.0	0.0	0.0	0.0	
166	234	2907.731138419	5056.011555555556	5056.056	0.380948	0.072437	66	0	0	0	164	0	0	0	0	0.192359	0.0	0.0	0.0	0.137905	0.0	0.0	0.0	0.0	0.02159	0.0	0.0	0.0	2886.55	0.0	0.0	0.0	0.0	0.000327	0.0	0.0	0.0	17.6009	0.0	0.0	0.0	0.0	9	0	0	0	64	0	0	0	0	1	0	0	0	0	0	0	0	0	6	0	0	0	100	0	0	0	0	7	0	0	0	0	0	0	0	0	3	0	0	0	0	0	0	0	0	40	0	0	0	0	0	0	0	0	0.192359	0.0	0.0	0.0	0.137905	0.0	0.0	0.0	0.0	0.582441	0.0	0.0	0.0	0.417559	0.0	0.0	0.0	0.0	
167	235	2912.189234836	5056.011555555556	5056.056	0.371731	0.067873	66	0	0	0	165	0	0	0	0	0.192359	0.0	0.0	0.0	0.124114	0.0	0.0	0.0	0.0	0.02159	0.0	0.0	0.0	2891.0	0.0	0.0	0.0	0.0	0.000327	0.0	0.0	0.0	17.5212	0.0	0.0	0.0	0.0	9	0	0	0	64	0	0	0	0	1	0	0	0	0	0	0	0	0	6	0	0	0	101	0	0	0	0	7	0	0	0	0	0	0	0	0	3	0	0	0	0	0	0	0	0	40	0	0	0	0	0	0	0	0	0.192359	0.0	0.0	0.0	0.124114	0.0	0.0	0.0	0.0	0.607821	0.0	0.0	0.0	0.392179	0.0	0.0	0.0	0.0	
168	236	2928.232529582	5056.011555555556	5056.056	0.368556	0.066318	66	0	0	0	166	0	0	0	0	0.192359	0.0	0.0	0.0	0.111703	0.0	0.0	0.0	0.0	0.02159	0.0	0.0	0.0	2907.05	0.0	0.0	0.0	0.0	0.000327	0.0	0.0	0.0	17.5123	0.0	0.0	0.0	0.0	9	0	0	0	64	0	0	0	0	1	0	0	0	0	0	0	0	0	6	0	0	0	102	0	0	0	0	7	0	0	0	0	0	0	0	0	3	0	0	0	0	0	0	0	0	40	0	0	0	0	0	0	0	0	0.192359	0.0	0.0	0.0	0.111703	0.0	0.0	0.0	0.0	0.632632	0.0	0.0	0.0	0.367368	0.0	0.0	0.0	0.0	
169	241	2930.792637636	5056.011555555556	5056.056	0.357352	0.06091	70	0	0	0	167	0	0	0	0	0.135958	0.0	0.0	0.0	0.100533	0.0	0.0	0.0	0.0	0.022885	0.0	0.0	0.0	2909.61	0.0	0.0	0.0	0.0	0.000327	0.0	0.0	0.0	17.4228	0.0	0.0	0.0	0.0	9	0	0	0	64	0	0	0	0	1	0	0	0	0	0	0	0	0	6	0	0	0	103	0	0	0	0	7	0	0	0	0	0	0	0	0	5	0	0	0	0	0	0	0	0	42	0	0	0	0	0	0	0	0	0.135958	0.0	0.0	0.0	0.100533	0.0	0.0	0.0	0.0	0.574898	0.0	0.0	0.0	0.425102	0.0	0.0	0.0	0.0	
170	243	2936.635826174	5056.011555555556	5056.056	0.355597	0.060074	71	0	0	0	168	0	0	0	0	0.124133	0.0	0.0	0.0	0.090479	0.0	0.0	0.0	0.0	0.023067	0.0	0.0	0.0	2915.45	0.0	0.0	0.0	0.0	0.000325	0.0	0.0	0.0	17.3539	0.0	0.0	0.0	0.0	9	0	0	0	64	0	0	0	0	1	0	0	0	0	0	0	0	0	6	0	0	0	104	0	0	0	0	7	0	0	0	0	0	0	0	0	5	0	0	0	0	0	0	0	0	43	0	0	0	0	0	0	0	0	0.124133	0.0	0.0	0.0	0.090479	0.0	0.0	0.0	0.0	0.578406	0.0	0.0	0.0	0.421594	0.0	0.0	0.0	0.0	
171	246	2942.849112139	5056.011555555556	5056.056	0.351621	0.058194	73	0	0	0	169	0	0	0	0	0.103209	0.0	0.0	0.0	0.081431	0.0	0.0	0.0	0.0	0.023636	0.0	0.0	0.0	2921.66	0.0	0.0	0.0	0.0	0.000324	0.0	0.0	0.0	17.2879	0.0	0.0	0.0	0.0	9	0	0	0	64	0	0	0	0	1	0	0	0	0	0	0	0	0	6	0	0	0	105	0	0	0	0	8	0	0	0	0	0	0	0	0	5	0	0	0	0	0	0	0	0	44	0	0	0	0	0	0	0	0	0.103209	0.0	0.0	0.0	0.081431	0.0	0.0	0.0	0.0	0.558972	0.0	0.0	0.0	0.441028	0.0	0.0	0.0	0.0	
172	248	2948.201248361	5056.011555555556	5056.056	0.347442	0.056237	74	0	0	0	170	0	0	0	0	0.093976	0.0	0.0	0.0	0.073288	0.0	0.0	0.0	0.0	0.023818	0.0	0.0	0.0	2927.01	0.0	0.0	0.0	0.0	0.000322	0.0	0.0	0.0	17.2177	0.0	0.0	0.0	0.0	9	0	0	0	64	0	0	0	0	1	0	0	0	0	0	0	0	0	6	0	0	0	106	0	0	0	0	8	0	0	0	0	0	0	0	0	5	0	0	0	0	0	0	0	0	45	0	0	0	0	0	0	0	0	0.093976	0.0	0.0	0.0	0.073288	0.0	0.0	0.0	0.0	0.561843	0.0	0.0	0.0	0.438157	0.0	0.0	0.0	0.0	
173	256	2958.76784041	5056.011555555556	5056.056	0.343882	0.054586	81	0	0	0	171	0	0	0	0	0.046006	0.0	0.0	0.0	0.067324	0.0	0.0	0.0	0.0	0.025419	0.0	0.0	0.0	2937.58	0.0	0.0	0.0	0.0	0.000314	0.0	0.0	0.0	17.1788	0.0	0.0	0.0	0.0	9	0	0	0	64	0	0	0	0	1	0	0	0	0	0	0	0	0	7	0	0	0	107	0	0	0	0	9	0	0	0	0	0	0	0	0	6	0	0	0	0	0	0	0	0	49	0	0	0	0	0	0	0	0	0.046006	0.0	0.0	0.0	0.067324	0.0	0.0	0.0	0.0	0.405949	0.0	0.0	0.0	0.594051	0.0	0.0	0.0	0.0	
174	257	2961.892757534	5056.011555555556	5056.056	0.336962	0.051422	81	0	0	0	172	0	0	0	0	0.046006	0.0	0.0	0.0	0.061657	0.0	0.0	0.0	0.0	0.025419	0.0	0.0	0.0	2940.7	0.0	0.0	0.0	0.0	0.000314	0.0	0.0	0.0	17.0971	0.0	0.0	0.0	0.0	9	0	0	0	64	0	0	0	0	1	0	0	0	0	0	0	0	0	7	0	0	0	108	0	0	0	0	9	0	0	0	0	0	0	0	0	6	0	0	0	0	0	0	0	0	49	0	0	0	0	0	0	0	0	0.046006	0.0	0.0	0.0	0.061657	0.0	0.0	0.0	0.0	0.427315	0.0	0.0	0.0	0.572685	0.0	0.0	0.0	0.0	
175	258	2967.551047867	5056.011555555556	5056.056	0.334942	0.05051	81	0	0	0	173	0	0	0	0	0.046006	0.0	0.0	0.0	0.056274	0.0	0.0	0.0	0.0	0.025419	0.0	0.0	0.0	2946.36	0.0	0.0	0.0	0.0	0.000314	0.0	0.0	0.0	17.031	0.0	0.0	0.0	0.0	9	0	0	0	64	0	0	0	0	1	0	0	0	0	0	0	0	0	7	0	0	0	109	0	0	0	0	9	0	0	0	0	0	0	0	0	6	0	0	0	0	0	0	0	0	49	0	0	0	0	0	0	0	0	0.046006	0.0	0.0	0.0	0.056274	0.0	0.0	0.0	0.0	0.449805	0.0	0.0	0.0	0.550195	0.0	0.0	0.0	0.0	
176	259	2975.34661987	5056.011555555556	5056.056	0.331315	0.048886	81	0	0	0	174	0	0	0	0	0.046006	0.0	0.0	0.0	0.05116	0.0	0.0	0.0	0.0	0.025419	0.0	0.0	0.0	2954.16	0.0	0.0	0.0	0.0	0.000314	0.0	0.0	0.0	16.9779	0.0	0.0	0.0	0.0	9	0	0	0	64	0	0	0	0	1	0	0	0	0	0	0	0	0	7	0	0	0	110	0	0	0	0	9	0	0	0	0	0	0	0	0	6	0	0	0	0	0	0	0	0	49	0	0	0	0	0	0	0	0	0.046006	0.0	0.0	0.0	0.05116	0.0	0.0	0.0	0.0	0.473479	0.0	0.0	0.0	0.526521	0.0	0.0	0.0	0.0	
177	264	3004.769849275	5054.556	5054.556	0.326382	0.046705	85	0	0	0	175	0	0	0	0	0.030184	0.0	0.0	0.0	0.126593	0.0	0.0	0.0	0.0	0.026822	0.0	0.0	0.0	2983.58	0.0	0.0	0.0	0.0	0.000316	0.0	0.0	0.0	17.049	0.0	0.0	0.0	0.0	9	0	0	0	65	0	0	0	0	1	0	0	0	0	0	0	0	0	8	0	0	0	110	0	0	0	0	11	0	0	0	0	0	0	0	0	6	0	0	0	0	0	0	0	0	50	0	0	0	0	0	0	0	0	0.030184	0.0	0.0	0.0	0.126593	0.0	0.0	0.0	0.0	0.192531	0.0	0.0	0.0	0.807469	0.0	0.0	0.0	0.0	
178	266	3016.824435931	5054.556	5054.556	0.308418	0.039072	86	0	0	0	176	0	0	0	0	0.027166	0.0	0.0	0.0	0.118905	0.0	0.0	0.0	0.0	0.027068	0.0	0.0	0.0	2995.63	0.0	0.0	0.0	0.0	0.000315	0.0	0.0	0.0	17.0206	0.0	0.0	0.0	0.0	9	0	0	0	65	0	0	0	0	1	0	0	0	0	0	0	0	0	8	0	0	0	111	0	0	0	0	11	0	0	0	0	0	0	0	0	6	0	0	0	0	0	0	0	0	51	0	0	0	0	0	0	0	0	0.027166	0.0	0.0	0.0	0.118905	0.0	0.0	0.0	0.0	0.185979	0.0	0.0	0.0	0.814021	0.0	0.0	0.0	0.0	
179	267	3027.301327407	5054.556	5054.556	0.301347	0.03621	86	0	0	0	177	0	0	0	0	0.027166	0.0	0.0	0.0	0.111601	0.0	0.0	0.0	0.0	0.027068	0.0	0.0	0.0	3006.11	0.0	0.0	0.0	0.0	0.000315	0.0	0.0	0.0	16.9837	0.0	0.0	0.0	0.0	9	0	0	0	65	0	0	0	0	1	0	0	0	0	0	0	0	0	8	0	0	0	112	0	0	0	0	11	0	0	0	0	0	0	0	0	6	0	0	0	0	0	0	0	0	51	0	0	0	0	0	0	0	0	0.027166	0.0	0.0	0.0	0.111601	0.0	0.0	0.0	0.0	0.195767	0.0	0.0	0.0	0.804233	0.0	0.0	0.0	0.0	
180	268	3041.179858612	5053.056	5053.056	0.295333	0.033844	86	0	0	0	178	0	0	0	0	0.027166	0.0	0.0	0.0	0.166834	0.0	0.0	0.0	0.0	0.027068	0.0	0.0	0.0	3019.99	0.0	0.0	0.0	0.0	0.000315	0.0	0.0	0.0	16.9662	0.0	0.0	0.0	0.0	9	0	0	0	66	0	0	0	0	1	0	0	0	0	0	0	0	0	8	0	0	0	112	0	0	0	0	11	0	0	0	0	0	0	0	0	6	0	0	0	0	0	0	0	0	51	0	0	0	0	0	0	0	0	0.027166	0.0	0.0	0.0	0.166834	0.0	0.0	0.0	0.0	0.140031	0.0	0.0	0.0	0.859969	0.0	0.0	0.0	0.0	
181	269	3043.835407852	5044.861	5044.861	0.287551	0.03088	86	0	0	0	179	0	0	0	0	0.027166	0.0	0.0	0.0	0.215276	0.0	0.0	0.0	0.0	0.027068	0.0	0.0	0.0	3022.64	0.0	0.0	0.0	0.0	0.000315	0.0	0.0	0.0	16.8863	0.0	0.0	0.0	0.0	9	0	0	0	67	0	0	0	0	1	0	0	0	0	0	0	0	0	8	0	0	0	112	0	0	0	0	11	0	0	0	0	0	0	0	0	6	0	0	0	0	0	0	0	0	51	0	0	0	0	0	0	0	0	0.027166	0.0	0.0	0.0	0.215276	0.0	0.0	0.0	0.0	0.112052	0.0	0.0	0.0	0.887948	0.0	0.0	0.0	0.0	
182	270	3047.767264286	5044.861	5044.861	0.286086	0.030335	86	0	0	0	180	0	0	0	0	0.027166	0.0	0.0	0.0	0.203154	0.0	0.0	0.0	0.0	0.027068	0.0	0.0	0.0	3026.58	0.0	0.0	0.0	0.0	0.000315	0.0	0.0	0.0	16.8143	0.0	0.0	0.0	0.0	9	0	0	0	67	0	0	0	0	1	0	0	0	0	0	0	0	0	8	0	0	0	113	0	0	0	0	11	0	0	0	0	0	0	0	0	6	0	0	0	0	0	0	0	0	51	0	0	0	0	0	0	0	0	0.027166	0.0	0.0	0.0	0.203154	0.0	0.0	0.0	0.0	0.117949	0.0	0.0	0.0	0.882051	0.0	0.0	0.0	0.0	
183	271	3050.349268971	5044.861	5044.861	0.28393	0.02954	86	0	0	0	181	0	0	0	0	0.027166	0.0	0.0	0.0	0.191638	0.0	0.0	0.0	0.0	0.027068	0.0	0.0	0.0	3029.16	0.0	0.0	0.0	0.0	0.000315	0.0	0.0	0.0	16.7357	0.0	0.0	0.0	0.0	9	0	0	0	67	0	0	0	0	1	0	0	0	0	0	0	0	0	8	0	0	0	114	0	0	0	0	11	0	0	0	0	0	0	0	0	6	0	0	0	0	0	0	0	0	51	0	0	0	0	0	0	0	0	0.027166	0.0	0.0	0.0	0.191638	0.0	0.0	0.0	0.0	0.124157	0.0	0.0	0.0	0.875843	0.0	0.0	0.0	0.0	
184	272	3055.443896905	5044.861	5044.861	0.282523	0.029027	86	0	0	0	182	0	0	0	0	0.027166	0.0	0.0	0.0	0.180697	0.0	0.0	0.0	0.0	0.027068	0.0	0.0	0.0	3034.25	0.0	0.0	0.0	0.0	0.000315	0.0	0.0	0.0	16.6717	0.0	0.0	0.0	0.0	9	0	0	0	67	0	0	0	0	1	0	0	0	0	0	0	0	0	8	0	0	0	115	0	0	0	0	11	0	0	0	0	0	0	0	0	6	0	0	0	0	0	0	0	0	51	0	0	0	0	0	0	0	0	0.027166	0.0	0.0	0.0	0.180697	0.0	0.0	0.0	0.0	0.130692	0.0	0.0	0.0	0.869308	0.0	0.0	0.0	0.0	
185	274	3111.270181164	5044.861	5044.861	0.279766	0.028032	87	0	0	0	183	0	0	0	0	0.02445	0.0	0.0	0.0	0.17044	0.0	0.0	0.0	0.0	0.027579	0.0	0.0	0.0	3090.08	0.0	0.0	0.0	0.0	0.000317	0.0	0.0	0.0	16.8857	0.0	0.0	0.0	0.0	9	0	0	0	67	0	0	0	0	1	0	0	0	0	0	0	0	0	8	0	0	0	116	0	0	0	0	12	0	0	0	0	0	0	0	0	6	0	0	0	0	0	0	0	0	51	0	0	0	0	0	0	0	0	0.02445	0.0	0.0	0.0	0.17044	0.0	0.0	0.0	0.0	0.125453	0.0	0.0	0.0	0.874547	0.0	0.0	0.0	0.0	
186	275	3118.438530788	5043.361	5043.361	0.251273	0.018691	87	0	0	0	184	0	0	0	0	0.02445	0.0	0.0	0.0	0.217868	0.0	0.0	0.0	0.0	0.027579	0.0	0.0	0.0	3097.25	0.0	0.0	0.0	0.0	0.000317	0.0	0.0	0.0	16.8329	0.0	0.0	0.0	0.0	9	0	0	0	68	0	0	0	0	1	0	0	0	0	0	0	0	0	8	0	0	0	116	0	0	0	0	12	0	0	0	0	0	0	0	0	6	0	0	0	0	0	0	0	0	51	0	0	0	0	0	0	0	0	0.02445	0.0	0.0	0.0	0.217868	0.0	0.0	0.0	0.0	0.100898	0.0	0.0	0.0	0.899102	0.0	0.0	0.0	0.0	
187	276	3122.60465145	5043.361	5043.361	0.247831	0.017686	87	0	0	0	185	0	0	0	0	0.02445	0.0	0.0	0.0	0.205752	0.0	0.0	0.0	0.0	0.027579	0.0	0.0	0.0	3101.41	0.0	0.0	0.0	0.0	0.000317	0.0	0.0	0.0	16.7644	0.0	0.0	0.0	0.0	9	0	0	0	68	0	0	0	0	1	0	0	0	0	0	0	0	0	8	0	0	0	117	0	0	0	0	12	0	0	0	0	0	0	0	0	6	0	0	0	0	0	0	0	0	51	0	0	0	0	0	0	0	0	0.02445	0.0	0.0	0.0	0.205752	0.0	0.0	0.0	0.0	0.106209	0.0	0.0	0.0	0.893791	0.0	0.0	0.0	0.0	
188	277	3129.955682609	5043.361	5043.361	0.245853	0.01712	87	0	0	0	186	0	0	0	0	0.02445	0.0	0.0	0.0	0.194242	0.0	0.0	0.0	0.0	0.027579	0.0	0.0	0.0	3108.76	0.0	0.0	0.0	0.0	0.000317	0.0	0.0	0.0	16.7138	0.0	0.0	0.0	0.0	9	0	0	0	68	0	0	0	0	1	0	0	0	0	0	0	0	0	8	0	0	0	118	0	0	0	0	12	0	0	0	0	0	0	0	0	6	0	0	0	0	0	0	0	0	51	0	0	0	0	0	0	0	0	0.02445	0.0	0.0	0.0	0.194242	0.0	0.0	0.0	0.0	0.111799	0.0	0.0	0.0	0.888201	0.0	0.0	0.0	0.0	
189	278	3132.508321105	5043.361	5043.361	0.2424	0.016157	87	0	0	0	187	0	0	0	0	0.02445	0.0	0.0	0.0	0.183308	0.0	0.0	0.0	0.0	0.027579	0.0	0.0	0.0	3111.32	0.0	0.0	0.0	0.0	0.000317	0.0	0.0	0.0	16.6381	0.0	0.0	0.0	0.0	9	0	0	0	68	0	0	0	0	1	0	0	0	0	0	0	0	0	8	0	0	0	119	0	0	0	0	12	0	0	0	0	0	0	0	0	6	0	0	0	0	0	0	0	0	51	0	0	0	0	0	0	0	0	0.02445	0.0	0.0	0.0	0.183308	0.0	0.0	0.0	0.0	0.117683	0.0	0.0	0.0	0.882317	0.0	0.0	0.0	0.0	
190	279	3140.144054941	5043.361	5043.361	0.241212	0.015832	87	0	0	0	188	0	0	0	0	0.02445	0.0	0.0	0.0	0.17292	0.0	0.0	0.0	0.0	0.027579	0.0	0.0	0.0	3118.95	0.0	0.0	0.0	0.0	0.000317	0.0	0.0	0.0	16.5902	0.0	0.0	0.0	0.0	9	0	0	0	68	0	0	0	0	1	0	0	0	0	0	0	0	0	8	0	0	0	120	0	0	0	0	12	0	0	0	0	0	0	0	0	6	0	0	0	0	0	0	0	0	51	0	0	0	0	0	0	0	0	0.02445	0.0	0.0	0.0	0.17292	0.0	0.0	0.0	0.0	0.123877	0.0	0.0	0.0	0.876123	0.0	0.0	0.0	0.0	
191	280	3152.664942107	5043.361	5043.361	0.237694	0.01489	87	0	0	0	189	0	0	0	0	0.02445	0.0	0.0	0.0	0.163051	0.0	0.0	0.0	0.0	0.027579	0.0	0.0	0.0	3131.47	0.0	0.0	0.0	0.0	0.000317	0.0	0.0	0.0	16.5686	0.0	0.0	0.0	0.0	9	0	0	0	68	0	0	0	0	1	0	0	0	0	0	0	0	0	8	0	0	0	121	0	0	0	0	12	0	0	0	0	0	0	0	0	6	0	0	0	0	0	0	0	0	51	0	0	0	0	0	0	0	0	0.02445	0.0	0.0	0.0	0.163051	0.0	0.0	0.0	0.0	0.130397	0.0	0.0	0.0	0.869603	0.0	0.0	0.0	0.0	
192	281	3157.717451856	5043.361	5043.361	0.232036	0.013438	87	0	0	0	190	0	0	0	0	0.02445	0.0	0.0	0.0	0.153676	0.0	0.0	0.0	0.0	0.027579	0.0	0.0	0.0	3136.53	0.0	0.0	0.0	0.0	0.000317	0.0	0.0	0.0	16.508	0.0	0.0	0.0	0.0	9	0	0	0	68	0	0	0	0	1	0	0	0	0	0	0	0	0	8	0	0	0	122	0	0	0	0	12	0	0	0	0	0	0	0	0	6	0	0	0	0	0	0	0	0	51	0	0	0	0	0	0	0	0	0.02445	0.0	0.0	0.0	0.153676	0.0	0.0	0.0	0.0	0.13726	0.0	0.0	0.0	0.86274	0.0	0.0	0.0	0.0	
193	282	3161.410538263	5043.361	5043.361	0.229791	0.012884	87	0	0	0	191	0	0	0	0	0.02445	0.0	0.0	0.0	0.14477	0.0	0.0	0.0	0.0	0.027579	0.0	0.0	0.0	3140.22	0.0	0.0	0.0	0.0	0.000317	0.0	0.0	0.0	16.4409	0.0	0.0	0.0	0.0	9	0	0	0	68	0	0	0	0	1	0	0	0	0	0	0	0	0	8	0	0	0	123	0	0	0	0	12	0	0	0	0	0	0	0	0	6	0	0	0	0	0	0	0	0	51	0	0	0	0	0	0	0	0	0.02445	0.0	0.0	0.0	0.14477	0.0	0.0	0.0	0.0	0.144484	0.0	0.0	0.0	0.855516	0.0	0.0	0.0	0.0	
194	283	3173.702023094	5043.361	5043.361	0.228164	0.01249	87	0	0	0	192	0	0	0	0	0.02445	0.0	0.0	0.0	0.136309	0.0	0.0	0.0	0.0	0.027579	0.0	0.0	0.0	3152.51	0.0	0.0	0.0	0.0	0.000317	0.0	0.0	0.0	16.4193	0.0	0.0	0.0	0.0	9	0	0	0	68	0	0	0	0	1	0	0	0	0	0	0	0	0	8	0	0	0	124	0	0	0	0	12	0	0	0	0	0	0	0	0	6	0	0	0	0	0	0	0	0	51	0	0	0	0	0	0	0	0	0.02445	0.0	0.0	0.0	0.136309	0.0	0.0	0.0	0.0	0.152088	0.0	0.0	0.0	0.847912	0.0	0.0	0.0	0.0	
195	284	3193.493380331	5043.361	5043.361	0.222832	0.011246	87	0	0	0	193	0	0	0	0	0.02445	0.0	0.0	0.0	0.128271	0.0	0.0	0.0	0.0	0.027579	0.0	0.0	0.0	3172.3	0.0	0.0	0.0	0.0	0.000317	0.0	0.0	0.0	16.4368	0.0	0.0	0.0	0.0	9	0	0	0	68	0	0	0	0	1	0	0	0	0	0	0	0	0	8	0	0	0	125	0	0	0	0	12	0	0	0	0	0	0	0	0	6	0	0	0	0	0	0	0	0	51	0	0	0	0	0	0	0	0	0.02445	0.0	0.0	0.0	0.128271	0.0	0.0	0.0	0.0	0.160093	0.0	0.0	0.0	0.839907	0.0	0.0	0.0	0.0	
196	285	3197.451310042	5043.361	5043.361	0.214506	0.009449	87	0	0	0	194	0	0	0	0	0.02445	0.0	0.0	0.0	0.120635	0.0	0.0	0.0	0.0	0.027579	0.0	0.0	0.0	3176.26	0.0	0.0	0.0	0.0	0.000317	0.0	0.0	0.0	16.3725	0.0	0.0	0.0	0.0	9	0	0	0	68	0	0	0	0	1	0	0	0	0	0	0	0	0	8	0	0	0	126	0	0	0	0	12	0	0	0	0	0	0	0	0	6	0	0	0	0	0	0	0	0	51	0	0	0	0	0	0	0	0	0.02445	0.0	0.0	0.0	0.120635	0.0	0.0	0.0	0.0	0.168519	0.0	0.0	0.0	0.831481	0.0	0.0	0.0	0.0	
197	286	3200.570838676	5043.361	5043.361	0.212878	0.009118	87	0	0	0	195	0	0	0	0	0.02445	0.0	0.0	0.0	0.113381	0.0	0.0	0.0	0.0	0.027579	0.0	0.0	0.0	3179.38	0.0	0.0	0.0	0.0	0.000317	0.0	0.0	0.0	16.3045	0.0	0.0	0.0	0.0	9	0	0	0	68	0	0	0	0	1	0	0	0	0	0	0	0	0	8	0	0	0	127	0	0	0	0	12	0	0	0	0	0	0	0	0	6	0	0	0	0	0	0	0	0	51	0	0	0	0	0	0	0	0	0.02445	0.0	0.0	0.0	0.113381	0.0	0.0	0.0	0.0	0.177388	0.0	0.0	0.0	0.822612	0.0	0.0	0.0	0.0	
198	287	3203.573126852	5043.361	5043.361	0.211604	0.008864	87	0	0	0	196	0	0	0	0	0.02445	0.0	0.0	0.0	0.106489	0.0	0.0	0.0	0.0	0.027579	0.0	0.0	0.0	3182.38	0.0	0.0	0.0	0.0	0.000317	0.0	0.0	0.0	16.2366	0.0	0.0	0.0	0.0	9	0	0	0	68	0	0	0	0	1	0	0	0	0	0	0	0	0	8	0	0	0	128	0	0	0	0	12	0	0	0	0	0	0	0	0	6	0	0	0	0	0	0	0	0	51	0	0	0	0	0	0	0	0	0.02445	0.0	0.0	0.0	0.106489	0.0	0.0	0.0	0.0	0.186725	0.0	0.0	0.0	0.813275	0.0	0.0	0.0	0.0	
199	288	3211.103705982	5043.361	5043.361	0.210385	0.008624	87	0	0	0	197	0	0	0	0	0.02445	0.0	0.0	0.0	0.099942	0.0	0.0	0.0	0.0	0.027579	0.0	0.0	0.0	3189.91	0.0	0.0	0.0	0.0	0.000317	0.0	0.0	0.0	16.1924	0.0	0.0	0.0	0.0	9	0	0	0	68	0	0	0	0	1	0	0	0	0	0	0	0	0	8	0	0	0	129	0	0	0	0	12	0	0	0	0	0	0	0	0	6	0	0	0	0	0	0	0	0	51	0	0	0	0	0	0	0	0	0.02445	0.0	0.0	0.0	0.099942	0.0	0.0	0.0	0.0	0.196552	0.0	0.0	0.0	0.803448	0.0	0.0	0.0	0.0	
200	289	3225.452262246	5043.361	5043.361	0.207359	0.008046	87	0	0	0	198	0	0	0	0	0.02445	0.0	0.0	0.0	0.093723	0.0	0.0	0.0	0.0	0.027579	0.0	0.0	0.0	3204.26	0.0	0.0	0.0	0.0	0.000317	0.0	0.0	0.0	16.1831	0.0	0.0	0.0	0.0	9	0	0	0	68	0	0	0	0	1	0	0	0	0	0	0	0	0	8	0	0	0	130	0	0	0	0	12	0	0	0	0	0	0	0	0	6	0	0	0	0	0	0	0	0	51	0	0	0	0	0	0	0	0	0.02445	0.0	0.0	0.0	0.093723	0.0	0.0	0.0	0.0	0.206897	0.0	0.0	0.0	0.793103	0.0	0.0	0.0	0.0	
201	290	3245.364648541	5043.361	5043.361	0.201713	0.00703	87	0	0	0	199	0	0	0	0	0.02445	0.0	0.0	0.0	0.087814	0.0	0.0	0.0	0.0	0.027579	0.0	0.0	0.0	3224.17	0.0	0.0	0.0	0.0	0.000317	0.0	0.0	0.0	16.2019	0.0	0.0	0.0	0.0	9	0	0	0	68	0	0	0	0	1	0	0	0	0	0	0	0	0	8	0	0	0	131	0	0	0	0	12	0	0	0	0	0	0	0	0	6	0	0	0	0	0	0	0	0	51	0	0	0	0	0	0	0	0	0.02445	0.0	0.0	0.0	0.087814	0.0	0.0	0.0	0.0	0.217786	0.0	0.0	0.0	0.782214	0.0	0.0	0.0	0.0	
202	292	3251.16435964	5043.361	5043.361	0.19413	0.005793	88	0	0	0	200	0	0	0	0	0.022004	0.0	0.0	0.0	0.082323	0.0	0.0	0.0	0.0	0.027804	0.0	0.0	0.0	3229.97	0.0	0.0	0.0	0.0	0.000316	0.0	0.0	0.0	16.1499	0.0	0.0	0.0	0.0	9	0	0	0	68	0	0	0	0	1	0	0	0	0	0	0	0	0	8	0	0	0	132	0	0	0	0	12	0	0	0	0	0	0	0	0	6	0	0	0	0	0	0	0	0	52	0	0	0	0	0	0	0	0	0.022004	0.0	0.0	0.0	0.082323	0.0	0.0	0.0	0.0	0.210917	0.0	0.0	0.0	0.789083	0.0	0.0	0.0	0.0	
203	293	3431.688927481	5042.361	5042.361	0.191976	0.005467	88	0	0	0	201	0	0	0	0	0.022004	0.0	0.0	0.0	0.140472	0.0	0.0	0.0	0.0	0.027804	0.0	0.0	0.0	3410.5	0.0	0.0	0.0	0.0	0.000316	0.0	0.0	0.0	16.9676	0.0	0.0	0.0	0.0	9	0	0	0	69	0	0	0	0	1	0	0	0	0	0	0	0	0	8	0	0	0	132	0	0	0	0	12	0	0	0	0	0	0	0	0	6	0	0	0	0	0	0	0	0	52	0	0	0	0	0	0	0	0	0.022004	0.0	0.0	0.0	0.140472	0.0	0.0	0.0	0.0	0.135432	0.0	0.0	0.0	0.864568	0.0	0.0	0.0	0.0	
204	294	3435.538394222	5042.361	5042.361	0.135643	0.000628	88	0	0	0	202	0	0	0	0	0.022004	0.0	0.0	0.0	0.132348	0.0	0.0	0.0	0.0	0.027804	0.0	0.0	0.0	3414.35	0.0	0.0	0.0	0.0	0.000316	0.0	0.0	0.0	16.9027	0.0	0.0	0.0	0.0	9	0	0	0	69	0	0	0	0	1	0	0	0	0	0	0	0	0	8	0	0	0	133	0	0	0	0	12	0	0	0	0	0	0	0	0	6	0	0	0	0	0	0	0	0	52	0	0	0	0	0	0	0	0	0.022004	0.0	0.0	0.0	0.132348	0.0	0.0	0.0	0.0	0.14256	0.0	0.0	0.0	0.85744	0.0	0.0	0.0	0.0	
205	295	3444.118754407	5042.361	5042.361	0.134642	0.000595	88	0	0	0	203	0	0	0	0	0.022004	0.0	0.0	0.0	0.12463	0.0	0.0	0.0	0.0	0.027804	0.0	0.0	0.0	3422.93	0.0	0.0	0.0	0.0	0.000316	0.0	0.0	0.0	16.8617	0.0	0.0	0.0	0.0	9	0	0	0	69	0	0	0	0	1	0	0	0	0	0	0	0	0	8	0	0	0	134	0	0	0	0	12	0	0	0	0	0	0	0	0	6	0	0	0	0	0	0	0	0	52	0	0	0	0	0	0	0	0	0.022004	0.0	0.0	0.0	0.12463	0.0	0.0	0.0	0.0	0.150064	0.0	0.0	0.0	0.849936	0.0	0.0	0.0	0.0	
206	296	3449.048458048	5042.361	5042.361	0.132437	0.000526	88	0	0	0	204	0	0	0	0	0.022004	0.0	0.0	0.0	0.117298	0.0	0.0	0.0	0.0	0.027804	0.0	0.0	0.0	3427.86	0.0	0.0	0.0	0.0	0.000316	0.0	0.0	0.0	16.8032	0.0	0.0	0.0	0.0	9	0	0	0	69	0	0	0	0	1	0	0	0	0	0	0	0	0	8	0	0	0	135	0	0	0	0	12	0	0	0	0	0	0	0	0	6	0	0	0	0	0	0	0	0	52	0	0	0	0	0	0	0	0	0.022004	0.0	0.0	0.0	0.117298	0.0	0.0	0.0	0.0	0.157962	0.0	0.0	0.0	0.842038	0.0	0.0	0.0	0.0	
207	298	3471.498666578	5042.361	5042.361	0.131187	0.000489	89	0	0	0	205	0	0	0	0	0.019804	0.0	0.0	0.0	0.110443	0.0	0.0	0.0	0.0	0.02829	0.0	0.0	0.0	3450.31	0.0	0.0	0.0	0.0	0.000318	0.0	0.0	0.0	16.8308	0.0	0.0	0.0	0.0	9	0	0	0	69	0	0	0	0	1	0	0	0	0	0	0	0	0	8	0	0	0	136	0	0	0	0	13	0	0	0	0	0	0	0	0	6	0	0	0	0	0	0	0	0	52	0	0	0	0	0	0	0	0	0.019804	0.0	0.0	0.0	0.110443	0.0	0.0	0.0	0.0	0.15205	0.0	0.0	0.0	0.84795	0.0	0.0	0.0	0.0	
208	299	3634.727278792	5009.667	5009.667	0.125641	0.000349	89	0	0	0	206	0	0	0	0	0.019804	0.0	0.0	0.0	0.162897	0.0	0.0	0.0	0.0	0.02829	0.0	0.0	0.0	3613.53	0.0	0.0	0.0	0.0	0.000318	0.0	0.0	0.0	17.5414	0.0	0.0	0.0	0.0	9	0	0	0	70	0	0	0	0	1	0	0	0	0	0	0	0	0	8	0	0	0	136	0	0	0	0	13	0	0	0	0	0	0	0	0	6	0	0	0	0	0	0	0	0	52	0	0	0	0	0	0	0	0	0.019804	0.0	0.0	0.0	0.162897	0.0	0.0	0.0	0.0	0.108396	0.0	0.0	0.0	0.891604	0.0	0.0	0.0	0.0	
209	300	3640.766078192	5009.667	5009.667	0.091777	1.9e-5	89	0	0	0	207	0	0	0	0	0.019804	0.0	0.0	0.0	0.153762	0.0	0.0	0.0	0.0	0.02829	0.0	0.0	0.0	3619.57	0.0	0.0	0.0	0.0	0.000318	0.0	0.0	0.0	17.4859	0.0	0.0	0.0	0.0	9	0	0	0	70	0	0	0	0	1	0	0	0	0	0	0	0	0	8	0	0	0	137	0	0	0	0	13	0	0	0	0	0	0	0	0	6	0	0	0	0	0	0	0	0	52	0	0	0	0	0	0	0	0	0.019804	0.0	0.0	0.0	0.153762	0.0	0.0	0.0	0.0	0.114101	0.0	0.0	0.0	0.885899	0.0	0.0	0.0	0.0	
210	301	3643.426024771	5009.667	5009.667	0.090716	1.6e-5	89	0	0	0	208	0	0	0	0	0.019804	0.0	0.0	0.0	0.145083	0.0	0.0	0.0	0.0	0.02829	0.0	0.0	0.0	3622.23	0.0	0.0	0.0	0.0	0.000318	0.0	0.0	0.0	17.4146	0.0	0.0	0.0	0.0	9	0	0	0	70	0	0	0	0	1	0	0	0	0	0	0	0	0	8	0	0	0	138	0	0	0	0	13	0	0	0	0	0	0	0	0	6	0	0	0	0	0	0	0	0	52	0	0	0	0	0	0	0	0	0.019804	0.0	0.0	0.0	0.145083	0.0	0.0	0.0	0.0	0.120107	0.0	0.0	0.0	0.879893	0.0	0.0	0.0	0.0	
211	302	3706.278581737	5009.667	5009.667	0.090253	1.5e-5	89	0	0	0	209	0	0	0	0	0.019804	0.0	0.0	0.0	0.136839	0.0	0.0	0.0	0.0	0.02829	0.0	0.0	0.0	3685.09	0.0	0.0	0.0	0.0	0.000318	0.0	0.0	0.0	17.632	0.0	0.0	0.0	0.0	9	0	0	0	70	0	0	0	0	1	0	0	0	0	0	0	0	0	8	0	0	0	139	0	0	0	0	13	0	0	0	0	0	0	0	0	6	0	0	0	0	0	0	0	0	52	0	0	0	0	0	0	0	0	0.019804	0.0	0.0	0.0	0.136839	0.0	0.0	0.0	0.0	0.126428	0.0	0.0	0.0	0.873572	0.0	0.0	0.0	0.0	
212	303	3709.322248627	5009.667	5009.667	0.079973	4.0e-6	89	0	0	0	210	0	0	0	0	0.019804	0.0	0.0	0.0	0.129007	0.0	0.0	0.0	0.0	0.02829	0.0	0.0	0.0	3688.13	0.0	0.0	0.0	0.0	0.000318	0.0	0.0	0.0	17.5625	0.0	0.0	0.0	0.0	9	0	0	0	70	0	0	0	0	1	0	0	0	0	0	0	0	0	8	0	0	0	140	0	0	0	0	13	0	0	0	0	0	0	0	0	6	0	0	0	0	0	0	0	0	52	0	0	0	0	0	0	0	0	0.019804	0.0	0.0	0.0	0.129007	0.0	0.0	0.0	0.0	0.133082	0.0	0.0	0.0	0.866918	0.0	0.0	0.0	0.0	
213	304	3720.967854864	5009.667	5009.667	0.079506	3.0e-6	89	0	0	0	211	0	0	0	0	0.019804	0.0	0.0	0.0	0.121566	0.0	0.0	0.0	0.0	0.02829	0.0	0.0	0.0	3699.77	0.0	0.0	0.0	0.0	0.000318	0.0	0.0	0.0	17.5345	0.0	0.0	0.0	0.0	9	0	0	0	70	0	0	0	0	1	0	0	0	0	0	0	0	0	8	0	0	0	141	0	0	0	0	13	0	0	0	0	0	0	0	0	6	0	0	0	0	0	0	0	0	52	0	0	0	0	0	0	0	0	0.019804	0.0	0.0	0.0	0.121566	0.0	0.0	0.0	0.0	0.140087	0.0	0.0	0.0	0.859913	0.0	0.0	0.0	0.0	
214	305	3726.104738778	5009.667	5009.667	0.077744	3.0e-6	89	0	0	0	212	0	0	0	0	0.019804	0.0	0.0	0.0	0.114498	0.0	0.0	0.0	0.0	0.02829	0.0	0.0	0.0	3704.91	0.0	0.0	0.0	0.0	0.000318	0.0	0.0	0.0	17.476	0.0	0.0	0.0	0.0	9	0	0	0	70	0	0	0	0	1	0	0	0	0	0	0	0	0	8	0	0	0	142	0	0	0	0	13	0	0	0	0	0	0	0	0	6	0	0	0	0	0	0	0	0	52	0	0	0	0	0	0	0	0	0.019804	0.0	0.0	0.0	0.114498	0.0	0.0	0.0	0.0	0.147459	0.0	0.0	0.0	0.852541	0.0	0.0	0.0	0.0	
215	306	3729.58232786	5009.667	5009.667	0.07698	2.0e-6	89	0	0	0	213	0	0	0	0	0.019804	0.0	0.0	0.0	0.107783	0.0	0.0	0.0	0.0	0.02829	0.0	0.0	0.0	3708.39	0.0	0.0	0.0	0.0	0.000318	0.0	0.0	0.0	17.4103	0.0	0.0	0.0	0.0	9	0	0	0	70	0	0	0	0	1	0	0	0	0	0	0	0	0	8	0	0	0	143	0	0	0	0	13	0	0	0	0	0	0	0	0	6	0	0	0	0	0	0	0	0	52	0	0	0	0	0	0	0	0	0.019804	0.0	0.0	0.0	0.107783	0.0	0.0	0.0	0.0	0.155221	0.0	0.0	0.0	0.844779	0.0	0.0	0.0	0.0	
216	307	3745.443712717	5009.667	5009.667	0.076466	2.0e-6	89	0	0	0	214	0	0	0	0	0.019804	0.0	0.0	0.0	0.101403	0.0	0.0	0.0	0.0	0.02829	0.0	0.0	0.0	3724.25	0.0	0.0	0.0	0.0	0.000318	0.0	0.0	0.0	17.403	0.0	0.0	0.0	0.0	9	0	0	0	70	0	0	0	0	1	0	0	0	0	0	0	0	0	8	0	0	0	144	0	0	0	0	13	0	0	0	0	0	0	0	0	6	0	0	0	0	0	0	0	0	52	0	0	0	0	0	0	0	0	0.019804	0.0	0.0	0.0	0.101403	0.0	0.0	0.0	0.0	0.16339	0.0	0.0	0.0	0.83661	0.0	0.0	0.0	0.0	
217	308	3760.77916978	4987.167	4987.167	0.074168	1.0e-6	89	0	0	0	215	0	0	0	0	0.019804	0.0	0.0	0.0	0.155108	0.0	0.0	0.0	0.0	0.02829	0.0	0.0	0.0	3739.59	0.0	0.0	0.0	0.0	0.000318	0.0	0.0	0.0	17.3934	0.0	0.0	0.0	0.0	9	0	0	0	71	0	0	0	0	1	0	0	0	0	0	0	0	0	8	0	0	0	144	0	0	0	0	13	0	0	0	0	0	0	0	0	6	0	0	0	0	0	0	0	0	52	0	0	0	0	0	0	0	0	0.019804	0.0	0.0	0.0	0.155108	0.0	0.0	0.0	0.0	0.113223	0.0	0.0	0.0	0.886777	0.0	0.0	0.0	0.0	
218	309	3778.465710774	4986.167	4986.167	0.072011	1.0e-6	89	0	0	0	216	0	0	0	0	0.019804	0.0	0.0	0.0	0.202746	0.0	0.0	0.0	0.0	0.02829	0.0	0.0	0.0	3757.27	0.0	0.0	0.0	0.0	0.000318	0.0	0.0	0.0	17.3948	0.0	0.0	0.0	0.0	9	0	0	0	72	0	0	0	0	1	0	0	0	0	0	0	0	0	8	0	0	0	144	0	0	0	0	13	0	0	0	0	0	0	0	0	6	0	0	0	0	0	0	0	0	52	0	0	0	0	0	0	0	0	0.019804	0.0	0.0	0.0	0.202746	0.0	0.0	0.0	0.0	0.088987	0.0	0.0	0.0	0.911013	0.0	0.0	0.0	0.0	
219	312	3785.3336296	4986.139222222222	4986.139222222222	0.069602	1.0e-6	91	0	0	0	217	0	0	0	0	0.116041	0.0	0.0	0.0	0.186807	0.0	0.0	0.0	0.0	0.02907	0.0	0.0	0.0	3764.14	0.0	0.0	0.0	0.0	0.000319	0.0	0.0	0.0	17.3463	0.0	0.0	0.0	0.0	10	0	0	0	72	0	0	0	0	1	0	0	0	0	0	0	0	0	8	0	0	0	144	0	0	0	0	13	0	0	0	1	0	0	0	0	6	0	0	0	0	0	0	0	0	53	0	0	0	0	0	0	0	0	0.116041	0.0	0.0	0.0	0.186807	0.0	0.0	0.0	0.0	0.383167	0.0	0.0	0.0	0.616833	0.0	0.0	0.0	0.0	
220	313	3788.22185384	4986.139222222222	4986.139222222222	0.068688	0.0	91	0	0	0	218	0	0	0	0	0.116041	0.0	0.0	0.0	0.171665	0.0	0.0	0.0	0.0	0.02907	0.0	0.0	0.0	3767.03	0.0	0.0	0.0	0.0	0.000319	0.0	0.0	0.0	17.2799	0.0	0.0	0.0	0.0	10	0	0	0	72	0	0	0	0	1	0	0	0	0	0	0	0	0	8	0	0	0	144	0	0	0	0	13	0	0	0	2	0	0	0	0	6	0	0	0	0	0	0	0	0	53	0	0	0	0	0	0	0	0	0.116041	0.0	0.0	0.0	0.171665	0.0	0.0	0.0	0.0	0.403333	0.0	0.0	0.0	0.596667	0.0	0.0	0.0	0.0	
221	315	3793.271291655	4986.139222222222	4986.167	0.068308	0.0	92	0	0	0	219	0	0	0	0	0.104437	0.0	0.0	0.0	0.157859	0.0	0.0	0.0	0.0	0.029244	0.0	0.0	0.0	3772.08	0.0	0.0	0.0	0.0	0.000318	0.0	0.0	0.0	17.2241	0.0	0.0	0.0	0.0	10	0	0	0	72	0	0	0	0	1	0	0	0	0	0	0	0	0	8	0	0	0	145	0	0	0	0	13	0	0	0	2	0	0	0	0	6	0	0	0	0	0	0	0	0	54	0	0	0	0	0	0	0	0	0.104437	0.0	0.0	0.0	0.157859	0.0	0.0	0.0	0.0	0.398164	0.0	0.0	0.0	0.601836	0.0	0.0	0.0	0.0	
222	317	3796.66480807	4985.167	4985.167	0.067647	0.0	93	0	0	0	220	0	0	0	0	0.093994	0.0	0.0	0.0	0.225038	0.0	0.0	0.0	0.0	0.029431	0.0	0.0	0.0	3775.47	0.0	0.0	0.0	0.0	0.000316	0.0	0.0	0.0	17.1612	0.0	0.0	0.0	0.0	10	0	0	0	73	0	0	0	0	1	0	0	0	0	0	0	0	0	8	0	0	0	145	0	0	0	0	13	0	0	0	2	0	0	0	0	6	0	0	0	0	0	0	0	0	55	0	0	0	0	0	0	0	0	0.093994	0.0	0.0	0.0	0.225038	0.0	0.0	0.0	0.0	0.294621	0.0	0.0	0.0	0.705379	0.0	0.0	0.0	0.0	
223	318	3801.499008824	4985.167	4985.167	0.067207	0.0	93	0	0	0	221	0	0	0	0	0.093994	0.0	0.0	0.0	0.209086	0.0	0.0	0.0	0.0	0.029431	0.0	0.0	0.0	3780.3	0.0	0.0	0.0	0.0	0.000316	0.0	0.0	0.0	17.1054	0.0	0.0	0.0	0.0	10	0	0	0	73	0	0	0	0	1	0	0	0	0	0	0	0	0	8	0	0	0	146	0	0	0	0	13	0	0	0	2	0	0	0	0	6	0	0	0	0	0	0	0	0	55	0	0	0	0	0	0	0	0	0.093994	0.0	0.0	0.0	0.209086	0.0	0.0	0.0	0.0	0.310128	0.0	0.0	0.0	0.689872	0.0	0.0	0.0	0.0	
224	319	3816.721523997	4985.167	4985.167	0.066585	0.0	93	0	0	0	222	0	0	0	0	0.093994	0.0	0.0	0.0	0.193932	0.0	0.0	0.0	0.0	0.029431	0.0	0.0	0.0	3795.53	0.0	0.0	0.0	0.0	0.000316	0.0	0.0	0.0	17.097	0.0	0.0	0.0	0.0	10	0	0	0	73	0	0	0	0	1	0	0	0	0	0	0	0	0	8	0	0	0	147	0	0	0	0	13	0	0	0	2	0	0	0	0	6	0	0	0	0	0	0	0	0	55	0	0	0	0	0	0	0	0	0.093994	0.0	0.0	0.0	0.193932	0.0	0.0	0.0	0.0	0.32645	0.0	0.0	0.0	0.67355	0.0	0.0	0.0	0.0	
225	320	3822.561759249	4985.167	4985.167	0.064663	0.0	93	0	0	0	223	0	0	0	0	0.093994	0.0	0.0	0.0	0.179536	0.0	0.0	0.0	0.0	0.029431	0.0	0.0	0.0	3801.37	0.0	0.0	0.0	0.0	0.000316	0.0	0.0	0.0	17.0465	0.0	0.0	0.0	0.0	10	0	0	0	73	0	0	0	0	1	0	0	0	0	0	0	0	0	8	0	0	0	148	0	0	0	0	13	0	0	0	2	0	0	0	0	6	0	0	0	0	0	0	0	0	55	0	0	0	0	0	0	0	0	0.093994	0.0	0.0	0.0	0.179536	0.0	0.0	0.0	0.0	0.343632	0.0	0.0	0.0	0.656368	0.0	0.0	0.0	0.0	
226	323	3849.986352422	4985.167	4985.167	0.06394	0.0	95	0	0	0	224	0	0	0	0	0.076135	0.0	0.0	0.0	0.166753	0.0	0.0	0.0	0.0	0.029805	0.0	0.0	0.0	3828.79	0.0	0.0	0.0	0.0	0.000314	0.0	0.0	0.0	17.0928	0.0	0.0	0.0	0.0	10	0	0	0	73	0	0	0	0	1	0	0	0	0	0	0	0	0	8	0	0	0	149	0	0	0	0	13	0	0	0	2	0	0	0	0	6	0	0	0	0	0	0	0	0	57	0	0	0	0	0	0	0	0	0.076135	0.0	0.0	0.0	0.166753	0.0	0.0	0.0	0.0	0.313457	0.0	0.0	0.0	0.686543	0.0	0.0	0.0	0.0	
227	324	3852.943094124	4985.167	4985.167	0.060654	0.0	95	0	0	0	225	0	0	0	0	0.076135	0.0	0.0	0.0	0.154608	0.0	0.0	0.0	0.0	0.029805	0.0	0.0	0.0	3831.75	0.0	0.0	0.0	0.0	0.000314	0.0	0.0	0.0	17.03	0.0	0.0	0.0	0.0	10	0	0	0	73	0	0	0	0	1	0	0	0	0	0	0	0	0	8	0	0	0	150	0	0	0	0	13	0	0	0	2	0	0	0	0	6	0	0	0	0	0	0	0	0	57	0	0	0	0	0	0	0	0	0.076135	0.0	0.0	0.0	0.154608	0.0	0.0	0.0	0.0	0.329955	0.0	0.0	0.0	0.670045	0.0	0.0	0.0	0.0	
228	326	3857.507130403	4985.167	4985.167	0.06031	0.0	96	0	0	0	226	0	0	0	0	0.068521	0.0	0.0	0.0	0.143452	0.0	0.0	0.0	0.0	0.030024	0.0	0.0	0.0	3836.31	0.0	0.0	0.0	0.0	0.000313	0.0	0.0	0.0	16.9748	0.0	0.0	0.0	0.0	10	0	0	0	73	0	0	0	0	1	0	0	0	0	0	0	0	0	8	0	0	0	151	0	0	0	0	13	0	0	0	2	0	0	0	0	6	0	0	0	0	0	0	0	0	58	0	0	0	0	0	0	0	0	0.068521	0.0	0.0	0.0	0.143452	0.0	0.0	0.0	0.0	0.323254	0.0	0.0	0.0	0.676746	0.0	0.0	0.0	0.0	
229	328	3865.85582714	4985.167	4985.167	0.059782	0.0	97	0	0	0	227	0	0	0	0	0.061669	0.0	0.0	0.0	0.133196	0.0	0.0	0.0	0.0	0.030206	0.0	0.0	0.0	3844.66	0.0	0.0	0.0	0.0	0.000311	0.0	0.0	0.0	16.9368	0.0	0.0	0.0	0.0	10	0	0	0	73	0	0	0	0	1	0	0	0	0	0	0	0	0	8	0	0	0	152	0	0	0	0	13	0	0	0	2	0	0	0	0	6	0	0	0	0	0	0	0	0	59	0	0	0	0	0	0	0	0	0.061669	0.0	0.0	0.0	0.133196	0.0	0.0	0.0	0.0	0.316471	0.0	0.0	0.0	0.683529	0.0	0.0	0.0	0.0	
230	329	3886.788248099	4985.167	4985.167	0.05883	0.0	97	0	0	0	228	0	0	0	0	0.061669	0.0	0.0	0.0	0.123453	0.0	0.0	0.0	0.0	0.030206	0.0	0.0	0.0	3865.59	0.0	0.0	0.0	0.0	0.000311	0.0	0.0	0.0	16.9544	0.0	0.0	0.0	0.0	10	0	0	0	73	0	0	0	0	1	0	0	0	0	0	0	0	0	8	0	0	0	153	0	0	0	0	13	0	0	0	2	0	0	0	0	6	0	0	0	0	0	0	0	0	59	0	0	0	0	0	0	0	0	0.061669	0.0	0.0	0.0	0.123453	0.0	0.0	0.0	0.0	0.333128	0.0	0.0	0.0	0.666872	0.0	0.0	0.0	0.0	
231	330	3893.628292492	4985.167	4985.167	0.056507	0.0	97	0	0	0	229	0	0	0	0	0.061669	0.0	0.0	0.0	0.114196	0.0	0.0	0.0	0.0	0.030206	0.0	0.0	0.0	3872.43	0.0	0.0	0.0	0.0	0.000311	0.0	0.0	0.0	16.9102	0.0	0.0	0.0	0.0	10	0	0	0	73	0	0	0	0	1	0	0	0	0	0	0	0	0	8	0	0	0	154	0	0	0	0	13	0	0	0	2	0	0	0	0	6	0	0	0	0	0	0	0	0	59	0	0	0	0	0	0	0	0	0.061669	0.0	0.0	0.0	0.114196	0.0	0.0	0.0	0.0	0.350661	0.0	0.0	0.0	0.649339	0.0	0.0	0.0	0.0	
232	331	3898.561176524	4985.167	4985.167	0.055768	0.0	97	0	0	0	230	0	0	0	0	0.061669	0.0	0.0	0.0	0.105403	0.0	0.0	0.0	0.0	0.030206	0.0	0.0	0.0	3877.37	0.0	0.0	0.0	0.0	0.000311	0.0	0.0	0.0	16.8581	0.0	0.0	0.0	0.0	10	0	0	0	73	0	0	0	0	1	0	0	0	0	0	0	0	0	8	0	0	0	155	0	0	0	0	13	0	0	0	2	0	0	0	0	6	0	0	0	0	0	0	0	0	59	0	0	0	0	0	0	0	0	0.061669	0.0	0.0	0.0	0.105403	0.0	0.0	0.0	0.0	0.369116	0.0	0.0	0.0	0.630884	0.0	0.0	0.0	0.0	
233	333	3904.278020628	4985.167	4985.167	0.055242	0.0	98	0	0	0	231	0	0	0	0	0.055502	0.0	0.0	0.0	0.097358	0.0	0.0	0.0	0.0	0.030401	0.0	0.0	0.0	3883.08	0.0	0.0	0.0	0.0	0.00031	0.0	0.0	0.0	16.8099	0.0	0.0	0.0	0.0	10	0	0	0	73	0	0	0	0	1	0	0	0	0	0	0	0	0	8	0	0	0	156	0	0	0	0	13	0	0	0	2	0	0	0	0	6	0	0	0	0	0	0	0	0	60	0	0	0	0	0	0	0	0	0.055502	0.0	0.0	0.0	0.097358	0.0	0.0	0.0	0.0	0.363092	0.0	0.0	0.0	0.636908	0.0	0.0	0.0	0.0	
234	334	3910.924899035	4985.167	4985.167	0.054637	0.0	98	0	0	0	232	0	0	0	0	0.055502	0.0	0.0	0.0	0.089715	0.0	0.0	0.0	0.0	0.030401	0.0	0.0	0.0	3889.73	0.0	0.0	0.0	0.0	0.00031	0.0	0.0	0.0	16.7661	0.0	0.0	0.0	0.0	10	0	0	0	73	0	0	0	0	1	0	0	0	0	0	0	0	0	8	0	0	0	157	0	0	0	0	13	0	0	0	2	0	0	0	0	6	0	0	0	0	0	0	0	0	60	0	0	0	0	0	0	0	0	0.055502	0.0	0.0	0.0	0.089715	0.0	0.0	0.0	0.0	0.382202	0.0	0.0	0.0	0.617798	0.0	0.0	0.0	0.0	
235	335	3937.555785454	4985.167	4985.167	0.053943	0.0	98	0	0	0	233	0	0	0	0	0.055502	0.0	0.0	0.0	0.082454	0.0	0.0	0.0	0.0	0.030401	0.0	0.0	0.0	3916.36	0.0	0.0	0.0	0.0	0.00031	0.0	0.0	0.0	16.8084	0.0	0.0	0.0	0.0	10	0	0	0	73	0	0	0	0	1	0	0	0	0	0	0	0	0	8	0	0	0	158	0	0	0	0	13	0	0	0	2	0	0	0	0	6	0	0	0	0	0	0	0	0	60	0	0	0	0	0	0	0	0	0.055502	0.0	0.0	0.0	0.082454	0.0	0.0	0.0	0.0	0.402317	0.0	0.0	0.0	0.597683	0.0	0.0	0.0	0.0	
236	336	3944.903813921	4985.167	4985.167	0.051249	0.0	98	0	0	0	234	0	0	0	0	0.055502	0.0	0.0	0.0	0.075556	0.0	0.0	0.0	0.0	0.030401	0.0	0.0	0.0	3923.71	0.0	0.0	0.0	0.0	0.00031	0.0	0.0	0.0	16.768	0.0	0.0	0.0	0.0	10	0	0	0	73	0	0	0	0	1	0	0	0	0	0	0	0	0	8	0	0	0	159	0	0	0	0	13	0	0	0	2	0	0	0	0	6	0	0	0	0	0	0	0	0	60	0	0	0	0	0	0	0	0	0.055502	0.0	0.0	0.0	0.075556	0.0	0.0	0.0	0.0	0.423492	0.0	0.0	0.0	0.576508	0.0	0.0	0.0	0.0	
237	339	3949.05076025	4985.167	4985.167	0.050529	0.0	100	0	0	0	235	0	0	0	0	0.044957	0.0	0.0	0.0	0.069531	0.0	0.0	0.0	0.0	0.03075	0.0	0.0	0.0	3927.85	0.0	0.0	0.0	0.0	0.000307	0.0	0.0	0.0	16.7143	0.0	0.0	0.0	0.0	10	0	0	0	73	0	0	0	0	1	0	0	0	0	0	0	0	0	8	0	0	0	160	0	0	0	0	13	0	0	0	2	0	0	0	0	6	0	0	0	0	0	0	0	0	62	0	0	0	0	0	0	0	0	0.044957	0.0	0.0	0.0	0.069531	0.0	0.0	0.0	0.0	0.392679	0.0	0.0	0.0	0.607321	0.0	0.0	0.0	0.0	
238	340	3952.762781244	4985.167	4985.167	0.050128	0.0	100	0	0	0	236	0	0	0	0	0.044957	0.0	0.0	0.0	0.063806	0.0	0.0	0.0	0.0	0.03075	0.0	0.0	0.0	3931.57	0.0	0.0	0.0	0.0	0.000307	0.0	0.0	0.0	16.6592	0.0	0.0	0.0	0.0	10	0	0	0	73	0	0	0	0	1	0	0	0	0	0	0	0	0	8	0	0	0	161	0	0	0	0	13	0	0	0	2	0	0	0	0	6	0	0	0	0	0	0	0	0	62	0	0	0	0	0	0	0	0	0.044957	0.0	0.0	0.0	0.063806	0.0	0.0	0.0	0.0	0.413346	0.0	0.0	0.0	0.586654	0.0	0.0	0.0	0.0	
239	342	3955.350838955	4985.167	4985.167	0.049771	0.0	101	0	0	0	237	0	0	0	0	0.040461	0.0	0.0	0.0	0.058593	0.0	0.0	0.0	0.0	0.030928	0.0	0.0	0.0	3934.15	0.0	0.0	0.0	0.0	0.000306	0.0	0.0	0.0	16.5998	0.0	0.0	0.0	0.0	10	0	0	0	73	0	0	0	0	1	0	0	0	0	0	0	0	0	8	0	0	0	162	0	0	0	0	13	0	0	0	2	0	0	0	0	6	0	0	0	0	0	0	0	0	63	0	0	0	0	0	0	0	0	0.040461	0.0	0.0	0.0	0.058593	0.0	0.0	0.0	0.0	0.408475	0.0	0.0	0.0	0.591525	0.0	0.0	0.0	0.0	
240	344	4019.798757956	4982.083	4982.083	0.049524	0.0	102	0	0	0	238	0	0	0	0	0.036415	0.0	0.0	0.0	0.134917	0.0	0.0	0.0	0.0	0.031108	0.0	0.0	0.0	3998.6	0.0	0.0	0.0	0.0	0.000305	0.0	0.0	0.0	16.8008	0.0	0.0	0.0	0.0	10	0	0	0	74	0	0	0	0	1	0	0	0	0	0	0	0	0	8	0	0	0	162	0	0	0	0	13	0	0	0	2	0	0	0	0	6	0	0	0	0	0	0	0	0	64	0	0	0	0	0	0	0	0	0.036415	0.0	0.0	0.0	0.134917	0.0	0.0	0.0	0.0	0.21254	0.0	0.0	0.0	0.78746	0.0	0.0	0.0	0.0	
241	345	4090.448747449	4973.806	4973.806	0.043748	0.0	102	0	0	0	239	0	0	0	0	0.036415	0.0	0.0	0.0	0.189846	0.0	0.0	0.0	0.0	0.031108	0.0	0.0	0.0	4069.25	0.0	0.0	0.0	0.0	0.000305	0.0	0.0	0.0	17.0262	0.0	0.0	0.0	0.0	10	0	0	0	75	0	0	0	0	1	0	0	0	0	0	0	0	0	8	0	0	0	162	0	0	0	0	13	0	0	0	2	0	0	0	0	6	0	0	0	0	0	0	0	0	64	0	0	0	0	0	0	0	0	0.036415	0.0	0.0	0.0	0.189846	0.0	0.0	0.0	0.0	0.160943	0.0	0.0	0.0	0.839057	0.0	0.0	0.0	0.0	
242	346	4095.361979013	4973.806	4973.806	0.038187	0.0	102	0	0	0	240	0	0	0	0	0.036415	0.0	0.0	0.0	0.178533	0.0	0.0	0.0	0.0	0.031108	0.0	0.0	0.0	4074.17	0.0	0.0	0.0	0.0	0.000305	0.0	0.0	0.0	16.9757	0.0	0.0	0.0	0.0	10	0	0	0	75	0	0	0	0	1	0	0	0	0	0	0	0	0	8	0	0	0	163	0	0	0	0	13	0	0	0	2	0	0	0	0	6	0	0	0	0	0	0	0	0	64	0	0	0	0	0	0	0	0	0.036415	0.0	0.0	0.0	0.178533	0.0	0.0	0.0	0.0	0.169413	0.0	0.0	0.0	0.830587	0.0	0.0	0.0	0.0	
243	347	4099.896346263	4973.806	4973.806	0.037828	0.0	102	0	0	0	241	0	0	0	0	0.036415	0.0	0.0	0.0	0.167785	0.0	0.0	0.0	0.0	0.031108	0.0	0.0	0.0	4078.7	0.0	0.0	0.0	0.0	0.000305	0.0	0.0	0.0	16.9241	0.0	0.0	0.0	0.0	10	0	0	0	75	0	0	0	0	1	0	0	0	0	0	0	0	0	8	0	0	0	164	0	0	0	0	13	0	0	0	2	0	0	0	0	6	0	0	0	0	0	0	0	0	64	0	0	0	0	0	0	0	0	0.036415	0.0	0.0	0.0	0.167785	0.0	0.0	0.0	0.0	0.17833	0.0	0.0	0.0	0.82167	0.0	0.0	0.0	0.0	
244	348	4111.86109552	4973.806	4973.806	0.0375	0.0	102	0	0	0	242	0	0	0	0	0.036415	0.0	0.0	0.0	0.157575	0.0	0.0	0.0	0.0	0.031108	0.0	0.0	0.0	4090.66	0.0	0.0	0.0	0.0	0.000305	0.0	0.0	0.0	16.9036	0.0	0.0	0.0	0.0	10	0	0	0	75	0	0	0	0	1	0	0	0	0	0	0	0	0	8	0	0	0	165	0	0	0	0	13	0	0	0	2	0	0	0	0	6	0	0	0	0	0	0	0	0	64	0	0	0	0	0	0	0	0	0.036415	0.0	0.0	0.0	0.157575	0.0	0.0	0.0	0.0	0.187715	0.0	0.0	0.0	0.812285	0.0	0.0	0.0	0.0	
245	349	4116.190770427	4973.806	4973.806	0.036646	0.0	102	0	0	0	243	0	0	0	0	0.036415	0.0	0.0	0.0	0.147876	0.0	0.0	0.0	0.0	0.031108	0.0	0.0	0.0	4094.99	0.0	0.0	0.0	0.0	0.000305	0.0	0.0	0.0	16.8518	0.0	0.0	0.0	0.0	10	0	0	0	75	0	0	0	0	1	0	0	0	0	0	0	0	0	8	0	0	0	166	0	0	0	0	13	0	0	0	2	0	0	0	0	6	0	0	0	0	0	0	0	0	64	0	0	0	0	0	0	0	0	0.036415	0.0	0.0	0.0	0.147876	0.0	0.0	0.0	0.0	0.197595	0.0	0.0	0.0	0.802405	0.0	0.0	0.0	0.0	
246	350	4122.424700863	4973.806	4973.806	0.036342	0.0	102	0	0	0	244	0	0	0	0	0.036415	0.0	0.0	0.0	0.138661	0.0	0.0	0.0	0.0	0.031108	0.0	0.0	0.0	4101.23	0.0	0.0	0.0	0.0	0.000305	0.0	0.0	0.0	16.8083	0.0	0.0	0.0	0.0	10	0	0	0	75	0	0	0	0	1	0	0	0	0	0	0	0	0	8	0	0	0	167	0	0	0	0	13	0	0	0	2	0	0	0	0	6	0	0	0	0	0	0	0	0	64	0	0	0	0	0	0	0	0	0.036415	0.0	0.0	0.0	0.138661	0.0	0.0	0.0	0.0	0.207995	0.0	0.0	0.0	0.792005	0.0	0.0	0.0	0.0	
247	352	4128.521756636	4973.806	4973.806	0.035909	0.0	103	0	0	0	245	0	0	0	0	0.032774	0.0	0.0	0.0	0.13009	0.0	0.0	0.0	0.0	0.031321	0.0	0.0	0.0	4107.32	0.0	0.0	0.0	0.0	0.000304	0.0	0.0	0.0	16.7646	0.0	0.0	0.0	0.0	10	0	0	0	75	0	0	0	0	1	0	0	0	0	0	0	0	0	8	0	0	0	168	0	0	0	0	13	0	0	0	2	0	0	0	0	6	0	0	0	0	0	0	0	0	65	0	0	0	0	0	0	0	0	0.032774	0.0	0.0	0.0	0.13009	0.0	0.0	0.0	0.0	0.201233	0.0	0.0	0.0	0.798767	0.0	0.0	0.0	0.0	
248	353	4136.586838718	4973.806	4973.806	0.03549	0.0	103	0	0	0	246	0	0	0	0	0.032774	0.0	0.0	0.0	0.121946	0.0	0.0	0.0	0.0	0.031321	0.0	0.0	0.0	4115.39	0.0	0.0	0.0	0.0	0.000304	0.0	0.0	0.0	16.7292	0.0	0.0	0.0	0.0	10	0	0	0	75	0	0	0	0	1	0	0	0	0	0	0	0	0	8	0	0	0	169	0	0	0	0	13	0	0	0	2	0	0	0	0	6	0	0	0	0	0	0	0	0	65	0	0	0	0	0	0	0	0	0.032774	0.0	0.0	0.0	0.121946	0.0	0.0	0.0	0.0	0.211825	0.0	0.0	0.0	0.788175	0.0	0.0	0.0	0.0	
249	355	4154.10074972	4973.806	4973.806	0.034944	0.0	104	0	0	0	247	0	0	0	0	0.029496	0.0	0.0	0.0	0.114374	0.0	0.0	0.0	0.0	0.03175	0.0	0.0	0.0	4132.9	0.0	0.0	0.0	0.0	0.000305	0.0	0.0	0.0	16.7324	0.0	0.0	0.0	0.0	10	0	0	0	75	0	0	0	0	1	0	0	0	0	0	0	0	0	8	0	0	0	170	0	0	0	0	14	0	0	0	2	0	0	0	0	6	0	0	0	0	0	0	0	0	65	0	0	0	0	0	0	0	0	0.029496	0.0	0.0	0.0	0.114374	0.0	0.0	0.0	0.0	0.205019	0.0	0.0	0.0	0.794981	0.0	0.0	0.0	0.0	
250	356	4158.301647842	4973.806	4973.806	0.033786	0.0	104	0	0	0	248	0	0	0	0	0.029496	0.0	0.0	0.0	0.107181	0.0	0.0	0.0	0.0	0.03175	0.0	0.0	0.0	4137.1	0.0	0.0	0.0	0.0	0.000305	0.0	0.0	0.0	16.6819	0.0	0.0	0.0	0.0	10	0	0	0	75	0	0	0	0	1	0	0	0	0	0	0	0	0	8	0	0	0	171	0	0	0	0	14	0	0	0	2	0	0	0	0	6	0	0	0	0	0	0	0	0	65	0	0	0	0	0	0	0	0	0.029496	0.0	0.0	0.0	0.107181	0.0	0.0	0.0	0.0	0.215809	0.0	0.0	0.0	0.784191	0.0	0.0	0.0	0.0	
251	357	4162.597783638	4973.806	4973.806	0.033514	0.0	104	0	0	0	249	0	0	0	0	0.029496	0.0	0.0	0.0	0.100347	0.0	0.0	0.0	0.0	0.03175	0.0	0.0	0.0	4141.4	0.0	0.0	0.0	0.0	0.000305	0.0	0.0	0.0	16.6321	0.0	0.0	0.0	0.0	10	0	0	0	75	0	0	0	0	1	0	0	0	0	0	0	0	0	8	0	0	0	172	0	0	0	0	14	0	0	0	2	0	0	0	0	6	0	0	0	0	0	0	0	0	65	0	0	0	0	0	0	0	0	0.029496	0.0	0.0	0.0	0.100347	0.0	0.0	0.0	0.0	0.227168	0.0	0.0	0.0	0.772832	0.0	0.0	0.0	0.0	
252	358	4167.781303763	4973.806	4973.806	0.033238	0.0	104	0	0	0	250	0	0	0	0	0.029496	0.0	0.0	0.0	0.093855	0.0	0.0	0.0	0.0	0.03175	0.0	0.0	0.0	4146.58	0.0	0.0	0.0	0.0	0.000305	0.0	0.0	0.0	16.5863	0.0	0.0	0.0	0.0	10	0	0	0	75	0	0	0	0	1	0	0	0	0	0	0	0	0	8	0	0	0	173	0	0	0	0	14	0	0	0	2	0	0	0	0	6	0	0	0	0	0	0	0	0	65	0	0	0	0	0	0	0	0	0.029496	0.0	0.0	0.0	0.093855	0.0	0.0	0.0	0.0	0.239124	0.0	0.0	0.0	0.760876	0.0	0.0	0.0	0.0	
253	359	4172.473400966	4973.806	4973.806	0.032908	0.0	104	0	0	0	251	0	0	0	0	0.029496	0.0	0.0	0.0	0.087687	0.0	0.0	0.0	0.0	0.03175	0.0	0.0	0.0	4151.28	0.0	0.0	0.0	0.0	0.000305	0.0	0.0	0.0	16.5389	0.0	0.0	0.0	0.0	10	0	0	0	75	0	0	0	0	1	0	0	0	0	0	0	0	0	8	0	0	0	174	0	0	0	0	14	0	0	0	2	0	0	0	0	6	0	0	0	0	0	0	0	0	65	0	0	0	0	0	0	0	0	0.029496	0.0	0.0	0.0	0.087687	0.0	0.0	0.0	0.0	0.251709	0.0	0.0	0.0	0.748291	0.0	0.0	0.0	0.0	
254	360	4175.504794882	4973.806	4973.806	0.032612	0.0	104	0	0	0	252	0	0	0	0	0.029496	0.0	0.0	0.0	0.081828	0.0	0.0	0.0	0.0	0.03175	0.0	0.0	0.0	4154.31	0.0	0.0	0.0	0.0	0.000305	0.0	0.0	0.0	16.4853	0.0	0.0	0.0	0.0	10	0	0	0	75	0	0	0	0	1	0	0	0	0	0	0	0	0	8	0	0	0	175	0	0	0	0	14	0	0	0	2	0	0	0	0	6	0	0	0	0	0	0	0	0	65	0	0	0	0	0	0	0	0	0.029496	0.0	0.0	0.0	0.081828	0.0	0.0	0.0	0.0	0.264957	0.0	0.0	0.0	0.735043	0.0	0.0	0.0	0.0	
255	361	4181.396526657	4973.806	4973.806	0.032422	0.0	104	0	0	0	253	0	0	0	0	0.029496	0.0	0.0	0.0	0.076262	0.0	0.0	0.0	0.0	0.03175	0.0	0.0	0.0	4160.2	0.0	0.0	0.0	0.0	0.000305	0.0	0.0	0.0	16.4435	0.0	0.0	0.0	0.0	10	0	0	0	75	0	0	0	0	1	0	0	0	0	0	0	0	0	8	0	0	0	176	0	0	0	0	14	0	0	0	2	0	0	0	0	6	0	0	0	0	0	0	0	0	65	0	0	0	0	0	0	0	0	0.029496	0.0	0.0	0.0	0.076262	0.0	0.0	0.0	0.0	0.278902	0.0	0.0	0.0	0.721098	0.0	0.0	0.0	0.0	
256	362	4186.403025978	4973.806	4973.806	0.032057	0.0	104	0	0	0	254	0	0	0	0	0.029496	0.0	0.0	0.0	0.070974	0.0	0.0	0.0	0.0	0.03175	0.0	0.0	0.0	4165.21	0.0	0.0	0.0	0.0	0.000305	0.0	0.0	0.0	16.3984	0.0	0.0	0.0	0.0	10	0	0	0	75	0	0	0	0	1	0	0	0	0	0	0	0	0	8	0	0	0	177	0	0	0	0	14	0	0	0	2	0	0	0	0	6	0	0	0	0	0	0	0	0	65	0	0	0	0	0	0	0	0	0.029496	0.0	0.0	0.0	0.070974	0.0	0.0	0.0	0.0	0.293581	0.0	0.0	0.0	0.706419	0.0	0.0	0.0	0.0	
257	363	4291.657016837	4970.806	4970.806	0.03175	0.0	104	0	0	0	255	0	0	0	0	0.029496	0.0	0.0	0.0	0.13673	0.0	0.0	0.0	0.0	0.03175	0.0	0.0	0.0	4270.46	0.0	0.0	0.0	0.0	0.000305	0.0	0.0	0.0	16.7469	0.0	0.0	0.0	0.0	10	0	0	0	76	0	0	0	0	1	0	0	0	0	0	0	0	0	8	0	0	0	177	0	0	0	0	14	0	0	0	2	0	0	0	0	6	0	0	0	0	0	0	0	0	65	0	0	0	0	0	0	0	0	0.029496	0.0	0.0	0.0	0.13673	0.0	0.0	0.0	0.0	0.177446	0.0	0.0	0.0	0.822554	0.0	0.0	0.0	0.0	
258	364	4297.203231167	4970.806	4970.806	0.025929	0.0	104	0	0	0	256	0	0	0	0	0.029496	0.0	0.0	0.0	0.128419	0.0	0.0	0.0	0.0	0.03175	0.0	0.0	0.0	4276.01	0.0	0.0	0.0	0.0	0.000305	0.0	0.0	0.0	16.7031	0.0	0.0	0.0	0.0	10	0	0	0	76	0	0	0	0	1	0	0	0	0	0	0	0	0	8	0	0	0	178	0	0	0	0	14	0	0	0	2	0	0	0	0	6	0	0	0	0	0	0	0	0	65	0	0	0	0	0	0	0	0	0.029496	0.0	0.0	0.0	0.128419	0.0	0.0	0.0	0.0	0.186785	0.0	0.0	0.0	0.813215	0.0	0.0	0.0	0.0	
259	365	4299.92951403	4970.806	4970.806	0.025654	0.0	104	0	0	0	257	0	0	0	0	0.029496	0.0	0.0	0.0	0.120523	0.0	0.0	0.0	0.0	0.03175	0.0	0.0	0.0	4278.73	0.0	0.0	0.0	0.0	0.000305	0.0	0.0	0.0	16.6488	0.0	0.0	0.0	0.0	10	0	0	0	76	0	0	0	0	1	0	0	0	0	0	0	0	0	8	0	0	0	179	0	0	0	0	14	0	0	0	2	0	0	0	0	6	0	0	0	0	0	0	0	0	65	0	0	0	0	0	0	0	0	0.029496	0.0	0.0	0.0	0.120523	0.0	0.0	0.0	0.0	0.196616	0.0	0.0	0.0	0.803384	0.0	0.0	0.0	0.0	
260	366	4317.14952227	4970.806	4970.806	0.02552	0.0	104	0	0	0	258	0	0	0	0	0.029496	0.0	0.0	0.0	0.113022	0.0	0.0	0.0	0.0	0.03175	0.0	0.0	0.0	4295.95	0.0	0.0	0.0	0.0	0.000305	0.0	0.0	0.0	16.651	0.0	0.0	0.0	0.0	10	0	0	0	76	0	0	0	0	1	0	0	0	0	0	0	0	0	8	0	0	0	180	0	0	0	0	14	0	0	0	2	0	0	0	0	6	0	0	0	0	0	0	0	0	65	0	0	0	0	0	0	0	0	0.029496	0.0	0.0	0.0	0.113022	0.0	0.0	0.0	0.0	0.206964	0.0	0.0	0.0	0.793036	0.0	0.0	0.0	0.0	
261	368	4328.876205732	4970.806	4970.806	0.024688	0.0	105	0	0	0	259	0	0	0	0	0.026546	0.0	0.0	0.0	0.106044	0.0	0.0	0.0	0.0	0.032222	0.0	0.0	0.0	4307.68	0.0	0.0	0.0	0.0	0.000307	0.0	0.0	0.0	16.632	0.0	0.0	0.0	0.0	10	0	0	0	76	0	0	0	0	1	0	0	0	0	0	0	0	0	8	0	0	0	181	0	0	0	0	15	0	0	0	2	0	0	0	0	6	0	0	0	0	0	0	0	0	65	0	0	0	0	0	0	0	0	0.026546	0.0	0.0	0.0	0.106044	0.0	0.0	0.0	0.0	0.200215	0.0	0.0	0.0	0.799785	0.0	0.0	0.0	0.0	
262	369	4333.300677044	4970.806	4970.806	0.024137	0.0	105	0	0	0	260	0	0	0	0	0.026546	0.0	0.0	0.0	0.099414	0.0	0.0	0.0	0.0	0.032222	0.0	0.0	0.0	4312.1	0.0	0.0	0.0	0.0	0.000307	0.0	0.0	0.0	16.585	0.0	0.0	0.0	0.0	10	0	0	0	76	0	0	0	0	1	0	0	0	0	0	0	0	0	8	0	0	0	182	0	0	0	0	15	0	0	0	2	0	0	0	0	6	0	0	0	0	0	0	0	0	65	0	0	0	0	0	0	0	0	0.026546	0.0	0.0	0.0	0.099414	0.0	0.0	0.0	0.0	0.210753	0.0	0.0	0.0	0.789247	0.0	0.0	0.0	0.0	
263	370	4347.239045755	4958.806	4958.806	0.023932	0.0	105	0	0	0	261	0	0	0	0	0.026546	0.0	0.0	0.0	0.156468	0.0	0.0	0.0	0.0	0.032222	0.0	0.0	0.0	4326.04	0.0	0.0	0.0	0.0	0.000307	0.0	0.0	0.0	16.5749	0.0	0.0	0.0	0.0	10	0	0	0	77	0	0	0	0	1	0	0	0	0	0	0	0	0	8	0	0	0	182	0	0	0	0	15	0	0	0	2	0	0	0	0	6	0	0	0	0	0	0	0	0	65	0	0	0	0	0	0	0	0	0.026546	0.0	0.0	0.0	0.156468	0.0	0.0	0.0	0.0	0.145052	0.0	0.0	0.0	0.854948	0.0	0.0	0.0	0.0	
264	371	4350.808037304	4958.806	4958.806	0.023299	0.0	105	0	0	0	262	0	0	0	0	0.026546	0.0	0.0	0.0	0.147317	0.0	0.0	0.0	0.0	0.032222	0.0	0.0	0.0	4329.61	0.0	0.0	0.0	0.0	0.000307	0.0	0.0	0.0	16.5252	0.0	0.0	0.0	0.0	10	0	0	0	77	0	0	0	0	1	0	0	0	0	0	0	0	0	8	0	0	0	183	0	0	0	0	15	0	0	0	2	0	0	0	0	6	0	0	0	0	0	0	0	0	65	0	0	0	0	0	0	0	0	0.026546	0.0	0.0	0.0	0.147317	0.0	0.0	0.0	0.0	0.152686	0.0	0.0	0.0	0.847314	0.0	0.0	0.0	0.0	
265	372	4360.012602252	4958.806	4958.806	0.02314	0.0	105	0	0	0	263	0	0	0	0	0.026546	0.0	0.0	0.0	0.138624	0.0	0.0	0.0	0.0	0.032222	0.0	0.0	0.0	4338.81	0.0	0.0	0.0	0.0	0.000307	0.0	0.0	0.0	16.4974	0.0	0.0	0.0	0.0	10	0	0	0	77	0	0	0	0	1	0	0	0	0	0	0	0	0	8	0	0	0	184	0	0	0	0	15	0	0	0	2	0	0	0	0	6	0	0	0	0	0	0	0	0	65	0	0	0	0	0	0	0	0	0.026546	0.0	0.0	0.0	0.138624	0.0	0.0	0.0	0.0	0.160722	0.0	0.0	0.0	0.839278	0.0	0.0	0.0	0.0	
266	373	4441.352810197	4958.806	4958.806	0.022734	0.0	105	0	0	0	264	0	0	0	0	0.026546	0.0	0.0	0.0	0.130365	0.0	0.0	0.0	0.0	0.032222	0.0	0.0	0.0	4420.15	0.0	0.0	0.0	0.0	0.000307	0.0	0.0	0.0	16.743	0.0	0.0	0.0	0.0	10	0	0	0	77	0	0	0	0	1	0	0	0	0	0	0	0	0	8	0	0	0	185	0	0	0	0	15	0	0	0	2	0	0	0	0	6	0	0	0	0	0	0	0	0	65	0	0	0	0	0	0	0	0	0.026546	0.0	0.0	0.0	0.130365	0.0	0.0	0.0	0.0	0.169181	0.0	0.0	0.0	0.830819	0.0	0.0	0.0	0.0	
267	374	4452.707924692	4958.806	4958.806	0.01944	0.0	105	0	0	0	265	0	0	0	0	0.026546	0.0	0.0	0.0	0.12252	0.0	0.0	0.0	0.0	0.032222	0.0	0.0	0.0	4431.51	0.0	0.0	0.0	0.0	0.000307	0.0	0.0	0.0	16.7227	0.0	0.0	0.0	0.0	10	0	0	0	77	0	0	0	0	1	0	0	0	0	0	0	0	0	8	0	0	0	186	0	0	0	0	15	0	0	0	2	0	0	0	0	6	0	0	0	0	0	0	0	0	65	0	0	0	0	0	0	0	0	0.026546	0.0	0.0	0.0	0.12252	0.0	0.0	0.0	0.0	0.178086	0.0	0.0	0.0	0.821914	0.0	0.0	0.0	0.0	
268	375	4460.970140543	4958.806	4958.806	0.01902	0.0	105	0	0	0	266	0	0	0	0	0.026546	0.0	0.0	0.0	0.115066	0.0	0.0	0.0	0.0	0.032222	0.0	0.0	0.0	4439.77	0.0	0.0	0.0	0.0	0.000307	0.0	0.0	0.0	16.6909	0.0	0.0	0.0	0.0	10	0	0	0	77	0	0	0	0	1	0	0	0	0	0	0	0	0	8	0	0	0	187	0	0	0	0	15	0	0	0	2	0	0	0	0	6	0	0	0	0	0	0	0	0	65	0	0	0	0	0	0	0	0	0.026546	0.0	0.0	0.0	0.115066	0.0	0.0	0.0	0.0	0.187459	0.0	0.0	0.0	0.812541	0.0	0.0	0.0	0.0	
269	376	4538.847785367	4958.806	4958.806	0.01872	0.0	105	0	0	0	267	0	0	0	0	0.026546	0.0	0.0	0.0	0.107986	0.0	0.0	0.0	0.0	0.032222	0.0	0.0	0.0	4517.65	0.0	0.0	0.0	0.0	0.000307	0.0	0.0	0.0	16.92	0.0	0.0	0.0	0.0	10	0	0	0	77	0	0	0	0	1	0	0	0	0	0	0	0	0	8	0	0	0	188	0	0	0	0	15	0	0	0	2	0	0	0	0	6	0	0	0	0	0	0	0	0	65	0	0	0	0	0	0	0	0	0.026546	0.0	0.0	0.0	0.107986	0.0	0.0	0.0	0.0	0.197325	0.0	0.0	0.0	0.802675	0.0	0.0	0.0	0.0	
270	378	4544.939797714	4958.806	4958.806	0.016115	0.0	106	0	0	0	268	0	0	0	0	0.023892	0.0	0.0	0.0	0.101392	0.0	0.0	0.0	0.0	0.032451	0.0	0.0	0.0	4523.74	0.0	0.0	0.0	0.0	0.000306	0.0	0.0	0.0	16.8796	0.0	0.0	0.0	0.0	10	0	0	0	77	0	0	0	0	1	0	0	0	0	0	0	0	0	8	0	0	0	189	0	0	0	0	15	0	0	0	2	0	0	0	0	6	0	0	0	0	0	0	0	0	66	0	0	0	0	0	0	0	0	0.023892	0.0	0.0	0.0	0.101392	0.0	0.0	0.0	0.0	0.190702	0.0	0.0	0.0	0.809298	0.0	0.0	0.0	0.0	
271	381	4552.642645774	4958.806	4958.806	0.015927	0.0	108	0	0	0	269	0	0	0	0	0.019352	0.0	0.0	0.0	0.095354	0.0	0.0	0.0	0.0	0.032779	0.0	0.0	0.0	4531.44	0.0	0.0	0.0	0.0	0.000304	0.0	0.0	0.0	16.8455	0.0	0.0	0.0	0.0	10	0	0	0	77	0	0	0	0	1	0	0	0	0	0	0	0	0	8	0	0	0	190	0	0	0	0	15	0	0	0	2	0	0	0	0	6	0	0	0	0	0	0	0	0	68	0	0	0	0	0	0	0	0	0.019352	0.0	0.0	0.0	0.095354	0.0	0.0	0.0	0.0	0.168712	0.0	0.0	0.0	0.831288	0.0	0.0	0.0	0.0	
272	382	4556.561466818	4958.806	4958.806	0.015693	0.0	108	0	0	0	270	0	0	0	0	0.019352	0.0	0.0	0.0	0.089619	0.0	0.0	0.0	0.0	0.032779	0.0	0.0	0.0	4535.36	0.0	0.0	0.0	0.0	0.000304	0.0	0.0	0.0	16.7976	0.0	0.0	0.0	0.0	10	0	0	0	77	0	0	0	0	1	0	0	0	0	0	0	0	0	8	0	0	0	191	0	0	0	0	15	0	0	0	2	0	0	0	0	6	0	0	0	0	0	0	0	0	68	0	0	0	0	0	0	0	0	0.019352	0.0	0.0	0.0	0.089619	0.0	0.0	0.0	0.0	0.177591	0.0	0.0	0.0	0.822409	0.0	0.0	0.0	0.0	
273	383	4562.2836227	4958.806	4958.806	0.015575	0.0	108	0	0	0	271	0	0	0	0	0.019352	0.0	0.0	0.0	0.084171	0.0	0.0	0.0	0.0	0.032779	0.0	0.0	0.0	4541.08	0.0	0.0	0.0	0.0	0.000304	0.0	0.0	0.0	16.7568	0.0	0.0	0.0	0.0	10	0	0	0	77	0	0	0	0	1	0	0	0	0	0	0	0	0	8	0	0	0	192	0	0	0	0	15	0	0	0	2	0	0	0	0	6	0	0	0	0	0	0	0	0	68	0	0	0	0	0	0	0	0	0.019352	0.0	0.0	0.0	0.084171	0.0	0.0	0.0	0.0	0.186938	0.0	0.0	0.0	0.813062	0.0	0.0	0.0	0.0	
274	384	4582.130796789	4958.806	4958.806	0.015404	0.0	108	0	0	0	272	0	0	0	0	0.019352	0.0	0.0	0.0	0.078994	0.0	0.0	0.0	0.0	0.032779	0.0	0.0	0.0	4560.93	0.0	0.0	0.0	0.0	0.000304	0.0	0.0	0.0	16.7681	0.0	0.0	0.0	0.0	10	0	0	0	77	0	0	0	0	1	0	0	0	0	0	0	0	0	8	0	0	0	193	0	0	0	0	15	0	0	0	2	0	0	0	0	6	0	0	0	0	0	0	0	0	68	0	0	0	0	0	0	0	0	0.019352	0.0	0.0	0.0	0.078994	0.0	0.0	0.0	0.0	0.196777	0.0	0.0	0.0	0.803223	0.0	0.0	0.0	0.0	
275	385	4762.291032475	4956.806	4956.806	0.014827	0.0	108	0	0	0	273	0	0	0	0	0.019352	0.0	0.0	0.0	0.136326	0.0	0.0	0.0	0.0	0.032779	0.0	0.0	0.0	4741.09	0.0	0.0	0.0	0.0	0.000304	0.0	0.0	0.0	17.3666	0.0	0.0	0.0	0.0	10	0	0	0	78	0	0	0	0	1	0	0	0	0	0	0	0	0	8	0	0	0	193	0	0	0	0	15	0	0	0	2	0	0	0	0	6	0	0	0	0	0	0	0	0	68	0	0	0	0	0	0	0	0	0.019352	0.0	0.0	0.0	0.136326	0.0	0.0	0.0	0.0	0.12431	0.0	0.0	0.0	0.87569	0.0	0.0	0.0	0.0	
276	386	4766.498448746	4956.806	4956.806	0.010484	0.0	108	0	0	0	274	0	0	0	0	0.019352	0.0	0.0	0.0	0.128542	0.0	0.0	0.0	0.0	0.032779	0.0	0.0	0.0	4745.3	0.0	0.0	0.0	0.0	0.000304	0.0	0.0	0.0	17.3186	0.0	0.0	0.0	0.0	10	0	0	0	78	0	0	0	0	1	0	0	0	0	0	0	0	0	8	0	0	0	194	0	0	0	0	15	0	0	0	2	0	0	0	0	6	0	0	0	0	0	0	0	0	68	0	0	0	0	0	0	0	0	0.019352	0.0	0.0	0.0	0.128542	0.0	0.0	0.0	0.0	0.130853	0.0	0.0	0.0	0.869147	0.0	0.0	0.0	0.0	
277	387	4772.526499747	4956.806	4956.806	0.010399	0.0	108	0	0	0	275	0	0	0	0	0.019352	0.0	0.0	0.0	0.121148	0.0	0.0	0.0	0.0	0.032779	0.0	0.0	0.0	4751.33	0.0	0.0	0.0	0.0	0.000304	0.0	0.0	0.0	17.2776	0.0	0.0	0.0	0.0	10	0	0	0	78	0	0	0	0	1	0	0	0	0	0	0	0	0	8	0	0	0	195	0	0	0	0	15	0	0	0	2	0	0	0	0	6	0	0	0	0	0	0	0	0	68	0	0	0	0	0	0	0	0	0.019352	0.0	0.0	0.0	0.121148	0.0	0.0	0.0	0.0	0.13774	0.0	0.0	0.0	0.86226	0.0	0.0	0.0	0.0	
278	388	4778.141148392	4956.806	4956.806	0.010279	0.0	108	0	0	0	276	0	0	0	0	0.019352	0.0	0.0	0.0	0.114123	0.0	0.0	0.0	0.0	0.032779	0.0	0.0	0.0	4756.94	0.0	0.0	0.0	0.0	0.000304	0.0	0.0	0.0	17.2353	0.0	0.0	0.0	0.0	10	0	0	0	78	0	0	0	0	1	0	0	0	0	0	0	0	0	8	0	0	0	196	0	0	0	0	15	0	0	0	2	0	0	0	0	6	0	0	0	0	0	0	0	0	68	0	0	0	0	0	0	0	0	0.019352	0.0	0.0	0.0	0.114123	0.0	0.0	0.0	0.0	0.144989	0.0	0.0	0.0	0.855011	0.0	0.0	0.0	0.0	
279	389	4788.644202075	4956.806	4956.806	0.010169	0.0	108	0	0	0	277	0	0	0	0	0.019352	0.0	0.0	0.0	0.107449	0.0	0.0	0.0	0.0	0.032779	0.0	0.0	0.0	4767.44	0.0	0.0	0.0	0.0	0.000304	0.0	0.0	0.0	17.211	0.0	0.0	0.0	0.0	10	0	0	0	78	0	0	0	0	1	0	0	0	0	0	0	0	0	8	0	0	0	197	0	0	0	0	15	0	0	0	2	0	0	0	0	6	0	0	0	0	0	0	0	0	68	0	0	0	0	0	0	0	0	0.019352	0.0	0.0	0.0	0.107449	0.0	0.0	0.0	0.0	0.15262	0.0	0.0	0.0	0.84738	0.0	0.0	0.0	0.0	
280	390	4797.120946986	4956.806	4956.806	0.009965	0.0	108	0	0	0	278	0	0	0	0	0.019352	0.0	0.0	0.0	0.101109	0.0	0.0	0.0	0.0	0.032779	0.0	0.0	0.0	4775.92	0.0	0.0	0.0	0.0	0.000304	0.0	0.0	0.0	17.1796	0.0	0.0	0.0	0.0	10	0	0	0	78	0	0	0	0	1	0	0	0	0	0	0	0	0	8	0	0	0	198	0	0	0	0	15	0	0	0	2	0	0	0	0	6	0	0	0	0	0	0	0	0	68	0	0	0	0	0	0	0	0	0.019352	0.0	0.0	0.0	0.101109	0.0	0.0	0.0	0.0	0.160653	0.0	0.0	0.0	0.839347	0.0	0.0	0.0	0.0	
281	391	4801.722620974	4956.806	4956.806	0.009804	0.0	108	0	0	0	279	0	0	0	0	0.019352	0.0	0.0	0.0	0.095086	0.0	0.0	0.0	0.0	0.032779	0.0	0.0	0.0	4780.52	0.0	0.0	0.0	0.0	0.000304	0.0	0.0	0.0	17.1345	0.0	0.0	0.0	0.0	10	0	0	0	78	0	0	0	0	1	0	0	0	0	0	0	0	0	8	0	0	0	199	0	0	0	0	15	0	0	0	2	0	0	0	0	6	0	0	0	0	0	0	0	0	68	0	0	0	0	0	0	0	0	0.019352	0.0	0.0	0.0	0.095086	0.0	0.0	0.0	0.0	0.169108	0.0	0.0	0.0	0.830892	0.0	0.0	0.0	0.0	
282	392	4805.672441142	4956.806	4956.806	0.009718	0.0	108	0	0	0	280	0	0	0	0	0.019352	0.0	0.0	0.0	0.089364	0.0	0.0	0.0	0.0	0.032779	0.0	0.0	0.0	4784.47	0.0	0.0	0.0	0.0	0.000304	0.0	0.0	0.0	17.0874	0.0	0.0	0.0	0.0	10	0	0	0	78	0	0	0	0	1	0	0	0	0	0	0	0	0	8	0	0	0	200	0	0	0	0	15	0	0	0	2	0	0	0	0	6	0	0	0	0	0	0	0	0	68	0	0	0	0	0	0	0	0	0.019352	0.0	0.0	0.0	0.089364	0.0	0.0	0.0	0.0	0.178008	0.0	0.0	0.0	0.821992	0.0	0.0	0.0	0.0	
283	393	4822.143418597	4956.806	4956.806	0.009644	0.0	108	0	0	0	281	0	0	0	0	0.019352	0.0	0.0	0.0	0.083928	0.0	0.0	0.0	0.0	0.032779	0.0	0.0	0.0	4800.94	0.0	0.0	0.0	0.0	0.000304	0.0	0.0	0.0	17.0852	0.0	0.0	0.0	0.0	10	0	0	0	78	0	0	0	0	1	0	0	0	0	0	0	0	0	8	0	0	0	201	0	0	0	0	15	0	0	0	2	0	0	0	0	6	0	0	0	0	0	0	0	0	68	0	0	0	0	0	0	0	0	0.019352	0.0	0.0	0.0	0.083928	0.0	0.0	0.0	0.0	0.187377	0.0	0.0	0.0	0.812623	0.0	0.0	0.0	0.0	
284	395	4824.758704276	4956.806	4956.806	0.009343	0.0	109	0	0	0	282	0	0	0	0	0.017417	0.0	0.0	0.0	0.078861	0.0	0.0	0.0	0.0	0.03299	0.0	0.0	0.0	4803.56	0.0	0.0	0.0	0.0	0.000303	0.0	0.0	0.0	17.0339	0.0	0.0	0.0	0.0	10	0	0	0	78	0	0	0	0	1	0	0	0	0	0	0	0	0	8	0	0	0	202	0	0	0	0	15	0	0	0	2	0	0	0	0	6	0	0	0	0	0	0	0	0	69	0	0	0	0	0	0	0	0	0.017417	0.0	0.0	0.0	0.078861	0.0	0.0	0.0	0.0	0.180905	0.0	0.0	0.0	0.819095	0.0	0.0	0.0	0.0	
285	396	4966.214538838	4956.806	4956.806	0.009296	0.0	109	0	0	0	283	0	0	0	0	0.017417	0.0	0.0	0.0	0.074047	0.0	0.0	0.0	0.0	0.03299	0.0	0.0	0.0	4945.01	0.0	0.0	0.0	0.0	0.000303	0.0	0.0	0.0	17.4736	0.0	0.0	0.0	0.0	10	0	0	0	78	0	0	0	0	1	0	0	0	0	0	0	0	0	8	0	0	0	203	0	0	0	0	15	0	0	0	2	0	0	0	0	6	0	0	0	0	0	0	0	0	69	0	0	0	0	0	0	0	0	0.017417	0.0	0.0	0.0	0.074047	0.0	0.0	0.0	0.0	0.190426	0.0	0.0	0.0	0.809574	0.0	0.0	0.0	0.0	
286	397	4969.008696835	4956.806	4956.806	0.007081	0.0	109	0	0	0	284	0	0	0	0	0.017417	0.0	0.0	0.0	0.069474	0.0	0.0	0.0	0.0	0.03299	0.0	0.0	0.0	4947.81	0.0	0.0	0.0	0.0	0.000303	0.0	0.0	0.0	17.4219	0.0	0.0	0.0	0.0	10	0	0	0	78	0	0	0	0	1	0	0	0	0	0	0	0	0	8	0	0	0	204	0	0	0	0	15	0	0	0	2	0	0	0	0	6	0	0	0	0	0	0	0	0	69	0	0	0	0	0	0	0	0	0.017417	0.0	0.0	0.0	0.069474	0.0	0.0	0.0	0.0	0.200449	0.0	0.0	0.0	0.799551	0.0	0.0	0.0	0.0	
287	398	4975.555456923	4956.806	4956.806	0.007043	0.0	109	0	0	0	285	0	0	0	0	0.017417	0.0	0.0	0.0	0.065129	0.0	0.0	0.0	0.0	0.03299	0.0	0.0	0.0	4954.36	0.0	0.0	0.0	0.0	0.000303	0.0	0.0	0.0	17.3837	0.0	0.0	0.0	0.0	10	0	0	0	78	0	0	0	0	1	0	0	0	0	0	0	0	0	8	0	0	0	205	0	0	0	0	15	0	0	0	2	0	0	0	0	6	0	0	0	0	0	0	0	0	69	0	0	0	0	0	0	0	0	0.017417	0.0	0.0	0.0	0.065129	0.0	0.0	0.0	0.0	0.210999	0.0	0.0	0.0	0.789001	0.0	0.0	0.0	0.0	
288	399	4981.533308436	4956.806	4956.806	0.006955	0.0	109	0	0	0	286	0	0	0	0	0.017417	0.0	0.0	0.0	0.061002	0.0	0.0	0.0	0.0	0.03299	0.0	0.0	0.0	4960.33	0.0	0.0	0.0	0.0	0.000303	0.0	0.0	0.0	17.3438	0.0	0.0	0.0	0.0	10	0	0	0	78	0	0	0	0	1	0	0	0	0	0	0	0	0	8	0	0	0	206	0	0	0	0	15	0	0	0	2	0	0	0	0	6	0	0	0	0	0	0	0	0	69	0	0	0	0	0	0	0	0	0.017417	0.0	0.0	0.0	0.061002	0.0	0.0	0.0	0.0	0.222104	0.0	0.0	0.0	0.777896	0.0	0.0	0.0	0.0	
289	401	4988.966771383	4956.806	4956.806	0.006876	0.0	110	0	0	0	287	0	0	0	0	0.015675	0.0	0.0	0.0	0.057168	0.0	0.0	0.0	0.0	0.033216	0.0	0.0	0.0	4967.77	0.0	0.0	0.0	0.0	0.000302	0.0	0.0	0.0	17.3093	0.0	0.0	0.0	0.0	10	0	0	0	78	0	0	0	0	1	0	0	0	0	0	0	0	0	8	0	0	0	207	0	0	0	0	15	0	0	0	2	0	0	0	0	6	0	0	0	0	0	0	0	0	70	0	0	0	0	0	0	0	0	0.015675	0.0	0.0	0.0	0.057168	0.0	0.0	0.0	0.0	0.215194	0.0	0.0	0.0	0.784806	0.0	0.0	0.0	0.0	
290	402	5049.154036184	4956.806	4956.806	0.006778	0.0	110	0	0	0	288	0	0	0	0	0.015675	0.0	0.0	0.0	0.053526	0.0	0.0	0.0	0.0	0.033216	0.0	0.0	0.0	5027.95	0.0	0.0	0.0	0.0	0.000302	0.0	0.0	0.0	17.4582	0.0	0.0	0.0	0.0	10	0	0	0	78	0	0	0	0	1	0	0	0	0	0	0	0	0	8	0	0	0	208	0	0	0	0	15	0	0	0	2	0	0	0	0	6	0	0	0	0	0	0	0	0	70	0	0	0	0	0	0	0	0	0.015675	0.0	0.0	0.0	0.053526	0.0	0.0	0.0	0.0	0.22652	0.0	0.0	0.0	0.77348	0.0	0.0	0.0	0.0	
291	403	5055.189075772	4956.806	4956.806	0.006037	0.0	110	0	0	0	289	0	0	0	0	0.015675	0.0	0.0	0.0	0.050066	0.0	0.0	0.0	0.0	0.033216	0.0	0.0	0.0	5033.99	0.0	0.0	0.0	0.0	0.000302	0.0	0.0	0.0	17.4186	0.0	0.0	0.0	0.0	10	0	0	0	78	0	0	0	0	1	0	0	0	0	0	0	0	0	8	0	0	0	209	0	0	0	0	15	0	0	0	2	0	0	0	0	6	0	0	0	0	0	0	0	0	70	0	0	0	0	0	0	0	0	0.015675	0.0	0.0	0.0	0.050066	0.0	0.0	0.0	0.0	0.238442	0.0	0.0	0.0	0.761558	0.0	0.0	0.0	0.0	
292	404	5062.908172317	4956.806	4956.806	0.005967	0.0	110	0	0	0	290	0	0	0	0	0.015675	0.0	0.0	0.0	0.046779	0.0	0.0	0.0	0.0	0.033216	0.0	0.0	0.0	5041.71	0.0	0.0	0.0	0.0	0.000302	0.0	0.0	0.0	17.3852	0.0	0.0	0.0	0.0	10	0	0	0	78	0	0	0	0	1	0	0	0	0	0	0	0	0	8	0	0	0	210	0	0	0	0	15	0	0	0	2	0	0	0	0	6	0	0	0	0	0	0	0	0	70	0	0	0	0	0	0	0	0	0.015675	0.0	0.0	0.0	0.046779	0.0	0.0	0.0	0.0	0.250992	0.0	0.0	0.0	0.749008	0.0	0.0	0.0	0.0	
293	405	5067.161953623	4956.806	4956.806	0.005879	0.0	110	0	0	0	291	0	0	0	0	0.015675	0.0	0.0	0.0	0.043656	0.0	0.0	0.0	0.0	0.033216	0.0	0.0	0.0	5045.96	0.0	0.0	0.0	0.0	0.000302	0.0	0.0	0.0	17.3401	0.0	0.0	0.0	0.0	10	0	0	0	78	0	0	0	0	1	0	0	0	0	0	0	0	0	8	0	0	0	211	0	0	0	0	15	0	0	0	2	0	0	0	0	6	0	0	0	0	0	0	0	0	70	0	0	0	0	0	0	0	0	0.015675	0.0	0.0	0.0	0.043656	0.0	0.0	0.0	0.0	0.264202	0.0	0.0	0.0	0.735798	0.0	0.0	0.0	0.0	
294	408	5081.967428858	4952.806	4952.806	0.005831	0.0	112	0	0	0	292	0	0	0	0	0.012697	0.0	0.0	0.0	0.105381	0.0	0.0	0.0	0.0	0.033775	0.0	0.0	0.0	5060.77	0.0	0.0	0.0	0.0	0.000302	0.0	0.0	0.0	17.3314	0.0	0.0	0.0	0.0	10	0	0	0	79	0	0	0	0	1	0	0	0	0	0	0	0	0	9	0	0	0	211	0	0	0	0	15	0	0	0	2	0	0	0	0	6	0	0	0	0	0	0	0	0	71	0	0	0	0	0	0	0	0	0.012697	0.0	0.0	0.0	0.105381	0.0	0.0	0.0	0.0	0.107532	0.0	0.0	0.0	0.892468	0.0	0.0	0.0	0.0	
295	409	5086.921697447	4952.806	4952.806	0.005667	0.0	112	0	0	0	293	0	0	0	0	0.012697	0.0	0.0	0.0	0.099477	0.0	0.0	0.0	0.0	0.033775	0.0	0.0	0.0	5065.72	0.0	0.0	0.0	0.0	0.000302	0.0	0.0	0.0	17.2892	0.0	0.0	0.0	0.0	10	0	0	0	79	0	0	0	0	1	0	0	0	0	0	0	0	0	9	0	0	0	212	0	0	0	0	15	0	0	0	2	0	0	0	0	6	0	0	0	0	0	0	0	0	71	0	0	0	0	0	0	0	0	0.012697	0.0	0.0	0.0	0.099477	0.0	0.0	0.0	0.0	0.113192	0.0	0.0	0.0	0.886808	0.0	0.0	0.0	0.0	
296	410	5095.885167145	4952.806	4952.806	0.005614	0.0	112	0	0	0	294	0	0	0	0	0.012697	0.0	0.0	0.0	0.093868	0.0	0.0	0.0	0.0	0.033775	0.0	0.0	0.0	5074.68	0.0	0.0	0.0	0.0	0.000302	0.0	0.0	0.0	17.2608	0.0	0.0	0.0	0.0	10	0	0	0	79	0	0	0	0	1	0	0	0	0	0	0	0	0	9	0	0	0	213	0	0	0	0	15	0	0	0	2	0	0	0	0	6	0	0	0	0	0	0	0	0	71	0	0	0	0	0	0	0	0	0.012697	0.0	0.0	0.0	0.093868	0.0	0.0	0.0	0.0	0.119149	0.0	0.0	0.0	0.880851	0.0	0.0	0.0	0.0	
297	411	5104.892311787	4950.806	4950.806	0.005518	0.0	112	0	0	0	295	0	0	0	0	0.012697	0.0	0.0	0.0	0.145303	0.0	0.0	0.0	0.0	0.033775	0.0	0.0	0.0	5083.69	0.0	0.0	0.0	0.0	0.000302	0.0	0.0	0.0	17.2329	0.0	0.0	0.0	0.0	10	0	0	0	80	0	0	0	0	1	0	0	0	0	0	0	0	0	9	0	0	0	213	0	0	0	0	15	0	0	0	2	0	0	0	0	6	0	0	0	0	0	0	0	0	71	0	0	0	0	0	0	0	0	0.012697	0.0	0.0	0.0	0.145303	0.0	0.0	0.0	0.0	0.080362	0.0	0.0	0.0	0.919639	0.0	0.0	0.0	0.0	
298	412	5122.006286542	4950.806	4950.806	0.005423	0.0	112	0	0	0	296	0	0	0	0	0.012697	0.0	0.0	0.0	0.137403	0.0	0.0	0.0	0.0	0.033775	0.0	0.0	0.0	5100.81	0.0	0.0	0.0	0.0	0.000302	0.0	0.0	0.0	17.2325	0.0	0.0	0.0	0.0	10	0	0	0	80	0	0	0	0	1	0	0	0	0	0	0	0	0	9	0	0	0	214	0	0	0	0	15	0	0	0	2	0	0	0	0	6	0	0	0	0	0	0	0	0	71	0	0	0	0	0	0	0	0	0.012697	0.0	0.0	0.0	0.137403	0.0	0.0	0.0	0.0	0.084591	0.0	0.0	0.0	0.915409	0.0	0.0	0.0	0.0	
299	413	5132.750100885	4950.806	4950.806	0.005247	0.0	112	0	0	0	297	0	0	0	0	0.012697	0.0	0.0	0.0	0.129898	0.0	0.0	0.0	0.0	0.033775	0.0	0.0	0.0	5111.55	0.0	0.0	0.0	0.0	0.000302	0.0	0.0	0.0	17.2106	0.0	0.0	0.0	0.0	10	0	0	0	80	0	0	0	0	1	0	0	0	0	0	0	0	0	9	0	0	0	215	0	0	0	0	15	0	0	0	2	0	0	0	0	6	0	0	0	0	0	0	0	0	71	0	0	0	0	0	0	0	0	0.012697	0.0	0.0	0.0	0.129898	0.0	0.0	0.0	0.0	0.089043	0.0	0.0	0.0	0.910957	0.0	0.0	0.0	0.0	
300	414	5135.393533065	4950.806	4950.806	0.00514	0.0	112	0	0	0	298	0	0	0	0	0.012697	0.0	0.0	0.0	0.122768	0.0	0.0	0.0	0.0	0.033775	0.0	0.0	0.0	5114.19	0.0	0.0	0.0	0.0	0.000302	0.0	0.0	0.0	17.1617	0.0	0.0	0.0	0.0	10	0	0	0	80	0	0	0	0	1	0	0	0	0	0	0	0	0	9	0	0	0	216	0	0	0	0	15	0	0	0	2	0	0	0	0	6	0	0	0	0	0	0	0	0	71	0	0	0	0	0	0	0	0	0.012697	0.0	0.0	0.0	0.122768	0.0	0.0	0.0	0.0	0.09373	0.0	0.0	0.0	0.90627	0.0	0.0	0.0	0.0	
301	415	5140.480235205	4950.806	4950.806	0.005114	0.0	112	0	0	0	299	0	0	0	0	0.012697	0.0	0.0	0.0	0.115995	0.0	0.0	0.0	0.0	0.033775	0.0	0.0	0.0	5119.28	0.0	0.0	0.0	0.0	0.000302	0.0	0.0	0.0	17.1213	0.0	0.0	0.0	0.0	10	0	0	0	80	0	0	0	0	1	0	0	0	0	0	0	0	0	9	0	0	0	217	0	0	0	0	15	0	0	0	2	0	0	0	0	6	0	0	0	0	0	0	0	0	71	0	0	0	0	0	0	0	0	0.012697	0.0	0.0	0.0	0.115995	0.0	0.0	0.0	0.0	0.098663	0.0	0.0	0.0	0.901337	0.0	0.0	0.0	0.0	
302	416	5147.893101382	4950.806	4950.806	0.005064	0.0	112	0	0	0	300	0	0	0	0	0.012697	0.0	0.0	0.0	0.10956	0.0	0.0	0.0	0.0	0.033775	0.0	0.0	0.0	5126.69	0.0	0.0	0.0	0.0	0.000302	0.0	0.0	0.0	17.089	0.0	0.0	0.0	0.0	10	0	0	0	80	0	0	0	0	1	0	0	0	0	0	0	0	0	9	0	0	0	218	0	0	0	0	15	0	0	0	2	0	0	0	0	6	0	0	0	0	0	0	0	0	71	0	0	0	0	0	0	0	0	0.012697	0.0	0.0	0.0	0.10956	0.0	0.0	0.0	0.0	0.103856	0.0	0.0	0.0	0.896144	0.0	0.0	0.0	0.0	
303	417	5152.236387595	4950.806	4950.806	0.004992	0.0	112	0	0	0	301	0	0	0	0	0.012697	0.0	0.0	0.0	0.103448	0.0	0.0	0.0	0.0	0.033775	0.0	0.0	0.0	5131.04	0.0	0.0	0.0	0.0	0.000302	0.0	0.0	0.0	17.0466	0.0	0.0	0.0	0.0	10	0	0	0	80	0	0	0	0	1	0	0	0	0	0	0	0	0	9	0	0	0	219	0	0	0	0	15	0	0	0	2	0	0	0	0	6	0	0	0	0	0	0	0	0	71	0	0	0	0	0	0	0	0	0.012697	0.0	0.0	0.0	0.103448	0.0	0.0	0.0	0.0	0.109322	0.0	0.0	0.0	0.890678	0.0	0.0	0.0	0.0	
304	418	5167.103891712	4950.806	4950.806	0.004951	0.0	112	0	0	0	302	0	0	0	0	0.012697	0.0	0.0	0.0	0.09764	0.0	0.0	0.0	0.0	0.033775	0.0	0.0	0.0	5145.9	0.0	0.0	0.0	0.0	0.000302	0.0	0.0	0.0	17.0394	0.0	0.0	0.0	0.0	10	0	0	0	80	0	0	0	0	1	0	0	0	0	0	0	0	0	9	0	0	0	220	0	0	0	0	15	0	0	0	2	0	0	0	0	6	0	0	0	0	0	0	0	0	71	0	0	0	0	0	0	0	0	0.012697	0.0	0.0	0.0	0.09764	0.0	0.0	0.0	0.0	0.115075	0.0	0.0	0.0	0.884925	0.0	0.0	0.0	0.0	
305	419	5176.66366557	4950.806	4950.806	0.004811	0.0	112	0	0	0	303	0	0	0	0	0.012697	0.0	0.0	0.0	0.092123	0.0	0.0	0.0	0.0	0.033775	0.0	0.0	0.0	5155.46	0.0	0.0	0.0	0.0	0.000302	0.0	0.0	0.0	17.0147	0.0	0.0	0.0	0.0	10	0	0	0	80	0	0	0	0	1	0	0	0	0	0	0	0	0	9	0	0	0	221	0	0	0	0	15	0	0	0	2	0	0	0	0	6	0	0	0	0	0	0	0	0	71	0	0	0	0	0	0	0	0	0.012697	0.0	0.0	0.0	0.092123	0.0	0.0	0.0	0.0	0.121132	0.0	0.0	0.0	0.878868	0.0	0.0	0.0	0.0	
306	420	5192.184886401	4950.806	4950.806	0.004723	0.0	112	0	0	0	304	0	0	0	0	0.012697	0.0	0.0	0.0	0.086882	0.0	0.0	0.0	0.0	0.033775	0.0	0.0	0.0	5170.98	0.0	0.0	0.0	0.0	0.000302	0.0	0.0	0.0	17.0098	0.0	0.0	0.0	0.0	10	0	0	0	80	0	0	0	0	1	0	0	0	0	0	0	0	0	9	0	0	0	222	0	0	0	0	15	0	0	0	2	0	0	0	0	6	0	0	0	0	0	0	0	0	71	0	0	0	0	0	0	0	0	0.012697	0.0	0.0	0.0	0.086882	0.0	0.0	0.0	0.0	0.127507	0.0	0.0	0.0	0.872493	0.0	0.0	0.0	0.0	
307	421	5201.026374912	4950.806	4950.806	0.004584	0.0	112	0	0	0	305	0	0	0	0	0.012697	0.0	0.0	0.0	0.081903	0.0	0.0	0.0	0.0	0.033775	0.0	0.0	0.0	5179.83	0.0	0.0	0.0	0.0	0.000302	0.0	0.0	0.0	16.983	0.0	0.0	0.0	0.0	10	0	0	0	80	0	0	0	0	1	0	0	0	0	0	0	0	0	9	0	0	0	223	0	0	0	0	15	0	0	0	2	0	0	0	0	6	0	0	0	0	0	0	0	0	71	0	0	0	0	0	0	0	0	0.012697	0.0	0.0	0.0	0.081903	0.0	0.0	0.0	0.0	0.134218	0.0	0.0	0.0	0.865782	0.0	0.0	0.0	0.0	
308	422	5214.948428978	4950.806	4950.806	0.004507	0.0	112	0	0	0	306	0	0	0	0	0.012697	0.0	0.0	0.0	0.077173	0.0	0.0	0.0	0.0	0.033775	0.0	0.0	0.0	5193.75	0.0	0.0	0.0	0.0	0.000302	0.0	0.0	0.0	16.973	0.0	0.0	0.0	0.0	10	0	0	0	80	0	0	0	0	1	0	0	0	0	0	0	0	0	9	0	0	0	224	0	0	0	0	15	0	0	0	2	0	0	0	0	6	0	0	0	0	0	0	0	0	71	0	0	0	0	0	0	0	0	0.012697	0.0	0.0	0.0	0.077173	0.0	0.0	0.0	0.0	0.141282	0.0	0.0	0.0	0.858718	0.0	0.0	0.0	0.0	
309	425	5222.367529746	4950.806	4950.806	0.004388	0.0	114	0	0	0	307	0	0	0	0	0.010285	0.0	0.0	0.0	0.0728	0.0	0.0	0.0	0.0	0.034306	0.0	0.0	0.0	5201.17	0.0	0.0	0.0	0.0	0.000301	0.0	0.0	0.0	16.9419	0.0	0.0	0.0	0.0	10	0	0	0	80	0	0	0	0	1	0	0	0	0	0	0	0	0	10	0	0	0	225	0	0	0	0	15	0	0	0	2	0	0	0	0	6	0	0	0	0	0	0	0	0	72	0	0	0	0	0	0	0	0	0.010285	0.0	0.0	0.0	0.0728	0.0	0.0	0.0	0.0	0.123785	0.0	0.0	0.0	0.876215	0.0	0.0	0.0	0.0	
310	426	5228.914438324	4950.806	4950.806	0.004326	0.0	114	0	0	0	308	0	0	0	0	0.010285	0.0	0.0	0.0	0.068646	0.0	0.0	0.0	0.0	0.034306	0.0	0.0	0.0	5207.71	0.0	0.0	0.0	0.0	0.000301	0.0	0.0	0.0	16.9082	0.0	0.0	0.0	0.0	10	0	0	0	80	0	0	0	0	1	0	0	0	0	0	0	0	0	10	0	0	0	226	0	0	0	0	15	0	0	0	2	0	0	0	0	6	0	0	0	0	0	0	0	0	72	0	0	0	0	0	0	0	0	0.010285	0.0	0.0	0.0	0.068646	0.0	0.0	0.0	0.0	0.1303	0.0	0.0	0.0	0.8697	0.0	0.0	0.0	0.0	
311	427	5234.813259699	4950.806	4950.806	0.004272	0.0	114	0	0	0	309	0	0	0	0	0.010285	0.0	0.0	0.0	0.0647	0.0	0.0	0.0	0.0	0.034306	0.0	0.0	0.0	5213.61	0.0	0.0	0.0	0.0	0.000301	0.0	0.0	0.0	16.8725	0.0	0.0	0.0	0.0	10	0	0	0	80	0	0	0	0	1	0	0	0	0	0	0	0	0	10	0	0	0	227	0	0	0	0	15	0	0	0	2	0	0	0	0	6	0	0	0	0	0	0	0	0	72	0	0	0	0	0	0	0	0	0.010285	0.0	0.0	0.0	0.0647	0.0	0.0	0.0	0.0	0.137158	0.0	0.0	0.0	0.862842	0.0	0.0	0.0	0.0	
312	428	5302.009301613	4949.306	4949.306	0.004223	0.0	114	0	0	0	310	0	0	0	0	0.010285	0.0	0.0	0.0	0.118898	0.0	0.0	0.0	0.0	0.034306	0.0	0.0	0.0	5280.81	0.0	0.0	0.0	0.0	0.000301	0.0	0.0	0.0	17.0349	0.0	0.0	0.0	0.0	10	0	0	0	81	0	0	0	0	1	0	0	0	0	0	0	0	0	10	0	0	0	227	0	0	0	0	15	0	0	0	2	0	0	0	0	6	0	0	0	0	0	0	0	0	72	0	0	0	0	0	0	0	0	0.010285	0.0	0.0	0.0	0.118898	0.0	0.0	0.0	0.0	0.079613	0.0	0.0	0.0	0.920387	0.0	0.0	0.0	0.0	
313	429	5425.049170274	4949.306	4949.306	0.003711	0.0	114	0	0	0	311	0	0	0	0	0.010285	0.0	0.0	0.0	0.112439	0.0	0.0	0.0	0.0	0.034306	0.0	0.0	0.0	5403.85	0.0	0.0	0.0	0.0	0.000301	0.0	0.0	0.0	17.3757	0.0	0.0	0.0	0.0	10	0	0	0	81	0	0	0	0	1	0	0	0	0	0	0	0	0	10	0	0	0	228	0	0	0	0	15	0	0	0	2	0	0	0	0	6	0	0	0	0	0	0	0	0	72	0	0	0	0	0	0	0	0	0.010285	0.0	0.0	0.0	0.112439	0.0	0.0	0.0	0.0	0.083803	0.0	0.0	0.0	0.916197	0.0	0.0	0.0	0.0	
314	430	5428.013106875	4949.306	4949.306	0.002929	0.0	114	0	0	0	312	0	0	0	0	0.010285	0.0	0.0	0.0	0.106303	0.0	0.0	0.0	0.0	0.034306	0.0	0.0	0.0	5406.81	0.0	0.0	0.0	0.0	0.000301	0.0	0.0	0.0	17.3295	0.0	0.0	0.0	0.0	10	0	0	0	81	0	0	0	0	1	0	0	0	0	0	0	0	0	10	0	0	0	229	0	0	0	0	15	0	0	0	2	0	0	0	0	6	0	0	0	0	0	0	0	0	72	0	0	0	0	0	0	0	0	0.010285	0.0	0.0	0.0	0.106303	0.0	0.0	0.0	0.0	0.088214	0.0	0.0	0.0	0.911786	0.0	0.0	0.0	0.0	
315	431	5431.616275805	4949.306	4949.306	0.002912	0.0	114	0	0	0	313	0	0	0	0	0.010285	0.0	0.0	0.0	0.100474	0.0	0.0	0.0	0.0	0.034306	0.0	0.0	0.0	5410.41	0.0	0.0	0.0	0.0	0.000301	0.0	0.0	0.0	17.2857	0.0	0.0	0.0	0.0	10	0	0	0	81	0	0	0	0	1	0	0	0	0	0	0	0	0	10	0	0	0	230	0	0	0	0	15	0	0	0	2	0	0	0	0	6	0	0	0	0	0	0	0	0	72	0	0	0	0	0	0	0	0	0.010285	0.0	0.0	0.0	0.100474	0.0	0.0	0.0	0.0	0.092857	0.0	0.0	0.0	0.907143	0.0	0.0	0.0	0.0	
316	432	5438.377796165	4949.306	4949.306	0.002892	0.0	114	0	0	0	314	0	0	0	0	0.010285	0.0	0.0	0.0	0.094936	0.0	0.0	0.0	0.0	0.034306	0.0	0.0	0.0	5417.18	0.0	0.0	0.0	0.0	0.000301	0.0	0.0	0.0	17.2522	0.0	0.0	0.0	0.0	10	0	0	0	81	0	0	0	0	1	0	0	0	0	0	0	0	0	10	0	0	0	231	0	0	0	0	15	0	0	0	2	0	0	0	0	6	0	0	0	0	0	0	0	0	72	0	0	0	0	0	0	0	0	0.010285	0.0	0.0	0.0	0.094936	0.0	0.0	0.0	0.0	0.097744	0.0	0.0	0.0	0.902256	0.0	0.0	0.0	0.0	
317	433	5618.521140474	4937.056	4937.056	0.002855	0.0	114	0	0	0	315	0	0	0	0	0.010285	0.0	0.0	0.0	0.145091	0.0	0.0	0.0	0.0	0.034306	0.0	0.0	0.0	5597.32	0.0	0.0	0.0	0.0	0.000301	0.0	0.0	0.0	17.7693	0.0	0.0	0.0	0.0	10	0	0	0	82	0	0	0	0	1	0	0	0	0	0	0	0	0	10	0	0	0	231	0	0	0	0	15	0	0	0	2	0	0	0	0	6	0	0	0	0	0	0	0	0	72	0	0	0	0	0	0	0	0	0.010285	0.0	0.0	0.0	0.145091	0.0	0.0	0.0	0.0	0.066192	0.0	0.0	0.0	0.933808	0.0	0.0	0.0	0.0	
318	434	5628.803591631	4937.056	4937.056	0.002018	0.0	114	0	0	0	316	0	0	0	0	0.010285	0.0	0.0	0.0	0.137323	0.0	0.0	0.0	0.0	0.034306	0.0	0.0	0.0	5607.6	0.0	0.0	0.0	0.0	0.000301	0.0	0.0	0.0	17.7456	0.0	0.0	0.0	0.0	10	0	0	0	82	0	0	0	0	1	0	0	0	0	0	0	0	0	10	0	0	0	232	0	0	0	0	15	0	0	0	2	0	0	0	0	6	0	0	0	0	0	0	0	0	72	0	0	0	0	0	0	0	0	0.010285	0.0	0.0	0.0	0.137323	0.0	0.0	0.0	0.0	0.069676	0.0	0.0	0.0	0.930324	0.0	0.0	0.0	0.0	
319	435	5633.195741793	4937.056	4937.056	0.001979	0.0	114	0	0	0	317	0	0	0	0	0.010285	0.0	0.0	0.0	0.129942	0.0	0.0	0.0	0.0	0.034306	0.0	0.0	0.0	5611.99	0.0	0.0	0.0	0.0	0.000301	0.0	0.0	0.0	17.7035	0.0	0.0	0.0	0.0	10	0	0	0	82	0	0	0	0	1	0	0	0	0	0	0	0	0	10	0	0	0	233	0	0	0	0	15	0	0	0	2	0	0	0	0	6	0	0	0	0	0	0	0	0	72	0	0	0	0	0	0	0	0	0.010285	0.0	0.0	0.0	0.129942	0.0	0.0	0.0	0.0	0.073343	0.0	0.0	0.0	0.926657	0.0	0.0	0.0	0.0	
320	436	5638.967429377	4937.056	4937.056	0.001962	0.0	114	0	0	0	318	0	0	0	0	0.010285	0.0	0.0	0.0	0.122931	0.0	0.0	0.0	0.0	0.034306	0.0	0.0	0.0	5617.77	0.0	0.0	0.0	0.0	0.000301	0.0	0.0	0.0	17.6659	0.0	0.0	0.0	0.0	10	0	0	0	82	0	0	0	0	1	0	0	0	0	0	0	0	0	10	0	0	0	234	0	0	0	0	15	0	0	0	2	0	0	0	0	6	0	0	0	0	0	0	0	0	72	0	0	0	0	0	0	0	0	0.010285	0.0	0.0	0.0	0.122931	0.0	0.0	0.0	0.0	0.077203	0.0	0.0	0.0	0.922797	0.0	0.0	0.0	0.0	
321	438	5648.902960004	4937.056	4937.056	0.001941	0.0	115	0	0	0	319	0	0	0	0	0.009256	0.0	0.0	0.0	0.116322	0.0	0.0	0.0	0.0	0.034537	0.0	0.0	0.0	5627.7	0.0	0.0	0.0	0.0	0.0003	0.0	0.0	0.0	17.6417	0.0	0.0	0.0	0.0	10	0	0	0	82	0	0	0	0	1	0	0	0	0	0	0	0	0	10	0	0	0	235	0	0	0	0	15	0	0	0	2	0	0	0	0	6	0	0	0	0	0	0	0	0	73	0	0	0	0	0	0	0	0	0.009256	0.0	0.0	0.0	0.116322	0.0	0.0	0.0	0.0	0.073709	0.0	0.0	0.0	0.926291	0.0	0.0	0.0	0.0	
322	439	5653.16442401	4937.056	4937.056	0.001904	0.0	115	0	0	0	320	0	0	0	0	0.009256	0.0	0.0	0.0	0.110043	0.0	0.0	0.0	0.0	0.034537	0.0	0.0	0.0	5631.96	0.0	0.0	0.0	0.0	0.0003	0.0	0.0	0.0	17.5999	0.0	0.0	0.0	0.0	10	0	0	0	82	0	0	0	0	1	0	0	0	0	0	0	0	0	10	0	0	0	236	0	0	0	0	15	0	0	0	2	0	0	0	0	6	0	0	0	0	0	0	0	0	73	0	0	0	0	0	0	0	0	0.009256	0.0	0.0	0.0	0.110043	0.0	0.0	0.0	0.0	0.077588	0.0	0.0	0.0	0.922412	0.0	0.0	0.0	0.0	
323	440	5656.138431546	4937.056	4937.056	0.001888	0.0	115	0	0	0	321	0	0	0	0	0.009256	0.0	0.0	0.0	0.104078	0.0	0.0	0.0	0.0	0.034537	0.0	0.0	0.0	5634.94	0.0	0.0	0.0	0.0	0.0003	0.0	0.0	0.0	17.5543	0.0	0.0	0.0	0.0	10	0	0	0	82	0	0	0	0	1	0	0	0	0	0	0	0	0	10	0	0	0	237	0	0	0	0	15	0	0	0	2	0	0	0	0	6	0	0	0	0	0	0	0	0	73	0	0	0	0	0	0	0	0	0.009256	0.0	0.0	0.0	0.104078	0.0	0.0	0.0	0.0	0.081672	0.0	0.0	0.0	0.918328	0.0	0.0	0.0	0.0	
324	441	5661.554834428	4937.056	4937.056	0.001878	0.0	115	0	0	0	322	0	0	0	0	0.009256	0.0	0.0	0.0	0.098411	0.0	0.0	0.0	0.0	0.034537	0.0	0.0	0.0	5640.35	0.0	0.0	0.0	0.0	0.0003	0.0	0.0	0.0	17.5166	0.0	0.0	0.0	0.0	10	0	0	0	82	0	0	0	0	1	0	0	0	0	0	0	0	0	10	0	0	0	238	0	0	0	0	15	0	0	0	2	0	0	0	0	6	0	0	0	0	0	0	0	0	73	0	0	0	0	0	0	0	0	0.009256	0.0	0.0	0.0	0.098411	0.0	0.0	0.0	0.0	0.08597	0.0	0.0	0.0	0.91403	0.0	0.0	0.0	0.0	
325	442	5663.904129941	4937.056	4937.056	0.001858	0.0	115	0	0	0	323	0	0	0	0	0.009256	0.0	0.0	0.0	0.093028	0.0	0.0	0.0	0.0	0.034537	0.0	0.0	0.0	5642.7	0.0	0.0	0.0	0.0	0.0003	0.0	0.0	0.0	17.4697	0.0	0.0	0.0	0.0	10	0	0	0	82	0	0	0	0	1	0	0	0	0	0	0	0	0	10	0	0	0	239	0	0	0	0	15	0	0	0	2	0	0	0	0	6	0	0	0	0	0	0	0	0	73	0	0	0	0	0	0	0	0	0.009256	0.0	0.0	0.0	0.093028	0.0	0.0	0.0	0.0	0.090495	0.0	0.0	0.0	0.909505	0.0	0.0	0.0	0.0	
326	443	5666.84773557	4937.056	4937.056	0.00185	0.0	115	0	0	0	324	0	0	0	0	0.009256	0.0	0.0	0.0	0.087914	0.0	0.0	0.0	0.0	0.034537	0.0	0.0	0.0	5645.65	0.0	0.0	0.0	0.0	0.0003	0.0	0.0	0.0	17.4248	0.0	0.0	0.0	0.0	10	0	0	0	82	0	0	0	0	1	0	0	0	0	0	0	0	0	10	0	0	0	240	0	0	0	0	15	0	0	0	2	0	0	0	0	6	0	0	0	0	0	0	0	0	73	0	0	0	0	0	0	0	0	0.009256	0.0	0.0	0.0	0.087914	0.0	0.0	0.0	0.0	0.095258	0.0	0.0	0.0	0.904742	0.0	0.0	0.0	0.0	
327	444	5676.776000017	4937.056	4937.056	0.001839	0.0	115	0	0	0	325	0	0	0	0	0.009256	0.0	0.0	0.0	0.083055	0.0	0.0	0.0	0.0	0.034537	0.0	0.0	0.0	5655.57	0.0	0.0	0.0	0.0	0.0003	0.0	0.0	0.0	17.4018	0.0	0.0	0.0	0.0	10	0	0	0	82	0	0	0	0	1	0	0	0	0	0	0	0	0	10	0	0	0	241	0	0	0	0	15	0	0	0	2	0	0	0	0	6	0	0	0	0	0	0	0	0	73	0	0	0	0	0	0	0	0	0.009256	0.0	0.0	0.0	0.083055	0.0	0.0	0.0	0.0	0.100272	0.0	0.0	0.0	0.899728	0.0	0.0	0.0	0.0	
328	446	5680.982838501	4937.056	4937.056	0.001804	0.0	116	0	0	0	326	0	0	0	0	0.008331	0.0	0.0	0.0	0.078486	0.0	0.0	0.0	0.0	0.03479	0.0	0.0	0.0	5659.78	0.0	0.0	0.0	0.0	0.0003	0.0	0.0	0.0	17.3613	0.0	0.0	0.0	0.0	10	0	0	0	82	0	0	0	0	1	0	0	0	0	0	0	0	0	10	0	0	0	242	0	0	0	0	15	0	0	0	2	0	0	0	0	6	0	0	0	0	0	0	0	0	74	0	0	0	0	0	0	0	0	0.008331	0.0	0.0	0.0	0.078486	0.0	0.0	0.0	0.0	0.095956	0.0	0.0	0.0	0.904044	0.0	0.0	0.0	0.0	
329	447	5690.293319288	4937.056	4937.056	0.00179	0.0	116	0	0	0	327	0	0	0	0	0.008331	0.0	0.0	0.0	0.074145	0.0	0.0	0.0	0.0	0.03479	0.0	0.0	0.0	5669.09	0.0	0.0	0.0	0.0	0.0003	0.0	0.0	0.0	17.3367	0.0	0.0	0.0	0.0	10	0	0	0	82	0	0	0	0	1	0	0	0	0	0	0	0	0	10	0	0	0	243	0	0	0	0	15	0	0	0	2	0	0	0	0	6	0	0	0	0	0	0	0	0	74	0	0	0	0	0	0	0	0	0.008331	0.0	0.0	0.0	0.074145	0.0	0.0	0.0	0.0	0.101007	0.0	0.0	0.0	0.898993	0.0	0.0	0.0	0.0	
330	448	5699.480093342	4937.056	4937.056	0.001758	0.0	116	0	0	0	328	0	0	0	0	0.008331	0.0	0.0	0.0	0.070021	0.0	0.0	0.0	0.0	0.03479	0.0	0.0	0.0	5678.28	0.0	0.0	0.0	0.0	0.0003	0.0	0.0	0.0	17.3118	0.0	0.0	0.0	0.0	10	0	0	0	82	0	0	0	0	1	0	0	0	0	0	0	0	0	10	0	0	0	244	0	0	0	0	15	0	0	0	2	0	0	0	0	6	0	0	0	0	0	0	0	0	74	0	0	0	0	0	0	0	0	0.008331	0.0	0.0	0.0	0.070021	0.0	0.0	0.0	0.0	0.106323	0.0	0.0	0.0	0.893677	0.0	0.0	0.0	0.0	
331	449	5702.87568128	4937.056	4937.056	0.001727	0.0	116	0	0	0	329	0	0	0	0	0.008331	0.0	0.0	0.0	0.066104	0.0	0.0	0.0	0.0	0.03479	0.0	0.0	0.0	5681.67	0.0	0.0	0.0	0.0	0.0003	0.0	0.0	0.0	17.2695	0.0	0.0	0.0	0.0	10	0	0	0	82	0	0	0	0	1	0	0	0	0	0	0	0	0	10	0	0	0	245	0	0	0	0	15	0	0	0	2	0	0	0	0	6	0	0	0	0	0	0	0	0	74	0	0	0	0	0	0	0	0	0.008331	0.0	0.0	0.0	0.066104	0.0	0.0	0.0	0.0	0.111919	0.0	0.0	0.0	0.888081	0.0	0.0	0.0	0.0	
332	450	5724.245143775	4936.083	4936.083	0.001716	0.0	116	0	0	0	330	0	0	0	0	0.008331	0.0	0.0	0.0	0.118683	0.0	0.0	0.0	0.0	0.03479	0.0	0.0	0.0	5703.04	0.0	0.0	0.0	0.0	0.0003	0.0	0.0	0.0	17.2819	0.0	0.0	0.0	0.0	10	0	0	0	83	0	0	0	0	1	0	0	0	0	0	0	0	0	10	0	0	0	245	0	0	0	0	15	0	0	0	2	0	0	0	0	6	0	0	0	0	0	0	0	0	74	0	0	0	0	0	0	0	0	0.008331	0.0	0.0	0.0	0.118683	0.0	0.0	0.0	0.0	0.065588	0.0	0.0	0.0	0.934412	0.0	0.0	0.0	0.0	
333	451	5732.539001456	4936.083	4936.083	0.001647	0.0	116	0	0	0	331	0	0	0	0	0.008331	0.0	0.0	0.0	0.112332	0.0	0.0	0.0	0.0	0.03479	0.0	0.0	0.0	5711.34	0.0	0.0	0.0	0.0	0.0003	0.0	0.0	0.0	17.2548	0.0	0.0	0.0	0.0	10	0	0	0	83	0	0	0	0	1	0	0	0	0	0	0	0	0	10	0	0	0	246	0	0	0	0	15	0	0	0	2	0	0	0	0	6	0	0	0	0	0	0	0	0	74	0	0	0	0	0	0	0	0	0.008331	0.0	0.0	0.0	0.112332	0.0	0.0	0.0	0.0	0.06904	0.0	0.0	0.0	0.93096	0.0	0.0	0.0	0.0	
334	452	5740.566961082	4936.083	4936.083	0.001621	0.0	116	0	0	0	332	0	0	0	0	0.008331	0.0	0.0	0.0	0.106299	0.0	0.0	0.0	0.0	0.03479	0.0	0.0	0.0	5719.36	0.0	0.0	0.0	0.0	0.0003	0.0	0.0	0.0	17.227	0.0	0.0	0.0	0.0	10	0	0	0	83	0	0	0	0	1	0	0	0	0	0	0	0	0	10	0	0	0	247	0	0	0	0	15	0	0	0	2	0	0	0	0	6	0	0	0	0	0	0	0	0	74	0	0	0	0	0	0	0	0	0.008331	0.0	0.0	0.0	0.106299	0.0	0.0	0.0	0.0	0.072674	0.0	0.0	0.0	0.927326	0.0	0.0	0.0	0.0	
335	453	5746.481958557	4936.083	4936.083	0.001596	0.0	116	0	0	0	333	0	0	0	0	0.008331	0.0	0.0	0.0	0.100568	0.0	0.0	0.0	0.0	0.03479	0.0	0.0	0.0	5725.28	0.0	0.0	0.0	0.0	0.0003	0.0	0.0	0.0	17.193	0.0	0.0	0.0	0.0	10	0	0	0	83	0	0	0	0	1	0	0	0	0	0	0	0	0	10	0	0	0	248	0	0	0	0	15	0	0	0	2	0	0	0	0	6	0	0	0	0	0	0	0	0	74	0	0	0	0	0	0	0	0	0.008331	0.0	0.0	0.0	0.100568	0.0	0.0	0.0	0.0	0.076499	0.0	0.0	0.0	0.923501	0.0	0.0	0.0	0.0	
336	454	5751.993001134	4936.083	4936.083	0.001578	0.0	116	0	0	0	334	0	0	0	0	0.008331	0.0	0.0	0.0	0.095123	0.0	0.0	0.0	0.0	0.03479	0.0	0.0	0.0	5730.79	0.0	0.0	0.0	0.0	0.0003	0.0	0.0	0.0	17.1581	0.0	0.0	0.0	0.0	10	0	0	0	83	0	0	0	0	1	0	0	0	0	0	0	0	0	10	0	0	0	249	0	0	0	0	15	0	0	0	2	0	0	0	0	6	0	0	0	0	0	0	0	0	74	0	0	0	0	0	0	0	0	0.008331	0.0	0.0	0.0	0.095123	0.0	0.0	0.0	0.0	0.080525	0.0	0.0	0.0	0.919475	0.0	0.0	0.0	0.0	
337	455	5767.694291933	4936.083	4936.083	0.001561	0.0	116	0	0	0	335	0	0	0	0	0.008331	0.0	0.0	0.0	0.08995	0.0	0.0	0.0	0.0	0.03479	0.0	0.0	0.0	5746.49	0.0	0.0	0.0	0.0	0.0003	0.0	0.0	0.0	17.1537	0.0	0.0	0.0	0.0	10	0	0	0	83	0	0	0	0	1	0	0	0	0	0	0	0	0	10	0	0	0	250	0	0	0	0	15	0	0	0	2	0	0	0	0	6	0	0	0	0	0	0	0	0	74	0	0	0	0	0	0	0	0	0.008331	0.0	0.0	0.0	0.08995	0.0	0.0	0.0	0.0	0.084763	0.0	0.0	0.0	0.915237	0.0	0.0	0.0	0.0	
338	456	5777.662984495	4936.083	4936.083	0.001515	0.0	116	0	0	0	336	0	0	0	0	0.008331	0.0	0.0	0.0	0.085036	0.0	0.0	0.0	0.0	0.03479	0.0	0.0	0.0	5756.46	0.0	0.0	0.0	0.0	0.0003	0.0	0.0	0.0	17.1323	0.0	0.0	0.0	0.0	10	0	0	0	83	0	0	0	0	1	0	0	0	0	0	0	0	0	10	0	0	0	251	0	0	0	0	15	0	0	0	2	0	0	0	0	6	0	0	0	0	0	0	0	0	74	0	0	0	0	0	0	0	0	0.008331	0.0	0.0	0.0	0.085036	0.0	0.0	0.0	0.0	0.089224	0.0	0.0	0.0	0.910776	0.0	0.0	0.0	0.0	
339	457	5780.484855232	4935.083	4935.083	0.001486	0.0	116	0	0	0	337	0	0	0	0	0.008331	0.0	0.0	0.0	0.135266	0.0	0.0	0.0	0.0	0.03479	0.0	0.0	0.0	5759.28	0.0	0.0	0.0	0.0	0.0003	0.0	0.0	0.0	17.0899	0.0	0.0	0.0	0.0	10	0	0	0	84	0	0	0	0	1	0	0	0	0	0	0	0	0	10	0	0	0	251	0	0	0	0	15	0	0	0	2	0	0	0	0	6	0	0	0	0	0	0	0	0	74	0	0	0	0	0	0	0	0	0.008331	0.0	0.0	0.0	0.135266	0.0	0.0	0.0	0.0	0.058014	0.0	0.0	0.0	0.941986	0.0	0.0	0.0	0.0	
340	458	5783.673728669	4935.083	4935.083	0.001478	0.0	116	0	0	0	338	0	0	0	0	0.008331	0.0	0.0	0.0	0.128086	0.0	0.0	0.0	0.0	0.03479	0.0	0.0	0.0	5762.47	0.0	0.0	0.0	0.0	0.0003	0.0	0.0	0.0	17.0487	0.0	0.0	0.0	0.0	10	0	0	0	84	0	0	0	0	1	0	0	0	0	0	0	0	0	10	0	0	0	252	0	0	0	0	15	0	0	0	2	0	0	0	0	6	0	0	0	0	0	0	0	0	74	0	0	0	0	0	0	0	0	0.008331	0.0	0.0	0.0	0.128086	0.0	0.0	0.0	0.0	0.061067	0.0	0.0	0.0	0.938933	0.0	0.0	0.0	0.0	
341	459	5800.449713876	4934.583	4934.583	0.001469	0.0	116	0	0	0	339	0	0	0	0	0.008331	0.0	0.0	0.0	0.174517	0.0	0.0	0.0	0.0	0.03479	0.0	0.0	0.0	5779.25	0.0	0.0	0.0	0.0	0.0003	0.0	0.0	0.0	17.0479	0.0	0.0	0.0	0.0	10	0	0	0	85	0	0	0	0	1	0	0	0	0	0	0	0	0	10	0	0	0	252	0	0	0	0	15	0	0	0	2	0	0	0	0	6	0	0	0	0	0	0	0	0	74	0	0	0	0	0	0	0	0	0.008331	0.0	0.0	0.0	0.174517	0.0	0.0	0.0	0.0	0.04556	0.0	0.0	0.0	0.95444	0.0	0.0	0.0	0.0	
342	460	5806.210737087	4934.583	4934.583	0.001422	0.0	116	0	0	0	340	0	0	0	0	0.008331	0.0	0.0	0.0	0.165375	0.0	0.0	0.0	0.0	0.03479	0.0	0.0	0.0	5785.01	0.0	0.0	0.0	0.0	0.0003	0.0	0.0	0.0	17.0147	0.0	0.0	0.0	0.0	10	0	0	0	85	0	0	0	0	1	0	0	0	0	0	0	0	0	10	0	0	0	253	0	0	0	0	15	0	0	0	2	0	0	0	0	6	0	0	0	0	0	0	0	0	74	0	0	0	0	0	0	0	0	0.008331	0.0	0.0	0.0	0.165375	0.0	0.0	0.0	0.0	0.047958	0.0	0.0	0.0	0.952042	0.0	0.0	0.0	0.0	
343	461	5880.821217619	4933.583	4933.583	0.001407	0.0	116	0	0	0	341	0	0	0	0	0.008331	0.0	0.0	0.0	0.209208	0.0	0.0	0.0	0.0	0.03479	0.0	0.0	0.0	5859.62	0.0	0.0	0.0	0.0	0.0003	0.0	0.0	0.0	17.1836	0.0	0.0	0.0	0.0	10	0	0	0	86	0	0	0	0	1	0	0	0	0	0	0	0	0	10	0	0	0	253	0	0	0	0	15	0	0	0	2	0	0	0	0	6	0	0	0	0	0	0	0	0	74	0	0	0	0	0	0	0	0	0.008331	0.0	0.0	0.0	0.209208	0.0	0.0	0.0	0.0	0.038295	0.0	0.0	0.0	0.961705	0.0	0.0	0.0	0.0	
344	462	5886.639714645	4933.583	4933.583	0.001219	0.0	116	0	0	0	342	0	0	0	0	0.008331	0.0	0.0	0.0	0.198331	0.0	0.0	0.0	0.0	0.03479	0.0	0.0	0.0	5865.44	0.0	0.0	0.0	0.0	0.0003	0.0	0.0	0.0	17.1504	0.0	0.0	0.0	0.0	10	0	0	0	86	0	0	0	0	1	0	0	0	0	0	0	0	0	10	0	0	0	254	0	0	0	0	15	0	0	0	2	0	0	0	0	6	0	0	0	0	0	0	0	0	74	0	0	0	0	0	0	0	0	0.008331	0.0	0.0	0.0	0.198331	0.0	0.0	0.0	0.0	0.04031	0.0	0.0	0.0	0.95969	0.0	0.0	0.0	0.0	
345	463	5909.209340215	4931.917	4931.917	0.001205	0.0	116	0	0	0	343	0	0	0	0	0.008331	0.0	0.0	0.0	0.240098	0.0	0.0	0.0	0.0	0.03479	0.0	0.0	0.0	5888.01	0.0	0.0	0.0	0.0	0.0003	0.0	0.0	0.0	17.1662	0.0	0.0	0.0	0.0	10	0	0	0	87	0	0	0	0	1	0	0	0	0	0	0	0	0	10	0	0	0	254	0	0	0	0	15	0	0	0	2	0	0	0	0	6	0	0	0	0	0	0	0	0	74	0	0	0	0	0	0	0	0	0.008331	0.0	0.0	0.0	0.240098	0.0	0.0	0.0	0.0	0.033533	0.0	0.0	0.0	0.966467	0.0	0.0	0.0	0.0	
346	464	5912.629700559	4931.917	4931.917	0.001154	0.0	116	0	0	0	344	0	0	0	0	0.008331	0.0	0.0	0.0	0.227677	0.0	0.0	0.0	0.0	0.03479	0.0	0.0	0.0	5891.43	0.0	0.0	0.0	0.0	0.0003	0.0	0.0	0.0	17.1262	0.0	0.0	0.0	0.0	10	0	0	0	87	0	0	0	0	1	0	0	0	0	0	0	0	0	10	0	0	0	255	0	0	0	0	15	0	0	0	2	0	0	0	0	6	0	0	0	0	0	0	0	0	74	0	0	0	0	0	0	0	0	0.008331	0.0	0.0	0.0	0.227677	0.0	0.0	0.0	0.0	0.035298	0.0	0.0	0.0	0.964702	0.0	0.0	0.0	0.0	
347	465	5920.377926813	4931.917	4931.917	0.001146	0.0	116	0	0	0	345	0	0	0	0	0.008331	0.0	0.0	0.0	0.215877	0.0	0.0	0.0	0.0	0.03479	0.0	0.0	0.0	5899.18	0.0	0.0	0.0	0.0	0.0003	0.0	0.0	0.0	17.0991	0.0	0.0	0.0	0.0	10	0	0	0	87	0	0	0	0	1	0	0	0	0	0	0	0	0	10	0	0	0	256	0	0	0	0	15	0	0	0	2	0	0	0	0	6	0	0	0	0	0	0	0	0	74	0	0	0	0	0	0	0	0	0.008331	0.0	0.0	0.0	0.215877	0.0	0.0	0.0	0.0	0.037156	0.0	0.0	0.0	0.962844	0.0	0.0	0.0	0.0	
348	466	5923.290676699	4931.917	4931.917	0.001129	0.0	116	0	0	0	346	0	0	0	0	0.008331	0.0	0.0	0.0	0.204666	0.0	0.0	0.0	0.0	0.03479	0.0	0.0	0.0	5902.09	0.0	0.0	0.0	0.0	0.0003	0.0	0.0	0.0	17.0581	0.0	0.0	0.0	0.0	10	0	0	0	87	0	0	0	0	1	0	0	0	0	0	0	0	0	10	0	0	0	257	0	0	0	0	15	0	0	0	2	0	0	0	0	6	0	0	0	0	0	0	0	0	74	0	0	0	0	0	0	0	0	0.008331	0.0	0.0	0.0	0.204666	0.0	0.0	0.0	0.0	0.039111	0.0	0.0	0.0	0.960889	0.0	0.0	0.0	0.0	
349	467	6022.965580763	4931.917	4931.917	0.001123	0.0	116	0	0	0	347	0	0	0	0	0.008331	0.0	0.0	0.0	0.194016	0.0	0.0	0.0	0.0	0.03479	0.0	0.0	0.0	6001.76	0.0	0.0	0.0	0.0	0.0003	0.0	0.0	0.0	17.2961	0.0	0.0	0.0	0.0	10	0	0	0	87	0	0	0	0	1	0	0	0	0	0	0	0	0	10	0	0	0	258	0	0	0	0	15	0	0	0	2	0	0	0	0	6	0	0	0	0	0	0	0	0	74	0	0	0	0	0	0	0	0	0.008331	0.0	0.0	0.0	0.194016	0.0	0.0	0.0	0.0	0.04117	0.0	0.0	0.0	0.95883	0.0	0.0	0.0	0.0	
350	468	6025.500059365	4931.917	4931.917	0.000927	0.0	116	0	0	0	348	0	0	0	0	0.008331	0.0	0.0	0.0	0.183899	0.0	0.0	0.0	0.0	0.03479	0.0	0.0	0.0	6004.3	0.0	0.0	0.0	0.0	0.0003	0.0	0.0	0.0	17.2537	0.0	0.0	0.0	0.0	10	0	0	0	87	0	0	0	0	1	0	0	0	0	0	0	0	0	10	0	0	0	259	0	0	0	0	15	0	0	0	2	0	0	0	0	6	0	0	0	0	0	0	0	0	74	0	0	0	0	0	0	0	0	0.008331	0.0	0.0	0.0	0.183899	0.0	0.0	0.0	0.0	0.043337	0.0	0.0	0.0	0.956663	0.0	0.0	0.0	0.0	
351	469	6031.587057622	4930.917	4930.917	0.000922	0.0	116	0	0	0	349	0	0	0	0	0.008331	0.0	0.0	0.0	0.226553	0.0	0.0	0.0	0.0	0.03479	0.0	0.0	0.0	6010.38	0.0	0.0	0.0	0.0	0.0003	0.0	0.0	0.0	17.2217	0.0	0.0	0.0	0.0	10	0	0	0	88	0	0	0	0	1	0	0	0	0	0	0	0	0	10	0	0	0	259	0	0	0	0	15	0	0	0	2	0	0	0	0	6	0	0	0	0	0	0	0	0	74	0	0	0	0	0	0	0	0	0.008331	0.0	0.0	0.0	0.226553	0.0	0.0	0.0	0.0	0.035467	0.0	0.0	0.0	0.964533	0.0	0.0	0.0	0.0	
352	470	6046.96216992	4930.917	4930.917	0.000912	0.0	116	0	0	0	350	0	0	0	0	0.008331	0.0	0.0	0.0	0.214808	0.0	0.0	0.0	0.0	0.03479	0.0	0.0	0.0	6025.76	0.0	0.0	0.0	0.0	0.0003	0.0	0.0	0.0	17.2165	0.0	0.0	0.0	0.0	10	0	0	0	88	0	0	0	0	1	0	0	0	0	0	0	0	0	10	0	0	0	260	0	0	0	0	15	0	0	0	2	0	0	0	0	6	0	0	0	0	0	0	0	0	74	0	0	0	0	0	0	0	0	0.008331	0.0	0.0	0.0	0.214808	0.0	0.0	0.0	0.0	0.037334	0.0	0.0	0.0	0.962666	0.0	0.0	0.0	0.0	
353	471	6054.015753259	4930.917	4930.917	0.000885	0.0	116	0	0	0	351	0	0	0	0	0.008331	0.0	0.0	0.0	0.203651	0.0	0.0	0.0	0.0	0.03479	0.0	0.0	0.0	6032.81	0.0	0.0	0.0	0.0	0.0003	0.0	0.0	0.0	17.1875	0.0	0.0	0.0	0.0	10	0	0	0	88	0	0	0	0	1	0	0	0	0	0	0	0	0	10	0	0	0	261	0	0	0	0	15	0	0	0	2	0	0	0	0	6	0	0	0	0	0	0	0	0	74	0	0	0	0	0	0	0	0	0.008331	0.0	0.0	0.0	0.203651	0.0	0.0	0.0	0.0	0.039298	0.0	0.0	0.0	0.960701	0.0	0.0	0.0	0.0	
354	472	6063.544915964	4930.917	4930.917	0.000873	0.0	116	0	0	0	352	0	0	0	0	0.008331	0.0	0.0	0.0	0.193052	0.0	0.0	0.0	0.0	0.03479	0.0	0.0	0.0	6042.34	0.0	0.0	0.0	0.0	0.0003	0.0	0.0	0.0	17.1657	0.0	0.0	0.0	0.0	10	0	0	0	88	0	0	0	0	1	0	0	0	0	0	0	0	0	10	0	0	0	262	0	0	0	0	15	0	0	0	2	0	0	0	0	6	0	0	0	0	0	0	0	0	74	0	0	0	0	0	0	0	0	0.008331	0.0	0.0	0.0	0.193052	0.0	0.0	0.0	0.0	0.041367	0.0	0.0	0.0	0.958633	0.0	0.0	0.0	0.0	
355	473	6066.12194919	4930.917	4930.917	0.000857	0.0	116	0	0	0	353	0	0	0	0	0.008331	0.0	0.0	0.0	0.182983	0.0	0.0	0.0	0.0	0.03479	0.0	0.0	0.0	6044.92	0.0	0.0	0.0	0.0	0.0003	0.0	0.0	0.0	17.1244	0.0	0.0	0.0	0.0	10	0	0	0	88	0	0	0	0	1	0	0	0	0	0	0	0	0	10	0	0	0	263	0	0	0	0	15	0	0	0	2	0	0	0	0	6	0	0	0	0	0	0	0	0	74	0	0	0	0	0	0	0	0	0.008331	0.0	0.0	0.0	0.182983	0.0	0.0	0.0	0.0	0.043544	0.0	0.0	0.0	0.956456	0.0	0.0	0.0	0.0	
356	474	6068.692736328	4930.917	4930.917	0.000853	0.0	116	0	0	0	354	0	0	0	0	0.008331	0.0	0.0	0.0	0.173418	0.0	0.0	0.0	0.0	0.03479	0.0	0.0	0.0	6047.49	0.0	0.0	0.0	0.0	0.0003	0.0	0.0	0.0	17.0833	0.0	0.0	0.0	0.0	10	0	0	0	88	0	0	0	0	1	0	0	0	0	0	0	0	0	10	0	0	0	264	0	0	0	0	15	0	0	0	2	0	0	0	0	6	0	0	0	0	0	0	0	0	74	0	0	0	0	0	0	0	0	0.008331	0.0	0.0	0.0	0.173418	0.0	0.0	0.0	0.0	0.045836	0.0	0.0	0.0	0.954164	0.0	0.0	0.0	0.0	
357	475	6072.756519625	4930.917	4930.917	0.000849	0.0	116	0	0	0	355	0	0	0	0	0.008331	0.0	0.0	0.0	0.16433	0.0	0.0	0.0	0.0	0.03479	0.0	0.0	0.0	6051.55	0.0	0.0	0.0	0.0	0.0003	0.0	0.0	0.0	17.0466	0.0	0.0	0.0	0.0	10	0	0	0	88	0	0	0	0	1	0	0	0	0	0	0	0	0	10	0	0	0	265	0	0	0	0	15	0	0	0	2	0	0	0	0	6	0	0	0	0	0	0	0	0	74	0	0	0	0	0	0	0	0	0.008331	0.0	0.0	0.0	0.16433	0.0	0.0	0.0	0.0	0.048248	0.0	0.0	0.0	0.951752	0.0	0.0	0.0	0.0	
358	476	6083.130136661	4930.417	4930.417	0.000842	0.0	116	0	0	0	356	0	0	0	0	0.008331	0.0	0.0	0.0	0.208232	0.0	0.0	0.0	0.0	0.03479	0.0	0.0	0.0	6061.93	0.0	0.0	0.0	0.0	0.0003	0.0	0.0	0.0	17.0279	0.0	0.0	0.0	0.0	10	0	0	0	89	0	0	0	0	1	0	0	0	0	0	0	0	0	10	0	0	0	265	0	0	0	0	15	0	0	0	2	0	0	0	0	6	0	0	0	0	0	0	0	0	74	0	0	0	0	0	0	0	0	0.008331	0.0	0.0	0.0	0.208232	0.0	0.0	0.0	0.0	0.038467	0.0	0.0	0.0	0.961533	0.0	0.0	0.0	0.0	
359	477	6091.637111011	4926.417	4926.417	0.000826	0.0	116	0	0	0	357	0	0	0	0	0.008331	0.0	0.0	0.0	0.249404	0.0	0.0	0.0	0.0	0.03479	0.0	0.0	0.0	6070.43	0.0	0.0	0.0	0.0	0.0003	0.0	0.0	0.0	17.004	0.0	0.0	0.0	0.0	10	0	0	0	90	0	0	0	0	1	0	0	0	0	0	0	0	0	10	0	0	0	265	0	0	0	0	15	0	0	0	2	0	0	0	0	6	0	0	0	0	0	0	0	0	74	0	0	0	0	0	0	0	0	0.008331	0.0	0.0	0.0	0.249404	0.0	0.0	0.0	0.0	0.032322	0.0	0.0	0.0	0.967678	0.0	0.0	0.0	0.0	
360	478	6163.895211859	4926.417	4926.417	0.000812	0.0	116	0	0	0	358	0	0	0	0	0.008331	0.0	0.0	0.0	0.236517	0.0	0.0	0.0	0.0	0.03479	0.0	0.0	0.0	6142.69	0.0	0.0	0.0	0.0	0.0003	0.0	0.0	0.0	17.1584	0.0	0.0	0.0	0.0	10	0	0	0	90	0	0	0	0	1	0	0	0	0	0	0	0	0	10	0	0	0	266	0	0	0	0	15	0	0	0	2	0	0	0	0	6	0	0	0	0	0	0	0	0	74	0	0	0	0	0	0	0	0	0.008331	0.0	0.0	0.0	0.236517	0.0	0.0	0.0	0.0	0.034024	0.0	0.0	0.0	0.965976	0.0	0.0	0.0	0.0	
361	479	6178.809020443	4926.417	4926.417	0.000707	0.0	116	0	0	0	359	0	0	0	0	0.008331	0.0	0.0	0.0	0.224275	0.0	0.0	0.0	0.0	0.03479	0.0	0.0	0.0	6157.61	0.0	0.0	0.0	0.0	0.0003	0.0	0.0	0.0	17.1521	0.0	0.0	0.0	0.0	10	0	0	0	90	0	0	0	0	1	0	0	0	0	0	0	0	0	10	0	0	0	267	0	0	0	0	15	0	0	0	2	0	0	0	0	6	0	0	0	0	0	0	0	0	74	0	0	0	0	0	0	0	0	0.008331	0.0	0.0	0.0	0.224275	0.0	0.0	0.0	0.0	0.035814	0.0	0.0	0.0	0.964186	0.0	0.0	0.0	0.0	
362	480	6195.364937575	4926.417	4926.417	0.000687	0.0	116	0	0	0	360	0	0	0	0	0.008331	0.0	0.0	0.0	0.212645	0.0	0.0	0.0	0.0	0.03479	0.0	0.0	0.0	6174.16	0.0	0.0	0.0	0.0	0.0003	0.0	0.0	0.0	17.1505	0.0	0.0	0.0	0.0	10	0	0	0	90	0	0	0	0	1	0	0	0	0	0	0	0	0	10	0	0	0	268	0	0	0	0	15	0	0	0	2	0	0	0	0	6	0	0	0	0	0	0	0	0	74	0	0	0	0	0	0	0	0	0.008331	0.0	0.0	0.0	0.212645	0.0	0.0	0.0	0.0	0.037699	0.0	0.0	0.0	0.962301	0.0	0.0	0.0	0.0	
363	481	6204.058301398	4926.417	4926.417	0.000665	0.0	116	0	0	0	361	0	0	0	0	0.008331	0.0	0.0	0.0	0.201596	0.0	0.0	0.0	0.0	0.03479	0.0	0.0	0.0	6182.86	0.0	0.0	0.0	0.0	0.0003	0.0	0.0	0.0	17.127	0.0	0.0	0.0	0.0	10	0	0	0	90	0	0	0	0	1	0	0	0	0	0	0	0	0	10	0	0	0	269	0	0	0	0	15	0	0	0	2	0	0	0	0	6	0	0	0	0	0	0	0	0	74	0	0	0	0	0	0	0	0	0.008331	0.0	0.0	0.0	0.201596	0.0	0.0	0.0	0.0	0.039683	0.0	0.0	0.0	0.960317	0.0	0.0	0.0	0.0	
364	482	6206.535601363	4926.417	4926.417	0.000654	0.0	116	0	0	0	362	0	0	0	0	0.008331	0.0	0.0	0.0	0.1911	0.0	0.0	0.0	0.0	0.03479	0.0	0.0	0.0	6185.33	0.0	0.0	0.0	0.0	0.0003	0.0	0.0	0.0	17.0866	0.0	0.0	0.0	0.0	10	0	0	0	90	0	0	0	0	1	0	0	0	0	0	0	0	0	10	0	0	0	270	0	0	0	0	15	0	0	0	2	0	0	0	0	6	0	0	0	0	0	0	0	0	74	0	0	0	0	0	0	0	0	0.008331	0.0	0.0	0.0	0.1911	0.0	0.0	0.0	0.0	0.041772	0.0	0.0	0.0	0.958228	0.0	0.0	0.0	0.0	
365	483	6213.929104165	4926.417	4926.417	0.000651	0.0	116	0	0	0	363	0	0	0	0	0.008331	0.0	0.0	0.0	0.181128	0.0	0.0	0.0	0.0	0.03479	0.0	0.0	0.0	6192.73	0.0	0.0	0.0	0.0	0.0003	0.0	0.0	0.0	17.0599	0.0	0.0	0.0	0.0	10	0	0	0	90	0	0	0	0	1	0	0	0	0	0	0	0	0	10	0	0	0	271	0	0	0	0	15	0	0	0	2	0	0	0	0	6	0	0	0	0	0	0	0	0	74	0	0	0	0	0	0	0	0	0.008331	0.0	0.0	0.0	0.181128	0.0	0.0	0.0	0.0	0.04397	0.0	0.0	0.0	0.95603	0.0	0.0	0.0	0.0	
366	484	6222.434957334	4926.417	4926.417	0.000642	0.0	116	0	0	0	364	0	0	0	0	0.008331	0.0	0.0	0.0	0.171655	0.0	0.0	0.0	0.0	0.03479	0.0	0.0	0.0	6201.23	0.0	0.0	0.0	0.0	0.0003	0.0	0.0	0.0	17.0364	0.0	0.0	0.0	0.0	10	0	0	0	90	0	0	0	0	1	0	0	0	0	0	0	0	0	10	0	0	0	272	0	0	0	0	15	0	0	0	2	0	0	0	0	6	0	0	0	0	0	0	0	0	74	0	0	0	0	0	0	0	0	0.008331	0.0	0.0	0.0	0.171655	0.0	0.0	0.0	0.0	0.046285	0.0	0.0	0.0	0.953715	0.0	0.0	0.0	0.0	
367	485	6226.248784153	4926.417	4926.417	0.000632	0.0	116	0	0	0	365	0	0	0	0	0.008331	0.0	0.0	0.0	0.162656	0.0	0.0	0.0	0.0	0.03479	0.0	0.0	0.0	6205.05	0.0	0.0	0.0	0.0	0.0003	0.0	0.0	0.0	17.0001	0.0	0.0	0.0	0.0	10	0	0	0	90	0	0	0	0	1	0	0	0	0	0	0	0	0	10	0	0	0	273	0	0	0	0	15	0	0	0	2	0	0	0	0	6	0	0	0	0	0	0	0	0	74	0	0	0	0	0	0	0	0	0.008331	0.0	0.0	0.0	0.162656	0.0	0.0	0.0	0.0	0.048721	0.0	0.0	0.0	0.951279	0.0	0.0	0.0	0.0	
368	488	6323.841645649	4926.417	4926.417	0.000627	0.0	118	0	0	0	366	0	0	0	0	0.006748	0.0	0.0	0.0	0.154186	0.0	0.0	0.0	0.0	0.035414	0.0	0.0	0.0	6302.64	0.0	0.0	0.0	0.0	0.0003	0.0	0.0	0.0	17.2203	0.0	0.0	0.0	0.0	10	0	0	0	90	0	0	0	0	1	0	0	0	0	0	0	0	0	10	0	0	0	274	0	0	0	0	16	0	0	0	2	0	0	0	0	6	0	0	0	0	0	0	0	0	75	0	0	0	0	0	0	0	0	0.006748	0.0	0.0	0.0	0.154186	0.0	0.0	0.0	0.0	0.041929	0.0	0.0	0.0	0.958071	0.0	0.0	0.0	0.0	
369	489	6338.163072409	4926.417	4926.417	0.00052	0.0	118	0	0	0	367	0	0	0	0	0.006748	0.0	0.0	0.0	0.146139	0.0	0.0	0.0	0.0	0.035414	0.0	0.0	0.0	6316.96	0.0	0.0	0.0	0.0	0.0003	0.0	0.0	0.0	17.2124	0.0	0.0	0.0	0.0	10	0	0	0	90	0	0	0	0	1	0	0	0	0	0	0	0	0	10	0	0	0	275	0	0	0	0	16	0	0	0	2	0	0	0	0	6	0	0	0	0	0	0	0	0	75	0	0	0	0	0	0	0	0	0.006748	0.0	0.0	0.0	0.146139	0.0	0.0	0.0	0.0	0.044136	0.0	0.0	0.0	0.955864	0.0	0.0	0.0	0.0	
370	490	6341.229138956	4926.417	4926.417	0.000505	0.0	118	0	0	0	368	0	0	0	0	0.006748	0.0	0.0	0.0	0.138495	0.0	0.0	0.0	0.0	0.035414	0.0	0.0	0.0	6320.03	0.0	0.0	0.0	0.0	0.0003	0.0	0.0	0.0	17.174	0.0	0.0	0.0	0.0	10	0	0	0	90	0	0	0	0	1	0	0	0	0	0	0	0	0	10	0	0	0	276	0	0	0	0	16	0	0	0	2	0	0	0	0	6	0	0	0	0	0	0	0	0	75	0	0	0	0	0	0	0	0	0.006748	0.0	0.0	0.0	0.138495	0.0	0.0	0.0	0.0	0.046459	0.0	0.0	0.0	0.953541	0.0	0.0	0.0	0.0	
371	491	6347.865368118	4926.417	4926.417	0.000502	0.0	118	0	0	0	369	0	0	0	0	0.006748	0.0	0.0	0.0	0.131232	0.0	0.0	0.0	0.0	0.035414	0.0	0.0	0.0	6326.66	0.0	0.0	0.0	0.0	0.0003	0.0	0.0	0.0	17.1454	0.0	0.0	0.0	0.0	10	0	0	0	90	0	0	0	0	1	0	0	0	0	0	0	0	0	10	0	0	0	277	0	0	0	0	16	0	0	0	2	0	0	0	0	6	0	0	0	0	0	0	0	0	75	0	0	0	0	0	0	0	0	0.006748	0.0	0.0	0.0	0.131232	0.0	0.0	0.0	0.0	0.048904	0.0	0.0	0.0	0.951096	0.0	0.0	0.0	0.0	
372	492	6353.663517205	4926.417	4926.417	0.000496	0.0	118	0	0	0	370	0	0	0	0	0.006748	0.0	0.0	0.0	0.124333	0.0	0.0	0.0	0.0	0.035414	0.0	0.0	0.0	6332.46	0.0	0.0	0.0	0.0	0.0003	0.0	0.0	0.0	17.1148	0.0	0.0	0.0	0.0	10	0	0	0	90	0	0	0	0	1	0	0	0	0	0	0	0	0	10	0	0	0	278	0	0	0	0	16	0	0	0	2	0	0	0	0	6	0	0	0	0	0	0	0	0	75	0	0	0	0	0	0	0	0	0.006748	0.0	0.0	0.0	0.124333	0.0	0.0	0.0	0.0	0.051478	0.0	0.0	0.0	0.948522	0.0	0.0	0.0	0.0	
373	493	6365.153942497	4926.417	4926.417	0.000491	0.0	118	0	0	0	371	0	0	0	0	0.006748	0.0	0.0	0.0	0.117779	0.0	0.0	0.0	0.0	0.035414	0.0	0.0	0.0	6343.95	0.0	0.0	0.0	0.0	0.0003	0.0	0.0	0.0	17.0996	0.0	0.0	0.0	0.0	10	0	0	0	90	0	0	0	0	1	0	0	0	0	0	0	0	0	10	0	0	0	279	0	0	0	0	16	0	0	0	2	0	0	0	0	6	0	0	0	0	0	0	0	0	75	0	0	0	0	0	0	0	0	0.006748	0.0	0.0	0.0	0.117779	0.0	0.0	0.0	0.0	0.054187	0.0	0.0	0.0	0.945813	0.0	0.0	0.0	0.0	
374	494	6372.219491022	4926.417	4926.417	0.00048	0.0	118	0	0	0	372	0	0	0	0	0.006748	0.0	0.0	0.0	0.111553	0.0	0.0	0.0	0.0	0.035414	0.0	0.0	0.0	6351.02	0.0	0.0	0.0	0.0	0.0003	0.0	0.0	0.0	17.0726	0.0	0.0	0.0	0.0	10	0	0	0	90	0	0	0	0	1	0	0	0	0	0	0	0	0	10	0	0	0	280	0	0	0	0	16	0	0	0	2	0	0	0	0	6	0	0	0	0	0	0	0	0	75	0	0	0	0	0	0	0	0	0.006748	0.0	0.0	0.0	0.111553	0.0	0.0	0.0	0.0	0.057039	0.0	0.0	0.0	0.942961	0.0	0.0	0.0	0.0	
375	495	6382.44207309	4926.417	4926.417	0.000473	0.0	118	0	0	0	373	0	0	0	0	0.006748	0.0	0.0	0.0	0.105638	0.0	0.0	0.0	0.0	0.035414	0.0	0.0	0.0	6361.24	0.0	0.0	0.0	0.0	0.0003	0.0	0.0	0.0	17.0543	0.0	0.0	0.0	0.0	10	0	0	0	90	0	0	0	0	1	0	0	0	0	0	0	0	0	10	0	0	0	281	0	0	0	0	16	0	0	0	2	0	0	0	0	6	0	0	0	0	0	0	0	0	75	0	0	0	0	0	0	0	0	0.006748	0.0	0.0	0.0	0.105638	0.0	0.0	0.0	0.0	0.060041	0.0	0.0	0.0	0.939959	0.0	0.0	0.0	0.0	
376	496	6389.104984765	4926.417	4926.417	0.000464	0.0	118	0	0	0	374	0	0	0	0	0.006748	0.0	0.0	0.0	0.100019	0.0	0.0	0.0	0.0	0.035414	0.0	0.0	0.0	6367.9	0.0	0.0	0.0	0.0	0.0003	0.0	0.0	0.0	17.0265	0.0	0.0	0.0	0.0	10	0	0	0	90	0	0	0	0	1	0	0	0	0	0	0	0	0	10	0	0	0	282	0	0	0	0	16	0	0	0	2	0	0	0	0	6	0	0	0	0	0	0	0	0	75	0	0	0	0	0	0	0	0	0.006748	0.0	0.0	0.0	0.100019	0.0	0.0	0.0	0.0	0.063201	0.0	0.0	0.0	0.936799	0.0	0.0	0.0	0.0	
377	497	6391.684953662	4926.417	4926.417	0.000458	0.0	118	0	0	0	375	0	0	0	0	0.006748	0.0	0.0	0.0	0.09468	0.0	0.0	0.0	0.0	0.035414	0.0	0.0	0.0	6370.48	0.0	0.0	0.0	0.0	0.0003	0.0	0.0	0.0	16.9879	0.0	0.0	0.0	0.0	10	0	0	0	90	0	0	0	0	1	0	0	0	0	0	0	0	0	10	0	0	0	283	0	0	0	0	16	0	0	0	2	0	0	0	0	6	0	0	0	0	0	0	0	0	75	0	0	0	0	0	0	0	0	0.006748	0.0	0.0	0.0	0.09468	0.0	0.0	0.0	0.0	0.066528	0.0	0.0	0.0	0.933472	0.0	0.0	0.0	0.0	
378	498	6399.500391839	4926.417	4926.417	0.000456	0.0	118	0	0	0	376	0	0	0	0	0.006748	0.0	0.0	0.0	0.089609	0.0	0.0	0.0	0.0	0.035414	0.0	0.0	0.0	6378.3	0.0	0.0	0.0	0.0	0.0003	0.0	0.0	0.0	16.9636	0.0	0.0	0.0	0.0	10	0	0	0	90	0	0	0	0	1	0	0	0	0	0	0	0	0	10	0	0	0	284	0	0	0	0	16	0	0	0	2	0	0	0	0	6	0	0	0	0	0	0	0	0	75	0	0	0	0	0	0	0	0	0.006748	0.0	0.0	0.0	0.089609	0.0	0.0	0.0	0.0	0.070029	0.0	0.0	0.0	0.929971	0.0	0.0	0.0	0.0	
379	499	6406.658603117	4926.417	4926.417	0.000449	0.0	118	0	0	0	377	0	0	0	0	0.006748	0.0	0.0	0.0	0.084791	0.0	0.0	0.0	0.0	0.035414	0.0	0.0	0.0	6385.45	0.0	0.0	0.0	0.0	0.0003	0.0	0.0	0.0	16.9375	0.0	0.0	0.0	0.0	10	0	0	0	90	0	0	0	0	1	0	0	0	0	0	0	0	0	10	0	0	0	285	0	0	0	0	16	0	0	0	2	0	0	0	0	6	0	0	0	0	0	0	0	0	75	0	0	0	0	0	0	0	0	0.006748	0.0	0.0	0.0	0.084791	0.0	0.0	0.0	0.0	0.073715	0.0	0.0	0.0	0.926285	0.0	0.0	0.0	0.0	
380	500	6411.026597705	4926.417	4926.417	0.000443	0.0	118	0	0	0	378	0	0	0	0	0.006748	0.0	0.0	0.0	0.080214	0.0	0.0	0.0	0.0	0.035414	0.0	0.0	0.0	6389.82	0.0	0.0	0.0	0.0	0.0003	0.0	0.0	0.0	16.9043	0.0	0.0	0.0	0.0	10	0	0	0	90	0	0	0	0	1	0	0	0	0	0	0	0	0	10	0	0	0	286	0	0	0	0	16	0	0	0	2	0	0	0	0	6	0	0	0	0	0	0	0	0	75	0	0	0	0	0	0	0	0	0.006748	0.0	0.0	0.0	0.080214	0.0	0.0	0.0	0.0	0.077594	0.0	0.0	0.0	0.922405	0.0	0.0	0.0	0.0	
381	501	6414.103517998	4926.417	4926.417	0.000439	0.0	118	0	0	0	379	0	0	0	0	0.006748	0.0	0.0	0.0	0.075866	0.0	0.0	0.0	0.0	0.035414	0.0	0.0	0.0	6392.9	0.0	0.0	0.0	0.0	0.0003	0.0	0.0	0.0	16.8678	0.0	0.0	0.0	0.0	10	0	0	0	90	0	0	0	0	1	0	0	0	0	0	0	0	0	10	0	0	0	287	0	0	0	0	16	0	0	0	2	0	0	0	0	6	0	0	0	0	0	0	0	0	75	0	0	0	0	0	0	0	0	0.006748	0.0	0.0	0.0	0.075866	0.0	0.0	0.0	0.0	0.081678	0.0	0.0	0.0	0.918322	0.0	0.0	0.0	0.0	
382	502	6420.739435097	4926.417	4926.417	0.000437	0.0	118	0	0	0	380	0	0	0	0	0.006748	0.0	0.0	0.0	0.071735	0.0	0.0	0.0	0.0	0.035414	0.0	0.0	0.0	6399.54	0.0	0.0	0.0	0.0	0.0003	0.0	0.0	0.0	16.8409	0.0	0.0	0.0	0.0	10	0	0	0	90	0	0	0	0	1	0	0	0	0	0	0	0	0	10	0	0	0	288	0	0	0	0	16	0	0	0	2	0	0	0	0	6	0	0	0	0	0	0	0	0	75	0	0	0	0	0	0	0	0	0.006748	0.0	0.0	0.0	0.071735	0.0	0.0	0.0	0.0	0.085977	0.0	0.0	0.0	0.914023	0.0	0.0	0.0	0.0	
383	503	6435.406553549	4926.417	4926.417	0.000431	0.0	118	0	0	0	381	0	0	0	0	0.006748	0.0	0.0	0.0	0.067811	0.0	0.0	0.0	0.0	0.035414	0.0	0.0	0.0	6414.2	0.0	0.0	0.0	0.0	0.0003	0.0	0.0	0.0	16.8352	0.0	0.0	0.0	0.0	10	0	0	0	90	0	0	0	0	1	0	0	0	0	0	0	0	0	10	0	0	0	289	0	0	0	0	16	0	0	0	2	0	0	0	0	6	0	0	0	0	0	0	0	0	75	0	0	0	0	0	0	0	0	0.006748	0.0	0.0	0.0	0.067811	0.0	0.0	0.0	0.0	0.090502	0.0	0.0	0.0	0.909498	0.0	0.0	0.0	0.0	
384	504	6438.844488612	4926.417	4926.417	0.000419	0.0	118	0	0	0	382	0	0	0	0	0.006748	0.0	0.0	0.0	0.064083	0.0	0.0	0.0	0.0	0.035414	0.0	0.0	0.0	6417.64	0.0	0.0	0.0	0.0	0.0003	0.0	0.0	0.0	16.8001	0.0	0.0	0.0	0.0	10	0	0	0	90	0	0	0	0	1	0	0	0	0	0	0	0	0	10	0	0	0	290	0	0	0	0	16	0	0	0	2	0	0	0	0	6	0	0	0	0	0	0	0	0	75	0	0	0	0	0	0	0	0	0.006748	0.0	0.0	0.0	0.064083	0.0	0.0	0.0	0.0	0.095266	0.0	0.0	0.0	0.904734	0.0	0.0	0.0	0.0	
385	505	6448.375153313	4926.417	4926.417	0.000416	0.0	118	0	0	0	383	0	0	0	0	0.006748	0.0	0.0	0.0	0.060542	0.0	0.0	0.0	0.0	0.035414	0.0	0.0	0.0	6427.17	0.0	0.0	0.0	0.0	0.0003	0.0	0.0	0.0	16.7811	0.0	0.0	0.0	0.0	10	0	0	0	90	0	0	0	0	1	0	0	0	0	0	0	0	0	10	0	0	0	291	0	0	0	0	16	0	0	0	2	0	0	0	0	6	0	0	0	0	0	0	0	0	75	0	0	0	0	0	0	0	0	0.006748	0.0	0.0	0.0	0.060542	0.0	0.0	0.0	0.0	0.10028	0.0	0.0	0.0	0.89972	0.0	0.0	0.0	0.0	
386	506	6456.508351722	4926.417	4926.417	0.000409	0.0	118	0	0	0	384	0	0	0	0	0.006748	0.0	0.0	0.0	0.057177	0.0	0.0	0.0	0.0	0.035414	0.0	0.0	0.0	6435.3	0.0	0.0	0.0	0.0	0.0003	0.0	0.0	0.0	16.7586	0.0	0.0	0.0	0.0	10	0	0	0	90	0	0	0	0	1	0	0	0	0	0	0	0	0	10	0	0	0	292	0	0	0	0	16	0	0	0	2	0	0	0	0	6	0	0	0	0	0	0	0	0	75	0	0	0	0	0	0	0	0	0.006748	0.0	0.0	0.0	0.057177	0.0	0.0	0.0	0.0	0.105558	0.0	0.0	0.0	0.894442	0.0	0.0	0.0	0.0	
387	507	6465.72596258	4926.417	4926.417	0.000403	0.0	118	0	0	0	385	0	0	0	0	0.006748	0.0	0.0	0.0	0.053981	0.0	0.0	0.0	0.0	0.035414	0.0	0.0	0.0	6444.52	0.0	0.0	0.0	0.0	0.0003	0.0	0.0	0.0	16.739	0.0	0.0	0.0	0.0	10	0	0	0	90	0	0	0	0	1	0	0	0	0	0	0	0	0	10	0	0	0	293	0	0	0	0	16	0	0	0	2	0	0	0	0	6	0	0	0	0	0	0	0	0	75	0	0	0	0	0	0	0	0	0.006748	0.0	0.0	0.0	0.053981	0.0	0.0	0.0	0.0	0.111113	0.0	0.0	0.0	0.888887	0.0	0.0	0.0	0.0	
388	508	6471.575061715	4926.417	4926.417	0.000395	0.0	118	0	0	0	386	0	0	0	0	0.006748	0.0	0.0	0.0	0.050945	0.0	0.0	0.0	0.0	0.035414	0.0	0.0	0.0	6450.37	0.0	0.0	0.0	0.0	0.0003	0.0	0.0	0.0	16.7108	0.0	0.0	0.0	0.0	10	0	0	0	90	0	0	0	0	1	0	0	0	0	0	0	0	0	10	0	0	0	294	0	0	0	0	16	0	0	0	2	0	0	0	0	6	0	0	0	0	0	0	0	0	75	0	0	0	0	0	0	0	0	0.006748	0.0	0.0	0.0	0.050945	0.0	0.0	0.0	0.0	0.116961	0.0	0.0	0.0	0.883039	0.0	0.0	0.0	0.0	
389	509	6477.964376134	4926.417	4926.417	0.000391	0.0	118	0	0	0	387	0	0	0	0	0.006748	0.0	0.0	0.0	0.04806	0.0	0.0	0.0	0.0	0.035414	0.0	0.0	0.0	6456.76	0.0	0.0	0.0	0.0	0.0003	0.0	0.0	0.0	16.6841	0.0	0.0	0.0	0.0	10	0	0	0	90	0	0	0	0	1	0	0	0	0	0	0	0	0	10	0	0	0	295	0	0	0	0	16	0	0	0	2	0	0	0	0	6	0	0	0	0	0	0	0	0	75	0	0	0	0	0	0	0	0	0.006748	0.0	0.0	0.0	0.04806	0.0	0.0	0.0	0.0	0.123117	0.0	0.0	0.0	0.876883	0.0	0.0	0.0	0.0	
390	511	6482.657317312	4926.417	4926.417	0.000386	0.0	119	0	0	0	388	0	0	0	0	0.006073	0.0	0.0	0.0	0.045353	0.0	0.0	0.0	0.0	0.035934	0.0	0.0	0.0	6461.45	0.0	0.0	0.0	0.0	0.000302	0.0	0.0	0.0	16.6532	0.0	0.0	0.0	0.0	10	0	0	0	90	0	0	0	0	1	0	0	0	0	0	0	0	0	11	0	0	0	296	0	0	0	0	16	0	0	0	2	0	0	0	0	6	0	0	0	0	0	0	0	0	75	0	0	0	0	0	0	0	0	0.006073	0.0	0.0	0.0	0.045353	0.0	0.0	0.0	0.0	0.118091	0.0	0.0	0.0	0.881909	0.0	0.0	0.0	0.0	
391	512	6489.544433452	4926.417	4926.417	0.000383	0.0	119	0	0	0	389	0	0	0	0	0.006073	0.0	0.0	0.0	0.042782	0.0	0.0	0.0	0.0	0.035934	0.0	0.0	0.0	6468.34	0.0	0.0	0.0	0.0	0.000302	0.0	0.0	0.0	16.6281	0.0	0.0	0.0	0.0	10	0	0	0	90	0	0	0	0	1	0	0	0	0	0	0	0	0	11	0	0	0	297	0	0	0	0	16	0	0	0	2	0	0	0	0	6	0	0	0	0	0	0	0	0	75	0	0	0	0	0	0	0	0	0.006073	0.0	0.0	0.0	0.042782	0.0	0.0	0.0	0.0	0.124307	0.0	0.0	0.0	0.875693	0.0	0.0	0.0	0.0	
392	514	6503.632509204	4926.417	4926.417	0.000378	0.0	120	0	0	0	390	0	0	0	0	0.005466	0.0	0.0	0.0	0.04037	0.0	0.0	0.0	0.0	0.036119	0.0	0.0	0.0	6482.43	0.0	0.0	0.0	0.0	0.000301	0.0	0.0	0.0	16.6216	0.0	0.0	0.0	0.0	10	0	0	0	90	0	0	0	0	1	0	0	0	0	0	0	0	0	11	0	0	0	298	0	0	0	0	16	0	0	0	2	0	0	0	0	6	0	0	0	0	0	0	0	0	76	0	0	0	0	0	0	0	0	0.005466	0.0	0.0	0.0	0.04037	0.0	0.0	0.0	0.0	0.119246	0.0	0.0	0.0	0.880754	0.0	0.0	0.0	0.0	
393	515	6517.27383112	4926.417	4926.417	0.000368	0.0	120	0	0	0	391	0	0	0	0	0.005466	0.0	0.0	0.0	0.038078	0.0	0.0	0.0	0.0	0.036119	0.0	0.0	0.0	6496.07	0.0	0.0	0.0	0.0	0.000301	0.0	0.0	0.0	16.614	0.0	0.0	0.0	0.0	10	0	0	0	90	0	0	0	0	1	0	0	0	0	0	0	0	0	11	0	0	0	299	0	0	0	0	16	0	0	0	2	0	0	0	0	6	0	0	0	0	0	0	0	0	76	0	0	0	0	0	0	0	0	0.005466	0.0	0.0	0.0	0.038078	0.0	0.0	0.0	0.0	0.125523	0.0	0.0	0.0	0.874477	0.0	0.0	0.0	0.0	
394	516	6526.808229565	4926.417	4926.417	0.000358	0.0	120	0	0	0	392	0	0	0	0	0.005466	0.0	0.0	0.0	0.035901	0.0	0.0	0.0	0.0	0.036119	0.0	0.0	0.0	6505.6	0.0	0.0	0.0	0.0	0.000301	0.0	0.0	0.0	16.5959	0.0	0.0	0.0	0.0	10	0	0	0	90	0	0	0	0	1	0	0	0	0	0	0	0	0	11	0	0	0	300	0	0	0	0	16	0	0	0	2	0	0	0	0	6	0	0	0	0	0	0	0	0	76	0	0	0	0	0	0	0	0	0.005466	0.0	0.0	0.0	0.035901	0.0	0.0	0.0	0.0	0.132129	0.0	0.0	0.0	0.867871	0.0	0.0	0.0	0.0	
395	517	6551.059377972	4926.417	4926.417	0.000352	0.0	120	0	0	0	393	0	0	0	0	0.005466	0.0	0.0	0.0	0.033832	0.0	0.0	0.0	0.0	0.036119	0.0	0.0	0.0	6529.85	0.0	0.0	0.0	0.0	0.000301	0.0	0.0	0.0	16.6154	0.0	0.0	0.0	0.0	10	0	0	0	90	0	0	0	0	1	0	0	0	0	0	0	0	0	11	0	0	0	301	0	0	0	0	16	0	0	0	2	0	0	0	0	6	0	0	0	0	0	0	0	0	76	0	0	0	0	0	0	0	0	0.005466	0.0	0.0	0.0	0.033832	0.0	0.0	0.0	0.0	0.139083	0.0	0.0	0.0	0.860917	0.0	0.0	0.0	0.0	
396	518	6556.492809004	4926.417	4926.417	0.000336	0.0	120	0	0	0	394	0	0	0	0	0.005466	0.0	0.0	0.0	0.031868	0.0	0.0	0.0	0.0	0.036119	0.0	0.0	0.0	6535.29	0.0	0.0	0.0	0.0	0.000301	0.0	0.0	0.0	16.587	0.0	0.0	0.0	0.0	10	0	0	0	90	0	0	0	0	1	0	0	0	0	0	0	0	0	11	0	0	0	302	0	0	0	0	16	0	0	0	2	0	0	0	0	6	0	0	0	0	0	0	0	0	76	0	0	0	0	0	0	0	0	0.005466	0.0	0.0	0.0	0.031868	0.0	0.0	0.0	0.0	0.146403	0.0	0.0	0.0	0.853597	0.0	0.0	0.0	0.0	
397	519	6559.481690211	4926.417	4926.417	0.000332	0.0	120	0	0	0	395	0	0	0	0	0.005466	0.0	0.0	0.0	0.030001	0.0	0.0	0.0	0.0	0.036119	0.0	0.0	0.0	6538.28	0.0	0.0	0.0	0.0	0.000301	0.0	0.0	0.0	16.5526	0.0	0.0	0.0	0.0	10	0	0	0	90	0	0	0	0	1	0	0	0	0	0	0	0	0	11	0	0	0	303	0	0	0	0	16	0	0	0	2	0	0	0	0	6	0	0	0	0	0	0	0	0	76	0	0	0	0	0	0	0	0	0.005466	0.0	0.0	0.0	0.030001	0.0	0.0	0.0	0.0	0.154109	0.0	0.0	0.0	0.845891	0.0	0.0	0.0	0.0	
398	520	6618.842712	4926.417	4926.417	0.00033	0.0	120	0	0	0	396	0	0	0	0	0.005466	0.0	0.0	0.0	0.028228	0.0	0.0	0.0	0.0	0.036119	0.0	0.0	0.0	6597.64	0.0	0.0	0.0	0.0	0.000301	0.0	0.0	0.0	16.6607	0.0	0.0	0.0	0.0	10	0	0	0	90	0	0	0	0	1	0	0	0	0	0	0	0	0	11	0	0	0	304	0	0	0	0	16	0	0	0	2	0	0	0	0	6	0	0	0	0	0	0	0	0	76	0	0	0	0	0	0	0	0	0.005466	0.0	0.0	0.0	0.028228	0.0	0.0	0.0	0.0	0.16222	0.0	0.0	0.0	0.83778	0.0	0.0	0.0	0.0	
399	521	6629.139145951	4926.417	4926.417	0.000295	0.0	120	0	0	0	397	0	0	0	0	0.005466	0.0	0.0	0.0	0.026543	0.0	0.0	0.0	0.0	0.036119	0.0	0.0	0.0	6607.93	0.0	0.0	0.0	0.0	0.000301	0.0	0.0	0.0	16.6447	0.0	0.0	0.0	0.0	10	0	0	0	90	0	0	0	0	1	0	0	0	0	0	0	0	0	11	0	0	0	305	0	0	0	0	16	0	0	0	2	0	0	0	0	6	0	0	0	0	0	0	0	0	76	0	0	0	0	0	0	0	0	0.005466	0.0	0.0	0.0	0.026543	0.0	0.0	0.0	0.0	0.170758	0.0	0.0	0.0	0.829242	0.0	0.0	0.0	0.0	
400	522	6636.434847781	4926.417	4926.417	0.000289	0.0	120	0	0	0	398	0	0	0	0	0.005466	0.0	0.0	0.0	0.024942	0.0	0.0	0.0	0.0	0.036119	0.0	0.0	0.0	6615.23	0.0	0.0	0.0	0.0	0.000301	0.0	0.0	0.0	16.6212	0.0	0.0	0.0	0.0	10	0	0	0	90	0	0	0	0	1	0	0	0	0	0	0	0	0	11	0	0	0	306	0	0	0	0	16	0	0	0	2	0	0	0	0	6	0	0	0	0	0	0	0	0	76	0	0	0	0	0	0	0	0	0.005466	0.0	0.0	0.0	0.024942	0.0	0.0	0.0	0.0	0.179745	0.0	0.0	0.0	0.820255	0.0	0.0	0.0	0.0	
401	523	6642.055577383	4926.417	4926.417	0.000285	0.0	120	0	0	0	399	0	0	0	0	0.005466	0.0	0.0	0.0	0.023422	0.0	0.0	0.0	0.0	0.036119	0.0	0.0	0.0	6620.85	0.0	0.0	0.0	0.0	0.000301	0.0	0.0	0.0	16.5936	0.0	0.0	0.0	0.0	10	0	0	0	90	0	0	0	0	1	0	0	0	0	0	0	0	0	11	0	0	0	307	0	0	0	0	16	0	0	0	2	0	0	0	0	6	0	0	0	0	0	0	0	0	76	0	0	0	0	0	0	0	0	0.005466	0.0	0.0	0.0	0.023422	0.0	0.0	0.0	0.0	0.189205	0.0	0.0	0.0	0.810795	0.0	0.0	0.0	0.0	
402	524	6658.89034414	4926.417	4926.417	0.000282	0.0	120	0	0	0	400	0	0	0	0	0.005466	0.0	0.0	0.0	0.021978	0.0	0.0	0.0	0.0	0.036119	0.0	0.0	0.0	6637.69	0.0	0.0	0.0	0.0	0.000301	0.0	0.0	0.0	16.5942	0.0	0.0	0.0	0.0	10	0	0	0	90	0	0	0	0	1	0	0	0	0	0	0	0	0	11	0	0	0	308	0	0	0	0	16	0	0	0	2	0	0	0	0	6	0	0	0	0	0	0	0	0	76	0	0	0	0	0	0	0	0	0.005466	0.0	0.0	0.0	0.021978	0.0	0.0	0.0	0.0	0.199163	0.0	0.0	0.0	0.800837	0.0	0.0	0.0	0.0	
403	525	6676.351573292	4926.417	4926.417	0.000273	0.0	120	0	0	0	401	0	0	0	0	0.005466	0.0	0.0	0.0	0.020605	0.0	0.0	0.0	0.0	0.036119	0.0	0.0	0.0	6655.15	0.0	0.0	0.0	0.0	0.000301	0.0	0.0	0.0	16.5964	0.0	0.0	0.0	0.0	10	0	0	0	90	0	0	0	0	1	0	0	0	0	0	0	0	0	11	0	0	0	309	0	0	0	0	16	0	0	0	2	0	0	0	0	6	0	0	0	0	0	0	0	0	76	0	0	0	0	0	0	0	0	0.005466	0.0	0.0	0.0	0.020605	0.0	0.0	0.0	0.0	0.209645	0.0	0.0	0.0	0.790355	0.0	0.0	0.0	0.0	
404	526	6681.387288097	4926.417	4926.417	0.000264	0.0	120	0	0	0	402	0	0	0	0	0.005466	0.0	0.0	0.0	0.019302	0.0	0.0	0.0	0.0	0.036119	0.0	0.0	0.0	6660.18	0.0	0.0	0.0	0.0	0.000301	0.0	0.0	0.0	16.5676	0.0	0.0	0.0	0.0	10	0	0	0	90	0	0	0	0	1	0	0	0	0	0	0	0	0	11	0	0	0	310	0	0	0	0	16	0	0	0	2	0	0	0	0	6	0	0	0	0	0	0	0	0	76	0	0	0	0	0	0	0	0	0.005466	0.0	0.0	0.0	0.019302	0.0	0.0	0.0	0.0	0.220679	0.0	0.0	0.0	0.779321	0.0	0.0	0.0	0.0	
405	527	6703.518990827	4926.417	4926.417	0.000261	0.0	120	0	0	0	403	0	0	0	0	0.005466	0.0	0.0	0.0	0.018064	0.0	0.0	0.0	0.0	0.036119	0.0	0.0	0.0	6682.31	0.0	0.0	0.0	0.0	0.000301	0.0	0.0	0.0	16.5814	0.0	0.0	0.0	0.0	10	0	0	0	90	0	0	0	0	1	0	0	0	0	0	0	0	0	11	0	0	0	311	0	0	0	0	16	0	0	0	2	0	0	0	0	6	0	0	0	0	0	0	0	0	76	0	0	0	0	0	0	0	0	0.005466	0.0	0.0	0.0	0.018064	0.0	0.0	0.0	0.0	0.232294	0.0	0.0	0.0	0.767706	0.0	0.0	0.0	0.0	
406	528	6710.855488804	4926.417	4926.417	0.00025	0.0	120	0	0	0	404	0	0	0	0	0.005466	0.0	0.0	0.0	0.016887	0.0	0.0	0.0	0.0	0.036119	0.0	0.0	0.0	6689.65	0.0	0.0	0.0	0.0	0.000301	0.0	0.0	0.0	16.5585	0.0	0.0	0.0	0.0	10	0	0	0	90	0	0	0	0	1	0	0	0	0	0	0	0	0	11	0	0	0	312	0	0	0	0	16	0	0	0	2	0	0	0	0	6	0	0	0	0	0	0	0	0	76	0	0	0	0	0	0	0	0	0.005466	0.0	0.0	0.0	0.016887	0.0	0.0	0.0	0.0	0.24452	0.0	0.0	0.0	0.75548	0.0	0.0	0.0	0.0	
407	529	6793.771912093	4926.417	4926.417	0.000247	0.0	120	0	0	0	405	0	0	0	0	0.005466	0.0	0.0	0.0	0.015769	0.0	0.0	0.0	0.0	0.036119	0.0	0.0	0.0	6772.57	0.0	0.0	0.0	0.0	0.000301	0.0	0.0	0.0	16.7224	0.0	0.0	0.0	0.0	10	0	0	0	90	0	0	0	0	1	0	0	0	0	0	0	0	0	11	0	0	0	313	0	0	0	0	16	0	0	0	2	0	0	0	0	6	0	0	0	0	0	0	0	0	76	0	0	0	0	0	0	0	0	0.005466	0.0	0.0	0.0	0.015769	0.0	0.0	0.0	0.0	0.25739	0.0	0.0	0.0	0.74261	0.0	0.0	0.0	0.0	
408	531	6814.10161495	4926.417	4926.417	0.00021	0.0	121	0	0	0	406	0	0	0	0	0.004919	0.0	0.0	0.0	0.014735	0.0	0.0	0.0	0.0	0.036362	0.0	0.0	0.0	6792.9	0.0	0.0	0.0	0.0	0.000301	0.0	0.0	0.0	16.7313	0.0	0.0	0.0	0.0	10	0	0	0	90	0	0	0	0	1	0	0	0	0	0	0	0	0	11	0	0	0	314	0	0	0	0	16	0	0	0	2	0	0	0	0	6	0	0	0	0	0	0	0	0	77	0	0	0	0	0	0	0	0	0.004919	0.0	0.0	0.0	0.014735	0.0	0.0	0.0	0.0	0.250285	0.0	0.0	0.0	0.749715	0.0	0.0	0.0	0.0	
409	536	6816.892271186	4926.417	4926.417	0.000202	0.0	125	0	0	0	407	0	0	0	0	0.003227	0.0	0.0	0.0	0.013837	0.0	0.0	0.0	0.0	0.037548	0.0	0.0	0.0	6795.69	0.0	0.0	0.0	0.0	0.0003	0.0	0.0	0.0	16.697	0.0	0.0	0.0	0.0	10	0	0	0	90	0	0	0	0	1	0	0	0	0	0	0	0	0	13	0	0	0	315	0	0	0	0	17	0	0	0	2	0	0	0	0	6	0	0	0	0	0	0	0	0	78	0	0	0	0	0	0	0	0	0.003227	0.0	0.0	0.0	0.013837	0.0	0.0	0.0	0.0	0.189134	0.0	0.0	0.0	0.810866	0.0	0.0	0.0	0.0	
410	537	6824.696480241	4926.417	4926.417	0.000201	0.0	125	0	0	0	408	0	0	0	0	0.003227	0.0	0.0	0.0	0.012984	0.0	0.0	0.0	0.0	0.037548	0.0	0.0	0.0	6803.49	0.0	0.0	0.0	0.0	0.0003	0.0	0.0	0.0	16.6752	0.0	0.0	0.0	0.0	10	0	0	0	90	0	0	0	0	1	0	0	0	0	0	0	0	0	13	0	0	0	316	0	0	0	0	17	0	0	0	2	0	0	0	0	6	0	0	0	0	0	0	0	0	78	0	0	0	0	0	0	0	0	0.003227	0.0	0.0	0.0	0.012984	0.0	0.0	0.0	0.0	0.199088	0.0	0.0	0.0	0.800912	0.0	0.0	0.0	0.0	
411	538	6828.739561764	4926.417	4926.417	0.000198	0.0	125	0	0	0	409	0	0	0	0	0.003227	0.0	0.0	0.0	0.012173	0.0	0.0	0.0	0.0	0.037548	0.0	0.0	0.0	6807.53	0.0	0.0	0.0	0.0	0.0003	0.0	0.0	0.0	16.6443	0.0	0.0	0.0	0.0	10	0	0	0	90	0	0	0	0	1	0	0	0	0	0	0	0	0	13	0	0	0	317	0	0	0	0	17	0	0	0	2	0	0	0	0	6	0	0	0	0	0	0	0	0	78	0	0	0	0	0	0	0	0	0.003227	0.0	0.0	0.0	0.012173	0.0	0.0	0.0	0.0	0.209567	0.0	0.0	0.0	0.790433	0.0	0.0	0.0	0.0	
412	539	6902.874464987	4926.417	4926.417	0.000197	0.0	125	0	0	0	410	0	0	0	0	0.003227	0.0	0.0	0.0	0.011403	0.0	0.0	0.0	0.0	0.037548	0.0	0.0	0.0	6881.67	0.0	0.0	0.0	0.0	0.0003	0.0	0.0	0.0	16.7846	0.0	0.0	0.0	0.0	10	0	0	0	90	0	0	0	0	1	0	0	0	0	0	0	0	0	13	0	0	0	318	0	0	0	0	17	0	0	0	2	0	0	0	0	6	0	0	0	0	0	0	0	0	78	0	0	0	0	0	0	0	0	0.003227	0.0	0.0	0.0	0.011403	0.0	0.0	0.0	0.0	0.220597	0.0	0.0	0.0	0.779403	0.0	0.0	0.0	0.0	
413	540	6906.002882419	4926.417	4926.417	0.000171	0.0	125	0	0	0	411	0	0	0	0	0.003227	0.0	0.0	0.0	0.010672	0.0	0.0	0.0	0.0	0.037548	0.0	0.0	0.0	6884.8	0.0	0.0	0.0	0.0	0.0003	0.0	0.0	0.0	16.7513	0.0	0.0	0.0	0.0	10	0	0	0	90	0	0	0	0	1	0	0	0	0	0	0	0	0	13	0	0	0	319	0	0	0	0	17	0	0	0	2	0	0	0	0	6	0	0	0	0	0	0	0	0	78	0	0	0	0	0	0	0	0	0.003227	0.0	0.0	0.0	0.010672	0.0	0.0	0.0	0.0	0.232207	0.0	0.0	0.0	0.767793	0.0	0.0	0.0	0.0	
414	542	6908.616195681	4926.417	4926.417	0.00017	0.0	126	0	0	0	412	0	0	0	0	0.002905	0.0	0.0	0.0	0.009993	0.0	0.0	0.0	0.0	0.037764	0.0	0.0	0.0	6887.41	0.0	0.0	0.0	0.0	0.0003	0.0	0.0	0.0	16.717	0.0	0.0	0.0	0.0	10	0	0	0	90	0	0	0	0	1	0	0	0	0	0	0	0	0	13	0	0	0	320	0	0	0	0	17	0	0	0	2	0	0	0	0	6	0	0	0	0	0	0	0	0	79	0	0	0	0	0	0	0	0	0.002905	0.0	0.0	0.0	0.009993	0.0	0.0	0.0	0.0	0.225215	0.0	0.0	0.0	0.774785	0.0	0.0	0.0	0.0	
415	543	6915.044547537	4926.417	4926.417	0.000169	0.0	126	0	0	0	413	0	0	0	0	0.002905	0.0	0.0	0.0	0.009348	0.0	0.0	0.0	0.0	0.037764	0.0	0.0	0.0	6893.84	0.0	0.0	0.0	0.0	0.0003	0.0	0.0	0.0	16.6921	0.0	0.0	0.0	0.0	10	0	0	0	90	0	0	0	0	1	0	0	0	0	0	0	0	0	13	0	0	0	321	0	0	0	0	17	0	0	0	2	0	0	0	0	6	0	0	0	0	0	0	0	0	79	0	0	0	0	0	0	0	0	0.002905	0.0	0.0	0.0	0.009348	0.0	0.0	0.0	0.0	0.237069	0.0	0.0	0.0	0.762931	0.0	0.0	0.0	0.0	
416	544	6919.928384184	4926.417	4926.417	0.000167	0.0	126	0	0	0	414	0	0	0	0	0.002905	0.0	0.0	0.0	0.008735	0.0	0.0	0.0	0.0	0.037764	0.0	0.0	0.0	6898.72	0.0	0.0	0.0	0.0	0.0003	0.0	0.0	0.0	16.6636	0.0	0.0	0.0	0.0	10	0	0	0	90	0	0	0	0	1	0	0	0	0	0	0	0	0	13	0	0	0	322	0	0	0	0	17	0	0	0	2	0	0	0	0	6	0	0	0	0	0	0	0	0	79	0	0	0	0	0	0	0	0	0.002905	0.0	0.0	0.0	0.008735	0.0	0.0	0.0	0.0	0.249546	0.0	0.0	0.0	0.750454	0.0	0.0	0.0	0.0	
417	546	6926.032389277	4926.417	4926.417	0.000165	0.0	127	0	0	0	415	0	0	0	0	0.002614	0.0	0.0	0.0	0.008168	0.0	0.0	0.0	0.0	0.038014	0.0	0.0	0.0	6904.83	0.0	0.0	0.0	0.0	0.000299	0.0	0.0	0.0	16.6381	0.0	0.0	0.0	0.0	10	0	0	0	90	0	0	0	0	1	0	0	0	0	0	0	0	0	13	0	0	0	323	0	0	0	0	17	0	0	0	2	0	0	0	0	6	0	0	0	0	0	0	0	0	80	0	0	0	0	0	0	0	0	0.002614	0.0	0.0	0.0	0.008168	0.0	0.0	0.0	0.0	0.242462	0.0	0.0	0.0	0.757538	0.0	0.0	0.0	0.0	
418	547	6931.308096167	4926.417	4926.417	0.000163	0.0	127	0	0	0	416	0	0	0	0	0.002614	0.0	0.0	0.0	0.007629	0.0	0.0	0.0	0.0	0.038014	0.0	0.0	0.0	6910.1	0.0	0.0	0.0	0.0	0.000299	0.0	0.0	0.0	16.6108	0.0	0.0	0.0	0.0	10	0	0	0	90	0	0	0	0	1	0	0	0	0	0	0	0	0	13	0	0	0	324	0	0	0	0	17	0	0	0	2	0	0	0	0	6	0	0	0	0	0	0	0	0	80	0	0	0	0	0	0	0	0	0.002614	0.0	0.0	0.0	0.007629	0.0	0.0	0.0	0.0	0.255224	0.0	0.0	0.0	0.744776	0.0	0.0	0.0	0.0	
419	559	6934.951990126	4926.399222222222	4926.399222222222	0.000161	0.0	138	0	0	0	417	0	0	0	0	0.061539	0.0	0.0	0.0	0.006866	0.0	0.0	0.0	0.0	0.040393	0.0	0.0	0.0	6913.74	0.0	0.0	0.0	0.0	0.000293	0.0	0.0	0.0	16.5797	0.0	0.0	0.0	0.0	11	0	0	0	90	0	0	0	0	1	0	0	0	0	0	0	0	0	15	0	0	0	324	0	0	0	0	19	0	0	0	3	0	0	0	0	6	0	0	0	0	0	0	0	0	86	0	0	0	0	0	0	0	0	0.061539	0.0	0.0	0.0	0.006866	0.0	0.0	0.0	0.0	0.89963	0.0	0.0	0.0	0.10037	0.0	0.0	0.0	0.0	
420	560	6947.447086509	4926.399222222222	4926.399222222222	0.00016	0.0	138	0	0	0	418	0	0	0	0	0.061539	0.0	0.0	0.0	0.006179	0.0	0.0	0.0	0.0	0.040393	0.0	0.0	0.0	6926.24	0.0	0.0	0.0	0.0	0.000293	0.0	0.0	0.0	16.5699	0.0	0.0	0.0	0.0	11	0	0	0	90	0	0	0	0	1	0	0	0	0	0	0	0	0	15	0	0	0	324	0	0	0	0	19	0	0	0	4	0	0	0	0	6	0	0	0	0	0	0	0	0	86	0	0	0	0	0	0	0	0	0.061539	0.0	0.0	0.0	0.006179	0.0	0.0	0.0	0.0	0.908751	0.0	0.0	0.0	0.091249	0.0	0.0	0.0	0.0	
421	567	6950.817888972	4926.399222222222	4926.399222222222	0.000157	0.0	144	0	0	0	419	0	0	0	0	0.0436	0.0	0.0	0.0	0.005561	0.0	0.0	0.0	0.0	0.041499	0.0	0.0	0.0	6929.61	0.0	0.0	0.0	0.0	0.000288	0.0	0.0	0.0	16.5384	0.0	0.0	0.0	0.0	11	0	0	0	90	0	0	0	0	1	0	0	0	0	0	0	0	0	16	0	0	0	324	0	0	0	0	20	0	0	0	5	0	0	0	0	6	0	0	0	0	0	0	0	0	90	0	0	0	0	0	0	0	0	0.0436	0.0	0.0	0.0	0.005561	0.0	0.0	0.0	0.0	0.886876	0.0	0.0	0.0	0.113124	0.0	0.0	0.0	0.0	
422	568	6956.005466666	4926.399222222222	4926.399222222222	0.000155	0.0	144	0	0	0	420	0	0	0	0	0.0436	0.0	0.0	0.0	0.005005	0.0	0.0	0.0	0.0	0.041499	0.0	0.0	0.0	6934.79	0.0	0.0	0.0	0.0	0.000288	0.0	0.0	0.0	16.5114	0.0	0.0	0.0	0.0	11	0	0	0	90	0	0	0	0	1	0	0	0	0	0	0	0	0	16	0	0	0	324	0	0	0	0	20	0	0	0	6	0	0	0	0	6	0	0	0	0	0	0	0	0	90	0	0	0	0	0	0	0	0	0.0436	0.0	0.0	0.0	0.005005	0.0	0.0	0.0	0.0	0.897023	0.0	0.0	0.0	0.102977	0.0	0.0	0.0	0.0	
423	585	6963.131898025	4926.399222222222	4926.399222222222	0.000154	0.0	160	0	0	0	421	0	0	0	0	0.016387	0.0	0.0	0.0	0.004505	0.0	0.0	0.0	0.0	0.044423	0.0	0.0	0.0	6941.92	0.0	0.0	0.0	0.0	0.000278	0.0	0.0	0.0	16.4891	0.0	0.0	0.0	0.0	11	0	0	0	90	0	0	0	0	1	0	0	0	0	0	0	0	0	16	0	0	0	324	0	0	0	0	25	0	0	0	7	0	0	0	0	7	0	0	0	0	0	0	0	0	100	0	0	0	0	0	0	0	0	0.016387	0.0	0.0	0.0	0.004505	0.0	0.0	0.0	0.0	0.784382	0.0	0.0	0.0	0.215618	0.0	0.0	0.0	0.0	
424	586	6969.549068328	4926.399222222222	4926.399222222222	0.000152	0.0	160	0	0	0	422	0	0	0	0	0.016387	0.0	0.0	0.0	0.004054	0.0	0.0	0.0	0.0	0.044423	0.0	0.0	0.0	6948.34	0.0	0.0	0.0	0.0	0.000278	0.0	0.0	0.0	16.4652	0.0	0.0	0.0	0.0	11	0	0	0	90	0	0	0	0	1	0	0	0	0	0	0	0	0	16	0	0	0	324	0	0	0	0	25	0	0	0	8	0	0	0	0	7	0	0	0	0	0	0	0	0	100	0	0	0	0	0	0	0	0	0.016387	0.0	0.0	0.0	0.004054	0.0	0.0	0.0	0.0	0.801667	0.0	0.0	0.0	0.198333	0.0	0.0	0.0	0.0	
425	588	6973.426673755	4926.399222222222	4926.399222222222	0.00015	0.0	161	0	0	0	423	0	0	0	0	0.015365	0.0	0.0	0.0	0.003649	0.0	0.0	0.0	0.0	0.044632	0.0	0.0	0.0	6952.21	0.0	0.0	0.0	0.0	0.000277	0.0	0.0	0.0	16.4355	0.0	0.0	0.0	0.0	11	0	0	0	90	0	0	0	0	1	0	0	0	0	0	0	0	0	16	0	0	0	324	0	0	0	0	25	0	0	0	9	0	0	0	0	7	0	0	0	0	0	0	0	0	101	0	0	0	0	0	0	0	0	0.015365	0.0	0.0	0.0	0.003649	0.0	0.0	0.0	0.0	0.8081	0.0	0.0	0.0	0.1919	0.0	0.0	0.0	0.0	
426	591	6978.800975726	4926.399222222222	4926.399222222222	0.000149	0.0	163	0	0	0	424	0	0	0	0	0.013511	0.0	0.0	0.0	0.003284	0.0	0.0	0.0	0.0	0.045184	0.0	0.0	0.0	6957.59	0.0	0.0	0.0	0.0	0.000277	0.0	0.0	0.0	16.4094	0.0	0.0	0.0	0.0	11	0	0	0	90	0	0	0	0	1	0	0	0	0	0	0	0	0	16	0	0	0	324	0	0	0	0	26	0	0	0	10	0	0	0	0	7	0	0	0	0	0	0	0	0	102	0	0	0	0	0	0	0	0	0.013511	0.0	0.0	0.0	0.003284	0.0	0.0	0.0	0.0	0.804474	0.0	0.0	0.0	0.195526	0.0	0.0	0.0	0.0	
427	595	6986.342021847	4926.399222222222	4926.399222222222	0.000147	0.0	166	0	0	0	425	0	0	0	0	0.011116	0.0	0.0	0.0	0.002956	0.0	0.0	0.0	0.0	0.045903	0.0	0.0	0.0	6965.13	0.0	0.0	0.0	0.0	0.000277	0.0	0.0	0.0	16.3885	0.0	0.0	0.0	0.0	11	0	0	0	90	0	0	0	0	1	0	0	0	0	0	0	0	0	16	0	0	0	324	0	0	0	0	27	0	0	0	11	0	0	0	0	7	0	0	0	0	0	0	0	0	104	0	0	0	0	0	0	0	0	0.011116	0.0	0.0	0.0	0.002956	0.0	0.0	0.0	0.0	0.789963	0.0	0.0	0.0	0.210037	0.0	0.0	0.0	0.0	
428	596	6994.099192198	4926.399222222222	4926.399222222222	0.000145	0.0	166	0	0	0	426	0	0	0	0	0.011116	0.0	0.0	0.0	0.00266	0.0	0.0	0.0	0.0	0.045903	0.0	0.0	0.0	6972.88	0.0	0.0	0.0	0.0	0.000277	0.0	0.0	0.0	16.3683	0.0	0.0	0.0	0.0	11	0	0	0	90	0	0	0	0	1	0	0	0	0	0	0	0	0	16	0	0	0	324	0	0	0	0	27	0	0	0	12	0	0	0	0	7	0	0	0	0	0	0	0	0	104	0	0	0	0	0	0	0	0	0.011116	0.0	0.0	0.0	0.00266	0.0	0.0	0.0	0.0	0.806911	0.0	0.0	0.0	0.193089	0.0	0.0	0.0	0.0	
429	599	7002.281557037	4926.399222222222	4926.399222222222	0.000143	0.0	168	0	0	0	427	0	0	0	0	0.009773	0.0	0.0	0.0	0.002394	0.0	0.0	0.0	0.0	0.046425	0.0	0.0	0.0	6981.07	0.0	0.0	0.0	0.0	0.000276	0.0	0.0	0.0	16.3491	0.0	0.0	0.0	0.0	11	0	0	0	90	0	0	0	0	1	0	0	0	0	0	0	0	0	16	0	0	0	324	0	0	0	0	27	0	0	0	13	0	0	0	0	8	0	0	0	0	0	0	0	0	105	0	0	0	0	0	0	0	0	0.009773	0.0	0.0	0.0	0.002394	0.0	0.0	0.0	0.0	0.803236	0.0	0.0	0.0	0.196764	0.0	0.0	0.0	0.0	
430	601	7016.18261552	4926.399222222222	4926.399222222222	0.000141	0.0	169	0	0	0	428	0	0	0	0	0.009164	0.0	0.0	0.0	0.002155	0.0	0.0	0.0	0.0	0.046591	0.0	0.0	0.0	6994.97	0.0	0.0	0.0	0.0	0.000276	0.0	0.0	0.0	16.3434	0.0	0.0	0.0	0.0	11	0	0	0	90	0	0	0	0	1	0	0	0	0	0	0	0	0	16	0	0	0	324	0	0	0	0	27	0	0	0	14	0	0	0	0	8	0	0	0	0	0	0	0	0	106	0	0	0	0	0	0	0	0	0.009164	0.0	0.0	0.0	0.002155	0.0	0.0	0.0	0.0	0.80965	0.0	0.0	0.0	0.19035	0.0	0.0	0.0	0.0	
431	607	7023.589281123	4926.399222222222	4926.399222222222	0.000137	0.0	174	0	0	0	429	0	0	0	0	0.006604	0.0	0.0	0.0	0.001939	0.0	0.0	0.0	0.0	0.047744	0.0	0.0	0.0	7002.37	0.0	0.0	0.0	0.0	0.000274	0.0	0.0	0.0	16.3225	0.0	0.0	0.0	0.0	11	0	0	0	90	0	0	0	0	1	0	0	0	0	0	0	0	0	16	0	0	0	324	0	0	0	0	29	0	0	0	15	0	0	0	0	8	0	0	0	0	0	0	0	0	109	0	0	0	0	0	0	0	0	0.006604	0.0	0.0	0.0	0.001939	0.0	0.0	0.0	0.0	0.773016	0.0	0.0	0.0	0.226984	0.0	0.0	0.0	0.0	
432	608	7031.670773452	4926.399222222222	4926.399222222222	0.000135	0.0	174	0	0	0	430	0	0	0	0	0.006604	0.0	0.0	0.0	0.001745	0.0	0.0	0.0	0.0	0.047744	0.0	0.0	0.0	7010.45	0.0	0.0	0.0	0.0	0.000274	0.0	0.0	0.0	16.3034	0.0	0.0	0.0	0.0	11	0	0	0	90	0	0	0	0	1	0	0	0	0	0	0	0	0	16	0	0	0	324	0	0	0	0	29	0	0	0	16	0	0	0	0	8	0	0	0	0	0	0	0	0	109	0	0	0	0	0	0	0	0	0.006604	0.0	0.0	0.0	0.001745	0.0	0.0	0.0	0.0	0.79097	0.0	0.0	0.0	0.20903	0.0	0.0	0.0	0.0	
433	611	7035.859158888	4926.399222222222	4926.399222222222	0.000133	0.0	176	0	0	0	431	0	0	0	0	0.00579	0.0	0.0	0.0	0.001571	0.0	0.0	0.0	0.0	0.048084	0.0	0.0	0.0	7014.64	0.0	0.0	0.0	0.0	0.000273	0.0	0.0	0.0	16.2753	0.0	0.0	0.0	0.0	11	0	0	0	90	0	0	0	0	1	0	0	0	0	0	0	0	0	16	0	0	0	324	0	0	0	0	29	0	0	0	17	0	0	0	0	8	0	0	0	0	0	0	0	0	111	0	0	0	0	0	0	0	0	0.00579	0.0	0.0	0.0	0.001571	0.0	0.0	0.0	0.0	0.786606	0.0	0.0	0.0	0.213394	0.0	0.0	0.0	0.0	
434	612	7116.858796808	4926.399222222222	4926.399222222222	0.000132	0.0	176	0	0	0	432	0	0	0	0	0.00579	0.0	0.0	0.0	0.001414	0.0	0.0	0.0	0.0	0.048084	0.0	0.0	0.0	7095.64	0.0	0.0	0.0	0.0	0.000273	0.0	0.0	0.0	16.4251	0.0	0.0	0.0	0.0	11	0	0	0	90	0	0	0	0	1	0	0	0	0	0	0	0	0	16	0	0	0	324	0	0	0	0	29	0	0	0	18	0	0	0	0	8	0	0	0	0	0	0	0	0	111	0	0	0	0	0	0	0	0	0.00579	0.0	0.0	0.0	0.001414	0.0	0.0	0.0	0.0	0.803758	0.0	0.0	0.0	0.196242	0.0	0.0	0.0	0.0	
435	613	7212.78463838	4926.399222222222	4926.399222222222	0.000113	0.0	176	0	0	0	433	0	0	0	0	0.00579	0.0	0.0	0.0	0.001272	0.0	0.0	0.0	0.0	0.048084	0.0	0.0	0.0	7191.57	0.0	0.0	0.0	0.0	0.000273	0.0	0.0	0.0	16.6087	0.0	0.0	0.0	0.0	11	0	0	0	90	0	0	0	0	1	0	0	0	0	0	0	0	0	16	0	0	0	324	0	0	0	0	29	0	0	0	19	0	0	0	0	8	0	0	0	0	0	0	0	0	111	0	0	0	0	0	0	0	0	0.00579	0.0	0.0	0.0	0.001272	0.0	0.0	0.0	0.0	0.819847	0.0	0.0	0.0	0.180153	0.0	0.0	0.0	0.0	
436	613	7212.784664309	4926.399222222222	4926.399222222222	9.4e-5	0.0	176	0	0	0	433	0	0	0	0	0.00579	0.0	0.0	0.0	0.001272	0.0	0.0	0.0	0.0	0.048084	0.0	0.0	0.0	7191.57	0.0	0.0	0.0	0.0	0.000273	0.0	0.0	0.0	16.6087	0.0	0.0	0.0	0.0	11	0	0	0	90	0	0	0	0	1	0	0	0	0	0	0	0	0	16	0	0	0	324	0	0	0	0	29	0	0	0	19	0	0	0	0	8	0	0	0	0	0	0	0	0	111	0	0	0	0	0	0	0	0	0.00579	0.0	0.0	0.0	0.001272	0.0	0.0	0.0	0.0	0.819847	0.0	0.0	0.0	0.180153	0.0	0.0	0.0	0.0	
