indexLine	algoIter	time	best obj	current obj	T	probdelta1	nb uses 1	nb uses 2	nb uses 3	nb uses 4	nb uses 5	nb uses 6	nb uses 7	nb uses 8	nb uses 9	score 1	score 2	score 3	score 4	score 5	score 6	score 7	score 8	score 9	duration 1	duration 2	duration 3	duration 4	duration 5	duration 6	duration 7	duration 8	duration 9	avgDuration 1	avgDuration 2	avgDuration 3	avgDuration 4	avgDuration 5	avgDuration 6	avgDuration 7	avgDuration 8	avgDuration 9	sigmas1 1	sigmas1 2	sigmas1 3	sigmas1 4	sigmas1 5	sigmas1 6	sigmas1 7	sigmas1 8	sigmas1 9	sigmas2 1	sigmas2 2	sigmas2 3	sigmas2 4	sigmas2 5	sigmas2 6	sigmas2 7	sigmas2 8	sigmas2 9	sigmas3 1	sigmas3 2	sigmas3 3	sigmas3 4	sigmas3 5	sigmas3 6	sigmas3 7	sigmas3 8	sigmas3 9	sigmas4 1	sigmas4 2	sigmas4 3	sigmas4 4	sigmas4 5	sigmas4 6	sigmas4 7	sigmas4 8	sigmas4 9	sigmas5 1	sigmas5 2	sigmas5 3	sigmas5 4	sigmas5 5	sigmas5 6	sigmas5 7	sigmas5 8	sigmas5 9	sigmas6 1	sigmas6 2	sigmas6 3	sigmas6 4	sigmas6 5	sigmas6 6	sigmas6 7	sigmas6 8	sigmas6 9	weight 1	weight 2	weight 3	weight 4	weight 5	weight 6	weight 7	weight 8	weight 9	proba 1	proba 2	proba 3	proba 4	proba 5	proba 6	proba 7	proba 8	proba 9	
1	2	14.620224225	3261.1	3261.1	100.0	0.99005	0	0	0	0	0	0	0	0	0	0.0	0.0	0.0	0.0	0.0	0.0	0.0	0.0	0.0	0.0	0.0	0.0	0.0	0.0	0.0	0.0	0.0	0.0	0.0	0.0	0.0	0.0	0.0	0.0	0.0	0.0	0.0	0	0	0	0	0	0	0	0	0	0	0	0	0	0	0	0	0	0	0	0	0	0	0	0	0	0	0	0	0	0	0	0	0	0	0	0	0	0	0	0	0	0	0	0	0	0	0	0	0	0	0	0	0	0	0.0	0.0	0.0	0.0	0.0	0.0	0.0	0.0	0.0	0.0	0.0	0.0	0.0	0.0	0.0	0.0	0.0	0.0	
2	4	36.363474855	2825.2	2825.2	100.0	0.99005	0	0	0	0	0	0	0	0	0	1.0	0.0	0.0	0.0	1.0	0.0	0.0	0.0	0.0	0.0	0.0	0.0	0.0	0.0	0.0	0.0	0.0	0.0	0.000437	0.0	0.0	0.0	21.7428	0.0	0.0	0.0	0.0	0	0	0	0	0	0	0	0	0	0	0	0	0	0	0	0	0	0	0	0	0	0	0	0	0	0	0	0	0	0	0	0	0	0	0	0	0	0	0	0	0	0	0	0	0	0	0	0	0	0	0	0	0	0	1.0	0.0	0.0	0.0	1.0	0.0	0.0	0.0	0.0	0.0	0.0	0.0	0.0	0.0	0.0	0.0	0.0	0.0	
3	5	58.827441593	2471.9	2471.9	100.0	0.99005	0	0	0	0	1	0	0	0	0	1.0	0.0	0.0	0.0	1.0	0.0	0.0	0.0	0.0	0.0	0.0	0.0	0.0	22.4639	0.0	0.0	0.0	0.0	0.000437	0.0	0.0	0.0	22.4639	0.0	0.0	0.0	0.0	0	0	0	0	1	0	0	0	0	0	0	0	0	0	0	0	0	0	0	0	0	0	0	0	0	0	0	0	0	0	0	0	0	0	0	0	0	0	0	0	0	0	0	0	0	0	0	0	0	0	0	0	0	0	1.0	0.0	0.0	0.0	1.0	0.0	0.0	0.0	0.0	0.5	0.0	0.0	0.0	0.5	0.0	0.0	0.0	0.0	
4	6	132.155355198	2349.25	2349.25	89.3038	0.988865	0	0	0	0	2	0	0	0	0	1.0	0.0	0.0	0.0	1.0	0.0	0.0	0.0	0.0	0.0	0.0	0.0	0.0	95.7918	0.0	0.0	0.0	0.0	0.000437	0.0	0.0	0.0	47.8959	0.0	0.0	0.0	0.0	0	0	0	0	2	0	0	0	0	0	0	0	0	0	0	0	0	0	0	0	0	0	0	0	0	0	0	0	0	0	0	0	0	0	0	0	0	0	0	0	0	0	0	0	0	0	0	0	0	0	0	0	0	0	1.0	0.0	0.0	0.0	1.0	0.0	0.0	0.0	0.0	0.5	0.0	0.0	0.0	0.5	0.0	0.0	0.0	0.0	
5	7	159.792451361	2334.75	2334.75	77.5586	0.987189	0	0	0	0	3	0	0	0	0	1.0	0.0	0.0	0.0	1.0	0.0	0.0	0.0	0.0	0.0	0.0	0.0	0.0	123.429	0.0	0.0	0.0	0.0	0.000437	0.0	0.0	0.0	41.143	0.0	0.0	0.0	0.0	0	0	0	0	3	0	0	0	0	0	0	0	0	0	0	0	0	0	0	0	0	0	0	0	0	0	0	0	0	0	0	0	0	0	0	0	0	0	0	0	0	0	0	0	0	0	0	0	0	0	0	0	0	0	1.0	0.0	0.0	0.0	1.0	0.0	0.0	0.0	0.0	0.5	0.0	0.0	0.0	0.5	0.0	0.0	0.0	0.0	
6	8	194.532592755	2314.7	2314.7	73.5442	0.986495	0	0	0	0	4	0	0	0	0	1.0	0.0	0.0	0.0	1.0	0.0	0.0	0.0	0.0	0.0	0.0	0.0	0.0	158.169	0.0	0.0	0.0	0.0	0.000437	0.0	0.0	0.0	39.5423	0.0	0.0	0.0	0.0	0	0	0	0	4	0	0	0	0	0	0	0	0	0	0	0	0	0	0	0	0	0	0	0	0	0	0	0	0	0	0	0	0	0	0	0	0	0	0	0	0	0	0	0	0	0	0	0	0	0	0	0	0	0	1.0	0.0	0.0	0.0	1.0	0.0	0.0	0.0	0.0	0.5	0.0	0.0	0.0	0.5	0.0	0.0	0.0	0.0	
7	12	209.078884805	2292.0	2292.0	68.7915	0.985568	3	0	0	0	5	0	0	0	0	0.729	0.0	0.0	0.0	1.0	0.0	0.0	0.0	0.0	0.000756	0.0	0.0	0.0	172.715	0.0	0.0	0.0	0.0	0.000252	0.0	0.0	0.0	34.5429	0.0	0.0	0.0	0.0	0	0	0	0	5	0	0	0	0	0	0	0	0	0	0	0	0	0	0	0	0	0	0	0	0	0	0	0	0	0	0	0	0	0	0	0	1	0	0	0	0	0	0	0	0	2	0	0	0	0	0	0	0	0	0.729	0.0	0.0	0.0	1.0	0.0	0.0	0.0	0.0	0.421631	0.0	0.0	0.0	0.578369	0.0	0.0	0.0	0.0	
8	14	224.581036738	2230.5	2230.5	66.8939	0.985162	4	0	0	0	6	0	0	0	0	0.6561	0.0	0.0	0.0	1.0	0.0	0.0	0.0	0.0	0.001326	0.0	0.0	0.0	188.216	0.0	0.0	0.0	0.0	0.000331	0.0	0.0	0.0	31.3693	0.0	0.0	0.0	0.0	0	0	0	0	6	0	0	0	0	0	0	0	0	0	0	0	0	0	0	0	0	0	0	0	0	0	0	1	0	0	0	0	0	0	0	0	1	0	0	0	0	0	0	0	0	2	0	0	0	0	0	0	0	0	0.6561	0.0	0.0	0.0	1.0	0.0	0.0	0.0	0.0	0.396172	0.0	0.0	0.0	0.603828	0.0	0.0	0.0	0.0	
9	15	248.480630285	2230.5	2230.5	64.9292	0.984717	4	0	0	0	7	0	0	0	0	0.6561	0.0	0.0	0.0	0.917195	0.0	0.0	0.0	0.0	0.001326	0.0	0.0	0.0	212.116	0.0	0.0	0.0	0.0	0.000331	0.0	0.0	0.0	30.3022	0.0	0.0	0.0	0.0	0	0	0	0	6	0	0	0	0	0	0	0	0	0	0	0	0	0	0	0	0	0	1	0	0	0	0	1	0	0	0	0	0	0	0	0	1	0	0	0	0	0	0	0	0	2	0	0	0	0	0	0	0	0	0.6561	0.0	0.0	0.0	0.917195	0.0	0.0	0.0	0.0	0.417023	0.0	0.0	0.0	0.582977	0.0	0.0	0.0	0.0	
10	16	253.611429213	2230.5	2230.5	62.0126	0.984004	4	0	0	0	8	0	0	0	0	0.6561	0.0	0.0	0.0	0.83853	0.0	0.0	0.0	0.0	0.001326	0.0	0.0	0.0	217.246	0.0	0.0	0.0	0.0	0.000331	0.0	0.0	0.0	27.1558	0.0	0.0	0.0	0.0	0	0	0	0	6	0	0	0	0	0	0	0	0	0	0	0	0	0	0	0	0	0	2	0	0	0	0	1	0	0	0	0	0	0	0	0	1	0	0	0	0	0	0	0	0	2	0	0	0	0	0	0	0	0	0.6561	0.0	0.0	0.0	0.83853	0.0	0.0	0.0	0.0	0.438971	0.0	0.0	0.0	0.561029	0.0	0.0	0.0	0.0	
11	17	329.735613874	2206.9	2206.9	61.4038	0.983846	4	0	0	0	9	0	0	0	0	0.6561	0.0	0.0	0.0	0.852921	0.0	0.0	0.0	0.0	0.001326	0.0	0.0	0.0	293.371	0.0	0.0	0.0	0.0	0.000331	0.0	0.0	0.0	32.5967	0.0	0.0	0.0	0.0	0	0	0	0	7	0	0	0	0	0	0	0	0	0	0	0	0	0	0	0	0	0	2	0	0	0	0	1	0	0	0	0	0	0	0	0	1	0	0	0	0	0	0	0	0	2	0	0	0	0	0	0	0	0	0.6561	0.0	0.0	0.0	0.852921	0.0	0.0	0.0	0.0	0.434785	0.0	0.0	0.0	0.565215	0.0	0.0	0.0	0.0	
12	18	417.596710511	2206.9	2206.9	53.042	0.981324	4	0	0	0	10	0	0	0	0	0.6561	0.0	0.0	0.0	0.77747	0.0	0.0	0.0	0.0	0.001326	0.0	0.0	0.0	381.232	0.0	0.0	0.0	0.0	0.000331	0.0	0.0	0.0	38.1232	0.0	0.0	0.0	0.0	0	0	0	0	7	0	0	0	0	0	0	0	0	0	0	0	0	0	0	0	0	0	3	0	0	0	0	1	0	0	0	0	0	0	0	0	1	0	0	0	0	0	0	0	0	2	0	0	0	0	0	0	0	0	0.6561	0.0	0.0	0.0	0.77747	0.0	0.0	0.0	0.0	0.457669	0.0	0.0	0.0	0.542331	0.0	0.0	0.0	0.0	
13	20	422.304792989	2206.9	2206.9	44.7963	0.977924	5	0	0	0	11	0	0	0	0	0.59049	0.0	0.0	0.0	0.709072	0.0	0.0	0.0	0.0	0.001553	0.0	0.0	0.0	385.939	0.0	0.0	0.0	0.0	0.000311	0.0	0.0	0.0	35.0854	0.0	0.0	0.0	0.0	0	0	0	0	7	0	0	0	0	0	0	0	0	0	0	0	0	0	0	0	0	0	4	0	0	0	0	1	0	0	0	0	0	0	0	0	1	0	0	0	0	0	0	0	0	3	0	0	0	0	0	0	0	0	0.59049	0.0	0.0	0.0	0.709072	0.0	0.0	0.0	0.0	0.454376	0.0	0.0	0.0	0.545624	0.0	0.0	0.0	0.0	
14	23	478.018509226	2196.6	2196.6	44.3925	0.977726	7	0	0	0	12	0	0	0	0	0.478297	0.0	0.0	0.0	0.73343	0.0	0.0	0.0	0.0	0.002036	0.0	0.0	0.0	441.653	0.0	0.0	0.0	0.0	0.000291	0.0	0.0	0.0	36.8044	0.0	0.0	0.0	0.0	0	0	0	0	8	0	0	0	0	0	0	0	0	0	0	0	0	0	1	0	0	0	4	0	0	0	0	1	0	0	0	0	0	0	0	0	1	0	0	0	0	0	0	0	0	4	0	0	0	0	0	0	0	0	0.478297	0.0	0.0	0.0	0.73343	0.0	0.0	0.0	0.0	0.394723	0.0	0.0	0.0	0.605277	0.0	0.0	0.0	0.0	
15	24	486.920493259	2178.0	2178.0	39.8823	0.975238	7	0	0	0	13	0	0	0	0	0.478297	0.0	0.0	0.0	0.755451	0.0	0.0	0.0	0.0	0.002036	0.0	0.0	0.0	450.555	0.0	0.0	0.0	0.0	0.000291	0.0	0.0	0.0	34.658	0.0	0.0	0.0	0.0	0	0	0	0	9	0	0	0	0	0	0	0	0	0	0	0	0	0	1	0	0	0	4	0	0	0	0	1	0	0	0	0	0	0	0	0	1	0	0	0	0	0	0	0	0	4	0	0	0	0	0	0	0	0	0.478297	0.0	0.0	0.0	0.755451	0.0	0.0	0.0	0.0	0.387678	0.0	0.0	0.0	0.612322	0.0	0.0	0.0	0.0	
16	27	561.914980165	2167.0	2167.0	39.2054	0.974816	9	0	0	0	14	0	0	0	0	0.38742	0.0	0.0	0.0	0.773949	0.0	0.0	0.0	0.0	0.002625	0.0	0.0	0.0	525.549	0.0	0.0	0.0	0.0	0.000292	0.0	0.0	0.0	37.5392	0.0	0.0	0.0	0.0	0	0	0	0	10	0	0	0	0	0	0	0	0	0	0	0	0	0	1	0	0	0	4	0	0	0	0	2	0	0	0	0	0	0	0	0	1	0	0	0	0	0	0	0	0	5	0	0	0	0	0	0	0	0	0.38742	0.0	0.0	0.0	0.773949	0.0	0.0	0.0	0.0	0.333589	0.0	0.0	0.0	0.666411	0.0	0.0	0.0	0.0	
17	31	741.97601794	2146.5	2146.5	33.9401	0.970966	12	0	0	0	15	0	0	0	0	0.36343	0.0	0.0	0.0	0.790559	0.0	0.0	0.0	0.0	0.003383	0.0	0.0	0.0	705.609	0.0	0.0	0.0	0.0	0.000282	0.0	0.0	0.0	47.0406	0.0	0.0	0.0	0.0	1	0	0	0	11	0	0	0	0	0	0	0	0	0	0	0	0	0	2	0	0	0	4	0	0	0	0	2	0	0	0	0	0	0	0	0	1	0	0	0	0	0	0	0	0	6	0	0	0	0	0	0	0	0	0.36343	0.0	0.0	0.0	0.790559	0.0	0.0	0.0	0.0	0.314933	0.0	0.0	0.0	0.685067	0.0	0.0	0.0	0.0	
18	32	764.776829594	2143.0	2143.0	24.0069	0.959201	12	0	0	0	16	0	0	0	0	0.36343	0.0	0.0	0.0	0.805845	0.0	0.0	0.0	0.0	0.003383	0.0	0.0	0.0	728.41	0.0	0.0	0.0	0.0	0.000282	0.0	0.0	0.0	45.5256	0.0	0.0	0.0	0.0	1	0	0	0	12	0	0	0	0	0	0	0	0	0	0	0	0	0	2	0	0	0	4	0	0	0	0	2	0	0	0	0	0	0	0	0	1	0	0	0	0	0	0	0	0	6	0	0	0	0	0	0	0	0	0.36343	0.0	0.0	0.0	0.805845	0.0	0.0	0.0	0.0	0.310816	0.0	0.0	0.0	0.689184	0.0	0.0	0.0	0.0	
19	33	776.270625094	2136.5	2136.5	22.977	0.957412	12	0	0	0	17	0	0	0	0	0.36343	0.0	0.0	0.0	0.819931	0.0	0.0	0.0	0.0	0.003383	0.0	0.0	0.0	739.903	0.0	0.0	0.0	0.0	0.000282	0.0	0.0	0.0	43.5237	0.0	0.0	0.0	0.0	1	0	0	0	13	0	0	0	0	0	0	0	0	0	0	0	0	0	2	0	0	0	4	0	0	0	0	2	0	0	0	0	0	0	0	0	1	0	0	0	0	0	0	0	0	6	0	0	0	0	0	0	0	0	0.36343	0.0	0.0	0.0	0.819931	0.0	0.0	0.0	0.0	0.307117	0.0	0.0	0.0	0.692883	0.0	0.0	0.0	0.0	
20	34	937.652365346	2099.0	2099.0	22.4747	0.956481	12	0	0	0	18	0	0	0	0	0.36343	0.0	0.0	0.0	0.832925	0.0	0.0	0.0	0.0	0.003383	0.0	0.0	0.0	901.285	0.0	0.0	0.0	0.0	0.000282	0.0	0.0	0.0	50.0714	0.0	0.0	0.0	0.0	1	0	0	0	14	0	0	0	0	0	0	0	0	0	0	0	0	0	2	0	0	0	4	0	0	0	0	2	0	0	0	0	0	0	0	0	1	0	0	0	0	0	0	0	0	6	0	0	0	0	0	0	0	0	0.36343	0.0	0.0	0.0	0.832925	0.0	0.0	0.0	0.0	0.303781	0.0	0.0	0.0	0.696219	0.0	0.0	0.0	0.0	
21	36	942.587757387	2096.0	2096.0	16.4784	0.941119	13	0	0	0	19	0	0	0	0	0.327087	0.0	0.0	0.0	0.844559	0.0	0.0	0.0	0.0	0.003785	0.0	0.0	0.0	906.22	0.0	0.0	0.0	0.0	0.000291	0.0	0.0	0.0	47.6958	0.0	0.0	0.0	0.0	1	0	0	0	15	0	0	0	0	0	0	0	0	0	0	0	0	0	2	0	0	0	4	0	0	0	0	2	0	0	0	0	0	0	0	0	2	0	0	0	0	0	0	0	0	6	0	0	0	0	0	0	0	0	0.327087	0.0	0.0	0.0	0.844559	0.0	0.0	0.0	0.0	0.279168	0.0	0.0	0.0	0.720832	0.0	0.0	0.0	0.0	
22	38	948.891217754	2096.0	2096.0	16.3227	0.940575	14	0	0	0	20	0	0	0	0	0.294378	0.0	0.0	0.0	0.787612	0.0	0.0	0.0	0.0	0.004112	0.0	0.0	0.0	912.523	0.0	0.0	0.0	0.0	0.000294	0.0	0.0	0.0	45.6262	0.0	0.0	0.0	0.0	1	0	0	0	15	0	0	0	0	0	0	0	0	0	0	0	0	0	3	0	0	0	5	0	0	0	0	2	0	0	0	0	0	0	0	0	2	0	0	0	0	0	0	0	0	6	0	0	0	0	0	0	0	0	0.294378	0.0	0.0	0.0	0.787612	0.0	0.0	0.0	0.0	0.272071	0.0	0.0	0.0	0.727929	0.0	0.0	0.0	0.0	
23	39	1004.135440893	2069.85	2069.85	16.1261	0.939872	14	0	0	0	21	0	0	0	0	0.294378	0.0	0.0	0.0	0.802201	0.0	0.0	0.0	0.0	0.004112	0.0	0.0	0.0	967.767	0.0	0.0	0.0	0.0	0.000294	0.0	0.0	0.0	46.0842	0.0	0.0	0.0	0.0	1	0	0	0	16	0	0	0	0	0	0	0	0	0	0	0	0	0	3	0	0	0	5	0	0	0	0	2	0	0	0	0	0	0	0	0	2	0	0	0	0	0	0	0	0	6	0	0	0	0	0	0	0	0	0.294378	0.0	0.0	0.0	0.802201	0.0	0.0	0.0	0.0	0.268451	0.0	0.0	0.0	0.731549	0.0	0.0	0.0	0.0	
24	42	1021.592120403	2068.85	2068.85	14.5008	0.933362	16	0	0	0	22	0	0	0	0	0.238446	0.0	0.0	0.0	0.815031	0.0	0.0	0.0	0.0	0.004692	0.0	0.0	0.0	985.223	0.0	0.0	0.0	0.0	0.000293	0.0	0.0	0.0	44.7829	0.0	0.0	0.0	0.0	1	0	0	0	17	0	0	0	0	0	0	0	0	0	0	0	0	0	4	0	0	0	5	0	0	0	0	2	0	0	0	0	0	0	0	0	2	0	0	0	0	0	0	0	0	7	0	0	0	0	0	0	0	0	0.238446	0.0	0.0	0.0	0.815031	0.0	0.0	0.0	0.0	0.226342	0.0	0.0	0.0	0.773658	0.0	0.0	0.0	0.0	
25	43	1035.316710334	2038.85	2038.85	14.0221	0.931168	16	0	0	0	23	0	0	0	0	0.238446	0.0	0.0	0.0	0.826985	0.0	0.0	0.0	0.0	0.004692	0.0	0.0	0.0	998.948	0.0	0.0	0.0	0.0	0.000293	0.0	0.0	0.0	43.4325	0.0	0.0	0.0	0.0	1	0	0	0	18	0	0	0	0	0	0	0	0	0	0	0	0	0	4	0	0	0	5	0	0	0	0	2	0	0	0	0	0	0	0	0	2	0	0	0	0	0	0	0	0	7	0	0	0	0	0	0	0	0	0.238446	0.0	0.0	0.0	0.826985	0.0	0.0	0.0	0.0	0.223803	0.0	0.0	0.0	0.776197	0.0	0.0	0.0	0.0	
26	44	1047.4799084	2013.95	2013.95	13.6568	0.929393	16	0	0	0	24	0	0	0	0	0.238446	0.0	0.0	0.0	0.83813	0.0	0.0	0.0	0.0	0.004692	0.0	0.0	0.0	1011.11	0.0	0.0	0.0	0.0	0.000293	0.0	0.0	0.0	42.1296	0.0	0.0	0.0	0.0	1	0	0	0	19	0	0	0	0	0	0	0	0	0	0	0	0	0	4	0	0	0	5	0	0	0	0	2	0	0	0	0	0	0	0	0	2	0	0	0	0	0	0	0	0	7	0	0	0	0	0	0	0	0	0.238446	0.0	0.0	0.0	0.83813	0.0	0.0	0.0	0.0	0.221486	0.0	0.0	0.0	0.778514	0.0	0.0	0.0	0.0	
27	45	1059.002003692	2013.95	2013.95	13.3411	0.927784	16	0	0	0	25	0	0	0	0	0.238446	0.0	0.0	0.0	0.784301	0.0	0.0	0.0	0.0	0.004692	0.0	0.0	0.0	1022.63	0.0	0.0	0.0	0.0	0.000293	0.0	0.0	0.0	40.9053	0.0	0.0	0.0	0.0	1	0	0	0	19	0	0	0	0	0	0	0	0	0	0	0	0	0	4	0	0	0	6	0	0	0	0	2	0	0	0	0	0	0	0	0	2	0	0	0	0	0	0	0	0	7	0	0	0	0	0	0	0	0	0.238446	0.0	0.0	0.0	0.784301	0.0	0.0	0.0	0.0	0.233143	0.0	0.0	0.0	0.766857	0.0	0.0	0.0	0.0	
28	46	1075.273324114	2011.95	2011.95	13.0488	0.926227	16	0	0	0	26	0	0	0	0	0.238446	0.0	0.0	0.0	0.798365	0.0	0.0	0.0	0.0	0.004692	0.0	0.0	0.0	1038.9	0.0	0.0	0.0	0.0	0.000293	0.0	0.0	0.0	39.9579	0.0	0.0	0.0	0.0	1	0	0	0	20	0	0	0	0	0	0	0	0	0	0	0	0	0	4	0	0	0	6	0	0	0	0	2	0	0	0	0	0	0	0	0	2	0	0	0	0	0	0	0	0	7	0	0	0	0	0	0	0	0	0.238446	0.0	0.0	0.0	0.798365	0.0	0.0	0.0	0.0	0.22998	0.0	0.0	0.0	0.77002	0.0	0.0	0.0	0.0	
29	48	1091.819889103	2011.95	2011.95	12.6468	0.923974	17	0	0	0	27	0	0	0	0	0.214602	0.0	0.0	0.0	0.747717	0.0	0.0	0.0	0.0	0.005171	0.0	0.0	0.0	1055.45	0.0	0.0	0.0	0.0	0.000304	0.0	0.0	0.0	39.0908	0.0	0.0	0.0	0.0	1	0	0	0	20	0	0	0	0	0	0	0	0	0	0	0	0	0	4	0	0	0	7	0	0	0	0	3	0	0	0	0	0	0	0	0	2	0	0	0	0	0	0	0	0	7	0	0	0	0	0	0	0	0	0.214602	0.0	0.0	0.0	0.747717	0.0	0.0	0.0	0.0	0.223005	0.0	0.0	0.0	0.776995	0.0	0.0	0.0	0.0	
30	50	1271.926206181	2008.95	2008.95	12.2507	0.921615	18	0	0	0	28	0	0	0	0	0.193141	0.0	0.0	0.0	0.763589	0.0	0.0	0.0	0.0	0.005536	0.0	0.0	0.0	1235.56	0.0	0.0	0.0	0.0	0.000308	0.0	0.0	0.0	44.127	0.0	0.0	0.0	0.0	1	0	0	0	21	0	0	0	0	0	0	0	0	0	0	0	0	0	5	0	0	0	7	0	0	0	0	3	0	0	0	0	0	0	0	0	2	0	0	0	0	0	0	0	0	7	0	0	0	0	0	0	0	0	0.193141	0.0	0.0	0.0	0.763589	0.0	0.0	0.0	0.0	0.201876	0.0	0.0	0.0	0.798124	0.0	0.0	0.0	0.0	
31	52	1338.1207731	2008.95	2008.95	8.66452	0.890998	19	0	0	0	29	0	0	0	0	0.173827	0.0	0.0	0.0	0.716718	0.0	0.0	0.0	0.0	0.005908	0.0	0.0	0.0	1301.75	0.0	0.0	0.0	0.0	0.000311	0.0	0.0	0.0	44.888	0.0	0.0	0.0	0.0	1	0	0	0	21	0	0	0	0	0	0	0	0	0	0	0	0	0	6	0	0	0	8	0	0	0	0	3	0	0	0	0	0	0	0	0	2	0	0	0	0	0	0	0	0	7	0	0	0	0	0	0	0	0	0.173827	0.0	0.0	0.0	0.716718	0.0	0.0	0.0	0.0	0.195192	0.0	0.0	0.0	0.804808	0.0	0.0	0.0	0.0	
32	53	1354.980568684	2003.95	2003.95	7.6289	0.877147	19	0	0	0	30	0	0	0	0	0.173827	0.0	0.0	0.0	0.734318	0.0	0.0	0.0	0.0	0.005908	0.0	0.0	0.0	1318.61	0.0	0.0	0.0	0.0	0.000311	0.0	0.0	0.0	43.9537	0.0	0.0	0.0	0.0	1	0	0	0	22	0	0	0	0	0	0	0	0	0	0	0	0	0	6	0	0	0	8	0	0	0	0	3	0	0	0	0	0	0	0	0	2	0	0	0	0	0	0	0	0	7	0	0	0	0	0	0	0	0	0.173827	0.0	0.0	0.0	0.734318	0.0	0.0	0.0	0.0	0.191409	0.0	0.0	0.0	0.808591	0.0	0.0	0.0	0.0	
33	54	1358.66415354	2003.95	2003.95	7.38553	0.873367	19	0	0	0	31	0	0	0	0	0.173827	0.0	0.0	0.0	0.68891	0.0	0.0	0.0	0.0	0.005908	0.0	0.0	0.0	1322.29	0.0	0.0	0.0	0.0	0.000311	0.0	0.0	0.0	42.6546	0.0	0.0	0.0	0.0	1	0	0	0	22	0	0	0	0	0	0	0	0	0	0	0	0	0	6	0	0	0	9	0	0	0	0	3	0	0	0	0	0	0	0	0	2	0	0	0	0	0	0	0	0	7	0	0	0	0	0	0	0	0	0.173827	0.0	0.0	0.0	0.68891	0.0	0.0	0.0	0.0	0.201483	0.0	0.0	0.0	0.798517	0.0	0.0	0.0	0.0	
34	56	1371.040734578	2003.95	2003.95	7.33339	0.872526	20	0	0	0	32	0	0	0	0	0.156445	0.0	0.0	0.0	0.646643	0.0	0.0	0.0	0.0	0.00616	0.0	0.0	0.0	1334.67	0.0	0.0	0.0	0.0	0.000308	0.0	0.0	0.0	41.7084	0.0	0.0	0.0	0.0	1	0	0	0	22	0	0	0	0	0	0	0	0	0	0	0	0	0	6	0	0	0	10	0	0	0	0	3	0	0	0	0	0	0	0	0	2	0	0	0	0	0	0	0	0	8	0	0	0	0	0	0	0	0	0.156445	0.0	0.0	0.0	0.646643	0.0	0.0	0.0	0.0	0.194804	0.0	0.0	0.0	0.805196	0.0	0.0	0.0	0.0	
35	57	1382.797451394	2003.95	2003.95	7.16092	0.869665	20	0	0	0	33	0	0	0	0	0.156445	0.0	0.0	0.0	0.606488	0.0	0.0	0.0	0.0	0.00616	0.0	0.0	0.0	1346.43	0.0	0.0	0.0	0.0	0.000308	0.0	0.0	0.0	40.8008	0.0	0.0	0.0	0.0	1	0	0	0	22	0	0	0	0	0	0	0	0	0	0	0	0	0	6	0	0	0	11	0	0	0	0	3	0	0	0	0	0	0	0	0	2	0	0	0	0	0	0	0	0	8	0	0	0	0	0	0	0	0	0.156445	0.0	0.0	0.0	0.606488	0.0	0.0	0.0	0.0	0.205057	0.0	0.0	0.0	0.794943	0.0	0.0	0.0	0.0	
36	58	1394.46056317	2003.95	2003.95	7.00084	0.866893	20	0	0	0	34	0	0	0	0	0.156445	0.0	0.0	0.0	0.568342	0.0	0.0	0.0	0.0	0.00616	0.0	0.0	0.0	1358.09	0.0	0.0	0.0	0.0	0.000308	0.0	0.0	0.0	39.9438	0.0	0.0	0.0	0.0	1	0	0	0	22	0	0	0	0	0	0	0	0	0	0	0	0	0	6	0	0	0	12	0	0	0	0	3	0	0	0	0	0	0	0	0	2	0	0	0	0	0	0	0	0	8	0	0	0	0	0	0	0	0	0.156445	0.0	0.0	0.0	0.568342	0.0	0.0	0.0	0.0	0.215849	0.0	0.0	0.0	0.784151	0.0	0.0	0.0	0.0	
37	59	1410.112459921	2003.95	2003.95	6.84557	0.864089	20	0	0	0	35	0	0	0	0	0.156445	0.0	0.0	0.0	0.532102	0.0	0.0	0.0	0.0	0.00616	0.0	0.0	0.0	1373.74	0.0	0.0	0.0	0.0	0.000308	0.0	0.0	0.0	39.2498	0.0	0.0	0.0	0.0	1	0	0	0	22	0	0	0	0	0	0	0	0	0	0	0	0	0	6	0	0	0	13	0	0	0	0	3	0	0	0	0	0	0	0	0	2	0	0	0	0	0	0	0	0	8	0	0	0	0	0	0	0	0	0.156445	0.0	0.0	0.0	0.532102	0.0	0.0	0.0	0.0	0.22721	0.0	0.0	0.0	0.77279	0.0	0.0	0.0	0.0	
38	60	1429.172223217	2003.95	2003.95	6.6426	0.86024	20	0	0	0	36	0	0	0	0	0.156445	0.0	0.0	0.0	0.497675	0.0	0.0	0.0	0.0	0.00616	0.0	0.0	0.0	1392.8	0.0	0.0	0.0	0.0	0.000308	0.0	0.0	0.0	38.6889	0.0	0.0	0.0	0.0	1	0	0	0	22	0	0	0	0	0	0	0	0	0	0	0	0	0	6	0	0	0	14	0	0	0	0	3	0	0	0	0	0	0	0	0	2	0	0	0	0	0	0	0	0	8	0	0	0	0	0	0	0	0	0.156445	0.0	0.0	0.0	0.497675	0.0	0.0	0.0	0.0	0.239168	0.0	0.0	0.0	0.760832	0.0	0.0	0.0	0.0	
39	61	1442.197892464	2003.95	2003.95	6.40354	0.855419	20	0	0	0	37	0	0	0	0	0.156445	0.0	0.0	0.0	0.464969	0.0	0.0	0.0	0.0	0.00616	0.0	0.0	0.0	1405.83	0.0	0.0	0.0	0.0	0.000308	0.0	0.0	0.0	37.9953	0.0	0.0	0.0	0.0	1	0	0	0	22	0	0	0	0	0	0	0	0	0	0	0	0	0	6	0	0	0	15	0	0	0	0	3	0	0	0	0	0	0	0	0	2	0	0	0	0	0	0	0	0	8	0	0	0	0	0	0	0	0	0.156445	0.0	0.0	0.0	0.464969	0.0	0.0	0.0	0.0	0.251756	0.0	0.0	0.0	0.748244	0.0	0.0	0.0	0.0	
40	62	1445.12896989	2003.95	2003.95	6.24513	0.852038	20	0	0	0	38	0	0	0	0	0.156445	0.0	0.0	0.0	0.433898	0.0	0.0	0.0	0.0	0.00616	0.0	0.0	0.0	1408.76	0.0	0.0	0.0	0.0	0.000308	0.0	0.0	0.0	37.0726	0.0	0.0	0.0	0.0	1	0	0	0	22	0	0	0	0	0	0	0	0	0	0	0	0	0	6	0	0	0	16	0	0	0	0	3	0	0	0	0	0	0	0	0	2	0	0	0	0	0	0	0	0	8	0	0	0	0	0	0	0	0	0.156445	0.0	0.0	0.0	0.433898	0.0	0.0	0.0	0.0	0.265006	0.0	0.0	0.0	0.734994	0.0	0.0	0.0	0.0	
41	63	1530.976322374	2003.95	2003.95	6.21003	0.851267	20	0	0	0	39	0	0	0	0	0.156445	0.0	0.0	0.0	0.404381	0.0	0.0	0.0	0.0	0.00616	0.0	0.0	0.0	1494.61	0.0	0.0	0.0	0.0	0.000308	0.0	0.0	0.0	38.3232	0.0	0.0	0.0	0.0	1	0	0	0	22	0	0	0	0	0	0	0	0	0	0	0	0	0	6	0	0	0	17	0	0	0	0	3	0	0	0	0	0	0	0	0	2	0	0	0	0	0	0	0	0	8	0	0	0	0	0	0	0	0	0.156445	0.0	0.0	0.0	0.404381	0.0	0.0	0.0	0.0	0.278954	0.0	0.0	0.0	0.721046	0.0	0.0	0.0	0.0	
42	65	1548.669151071	2003.95	2003.95	5.26499	0.827014	21	0	0	0	40	0	0	0	0	0.1408	0.0	0.0	0.0	0.377122	0.0	0.0	0.0	0.0	0.006655	0.0	0.0	0.0	1512.3	0.0	0.0	0.0	0.0	0.000317	0.0	0.0	0.0	37.8075	0.0	0.0	0.0	0.0	1	0	0	0	22	0	0	0	0	0	0	0	0	0	0	0	0	0	6	0	0	0	18	0	0	0	0	4	0	0	0	0	0	0	0	0	2	0	0	0	0	0	0	0	0	8	0	0	0	0	0	0	0	0	0.1408	0.0	0.0	0.0	0.377122	0.0	0.0	0.0	0.0	0.271856	0.0	0.0	0.0	0.728144	0.0	0.0	0.0	0.0	
43	66	1560.919386438	2003.95	2003.95	5.08887	0.821595	21	0	0	0	41	0	0	0	0	0.1408	0.0	0.0	0.0	0.351226	0.0	0.0	0.0	0.0	0.006655	0.0	0.0	0.0	1524.55	0.0	0.0	0.0	0.0	0.000317	0.0	0.0	0.0	37.1841	0.0	0.0	0.0	0.0	1	0	0	0	22	0	0	0	0	0	0	0	0	0	0	0	0	0	6	0	0	0	19	0	0	0	0	4	0	0	0	0	0	0	0	0	2	0	0	0	0	0	0	0	0	8	0	0	0	0	0	0	0	0	0.1408	0.0	0.0	0.0	0.351226	0.0	0.0	0.0	0.0	0.286164	0.0	0.0	0.0	0.713836	0.0	0.0	0.0	0.0	
44	68	1567.420568258	2003.95	2003.95	4.97039	0.817756	22	0	0	0	42	0	0	0	0	0.12672	0.0	0.0	0.0	0.327329	0.0	0.0	0.0	0.0	0.006897	0.0	0.0	0.0	1531.05	0.0	0.0	0.0	0.0	0.000314	0.0	0.0	0.0	36.4536	0.0	0.0	0.0	0.0	1	0	0	0	22	0	0	0	0	0	0	0	0	0	0	0	0	0	6	0	0	0	20	0	0	0	0	4	0	0	0	0	0	0	0	0	2	0	0	0	0	0	0	0	0	9	0	0	0	0	0	0	0	0	0.12672	0.0	0.0	0.0	0.327329	0.0	0.0	0.0	0.0	0.279089	0.0	0.0	0.0	0.720911	0.0	0.0	0.0	0.0	
45	69	1614.632360848	1975.2	1975.2	4.90864	0.815689	22	0	0	0	43	0	0	0	0	0.12672	0.0	0.0	0.0	0.373983	0.0	0.0	0.0	0.0	0.006897	0.0	0.0	0.0	1578.26	0.0	0.0	0.0	0.0	0.000314	0.0	0.0	0.0	36.7037	0.0	0.0	0.0	0.0	1	0	0	0	23	0	0	0	0	0	0	0	0	0	0	0	0	0	6	0	0	0	20	0	0	0	0	4	0	0	0	0	0	0	0	0	2	0	0	0	0	0	0	0	0	9	0	0	0	0	0	0	0	0	0.12672	0.0	0.0	0.0	0.373983	0.0	0.0	0.0	0.0	0.253084	0.0	0.0	0.0	0.746916	0.0	0.0	0.0	0.0	
46	71	1630.574577123	1961.2	1961.2	4.48262	0.800048	23	0	0	0	44	0	0	0	0	0.114048	0.0	0.0	0.0	0.414829	0.0	0.0	0.0	0.0	0.007358	0.0	0.0	0.0	1594.2	0.0	0.0	0.0	0.0	0.00032	0.0	0.0	0.0	36.2319	0.0	0.0	0.0	0.0	1	0	0	0	24	0	0	0	0	0	0	0	0	0	0	0	0	0	6	0	0	0	20	0	0	0	0	5	0	0	0	0	0	0	0	0	2	0	0	0	0	0	0	0	0	9	0	0	0	0	0	0	0	0	0.114048	0.0	0.0	0.0	0.414829	0.0	0.0	0.0	0.0	0.215642	0.0	0.0	0.0	0.784358	0.0	0.0	0.0	0.0	
47	72	1637.22967657	1961.2	1961.2	4.34728	0.794511	23	0	0	0	45	0	0	0	0	0.114048	0.0	0.0	0.0	0.388385	0.0	0.0	0.0	0.0	0.007358	0.0	0.0	0.0	1600.86	0.0	0.0	0.0	0.0	0.00032	0.0	0.0	0.0	35.5746	0.0	0.0	0.0	0.0	1	0	0	0	24	0	0	0	0	0	0	0	0	0	0	0	0	0	6	0	0	0	21	0	0	0	0	5	0	0	0	0	0	0	0	0	2	0	0	0	0	0	0	0	0	9	0	0	0	0	0	0	0	0	0.114048	0.0	0.0	0.0	0.388385	0.0	0.0	0.0	0.0	0.226991	0.0	0.0	0.0	0.773009	0.0	0.0	0.0	0.0	
48	73	1643.836760752	1961.2	1961.2	4.292	0.79216	23	0	0	0	46	0	0	0	0	0.114048	0.0	0.0	0.0	0.363264	0.0	0.0	0.0	0.0	0.007358	0.0	0.0	0.0	1607.46	0.0	0.0	0.0	0.0	0.00032	0.0	0.0	0.0	34.9449	0.0	0.0	0.0	0.0	1	0	0	0	24	0	0	0	0	0	0	0	0	0	0	0	0	0	6	0	0	0	22	0	0	0	0	5	0	0	0	0	0	0	0	0	2	0	0	0	0	0	0	0	0	9	0	0	0	0	0	0	0	0	0.114048	0.0	0.0	0.0	0.363264	0.0	0.0	0.0	0.0	0.238938	0.0	0.0	0.0	0.761062	0.0	0.0	0.0	0.0	
49	75	1650.978229539	1961.2	1961.2	4.23781	0.789804	24	0	0	0	47	0	0	0	0	0.102643	0.0	0.0	0.0	0.339968	0.0	0.0	0.0	0.0	0.00777	0.0	0.0	0.0	1614.61	0.0	0.0	0.0	0.0	0.000324	0.0	0.0	0.0	34.3533	0.0	0.0	0.0	0.0	1	0	0	0	24	0	0	0	0	0	0	0	0	0	0	0	0	0	7	0	0	0	23	0	0	0	0	5	0	0	0	0	0	0	0	0	2	0	0	0	0	0	0	0	0	9	0	0	0	0	0	0	0	0	0.102643	0.0	0.0	0.0	0.339968	0.0	0.0	0.0	0.0	0.231904	0.0	0.0	0.0	0.768096	0.0	0.0	0.0	0.0	
50	76	1665.209609948	1961.2	1961.2	4.18001	0.787231	24	0	0	0	48	0	0	0	0	0.102643	0.0	0.0	0.0	0.317838	0.0	0.0	0.0	0.0	0.00777	0.0	0.0	0.0	1628.84	0.0	0.0	0.0	0.0	0.000324	0.0	0.0	0.0	33.9341	0.0	0.0	0.0	0.0	1	0	0	0	24	0	0	0	0	0	0	0	0	0	0	0	0	0	7	0	0	0	24	0	0	0	0	5	0	0	0	0	0	0	0	0	2	0	0	0	0	0	0	0	0	9	0	0	0	0	0	0	0	0	0.102643	0.0	0.0	0.0	0.317838	0.0	0.0	0.0	0.0	0.244109	0.0	0.0	0.0	0.755891	0.0	0.0	0.0	0.0	
51	77	1673.393709398	1957.2	1957.2	4.06717	0.782023	24	0	0	0	49	0	0	0	0	0.102643	0.0	0.0	0.0	0.362961	0.0	0.0	0.0	0.0	0.00777	0.0	0.0	0.0	1637.02	0.0	0.0	0.0	0.0	0.000324	0.0	0.0	0.0	33.4086	0.0	0.0	0.0	0.0	1	0	0	0	25	0	0	0	0	0	0	0	0	0	0	0	0	0	7	0	0	0	24	0	0	0	0	5	0	0	0	0	0	0	0	0	2	0	0	0	0	0	0	0	0	9	0	0	0	0	0	0	0	0	0.102643	0.0	0.0	0.0	0.362961	0.0	0.0	0.0	0.0	0.220452	0.0	0.0	0.0	0.779548	0.0	0.0	0.0	0.0	
52	79	1756.33830537	1947.0	1947.0	4.00366	0.778979	25	0	0	0	50	0	0	0	0	0.092379	0.0	0.0	0.0	0.40292	0.0	0.0	0.0	0.0	0.008008	0.0	0.0	0.0	1719.97	0.0	0.0	0.0	0.0	0.00032	0.0	0.0	0.0	34.3993	0.0	0.0	0.0	0.0	1	0	0	0	26	0	0	0	0	0	0	0	0	0	0	0	0	0	7	0	0	0	24	0	0	0	0	5	0	0	0	0	0	0	0	0	2	0	0	0	0	0	0	0	0	10	0	0	0	0	0	0	0	0	0.092379	0.0	0.0	0.0	0.40292	0.0	0.0	0.0	0.0	0.186512	0.0	0.0	0.0	0.813488	0.0	0.0	0.0	0.0	
53	80	1936.378389942	1946.0	1946.0	3.41339	0.746049	25	0	0	0	51	0	0	0	0	0.092379	0.0	0.0	0.0	0.439618	0.0	0.0	0.0	0.0	0.008008	0.0	0.0	0.0	1900.01	0.0	0.0	0.0	0.0	0.00032	0.0	0.0	0.0	37.255	0.0	0.0	0.0	0.0	1	0	0	0	27	0	0	0	0	0	0	0	0	0	0	0	0	0	7	0	0	0	24	0	0	0	0	5	0	0	0	0	0	0	0	0	2	0	0	0	0	0	0	0	0	10	0	0	0	0	0	0	0	0	0.092379	0.0	0.0	0.0	0.439618	0.0	0.0	0.0	0.0	0.173645	0.0	0.0	0.0	0.826355	0.0	0.0	0.0	0.0	
54	82	2010.695576954	1946.0	1946.0	2.41448	0.66089	26	0	0	0	52	0	0	0	0	0.083141	0.0	0.0	0.0	0.41348	0.0	0.0	0.0	0.0	0.008279	0.0	0.0	0.0	1974.32	0.0	0.0	0.0	0.0	0.000318	0.0	0.0	0.0	37.9677	0.0	0.0	0.0	0.0	1	0	0	0	27	0	0	0	0	0	0	0	0	0	0	0	0	0	7	0	0	0	25	0	0	0	0	5	0	0	0	0	0	0	0	0	2	0	0	0	0	0	0	0	0	11	0	0	0	0	0	0	0	0	0.083141	0.0	0.0	0.0	0.41348	0.0	0.0	0.0	0.0	0.167413	0.0	0.0	0.0	0.832587	0.0	0.0	0.0	0.0	
55	83	2026.072936053	1946.0	1946.0	2.09295	0.620149	26	0	0	0	53	0	0	0	0	0.083141	0.0	0.0	0.0	0.388649	0.0	0.0	0.0	0.0	0.008279	0.0	0.0	0.0	1989.7	0.0	0.0	0.0	0.0	0.000318	0.0	0.0	0.0	37.5415	0.0	0.0	0.0	0.0	1	0	0	0	27	0	0	0	0	0	0	0	0	0	0	0	0	0	7	0	0	0	26	0	0	0	0	5	0	0	0	0	0	0	0	0	2	0	0	0	0	0	0	0	0	11	0	0	0	0	0	0	0	0	0.083141	0.0	0.0	0.0	0.388649	0.0	0.0	0.0	0.0	0.176225	0.0	0.0	0.0	0.823775	0.0	0.0	0.0	0.0	
56	84	2037.7853496	1946.0	1946.0	2.03196	0.61132	26	0	0	0	54	0	0	0	0	0.083141	0.0	0.0	0.0	0.36506	0.0	0.0	0.0	0.0	0.008279	0.0	0.0	0.0	2001.41	0.0	0.0	0.0	0.0	0.000318	0.0	0.0	0.0	37.0632	0.0	0.0	0.0	0.0	1	0	0	0	27	0	0	0	0	0	0	0	0	0	0	0	0	0	7	0	0	0	27	0	0	0	0	5	0	0	0	0	0	0	0	0	2	0	0	0	0	0	0	0	0	11	0	0	0	0	0	0	0	0	0.083141	0.0	0.0	0.0	0.36506	0.0	0.0	0.0	0.0	0.185499	0.0	0.0	0.0	0.814501	0.0	0.0	0.0	0.0	
57	85	2051.948720957	1946.0	1946.0	1.98671	0.604505	26	0	0	0	55	0	0	0	0	0.083141	0.0	0.0	0.0	0.34265	0.0	0.0	0.0	0.0	0.008279	0.0	0.0	0.0	2015.58	0.0	0.0	0.0	0.0	0.000318	0.0	0.0	0.0	36.6468	0.0	0.0	0.0	0.0	1	0	0	0	27	0	0	0	0	0	0	0	0	0	0	0	0	0	7	0	0	0	28	0	0	0	0	5	0	0	0	0	0	0	0	0	2	0	0	0	0	0	0	0	0	11	0	0	0	0	0	0	0	0	0.083141	0.0	0.0	0.0	0.34265	0.0	0.0	0.0	0.0	0.195263	0.0	0.0	0.0	0.804737	0.0	0.0	0.0	0.0	
58	87	2065.256573108	1946.0	1946.0	1.93333	0.596162	27	0	0	0	56	0	0	0	0	0.074827	0.0	0.0	0.0	0.321776	0.0	0.0	0.0	0.0	0.008531	0.0	0.0	0.0	2028.88	0.0	0.0	0.0	0.0	0.000316	0.0	0.0	0.0	36.2301	0.0	0.0	0.0	0.0	1	0	0	0	27	0	0	0	0	0	0	0	0	0	0	0	0	0	7	0	0	0	29	0	0	0	0	5	0	0	0	0	0	0	0	0	2	0	0	0	0	0	0	0	0	12	0	0	0	0	0	0	0	0	0.074827	0.0	0.0	0.0	0.321776	0.0	0.0	0.0	0.0	0.18867	0.0	0.0	0.0	0.81133	0.0	0.0	0.0	0.0	
59	88	2075.356281899	1946.0	1946.0	1.88448	0.588222	27	0	0	0	57	0	0	0	0	0.074827	0.0	0.0	0.0	0.301946	0.0	0.0	0.0	0.0	0.008531	0.0	0.0	0.0	2038.98	0.0	0.0	0.0	0.0	0.000316	0.0	0.0	0.0	35.7716	0.0	0.0	0.0	0.0	1	0	0	0	27	0	0	0	0	0	0	0	0	0	0	0	0	0	7	0	0	0	30	0	0	0	0	5	0	0	0	0	0	0	0	0	2	0	0	0	0	0	0	0	0	12	0	0	0	0	0	0	0	0	0.074827	0.0	0.0	0.0	0.301946	0.0	0.0	0.0	0.0	0.1986	0.0	0.0	0.0	0.8014	0.0	0.0	0.0	0.0	
60	89	2086.103376046	1946.0	1946.0	1.84823	0.582132	27	0	0	0	58	0	0	0	0	0.074827	0.0	0.0	0.0	0.283107	0.0	0.0	0.0	0.0	0.008531	0.0	0.0	0.0	2049.73	0.0	0.0	0.0	0.0	0.000316	0.0	0.0	0.0	35.3402	0.0	0.0	0.0	0.0	1	0	0	0	27	0	0	0	0	0	0	0	0	0	0	0	0	0	7	0	0	0	31	0	0	0	0	5	0	0	0	0	0	0	0	0	2	0	0	0	0	0	0	0	0	12	0	0	0	0	0	0	0	0	0.074827	0.0	0.0	0.0	0.283107	0.0	0.0	0.0	0.0	0.209052	0.0	0.0	0.0	0.790948	0.0	0.0	0.0	0.0	
61	90	2110.019212108	1941.0	1941.0	1.81043	0.575592	27	0	0	0	59	0	0	0	0	0.074827	0.0	0.0	0.0	0.328426	0.0	0.0	0.0	0.0	0.008531	0.0	0.0	0.0	2073.65	0.0	0.0	0.0	0.0	0.000316	0.0	0.0	0.0	35.1465	0.0	0.0	0.0	0.0	1	0	0	0	28	0	0	0	0	0	0	0	0	0	0	0	0	0	7	0	0	0	31	0	0	0	0	5	0	0	0	0	0	0	0	0	2	0	0	0	0	0	0	0	0	12	0	0	0	0	0	0	0	0	0.074827	0.0	0.0	0.0	0.328426	0.0	0.0	0.0	0.0	0.185558	0.0	0.0	0.0	0.814442	0.0	0.0	0.0	0.0	
62	91	2290.050848564	1927.5	1927.5	1.72905	0.560822	27	0	0	0	60	0	0	0	0	0.074827	0.0	0.0	0.0	0.369655	0.0	0.0	0.0	0.0	0.008531	0.0	0.0	0.0	2253.68	0.0	0.0	0.0	0.0	0.000316	0.0	0.0	0.0	37.5613	0.0	0.0	0.0	0.0	1	0	0	0	29	0	0	0	0	0	0	0	0	0	0	0	0	0	7	0	0	0	31	0	0	0	0	5	0	0	0	0	0	0	0	0	2	0	0	0	0	0	0	0	0	12	0	0	0	0	0	0	0	0	0.074827	0.0	0.0	0.0	0.369655	0.0	0.0	0.0	0.0	0.168346	0.0	0.0	0.0	0.831654	0.0	0.0	0.0	0.0	
63	92	2293.269439735	1927.5	1927.5	1.22308	0.441485	27	0	0	0	61	0	0	0	0	0.074827	0.0	0.0	0.0	0.347431	0.0	0.0	0.0	0.0	0.008531	0.0	0.0	0.0	2256.9	0.0	0.0	0.0	0.0	0.000316	0.0	0.0	0.0	36.9983	0.0	0.0	0.0	0.0	1	0	0	0	29	0	0	0	0	0	0	0	0	0	0	0	0	0	7	0	0	0	32	0	0	0	0	5	0	0	0	0	0	0	0	0	2	0	0	0	0	0	0	0	0	12	0	0	0	0	0	0	0	0	0.074827	0.0	0.0	0.0	0.347431	0.0	0.0	0.0	0.0	0.177207	0.0	0.0	0.0	0.822793	0.0	0.0	0.0	0.0	
64	93	2297.181512362	1927.5	1927.5	1.21553	0.43925	27	0	0	0	62	0	0	0	0	0.074827	0.0	0.0	0.0	0.326318	0.0	0.0	0.0	0.0	0.008531	0.0	0.0	0.0	2260.81	0.0	0.0	0.0	0.0	0.000316	0.0	0.0	0.0	36.4646	0.0	0.0	0.0	0.0	1	0	0	0	29	0	0	0	0	0	0	0	0	0	0	0	0	0	7	0	0	0	33	0	0	0	0	5	0	0	0	0	0	0	0	0	2	0	0	0	0	0	0	0	0	12	0	0	0	0	0	0	0	0	0.074827	0.0	0.0	0.0	0.326318	0.0	0.0	0.0	0.0	0.186533	0.0	0.0	0.0	0.813467	0.0	0.0	0.0	0.0	
65	94	2316.531380577	1927.5	1927.5	1.20642	0.436529	27	0	0	0	63	0	0	0	0	0.074827	0.0	0.0	0.0	0.306261	0.0	0.0	0.0	0.0	0.008531	0.0	0.0	0.0	2280.16	0.0	0.0	0.0	0.0	0.000316	0.0	0.0	0.0	36.193	0.0	0.0	0.0	0.0	1	0	0	0	29	0	0	0	0	0	0	0	0	0	0	0	0	0	7	0	0	0	34	0	0	0	0	5	0	0	0	0	0	0	0	0	2	0	0	0	0	0	0	0	0	12	0	0	0	0	0	0	0	0	0.074827	0.0	0.0	0.0	0.306261	0.0	0.0	0.0	0.0	0.196351	0.0	0.0	0.0	0.803649	0.0	0.0	0.0	0.0	
66	95	2343.403550539	1927.5	1927.5	1.16235	0.423025	27	0	0	0	64	0	0	0	0	0.074827	0.0	0.0	0.0	0.287206	0.0	0.0	0.0	0.0	0.008531	0.0	0.0	0.0	2307.03	0.0	0.0	0.0	0.0	0.000316	0.0	0.0	0.0	36.0473	0.0	0.0	0.0	0.0	1	0	0	0	29	0	0	0	0	0	0	0	0	0	0	0	0	0	7	0	0	0	35	0	0	0	0	5	0	0	0	0	0	0	0	0	2	0	0	0	0	0	0	0	0	12	0	0	0	0	0	0	0	0	0.074827	0.0	0.0	0.0	0.287206	0.0	0.0	0.0	0.0	0.206685	0.0	0.0	0.0	0.793315	0.0	0.0	0.0	0.0	
67	96	2356.379503183	1927.5	1927.5	1.10381	0.404158	27	0	0	0	65	0	0	0	0	0.074827	0.0	0.0	0.0	0.269105	0.0	0.0	0.0	0.0	0.008531	0.0	0.0	0.0	2320.01	0.0	0.0	0.0	0.0	0.000316	0.0	0.0	0.0	35.6924	0.0	0.0	0.0	0.0	1	0	0	0	29	0	0	0	0	0	0	0	0	0	0	0	0	0	7	0	0	0	36	0	0	0	0	5	0	0	0	0	0	0	0	0	2	0	0	0	0	0	0	0	0	12	0	0	0	0	0	0	0	0	0.074827	0.0	0.0	0.0	0.269105	0.0	0.0	0.0	0.0	0.217563	0.0	0.0	0.0	0.782437	0.0	0.0	0.0	0.0	
68	98	2382.89713012	1927.5	1927.5	1.07661	0.395011	28	0	0	0	66	0	0	0	0	0.067344	0.0	0.0	0.0	0.252282	0.0	0.0	0.0	0.0	0.008806	0.0	0.0	0.0	2346.52	0.0	0.0	0.0	0.0	0.000314	0.0	0.0	0.0	35.5534	0.0	0.0	0.0	0.0	1	0	0	0	29	0	0	0	0	0	0	0	0	0	0	0	0	0	7	0	0	0	37	0	0	0	0	5	0	0	0	0	0	0	0	0	2	0	0	0	0	0	0	0	0	13	0	0	0	0	0	0	0	0	0.067344	0.0	0.0	0.0	0.252282	0.0	0.0	0.0	0.0	0.210697	0.0	0.0	0.0	0.789303	0.0	0.0	0.0	0.0	
69	99	2408.702086278	1925.5	1925.5	1.02309	0.376275	28	0	0	0	67	0	0	0	0	0.067344	0.0	0.0	0.0	0.299648	0.0	0.0	0.0	0.0	0.008806	0.0	0.0	0.0	2372.33	0.0	0.0	0.0	0.0	0.000314	0.0	0.0	0.0	35.4079	0.0	0.0	0.0	0.0	1	0	0	0	30	0	0	0	0	0	0	0	0	0	0	0	0	0	7	0	0	0	37	0	0	0	0	5	0	0	0	0	0	0	0	0	2	0	0	0	0	0	0	0	0	13	0	0	0	0	0	0	0	0	0.067344	0.0	0.0	0.0	0.299648	0.0	0.0	0.0	0.0	0.183503	0.0	0.0	0.0	0.816497	0.0	0.0	0.0	0.0	
70	101	2431.394259207	1925.5	1925.5	0.973556	0.358021	29	0	0	0	68	0	0	0	0	0.06061	0.0	0.0	0.0	0.281635	0.0	0.0	0.0	0.0	0.009175	0.0	0.0	0.0	2395.02	0.0	0.0	0.0	0.0	0.000316	0.0	0.0	0.0	35.2209	0.0	0.0	0.0	0.0	1	0	0	0	30	0	0	0	0	0	0	0	0	0	0	0	0	0	8	0	0	0	38	0	0	0	0	5	0	0	0	0	0	0	0	0	2	0	0	0	0	0	0	0	0	13	0	0	0	0	0	0	0	0	0.06061	0.0	0.0	0.0	0.281635	0.0	0.0	0.0	0.0	0.177095	0.0	0.0	0.0	0.822905	0.0	0.0	0.0	0.0	
71	102	2446.221530948	1921.2	1921.2	0.931987	0.341989	29	0	0	0	69	0	0	0	0	0.06061	0.0	0.0	0.0	0.325283	0.0	0.0	0.0	0.0	0.009175	0.0	0.0	0.0	2409.85	0.0	0.0	0.0	0.0	0.000316	0.0	0.0	0.0	34.9253	0.0	0.0	0.0	0.0	1	0	0	0	31	0	0	0	0	0	0	0	0	0	0	0	0	0	8	0	0	0	38	0	0	0	0	5	0	0	0	0	0	0	0	0	2	0	0	0	0	0	0	0	0	13	0	0	0	0	0	0	0	0	0.06061	0.0	0.0	0.0	0.325283	0.0	0.0	0.0	0.0	0.157064	0.0	0.0	0.0	0.842936	0.0	0.0	0.0	0.0	
72	103	2458.127410668	1921.2	1921.2	0.905788	0.331539	29	0	0	0	70	0	0	0	0	0.06061	0.0	0.0	0.0	0.305988	0.0	0.0	0.0	0.0	0.009175	0.0	0.0	0.0	2421.75	0.0	0.0	0.0	0.0	0.000316	0.0	0.0	0.0	34.5965	0.0	0.0	0.0	0.0	1	0	0	0	31	0	0	0	0	0	0	0	0	0	0	0	0	0	8	0	0	0	39	0	0	0	0	5	0	0	0	0	0	0	0	0	2	0	0	0	0	0	0	0	0	13	0	0	0	0	0	0	0	0	0.06061	0.0	0.0	0.0	0.305988	0.0	0.0	0.0	0.0	0.16533	0.0	0.0	0.0	0.83467	0.0	0.0	0.0	0.0	
73	104	2460.730965605	1921.2	1921.2	0.885285	0.323169	29	0	0	0	71	0	0	0	0	0.06061	0.0	0.0	0.0	0.287659	0.0	0.0	0.0	0.0	0.009175	0.0	0.0	0.0	2424.36	0.0	0.0	0.0	0.0	0.000316	0.0	0.0	0.0	34.1459	0.0	0.0	0.0	0.0	1	0	0	0	31	0	0	0	0	0	0	0	0	0	0	0	0	0	8	0	0	0	40	0	0	0	0	5	0	0	0	0	0	0	0	0	2	0	0	0	0	0	0	0	0	13	0	0	0	0	0	0	0	0	0.06061	0.0	0.0	0.0	0.287659	0.0	0.0	0.0	0.0	0.174032	0.0	0.0	0.0	0.825968	0.0	0.0	0.0	0.0	
74	105	2471.127403751	1921.2	1921.2	0.880864	0.321342	29	0	0	0	72	0	0	0	0	0.06061	0.0	0.0	0.0	0.270245	0.0	0.0	0.0	0.0	0.009175	0.0	0.0	0.0	2434.75	0.0	0.0	0.0	0.0	0.000316	0.0	0.0	0.0	33.816	0.0	0.0	0.0	0.0	1	0	0	0	31	0	0	0	0	0	0	0	0	0	0	0	0	0	8	0	0	0	41	0	0	0	0	5	0	0	0	0	0	0	0	0	2	0	0	0	0	0	0	0	0	13	0	0	0	0	0	0	0	0	0.06061	0.0	0.0	0.0	0.270245	0.0	0.0	0.0	0.0	0.183191	0.0	0.0	0.0	0.816809	0.0	0.0	0.0	0.0	
75	106	2477.472349059	1921.2	1921.2	0.863428	0.314059	29	0	0	0	73	0	0	0	0	0.06061	0.0	0.0	0.0	0.253702	0.0	0.0	0.0	0.0	0.009175	0.0	0.0	0.0	2441.1	0.0	0.0	0.0	0.0	0.000316	0.0	0.0	0.0	33.4397	0.0	0.0	0.0	0.0	1	0	0	0	31	0	0	0	0	0	0	0	0	0	0	0	0	0	8	0	0	0	42	0	0	0	0	5	0	0	0	0	0	0	0	0	2	0	0	0	0	0	0	0	0	13	0	0	0	0	0	0	0	0	0.06061	0.0	0.0	0.0	0.253702	0.0	0.0	0.0	0.0	0.192833	0.0	0.0	0.0	0.807167	0.0	0.0	0.0	0.0	
76	107	2489.668899531	1921.2	1921.2	0.852957	0.309626	29	0	0	0	74	0	0	0	0	0.06061	0.0	0.0	0.0	0.237987	0.0	0.0	0.0	0.0	0.009175	0.0	0.0	0.0	2453.29	0.0	0.0	0.0	0.0	0.000316	0.0	0.0	0.0	33.1526	0.0	0.0	0.0	0.0	1	0	0	0	31	0	0	0	0	0	0	0	0	0	0	0	0	0	8	0	0	0	43	0	0	0	0	5	0	0	0	0	0	0	0	0	2	0	0	0	0	0	0	0	0	13	0	0	0	0	0	0	0	0	0.06061	0.0	0.0	0.0	0.237987	0.0	0.0	0.0	0.0	0.202982	0.0	0.0	0.0	0.797018	0.0	0.0	0.0	0.0	
77	109	2497.219913597	1921.2	1921.2	0.833184	0.30113	30	0	0	0	75	0	0	0	0	0.054549	0.0	0.0	0.0	0.22336	0.0	0.0	0.0	0.0	0.009414	0.0	0.0	0.0	2460.85	0.0	0.0	0.0	0.0	0.000314	0.0	0.0	0.0	32.8113	0.0	0.0	0.0	0.0	1	0	0	0	31	0	0	0	0	0	0	0	0	0	0	0	0	0	8	0	0	0	44	0	0	0	0	5	0	0	0	0	0	0	0	0	2	0	0	0	0	0	0	0	0	14	0	0	0	0	0	0	0	0	0.054549	0.0	0.0	0.0	0.22336	0.0	0.0	0.0	0.0	0.196283	0.0	0.0	0.0	0.803717	0.0	0.0	0.0	0.0	
78	110	2606.136687957	1917.2	1917.2	0.821174	0.29589	30	0	0	0	76	0	0	0	0	0.054549	0.0	0.0	0.0	0.271676	0.0	0.0	0.0	0.0	0.009414	0.0	0.0	0.0	2569.76	0.0	0.0	0.0	0.0	0.000314	0.0	0.0	0.0	33.8127	0.0	0.0	0.0	0.0	1	0	0	0	32	0	0	0	0	0	0	0	0	0	0	0	0	0	8	0	0	0	44	0	0	0	0	5	0	0	0	0	0	0	0	0	2	0	0	0	0	0	0	0	0	14	0	0	0	0	0	0	0	0	0.054549	0.0	0.0	0.0	0.271676	0.0	0.0	0.0	0.0	0.167213	0.0	0.0	0.0	0.832787	0.0	0.0	0.0	0.0	
79	111	2656.88626281	1917.2	1917.2	0.665998	0.222794	30	0	0	0	77	0	0	0	0	0.054549	0.0	0.0	0.0	0.255364	0.0	0.0	0.0	0.0	0.009414	0.0	0.0	0.0	2620.51	0.0	0.0	0.0	0.0	0.000314	0.0	0.0	0.0	34.0326	0.0	0.0	0.0	0.0	1	0	0	0	32	0	0	0	0	0	0	0	0	0	0	0	0	0	8	0	0	0	45	0	0	0	0	5	0	0	0	0	0	0	0	0	2	0	0	0	0	0	0	0	0	14	0	0	0	0	0	0	0	0	0.054549	0.0	0.0	0.0	0.255364	0.0	0.0	0.0	0.0	0.176013	0.0	0.0	0.0	0.823987	0.0	0.0	0.0	0.0	
80	114	2666.929284375	1917.2	1917.2	0.604072	0.19101	32	0	0	0	78	0	0	0	0	0.044184	0.0	0.0	0.0	0.240387	0.0	0.0	0.0	0.0	0.009807	0.0	0.0	0.0	2630.55	0.0	0.0	0.0	0.0	0.000306	0.0	0.0	0.0	33.7251	0.0	0.0	0.0	0.0	1	0	0	0	32	0	0	0	0	0	0	0	0	0	0	0	0	0	8	0	0	0	46	0	0	0	0	5	0	0	0	0	0	0	0	0	2	0	0	0	0	0	0	0	0	16	0	0	0	0	0	0	0	0	0.044184	0.0	0.0	0.0	0.240387	0.0	0.0	0.0	0.0	0.155267	0.0	0.0	0.0	0.844733	0.0	0.0	0.0	0.0	
81	115	2688.544783168	1917.2	1917.2	0.592518	0.184942	32	0	0	0	79	0	0	0	0	0.044184	0.0	0.0	0.0	0.226158	0.0	0.0	0.0	0.0	0.009807	0.0	0.0	0.0	2652.17	0.0	0.0	0.0	0.0	0.000306	0.0	0.0	0.0	33.5718	0.0	0.0	0.0	0.0	1	0	0	0	32	0	0	0	0	0	0	0	0	0	0	0	0	0	8	0	0	0	47	0	0	0	0	5	0	0	0	0	0	0	0	0	2	0	0	0	0	0	0	0	0	16	0	0	0	0	0	0	0	0	0.044184	0.0	0.0	0.0	0.226158	0.0	0.0	0.0	0.0	0.163439	0.0	0.0	0.0	0.836561	0.0	0.0	0.0	0.0	
82	116	2701.803619883	1917.2	1917.2	0.568394	0.172158	32	0	0	0	80	0	0	0	0	0.044184	0.0	0.0	0.0	0.212641	0.0	0.0	0.0	0.0	0.009807	0.0	0.0	0.0	2665.43	0.0	0.0	0.0	0.0	0.000306	0.0	0.0	0.0	33.3179	0.0	0.0	0.0	0.0	1	0	0	0	32	0	0	0	0	0	0	0	0	0	0	0	0	0	8	0	0	0	48	0	0	0	0	5	0	0	0	0	0	0	0	0	2	0	0	0	0	0	0	0	0	16	0	0	0	0	0	0	0	0	0.044184	0.0	0.0	0.0	0.212641	0.0	0.0	0.0	0.0	0.172041	0.0	0.0	0.0	0.827959	0.0	0.0	0.0	0.0	
83	121	2707.823731678	1917.2	1917.2	0.554084	0.16451	36	0	0	0	81	0	0	0	0	0.02899	0.0	0.0	0.0	0.20056	0.0	0.0	0.0	0.0	0.010464	0.0	0.0	0.0	2671.45	0.0	0.0	0.0	0.0	0.000291	0.0	0.0	0.0	32.9808	0.0	0.0	0.0	0.0	1	0	0	0	32	0	0	0	0	0	0	0	0	0	0	0	0	0	8	0	0	0	49	0	0	0	0	5	0	0	0	0	0	0	0	0	2	0	0	0	0	0	0	0	0	20	0	0	0	0	0	0	0	0	0.02899	0.0	0.0	0.0	0.20056	0.0	0.0	0.0	0.0	0.126289	0.0	0.0	0.0	0.873711	0.0	0.0	0.0	0.0	
84	122	2712.326933607	1917.2	1917.2	0.547707	0.16109	36	0	0	0	82	0	0	0	0	0.02899	0.0	0.0	0.0	0.189082	0.0	0.0	0.0	0.0	0.010464	0.0	0.0	0.0	2675.95	0.0	0.0	0.0	0.0	0.000291	0.0	0.0	0.0	32.6335	0.0	0.0	0.0	0.0	1	0	0	0	32	0	0	0	0	0	0	0	0	0	0	0	0	0	8	0	0	0	50	0	0	0	0	5	0	0	0	0	0	0	0	0	2	0	0	0	0	0	0	0	0	20	0	0	0	0	0	0	0	0	0.02899	0.0	0.0	0.0	0.189082	0.0	0.0	0.0	0.0	0.132936	0.0	0.0	0.0	0.867064	0.0	0.0	0.0	0.0	
85	123	2715.941373106	1917.2	1917.2	0.542984	0.158552	36	0	0	0	83	0	0	0	0	0.02899	0.0	0.0	0.0	0.178179	0.0	0.0	0.0	0.0	0.010464	0.0	0.0	0.0	2679.57	0.0	0.0	0.0	0.0	0.000291	0.0	0.0	0.0	32.2839	0.0	0.0	0.0	0.0	1	0	0	0	32	0	0	0	0	0	0	0	0	0	0	0	0	0	8	0	0	0	51	0	0	0	0	5	0	0	0	0	0	0	0	0	2	0	0	0	0	0	0	0	0	20	0	0	0	0	0	0	0	0	0.02899	0.0	0.0	0.0	0.178179	0.0	0.0	0.0	0.0	0.139932	0.0	0.0	0.0	0.860068	0.0	0.0	0.0	0.0	
86	124	2726.06542378	1917.2	1917.2	0.539224	0.156528	36	0	0	0	84	0	0	0	0	0.02899	0.0	0.0	0.0	0.16782	0.0	0.0	0.0	0.0	0.010464	0.0	0.0	0.0	2689.69	0.0	0.0	0.0	0.0	0.000291	0.0	0.0	0.0	32.0201	0.0	0.0	0.0	0.0	1	0	0	0	32	0	0	0	0	0	0	0	0	0	0	0	0	0	8	0	0	0	52	0	0	0	0	5	0	0	0	0	0	0	0	0	2	0	0	0	0	0	0	0	0	20	0	0	0	0	0	0	0	0	0.02899	0.0	0.0	0.0	0.16782	0.0	0.0	0.0	0.0	0.147297	0.0	0.0	0.0	0.852703	0.0	0.0	0.0	0.0	
87	125	2731.505674066	1917.2	1917.2	0.528827	0.150924	36	0	0	0	85	0	0	0	0	0.02899	0.0	0.0	0.0	0.15798	0.0	0.0	0.0	0.0	0.010464	0.0	0.0	0.0	2695.13	0.0	0.0	0.0	0.0	0.000291	0.0	0.0	0.0	31.7074	0.0	0.0	0.0	0.0	1	0	0	0	32	0	0	0	0	0	0	0	0	0	0	0	0	0	8	0	0	0	53	0	0	0	0	5	0	0	0	0	0	0	0	0	2	0	0	0	0	0	0	0	0	20	0	0	0	0	0	0	0	0	0.02899	0.0	0.0	0.0	0.15798	0.0	0.0	0.0	0.0	0.15505	0.0	0.0	0.0	0.84495	0.0	0.0	0.0	0.0	
88	126	2749.300042899	1917.2	1917.2	0.523323	0.147952	36	0	0	0	86	0	0	0	0	0.02899	0.0	0.0	0.0	0.148631	0.0	0.0	0.0	0.0	0.010464	0.0	0.0	0.0	2712.92	0.0	0.0	0.0	0.0	0.000291	0.0	0.0	0.0	31.5456	0.0	0.0	0.0	0.0	1	0	0	0	32	0	0	0	0	0	0	0	0	0	0	0	0	0	8	0	0	0	54	0	0	0	0	5	0	0	0	0	0	0	0	0	2	0	0	0	0	0	0	0	0	20	0	0	0	0	0	0	0	0	0.02899	0.0	0.0	0.0	0.148631	0.0	0.0	0.0	0.0	0.16321	0.0	0.0	0.0	0.83679	0.0	0.0	0.0	0.0	
89	127	2754.37719033	1909.2	1909.2	0.505719	0.138431	36	0	0	0	87	0	0	0	0	0.02899	0.0	0.0	0.0	0.199502	0.0	0.0	0.0	0.0	0.010464	0.0	0.0	0.0	2718.0	0.0	0.0	0.0	0.0	0.000291	0.0	0.0	0.0	31.2414	0.0	0.0	0.0	0.0	1	0	0	0	33	0	0	0	0	0	0	0	0	0	0	0	0	0	8	0	0	0	54	0	0	0	0	5	0	0	0	0	0	0	0	0	2	0	0	0	0	0	0	0	0	20	0	0	0	0	0	0	0	0	0.02899	0.0	0.0	0.0	0.199502	0.0	0.0	0.0	0.0	0.126873	0.0	0.0	0.0	0.873127	0.0	0.0	0.0	0.0	
90	128	2761.479486855	1909.2	1909.2	0.500805	0.135771	36	0	0	0	88	0	0	0	0	0.02899	0.0	0.0	0.0	0.188078	0.0	0.0	0.0	0.0	0.010464	0.0	0.0	0.0	2725.1	0.0	0.0	0.0	0.0	0.000291	0.0	0.0	0.0	30.9671	0.0	0.0	0.0	0.0	1	0	0	0	33	0	0	0	0	0	0	0	0	0	0	0	0	0	8	0	0	0	55	0	0	0	0	5	0	0	0	0	0	0	0	0	2	0	0	0	0	0	0	0	0	20	0	0	0	0	0	0	0	0	0.02899	0.0	0.0	0.0	0.188078	0.0	0.0	0.0	0.0	0.133551	0.0	0.0	0.0	0.866449	0.0	0.0	0.0	0.0	
91	130	2766.251940796	1909.2	1909.2	0.494012	0.132094	37	0	0	0	89	0	0	0	0	0.02609	0.0	0.0	0.0	0.177369	0.0	0.0	0.0	0.0	0.01085	0.0	0.0	0.0	2729.88	0.0	0.0	0.0	0.0	0.000293	0.0	0.0	0.0	30.6728	0.0	0.0	0.0	0.0	1	0	0	0	33	0	0	0	0	0	0	0	0	0	0	0	0	0	9	0	0	0	56	0	0	0	0	5	0	0	0	0	0	0	0	0	2	0	0	0	0	0	0	0	0	20	0	0	0	0	0	0	0	0	0.02609	0.0	0.0	0.0	0.177369	0.0	0.0	0.0	0.0	0.128234	0.0	0.0	0.0	0.871766	0.0	0.0	0.0	0.0	
92	131	2781.443956456	1909.2	1909.2	0.489499	0.129651	37	0	0	0	90	0	0	0	0	0.02609	0.0	0.0	0.0	0.167196	0.0	0.0	0.0	0.0	0.01085	0.0	0.0	0.0	2745.07	0.0	0.0	0.0	0.0	0.000293	0.0	0.0	0.0	30.5007	0.0	0.0	0.0	0.0	1	0	0	0	33	0	0	0	0	0	0	0	0	0	0	0	0	0	9	0	0	0	57	0	0	0	0	5	0	0	0	0	0	0	0	0	2	0	0	0	0	0	0	0	0	20	0	0	0	0	0	0	0	0	0.02609	0.0	0.0	0.0	0.167196	0.0	0.0	0.0	0.0	0.134983	0.0	0.0	0.0	0.865017	0.0	0.0	0.0	0.0	
93	132	2800.518630564	1909.2	1909.2	0.475405	0.122032	37	0	0	0	91	0	0	0	0	0.02609	0.0	0.0	0.0	0.157532	0.0	0.0	0.0	0.0	0.01085	0.0	0.0	0.0	2764.14	0.0	0.0	0.0	0.0	0.000293	0.0	0.0	0.0	30.3752	0.0	0.0	0.0	0.0	1	0	0	0	33	0	0	0	0	0	0	0	0	0	0	0	0	0	9	0	0	0	58	0	0	0	0	5	0	0	0	0	0	0	0	0	2	0	0	0	0	0	0	0	0	20	0	0	0	0	0	0	0	0	0.02609	0.0	0.0	0.0	0.157532	0.0	0.0	0.0	0.0	0.142088	0.0	0.0	0.0	0.857912	0.0	0.0	0.0	0.0	
94	133	2828.216861549	1909.2	1909.2	0.458283	0.112809	37	0	0	0	92	0	0	0	0	0.02609	0.0	0.0	0.0	0.148351	0.0	0.0	0.0	0.0	0.01085	0.0	0.0	0.0	2791.84	0.0	0.0	0.0	0.0	0.000293	0.0	0.0	0.0	30.3461	0.0	0.0	0.0	0.0	1	0	0	0	33	0	0	0	0	0	0	0	0	0	0	0	0	0	9	0	0	0	59	0	0	0	0	5	0	0	0	0	0	0	0	0	2	0	0	0	0	0	0	0	0	20	0	0	0	0	0	0	0	0	0.02609	0.0	0.0	0.0	0.148351	0.0	0.0	0.0	0.0	0.149566	0.0	0.0	0.0	0.850434	0.0	0.0	0.0	0.0	
95	134	2835.566469242	1900.7	1900.7	0.434512	0.100115	37	0	0	0	93	0	0	0	0	0.02609	0.0	0.0	0.0	0.198422	0.0	0.0	0.0	0.0	0.01085	0.0	0.0	0.0	2799.19	0.0	0.0	0.0	0.0	0.000293	0.0	0.0	0.0	30.0988	0.0	0.0	0.0	0.0	1	0	0	0	34	0	0	0	0	0	0	0	0	0	0	0	0	0	9	0	0	0	59	0	0	0	0	5	0	0	0	0	0	0	0	0	2	0	0	0	0	0	0	0	0	20	0	0	0	0	0	0	0	0	0.02609	0.0	0.0	0.0	0.198422	0.0	0.0	0.0	0.0	0.11621	0.0	0.0	0.0	0.88379	0.0	0.0	0.0	0.0	
96	135	2838.645930075	1900.7	1900.7	0.428414	0.096889	37	0	0	0	94	0	0	0	0	0.02609	0.0	0.0	0.0	0.187197	0.0	0.0	0.0	0.0	0.01085	0.0	0.0	0.0	2802.27	0.0	0.0	0.0	0.0	0.000293	0.0	0.0	0.0	29.8114	0.0	0.0	0.0	0.0	1	0	0	0	34	0	0	0	0	0	0	0	0	0	0	0	0	0	9	0	0	0	60	0	0	0	0	5	0	0	0	0	0	0	0	0	2	0	0	0	0	0	0	0	0	20	0	0	0	0	0	0	0	0	0.02609	0.0	0.0	0.0	0.187197	0.0	0.0	0.0	0.0	0.122326	0.0	0.0	0.0	0.877674	0.0	0.0	0.0	0.0	
97	136	2845.898694384	1900.7	1900.7	0.425884	0.095555	37	0	0	0	95	0	0	0	0	0.02609	0.0	0.0	0.0	0.176532	0.0	0.0	0.0	0.0	0.01085	0.0	0.0	0.0	2809.52	0.0	0.0	0.0	0.0	0.000293	0.0	0.0	0.0	29.5739	0.0	0.0	0.0	0.0	1	0	0	0	34	0	0	0	0	0	0	0	0	0	0	0	0	0	9	0	0	0	61	0	0	0	0	5	0	0	0	0	0	0	0	0	2	0	0	0	0	0	0	0	0	20	0	0	0	0	0	0	0	0	0.02609	0.0	0.0	0.0	0.176532	0.0	0.0	0.0	0.0	0.128764	0.0	0.0	0.0	0.871236	0.0	0.0	0.0	0.0	
98	137	2949.210960619	1900.7	1900.7	0.419986	0.092455	37	0	0	0	96	0	0	0	0	0.02609	0.0	0.0	0.0	0.166401	0.0	0.0	0.0	0.0	0.01085	0.0	0.0	0.0	2912.83	0.0	0.0	0.0	0.0	0.000293	0.0	0.0	0.0	30.342	0.0	0.0	0.0	0.0	1	0	0	0	34	0	0	0	0	0	0	0	0	0	0	0	0	0	9	0	0	0	62	0	0	0	0	5	0	0	0	0	0	0	0	0	2	0	0	0	0	0	0	0	0	20	0	0	0	0	0	0	0	0	0.02609	0.0	0.0	0.0	0.166401	0.0	0.0	0.0	0.0	0.135541	0.0	0.0	0.0	0.864459	0.0	0.0	0.0	0.0	
99	138	2953.027785126	1900.7	1900.7	0.344312	0.054785	37	0	0	0	97	0	0	0	0	0.02609	0.0	0.0	0.0	0.156777	0.0	0.0	0.0	0.0	0.01085	0.0	0.0	0.0	2916.65	0.0	0.0	0.0	0.0	0.000293	0.0	0.0	0.0	30.0686	0.0	0.0	0.0	0.0	1	0	0	0	34	0	0	0	0	0	0	0	0	0	0	0	0	0	9	0	0	0	63	0	0	0	0	5	0	0	0	0	0	0	0	0	2	0	0	0	0	0	0	0	0	20	0	0	0	0	0	0	0	0	0.02609	0.0	0.0	0.0	0.156777	0.0	0.0	0.0	0.0	0.142675	0.0	0.0	0.0	0.857325	0.0	0.0	0.0	0.0	
100	140	2979.570457641	1900.7	1900.7	0.341794	0.053625	38	0	0	0	98	0	0	0	0	0.023482	0.0	0.0	0.0	0.147764	0.0	0.0	0.0	0.0	0.0112	0.0	0.0	0.0	2943.19	0.0	0.0	0.0	0.0	0.000295	0.0	0.0	0.0	30.0326	0.0	0.0	0.0	0.0	1	0	0	0	34	0	0	0	0	0	0	0	0	0	0	0	0	0	10	0	0	0	64	0	0	0	0	5	0	0	0	0	0	0	0	0	2	0	0	0	0	0	0	0	0	20	0	0	0	0	0	0	0	0	0.023482	0.0	0.0	0.0	0.147764	0.0	0.0	0.0	0.0	0.137122	0.0	0.0	0.0	0.862878	0.0	0.0	0.0	0.0	
101	141	2986.065410458	1900.7	1900.7	0.324786	0.046008	38	0	0	0	99	0	0	0	0	0.023482	0.0	0.0	0.0	0.139201	0.0	0.0	0.0	0.0	0.0112	0.0	0.0	0.0	2949.69	0.0	0.0	0.0	0.0	0.000295	0.0	0.0	0.0	29.7948	0.0	0.0	0.0	0.0	1	0	0	0	34	0	0	0	0	0	0	0	0	0	0	0	0	0	10	0	0	0	65	0	0	0	0	5	0	0	0	0	0	0	0	0	2	0	0	0	0	0	0	0	0	20	0	0	0	0	0	0	0	0	0.023482	0.0	0.0	0.0	0.139201	0.0	0.0	0.0	0.0	0.144339	0.0	0.0	0.0	0.855661	0.0	0.0	0.0	0.0	
102	142	2991.479657069	1900.7	1900.7	0.320755	0.044261	38	0	0	0	100	0	0	0	0	0.023482	0.0	0.0	0.0	0.131067	0.0	0.0	0.0	0.0	0.0112	0.0	0.0	0.0	2955.1	0.0	0.0	0.0	0.0	0.000295	0.0	0.0	0.0	29.551	0.0	0.0	0.0	0.0	1	0	0	0	34	0	0	0	0	0	0	0	0	0	0	0	0	0	10	0	0	0	66	0	0	0	0	5	0	0	0	0	0	0	0	0	2	0	0	0	0	0	0	0	0	20	0	0	0	0	0	0	0	0	0.023482	0.0	0.0	0.0	0.131067	0.0	0.0	0.0	0.0	0.151936	0.0	0.0	0.0	0.848064	0.0	0.0	0.0	0.0	
103	143	3000.148935368	1900.7	1900.7	0.317433	0.04284	38	0	0	0	101	0	0	0	0	0.023482	0.0	0.0	0.0	0.12334	0.0	0.0	0.0	0.0	0.0112	0.0	0.0	0.0	2963.77	0.0	0.0	0.0	0.0	0.000295	0.0	0.0	0.0	29.3443	0.0	0.0	0.0	0.0	1	0	0	0	34	0	0	0	0	0	0	0	0	0	0	0	0	0	10	0	0	0	67	0	0	0	0	5	0	0	0	0	0	0	0	0	2	0	0	0	0	0	0	0	0	20	0	0	0	0	0	0	0	0	0.023482	0.0	0.0	0.0	0.12334	0.0	0.0	0.0	0.0	0.159932	0.0	0.0	0.0	0.840068	0.0	0.0	0.0	0.0	
104	144	3010.733828489	1900.7	1900.7	0.312185	0.040631	38	0	0	0	102	0	0	0	0	0.023482	0.0	0.0	0.0	0.115999	0.0	0.0	0.0	0.0	0.0112	0.0	0.0	0.0	2974.36	0.0	0.0	0.0	0.0	0.000295	0.0	0.0	0.0	29.1604	0.0	0.0	0.0	0.0	1	0	0	0	34	0	0	0	0	0	0	0	0	0	0	0	0	0	10	0	0	0	68	0	0	0	0	5	0	0	0	0	0	0	0	0	2	0	0	0	0	0	0	0	0	20	0	0	0	0	0	0	0	0	0.023482	0.0	0.0	0.0	0.115999	0.0	0.0	0.0	0.0	0.16835	0.0	0.0	0.0	0.83165	0.0	0.0	0.0	0.0	
105	145	3030.867539121	1900.7	1900.7	0.305894	0.038041	38	0	0	0	103	0	0	0	0	0.023482	0.0	0.0	0.0	0.109025	0.0	0.0	0.0	0.0	0.0112	0.0	0.0	0.0	2994.49	0.0	0.0	0.0	0.0	0.000295	0.0	0.0	0.0	29.0727	0.0	0.0	0.0	0.0	1	0	0	0	34	0	0	0	0	0	0	0	0	0	0	0	0	0	10	0	0	0	69	0	0	0	0	5	0	0	0	0	0	0	0	0	2	0	0	0	0	0	0	0	0	20	0	0	0	0	0	0	0	0	0.023482	0.0	0.0	0.0	0.109025	0.0	0.0	0.0	0.0	0.17721	0.0	0.0	0.0	0.82279	0.0	0.0	0.0	0.0	
106	146	3043.51746138	1900.7	1900.7	0.294277	0.033435	38	0	0	0	104	0	0	0	0	0.023482	0.0	0.0	0.0	0.102399	0.0	0.0	0.0	0.0	0.0112	0.0	0.0	0.0	3007.14	0.0	0.0	0.0	0.0	0.000295	0.0	0.0	0.0	28.9148	0.0	0.0	0.0	0.0	1	0	0	0	34	0	0	0	0	0	0	0	0	0	0	0	0	0	10	0	0	0	70	0	0	0	0	5	0	0	0	0	0	0	0	0	2	0	0	0	0	0	0	0	0	20	0	0	0	0	0	0	0	0	0.023482	0.0	0.0	0.0	0.102399	0.0	0.0	0.0	0.0	0.186537	0.0	0.0	0.0	0.813463	0.0	0.0	0.0	0.0	
107	147	3055.964904357	1900.7	1900.7	0.287205	0.030751	38	0	0	0	105	0	0	0	0	0.023482	0.0	0.0	0.0	0.096105	0.0	0.0	0.0	0.0	0.0112	0.0	0.0	0.0	3019.59	0.0	0.0	0.0	0.0	0.000295	0.0	0.0	0.0	28.758	0.0	0.0	0.0	0.0	1	0	0	0	34	0	0	0	0	0	0	0	0	0	0	0	0	0	10	0	0	0	71	0	0	0	0	5	0	0	0	0	0	0	0	0	2	0	0	0	0	0	0	0	0	20	0	0	0	0	0	0	0	0	0.023482	0.0	0.0	0.0	0.096105	0.0	0.0	0.0	0.0	0.196355	0.0	0.0	0.0	0.803645	0.0	0.0	0.0	0.0	
108	148	3112.247926536	1900.7	1900.7	0.280412	0.028264	38	0	0	0	106	0	0	0	0	0.023482	0.0	0.0	0.0	0.090126	0.0	0.0	0.0	0.0	0.0112	0.0	0.0	0.0	3075.87	0.0	0.0	0.0	0.0	0.000295	0.0	0.0	0.0	29.0176	0.0	0.0	0.0	0.0	1	0	0	0	34	0	0	0	0	0	0	0	0	0	0	0	0	0	10	0	0	0	72	0	0	0	0	5	0	0	0	0	0	0	0	0	2	0	0	0	0	0	0	0	0	20	0	0	0	0	0	0	0	0	0.023482	0.0	0.0	0.0	0.090126	0.0	0.0	0.0	0.0	0.206689	0.0	0.0	0.0	0.793311	0.0	0.0	0.0	0.0	
109	150	3132.508997248	1900.7	1900.7	0.251647	0.018801	39	0	0	0	107	0	0	0	0	0.021133	0.0	0.0	0.0	0.084563	0.0	0.0	0.0	0.0	0.011423	0.0	0.0	0.0	3096.13	0.0	0.0	0.0	0.0	0.000293	0.0	0.0	0.0	28.9358	0.0	0.0	0.0	0.0	1	0	0	0	34	0	0	0	0	0	0	0	0	0	0	0	0	0	10	0	0	0	73	0	0	0	0	5	0	0	0	0	0	0	0	0	2	0	0	0	0	0	0	0	0	21	0	0	0	0	0	0	0	0	0.021133	0.0	0.0	0.0	0.084563	0.0	0.0	0.0	0.0	0.199944	0.0	0.0	0.0	0.800056	0.0	0.0	0.0	0.0	
110	151	3148.712677134	1900.7	1900.7	0.242031	0.016055	39	0	0	0	108	0	0	0	0	0.021133	0.0	0.0	0.0	0.079278	0.0	0.0	0.0	0.0	0.011423	0.0	0.0	0.0	3112.34	0.0	0.0	0.0	0.0	0.000293	0.0	0.0	0.0	28.8179	0.0	0.0	0.0	0.0	1	0	0	0	34	0	0	0	0	0	0	0	0	0	0	0	0	0	10	0	0	0	74	0	0	0	0	5	0	0	0	0	0	0	0	0	2	0	0	0	0	0	0	0	0	21	0	0	0	0	0	0	0	0	0.021133	0.0	0.0	0.0	0.079278	0.0	0.0	0.0	0.0	0.210467	0.0	0.0	0.0	0.789533	0.0	0.0	0.0	0.0	
111	152	3154.255399933	1900.7	1900.7	0.234605	0.014087	39	0	0	0	109	0	0	0	0	0.021133	0.0	0.0	0.0	0.074258	0.0	0.0	0.0	0.0	0.011423	0.0	0.0	0.0	3117.88	0.0	0.0	0.0	0.0	0.000293	0.0	0.0	0.0	28.6044	0.0	0.0	0.0	0.0	1	0	0	0	34	0	0	0	0	0	0	0	0	0	0	0	0	0	10	0	0	0	75	0	0	0	0	5	0	0	0	0	0	0	0	0	2	0	0	0	0	0	0	0	0	21	0	0	0	0	0	0	0	0	0.021133	0.0	0.0	0.0	0.074258	0.0	0.0	0.0	0.0	0.221544	0.0	0.0	0.0	0.778456	0.0	0.0	0.0	0.0	
112	153	3167.23954958	1900.7	1900.7	0.232118	0.013458	39	0	0	0	110	0	0	0	0	0.021133	0.0	0.0	0.0	0.069488	0.0	0.0	0.0	0.0	0.011423	0.0	0.0	0.0	3130.86	0.0	0.0	0.0	0.0	0.000293	0.0	0.0	0.0	28.4624	0.0	0.0	0.0	0.0	1	0	0	0	34	0	0	0	0	0	0	0	0	0	0	0	0	0	10	0	0	0	76	0	0	0	0	5	0	0	0	0	0	0	0	0	2	0	0	0	0	0	0	0	0	21	0	0	0	0	0	0	0	0	0.021133	0.0	0.0	0.0	0.069488	0.0	0.0	0.0	0.0	0.233204	0.0	0.0	0.0	0.766796	0.0	0.0	0.0	0.0	
113	154	3180.250388647	1900.7	1900.7	0.226394	0.01207	39	0	0	0	111	0	0	0	0	0.021133	0.0	0.0	0.0	0.064957	0.0	0.0	0.0	0.0	0.011423	0.0	0.0	0.0	3143.87	0.0	0.0	0.0	0.0	0.000293	0.0	0.0	0.0	28.3232	0.0	0.0	0.0	0.0	1	0	0	0	34	0	0	0	0	0	0	0	0	0	0	0	0	0	10	0	0	0	77	0	0	0	0	5	0	0	0	0	0	0	0	0	2	0	0	0	0	0	0	0	0	21	0	0	0	0	0	0	0	0	0.021133	0.0	0.0	0.0	0.064957	0.0	0.0	0.0	0.0	0.245478	0.0	0.0	0.0	0.754522	0.0	0.0	0.0	0.0	
114	156	3202.608837765	1899.7	1899.7	0.2208	0.010792	40	0	0	0	112	0	0	0	0	0.01902	0.0	0.0	0.0	0.125399	0.0	0.0	0.0	0.0	0.011861	0.0	0.0	0.0	3166.23	0.0	0.0	0.0	0.0	0.000297	0.0	0.0	0.0	28.2699	0.0	0.0	0.0	0.0	1	0	0	0	35	0	0	0	0	0	0	0	0	0	0	0	0	0	10	0	0	0	77	0	0	0	0	6	0	0	0	0	0	0	0	0	2	0	0	0	0	0	0	0	0	21	0	0	0	0	0	0	0	0	0.01902	0.0	0.0	0.0	0.125399	0.0	0.0	0.0	0.0	0.1317	0.0	0.0	0.0	0.8683	0.0	0.0	0.0	0.0	
115	157	3205.087373361	1899.7	1899.7	0.211508	0.008844	40	0	0	0	113	0	0	0	0	0.01902	0.0	0.0	0.0	0.118178	0.0	0.0	0.0	0.0	0.011861	0.0	0.0	0.0	3168.71	0.0	0.0	0.0	0.0	0.000297	0.0	0.0	0.0	28.0417	0.0	0.0	0.0	0.0	1	0	0	0	35	0	0	0	0	0	0	0	0	0	0	0	0	0	10	0	0	0	78	0	0	0	0	6	0	0	0	0	0	0	0	0	2	0	0	0	0	0	0	0	0	21	0	0	0	0	0	0	0	0	0.01902	0.0	0.0	0.0	0.118178	0.0	0.0	0.0	0.0	0.138632	0.0	0.0	0.0	0.861368	0.0	0.0	0.0	0.0	
116	158	3215.197452044	1899.7	1899.7	0.210502	0.008647	40	0	0	0	114	0	0	0	0	0.01902	0.0	0.0	0.0	0.111318	0.0	0.0	0.0	0.0	0.011861	0.0	0.0	0.0	3178.82	0.0	0.0	0.0	0.0	0.000297	0.0	0.0	0.0	27.8844	0.0	0.0	0.0	0.0	1	0	0	0	35	0	0	0	0	0	0	0	0	0	0	0	0	0	10	0	0	0	79	0	0	0	0	6	0	0	0	0	0	0	0	0	2	0	0	0	0	0	0	0	0	21	0	0	0	0	0	0	0	0	0.01902	0.0	0.0	0.0	0.111318	0.0	0.0	0.0	0.0	0.145928	0.0	0.0	0.0	0.854072	0.0	0.0	0.0	0.0	
117	159	3229.132632462	1899.7	1899.7	0.206449	0.007877	40	0	0	0	115	0	0	0	0	0.01902	0.0	0.0	0.0	0.104801	0.0	0.0	0.0	0.0	0.011861	0.0	0.0	0.0	3192.75	0.0	0.0	0.0	0.0	0.000297	0.0	0.0	0.0	27.7631	0.0	0.0	0.0	0.0	1	0	0	0	35	0	0	0	0	0	0	0	0	0	0	0	0	0	10	0	0	0	80	0	0	0	0	6	0	0	0	0	0	0	0	0	2	0	0	0	0	0	0	0	0	21	0	0	0	0	0	0	0	0	0.01902	0.0	0.0	0.0	0.104801	0.0	0.0	0.0	0.0	0.153609	0.0	0.0	0.0	0.846391	0.0	0.0	0.0	0.0	
118	160	3234.96573098	1899.7	1899.7	0.20099	0.006906	40	0	0	0	116	0	0	0	0	0.01902	0.0	0.0	0.0	0.09861	0.0	0.0	0.0	0.0	0.011861	0.0	0.0	0.0	3198.59	0.0	0.0	0.0	0.0	0.000297	0.0	0.0	0.0	27.574	0.0	0.0	0.0	0.0	1	0	0	0	35	0	0	0	0	0	0	0	0	0	0	0	0	0	10	0	0	0	81	0	0	0	0	6	0	0	0	0	0	0	0	0	2	0	0	0	0	0	0	0	0	21	0	0	0	0	0	0	0	0	0.01902	0.0	0.0	0.0	0.09861	0.0	0.0	0.0	0.0	0.161694	0.0	0.0	0.0	0.838306	0.0	0.0	0.0	0.0	
119	161	3247.793896608	1899.7	1899.7	0.198748	0.006529	40	0	0	0	117	0	0	0	0	0.01902	0.0	0.0	0.0	0.092728	0.0	0.0	0.0	0.0	0.011861	0.0	0.0	0.0	3211.42	0.0	0.0	0.0	0.0	0.000297	0.0	0.0	0.0	27.448	0.0	0.0	0.0	0.0	1	0	0	0	35	0	0	0	0	0	0	0	0	0	0	0	0	0	10	0	0	0	82	0	0	0	0	6	0	0	0	0	0	0	0	0	2	0	0	0	0	0	0	0	0	21	0	0	0	0	0	0	0	0	0.01902	0.0	0.0	0.0	0.092728	0.0	0.0	0.0	0.0	0.170204	0.0	0.0	0.0	0.829796	0.0	0.0	0.0	0.0	
120	162	3273.84543316	1899.7	1899.7	0.193905	0.005758	40	0	0	0	118	0	0	0	0	0.01902	0.0	0.0	0.0	0.087141	0.0	0.0	0.0	0.0	0.011861	0.0	0.0	0.0	3237.47	0.0	0.0	0.0	0.0	0.000297	0.0	0.0	0.0	27.4362	0.0	0.0	0.0	0.0	1	0	0	0	35	0	0	0	0	0	0	0	0	0	0	0	0	0	10	0	0	0	83	0	0	0	0	6	0	0	0	0	0	0	0	0	2	0	0	0	0	0	0	0	0	21	0	0	0	0	0	0	0	0	0.01902	0.0	0.0	0.0	0.087141	0.0	0.0	0.0	0.0	0.179162	0.0	0.0	0.0	0.820838	0.0	0.0	0.0	0.0	
121	163	3282.997480619	1899.7	1899.7	0.18443	0.004418	40	0	0	0	119	0	0	0	0	0.01902	0.0	0.0	0.0	0.081833	0.0	0.0	0.0	0.0	0.011861	0.0	0.0	0.0	3246.62	0.0	0.0	0.0	0.0	0.000297	0.0	0.0	0.0	27.2825	0.0	0.0	0.0	0.0	1	0	0	0	35	0	0	0	0	0	0	0	0	0	0	0	0	0	10	0	0	0	84	0	0	0	0	6	0	0	0	0	0	0	0	0	2	0	0	0	0	0	0	0	0	21	0	0	0	0	0	0	0	0	0.01902	0.0	0.0	0.0	0.081833	0.0	0.0	0.0	0.0	0.188591	0.0	0.0	0.0	0.811409	0.0	0.0	0.0	0.0	
122	164	3303.22489586	1899.7	1899.7	0.181213	0.004012	40	0	0	0	120	0	0	0	0	0.01902	0.0	0.0	0.0	0.07679	0.0	0.0	0.0	0.0	0.011861	0.0	0.0	0.0	3266.85	0.0	0.0	0.0	0.0	0.000297	0.0	0.0	0.0	27.2237	0.0	0.0	0.0	0.0	1	0	0	0	35	0	0	0	0	0	0	0	0	0	0	0	0	0	10	0	0	0	85	0	0	0	0	6	0	0	0	0	0	0	0	0	2	0	0	0	0	0	0	0	0	21	0	0	0	0	0	0	0	0	0.01902	0.0	0.0	0.0	0.07679	0.0	0.0	0.0	0.0	0.198517	0.0	0.0	0.0	0.801483	0.0	0.0	0.0	0.0	
123	165	3311.358918219	1899.7	1899.7	0.1743	0.003224	40	0	0	0	121	0	0	0	0	0.01902	0.0	0.0	0.0	0.072	0.0	0.0	0.0	0.0	0.011861	0.0	0.0	0.0	3274.98	0.0	0.0	0.0	0.0	0.000297	0.0	0.0	0.0	27.066	0.0	0.0	0.0	0.0	1	0	0	0	35	0	0	0	0	0	0	0	0	0	0	0	0	0	10	0	0	0	86	0	0	0	0	6	0	0	0	0	0	0	0	0	2	0	0	0	0	0	0	0	0	21	0	0	0	0	0	0	0	0	0.01902	0.0	0.0	0.0	0.072	0.0	0.0	0.0	0.0	0.208966	0.0	0.0	0.0	0.791034	0.0	0.0	0.0	0.0	
124	166	3323.379033504	1897.7	1897.7	0.171594	0.002945	40	0	0	0	122	0	0	0	0	0.01902	0.0	0.0	0.0	0.130657	0.0	0.0	0.0	0.0	0.011861	0.0	0.0	0.0	3287.0	0.0	0.0	0.0	0.0	0.000297	0.0	0.0	0.0	26.9426	0.0	0.0	0.0	0.0	1	0	0	0	36	0	0	0	0	0	0	0	0	0	0	0	0	0	10	0	0	0	86	0	0	0	0	6	0	0	0	0	0	0	0	0	2	0	0	0	0	0	0	0	0	21	0	0	0	0	0	0	0	0	0.01902	0.0	0.0	0.0	0.130657	0.0	0.0	0.0	0.0	0.127073	0.0	0.0	0.0	0.872927	0.0	0.0	0.0	0.0	
125	167	3370.442173713	1897.7	1897.7	0.167673	0.00257	40	0	0	0	123	0	0	0	0	0.01902	0.0	0.0	0.0	0.123173	0.0	0.0	0.0	0.0	0.011861	0.0	0.0	0.0	3334.06	0.0	0.0	0.0	0.0	0.000297	0.0	0.0	0.0	27.1062	0.0	0.0	0.0	0.0	1	0	0	0	36	0	0	0	0	0	0	0	0	0	0	0	0	0	10	0	0	0	87	0	0	0	0	6	0	0	0	0	0	0	0	0	2	0	0	0	0	0	0	0	0	21	0	0	0	0	0	0	0	0	0.01902	0.0	0.0	0.0	0.123173	0.0	0.0	0.0	0.0	0.133762	0.0	0.0	0.0	0.866238	0.0	0.0	0.0	0.0	
126	168	3381.589510519	1897.7	1897.7	0.153165	0.001461	40	0	0	0	124	0	0	0	0	0.01902	0.0	0.0	0.0	0.116064	0.0	0.0	0.0	0.0	0.011861	0.0	0.0	0.0	3345.21	0.0	0.0	0.0	0.0	0.000297	0.0	0.0	0.0	26.9775	0.0	0.0	0.0	0.0	1	0	0	0	36	0	0	0	0	0	0	0	0	0	0	0	0	0	10	0	0	0	88	0	0	0	0	6	0	0	0	0	0	0	0	0	2	0	0	0	0	0	0	0	0	21	0	0	0	0	0	0	0	0	0.01902	0.0	0.0	0.0	0.116064	0.0	0.0	0.0	0.0	0.140802	0.0	0.0	0.0	0.859198	0.0	0.0	0.0	0.0	
127	169	3401.070103957	1897.7	1897.7	0.149917	0.001268	40	0	0	0	125	0	0	0	0	0.01902	0.0	0.0	0.0	0.109309	0.0	0.0	0.0	0.0	0.011861	0.0	0.0	0.0	3364.69	0.0	0.0	0.0	0.0	0.000297	0.0	0.0	0.0	26.9175	0.0	0.0	0.0	0.0	1	0	0	0	36	0	0	0	0	0	0	0	0	0	0	0	0	0	10	0	0	0	89	0	0	0	0	6	0	0	0	0	0	0	0	0	2	0	0	0	0	0	0	0	0	21	0	0	0	0	0	0	0	0	0.01902	0.0	0.0	0.0	0.109309	0.0	0.0	0.0	0.0	0.148212	0.0	0.0	0.0	0.851788	0.0	0.0	0.0	0.0	
128	170	3409.630972327	1897.7	1897.7	0.144404	0.000983	40	0	0	0	126	0	0	0	0	0.01902	0.0	0.0	0.0	0.102893	0.0	0.0	0.0	0.0	0.011861	0.0	0.0	0.0	3373.25	0.0	0.0	0.0	0.0	0.000297	0.0	0.0	0.0	26.7718	0.0	0.0	0.0	0.0	1	0	0	0	36	0	0	0	0	0	0	0	0	0	0	0	0	0	10	0	0	0	90	0	0	0	0	6	0	0	0	0	0	0	0	0	2	0	0	0	0	0	0	0	0	21	0	0	0	0	0	0	0	0	0.01902	0.0	0.0	0.0	0.102893	0.0	0.0	0.0	0.0	0.156013	0.0	0.0	0.0	0.843987	0.0	0.0	0.0	0.0	
129	172	3417.067193641	1897.7	1897.7	0.142046	0.000876	41	0	0	0	127	0	0	0	0	0.017118	0.0	0.0	0.0	0.096892	0.0	0.0	0.0	0.0	0.012093	0.0	0.0	0.0	3380.69	0.0	0.0	0.0	0.0	0.000295	0.0	0.0	0.0	26.6196	0.0	0.0	0.0	0.0	1	0	0	0	36	0	0	0	0	0	0	0	0	0	0	0	0	0	10	0	0	0	91	0	0	0	0	6	0	0	0	0	0	0	0	0	2	0	0	0	0	0	0	0	0	22	0	0	0	0	0	0	0	0	0.017118	0.0	0.0	0.0	0.096892	0.0	0.0	0.0	0.0	0.150144	0.0	0.0	0.0	0.849856	0.0	0.0	0.0	0.0	
130	173	3431.008109211	1897.7	1897.7	0.14003	0.000792	41	0	0	0	128	0	0	0	0	0.017118	0.0	0.0	0.0	0.091192	0.0	0.0	0.0	0.0	0.012093	0.0	0.0	0.0	3394.63	0.0	0.0	0.0	0.0	0.000295	0.0	0.0	0.0	26.5205	0.0	0.0	0.0	0.0	1	0	0	0	36	0	0	0	0	0	0	0	0	0	0	0	0	0	10	0	0	0	92	0	0	0	0	6	0	0	0	0	0	0	0	0	2	0	0	0	0	0	0	0	0	22	0	0	0	0	0	0	0	0	0.017118	0.0	0.0	0.0	0.091192	0.0	0.0	0.0	0.0	0.158046	0.0	0.0	0.0	0.841954	0.0	0.0	0.0	0.0	
131	174	3434.824837191	1897.7	1897.7	0.136326	0.000652	41	0	0	0	129	0	0	0	0	0.017118	0.0	0.0	0.0	0.085776	0.0	0.0	0.0	0.0	0.012093	0.0	0.0	0.0	3398.45	0.0	0.0	0.0	0.0	0.000295	0.0	0.0	0.0	26.3445	0.0	0.0	0.0	0.0	1	0	0	0	36	0	0	0	0	0	0	0	0	0	0	0	0	0	10	0	0	0	93	0	0	0	0	6	0	0	0	0	0	0	0	0	2	0	0	0	0	0	0	0	0	22	0	0	0	0	0	0	0	0	0.017118	0.0	0.0	0.0	0.085776	0.0	0.0	0.0	0.0	0.166365	0.0	0.0	0.0	0.833635	0.0	0.0	0.0	0.0	
132	176	3458.902144352	1897.7	1897.7	0.135329	0.000618	42	0	0	0	130	0	0	0	0	0.015406	0.0	0.0	0.0	0.080717	0.0	0.0	0.0	0.0	0.012492	0.0	0.0	0.0	3422.52	0.0	0.0	0.0	0.0	0.000297	0.0	0.0	0.0	26.3271	0.0	0.0	0.0	0.0	1	0	0	0	36	0	0	0	0	0	0	0	0	0	0	0	0	0	10	0	0	0	94	0	0	0	0	7	0	0	0	0	0	0	0	0	2	0	0	0	0	0	0	0	0	22	0	0	0	0	0	0	0	0	0.015406	0.0	0.0	0.0	0.080717	0.0	0.0	0.0	0.0	0.160275	0.0	0.0	0.0	0.839725	0.0	0.0	0.0	0.0	
133	177	3464.920682126	1897.7	1897.7	0.129206	0.000435	42	0	0	0	131	0	0	0	0	0.015406	0.0	0.0	0.0	0.075911	0.0	0.0	0.0	0.0	0.012492	0.0	0.0	0.0	3428.54	0.0	0.0	0.0	0.0	0.000297	0.0	0.0	0.0	26.1721	0.0	0.0	0.0	0.0	1	0	0	0	36	0	0	0	0	0	0	0	0	0	0	0	0	0	10	0	0	0	95	0	0	0	0	7	0	0	0	0	0	0	0	0	2	0	0	0	0	0	0	0	0	22	0	0	0	0	0	0	0	0	0.015406	0.0	0.0	0.0	0.075911	0.0	0.0	0.0	0.0	0.168711	0.0	0.0	0.0	0.831289	0.0	0.0	0.0	0.0	
134	178	3477.937575576	1897.7	1897.7	0.127719	0.000398	42	0	0	0	132	0	0	0	0	0.015406	0.0	0.0	0.0	0.071345	0.0	0.0	0.0	0.0	0.012492	0.0	0.0	0.0	3441.56	0.0	0.0	0.0	0.0	0.000297	0.0	0.0	0.0	26.0724	0.0	0.0	0.0	0.0	1	0	0	0	36	0	0	0	0	0	0	0	0	0	0	0	0	0	10	0	0	0	96	0	0	0	0	7	0	0	0	0	0	0	0	0	2	0	0	0	0	0	0	0	0	22	0	0	0	0	0	0	0	0	0.015406	0.0	0.0	0.0	0.071345	0.0	0.0	0.0	0.0	0.17759	0.0	0.0	0.0	0.82241	0.0	0.0	0.0	0.0	
135	179	3487.220206312	1897.7	1897.7	0.124562	0.000326	42	0	0	0	133	0	0	0	0	0.015406	0.0	0.0	0.0	0.067008	0.0	0.0	0.0	0.0	0.012492	0.0	0.0	0.0	3450.84	0.0	0.0	0.0	0.0	0.000297	0.0	0.0	0.0	25.9462	0.0	0.0	0.0	0.0	1	0	0	0	36	0	0	0	0	0	0	0	0	0	0	0	0	0	10	0	0	0	97	0	0	0	0	7	0	0	0	0	0	0	0	0	2	0	0	0	0	0	0	0	0	22	0	0	0	0	0	0	0	0	0.015406	0.0	0.0	0.0	0.067008	0.0	0.0	0.0	0.0	0.186937	0.0	0.0	0.0	0.813063	0.0	0.0	0.0	0.0	
136	180	3498.260297675	1897.7	1897.7	0.122358	0.000282	42	0	0	0	134	0	0	0	0	0.015406	0.0	0.0	0.0	0.062887	0.0	0.0	0.0	0.0	0.012492	0.0	0.0	0.0	3461.88	0.0	0.0	0.0	0.0	0.000297	0.0	0.0	0.0	25.8349	0.0	0.0	0.0	0.0	1	0	0	0	36	0	0	0	0	0	0	0	0	0	0	0	0	0	10	0	0	0	98	0	0	0	0	7	0	0	0	0	0	0	0	0	2	0	0	0	0	0	0	0	0	22	0	0	0	0	0	0	0	0	0.015406	0.0	0.0	0.0	0.062887	0.0	0.0	0.0	0.0	0.196776	0.0	0.0	0.0	0.803224	0.0	0.0	0.0	0.0	
137	181	3516.462231652	1897.7	1897.7	0.119787	0.000237	42	0	0	0	135	0	0	0	0	0.015406	0.0	0.0	0.0	0.058972	0.0	0.0	0.0	0.0	0.012492	0.0	0.0	0.0	3480.08	0.0	0.0	0.0	0.0	0.000297	0.0	0.0	0.0	25.7784	0.0	0.0	0.0	0.0	1	0	0	0	36	0	0	0	0	0	0	0	0	0	0	0	0	0	10	0	0	0	99	0	0	0	0	7	0	0	0	0	0	0	0	0	2	0	0	0	0	0	0	0	0	22	0	0	0	0	0	0	0	0	0.015406	0.0	0.0	0.0	0.058972	0.0	0.0	0.0	0.0	0.207132	0.0	0.0	0.0	0.792868	0.0	0.0	0.0	0.0	
138	182	3530.132739936	1897.7	1897.7	0.115667	0.000176	42	0	0	0	136	0	0	0	0	0.015406	0.0	0.0	0.0	0.055253	0.0	0.0	0.0	0.0	0.012492	0.0	0.0	0.0	3493.75	0.0	0.0	0.0	0.0	0.000297	0.0	0.0	0.0	25.6894	0.0	0.0	0.0	0.0	1	0	0	0	36	0	0	0	0	0	0	0	0	0	0	0	0	0	10	0	0	0	100	0	0	0	0	7	0	0	0	0	0	0	0	0	2	0	0	0	0	0	0	0	0	22	0	0	0	0	0	0	0	0	0.015406	0.0	0.0	0.0	0.055253	0.0	0.0	0.0	0.0	0.218034	0.0	0.0	0.0	0.781966	0.0	0.0	0.0	0.0	
139	183	3543.069947647	1895.7	1895.7	0.112666	0.00014	42	0	0	0	137	0	0	0	0	0.015406	0.0	0.0	0.0	0.115662	0.0	0.0	0.0	0.0	0.012492	0.0	0.0	0.0	3506.69	0.0	0.0	0.0	0.0	0.000297	0.0	0.0	0.0	25.5963	0.0	0.0	0.0	0.0	1	0	0	0	37	0	0	0	0	0	0	0	0	0	0	0	0	0	10	0	0	0	100	0	0	0	0	7	0	0	0	0	0	0	0	0	2	0	0	0	0	0	0	0	0	22	0	0	0	0	0	0	0	0	0.015406	0.0	0.0	0.0	0.115662	0.0	0.0	0.0	0.0	0.117544	0.0	0.0	0.0	0.882456	0.0	0.0	0.0	0.0	
140	184	3545.085532066	1895.7	1895.7	0.109898	0.000112	42	0	0	0	138	0	0	0	0	0.015406	0.0	0.0	0.0	0.109108	0.0	0.0	0.0	0.0	0.012492	0.0	0.0	0.0	3508.71	0.0	0.0	0.0	0.0	0.000297	0.0	0.0	0.0	25.4254	0.0	0.0	0.0	0.0	1	0	0	0	37	0	0	0	0	0	0	0	0	0	0	0	0	0	10	0	0	0	101	0	0	0	0	7	0	0	0	0	0	0	0	0	2	0	0	0	0	0	0	0	0	22	0	0	0	0	0	0	0	0	0.015406	0.0	0.0	0.0	0.109108	0.0	0.0	0.0	0.0	0.12373	0.0	0.0	0.0	0.87627	0.0	0.0	0.0	0.0	
141	186	3549.537683217	1895.7	1895.7	0.109472	0.000108	43	0	0	0	139	0	0	0	0	0.013866	0.0	0.0	0.0	0.10296	0.0	0.0	0.0	0.0	0.012833	0.0	0.0	0.0	3513.16	0.0	0.0	0.0	0.0	0.000298	0.0	0.0	0.0	25.2745	0.0	0.0	0.0	0.0	1	0	0	0	37	0	0	0	0	0	0	0	0	0	0	0	0	0	11	0	0	0	102	0	0	0	0	7	0	0	0	0	0	0	0	0	2	0	0	0	0	0	0	0	0	22	0	0	0	0	0	0	0	0	0.013866	0.0	0.0	0.0	0.10296	0.0	0.0	0.0	0.0	0.118686	0.0	0.0	0.0	0.881314	0.0	0.0	0.0	0.0	
142	187	3559.530977093	1895.7	1895.7	0.108539	0.0001	43	0	0	0	140	0	0	0	0	0.013866	0.0	0.0	0.0	0.097118	0.0	0.0	0.0	0.0	0.012833	0.0	0.0	0.0	3523.15	0.0	0.0	0.0	0.0	0.000298	0.0	0.0	0.0	25.1654	0.0	0.0	0.0	0.0	1	0	0	0	37	0	0	0	0	0	0	0	0	0	0	0	0	0	11	0	0	0	103	0	0	0	0	7	0	0	0	0	0	0	0	0	2	0	0	0	0	0	0	0	0	22	0	0	0	0	0	0	0	0	0.013866	0.0	0.0	0.0	0.097118	0.0	0.0	0.0	0.0	0.124933	0.0	0.0	0.0	0.875067	0.0	0.0	0.0	0.0	
143	188	3574.317937484	1895.7	1895.7	0.106473	8.3e-5	43	0	0	0	141	0	0	0	0	0.013866	0.0	0.0	0.0	0.091569	0.0	0.0	0.0	0.0	0.012833	0.0	0.0	0.0	3537.94	0.0	0.0	0.0	0.0	0.000298	0.0	0.0	0.0	25.0918	0.0	0.0	0.0	0.0	1	0	0	0	37	0	0	0	0	0	0	0	0	0	0	0	0	0	11	0	0	0	104	0	0	0	0	7	0	0	0	0	0	0	0	0	2	0	0	0	0	0	0	0	0	22	0	0	0	0	0	0	0	0	0.013866	0.0	0.0	0.0	0.091569	0.0	0.0	0.0	0.0	0.131509	0.0	0.0	0.0	0.868491	0.0	0.0	0.0	0.0	
144	189	3754.345913981	1895.5	1895.5	0.103488	6.4e-5	43	0	0	0	142	0	0	0	0	0.013866	0.0	0.0	0.0	0.143869	0.0	0.0	0.0	0.0	0.012833	0.0	0.0	0.0	3717.97	0.0	0.0	0.0	0.0	0.000298	0.0	0.0	0.0	26.1829	0.0	0.0	0.0	0.0	1	0	0	0	38	0	0	0	0	0	0	0	0	0	0	0	0	0	11	0	0	0	104	0	0	0	0	7	0	0	0	0	0	0	0	0	2	0	0	0	0	0	0	0	0	22	0	0	0	0	0	0	0	0	0.013866	0.0	0.0	0.0	0.143869	0.0	0.0	0.0	0.0	0.087905	0.0	0.0	0.0	0.912095	0.0	0.0	0.0	0.0	
145	190	3767.502544404	1895.5	1895.5	0.073205	1.0e-6	43	0	0	0	143	0	0	0	0	0.013866	0.0	0.0	0.0	0.135982	0.0	0.0	0.0	0.0	0.012833	0.0	0.0	0.0	3731.12	0.0	0.0	0.0	0.0	0.000298	0.0	0.0	0.0	26.0918	0.0	0.0	0.0	0.0	1	0	0	0	38	0	0	0	0	0	0	0	0	0	0	0	0	0	11	0	0	0	105	0	0	0	0	7	0	0	0	0	0	0	0	0	2	0	0	0	0	0	0	0	0	22	0	0	0	0	0	0	0	0	0.013866	0.0	0.0	0.0	0.135982	0.0	0.0	0.0	0.0	0.092531	0.0	0.0	0.0	0.907469	0.0	0.0	0.0	0.0	
146	191	3771.281456803	1895.5	1895.5	0.071376	1.0e-6	43	0	0	0	144	0	0	0	0	0.013866	0.0	0.0	0.0	0.12849	0.0	0.0	0.0	0.0	0.012833	0.0	0.0	0.0	3734.9	0.0	0.0	0.0	0.0	0.000298	0.0	0.0	0.0	25.9368	0.0	0.0	0.0	0.0	1	0	0	0	38	0	0	0	0	0	0	0	0	0	0	0	0	0	11	0	0	0	106	0	0	0	0	7	0	0	0	0	0	0	0	0	2	0	0	0	0	0	0	0	0	22	0	0	0	0	0	0	0	0	0.013866	0.0	0.0	0.0	0.12849	0.0	0.0	0.0	0.0	0.097401	0.0	0.0	0.0	0.902599	0.0	0.0	0.0	0.0	
147	192	3778.329181544	1895.5	1895.5	0.070859	1.0e-6	43	0	0	0	145	0	0	0	0	0.013866	0.0	0.0	0.0	0.121372	0.0	0.0	0.0	0.0	0.012833	0.0	0.0	0.0	3741.95	0.0	0.0	0.0	0.0	0.000298	0.0	0.0	0.0	25.8065	0.0	0.0	0.0	0.0	1	0	0	0	38	0	0	0	0	0	0	0	0	0	0	0	0	0	11	0	0	0	107	0	0	0	0	7	0	0	0	0	0	0	0	0	2	0	0	0	0	0	0	0	0	22	0	0	0	0	0	0	0	0	0.013866	0.0	0.0	0.0	0.121372	0.0	0.0	0.0	0.0	0.102528	0.0	0.0	0.0	0.897472	0.0	0.0	0.0	0.0	
148	193	3829.793749807	1895.5	1895.5	0.069905	1.0e-6	43	0	0	0	146	0	0	0	0	0.013866	0.0	0.0	0.0	0.11461	0.0	0.0	0.0	0.0	0.012833	0.0	0.0	0.0	3793.41	0.0	0.0	0.0	0.0	0.000298	0.0	0.0	0.0	25.9823	0.0	0.0	0.0	0.0	1	0	0	0	38	0	0	0	0	0	0	0	0	0	0	0	0	0	11	0	0	0	108	0	0	0	0	7	0	0	0	0	0	0	0	0	2	0	0	0	0	0	0	0	0	22	0	0	0	0	0	0	0	0	0.013866	0.0	0.0	0.0	0.11461	0.0	0.0	0.0	0.0	0.107924	0.0	0.0	0.0	0.892076	0.0	0.0	0.0	0.0	
149	194	3847.609497783	1895.5	1895.5	0.063318	0.0	43	0	0	0	147	0	0	0	0	0.013866	0.0	0.0	0.0	0.108186	0.0	0.0	0.0	0.0	0.012833	0.0	0.0	0.0	3811.23	0.0	0.0	0.0	0.0	0.000298	0.0	0.0	0.0	25.9267	0.0	0.0	0.0	0.0	1	0	0	0	38	0	0	0	0	0	0	0	0	0	0	0	0	0	11	0	0	0	109	0	0	0	0	7	0	0	0	0	0	0	0	0	2	0	0	0	0	0	0	0	0	22	0	0	0	0	0	0	0	0	0.013866	0.0	0.0	0.0	0.108186	0.0	0.0	0.0	0.0	0.113604	0.0	0.0	0.0	0.886396	0.0	0.0	0.0	0.0	
150	196	3860.555270753	1895.5	1895.5	0.061186	0.0	44	0	0	0	148	0	0	0	0	0.012479	0.0	0.0	0.0	0.102153	0.0	0.0	0.0	0.0	0.013201	0.0	0.0	0.0	3824.17	0.0	0.0	0.0	0.0	0.0003	0.0	0.0	0.0	25.839	0.0	0.0	0.0	0.0	1	0	0	0	38	0	0	0	0	0	0	0	0	0	0	0	0	0	12	0	0	0	110	0	0	0	0	7	0	0	0	0	0	0	0	0	2	0	0	0	0	0	0	0	0	22	0	0	0	0	0	0	0	0	0.012479	0.0	0.0	0.0	0.102153	0.0	0.0	0.0	0.0	0.108862	0.0	0.0	0.0	0.891138	0.0	0.0	0.0	0.0	
151	197	3879.284708842	1895.5	1895.5	0.059681	0.0	44	0	0	0	149	0	0	0	0	0.012479	0.0	0.0	0.0	0.096421	0.0	0.0	0.0	0.0	0.013201	0.0	0.0	0.0	3842.9	0.0	0.0	0.0	0.0	0.0003	0.0	0.0	0.0	25.7913	0.0	0.0	0.0	0.0	1	0	0	0	38	0	0	0	0	0	0	0	0	0	0	0	0	0	12	0	0	0	111	0	0	0	0	7	0	0	0	0	0	0	0	0	2	0	0	0	0	0	0	0	0	22	0	0	0	0	0	0	0	0	0.012479	0.0	0.0	0.0	0.096421	0.0	0.0	0.0	0.0	0.114591	0.0	0.0	0.0	0.885409	0.0	0.0	0.0	0.0	
152	198	3903.173931271	1895.5	1895.5	0.05757	0.0	44	0	0	0	150	0	0	0	0	0.012479	0.0	0.0	0.0	0.090976	0.0	0.0	0.0	0.0	0.013201	0.0	0.0	0.0	3866.79	0.0	0.0	0.0	0.0	0.0003	0.0	0.0	0.0	25.7786	0.0	0.0	0.0	0.0	1	0	0	0	38	0	0	0	0	0	0	0	0	0	0	0	0	0	12	0	0	0	112	0	0	0	0	7	0	0	0	0	0	0	0	0	2	0	0	0	0	0	0	0	0	22	0	0	0	0	0	0	0	0	0.012479	0.0	0.0	0.0	0.090976	0.0	0.0	0.0	0.0	0.120622	0.0	0.0	0.0	0.879378	0.0	0.0	0.0	0.0	
153	199	3906.081336121	1895.5	1895.5	0.054985	0.0	44	0	0	0	151	0	0	0	0	0.012479	0.0	0.0	0.0	0.085804	0.0	0.0	0.0	0.0	0.013201	0.0	0.0	0.0	3869.7	0.0	0.0	0.0	0.0	0.0003	0.0	0.0	0.0	25.6272	0.0	0.0	0.0	0.0	1	0	0	0	38	0	0	0	0	0	0	0	0	0	0	0	0	0	12	0	0	0	113	0	0	0	0	7	0	0	0	0	0	0	0	0	2	0	0	0	0	0	0	0	0	22	0	0	0	0	0	0	0	0	0.012479	0.0	0.0	0.0	0.085804	0.0	0.0	0.0	0.0	0.126971	0.0	0.0	0.0	0.873029	0.0	0.0	0.0	0.0	
154	200	3917.731301802	1895.5	1895.5	0.054679	0.0	44	0	0	0	152	0	0	0	0	0.012479	0.0	0.0	0.0	0.080889	0.0	0.0	0.0	0.0	0.013201	0.0	0.0	0.0	3881.35	0.0	0.0	0.0	0.0	0.0003	0.0	0.0	0.0	25.5352	0.0	0.0	0.0	0.0	1	0	0	0	38	0	0	0	0	0	0	0	0	0	0	0	0	0	12	0	0	0	114	0	0	0	0	7	0	0	0	0	0	0	0	0	2	0	0	0	0	0	0	0	0	22	0	0	0	0	0	0	0	0	0.012479	0.0	0.0	0.0	0.080889	0.0	0.0	0.0	0.0	0.133654	0.0	0.0	0.0	0.866346	0.0	0.0	0.0	0.0	
155	202	3929.312599719	1895.5	1895.5	0.053467	0.0	45	0	0	0	153	0	0	0	0	0.011231	0.0	0.0	0.0	0.076283	0.0	0.0	0.0	0.0	0.013593	0.0	0.0	0.0	3892.93	0.0	0.0	0.0	0.0	0.000302	0.0	0.0	0.0	25.444	0.0	0.0	0.0	0.0	1	0	0	0	38	0	0	0	0	0	0	0	0	0	0	0	0	0	12	0	0	0	115	0	0	0	0	8	0	0	0	0	0	0	0	0	2	0	0	0	0	0	0	0	0	22	0	0	0	0	0	0	0	0	0.011231	0.0	0.0	0.0	0.076283	0.0	0.0	0.0	0.0	0.128334	0.0	0.0	0.0	0.871666	0.0	0.0	0.0	0.0	
156	204	3932.634532583	1895.5	1895.5	0.05229	0.0	46	0	0	0	154	0	0	0	0	0.010108	0.0	0.0	0.0	0.071964	0.0	0.0	0.0	0.0	0.01378	0.0	0.0	0.0	3896.25	0.0	0.0	0.0	0.0	0.0003	0.0	0.0	0.0	25.3003	0.0	0.0	0.0	0.0	1	0	0	0	38	0	0	0	0	0	0	0	0	0	0	0	0	0	12	0	0	0	116	0	0	0	0	8	0	0	0	0	0	0	0	0	2	0	0	0	0	0	0	0	0	23	0	0	0	0	0	0	0	0	0.010108	0.0	0.0	0.0	0.071964	0.0	0.0	0.0	0.0	0.123161	0.0	0.0	0.0	0.876839	0.0	0.0	0.0	0.0	
157	205	3945.251928525	1895.5	1895.5	0.051957	0.0	46	0	0	0	155	0	0	0	0	0.010108	0.0	0.0	0.0	0.06786	0.0	0.0	0.0	0.0	0.01378	0.0	0.0	0.0	3908.87	0.0	0.0	0.0	0.0	0.0003	0.0	0.0	0.0	25.2185	0.0	0.0	0.0	0.0	1	0	0	0	38	0	0	0	0	0	0	0	0	0	0	0	0	0	12	0	0	0	117	0	0	0	0	8	0	0	0	0	0	0	0	0	2	0	0	0	0	0	0	0	0	23	0	0	0	0	0	0	0	0	0.010108	0.0	0.0	0.0	0.06786	0.0	0.0	0.0	0.0	0.129643	0.0	0.0	0.0	0.870357	0.0	0.0	0.0	0.0	
158	206	3959.671177891	1895.5	1895.5	0.050711	0.0	46	0	0	0	156	0	0	0	0	0.010108	0.0	0.0	0.0	0.063962	0.0	0.0	0.0	0.0	0.01378	0.0	0.0	0.0	3923.29	0.0	0.0	0.0	0.0	0.0003	0.0	0.0	0.0	25.1493	0.0	0.0	0.0	0.0	1	0	0	0	38	0	0	0	0	0	0	0	0	0	0	0	0	0	12	0	0	0	118	0	0	0	0	8	0	0	0	0	0	0	0	0	2	0	0	0	0	0	0	0	0	23	0	0	0	0	0	0	0	0	0.010108	0.0	0.0	0.0	0.063962	0.0	0.0	0.0	0.0	0.136466	0.0	0.0	0.0	0.863534	0.0	0.0	0.0	0.0	
159	207	3974.23746402	1894.5	1894.5	0.049324	0.0	46	0	0	0	157	0	0	0	0	0.010108	0.0	0.0	0.0	0.11816	0.0	0.0	0.0	0.0	0.01378	0.0	0.0	0.0	3937.86	0.0	0.0	0.0	0.0	0.0003	0.0	0.0	0.0	25.0819	0.0	0.0	0.0	0.0	1	0	0	0	39	0	0	0	0	0	0	0	0	0	0	0	0	0	12	0	0	0	118	0	0	0	0	8	0	0	0	0	0	0	0	0	2	0	0	0	0	0	0	0	0	23	0	0	0	0	0	0	0	0	0.010108	0.0	0.0	0.0	0.11816	0.0	0.0	0.0	0.0	0.078804	0.0	0.0	0.0	0.921196	0.0	0.0	0.0	0.0	
160	208	4033.055450566	1893.5	1893.5	0.047962	0.0	46	0	0	0	158	0	0	0	0	0.010108	0.0	0.0	0.0	0.166024	0.0	0.0	0.0	0.0	0.01378	0.0	0.0	0.0	3996.67	0.0	0.0	0.0	0.0	0.0003	0.0	0.0	0.0	25.2954	0.0	0.0	0.0	0.0	1	0	0	0	40	0	0	0	0	0	0	0	0	0	0	0	0	0	12	0	0	0	118	0	0	0	0	8	0	0	0	0	0	0	0	0	2	0	0	0	0	0	0	0	0	23	0	0	0	0	0	0	0	0	0.010108	0.0	0.0	0.0	0.166024	0.0	0.0	0.0	0.0	0.057389	0.0	0.0	0.0	0.942611	0.0	0.0	0.0	0.0	
161	209	4036.062504894	1893.5	1893.5	0.042833	0.0	46	0	0	0	159	0	0	0	0	0.010108	0.0	0.0	0.0	0.157217	0.0	0.0	0.0	0.0	0.01378	0.0	0.0	0.0	3999.68	0.0	0.0	0.0	0.0	0.0003	0.0	0.0	0.0	25.1552	0.0	0.0	0.0	0.0	1	0	0	0	40	0	0	0	0	0	0	0	0	0	0	0	0	0	12	0	0	0	119	0	0	0	0	8	0	0	0	0	0	0	0	0	2	0	0	0	0	0	0	0	0	23	0	0	0	0	0	0	0	0	0.010108	0.0	0.0	0.0	0.157217	0.0	0.0	0.0	0.0	0.060409	0.0	0.0	0.0	0.939591	0.0	0.0	0.0	0.0	
162	210	4043.046920387	1893.5	1893.5	0.042586	0.0	46	0	0	0	160	0	0	0	0	0.010108	0.0	0.0	0.0	0.148851	0.0	0.0	0.0	0.0	0.01378	0.0	0.0	0.0	4006.67	0.0	0.0	0.0	0.0	0.0003	0.0	0.0	0.0	25.0417	0.0	0.0	0.0	0.0	1	0	0	0	40	0	0	0	0	0	0	0	0	0	0	0	0	0	12	0	0	0	120	0	0	0	0	8	0	0	0	0	0	0	0	0	2	0	0	0	0	0	0	0	0	23	0	0	0	0	0	0	0	0	0.010108	0.0	0.0	0.0	0.148851	0.0	0.0	0.0	0.0	0.063589	0.0	0.0	0.0	0.936411	0.0	0.0	0.0	0.0	
163	211	4054.708499173	1893.5	1893.5	0.042018	0.0	46	0	0	0	161	0	0	0	0	0.010108	0.0	0.0	0.0	0.140903	0.0	0.0	0.0	0.0	0.01378	0.0	0.0	0.0	4018.33	0.0	0.0	0.0	0.0	0.0003	0.0	0.0	0.0	24.9586	0.0	0.0	0.0	0.0	1	0	0	0	40	0	0	0	0	0	0	0	0	0	0	0	0	0	12	0	0	0	121	0	0	0	0	8	0	0	0	0	0	0	0	0	2	0	0	0	0	0	0	0	0	23	0	0	0	0	0	0	0	0	0.010108	0.0	0.0	0.0	0.140903	0.0	0.0	0.0	0.0	0.066936	0.0	0.0	0.0	0.933064	0.0	0.0	0.0	0.0	
164	212	4059.765925144	1893.5	1893.5	0.041086	0.0	46	0	0	0	162	0	0	0	0	0.010108	0.0	0.0	0.0	0.133352	0.0	0.0	0.0	0.0	0.01378	0.0	0.0	0.0	4023.38	0.0	0.0	0.0	0.0	0.0003	0.0	0.0	0.0	24.8357	0.0	0.0	0.0	0.0	1	0	0	0	40	0	0	0	0	0	0	0	0	0	0	0	0	0	12	0	0	0	122	0	0	0	0	8	0	0	0	0	0	0	0	0	2	0	0	0	0	0	0	0	0	23	0	0	0	0	0	0	0	0	0.010108	0.0	0.0	0.0	0.133352	0.0	0.0	0.0	0.0	0.070458	0.0	0.0	0.0	0.929541	0.0	0.0	0.0	0.0	
165	213	4072.094972149	1893.5	1893.5	0.040688	0.0	46	0	0	0	163	0	0	0	0	0.010108	0.0	0.0	0.0	0.126179	0.0	0.0	0.0	0.0	0.01378	0.0	0.0	0.0	4035.71	0.0	0.0	0.0	0.0	0.0003	0.0	0.0	0.0	24.759	0.0	0.0	0.0	0.0	1	0	0	0	40	0	0	0	0	0	0	0	0	0	0	0	0	0	12	0	0	0	123	0	0	0	0	8	0	0	0	0	0	0	0	0	2	0	0	0	0	0	0	0	0	23	0	0	0	0	0	0	0	0	0.010108	0.0	0.0	0.0	0.126179	0.0	0.0	0.0	0.0	0.074167	0.0	0.0	0.0	0.925833	0.0	0.0	0.0	0.0	
166	214	4079.670469155	1893.5	1893.5	0.039735	0.0	46	0	0	0	164	0	0	0	0	0.010108	0.0	0.0	0.0	0.119365	0.0	0.0	0.0	0.0	0.01378	0.0	0.0	0.0	4043.29	0.0	0.0	0.0	0.0	0.0003	0.0	0.0	0.0	24.6542	0.0	0.0	0.0	0.0	1	0	0	0	40	0	0	0	0	0	0	0	0	0	0	0	0	0	12	0	0	0	124	0	0	0	0	8	0	0	0	0	0	0	0	0	2	0	0	0	0	0	0	0	0	23	0	0	0	0	0	0	0	0	0.010108	0.0	0.0	0.0	0.119365	0.0	0.0	0.0	0.0	0.07807	0.0	0.0	0.0	0.92193	0.0	0.0	0.0	0.0	
167	215	4087.420292629	1893.5	1893.5	0.03916	0.0	46	0	0	0	165	0	0	0	0	0.010108	0.0	0.0	0.0	0.112891	0.0	0.0	0.0	0.0	0.01378	0.0	0.0	0.0	4051.04	0.0	0.0	0.0	0.0	0.0003	0.0	0.0	0.0	24.5518	0.0	0.0	0.0	0.0	1	0	0	0	40	0	0	0	0	0	0	0	0	0	0	0	0	0	12	0	0	0	125	0	0	0	0	8	0	0	0	0	0	0	0	0	2	0	0	0	0	0	0	0	0	23	0	0	0	0	0	0	0	0	0.010108	0.0	0.0	0.0	0.112891	0.0	0.0	0.0	0.0	0.082179	0.0	0.0	0.0	0.917821	0.0	0.0	0.0	0.0	
168	216	4091.062106334	1893.5	1893.5	0.038581	0.0	46	0	0	0	166	0	0	0	0	0.010108	0.0	0.0	0.0	0.106741	0.0	0.0	0.0	0.0	0.01378	0.0	0.0	0.0	4054.68	0.0	0.0	0.0	0.0	0.0003	0.0	0.0	0.0	24.4258	0.0	0.0	0.0	0.0	1	0	0	0	40	0	0	0	0	0	0	0	0	0	0	0	0	0	12	0	0	0	126	0	0	0	0	8	0	0	0	0	0	0	0	0	2	0	0	0	0	0	0	0	0	23	0	0	0	0	0	0	0	0	0.010108	0.0	0.0	0.0	0.106741	0.0	0.0	0.0	0.0	0.086505	0.0	0.0	0.0	0.913495	0.0	0.0	0.0	0.0	
169	217	4097.341120181	1893.5	1893.5	0.038312	0.0	46	0	0	0	167	0	0	0	0	0.010108	0.0	0.0	0.0	0.100899	0.0	0.0	0.0	0.0	0.01378	0.0	0.0	0.0	4060.96	0.0	0.0	0.0	0.0	0.0003	0.0	0.0	0.0	24.3171	0.0	0.0	0.0	0.0	1	0	0	0	40	0	0	0	0	0	0	0	0	0	0	0	0	0	12	0	0	0	127	0	0	0	0	8	0	0	0	0	0	0	0	0	2	0	0	0	0	0	0	0	0	23	0	0	0	0	0	0	0	0	0.010108	0.0	0.0	0.0	0.100899	0.0	0.0	0.0	0.0	0.091058	0.0	0.0	0.0	0.908943	0.0	0.0	0.0	0.0	
170	218	4108.95897516	1893.5	1893.5	0.037852	0.0	46	0	0	0	168	0	0	0	0	0.010108	0.0	0.0	0.0	0.095349	0.0	0.0	0.0	0.0	0.01378	0.0	0.0	0.0	4072.58	0.0	0.0	0.0	0.0	0.0003	0.0	0.0	0.0	24.2415	0.0	0.0	0.0	0.0	1	0	0	0	40	0	0	0	0	0	0	0	0	0	0	0	0	0	12	0	0	0	128	0	0	0	0	8	0	0	0	0	0	0	0	0	2	0	0	0	0	0	0	0	0	23	0	0	0	0	0	0	0	0	0.010108	0.0	0.0	0.0	0.095349	0.0	0.0	0.0	0.0	0.09585	0.0	0.0	0.0	0.90415	0.0	0.0	0.0	0.0	
171	220	4114.253106859	1893.5	1893.5	0.037016	0.0	47	0	0	0	169	0	0	0	0	0.009097	0.0	0.0	0.0	0.090126	0.0	0.0	0.0	0.0	0.014039	0.0	0.0	0.0	4077.87	0.0	0.0	0.0	0.0	0.000299	0.0	0.0	0.0	24.1294	0.0	0.0	0.0	0.0	1	0	0	0	40	0	0	0	0	0	0	0	0	0	0	0	0	0	12	0	0	0	129	0	0	0	0	8	0	0	0	0	0	0	0	0	2	0	0	0	0	0	0	0	0	24	0	0	0	0	0	0	0	0	0.009097	0.0	0.0	0.0	0.090126	0.0	0.0	0.0	0.0	0.091684	0.0	0.0	0.0	0.908316	0.0	0.0	0.0	0.0	
172	221	4119.916411676	1893.5	1893.5	0.036641	0.0	47	0	0	0	170	0	0	0	0	0.009097	0.0	0.0	0.0	0.085165	0.0	0.0	0.0	0.0	0.014039	0.0	0.0	0.0	4083.53	0.0	0.0	0.0	0.0	0.000299	0.0	0.0	0.0	24.0208	0.0	0.0	0.0	0.0	1	0	0	0	40	0	0	0	0	0	0	0	0	0	0	0	0	0	12	0	0	0	130	0	0	0	0	8	0	0	0	0	0	0	0	0	2	0	0	0	0	0	0	0	0	24	0	0	0	0	0	0	0	0	0.009097	0.0	0.0	0.0	0.085165	0.0	0.0	0.0	0.0	0.09651	0.0	0.0	0.0	0.903491	0.0	0.0	0.0	0.0	
173	222	4128.899782217	1893.5	1893.5	0.036244	0.0	47	0	0	0	171	0	0	0	0	0.009097	0.0	0.0	0.0	0.080452	0.0	0.0	0.0	0.0	0.014039	0.0	0.0	0.0	4092.52	0.0	0.0	0.0	0.0	0.000299	0.0	0.0	0.0	23.9329	0.0	0.0	0.0	0.0	1	0	0	0	40	0	0	0	0	0	0	0	0	0	0	0	0	0	12	0	0	0	131	0	0	0	0	8	0	0	0	0	0	0	0	0	2	0	0	0	0	0	0	0	0	24	0	0	0	0	0	0	0	0	0.009097	0.0	0.0	0.0	0.080452	0.0	0.0	0.0	0.0	0.101589	0.0	0.0	0.0	0.898411	0.0	0.0	0.0	0.0	
174	223	4142.558012265	1890.5	1890.5	0.035623	0.0	47	0	0	0	172	0	0	0	0	0.009097	0.0	0.0	0.0	0.131628	0.0	0.0	0.0	0.0	0.014039	0.0	0.0	0.0	4106.18	0.0	0.0	0.0	0.0	0.000299	0.0	0.0	0.0	23.8731	0.0	0.0	0.0	0.0	1	0	0	0	41	0	0	0	0	0	0	0	0	0	0	0	0	0	12	0	0	0	131	0	0	0	0	8	0	0	0	0	0	0	0	0	2	0	0	0	0	0	0	0	0	24	0	0	0	0	0	0	0	0	0.009097	0.0	0.0	0.0	0.131628	0.0	0.0	0.0	0.0	0.064645	0.0	0.0	0.0	0.935355	0.0	0.0	0.0	0.0	
175	224	4145.498531455	1890.5	1890.5	0.0347	0.0	47	0	0	0	173	0	0	0	0	0.009097	0.0	0.0	0.0	0.124592	0.0	0.0	0.0	0.0	0.014039	0.0	0.0	0.0	4109.12	0.0	0.0	0.0	0.0	0.000299	0.0	0.0	0.0	23.7521	0.0	0.0	0.0	0.0	1	0	0	0	41	0	0	0	0	0	0	0	0	0	0	0	0	0	12	0	0	0	132	0	0	0	0	8	0	0	0	0	0	0	0	0	2	0	0	0	0	0	0	0	0	24	0	0	0	0	0	0	0	0	0.009097	0.0	0.0	0.0	0.124592	0.0	0.0	0.0	0.0	0.068047	0.0	0.0	0.0	0.931953	0.0	0.0	0.0	0.0	
176	225	4180.957515592	1890.5	1890.5	0.034504	0.0	47	0	0	0	174	0	0	0	0	0.009097	0.0	0.0	0.0	0.117908	0.0	0.0	0.0	0.0	0.014039	0.0	0.0	0.0	4144.58	0.0	0.0	0.0	0.0	0.000299	0.0	0.0	0.0	23.8194	0.0	0.0	0.0	0.0	1	0	0	0	41	0	0	0	0	0	0	0	0	0	0	0	0	0	12	0	0	0	133	0	0	0	0	8	0	0	0	0	0	0	0	0	2	0	0	0	0	0	0	0	0	24	0	0	0	0	0	0	0	0	0.009097	0.0	0.0	0.0	0.117908	0.0	0.0	0.0	0.0	0.071629	0.0	0.0	0.0	0.928371	0.0	0.0	0.0	0.0	
177	226	4193.55317259	1890.5	1890.5	0.03223	0.0	47	0	0	0	175	0	0	0	0	0.009097	0.0	0.0	0.0	0.111557	0.0	0.0	0.0	0.0	0.014039	0.0	0.0	0.0	4157.17	0.0	0.0	0.0	0.0	0.000299	0.0	0.0	0.0	23.7553	0.0	0.0	0.0	0.0	1	0	0	0	41	0	0	0	0	0	0	0	0	0	0	0	0	0	12	0	0	0	134	0	0	0	0	8	0	0	0	0	0	0	0	0	2	0	0	0	0	0	0	0	0	24	0	0	0	0	0	0	0	0	0.009097	0.0	0.0	0.0	0.111557	0.0	0.0	0.0	0.0	0.075399	0.0	0.0	0.0	0.924601	0.0	0.0	0.0	0.0	
178	227	4200.259105763	1890.5	1890.5	0.031458	0.0	47	0	0	0	176	0	0	0	0	0.009097	0.0	0.0	0.0	0.105525	0.0	0.0	0.0	0.0	0.014039	0.0	0.0	0.0	4163.88	0.0	0.0	0.0	0.0	0.000299	0.0	0.0	0.0	23.6584	0.0	0.0	0.0	0.0	1	0	0	0	41	0	0	0	0	0	0	0	0	0	0	0	0	0	12	0	0	0	135	0	0	0	0	8	0	0	0	0	0	0	0	0	2	0	0	0	0	0	0	0	0	24	0	0	0	0	0	0	0	0	0.009097	0.0	0.0	0.0	0.105525	0.0	0.0	0.0	0.0	0.079367	0.0	0.0	0.0	0.920633	0.0	0.0	0.0	0.0	
179	228	4204.406366309	1890.5	1890.5	0.031055	0.0	47	0	0	0	177	0	0	0	0	0.009097	0.0	0.0	0.0	0.099794	0.0	0.0	0.0	0.0	0.014039	0.0	0.0	0.0	4168.02	0.0	0.0	0.0	0.0	0.000299	0.0	0.0	0.0	23.5482	0.0	0.0	0.0	0.0	1	0	0	0	41	0	0	0	0	0	0	0	0	0	0	0	0	0	12	0	0	0	136	0	0	0	0	8	0	0	0	0	0	0	0	0	2	0	0	0	0	0	0	0	0	24	0	0	0	0	0	0	0	0	0.009097	0.0	0.0	0.0	0.099794	0.0	0.0	0.0	0.0	0.083544	0.0	0.0	0.0	0.916456	0.0	0.0	0.0	0.0	
180	229	4243.888138288	1890.5	1890.5	0.030808	0.0	47	0	0	0	178	0	0	0	0	0.009097	0.0	0.0	0.0	0.094349	0.0	0.0	0.0	0.0	0.014039	0.0	0.0	0.0	4207.51	0.0	0.0	0.0	0.0	0.000299	0.0	0.0	0.0	23.6377	0.0	0.0	0.0	0.0	1	0	0	0	41	0	0	0	0	0	0	0	0	0	0	0	0	0	12	0	0	0	137	0	0	0	0	8	0	0	0	0	0	0	0	0	2	0	0	0	0	0	0	0	0	24	0	0	0	0	0	0	0	0	0.009097	0.0	0.0	0.0	0.094349	0.0	0.0	0.0	0.0	0.087941	0.0	0.0	0.0	0.912059	0.0	0.0	0.0	0.0	
181	230	4251.81323628	1890.5	1890.5	0.028556	0.0	47	0	0	0	179	0	0	0	0	0.009097	0.0	0.0	0.0	0.089177	0.0	0.0	0.0	0.0	0.014039	0.0	0.0	0.0	4215.43	0.0	0.0	0.0	0.0	0.000299	0.0	0.0	0.0	23.5499	0.0	0.0	0.0	0.0	1	0	0	0	41	0	0	0	0	0	0	0	0	0	0	0	0	0	12	0	0	0	138	0	0	0	0	8	0	0	0	0	0	0	0	0	2	0	0	0	0	0	0	0	0	24	0	0	0	0	0	0	0	0	0.009097	0.0	0.0	0.0	0.089177	0.0	0.0	0.0	0.0	0.09257	0.0	0.0	0.0	0.90743	0.0	0.0	0.0	0.0	
182	231	4256.233190486	1890.5	1890.5	0.028124	0.0	47	0	0	0	180	0	0	0	0	0.009097	0.0	0.0	0.0	0.084263	0.0	0.0	0.0	0.0	0.014039	0.0	0.0	0.0	4219.85	0.0	0.0	0.0	0.0	0.000299	0.0	0.0	0.0	23.4436	0.0	0.0	0.0	0.0	1	0	0	0	41	0	0	0	0	0	0	0	0	0	0	0	0	0	12	0	0	0	139	0	0	0	0	8	0	0	0	0	0	0	0	0	2	0	0	0	0	0	0	0	0	24	0	0	0	0	0	0	0	0	0.009097	0.0	0.0	0.0	0.084263	0.0	0.0	0.0	0.0	0.097442	0.0	0.0	0.0	0.902558	0.0	0.0	0.0	0.0	
183	232	4262.580159693	1890.5	1890.5	0.027886	0.0	47	0	0	0	181	0	0	0	0	0.009097	0.0	0.0	0.0	0.079595	0.0	0.0	0.0	0.0	0.014039	0.0	0.0	0.0	4226.2	0.0	0.0	0.0	0.0	0.000299	0.0	0.0	0.0	23.3492	0.0	0.0	0.0	0.0	1	0	0	0	41	0	0	0	0	0	0	0	0	0	0	0	0	0	12	0	0	0	140	0	0	0	0	8	0	0	0	0	0	0	0	0	2	0	0	0	0	0	0	0	0	24	0	0	0	0	0	0	0	0	0.009097	0.0	0.0	0.0	0.079595	0.0	0.0	0.0	0.0	0.102571	0.0	0.0	0.0	0.897429	0.0	0.0	0.0	0.0	
184	233	4307.827830683	1890.5	1890.5	0.027548	0.0	47	0	0	0	182	0	0	0	0	0.009097	0.0	0.0	0.0	0.07516	0.0	0.0	0.0	0.0	0.014039	0.0	0.0	0.0	4271.45	0.0	0.0	0.0	0.0	0.000299	0.0	0.0	0.0	23.4695	0.0	0.0	0.0	0.0	1	0	0	0	41	0	0	0	0	0	0	0	0	0	0	0	0	0	12	0	0	0	141	0	0	0	0	8	0	0	0	0	0	0	0	0	2	0	0	0	0	0	0	0	0	24	0	0	0	0	0	0	0	0	0.009097	0.0	0.0	0.0	0.07516	0.0	0.0	0.0	0.0	0.107969	0.0	0.0	0.0	0.892031	0.0	0.0	0.0	0.0	
185	234	4313.825993789	1890.5	1890.5	0.025252	0.0	47	0	0	0	183	0	0	0	0	0.009097	0.0	0.0	0.0	0.070948	0.0	0.0	0.0	0.0	0.014039	0.0	0.0	0.0	4277.44	0.0	0.0	0.0	0.0	0.000299	0.0	0.0	0.0	23.374	0.0	0.0	0.0	0.0	1	0	0	0	41	0	0	0	0	0	0	0	0	0	0	0	0	0	12	0	0	0	142	0	0	0	0	8	0	0	0	0	0	0	0	0	2	0	0	0	0	0	0	0	0	24	0	0	0	0	0	0	0	0	0.009097	0.0	0.0	0.0	0.070948	0.0	0.0	0.0	0.0	0.113652	0.0	0.0	0.0	0.886348	0.0	0.0	0.0	0.0	
186	235	4330.135991008	1890.5	1890.5	0.024962	0.0	47	0	0	0	184	0	0	0	0	0.009097	0.0	0.0	0.0	0.066945	0.0	0.0	0.0	0.0	0.014039	0.0	0.0	0.0	4293.75	0.0	0.0	0.0	0.0	0.000299	0.0	0.0	0.0	23.3356	0.0	0.0	0.0	0.0	1	0	0	0	41	0	0	0	0	0	0	0	0	0	0	0	0	0	12	0	0	0	143	0	0	0	0	8	0	0	0	0	0	0	0	0	2	0	0	0	0	0	0	0	0	24	0	0	0	0	0	0	0	0	0.009097	0.0	0.0	0.0	0.066945	0.0	0.0	0.0	0.0	0.119633	0.0	0.0	0.0	0.880367	0.0	0.0	0.0	0.0	
187	236	4337.707412898	1890.5	1890.5	0.024192	0.0	47	0	0	0	185	0	0	0	0	0.009097	0.0	0.0	0.0	0.063143	0.0	0.0	0.0	0.0	0.014039	0.0	0.0	0.0	4301.33	0.0	0.0	0.0	0.0	0.000299	0.0	0.0	0.0	23.2504	0.0	0.0	0.0	0.0	1	0	0	0	41	0	0	0	0	0	0	0	0	0	0	0	0	0	12	0	0	0	144	0	0	0	0	8	0	0	0	0	0	0	0	0	2	0	0	0	0	0	0	0	0	24	0	0	0	0	0	0	0	0	0.009097	0.0	0.0	0.0	0.063143	0.0	0.0	0.0	0.0	0.12593	0.0	0.0	0.0	0.87407	0.0	0.0	0.0	0.0	
188	237	4346.305094413	1890.5	1890.5	0.023842	0.0	47	0	0	0	186	0	0	0	0	0.009097	0.0	0.0	0.0	0.059531	0.0	0.0	0.0	0.0	0.014039	0.0	0.0	0.0	4309.92	0.0	0.0	0.0	0.0	0.000299	0.0	0.0	0.0	23.1716	0.0	0.0	0.0	0.0	1	0	0	0	41	0	0	0	0	0	0	0	0	0	0	0	0	0	12	0	0	0	145	0	0	0	0	8	0	0	0	0	0	0	0	0	2	0	0	0	0	0	0	0	0	24	0	0	0	0	0	0	0	0	0.009097	0.0	0.0	0.0	0.059531	0.0	0.0	0.0	0.0	0.132558	0.0	0.0	0.0	0.867442	0.0	0.0	0.0	0.0	
189	238	4355.135751048	1890.5	1890.5	0.023451	0.0	47	0	0	0	187	0	0	0	0	0.009097	0.0	0.0	0.0	0.0561	0.0	0.0	0.0	0.0	0.014039	0.0	0.0	0.0	4318.75	0.0	0.0	0.0	0.0	0.000299	0.0	0.0	0.0	23.0949	0.0	0.0	0.0	0.0	1	0	0	0	41	0	0	0	0	0	0	0	0	0	0	0	0	0	12	0	0	0	146	0	0	0	0	8	0	0	0	0	0	0	0	0	2	0	0	0	0	0	0	0	0	24	0	0	0	0	0	0	0	0	0.009097	0.0	0.0	0.0	0.0561	0.0	0.0	0.0	0.0	0.139534	0.0	0.0	0.0	0.860466	0.0	0.0	0.0	0.0	
190	239	4369.265887624	1890.5	1890.5	0.023056	0.0	47	0	0	0	188	0	0	0	0	0.009097	0.0	0.0	0.0	0.05284	0.0	0.0	0.0	0.0	0.014039	0.0	0.0	0.0	4332.88	0.0	0.0	0.0	0.0	0.000299	0.0	0.0	0.0	23.0473	0.0	0.0	0.0	0.0	1	0	0	0	41	0	0	0	0	0	0	0	0	0	0	0	0	0	12	0	0	0	147	0	0	0	0	8	0	0	0	0	0	0	0	0	2	0	0	0	0	0	0	0	0	24	0	0	0	0	0	0	0	0	0.009097	0.0	0.0	0.0	0.05284	0.0	0.0	0.0	0.0	0.146878	0.0	0.0	0.0	0.853122	0.0	0.0	0.0	0.0	
191	240	4372.181826491	1890.5	1890.5	0.022438	0.0	47	0	0	0	189	0	0	0	0	0.009097	0.0	0.0	0.0	0.049743	0.0	0.0	0.0	0.0	0.014039	0.0	0.0	0.0	4335.8	0.0	0.0	0.0	0.0	0.000299	0.0	0.0	0.0	22.9407	0.0	0.0	0.0	0.0	1	0	0	0	41	0	0	0	0	0	0	0	0	0	0	0	0	0	12	0	0	0	148	0	0	0	0	8	0	0	0	0	0	0	0	0	2	0	0	0	0	0	0	0	0	24	0	0	0	0	0	0	0	0	0.009097	0.0	0.0	0.0	0.049743	0.0	0.0	0.0	0.0	0.154609	0.0	0.0	0.0	0.845391	0.0	0.0	0.0	0.0	
192	241	4381.072417007	1890.5	1890.5	0.022313	0.0	47	0	0	0	190	0	0	0	0	0.009097	0.0	0.0	0.0	0.046801	0.0	0.0	0.0	0.0	0.014039	0.0	0.0	0.0	4344.69	0.0	0.0	0.0	0.0	0.000299	0.0	0.0	0.0	22.8668	0.0	0.0	0.0	0.0	1	0	0	0	41	0	0	0	0	0	0	0	0	0	0	0	0	0	12	0	0	0	149	0	0	0	0	8	0	0	0	0	0	0	0	0	2	0	0	0	0	0	0	0	0	24	0	0	0	0	0	0	0	0	0.009097	0.0	0.0	0.0	0.046801	0.0	0.0	0.0	0.0	0.162746	0.0	0.0	0.0	0.837254	0.0	0.0	0.0	0.0	
193	242	4427.085336665	1890.5	1890.5	0.021934	0.0	47	0	0	0	191	0	0	0	0	0.009097	0.0	0.0	0.0	0.044006	0.0	0.0	0.0	0.0	0.014039	0.0	0.0	0.0	4390.7	0.0	0.0	0.0	0.0	0.000299	0.0	0.0	0.0	22.988	0.0	0.0	0.0	0.0	1	0	0	0	41	0	0	0	0	0	0	0	0	0	0	0	0	0	12	0	0	0	150	0	0	0	0	8	0	0	0	0	0	0	0	0	2	0	0	0	0	0	0	0	0	24	0	0	0	0	0	0	0	0	0.009097	0.0	0.0	0.0	0.044006	0.0	0.0	0.0	0.0	0.171312	0.0	0.0	0.0	0.828688	0.0	0.0	0.0	0.0	
194	243	4440.386064918	1890.5	1890.5	0.020077	0.0	47	0	0	0	192	0	0	0	0	0.009097	0.0	0.0	0.0	0.041351	0.0	0.0	0.0	0.0	0.014039	0.0	0.0	0.0	4404.0	0.0	0.0	0.0	0.0	0.000299	0.0	0.0	0.0	22.9375	0.0	0.0	0.0	0.0	1	0	0	0	41	0	0	0	0	0	0	0	0	0	0	0	0	0	12	0	0	0	151	0	0	0	0	8	0	0	0	0	0	0	0	0	2	0	0	0	0	0	0	0	0	24	0	0	0	0	0	0	0	0	0.009097	0.0	0.0	0.0	0.041351	0.0	0.0	0.0	0.0	0.180328	0.0	0.0	0.0	0.819672	0.0	0.0	0.0	0.0	
195	244	4445.111915998	1890.5	1890.5	0.01957	0.0	47	0	0	0	193	0	0	0	0	0.009097	0.0	0.0	0.0	0.038828	0.0	0.0	0.0	0.0	0.014039	0.0	0.0	0.0	4408.73	0.0	0.0	0.0	0.0	0.000299	0.0	0.0	0.0	22.8432	0.0	0.0	0.0	0.0	1	0	0	0	41	0	0	0	0	0	0	0	0	0	0	0	0	0	12	0	0	0	152	0	0	0	0	8	0	0	0	0	0	0	0	0	2	0	0	0	0	0	0	0	0	24	0	0	0	0	0	0	0	0	0.009097	0.0	0.0	0.0	0.038828	0.0	0.0	0.0	0.0	0.189819	0.0	0.0	0.0	0.810181	0.0	0.0	0.0	0.0	
196	245	4455.179712738	1890.5	1890.5	0.019393	0.0	47	0	0	0	194	0	0	0	0	0.009097	0.0	0.0	0.0	0.036432	0.0	0.0	0.0	0.0	0.014039	0.0	0.0	0.0	4418.8	0.0	0.0	0.0	0.0	0.000299	0.0	0.0	0.0	22.7773	0.0	0.0	0.0	0.0	1	0	0	0	41	0	0	0	0	0	0	0	0	0	0	0	0	0	12	0	0	0	153	0	0	0	0	8	0	0	0	0	0	0	0	0	2	0	0	0	0	0	0	0	0	24	0	0	0	0	0	0	0	0	0.009097	0.0	0.0	0.0	0.036432	0.0	0.0	0.0	0.0	0.199809	0.0	0.0	0.0	0.800191	0.0	0.0	0.0	0.0	
197	246	4459.508347305	1890.5	1890.5	0.019021	0.0	47	0	0	0	195	0	0	0	0	0.009097	0.0	0.0	0.0	0.034156	0.0	0.0	0.0	0.0	0.014039	0.0	0.0	0.0	4423.13	0.0	0.0	0.0	0.0	0.000299	0.0	0.0	0.0	22.6827	0.0	0.0	0.0	0.0	1	0	0	0	41	0	0	0	0	0	0	0	0	0	0	0	0	0	12	0	0	0	154	0	0	0	0	8	0	0	0	0	0	0	0	0	2	0	0	0	0	0	0	0	0	24	0	0	0	0	0	0	0	0	0.009097	0.0	0.0	0.0	0.034156	0.0	0.0	0.0	0.0	0.210326	0.0	0.0	0.0	0.789674	0.0	0.0	0.0	0.0	
198	248	4468.950044087	1890.5	1890.5	0.018863	0.0	48	0	0	0	196	0	0	0	0	0.008187	0.0	0.0	0.0	0.032039	0.0	0.0	0.0	0.0	0.014382	0.0	0.0	0.0	4432.57	0.0	0.0	0.0	0.0	0.0003	0.0	0.0	0.0	22.6151	0.0	0.0	0.0	0.0	1	0	0	0	41	0	0	0	0	0	0	0	0	0	0	0	0	0	13	0	0	0	155	0	0	0	0	8	0	0	0	0	0	0	0	0	2	0	0	0	0	0	0	0	0	24	0	0	0	0	0	0	0	0	0.008187	0.0	0.0	0.0	0.032039	0.0	0.0	0.0	0.0	0.203537	0.0	0.0	0.0	0.796463	0.0	0.0	0.0	0.0	
199	249	4500.185430998	1890.5	1890.5	0.018524	0.0	48	0	0	0	197	0	0	0	0	0.008187	0.0	0.0	0.0	0.030027	0.0	0.0	0.0	0.0	0.014382	0.0	0.0	0.0	4463.8	0.0	0.0	0.0	0.0	0.0003	0.0	0.0	0.0	22.6589	0.0	0.0	0.0	0.0	1	0	0	0	41	0	0	0	0	0	0	0	0	0	0	0	0	0	13	0	0	0	156	0	0	0	0	8	0	0	0	0	0	0	0	0	2	0	0	0	0	0	0	0	0	24	0	0	0	0	0	0	0	0	0.008187	0.0	0.0	0.0	0.030027	0.0	0.0	0.0	0.0	0.214249	0.0	0.0	0.0	0.785751	0.0	0.0	0.0	0.0	
200	251	4521.849781732	1890.5	1890.5	0.017444	0.0	49	0	0	0	198	0	0	0	0	0.007369	0.0	0.0	0.0	0.028158	0.0	0.0	0.0	0.0	0.014634	0.0	0.0	0.0	4485.47	0.0	0.0	0.0	0.0	0.000299	0.0	0.0	0.0	22.6539	0.0	0.0	0.0	0.0	1	0	0	0	41	0	0	0	0	0	0	0	0	0	0	0	0	0	13	0	0	0	157	0	0	0	0	8	0	0	0	0	0	0	0	0	2	0	0	0	0	0	0	0	0	25	0	0	0	0	0	0	0	0	0.007369	0.0	0.0	0.0	0.028158	0.0	0.0	0.0	0.0	0.207417	0.0	0.0	0.0	0.792583	0.0	0.0	0.0	0.0	
201	252	4528.705330906	1890.5	1890.5	0.016732	0.0	49	0	0	0	199	0	0	0	0	0.007369	0.0	0.0	0.0	0.026381	0.0	0.0	0.0	0.0	0.014634	0.0	0.0	0.0	4492.32	0.0	0.0	0.0	0.0	0.000299	0.0	0.0	0.0	22.5745	0.0	0.0	0.0	0.0	1	0	0	0	41	0	0	0	0	0	0	0	0	0	0	0	0	0	13	0	0	0	158	0	0	0	0	8	0	0	0	0	0	0	0	0	2	0	0	0	0	0	0	0	0	25	0	0	0	0	0	0	0	0	0.007369	0.0	0.0	0.0	0.026381	0.0	0.0	0.0	0.0	0.218333	0.0	0.0	0.0	0.781667	0.0	0.0	0.0	0.0	
202	254	4535.916064566	1890.5	1890.5	0.016513	0.0	50	0	0	0	200	0	0	0	0	0.006632	0.0	0.0	0.0	0.02473	0.0	0.0	0.0	0.0	0.021782	0.0	0.0	0.0	4499.53	0.0	0.0	0.0	0.0	0.000436	0.0	0.0	0.0	22.4976	0.0	0.0	0.0	0.0	1	0	0	0	41	0	0	0	0	0	0	0	0	0	0	0	0	0	13	0	0	0	159	0	0	0	0	8	0	0	0	0	0	0	0	0	2	0	0	0	0	0	0	0	0	26	0	0	0	0	0	0	0	0	0.006632	0.0	0.0	0.0	0.02473	0.0	0.0	0.0	0.0	0.211459	0.0	0.0	0.0	0.788541	0.0	0.0	0.0	0.0	
203	255	4545.446653541	1890.5	1890.5	0.016286	0.0	50	0	0	0	201	0	0	0	0	0.006632	0.0	0.0	0.0	0.023162	0.0	0.0	0.0	0.0	0.021782	0.0	0.0	0.0	4509.06	0.0	0.0	0.0	0.0	0.000436	0.0	0.0	0.0	22.4331	0.0	0.0	0.0	0.0	1	0	0	0	41	0	0	0	0	0	0	0	0	0	0	0	0	0	13	0	0	0	160	0	0	0	0	8	0	0	0	0	0	0	0	0	2	0	0	0	0	0	0	0	0	26	0	0	0	0	0	0	0	0	0.006632	0.0	0.0	0.0	0.023162	0.0	0.0	0.0	0.0	0.222589	0.0	0.0	0.0	0.777411	0.0	0.0	0.0	0.0	
204	256	4588.197987466	1890.5	1890.5	0.01599	0.0	50	0	0	0	202	0	0	0	0	0.006632	0.0	0.0	0.0	0.021673	0.0	0.0	0.0	0.0	0.021782	0.0	0.0	0.0	4551.81	0.0	0.0	0.0	0.0	0.000436	0.0	0.0	0.0	22.5337	0.0	0.0	0.0	0.0	1	0	0	0	41	0	0	0	0	0	0	0	0	0	0	0	0	0	13	0	0	0	161	0	0	0	0	8	0	0	0	0	0	0	0	0	2	0	0	0	0	0	0	0	0	26	0	0	0	0	0	0	0	0	0.006632	0.0	0.0	0.0	0.021673	0.0	0.0	0.0	0.0	0.234304	0.0	0.0	0.0	0.765696	0.0	0.0	0.0	0.0	
205	257	4592.967280922	1890.5	1890.5	0.014728	0.0	50	0	0	0	203	0	0	0	0	0.006632	0.0	0.0	0.0	0.020258	0.0	0.0	0.0	0.0	0.021782	0.0	0.0	0.0	4556.58	0.0	0.0	0.0	0.0	0.000436	0.0	0.0	0.0	22.4462	0.0	0.0	0.0	0.0	1	0	0	0	41	0	0	0	0	0	0	0	0	0	0	0	0	0	13	0	0	0	162	0	0	0	0	8	0	0	0	0	0	0	0	0	2	0	0	0	0	0	0	0	0	26	0	0	0	0	0	0	0	0	0.006632	0.0	0.0	0.0	0.020258	0.0	0.0	0.0	0.0	0.246635	0.0	0.0	0.0	0.753365	0.0	0.0	0.0	0.0	
206	259	4600.588015142	1890.5	1890.5	0.014594	0.0	51	0	0	0	204	0	0	0	0	0.005969	0.0	0.0	0.0	0.018946	0.0	0.0	0.0	0.0	0.022032	0.0	0.0	0.0	4564.2	0.0	0.0	0.0	0.0	0.000432	0.0	0.0	0.0	22.3735	0.0	0.0	0.0	0.0	1	0	0	0	41	0	0	0	0	0	0	0	0	0	0	0	0	0	13	0	0	0	163	0	0	0	0	8	0	0	0	0	0	0	0	0	2	0	0	0	0	0	0	0	0	27	0	0	0	0	0	0	0	0	0.005969	0.0	0.0	0.0	0.018946	0.0	0.0	0.0	0.0	0.239563	0.0	0.0	0.0	0.760437	0.0	0.0	0.0	0.0	
207	260	4633.713525168	1890.5	1890.5	0.014381	0.0	51	0	0	0	205	0	0	0	0	0.005969	0.0	0.0	0.0	0.0177	0.0	0.0	0.0	0.0	0.022032	0.0	0.0	0.0	4597.32	0.0	0.0	0.0	0.0	0.000432	0.0	0.0	0.0	22.426	0.0	0.0	0.0	0.0	1	0	0	0	41	0	0	0	0	0	0	0	0	0	0	0	0	0	13	0	0	0	164	0	0	0	0	8	0	0	0	0	0	0	0	0	2	0	0	0	0	0	0	0	0	27	0	0	0	0	0	0	0	0	0.005969	0.0	0.0	0.0	0.0177	0.0	0.0	0.0	0.0	0.252172	0.0	0.0	0.0	0.747828	0.0	0.0	0.0	0.0	
208	261	4647.371789545	1890.5	1890.5	0.013494	0.0	51	0	0	0	206	0	0	0	0	0.005969	0.0	0.0	0.0	0.016517	0.0	0.0	0.0	0.0	0.022032	0.0	0.0	0.0	4610.98	0.0	0.0	0.0	0.0	0.000432	0.0	0.0	0.0	22.3834	0.0	0.0	0.0	0.0	1	0	0	0	41	0	0	0	0	0	0	0	0	0	0	0	0	0	13	0	0	0	165	0	0	0	0	8	0	0	0	0	0	0	0	0	2	0	0	0	0	0	0	0	0	27	0	0	0	0	0	0	0	0	0.005969	0.0	0.0	0.0	0.016517	0.0	0.0	0.0	0.0	0.265444	0.0	0.0	0.0	0.734556	0.0	0.0	0.0	0.0	
209	262	4662.096906775	1890.5	1890.5	0.013144	0.0	51	0	0	0	207	0	0	0	0	0.005969	0.0	0.0	0.0	0.015393	0.0	0.0	0.0	0.0	0.022032	0.0	0.0	0.0	4625.71	0.0	0.0	0.0	0.0	0.000432	0.0	0.0	0.0	22.3464	0.0	0.0	0.0	0.0	1	0	0	0	41	0	0	0	0	0	0	0	0	0	0	0	0	0	13	0	0	0	166	0	0	0	0	8	0	0	0	0	0	0	0	0	2	0	0	0	0	0	0	0	0	27	0	0	0	0	0	0	0	0	0.005969	0.0	0.0	0.0	0.015393	0.0	0.0	0.0	0.0	0.279415	0.0	0.0	0.0	0.720585	0.0	0.0	0.0	0.0	
210	263	4668.994546649	1890.5	1890.5	0.012777	0.0	51	0	0	0	208	0	0	0	0	0.005969	0.0	0.0	0.0	0.014325	0.0	0.0	0.0	0.0	0.022032	0.0	0.0	0.0	4632.6	0.0	0.0	0.0	0.0	0.000432	0.0	0.0	0.0	22.2721	0.0	0.0	0.0	0.0	1	0	0	0	41	0	0	0	0	0	0	0	0	0	0	0	0	0	13	0	0	0	167	0	0	0	0	8	0	0	0	0	0	0	0	0	2	0	0	0	0	0	0	0	0	27	0	0	0	0	0	0	0	0	0.005969	0.0	0.0	0.0	0.014325	0.0	0.0	0.0	0.0	0.294121	0.0	0.0	0.0	0.705879	0.0	0.0	0.0	0.0	
211	264	4679.591547642	1890.5	1890.5	0.012609	0.0	51	0	0	0	209	0	0	0	0	0.005969	0.0	0.0	0.0	0.01331	0.0	0.0	0.0	0.0	0.022032	0.0	0.0	0.0	4643.2	0.0	0.0	0.0	0.0	0.000432	0.0	0.0	0.0	22.2163	0.0	0.0	0.0	0.0	1	0	0	0	41	0	0	0	0	0	0	0	0	0	0	0	0	0	13	0	0	0	168	0	0	0	0	8	0	0	0	0	0	0	0	0	2	0	0	0	0	0	0	0	0	27	0	0	0	0	0	0	0	0	0.005969	0.0	0.0	0.0	0.01331	0.0	0.0	0.0	0.0	0.309601	0.0	0.0	0.0	0.690399	0.0	0.0	0.0	0.0	
212	265	4683.319207674	1890.5	1890.5	0.012354	0.0	51	0	0	0	210	0	0	0	0	0.005969	0.0	0.0	0.0	0.012346	0.0	0.0	0.0	0.0	0.022032	0.0	0.0	0.0	4646.93	0.0	0.0	0.0	0.0	0.000432	0.0	0.0	0.0	22.1282	0.0	0.0	0.0	0.0	1	0	0	0	41	0	0	0	0	0	0	0	0	0	0	0	0	0	13	0	0	0	169	0	0	0	0	8	0	0	0	0	0	0	0	0	2	0	0	0	0	0	0	0	0	27	0	0	0	0	0	0	0	0	0.005969	0.0	0.0	0.0	0.012346	0.0	0.0	0.0	0.0	0.325895	0.0	0.0	0.0	0.674105	0.0	0.0	0.0	0.0	
213	266	4688.157478389	1890.5	1890.5	0.012266	0.0	51	0	0	0	211	0	0	0	0	0.005969	0.0	0.0	0.0	0.01143	0.0	0.0	0.0	0.0	0.022032	0.0	0.0	0.0	4651.77	0.0	0.0	0.0	0.0	0.000432	0.0	0.0	0.0	22.0463	0.0	0.0	0.0	0.0	1	0	0	0	41	0	0	0	0	0	0	0	0	0	0	0	0	0	13	0	0	0	170	0	0	0	0	8	0	0	0	0	0	0	0	0	2	0	0	0	0	0	0	0	0	27	0	0	0	0	0	0	0	0	0.005969	0.0	0.0	0.0	0.01143	0.0	0.0	0.0	0.0	0.343048	0.0	0.0	0.0	0.656952	0.0	0.0	0.0	0.0	
214	267	4698.933246946	1890.5	1890.5	0.012152	0.0	51	0	0	0	212	0	0	0	0	0.005969	0.0	0.0	0.0	0.01056	0.0	0.0	0.0	0.0	0.022032	0.0	0.0	0.0	4662.54	0.0	0.0	0.0	0.0	0.000432	0.0	0.0	0.0	21.9931	0.0	0.0	0.0	0.0	1	0	0	0	41	0	0	0	0	0	0	0	0	0	0	0	0	0	13	0	0	0	171	0	0	0	0	8	0	0	0	0	0	0	0	0	2	0	0	0	0	0	0	0	0	27	0	0	0	0	0	0	0	0	0.005969	0.0	0.0	0.0	0.01056	0.0	0.0	0.0	0.0	0.361103	0.0	0.0	0.0	0.638897	0.0	0.0	0.0	0.0	
215	268	4703.10184663	1890.5	1890.5	0.011903	0.0	51	0	0	0	213	0	0	0	0	0.005969	0.0	0.0	0.0	0.009734	0.0	0.0	0.0	0.0	0.022032	0.0	0.0	0.0	4666.71	0.0	0.0	0.0	0.0	0.000432	0.0	0.0	0.0	21.9094	0.0	0.0	0.0	0.0	1	0	0	0	41	0	0	0	0	0	0	0	0	0	0	0	0	0	13	0	0	0	172	0	0	0	0	8	0	0	0	0	0	0	0	0	2	0	0	0	0	0	0	0	0	27	0	0	0	0	0	0	0	0	0.005969	0.0	0.0	0.0	0.009734	0.0	0.0	0.0	0.0	0.380108	0.0	0.0	0.0	0.619892	0.0	0.0	0.0	0.0	
216	269	4724.931272942	1890.5	1890.5	0.011808	0.0	51	0	0	0	214	0	0	0	0	0.005969	0.0	0.0	0.0	0.008949	0.0	0.0	0.0	0.0	0.022032	0.0	0.0	0.0	4688.54	0.0	0.0	0.0	0.0	0.000432	0.0	0.0	0.0	21.9091	0.0	0.0	0.0	0.0	1	0	0	0	41	0	0	0	0	0	0	0	0	0	0	0	0	0	13	0	0	0	173	0	0	0	0	8	0	0	0	0	0	0	0	0	2	0	0	0	0	0	0	0	0	27	0	0	0	0	0	0	0	0	0.005969	0.0	0.0	0.0	0.008949	0.0	0.0	0.0	0.0	0.400114	0.0	0.0	0.0	0.599886	0.0	0.0	0.0	0.0	
217	272	4747.508290483	1890.5	1890.5	0.011323	0.0	53	0	0	0	215	0	0	0	0	0.004835	0.0	0.0	0.0	0.00826	0.0	0.0	0.0	0.0	0.02271	0.0	0.0	0.0	4711.12	0.0	0.0	0.0	0.0	0.000428	0.0	0.0	0.0	21.9122	0.0	0.0	0.0	0.0	1	0	0	0	41	0	0	0	0	0	0	0	0	0	0	0	0	0	14	0	0	0	174	0	0	0	0	9	0	0	0	0	0	0	0	0	2	0	0	0	0	0	0	0	0	27	0	0	0	0	0	0	0	0	0.004835	0.0	0.0	0.0	0.00826	0.0	0.0	0.0	0.0	0.369218	0.0	0.0	0.0	0.630782	0.0	0.0	0.0	0.0	
218	273	4789.924746791	1890.5	1890.5	0.010842	0.0	53	0	0	0	216	0	0	0	0	0.004835	0.0	0.0	0.0	0.007605	0.0	0.0	0.0	0.0	0.02271	0.0	0.0	0.0	4753.53	0.0	0.0	0.0	0.0	0.000428	0.0	0.0	0.0	22.0071	0.0	0.0	0.0	0.0	1	0	0	0	41	0	0	0	0	0	0	0	0	0	0	0	0	0	14	0	0	0	175	0	0	0	0	9	0	0	0	0	0	0	0	0	2	0	0	0	0	0	0	0	0	27	0	0	0	0	0	0	0	0	0.004835	0.0	0.0	0.0	0.007605	0.0	0.0	0.0	0.0	0.388651	0.0	0.0	0.0	0.611349	0.0	0.0	0.0	0.0	
219	274	4840.79727303	1890.5	1890.5	0.009992	0.0	53	0	0	0	217	0	0	0	0	0.004835	0.0	0.0	0.0	0.006983	0.0	0.0	0.0	0.0	0.02271	0.0	0.0	0.0	4804.41	0.0	0.0	0.0	0.0	0.000428	0.0	0.0	0.0	22.1401	0.0	0.0	0.0	0.0	1	0	0	0	41	0	0	0	0	0	0	0	0	0	0	0	0	0	14	0	0	0	176	0	0	0	0	9	0	0	0	0	0	0	0	0	2	0	0	0	0	0	0	0	0	27	0	0	0	0	0	0	0	0	0.004835	0.0	0.0	0.0	0.006983	0.0	0.0	0.0	0.0	0.409106	0.0	0.0	0.0	0.590894	0.0	0.0	0.0	0.0	
220	275	4851.009568761	1890.5	1890.5	0.009061	0.0	53	0	0	0	218	0	0	0	0	0.004835	0.0	0.0	0.0	0.006392	0.0	0.0	0.0	0.0	0.02271	0.0	0.0	0.0	4814.62	0.0	0.0	0.0	0.0	0.000428	0.0	0.0	0.0	22.0854	0.0	0.0	0.0	0.0	1	0	0	0	41	0	0	0	0	0	0	0	0	0	0	0	0	0	14	0	0	0	177	0	0	0	0	9	0	0	0	0	0	0	0	0	2	0	0	0	0	0	0	0	0	27	0	0	0	0	0	0	0	0	0.004835	0.0	0.0	0.0	0.006392	0.0	0.0	0.0	0.0	0.430638	0.0	0.0	0.0	0.569362	0.0	0.0	0.0	0.0	
221	278	4858.748777912	1890.5	1890.5	0.008885	0.0	55	0	0	0	219	0	0	0	0	0.003916	0.0	0.0	0.0	0.005877	0.0	0.0	0.0	0.0	0.023274	0.0	0.0	0.0	4822.36	0.0	0.0	0.0	0.0	0.000423	0.0	0.0	0.0	22.0199	0.0	0.0	0.0	0.0	1	0	0	0	41	0	0	0	0	0	0	0	0	0	0	0	0	0	16	0	0	0	178	0	0	0	0	9	0	0	0	0	0	0	0	0	2	0	0	0	0	0	0	0	0	27	0	0	0	0	0	0	0	0	0.003916	0.0	0.0	0.0	0.005877	0.0	0.0	0.0	0.0	0.399896	0.0	0.0	0.0	0.600104	0.0	0.0	0.0	0.0	
222	279	4875.352704608	1890.5	1890.5	0.008754	0.0	55	0	0	0	220	0	0	0	0	0.003916	0.0	0.0	0.0	0.005387	0.0	0.0	0.0	0.0	0.023274	0.0	0.0	0.0	4838.96	0.0	0.0	0.0	0.0	0.000423	0.0	0.0	0.0	21.9953	0.0	0.0	0.0	0.0	1	0	0	0	41	0	0	0	0	0	0	0	0	0	0	0	0	0	16	0	0	0	179	0	0	0	0	9	0	0	0	0	0	0	0	0	2	0	0	0	0	0	0	0	0	27	0	0	0	0	0	0	0	0	0.003916	0.0	0.0	0.0	0.005387	0.0	0.0	0.0	0.0	0.420943	0.0	0.0	0.0	0.579057	0.0	0.0	0.0	0.0	
223	280	4887.610054369	1890.5	1890.5	0.008479	0.0	55	0	0	0	221	0	0	0	0	0.003916	0.0	0.0	0.0	0.004922	0.0	0.0	0.0	0.0	0.023274	0.0	0.0	0.0	4851.22	0.0	0.0	0.0	0.0	0.000423	0.0	0.0	0.0	21.9512	0.0	0.0	0.0	0.0	1	0	0	0	41	0	0	0	0	0	0	0	0	0	0	0	0	0	16	0	0	0	180	0	0	0	0	9	0	0	0	0	0	0	0	0	2	0	0	0	0	0	0	0	0	27	0	0	0	0	0	0	0	0	0.003916	0.0	0.0	0.0	0.004922	0.0	0.0	0.0	0.0	0.443098	0.0	0.0	0.0	0.556902	0.0	0.0	0.0	0.0	
224	282	4902.656363152	1890.5	1890.5	0.008281	0.0	56	0	0	0	222	0	0	0	0	0.003524	0.0	0.0	0.0	0.0045	0.0	0.0	0.0	0.0	0.02359	0.0	0.0	0.0	4866.26	0.0	0.0	0.0	0.0	0.000421	0.0	0.0	0.0	21.9201	0.0	0.0	0.0	0.0	1	0	0	0	41	0	0	0	0	0	0	0	0	0	0	0	0	0	16	0	0	0	181	0	0	0	0	10	0	0	0	0	0	0	0	0	2	0	0	0	0	0	0	0	0	27	0	0	0	0	0	0	0	0	0.003524	0.0	0.0	0.0	0.0045	0.0	0.0	0.0	0.0	0.439239	0.0	0.0	0.0	0.560761	0.0	0.0	0.0	0.0	
225	286	4916.548368996	1890.5	1890.5	0.008045	0.0	59	0	0	0	223	0	0	0	0	0.002569	0.0	0.0	0.0	0.004146	0.0	0.0	0.0	0.0	0.024352	0.0	0.0	0.0	4880.16	0.0	0.0	0.0	0.0	0.000413	0.0	0.0	0.0	21.8841	0.0	0.0	0.0	0.0	1	0	0	0	41	0	0	0	0	0	0	0	0	0	0	0	0	0	17	0	0	0	182	0	0	0	0	12	0	0	0	0	0	0	0	0	2	0	0	0	0	0	0	0	0	27	0	0	0	0	0	0	0	0	0.002569	0.0	0.0	0.0	0.004146	0.0	0.0	0.0	0.0	0.382601	0.0	0.0	0.0	0.617399	0.0	0.0	0.0	0.0	
226	289	4922.57914262	1890.5	1890.5	0.007833	0.0	61	0	0	0	224	0	0	0	0	0.002081	0.0	0.0	0.0	0.003835	0.0	0.0	0.0	0.0	0.02482	0.0	0.0	0.0	4886.19	0.0	0.0	0.0	0.0	0.000407	0.0	0.0	0.0	21.8133	0.0	0.0	0.0	0.0	1	0	0	0	41	0	0	0	0	0	0	0	0	0	0	0	0	0	18	0	0	0	183	0	0	0	0	12	0	0	0	0	0	0	0	0	2	0	0	0	0	0	0	0	0	28	0	0	0	0	0	0	0	0	0.002081	0.0	0.0	0.0	0.003835	0.0	0.0	0.0	0.0	0.351791	0.0	0.0	0.0	0.648209	0.0	0.0	0.0	0.0	
227	290	4941.188318861	1890.5	1890.5	0.007743	0.0	61	0	0	0	225	0	0	0	0	0.002081	0.0	0.0	0.0	0.003539	0.0	0.0	0.0	0.0	0.02482	0.0	0.0	0.0	4904.79	0.0	0.0	0.0	0.0	0.000407	0.0	0.0	0.0	21.7991	0.0	0.0	0.0	0.0	1	0	0	0	41	0	0	0	0	0	0	0	0	0	0	0	0	0	18	0	0	0	184	0	0	0	0	12	0	0	0	0	0	0	0	0	2	0	0	0	0	0	0	0	0	28	0	0	0	0	0	0	0	0	0.002081	0.0	0.0	0.0	0.003539	0.0	0.0	0.0	0.0	0.370306	0.0	0.0	0.0	0.629694	0.0	0.0	0.0	0.0	
228	291	4946.585610515	1890.5	1890.5	0.00747	0.0	61	0	0	0	226	0	0	0	0	0.002081	0.0	0.0	0.0	0.003258	0.0	0.0	0.0	0.0	0.02482	0.0	0.0	0.0	4910.19	0.0	0.0	0.0	0.0	0.000407	0.0	0.0	0.0	21.7265	0.0	0.0	0.0	0.0	1	0	0	0	41	0	0	0	0	0	0	0	0	0	0	0	0	0	18	0	0	0	185	0	0	0	0	12	0	0	0	0	0	0	0	0	2	0	0	0	0	0	0	0	0	28	0	0	0	0	0	0	0	0	0.002081	0.0	0.0	0.0	0.003258	0.0	0.0	0.0	0.0	0.389796	0.0	0.0	0.0	0.610204	0.0	0.0	0.0	0.0	
229	292	4951.736946649	1890.5	1890.5	0.007393	0.0	61	0	0	0	227	0	0	0	0	0.002081	0.0	0.0	0.0	0.002991	0.0	0.0	0.0	0.0	0.02482	0.0	0.0	0.0	4915.34	0.0	0.0	0.0	0.0	0.000407	0.0	0.0	0.0	21.6535	0.0	0.0	0.0	0.0	1	0	0	0	41	0	0	0	0	0	0	0	0	0	0	0	0	0	18	0	0	0	186	0	0	0	0	12	0	0	0	0	0	0	0	0	2	0	0	0	0	0	0	0	0	28	0	0	0	0	0	0	0	0	0.002081	0.0	0.0	0.0	0.002991	0.0	0.0	0.0	0.0	0.410311	0.0	0.0	0.0	0.589689	0.0	0.0	0.0	0.0	
230	293	4964.030398107	1890.5	1890.5	0.00732	0.0	61	0	0	0	228	0	0	0	0	0.002081	0.0	0.0	0.0	0.002737	0.0	0.0	0.0	0.0	0.02482	0.0	0.0	0.0	4927.64	0.0	0.0	0.0	0.0	0.000407	0.0	0.0	0.0	21.6124	0.0	0.0	0.0	0.0	1	0	0	0	41	0	0	0	0	0	0	0	0	0	0	0	0	0	18	0	0	0	187	0	0	0	0	12	0	0	0	0	0	0	0	0	2	0	0	0	0	0	0	0	0	28	0	0	0	0	0	0	0	0	0.002081	0.0	0.0	0.0	0.002737	0.0	0.0	0.0	0.0	0.431907	0.0	0.0	0.0	0.568093	0.0	0.0	0.0	0.0	
231	294	4969.965960658	1890.5	1890.5	0.007149	0.0	61	0	0	0	229	0	0	0	0	0.002081	0.0	0.0	0.0	0.002496	0.0	0.0	0.0	0.0	0.02482	0.0	0.0	0.0	4933.57	0.0	0.0	0.0	0.0	0.000407	0.0	0.0	0.0	21.544	0.0	0.0	0.0	0.0	1	0	0	0	41	0	0	0	0	0	0	0	0	0	0	0	0	0	18	0	0	0	188	0	0	0	0	12	0	0	0	0	0	0	0	0	2	0	0	0	0	0	0	0	0	28	0	0	0	0	0	0	0	0	0.002081	0.0	0.0	0.0	0.002496	0.0	0.0	0.0	0.0	0.454638	0.0	0.0	0.0	0.545362	0.0	0.0	0.0	0.0	
232	296	4975.765613443	1890.5	1890.5	0.007068	0.0	62	0	0	0	230	0	0	0	0	0.001873	0.0	0.0	0.0	0.002278	0.0	0.0	0.0	0.0	0.025046	0.0	0.0	0.0	4939.37	0.0	0.0	0.0	0.0	0.000404	0.0	0.0	0.0	21.4755	0.0	0.0	0.0	0.0	1	0	0	0	41	0	0	0	0	0	0	0	0	0	0	0	0	0	18	0	0	0	189	0	0	0	0	12	0	0	0	0	0	0	0	0	2	0	0	0	0	0	0	0	0	29	0	0	0	0	0	0	0	0	0.001873	0.0	0.0	0.0	0.002278	0.0	0.0	0.0	0.0	0.451224	0.0	0.0	0.0	0.548776	0.0	0.0	0.0	0.0	
233	298	4982.195768594	1890.5	1890.5	0.00699	0.0	63	0	0	0	231	0	0	0	0	0.001686	0.0	0.0	0.0	0.00208	0.0	0.0	0.0	0.0	0.025231	0.0	0.0	0.0	4945.8	0.0	0.0	0.0	0.0	0.0004	0.0	0.0	0.0	21.4104	0.0	0.0	0.0	0.0	1	0	0	0	41	0	0	0	0	0	0	0	0	0	0	0	0	0	18	0	0	0	190	0	0	0	0	12	0	0	0	0	0	0	0	0	2	0	0	0	0	0	0	0	0	30	0	0	0	0	0	0	0	0	0.001686	0.0	0.0	0.0	0.00208	0.0	0.0	0.0	0.0	0.447676	0.0	0.0	0.0	0.552324	0.0	0.0	0.0	0.0	
234	299	4993.854995477	1890.5	1890.5	0.006904	0.0	63	0	0	0	232	0	0	0	0	0.001686	0.0	0.0	0.0	0.001892	0.0	0.0	0.0	0.0	0.025231	0.0	0.0	0.0	4957.46	0.0	0.0	0.0	0.0	0.0004	0.0	0.0	0.0	21.3684	0.0	0.0	0.0	0.0	1	0	0	0	41	0	0	0	0	0	0	0	0	0	0	0	0	0	18	0	0	0	191	0	0	0	0	12	0	0	0	0	0	0	0	0	2	0	0	0	0	0	0	0	0	30	0	0	0	0	0	0	0	0	0.001686	0.0	0.0	0.0	0.001892	0.0	0.0	0.0	0.0	0.471238	0.0	0.0	0.0	0.528762	0.0	0.0	0.0	0.0	
235	302	5015.87144835	1890.5	1890.5	0.006751	0.0	65	0	0	0	233	0	0	0	0	0.001365	0.0	0.0	0.0	0.001729	0.0	0.0	0.0	0.0	0.025801	0.0	0.0	0.0	4979.48	0.0	0.0	0.0	0.0	0.000397	0.0	0.0	0.0	21.3711	0.0	0.0	0.0	0.0	1	0	0	0	41	0	0	0	0	0	0	0	0	0	0	0	0	0	18	0	0	0	192	0	0	0	0	12	0	0	0	0	0	0	0	0	3	0	0	0	0	0	0	0	0	31	0	0	0	0	0	0	0	0	0.001365	0.0	0.0	0.0	0.001729	0.0	0.0	0.0	0.0	0.441304	0.0	0.0	0.0	0.558696	0.0	0.0	0.0	0.0	
236	304	5082.749971778	1890.5	1890.5	0.006471	0.0	66	0	0	0	234	0	0	0	0	0.001229	0.0	0.0	0.0	0.001581	0.0	0.0	0.0	0.0	0.026067	0.0	0.0	0.0	5046.35	0.0	0.0	0.0	0.0	0.000395	0.0	0.0	0.0	21.5656	0.0	0.0	0.0	0.0	1	0	0	0	41	0	0	0	0	0	0	0	0	0	0	0	0	0	18	0	0	0	193	0	0	0	0	13	0	0	0	0	0	0	0	0	3	0	0	0	0	0	0	0	0	31	0	0	0	0	0	0	0	0	0.001229	0.0	0.0	0.0	0.001581	0.0	0.0	0.0	0.0	0.437379	0.0	0.0	0.0	0.562621	0.0	0.0	0.0	0.0	
237	307	5092.144148908	1890.5	1890.5	0.00569	0.0	68	0	0	0	235	0	0	0	0	0.000995	0.0	0.0	0.0	0.001452	0.0	0.0	0.0	0.0	0.026597	0.0	0.0	0.0	5055.75	0.0	0.0	0.0	0.0	0.000391	0.0	0.0	0.0	21.5138	0.0	0.0	0.0	0.0	1	0	0	0	41	0	0	0	0	0	0	0	0	0	0	0	0	0	19	0	0	0	194	0	0	0	0	13	0	0	0	0	0	0	0	0	3	0	0	0	0	0	0	0	0	32	0	0	0	0	0	0	0	0	0.000995	0.0	0.0	0.0	0.001452	0.0	0.0	0.0	0.0	0.406723	0.0	0.0	0.0	0.593277	0.0	0.0	0.0	0.0	
238	309	5104.119149952	1890.5	1890.5	0.005588	0.0	69	0	0	0	236	0	0	0	0	0.000896	0.0	0.0	0.0	0.001335	0.0	0.0	0.0	0.0	0.026824	0.0	0.0	0.0	5067.72	0.0	0.0	0.0	0.0	0.000389	0.0	0.0	0.0	21.4734	0.0	0.0	0.0	0.0	1	0	0	0	41	0	0	0	0	0	0	0	0	0	0	0	0	0	19	0	0	0	195	0	0	0	0	13	0	0	0	0	0	0	0	0	3	0	0	0	0	0	0	0	0	33	0	0	0	0	0	0	0	0	0.000896	0.0	0.0	0.0	0.001335	0.0	0.0	0.0	0.0	0.401652	0.0	0.0	0.0	0.598348	0.0	0.0	0.0	0.0	
239	311	5142.685734063	1890.5	1890.5	0.005461	0.0	70	0	0	0	237	0	0	0	0	0.000806	0.0	0.0	0.0	0.001228	0.0	0.0	0.0	0.0	0.027214	0.0	0.0	0.0	5106.29	0.0	0.0	0.0	0.0	0.000389	0.0	0.0	0.0	21.5455	0.0	0.0	0.0	0.0	1	0	0	0	41	0	0	0	0	0	0	0	0	0	0	0	0	0	20	0	0	0	196	0	0	0	0	13	0	0	0	0	0	0	0	0	3	0	0	0	0	0	0	0	0	33	0	0	0	0	0	0	0	0	0.000806	0.0	0.0	0.0	0.001228	0.0	0.0	0.0	0.0	0.396436	0.0	0.0	0.0	0.603564	0.0	0.0	0.0	0.0	
240	312	5154.572259667	1890.5	1890.5	0.005071	0.0	70	0	0	0	238	0	0	0	0	0.000806	0.0	0.0	0.0	0.001126	0.0	0.0	0.0	0.0	0.027214	0.0	0.0	0.0	5118.18	0.0	0.0	0.0	0.0	0.000389	0.0	0.0	0.0	21.5049	0.0	0.0	0.0	0.0	1	0	0	0	41	0	0	0	0	0	0	0	0	0	0	0	0	0	20	0	0	0	197	0	0	0	0	13	0	0	0	0	0	0	0	0	3	0	0	0	0	0	0	0	0	33	0	0	0	0	0	0	0	0	0.000806	0.0	0.0	0.0	0.001126	0.0	0.0	0.0	0.0	0.417301	0.0	0.0	0.0	0.582699	0.0	0.0	0.0	0.0	
241	315	5160.741614362	1890.5	1890.5	0.004956	0.0	72	0	0	0	239	0	0	0	0	0.000653	0.0	0.0	0.0	0.001037	0.0	0.0	0.0	0.0	0.027771	0.0	0.0	0.0	5124.34	0.0	0.0	0.0	0.0	0.000386	0.0	0.0	0.0	21.4408	0.0	0.0	0.0	0.0	1	0	0	0	41	0	0	0	0	0	0	0	0	0	0	0	0	0	20	0	0	0	198	0	0	0	0	14	0	0	0	0	0	0	0	0	3	0	0	0	0	0	0	0	0	34	0	0	0	0	0	0	0	0	0.000653	0.0	0.0	0.0	0.001037	0.0	0.0	0.0	0.0	0.386444	0.0	0.0	0.0	0.613556	0.0	0.0	0.0	0.0	
242	316	5171.488423695	1890.5	1890.5	0.004898	0.0	72	0	0	0	240	0	0	0	0	0.000653	0.0	0.0	0.0	0.000952	0.0	0.0	0.0	0.0	0.027771	0.0	0.0	0.0	5135.09	0.0	0.0	0.0	0.0	0.000386	0.0	0.0	0.0	21.3962	0.0	0.0	0.0	0.0	1	0	0	0	41	0	0	0	0	0	0	0	0	0	0	0	0	0	20	0	0	0	199	0	0	0	0	14	0	0	0	0	0	0	0	0	3	0	0	0	0	0	0	0	0	34	0	0	0	0	0	0	0	0	0.000653	0.0	0.0	0.0	0.000952	0.0	0.0	0.0	0.0	0.406783	0.0	0.0	0.0	0.593217	0.0	0.0	0.0	0.0	
243	317	5184.694426261	1890.5	1890.5	0.004797	0.0	72	0	0	0	241	0	0	0	0	0.000653	0.0	0.0	0.0	0.000872	0.0	0.0	0.0	0.0	0.027771	0.0	0.0	0.0	5148.3	0.0	0.0	0.0	0.0	0.000386	0.0	0.0	0.0	21.3622	0.0	0.0	0.0	0.0	1	0	0	0	41	0	0	0	0	0	0	0	0	0	0	0	0	0	20	0	0	0	200	0	0	0	0	14	0	0	0	0	0	0	0	0	3	0	0	0	0	0	0	0	0	34	0	0	0	0	0	0	0	0	0.000653	0.0	0.0	0.0	0.000872	0.0	0.0	0.0	0.0	0.428192	0.0	0.0	0.0	0.571808	0.0	0.0	0.0	0.0	
244	319	5191.422905025	1890.5	1890.5	0.004677	0.0	73	0	0	0	242	0	0	0	0	0.000588	0.0	0.0	0.0	0.000799	0.0	0.0	0.0	0.0	0.028021	0.0	0.0	0.0	5155.03	0.0	0.0	0.0	0.0	0.000384	0.0	0.0	0.0	21.3018	0.0	0.0	0.0	0.0	1	0	0	0	41	0	0	0	0	0	0	0	0	0	0	0	0	0	20	0	0	0	201	0	0	0	0	14	0	0	0	0	0	0	0	0	3	0	0	0	0	0	0	0	0	35	0	0	0	0	0	0	0	0	0.000588	0.0	0.0	0.0	0.000799	0.0	0.0	0.0	0.0	0.423802	0.0	0.0	0.0	0.576198	0.0	0.0	0.0	0.0	
245	320	5201.418953281	1890.5	1890.5	0.004617	0.0	73	0	0	0	243	0	0	0	0	0.000588	0.0	0.0	0.0	0.00073	0.0	0.0	0.0	0.0	0.028021	0.0	0.0	0.0	5165.02	0.0	0.0	0.0	0.0	0.000384	0.0	0.0	0.0	21.2552	0.0	0.0	0.0	0.0	1	0	0	0	41	0	0	0	0	0	0	0	0	0	0	0	0	0	20	0	0	0	202	0	0	0	0	14	0	0	0	0	0	0	0	0	3	0	0	0	0	0	0	0	0	35	0	0	0	0	0	0	0	0	0.000588	0.0	0.0	0.0	0.00073	0.0	0.0	0.0	0.0	0.446107	0.0	0.0	0.0	0.553893	0.0	0.0	0.0	0.0	
246	321	5214.452170216	1890.5	1890.5	0.004529	0.0	73	0	0	0	244	0	0	0	0	0.000588	0.0	0.0	0.0	0.000664	0.0	0.0	0.0	0.0	0.028021	0.0	0.0	0.0	5178.05	0.0	0.0	0.0	0.0	0.000384	0.0	0.0	0.0	21.2215	0.0	0.0	0.0	0.0	1	0	0	0	41	0	0	0	0	0	0	0	0	0	0	0	0	0	20	0	0	0	203	0	0	0	0	14	0	0	0	0	0	0	0	0	3	0	0	0	0	0	0	0	0	35	0	0	0	0	0	0	0	0	0.000588	0.0	0.0	0.0	0.000664	0.0	0.0	0.0	0.0	0.469586	0.0	0.0	0.0	0.530414	0.0	0.0	0.0	0.0	
247	323	5218.771875718	1890.5	1890.5	0.004417	0.0	74	0	0	0	245	0	0	0	0	0.000529	0.0	0.0	0.0	0.000604	0.0	0.0	0.0	0.0	0.028471	0.0	0.0	0.0	5182.37	0.0	0.0	0.0	0.0	0.000385	0.0	0.0	0.0	21.1525	0.0	0.0	0.0	0.0	1	0	0	0	41	0	0	0	0	0	0	0	0	0	0	0	0	0	20	0	0	0	204	0	0	0	0	15	0	0	0	0	0	0	0	0	3	0	0	0	0	0	0	0	0	35	0	0	0	0	0	0	0	0	0.000529	0.0	0.0	0.0	0.000604	0.0	0.0	0.0	0.0	0.466791	0.0	0.0	0.0	0.533209	0.0	0.0	0.0	0.0	
248	324	5221.928199192	1890.5	1890.5	0.00438	0.0	74	0	0	0	246	0	0	0	0	0.000529	0.0	0.0	0.0	0.000548	0.0	0.0	0.0	0.0	0.028471	0.0	0.0	0.0	5185.53	0.0	0.0	0.0	0.0	0.000385	0.0	0.0	0.0	21.0794	0.0	0.0	0.0	0.0	1	0	0	0	41	0	0	0	0	0	0	0	0	0	0	0	0	0	20	0	0	0	205	0	0	0	0	15	0	0	0	0	0	0	0	0	3	0	0	0	0	0	0	0	0	35	0	0	0	0	0	0	0	0	0.000529	0.0	0.0	0.0	0.000548	0.0	0.0	0.0	0.0	0.491358	0.0	0.0	0.0	0.508642	0.0	0.0	0.0	0.0	
249	329	5234.205514726	1890.5	1890.5	0.004354	0.0	78	0	0	0	247	0	0	0	0	0.000347	0.0	0.0	0.0	0.000503	0.0	0.0	0.0	0.0	0.029251	0.0	0.0	0.0	5197.81	0.0	0.0	0.0	0.0	0.000375	0.0	0.0	0.0	21.0438	0.0	0.0	0.0	0.0	1	0	0	0	41	0	0	0	0	0	0	0	0	0	0	0	0	0	21	0	0	0	206	0	0	0	0	15	0	0	0	0	0	0	0	0	3	0	0	0	0	0	0	0	0	38	0	0	0	0	0	0	0	0	0.000347	0.0	0.0	0.0	0.000503	0.0	0.0	0.0	0.0	0.40835	0.0	0.0	0.0	0.59165	0.0	0.0	0.0	0.0	
250	331	5239.506689811	1890.5	1890.5	0.004252	0.0	79	0	0	0	248	0	0	0	0	0.000312	0.0	0.0	0.0	0.000462	0.0	0.0	0.0	0.0	0.02952	0.0	0.0	0.0	5203.11	0.0	0.0	0.0	0.0	0.000374	0.0	0.0	0.0	20.9803	0.0	0.0	0.0	0.0	1	0	0	0	41	0	0	0	0	0	0	0	0	0	0	0	0	0	22	0	0	0	207	0	0	0	0	15	0	0	0	0	0	0	0	0	3	0	0	0	0	0	0	0	0	38	0	0	0	0	0	0	0	0	0.000312	0.0	0.0	0.0	0.000462	0.0	0.0	0.0	0.0	0.403328	0.0	0.0	0.0	0.596672	0.0	0.0	0.0	0.0	
251	333	5245.76350975	1890.5	1890.5	0.004209	0.0	80	0	0	0	249	0	0	0	0	0.000281	0.0	0.0	0.0	0.000425	0.0	0.0	0.0	0.0	0.029923	0.0	0.0	0.0	5209.36	0.0	0.0	0.0	0.0	0.000374	0.0	0.0	0.0	20.9211	0.0	0.0	0.0	0.0	1	0	0	0	41	0	0	0	0	0	0	0	0	0	0	0	0	0	22	0	0	0	208	0	0	0	0	16	0	0	0	0	0	0	0	0	3	0	0	0	0	0	0	0	0	38	0	0	0	0	0	0	0	0	0.000281	0.0	0.0	0.0	0.000425	0.0	0.0	0.0	0.0	0.398159	0.0	0.0	0.0	0.601841	0.0	0.0	0.0	0.0	
252	335	5262.955758876	1890.5	1890.5	0.004159	0.0	81	0	0	0	250	0	0	0	0	0.000253	0.0	0.0	0.0	0.000391	0.0	0.0	0.0	0.0	0.030107	0.0	0.0	0.0	5226.56	0.0	0.0	0.0	0.0	0.000372	0.0	0.0	0.0	20.9062	0.0	0.0	0.0	0.0	1	0	0	0	41	0	0	0	0	0	0	0	0	0	0	0	0	0	22	0	0	0	209	0	0	0	0	16	0	0	0	0	0	0	0	0	3	0	0	0	0	0	0	0	0	39	0	0	0	0	0	0	0	0	0.000253	0.0	0.0	0.0	0.000391	0.0	0.0	0.0	0.0	0.392844	0.0	0.0	0.0	0.607156	0.0	0.0	0.0	0.0	
253	341	5270.541519693	1890.5	1890.5	0.004024	0.0	86	0	0	0	251	0	0	0	0	0.000149	0.0	0.0	0.0	0.000364	0.0	0.0	0.0	0.0	0.031038	0.0	0.0	0.0	5234.14	0.0	0.0	0.0	0.0	0.000361	0.0	0.0	0.0	20.8532	0.0	0.0	0.0	0.0	1	0	0	0	41	0	0	0	0	0	0	0	0	0	0	0	0	0	22	0	0	0	210	0	0	0	0	18	0	0	0	0	0	0	0	0	3	0	0	0	0	0	0	0	0	42	0	0	0	0	0	0	0	0	0.000149	0.0	0.0	0.0	0.000364	0.0	0.0	0.0	0.0	0.290992	0.0	0.0	0.0	0.709008	0.0	0.0	0.0	0.0	
254	343	5275.134003317	1890.5	1890.5	0.003965	0.0	87	0	0	0	252	0	0	0	0	0.000134	0.0	0.0	0.0	0.000339	0.0	0.0	0.0	0.0	0.031303	0.0	0.0	0.0	5238.73	0.0	0.0	0.0	0.0	0.00036	0.0	0.0	0.0	20.7886	0.0	0.0	0.0	0.0	1	0	0	0	41	0	0	0	0	0	0	0	0	0	0	0	0	0	22	0	0	0	211	0	0	0	0	18	0	0	0	0	0	0	0	0	3	0	0	0	0	0	0	0	0	43	0	0	0	0	0	0	0	0	0.000134	0.0	0.0	0.0	0.000339	0.0	0.0	0.0	0.0	0.283939	0.0	0.0	0.0	0.716061	0.0	0.0	0.0	0.0	
255	344	5283.417170365	1890.5	1890.5	0.00393	0.0	87	0	0	0	253	0	0	0	0	0.000134	0.0	0.0	0.0	0.000315	0.0	0.0	0.0	0.0	0.031303	0.0	0.0	0.0	5247.02	0.0	0.0	0.0	0.0	0.00036	0.0	0.0	0.0	20.7392	0.0	0.0	0.0	0.0	1	0	0	0	41	0	0	0	0	0	0	0	0	0	0	0	0	0	22	0	0	0	212	0	0	0	0	18	0	0	0	0	0	0	0	0	3	0	0	0	0	0	0	0	0	43	0	0	0	0	0	0	0	0	0.000134	0.0	0.0	0.0	0.000315	0.0	0.0	0.0	0.0	0.298882	0.0	0.0	0.0	0.701118	0.0	0.0	0.0	0.0	
256	345	5298.968720218	1890.5	1890.5	0.003868	0.0	87	0	0	0	254	0	0	0	0	0.000134	0.0	0.0	0.0	0.000293	0.0	0.0	0.0	0.0	0.031303	0.0	0.0	0.0	5262.57	0.0	0.0	0.0	0.0	0.00036	0.0	0.0	0.0	20.7188	0.0	0.0	0.0	0.0	1	0	0	0	41	0	0	0	0	0	0	0	0	0	0	0	0	0	22	0	0	0	213	0	0	0	0	18	0	0	0	0	0	0	0	0	3	0	0	0	0	0	0	0	0	43	0	0	0	0	0	0	0	0	0.000134	0.0	0.0	0.0	0.000293	0.0	0.0	0.0	0.0	0.314612	0.0	0.0	0.0	0.685388	0.0	0.0	0.0	0.0	
257	346	5302.962820561	1890.5	1890.5	0.003754	0.0	87	0	0	0	255	0	0	0	0	0.000134	0.0	0.0	0.0	0.000272	0.0	0.0	0.0	0.0	0.031303	0.0	0.0	0.0	5266.56	0.0	0.0	0.0	0.0	0.00036	0.0	0.0	0.0	20.6532	0.0	0.0	0.0	0.0	1	0	0	0	41	0	0	0	0	0	0	0	0	0	0	0	0	0	22	0	0	0	214	0	0	0	0	18	0	0	0	0	0	0	0	0	3	0	0	0	0	0	0	0	0	43	0	0	0	0	0	0	0	0	0.000134	0.0	0.0	0.0	0.000272	0.0	0.0	0.0	0.0	0.33117	0.0	0.0	0.0	0.66883	0.0	0.0	0.0	0.0	
258	347	5305.095951567	1890.5	1890.5	0.003726	0.0	87	0	0	0	256	0	0	0	0	0.000134	0.0	0.0	0.0	0.000251	0.0	0.0	0.0	0.0	0.031303	0.0	0.0	0.0	5268.69	0.0	0.0	0.0	0.0	0.00036	0.0	0.0	0.0	20.5808	0.0	0.0	0.0	0.0	1	0	0	0	41	0	0	0	0	0	0	0	0	0	0	0	0	0	22	0	0	0	215	0	0	0	0	18	0	0	0	0	0	0	0	0	3	0	0	0	0	0	0	0	0	43	0	0	0	0	0	0	0	0	0.000134	0.0	0.0	0.0	0.000251	0.0	0.0	0.0	0.0	0.3486	0.0	0.0	0.0	0.6514	0.0	0.0	0.0	0.0	
259	349	5315.973911784	1890.5	1890.5	0.00371	0.0	88	0	0	0	257	0	0	0	0	0.000121	0.0	0.0	0.0	0.000233	0.0	0.0	0.0	0.0	0.031667	0.0	0.0	0.0	5279.57	0.0	0.0	0.0	0.0	0.00036	0.0	0.0	0.0	20.5431	0.0	0.0	0.0	0.0	1	0	0	0	41	0	0	0	0	0	0	0	0	0	0	0	0	0	22	0	0	0	216	0	0	0	0	19	0	0	0	0	0	0	0	0	3	0	0	0	0	0	0	0	0	43	0	0	0	0	0	0	0	0	0.000121	0.0	0.0	0.0	0.000233	0.0	0.0	0.0	0.0	0.34218	0.0	0.0	0.0	0.65782	0.0	0.0	0.0	0.0	
260	350	5364.378788212	1890.5	1890.5	0.003634	0.0	88	0	0	0	258	0	0	0	0	0.000121	0.0	0.0	0.0	0.000215	0.0	0.0	0.0	0.0	0.031667	0.0	0.0	0.0	5327.98	0.0	0.0	0.0	0.0	0.00036	0.0	0.0	0.0	20.6511	0.0	0.0	0.0	0.0	1	0	0	0	41	0	0	0	0	0	0	0	0	0	0	0	0	0	22	0	0	0	217	0	0	0	0	19	0	0	0	0	0	0	0	0	3	0	0	0	0	0	0	0	0	43	0	0	0	0	0	0	0	0	0.000121	0.0	0.0	0.0	0.000215	0.0	0.0	0.0	0.0	0.360189	0.0	0.0	0.0	0.639811	0.0	0.0	0.0	0.0	
261	352	5370.434915361	1890.5	1890.5	0.003311	0.0	89	0	0	0	259	0	0	0	0	0.000109	0.0	0.0	0.0	0.000199	0.0	0.0	0.0	0.0	0.03204	0.0	0.0	0.0	5334.03	0.0	0.0	0.0	0.0	0.00036	0.0	0.0	0.0	20.5947	0.0	0.0	0.0	0.0	1	0	0	0	41	0	0	0	0	0	0	0	0	0	0	0	0	0	22	0	0	0	218	0	0	0	0	20	0	0	0	0	0	0	0	0	3	0	0	0	0	0	0	0	0	43	0	0	0	0	0	0	0	0	0.000109	0.0	0.0	0.0	0.000199	0.0	0.0	0.0	0.0	0.35398	0.0	0.0	0.0	0.64602	0.0	0.0	0.0	0.0	
262	354	5378.275409668	1890.5	1890.5	0.003272	0.0	90	0	0	0	260	0	0	0	0	9.8e-5	0.0	0.0	0.0	0.000184	0.0	0.0	0.0	0.0	0.03228	0.0	0.0	0.0	5341.87	0.0	0.0	0.0	0.0	0.000359	0.0	0.0	0.0	20.5457	0.0	0.0	0.0	0.0	1	0	0	0	41	0	0	0	0	0	0	0	0	0	0	0	0	0	22	0	0	0	219	0	0	0	0	20	0	0	0	0	0	0	0	0	3	0	0	0	0	0	0	0	0	44	0	0	0	0	0	0	0	0	9.8e-5	0.0	0.0	0.0	0.000184	0.0	0.0	0.0	0.0	0.347655	0.0	0.0	0.0	0.652345	0.0	0.0	0.0	0.0	
263	355	5380.87033111	1890.5	1890.5	0.003223	0.0	90	0	0	0	261	0	0	0	0	9.8e-5	0.0	0.0	0.0	0.00017	0.0	0.0	0.0	0.0	0.03228	0.0	0.0	0.0	5344.47	0.0	0.0	0.0	0.0	0.000359	0.0	0.0	0.0	20.4769	0.0	0.0	0.0	0.0	1	0	0	0	41	0	0	0	0	0	0	0	0	0	0	0	0	0	22	0	0	0	220	0	0	0	0	20	0	0	0	0	0	0	0	0	3	0	0	0	0	0	0	0	0	44	0	0	0	0	0	0	0	0	9.8e-5	0.0	0.0	0.0	0.00017	0.0	0.0	0.0	0.0	0.365952	0.0	0.0	0.0	0.634048	0.0	0.0	0.0	0.0	
264	357	5385.503253993	1890.5	1890.5	0.003207	0.0	91	0	0	0	262	0	0	0	0	8.8e-5	0.0	0.0	0.0	0.000157	0.0	0.0	0.0	0.0	0.032505	0.0	0.0	0.0	5349.1	0.0	0.0	0.0	0.0	0.000357	0.0	0.0	0.0	20.4164	0.0	0.0	0.0	0.0	1	0	0	0	41	0	0	0	0	0	0	0	0	0	0	0	0	0	22	0	0	0	221	0	0	0	0	20	0	0	0	0	0	0	0	0	3	0	0	0	0	0	0	0	0	45	0	0	0	0	0	0	0	0	8.8e-5	0.0	0.0	0.0	0.000157	0.0	0.0	0.0	0.0	0.359859	0.0	0.0	0.0	0.640141	0.0	0.0	0.0	0.0	
265	358	5413.525935756	1890.5	1890.5	0.003179	0.0	91	0	0	0	263	0	0	0	0	8.8e-5	0.0	0.0	0.0	0.000145	0.0	0.0	0.0	0.0	0.032505	0.0	0.0	0.0	5377.12	0.0	0.0	0.0	0.0	0.000357	0.0	0.0	0.0	20.4453	0.0	0.0	0.0	0.0	1	0	0	0	41	0	0	0	0	0	0	0	0	0	0	0	0	0	22	0	0	0	222	0	0	0	0	20	0	0	0	0	0	0	0	0	3	0	0	0	0	0	0	0	0	45	0	0	0	0	0	0	0	0	8.8e-5	0.0	0.0	0.0	0.000145	0.0	0.0	0.0	0.0	0.378798	0.0	0.0	0.0	0.621202	0.0	0.0	0.0	0.0	
266	359	5419.025798682	1890.5	1890.5	0.003012	0.0	91	0	0	0	264	0	0	0	0	8.8e-5	0.0	0.0	0.0	0.000133	0.0	0.0	0.0	0.0	0.032505	0.0	0.0	0.0	5382.62	0.0	0.0	0.0	0.0	0.000357	0.0	0.0	0.0	20.3887	0.0	0.0	0.0	0.0	1	0	0	0	41	0	0	0	0	0	0	0	0	0	0	0	0	0	22	0	0	0	223	0	0	0	0	20	0	0	0	0	0	0	0	0	3	0	0	0	0	0	0	0	0	45	0	0	0	0	0	0	0	0	8.8e-5	0.0	0.0	0.0	0.000133	0.0	0.0	0.0	0.0	0.398733	0.0	0.0	0.0	0.601267	0.0	0.0	0.0	0.0	
267	361	5427.205035698	1890.5	1890.5	0.00298	0.0	92	0	0	0	265	0	0	0	0	7.9e-5	0.0	0.0	0.0	0.000122	0.0	0.0	0.0	0.0	0.03274	0.0	0.0	0.0	5390.8	0.0	0.0	0.0	0.0	0.000356	0.0	0.0	0.0	20.3427	0.0	0.0	0.0	0.0	1	0	0	0	41	0	0	0	0	0	0	0	0	0	0	0	0	0	22	0	0	0	224	0	0	0	0	20	0	0	0	0	0	0	0	0	3	0	0	0	0	0	0	0	0	46	0	0	0	0	0	0	0	0	7.9e-5	0.0	0.0	0.0	0.000122	0.0	0.0	0.0	0.0	0.393433	0.0	0.0	0.0	0.606567	0.0	0.0	0.0	0.0	
268	364	5433.530463316	1890.5	1890.5	0.002934	0.0	94	0	0	0	266	0	0	0	0	6.4e-5	0.0	0.0	0.0	0.000113	0.0	0.0	0.0	0.0	0.033286	0.0	0.0	0.0	5397.13	0.0	0.0	0.0	0.0	0.000354	0.0	0.0	0.0	20.29	0.0	0.0	0.0	0.0	1	0	0	0	41	0	0	0	0	0	0	0	0	0	0	0	0	0	22	0	0	0	225	0	0	0	0	21	0	0	0	0	0	0	0	0	3	0	0	0	0	0	0	0	0	47	0	0	0	0	0	0	0	0	6.4e-5	0.0	0.0	0.0	0.000113	0.0	0.0	0.0	0.0	0.362554	0.0	0.0	0.0	0.637446	0.0	0.0	0.0	0.0	
269	365	5476.008357455	1890.5	1890.5	0.002898	0.0	94	0	0	0	267	0	0	0	0	6.4e-5	0.0	0.0	0.0	0.000104	0.0	0.0	0.0	0.0	0.033286	0.0	0.0	0.0	5439.61	0.0	0.0	0.0	0.0	0.000354	0.0	0.0	0.0	20.3731	0.0	0.0	0.0	0.0	1	0	0	0	41	0	0	0	0	0	0	0	0	0	0	0	0	0	22	0	0	0	226	0	0	0	0	21	0	0	0	0	0	0	0	0	3	0	0	0	0	0	0	0	0	47	0	0	0	0	0	0	0	0	6.4e-5	0.0	0.0	0.0	0.000104	0.0	0.0	0.0	0.0	0.381634	0.0	0.0	0.0	0.618366	0.0	0.0	0.0	0.0	
270	366	5486.09024761	1890.5	1890.5	0.002671	0.0	94	0	0	0	268	0	0	0	0	6.4e-5	0.0	0.0	0.0	9.6e-5	0.0	0.0	0.0	0.0	0.033286	0.0	0.0	0.0	5449.69	0.0	0.0	0.0	0.0	0.000354	0.0	0.0	0.0	20.3347	0.0	0.0	0.0	0.0	1	0	0	0	41	0	0	0	0	0	0	0	0	0	0	0	0	0	22	0	0	0	227	0	0	0	0	21	0	0	0	0	0	0	0	0	3	0	0	0	0	0	0	0	0	47	0	0	0	0	0	0	0	0	6.4e-5	0.0	0.0	0.0	9.6e-5	0.0	0.0	0.0	0.0	0.401718	0.0	0.0	0.0	0.598282	0.0	0.0	0.0	0.0	
271	368	5490.630407548	1890.5	1890.5	0.00262	0.0	95	0	0	0	269	0	0	0	0	5.8e-5	0.0	0.0	0.0	8.8e-5	0.0	0.0	0.0	0.0	0.03351	0.0	0.0	0.0	5454.23	0.0	0.0	0.0	0.0	0.000353	0.0	0.0	0.0	20.2759	0.0	0.0	0.0	0.0	1	0	0	0	41	0	0	0	0	0	0	0	0	0	0	0	0	0	22	0	0	0	228	0	0	0	0	21	0	0	0	0	0	0	0	0	3	0	0	0	0	0	0	0	0	48	0	0	0	0	0	0	0	0	5.8e-5	0.0	0.0	0.0	8.8e-5	0.0	0.0	0.0	0.0	0.396501	0.0	0.0	0.0	0.603499	0.0	0.0	0.0	0.0	
272	369	5504.766233565	1890.5	1890.5	0.002597	0.0	95	0	0	0	270	0	0	0	0	5.8e-5	0.0	0.0	0.0	8.1e-5	0.0	0.0	0.0	0.0	0.03351	0.0	0.0	0.0	5468.36	0.0	0.0	0.0	0.0	0.000353	0.0	0.0	0.0	20.2532	0.0	0.0	0.0	0.0	1	0	0	0	41	0	0	0	0	0	0	0	0	0	0	0	0	0	22	0	0	0	229	0	0	0	0	21	0	0	0	0	0	0	0	0	3	0	0	0	0	0	0	0	0	48	0	0	0	0	0	0	0	0	5.8e-5	0.0	0.0	0.0	8.1e-5	0.0	0.0	0.0	0.0	0.417367	0.0	0.0	0.0	0.582633	0.0	0.0	0.0	0.0	
273	371	5508.819034601	1890.5	1890.5	0.002527	0.0	96	0	0	0	271	0	0	0	0	5.2e-5	0.0	0.0	0.0	7.4e-5	0.0	0.0	0.0	0.0	0.033729	0.0	0.0	0.0	5472.42	0.0	0.0	0.0	0.0	0.000351	0.0	0.0	0.0	20.1934	0.0	0.0	0.0	0.0	1	0	0	0	41	0	0	0	0	0	0	0	0	0	0	0	0	0	22	0	0	0	230	0	0	0	0	21	0	0	0	0	0	0	0	0	3	0	0	0	0	0	0	0	0	49	0	0	0	0	0	0	0	0	5.2e-5	0.0	0.0	0.0	7.4e-5	0.0	0.0	0.0	0.0	0.412619	0.0	0.0	0.0	0.587381	0.0	0.0	0.0	0.0	
274	372	5512.058305243	1890.5	1890.5	0.002508	0.0	96	0	0	0	272	0	0	0	0	5.2e-5	0.0	0.0	0.0	6.8e-5	0.0	0.0	0.0	0.0	0.033729	0.0	0.0	0.0	5475.65	0.0	0.0	0.0	0.0	0.000351	0.0	0.0	0.0	20.1311	0.0	0.0	0.0	0.0	1	0	0	0	41	0	0	0	0	0	0	0	0	0	0	0	0	0	22	0	0	0	231	0	0	0	0	21	0	0	0	0	0	0	0	0	3	0	0	0	0	0	0	0	0	49	0	0	0	0	0	0	0	0	5.2e-5	0.0	0.0	0.0	6.8e-5	0.0	0.0	0.0	0.0	0.434333	0.0	0.0	0.0	0.565667	0.0	0.0	0.0	0.0	
275	374	5520.430901071	1890.5	1890.5	0.002492	0.0	97	0	0	0	273	0	0	0	0	4.7e-5	0.0	0.0	0.0	6.2e-5	0.0	0.0	0.0	0.0	0.033907	0.0	0.0	0.0	5484.03	0.0	0.0	0.0	0.0	0.00035	0.0	0.0	0.0	20.088	0.0	0.0	0.0	0.0	1	0	0	0	41	0	0	0	0	0	0	0	0	0	0	0	0	0	22	0	0	0	232	0	0	0	0	21	0	0	0	0	0	0	0	0	3	0	0	0	0	0	0	0	0	50	0	0	0	0	0	0	0	0	4.7e-5	0.0	0.0	0.0	6.2e-5	0.0	0.0	0.0	0.0	0.430153	0.0	0.0	0.0	0.569847	0.0	0.0	0.0	0.0	
276	378	5529.784407333	1890.5	1890.5	0.002452	0.0	100	0	0	0	274	0	0	0	0	3.4e-5	0.0	0.0	0.0	5.7e-5	0.0	0.0	0.0	0.0	0.034397	0.0	0.0	0.0	5493.38	0.0	0.0	0.0	0.0	0.000344	0.0	0.0	0.0	20.0488	0.0	0.0	0.0	0.0	1	0	0	0	41	0	0	0	0	0	0	0	0	0	0	0	0	0	22	0	0	0	233	0	0	0	0	21	0	0	0	0	0	0	0	0	3	0	0	0	0	0	0	0	0	53	0	0	0	0	0	0	0	0	3.4e-5	0.0	0.0	0.0	5.7e-5	0.0	0.0	0.0	0.0	0.373639	0.0	0.0	0.0	0.626361	0.0	0.0	0.0	0.0	
277	379	5542.804387832	1890.5	1890.5	0.002409	0.0	100	0	0	0	275	0	0	0	0	3.4e-5	0.0	0.0	0.0	5.3e-5	0.0	0.0	0.0	0.0	0.034397	0.0	0.0	0.0	5506.4	0.0	0.0	0.0	0.0	0.000344	0.0	0.0	0.0	20.0233	0.0	0.0	0.0	0.0	1	0	0	0	41	0	0	0	0	0	0	0	0	0	0	0	0	0	22	0	0	0	234	0	0	0	0	21	0	0	0	0	0	0	0	0	3	0	0	0	0	0	0	0	0	53	0	0	0	0	0	0	0	0	3.4e-5	0.0	0.0	0.0	5.3e-5	0.0	0.0	0.0	0.0	0.3933	0.0	0.0	0.0	0.6067	0.0	0.0	0.0	0.0	
278	382	5552.917139702	1890.5	1890.5	0.002349	0.0	102	0	0	0	276	0	0	0	0	2.8e-5	0.0	0.0	0.0	4.9e-5	0.0	0.0	0.0	0.0	0.034962	0.0	0.0	0.0	5516.51	0.0	0.0	0.0	0.0	0.000343	0.0	0.0	0.0	19.9874	0.0	0.0	0.0	0.0	1	0	0	0	41	0	0	0	0	0	0	0	0	0	0	0	0	0	23	0	0	0	235	0	0	0	0	21	0	0	0	0	0	0	0	0	3	0	0	0	0	0	0	0	0	54	0	0	0	0	0	0	0	0	2.8e-5	0.0	0.0	0.0	4.9e-5	0.0	0.0	0.0	0.0	0.362427	0.0	0.0	0.0	0.637573	0.0	0.0	0.0	0.0	
279	383	5567.812527178	1890.5	1890.5	0.002304	0.0	102	0	0	0	277	0	0	0	0	2.8e-5	0.0	0.0	0.0	4.5e-5	0.0	0.0	0.0	0.0	0.034962	0.0	0.0	0.0	5531.41	0.0	0.0	0.0	0.0	0.000343	0.0	0.0	0.0	19.969	0.0	0.0	0.0	0.0	1	0	0	0	41	0	0	0	0	0	0	0	0	0	0	0	0	0	23	0	0	0	236	0	0	0	0	21	0	0	0	0	0	0	0	0	3	0	0	0	0	0	0	0	0	54	0	0	0	0	0	0	0	0	2.8e-5	0.0	0.0	0.0	4.5e-5	0.0	0.0	0.0	0.0	0.381498	0.0	0.0	0.0	0.618502	0.0	0.0	0.0	0.0	
280	385	5575.742429902	1890.5	1890.5	0.002239	0.0	103	0	0	0	278	0	0	0	0	2.5e-5	0.0	0.0	0.0	4.1e-5	0.0	0.0	0.0	0.0	0.035357	0.0	0.0	0.0	5539.34	0.0	0.0	0.0	0.0	0.000343	0.0	0.0	0.0	19.9257	0.0	0.0	0.0	0.0	1	0	0	0	41	0	0	0	0	0	0	0	0	0	0	0	0	0	23	0	0	0	237	0	0	0	0	21	0	0	0	0	0	0	0	0	4	0	0	0	0	0	0	0	0	54	0	0	0	0	0	0	0	0	2.5e-5	0.0	0.0	0.0	4.1e-5	0.0	0.0	0.0	0.0	0.37575	0.0	0.0	0.0	0.62425	0.0	0.0	0.0	0.0	
281	389	5672.866219846	1890.5	1890.5	0.002205	0.0	106	0	0	0	279	0	0	0	0	1.8e-5	0.0	0.0	0.0	3.8e-5	0.0	0.0	0.0	0.0	0.036064	0.0	0.0	0.0	5636.46	0.0	0.0	0.0	0.0	0.00034	0.0	0.0	0.0	20.2024	0.0	0.0	0.0	0.0	1	0	0	0	41	0	0	0	0	0	0	0	0	0	0	0	0	0	24	0	0	0	238	0	0	0	0	22	0	0	0	0	0	0	0	0	4	0	0	0	0	0	0	0	0	55	0	0	0	0	0	0	0	0	1.8e-5	0.0	0.0	0.0	3.8e-5	0.0	0.0	0.0	0.0	0.321035	0.0	0.0	0.0	0.678965	0.0	0.0	0.0	0.0	
282	390	5766.995587035	1890.5	1890.5	0.001829	0.0	106	0	0	0	280	0	0	0	0	1.8e-5	0.0	0.0	0.0	3.6e-5	0.0	0.0	0.0	0.0	0.036064	0.0	0.0	0.0	5730.59	0.0	0.0	0.0	0.0	0.00034	0.0	0.0	0.0	20.4664	0.0	0.0	0.0	0.0	1	0	0	0	41	0	0	0	0	0	0	0	0	0	0	0	0	0	24	0	0	0	239	0	0	0	0	22	0	0	0	0	0	0	0	0	4	0	0	0	0	0	0	0	0	55	0	0	0	0	0	0	0	0	1.8e-5	0.0	0.0	0.0	3.6e-5	0.0	0.0	0.0	0.0	0.337927	0.0	0.0	0.0	0.662073	0.0	0.0	0.0	0.0	
283	392	5771.896562839	1890.5	1890.5	0.001526	0.0	107	0	0	0	281	0	0	0	0	1.6e-5	0.0	0.0	0.0	3.3e-5	0.0	0.0	0.0	0.0	0.036296	0.0	0.0	0.0	5735.49	0.0	0.0	0.0	0.0	0.000339	0.0	0.0	0.0	20.411	0.0	0.0	0.0	0.0	1	0	0	0	41	0	0	0	0	0	0	0	0	0	0	0	0	0	24	0	0	0	240	0	0	0	0	22	0	0	0	0	0	0	0	0	4	0	0	0	0	0	0	0	0	56	0	0	0	0	0	0	0	0	1.6e-5	0.0	0.0	0.0	3.3e-5	0.0	0.0	0.0	0.0	0.331334	0.0	0.0	0.0	0.668666	0.0	0.0	0.0	0.0	
284	394	5787.477915979	1890.5	1890.5	0.001512	0.0	108	0	0	0	282	0	0	0	0	1.5e-5	0.0	0.0	0.0	3.1e-5	0.0	0.0	0.0	0.0	0.036527	0.0	0.0	0.0	5751.07	0.0	0.0	0.0	0.0	0.000338	0.0	0.0	0.0	20.3939	0.0	0.0	0.0	0.0	1	0	0	0	41	0	0	0	0	0	0	0	0	0	0	0	0	0	24	0	0	0	241	0	0	0	0	22	0	0	0	0	0	0	0	0	4	0	0	0	0	0	0	0	0	57	0	0	0	0	0	0	0	0	1.5e-5	0.0	0.0	0.0	3.1e-5	0.0	0.0	0.0	0.0	0.324647	0.0	0.0	0.0	0.675353	0.0	0.0	0.0	0.0	
285	397	5791.846930634	1890.5	1890.5	0.001467	0.0	110	0	0	0	283	0	0	0	0	1.2e-5	0.0	0.0	0.0	2.8e-5	0.0	0.0	0.0	0.0	0.036927	0.0	0.0	0.0	5755.44	0.0	0.0	0.0	0.0	0.000336	0.0	0.0	0.0	20.3372	0.0	0.0	0.0	0.0	1	0	0	0	41	0	0	0	0	0	0	0	0	0	0	0	0	0	24	0	0	0	242	0	0	0	0	22	0	0	0	0	0	0	0	0	4	0	0	0	0	0	0	0	0	59	0	0	0	0	0	0	0	0	1.2e-5	0.0	0.0	0.0	2.8e-5	0.0	0.0	0.0	0.0	0.294995	0.0	0.0	0.0	0.705005	0.0	0.0	0.0	0.0	
286	398	5803.102715918	1890.5	1890.5	0.001455	0.0	110	0	0	0	284	0	0	0	0	1.2e-5	0.0	0.0	0.0	2.6e-5	0.0	0.0	0.0	0.0	0.036927	0.0	0.0	0.0	5766.7	0.0	0.0	0.0	0.0	0.000336	0.0	0.0	0.0	20.3053	0.0	0.0	0.0	0.0	1	0	0	0	41	0	0	0	0	0	0	0	0	0	0	0	0	0	24	0	0	0	243	0	0	0	0	22	0	0	0	0	0	0	0	0	4	0	0	0	0	0	0	0	0	59	0	0	0	0	0	0	0	0	1.2e-5	0.0	0.0	0.0	2.6e-5	0.0	0.0	0.0	0.0	0.310516	0.0	0.0	0.0	0.689484	0.0	0.0	0.0	0.0	
287	399	5832.75005132	1890.5	1890.5	0.001424	0.0	110	0	0	0	285	0	0	0	0	1.2e-5	0.0	0.0	0.0	2.5e-5	0.0	0.0	0.0	0.0	0.036927	0.0	0.0	0.0	5796.34	0.0	0.0	0.0	0.0	0.000336	0.0	0.0	0.0	20.338	0.0	0.0	0.0	0.0	1	0	0	0	41	0	0	0	0	0	0	0	0	0	0	0	0	0	24	0	0	0	244	0	0	0	0	22	0	0	0	0	0	0	0	0	4	0	0	0	0	0	0	0	0	59	0	0	0	0	0	0	0	0	1.2e-5	0.0	0.0	0.0	2.5e-5	0.0	0.0	0.0	0.0	0.326852	0.0	0.0	0.0	0.673148	0.0	0.0	0.0	0.0	
288	400	5836.308859285	1890.5	1890.5	0.001345	0.0	110	0	0	0	286	0	0	0	0	1.2e-5	0.0	0.0	0.0	2.3e-5	0.0	0.0	0.0	0.0	0.036927	0.0	0.0	0.0	5799.9	0.0	0.0	0.0	0.0	0.000336	0.0	0.0	0.0	20.2794	0.0	0.0	0.0	0.0	1	0	0	0	41	0	0	0	0	0	0	0	0	0	0	0	0	0	24	0	0	0	245	0	0	0	0	22	0	0	0	0	0	0	0	0	4	0	0	0	0	0	0	0	0	59	0	0	0	0	0	0	0	0	1.2e-5	0.0	0.0	0.0	2.3e-5	0.0	0.0	0.0	0.0	0.344047	0.0	0.0	0.0	0.655953	0.0	0.0	0.0	0.0	
289	401	5841.883857586	1890.5	1890.5	0.001336	0.0	110	0	0	0	287	0	0	0	0	1.2e-5	0.0	0.0	0.0	2.1e-5	0.0	0.0	0.0	0.0	0.036927	0.0	0.0	0.0	5805.48	0.0	0.0	0.0	0.0	0.000336	0.0	0.0	0.0	20.2281	0.0	0.0	0.0	0.0	1	0	0	0	41	0	0	0	0	0	0	0	0	0	0	0	0	0	24	0	0	0	246	0	0	0	0	22	0	0	0	0	0	0	0	0	4	0	0	0	0	0	0	0	0	59	0	0	0	0	0	0	0	0	1.2e-5	0.0	0.0	0.0	2.1e-5	0.0	0.0	0.0	0.0	0.362147	0.0	0.0	0.0	0.637853	0.0	0.0	0.0	0.0	
290	403	5850.028061243	1890.5	1890.5	0.001322	0.0	111	0	0	0	288	0	0	0	0	1.1e-5	0.0	0.0	0.0	1.9e-5	0.0	0.0	0.0	0.0	0.037299	0.0	0.0	0.0	5813.62	0.0	0.0	0.0	0.0	0.000336	0.0	0.0	0.0	20.1862	0.0	0.0	0.0	0.0	1	0	0	0	41	0	0	0	0	0	0	0	0	0	0	0	0	0	25	0	0	0	247	0	0	0	0	22	0	0	0	0	0	0	0	0	4	0	0	0	0	0	0	0	0	59	0	0	0	0	0	0	0	0	1.1e-5	0.0	0.0	0.0	1.9e-5	0.0	0.0	0.0	0.0	0.355991	0.0	0.0	0.0	0.644009	0.0	0.0	0.0	0.0	
291	404	5871.933248423	1890.5	1890.5	0.001301	0.0	111	0	0	0	289	0	0	0	0	1.1e-5	0.0	0.0	0.0	1.8e-5	0.0	0.0	0.0	0.0	0.037299	0.0	0.0	0.0	5835.53	0.0	0.0	0.0	0.0	0.000336	0.0	0.0	0.0	20.1921	0.0	0.0	0.0	0.0	1	0	0	0	41	0	0	0	0	0	0	0	0	0	0	0	0	0	25	0	0	0	248	0	0	0	0	22	0	0	0	0	0	0	0	0	4	0	0	0	0	0	0	0	0	59	0	0	0	0	0	0	0	0	1.1e-5	0.0	0.0	0.0	1.8e-5	0.0	0.0	0.0	0.0	0.374717	0.0	0.0	0.0	0.625283	0.0	0.0	0.0	0.0	
292	405	5878.585077506	1890.5	1890.5	0.001247	0.0	111	0	0	0	290	0	0	0	0	1.1e-5	0.0	0.0	0.0	1.6e-5	0.0	0.0	0.0	0.0	0.037299	0.0	0.0	0.0	5842.18	0.0	0.0	0.0	0.0	0.000336	0.0	0.0	0.0	20.1454	0.0	0.0	0.0	0.0	1	0	0	0	41	0	0	0	0	0	0	0	0	0	0	0	0	0	25	0	0	0	249	0	0	0	0	22	0	0	0	0	0	0	0	0	4	0	0	0	0	0	0	0	0	59	0	0	0	0	0	0	0	0	1.1e-5	0.0	0.0	0.0	1.6e-5	0.0	0.0	0.0	0.0	0.394428	0.0	0.0	0.0	0.605572	0.0	0.0	0.0	0.0	
293	406	5882.766576647	1890.5	1890.5	0.001232	0.0	111	0	0	0	291	0	0	0	0	1.1e-5	0.0	0.0	0.0	1.5e-5	0.0	0.0	0.0	0.0	0.037299	0.0	0.0	0.0	5846.36	0.0	0.0	0.0	0.0	0.000336	0.0	0.0	0.0	20.0906	0.0	0.0	0.0	0.0	1	0	0	0	41	0	0	0	0	0	0	0	0	0	0	0	0	0	25	0	0	0	250	0	0	0	0	22	0	0	0	0	0	0	0	0	4	0	0	0	0	0	0	0	0	59	0	0	0	0	0	0	0	0	1.1e-5	0.0	0.0	0.0	1.5e-5	0.0	0.0	0.0	0.0	0.415174	0.0	0.0	0.0	0.584826	0.0	0.0	0.0	0.0	
294	407	5888.23572959	1890.5	1890.5	0.001222	0.0	111	0	0	0	292	0	0	0	0	1.1e-5	0.0	0.0	0.0	1.4e-5	0.0	0.0	0.0	0.0	0.037299	0.0	0.0	0.0	5851.83	0.0	0.0	0.0	0.0	0.000336	0.0	0.0	0.0	20.0405	0.0	0.0	0.0	0.0	1	0	0	0	41	0	0	0	0	0	0	0	0	0	0	0	0	0	25	0	0	0	251	0	0	0	0	22	0	0	0	0	0	0	0	0	4	0	0	0	0	0	0	0	0	59	0	0	0	0	0	0	0	0	1.1e-5	0.0	0.0	0.0	1.4e-5	0.0	0.0	0.0	0.0	0.43701	0.0	0.0	0.0	0.56299	0.0	0.0	0.0	0.0	
295	408	5908.150220827	1890.5	1890.5	0.001209	0.0	111	0	0	0	293	0	0	0	0	1.1e-5	0.0	0.0	0.0	1.3e-5	0.0	0.0	0.0	0.0	0.037299	0.0	0.0	0.0	5871.74	0.0	0.0	0.0	0.0	0.000336	0.0	0.0	0.0	20.0401	0.0	0.0	0.0	0.0	1	0	0	0	41	0	0	0	0	0	0	0	0	0	0	0	0	0	25	0	0	0	252	0	0	0	0	22	0	0	0	0	0	0	0	0	4	0	0	0	0	0	0	0	0	59	0	0	0	0	0	0	0	0	1.1e-5	0.0	0.0	0.0	1.3e-5	0.0	0.0	0.0	0.0	0.459993	0.0	0.0	0.0	0.540007	0.0	0.0	0.0	0.0	
296	409	5921.664892584	1890.5	1890.5	0.001164	0.0	111	0	0	0	294	0	0	0	0	1.1e-5	0.0	0.0	0.0	1.1e-5	0.0	0.0	0.0	0.0	0.037299	0.0	0.0	0.0	5885.26	0.0	0.0	0.0	0.0	0.000336	0.0	0.0	0.0	20.0179	0.0	0.0	0.0	0.0	1	0	0	0	41	0	0	0	0	0	0	0	0	0	0	0	0	0	25	0	0	0	253	0	0	0	0	22	0	0	0	0	0	0	0	0	4	0	0	0	0	0	0	0	0	59	0	0	0	0	0	0	0	0	1.1e-5	0.0	0.0	0.0	1.1e-5	0.0	0.0	0.0	0.0	0.484183	0.0	0.0	0.0	0.515817	0.0	0.0	0.0	0.0	
297	411	5932.588523467	1890.5	1890.5	0.001134	0.0	112	0	0	0	295	0	0	0	0	1.0e-5	0.0	0.0	0.0	1.0e-5	0.0	0.0	0.0	0.0	0.037562	0.0	0.0	0.0	5896.18	0.0	0.0	0.0	0.0	0.000335	0.0	0.0	0.0	19.9871	0.0	0.0	0.0	0.0	1	0	0	0	41	0	0	0	0	0	0	0	0	0	0	0	0	0	25	0	0	0	254	0	0	0	0	22	0	0	0	0	0	0	0	0	4	0	0	0	0	0	0	0	0	60	0	0	0	0	0	0	0	0	1.0e-5	0.0	0.0	0.0	1.0e-5	0.0	0.0	0.0	0.0	0.482017	0.0	0.0	0.0	0.517983	0.0	0.0	0.0	0.0	
298	412	5940.874891062	1890.5	1890.5	0.00111	0.0	112	0	0	0	296	0	0	0	0	1.0e-5	0.0	0.0	0.0	9.0e-6	0.0	0.0	0.0	0.0	0.037562	0.0	0.0	0.0	5904.47	0.0	0.0	0.0	0.0	0.000335	0.0	0.0	0.0	19.9475	0.0	0.0	0.0	0.0	1	0	0	0	41	0	0	0	0	0	0	0	0	0	0	0	0	0	25	0	0	0	255	0	0	0	0	22	0	0	0	0	0	0	0	0	4	0	0	0	0	0	0	0	0	60	0	0	0	0	0	0	0	0	1.0e-5	0.0	0.0	0.0	9.0e-6	0.0	0.0	0.0	0.0	0.50736	0.0	0.0	0.0	0.49264	0.0	0.0	0.0	0.0	
299	418	5976.675250032	1890.5	1890.5	0.001093	0.0	117	0	0	0	297	0	0	0	0	6.0e-6	0.0	0.0	0.0	9.0e-6	0.0	0.0	0.0	0.0	0.038639	0.0	0.0	0.0	5940.27	0.0	0.0	0.0	0.0	0.00033	0.0	0.0	0.0	20.0009	0.0	0.0	0.0	0.0	1	0	0	0	41	0	0	0	0	0	0	0	0	0	0	0	0	0	27	0	0	0	256	0	0	0	0	22	0	0	0	0	0	0	0	0	4	0	0	0	0	0	0	0	0	63	0	0	0	0	0	0	0	0	6.0e-6	0.0	0.0	0.0	9.0e-6	0.0	0.0	0.0	0.0	0.398512	0.0	0.0	0.0	0.601488	0.0	0.0	0.0	0.0	
300	419	5990.945924484	1890.5	1890.5	0.00102	0.0	117	0	0	0	298	0	0	0	0	6.0e-6	0.0	0.0	0.0	8.0e-6	0.0	0.0	0.0	0.0	0.038639	0.0	0.0	0.0	5954.54	0.0	0.0	0.0	0.0	0.00033	0.0	0.0	0.0	19.9817	0.0	0.0	0.0	0.0	1	0	0	0	41	0	0	0	0	0	0	0	0	0	0	0	0	0	27	0	0	0	257	0	0	0	0	22	0	0	0	0	0	0	0	0	4	0	0	0	0	0	0	0	0	63	0	0	0	0	0	0	0	0	6.0e-6	0.0	0.0	0.0	8.0e-6	0.0	0.0	0.0	0.0	0.419461	0.0	0.0	0.0	0.580539	0.0	0.0	0.0	0.0	
301	420	5994.181758336	1890.5	1890.5	0.000992	0.0	117	0	0	0	299	0	0	0	0	6.0e-6	0.0	0.0	0.0	7.0e-6	0.0	0.0	0.0	0.0	0.038639	0.0	0.0	0.0	5957.77	0.0	0.0	0.0	0.0	0.00033	0.0	0.0	0.0	19.9257	0.0	0.0	0.0	0.0	1	0	0	0	41	0	0	0	0	0	0	0	0	0	0	0	0	0	27	0	0	0	258	0	0	0	0	22	0	0	0	0	0	0	0	0	4	0	0	0	0	0	0	0	0	63	0	0	0	0	0	0	0	0	6.0e-6	0.0	0.0	0.0	7.0e-6	0.0	0.0	0.0	0.0	0.441509	0.0	0.0	0.0	0.558491	0.0	0.0	0.0	0.0	
302	423	5999.511497401	1890.5	1890.5	0.000986	0.0	119	0	0	0	300	0	0	0	0	5.0e-6	0.0	0.0	0.0	7.0e-6	0.0	0.0	0.0	0.0	0.03922	0.0	0.0	0.0	5963.1	0.0	0.0	0.0	0.0	0.00033	0.0	0.0	0.0	19.877	0.0	0.0	0.0	0.0	1	0	0	0	41	0	0	0	0	0	0	0	0	0	0	0	0	0	27	0	0	0	259	0	0	0	0	24	0	0	0	0	0	0	0	0	4	0	0	0	0	0	0	0	0	63	0	0	0	0	0	0	0	0	5.0e-6	0.0	0.0	0.0	7.0e-6	0.0	0.0	0.0	0.0	0.410884	0.0	0.0	0.0	0.589116	0.0	0.0	0.0	0.0	
303	425	6003.355071386	1890.5	1890.5	0.000976	0.0	120	0	0	0	301	0	0	0	0	4.0e-6	0.0	0.0	0.0	6.0e-6	0.0	0.0	0.0	0.0	0.039409	0.0	0.0	0.0	5966.94	0.0	0.0	0.0	0.0	0.000328	0.0	0.0	0.0	19.8237	0.0	0.0	0.0	0.0	1	0	0	0	41	0	0	0	0	0	0	0	0	0	0	0	0	0	27	0	0	0	260	0	0	0	0	24	0	0	0	0	0	0	0	0	4	0	0	0	0	0	0	0	0	64	0	0	0	0	0	0	0	0	4.0e-6	0.0	0.0	0.0	6.0e-6	0.0	0.0	0.0	0.0	0.405906	0.0	0.0	0.0	0.594094	0.0	0.0	0.0	0.0	
304	426	6009.540683917	1890.5	1890.5	0.000969	0.0	120	0	0	0	302	0	0	0	0	4.0e-6	0.0	0.0	0.0	6.0e-6	0.0	0.0	0.0	0.0	0.039409	0.0	0.0	0.0	5973.13	0.0	0.0	0.0	0.0	0.000328	0.0	0.0	0.0	19.7786	0.0	0.0	0.0	0.0	1	0	0	0	41	0	0	0	0	0	0	0	0	0	0	0	0	0	27	0	0	0	261	0	0	0	0	24	0	0	0	0	0	0	0	0	4	0	0	0	0	0	0	0	0	64	0	0	0	0	0	0	0	0	4.0e-6	0.0	0.0	0.0	6.0e-6	0.0	0.0	0.0	0.0	0.427233	0.0	0.0	0.0	0.572767	0.0	0.0	0.0	0.0	
305	427	6015.363589311	1890.5	1890.5	0.000957	0.0	120	0	0	0	303	0	0	0	0	4.0e-6	0.0	0.0	0.0	5.0e-6	0.0	0.0	0.0	0.0	0.039409	0.0	0.0	0.0	5978.95	0.0	0.0	0.0	0.0	0.000328	0.0	0.0	0.0	19.7325	0.0	0.0	0.0	0.0	1	0	0	0	41	0	0	0	0	0	0	0	0	0	0	0	0	0	27	0	0	0	262	0	0	0	0	24	0	0	0	0	0	0	0	0	4	0	0	0	0	0	0	0	0	64	0	0	0	0	0	0	0	0	4.0e-6	0.0	0.0	0.0	5.0e-6	0.0	0.0	0.0	0.0	0.449676	0.0	0.0	0.0	0.550324	0.0	0.0	0.0	0.0	
306	428	6028.738891048	1890.5	1890.5	0.000947	0.0	120	0	0	0	304	0	0	0	0	4.0e-6	0.0	0.0	0.0	5.0e-6	0.0	0.0	0.0	0.0	0.039409	0.0	0.0	0.0	5992.33	0.0	0.0	0.0	0.0	0.000328	0.0	0.0	0.0	19.7116	0.0	0.0	0.0	0.0	1	0	0	0	41	0	0	0	0	0	0	0	0	0	0	0	0	0	27	0	0	0	263	0	0	0	0	24	0	0	0	0	0	0	0	0	4	0	0	0	0	0	0	0	0	64	0	0	0	0	0	0	0	0	4.0e-6	0.0	0.0	0.0	5.0e-6	0.0	0.0	0.0	0.0	0.473295	0.0	0.0	0.0	0.526705	0.0	0.0	0.0	0.0	
307	430	6031.50193987	1890.5	1890.5	0.000923	0.0	121	0	0	0	305	0	0	0	0	4.0e-6	0.0	0.0	0.0	4.0e-6	0.0	0.0	0.0	0.0	0.039601	0.0	0.0	0.0	5995.09	0.0	0.0	0.0	0.0	0.000327	0.0	0.0	0.0	19.656	0.0	0.0	0.0	0.0	1	0	0	0	41	0	0	0	0	0	0	0	0	0	0	0	0	0	27	0	0	0	264	0	0	0	0	24	0	0	0	0	0	0	0	0	4	0	0	0	0	0	0	0	0	65	0	0	0	0	0	0	0	0	4.0e-6	0.0	0.0	0.0	4.0e-6	0.0	0.0	0.0	0.0	0.470607	0.0	0.0	0.0	0.529393	0.0	0.0	0.0	0.0	
308	431	6036.766518515	1890.5	1890.5	0.000918	0.0	121	0	0	0	306	0	0	0	0	4.0e-6	0.0	0.0	0.0	4.0e-6	0.0	0.0	0.0	0.0	0.039601	0.0	0.0	0.0	6000.36	0.0	0.0	0.0	0.0	0.000327	0.0	0.0	0.0	19.609	0.0	0.0	0.0	0.0	1	0	0	0	41	0	0	0	0	0	0	0	0	0	0	0	0	0	27	0	0	0	265	0	0	0	0	24	0	0	0	0	0	0	0	0	4	0	0	0	0	0	0	0	0	65	0	0	0	0	0	0	0	0	4.0e-6	0.0	0.0	0.0	4.0e-6	0.0	0.0	0.0	0.0	0.495314	0.0	0.0	0.0	0.504686	0.0	0.0	0.0	0.0	
309	432	6066.411436747	1890.5	1890.5	0.000909	0.0	121	0	0	0	307	0	0	0	0	4.0e-6	0.0	0.0	0.0	3.0e-6	0.0	0.0	0.0	0.0	0.039601	0.0	0.0	0.0	6030.0	0.0	0.0	0.0	0.0	0.000327	0.0	0.0	0.0	19.6417	0.0	0.0	0.0	0.0	1	0	0	0	41	0	0	0	0	0	0	0	0	0	0	0	0	0	27	0	0	0	266	0	0	0	0	24	0	0	0	0	0	0	0	0	4	0	0	0	0	0	0	0	0	65	0	0	0	0	0	0	0	0	4.0e-6	0.0	0.0	0.0	3.0e-6	0.0	0.0	0.0	0.0	0.521311	0.0	0.0	0.0	0.478689	0.0	0.0	0.0	0.0	
310	434	6068.935763752	1890.5	1890.5	0.000858	0.0	122	0	0	0	308	0	0	0	0	3.0e-6	0.0	0.0	0.0	3.0e-6	0.0	0.0	0.0	0.0	0.04005	0.0	0.0	0.0	6032.52	0.0	0.0	0.0	0.0	0.000328	0.0	0.0	0.0	19.5861	0.0	0.0	0.0	0.0	1	0	0	0	41	0	0	0	0	0	0	0	0	0	0	0	0	0	27	0	0	0	267	0	0	0	0	24	0	0	0	0	0	0	0	0	5	0	0	0	0	0	0	0	0	65	0	0	0	0	0	0	0	0	3.0e-6	0.0	0.0	0.0	3.0e-6	0.0	0.0	0.0	0.0	0.522149	0.0	0.0	0.0	0.477851	0.0	0.0	0.0	0.0	
311	443	6093.254773168	1890.5	1890.5	0.000854	0.0	130	0	0	0	309	0	0	0	0	1.0e-6	0.0	0.0	0.0	3.0e-6	0.0	0.0	0.0	0.0	0.041658	0.0	0.0	0.0	6056.84	0.0	0.0	0.0	0.0	0.00032	0.0	0.0	0.0	19.6014	0.0	0.0	0.0	0.0	1	0	0	0	41	0	0	0	0	0	0	0	0	0	0	0	0	0	28	0	0	0	268	0	0	0	0	27	0	0	0	0	0	0	0	0	5	0	0	0	0	0	0	0	0	69	0	0	0	0	0	0	0	0	1.0e-6	0.0	0.0	0.0	3.0e-6	0.0	0.0	0.0	0.0	0.33784	0.0	0.0	0.0	0.66216	0.0	0.0	0.0	0.0	
312	445	6095.978436446	1890.5	1890.5	0.000815	0.0	131	0	0	0	310	0	0	0	0	1.0e-6	0.0	0.0	0.0	3.0e-6	0.0	0.0	0.0	0.0	0.041895	0.0	0.0	0.0	6059.57	0.0	0.0	0.0	0.0	0.00032	0.0	0.0	0.0	19.547	0.0	0.0	0.0	0.0	1	0	0	0	41	0	0	0	0	0	0	0	0	0	0	0	0	0	28	0	0	0	269	0	0	0	0	27	0	0	0	0	0	0	0	0	5	0	0	0	0	0	0	0	0	70	0	0	0	0	0	0	0	0	1.0e-6	0.0	0.0	0.0	3.0e-6	0.0	0.0	0.0	0.0	0.33119	0.0	0.0	0.0	0.66881	0.0	0.0	0.0	0.0	
313	446	6105.88437496	1890.5	1890.5	0.000811	0.0	131	0	0	0	311	0	0	0	0	1.0e-6	0.0	0.0	0.0	2.0e-6	0.0	0.0	0.0	0.0	0.041895	0.0	0.0	0.0	6069.47	0.0	0.0	0.0	0.0	0.00032	0.0	0.0	0.0	19.516	0.0	0.0	0.0	0.0	1	0	0	0	41	0	0	0	0	0	0	0	0	0	0	0	0	0	28	0	0	0	270	0	0	0	0	27	0	0	0	0	0	0	0	0	5	0	0	0	0	0	0	0	0	70	0	0	0	0	0	0	0	0	1.0e-6	0.0	0.0	0.0	2.0e-6	0.0	0.0	0.0	0.0	0.348552	0.0	0.0	0.0	0.651448	0.0	0.0	0.0	0.0	
314	447	6109.801783755	1890.5	1890.5	0.000796	0.0	131	0	0	0	312	0	0	0	0	1.0e-6	0.0	0.0	0.0	2.0e-6	0.0	0.0	0.0	0.0	0.041895	0.0	0.0	0.0	6073.39	0.0	0.0	0.0	0.0	0.00032	0.0	0.0	0.0	19.466	0.0	0.0	0.0	0.0	1	0	0	0	41	0	0	0	0	0	0	0	0	0	0	0	0	0	28	0	0	0	271	0	0	0	0	27	0	0	0	0	0	0	0	0	5	0	0	0	0	0	0	0	0	70	0	0	0	0	0	0	0	0	1.0e-6	0.0	0.0	0.0	2.0e-6	0.0	0.0	0.0	0.0	0.366818	0.0	0.0	0.0	0.633182	0.0	0.0	0.0	0.0	
315	448	6113.321442506	1890.5	1890.5	0.00079	0.0	131	0	0	0	313	0	0	0	0	1.0e-6	0.0	0.0	0.0	2.0e-6	0.0	0.0	0.0	0.0	0.041895	0.0	0.0	0.0	6076.91	0.0	0.0	0.0	0.0	0.00032	0.0	0.0	0.0	19.415	0.0	0.0	0.0	0.0	1	0	0	0	41	0	0	0	0	0	0	0	0	0	0	0	0	0	28	0	0	0	272	0	0	0	0	27	0	0	0	0	0	0	0	0	5	0	0	0	0	0	0	0	0	70	0	0	0	0	0	0	0	0	1.0e-6	0.0	0.0	0.0	2.0e-6	0.0	0.0	0.0	0.0	0.386035	0.0	0.0	0.0	0.613965	0.0	0.0	0.0	0.0	
316	451	6119.43143388	1890.5	1890.5	0.000784	0.0	133	0	0	0	314	0	0	0	0	1.0e-6	0.0	0.0	0.0	2.0e-6	0.0	0.0	0.0	0.0	0.04239	0.0	0.0	0.0	6083.02	0.0	0.0	0.0	0.0	0.000319	0.0	0.0	0.0	19.3727	0.0	0.0	0.0	0.0	1	0	0	0	41	0	0	0	0	0	0	0	0	0	0	0	0	0	28	0	0	0	273	0	0	0	0	28	0	0	0	0	0	0	0	0	5	0	0	0	0	0	0	0	0	71	0	0	0	0	0	0	0	0	1.0e-6	0.0	0.0	0.0	2.0e-6	0.0	0.0	0.0	0.0	0.355109	0.0	0.0	0.0	0.644891	0.0	0.0	0.0	0.0	
317	452	6122.216189938	1890.5	1890.5	0.000775	0.0	133	0	0	0	315	0	0	0	0	1.0e-6	0.0	0.0	0.0	2.0e-6	0.0	0.0	0.0	0.0	0.04239	0.0	0.0	0.0	6085.8	0.0	0.0	0.0	0.0	0.000319	0.0	0.0	0.0	19.32	0.0	0.0	0.0	0.0	1	0	0	0	41	0	0	0	0	0	0	0	0	0	0	0	0	0	28	0	0	0	274	0	0	0	0	28	0	0	0	0	0	0	0	0	5	0	0	0	0	0	0	0	0	71	0	0	0	0	0	0	0	0	1.0e-6	0.0	0.0	0.0	2.0e-6	0.0	0.0	0.0	0.0	0.373698	0.0	0.0	0.0	0.626302	0.0	0.0	0.0	0.0	
318	454	6128.236290999	1890.5	1890.5	0.000771	0.0	134	0	0	0	316	0	0	0	0	1.0e-6	0.0	0.0	0.0	2.0e-6	0.0	0.0	0.0	0.0	0.04281	0.0	0.0	0.0	6091.82	0.0	0.0	0.0	0.0	0.000319	0.0	0.0	0.0	19.2779	0.0	0.0	0.0	0.0	1	0	0	0	41	0	0	0	0	0	0	0	0	0	0	0	0	0	28	0	0	0	275	0	0	0	0	29	0	0	0	0	0	0	0	0	5	0	0	0	0	0	0	0	0	71	0	0	0	0	0	0	0	0	1.0e-6	0.0	0.0	0.0	2.0e-6	0.0	0.0	0.0	0.0	0.367665	0.0	0.0	0.0	0.632335	0.0	0.0	0.0	0.0	
319	457	6192.789382488	1890.5	1890.5	0.000762	0.0	136	0	0	0	317	0	0	0	0	1.0e-6	0.0	0.0	0.0	2.0e-6	0.0	0.0	0.0	0.0	0.043276	0.0	0.0	0.0	6156.37	0.0	0.0	0.0	0.0	0.000318	0.0	0.0	0.0	19.4207	0.0	0.0	0.0	0.0	1	0	0	0	41	0	0	0	0	0	0	0	0	0	0	0	0	0	28	0	0	0	276	0	0	0	0	30	0	0	0	0	0	0	0	0	5	0	0	0	0	0	0	0	0	72	0	0	0	0	0	0	0	0	1.0e-6	0.0	0.0	0.0	2.0e-6	0.0	0.0	0.0	0.0	0.336919	0.0	0.0	0.0	0.663081	0.0	0.0	0.0	0.0	
320	458	6201.287414294	1890.5	1890.5	0.000673	0.0	136	0	0	0	318	0	0	0	0	1.0e-6	0.0	0.0	0.0	1.0e-6	0.0	0.0	0.0	0.0	0.043276	0.0	0.0	0.0	6164.87	0.0	0.0	0.0	0.0	0.000318	0.0	0.0	0.0	19.3864	0.0	0.0	0.0	0.0	1	0	0	0	41	0	0	0	0	0	0	0	0	0	0	0	0	0	28	0	0	0	277	0	0	0	0	30	0	0	0	0	0	0	0	0	5	0	0	0	0	0	0	0	0	72	0	0	0	0	0	0	0	0	1.0e-6	0.0	0.0	0.0	1.0e-6	0.0	0.0	0.0	0.0	0.35453	0.0	0.0	0.0	0.64547	0.0	0.0	0.0	0.0	
321	459	6216.544715733	1890.5	1890.5	0.000662	0.0	136	0	0	0	319	0	0	0	0	1.0e-6	0.0	0.0	0.0	1.0e-6	0.0	0.0	0.0	0.0	0.043276	0.0	0.0	0.0	6180.13	0.0	0.0	0.0	0.0	0.000318	0.0	0.0	0.0	19.3734	0.0	0.0	0.0	0.0	1	0	0	0	41	0	0	0	0	0	0	0	0	0	0	0	0	0	28	0	0	0	278	0	0	0	0	30	0	0	0	0	0	0	0	0	5	0	0	0	0	0	0	0	0	72	0	0	0	0	0	0	0	0	1.0e-6	0.0	0.0	0.0	1.0e-6	0.0	0.0	0.0	0.0	0.373051	0.0	0.0	0.0	0.626949	0.0	0.0	0.0	0.0	
322	460	6233.044340042	1890.5	1890.5	0.000643	0.0	136	0	0	0	320	0	0	0	0	1.0e-6	0.0	0.0	0.0	1.0e-6	0.0	0.0	0.0	0.0	0.043276	0.0	0.0	0.0	6196.63	0.0	0.0	0.0	0.0	0.000318	0.0	0.0	0.0	19.3645	0.0	0.0	0.0	0.0	1	0	0	0	41	0	0	0	0	0	0	0	0	0	0	0	0	0	28	0	0	0	279	0	0	0	0	30	0	0	0	0	0	0	0	0	5	0	0	0	0	0	0	0	0	72	0	0	0	0	0	0	0	0	1.0e-6	0.0	0.0	0.0	1.0e-6	0.0	0.0	0.0	0.0	0.392528	0.0	0.0	0.0	0.607472	0.0	0.0	0.0	0.0	
323	461	6320.201408172	1890.2	1890.2	0.000623	0.0	136	0	0	0	321	0	0	0	0	1.0e-6	0.0	0.0	0.0	0.082309	0.0	0.0	0.0	0.0	0.043276	0.0	0.0	0.0	6283.79	0.0	0.0	0.0	0.0	0.000318	0.0	0.0	0.0	19.5757	0.0	0.0	0.0	0.0	1	0	0	0	42	0	0	0	0	0	0	0	0	0	0	0	0	0	28	0	0	0	279	0	0	0	0	30	0	0	0	0	0	0	0	0	5	0	0	0	0	0	0	0	0	72	0	0	0	0	0	0	0	0	1.0e-6	0.0	0.0	0.0	0.082309	0.0	0.0	0.0	0.0	9.0e-6	0.0	0.0	0.0	0.999991	0.0	0.0	0.0	0.0	
324	462	6331.497504749	1890.2	1890.2	0.000527	0.0	136	0	0	0	322	0	0	0	0	1.0e-6	0.0	0.0	0.0	0.078194	0.0	0.0	0.0	0.0	0.043276	0.0	0.0	0.0	6295.08	0.0	0.0	0.0	0.0	0.000318	0.0	0.0	0.0	19.5499	0.0	0.0	0.0	0.0	1	0	0	0	42	0	0	0	0	0	0	0	0	0	0	0	0	0	28	0	0	0	280	0	0	0	0	30	0	0	0	0	0	0	0	0	5	0	0	0	0	0	0	0	0	72	0	0	0	0	0	0	0	0	1.0e-6	0.0	0.0	0.0	0.078194	0.0	0.0	0.0	0.0	1.0e-5	0.0	0.0	0.0	0.99999	0.0	0.0	0.0	0.0	
325	463	6355.374059392	1890.2	1890.2	0.000515	0.0	136	0	0	0	323	0	0	0	0	1.0e-6	0.0	0.0	0.0	0.074284	0.0	0.0	0.0	0.0	0.043276	0.0	0.0	0.0	6318.96	0.0	0.0	0.0	0.0	0.000318	0.0	0.0	0.0	19.5633	0.0	0.0	0.0	0.0	1	0	0	0	42	0	0	0	0	0	0	0	0	0	0	0	0	0	28	0	0	0	281	0	0	0	0	30	0	0	0	0	0	0	0	0	5	0	0	0	0	0	0	0	0	72	0	0	0	0	0	0	0	0	1.0e-6	0.0	0.0	0.0	0.074284	0.0	0.0	0.0	0.0	1.0e-5	0.0	0.0	0.0	0.99999	0.0	0.0	0.0	0.0	
326	464	6368.750200105	1890.2	1890.2	0.000492	0.0	136	0	0	0	324	0	0	0	0	1.0e-6	0.0	0.0	0.0	0.07057	0.0	0.0	0.0	0.0	0.043276	0.0	0.0	0.0	6332.34	0.0	0.0	0.0	0.0	0.000318	0.0	0.0	0.0	19.5442	0.0	0.0	0.0	0.0	1	0	0	0	42	0	0	0	0	0	0	0	0	0	0	0	0	0	28	0	0	0	282	0	0	0	0	30	0	0	0	0	0	0	0	0	5	0	0	0	0	0	0	0	0	72	0	0	0	0	0	0	0	0	1.0e-6	0.0	0.0	0.0	0.07057	0.0	0.0	0.0	0.0	1.1e-5	0.0	0.0	0.0	0.999989	0.0	0.0	0.0	0.0	
327	465	6387.585586839	1890.2	1890.2	0.00048	0.0	136	0	0	0	325	0	0	0	0	1.0e-6	0.0	0.0	0.0	0.067041	0.0	0.0	0.0	0.0	0.043276	0.0	0.0	0.0	6351.17	0.0	0.0	0.0	0.0	0.000318	0.0	0.0	0.0	19.5421	0.0	0.0	0.0	0.0	1	0	0	0	42	0	0	0	0	0	0	0	0	0	0	0	0	0	28	0	0	0	283	0	0	0	0	30	0	0	0	0	0	0	0	0	5	0	0	0	0	0	0	0	0	72	0	0	0	0	0	0	0	0	1.0e-6	0.0	0.0	0.0	0.067041	0.0	0.0	0.0	0.0	1.2e-5	0.0	0.0	0.0	0.999988	0.0	0.0	0.0	0.0	
328	466	6500.887478928	1890.2	1890.2	0.000463	0.0	136	0	0	0	326	0	0	0	0	1.0e-6	0.0	0.0	0.0	0.063689	0.0	0.0	0.0	0.0	0.043276	0.0	0.0	0.0	6464.47	0.0	0.0	0.0	0.0	0.000318	0.0	0.0	0.0	19.8297	0.0	0.0	0.0	0.0	1	0	0	0	42	0	0	0	0	0	0	0	0	0	0	0	0	0	28	0	0	0	284	0	0	0	0	30	0	0	0	0	0	0	0	0	5	0	0	0	0	0	0	0	0	72	0	0	0	0	0	0	0	0	1.0e-6	0.0	0.0	0.0	0.063689	0.0	0.0	0.0	0.0	1.2e-5	0.0	0.0	0.0	0.999988	0.0	0.0	0.0	0.0	
329	467	6507.213834019	1890.2	1890.2	0.000372	0.0	136	0	0	0	327	0	0	0	0	1.0e-6	0.0	0.0	0.0	0.060505	0.0	0.0	0.0	0.0	0.043276	0.0	0.0	0.0	6470.8	0.0	0.0	0.0	0.0	0.000318	0.0	0.0	0.0	19.7884	0.0	0.0	0.0	0.0	1	0	0	0	42	0	0	0	0	0	0	0	0	0	0	0	0	0	28	0	0	0	285	0	0	0	0	30	0	0	0	0	0	0	0	0	5	0	0	0	0	0	0	0	0	72	0	0	0	0	0	0	0	0	1.0e-6	0.0	0.0	0.0	0.060505	0.0	0.0	0.0	0.0	1.3e-5	0.0	0.0	0.0	0.999987	0.0	0.0	0.0	0.0	
330	468	6509.829695435	1890.2	1890.2	0.000368	0.0	136	0	0	0	328	0	0	0	0	1.0e-6	0.0	0.0	0.0	0.05748	0.0	0.0	0.0	0.0	0.043276	0.0	0.0	0.0	6473.42	0.0	0.0	0.0	0.0	0.000318	0.0	0.0	0.0	19.736	0.0	0.0	0.0	0.0	1	0	0	0	42	0	0	0	0	0	0	0	0	0	0	0	0	0	28	0	0	0	286	0	0	0	0	30	0	0	0	0	0	0	0	0	5	0	0	0	0	0	0	0	0	72	0	0	0	0	0	0	0	0	1.0e-6	0.0	0.0	0.0	0.05748	0.0	0.0	0.0	0.0	1.4e-5	0.0	0.0	0.0	0.999986	0.0	0.0	0.0	0.0	
331	469	6520.58012163	1890.2	1890.2	0.000366	0.0	136	0	0	0	329	0	0	0	0	1.0e-6	0.0	0.0	0.0	0.054606	0.0	0.0	0.0	0.0	0.043276	0.0	0.0	0.0	6484.17	0.0	0.0	0.0	0.0	0.000318	0.0	0.0	0.0	19.7087	0.0	0.0	0.0	0.0	1	0	0	0	42	0	0	0	0	0	0	0	0	0	0	0	0	0	28	0	0	0	287	0	0	0	0	30	0	0	0	0	0	0	0	0	5	0	0	0	0	0	0	0	0	72	0	0	0	0	0	0	0	0	1.0e-6	0.0	0.0	0.0	0.054606	0.0	0.0	0.0	0.0	1.4e-5	0.0	0.0	0.0	0.999986	0.0	0.0	0.0	0.0	
332	470	6525.543296126	1890.2	1890.2	0.000358	0.0	136	0	0	0	330	0	0	0	0	1.0e-6	0.0	0.0	0.0	0.051875	0.0	0.0	0.0	0.0	0.043276	0.0	0.0	0.0	6489.13	0.0	0.0	0.0	0.0	0.000318	0.0	0.0	0.0	19.664	0.0	0.0	0.0	0.0	1	0	0	0	42	0	0	0	0	0	0	0	0	0	0	0	0	0	28	0	0	0	288	0	0	0	0	30	0	0	0	0	0	0	0	0	5	0	0	0	0	0	0	0	0	72	0	0	0	0	0	0	0	0	1.0e-6	0.0	0.0	0.0	0.051875	0.0	0.0	0.0	0.0	1.5e-5	0.0	0.0	0.0	0.999985	0.0	0.0	0.0	0.0	
333	471	6532.21624741	1890.2	1890.2	0.000355	0.0	136	0	0	0	331	0	0	0	0	1.0e-6	0.0	0.0	0.0	0.049281	0.0	0.0	0.0	0.0	0.043276	0.0	0.0	0.0	6495.8	0.0	0.0	0.0	0.0	0.000318	0.0	0.0	0.0	19.6248	0.0	0.0	0.0	0.0	1	0	0	0	42	0	0	0	0	0	0	0	0	0	0	0	0	0	28	0	0	0	289	0	0	0	0	30	0	0	0	0	0	0	0	0	5	0	0	0	0	0	0	0	0	72	0	0	0	0	0	0	0	0	1.0e-6	0.0	0.0	0.0	0.049281	0.0	0.0	0.0	0.0	1.6e-5	0.0	0.0	0.0	0.999984	0.0	0.0	0.0	0.0	
334	472	6549.090966421	1890.2	1890.2	0.00035	0.0	136	0	0	0	332	0	0	0	0	1.0e-6	0.0	0.0	0.0	0.046817	0.0	0.0	0.0	0.0	0.043276	0.0	0.0	0.0	6512.68	0.0	0.0	0.0	0.0	0.000318	0.0	0.0	0.0	19.6165	0.0	0.0	0.0	0.0	1	0	0	0	42	0	0	0	0	0	0	0	0	0	0	0	0	0	28	0	0	0	290	0	0	0	0	30	0	0	0	0	0	0	0	0	5	0	0	0	0	0	0	0	0	72	0	0	0	0	0	0	0	0	1.0e-6	0.0	0.0	0.0	0.046817	0.0	0.0	0.0	0.0	1.7e-5	0.0	0.0	0.0	0.999983	0.0	0.0	0.0	0.0	
335	473	6551.817727004	1890.2	1890.2	0.000339	0.0	136	0	0	0	333	0	0	0	0	1.0e-6	0.0	0.0	0.0	0.044476	0.0	0.0	0.0	0.0	0.043276	0.0	0.0	0.0	6515.4	0.0	0.0	0.0	0.0	0.000318	0.0	0.0	0.0	19.5658	0.0	0.0	0.0	0.0	1	0	0	0	42	0	0	0	0	0	0	0	0	0	0	0	0	0	28	0	0	0	291	0	0	0	0	30	0	0	0	0	0	0	0	0	5	0	0	0	0	0	0	0	0	72	0	0	0	0	0	0	0	0	1.0e-6	0.0	0.0	0.0	0.044476	0.0	0.0	0.0	0.0	1.8e-5	0.0	0.0	0.0	0.999982	0.0	0.0	0.0	0.0	
336	474	6566.288365738	1890.2	1890.2	0.000337	0.0	136	0	0	0	334	0	0	0	0	1.0e-6	0.0	0.0	0.0	0.042252	0.0	0.0	0.0	0.0	0.043276	0.0	0.0	0.0	6529.87	0.0	0.0	0.0	0.0	0.000318	0.0	0.0	0.0	19.5505	0.0	0.0	0.0	0.0	1	0	0	0	42	0	0	0	0	0	0	0	0	0	0	0	0	0	28	0	0	0	292	0	0	0	0	30	0	0	0	0	0	0	0	0	5	0	0	0	0	0	0	0	0	72	0	0	0	0	0	0	0	0	1.0e-6	0.0	0.0	0.0	0.042252	0.0	0.0	0.0	0.0	1.8e-5	0.0	0.0	0.0	0.999982	0.0	0.0	0.0	0.0	
337	475	6573.800856914	1890.2	1890.2	0.000328	0.0	136	0	0	0	335	0	0	0	0	1.0e-6	0.0	0.0	0.0	0.04014	0.0	0.0	0.0	0.0	0.043276	0.0	0.0	0.0	6537.39	0.0	0.0	0.0	0.0	0.000318	0.0	0.0	0.0	19.5146	0.0	0.0	0.0	0.0	1	0	0	0	42	0	0	0	0	0	0	0	0	0	0	0	0	0	28	0	0	0	293	0	0	0	0	30	0	0	0	0	0	0	0	0	5	0	0	0	0	0	0	0	0	72	0	0	0	0	0	0	0	0	1.0e-6	0.0	0.0	0.0	0.04014	0.0	0.0	0.0	0.0	1.9e-5	0.0	0.0	0.0	0.999981	0.0	0.0	0.0	0.0	
338	476	6615.139052954	1890.2	1890.2	0.000323	0.0	136	0	0	0	336	0	0	0	0	1.0e-6	0.0	0.0	0.0	0.038133	0.0	0.0	0.0	0.0	0.043276	0.0	0.0	0.0	6578.72	0.0	0.0	0.0	0.0	0.000318	0.0	0.0	0.0	19.5795	0.0	0.0	0.0	0.0	1	0	0	0	42	0	0	0	0	0	0	0	0	0	0	0	0	0	28	0	0	0	294	0	0	0	0	30	0	0	0	0	0	0	0	0	5	0	0	0	0	0	0	0	0	72	0	0	0	0	0	0	0	0	1.0e-6	0.0	0.0	0.0	0.038133	0.0	0.0	0.0	0.0	2.0e-5	0.0	0.0	0.0	0.99998	0.0	0.0	0.0	0.0	
339	477	6625.780127394	1890.2	1890.2	0.000299	0.0	136	0	0	0	337	0	0	0	0	1.0e-6	0.0	0.0	0.0	0.036226	0.0	0.0	0.0	0.0	0.043276	0.0	0.0	0.0	6589.37	0.0	0.0	0.0	0.0	0.000318	0.0	0.0	0.0	19.553	0.0	0.0	0.0	0.0	1	0	0	0	42	0	0	0	0	0	0	0	0	0	0	0	0	0	28	0	0	0	295	0	0	0	0	30	0	0	0	0	0	0	0	0	5	0	0	0	0	0	0	0	0	72	0	0	0	0	0	0	0	0	1.0e-6	0.0	0.0	0.0	0.036226	0.0	0.0	0.0	0.0	2.2e-5	0.0	0.0	0.0	0.999978	0.0	0.0	0.0	0.0	
340	478	6628.538284042	1890.2	1890.2	0.000293	0.0	136	0	0	0	338	0	0	0	0	1.0e-6	0.0	0.0	0.0	0.034415	0.0	0.0	0.0	0.0	0.043276	0.0	0.0	0.0	6592.12	0.0	0.0	0.0	0.0	0.000318	0.0	0.0	0.0	19.5033	0.0	0.0	0.0	0.0	1	0	0	0	42	0	0	0	0	0	0	0	0	0	0	0	0	0	28	0	0	0	296	0	0	0	0	30	0	0	0	0	0	0	0	0	5	0	0	0	0	0	0	0	0	72	0	0	0	0	0	0	0	0	1.0e-6	0.0	0.0	0.0	0.034415	0.0	0.0	0.0	0.0	2.3e-5	0.0	0.0	0.0	0.999977	0.0	0.0	0.0	0.0	
341	479	6631.334012419	1890.2	1890.2	0.000291	0.0	136	0	0	0	339	0	0	0	0	1.0e-6	0.0	0.0	0.0	0.032694	0.0	0.0	0.0	0.0	0.043276	0.0	0.0	0.0	6594.92	0.0	0.0	0.0	0.0	0.000318	0.0	0.0	0.0	19.454	0.0	0.0	0.0	0.0	1	0	0	0	42	0	0	0	0	0	0	0	0	0	0	0	0	0	28	0	0	0	297	0	0	0	0	30	0	0	0	0	0	0	0	0	5	0	0	0	0	0	0	0	0	72	0	0	0	0	0	0	0	0	1.0e-6	0.0	0.0	0.0	0.032694	0.0	0.0	0.0	0.0	2.4e-5	0.0	0.0	0.0	0.999976	0.0	0.0	0.0	0.0	
342	480	6689.26729293	1890.2	1890.2	0.00029	0.0	136	0	0	0	340	0	0	0	0	1.0e-6	0.0	0.0	0.0	0.031059	0.0	0.0	0.0	0.0	0.043276	0.0	0.0	0.0	6652.85	0.0	0.0	0.0	0.0	0.000318	0.0	0.0	0.0	19.5672	0.0	0.0	0.0	0.0	1	0	0	0	42	0	0	0	0	0	0	0	0	0	0	0	0	0	28	0	0	0	298	0	0	0	0	30	0	0	0	0	0	0	0	0	5	0	0	0	0	0	0	0	0	72	0	0	0	0	0	0	0	0	1.0e-6	0.0	0.0	0.0	0.031059	0.0	0.0	0.0	0.0	2.5e-5	0.0	0.0	0.0	0.999975	0.0	0.0	0.0	0.0	
343	481	6702.312279441	1890.2	1890.2	0.000259	0.0	136	0	0	0	341	0	0	0	0	1.0e-6	0.0	0.0	0.0	0.029506	0.0	0.0	0.0	0.0	0.043276	0.0	0.0	0.0	6665.9	0.0	0.0	0.0	0.0	0.000318	0.0	0.0	0.0	19.5481	0.0	0.0	0.0	0.0	1	0	0	0	42	0	0	0	0	0	0	0	0	0	0	0	0	0	28	0	0	0	299	0	0	0	0	30	0	0	0	0	0	0	0	0	5	0	0	0	0	0	0	0	0	72	0	0	0	0	0	0	0	0	1.0e-6	0.0	0.0	0.0	0.029506	0.0	0.0	0.0	0.0	2.6e-5	0.0	0.0	0.0	0.999974	0.0	0.0	0.0	0.0	
344	482	6708.765774396	1889.2	1889.2	0.000253	0.0	136	0	0	0	342	0	0	0	0	1.0e-6	0.0	0.0	0.0	0.078032	0.0	0.0	0.0	0.0	0.043276	0.0	0.0	0.0	6672.35	0.0	0.0	0.0	0.0	0.000318	0.0	0.0	0.0	19.5098	0.0	0.0	0.0	0.0	1	0	0	0	43	0	0	0	0	0	0	0	0	0	0	0	0	0	28	0	0	0	299	0	0	0	0	30	0	0	0	0	0	0	0	0	5	0	0	0	0	0	0	0	0	72	0	0	0	0	0	0	0	0	1.0e-6	0.0	0.0	0.0	0.078032	0.0	0.0	0.0	0.0	1.0e-5	0.0	0.0	0.0	0.99999	0.0	0.0	0.0	0.0	
345	483	6711.553741653	1889.2	1889.2	0.00025	0.0	136	0	0	0	343	0	0	0	0	1.0e-6	0.0	0.0	0.0	0.074131	0.0	0.0	0.0	0.0	0.043276	0.0	0.0	0.0	6675.14	0.0	0.0	0.0	0.0	0.000318	0.0	0.0	0.0	19.461	0.0	0.0	0.0	0.0	1	0	0	0	43	0	0	0	0	0	0	0	0	0	0	0	0	0	28	0	0	0	300	0	0	0	0	30	0	0	0	0	0	0	0	0	5	0	0	0	0	0	0	0	0	72	0	0	0	0	0	0	0	0	1.0e-6	0.0	0.0	0.0	0.074131	0.0	0.0	0.0	0.0	1.1e-5	0.0	0.0	0.0	0.999989	0.0	0.0	0.0	0.0	
346	484	6722.078113983	1889.2	1889.2	0.000248	0.0	136	0	0	0	344	0	0	0	0	1.0e-6	0.0	0.0	0.0	0.070424	0.0	0.0	0.0	0.0	0.043276	0.0	0.0	0.0	6685.66	0.0	0.0	0.0	0.0	0.000318	0.0	0.0	0.0	19.4351	0.0	0.0	0.0	0.0	1	0	0	0	43	0	0	0	0	0	0	0	0	0	0	0	0	0	28	0	0	0	301	0	0	0	0	30	0	0	0	0	0	0	0	0	5	0	0	0	0	0	0	0	0	72	0	0	0	0	0	0	0	0	1.0e-6	0.0	0.0	0.0	0.070424	0.0	0.0	0.0	0.0	1.1e-5	0.0	0.0	0.0	0.999989	0.0	0.0	0.0	0.0	
347	485	6738.170085116	1889.2	1889.2	0.000243	0.0	136	0	0	0	345	0	0	0	0	1.0e-6	0.0	0.0	0.0	0.066903	0.0	0.0	0.0	0.0	0.043276	0.0	0.0	0.0	6701.76	0.0	0.0	0.0	0.0	0.000318	0.0	0.0	0.0	19.4254	0.0	0.0	0.0	0.0	1	0	0	0	43	0	0	0	0	0	0	0	0	0	0	0	0	0	28	0	0	0	302	0	0	0	0	30	0	0	0	0	0	0	0	0	5	0	0	0	0	0	0	0	0	72	0	0	0	0	0	0	0	0	1.0e-6	0.0	0.0	0.0	0.066903	0.0	0.0	0.0	0.0	1.2e-5	0.0	0.0	0.0	0.999988	0.0	0.0	0.0	0.0	
348	486	6750.221752553	1889.2	1889.2	0.000236	0.0	136	0	0	0	346	0	0	0	0	1.0e-6	0.0	0.0	0.0	0.063558	0.0	0.0	0.0	0.0	0.043276	0.0	0.0	0.0	6713.81	0.0	0.0	0.0	0.0	0.000318	0.0	0.0	0.0	19.4041	0.0	0.0	0.0	0.0	1	0	0	0	43	0	0	0	0	0	0	0	0	0	0	0	0	0	28	0	0	0	303	0	0	0	0	30	0	0	0	0	0	0	0	0	5	0	0	0	0	0	0	0	0	72	0	0	0	0	0	0	0	0	1.0e-6	0.0	0.0	0.0	0.063558	0.0	0.0	0.0	0.0	1.2e-5	0.0	0.0	0.0	0.999988	0.0	0.0	0.0	0.0	
349	487	6752.776474293	1889.2	1889.2	0.00023	0.0	136	0	0	0	347	0	0	0	0	1.0e-6	0.0	0.0	0.0	0.06038	0.0	0.0	0.0	0.0	0.043276	0.0	0.0	0.0	6716.36	0.0	0.0	0.0	0.0	0.000318	0.0	0.0	0.0	19.3555	0.0	0.0	0.0	0.0	1	0	0	0	43	0	0	0	0	0	0	0	0	0	0	0	0	0	28	0	0	0	304	0	0	0	0	30	0	0	0	0	0	0	0	0	5	0	0	0	0	0	0	0	0	72	0	0	0	0	0	0	0	0	1.0e-6	0.0	0.0	0.0	0.06038	0.0	0.0	0.0	0.0	1.3e-5	0.0	0.0	0.0	0.999987	0.0	0.0	0.0	0.0	
350	488	6764.98045516	1889.2	1889.2	0.000229	0.0	136	0	0	0	348	0	0	0	0	1.0e-6	0.0	0.0	0.0	0.057361	0.0	0.0	0.0	0.0	0.043276	0.0	0.0	0.0	6728.57	0.0	0.0	0.0	0.0	0.000318	0.0	0.0	0.0	19.335	0.0	0.0	0.0	0.0	1	0	0	0	43	0	0	0	0	0	0	0	0	0	0	0	0	0	28	0	0	0	305	0	0	0	0	30	0	0	0	0	0	0	0	0	5	0	0	0	0	0	0	0	0	72	0	0	0	0	0	0	0	0	1.0e-6	0.0	0.0	0.0	0.057361	0.0	0.0	0.0	0.0	1.4e-5	0.0	0.0	0.0	0.999986	0.0	0.0	0.0	0.0	
351	489	6774.306395525	1889.2	1889.2	0.000224	0.0	136	0	0	0	349	0	0	0	0	1.0e-6	0.0	0.0	0.0	0.054493	0.0	0.0	0.0	0.0	0.043276	0.0	0.0	0.0	6737.89	0.0	0.0	0.0	0.0	0.000318	0.0	0.0	0.0	19.3063	0.0	0.0	0.0	0.0	1	0	0	0	43	0	0	0	0	0	0	0	0	0	0	0	0	0	28	0	0	0	306	0	0	0	0	30	0	0	0	0	0	0	0	0	5	0	0	0	0	0	0	0	0	72	0	0	0	0	0	0	0	0	1.0e-6	0.0	0.0	0.0	0.054493	0.0	0.0	0.0	0.0	1.4e-5	0.0	0.0	0.0	0.999986	0.0	0.0	0.0	0.0	
352	490	6780.950330781	1889.2	1889.2	0.00022	0.0	136	0	0	0	350	0	0	0	0	1.0e-6	0.0	0.0	0.0	0.051768	0.0	0.0	0.0	0.0	0.043276	0.0	0.0	0.0	6744.54	0.0	0.0	0.0	0.0	0.000318	0.0	0.0	0.0	19.2701	0.0	0.0	0.0	0.0	1	0	0	0	43	0	0	0	0	0	0	0	0	0	0	0	0	0	28	0	0	0	307	0	0	0	0	30	0	0	0	0	0	0	0	0	5	0	0	0	0	0	0	0	0	72	0	0	0	0	0	0	0	0	1.0e-6	0.0	0.0	0.0	0.051768	0.0	0.0	0.0	0.0	1.5e-5	0.0	0.0	0.0	0.999985	0.0	0.0	0.0	0.0	
353	491	6789.050472779	1889.2	1889.2	0.000217	0.0	136	0	0	0	351	0	0	0	0	1.0e-6	0.0	0.0	0.0	0.04918	0.0	0.0	0.0	0.0	0.043276	0.0	0.0	0.0	6752.64	0.0	0.0	0.0	0.0	0.000318	0.0	0.0	0.0	19.2383	0.0	0.0	0.0	0.0	1	0	0	0	43	0	0	0	0	0	0	0	0	0	0	0	0	0	28	0	0	0	308	0	0	0	0	30	0	0	0	0	0	0	0	0	5	0	0	0	0	0	0	0	0	72	0	0	0	0	0	0	0	0	1.0e-6	0.0	0.0	0.0	0.04918	0.0	0.0	0.0	0.0	1.6e-5	0.0	0.0	0.0	0.999984	0.0	0.0	0.0	0.0	
354	492	6795.235607415	1889.2	1889.2	0.000214	0.0	136	0	0	0	352	0	0	0	0	1.0e-6	0.0	0.0	0.0	0.04672	0.0	0.0	0.0	0.0	0.043276	0.0	0.0	0.0	6758.82	0.0	0.0	0.0	0.0	0.000318	0.0	0.0	0.0	19.2012	0.0	0.0	0.0	0.0	1	0	0	0	43	0	0	0	0	0	0	0	0	0	0	0	0	0	28	0	0	0	309	0	0	0	0	30	0	0	0	0	0	0	0	0	5	0	0	0	0	0	0	0	0	72	0	0	0	0	0	0	0	0	1.0e-6	0.0	0.0	0.0	0.04672	0.0	0.0	0.0	0.0	1.7e-5	0.0	0.0	0.0	0.999983	0.0	0.0	0.0	0.0	
355	493	6802.685111788	1889.2	1889.2	0.000211	0.0	136	0	0	0	353	0	0	0	0	1.0e-6	0.0	0.0	0.0	0.044384	0.0	0.0	0.0	0.0	0.043276	0.0	0.0	0.0	6766.27	0.0	0.0	0.0	0.0	0.000318	0.0	0.0	0.0	19.1679	0.0	0.0	0.0	0.0	1	0	0	0	43	0	0	0	0	0	0	0	0	0	0	0	0	0	28	0	0	0	310	0	0	0	0	30	0	0	0	0	0	0	0	0	5	0	0	0	0	0	0	0	0	72	0	0	0	0	0	0	0	0	1.0e-6	0.0	0.0	0.0	0.044384	0.0	0.0	0.0	0.0	1.8e-5	0.0	0.0	0.0	0.999982	0.0	0.0	0.0	0.0	
356	494	6805.955314055	1889.2	1889.2	0.000208	0.0	136	0	0	0	354	0	0	0	0	1.0e-6	0.0	0.0	0.0	0.042165	0.0	0.0	0.0	0.0	0.043276	0.0	0.0	0.0	6769.54	0.0	0.0	0.0	0.0	0.000318	0.0	0.0	0.0	19.123	0.0	0.0	0.0	0.0	1	0	0	0	43	0	0	0	0	0	0	0	0	0	0	0	0	0	28	0	0	0	311	0	0	0	0	30	0	0	0	0	0	0	0	0	5	0	0	0	0	0	0	0	0	72	0	0	0	0	0	0	0	0	1.0e-6	0.0	0.0	0.0	0.042165	0.0	0.0	0.0	0.0	1.8e-5	0.0	0.0	0.0	0.999982	0.0	0.0	0.0	0.0	
357	495	6817.130245852	1889.2	1889.2	0.000207	0.0	136	0	0	0	355	0	0	0	0	1.0e-6	0.0	0.0	0.0	0.040057	0.0	0.0	0.0	0.0	0.043276	0.0	0.0	0.0	6780.71	0.0	0.0	0.0	0.0	0.000318	0.0	0.0	0.0	19.1006	0.0	0.0	0.0	0.0	1	0	0	0	43	0	0	0	0	0	0	0	0	0	0	0	0	0	28	0	0	0	312	0	0	0	0	30	0	0	0	0	0	0	0	0	5	0	0	0	0	0	0	0	0	72	0	0	0	0	0	0	0	0	1.0e-6	0.0	0.0	0.0	0.040057	0.0	0.0	0.0	0.0	1.9e-5	0.0	0.0	0.0	0.999981	0.0	0.0	0.0	0.0	
358	496	6828.80971858	1889.2	1889.2	0.000203	0.0	136	0	0	0	356	0	0	0	0	1.0e-6	0.0	0.0	0.0	0.038054	0.0	0.0	0.0	0.0	0.043276	0.0	0.0	0.0	6792.39	0.0	0.0	0.0	0.0	0.000318	0.0	0.0	0.0	19.0798	0.0	0.0	0.0	0.0	1	0	0	0	43	0	0	0	0	0	0	0	0	0	0	0	0	0	28	0	0	0	313	0	0	0	0	30	0	0	0	0	0	0	0	0	5	0	0	0	0	0	0	0	0	72	0	0	0	0	0	0	0	0	1.0e-6	0.0	0.0	0.0	0.038054	0.0	0.0	0.0	0.0	2.0e-5	0.0	0.0	0.0	0.99998	0.0	0.0	0.0	0.0	
359	497	6838.237179028	1889.2	1889.2	0.000198	0.0	136	0	0	0	357	0	0	0	0	1.0e-6	0.0	0.0	0.0	0.036151	0.0	0.0	0.0	0.0	0.043276	0.0	0.0	0.0	6801.82	0.0	0.0	0.0	0.0	0.000318	0.0	0.0	0.0	19.0527	0.0	0.0	0.0	0.0	1	0	0	0	43	0	0	0	0	0	0	0	0	0	0	0	0	0	28	0	0	0	314	0	0	0	0	30	0	0	0	0	0	0	0	0	5	0	0	0	0	0	0	0	0	72	0	0	0	0	0	0	0	0	1.0e-6	0.0	0.0	0.0	0.036151	0.0	0.0	0.0	0.0	2.2e-5	0.0	0.0	0.0	0.999978	0.0	0.0	0.0	0.0	
360	498	6861.595812194	1889.2	1889.2	0.000195	0.0	136	0	0	0	358	0	0	0	0	1.0e-6	0.0	0.0	0.0	0.034344	0.0	0.0	0.0	0.0	0.043276	0.0	0.0	0.0	6825.18	0.0	0.0	0.0	0.0	0.000318	0.0	0.0	0.0	19.0647	0.0	0.0	0.0	0.0	1	0	0	0	43	0	0	0	0	0	0	0	0	0	0	0	0	0	28	0	0	0	315	0	0	0	0	30	0	0	0	0	0	0	0	0	5	0	0	0	0	0	0	0	0	72	0	0	0	0	0	0	0	0	1.0e-6	0.0	0.0	0.0	0.034344	0.0	0.0	0.0	0.0	2.3e-5	0.0	0.0	0.0	0.999977	0.0	0.0	0.0	0.0	
361	499	6872.141168802	1889.2	1889.2	0.000186	0.0	136	0	0	0	359	0	0	0	0	1.0e-6	0.0	0.0	0.0	0.032626	0.0	0.0	0.0	0.0	0.043276	0.0	0.0	0.0	6835.73	0.0	0.0	0.0	0.0	0.000318	0.0	0.0	0.0	19.041	0.0	0.0	0.0	0.0	1	0	0	0	43	0	0	0	0	0	0	0	0	0	0	0	0	0	28	0	0	0	316	0	0	0	0	30	0	0	0	0	0	0	0	0	5	0	0	0	0	0	0	0	0	72	0	0	0	0	0	0	0	0	1.0e-6	0.0	0.0	0.0	0.032626	0.0	0.0	0.0	0.0	2.4e-5	0.0	0.0	0.0	0.999976	0.0	0.0	0.0	0.0	
362	500	6876.892189773	1889.2	1889.2	0.000182	0.0	136	0	0	0	360	0	0	0	0	1.0e-6	0.0	0.0	0.0	0.030995	0.0	0.0	0.0	0.0	0.043276	0.0	0.0	0.0	6840.48	0.0	0.0	0.0	0.0	0.000318	0.0	0.0	0.0	19.0013	0.0	0.0	0.0	0.0	1	0	0	0	43	0	0	0	0	0	0	0	0	0	0	0	0	0	28	0	0	0	317	0	0	0	0	30	0	0	0	0	0	0	0	0	5	0	0	0	0	0	0	0	0	72	0	0	0	0	0	0	0	0	1.0e-6	0.0	0.0	0.0	0.030995	0.0	0.0	0.0	0.0	2.5e-5	0.0	0.0	0.0	0.999975	0.0	0.0	0.0	0.0	
363	501	6890.777448689	1889.2	1889.2	0.000181	0.0	136	0	0	0	361	0	0	0	0	1.0e-6	0.0	0.0	0.0	0.029445	0.0	0.0	0.0	0.0	0.043276	0.0	0.0	0.0	6854.36	0.0	0.0	0.0	0.0	0.000318	0.0	0.0	0.0	18.9872	0.0	0.0	0.0	0.0	1	0	0	0	43	0	0	0	0	0	0	0	0	0	0	0	0	0	28	0	0	0	318	0	0	0	0	30	0	0	0	0	0	0	0	0	5	0	0	0	0	0	0	0	0	72	0	0	0	0	0	0	0	0	1.0e-6	0.0	0.0	0.0	0.029445	0.0	0.0	0.0	0.0	2.6e-5	0.0	0.0	0.0	0.999974	0.0	0.0	0.0	0.0	
364	502	6896.885683199	1889.2	1889.2	0.000176	0.0	136	0	0	0	362	0	0	0	0	1.0e-6	0.0	0.0	0.0	0.027973	0.0	0.0	0.0	0.0	0.043276	0.0	0.0	0.0	6860.47	0.0	0.0	0.0	0.0	0.000318	0.0	0.0	0.0	18.9516	0.0	0.0	0.0	0.0	1	0	0	0	43	0	0	0	0	0	0	0	0	0	0	0	0	0	28	0	0	0	319	0	0	0	0	30	0	0	0	0	0	0	0	0	5	0	0	0	0	0	0	0	0	72	0	0	0	0	0	0	0	0	1.0e-6	0.0	0.0	0.0	0.027973	0.0	0.0	0.0	0.0	2.8e-5	0.0	0.0	0.0	0.999972	0.0	0.0	0.0	0.0	
365	503	6904.308428301	1889.2	1889.2	0.000174	0.0	136	0	0	0	363	0	0	0	0	1.0e-6	0.0	0.0	0.0	0.026574	0.0	0.0	0.0	0.0	0.043276	0.0	0.0	0.0	6867.89	0.0	0.0	0.0	0.0	0.000318	0.0	0.0	0.0	18.9198	0.0	0.0	0.0	0.0	1	0	0	0	43	0	0	0	0	0	0	0	0	0	0	0	0	0	28	0	0	0	320	0	0	0	0	30	0	0	0	0	0	0	0	0	5	0	0	0	0	0	0	0	0	72	0	0	0	0	0	0	0	0	1.0e-6	0.0	0.0	0.0	0.026574	0.0	0.0	0.0	0.0	2.9e-5	0.0	0.0	0.0	0.999971	0.0	0.0	0.0	0.0	
366	504	6908.37369328	1889.2	1889.2	0.000171	0.0	136	0	0	0	364	0	0	0	0	1.0e-6	0.0	0.0	0.0	0.025246	0.0	0.0	0.0	0.0	0.043276	0.0	0.0	0.0	6871.96	0.0	0.0	0.0	0.0	0.000318	0.0	0.0	0.0	18.879	0.0	0.0	0.0	0.0	1	0	0	0	43	0	0	0	0	0	0	0	0	0	0	0	0	0	28	0	0	0	321	0	0	0	0	30	0	0	0	0	0	0	0	0	5	0	0	0	0	0	0	0	0	72	0	0	0	0	0	0	0	0	1.0e-6	0.0	0.0	0.0	0.025246	0.0	0.0	0.0	0.0	3.1e-5	0.0	0.0	0.0	0.999969	0.0	0.0	0.0	0.0	
367	505	7088.428843084	1889.2	1889.2	0.00017	0.0	136	0	0	0	365	0	0	0	0	1.0e-6	0.0	0.0	0.0	0.023983	0.0	0.0	0.0	0.0	0.043276	0.0	0.0	0.0	7052.01	0.0	0.0	0.0	0.0	0.000318	0.0	0.0	0.0	19.3206	0.0	0.0	0.0	0.0	1	0	0	0	43	0	0	0	0	0	0	0	0	0	0	0	0	0	28	0	0	0	322	0	0	0	0	30	0	0	0	0	0	0	0	0	5	0	0	0	0	0	0	0	0	72	0	0	0	0	0	0	0	0	1.0e-6	0.0	0.0	0.0	0.023983	0.0	0.0	0.0	0.0	3.2e-5	0.0	0.0	0.0	0.999968	0.0	0.0	0.0	0.0	
368	506	7093.194292965	1889.2	1889.2	0.00012	0.0	136	0	0	0	366	0	0	0	0	1.0e-6	0.0	0.0	0.0	0.022784	0.0	0.0	0.0	0.0	0.043276	0.0	0.0	0.0	7056.78	0.0	0.0	0.0	0.0	0.000318	0.0	0.0	0.0	19.2808	0.0	0.0	0.0	0.0	1	0	0	0	43	0	0	0	0	0	0	0	0	0	0	0	0	0	28	0	0	0	323	0	0	0	0	30	0	0	0	0	0	0	0	0	5	0	0	0	0	0	0	0	0	72	0	0	0	0	0	0	0	0	1.0e-6	0.0	0.0	0.0	0.022784	0.0	0.0	0.0	0.0	3.4e-5	0.0	0.0	0.0	0.999966	0.0	0.0	0.0	0.0	
369	507	7103.901622017	1889.2	1889.2	0.000119	0.0	136	0	0	0	367	0	0	0	0	1.0e-6	0.0	0.0	0.0	0.021645	0.0	0.0	0.0	0.0	0.043276	0.0	0.0	0.0	7067.49	0.0	0.0	0.0	0.0	0.000318	0.0	0.0	0.0	19.2575	0.0	0.0	0.0	0.0	1	0	0	0	43	0	0	0	0	0	0	0	0	0	0	0	0	0	28	0	0	0	324	0	0	0	0	30	0	0	0	0	0	0	0	0	5	0	0	0	0	0	0	0	0	72	0	0	0	0	0	0	0	0	1.0e-6	0.0	0.0	0.0	0.021645	0.0	0.0	0.0	0.0	3.6e-5	0.0	0.0	0.0	0.999964	0.0	0.0	0.0	0.0	
370	508	7111.586104936	1889.2	1889.2	0.000117	0.0	136	0	0	0	368	0	0	0	0	1.0e-6	0.0	0.0	0.0	0.020562	0.0	0.0	0.0	0.0	0.043276	0.0	0.0	0.0	7075.17	0.0	0.0	0.0	0.0	0.000318	0.0	0.0	0.0	19.226	0.0	0.0	0.0	0.0	1	0	0	0	43	0	0	0	0	0	0	0	0	0	0	0	0	0	28	0	0	0	325	0	0	0	0	30	0	0	0	0	0	0	0	0	5	0	0	0	0	0	0	0	0	72	0	0	0	0	0	0	0	0	1.0e-6	0.0	0.0	0.0	0.020562	0.0	0.0	0.0	0.0	3.8e-5	0.0	0.0	0.0	0.999962	0.0	0.0	0.0	0.0	
371	509	7117.760221169	1889.2	1889.2	0.000115	0.0	136	0	0	0	369	0	0	0	0	1.0e-6	0.0	0.0	0.0	0.019534	0.0	0.0	0.0	0.0	0.043276	0.0	0.0	0.0	7081.34	0.0	0.0	0.0	0.0	0.000318	0.0	0.0	0.0	19.1906	0.0	0.0	0.0	0.0	1	0	0	0	43	0	0	0	0	0	0	0	0	0	0	0	0	0	28	0	0	0	326	0	0	0	0	30	0	0	0	0	0	0	0	0	5	0	0	0	0	0	0	0	0	72	0	0	0	0	0	0	0	0	1.0e-6	0.0	0.0	0.0	0.019534	0.0	0.0	0.0	0.0	4.0e-5	0.0	0.0	0.0	0.99996	0.0	0.0	0.0	0.0	
372	510	7143.107645962	1889.2	1889.2	0.000114	0.0	136	0	0	0	370	0	0	0	0	1.0e-6	0.0	0.0	0.0	0.018558	0.0	0.0	0.0	0.0	0.043276	0.0	0.0	0.0	7106.69	0.0	0.0	0.0	0.0	0.000318	0.0	0.0	0.0	19.2073	0.0	0.0	0.0	0.0	1	0	0	0	43	0	0	0	0	0	0	0	0	0	0	0	0	0	28	0	0	0	327	0	0	0	0	30	0	0	0	0	0	0	0	0	5	0	0	0	0	0	0	0	0	72	0	0	0	0	0	0	0	0	1.0e-6	0.0	0.0	0.0	0.018558	0.0	0.0	0.0	0.0	4.2e-5	0.0	0.0	0.0	0.999958	0.0	0.0	0.0	0.0	
373	511	7176.308966621	1889.2	1889.2	0.000108	0.0	136	0	0	0	371	0	0	0	0	1.0e-6	0.0	0.0	0.0	0.01763	0.0	0.0	0.0	0.0	0.043276	0.0	0.0	0.0	7139.89	0.0	0.0	0.0	0.0	0.000318	0.0	0.0	0.0	19.245	0.0	0.0	0.0	0.0	1	0	0	0	43	0	0	0	0	0	0	0	0	0	0	0	0	0	28	0	0	0	328	0	0	0	0	30	0	0	0	0	0	0	0	0	5	0	0	0	0	0	0	0	0	72	0	0	0	0	0	0	0	0	1.0e-6	0.0	0.0	0.0	0.01763	0.0	0.0	0.0	0.0	4.4e-5	0.0	0.0	0.0	0.999956	0.0	0.0	0.0	0.0	
374	512	7179.895478873	1889.2	1889.2	0.000102	0.0	136	0	0	0	372	0	0	0	0	1.0e-6	0.0	0.0	0.0	0.016748	0.0	0.0	0.0	0.0	0.043276	0.0	0.0	0.0	7143.48	0.0	0.0	0.0	0.0	0.000318	0.0	0.0	0.0	19.2029	0.0	0.0	0.0	0.0	1	0	0	0	43	0	0	0	0	0	0	0	0	0	0	0	0	0	28	0	0	0	329	0	0	0	0	30	0	0	0	0	0	0	0	0	5	0	0	0	0	0	0	0	0	72	0	0	0	0	0	0	0	0	1.0e-6	0.0	0.0	0.0	0.016748	0.0	0.0	0.0	0.0	4.7e-5	0.0	0.0	0.0	0.999953	0.0	0.0	0.0	0.0	
375	513	7188.865287022	1889.2	1889.2	0.000101	0.0	136	0	0	0	373	0	0	0	0	1.0e-6	0.0	0.0	0.0	0.015911	0.0	0.0	0.0	0.0	0.043276	0.0	0.0	0.0	7152.45	0.0	0.0	0.0	0.0	0.000318	0.0	0.0	0.0	19.1755	0.0	0.0	0.0	0.0	1	0	0	0	43	0	0	0	0	0	0	0	0	0	0	0	0	0	28	0	0	0	330	0	0	0	0	30	0	0	0	0	0	0	0	0	5	0	0	0	0	0	0	0	0	72	0	0	0	0	0	0	0	0	1.0e-6	0.0	0.0	0.0	0.015911	0.0	0.0	0.0	0.0	4.9e-5	0.0	0.0	0.0	0.999951	0.0	0.0	0.0	0.0	
376	513	7188.865307575	1889.2	1889.2	9.9e-5	0.0	136	0	0	0	373	0	0	0	0	1.0e-6	0.0	0.0	0.0	0.015911	0.0	0.0	0.0	0.0	0.043276	0.0	0.0	0.0	7152.45	0.0	0.0	0.0	0.0	0.000318	0.0	0.0	0.0	19.1755	0.0	0.0	0.0	0.0	1	0	0	0	43	0	0	0	0	0	0	0	0	0	0	0	0	0	28	0	0	0	330	0	0	0	0	30	0	0	0	0	0	0	0	0	5	0	0	0	0	0	0	0	0	72	0	0	0	0	0	0	0	0	1.0e-6	0.0	0.0	0.0	0.015911	0.0	0.0	0.0	0.0	4.9e-5	0.0	0.0	0.0	0.999951	0.0	0.0	0.0	0.0	
