indexLine	algoIter	time	best obj	current obj	T	probdelta1	nb uses 1	nb uses 2	nb uses 3	nb uses 4	nb uses 5	nb uses 6	nb uses 7	nb uses 8	nb uses 9	score 1	score 2	score 3	score 4	score 5	score 6	score 7	score 8	score 9	duration 1	duration 2	duration 3	duration 4	duration 5	duration 6	duration 7	duration 8	duration 9	avgDuration 1	avgDuration 2	avgDuration 3	avgDuration 4	avgDuration 5	avgDuration 6	avgDuration 7	avgDuration 8	avgDuration 9	sigmas1 1	sigmas1 2	sigmas1 3	sigmas1 4	sigmas1 5	sigmas1 6	sigmas1 7	sigmas1 8	sigmas1 9	sigmas2 1	sigmas2 2	sigmas2 3	sigmas2 4	sigmas2 5	sigmas2 6	sigmas2 7	sigmas2 8	sigmas2 9	sigmas3 1	sigmas3 2	sigmas3 3	sigmas3 4	sigmas3 5	sigmas3 6	sigmas3 7	sigmas3 8	sigmas3 9	sigmas4 1	sigmas4 2	sigmas4 3	sigmas4 4	sigmas4 5	sigmas4 6	sigmas4 7	sigmas4 8	sigmas4 9	sigmas5 1	sigmas5 2	sigmas5 3	sigmas5 4	sigmas5 5	sigmas5 6	sigmas5 7	sigmas5 8	sigmas5 9	sigmas6 1	sigmas6 2	sigmas6 3	sigmas6 4	sigmas6 5	sigmas6 6	sigmas6 7	sigmas6 8	sigmas6 9	weight 1	weight 2	weight 3	weight 4	weight 5	weight 6	weight 7	weight 8	weight 9	proba 1	proba 2	proba 3	proba 4	proba 5	proba 6	proba 7	proba 8	proba 9	
1	2	12.919237385	3154.6	3154.6	100.0	0.99005	0	0	0	0	0	0	0	0	0	0.0	0.0	0.0	0.0	0.0	0.0	0.0	0.0	0.0	0.0	0.0	0.0	0.0	0.0	0.0	0.0	0.0	0.0	0.0	0.0	0.0	0.0	0.0	0.0	0.0	0.0	0.0	0	0	0	0	0	0	0	0	0	0	0	0	0	0	0	0	0	0	0	0	0	0	0	0	0	0	0	0	0	0	0	0	0	0	0	0	0	0	0	0	0	0	0	0	0	0	0	0	0	0	0	0	0	0	0.0	0.0	0.0	0.0	0.0	0.0	0.0	0.0	0.0	0.0	0.0	0.0	0.0	0.0	0.0	0.0	0.0	0.0	
2	4	28.901818728	3038.9	3038.9	100.0	0.99005	0	0	0	0	0	0	0	0	0	1.0	0.0	0.0	0.0	1.0	0.0	0.0	0.0	0.0	0.0	0.0	0.0	0.0	0.0	0.0	0.0	0.0	0.0	0.00023	0.0	0.0	0.0	15.9823	0.0	0.0	0.0	0.0	0	0	0	0	0	0	0	0	0	0	0	0	0	0	0	0	0	0	0	0	0	0	0	0	0	0	0	0	0	0	0	0	0	0	0	0	0	0	0	0	0	0	0	0	0	0	0	0	0	0	0	0	0	0	1.0	0.0	0.0	0.0	1.0	0.0	0.0	0.0	0.0	0.0	0.0	0.0	0.0	0.0	0.0	0.0	0.0	0.0	
3	6	85.323433048	2417.0	2417.0	94.5945	0.989484	1	0	0	0	1	0	0	0	0	1.0	0.0	0.0	0.0	1.0	0.0	0.0	0.0	0.0	0.00047	0.0	0.0	0.0	56.4211	0.0	0.0	0.0	0.0	0.00047	0.0	0.0	0.0	56.4211	0.0	0.0	0.0	0.0	1	0	0	0	1	0	0	0	0	0	0	0	0	0	0	0	0	0	0	0	0	0	0	0	0	0	0	0	0	0	0	0	0	0	0	0	0	0	0	0	0	0	0	0	0	0	0	0	0	0	0	0	0	0	1.0	0.0	0.0	0.0	1.0	0.0	0.0	0.0	0.0	0.5	0.0	0.0	0.0	0.5	0.0	0.0	0.0	0.0	
4	7	265.375970592	2331.75	2331.75	84.8697	0.988286	1	0	0	0	2	0	0	0	0	1.0	0.0	0.0	0.0	1.0	0.0	0.0	0.0	0.0	0.00047	0.0	0.0	0.0	236.474	0.0	0.0	0.0	0.0	0.00047	0.0	0.0	0.0	118.237	0.0	0.0	0.0	0.0	1	0	0	0	2	0	0	0	0	0	0	0	0	0	0	0	0	0	0	0	0	0	0	0	0	0	0	0	0	0	0	0	0	0	0	0	0	0	0	0	0	0	0	0	0	0	0	0	0	0	0	0	0	0	1.0	0.0	0.0	0.0	1.0	0.0	0.0	0.0	0.0	0.5	0.0	0.0	0.0	0.5	0.0	0.0	0.0	0.0	
5	9	272.885056061	2278.65	2278.65	60.0348	0.983481	2	0	0	0	3	0	0	0	0	0.9	0.0	0.0	0.0	1.0	0.0	0.0	0.0	0.0	0.000858	0.0	0.0	0.0	243.982	0.0	0.0	0.0	0.0	0.000429	0.0	0.0	0.0	81.3274	0.0	0.0	0.0	0.0	1	0	0	0	3	0	0	0	0	0	0	0	0	0	0	0	0	0	1	0	0	0	0	0	0	0	0	0	0	0	0	0	0	0	0	0	0	0	0	0	0	0	0	0	0	0	0	0	0	0	0	0	0	0	0.9	0.0	0.0	0.0	1.0	0.0	0.0	0.0	0.0	0.473684	0.0	0.0	0.0	0.526316	0.0	0.0	0.0	0.0	
6	10	309.166481842	2224.85	2224.85	59.1743	0.983243	2	0	0	0	4	0	0	0	0	0.9	0.0	0.0	0.0	1.0	0.0	0.0	0.0	0.0	0.000858	0.0	0.0	0.0	280.264	0.0	0.0	0.0	0.0	0.000429	0.0	0.0	0.0	70.0659	0.0	0.0	0.0	0.0	1	0	0	0	4	0	0	0	0	0	0	0	0	0	0	0	0	0	1	0	0	0	0	0	0	0	0	0	0	0	0	0	0	0	0	0	0	0	0	0	0	0	0	0	0	0	0	0	0	0	0	0	0	0	0.9	0.0	0.0	0.0	1.0	0.0	0.0	0.0	0.0	0.473684	0.0	0.0	0.0	0.526316	0.0	0.0	0.0	0.0	
7	13	323.181870701	2224.85	2251.85	55.187	0.982043	4	0	0	0	5	0	0	0	0	0.729	0.0	0.0	0.0	0.913982	0.0	0.0	0.0	0.0	0.001517	0.0	0.0	0.0	294.278	0.0	0.0	0.0	0.0	0.000379	0.0	0.0	0.0	58.8557	0.0	0.0	0.0	0.0	1	0	0	0	4	0	0	0	0	0	0	0	0	1	0	0	0	0	2	0	0	0	0	0	0	0	0	0	0	0	0	0	0	0	0	0	0	0	0	0	0	0	0	0	0	1	0	0	0	0	0	0	0	0	0.729	0.0	0.0	0.0	0.913982	0.0	0.0	0.0	0.0	0.443705	0.0	0.0	0.0	0.556295	0.0	0.0	0.0	0.0	
8	15	442.430377337	2224.85	2227.25	53.7197	0.981557	5	0	0	0	6	0	0	0	0	0.6566	0.0	0.0	0.0	0.835883	0.0	0.0	0.0	0.0	0.002083	0.0	0.0	0.0	413.526	0.0	0.0	0.0	0.0	0.000417	0.0	0.0	0.0	68.9211	0.0	0.0	0.0	0.0	1	0	0	0	4	0	0	0	0	1	0	0	0	2	0	0	0	0	2	0	0	0	0	0	0	0	0	0	0	0	0	0	0	0	0	0	0	0	0	0	0	0	0	0	0	1	0	0	0	0	0	0	0	0	0.6566	0.0	0.0	0.0	0.835883	0.0	0.0	0.0	0.0	0.439938	0.0	0.0	0.0	0.560062	0.0	0.0	0.0	0.0	
9	17	521.380608676	2191.85	2191.85	42.7128	0.97686	6	0	0	0	7	0	0	0	0	0.59094	0.0	0.0	0.0	0.84989	0.0	0.0	0.0	0.0	0.002539	0.0	0.0	0.0	492.476	0.0	0.0	0.0	0.0	0.000423	0.0	0.0	0.0	70.3537	0.0	0.0	0.0	0.0	1	0	0	0	5	0	0	0	0	1	0	0	0	2	0	0	0	0	3	0	0	0	0	0	0	0	0	0	0	0	0	0	0	0	0	0	0	0	0	0	0	0	0	0	0	1	0	0	0	0	0	0	0	0	0.59094	0.0	0.0	0.0	0.84989	0.0	0.0	0.0	0.0	0.410139	0.0	0.0	0.0	0.589861	0.0	0.0	0.0	0.0	
10	18	674.273427721	2103.35	2103.35	36.6972	0.973118	6	0	0	0	8	0	0	0	0	0.59094	0.0	0.0	0.0	0.862614	0.0	0.0	0.0	0.0	0.002539	0.0	0.0	0.0	645.369	0.0	0.0	0.0	0.0	0.000423	0.0	0.0	0.0	80.6711	0.0	0.0	0.0	0.0	1	0	0	0	6	0	0	0	0	1	0	0	0	2	0	0	0	0	3	0	0	0	0	0	0	0	0	0	0	0	0	0	0	0	0	0	0	0	0	0	0	0	0	0	0	1	0	0	0	0	0	0	0	0	0.59094	0.0	0.0	0.0	0.862614	0.0	0.0	0.0	0.0	0.406548	0.0	0.0	0.0	0.593452	0.0	0.0	0.0	0.0	
11	21	776.075917449	2084.85	2084.85	27.3503	0.964098	8	0	0	0	9	0	0	0	0	0.478661	0.0	0.0	0.0	0.873295	0.0	0.0	0.0	0.0	0.003125	0.0	0.0	0.0	747.171	0.0	0.0	0.0	0.0	0.000391	0.0	0.0	0.0	83.019	0.0	0.0	0.0	0.0	1	0	0	0	7	0	0	0	0	1	0	0	0	2	0	0	0	0	3	0	0	0	0	0	0	0	0	1	0	0	0	0	0	0	0	0	0	0	0	0	0	0	0	0	0	2	0	0	0	0	0	0	0	0	0.478661	0.0	0.0	0.0	0.873295	0.0	0.0	0.0	0.0	0.354051	0.0	0.0	0.0	0.645949	0.0	0.0	0.0	0.0	
12	22	793.010498803	2084.85	2084.85	22.4882	0.956506	8	0	0	0	10	0	0	0	0	0.478661	0.0	0.0	0.0	0.805697	0.0	0.0	0.0	0.0	0.003125	0.0	0.0	0.0	764.105	0.0	0.0	0.0	0.0	0.000391	0.0	0.0	0.0	76.4105	0.0	0.0	0.0	0.0	1	0	0	0	7	0	0	0	0	1	0	0	0	2	0	0	0	0	3	0	0	0	1	0	0	0	0	1	0	0	0	0	0	0	0	0	0	0	0	0	0	0	0	0	0	2	0	0	0	0	0	0	0	0	0.478661	0.0	0.0	0.0	0.805697	0.0	0.0	0.0	0.0	0.372685	0.0	0.0	0.0	0.627315	0.0	0.0	0.0	0.0	
13	23	798.040759162	2058.85	2058.85	21.7678	0.9551	8	0	0	0	11	0	0	0	0	0.478661	0.0	0.0	0.0	0.821184	0.0	0.0	0.0	0.0	0.003125	0.0	0.0	0.0	769.136	0.0	0.0	0.0	0.0	0.000391	0.0	0.0	0.0	69.9214	0.0	0.0	0.0	0.0	1	0	0	0	8	0	0	0	0	1	0	0	0	2	0	0	0	0	3	0	0	0	1	0	0	0	0	1	0	0	0	0	0	0	0	0	0	0	0	0	0	0	0	0	0	2	0	0	0	0	0	0	0	0	0.478661	0.0	0.0	0.0	0.821184	0.0	0.0	0.0	0.0	0.368245	0.0	0.0	0.0	0.631755	0.0	0.0	0.0	0.0	
14	26	816.668667146	2058.85	2058.85	21.5582	0.954673	10	0	0	0	12	0	0	0	0	0.387716	0.0	0.0	0.0	0.760739	0.0	0.0	0.0	0.0	0.003644	0.0	0.0	0.0	787.763	0.0	0.0	0.0	0.0	0.000364	0.0	0.0	0.0	65.6469	0.0	0.0	0.0	0.0	1	0	0	0	8	0	0	0	0	1	0	0	0	2	0	0	0	0	4	0	0	0	2	0	0	0	0	1	0	0	0	0	0	0	0	0	0	0	0	0	0	0	0	0	0	3	0	0	0	0	0	0	0	0	0.387716	0.0	0.0	0.0	0.760739	0.0	0.0	0.0	0.0	0.337598	0.0	0.0	0.0	0.662402	0.0	0.0	0.0	0.0	
15	27	829.605037526	2058.85	2058.85	20.7998	0.95306	10	0	0	0	13	0	0	0	0	0.387716	0.0	0.0	0.0	0.703316	0.0	0.0	0.0	0.0	0.003644	0.0	0.0	0.0	800.699	0.0	0.0	0.0	0.0	0.000364	0.0	0.0	0.0	61.5922	0.0	0.0	0.0	0.0	1	0	0	0	8	0	0	0	0	1	0	0	0	2	0	0	0	0	4	0	0	0	3	0	0	0	0	1	0	0	0	0	0	0	0	0	0	0	0	0	0	0	0	0	0	3	0	0	0	0	0	0	0	0	0.387716	0.0	0.0	0.0	0.703316	0.0	0.0	0.0	0.0	0.355366	0.0	0.0	0.0	0.644634	0.0	0.0	0.0	0.0	
16	28	857.899727872	2043.85	2043.85	20.2888	0.951907	10	0	0	0	14	0	0	0	0	0.387716	0.0	0.0	0.0	0.726328	0.0	0.0	0.0	0.0	0.003644	0.0	0.0	0.0	828.994	0.0	0.0	0.0	0.0	0.000364	0.0	0.0	0.0	59.2138	0.0	0.0	0.0	0.0	1	0	0	0	9	0	0	0	0	1	0	0	0	2	0	0	0	0	4	0	0	0	3	0	0	0	0	1	0	0	0	0	0	0	0	0	0	0	0	0	0	0	0	0	0	3	0	0	0	0	0	0	0	0	0.387716	0.0	0.0	0.0	0.726328	0.0	0.0	0.0	0.0	0.348026	0.0	0.0	0.0	0.651974	0.0	0.0	0.0	0.0	
17	29	870.547134405	2042.85	2042.85	19.2145	0.949287	10	0	0	0	15	0	0	0	0	0.387716	0.0	0.0	0.0	0.747316	0.0	0.0	0.0	0.0	0.003644	0.0	0.0	0.0	841.641	0.0	0.0	0.0	0.0	0.000364	0.0	0.0	0.0	56.1094	0.0	0.0	0.0	0.0	1	0	0	0	10	0	0	0	0	1	0	0	0	2	0	0	0	0	4	0	0	0	3	0	0	0	0	1	0	0	0	0	0	0	0	0	0	0	0	0	0	0	0	0	0	3	0	0	0	0	0	0	0	0	0.387716	0.0	0.0	0.0	0.747316	0.0	0.0	0.0	0.0	0.34159	0.0	0.0	0.0	0.65841	0.0	0.0	0.0	0.0	
18	30	940.59563795	2033.35	2033.35	18.7529	0.948072	10	0	0	0	16	0	0	0	0	0.387716	0.0	0.0	0.0	0.766505	0.0	0.0	0.0	0.0	0.003644	0.0	0.0	0.0	911.69	0.0	0.0	0.0	0.0	0.000364	0.0	0.0	0.0	56.9806	0.0	0.0	0.0	0.0	1	0	0	0	11	0	0	0	0	1	0	0	0	2	0	0	0	0	4	0	0	0	3	0	0	0	0	1	0	0	0	0	0	0	0	0	0	0	0	0	0	0	0	0	0	3	0	0	0	0	0	0	0	0	0.387716	0.0	0.0	0.0	0.766505	0.0	0.0	0.0	0.0	0.335911	0.0	0.0	0.0	0.664089	0.0	0.0	0.0	0.0	
19	31	1055.474392207	2012.35	2012.35	16.3899	0.940811	10	0	0	0	17	0	0	0	0	0.387716	0.0	0.0	0.0	0.784085	0.0	0.0	0.0	0.0	0.003644	0.0	0.0	0.0	1026.57	0.0	0.0	0.0	0.0	0.000364	0.0	0.0	0.0	60.3864	0.0	0.0	0.0	0.0	1	0	0	0	12	0	0	0	0	1	0	0	0	2	0	0	0	0	4	0	0	0	3	0	0	0	0	1	0	0	0	0	0	0	0	0	0	0	0	0	0	0	0	0	0	3	0	0	0	0	0	0	0	0	0.387716	0.0	0.0	0.0	0.784085	0.0	0.0	0.0	0.0	0.330872	0.0	0.0	0.0	0.669128	0.0	0.0	0.0	0.0	
20	33	1069.447710015	2012.35	2012.35	13.1416	0.926729	11	0	0	0	18	0	0	0	0	0.348944	0.0	0.0	0.0	0.727434	0.0	0.0	0.0	0.0	0.003877	0.0	0.0	0.0	1040.54	0.0	0.0	0.0	0.0	0.000352	0.0	0.0	0.0	57.8079	0.0	0.0	0.0	0.0	1	0	0	0	12	0	0	0	0	1	0	0	0	2	0	0	0	0	4	0	0	0	4	0	0	0	0	1	0	0	0	0	0	0	0	0	0	0	0	0	0	0	0	0	0	4	0	0	0	0	0	0	0	0	0.348944	0.0	0.0	0.0	0.727434	0.0	0.0	0.0	0.0	0.324184	0.0	0.0	0.0	0.675816	0.0	0.0	0.0	0.0	
21	34	1079.251569553	2012.35	2012.35	12.7933	0.924811	11	0	0	0	19	0	0	0	0	0.348944	0.0	0.0	0.0	0.673615	0.0	0.0	0.0	0.0	0.003877	0.0	0.0	0.0	1050.35	0.0	0.0	0.0	0.0	0.000352	0.0	0.0	0.0	55.2813	0.0	0.0	0.0	0.0	1	0	0	0	12	0	0	0	0	1	0	0	0	2	0	0	0	0	4	0	0	0	5	0	0	0	0	1	0	0	0	0	0	0	0	0	0	0	0	0	0	0	0	0	0	4	0	0	0	0	0	0	0	0	0.348944	0.0	0.0	0.0	0.673615	0.0	0.0	0.0	0.0	0.341246	0.0	0.0	0.0	0.658754	0.0	0.0	0.0	0.0	
22	35	1096.360619019	2000.35	2000.35	12.5544	0.923436	11	0	0	0	20	0	0	0	0	0.348944	0.0	0.0	0.0	0.698388	0.0	0.0	0.0	0.0	0.003877	0.0	0.0	0.0	1067.45	0.0	0.0	0.0	0.0	0.000352	0.0	0.0	0.0	53.3727	0.0	0.0	0.0	0.0	1	0	0	0	13	0	0	0	0	1	0	0	0	2	0	0	0	0	4	0	0	0	5	0	0	0	0	1	0	0	0	0	0	0	0	0	0	0	0	0	0	0	0	0	0	4	0	0	0	0	0	0	0	0	0.348944	0.0	0.0	0.0	0.698388	0.0	0.0	0.0	0.0	0.333174	0.0	0.0	0.0	0.666826	0.0	0.0	0.0	0.0	
23	36	1122.22034471	2000.35	2000.35	12.1481	0.92098	11	0	0	0	21	0	0	0	0	0.348944	0.0	0.0	0.0	0.646021	0.0	0.0	0.0	0.0	0.003877	0.0	0.0	0.0	1093.31	0.0	0.0	0.0	0.0	0.000352	0.0	0.0	0.0	52.0626	0.0	0.0	0.0	0.0	1	0	0	0	13	0	0	0	0	1	0	0	0	2	0	0	0	0	4	0	0	0	6	0	0	0	0	1	0	0	0	0	0	0	0	0	0	0	0	0	0	0	0	0	0	4	0	0	0	0	0	0	0	0	0.348944	0.0	0.0	0.0	0.646021	0.0	0.0	0.0	0.0	0.35071	0.0	0.0	0.0	0.64929	0.0	0.0	0.0	0.0	
24	38	1131.661002291	1988.2	1988.2	11.5588	0.917123	12	0	0	0	22	0	0	0	0	0.31405	0.0	0.0	0.0	0.672324	0.0	0.0	0.0	0.0	0.00413	0.0	0.0	0.0	1102.75	0.0	0.0	0.0	0.0	0.000344	0.0	0.0	0.0	50.1252	0.0	0.0	0.0	0.0	1	0	0	0	14	0	0	0	0	1	0	0	0	2	0	0	0	0	4	0	0	0	6	0	0	0	0	1	0	0	0	0	0	0	0	0	0	0	0	0	0	0	0	0	0	5	0	0	0	0	0	0	0	0	0.31405	0.0	0.0	0.0	0.672324	0.0	0.0	0.0	0.0	0.318388	0.0	0.0	0.0	0.681612	0.0	0.0	0.0	0.0	
25	39	1138.234264962	1988.2	1988.2	11.3509	0.915671	12	0	0	0	23	0	0	0	0	0.31405	0.0	0.0	0.0	0.623005	0.0	0.0	0.0	0.0	0.00413	0.0	0.0	0.0	1109.33	0.0	0.0	0.0	0.0	0.000344	0.0	0.0	0.0	48.2316	0.0	0.0	0.0	0.0	1	0	0	0	14	0	0	0	0	1	0	0	0	2	0	0	0	0	4	0	0	0	7	0	0	0	0	1	0	0	0	0	0	0	0	0	0	0	0	0	0	0	0	0	0	5	0	0	0	0	0	0	0	0	0.31405	0.0	0.0	0.0	0.623005	0.0	0.0	0.0	0.0	0.335145	0.0	0.0	0.0	0.664855	0.0	0.0	0.0	0.0	
26	42	1143.520532151	1988.2	1988.2	11.2084	0.914645	14	0	0	0	24	0	0	0	0	0.25438	0.0	0.0	0.0	0.579136	0.0	0.0	0.0	0.0	0.004886	0.0	0.0	0.0	1114.61	0.0	0.0	0.0	0.0	0.000349	0.0	0.0	0.0	46.4422	0.0	0.0	0.0	0.0	1	0	0	0	14	0	0	0	0	1	0	0	0	2	0	0	0	0	5	0	0	0	8	0	0	0	0	2	0	0	0	0	0	0	0	0	0	0	0	0	0	0	0	0	0	5	0	0	0	0	0	0	0	0	0.25438	0.0	0.0	0.0	0.579136	0.0	0.0	0.0	0.0	0.305189	0.0	0.0	0.0	0.694811	0.0	0.0	0.0	0.0	
27	44	1154.586034977	1988.2	1988.2	11.095	0.913812	15	0	0	0	25	0	0	0	0	0.228942	0.0	0.0	0.0	0.538732	0.0	0.0	0.0	0.0	0.005144	0.0	0.0	0.0	1125.68	0.0	0.0	0.0	0.0	0.000343	0.0	0.0	0.0	45.0271	0.0	0.0	0.0	0.0	1	0	0	0	14	0	0	0	0	1	0	0	0	2	0	0	0	0	5	0	0	0	9	0	0	0	0	2	0	0	0	0	0	0	0	0	0	0	0	0	0	0	0	0	0	6	0	0	0	0	0	0	0	0	0.228942	0.0	0.0	0.0	0.538732	0.0	0.0	0.0	0.0	0.298228	0.0	0.0	0.0	0.701772	0.0	0.0	0.0	0.0	
28	45	1166.245867754	1988.2	1988.2	10.8615	0.912043	15	0	0	0	26	0	0	0	0	0.228942	0.0	0.0	0.0	0.500348	0.0	0.0	0.0	0.0	0.005144	0.0	0.0	0.0	1137.34	0.0	0.0	0.0	0.0	0.000343	0.0	0.0	0.0	43.7438	0.0	0.0	0.0	0.0	1	0	0	0	14	0	0	0	0	1	0	0	0	2	0	0	0	0	5	0	0	0	10	0	0	0	0	2	0	0	0	0	0	0	0	0	0	0	0	0	0	0	0	0	0	6	0	0	0	0	0	0	0	0	0.228942	0.0	0.0	0.0	0.500348	0.0	0.0	0.0	0.0	0.313925	0.0	0.0	0.0	0.686075	0.0	0.0	0.0	0.0	
29	47	1179.903217553	1988.2	1988.2	10.6207	0.910141	16	0	0	0	27	0	0	0	0	0.206048	0.0	0.0	0.0	0.465029	0.0	0.0	0.0	0.0	0.005406	0.0	0.0	0.0	1151.0	0.0	0.0	0.0	0.0	0.000338	0.0	0.0	0.0	42.6295	0.0	0.0	0.0	0.0	1	0	0	0	14	0	0	0	0	1	0	0	0	2	0	0	0	0	5	0	0	0	11	0	0	0	0	2	0	0	0	0	0	0	0	0	0	0	0	0	0	0	0	0	0	7	0	0	0	0	0	0	0	0	0.206048	0.0	0.0	0.0	0.465029	0.0	0.0	0.0	0.0	0.307041	0.0	0.0	0.0	0.692959	0.0	0.0	0.0	0.0	
30	48	1192.544717614	1983.7	1983.7	10.3454	0.907864	16	0	0	0	28	0	0	0	0	0.206048	0.0	0.0	0.0	0.503629	0.0	0.0	0.0	0.0	0.005406	0.0	0.0	0.0	1163.64	0.0	0.0	0.0	0.0	0.000338	0.0	0.0	0.0	41.5585	0.0	0.0	0.0	0.0	1	0	0	0	15	0	0	0	0	1	0	0	0	2	0	0	0	0	5	0	0	0	11	0	0	0	0	2	0	0	0	0	0	0	0	0	0	0	0	0	0	0	0	0	0	7	0	0	0	0	0	0	0	0	0.206048	0.0	0.0	0.0	0.503629	0.0	0.0	0.0	0.0	0.290341	0.0	0.0	0.0	0.709659	0.0	0.0	0.0	0.0	
31	49	1208.928523461	1983.7	1983.7	10.097	0.905707	16	0	0	0	29	0	0	0	0	0.206048	0.0	0.0	0.0	0.468145	0.0	0.0	0.0	0.0	0.005406	0.0	0.0	0.0	1180.02	0.0	0.0	0.0	0.0	0.000338	0.0	0.0	0.0	40.6904	0.0	0.0	0.0	0.0	1	0	0	0	15	0	0	0	0	1	0	0	0	2	0	0	0	0	5	0	0	0	12	0	0	0	0	2	0	0	0	0	0	0	0	0	0	0	0	0	0	0	0	0	0	7	0	0	0	0	0	0	0	0	0.206048	0.0	0.0	0.0	0.468145	0.0	0.0	0.0	0.0	0.305622	0.0	0.0	0.0	0.694378	0.0	0.0	0.0	0.0	
32	52	1216.139562499	1983.7	1983.7	9.78386	0.902841	18	0	0	0	30	0	0	0	0	0.166899	0.0	0.0	0.0	0.436393	0.0	0.0	0.0	0.0	0.00608	0.0	0.0	0.0	1187.23	0.0	0.0	0.0	0.0	0.000338	0.0	0.0	0.0	39.5744	0.0	0.0	0.0	0.0	1	0	0	0	15	0	0	0	0	1	0	0	0	2	0	0	0	0	5	0	0	0	13	0	0	0	0	3	0	0	0	0	0	0	0	0	0	0	0	0	0	0	0	0	0	8	0	0	0	0	0	0	0	0	0.166899	0.0	0.0	0.0	0.436393	0.0	0.0	0.0	0.0	0.276647	0.0	0.0	0.0	0.723353	0.0	0.0	0.0	0.0	
33	55	1231.707612631	1971.2	1971.2	9.64914	0.901553	20	0	0	0	31	0	0	0	0	0.135188	0.0	0.0	0.0	0.473303	0.0	0.0	0.0	0.0	0.00682	0.0	0.0	0.0	1202.8	0.0	0.0	0.0	0.0	0.000341	0.0	0.0	0.0	38.7999	0.0	0.0	0.0	0.0	1	0	0	0	16	0	0	0	0	1	0	0	0	2	0	0	0	0	6	0	0	0	13	0	0	0	0	4	0	0	0	0	0	0	0	0	0	0	0	0	0	0	0	0	0	8	0	0	0	0	0	0	0	0	0.135188	0.0	0.0	0.0	0.473303	0.0	0.0	0.0	0.0	0.222169	0.0	0.0	0.0	0.777831	0.0	0.0	0.0	0.0	
34	57	1320.484192175	1954.5	1954.5	9.3646	0.898719	21	0	0	0	32	0	0	0	0	0.121669	0.0	0.0	0.0	0.506408	0.0	0.0	0.0	0.0	0.007271	0.0	0.0	0.0	1291.57	0.0	0.0	0.0	0.0	0.000346	0.0	0.0	0.0	40.3617	0.0	0.0	0.0	0.0	1	0	0	0	17	0	0	0	0	1	0	0	0	2	0	0	0	0	7	0	0	0	13	0	0	0	0	4	0	0	0	0	0	0	0	0	0	0	0	0	0	0	0	0	0	8	0	0	0	0	0	0	0	0	0.121669	0.0	0.0	0.0	0.506408	0.0	0.0	0.0	0.0	0.193717	0.0	0.0	0.0	0.806283	0.0	0.0	0.0	0.0	
35	58	1381.442709662	1944.5	1944.5	7.89512	0.881033	21	0	0	0	33	0	0	0	0	0.121669	0.0	0.0	0.0	0.537017	0.0	0.0	0.0	0.0	0.007271	0.0	0.0	0.0	1352.53	0.0	0.0	0.0	0.0	0.000346	0.0	0.0	0.0	40.9858	0.0	0.0	0.0	0.0	1	0	0	0	18	0	0	0	0	1	0	0	0	2	0	0	0	0	7	0	0	0	13	0	0	0	0	4	0	0	0	0	0	0	0	0	0	0	0	0	0	0	0	0	0	8	0	0	0	0	0	0	0	0	0.121669	0.0	0.0	0.0	0.537017	0.0	0.0	0.0	0.0	0.184715	0.0	0.0	0.0	0.815285	0.0	0.0	0.0	0.0	
36	59	1398.97301748	1944.5	1944.5	7.02193	0.867265	21	0	0	0	34	0	0	0	0	0.121669	0.0	0.0	0.0	0.504083	0.0	0.0	0.0	0.0	0.007271	0.0	0.0	0.0	1370.06	0.0	0.0	0.0	0.0	0.000346	0.0	0.0	0.0	40.296	0.0	0.0	0.0	0.0	1	0	0	0	18	0	0	0	0	1	0	0	0	2	0	0	0	0	7	0	0	0	14	0	0	0	0	4	0	0	0	0	0	0	0	0	0	0	0	0	0	0	0	0	0	8	0	0	0	0	0	0	0	0	0.121669	0.0	0.0	0.0	0.504083	0.0	0.0	0.0	0.0	0.194437	0.0	0.0	0.0	0.805563	0.0	0.0	0.0	0.0	
37	60	1404.623312948	1944.5	1944.5	6.7892	0.863041	21	0	0	0	35	0	0	0	0	0.121669	0.0	0.0	0.0	0.472795	0.0	0.0	0.0	0.0	0.007271	0.0	0.0	0.0	1375.71	0.0	0.0	0.0	0.0	0.000346	0.0	0.0	0.0	39.3061	0.0	0.0	0.0	0.0	1	0	0	0	18	0	0	0	0	1	0	0	0	2	0	0	0	0	7	0	0	0	15	0	0	0	0	4	0	0	0	0	0	0	0	0	0	0	0	0	0	0	0	0	0	8	0	0	0	0	0	0	0	0	0.121669	0.0	0.0	0.0	0.472795	0.0	0.0	0.0	0.0	0.20467	0.0	0.0	0.0	0.79533	0.0	0.0	0.0	0.0	
38	61	1417.30797625	1944.5	1944.5	6.71584	0.861654	21	0	0	0	36	0	0	0	0	0.121669	0.0	0.0	0.0	0.443072	0.0	0.0	0.0	0.0	0.007271	0.0	0.0	0.0	1388.4	0.0	0.0	0.0	0.0	0.000346	0.0	0.0	0.0	38.5666	0.0	0.0	0.0	0.0	1	0	0	0	18	0	0	0	0	1	0	0	0	2	0	0	0	0	7	0	0	0	16	0	0	0	0	4	0	0	0	0	0	0	0	0	0	0	0	0	0	0	0	0	0	8	0	0	0	0	0	0	0	0	0.121669	0.0	0.0	0.0	0.443072	0.0	0.0	0.0	0.0	0.215443	0.0	0.0	0.0	0.784557	0.0	0.0	0.0	0.0	
39	62	1537.984465537	1944.5	1944.5	6.55403	0.858492	21	0	0	0	37	0	0	0	0	0.121669	0.0	0.0	0.0	0.414835	0.0	0.0	0.0	0.0	0.007271	0.0	0.0	0.0	1509.07	0.0	0.0	0.0	0.0	0.000346	0.0	0.0	0.0	40.7858	0.0	0.0	0.0	0.0	1	0	0	0	18	0	0	0	0	1	0	0	0	2	0	0	0	0	7	0	0	0	17	0	0	0	0	4	0	0	0	0	0	0	0	0	0	0	0	0	0	0	0	0	0	8	0	0	0	0	0	0	0	0	0.121669	0.0	0.0	0.0	0.414835	0.0	0.0	0.0	0.0	0.226782	0.0	0.0	0.0	0.773218	0.0	0.0	0.0	0.0	
40	63	1549.106100948	1944.5	1944.5	5.19685	0.824957	21	0	0	0	38	0	0	0	0	0.121669	0.0	0.0	0.0	0.38801	0.0	0.0	0.0	0.0	0.007271	0.0	0.0	0.0	1520.2	0.0	0.0	0.0	0.0	0.000346	0.0	0.0	0.0	40.0052	0.0	0.0	0.0	0.0	1	0	0	0	18	0	0	0	0	1	0	0	0	2	0	0	0	0	7	0	0	0	18	0	0	0	0	4	0	0	0	0	0	0	0	0	0	0	0	0	0	0	0	0	0	8	0	0	0	0	0	0	0	0	0.121669	0.0	0.0	0.0	0.38801	0.0	0.0	0.0	0.0	0.238718	0.0	0.0	0.0	0.761282	0.0	0.0	0.0	0.0	
41	64	1564.708147404	1944.5	1944.5	5.0869	0.821533	21	0	0	0	39	0	0	0	0	0.121669	0.0	0.0	0.0	0.362526	0.0	0.0	0.0	0.0	0.007271	0.0	0.0	0.0	1535.8	0.0	0.0	0.0	0.0	0.000346	0.0	0.0	0.0	39.3794	0.0	0.0	0.0	0.0	1	0	0	0	18	0	0	0	0	1	0	0	0	2	0	0	0	0	7	0	0	0	19	0	0	0	0	4	0	0	0	0	0	0	0	0	0	0	0	0	0	0	0	0	0	8	0	0	0	0	0	0	0	0	0.121669	0.0	0.0	0.0	0.362526	0.0	0.0	0.0	0.0	0.251282	0.0	0.0	0.0	0.748718	0.0	0.0	0.0	0.0	
42	65	1574.738316555	1944.5	1944.5	4.93657	0.816629	21	0	0	0	40	0	0	0	0	0.121669	0.0	0.0	0.0	0.338316	0.0	0.0	0.0	0.0	0.007271	0.0	0.0	0.0	1545.83	0.0	0.0	0.0	0.0	0.000346	0.0	0.0	0.0	38.6457	0.0	0.0	0.0	0.0	1	0	0	0	18	0	0	0	0	1	0	0	0	2	0	0	0	0	7	0	0	0	20	0	0	0	0	4	0	0	0	0	0	0	0	0	0	0	0	0	0	0	0	0	0	8	0	0	0	0	0	0	0	0	0.121669	0.0	0.0	0.0	0.338316	0.0	0.0	0.0	0.0	0.264507	0.0	0.0	0.0	0.735493	0.0	0.0	0.0	0.0	
43	66	1606.858564311	1944.5	1944.5	4.84227	0.813414	21	0	0	0	41	0	0	0	0	0.121669	0.0	0.0	0.0	0.315317	0.0	0.0	0.0	0.0	0.007271	0.0	0.0	0.0	1577.95	0.0	0.0	0.0	0.0	0.000346	0.0	0.0	0.0	38.4865	0.0	0.0	0.0	0.0	1	0	0	0	18	0	0	0	0	1	0	0	0	2	0	0	0	0	7	0	0	0	21	0	0	0	0	4	0	0	0	0	0	0	0	0	0	0	0	0	0	0	0	0	0	8	0	0	0	0	0	0	0	0	0.121669	0.0	0.0	0.0	0.315317	0.0	0.0	0.0	0.0	0.278428	0.0	0.0	0.0	0.721572	0.0	0.0	0.0	0.0	
44	67	1748.310159352	1943.5	1943.5	4.55227	0.802783	21	0	0	0	42	0	0	0	0	0.121669	0.0	0.0	0.0	0.362761	0.0	0.0	0.0	0.0	0.007271	0.0	0.0	0.0	1719.4	0.0	0.0	0.0	0.0	0.000346	0.0	0.0	0.0	40.9381	0.0	0.0	0.0	0.0	1	0	0	0	19	0	0	0	0	1	0	0	0	2	0	0	0	0	7	0	0	0	21	0	0	0	0	4	0	0	0	0	0	0	0	0	0	0	0	0	0	0	0	0	0	8	0	0	0	0	0	0	0	0	0.121669	0.0	0.0	0.0	0.362761	0.0	0.0	0.0	0.0	0.25116	0.0	0.0	0.0	0.74884	0.0	0.0	0.0	0.0	
45	68	1928.365616536	1943.5	1943.5	3.46826	0.749515	21	0	0	0	43	0	0	0	0	0.121669	0.0	0.0	0.0	0.338539	0.0	0.0	0.0	0.0	0.007271	0.0	0.0	0.0	1899.46	0.0	0.0	0.0	0.0	0.000346	0.0	0.0	0.0	44.1734	0.0	0.0	0.0	0.0	1	0	0	0	19	0	0	0	0	1	0	0	0	2	0	0	0	0	7	0	0	0	22	0	0	0	0	4	0	0	0	0	0	0	0	0	0	0	0	0	0	0	0	0	0	8	0	0	0	0	0	0	0	0	0.121669	0.0	0.0	0.0	0.338539	0.0	0.0	0.0	0.0	0.264379	0.0	0.0	0.0	0.735621	0.0	0.0	0.0	0.0	
46	69	1941.433447823	1943.5	1943.5	2.45336	0.665242	21	0	0	0	44	0	0	0	0	0.121669	0.0	0.0	0.0	0.315529	0.0	0.0	0.0	0.0	0.007271	0.0	0.0	0.0	1912.52	0.0	0.0	0.0	0.0	0.000346	0.0	0.0	0.0	43.4664	0.0	0.0	0.0	0.0	1	0	0	0	19	0	0	0	0	1	0	0	0	2	0	0	0	0	7	0	0	0	23	0	0	0	0	4	0	0	0	0	0	0	0	0	0	0	0	0	0	0	0	0	0	8	0	0	0	0	0	0	0	0	0.121669	0.0	0.0	0.0	0.315529	0.0	0.0	0.0	0.0	0.278293	0.0	0.0	0.0	0.721707	0.0	0.0	0.0	0.0	
47	70	1946.311821905	1943.5	1943.5	2.39248	0.658378	21	0	0	0	45	0	0	0	0	0.121669	0.0	0.0	0.0	0.293669	0.0	0.0	0.0	0.0	0.007271	0.0	0.0	0.0	1917.4	0.0	0.0	0.0	0.0	0.000346	0.0	0.0	0.0	42.6089	0.0	0.0	0.0	0.0	1	0	0	0	19	0	0	0	0	1	0	0	0	2	0	0	0	0	7	0	0	0	24	0	0	0	0	4	0	0	0	0	0	0	0	0	0	0	0	0	0	0	0	0	0	8	0	0	0	0	0	0	0	0	0.121669	0.0	0.0	0.0	0.293669	0.0	0.0	0.0	0.0	0.29294	0.0	0.0	0.0	0.70706	0.0	0.0	0.0	0.0	
48	71	1962.877693568	1941.0	1941.0	2.37015	0.65579	21	0	0	0	46	0	0	0	0	0.121669	0.0	0.0	0.0	0.343617	0.0	0.0	0.0	0.0	0.007271	0.0	0.0	0.0	1933.97	0.0	0.0	0.0	0.0	0.000346	0.0	0.0	0.0	42.0428	0.0	0.0	0.0	0.0	1	0	0	0	20	0	0	0	0	1	0	0	0	2	0	0	0	0	7	0	0	0	24	0	0	0	0	4	0	0	0	0	0	0	0	0	0	0	0	0	0	0	0	0	0	8	0	0	0	0	0	0	0	0	0.121669	0.0	0.0	0.0	0.343617	0.0	0.0	0.0	0.0	0.261493	0.0	0.0	0.0	0.738507	0.0	0.0	0.0	0.0	
49	73	1971.283845315	1941.0	1941.0	2.29584	0.646896	22	0	0	0	47	0	0	0	0	0.109502	0.0	0.0	0.0	0.320961	0.0	0.0	0.0	0.0	0.007782	0.0	0.0	0.0	1942.37	0.0	0.0	0.0	0.0	0.000354	0.0	0.0	0.0	41.3271	0.0	0.0	0.0	0.0	1	0	0	0	20	0	0	0	0	1	0	0	0	2	0	0	0	0	7	0	0	0	25	0	0	0	0	5	0	0	0	0	0	0	0	0	0	0	0	0	0	0	0	0	0	8	0	0	0	0	0	0	0	0	0.109502	0.0	0.0	0.0	0.320961	0.0	0.0	0.0	0.0	0.254382	0.0	0.0	0.0	0.745618	0.0	0.0	0.0	0.0	
50	74	1988.940458732	1941.0	1941.0	2.25903	0.642321	22	0	0	0	48	0	0	0	0	0.109502	0.0	0.0	0.0	0.299438	0.0	0.0	0.0	0.0	0.007782	0.0	0.0	0.0	1960.03	0.0	0.0	0.0	0.0	0.000354	0.0	0.0	0.0	40.834	0.0	0.0	0.0	0.0	1	0	0	0	20	0	0	0	0	1	0	0	0	2	0	0	0	0	7	0	0	0	26	0	0	0	0	5	0	0	0	0	0	0	0	0	0	0	0	0	0	0	0	0	0	8	0	0	0	0	0	0	0	0	0.109502	0.0	0.0	0.0	0.299438	0.0	0.0	0.0	0.0	0.267771	0.0	0.0	0.0	0.732229	0.0	0.0	0.0	0.0	
51	75	2002.844304207	1941.0	1941.0	2.18363	0.632577	22	0	0	0	49	0	0	0	0	0.109502	0.0	0.0	0.0	0.278991	0.0	0.0	0.0	0.0	0.007782	0.0	0.0	0.0	1973.93	0.0	0.0	0.0	0.0	0.000354	0.0	0.0	0.0	40.2844	0.0	0.0	0.0	0.0	1	0	0	0	20	0	0	0	0	1	0	0	0	2	0	0	0	0	7	0	0	0	27	0	0	0	0	5	0	0	0	0	0	0	0	0	0	0	0	0	0	0	0	0	0	8	0	0	0	0	0	0	0	0	0.109502	0.0	0.0	0.0	0.278991	0.0	0.0	0.0	0.0	0.281864	0.0	0.0	0.0	0.718136	0.0	0.0	0.0	0.0	
52	76	2011.061317945	1941.0	1941.0	2.12603	0.624777	22	0	0	0	50	0	0	0	0	0.109502	0.0	0.0	0.0	0.259566	0.0	0.0	0.0	0.0	0.007782	0.0	0.0	0.0	1982.15	0.0	0.0	0.0	0.0	0.000354	0.0	0.0	0.0	39.643	0.0	0.0	0.0	0.0	1	0	0	0	20	0	0	0	0	1	0	0	0	2	0	0	0	0	7	0	0	0	28	0	0	0	0	5	0	0	0	0	0	0	0	0	0	0	0	0	0	0	0	0	0	8	0	0	0	0	0	0	0	0	0.109502	0.0	0.0	0.0	0.259566	0.0	0.0	0.0	0.0	0.296699	0.0	0.0	0.0	0.703301	0.0	0.0	0.0	0.0	
53	77	2029.811123456	1941.0	1941.0	2.0927	0.620115	22	0	0	0	51	0	0	0	0	0.109502	0.0	0.0	0.0	0.241113	0.0	0.0	0.0	0.0	0.007782	0.0	0.0	0.0	2000.9	0.0	0.0	0.0	0.0	0.000354	0.0	0.0	0.0	39.2333	0.0	0.0	0.0	0.0	1	0	0	0	20	0	0	0	0	1	0	0	0	2	0	0	0	0	7	0	0	0	29	0	0	0	0	5	0	0	0	0	0	0	0	0	0	0	0	0	0	0	0	0	0	8	0	0	0	0	0	0	0	0	0.109502	0.0	0.0	0.0	0.241113	0.0	0.0	0.0	0.0	0.312315	0.0	0.0	0.0	0.687685	0.0	0.0	0.0	0.0	
54	78	2035.697778305	1941.0	1941.0	2.0186	0.609332	22	0	0	0	52	0	0	0	0	0.109502	0.0	0.0	0.0	0.223582	0.0	0.0	0.0	0.0	0.007782	0.0	0.0	0.0	2006.79	0.0	0.0	0.0	0.0	0.000354	0.0	0.0	0.0	38.5921	0.0	0.0	0.0	0.0	1	0	0	0	20	0	0	0	0	1	0	0	0	2	0	0	0	0	7	0	0	0	30	0	0	0	0	5	0	0	0	0	0	0	0	0	0	0	0	0	0	0	0	0	0	8	0	0	0	0	0	0	0	0	0.109502	0.0	0.0	0.0	0.223582	0.0	0.0	0.0	0.0	0.328753	0.0	0.0	0.0	0.671247	0.0	0.0	0.0	0.0	
55	79	2042.489719375	1941.0	1941.0	1.99588	0.605906	22	0	0	0	53	0	0	0	0	0.109502	0.0	0.0	0.0	0.206928	0.0	0.0	0.0	0.0	0.007782	0.0	0.0	0.0	2013.58	0.0	0.0	0.0	0.0	0.000354	0.0	0.0	0.0	37.9921	0.0	0.0	0.0	0.0	1	0	0	0	20	0	0	0	0	1	0	0	0	2	0	0	0	0	7	0	0	0	31	0	0	0	0	5	0	0	0	0	0	0	0	0	0	0	0	0	0	0	0	0	0	8	0	0	0	0	0	0	0	0	0.109502	0.0	0.0	0.0	0.206928	0.0	0.0	0.0	0.0	0.346055	0.0	0.0	0.0	0.653945	0.0	0.0	0.0	0.0	
56	80	2054.744340662	1941.0	1941.0	1.96999	0.601928	22	0	0	0	54	0	0	0	0	0.109502	0.0	0.0	0.0	0.191106	0.0	0.0	0.0	0.0	0.007782	0.0	0.0	0.0	2025.83	0.0	0.0	0.0	0.0	0.000354	0.0	0.0	0.0	37.5154	0.0	0.0	0.0	0.0	1	0	0	0	20	0	0	0	0	1	0	0	0	2	0	0	0	0	7	0	0	0	32	0	0	0	0	5	0	0	0	0	0	0	0	0	0	0	0	0	0	0	0	0	0	8	0	0	0	0	0	0	0	0	0.109502	0.0	0.0	0.0	0.191106	0.0	0.0	0.0	0.0	0.364269	0.0	0.0	0.0	0.635731	0.0	0.0	0.0	0.0	
57	81	2063.420256628	1941.0	1941.0	1.92411	0.594687	22	0	0	0	55	0	0	0	0	0.109502	0.0	0.0	0.0	0.176076	0.0	0.0	0.0	0.0	0.007782	0.0	0.0	0.0	2034.51	0.0	0.0	0.0	0.0	0.000354	0.0	0.0	0.0	36.9911	0.0	0.0	0.0	0.0	1	0	0	0	20	0	0	0	0	1	0	0	0	2	0	0	0	0	7	0	0	0	33	0	0	0	0	5	0	0	0	0	0	0	0	0	0	0	0	0	0	0	0	0	0	8	0	0	0	0	0	0	0	0	0.109502	0.0	0.0	0.0	0.176076	0.0	0.0	0.0	0.0	0.383441	0.0	0.0	0.0	0.616559	0.0	0.0	0.0	0.0	
58	82	2075.019335868	1941.0	1941.0	1.89228	0.589511	22	0	0	0	56	0	0	0	0	0.109502	0.0	0.0	0.0	0.161797	0.0	0.0	0.0	0.0	0.007782	0.0	0.0	0.0	2046.11	0.0	0.0	0.0	0.0	0.000354	0.0	0.0	0.0	36.5376	0.0	0.0	0.0	0.0	1	0	0	0	20	0	0	0	0	1	0	0	0	2	0	0	0	0	7	0	0	0	34	0	0	0	0	5	0	0	0	0	0	0	0	0	0	0	0	0	0	0	0	0	0	8	0	0	0	0	0	0	0	0	0.109502	0.0	0.0	0.0	0.161797	0.0	0.0	0.0	0.0	0.403622	0.0	0.0	0.0	0.596378	0.0	0.0	0.0	0.0	
59	83	2080.793090941	1940.0	1940.0	1.85055	0.582527	22	0	0	0	57	0	0	0	0	0.109502	0.0	0.0	0.0	0.232072	0.0	0.0	0.0	0.0	0.007782	0.0	0.0	0.0	2051.88	0.0	0.0	0.0	0.0	0.000354	0.0	0.0	0.0	35.9979	0.0	0.0	0.0	0.0	1	0	0	0	21	0	0	0	0	1	0	0	0	2	0	0	0	0	7	0	0	0	34	0	0	0	0	5	0	0	0	0	0	0	0	0	0	0	0	0	0	0	0	0	0	8	0	0	0	0	0	0	0	0	0.109502	0.0	0.0	0.0	0.232072	0.0	0.0	0.0	0.0	0.320582	0.0	0.0	0.0	0.679418	0.0	0.0	0.0	0.0	
60	84	2090.257769762	1940.0	1940.0	1.83012	0.579023	22	0	0	0	58	0	0	0	0	0.109502	0.0	0.0	0.0	0.214993	0.0	0.0	0.0	0.0	0.007782	0.0	0.0	0.0	2061.35	0.0	0.0	0.0	0.0	0.000354	0.0	0.0	0.0	35.5405	0.0	0.0	0.0	0.0	1	0	0	0	21	0	0	0	0	1	0	0	0	2	0	0	0	0	7	0	0	0	35	0	0	0	0	5	0	0	0	0	0	0	0	0	0	0	0	0	0	0	0	0	0	8	0	0	0	0	0	0	0	0	0.109502	0.0	0.0	0.0	0.214993	0.0	0.0	0.0	0.0	0.337455	0.0	0.0	0.0	0.662545	0.0	0.0	0.0	0.0	
61	87	2096.219325574	1940.0	1940.0	1.79712	0.573242	24	0	0	0	59	0	0	0	0	0.088697	0.0	0.0	0.0	0.199808	0.0	0.0	0.0	0.0	0.008233	0.0	0.0	0.0	2067.31	0.0	0.0	0.0	0.0	0.000343	0.0	0.0	0.0	35.0391	0.0	0.0	0.0	0.0	1	0	0	0	21	0	0	0	0	1	0	0	0	2	0	0	0	0	7	0	0	0	36	0	0	0	0	6	0	0	0	0	0	0	0	0	0	0	0	0	0	0	0	0	0	9	0	0	0	0	0	0	0	0	0.088697	0.0	0.0	0.0	0.199808	0.0	0.0	0.0	0.0	0.307436	0.0	0.0	0.0	0.692564	0.0	0.0	0.0	0.0	
62	88	2218.82476618	1940.0	1940.0	1.77663	0.569577	24	0	0	0	60	0	0	0	0	0.088697	0.0	0.0	0.0	0.185383	0.0	0.0	0.0	0.0	0.008233	0.0	0.0	0.0	2189.91	0.0	0.0	0.0	0.0	0.000343	0.0	0.0	0.0	36.4986	0.0	0.0	0.0	0.0	1	0	0	0	21	0	0	0	0	1	0	0	0	2	0	0	0	0	7	0	0	0	37	0	0	0	0	6	0	0	0	0	0	0	0	0	0	0	0	0	0	0	0	0	0	9	0	0	0	0	0	0	0	0	0.088697	0.0	0.0	0.0	0.185383	0.0	0.0	0.0	0.0	0.323617	0.0	0.0	0.0	0.676383	0.0	0.0	0.0	0.0	
63	90	2232.15396353	1940.0	1940.0	1.40352	0.49042	25	0	0	0	61	0	0	0	0	0.079827	0.0	0.0	0.0	0.172123	0.0	0.0	0.0	0.0	0.008648	0.0	0.0	0.0	2203.24	0.0	0.0	0.0	0.0	0.000346	0.0	0.0	0.0	36.1187	0.0	0.0	0.0	0.0	1	0	0	0	21	0	0	0	0	1	0	0	0	2	0	0	0	0	8	0	0	0	38	0	0	0	0	6	0	0	0	0	0	0	0	0	0	0	0	0	0	0	0	0	0	9	0	0	0	0	0	0	0	0	0.079827	0.0	0.0	0.0	0.172123	0.0	0.0	0.0	0.0	0.316838	0.0	0.0	0.0	0.683162	0.0	0.0	0.0	0.0	
64	92	2249.70102217	1940.0	1940.0	1.36801	0.481432	26	0	0	0	62	0	0	0	0	0.071844	0.0	0.0	0.0	0.159924	0.0	0.0	0.0	0.0	0.009144	0.0	0.0	0.0	2220.79	0.0	0.0	0.0	0.0	0.000352	0.0	0.0	0.0	35.8192	0.0	0.0	0.0	0.0	1	0	0	0	21	0	0	0	0	1	0	0	0	2	0	0	0	0	8	0	0	0	39	0	0	0	0	7	0	0	0	0	0	0	0	0	0	0	0	0	0	0	0	0	0	9	0	0	0	0	0	0	0	0	0.071844	0.0	0.0	0.0	0.159924	0.0	0.0	0.0	0.0	0.309984	0.0	0.0	0.0	0.690016	0.0	0.0	0.0	0.0	
65	93	2337.967455902	1940.0	1940.0	1.32262	0.469507	26	0	0	0	63	0	0	0	0	0.071844	0.0	0.0	0.0	0.148336	0.0	0.0	0.0	0.0	0.009144	0.0	0.0	0.0	2309.05	0.0	0.0	0.0	0.0	0.000352	0.0	0.0	0.0	36.6517	0.0	0.0	0.0	0.0	1	0	0	0	21	0	0	0	0	1	0	0	0	2	0	0	0	0	8	0	0	0	40	0	0	0	0	7	0	0	0	0	0	0	0	0	0	0	0	0	0	0	0	0	0	9	0	0	0	0	0	0	0	0	0.071844	0.0	0.0	0.0	0.148336	0.0	0.0	0.0	0.0	0.326299	0.0	0.0	0.0	0.673701	0.0	0.0	0.0	0.0	
66	94	2357.850933723	1940.0	1940.0	1.11617	0.408233	26	0	0	0	64	0	0	0	0	0.071844	0.0	0.0	0.0	0.137327	0.0	0.0	0.0	0.0	0.009144	0.0	0.0	0.0	2328.94	0.0	0.0	0.0	0.0	0.000352	0.0	0.0	0.0	36.3897	0.0	0.0	0.0	0.0	1	0	0	0	21	0	0	0	0	1	0	0	0	2	0	0	0	0	8	0	0	0	41	0	0	0	0	7	0	0	0	0	0	0	0	0	0	0	0	0	0	0	0	0	0	9	0	0	0	0	0	0	0	0	0.071844	0.0	0.0	0.0	0.137327	0.0	0.0	0.0	0.0	0.343472	0.0	0.0	0.0	0.656528	0.0	0.0	0.0	0.0	
67	98	2391.853308435	1940.0	1940.0	1.07431	0.394225	29	0	0	0	65	0	0	0	0	0.052375	0.0	0.0	0.0	0.127842	0.0	0.0	0.0	0.0	0.009994	0.0	0.0	0.0	2362.94	0.0	0.0	0.0	0.0	0.000345	0.0	0.0	0.0	36.3529	0.0	0.0	0.0	0.0	1	0	0	0	21	0	0	0	0	1	0	0	0	2	0	0	0	0	10	0	0	0	42	0	0	0	0	7	0	0	0	0	0	0	0	0	0	0	0	0	0	0	0	0	0	10	0	0	0	0	0	0	0	0	0.052375	0.0	0.0	0.0	0.127842	0.0	0.0	0.0	0.0	0.290621	0.0	0.0	0.0	0.709379	0.0	0.0	0.0	0.0	
68	101	2400.376931807	1940.0	1940.0	1.00632	0.370196	31	0	0	0	66	0	0	0	0	0.042424	0.0	0.0	0.0	0.119328	0.0	0.0	0.0	0.0	0.010622	0.0	0.0	0.0	2371.46	0.0	0.0	0.0	0.0	0.000343	0.0	0.0	0.0	35.9313	0.0	0.0	0.0	0.0	1	0	0	0	21	0	0	0	0	1	0	0	0	2	0	0	0	0	10	0	0	0	43	0	0	0	0	9	0	0	0	0	0	0	0	0	0	0	0	0	0	0	0	0	0	10	0	0	0	0	0	0	0	0	0.042424	0.0	0.0	0.0	0.119328	0.0	0.0	0.0	0.0	0.262275	0.0	0.0	0.0	0.737725	0.0	0.0	0.0	0.0	
69	102	2404.636279965	1940.0	1940.0	0.989961	0.364168	31	0	0	0	67	0	0	0	0	0.042424	0.0	0.0	0.0	0.111241	0.0	0.0	0.0	0.0	0.010622	0.0	0.0	0.0	2375.72	0.0	0.0	0.0	0.0	0.000343	0.0	0.0	0.0	35.4585	0.0	0.0	0.0	0.0	1	0	0	0	21	0	0	0	0	1	0	0	0	2	0	0	0	0	10	0	0	0	44	0	0	0	0	9	0	0	0	0	0	0	0	0	0	0	0	0	0	0	0	0	0	10	0	0	0	0	0	0	0	0	0.042424	0.0	0.0	0.0	0.111241	0.0	0.0	0.0	0.0	0.276079	0.0	0.0	0.0	0.723921	0.0	0.0	0.0	0.0	
70	103	2413.527071565	1940.0	1940.0	0.981887	0.361155	31	0	0	0	68	0	0	0	0	0.042424	0.0	0.0	0.0	0.103558	0.0	0.0	0.0	0.0	0.010622	0.0	0.0	0.0	2384.61	0.0	0.0	0.0	0.0	0.000343	0.0	0.0	0.0	35.0678	0.0	0.0	0.0	0.0	1	0	0	0	21	0	0	0	0	1	0	0	0	2	0	0	0	0	10	0	0	0	45	0	0	0	0	9	0	0	0	0	0	0	0	0	0	0	0	0	0	0	0	0	0	10	0	0	0	0	0	0	0	0	0.042424	0.0	0.0	0.0	0.103558	0.0	0.0	0.0	0.0	0.290609	0.0	0.0	0.0	0.709391	0.0	0.0	0.0	0.0	
71	104	2419.493714116	1940.0	1940.0	0.965245	0.354869	31	0	0	0	69	0	0	0	0	0.042424	0.0	0.0	0.0	0.096259	0.0	0.0	0.0	0.0	0.010622	0.0	0.0	0.0	2390.58	0.0	0.0	0.0	0.0	0.000343	0.0	0.0	0.0	34.6461	0.0	0.0	0.0	0.0	1	0	0	0	21	0	0	0	0	1	0	0	0	2	0	0	0	0	10	0	0	0	46	0	0	0	0	9	0	0	0	0	0	0	0	0	0	0	0	0	0	0	0	0	0	10	0	0	0	0	0	0	0	0	0.042424	0.0	0.0	0.0	0.096259	0.0	0.0	0.0	0.0	0.305905	0.0	0.0	0.0	0.694095	0.0	0.0	0.0	0.0	
72	105	2437.233226026	1940.0	1940.0	0.954234	0.350652	31	0	0	0	70	0	0	0	0	0.042424	0.0	0.0	0.0	0.089324	0.0	0.0	0.0	0.0	0.010622	0.0	0.0	0.0	2408.32	0.0	0.0	0.0	0.0	0.000343	0.0	0.0	0.0	34.4046	0.0	0.0	0.0	0.0	1	0	0	0	21	0	0	0	0	1	0	0	0	2	0	0	0	0	10	0	0	0	47	0	0	0	0	9	0	0	0	0	0	0	0	0	0	0	0	0	0	0	0	0	0	10	0	0	0	0	0	0	0	0	0.042424	0.0	0.0	0.0	0.089324	0.0	0.0	0.0	0.0	0.322005	0.0	0.0	0.0	0.677995	0.0	0.0	0.0	0.0	
73	106	2445.960501875	1940.0	1940.0	0.922236	0.338131	31	0	0	0	71	0	0	0	0	0.042424	0.0	0.0	0.0	0.082737	0.0	0.0	0.0	0.0	0.010622	0.0	0.0	0.0	2417.05	0.0	0.0	0.0	0.0	0.000343	0.0	0.0	0.0	34.0429	0.0	0.0	0.0	0.0	1	0	0	0	21	0	0	0	0	1	0	0	0	2	0	0	0	0	10	0	0	0	48	0	0	0	0	9	0	0	0	0	0	0	0	0	0	0	0	0	0	0	0	0	0	10	0	0	0	0	0	0	0	0	0.042424	0.0	0.0	0.0	0.082737	0.0	0.0	0.0	0.0	0.338952	0.0	0.0	0.0	0.661048	0.0	0.0	0.0	0.0	
74	107	2454.95508677	1940.0	1940.0	0.90689	0.331984	31	0	0	0	72	0	0	0	0	0.042424	0.0	0.0	0.0	0.076479	0.0	0.0	0.0	0.0	0.010622	0.0	0.0	0.0	2426.04	0.0	0.0	0.0	0.0	0.000343	0.0	0.0	0.0	33.695	0.0	0.0	0.0	0.0	1	0	0	0	21	0	0	0	0	1	0	0	0	2	0	0	0	0	10	0	0	0	49	0	0	0	0	9	0	0	0	0	0	0	0	0	0	0	0	0	0	0	0	0	0	10	0	0	0	0	0	0	0	0	0.042424	0.0	0.0	0.0	0.076479	0.0	0.0	0.0	0.0	0.356792	0.0	0.0	0.0	0.643208	0.0	0.0	0.0	0.0	
75	108	2635.105534748	1938.0	1938.0	0.891341	0.325659	31	0	0	0	73	0	0	0	0	0.042424	0.0	0.0	0.0	0.148269	0.0	0.0	0.0	0.0	0.010622	0.0	0.0	0.0	2606.19	0.0	0.0	0.0	0.0	0.000343	0.0	0.0	0.0	35.7012	0.0	0.0	0.0	0.0	1	0	0	0	22	0	0	0	0	1	0	0	0	2	0	0	0	0	10	0	0	0	49	0	0	0	0	9	0	0	0	0	0	0	0	0	0	0	0	0	0	0	0	0	0	10	0	0	0	0	0	0	0	0	0.042424	0.0	0.0	0.0	0.148269	0.0	0.0	0.0	0.0	0.22247	0.0	0.0	0.0	0.77753	0.0	0.0	0.0	0.0	
76	109	2646.034721378	1938.0	1938.0	0.630396	0.20468	31	0	0	0	74	0	0	0	0	0.042424	0.0	0.0	0.0	0.138735	0.0	0.0	0.0	0.0	0.010622	0.0	0.0	0.0	2617.12	0.0	0.0	0.0	0.0	0.000343	0.0	0.0	0.0	35.3665	0.0	0.0	0.0	0.0	1	0	0	0	22	0	0	0	0	1	0	0	0	2	0	0	0	0	10	0	0	0	50	0	0	0	0	9	0	0	0	0	0	0	0	0	0	0	0	0	0	0	0	0	0	10	0	0	0	0	0	0	0	0	0.042424	0.0	0.0	0.0	0.138735	0.0	0.0	0.0	0.0	0.234179	0.0	0.0	0.0	0.765821	0.0	0.0	0.0	0.0	
77	111	2663.340840484	1938.0	1938.0	0.617286	0.1979	32	0	0	0	75	0	0	0	0	0.038181	0.0	0.0	0.0	0.129889	0.0	0.0	0.0	0.0	0.01108	0.0	0.0	0.0	2634.43	0.0	0.0	0.0	0.0	0.000346	0.0	0.0	0.0	35.1257	0.0	0.0	0.0	0.0	1	0	0	0	22	0	0	0	0	1	0	0	0	2	0	0	0	0	10	0	0	0	51	0	0	0	0	10	0	0	0	0	0	0	0	0	0	0	0	0	0	0	0	0	0	10	0	0	0	0	0	0	0	0	0.038181	0.0	0.0	0.0	0.129889	0.0	0.0	0.0	0.0	0.227174	0.0	0.0	0.0	0.772826	0.0	0.0	0.0	0.0	
78	112	2730.391128191	1938.0	1938.0	0.597085	0.187345	32	0	0	0	76	0	0	0	0	0.038181	0.0	0.0	0.0	0.121485	0.0	0.0	0.0	0.0	0.01108	0.0	0.0	0.0	2701.48	0.0	0.0	0.0	0.0	0.000346	0.0	0.0	0.0	35.5457	0.0	0.0	0.0	0.0	1	0	0	0	22	0	0	0	0	1	0	0	0	2	0	0	0	0	10	0	0	0	52	0	0	0	0	10	0	0	0	0	0	0	0	0	0	0	0	0	0	0	0	0	0	10	0	0	0	0	0	0	0	0	0.038181	0.0	0.0	0.0	0.121485	0.0	0.0	0.0	0.0	0.23913	0.0	0.0	0.0	0.76087	0.0	0.0	0.0	0.0	
79	114	2744.104652389	1938.0	1938.0	0.524864	0.148785	33	0	0	0	77	0	0	0	0	0.034363	0.0	0.0	0.0	0.113693	0.0	0.0	0.0	0.0	0.011316	0.0	0.0	0.0	2715.19	0.0	0.0	0.0	0.0	0.000343	0.0	0.0	0.0	35.2622	0.0	0.0	0.0	0.0	1	0	0	0	22	0	0	0	0	1	0	0	0	2	0	0	0	0	10	0	0	0	53	0	0	0	0	10	0	0	0	0	0	0	0	0	0	0	0	0	0	0	0	0	0	11	0	0	0	0	0	0	0	0	0.034363	0.0	0.0	0.0	0.113693	0.0	0.0	0.0	0.0	0.232095	0.0	0.0	0.0	0.767905	0.0	0.0	0.0	0.0	
80	115	2754.040663729	1938.0	1938.0	0.511206	0.1414	33	0	0	0	78	0	0	0	0	0.034363	0.0	0.0	0.0	0.10629	0.0	0.0	0.0	0.0	0.011316	0.0	0.0	0.0	2725.13	0.0	0.0	0.0	0.0	0.000343	0.0	0.0	0.0	34.9375	0.0	0.0	0.0	0.0	1	0	0	0	22	0	0	0	0	1	0	0	0	2	0	0	0	0	10	0	0	0	54	0	0	0	0	10	0	0	0	0	0	0	0	0	0	0	0	0	0	0	0	0	0	11	0	0	0	0	0	0	0	0	0.034363	0.0	0.0	0.0	0.10629	0.0	0.0	0.0	0.0	0.24431	0.0	0.0	0.0	0.75569	0.0	0.0	0.0	0.0	
81	116	2926.888152499	1930.8	1930.8	0.501532	0.136165	33	0	0	0	79	0	0	0	0	0.034363	0.0	0.0	0.0	0.165422	0.0	0.0	0.0	0.0	0.011316	0.0	0.0	0.0	2897.97	0.0	0.0	0.0	0.0	0.000343	0.0	0.0	0.0	36.6832	0.0	0.0	0.0	0.0	1	0	0	0	23	0	0	0	0	1	0	0	0	2	0	0	0	0	10	0	0	0	54	0	0	0	0	10	0	0	0	0	0	0	0	0	0	0	0	0	0	0	0	0	0	11	0	0	0	0	0	0	0	0	0.034363	0.0	0.0	0.0	0.165422	0.0	0.0	0.0	0.0	0.172	0.0	0.0	0.0	0.828	0.0	0.0	0.0	0.0	
82	118	2933.771413073	1930.8	1930.8	0.359721	0.062043	34	0	0	0	80	0	0	0	0	0.030927	0.0	0.0	0.0	0.155605	0.0	0.0	0.0	0.0	0.011672	0.0	0.0	0.0	2904.86	0.0	0.0	0.0	0.0	0.000343	0.0	0.0	0.0	36.3107	0.0	0.0	0.0	0.0	1	0	0	0	23	0	0	0	0	1	0	0	0	2	0	0	0	0	11	0	0	0	55	0	0	0	0	10	0	0	0	0	0	0	0	0	0	0	0	0	0	0	0	0	0	11	0	0	0	0	0	0	0	0	0.030927	0.0	0.0	0.0	0.155605	0.0	0.0	0.0	0.0	0.165799	0.0	0.0	0.0	0.834201	0.0	0.0	0.0	0.0	
83	119	2952.517881258	1930.8	1930.8	0.354992	0.059787	34	0	0	0	81	0	0	0	0	0.030927	0.0	0.0	0.0	0.146278	0.0	0.0	0.0	0.0	0.011672	0.0	0.0	0.0	2923.6	0.0	0.0	0.0	0.0	0.000343	0.0	0.0	0.0	36.0939	0.0	0.0	0.0	0.0	1	0	0	0	23	0	0	0	0	1	0	0	0	2	0	0	0	0	11	0	0	0	56	0	0	0	0	10	0	0	0	0	0	0	0	0	0	0	0	0	0	0	0	0	0	11	0	0	0	0	0	0	0	0	0.030927	0.0	0.0	0.0	0.146278	0.0	0.0	0.0	0.0	0.174525	0.0	0.0	0.0	0.825475	0.0	0.0	0.0	0.0	
84	121	2970.571967926	1930.8	1930.8	0.342424	0.053915	35	0	0	0	82	0	0	0	0	0.027834	0.0	0.0	0.0	0.137573	0.0	0.0	0.0	0.0	0.011919	0.0	0.0	0.0	2941.66	0.0	0.0	0.0	0.0	0.000341	0.0	0.0	0.0	35.8739	0.0	0.0	0.0	0.0	1	0	0	0	23	0	0	0	0	1	0	0	0	2	0	0	0	0	11	0	0	0	57	0	0	0	0	10	0	0	0	0	0	0	0	0	0	0	0	0	0	0	0	0	0	12	0	0	0	0	0	0	0	0	0.027834	0.0	0.0	0.0	0.137573	0.0	0.0	0.0	0.0	0.168276	0.0	0.0	0.0	0.831724	0.0	0.0	0.0	0.0	
85	122	2984.928331838	1930.8	1930.8	0.330742	0.04863	35	0	0	0	83	0	0	0	0	0.027834	0.0	0.0	0.0	0.129302	0.0	0.0	0.0	0.0	0.011919	0.0	0.0	0.0	2956.01	0.0	0.0	0.0	0.0	0.000341	0.0	0.0	0.0	35.6146	0.0	0.0	0.0	0.0	1	0	0	0	23	0	0	0	0	1	0	0	0	2	0	0	0	0	11	0	0	0	58	0	0	0	0	10	0	0	0	0	0	0	0	0	0	0	0	0	0	0	0	0	0	12	0	0	0	0	0	0	0	0	0.027834	0.0	0.0	0.0	0.129302	0.0	0.0	0.0	0.0	0.177133	0.0	0.0	0.0	0.822867	0.0	0.0	0.0	0.0	
86	123	2996.804992902	1930.8	1930.8	0.321737	0.044685	35	0	0	0	84	0	0	0	0	0.027834	0.0	0.0	0.0	0.121445	0.0	0.0	0.0	0.0	0.011919	0.0	0.0	0.0	2967.89	0.0	0.0	0.0	0.0	0.000341	0.0	0.0	0.0	35.332	0.0	0.0	0.0	0.0	1	0	0	0	23	0	0	0	0	1	0	0	0	2	0	0	0	0	11	0	0	0	59	0	0	0	0	10	0	0	0	0	0	0	0	0	0	0	0	0	0	0	0	0	0	12	0	0	0	0	0	0	0	0	0.027834	0.0	0.0	0.0	0.121445	0.0	0.0	0.0	0.0	0.186456	0.0	0.0	0.0	0.813544	0.0	0.0	0.0	0.0	
87	124	3008.665415085	1930.8	1930.8	0.314473	0.041589	35	0	0	0	85	0	0	0	0	0.027834	0.0	0.0	0.0	0.113981	0.0	0.0	0.0	0.0	0.011919	0.0	0.0	0.0	2979.75	0.0	0.0	0.0	0.0	0.000341	0.0	0.0	0.0	35.0559	0.0	0.0	0.0	0.0	1	0	0	0	23	0	0	0	0	1	0	0	0	2	0	0	0	0	11	0	0	0	60	0	0	0	0	10	0	0	0	0	0	0	0	0	0	0	0	0	0	0	0	0	0	12	0	0	0	0	0	0	0	0	0.027834	0.0	0.0	0.0	0.113981	0.0	0.0	0.0	0.0	0.196269	0.0	0.0	0.0	0.803731	0.0	0.0	0.0	0.0	
88	125	3049.733417174	1930.8	1930.8	0.307383	0.038648	35	0	0	0	86	0	0	0	0	0.027834	0.0	0.0	0.0	0.106891	0.0	0.0	0.0	0.0	0.011919	0.0	0.0	0.0	3020.82	0.0	0.0	0.0	0.0	0.000341	0.0	0.0	0.0	35.1258	0.0	0.0	0.0	0.0	1	0	0	0	23	0	0	0	0	1	0	0	0	2	0	0	0	0	11	0	0	0	61	0	0	0	0	10	0	0	0	0	0	0	0	0	0	0	0	0	0	0	0	0	0	12	0	0	0	0	0	0	0	0	0.027834	0.0	0.0	0.0	0.106891	0.0	0.0	0.0	0.0	0.206599	0.0	0.0	0.0	0.793401	0.0	0.0	0.0	0.0	
89	126	3063.762455473	1930.8	1930.8	0.284045	0.029583	35	0	0	0	87	0	0	0	0	0.027834	0.0	0.0	0.0	0.100154	0.0	0.0	0.0	0.0	0.011919	0.0	0.0	0.0	3034.85	0.0	0.0	0.0	0.0	0.000341	0.0	0.0	0.0	34.8833	0.0	0.0	0.0	0.0	1	0	0	0	23	0	0	0	0	1	0	0	0	2	0	0	0	0	11	0	0	0	62	0	0	0	0	10	0	0	0	0	0	0	0	0	0	0	0	0	0	0	0	0	0	12	0	0	0	0	0	0	0	0	0.027834	0.0	0.0	0.0	0.100154	0.0	0.0	0.0	0.0	0.217473	0.0	0.0	0.0	0.782527	0.0	0.0	0.0	0.0	
90	127	3073.989628291	1930.8	1930.8	0.276486	0.026868	35	0	0	0	88	0	0	0	0	0.027834	0.0	0.0	0.0	0.093755	0.0	0.0	0.0	0.0	0.011919	0.0	0.0	0.0	3045.07	0.0	0.0	0.0	0.0	0.000341	0.0	0.0	0.0	34.6031	0.0	0.0	0.0	0.0	1	0	0	0	23	0	0	0	0	1	0	0	0	2	0	0	0	0	11	0	0	0	63	0	0	0	0	10	0	0	0	0	0	0	0	0	0	0	0	0	0	0	0	0	0	12	0	0	0	0	0	0	0	0	0.027834	0.0	0.0	0.0	0.093755	0.0	0.0	0.0	0.0	0.228919	0.0	0.0	0.0	0.771081	0.0	0.0	0.0	0.0	
91	128	3083.928262431	1930.8	1930.8	0.271102	0.025006	35	0	0	0	89	0	0	0	0	0.027834	0.0	0.0	0.0	0.087676	0.0	0.0	0.0	0.0	0.011919	0.0	0.0	0.0	3055.01	0.0	0.0	0.0	0.0	0.000341	0.0	0.0	0.0	34.326	0.0	0.0	0.0	0.0	1	0	0	0	23	0	0	0	0	1	0	0	0	2	0	0	0	0	11	0	0	0	64	0	0	0	0	10	0	0	0	0	0	0	0	0	0	0	0	0	0	0	0	0	0	12	0	0	0	0	0	0	0	0	0.027834	0.0	0.0	0.0	0.087676	0.0	0.0	0.0	0.0	0.240967	0.0	0.0	0.0	0.759033	0.0	0.0	0.0	0.0	
92	129	3089.667303799	1930.8	1930.8	0.265971	0.023288	35	0	0	0	90	0	0	0	0	0.027834	0.0	0.0	0.0	0.0819	0.0	0.0	0.0	0.0	0.011919	0.0	0.0	0.0	3060.75	0.0	0.0	0.0	0.0	0.000341	0.0	0.0	0.0	34.0083	0.0	0.0	0.0	0.0	1	0	0	0	23	0	0	0	0	1	0	0	0	2	0	0	0	0	11	0	0	0	65	0	0	0	0	10	0	0	0	0	0	0	0	0	0	0	0	0	0	0	0	0	0	12	0	0	0	0	0	0	0	0	0.027834	0.0	0.0	0.0	0.0819	0.0	0.0	0.0	0.0	0.25365	0.0	0.0	0.0	0.74635	0.0	0.0	0.0	0.0	
93	130	3114.664139474	1930.8	1930.8	0.263052	0.022336	35	0	0	0	91	0	0	0	0	0.027834	0.0	0.0	0.0	0.076413	0.0	0.0	0.0	0.0	0.011919	0.0	0.0	0.0	3085.75	0.0	0.0	0.0	0.0	0.000341	0.0	0.0	0.0	33.9093	0.0	0.0	0.0	0.0	1	0	0	0	23	0	0	0	0	1	0	0	0	2	0	0	0	0	11	0	0	0	66	0	0	0	0	10	0	0	0	0	0	0	0	0	0	0	0	0	0	0	0	0	0	12	0	0	0	0	0	0	0	0	0.027834	0.0	0.0	0.0	0.076413	0.0	0.0	0.0	0.0	0.267	0.0	0.0	0.0	0.733	0.0	0.0	0.0	0.0	
94	131	3122.931966936	1930.8	1930.8	0.250708	0.018524	35	0	0	0	92	0	0	0	0	0.027834	0.0	0.0	0.0	0.071201	0.0	0.0	0.0	0.0	0.011919	0.0	0.0	0.0	3094.02	0.0	0.0	0.0	0.0	0.000341	0.0	0.0	0.0	33.6306	0.0	0.0	0.0	0.0	1	0	0	0	23	0	0	0	0	1	0	0	0	2	0	0	0	0	11	0	0	0	67	0	0	0	0	10	0	0	0	0	0	0	0	0	0	0	0	0	0	0	0	0	0	12	0	0	0	0	0	0	0	0	0.027834	0.0	0.0	0.0	0.071201	0.0	0.0	0.0	0.0	0.281052	0.0	0.0	0.0	0.718948	0.0	0.0	0.0	0.0	
95	133	3132.071641982	1930.8	1930.8	0.246754	0.017377	36	0	0	0	93	0	0	0	0	0.025051	0.0	0.0	0.0	0.066388	0.0	0.0	0.0	0.0	0.012157	0.0	0.0	0.0	3103.16	0.0	0.0	0.0	0.0	0.000338	0.0	0.0	0.0	33.3673	0.0	0.0	0.0	0.0	1	0	0	0	23	0	0	0	0	1	0	0	0	2	0	0	0	0	11	0	0	0	68	0	0	0	0	10	0	0	0	0	0	0	0	0	0	0	0	0	0	0	0	0	0	13	0	0	0	0	0	0	0	0	0.025051	0.0	0.0	0.0	0.066388	0.0	0.0	0.0	0.0	0.27396	0.0	0.0	0.0	0.72604	0.0	0.0	0.0	0.0	
96	134	3141.27776125	1930.8	1930.8	0.242456	0.016172	36	0	0	0	94	0	0	0	0	0.025051	0.0	0.0	0.0	0.061816	0.0	0.0	0.0	0.0	0.012157	0.0	0.0	0.0	3112.36	0.0	0.0	0.0	0.0	0.000338	0.0	0.0	0.0	33.1102	0.0	0.0	0.0	0.0	1	0	0	0	23	0	0	0	0	1	0	0	0	2	0	0	0	0	11	0	0	0	69	0	0	0	0	10	0	0	0	0	0	0	0	0	0	0	0	0	0	0	0	0	0	13	0	0	0	0	0	0	0	0	0.025051	0.0	0.0	0.0	0.061816	0.0	0.0	0.0	0.0	0.288379	0.0	0.0	0.0	0.711621	0.0	0.0	0.0	0.0	
97	135	3150.072767506	1930.8	1930.8	0.238202	0.015024	36	0	0	0	95	0	0	0	0	0.025051	0.0	0.0	0.0	0.057473	0.0	0.0	0.0	0.0	0.012157	0.0	0.0	0.0	3121.16	0.0	0.0	0.0	0.0	0.000338	0.0	0.0	0.0	32.8543	0.0	0.0	0.0	0.0	1	0	0	0	23	0	0	0	0	1	0	0	0	2	0	0	0	0	11	0	0	0	70	0	0	0	0	10	0	0	0	0	0	0	0	0	0	0	0	0	0	0	0	0	0	13	0	0	0	0	0	0	0	0	0.025051	0.0	0.0	0.0	0.057473	0.0	0.0	0.0	0.0	0.303557	0.0	0.0	0.0	0.696443	0.0	0.0	0.0	0.0	
98	137	3191.853551039	1930.8	1930.8	0.234208	0.013986	37	0	0	0	96	0	0	0	0	0.022546	0.0	0.0	0.0	0.053472	0.0	0.0	0.0	0.0	0.012392	0.0	0.0	0.0	3162.94	0.0	0.0	0.0	0.0	0.000335	0.0	0.0	0.0	32.9473	0.0	0.0	0.0	0.0	1	0	0	0	23	0	0	0	0	1	0	0	0	2	0	0	0	0	11	0	0	0	71	0	0	0	0	10	0	0	0	0	0	0	0	0	0	0	0	0	0	0	0	0	0	14	0	0	0	0	0	0	0	0	0.022546	0.0	0.0	0.0	0.053472	0.0	0.0	0.0	0.0	0.296583	0.0	0.0	0.0	0.703417	0.0	0.0	0.0	0.0	
99	138	3204.026762607	1930.8	1930.8	0.216129	0.009785	37	0	0	0	97	0	0	0	0	0.022546	0.0	0.0	0.0	0.049671	0.0	0.0	0.0	0.0	0.012392	0.0	0.0	0.0	3175.11	0.0	0.0	0.0	0.0	0.000335	0.0	0.0	0.0	32.7331	0.0	0.0	0.0	0.0	1	0	0	0	23	0	0	0	0	1	0	0	0	2	0	0	0	0	11	0	0	0	72	0	0	0	0	10	0	0	0	0	0	0	0	0	0	0	0	0	0	0	0	0	0	14	0	0	0	0	0	0	0	0	0.022546	0.0	0.0	0.0	0.049671	0.0	0.0	0.0	0.0	0.312193	0.0	0.0	0.0	0.687807	0.0	0.0	0.0	0.0	
100	139	3215.530075575	1930.8	1930.8	0.211129	0.00877	37	0	0	0	98	0	0	0	0	0.022546	0.0	0.0	0.0	0.04606	0.0	0.0	0.0	0.0	0.012392	0.0	0.0	0.0	3186.61	0.0	0.0	0.0	0.0	0.000335	0.0	0.0	0.0	32.5165	0.0	0.0	0.0	0.0	1	0	0	0	23	0	0	0	0	1	0	0	0	2	0	0	0	0	11	0	0	0	73	0	0	0	0	10	0	0	0	0	0	0	0	0	0	0	0	0	0	0	0	0	0	14	0	0	0	0	0	0	0	0	0.022546	0.0	0.0	0.0	0.04606	0.0	0.0	0.0	0.0	0.328624	0.0	0.0	0.0	0.671376	0.0	0.0	0.0	0.0	
101	140	3232.581762757	1930.8	1930.8	0.206511	0.007888	37	0	0	0	99	0	0	0	0	0.022546	0.0	0.0	0.0	0.04263	0.0	0.0	0.0	0.0	0.012392	0.0	0.0	0.0	3203.66	0.0	0.0	0.0	0.0	0.000335	0.0	0.0	0.0	32.3603	0.0	0.0	0.0	0.0	1	0	0	0	23	0	0	0	0	1	0	0	0	2	0	0	0	0	11	0	0	0	74	0	0	0	0	10	0	0	0	0	0	0	0	0	0	0	0	0	0	0	0	0	0	14	0	0	0	0	0	0	0	0	0.022546	0.0	0.0	0.0	0.04263	0.0	0.0	0.0	0.0	0.34592	0.0	0.0	0.0	0.65408	0.0	0.0	0.0	0.0	
102	141	3243.231089333	1930.8	1930.8	0.19985	0.006713	37	0	0	0	100	0	0	0	0	0.022546	0.0	0.0	0.0	0.039371	0.0	0.0	0.0	0.0	0.012392	0.0	0.0	0.0	3214.31	0.0	0.0	0.0	0.0	0.000335	0.0	0.0	0.0	32.1431	0.0	0.0	0.0	0.0	1	0	0	0	23	0	0	0	0	1	0	0	0	2	0	0	0	0	11	0	0	0	75	0	0	0	0	10	0	0	0	0	0	0	0	0	0	0	0	0	0	0	0	0	0	14	0	0	0	0	0	0	0	0	0.022546	0.0	0.0	0.0	0.039371	0.0	0.0	0.0	0.0	0.364126	0.0	0.0	0.0	0.635874	0.0	0.0	0.0	0.0	
103	142	3423.266147566	1930.8	1930.8	0.195799	0.006053	37	0	0	0	101	0	0	0	0	0.022546	0.0	0.0	0.0	0.036276	0.0	0.0	0.0	0.0	0.012392	0.0	0.0	0.0	3394.35	0.0	0.0	0.0	0.0	0.000335	0.0	0.0	0.0	33.6074	0.0	0.0	0.0	0.0	1	0	0	0	23	0	0	0	0	1	0	0	0	2	0	0	0	0	11	0	0	0	76	0	0	0	0	10	0	0	0	0	0	0	0	0	0	0	0	0	0	0	0	0	0	14	0	0	0	0	0	0	0	0	0.022546	0.0	0.0	0.0	0.036276	0.0	0.0	0.0	0.0	0.383291	0.0	0.0	0.0	0.616709	0.0	0.0	0.0	0.0	
104	143	3437.3149061	1930.8	1930.8	0.138509	0.000732	37	0	0	0	102	0	0	0	0	0.022546	0.0	0.0	0.0	0.033334	0.0	0.0	0.0	0.0	0.012392	0.0	0.0	0.0	3408.4	0.0	0.0	0.0	0.0	0.000335	0.0	0.0	0.0	33.4157	0.0	0.0	0.0	0.0	1	0	0	0	23	0	0	0	0	1	0	0	0	2	0	0	0	0	11	0	0	0	77	0	0	0	0	10	0	0	0	0	0	0	0	0	0	0	0	0	0	0	0	0	0	14	0	0	0	0	0	0	0	0	0.022546	0.0	0.0	0.0	0.033334	0.0	0.0	0.0	0.0	0.403464	0.0	0.0	0.0	0.596536	0.0	0.0	0.0	0.0	
105	147	3446.687934485	1930.8	1930.8	0.134817	0.000601	40	0	0	0	103	0	0	0	0	0.016436	0.0	0.0	0.0	0.030846	0.0	0.0	0.0	0.0	0.013124	0.0	0.0	0.0	3417.77	0.0	0.0	0.0	0.0	0.000328	0.0	0.0	0.0	33.1822	0.0	0.0	0.0	0.0	1	0	0	0	23	0	0	0	0	1	0	0	0	2	0	0	0	0	12	0	0	0	78	0	0	0	0	10	0	0	0	0	0	0	0	0	0	0	0	0	0	0	0	0	0	16	0	0	0	0	0	0	0	0	0.016436	0.0	0.0	0.0	0.030846	0.0	0.0	0.0	0.0	0.347613	0.0	0.0	0.0	0.652387	0.0	0.0	0.0	0.0	
106	149	3451.77409561	1930.8	1930.8	0.132409	0.000525	41	0	0	0	104	0	0	0	0	0.014792	0.0	0.0	0.0	0.028564	0.0	0.0	0.0	0.0	0.013346	0.0	0.0	0.0	3422.86	0.0	0.0	0.0	0.0	0.000326	0.0	0.0	0.0	32.9121	0.0	0.0	0.0	0.0	1	0	0	0	23	0	0	0	0	1	0	0	0	2	0	0	0	0	12	0	0	0	79	0	0	0	0	10	0	0	0	0	0	0	0	0	0	0	0	0	0	0	0	0	0	17	0	0	0	0	0	0	0	0	0.014792	0.0	0.0	0.0	0.028564	0.0	0.0	0.0	0.0	0.341177	0.0	0.0	0.0	0.658823	0.0	0.0	0.0	0.0	
107	150	3459.6639143	1930.8	1930.8	0.131121	0.000487	41	0	0	0	105	0	0	0	0	0.014792	0.0	0.0	0.0	0.026396	0.0	0.0	0.0	0.0	0.013346	0.0	0.0	0.0	3430.75	0.0	0.0	0.0	0.0	0.000326	0.0	0.0	0.0	32.6738	0.0	0.0	0.0	0.0	1	0	0	0	23	0	0	0	0	1	0	0	0	2	0	0	0	0	12	0	0	0	80	0	0	0	0	10	0	0	0	0	0	0	0	0	0	0	0	0	0	0	0	0	0	17	0	0	0	0	0	0	0	0	0.014792	0.0	0.0	0.0	0.026396	0.0	0.0	0.0	0.0	0.359134	0.0	0.0	0.0	0.640866	0.0	0.0	0.0	0.0	
108	152	3468.742184002	1930.8	1930.8	0.129147	0.000434	42	0	0	0	106	0	0	0	0	0.013313	0.0	0.0	0.0	0.024411	0.0	0.0	0.0	0.0	0.013572	0.0	0.0	0.0	3439.82	0.0	0.0	0.0	0.0	0.000323	0.0	0.0	0.0	32.4512	0.0	0.0	0.0	0.0	1	0	0	0	23	0	0	0	0	1	0	0	0	2	0	0	0	0	12	0	0	0	81	0	0	0	0	10	0	0	0	0	0	0	0	0	0	0	0	0	0	0	0	0	0	18	0	0	0	0	0	0	0	0	0.013313	0.0	0.0	0.0	0.024411	0.0	0.0	0.0	0.0	0.352906	0.0	0.0	0.0	0.647094	0.0	0.0	0.0	0.0	
109	153	3478.064180033	1930.8	1930.8	0.126912	0.000378	42	0	0	0	107	0	0	0	0	0.013313	0.0	0.0	0.0	0.022525	0.0	0.0	0.0	0.0	0.013572	0.0	0.0	0.0	3449.15	0.0	0.0	0.0	0.0	0.000323	0.0	0.0	0.0	32.235	0.0	0.0	0.0	0.0	1	0	0	0	23	0	0	0	0	1	0	0	0	2	0	0	0	0	12	0	0	0	82	0	0	0	0	10	0	0	0	0	0	0	0	0	0	0	0	0	0	0	0	0	0	18	0	0	0	0	0	0	0	0	0.013313	0.0	0.0	0.0	0.022525	0.0	0.0	0.0	0.0	0.37148	0.0	0.0	0.0	0.62852	0.0	0.0	0.0	0.0	
110	156	3495.692208481	1930.8	1930.8	0.124658	0.000328	44	0	0	0	108	0	0	0	0	0.010784	0.0	0.0	0.0	0.020859	0.0	0.0	0.0	0.0	0.013942	0.0	0.0	0.0	3466.77	0.0	0.0	0.0	0.0	0.000317	0.0	0.0	0.0	32.0998	0.0	0.0	0.0	0.0	1	0	0	0	23	0	0	0	0	1	0	0	0	2	0	0	0	0	12	0	0	0	83	0	0	0	0	10	0	0	0	0	0	0	0	0	0	0	0	0	0	0	0	0	0	20	0	0	0	0	0	0	0	0	0.010784	0.0	0.0	0.0	0.020859	0.0	0.0	0.0	0.0	0.340789	0.0	0.0	0.0	0.659211	0.0	0.0	0.0	0.0	
111	158	3504.593599817	1930.8	1930.8	0.120503	0.000249	45	0	0	0	109	0	0	0	0	0.009705	0.0	0.0	0.0	0.019331	0.0	0.0	0.0	0.0	0.014366	0.0	0.0	0.0	3475.67	0.0	0.0	0.0	0.0	0.000319	0.0	0.0	0.0	31.8869	0.0	0.0	0.0	0.0	1	0	0	0	23	0	0	0	0	1	0	0	0	2	0	0	0	0	12	0	0	0	84	0	0	0	0	11	0	0	0	0	0	0	0	0	0	0	0	0	0	0	0	0	0	20	0	0	0	0	0	0	0	0	0.009705	0.0	0.0	0.0	0.019331	0.0	0.0	0.0	0.0	0.334243	0.0	0.0	0.0	0.665757	0.0	0.0	0.0	0.0	
112	159	3513.146861069	1930.8	1930.8	0.118459	0.000216	45	0	0	0	110	0	0	0	0	0.009705	0.0	0.0	0.0	0.017879	0.0	0.0	0.0	0.0	0.014366	0.0	0.0	0.0	3484.23	0.0	0.0	0.0	0.0	0.000319	0.0	0.0	0.0	31.6748	0.0	0.0	0.0	0.0	1	0	0	0	23	0	0	0	0	1	0	0	0	2	0	0	0	0	12	0	0	0	85	0	0	0	0	11	0	0	0	0	0	0	0	0	0	0	0	0	0	0	0	0	0	20	0	0	0	0	0	0	0	0	0.009705	0.0	0.0	0.0	0.017879	0.0	0.0	0.0	0.0	0.351835	0.0	0.0	0.0	0.648165	0.0	0.0	0.0	0.0	
113	163	3526.649749063	1930.8	1930.8	0.116526	0.000187	48	0	0	0	111	0	0	0	0	0.007075	0.0	0.0	0.0	0.016632	0.0	0.0	0.0	0.0	0.015083	0.0	0.0	0.0	3497.73	0.0	0.0	0.0	0.0	0.000314	0.0	0.0	0.0	31.5111	0.0	0.0	0.0	0.0	1	0	0	0	23	0	0	0	0	1	0	0	0	2	0	0	0	0	12	0	0	0	86	0	0	0	0	12	0	0	0	0	0	0	0	0	0	0	0	0	0	0	0	0	0	22	0	0	0	0	0	0	0	0	0.007075	0.0	0.0	0.0	0.016632	0.0	0.0	0.0	0.0	0.298443	0.0	0.0	0.0	0.701557	0.0	0.0	0.0	0.0	
114	164	3536.42317259	1930.8	1930.8	0.11354	0.00015	48	0	0	0	112	0	0	0	0	0.007075	0.0	0.0	0.0	0.015446	0.0	0.0	0.0	0.0	0.015083	0.0	0.0	0.0	3507.5	0.0	0.0	0.0	0.0	0.000314	0.0	0.0	0.0	31.317	0.0	0.0	0.0	0.0	1	0	0	0	23	0	0	0	0	1	0	0	0	2	0	0	0	0	12	0	0	0	87	0	0	0	0	12	0	0	0	0	0	0	0	0	0	0	0	0	0	0	0	0	0	22	0	0	0	0	0	0	0	0	0.007075	0.0	0.0	0.0	0.015446	0.0	0.0	0.0	0.0	0.31415	0.0	0.0	0.0	0.68585	0.0	0.0	0.0	0.0	
115	166	3541.18169434	1930.8	1930.8	0.111426	0.000127	49	0	0	0	113	0	0	0	0	0.006368	0.0	0.0	0.0	0.014356	0.0	0.0	0.0	0.0	0.015526	0.0	0.0	0.0	3512.26	0.0	0.0	0.0	0.0	0.000317	0.0	0.0	0.0	31.082	0.0	0.0	0.0	0.0	1	0	0	0	23	0	0	0	0	1	0	0	0	2	0	0	0	0	13	0	0	0	88	0	0	0	0	12	0	0	0	0	0	0	0	0	0	0	0	0	0	0	0	0	0	22	0	0	0	0	0	0	0	0	0.006368	0.0	0.0	0.0	0.014356	0.0	0.0	0.0	0.0	0.307269	0.0	0.0	0.0	0.692731	0.0	0.0	0.0	0.0	
116	167	3545.126207858	1930.8	1930.8	0.110411	0.000117	49	0	0	0	114	0	0	0	0	0.006368	0.0	0.0	0.0	0.013319	0.0	0.0	0.0	0.0	0.015526	0.0	0.0	0.0	3516.21	0.0	0.0	0.0	0.0	0.000317	0.0	0.0	0.0	30.8439	0.0	0.0	0.0	0.0	1	0	0	0	23	0	0	0	0	1	0	0	0	2	0	0	0	0	13	0	0	0	89	0	0	0	0	12	0	0	0	0	0	0	0	0	0	0	0	0	0	0	0	0	0	22	0	0	0	0	0	0	0	0	0.006368	0.0	0.0	0.0	0.013319	0.0	0.0	0.0	0.0	0.323441	0.0	0.0	0.0	0.676559	0.0	0.0	0.0	0.0	
117	168	3627.184477994	1930.8	1930.8	0.109577	0.000109	49	0	0	0	115	0	0	0	0	0.006368	0.0	0.0	0.0	0.012335	0.0	0.0	0.0	0.0	0.015526	0.0	0.0	0.0	3598.26	0.0	0.0	0.0	0.0	0.000317	0.0	0.0	0.0	31.2893	0.0	0.0	0.0	0.0	1	0	0	0	23	0	0	0	0	1	0	0	0	2	0	0	0	0	13	0	0	0	90	0	0	0	0	12	0	0	0	0	0	0	0	0	0	0	0	0	0	0	0	0	0	22	0	0	0	0	0	0	0	0	0.006368	0.0	0.0	0.0	0.012335	0.0	0.0	0.0	0.0	0.340464	0.0	0.0	0.0	0.659536	0.0	0.0	0.0	0.0	
118	171	3640.694953631	1930.8	1930.8	0.093583	2.3e-5	51	0	0	0	116	0	0	0	0	0.005158	0.0	0.0	0.0	0.01146	0.0	0.0	0.0	0.0	0.016208	0.0	0.0	0.0	3611.77	0.0	0.0	0.0	0.0	0.000318	0.0	0.0	0.0	31.136	0.0	0.0	0.0	0.0	1	0	0	0	23	0	0	0	0	1	0	0	0	2	0	0	0	0	13	0	0	0	91	0	0	0	0	14	0	0	0	0	0	0	0	0	0	0	0	0	0	0	0	0	0	22	0	0	0	0	0	0	0	0	0.005158	0.0	0.0	0.0	0.01146	0.0	0.0	0.0	0.0	0.310368	0.0	0.0	0.0	0.689632	0.0	0.0	0.0	0.0	
119	172	3671.452127116	1930.8	1930.8	0.091184	1.7e-5	51	0	0	0	117	0	0	0	0	0.005158	0.0	0.0	0.0	0.010629	0.0	0.0	0.0	0.0	0.016208	0.0	0.0	0.0	3642.53	0.0	0.0	0.0	0.0	0.000318	0.0	0.0	0.0	31.1327	0.0	0.0	0.0	0.0	1	0	0	0	23	0	0	0	0	1	0	0	0	2	0	0	0	0	13	0	0	0	92	0	0	0	0	14	0	0	0	0	0	0	0	0	0	0	0	0	0	0	0	0	0	22	0	0	0	0	0	0	0	0	0.005158	0.0	0.0	0.0	0.010629	0.0	0.0	0.0	0.0	0.326703	0.0	0.0	0.0	0.673297	0.0	0.0	0.0	0.0	
120	174	3675.730300975	1930.8	1930.8	0.085948	9.0e-6	52	0	0	0	118	0	0	0	0	0.004642	0.0	0.0	0.0	0.009866	0.0	0.0	0.0	0.0	0.016594	0.0	0.0	0.0	3646.81	0.0	0.0	0.0	0.0	0.000319	0.0	0.0	0.0	30.9052	0.0	0.0	0.0	0.0	1	0	0	0	23	0	0	0	0	1	0	0	0	2	0	0	0	0	13	0	0	0	93	0	0	0	0	15	0	0	0	0	0	0	0	0	0	0	0	0	0	0	0	0	0	22	0	0	0	0	0	0	0	0	0.004642	0.0	0.0	0.0	0.009866	0.0	0.0	0.0	0.0	0.319961	0.0	0.0	0.0	0.680039	0.0	0.0	0.0	0.0	
121	175	3688.138438849	1930.8	1930.8	0.085244	8.0e-6	52	0	0	0	119	0	0	0	0	0.004642	0.0	0.0	0.0	0.00914	0.0	0.0	0.0	0.0	0.016594	0.0	0.0	0.0	3659.22	0.0	0.0	0.0	0.0	0.000319	0.0	0.0	0.0	30.7497	0.0	0.0	0.0	0.0	1	0	0	0	23	0	0	0	0	1	0	0	0	2	0	0	0	0	13	0	0	0	94	0	0	0	0	15	0	0	0	0	0	0	0	0	0	0	0	0	0	0	0	0	0	22	0	0	0	0	0	0	0	0	0.004642	0.0	0.0	0.0	0.00914	0.0	0.0	0.0	0.0	0.336801	0.0	0.0	0.0	0.663199	0.0	0.0	0.0	0.0	
122	177	3706.565892446	1930.8	1930.8	0.083234	6.0e-6	53	0	0	0	120	0	0	0	0	0.004178	0.0	0.0	0.0	0.008475	0.0	0.0	0.0	0.0	0.016975	0.0	0.0	0.0	3677.64	0.0	0.0	0.0	0.0	0.00032	0.0	0.0	0.0	30.647	0.0	0.0	0.0	0.0	1	0	0	0	23	0	0	0	0	1	0	0	0	2	0	0	0	0	14	0	0	0	95	0	0	0	0	15	0	0	0	0	0	0	0	0	0	0	0	0	0	0	0	0	0	22	0	0	0	0	0	0	0	0	0.004178	0.0	0.0	0.0	0.008475	0.0	0.0	0.0	0.0	0.330196	0.0	0.0	0.0	0.669804	0.0	0.0	0.0	0.0	
123	179	3724.380679339	1930.8	1930.8	0.080337	4.0e-6	54	0	0	0	121	0	0	0	0	0.00376	0.0	0.0	0.0	0.007863	0.0	0.0	0.0	0.0	0.017158	0.0	0.0	0.0	3695.46	0.0	0.0	0.0	0.0	0.000318	0.0	0.0	0.0	30.541	0.0	0.0	0.0	0.0	1	0	0	0	23	0	0	0	0	1	0	0	0	2	0	0	0	0	14	0	0	0	96	0	0	0	0	15	0	0	0	0	0	0	0	0	0	0	0	0	0	0	0	0	0	23	0	0	0	0	0	0	0	0	0.00376	0.0	0.0	0.0	0.007863	0.0	0.0	0.0	0.0	0.323499	0.0	0.0	0.0	0.676501	0.0	0.0	0.0	0.0	
124	181	3773.875390845	1930.8	1930.8	0.077631	3.0e-6	55	0	0	0	122	0	0	0	0	0.003384	0.0	0.0	0.0	0.0073	0.0	0.0	0.0	0.0	0.017619	0.0	0.0	0.0	3744.95	0.0	0.0	0.0	0.0	0.00032	0.0	0.0	0.0	30.6963	0.0	0.0	0.0	0.0	1	0	0	0	23	0	0	0	0	1	0	0	0	2	0	0	0	0	14	0	0	0	97	0	0	0	0	16	0	0	0	0	0	0	0	0	0	0	0	0	0	0	0	0	0	23	0	0	0	0	0	0	0	0	0.003384	0.0	0.0	0.0	0.0073	0.0	0.0	0.0	0.0	0.316718	0.0	0.0	0.0	0.683282	0.0	0.0	0.0	0.0	
125	182	3790.349737676	1930.8	1930.8	0.070584	1.0e-6	55	0	0	0	123	0	0	0	0	0.003384	0.0	0.0	0.0	0.006766	0.0	0.0	0.0	0.0	0.017619	0.0	0.0	0.0	3761.43	0.0	0.0	0.0	0.0	0.00032	0.0	0.0	0.0	30.5807	0.0	0.0	0.0	0.0	1	0	0	0	23	0	0	0	0	1	0	0	0	2	0	0	0	0	14	0	0	0	98	0	0	0	0	16	0	0	0	0	0	0	0	0	0	0	0	0	0	0	0	0	0	23	0	0	0	0	0	0	0	0	0.003384	0.0	0.0	0.0	0.006766	0.0	0.0	0.0	0.0	0.333388	0.0	0.0	0.0	0.666612	0.0	0.0	0.0	0.0	
126	183	3802.4364832	1930.8	1930.8	0.068384	0.0	55	0	0	0	124	0	0	0	0	0.003384	0.0	0.0	0.0	0.006259	0.0	0.0	0.0	0.0	0.017619	0.0	0.0	0.0	3773.51	0.0	0.0	0.0	0.0	0.00032	0.0	0.0	0.0	30.4316	0.0	0.0	0.0	0.0	1	0	0	0	23	0	0	0	0	1	0	0	0	2	0	0	0	0	14	0	0	0	99	0	0	0	0	16	0	0	0	0	0	0	0	0	0	0	0	0	0	0	0	0	0	23	0	0	0	0	0	0	0	0	0.003384	0.0	0.0	0.0	0.006259	0.0	0.0	0.0	0.0	0.350935	0.0	0.0	0.0	0.649065	0.0	0.0	0.0	0.0	
127	184	3813.371171424	1930.8	1930.8	0.066813	0.0	55	0	0	0	125	0	0	0	0	0.003384	0.0	0.0	0.0	0.005777	0.0	0.0	0.0	0.0	0.017619	0.0	0.0	0.0	3784.45	0.0	0.0	0.0	0.0	0.00032	0.0	0.0	0.0	30.2756	0.0	0.0	0.0	0.0	1	0	0	0	23	0	0	0	0	1	0	0	0	2	0	0	0	0	14	0	0	0	100	0	0	0	0	16	0	0	0	0	0	0	0	0	0	0	0	0	0	0	0	0	0	23	0	0	0	0	0	0	0	0	0.003384	0.0	0.0	0.0	0.005777	0.0	0.0	0.0	0.0	0.369405	0.0	0.0	0.0	0.630595	0.0	0.0	0.0	0.0	
128	185	3825.971130634	1930.8	1930.8	0.065423	0.0	55	0	0	0	126	0	0	0	0	0.003384	0.0	0.0	0.0	0.005319	0.0	0.0	0.0	0.0	0.017619	0.0	0.0	0.0	3797.05	0.0	0.0	0.0	0.0	0.00032	0.0	0.0	0.0	30.1353	0.0	0.0	0.0	0.0	1	0	0	0	23	0	0	0	0	1	0	0	0	2	0	0	0	0	14	0	0	0	101	0	0	0	0	16	0	0	0	0	0	0	0	0	0	0	0	0	0	0	0	0	0	23	0	0	0	0	0	0	0	0	0.003384	0.0	0.0	0.0	0.005319	0.0	0.0	0.0	0.0	0.388847	0.0	0.0	0.0	0.611153	0.0	0.0	0.0	0.0	
129	186	3849.782371792	1930.8	1930.8	0.063857	0.0	55	0	0	0	127	0	0	0	0	0.003384	0.0	0.0	0.0	0.004883	0.0	0.0	0.0	0.0	0.017619	0.0	0.0	0.0	3820.86	0.0	0.0	0.0	0.0	0.00032	0.0	0.0	0.0	30.0855	0.0	0.0	0.0	0.0	1	0	0	0	23	0	0	0	0	1	0	0	0	2	0	0	0	0	14	0	0	0	102	0	0	0	0	16	0	0	0	0	0	0	0	0	0	0	0	0	0	0	0	0	0	23	0	0	0	0	0	0	0	0	0.003384	0.0	0.0	0.0	0.004883	0.0	0.0	0.0	0.0	0.409313	0.0	0.0	0.0	0.590687	0.0	0.0	0.0	0.0	
130	188	3860.567388637	1930.8	1930.8	0.060999	0.0	56	0	0	0	128	0	0	0	0	0.003046	0.0	0.0	0.0	0.004487	0.0	0.0	0.0	0.0	0.018075	0.0	0.0	0.0	3831.64	0.0	0.0	0.0	0.0	0.000323	0.0	0.0	0.0	29.9347	0.0	0.0	0.0	0.0	1	0	0	0	23	0	0	0	0	1	0	0	0	2	0	0	0	0	14	0	0	0	103	0	0	0	0	17	0	0	0	0	0	0	0	0	0	0	0	0	0	0	0	0	0	23	0	0	0	0	0	0	0	0	0.003046	0.0	0.0	0.0	0.004487	0.0	0.0	0.0	0.0	0.404319	0.0	0.0	0.0	0.595681	0.0	0.0	0.0	0.0	
131	189	3871.149106531	1930.8	1930.8	0.059747	0.0	56	0	0	0	129	0	0	0	0	0.003046	0.0	0.0	0.0	0.00411	0.0	0.0	0.0	0.0	0.018075	0.0	0.0	0.0	3842.23	0.0	0.0	0.0	0.0	0.000323	0.0	0.0	0.0	29.7847	0.0	0.0	0.0	0.0	1	0	0	0	23	0	0	0	0	1	0	0	0	2	0	0	0	0	14	0	0	0	104	0	0	0	0	17	0	0	0	0	0	0	0	0	0	0	0	0	0	0	0	0	0	23	0	0	0	0	0	0	0	0	0.003046	0.0	0.0	0.0	0.00411	0.0	0.0	0.0	0.0	0.425599	0.0	0.0	0.0	0.574401	0.0	0.0	0.0	0.0	
132	190	3903.607933644	1930.8	1930.8	0.058544	0.0	56	0	0	0	130	0	0	0	0	0.003046	0.0	0.0	0.0	0.003753	0.0	0.0	0.0	0.0	0.018075	0.0	0.0	0.0	3874.68	0.0	0.0	0.0	0.0	0.000323	0.0	0.0	0.0	29.8053	0.0	0.0	0.0	0.0	1	0	0	0	23	0	0	0	0	1	0	0	0	2	0	0	0	0	14	0	0	0	105	0	0	0	0	17	0	0	0	0	0	0	0	0	0	0	0	0	0	0	0	0	0	23	0	0	0	0	0	0	0	0	0.003046	0.0	0.0	0.0	0.003753	0.0	0.0	0.0	0.0	0.447999	0.0	0.0	0.0	0.552001	0.0	0.0	0.0	0.0	
133	191	3917.858838106	1930.8	1930.8	0.055002	0.0	56	0	0	0	131	0	0	0	0	0.003046	0.0	0.0	0.0	0.003413	0.0	0.0	0.0	0.0	0.018075	0.0	0.0	0.0	3888.94	0.0	0.0	0.0	0.0	0.000323	0.0	0.0	0.0	29.6865	0.0	0.0	0.0	0.0	1	0	0	0	23	0	0	0	0	1	0	0	0	2	0	0	0	0	14	0	0	0	106	0	0	0	0	17	0	0	0	0	0	0	0	0	0	0	0	0	0	0	0	0	0	23	0	0	0	0	0	0	0	0	0.003046	0.0	0.0	0.0	0.003413	0.0	0.0	0.0	0.0	0.471578	0.0	0.0	0.0	0.528422	0.0	0.0	0.0	0.0	
134	195	3932.424805985	1930.8	1930.8	0.053515	0.0	59	0	0	0	132	0	0	0	0	0.00222	0.0	0.0	0.0	0.003131	0.0	0.0	0.0	0.0	0.018978	0.0	0.0	0.0	3903.5	0.0	0.0	0.0	0.0	0.000322	0.0	0.0	0.0	29.572	0.0	0.0	0.0	0.0	1	0	0	0	23	0	0	0	0	1	0	0	0	2	0	0	0	0	15	0	0	0	107	0	0	0	0	19	0	0	0	0	0	0	0	0	0	0	0	0	0	0	0	0	0	23	0	0	0	0	0	0	0	0	0.00222	0.0	0.0	0.0	0.003131	0.0	0.0	0.0	0.0	0.414897	0.0	0.0	0.0	0.585103	0.0	0.0	0.0	0.0	
135	198	3938.376287926	1930.8	1930.8	0.052037	0.0	61	0	0	0	133	0	0	0	0	0.001798	0.0	0.0	0.0	0.002885	0.0	0.0	0.0	0.0	0.019387	0.0	0.0	0.0	3909.45	0.0	0.0	0.0	0.0	0.000318	0.0	0.0	0.0	29.3944	0.0	0.0	0.0	0.0	1	0	0	0	23	0	0	0	0	1	0	0	0	2	0	0	0	0	15	0	0	0	108	0	0	0	0	19	0	0	0	0	0	0	0	0	0	0	0	0	0	0	0	0	0	25	0	0	0	0	0	0	0	0	0.001798	0.0	0.0	0.0	0.002885	0.0	0.0	0.0	0.0	0.384027	0.0	0.0	0.0	0.615973	0.0	0.0	0.0	0.0	
136	199	3945.230513947	1930.8	1930.8	0.051445	0.0	61	0	0	0	134	0	0	0	0	0.001798	0.0	0.0	0.0	0.00265	0.0	0.0	0.0	0.0	0.019387	0.0	0.0	0.0	3916.31	0.0	0.0	0.0	0.0	0.000318	0.0	0.0	0.0	29.2262	0.0	0.0	0.0	0.0	1	0	0	0	23	0	0	0	0	1	0	0	0	2	0	0	0	0	15	0	0	0	109	0	0	0	0	19	0	0	0	0	0	0	0	0	0	0	0	0	0	0	0	0	0	25	0	0	0	0	0	0	0	0	0.001798	0.0	0.0	0.0	0.00265	0.0	0.0	0.0	0.0	0.404239	0.0	0.0	0.0	0.595761	0.0	0.0	0.0	0.0	
137	200	3953.49809335	1930.8	1930.8	0.050772	0.0	61	0	0	0	135	0	0	0	0	0.001798	0.0	0.0	0.0	0.002428	0.0	0.0	0.0	0.0	0.019387	0.0	0.0	0.0	3924.57	0.0	0.0	0.0	0.0	0.000318	0.0	0.0	0.0	29.0709	0.0	0.0	0.0	0.0	1	0	0	0	23	0	0	0	0	1	0	0	0	2	0	0	0	0	15	0	0	0	110	0	0	0	0	19	0	0	0	0	0	0	0	0	0	0	0	0	0	0	0	0	0	25	0	0	0	0	0	0	0	0	0.001798	0.0	0.0	0.0	0.002428	0.0	0.0	0.0	0.0	0.425515	0.0	0.0	0.0	0.574485	0.0	0.0	0.0	0.0	
138	203	3965.939367612	1930.8	1930.8	0.049971	0.0	63	0	0	0	136	0	0	0	0	0.001457	0.0	0.0	0.0	0.002234	0.0	0.0	0.0	0.0	0.019969	0.0	0.0	0.0	3937.01	0.0	0.0	0.0	0.0	0.000317	0.0	0.0	0.0	28.9486	0.0	0.0	0.0	0.0	1	0	0	0	23	0	0	0	0	1	0	0	0	2	0	0	0	0	15	0	0	0	111	0	0	0	0	20	0	0	0	0	0	0	0	0	0	0	0	0	0	0	0	0	0	26	0	0	0	0	0	0	0	0	0.001457	0.0	0.0	0.0	0.002234	0.0	0.0	0.0	0.0	0.394719	0.0	0.0	0.0	0.605281	0.0	0.0	0.0	0.0	
139	204	3974.559818221	1930.8	1930.8	0.04879	0.0	63	0	0	0	137	0	0	0	0	0.001457	0.0	0.0	0.0	0.002049	0.0	0.0	0.0	0.0	0.019969	0.0	0.0	0.0	3945.63	0.0	0.0	0.0	0.0	0.000317	0.0	0.0	0.0	28.8003	0.0	0.0	0.0	0.0	1	0	0	0	23	0	0	0	0	1	0	0	0	2	0	0	0	0	15	0	0	0	112	0	0	0	0	20	0	0	0	0	0	0	0	0	0	0	0	0	0	0	0	0	0	26	0	0	0	0	0	0	0	0	0.001457	0.0	0.0	0.0	0.002049	0.0	0.0	0.0	0.0	0.415494	0.0	0.0	0.0	0.584506	0.0	0.0	0.0	0.0	
140	205	3989.339179019	1930.8	1930.8	0.047988	0.0	63	0	0	0	138	0	0	0	0	0.001457	0.0	0.0	0.0	0.001874	0.0	0.0	0.0	0.0	0.019969	0.0	0.0	0.0	3960.41	0.0	0.0	0.0	0.0	0.000317	0.0	0.0	0.0	28.6986	0.0	0.0	0.0	0.0	1	0	0	0	23	0	0	0	0	1	0	0	0	2	0	0	0	0	15	0	0	0	113	0	0	0	0	20	0	0	0	0	0	0	0	0	0	0	0	0	0	0	0	0	0	26	0	0	0	0	0	0	0	0	0.001457	0.0	0.0	0.0	0.001874	0.0	0.0	0.0	0.0	0.437362	0.0	0.0	0.0	0.562638	0.0	0.0	0.0	0.0	
141	210	4002.304586314	1930.8	1930.8	0.046643	0.0	67	0	0	0	139	0	0	0	0	0.000956	0.0	0.0	0.0	0.001732	0.0	0.0	0.0	0.0	0.020835	0.0	0.0	0.0	3973.38	0.0	0.0	0.0	0.0	0.000311	0.0	0.0	0.0	28.5855	0.0	0.0	0.0	0.0	1	0	0	0	23	0	0	0	0	1	0	0	0	2	0	0	0	0	17	0	0	0	114	0	0	0	0	20	0	0	0	0	0	0	0	0	0	0	0	0	0	0	0	0	0	28	0	0	0	0	0	0	0	0	0.000956	0.0	0.0	0.0	0.001732	0.0	0.0	0.0	0.0	0.355531	0.0	0.0	0.0	0.644469	0.0	0.0	0.0	0.0	
142	212	4081.255238135	1930.8	1930.8	0.045495	0.0	68	0	0	0	140	0	0	0	0	0.00086	0.0	0.0	0.0	0.001603	0.0	0.0	0.0	0.0	0.021252	0.0	0.0	0.0	4052.33	0.0	0.0	0.0	0.0	0.000313	0.0	0.0	0.0	28.9452	0.0	0.0	0.0	0.0	1	0	0	0	23	0	0	0	0	1	0	0	0	2	0	0	0	0	18	0	0	0	115	0	0	0	0	20	0	0	0	0	0	0	0	0	0	0	0	0	0	0	0	0	0	28	0	0	0	0	0	0	0	0	0.00086	0.0	0.0	0.0	0.001603	0.0	0.0	0.0	0.0	0.349236	0.0	0.0	0.0	0.650764	0.0	0.0	0.0	0.0	
143	213	4109.76282025	1930.8	1930.8	0.039088	0.0	68	0	0	0	141	0	0	0	0	0.00086	0.0	0.0	0.0	0.00148	0.0	0.0	0.0	0.0	0.021252	0.0	0.0	0.0	4080.84	0.0	0.0	0.0	0.0	0.000313	0.0	0.0	0.0	28.9421	0.0	0.0	0.0	0.0	1	0	0	0	23	0	0	0	0	1	0	0	0	2	0	0	0	0	18	0	0	0	116	0	0	0	0	20	0	0	0	0	0	0	0	0	0	0	0	0	0	0	0	0	0	28	0	0	0	0	0	0	0	0	0.00086	0.0	0.0	0.0	0.00148	0.0	0.0	0.0	0.0	0.367616	0.0	0.0	0.0	0.632384	0.0	0.0	0.0	0.0	
144	214	4114.052196187	1930.8	1930.8	0.037003	0.0	68	0	0	0	142	0	0	0	0	0.00086	0.0	0.0	0.0	0.001363	0.0	0.0	0.0	0.0	0.021252	0.0	0.0	0.0	4085.13	0.0	0.0	0.0	0.0	0.000313	0.0	0.0	0.0	28.7685	0.0	0.0	0.0	0.0	1	0	0	0	23	0	0	0	0	1	0	0	0	2	0	0	0	0	18	0	0	0	117	0	0	0	0	20	0	0	0	0	0	0	0	0	0	0	0	0	0	0	0	0	0	28	0	0	0	0	0	0	0	0	0.00086	0.0	0.0	0.0	0.001363	0.0	0.0	0.0	0.0	0.386964	0.0	0.0	0.0	0.613036	0.0	0.0	0.0	0.0	
145	215	4125.654759433	1930.8	1930.8	0.036699	0.0	68	0	0	0	143	0	0	0	0	0.00086	0.0	0.0	0.0	0.001252	0.0	0.0	0.0	0.0	0.021252	0.0	0.0	0.0	4096.73	0.0	0.0	0.0	0.0	0.000313	0.0	0.0	0.0	28.6484	0.0	0.0	0.0	0.0	1	0	0	0	23	0	0	0	0	1	0	0	0	2	0	0	0	0	18	0	0	0	118	0	0	0	0	20	0	0	0	0	0	0	0	0	0	0	0	0	0	0	0	0	0	28	0	0	0	0	0	0	0	0	0.00086	0.0	0.0	0.0	0.001252	0.0	0.0	0.0	0.0	0.407331	0.0	0.0	0.0	0.592669	0.0	0.0	0.0	0.0	
146	219	4132.641007902	1930.8	1930.8	0.035889	0.0	71	0	0	0	144	0	0	0	0	0.000627	0.0	0.0	0.0	0.001158	0.0	0.0	0.0	0.0	0.021932	0.0	0.0	0.0	4103.71	0.0	0.0	0.0	0.0	0.000309	0.0	0.0	0.0	28.498	0.0	0.0	0.0	0.0	1	0	0	0	23	0	0	0	0	1	0	0	0	2	0	0	0	0	18	0	0	0	119	0	0	0	0	21	0	0	0	0	0	0	0	0	0	0	0	0	0	0	0	0	0	30	0	0	0	0	0	0	0	0	0.000627	0.0	0.0	0.0	0.001158	0.0	0.0	0.0	0.0	0.351358	0.0	0.0	0.0	0.648642	0.0	0.0	0.0	0.0	
147	220	4136.458950318	1930.8	1930.8	0.03541	0.0	71	0	0	0	145	0	0	0	0	0.000627	0.0	0.0	0.0	0.001068	0.0	0.0	0.0	0.0	0.021932	0.0	0.0	0.0	4107.53	0.0	0.0	0.0	0.0	0.000309	0.0	0.0	0.0	28.3278	0.0	0.0	0.0	0.0	1	0	0	0	23	0	0	0	0	1	0	0	0	2	0	0	0	0	18	0	0	0	120	0	0	0	0	21	0	0	0	0	0	0	0	0	0	0	0	0	0	0	0	0	0	30	0	0	0	0	0	0	0	0	0.000627	0.0	0.0	0.0	0.001068	0.0	0.0	0.0	0.0	0.36985	0.0	0.0	0.0	0.63015	0.0	0.0	0.0	0.0	
148	222	4151.473603278	1930.8	1930.8	0.035151	0.0	72	0	0	0	146	0	0	0	0	0.000564	0.0	0.0	0.0	0.000987	0.0	0.0	0.0	0.0	0.022186	0.0	0.0	0.0	4122.55	0.0	0.0	0.0	0.0	0.000308	0.0	0.0	0.0	28.2366	0.0	0.0	0.0	0.0	1	0	0	0	23	0	0	0	0	1	0	0	0	2	0	0	0	0	18	0	0	0	121	0	0	0	0	21	0	0	0	0	0	0	0	0	0	0	0	0	0	0	0	0	0	31	0	0	0	0	0	0	0	0	0.000564	0.0	0.0	0.0	0.000987	0.0	0.0	0.0	0.0	0.363841	0.0	0.0	0.0	0.636159	0.0	0.0	0.0	0.0	
149	223	4164.635009513	1930.8	1930.8	0.034151	0.0	72	0	0	0	147	0	0	0	0	0.000564	0.0	0.0	0.0	0.000909	0.0	0.0	0.0	0.0	0.022186	0.0	0.0	0.0	4135.71	0.0	0.0	0.0	0.0	0.000308	0.0	0.0	0.0	28.1341	0.0	0.0	0.0	0.0	1	0	0	0	23	0	0	0	0	1	0	0	0	2	0	0	0	0	18	0	0	0	122	0	0	0	0	21	0	0	0	0	0	0	0	0	0	0	0	0	0	0	0	0	0	31	0	0	0	0	0	0	0	0	0.000564	0.0	0.0	0.0	0.000909	0.0	0.0	0.0	0.0	0.38299	0.0	0.0	0.0	0.61701	0.0	0.0	0.0	0.0	
150	224	4170.379306568	1930.8	1930.8	0.033298	0.0	72	0	0	0	148	0	0	0	0	0.000564	0.0	0.0	0.0	0.000836	0.0	0.0	0.0	0.0	0.022186	0.0	0.0	0.0	4141.45	0.0	0.0	0.0	0.0	0.000308	0.0	0.0	0.0	27.9828	0.0	0.0	0.0	0.0	1	0	0	0	23	0	0	0	0	1	0	0	0	2	0	0	0	0	18	0	0	0	123	0	0	0	0	21	0	0	0	0	0	0	0	0	0	0	0	0	0	0	0	0	0	31	0	0	0	0	0	0	0	0	0.000564	0.0	0.0	0.0	0.000836	0.0	0.0	0.0	0.0	0.403147	0.0	0.0	0.0	0.596853	0.0	0.0	0.0	0.0	
151	225	4237.300378989	1930.8	1930.8	0.032932	0.0	72	0	0	0	149	0	0	0	0	0.000564	0.0	0.0	0.0	0.000766	0.0	0.0	0.0	0.0	0.022186	0.0	0.0	0.0	4208.37	0.0	0.0	0.0	0.0	0.000308	0.0	0.0	0.0	28.2441	0.0	0.0	0.0	0.0	1	0	0	0	23	0	0	0	0	1	0	0	0	2	0	0	0	0	18	0	0	0	124	0	0	0	0	21	0	0	0	0	0	0	0	0	0	0	0	0	0	0	0	0	0	31	0	0	0	0	0	0	0	0	0.000564	0.0	0.0	0.0	0.000766	0.0	0.0	0.0	0.0	0.424365	0.0	0.0	0.0	0.575635	0.0	0.0	0.0	0.0	
152	226	4257.879625159	1930.8	1930.8	0.028956	0.0	72	0	0	0	150	0	0	0	0	0.000564	0.0	0.0	0.0	0.000699	0.0	0.0	0.0	0.0	0.022186	0.0	0.0	0.0	4228.95	0.0	0.0	0.0	0.0	0.000308	0.0	0.0	0.0	28.193	0.0	0.0	0.0	0.0	1	0	0	0	23	0	0	0	0	1	0	0	0	2	0	0	0	0	18	0	0	0	125	0	0	0	0	21	0	0	0	0	0	0	0	0	0	0	0	0	0	0	0	0	0	31	0	0	0	0	0	0	0	0	0.000564	0.0	0.0	0.0	0.000699	0.0	0.0	0.0	0.0	0.4467	0.0	0.0	0.0	0.5533	0.0	0.0	0.0	0.0	
153	227	4275.405656242	1930.8	1930.8	0.027832	0.0	72	0	0	0	151	0	0	0	0	0.000564	0.0	0.0	0.0	0.000636	0.0	0.0	0.0	0.0	0.022186	0.0	0.0	0.0	4246.48	0.0	0.0	0.0	0.0	0.000308	0.0	0.0	0.0	28.1224	0.0	0.0	0.0	0.0	1	0	0	0	23	0	0	0	0	1	0	0	0	2	0	0	0	0	18	0	0	0	126	0	0	0	0	21	0	0	0	0	0	0	0	0	0	0	0	0	0	0	0	0	0	31	0	0	0	0	0	0	0	0	0.000564	0.0	0.0	0.0	0.000636	0.0	0.0	0.0	0.0	0.47021	0.0	0.0	0.0	0.52979	0.0	0.0	0.0	0.0	
154	228	4286.512934237	1930.8	1930.8	0.02691	0.0	72	0	0	0	152	0	0	0	0	0.000564	0.0	0.0	0.0	0.000576	0.0	0.0	0.0	0.0	0.022186	0.0	0.0	0.0	4257.58	0.0	0.0	0.0	0.0	0.000308	0.0	0.0	0.0	28.0104	0.0	0.0	0.0	0.0	1	0	0	0	23	0	0	0	0	1	0	0	0	2	0	0	0	0	18	0	0	0	127	0	0	0	0	21	0	0	0	0	0	0	0	0	0	0	0	0	0	0	0	0	0	31	0	0	0	0	0	0	0	0	0.000564	0.0	0.0	0.0	0.000576	0.0	0.0	0.0	0.0	0.494958	0.0	0.0	0.0	0.505042	0.0	0.0	0.0	0.0	
155	229	4297.807974416	1930.8	1930.8	0.026342	0.0	72	0	0	0	153	0	0	0	0	0.000564	0.0	0.0	0.0	0.000519	0.0	0.0	0.0	0.0	0.022186	0.0	0.0	0.0	4268.88	0.0	0.0	0.0	0.0	0.000308	0.0	0.0	0.0	27.9012	0.0	0.0	0.0	0.0	1	0	0	0	23	0	0	0	0	1	0	0	0	2	0	0	0	0	18	0	0	0	128	0	0	0	0	21	0	0	0	0	0	0	0	0	0	0	0	0	0	0	0	0	0	31	0	0	0	0	0	0	0	0	0.000564	0.0	0.0	0.0	0.000519	0.0	0.0	0.0	0.0	0.521008	0.0	0.0	0.0	0.478992	0.0	0.0	0.0	0.0	
156	231	4315.847482432	1930.8	1930.8	0.025776	0.0	73	0	0	0	154	0	0	0	0	0.00051	0.0	0.0	0.0	0.000467	0.0	0.0	0.0	0.0	0.022417	0.0	0.0	0.0	4286.92	0.0	0.0	0.0	0.0	0.000307	0.0	0.0	0.0	27.8371	0.0	0.0	0.0	0.0	1	0	0	0	23	0	0	0	0	1	0	0	0	2	0	0	0	0	18	0	0	0	129	0	0	0	0	21	0	0	0	0	0	0	0	0	0	0	0	0	0	0	0	0	0	32	0	0	0	0	0	0	0	0	0.00051	0.0	0.0	0.0	0.000467	0.0	0.0	0.0	0.0	0.521892	0.0	0.0	0.0	0.478108	0.0	0.0	0.0	0.0	
157	235	4341.164099536	1930.8	1930.8	0.024897	0.0	76	0	0	0	155	0	0	0	0	0.000374	0.0	0.0	0.0	0.000425	0.0	0.0	0.0	0.0	0.023147	0.0	0.0	0.0	4312.23	0.0	0.0	0.0	0.0	0.000305	0.0	0.0	0.0	27.8209	0.0	0.0	0.0	0.0	1	0	0	0	23	0	0	0	0	1	0	0	0	2	0	0	0	0	18	0	0	0	130	0	0	0	0	22	0	0	0	0	0	0	0	0	0	0	0	0	0	0	0	0	0	34	0	0	0	0	0	0	0	0	0.000374	0.0	0.0	0.0	0.000425	0.0	0.0	0.0	0.0	0.467663	0.0	0.0	0.0	0.532337	0.0	0.0	0.0	0.0	
158	236	4363.946793219	1930.8	1930.8	0.023714	0.0	76	0	0	0	156	0	0	0	0	0.000374	0.0	0.0	0.0	0.000385	0.0	0.0	0.0	0.0	0.023147	0.0	0.0	0.0	4335.02	0.0	0.0	0.0	0.0	0.000305	0.0	0.0	0.0	27.7886	0.0	0.0	0.0	0.0	1	0	0	0	23	0	0	0	0	1	0	0	0	2	0	0	0	0	18	0	0	0	131	0	0	0	0	22	0	0	0	0	0	0	0	0	0	0	0	0	0	0	0	0	0	34	0	0	0	0	0	0	0	0	0.000374	0.0	0.0	0.0	0.000385	0.0	0.0	0.0	0.0	0.492276	0.0	0.0	0.0	0.507724	0.0	0.0	0.0	0.0	
159	237	4372.103583281	1930.8	1930.8	0.022698	0.0	76	0	0	0	157	0	0	0	0	0.000374	0.0	0.0	0.0	0.000347	0.0	0.0	0.0	0.0	0.023147	0.0	0.0	0.0	4343.17	0.0	0.0	0.0	0.0	0.000305	0.0	0.0	0.0	27.6635	0.0	0.0	0.0	0.0	1	0	0	0	23	0	0	0	0	1	0	0	0	2	0	0	0	0	18	0	0	0	132	0	0	0	0	22	0	0	0	0	0	0	0	0	0	0	0	0	0	0	0	0	0	34	0	0	0	0	0	0	0	0	0.000374	0.0	0.0	0.0	0.000347	0.0	0.0	0.0	0.0	0.518184	0.0	0.0	0.0	0.481816	0.0	0.0	0.0	0.0	
160	240	4453.935521644	1930.8	1930.8	0.022344	0.0	78	0	0	0	158	0	0	0	0	0.000304	0.0	0.0	0.0	0.000315	0.0	0.0	0.0	0.0	0.023692	0.0	0.0	0.0	4425.01	0.0	0.0	0.0	0.0	0.000304	0.0	0.0	0.0	28.0064	0.0	0.0	0.0	0.0	1	0	0	0	23	0	0	0	0	1	0	0	0	2	0	0	0	0	20	0	0	0	133	0	0	0	0	22	0	0	0	0	0	0	0	0	0	0	0	0	0	0	0	0	0	34	0	0	0	0	0	0	0	0	0.000304	0.0	0.0	0.0	0.000315	0.0	0.0	0.0	0.0	0.491091	0.0	0.0	0.0	0.508909	0.0	0.0	0.0	0.0	
161	241	4460.300125207	1930.8	1930.8	0.019092	0.0	78	0	0	0	159	0	0	0	0	0.000304	0.0	0.0	0.0	0.000284	0.0	0.0	0.0	0.0	0.023692	0.0	0.0	0.0	4431.37	0.0	0.0	0.0	0.0	0.000304	0.0	0.0	0.0	27.8703	0.0	0.0	0.0	0.0	1	0	0	0	23	0	0	0	0	1	0	0	0	2	0	0	0	0	20	0	0	0	134	0	0	0	0	22	0	0	0	0	0	0	0	0	0	0	0	0	0	0	0	0	0	34	0	0	0	0	0	0	0	0	0.000304	0.0	0.0	0.0	0.000284	0.0	0.0	0.0	0.0	0.516937	0.0	0.0	0.0	0.483063	0.0	0.0	0.0	0.0	
162	243	4464.233822287	1930.8	1930.8	0.018859	0.0	79	0	0	0	160	0	0	0	0	0.000274	0.0	0.0	0.0	0.000256	0.0	0.0	0.0	0.0	0.024195	0.0	0.0	0.0	4435.3	0.0	0.0	0.0	0.0	0.000306	0.0	0.0	0.0	27.7206	0.0	0.0	0.0	0.0	1	0	0	0	23	0	0	0	0	1	0	0	0	2	0	0	0	0	20	0	0	0	135	0	0	0	0	23	0	0	0	0	0	0	0	0	0	0	0	0	0	0	0	0	0	34	0	0	0	0	0	0	0	0	0.000274	0.0	0.0	0.0	0.000256	0.0	0.0	0.0	0.0	0.51738	0.0	0.0	0.0	0.48262	0.0	0.0	0.0	0.0	
163	244	4473.528150608	1930.8	1930.8	0.018717	0.0	79	0	0	0	161	0	0	0	0	0.000274	0.0	0.0	0.0	0.00023	0.0	0.0	0.0	0.0	0.024195	0.0	0.0	0.0	4444.6	0.0	0.0	0.0	0.0	0.000306	0.0	0.0	0.0	27.6062	0.0	0.0	0.0	0.0	1	0	0	0	23	0	0	0	0	1	0	0	0	2	0	0	0	0	20	0	0	0	136	0	0	0	0	23	0	0	0	0	0	0	0	0	0	0	0	0	0	0	0	0	0	34	0	0	0	0	0	0	0	0	0.000274	0.0	0.0	0.0	0.00023	0.0	0.0	0.0	0.0	0.543615	0.0	0.0	0.0	0.456385	0.0	0.0	0.0	0.0	
164	245	4495.762223688	1930.8	1930.8	0.018386	0.0	79	0	0	0	162	0	0	0	0	0.000274	0.0	0.0	0.0	0.000207	0.0	0.0	0.0	0.0	0.024195	0.0	0.0	0.0	4466.83	0.0	0.0	0.0	0.0	0.000306	0.0	0.0	0.0	27.573	0.0	0.0	0.0	0.0	1	0	0	0	23	0	0	0	0	1	0	0	0	2	0	0	0	0	20	0	0	0	137	0	0	0	0	23	0	0	0	0	0	0	0	0	0	0	0	0	0	0	0	0	0	34	0	0	0	0	0	0	0	0	0.000274	0.0	0.0	0.0	0.000207	0.0	0.0	0.0	0.0	0.56961	0.0	0.0	0.0	0.43039	0.0	0.0	0.0	0.0	
165	251	4505.834683425	1930.8	1930.8	0.017616	0.0	84	0	0	0	163	0	0	0	0	0.000167	0.0	0.0	0.0	0.000189	0.0	0.0	0.0	0.0	0.025252	0.0	0.0	0.0	4476.9	0.0	0.0	0.0	0.0	0.000301	0.0	0.0	0.0	27.4657	0.0	0.0	0.0	0.0	1	0	0	0	23	0	0	0	0	1	0	0	0	2	0	0	0	0	20	0	0	0	138	0	0	0	0	25	0	0	0	0	0	0	0	0	0	0	0	0	0	0	0	0	0	37	0	0	0	0	0	0	0	0	0.000167	0.0	0.0	0.0	0.000189	0.0	0.0	0.0	0.0	0.469	0.0	0.0	0.0	0.531	0.0	0.0	0.0	0.0	
166	252	4512.907363661	1930.8	1930.8	0.017278	0.0	84	0	0	0	164	0	0	0	0	0.000167	0.0	0.0	0.0	0.000171	0.0	0.0	0.0	0.0	0.025252	0.0	0.0	0.0	4483.98	0.0	0.0	0.0	0.0	0.000301	0.0	0.0	0.0	27.3413	0.0	0.0	0.0	0.0	1	0	0	0	23	0	0	0	0	1	0	0	0	2	0	0	0	0	20	0	0	0	139	0	0	0	0	25	0	0	0	0	0	0	0	0	0	0	0	0	0	0	0	0	0	37	0	0	0	0	0	0	0	0	0.000167	0.0	0.0	0.0	0.000171	0.0	0.0	0.0	0.0	0.493683	0.0	0.0	0.0	0.506317	0.0	0.0	0.0	0.0	
167	253	4518.564564024	1930.8	1930.8	0.017045	0.0	84	0	0	0	165	0	0	0	0	0.000167	0.0	0.0	0.0	0.000154	0.0	0.0	0.0	0.0	0.025252	0.0	0.0	0.0	4489.63	0.0	0.0	0.0	0.0	0.000301	0.0	0.0	0.0	27.2099	0.0	0.0	0.0	0.0	1	0	0	0	23	0	0	0	0	1	0	0	0	2	0	0	0	0	20	0	0	0	140	0	0	0	0	25	0	0	0	0	0	0	0	0	0	0	0	0	0	0	0	0	0	37	0	0	0	0	0	0	0	0	0.000167	0.0	0.0	0.0	0.000154	0.0	0.0	0.0	0.0	0.519664	0.0	0.0	0.0	0.480336	0.0	0.0	0.0	0.0	
168	257	4534.029854644	1930.8	1930.8	0.01686	0.0	87	0	0	0	166	0	0	0	0	0.000122	0.0	0.0	0.0	0.00014	0.0	0.0	0.0	0.0	0.026089	0.0	0.0	0.0	4505.1	0.0	0.0	0.0	0.0	0.0003	0.0	0.0	0.0	27.1391	0.0	0.0	0.0	0.0	1	0	0	0	23	0	0	0	0	1	0	0	0	2	0	0	0	0	20	0	0	0	141	0	0	0	0	28	0	0	0	0	0	0	0	0	0	0	0	0	0	0	0	0	0	37	0	0	0	0	0	0	0	0	0.000122	0.0	0.0	0.0	0.00014	0.0	0.0	0.0	0.0	0.465226	0.0	0.0	0.0	0.534774	0.0	0.0	0.0	0.0	
169	259	4543.443844665	1930.8	1930.8	0.016367	0.0	88	0	0	0	167	0	0	0	0	0.00011	0.0	0.0	0.0	0.000128	0.0	0.0	0.0	0.0	0.026336	0.0	0.0	0.0	4514.51	0.0	0.0	0.0	0.0	0.000299	0.0	0.0	0.0	27.033	0.0	0.0	0.0	0.0	1	0	0	0	23	0	0	0	0	1	0	0	0	2	0	0	0	0	20	0	0	0	142	0	0	0	0	28	0	0	0	0	0	0	0	0	0	0	0	0	0	0	0	0	0	38	0	0	0	0	0	0	0	0	0.00011	0.0	0.0	0.0	0.000128	0.0	0.0	0.0	0.0	0.462243	0.0	0.0	0.0	0.537757	0.0	0.0	0.0	0.0	
170	261	4555.019734454	1930.8	1930.8	0.016073	0.0	89	0	0	0	168	0	0	0	0	9.9e-5	0.0	0.0	0.0	0.000116	0.0	0.0	0.0	0.0	0.026572	0.0	0.0	0.0	4526.09	0.0	0.0	0.0	0.0	0.000299	0.0	0.0	0.0	26.941	0.0	0.0	0.0	0.0	1	0	0	0	23	0	0	0	0	1	0	0	0	2	0	0	0	0	20	0	0	0	143	0	0	0	0	28	0	0	0	0	0	0	0	0	0	0	0	0	0	0	0	0	0	39	0	0	0	0	0	0	0	0	9.9e-5	0.0	0.0	0.0	0.000116	0.0	0.0	0.0	0.0	0.459136	0.0	0.0	0.0	0.540864	0.0	0.0	0.0	0.0	
171	262	4561.794060489	1930.8	1930.8	0.015719	0.0	89	0	0	0	169	0	0	0	0	9.9e-5	0.0	0.0	0.0	0.000106	0.0	0.0	0.0	0.0	0.026572	0.0	0.0	0.0	4532.86	0.0	0.0	0.0	0.0	0.000299	0.0	0.0	0.0	26.8217	0.0	0.0	0.0	0.0	1	0	0	0	23	0	0	0	0	1	0	0	0	2	0	0	0	0	20	0	0	0	144	0	0	0	0	28	0	0	0	0	0	0	0	0	0	0	0	0	0	0	0	0	0	39	0	0	0	0	0	0	0	0	9.9e-5	0.0	0.0	0.0	0.000106	0.0	0.0	0.0	0.0	0.483299	0.0	0.0	0.0	0.516701	0.0	0.0	0.0	0.0	
172	264	4573.691346356	1930.8	1930.8	0.015516	0.0	90	0	0	0	170	0	0	0	0	8.9e-5	0.0	0.0	0.0	9.6e-5	0.0	0.0	0.0	0.0	0.026814	0.0	0.0	0.0	4544.76	0.0	0.0	0.0	0.0	0.000298	0.0	0.0	0.0	26.7339	0.0	0.0	0.0	0.0	1	0	0	0	23	0	0	0	0	1	0	0	0	2	0	0	0	0	20	0	0	0	145	0	0	0	0	28	0	0	0	0	0	0	0	0	0	0	0	0	0	0	0	0	0	40	0	0	0	0	0	0	0	0	8.9e-5	0.0	0.0	0.0	9.6e-5	0.0	0.0	0.0	0.0	0.481112	0.0	0.0	0.0	0.518888	0.0	0.0	0.0	0.0	
173	265	4585.203105468	1930.8	1930.8	0.015165	0.0	90	0	0	0	171	0	0	0	0	8.9e-5	0.0	0.0	0.0	8.7e-5	0.0	0.0	0.0	0.0	0.026814	0.0	0.0	0.0	4556.27	0.0	0.0	0.0	0.0	0.000298	0.0	0.0	0.0	26.6449	0.0	0.0	0.0	0.0	1	0	0	0	23	0	0	0	0	1	0	0	0	2	0	0	0	0	20	0	0	0	146	0	0	0	0	28	0	0	0	0	0	0	0	0	0	0	0	0	0	0	0	0	0	40	0	0	0	0	0	0	0	0	8.9e-5	0.0	0.0	0.0	8.7e-5	0.0	0.0	0.0	0.0	0.506431	0.0	0.0	0.0	0.493569	0.0	0.0	0.0	0.0	
174	266	4601.90720553	1930.8	1930.8	0.014833	0.0	90	0	0	0	172	0	0	0	0	8.9e-5	0.0	0.0	0.0	7.8e-5	0.0	0.0	0.0	0.0	0.026814	0.0	0.0	0.0	4572.97	0.0	0.0	0.0	0.0	0.000298	0.0	0.0	0.0	26.5871	0.0	0.0	0.0	0.0	1	0	0	0	23	0	0	0	0	1	0	0	0	2	0	0	0	0	20	0	0	0	147	0	0	0	0	28	0	0	0	0	0	0	0	0	0	0	0	0	0	0	0	0	0	40	0	0	0	0	0	0	0	0	8.9e-5	0.0	0.0	0.0	7.8e-5	0.0	0.0	0.0	0.0	0.532721	0.0	0.0	0.0	0.467279	0.0	0.0	0.0	0.0	
175	267	4622.342567253	1930.8	1930.8	0.014364	0.0	90	0	0	0	173	0	0	0	0	8.9e-5	0.0	0.0	0.0	7.0e-5	0.0	0.0	0.0	0.0	0.026814	0.0	0.0	0.0	4593.41	0.0	0.0	0.0	0.0	0.000298	0.0	0.0	0.0	26.5515	0.0	0.0	0.0	0.0	1	0	0	0	23	0	0	0	0	1	0	0	0	2	0	0	0	0	20	0	0	0	148	0	0	0	0	28	0	0	0	0	0	0	0	0	0	0	0	0	0	0	0	0	0	40	0	0	0	0	0	0	0	0	8.9e-5	0.0	0.0	0.0	7.0e-5	0.0	0.0	0.0	0.0	0.558831	0.0	0.0	0.0	0.441169	0.0	0.0	0.0	0.0	
176	269	4638.060372217	1930.8	1930.8	0.013811	0.0	91	0	0	0	174	0	0	0	0	8.1e-5	0.0	0.0	0.0	6.3e-5	0.0	0.0	0.0	0.0	0.027047	0.0	0.0	0.0	4609.13	0.0	0.0	0.0	0.0	0.000297	0.0	0.0	0.0	26.4892	0.0	0.0	0.0	0.0	1	0	0	0	23	0	0	0	0	1	0	0	0	2	0	0	0	0	20	0	0	0	149	0	0	0	0	28	0	0	0	0	0	0	0	0	0	0	0	0	0	0	0	0	0	41	0	0	0	0	0	0	0	0	8.1e-5	0.0	0.0	0.0	6.3e-5	0.0	0.0	0.0	0.0	0.561692	0.0	0.0	0.0	0.438308	0.0	0.0	0.0	0.0	
177	273	4645.190851017	1930.8	1930.8	0.0134	0.0	94	0	0	0	175	0	0	0	0	6.0e-5	0.0	0.0	0.0	5.7e-5	0.0	0.0	0.0	0.0	0.027772	0.0	0.0	0.0	4616.26	0.0	0.0	0.0	0.0	0.000295	0.0	0.0	0.0	26.3786	0.0	0.0	0.0	0.0	1	0	0	0	23	0	0	0	0	1	0	0	0	2	0	0	0	0	20	0	0	0	150	0	0	0	0	29	0	0	0	0	0	0	0	0	0	0	0	0	0	0	0	0	0	43	0	0	0	0	0	0	0	0	6.0e-5	0.0	0.0	0.0	5.7e-5	0.0	0.0	0.0	0.0	0.5145	0.0	0.0	0.0	0.4855	0.0	0.0	0.0	0.0	
178	276	4652.080502364	1930.8	1930.8	0.013217	0.0	96	0	0	0	176	0	0	0	0	4.9e-5	0.0	0.0	0.0	5.2e-5	0.0	0.0	0.0	0.0	0.02814	0.0	0.0	0.0	4623.15	0.0	0.0	0.0	0.0	0.000293	0.0	0.0	0.0	26.2679	0.0	0.0	0.0	0.0	1	0	0	0	23	0	0	0	0	1	0	0	0	2	0	0	0	0	20	0	0	0	151	0	0	0	0	29	0	0	0	0	0	0	0	0	0	0	0	0	0	0	0	0	0	45	0	0	0	0	0	0	0	0	4.9e-5	0.0	0.0	0.0	5.2e-5	0.0	0.0	0.0	0.0	0.487022	0.0	0.0	0.0	0.512978	0.0	0.0	0.0	0.0	
179	277	4657.759025095	1930.8	1930.8	0.013043	0.0	96	0	0	0	177	0	0	0	0	4.9e-5	0.0	0.0	0.0	4.7e-5	0.0	0.0	0.0	0.0	0.02814	0.0	0.0	0.0	4628.82	0.0	0.0	0.0	0.0	0.000293	0.0	0.0	0.0	26.1515	0.0	0.0	0.0	0.0	1	0	0	0	23	0	0	0	0	1	0	0	0	2	0	0	0	0	20	0	0	0	152	0	0	0	0	29	0	0	0	0	0	0	0	0	0	0	0	0	0	0	0	0	0	45	0	0	0	0	0	0	0	0	4.9e-5	0.0	0.0	0.0	4.7e-5	0.0	0.0	0.0	0.0	0.512649	0.0	0.0	0.0	0.487351	0.0	0.0	0.0	0.0	
180	281	4733.420695259	1930.8	1930.8	0.012902	0.0	99	0	0	0	178	0	0	0	0	3.6e-5	0.0	0.0	0.0	4.3e-5	0.0	0.0	0.0	0.0	0.028664	0.0	0.0	0.0	4704.49	0.0	0.0	0.0	0.0	0.00029	0.0	0.0	0.0	26.4297	0.0	0.0	0.0	0.0	1	0	0	0	23	0	0	0	0	1	0	0	0	2	0	0	0	0	20	0	0	0	153	0	0	0	0	29	0	0	0	0	0	0	0	0	0	0	0	0	0	0	0	0	0	48	0	0	0	0	0	0	0	0	3.6e-5	0.0	0.0	0.0	4.3e-5	0.0	0.0	0.0	0.0	0.457565	0.0	0.0	0.0	0.542435	0.0	0.0	0.0	0.0	
181	282	4744.634403212	1930.8	1930.8	0.011155	0.0	99	0	0	0	179	0	0	0	0	3.6e-5	0.0	0.0	0.0	3.9e-5	0.0	0.0	0.0	0.0	0.028664	0.0	0.0	0.0	4715.7	0.0	0.0	0.0	0.0	0.00029	0.0	0.0	0.0	26.3447	0.0	0.0	0.0	0.0	1	0	0	0	23	0	0	0	0	1	0	0	0	2	0	0	0	0	20	0	0	0	154	0	0	0	0	29	0	0	0	0	0	0	0	0	0	0	0	0	0	0	0	0	0	48	0	0	0	0	0	0	0	0	3.6e-5	0.0	0.0	0.0	3.9e-5	0.0	0.0	0.0	0.0	0.481641	0.0	0.0	0.0	0.518359	0.0	0.0	0.0	0.0	
182	288	4771.288452934	1930.8	1930.8	0.010917	0.0	104	0	0	0	180	0	0	0	0	2.1e-5	0.0	0.0	0.0	3.6e-5	0.0	0.0	0.0	0.0	0.029571	0.0	0.0	0.0	4742.35	0.0	0.0	0.0	0.0	0.000284	0.0	0.0	0.0	26.3464	0.0	0.0	0.0	0.0	1	0	0	0	23	0	0	0	0	1	0	0	0	2	0	0	0	0	21	0	0	0	155	0	0	0	0	29	0	0	0	0	0	0	0	0	0	0	0	0	0	0	0	0	0	52	0	0	0	0	0	0	0	0	2.1e-5	0.0	0.0	0.0	3.6e-5	0.0	0.0	0.0	0.0	0.372931	0.0	0.0	0.0	0.627069	0.0	0.0	0.0	0.0	
183	290	4786.479356603	1930.8	1930.8	0.010372	0.0	105	0	0	0	181	0	0	0	0	1.9e-5	0.0	0.0	0.0	3.3e-5	0.0	0.0	0.0	0.0	0.03006	0.0	0.0	0.0	4757.54	0.0	0.0	0.0	0.0	0.000286	0.0	0.0	0.0	26.2848	0.0	0.0	0.0	0.0	1	0	0	0	23	0	0	0	0	1	0	0	0	2	0	0	0	0	22	0	0	0	156	0	0	0	0	29	0	0	0	0	0	0	0	0	0	0	0	0	0	0	0	0	0	52	0	0	0	0	0	0	0	0	1.9e-5	0.0	0.0	0.0	3.3e-5	0.0	0.0	0.0	0.0	0.366997	0.0	0.0	0.0	0.633003	0.0	0.0	0.0	0.0	
184	291	4793.457716838	1930.8	1930.8	0.010073	0.0	105	0	0	0	182	0	0	0	0	1.9e-5	0.0	0.0	0.0	3.0e-5	0.0	0.0	0.0	0.0	0.03006	0.0	0.0	0.0	4764.52	0.0	0.0	0.0	0.0	0.000286	0.0	0.0	0.0	26.1787	0.0	0.0	0.0	0.0	1	0	0	0	23	0	0	0	0	1	0	0	0	2	0	0	0	0	22	0	0	0	157	0	0	0	0	29	0	0	0	0	0	0	0	0	0	0	0	0	0	0	0	0	0	52	0	0	0	0	0	0	0	0	1.9e-5	0.0	0.0	0.0	3.0e-5	0.0	0.0	0.0	0.0	0.386306	0.0	0.0	0.0	0.613694	0.0	0.0	0.0	0.0	
185	293	4805.004728673	1930.8	1930.8	0.009939	0.0	106	0	0	0	183	0	0	0	0	1.7e-5	0.0	0.0	0.0	2.8e-5	0.0	0.0	0.0	0.0	0.03043	0.0	0.0	0.0	4776.07	0.0	0.0	0.0	0.0	0.000287	0.0	0.0	0.0	26.0987	0.0	0.0	0.0	0.0	1	0	0	0	23	0	0	0	0	1	0	0	0	2	0	0	0	0	23	0	0	0	158	0	0	0	0	29	0	0	0	0	0	0	0	0	0	0	0	0	0	0	0	0	0	52	0	0	0	0	0	0	0	0	1.7e-5	0.0	0.0	0.0	2.8e-5	0.0	0.0	0.0	0.0	0.380688	0.0	0.0	0.0	0.619312	0.0	0.0	0.0	0.0	
186	294	4811.261428452	1930.8	1930.8	0.00972	0.0	106	0	0	0	184	0	0	0	0	1.7e-5	0.0	0.0	0.0	2.6e-5	0.0	0.0	0.0	0.0	0.03043	0.0	0.0	0.0	4782.32	0.0	0.0	0.0	0.0	0.000287	0.0	0.0	0.0	25.9909	0.0	0.0	0.0	0.0	1	0	0	0	23	0	0	0	0	1	0	0	0	2	0	0	0	0	23	0	0	0	159	0	0	0	0	29	0	0	0	0	0	0	0	0	0	0	0	0	0	0	0	0	0	52	0	0	0	0	0	0	0	0	1.7e-5	0.0	0.0	0.0	2.6e-5	0.0	0.0	0.0	0.0	0.400716	0.0	0.0	0.0	0.599284	0.0	0.0	0.0	0.0	
187	295	4819.740738979	1930.8	1930.8	0.009604	0.0	106	0	0	0	185	0	0	0	0	1.7e-5	0.0	0.0	0.0	2.4e-5	0.0	0.0	0.0	0.0	0.03043	0.0	0.0	0.0	4790.8	0.0	0.0	0.0	0.0	0.000287	0.0	0.0	0.0	25.8962	0.0	0.0	0.0	0.0	1	0	0	0	23	0	0	0	0	1	0	0	0	2	0	0	0	0	23	0	0	0	160	0	0	0	0	29	0	0	0	0	0	0	0	0	0	0	0	0	0	0	0	0	0	52	0	0	0	0	0	0	0	0	1.7e-5	0.0	0.0	0.0	2.4e-5	0.0	0.0	0.0	0.0	0.421798	0.0	0.0	0.0	0.578202	0.0	0.0	0.0	0.0	
188	296	4841.1487381	1930.8	1930.8	0.009449	0.0	106	0	0	0	186	0	0	0	0	1.7e-5	0.0	0.0	0.0	2.1e-5	0.0	0.0	0.0	0.0	0.03043	0.0	0.0	0.0	4812.21	0.0	0.0	0.0	0.0	0.000287	0.0	0.0	0.0	25.8721	0.0	0.0	0.0	0.0	1	0	0	0	23	0	0	0	0	1	0	0	0	2	0	0	0	0	23	0	0	0	161	0	0	0	0	29	0	0	0	0	0	0	0	0	0	0	0	0	0	0	0	0	0	52	0	0	0	0	0	0	0	0	1.7e-5	0.0	0.0	0.0	2.1e-5	0.0	0.0	0.0	0.0	0.443988	0.0	0.0	0.0	0.556012	0.0	0.0	0.0	0.0	
189	297	4851.40365582	1930.8	1930.8	0.009068	0.0	106	0	0	0	187	0	0	0	0	1.7e-5	0.0	0.0	0.0	2.0e-5	0.0	0.0	0.0	0.0	0.03043	0.0	0.0	0.0	4822.47	0.0	0.0	0.0	0.0	0.000287	0.0	0.0	0.0	25.7886	0.0	0.0	0.0	0.0	1	0	0	0	23	0	0	0	0	1	0	0	0	2	0	0	0	0	23	0	0	0	162	0	0	0	0	29	0	0	0	0	0	0	0	0	0	0	0	0	0	0	0	0	0	52	0	0	0	0	0	0	0	0	1.7e-5	0.0	0.0	0.0	2.0e-5	0.0	0.0	0.0	0.0	0.467344	0.0	0.0	0.0	0.532656	0.0	0.0	0.0	0.0	
190	301	4861.59526726	1930.8	1930.8	0.008891	0.0	109	0	0	0	188	0	0	0	0	1.3e-5	0.0	0.0	0.0	1.8e-5	0.0	0.0	0.0	0.0	0.03112	0.0	0.0	0.0	4832.66	0.0	0.0	0.0	0.0	0.000286	0.0	0.0	0.0	25.7056	0.0	0.0	0.0	0.0	1	0	0	0	23	0	0	0	0	1	0	0	0	2	0	0	0	0	24	0	0	0	163	0	0	0	0	29	0	0	0	0	0	0	0	0	0	0	0	0	0	0	0	0	0	54	0	0	0	0	0	0	0	0	1.3e-5	0.0	0.0	0.0	1.8e-5	0.0	0.0	0.0	0.0	0.410641	0.0	0.0	0.0	0.589359	0.0	0.0	0.0	0.0	
191	302	4876.965029949	1930.8	1930.8	0.008718	0.0	109	0	0	0	189	0	0	0	0	1.3e-5	0.0	0.0	0.0	1.6e-5	0.0	0.0	0.0	0.0	0.03112	0.0	0.0	0.0	4848.03	0.0	0.0	0.0	0.0	0.000286	0.0	0.0	0.0	25.6509	0.0	0.0	0.0	0.0	1	0	0	0	23	0	0	0	0	1	0	0	0	2	0	0	0	0	24	0	0	0	164	0	0	0	0	29	0	0	0	0	0	0	0	0	0	0	0	0	0	0	0	0	0	54	0	0	0	0	0	0	0	0	1.3e-5	0.0	0.0	0.0	1.6e-5	0.0	0.0	0.0	0.0	0.432241	0.0	0.0	0.0	0.567759	0.0	0.0	0.0	0.0	
192	303	4901.206224029	1930.8	1930.8	0.008464	0.0	109	0	0	0	190	0	0	0	0	1.3e-5	0.0	0.0	0.0	1.5e-5	0.0	0.0	0.0	0.0	0.03112	0.0	0.0	0.0	4872.27	0.0	0.0	0.0	0.0	0.000286	0.0	0.0	0.0	25.6435	0.0	0.0	0.0	0.0	1	0	0	0	23	0	0	0	0	1	0	0	0	2	0	0	0	0	24	0	0	0	165	0	0	0	0	29	0	0	0	0	0	0	0	0	0	0	0	0	0	0	0	0	0	54	0	0	0	0	0	0	0	0	1.3e-5	0.0	0.0	0.0	1.5e-5	0.0	0.0	0.0	0.0	0.454976	0.0	0.0	0.0	0.545024	0.0	0.0	0.0	0.0	
193	304	4918.462135955	1930.8	1930.8	0.008079	0.0	109	0	0	0	191	0	0	0	0	1.3e-5	0.0	0.0	0.0	1.4e-5	0.0	0.0	0.0	0.0	0.03112	0.0	0.0	0.0	4889.52	0.0	0.0	0.0	0.0	0.000286	0.0	0.0	0.0	25.5996	0.0	0.0	0.0	0.0	1	0	0	0	23	0	0	0	0	1	0	0	0	2	0	0	0	0	24	0	0	0	166	0	0	0	0	29	0	0	0	0	0	0	0	0	0	0	0	0	0	0	0	0	0	54	0	0	0	0	0	0	0	0	1.3e-5	0.0	0.0	0.0	1.4e-5	0.0	0.0	0.0	0.0	0.478905	0.0	0.0	0.0	0.521095	0.0	0.0	0.0	0.0	
194	305	4929.50219572	1930.8	1930.8	0.007815	0.0	109	0	0	0	192	0	0	0	0	1.3e-5	0.0	0.0	0.0	1.2e-5	0.0	0.0	0.0	0.0	0.03112	0.0	0.0	0.0	4900.56	0.0	0.0	0.0	0.0	0.000286	0.0	0.0	0.0	25.5238	0.0	0.0	0.0	0.0	1	0	0	0	23	0	0	0	0	1	0	0	0	2	0	0	0	0	24	0	0	0	167	0	0	0	0	29	0	0	0	0	0	0	0	0	0	0	0	0	0	0	0	0	0	54	0	0	0	0	0	0	0	0	1.3e-5	0.0	0.0	0.0	1.2e-5	0.0	0.0	0.0	0.0	0.504091	0.0	0.0	0.0	0.495909	0.0	0.0	0.0	0.0	
195	308	4938.206000119	1930.8	1930.8	0.007651	0.0	111	0	0	0	193	0	0	0	0	1.0e-5	0.0	0.0	0.0	1.1e-5	0.0	0.0	0.0	0.0	0.0315	0.0	0.0	0.0	4909.27	0.0	0.0	0.0	0.0	0.000284	0.0	0.0	0.0	25.4366	0.0	0.0	0.0	0.0	1	0	0	0	23	0	0	0	0	1	0	0	0	2	0	0	0	0	24	0	0	0	168	0	0	0	0	29	0	0	0	0	0	0	0	0	0	0	0	0	0	0	0	0	0	56	0	0	0	0	0	0	0	0	1.0e-5	0.0	0.0	0.0	1.1e-5	0.0	0.0	0.0	0.0	0.475544	0.0	0.0	0.0	0.524456	0.0	0.0	0.0	0.0	
196	309	5111.669090957	1930.8	1930.8	0.007524	0.0	111	0	0	0	194	0	0	0	0	1.0e-5	0.0	0.0	0.0	1.0e-5	0.0	0.0	0.0	0.0	0.0315	0.0	0.0	0.0	5082.73	0.0	0.0	0.0	0.0	0.000284	0.0	0.0	0.0	26.1996	0.0	0.0	0.0	0.0	1	0	0	0	23	0	0	0	0	1	0	0	0	2	0	0	0	0	24	0	0	0	169	0	0	0	0	29	0	0	0	0	0	0	0	0	0	0	0	0	0	0	0	0	0	56	0	0	0	0	0	0	0	0	1.0e-5	0.0	0.0	0.0	1.0e-5	0.0	0.0	0.0	0.0	0.50055	0.0	0.0	0.0	0.49945	0.0	0.0	0.0	0.0	
197	312	5122.052828958	1930.8	1930.8	0.00539	0.0	113	0	0	0	195	0	0	0	0	8.0e-6	0.0	0.0	0.0	9.0e-6	0.0	0.0	0.0	0.0	0.032078	0.0	0.0	0.0	5093.11	0.0	0.0	0.0	0.0	0.000284	0.0	0.0	0.0	26.1185	0.0	0.0	0.0	0.0	1	0	0	0	23	0	0	0	0	1	0	0	0	2	0	0	0	0	24	0	0	0	170	0	0	0	0	30	0	0	0	0	0	0	0	0	0	0	0	0	0	0	0	0	0	57	0	0	0	0	0	0	0	0	8.0e-6	0.0	0.0	0.0	9.0e-6	0.0	0.0	0.0	0.0	0.471647	0.0	0.0	0.0	0.528353	0.0	0.0	0.0	0.0	
198	313	5138.951375578	1930.8	1930.8	0.005284	0.0	113	0	0	0	196	0	0	0	0	8.0e-6	0.0	0.0	0.0	8.0e-6	0.0	0.0	0.0	0.0	0.032078	0.0	0.0	0.0	5110.01	0.0	0.0	0.0	0.0	0.000284	0.0	0.0	0.0	26.0715	0.0	0.0	0.0	0.0	1	0	0	0	23	0	0	0	0	1	0	0	0	2	0	0	0	0	24	0	0	0	171	0	0	0	0	30	0	0	0	0	0	0	0	0	0	0	0	0	0	0	0	0	0	57	0	0	0	0	0	0	0	0	8.0e-6	0.0	0.0	0.0	8.0e-6	0.0	0.0	0.0	0.0	0.496442	0.0	0.0	0.0	0.503558	0.0	0.0	0.0	0.0	
199	314	5144.491866639	1930.8	1930.8	0.005115	0.0	113	0	0	0	197	0	0	0	0	8.0e-6	0.0	0.0	0.0	8.0e-6	0.0	0.0	0.0	0.0	0.032078	0.0	0.0	0.0	5115.55	0.0	0.0	0.0	0.0	0.000284	0.0	0.0	0.0	25.9673	0.0	0.0	0.0	0.0	1	0	0	0	23	0	0	0	0	1	0	0	0	2	0	0	0	0	24	0	0	0	172	0	0	0	0	30	0	0	0	0	0	0	0	0	0	0	0	0	0	0	0	0	0	57	0	0	0	0	0	0	0	0	8.0e-6	0.0	0.0	0.0	8.0e-6	0.0	0.0	0.0	0.0	0.522537	0.0	0.0	0.0	0.477463	0.0	0.0	0.0	0.0	
200	315	5153.477836852	1930.8	1930.8	0.005061	0.0	113	0	0	0	198	0	0	0	0	8.0e-6	0.0	0.0	0.0	7.0e-6	0.0	0.0	0.0	0.0	0.032078	0.0	0.0	0.0	5124.54	0.0	0.0	0.0	0.0	0.000284	0.0	0.0	0.0	25.8815	0.0	0.0	0.0	0.0	1	0	0	0	23	0	0	0	0	1	0	0	0	2	0	0	0	0	24	0	0	0	173	0	0	0	0	30	0	0	0	0	0	0	0	0	0	0	0	0	0	0	0	0	0	57	0	0	0	0	0	0	0	0	8.0e-6	0.0	0.0	0.0	7.0e-6	0.0	0.0	0.0	0.0	0.548701	0.0	0.0	0.0	0.451299	0.0	0.0	0.0	0.0	
201	318	5159.326477113	1930.8	1930.8	0.004974	0.0	115	0	0	0	199	0	0	0	0	7.0e-6	0.0	0.0	0.0	6.0e-6	0.0	0.0	0.0	0.0	0.032737	0.0	0.0	0.0	5130.39	0.0	0.0	0.0	0.0	0.000285	0.0	0.0	0.0	25.7808	0.0	0.0	0.0	0.0	1	0	0	0	23	0	0	0	0	1	0	0	0	2	0	0	0	0	25	0	0	0	174	0	0	0	0	31	0	0	0	0	0	0	0	0	0	0	0	0	0	0	0	0	0	57	0	0	0	0	0	0	0	0	7.0e-6	0.0	0.0	0.0	6.0e-6	0.0	0.0	0.0	0.0	0.526251	0.0	0.0	0.0	0.473749	0.0	0.0	0.0	0.0	
202	319	5180.396780218	1930.8	1930.8	0.004918	0.0	115	0	0	0	200	0	0	0	0	7.0e-6	0.0	0.0	0.0	5.0e-6	0.0	0.0	0.0	0.0	0.032737	0.0	0.0	0.0	5151.46	0.0	0.0	0.0	0.0	0.000285	0.0	0.0	0.0	25.7573	0.0	0.0	0.0	0.0	1	0	0	0	23	0	0	0	0	1	0	0	0	2	0	0	0	0	25	0	0	0	175	0	0	0	0	31	0	0	0	0	0	0	0	0	0	0	0	0	0	0	0	0	0	57	0	0	0	0	0	0	0	0	7.0e-6	0.0	0.0	0.0	5.0e-6	0.0	0.0	0.0	0.0	0.552377	0.0	0.0	0.0	0.447623	0.0	0.0	0.0	0.0	
203	323	5186.245518492	1930.8	1930.8	0.004723	0.0	118	0	0	0	201	0	0	0	0	5.0e-6	0.0	0.0	0.0	5.0e-6	0.0	0.0	0.0	0.0	0.033526	0.0	0.0	0.0	5157.3	0.0	0.0	0.0	0.0	0.000284	0.0	0.0	0.0	25.6582	0.0	0.0	0.0	0.0	1	0	0	0	23	0	0	0	0	1	0	0	0	2	0	0	0	0	25	0	0	0	176	0	0	0	0	33	0	0	0	0	0	0	0	0	0	0	0	0	0	0	0	0	0	58	0	0	0	0	0	0	0	0	5.0e-6	0.0	0.0	0.0	5.0e-6	0.0	0.0	0.0	0.0	0.503019	0.0	0.0	0.0	0.496981	0.0	0.0	0.0	0.0	
204	324	5192.456388152	1930.8	1930.8	0.00467	0.0	118	0	0	0	202	0	0	0	0	5.0e-6	0.0	0.0	0.0	4.0e-6	0.0	0.0	0.0	0.0	0.033526	0.0	0.0	0.0	5163.52	0.0	0.0	0.0	0.0	0.000284	0.0	0.0	0.0	25.562	0.0	0.0	0.0	0.0	1	0	0	0	23	0	0	0	0	1	0	0	0	2	0	0	0	0	25	0	0	0	177	0	0	0	0	33	0	0	0	0	0	0	0	0	0	0	0	0	0	0	0	0	0	58	0	0	0	0	0	0	0	0	5.0e-6	0.0	0.0	0.0	4.0e-6	0.0	0.0	0.0	0.0	0.52927	0.0	0.0	0.0	0.47073	0.0	0.0	0.0	0.0	
205	327	5237.556496456	1930.8	1930.8	0.004615	0.0	120	0	0	0	203	0	0	0	0	4.0e-6	0.0	0.0	0.0	4.0e-6	0.0	0.0	0.0	0.0	0.034049	0.0	0.0	0.0	5208.61	0.0	0.0	0.0	0.0	0.000284	0.0	0.0	0.0	25.6582	0.0	0.0	0.0	0.0	1	0	0	0	23	0	0	0	0	1	0	0	0	2	0	0	0	0	26	0	0	0	178	0	0	0	0	33	0	0	0	0	0	0	0	0	0	0	0	0	0	0	0	0	0	59	0	0	0	0	0	0	0	0	4.0e-6	0.0	0.0	0.0	4.0e-6	0.0	0.0	0.0	0.0	0.503594	0.0	0.0	0.0	0.496406	0.0	0.0	0.0	0.0	
206	328	5300.16814392	1930.8	1930.8	0.004231	0.0	120	0	0	0	204	0	0	0	0	4.0e-6	0.0	0.0	0.0	4.0e-6	0.0	0.0	0.0	0.0	0.034049	0.0	0.0	0.0	5271.23	0.0	0.0	0.0	0.0	0.000284	0.0	0.0	0.0	25.8393	0.0	0.0	0.0	0.0	1	0	0	0	23	0	0	0	0	1	0	0	0	2	0	0	0	0	26	0	0	0	179	0	0	0	0	33	0	0	0	0	0	0	0	0	0	0	0	0	0	0	0	0	0	59	0	0	0	0	0	0	0	0	4.0e-6	0.0	0.0	0.0	4.0e-6	0.0	0.0	0.0	0.0	0.529829	0.0	0.0	0.0	0.470171	0.0	0.0	0.0	0.0	
207	333	5378.65314792	1930.8	1930.8	0.003752	0.0	124	0	0	0	205	0	0	0	0	3.0e-6	0.0	0.0	0.0	3.0e-6	0.0	0.0	0.0	0.0	0.03489	0.0	0.0	0.0	5349.71	0.0	0.0	0.0	0.0	0.000281	0.0	0.0	0.0	26.0961	0.0	0.0	0.0	0.0	1	0	0	0	23	0	0	0	0	1	0	0	0	2	0	0	0	0	27	0	0	0	180	0	0	0	0	33	0	0	0	0	0	0	0	0	0	0	0	0	0	0	0	0	0	62	0	0	0	0	0	0	0	0	3.0e-6	0.0	0.0	0.0	3.0e-6	0.0	0.0	0.0	0.0	0.449359	0.0	0.0	0.0	0.550641	0.0	0.0	0.0	0.0	
208	335	5387.735590441	1930.8	1930.8	0.003226	0.0	125	0	0	0	206	0	0	0	0	2.0e-6	0.0	0.0	0.0	3.0e-6	0.0	0.0	0.0	0.0	0.035108	0.0	0.0	0.0	5358.79	0.0	0.0	0.0	0.0	0.000281	0.0	0.0	0.0	26.0136	0.0	0.0	0.0	0.0	1	0	0	0	23	0	0	0	0	1	0	0	0	2	0	0	0	0	27	0	0	0	181	0	0	0	0	33	0	0	0	0	0	0	0	0	0	0	0	0	0	0	0	0	0	63	0	0	0	0	0	0	0	0	2.0e-6	0.0	0.0	0.0	3.0e-6	0.0	0.0	0.0	0.0	0.445667	0.0	0.0	0.0	0.554333	0.0	0.0	0.0	0.0	
209	336	5467.248074472	1930.8	1930.8	0.00317	0.0	125	0	0	0	207	0	0	0	0	2.0e-6	0.0	0.0	0.0	3.0e-6	0.0	0.0	0.0	0.0	0.035108	0.0	0.0	0.0	5438.31	0.0	0.0	0.0	0.0	0.000281	0.0	0.0	0.0	26.272	0.0	0.0	0.0	0.0	1	0	0	0	23	0	0	0	0	1	0	0	0	2	0	0	0	0	27	0	0	0	182	0	0	0	0	33	0	0	0	0	0	0	0	0	0	0	0	0	0	0	0	0	0	63	0	0	0	0	0	0	0	0	2.0e-6	0.0	0.0	0.0	3.0e-6	0.0	0.0	0.0	0.0	0.469042	0.0	0.0	0.0	0.530958	0.0	0.0	0.0	0.0	
210	338	5516.36947582	1930.8	1930.8	0.002721	0.0	126	0	0	0	208	0	0	0	0	2.0e-6	0.0	0.0	0.0	3.0e-6	0.0	0.0	0.0	0.0	0.035492	0.0	0.0	0.0	5487.43	0.0	0.0	0.0	0.0	0.000282	0.0	0.0	0.0	26.3819	0.0	0.0	0.0	0.0	1	0	0	0	23	0	0	0	0	1	0	0	0	2	0	0	0	0	28	0	0	0	183	0	0	0	0	33	0	0	0	0	0	0	0	0	0	0	0	0	0	0	0	0	0	63	0	0	0	0	0	0	0	0	2.0e-6	0.0	0.0	0.0	3.0e-6	0.0	0.0	0.0	0.0	0.466252	0.0	0.0	0.0	0.533748	0.0	0.0	0.0	0.0	
211	340	5522.973913274	1930.8	1930.8	0.002476	0.0	127	0	0	0	209	0	0	0	0	2.0e-6	0.0	0.0	0.0	2.0e-6	0.0	0.0	0.0	0.0	0.035759	0.0	0.0	0.0	5494.03	0.0	0.0	0.0	0.0	0.000282	0.0	0.0	0.0	26.2872	0.0	0.0	0.0	0.0	1	0	0	0	23	0	0	0	0	1	0	0	0	2	0	0	0	0	28	0	0	0	184	0	0	0	0	33	0	0	0	0	0	0	0	0	0	0	0	0	0	0	0	0	0	64	0	0	0	0	0	0	0	0	2.0e-6	0.0	0.0	0.0	2.0e-6	0.0	0.0	0.0	0.0	0.463218	0.0	0.0	0.0	0.536782	0.0	0.0	0.0	0.0	
212	341	5543.563132597	1930.8	1930.8	0.002444	0.0	127	0	0	0	210	0	0	0	0	2.0e-6	0.0	0.0	0.0	2.0e-6	0.0	0.0	0.0	0.0	0.035759	0.0	0.0	0.0	5514.62	0.0	0.0	0.0	0.0	0.000282	0.0	0.0	0.0	26.2601	0.0	0.0	0.0	0.0	1	0	0	0	23	0	0	0	0	1	0	0	0	2	0	0	0	0	28	0	0	0	185	0	0	0	0	33	0	0	0	0	0	0	0	0	0	0	0	0	0	0	0	0	0	64	0	0	0	0	0	0	0	0	2.0e-6	0.0	0.0	0.0	2.0e-6	0.0	0.0	0.0	0.0	0.487486	0.0	0.0	0.0	0.512514	0.0	0.0	0.0	0.0	
213	345	5554.518692373	1930.8	1930.8	0.002349	0.0	130	0	0	0	211	0	0	0	0	1.0e-6	0.0	0.0	0.0	2.0e-6	0.0	0.0	0.0	0.0	0.036489	0.0	0.0	0.0	5525.57	0.0	0.0	0.0	0.0	0.000281	0.0	0.0	0.0	26.1876	0.0	0.0	0.0	0.0	1	0	0	0	23	0	0	0	0	1	0	0	0	2	0	0	0	0	29	0	0	0	186	0	0	0	0	33	0	0	0	0	0	0	0	0	0	0	0	0	0	0	0	0	0	66	0	0	0	0	0	0	0	0	1.0e-6	0.0	0.0	0.0	2.0e-6	0.0	0.0	0.0	0.0	0.431057	0.0	0.0	0.0	0.568943	0.0	0.0	0.0	0.0	
214	347	5560.722324027	1930.8	1930.8	0.0023	0.0	131	0	0	0	212	0	0	0	0	1.0e-6	0.0	0.0	0.0	2.0e-6	0.0	0.0	0.0	0.0	0.036716	0.0	0.0	0.0	5531.78	0.0	0.0	0.0	0.0	0.00028	0.0	0.0	0.0	26.0933	0.0	0.0	0.0	0.0	1	0	0	0	23	0	0	0	0	1	0	0	0	2	0	0	0	0	29	0	0	0	187	0	0	0	0	33	0	0	0	0	0	0	0	0	0	0	0	0	0	0	0	0	0	67	0	0	0	0	0	0	0	0	1.0e-6	0.0	0.0	0.0	2.0e-6	0.0	0.0	0.0	0.0	0.426647	0.0	0.0	0.0	0.573353	0.0	0.0	0.0	0.0	
215	348	5565.786807475	1930.8	1930.8	0.002273	0.0	131	0	0	0	213	0	0	0	0	1.0e-6	0.0	0.0	0.0	2.0e-6	0.0	0.0	0.0	0.0	0.036716	0.0	0.0	0.0	5536.84	0.0	0.0	0.0	0.0	0.00028	0.0	0.0	0.0	25.9946	0.0	0.0	0.0	0.0	1	0	0	0	23	0	0	0	0	1	0	0	0	2	0	0	0	0	29	0	0	0	188	0	0	0	0	33	0	0	0	0	0	0	0	0	0	0	0	0	0	0	0	0	0	67	0	0	0	0	0	0	0	0	1.0e-6	0.0	0.0	0.0	2.0e-6	0.0	0.0	0.0	0.0	0.448967	0.0	0.0	0.0	0.551033	0.0	0.0	0.0	0.0	
216	352	5569.659266717	1930.8	1930.8	0.002251	0.0	134	0	0	0	214	0	0	0	0	1.0e-6	0.0	0.0	0.0	1.0e-6	0.0	0.0	0.0	0.0	0.037369	0.0	0.0	0.0	5540.71	0.0	0.0	0.0	0.0	0.000279	0.0	0.0	0.0	25.8912	0.0	0.0	0.0	0.0	1	0	0	0	23	0	0	0	0	1	0	0	0	2	0	0	0	0	30	0	0	0	189	0	0	0	0	33	0	0	0	0	0	0	0	0	0	0	0	0	0	0	0	0	0	69	0	0	0	0	0	0	0	0	1.0e-6	0.0	0.0	0.0	1.0e-6	0.0	0.0	0.0	0.0	0.392352	0.0	0.0	0.0	0.607648	0.0	0.0	0.0	0.0	
217	353	5582.348345603	1930.8	1930.8	0.002234	0.0	134	0	0	0	215	0	0	0	0	1.0e-6	0.0	0.0	0.0	1.0e-6	0.0	0.0	0.0	0.0	0.037369	0.0	0.0	0.0	5553.4	0.0	0.0	0.0	0.0	0.000279	0.0	0.0	0.0	25.8298	0.0	0.0	0.0	0.0	1	0	0	0	23	0	0	0	0	1	0	0	0	2	0	0	0	0	30	0	0	0	190	0	0	0	0	33	0	0	0	0	0	0	0	0	0	0	0	0	0	0	0	0	0	69	0	0	0	0	0	0	0	0	1.0e-6	0.0	0.0	0.0	1.0e-6	0.0	0.0	0.0	0.0	0.412854	0.0	0.0	0.0	0.587146	0.0	0.0	0.0	0.0	
218	354	5588.301878806	1930.8	1930.8	0.002181	0.0	134	0	0	0	216	0	0	0	0	1.0e-6	0.0	0.0	0.0	1.0e-6	0.0	0.0	0.0	0.0	0.037369	0.0	0.0	0.0	5559.36	0.0	0.0	0.0	0.0	0.000279	0.0	0.0	0.0	25.7378	0.0	0.0	0.0	0.0	1	0	0	0	23	0	0	0	0	1	0	0	0	2	0	0	0	0	30	0	0	0	191	0	0	0	0	33	0	0	0	0	0	0	0	0	0	0	0	0	0	0	0	0	0	69	0	0	0	0	0	0	0	0	1.0e-6	0.0	0.0	0.0	1.0e-6	0.0	0.0	0.0	0.0	0.434413	0.0	0.0	0.0	0.565587	0.0	0.0	0.0	0.0	
219	356	5602.747625778	1930.8	1930.8	0.002156	0.0	135	0	0	0	217	0	0	0	0	1.0e-6	0.0	0.0	0.0	1.0e-6	0.0	0.0	0.0	0.0	0.037604	0.0	0.0	0.0	5573.8	0.0	0.0	0.0	0.0	0.000279	0.0	0.0	0.0	25.6857	0.0	0.0	0.0	0.0	1	0	0	0	23	0	0	0	0	1	0	0	0	2	0	0	0	0	30	0	0	0	192	0	0	0	0	33	0	0	0	0	0	0	0	0	0	0	0	0	0	0	0	0	0	70	0	0	0	0	0	0	0	0	1.0e-6	0.0	0.0	0.0	1.0e-6	0.0	0.0	0.0	0.0	0.430055	0.0	0.0	0.0	0.569945	0.0	0.0	0.0	0.0	
220	357	5612.641837926	1930.8	1930.8	0.002097	0.0	135	0	0	0	218	0	0	0	0	1.0e-6	0.0	0.0	0.0	1.0e-6	0.0	0.0	0.0	0.0	0.037604	0.0	0.0	0.0	5583.7	0.0	0.0	0.0	0.0	0.000279	0.0	0.0	0.0	25.6133	0.0	0.0	0.0	0.0	1	0	0	0	23	0	0	0	0	1	0	0	0	2	0	0	0	0	30	0	0	0	193	0	0	0	0	33	0	0	0	0	0	0	0	0	0	0	0	0	0	0	0	0	0	70	0	0	0	0	0	0	0	0	1.0e-6	0.0	0.0	0.0	1.0e-6	0.0	0.0	0.0	0.0	0.452479	0.0	0.0	0.0	0.547521	0.0	0.0	0.0	0.0	
221	359	5616.69746598	1930.8	1930.8	0.002057	0.0	136	0	0	0	219	0	0	0	0	1.0e-6	0.0	0.0	0.0	1.0e-6	0.0	0.0	0.0	0.0	0.038077	0.0	0.0	0.0	5587.75	0.0	0.0	0.0	0.0	0.00028	0.0	0.0	0.0	25.5148	0.0	0.0	0.0	0.0	1	0	0	0	23	0	0	0	0	1	0	0	0	2	0	0	0	0	30	0	0	0	194	0	0	0	0	34	0	0	0	0	0	0	0	0	0	0	0	0	0	0	0	0	0	70	0	0	0	0	0	0	0	0	1.0e-6	0.0	0.0	0.0	1.0e-6	0.0	0.0	0.0	0.0	0.44875	0.0	0.0	0.0	0.55125	0.0	0.0	0.0	0.0	
222	362	5618.990229392	1930.8	1930.8	0.002041	0.0	138	0	0	0	220	0	0	0	0	1.0e-6	0.0	0.0	0.0	1.0e-6	0.0	0.0	0.0	0.0	0.038521	0.0	0.0	0.0	5590.04	0.0	0.0	0.0	0.0	0.000279	0.0	0.0	0.0	25.4093	0.0	0.0	0.0	0.0	1	0	0	0	23	0	0	0	0	1	0	0	0	2	0	0	0	0	31	0	0	0	195	0	0	0	0	34	0	0	0	0	0	0	0	0	0	0	0	0	0	0	0	0	0	71	0	0	0	0	0	0	0	0	1.0e-6	0.0	0.0	0.0	1.0e-6	0.0	0.0	0.0	0.0	0.418454	0.0	0.0	0.0	0.581546	0.0	0.0	0.0	0.0	
223	363	5627.126014967	1930.8	1930.8	0.002032	0.0	138	0	0	0	221	0	0	0	0	1.0e-6	0.0	0.0	0.0	1.0e-6	0.0	0.0	0.0	0.0	0.038521	0.0	0.0	0.0	5598.18	0.0	0.0	0.0	0.0	0.000279	0.0	0.0	0.0	25.3311	0.0	0.0	0.0	0.0	1	0	0	0	23	0	0	0	0	1	0	0	0	2	0	0	0	0	31	0	0	0	196	0	0	0	0	34	0	0	0	0	0	0	0	0	0	0	0	0	0	0	0	0	0	71	0	0	0	0	0	0	0	0	1.0e-6	0.0	0.0	0.0	1.0e-6	0.0	0.0	0.0	0.0	0.440209	0.0	0.0	0.0	0.559791	0.0	0.0	0.0	0.0	
224	364	5666.852518258	1930.8	1930.8	0.002001	0.0	138	0	0	0	222	0	0	0	0	1.0e-6	0.0	0.0	0.0	1.0e-6	0.0	0.0	0.0	0.0	0.038521	0.0	0.0	0.0	5637.91	0.0	0.0	0.0	0.0	0.000279	0.0	0.0	0.0	25.396	0.0	0.0	0.0	0.0	1	0	0	0	23	0	0	0	0	1	0	0	0	2	0	0	0	0	31	0	0	0	197	0	0	0	0	34	0	0	0	0	0	0	0	0	0	0	0	0	0	0	0	0	0	71	0	0	0	0	0	0	0	0	1.0e-6	0.0	0.0	0.0	1.0e-6	0.0	0.0	0.0	0.0	0.46307	0.0	0.0	0.0	0.53693	0.0	0.0	0.0	0.0	
225	365	5678.658146128	1930.8	1930.8	0.001854	0.0	138	0	0	0	223	0	0	0	0	1.0e-6	0.0	0.0	0.0	1.0e-6	0.0	0.0	0.0	0.0	0.038521	0.0	0.0	0.0	5649.71	0.0	0.0	0.0	0.0	0.000279	0.0	0.0	0.0	25.335	0.0	0.0	0.0	0.0	1	0	0	0	23	0	0	0	0	1	0	0	0	2	0	0	0	0	31	0	0	0	198	0	0	0	0	34	0	0	0	0	0	0	0	0	0	0	0	0	0	0	0	0	0	71	0	0	0	0	0	0	0	0	1.0e-6	0.0	0.0	0.0	1.0e-6	0.0	0.0	0.0	0.0	0.487086	0.0	0.0	0.0	0.512914	0.0	0.0	0.0	0.0	
226	366	5699.297194765	1930.8	1930.8	0.001812	0.0	138	0	0	0	224	0	0	0	0	1.0e-6	0.0	0.0	0.0	1.0e-6	0.0	0.0	0.0	0.0	0.038521	0.0	0.0	0.0	5670.35	0.0	0.0	0.0	0.0	0.000279	0.0	0.0	0.0	25.3141	0.0	0.0	0.0	0.0	1	0	0	0	23	0	0	0	0	1	0	0	0	2	0	0	0	0	31	0	0	0	199	0	0	0	0	34	0	0	0	0	0	0	0	0	0	0	0	0	0	0	0	0	0	71	0	0	0	0	0	0	0	0	1.0e-6	0.0	0.0	0.0	1.0e-6	0.0	0.0	0.0	0.0	0.51231	0.0	0.0	0.0	0.48769	0.0	0.0	0.0	0.0	
227	367	5707.715147957	1930.8	1930.8	0.001742	0.0	138	0	0	0	225	0	0	0	0	1.0e-6	0.0	0.0	0.0	1.0e-6	0.0	0.0	0.0	0.0	0.038521	0.0	0.0	0.0	5678.77	0.0	0.0	0.0	0.0	0.000279	0.0	0.0	0.0	25.239	0.0	0.0	0.0	0.0	1	0	0	0	23	0	0	0	0	1	0	0	0	2	0	0	0	0	31	0	0	0	200	0	0	0	0	34	0	0	0	0	0	0	0	0	0	0	0	0	0	0	0	0	0	71	0	0	0	0	0	0	0	0	1.0e-6	0.0	0.0	0.0	1.0e-6	0.0	0.0	0.0	0.0	0.538109	0.0	0.0	0.0	0.461891	0.0	0.0	0.0	0.0	
228	368	5887.765537967	1930.8	1930.8	0.001714	0.0	138	0	0	0	226	0	0	0	0	1.0e-6	0.0	0.0	0.0	0.0	0.0	0.0	0.0	0.0	0.038521	0.0	0.0	0.0	5858.82	0.0	0.0	0.0	0.0	0.000279	0.0	0.0	0.0	25.924	0.0	0.0	0.0	0.0	1	0	0	0	23	0	0	0	0	1	0	0	0	2	0	0	0	0	31	0	0	0	201	0	0	0	0	34	0	0	0	0	0	0	0	0	0	0	0	0	0	0	0	0	0	71	0	0	0	0	0	0	0	0	1.0e-6	0.0	0.0	0.0	0.0	0.0	0.0	0.0	0.0	0.563655	0.0	0.0	0.0	0.436345	0.0	0.0	0.0	0.0	
229	373	5897.785828695	1930.8	1930.8	0.001212	0.0	142	0	0	0	227	0	0	0	0	0.0	0.0	0.0	0.0	0.0	0.0	0.0	0.0	0.0	0.039156	0.0	0.0	0.0	5868.84	0.0	0.0	0.0	0.0	0.000276	0.0	0.0	0.0	25.8539	0.0	0.0	0.0	0.0	1	0	0	0	23	0	0	0	0	1	0	0	0	2	0	0	0	0	31	0	0	0	202	0	0	0	0	34	0	0	0	0	0	0	0	0	0	0	0	0	0	0	0	0	0	75	0	0	0	0	0	0	0	0	0.0	0.0	0.0	0.0	0.0	0.0	0.0	0.0	0.0	0.488714	0.0	0.0	0.0	0.511286	0.0	0.0	0.0	0.0	
230	374	5958.393498039	1930.8	1930.8	0.001189	0.0	142	0	0	0	228	0	0	0	0	0.0	0.0	0.0	0.0	0.0	0.0	0.0	0.0	0.0	0.039156	0.0	0.0	0.0	5929.45	0.0	0.0	0.0	0.0	0.000276	0.0	0.0	0.0	26.0063	0.0	0.0	0.0	0.0	1	0	0	0	23	0	0	0	0	1	0	0	0	2	0	0	0	0	31	0	0	0	203	0	0	0	0	34	0	0	0	0	0	0	0	0	0	0	0	0	0	0	0	0	0	75	0	0	0	0	0	0	0	0	0.0	0.0	0.0	0.0	0.0	0.0	0.0	0.0	0.0	0.513817	0.0	0.0	0.0	0.486183	0.0	0.0	0.0	0.0	
231	375	5983.516153681	1930.8	1930.8	0.001058	0.0	142	0	0	0	229	0	0	0	0	0.0	0.0	0.0	0.0	0.0	0.0	0.0	0.0	0.0	0.039156	0.0	0.0	0.0	5954.57	0.0	0.0	0.0	0.0	0.000276	0.0	0.0	0.0	26.0025	0.0	0.0	0.0	0.0	1	0	0	0	23	0	0	0	0	1	0	0	0	2	0	0	0	0	31	0	0	0	204	0	0	0	0	34	0	0	0	0	0	0	0	0	0	0	0	0	0	0	0	0	0	75	0	0	0	0	0	0	0	0	0.0	0.0	0.0	0.0	0.0	0.0	0.0	0.0	0.0	0.539376	0.0	0.0	0.0	0.460624	0.0	0.0	0.0	0.0	
232	377	5992.119463164	1930.8	1930.8	0.001008	0.0	143	0	0	0	230	0	0	0	0	0.0	0.0	0.0	0.0	0.0	0.0	0.0	0.0	0.0	0.039608	0.0	0.0	0.0	5963.17	0.0	0.0	0.0	0.0	0.000277	0.0	0.0	0.0	25.9268	0.0	0.0	0.0	0.0	1	0	0	0	23	0	0	0	0	1	0	0	0	2	0	0	0	0	32	0	0	0	205	0	0	0	0	34	0	0	0	0	0	0	0	0	0	0	0	0	0	0	0	0	0	75	0	0	0	0	0	0	0	0	0.0	0.0	0.0	0.0	0.0	0.0	0.0	0.0	0.0	0.541217	0.0	0.0	0.0	0.458783	0.0	0.0	0.0	0.0	
233	380	6000.562285662	1930.8	1930.8	0.000992	0.0	145	0	0	0	231	0	0	0	0	0.0	0.0	0.0	0.0	0.0	0.0	0.0	0.0	0.0	0.040224	0.0	0.0	0.0	5971.61	0.0	0.0	0.0	0.0	0.000277	0.0	0.0	0.0	25.8511	0.0	0.0	0.0	0.0	1	0	0	0	23	0	0	0	0	1	0	0	0	2	0	0	0	0	32	0	0	0	206	0	0	0	0	35	0	0	0	0	0	0	0	0	0	0	0	0	0	0	0	0	0	76	0	0	0	0	0	0	0	0	0.0	0.0	0.0	0.0	0.0	0.0	0.0	0.0	0.0	0.516685	0.0	0.0	0.0	0.483315	0.0	0.0	0.0	0.0	
234	381	6012.011576861	1930.8	1930.8	0.000976	0.0	145	0	0	0	232	0	0	0	0	0.0	0.0	0.0	0.0	0.0	0.0	0.0	0.0	0.0	0.040224	0.0	0.0	0.0	5983.06	0.0	0.0	0.0	0.0	0.000277	0.0	0.0	0.0	25.7891	0.0	0.0	0.0	0.0	1	0	0	0	23	0	0	0	0	1	0	0	0	2	0	0	0	0	32	0	0	0	207	0	0	0	0	35	0	0	0	0	0	0	0	0	0	0	0	0	0	0	0	0	0	76	0	0	0	0	0	0	0	0	0.0	0.0	0.0	0.0	0.0	0.0	0.0	0.0	0.0	0.541981	0.0	0.0	0.0	0.458019	0.0	0.0	0.0	0.0	
235	383	6019.014486294	1930.8	1930.8	0.000955	0.0	146	0	0	0	233	0	0	0	0	0.0	0.0	0.0	0.0	0.0	0.0	0.0	0.0	0.0	0.040453	0.0	0.0	0.0	5990.07	0.0	0.0	0.0	0.0	0.000277	0.0	0.0	0.0	25.7084	0.0	0.0	0.0	0.0	1	0	0	0	23	0	0	0	0	1	0	0	0	2	0	0	0	0	32	0	0	0	208	0	0	0	0	35	0	0	0	0	0	0	0	0	0	0	0	0	0	0	0	0	0	77	0	0	0	0	0	0	0	0	0.0	0.0	0.0	0.0	0.0	0.0	0.0	0.0	0.0	0.543062	0.0	0.0	0.0	0.456938	0.0	0.0	0.0	0.0	
236	385	6190.743542498	1920.5	1920.5	0.000942	0.0	147	0	0	0	234	0	0	0	0	0.0	0.0	0.0	0.0	0.1	0.0	0.0	0.0	0.0	0.04063	0.0	0.0	0.0	6161.79	0.0	0.0	0.0	0.0	0.000276	0.0	0.0	0.0	26.3325	0.0	0.0	0.0	0.0	1	0	0	0	24	0	0	0	0	1	0	0	0	2	0	0	0	0	32	0	0	0	208	0	0	0	0	35	0	0	0	0	0	0	0	0	0	0	0	0	0	0	0	0	0	78	0	0	0	0	0	0	0	0	0.0	0.0	0.0	0.0	0.1	0.0	0.0	0.0	0.0	3.0e-6	0.0	0.0	0.0	0.999997	0.0	0.0	0.0	0.0	
237	386	6200.72373651	1920.5	1920.5	0.000677	0.0	147	0	0	0	235	0	0	0	0	0.0	0.0	0.0	0.0	0.095	0.0	0.0	0.0	0.0	0.04063	0.0	0.0	0.0	6171.77	0.0	0.0	0.0	0.0	0.000276	0.0	0.0	0.0	26.2629	0.0	0.0	0.0	0.0	1	0	0	0	24	0	0	0	0	1	0	0	0	2	0	0	0	0	32	0	0	0	209	0	0	0	0	35	0	0	0	0	0	0	0	0	0	0	0	0	0	0	0	0	0	78	0	0	0	0	0	0	0	0	0.0	0.0	0.0	0.0	0.095	0.0	0.0	0.0	0.0	3.0e-6	0.0	0.0	0.0	0.999997	0.0	0.0	0.0	0.0	
238	387	6221.284718956	1920.5	1920.5	0.000664	0.0	147	0	0	0	236	0	0	0	0	0.0	0.0	0.0	0.0	0.09025	0.0	0.0	0.0	0.0	0.04063	0.0	0.0	0.0	6192.34	0.0	0.0	0.0	0.0	0.000276	0.0	0.0	0.0	26.2387	0.0	0.0	0.0	0.0	1	0	0	0	24	0	0	0	0	1	0	0	0	2	0	0	0	0	32	0	0	0	210	0	0	0	0	35	0	0	0	0	0	0	0	0	0	0	0	0	0	0	0	0	0	78	0	0	0	0	0	0	0	0	0.0	0.0	0.0	0.0	0.09025	0.0	0.0	0.0	0.0	3.0e-6	0.0	0.0	0.0	0.999997	0.0	0.0	0.0	0.0	
239	388	6233.079647324	1920.5	1920.5	0.000638	0.0	147	0	0	0	237	0	0	0	0	0.0	0.0	0.0	0.0	0.085738	0.0	0.0	0.0	0.0	0.04063	0.0	0.0	0.0	6204.13	0.0	0.0	0.0	0.0	0.000276	0.0	0.0	0.0	26.1778	0.0	0.0	0.0	0.0	1	0	0	0	24	0	0	0	0	1	0	0	0	2	0	0	0	0	32	0	0	0	211	0	0	0	0	35	0	0	0	0	0	0	0	0	0	0	0	0	0	0	0	0	0	78	0	0	0	0	0	0	0	0	0.0	0.0	0.0	0.0	0.085738	0.0	0.0	0.0	0.0	3.0e-6	0.0	0.0	0.0	0.999997	0.0	0.0	0.0	0.0	
240	389	6254.360528407	1915.5	1915.5	0.000624	0.0	147	0	0	0	238	0	0	0	0	0.0	0.0	0.0	0.0	0.131451	0.0	0.0	0.0	0.0	0.04063	0.0	0.0	0.0	6225.41	0.0	0.0	0.0	0.0	0.000276	0.0	0.0	0.0	26.1572	0.0	0.0	0.0	0.0	1	0	0	0	25	0	0	0	0	1	0	0	0	2	0	0	0	0	32	0	0	0	211	0	0	0	0	35	0	0	0	0	0	0	0	0	0	0	0	0	0	0	0	0	0	78	0	0	0	0	0	0	0	0	0.0	0.0	0.0	0.0	0.131451	0.0	0.0	0.0	0.0	2.0e-6	0.0	0.0	0.0	0.999998	0.0	0.0	0.0	0.0	
241	390	6267.704832943	1915.5	1915.5	0.000599	0.0	147	0	0	0	239	0	0	0	0	0.0	0.0	0.0	0.0	0.124878	0.0	0.0	0.0	0.0	0.04063	0.0	0.0	0.0	6238.76	0.0	0.0	0.0	0.0	0.000276	0.0	0.0	0.0	26.1036	0.0	0.0	0.0	0.0	1	0	0	0	25	0	0	0	0	1	0	0	0	2	0	0	0	0	32	0	0	0	212	0	0	0	0	35	0	0	0	0	0	0	0	0	0	0	0	0	0	0	0	0	0	78	0	0	0	0	0	0	0	0	0.0	0.0	0.0	0.0	0.124878	0.0	0.0	0.0	0.0	2.0e-6	0.0	0.0	0.0	0.999998	0.0	0.0	0.0	0.0	
242	391	6292.832322992	1915.5	1915.5	0.000584	0.0	147	0	0	0	240	0	0	0	0	0.0	0.0	0.0	0.0	0.118634	0.0	0.0	0.0	0.0	0.04063	0.0	0.0	0.0	6263.88	0.0	0.0	0.0	0.0	0.000276	0.0	0.0	0.0	26.0995	0.0	0.0	0.0	0.0	1	0	0	0	25	0	0	0	0	1	0	0	0	2	0	0	0	0	32	0	0	0	213	0	0	0	0	35	0	0	0	0	0	0	0	0	0	0	0	0	0	0	0	0	0	78	0	0	0	0	0	0	0	0	0.0	0.0	0.0	0.0	0.118634	0.0	0.0	0.0	0.0	2.0e-6	0.0	0.0	0.0	0.999998	0.0	0.0	0.0	0.0	
243	392	6295.916935024	1915.5	1915.5	0.000556	0.0	147	0	0	0	241	0	0	0	0	0.0	0.0	0.0	0.0	0.112703	0.0	0.0	0.0	0.0	0.04063	0.0	0.0	0.0	6266.97	0.0	0.0	0.0	0.0	0.000276	0.0	0.0	0.0	26.004	0.0	0.0	0.0	0.0	1	0	0	0	25	0	0	0	0	1	0	0	0	2	0	0	0	0	32	0	0	0	214	0	0	0	0	35	0	0	0	0	0	0	0	0	0	0	0	0	0	0	0	0	0	78	0	0	0	0	0	0	0	0	0.0	0.0	0.0	0.0	0.112703	0.0	0.0	0.0	0.0	2.0e-6	0.0	0.0	0.0	0.999998	0.0	0.0	0.0	0.0	
244	393	6301.601755693	1915.5	1915.5	0.000553	0.0	147	0	0	0	242	0	0	0	0	0.0	0.0	0.0	0.0	0.107068	0.0	0.0	0.0	0.0	0.04063	0.0	0.0	0.0	6272.65	0.0	0.0	0.0	0.0	0.000276	0.0	0.0	0.0	25.9201	0.0	0.0	0.0	0.0	1	0	0	0	25	0	0	0	0	1	0	0	0	2	0	0	0	0	32	0	0	0	215	0	0	0	0	35	0	0	0	0	0	0	0	0	0	0	0	0	0	0	0	0	0	78	0	0	0	0	0	0	0	0	0.0	0.0	0.0	0.0	0.107068	0.0	0.0	0.0	0.0	2.0e-6	0.0	0.0	0.0	0.999998	0.0	0.0	0.0	0.0	
245	394	6306.117994951	1915.5	1915.5	0.000547	0.0	147	0	0	0	243	0	0	0	0	0.0	0.0	0.0	0.0	0.101714	0.0	0.0	0.0	0.0	0.04063	0.0	0.0	0.0	6277.17	0.0	0.0	0.0	0.0	0.000276	0.0	0.0	0.0	25.832	0.0	0.0	0.0	0.0	1	0	0	0	25	0	0	0	0	1	0	0	0	2	0	0	0	0	32	0	0	0	216	0	0	0	0	35	0	0	0	0	0	0	0	0	0	0	0	0	0	0	0	0	0	78	0	0	0	0	0	0	0	0	0.0	0.0	0.0	0.0	0.101714	0.0	0.0	0.0	0.0	3.0e-6	0.0	0.0	0.0	0.999997	0.0	0.0	0.0	0.0	
246	395	6325.419681357	1915.5	1915.5	0.000542	0.0	147	0	0	0	244	0	0	0	0	0.0	0.0	0.0	0.0	0.096628	0.0	0.0	0.0	0.0	0.04063	0.0	0.0	0.0	6296.47	0.0	0.0	0.0	0.0	0.000276	0.0	0.0	0.0	25.8052	0.0	0.0	0.0	0.0	1	0	0	0	25	0	0	0	0	1	0	0	0	2	0	0	0	0	32	0	0	0	217	0	0	0	0	35	0	0	0	0	0	0	0	0	0	0	0	0	0	0	0	0	0	78	0	0	0	0	0	0	0	0	0.0	0.0	0.0	0.0	0.096628	0.0	0.0	0.0	0.0	3.0e-6	0.0	0.0	0.0	0.999997	0.0	0.0	0.0	0.0	
247	396	6335.15676013	1915.5	1915.5	0.000523	0.0	147	0	0	0	245	0	0	0	0	0.0	0.0	0.0	0.0	0.091797	0.0	0.0	0.0	0.0	0.04063	0.0	0.0	0.0	6306.21	0.0	0.0	0.0	0.0	0.000276	0.0	0.0	0.0	25.7396	0.0	0.0	0.0	0.0	1	0	0	0	25	0	0	0	0	1	0	0	0	2	0	0	0	0	32	0	0	0	218	0	0	0	0	35	0	0	0	0	0	0	0	0	0	0	0	0	0	0	0	0	0	78	0	0	0	0	0	0	0	0	0.0	0.0	0.0	0.0	0.091797	0.0	0.0	0.0	0.0	3.0e-6	0.0	0.0	0.0	0.999997	0.0	0.0	0.0	0.0	
248	397	6504.535488132	1915.5	1915.5	0.000513	0.0	147	0	0	0	246	0	0	0	0	0.0	0.0	0.0	0.0	0.087207	0.0	0.0	0.0	0.0	0.04063	0.0	0.0	0.0	6475.59	0.0	0.0	0.0	0.0	0.000276	0.0	0.0	0.0	26.3235	0.0	0.0	0.0	0.0	1	0	0	0	25	0	0	0	0	1	0	0	0	2	0	0	0	0	32	0	0	0	219	0	0	0	0	35	0	0	0	0	0	0	0	0	0	0	0	0	0	0	0	0	0	78	0	0	0	0	0	0	0	0	0.0	0.0	0.0	0.0	0.087207	0.0	0.0	0.0	0.0	3.0e-6	0.0	0.0	0.0	0.999997	0.0	0.0	0.0	0.0	
249	398	6509.300517375	1915.5	1915.5	0.00037	0.0	147	0	0	0	247	0	0	0	0	0.0	0.0	0.0	0.0	0.082847	0.0	0.0	0.0	0.0	0.04063	0.0	0.0	0.0	6480.35	0.0	0.0	0.0	0.0	0.000276	0.0	0.0	0.0	26.2362	0.0	0.0	0.0	0.0	1	0	0	0	25	0	0	0	0	1	0	0	0	2	0	0	0	0	32	0	0	0	220	0	0	0	0	35	0	0	0	0	0	0	0	0	0	0	0	0	0	0	0	0	0	78	0	0	0	0	0	0	0	0	0.0	0.0	0.0	0.0	0.082847	0.0	0.0	0.0	0.0	3.0e-6	0.0	0.0	0.0	0.999997	0.0	0.0	0.0	0.0	
250	399	6517.006106878	1915.5	1915.5	0.000367	0.0	147	0	0	0	248	0	0	0	0	0.0	0.0	0.0	0.0	0.078704	0.0	0.0	0.0	0.0	0.04063	0.0	0.0	0.0	6488.06	0.0	0.0	0.0	0.0	0.000276	0.0	0.0	0.0	26.1615	0.0	0.0	0.0	0.0	1	0	0	0	25	0	0	0	0	1	0	0	0	2	0	0	0	0	32	0	0	0	221	0	0	0	0	35	0	0	0	0	0	0	0	0	0	0	0	0	0	0	0	0	0	78	0	0	0	0	0	0	0	0	0.0	0.0	0.0	0.0	0.078704	0.0	0.0	0.0	0.0	3.0e-6	0.0	0.0	0.0	0.999997	0.0	0.0	0.0	0.0	
251	400	6520.868567157	1915.5	1915.5	0.000362	0.0	147	0	0	0	249	0	0	0	0	0.0	0.0	0.0	0.0	0.074769	0.0	0.0	0.0	0.0	0.04063	0.0	0.0	0.0	6491.92	0.0	0.0	0.0	0.0	0.000276	0.0	0.0	0.0	26.072	0.0	0.0	0.0	0.0	1	0	0	0	25	0	0	0	0	1	0	0	0	2	0	0	0	0	32	0	0	0	222	0	0	0	0	35	0	0	0	0	0	0	0	0	0	0	0	0	0	0	0	0	0	78	0	0	0	0	0	0	0	0	0.0	0.0	0.0	0.0	0.074769	0.0	0.0	0.0	0.0	3.0e-6	0.0	0.0	0.0	0.999997	0.0	0.0	0.0	0.0	
252	401	6526.907426362	1913.8	1913.8	0.000359	0.0	147	0	0	0	250	0	0	0	0	0.0	0.0	0.0	0.0	0.121031	0.0	0.0	0.0	0.0	0.04063	0.0	0.0	0.0	6497.96	0.0	0.0	0.0	0.0	0.000276	0.0	0.0	0.0	25.9918	0.0	0.0	0.0	0.0	1	0	0	0	26	0	0	0	0	1	0	0	0	2	0	0	0	0	32	0	0	0	222	0	0	0	0	35	0	0	0	0	0	0	0	0	0	0	0	0	0	0	0	0	0	78	0	0	0	0	0	0	0	0	0.0	0.0	0.0	0.0	0.121031	0.0	0.0	0.0	0.0	2.0e-6	0.0	0.0	0.0	0.999998	0.0	0.0	0.0	0.0	
253	402	6532.665691976	1913.8	1913.8	0.000355	0.0	147	0	0	0	251	0	0	0	0	0.0	0.0	0.0	0.0	0.114979	0.0	0.0	0.0	0.0	0.04063	0.0	0.0	0.0	6503.72	0.0	0.0	0.0	0.0	0.000276	0.0	0.0	0.0	25.9112	0.0	0.0	0.0	0.0	1	0	0	0	26	0	0	0	0	1	0	0	0	2	0	0	0	0	32	0	0	0	223	0	0	0	0	35	0	0	0	0	0	0	0	0	0	0	0	0	0	0	0	0	0	78	0	0	0	0	0	0	0	0	0.0	0.0	0.0	0.0	0.114979	0.0	0.0	0.0	0.0	2.0e-6	0.0	0.0	0.0	0.999998	0.0	0.0	0.0	0.0	
254	403	6536.395229398	1913.8	1913.8	0.000351	0.0	147	0	0	0	252	0	0	0	0	0.0	0.0	0.0	0.0	0.10923	0.0	0.0	0.0	0.0	0.04063	0.0	0.0	0.0	6507.45	0.0	0.0	0.0	0.0	0.000276	0.0	0.0	0.0	25.8232	0.0	0.0	0.0	0.0	1	0	0	0	26	0	0	0	0	1	0	0	0	2	0	0	0	0	32	0	0	0	224	0	0	0	0	35	0	0	0	0	0	0	0	0	0	0	0	0	0	0	0	0	0	78	0	0	0	0	0	0	0	0	0.0	0.0	0.0	0.0	0.10923	0.0	0.0	0.0	0.0	2.0e-6	0.0	0.0	0.0	0.999998	0.0	0.0	0.0	0.0	
255	404	6542.060029625	1913.8	1913.8	0.000348	0.0	147	0	0	0	253	0	0	0	0	0.0	0.0	0.0	0.0	0.103769	0.0	0.0	0.0	0.0	0.04063	0.0	0.0	0.0	6513.11	0.0	0.0	0.0	0.0	0.000276	0.0	0.0	0.0	25.7435	0.0	0.0	0.0	0.0	1	0	0	0	26	0	0	0	0	1	0	0	0	2	0	0	0	0	32	0	0	0	225	0	0	0	0	35	0	0	0	0	0	0	0	0	0	0	0	0	0	0	0	0	0	78	0	0	0	0	0	0	0	0	0.0	0.0	0.0	0.0	0.103769	0.0	0.0	0.0	0.0	2.0e-6	0.0	0.0	0.0	0.999998	0.0	0.0	0.0	0.0	
256	405	6554.590486292	1913.8	1913.8	0.000345	0.0	147	0	0	0	254	0	0	0	0	0.0	0.0	0.0	0.0	0.09858	0.0	0.0	0.0	0.0	0.04063	0.0	0.0	0.0	6525.64	0.0	0.0	0.0	0.0	0.000276	0.0	0.0	0.0	25.6915	0.0	0.0	0.0	0.0	1	0	0	0	26	0	0	0	0	1	0	0	0	2	0	0	0	0	32	0	0	0	226	0	0	0	0	35	0	0	0	0	0	0	0	0	0	0	0	0	0	0	0	0	0	78	0	0	0	0	0	0	0	0	0.0	0.0	0.0	0.0	0.09858	0.0	0.0	0.0	0.0	3.0e-6	0.0	0.0	0.0	0.999997	0.0	0.0	0.0	0.0	
257	406	6558.83243995	1913.8	1913.8	0.000336	0.0	147	0	0	0	255	0	0	0	0	0.0	0.0	0.0	0.0	0.093651	0.0	0.0	0.0	0.0	0.04063	0.0	0.0	0.0	6529.88	0.0	0.0	0.0	0.0	0.000276	0.0	0.0	0.0	25.6074	0.0	0.0	0.0	0.0	1	0	0	0	26	0	0	0	0	1	0	0	0	2	0	0	0	0	32	0	0	0	227	0	0	0	0	35	0	0	0	0	0	0	0	0	0	0	0	0	0	0	0	0	0	78	0	0	0	0	0	0	0	0	0.0	0.0	0.0	0.0	0.093651	0.0	0.0	0.0	0.0	3.0e-6	0.0	0.0	0.0	0.999997	0.0	0.0	0.0	0.0	
258	407	6674.107497402	1913.8	1913.8	0.000334	0.0	147	0	0	0	256	0	0	0	0	0.0	0.0	0.0	0.0	0.088969	0.0	0.0	0.0	0.0	0.04063	0.0	0.0	0.0	6645.16	0.0	0.0	0.0	0.0	0.000276	0.0	0.0	0.0	25.9576	0.0	0.0	0.0	0.0	1	0	0	0	26	0	0	0	0	1	0	0	0	2	0	0	0	0	32	0	0	0	228	0	0	0	0	35	0	0	0	0	0	0	0	0	0	0	0	0	0	0	0	0	0	78	0	0	0	0	0	0	0	0	0.0	0.0	0.0	0.0	0.088969	0.0	0.0	0.0	0.0	3.0e-6	0.0	0.0	0.0	0.999997	0.0	0.0	0.0	0.0	
259	408	6695.881902578	1913.8	1913.8	0.000267	0.0	147	0	0	0	257	0	0	0	0	0.0	0.0	0.0	0.0	0.08452	0.0	0.0	0.0	0.0	0.04063	0.0	0.0	0.0	6666.93	0.0	0.0	0.0	0.0	0.000276	0.0	0.0	0.0	25.9414	0.0	0.0	0.0	0.0	1	0	0	0	26	0	0	0	0	1	0	0	0	2	0	0	0	0	32	0	0	0	229	0	0	0	0	35	0	0	0	0	0	0	0	0	0	0	0	0	0	0	0	0	0	78	0	0	0	0	0	0	0	0	0.0	0.0	0.0	0.0	0.08452	0.0	0.0	0.0	0.0	3.0e-6	0.0	0.0	0.0	0.999997	0.0	0.0	0.0	0.0	
260	409	6703.378025818	1913.8	1913.8	0.000256	0.0	147	0	0	0	258	0	0	0	0	0.0	0.0	0.0	0.0	0.080294	0.0	0.0	0.0	0.0	0.04063	0.0	0.0	0.0	6674.43	0.0	0.0	0.0	0.0	0.000276	0.0	0.0	0.0	25.8699	0.0	0.0	0.0	0.0	1	0	0	0	26	0	0	0	0	1	0	0	0	2	0	0	0	0	32	0	0	0	230	0	0	0	0	35	0	0	0	0	0	0	0	0	0	0	0	0	0	0	0	0	0	78	0	0	0	0	0	0	0	0	0.0	0.0	0.0	0.0	0.080294	0.0	0.0	0.0	0.0	3.0e-6	0.0	0.0	0.0	0.999997	0.0	0.0	0.0	0.0	
261	410	6708.846401	1913.8	1913.8	0.000253	0.0	147	0	0	0	259	0	0	0	0	0.0	0.0	0.0	0.0	0.07628	0.0	0.0	0.0	0.0	0.04063	0.0	0.0	0.0	6679.9	0.0	0.0	0.0	0.0	0.000276	0.0	0.0	0.0	25.7911	0.0	0.0	0.0	0.0	1	0	0	0	26	0	0	0	0	1	0	0	0	2	0	0	0	0	32	0	0	0	231	0	0	0	0	35	0	0	0	0	0	0	0	0	0	0	0	0	0	0	0	0	0	78	0	0	0	0	0	0	0	0	0.0	0.0	0.0	0.0	0.07628	0.0	0.0	0.0	0.0	3.0e-6	0.0	0.0	0.0	0.999997	0.0	0.0	0.0	0.0	
262	411	6716.19853904	1913.8	1913.8	0.00025	0.0	147	0	0	0	260	0	0	0	0	0.0	0.0	0.0	0.0	0.072466	0.0	0.0	0.0	0.0	0.04063	0.0	0.0	0.0	6687.25	0.0	0.0	0.0	0.0	0.000276	0.0	0.0	0.0	25.7202	0.0	0.0	0.0	0.0	1	0	0	0	26	0	0	0	0	1	0	0	0	2	0	0	0	0	32	0	0	0	232	0	0	0	0	35	0	0	0	0	0	0	0	0	0	0	0	0	0	0	0	0	0	78	0	0	0	0	0	0	0	0	0.0	0.0	0.0	0.0	0.072466	0.0	0.0	0.0	0.0	4.0e-6	0.0	0.0	0.0	0.999996	0.0	0.0	0.0	0.0	
263	412	6722.286199315	1913.8	1913.8	0.000246	0.0	147	0	0	0	261	0	0	0	0	0.0	0.0	0.0	0.0	0.068842	0.0	0.0	0.0	0.0	0.04063	0.0	0.0	0.0	6693.34	0.0	0.0	0.0	0.0	0.000276	0.0	0.0	0.0	25.645	0.0	0.0	0.0	0.0	1	0	0	0	26	0	0	0	0	1	0	0	0	2	0	0	0	0	32	0	0	0	233	0	0	0	0	35	0	0	0	0	0	0	0	0	0	0	0	0	0	0	0	0	0	78	0	0	0	0	0	0	0	0	0.0	0.0	0.0	0.0	0.068842	0.0	0.0	0.0	0.0	4.0e-6	0.0	0.0	0.0	0.999996	0.0	0.0	0.0	0.0	
264	413	6784.480343078	1913.8	1913.8	0.000244	0.0	147	0	0	0	262	0	0	0	0	0.0	0.0	0.0	0.0	0.0654	0.0	0.0	0.0	0.0	0.04063	0.0	0.0	0.0	6755.53	0.0	0.0	0.0	0.0	0.000276	0.0	0.0	0.0	25.7845	0.0	0.0	0.0	0.0	1	0	0	0	26	0	0	0	0	1	0	0	0	2	0	0	0	0	32	0	0	0	234	0	0	0	0	35	0	0	0	0	0	0	0	0	0	0	0	0	0	0	0	0	0	78	0	0	0	0	0	0	0	0	0.0	0.0	0.0	0.0	0.0654	0.0	0.0	0.0	0.0	4.0e-6	0.0	0.0	0.0	0.999996	0.0	0.0	0.0	0.0	
265	414	6802.384170741	1913.8	1913.8	0.000216	0.0	147	0	0	0	263	0	0	0	0	0.0	0.0	0.0	0.0	0.06213	0.0	0.0	0.0	0.0	0.04063	0.0	0.0	0.0	6773.43	0.0	0.0	0.0	0.0	0.000276	0.0	0.0	0.0	25.7545	0.0	0.0	0.0	0.0	1	0	0	0	26	0	0	0	0	1	0	0	0	2	0	0	0	0	32	0	0	0	235	0	0	0	0	35	0	0	0	0	0	0	0	0	0	0	0	0	0	0	0	0	0	78	0	0	0	0	0	0	0	0	0.0	0.0	0.0	0.0	0.06213	0.0	0.0	0.0	0.0	4.0e-6	0.0	0.0	0.0	0.999996	0.0	0.0	0.0	0.0	
266	415	6806.720683771	1913.8	1913.8	0.000209	0.0	147	0	0	0	264	0	0	0	0	0.0	0.0	0.0	0.0	0.059024	0.0	0.0	0.0	0.0	0.04063	0.0	0.0	0.0	6777.77	0.0	0.0	0.0	0.0	0.000276	0.0	0.0	0.0	25.6734	0.0	0.0	0.0	0.0	1	0	0	0	26	0	0	0	0	1	0	0	0	2	0	0	0	0	32	0	0	0	236	0	0	0	0	35	0	0	0	0	0	0	0	0	0	0	0	0	0	0	0	0	0	78	0	0	0	0	0	0	0	0	0.0	0.0	0.0	0.0	0.059024	0.0	0.0	0.0	0.0	4.0e-6	0.0	0.0	0.0	0.999996	0.0	0.0	0.0	0.0	
267	416	6814.66171862	1913.8	1913.8	0.000207	0.0	147	0	0	0	265	0	0	0	0	0.0	0.0	0.0	0.0	0.056072	0.0	0.0	0.0	0.0	0.04063	0.0	0.0	0.0	6785.71	0.0	0.0	0.0	0.0	0.000276	0.0	0.0	0.0	25.6065	0.0	0.0	0.0	0.0	1	0	0	0	26	0	0	0	0	1	0	0	0	2	0	0	0	0	32	0	0	0	237	0	0	0	0	35	0	0	0	0	0	0	0	0	0	0	0	0	0	0	0	0	0	78	0	0	0	0	0	0	0	0	0.0	0.0	0.0	0.0	0.056072	0.0	0.0	0.0	0.0	5.0e-6	0.0	0.0	0.0	0.999995	0.0	0.0	0.0	0.0	
268	417	6845.942671042	1913.8	1913.8	0.000204	0.0	147	0	0	0	266	0	0	0	0	0.0	0.0	0.0	0.0	0.053269	0.0	0.0	0.0	0.0	0.04063	0.0	0.0	0.0	6816.99	0.0	0.0	0.0	0.0	0.000276	0.0	0.0	0.0	25.6278	0.0	0.0	0.0	0.0	1	0	0	0	26	0	0	0	0	1	0	0	0	2	0	0	0	0	32	0	0	0	238	0	0	0	0	35	0	0	0	0	0	0	0	0	0	0	0	0	0	0	0	0	0	78	0	0	0	0	0	0	0	0	0.0	0.0	0.0	0.0	0.053269	0.0	0.0	0.0	0.0	5.0e-6	0.0	0.0	0.0	0.999995	0.0	0.0	0.0	0.0	
269	418	6853.033977512	1913.8	1913.8	0.000192	0.0	147	0	0	0	267	0	0	0	0	0.0	0.0	0.0	0.0	0.050605	0.0	0.0	0.0	0.0	0.04063	0.0	0.0	0.0	6824.08	0.0	0.0	0.0	0.0	0.000276	0.0	0.0	0.0	25.5584	0.0	0.0	0.0	0.0	1	0	0	0	26	0	0	0	0	1	0	0	0	2	0	0	0	0	32	0	0	0	239	0	0	0	0	35	0	0	0	0	0	0	0	0	0	0	0	0	0	0	0	0	0	78	0	0	0	0	0	0	0	0	0.0	0.0	0.0	0.0	0.050605	0.0	0.0	0.0	0.0	5.0e-6	0.0	0.0	0.0	0.999995	0.0	0.0	0.0	0.0	
270	419	6861.630933318	1913.8	1913.8	0.000189	0.0	147	0	0	0	268	0	0	0	0	0.0	0.0	0.0	0.0	0.048075	0.0	0.0	0.0	0.0	0.04063	0.0	0.0	0.0	6832.68	0.0	0.0	0.0	0.0	0.000276	0.0	0.0	0.0	25.4951	0.0	0.0	0.0	0.0	1	0	0	0	26	0	0	0	0	1	0	0	0	2	0	0	0	0	32	0	0	0	240	0	0	0	0	35	0	0	0	0	0	0	0	0	0	0	0	0	0	0	0	0	0	78	0	0	0	0	0	0	0	0	0.0	0.0	0.0	0.0	0.048075	0.0	0.0	0.0	0.0	5.0e-6	0.0	0.0	0.0	0.999995	0.0	0.0	0.0	0.0	
271	420	6869.36051027	1913.8	1913.8	0.000186	0.0	147	0	0	0	269	0	0	0	0	0.0	0.0	0.0	0.0	0.045671	0.0	0.0	0.0	0.0	0.04063	0.0	0.0	0.0	6840.41	0.0	0.0	0.0	0.0	0.000276	0.0	0.0	0.0	25.429	0.0	0.0	0.0	0.0	1	0	0	0	26	0	0	0	0	1	0	0	0	2	0	0	0	0	32	0	0	0	241	0	0	0	0	35	0	0	0	0	0	0	0	0	0	0	0	0	0	0	0	0	0	78	0	0	0	0	0	0	0	0	0.0	0.0	0.0	0.0	0.045671	0.0	0.0	0.0	0.0	6.0e-6	0.0	0.0	0.0	0.999994	0.0	0.0	0.0	0.0	
272	421	6884.961480287	1913.8	1913.8	0.000184	0.0	147	0	0	0	270	0	0	0	0	0.0	0.0	0.0	0.0	0.043388	0.0	0.0	0.0	0.0	0.04063	0.0	0.0	0.0	6856.01	0.0	0.0	0.0	0.0	0.000276	0.0	0.0	0.0	25.3926	0.0	0.0	0.0	0.0	1	0	0	0	26	0	0	0	0	1	0	0	0	2	0	0	0	0	32	0	0	0	242	0	0	0	0	35	0	0	0	0	0	0	0	0	0	0	0	0	0	0	0	0	0	78	0	0	0	0	0	0	0	0	0.0	0.0	0.0	0.0	0.043388	0.0	0.0	0.0	0.0	6.0e-6	0.0	0.0	0.0	0.999994	0.0	0.0	0.0	0.0	
273	422	6959.215123877	1913.8	1913.8	0.000178	0.0	147	0	0	0	271	0	0	0	0	0.0	0.0	0.0	0.0	0.041218	0.0	0.0	0.0	0.0	0.04063	0.0	0.0	0.0	6930.27	0.0	0.0	0.0	0.0	0.000276	0.0	0.0	0.0	25.5729	0.0	0.0	0.0	0.0	1	0	0	0	26	0	0	0	0	1	0	0	0	2	0	0	0	0	32	0	0	0	243	0	0	0	0	35	0	0	0	0	0	0	0	0	0	0	0	0	0	0	0	0	0	78	0	0	0	0	0	0	0	0	0.0	0.0	0.0	0.0	0.041218	0.0	0.0	0.0	0.0	6.0e-6	0.0	0.0	0.0	0.999994	0.0	0.0	0.0	0.0	
274	423	6966.275160415	1913.8	1913.8	0.000154	0.0	147	0	0	0	272	0	0	0	0	0.0	0.0	0.0	0.0	0.039157	0.0	0.0	0.0	0.0	0.04063	0.0	0.0	0.0	6937.33	0.0	0.0	0.0	0.0	0.000276	0.0	0.0	0.0	25.5049	0.0	0.0	0.0	0.0	1	0	0	0	26	0	0	0	0	1	0	0	0	2	0	0	0	0	32	0	0	0	244	0	0	0	0	35	0	0	0	0	0	0	0	0	0	0	0	0	0	0	0	0	0	78	0	0	0	0	0	0	0	0	0.0	0.0	0.0	0.0	0.039157	0.0	0.0	0.0	0.0	7.0e-6	0.0	0.0	0.0	0.999993	0.0	0.0	0.0	0.0	
275	424	6973.827517695	1913.8	1913.8	0.000152	0.0	147	0	0	0	273	0	0	0	0	0.0	0.0	0.0	0.0	0.0372	0.0	0.0	0.0	0.0	0.04063	0.0	0.0	0.0	6944.88	0.0	0.0	0.0	0.0	0.000276	0.0	0.0	0.0	25.4391	0.0	0.0	0.0	0.0	1	0	0	0	26	0	0	0	0	1	0	0	0	2	0	0	0	0	32	0	0	0	245	0	0	0	0	35	0	0	0	0	0	0	0	0	0	0	0	0	0	0	0	0	0	78	0	0	0	0	0	0	0	0	0.0	0.0	0.0	0.0	0.0372	0.0	0.0	0.0	0.0	7.0e-6	0.0	0.0	0.0	0.999993	0.0	0.0	0.0	0.0	
276	425	7153.93515378	1913.8	1913.8	0.00015	0.0	147	0	0	0	274	0	0	0	0	0.0	0.0	0.0	0.0	0.03534	0.0	0.0	0.0	0.0	0.04063	0.0	0.0	0.0	7124.98	0.0	0.0	0.0	0.0	0.000276	0.0	0.0	0.0	26.0036	0.0	0.0	0.0	0.0	1	0	0	0	26	0	0	0	0	1	0	0	0	2	0	0	0	0	32	0	0	0	246	0	0	0	0	35	0	0	0	0	0	0	0	0	0	0	0	0	0	0	0	0	0	78	0	0	0	0	0	0	0	0	0.0	0.0	0.0	0.0	0.03534	0.0	0.0	0.0	0.0	7.0e-6	0.0	0.0	0.0	0.999993	0.0	0.0	0.0	0.0	
277	426	7159.001867082	1913.8	1913.8	0.000106	0.0	147	0	0	0	275	0	0	0	0	0.0	0.0	0.0	0.0	0.033572	0.0	0.0	0.0	0.0	0.04063	0.0	0.0	0.0	7130.05	0.0	0.0	0.0	0.0	0.000276	0.0	0.0	0.0	25.9275	0.0	0.0	0.0	0.0	1	0	0	0	26	0	0	0	0	1	0	0	0	2	0	0	0	0	32	0	0	0	247	0	0	0	0	35	0	0	0	0	0	0	0	0	0	0	0	0	0	0	0	0	0	78	0	0	0	0	0	0	0	0	0.0	0.0	0.0	0.0	0.033572	0.0	0.0	0.0	0.0	8.0e-6	0.0	0.0	0.0	0.999992	0.0	0.0	0.0	0.0	
278	427	7174.509542304	1913.8	1913.8	0.000105	0.0	147	0	0	0	276	0	0	0	0	0.0	0.0	0.0	0.0	0.031894	0.0	0.0	0.0	0.0	0.04063	0.0	0.0	0.0	7145.56	0.0	0.0	0.0	0.0	0.000276	0.0	0.0	0.0	25.8897	0.0	0.0	0.0	0.0	1	0	0	0	26	0	0	0	0	1	0	0	0	2	0	0	0	0	32	0	0	0	248	0	0	0	0	35	0	0	0	0	0	0	0	0	0	0	0	0	0	0	0	0	0	78	0	0	0	0	0	0	0	0	0.0	0.0	0.0	0.0	0.031894	0.0	0.0	0.0	0.0	8.0e-6	0.0	0.0	0.0	0.999992	0.0	0.0	0.0	0.0	
279	428	7180.946799504	1913.8	1913.8	0.000102	0.0	147	0	0	0	277	0	0	0	0	0.0	0.0	0.0	0.0	0.030299	0.0	0.0	0.0	0.0	0.04063	0.0	0.0	0.0	7152.0	0.0	0.0	0.0	0.0	0.000276	0.0	0.0	0.0	25.8195	0.0	0.0	0.0	0.0	1	0	0	0	26	0	0	0	0	1	0	0	0	2	0	0	0	0	32	0	0	0	249	0	0	0	0	35	0	0	0	0	0	0	0	0	0	0	0	0	0	0	0	0	0	78	0	0	0	0	0	0	0	0	0.0	0.0	0.0	0.0	0.030299	0.0	0.0	0.0	0.0	8.0e-6	0.0	0.0	0.0	0.999992	0.0	0.0	0.0	0.0	
280	429	7184.865288597	1913.8	1913.8	0.000101	0.0	147	0	0	0	278	0	0	0	0	0.0	0.0	0.0	0.0	0.028784	0.0	0.0	0.0	0.0	0.04063	0.0	0.0	0.0	7155.91	0.0	0.0	0.0	0.0	0.000276	0.0	0.0	0.0	25.7407	0.0	0.0	0.0	0.0	1	0	0	0	26	0	0	0	0	1	0	0	0	2	0	0	0	0	32	0	0	0	250	0	0	0	0	35	0	0	0	0	0	0	0	0	0	0	0	0	0	0	0	0	0	78	0	0	0	0	0	0	0	0	0.0	0.0	0.0	0.0	0.028784	0.0	0.0	0.0	0.0	9.0e-6	0.0	0.0	0.0	0.999991	0.0	0.0	0.0	0.0	
281	430	7186.951061773	1913.8	1913.8	0.0001	0.0	147	0	0	0	279	0	0	0	0	0.0	0.0	0.0	0.0	0.027345	0.0	0.0	0.0	0.0	0.04063	0.0	0.0	0.0	7158.0	0.0	0.0	0.0	0.0	0.000276	0.0	0.0	0.0	25.6559	0.0	0.0	0.0	0.0	1	0	0	0	26	0	0	0	0	1	0	0	0	2	0	0	0	0	32	0	0	0	251	0	0	0	0	35	0	0	0	0	0	0	0	0	0	0	0	0	0	0	0	0	0	78	0	0	0	0	0	0	0	0	0.0	0.0	0.0	0.0	0.027345	0.0	0.0	0.0	0.0	9.0e-6	0.0	0.0	0.0	0.999991	0.0	0.0	0.0	0.0	
282	430	7186.951077273	1913.8	1913.8	0.0001	0.0	147	0	0	0	279	0	0	0	0	0.0	0.0	0.0	0.0	0.027345	0.0	0.0	0.0	0.0	0.04063	0.0	0.0	0.0	7158.0	0.0	0.0	0.0	0.0	0.000276	0.0	0.0	0.0	25.6559	0.0	0.0	0.0	0.0	1	0	0	0	26	0	0	0	0	1	0	0	0	2	0	0	0	0	32	0	0	0	251	0	0	0	0	35	0	0	0	0	0	0	0	0	0	0	0	0	0	0	0	0	0	78	0	0	0	0	0	0	0	0	0.0	0.0	0.0	0.0	0.027345	0.0	0.0	0.0	0.0	9.0e-6	0.0	0.0	0.0	0.999991	0.0	0.0	0.0	0.0	
