indexLine	algoIter	time	best obj	current obj	T	probdelta1	nb uses 1	nb uses 2	nb uses 3	nb uses 4	nb uses 5	nb uses 6	nb uses 7	nb uses 8	nb uses 9	score 1	score 2	score 3	score 4	score 5	score 6	score 7	score 8	score 9	duration 1	duration 2	duration 3	duration 4	duration 5	duration 6	duration 7	duration 8	duration 9	avgDuration 1	avgDuration 2	avgDuration 3	avgDuration 4	avgDuration 5	avgDuration 6	avgDuration 7	avgDuration 8	avgDuration 9	sigmas1 1	sigmas1 2	sigmas1 3	sigmas1 4	sigmas1 5	sigmas1 6	sigmas1 7	sigmas1 8	sigmas1 9	sigmas2 1	sigmas2 2	sigmas2 3	sigmas2 4	sigmas2 5	sigmas2 6	sigmas2 7	sigmas2 8	sigmas2 9	sigmas3 1	sigmas3 2	sigmas3 3	sigmas3 4	sigmas3 5	sigmas3 6	sigmas3 7	sigmas3 8	sigmas3 9	sigmas4 1	sigmas4 2	sigmas4 3	sigmas4 4	sigmas4 5	sigmas4 6	sigmas4 7	sigmas4 8	sigmas4 9	sigmas5 1	sigmas5 2	sigmas5 3	sigmas5 4	sigmas5 5	sigmas5 6	sigmas5 7	sigmas5 8	sigmas5 9	sigmas6 1	sigmas6 2	sigmas6 3	sigmas6 4	sigmas6 5	sigmas6 6	sigmas6 7	sigmas6 8	sigmas6 9	weight 1	weight 2	weight 3	weight 4	weight 5	weight 6	weight 7	weight 8	weight 9	proba 1	proba 2	proba 3	proba 4	proba 5	proba 6	proba 7	proba 8	proba 9	
1	2	52.817629881	14184.603	14184.603	100.0	0.99005	0	0	0	0	0	0	0	0	0	0.0	0.0	0.0	0.0	0.0	0.0	0.0	0.0	0.0	0.0	0.0	0.0	0.0	0.0	0.0	0.0	0.0	0.0	0.0	0.0	0.0	0.0	0.0	0.0	0.0	0.0	0.0	0	0	0	0	0	0	0	0	0	0	0	0	0	0	0	0	0	0	0	0	0	0	0	0	0	0	0	0	0	0	0	0	0	0	0	0	0	0	0	0	0	0	0	0	0	0	0	0	0	0	0	0	0	0	0.0	0.0	0.0	0.0	0.0	0.0	0.0	0.0	0.0	0.0	0.0	0.0	0.0	0.0	0.0	0.0	0.0	0.0	
2	4	113.805995737	13220.868	13220.868	100.0	0.99005	0	0	0	0	0	0	0	0	0	1.0	0.0	0.0	0.0	1.0	0.0	0.0	0.0	0.0	0.0	0.0	0.0	0.0	0.0	0.0	0.0	0.0	0.0	0.000331	0.0	0.0	0.0	60.988	0.0	0.0	0.0	0.0	0	0	0	0	0	0	0	0	0	0	0	0	0	0	0	0	0	0	0	0	0	0	0	0	0	0	0	0	0	0	0	0	0	0	0	0	0	0	0	0	0	0	0	0	0	0	0	0	0	0	0	0	0	0	1.0	0.0	0.0	0.0	1.0	0.0	0.0	0.0	0.0	0.0	0.0	0.0	0.0	0.0	0.0	0.0	0.0	0.0	
3	5	127.593787361	13220.868	13220.868	100.0	0.99005	0	0	0	0	1	0	0	0	0	1.0	0.0	0.0	0.0	0.9	0.0	0.0	0.0	0.0	0.0	0.0	0.0	0.0	13.7878	0.0	0.0	0.0	0.0	0.000331	0.0	0.0	0.0	13.7878	0.0	0.0	0.0	0.0	0	0	0	0	0	0	0	0	0	0	0	0	0	0	0	0	0	0	0	0	0	0	1	0	0	0	0	0	0	0	0	0	0	0	0	0	0	0	0	0	0	0	0	0	0	0	0	0	0	0	0	0	0	0	1.0	0.0	0.0	0.0	0.9	0.0	0.0	0.0	0.0	0.526316	0.0	0.0	0.0	0.473684	0.0	0.0	0.0	0.0	
4	8	153.659294727	12636.471	12636.471	78.1468	0.987285	2	0	0	0	2	0	0	0	0	0.914474	0.0	0.0	0.0	0.91	0.0	0.0	0.0	0.0	0.001189	0.0	0.0	0.0	39.8521	0.0	0.0	0.0	0.0	0.000595	0.0	0.0	0.0	19.926	0.0	0.0	0.0	0.0	1	0	0	0	1	0	0	0	0	0	0	0	0	0	0	0	0	0	1	0	0	0	1	0	0	0	0	0	0	0	0	0	0	0	0	0	0	0	0	0	0	0	0	0	0	0	0	0	0	0	0	0	0	0	0.914474	0.0	0.0	0.0	0.91	0.0	0.0	0.0	0.0	0.501226	0.0	0.0	0.0	0.498774	0.0	0.0	0.0	0.0	
5	10	171.138957729	12534.941	12534.941	74.308	0.986633	3	0	0	0	3	0	0	0	0	0.82325	0.0	0.0	0.0	0.918571	0.0	0.0	0.0	0.0	0.001959	0.0	0.0	0.0	57.3309	0.0	0.0	0.0	0.0	0.000653	0.0	0.0	0.0	19.1103	0.0	0.0	0.0	0.0	1	0	0	0	2	0	0	0	0	0	0	0	0	0	0	0	0	0	1	0	0	0	1	0	0	0	0	0	0	0	0	0	0	0	0	0	1	0	0	0	0	0	0	0	0	0	0	0	0	0	0	0	0	0	0.82325	0.0	0.0	0.0	0.918571	0.0	0.0	0.0	0.0	0.472638	0.0	0.0	0.0	0.527362	0.0	0.0	0.0	0.0	
6	11	218.498085248	12087.0	12087.0	71.8399	0.986177	3	0	0	0	4	0	0	0	0	0.82325	0.0	0.0	0.0	0.926291	0.0	0.0	0.0	0.0	0.001959	0.0	0.0	0.0	104.69	0.0	0.0	0.0	0.0	0.000653	0.0	0.0	0.0	26.1725	0.0	0.0	0.0	0.0	1	0	0	0	3	0	0	0	0	0	0	0	0	0	0	0	0	0	1	0	0	0	1	0	0	0	0	0	0	0	0	0	0	0	0	0	1	0	0	0	0	0	0	0	0	0	0	0	0	0	0	0	0	0	0.82325	0.0	0.0	0.0	0.926291	0.0	0.0	0.0	0.0	0.470552	0.0	0.0	0.0	0.529448	0.0	0.0	0.0	0.0	
7	13	233.292472569	12077.0	12077.0	65.5567	0.984862	4	0	0	0	5	0	0	0	0	0.740925	0.0	0.0	0.0	0.932925	0.0	0.0	0.0	0.0	0.002401	0.0	0.0	0.0	119.484	0.0	0.0	0.0	0.0	0.0006	0.0	0.0	0.0	23.8968	0.0	0.0	0.0	0.0	1	0	0	0	4	0	0	0	0	0	0	0	0	0	0	0	0	0	1	0	0	0	1	0	0	0	0	0	0	0	0	0	0	0	0	0	1	0	0	0	0	0	0	0	0	1	0	0	0	0	0	0	0	0	0.740925	0.0	0.0	0.0	0.932925	0.0	0.0	0.0	0.0	0.442647	0.0	0.0	0.0	0.557353	0.0	0.0	0.0	0.0	
8	14	252.004665922	12061.0	12061.0	63.709	0.984426	4	0	0	0	6	0	0	0	0	0.740925	0.0	0.0	0.0	0.938942	0.0	0.0	0.0	0.0	0.002401	0.0	0.0	0.0	138.196	0.0	0.0	0.0	0.0	0.0006	0.0	0.0	0.0	23.0327	0.0	0.0	0.0	0.0	1	0	0	0	5	0	0	0	0	0	0	0	0	0	0	0	0	0	1	0	0	0	1	0	0	0	0	0	0	0	0	0	0	0	0	0	1	0	0	0	0	0	0	0	0	1	0	0	0	0	0	0	0	0	0.740925	0.0	0.0	0.0	0.938942	0.0	0.0	0.0	0.0	0.441062	0.0	0.0	0.0	0.558938	0.0	0.0	0.0	0.0	
9	15	281.981771296	11800.074	11800.074	61.4464	0.983857	4	0	0	0	7	0	0	0	0	0.740925	0.0	0.0	0.0	0.944404	0.0	0.0	0.0	0.0	0.002401	0.0	0.0	0.0	168.173	0.0	0.0	0.0	0.0	0.0006	0.0	0.0	0.0	24.0247	0.0	0.0	0.0	0.0	1	0	0	0	6	0	0	0	0	0	0	0	0	0	0	0	0	0	1	0	0	0	1	0	0	0	0	0	0	0	0	0	0	0	0	0	1	0	0	0	0	0	0	0	0	1	0	0	0	0	0	0	0	0	0.740925	0.0	0.0	0.0	0.944404	0.0	0.0	0.0	0.0	0.439632	0.0	0.0	0.0	0.560368	0.0	0.0	0.0	0.0	
10	16	295.86921743	11800.074	11800.074	57.9878	0.982903	4	0	0	0	8	0	0	0	0	0.740925	0.0	0.0	0.0	0.860138	0.0	0.0	0.0	0.0	0.002401	0.0	0.0	0.0	182.061	0.0	0.0	0.0	0.0	0.0006	0.0	0.0	0.0	22.7576	0.0	0.0	0.0	0.0	1	0	0	0	6	0	0	0	0	0	0	0	0	0	0	0	0	0	1	0	0	0	2	0	0	0	0	0	0	0	0	0	0	0	0	0	1	0	0	0	0	0	0	0	0	1	0	0	0	0	0	0	0	0	0.740925	0.0	0.0	0.0	0.860138	0.0	0.0	0.0	0.0	0.462771	0.0	0.0	0.0	0.537229	0.0	0.0	0.0	0.0	
11	18	313.491907097	11719.456	11719.456	56.4522	0.982442	5	0	0	0	9	0	0	0	0	0.666833	0.0	0.0	0.0	0.872552	0.0	0.0	0.0	0.0	0.002859	0.0	0.0	0.0	199.683	0.0	0.0	0.0	0.0	0.000572	0.0	0.0	0.0	22.187	0.0	0.0	0.0	0.0	1	0	0	0	7	0	0	0	0	0	0	0	0	0	0	0	0	0	1	0	0	0	2	0	0	0	0	0	0	0	0	0	0	0	0	0	1	0	0	0	0	0	0	0	0	2	0	0	0	0	0	0	0	0	0.666833	0.0	0.0	0.0	0.872552	0.0	0.0	0.0	0.0	0.433181	0.0	0.0	0.0	0.566819	0.0	0.0	0.0	0.0	
12	19	333.187786052	11606.574	11606.574	54.5621	0.981839	5	0	0	0	10	0	0	0	0	0.666833	0.0	0.0	0.0	0.883795	0.0	0.0	0.0	0.0	0.002859	0.0	0.0	0.0	219.379	0.0	0.0	0.0	0.0	0.000572	0.0	0.0	0.0	21.9379	0.0	0.0	0.0	0.0	1	0	0	0	8	0	0	0	0	0	0	0	0	0	0	0	0	0	1	0	0	0	2	0	0	0	0	0	0	0	0	0	0	0	0	0	1	0	0	0	0	0	0	0	0	2	0	0	0	0	0	0	0	0	0.666833	0.0	0.0	0.0	0.883795	0.0	0.0	0.0	0.0	0.430041	0.0	0.0	0.0	0.569959	0.0	0.0	0.0	0.0	
13	21	366.721747871	11171.662	11171.662	52.5242	0.981141	6	0	0	0	11	0	0	0	0	0.600149	0.0	0.0	0.0	0.89355	0.0	0.0	0.0	0.0	0.003615	0.0	0.0	0.0	252.912	0.0	0.0	0.0	0.0	0.000603	0.0	0.0	0.0	22.992	0.0	0.0	0.0	0.0	1	0	0	0	9	0	0	0	0	0	0	0	0	0	0	0	0	0	2	0	0	0	2	0	0	0	0	0	0	0	0	0	0	0	0	0	1	0	0	0	0	0	0	0	0	2	0	0	0	0	0	0	0	0	0.600149	0.0	0.0	0.0	0.89355	0.0	0.0	0.0	0.0	0.401787	0.0	0.0	0.0	0.598213	0.0	0.0	0.0	0.0	
14	23	406.317552441	11171.604941176465	11171.662	49.2283	0.979891	7	0	0	0	12	0	0	0	0	0.640134	0.0	0.0	0.0	0.816866	0.0	0.0	0.0	0.0	0.004968	0.0	0.0	0.0	292.506	0.0	0.0	0.0	0.0	0.00071	0.0	0.0	0.0	24.3755	0.0	0.0	0.0	0.0	2	0	0	0	9	0	0	0	0	0	0	0	0	0	0	0	0	0	2	0	0	0	3	0	0	0	0	0	0	0	0	0	0	0	0	0	1	0	0	0	0	0	0	0	0	2	0	0	0	0	0	0	0	0	0.640134	0.0	0.0	0.0	0.816866	0.0	0.0	0.0	0.0	0.439351	0.0	0.0	0.0	0.560649	0.0	0.0	0.0	0.0	
15	24	424.74082222	11111.721	11111.721	45.602	0.97831	7	0	0	0	13	0	0	0	0	0.640134	0.0	0.0	0.0	0.833198	0.0	0.0	0.0	0.0	0.004968	0.0	0.0	0.0	310.93	0.0	0.0	0.0	0.0	0.00071	0.0	0.0	0.0	23.9177	0.0	0.0	0.0	0.0	2	0	0	0	10	0	0	0	0	0	0	0	0	0	0	0	0	0	2	0	0	0	3	0	0	0	0	0	0	0	0	0	0	0	0	0	1	0	0	0	0	0	0	0	0	2	0	0	0	0	0	0	0	0	0.640134	0.0	0.0	0.0	0.833198	0.0	0.0	0.0	0.0	0.43448	0.0	0.0	0.0	0.56552	0.0	0.0	0.0	0.0	
16	26	605.696828149	10960.691	10960.691	44.0069	0.977533	8	0	0	0	14	0	0	0	0	0.676121	0.0	0.0	0.0	0.848306	0.0	0.0	0.0	0.0	0.005793	0.0	0.0	0.0	491.885	0.0	0.0	0.0	0.0	0.000724	0.0	0.0	0.0	35.1346	0.0	0.0	0.0	0.0	3	0	0	0	11	0	0	0	0	0	0	0	0	0	0	0	0	0	2	0	0	0	3	0	0	0	0	0	0	0	0	0	0	0	0	0	1	0	0	0	0	0	0	0	0	2	0	0	0	0	0	0	0	0	0.676121	0.0	0.0	0.0	0.848306	0.0	0.0	0.0	0.0	0.443525	0.0	0.0	0.0	0.556475	0.0	0.0	0.0	0.0	
17	31	634.59140616	10944.279	10944.279	31.0203	0.968277	12	0	0	0	15	0	0	0	0	0.443603	0.0	0.0	0.0	0.859857	0.0	0.0	0.0	0.0	0.007792	0.0	0.0	0.0	520.777	0.0	0.0	0.0	0.0	0.000649	0.0	0.0	0.0	34.7185	0.0	0.0	0.0	0.0	3	0	0	0	12	0	0	0	0	0	0	0	0	0	0	0	0	0	3	0	0	0	3	0	0	0	0	0	0	0	0	0	0	0	0	0	1	0	0	0	0	0	0	0	0	5	0	0	0	0	0	0	0	0	0.443603	0.0	0.0	0.0	0.859857	0.0	0.0	0.0	0.0	0.340327	0.0	0.0	0.0	0.659673	0.0	0.0	0.0	0.0	
18	32	656.375090534	10514.882	10514.882	29.3357	0.966486	12	0	0	0	16	0	0	0	0	0.443603	0.0	0.0	0.0	0.870479	0.0	0.0	0.0	0.0	0.007792	0.0	0.0	0.0	542.561	0.0	0.0	0.0	0.0	0.000649	0.0	0.0	0.0	33.9101	0.0	0.0	0.0	0.0	3	0	0	0	13	0	0	0	0	0	0	0	0	0	0	0	0	0	3	0	0	0	3	0	0	0	0	0	0	0	0	0	0	0	0	0	1	0	0	0	0	0	0	0	0	5	0	0	0	0	0	0	0	0	0.443603	0.0	0.0	0.0	0.870479	0.0	0.0	0.0	0.0	0.337576	0.0	0.0	0.0	0.662424	0.0	0.0	0.0	0.0	
19	33	674.316502716	10514.882	10514.882	28.1264	0.965071	12	0	0	0	17	0	0	0	0	0.443603	0.0	0.0	0.0	0.804775	0.0	0.0	0.0	0.0	0.007792	0.0	0.0	0.0	560.502	0.0	0.0	0.0	0.0	0.000649	0.0	0.0	0.0	32.9707	0.0	0.0	0.0	0.0	3	0	0	0	13	0	0	0	0	0	0	0	0	0	0	0	0	0	3	0	0	0	4	0	0	0	0	0	0	0	0	0	0	0	0	0	1	0	0	0	0	0	0	0	0	5	0	0	0	0	0	0	0	0	0.443603	0.0	0.0	0.0	0.804775	0.0	0.0	0.0	0.0	0.355343	0.0	0.0	0.0	0.644657	0.0	0.0	0.0	0.0	
20	36	693.296828698	10221.735	10221.735	27.1678	0.963861	14	0	0	0	18	0	0	0	0	0.359318	0.0	0.0	0.0	0.818895	0.0	0.0	0.0	0.0	0.009335	0.0	0.0	0.0	579.481	0.0	0.0	0.0	0.0	0.000667	0.0	0.0	0.0	32.1934	0.0	0.0	0.0	0.0	3	0	0	0	14	0	0	0	0	0	0	0	0	0	0	0	0	0	4	0	0	0	4	0	0	0	0	0	0	0	0	0	0	0	0	0	1	0	0	0	0	0	0	0	0	6	0	0	0	0	0	0	0	0	0.359318	0.0	0.0	0.0	0.818895	0.0	0.0	0.0	0.0	0.304969	0.0	0.0	0.0	0.695031	0.0	0.0	0.0	0.0	
21	37	706.991889423	10221.735	10221.735	26.1894	0.962536	14	0	0	0	19	0	0	0	0	0.359318	0.0	0.0	0.0	0.759984	0.0	0.0	0.0	0.0	0.009335	0.0	0.0	0.0	593.176	0.0	0.0	0.0	0.0	0.000667	0.0	0.0	0.0	31.2198	0.0	0.0	0.0	0.0	3	0	0	0	14	0	0	0	0	0	0	0	0	0	0	0	0	0	4	0	0	0	5	0	0	0	0	0	0	0	0	0	0	0	0	0	1	0	0	0	0	0	0	0	0	6	0	0	0	0	0	0	0	0	0.359318	0.0	0.0	0.0	0.759984	0.0	0.0	0.0	0.0	0.32102	0.0	0.0	0.0	0.67898	0.0	0.0	0.0	0.0	
22	39	744.100550711	10221.735	10221.735	25.5054	0.961551	15	0	0	0	20	0	0	0	0	0.323387	0.0	0.0	0.0	0.705816	0.0	0.0	0.0	0.0	0.010105	0.0	0.0	0.0	630.284	0.0	0.0	0.0	0.0	0.000674	0.0	0.0	0.0	31.5142	0.0	0.0	0.0	0.0	3	0	0	0	14	0	0	0	0	0	0	0	0	0	0	0	0	0	5	0	0	0	6	0	0	0	0	0	0	0	0	0	0	0	0	0	1	0	0	0	0	0	0	0	0	6	0	0	0	0	0	0	0	0	0.323387	0.0	0.0	0.0	0.705816	0.0	0.0	0.0	0.0	0.314211	0.0	0.0	0.0	0.685789	0.0	0.0	0.0	0.0	
23	40	827.164631512	9885.412	9885.412	23.7404	0.958752	15	0	0	0	21	0	0	0	0	0.323387	0.0	0.0	0.0	0.727264	0.0	0.0	0.0	0.0	0.010105	0.0	0.0	0.0	713.348	0.0	0.0	0.0	0.0	0.000674	0.0	0.0	0.0	33.969	0.0	0.0	0.0	0.0	3	0	0	0	15	0	0	0	0	0	0	0	0	0	0	0	0	0	5	0	0	0	6	0	0	0	0	0	0	0	0	0	0	0	0	0	1	0	0	0	0	0	0	0	0	6	0	0	0	0	0	0	0	0	0.323387	0.0	0.0	0.0	0.727264	0.0	0.0	0.0	0.0	0.307796	0.0	0.0	0.0	0.692204	0.0	0.0	0.0	0.0	
24	42	841.275485942	9885.412	9885.412	20.2196	0.951746	16	0	0	0	22	0	0	0	0	0.291048	0.0	0.0	0.0	0.676699	0.0	0.0	0.0	0.0	0.01134	0.0	0.0	0.0	727.458	0.0	0.0	0.0	0.0	0.000709	0.0	0.0	0.0	33.0663	0.0	0.0	0.0	0.0	3	0	0	0	15	0	0	0	0	0	0	0	0	1	0	0	0	0	6	0	0	0	6	0	0	0	0	0	0	0	0	0	0	0	0	0	1	0	0	0	0	0	0	0	0	6	0	0	0	0	0	0	0	0	0.291048	0.0	0.0	0.0	0.676699	0.0	0.0	0.0	0.0	0.300748	0.0	0.0	0.0	0.699252	0.0	0.0	0.0	0.0	
25	43	856.726306726	9873.912	9873.912	19.6757	0.950446	16	0	0	0	23	0	0	0	0	0.291048	0.0	0.0	0.0	0.699816	0.0	0.0	0.0	0.0	0.01134	0.0	0.0	0.0	742.908	0.0	0.0	0.0	0.0	0.000709	0.0	0.0	0.0	32.3004	0.0	0.0	0.0	0.0	3	0	0	0	16	0	0	0	0	0	0	0	0	1	0	0	0	0	6	0	0	0	6	0	0	0	0	0	0	0	0	0	0	0	0	0	1	0	0	0	0	0	0	0	0	6	0	0	0	0	0	0	0	0	0.291048	0.0	0.0	0.0	0.699816	0.0	0.0	0.0	0.0	0.293731	0.0	0.0	0.0	0.706269	0.0	0.0	0.0	0.0	
26	45	870.447825931	9873.912	9873.912	19.0968	0.948983	17	0	0	0	24	0	0	0	0	0.261943	0.0	0.0	0.0	0.651728	0.0	0.0	0.0	0.0	0.011856	0.0	0.0	0.0	756.629	0.0	0.0	0.0	0.0	0.000697	0.0	0.0	0.0	31.5262	0.0	0.0	0.0	0.0	3	0	0	0	16	0	0	0	0	0	0	0	0	1	0	0	0	0	6	0	0	0	7	0	0	0	0	0	0	0	0	0	0	0	0	0	1	0	0	0	0	0	0	0	0	7	0	0	0	0	0	0	0	0	0.261943	0.0	0.0	0.0	0.651728	0.0	0.0	0.0	0.0	0.286693	0.0	0.0	0.0	0.713307	0.0	0.0	0.0	0.0	
27	46	893.76393668	9872.912	9872.912	18.5971	0.947648	17	0	0	0	25	0	0	0	0	0.261943	0.0	0.0	0.0	0.676141	0.0	0.0	0.0	0.0	0.011856	0.0	0.0	0.0	779.946	0.0	0.0	0.0	0.0	0.000697	0.0	0.0	0.0	31.1978	0.0	0.0	0.0	0.0	3	0	0	0	17	0	0	0	0	0	0	0	0	1	0	0	0	0	6	0	0	0	7	0	0	0	0	0	0	0	0	0	0	0	0	0	1	0	0	0	0	0	0	0	0	7	0	0	0	0	0	0	0	0	0.261943	0.0	0.0	0.0	0.676141	0.0	0.0	0.0	0.0	0.279232	0.0	0.0	0.0	0.720768	0.0	0.0	0.0	0.0	
28	52	910.432170449	9851.912	9851.912	17.7776	0.945302	22	0	0	0	26	0	0	0	0	0.244675	0.0	0.0	0.0	0.698193	0.0	0.0	0.0	0.0	0.015325	0.0	0.0	0.0	796.61	0.0	0.0	0.0	0.0	0.000697	0.0	0.0	0.0	30.6389	0.0	0.0	0.0	0.0	4	0	0	0	18	0	0	0	0	0	0	0	0	1	0	0	0	0	8	0	0	0	7	0	0	0	0	0	0	0	0	0	0	0	0	0	1	0	0	0	0	0	0	0	0	9	0	0	0	0	0	0	0	0	0.244675	0.0	0.0	0.0	0.698193	0.0	0.0	0.0	0.0	0.259501	0.0	0.0	0.0	0.740499	0.0	0.0	0.0	0.0	
29	53	955.865512463	9840.794	9840.794	17.2142	0.943564	22	0	0	0	27	0	0	0	0	0.244675	0.0	0.0	0.0	0.718572	0.0	0.0	0.0	0.0	0.015325	0.0	0.0	0.0	842.044	0.0	0.0	0.0	0.0	0.000697	0.0	0.0	0.0	31.1868	0.0	0.0	0.0	0.0	4	0	0	0	19	0	0	0	0	0	0	0	0	1	0	0	0	0	8	0	0	0	7	0	0	0	0	0	0	0	0	0	0	0	0	0	1	0	0	0	0	0	0	0	0	9	0	0	0	0	0	0	0	0	0.244675	0.0	0.0	0.0	0.718572	0.0	0.0	0.0	0.0	0.25401	0.0	0.0	0.0	0.74599	0.0	0.0	0.0	0.0	
30	54	973.017994565	9840.794	9840.794	15.7672	0.938547	22	0	0	0	28	0	0	0	0	0.244675	0.0	0.0	0.0	0.67041	0.0	0.0	0.0	0.0	0.015325	0.0	0.0	0.0	859.196	0.0	0.0	0.0	0.0	0.000697	0.0	0.0	0.0	30.6856	0.0	0.0	0.0	0.0	4	0	0	0	19	0	0	0	0	0	0	0	0	1	0	0	0	0	8	0	0	0	8	0	0	0	0	0	0	0	0	0	0	0	0	0	1	0	0	0	0	0	0	0	0	9	0	0	0	0	0	0	0	0	0.244675	0.0	0.0	0.0	0.67041	0.0	0.0	0.0	0.0	0.267379	0.0	0.0	0.0	0.732621	0.0	0.0	0.0	0.0	
31	56	1006.496245436	9750.926	9750.926	15.2531	0.936543	23	0	0	0	29	0	0	0	0	0.220207	0.0	0.0	0.0	0.692302	0.0	0.0	0.0	0.0	0.01644	0.0	0.0	0.0	892.673	0.0	0.0	0.0	0.0	0.000715	0.0	0.0	0.0	30.7818	0.0	0.0	0.0	0.0	4	0	0	0	20	0	0	0	0	0	0	0	0	1	0	0	0	0	9	0	0	0	8	0	0	0	0	0	0	0	0	0	0	0	0	0	1	0	0	0	0	0	0	0	0	9	0	0	0	0	0	0	0	0	0.220207	0.0	0.0	0.0	0.692302	0.0	0.0	0.0	0.0	0.241321	0.0	0.0	0.0	0.758679	0.0	0.0	0.0	0.0	
32	57	1024.13112658	9707.103	9707.103	14.2976	0.932448	23	0	0	0	30	0	0	0	0	0.220207	0.0	0.0	0.0	0.712581	0.0	0.0	0.0	0.0	0.01644	0.0	0.0	0.0	910.308	0.0	0.0	0.0	0.0	0.000715	0.0	0.0	0.0	30.3436	0.0	0.0	0.0	0.0	4	0	0	0	21	0	0	0	0	0	0	0	0	1	0	0	0	0	9	0	0	0	8	0	0	0	0	0	0	0	0	0	0	0	0	0	1	0	0	0	0	0	0	0	0	9	0	0	0	0	0	0	0	0	0.220207	0.0	0.0	0.0	0.712581	0.0	0.0	0.0	0.0	0.236074	0.0	0.0	0.0	0.763926	0.0	0.0	0.0	0.0	
33	58	1043.023343802	9660.103	9660.103	13.8185	0.93019	23	0	0	0	31	0	0	0	0	0.220207	0.0	0.0	0.0	0.731393	0.0	0.0	0.0	0.0	0.01644	0.0	0.0	0.0	929.2	0.0	0.0	0.0	0.0	0.000715	0.0	0.0	0.0	29.9742	0.0	0.0	0.0	0.0	4	0	0	0	22	0	0	0	0	0	0	0	0	1	0	0	0	0	9	0	0	0	8	0	0	0	0	0	0	0	0	0	0	0	0	0	1	0	0	0	0	0	0	0	0	9	0	0	0	0	0	0	0	0	0.220207	0.0	0.0	0.0	0.731393	0.0	0.0	0.0	0.0	0.231407	0.0	0.0	0.0	0.768593	0.0	0.0	0.0	0.0	
34	59	1065.498234955	9583.735	9583.735	13.3231	0.92769	23	0	0	0	32	0	0	0	0	0.220207	0.0	0.0	0.0	0.748867	0.0	0.0	0.0	0.0	0.01644	0.0	0.0	0.0	951.675	0.0	0.0	0.0	0.0	0.000715	0.0	0.0	0.0	29.7398	0.0	0.0	0.0	0.0	4	0	0	0	23	0	0	0	0	0	0	0	0	1	0	0	0	0	9	0	0	0	8	0	0	0	0	0	0	0	0	0	0	0	0	0	1	0	0	0	0	0	0	0	0	9	0	0	0	0	0	0	0	0	0.220207	0.0	0.0	0.0	0.748867	0.0	0.0	0.0	0.0	0.227235	0.0	0.0	0.0	0.772765	0.0	0.0	0.0	0.0	
35	60	1100.56289882	9528.441	9528.441	12.7568	0.924604	23	0	0	0	33	0	0	0	0	0.220207	0.0	0.0	0.0	0.765116	0.0	0.0	0.0	0.0	0.01644	0.0	0.0	0.0	986.74	0.0	0.0	0.0	0.0	0.000715	0.0	0.0	0.0	29.9012	0.0	0.0	0.0	0.0	4	0	0	0	24	0	0	0	0	0	0	0	0	1	0	0	0	0	9	0	0	0	8	0	0	0	0	0	0	0	0	0	0	0	0	0	1	0	0	0	0	0	0	0	0	9	0	0	0	0	0	0	0	0	0.220207	0.0	0.0	0.0	0.765116	0.0	0.0	0.0	0.0	0.223487	0.0	0.0	0.0	0.776513	0.0	0.0	0.0	0.0	
36	61	1132.052216671	9518.441	9518.441	11.921	0.919537	23	0	0	0	34	0	0	0	0	0.220207	0.0	0.0	0.0	0.78024	0.0	0.0	0.0	0.0	0.01644	0.0	0.0	0.0	1018.23	0.0	0.0	0.0	0.0	0.000715	0.0	0.0	0.0	29.9479	0.0	0.0	0.0	0.0	4	0	0	0	25	0	0	0	0	0	0	0	0	1	0	0	0	0	9	0	0	0	8	0	0	0	0	0	0	0	0	0	0	0	0	0	1	0	0	0	0	0	0	0	0	9	0	0	0	0	0	0	0	0	0.220207	0.0	0.0	0.0	0.78024	0.0	0.0	0.0	0.0	0.220109	0.0	0.0	0.0	0.779891	0.0	0.0	0.0	0.0	
37	62	1180.306259634	9485.147	9485.147	11.2172	0.91471	23	0	0	0	35	0	0	0	0	0.220207	0.0	0.0	0.0	0.794329	0.0	0.0	0.0	0.0	0.01644	0.0	0.0	0.0	1066.48	0.0	0.0	0.0	0.0	0.000715	0.0	0.0	0.0	30.4709	0.0	0.0	0.0	0.0	4	0	0	0	26	0	0	0	0	0	0	0	0	1	0	0	0	0	9	0	0	0	8	0	0	0	0	0	0	0	0	0	0	0	0	0	1	0	0	0	0	0	0	0	0	9	0	0	0	0	0	0	0	0	0.220207	0.0	0.0	0.0	0.794329	0.0	0.0	0.0	0.0	0.217052	0.0	0.0	0.0	0.782948	0.0	0.0	0.0	0.0	
38	63	1199.451740055	9412.647	9412.647	10.2185	0.906774	23	0	0	0	36	0	0	0	0	0.220207	0.0	0.0	0.0	0.807464	0.0	0.0	0.0	0.0	0.01644	0.0	0.0	0.0	1085.63	0.0	0.0	0.0	0.0	0.000715	0.0	0.0	0.0	30.1563	0.0	0.0	0.0	0.0	4	0	0	0	27	0	0	0	0	0	0	0	0	1	0	0	0	0	9	0	0	0	8	0	0	0	0	0	0	0	0	0	0	0	0	0	1	0	0	0	0	0	0	0	0	9	0	0	0	0	0	0	0	0	0.220207	0.0	0.0	0.0	0.807464	0.0	0.0	0.0	0.0	0.214278	0.0	0.0	0.0	0.785722	0.0	0.0	0.0	0.0	
39	64	1213.265642012	9412.647	9412.647	9.84731	0.903435	23	0	0	0	37	0	0	0	0	0.220207	0.0	0.0	0.0	0.75608	0.0	0.0	0.0	0.0	0.01644	0.0	0.0	0.0	1099.44	0.0	0.0	0.0	0.0	0.000715	0.0	0.0	0.0	29.7147	0.0	0.0	0.0	0.0	4	0	0	0	27	0	0	0	0	0	0	0	0	1	0	0	0	0	9	0	0	0	9	0	0	0	0	0	0	0	0	0	0	0	0	0	1	0	0	0	0	0	0	0	0	9	0	0	0	0	0	0	0	0	0.220207	0.0	0.0	0.0	0.75608	0.0	0.0	0.0	0.0	0.225556	0.0	0.0	0.0	0.774444	0.0	0.0	0.0	0.0	
40	66	1227.796233942	9412.147	9412.147	9.58789	0.900957	24	0	0	0	38	0	0	0	0	0.198187	0.0	0.0	0.0	0.771473	0.0	0.0	0.0	0.0	0.017022	0.0	0.0	0.0	1113.97	0.0	0.0	0.0	0.0	0.000709	0.0	0.0	0.0	29.3151	0.0	0.0	0.0	0.0	4	0	0	0	28	0	0	0	0	0	0	0	0	1	0	0	0	0	9	0	0	0	9	0	0	0	0	0	0	0	0	0	0	0	0	0	1	0	0	0	0	0	0	0	0	10	0	0	0	0	0	0	0	0	0.198187	0.0	0.0	0.0	0.771473	0.0	0.0	0.0	0.0	0.204388	0.0	0.0	0.0	0.795612	0.0	0.0	0.0	0.0	
41	67	1265.929519984	9395.397	9395.397	9.32241	0.898285	24	0	0	0	39	0	0	0	0	0.198187	0.0	0.0	0.0	0.785835	0.0	0.0	0.0	0.0	0.017022	0.0	0.0	0.0	1152.11	0.0	0.0	0.0	0.0	0.000709	0.0	0.0	0.0	29.5412	0.0	0.0	0.0	0.0	4	0	0	0	29	0	0	0	0	0	0	0	0	1	0	0	0	0	9	0	0	0	9	0	0	0	0	0	0	0	0	0	0	0	0	0	1	0	0	0	0	0	0	0	0	10	0	0	0	0	0	0	0	0	0.198187	0.0	0.0	0.0	0.785835	0.0	0.0	0.0	0.0	0.201405	0.0	0.0	0.0	0.798595	0.0	0.0	0.0	0.0	
42	68	1290.037668504	9369.706	9369.706	8.66012	0.890946	24	0	0	0	40	0	0	0	0	0.198187	0.0	0.0	0.0	0.799243	0.0	0.0	0.0	0.0	0.017022	0.0	0.0	0.0	1176.21	0.0	0.0	0.0	0.0	0.000709	0.0	0.0	0.0	29.4053	0.0	0.0	0.0	0.0	4	0	0	0	30	0	0	0	0	0	0	0	0	1	0	0	0	0	9	0	0	0	9	0	0	0	0	0	0	0	0	0	0	0	0	0	1	0	0	0	0	0	0	0	0	10	0	0	0	0	0	0	0	0	0.198187	0.0	0.0	0.0	0.799243	0.0	0.0	0.0	0.0	0.198697	0.0	0.0	0.0	0.801303	0.0	0.0	0.0	0.0	
43	69	1303.802128633	9369.706	9369.706	8.2659	0.886053	24	0	0	0	41	0	0	0	0	0.198187	0.0	0.0	0.0	0.749372	0.0	0.0	0.0	0.0	0.017022	0.0	0.0	0.0	1189.98	0.0	0.0	0.0	0.0	0.000709	0.0	0.0	0.0	29.0239	0.0	0.0	0.0	0.0	4	0	0	0	30	0	0	0	0	0	0	0	0	1	0	0	0	0	9	0	0	0	10	0	0	0	0	0	0	0	0	0	0	0	0	0	1	0	0	0	0	0	0	0	0	10	0	0	0	0	0	0	0	0	0.198187	0.0	0.0	0.0	0.749372	0.0	0.0	0.0	0.0	0.209155	0.0	0.0	0.0	0.790845	0.0	0.0	0.0	0.0	
44	70	1319.520965893	9369.706	9369.706	8.04892	0.883168	24	0	0	0	42	0	0	0	0	0.198187	0.0	0.0	0.0	0.701994	0.0	0.0	0.0	0.0	0.017022	0.0	0.0	0.0	1205.7	0.0	0.0	0.0	0.0	0.000709	0.0	0.0	0.0	28.7071	0.0	0.0	0.0	0.0	4	0	0	0	30	0	0	0	0	0	0	0	0	1	0	0	0	0	9	0	0	0	11	0	0	0	0	0	0	0	0	0	0	0	0	0	1	0	0	0	0	0	0	0	0	10	0	0	0	0	0	0	0	0	0.198187	0.0	0.0	0.0	0.701994	0.0	0.0	0.0	0.0	0.220163	0.0	0.0	0.0	0.779837	0.0	0.0	0.0	0.0	
45	72	1337.979785153	9369.706	9369.706	7.80808	0.87979	25	0	0	0	43	0	0	0	0	0.178368	0.0	0.0	0.0	0.657976	0.0	0.0	0.0	0.0	0.017851	0.0	0.0	0.0	1224.15	0.0	0.0	0.0	0.0	0.000714	0.0	0.0	0.0	28.4687	0.0	0.0	0.0	0.0	4	0	0	0	30	0	0	0	0	0	0	0	0	1	0	0	0	0	10	0	0	0	12	0	0	0	0	0	0	0	0	0	0	0	0	0	1	0	0	0	0	0	0	0	0	10	0	0	0	0	0	0	0	0	0.178368	0.0	0.0	0.0	0.657976	0.0	0.0	0.0	0.0	0.213271	0.0	0.0	0.0	0.786729	0.0	0.0	0.0	0.0	
46	73	1356.176238157	9366.706	9366.706	7.53447	0.875707	25	0	0	0	44	0	0	0	0	0.178368	0.0	0.0	0.0	0.679713	0.0	0.0	0.0	0.0	0.017851	0.0	0.0	0.0	1242.35	0.0	0.0	0.0	0.0	0.000714	0.0	0.0	0.0	28.2353	0.0	0.0	0.0	0.0	4	0	0	0	31	0	0	0	0	0	0	0	0	1	0	0	0	0	10	0	0	0	12	0	0	0	0	0	0	0	0	0	0	0	0	0	1	0	0	0	0	0	0	0	0	10	0	0	0	0	0	0	0	0	0.178368	0.0	0.0	0.0	0.679713	0.0	0.0	0.0	0.0	0.207868	0.0	0.0	0.0	0.792132	0.0	0.0	0.0	0.0	
47	74	1390.974812084	9362.206	9362.206	7.27413	0.871557	25	0	0	0	45	0	0	0	0	0.178368	0.0	0.0	0.0	0.69993	0.0	0.0	0.0	0.0	0.017851	0.0	0.0	0.0	1277.15	0.0	0.0	0.0	0.0	0.000714	0.0	0.0	0.0	28.3811	0.0	0.0	0.0	0.0	4	0	0	0	32	0	0	0	0	0	0	0	0	1	0	0	0	0	10	0	0	0	12	0	0	0	0	0	0	0	0	0	0	0	0	0	1	0	0	0	0	0	0	0	0	10	0	0	0	0	0	0	0	0	0.178368	0.0	0.0	0.0	0.69993	0.0	0.0	0.0	0.0	0.203084	0.0	0.0	0.0	0.796916	0.0	0.0	0.0	0.0	
48	76	1412.217730494	9361.206	9361.206	6.80103	0.863262	26	0	0	0	46	0	0	0	0	0.160531	0.0	0.0	0.0	0.718374	0.0	0.0	0.0	0.0	0.018384	0.0	0.0	0.0	1298.39	0.0	0.0	0.0	0.0	0.000707	0.0	0.0	0.0	28.2259	0.0	0.0	0.0	0.0	4	0	0	0	33	0	0	0	0	0	0	0	0	1	0	0	0	0	10	0	0	0	12	0	0	0	0	0	0	0	0	0	0	0	0	0	1	0	0	0	0	0	0	0	0	11	0	0	0	0	0	0	0	0	0.160531	0.0	0.0	0.0	0.718374	0.0	0.0	0.0	0.0	0.182649	0.0	0.0	0.0	0.817351	0.0	0.0	0.0	0.0	
49	77	1425.935704089	9361.206	9361.206	6.52749	0.85796	26	0	0	0	47	0	0	0	0	0.160531	0.0	0.0	0.0	0.674429	0.0	0.0	0.0	0.0	0.018384	0.0	0.0	0.0	1312.11	0.0	0.0	0.0	0.0	0.000707	0.0	0.0	0.0	27.9172	0.0	0.0	0.0	0.0	4	0	0	0	33	0	0	0	0	0	0	0	0	1	0	0	0	0	10	0	0	0	13	0	0	0	0	0	0	0	0	0	0	0	0	0	1	0	0	0	0	0	0	0	0	11	0	0	0	0	0	0	0	0	0.160531	0.0	0.0	0.0	0.674429	0.0	0.0	0.0	0.0	0.192262	0.0	0.0	0.0	0.807738	0.0	0.0	0.0	0.0	
50	78	1456.286664677	9278.265	9278.265	6.35672	0.854436	26	0	0	0	48	0	0	0	0	0.160531	0.0	0.0	0.0	0.694582	0.0	0.0	0.0	0.0	0.018384	0.0	0.0	0.0	1342.46	0.0	0.0	0.0	0.0	0.000707	0.0	0.0	0.0	27.9679	0.0	0.0	0.0	0.0	4	0	0	0	34	0	0	0	0	0	0	0	0	1	0	0	0	0	10	0	0	0	13	0	0	0	0	0	0	0	0	0	0	0	0	0	1	0	0	0	0	0	0	0	0	11	0	0	0	0	0	0	0	0	0.160531	0.0	0.0	0.0	0.694582	0.0	0.0	0.0	0.0	0.187731	0.0	0.0	0.0	0.812269	0.0	0.0	0.0	0.0	
51	79	1476.50656441	9278.265	9278.265	5.99459	0.846354	26	0	0	0	49	0	0	0	0	0.160531	0.0	0.0	0.0	0.651827	0.0	0.0	0.0	0.0	0.018384	0.0	0.0	0.0	1362.68	0.0	0.0	0.0	0.0	0.000707	0.0	0.0	0.0	27.8098	0.0	0.0	0.0	0.0	4	0	0	0	34	0	0	0	0	0	0	0	0	1	0	0	0	0	10	0	0	0	14	0	0	0	0	0	0	0	0	0	0	0	0	0	1	0	0	0	0	0	0	0	0	11	0	0	0	0	0	0	0	0	0.160531	0.0	0.0	0.0	0.651827	0.0	0.0	0.0	0.0	0.197611	0.0	0.0	0.0	0.802389	0.0	0.0	0.0	0.0	
52	80	1493.030465815	9278.265	9278.265	5.76487	0.840747	26	0	0	0	50	0	0	0	0	0.160531	0.0	0.0	0.0	0.611209	0.0	0.0	0.0	0.0	0.018384	0.0	0.0	0.0	1379.2	0.0	0.0	0.0	0.0	0.000707	0.0	0.0	0.0	27.5841	0.0	0.0	0.0	0.0	4	0	0	0	34	0	0	0	0	0	0	0	0	1	0	0	0	0	10	0	0	0	15	0	0	0	0	0	0	0	0	0	0	0	0	0	1	0	0	0	0	0	0	0	0	11	0	0	0	0	0	0	0	0	0.160531	0.0	0.0	0.0	0.611209	0.0	0.0	0.0	0.0	0.208012	0.0	0.0	0.0	0.791988	0.0	0.0	0.0	0.0	
53	82	1528.624649537	9271.912	9271.912	5.58367	0.836028	27	0	0	0	51	0	0	0	0	0.144478	0.0	0.0	0.0	0.635244	0.0	0.0	0.0	0.0	0.019621	0.0	0.0	0.0	1414.8	0.0	0.0	0.0	0.0	0.000727	0.0	0.0	0.0	27.7411	0.0	0.0	0.0	0.0	4	0	0	0	35	0	0	0	0	0	0	0	0	1	0	0	0	0	10	0	0	0	15	0	0	0	0	1	0	0	0	0	0	0	0	0	1	0	0	0	0	0	0	0	0	11	0	0	0	0	0	0	0	0	0.144478	0.0	0.0	0.0	0.635244	0.0	0.0	0.0	0.0	0.185294	0.0	0.0	0.0	0.814706	0.0	0.0	0.0	0.0	
54	84	1542.465388829	9271.912	9271.912	5.2125	0.825434	28	0	0	0	52	0	0	0	0	0.13003	0.0	0.0	0.0	0.59698	0.0	0.0	0.0	0.0	0.020923	0.0	0.0	0.0	1428.64	0.0	0.0	0.0	0.0	0.000747	0.0	0.0	0.0	27.4738	0.0	0.0	0.0	0.0	4	0	0	0	35	0	0	0	0	0	0	0	0	1	0	0	0	0	10	0	0	0	16	0	0	0	0	2	0	0	0	0	0	0	0	0	1	0	0	0	0	0	0	0	0	11	0	0	0	0	0	0	0	0	0.13003	0.0	0.0	0.0	0.59698	0.0	0.0	0.0	0.0	0.178856	0.0	0.0	0.0	0.821144	0.0	0.0	0.0	0.0	
55	86	1556.306163707	9271.912	9271.912	5.07494	0.821152	29	0	0	0	53	0	0	0	0	0.117027	0.0	0.0	0.0	0.561279	0.0	0.0	0.0	0.0	0.021422	0.0	0.0	0.0	1442.48	0.0	0.0	0.0	0.0	0.000739	0.0	0.0	0.0	27.2166	0.0	0.0	0.0	0.0	4	0	0	0	35	0	0	0	0	0	0	0	0	1	0	0	0	0	10	0	0	0	17	0	0	0	0	2	0	0	0	0	0	0	0	0	1	0	0	0	0	0	0	0	0	12	0	0	0	0	0	0	0	0	0.117027	0.0	0.0	0.0	0.561279	0.0	0.0	0.0	0.0	0.172528	0.0	0.0	0.0	0.827472	0.0	0.0	0.0	0.0	
56	87	1576.35502636	9255.412	9255.412	4.941	0.816778	29	0	0	0	54	0	0	0	0	0.117027	0.0	0.0	0.0	0.587789	0.0	0.0	0.0	0.0	0.021422	0.0	0.0	0.0	1462.53	0.0	0.0	0.0	0.0	0.000739	0.0	0.0	0.0	27.0838	0.0	0.0	0.0	0.0	4	0	0	0	36	0	0	0	0	0	0	0	0	1	0	0	0	0	10	0	0	0	17	0	0	0	0	2	0	0	0	0	0	0	0	0	1	0	0	0	0	0	0	0	0	12	0	0	0	0	0	0	0	0	0.117027	0.0	0.0	0.0	0.587789	0.0	0.0	0.0	0.0	0.166039	0.0	0.0	0.0	0.833961	0.0	0.0	0.0	0.0	
57	88	1590.117010117	9255.412	9255.412	4.75322	0.810273	29	0	0	0	55	0	0	0	0	0.117027	0.0	0.0	0.0	0.552548	0.0	0.0	0.0	0.0	0.021422	0.0	0.0	0.0	1476.29	0.0	0.0	0.0	0.0	0.000739	0.0	0.0	0.0	26.8416	0.0	0.0	0.0	0.0	4	0	0	0	36	0	0	0	0	0	0	0	0	1	0	0	0	0	10	0	0	0	18	0	0	0	0	2	0	0	0	0	0	0	0	0	1	0	0	0	0	0	0	0	0	12	0	0	0	0	0	0	0	0	0.117027	0.0	0.0	0.0	0.552548	0.0	0.0	0.0	0.0	0.174778	0.0	0.0	0.0	0.825222	0.0	0.0	0.0	0.0	
58	89	1616.81734496	9255.412	9255.412	4.62847	0.805692	29	0	0	0	56	0	0	0	0	0.117027	0.0	0.0	0.0	0.51907	0.0	0.0	0.0	0.0	0.021422	0.0	0.0	0.0	1502.99	0.0	0.0	0.0	0.0	0.000739	0.0	0.0	0.0	26.8391	0.0	0.0	0.0	0.0	4	0	0	0	36	0	0	0	0	0	0	0	0	1	0	0	0	0	10	0	0	0	19	0	0	0	0	2	0	0	0	0	0	0	0	0	1	0	0	0	0	0	0	0	0	12	0	0	0	0	0	0	0	0	0.117027	0.0	0.0	0.0	0.51907	0.0	0.0	0.0	0.0	0.183977	0.0	0.0	0.0	0.816023	0.0	0.0	0.0	0.0	
59	90	1632.863385881	9255.412	9255.412	4.39571	0.796527	29	0	0	0	57	0	0	0	0	0.117027	0.0	0.0	0.0	0.487265	0.0	0.0	0.0	0.0	0.021422	0.0	0.0	0.0	1519.03	0.0	0.0	0.0	0.0	0.000739	0.0	0.0	0.0	26.6497	0.0	0.0	0.0	0.0	4	0	0	0	36	0	0	0	0	0	0	0	0	1	0	0	0	0	10	0	0	0	20	0	0	0	0	2	0	0	0	0	0	0	0	0	1	0	0	0	0	0	0	0	0	12	0	0	0	0	0	0	0	0	0.117027	0.0	0.0	0.0	0.487265	0.0	0.0	0.0	0.0	0.19366	0.0	0.0	0.0	0.80634	0.0	0.0	0.0	0.0	
60	91	1653.3859367	9237.412	9237.412	4.26149	0.79084	29	0	0	0	58	0	0	0	0	0.117027	0.0	0.0	0.0	0.519059	0.0	0.0	0.0	0.0	0.021422	0.0	0.0	0.0	1539.56	0.0	0.0	0.0	0.0	0.000739	0.0	0.0	0.0	26.5441	0.0	0.0	0.0	0.0	4	0	0	0	37	0	0	0	0	0	0	0	0	1	0	0	0	0	10	0	0	0	20	0	0	0	0	2	0	0	0	0	0	0	0	0	1	0	0	0	0	0	0	0	0	12	0	0	0	0	0	0	0	0	0.117027	0.0	0.0	0.0	0.519059	0.0	0.0	0.0	0.0	0.18398	0.0	0.0	0.0	0.81602	0.0	0.0	0.0	0.0	
61	92	1672.568073466	9237.412	9237.412	4.09578	0.783367	29	0	0	0	59	0	0	0	0	0.117027	0.0	0.0	0.0	0.487254	0.0	0.0	0.0	0.0	0.021422	0.0	0.0	0.0	1558.74	0.0	0.0	0.0	0.0	0.000739	0.0	0.0	0.0	26.4193	0.0	0.0	0.0	0.0	4	0	0	0	37	0	0	0	0	0	0	0	0	1	0	0	0	0	10	0	0	0	21	0	0	0	0	2	0	0	0	0	0	0	0	0	1	0	0	0	0	0	0	0	0	12	0	0	0	0	0	0	0	0	0.117027	0.0	0.0	0.0	0.487254	0.0	0.0	0.0	0.0	0.193663	0.0	0.0	0.0	0.806337	0.0	0.0	0.0	0.0	
62	94	1686.321745445	9237.412	9237.412	3.94673	0.776177	30	0	0	0	60	0	0	0	0	0.105324	0.0	0.0	0.0	0.457625	0.0	0.0	0.0	0.0	0.021927	0.0	0.0	0.0	1572.49	0.0	0.0	0.0	0.0	0.000731	0.0	0.0	0.0	26.2082	0.0	0.0	0.0	0.0	4	0	0	0	37	0	0	0	0	0	0	0	0	1	0	0	0	0	10	0	0	0	22	0	0	0	0	2	0	0	0	0	0	0	0	0	1	0	0	0	0	0	0	0	0	13	0	0	0	0	0	0	0	0	0.105324	0.0	0.0	0.0	0.457625	0.0	0.0	0.0	0.0	0.187094	0.0	0.0	0.0	0.812906	0.0	0.0	0.0	0.0	
63	96	1715.27090471	9234.912	9234.912	3.84321	0.770898	31	0	0	0	61	0	0	0	0	0.094792	0.0	0.0	0.0	0.490362	0.0	0.0	0.0	0.0	0.022384	0.0	0.0	0.0	1601.44	0.0	0.0	0.0	0.0	0.000722	0.0	0.0	0.0	26.2531	0.0	0.0	0.0	0.0	4	0	0	0	38	0	0	0	0	0	0	0	0	1	0	0	0	0	10	0	0	0	22	0	0	0	0	2	0	0	0	0	0	0	0	0	1	0	0	0	0	0	0	0	0	14	0	0	0	0	0	0	0	0	0.094792	0.0	0.0	0.0	0.490362	0.0	0.0	0.0	0.0	0.161995	0.0	0.0	0.0	0.838005	0.0	0.0	0.0	0.0	
64	97	1735.136237795	9197.912	9197.912	3.63411	0.759443	31	0	0	0	62	0	0	0	0	0.094792	0.0	0.0	0.0	0.520769	0.0	0.0	0.0	0.0	0.022384	0.0	0.0	0.0	1621.31	0.0	0.0	0.0	0.0	0.000722	0.0	0.0	0.0	26.1501	0.0	0.0	0.0	0.0	4	0	0	0	39	0	0	0	0	0	0	0	0	1	0	0	0	0	10	0	0	0	22	0	0	0	0	2	0	0	0	0	0	0	0	0	1	0	0	0	0	0	0	0	0	14	0	0	0	0	0	0	0	0	0.094792	0.0	0.0	0.0	0.520769	0.0	0.0	0.0	0.0	0.153993	0.0	0.0	0.0	0.846007	0.0	0.0	0.0	0.0	
65	98	1754.037186381	9197.412	9197.412	3.49724	0.751308	31	0	0	0	63	0	0	0	0	0.094792	0.0	0.0	0.0	0.549092	0.0	0.0	0.0	0.0	0.022384	0.0	0.0	0.0	1640.21	0.0	0.0	0.0	0.0	0.000722	0.0	0.0	0.0	26.035	0.0	0.0	0.0	0.0	4	0	0	0	40	0	0	0	0	0	0	0	0	1	0	0	0	0	10	0	0	0	22	0	0	0	0	2	0	0	0	0	0	0	0	0	1	0	0	0	0	0	0	0	0	14	0	0	0	0	0	0	0	0	0.094792	0.0	0.0	0.0	0.549092	0.0	0.0	0.0	0.0	0.147219	0.0	0.0	0.0	0.852781	0.0	0.0	0.0	0.0	
66	99	1771.110460407	9197.412	9197.412	3.3718	0.743358	31	0	0	0	64	0	0	0	0	0.094792	0.0	0.0	0.0	0.516898	0.0	0.0	0.0	0.0	0.022384	0.0	0.0	0.0	1657.28	0.0	0.0	0.0	0.0	0.000722	0.0	0.0	0.0	25.895	0.0	0.0	0.0	0.0	4	0	0	0	40	0	0	0	0	0	0	0	0	1	0	0	0	0	10	0	0	0	23	0	0	0	0	2	0	0	0	0	0	0	0	0	1	0	0	0	0	0	0	0	0	14	0	0	0	0	0	0	0	0	0.094792	0.0	0.0	0.0	0.516898	0.0	0.0	0.0	0.0	0.154967	0.0	0.0	0.0	0.845033	0.0	0.0	0.0	0.0	
67	100	1804.731375742	9183.412	9183.412	3.26237	0.735999	31	0	0	0	65	0	0	0	0	0.094792	0.0	0.0	0.0	0.545483	0.0	0.0	0.0	0.0	0.022384	0.0	0.0	0.0	1690.9	0.0	0.0	0.0	0.0	0.000722	0.0	0.0	0.0	26.0139	0.0	0.0	0.0	0.0	4	0	0	0	41	0	0	0	0	0	0	0	0	1	0	0	0	0	10	0	0	0	23	0	0	0	0	2	0	0	0	0	0	0	0	0	1	0	0	0	0	0	0	0	0	14	0	0	0	0	0	0	0	0	0.094792	0.0	0.0	0.0	0.545483	0.0	0.0	0.0	0.0	0.148049	0.0	0.0	0.0	0.851951	0.0	0.0	0.0	0.0	
68	101	1818.443879592	9183.412	9183.412	3.05714	0.721009	31	0	0	0	66	0	0	0	0	0.094792	0.0	0.0	0.0	0.513469	0.0	0.0	0.0	0.0	0.022384	0.0	0.0	0.0	1704.61	0.0	0.0	0.0	0.0	0.000722	0.0	0.0	0.0	25.8275	0.0	0.0	0.0	0.0	4	0	0	0	41	0	0	0	0	0	0	0	0	1	0	0	0	0	10	0	0	0	24	0	0	0	0	2	0	0	0	0	0	0	0	0	1	0	0	0	0	0	0	0	0	14	0	0	0	0	0	0	0	0	0.094792	0.0	0.0	0.0	0.513469	0.0	0.0	0.0	0.0	0.155841	0.0	0.0	0.0	0.844159	0.0	0.0	0.0	0.0	
69	103	1844.115938198	9183.412	9183.412	2.97718	0.714703	32	0	0	0	67	0	0	0	0	0.085313	0.0	0.0	0.0	0.48353	0.0	0.0	0.0	0.0	0.023401	0.0	0.0	0.0	1730.28	0.0	0.0	0.0	0.0	0.000731	0.0	0.0	0.0	25.8251	0.0	0.0	0.0	0.0	4	0	0	0	41	0	0	0	0	0	0	0	0	1	0	0	0	0	10	0	0	0	25	0	0	0	0	3	0	0	0	0	0	0	0	0	1	0	0	0	0	0	0	0	0	14	0	0	0	0	0	0	0	0	0.085313	0.0	0.0	0.0	0.48353	0.0	0.0	0.0	0.0	0.149976	0.0	0.0	0.0	0.850024	0.0	0.0	0.0	0.0	
70	104	1859.579678694	9183.412	9183.412	2.83309	0.702597	32	0	0	0	68	0	0	0	0	0.085313	0.0	0.0	0.0	0.455088	0.0	0.0	0.0	0.0	0.023401	0.0	0.0	0.0	1745.75	0.0	0.0	0.0	0.0	0.000731	0.0	0.0	0.0	25.6728	0.0	0.0	0.0	0.0	4	0	0	0	41	0	0	0	0	0	0	0	0	1	0	0	0	0	10	0	0	0	26	0	0	0	0	3	0	0	0	0	0	0	0	0	1	0	0	0	0	0	0	0	0	14	0	0	0	0	0	0	0	0	0.085313	0.0	0.0	0.0	0.455088	0.0	0.0	0.0	0.0	0.15787	0.0	0.0	0.0	0.84213	0.0	0.0	0.0	0.0	
71	105	1881.400733308	9182.412	9182.412	2.74968	0.695114	32	0	0	0	69	0	0	0	0	0.085313	0.0	0.0	0.0	0.487441	0.0	0.0	0.0	0.0	0.023401	0.0	0.0	0.0	1767.57	0.0	0.0	0.0	0.0	0.000731	0.0	0.0	0.0	25.617	0.0	0.0	0.0	0.0	4	0	0	0	42	0	0	0	0	0	0	0	0	1	0	0	0	0	10	0	0	0	26	0	0	0	0	3	0	0	0	0	0	0	0	0	1	0	0	0	0	0	0	0	0	14	0	0	0	0	0	0	0	0	0.085313	0.0	0.0	0.0	0.487441	0.0	0.0	0.0	0.0	0.148952	0.0	0.0	0.0	0.851048	0.0	0.0	0.0	0.0	
72	106	1916.458377859	9136.118	9136.118	2.63613	0.684311	32	0	0	0	70	0	0	0	0	0.085313	0.0	0.0	0.0	0.517555	0.0	0.0	0.0	0.0	0.023401	0.0	0.0	0.0	1802.63	0.0	0.0	0.0	0.0	0.000731	0.0	0.0	0.0	25.7518	0.0	0.0	0.0	0.0	4	0	0	0	43	0	0	0	0	0	0	0	0	1	0	0	0	0	10	0	0	0	26	0	0	0	0	3	0	0	0	0	0	0	0	0	1	0	0	0	0	0	0	0	0	14	0	0	0	0	0	0	0	0	0.085313	0.0	0.0	0.0	0.517555	0.0	0.0	0.0	0.0	0.141512	0.0	0.0	0.0	0.858488	0.0	0.0	0.0	0.0	
73	107	1945.906564951	9068.971	9068.971	2.46345	0.666354	32	0	0	0	71	0	0	0	0	0.085313	0.0	0.0	0.0	0.545653	0.0	0.0	0.0	0.0	0.023401	0.0	0.0	0.0	1832.08	0.0	0.0	0.0	0.0	0.000731	0.0	0.0	0.0	25.8039	0.0	0.0	0.0	0.0	4	0	0	0	44	0	0	0	0	0	0	0	0	1	0	0	0	0	10	0	0	0	26	0	0	0	0	3	0	0	0	0	0	0	0	0	1	0	0	0	0	0	0	0	0	14	0	0	0	0	0	0	0	0	0.085313	0.0	0.0	0.0	0.545653	0.0	0.0	0.0	0.0	0.13521	0.0	0.0	0.0	0.86479	0.0	0.0	0.0	0.0	
74	108	1966.096209208	9026.5	9026.5	2.32717	0.650701	32	0	0	0	72	0	0	0	0	0.085313	0.0	0.0	0.0	0.571922	0.0	0.0	0.0	0.0	0.023401	0.0	0.0	0.0	1852.27	0.0	0.0	0.0	0.0	0.000731	0.0	0.0	0.0	25.7259	0.0	0.0	0.0	0.0	4	0	0	0	45	0	0	0	0	0	0	0	0	1	0	0	0	0	10	0	0	0	26	0	0	0	0	3	0	0	0	0	0	0	0	0	1	0	0	0	0	0	0	0	0	14	0	0	0	0	0	0	0	0	0.085313	0.0	0.0	0.0	0.571922	0.0	0.0	0.0	0.0	0.129806	0.0	0.0	0.0	0.870194	0.0	0.0	0.0	0.0	
75	109	1979.883830211	9026.5	9026.5	2.23812	0.63967	32	0	0	0	73	0	0	0	0	0.085313	0.0	0.0	0.0	0.539061	0.0	0.0	0.0	0.0	0.023401	0.0	0.0	0.0	1866.05	0.0	0.0	0.0	0.0	0.000731	0.0	0.0	0.0	25.5624	0.0	0.0	0.0	0.0	4	0	0	0	45	0	0	0	0	0	0	0	0	1	0	0	0	0	10	0	0	0	27	0	0	0	0	3	0	0	0	0	0	0	0	0	1	0	0	0	0	0	0	0	0	14	0	0	0	0	0	0	0	0	0.085313	0.0	0.0	0.0	0.539061	0.0	0.0	0.0	0.0	0.136638	0.0	0.0	0.0	0.863362	0.0	0.0	0.0	0.0	
76	110	1997.53373652	9016.0	9016.0	2.17928	0.631999	32	0	0	0	74	0	0	0	0	0.085313	0.0	0.0	0.0	0.565755	0.0	0.0	0.0	0.0	0.023401	0.0	0.0	0.0	1883.7	0.0	0.0	0.0	0.0	0.000731	0.0	0.0	0.0	25.4554	0.0	0.0	0.0	0.0	4	0	0	0	46	0	0	0	0	0	0	0	0	1	0	0	0	0	10	0	0	0	27	0	0	0	0	3	0	0	0	0	0	0	0	0	1	0	0	0	0	0	0	0	0	14	0	0	0	0	0	0	0	0	0.085313	0.0	0.0	0.0	0.565755	0.0	0.0	0.0	0.0	0.131035	0.0	0.0	0.0	0.868965	0.0	0.0	0.0	0.0	
77	111	2019.109476415	9016.0	9016.0	2.1062	0.622016	32	0	0	0	75	0	0	0	0	0.085313	0.0	0.0	0.0	0.533202	0.0	0.0	0.0	0.0	0.023401	0.0	0.0	0.0	1905.28	0.0	0.0	0.0	0.0	0.000731	0.0	0.0	0.0	25.4037	0.0	0.0	0.0	0.0	4	0	0	0	46	0	0	0	0	0	0	0	0	1	0	0	0	0	10	0	0	0	28	0	0	0	0	3	0	0	0	0	0	0	0	0	1	0	0	0	0	0	0	0	0	14	0	0	0	0	0	0	0	0	0.085313	0.0	0.0	0.0	0.533202	0.0	0.0	0.0	0.0	0.137932	0.0	0.0	0.0	0.862068	0.0	0.0	0.0	0.0	
78	112	2036.857855389	9016.0	9016.0	2.02018	0.609568	32	0	0	0	76	0	0	0	0	0.085313	0.0	0.0	0.0	0.502276	0.0	0.0	0.0	0.0	0.023401	0.0	0.0	0.0	1923.03	0.0	0.0	0.0	0.0	0.000731	0.0	0.0	0.0	25.303	0.0	0.0	0.0	0.0	4	0	0	0	46	0	0	0	0	0	0	0	0	1	0	0	0	0	10	0	0	0	29	0	0	0	0	3	0	0	0	0	0	0	0	0	1	0	0	0	0	0	0	0	0	14	0	0	0	0	0	0	0	0	0.085313	0.0	0.0	0.0	0.502276	0.0	0.0	0.0	0.0	0.145191	0.0	0.0	0.0	0.854809	0.0	0.0	0.0	0.0	
79	113	2064.780272905	9016.0	9016.0	1.95207	0.59913	32	0	0	0	77	0	0	0	0	0.085313	0.0	0.0	0.0	0.472896	0.0	0.0	0.0	0.0	0.023401	0.0	0.0	0.0	1950.95	0.0	0.0	0.0	0.0	0.000731	0.0	0.0	0.0	25.337	0.0	0.0	0.0	0.0	4	0	0	0	46	0	0	0	0	0	0	0	0	1	0	0	0	0	10	0	0	0	30	0	0	0	0	3	0	0	0	0	0	0	0	0	1	0	0	0	0	0	0	0	0	14	0	0	0	0	0	0	0	0	0.085313	0.0	0.0	0.0	0.472896	0.0	0.0	0.0	0.0	0.152833	0.0	0.0	0.0	0.847167	0.0	0.0	0.0	0.0	
80	115	2081.713289409	9015.971764705877	9016.0	1.84952	0.582352	33	0	0	0	78	0	0	0	0	0.176782	0.0	0.0	0.0	0.440413	0.0	0.0	0.0	0.0	0.024419	0.0	0.0	0.0	1967.88	0.0	0.0	0.0	0.0	0.00074	0.0	0.0	0.0	25.2292	0.0	0.0	0.0	0.0	5	0	0	0	46	0	0	0	0	0	0	0	0	1	0	0	0	0	10	0	0	0	31	0	0	0	0	3	0	0	0	0	0	0	0	0	1	0	0	0	0	0	0	0	0	14	0	0	0	0	0	0	0	0	0.176782	0.0	0.0	0.0	0.440413	0.0	0.0	0.0	0.0	0.286428	0.0	0.0	0.0	0.713572	0.0	0.0	0.0	0.0	
81	117	2109.155354588	9015.971764705877	9016.0	1.78998	0.571971	34	0	0	0	79	0	0	0	0	0.159103	0.0	0.0	0.0	0.410437	0.0	0.0	0.0	0.0	0.025863	0.0	0.0	0.0	1995.32	0.0	0.0	0.0	0.0	0.000761	0.0	0.0	0.0	25.2572	0.0	0.0	0.0	0.0	5	0	0	0	46	0	0	0	0	0	0	0	0	1	0	0	0	0	10	0	0	0	32	0	0	0	0	4	0	0	0	0	0	0	0	0	1	0	0	0	0	0	0	0	0	14	0	0	0	0	0	0	0	0	0.159103	0.0	0.0	0.0	0.410437	0.0	0.0	0.0	0.0	0.279354	0.0	0.0	0.0	0.720646	0.0	0.0	0.0	0.0	
82	119	2126.100559191	9015.971764705877	9016.0	1.69752	0.55483	35	0	0	0	80	0	0	0	0	0.143193	0.0	0.0	0.0	0.382755	0.0	0.0	0.0	0.0	0.02647	0.0	0.0	0.0	2012.27	0.0	0.0	0.0	0.0	0.000756	0.0	0.0	0.0	25.1533	0.0	0.0	0.0	0.0	5	0	0	0	46	0	0	0	0	0	0	0	0	1	0	0	0	0	10	0	0	0	33	0	0	0	0	4	0	0	0	0	0	0	0	0	1	0	0	0	0	0	0	0	0	15	0	0	0	0	0	0	0	0	0.143193	0.0	0.0	0.0	0.382755	0.0	0.0	0.0	0.0	0.272257	0.0	0.0	0.0	0.727743	0.0	0.0	0.0	0.0	
83	120	2144.874201733	9015.971764705877	9016.0	1.64284	0.544056	35	0	0	0	81	0	0	0	0	0.143193	0.0	0.0	0.0	0.356458	0.0	0.0	0.0	0.0	0.02647	0.0	0.0	0.0	2031.04	0.0	0.0	0.0	0.0	0.000756	0.0	0.0	0.0	25.0746	0.0	0.0	0.0	0.0	5	0	0	0	46	0	0	0	0	0	0	0	0	1	0	0	0	0	10	0	0	0	34	0	0	0	0	4	0	0	0	0	0	0	0	0	1	0	0	0	0	0	0	0	0	15	0	0	0	0	0	0	0	0	0.143193	0.0	0.0	0.0	0.356458	0.0	0.0	0.0	0.0	0.286586	0.0	0.0	0.0	0.713414	0.0	0.0	0.0	0.0	
84	122	2158.605227237	9015.971764705877	9016.0	1.5843	0.531957	36	0	0	0	82	0	0	0	0	0.128874	0.0	0.0	0.0	0.332191	0.0	0.0	0.0	0.0	0.026767	0.0	0.0	0.0	2044.77	0.0	0.0	0.0	0.0	0.000744	0.0	0.0	0.0	24.9362	0.0	0.0	0.0	0.0	5	0	0	0	46	0	0	0	0	0	0	0	0	1	0	0	0	0	10	0	0	0	35	0	0	0	0	4	0	0	0	0	0	0	0	0	1	0	0	0	0	0	0	0	0	16	0	0	0	0	0	0	0	0	0.128874	0.0	0.0	0.0	0.332191	0.0	0.0	0.0	0.0	0.279513	0.0	0.0	0.0	0.720487	0.0	0.0	0.0	0.0	
85	123	2192.069074399	9013.0	9013.0	1.54282	0.523004	36	0	0	0	83	0	0	0	0	0.128874	0.0	0.0	0.0	0.378536	0.0	0.0	0.0	0.0	0.026767	0.0	0.0	0.0	2078.23	0.0	0.0	0.0	0.0	0.000744	0.0	0.0	0.0	25.039	0.0	0.0	0.0	0.0	5	0	0	0	47	0	0	0	0	0	0	0	0	1	0	0	0	0	10	0	0	0	35	0	0	0	0	4	0	0	0	0	0	0	0	0	1	0	0	0	0	0	0	0	0	16	0	0	0	0	0	0	0	0	0.128874	0.0	0.0	0.0	0.378536	0.0	0.0	0.0	0.0	0.253984	0.0	0.0	0.0	0.746016	0.0	0.0	0.0	0.0	
86	126	2213.328716718	9011.5	9011.5	1.4462	0.50084	38	0	0	0	84	0	0	0	0	0.104388	0.0	0.0	0.0	0.418178	0.0	0.0	0.0	0.0	0.028006	0.0	0.0	0.0	2099.49	0.0	0.0	0.0	0.0	0.000737	0.0	0.0	0.0	24.994	0.0	0.0	0.0	0.0	5	0	0	0	48	0	0	0	0	0	0	0	0	1	0	0	0	0	11	0	0	0	35	0	0	0	0	5	0	0	0	0	0	0	0	0	1	0	0	0	0	0	0	0	0	16	0	0	0	0	0	0	0	0	0.104388	0.0	0.0	0.0	0.418178	0.0	0.0	0.0	0.0	0.19976	0.0	0.0	0.0	0.80024	0.0	0.0	0.0	0.0	
87	127	2232.893069778	9007.088	9007.088	1.38799	0.486524	38	0	0	0	85	0	0	0	0	0.104388	0.0	0.0	0.0	0.454531	0.0	0.0	0.0	0.0	0.028006	0.0	0.0	0.0	2119.06	0.0	0.0	0.0	0.0	0.000737	0.0	0.0	0.0	24.9301	0.0	0.0	0.0	0.0	5	0	0	0	49	0	0	0	0	0	0	0	0	1	0	0	0	0	11	0	0	0	35	0	0	0	0	5	0	0	0	0	0	0	0	0	1	0	0	0	0	0	0	0	0	16	0	0	0	0	0	0	0	0	0.104388	0.0	0.0	0.0	0.454531	0.0	0.0	0.0	0.0	0.186767	0.0	0.0	0.0	0.813233	0.0	0.0	0.0	0.0	
88	129	2262.489504786	9007.088	9007.088	1.33649	0.473203	39	0	0	0	86	0	0	0	0	0.093949	0.0	0.0	0.0	0.427107	0.0	0.0	0.0	0.0	0.02831	0.0	0.0	0.0	2148.65	0.0	0.0	0.0	0.0	0.000726	0.0	0.0	0.0	24.9843	0.0	0.0	0.0	0.0	5	0	0	0	49	0	0	0	0	0	0	0	0	1	0	0	0	0	11	0	0	0	36	0	0	0	0	5	0	0	0	0	0	0	0	0	1	0	0	0	0	0	0	0	0	17	0	0	0	0	0	0	0	0	0.093949	0.0	0.0	0.0	0.427107	0.0	0.0	0.0	0.0	0.180305	0.0	0.0	0.0	0.819695	0.0	0.0	0.0	0.0	
89	130	2278.9893759	9007.088	9007.088	1.26219	0.452815	39	0	0	0	87	0	0	0	0	0.093949	0.0	0.0	0.0	0.401054	0.0	0.0	0.0	0.0	0.02831	0.0	0.0	0.0	2165.15	0.0	0.0	0.0	0.0	0.000726	0.0	0.0	0.0	24.8868	0.0	0.0	0.0	0.0	5	0	0	0	49	0	0	0	0	0	0	0	0	1	0	0	0	0	11	0	0	0	37	0	0	0	0	5	0	0	0	0	0	0	0	0	1	0	0	0	0	0	0	0	0	17	0	0	0	0	0	0	0	0	0.093949	0.0	0.0	0.0	0.401054	0.0	0.0	0.0	0.0	0.189795	0.0	0.0	0.0	0.810205	0.0	0.0	0.0	0.0	
90	131	2311.990461658	9003.088	9003.088	1.22258	0.441339	39	0	0	0	88	0	0	0	0	0.093949	0.0	0.0	0.0	0.438017	0.0	0.0	0.0	0.0	0.02831	0.0	0.0	0.0	2198.15	0.0	0.0	0.0	0.0	0.000726	0.0	0.0	0.0	24.979	0.0	0.0	0.0	0.0	5	0	0	0	50	0	0	0	0	0	0	0	0	1	0	0	0	0	11	0	0	0	37	0	0	0	0	5	0	0	0	0	0	0	0	0	1	0	0	0	0	0	0	0	0	17	0	0	0	0	0	0	0	0	0.093949	0.0	0.0	0.0	0.438017	0.0	0.0	0.0	0.0	0.176607	0.0	0.0	0.0	0.823393	0.0	0.0	0.0	0.0	
91	132	2326.499720845	9003.088	9003.088	1.14704	0.418195	39	0	0	0	89	0	0	0	0	0.093949	0.0	0.0	0.0	0.411418	0.0	0.0	0.0	0.0	0.02831	0.0	0.0	0.0	2212.66	0.0	0.0	0.0	0.0	0.000726	0.0	0.0	0.0	24.8614	0.0	0.0	0.0	0.0	5	0	0	0	50	0	0	0	0	0	0	0	0	1	0	0	0	0	11	0	0	0	38	0	0	0	0	5	0	0	0	0	0	0	0	0	1	0	0	0	0	0	0	0	0	17	0	0	0	0	0	0	0	0	0.093949	0.0	0.0	0.0	0.411418	0.0	0.0	0.0	0.0	0.185902	0.0	0.0	0.0	0.814098	0.0	0.0	0.0	0.0	
92	133	2359.286573009	9003.088	9003.088	1.11533	0.407955	39	0	0	0	90	0	0	0	0	0.093949	0.0	0.0	0.0	0.38615	0.0	0.0	0.0	0.0	0.02831	0.0	0.0	0.0	2245.45	0.0	0.0	0.0	0.0	0.000726	0.0	0.0	0.0	24.9494	0.0	0.0	0.0	0.0	5	0	0	0	50	0	0	0	0	0	0	0	0	1	0	0	0	0	11	0	0	0	39	0	0	0	0	5	0	0	0	0	0	0	0	0	1	0	0	0	0	0	0	0	0	17	0	0	0	0	0	0	0	0	0.093949	0.0	0.0	0.0	0.38615	0.0	0.0	0.0	0.0	0.195687	0.0	0.0	0.0	0.804313	0.0	0.0	0.0	0.0	
93	134	2393.072095852	9003.088	9003.088	1.04685	0.384718	39	0	0	0	91	0	0	0	0	0.093949	0.0	0.0	0.0	0.362145	0.0	0.0	0.0	0.0	0.02831	0.0	0.0	0.0	2279.24	0.0	0.0	0.0	0.0	0.000726	0.0	0.0	0.0	25.0465	0.0	0.0	0.0	0.0	5	0	0	0	50	0	0	0	0	0	0	0	0	1	0	0	0	0	11	0	0	0	40	0	0	0	0	5	0	0	0	0	0	0	0	0	1	0	0	0	0	0	0	0	0	17	0	0	0	0	0	0	0	0	0.093949	0.0	0.0	0.0	0.362145	0.0	0.0	0.0	0.0	0.205986	0.0	0.0	0.0	0.794014	0.0	0.0	0.0	0.0	
94	136	2434.13756682	9003.088	9003.088	0.980683	0.360704	40	0	0	0	92	0	0	0	0	0.084554	0.0	0.0	0.0	0.33981	0.0	0.0	0.0	0.0	0.028995	0.0	0.0	0.0	2320.3	0.0	0.0	0.0	0.0	0.000725	0.0	0.0	0.0	25.2207	0.0	0.0	0.0	0.0	5	0	0	0	50	0	0	0	0	0	0	0	0	1	0	0	0	0	11	0	0	0	41	0	0	0	0	5	0	0	0	0	0	0	0	0	1	0	0	0	0	0	0	0	0	18	0	0	0	0	0	0	0	0	0.084554	0.0	0.0	0.0	0.33981	0.0	0.0	0.0	0.0	0.199249	0.0	0.0	0.0	0.800751	0.0	0.0	0.0	0.0	
95	137	2451.169502664	9003.088	9003.088	0.905865	0.33157	40	0	0	0	93	0	0	0	0	0.084554	0.0	0.0	0.0	0.318592	0.0	0.0	0.0	0.0	0.028995	0.0	0.0	0.0	2337.33	0.0	0.0	0.0	0.0	0.000725	0.0	0.0	0.0	25.1326	0.0	0.0	0.0	0.0	5	0	0	0	50	0	0	0	0	0	0	0	0	1	0	0	0	0	11	0	0	0	42	0	0	0	0	5	0	0	0	0	0	0	0	0	1	0	0	0	0	0	0	0	0	18	0	0	0	0	0	0	0	0	0.084554	0.0	0.0	0.0	0.318592	0.0	0.0	0.0	0.0	0.209736	0.0	0.0	0.0	0.790264	0.0	0.0	0.0	0.0	
96	138	2477.239728244	9003.088	9003.088	0.876534	0.319545	40	0	0	0	94	0	0	0	0	0.084554	0.0	0.0	0.0	0.298435	0.0	0.0	0.0	0.0	0.028995	0.0	0.0	0.0	2363.4	0.0	0.0	0.0	0.0	0.000725	0.0	0.0	0.0	25.1426	0.0	0.0	0.0	0.0	5	0	0	0	50	0	0	0	0	0	0	0	0	1	0	0	0	0	11	0	0	0	43	0	0	0	0	5	0	0	0	0	0	0	0	0	1	0	0	0	0	0	0	0	0	18	0	0	0	0	0	0	0	0	0.084554	0.0	0.0	0.0	0.298435	0.0	0.0	0.0	0.0	0.220774	0.0	0.0	0.0	0.779226	0.0	0.0	0.0	0.0	
97	139	2490.94999456	9003.088	9003.088	0.833467	0.301252	40	0	0	0	95	0	0	0	0	0.084554	0.0	0.0	0.0	0.279285	0.0	0.0	0.0	0.0	0.028995	0.0	0.0	0.0	2377.11	0.0	0.0	0.0	0.0	0.000725	0.0	0.0	0.0	25.0222	0.0	0.0	0.0	0.0	5	0	0	0	50	0	0	0	0	0	0	0	0	1	0	0	0	0	11	0	0	0	44	0	0	0	0	5	0	0	0	0	0	0	0	0	1	0	0	0	0	0	0	0	0	18	0	0	0	0	0	0	0	0	0.084554	0.0	0.0	0.0	0.279285	0.0	0.0	0.0	0.0	0.232394	0.0	0.0	0.0	0.767606	0.0	0.0	0.0	0.0	
98	140	2506.761345029	9003.088	9003.088	0.811674	0.291702	40	0	0	0	96	0	0	0	0	0.084554	0.0	0.0	0.0	0.261093	0.0	0.0	0.0	0.0	0.028995	0.0	0.0	0.0	2392.92	0.0	0.0	0.0	0.0	0.000725	0.0	0.0	0.0	24.9263	0.0	0.0	0.0	0.0	5	0	0	0	50	0	0	0	0	0	0	0	0	1	0	0	0	0	11	0	0	0	45	0	0	0	0	5	0	0	0	0	0	0	0	0	1	0	0	0	0	0	0	0	0	18	0	0	0	0	0	0	0	0	0.084554	0.0	0.0	0.0	0.261093	0.0	0.0	0.0	0.0	0.244625	0.0	0.0	0.0	0.755375	0.0	0.0	0.0	0.0	
99	141	2581.713925935	8996.588	8996.588	0.787248	0.280762	40	0	0	0	97	0	0	0	0	0.084554	0.0	0.0	0.0	0.310003	0.0	0.0	0.0	0.0	0.028995	0.0	0.0	0.0	2467.88	0.0	0.0	0.0	0.0	0.000725	0.0	0.0	0.0	25.442	0.0	0.0	0.0	0.0	5	0	0	0	51	0	0	0	0	0	0	0	0	1	0	0	0	0	11	0	0	0	45	0	0	0	0	5	0	0	0	0	0	0	0	0	1	0	0	0	0	0	0	0	0	18	0	0	0	0	0	0	0	0	0.084554	0.0	0.0	0.0	0.310003	0.0	0.0	0.0	0.0	0.214301	0.0	0.0	0.0	0.785699	0.0	0.0	0.0	0.0	
100	144	2604.381525413	8996.588	8996.588	0.68109	0.230332	42	0	0	0	98	0	0	0	0	0.068489	0.0	0.0	0.0	0.291079	0.0	0.0	0.0	0.0	0.029796	0.0	0.0	0.0	2490.54	0.0	0.0	0.0	0.0	0.000709	0.0	0.0	0.0	25.4137	0.0	0.0	0.0	0.0	5	0	0	0	51	0	0	0	0	0	0	0	0	1	0	0	0	0	11	0	0	0	46	0	0	0	0	5	0	0	0	0	0	0	0	0	1	0	0	0	0	0	0	0	0	20	0	0	0	0	0	0	0	0	0.068489	0.0	0.0	0.0	0.291079	0.0	0.0	0.0	0.0	0.190476	0.0	0.0	0.0	0.809524	0.0	0.0	0.0	0.0	
101	145	2620.06807357	8996.588	8996.588	0.651899	0.215676	42	0	0	0	99	0	0	0	0	0.068489	0.0	0.0	0.0	0.2731	0.0	0.0	0.0	0.0	0.029796	0.0	0.0	0.0	2506.23	0.0	0.0	0.0	0.0	0.000709	0.0	0.0	0.0	25.3155	0.0	0.0	0.0	0.0	5	0	0	0	51	0	0	0	0	0	0	0	0	1	0	0	0	0	11	0	0	0	47	0	0	0	0	5	0	0	0	0	0	0	0	0	1	0	0	0	0	0	0	0	0	20	0	0	0	0	0	0	0	0	0.068489	0.0	0.0	0.0	0.2731	0.0	0.0	0.0	0.0	0.200501	0.0	0.0	0.0	0.799499	0.0	0.0	0.0	0.0	
102	146	2638.252232385	8996.588	8996.588	0.632433	0.205729	42	0	0	0	100	0	0	0	0	0.068489	0.0	0.0	0.0	0.256021	0.0	0.0	0.0	0.0	0.029796	0.0	0.0	0.0	2524.41	0.0	0.0	0.0	0.0	0.000709	0.0	0.0	0.0	25.2441	0.0	0.0	0.0	0.0	5	0	0	0	51	0	0	0	0	0	0	0	0	1	0	0	0	0	11	0	0	0	48	0	0	0	0	5	0	0	0	0	0	0	0	0	1	0	0	0	0	0	0	0	0	20	0	0	0	0	0	0	0	0	0.068489	0.0	0.0	0.0	0.256021	0.0	0.0	0.0	0.0	0.211053	0.0	0.0	0.0	0.788947	0.0	0.0	0.0	0.0	
103	147	2667.24413078	8996.588	8996.588	0.610595	0.194418	42	0	0	0	101	0	0	0	0	0.068489	0.0	0.0	0.0	0.239795	0.0	0.0	0.0	0.0	0.029796	0.0	0.0	0.0	2553.41	0.0	0.0	0.0	0.0	0.000709	0.0	0.0	0.0	25.2812	0.0	0.0	0.0	0.0	5	0	0	0	51	0	0	0	0	0	0	0	0	1	0	0	0	0	11	0	0	0	49	0	0	0	0	5	0	0	0	0	0	0	0	0	1	0	0	0	0	0	0	0	0	20	0	0	0	0	0	0	0	0	0.068489	0.0	0.0	0.0	0.239795	0.0	0.0	0.0	0.0	0.222161	0.0	0.0	0.0	0.777839	0.0	0.0	0.0	0.0	
104	149	2691.864358599	8996.588	8996.588	0.577324	0.176907	43	0	0	0	102	0	0	0	0	0.06164	0.0	0.0	0.0	0.224723	0.0	0.0	0.0	0.0	0.030704	0.0	0.0	0.0	2578.03	0.0	0.0	0.0	0.0	0.000714	0.0	0.0	0.0	25.2748	0.0	0.0	0.0	0.0	5	0	0	0	51	0	0	0	0	0	0	0	0	1	0	0	0	0	12	0	0	0	50	0	0	0	0	5	0	0	0	0	0	0	0	0	1	0	0	0	0	0	0	0	0	20	0	0	0	0	0	0	0	0	0.06164	0.0	0.0	0.0	0.224723	0.0	0.0	0.0	0.0	0.215251	0.0	0.0	0.0	0.784749	0.0	0.0	0.0	0.0	
105	150	2705.700565418	8996.588	8996.588	0.5505	0.162589	43	0	0	0	103	0	0	0	0	0.06164	0.0	0.0	0.0	0.210405	0.0	0.0	0.0	0.0	0.030704	0.0	0.0	0.0	2591.86	0.0	0.0	0.0	0.0	0.000714	0.0	0.0	0.0	25.1637	0.0	0.0	0.0	0.0	5	0	0	0	51	0	0	0	0	0	0	0	0	1	0	0	0	0	12	0	0	0	51	0	0	0	0	5	0	0	0	0	0	0	0	0	1	0	0	0	0	0	0	0	0	20	0	0	0	0	0	0	0	0	0.06164	0.0	0.0	0.0	0.210405	0.0	0.0	0.0	0.0	0.22658	0.0	0.0	0.0	0.77342	0.0	0.0	0.0	0.0	
106	151	2737.460706316	8989.088	8989.088	0.535975	0.154779	43	0	0	0	104	0	0	0	0	0.06164	0.0	0.0	0.0	0.261451	0.0	0.0	0.0	0.0	0.030704	0.0	0.0	0.0	2623.62	0.0	0.0	0.0	0.0	0.000714	0.0	0.0	0.0	25.2271	0.0	0.0	0.0	0.0	5	0	0	0	52	0	0	0	0	0	0	0	0	1	0	0	0	0	12	0	0	0	51	0	0	0	0	5	0	0	0	0	0	0	0	0	1	0	0	0	0	0	0	0	0	20	0	0	0	0	0	0	0	0	0.06164	0.0	0.0	0.0	0.261451	0.0	0.0	0.0	0.0	0.190782	0.0	0.0	0.0	0.809218	0.0	0.0	0.0	0.0	
107	152	2755.798447745	8989.088	8989.088	0.504068	0.137537	43	0	0	0	105	0	0	0	0	0.06164	0.0	0.0	0.0	0.245296	0.0	0.0	0.0	0.0	0.030704	0.0	0.0	0.0	2641.96	0.0	0.0	0.0	0.0	0.000714	0.0	0.0	0.0	25.1615	0.0	0.0	0.0	0.0	5	0	0	0	52	0	0	0	0	0	0	0	0	1	0	0	0	0	12	0	0	0	52	0	0	0	0	5	0	0	0	0	0	0	0	0	1	0	0	0	0	0	0	0	0	20	0	0	0	0	0	0	0	0	0.06164	0.0	0.0	0.0	0.245296	0.0	0.0	0.0	0.0	0.200823	0.0	0.0	0.0	0.799177	0.0	0.0	0.0	0.0	
108	153	2774.89991564	8989.088	8989.088	0.486517	0.128038	43	0	0	0	106	0	0	0	0	0.06164	0.0	0.0	0.0	0.22995	0.0	0.0	0.0	0.0	0.030704	0.0	0.0	0.0	2661.06	0.0	0.0	0.0	0.0	0.000714	0.0	0.0	0.0	25.1043	0.0	0.0	0.0	0.0	5	0	0	0	52	0	0	0	0	0	0	0	0	1	0	0	0	0	12	0	0	0	53	0	0	0	0	5	0	0	0	0	0	0	0	0	1	0	0	0	0	0	0	0	0	20	0	0	0	0	0	0	0	0	0.06164	0.0	0.0	0.0	0.22995	0.0	0.0	0.0	0.0	0.211393	0.0	0.0	0.0	0.788607	0.0	0.0	0.0	0.0	
109	154	2826.506368031	8988.088	8988.088	0.468885	0.118515	43	0	0	0	107	0	0	0	0	0.06164	0.0	0.0	0.0	0.278773	0.0	0.0	0.0	0.0	0.030704	0.0	0.0	0.0	2712.67	0.0	0.0	0.0	0.0	0.000714	0.0	0.0	0.0	25.352	0.0	0.0	0.0	0.0	5	0	0	0	53	0	0	0	0	0	0	0	0	1	0	0	0	0	12	0	0	0	53	0	0	0	0	5	0	0	0	0	0	0	0	0	1	0	0	0	0	0	0	0	0	20	0	0	0	0	0	0	0	0	0.06164	0.0	0.0	0.0	0.278773	0.0	0.0	0.0	0.0	0.181074	0.0	0.0	0.0	0.818926	0.0	0.0	0.0	0.0	
110	155	2840.48421663	8988.088	8988.088	0.424379	0.094762	43	0	0	0	108	0	0	0	0	0.06164	0.0	0.0	0.0	0.261752	0.0	0.0	0.0	0.0	0.030704	0.0	0.0	0.0	2726.64	0.0	0.0	0.0	0.0	0.000714	0.0	0.0	0.0	25.2467	0.0	0.0	0.0	0.0	5	0	0	0	53	0	0	0	0	0	0	0	0	1	0	0	0	0	12	0	0	0	54	0	0	0	0	5	0	0	0	0	0	0	0	0	1	0	0	0	0	0	0	0	0	20	0	0	0	0	0	0	0	0	0.06164	0.0	0.0	0.0	0.261752	0.0	0.0	0.0	0.0	0.190604	0.0	0.0	0.0	0.809396	0.0	0.0	0.0	0.0	
111	157	2857.114347161	8988.088	8988.088	0.413069	0.088841	44	0	0	0	109	0	0	0	0	0.055476	0.0	0.0	0.0	0.245891	0.0	0.0	0.0	0.0	0.031222	0.0	0.0	0.0	2743.27	0.0	0.0	0.0	0.0	0.00071	0.0	0.0	0.0	25.1677	0.0	0.0	0.0	0.0	5	0	0	0	53	0	0	0	0	0	0	0	0	1	0	0	0	0	12	0	0	0	55	0	0	0	0	5	0	0	0	0	0	0	0	0	1	0	0	0	0	0	0	0	0	21	0	0	0	0	0	0	0	0	0.055476	0.0	0.0	0.0	0.245891	0.0	0.0	0.0	0.0	0.184081	0.0	0.0	0.0	0.815919	0.0	0.0	0.0	0.0	
112	158	2874.299444551	8986.588	8986.588	0.400005	0.082088	44	0	0	0	110	0	0	0	0	0.055476	0.0	0.0	0.0	0.292103	0.0	0.0	0.0	0.0	0.031222	0.0	0.0	0.0	2760.46	0.0	0.0	0.0	0.0	0.00071	0.0	0.0	0.0	25.0951	0.0	0.0	0.0	0.0	5	0	0	0	54	0	0	0	0	0	0	0	0	1	0	0	0	0	12	0	0	0	55	0	0	0	0	5	0	0	0	0	0	0	0	0	1	0	0	0	0	0	0	0	0	21	0	0	0	0	0	0	0	0	0.055476	0.0	0.0	0.0	0.292103	0.0	0.0	0.0	0.0	0.159607	0.0	0.0	0.0	0.840393	0.0	0.0	0.0	0.0	
113	159	2891.810499893	8986.588	8986.588	0.386939	0.075442	44	0	0	0	111	0	0	0	0	0.055476	0.0	0.0	0.0	0.274724	0.0	0.0	0.0	0.0	0.031222	0.0	0.0	0.0	2777.97	0.0	0.0	0.0	0.0	0.00071	0.0	0.0	0.0	25.0268	0.0	0.0	0.0	0.0	5	0	0	0	54	0	0	0	0	0	0	0	0	1	0	0	0	0	12	0	0	0	56	0	0	0	0	5	0	0	0	0	0	0	0	0	1	0	0	0	0	0	0	0	0	21	0	0	0	0	0	0	0	0	0.055476	0.0	0.0	0.0	0.274724	0.0	0.0	0.0	0.0	0.168007	0.0	0.0	0.0	0.831993	0.0	0.0	0.0	0.0	
114	160	2907.145835919	8986.588	8986.588	0.374064	0.069021	44	0	0	0	112	0	0	0	0	0.055476	0.0	0.0	0.0	0.258214	0.0	0.0	0.0	0.0	0.031222	0.0	0.0	0.0	2793.31	0.0	0.0	0.0	0.0	0.00071	0.0	0.0	0.0	24.9402	0.0	0.0	0.0	0.0	5	0	0	0	54	0	0	0	0	0	0	0	0	1	0	0	0	0	12	0	0	0	57	0	0	0	0	5	0	0	0	0	0	0	0	0	1	0	0	0	0	0	0	0	0	21	0	0	0	0	0	0	0	0	0.055476	0.0	0.0	0.0	0.258214	0.0	0.0	0.0	0.0	0.176849	0.0	0.0	0.0	0.823151	0.0	0.0	0.0	0.0	
115	162	2933.026350197	8976.162	8976.162	0.36314	0.063688	45	0	0	0	113	0	0	0	0	0.049928	0.0	0.0	0.0	0.302475	0.0	0.0	0.0	0.0	0.031785	0.0	0.0	0.0	2819.19	0.0	0.0	0.0	0.0	0.000706	0.0	0.0	0.0	24.9485	0.0	0.0	0.0	0.0	5	0	0	0	55	0	0	0	0	0	0	0	0	1	0	0	0	0	12	0	0	0	57	0	0	0	0	5	0	0	0	0	0	0	0	0	1	0	0	0	0	0	0	0	0	22	0	0	0	0	0	0	0	0	0.049928	0.0	0.0	0.0	0.302475	0.0	0.0	0.0	0.0	0.141679	0.0	0.0	0.0	0.858321	0.0	0.0	0.0	0.0	
116	163	2950.364550528	8976.162	8976.162	0.345425	0.0553	45	0	0	0	114	0	0	0	0	0.049928	0.0	0.0	0.0	0.284855	0.0	0.0	0.0	0.0	0.031785	0.0	0.0	0.0	2836.52	0.0	0.0	0.0	0.0	0.000706	0.0	0.0	0.0	24.8818	0.0	0.0	0.0	0.0	5	0	0	0	55	0	0	0	0	0	0	0	0	1	0	0	0	0	12	0	0	0	58	0	0	0	0	5	0	0	0	0	0	0	0	0	1	0	0	0	0	0	0	0	0	22	0	0	0	0	0	0	0	0	0.049928	0.0	0.0	0.0	0.284855	0.0	0.0	0.0	0.0	0.149136	0.0	0.0	0.0	0.850864	0.0	0.0	0.0	0.0	
117	164	2994.430948374	8976.162	8976.162	0.334043	0.050105	45	0	0	0	115	0	0	0	0	0.049928	0.0	0.0	0.0	0.268116	0.0	0.0	0.0	0.0	0.031785	0.0	0.0	0.0	2880.59	0.0	0.0	0.0	0.0	0.000706	0.0	0.0	0.0	25.0486	0.0	0.0	0.0	0.0	5	0	0	0	55	0	0	0	0	0	0	0	0	1	0	0	0	0	12	0	0	0	59	0	0	0	0	5	0	0	0	0	0	0	0	0	1	0	0	0	0	0	0	0	0	22	0	0	0	0	0	0	0	0	0.049928	0.0	0.0	0.0	0.268116	0.0	0.0	0.0	0.0	0.156986	0.0	0.0	0.0	0.843014	0.0	0.0	0.0	0.0	
118	165	3020.960294468	8976.162	8976.162	0.306773	0.038398	45	0	0	0	116	0	0	0	0	0.049928	0.0	0.0	0.0	0.252214	0.0	0.0	0.0	0.0	0.031785	0.0	0.0	0.0	2907.12	0.0	0.0	0.0	0.0	0.000706	0.0	0.0	0.0	25.0614	0.0	0.0	0.0	0.0	5	0	0	0	55	0	0	0	0	0	0	0	0	1	0	0	0	0	12	0	0	0	60	0	0	0	0	5	0	0	0	0	0	0	0	0	1	0	0	0	0	0	0	0	0	22	0	0	0	0	0	0	0	0	0.049928	0.0	0.0	0.0	0.252214	0.0	0.0	0.0	0.0	0.165248	0.0	0.0	0.0	0.834752	0.0	0.0	0.0	0.0	
119	166	3038.847247381	8976.162	8976.162	0.291442	0.032348	45	0	0	0	117	0	0	0	0	0.049928	0.0	0.0	0.0	0.237106	0.0	0.0	0.0	0.0	0.031785	0.0	0.0	0.0	2925.01	0.0	0.0	0.0	0.0	0.000706	0.0	0.0	0.0	25.0001	0.0	0.0	0.0	0.0	5	0	0	0	55	0	0	0	0	0	0	0	0	1	0	0	0	0	12	0	0	0	61	0	0	0	0	5	0	0	0	0	0	0	0	0	1	0	0	0	0	0	0	0	0	22	0	0	0	0	0	0	0	0	0.049928	0.0	0.0	0.0	0.237106	0.0	0.0	0.0	0.0	0.173945	0.0	0.0	0.0	0.826055	0.0	0.0	0.0	0.0	
120	167	3052.628562518	8976.162	8976.162	0.28154	0.02867	45	0	0	0	118	0	0	0	0	0.049928	0.0	0.0	0.0	0.222755	0.0	0.0	0.0	0.0	0.031785	0.0	0.0	0.0	2938.79	0.0	0.0	0.0	0.0	0.000706	0.0	0.0	0.0	24.905	0.0	0.0	0.0	0.0	5	0	0	0	55	0	0	0	0	0	0	0	0	1	0	0	0	0	12	0	0	0	62	0	0	0	0	5	0	0	0	0	0	0	0	0	1	0	0	0	0	0	0	0	0	22	0	0	0	0	0	0	0	0	0.049928	0.0	0.0	0.0	0.222755	0.0	0.0	0.0	0.0	0.1831	0.0	0.0	0.0	0.8169	0.0	0.0	0.0	0.0	
121	168	3066.480210391	8976.162	8976.162	0.27414	0.026049	45	0	0	0	119	0	0	0	0	0.049928	0.0	0.0	0.0	0.209121	0.0	0.0	0.0	0.0	0.031785	0.0	0.0	0.0	2952.64	0.0	0.0	0.0	0.0	0.000706	0.0	0.0	0.0	24.8121	0.0	0.0	0.0	0.0	5	0	0	0	55	0	0	0	0	0	0	0	0	1	0	0	0	0	12	0	0	0	63	0	0	0	0	5	0	0	0	0	0	0	0	0	1	0	0	0	0	0	0	0	0	22	0	0	0	0	0	0	0	0	0.049928	0.0	0.0	0.0	0.209121	0.0	0.0	0.0	0.0	0.192737	0.0	0.0	0.0	0.807263	0.0	0.0	0.0	0.0	
122	169	3088.14970793	8975.324	8975.324	0.266899	0.023595	45	0	0	0	120	0	0	0	0	0.049928	0.0	0.0	0.0	0.258106	0.0	0.0	0.0	0.0	0.031785	0.0	0.0	0.0	2974.31	0.0	0.0	0.0	0.0	0.000706	0.0	0.0	0.0	24.7859	0.0	0.0	0.0	0.0	5	0	0	0	56	0	0	0	0	0	0	0	0	1	0	0	0	0	12	0	0	0	63	0	0	0	0	5	0	0	0	0	0	0	0	0	1	0	0	0	0	0	0	0	0	22	0	0	0	0	0	0	0	0	0.049928	0.0	0.0	0.0	0.258106	0.0	0.0	0.0	0.0	0.162087	0.0	0.0	0.0	0.837913	0.0	0.0	0.0	0.0	
123	170	3103.069452455	8975.324	8975.324	0.255953	0.020102	45	0	0	0	121	0	0	0	0	0.049928	0.0	0.0	0.0	0.242704	0.0	0.0	0.0	0.0	0.031785	0.0	0.0	0.0	2989.23	0.0	0.0	0.0	0.0	0.000706	0.0	0.0	0.0	24.7044	0.0	0.0	0.0	0.0	5	0	0	0	56	0	0	0	0	0	0	0	0	1	0	0	0	0	12	0	0	0	64	0	0	0	0	5	0	0	0	0	0	0	0	0	1	0	0	0	0	0	0	0	0	22	0	0	0	0	0	0	0	0	0.049928	0.0	0.0	0.0	0.242704	0.0	0.0	0.0	0.0	0.170618	0.0	0.0	0.0	0.829382	0.0	0.0	0.0	0.0	
124	171	3116.894670104	8975.324	8975.324	0.248679	0.01793	45	0	0	0	122	0	0	0	0	0.049928	0.0	0.0	0.0	0.228073	0.0	0.0	0.0	0.0	0.031785	0.0	0.0	0.0	3003.05	0.0	0.0	0.0	0.0	0.000706	0.0	0.0	0.0	24.6152	0.0	0.0	0.0	0.0	5	0	0	0	56	0	0	0	0	0	0	0	0	1	0	0	0	0	12	0	0	0	65	0	0	0	0	5	0	0	0	0	0	0	0	0	1	0	0	0	0	0	0	0	0	22	0	0	0	0	0	0	0	0	0.049928	0.0	0.0	0.0	0.228073	0.0	0.0	0.0	0.0	0.179598	0.0	0.0	0.0	0.820402	0.0	0.0	0.0	0.0	
125	173	3161.342802219	8975.324	8975.324	0.242122	0.016081	46	0	0	0	123	0	0	0	0	0.044936	0.0	0.0	0.0	0.214422	0.0	0.0	0.0	0.0	0.032642	0.0	0.0	0.0	3047.5	0.0	0.0	0.0	0.0	0.00071	0.0	0.0	0.0	24.7764	0.0	0.0	0.0	0.0	5	0	0	0	56	0	0	0	0	0	0	0	0	1	0	0	0	0	13	0	0	0	66	0	0	0	0	5	0	0	0	0	0	0	0	0	1	0	0	0	0	0	0	0	0	22	0	0	0	0	0	0	0	0	0.044936	0.0	0.0	0.0	0.214422	0.0	0.0	0.0	0.0	0.173257	0.0	0.0	0.0	0.826743	0.0	0.0	0.0	0.0	
126	175	3175.925778904	8975.324	8975.324	0.222193	0.011102	47	0	0	0	124	0	0	0	0	0.040442	0.0	0.0	0.0	0.201679	0.0	0.0	0.0	0.0	0.033174	0.0	0.0	0.0	3062.08	0.0	0.0	0.0	0.0	0.000706	0.0	0.0	0.0	24.6942	0.0	0.0	0.0	0.0	5	0	0	0	56	0	0	0	0	0	0	0	0	1	0	0	0	0	13	0	0	0	67	0	0	0	0	5	0	0	0	0	0	0	0	0	1	0	0	0	0	0	0	0	0	23	0	0	0	0	0	0	0	0	0.040442	0.0	0.0	0.0	0.201679	0.0	0.0	0.0	0.0	0.167032	0.0	0.0	0.0	0.832968	0.0	0.0	0.0	0.0	
127	176	3209.736477137	8975.324	8975.324	0.216019	0.009762	47	0	0	0	125	0	0	0	0	0.040442	0.0	0.0	0.0	0.189573	0.0	0.0	0.0	0.0	0.033174	0.0	0.0	0.0	3095.89	0.0	0.0	0.0	0.0	0.000706	0.0	0.0	0.0	24.7672	0.0	0.0	0.0	0.0	5	0	0	0	56	0	0	0	0	0	0	0	0	1	0	0	0	0	13	0	0	0	68	0	0	0	0	5	0	0	0	0	0	0	0	0	1	0	0	0	0	0	0	0	0	23	0	0	0	0	0	0	0	0	0.040442	0.0	0.0	0.0	0.189573	0.0	0.0	0.0	0.0	0.175823	0.0	0.0	0.0	0.824177	0.0	0.0	0.0	0.0	
128	177	3243.570873736	8975.324	8975.324	0.202355	0.007142	47	0	0	0	126	0	0	0	0	0.040442	0.0	0.0	0.0	0.178072	0.0	0.0	0.0	0.0	0.033174	0.0	0.0	0.0	3129.73	0.0	0.0	0.0	0.0	0.000706	0.0	0.0	0.0	24.8391	0.0	0.0	0.0	0.0	5	0	0	0	56	0	0	0	0	0	0	0	0	1	0	0	0	0	13	0	0	0	69	0	0	0	0	5	0	0	0	0	0	0	0	0	1	0	0	0	0	0	0	0	0	23	0	0	0	0	0	0	0	0	0.040442	0.0	0.0	0.0	0.178072	0.0	0.0	0.0	0.0	0.185077	0.0	0.0	0.0	0.814923	0.0	0.0	0.0	0.0	
129	178	3279.430641159	8972.324	8972.324	0.189547	0.005114	47	0	0	0	127	0	0	0	0	0.040442	0.0	0.0	0.0	0.228502	0.0	0.0	0.0	0.0	0.033174	0.0	0.0	0.0	3165.59	0.0	0.0	0.0	0.0	0.000706	0.0	0.0	0.0	24.9259	0.0	0.0	0.0	0.0	5	0	0	0	57	0	0	0	0	0	0	0	0	1	0	0	0	0	13	0	0	0	69	0	0	0	0	5	0	0	0	0	0	0	0	0	1	0	0	0	0	0	0	0	0	23	0	0	0	0	0	0	0	0	0.040442	0.0	0.0	0.0	0.228502	0.0	0.0	0.0	0.0	0.150373	0.0	0.0	0.0	0.849627	0.0	0.0	0.0	0.0	
130	179	3301.872735779	8972.324	8972.324	0.176857	0.003502	47	0	0	0	128	0	0	0	0	0.040442	0.0	0.0	0.0	0.215055	0.0	0.0	0.0	0.0	0.033174	0.0	0.0	0.0	3188.03	0.0	0.0	0.0	0.0	0.000706	0.0	0.0	0.0	24.9065	0.0	0.0	0.0	0.0	5	0	0	0	57	0	0	0	0	0	0	0	0	1	0	0	0	0	13	0	0	0	70	0	0	0	0	5	0	0	0	0	0	0	0	0	1	0	0	0	0	0	0	0	0	23	0	0	0	0	0	0	0	0	0.040442	0.0	0.0	0.0	0.215055	0.0	0.0	0.0	0.0	0.158288	0.0	0.0	0.0	0.841712	0.0	0.0	0.0	0.0	
131	180	3319.162397966	8972.324	8972.324	0.16935	0.002726	47	0	0	0	129	0	0	0	0	0.040442	0.0	0.0	0.0	0.20228	0.0	0.0	0.0	0.0	0.033174	0.0	0.0	0.0	3205.32	0.0	0.0	0.0	0.0	0.000706	0.0	0.0	0.0	24.8474	0.0	0.0	0.0	0.0	5	0	0	0	57	0	0	0	0	0	0	0	0	1	0	0	0	0	13	0	0	0	71	0	0	0	0	5	0	0	0	0	0	0	0	0	1	0	0	0	0	0	0	0	0	23	0	0	0	0	0	0	0	0	0.040442	0.0	0.0	0.0	0.20228	0.0	0.0	0.0	0.0	0.166618	0.0	0.0	0.0	0.833382	0.0	0.0	0.0	0.0	
132	181	3339.001200897	8972.324	8972.324	0.163785	0.00223	47	0	0	0	130	0	0	0	0	0.040442	0.0	0.0	0.0	0.190144	0.0	0.0	0.0	0.0	0.033174	0.0	0.0	0.0	3225.16	0.0	0.0	0.0	0.0	0.000706	0.0	0.0	0.0	24.8089	0.0	0.0	0.0	0.0	5	0	0	0	57	0	0	0	0	0	0	0	0	1	0	0	0	0	13	0	0	0	72	0	0	0	0	5	0	0	0	0	0	0	0	0	1	0	0	0	0	0	0	0	0	23	0	0	0	0	0	0	0	0	0.040442	0.0	0.0	0.0	0.190144	0.0	0.0	0.0	0.0	0.175388	0.0	0.0	0.0	0.824612	0.0	0.0	0.0	0.0	
133	182	3364.63653284	8969.324	8969.324	0.157625	0.001757	47	0	0	0	131	0	0	0	0	0.040442	0.0	0.0	0.0	0.239249	0.0	0.0	0.0	0.0	0.033174	0.0	0.0	0.0	3250.79	0.0	0.0	0.0	0.0	0.000706	0.0	0.0	0.0	24.8152	0.0	0.0	0.0	0.0	5	0	0	0	58	0	0	0	0	0	0	0	0	1	0	0	0	0	13	0	0	0	72	0	0	0	0	5	0	0	0	0	0	0	0	0	1	0	0	0	0	0	0	0	0	23	0	0	0	0	0	0	0	0	0.040442	0.0	0.0	0.0	0.239249	0.0	0.0	0.0	0.0	0.144595	0.0	0.0	0.0	0.855405	0.0	0.0	0.0	0.0	
134	183	3396.656504499	8969.324	8969.324	0.150006	0.001273	47	0	0	0	132	0	0	0	0	0.040442	0.0	0.0	0.0	0.225265	0.0	0.0	0.0	0.0	0.033174	0.0	0.0	0.0	3282.81	0.0	0.0	0.0	0.0	0.000706	0.0	0.0	0.0	24.8698	0.0	0.0	0.0	0.0	5	0	0	0	58	0	0	0	0	0	0	0	0	1	0	0	0	0	13	0	0	0	73	0	0	0	0	5	0	0	0	0	0	0	0	0	1	0	0	0	0	0	0	0	0	23	0	0	0	0	0	0	0	0	0.040442	0.0	0.0	0.0	0.225265	0.0	0.0	0.0	0.0	0.152205	0.0	0.0	0.0	0.847795	0.0	0.0	0.0	0.0	
135	184	3421.670120763	8969.324	8969.324	0.141005	0.000832	47	0	0	0	133	0	0	0	0	0.040442	0.0	0.0	0.0	0.211979	0.0	0.0	0.0	0.0	0.033174	0.0	0.0	0.0	3307.83	0.0	0.0	0.0	0.0	0.000706	0.0	0.0	0.0	24.8709	0.0	0.0	0.0	0.0	5	0	0	0	58	0	0	0	0	0	0	0	0	1	0	0	0	0	13	0	0	0	74	0	0	0	0	5	0	0	0	0	0	0	0	0	1	0	0	0	0	0	0	0	0	23	0	0	0	0	0	0	0	0	0.040442	0.0	0.0	0.0	0.211979	0.0	0.0	0.0	0.0	0.160216	0.0	0.0	0.0	0.839784	0.0	0.0	0.0	0.0	
136	185	3440.269244141	8969.324	8969.324	0.134351	0.000585	47	0	0	0	134	0	0	0	0	0.040442	0.0	0.0	0.0	0.199358	0.0	0.0	0.0	0.0	0.033174	0.0	0.0	0.0	3326.43	0.0	0.0	0.0	0.0	0.000706	0.0	0.0	0.0	24.8241	0.0	0.0	0.0	0.0	5	0	0	0	58	0	0	0	0	0	0	0	0	1	0	0	0	0	13	0	0	0	75	0	0	0	0	5	0	0	0	0	0	0	0	0	1	0	0	0	0	0	0	0	0	23	0	0	0	0	0	0	0	0	0.040442	0.0	0.0	0.0	0.199358	0.0	0.0	0.0	0.0	0.168649	0.0	0.0	0.0	0.831351	0.0	0.0	0.0	0.0	
137	186	3458.401545321	8969.029	8969.029	0.129608	0.000446	47	0	0	0	135	0	0	0	0	0.040442	0.0	0.0	0.0	0.247511	0.0	0.0	0.0	0.0	0.033174	0.0	0.0	0.0	3344.56	0.0	0.0	0.0	0.0	0.000706	0.0	0.0	0.0	24.7745	0.0	0.0	0.0	0.0	5	0	0	0	59	0	0	0	0	0	0	0	0	1	0	0	0	0	13	0	0	0	75	0	0	0	0	5	0	0	0	0	0	0	0	0	1	0	0	0	0	0	0	0	0	23	0	0	0	0	0	0	0	0	0.040442	0.0	0.0	0.0	0.247511	0.0	0.0	0.0	0.0	0.140446	0.0	0.0	0.0	0.859554	0.0	0.0	0.0	0.0	
138	188	3474.912699895	8969.029	8969.029	0.125145	0.000339	48	0	0	0	136	0	0	0	0	0.036398	0.0	0.0	0.0	0.233316	0.0	0.0	0.0	0.0	0.033669	0.0	0.0	0.0	3361.07	0.0	0.0	0.0	0.0	0.000701	0.0	0.0	0.0	24.7137	0.0	0.0	0.0	0.0	5	0	0	0	59	0	0	0	0	0	0	0	0	1	0	0	0	0	13	0	0	0	76	0	0	0	0	5	0	0	0	0	0	0	0	0	1	0	0	0	0	0	0	0	0	24	0	0	0	0	0	0	0	0	0.036398	0.0	0.0	0.0	0.233316	0.0	0.0	0.0	0.0	0.13495	0.0	0.0	0.0	0.86505	0.0	0.0	0.0	0.0	
139	189	3517.028483136	8969.029	8969.029	0.121215	0.000261	48	0	0	0	137	0	0	0	0	0.036398	0.0	0.0	0.0	0.21983	0.0	0.0	0.0	0.0	0.033669	0.0	0.0	0.0	3403.19	0.0	0.0	0.0	0.0	0.000701	0.0	0.0	0.0	24.8408	0.0	0.0	0.0	0.0	5	0	0	0	59	0	0	0	0	0	0	0	0	1	0	0	0	0	13	0	0	0	77	0	0	0	0	5	0	0	0	0	0	0	0	0	1	0	0	0	0	0	0	0	0	24	0	0	0	0	0	0	0	0	0.036398	0.0	0.0	0.0	0.21983	0.0	0.0	0.0	0.0	0.142052	0.0	0.0	0.0	0.857948	0.0	0.0	0.0	0.0	
140	190	3533.778409179	8969.029	8969.029	0.11174	0.00013	48	0	0	0	138	0	0	0	0	0.036398	0.0	0.0	0.0	0.207019	0.0	0.0	0.0	0.0	0.033669	0.0	0.0	0.0	3419.94	0.0	0.0	0.0	0.0	0.000701	0.0	0.0	0.0	24.7821	0.0	0.0	0.0	0.0	5	0	0	0	59	0	0	0	0	0	0	0	0	1	0	0	0	0	13	0	0	0	78	0	0	0	0	5	0	0	0	0	0	0	0	0	1	0	0	0	0	0	0	0	0	24	0	0	0	0	0	0	0	0	0.036398	0.0	0.0	0.0	0.207019	0.0	0.0	0.0	0.0	0.149529	0.0	0.0	0.0	0.850471	0.0	0.0	0.0	0.0	
141	191	3548.243794553	8969.029	8969.029	0.108181	9.7e-5	48	0	0	0	139	0	0	0	0	0.036398	0.0	0.0	0.0	0.194848	0.0	0.0	0.0	0.0	0.033669	0.0	0.0	0.0	3434.4	0.0	0.0	0.0	0.0	0.000701	0.0	0.0	0.0	24.7079	0.0	0.0	0.0	0.0	5	0	0	0	59	0	0	0	0	0	0	0	0	1	0	0	0	0	13	0	0	0	79	0	0	0	0	5	0	0	0	0	0	0	0	0	1	0	0	0	0	0	0	0	0	24	0	0	0	0	0	0	0	0	0.036398	0.0	0.0	0.0	0.194848	0.0	0.0	0.0	0.0	0.157399	0.0	0.0	0.0	0.842601	0.0	0.0	0.0	0.0	
142	192	3580.548193419	8969.029	8969.029	0.105199	7.4e-5	48	0	0	0	140	0	0	0	0	0.036398	0.0	0.0	0.0	0.183286	0.0	0.0	0.0	0.0	0.033669	0.0	0.0	0.0	3466.71	0.0	0.0	0.0	0.0	0.000701	0.0	0.0	0.0	24.7622	0.0	0.0	0.0	0.0	5	0	0	0	59	0	0	0	0	0	0	0	0	1	0	0	0	0	13	0	0	0	80	0	0	0	0	5	0	0	0	0	0	0	0	0	1	0	0	0	0	0	0	0	0	24	0	0	0	0	0	0	0	0	0.036398	0.0	0.0	0.0	0.183286	0.0	0.0	0.0	0.0	0.165683	0.0	0.0	0.0	0.834317	0.0	0.0	0.0	0.0	
143	193	3594.263936119	8969.029	8969.029	0.098832	4.0e-5	48	0	0	0	141	0	0	0	0	0.036398	0.0	0.0	0.0	0.172301	0.0	0.0	0.0	0.0	0.033669	0.0	0.0	0.0	3480.42	0.0	0.0	0.0	0.0	0.000701	0.0	0.0	0.0	24.6838	0.0	0.0	0.0	0.0	5	0	0	0	59	0	0	0	0	0	0	0	0	1	0	0	0	0	13	0	0	0	81	0	0	0	0	5	0	0	0	0	0	0	0	0	1	0	0	0	0	0	0	0	0	24	0	0	0	0	0	0	0	0	0.036398	0.0	0.0	0.0	0.172301	0.0	0.0	0.0	0.0	0.174403	0.0	0.0	0.0	0.825597	0.0	0.0	0.0	0.0	
144	194	3618.019217832	8956.191	8956.191	0.096247	3.1e-5	48	0	0	0	142	0	0	0	0	0.036398	0.0	0.0	0.0	0.222429	0.0	0.0	0.0	0.0	0.033669	0.0	0.0	0.0	3504.18	0.0	0.0	0.0	0.0	0.000701	0.0	0.0	0.0	24.6773	0.0	0.0	0.0	0.0	5	0	0	0	60	0	0	0	0	0	0	0	0	1	0	0	0	0	13	0	0	0	81	0	0	0	0	5	0	0	0	0	0	0	0	0	1	0	0	0	0	0	0	0	0	24	0	0	0	0	0	0	0	0	0.036398	0.0	0.0	0.0	0.222429	0.0	0.0	0.0	0.0	0.140626	0.0	0.0	0.0	0.859374	0.0	0.0	0.0	0.0	
145	197	3632.550743621	8956.191	8956.191	0.091928	1.9e-5	50	0	0	0	143	0	0	0	0	0.029482	0.0	0.0	0.0	0.209833	0.0	0.0	0.0	0.0	0.034311	0.0	0.0	0.0	3518.71	0.0	0.0	0.0	0.0	0.000686	0.0	0.0	0.0	24.6063	0.0	0.0	0.0	0.0	5	0	0	0	60	0	0	0	0	0	0	0	0	1	0	0	0	0	13	0	0	0	82	0	0	0	0	5	0	0	0	0	0	0	0	0	1	0	0	0	0	0	0	0	0	26	0	0	0	0	0	0	0	0	0.029482	0.0	0.0	0.0	0.209833	0.0	0.0	0.0	0.0	0.123194	0.0	0.0	0.0	0.876806	0.0	0.0	0.0	0.0	
146	198	3657.646539334	8952.691	8952.691	0.089383	1.4e-5	50	0	0	0	144	0	0	0	0	0.029482	0.0	0.0	0.0	0.254893	0.0	0.0	0.0	0.0	0.034311	0.0	0.0	0.0	3543.8	0.0	0.0	0.0	0.0	0.000686	0.0	0.0	0.0	24.6097	0.0	0.0	0.0	0.0	5	0	0	0	61	0	0	0	0	0	0	0	0	1	0	0	0	0	13	0	0	0	82	0	0	0	0	5	0	0	0	0	0	0	0	0	1	0	0	0	0	0	0	0	0	26	0	0	0	0	0	0	0	0	0.029482	0.0	0.0	0.0	0.254893	0.0	0.0	0.0	0.0	0.103674	0.0	0.0	0.0	0.896326	0.0	0.0	0.0	0.0	
147	199	3696.648208917	8946.691	8946.691	0.085151	8.0e-6	50	0	0	0	145	0	0	0	0	0.029482	0.0	0.0	0.0	0.296457	0.0	0.0	0.0	0.0	0.034311	0.0	0.0	0.0	3582.8	0.0	0.0	0.0	0.0	0.000686	0.0	0.0	0.0	24.709	0.0	0.0	0.0	0.0	5	0	0	0	62	0	0	0	0	0	0	0	0	1	0	0	0	0	13	0	0	0	82	0	0	0	0	5	0	0	0	0	0	0	0	0	1	0	0	0	0	0	0	0	0	26	0	0	0	0	0	0	0	0	0.029482	0.0	0.0	0.0	0.296457	0.0	0.0	0.0	0.0	0.090453	0.0	0.0	0.0	0.909547	0.0	0.0	0.0	0.0	
148	201	3712.551090106	8946.691	8946.691	0.078969	3.0e-6	51	0	0	0	146	0	0	0	0	0.026534	0.0	0.0	0.0	0.280307	0.0	0.0	0.0	0.0	0.035191	0.0	0.0	0.0	3598.71	0.0	0.0	0.0	0.0	0.00069	0.0	0.0	0.0	24.6487	0.0	0.0	0.0	0.0	5	0	0	0	62	0	0	0	0	0	0	0	0	1	0	0	0	0	13	0	0	0	83	0	0	0	0	6	0	0	0	0	0	0	0	0	1	0	0	0	0	0	0	0	0	26	0	0	0	0	0	0	0	0	0.026534	0.0	0.0	0.0	0.280307	0.0	0.0	0.0	0.0	0.086474	0.0	0.0	0.0	0.913525	0.0	0.0	0.0	0.0	
149	202	3731.514475365	8935.5	8935.5	0.076579	2.0e-6	51	0	0	0	147	0	0	0	0	0.026534	0.0	0.0	0.0	0.319698	0.0	0.0	0.0	0.0	0.035191	0.0	0.0	0.0	3617.67	0.0	0.0	0.0	0.0	0.00069	0.0	0.0	0.0	24.61	0.0	0.0	0.0	0.0	5	0	0	0	63	0	0	0	0	0	0	0	0	1	0	0	0	0	13	0	0	0	83	0	0	0	0	6	0	0	0	0	0	0	0	0	1	0	0	0	0	0	0	0	0	26	0	0	0	0	0	0	0	0	0.026534	0.0	0.0	0.0	0.319698	0.0	0.0	0.0	0.0	0.076636	0.0	0.0	0.0	0.923364	0.0	0.0	0.0	0.0	
150	203	3749.411121506	8935.5	8935.5	0.073823	1.0e-6	51	0	0	0	148	0	0	0	0	0.026534	0.0	0.0	0.0	0.302387	0.0	0.0	0.0	0.0	0.035191	0.0	0.0	0.0	3635.57	0.0	0.0	0.0	0.0	0.00069	0.0	0.0	0.0	24.5646	0.0	0.0	0.0	0.0	5	0	0	0	63	0	0	0	0	0	0	0	0	1	0	0	0	0	13	0	0	0	84	0	0	0	0	6	0	0	0	0	0	0	0	0	1	0	0	0	0	0	0	0	0	26	0	0	0	0	0	0	0	0	0.026534	0.0	0.0	0.0	0.302387	0.0	0.0	0.0	0.0	0.08067	0.0	0.0	0.0	0.91933	0.0	0.0	0.0	0.0	
151	204	3778.032437555	8935.5	8935.5	0.071314	1.0e-6	51	0	0	0	149	0	0	0	0	0.026534	0.0	0.0	0.0	0.285941	0.0	0.0	0.0	0.0	0.035191	0.0	0.0	0.0	3664.19	0.0	0.0	0.0	0.0	0.00069	0.0	0.0	0.0	24.5919	0.0	0.0	0.0	0.0	5	0	0	0	63	0	0	0	0	0	0	0	0	1	0	0	0	0	13	0	0	0	85	0	0	0	0	6	0	0	0	0	0	0	0	0	1	0	0	0	0	0	0	0	0	26	0	0	0	0	0	0	0	0	0.026534	0.0	0.0	0.0	0.285941	0.0	0.0	0.0	0.0	0.084916	0.0	0.0	0.0	0.915084	0.0	0.0	0.0	0.0	
152	205	3791.698499681	8935.5	8935.5	0.067476	0.0	51	0	0	0	150	0	0	0	0	0.026534	0.0	0.0	0.0	0.270317	0.0	0.0	0.0	0.0	0.035191	0.0	0.0	0.0	3677.85	0.0	0.0	0.0	0.0	0.00069	0.0	0.0	0.0	24.519	0.0	0.0	0.0	0.0	5	0	0	0	63	0	0	0	0	0	0	0	0	1	0	0	0	0	13	0	0	0	86	0	0	0	0	6	0	0	0	0	0	0	0	0	1	0	0	0	0	0	0	0	0	26	0	0	0	0	0	0	0	0	0.026534	0.0	0.0	0.0	0.270317	0.0	0.0	0.0	0.0	0.089385	0.0	0.0	0.0	0.910615	0.0	0.0	0.0	0.0	
153	206	3811.298947423	8933.5	8933.5	0.065718	0.0	51	0	0	0	151	0	0	0	0	0.026534	0.0	0.0	0.0	0.310382	0.0	0.0	0.0	0.0	0.035191	0.0	0.0	0.0	3697.45	0.0	0.0	0.0	0.0	0.00069	0.0	0.0	0.0	24.4865	0.0	0.0	0.0	0.0	5	0	0	0	64	0	0	0	0	0	0	0	0	1	0	0	0	0	13	0	0	0	86	0	0	0	0	6	0	0	0	0	0	0	0	0	1	0	0	0	0	0	0	0	0	26	0	0	0	0	0	0	0	0	0.026534	0.0	0.0	0.0	0.310382	0.0	0.0	0.0	0.0	0.078755	0.0	0.0	0.0	0.921245	0.0	0.0	0.0	0.0	
154	207	3826.230033174	8933.5	8933.5	0.063275	0.0	51	0	0	0	152	0	0	0	0	0.026534	0.0	0.0	0.0	0.293537	0.0	0.0	0.0	0.0	0.035191	0.0	0.0	0.0	3712.39	0.0	0.0	0.0	0.0	0.00069	0.0	0.0	0.0	24.4236	0.0	0.0	0.0	0.0	5	0	0	0	64	0	0	0	0	0	0	0	0	1	0	0	0	0	13	0	0	0	87	0	0	0	0	6	0	0	0	0	0	0	0	0	1	0	0	0	0	0	0	0	0	26	0	0	0	0	0	0	0	0	0.026534	0.0	0.0	0.0	0.293537	0.0	0.0	0.0	0.0	0.0829	0.0	0.0	0.0	0.9171	0.0	0.0	0.0	0.0	
155	208	3839.814350776	8933.5	8933.5	0.061475	0.0	51	0	0	0	153	0	0	0	0	0.026534	0.0	0.0	0.0	0.277533	0.0	0.0	0.0	0.0	0.035191	0.0	0.0	0.0	3725.97	0.0	0.0	0.0	0.0	0.00069	0.0	0.0	0.0	24.3527	0.0	0.0	0.0	0.0	5	0	0	0	64	0	0	0	0	0	0	0	0	1	0	0	0	0	13	0	0	0	88	0	0	0	0	6	0	0	0	0	0	0	0	0	1	0	0	0	0	0	0	0	0	26	0	0	0	0	0	0	0	0	0.026534	0.0	0.0	0.0	0.277533	0.0	0.0	0.0	0.0	0.087264	0.0	0.0	0.0	0.912736	0.0	0.0	0.0	0.0	
156	209	3858.748304654	8933.5	8933.5	0.059882	0.0	51	0	0	0	154	0	0	0	0	0.026534	0.0	0.0	0.0	0.26233	0.0	0.0	0.0	0.0	0.035191	0.0	0.0	0.0	3744.9	0.0	0.0	0.0	0.0	0.00069	0.0	0.0	0.0	24.3176	0.0	0.0	0.0	0.0	5	0	0	0	64	0	0	0	0	0	0	0	0	1	0	0	0	0	13	0	0	0	89	0	0	0	0	6	0	0	0	0	0	0	0	0	1	0	0	0	0	0	0	0	0	26	0	0	0	0	0	0	0	0	0.026534	0.0	0.0	0.0	0.26233	0.0	0.0	0.0	0.0	0.091856	0.0	0.0	0.0	0.908144	0.0	0.0	0.0	0.0	
157	210	3877.820391276	8933.5	8933.5	0.057731	0.0	51	0	0	0	155	0	0	0	0	0.026534	0.0	0.0	0.0	0.247887	0.0	0.0	0.0	0.0	0.035191	0.0	0.0	0.0	3763.98	0.0	0.0	0.0	0.0	0.00069	0.0	0.0	0.0	24.2837	0.0	0.0	0.0	0.0	5	0	0	0	64	0	0	0	0	0	0	0	0	1	0	0	0	0	13	0	0	0	90	0	0	0	0	6	0	0	0	0	0	0	0	0	1	0	0	0	0	0	0	0	0	26	0	0	0	0	0	0	0	0	0.026534	0.0	0.0	0.0	0.247887	0.0	0.0	0.0	0.0	0.096691	0.0	0.0	0.0	0.903309	0.0	0.0	0.0	0.0	
158	211	3891.424633377	8933.5	8933.5	0.055642	0.0	51	0	0	0	156	0	0	0	0	0.026534	0.0	0.0	0.0	0.234166	0.0	0.0	0.0	0.0	0.035191	0.0	0.0	0.0	3777.58	0.0	0.0	0.0	0.0	0.00069	0.0	0.0	0.0	24.2153	0.0	0.0	0.0	0.0	5	0	0	0	64	0	0	0	0	0	0	0	0	1	0	0	0	0	13	0	0	0	91	0	0	0	0	6	0	0	0	0	0	0	0	0	1	0	0	0	0	0	0	0	0	26	0	0	0	0	0	0	0	0	0.026534	0.0	0.0	0.0	0.234166	0.0	0.0	0.0	0.0	0.10178	0.0	0.0	0.0	0.89822	0.0	0.0	0.0	0.0	
159	212	3910.311798637	8932.5	8932.5	0.054198	0.0	51	0	0	0	157	0	0	0	0	0.026534	0.0	0.0	0.0	0.276796	0.0	0.0	0.0	0.0	0.035191	0.0	0.0	0.0	3796.47	0.0	0.0	0.0	0.0	0.00069	0.0	0.0	0.0	24.1813	0.0	0.0	0.0	0.0	5	0	0	0	65	0	0	0	0	0	0	0	0	1	0	0	0	0	13	0	0	0	91	0	0	0	0	6	0	0	0	0	0	0	0	0	1	0	0	0	0	0	0	0	0	26	0	0	0	0	0	0	0	0	0.026534	0.0	0.0	0.0	0.276796	0.0	0.0	0.0	0.0	0.087476	0.0	0.0	0.0	0.912524	0.0	0.0	0.0	0.0	
160	213	3928.798029211	8931.5	8931.5	0.052256	0.0	51	0	0	0	158	0	0	0	0	0.026534	0.0	0.0	0.0	0.316423	0.0	0.0	0.0	0.0	0.035191	0.0	0.0	0.0	3814.95	0.0	0.0	0.0	0.0	0.00069	0.0	0.0	0.0	24.1453	0.0	0.0	0.0	0.0	5	0	0	0	66	0	0	0	0	0	0	0	0	1	0	0	0	0	13	0	0	0	91	0	0	0	0	6	0	0	0	0	0	0	0	0	1	0	0	0	0	0	0	0	0	26	0	0	0	0	0	0	0	0	0.026534	0.0	0.0	0.0	0.316423	0.0	0.0	0.0	0.0	0.077368	0.0	0.0	0.0	0.922632	0.0	0.0	0.0	0.0	
161	214	3942.421273237	8931.5	8931.5	0.050422	0.0	51	0	0	0	159	0	0	0	0	0.026534	0.0	0.0	0.0	0.299275	0.0	0.0	0.0	0.0	0.035191	0.0	0.0	0.0	3828.58	0.0	0.0	0.0	0.0	0.00069	0.0	0.0	0.0	24.0791	0.0	0.0	0.0	0.0	5	0	0	0	66	0	0	0	0	0	0	0	0	1	0	0	0	0	13	0	0	0	92	0	0	0	0	6	0	0	0	0	0	0	0	0	1	0	0	0	0	0	0	0	0	26	0	0	0	0	0	0	0	0	0.026534	0.0	0.0	0.0	0.299275	0.0	0.0	0.0	0.0	0.08144	0.0	0.0	0.0	0.91856	0.0	0.0	0.0	0.0	
162	215	3956.145789276	8931.5	8931.5	0.049112	0.0	51	0	0	0	160	0	0	0	0	0.026534	0.0	0.0	0.0	0.282984	0.0	0.0	0.0	0.0	0.035191	0.0	0.0	0.0	3842.3	0.0	0.0	0.0	0.0	0.00069	0.0	0.0	0.0	24.0144	0.0	0.0	0.0	0.0	5	0	0	0	66	0	0	0	0	0	0	0	0	1	0	0	0	0	13	0	0	0	93	0	0	0	0	6	0	0	0	0	0	0	0	0	1	0	0	0	0	0	0	0	0	26	0	0	0	0	0	0	0	0	0.026534	0.0	0.0	0.0	0.282984	0.0	0.0	0.0	0.0	0.085727	0.0	0.0	0.0	0.914273	0.0	0.0	0.0	0.0	
163	216	3975.253410498	8931.5	8931.5	0.047826	0.0	51	0	0	0	161	0	0	0	0	0.026534	0.0	0.0	0.0	0.267509	0.0	0.0	0.0	0.0	0.035191	0.0	0.0	0.0	3861.41	0.0	0.0	0.0	0.0	0.00069	0.0	0.0	0.0	23.9839	0.0	0.0	0.0	0.0	5	0	0	0	66	0	0	0	0	0	0	0	0	1	0	0	0	0	13	0	0	0	94	0	0	0	0	6	0	0	0	0	0	0	0	0	1	0	0	0	0	0	0	0	0	26	0	0	0	0	0	0	0	0	0.026534	0.0	0.0	0.0	0.267509	0.0	0.0	0.0	0.0	0.090238	0.0	0.0	0.0	0.909761	0.0	0.0	0.0	0.0	
164	218	3991.39361331	8923.5	8923.5	0.046092	0.0	52	0	0	0	162	0	0	0	0	0.023881	0.0	0.0	0.0	0.307403	0.0	0.0	0.0	0.0	0.035734	0.0	0.0	0.0	3877.55	0.0	0.0	0.0	0.0	0.000687	0.0	0.0	0.0	23.9355	0.0	0.0	0.0	0.0	5	0	0	0	67	0	0	0	0	0	0	0	0	1	0	0	0	0	13	0	0	0	94	0	0	0	0	6	0	0	0	0	0	0	0	0	1	0	0	0	0	0	0	0	0	27	0	0	0	0	0	0	0	0	0.023881	0.0	0.0	0.0	0.307403	0.0	0.0	0.0	0.0	0.072085	0.0	0.0	0.0	0.927915	0.0	0.0	0.0	0.0	
165	219	4008.42847666	8923.5	8923.5	0.044677	0.0	52	0	0	0	163	0	0	0	0	0.023881	0.0	0.0	0.0	0.290838	0.0	0.0	0.0	0.0	0.035734	0.0	0.0	0.0	3894.58	0.0	0.0	0.0	0.0	0.000687	0.0	0.0	0.0	23.8931	0.0	0.0	0.0	0.0	5	0	0	0	67	0	0	0	0	0	0	0	0	1	0	0	0	0	13	0	0	0	95	0	0	0	0	6	0	0	0	0	0	0	0	0	1	0	0	0	0	0	0	0	0	27	0	0	0	0	0	0	0	0	0.023881	0.0	0.0	0.0	0.290838	0.0	0.0	0.0	0.0	0.075879	0.0	0.0	0.0	0.924121	0.0	0.0	0.0	0.0	
166	220	4028.413017537	8923.5	8923.5	0.04323	0.0	52	0	0	0	164	0	0	0	0	0.023881	0.0	0.0	0.0	0.275102	0.0	0.0	0.0	0.0	0.035734	0.0	0.0	0.0	3914.57	0.0	0.0	0.0	0.0	0.000687	0.0	0.0	0.0	23.8693	0.0	0.0	0.0	0.0	5	0	0	0	67	0	0	0	0	0	0	0	0	1	0	0	0	0	13	0	0	0	96	0	0	0	0	6	0	0	0	0	0	0	0	0	1	0	0	0	0	0	0	0	0	27	0	0	0	0	0	0	0	0	0.023881	0.0	0.0	0.0	0.275102	0.0	0.0	0.0	0.0	0.079873	0.0	0.0	0.0	0.920127	0.0	0.0	0.0	0.0	
167	221	4045.728721811	8923.5	8923.5	0.041592	0.0	52	0	0	0	165	0	0	0	0	0.023881	0.0	0.0	0.0	0.260153	0.0	0.0	0.0	0.0	0.035734	0.0	0.0	0.0	3931.88	0.0	0.0	0.0	0.0	0.000687	0.0	0.0	0.0	23.8296	0.0	0.0	0.0	0.0	5	0	0	0	67	0	0	0	0	0	0	0	0	1	0	0	0	0	13	0	0	0	97	0	0	0	0	6	0	0	0	0	0	0	0	0	1	0	0	0	0	0	0	0	0	27	0	0	0	0	0	0	0	0	0.023881	0.0	0.0	0.0	0.260153	0.0	0.0	0.0	0.0	0.084076	0.0	0.0	0.0	0.915924	0.0	0.0	0.0	0.0	
168	222	4065.529028545	8923.0	8923.0	0.040223	0.0	52	0	0	0	166	0	0	0	0	0.023881	0.0	0.0	0.0	0.300541	0.0	0.0	0.0	0.0	0.035734	0.0	0.0	0.0	3951.68	0.0	0.0	0.0	0.0	0.000687	0.0	0.0	0.0	23.8053	0.0	0.0	0.0	0.0	5	0	0	0	68	0	0	0	0	0	0	0	0	1	0	0	0	0	13	0	0	0	97	0	0	0	0	6	0	0	0	0	0	0	0	0	1	0	0	0	0	0	0	0	0	27	0	0	0	0	0	0	0	0	0.023881	0.0	0.0	0.0	0.300541	0.0	0.0	0.0	0.0	0.07361	0.0	0.0	0.0	0.92639	0.0	0.0	0.0	0.0	
169	223	4085.099541931	8923.0	8923.0	0.038713	0.0	52	0	0	0	167	0	0	0	0	0.023881	0.0	0.0	0.0	0.28432	0.0	0.0	0.0	0.0	0.035734	0.0	0.0	0.0	3971.25	0.0	0.0	0.0	0.0	0.000687	0.0	0.0	0.0	23.78	0.0	0.0	0.0	0.0	5	0	0	0	68	0	0	0	0	0	0	0	0	1	0	0	0	0	13	0	0	0	98	0	0	0	0	6	0	0	0	0	0	0	0	0	1	0	0	0	0	0	0	0	0	27	0	0	0	0	0	0	0	0	0.023881	0.0	0.0	0.0	0.28432	0.0	0.0	0.0	0.0	0.077484	0.0	0.0	0.0	0.922516	0.0	0.0	0.0	0.0	
170	224	4100.976217864	8923.0	8923.0	0.037276	0.0	52	0	0	0	168	0	0	0	0	0.023881	0.0	0.0	0.0	0.26891	0.0	0.0	0.0	0.0	0.035734	0.0	0.0	0.0	3987.13	0.0	0.0	0.0	0.0	0.000687	0.0	0.0	0.0	23.7329	0.0	0.0	0.0	0.0	5	0	0	0	68	0	0	0	0	0	0	0	0	1	0	0	0	0	13	0	0	0	99	0	0	0	0	6	0	0	0	0	0	0	0	0	1	0	0	0	0	0	0	0	0	27	0	0	0	0	0	0	0	0	0.023881	0.0	0.0	0.0	0.26891	0.0	0.0	0.0	0.0	0.081562	0.0	0.0	0.0	0.918438	0.0	0.0	0.0	0.0	
171	225	4122.305172774	8923.0	8923.0	0.03615	0.0	52	0	0	0	169	0	0	0	0	0.023881	0.0	0.0	0.0	0.254271	0.0	0.0	0.0	0.0	0.035734	0.0	0.0	0.0	4008.46	0.0	0.0	0.0	0.0	0.000687	0.0	0.0	0.0	23.7187	0.0	0.0	0.0	0.0	5	0	0	0	68	0	0	0	0	0	0	0	0	1	0	0	0	0	13	0	0	0	100	0	0	0	0	6	0	0	0	0	0	0	0	0	1	0	0	0	0	0	0	0	0	27	0	0	0	0	0	0	0	0	0.023881	0.0	0.0	0.0	0.254271	0.0	0.0	0.0	0.0	0.085855	0.0	0.0	0.0	0.914145	0.0	0.0	0.0	0.0	
172	226	4144.347866417	8923.0	8923.0	0.03469	0.0	52	0	0	0	170	0	0	0	0	0.023881	0.0	0.0	0.0	0.240363	0.0	0.0	0.0	0.0	0.035734	0.0	0.0	0.0	4030.5	0.0	0.0	0.0	0.0	0.000687	0.0	0.0	0.0	23.7088	0.0	0.0	0.0	0.0	5	0	0	0	68	0	0	0	0	0	0	0	0	1	0	0	0	0	13	0	0	0	101	0	0	0	0	6	0	0	0	0	0	0	0	0	1	0	0	0	0	0	0	0	0	27	0	0	0	0	0	0	0	0	0.023881	0.0	0.0	0.0	0.240363	0.0	0.0	0.0	0.0	0.090373	0.0	0.0	0.0	0.909627	0.0	0.0	0.0	0.0	
173	227	4172.723556322	8923.0	8923.0	0.033244	0.0	52	0	0	0	171	0	0	0	0	0.023881	0.0	0.0	0.0	0.227151	0.0	0.0	0.0	0.0	0.035734	0.0	0.0	0.0	4058.88	0.0	0.0	0.0	0.0	0.000687	0.0	0.0	0.0	23.7361	0.0	0.0	0.0	0.0	5	0	0	0	68	0	0	0	0	0	0	0	0	1	0	0	0	0	13	0	0	0	102	0	0	0	0	6	0	0	0	0	0	0	0	0	1	0	0	0	0	0	0	0	0	27	0	0	0	0	0	0	0	0	0.023881	0.0	0.0	0.0	0.227151	0.0	0.0	0.0	0.0	0.09513	0.0	0.0	0.0	0.90487	0.0	0.0	0.0	0.0	
174	228	4195.173019648	8923.0	8923.0	0.03147	0.0	52	0	0	0	172	0	0	0	0	0.023881	0.0	0.0	0.0	0.214599	0.0	0.0	0.0	0.0	0.035734	0.0	0.0	0.0	4081.33	0.0	0.0	0.0	0.0	0.000687	0.0	0.0	0.0	23.7286	0.0	0.0	0.0	0.0	5	0	0	0	68	0	0	0	0	0	0	0	0	1	0	0	0	0	13	0	0	0	103	0	0	0	0	6	0	0	0	0	0	0	0	0	1	0	0	0	0	0	0	0	0	27	0	0	0	0	0	0	0	0	0.023881	0.0	0.0	0.0	0.214599	0.0	0.0	0.0	0.0	0.100137	0.0	0.0	0.0	0.899863	0.0	0.0	0.0	0.0	
175	229	4225.249640827	8921.618	8921.618	0.030134	0.0	52	0	0	0	173	0	0	0	0	0.023881	0.0	0.0	0.0	0.258239	0.0	0.0	0.0	0.0	0.035734	0.0	0.0	0.0	4111.4	0.0	0.0	0.0	0.0	0.000687	0.0	0.0	0.0	23.7653	0.0	0.0	0.0	0.0	5	0	0	0	69	0	0	0	0	0	0	0	0	1	0	0	0	0	13	0	0	0	103	0	0	0	0	6	0	0	0	0	0	0	0	0	1	0	0	0	0	0	0	0	0	27	0	0	0	0	0	0	0	0	0.023881	0.0	0.0	0.0	0.258239	0.0	0.0	0.0	0.0	0.084647	0.0	0.0	0.0	0.915353	0.0	0.0	0.0	0.0	
176	230	4249.619481253	8921.618	8921.618	0.028432	0.0	52	0	0	0	174	0	0	0	0	0.023881	0.0	0.0	0.0	0.244133	0.0	0.0	0.0	0.0	0.035734	0.0	0.0	0.0	4135.77	0.0	0.0	0.0	0.0	0.000687	0.0	0.0	0.0	23.7688	0.0	0.0	0.0	0.0	5	0	0	0	69	0	0	0	0	0	0	0	0	1	0	0	0	0	13	0	0	0	104	0	0	0	0	6	0	0	0	0	0	0	0	0	1	0	0	0	0	0	0	0	0	27	0	0	0	0	0	0	0	0	0.023881	0.0	0.0	0.0	0.244133	0.0	0.0	0.0	0.0	0.089102	0.0	0.0	0.0	0.910898	0.0	0.0	0.0	0.0	
177	231	4301.368843666	8921.618	8921.618	0.027124	0.0	52	0	0	0	175	0	0	0	0	0.023881	0.0	0.0	0.0	0.230733	0.0	0.0	0.0	0.0	0.035734	0.0	0.0	0.0	4187.52	0.0	0.0	0.0	0.0	0.000687	0.0	0.0	0.0	23.9287	0.0	0.0	0.0	0.0	5	0	0	0	69	0	0	0	0	0	0	0	0	1	0	0	0	0	13	0	0	0	105	0	0	0	0	6	0	0	0	0	0	0	0	0	1	0	0	0	0	0	0	0	0	27	0	0	0	0	0	0	0	0	0.023881	0.0	0.0	0.0	0.230733	0.0	0.0	0.0	0.0	0.093792	0.0	0.0	0.0	0.906208	0.0	0.0	0.0	0.0	
178	232	4318.293805221	8921.618	8921.618	0.024543	0.0	52	0	0	0	176	0	0	0	0	0.023881	0.0	0.0	0.0	0.218002	0.0	0.0	0.0	0.0	0.035734	0.0	0.0	0.0	4204.45	0.0	0.0	0.0	0.0	0.000687	0.0	0.0	0.0	23.8889	0.0	0.0	0.0	0.0	5	0	0	0	69	0	0	0	0	0	0	0	0	1	0	0	0	0	13	0	0	0	106	0	0	0	0	6	0	0	0	0	0	0	0	0	1	0	0	0	0	0	0	0	0	27	0	0	0	0	0	0	0	0	0.023881	0.0	0.0	0.0	0.218002	0.0	0.0	0.0	0.0	0.098728	0.0	0.0	0.0	0.901272	0.0	0.0	0.0	0.0	
179	233	4338.164034783	8921.618	8921.618	0.023753	0.0	52	0	0	0	177	0	0	0	0	0.023881	0.0	0.0	0.0	0.205908	0.0	0.0	0.0	0.0	0.035734	0.0	0.0	0.0	4224.32	0.0	0.0	0.0	0.0	0.000687	0.0	0.0	0.0	23.8662	0.0	0.0	0.0	0.0	5	0	0	0	69	0	0	0	0	0	0	0	0	1	0	0	0	0	13	0	0	0	107	0	0	0	0	6	0	0	0	0	0	0	0	0	1	0	0	0	0	0	0	0	0	27	0	0	0	0	0	0	0	0	0.023881	0.0	0.0	0.0	0.205908	0.0	0.0	0.0	0.0	0.103924	0.0	0.0	0.0	0.896076	0.0	0.0	0.0	0.0	
180	234	4375.474049979	8921.618	8921.618	0.022858	0.0	52	0	0	0	178	0	0	0	0	0.023881	0.0	0.0	0.0	0.194418	0.0	0.0	0.0	0.0	0.035734	0.0	0.0	0.0	4261.63	0.0	0.0	0.0	0.0	0.000687	0.0	0.0	0.0	23.9417	0.0	0.0	0.0	0.0	5	0	0	0	69	0	0	0	0	0	0	0	0	1	0	0	0	0	13	0	0	0	108	0	0	0	0	6	0	0	0	0	0	0	0	0	1	0	0	0	0	0	0	0	0	27	0	0	0	0	0	0	0	0	0.023881	0.0	0.0	0.0	0.194418	0.0	0.0	0.0	0.0	0.109394	0.0	0.0	0.0	0.890606	0.0	0.0	0.0	0.0	
181	235	4398.452768495	8917.794	8917.794	0.021268	0.0	52	0	0	0	179	0	0	0	0	0.023881	0.0	0.0	0.0	0.239645	0.0	0.0	0.0	0.0	0.035734	0.0	0.0	0.0	4284.61	0.0	0.0	0.0	0.0	0.000687	0.0	0.0	0.0	23.9364	0.0	0.0	0.0	0.0	5	0	0	0	70	0	0	0	0	0	0	0	0	1	0	0	0	0	13	0	0	0	108	0	0	0	0	6	0	0	0	0	0	0	0	0	1	0	0	0	0	0	0	0	0	27	0	0	0	0	0	0	0	0	0.023881	0.0	0.0	0.0	0.239645	0.0	0.0	0.0	0.0	0.09062	0.0	0.0	0.0	0.90938	0.0	0.0	0.0	0.0	
182	236	4413.33493203	8917.794	8917.794	0.020344	0.0	52	0	0	0	180	0	0	0	0	0.023881	0.0	0.0	0.0	0.226469	0.0	0.0	0.0	0.0	0.035734	0.0	0.0	0.0	4299.49	0.0	0.0	0.0	0.0	0.000687	0.0	0.0	0.0	23.886	0.0	0.0	0.0	0.0	5	0	0	0	70	0	0	0	0	0	0	0	0	1	0	0	0	0	13	0	0	0	109	0	0	0	0	6	0	0	0	0	0	0	0	0	1	0	0	0	0	0	0	0	0	27	0	0	0	0	0	0	0	0	0.023881	0.0	0.0	0.0	0.226469	0.0	0.0	0.0	0.0	0.095389	0.0	0.0	0.0	0.904611	0.0	0.0	0.0	0.0	
183	237	4441.281145094	8917.794	8917.794	0.019768	0.0	52	0	0	0	181	0	0	0	0	0.023881	0.0	0.0	0.0	0.213951	0.0	0.0	0.0	0.0	0.035734	0.0	0.0	0.0	4327.44	0.0	0.0	0.0	0.0	0.000687	0.0	0.0	0.0	23.9085	0.0	0.0	0.0	0.0	5	0	0	0	70	0	0	0	0	0	0	0	0	1	0	0	0	0	13	0	0	0	110	0	0	0	0	6	0	0	0	0	0	0	0	0	1	0	0	0	0	0	0	0	0	27	0	0	0	0	0	0	0	0	0.023881	0.0	0.0	0.0	0.213951	0.0	0.0	0.0	0.0	0.100409	0.0	0.0	0.0	0.899591	0.0	0.0	0.0	0.0	
184	238	4458.098627881	8917.794	8917.794	0.018728	0.0	52	0	0	0	182	0	0	0	0	0.023881	0.0	0.0	0.0	0.20206	0.0	0.0	0.0	0.0	0.035734	0.0	0.0	0.0	4344.25	0.0	0.0	0.0	0.0	0.000687	0.0	0.0	0.0	23.8695	0.0	0.0	0.0	0.0	5	0	0	0	70	0	0	0	0	0	0	0	0	1	0	0	0	0	13	0	0	0	111	0	0	0	0	6	0	0	0	0	0	0	0	0	1	0	0	0	0	0	0	0	0	27	0	0	0	0	0	0	0	0	0.023881	0.0	0.0	0.0	0.20206	0.0	0.0	0.0	0.0	0.105694	0.0	0.0	0.0	0.894306	0.0	0.0	0.0	0.0	
185	239	4478.574051025	8917.794	8917.794	0.018129	0.0	52	0	0	0	183	0	0	0	0	0.023881	0.0	0.0	0.0	0.190763	0.0	0.0	0.0	0.0	0.035734	0.0	0.0	0.0	4364.73	0.0	0.0	0.0	0.0	0.000687	0.0	0.0	0.0	23.851	0.0	0.0	0.0	0.0	5	0	0	0	70	0	0	0	0	0	0	0	0	1	0	0	0	0	13	0	0	0	112	0	0	0	0	6	0	0	0	0	0	0	0	0	1	0	0	0	0	0	0	0	0	27	0	0	0	0	0	0	0	0	0.023881	0.0	0.0	0.0	0.190763	0.0	0.0	0.0	0.0	0.111257	0.0	0.0	0.0	0.888743	0.0	0.0	0.0	0.0	
186	240	4499.199011612	8917.794	8917.794	0.017426	0.0	52	0	0	0	184	0	0	0	0	0.023881	0.0	0.0	0.0	0.180031	0.0	0.0	0.0	0.0	0.035734	0.0	0.0	0.0	4385.35	0.0	0.0	0.0	0.0	0.000687	0.0	0.0	0.0	23.8334	0.0	0.0	0.0	0.0	5	0	0	0	70	0	0	0	0	0	0	0	0	1	0	0	0	0	13	0	0	0	113	0	0	0	0	6	0	0	0	0	0	0	0	0	1	0	0	0	0	0	0	0	0	27	0	0	0	0	0	0	0	0	0.023881	0.0	0.0	0.0	0.180031	0.0	0.0	0.0	0.0	0.117113	0.0	0.0	0.0	0.882887	0.0	0.0	0.0	0.0	
187	241	4514.298357801	8917.794	8917.794	0.016745	0.0	52	0	0	0	185	0	0	0	0	0.023881	0.0	0.0	0.0	0.169835	0.0	0.0	0.0	0.0	0.035734	0.0	0.0	0.0	4400.45	0.0	0.0	0.0	0.0	0.000687	0.0	0.0	0.0	23.7862	0.0	0.0	0.0	0.0	5	0	0	0	70	0	0	0	0	0	0	0	0	1	0	0	0	0	13	0	0	0	114	0	0	0	0	6	0	0	0	0	0	0	0	0	1	0	0	0	0	0	0	0	0	27	0	0	0	0	0	0	0	0	0.023881	0.0	0.0	0.0	0.169835	0.0	0.0	0.0	0.0	0.123276	0.0	0.0	0.0	0.876724	0.0	0.0	0.0	0.0	
188	242	4532.354975479	8917.794	8917.794	0.016264	0.0	52	0	0	0	186	0	0	0	0	0.023881	0.0	0.0	0.0	0.160149	0.0	0.0	0.0	0.0	0.035734	0.0	0.0	0.0	4418.51	0.0	0.0	0.0	0.0	0.000687	0.0	0.0	0.0	23.7554	0.0	0.0	0.0	0.0	5	0	0	0	70	0	0	0	0	0	0	0	0	1	0	0	0	0	13	0	0	0	115	0	0	0	0	6	0	0	0	0	0	0	0	0	1	0	0	0	0	0	0	0	0	27	0	0	0	0	0	0	0	0	0.023881	0.0	0.0	0.0	0.160149	0.0	0.0	0.0	0.0	0.129765	0.0	0.0	0.0	0.870235	0.0	0.0	0.0	0.0	
189	243	4550.412813359	8915.794	8915.794	0.015706	0.0	52	0	0	0	187	0	0	0	0	0.023881	0.0	0.0	0.0	0.208403	0.0	0.0	0.0	0.0	0.035734	0.0	0.0	0.0	4436.57	0.0	0.0	0.0	0.0	0.000687	0.0	0.0	0.0	23.725	0.0	0.0	0.0	0.0	5	0	0	0	71	0	0	0	0	0	0	0	0	1	0	0	0	0	13	0	0	0	115	0	0	0	0	6	0	0	0	0	0	0	0	0	1	0	0	0	0	0	0	0	0	27	0	0	0	0	0	0	0	0	0.023881	0.0	0.0	0.0	0.208403	0.0	0.0	0.0	0.0	0.102808	0.0	0.0	0.0	0.897192	0.0	0.0	0.0	0.0	
190	245	4571.149893677	8915.294	8915.294	0.015167	0.0	53	0	0	0	188	0	0	0	0	0.021492	0.0	0.0	0.0	0.252065	0.0	0.0	0.0	0.0	0.036057	0.0	0.0	0.0	4457.3	0.0	0.0	0.0	0.0	0.00068	0.0	0.0	0.0	23.7091	0.0	0.0	0.0	0.0	5	0	0	0	72	0	0	0	0	0	0	0	0	1	0	0	0	0	13	0	0	0	115	0	0	0	0	6	0	0	0	0	0	0	0	0	1	0	0	0	0	0	0	0	0	28	0	0	0	0	0	0	0	0	0.021492	0.0	0.0	0.0	0.252065	0.0	0.0	0.0	0.0	0.078567	0.0	0.0	0.0	0.921433	0.0	0.0	0.0	0.0	
191	246	4586.560299468	8915.294	8915.294	0.014571	0.0	53	0	0	0	189	0	0	0	0	0.021492	0.0	0.0	0.0	0.238387	0.0	0.0	0.0	0.0	0.036057	0.0	0.0	0.0	4472.71	0.0	0.0	0.0	0.0	0.00068	0.0	0.0	0.0	23.6652	0.0	0.0	0.0	0.0	5	0	0	0	72	0	0	0	0	0	0	0	0	1	0	0	0	0	13	0	0	0	116	0	0	0	0	6	0	0	0	0	0	0	0	0	1	0	0	0	0	0	0	0	0	28	0	0	0	0	0	0	0	0	0.021492	0.0	0.0	0.0	0.238387	0.0	0.0	0.0	0.0	0.082702	0.0	0.0	0.0	0.917298	0.0	0.0	0.0	0.0	
192	247	4603.101556729	8915.294	8915.294	0.014144	0.0	53	0	0	0	190	0	0	0	0	0.021492	0.0	0.0	0.0	0.225393	0.0	0.0	0.0	0.0	0.036057	0.0	0.0	0.0	4489.25	0.0	0.0	0.0	0.0	0.00068	0.0	0.0	0.0	23.6277	0.0	0.0	0.0	0.0	5	0	0	0	72	0	0	0	0	0	0	0	0	1	0	0	0	0	13	0	0	0	117	0	0	0	0	6	0	0	0	0	0	0	0	0	1	0	0	0	0	0	0	0	0	28	0	0	0	0	0	0	0	0	0.021492	0.0	0.0	0.0	0.225393	0.0	0.0	0.0	0.0	0.087054	0.0	0.0	0.0	0.912946	0.0	0.0	0.0	0.0	
193	249	4621.031931049	8915.294	8915.294	0.013699	0.0	54	0	0	0	191	0	0	0	0	0.019343	0.0	0.0	0.0	0.213156	0.0	0.0	0.0	0.0	0.036523	0.0	0.0	0.0	4507.18	0.0	0.0	0.0	0.0	0.000676	0.0	0.0	0.0	23.5978	0.0	0.0	0.0	0.0	5	0	0	0	72	0	0	0	0	0	0	0	0	1	0	0	0	0	13	0	0	0	118	0	0	0	0	6	0	0	0	0	0	0	0	0	1	0	0	0	0	0	0	0	0	29	0	0	0	0	0	0	0	0	0.019343	0.0	0.0	0.0	0.213156	0.0	0.0	0.0	0.0	0.083197	0.0	0.0	0.0	0.916803	0.0	0.0	0.0	0.0	
194	250	4635.813734204	8915.294	8915.294	0.013232	0.0	54	0	0	0	192	0	0	0	0	0.019343	0.0	0.0	0.0	0.201531	0.0	0.0	0.0	0.0	0.036523	0.0	0.0	0.0	4521.97	0.0	0.0	0.0	0.0	0.000676	0.0	0.0	0.0	23.5519	0.0	0.0	0.0	0.0	5	0	0	0	72	0	0	0	0	0	0	0	0	1	0	0	0	0	13	0	0	0	119	0	0	0	0	6	0	0	0	0	0	0	0	0	1	0	0	0	0	0	0	0	0	29	0	0	0	0	0	0	0	0	0.019343	0.0	0.0	0.0	0.201531	0.0	0.0	0.0	0.0	0.087576	0.0	0.0	0.0	0.912424	0.0	0.0	0.0	0.0	
195	251	4655.110350745	8915.294	8915.294	0.01286	0.0	54	0	0	0	193	0	0	0	0	0.019343	0.0	0.0	0.0	0.190488	0.0	0.0	0.0	0.0	0.036523	0.0	0.0	0.0	4541.26	0.0	0.0	0.0	0.0	0.000676	0.0	0.0	0.0	23.5299	0.0	0.0	0.0	0.0	5	0	0	0	72	0	0	0	0	0	0	0	0	1	0	0	0	0	13	0	0	0	120	0	0	0	0	6	0	0	0	0	0	0	0	0	1	0	0	0	0	0	0	0	0	29	0	0	0	0	0	0	0	0	0.019343	0.0	0.0	0.0	0.190488	0.0	0.0	0.0	0.0	0.092185	0.0	0.0	0.0	0.907815	0.0	0.0	0.0	0.0	
196	252	4681.224947659	8915.294	8915.294	0.012389	0.0	54	0	0	0	194	0	0	0	0	0.019343	0.0	0.0	0.0	0.179996	0.0	0.0	0.0	0.0	0.036523	0.0	0.0	0.0	4567.38	0.0	0.0	0.0	0.0	0.000676	0.0	0.0	0.0	23.5432	0.0	0.0	0.0	0.0	5	0	0	0	72	0	0	0	0	0	0	0	0	1	0	0	0	0	13	0	0	0	121	0	0	0	0	6	0	0	0	0	0	0	0	0	1	0	0	0	0	0	0	0	0	29	0	0	0	0	0	0	0	0	0.019343	0.0	0.0	0.0	0.179996	0.0	0.0	0.0	0.0	0.097037	0.0	0.0	0.0	0.902963	0.0	0.0	0.0	0.0	
197	253	4700.979105928	8915.294	8915.294	0.011779	0.0	54	0	0	0	195	0	0	0	0	0.019343	0.0	0.0	0.0	0.170029	0.0	0.0	0.0	0.0	0.036523	0.0	0.0	0.0	4587.13	0.0	0.0	0.0	0.0	0.000676	0.0	0.0	0.0	23.5238	0.0	0.0	0.0	0.0	5	0	0	0	72	0	0	0	0	0	0	0	0	1	0	0	0	0	13	0	0	0	122	0	0	0	0	6	0	0	0	0	0	0	0	0	1	0	0	0	0	0	0	0	0	29	0	0	0	0	0	0	0	0	0.019343	0.0	0.0	0.0	0.170029	0.0	0.0	0.0	0.0	0.102144	0.0	0.0	0.0	0.897856	0.0	0.0	0.0	0.0	
198	254	4719.065237679	8915.294	8915.294	0.011338	0.0	54	0	0	0	196	0	0	0	0	0.019343	0.0	0.0	0.0	0.160561	0.0	0.0	0.0	0.0	0.036523	0.0	0.0	0.0	4605.22	0.0	0.0	0.0	0.0	0.000676	0.0	0.0	0.0	23.496	0.0	0.0	0.0	0.0	5	0	0	0	72	0	0	0	0	0	0	0	0	1	0	0	0	0	13	0	0	0	123	0	0	0	0	6	0	0	0	0	0	0	0	0	1	0	0	0	0	0	0	0	0	29	0	0	0	0	0	0	0	0	0.019343	0.0	0.0	0.0	0.160561	0.0	0.0	0.0	0.0	0.10752	0.0	0.0	0.0	0.89248	0.0	0.0	0.0	0.0	
199	255	4740.55901662	8915.294	8915.294	0.010949	0.0	54	0	0	0	197	0	0	0	0	0.019343	0.0	0.0	0.0	0.151565	0.0	0.0	0.0	0.0	0.036523	0.0	0.0	0.0	4626.71	0.0	0.0	0.0	0.0	0.000676	0.0	0.0	0.0	23.4858	0.0	0.0	0.0	0.0	5	0	0	0	72	0	0	0	0	0	0	0	0	1	0	0	0	0	13	0	0	0	124	0	0	0	0	6	0	0	0	0	0	0	0	0	1	0	0	0	0	0	0	0	0	29	0	0	0	0	0	0	0	0	0.019343	0.0	0.0	0.0	0.151565	0.0	0.0	0.0	0.0	0.113179	0.0	0.0	0.0	0.886821	0.0	0.0	0.0	0.0	
200	256	4770.117860135	8915.294	8915.294	0.010503	0.0	54	0	0	0	198	0	0	0	0	0.019343	0.0	0.0	0.0	0.14302	0.0	0.0	0.0	0.0	0.036523	0.0	0.0	0.0	4656.27	0.0	0.0	0.0	0.0	0.000676	0.0	0.0	0.0	23.5165	0.0	0.0	0.0	0.0	5	0	0	0	72	0	0	0	0	0	0	0	0	1	0	0	0	0	13	0	0	0	125	0	0	0	0	6	0	0	0	0	0	0	0	0	1	0	0	0	0	0	0	0	0	29	0	0	0	0	0	0	0	0	0.019343	0.0	0.0	0.0	0.14302	0.0	0.0	0.0	0.0	0.119136	0.0	0.0	0.0	0.880864	0.0	0.0	0.0	0.0	
201	257	4786.556864176	8915.294	8915.294	0.00992	0.0	54	0	0	0	199	0	0	0	0	0.019343	0.0	0.0	0.0	0.134902	0.0	0.0	0.0	0.0	0.036523	0.0	0.0	0.0	4672.71	0.0	0.0	0.0	0.0	0.000676	0.0	0.0	0.0	23.481	0.0	0.0	0.0	0.0	5	0	0	0	72	0	0	0	0	0	0	0	0	1	0	0	0	0	13	0	0	0	126	0	0	0	0	6	0	0	0	0	0	0	0	0	1	0	0	0	0	0	0	0	0	29	0	0	0	0	0	0	0	0	0.019343	0.0	0.0	0.0	0.134902	0.0	0.0	0.0	0.0	0.125406	0.0	0.0	0.0	0.874594	0.0	0.0	0.0	0.0	
202	258	4806.97887797	8909.794	8909.794	0.00961	0.0	54	0	0	0	200	0	0	0	0	0.019343	0.0	0.0	0.0	0.184359	0.0	0.0	0.0	0.0	0.036523	0.0	0.0	0.0	4693.13	0.0	0.0	0.0	0.0	0.000676	0.0	0.0	0.0	23.4657	0.0	0.0	0.0	0.0	5	0	0	0	73	0	0	0	0	0	0	0	0	1	0	0	0	0	13	0	0	0	126	0	0	0	0	6	0	0	0	0	0	0	0	0	1	0	0	0	0	0	0	0	0	29	0	0	0	0	0	0	0	0	0.019343	0.0	0.0	0.0	0.184359	0.0	0.0	0.0	0.0	0.094958	0.0	0.0	0.0	0.905041	0.0	0.0	0.0	0.0	
203	259	4825.278277611	8909.794	8909.794	0.009238	0.0	54	0	0	0	201	0	0	0	0	0.019343	0.0	0.0	0.0	0.174174	0.0	0.0	0.0	0.0	0.036523	0.0	0.0	0.0	4711.43	0.0	0.0	0.0	0.0	0.000676	0.0	0.0	0.0	23.44	0.0	0.0	0.0	0.0	5	0	0	0	73	0	0	0	0	0	0	0	0	1	0	0	0	0	13	0	0	0	127	0	0	0	0	6	0	0	0	0	0	0	0	0	1	0	0	0	0	0	0	0	0	29	0	0	0	0	0	0	0	0	0.019343	0.0	0.0	0.0	0.174174	0.0	0.0	0.0	0.0	0.099956	0.0	0.0	0.0	0.900044	0.0	0.0	0.0	0.0	
204	260	4839.173345418	8909.794	8909.794	0.008917	0.0	54	0	0	0	202	0	0	0	0	0.019343	0.0	0.0	0.0	0.164498	0.0	0.0	0.0	0.0	0.036523	0.0	0.0	0.0	4725.33	0.0	0.0	0.0	0.0	0.000676	0.0	0.0	0.0	23.3927	0.0	0.0	0.0	0.0	5	0	0	0	73	0	0	0	0	0	0	0	0	1	0	0	0	0	13	0	0	0	128	0	0	0	0	6	0	0	0	0	0	0	0	0	1	0	0	0	0	0	0	0	0	29	0	0	0	0	0	0	0	0	0.019343	0.0	0.0	0.0	0.164498	0.0	0.0	0.0	0.0	0.105217	0.0	0.0	0.0	0.894783	0.0	0.0	0.0	0.0	
205	261	4860.285504283	8906.294	8906.294	0.008681	0.0	54	0	0	0	203	0	0	0	0	0.019343	0.0	0.0	0.0	0.211185	0.0	0.0	0.0	0.0	0.036523	0.0	0.0	0.0	4746.44	0.0	0.0	0.0	0.0	0.000676	0.0	0.0	0.0	23.3815	0.0	0.0	0.0	0.0	5	0	0	0	74	0	0	0	0	0	0	0	0	1	0	0	0	0	13	0	0	0	128	0	0	0	0	6	0	0	0	0	0	0	0	0	1	0	0	0	0	0	0	0	0	29	0	0	0	0	0	0	0	0	0.019343	0.0	0.0	0.0	0.211185	0.0	0.0	0.0	0.0	0.083908	0.0	0.0	0.0	0.916092	0.0	0.0	0.0	0.0	
206	262	4932.179964337	8887.794	8887.794	0.008334	0.0	54	0	0	0	204	0	0	0	0	0.019343	0.0	0.0	0.0	0.254239	0.0	0.0	0.0	0.0	0.036523	0.0	0.0	0.0	4818.33	0.0	0.0	0.0	0.0	0.000676	0.0	0.0	0.0	23.6193	0.0	0.0	0.0	0.0	5	0	0	0	75	0	0	0	0	0	0	0	0	1	0	0	0	0	13	0	0	0	128	0	0	0	0	6	0	0	0	0	0	0	0	0	1	0	0	0	0	0	0	0	0	29	0	0	0	0	0	0	0	0	0.019343	0.0	0.0	0.0	0.254239	0.0	0.0	0.0	0.0	0.070704	0.0	0.0	0.0	0.929296	0.0	0.0	0.0	0.0	
207	263	4946.577646401	8881.294	8881.294	0.007253	0.0	54	0	0	0	205	0	0	0	0	0.019343	0.0	0.0	0.0	0.294364	0.0	0.0	0.0	0.0	0.036523	0.0	0.0	0.0	4832.73	0.0	0.0	0.0	0.0	0.000676	0.0	0.0	0.0	23.5743	0.0	0.0	0.0	0.0	5	0	0	0	76	0	0	0	0	0	0	0	0	1	0	0	0	0	13	0	0	0	128	0	0	0	0	6	0	0	0	0	0	0	0	0	1	0	0	0	0	0	0	0	0	29	0	0	0	0	0	0	0	0	0.019343	0.0	0.0	0.0	0.294364	0.0	0.0	0.0	0.0	0.06166	0.0	0.0	0.0	0.93834	0.0	0.0	0.0	0.0	
208	264	4967.029378731	8881.294	8881.294	0.007054	0.0	54	0	0	0	206	0	0	0	0	0.019343	0.0	0.0	0.0	0.278678	0.0	0.0	0.0	0.0	0.036523	0.0	0.0	0.0	4853.18	0.0	0.0	0.0	0.0	0.000676	0.0	0.0	0.0	23.5591	0.0	0.0	0.0	0.0	5	0	0	0	76	0	0	0	0	0	0	0	0	1	0	0	0	0	13	0	0	0	129	0	0	0	0	6	0	0	0	0	0	0	0	0	1	0	0	0	0	0	0	0	0	29	0	0	0	0	0	0	0	0	0.019343	0.0	0.0	0.0	0.278678	0.0	0.0	0.0	0.0	0.064906	0.0	0.0	0.0	0.935094	0.0	0.0	0.0	0.0	
209	265	4981.017817678	8881.294	8881.294	0.00678	0.0	54	0	0	0	207	0	0	0	0	0.019343	0.0	0.0	0.0	0.263777	0.0	0.0	0.0	0.0	0.036523	0.0	0.0	0.0	4867.17	0.0	0.0	0.0	0.0	0.000676	0.0	0.0	0.0	23.5129	0.0	0.0	0.0	0.0	5	0	0	0	76	0	0	0	0	0	0	0	0	1	0	0	0	0	13	0	0	0	130	0	0	0	0	6	0	0	0	0	0	0	0	0	1	0	0	0	0	0	0	0	0	29	0	0	0	0	0	0	0	0	0.019343	0.0	0.0	0.0	0.263777	0.0	0.0	0.0	0.0	0.068322	0.0	0.0	0.0	0.931678	0.0	0.0	0.0	0.0	
210	266	5009.16733738	8881.294	8881.294	0.006599	0.0	54	0	0	0	208	0	0	0	0	0.019343	0.0	0.0	0.0	0.249621	0.0	0.0	0.0	0.0	0.036523	0.0	0.0	0.0	4895.32	0.0	0.0	0.0	0.0	0.000676	0.0	0.0	0.0	23.5352	0.0	0.0	0.0	0.0	5	0	0	0	76	0	0	0	0	0	0	0	0	1	0	0	0	0	13	0	0	0	131	0	0	0	0	6	0	0	0	0	0	0	0	0	1	0	0	0	0	0	0	0	0	29	0	0	0	0	0	0	0	0	0.019343	0.0	0.0	0.0	0.249621	0.0	0.0	0.0	0.0	0.071918	0.0	0.0	0.0	0.928082	0.0	0.0	0.0	0.0	
211	267	5028.044938756	8881.294	8881.294	0.00625	0.0	54	0	0	0	209	0	0	0	0	0.019343	0.0	0.0	0.0	0.236173	0.0	0.0	0.0	0.0	0.036523	0.0	0.0	0.0	4914.2	0.0	0.0	0.0	0.0	0.000676	0.0	0.0	0.0	23.5129	0.0	0.0	0.0	0.0	5	0	0	0	76	0	0	0	0	0	0	0	0	1	0	0	0	0	13	0	0	0	132	0	0	0	0	6	0	0	0	0	0	0	0	0	1	0	0	0	0	0	0	0	0	29	0	0	0	0	0	0	0	0	0.019343	0.0	0.0	0.0	0.236173	0.0	0.0	0.0	0.0	0.075703	0.0	0.0	0.0	0.924297	0.0	0.0	0.0	0.0	
212	268	5063.452298285	8859.147	8859.147	0.006026	0.0	54	0	0	0	210	0	0	0	0	0.019343	0.0	0.0	0.0	0.277492	0.0	0.0	0.0	0.0	0.036523	0.0	0.0	0.0	4949.6	0.0	0.0	0.0	0.0	0.000676	0.0	0.0	0.0	23.5695	0.0	0.0	0.0	0.0	5	0	0	0	77	0	0	0	0	0	0	0	0	1	0	0	0	0	13	0	0	0	132	0	0	0	0	6	0	0	0	0	0	0	0	0	1	0	0	0	0	0	0	0	0	29	0	0	0	0	0	0	0	0	0.019343	0.0	0.0	0.0	0.277492	0.0	0.0	0.0	0.0	0.065165	0.0	0.0	0.0	0.934835	0.0	0.0	0.0	0.0	
213	269	5110.584897265	8859.147	8859.147	0.005628	0.0	54	0	0	0	211	0	0	0	0	0.019343	0.0	0.0	0.0	0.262651	0.0	0.0	0.0	0.0	0.036523	0.0	0.0	0.0	4996.74	0.0	0.0	0.0	0.0	0.000676	0.0	0.0	0.0	23.6812	0.0	0.0	0.0	0.0	5	0	0	0	77	0	0	0	0	0	0	0	0	1	0	0	0	0	13	0	0	0	133	0	0	0	0	6	0	0	0	0	0	0	0	0	1	0	0	0	0	0	0	0	0	29	0	0	0	0	0	0	0	0	0.019343	0.0	0.0	0.0	0.262651	0.0	0.0	0.0	0.0	0.068595	0.0	0.0	0.0	0.931405	0.0	0.0	0.0	0.0	
214	271	5127.186353151	8859.142882352942	8859.142882352942	0.005138	0.0	55	0	0	0	212	0	0	0	0	0.117409	0.0	0.0	0.0	0.243648	0.0	0.0	0.0	0.0	0.037653	0.0	0.0	0.0	5013.34	0.0	0.0	0.0	0.0	0.000685	0.0	0.0	0.0	23.6478	0.0	0.0	0.0	0.0	6	0	0	0	77	0	0	0	0	0	0	0	0	1	0	0	0	0	13	0	0	0	133	0	0	0	0	6	0	0	0	1	0	0	0	0	1	0	0	0	0	0	0	0	0	29	0	0	0	0	0	0	0	0	0.117409	0.0	0.0	0.0	0.243648	0.0	0.0	0.0	0.0	0.325182	0.0	0.0	0.0	0.674818	0.0	0.0	0.0	0.0	
215	272	5143.837507989	8859.142882352942	8859.142882352942	0.004975	0.0	55	0	0	0	213	0	0	0	0	0.117409	0.0	0.0	0.0	0.225595	0.0	0.0	0.0	0.0	0.037653	0.0	0.0	0.0	5029.99	0.0	0.0	0.0	0.0	0.000685	0.0	0.0	0.0	23.615	0.0	0.0	0.0	0.0	6	0	0	0	77	0	0	0	0	0	0	0	0	1	0	0	0	0	13	0	0	0	133	0	0	0	0	6	0	0	0	2	0	0	0	0	1	0	0	0	0	0	0	0	0	29	0	0	0	0	0	0	0	0	0.117409	0.0	0.0	0.0	0.225595	0.0	0.0	0.0	0.0	0.342296	0.0	0.0	0.0	0.657704	0.0	0.0	0.0	0.0	
216	274	5169.922723198	8859.142882352942	8859.142882352942	0.004818	0.0	56	0	0	0	214	0	0	0	0	0.105668	0.0	0.0	0.0	0.209032	0.0	0.0	0.0	0.0	0.039141	0.0	0.0	0.0	5056.07	0.0	0.0	0.0	0.0	0.000699	0.0	0.0	0.0	23.6265	0.0	0.0	0.0	0.0	6	0	0	0	77	0	0	0	0	0	0	0	0	1	0	0	0	0	13	0	0	0	133	0	0	0	0	7	0	0	0	3	0	0	0	0	1	0	0	0	0	0	0	0	0	29	0	0	0	0	0	0	0	0	0.105668	0.0	0.0	0.0	0.209032	0.0	0.0	0.0	0.0	0.335774	0.0	0.0	0.0	0.664226	0.0	0.0	0.0	0.0	
217	275	5201.881257562	8859.142882352942	8859.142882352942	0.004581	0.0	56	0	0	0	215	0	0	0	0	0.105668	0.0	0.0	0.0	0.193297	0.0	0.0	0.0	0.0	0.039141	0.0	0.0	0.0	5088.03	0.0	0.0	0.0	0.0	0.000699	0.0	0.0	0.0	23.6653	0.0	0.0	0.0	0.0	6	0	0	0	77	0	0	0	0	0	0	0	0	1	0	0	0	0	13	0	0	0	133	0	0	0	0	7	0	0	0	4	0	0	0	0	1	0	0	0	0	0	0	0	0	29	0	0	0	0	0	0	0	0	0.105668	0.0	0.0	0.0	0.193297	0.0	0.0	0.0	0.0	0.353447	0.0	0.0	0.0	0.646553	0.0	0.0	0.0	0.0	
218	277	5221.059253725	8859.142882352942	8859.147	0.004307	0.0	57	0	0	0	216	0	0	0	0	0.095101	0.0	0.0	0.0	0.178877	0.0	0.0	0.0	0.0	0.039762	0.0	0.0	0.0	5107.21	0.0	0.0	0.0	0.0	0.000698	0.0	0.0	0.0	23.6445	0.0	0.0	0.0	0.0	6	0	0	0	77	0	0	0	0	0	0	0	0	1	0	0	0	0	13	0	0	0	134	0	0	0	0	7	0	0	0	4	0	0	0	0	1	0	0	0	0	0	0	0	0	30	0	0	0	0	0	0	0	0	0.095101	0.0	0.0	0.0	0.178877	0.0	0.0	0.0	0.0	0.347113	0.0	0.0	0.0	0.652887	0.0	0.0	0.0	0.0	
219	279	5236.211756614	8859.142882352942	8859.147	0.00415	0.0	58	0	0	0	217	0	0	0	0	0.085591	0.0	0.0	0.0	0.165653	0.0	0.0	0.0	0.0	0.040309	0.0	0.0	0.0	5122.36	0.0	0.0	0.0	0.0	0.000695	0.0	0.0	0.0	23.6053	0.0	0.0	0.0	0.0	6	0	0	0	77	0	0	0	0	0	0	0	0	1	0	0	0	0	13	0	0	0	135	0	0	0	0	7	0	0	0	4	0	0	0	0	1	0	0	0	0	0	0	0	0	31	0	0	0	0	0	0	0	0	0.085591	0.0	0.0	0.0	0.165653	0.0	0.0	0.0	0.0	0.340669	0.0	0.0	0.0	0.659331	0.0	0.0	0.0	0.0	
220	281	5272.548574732	8859.142882352942	8859.147	0.00403	0.0	59	0	0	0	218	0	0	0	0	0.077032	0.0	0.0	0.0	0.153519	0.0	0.0	0.0	0.0	0.041266	0.0	0.0	0.0	5158.7	0.0	0.0	0.0	0.0	0.000699	0.0	0.0	0.0	23.6637	0.0	0.0	0.0	0.0	6	0	0	0	77	0	0	0	0	0	0	0	0	1	0	0	0	0	13	0	0	0	136	0	0	0	0	8	0	0	0	4	0	0	0	0	1	0	0	0	0	0	0	0	0	31	0	0	0	0	0	0	0	0	0.077032	0.0	0.0	0.0	0.153519	0.0	0.0	0.0	0.0	0.334121	0.0	0.0	0.0	0.665879	0.0	0.0	0.0	0.0	
221	282	5286.350694734	8859.142882352942	8859.147	0.003757	0.0	59	0	0	0	219	0	0	0	0	0.077032	0.0	0.0	0.0	0.141992	0.0	0.0	0.0	0.0	0.041266	0.0	0.0	0.0	5172.5	0.0	0.0	0.0	0.0	0.000699	0.0	0.0	0.0	23.6187	0.0	0.0	0.0	0.0	6	0	0	0	77	0	0	0	0	0	0	0	0	1	0	0	0	0	13	0	0	0	137	0	0	0	0	8	0	0	0	4	0	0	0	0	1	0	0	0	0	0	0	0	0	31	0	0	0	0	0	0	0	0	0.077032	0.0	0.0	0.0	0.141992	0.0	0.0	0.0	0.0	0.351706	0.0	0.0	0.0	0.648294	0.0	0.0	0.0	0.0	
222	283	5307.998216503	8849.324	8849.324	0.003658	0.0	59	0	0	0	220	0	0	0	0	0.077032	0.0	0.0	0.0	0.208166	0.0	0.0	0.0	0.0	0.041266	0.0	0.0	0.0	5194.15	0.0	0.0	0.0	0.0	0.000699	0.0	0.0	0.0	23.6098	0.0	0.0	0.0	0.0	6	0	0	0	78	0	0	0	0	0	0	0	0	1	0	0	0	0	13	0	0	0	137	0	0	0	0	8	0	0	0	4	0	0	0	0	1	0	0	0	0	0	0	0	0	31	0	0	0	0	0	0	0	0	0.077032	0.0	0.0	0.0	0.208166	0.0	0.0	0.0	0.0	0.2701	0.0	0.0	0.0	0.7299	0.0	0.0	0.0	0.0	
223	284	5325.270240074	8847.824	8847.824	0.003508	0.0	59	0	0	0	221	0	0	0	0	0.077032	0.0	0.0	0.0	0.262409	0.0	0.0	0.0	0.0	0.041266	0.0	0.0	0.0	5211.42	0.0	0.0	0.0	0.0	0.000699	0.0	0.0	0.0	23.5811	0.0	0.0	0.0	0.0	6	0	0	0	79	0	0	0	0	0	0	0	0	1	0	0	0	0	13	0	0	0	137	0	0	0	0	8	0	0	0	4	0	0	0	0	1	0	0	0	0	0	0	0	0	31	0	0	0	0	0	0	0	0	0.077032	0.0	0.0	0.0	0.262409	0.0	0.0	0.0	0.0	0.226938	0.0	0.0	0.0	0.773062	0.0	0.0	0.0	0.0	
224	285	5360.2701598	8833.412	8833.412	0.003393	0.0	59	0	0	0	222	0	0	0	0	0.077032	0.0	0.0	0.0	0.310114	0.0	0.0	0.0	0.0	0.041266	0.0	0.0	0.0	5246.42	0.0	0.0	0.0	0.0	0.000699	0.0	0.0	0.0	23.6325	0.0	0.0	0.0	0.0	6	0	0	0	80	0	0	0	0	0	0	0	0	1	0	0	0	0	13	0	0	0	137	0	0	0	0	8	0	0	0	4	0	0	0	0	1	0	0	0	0	0	0	0	0	31	0	0	0	0	0	0	0	0	0.077032	0.0	0.0	0.0	0.310114	0.0	0.0	0.0	0.0	0.198974	0.0	0.0	0.0	0.801026	0.0	0.0	0.0	0.0	
225	286	5374.926061593	8833.412	8833.412	0.003171	0.0	59	0	0	0	223	0	0	0	0	0.077032	0.0	0.0	0.0	0.290757	0.0	0.0	0.0	0.0	0.041266	0.0	0.0	0.0	5261.07	0.0	0.0	0.0	0.0	0.000699	0.0	0.0	0.0	23.5923	0.0	0.0	0.0	0.0	6	0	0	0	80	0	0	0	0	0	0	0	0	1	0	0	0	0	13	0	0	0	138	0	0	0	0	8	0	0	0	4	0	0	0	0	1	0	0	0	0	0	0	0	0	31	0	0	0	0	0	0	0	0	0.077032	0.0	0.0	0.0	0.290757	0.0	0.0	0.0	0.0	0.209446	0.0	0.0	0.0	0.790554	0.0	0.0	0.0	0.0	
226	287	5389.333300749	8833.412	8833.412	0.003082	0.0	59	0	0	0	224	0	0	0	0	0.077032	0.0	0.0	0.0	0.272368	0.0	0.0	0.0	0.0	0.041266	0.0	0.0	0.0	5275.48	0.0	0.0	0.0	0.0	0.000699	0.0	0.0	0.0	23.5513	0.0	0.0	0.0	0.0	6	0	0	0	80	0	0	0	0	0	0	0	0	1	0	0	0	0	13	0	0	0	139	0	0	0	0	8	0	0	0	4	0	0	0	0	1	0	0	0	0	0	0	0	0	31	0	0	0	0	0	0	0	0	0.077032	0.0	0.0	0.0	0.272368	0.0	0.0	0.0	0.0	0.22047	0.0	0.0	0.0	0.77953	0.0	0.0	0.0	0.0	
227	290	5404.561139144	8833.412	8833.412	0.002998	0.0	61	0	0	0	225	0	0	0	0	0.062396	0.0	0.0	0.0	0.255629	0.0	0.0	0.0	0.0	0.042916	0.0	0.0	0.0	5290.71	0.0	0.0	0.0	0.0	0.000704	0.0	0.0	0.0	23.5143	0.0	0.0	0.0	0.0	6	0	0	0	80	0	0	0	0	0	0	0	0	1	0	0	0	0	13	0	0	0	140	0	0	0	0	9	0	0	0	4	0	0	0	0	1	0	0	0	0	0	0	0	0	32	0	0	0	0	0	0	0	0	0.062396	0.0	0.0	0.0	0.255629	0.0	0.0	0.0	0.0	0.196198	0.0	0.0	0.0	0.803802	0.0	0.0	0.0	0.0	
228	291	5422.170421742	8833.412	8833.412	0.002911	0.0	61	0	0	0	226	0	0	0	0	0.062396	0.0	0.0	0.0	0.239728	0.0	0.0	0.0	0.0	0.042916	0.0	0.0	0.0	5308.32	0.0	0.0	0.0	0.0	0.000704	0.0	0.0	0.0	23.4881	0.0	0.0	0.0	0.0	6	0	0	0	80	0	0	0	0	0	0	0	0	1	0	0	0	0	13	0	0	0	141	0	0	0	0	9	0	0	0	4	0	0	0	0	1	0	0	0	0	0	0	0	0	32	0	0	0	0	0	0	0	0	0.062396	0.0	0.0	0.0	0.239728	0.0	0.0	0.0	0.0	0.206524	0.0	0.0	0.0	0.793476	0.0	0.0	0.0	0.0	
229	292	5439.89575006	8807.544	8807.544	0.002814	0.0	61	0	0	0	227	0	0	0	0	0.062396	0.0	0.0	0.0	0.287636	0.0	0.0	0.0	0.0	0.042916	0.0	0.0	0.0	5326.04	0.0	0.0	0.0	0.0	0.000704	0.0	0.0	0.0	23.4627	0.0	0.0	0.0	0.0	6	0	0	0	81	0	0	0	0	0	0	0	0	1	0	0	0	0	13	0	0	0	141	0	0	0	0	9	0	0	0	4	0	0	0	0	1	0	0	0	0	0	0	0	0	32	0	0	0	0	0	0	0	0	0.062396	0.0	0.0	0.0	0.287636	0.0	0.0	0.0	0.0	0.178258	0.0	0.0	0.0	0.821742	0.0	0.0	0.0	0.0	
230	294	5476.665554076	8807.544	8807.544	0.002719	0.0	62	0	0	0	228	0	0	0	0	0.056156	0.0	0.0	0.0	0.270446	0.0	0.0	0.0	0.0	0.04341	0.0	0.0	0.0	5362.81	0.0	0.0	0.0	0.0	0.0007	0.0	0.0	0.0	23.5211	0.0	0.0	0.0	0.0	6	0	0	0	81	0	0	0	0	0	0	0	0	1	0	0	0	0	13	0	0	0	142	0	0	0	0	9	0	0	0	4	0	0	0	0	1	0	0	0	0	0	0	0	0	33	0	0	0	0	0	0	0	0	0.056156	0.0	0.0	0.0	0.270446	0.0	0.0	0.0	0.0	0.171941	0.0	0.0	0.0	0.828059	0.0	0.0	0.0	0.0	
231	295	5491.407305792	8807.544	8807.544	0.002532	0.0	62	0	0	0	229	0	0	0	0	0.056156	0.0	0.0	0.0	0.254116	0.0	0.0	0.0	0.0	0.04341	0.0	0.0	0.0	5377.55	0.0	0.0	0.0	0.0	0.0007	0.0	0.0	0.0	23.4828	0.0	0.0	0.0	0.0	6	0	0	0	81	0	0	0	0	0	0	0	0	1	0	0	0	0	13	0	0	0	143	0	0	0	0	9	0	0	0	4	0	0	0	0	1	0	0	0	0	0	0	0	0	33	0	0	0	0	0	0	0	0	0.056156	0.0	0.0	0.0	0.254116	0.0	0.0	0.0	0.0	0.18099	0.0	0.0	0.0	0.81901	0.0	0.0	0.0	0.0	
232	296	5520.999429657	8807.544	8807.544	0.002461	0.0	62	0	0	0	230	0	0	0	0	0.056156	0.0	0.0	0.0	0.238603	0.0	0.0	0.0	0.0	0.04341	0.0	0.0	0.0	5407.14	0.0	0.0	0.0	0.0	0.0007	0.0	0.0	0.0	23.5093	0.0	0.0	0.0	0.0	6	0	0	0	81	0	0	0	0	0	0	0	0	1	0	0	0	0	13	0	0	0	144	0	0	0	0	9	0	0	0	4	0	0	0	0	1	0	0	0	0	0	0	0	0	33	0	0	0	0	0	0	0	0	0.056156	0.0	0.0	0.0	0.238603	0.0	0.0	0.0	0.0	0.190516	0.0	0.0	0.0	0.809484	0.0	0.0	0.0	0.0	
233	297	5536.397135804	8807.544	8807.544	0.002324	0.0	62	0	0	0	231	0	0	0	0	0.056156	0.0	0.0	0.0	0.223865	0.0	0.0	0.0	0.0	0.04341	0.0	0.0	0.0	5422.54	0.0	0.0	0.0	0.0	0.0007	0.0	0.0	0.0	23.4742	0.0	0.0	0.0	0.0	6	0	0	0	81	0	0	0	0	0	0	0	0	1	0	0	0	0	13	0	0	0	145	0	0	0	0	9	0	0	0	4	0	0	0	0	1	0	0	0	0	0	0	0	0	33	0	0	0	0	0	0	0	0	0.056156	0.0	0.0	0.0	0.223865	0.0	0.0	0.0	0.0	0.200543	0.0	0.0	0.0	0.799457	0.0	0.0	0.0	0.0	
234	298	5564.541479034	8807.544	8807.544	0.002256	0.0	62	0	0	0	232	0	0	0	0	0.056156	0.0	0.0	0.0	0.209864	0.0	0.0	0.0	0.0	0.04341	0.0	0.0	0.0	5450.69	0.0	0.0	0.0	0.0	0.0007	0.0	0.0	0.0	23.4943	0.0	0.0	0.0	0.0	6	0	0	0	81	0	0	0	0	0	0	0	0	1	0	0	0	0	13	0	0	0	146	0	0	0	0	9	0	0	0	4	0	0	0	0	1	0	0	0	0	0	0	0	0	33	0	0	0	0	0	0	0	0	0.056156	0.0	0.0	0.0	0.209864	0.0	0.0	0.0	0.0	0.211098	0.0	0.0	0.0	0.788902	0.0	0.0	0.0	0.0	
235	299	5584.564245681	8804.544	8804.544	0.002137	0.0	62	0	0	0	233	0	0	0	0	0.056156	0.0	0.0	0.0	0.259942	0.0	0.0	0.0	0.0	0.04341	0.0	0.0	0.0	5470.71	0.0	0.0	0.0	0.0	0.0007	0.0	0.0	0.0	23.4794	0.0	0.0	0.0	0.0	6	0	0	0	82	0	0	0	0	0	0	0	0	1	0	0	0	0	13	0	0	0	146	0	0	0	0	9	0	0	0	4	0	0	0	0	1	0	0	0	0	0	0	0	0	33	0	0	0	0	0	0	0	0	0.056156	0.0	0.0	0.0	0.259942	0.0	0.0	0.0	0.0	0.177655	0.0	0.0	0.0	0.822345	0.0	0.0	0.0	0.0	
236	300	5600.662662203	8804.544	8804.544	0.002056	0.0	62	0	0	0	234	0	0	0	0	0.056156	0.0	0.0	0.0	0.244137	0.0	0.0	0.0	0.0	0.04341	0.0	0.0	0.0	5486.81	0.0	0.0	0.0	0.0	0.0007	0.0	0.0	0.0	23.4479	0.0	0.0	0.0	0.0	6	0	0	0	82	0	0	0	0	0	0	0	0	1	0	0	0	0	13	0	0	0	147	0	0	0	0	9	0	0	0	4	0	0	0	0	1	0	0	0	0	0	0	0	0	33	0	0	0	0	0	0	0	0	0.056156	0.0	0.0	0.0	0.244137	0.0	0.0	0.0	0.0	0.187005	0.0	0.0	0.0	0.812995	0.0	0.0	0.0	0.0	
237	302	5627.393870576	8804.539882352941	8804.539882352941	0.001993	0.0	63	0	0	0	235	0	0	0	0	0.150541	0.0	0.0	0.0	0.224403	0.0	0.0	0.0	0.0	0.044157	0.0	0.0	0.0	5513.54	0.0	0.0	0.0	0.0	0.000701	0.0	0.0	0.0	23.4619	0.0	0.0	0.0	0.0	7	0	0	0	82	0	0	0	0	0	0	0	0	1	0	0	0	0	13	0	0	0	147	0	0	0	0	9	0	0	0	5	0	0	0	0	1	0	0	0	0	0	0	0	0	33	0	0	0	0	0	0	0	0	0.150541	0.0	0.0	0.0	0.224403	0.0	0.0	0.0	0.0	0.401502	0.0	0.0	0.0	0.598498	0.0	0.0	0.0	0.0	
238	303	5654.604368196	8804.539882352941	8804.539882352941	0.001892	0.0	63	0	0	0	236	0	0	0	0	0.150541	0.0	0.0	0.0	0.205656	0.0	0.0	0.0	0.0	0.044157	0.0	0.0	0.0	5540.75	0.0	0.0	0.0	0.0	0.000701	0.0	0.0	0.0	23.4777	0.0	0.0	0.0	0.0	7	0	0	0	82	0	0	0	0	0	0	0	0	1	0	0	0	0	13	0	0	0	147	0	0	0	0	9	0	0	0	6	0	0	0	0	1	0	0	0	0	0	0	0	0	33	0	0	0	0	0	0	0	0	0.150541	0.0	0.0	0.0	0.205656	0.0	0.0	0.0	0.0	0.422634	0.0	0.0	0.0	0.577366	0.0	0.0	0.0	0.0	
239	304	5671.255905819	8804.539882352941	8804.539882352941	0.001795	0.0	63	0	0	0	237	0	0	0	0	0.150541	0.0	0.0	0.0	0.187846	0.0	0.0	0.0	0.0	0.044157	0.0	0.0	0.0	5557.4	0.0	0.0	0.0	0.0	0.000701	0.0	0.0	0.0	23.4489	0.0	0.0	0.0	0.0	7	0	0	0	82	0	0	0	0	0	0	0	0	1	0	0	0	0	13	0	0	0	147	0	0	0	0	9	0	0	0	7	0	0	0	0	1	0	0	0	0	0	0	0	0	33	0	0	0	0	0	0	0	0	0.150541	0.0	0.0	0.0	0.187846	0.0	0.0	0.0	0.0	0.444878	0.0	0.0	0.0	0.555122	0.0	0.0	0.0	0.0	
240	305	5687.984863853	8804.539882352941	8804.539882352941	0.001739	0.0	63	0	0	0	238	0	0	0	0	0.150541	0.0	0.0	0.0	0.170927	0.0	0.0	0.0	0.0	0.044157	0.0	0.0	0.0	5574.13	0.0	0.0	0.0	0.0	0.000701	0.0	0.0	0.0	23.4207	0.0	0.0	0.0	0.0	7	0	0	0	82	0	0	0	0	0	0	0	0	1	0	0	0	0	13	0	0	0	147	0	0	0	0	9	0	0	0	8	0	0	0	0	1	0	0	0	0	0	0	0	0	33	0	0	0	0	0	0	0	0	0.150541	0.0	0.0	0.0	0.170927	0.0	0.0	0.0	0.0	0.468292	0.0	0.0	0.0	0.531708	0.0	0.0	0.0	0.0	
241	306	5706.351076172	8804.539882352941	8804.539882352941	0.001683	0.0	63	0	0	0	239	0	0	0	0	0.150541	0.0	0.0	0.0	0.154853	0.0	0.0	0.0	0.0	0.044157	0.0	0.0	0.0	5592.5	0.0	0.0	0.0	0.0	0.000701	0.0	0.0	0.0	23.3996	0.0	0.0	0.0	0.0	7	0	0	0	82	0	0	0	0	0	0	0	0	1	0	0	0	0	13	0	0	0	147	0	0	0	0	9	0	0	0	9	0	0	0	0	1	0	0	0	0	0	0	0	0	33	0	0	0	0	0	0	0	0	0.150541	0.0	0.0	0.0	0.154853	0.0	0.0	0.0	0.0	0.492939	0.0	0.0	0.0	0.507061	0.0	0.0	0.0	0.0	
242	307	5887.327672759	8804.539882352941	8804.539882352941	0.001625	0.0	63	0	0	0	240	0	0	0	0	0.150541	0.0	0.0	0.0	0.139584	0.0	0.0	0.0	0.0	0.044157	0.0	0.0	0.0	5773.47	0.0	0.0	0.0	0.0	0.000701	0.0	0.0	0.0	24.0561	0.0	0.0	0.0	0.0	7	0	0	0	82	0	0	0	0	0	0	0	0	1	0	0	0	0	13	0	0	0	147	0	0	0	0	9	0	0	0	10	0	0	0	0	1	0	0	0	0	0	0	0	0	33	0	0	0	0	0	0	0	0	0.150541	0.0	0.0	0.0	0.139584	0.0	0.0	0.0	0.0	0.518883	0.0	0.0	0.0	0.481117	0.0	0.0	0.0	0.0	
243	310	5914.913765488	8775.015	8775.015	0.001145	0.0	65	0	0	0	241	0	0	0	0	0.122431	0.0	0.0	0.0	0.220339	0.0	0.0	0.0	0.0	0.045334	0.0	0.0	0.0	5801.06	0.0	0.0	0.0	0.0	0.000697	0.0	0.0	0.0	24.0708	0.0	0.0	0.0	0.0	7	0	0	0	83	0	0	0	0	0	0	0	0	1	0	0	0	0	14	0	0	0	147	0	0	0	0	9	0	0	0	10	0	0	0	0	1	0	0	0	0	0	0	0	0	34	0	0	0	0	0	0	0	0	0.122431	0.0	0.0	0.0	0.220339	0.0	0.0	0.0	0.0	0.357182	0.0	0.0	0.0	0.642818	0.0	0.0	0.0	0.0	
244	313	5932.881439362	8775.015	8775.015	0.001086	0.0	67	0	0	0	242	0	0	0	0	0.099169	0.0	0.0	0.0	0.204363	0.0	0.0	0.0	0.0	0.046288	0.0	0.0	0.0	5819.02	0.0	0.0	0.0	0.0	0.000691	0.0	0.0	0.0	24.0456	0.0	0.0	0.0	0.0	7	0	0	0	83	0	0	0	0	0	0	0	0	1	0	0	0	0	15	0	0	0	148	0	0	0	0	9	0	0	0	10	0	0	0	0	1	0	0	0	0	0	0	0	0	35	0	0	0	0	0	0	0	0	0.099169	0.0	0.0	0.0	0.204363	0.0	0.0	0.0	0.0	0.326717	0.0	0.0	0.0	0.673283	0.0	0.0	0.0	0.0	
245	315	5946.825816813	8775.015	8775.015	0.001049	0.0	68	0	0	0	243	0	0	0	0	0.089252	0.0	0.0	0.0	0.189683	0.0	0.0	0.0	0.0	0.046749	0.0	0.0	0.0	5832.97	0.0	0.0	0.0	0.0	0.000687	0.0	0.0	0.0	24.004	0.0	0.0	0.0	0.0	7	0	0	0	83	0	0	0	0	0	0	0	0	1	0	0	0	0	15	0	0	0	149	0	0	0	0	9	0	0	0	10	0	0	0	0	1	0	0	0	0	0	0	0	0	36	0	0	0	0	0	0	0	0	0.089252	0.0	0.0	0.0	0.189683	0.0	0.0	0.0	0.0	0.319975	0.0	0.0	0.0	0.680025	0.0	0.0	0.0	0.0	
246	318	5978.512774517	8775.01088235294	8775.01088235294	0.001021	0.0	70	0	0	0	244	0	0	0	0	0.162294	0.0	0.0	0.0	0.172084	0.0	0.0	0.0	0.0	0.048475	0.0	0.0	0.0	5864.65	0.0	0.0	0.0	0.0	0.000693	0.0	0.0	0.0	24.0355	0.0	0.0	0.0	0.0	8	0	0	0	83	0	0	0	0	0	0	0	0	1	0	0	0	0	15	0	0	0	149	0	0	0	0	10	0	0	0	11	0	0	0	0	1	0	0	0	0	0	0	0	0	36	0	0	0	0	0	0	0	0	0.162294	0.0	0.0	0.0	0.172084	0.0	0.0	0.0	0.0	0.485362	0.0	0.0	0.0	0.514638	0.0	0.0	0.0	0.0	
247	321	5998.266152769	8775.01088235294	8775.01088235294	0.00096	0.0	72	0	0	0	245	0	0	0	0	0.131458	0.0	0.0	0.0	0.156907	0.0	0.0	0.0	0.0	0.049575	0.0	0.0	0.0	5884.4	0.0	0.0	0.0	0.0	0.000689	0.0	0.0	0.0	24.018	0.0	0.0	0.0	0.0	8	0	0	0	83	0	0	0	0	0	0	0	0	1	0	0	0	0	16	0	0	0	149	0	0	0	0	10	0	0	0	12	0	0	0	0	1	0	0	0	0	0	0	0	0	37	0	0	0	0	0	0	0	0	0.131458	0.0	0.0	0.0	0.156907	0.0	0.0	0.0	0.0	0.455875	0.0	0.0	0.0	0.544125	0.0	0.0	0.0	0.0	
248	324	6015.812171188	8775.01088235294	8775.01088235294	0.000924	0.0	74	0	0	0	246	0	0	0	0	0.106481	0.0	0.0	0.0	0.143737	0.0	0.0	0.0	0.0	0.050985	0.0	0.0	0.0	5901.95	0.0	0.0	0.0	0.0	0.000689	0.0	0.0	0.0	23.9917	0.0	0.0	0.0	0.0	8	0	0	0	83	0	0	0	0	0	0	0	0	1	0	0	0	0	16	0	0	0	149	0	0	0	0	11	0	0	0	13	0	0	0	0	1	0	0	0	0	0	0	0	0	38	0	0	0	0	0	0	0	0	0.106481	0.0	0.0	0.0	0.143737	0.0	0.0	0.0	0.0	0.425553	0.0	0.0	0.0	0.574447	0.0	0.0	0.0	0.0	
249	327	6034.303248355	8775.01088235294	8775.01088235294	0.000893	0.0	76	0	0	0	247	0	0	0	0	0.08625	0.0	0.0	0.0	0.132238	0.0	0.0	0.0	0.0	0.05177	0.0	0.0	0.0	5920.44	0.0	0.0	0.0	0.0	0.000681	0.0	0.0	0.0	23.9694	0.0	0.0	0.0	0.0	8	0	0	0	83	0	0	0	0	0	0	0	0	1	0	0	0	0	16	0	0	0	149	0	0	0	0	11	0	0	0	14	0	0	0	0	1	0	0	0	0	0	0	0	0	40	0	0	0	0	0	0	0	0	0.08625	0.0	0.0	0.0	0.132238	0.0	0.0	0.0	0.0	0.394758	0.0	0.0	0.0	0.605242	0.0	0.0	0.0	0.0	
250	328	6051.320550657	8775.01088235294	8775.01088235294	0.000862	0.0	76	0	0	0	248	0	0	0	0	0.08625	0.0	0.0	0.0	0.121313	0.0	0.0	0.0	0.0	0.05177	0.0	0.0	0.0	5937.46	0.0	0.0	0.0	0.0	0.000681	0.0	0.0	0.0	23.9414	0.0	0.0	0.0	0.0	8	0	0	0	83	0	0	0	0	0	0	0	0	1	0	0	0	0	16	0	0	0	149	0	0	0	0	11	0	0	0	15	0	0	0	0	1	0	0	0	0	0	0	0	0	40	0	0	0	0	0	0	0	0	0.08625	0.0	0.0	0.0	0.121313	0.0	0.0	0.0	0.0	0.415535	0.0	0.0	0.0	0.584465	0.0	0.0	0.0	0.0	
251	330	6089.528235607	8775.01088235294	8775.01088235294	0.000834	0.0	77	0	0	0	249	0	0	0	0	0.077625	0.0	0.0	0.0	0.111367	0.0	0.0	0.0	0.0	0.052267	0.0	0.0	0.0	5975.66	0.0	0.0	0.0	0.0	0.000679	0.0	0.0	0.0	23.9987	0.0	0.0	0.0	0.0	8	0	0	0	83	0	0	0	0	0	0	0	0	1	0	0	0	0	16	0	0	0	149	0	0	0	0	11	0	0	0	16	0	0	0	0	1	0	0	0	0	0	0	0	0	41	0	0	0	0	0	0	0	0	0.077625	0.0	0.0	0.0	0.111367	0.0	0.0	0.0	0.0	0.410732	0.0	0.0	0.0	0.589268	0.0	0.0	0.0	0.0	
252	332	6107.731710766	8775.01088235294	8775.01088235294	0.000775	0.0	78	0	0	0	250	0	0	0	0	0.069862	0.0	0.0	0.0	0.102305	0.0	0.0	0.0	0.0	0.052887	0.0	0.0	0.0	5993.87	0.0	0.0	0.0	0.0	0.000678	0.0	0.0	0.0	23.9755	0.0	0.0	0.0	0.0	8	0	0	0	83	0	0	0	0	0	0	0	0	1	0	0	0	0	16	0	0	0	149	0	0	0	0	11	0	0	0	17	0	0	0	0	1	0	0	0	0	0	0	0	0	42	0	0	0	0	0	0	0	0	0.069862	0.0	0.0	0.0	0.102305	0.0	0.0	0.0	0.0	0.405782	0.0	0.0	0.0	0.594218	0.0	0.0	0.0	0.0	
253	333	6128.02865874	8775.01088235294	8775.01088235294	0.000748	0.0	78	0	0	0	251	0	0	0	0	0.069862	0.0	0.0	0.0	0.093697	0.0	0.0	0.0	0.0	0.052887	0.0	0.0	0.0	6014.16	0.0	0.0	0.0	0.0	0.000678	0.0	0.0	0.0	23.9608	0.0	0.0	0.0	0.0	8	0	0	0	83	0	0	0	0	0	0	0	0	1	0	0	0	0	16	0	0	0	149	0	0	0	0	11	0	0	0	18	0	0	0	0	1	0	0	0	0	0	0	0	0	42	0	0	0	0	0	0	0	0	0.069862	0.0	0.0	0.0	0.093697	0.0	0.0	0.0	0.0	0.427138	0.0	0.0	0.0	0.572862	0.0	0.0	0.0	0.0	
254	336	6165.21447661	8775.01088235294	8775.01088235294	0.000719	0.0	80	0	0	0	252	0	0	0	0	0.056588	0.0	0.0	0.0	0.086182	0.0	0.0	0.0	0.0	0.054693	0.0	0.0	0.0	6051.35	0.0	0.0	0.0	0.0	0.000684	0.0	0.0	0.0	24.0133	0.0	0.0	0.0	0.0	8	0	0	0	83	0	0	0	0	0	0	0	0	1	0	0	0	0	16	0	0	0	149	0	0	0	0	12	0	0	0	19	0	0	0	0	1	0	0	0	0	0	0	0	0	43	0	0	0	0	0	0	0	0	0.056588	0.0	0.0	0.0	0.086182	0.0	0.0	0.0	0.0	0.396359	0.0	0.0	0.0	0.603641	0.0	0.0	0.0	0.0	
255	338	6188.421793591	8775.01088235294	8775.01088235294	0.000669	0.0	81	0	0	0	253	0	0	0	0	0.05093	0.0	0.0	0.0	0.079327	0.0	0.0	0.0	0.0	0.055512	0.0	0.0	0.0	6074.55	0.0	0.0	0.0	0.0	0.000685	0.0	0.0	0.0	24.0101	0.0	0.0	0.0	0.0	8	0	0	0	83	0	0	0	0	0	0	0	0	1	0	0	0	0	17	0	0	0	149	0	0	0	0	12	0	0	0	20	0	0	0	0	1	0	0	0	0	0	0	0	0	43	0	0	0	0	0	0	0	0	0.05093	0.0	0.0	0.0	0.079327	0.0	0.0	0.0	0.0	0.390995	0.0	0.0	0.0	0.609005	0.0	0.0	0.0	0.0	
256	342	6214.210157405	8775.01088235294	8775.01088235294	0.00064	0.0	84	0	0	0	254	0	0	0	0	0.037128	0.0	0.0	0.0	0.073504	0.0	0.0	0.0	0.0	0.056918	0.0	0.0	0.0	6100.34	0.0	0.0	0.0	0.0	0.000678	0.0	0.0	0.0	24.0171	0.0	0.0	0.0	0.0	8	0	0	0	83	0	0	0	0	0	0	0	0	1	0	0	0	0	17	0	0	0	149	0	0	0	0	12	0	0	0	21	0	0	0	0	1	0	0	0	0	0	0	0	0	46	0	0	0	0	0	0	0	0	0.037128	0.0	0.0	0.0	0.073504	0.0	0.0	0.0	0.0	0.335597	0.0	0.0	0.0	0.664403	0.0	0.0	0.0	0.0	
257	343	6230.788458906	8775.01088235294	8775.01088235294	0.000609	0.0	84	0	0	0	255	0	0	0	0	0.037128	0.0	0.0	0.0	0.067972	0.0	0.0	0.0	0.0	0.056918	0.0	0.0	0.0	6116.92	0.0	0.0	0.0	0.0	0.000678	0.0	0.0	0.0	23.9879	0.0	0.0	0.0	0.0	8	0	0	0	83	0	0	0	0	0	0	0	0	1	0	0	0	0	17	0	0	0	149	0	0	0	0	12	0	0	0	22	0	0	0	0	1	0	0	0	0	0	0	0	0	46	0	0	0	0	0	0	0	0	0.037128	0.0	0.0	0.0	0.067972	0.0	0.0	0.0	0.0	0.35326	0.0	0.0	0.0	0.64674	0.0	0.0	0.0	0.0	
258	344	6254.639030781	8775.01088235294	8775.01088235294	0.00059	0.0	84	0	0	0	256	0	0	0	0	0.037128	0.0	0.0	0.0	0.062717	0.0	0.0	0.0	0.0	0.056918	0.0	0.0	0.0	6140.77	0.0	0.0	0.0	0.0	0.000678	0.0	0.0	0.0	23.9874	0.0	0.0	0.0	0.0	8	0	0	0	83	0	0	0	0	0	0	0	0	1	0	0	0	0	17	0	0	0	149	0	0	0	0	12	0	0	0	23	0	0	0	0	1	0	0	0	0	0	0	0	0	46	0	0	0	0	0	0	0	0	0.037128	0.0	0.0	0.0	0.062717	0.0	0.0	0.0	0.0	0.371853	0.0	0.0	0.0	0.628147	0.0	0.0	0.0	0.0	
259	345	6271.114871962	8775.01088235294	8775.01088235294	0.000563	0.0	84	0	0	0	257	0	0	0	0	0.037128	0.0	0.0	0.0	0.057725	0.0	0.0	0.0	0.0	0.056918	0.0	0.0	0.0	6157.25	0.0	0.0	0.0	0.0	0.000678	0.0	0.0	0.0	23.9582	0.0	0.0	0.0	0.0	8	0	0	0	83	0	0	0	0	0	0	0	0	1	0	0	0	0	17	0	0	0	149	0	0	0	0	12	0	0	0	24	0	0	0	0	1	0	0	0	0	0	0	0	0	46	0	0	0	0	0	0	0	0	0.037128	0.0	0.0	0.0	0.057725	0.0	0.0	0.0	0.0	0.391424	0.0	0.0	0.0	0.608576	0.0	0.0	0.0	0.0	
260	346	6304.508204928	8775.01088235294	8775.01088235294	0.000545	0.0	84	0	0	0	258	0	0	0	0	0.037128	0.0	0.0	0.0	0.052983	0.0	0.0	0.0	0.0	0.056918	0.0	0.0	0.0	6190.64	0.0	0.0	0.0	0.0	0.000678	0.0	0.0	0.0	23.9947	0.0	0.0	0.0	0.0	8	0	0	0	83	0	0	0	0	0	0	0	0	1	0	0	0	0	17	0	0	0	149	0	0	0	0	12	0	0	0	25	0	0	0	0	1	0	0	0	0	0	0	0	0	46	0	0	0	0	0	0	0	0	0.037128	0.0	0.0	0.0	0.052983	0.0	0.0	0.0	0.0	0.412025	0.0	0.0	0.0	0.587975	0.0	0.0	0.0	0.0	
261	348	6326.783333606	8775.01088235294	8775.01088235294	0.000511	0.0	85	0	0	0	259	0	0	0	0	0.033415	0.0	0.0	0.0	0.048663	0.0	0.0	0.0	0.0	0.058066	0.0	0.0	0.0	6212.91	0.0	0.0	0.0	0.0	0.000683	0.0	0.0	0.0	23.9881	0.0	0.0	0.0	0.0	8	0	0	0	83	0	0	0	0	0	0	0	0	1	0	0	0	0	17	0	0	0	149	0	0	0	0	13	0	0	0	26	0	0	0	0	1	0	0	0	0	0	0	0	0	46	0	0	0	0	0	0	0	0	0.033415	0.0	0.0	0.0	0.048663	0.0	0.0	0.0	0.0	0.407114	0.0	0.0	0.0	0.592886	0.0	0.0	0.0	0.0	
262	349	6343.337550418	8775.01088235294	8775.01088235294	0.00049	0.0	85	0	0	0	260	0	0	0	0	0.033415	0.0	0.0	0.0	0.044559	0.0	0.0	0.0	0.0	0.058066	0.0	0.0	0.0	6229.47	0.0	0.0	0.0	0.0	0.000683	0.0	0.0	0.0	23.9595	0.0	0.0	0.0	0.0	8	0	0	0	83	0	0	0	0	0	0	0	0	1	0	0	0	0	17	0	0	0	149	0	0	0	0	13	0	0	0	27	0	0	0	0	1	0	0	0	0	0	0	0	0	46	0	0	0	0	0	0	0	0	0.033415	0.0	0.0	0.0	0.044559	0.0	0.0	0.0	0.0	0.428541	0.0	0.0	0.0	0.571459	0.0	0.0	0.0	0.0	
263	350	6366.082712033	8775.01088235294	8775.01088235294	0.000474	0.0	85	0	0	0	261	0	0	0	0	0.033415	0.0	0.0	0.0	0.04066	0.0	0.0	0.0	0.0	0.058066	0.0	0.0	0.0	6252.21	0.0	0.0	0.0	0.0	0.000683	0.0	0.0	0.0	23.9548	0.0	0.0	0.0	0.0	8	0	0	0	83	0	0	0	0	0	0	0	0	1	0	0	0	0	17	0	0	0	149	0	0	0	0	13	0	0	0	28	0	0	0	0	1	0	0	0	0	0	0	0	0	46	0	0	0	0	0	0	0	0	0.033415	0.0	0.0	0.0	0.04066	0.0	0.0	0.0	0.0	0.451096	0.0	0.0	0.0	0.548904	0.0	0.0	0.0	0.0	
264	353	6387.019438433	8775.01088235294	8775.01088235294	0.000454	0.0	87	0	0	0	262	0	0	0	0	0.027066	0.0	0.0	0.0	0.037274	0.0	0.0	0.0	0.0	0.059011	0.0	0.0	0.0	6273.15	0.0	0.0	0.0	0.0	0.000678	0.0	0.0	0.0	23.9433	0.0	0.0	0.0	0.0	8	0	0	0	83	0	0	0	0	0	0	0	0	1	0	0	0	0	17	0	0	0	149	0	0	0	0	13	0	0	0	29	0	0	0	0	1	0	0	0	0	0	0	0	0	48	0	0	0	0	0	0	0	0	0.027066	0.0	0.0	0.0	0.037274	0.0	0.0	0.0	0.0	0.420674	0.0	0.0	0.0	0.579326	0.0	0.0	0.0	0.0	
265	354	6403.705932567	8775.01088235294	8775.01088235294	0.000436	0.0	87	0	0	0	263	0	0	0	0	0.027066	0.0	0.0	0.0	0.034057	0.0	0.0	0.0	0.0	0.059011	0.0	0.0	0.0	6289.83	0.0	0.0	0.0	0.0	0.000678	0.0	0.0	0.0	23.9157	0.0	0.0	0.0	0.0	8	0	0	0	83	0	0	0	0	0	0	0	0	1	0	0	0	0	17	0	0	0	149	0	0	0	0	13	0	0	0	30	0	0	0	0	1	0	0	0	0	0	0	0	0	48	0	0	0	0	0	0	0	0	0.027066	0.0	0.0	0.0	0.034057	0.0	0.0	0.0	0.0	0.442814	0.0	0.0	0.0	0.557186	0.0	0.0	0.0	0.0	
266	355	6432.528869338	8770.515	8770.515	0.000422	0.0	87	0	0	0	264	0	0	0	0	0.027066	0.0	0.0	0.0	0.120737	0.0	0.0	0.0	0.0	0.059011	0.0	0.0	0.0	6318.66	0.0	0.0	0.0	0.0	0.000678	0.0	0.0	0.0	23.9343	0.0	0.0	0.0	0.0	8	0	0	0	84	0	0	0	0	0	0	0	0	1	0	0	0	0	17	0	0	0	149	0	0	0	0	13	0	0	0	30	0	0	0	0	1	0	0	0	0	0	0	0	0	48	0	0	0	0	0	0	0	0	0.027066	0.0	0.0	0.0	0.120737	0.0	0.0	0.0	0.0	0.183122	0.0	0.0	0.0	0.816878	0.0	0.0	0.0	0.0	
267	356	6447.290280247	8770.515	8770.515	0.000399	0.0	87	0	0	0	265	0	0	0	0	0.027066	0.0	0.0	0.0	0.113347	0.0	0.0	0.0	0.0	0.059011	0.0	0.0	0.0	6333.42	0.0	0.0	0.0	0.0	0.000678	0.0	0.0	0.0	23.8997	0.0	0.0	0.0	0.0	8	0	0	0	84	0	0	0	0	0	0	0	0	1	0	0	0	0	17	0	0	0	150	0	0	0	0	13	0	0	0	30	0	0	0	0	1	0	0	0	0	0	0	0	0	48	0	0	0	0	0	0	0	0	0.027066	0.0	0.0	0.0	0.113347	0.0	0.0	0.0	0.0	0.19276	0.0	0.0	0.0	0.80724	0.0	0.0	0.0	0.0	
268	358	6463.542426864	8770.515	8770.515	0.000388	0.0	88	0	0	0	266	0	0	0	0	0.02436	0.0	0.0	0.0	0.106462	0.0	0.0	0.0	0.0	0.059583	0.0	0.0	0.0	6349.67	0.0	0.0	0.0	0.0	0.000677	0.0	0.0	0.0	23.8709	0.0	0.0	0.0	0.0	8	0	0	0	84	0	0	0	0	0	0	0	0	1	0	0	0	0	17	0	0	0	151	0	0	0	0	13	0	0	0	30	0	0	0	0	1	0	0	0	0	0	0	0	0	49	0	0	0	0	0	0	0	0	0.02436	0.0	0.0	0.0	0.106462	0.0	0.0	0.0	0.0	0.186204	0.0	0.0	0.0	0.813796	0.0	0.0	0.0	0.0	
269	359	6478.001890908	8770.515	8770.515	0.000376	0.0	88	0	0	0	267	0	0	0	0	0.02436	0.0	0.0	0.0	0.099921	0.0	0.0	0.0	0.0	0.059583	0.0	0.0	0.0	6364.13	0.0	0.0	0.0	0.0	0.000677	0.0	0.0	0.0	23.8357	0.0	0.0	0.0	0.0	8	0	0	0	84	0	0	0	0	0	0	0	0	1	0	0	0	0	17	0	0	0	152	0	0	0	0	13	0	0	0	30	0	0	0	0	1	0	0	0	0	0	0	0	0	49	0	0	0	0	0	0	0	0	0.02436	0.0	0.0	0.0	0.099921	0.0	0.0	0.0	0.0	0.196005	0.0	0.0	0.0	0.803995	0.0	0.0	0.0	0.0	
270	360	6492.51743006	8770.515	8770.515	0.000366	0.0	88	0	0	0	268	0	0	0	0	0.02436	0.0	0.0	0.0	0.093707	0.0	0.0	0.0	0.0	0.059583	0.0	0.0	0.0	6378.65	0.0	0.0	0.0	0.0	0.000677	0.0	0.0	0.0	23.8009	0.0	0.0	0.0	0.0	8	0	0	0	84	0	0	0	0	0	0	0	0	1	0	0	0	0	17	0	0	0	153	0	0	0	0	13	0	0	0	30	0	0	0	0	1	0	0	0	0	0	0	0	0	49	0	0	0	0	0	0	0	0	0.02436	0.0	0.0	0.0	0.093707	0.0	0.0	0.0	0.0	0.206321	0.0	0.0	0.0	0.793679	0.0	0.0	0.0	0.0	
271	361	6506.284417117	8770.515	8770.515	0.000356	0.0	88	0	0	0	269	0	0	0	0	0.02436	0.0	0.0	0.0	0.087804	0.0	0.0	0.0	0.0	0.059583	0.0	0.0	0.0	6392.41	0.0	0.0	0.0	0.0	0.000677	0.0	0.0	0.0	23.7636	0.0	0.0	0.0	0.0	8	0	0	0	84	0	0	0	0	0	0	0	0	1	0	0	0	0	17	0	0	0	154	0	0	0	0	13	0	0	0	30	0	0	0	0	1	0	0	0	0	0	0	0	0	49	0	0	0	0	0	0	0	0	0.02436	0.0	0.0	0.0	0.087804	0.0	0.0	0.0	0.0	0.21718	0.0	0.0	0.0	0.78282	0.0	0.0	0.0	0.0	
272	363	6528.969047279	8770.515	8770.515	0.000346	0.0	89	0	0	0	270	0	0	0	0	0.021924	0.0	0.0	0.0	0.082317	0.0	0.0	0.0	0.0	0.060486	0.0	0.0	0.0	6415.1	0.0	0.0	0.0	0.0	0.00068	0.0	0.0	0.0	23.7596	0.0	0.0	0.0	0.0	8	0	0	0	84	0	0	0	0	0	0	0	0	1	0	0	0	0	18	0	0	0	155	0	0	0	0	13	0	0	0	30	0	0	0	0	1	0	0	0	0	0	0	0	0	49	0	0	0	0	0	0	0	0	0.021924	0.0	0.0	0.0	0.082317	0.0	0.0	0.0	0.0	0.210317	0.0	0.0	0.0	0.789683	0.0	0.0	0.0	0.0	
273	364	6553.740899082	8770.515	8770.515	0.000331	0.0	89	0	0	0	271	0	0	0	0	0.021924	0.0	0.0	0.0	0.077105	0.0	0.0	0.0	0.0	0.060486	0.0	0.0	0.0	6439.87	0.0	0.0	0.0	0.0	0.00068	0.0	0.0	0.0	23.7634	0.0	0.0	0.0	0.0	8	0	0	0	84	0	0	0	0	0	0	0	0	1	0	0	0	0	18	0	0	0	156	0	0	0	0	13	0	0	0	30	0	0	0	0	1	0	0	0	0	0	0	0	0	49	0	0	0	0	0	0	0	0	0.021924	0.0	0.0	0.0	0.077105	0.0	0.0	0.0	0.0	0.221386	0.0	0.0	0.0	0.778614	0.0	0.0	0.0	0.0	
274	366	6584.626889032	8769.015	8769.015	0.000316	0.0	90	0	0	0	272	0	0	0	0	0.019731	0.0	0.0	0.0	0.135058	0.0	0.0	0.0	0.0	0.061034	0.0	0.0	0.0	6470.75	0.0	0.0	0.0	0.0	0.000678	0.0	0.0	0.0	23.7895	0.0	0.0	0.0	0.0	8	0	0	0	85	0	0	0	0	0	0	0	0	1	0	0	0	0	18	0	0	0	156	0	0	0	0	13	0	0	0	30	0	0	0	0	1	0	0	0	0	0	0	0	0	50	0	0	0	0	0	0	0	0	0.019731	0.0	0.0	0.0	0.135058	0.0	0.0	0.0	0.0	0.127471	0.0	0.0	0.0	0.872529	0.0	0.0	0.0	0.0	
275	367	6598.324480325	8769.015	8769.015	0.000298	0.0	90	0	0	0	273	0	0	0	0	0.019731	0.0	0.0	0.0	0.127319	0.0	0.0	0.0	0.0	0.061034	0.0	0.0	0.0	6484.45	0.0	0.0	0.0	0.0	0.000678	0.0	0.0	0.0	23.7526	0.0	0.0	0.0	0.0	8	0	0	0	85	0	0	0	0	0	0	0	0	1	0	0	0	0	18	0	0	0	157	0	0	0	0	13	0	0	0	30	0	0	0	0	1	0	0	0	0	0	0	0	0	50	0	0	0	0	0	0	0	0	0.019731	0.0	0.0	0.0	0.127319	0.0	0.0	0.0	0.0	0.13418	0.0	0.0	0.0	0.86582	0.0	0.0	0.0	0.0	
276	368	6612.099719245	8769.015	8769.015	0.00029	0.0	90	0	0	0	274	0	0	0	0	0.019731	0.0	0.0	0.0	0.119966	0.0	0.0	0.0	0.0	0.061034	0.0	0.0	0.0	6498.23	0.0	0.0	0.0	0.0	0.000678	0.0	0.0	0.0	23.7162	0.0	0.0	0.0	0.0	8	0	0	0	85	0	0	0	0	0	0	0	0	1	0	0	0	0	18	0	0	0	158	0	0	0	0	13	0	0	0	30	0	0	0	0	1	0	0	0	0	0	0	0	0	50	0	0	0	0	0	0	0	0	0.019731	0.0	0.0	0.0	0.119966	0.0	0.0	0.0	0.0	0.141242	0.0	0.0	0.0	0.858758	0.0	0.0	0.0	0.0	
277	369	6627.154239537	8769.015	8769.015	0.000282	0.0	90	0	0	0	275	0	0	0	0	0.019731	0.0	0.0	0.0	0.112981	0.0	0.0	0.0	0.0	0.061034	0.0	0.0	0.0	6513.28	0.0	0.0	0.0	0.0	0.000678	0.0	0.0	0.0	23.6847	0.0	0.0	0.0	0.0	8	0	0	0	85	0	0	0	0	0	0	0	0	1	0	0	0	0	18	0	0	0	159	0	0	0	0	13	0	0	0	30	0	0	0	0	1	0	0	0	0	0	0	0	0	50	0	0	0	0	0	0	0	0	0.019731	0.0	0.0	0.0	0.112981	0.0	0.0	0.0	0.0	0.148676	0.0	0.0	0.0	0.851324	0.0	0.0	0.0	0.0	
278	370	6681.492533324	8769.015	8769.015	0.000274	0.0	90	0	0	0	276	0	0	0	0	0.019731	0.0	0.0	0.0	0.106346	0.0	0.0	0.0	0.0	0.061034	0.0	0.0	0.0	6567.62	0.0	0.0	0.0	0.0	0.000678	0.0	0.0	0.0	23.7957	0.0	0.0	0.0	0.0	8	0	0	0	85	0	0	0	0	0	0	0	0	1	0	0	0	0	18	0	0	0	160	0	0	0	0	13	0	0	0	30	0	0	0	0	1	0	0	0	0	0	0	0	0	50	0	0	0	0	0	0	0	0	0.019731	0.0	0.0	0.0	0.106346	0.0	0.0	0.0	0.0	0.156501	0.0	0.0	0.0	0.843499	0.0	0.0	0.0	0.0	
279	371	6698.366783391	8769.015	8769.015	0.000247	0.0	90	0	0	0	277	0	0	0	0	0.019731	0.0	0.0	0.0	0.100042	0.0	0.0	0.0	0.0	0.061034	0.0	0.0	0.0	6584.49	0.0	0.0	0.0	0.0	0.000678	0.0	0.0	0.0	23.7707	0.0	0.0	0.0	0.0	8	0	0	0	85	0	0	0	0	0	0	0	0	1	0	0	0	0	18	0	0	0	161	0	0	0	0	13	0	0	0	30	0	0	0	0	1	0	0	0	0	0	0	0	0	50	0	0	0	0	0	0	0	0	0.019731	0.0	0.0	0.0	0.100042	0.0	0.0	0.0	0.0	0.164738	0.0	0.0	0.0	0.835262	0.0	0.0	0.0	0.0	
280	372	6718.763964943	8769.015	8769.015	0.000239	0.0	90	0	0	0	278	0	0	0	0	0.019731	0.0	0.0	0.0	0.094053	0.0	0.0	0.0	0.0	0.061034	0.0	0.0	0.0	6604.89	0.0	0.0	0.0	0.0	0.000678	0.0	0.0	0.0	23.7586	0.0	0.0	0.0	0.0	8	0	0	0	85	0	0	0	0	0	0	0	0	1	0	0	0	0	18	0	0	0	162	0	0	0	0	13	0	0	0	30	0	0	0	0	1	0	0	0	0	0	0	0	0	50	0	0	0	0	0	0	0	0	0.019731	0.0	0.0	0.0	0.094053	0.0	0.0	0.0	0.0	0.173409	0.0	0.0	0.0	0.826591	0.0	0.0	0.0	0.0	
281	373	6749.443097686	8769.015	8769.015	0.00023	0.0	90	0	0	0	279	0	0	0	0	0.019731	0.0	0.0	0.0	0.088364	0.0	0.0	0.0	0.0	0.061034	0.0	0.0	0.0	6635.57	0.0	0.0	0.0	0.0	0.000678	0.0	0.0	0.0	23.7834	0.0	0.0	0.0	0.0	8	0	0	0	85	0	0	0	0	0	0	0	0	1	0	0	0	0	18	0	0	0	163	0	0	0	0	13	0	0	0	30	0	0	0	0	1	0	0	0	0	0	0	0	0	50	0	0	0	0	0	0	0	0	0.019731	0.0	0.0	0.0	0.088364	0.0	0.0	0.0	0.0	0.182535	0.0	0.0	0.0	0.817465	0.0	0.0	0.0	0.0	
282	374	6787.271430182	8766.015	8766.015	0.000216	0.0	90	0	0	0	280	0	0	0	0	0.019731	0.0	0.0	0.0	0.144124	0.0	0.0	0.0	0.0	0.061034	0.0	0.0	0.0	6673.4	0.0	0.0	0.0	0.0	0.000678	0.0	0.0	0.0	23.8336	0.0	0.0	0.0	0.0	8	0	0	0	86	0	0	0	0	0	0	0	0	1	0	0	0	0	18	0	0	0	163	0	0	0	0	13	0	0	0	30	0	0	0	0	1	0	0	0	0	0	0	0	0	50	0	0	0	0	0	0	0	0	0.019731	0.0	0.0	0.0	0.144124	0.0	0.0	0.0	0.0	0.120418	0.0	0.0	0.0	0.879582	0.0	0.0	0.0	0.0	
283	375	6804.363441477	8765.015	8765.015	0.000201	0.0	90	0	0	0	281	0	0	0	0	0.019731	0.0	0.0	0.0	0.192776	0.0	0.0	0.0	0.0	0.061034	0.0	0.0	0.0	6690.49	0.0	0.0	0.0	0.0	0.000678	0.0	0.0	0.0	23.8096	0.0	0.0	0.0	0.0	8	0	0	0	87	0	0	0	0	0	0	0	0	1	0	0	0	0	18	0	0	0	163	0	0	0	0	13	0	0	0	30	0	0	0	0	1	0	0	0	0	0	0	0	0	50	0	0	0	0	0	0	0	0	0.019731	0.0	0.0	0.0	0.192776	0.0	0.0	0.0	0.0	0.092849	0.0	0.0	0.0	0.907151	0.0	0.0	0.0	0.0	
284	376	6818.244159121	8765.015	8765.015	0.000195	0.0	90	0	0	0	282	0	0	0	0	0.019731	0.0	0.0	0.0	0.182151	0.0	0.0	0.0	0.0	0.061034	0.0	0.0	0.0	6704.37	0.0	0.0	0.0	0.0	0.000678	0.0	0.0	0.0	23.7744	0.0	0.0	0.0	0.0	8	0	0	0	87	0	0	0	0	0	0	0	0	1	0	0	0	0	18	0	0	0	164	0	0	0	0	13	0	0	0	30	0	0	0	0	1	0	0	0	0	0	0	0	0	50	0	0	0	0	0	0	0	0	0.019731	0.0	0.0	0.0	0.182151	0.0	0.0	0.0	0.0	0.097736	0.0	0.0	0.0	0.902264	0.0	0.0	0.0	0.0	
285	377	6837.925121023	8765.015	8765.015	0.000189	0.0	90	0	0	0	283	0	0	0	0	0.019731	0.0	0.0	0.0	0.172057	0.0	0.0	0.0	0.0	0.061034	0.0	0.0	0.0	6724.05	0.0	0.0	0.0	0.0	0.000678	0.0	0.0	0.0	23.7599	0.0	0.0	0.0	0.0	8	0	0	0	87	0	0	0	0	0	0	0	0	1	0	0	0	0	18	0	0	0	165	0	0	0	0	13	0	0	0	30	0	0	0	0	1	0	0	0	0	0	0	0	0	50	0	0	0	0	0	0	0	0	0.019731	0.0	0.0	0.0	0.172057	0.0	0.0	0.0	0.0	0.10288	0.0	0.0	0.0	0.89712	0.0	0.0	0.0	0.0	
286	379	6858.065244019	8763.515	8763.515	0.000182	0.0	91	0	0	0	284	0	0	0	0	0.017758	0.0	0.0	0.0	0.217727	0.0	0.0	0.0	0.0	0.061488	0.0	0.0	0.0	6744.19	0.0	0.0	0.0	0.0	0.000676	0.0	0.0	0.0	23.7472	0.0	0.0	0.0	0.0	8	0	0	0	88	0	0	0	0	0	0	0	0	1	0	0	0	0	18	0	0	0	165	0	0	0	0	13	0	0	0	30	0	0	0	0	1	0	0	0	0	0	0	0	0	51	0	0	0	0	0	0	0	0	0.017758	0.0	0.0	0.0	0.217727	0.0	0.0	0.0	0.0	0.075411	0.0	0.0	0.0	0.924589	0.0	0.0	0.0	0.0	
287	380	6885.958393097	8763.515	8763.515	0.000175	0.0	91	0	0	0	285	0	0	0	0	0.017758	0.0	0.0	0.0	0.205953	0.0	0.0	0.0	0.0	0.061488	0.0	0.0	0.0	6772.08	0.0	0.0	0.0	0.0	0.000676	0.0	0.0	0.0	23.7617	0.0	0.0	0.0	0.0	8	0	0	0	88	0	0	0	0	0	0	0	0	1	0	0	0	0	18	0	0	0	166	0	0	0	0	13	0	0	0	30	0	0	0	0	1	0	0	0	0	0	0	0	0	51	0	0	0	0	0	0	0	0	0.017758	0.0	0.0	0.0	0.205953	0.0	0.0	0.0	0.0	0.07938	0.0	0.0	0.0	0.92062	0.0	0.0	0.0	0.0	
288	381	6900.482867992	8763.515	8763.515	0.000166	0.0	91	0	0	0	286	0	0	0	0	0.017758	0.0	0.0	0.0	0.194767	0.0	0.0	0.0	0.0	0.061488	0.0	0.0	0.0	6786.61	0.0	0.0	0.0	0.0	0.000676	0.0	0.0	0.0	23.7294	0.0	0.0	0.0	0.0	8	0	0	0	88	0	0	0	0	0	0	0	0	1	0	0	0	0	18	0	0	0	167	0	0	0	0	13	0	0	0	30	0	0	0	0	1	0	0	0	0	0	0	0	0	51	0	0	0	0	0	0	0	0	0.017758	0.0	0.0	0.0	0.194767	0.0	0.0	0.0	0.0	0.083558	0.0	0.0	0.0	0.916442	0.0	0.0	0.0	0.0	
289	382	6915.537221136	8763.515	8763.515	0.000162	0.0	91	0	0	0	287	0	0	0	0	0.017758	0.0	0.0	0.0	0.184141	0.0	0.0	0.0	0.0	0.061488	0.0	0.0	0.0	6801.66	0.0	0.0	0.0	0.0	0.000676	0.0	0.0	0.0	23.6992	0.0	0.0	0.0	0.0	8	0	0	0	88	0	0	0	0	0	0	0	0	1	0	0	0	0	18	0	0	0	168	0	0	0	0	13	0	0	0	30	0	0	0	0	1	0	0	0	0	0	0	0	0	51	0	0	0	0	0	0	0	0	0.017758	0.0	0.0	0.0	0.184141	0.0	0.0	0.0	0.0	0.087955	0.0	0.0	0.0	0.912045	0.0	0.0	0.0	0.0	
290	383	6934.630921556	8763.515	8763.515	0.000157	0.0	91	0	0	0	288	0	0	0	0	0.017758	0.0	0.0	0.0	0.174046	0.0	0.0	0.0	0.0	0.061488	0.0	0.0	0.0	6820.76	0.0	0.0	0.0	0.0	0.000676	0.0	0.0	0.0	23.6832	0.0	0.0	0.0	0.0	8	0	0	0	88	0	0	0	0	0	0	0	0	1	0	0	0	0	18	0	0	0	169	0	0	0	0	13	0	0	0	30	0	0	0	0	1	0	0	0	0	0	0	0	0	51	0	0	0	0	0	0	0	0	0.017758	0.0	0.0	0.0	0.174046	0.0	0.0	0.0	0.0	0.092585	0.0	0.0	0.0	0.907415	0.0	0.0	0.0	0.0	
291	384	6951.463308163	8763.515	8763.515	0.000151	0.0	91	0	0	0	289	0	0	0	0	0.017758	0.0	0.0	0.0	0.164456	0.0	0.0	0.0	0.0	0.061488	0.0	0.0	0.0	6837.59	0.0	0.0	0.0	0.0	0.000676	0.0	0.0	0.0	23.6595	0.0	0.0	0.0	0.0	8	0	0	0	88	0	0	0	0	0	0	0	0	1	0	0	0	0	18	0	0	0	170	0	0	0	0	13	0	0	0	30	0	0	0	0	1	0	0	0	0	0	0	0	0	51	0	0	0	0	0	0	0	0	0.017758	0.0	0.0	0.0	0.164456	0.0	0.0	0.0	0.0	0.097457	0.0	0.0	0.0	0.902543	0.0	0.0	0.0	0.0	
292	385	6970.745135066	8763.515	8763.515	0.000146	0.0	91	0	0	0	290	0	0	0	0	0.017758	0.0	0.0	0.0	0.155345	0.0	0.0	0.0	0.0	0.061488	0.0	0.0	0.0	6856.87	0.0	0.0	0.0	0.0	0.000676	0.0	0.0	0.0	23.6444	0.0	0.0	0.0	0.0	8	0	0	0	88	0	0	0	0	0	0	0	0	1	0	0	0	0	18	0	0	0	171	0	0	0	0	13	0	0	0	30	0	0	0	0	1	0	0	0	0	0	0	0	0	51	0	0	0	0	0	0	0	0	0.017758	0.0	0.0	0.0	0.155345	0.0	0.0	0.0	0.0	0.102587	0.0	0.0	0.0	0.897413	0.0	0.0	0.0	0.0	
293	386	6985.32224425	8763.515	8763.515	0.000141	0.0	91	0	0	0	291	0	0	0	0	0.017758	0.0	0.0	0.0	0.14669	0.0	0.0	0.0	0.0	0.061488	0.0	0.0	0.0	6871.45	0.0	0.0	0.0	0.0	0.000676	0.0	0.0	0.0	23.6132	0.0	0.0	0.0	0.0	8	0	0	0	88	0	0	0	0	0	0	0	0	1	0	0	0	0	18	0	0	0	172	0	0	0	0	13	0	0	0	30	0	0	0	0	1	0	0	0	0	0	0	0	0	51	0	0	0	0	0	0	0	0	0.017758	0.0	0.0	0.0	0.14669	0.0	0.0	0.0	0.0	0.107986	0.0	0.0	0.0	0.892014	0.0	0.0	0.0	0.0	
294	387	7001.170687547	8763.515	8763.515	0.000137	0.0	91	0	0	0	292	0	0	0	0	0.017758	0.0	0.0	0.0	0.138467	0.0	0.0	0.0	0.0	0.061488	0.0	0.0	0.0	6887.3	0.0	0.0	0.0	0.0	0.000676	0.0	0.0	0.0	23.5866	0.0	0.0	0.0	0.0	8	0	0	0	88	0	0	0	0	0	0	0	0	1	0	0	0	0	18	0	0	0	173	0	0	0	0	13	0	0	0	30	0	0	0	0	1	0	0	0	0	0	0	0	0	51	0	0	0	0	0	0	0	0	0.017758	0.0	0.0	0.0	0.138467	0.0	0.0	0.0	0.0	0.11367	0.0	0.0	0.0	0.88633	0.0	0.0	0.0	0.0	
295	388	7018.631965427	8763.515	8763.515	0.000133	0.0	91	0	0	0	293	0	0	0	0	0.017758	0.0	0.0	0.0	0.130656	0.0	0.0	0.0	0.0	0.061488	0.0	0.0	0.0	6904.76	0.0	0.0	0.0	0.0	0.000676	0.0	0.0	0.0	23.5657	0.0	0.0	0.0	0.0	8	0	0	0	88	0	0	0	0	0	0	0	0	1	0	0	0	0	18	0	0	0	174	0	0	0	0	13	0	0	0	30	0	0	0	0	1	0	0	0	0	0	0	0	0	51	0	0	0	0	0	0	0	0	0.017758	0.0	0.0	0.0	0.130656	0.0	0.0	0.0	0.0	0.119652	0.0	0.0	0.0	0.880348	0.0	0.0	0.0	0.0	
296	389	7038.019636475	8763.515	8763.515	0.000129	0.0	91	0	0	0	294	0	0	0	0	0.017758	0.0	0.0	0.0	0.123235	0.0	0.0	0.0	0.0	0.061488	0.0	0.0	0.0	6924.15	0.0	0.0	0.0	0.0	0.000676	0.0	0.0	0.0	23.5515	0.0	0.0	0.0	0.0	8	0	0	0	88	0	0	0	0	0	0	0	0	1	0	0	0	0	18	0	0	0	175	0	0	0	0	13	0	0	0	30	0	0	0	0	1	0	0	0	0	0	0	0	0	51	0	0	0	0	0	0	0	0	0.017758	0.0	0.0	0.0	0.123235	0.0	0.0	0.0	0.0	0.12595	0.0	0.0	0.0	0.87405	0.0	0.0	0.0	0.0	
297	390	7063.629780989	8763.515	8763.515	0.000124	0.0	91	0	0	0	295	0	0	0	0	0.017758	0.0	0.0	0.0	0.116186	0.0	0.0	0.0	0.0	0.061488	0.0	0.0	0.0	6949.76	0.0	0.0	0.0	0.0	0.000676	0.0	0.0	0.0	23.5585	0.0	0.0	0.0	0.0	8	0	0	0	88	0	0	0	0	0	0	0	0	1	0	0	0	0	18	0	0	0	176	0	0	0	0	13	0	0	0	30	0	0	0	0	1	0	0	0	0	0	0	0	0	51	0	0	0	0	0	0	0	0	0.017758	0.0	0.0	0.0	0.116186	0.0	0.0	0.0	0.0	0.132579	0.0	0.0	0.0	0.867421	0.0	0.0	0.0	0.0	
298	391	7079.327891936	8763.515	8763.515	0.000118	0.0	91	0	0	0	296	0	0	0	0	0.017758	0.0	0.0	0.0	0.109489	0.0	0.0	0.0	0.0	0.061488	0.0	0.0	0.0	6965.45	0.0	0.0	0.0	0.0	0.000676	0.0	0.0	0.0	23.5319	0.0	0.0	0.0	0.0	8	0	0	0	88	0	0	0	0	0	0	0	0	1	0	0	0	0	18	0	0	0	177	0	0	0	0	13	0	0	0	30	0	0	0	0	1	0	0	0	0	0	0	0	0	51	0	0	0	0	0	0	0	0	0.017758	0.0	0.0	0.0	0.109489	0.0	0.0	0.0	0.0	0.139556	0.0	0.0	0.0	0.860444	0.0	0.0	0.0	0.0	
299	393	7093.802602189	8763.515	8763.515	0.000114	0.0	92	0	0	0	297	0	0	0	0	0.015982	0.0	0.0	0.0	0.103215	0.0	0.0	0.0	0.0	0.062055	0.0	0.0	0.0	6979.93	0.0	0.0	0.0	0.0	0.000675	0.0	0.0	0.0	23.5014	0.0	0.0	0.0	0.0	8	0	0	0	88	0	0	0	0	0	0	0	0	1	0	0	0	0	18	0	0	0	178	0	0	0	0	13	0	0	0	30	0	0	0	0	1	0	0	0	0	0	0	0	0	52	0	0	0	0	0	0	0	0	0.015982	0.0	0.0	0.0	0.103215	0.0	0.0	0.0	0.0	0.134083	0.0	0.0	0.0	0.865917	0.0	0.0	0.0	0.0	
300	395	7110.828243696	8763.515	8763.515	0.000111	0.0	93	0	0	0	298	0	0	0	0	0.014384	0.0	0.0	0.0	0.097335	0.0	0.0	0.0	0.0	0.062543	0.0	0.0	0.0	6996.95	0.0	0.0	0.0	0.0	0.000673	0.0	0.0	0.0	23.4797	0.0	0.0	0.0	0.0	8	0	0	0	88	0	0	0	0	0	0	0	0	1	0	0	0	0	18	0	0	0	179	0	0	0	0	13	0	0	0	30	0	0	0	0	1	0	0	0	0	0	0	0	0	53	0	0	0	0	0	0	0	0	0.014384	0.0	0.0	0.0	0.097335	0.0	0.0	0.0	0.0	0.128752	0.0	0.0	0.0	0.871248	0.0	0.0	0.0	0.0	
301	396	7125.464302224	8763.515	8763.515	0.000108	0.0	93	0	0	0	299	0	0	0	0	0.014384	0.0	0.0	0.0	0.091749	0.0	0.0	0.0	0.0	0.062543	0.0	0.0	0.0	7011.59	0.0	0.0	0.0	0.0	0.000673	0.0	0.0	0.0	23.4501	0.0	0.0	0.0	0.0	8	0	0	0	88	0	0	0	0	0	0	0	0	1	0	0	0	0	18	0	0	0	180	0	0	0	0	13	0	0	0	30	0	0	0	0	1	0	0	0	0	0	0	0	0	53	0	0	0	0	0	0	0	0	0.014384	0.0	0.0	0.0	0.091749	0.0	0.0	0.0	0.0	0.135528	0.0	0.0	0.0	0.864472	0.0	0.0	0.0	0.0	
302	397	7149.477351105	8763.515	8763.515	0.000105	0.0	93	0	0	0	300	0	0	0	0	0.014384	0.0	0.0	0.0	0.086442	0.0	0.0	0.0	0.0	0.062543	0.0	0.0	0.0	7035.6	0.0	0.0	0.0	0.0	0.000673	0.0	0.0	0.0	23.452	0.0	0.0	0.0	0.0	8	0	0	0	88	0	0	0	0	0	0	0	0	1	0	0	0	0	18	0	0	0	181	0	0	0	0	13	0	0	0	30	0	0	0	0	1	0	0	0	0	0	0	0	0	53	0	0	0	0	0	0	0	0	0.014384	0.0	0.0	0.0	0.086442	0.0	0.0	0.0	0.0	0.142661	0.0	0.0	0.0	0.857339	0.0	0.0	0.0	0.0	
303	397	7149.477379442	8763.515	8763.515	0.0001	0.0	93	0	0	0	300	0	0	0	0	0.014384	0.0	0.0	0.0	0.086442	0.0	0.0	0.0	0.0	0.062543	0.0	0.0	0.0	7035.6	0.0	0.0	0.0	0.0	0.000673	0.0	0.0	0.0	23.452	0.0	0.0	0.0	0.0	8	0	0	0	88	0	0	0	0	0	0	0	0	1	0	0	0	0	18	0	0	0	181	0	0	0	0	13	0	0	0	30	0	0	0	0	1	0	0	0	0	0	0	0	0	53	0	0	0	0	0	0	0	0	0.014384	0.0	0.0	0.0	0.086442	0.0	0.0	0.0	0.0	0.142661	0.0	0.0	0.0	0.857339	0.0	0.0	0.0	0.0	
