indexLine	algoIter	time	best obj	current obj	T	probdelta1	nb uses 1	nb uses 2	nb uses 3	nb uses 4	nb uses 5	nb uses 6	nb uses 7	nb uses 8	nb uses 9	score 1	score 2	score 3	score 4	score 5	score 6	score 7	score 8	score 9	duration 1	duration 2	duration 3	duration 4	duration 5	duration 6	duration 7	duration 8	duration 9	avgDuration 1	avgDuration 2	avgDuration 3	avgDuration 4	avgDuration 5	avgDuration 6	avgDuration 7	avgDuration 8	avgDuration 9	sigmas1 1	sigmas1 2	sigmas1 3	sigmas1 4	sigmas1 5	sigmas1 6	sigmas1 7	sigmas1 8	sigmas1 9	sigmas2 1	sigmas2 2	sigmas2 3	sigmas2 4	sigmas2 5	sigmas2 6	sigmas2 7	sigmas2 8	sigmas2 9	sigmas3 1	sigmas3 2	sigmas3 3	sigmas3 4	sigmas3 5	sigmas3 6	sigmas3 7	sigmas3 8	sigmas3 9	sigmas4 1	sigmas4 2	sigmas4 3	sigmas4 4	sigmas4 5	sigmas4 6	sigmas4 7	sigmas4 8	sigmas4 9	sigmas5 1	sigmas5 2	sigmas5 3	sigmas5 4	sigmas5 5	sigmas5 6	sigmas5 7	sigmas5 8	sigmas5 9	sigmas6 1	sigmas6 2	sigmas6 3	sigmas6 4	sigmas6 5	sigmas6 6	sigmas6 7	sigmas6 8	sigmas6 9	weight 1	weight 2	weight 3	weight 4	weight 5	weight 6	weight 7	weight 8	weight 9	proba 1	proba 2	proba 3	proba 4	proba 5	proba 6	proba 7	proba 8	proba 9	
1	2	73.14484488	7915.889	7915.889	100.0	0.99005	0	0	0	0	0	0	0	0	0	0.0	0.0	0.0	0.0	0.0	0.0	0.0	0.0	0.0	0.0	0.0	0.0	0.0	0.0	0.0	0.0	0.0	0.0	0.0	0.0	0.0	0.0	0.0	0.0	0.0	0.0	0.0	0	0	0	0	0	0	0	0	0	0	0	0	0	0	0	0	0	0	0	0	0	0	0	0	0	0	0	0	0	0	0	0	0	0	0	0	0	0	0	0	0	0	0	0	0	0	0	0	0	0	0	0	0	0	0.0	0.0	0.0	0.0	0.0	0.0	0.0	0.0	0.0	0.0	0.0	0.0	0.0	0.0	0.0	0.0	0.0	0.0	
2	4	80.850047912	7854.444	7854.444	100.0	0.99005	0	0	0	0	0	0	0	0	0	1.0	0.0	0.0	0.0	1.0	0.0	0.0	0.0	0.0	0.0	0.0	0.0	0.0	0.0	0.0	0.0	0.0	0.0	0.00049	0.0	0.0	0.0	7.70469	0.0	0.0	0.0	0.0	0	0	0	0	0	0	0	0	0	0	0	0	0	0	0	0	0	0	0	0	0	0	0	0	0	0	0	0	0	0	0	0	0	0	0	0	0	0	0	0	0	0	0	0	0	0	0	0	0	0	0	0	0	0	1.0	0.0	0.0	0.0	1.0	0.0	0.0	0.0	0.0	0.0	0.0	0.0	0.0	0.0	0.0	0.0	0.0	0.0	
3	6	121.654171898	6965.056	6965.056	85.5891	0.988384	1	0	0	0	1	0	0	0	0	0.9	0.0	0.0	0.0	1.0	0.0	0.0	0.0	0.0	0.000415	0.0	0.0	0.0	40.8037	0.0	0.0	0.0	0.0	0.000415	0.0	0.0	0.0	40.8037	0.0	0.0	0.0	0.0	0	0	0	0	1	0	0	0	0	0	0	0	0	0	0	0	0	0	0	0	0	0	0	0	0	0	0	1	0	0	0	0	0	0	0	0	0	0	0	0	0	0	0	0	0	0	0	0	0	0	0	0	0	0	0.9	0.0	0.0	0.0	1.0	0.0	0.0	0.0	0.0	0.473684	0.0	0.0	0.0	0.526316	0.0	0.0	0.0	0.0	
4	13	153.275485525	6476.417	6476.417	79.1243	0.987441	7	0	0	0	2	0	0	0	0	0.618346	0.0	0.0	0.0	1.0	0.0	0.0	0.0	0.0	0.002234	0.0	0.0	0.0	72.4232	0.0	0.0	0.0	0.0	0.000319	0.0	0.0	0.0	36.2116	0.0	0.0	0.0	0.0	2	0	0	0	2	0	0	0	0	0	0	0	0	0	0	0	0	0	2	0	0	0	0	0	0	0	0	2	0	0	0	0	0	0	0	0	0	0	0	0	0	0	0	0	0	1	0	0	0	0	0	0	0	0	0.618346	0.0	0.0	0.0	1.0	0.0	0.0	0.0	0.0	0.382085	0.0	0.0	0.0	0.617915	0.0	0.0	0.0	0.0	
5	16	281.206200805	6401.028	6401.028	74.4524	0.986658	9	0	0	0	3	0	0	0	0	0.60086	0.0	0.0	0.0	1.0	0.0	0.0	0.0	0.0	0.003522	0.0	0.0	0.0	200.353	0.0	0.0	0.0	0.0	0.000391	0.0	0.0	0.0	66.7842	0.0	0.0	0.0	0.0	3	0	0	0	3	0	0	0	0	0	0	0	0	0	0	0	0	0	2	0	0	0	0	0	0	0	0	2	0	0	0	0	0	0	0	0	0	0	0	0	0	0	0	0	0	2	0	0	0	0	0	0	0	0	0.60086	0.0	0.0	0.0	1.0	0.0	0.0	0.0	0.0	0.375336	0.0	0.0	0.0	0.624664	0.0	0.0	0.0	0.0	
6	17	306.016441961	6095.194	6095.194	58.2029	0.982965	9	0	0	0	4	0	0	0	0	0.60086	0.0	0.0	0.0	1.0	0.0	0.0	0.0	0.0	0.003522	0.0	0.0	0.0	225.163	0.0	0.0	0.0	0.0	0.000391	0.0	0.0	0.0	56.2907	0.0	0.0	0.0	0.0	3	0	0	0	4	0	0	0	0	0	0	0	0	0	0	0	0	0	2	0	0	0	0	0	0	0	0	2	0	0	0	0	0	0	0	0	0	0	0	0	0	0	0	0	0	2	0	0	0	0	0	0	0	0	0.60086	0.0	0.0	0.0	1.0	0.0	0.0	0.0	0.0	0.375336	0.0	0.0	0.0	0.624664	0.0	0.0	0.0	0.0	
7	20	432.663723264	6058.889	6058.889	55.4888	0.98214	11	0	0	0	5	0	0	0	0	0.486697	0.0	0.0	0.0	1.0	0.0	0.0	0.0	0.0	0.004521	0.0	0.0	0.0	351.809	0.0	0.0	0.0	0.0	0.000411	0.0	0.0	0.0	70.3618	0.0	0.0	0.0	0.0	3	0	0	0	5	0	0	0	0	0	0	0	0	0	0	0	0	0	4	0	0	0	0	0	0	0	0	2	0	0	0	0	0	0	0	0	0	0	0	0	0	0	0	0	0	2	0	0	0	0	0	0	0	0	0.486697	0.0	0.0	0.0	1.0	0.0	0.0	0.0	0.0	0.327368	0.0	0.0	0.0	0.672632	0.0	0.0	0.0	0.0	
8	21	445.62940622	5952.361	5952.361	43.4854	0.977266	11	0	0	0	6	0	0	0	0	0.486697	0.0	0.0	0.0	1.0	0.0	0.0	0.0	0.0	0.004521	0.0	0.0	0.0	364.775	0.0	0.0	0.0	0.0	0.000411	0.0	0.0	0.0	60.7958	0.0	0.0	0.0	0.0	3	0	0	0	6	0	0	0	0	0	0	0	0	0	0	0	0	0	4	0	0	0	0	0	0	0	0	2	0	0	0	0	0	0	0	0	0	0	0	0	0	0	0	0	0	2	0	0	0	0	0	0	0	0	0.486697	0.0	0.0	0.0	1.0	0.0	0.0	0.0	0.0	0.327368	0.0	0.0	0.0	0.672632	0.0	0.0	0.0	0.0	
9	22	455.254481773	5952.361	5952.361	42.4137	0.976698	11	0	0	0	7	0	0	0	0	0.486697	0.0	0.0	0.0	0.925665	0.0	0.0	0.0	0.0	0.004521	0.0	0.0	0.0	374.4	0.0	0.0	0.0	0.0	0.000411	0.0	0.0	0.0	53.4857	0.0	0.0	0.0	0.0	3	0	0	0	6	0	0	0	0	0	0	0	0	0	0	0	0	0	4	0	0	0	1	0	0	0	0	2	0	0	0	0	0	0	0	0	0	0	0	0	0	0	0	0	0	2	0	0	0	0	0	0	0	0	0.486697	0.0	0.0	0.0	0.925665	0.0	0.0	0.0	0.0	0.344598	0.0	0.0	0.0	0.655402	0.0	0.0	0.0	0.0	
10	26	465.500787218	5952.361	5952.361	41.6351	0.976268	14	0	0	0	8	0	0	0	0	0.354802	0.0	0.0	0.0	0.861988	0.0	0.0	0.0	0.0	0.005385	0.0	0.0	0.0	384.645	0.0	0.0	0.0	0.0	0.000385	0.0	0.0	0.0	48.0806	0.0	0.0	0.0	0.0	3	0	0	0	6	0	0	0	0	0	0	0	0	1	0	0	0	0	5	0	0	0	1	0	0	0	0	2	0	0	0	0	0	0	0	0	0	0	0	0	0	0	0	0	0	4	0	0	0	0	0	0	0	0	0.354802	0.0	0.0	0.0	0.861988	0.0	0.0	0.0	0.0	0.291589	0.0	0.0	0.0	0.708411	0.0	0.0	0.0	0.0	
11	27	480.701026883	5906.722	5906.722	40.8222	0.975801	14	0	0	0	9	0	0	0	0	0.354802	0.0	0.0	0.0	0.871729	0.0	0.0	0.0	0.0	0.005385	0.0	0.0	0.0	399.845	0.0	0.0	0.0	0.0	0.000385	0.0	0.0	0.0	44.4273	0.0	0.0	0.0	0.0	3	0	0	0	7	0	0	0	0	0	0	0	0	1	0	0	0	0	5	0	0	0	1	0	0	0	0	2	0	0	0	0	0	0	0	0	0	0	0	0	0	0	0	0	0	4	0	0	0	0	0	0	0	0	0.354802	0.0	0.0	0.0	0.871729	0.0	0.0	0.0	0.0	0.289273	0.0	0.0	0.0	0.710727	0.0	0.0	0.0	0.0	
12	28	488.410776356	5905.222	5905.222	39.6452	0.975092	14	0	0	0	10	0	0	0	0	0.354802	0.0	0.0	0.0	0.880753	0.0	0.0	0.0	0.0	0.005385	0.0	0.0	0.0	407.555	0.0	0.0	0.0	0.0	0.000385	0.0	0.0	0.0	40.7555	0.0	0.0	0.0	0.0	3	0	0	0	8	0	0	0	0	0	0	0	0	1	0	0	0	0	5	0	0	0	1	0	0	0	0	2	0	0	0	0	0	0	0	0	0	0	0	0	0	0	0	0	0	4	0	0	0	0	0	0	0	0	0.354802	0.0	0.0	0.0	0.880753	0.0	0.0	0.0	0.0	0.28716	0.0	0.0	0.0	0.71284	0.0	0.0	0.0	0.0	
13	30	521.712405549	5830.5	5830.5	39.0612	0.974724	15	0	0	0	11	0	0	0	0	0.419322	0.0	0.0	0.0	0.889554	0.0	0.0	0.0	0.0	0.005975	0.0	0.0	0.0	440.856	0.0	0.0	0.0	0.0	0.000398	0.0	0.0	0.0	40.0778	0.0	0.0	0.0	0.0	4	0	0	0	9	0	0	0	0	0	0	0	0	1	0	0	0	0	5	0	0	0	1	0	0	0	0	2	0	0	0	0	0	0	0	0	0	0	0	0	0	0	0	0	0	4	0	0	0	0	0	0	0	0	0.419322	0.0	0.0	0.0	0.889554	0.0	0.0	0.0	0.0	0.320368	0.0	0.0	0.0	0.679632	0.0	0.0	0.0	0.0	
14	31	527.92853231	5830.5	5830.5	36.6361	0.973074	15	0	0	0	12	0	0	0	0	0.419322	0.0	0.0	0.0	0.82411	0.0	0.0	0.0	0.0	0.005975	0.0	0.0	0.0	447.072	0.0	0.0	0.0	0.0	0.000398	0.0	0.0	0.0	37.256	0.0	0.0	0.0	0.0	4	0	0	0	9	0	0	0	0	0	0	0	0	1	0	0	0	0	5	0	0	0	2	0	0	0	0	2	0	0	0	0	0	0	0	0	0	0	0	0	0	0	0	0	0	4	0	0	0	0	0	0	0	0	0.419322	0.0	0.0	0.0	0.82411	0.0	0.0	0.0	0.0	0.337229	0.0	0.0	0.0	0.662771	0.0	0.0	0.0	0.0	
15	33	532.493400832	5816.139	5816.139	36.2004	0.972754	16	0	0	0	13	0	0	0	0	0.37739	0.0	0.0	0.0	0.836932	0.0	0.0	0.0	0.0	0.006445	0.0	0.0	0.0	451.637	0.0	0.0	0.0	0.0	0.000403	0.0	0.0	0.0	34.7413	0.0	0.0	0.0	0.0	4	0	0	0	10	0	0	0	0	0	0	0	0	1	0	0	0	0	6	0	0	0	2	0	0	0	0	2	0	0	0	0	0	0	0	0	0	0	0	0	0	0	0	0	0	4	0	0	0	0	0	0	0	0	0.37739	0.0	0.0	0.0	0.836932	0.0	0.0	0.0	0.0	0.310782	0.0	0.0	0.0	0.689218	0.0	0.0	0.0	0.0	
16	35	677.620266976	5816.135666666667	5816.139	35.8837	0.972517	17	0	0	0	14	0	0	0	0	0.439651	0.0	0.0	0.0	0.773103	0.0	0.0	0.0	0.0	0.006811	0.0	0.0	0.0	596.763	0.0	0.0	0.0	0.0	0.000401	0.0	0.0	0.0	42.6259	0.0	0.0	0.0	0.0	5	0	0	0	10	0	0	0	0	0	0	0	0	1	0	0	0	0	6	0	0	0	3	0	0	0	0	2	0	0	0	0	0	0	0	0	0	0	0	0	0	0	0	0	0	4	0	0	0	0	0	0	0	0	0.439651	0.0	0.0	0.0	0.773103	0.0	0.0	0.0	0.0	0.362523	0.0	0.0	0.0	0.637477	0.0	0.0	0.0	0.0	
17	37	789.956053289	5773.5	5773.5	27.1387	0.963823	18	0	0	0	15	0	0	0	0	0.395686	0.0	0.0	0.0	0.790254	0.0	0.0	0.0	0.0	0.007103	0.0	0.0	0.0	709.099	0.0	0.0	0.0	0.0	0.000395	0.0	0.0	0.0	47.2732	0.0	0.0	0.0	0.0	5	0	0	0	11	0	0	0	0	0	0	0	0	1	0	0	0	0	6	0	0	0	3	0	0	0	0	2	0	0	0	0	0	0	0	0	0	0	0	0	0	0	0	0	0	5	0	0	0	0	0	0	0	0	0.395686	0.0	0.0	0.0	0.790254	0.0	0.0	0.0	0.0	0.333647	0.0	0.0	0.0	0.666353	0.0	0.0	0.0	0.0	
18	40	793.177089869	5773.5	5773.5	21.862	0.955289	20	0	0	0	16	0	0	0	0	0.320505	0.0	0.0	0.0	0.735067	0.0	0.0	0.0	0.0	0.007705	0.0	0.0	0.0	712.319	0.0	0.0	0.0	0.0	0.000385	0.0	0.0	0.0	44.5199	0.0	0.0	0.0	0.0	5	0	0	0	11	0	0	0	0	0	0	0	0	2	0	0	0	0	7	0	0	0	3	0	0	0	0	2	0	0	0	0	0	0	0	0	0	0	0	0	0	0	0	0	0	6	0	0	0	0	0	0	0	0	0.320505	0.0	0.0	0.0	0.735067	0.0	0.0	0.0	0.0	0.303632	0.0	0.0	0.0	0.696368	0.0	0.0	0.0	0.0	
19	41	798.048499043	5771.5	5771.5	21.7269	0.955017	20	0	0	0	17	0	0	0	0	0.320505	0.0	0.0	0.0	0.75409	0.0	0.0	0.0	0.0	0.007705	0.0	0.0	0.0	717.19	0.0	0.0	0.0	0.0	0.000385	0.0	0.0	0.0	42.1877	0.0	0.0	0.0	0.0	5	0	0	0	12	0	0	0	0	0	0	0	0	2	0	0	0	0	7	0	0	0	3	0	0	0	0	2	0	0	0	0	0	0	0	0	0	0	0	0	0	0	0	0	0	6	0	0	0	0	0	0	0	0	0.320505	0.0	0.0	0.0	0.75409	0.0	0.0	0.0	0.0	0.298257	0.0	0.0	0.0	0.701743	0.0	0.0	0.0	0.0	
20	42	810.332397033	5771.5	5771.5	21.5241	0.954603	20	0	0	0	18	0	0	0	0	0.320505	0.0	0.0	0.0	0.70036	0.0	0.0	0.0	0.0	0.007705	0.0	0.0	0.0	729.474	0.0	0.0	0.0	0.0	0.000385	0.0	0.0	0.0	40.5263	0.0	0.0	0.0	0.0	5	0	0	0	12	0	0	0	0	0	0	0	0	2	0	0	0	0	7	0	0	0	4	0	0	0	0	2	0	0	0	0	0	0	0	0	0	0	0	0	0	0	0	0	0	6	0	0	0	0	0	0	0	0	0.320505	0.0	0.0	0.0	0.70036	0.0	0.0	0.0	0.0	0.313955	0.0	0.0	0.0	0.686045	0.0	0.0	0.0	0.0	
21	43	813.755819737	5754.0	5754.0	21.0212	0.953543	20	0	0	0	19	0	0	0	0	0.320505	0.0	0.0	0.0	0.722198	0.0	0.0	0.0	0.0	0.007705	0.0	0.0	0.0	732.898	0.0	0.0	0.0	0.0	0.000385	0.0	0.0	0.0	38.5736	0.0	0.0	0.0	0.0	5	0	0	0	13	0	0	0	0	0	0	0	0	2	0	0	0	0	7	0	0	0	4	0	0	0	0	2	0	0	0	0	0	0	0	0	0	0	0	0	0	0	0	0	0	6	0	0	0	0	0	0	0	0	0.320505	0.0	0.0	0.0	0.722198	0.0	0.0	0.0	0.0	0.307379	0.0	0.0	0.0	0.692621	0.0	0.0	0.0	0.0	
22	45	819.450024055	5754.0	5779.167	20.8831	0.953243	21	0	0	0	20	0	0	0	0	0.288455	0.0	0.0	0.0	0.672015	0.0	0.0	0.0	0.0	0.008241	0.0	0.0	0.0	738.591	0.0	0.0	0.0	0.0	0.000392	0.0	0.0	0.0	36.9296	0.0	0.0	0.0	0.0	5	0	0	0	13	0	0	0	0	0	0	0	0	3	0	0	0	0	8	0	0	0	4	0	0	0	0	2	0	0	0	0	0	0	0	0	0	0	0	0	0	0	0	0	0	6	0	0	0	0	0	0	0	0	0.288455	0.0	0.0	0.0	0.672015	0.0	0.0	0.0	0.0	0.300327	0.0	0.0	0.0	0.699673	0.0	0.0	0.0	0.0	
23	46	835.751251638	5754.0	5756.667	20.6555	0.95274	21	0	0	0	21	0	0	0	0	0.288455	0.0	0.0	0.0	0.624349	0.0	0.0	0.0	0.0	0.008241	0.0	0.0	0.0	754.893	0.0	0.0	0.0	0.0	0.000392	0.0	0.0	0.0	35.9473	0.0	0.0	0.0	0.0	5	0	0	0	13	0	0	0	0	0	0	0	0	4	0	0	0	0	8	0	0	0	4	0	0	0	0	2	0	0	0	0	0	0	0	0	0	0	0	0	0	0	0	0	0	6	0	0	0	0	0	0	0	0	0.288455	0.0	0.0	0.0	0.624349	0.0	0.0	0.0	0.0	0.31601	0.0	0.0	0.0	0.68399	0.0	0.0	0.0	0.0	
24	49	1015.927239777	5717.0	5717.0	20.0175	0.951271	23	0	0	0	22	0	0	0	0	0.234148	0.0	0.0	0.0	0.650176	0.0	0.0	0.0	0.0	0.009054	0.0	0.0	0.0	935.068	0.0	0.0	0.0	0.0	0.000394	0.0	0.0	0.0	42.5031	0.0	0.0	0.0	0.0	5	0	0	0	14	0	0	0	0	1	0	0	0	4	0	0	0	0	8	0	0	0	4	0	0	0	0	3	0	0	0	0	0	0	0	0	0	0	0	0	0	0	0	0	0	6	0	0	0	0	0	0	0	0	0.234148	0.0	0.0	0.0	0.650176	0.0	0.0	0.0	0.0	0.264777	0.0	0.0	0.0	0.735223	0.0	0.0	0.0	0.0	
25	50	1019.099339207	5717.0	5717.0	14.1516	0.931775	23	0	0	0	23	0	0	0	0	0.234148	0.0	0.0	0.0	0.60596	0.0	0.0	0.0	0.0	0.009054	0.0	0.0	0.0	938.24	0.0	0.0	0.0	0.0	0.000394	0.0	0.0	0.0	40.793	0.0	0.0	0.0	0.0	5	0	0	0	14	0	0	0	0	1	0	0	0	4	0	0	0	0	8	0	0	0	5	0	0	0	0	3	0	0	0	0	0	0	0	0	0	0	0	0	0	0	0	0	0	6	0	0	0	0	0	0	0	0	0.234148	0.0	0.0	0.0	0.60596	0.0	0.0	0.0	0.0	0.278712	0.0	0.0	0.0	0.721288	0.0	0.0	0.0	0.0	
26	51	1030.856414589	5717.0	5717.0	14.0654	0.931372	23	0	0	0	24	0	0	0	0	0.234148	0.0	0.0	0.0	0.563954	0.0	0.0	0.0	0.0	0.009054	0.0	0.0	0.0	949.997	0.0	0.0	0.0	0.0	0.000394	0.0	0.0	0.0	39.5832	0.0	0.0	0.0	0.0	5	0	0	0	14	0	0	0	0	1	0	0	0	4	0	0	0	0	8	0	0	0	6	0	0	0	0	3	0	0	0	0	0	0	0	0	0	0	0	0	0	0	0	0	0	6	0	0	0	0	0	0	0	0	0.234148	0.0	0.0	0.0	0.563954	0.0	0.0	0.0	0.0	0.293381	0.0	0.0	0.0	0.706619	0.0	0.0	0.0	0.0	
27	53	1043.180832543	5717.0	5717.0	13.7507	0.929858	24	0	0	0	25	0	0	0	0	0.210734	0.0	0.0	0.0	0.52522	0.0	0.0	0.0	0.0	0.009651	0.0	0.0	0.0	962.321	0.0	0.0	0.0	0.0	0.000402	0.0	0.0	0.0	38.4928	0.0	0.0	0.0	0.0	5	0	0	0	14	0	0	0	0	1	0	0	0	4	0	0	0	0	8	0	0	0	7	0	0	0	0	3	0	0	0	0	0	0	0	0	1	0	0	0	0	0	0	0	0	6	0	0	0	0	0	0	0	0	0.210734	0.0	0.0	0.0	0.52522	0.0	0.0	0.0	0.0	0.286341	0.0	0.0	0.0	0.713659	0.0	0.0	0.0	0.0	
28	54	1057.438170048	5717.0	5717.0	13.4284	0.928236	24	0	0	0	26	0	0	0	0	0.210734	0.0	0.0	0.0	0.488422	0.0	0.0	0.0	0.0	0.009651	0.0	0.0	0.0	976.578	0.0	0.0	0.0	0.0	0.000402	0.0	0.0	0.0	37.5607	0.0	0.0	0.0	0.0	5	0	0	0	14	0	0	0	0	1	0	0	0	4	0	0	0	0	8	0	0	0	8	0	0	0	0	3	0	0	0	0	0	0	0	0	1	0	0	0	0	0	0	0	0	6	0	0	0	0	0	0	0	0	0.210734	0.0	0.0	0.0	0.488422	0.0	0.0	0.0	0.0	0.301411	0.0	0.0	0.0	0.698589	0.0	0.0	0.0	0.0	
29	57	1068.203079323	5657.278	5657.278	13.0649	0.926315	26	0	0	0	27	0	0	0	0	0.170694	0.0	0.0	0.0	0.52294	0.0	0.0	0.0	0.0	0.010004	0.0	0.0	0.0	987.342	0.0	0.0	0.0	0.0	0.000385	0.0	0.0	0.0	36.5682	0.0	0.0	0.0	0.0	5	0	0	0	15	0	0	0	0	1	0	0	0	4	0	0	0	0	8	0	0	0	8	0	0	0	0	3	0	0	0	0	0	0	0	0	1	0	0	0	0	0	0	0	0	8	0	0	0	0	0	0	0	0	0.170694	0.0	0.0	0.0	0.52294	0.0	0.0	0.0	0.0	0.246087	0.0	0.0	0.0	0.753913	0.0	0.0	0.0	0.0	
30	58	1073.058858162	5657.278	5657.278	12.797	0.924832	26	0	0	0	28	0	0	0	0	0.170694	0.0	0.0	0.0	0.488259	0.0	0.0	0.0	0.0	0.010004	0.0	0.0	0.0	992.198	0.0	0.0	0.0	0.0	0.000385	0.0	0.0	0.0	35.4357	0.0	0.0	0.0	0.0	5	0	0	0	15	0	0	0	0	1	0	0	0	4	0	0	0	0	8	0	0	0	9	0	0	0	0	3	0	0	0	0	0	0	0	0	1	0	0	0	0	0	0	0	0	8	0	0	0	0	0	0	0	0	0.170694	0.0	0.0	0.0	0.488259	0.0	0.0	0.0	0.0	0.259039	0.0	0.0	0.0	0.740961	0.0	0.0	0.0	0.0	
31	59	1076.778385256	5657.278	5657.278	12.6779	0.924153	26	0	0	0	29	0	0	0	0	0.170694	0.0	0.0	0.0	0.455311	0.0	0.0	0.0	0.0	0.010004	0.0	0.0	0.0	995.918	0.0	0.0	0.0	0.0	0.000385	0.0	0.0	0.0	34.342	0.0	0.0	0.0	0.0	5	0	0	0	15	0	0	0	0	1	0	0	0	4	0	0	0	0	8	0	0	0	10	0	0	0	0	3	0	0	0	0	0	0	0	0	1	0	0	0	0	0	0	0	0	8	0	0	0	0	0	0	0	0	0.170694	0.0	0.0	0.0	0.455311	0.0	0.0	0.0	0.0	0.272672	0.0	0.0	0.0	0.727328	0.0	0.0	0.0	0.0	
32	60	1083.047503993	5540.111	5540.111	12.5875	0.92363	26	0	0	0	30	0	0	0	0	0.170694	0.0	0.0	0.0	0.492755	0.0	0.0	0.0	0.0	0.010004	0.0	0.0	0.0	1002.19	0.0	0.0	0.0	0.0	0.000385	0.0	0.0	0.0	33.4062	0.0	0.0	0.0	0.0	5	0	0	0	16	0	0	0	0	1	0	0	0	4	0	0	0	0	8	0	0	0	10	0	0	0	0	3	0	0	0	0	0	0	0	0	1	0	0	0	0	0	0	0	0	8	0	0	0	0	0	0	0	0	0.170694	0.0	0.0	0.0	0.492755	0.0	0.0	0.0	0.0	0.257283	0.0	0.0	0.0	0.742717	0.0	0.0	0.0	0.0	
33	61	1096.651963465	5489.667	5489.667	12.4365	0.92274	26	0	0	0	31	0	0	0	0	0.170694	0.0	0.0	0.0	0.526903	0.0	0.0	0.0	0.0	0.010004	0.0	0.0	0.0	1015.79	0.0	0.0	0.0	0.0	0.000385	0.0	0.0	0.0	32.7675	0.0	0.0	0.0	0.0	5	0	0	0	17	0	0	0	0	1	0	0	0	4	0	0	0	0	8	0	0	0	10	0	0	0	0	3	0	0	0	0	0	0	0	0	1	0	0	0	0	0	0	0	0	8	0	0	0	0	0	0	0	0	0.170694	0.0	0.0	0.0	0.526903	0.0	0.0	0.0	0.0	0.244689	0.0	0.0	0.0	0.755311	0.0	0.0	0.0	0.0	
34	62	1105.206579305	5460.528	5460.528	12.1151	0.920773	26	0	0	0	32	0	0	0	0	0.170694	0.0	0.0	0.0	0.558221	0.0	0.0	0.0	0.0	0.010004	0.0	0.0	0.0	1024.35	0.0	0.0	0.0	0.0	0.000385	0.0	0.0	0.0	32.0108	0.0	0.0	0.0	0.0	5	0	0	0	18	0	0	0	0	1	0	0	0	4	0	0	0	0	8	0	0	0	10	0	0	0	0	3	0	0	0	0	0	0	0	0	1	0	0	0	0	0	0	0	0	8	0	0	0	0	0	0	0	0	0.170694	0.0	0.0	0.0	0.558221	0.0	0.0	0.0	0.0	0.234175	0.0	0.0	0.0	0.765825	0.0	0.0	0.0	0.0	
35	65	1109.548873981	5460.489111111114	5460.528	11.9173	0.919512	28	0	0	0	33	0	0	0	0	0.228262	0.0	0.0	0.0	0.518897	0.0	0.0	0.0	0.0	0.010755	0.0	0.0	0.0	1028.69	0.0	0.0	0.0	0.0	0.000384	0.0	0.0	0.0	31.1723	0.0	0.0	0.0	0.0	6	0	0	0	18	0	0	0	0	1	0	0	0	4	0	0	0	0	8	0	0	0	11	0	0	0	0	3	0	0	0	0	0	0	0	0	1	0	0	0	0	0	0	0	0	9	0	0	0	0	0	0	0	0	0.228262	0.0	0.0	0.0	0.518897	0.0	0.0	0.0	0.0	0.305507	0.0	0.0	0.0	0.694493	0.0	0.0	0.0	0.0	
36	67	1117.582458572	5460.489111111114	5460.528	11.8181	0.918865	29	0	0	0	34	0	0	0	0	0.205436	0.0	0.0	0.0	0.482681	0.0	0.0	0.0	0.0	0.010952	0.0	0.0	0.0	1036.72	0.0	0.0	0.0	0.0	0.000378	0.0	0.0	0.0	30.4918	0.0	0.0	0.0	0.0	6	0	0	0	18	0	0	0	0	1	0	0	0	4	0	0	0	0	8	0	0	0	12	0	0	0	0	3	0	0	0	0	0	0	0	0	1	0	0	0	0	0	0	0	0	10	0	0	0	0	0	0	0	0	0.205436	0.0	0.0	0.0	0.482681	0.0	0.0	0.0	0.0	0.298548	0.0	0.0	0.0	0.701452	0.0	0.0	0.0	0.0	
37	68	1122.846062697	5422.583	5422.583	11.6368	0.917654	29	0	0	0	35	0	0	0	0	0.205436	0.0	0.0	0.0	0.519555	0.0	0.0	0.0	0.0	0.010952	0.0	0.0	0.0	1041.98	0.0	0.0	0.0	0.0	0.000378	0.0	0.0	0.0	29.771	0.0	0.0	0.0	0.0	6	0	0	0	19	0	0	0	0	1	0	0	0	4	0	0	0	0	8	0	0	0	12	0	0	0	0	3	0	0	0	0	0	0	0	0	1	0	0	0	0	0	0	0	0	10	0	0	0	0	0	0	0	0	0.205436	0.0	0.0	0.0	0.519555	0.0	0.0	0.0	0.0	0.283363	0.0	0.0	0.0	0.716637	0.0	0.0	0.0	0.0	
38	69	1139.413298932	5422.583	5422.583	11.5195	0.916852	29	0	0	0	36	0	0	0	0	0.205436	0.0	0.0	0.0	0.483306	0.0	0.0	0.0	0.0	0.010952	0.0	0.0	0.0	1058.55	0.0	0.0	0.0	0.0	0.000378	0.0	0.0	0.0	29.4042	0.0	0.0	0.0	0.0	6	0	0	0	19	0	0	0	0	1	0	0	0	4	0	0	0	0	8	0	0	0	13	0	0	0	0	3	0	0	0	0	0	0	0	0	1	0	0	0	0	0	0	0	0	10	0	0	0	0	0	0	0	0	0.205436	0.0	0.0	0.0	0.483306	0.0	0.0	0.0	0.0	0.298277	0.0	0.0	0.0	0.701723	0.0	0.0	0.0	0.0	
39	71	1145.727339334	5374.639	5374.639	11.1579	0.914276	30	0	0	0	37	0	0	0	0	0.184892	0.0	0.0	0.0	0.519024	0.0	0.0	0.0	0.0	0.011332	0.0	0.0	0.0	1064.87	0.0	0.0	0.0	0.0	0.000378	0.0	0.0	0.0	28.7801	0.0	0.0	0.0	0.0	6	0	0	0	20	0	0	0	0	1	0	0	0	4	0	0	0	0	9	0	0	0	13	0	0	0	0	3	0	0	0	0	0	0	0	0	1	0	0	0	0	0	0	0	0	10	0	0	0	0	0	0	0	0	0.184892	0.0	0.0	0.0	0.519024	0.0	0.0	0.0	0.0	0.262663	0.0	0.0	0.0	0.737337	0.0	0.0	0.0	0.0	
40	72	1150.904055485	5352.806	5352.806	11.0232	0.913275	30	0	0	0	38	0	0	0	0	0.184892	0.0	0.0	0.0	0.55164	0.0	0.0	0.0	0.0	0.011332	0.0	0.0	0.0	1070.04	0.0	0.0	0.0	0.0	0.000378	0.0	0.0	0.0	28.159	0.0	0.0	0.0	0.0	6	0	0	0	21	0	0	0	0	1	0	0	0	4	0	0	0	0	9	0	0	0	13	0	0	0	0	3	0	0	0	0	0	0	0	0	1	0	0	0	0	0	0	0	0	10	0	0	0	0	0	0	0	0	0.184892	0.0	0.0	0.0	0.55164	0.0	0.0	0.0	0.0	0.251031	0.0	0.0	0.0	0.748969	0.0	0.0	0.0	0.0	
41	73	1159.801274556	5348.972	5348.972	10.9139	0.912446	30	0	0	0	39	0	0	0	0	0.184892	0.0	0.0	0.0	0.581571	0.0	0.0	0.0	0.0	0.011332	0.0	0.0	0.0	1078.94	0.0	0.0	0.0	0.0	0.000378	0.0	0.0	0.0	27.6651	0.0	0.0	0.0	0.0	6	0	0	0	22	0	0	0	0	1	0	0	0	4	0	0	0	0	9	0	0	0	13	0	0	0	0	3	0	0	0	0	0	0	0	0	1	0	0	0	0	0	0	0	0	10	0	0	0	0	0	0	0	0	0.184892	0.0	0.0	0.0	0.581571	0.0	0.0	0.0	0.0	0.241228	0.0	0.0	0.0	0.758772	0.0	0.0	0.0	0.0	
42	74	1180.980927236	5336.75	5336.75	10.7286	0.911003	30	0	0	0	40	0	0	0	0	0.184892	0.0	0.0	0.0	0.609144	0.0	0.0	0.0	0.0	0.011332	0.0	0.0	0.0	1100.12	0.0	0.0	0.0	0.0	0.000378	0.0	0.0	0.0	27.503	0.0	0.0	0.0	0.0	6	0	0	0	23	0	0	0	0	1	0	0	0	4	0	0	0	0	9	0	0	0	13	0	0	0	0	3	0	0	0	0	0	0	0	0	1	0	0	0	0	0	0	0	0	10	0	0	0	0	0	0	0	0	0.184892	0.0	0.0	0.0	0.609144	0.0	0.0	0.0	0.0	0.232851	0.0	0.0	0.0	0.767149	0.0	0.0	0.0	0.0	
43	76	1184.652735835	5328.889	5328.889	10.3	0.907477	31	0	0	0	41	0	0	0	0	0.166403	0.0	0.0	0.0	0.634026	0.0	0.0	0.0	0.0	0.011903	0.0	0.0	0.0	1103.79	0.0	0.0	0.0	0.0	0.000384	0.0	0.0	0.0	26.9217	0.0	0.0	0.0	0.0	6	0	0	0	24	0	0	0	0	1	0	0	0	4	0	0	0	0	9	0	0	0	13	0	0	0	0	4	0	0	0	0	0	0	0	0	1	0	0	0	0	0	0	0	0	10	0	0	0	0	0	0	0	0	0.166403	0.0	0.0	0.0	0.634026	0.0	0.0	0.0	0.0	0.207893	0.0	0.0	0.0	0.792107	0.0	0.0	0.0	0.0	
44	77	1190.587624095	5319.389	5319.389	10.2275	0.906852	31	0	0	0	42	0	0	0	0	0.166403	0.0	0.0	0.0	0.657127	0.0	0.0	0.0	0.0	0.011903	0.0	0.0	0.0	1109.72	0.0	0.0	0.0	0.0	0.000384	0.0	0.0	0.0	26.422	0.0	0.0	0.0	0.0	6	0	0	0	25	0	0	0	0	1	0	0	0	4	0	0	0	0	9	0	0	0	13	0	0	0	0	4	0	0	0	0	0	0	0	0	1	0	0	0	0	0	0	0	0	10	0	0	0	0	0	0	0	0	0.166403	0.0	0.0	0.0	0.657127	0.0	0.0	0.0	0.0	0.202061	0.0	0.0	0.0	0.797939	0.0	0.0	0.0	0.0	
45	79	1202.203435096	5319.346777777778	5319.389	10.1113	0.905834	32	0	0	0	43	0	0	0	0	0.249763	0.0	0.0	0.0	0.611782	0.0	0.0	0.0	0.0	0.012329	0.0	0.0	0.0	1121.34	0.0	0.0	0.0	0.0	0.000385	0.0	0.0	0.0	26.0777	0.0	0.0	0.0	0.0	7	0	0	0	25	0	0	0	0	1	0	0	0	4	0	0	0	0	9	0	0	0	14	0	0	0	0	4	0	0	0	0	0	0	0	0	1	0	0	0	0	0	0	0	0	10	0	0	0	0	0	0	0	0	0.249763	0.0	0.0	0.0	0.611782	0.0	0.0	0.0	0.0	0.289901	0.0	0.0	0.0	0.710099	0.0	0.0	0.0	0.0	
46	80	1205.591721275	5319.346777777778	5319.389	9.88779	0.903811	32	0	0	0	44	0	0	0	0	0.249763	0.0	0.0	0.0	0.568705	0.0	0.0	0.0	0.0	0.012329	0.0	0.0	0.0	1124.73	0.0	0.0	0.0	0.0	0.000385	0.0	0.0	0.0	25.562	0.0	0.0	0.0	0.0	7	0	0	0	25	0	0	0	0	1	0	0	0	4	0	0	0	0	9	0	0	0	15	0	0	0	0	4	0	0	0	0	0	0	0	0	1	0	0	0	0	0	0	0	0	10	0	0	0	0	0	0	0	0	0.249763	0.0	0.0	0.0	0.568705	0.0	0.0	0.0	0.0	0.305159	0.0	0.0	0.0	0.694841	0.0	0.0	0.0	0.0	
47	81	1209.839508886	5319.346777777778	5319.389	9.82351	0.903213	32	0	0	0	45	0	0	0	0	0.249763	0.0	0.0	0.0	0.527782	0.0	0.0	0.0	0.0	0.012329	0.0	0.0	0.0	1128.98	0.0	0.0	0.0	0.0	0.000385	0.0	0.0	0.0	25.0884	0.0	0.0	0.0	0.0	7	0	0	0	25	0	0	0	0	1	0	0	0	4	0	0	0	0	9	0	0	0	16	0	0	0	0	4	0	0	0	0	0	0	0	0	1	0	0	0	0	0	0	0	0	10	0	0	0	0	0	0	0	0	0.249763	0.0	0.0	0.0	0.527782	0.0	0.0	0.0	0.0	0.32122	0.0	0.0	0.0	0.67878	0.0	0.0	0.0	0.0	
48	82	1213.485048235	5319.346777777778	5319.389	9.74353	0.902459	32	0	0	0	46	0	0	0	0	0.249763	0.0	0.0	0.0	0.488905	0.0	0.0	0.0	0.0	0.012329	0.0	0.0	0.0	1132.62	0.0	0.0	0.0	0.0	0.000385	0.0	0.0	0.0	24.6222	0.0	0.0	0.0	0.0	7	0	0	0	25	0	0	0	0	1	0	0	0	4	0	0	0	0	9	0	0	0	17	0	0	0	0	4	0	0	0	0	0	0	0	0	1	0	0	0	0	0	0	0	0	10	0	0	0	0	0	0	0	0	0.249763	0.0	0.0	0.0	0.488905	0.0	0.0	0.0	0.0	0.338126	0.0	0.0	0.0	0.661874	0.0	0.0	0.0	0.0	
49	86	1219.285852059	5319.346777777778	5326.917	9.67539	0.901807	35	0	0	0	47	0	0	0	0	0.182077	0.0	0.0	0.0	0.455355	0.0	0.0	0.0	0.0	0.013093	0.0	0.0	0.0	1138.42	0.0	0.0	0.0	0.0	0.000374	0.0	0.0	0.0	24.2217	0.0	0.0	0.0	0.0	7	0	0	0	25	0	0	0	0	1	0	0	0	4	0	0	0	0	10	0	0	0	18	0	0	0	0	5	0	0	0	0	0	0	0	0	1	0	0	0	0	0	0	0	0	11	0	0	0	0	0	0	0	0	0.182077	0.0	0.0	0.0	0.455355	0.0	0.0	0.0	0.0	0.285641	0.0	0.0	0.0	0.714359	0.0	0.0	0.0	0.0	
50	87	1222.396122984	5319.346777777778	5326.917	9.56798	0.900761	35	0	0	0	48	0	0	0	0	0.182077	0.0	0.0	0.0	0.423484	0.0	0.0	0.0	0.0	0.013093	0.0	0.0	0.0	1141.53	0.0	0.0	0.0	0.0	0.000374	0.0	0.0	0.0	23.7819	0.0	0.0	0.0	0.0	7	0	0	0	25	0	0	0	0	1	0	0	0	4	0	0	0	0	10	0	0	0	19	0	0	0	0	5	0	0	0	0	0	0	0	0	1	0	0	0	0	0	0	0	0	11	0	0	0	0	0	0	0	0	0.182077	0.0	0.0	0.0	0.423484	0.0	0.0	0.0	0.0	0.300675	0.0	0.0	0.0	0.699325	0.0	0.0	0.0	0.0	
51	89	1227.509415814	5315.556	5315.556	9.51087	0.900196	36	0	0	0	49	0	0	0	0	0.163869	0.0	0.0	0.0	0.463464	0.0	0.0	0.0	0.0	0.013471	0.0	0.0	0.0	1146.64	0.0	0.0	0.0	0.0	0.000374	0.0	0.0	0.0	23.4009	0.0	0.0	0.0	0.0	7	0	0	0	26	0	0	0	0	1	0	0	0	4	0	0	0	0	11	0	0	0	19	0	0	0	0	5	0	0	0	0	0	0	0	0	1	0	0	0	0	0	0	0	0	11	0	0	0	0	0	0	0	0	0.163869	0.0	0.0	0.0	0.463464	0.0	0.0	0.0	0.0	0.261216	0.0	0.0	0.0	0.738784	0.0	0.0	0.0	0.0	
52	90	1233.079396487	5303.028	5303.028	9.41773	0.89926	36	0	0	0	50	0	0	0	0	0.163869	0.0	0.0	0.0	0.499776	0.0	0.0	0.0	0.0	0.013471	0.0	0.0	0.0	1152.21	0.0	0.0	0.0	0.0	0.000374	0.0	0.0	0.0	23.0443	0.0	0.0	0.0	0.0	7	0	0	0	27	0	0	0	0	1	0	0	0	4	0	0	0	0	11	0	0	0	19	0	0	0	0	5	0	0	0	0	0	0	0	0	1	0	0	0	0	0	0	0	0	11	0	0	0	0	0	0	0	0	0.163869	0.0	0.0	0.0	0.499776	0.0	0.0	0.0	0.0	0.246923	0.0	0.0	0.0	0.753077	0.0	0.0	0.0	0.0	
53	91	1238.745373864	5295.528	5295.528	9.31731	0.898232	36	0	0	0	51	0	0	0	0	0.163869	0.0	0.0	0.0	0.532988	0.0	0.0	0.0	0.0	0.013471	0.0	0.0	0.0	1157.88	0.0	0.0	0.0	0.0	0.000374	0.0	0.0	0.0	22.7035	0.0	0.0	0.0	0.0	7	0	0	0	28	0	0	0	0	1	0	0	0	4	0	0	0	0	11	0	0	0	19	0	0	0	0	5	0	0	0	0	0	0	0	0	1	0	0	0	0	0	0	0	0	11	0	0	0	0	0	0	0	0	0.163869	0.0	0.0	0.0	0.532988	0.0	0.0	0.0	0.0	0.235155	0.0	0.0	0.0	0.764845	0.0	0.0	0.0	0.0	
54	92	1242.990399155	5267.139	5267.139	9.21625	0.897175	36	0	0	0	52	0	0	0	0	0.163869	0.0	0.0	0.0	0.563518	0.0	0.0	0.0	0.0	0.013471	0.0	0.0	0.0	1162.13	0.0	0.0	0.0	0.0	0.000374	0.0	0.0	0.0	22.3486	0.0	0.0	0.0	0.0	7	0	0	0	29	0	0	0	0	1	0	0	0	4	0	0	0	0	11	0	0	0	19	0	0	0	0	5	0	0	0	0	0	0	0	0	1	0	0	0	0	0	0	0	0	11	0	0	0	0	0	0	0	0	0.163869	0.0	0.0	0.0	0.563518	0.0	0.0	0.0	0.0	0.225285	0.0	0.0	0.0	0.774715	0.0	0.0	0.0	0.0	
55	93	1248.704110422	5267.139	5267.139	9.14126	0.896377	36	0	0	0	53	0	0	0	0	0.163869	0.0	0.0	0.0	0.527149	0.0	0.0	0.0	0.0	0.013471	0.0	0.0	0.0	1167.84	0.0	0.0	0.0	0.0	0.000374	0.0	0.0	0.0	22.0347	0.0	0.0	0.0	0.0	7	0	0	0	29	0	0	0	0	1	0	0	0	4	0	0	0	0	11	0	0	0	20	0	0	0	0	5	0	0	0	0	0	0	0	0	1	0	0	0	0	0	0	0	0	11	0	0	0	0	0	0	0	0	0.163869	0.0	0.0	0.0	0.527149	0.0	0.0	0.0	0.0	0.237142	0.0	0.0	0.0	0.762858	0.0	0.0	0.0	0.0	
56	96	1272.469016801	5264.139	5264.139	9.04127	0.895293	38	0	0	0	54	0	0	0	0	0.232734	0.0	0.0	0.0	0.561229	0.0	0.0	0.0	0.0	0.014143	0.0	0.0	0.0	1191.6	0.0	0.0	0.0	0.0	0.000372	0.0	0.0	0.0	22.0667	0.0	0.0	0.0	0.0	8	0	0	0	30	0	0	0	0	1	0	0	0	4	0	0	0	0	11	0	0	0	20	0	0	0	0	6	0	0	0	0	0	0	0	0	1	0	0	0	0	0	0	0	0	11	0	0	0	0	0	0	0	0	0.232734	0.0	0.0	0.0	0.561229	0.0	0.0	0.0	0.0	0.29313	0.0	0.0	0.0	0.70687	0.0	0.0	0.0	0.0	
57	98	1275.220648782	5264.139	5264.139	8.63704	0.890671	39	0	0	0	55	0	0	0	0	0.209461	0.0	0.0	0.0	0.522695	0.0	0.0	0.0	0.0	0.014691	0.0	0.0	0.0	1194.35	0.0	0.0	0.0	0.0	0.000377	0.0	0.0	0.0	21.7155	0.0	0.0	0.0	0.0	8	0	0	0	30	0	0	0	0	1	0	0	0	4	0	0	0	0	11	0	0	0	21	0	0	0	0	7	0	0	0	0	0	0	0	0	1	0	0	0	0	0	0	0	0	11	0	0	0	0	0	0	0	0	0.209461	0.0	0.0	0.0	0.522695	0.0	0.0	0.0	0.0	0.286088	0.0	0.0	0.0	0.713912	0.0	0.0	0.0	0.0	
58	99	1278.155850175	5264.139	5264.139	8.59143	0.890123	39	0	0	0	56	0	0	0	0	0.209461	0.0	0.0	0.0	0.486087	0.0	0.0	0.0	0.0	0.014691	0.0	0.0	0.0	1197.29	0.0	0.0	0.0	0.0	0.000377	0.0	0.0	0.0	21.3802	0.0	0.0	0.0	0.0	8	0	0	0	30	0	0	0	0	1	0	0	0	4	0	0	0	0	11	0	0	0	22	0	0	0	0	7	0	0	0	0	0	0	0	0	1	0	0	0	0	0	0	0	0	11	0	0	0	0	0	0	0	0	0.209461	0.0	0.0	0.0	0.486087	0.0	0.0	0.0	0.0	0.301145	0.0	0.0	0.0	0.698855	0.0	0.0	0.0	0.0	
59	100	1370.787479234	5206.694	5206.694	8.54303	0.889537	39	0	0	0	57	0	0	0	0	0.209461	0.0	0.0	0.0	0.522855	0.0	0.0	0.0	0.0	0.014691	0.0	0.0	0.0	1289.92	0.0	0.0	0.0	0.0	0.000377	0.0	0.0	0.0	22.6302	0.0	0.0	0.0	0.0	8	0	0	0	31	0	0	0	0	1	0	0	0	4	0	0	0	0	11	0	0	0	22	0	0	0	0	7	0	0	0	0	0	0	0	0	1	0	0	0	0	0	0	0	0	11	0	0	0	0	0	0	0	0	0.209461	0.0	0.0	0.0	0.522855	0.0	0.0	0.0	0.0	0.286025	0.0	0.0	0.0	0.713975	0.0	0.0	0.0	0.0	
60	103	1374.248649035	5206.667333333335	5206.694	7.14796	0.869445	41	0	0	0	58	0	0	0	0	0.259663	0.0	0.0	0.0	0.483729	0.0	0.0	0.0	0.0	0.015389	0.0	0.0	0.0	1293.38	0.0	0.0	0.0	0.0	0.000375	0.0	0.0	0.0	22.2997	0.0	0.0	0.0	0.0	9	0	0	0	31	0	0	0	0	1	0	0	0	4	0	0	0	0	11	0	0	0	23	0	0	0	0	7	0	0	0	0	0	0	0	0	1	0	0	0	0	0	0	0	0	12	0	0	0	0	0	0	0	0	0.259663	0.0	0.0	0.0	0.483729	0.0	0.0	0.0	0.0	0.349295	0.0	0.0	0.0	0.650705	0.0	0.0	0.0	0.0	
61	105	1387.030904602	5203.694	5203.694	7.10051	0.868633	42	0	0	0	59	0	0	0	0	0.233697	0.0	0.0	0.0	0.522014	0.0	0.0	0.0	0.0	0.015586	0.0	0.0	0.0	1306.16	0.0	0.0	0.0	0.0	0.000371	0.0	0.0	0.0	22.1384	0.0	0.0	0.0	0.0	9	0	0	0	32	0	0	0	0	1	0	0	0	4	0	0	0	0	11	0	0	0	23	0	0	0	0	7	0	0	0	0	0	0	0	0	1	0	0	0	0	0	0	0	0	13	0	0	0	0	0	0	0	0	0.233697	0.0	0.0	0.0	0.522014	0.0	0.0	0.0	0.0	0.309241	0.0	0.0	0.0	0.690759	0.0	0.0	0.0	0.0	
62	106	1396.088415862	5203.694	5203.694	6.92795	0.865591	42	0	0	0	60	0	0	0	0	0.233697	0.0	0.0	0.0	0.484228	0.0	0.0	0.0	0.0	0.015586	0.0	0.0	0.0	1315.22	0.0	0.0	0.0	0.0	0.000371	0.0	0.0	0.0	21.9204	0.0	0.0	0.0	0.0	9	0	0	0	32	0	0	0	0	1	0	0	0	4	0	0	0	0	11	0	0	0	24	0	0	0	0	7	0	0	0	0	0	0	0	0	1	0	0	0	0	0	0	0	0	13	0	0	0	0	0	0	0	0	0.233697	0.0	0.0	0.0	0.484228	0.0	0.0	0.0	0.0	0.325517	0.0	0.0	0.0	0.674483	0.0	0.0	0.0	0.0	
63	107	1403.042675672	5203.694	5203.694	6.80823	0.863397	42	0	0	0	61	0	0	0	0	0.233697	0.0	0.0	0.0	0.448332	0.0	0.0	0.0	0.0	0.015586	0.0	0.0	0.0	1322.18	0.0	0.0	0.0	0.0	0.000371	0.0	0.0	0.0	21.675	0.0	0.0	0.0	0.0	9	0	0	0	32	0	0	0	0	1	0	0	0	4	0	0	0	0	11	0	0	0	25	0	0	0	0	7	0	0	0	0	0	0	0	0	1	0	0	0	0	0	0	0	0	13	0	0	0	0	0	0	0	0	0.233697	0.0	0.0	0.0	0.448332	0.0	0.0	0.0	0.0	0.34265	0.0	0.0	0.0	0.65735	0.0	0.0	0.0	0.0	
64	109	1406.354928674	5203.694	5203.694	6.7177	0.861689	43	0	0	0	62	0	0	0	0	0.210327	0.0	0.0	0.0	0.415399	0.0	0.0	0.0	0.0	0.015931	0.0	0.0	0.0	1325.49	0.0	0.0	0.0	0.0	0.00037	0.0	0.0	0.0	21.3788	0.0	0.0	0.0	0.0	9	0	0	0	32	0	0	0	0	1	0	0	0	4	0	0	0	0	11	0	0	0	26	0	0	0	0	8	0	0	0	0	0	0	0	0	1	0	0	0	0	0	0	0	0	13	0	0	0	0	0	0	0	0	0.210327	0.0	0.0	0.0	0.415399	0.0	0.0	0.0	0.0	0.336133	0.0	0.0	0.0	0.663867	0.0	0.0	0.0	0.0	
65	112	1410.589352617	5198.694	5198.694	6.67501	0.860869	45	0	0	0	63	0	0	0	0	0.170365	0.0	0.0	0.0	0.456617	0.0	0.0	0.0	0.0	0.016285	0.0	0.0	0.0	1329.72	0.0	0.0	0.0	0.0	0.000362	0.0	0.0	0.0	21.1067	0.0	0.0	0.0	0.0	9	0	0	0	33	0	0	0	0	1	0	0	0	4	0	0	0	0	11	0	0	0	26	0	0	0	0	8	0	0	0	0	0	0	0	0	1	0	0	0	0	0	0	0	0	15	0	0	0	0	0	0	0	0	0.170365	0.0	0.0	0.0	0.456617	0.0	0.0	0.0	0.0	0.271722	0.0	0.0	0.0	0.728278	0.0	0.0	0.0	0.0	
66	114	1432.105521987	5198.694	5198.694	6.62083	0.859815	46	0	0	0	64	0	0	0	0	0.153329	0.0	0.0	0.0	0.42612	0.0	0.0	0.0	0.0	0.016515	0.0	0.0	0.0	1351.24	0.0	0.0	0.0	0.0	0.000359	0.0	0.0	0.0	21.1131	0.0	0.0	0.0	0.0	9	0	0	0	33	0	0	0	0	1	0	0	0	4	0	0	0	0	11	0	0	0	27	0	0	0	0	8	0	0	0	0	0	0	0	0	1	0	0	0	0	0	0	0	0	16	0	0	0	0	0	0	0	0	0.153329	0.0	0.0	0.0	0.42612	0.0	0.0	0.0	0.0	0.264611	0.0	0.0	0.0	0.735389	0.0	0.0	0.0	0.0	
67	115	1439.634031694	5198.694	5198.694	6.35226	0.854341	46	0	0	0	65	0	0	0	0	0.153329	0.0	0.0	0.0	0.397147	0.0	0.0	0.0	0.0	0.016515	0.0	0.0	0.0	1358.77	0.0	0.0	0.0	0.0	0.000359	0.0	0.0	0.0	20.9041	0.0	0.0	0.0	0.0	9	0	0	0	33	0	0	0	0	1	0	0	0	4	0	0	0	0	11	0	0	0	28	0	0	0	0	8	0	0	0	0	0	0	0	0	1	0	0	0	0	0	0	0	0	16	0	0	0	0	0	0	0	0	0.153329	0.0	0.0	0.0	0.397147	0.0	0.0	0.0	0.0	0.278538	0.0	0.0	0.0	0.721462	0.0	0.0	0.0	0.0	
68	116	1448.963782926	5198.694	5198.694	6.26087	0.852381	46	0	0	0	66	0	0	0	0	0.153329	0.0	0.0	0.0	0.369623	0.0	0.0	0.0	0.0	0.016515	0.0	0.0	0.0	1368.1	0.0	0.0	0.0	0.0	0.000359	0.0	0.0	0.0	20.7287	0.0	0.0	0.0	0.0	9	0	0	0	33	0	0	0	0	1	0	0	0	4	0	0	0	0	11	0	0	0	29	0	0	0	0	8	0	0	0	0	0	0	0	0	1	0	0	0	0	0	0	0	0	16	0	0	0	0	0	0	0	0	0.153329	0.0	0.0	0.0	0.369623	0.0	0.0	0.0	0.0	0.293198	0.0	0.0	0.0	0.706802	0.0	0.0	0.0	0.0	
69	117	1459.682113446	5198.694	5198.694	6.14945	0.849917	46	0	0	0	67	0	0	0	0	0.153329	0.0	0.0	0.0	0.343476	0.0	0.0	0.0	0.0	0.016515	0.0	0.0	0.0	1378.81	0.0	0.0	0.0	0.0	0.000359	0.0	0.0	0.0	20.5793	0.0	0.0	0.0	0.0	9	0	0	0	33	0	0	0	0	1	0	0	0	4	0	0	0	0	11	0	0	0	30	0	0	0	0	8	0	0	0	0	0	0	0	0	1	0	0	0	0	0	0	0	0	16	0	0	0	0	0	0	0	0	0.153329	0.0	0.0	0.0	0.343476	0.0	0.0	0.0	0.0	0.30863	0.0	0.0	0.0	0.69137	0.0	0.0	0.0	0.0	
70	118	1471.205293741	5182.194	5182.194	6.02389	0.847041	46	0	0	0	68	0	0	0	0	0.153329	0.0	0.0	0.0	0.390956	0.0	0.0	0.0	0.0	0.016515	0.0	0.0	0.0	1390.34	0.0	0.0	0.0	0.0	0.000359	0.0	0.0	0.0	20.4461	0.0	0.0	0.0	0.0	9	0	0	0	34	0	0	0	0	1	0	0	0	4	0	0	0	0	11	0	0	0	30	0	0	0	0	8	0	0	0	0	0	0	0	0	1	0	0	0	0	0	0	0	0	16	0	0	0	0	0	0	0	0	0.153329	0.0	0.0	0.0	0.390956	0.0	0.0	0.0	0.0	0.281707	0.0	0.0	0.0	0.718293	0.0	0.0	0.0	0.0	
71	119	1474.564877633	5182.194	5182.194	5.89176	0.843894	46	0	0	0	69	0	0	0	0	0.153329	0.0	0.0	0.0	0.363742	0.0	0.0	0.0	0.0	0.016515	0.0	0.0	0.0	1393.7	0.0	0.0	0.0	0.0	0.000359	0.0	0.0	0.0	20.1985	0.0	0.0	0.0	0.0	9	0	0	0	34	0	0	0	0	1	0	0	0	4	0	0	0	0	11	0	0	0	31	0	0	0	0	8	0	0	0	0	0	0	0	0	1	0	0	0	0	0	0	0	0	16	0	0	0	0	0	0	0	0	0.153329	0.0	0.0	0.0	0.363742	0.0	0.0	0.0	0.0	0.296533	0.0	0.0	0.0	0.703467	0.0	0.0	0.0	0.0	
72	123	1479.289451371	5182.194	5182.194	5.85378	0.842965	49	0	0	0	70	0	0	0	0	0.111777	0.0	0.0	0.0	0.339966	0.0	0.0	0.0	0.0	0.017046	0.0	0.0	0.0	1398.42	0.0	0.0	0.0	0.0	0.000348	0.0	0.0	0.0	19.9774	0.0	0.0	0.0	0.0	9	0	0	0	34	0	0	0	0	1	0	0	0	4	0	0	0	0	11	0	0	0	32	0	0	0	0	8	0	0	0	0	0	0	0	0	1	0	0	0	0	0	0	0	0	19	0	0	0	0	0	0	0	0	0.111777	0.0	0.0	0.0	0.339966	0.0	0.0	0.0	0.0	0.247434	0.0	0.0	0.0	0.752566	0.0	0.0	0.0	0.0	
73	124	1483.370303977	5182.194	5182.194	5.8008	0.841651	49	0	0	0	71	0	0	0	0	0.111777	0.0	0.0	0.0	0.317379	0.0	0.0	0.0	0.0	0.017046	0.0	0.0	0.0	1402.5	0.0	0.0	0.0	0.0	0.000348	0.0	0.0	0.0	19.7535	0.0	0.0	0.0	0.0	9	0	0	0	34	0	0	0	0	1	0	0	0	4	0	0	0	0	11	0	0	0	33	0	0	0	0	8	0	0	0	0	0	0	0	0	1	0	0	0	0	0	0	0	0	19	0	0	0	0	0	0	0	0	0.111777	0.0	0.0	0.0	0.317379	0.0	0.0	0.0	0.0	0.260457	0.0	0.0	0.0	0.739543	0.0	0.0	0.0	0.0	
74	125	1663.526302534	5169.194	5169.194	5.75541	0.840507	49	0	0	0	72	0	0	0	0	0.111777	0.0	0.0	0.0	0.36353	0.0	0.0	0.0	0.0	0.017046	0.0	0.0	0.0	1582.66	0.0	0.0	0.0	0.0	0.000348	0.0	0.0	0.0	21.9814	0.0	0.0	0.0	0.0	9	0	0	0	35	0	0	0	0	1	0	0	0	4	0	0	0	0	11	0	0	0	33	0	0	0	0	8	0	0	0	0	0	0	0	0	1	0	0	0	0	0	0	0	0	19	0	0	0	0	0	0	0	0	0.111777	0.0	0.0	0.0	0.36353	0.0	0.0	0.0	0.0	0.235167	0.0	0.0	0.0	0.764833	0.0	0.0	0.0	0.0	
75	126	1671.188816941	5163.194	5163.194	4.069	0.782109	49	0	0	0	73	0	0	0	0	0.111777	0.0	0.0	0.0	0.405139	0.0	0.0	0.0	0.0	0.017046	0.0	0.0	0.0	1590.32	0.0	0.0	0.0	0.0	0.000348	0.0	0.0	0.0	21.7852	0.0	0.0	0.0	0.0	9	0	0	0	36	0	0	0	0	1	0	0	0	4	0	0	0	0	11	0	0	0	33	0	0	0	0	8	0	0	0	0	0	0	0	0	1	0	0	0	0	0	0	0	0	19	0	0	0	0	0	0	0	0	0.111777	0.0	0.0	0.0	0.405139	0.0	0.0	0.0	0.0	0.216238	0.0	0.0	0.0	0.783762	0.0	0.0	0.0	0.0	
76	127	1851.33063165	5158.194	5158.194	4.00943	0.779259	49	0	0	0	74	0	0	0	0	0.111777	0.0	0.0	0.0	0.443088	0.0	0.0	0.0	0.0	0.017046	0.0	0.0	0.0	1770.46	0.0	0.0	0.0	0.0	0.000348	0.0	0.0	0.0	23.9252	0.0	0.0	0.0	0.0	9	0	0	0	37	0	0	0	0	1	0	0	0	4	0	0	0	0	11	0	0	0	33	0	0	0	0	8	0	0	0	0	0	0	0	0	1	0	0	0	0	0	0	0	0	19	0	0	0	0	0	0	0	0	0.111777	0.0	0.0	0.0	0.443088	0.0	0.0	0.0	0.0	0.201448	0.0	0.0	0.0	0.798552	0.0	0.0	0.0	0.0	
77	128	1857.873023219	5158.194	5158.194	2.83469	0.702737	49	0	0	0	75	0	0	0	0	0.111777	0.0	0.0	0.0	0.415344	0.0	0.0	0.0	0.0	0.017046	0.0	0.0	0.0	1777.0	0.0	0.0	0.0	0.0	0.000348	0.0	0.0	0.0	23.6934	0.0	0.0	0.0	0.0	9	0	0	0	37	0	0	0	0	1	0	0	0	4	0	0	0	0	11	0	0	0	34	0	0	0	0	8	0	0	0	0	0	0	0	0	1	0	0	0	0	0	0	0	0	19	0	0	0	0	0	0	0	0	0.111777	0.0	0.0	0.0	0.415344	0.0	0.0	0.0	0.0	0.212051	0.0	0.0	0.0	0.787949	0.0	0.0	0.0	0.0	
78	129	1867.172135197	5158.194	5158.194	2.79922	0.699602	49	0	0	0	76	0	0	0	0	0.111777	0.0	0.0	0.0	0.388988	0.0	0.0	0.0	0.0	0.017046	0.0	0.0	0.0	1786.3	0.0	0.0	0.0	0.0	0.000348	0.0	0.0	0.0	23.504	0.0	0.0	0.0	0.0	9	0	0	0	37	0	0	0	0	1	0	0	0	4	0	0	0	0	11	0	0	0	35	0	0	0	0	8	0	0	0	0	0	0	0	0	1	0	0	0	0	0	0	0	0	19	0	0	0	0	0	0	0	0	0.111777	0.0	0.0	0.0	0.388988	0.0	0.0	0.0	0.0	0.223212	0.0	0.0	0.0	0.776788	0.0	0.0	0.0	0.0	
79	130	1872.236113911	5156.694	5156.694	2.74956	0.695104	49	0	0	0	77	0	0	0	0	0.111777	0.0	0.0	0.0	0.428318	0.0	0.0	0.0	0.0	0.017046	0.0	0.0	0.0	1791.37	0.0	0.0	0.0	0.0	0.000348	0.0	0.0	0.0	23.2645	0.0	0.0	0.0	0.0	9	0	0	0	38	0	0	0	0	1	0	0	0	4	0	0	0	0	11	0	0	0	35	0	0	0	0	8	0	0	0	0	0	0	0	0	1	0	0	0	0	0	0	0	0	19	0	0	0	0	0	0	0	0	0.111777	0.0	0.0	0.0	0.428318	0.0	0.0	0.0	0.0	0.206957	0.0	0.0	0.0	0.793043	0.0	0.0	0.0	0.0	
80	131	1877.08521227	5156.694	5156.694	2.72289	0.692632	49	0	0	0	78	0	0	0	0	0.111777	0.0	0.0	0.0	0.401313	0.0	0.0	0.0	0.0	0.017046	0.0	0.0	0.0	1796.22	0.0	0.0	0.0	0.0	0.000348	0.0	0.0	0.0	23.0284	0.0	0.0	0.0	0.0	9	0	0	0	38	0	0	0	0	1	0	0	0	4	0	0	0	0	11	0	0	0	36	0	0	0	0	8	0	0	0	0	0	0	0	0	1	0	0	0	0	0	0	0	0	19	0	0	0	0	0	0	0	0	0.111777	0.0	0.0	0.0	0.401313	0.0	0.0	0.0	0.0	0.21785	0.0	0.0	0.0	0.78215	0.0	0.0	0.0	0.0	
81	132	1889.046911261	5156.694	5156.694	2.6976	0.690251	49	0	0	0	79	0	0	0	0	0.111777	0.0	0.0	0.0	0.375659	0.0	0.0	0.0	0.0	0.017046	0.0	0.0	0.0	1808.18	0.0	0.0	0.0	0.0	0.000348	0.0	0.0	0.0	22.8883	0.0	0.0	0.0	0.0	9	0	0	0	38	0	0	0	0	1	0	0	0	4	0	0	0	0	11	0	0	0	37	0	0	0	0	8	0	0	0	0	0	0	0	0	1	0	0	0	0	0	0	0	0	19	0	0	0	0	0	0	0	0	0.111777	0.0	0.0	0.0	0.375659	0.0	0.0	0.0	0.0	0.229316	0.0	0.0	0.0	0.770684	0.0	0.0	0.0	0.0	
82	133	1894.275419433	5156.694	5156.694	2.6362	0.684317	49	0	0	0	80	0	0	0	0	0.111777	0.0	0.0	0.0	0.351287	0.0	0.0	0.0	0.0	0.017046	0.0	0.0	0.0	1813.41	0.0	0.0	0.0	0.0	0.000348	0.0	0.0	0.0	22.6676	0.0	0.0	0.0	0.0	9	0	0	0	38	0	0	0	0	1	0	0	0	4	0	0	0	0	11	0	0	0	38	0	0	0	0	8	0	0	0	0	0	0	0	0	1	0	0	0	0	0	0	0	0	19	0	0	0	0	0	0	0	0	0.111777	0.0	0.0	0.0	0.351287	0.0	0.0	0.0	0.0	0.241385	0.0	0.0	0.0	0.758615	0.0	0.0	0.0	0.0	
83	134	1900.20589227	5156.694	5156.694	2.60981	0.681697	49	0	0	0	81	0	0	0	0	0.111777	0.0	0.0	0.0	0.328134	0.0	0.0	0.0	0.0	0.017046	0.0	0.0	0.0	1819.34	0.0	0.0	0.0	0.0	0.000348	0.0	0.0	0.0	22.461	0.0	0.0	0.0	0.0	9	0	0	0	38	0	0	0	0	1	0	0	0	4	0	0	0	0	11	0	0	0	39	0	0	0	0	8	0	0	0	0	0	0	0	0	1	0	0	0	0	0	0	0	0	19	0	0	0	0	0	0	0	0	0.111777	0.0	0.0	0.0	0.328134	0.0	0.0	0.0	0.0	0.254089	0.0	0.0	0.0	0.745911	0.0	0.0	0.0	0.0	
84	135	1908.256158212	5156.694	5156.694	2.58019	0.678705	49	0	0	0	82	0	0	0	0	0.111777	0.0	0.0	0.0	0.306138	0.0	0.0	0.0	0.0	0.017046	0.0	0.0	0.0	1827.39	0.0	0.0	0.0	0.0	0.000348	0.0	0.0	0.0	22.2852	0.0	0.0	0.0	0.0	9	0	0	0	38	0	0	0	0	1	0	0	0	4	0	0	0	0	11	0	0	0	40	0	0	0	0	8	0	0	0	0	0	0	0	0	1	0	0	0	0	0	0	0	0	19	0	0	0	0	0	0	0	0	0.111777	0.0	0.0	0.0	0.306138	0.0	0.0	0.0	0.0	0.267463	0.0	0.0	0.0	0.732537	0.0	0.0	0.0	0.0	
85	136	1912.58923711	5153.694	5153.694	2.54052	0.67461	49	0	0	0	83	0	0	0	0	0.111777	0.0	0.0	0.0	0.353498	0.0	0.0	0.0	0.0	0.017046	0.0	0.0	0.0	1831.72	0.0	0.0	0.0	0.0	0.000348	0.0	0.0	0.0	22.0689	0.0	0.0	0.0	0.0	9	0	0	0	39	0	0	0	0	1	0	0	0	4	0	0	0	0	11	0	0	0	40	0	0	0	0	8	0	0	0	0	0	0	0	0	1	0	0	0	0	0	0	0	0	19	0	0	0	0	0	0	0	0	0.111777	0.0	0.0	0.0	0.353498	0.0	0.0	0.0	0.0	0.240238	0.0	0.0	0.0	0.759762	0.0	0.0	0.0	0.0	
86	137	1919.155289057	5153.694	5153.694	2.51942	0.67239	49	0	0	0	84	0	0	0	0	0.111777	0.0	0.0	0.0	0.330235	0.0	0.0	0.0	0.0	0.017046	0.0	0.0	0.0	1838.29	0.0	0.0	0.0	0.0	0.000348	0.0	0.0	0.0	21.8844	0.0	0.0	0.0	0.0	9	0	0	0	39	0	0	0	0	1	0	0	0	4	0	0	0	0	11	0	0	0	41	0	0	0	0	8	0	0	0	0	0	0	0	0	1	0	0	0	0	0	0	0	0	19	0	0	0	0	0	0	0	0	0.111777	0.0	0.0	0.0	0.330235	0.0	0.0	0.0	0.0	0.252882	0.0	0.0	0.0	0.747118	0.0	0.0	0.0	0.0	
87	138	1928.296888605	5153.694	5153.694	2.48778	0.669004	49	0	0	0	85	0	0	0	0	0.111777	0.0	0.0	0.0	0.308134	0.0	0.0	0.0	0.0	0.017046	0.0	0.0	0.0	1847.43	0.0	0.0	0.0	0.0	0.000348	0.0	0.0	0.0	21.7344	0.0	0.0	0.0	0.0	9	0	0	0	39	0	0	0	0	1	0	0	0	4	0	0	0	0	11	0	0	0	42	0	0	0	0	8	0	0	0	0	0	0	0	0	1	0	0	0	0	0	0	0	0	19	0	0	0	0	0	0	0	0	0.111777	0.0	0.0	0.0	0.308134	0.0	0.0	0.0	0.0	0.266191	0.0	0.0	0.0	0.733809	0.0	0.0	0.0	0.0	
88	139	1945.889344948	5150.194	5150.194	2.44439	0.664248	49	0	0	0	86	0	0	0	0	0.111777	0.0	0.0	0.0	0.355276	0.0	0.0	0.0	0.0	0.017046	0.0	0.0	0.0	1865.02	0.0	0.0	0.0	0.0	0.000348	0.0	0.0	0.0	21.6863	0.0	0.0	0.0	0.0	9	0	0	0	40	0	0	0	0	1	0	0	0	4	0	0	0	0	11	0	0	0	42	0	0	0	0	8	0	0	0	0	0	0	0	0	1	0	0	0	0	0	0	0	0	19	0	0	0	0	0	0	0	0	0.111777	0.0	0.0	0.0	0.355276	0.0	0.0	0.0	0.0	0.239323	0.0	0.0	0.0	0.760677	0.0	0.0	0.0	0.0	
89	141	1954.355356137	5150.194	5150.194	2.36301	0.654954	50	0	0	0	87	0	0	0	0	0.100599	0.0	0.0	0.0	0.332482	0.0	0.0	0.0	0.0	0.017281	0.0	0.0	0.0	1873.49	0.0	0.0	0.0	0.0	0.000346	0.0	0.0	0.0	21.5343	0.0	0.0	0.0	0.0	9	0	0	0	40	0	0	0	0	1	0	0	0	4	0	0	0	0	11	0	0	0	43	0	0	0	0	8	0	0	0	0	0	0	0	0	1	0	0	0	0	0	0	0	0	20	0	0	0	0	0	0	0	0	0.100599	0.0	0.0	0.0	0.332482	0.0	0.0	0.0	0.0	0.232286	0.0	0.0	0.0	0.767714	0.0	0.0	0.0	0.0	
90	143	1971.874341443	5150.194	5150.194	2.32481	0.650417	51	0	0	0	88	0	0	0	0	0.090539	0.0	0.0	0.0	0.311331	0.0	0.0	0.0	0.0	0.01748	0.0	0.0	0.0	1891.01	0.0	0.0	0.0	0.0	0.000343	0.0	0.0	0.0	21.4887	0.0	0.0	0.0	0.0	9	0	0	0	40	0	0	0	0	1	0	0	0	4	0	0	0	0	11	0	0	0	44	0	0	0	0	8	0	0	0	0	0	0	0	0	1	0	0	0	0	0	0	0	0	21	0	0	0	0	0	0	0	0	0.090539	0.0	0.0	0.0	0.311331	0.0	0.0	0.0	0.0	0.225294	0.0	0.0	0.0	0.774706	0.0	0.0	0.0	0.0	
91	147	1977.331258545	5150.194	5150.194	2.24773	0.640893	54	0	0	0	89	0	0	0	0	0.066003	0.0	0.0	0.0	0.292465	0.0	0.0	0.0	0.0	0.018009	0.0	0.0	0.0	1896.46	0.0	0.0	0.0	0.0	0.000333	0.0	0.0	0.0	21.3086	0.0	0.0	0.0	0.0	9	0	0	0	40	0	0	0	0	1	0	0	0	4	0	0	0	0	11	0	0	0	45	0	0	0	0	8	0	0	0	0	0	0	0	0	1	0	0	0	0	0	0	0	0	24	0	0	0	0	0	0	0	0	0.066003	0.0	0.0	0.0	0.292465	0.0	0.0	0.0	0.0	0.184125	0.0	0.0	0.0	0.815875	0.0	0.0	0.0	0.0	
92	148	1992.881512773	5148.194	5148.194	2.22425	0.63789	54	0	0	0	90	0	0	0	0	0.066003	0.0	0.0	0.0	0.335825	0.0	0.0	0.0	0.0	0.018009	0.0	0.0	0.0	1912.01	0.0	0.0	0.0	0.0	0.000333	0.0	0.0	0.0	21.2446	0.0	0.0	0.0	0.0	9	0	0	0	41	0	0	0	0	1	0	0	0	4	0	0	0	0	11	0	0	0	45	0	0	0	0	8	0	0	0	0	0	0	0	0	1	0	0	0	0	0	0	0	0	24	0	0	0	0	0	0	0	0	0.066003	0.0	0.0	0.0	0.335825	0.0	0.0	0.0	0.0	0.164257	0.0	0.0	0.0	0.835743	0.0	0.0	0.0	0.0	
93	149	1996.55974198	5146.194	5146.194	2.15866	0.629236	54	0	0	0	91	0	0	0	0	0.066003	0.0	0.0	0.0	0.375561	0.0	0.0	0.0	0.0	0.018009	0.0	0.0	0.0	1915.69	0.0	0.0	0.0	0.0	0.000333	0.0	0.0	0.0	21.0515	0.0	0.0	0.0	0.0	9	0	0	0	42	0	0	0	0	1	0	0	0	4	0	0	0	0	11	0	0	0	45	0	0	0	0	8	0	0	0	0	0	0	0	0	1	0	0	0	0	0	0	0	0	24	0	0	0	0	0	0	0	0	0.066003	0.0	0.0	0.0	0.375561	0.0	0.0	0.0	0.0	0.149475	0.0	0.0	0.0	0.850525	0.0	0.0	0.0	0.0	
94	150	2002.270392483	5146.194	5146.194	2.14344	0.627168	54	0	0	0	92	0	0	0	0	0.066003	0.0	0.0	0.0	0.353483	0.0	0.0	0.0	0.0	0.018009	0.0	0.0	0.0	1921.4	0.0	0.0	0.0	0.0	0.000333	0.0	0.0	0.0	20.8848	0.0	0.0	0.0	0.0	9	0	0	0	42	0	0	0	0	1	0	0	0	4	0	0	0	0	11	0	0	0	46	0	0	0	0	8	0	0	0	0	0	0	0	0	1	0	0	0	0	0	0	0	0	24	0	0	0	0	0	0	0	0	0.066003	0.0	0.0	0.0	0.353483	0.0	0.0	0.0	0.0	0.157343	0.0	0.0	0.0	0.842657	0.0	0.0	0.0	0.0	
95	151	2004.803945802	5146.194	5146.194	2.12001	0.623943	54	0	0	0	93	0	0	0	0	0.066003	0.0	0.0	0.0	0.332508	0.0	0.0	0.0	0.0	0.018009	0.0	0.0	0.0	1923.93	0.0	0.0	0.0	0.0	0.000333	0.0	0.0	0.0	20.6875	0.0	0.0	0.0	0.0	9	0	0	0	42	0	0	0	0	1	0	0	0	4	0	0	0	0	11	0	0	0	47	0	0	0	0	8	0	0	0	0	0	0	0	0	1	0	0	0	0	0	0	0	0	24	0	0	0	0	0	0	0	0	0.066003	0.0	0.0	0.0	0.332508	0.0	0.0	0.0	0.0	0.165624	0.0	0.0	0.0	0.834376	0.0	0.0	0.0	0.0	
96	152	2011.06768167	5146.194	5146.194	2.10969	0.622506	54	0	0	0	94	0	0	0	0	0.066003	0.0	0.0	0.0	0.312583	0.0	0.0	0.0	0.0	0.018009	0.0	0.0	0.0	1930.2	0.0	0.0	0.0	0.0	0.000333	0.0	0.0	0.0	20.534	0.0	0.0	0.0	0.0	9	0	0	0	42	0	0	0	0	1	0	0	0	4	0	0	0	0	11	0	0	0	48	0	0	0	0	8	0	0	0	0	0	0	0	0	1	0	0	0	0	0	0	0	0	24	0	0	0	0	0	0	0	0	0.066003	0.0	0.0	0.0	0.312583	0.0	0.0	0.0	0.0	0.174341	0.0	0.0	0.0	0.825659	0.0	0.0	0.0	0.0	
97	153	2191.251886014	5144.194	5144.194	2.08441	0.618937	54	0	0	0	95	0	0	0	0	0.066003	0.0	0.0	0.0	0.354211	0.0	0.0	0.0	0.0	0.018009	0.0	0.0	0.0	2110.38	0.0	0.0	0.0	0.0	0.000333	0.0	0.0	0.0	22.2145	0.0	0.0	0.0	0.0	9	0	0	0	43	0	0	0	0	1	0	0	0	4	0	0	0	0	11	0	0	0	48	0	0	0	0	8	0	0	0	0	0	0	0	0	1	0	0	0	0	0	0	0	0	24	0	0	0	0	0	0	0	0	0.066003	0.0	0.0	0.0	0.354211	0.0	0.0	0.0	0.0	0.15707	0.0	0.0	0.0	0.84293	0.0	0.0	0.0	0.0	
98	154	2194.388575927	5144.194	5144.194	1.47357	0.507315	54	0	0	0	96	0	0	0	0	0.066003	0.0	0.0	0.0	0.3332	0.0	0.0	0.0	0.0	0.018009	0.0	0.0	0.0	2113.52	0.0	0.0	0.0	0.0	0.000333	0.0	0.0	0.0	22.0158	0.0	0.0	0.0	0.0	9	0	0	0	43	0	0	0	0	1	0	0	0	4	0	0	0	0	11	0	0	0	49	0	0	0	0	8	0	0	0	0	0	0	0	0	1	0	0	0	0	0	0	0	0	24	0	0	0	0	0	0	0	0	0.066003	0.0	0.0	0.0	0.3332	0.0	0.0	0.0	0.0	0.165337	0.0	0.0	0.0	0.834663	0.0	0.0	0.0	0.0	
99	155	2285.638912652	5142.472	5142.472	1.4647	0.505234	54	0	0	0	97	0	0	0	0	0.066003	0.0	0.0	0.0	0.373145	0.0	0.0	0.0	0.0	0.018009	0.0	0.0	0.0	2204.77	0.0	0.0	0.0	0.0	0.000333	0.0	0.0	0.0	22.7296	0.0	0.0	0.0	0.0	9	0	0	0	44	0	0	0	0	1	0	0	0	4	0	0	0	0	11	0	0	0	49	0	0	0	0	8	0	0	0	0	0	0	0	0	1	0	0	0	0	0	0	0	0	24	0	0	0	0	0	0	0	0	0.066003	0.0	0.0	0.0	0.373145	0.0	0.0	0.0	0.0	0.150298	0.0	0.0	0.0	0.849702	0.0	0.0	0.0	0.0	
100	156	2288.454810845	5142.472	5142.472	1.22878	0.443164	54	0	0	0	98	0	0	0	0	0.066003	0.0	0.0	0.0	0.351187	0.0	0.0	0.0	0.0	0.018009	0.0	0.0	0.0	2207.58	0.0	0.0	0.0	0.0	0.000333	0.0	0.0	0.0	22.5264	0.0	0.0	0.0	0.0	9	0	0	0	44	0	0	0	0	1	0	0	0	4	0	0	0	0	11	0	0	0	50	0	0	0	0	8	0	0	0	0	0	0	0	0	1	0	0	0	0	0	0	0	0	24	0	0	0	0	0	0	0	0	0.066003	0.0	0.0	0.0	0.351187	0.0	0.0	0.0	0.0	0.158208	0.0	0.0	0.0	0.841792	0.0	0.0	0.0	0.0	
101	157	2299.955770527	5142.472	5142.472	1.22214	0.441208	54	0	0	0	99	0	0	0	0	0.066003	0.0	0.0	0.0	0.330328	0.0	0.0	0.0	0.0	0.018009	0.0	0.0	0.0	2219.09	0.0	0.0	0.0	0.0	0.000333	0.0	0.0	0.0	22.415	0.0	0.0	0.0	0.0	9	0	0	0	44	0	0	0	0	1	0	0	0	4	0	0	0	0	11	0	0	0	51	0	0	0	0	8	0	0	0	0	0	0	0	0	1	0	0	0	0	0	0	0	0	24	0	0	0	0	0	0	0	0	0.066003	0.0	0.0	0.0	0.330328	0.0	0.0	0.0	0.0	0.166535	0.0	0.0	0.0	0.833465	0.0	0.0	0.0	0.0	
102	158	2480.119284709	5141.972	5141.972	1.19538	0.433202	54	0	0	0	100	0	0	0	0	0.066003	0.0	0.0	0.0	0.370502	0.0	0.0	0.0	0.0	0.018009	0.0	0.0	0.0	2399.25	0.0	0.0	0.0	0.0	0.000333	0.0	0.0	0.0	23.9925	0.0	0.0	0.0	0.0	9	0	0	0	45	0	0	0	0	1	0	0	0	4	0	0	0	0	11	0	0	0	51	0	0	0	0	8	0	0	0	0	0	0	0	0	1	0	0	0	0	0	0	0	0	24	0	0	0	0	0	0	0	0	0.066003	0.0	0.0	0.0	0.370502	0.0	0.0	0.0	0.0	0.151208	0.0	0.0	0.0	0.848792	0.0	0.0	0.0	0.0	
103	159	2483.258575621	5141.972	5141.972	0.845107	0.306272	54	0	0	0	101	0	0	0	0	0.066003	0.0	0.0	0.0	0.348676	0.0	0.0	0.0	0.0	0.018009	0.0	0.0	0.0	2402.39	0.0	0.0	0.0	0.0	0.000333	0.0	0.0	0.0	23.786	0.0	0.0	0.0	0.0	9	0	0	0	45	0	0	0	0	1	0	0	0	4	0	0	0	0	11	0	0	0	52	0	0	0	0	8	0	0	0	0	0	0	0	0	1	0	0	0	0	0	0	0	0	24	0	0	0	0	0	0	0	0	0.066003	0.0	0.0	0.0	0.348676	0.0	0.0	0.0	0.0	0.159166	0.0	0.0	0.0	0.840834	0.0	0.0	0.0	0.0	
104	160	2663.409331799	5141.972	5141.972	0.840016	0.304083	54	0	0	0	102	0	0	0	0	0.066003	0.0	0.0	0.0	0.327943	0.0	0.0	0.0	0.0	0.018009	0.0	0.0	0.0	2582.54	0.0	0.0	0.0	0.0	0.000333	0.0	0.0	0.0	25.319	0.0	0.0	0.0	0.0	9	0	0	0	45	0	0	0	0	1	0	0	0	4	0	0	0	0	11	0	0	0	53	0	0	0	0	8	0	0	0	0	0	0	0	0	1	0	0	0	0	0	0	0	0	24	0	0	0	0	0	0	0	0	0.066003	0.0	0.0	0.0	0.327943	0.0	0.0	0.0	0.0	0.167543	0.0	0.0	0.0	0.832457	0.0	0.0	0.0	0.0	
105	161	2669.088896512	5139.472	5139.472	0.593885	0.185662	54	0	0	0	103	0	0	0	0	0.066003	0.0	0.0	0.0	0.368308	0.0	0.0	0.0	0.0	0.018009	0.0	0.0	0.0	2588.22	0.0	0.0	0.0	0.0	0.000333	0.0	0.0	0.0	25.1283	0.0	0.0	0.0	0.0	9	0	0	0	46	0	0	0	0	1	0	0	0	4	0	0	0	0	11	0	0	0	53	0	0	0	0	8	0	0	0	0	0	0	0	0	1	0	0	0	0	0	0	0	0	24	0	0	0	0	0	0	0	0	0.066003	0.0	0.0	0.0	0.368308	0.0	0.0	0.0	0.0	0.151971	0.0	0.0	0.0	0.848029	0.0	0.0	0.0	0.0	
106	162	2682.687258695	5119.222	5119.222	0.587429	0.182258	54	0	0	0	104	0	0	0	0	0.066003	0.0	0.0	0.0	0.405553	0.0	0.0	0.0	0.0	0.018009	0.0	0.0	0.0	2601.82	0.0	0.0	0.0	0.0	0.000333	0.0	0.0	0.0	25.0175	0.0	0.0	0.0	0.0	9	0	0	0	47	0	0	0	0	1	0	0	0	4	0	0	0	0	11	0	0	0	53	0	0	0	0	8	0	0	0	0	0	0	0	0	1	0	0	0	0	0	0	0	0	24	0	0	0	0	0	0	0	0	0.066003	0.0	0.0	0.0	0.405553	0.0	0.0	0.0	0.0	0.139968	0.0	0.0	0.0	0.860032	0.0	0.0	0.0	0.0	
107	164	2686.14983597	5104.722	5104.722	0.572253	0.174213	55	0	0	0	105	0	0	0	0	0.059403	0.0	0.0	0.0	0.439629	0.0	0.0	0.0	0.0	0.01825	0.0	0.0	0.0	2605.28	0.0	0.0	0.0	0.0	0.000332	0.0	0.0	0.0	24.8122	0.0	0.0	0.0	0.0	9	0	0	0	48	0	0	0	0	1	0	0	0	4	0	0	0	0	11	0	0	0	53	0	0	0	0	8	0	0	0	0	0	0	0	0	1	0	0	0	0	0	0	0	0	25	0	0	0	0	0	0	0	0	0.059403	0.0	0.0	0.0	0.439629	0.0	0.0	0.0	0.0	0.119036	0.0	0.0	0.0	0.880964	0.0	0.0	0.0	0.0	
108	165	2866.30530263	5104.722	5104.722	0.568452	0.172189	55	0	0	0	106	0	0	0	0	0.059403	0.0	0.0	0.0	0.414677	0.0	0.0	0.0	0.0	0.01825	0.0	0.0	0.0	2785.43	0.0	0.0	0.0	0.0	0.000332	0.0	0.0	0.0	26.2777	0.0	0.0	0.0	0.0	9	0	0	0	48	0	0	0	0	1	0	0	0	4	0	0	0	0	11	0	0	0	54	0	0	0	0	8	0	0	0	0	0	0	0	0	1	0	0	0	0	0	0	0	0	25	0	0	0	0	0	0	0	0	0.059403	0.0	0.0	0.0	0.414677	0.0	0.0	0.0	0.0	0.125301	0.0	0.0	0.0	0.874699	0.0	0.0	0.0	0.0	
109	166	2895.937822622	5104.722	5104.722	0.401888	0.083055	55	0	0	0	107	0	0	0	0	0.059403	0.0	0.0	0.0	0.390973	0.0	0.0	0.0	0.0	0.01825	0.0	0.0	0.0	2815.07	0.0	0.0	0.0	0.0	0.000332	0.0	0.0	0.0	26.309	0.0	0.0	0.0	0.0	9	0	0	0	48	0	0	0	0	1	0	0	0	4	0	0	0	0	11	0	0	0	55	0	0	0	0	8	0	0	0	0	0	0	0	0	1	0	0	0	0	0	0	0	0	25	0	0	0	0	0	0	0	0	0.059403	0.0	0.0	0.0	0.390973	0.0	0.0	0.0	0.0	0.131896	0.0	0.0	0.0	0.868104	0.0	0.0	0.0	0.0	
110	167	2906.398461585	5104.722	5104.722	0.379609	0.07177	55	0	0	0	108	0	0	0	0	0.059403	0.0	0.0	0.0	0.368455	0.0	0.0	0.0	0.0	0.01825	0.0	0.0	0.0	2825.53	0.0	0.0	0.0	0.0	0.000332	0.0	0.0	0.0	26.1623	0.0	0.0	0.0	0.0	9	0	0	0	48	0	0	0	0	1	0	0	0	4	0	0	0	0	11	0	0	0	56	0	0	0	0	8	0	0	0	0	0	0	0	0	1	0	0	0	0	0	0	0	0	25	0	0	0	0	0	0	0	0	0.059403	0.0	0.0	0.0	0.368455	0.0	0.0	0.0	0.0	0.138837	0.0	0.0	0.0	0.861163	0.0	0.0	0.0	0.0	
111	169	2909.260943493	5104.677555555555	5104.722	0.372042	0.068026	56	0	0	0	109	0	0	0	0	0.153462	0.0	0.0	0.0	0.342359	0.0	0.0	0.0	0.0	0.01877	0.0	0.0	0.0	2828.39	0.0	0.0	0.0	0.0	0.000335	0.0	0.0	0.0	25.9485	0.0	0.0	0.0	0.0	10	0	0	0	48	0	0	0	0	1	0	0	0	4	0	0	0	0	11	0	0	0	57	0	0	0	0	8	0	0	0	0	0	0	0	0	1	0	0	0	0	0	0	0	0	25	0	0	0	0	0	0	0	0	0.153462	0.0	0.0	0.0	0.342359	0.0	0.0	0.0	0.0	0.309512	0.0	0.0	0.0	0.690488	0.0	0.0	0.0	0.0	
112	170	2920.890507471	5104.677555555555	5104.722	0.369998	0.067023	56	0	0	0	110	0	0	0	0	0.153462	0.0	0.0	0.0	0.317568	0.0	0.0	0.0	0.0	0.01877	0.0	0.0	0.0	2840.02	0.0	0.0	0.0	0.0	0.000335	0.0	0.0	0.0	25.8184	0.0	0.0	0.0	0.0	10	0	0	0	48	0	0	0	0	1	0	0	0	4	0	0	0	0	11	0	0	0	58	0	0	0	0	8	0	0	0	0	0	0	0	0	1	0	0	0	0	0	0	0	0	25	0	0	0	0	0	0	0	0	0.153462	0.0	0.0	0.0	0.317568	0.0	0.0	0.0	0.0	0.325802	0.0	0.0	0.0	0.674198	0.0	0.0	0.0	0.0	
113	172	2926.071669016	5104.677555555555	5104.722	0.361808	0.063046	57	0	0	0	111	0	0	0	0	0.138116	0.0	0.0	0.0	0.294784	0.0	0.0	0.0	0.0	0.019017	0.0	0.0	0.0	2845.2	0.0	0.0	0.0	0.0	0.000334	0.0	0.0	0.0	25.6324	0.0	0.0	0.0	0.0	10	0	0	0	48	0	0	0	0	1	0	0	0	4	0	0	0	0	11	0	0	0	59	0	0	0	0	8	0	0	0	0	0	0	0	0	1	0	0	0	0	0	0	0	0	26	0	0	0	0	0	0	0	0	0.138116	0.0	0.0	0.0	0.294784	0.0	0.0	0.0	0.0	0.319049	0.0	0.0	0.0	0.680951	0.0	0.0	0.0	0.0	
114	173	2930.603189328	5104.677555555555	5104.722	0.358218	0.061323	57	0	0	0	112	0	0	0	0	0.138116	0.0	0.0	0.0	0.273139	0.0	0.0	0.0	0.0	0.019017	0.0	0.0	0.0	2849.73	0.0	0.0	0.0	0.0	0.000334	0.0	0.0	0.0	25.444	0.0	0.0	0.0	0.0	10	0	0	0	48	0	0	0	0	1	0	0	0	4	0	0	0	0	11	0	0	0	60	0	0	0	0	8	0	0	0	0	0	0	0	0	1	0	0	0	0	0	0	0	0	26	0	0	0	0	0	0	0	0	0.138116	0.0	0.0	0.0	0.273139	0.0	0.0	0.0	0.0	0.335841	0.0	0.0	0.0	0.664159	0.0	0.0	0.0	0.0	
115	174	3051.415554851	5104.677555555555	5104.722	0.355108	0.059842	57	0	0	0	113	0	0	0	0	0.138116	0.0	0.0	0.0	0.252576	0.0	0.0	0.0	0.0	0.019017	0.0	0.0	0.0	2970.54	0.0	0.0	0.0	0.0	0.000334	0.0	0.0	0.0	26.288	0.0	0.0	0.0	0.0	10	0	0	0	48	0	0	0	0	1	0	0	0	4	0	0	0	0	11	0	0	0	61	0	0	0	0	8	0	0	0	0	0	0	0	0	1	0	0	0	0	0	0	0	0	26	0	0	0	0	0	0	0	0	0.138116	0.0	0.0	0.0	0.252576	0.0	0.0	0.0	0.0	0.353517	0.0	0.0	0.0	0.646483	0.0	0.0	0.0	0.0	
116	176	3202.218509023	5084.222	5084.222	0.281433	0.028632	58	0	0	0	114	0	0	0	0	0.124305	0.0	0.0	0.0	0.308339	0.0	0.0	0.0	0.0	0.019267	0.0	0.0	0.0	3121.35	0.0	0.0	0.0	0.0	0.000332	0.0	0.0	0.0	27.3802	0.0	0.0	0.0	0.0	10	0	0	0	49	0	0	0	0	1	0	0	0	4	0	0	0	0	11	0	0	0	61	0	0	0	0	8	0	0	0	0	0	0	0	0	1	0	0	0	0	0	0	0	0	27	0	0	0	0	0	0	0	0	0.124305	0.0	0.0	0.0	0.308339	0.0	0.0	0.0	0.0	0.287314	0.0	0.0	0.0	0.712686	0.0	0.0	0.0	0.0	
117	178	3208.122210138	5084.222	5084.222	0.210533	0.008653	59	0	0	0	115	0	0	0	0	0.111874	0.0	0.0	0.0	0.287329	0.0	0.0	0.0	0.0	0.019842	0.0	0.0	0.0	3127.25	0.0	0.0	0.0	0.0	0.000336	0.0	0.0	0.0	27.1935	0.0	0.0	0.0	0.0	10	0	0	0	49	0	0	0	0	1	0	0	0	4	0	0	0	0	11	0	0	0	62	0	0	0	0	9	0	0	0	0	0	0	0	0	1	0	0	0	0	0	0	0	0	27	0	0	0	0	0	0	0	0	0.111874	0.0	0.0	0.0	0.287329	0.0	0.0	0.0	0.0	0.280244	0.0	0.0	0.0	0.719756	0.0	0.0	0.0	0.0	
118	179	3293.836050879	5084.222	5084.222	0.208155	0.008196	59	0	0	0	116	0	0	0	0	0.111874	0.0	0.0	0.0	0.267368	0.0	0.0	0.0	0.0	0.019842	0.0	0.0	0.0	3212.96	0.0	0.0	0.0	0.0	0.000336	0.0	0.0	0.0	27.698	0.0	0.0	0.0	0.0	10	0	0	0	49	0	0	0	0	1	0	0	0	4	0	0	0	0	11	0	0	0	63	0	0	0	0	9	0	0	0	0	0	0	0	0	1	0	0	0	0	0	0	0	0	27	0	0	0	0	0	0	0	0	0.111874	0.0	0.0	0.0	0.267368	0.0	0.0	0.0	0.0	0.294994	0.0	0.0	0.0	0.705006	0.0	0.0	0.0	0.0	
119	180	3300.482698482	5083.222	5083.222	0.176498	0.003462	59	0	0	0	117	0	0	0	0	0.111874	0.0	0.0	0.0	0.319328	0.0	0.0	0.0	0.0	0.019842	0.0	0.0	0.0	3219.61	0.0	0.0	0.0	0.0	0.000336	0.0	0.0	0.0	27.518	0.0	0.0	0.0	0.0	10	0	0	0	50	0	0	0	0	1	0	0	0	4	0	0	0	0	11	0	0	0	63	0	0	0	0	9	0	0	0	0	0	0	0	0	1	0	0	0	0	0	0	0	0	27	0	0	0	0	0	0	0	0	0.111874	0.0	0.0	0.0	0.319328	0.0	0.0	0.0	0.0	0.259447	0.0	0.0	0.0	0.740553	0.0	0.0	0.0	0.0	
120	181	3307.784708011	5083.222	5083.222	0.174255	0.003219	59	0	0	0	118	0	0	0	0	0.111874	0.0	0.0	0.0	0.297768	0.0	0.0	0.0	0.0	0.019842	0.0	0.0	0.0	3226.91	0.0	0.0	0.0	0.0	0.000336	0.0	0.0	0.0	27.3467	0.0	0.0	0.0	0.0	10	0	0	0	50	0	0	0	0	1	0	0	0	4	0	0	0	0	11	0	0	0	64	0	0	0	0	9	0	0	0	0	0	0	0	0	1	0	0	0	0	0	0	0	0	27	0	0	0	0	0	0	0	0	0.111874	0.0	0.0	0.0	0.297768	0.0	0.0	0.0	0.0	0.273102	0.0	0.0	0.0	0.726898	0.0	0.0	0.0	0.0	
121	183	3317.717320469	5083.222	5083.222	0.171822	0.002968	60	0	0	0	119	0	0	0	0	0.100687	0.0	0.0	0.0	0.277845	0.0	0.0	0.0	0.0	0.020447	0.0	0.0	0.0	3236.84	0.0	0.0	0.0	0.0	0.000341	0.0	0.0	0.0	27.2004	0.0	0.0	0.0	0.0	10	0	0	0	50	0	0	0	0	1	0	0	0	4	0	0	0	0	11	0	0	0	65	0	0	0	0	10	0	0	0	0	0	0	0	0	1	0	0	0	0	0	0	0	0	27	0	0	0	0	0	0	0	0	0.100687	0.0	0.0	0.0	0.277845	0.0	0.0	0.0	0.0	0.265993	0.0	0.0	0.0	0.734007	0.0	0.0	0.0	0.0	
122	184	3327.371232682	5083.222	5083.222	0.168569	0.002652	60	0	0	0	120	0	0	0	0	0.100687	0.0	0.0	0.0	0.258918	0.0	0.0	0.0	0.0	0.020447	0.0	0.0	0.0	3246.5	0.0	0.0	0.0	0.0	0.000341	0.0	0.0	0.0	27.0542	0.0	0.0	0.0	0.0	10	0	0	0	50	0	0	0	0	1	0	0	0	4	0	0	0	0	11	0	0	0	66	0	0	0	0	10	0	0	0	0	0	0	0	0	1	0	0	0	0	0	0	0	0	27	0	0	0	0	0	0	0	0	0.100687	0.0	0.0	0.0	0.258918	0.0	0.0	0.0	0.0	0.279992	0.0	0.0	0.0	0.720008	0.0	0.0	0.0	0.0	
123	186	3333.201869736	5081.722	5081.722	0.165466	0.002373	61	0	0	0	121	0	0	0	0	0.090618	0.0	0.0	0.0	0.308941	0.0	0.0	0.0	0.0	0.020678	0.0	0.0	0.0	3252.33	0.0	0.0	0.0	0.0	0.000339	0.0	0.0	0.0	26.8787	0.0	0.0	0.0	0.0	10	0	0	0	51	0	0	0	0	1	0	0	0	4	0	0	0	0	11	0	0	0	66	0	0	0	0	10	0	0	0	0	0	0	0	0	1	0	0	0	0	0	0	0	0	28	0	0	0	0	0	0	0	0	0.090618	0.0	0.0	0.0	0.308941	0.0	0.0	0.0	0.0	0.226795	0.0	0.0	0.0	0.773205	0.0	0.0	0.0	0.0	
124	187	3342.690141566	5081.722	5081.722	0.163619	0.002217	61	0	0	0	122	0	0	0	0	0.090618	0.0	0.0	0.0	0.288963	0.0	0.0	0.0	0.0	0.020678	0.0	0.0	0.0	3261.82	0.0	0.0	0.0	0.0	0.000339	0.0	0.0	0.0	26.7362	0.0	0.0	0.0	0.0	10	0	0	0	51	0	0	0	0	1	0	0	0	4	0	0	0	0	11	0	0	0	67	0	0	0	0	10	0	0	0	0	0	0	0	0	1	0	0	0	0	0	0	0	0	28	0	0	0	0	0	0	0	0	0.090618	0.0	0.0	0.0	0.288963	0.0	0.0	0.0	0.0	0.238732	0.0	0.0	0.0	0.761268	0.0	0.0	0.0	0.0	
125	188	3364.365210537	5080.222	5080.222	0.160658	0.001981	61	0	0	0	123	0	0	0	0	0.090618	0.0	0.0	0.0	0.335664	0.0	0.0	0.0	0.0	0.020678	0.0	0.0	0.0	3283.49	0.0	0.0	0.0	0.0	0.000339	0.0	0.0	0.0	26.6951	0.0	0.0	0.0	0.0	10	0	0	0	52	0	0	0	0	1	0	0	0	4	0	0	0	0	11	0	0	0	67	0	0	0	0	10	0	0	0	0	0	0	0	0	1	0	0	0	0	0	0	0	0	28	0	0	0	0	0	0	0	0	0.090618	0.0	0.0	0.0	0.335664	0.0	0.0	0.0	0.0	0.212578	0.0	0.0	0.0	0.787422	0.0	0.0	0.0	0.0	
126	189	3366.932342231	5080.222	5080.222	0.154094	0.001519	61	0	0	0	124	0	0	0	0	0.090618	0.0	0.0	0.0	0.31435	0.0	0.0	0.0	0.0	0.020678	0.0	0.0	0.0	3286.06	0.0	0.0	0.0	0.0	0.000339	0.0	0.0	0.0	26.5005	0.0	0.0	0.0	0.0	10	0	0	0	52	0	0	0	0	1	0	0	0	4	0	0	0	0	11	0	0	0	68	0	0	0	0	10	0	0	0	0	0	0	0	0	1	0	0	0	0	0	0	0	0	28	0	0	0	0	0	0	0	0	0.090618	0.0	0.0	0.0	0.31435	0.0	0.0	0.0	0.0	0.223766	0.0	0.0	0.0	0.776234	0.0	0.0	0.0	0.0	
127	190	3374.886157598	5080.222	5080.222	0.153335	0.001471	61	0	0	0	125	0	0	0	0	0.090618	0.0	0.0	0.0	0.294101	0.0	0.0	0.0	0.0	0.020678	0.0	0.0	0.0	3294.01	0.0	0.0	0.0	0.0	0.000339	0.0	0.0	0.0	26.3521	0.0	0.0	0.0	0.0	10	0	0	0	52	0	0	0	0	1	0	0	0	4	0	0	0	0	11	0	0	0	69	0	0	0	0	10	0	0	0	0	0	0	0	0	1	0	0	0	0	0	0	0	0	28	0	0	0	0	0	0	0	0	0.090618	0.0	0.0	0.0	0.294101	0.0	0.0	0.0	0.0	0.235543	0.0	0.0	0.0	0.764457	0.0	0.0	0.0	0.0	
128	192	3384.803304602	5080.222	5080.222	0.151005	0.00133	62	0	0	0	126	0	0	0	0	0.081556	0.0	0.0	0.0	0.275318	0.0	0.0	0.0	0.0	0.020942	0.0	0.0	0.0	3303.93	0.0	0.0	0.0	0.0	0.000338	0.0	0.0	0.0	26.2217	0.0	0.0	0.0	0.0	10	0	0	0	52	0	0	0	0	1	0	0	0	4	0	0	0	0	11	0	0	0	70	0	0	0	0	10	0	0	0	0	0	0	0	0	1	0	0	0	0	0	0	0	0	29	0	0	0	0	0	0	0	0	0.081556	0.0	0.0	0.0	0.275318	0.0	0.0	0.0	0.0	0.228529	0.0	0.0	0.0	0.771471	0.0	0.0	0.0	0.0	
129	193	3394.060657527	5080.222	5080.222	0.14815	0.001171	62	0	0	0	127	0	0	0	0	0.081556	0.0	0.0	0.0	0.257475	0.0	0.0	0.0	0.0	0.020942	0.0	0.0	0.0	3313.19	0.0	0.0	0.0	0.0	0.000338	0.0	0.0	0.0	26.0881	0.0	0.0	0.0	0.0	10	0	0	0	52	0	0	0	0	1	0	0	0	4	0	0	0	0	11	0	0	0	71	0	0	0	0	10	0	0	0	0	0	0	0	0	1	0	0	0	0	0	0	0	0	29	0	0	0	0	0	0	0	0	0.081556	0.0	0.0	0.0	0.257475	0.0	0.0	0.0	0.0	0.240557	0.0	0.0	0.0	0.759443	0.0	0.0	0.0	0.0	
130	194	3399.614308252	5080.222	5080.222	0.145534	0.001037	62	0	0	0	128	0	0	0	0	0.081556	0.0	0.0	0.0	0.240523	0.0	0.0	0.0	0.0	0.020942	0.0	0.0	0.0	3318.74	0.0	0.0	0.0	0.0	0.000338	0.0	0.0	0.0	25.9277	0.0	0.0	0.0	0.0	10	0	0	0	52	0	0	0	0	1	0	0	0	4	0	0	0	0	11	0	0	0	72	0	0	0	0	10	0	0	0	0	0	0	0	0	1	0	0	0	0	0	0	0	0	29	0	0	0	0	0	0	0	0	0.081556	0.0	0.0	0.0	0.240523	0.0	0.0	0.0	0.0	0.253218	0.0	0.0	0.0	0.746782	0.0	0.0	0.0	0.0	
131	195	3402.258903686	5080.222	5080.222	0.143986	0.000963	62	0	0	0	129	0	0	0	0	0.081556	0.0	0.0	0.0	0.224419	0.0	0.0	0.0	0.0	0.020942	0.0	0.0	0.0	3321.39	0.0	0.0	0.0	0.0	0.000338	0.0	0.0	0.0	25.7472	0.0	0.0	0.0	0.0	10	0	0	0	52	0	0	0	0	1	0	0	0	4	0	0	0	0	11	0	0	0	73	0	0	0	0	10	0	0	0	0	0	0	0	0	1	0	0	0	0	0	0	0	0	29	0	0	0	0	0	0	0	0	0.081556	0.0	0.0	0.0	0.224419	0.0	0.0	0.0	0.0	0.266545	0.0	0.0	0.0	0.733455	0.0	0.0	0.0	0.0	
132	196	3410.80923108	5077.222	5077.222	0.143255	0.00093	62	0	0	0	130	0	0	0	0	0.081556	0.0	0.0	0.0	0.277291	0.0	0.0	0.0	0.0	0.020942	0.0	0.0	0.0	3329.94	0.0	0.0	0.0	0.0	0.000338	0.0	0.0	0.0	25.6149	0.0	0.0	0.0	0.0	10	0	0	0	53	0	0	0	0	1	0	0	0	4	0	0	0	0	11	0	0	0	73	0	0	0	0	10	0	0	0	0	0	0	0	0	1	0	0	0	0	0	0	0	0	29	0	0	0	0	0	0	0	0	0.081556	0.0	0.0	0.0	0.277291	0.0	0.0	0.0	0.0	0.227273	0.0	0.0	0.0	0.772727	0.0	0.0	0.0	0.0	
133	197	3414.109345096	5077.222	5077.222	0.140917	0.000828	62	0	0	0	131	0	0	0	0	0.081556	0.0	0.0	0.0	0.259348	0.0	0.0	0.0	0.0	0.020942	0.0	0.0	0.0	3333.24	0.0	0.0	0.0	0.0	0.000338	0.0	0.0	0.0	25.4445	0.0	0.0	0.0	0.0	10	0	0	0	53	0	0	0	0	1	0	0	0	4	0	0	0	0	11	0	0	0	74	0	0	0	0	10	0	0	0	0	0	0	0	0	1	0	0	0	0	0	0	0	0	29	0	0	0	0	0	0	0	0	0.081556	0.0	0.0	0.0	0.259348	0.0	0.0	0.0	0.0	0.239235	0.0	0.0	0.0	0.760765	0.0	0.0	0.0	0.0	
134	198	3417.634609867	5077.222	5077.222	0.140025	0.000791	62	0	0	0	132	0	0	0	0	0.081556	0.0	0.0	0.0	0.242303	0.0	0.0	0.0	0.0	0.020942	0.0	0.0	0.0	3336.76	0.0	0.0	0.0	0.0	0.000338	0.0	0.0	0.0	25.2785	0.0	0.0	0.0	0.0	10	0	0	0	53	0	0	0	0	1	0	0	0	4	0	0	0	0	11	0	0	0	75	0	0	0	0	10	0	0	0	0	0	0	0	0	1	0	0	0	0	0	0	0	0	29	0	0	0	0	0	0	0	0	0.081556	0.0	0.0	0.0	0.242303	0.0	0.0	0.0	0.0	0.251826	0.0	0.0	0.0	0.748174	0.0	0.0	0.0	0.0	
135	199	3421.180527261	5070.722	5070.722	0.139078	0.000754	62	0	0	0	133	0	0	0	0	0.081556	0.0	0.0	0.0	0.29294	0.0	0.0	0.0	0.0	0.020942	0.0	0.0	0.0	3340.31	0.0	0.0	0.0	0.0	0.000338	0.0	0.0	0.0	25.1151	0.0	0.0	0.0	0.0	10	0	0	0	54	0	0	0	0	1	0	0	0	4	0	0	0	0	11	0	0	0	75	0	0	0	0	10	0	0	0	0	0	0	0	0	1	0	0	0	0	0	0	0	0	29	0	0	0	0	0	0	0	0	0.081556	0.0	0.0	0.0	0.29294	0.0	0.0	0.0	0.0	0.217776	0.0	0.0	0.0	0.782224	0.0	0.0	0.0	0.0	
136	200	3426.673153931	5070.722	5070.722	0.138132	0.000718	62	0	0	0	134	0	0	0	0	0.081556	0.0	0.0	0.0	0.274215	0.0	0.0	0.0	0.0	0.020942	0.0	0.0	0.0	3345.8	0.0	0.0	0.0	0.0	0.000338	0.0	0.0	0.0	24.9687	0.0	0.0	0.0	0.0	10	0	0	0	54	0	0	0	0	1	0	0	0	4	0	0	0	0	11	0	0	0	76	0	0	0	0	10	0	0	0	0	0	0	0	0	1	0	0	0	0	0	0	0	0	29	0	0	0	0	0	0	0	0	0.081556	0.0	0.0	0.0	0.274215	0.0	0.0	0.0	0.0	0.229238	0.0	0.0	0.0	0.770762	0.0	0.0	0.0	0.0	
137	201	3430.087457087	5070.722	5070.722	0.13668	0.000665	62	0	0	0	135	0	0	0	0	0.081556	0.0	0.0	0.0	0.256426	0.0	0.0	0.0	0.0	0.020942	0.0	0.0	0.0	3349.21	0.0	0.0	0.0	0.0	0.000338	0.0	0.0	0.0	24.809	0.0	0.0	0.0	0.0	10	0	0	0	54	0	0	0	0	1	0	0	0	4	0	0	0	0	11	0	0	0	77	0	0	0	0	10	0	0	0	0	0	0	0	0	1	0	0	0	0	0	0	0	0	29	0	0	0	0	0	0	0	0	0.081556	0.0	0.0	0.0	0.256426	0.0	0.0	0.0	0.0	0.241303	0.0	0.0	0.0	0.758697	0.0	0.0	0.0	0.0	
138	202	3433.246339325	5070.722	5070.722	0.135784	0.000633	62	0	0	0	136	0	0	0	0	0.081556	0.0	0.0	0.0	0.239527	0.0	0.0	0.0	0.0	0.020942	0.0	0.0	0.0	3352.37	0.0	0.0	0.0	0.0	0.000338	0.0	0.0	0.0	24.6498	0.0	0.0	0.0	0.0	10	0	0	0	54	0	0	0	0	1	0	0	0	4	0	0	0	0	11	0	0	0	78	0	0	0	0	10	0	0	0	0	0	0	0	0	1	0	0	0	0	0	0	0	0	29	0	0	0	0	0	0	0	0	0.081556	0.0	0.0	0.0	0.239527	0.0	0.0	0.0	0.0	0.254003	0.0	0.0	0.0	0.745997	0.0	0.0	0.0	0.0	
139	203	3440.946138397	5070.722	5070.722	0.134961	0.000605	62	0	0	0	137	0	0	0	0	0.081556	0.0	0.0	0.0	0.223473	0.0	0.0	0.0	0.0	0.020942	0.0	0.0	0.0	3360.07	0.0	0.0	0.0	0.0	0.000338	0.0	0.0	0.0	24.5261	0.0	0.0	0.0	0.0	10	0	0	0	54	0	0	0	0	1	0	0	0	4	0	0	0	0	11	0	0	0	79	0	0	0	0	10	0	0	0	0	0	0	0	0	1	0	0	0	0	0	0	0	0	29	0	0	0	0	0	0	0	0	0.081556	0.0	0.0	0.0	0.223473	0.0	0.0	0.0	0.0	0.267372	0.0	0.0	0.0	0.732628	0.0	0.0	0.0	0.0	
140	205	3456.26950712	5070.677555555555	5070.722	0.132976	0.000542	63	0	0	0	138	0	0	0	0	0.173401	0.0	0.0	0.0	0.203629	0.0	0.0	0.0	0.0	0.021428	0.0	0.0	0.0	3375.4	0.0	0.0	0.0	0.0	0.00034	0.0	0.0	0.0	24.4594	0.0	0.0	0.0	0.0	11	0	0	0	54	0	0	0	0	1	0	0	0	4	0	0	0	0	11	0	0	0	80	0	0	0	0	10	0	0	0	0	0	0	0	0	1	0	0	0	0	0	0	0	0	29	0	0	0	0	0	0	0	0	0.173401	0.0	0.0	0.0	0.203629	0.0	0.0	0.0	0.0	0.459912	0.0	0.0	0.0	0.540088	0.0	0.0	0.0	0.0	
141	206	3461.154657175	5070.677555555555	5070.722	0.129111	0.000433	63	0	0	0	139	0	0	0	0	0.173401	0.0	0.0	0.0	0.184778	0.0	0.0	0.0	0.0	0.021428	0.0	0.0	0.0	3380.28	0.0	0.0	0.0	0.0	0.00034	0.0	0.0	0.0	24.3186	0.0	0.0	0.0	0.0	11	0	0	0	54	0	0	0	0	1	0	0	0	4	0	0	0	0	11	0	0	0	81	0	0	0	0	10	0	0	0	0	0	0	0	0	1	0	0	0	0	0	0	0	0	29	0	0	0	0	0	0	0	0	0.173401	0.0	0.0	0.0	0.184778	0.0	0.0	0.0	0.0	0.484118	0.0	0.0	0.0	0.515882	0.0	0.0	0.0	0.0	
142	207	3468.880864245	5070.677555555555	5070.722	0.127903	0.000402	63	0	0	0	140	0	0	0	0	0.173401	0.0	0.0	0.0	0.166869	0.0	0.0	0.0	0.0	0.021428	0.0	0.0	0.0	3388.01	0.0	0.0	0.0	0.0	0.00034	0.0	0.0	0.0	24.2	0.0	0.0	0.0	0.0	11	0	0	0	54	0	0	0	0	1	0	0	0	4	0	0	0	0	11	0	0	0	82	0	0	0	0	10	0	0	0	0	0	0	0	0	1	0	0	0	0	0	0	0	0	29	0	0	0	0	0	0	0	0	0.173401	0.0	0.0	0.0	0.166869	0.0	0.0	0.0	0.0	0.509598	0.0	0.0	0.0	0.490402	0.0	0.0	0.0	0.0	
143	209	3474.342456442	5070.677555555555	5070.722	0.126015	0.000358	64	0	0	0	141	0	0	0	0	0.156387	0.0	0.0	0.0	0.150706	0.0	0.0	0.0	0.0	0.021667	0.0	0.0	0.0	3393.47	0.0	0.0	0.0	0.0	0.000339	0.0	0.0	0.0	24.0671	0.0	0.0	0.0	0.0	11	0	0	0	54	0	0	0	0	1	0	0	0	4	0	0	0	0	11	0	0	0	83	0	0	0	0	10	0	0	0	0	0	0	0	0	1	0	0	0	0	0	0	0	0	30	0	0	0	0	0	0	0	0	0.156387	0.0	0.0	0.0	0.150706	0.0	0.0	0.0	0.0	0.50925	0.0	0.0	0.0	0.49075	0.0	0.0	0.0	0.0	
144	210	3489.697147145	5070.677555555555	5070.722	0.124697	0.000329	64	0	0	0	142	0	0	0	0	0.156387	0.0	0.0	0.0	0.135636	0.0	0.0	0.0	0.0	0.021667	0.0	0.0	0.0	3408.82	0.0	0.0	0.0	0.0	0.000339	0.0	0.0	0.0	24.0058	0.0	0.0	0.0	0.0	11	0	0	0	54	0	0	0	0	1	0	0	0	4	0	0	0	0	11	0	0	0	84	0	0	0	0	10	0	0	0	0	0	0	0	0	1	0	0	0	0	0	0	0	0	30	0	0	0	0	0	0	0	0	0.156387	0.0	0.0	0.0	0.135636	0.0	0.0	0.0	0.0	0.535531	0.0	0.0	0.0	0.464469	0.0	0.0	0.0	0.0	
145	211	3502.28122723	5070.677555555555	5070.722	0.121066	0.000259	64	0	0	0	143	0	0	0	0	0.156387	0.0	0.0	0.0	0.122072	0.0	0.0	0.0	0.0	0.021667	0.0	0.0	0.0	3421.41	0.0	0.0	0.0	0.0	0.000339	0.0	0.0	0.0	23.9259	0.0	0.0	0.0	0.0	11	0	0	0	54	0	0	0	0	1	0	0	0	4	0	0	0	0	11	0	0	0	85	0	0	0	0	10	0	0	0	0	0	0	0	0	1	0	0	0	0	0	0	0	0	30	0	0	0	0	0	0	0	0	0.156387	0.0	0.0	0.0	0.122072	0.0	0.0	0.0	0.0	0.561616	0.0	0.0	0.0	0.438384	0.0	0.0	0.0	0.0	
146	214	3508.743228277	5070.677555555555	5070.722	0.118169	0.000211	66	0	0	0	144	0	0	0	0	0.129237	0.0	0.0	0.0	0.109865	0.0	0.0	0.0	0.0	0.022111	0.0	0.0	0.0	3427.87	0.0	0.0	0.0	0.0	0.000335	0.0	0.0	0.0	23.8046	0.0	0.0	0.0	0.0	11	0	0	0	54	0	0	0	0	1	0	0	0	4	0	0	0	0	11	0	0	0	86	0	0	0	0	10	0	0	0	0	0	0	0	0	1	0	0	0	0	0	0	0	0	32	0	0	0	0	0	0	0	0	0.129237	0.0	0.0	0.0	0.109865	0.0	0.0	0.0	0.0	0.540511	0.0	0.0	0.0	0.459489	0.0	0.0	0.0	0.0	
147	216	3522.980442225	5065.722	5065.722	0.116708	0.00019	67	0	0	0	145	0	0	0	0	0.117282	0.0	0.0	0.0	0.198878	0.0	0.0	0.0	0.0	0.022508	0.0	0.0	0.0	3442.1	0.0	0.0	0.0	0.0	0.000336	0.0	0.0	0.0	23.7387	0.0	0.0	0.0	0.0	11	0	0	0	55	0	0	0	0	1	0	0	0	4	0	0	0	0	12	0	0	0	86	0	0	0	0	10	0	0	0	0	0	0	0	0	1	0	0	0	0	0	0	0	0	32	0	0	0	0	0	0	0	0	0.117282	0.0	0.0	0.0	0.198878	0.0	0.0	0.0	0.0	0.370958	0.0	0.0	0.0	0.629042	0.0	0.0	0.0	0.0	
148	217	3526.220554583	5065.722	5065.722	0.113554	0.00015	67	0	0	0	146	0	0	0	0	0.117282	0.0	0.0	0.0	0.18307	0.0	0.0	0.0	0.0	0.022508	0.0	0.0	0.0	3445.35	0.0	0.0	0.0	0.0	0.000336	0.0	0.0	0.0	23.5983	0.0	0.0	0.0	0.0	11	0	0	0	55	0	0	0	0	1	0	0	0	4	0	0	0	0	12	0	0	0	87	0	0	0	0	10	0	0	0	0	0	0	0	0	1	0	0	0	0	0	0	0	0	32	0	0	0	0	0	0	0	0	0.117282	0.0	0.0	0.0	0.18307	0.0	0.0	0.0	0.0	0.390482	0.0	0.0	0.0	0.609518	0.0	0.0	0.0	0.0	
149	218	3548.369809908	5062.722	5062.722	0.112848	0.000142	67	0	0	0	147	0	0	0	0	0.117282	0.0	0.0	0.0	0.250085	0.0	0.0	0.0	0.0	0.022508	0.0	0.0	0.0	3467.49	0.0	0.0	0.0	0.0	0.000336	0.0	0.0	0.0	23.5884	0.0	0.0	0.0	0.0	11	0	0	0	56	0	0	0	0	1	0	0	0	4	0	0	0	0	12	0	0	0	87	0	0	0	0	10	0	0	0	0	0	0	0	0	1	0	0	0	0	0	0	0	0	32	0	0	0	0	0	0	0	0	0.117282	0.0	0.0	0.0	0.250085	0.0	0.0	0.0	0.0	0.319251	0.0	0.0	0.0	0.680749	0.0	0.0	0.0	0.0	
150	219	3552.945442907	5062.722	5062.722	0.108138	9.6e-5	67	0	0	0	148	0	0	0	0	0.117282	0.0	0.0	0.0	0.231716	0.0	0.0	0.0	0.0	0.022508	0.0	0.0	0.0	3472.07	0.0	0.0	0.0	0.0	0.000336	0.0	0.0	0.0	23.4599	0.0	0.0	0.0	0.0	11	0	0	0	56	0	0	0	0	1	0	0	0	4	0	0	0	0	12	0	0	0	88	0	0	0	0	10	0	0	0	0	0	0	0	0	1	0	0	0	0	0	0	0	0	32	0	0	0	0	0	0	0	0	0.117282	0.0	0.0	0.0	0.231716	0.0	0.0	0.0	0.0	0.336054	0.0	0.0	0.0	0.663946	0.0	0.0	0.0	0.0	
151	221	3556.120513419	5062.722	5062.722	0.10719	8.9e-5	68	0	0	0	149	0	0	0	0	0.105554	0.0	0.0	0.0	0.214853	0.0	0.0	0.0	0.0	0.022892	0.0	0.0	0.0	3475.24	0.0	0.0	0.0	0.0	0.000337	0.0	0.0	0.0	23.3238	0.0	0.0	0.0	0.0	11	0	0	0	56	0	0	0	0	1	0	0	0	4	0	0	0	0	13	0	0	0	89	0	0	0	0	10	0	0	0	0	0	0	0	0	1	0	0	0	0	0	0	0	0	32	0	0	0	0	0	0	0	0	0.105554	0.0	0.0	0.0	0.214853	0.0	0.0	0.0	0.0	0.329437	0.0	0.0	0.0	0.670563	0.0	0.0	0.0	0.0	
152	223	3578.267344676	5062.722	5062.722	0.106537	8.4e-5	69	0	0	0	150	0	0	0	0	0.094999	0.0	0.0	0.0	0.19936	0.0	0.0	0.0	0.0	0.023088	0.0	0.0	0.0	3497.39	0.0	0.0	0.0	0.0	0.000335	0.0	0.0	0.0	23.3159	0.0	0.0	0.0	0.0	11	0	0	0	56	0	0	0	0	1	0	0	0	4	0	0	0	0	13	0	0	0	90	0	0	0	0	10	0	0	0	0	0	0	0	0	1	0	0	0	0	0	0	0	0	33	0	0	0	0	0	0	0	0	0.094999	0.0	0.0	0.0	0.19936	0.0	0.0	0.0	0.0	0.322731	0.0	0.0	0.0	0.677269	0.0	0.0	0.0	0.0	
153	225	3581.398824467	5062.722	5062.722	0.102091	5.6e-5	70	0	0	0	151	0	0	0	0	0.085499	0.0	0.0	0.0	0.185117	0.0	0.0	0.0	0.0	0.023314	0.0	0.0	0.0	3500.52	0.0	0.0	0.0	0.0	0.000333	0.0	0.0	0.0	23.1823	0.0	0.0	0.0	0.0	11	0	0	0	56	0	0	0	0	1	0	0	0	4	0	0	0	0	13	0	0	0	91	0	0	0	0	10	0	0	0	0	0	0	0	0	1	0	0	0	0	0	0	0	0	34	0	0	0	0	0	0	0	0	0.085499	0.0	0.0	0.0	0.185117	0.0	0.0	0.0	0.0	0.315941	0.0	0.0	0.0	0.684059	0.0	0.0	0.0	0.0	
154	227	3585.604934219	5062.722	5062.722	0.101478	5.3e-5	71	0	0	0	152	0	0	0	0	0.076949	0.0	0.0	0.0	0.172014	0.0	0.0	0.0	0.0	0.023834	0.0	0.0	0.0	3504.73	0.0	0.0	0.0	0.0	0.000336	0.0	0.0	0.0	23.0574	0.0	0.0	0.0	0.0	11	0	0	0	56	0	0	0	0	1	0	0	0	4	0	0	0	0	13	0	0	0	92	0	0	0	0	11	0	0	0	0	0	0	0	0	1	0	0	0	0	0	0	0	0	34	0	0	0	0	0	0	0	0	0.076949	0.0	0.0	0.0	0.172014	0.0	0.0	0.0	0.0	0.309078	0.0	0.0	0.0	0.690922	0.0	0.0	0.0	0.0	
155	228	3765.754515192	5062.722	5062.722	0.10066	4.8e-5	71	0	0	0	153	0	0	0	0	0.076949	0.0	0.0	0.0	0.159566	0.0	0.0	0.0	0.0	0.023834	0.0	0.0	0.0	3684.88	0.0	0.0	0.0	0.0	0.000336	0.0	0.0	0.0	24.0842	0.0	0.0	0.0	0.0	11	0	0	0	56	0	0	0	0	1	0	0	0	4	0	0	0	0	13	0	0	0	93	0	0	0	0	11	0	0	0	0	0	0	0	0	1	0	0	0	0	0	0	0	0	34	0	0	0	0	0	0	0	0	0.076949	0.0	0.0	0.0	0.159566	0.0	0.0	0.0	0.0	0.325345	0.0	0.0	0.0	0.674655	0.0	0.0	0.0	0.0	
156	230	3780.943884596	5062.722	5062.722	0.071166	1.0e-6	72	0	0	0	154	0	0	0	0	0.069254	0.0	0.0	0.0	0.148125	0.0	0.0	0.0	0.0	0.024085	0.0	0.0	0.0	3700.07	0.0	0.0	0.0	0.0	0.000335	0.0	0.0	0.0	24.0264	0.0	0.0	0.0	0.0	11	0	0	0	56	0	0	0	0	1	0	0	0	4	0	0	0	0	13	0	0	0	94	0	0	0	0	11	0	0	0	0	0	0	0	0	1	0	0	0	0	0	0	0	0	35	0	0	0	0	0	0	0	0	0.069254	0.0	0.0	0.0	0.148125	0.0	0.0	0.0	0.0	0.318587	0.0	0.0	0.0	0.681413	0.0	0.0	0.0	0.0	
157	231	3787.553934239	5062.722	5062.722	0.069115	1.0e-6	72	0	0	0	155	0	0	0	0	0.069254	0.0	0.0	0.0	0.137256	0.0	0.0	0.0	0.0	0.024085	0.0	0.0	0.0	3706.68	0.0	0.0	0.0	0.0	0.000335	0.0	0.0	0.0	23.914	0.0	0.0	0.0	0.0	11	0	0	0	56	0	0	0	0	1	0	0	0	4	0	0	0	0	13	0	0	0	95	0	0	0	0	11	0	0	0	0	0	0	0	0	1	0	0	0	0	0	0	0	0	35	0	0	0	0	0	0	0	0	0.069254	0.0	0.0	0.0	0.137256	0.0	0.0	0.0	0.0	0.335354	0.0	0.0	0.0	0.664646	0.0	0.0	0.0	0.0	
158	232	3794.10342466	5062.722	5062.722	0.068242	0.0	72	0	0	0	156	0	0	0	0	0.069254	0.0	0.0	0.0	0.12693	0.0	0.0	0.0	0.0	0.024085	0.0	0.0	0.0	3713.23	0.0	0.0	0.0	0.0	0.000335	0.0	0.0	0.0	23.8027	0.0	0.0	0.0	0.0	11	0	0	0	56	0	0	0	0	1	0	0	0	4	0	0	0	0	13	0	0	0	96	0	0	0	0	11	0	0	0	0	0	0	0	0	1	0	0	0	0	0	0	0	0	35	0	0	0	0	0	0	0	0	0.069254	0.0	0.0	0.0	0.12693	0.0	0.0	0.0	0.0	0.353005	0.0	0.0	0.0	0.646995	0.0	0.0	0.0	0.0	
159	235	3802.770710828	5062.722	5062.722	0.067387	0.0	74	0	0	0	157	0	0	0	0	0.056096	0.0	0.0	0.0	0.117779	0.0	0.0	0.0	0.0	0.02481	0.0	0.0	0.0	3721.89	0.0	0.0	0.0	0.0	0.000335	0.0	0.0	0.0	23.7063	0.0	0.0	0.0	0.0	11	0	0	0	56	0	0	0	0	1	0	0	0	4	0	0	0	0	14	0	0	0	97	0	0	0	0	12	0	0	0	0	0	0	0	0	1	0	0	0	0	0	0	0	0	35	0	0	0	0	0	0	0	0	0.056096	0.0	0.0	0.0	0.117779	0.0	0.0	0.0	0.0	0.322621	0.0	0.0	0.0	0.677379	0.0	0.0	0.0	0.0	
160	239	3815.486522194	5062.722	5062.722	0.066272	0.0	77	0	0	0	158	0	0	0	0	0.040894	0.0	0.0	0.0	0.109845	0.0	0.0	0.0	0.0	0.025286	0.0	0.0	0.0	3734.61	0.0	0.0	0.0	0.0	0.000328	0.0	0.0	0.0	23.6368	0.0	0.0	0.0	0.0	11	0	0	0	56	0	0	0	0	1	0	0	0	4	0	0	0	0	14	0	0	0	98	0	0	0	0	12	0	0	0	0	0	0	0	0	1	0	0	0	0	0	0	0	0	38	0	0	0	0	0	0	0	0	0.040894	0.0	0.0	0.0	0.109845	0.0	0.0	0.0	0.0	0.271288	0.0	0.0	0.0	0.728712	0.0	0.0	0.0	0.0	
161	240	3825.15696807	5062.722	5062.722	0.06467	0.0	77	0	0	0	159	0	0	0	0	0.040894	0.0	0.0	0.0	0.102309	0.0	0.0	0.0	0.0	0.025286	0.0	0.0	0.0	3744.28	0.0	0.0	0.0	0.0	0.000328	0.0	0.0	0.0	23.5489	0.0	0.0	0.0	0.0	11	0	0	0	56	0	0	0	0	1	0	0	0	4	0	0	0	0	14	0	0	0	99	0	0	0	0	12	0	0	0	0	0	0	0	0	1	0	0	0	0	0	0	0	0	38	0	0	0	0	0	0	0	0	0.040894	0.0	0.0	0.0	0.102309	0.0	0.0	0.0	0.0	0.285567	0.0	0.0	0.0	0.714433	0.0	0.0	0.0	0.0	
162	241	3847.042328198	5062.722	5062.722	0.063477	0.0	77	0	0	0	160	0	0	0	0	0.040894	0.0	0.0	0.0	0.095148	0.0	0.0	0.0	0.0	0.025286	0.0	0.0	0.0	3766.16	0.0	0.0	0.0	0.0	0.000328	0.0	0.0	0.0	23.5385	0.0	0.0	0.0	0.0	11	0	0	0	56	0	0	0	0	1	0	0	0	4	0	0	0	0	14	0	0	0	100	0	0	0	0	12	0	0	0	0	0	0	0	0	1	0	0	0	0	0	0	0	0	38	0	0	0	0	0	0	0	0	0.040894	0.0	0.0	0.0	0.095148	0.0	0.0	0.0	0.0	0.300596	0.0	0.0	0.0	0.699404	0.0	0.0	0.0	0.0	
163	243	3850.779627986	5062.722	5062.722	0.060859	0.0	78	0	0	0	161	0	0	0	0	0.036804	0.0	0.0	0.0	0.088551	0.0	0.0	0.0	0.0	0.025719	0.0	0.0	0.0	3769.9	0.0	0.0	0.0	0.0	0.00033	0.0	0.0	0.0	23.4155	0.0	0.0	0.0	0.0	11	0	0	0	56	0	0	0	0	1	0	0	0	4	0	0	0	0	15	0	0	0	101	0	0	0	0	12	0	0	0	0	0	0	0	0	1	0	0	0	0	0	0	0	0	38	0	0	0	0	0	0	0	0	0.036804	0.0	0.0	0.0	0.088551	0.0	0.0	0.0	0.0	0.293601	0.0	0.0	0.0	0.706399	0.0	0.0	0.0	0.0	
164	245	3904.286611794	5056.361	5056.361	0.060423	0.0	79	0	0	0	162	0	0	0	0	0.033124	0.0	0.0	0.0	0.15117	0.0	0.0	0.0	0.0	0.025904	0.0	0.0	0.0	3823.41	0.0	0.0	0.0	0.0	0.000328	0.0	0.0	0.0	23.6013	0.0	0.0	0.0	0.0	11	0	0	0	57	0	0	0	0	1	0	0	0	4	0	0	0	0	15	0	0	0	101	0	0	0	0	12	0	0	0	0	0	0	0	0	1	0	0	0	0	0	0	0	0	39	0	0	0	0	0	0	0	0	0.033124	0.0	0.0	0.0	0.15117	0.0	0.0	0.0	0.0	0.179734	0.0	0.0	0.0	0.820266	0.0	0.0	0.0	0.0	
165	246	3909.802062884	5056.361	5056.361	0.05451	0.0	79	0	0	0	163	0	0	0	0	0.033124	0.0	0.0	0.0	0.141956	0.0	0.0	0.0	0.0	0.025904	0.0	0.0	0.0	3828.92	0.0	0.0	0.0	0.0	0.000328	0.0	0.0	0.0	23.4903	0.0	0.0	0.0	0.0	11	0	0	0	57	0	0	0	0	1	0	0	0	4	0	0	0	0	15	0	0	0	102	0	0	0	0	12	0	0	0	0	0	0	0	0	1	0	0	0	0	0	0	0	0	39	0	0	0	0	0	0	0	0	0.033124	0.0	0.0	0.0	0.141956	0.0	0.0	0.0	0.0	0.189194	0.0	0.0	0.0	0.810806	0.0	0.0	0.0	0.0	
166	247	3921.886508379	5056.361	5056.361	0.053934	0.0	79	0	0	0	164	0	0	0	0	0.033124	0.0	0.0	0.0	0.133202	0.0	0.0	0.0	0.0	0.025904	0.0	0.0	0.0	3841.01	0.0	0.0	0.0	0.0	0.000328	0.0	0.0	0.0	23.4208	0.0	0.0	0.0	0.0	11	0	0	0	57	0	0	0	0	1	0	0	0	4	0	0	0	0	15	0	0	0	103	0	0	0	0	12	0	0	0	0	0	0	0	0	1	0	0	0	0	0	0	0	0	39	0	0	0	0	0	0	0	0	0.033124	0.0	0.0	0.0	0.133202	0.0	0.0	0.0	0.0	0.199151	0.0	0.0	0.0	0.800849	0.0	0.0	0.0	0.0	
167	248	3925.472846073	5056.361	5056.361	0.052694	0.0	79	0	0	0	165	0	0	0	0	0.033124	0.0	0.0	0.0	0.124885	0.0	0.0	0.0	0.0	0.025904	0.0	0.0	0.0	3844.59	0.0	0.0	0.0	0.0	0.000328	0.0	0.0	0.0	23.3006	0.0	0.0	0.0	0.0	11	0	0	0	57	0	0	0	0	1	0	0	0	4	0	0	0	0	15	0	0	0	104	0	0	0	0	12	0	0	0	0	0	0	0	0	1	0	0	0	0	0	0	0	0	39	0	0	0	0	0	0	0	0	0.033124	0.0	0.0	0.0	0.124885	0.0	0.0	0.0	0.0	0.209633	0.0	0.0	0.0	0.790367	0.0	0.0	0.0	0.0	
168	249	3935.985440476	5056.361	5056.361	0.052332	0.0	79	0	0	0	166	0	0	0	0	0.033124	0.0	0.0	0.0	0.116985	0.0	0.0	0.0	0.0	0.025904	0.0	0.0	0.0	3855.11	0.0	0.0	0.0	0.0	0.000328	0.0	0.0	0.0	23.2235	0.0	0.0	0.0	0.0	11	0	0	0	57	0	0	0	0	1	0	0	0	4	0	0	0	0	15	0	0	0	105	0	0	0	0	12	0	0	0	0	0	0	0	0	1	0	0	0	0	0	0	0	0	39	0	0	0	0	0	0	0	0	0.033124	0.0	0.0	0.0	0.116985	0.0	0.0	0.0	0.0	0.220666	0.0	0.0	0.0	0.779334	0.0	0.0	0.0	0.0	
169	250	3943.285607274	5056.361	5056.361	0.051284	0.0	79	0	0	0	167	0	0	0	0	0.033124	0.0	0.0	0.0	0.109479	0.0	0.0	0.0	0.0	0.025904	0.0	0.0	0.0	3862.41	0.0	0.0	0.0	0.0	0.000328	0.0	0.0	0.0	23.1282	0.0	0.0	0.0	0.0	11	0	0	0	57	0	0	0	0	1	0	0	0	4	0	0	0	0	15	0	0	0	106	0	0	0	0	12	0	0	0	0	0	0	0	0	1	0	0	0	0	0	0	0	0	39	0	0	0	0	0	0	0	0	0.033124	0.0	0.0	0.0	0.109479	0.0	0.0	0.0	0.0	0.23228	0.0	0.0	0.0	0.76772	0.0	0.0	0.0	0.0	
170	251	3961.758988884	5056.361	5056.361	0.050568	0.0	79	0	0	0	168	0	0	0	0	0.033124	0.0	0.0	0.0	0.102349	0.0	0.0	0.0	0.0	0.025904	0.0	0.0	0.0	3880.88	0.0	0.0	0.0	0.0	0.000328	0.0	0.0	0.0	23.1005	0.0	0.0	0.0	0.0	11	0	0	0	57	0	0	0	0	1	0	0	0	4	0	0	0	0	15	0	0	0	107	0	0	0	0	12	0	0	0	0	0	0	0	0	1	0	0	0	0	0	0	0	0	39	0	0	0	0	0	0	0	0	0.033124	0.0	0.0	0.0	0.102349	0.0	0.0	0.0	0.0	0.244506	0.0	0.0	0.0	0.755494	0.0	0.0	0.0	0.0	
171	252	3964.63044523	5056.361	5056.361	0.048802	0.0	79	0	0	0	169	0	0	0	0	0.033124	0.0	0.0	0.0	0.095576	0.0	0.0	0.0	0.0	0.025904	0.0	0.0	0.0	3883.75	0.0	0.0	0.0	0.0	0.000328	0.0	0.0	0.0	22.9808	0.0	0.0	0.0	0.0	11	0	0	0	57	0	0	0	0	1	0	0	0	4	0	0	0	0	15	0	0	0	108	0	0	0	0	12	0	0	0	0	0	0	0	0	1	0	0	0	0	0	0	0	0	39	0	0	0	0	0	0	0	0	0.033124	0.0	0.0	0.0	0.095576	0.0	0.0	0.0	0.0	0.257374	0.0	0.0	0.0	0.742626	0.0	0.0	0.0	0.0	
172	253	3967.197601703	5056.361	5056.361	0.048533	0.0	79	0	0	0	170	0	0	0	0	0.033124	0.0	0.0	0.0	0.089141	0.0	0.0	0.0	0.0	0.025904	0.0	0.0	0.0	3886.32	0.0	0.0	0.0	0.0	0.000328	0.0	0.0	0.0	22.8607	0.0	0.0	0.0	0.0	11	0	0	0	57	0	0	0	0	1	0	0	0	4	0	0	0	0	15	0	0	0	109	0	0	0	0	12	0	0	0	0	0	0	0	0	1	0	0	0	0	0	0	0	0	39	0	0	0	0	0	0	0	0	0.033124	0.0	0.0	0.0	0.089141	0.0	0.0	0.0	0.0	0.27092	0.0	0.0	0.0	0.72908	0.0	0.0	0.0	0.0	
173	254	3970.994791384	5056.361	5056.361	0.048294	0.0	79	0	0	0	171	0	0	0	0	0.033124	0.0	0.0	0.0	0.083027	0.0	0.0	0.0	0.0	0.025904	0.0	0.0	0.0	3890.12	0.0	0.0	0.0	0.0	0.000328	0.0	0.0	0.0	22.7492	0.0	0.0	0.0	0.0	11	0	0	0	57	0	0	0	0	1	0	0	0	4	0	0	0	0	15	0	0	0	110	0	0	0	0	12	0	0	0	0	0	0	0	0	1	0	0	0	0	0	0	0	0	39	0	0	0	0	0	0	0	0	0.033124	0.0	0.0	0.0	0.083027	0.0	0.0	0.0	0.0	0.285179	0.0	0.0	0.0	0.714821	0.0	0.0	0.0	0.0	
174	255	3981.976725006	5056.361	5056.361	0.047942	0.0	79	0	0	0	172	0	0	0	0	0.033124	0.0	0.0	0.0	0.07722	0.0	0.0	0.0	0.0	0.025904	0.0	0.0	0.0	3901.1	0.0	0.0	0.0	0.0	0.000328	0.0	0.0	0.0	22.6808	0.0	0.0	0.0	0.0	11	0	0	0	57	0	0	0	0	1	0	0	0	4	0	0	0	0	15	0	0	0	111	0	0	0	0	12	0	0	0	0	0	0	0	0	1	0	0	0	0	0	0	0	0	39	0	0	0	0	0	0	0	0	0.033124	0.0	0.0	0.0	0.07722	0.0	0.0	0.0	0.0	0.300189	0.0	0.0	0.0	0.699811	0.0	0.0	0.0	0.0	
175	257	3991.737029316	5056.361	5056.361	0.046939	0.0	80	0	0	0	173	0	0	0	0	0.029812	0.0	0.0	0.0	0.071868	0.0	0.0	0.0	0.0	0.02613	0.0	0.0	0.0	3910.86	0.0	0.0	0.0	0.0	0.000327	0.0	0.0	0.0	22.6061	0.0	0.0	0.0	0.0	11	0	0	0	57	0	0	0	0	1	0	0	0	4	0	0	0	0	15	0	0	0	112	0	0	0	0	12	0	0	0	0	0	0	0	0	1	0	0	0	0	0	0	0	0	40	0	0	0	0	0	0	0	0	0.029812	0.0	0.0	0.0	0.071868	0.0	0.0	0.0	0.0	0.29319	0.0	0.0	0.0	0.70681	0.0	0.0	0.0	0.0	
176	258	4004.364337695	5056.361	5056.361	0.046066	0.0	80	0	0	0	174	0	0	0	0	0.029812	0.0	0.0	0.0	0.066784	0.0	0.0	0.0	0.0	0.02613	0.0	0.0	0.0	3923.48	0.0	0.0	0.0	0.0	0.000327	0.0	0.0	0.0	22.5488	0.0	0.0	0.0	0.0	11	0	0	0	57	0	0	0	0	1	0	0	0	4	0	0	0	0	15	0	0	0	113	0	0	0	0	12	0	0	0	0	0	0	0	0	1	0	0	0	0	0	0	0	0	40	0	0	0	0	0	0	0	0	0.029812	0.0	0.0	0.0	0.066784	0.0	0.0	0.0	0.0	0.308622	0.0	0.0	0.0	0.691378	0.0	0.0	0.0	0.0	
177	260	4010.550672505	5056.361	5056.361	0.04496	0.0	81	0	0	0	175	0	0	0	0	0.02683	0.0	0.0	0.0	0.062104	0.0	0.0	0.0	0.0	0.026397	0.0	0.0	0.0	3929.67	0.0	0.0	0.0	0.0	0.000326	0.0	0.0	0.0	22.4553	0.0	0.0	0.0	0.0	11	0	0	0	57	0	0	0	0	1	0	0	0	4	0	0	0	0	15	0	0	0	114	0	0	0	0	12	0	0	0	0	0	0	0	0	1	0	0	0	0	0	0	0	0	41	0	0	0	0	0	0	0	0	0.02683	0.0	0.0	0.0	0.062104	0.0	0.0	0.0	0.0	0.301689	0.0	0.0	0.0	0.698311	0.0	0.0	0.0	0.0	
178	261	4017.370827756	5056.361	5056.361	0.044427	0.0	81	0	0	0	176	0	0	0	0	0.02683	0.0	0.0	0.0	0.057657	0.0	0.0	0.0	0.0	0.026397	0.0	0.0	0.0	3936.49	0.0	0.0	0.0	0.0	0.000326	0.0	0.0	0.0	22.3664	0.0	0.0	0.0	0.0	11	0	0	0	57	0	0	0	0	1	0	0	0	4	0	0	0	0	15	0	0	0	115	0	0	0	0	12	0	0	0	0	0	0	0	0	1	0	0	0	0	0	0	0	0	41	0	0	0	0	0	0	0	0	0.02683	0.0	0.0	0.0	0.057657	0.0	0.0	0.0	0.0	0.317567	0.0	0.0	0.0	0.682433	0.0	0.0	0.0	0.0	
179	262	4020.111025636	5056.361	5056.361	0.043848	0.0	81	0	0	0	177	0	0	0	0	0.02683	0.0	0.0	0.0	0.053432	0.0	0.0	0.0	0.0	0.026397	0.0	0.0	0.0	3939.23	0.0	0.0	0.0	0.0	0.000326	0.0	0.0	0.0	22.2555	0.0	0.0	0.0	0.0	11	0	0	0	57	0	0	0	0	1	0	0	0	4	0	0	0	0	15	0	0	0	116	0	0	0	0	12	0	0	0	0	0	0	0	0	1	0	0	0	0	0	0	0	0	41	0	0	0	0	0	0	0	0	0.02683	0.0	0.0	0.0	0.053432	0.0	0.0	0.0	0.0	0.334282	0.0	0.0	0.0	0.665718	0.0	0.0	0.0	0.0	
180	263	4025.855574464	5056.361	5056.361	0.043617	0.0	81	0	0	0	178	0	0	0	0	0.02683	0.0	0.0	0.0	0.049419	0.0	0.0	0.0	0.0	0.026397	0.0	0.0	0.0	3944.98	0.0	0.0	0.0	0.0	0.000326	0.0	0.0	0.0	22.1628	0.0	0.0	0.0	0.0	11	0	0	0	57	0	0	0	0	1	0	0	0	4	0	0	0	0	15	0	0	0	117	0	0	0	0	12	0	0	0	0	0	0	0	0	1	0	0	0	0	0	0	0	0	41	0	0	0	0	0	0	0	0	0.02683	0.0	0.0	0.0	0.049419	0.0	0.0	0.0	0.0	0.351875	0.0	0.0	0.0	0.648125	0.0	0.0	0.0	0.0	
181	264	4028.961527174	5056.361	5056.361	0.043138	0.0	81	0	0	0	179	0	0	0	0	0.02683	0.0	0.0	0.0	0.045607	0.0	0.0	0.0	0.0	0.026397	0.0	0.0	0.0	3948.08	0.0	0.0	0.0	0.0	0.000326	0.0	0.0	0.0	22.0563	0.0	0.0	0.0	0.0	11	0	0	0	57	0	0	0	0	1	0	0	0	4	0	0	0	0	15	0	0	0	118	0	0	0	0	12	0	0	0	0	0	0	0	0	1	0	0	0	0	0	0	0	0	41	0	0	0	0	0	0	0	0	0.02683	0.0	0.0	0.0	0.045607	0.0	0.0	0.0	0.0	0.370395	0.0	0.0	0.0	0.629605	0.0	0.0	0.0	0.0	
182	265	4032.160674018	5056.361	5056.361	0.042881	0.0	81	0	0	0	180	0	0	0	0	0.02683	0.0	0.0	0.0	0.041985	0.0	0.0	0.0	0.0	0.026397	0.0	0.0	0.0	3951.28	0.0	0.0	0.0	0.0	0.000326	0.0	0.0	0.0	21.9516	0.0	0.0	0.0	0.0	11	0	0	0	57	0	0	0	0	1	0	0	0	4	0	0	0	0	15	0	0	0	119	0	0	0	0	12	0	0	0	0	0	0	0	0	1	0	0	0	0	0	0	0	0	41	0	0	0	0	0	0	0	0	0.02683	0.0	0.0	0.0	0.041985	0.0	0.0	0.0	0.0	0.38989	0.0	0.0	0.0	0.61011	0.0	0.0	0.0	0.0	
183	267	4035.649183121	5056.344333333334	5056.361	0.042617	0.0	82	0	0	0	181	0	0	0	0	0.124147	0.0	0.0	0.0	0.037786	0.0	0.0	0.0	0.0	0.026861	0.0	0.0	0.0	3954.77	0.0	0.0	0.0	0.0	0.000328	0.0	0.0	0.0	21.8496	0.0	0.0	0.0	0.0	12	0	0	0	57	0	0	0	0	1	0	0	0	4	0	0	0	0	15	0	0	0	120	0	0	0	0	12	0	0	0	0	0	0	0	0	1	0	0	0	0	0	0	0	0	41	0	0	0	0	0	0	0	0	0.124147	0.0	0.0	0.0	0.037786	0.0	0.0	0.0	0.0	0.766655	0.0	0.0	0.0	0.233345	0.0	0.0	0.0	0.0	
184	275	4067.338186118	5056.344333333334	5056.361	0.042332	0.0	89	0	0	0	182	0	0	0	0	0.075298	0.0	0.0	0.0	0.034008	0.0	0.0	0.0	0.0	0.028439	0.0	0.0	0.0	3986.46	0.0	0.0	0.0	0.0	0.00032	0.0	0.0	0.0	21.9036	0.0	0.0	0.0	0.0	12	0	0	0	57	0	0	0	0	1	0	0	0	4	0	0	0	0	16	0	0	0	121	0	0	0	0	14	0	0	0	0	0	0	0	0	1	0	0	0	0	0	0	0	0	45	0	0	0	0	0	0	0	0	0.075298	0.0	0.0	0.0	0.034008	0.0	0.0	0.0	0.0	0.688874	0.0	0.0	0.0	0.311126	0.0	0.0	0.0	0.0	
185	278	4070.795389288	5056.344333333334	5056.361	0.039827	0.0	91	0	0	0	183	0	0	0	0	0.064641	0.0	0.0	0.0	0.030607	0.0	0.0	0.0	0.0	0.029294	0.0	0.0	0.0	3989.91	0.0	0.0	0.0	0.0	0.000322	0.0	0.0	0.0	21.8028	0.0	0.0	0.0	0.0	12	0	0	0	57	0	0	0	0	1	0	0	0	4	0	0	0	0	16	0	0	0	122	0	0	0	0	15	0	0	0	0	0	0	0	0	2	0	0	0	0	0	0	0	0	45	0	0	0	0	0	0	0	0	0.064641	0.0	0.0	0.0	0.030607	0.0	0.0	0.0	0.0	0.678658	0.0	0.0	0.0	0.321342	0.0	0.0	0.0	0.0	
186	282	4076.924759015	5056.344333333334	5056.361	0.039563	0.0	94	0	0	0	184	0	0	0	0	0.051056	0.0	0.0	0.0	0.027546	0.0	0.0	0.0	0.0	0.029756	0.0	0.0	0.0	3996.04	0.0	0.0	0.0	0.0	0.000317	0.0	0.0	0.0	21.7176	0.0	0.0	0.0	0.0	12	0	0	0	57	0	0	0	0	1	0	0	0	4	0	0	0	0	16	0	0	0	123	0	0	0	0	15	0	0	0	0	0	0	0	0	2	0	0	0	0	0	0	0	0	48	0	0	0	0	0	0	0	0	0.051056	0.0	0.0	0.0	0.027546	0.0	0.0	0.0	0.0	0.649548	0.0	0.0	0.0	0.350452	0.0	0.0	0.0	0.0	
187	283	4084.791528999	5056.344333333334	5056.361	0.039099	0.0	94	0	0	0	185	0	0	0	0	0.051056	0.0	0.0	0.0	0.024792	0.0	0.0	0.0	0.0	0.029756	0.0	0.0	0.0	4003.91	0.0	0.0	0.0	0.0	0.000317	0.0	0.0	0.0	21.6427	0.0	0.0	0.0	0.0	12	0	0	0	57	0	0	0	0	1	0	0	0	4	0	0	0	0	16	0	0	0	124	0	0	0	0	15	0	0	0	0	0	0	0	0	2	0	0	0	0	0	0	0	0	48	0	0	0	0	0	0	0	0	0.051056	0.0	0.0	0.0	0.024792	0.0	0.0	0.0	0.0	0.673138	0.0	0.0	0.0	0.326862	0.0	0.0	0.0	0.0	
188	284	4094.996134201	5056.344333333334	5056.361	0.038512	0.0	94	0	0	0	186	0	0	0	0	0.051056	0.0	0.0	0.0	0.022313	0.0	0.0	0.0	0.0	0.029756	0.0	0.0	0.0	4014.11	0.0	0.0	0.0	0.0	0.000317	0.0	0.0	0.0	21.5813	0.0	0.0	0.0	0.0	12	0	0	0	57	0	0	0	0	1	0	0	0	4	0	0	0	0	16	0	0	0	125	0	0	0	0	15	0	0	0	0	0	0	0	0	2	0	0	0	0	0	0	0	0	48	0	0	0	0	0	0	0	0	0.051056	0.0	0.0	0.0	0.022313	0.0	0.0	0.0	0.0	0.695884	0.0	0.0	0.0	0.304116	0.0	0.0	0.0	0.0	
189	288	4101.078098024	5056.344333333334	5056.361	0.037763	0.0	97	0	0	0	187	0	0	0	0	0.040592	0.0	0.0	0.0	0.020081	0.0	0.0	0.0	0.0	0.030249	0.0	0.0	0.0	4020.19	0.0	0.0	0.0	0.0	0.000312	0.0	0.0	0.0	21.4984	0.0	0.0	0.0	0.0	12	0	0	0	57	0	0	0	0	1	0	0	0	4	0	0	0	0	16	0	0	0	126	0	0	0	0	15	0	0	0	0	0	0	0	0	2	0	0	0	0	0	0	0	0	51	0	0	0	0	0	0	0	0	0.040592	0.0	0.0	0.0	0.020081	0.0	0.0	0.0	0.0	0.669024	0.0	0.0	0.0	0.330976	0.0	0.0	0.0	0.0	
190	289	4103.544382843	5056.344333333334	5056.361	0.037323	0.0	97	0	0	0	188	0	0	0	0	0.040592	0.0	0.0	0.0	0.018073	0.0	0.0	0.0	0.0	0.030249	0.0	0.0	0.0	4022.66	0.0	0.0	0.0	0.0	0.000312	0.0	0.0	0.0	21.3971	0.0	0.0	0.0	0.0	12	0	0	0	57	0	0	0	0	1	0	0	0	4	0	0	0	0	16	0	0	0	127	0	0	0	0	15	0	0	0	0	0	0	0	0	2	0	0	0	0	0	0	0	0	51	0	0	0	0	0	0	0	0	0.040592	0.0	0.0	0.0	0.018073	0.0	0.0	0.0	0.0	0.691925	0.0	0.0	0.0	0.308075	0.0	0.0	0.0	0.0	
191	290	4106.984668141	5056.344333333334	5056.361	0.037147	0.0	97	0	0	0	189	0	0	0	0	0.040592	0.0	0.0	0.0	0.016266	0.0	0.0	0.0	0.0	0.030249	0.0	0.0	0.0	4026.1	0.0	0.0	0.0	0.0	0.000312	0.0	0.0	0.0	21.3021	0.0	0.0	0.0	0.0	12	0	0	0	57	0	0	0	0	1	0	0	0	4	0	0	0	0	16	0	0	0	128	0	0	0	0	15	0	0	0	0	0	0	0	0	2	0	0	0	0	0	0	0	0	51	0	0	0	0	0	0	0	0	0.040592	0.0	0.0	0.0	0.016266	0.0	0.0	0.0	0.0	0.713919	0.0	0.0	0.0	0.286081	0.0	0.0	0.0	0.0	
192	291	4116.514705668	5056.344333333334	5056.361	0.036901	0.0	97	0	0	0	190	0	0	0	0	0.040592	0.0	0.0	0.0	0.014639	0.0	0.0	0.0	0.0	0.030249	0.0	0.0	0.0	4035.63	0.0	0.0	0.0	0.0	0.000312	0.0	0.0	0.0	21.2402	0.0	0.0	0.0	0.0	12	0	0	0	57	0	0	0	0	1	0	0	0	4	0	0	0	0	16	0	0	0	129	0	0	0	0	15	0	0	0	0	0	0	0	0	2	0	0	0	0	0	0	0	0	51	0	0	0	0	0	0	0	0	0.040592	0.0	0.0	0.0	0.014639	0.0	0.0	0.0	0.0	0.734945	0.0	0.0	0.0	0.265055	0.0	0.0	0.0	0.0	
193	293	4120.307461592	5054.361	5054.361	0.036231	0.0	98	0	0	0	191	0	0	0	0	0.03783	0.0	0.0	0.0	0.113175	0.0	0.0	0.0	0.0	0.030512	0.0	0.0	0.0	4039.42	0.0	0.0	0.0	0.0	0.000311	0.0	0.0	0.0	21.1488	0.0	0.0	0.0	0.0	12	0	0	0	58	0	0	0	0	1	0	0	0	4	0	0	0	0	16	0	0	0	129	0	0	0	0	15	0	0	0	0	0	0	0	0	2	0	0	0	0	0	0	0	0	52	0	0	0	0	0	0	0	0	0.03783	0.0	0.0	0.0	0.113175	0.0	0.0	0.0	0.0	0.250522	0.0	0.0	0.0	0.749478	0.0	0.0	0.0	0.0	
194	294	4126.873062901	5054.361	5054.361	0.035967	0.0	98	0	0	0	192	0	0	0	0	0.03783	0.0	0.0	0.0	0.105625	0.0	0.0	0.0	0.0	0.030512	0.0	0.0	0.0	4045.99	0.0	0.0	0.0	0.0	0.000311	0.0	0.0	0.0	21.0729	0.0	0.0	0.0	0.0	12	0	0	0	58	0	0	0	0	1	0	0	0	4	0	0	0	0	16	0	0	0	130	0	0	0	0	15	0	0	0	0	0	0	0	0	2	0	0	0	0	0	0	0	0	52	0	0	0	0	0	0	0	0	0.03783	0.0	0.0	0.0	0.105625	0.0	0.0	0.0	0.0	0.263707	0.0	0.0	0.0	0.736293	0.0	0.0	0.0	0.0	
195	297	4130.310027879	5054.361	5054.361	0.035516	0.0	100	0	0	0	193	0	0	0	0	0.030642	0.0	0.0	0.0	0.098812	0.0	0.0	0.0	0.0	0.030874	0.0	0.0	0.0	4049.43	0.0	0.0	0.0	0.0	0.000309	0.0	0.0	0.0	20.9815	0.0	0.0	0.0	0.0	12	0	0	0	58	0	0	0	0	1	0	0	0	4	0	0	0	0	16	0	0	0	131	0	0	0	0	15	0	0	0	0	0	0	0	0	2	0	0	0	0	0	0	0	0	54	0	0	0	0	0	0	0	0	0.030642	0.0	0.0	0.0	0.098812	0.0	0.0	0.0	0.0	0.236705	0.0	0.0	0.0	0.763295	0.0	0.0	0.0	0.0	
196	298	4138.442590088	5054.361	5054.361	0.035281	0.0	100	0	0	0	194	0	0	0	0	0.030642	0.0	0.0	0.0	0.092339	0.0	0.0	0.0	0.0	0.030874	0.0	0.0	0.0	4057.56	0.0	0.0	0.0	0.0	0.000309	0.0	0.0	0.0	20.9152	0.0	0.0	0.0	0.0	12	0	0	0	58	0	0	0	0	1	0	0	0	4	0	0	0	0	16	0	0	0	132	0	0	0	0	15	0	0	0	0	0	0	0	0	2	0	0	0	0	0	0	0	0	54	0	0	0	0	0	0	0	0	0.030642	0.0	0.0	0.0	0.092339	0.0	0.0	0.0	0.0	0.249163	0.0	0.0	0.0	0.750837	0.0	0.0	0.0	0.0	
197	300	4141.052778314	5054.361	5054.361	0.034733	0.0	101	0	0	0	195	0	0	0	0	0.027578	0.0	0.0	0.0	0.086343	0.0	0.0	0.0	0.0	0.031073	0.0	0.0	0.0	4060.17	0.0	0.0	0.0	0.0	0.000308	0.0	0.0	0.0	20.8214	0.0	0.0	0.0	0.0	12	0	0	0	58	0	0	0	0	1	0	0	0	4	0	0	0	0	16	0	0	0	133	0	0	0	0	15	0	0	0	0	0	0	0	0	2	0	0	0	0	0	0	0	0	55	0	0	0	0	0	0	0	0	0.027578	0.0	0.0	0.0	0.086343	0.0	0.0	0.0	0.0	0.242081	0.0	0.0	0.0	0.757919	0.0	0.0	0.0	0.0	
198	302	4149.45197606	5054.361	5054.361	0.034559	0.0	102	0	0	0	196	0	0	0	0	0.02482	0.0	0.0	0.0	0.080785	0.0	0.0	0.0	0.0	0.031539	0.0	0.0	0.0	4068.57	0.0	0.0	0.0	0.0	0.000309	0.0	0.0	0.0	20.758	0.0	0.0	0.0	0.0	12	0	0	0	58	0	0	0	0	1	0	0	0	4	0	0	0	0	16	0	0	0	134	0	0	0	0	16	0	0	0	0	0	0	0	0	2	0	0	0	0	0	0	0	0	55	0	0	0	0	0	0	0	0	0.02482	0.0	0.0	0.0	0.080785	0.0	0.0	0.0	0.0	0.23503	0.0	0.0	0.0	0.76497	0.0	0.0	0.0	0.0	
199	303	4153.682275362	5054.361	5054.361	0.034005	0.0	102	0	0	0	197	0	0	0	0	0.02482	0.0	0.0	0.0	0.075505	0.0	0.0	0.0	0.0	0.031539	0.0	0.0	0.0	4072.8	0.0	0.0	0.0	0.0	0.000309	0.0	0.0	0.0	20.6741	0.0	0.0	0.0	0.0	12	0	0	0	58	0	0	0	0	1	0	0	0	4	0	0	0	0	16	0	0	0	135	0	0	0	0	16	0	0	0	0	0	0	0	0	2	0	0	0	0	0	0	0	0	55	0	0	0	0	0	0	0	0	0.02482	0.0	0.0	0.0	0.075505	0.0	0.0	0.0	0.0	0.2474	0.0	0.0	0.0	0.7526	0.0	0.0	0.0	0.0	
200	304	4157.454725031	5054.361	5054.361	0.03373	0.0	102	0	0	0	198	0	0	0	0	0.02482	0.0	0.0	0.0	0.070488	0.0	0.0	0.0	0.0	0.031539	0.0	0.0	0.0	4076.57	0.0	0.0	0.0	0.0	0.000309	0.0	0.0	0.0	20.5887	0.0	0.0	0.0	0.0	12	0	0	0	58	0	0	0	0	1	0	0	0	4	0	0	0	0	16	0	0	0	136	0	0	0	0	16	0	0	0	0	0	0	0	0	2	0	0	0	0	0	0	0	0	55	0	0	0	0	0	0	0	0	0.02482	0.0	0.0	0.0	0.070488	0.0	0.0	0.0	0.0	0.260421	0.0	0.0	0.0	0.739579	0.0	0.0	0.0	0.0	
201	305	4166.540307871	5054.361	5054.361	0.033485	0.0	102	0	0	0	199	0	0	0	0	0.02482	0.0	0.0	0.0	0.065723	0.0	0.0	0.0	0.0	0.031539	0.0	0.0	0.0	4085.65	0.0	0.0	0.0	0.0	0.000309	0.0	0.0	0.0	20.5309	0.0	0.0	0.0	0.0	12	0	0	0	58	0	0	0	0	1	0	0	0	4	0	0	0	0	16	0	0	0	137	0	0	0	0	16	0	0	0	0	0	0	0	0	2	0	0	0	0	0	0	0	0	55	0	0	0	0	0	0	0	0	0.02482	0.0	0.0	0.0	0.065723	0.0	0.0	0.0	0.0	0.274127	0.0	0.0	0.0	0.725873	0.0	0.0	0.0	0.0	
202	306	4193.353221271	5054.361	5054.361	0.032905	0.0	102	0	0	0	200	0	0	0	0	0.02482	0.0	0.0	0.0	0.061196	0.0	0.0	0.0	0.0	0.031539	0.0	0.0	0.0	4112.47	0.0	0.0	0.0	0.0	0.000309	0.0	0.0	0.0	20.5623	0.0	0.0	0.0	0.0	12	0	0	0	58	0	0	0	0	1	0	0	0	4	0	0	0	0	16	0	0	0	138	0	0	0	0	16	0	0	0	0	0	0	0	0	2	0	0	0	0	0	0	0	0	55	0	0	0	0	0	0	0	0	0.02482	0.0	0.0	0.0	0.061196	0.0	0.0	0.0	0.0	0.288555	0.0	0.0	0.0	0.711445	0.0	0.0	0.0	0.0	
203	307	4229.194304188	5054.361	5054.361	0.03125	0.0	102	0	0	0	201	0	0	0	0	0.02482	0.0	0.0	0.0	0.056895	0.0	0.0	0.0	0.0	0.031539	0.0	0.0	0.0	4148.31	0.0	0.0	0.0	0.0	0.000309	0.0	0.0	0.0	20.6384	0.0	0.0	0.0	0.0	12	0	0	0	58	0	0	0	0	1	0	0	0	4	0	0	0	0	16	0	0	0	139	0	0	0	0	16	0	0	0	0	0	0	0	0	2	0	0	0	0	0	0	0	0	55	0	0	0	0	0	0	0	0	0.02482	0.0	0.0	0.0	0.056895	0.0	0.0	0.0	0.0	0.303742	0.0	0.0	0.0	0.696258	0.0	0.0	0.0	0.0	
204	308	4235.482048665	5054.361	5054.361	0.029167	0.0	102	0	0	0	202	0	0	0	0	0.02482	0.0	0.0	0.0	0.052809	0.0	0.0	0.0	0.0	0.031539	0.0	0.0	0.0	4154.6	0.0	0.0	0.0	0.0	0.000309	0.0	0.0	0.0	20.5673	0.0	0.0	0.0	0.0	12	0	0	0	58	0	0	0	0	1	0	0	0	4	0	0	0	0	16	0	0	0	140	0	0	0	0	16	0	0	0	0	0	0	0	0	2	0	0	0	0	0	0	0	0	55	0	0	0	0	0	0	0	0	0.02482	0.0	0.0	0.0	0.052809	0.0	0.0	0.0	0.0	0.319728	0.0	0.0	0.0	0.680272	0.0	0.0	0.0	0.0	
205	310	4238.469344076	5054.361	5054.361	0.028816	0.0	103	0	0	0	203	0	0	0	0	0.022338	0.0	0.0	0.0	0.049052	0.0	0.0	0.0	0.0	0.031765	0.0	0.0	0.0	4157.58	0.0	0.0	0.0	0.0	0.000308	0.0	0.0	0.0	20.4807	0.0	0.0	0.0	0.0	12	0	0	0	58	0	0	0	0	1	0	0	0	4	0	0	0	0	16	0	0	0	141	0	0	0	0	16	0	0	0	0	0	0	0	0	2	0	0	0	0	0	0	0	0	56	0	0	0	0	0	0	0	0	0.022338	0.0	0.0	0.0	0.049052	0.0	0.0	0.0	0.0	0.312905	0.0	0.0	0.0	0.687095	0.0	0.0	0.0	0.0	
206	311	4243.82202751	5054.361	5054.361	0.028651	0.0	103	0	0	0	204	0	0	0	0	0.022338	0.0	0.0	0.0	0.045482	0.0	0.0	0.0	0.0	0.031765	0.0	0.0	0.0	4162.94	0.0	0.0	0.0	0.0	0.000308	0.0	0.0	0.0	20.4065	0.0	0.0	0.0	0.0	12	0	0	0	58	0	0	0	0	1	0	0	0	4	0	0	0	0	16	0	0	0	142	0	0	0	0	16	0	0	0	0	0	0	0	0	2	0	0	0	0	0	0	0	0	56	0	0	0	0	0	0	0	0	0.022338	0.0	0.0	0.0	0.045482	0.0	0.0	0.0	0.0	0.329374	0.0	0.0	0.0	0.670626	0.0	0.0	0.0	0.0	
207	315	4246.235662577	5054.361	5054.361	0.028357	0.0	106	0	0	0	205	0	0	0	0	0.016285	0.0	0.0	0.0	0.042394	0.0	0.0	0.0	0.0	0.032691	0.0	0.0	0.0	4165.35	0.0	0.0	0.0	0.0	0.000308	0.0	0.0	0.0	20.3188	0.0	0.0	0.0	0.0	12	0	0	0	58	0	0	0	0	1	0	0	0	4	0	0	0	0	16	0	0	0	143	0	0	0	0	18	0	0	0	0	0	0	0	0	2	0	0	0	0	0	0	0	0	57	0	0	0	0	0	0	0	0	0.016285	0.0	0.0	0.0	0.042394	0.0	0.0	0.0	0.0	0.277523	0.0	0.0	0.0	0.722477	0.0	0.0	0.0	0.0	
208	316	4249.360471231	5054.361	5054.361	0.028226	0.0	106	0	0	0	206	0	0	0	0	0.016285	0.0	0.0	0.0	0.03946	0.0	0.0	0.0	0.0	0.032691	0.0	0.0	0.0	4168.47	0.0	0.0	0.0	0.0	0.000308	0.0	0.0	0.0	20.2353	0.0	0.0	0.0	0.0	12	0	0	0	58	0	0	0	0	1	0	0	0	4	0	0	0	0	16	0	0	0	144	0	0	0	0	18	0	0	0	0	0	0	0	0	2	0	0	0	0	0	0	0	0	57	0	0	0	0	0	0	0	0	0.016285	0.0	0.0	0.0	0.03946	0.0	0.0	0.0	0.0	0.292129	0.0	0.0	0.0	0.707871	0.0	0.0	0.0	0.0	
209	318	4260.189708206	5054.361	5054.361	0.028056	0.0	107	0	0	0	207	0	0	0	0	0.014656	0.0	0.0	0.0	0.036754	0.0	0.0	0.0	0.0	0.032923	0.0	0.0	0.0	4179.3	0.0	0.0	0.0	0.0	0.000308	0.0	0.0	0.0	20.1899	0.0	0.0	0.0	0.0	12	0	0	0	58	0	0	0	0	1	0	0	0	4	0	0	0	0	16	0	0	0	145	0	0	0	0	18	0	0	0	0	0	0	0	0	2	0	0	0	0	0	0	0	0	58	0	0	0	0	0	0	0	0	0.014656	0.0	0.0	0.0	0.036754	0.0	0.0	0.0	0.0	0.285082	0.0	0.0	0.0	0.714918	0.0	0.0	0.0	0.0	
210	319	4264.862004403	5054.361	5054.361	0.027478	0.0	107	0	0	0	208	0	0	0	0	0.014656	0.0	0.0	0.0	0.034184	0.0	0.0	0.0	0.0	0.032923	0.0	0.0	0.0	4183.97	0.0	0.0	0.0	0.0	0.000308	0.0	0.0	0.0	20.1153	0.0	0.0	0.0	0.0	12	0	0	0	58	0	0	0	0	1	0	0	0	4	0	0	0	0	16	0	0	0	146	0	0	0	0	18	0	0	0	0	0	0	0	0	2	0	0	0	0	0	0	0	0	58	0	0	0	0	0	0	0	0	0.014656	0.0	0.0	0.0	0.034184	0.0	0.0	0.0	0.0	0.300086	0.0	0.0	0.0	0.699914	0.0	0.0	0.0	0.0	
211	320	4269.592902426	5054.361	5054.361	0.027232	0.0	107	0	0	0	209	0	0	0	0	0.014656	0.0	0.0	0.0	0.031742	0.0	0.0	0.0	0.0	0.032923	0.0	0.0	0.0	4188.71	0.0	0.0	0.0	0.0	0.000308	0.0	0.0	0.0	20.0417	0.0	0.0	0.0	0.0	12	0	0	0	58	0	0	0	0	1	0	0	0	4	0	0	0	0	16	0	0	0	147	0	0	0	0	18	0	0	0	0	0	0	0	0	2	0	0	0	0	0	0	0	0	58	0	0	0	0	0	0	0	0	0.014656	0.0	0.0	0.0	0.031742	0.0	0.0	0.0	0.0	0.31588	0.0	0.0	0.0	0.68412	0.0	0.0	0.0	0.0	
212	321	4274.709719679	5054.361	5054.361	0.026985	0.0	107	0	0	0	210	0	0	0	0	0.014656	0.0	0.0	0.0	0.029422	0.0	0.0	0.0	0.0	0.032923	0.0	0.0	0.0	4193.82	0.0	0.0	0.0	0.0	0.000308	0.0	0.0	0.0	19.9706	0.0	0.0	0.0	0.0	12	0	0	0	58	0	0	0	0	1	0	0	0	4	0	0	0	0	16	0	0	0	148	0	0	0	0	18	0	0	0	0	0	0	0	0	2	0	0	0	0	0	0	0	0	58	0	0	0	0	0	0	0	0	0.014656	0.0	0.0	0.0	0.029422	0.0	0.0	0.0	0.0	0.332506	0.0	0.0	0.0	0.667494	0.0	0.0	0.0	0.0	
213	322	4293.609506852	5054.361	5054.361	0.02672	0.0	107	0	0	0	211	0	0	0	0	0.014656	0.0	0.0	0.0	0.027218	0.0	0.0	0.0	0.0	0.032923	0.0	0.0	0.0	4212.72	0.0	0.0	0.0	0.0	0.000308	0.0	0.0	0.0	19.9655	0.0	0.0	0.0	0.0	12	0	0	0	58	0	0	0	0	1	0	0	0	4	0	0	0	0	16	0	0	0	149	0	0	0	0	18	0	0	0	0	0	0	0	0	2	0	0	0	0	0	0	0	0	58	0	0	0	0	0	0	0	0	0.014656	0.0	0.0	0.0	0.027218	0.0	0.0	0.0	0.0	0.350006	0.0	0.0	0.0	0.649994	0.0	0.0	0.0	0.0	
214	324	4296.183307427	5054.361	5054.361	0.025766	0.0	108	0	0	0	212	0	0	0	0	0.013191	0.0	0.0	0.0	0.025198	0.0	0.0	0.0	0.0	0.033151	0.0	0.0	0.0	4215.3	0.0	0.0	0.0	0.0	0.000307	0.0	0.0	0.0	19.8835	0.0	0.0	0.0	0.0	12	0	0	0	58	0	0	0	0	1	0	0	0	4	0	0	0	0	16	0	0	0	150	0	0	0	0	18	0	0	0	0	0	0	0	0	2	0	0	0	0	0	0	0	0	59	0	0	0	0	0	0	0	0	0.013191	0.0	0.0	0.0	0.025198	0.0	0.0	0.0	0.0	0.343611	0.0	0.0	0.0	0.656389	0.0	0.0	0.0	0.0	
215	326	4305.647186962	5054.361	5054.361	0.025639	0.0	109	0	0	0	213	0	0	0	0	0.011872	0.0	0.0	0.0	0.023344	0.0	0.0	0.0	0.0	0.033342	0.0	0.0	0.0	4224.76	0.0	0.0	0.0	0.0	0.000306	0.0	0.0	0.0	19.8346	0.0	0.0	0.0	0.0	12	0	0	0	58	0	0	0	0	1	0	0	0	4	0	0	0	0	16	0	0	0	151	0	0	0	0	18	0	0	0	0	0	0	0	0	2	0	0	0	0	0	0	0	0	60	0	0	0	0	0	0	0	0	0.011872	0.0	0.0	0.0	0.023344	0.0	0.0	0.0	0.0	0.33711	0.0	0.0	0.0	0.66289	0.0	0.0	0.0	0.0	
216	327	4309.478541742	5054.361	5054.361	0.025176	0.0	109	0	0	0	214	0	0	0	0	0.011872	0.0	0.0	0.0	0.021583	0.0	0.0	0.0	0.0	0.033342	0.0	0.0	0.0	4228.59	0.0	0.0	0.0	0.0	0.000306	0.0	0.0	0.0	19.7598	0.0	0.0	0.0	0.0	12	0	0	0	58	0	0	0	0	1	0	0	0	4	0	0	0	0	16	0	0	0	152	0	0	0	0	18	0	0	0	0	0	0	0	0	2	0	0	0	0	0	0	0	0	60	0	0	0	0	0	0	0	0	0.011872	0.0	0.0	0.0	0.021583	0.0	0.0	0.0	0.0	0.354852	0.0	0.0	0.0	0.645148	0.0	0.0	0.0	0.0	
217	329	4311.976255514	5054.361	5054.361	0.024991	0.0	110	0	0	0	215	0	0	0	0	0.010684	0.0	0.0	0.0	0.01997	0.0	0.0	0.0	0.0	0.033772	0.0	0.0	0.0	4231.09	0.0	0.0	0.0	0.0	0.000307	0.0	0.0	0.0	19.6795	0.0	0.0	0.0	0.0	12	0	0	0	58	0	0	0	0	1	0	0	0	4	0	0	0	0	16	0	0	0	153	0	0	0	0	19	0	0	0	0	0	0	0	0	2	0	0	0	0	0	0	0	0	60	0	0	0	0	0	0	0	0	0.010684	0.0	0.0	0.0	0.01997	0.0	0.0	0.0	0.0	0.348544	0.0	0.0	0.0	0.651456	0.0	0.0	0.0	0.0	
218	332	4318.711026164	5054.361	5054.361	0.024871	0.0	112	0	0	0	216	0	0	0	0	0.008654	0.0	0.0	0.0	0.018539	0.0	0.0	0.0	0.0	0.034306	0.0	0.0	0.0	4237.82	0.0	0.0	0.0	0.0	0.000306	0.0	0.0	0.0	19.6195	0.0	0.0	0.0	0.0	12	0	0	0	58	0	0	0	0	1	0	0	0	4	0	0	0	0	16	0	0	0	154	0	0	0	0	20	0	0	0	0	0	0	0	0	2	0	0	0	0	0	0	0	0	61	0	0	0	0	0	0	0	0	0.008654	0.0	0.0	0.0	0.018539	0.0	0.0	0.0	0.0	0.318256	0.0	0.0	0.0	0.681744	0.0	0.0	0.0	0.0	
219	333	4499.243694515	5054.361	5054.361	0.024551	0.0	112	0	0	0	217	0	0	0	0	0.008654	0.0	0.0	0.0	0.017179	0.0	0.0	0.0	0.0	0.034306	0.0	0.0	0.0	4418.36	0.0	0.0	0.0	0.0	0.000306	0.0	0.0	0.0	20.3611	0.0	0.0	0.0	0.0	12	0	0	0	58	0	0	0	0	1	0	0	0	4	0	0	0	0	16	0	0	0	155	0	0	0	0	20	0	0	0	0	0	0	0	0	2	0	0	0	0	0	0	0	0	61	0	0	0	0	0	0	0	0	0.008654	0.0	0.0	0.0	0.017179	0.0	0.0	0.0	0.0	0.335006	0.0	0.0	0.0	0.664994	0.0	0.0	0.0	0.0	
220	334	4509.026890926	5054.361	5054.361	0.017344	0.0	112	0	0	0	218	0	0	0	0	0.008654	0.0	0.0	0.0	0.015887	0.0	0.0	0.0	0.0	0.034306	0.0	0.0	0.0	4428.14	0.0	0.0	0.0	0.0	0.000306	0.0	0.0	0.0	20.3126	0.0	0.0	0.0	0.0	12	0	0	0	58	0	0	0	0	1	0	0	0	4	0	0	0	0	16	0	0	0	156	0	0	0	0	20	0	0	0	0	0	0	0	0	2	0	0	0	0	0	0	0	0	61	0	0	0	0	0	0	0	0	0.008654	0.0	0.0	0.0	0.015887	0.0	0.0	0.0	0.0	0.352638	0.0	0.0	0.0	0.647362	0.0	0.0	0.0	0.0	
221	335	4530.323908365	5054.361	5054.361	0.017021	0.0	112	0	0	0	219	0	0	0	0	0.008654	0.0	0.0	0.0	0.01466	0.0	0.0	0.0	0.0	0.034306	0.0	0.0	0.0	4449.44	0.0	0.0	0.0	0.0	0.000306	0.0	0.0	0.0	20.3171	0.0	0.0	0.0	0.0	12	0	0	0	58	0	0	0	0	1	0	0	0	4	0	0	0	0	16	0	0	0	157	0	0	0	0	20	0	0	0	0	0	0	0	0	2	0	0	0	0	0	0	0	0	61	0	0	0	0	0	0	0	0	0.008654	0.0	0.0	0.0	0.01466	0.0	0.0	0.0	0.0	0.371198	0.0	0.0	0.0	0.628802	0.0	0.0	0.0	0.0	
222	336	4545.959006864	5054.361	5054.361	0.016337	0.0	112	0	0	0	220	0	0	0	0	0.008654	0.0	0.0	0.0	0.013495	0.0	0.0	0.0	0.0	0.034306	0.0	0.0	0.0	4465.07	0.0	0.0	0.0	0.0	0.000306	0.0	0.0	0.0	20.2958	0.0	0.0	0.0	0.0	12	0	0	0	58	0	0	0	0	1	0	0	0	4	0	0	0	0	16	0	0	0	158	0	0	0	0	20	0	0	0	0	0	0	0	0	2	0	0	0	0	0	0	0	0	61	0	0	0	0	0	0	0	0	0.008654	0.0	0.0	0.0	0.013495	0.0	0.0	0.0	0.0	0.390734	0.0	0.0	0.0	0.609266	0.0	0.0	0.0	0.0	
223	338	4551.180648196	5054.361	5054.361	0.015853	0.0	113	0	0	0	221	0	0	0	0	0.007789	0.0	0.0	0.0	0.01243	0.0	0.0	0.0	0.0	0.034861	0.0	0.0	0.0	4470.29	0.0	0.0	0.0	0.0	0.000309	0.0	0.0	0.0	20.2276	0.0	0.0	0.0	0.0	12	0	0	0	58	0	0	0	0	1	0	0	0	4	0	0	0	0	16	0	0	0	159	0	0	0	0	21	0	0	0	0	0	0	0	0	2	0	0	0	0	0	0	0	0	61	0	0	0	0	0	0	0	0	0.007789	0.0	0.0	0.0	0.01243	0.0	0.0	0.0	0.0	0.385221	0.0	0.0	0.0	0.614779	0.0	0.0	0.0	0.0	
224	342	4556.147260108	5054.361	5054.361	0.015694	0.0	116	0	0	0	222	0	0	0	0	0.005678	0.0	0.0	0.0	0.011525	0.0	0.0	0.0	0.0	0.035764	0.0	0.0	0.0	4475.26	0.0	0.0	0.0	0.0	0.000308	0.0	0.0	0.0	20.1588	0.0	0.0	0.0	0.0	12	0	0	0	58	0	0	0	0	1	0	0	0	4	0	0	0	0	16	0	0	0	160	0	0	0	0	23	0	0	0	0	0	0	0	0	2	0	0	0	0	0	0	0	0	62	0	0	0	0	0	0	0	0	0.005678	0.0	0.0	0.0	0.011525	0.0	0.0	0.0	0.0	0.330064	0.0	0.0	0.0	0.669936	0.0	0.0	0.0	0.0	
225	345	4563.061391877	5054.361	5054.361	0.015545	0.0	118	0	0	0	223	0	0	0	0	0.004599	0.0	0.0	0.0	0.010719	0.0	0.0	0.0	0.0	0.036099	0.0	0.0	0.0	4482.17	0.0	0.0	0.0	0.0	0.000306	0.0	0.0	0.0	20.0994	0.0	0.0	0.0	0.0	12	0	0	0	58	0	0	0	0	1	0	0	0	4	0	0	0	0	16	0	0	0	161	0	0	0	0	23	0	0	0	0	0	0	0	0	2	0	0	0	0	0	0	0	0	64	0	0	0	0	0	0	0	0	0.004599	0.0	0.0	0.0	0.010719	0.0	0.0	0.0	0.0	0.300252	0.0	0.0	0.0	0.699748	0.0	0.0	0.0	0.0	
226	346	4743.225502882	5054.361	5054.361	0.01534	0.0	118	0	0	0	224	0	0	0	0	0.004599	0.0	0.0	0.0	0.009953	0.0	0.0	0.0	0.0	0.036099	0.0	0.0	0.0	4662.33	0.0	0.0	0.0	0.0	0.000306	0.0	0.0	0.0	20.814	0.0	0.0	0.0	0.0	12	0	0	0	58	0	0	0	0	1	0	0	0	4	0	0	0	0	16	0	0	0	162	0	0	0	0	23	0	0	0	0	0	0	0	0	2	0	0	0	0	0	0	0	0	64	0	0	0	0	0	0	0	0	0.004599	0.0	0.0	0.0	0.009953	0.0	0.0	0.0	0.0	0.316055	0.0	0.0	0.0	0.683945	0.0	0.0	0.0	0.0	
227	347	4754.088484229	5054.361	5054.361	0.010845	0.0	118	0	0	0	225	0	0	0	0	0.004599	0.0	0.0	0.0	0.009225	0.0	0.0	0.0	0.0	0.036099	0.0	0.0	0.0	4673.2	0.0	0.0	0.0	0.0	0.000306	0.0	0.0	0.0	20.7698	0.0	0.0	0.0	0.0	12	0	0	0	58	0	0	0	0	1	0	0	0	4	0	0	0	0	16	0	0	0	163	0	0	0	0	23	0	0	0	0	0	0	0	0	2	0	0	0	0	0	0	0	0	64	0	0	0	0	0	0	0	0	0.004599	0.0	0.0	0.0	0.009225	0.0	0.0	0.0	0.0	0.332689	0.0	0.0	0.0	0.667311	0.0	0.0	0.0	0.0	
228	348	4758.404309075	5054.361	5054.361	0.01062	0.0	118	0	0	0	226	0	0	0	0	0.004599	0.0	0.0	0.0	0.008534	0.0	0.0	0.0	0.0	0.036099	0.0	0.0	0.0	4677.51	0.0	0.0	0.0	0.0	0.000306	0.0	0.0	0.0	20.697	0.0	0.0	0.0	0.0	12	0	0	0	58	0	0	0	0	1	0	0	0	4	0	0	0	0	16	0	0	0	164	0	0	0	0	23	0	0	0	0	0	0	0	0	2	0	0	0	0	0	0	0	0	64	0	0	0	0	0	0	0	0	0.004599	0.0	0.0	0.0	0.008534	0.0	0.0	0.0	0.0	0.350199	0.0	0.0	0.0	0.649801	0.0	0.0	0.0	0.0	
229	350	4761.368579339	5054.361	5054.361	0.010532	0.0	119	0	0	0	227	0	0	0	0	0.004139	0.0	0.0	0.0	0.0079	0.0	0.0	0.0	0.0	0.036326	0.0	0.0	0.0	4680.48	0.0	0.0	0.0	0.0	0.000305	0.0	0.0	0.0	20.6188	0.0	0.0	0.0	0.0	12	0	0	0	58	0	0	0	0	1	0	0	0	4	0	0	0	0	16	0	0	0	165	0	0	0	0	23	0	0	0	0	0	0	0	0	2	0	0	0	0	0	0	0	0	65	0	0	0	0	0	0	0	0	0.004139	0.0	0.0	0.0	0.0079	0.0	0.0	0.0	0.0	0.343808	0.0	0.0	0.0	0.656192	0.0	0.0	0.0	0.0	
230	351	4941.518986064	5035.972	5035.972	0.010473	0.0	119	0	0	0	228	0	0	0	0	0.004139	0.0	0.0	0.0	0.083496	0.0	0.0	0.0	0.0	0.036326	0.0	0.0	0.0	4860.63	0.0	0.0	0.0	0.0	0.000305	0.0	0.0	0.0	21.3185	0.0	0.0	0.0	0.0	12	0	0	0	59	0	0	0	0	1	0	0	0	4	0	0	0	0	16	0	0	0	165	0	0	0	0	23	0	0	0	0	0	0	0	0	2	0	0	0	0	0	0	0	0	65	0	0	0	0	0	0	0	0	0.004139	0.0	0.0	0.0	0.083496	0.0	0.0	0.0	0.0	0.047234	0.0	0.0	0.0	0.952766	0.0	0.0	0.0	0.0	
231	352	4950.004614419	5035.972	5035.972	0.007404	0.0	119	0	0	0	229	0	0	0	0	0.004139	0.0	0.0	0.0	0.079114	0.0	0.0	0.0	0.0	0.036326	0.0	0.0	0.0	4869.11	0.0	0.0	0.0	0.0	0.000305	0.0	0.0	0.0	21.2625	0.0	0.0	0.0	0.0	12	0	0	0	59	0	0	0	0	1	0	0	0	4	0	0	0	0	16	0	0	0	166	0	0	0	0	23	0	0	0	0	0	0	0	0	2	0	0	0	0	0	0	0	0	65	0	0	0	0	0	0	0	0	0.004139	0.0	0.0	0.0	0.079114	0.0	0.0	0.0	0.0	0.04972	0.0	0.0	0.0	0.95028	0.0	0.0	0.0	0.0	
232	353	4956.215944315	5035.972	5035.972	0.007284	0.0	119	0	0	0	230	0	0	0	0	0.004139	0.0	0.0	0.0	0.074951	0.0	0.0	0.0	0.0	0.036326	0.0	0.0	0.0	4875.32	0.0	0.0	0.0	0.0	0.000305	0.0	0.0	0.0	21.1971	0.0	0.0	0.0	0.0	12	0	0	0	59	0	0	0	0	1	0	0	0	4	0	0	0	0	16	0	0	0	167	0	0	0	0	23	0	0	0	0	0	0	0	0	2	0	0	0	0	0	0	0	0	65	0	0	0	0	0	0	0	0	0.004139	0.0	0.0	0.0	0.074951	0.0	0.0	0.0	0.0	0.052337	0.0	0.0	0.0	0.947663	0.0	0.0	0.0	0.0	
233	354	4972.157152494	5035.972	5035.972	0.007198	0.0	119	0	0	0	231	0	0	0	0	0.004139	0.0	0.0	0.0	0.070997	0.0	0.0	0.0	0.0	0.036326	0.0	0.0	0.0	4891.27	0.0	0.0	0.0	0.0	0.000305	0.0	0.0	0.0	21.1743	0.0	0.0	0.0	0.0	12	0	0	0	59	0	0	0	0	1	0	0	0	4	0	0	0	0	16	0	0	0	168	0	0	0	0	23	0	0	0	0	0	0	0	0	2	0	0	0	0	0	0	0	0	65	0	0	0	0	0	0	0	0	0.004139	0.0	0.0	0.0	0.070997	0.0	0.0	0.0	0.0	0.055091	0.0	0.0	0.0	0.944909	0.0	0.0	0.0	0.0	
234	355	4979.989828038	5035.972	5035.972	0.00698	0.0	119	0	0	0	232	0	0	0	0	0.004139	0.0	0.0	0.0	0.06724	0.0	0.0	0.0	0.0	0.036326	0.0	0.0	0.0	4899.1	0.0	0.0	0.0	0.0	0.000305	0.0	0.0	0.0	21.1168	0.0	0.0	0.0	0.0	12	0	0	0	59	0	0	0	0	1	0	0	0	4	0	0	0	0	16	0	0	0	169	0	0	0	0	23	0	0	0	0	0	0	0	0	2	0	0	0	0	0	0	0	0	65	0	0	0	0	0	0	0	0	0.004139	0.0	0.0	0.0	0.06724	0.0	0.0	0.0	0.0	0.057991	0.0	0.0	0.0	0.942009	0.0	0.0	0.0	0.0	
235	356	4988.220559094	5035.972	5035.972	0.006876	0.0	119	0	0	0	233	0	0	0	0	0.004139	0.0	0.0	0.0	0.063671	0.0	0.0	0.0	0.0	0.036326	0.0	0.0	0.0	4907.33	0.0	0.0	0.0	0.0	0.000305	0.0	0.0	0.0	21.0615	0.0	0.0	0.0	0.0	12	0	0	0	59	0	0	0	0	1	0	0	0	4	0	0	0	0	16	0	0	0	170	0	0	0	0	23	0	0	0	0	0	0	0	0	2	0	0	0	0	0	0	0	0	65	0	0	0	0	0	0	0	0	0.004139	0.0	0.0	0.0	0.063671	0.0	0.0	0.0	0.0	0.061043	0.0	0.0	0.0	0.938957	0.0	0.0	0.0	0.0	
236	357	5003.142876747	5035.972	5035.972	0.006768	0.0	119	0	0	0	234	0	0	0	0	0.004139	0.0	0.0	0.0	0.06028	0.0	0.0	0.0	0.0	0.036326	0.0	0.0	0.0	4922.25	0.0	0.0	0.0	0.0	0.000305	0.0	0.0	0.0	21.0353	0.0	0.0	0.0	0.0	12	0	0	0	59	0	0	0	0	1	0	0	0	4	0	0	0	0	16	0	0	0	171	0	0	0	0	23	0	0	0	0	0	0	0	0	2	0	0	0	0	0	0	0	0	65	0	0	0	0	0	0	0	0	0.004139	0.0	0.0	0.0	0.06028	0.0	0.0	0.0	0.0	0.064256	0.0	0.0	0.0	0.935744	0.0	0.0	0.0	0.0	
237	358	5009.86666604	5035.972	5035.972	0.006576	0.0	119	0	0	0	235	0	0	0	0	0.004139	0.0	0.0	0.0	0.057059	0.0	0.0	0.0	0.0	0.036326	0.0	0.0	0.0	4928.98	0.0	0.0	0.0	0.0	0.000305	0.0	0.0	0.0	20.9744	0.0	0.0	0.0	0.0	12	0	0	0	59	0	0	0	0	1	0	0	0	4	0	0	0	0	16	0	0	0	172	0	0	0	0	23	0	0	0	0	0	0	0	0	2	0	0	0	0	0	0	0	0	65	0	0	0	0	0	0	0	0	0.004139	0.0	0.0	0.0	0.057059	0.0	0.0	0.0	0.0	0.067638	0.0	0.0	0.0	0.932362	0.0	0.0	0.0	0.0	
238	359	5013.073929414	5035.972	5035.972	0.006491	0.0	119	0	0	0	236	0	0	0	0	0.004139	0.0	0.0	0.0	0.053999	0.0	0.0	0.0	0.0	0.036326	0.0	0.0	0.0	4932.18	0.0	0.0	0.0	0.0	0.000305	0.0	0.0	0.0	20.8991	0.0	0.0	0.0	0.0	12	0	0	0	59	0	0	0	0	1	0	0	0	4	0	0	0	0	16	0	0	0	173	0	0	0	0	23	0	0	0	0	0	0	0	0	2	0	0	0	0	0	0	0	0	65	0	0	0	0	0	0	0	0	0.004139	0.0	0.0	0.0	0.053999	0.0	0.0	0.0	0.0	0.071198	0.0	0.0	0.0	0.928802	0.0	0.0	0.0	0.0	
239	363	5026.614899347	5035.905333333335	5035.905333333335	0.006451	0.0	122	0	0	0	237	0	0	0	0	0.088347	0.0	0.0	0.0	0.0486	0.0	0.0	0.0	0.0	0.037548	0.0	0.0	0.0	4945.72	0.0	0.0	0.0	0.0	0.000308	0.0	0.0	0.0	20.868	0.0	0.0	0.0	0.0	13	0	0	0	59	0	0	0	0	1	0	0	0	4	0	0	0	0	16	0	0	0	173	0	0	0	0	25	0	0	0	1	0	0	0	0	2	0	0	0	0	0	0	0	0	65	0	0	0	0	0	0	0	0	0.088347	0.0	0.0	0.0	0.0486	0.0	0.0	0.0	0.0	0.645121	0.0	0.0	0.0	0.354879	0.0	0.0	0.0	0.0	
240	366	5029.77115007	5035.905333333335	5035.905333333335	0.006286	0.0	124	0	0	0	238	0	0	0	0	0.074995	0.0	0.0	0.0	0.04374	0.0	0.0	0.0	0.0	0.038182	0.0	0.0	0.0	4948.88	0.0	0.0	0.0	0.0	0.000308	0.0	0.0	0.0	20.7936	0.0	0.0	0.0	0.0	13	0	0	0	59	0	0	0	0	1	0	0	0	4	0	0	0	0	16	0	0	0	173	0	0	0	0	26	0	0	0	2	0	0	0	0	2	0	0	0	0	0	0	0	0	66	0	0	0	0	0	0	0	0	0.074995	0.0	0.0	0.0	0.04374	0.0	0.0	0.0	0.0	0.631619	0.0	0.0	0.0	0.368381	0.0	0.0	0.0	0.0	
241	369	5039.513318354	5035.905333333335	5035.905333333335	0.006247	0.0	126	0	0	0	239	0	0	0	0	0.063418	0.0	0.0	0.0	0.039366	0.0	0.0	0.0	0.0	0.038796	0.0	0.0	0.0	4958.62	0.0	0.0	0.0	0.0	0.000308	0.0	0.0	0.0	20.7474	0.0	0.0	0.0	0.0	13	0	0	0	59	0	0	0	0	1	0	0	0	4	0	0	0	0	16	0	0	0	173	0	0	0	0	27	0	0	0	3	0	0	0	0	2	0	0	0	0	0	0	0	0	67	0	0	0	0	0	0	0	0	0.063418	0.0	0.0	0.0	0.039366	0.0	0.0	0.0	0.0	0.617006	0.0	0.0	0.0	0.382994	0.0	0.0	0.0	0.0	
242	371	5046.938374478	5035.905333333335	5035.905333333335	0.006131	0.0	127	0	0	0	240	0	0	0	0	0.058279	0.0	0.0	0.0	0.035429	0.0	0.0	0.0	0.0	0.038973	0.0	0.0	0.0	4966.04	0.0	0.0	0.0	0.0	0.000307	0.0	0.0	0.0	20.6919	0.0	0.0	0.0	0.0	13	0	0	0	59	0	0	0	0	1	0	0	0	4	0	0	0	0	16	0	0	0	173	0	0	0	0	27	0	0	0	4	0	0	0	0	2	0	0	0	0	0	0	0	0	68	0	0	0	0	0	0	0	0	0.058279	0.0	0.0	0.0	0.035429	0.0	0.0	0.0	0.0	0.621922	0.0	0.0	0.0	0.378078	0.0	0.0	0.0	0.0	
243	372	5050.376477047	5035.905333333335	5035.905333333335	0.006044	0.0	127	0	0	0	241	0	0	0	0	0.058279	0.0	0.0	0.0	0.031886	0.0	0.0	0.0	0.0	0.038973	0.0	0.0	0.0	4969.48	0.0	0.0	0.0	0.0	0.000307	0.0	0.0	0.0	20.6203	0.0	0.0	0.0	0.0	13	0	0	0	59	0	0	0	0	1	0	0	0	4	0	0	0	0	16	0	0	0	173	0	0	0	0	27	0	0	0	5	0	0	0	0	2	0	0	0	0	0	0	0	0	68	0	0	0	0	0	0	0	0	0.058279	0.0	0.0	0.0	0.031886	0.0	0.0	0.0	0.0	0.646359	0.0	0.0	0.0	0.353641	0.0	0.0	0.0	0.0	
244	374	5230.52265314	5019.639	5019.639	0.006005	0.0	128	0	0	0	242	0	0	0	0	0.053771	0.0	0.0	0.0	0.128698	0.0	0.0	0.0	0.0	0.039157	0.0	0.0	0.0	5149.63	0.0	0.0	0.0	0.0	0.000306	0.0	0.0	0.0	21.2795	0.0	0.0	0.0	0.0	13	0	0	0	60	0	0	0	0	1	0	0	0	4	0	0	0	0	16	0	0	0	173	0	0	0	0	27	0	0	0	5	0	0	0	0	2	0	0	0	0	0	0	0	0	69	0	0	0	0	0	0	0	0	0.053771	0.0	0.0	0.0	0.128698	0.0	0.0	0.0	0.0	0.294686	0.0	0.0	0.0	0.705314	0.0	0.0	0.0	0.0	
245	375	5241.284262693	5019.639	5019.639	0.004245	0.0	128	0	0	0	243	0	0	0	0	0.053771	0.0	0.0	0.0	0.119574	0.0	0.0	0.0	0.0	0.039157	0.0	0.0	0.0	5160.39	0.0	0.0	0.0	0.0	0.000306	0.0	0.0	0.0	21.2362	0.0	0.0	0.0	0.0	13	0	0	0	60	0	0	0	0	1	0	0	0	4	0	0	0	0	16	0	0	0	174	0	0	0	0	27	0	0	0	5	0	0	0	0	2	0	0	0	0	0	0	0	0	69	0	0	0	0	0	0	0	0	0.053771	0.0	0.0	0.0	0.119574	0.0	0.0	0.0	0.0	0.310196	0.0	0.0	0.0	0.689804	0.0	0.0	0.0	0.0	
246	376	5244.542186736	5008.278	5008.278	0.004158	0.0	128	0	0	0	244	0	0	0	0	0.053771	0.0	0.0	0.0	0.183391	0.0	0.0	0.0	0.0	0.039157	0.0	0.0	0.0	5163.65	0.0	0.0	0.0	0.0	0.000306	0.0	0.0	0.0	21.1625	0.0	0.0	0.0	0.0	13	0	0	0	61	0	0	0	0	1	0	0	0	4	0	0	0	0	16	0	0	0	174	0	0	0	0	27	0	0	0	5	0	0	0	0	2	0	0	0	0	0	0	0	0	69	0	0	0	0	0	0	0	0	0.053771	0.0	0.0	0.0	0.183391	0.0	0.0	0.0	0.0	0.226726	0.0	0.0	0.0	0.773274	0.0	0.0	0.0	0.0	
247	377	5249.145140191	5008.278	5008.278	0.004132	0.0	128	0	0	0	245	0	0	0	0	0.053771	0.0	0.0	0.0	0.171533	0.0	0.0	0.0	0.0	0.039157	0.0	0.0	0.0	5168.25	0.0	0.0	0.0	0.0	0.000306	0.0	0.0	0.0	21.0949	0.0	0.0	0.0	0.0	13	0	0	0	61	0	0	0	0	1	0	0	0	4	0	0	0	0	16	0	0	0	175	0	0	0	0	27	0	0	0	5	0	0	0	0	2	0	0	0	0	0	0	0	0	69	0	0	0	0	0	0	0	0	0.053771	0.0	0.0	0.0	0.171533	0.0	0.0	0.0	0.0	0.238659	0.0	0.0	0.0	0.761341	0.0	0.0	0.0	0.0	
248	378	5254.695282347	5008.278	5008.278	0.004096	0.0	128	0	0	0	246	0	0	0	0	0.053771	0.0	0.0	0.0	0.160268	0.0	0.0	0.0	0.0	0.039157	0.0	0.0	0.0	5173.8	0.0	0.0	0.0	0.0	0.000306	0.0	0.0	0.0	21.0317	0.0	0.0	0.0	0.0	13	0	0	0	61	0	0	0	0	1	0	0	0	4	0	0	0	0	16	0	0	0	176	0	0	0	0	27	0	0	0	5	0	0	0	0	2	0	0	0	0	0	0	0	0	69	0	0	0	0	0	0	0	0	0.053771	0.0	0.0	0.0	0.160268	0.0	0.0	0.0	0.0	0.25122	0.0	0.0	0.0	0.74878	0.0	0.0	0.0	0.0	
249	379	5260.217627155	5008.278	5008.278	0.004052	0.0	128	0	0	0	247	0	0	0	0	0.053771	0.0	0.0	0.0	0.149566	0.0	0.0	0.0	0.0	0.039157	0.0	0.0	0.0	5179.32	0.0	0.0	0.0	0.0	0.000306	0.0	0.0	0.0	20.9689	0.0	0.0	0.0	0.0	13	0	0	0	61	0	0	0	0	1	0	0	0	4	0	0	0	0	16	0	0	0	177	0	0	0	0	27	0	0	0	5	0	0	0	0	2	0	0	0	0	0	0	0	0	69	0	0	0	0	0	0	0	0	0.053771	0.0	0.0	0.0	0.149566	0.0	0.0	0.0	0.0	0.264442	0.0	0.0	0.0	0.735558	0.0	0.0	0.0	0.0	
250	380	5265.870255376	5008.278	5008.278	0.004009	0.0	128	0	0	0	248	0	0	0	0	0.053771	0.0	0.0	0.0	0.139399	0.0	0.0	0.0	0.0	0.039157	0.0	0.0	0.0	5184.98	0.0	0.0	0.0	0.0	0.000306	0.0	0.0	0.0	20.9072	0.0	0.0	0.0	0.0	13	0	0	0	61	0	0	0	0	1	0	0	0	4	0	0	0	0	16	0	0	0	178	0	0	0	0	27	0	0	0	5	0	0	0	0	2	0	0	0	0	0	0	0	0	69	0	0	0	0	0	0	0	0	0.053771	0.0	0.0	0.0	0.139399	0.0	0.0	0.0	0.0	0.27836	0.0	0.0	0.0	0.72164	0.0	0.0	0.0	0.0	
251	383	5446.015475097	5008.278	5008.278	0.003966	0.0	130	0	0	0	249	0	0	0	0	0.043554	0.0	0.0	0.0	0.130251	0.0	0.0	0.0	0.0	0.039711	0.0	0.0	0.0	5365.12	0.0	0.0	0.0	0.0	0.000305	0.0	0.0	0.0	21.5467	0.0	0.0	0.0	0.0	13	0	0	0	61	0	0	0	0	1	0	0	0	4	0	0	0	0	16	0	0	0	179	0	0	0	0	28	0	0	0	5	0	0	0	0	2	0	0	0	0	0	0	0	0	70	0	0	0	0	0	0	0	0	0.043554	0.0	0.0	0.0	0.130251	0.0	0.0	0.0	0.0	0.250592	0.0	0.0	0.0	0.749408	0.0	0.0	0.0	0.0	
252	384	5450.013607295	5006.278	5006.278	0.002804	0.0	130	0	0	0	250	0	0	0	0	0.043554	0.0	0.0	0.0	0.18828	0.0	0.0	0.0	0.0	0.039711	0.0	0.0	0.0	5369.12	0.0	0.0	0.0	0.0	0.000305	0.0	0.0	0.0	21.4765	0.0	0.0	0.0	0.0	13	0	0	0	62	0	0	0	0	1	0	0	0	4	0	0	0	0	16	0	0	0	179	0	0	0	0	28	0	0	0	5	0	0	0	0	2	0	0	0	0	0	0	0	0	70	0	0	0	0	0	0	0	0	0.043554	0.0	0.0	0.0	0.18828	0.0	0.0	0.0	0.0	0.187868	0.0	0.0	0.0	0.812132	0.0	0.0	0.0	0.0	
253	386	5460.744987848	5006.278	5006.278	0.002782	0.0	131	0	0	0	251	0	0	0	0	0.039199	0.0	0.0	0.0	0.176907	0.0	0.0	0.0	0.0	0.040288	0.0	0.0	0.0	5379.85	0.0	0.0	0.0	0.0	0.000308	0.0	0.0	0.0	21.4337	0.0	0.0	0.0	0.0	13	0	0	0	62	0	0	0	0	1	0	0	0	4	0	0	0	0	16	0	0	0	180	0	0	0	0	29	0	0	0	5	0	0	0	0	2	0	0	0	0	0	0	0	0	70	0	0	0	0	0	0	0	0	0.039199	0.0	0.0	0.0	0.176907	0.0	0.0	0.0	0.0	0.181388	0.0	0.0	0.0	0.818612	0.0	0.0	0.0	0.0	
254	387	5469.111519424	5006.278	5006.278	0.002726	0.0	131	0	0	0	252	0	0	0	0	0.039199	0.0	0.0	0.0	0.166101	0.0	0.0	0.0	0.0	0.040288	0.0	0.0	0.0	5388.22	0.0	0.0	0.0	0.0	0.000308	0.0	0.0	0.0	21.3818	0.0	0.0	0.0	0.0	13	0	0	0	62	0	0	0	0	1	0	0	0	4	0	0	0	0	16	0	0	0	181	0	0	0	0	29	0	0	0	5	0	0	0	0	2	0	0	0	0	0	0	0	0	70	0	0	0	0	0	0	0	0	0.039199	0.0	0.0	0.0	0.166101	0.0	0.0	0.0	0.0	0.190935	0.0	0.0	0.0	0.809065	0.0	0.0	0.0	0.0	
255	388	5477.088599154	5006.278	5006.278	0.002682	0.0	131	0	0	0	253	0	0	0	0	0.039199	0.0	0.0	0.0	0.155836	0.0	0.0	0.0	0.0	0.040288	0.0	0.0	0.0	5396.19	0.0	0.0	0.0	0.0	0.000308	0.0	0.0	0.0	21.3288	0.0	0.0	0.0	0.0	13	0	0	0	62	0	0	0	0	1	0	0	0	4	0	0	0	0	16	0	0	0	182	0	0	0	0	29	0	0	0	5	0	0	0	0	2	0	0	0	0	0	0	0	0	70	0	0	0	0	0	0	0	0	0.039199	0.0	0.0	0.0	0.155836	0.0	0.0	0.0	0.0	0.200984	0.0	0.0	0.0	0.799016	0.0	0.0	0.0	0.0	
256	389	5479.465095964	5006.278	5006.278	0.002641	0.0	131	0	0	0	254	0	0	0	0	0.039199	0.0	0.0	0.0	0.146084	0.0	0.0	0.0	0.0	0.040288	0.0	0.0	0.0	5398.57	0.0	0.0	0.0	0.0	0.000308	0.0	0.0	0.0	21.2542	0.0	0.0	0.0	0.0	13	0	0	0	62	0	0	0	0	1	0	0	0	4	0	0	0	0	16	0	0	0	183	0	0	0	0	29	0	0	0	5	0	0	0	0	2	0	0	0	0	0	0	0	0	70	0	0	0	0	0	0	0	0	0.039199	0.0	0.0	0.0	0.146084	0.0	0.0	0.0	0.0	0.211562	0.0	0.0	0.0	0.788438	0.0	0.0	0.0	0.0	
257	391	5495.073890932	5006.278	5006.278	0.002629	0.0	132	0	0	0	255	0	0	0	0	0.035279	0.0	0.0	0.0	0.137016	0.0	0.0	0.0	0.0	0.040518	0.0	0.0	0.0	5414.18	0.0	0.0	0.0	0.0	0.000307	0.0	0.0	0.0	21.2321	0.0	0.0	0.0	0.0	13	0	0	0	62	0	0	0	0	1	0	0	0	4	0	0	0	0	16	0	0	0	184	0	0	0	0	29	0	0	0	5	0	0	0	0	2	0	0	0	0	0	0	0	0	71	0	0	0	0	0	0	0	0	0.035279	0.0	0.0	0.0	0.137016	0.0	0.0	0.0	0.0	0.204759	0.0	0.0	0.0	0.795241	0.0	0.0	0.0	0.0	
258	392	5520.697253549	5006.278	5006.278	0.002551	0.0	132	0	0	0	256	0	0	0	0	0.035279	0.0	0.0	0.0	0.128402	0.0	0.0	0.0	0.0	0.040518	0.0	0.0	0.0	5439.8	0.0	0.0	0.0	0.0	0.000307	0.0	0.0	0.0	21.2492	0.0	0.0	0.0	0.0	13	0	0	0	62	0	0	0	0	1	0	0	0	4	0	0	0	0	16	0	0	0	185	0	0	0	0	29	0	0	0	5	0	0	0	0	2	0	0	0	0	0	0	0	0	71	0	0	0	0	0	0	0	0	0.035279	0.0	0.0	0.0	0.128402	0.0	0.0	0.0	0.0	0.215536	0.0	0.0	0.0	0.784464	0.0	0.0	0.0	0.0	
259	393	5524.187274453	5006.278	5006.278	0.002429	0.0	132	0	0	0	257	0	0	0	0	0.035279	0.0	0.0	0.0	0.120218	0.0	0.0	0.0	0.0	0.040518	0.0	0.0	0.0	5443.29	0.0	0.0	0.0	0.0	0.000307	0.0	0.0	0.0	21.1801	0.0	0.0	0.0	0.0	13	0	0	0	62	0	0	0	0	1	0	0	0	4	0	0	0	0	16	0	0	0	186	0	0	0	0	29	0	0	0	5	0	0	0	0	2	0	0	0	0	0	0	0	0	71	0	0	0	0	0	0	0	0	0.035279	0.0	0.0	0.0	0.120218	0.0	0.0	0.0	0.0	0.22688	0.0	0.0	0.0	0.77312	0.0	0.0	0.0	0.0	
260	396	5528.610728217	5006.278	5006.278	0.002412	0.0	134	0	0	0	258	0	0	0	0	0.028576	0.0	0.0	0.0	0.112778	0.0	0.0	0.0	0.0	0.041148	0.0	0.0	0.0	5447.71	0.0	0.0	0.0	0.0	0.000307	0.0	0.0	0.0	21.1152	0.0	0.0	0.0	0.0	13	0	0	0	62	0	0	0	0	1	0	0	0	4	0	0	0	0	16	0	0	0	187	0	0	0	0	30	0	0	0	5	0	0	0	0	2	0	0	0	0	0	0	0	0	72	0	0	0	0	0	0	0	0	0.028576	0.0	0.0	0.0	0.112778	0.0	0.0	0.0	0.0	0.20216	0.0	0.0	0.0	0.79784	0.0	0.0	0.0	0.0	
261	398	5532.667880708	5006.278	5006.278	0.002392	0.0	135	0	0	0	259	0	0	0	0	0.025718	0.0	0.0	0.0	0.105853	0.0	0.0	0.0	0.0	0.041332	0.0	0.0	0.0	5451.77	0.0	0.0	0.0	0.0	0.000306	0.0	0.0	0.0	21.0493	0.0	0.0	0.0	0.0	13	0	0	0	62	0	0	0	0	1	0	0	0	4	0	0	0	0	16	0	0	0	188	0	0	0	0	30	0	0	0	5	0	0	0	0	2	0	0	0	0	0	0	0	0	73	0	0	0	0	0	0	0	0	0.025718	0.0	0.0	0.0	0.105853	0.0	0.0	0.0	0.0	0.195471	0.0	0.0	0.0	0.804529	0.0	0.0	0.0	0.0	
262	399	5535.971692723	5006.278	5006.278	0.002373	0.0	135	0	0	0	260	0	0	0	0	0.025718	0.0	0.0	0.0	0.099274	0.0	0.0	0.0	0.0	0.041332	0.0	0.0	0.0	5455.08	0.0	0.0	0.0	0.0	0.000306	0.0	0.0	0.0	20.9811	0.0	0.0	0.0	0.0	13	0	0	0	62	0	0	0	0	1	0	0	0	4	0	0	0	0	16	0	0	0	189	0	0	0	0	30	0	0	0	5	0	0	0	0	2	0	0	0	0	0	0	0	0	73	0	0	0	0	0	0	0	0	0.025718	0.0	0.0	0.0	0.099274	0.0	0.0	0.0	0.0	0.205759	0.0	0.0	0.0	0.794241	0.0	0.0	0.0	0.0	
263	400	5540.325891149	5006.278	5006.278	0.002358	0.0	135	0	0	0	261	0	0	0	0	0.025718	0.0	0.0	0.0	0.093025	0.0	0.0	0.0	0.0	0.041332	0.0	0.0	0.0	5459.43	0.0	0.0	0.0	0.0	0.000306	0.0	0.0	0.0	20.9174	0.0	0.0	0.0	0.0	13	0	0	0	62	0	0	0	0	1	0	0	0	4	0	0	0	0	16	0	0	0	190	0	0	0	0	30	0	0	0	5	0	0	0	0	2	0	0	0	0	0	0	0	0	73	0	0	0	0	0	0	0	0	0.025718	0.0	0.0	0.0	0.093025	0.0	0.0	0.0	0.0	0.216589	0.0	0.0	0.0	0.783411	0.0	0.0	0.0	0.0	
264	402	5542.999397454	5006.278	5006.278	0.002338	0.0	136	0	0	0	262	0	0	0	0	0.023147	0.0	0.0	0.0	0.087216	0.0	0.0	0.0	0.0	0.041889	0.0	0.0	0.0	5462.1	0.0	0.0	0.0	0.0	0.000308	0.0	0.0	0.0	20.8477	0.0	0.0	0.0	0.0	13	0	0	0	62	0	0	0	0	1	0	0	0	4	0	0	0	0	16	0	0	0	191	0	0	0	0	31	0	0	0	5	0	0	0	0	2	0	0	0	0	0	0	0	0	73	0	0	0	0	0	0	0	0	0.023147	0.0	0.0	0.0	0.087216	0.0	0.0	0.0	0.0	0.209732	0.0	0.0	0.0	0.790268	0.0	0.0	0.0	0.0	
265	403	5547.50377333	5005.278	5005.278	0.002326	0.0	136	0	0	0	263	0	0	0	0	0.023147	0.0	0.0	0.0	0.144968	0.0	0.0	0.0	0.0	0.041889	0.0	0.0	0.0	5466.61	0.0	0.0	0.0	0.0	0.000308	0.0	0.0	0.0	20.7856	0.0	0.0	0.0	0.0	13	0	0	0	63	0	0	0	0	1	0	0	0	4	0	0	0	0	16	0	0	0	191	0	0	0	0	31	0	0	0	5	0	0	0	0	2	0	0	0	0	0	0	0	0	73	0	0	0	0	0	0	0	0	0.023147	0.0	0.0	0.0	0.144968	0.0	0.0	0.0	0.0	0.137684	0.0	0.0	0.0	0.862316	0.0	0.0	0.0	0.0	
266	404	5553.149000085	5005.278	5005.278	0.002306	0.0	136	0	0	0	264	0	0	0	0	0.023147	0.0	0.0	0.0	0.136562	0.0	0.0	0.0	0.0	0.041889	0.0	0.0	0.0	5472.25	0.0	0.0	0.0	0.0	0.000308	0.0	0.0	0.0	20.7282	0.0	0.0	0.0	0.0	13	0	0	0	63	0	0	0	0	1	0	0	0	4	0	0	0	0	16	0	0	0	192	0	0	0	0	31	0	0	0	5	0	0	0	0	2	0	0	0	0	0	0	0	0	73	0	0	0	0	0	0	0	0	0.023147	0.0	0.0	0.0	0.136562	0.0	0.0	0.0	0.0	0.14493	0.0	0.0	0.0	0.85507	0.0	0.0	0.0	0.0	
267	405	5560.868706722	5005.278	5005.278	0.002281	0.0	136	0	0	0	265	0	0	0	0	0.023147	0.0	0.0	0.0	0.128577	0.0	0.0	0.0	0.0	0.041889	0.0	0.0	0.0	5479.97	0.0	0.0	0.0	0.0	0.000308	0.0	0.0	0.0	20.6791	0.0	0.0	0.0	0.0	13	0	0	0	63	0	0	0	0	1	0	0	0	4	0	0	0	0	16	0	0	0	193	0	0	0	0	31	0	0	0	5	0	0	0	0	2	0	0	0	0	0	0	0	0	73	0	0	0	0	0	0	0	0	0.023147	0.0	0.0	0.0	0.128577	0.0	0.0	0.0	0.0	0.152558	0.0	0.0	0.0	0.847442	0.0	0.0	0.0	0.0	
268	406	5564.603676967	5005.278	5005.278	0.002248	0.0	136	0	0	0	266	0	0	0	0	0.023147	0.0	0.0	0.0	0.12099	0.0	0.0	0.0	0.0	0.041889	0.0	0.0	0.0	5483.71	0.0	0.0	0.0	0.0	0.000308	0.0	0.0	0.0	20.6154	0.0	0.0	0.0	0.0	13	0	0	0	63	0	0	0	0	1	0	0	0	4	0	0	0	0	16	0	0	0	194	0	0	0	0	31	0	0	0	5	0	0	0	0	2	0	0	0	0	0	0	0	0	73	0	0	0	0	0	0	0	0	0.023147	0.0	0.0	0.0	0.12099	0.0	0.0	0.0	0.0	0.160587	0.0	0.0	0.0	0.839413	0.0	0.0	0.0	0.0	
269	408	5574.86584857	5005.278	5005.278	0.002232	0.0	137	0	0	0	267	0	0	0	0	0.020832	0.0	0.0	0.0	0.113899	0.0	0.0	0.0	0.0	0.042331	0.0	0.0	0.0	5493.97	0.0	0.0	0.0	0.0	0.000309	0.0	0.0	0.0	20.5767	0.0	0.0	0.0	0.0	13	0	0	0	63	0	0	0	0	1	0	0	0	4	0	0	0	0	16	0	0	0	195	0	0	0	0	32	0	0	0	5	0	0	0	0	2	0	0	0	0	0	0	0	0	73	0	0	0	0	0	0	0	0	0.020832	0.0	0.0	0.0	0.113899	0.0	0.0	0.0	0.0	0.154618	0.0	0.0	0.0	0.845382	0.0	0.0	0.0	0.0	
270	409	5578.354234387	5005.278	5005.278	0.002188	0.0	137	0	0	0	268	0	0	0	0	0.020832	0.0	0.0	0.0	0.107163	0.0	0.0	0.0	0.0	0.042331	0.0	0.0	0.0	5497.46	0.0	0.0	0.0	0.0	0.000309	0.0	0.0	0.0	20.5129	0.0	0.0	0.0	0.0	13	0	0	0	63	0	0	0	0	1	0	0	0	4	0	0	0	0	16	0	0	0	196	0	0	0	0	32	0	0	0	5	0	0	0	0	2	0	0	0	0	0	0	0	0	73	0	0	0	0	0	0	0	0	0.020832	0.0	0.0	0.0	0.107163	0.0	0.0	0.0	0.0	0.162756	0.0	0.0	0.0	0.837244	0.0	0.0	0.0	0.0	
271	410	5582.260877263	5005.278	5005.278	0.002173	0.0	137	0	0	0	269	0	0	0	0	0.020832	0.0	0.0	0.0	0.100763	0.0	0.0	0.0	0.0	0.042331	0.0	0.0	0.0	5501.36	0.0	0.0	0.0	0.0	0.000309	0.0	0.0	0.0	20.4512	0.0	0.0	0.0	0.0	13	0	0	0	63	0	0	0	0	1	0	0	0	4	0	0	0	0	16	0	0	0	197	0	0	0	0	32	0	0	0	5	0	0	0	0	2	0	0	0	0	0	0	0	0	73	0	0	0	0	0	0	0	0	0.020832	0.0	0.0	0.0	0.100763	0.0	0.0	0.0	0.0	0.171322	0.0	0.0	0.0	0.828678	0.0	0.0	0.0	0.0	
272	411	5600.353329124	5005.278	5005.278	0.002157	0.0	137	0	0	0	270	0	0	0	0	0.020832	0.0	0.0	0.0	0.094683	0.0	0.0	0.0	0.0	0.042331	0.0	0.0	0.0	5519.46	0.0	0.0	0.0	0.0	0.000309	0.0	0.0	0.0	20.4424	0.0	0.0	0.0	0.0	13	0	0	0	63	0	0	0	0	1	0	0	0	4	0	0	0	0	16	0	0	0	198	0	0	0	0	32	0	0	0	5	0	0	0	0	2	0	0	0	0	0	0	0	0	73	0	0	0	0	0	0	0	0	0.020832	0.0	0.0	0.0	0.094683	0.0	0.0	0.0	0.0	0.180339	0.0	0.0	0.0	0.819661	0.0	0.0	0.0	0.0	
273	412	5607.851563448	5005.278	5005.278	0.002083	0.0	137	0	0	0	271	0	0	0	0	0.020832	0.0	0.0	0.0	0.088908	0.0	0.0	0.0	0.0	0.042331	0.0	0.0	0.0	5526.95	0.0	0.0	0.0	0.0	0.000309	0.0	0.0	0.0	20.3947	0.0	0.0	0.0	0.0	13	0	0	0	63	0	0	0	0	1	0	0	0	4	0	0	0	0	16	0	0	0	199	0	0	0	0	32	0	0	0	5	0	0	0	0	2	0	0	0	0	0	0	0	0	73	0	0	0	0	0	0	0	0	0.020832	0.0	0.0	0.0	0.088908	0.0	0.0	0.0	0.0	0.189831	0.0	0.0	0.0	0.810169	0.0	0.0	0.0	0.0	
274	413	5613.700601026	5005.278	5005.278	0.002054	0.0	137	0	0	0	272	0	0	0	0	0.020832	0.0	0.0	0.0	0.08342	0.0	0.0	0.0	0.0	0.042331	0.0	0.0	0.0	5532.8	0.0	0.0	0.0	0.0	0.000309	0.0	0.0	0.0	20.3412	0.0	0.0	0.0	0.0	13	0	0	0	63	0	0	0	0	1	0	0	0	4	0	0	0	0	16	0	0	0	200	0	0	0	0	32	0	0	0	5	0	0	0	0	2	0	0	0	0	0	0	0	0	73	0	0	0	0	0	0	0	0	0.020832	0.0	0.0	0.0	0.08342	0.0	0.0	0.0	0.0	0.199822	0.0	0.0	0.0	0.800178	0.0	0.0	0.0	0.0	
275	414	5620.836584547	5005.278	5005.278	0.002031	0.0	137	0	0	0	273	0	0	0	0	0.020832	0.0	0.0	0.0	0.078208	0.0	0.0	0.0	0.0	0.042331	0.0	0.0	0.0	5539.94	0.0	0.0	0.0	0.0	0.000309	0.0	0.0	0.0	20.2928	0.0	0.0	0.0	0.0	13	0	0	0	63	0	0	0	0	1	0	0	0	4	0	0	0	0	16	0	0	0	201	0	0	0	0	32	0	0	0	5	0	0	0	0	2	0	0	0	0	0	0	0	0	73	0	0	0	0	0	0	0	0	0.020832	0.0	0.0	0.0	0.078208	0.0	0.0	0.0	0.0	0.210339	0.0	0.0	0.0	0.789661	0.0	0.0	0.0	0.0	
276	415	5623.794873876	5005.278	5005.278	0.002003	0.0	137	0	0	0	274	0	0	0	0	0.020832	0.0	0.0	0.0	0.073256	0.0	0.0	0.0	0.0	0.042331	0.0	0.0	0.0	5542.9	0.0	0.0	0.0	0.0	0.000309	0.0	0.0	0.0	20.2296	0.0	0.0	0.0	0.0	13	0	0	0	63	0	0	0	0	1	0	0	0	4	0	0	0	0	16	0	0	0	202	0	0	0	0	32	0	0	0	5	0	0	0	0	2	0	0	0	0	0	0	0	0	73	0	0	0	0	0	0	0	0	0.020832	0.0	0.0	0.0	0.073256	0.0	0.0	0.0	0.0	0.221409	0.0	0.0	0.0	0.778591	0.0	0.0	0.0	0.0	
277	416	5629.716449171	5005.278	5005.278	0.001991	0.0	137	0	0	0	275	0	0	0	0	0.020832	0.0	0.0	0.0	0.068552	0.0	0.0	0.0	0.0	0.042331	0.0	0.0	0.0	5548.82	0.0	0.0	0.0	0.0	0.000309	0.0	0.0	0.0	20.1775	0.0	0.0	0.0	0.0	13	0	0	0	63	0	0	0	0	1	0	0	0	4	0	0	0	0	16	0	0	0	203	0	0	0	0	32	0	0	0	5	0	0	0	0	2	0	0	0	0	0	0	0	0	73	0	0	0	0	0	0	0	0	0.020832	0.0	0.0	0.0	0.068552	0.0	0.0	0.0	0.0	0.233062	0.0	0.0	0.0	0.766938	0.0	0.0	0.0	0.0	
278	417	5632.824199415	5005.278	5005.278	0.001969	0.0	137	0	0	0	276	0	0	0	0	0.020832	0.0	0.0	0.0	0.064082	0.0	0.0	0.0	0.0	0.042331	0.0	0.0	0.0	5551.93	0.0	0.0	0.0	0.0	0.000309	0.0	0.0	0.0	20.1157	0.0	0.0	0.0	0.0	13	0	0	0	63	0	0	0	0	1	0	0	0	4	0	0	0	0	16	0	0	0	204	0	0	0	0	32	0	0	0	5	0	0	0	0	2	0	0	0	0	0	0	0	0	73	0	0	0	0	0	0	0	0	0.020832	0.0	0.0	0.0	0.064082	0.0	0.0	0.0	0.0	0.245329	0.0	0.0	0.0	0.754671	0.0	0.0	0.0	0.0	
279	419	5638.453682166	5005.278	5005.278	0.001957	0.0	138	0	0	0	277	0	0	0	0	0.018749	0.0	0.0	0.0	0.059941	0.0	0.0	0.0	0.0	0.042556	0.0	0.0	0.0	5557.56	0.0	0.0	0.0	0.0	0.000308	0.0	0.0	0.0	20.0634	0.0	0.0	0.0	0.0	13	0	0	0	63	0	0	0	0	1	0	0	0	4	0	0	0	0	16	0	0	0	205	0	0	0	0	32	0	0	0	5	0	0	0	0	2	0	0	0	0	0	0	0	0	74	0	0	0	0	0	0	0	0	0.018749	0.0	0.0	0.0	0.059941	0.0	0.0	0.0	0.0	0.238262	0.0	0.0	0.0	0.761738	0.0	0.0	0.0	0.0	
280	420	5641.591783344	5005.278	5005.278	0.001936	0.0	138	0	0	0	278	0	0	0	0	0.018749	0.0	0.0	0.0	0.056006	0.0	0.0	0.0	0.0	0.042556	0.0	0.0	0.0	5560.69	0.0	0.0	0.0	0.0	0.000308	0.0	0.0	0.0	20.0025	0.0	0.0	0.0	0.0	13	0	0	0	63	0	0	0	0	1	0	0	0	4	0	0	0	0	16	0	0	0	206	0	0	0	0	32	0	0	0	5	0	0	0	0	2	0	0	0	0	0	0	0	0	74	0	0	0	0	0	0	0	0	0.018749	0.0	0.0	0.0	0.056006	0.0	0.0	0.0	0.0	0.250802	0.0	0.0	0.0	0.749198	0.0	0.0	0.0	0.0	
281	421	5648.707626674	5005.278	5005.278	0.001924	0.0	138	0	0	0	279	0	0	0	0	0.018749	0.0	0.0	0.0	0.052269	0.0	0.0	0.0	0.0	0.042556	0.0	0.0	0.0	5567.81	0.0	0.0	0.0	0.0	0.000308	0.0	0.0	0.0	19.9563	0.0	0.0	0.0	0.0	13	0	0	0	63	0	0	0	0	1	0	0	0	4	0	0	0	0	16	0	0	0	207	0	0	0	0	32	0	0	0	5	0	0	0	0	2	0	0	0	0	0	0	0	0	74	0	0	0	0	0	0	0	0	0.018749	0.0	0.0	0.0	0.052269	0.0	0.0	0.0	0.0	0.264002	0.0	0.0	0.0	0.735998	0.0	0.0	0.0	0.0	
282	423	5662.589256021	5005.278	5005.278	0.001898	0.0	139	0	0	0	280	0	0	0	0	0.016874	0.0	0.0	0.0	0.048812	0.0	0.0	0.0	0.0	0.042796	0.0	0.0	0.0	5581.69	0.0	0.0	0.0	0.0	0.000308	0.0	0.0	0.0	19.9346	0.0	0.0	0.0	0.0	13	0	0	0	63	0	0	0	0	1	0	0	0	4	0	0	0	0	16	0	0	0	208	0	0	0	0	32	0	0	0	5	0	0	0	0	2	0	0	0	0	0	0	0	0	75	0	0	0	0	0	0	0	0	0.016874	0.0	0.0	0.0	0.048812	0.0	0.0	0.0	0.0	0.256889	0.0	0.0	0.0	0.743111	0.0	0.0	0.0	0.0	
283	424	5665.772069493	5005.278	5005.278	0.001848	0.0	139	0	0	0	281	0	0	0	0	0.016874	0.0	0.0	0.0	0.045527	0.0	0.0	0.0	0.0	0.042796	0.0	0.0	0.0	5584.87	0.0	0.0	0.0	0.0	0.000308	0.0	0.0	0.0	19.875	0.0	0.0	0.0	0.0	13	0	0	0	63	0	0	0	0	1	0	0	0	4	0	0	0	0	16	0	0	0	209	0	0	0	0	32	0	0	0	5	0	0	0	0	2	0	0	0	0	0	0	0	0	75	0	0	0	0	0	0	0	0	0.016874	0.0	0.0	0.0	0.045527	0.0	0.0	0.0	0.0	0.27041	0.0	0.0	0.0	0.72959	0.0	0.0	0.0	0.0	
284	425	5712.359743704	5005.278	5005.278	0.001837	0.0	139	0	0	0	282	0	0	0	0	0.016874	0.0	0.0	0.0	0.042407	0.0	0.0	0.0	0.0	0.042796	0.0	0.0	0.0	5631.46	0.0	0.0	0.0	0.0	0.000308	0.0	0.0	0.0	19.9697	0.0	0.0	0.0	0.0	13	0	0	0	63	0	0	0	0	1	0	0	0	4	0	0	0	0	16	0	0	0	210	0	0	0	0	32	0	0	0	5	0	0	0	0	2	0	0	0	0	0	0	0	0	75	0	0	0	0	0	0	0	0	0.016874	0.0	0.0	0.0	0.042407	0.0	0.0	0.0	0.0	0.284642	0.0	0.0	0.0	0.715358	0.0	0.0	0.0	0.0	
285	426	5720.719638919	5005.278	5005.278	0.001679	0.0	139	0	0	0	283	0	0	0	0	0.016874	0.0	0.0	0.0	0.039443	0.0	0.0	0.0	0.0	0.042796	0.0	0.0	0.0	5639.82	0.0	0.0	0.0	0.0	0.000308	0.0	0.0	0.0	19.9287	0.0	0.0	0.0	0.0	13	0	0	0	63	0	0	0	0	1	0	0	0	4	0	0	0	0	16	0	0	0	211	0	0	0	0	32	0	0	0	5	0	0	0	0	2	0	0	0	0	0	0	0	0	75	0	0	0	0	0	0	0	0	0.016874	0.0	0.0	0.0	0.039443	0.0	0.0	0.0	0.0	0.299623	0.0	0.0	0.0	0.700377	0.0	0.0	0.0	0.0	
286	427	5731.322758143	5005.278	5005.278	0.001653	0.0	139	0	0	0	284	0	0	0	0	0.016874	0.0	0.0	0.0	0.036627	0.0	0.0	0.0	0.0	0.042796	0.0	0.0	0.0	5650.42	0.0	0.0	0.0	0.0	0.000308	0.0	0.0	0.0	19.8959	0.0	0.0	0.0	0.0	13	0	0	0	63	0	0	0	0	1	0	0	0	4	0	0	0	0	16	0	0	0	212	0	0	0	0	32	0	0	0	5	0	0	0	0	2	0	0	0	0	0	0	0	0	75	0	0	0	0	0	0	0	0	0.016874	0.0	0.0	0.0	0.036627	0.0	0.0	0.0	0.0	0.315393	0.0	0.0	0.0	0.684607	0.0	0.0	0.0	0.0	
287	428	5739.744035508	5005.278	5005.278	0.001619	0.0	139	0	0	0	285	0	0	0	0	0.016874	0.0	0.0	0.0	0.033952	0.0	0.0	0.0	0.0	0.042796	0.0	0.0	0.0	5658.85	0.0	0.0	0.0	0.0	0.000308	0.0	0.0	0.0	19.8556	0.0	0.0	0.0	0.0	13	0	0	0	63	0	0	0	0	1	0	0	0	4	0	0	0	0	16	0	0	0	213	0	0	0	0	32	0	0	0	5	0	0	0	0	2	0	0	0	0	0	0	0	0	75	0	0	0	0	0	0	0	0	0.016874	0.0	0.0	0.0	0.033952	0.0	0.0	0.0	0.0	0.331992	0.0	0.0	0.0	0.668008	0.0	0.0	0.0	0.0	
288	431	5743.976152206	5005.278	5005.278	0.001593	0.0	141	0	0	0	286	0	0	0	0	0.013668	0.0	0.0	0.0	0.031571	0.0	0.0	0.0	0.0	0.043155	0.0	0.0	0.0	5663.08	0.0	0.0	0.0	0.0	0.000306	0.0	0.0	0.0	19.801	0.0	0.0	0.0	0.0	13	0	0	0	63	0	0	0	0	1	0	0	0	4	0	0	0	0	16	0	0	0	214	0	0	0	0	32	0	0	0	5	0	0	0	0	2	0	0	0	0	0	0	0	0	77	0	0	0	0	0	0	0	0	0.013668	0.0	0.0	0.0	0.031571	0.0	0.0	0.0	0.0	0.302125	0.0	0.0	0.0	0.697875	0.0	0.0	0.0	0.0	
289	432	5819.183928019	5005.278	5005.278	0.00158	0.0	141	0	0	0	287	0	0	0	0	0.013668	0.0	0.0	0.0	0.029309	0.0	0.0	0.0	0.0	0.043155	0.0	0.0	0.0	5738.28	0.0	0.0	0.0	0.0	0.000306	0.0	0.0	0.0	19.994	0.0	0.0	0.0	0.0	13	0	0	0	63	0	0	0	0	1	0	0	0	4	0	0	0	0	16	0	0	0	215	0	0	0	0	32	0	0	0	5	0	0	0	0	2	0	0	0	0	0	0	0	0	77	0	0	0	0	0	0	0	0	0.013668	0.0	0.0	0.0	0.029309	0.0	0.0	0.0	0.0	0.318026	0.0	0.0	0.0	0.681974	0.0	0.0	0.0	0.0	
290	434	5824.269610888	5005.278	5005.278	0.001367	0.0	142	0	0	0	288	0	0	0	0	0.012301	0.0	0.0	0.0	0.027229	0.0	0.0	0.0	0.0	0.043408	0.0	0.0	0.0	5743.37	0.0	0.0	0.0	0.0	0.000306	0.0	0.0	0.0	19.9423	0.0	0.0	0.0	0.0	13	0	0	0	63	0	0	0	0	1	0	0	0	4	0	0	0	0	16	0	0	0	216	0	0	0	0	32	0	0	0	5	0	0	0	0	2	0	0	0	0	0	0	0	0	78	0	0	0	0	0	0	0	0	0.012301	0.0	0.0	0.0	0.027229	0.0	0.0	0.0	0.0	0.311184	0.0	0.0	0.0	0.688816	0.0	0.0	0.0	0.0	
291	435	5830.639066959	5005.278	5005.278	0.001354	0.0	142	0	0	0	289	0	0	0	0	0.012301	0.0	0.0	0.0	0.025252	0.0	0.0	0.0	0.0	0.043408	0.0	0.0	0.0	5749.74	0.0	0.0	0.0	0.0	0.000306	0.0	0.0	0.0	19.8953	0.0	0.0	0.0	0.0	13	0	0	0	63	0	0	0	0	1	0	0	0	4	0	0	0	0	16	0	0	0	217	0	0	0	0	32	0	0	0	5	0	0	0	0	2	0	0	0	0	0	0	0	0	78	0	0	0	0	0	0	0	0	0.012301	0.0	0.0	0.0	0.025252	0.0	0.0	0.0	0.0	0.327562	0.0	0.0	0.0	0.672438	0.0	0.0	0.0	0.0	
292	436	5834.138798875	5005.278	5005.278	0.001337	0.0	142	0	0	0	290	0	0	0	0	0.012301	0.0	0.0	0.0	0.023375	0.0	0.0	0.0	0.0	0.043408	0.0	0.0	0.0	5753.24	0.0	0.0	0.0	0.0	0.000306	0.0	0.0	0.0	19.8388	0.0	0.0	0.0	0.0	13	0	0	0	63	0	0	0	0	1	0	0	0	4	0	0	0	0	16	0	0	0	218	0	0	0	0	32	0	0	0	5	0	0	0	0	2	0	0	0	0	0	0	0	0	78	0	0	0	0	0	0	0	0	0.012301	0.0	0.0	0.0	0.023375	0.0	0.0	0.0	0.0	0.344803	0.0	0.0	0.0	0.655197	0.0	0.0	0.0	0.0	
293	438	5836.642472339	5003.278	5003.278	0.001328	0.0	143	0	0	0	291	0	0	0	0	0.011071	0.0	0.0	0.0	0.095334	0.0	0.0	0.0	0.0	0.043602	0.0	0.0	0.0	5755.74	0.0	0.0	0.0	0.0	0.000305	0.0	0.0	0.0	19.7792	0.0	0.0	0.0	0.0	13	0	0	0	64	0	0	0	0	1	0	0	0	4	0	0	0	0	16	0	0	0	218	0	0	0	0	32	0	0	0	5	0	0	0	0	2	0	0	0	0	0	0	0	0	79	0	0	0	0	0	0	0	0	0.011071	0.0	0.0	0.0	0.095334	0.0	0.0	0.0	0.0	0.104045	0.0	0.0	0.0	0.895955	0.0	0.0	0.0	0.0	
294	439	5840.59975211	5003.278	5003.278	0.001322	0.0	143	0	0	0	292	0	0	0	0	0.011071	0.0	0.0	0.0	0.090014	0.0	0.0	0.0	0.0	0.043602	0.0	0.0	0.0	5759.7	0.0	0.0	0.0	0.0	0.000305	0.0	0.0	0.0	19.725	0.0	0.0	0.0	0.0	13	0	0	0	64	0	0	0	0	1	0	0	0	4	0	0	0	0	16	0	0	0	219	0	0	0	0	32	0	0	0	5	0	0	0	0	2	0	0	0	0	0	0	0	0	79	0	0	0	0	0	0	0	0	0.011071	0.0	0.0	0.0	0.090014	0.0	0.0	0.0	0.0	0.109522	0.0	0.0	0.0	0.890478	0.0	0.0	0.0	0.0	
295	440	5851.731526071	5003.278	5003.278	0.001312	0.0	143	0	0	0	293	0	0	0	0	0.011071	0.0	0.0	0.0	0.084959	0.0	0.0	0.0	0.0	0.043602	0.0	0.0	0.0	5770.83	0.0	0.0	0.0	0.0	0.000305	0.0	0.0	0.0	19.6957	0.0	0.0	0.0	0.0	13	0	0	0	64	0	0	0	0	1	0	0	0	4	0	0	0	0	16	0	0	0	220	0	0	0	0	32	0	0	0	5	0	0	0	0	2	0	0	0	0	0	0	0	0	79	0	0	0	0	0	0	0	0	0.011071	0.0	0.0	0.0	0.084959	0.0	0.0	0.0	0.0	0.115286	0.0	0.0	0.0	0.884714	0.0	0.0	0.0	0.0	
296	441	5854.026179139	5003.278	5003.278	0.001284	0.0	143	0	0	0	294	0	0	0	0	0.011071	0.0	0.0	0.0	0.080158	0.0	0.0	0.0	0.0	0.043602	0.0	0.0	0.0	5773.13	0.0	0.0	0.0	0.0	0.000305	0.0	0.0	0.0	19.6365	0.0	0.0	0.0	0.0	13	0	0	0	64	0	0	0	0	1	0	0	0	4	0	0	0	0	16	0	0	0	221	0	0	0	0	32	0	0	0	5	0	0	0	0	2	0	0	0	0	0	0	0	0	79	0	0	0	0	0	0	0	0	0.011071	0.0	0.0	0.0	0.080158	0.0	0.0	0.0	0.0	0.121354	0.0	0.0	0.0	0.878646	0.0	0.0	0.0	0.0	
297	442	5858.844783293	5003.278	5003.278	0.001279	0.0	143	0	0	0	295	0	0	0	0	0.011071	0.0	0.0	0.0	0.075596	0.0	0.0	0.0	0.0	0.043602	0.0	0.0	0.0	5777.95	0.0	0.0	0.0	0.0	0.000305	0.0	0.0	0.0	19.5863	0.0	0.0	0.0	0.0	13	0	0	0	64	0	0	0	0	1	0	0	0	4	0	0	0	0	16	0	0	0	222	0	0	0	0	32	0	0	0	5	0	0	0	0	2	0	0	0	0	0	0	0	0	79	0	0	0	0	0	0	0	0	0.011071	0.0	0.0	0.0	0.075596	0.0	0.0	0.0	0.0	0.127741	0.0	0.0	0.0	0.872259	0.0	0.0	0.0	0.0	
298	443	5866.231781855	5003.278	5003.278	0.001267	0.0	143	0	0	0	296	0	0	0	0	0.011071	0.0	0.0	0.0	0.071263	0.0	0.0	0.0	0.0	0.043602	0.0	0.0	0.0	5785.33	0.0	0.0	0.0	0.0	0.000305	0.0	0.0	0.0	19.545	0.0	0.0	0.0	0.0	13	0	0	0	64	0	0	0	0	1	0	0	0	4	0	0	0	0	16	0	0	0	223	0	0	0	0	32	0	0	0	5	0	0	0	0	2	0	0	0	0	0	0	0	0	79	0	0	0	0	0	0	0	0	0.011071	0.0	0.0	0.0	0.071263	0.0	0.0	0.0	0.0	0.134464	0.0	0.0	0.0	0.865536	0.0	0.0	0.0	0.0	
299	444	6009.317710707	5003.278	5003.278	0.001249	0.0	143	0	0	0	297	0	0	0	0	0.011071	0.0	0.0	0.0	0.067146	0.0	0.0	0.0	0.0	0.043602	0.0	0.0	0.0	5928.42	0.0	0.0	0.0	0.0	0.000305	0.0	0.0	0.0	19.961	0.0	0.0	0.0	0.0	13	0	0	0	64	0	0	0	0	1	0	0	0	4	0	0	0	0	16	0	0	0	224	0	0	0	0	32	0	0	0	5	0	0	0	0	2	0	0	0	0	0	0	0	0	79	0	0	0	0	0	0	0	0	0.011071	0.0	0.0	0.0	0.067146	0.0	0.0	0.0	0.0	0.141541	0.0	0.0	0.0	0.858459	0.0	0.0	0.0	0.0	
300	445	6014.586803393	5003.278	5003.278	0.000948	0.0	143	0	0	0	298	0	0	0	0	0.011071	0.0	0.0	0.0	0.063236	0.0	0.0	0.0	0.0	0.043602	0.0	0.0	0.0	5933.69	0.0	0.0	0.0	0.0	0.000305	0.0	0.0	0.0	19.9117	0.0	0.0	0.0	0.0	13	0	0	0	64	0	0	0	0	1	0	0	0	4	0	0	0	0	16	0	0	0	225	0	0	0	0	32	0	0	0	5	0	0	0	0	2	0	0	0	0	0	0	0	0	79	0	0	0	0	0	0	0	0	0.011071	0.0	0.0	0.0	0.063236	0.0	0.0	0.0	0.0	0.14899	0.0	0.0	0.0	0.85101	0.0	0.0	0.0	0.0	
301	446	6022.416220246	5003.278	5003.278	0.000939	0.0	143	0	0	0	299	0	0	0	0	0.011071	0.0	0.0	0.0	0.05952	0.0	0.0	0.0	0.0	0.043602	0.0	0.0	0.0	5941.52	0.0	0.0	0.0	0.0	0.000305	0.0	0.0	0.0	19.8713	0.0	0.0	0.0	0.0	13	0	0	0	64	0	0	0	0	1	0	0	0	4	0	0	0	0	16	0	0	0	226	0	0	0	0	32	0	0	0	5	0	0	0	0	2	0	0	0	0	0	0	0	0	79	0	0	0	0	0	0	0	0	0.011071	0.0	0.0	0.0	0.05952	0.0	0.0	0.0	0.0	0.156832	0.0	0.0	0.0	0.843168	0.0	0.0	0.0	0.0	
302	447	6047.596635143	5003.278	5003.278	0.000925	0.0	143	0	0	0	300	0	0	0	0	0.011071	0.0	0.0	0.0	0.055991	0.0	0.0	0.0	0.0	0.043602	0.0	0.0	0.0	5966.7	0.0	0.0	0.0	0.0	0.000305	0.0	0.0	0.0	19.889	0.0	0.0	0.0	0.0	13	0	0	0	64	0	0	0	0	1	0	0	0	4	0	0	0	0	16	0	0	0	227	0	0	0	0	32	0	0	0	5	0	0	0	0	2	0	0	0	0	0	0	0	0	79	0	0	0	0	0	0	0	0	0.011071	0.0	0.0	0.0	0.055991	0.0	0.0	0.0	0.0	0.165086	0.0	0.0	0.0	0.834914	0.0	0.0	0.0	0.0	
303	448	6091.879343173	5002.278	5002.278	0.000881	0.0	143	0	0	0	301	0	0	0	0	0.011071	0.0	0.0	0.0	0.112524	0.0	0.0	0.0	0.0	0.043602	0.0	0.0	0.0	6010.98	0.0	0.0	0.0	0.0	0.000305	0.0	0.0	0.0	19.97	0.0	0.0	0.0	0.0	13	0	0	0	65	0	0	0	0	1	0	0	0	4	0	0	0	0	16	0	0	0	227	0	0	0	0	32	0	0	0	5	0	0	0	0	2	0	0	0	0	0	0	0	0	79	0	0	0	0	0	0	0	0	0.011071	0.0	0.0	0.0	0.112524	0.0	0.0	0.0	0.0	0.089574	0.0	0.0	0.0	0.910426	0.0	0.0	0.0	0.0	
304	449	6096.869118978	5002.278	5002.278	0.000809	0.0	143	0	0	0	302	0	0	0	0	0.011071	0.0	0.0	0.0	0.106344	0.0	0.0	0.0	0.0	0.043602	0.0	0.0	0.0	6015.97	0.0	0.0	0.0	0.0	0.000305	0.0	0.0	0.0	19.9204	0.0	0.0	0.0	0.0	13	0	0	0	65	0	0	0	0	1	0	0	0	4	0	0	0	0	16	0	0	0	228	0	0	0	0	32	0	0	0	5	0	0	0	0	2	0	0	0	0	0	0	0	0	79	0	0	0	0	0	0	0	0	0.011071	0.0	0.0	0.0	0.106344	0.0	0.0	0.0	0.0	0.094289	0.0	0.0	0.0	0.905711	0.0	0.0	0.0	0.0	
305	451	6105.131436282	5002.278	5002.278	0.000801	0.0	144	0	0	0	303	0	0	0	0	0.009964	0.0	0.0	0.0	0.100529	0.0	0.0	0.0	0.0	0.04384	0.0	0.0	0.0	6024.23	0.0	0.0	0.0	0.0	0.000304	0.0	0.0	0.0	19.882	0.0	0.0	0.0	0.0	13	0	0	0	65	0	0	0	0	1	0	0	0	4	0	0	0	0	16	0	0	0	229	0	0	0	0	32	0	0	0	5	0	0	0	0	2	0	0	0	0	0	0	0	0	80	0	0	0	0	0	0	0	0	0.009964	0.0	0.0	0.0	0.100529	0.0	0.0	0.0	0.0	0.090176	0.0	0.0	0.0	0.909823	0.0	0.0	0.0	0.0	
306	452	6108.100128449	5002.278	5002.278	0.000789	0.0	144	0	0	0	304	0	0	0	0	0.009964	0.0	0.0	0.0	0.095004	0.0	0.0	0.0	0.0	0.04384	0.0	0.0	0.0	6027.2	0.0	0.0	0.0	0.0	0.000304	0.0	0.0	0.0	19.8263	0.0	0.0	0.0	0.0	13	0	0	0	65	0	0	0	0	1	0	0	0	4	0	0	0	0	16	0	0	0	230	0	0	0	0	32	0	0	0	5	0	0	0	0	2	0	0	0	0	0	0	0	0	80	0	0	0	0	0	0	0	0	0.009964	0.0	0.0	0.0	0.095004	0.0	0.0	0.0	0.0	0.094923	0.0	0.0	0.0	0.905077	0.0	0.0	0.0	0.0	
307	453	6112.438090084	5002.278	5002.278	0.000784	0.0	144	0	0	0	305	0	0	0	0	0.009964	0.0	0.0	0.0	0.089756	0.0	0.0	0.0	0.0	0.04384	0.0	0.0	0.0	6031.54	0.0	0.0	0.0	0.0	0.000304	0.0	0.0	0.0	19.7755	0.0	0.0	0.0	0.0	13	0	0	0	65	0	0	0	0	1	0	0	0	4	0	0	0	0	16	0	0	0	231	0	0	0	0	32	0	0	0	5	0	0	0	0	2	0	0	0	0	0	0	0	0	80	0	0	0	0	0	0	0	0	0.009964	0.0	0.0	0.0	0.089756	0.0	0.0	0.0	0.0	0.099919	0.0	0.0	0.0	0.900081	0.0	0.0	0.0	0.0	
308	455	6115.015666031	5002.278	5002.278	0.000778	0.0	145	0	0	0	306	0	0	0	0	0.008967	0.0	0.0	0.0	0.08482	0.0	0.0	0.0	0.0	0.044068	0.0	0.0	0.0	6034.12	0.0	0.0	0.0	0.0	0.000304	0.0	0.0	0.0	19.7193	0.0	0.0	0.0	0.0	13	0	0	0	65	0	0	0	0	1	0	0	0	4	0	0	0	0	16	0	0	0	232	0	0	0	0	32	0	0	0	5	0	0	0	0	2	0	0	0	0	0	0	0	0	81	0	0	0	0	0	0	0	0	0.008967	0.0	0.0	0.0	0.08482	0.0	0.0	0.0	0.0	0.095615	0.0	0.0	0.0	0.904385	0.0	0.0	0.0	0.0	
309	456	6120.361275058	5002.278	5002.278	0.000774	0.0	145	0	0	0	307	0	0	0	0	0.008967	0.0	0.0	0.0	0.08013	0.0	0.0	0.0	0.0	0.044068	0.0	0.0	0.0	6039.46	0.0	0.0	0.0	0.0	0.000304	0.0	0.0	0.0	19.6725	0.0	0.0	0.0	0.0	13	0	0	0	65	0	0	0	0	1	0	0	0	4	0	0	0	0	16	0	0	0	233	0	0	0	0	32	0	0	0	5	0	0	0	0	2	0	0	0	0	0	0	0	0	81	0	0	0	0	0	0	0	0	0.008967	0.0	0.0	0.0	0.08013	0.0	0.0	0.0	0.0	0.100647	0.0	0.0	0.0	0.899353	0.0	0.0	0.0	0.0	
310	457	6124.209459328	5002.278	5002.278	0.000766	0.0	145	0	0	0	308	0	0	0	0	0.008967	0.0	0.0	0.0	0.075675	0.0	0.0	0.0	0.0	0.044068	0.0	0.0	0.0	6043.31	0.0	0.0	0.0	0.0	0.000304	0.0	0.0	0.0	19.6211	0.0	0.0	0.0	0.0	13	0	0	0	65	0	0	0	0	1	0	0	0	4	0	0	0	0	16	0	0	0	234	0	0	0	0	32	0	0	0	5	0	0	0	0	2	0	0	0	0	0	0	0	0	81	0	0	0	0	0	0	0	0	0.008967	0.0	0.0	0.0	0.075675	0.0	0.0	0.0	0.0	0.105945	0.0	0.0	0.0	0.894055	0.0	0.0	0.0	0.0	
311	458	6126.504744934	5002.278	5002.278	0.00076	0.0	145	0	0	0	309	0	0	0	0	0.008967	0.0	0.0	0.0	0.071443	0.0	0.0	0.0	0.0	0.044068	0.0	0.0	0.0	6045.6	0.0	0.0	0.0	0.0	0.000304	0.0	0.0	0.0	19.5651	0.0	0.0	0.0	0.0	13	0	0	0	65	0	0	0	0	1	0	0	0	4	0	0	0	0	16	0	0	0	235	0	0	0	0	32	0	0	0	5	0	0	0	0	2	0	0	0	0	0	0	0	0	81	0	0	0	0	0	0	0	0	0.008967	0.0	0.0	0.0	0.071443	0.0	0.0	0.0	0.0	0.111521	0.0	0.0	0.0	0.888479	0.0	0.0	0.0	0.0	
312	459	6128.960233687	5002.278	5002.278	0.000757	0.0	145	0	0	0	310	0	0	0	0	0.008967	0.0	0.0	0.0	0.067423	0.0	0.0	0.0	0.0	0.044068	0.0	0.0	0.0	6048.06	0.0	0.0	0.0	0.0	0.000304	0.0	0.0	0.0	19.5099	0.0	0.0	0.0	0.0	13	0	0	0	65	0	0	0	0	1	0	0	0	4	0	0	0	0	16	0	0	0	236	0	0	0	0	32	0	0	0	5	0	0	0	0	2	0	0	0	0	0	0	0	0	81	0	0	0	0	0	0	0	0	0.008967	0.0	0.0	0.0	0.067423	0.0	0.0	0.0	0.0	0.11739	0.0	0.0	0.0	0.88261	0.0	0.0	0.0	0.0	
313	460	6149.010750637	5002.278	5002.278	0.000753	0.0	145	0	0	0	311	0	0	0	0	0.008967	0.0	0.0	0.0	0.063603	0.0	0.0	0.0	0.0	0.044068	0.0	0.0	0.0	6068.11	0.0	0.0	0.0	0.0	0.000304	0.0	0.0	0.0	19.5116	0.0	0.0	0.0	0.0	13	0	0	0	65	0	0	0	0	1	0	0	0	4	0	0	0	0	16	0	0	0	237	0	0	0	0	32	0	0	0	5	0	0	0	0	2	0	0	0	0	0	0	0	0	81	0	0	0	0	0	0	0	0	0.008967	0.0	0.0	0.0	0.063603	0.0	0.0	0.0	0.0	0.123569	0.0	0.0	0.0	0.876431	0.0	0.0	0.0	0.0	
314	461	6329.150531876	4998.278	4998.278	0.000725	0.0	145	0	0	0	312	0	0	0	0	0.008967	0.0	0.0	0.0	0.117024	0.0	0.0	0.0	0.0	0.044068	0.0	0.0	0.0	6248.25	0.0	0.0	0.0	0.0	0.000304	0.0	0.0	0.0	20.0264	0.0	0.0	0.0	0.0	13	0	0	0	66	0	0	0	0	1	0	0	0	4	0	0	0	0	16	0	0	0	237	0	0	0	0	32	0	0	0	5	0	0	0	0	2	0	0	0	0	0	0	0	0	81	0	0	0	0	0	0	0	0	0.008967	0.0	0.0	0.0	0.117024	0.0	0.0	0.0	0.0	0.071175	0.0	0.0	0.0	0.928825	0.0	0.0	0.0	0.0	
315	462	6331.400493888	4998.278	4998.278	0.000512	0.0	145	0	0	0	313	0	0	0	0	0.008967	0.0	0.0	0.0	0.110725	0.0	0.0	0.0	0.0	0.044068	0.0	0.0	0.0	6250.5	0.0	0.0	0.0	0.0	0.000304	0.0	0.0	0.0	19.9696	0.0	0.0	0.0	0.0	13	0	0	0	66	0	0	0	0	1	0	0	0	4	0	0	0	0	16	0	0	0	238	0	0	0	0	32	0	0	0	5	0	0	0	0	2	0	0	0	0	0	0	0	0	81	0	0	0	0	0	0	0	0	0.008967	0.0	0.0	0.0	0.110725	0.0	0.0	0.0	0.0	0.074921	0.0	0.0	0.0	0.925079	0.0	0.0	0.0	0.0	
316	463	6333.92117563	4998.278	4998.278	0.00051	0.0	145	0	0	0	314	0	0	0	0	0.008967	0.0	0.0	0.0	0.10474	0.0	0.0	0.0	0.0	0.044068	0.0	0.0	0.0	6253.02	0.0	0.0	0.0	0.0	0.000304	0.0	0.0	0.0	19.9141	0.0	0.0	0.0	0.0	13	0	0	0	66	0	0	0	0	1	0	0	0	4	0	0	0	0	16	0	0	0	239	0	0	0	0	32	0	0	0	5	0	0	0	0	2	0	0	0	0	0	0	0	0	81	0	0	0	0	0	0	0	0	0.008967	0.0	0.0	0.0	0.10474	0.0	0.0	0.0	0.0	0.078864	0.0	0.0	0.0	0.921136	0.0	0.0	0.0	0.0	
317	464	6339.180650838	4998.278	4998.278	0.000508	0.0	145	0	0	0	315	0	0	0	0	0.008967	0.0	0.0	0.0	0.099055	0.0	0.0	0.0	0.0	0.044068	0.0	0.0	0.0	6258.28	0.0	0.0	0.0	0.0	0.000304	0.0	0.0	0.0	19.8676	0.0	0.0	0.0	0.0	13	0	0	0	66	0	0	0	0	1	0	0	0	4	0	0	0	0	16	0	0	0	240	0	0	0	0	32	0	0	0	5	0	0	0	0	2	0	0	0	0	0	0	0	0	81	0	0	0	0	0	0	0	0	0.008967	0.0	0.0	0.0	0.099055	0.0	0.0	0.0	0.0	0.083015	0.0	0.0	0.0	0.916985	0.0	0.0	0.0	0.0	
318	465	6360.415218773	4997.278	4997.278	0.000503	0.0	145	0	0	0	316	0	0	0	0	0.008967	0.0	0.0	0.0	0.14818	0.0	0.0	0.0	0.0	0.044068	0.0	0.0	0.0	6279.51	0.0	0.0	0.0	0.0	0.000304	0.0	0.0	0.0	19.8719	0.0	0.0	0.0	0.0	13	0	0	0	67	0	0	0	0	1	0	0	0	4	0	0	0	0	16	0	0	0	240	0	0	0	0	32	0	0	0	5	0	0	0	0	2	0	0	0	0	0	0	0	0	81	0	0	0	0	0	0	0	0	0.008967	0.0	0.0	0.0	0.14818	0.0	0.0	0.0	0.0	0.057064	0.0	0.0	0.0	0.942936	0.0	0.0	0.0	0.0	
319	466	6365.971017302	4997.278	4997.278	0.000482	0.0	145	0	0	0	317	0	0	0	0	0.008967	0.0	0.0	0.0	0.140323	0.0	0.0	0.0	0.0	0.044068	0.0	0.0	0.0	6285.07	0.0	0.0	0.0	0.0	0.000304	0.0	0.0	0.0	19.8267	0.0	0.0	0.0	0.0	13	0	0	0	67	0	0	0	0	1	0	0	0	4	0	0	0	0	16	0	0	0	241	0	0	0	0	32	0	0	0	5	0	0	0	0	2	0	0	0	0	0	0	0	0	81	0	0	0	0	0	0	0	0	0.008967	0.0	0.0	0.0	0.140323	0.0	0.0	0.0	0.0	0.060067	0.0	0.0	0.0	0.939933	0.0	0.0	0.0	0.0	
320	467	6368.93491019	4997.278	4997.278	0.000477	0.0	145	0	0	0	318	0	0	0	0	0.008967	0.0	0.0	0.0	0.132858	0.0	0.0	0.0	0.0	0.044068	0.0	0.0	0.0	6288.03	0.0	0.0	0.0	0.0	0.000304	0.0	0.0	0.0	19.7737	0.0	0.0	0.0	0.0	13	0	0	0	67	0	0	0	0	1	0	0	0	4	0	0	0	0	16	0	0	0	242	0	0	0	0	32	0	0	0	5	0	0	0	0	2	0	0	0	0	0	0	0	0	81	0	0	0	0	0	0	0	0	0.008967	0.0	0.0	0.0	0.132858	0.0	0.0	0.0	0.0	0.063229	0.0	0.0	0.0	0.936771	0.0	0.0	0.0	0.0	
321	468	6371.588727528	4997.278	4997.278	0.000475	0.0	145	0	0	0	319	0	0	0	0	0.008967	0.0	0.0	0.0	0.125767	0.0	0.0	0.0	0.0	0.044068	0.0	0.0	0.0	6290.69	0.0	0.0	0.0	0.0	0.000304	0.0	0.0	0.0	19.72	0.0	0.0	0.0	0.0	13	0	0	0	67	0	0	0	0	1	0	0	0	4	0	0	0	0	16	0	0	0	243	0	0	0	0	32	0	0	0	5	0	0	0	0	2	0	0	0	0	0	0	0	0	81	0	0	0	0	0	0	0	0	0.008967	0.0	0.0	0.0	0.125767	0.0	0.0	0.0	0.0	0.066557	0.0	0.0	0.0	0.933443	0.0	0.0	0.0	0.0	
322	469	6379.69415606	4997.278	4997.278	0.000472	0.0	145	0	0	0	320	0	0	0	0	0.008967	0.0	0.0	0.0	0.11903	0.0	0.0	0.0	0.0	0.044068	0.0	0.0	0.0	6298.79	0.0	0.0	0.0	0.0	0.000304	0.0	0.0	0.0	19.6837	0.0	0.0	0.0	0.0	13	0	0	0	67	0	0	0	0	1	0	0	0	4	0	0	0	0	16	0	0	0	244	0	0	0	0	32	0	0	0	5	0	0	0	0	2	0	0	0	0	0	0	0	0	81	0	0	0	0	0	0	0	0	0.008967	0.0	0.0	0.0	0.11903	0.0	0.0	0.0	0.0	0.07006	0.0	0.0	0.0	0.92994	0.0	0.0	0.0	0.0	
323	470	6383.41604853	4997.278	4997.278	0.000465	0.0	145	0	0	0	321	0	0	0	0	0.008967	0.0	0.0	0.0	0.11263	0.0	0.0	0.0	0.0	0.044068	0.0	0.0	0.0	6302.52	0.0	0.0	0.0	0.0	0.000304	0.0	0.0	0.0	19.634	0.0	0.0	0.0	0.0	13	0	0	0	67	0	0	0	0	1	0	0	0	4	0	0	0	0	16	0	0	0	245	0	0	0	0	32	0	0	0	5	0	0	0	0	2	0	0	0	0	0	0	0	0	81	0	0	0	0	0	0	0	0	0.008967	0.0	0.0	0.0	0.11263	0.0	0.0	0.0	0.0	0.073747	0.0	0.0	0.0	0.926253	0.0	0.0	0.0	0.0	
324	471	6393.042804907	4997.278	4997.278	0.000462	0.0	145	0	0	0	322	0	0	0	0	0.008967	0.0	0.0	0.0	0.10655	0.0	0.0	0.0	0.0	0.044068	0.0	0.0	0.0	6312.14	0.0	0.0	0.0	0.0	0.000304	0.0	0.0	0.0	19.6029	0.0	0.0	0.0	0.0	13	0	0	0	67	0	0	0	0	1	0	0	0	4	0	0	0	0	16	0	0	0	246	0	0	0	0	32	0	0	0	5	0	0	0	0	2	0	0	0	0	0	0	0	0	81	0	0	0	0	0	0	0	0	0.008967	0.0	0.0	0.0	0.10655	0.0	0.0	0.0	0.0	0.077628	0.0	0.0	0.0	0.922372	0.0	0.0	0.0	0.0	
325	472	6413.088167261	4997.278	4997.278	0.000453	0.0	145	0	0	0	323	0	0	0	0	0.008967	0.0	0.0	0.0	0.100775	0.0	0.0	0.0	0.0	0.044068	0.0	0.0	0.0	6332.19	0.0	0.0	0.0	0.0	0.000304	0.0	0.0	0.0	19.6043	0.0	0.0	0.0	0.0	13	0	0	0	67	0	0	0	0	1	0	0	0	4	0	0	0	0	16	0	0	0	247	0	0	0	0	32	0	0	0	5	0	0	0	0	2	0	0	0	0	0	0	0	0	81	0	0	0	0	0	0	0	0	0.008967	0.0	0.0	0.0	0.100775	0.0	0.0	0.0	0.0	0.081714	0.0	0.0	0.0	0.918286	0.0	0.0	0.0	0.0	
326	473	6421.118998439	4997.278	4997.278	0.000436	0.0	145	0	0	0	324	0	0	0	0	0.008967	0.0	0.0	0.0	0.095287	0.0	0.0	0.0	0.0	0.044068	0.0	0.0	0.0	6340.22	0.0	0.0	0.0	0.0	0.000304	0.0	0.0	0.0	19.5686	0.0	0.0	0.0	0.0	13	0	0	0	67	0	0	0	0	1	0	0	0	4	0	0	0	0	16	0	0	0	248	0	0	0	0	32	0	0	0	5	0	0	0	0	2	0	0	0	0	0	0	0	0	81	0	0	0	0	0	0	0	0	0.008967	0.0	0.0	0.0	0.095287	0.0	0.0	0.0	0.0	0.086015	0.0	0.0	0.0	0.913985	0.0	0.0	0.0	0.0	
327	474	6423.770516274	4997.278	4997.278	0.000429	0.0	145	0	0	0	325	0	0	0	0	0.008967	0.0	0.0	0.0	0.090075	0.0	0.0	0.0	0.0	0.044068	0.0	0.0	0.0	6342.87	0.0	0.0	0.0	0.0	0.000304	0.0	0.0	0.0	19.5165	0.0	0.0	0.0	0.0	13	0	0	0	67	0	0	0	0	1	0	0	0	4	0	0	0	0	16	0	0	0	249	0	0	0	0	32	0	0	0	5	0	0	0	0	2	0	0	0	0	0	0	0	0	81	0	0	0	0	0	0	0	0	0.008967	0.0	0.0	0.0	0.090075	0.0	0.0	0.0	0.0	0.090542	0.0	0.0	0.0	0.909458	0.0	0.0	0.0	0.0	
328	475	6603.911810566	4997.278	4997.278	0.000427	0.0	145	0	0	0	326	0	0	0	0	0.008967	0.0	0.0	0.0	0.085123	0.0	0.0	0.0	0.0	0.044068	0.0	0.0	0.0	6523.01	0.0	0.0	0.0	0.0	0.000304	0.0	0.0	0.0	20.0092	0.0	0.0	0.0	0.0	13	0	0	0	67	0	0	0	0	1	0	0	0	4	0	0	0	0	16	0	0	0	250	0	0	0	0	32	0	0	0	5	0	0	0	0	2	0	0	0	0	0	0	0	0	81	0	0	0	0	0	0	0	0	0.008967	0.0	0.0	0.0	0.085123	0.0	0.0	0.0	0.0	0.095307	0.0	0.0	0.0	0.904693	0.0	0.0	0.0	0.0	
329	476	6730.889505451	4997.278	4997.278	0.000302	0.0	145	0	0	0	327	0	0	0	0	0.008967	0.0	0.0	0.0	0.080418	0.0	0.0	0.0	0.0	0.044068	0.0	0.0	0.0	6649.99	0.0	0.0	0.0	0.0	0.000304	0.0	0.0	0.0	20.3364	0.0	0.0	0.0	0.0	13	0	0	0	67	0	0	0	0	1	0	0	0	4	0	0	0	0	16	0	0	0	251	0	0	0	0	32	0	0	0	5	0	0	0	0	2	0	0	0	0	0	0	0	0	81	0	0	0	0	0	0	0	0	0.008967	0.0	0.0	0.0	0.080418	0.0	0.0	0.0	0.0	0.100323	0.0	0.0	0.0	0.899677	0.0	0.0	0.0	0.0	
330	477	6754.868029835	4997.278	4997.278	0.000236	0.0	145	0	0	0	328	0	0	0	0	0.008967	0.0	0.0	0.0	0.075949	0.0	0.0	0.0	0.0	0.044068	0.0	0.0	0.0	6673.97	0.0	0.0	0.0	0.0	0.000304	0.0	0.0	0.0	20.3475	0.0	0.0	0.0	0.0	13	0	0	0	67	0	0	0	0	1	0	0	0	4	0	0	0	0	16	0	0	0	252	0	0	0	0	32	0	0	0	5	0	0	0	0	2	0	0	0	0	0	0	0	0	81	0	0	0	0	0	0	0	0	0.008967	0.0	0.0	0.0	0.075949	0.0	0.0	0.0	0.0	0.105604	0.0	0.0	0.0	0.894396	0.0	0.0	0.0	0.0	
331	478	6759.069874022	4997.278	4997.278	0.000226	0.0	145	0	0	0	329	0	0	0	0	0.008967	0.0	0.0	0.0	0.071703	0.0	0.0	0.0	0.0	0.044068	0.0	0.0	0.0	6678.17	0.0	0.0	0.0	0.0	0.000304	0.0	0.0	0.0	20.2984	0.0	0.0	0.0	0.0	13	0	0	0	67	0	0	0	0	1	0	0	0	4	0	0	0	0	16	0	0	0	253	0	0	0	0	32	0	0	0	5	0	0	0	0	2	0	0	0	0	0	0	0	0	81	0	0	0	0	0	0	0	0	0.008967	0.0	0.0	0.0	0.071703	0.0	0.0	0.0	0.0	0.111162	0.0	0.0	0.0	0.888838	0.0	0.0	0.0	0.0	
332	479	6764.39061343	4997.278	4997.278	0.000224	0.0	145	0	0	0	330	0	0	0	0	0.008967	0.0	0.0	0.0	0.06767	0.0	0.0	0.0	0.0	0.044068	0.0	0.0	0.0	6683.49	0.0	0.0	0.0	0.0	0.000304	0.0	0.0	0.0	20.253	0.0	0.0	0.0	0.0	13	0	0	0	67	0	0	0	0	1	0	0	0	4	0	0	0	0	16	0	0	0	254	0	0	0	0	32	0	0	0	5	0	0	0	0	2	0	0	0	0	0	0	0	0	81	0	0	0	0	0	0	0	0	0.008967	0.0	0.0	0.0	0.06767	0.0	0.0	0.0	0.0	0.117012	0.0	0.0	0.0	0.882988	0.0	0.0	0.0	0.0	
333	480	6775.969663189	4997.278	4997.278	0.000222	0.0	145	0	0	0	331	0	0	0	0	0.008967	0.0	0.0	0.0	0.063838	0.0	0.0	0.0	0.0	0.044068	0.0	0.0	0.0	6695.07	0.0	0.0	0.0	0.0	0.000304	0.0	0.0	0.0	20.2268	0.0	0.0	0.0	0.0	13	0	0	0	67	0	0	0	0	1	0	0	0	4	0	0	0	0	16	0	0	0	255	0	0	0	0	32	0	0	0	5	0	0	0	0	2	0	0	0	0	0	0	0	0	81	0	0	0	0	0	0	0	0	0.008967	0.0	0.0	0.0	0.063838	0.0	0.0	0.0	0.0	0.123171	0.0	0.0	0.0	0.876829	0.0	0.0	0.0	0.0	
334	482	6781.927002757	4997.278	4997.278	0.000217	0.0	146	0	0	0	332	0	0	0	0	0.008071	0.0	0.0	0.0	0.060242	0.0	0.0	0.0	0.0	0.04431	0.0	0.0	0.0	6701.03	0.0	0.0	0.0	0.0	0.000303	0.0	0.0	0.0	20.1838	0.0	0.0	0.0	0.0	13	0	0	0	67	0	0	0	0	1	0	0	0	4	0	0	0	0	16	0	0	0	256	0	0	0	0	32	0	0	0	5	0	0	0	0	2	0	0	0	0	0	0	0	0	82	0	0	0	0	0	0	0	0	0.008071	0.0	0.0	0.0	0.060242	0.0	0.0	0.0	0.0	0.118143	0.0	0.0	0.0	0.881857	0.0	0.0	0.0	0.0	
335	483	6807.255208262	4997.278	4997.278	0.000214	0.0	146	0	0	0	333	0	0	0	0	0.008071	0.0	0.0	0.0	0.056827	0.0	0.0	0.0	0.0	0.04431	0.0	0.0	0.0	6726.35	0.0	0.0	0.0	0.0	0.000303	0.0	0.0	0.0	20.1993	0.0	0.0	0.0	0.0	13	0	0	0	67	0	0	0	0	1	0	0	0	4	0	0	0	0	16	0	0	0	257	0	0	0	0	32	0	0	0	5	0	0	0	0	2	0	0	0	0	0	0	0	0	82	0	0	0	0	0	0	0	0	0.008071	0.0	0.0	0.0	0.056827	0.0	0.0	0.0	0.0	0.124361	0.0	0.0	0.0	0.875639	0.0	0.0	0.0	0.0	
336	485	6817.006503487	4997.278	4997.278	0.000204	0.0	147	0	0	0	334	0	0	0	0	0.007264	0.0	0.0	0.0	0.053622	0.0	0.0	0.0	0.0	0.044515	0.0	0.0	0.0	6736.11	0.0	0.0	0.0	0.0	0.000303	0.0	0.0	0.0	20.168	0.0	0.0	0.0	0.0	13	0	0	0	67	0	0	0	0	1	0	0	0	4	0	0	0	0	16	0	0	0	258	0	0	0	0	32	0	0	0	5	0	0	0	0	2	0	0	0	0	0	0	0	0	83	0	0	0	0	0	0	0	0	0.007264	0.0	0.0	0.0	0.053622	0.0	0.0	0.0	0.0	0.1193	0.0	0.0	0.0	0.8807	0.0	0.0	0.0	0.0	
337	486	6912.092642535	4997.278	4997.278	0.0002	0.0	147	0	0	0	335	0	0	0	0	0.007264	0.0	0.0	0.0	0.050578	0.0	0.0	0.0	0.0	0.044515	0.0	0.0	0.0	6831.19	0.0	0.0	0.0	0.0	0.000303	0.0	0.0	0.0	20.3916	0.0	0.0	0.0	0.0	13	0	0	0	67	0	0	0	0	1	0	0	0	4	0	0	0	0	16	0	0	0	259	0	0	0	0	32	0	0	0	5	0	0	0	0	2	0	0	0	0	0	0	0	0	83	0	0	0	0	0	0	0	0	0.007264	0.0	0.0	0.0	0.050578	0.0	0.0	0.0	0.0	0.125579	0.0	0.0	0.0	0.874421	0.0	0.0	0.0	0.0	
338	488	6915.406763978	4997.278	4997.278	0.000167	0.0	148	0	0	0	336	0	0	0	0	0.006537	0.0	0.0	0.0	0.047722	0.0	0.0	0.0	0.0	0.044965	0.0	0.0	0.0	6834.5	0.0	0.0	0.0	0.0	0.000304	0.0	0.0	0.0	20.3408	0.0	0.0	0.0	0.0	13	0	0	0	67	0	0	0	0	1	0	0	0	4	0	0	0	0	16	0	0	0	260	0	0	0	0	33	0	0	0	5	0	0	0	0	2	0	0	0	0	0	0	0	0	83	0	0	0	0	0	0	0	0	0.006537	0.0	0.0	0.0	0.047722	0.0	0.0	0.0	0.0	0.120482	0.0	0.0	0.0	0.879518	0.0	0.0	0.0	0.0	
339	489	6920.907734818	4997.278	4997.278	0.000166	0.0	148	0	0	0	337	0	0	0	0	0.006537	0.0	0.0	0.0	0.045009	0.0	0.0	0.0	0.0	0.044965	0.0	0.0	0.0	6840.01	0.0	0.0	0.0	0.0	0.000304	0.0	0.0	0.0	20.2968	0.0	0.0	0.0	0.0	13	0	0	0	67	0	0	0	0	1	0	0	0	4	0	0	0	0	16	0	0	0	261	0	0	0	0	33	0	0	0	5	0	0	0	0	2	0	0	0	0	0	0	0	0	83	0	0	0	0	0	0	0	0	0.006537	0.0	0.0	0.0	0.045009	0.0	0.0	0.0	0.0	0.126823	0.0	0.0	0.0	0.873177	0.0	0.0	0.0	0.0	
340	490	6941.352506226	4997.278	4997.278	0.000164	0.0	148	0	0	0	338	0	0	0	0	0.006537	0.0	0.0	0.0	0.042432	0.0	0.0	0.0	0.0	0.044965	0.0	0.0	0.0	6860.45	0.0	0.0	0.0	0.0	0.000304	0.0	0.0	0.0	20.2972	0.0	0.0	0.0	0.0	13	0	0	0	67	0	0	0	0	1	0	0	0	4	0	0	0	0	16	0	0	0	262	0	0	0	0	33	0	0	0	5	0	0	0	0	2	0	0	0	0	0	0	0	0	83	0	0	0	0	0	0	0	0	0.006537	0.0	0.0	0.0	0.042432	0.0	0.0	0.0	0.0	0.133498	0.0	0.0	0.0	0.866502	0.0	0.0	0.0	0.0	
341	491	6950.823905955	4997.278	4997.278	0.000158	0.0	148	0	0	0	339	0	0	0	0	0.006537	0.0	0.0	0.0	0.039983	0.0	0.0	0.0	0.0	0.044965	0.0	0.0	0.0	6869.92	0.0	0.0	0.0	0.0	0.000304	0.0	0.0	0.0	20.2653	0.0	0.0	0.0	0.0	13	0	0	0	67	0	0	0	0	1	0	0	0	4	0	0	0	0	16	0	0	0	263	0	0	0	0	33	0	0	0	5	0	0	0	0	2	0	0	0	0	0	0	0	0	83	0	0	0	0	0	0	0	0	0.006537	0.0	0.0	0.0	0.039983	0.0	0.0	0.0	0.0	0.140525	0.0	0.0	0.0	0.859475	0.0	0.0	0.0	0.0	
342	492	6960.457930471	4997.278	4997.278	0.000155	0.0	148	0	0	0	340	0	0	0	0	0.006537	0.0	0.0	0.0	0.037657	0.0	0.0	0.0	0.0	0.044965	0.0	0.0	0.0	6879.56	0.0	0.0	0.0	0.0	0.000304	0.0	0.0	0.0	20.234	0.0	0.0	0.0	0.0	13	0	0	0	67	0	0	0	0	1	0	0	0	4	0	0	0	0	16	0	0	0	264	0	0	0	0	33	0	0	0	5	0	0	0	0	2	0	0	0	0	0	0	0	0	83	0	0	0	0	0	0	0	0	0.006537	0.0	0.0	0.0	0.037657	0.0	0.0	0.0	0.0	0.147921	0.0	0.0	0.0	0.852079	0.0	0.0	0.0	0.0	
343	494	6962.801414805	4997.278	4997.278	0.000152	0.0	149	0	0	0	341	0	0	0	0	0.005884	0.0	0.0	0.0	0.03548	0.0	0.0	0.0	0.0	0.045202	0.0	0.0	0.0	6881.9	0.0	0.0	0.0	0.0	0.000303	0.0	0.0	0.0	20.1815	0.0	0.0	0.0	0.0	13	0	0	0	67	0	0	0	0	1	0	0	0	4	0	0	0	0	16	0	0	0	265	0	0	0	0	33	0	0	0	5	0	0	0	0	2	0	0	0	0	0	0	0	0	84	0	0	0	0	0	0	0	0	0.005884	0.0	0.0	0.0	0.03548	0.0	0.0	0.0	0.0	0.142239	0.0	0.0	0.0	0.857761	0.0	0.0	0.0	0.0	
344	495	6966.37429385	4997.278	4997.278	0.000151	0.0	149	0	0	0	342	0	0	0	0	0.005884	0.0	0.0	0.0	0.033412	0.0	0.0	0.0	0.0	0.045202	0.0	0.0	0.0	6885.47	0.0	0.0	0.0	0.0	0.000303	0.0	0.0	0.0	20.133	0.0	0.0	0.0	0.0	13	0	0	0	67	0	0	0	0	1	0	0	0	4	0	0	0	0	16	0	0	0	266	0	0	0	0	33	0	0	0	5	0	0	0	0	2	0	0	0	0	0	0	0	0	84	0	0	0	0	0	0	0	0	0.005884	0.0	0.0	0.0	0.033412	0.0	0.0	0.0	0.0	0.149726	0.0	0.0	0.0	0.850274	0.0	0.0	0.0	0.0	
345	496	6972.014011753	4997.278	4997.278	0.00015	0.0	149	0	0	0	343	0	0	0	0	0.005884	0.0	0.0	0.0	0.031447	0.0	0.0	0.0	0.0	0.045202	0.0	0.0	0.0	6891.11	0.0	0.0	0.0	0.0	0.000303	0.0	0.0	0.0	20.0907	0.0	0.0	0.0	0.0	13	0	0	0	67	0	0	0	0	1	0	0	0	4	0	0	0	0	16	0	0	0	267	0	0	0	0	33	0	0	0	5	0	0	0	0	2	0	0	0	0	0	0	0	0	84	0	0	0	0	0	0	0	0	0.005884	0.0	0.0	0.0	0.031447	0.0	0.0	0.0	0.0	0.157606	0.0	0.0	0.0	0.842394	0.0	0.0	0.0	0.0	
346	497	6975.39899689	4997.278	4997.278	0.000149	0.0	149	0	0	0	344	0	0	0	0	0.005884	0.0	0.0	0.0	0.029581	0.0	0.0	0.0	0.0	0.045202	0.0	0.0	0.0	6894.5	0.0	0.0	0.0	0.0	0.000303	0.0	0.0	0.0	20.0421	0.0	0.0	0.0	0.0	13	0	0	0	67	0	0	0	0	1	0	0	0	4	0	0	0	0	16	0	0	0	268	0	0	0	0	33	0	0	0	5	0	0	0	0	2	0	0	0	0	0	0	0	0	84	0	0	0	0	0	0	0	0	0.005884	0.0	0.0	0.0	0.029581	0.0	0.0	0.0	0.0	0.165901	0.0	0.0	0.0	0.834099	0.0	0.0	0.0	0.0	
347	498	6978.401229337	4997.278	4997.278	0.000148	0.0	149	0	0	0	345	0	0	0	0	0.005884	0.0	0.0	0.0	0.027808	0.0	0.0	0.0	0.0	0.045202	0.0	0.0	0.0	6897.5	0.0	0.0	0.0	0.0	0.000303	0.0	0.0	0.0	19.9928	0.0	0.0	0.0	0.0	13	0	0	0	67	0	0	0	0	1	0	0	0	4	0	0	0	0	16	0	0	0	269	0	0	0	0	33	0	0	0	5	0	0	0	0	2	0	0	0	0	0	0	0	0	84	0	0	0	0	0	0	0	0	0.005884	0.0	0.0	0.0	0.027808	0.0	0.0	0.0	0.0	0.174633	0.0	0.0	0.0	0.825367	0.0	0.0	0.0	0.0	
348	499	6985.622083686	4997.278	4997.278	0.000147	0.0	149	0	0	0	346	0	0	0	0	0.005884	0.0	0.0	0.0	0.026123	0.0	0.0	0.0	0.0	0.045202	0.0	0.0	0.0	6904.72	0.0	0.0	0.0	0.0	0.000303	0.0	0.0	0.0	19.9558	0.0	0.0	0.0	0.0	13	0	0	0	67	0	0	0	0	1	0	0	0	4	0	0	0	0	16	0	0	0	270	0	0	0	0	33	0	0	0	5	0	0	0	0	2	0	0	0	0	0	0	0	0	84	0	0	0	0	0	0	0	0	0.005884	0.0	0.0	0.0	0.026123	0.0	0.0	0.0	0.0	0.183824	0.0	0.0	0.0	0.816176	0.0	0.0	0.0	0.0	
349	500	6990.089997454	4997.278	4997.278	0.000145	0.0	149	0	0	0	347	0	0	0	0	0.005884	0.0	0.0	0.0	0.024523	0.0	0.0	0.0	0.0	0.045202	0.0	0.0	0.0	6909.19	0.0	0.0	0.0	0.0	0.000303	0.0	0.0	0.0	19.9112	0.0	0.0	0.0	0.0	13	0	0	0	67	0	0	0	0	1	0	0	0	4	0	0	0	0	16	0	0	0	271	0	0	0	0	33	0	0	0	5	0	0	0	0	2	0	0	0	0	0	0	0	0	84	0	0	0	0	0	0	0	0	0.005884	0.0	0.0	0.0	0.024523	0.0	0.0	0.0	0.0	0.193499	0.0	0.0	0.0	0.806501	0.0	0.0	0.0	0.0	
350	502	7001.143882837	4997.278	4997.278	0.000144	0.0	150	0	0	0	348	0	0	0	0	0.005295	0.0	0.0	0.0	0.023032	0.0	0.0	0.0	0.0	0.045691	0.0	0.0	0.0	6920.24	0.0	0.0	0.0	0.0	0.000305	0.0	0.0	0.0	19.8858	0.0	0.0	0.0	0.0	13	0	0	0	67	0	0	0	0	1	0	0	0	4	0	0	0	0	16	0	0	0	272	0	0	0	0	34	0	0	0	5	0	0	0	0	2	0	0	0	0	0	0	0	0	84	0	0	0	0	0	0	0	0	0.005295	0.0	0.0	0.0	0.023032	0.0	0.0	0.0	0.0	0.186932	0.0	0.0	0.0	0.813068	0.0	0.0	0.0	0.0	
351	510	7007.977900032	4997.218000000002	4997.218000000002	0.000141	0.0	157	0	0	0	349	0	0	0	0	0.075487	0.0	0.0	0.0	0.020729	0.0	0.0	0.0	0.0	0.047684	0.0	0.0	0.0	6927.07	0.0	0.0	0.0	0.0	0.000304	0.0	0.0	0.0	19.8483	0.0	0.0	0.0	0.0	14	0	0	0	67	0	0	0	0	1	0	0	0	4	0	0	0	0	17	0	0	0	272	0	0	0	0	36	0	0	0	6	0	0	0	0	2	0	0	0	0	0	0	0	0	87	0	0	0	0	0	0	0	0	0.075487	0.0	0.0	0.0	0.020729	0.0	0.0	0.0	0.0	0.784561	0.0	0.0	0.0	0.215439	0.0	0.0	0.0	0.0	
352	513	7011.405707754	4997.218000000002	4997.218000000002	0.000139	0.0	159	0	0	0	350	0	0	0	0	0.066106	0.0	0.0	0.0	0.018656	0.0	0.0	0.0	0.0	0.048271	0.0	0.0	0.0	6930.5	0.0	0.0	0.0	0.0	0.000304	0.0	0.0	0.0	19.8014	0.0	0.0	0.0	0.0	14	0	0	0	67	0	0	0	0	1	0	0	0	4	0	0	0	0	17	0	0	0	272	0	0	0	0	37	0	0	0	7	0	0	0	0	2	0	0	0	0	0	0	0	0	88	0	0	0	0	0	0	0	0	0.066106	0.0	0.0	0.0	0.018656	0.0	0.0	0.0	0.0	0.779903	0.0	0.0	0.0	0.220097	0.0	0.0	0.0	0.0	
353	517	7014.650688873	4997.218000000002	4997.218000000002	0.000138	0.0	162	0	0	0	351	0	0	0	0	0.054017	0.0	0.0	0.0	0.01679	0.0	0.0	0.0	0.0	0.048764	0.0	0.0	0.0	6933.74	0.0	0.0	0.0	0.0	0.000301	0.0	0.0	0.0	19.7543	0.0	0.0	0.0	0.0	14	0	0	0	67	0	0	0	0	1	0	0	0	4	0	0	0	0	17	0	0	0	272	0	0	0	0	37	0	0	0	8	0	0	0	0	2	0	0	0	0	0	0	0	0	91	0	0	0	0	0	0	0	0	0.054017	0.0	0.0	0.0	0.01679	0.0	0.0	0.0	0.0	0.762874	0.0	0.0	0.0	0.237126	0.0	0.0	0.0	0.0	
354	522	7030.669697999	4997.218000000002	4997.218000000002	0.000137	0.0	166	0	0	0	352	0	0	0	0	0.040882	0.0	0.0	0.0	0.015111	0.0	0.0	0.0	0.0	0.049621	0.0	0.0	0.0	6949.76	0.0	0.0	0.0	0.0	0.000299	0.0	0.0	0.0	19.7436	0.0	0.0	0.0	0.0	14	0	0	0	67	0	0	0	0	1	0	0	0	4	0	0	0	0	17	0	0	0	272	0	0	0	0	38	0	0	0	9	0	0	0	0	2	0	0	0	0	0	0	0	0	94	0	0	0	0	0	0	0	0	0.040882	0.0	0.0	0.0	0.015111	0.0	0.0	0.0	0.0	0.730127	0.0	0.0	0.0	0.269873	0.0	0.0	0.0	0.0	
355	524	7045.21738363	4997.218000000002	4997.218000000002	0.000133	0.0	167	0	0	0	353	0	0	0	0	0.038083	0.0	0.0	0.0	0.0136	0.0	0.0	0.0	0.0	0.050024	0.0	0.0	0.0	6964.31	0.0	0.0	0.0	0.0	0.0003	0.0	0.0	0.0	19.7289	0.0	0.0	0.0	0.0	14	0	0	0	67	0	0	0	0	1	0	0	0	4	0	0	0	0	17	0	0	0	272	0	0	0	0	39	0	0	0	10	0	0	0	0	2	0	0	0	0	0	0	0	0	94	0	0	0	0	0	0	0	0	0.038083	0.0	0.0	0.0	0.0136	0.0	0.0	0.0	0.0	0.736856	0.0	0.0	0.0	0.263144	0.0	0.0	0.0	0.0	
356	535	7048.559766512	4997.218000000002	4997.218000000002	0.000129	0.0	177	0	0	0	354	0	0	0	0	0.017344	0.0	0.0	0.0	0.01224	0.0	0.0	0.0	0.0	0.05213	0.0	0.0	0.0	6967.65	0.0	0.0	0.0	0.0	0.000295	0.0	0.0	0.0	19.6826	0.0	0.0	0.0	0.0	14	0	0	0	67	0	0	0	0	1	0	0	0	4	0	0	0	0	17	0	0	0	272	0	0	0	0	42	0	0	0	11	0	0	0	0	2	0	0	0	0	0	0	0	0	101	0	0	0	0	0	0	0	0	0.017344	0.0	0.0	0.0	0.01224	0.0	0.0	0.0	0.0	0.586268	0.0	0.0	0.0	0.413732	0.0	0.0	0.0	0.0	
357	536	7062.289784304	4997.218000000002	4997.218000000002	0.000128	0.0	177	0	0	0	355	0	0	0	0	0.017344	0.0	0.0	0.0	0.011016	0.0	0.0	0.0	0.0	0.05213	0.0	0.0	0.0	6981.38	0.0	0.0	0.0	0.0	0.000295	0.0	0.0	0.0	19.6659	0.0	0.0	0.0	0.0	14	0	0	0	67	0	0	0	0	1	0	0	0	4	0	0	0	0	17	0	0	0	272	0	0	0	0	42	0	0	0	12	0	0	0	0	2	0	0	0	0	0	0	0	0	101	0	0	0	0	0	0	0	0	0.017344	0.0	0.0	0.0	0.011016	0.0	0.0	0.0	0.0	0.61157	0.0	0.0	0.0	0.38843	0.0	0.0	0.0	0.0	
358	537	7069.002971008	4997.218000000002	4997.218000000002	0.000125	0.0	177	0	0	0	356	0	0	0	0	0.017344	0.0	0.0	0.0	0.009914	0.0	0.0	0.0	0.0	0.05213	0.0	0.0	0.0	6988.09	0.0	0.0	0.0	0.0	0.000295	0.0	0.0	0.0	19.6295	0.0	0.0	0.0	0.0	14	0	0	0	67	0	0	0	0	1	0	0	0	4	0	0	0	0	17	0	0	0	272	0	0	0	0	42	0	0	0	13	0	0	0	0	2	0	0	0	0	0	0	0	0	101	0	0	0	0	0	0	0	0	0.017344	0.0	0.0	0.0	0.009914	0.0	0.0	0.0	0.0	0.636286	0.0	0.0	0.0	0.363714	0.0	0.0	0.0	0.0	
359	542	7076.226525707	4997.218000000002	4997.218000000002	0.000123	0.0	181	0	0	0	357	0	0	0	0	0.012288	0.0	0.0	0.0	0.008923	0.0	0.0	0.0	0.0	0.053035	0.0	0.0	0.0	6995.32	0.0	0.0	0.0	0.0	0.000293	0.0	0.0	0.0	19.5947	0.0	0.0	0.0	0.0	14	0	0	0	67	0	0	0	0	1	0	0	0	4	0	0	0	0	17	0	0	0	272	0	0	0	0	43	0	0	0	14	0	0	0	0	2	0	0	0	0	0	0	0	0	104	0	0	0	0	0	0	0	0	0.012288	0.0	0.0	0.0	0.008923	0.0	0.0	0.0	0.0	0.579324	0.0	0.0	0.0	0.420676	0.0	0.0	0.0	0.0	
360	544	7079.368667796	4997.218000000002	4997.218000000002	0.000122	0.0	182	0	0	0	358	0	0	0	0	0.011228	0.0	0.0	0.0	0.008031	0.0	0.0	0.0	0.0	0.053289	0.0	0.0	0.0	6998.46	0.0	0.0	0.0	0.0	0.000293	0.0	0.0	0.0	19.5488	0.0	0.0	0.0	0.0	14	0	0	0	67	0	0	0	0	1	0	0	0	4	0	0	0	0	17	0	0	0	272	0	0	0	0	43	0	0	0	15	0	0	0	0	2	0	0	0	0	0	0	0	0	105	0	0	0	0	0	0	0	0	0.011228	0.0	0.0	0.0	0.008031	0.0	0.0	0.0	0.0	0.582999	0.0	0.0	0.0	0.417001	0.0	0.0	0.0	0.0	
361	545	7083.481913731	4997.218000000002	4997.218000000002	0.000121	0.0	182	0	0	0	359	0	0	0	0	0.011228	0.0	0.0	0.0	0.007228	0.0	0.0	0.0	0.0	0.053289	0.0	0.0	0.0	7002.57	0.0	0.0	0.0	0.0	0.000293	0.0	0.0	0.0	19.5058	0.0	0.0	0.0	0.0	14	0	0	0	67	0	0	0	0	1	0	0	0	4	0	0	0	0	17	0	0	0	272	0	0	0	0	43	0	0	0	16	0	0	0	0	2	0	0	0	0	0	0	0	0	105	0	0	0	0	0	0	0	0	0.011228	0.0	0.0	0.0	0.007228	0.0	0.0	0.0	0.0	0.608368	0.0	0.0	0.0	0.391632	0.0	0.0	0.0	0.0	
362	550	7086.21616198	4997.218000000002	4997.218000000002	0.00012	0.0	186	0	0	0	360	0	0	0	0	0.007804	0.0	0.0	0.0	0.006505	0.0	0.0	0.0	0.0	0.054061	0.0	0.0	0.0	7005.3	0.0	0.0	0.0	0.0	0.000291	0.0	0.0	0.0	19.4592	0.0	0.0	0.0	0.0	14	0	0	0	67	0	0	0	0	1	0	0	0	4	0	0	0	0	18	0	0	0	272	0	0	0	0	43	0	0	0	17	0	0	0	0	2	0	0	0	0	0	0	0	0	108	0	0	0	0	0	0	0	0	0.007804	0.0	0.0	0.0	0.006505	0.0	0.0	0.0	0.0	0.545403	0.0	0.0	0.0	0.454597	0.0	0.0	0.0	0.0	
363	551	7090.035981213	4997.218000000002	4997.218000000002	0.000119	0.0	186	0	0	0	361	0	0	0	0	0.007804	0.0	0.0	0.0	0.005854	0.0	0.0	0.0	0.0	0.054061	0.0	0.0	0.0	7009.12	0.0	0.0	0.0	0.0	0.000291	0.0	0.0	0.0	19.4159	0.0	0.0	0.0	0.0	14	0	0	0	67	0	0	0	0	1	0	0	0	4	0	0	0	0	18	0	0	0	272	0	0	0	0	43	0	0	0	18	0	0	0	0	2	0	0	0	0	0	0	0	0	108	0	0	0	0	0	0	0	0	0.007804	0.0	0.0	0.0	0.005854	0.0	0.0	0.0	0.0	0.571377	0.0	0.0	0.0	0.428623	0.0	0.0	0.0	0.0	
364	552	7093.458454672	4997.218000000002	4997.218000000002	0.000118	0.0	186	0	0	0	362	0	0	0	0	0.007804	0.0	0.0	0.0	0.005269	0.0	0.0	0.0	0.0	0.054061	0.0	0.0	0.0	7012.55	0.0	0.0	0.0	0.0	0.000291	0.0	0.0	0.0	19.3717	0.0	0.0	0.0	0.0	14	0	0	0	67	0	0	0	0	1	0	0	0	4	0	0	0	0	18	0	0	0	272	0	0	0	0	43	0	0	0	19	0	0	0	0	2	0	0	0	0	0	0	0	0	108	0	0	0	0	0	0	0	0	0.007804	0.0	0.0	0.0	0.005269	0.0	0.0	0.0	0.0	0.596965	0.0	0.0	0.0	0.403035	0.0	0.0	0.0	0.0	
365	553	7168.099745743	4997.218000000002	4997.218000000002	0.000118	0.0	186	0	0	0	363	0	0	0	0	0.007804	0.0	0.0	0.0	0.004742	0.0	0.0	0.0	0.0	0.054061	0.0	0.0	0.0	7087.19	0.0	0.0	0.0	0.0	0.000291	0.0	0.0	0.0	19.5239	0.0	0.0	0.0	0.0	14	0	0	0	67	0	0	0	0	1	0	0	0	4	0	0	0	0	18	0	0	0	272	0	0	0	0	43	0	0	0	20	0	0	0	0	2	0	0	0	0	0	0	0	0	108	0	0	0	0	0	0	0	0	0.007804	0.0	0.0	0.0	0.004742	0.0	0.0	0.0	0.0	0.622035	0.0	0.0	0.0	0.377965	0.0	0.0	0.0	0.0	
366	554	7175.225922924	4997.218000000002	4997.218000000002	0.000102	0.0	186	0	0	0	364	0	0	0	0	0.007804	0.0	0.0	0.0	0.004268	0.0	0.0	0.0	0.0	0.054061	0.0	0.0	0.0	7094.31	0.0	0.0	0.0	0.0	0.000291	0.0	0.0	0.0	19.4899	0.0	0.0	0.0	0.0	14	0	0	0	67	0	0	0	0	1	0	0	0	4	0	0	0	0	18	0	0	0	272	0	0	0	0	43	0	0	0	21	0	0	0	0	2	0	0	0	0	0	0	0	0	108	0	0	0	0	0	0	0	0	0.007804	0.0	0.0	0.0	0.004268	0.0	0.0	0.0	0.0	0.646469	0.0	0.0	0.0	0.353531	0.0	0.0	0.0	0.0	
367	559	7190.130817879	4997.218000000002	4997.218000000002	0.000101	0.0	190	0	0	0	365	0	0	0	0	0.005565	0.0	0.0	0.0	0.003841	0.0	0.0	0.0	0.0	0.055062	0.0	0.0	0.0	7109.22	0.0	0.0	0.0	0.0	0.00029	0.0	0.0	0.0	19.4773	0.0	0.0	0.0	0.0	14	0	0	0	67	0	0	0	0	1	0	0	0	4	0	0	0	0	19	0	0	0	272	0	0	0	0	43	0	0	0	22	0	0	0	0	2	0	0	0	0	0	0	0	0	111	0	0	0	0	0	0	0	0	0.005565	0.0	0.0	0.0	0.003841	0.0	0.0	0.0	0.0	0.591637	0.0	0.0	0.0	0.408363	0.0	0.0	0.0	0.0	
368	559	7190.130834738	4997.218000000002	4997.218000000002	9.8e-5	0.0	190	0	0	0	365	0	0	0	0	0.005565	0.0	0.0	0.0	0.003841	0.0	0.0	0.0	0.0	0.055062	0.0	0.0	0.0	7109.22	0.0	0.0	0.0	0.0	0.00029	0.0	0.0	0.0	19.4773	0.0	0.0	0.0	0.0	14	0	0	0	67	0	0	0	0	1	0	0	0	4	0	0	0	0	19	0	0	0	272	0	0	0	0	43	0	0	0	22	0	0	0	0	2	0	0	0	0	0	0	0	0	111	0	0	0	0	0	0	0	0	0.005565	0.0	0.0	0.0	0.003841	0.0	0.0	0.0	0.0	0.591637	0.0	0.0	0.0	0.408363	0.0	0.0	0.0	0.0	
