indexLine	algoIter	time	best obj	current obj	T	probdelta1	nb uses 1	nb uses 2	nb uses 3	nb uses 4	nb uses 5	nb uses 6	nb uses 7	nb uses 8	nb uses 9	score 1	score 2	score 3	score 4	score 5	score 6	score 7	score 8	score 9	duration 1	duration 2	duration 3	duration 4	duration 5	duration 6	duration 7	duration 8	duration 9	avgDuration 1	avgDuration 2	avgDuration 3	avgDuration 4	avgDuration 5	avgDuration 6	avgDuration 7	avgDuration 8	avgDuration 9	sigmas1 1	sigmas1 2	sigmas1 3	sigmas1 4	sigmas1 5	sigmas1 6	sigmas1 7	sigmas1 8	sigmas1 9	sigmas2 1	sigmas2 2	sigmas2 3	sigmas2 4	sigmas2 5	sigmas2 6	sigmas2 7	sigmas2 8	sigmas2 9	sigmas3 1	sigmas3 2	sigmas3 3	sigmas3 4	sigmas3 5	sigmas3 6	sigmas3 7	sigmas3 8	sigmas3 9	sigmas4 1	sigmas4 2	sigmas4 3	sigmas4 4	sigmas4 5	sigmas4 6	sigmas4 7	sigmas4 8	sigmas4 9	sigmas5 1	sigmas5 2	sigmas5 3	sigmas5 4	sigmas5 5	sigmas5 6	sigmas5 7	sigmas5 8	sigmas5 9	sigmas6 1	sigmas6 2	sigmas6 3	sigmas6 4	sigmas6 5	sigmas6 6	sigmas6 7	sigmas6 8	sigmas6 9	weight 1	weight 2	weight 3	weight 4	weight 5	weight 6	weight 7	weight 8	weight 9	proba 1	proba 2	proba 3	proba 4	proba 5	proba 6	proba 7	proba 8	proba 9	
1	2	54.547454018	15227.441	15227.441	100.0	0.99005	0	0	0	0	0	0	0	0	0	0.0	0.0	0.0	0.0	0.0	0.0	0.0	0.0	0.0	0.0	0.0	0.0	0.0	0.0	0.0	0.0	0.0	0.0	0.0	0.0	0.0	0.0	0.0	0.0	0.0	0.0	0.0	0	0	0	0	0	0	0	0	0	0	0	0	0	0	0	0	0	0	0	0	0	0	0	0	0	0	0	0	0	0	0	0	0	0	0	0	0	0	0	0	0	0	0	0	0	0	0	0	0	0	0	0	0	0	0.0	0.0	0.0	0.0	0.0	0.0	0.0	0.0	0.0	0.0	0.0	0.0	0.0	0.0	0.0	0.0	0.0	0.0	
2	4	71.275445543	15227.441	15227.441	100.0	0.99005	0	0	0	0	0	0	0	0	0	1.0	0.0	0.0	0.0	1.0	0.0	0.0	0.0	0.0	0.0	0.0	0.0	0.0	0.0	0.0	0.0	0.0	0.0	0.000429	0.0	0.0	0.0	16.7275	0.0	0.0	0.0	0.0	0	0	0	0	0	0	0	0	0	0	0	0	0	0	0	0	0	0	0	0	0	0	0	0	0	0	0	0	0	0	0	0	0	0	0	0	0	0	0	0	0	0	0	0	0	0	0	0	0	0	0	0	0	0	1.0	0.0	0.0	0.0	1.0	0.0	0.0	0.0	0.0	0.0	0.0	0.0	0.0	0.0	0.0	0.0	0.0	0.0	
3	7	106.81844857	14840.118	14840.118	87.1218	0.988587	2	0	0	0	1	0	0	0	0	0.81	0.0	0.0	0.0	1.0	0.0	0.0	0.0	0.0	0.031695	0.0	0.0	0.0	35.5113	0.0	0.0	0.0	0.0	0.015847	0.0	0.0	0.0	35.5113	0.0	0.0	0.0	0.0	0	0	0	0	1	0	0	0	0	0	0	0	0	0	0	0	0	0	1	0	0	0	0	0	0	0	0	0	0	0	0	0	0	0	0	0	0	0	0	0	0	0	0	0	0	1	0	0	0	0	0	0	0	0	0.81	0.0	0.0	0.0	1.0	0.0	0.0	0.0	0.0	0.447514	0.0	0.0	0.0	0.552486	0.0	0.0	0.0	0.0	
4	10	137.975801504	14453.897	14453.897	81.3409	0.987781	4	0	0	0	2	0	0	0	0	0.6561	0.0	0.0	0.0	1.0	0.0	0.0	0.0	0.0	0.032808	0.0	0.0	0.0	66.6675	0.0	0.0	0.0	0.0	0.008202	0.0	0.0	0.0	33.3338	0.0	0.0	0.0	0.0	0	0	0	0	2	0	0	0	0	0	0	0	0	0	0	0	0	0	3	0	0	0	0	0	0	0	0	0	0	0	0	0	0	0	0	0	0	0	0	0	0	0	0	0	0	1	0	0	0	0	0	0	0	0	0.6561	0.0	0.0	0.0	1.0	0.0	0.0	0.0	0.0	0.396172	0.0	0.0	0.0	0.603828	0.0	0.0	0.0	0.0	
5	11	318.773847418	14133.75	14133.75	76.5859	0.987028	4	0	0	0	3	0	0	0	0	0.6561	0.0	0.0	0.0	1.0	0.0	0.0	0.0	0.0	0.032808	0.0	0.0	0.0	247.466	0.0	0.0	0.0	0.0	0.008202	0.0	0.0	0.0	82.4885	0.0	0.0	0.0	0.0	0	0	0	0	3	0	0	0	0	0	0	0	0	0	0	0	0	0	3	0	0	0	0	0	0	0	0	0	0	0	0	0	0	0	0	0	0	0	0	0	0	0	0	0	0	1	0	0	0	0	0	0	0	0	0.6561	0.0	0.0	0.0	1.0	0.0	0.0	0.0	0.0	0.396172	0.0	0.0	0.0	0.603828	0.0	0.0	0.0	0.0	
6	15	356.377992532	13258.338	13258.338	53.9933	0.98165	7	0	0	0	4	0	0	0	0	0.478297	0.0	0.0	0.0	1.0	0.0	0.0	0.0	0.0	0.034811	0.0	0.0	0.0	285.068	0.0	0.0	0.0	0.0	0.004973	0.0	0.0	0.0	71.2669	0.0	0.0	0.0	0.0	0	0	0	0	4	0	0	0	0	0	0	0	0	0	0	0	0	0	6	0	0	0	0	0	0	0	0	0	0	0	0	0	0	0	0	0	0	0	0	0	0	0	0	0	0	1	0	0	0	0	0	0	0	0	0.478297	0.0	0.0	0.0	1.0	0.0	0.0	0.0	0.0	0.323546	0.0	0.0	0.0	0.676454	0.0	0.0	0.0	0.0	
7	18	384.172637808	13187.221	13187.221	50.2072	0.98028	9	0	0	0	5	0	0	0	0	0.57742	0.0	0.0	0.0	1.0	0.0	0.0	0.0	0.0	0.036422	0.0	0.0	0.0	312.861	0.0	0.0	0.0	0.0	0.004047	0.0	0.0	0.0	62.5721	0.0	0.0	0.0	0.0	2	0	0	0	5	0	0	0	0	0	0	0	0	0	0	0	0	0	6	0	0	0	0	0	0	0	0	0	0	0	0	0	0	0	0	0	0	0	0	0	0	0	0	0	0	1	0	0	0	0	0	0	0	0	0.57742	0.0	0.0	0.0	1.0	0.0	0.0	0.0	0.0	0.366054	0.0	0.0	0.0	0.633946	0.0	0.0	0.0	0.0	
8	19	410.940190291	13038.926	13038.926	47.5806	0.979202	9	0	0	0	6	0	0	0	0	0.57742	0.0	0.0	0.0	1.0	0.0	0.0	0.0	0.0	0.036422	0.0	0.0	0.0	339.628	0.0	0.0	0.0	0.0	0.004047	0.0	0.0	0.0	56.6047	0.0	0.0	0.0	0.0	2	0	0	0	6	0	0	0	0	0	0	0	0	0	0	0	0	0	6	0	0	0	0	0	0	0	0	0	0	0	0	0	0	0	0	0	0	0	0	0	0	0	0	0	0	1	0	0	0	0	0	0	0	0	0.57742	0.0	0.0	0.0	1.0	0.0	0.0	0.0	0.0	0.366054	0.0	0.0	0.0	0.633946	0.0	0.0	0.0	0.0	
9	21	425.256586916	13038.926	13038.926	45.1808	0.97811	10	0	0	0	7	0	0	0	0	0.519678	0.0	0.0	0.0	0.924016	0.0	0.0	0.0	0.0	0.036989	0.0	0.0	0.0	353.944	0.0	0.0	0.0	0.0	0.003699	0.0	0.0	0.0	50.5634	0.0	0.0	0.0	0.0	2	0	0	0	6	0	0	0	0	0	0	0	0	0	0	0	0	0	7	0	0	0	1	0	0	0	0	0	0	0	0	0	0	0	0	0	0	0	0	0	0	0	0	0	0	1	0	0	0	0	0	0	0	0	0.519678	0.0	0.0	0.0	0.924016	0.0	0.0	0.0	0.0	0.359964	0.0	0.0	0.0	0.640036	0.0	0.0	0.0	0.0	
10	22	592.548641138	13010.206	13010.206	43.9475	0.977502	10	0	0	0	8	0	0	0	0	0.519678	0.0	0.0	0.0	0.929952	0.0	0.0	0.0	0.0	0.036989	0.0	0.0	0.0	521.236	0.0	0.0	0.0	0.0	0.003699	0.0	0.0	0.0	65.1545	0.0	0.0	0.0	0.0	2	0	0	0	7	0	0	0	0	0	0	0	0	0	0	0	0	0	7	0	0	0	1	0	0	0	0	0	0	0	0	0	0	0	0	0	0	0	0	0	0	0	0	0	0	1	0	0	0	0	0	0	0	0	0.519678	0.0	0.0	0.0	0.929952	0.0	0.0	0.0	0.0	0.35849	0.0	0.0	0.0	0.64151	0.0	0.0	0.0	0.0	
11	23	607.295187872	13010.206	13010.206	31.8029	0.969046	10	0	0	0	9	0	0	0	0	0.519678	0.0	0.0	0.0	0.85747	0.0	0.0	0.0	0.0	0.036989	0.0	0.0	0.0	535.983	0.0	0.0	0.0	0.0	0.003699	0.0	0.0	0.0	59.5536	0.0	0.0	0.0	0.0	2	0	0	0	7	0	0	0	0	0	0	0	0	0	0	0	0	0	7	0	0	0	2	0	0	0	0	0	0	0	0	0	0	0	0	0	0	0	0	0	0	0	0	0	0	1	0	0	0	0	0	0	0	0	0.519678	0.0	0.0	0.0	0.85747	0.0	0.0	0.0	0.0	0.377358	0.0	0.0	0.0	0.622642	0.0	0.0	0.0	0.0	
12	25	637.714893508	12935.618	12935.618	30.909	0.968165	11	0	0	0	10	0	0	0	0	0.467711	0.0	0.0	0.0	0.868484	0.0	0.0	0.0	0.0	0.037469	0.0	0.0	0.0	566.402	0.0	0.0	0.0	0.0	0.003406	0.0	0.0	0.0	56.6402	0.0	0.0	0.0	0.0	2	0	0	0	8	0	0	0	0	0	0	0	0	0	0	0	0	0	7	0	0	0	2	0	0	0	0	0	0	0	0	0	0	0	0	0	0	0	0	0	0	0	0	0	0	2	0	0	0	0	0	0	0	0	0.467711	0.0	0.0	0.0	0.868484	0.0	0.0	0.0	0.0	0.350032	0.0	0.0	0.0	0.649968	0.0	0.0	0.0	0.0	
13	26	665.628440407	12931.618	12931.618	29.1436	0.966269	11	0	0	0	11	0	0	0	0	0.467711	0.0	0.0	0.0	0.878601	0.0	0.0	0.0	0.0	0.037469	0.0	0.0	0.0	594.315	0.0	0.0	0.0	0.0	0.003406	0.0	0.0	0.0	54.0287	0.0	0.0	0.0	0.0	2	0	0	0	9	0	0	0	0	0	0	0	0	0	0	0	0	0	7	0	0	0	2	0	0	0	0	0	0	0	0	0	0	0	0	0	0	0	0	0	0	0	0	0	0	2	0	0	0	0	0	0	0	0	0.467711	0.0	0.0	0.0	0.878601	0.0	0.0	0.0	0.0	0.347401	0.0	0.0	0.0	0.652599	0.0	0.0	0.0	0.0	
14	27	692.782295426	12903.015	12903.015	27.6125	0.964432	11	0	0	0	12	0	0	0	0	0.467711	0.0	0.0	0.0	0.887902	0.0	0.0	0.0	0.0	0.037469	0.0	0.0	0.0	621.469	0.0	0.0	0.0	0.0	0.003406	0.0	0.0	0.0	51.7891	0.0	0.0	0.0	0.0	2	0	0	0	10	0	0	0	0	0	0	0	0	0	0	0	0	0	7	0	0	0	2	0	0	0	0	0	0	0	0	0	0	0	0	0	0	0	0	0	0	0	0	0	0	2	0	0	0	0	0	0	0	0	0.467711	0.0	0.0	0.0	0.887902	0.0	0.0	0.0	0.0	0.345018	0.0	0.0	0.0	0.654982	0.0	0.0	0.0	0.0	
15	30	722.589942301	12835.559	12835.559	26.2002	0.962552	13	0	0	0	13	0	0	0	0	0.378846	0.0	0.0	0.0	0.895899	0.0	0.0	0.0	0.0	0.038591	0.0	0.0	0.0	651.276	0.0	0.0	0.0	0.0	0.002969	0.0	0.0	0.0	50.0981	0.0	0.0	0.0	0.0	2	0	0	0	11	0	0	0	0	0	0	0	0	0	0	0	0	0	9	0	0	0	2	0	0	0	0	0	0	0	0	0	0	0	0	0	0	0	0	0	0	0	0	0	0	2	0	0	0	0	0	0	0	0	0.378846	0.0	0.0	0.0	0.895899	0.0	0.0	0.0	0.0	0.297193	0.0	0.0	0.0	0.702807	0.0	0.0	0.0	0.0	
16	31	737.236230073	12835.559	12835.559	24.7331	0.960375	13	0	0	0	14	0	0	0	0	0.378846	0.0	0.0	0.0	0.832162	0.0	0.0	0.0	0.0	0.038591	0.0	0.0	0.0	665.922	0.0	0.0	0.0	0.0	0.002969	0.0	0.0	0.0	47.5658	0.0	0.0	0.0	0.0	2	0	0	0	11	0	0	0	0	0	0	0	0	0	0	0	0	0	9	0	0	0	3	0	0	0	0	0	0	0	0	0	0	0	0	0	0	0	0	0	0	0	0	0	0	2	0	0	0	0	0	0	0	0	0.378846	0.0	0.0	0.0	0.832162	0.0	0.0	0.0	0.0	0.312835	0.0	0.0	0.0	0.687165	0.0	0.0	0.0	0.0	
17	33	757.748060825	12733.632	12733.632	24.0425	0.95926	14	0	0	0	15	0	0	0	0	0.340961	0.0	0.0	0.0	0.843992	0.0	0.0	0.0	0.0	0.039072	0.0	0.0	0.0	686.433	0.0	0.0	0.0	0.0	0.002791	0.0	0.0	0.0	45.7622	0.0	0.0	0.0	0.0	2	0	0	0	12	0	0	0	0	0	0	0	0	0	0	0	0	0	9	0	0	0	3	0	0	0	0	0	0	0	0	0	0	0	0	0	0	0	0	0	0	0	0	0	0	3	0	0	0	0	0	0	0	0	0.340961	0.0	0.0	0.0	0.843992	0.0	0.0	0.0	0.0	0.287742	0.0	0.0	0.0	0.712258	0.0	0.0	0.0	0.0	
18	34	778.936889206	12733.132	12733.132	23.1077	0.957647	14	0	0	0	16	0	0	0	0	0.340961	0.0	0.0	0.0	0.854944	0.0	0.0	0.0	0.0	0.039072	0.0	0.0	0.0	707.622	0.0	0.0	0.0	0.0	0.002791	0.0	0.0	0.0	44.2264	0.0	0.0	0.0	0.0	2	0	0	0	13	0	0	0	0	0	0	0	0	0	0	0	0	0	9	0	0	0	3	0	0	0	0	0	0	0	0	0	0	0	0	0	0	0	0	0	0	0	0	0	0	3	0	0	0	0	0	0	0	0	0.340961	0.0	0.0	0.0	0.854944	0.0	0.0	0.0	0.0	0.285107	0.0	0.0	0.0	0.714893	0.0	0.0	0.0	0.0	
19	35	810.13889783	12733.132	12733.132	22.1803	0.955916	14	0	0	0	17	0	0	0	0	0.340961	0.0	0.0	0.0	0.795148	0.0	0.0	0.0	0.0	0.039072	0.0	0.0	0.0	738.824	0.0	0.0	0.0	0.0	0.002791	0.0	0.0	0.0	43.4602	0.0	0.0	0.0	0.0	2	0	0	0	13	0	0	0	0	0	0	0	0	0	0	0	0	0	9	0	0	0	4	0	0	0	0	0	0	0	0	0	0	0	0	0	0	0	0	0	0	0	0	0	0	3	0	0	0	0	0	0	0	0	0.340961	0.0	0.0	0.0	0.795148	0.0	0.0	0.0	0.0	0.300113	0.0	0.0	0.0	0.699887	0.0	0.0	0.0	0.0	
20	36	824.713734133	12733.132	12733.132	20.8818	0.95324	14	0	0	0	18	0	0	0	0	0.340961	0.0	0.0	0.0	0.738343	0.0	0.0	0.0	0.0	0.039072	0.0	0.0	0.0	753.399	0.0	0.0	0.0	0.0	0.002791	0.0	0.0	0.0	41.8555	0.0	0.0	0.0	0.0	2	0	0	0	13	0	0	0	0	0	0	0	0	0	0	0	0	0	9	0	0	0	5	0	0	0	0	0	0	0	0	0	0	0	0	0	0	0	0	0	0	0	0	0	0	3	0	0	0	0	0	0	0	0	0.340961	0.0	0.0	0.0	0.738343	0.0	0.0	0.0	0.0	0.315908	0.0	0.0	0.0	0.684092	0.0	0.0	0.0	0.0	
21	37	864.487805695	12188.5	12188.5	20.3016	0.951936	14	0	0	0	19	0	0	0	0	0.340961	0.0	0.0	0.0	0.757467	0.0	0.0	0.0	0.0	0.039072	0.0	0.0	0.0	793.173	0.0	0.0	0.0	0.0	0.002791	0.0	0.0	0.0	41.7459	0.0	0.0	0.0	0.0	2	0	0	0	14	0	0	0	0	0	0	0	0	0	0	0	0	0	9	0	0	0	5	0	0	0	0	0	0	0	0	0	0	0	0	0	0	0	0	0	0	0	0	0	0	3	0	0	0	0	0	0	0	0	0.340961	0.0	0.0	0.0	0.757467	0.0	0.0	0.0	0.0	0.310408	0.0	0.0	0.0	0.689592	0.0	0.0	0.0	0.0	
22	38	879.322587083	12188.5	12188.5	18.799	0.948196	14	0	0	0	20	0	0	0	0	0.340961	0.0	0.0	0.0	0.702546	0.0	0.0	0.0	0.0	0.039072	0.0	0.0	0.0	808.008	0.0	0.0	0.0	0.0	0.002791	0.0	0.0	0.0	40.4004	0.0	0.0	0.0	0.0	2	0	0	0	14	0	0	0	0	0	0	0	0	0	0	0	0	0	9	0	0	0	6	0	0	0	0	0	0	0	0	0	0	0	0	0	0	0	0	0	0	0	0	0	0	3	0	0	0	0	0	0	0	0	0.340961	0.0	0.0	0.0	0.702546	0.0	0.0	0.0	0.0	0.326745	0.0	0.0	0.0	0.673255	0.0	0.0	0.0	0.0	
23	39	894.219782844	12188.5	12188.5	18.2674	0.946729	14	0	0	0	21	0	0	0	0	0.340961	0.0	0.0	0.0	0.65037	0.0	0.0	0.0	0.0	0.039072	0.0	0.0	0.0	822.905	0.0	0.0	0.0	0.0	0.002791	0.0	0.0	0.0	39.1859	0.0	0.0	0.0	0.0	2	0	0	0	14	0	0	0	0	0	0	0	0	0	0	0	0	0	9	0	0	0	7	0	0	0	0	0	0	0	0	0	0	0	0	0	0	0	0	0	0	0	0	0	0	3	0	0	0	0	0	0	0	0	0.340961	0.0	0.0	0.0	0.65037	0.0	0.0	0.0	0.0	0.343942	0.0	0.0	0.0	0.656058	0.0	0.0	0.0	0.0	
24	40	920.187018889	12182.0	12182.0	17.7488	0.945216	14	0	0	0	22	0	0	0	0	0.340961	0.0	0.0	0.0	0.677017	0.0	0.0	0.0	0.0	0.039072	0.0	0.0	0.0	848.872	0.0	0.0	0.0	0.0	0.002791	0.0	0.0	0.0	38.5851	0.0	0.0	0.0	0.0	2	0	0	0	15	0	0	0	0	0	0	0	0	0	0	0	0	0	9	0	0	0	7	0	0	0	0	0	0	0	0	0	0	0	0	0	0	0	0	0	0	0	0	0	0	3	0	0	0	0	0	0	0	0	0.340961	0.0	0.0	0.0	0.677017	0.0	0.0	0.0	0.0	0.33494	0.0	0.0	0.0	0.66506	0.0	0.0	0.0	0.0	
25	41	958.785094873	11870.132	11870.132	16.8797	0.942478	14	0	0	0	23	0	0	0	0	0.340961	0.0	0.0	0.0	0.701299	0.0	0.0	0.0	0.0	0.039072	0.0	0.0	0.0	887.47	0.0	0.0	0.0	0.0	0.002791	0.0	0.0	0.0	38.5857	0.0	0.0	0.0	0.0	2	0	0	0	16	0	0	0	0	0	0	0	0	0	0	0	0	0	9	0	0	0	7	0	0	0	0	0	0	0	0	0	0	0	0	0	0	0	0	0	0	0	0	0	0	3	0	0	0	0	0	0	0	0	0.340961	0.0	0.0	0.0	0.701299	0.0	0.0	0.0	0.0	0.327136	0.0	0.0	0.0	0.672864	0.0	0.0	0.0	0.0	
26	42	973.616876393	11870.132	11870.132	15.666	0.938162	14	0	0	0	24	0	0	0	0	0.340961	0.0	0.0	0.0	0.649186	0.0	0.0	0.0	0.0	0.039072	0.0	0.0	0.0	902.302	0.0	0.0	0.0	0.0	0.002791	0.0	0.0	0.0	37.5959	0.0	0.0	0.0	0.0	2	0	0	0	16	0	0	0	0	0	0	0	0	0	0	0	0	0	9	0	0	0	8	0	0	0	0	0	0	0	0	0	0	0	0	0	0	0	0	0	0	0	0	0	0	3	0	0	0	0	0	0	0	0	0.340961	0.0	0.0	0.0	0.649186	0.0	0.0	0.0	0.0	0.344354	0.0	0.0	0.0	0.655646	0.0	0.0	0.0	0.0	
27	43	988.372439208	11870.132	11870.132	15.2231	0.936422	14	0	0	0	25	0	0	0	0	0.340961	0.0	0.0	0.0	0.599679	0.0	0.0	0.0	0.0	0.039072	0.0	0.0	0.0	917.057	0.0	0.0	0.0	0.0	0.002791	0.0	0.0	0.0	36.6823	0.0	0.0	0.0	0.0	2	0	0	0	16	0	0	0	0	0	0	0	0	0	0	0	0	0	9	0	0	0	9	0	0	0	0	0	0	0	0	0	0	0	0	0	0	0	0	0	0	0	0	0	0	3	0	0	0	0	0	0	0	0	0.340961	0.0	0.0	0.0	0.599679	0.0	0.0	0.0	0.0	0.362478	0.0	0.0	0.0	0.637522	0.0	0.0	0.0	0.0	
28	44	1005.599928256	11867.632	11867.632	14.795	0.934643	14	0	0	0	26	0	0	0	0	0.340961	0.0	0.0	0.0	0.631075	0.0	0.0	0.0	0.0	0.039072	0.0	0.0	0.0	934.285	0.0	0.0	0.0	0.0	0.002791	0.0	0.0	0.0	35.934	0.0	0.0	0.0	0.0	2	0	0	0	17	0	0	0	0	0	0	0	0	0	0	0	0	0	9	0	0	0	9	0	0	0	0	0	0	0	0	0	0	0	0	0	0	0	0	0	0	0	0	0	0	3	0	0	0	0	0	0	0	0	0.340961	0.0	0.0	0.0	0.631075	0.0	0.0	0.0	0.0	0.35077	0.0	0.0	0.0	0.64923	0.0	0.0	0.0	0.0	
29	45	1054.915874947	11678.279	11678.279	14.3103	0.932506	14	0	0	0	27	0	0	0	0	0.340961	0.0	0.0	0.0	0.659488	0.0	0.0	0.0	0.0	0.039072	0.0	0.0	0.0	983.601	0.0	0.0	0.0	0.0	0.002791	0.0	0.0	0.0	36.4297	0.0	0.0	0.0	0.0	2	0	0	0	18	0	0	0	0	0	0	0	0	0	0	0	0	0	9	0	0	0	9	0	0	0	0	0	0	0	0	0	0	0	0	0	0	0	0	0	0	0	0	0	0	3	0	0	0	0	0	0	0	0	0.340961	0.0	0.0	0.0	0.659488	0.0	0.0	0.0	0.0	0.340808	0.0	0.0	0.0	0.659192	0.0	0.0	0.0	0.0	
30	50	1074.518219295	11651.279	11651.279	13.0089	0.92601	18	0	0	0	28	0	0	0	0	0.304705	0.0	0.0	0.0	0.68438	0.0	0.0	0.0	0.0	0.041471	0.0	0.0	0.0	1003.2	0.0	0.0	0.0	0.0	0.002304	0.0	0.0	0.0	35.8286	0.0	0.0	0.0	0.0	3	0	0	0	19	0	0	0	0	0	0	0	0	0	0	0	0	0	10	0	0	0	9	0	0	0	0	0	0	0	0	0	0	0	0	0	0	0	0	0	0	0	0	0	0	5	0	0	0	0	0	0	0	0	0.304705	0.0	0.0	0.0	0.68438	0.0	0.0	0.0	0.0	0.308067	0.0	0.0	0.0	0.691933	0.0	0.0	0.0	0.0	
31	51	1088.726677628	11651.279	11651.279	12.5251	0.923264	18	0	0	0	29	0	0	0	0	0.304705	0.0	0.0	0.0	0.634926	0.0	0.0	0.0	0.0	0.041471	0.0	0.0	0.0	1017.41	0.0	0.0	0.0	0.0	0.002304	0.0	0.0	0.0	35.0831	0.0	0.0	0.0	0.0	3	0	0	0	19	0	0	0	0	0	0	0	0	0	0	0	0	0	10	0	0	0	10	0	0	0	0	0	0	0	0	0	0	0	0	0	0	0	0	0	0	0	0	0	0	5	0	0	0	0	0	0	0	0	0.304705	0.0	0.0	0.0	0.634926	0.0	0.0	0.0	0.0	0.324281	0.0	0.0	0.0	0.675719	0.0	0.0	0.0	0.0	
32	52	1103.020301018	11651.279	11651.279	12.1857	0.921214	18	0	0	0	30	0	0	0	0	0.304705	0.0	0.0	0.0	0.587944	0.0	0.0	0.0	0.0	0.041471	0.0	0.0	0.0	1031.7	0.0	0.0	0.0	0.0	0.002304	0.0	0.0	0.0	34.3901	0.0	0.0	0.0	0.0	3	0	0	0	19	0	0	0	0	0	0	0	0	0	0	0	0	0	10	0	0	0	11	0	0	0	0	0	0	0	0	0	0	0	0	0	0	0	0	0	0	0	0	0	0	5	0	0	0	0	0	0	0	0	0.304705	0.0	0.0	0.0	0.587944	0.0	0.0	0.0	0.0	0.341349	0.0	0.0	0.0	0.658651	0.0	0.0	0.0	0.0	
33	53	1117.461700836	11651.279	11651.279	11.8536	0.919098	18	0	0	0	31	0	0	0	0	0.304705	0.0	0.0	0.0	0.543312	0.0	0.0	0.0	0.0	0.041471	0.0	0.0	0.0	1046.14	0.0	0.0	0.0	0.0	0.002304	0.0	0.0	0.0	33.7466	0.0	0.0	0.0	0.0	3	0	0	0	19	0	0	0	0	0	0	0	0	0	0	0	0	0	10	0	0	0	12	0	0	0	0	0	0	0	0	0	0	0	0	0	0	0	0	0	0	0	0	0	0	5	0	0	0	0	0	0	0	0	0.304705	0.0	0.0	0.0	0.543312	0.0	0.0	0.0	0.0	0.359315	0.0	0.0	0.0	0.640685	0.0	0.0	0.0	0.0	
34	54	1131.944164286	11651.279	11651.279	11.5272	0.916905	18	0	0	0	32	0	0	0	0	0.304705	0.0	0.0	0.0	0.500911	0.0	0.0	0.0	0.0	0.041471	0.0	0.0	0.0	1060.63	0.0	0.0	0.0	0.0	0.002304	0.0	0.0	0.0	33.1446	0.0	0.0	0.0	0.0	3	0	0	0	19	0	0	0	0	0	0	0	0	0	0	0	0	0	10	0	0	0	13	0	0	0	0	0	0	0	0	0	0	0	0	0	0	0	0	0	0	0	0	0	0	5	0	0	0	0	0	0	0	0	0.304705	0.0	0.0	0.0	0.500911	0.0	0.0	0.0	0.0	0.378226	0.0	0.0	0.0	0.621774	0.0	0.0	0.0	0.0	
35	56	1169.256411135	11451.132	11451.132	11.2089	0.914649	19	0	0	0	33	0	0	0	0	0.274234	0.0	0.0	0.0	0.539527	0.0	0.0	0.0	0.0	0.041954	0.0	0.0	0.0	1097.94	0.0	0.0	0.0	0.0	0.002208	0.0	0.0	0.0	33.2709	0.0	0.0	0.0	0.0	3	0	0	0	20	0	0	0	0	0	0	0	0	0	0	0	0	0	10	0	0	0	13	0	0	0	0	0	0	0	0	0	0	0	0	0	0	0	0	0	0	0	0	0	0	6	0	0	0	0	0	0	0	0	0.274234	0.0	0.0	0.0	0.539527	0.0	0.0	0.0	0.0	0.336996	0.0	0.0	0.0	0.663004	0.0	0.0	0.0	0.0	
36	60	1210.080640625	11378.515	11378.515	10.4288	0.908565	22	0	0	0	34	0	0	0	0	0.199917	0.0	0.0	0.0	0.571082	0.0	0.0	0.0	0.0	0.04455	0.0	0.0	0.0	1138.76	0.0	0.0	0.0	0.0	0.002025	0.0	0.0	0.0	33.4929	0.0	0.0	0.0	0.0	3	0	0	0	21	0	0	0	0	0	0	0	0	0	0	0	0	0	11	0	0	0	13	0	0	0	0	1	0	0	0	0	0	0	0	0	0	0	0	0	0	0	0	0	0	7	0	0	0	0	0	0	0	0	0.199917	0.0	0.0	0.0	0.571082	0.0	0.0	0.0	0.0	0.259296	0.0	0.0	0.0	0.740704	0.0	0.0	0.0	0.0	
37	61	1224.744426145	11378.515	11378.515	9.63734	0.901439	22	0	0	0	35	0	0	0	0	0.199917	0.0	0.0	0.0	0.532532	0.0	0.0	0.0	0.0	0.04455	0.0	0.0	0.0	1153.42	0.0	0.0	0.0	0.0	0.002025	0.0	0.0	0.0	32.955	0.0	0.0	0.0	0.0	3	0	0	0	21	0	0	0	0	0	0	0	0	0	0	0	0	0	11	0	0	0	14	0	0	0	0	1	0	0	0	0	0	0	0	0	0	0	0	0	0	0	0	0	0	7	0	0	0	0	0	0	0	0	0.199917	0.0	0.0	0.0	0.532532	0.0	0.0	0.0	0.0	0.272943	0.0	0.0	0.0	0.727057	0.0	0.0	0.0	0.0	
38	62	1239.21251097	11378.515	11378.515	9.36795	0.898753	22	0	0	0	36	0	0	0	0	0.199917	0.0	0.0	0.0	0.49591	0.0	0.0	0.0	0.0	0.04455	0.0	0.0	0.0	1167.89	0.0	0.0	0.0	0.0	0.002025	0.0	0.0	0.0	32.4414	0.0	0.0	0.0	0.0	3	0	0	0	21	0	0	0	0	0	0	0	0	0	0	0	0	0	11	0	0	0	15	0	0	0	0	1	0	0	0	0	0	0	0	0	0	0	0	0	0	0	0	0	0	7	0	0	0	0	0	0	0	0	0.199917	0.0	0.0	0.0	0.49591	0.0	0.0	0.0	0.0	0.287308	0.0	0.0	0.0	0.712692	0.0	0.0	0.0	0.0	
39	63	1253.613895775	11378.515	11378.515	9.10954	0.896036	22	0	0	0	37	0	0	0	0	0.199917	0.0	0.0	0.0	0.461118	0.0	0.0	0.0	0.0	0.04455	0.0	0.0	0.0	1182.29	0.0	0.0	0.0	0.0	0.002025	0.0	0.0	0.0	31.9539	0.0	0.0	0.0	0.0	3	0	0	0	21	0	0	0	0	0	0	0	0	0	0	0	0	0	11	0	0	0	16	0	0	0	0	1	0	0	0	0	0	0	0	0	0	0	0	0	0	0	0	0	0	7	0	0	0	0	0	0	0	0	0.199917	0.0	0.0	0.0	0.461118	0.0	0.0	0.0	0.0	0.30243	0.0	0.0	0.0	0.69757	0.0	0.0	0.0	0.0	
40	64	1277.96156134	11356.015	11356.015	8.8594	0.893263	22	0	0	0	38	0	0	0	0	0.199917	0.0	0.0	0.0	0.499744	0.0	0.0	0.0	0.0	0.04455	0.0	0.0	0.0	1206.64	0.0	0.0	0.0	0.0	0.002025	0.0	0.0	0.0	31.7537	0.0	0.0	0.0	0.0	3	0	0	0	22	0	0	0	0	0	0	0	0	0	0	0	0	0	11	0	0	0	16	0	0	0	0	1	0	0	0	0	0	0	0	0	0	0	0	0	0	0	0	0	0	7	0	0	0	0	0	0	0	0	0.199917	0.0	0.0	0.0	0.499744	0.0	0.0	0.0	0.0	0.285734	0.0	0.0	0.0	0.714266	0.0	0.0	0.0	0.0	
41	65	1296.055246466	11312.515	11312.515	8.45203	0.888416	22	0	0	0	39	0	0	0	0	0.199917	0.0	0.0	0.0	0.534763	0.0	0.0	0.0	0.0	0.04455	0.0	0.0	0.0	1224.73	0.0	0.0	0.0	0.0	0.002025	0.0	0.0	0.0	31.4034	0.0	0.0	0.0	0.0	3	0	0	0	23	0	0	0	0	0	0	0	0	0	0	0	0	0	11	0	0	0	16	0	0	0	0	1	0	0	0	0	0	0	0	0	0	0	0	0	0	0	0	0	0	7	0	0	0	0	0	0	0	0	0.199917	0.0	0.0	0.0	0.534763	0.0	0.0	0.0	0.0	0.272114	0.0	0.0	0.0	0.727886	0.0	0.0	0.0	0.0	
42	67	1310.549158627	11312.515	11312.515	8.16147	0.884682	23	0	0	0	40	0	0	0	0	0.179925	0.0	0.0	0.0	0.499028	0.0	0.0	0.0	0.0	0.045046	0.0	0.0	0.0	1239.23	0.0	0.0	0.0	0.0	0.001959	0.0	0.0	0.0	30.9807	0.0	0.0	0.0	0.0	3	0	0	0	23	0	0	0	0	0	0	0	0	0	0	0	0	0	11	0	0	0	17	0	0	0	0	1	0	0	0	0	0	0	0	0	0	0	0	0	0	0	0	0	0	8	0	0	0	0	0	0	0	0	0.179925	0.0	0.0	0.0	0.499028	0.0	0.0	0.0	0.0	0.265003	0.0	0.0	0.0	0.734997	0.0	0.0	0.0	0.0	
43	68	1337.396315961	11311.515	11311.515	7.93595	0.881607	23	0	0	0	41	0	0	0	0	0.179925	0.0	0.0	0.0	0.533108	0.0	0.0	0.0	0.0	0.045046	0.0	0.0	0.0	1266.07	0.0	0.0	0.0	0.0	0.001959	0.0	0.0	0.0	30.8799	0.0	0.0	0.0	0.0	3	0	0	0	24	0	0	0	0	0	0	0	0	0	0	0	0	0	11	0	0	0	17	0	0	0	0	1	0	0	0	0	0	0	0	0	0	0	0	0	0	0	0	0	0	8	0	0	0	0	0	0	0	0	0.179925	0.0	0.0	0.0	0.533108	0.0	0.0	0.0	0.0	0.252337	0.0	0.0	0.0	0.747663	0.0	0.0	0.0	0.0	
44	69	1357.188694756	11273.515	11273.515	7.53454	0.875708	23	0	0	0	42	0	0	0	0	0.179925	0.0	0.0	0.0	0.564332	0.0	0.0	0.0	0.0	0.045046	0.0	0.0	0.0	1285.87	0.0	0.0	0.0	0.0	0.001959	0.0	0.0	0.0	30.6159	0.0	0.0	0.0	0.0	3	0	0	0	25	0	0	0	0	0	0	0	0	0	0	0	0	0	11	0	0	0	17	0	0	0	0	1	0	0	0	0	0	0	0	0	0	0	0	0	0	0	0	0	0	8	0	0	0	0	0	0	0	0	0.179925	0.0	0.0	0.0	0.564332	0.0	0.0	0.0	0.0	0.241751	0.0	0.0	0.0	0.758249	0.0	0.0	0.0	0.0	
45	70	1371.630306389	11273.515	11273.515	7.25167	0.871186	23	0	0	0	43	0	0	0	0	0.179925	0.0	0.0	0.0	0.527119	0.0	0.0	0.0	0.0	0.045046	0.0	0.0	0.0	1300.31	0.0	0.0	0.0	0.0	0.001959	0.0	0.0	0.0	30.2397	0.0	0.0	0.0	0.0	3	0	0	0	25	0	0	0	0	0	0	0	0	0	0	0	0	0	11	0	0	0	18	0	0	0	0	1	0	0	0	0	0	0	0	0	0	0	0	0	0	0	0	0	0	8	0	0	0	0	0	0	0	0	0.179925	0.0	0.0	0.0	0.527119	0.0	0.0	0.0	0.0	0.254475	0.0	0.0	0.0	0.745525	0.0	0.0	0.0	0.0	
46	72	1385.993462853	11273.515	11273.515	7.05198	0.867791	24	0	0	0	44	0	0	0	0	0.161932	0.0	0.0	0.0	0.492666	0.0	0.0	0.0	0.0	0.046414	0.0	0.0	0.0	1314.67	0.0	0.0	0.0	0.0	0.001934	0.0	0.0	0.0	29.8789	0.0	0.0	0.0	0.0	3	0	0	0	25	0	0	0	0	0	0	0	0	0	0	0	0	0	11	0	0	0	19	0	0	0	0	2	0	0	0	0	0	0	0	0	0	0	0	0	0	0	0	0	0	8	0	0	0	0	0	0	0	0	0.161932	0.0	0.0	0.0	0.492666	0.0	0.0	0.0	0.0	0.247377	0.0	0.0	0.0	0.752623	0.0	0.0	0.0	0.0	
47	73	1400.649232142	11273.515	11273.515	6.85886	0.864333	24	0	0	0	45	0	0	0	0	0.161932	0.0	0.0	0.0	0.459936	0.0	0.0	0.0	0.0	0.046414	0.0	0.0	0.0	1329.33	0.0	0.0	0.0	0.0	0.001934	0.0	0.0	0.0	29.5406	0.0	0.0	0.0	0.0	3	0	0	0	25	0	0	0	0	0	0	0	0	0	0	0	0	0	11	0	0	0	20	0	0	0	0	2	0	0	0	0	0	0	0	0	0	0	0	0	0	0	0	0	0	8	0	0	0	0	0	0	0	0	0.161932	0.0	0.0	0.0	0.459936	0.0	0.0	0.0	0.0	0.260397	0.0	0.0	0.0	0.739603	0.0	0.0	0.0	0.0	
48	74	1420.729181403	11273.515	11273.515	6.66724	0.860719	24	0	0	0	46	0	0	0	0	0.161932	0.0	0.0	0.0	0.428843	0.0	0.0	0.0	0.0	0.046414	0.0	0.0	0.0	1349.41	0.0	0.0	0.0	0.0	0.001934	0.0	0.0	0.0	29.3349	0.0	0.0	0.0	0.0	3	0	0	0	25	0	0	0	0	0	0	0	0	0	0	0	0	0	11	0	0	0	21	0	0	0	0	2	0	0	0	0	0	0	0	0	0	0	0	0	0	0	0	0	0	8	0	0	0	0	0	0	0	0	0.161932	0.0	0.0	0.0	0.428843	0.0	0.0	0.0	0.0	0.274102	0.0	0.0	0.0	0.725898	0.0	0.0	0.0	0.0	
49	76	1463.460951856	11273.498529411767	11273.515	6.41335	0.855624	25	0	0	0	47	0	0	0	0	0.245739	0.0	0.0	0.0	0.395114	0.0	0.0	0.0	0.0	0.047624	0.0	0.0	0.0	1392.14	0.0	0.0	0.0	0.0	0.001905	0.0	0.0	0.0	29.6199	0.0	0.0	0.0	0.0	4	0	0	0	25	0	0	0	0	0	0	0	0	0	0	0	0	0	11	0	0	0	22	0	0	0	0	2	0	0	0	0	0	0	0	0	0	0	0	0	0	0	0	0	0	8	0	0	0	0	0	0	0	0	0.245739	0.0	0.0	0.0	0.395114	0.0	0.0	0.0	0.0	0.383456	0.0	0.0	0.0	0.616544	0.0	0.0	0.0	0.0	
50	78	1478.214215153	11273.498529411767	11273.515	5.9048	0.84421	26	0	0	0	48	0	0	0	0	0.221165	0.0	0.0	0.0	0.3643	0.0	0.0	0.0	0.0	0.049069	0.0	0.0	0.0	1406.89	0.0	0.0	0.0	0.0	0.001887	0.0	0.0	0.0	29.3102	0.0	0.0	0.0	0.0	4	0	0	0	25	0	0	0	0	0	0	0	0	0	0	0	0	0	11	0	0	0	23	0	0	0	0	3	0	0	0	0	0	0	0	0	0	0	0	0	0	0	0	0	0	8	0	0	0	0	0	0	0	0	0.221165	0.0	0.0	0.0	0.3643	0.0	0.0	0.0	0.0	0.37776	0.0	0.0	0.0	0.62224	0.0	0.0	0.0	0.0	
51	80	1526.871778095	11240.044	11240.044	5.73876	0.840084	27	0	0	0	49	0	0	0	0	0.199049	0.0	0.0	0.0	0.413452	0.0	0.0	0.0	0.0	0.049722	0.0	0.0	0.0	1455.55	0.0	0.0	0.0	0.0	0.001842	0.0	0.0	0.0	29.705	0.0	0.0	0.0	0.0	4	0	0	0	26	0	0	0	0	0	0	0	0	0	0	0	0	0	11	0	0	0	23	0	0	0	0	3	0	0	0	0	0	0	0	0	0	0	0	0	0	0	0	0	0	9	0	0	0	0	0	0	0	0	0.199049	0.0	0.0	0.0	0.413452	0.0	0.0	0.0	0.0	0.324977	0.0	0.0	0.0	0.675023	0.0	0.0	0.0	0.0	
52	83	1544.785452111	11240.041058823525	11240.044	5.22351	0.825767	29	0	0	0	50	0	0	0	0	0.26123	0.0	0.0	0.0	0.379718	0.0	0.0	0.0	0.0	0.051614	0.0	0.0	0.0	1473.46	0.0	0.0	0.0	0.0	0.00178	0.0	0.0	0.0	29.4691	0.0	0.0	0.0	0.0	5	0	0	0	26	0	0	0	0	0	0	0	0	0	0	0	0	0	11	0	0	0	24	0	0	0	0	3	0	0	0	0	0	0	0	0	0	0	0	0	0	0	0	0	0	10	0	0	0	0	0	0	0	0	0.26123	0.0	0.0	0.0	0.379718	0.0	0.0	0.0	0.0	0.407568	0.0	0.0	0.0	0.592432	0.0	0.0	0.0	0.0	
53	84	1576.6755566	11207.544	11207.544	5.04571	0.820216	29	0	0	0	51	0	0	0	0	0.26123	0.0	0.0	0.0	0.432068	0.0	0.0	0.0	0.0	0.051614	0.0	0.0	0.0	1505.35	0.0	0.0	0.0	0.0	0.00178	0.0	0.0	0.0	29.5166	0.0	0.0	0.0	0.0	5	0	0	0	27	0	0	0	0	0	0	0	0	0	0	0	0	0	11	0	0	0	24	0	0	0	0	3	0	0	0	0	0	0	0	0	0	0	0	0	0	0	0	0	0	10	0	0	0	0	0	0	0	0	0.26123	0.0	0.0	0.0	0.432068	0.0	0.0	0.0	0.0	0.376793	0.0	0.0	0.0	0.623207	0.0	0.0	0.0	0.0	
54	85	1591.403816455	11207.544	11207.544	4.74401	0.809943	29	0	0	0	52	0	0	0	0	0.26123	0.0	0.0	0.0	0.397403	0.0	0.0	0.0	0.0	0.051614	0.0	0.0	0.0	1520.08	0.0	0.0	0.0	0.0	0.00178	0.0	0.0	0.0	29.2322	0.0	0.0	0.0	0.0	5	0	0	0	27	0	0	0	0	0	0	0	0	0	0	0	0	0	11	0	0	0	25	0	0	0	0	3	0	0	0	0	0	0	0	0	0	0	0	0	0	0	0	0	0	10	0	0	0	0	0	0	0	0	0.26123	0.0	0.0	0.0	0.397403	0.0	0.0	0.0	0.0	0.396624	0.0	0.0	0.0	0.603376	0.0	0.0	0.0	0.0	
55	86	1638.25460917	11193.853	11193.853	4.61083	0.805026	29	0	0	0	53	0	0	0	0	0.26123	0.0	0.0	0.0	0.447339	0.0	0.0	0.0	0.0	0.051614	0.0	0.0	0.0	1566.93	0.0	0.0	0.0	0.0	0.00178	0.0	0.0	0.0	29.5646	0.0	0.0	0.0	0.0	5	0	0	0	28	0	0	0	0	0	0	0	0	0	0	0	0	0	11	0	0	0	25	0	0	0	0	3	0	0	0	0	0	0	0	0	0	0	0	0	0	0	0	0	0	10	0	0	0	0	0	0	0	0	0.26123	0.0	0.0	0.0	0.447339	0.0	0.0	0.0	0.0	0.368672	0.0	0.0	0.0	0.631328	0.0	0.0	0.0	0.0	
56	89	1654.276514433	11139.147	11139.147	4.21154	0.788642	31	0	0	0	54	0	0	0	0	0.211596	0.0	0.0	0.0	0.488043	0.0	0.0	0.0	0.0	0.052562	0.0	0.0	0.0	1582.95	0.0	0.0	0.0	0.0	0.001696	0.0	0.0	0.0	29.3138	0.0	0.0	0.0	0.0	5	0	0	0	29	0	0	0	0	0	0	0	0	0	0	0	0	0	11	0	0	0	25	0	0	0	0	3	0	0	0	0	0	0	0	0	0	0	0	0	0	0	0	0	0	12	0	0	0	0	0	0	0	0	0.211596	0.0	0.0	0.0	0.488043	0.0	0.0	0.0	0.0	0.302436	0.0	0.0	0.0	0.697564	0.0	0.0	0.0	0.0	
57	90	1671.502524936	11139.147	11139.147	4.08309	0.782773	31	0	0	0	55	0	0	0	0	0.211596	0.0	0.0	0.0	0.453061	0.0	0.0	0.0	0.0	0.052562	0.0	0.0	0.0	1600.17	0.0	0.0	0.0	0.0	0.001696	0.0	0.0	0.0	29.0941	0.0	0.0	0.0	0.0	5	0	0	0	29	0	0	0	0	0	0	0	0	0	0	0	0	0	11	0	0	0	26	0	0	0	0	3	0	0	0	0	0	0	0	0	0	0	0	0	0	0	0	0	0	12	0	0	0	0	0	0	0	0	0.211596	0.0	0.0	0.0	0.453061	0.0	0.0	0.0	0.0	0.318354	0.0	0.0	0.0	0.681646	0.0	0.0	0.0	0.0	
58	91	1686.048287049	11139.147	11139.147	3.94934	0.776307	31	0	0	0	56	0	0	0	0	0.211596	0.0	0.0	0.0	0.419828	0.0	0.0	0.0	0.0	0.052562	0.0	0.0	0.0	1614.72	0.0	0.0	0.0	0.0	0.001696	0.0	0.0	0.0	28.8343	0.0	0.0	0.0	0.0	5	0	0	0	29	0	0	0	0	0	0	0	0	0	0	0	0	0	11	0	0	0	27	0	0	0	0	3	0	0	0	0	0	0	0	0	0	0	0	0	0	0	0	0	0	12	0	0	0	0	0	0	0	0	0.211596	0.0	0.0	0.0	0.419828	0.0	0.0	0.0	0.0	0.335109	0.0	0.0	0.0	0.664891	0.0	0.0	0.0	0.0	
59	92	1731.973025294	11139.147	11139.147	3.83982	0.770721	31	0	0	0	57	0	0	0	0	0.211596	0.0	0.0	0.0	0.388257	0.0	0.0	0.0	0.0	0.052562	0.0	0.0	0.0	1660.64	0.0	0.0	0.0	0.0	0.001696	0.0	0.0	0.0	29.1341	0.0	0.0	0.0	0.0	5	0	0	0	29	0	0	0	0	0	0	0	0	0	0	0	0	0	11	0	0	0	28	0	0	0	0	3	0	0	0	0	0	0	0	0	0	0	0	0	0	0	0	0	0	12	0	0	0	0	0	0	0	0	0.211596	0.0	0.0	0.0	0.388257	0.0	0.0	0.0	0.0	0.352747	0.0	0.0	0.0	0.647253	0.0	0.0	0.0	0.0	
60	93	1758.977882483	11111.103	11111.103	3.51359	0.752308	31	0	0	0	58	0	0	0	0	0.211596	0.0	0.0	0.0	0.435513	0.0	0.0	0.0	0.0	0.052562	0.0	0.0	0.0	1687.65	0.0	0.0	0.0	0.0	0.001696	0.0	0.0	0.0	29.0974	0.0	0.0	0.0	0.0	5	0	0	0	30	0	0	0	0	0	0	0	0	0	0	0	0	0	11	0	0	0	28	0	0	0	0	3	0	0	0	0	0	0	0	0	0	0	0	0	0	0	0	0	0	12	0	0	0	0	0	0	0	0	0.211596	0.0	0.0	0.0	0.435513	0.0	0.0	0.0	0.0	0.326986	0.0	0.0	0.0	0.673014	0.0	0.0	0.0	0.0	
61	95	1788.851905948	11095.086529411767	11095.103	3.33484	0.740919	32	0	0	0	59	0	0	0	0	0.290436	0.0	0.0	0.0	0.399216	0.0	0.0	0.0	0.0	0.053746	0.0	0.0	0.0	1717.52	0.0	0.0	0.0	0.0	0.00168	0.0	0.0	0.0	29.1105	0.0	0.0	0.0	0.0	6	0	0	0	30	0	0	0	0	0	0	0	0	0	0	0	0	0	11	0	0	0	29	0	0	0	0	3	0	0	0	0	0	0	0	0	0	0	0	0	0	0	0	0	0	12	0	0	0	0	0	0	0	0	0.290436	0.0	0.0	0.0	0.399216	0.0	0.0	0.0	0.0	0.421134	0.0	0.0	0.0	0.578866	0.0	0.0	0.0	0.0	
62	96	1803.630049182	11095.086529411767	11095.103	3.14769	0.727826	32	0	0	0	60	0	0	0	0	0.290436	0.0	0.0	0.0	0.364733	0.0	0.0	0.0	0.0	0.053746	0.0	0.0	0.0	1732.3	0.0	0.0	0.0	0.0	0.00168	0.0	0.0	0.0	28.8717	0.0	0.0	0.0	0.0	6	0	0	0	30	0	0	0	0	0	0	0	0	0	0	0	0	0	11	0	0	0	30	0	0	0	0	3	0	0	0	0	0	0	0	0	0	0	0	0	0	0	0	0	0	12	0	0	0	0	0	0	0	0	0.290436	0.0	0.0	0.0	0.364733	0.0	0.0	0.0	0.0	0.443299	0.0	0.0	0.0	0.556701	0.0	0.0	0.0	0.0	
63	97	1818.145412004	11095.086529411767	11095.103	3.05903	0.721155	32	0	0	0	61	0	0	0	0	0.290436	0.0	0.0	0.0	0.331975	0.0	0.0	0.0	0.0	0.053746	0.0	0.0	0.0	1746.81	0.0	0.0	0.0	0.0	0.00168	0.0	0.0	0.0	28.6363	0.0	0.0	0.0	0.0	6	0	0	0	30	0	0	0	0	0	0	0	0	0	0	0	0	0	11	0	0	0	31	0	0	0	0	3	0	0	0	0	0	0	0	0	0	0	0	0	0	0	0	0	0	12	0	0	0	0	0	0	0	0	0.290436	0.0	0.0	0.0	0.331975	0.0	0.0	0.0	0.0	0.466631	0.0	0.0	0.0	0.533369	0.0	0.0	0.0	0.0	
64	100	1839.284758742	10984.838	10984.838	2.97437	0.714476	34	0	0	0	62	0	0	0	0	0.235253	0.0	0.0	0.0	0.389046	0.0	0.0	0.0	0.0	0.054933	0.0	0.0	0.0	1767.95	0.0	0.0	0.0	0.0	0.001616	0.0	0.0	0.0	28.5154	0.0	0.0	0.0	0.0	6	0	0	0	31	0	0	0	0	0	0	0	0	0	0	0	0	0	12	0	0	0	31	0	0	0	0	3	0	0	0	0	0	0	0	0	0	0	0	0	0	0	0	0	0	13	0	0	0	0	0	0	0	0	0.235253	0.0	0.0	0.0	0.389046	0.0	0.0	0.0	0.0	0.376828	0.0	0.0	0.0	0.623172	0.0	0.0	0.0	0.0	
65	101	1858.356964592	10973.309	10973.309	2.85527	0.704526	34	0	0	0	63	0	0	0	0	0.235253	0.0	0.0	0.0	0.438066	0.0	0.0	0.0	0.0	0.054933	0.0	0.0	0.0	1787.03	0.0	0.0	0.0	0.0	0.001616	0.0	0.0	0.0	28.3655	0.0	0.0	0.0	0.0	6	0	0	0	32	0	0	0	0	0	0	0	0	0	0	0	0	0	12	0	0	0	31	0	0	0	0	3	0	0	0	0	0	0	0	0	0	0	0	0	0	0	0	0	0	13	0	0	0	0	0	0	0	0	0.235253	0.0	0.0	0.0	0.438066	0.0	0.0	0.0	0.0	0.349394	0.0	0.0	0.0	0.650606	0.0	0.0	0.0	0.0	
66	103	1873.515901772	10973.309	10973.309	2.7519	0.695318	35	0	0	0	64	0	0	0	0	0.211728	0.0	0.0	0.0	0.405576	0.0	0.0	0.0	0.0	0.055429	0.0	0.0	0.0	1802.18	0.0	0.0	0.0	0.0	0.001584	0.0	0.0	0.0	28.1591	0.0	0.0	0.0	0.0	6	0	0	0	32	0	0	0	0	0	0	0	0	0	0	0	0	0	12	0	0	0	32	0	0	0	0	3	0	0	0	0	0	0	0	0	0	0	0	0	0	0	0	0	0	14	0	0	0	0	0	0	0	0	0.211728	0.0	0.0	0.0	0.405576	0.0	0.0	0.0	0.0	0.342988	0.0	0.0	0.0	0.657012	0.0	0.0	0.0	0.0	
67	104	1900.453295051	10924.441	10924.441	2.67242	0.687844	35	0	0	0	65	0	0	0	0	0.211728	0.0	0.0	0.0	0.450813	0.0	0.0	0.0	0.0	0.055429	0.0	0.0	0.0	1829.12	0.0	0.0	0.0	0.0	0.001584	0.0	0.0	0.0	28.1403	0.0	0.0	0.0	0.0	6	0	0	0	33	0	0	0	0	0	0	0	0	0	0	0	0	0	12	0	0	0	32	0	0	0	0	3	0	0	0	0	0	0	0	0	0	0	0	0	0	0	0	0	0	14	0	0	0	0	0	0	0	0	0.211728	0.0	0.0	0.0	0.450813	0.0	0.0	0.0	0.0	0.31957	0.0	0.0	0.0	0.68043	0.0	0.0	0.0	0.0	
68	106	1936.179974016	10900.809	10900.809	2.5368	0.67422	36	0	0	0	66	0	0	0	0	0.290555	0.0	0.0	0.0	0.49597	0.0	0.0	0.0	0.0	0.056537	0.0	0.0	0.0	1864.85	0.0	0.0	0.0	0.0	0.00157	0.0	0.0	0.0	28.2552	0.0	0.0	0.0	0.0	7	0	0	0	34	0	0	0	0	0	0	0	0	0	0	0	0	0	12	0	0	0	32	0	0	0	0	3	0	0	0	0	0	0	0	0	0	0	0	0	0	0	0	0	0	14	0	0	0	0	0	0	0	0	0.290555	0.0	0.0	0.0	0.49597	0.0	0.0	0.0	0.0	0.369416	0.0	0.0	0.0	0.630584	0.0	0.0	0.0	0.0	
69	107	1955.039634892	10900.809	10900.809	2.36749	0.65548	36	0	0	0	67	0	0	0	0	0.290555	0.0	0.0	0.0	0.456644	0.0	0.0	0.0	0.0	0.056537	0.0	0.0	0.0	1883.71	0.0	0.0	0.0	0.0	0.00157	0.0	0.0	0.0	28.115	0.0	0.0	0.0	0.0	7	0	0	0	34	0	0	0	0	0	0	0	0	0	0	0	0	0	12	0	0	0	33	0	0	0	0	3	0	0	0	0	0	0	0	0	0	0	0	0	0	0	0	0	0	14	0	0	0	0	0	0	0	0	0.290555	0.0	0.0	0.0	0.456644	0.0	0.0	0.0	0.0	0.388859	0.0	0.0	0.0	0.611141	0.0	0.0	0.0	0.0	
70	108	1970.065632906	10900.809	10900.809	2.28272	0.645278	36	0	0	0	68	0	0	0	0	0.290555	0.0	0.0	0.0	0.419284	0.0	0.0	0.0	0.0	0.056537	0.0	0.0	0.0	1898.73	0.0	0.0	0.0	0.0	0.00157	0.0	0.0	0.0	27.9225	0.0	0.0	0.0	0.0	7	0	0	0	34	0	0	0	0	0	0	0	0	0	0	0	0	0	12	0	0	0	34	0	0	0	0	3	0	0	0	0	0	0	0	0	0	0	0	0	0	0	0	0	0	14	0	0	0	0	0	0	0	0	0.290555	0.0	0.0	0.0	0.419284	0.0	0.0	0.0	0.0	0.409325	0.0	0.0	0.0	0.590675	0.0	0.0	0.0	0.0	
71	109	1984.699211787	10900.809	10900.809	2.21736	0.636999	36	0	0	0	69	0	0	0	0	0.290555	0.0	0.0	0.0	0.383792	0.0	0.0	0.0	0.0	0.056537	0.0	0.0	0.0	1913.37	0.0	0.0	0.0	0.0	0.00157	0.0	0.0	0.0	27.7299	0.0	0.0	0.0	0.0	7	0	0	0	34	0	0	0	0	0	0	0	0	0	0	0	0	0	12	0	0	0	35	0	0	0	0	3	0	0	0	0	0	0	0	0	0	0	0	0	0	0	0	0	0	14	0	0	0	0	0	0	0	0	0.290555	0.0	0.0	0.0	0.383792	0.0	0.0	0.0	0.0	0.430869	0.0	0.0	0.0	0.569131	0.0	0.0	0.0	0.0	
72	113	2001.784612178	10900.790764705884	10900.809	2.1555	0.628807	39	0	0	0	70	0	0	0	0	0.301815	0.0	0.0	0.0	0.349512	0.0	0.0	0.0	0.0	0.059248	0.0	0.0	0.0	1930.45	0.0	0.0	0.0	0.0	0.001519	0.0	0.0	0.0	27.5778	0.0	0.0	0.0	0.0	8	0	0	0	34	0	0	0	0	0	0	0	0	0	0	0	0	0	13	0	0	0	36	0	0	0	0	4	0	0	0	0	0	0	0	0	0	0	0	0	0	0	0	0	0	14	0	0	0	0	0	0	0	0	0.301815	0.0	0.0	0.0	0.349512	0.0	0.0	0.0	0.0	0.463385	0.0	0.0	0.0	0.536615	0.0	0.0	0.0	0.0	
73	114	2016.427657438	10900.790764705884	10900.809	2.08547	0.619088	39	0	0	0	71	0	0	0	0	0.301815	0.0	0.0	0.0	0.316945	0.0	0.0	0.0	0.0	0.059248	0.0	0.0	0.0	1945.09	0.0	0.0	0.0	0.0	0.001519	0.0	0.0	0.0	27.3957	0.0	0.0	0.0	0.0	8	0	0	0	34	0	0	0	0	0	0	0	0	0	0	0	0	0	13	0	0	0	37	0	0	0	0	4	0	0	0	0	0	0	0	0	0	0	0	0	0	0	0	0	0	14	0	0	0	0	0	0	0	0	0.301815	0.0	0.0	0.0	0.316945	0.0	0.0	0.0	0.0	0.487774	0.0	0.0	0.0	0.512226	0.0	0.0	0.0	0.0	
74	115	2036.336672848	10900.790764705884	10900.809	2.02726	0.610622	39	0	0	0	72	0	0	0	0	0.301815	0.0	0.0	0.0	0.286007	0.0	0.0	0.0	0.0	0.059248	0.0	0.0	0.0	1965.0	0.0	0.0	0.0	0.0	0.001519	0.0	0.0	0.0	27.2917	0.0	0.0	0.0	0.0	8	0	0	0	34	0	0	0	0	0	0	0	0	0	0	0	0	0	13	0	0	0	38	0	0	0	0	4	0	0	0	0	0	0	0	0	0	0	0	0	0	0	0	0	0	14	0	0	0	0	0	0	0	0	0.301815	0.0	0.0	0.0	0.286007	0.0	0.0	0.0	0.0	0.513446	0.0	0.0	0.0	0.486554	0.0	0.0	0.0	0.0	
75	116	2077.806115929	10841.015	10841.015	1.95071	0.598916	39	0	0	0	73	0	0	0	0	0.301815	0.0	0.0	0.0	0.357407	0.0	0.0	0.0	0.0	0.059248	0.0	0.0	0.0	2006.47	0.0	0.0	0.0	0.0	0.001519	0.0	0.0	0.0	27.4859	0.0	0.0	0.0	0.0	8	0	0	0	35	0	0	0	0	0	0	0	0	0	0	0	0	0	13	0	0	0	38	0	0	0	0	4	0	0	0	0	0	0	0	0	0	0	0	0	0	0	0	0	0	14	0	0	0	0	0	0	0	0	0.301815	0.0	0.0	0.0	0.357407	0.0	0.0	0.0	0.0	0.457835	0.0	0.0	0.0	0.542165	0.0	0.0	0.0	0.0	
76	117	2108.894159808	10841.015	10841.015	1.80041	0.573827	39	0	0	0	74	0	0	0	0	0.301815	0.0	0.0	0.0	0.324446	0.0	0.0	0.0	0.0	0.059248	0.0	0.0	0.0	2037.56	0.0	0.0	0.0	0.0	0.001519	0.0	0.0	0.0	27.5346	0.0	0.0	0.0	0.0	8	0	0	0	35	0	0	0	0	0	0	0	0	0	0	0	0	0	13	0	0	0	39	0	0	0	0	4	0	0	0	0	0	0	0	0	0	0	0	0	0	0	0	0	0	14	0	0	0	0	0	0	0	0	0.301815	0.0	0.0	0.0	0.324446	0.0	0.0	0.0	0.0	0.481932	0.0	0.0	0.0	0.518068	0.0	0.0	0.0	0.0	
77	123	2133.044387862	10839.515	10839.515	1.69538	0.554417	44	0	0	0	75	0	0	0	0	0.268219	0.0	0.0	0.0	0.386147	0.0	0.0	0.0	0.0	0.062257	0.0	0.0	0.0	2061.7	0.0	0.0	0.0	0.0	0.001415	0.0	0.0	0.0	27.4894	0.0	0.0	0.0	0.0	9	0	0	0	36	0	0	0	0	0	0	0	0	0	0	0	0	0	15	0	0	0	39	0	0	0	0	4	0	0	0	0	0	0	0	0	0	0	0	0	0	0	0	0	0	16	0	0	0	0	0	0	0	0	0.268219	0.0	0.0	0.0	0.386147	0.0	0.0	0.0	0.0	0.409891	0.0	0.0	0.0	0.590109	0.0	0.0	0.0	0.0	
78	124	2151.746519358	10839.515	10839.515	1.61805	0.539006	44	0	0	0	76	0	0	0	0	0.268219	0.0	0.0	0.0	0.353429	0.0	0.0	0.0	0.0	0.062257	0.0	0.0	0.0	2080.41	0.0	0.0	0.0	0.0	0.001415	0.0	0.0	0.0	27.3738	0.0	0.0	0.0	0.0	9	0	0	0	36	0	0	0	0	0	0	0	0	0	0	0	0	0	15	0	0	0	40	0	0	0	0	4	0	0	0	0	0	0	0	0	0	0	0	0	0	0	0	0	0	16	0	0	0	0	0	0	0	0	0.268219	0.0	0.0	0.0	0.353429	0.0	0.0	0.0	0.0	0.431464	0.0	0.0	0.0	0.568536	0.0	0.0	0.0	0.0	
79	127	2168.204683816	10814.015	10814.015	1.56059	0.526879	46	0	0	0	77	0	0	0	0	0.217257	0.0	0.0	0.0	0.40563	0.0	0.0	0.0	0.0	0.063104	0.0	0.0	0.0	2096.86	0.0	0.0	0.0	0.0	0.001372	0.0	0.0	0.0	27.232	0.0	0.0	0.0	0.0	9	0	0	0	37	0	0	0	0	0	0	0	0	0	0	0	0	0	15	0	0	0	40	0	0	0	0	4	0	0	0	0	0	0	0	0	0	0	0	0	0	0	0	0	0	18	0	0	0	0	0	0	0	0	0.217257	0.0	0.0	0.0	0.40563	0.0	0.0	0.0	0.0	0.34879	0.0	0.0	0.0	0.65121	0.0	0.0	0.0	0.0	
80	128	2196.025990345	10770.515	10770.515	1.51171	0.516076	46	0	0	0	78	0	0	0	0	0.217257	0.0	0.0	0.0	0.451266	0.0	0.0	0.0	0.0	0.063104	0.0	0.0	0.0	2124.69	0.0	0.0	0.0	0.0	0.001372	0.0	0.0	0.0	27.2396	0.0	0.0	0.0	0.0	9	0	0	0	38	0	0	0	0	0	0	0	0	0	0	0	0	0	15	0	0	0	40	0	0	0	0	4	0	0	0	0	0	0	0	0	0	0	0	0	0	0	0	0	0	18	0	0	0	0	0	0	0	0	0.217257	0.0	0.0	0.0	0.451266	0.0	0.0	0.0	0.0	0.324981	0.0	0.0	0.0	0.675019	0.0	0.0	0.0	0.0	
81	129	2216.464883627	10770.515	10770.515	1.43255	0.497551	46	0	0	0	79	0	0	0	0	0.217257	0.0	0.0	0.0	0.41784	0.0	0.0	0.0	0.0	0.063104	0.0	0.0	0.0	2145.12	0.0	0.0	0.0	0.0	0.001372	0.0	0.0	0.0	27.1535	0.0	0.0	0.0	0.0	9	0	0	0	38	0	0	0	0	0	0	0	0	0	0	0	0	0	15	0	0	0	41	0	0	0	0	4	0	0	0	0	0	0	0	0	0	0	0	0	0	0	0	0	0	18	0	0	0	0	0	0	0	0	0.217257	0.0	0.0	0.0	0.41784	0.0	0.0	0.0	0.0	0.342085	0.0	0.0	0.0	0.657915	0.0	0.0	0.0	0.0	
82	130	2235.743477617	10757.015	10757.015	1.37704	0.483747	46	0	0	0	80	0	0	0	0	0.217257	0.0	0.0	0.0	0.462083	0.0	0.0	0.0	0.0	0.063104	0.0	0.0	0.0	2164.4	0.0	0.0	0.0	0.0	0.001372	0.0	0.0	0.0	27.055	0.0	0.0	0.0	0.0	9	0	0	0	39	0	0	0	0	0	0	0	0	0	0	0	0	0	15	0	0	0	41	0	0	0	0	4	0	0	0	0	0	0	0	0	0	0	0	0	0	0	0	0	0	18	0	0	0	0	0	0	0	0	0.217257	0.0	0.0	0.0	0.462083	0.0	0.0	0.0	0.0	0.319806	0.0	0.0	0.0	0.680194	0.0	0.0	0.0	0.0	
83	131	2262.774157386	10757.015	10757.015	1.32666	0.470588	46	0	0	0	81	0	0	0	0	0.217257	0.0	0.0	0.0	0.428116	0.0	0.0	0.0	0.0	0.063104	0.0	0.0	0.0	2191.43	0.0	0.0	0.0	0.0	0.001372	0.0	0.0	0.0	27.0547	0.0	0.0	0.0	0.0	9	0	0	0	39	0	0	0	0	0	0	0	0	0	0	0	0	0	15	0	0	0	42	0	0	0	0	4	0	0	0	0	0	0	0	0	0	0	0	0	0	0	0	0	0	18	0	0	0	0	0	0	0	0	0.217257	0.0	0.0	0.0	0.428116	0.0	0.0	0.0	0.0	0.336638	0.0	0.0	0.0	0.663362	0.0	0.0	0.0	0.0	
84	132	2277.631783548	10757.015	10757.015	1.25911	0.451938	46	0	0	0	82	0	0	0	0	0.217257	0.0	0.0	0.0	0.395847	0.0	0.0	0.0	0.0	0.063104	0.0	0.0	0.0	2206.29	0.0	0.0	0.0	0.0	0.001372	0.0	0.0	0.0	26.906	0.0	0.0	0.0	0.0	9	0	0	0	39	0	0	0	0	0	0	0	0	0	0	0	0	0	15	0	0	0	43	0	0	0	0	4	0	0	0	0	0	0	0	0	0	0	0	0	0	0	0	0	0	18	0	0	0	0	0	0	0	0	0.217257	0.0	0.0	0.0	0.395847	0.0	0.0	0.0	0.0	0.354356	0.0	0.0	0.0	0.645644	0.0	0.0	0.0	0.0	
85	133	2313.866816529	10706.691	10706.691	1.22346	0.441598	46	0	0	0	83	0	0	0	0	0.217257	0.0	0.0	0.0	0.442634	0.0	0.0	0.0	0.0	0.063104	0.0	0.0	0.0	2242.53	0.0	0.0	0.0	0.0	0.001372	0.0	0.0	0.0	27.0184	0.0	0.0	0.0	0.0	9	0	0	0	40	0	0	0	0	0	0	0	0	0	0	0	0	0	15	0	0	0	43	0	0	0	0	4	0	0	0	0	0	0	0	0	0	0	0	0	0	0	0	0	0	18	0	0	0	0	0	0	0	0	0.217257	0.0	0.0	0.0	0.442634	0.0	0.0	0.0	0.0	0.329232	0.0	0.0	0.0	0.670768	0.0	0.0	0.0	0.0	
86	134	2340.004450268	10705.691	10705.691	1.14068	0.416167	46	0	0	0	84	0	0	0	0	0.217257	0.0	0.0	0.0	0.484181	0.0	0.0	0.0	0.0	0.063104	0.0	0.0	0.0	2268.66	0.0	0.0	0.0	0.0	0.001372	0.0	0.0	0.0	27.0079	0.0	0.0	0.0	0.0	9	0	0	0	41	0	0	0	0	0	0	0	0	0	0	0	0	0	15	0	0	0	43	0	0	0	0	4	0	0	0	0	0	0	0	0	0	0	0	0	0	0	0	0	0	18	0	0	0	0	0	0	0	0	0.217257	0.0	0.0	0.0	0.484181	0.0	0.0	0.0	0.0	0.309731	0.0	0.0	0.0	0.690269	0.0	0.0	0.0	0.0	
87	135	2520.815864271	10689.853	10689.853	1.08447	0.397679	46	0	0	0	85	0	0	0	0	0.217257	0.0	0.0	0.0	0.521544	0.0	0.0	0.0	0.0	0.063104	0.0	0.0	0.0	2449.48	0.0	0.0	0.0	0.0	0.001372	0.0	0.0	0.0	28.8174	0.0	0.0	0.0	0.0	9	0	0	0	42	0	0	0	0	0	0	0	0	0	0	0	0	0	15	0	0	0	43	0	0	0	0	4	0	0	0	0	0	0	0	0	0	0	0	0	0	0	0	0	0	18	0	0	0	0	0	0	0	0	0.217257	0.0	0.0	0.0	0.521544	0.0	0.0	0.0	0.0	0.294067	0.0	0.0	0.0	0.705933	0.0	0.0	0.0	0.0	
88	136	2535.504207836	10689.853	10689.853	0.764539	0.270366	46	0	0	0	86	0	0	0	0	0.217257	0.0	0.0	0.0	0.484604	0.0	0.0	0.0	0.0	0.063104	0.0	0.0	0.0	2464.16	0.0	0.0	0.0	0.0	0.001372	0.0	0.0	0.0	28.6531	0.0	0.0	0.0	0.0	9	0	0	0	42	0	0	0	0	0	0	0	0	0	0	0	0	0	15	0	0	0	44	0	0	0	0	4	0	0	0	0	0	0	0	0	0	0	0	0	0	0	0	0	0	18	0	0	0	0	0	0	0	0	0.217257	0.0	0.0	0.0	0.484604	0.0	0.0	0.0	0.0	0.309544	0.0	0.0	0.0	0.690456	0.0	0.0	0.0	0.0	
89	137	2561.975461259	10689.853	10689.853	0.743133	0.260369	46	0	0	0	87	0	0	0	0	0.217257	0.0	0.0	0.0	0.449511	0.0	0.0	0.0	0.0	0.063104	0.0	0.0	0.0	2490.63	0.0	0.0	0.0	0.0	0.001372	0.0	0.0	0.0	28.628	0.0	0.0	0.0	0.0	9	0	0	0	42	0	0	0	0	0	0	0	0	0	0	0	0	0	15	0	0	0	45	0	0	0	0	4	0	0	0	0	0	0	0	0	0	0	0	0	0	0	0	0	0	18	0	0	0	0	0	0	0	0	0.217257	0.0	0.0	0.0	0.449511	0.0	0.0	0.0	0.0	0.325836	0.0	0.0	0.0	0.674164	0.0	0.0	0.0	0.0	
90	138	2591.638646812	10689.853	10689.853	0.706057	0.242606	46	0	0	0	88	0	0	0	0	0.217257	0.0	0.0	0.0	0.416173	0.0	0.0	0.0	0.0	0.063104	0.0	0.0	0.0	2520.3	0.0	0.0	0.0	0.0	0.001372	0.0	0.0	0.0	28.6398	0.0	0.0	0.0	0.0	9	0	0	0	42	0	0	0	0	0	0	0	0	0	0	0	0	0	15	0	0	0	46	0	0	0	0	4	0	0	0	0	0	0	0	0	0	0	0	0	0	0	0	0	0	18	0	0	0	0	0	0	0	0	0.217257	0.0	0.0	0.0	0.416173	0.0	0.0	0.0	0.0	0.342985	0.0	0.0	0.0	0.657015	0.0	0.0	0.0	0.0	
91	139	2622.005507756	10689.853	10689.853	0.666704	0.223149	46	0	0	0	89	0	0	0	0	0.217257	0.0	0.0	0.0	0.384501	0.0	0.0	0.0	0.0	0.063104	0.0	0.0	0.0	2550.66	0.0	0.0	0.0	0.0	0.001372	0.0	0.0	0.0	28.6592	0.0	0.0	0.0	0.0	9	0	0	0	42	0	0	0	0	0	0	0	0	0	0	0	0	0	15	0	0	0	47	0	0	0	0	4	0	0	0	0	0	0	0	0	0	0	0	0	0	0	0	0	0	18	0	0	0	0	0	0	0	0	0.217257	0.0	0.0	0.0	0.384501	0.0	0.0	0.0	0.0	0.361037	0.0	0.0	0.0	0.638963	0.0	0.0	0.0	0.0	
92	140	2638.094180015	10689.853	10689.853	0.628689	0.203801	46	0	0	0	90	0	0	0	0	0.217257	0.0	0.0	0.0	0.354413	0.0	0.0	0.0	0.0	0.063104	0.0	0.0	0.0	2566.75	0.0	0.0	0.0	0.0	0.001372	0.0	0.0	0.0	28.5195	0.0	0.0	0.0	0.0	9	0	0	0	42	0	0	0	0	0	0	0	0	0	0	0	0	0	15	0	0	0	48	0	0	0	0	4	0	0	0	0	0	0	0	0	0	0	0	0	0	0	0	0	0	18	0	0	0	0	0	0	0	0	0.217257	0.0	0.0	0.0	0.354413	0.0	0.0	0.0	0.0	0.380039	0.0	0.0	0.0	0.619961	0.0	0.0	0.0	0.0	
93	142	2652.856994797	10689.853	10689.853	0.609434	0.193812	47	0	0	0	91	0	0	0	0	0.195531	0.0	0.0	0.0	0.326916	0.0	0.0	0.0	0.0	0.063836	0.0	0.0	0.0	2581.52	0.0	0.0	0.0	0.0	0.001358	0.0	0.0	0.0	28.3683	0.0	0.0	0.0	0.0	9	0	0	0	42	0	0	0	0	0	0	0	0	0	0	0	0	0	15	0	0	0	49	0	0	0	0	4	0	0	0	0	0	0	0	0	0	0	0	0	0	0	0	0	0	19	0	0	0	0	0	0	0	0	0.195531	0.0	0.0	0.0	0.326916	0.0	0.0	0.0	0.0	0.37426	0.0	0.0	0.0	0.62574	0.0	0.0	0.0	0.0	
94	144	2680.009341956	10689.853	10689.853	0.592285	0.18482	48	0	0	0	92	0	0	0	0	0.175978	0.0	0.0	0.0	0.301771	0.0	0.0	0.0	0.0	0.064192	0.0	0.0	0.0	2608.67	0.0	0.0	0.0	0.0	0.001337	0.0	0.0	0.0	28.3551	0.0	0.0	0.0	0.0	9	0	0	0	42	0	0	0	0	0	0	0	0	0	0	0	0	0	15	0	0	0	50	0	0	0	0	4	0	0	0	0	0	0	0	0	0	0	0	0	0	0	0	0	0	20	0	0	0	0	0	0	0	0	0.175978	0.0	0.0	0.0	0.301771	0.0	0.0	0.0	0.0	0.368348	0.0	0.0	0.0	0.631652	0.0	0.0	0.0	0.0	
95	146	2697.013901942	10689.853	10689.853	0.561995	0.168744	49	0	0	0	93	0	0	0	0	0.15838	0.0	0.0	0.0	0.278764	0.0	0.0	0.0	0.0	0.064811	0.0	0.0	0.0	2625.67	0.0	0.0	0.0	0.0	0.001323	0.0	0.0	0.0	28.233	0.0	0.0	0.0	0.0	9	0	0	0	42	0	0	0	0	0	0	0	0	0	0	0	0	0	16	0	0	0	51	0	0	0	0	4	0	0	0	0	0	0	0	0	0	0	0	0	0	0	0	0	0	20	0	0	0	0	0	0	0	0	0.15838	0.0	0.0	0.0	0.278764	0.0	0.0	0.0	0.0	0.362307	0.0	0.0	0.0	0.637693	0.0	0.0	0.0	0.0	
96	147	2712.136502951	10689.853	10689.853	0.54382	0.159001	49	0	0	0	94	0	0	0	0	0.15838	0.0	0.0	0.0	0.256907	0.0	0.0	0.0	0.0	0.064811	0.0	0.0	0.0	2640.79	0.0	0.0	0.0	0.0	0.001323	0.0	0.0	0.0	28.0936	0.0	0.0	0.0	0.0	9	0	0	0	42	0	0	0	0	0	0	0	0	0	0	0	0	0	16	0	0	0	52	0	0	0	0	4	0	0	0	0	0	0	0	0	0	0	0	0	0	0	0	0	0	20	0	0	0	0	0	0	0	0	0.15838	0.0	0.0	0.0	0.256907	0.0	0.0	0.0	0.0	0.381376	0.0	0.0	0.0	0.618624	0.0	0.0	0.0	0.0	
97	148	2740.438571722	10689.853	10689.853	0.52815	0.150559	49	0	0	0	95	0	0	0	0	0.15838	0.0	0.0	0.0	0.236142	0.0	0.0	0.0	0.0	0.064811	0.0	0.0	0.0	2669.1	0.0	0.0	0.0	0.0	0.001323	0.0	0.0	0.0	28.0957	0.0	0.0	0.0	0.0	9	0	0	0	42	0	0	0	0	0	0	0	0	0	0	0	0	0	16	0	0	0	53	0	0	0	0	4	0	0	0	0	0	0	0	0	0	0	0	0	0	0	0	0	0	20	0	0	0	0	0	0	0	0	0.15838	0.0	0.0	0.0	0.236142	0.0	0.0	0.0	0.0	0.401448	0.0	0.0	0.0	0.598552	0.0	0.0	0.0	0.0	
98	149	2755.012033261	10689.853	10689.853	0.500027	0.13535	49	0	0	0	96	0	0	0	0	0.15838	0.0	0.0	0.0	0.216416	0.0	0.0	0.0	0.0	0.064811	0.0	0.0	0.0	2683.67	0.0	0.0	0.0	0.0	0.001323	0.0	0.0	0.0	27.9549	0.0	0.0	0.0	0.0	9	0	0	0	42	0	0	0	0	0	0	0	0	0	0	0	0	0	16	0	0	0	54	0	0	0	0	4	0	0	0	0	0	0	0	0	0	0	0	0	0	0	0	0	0	20	0	0	0	0	0	0	0	0	0.15838	0.0	0.0	0.0	0.216416	0.0	0.0	0.0	0.0	0.422577	0.0	0.0	0.0	0.577423	0.0	0.0	0.0	0.0	
99	153	2772.274594458	10665.897	10665.897	0.486133	0.127831	52	0	0	0	97	0	0	0	0	0.115459	0.0	0.0	0.0	0.276498	0.0	0.0	0.0	0.0	0.066864	0.0	0.0	0.0	2700.93	0.0	0.0	0.0	0.0	0.001286	0.0	0.0	0.0	27.8446	0.0	0.0	0.0	0.0	9	0	0	0	43	0	0	0	0	0	0	0	0	0	0	0	0	0	16	0	0	0	54	0	0	0	0	6	0	0	0	0	0	0	0	0	0	0	0	0	0	0	0	0	0	21	0	0	0	0	0	0	0	0	0.115459	0.0	0.0	0.0	0.276498	0.0	0.0	0.0	0.0	0.294571	0.0	0.0	0.0	0.705429	0.0	0.0	0.0	0.0	
100	154	2797.739113714	10665.897	10665.897	0.470178	0.119212	52	0	0	0	98	0	0	0	0	0.115459	0.0	0.0	0.0	0.2569	0.0	0.0	0.0	0.0	0.066864	0.0	0.0	0.0	2726.39	0.0	0.0	0.0	0.0	0.001286	0.0	0.0	0.0	27.8204	0.0	0.0	0.0	0.0	9	0	0	0	43	0	0	0	0	0	0	0	0	0	0	0	0	0	16	0	0	0	55	0	0	0	0	6	0	0	0	0	0	0	0	0	0	0	0	0	0	0	0	0	0	21	0	0	0	0	0	0	0	0	0.115459	0.0	0.0	0.0	0.2569	0.0	0.0	0.0	0.0	0.310075	0.0	0.0	0.0	0.689925	0.0	0.0	0.0	0.0	
101	157	2814.817114482	10665.852882352941	10665.852882352941	0.44759	0.107079	54	0	0	0	99	0	0	0	0	0.183522	0.0	0.0	0.0	0.234879	0.0	0.0	0.0	0.0	0.068186	0.0	0.0	0.0	2743.47	0.0	0.0	0.0	0.0	0.001263	0.0	0.0	0.0	27.7118	0.0	0.0	0.0	0.0	10	0	0	0	43	0	0	0	0	0	0	0	0	0	0	0	0	0	16	0	0	0	55	0	0	0	0	6	0	0	0	1	0	0	0	0	0	0	0	0	0	0	0	0	0	22	0	0	0	0	0	0	0	0	0.183522	0.0	0.0	0.0	0.234879	0.0	0.0	0.0	0.0	0.438627	0.0	0.0	0.0	0.561373	0.0	0.0	0.0	0.0	
102	158	2831.97595156	10665.852882352941	10665.897	0.433054	0.099342	54	0	0	0	100	0	0	0	0	0.183522	0.0	0.0	0.0	0.213959	0.0	0.0	0.0	0.0	0.068186	0.0	0.0	0.0	2760.63	0.0	0.0	0.0	0.0	0.001263	0.0	0.0	0.0	27.6063	0.0	0.0	0.0	0.0	10	0	0	0	43	0	0	0	0	0	0	0	0	0	0	0	0	0	16	0	0	0	56	0	0	0	0	6	0	0	0	1	0	0	0	0	0	0	0	0	0	0	0	0	0	22	0	0	0	0	0	0	0	0	0.183522	0.0	0.0	0.0	0.213959	0.0	0.0	0.0	0.0	0.461713	0.0	0.0	0.0	0.538287	0.0	0.0	0.0	0.0	
103	159	2875.187689099	10619.485	10619.485	0.418923	0.091898	54	0	0	0	101	0	0	0	0	0.183522	0.0	0.0	0.0	0.286972	0.0	0.0	0.0	0.0	0.068186	0.0	0.0	0.0	2803.84	0.0	0.0	0.0	0.0	0.001263	0.0	0.0	0.0	27.7608	0.0	0.0	0.0	0.0	10	0	0	0	44	0	0	0	0	0	0	0	0	0	0	0	0	0	16	0	0	0	56	0	0	0	0	6	0	0	0	1	0	0	0	0	0	0	0	0	0	0	0	0	0	22	0	0	0	0	0	0	0	0	0.183522	0.0	0.0	0.0	0.286972	0.0	0.0	0.0	0.0	0.390062	0.0	0.0	0.0	0.609938	0.0	0.0	0.0	0.0	
104	161	2889.687777378	10619.485	10619.485	0.385346	0.074641	55	0	0	0	102	0	0	0	0	0.16517	0.0	0.0	0.0	0.264365	0.0	0.0	0.0	0.0	0.068589	0.0	0.0	0.0	2818.34	0.0	0.0	0.0	0.0	0.001247	0.0	0.0	0.0	27.6308	0.0	0.0	0.0	0.0	10	0	0	0	44	0	0	0	0	0	0	0	0	0	0	0	0	0	16	0	0	0	57	0	0	0	0	6	0	0	0	1	0	0	0	0	0	0	0	0	0	0	0	0	0	23	0	0	0	0	0	0	0	0	0.16517	0.0	0.0	0.0	0.264365	0.0	0.0	0.0	0.0	0.384532	0.0	0.0	0.0	0.615468	0.0	0.0	0.0	0.0	
105	162	2904.757478494	10619.485	10619.485	0.374694	0.069332	55	0	0	0	103	0	0	0	0	0.16517	0.0	0.0	0.0	0.242888	0.0	0.0	0.0	0.0	0.068589	0.0	0.0	0.0	2833.41	0.0	0.0	0.0	0.0	0.001247	0.0	0.0	0.0	27.5088	0.0	0.0	0.0	0.0	10	0	0	0	44	0	0	0	0	0	0	0	0	0	0	0	0	0	16	0	0	0	58	0	0	0	0	6	0	0	0	1	0	0	0	0	0	0	0	0	0	0	0	0	0	23	0	0	0	0	0	0	0	0	0.16517	0.0	0.0	0.0	0.242888	0.0	0.0	0.0	0.0	0.404771	0.0	0.0	0.0	0.595229	0.0	0.0	0.0	0.0	
106	163	2919.329783309	10619.485	10619.485	0.363935	0.064072	55	0	0	0	104	0	0	0	0	0.16517	0.0	0.0	0.0	0.222485	0.0	0.0	0.0	0.0	0.068589	0.0	0.0	0.0	2847.98	0.0	0.0	0.0	0.0	0.001247	0.0	0.0	0.0	27.3845	0.0	0.0	0.0	0.0	10	0	0	0	44	0	0	0	0	0	0	0	0	0	0	0	0	0	16	0	0	0	59	0	0	0	0	6	0	0	0	1	0	0	0	0	0	0	0	0	0	0	0	0	0	23	0	0	0	0	0	0	0	0	0.16517	0.0	0.0	0.0	0.222485	0.0	0.0	0.0	0.0	0.426074	0.0	0.0	0.0	0.573926	0.0	0.0	0.0	0.0	
107	165	2944.56071533	10619.485	10619.485	0.353824	0.059234	56	0	0	0	105	0	0	0	0	0.148653	0.0	0.0	0.0	0.203928	0.0	0.0	0.0	0.0	0.069035	0.0	0.0	0.0	2873.21	0.0	0.0	0.0	0.0	0.001233	0.0	0.0	0.0	27.3639	0.0	0.0	0.0	0.0	10	0	0	0	44	0	0	0	0	0	0	0	0	0	0	0	0	0	16	0	0	0	60	0	0	0	0	6	0	0	0	1	0	0	0	0	0	0	0	0	0	0	0	0	0	24	0	0	0	0	0	0	0	0	0.148653	0.0	0.0	0.0	0.203928	0.0	0.0	0.0	0.0	0.421613	0.0	0.0	0.0	0.578387	0.0	0.0	0.0	0.0	
108	166	2959.564488635	10619.485	10619.485	0.336979	0.051429	56	0	0	0	106	0	0	0	0	0.148653	0.0	0.0	0.0	0.186299	0.0	0.0	0.0	0.0	0.069035	0.0	0.0	0.0	2888.22	0.0	0.0	0.0	0.0	0.001233	0.0	0.0	0.0	27.2473	0.0	0.0	0.0	0.0	10	0	0	0	44	0	0	0	0	0	0	0	0	0	0	0	0	0	16	0	0	0	61	0	0	0	0	6	0	0	0	1	0	0	0	0	0	0	0	0	0	0	0	0	0	24	0	0	0	0	0	0	0	0	0.148653	0.0	0.0	0.0	0.186299	0.0	0.0	0.0	0.0	0.443803	0.0	0.0	0.0	0.556197	0.0	0.0	0.0	0.0	
109	168	2974.208578487	10619.485	10619.485	0.327344	0.047128	57	0	0	0	107	0	0	0	0	0.133788	0.0	0.0	0.0	0.170295	0.0	0.0	0.0	0.0	0.069497	0.0	0.0	0.0	2902.86	0.0	0.0	0.0	0.0	0.001219	0.0	0.0	0.0	27.1295	0.0	0.0	0.0	0.0	10	0	0	0	44	0	0	0	0	0	0	0	0	0	0	0	0	0	16	0	0	0	62	0	0	0	0	6	0	0	0	1	0	0	0	0	0	0	0	0	0	0	0	0	0	25	0	0	0	0	0	0	0	0	0.133788	0.0	0.0	0.0	0.170295	0.0	0.0	0.0	0.0	0.439971	0.0	0.0	0.0	0.560029	0.0	0.0	0.0	0.0	
110	169	3154.981419253	10537.471	10537.471	0.318206	0.04317	57	0	0	0	108	0	0	0	0	0.133788	0.0	0.0	0.0	0.244372	0.0	0.0	0.0	0.0	0.069497	0.0	0.0	0.0	3083.63	0.0	0.0	0.0	0.0	0.001219	0.0	0.0	0.0	28.5522	0.0	0.0	0.0	0.0	10	0	0	0	45	0	0	0	0	0	0	0	0	0	0	0	0	0	16	0	0	0	62	0	0	0	0	6	0	0	0	1	0	0	0	0	0	0	0	0	0	0	0	0	0	25	0	0	0	0	0	0	0	0	0.133788	0.0	0.0	0.0	0.244372	0.0	0.0	0.0	0.0	0.353786	0.0	0.0	0.0	0.646214	0.0	0.0	0.0	0.0	
111	170	3191.694815914	10515.971	10515.971	0.224348	0.011593	57	0	0	0	109	0	0	0	0	0.133788	0.0	0.0	0.0	0.302838	0.0	0.0	0.0	0.0	0.069497	0.0	0.0	0.0	3120.35	0.0	0.0	0.0	0.0	0.001219	0.0	0.0	0.0	28.627	0.0	0.0	0.0	0.0	10	0	0	0	46	0	0	0	0	0	0	0	0	0	0	0	0	0	16	0	0	0	62	0	0	0	0	6	0	0	0	1	0	0	0	0	0	0	0	0	0	0	0	0	0	25	0	0	0	0	0	0	0	0	0.133788	0.0	0.0	0.0	0.302838	0.0	0.0	0.0	0.0	0.306413	0.0	0.0	0.0	0.693587	0.0	0.0	0.0	0.0	
112	171	3213.727213341	10515.971	10515.971	0.208976	0.008352	57	0	0	0	110	0	0	0	0	0.133788	0.0	0.0	0.0	0.281006	0.0	0.0	0.0	0.0	0.069497	0.0	0.0	0.0	3142.38	0.0	0.0	0.0	0.0	0.001219	0.0	0.0	0.0	28.5671	0.0	0.0	0.0	0.0	10	0	0	0	46	0	0	0	0	0	0	0	0	0	0	0	0	0	16	0	0	0	63	0	0	0	0	6	0	0	0	1	0	0	0	0	0	0	0	0	0	0	0	0	0	25	0	0	0	0	0	0	0	0	0.133788	0.0	0.0	0.0	0.281006	0.0	0.0	0.0	0.0	0.32254	0.0	0.0	0.0	0.67746	0.0	0.0	0.0	0.0	
113	173	3394.545483688	10491.324	10491.324	0.200261	0.006782	58	0	0	0	111	0	0	0	0	0.120409	0.0	0.0	0.0	0.33236	0.0	0.0	0.0	0.0	0.070018	0.0	0.0	0.0	3323.2	0.0	0.0	0.0	0.0	0.001207	0.0	0.0	0.0	29.9387	0.0	0.0	0.0	0.0	10	0	0	0	47	0	0	0	0	0	0	0	0	0	0	0	0	0	16	0	0	0	63	0	0	0	0	6	0	0	0	1	0	0	0	0	0	0	0	0	0	0	0	0	0	26	0	0	0	0	0	0	0	0	0.120409	0.0	0.0	0.0	0.33236	0.0	0.0	0.0	0.0	0.265939	0.0	0.0	0.0	0.734061	0.0	0.0	0.0	0.0	
114	175	3411.960855152	10488.824	10488.824	0.14118	0.000839	59	0	0	0	112	0	0	0	0	0.108368	0.0	0.0	0.0	0.376627	0.0	0.0	0.0	0.0	0.071168	0.0	0.0	0.0	3340.61	0.0	0.0	0.0	0.0	0.001206	0.0	0.0	0.0	29.8269	0.0	0.0	0.0	0.0	10	0	0	0	48	0	0	0	0	0	0	0	0	0	0	0	0	0	16	0	0	0	63	0	0	0	0	7	0	0	0	1	0	0	0	0	0	0	0	0	0	0	0	0	0	26	0	0	0	0	0	0	0	0	0.108368	0.0	0.0	0.0	0.376627	0.0	0.0	0.0	0.0	0.223442	0.0	0.0	0.0	0.776558	0.0	0.0	0.0	0.0	
115	176	3430.604763877	10484.324	10484.324	0.136506	0.000658	59	0	0	0	113	0	0	0	0	0.108368	0.0	0.0	0.0	0.416764	0.0	0.0	0.0	0.0	0.071168	0.0	0.0	0.0	3359.26	0.0	0.0	0.0	0.0	0.001206	0.0	0.0	0.0	29.7279	0.0	0.0	0.0	0.0	10	0	0	0	49	0	0	0	0	0	0	0	0	0	0	0	0	0	16	0	0	0	63	0	0	0	0	7	0	0	0	1	0	0	0	0	0	0	0	0	0	0	0	0	0	26	0	0	0	0	0	0	0	0	0.108368	0.0	0.0	0.0	0.416764	0.0	0.0	0.0	0.0	0.206363	0.0	0.0	0.0	0.793637	0.0	0.0	0.0	0.0	
116	177	3446.189643418	10484.324	10484.324	0.131673	0.000503	59	0	0	0	114	0	0	0	0	0.108368	0.0	0.0	0.0	0.390507	0.0	0.0	0.0	0.0	0.071168	0.0	0.0	0.0	3374.84	0.0	0.0	0.0	0.0	0.001206	0.0	0.0	0.0	29.6039	0.0	0.0	0.0	0.0	10	0	0	0	49	0	0	0	0	0	0	0	0	0	0	0	0	0	16	0	0	0	64	0	0	0	0	7	0	0	0	1	0	0	0	0	0	0	0	0	0	0	0	0	0	26	0	0	0	0	0	0	0	0	0.108368	0.0	0.0	0.0	0.390507	0.0	0.0	0.0	0.0	0.217225	0.0	0.0	0.0	0.782775	0.0	0.0	0.0	0.0	
117	181	3474.989042375	10457.824	10457.824	0.127764	0.000399	62	0	0	0	115	0	0	0	0	0.079	0.0	0.0	0.0	0.427147	0.0	0.0	0.0	0.0	0.074198	0.0	0.0	0.0	3403.64	0.0	0.0	0.0	0.0	0.001197	0.0	0.0	0.0	29.5968	0.0	0.0	0.0	0.0	10	0	0	0	50	0	0	0	0	0	0	0	0	0	0	0	0	0	16	0	0	0	64	0	0	0	0	9	0	0	0	1	0	0	0	0	0	0	0	0	0	0	0	0	0	27	0	0	0	0	0	0	0	0	0.079	0.0	0.0	0.0	0.427147	0.0	0.0	0.0	0.0	0.156082	0.0	0.0	0.0	0.843918	0.0	0.0	0.0	0.0	
118	183	3502.512464808	10457.824	10457.824	0.120845	0.000255	63	0	0	0	116	0	0	0	0	0.0711	0.0	0.0	0.0	0.402234	0.0	0.0	0.0	0.0	0.076302	0.0	0.0	0.0	3431.16	0.0	0.0	0.0	0.0	0.001211	0.0	0.0	0.0	29.5789	0.0	0.0	0.0	0.0	10	0	0	0	50	0	0	0	0	0	0	0	0	0	0	0	0	0	16	0	0	0	65	0	0	0	0	10	0	0	0	1	0	0	0	0	0	0	0	0	0	0	0	0	0	27	0	0	0	0	0	0	0	0	0.0711	0.0	0.0	0.0	0.402234	0.0	0.0	0.0	0.0	0.150211	0.0	0.0	0.0	0.849789	0.0	0.0	0.0	0.0	
119	184	3517.321018712	10457.824	10457.824	0.114583	0.000162	63	0	0	0	117	0	0	0	0	0.0711	0.0	0.0	0.0	0.378568	0.0	0.0	0.0	0.0	0.076302	0.0	0.0	0.0	3445.97	0.0	0.0	0.0	0.0	0.001211	0.0	0.0	0.0	29.4527	0.0	0.0	0.0	0.0	10	0	0	0	50	0	0	0	0	0	0	0	0	0	0	0	0	0	16	0	0	0	66	0	0	0	0	10	0	0	0	1	0	0	0	0	0	0	0	0	0	0	0	0	0	27	0	0	0	0	0	0	0	0	0.0711	0.0	0.0	0.0	0.378568	0.0	0.0	0.0	0.0	0.158117	0.0	0.0	0.0	0.841883	0.0	0.0	0.0	0.0	
120	185	3534.153732692	10457.824	10457.824	0.111349	0.000126	63	0	0	0	118	0	0	0	0	0.0711	0.0	0.0	0.0	0.356084	0.0	0.0	0.0	0.0	0.076302	0.0	0.0	0.0	3462.8	0.0	0.0	0.0	0.0	0.001211	0.0	0.0	0.0	29.3458	0.0	0.0	0.0	0.0	10	0	0	0	50	0	0	0	0	0	0	0	0	0	0	0	0	0	16	0	0	0	67	0	0	0	0	10	0	0	0	1	0	0	0	0	0	0	0	0	0	0	0	0	0	27	0	0	0	0	0	0	0	0	0.0711	0.0	0.0	0.0	0.356084	0.0	0.0	0.0	0.0	0.166439	0.0	0.0	0.0	0.833561	0.0	0.0	0.0	0.0	
121	186	3560.024939168	10457.824	10457.824	0.107783	9.3e-5	63	0	0	0	119	0	0	0	0	0.0711	0.0	0.0	0.0	0.334725	0.0	0.0	0.0	0.0	0.076302	0.0	0.0	0.0	3488.67	0.0	0.0	0.0	0.0	0.001211	0.0	0.0	0.0	29.3166	0.0	0.0	0.0	0.0	10	0	0	0	50	0	0	0	0	0	0	0	0	0	0	0	0	0	16	0	0	0	68	0	0	0	0	10	0	0	0	1	0	0	0	0	0	0	0	0	0	0	0	0	0	27	0	0	0	0	0	0	0	0	0.0711	0.0	0.0	0.0	0.334725	0.0	0.0	0.0	0.0	0.175199	0.0	0.0	0.0	0.824801	0.0	0.0	0.0	0.0	
122	187	3574.60662153	10457.824	10457.824	0.102525	5.8e-5	63	0	0	0	120	0	0	0	0	0.0711	0.0	0.0	0.0	0.314434	0.0	0.0	0.0	0.0	0.076302	0.0	0.0	0.0	3503.25	0.0	0.0	0.0	0.0	0.001211	0.0	0.0	0.0	29.1938	0.0	0.0	0.0	0.0	10	0	0	0	50	0	0	0	0	0	0	0	0	0	0	0	0	0	16	0	0	0	69	0	0	0	0	10	0	0	0	1	0	0	0	0	0	0	0	0	0	0	0	0	0	27	0	0	0	0	0	0	0	0	0.0711	0.0	0.0	0.0	0.314434	0.0	0.0	0.0	0.0	0.18442	0.0	0.0	0.0	0.81558	0.0	0.0	0.0	0.0	
123	188	3598.129234799	10400.206	10400.206	0.099675	4.4e-5	63	0	0	0	121	0	0	0	0	0.0711	0.0	0.0	0.0	0.356463	0.0	0.0	0.0	0.0	0.076302	0.0	0.0	0.0	3526.77	0.0	0.0	0.0	0.0	0.001211	0.0	0.0	0.0	29.1469	0.0	0.0	0.0	0.0	10	0	0	0	51	0	0	0	0	0	0	0	0	0	0	0	0	0	16	0	0	0	69	0	0	0	0	10	0	0	0	1	0	0	0	0	0	0	0	0	0	0	0	0	0	27	0	0	0	0	0	0	0	0	0.0711	0.0	0.0	0.0	0.356463	0.0	0.0	0.0	0.0	0.166292	0.0	0.0	0.0	0.833708	0.0	0.0	0.0	0.0	
124	190	3612.69294398	10400.206	10400.206	0.095243	2.8e-5	64	0	0	0	122	0	0	0	0	0.06399	0.0	0.0	0.0	0.33544	0.0	0.0	0.0	0.0	0.076789	0.0	0.0	0.0	3541.34	0.0	0.0	0.0	0.0	0.0012	0.0	0.0	0.0	29.0274	0.0	0.0	0.0	0.0	10	0	0	0	51	0	0	0	0	0	0	0	0	0	0	0	0	0	16	0	0	0	70	0	0	0	0	10	0	0	0	1	0	0	0	0	0	0	0	0	0	0	0	0	0	28	0	0	0	0	0	0	0	0	0.06399	0.0	0.0	0.0	0.33544	0.0	0.0	0.0	0.0	0.160203	0.0	0.0	0.0	0.839797	0.0	0.0	0.0	0.0	
125	191	3649.808005972	10389.853	10389.853	0.092599	2.0e-5	64	0	0	0	123	0	0	0	0	0.06399	0.0	0.0	0.0	0.375007	0.0	0.0	0.0	0.0	0.076789	0.0	0.0	0.0	3578.45	0.0	0.0	0.0	0.0	0.0012	0.0	0.0	0.0	29.0931	0.0	0.0	0.0	0.0	10	0	0	0	52	0	0	0	0	0	0	0	0	0	0	0	0	0	16	0	0	0	70	0	0	0	0	10	0	0	0	1	0	0	0	0	0	0	0	0	0	0	0	0	0	28	0	0	0	0	0	0	0	0	0.06399	0.0	0.0	0.0	0.375007	0.0	0.0	0.0	0.0	0.145764	0.0	0.0	0.0	0.854236	0.0	0.0	0.0	0.0	
126	192	3676.237664246	10389.853	10389.853	0.086187	9.0e-6	64	0	0	0	124	0	0	0	0	0.06399	0.0	0.0	0.0	0.353057	0.0	0.0	0.0	0.0	0.076789	0.0	0.0	0.0	3604.88	0.0	0.0	0.0	0.0	0.0012	0.0	0.0	0.0	29.0716	0.0	0.0	0.0	0.0	10	0	0	0	52	0	0	0	0	0	0	0	0	0	0	0	0	0	16	0	0	0	71	0	0	0	0	10	0	0	0	1	0	0	0	0	0	0	0	0	0	0	0	0	0	28	0	0	0	0	0	0	0	0	0.06399	0.0	0.0	0.0	0.353057	0.0	0.0	0.0	0.0	0.153436	0.0	0.0	0.0	0.846564	0.0	0.0	0.0	0.0	
127	193	3775.032233041	10361.618	10361.618	0.081894	5.0e-6	64	0	0	0	125	0	0	0	0	0.06399	0.0	0.0	0.0	0.391267	0.0	0.0	0.0	0.0	0.076789	0.0	0.0	0.0	3703.68	0.0	0.0	0.0	0.0	0.0012	0.0	0.0	0.0	29.6294	0.0	0.0	0.0	0.0	10	0	0	0	53	0	0	0	0	0	0	0	0	0	0	0	0	0	16	0	0	0	71	0	0	0	0	10	0	0	0	1	0	0	0	0	0	0	0	0	0	0	0	0	0	28	0	0	0	0	0	0	0	0	0.06399	0.0	0.0	0.0	0.391267	0.0	0.0	0.0	0.0	0.140558	0.0	0.0	0.0	0.859442	0.0	0.0	0.0	0.0	
128	194	3804.118190878	10361.618	10361.618	0.067655	0.0	64	0	0	0	126	0	0	0	0	0.06399	0.0	0.0	0.0	0.368504	0.0	0.0	0.0	0.0	0.076789	0.0	0.0	0.0	3732.76	0.0	0.0	0.0	0.0	0.0012	0.0	0.0	0.0	29.6251	0.0	0.0	0.0	0.0	10	0	0	0	53	0	0	0	0	0	0	0	0	0	0	0	0	0	16	0	0	0	72	0	0	0	0	10	0	0	0	1	0	0	0	0	0	0	0	0	0	0	0	0	0	28	0	0	0	0	0	0	0	0	0.06399	0.0	0.0	0.0	0.368504	0.0	0.0	0.0	0.0	0.147956	0.0	0.0	0.0	0.852044	0.0	0.0	0.0	0.0	
129	195	3818.725230289	10361.618	10361.618	0.063955	0.0	64	0	0	0	127	0	0	0	0	0.06399	0.0	0.0	0.0	0.34688	0.0	0.0	0.0	0.0	0.076789	0.0	0.0	0.0	3747.37	0.0	0.0	0.0	0.0	0.0012	0.0	0.0	0.0	29.5068	0.0	0.0	0.0	0.0	10	0	0	0	53	0	0	0	0	0	0	0	0	0	0	0	0	0	16	0	0	0	73	0	0	0	0	10	0	0	0	1	0	0	0	0	0	0	0	0	0	0	0	0	0	28	0	0	0	0	0	0	0	0	0.06399	0.0	0.0	0.0	0.34688	0.0	0.0	0.0	0.0	0.155743	0.0	0.0	0.0	0.844257	0.0	0.0	0.0	0.0	
130	196	3838.944845046	10354.309	10354.309	0.062174	0.0	64	0	0	0	128	0	0	0	0	0.06399	0.0	0.0	0.0	0.38556	0.0	0.0	0.0	0.0	0.076789	0.0	0.0	0.0	3767.59	0.0	0.0	0.0	0.0	0.0012	0.0	0.0	0.0	29.4343	0.0	0.0	0.0	0.0	10	0	0	0	54	0	0	0	0	0	0	0	0	0	0	0	0	0	16	0	0	0	73	0	0	0	0	10	0	0	0	1	0	0	0	0	0	0	0	0	0	0	0	0	0	28	0	0	0	0	0	0	0	0	0.06399	0.0	0.0	0.0	0.38556	0.0	0.0	0.0	0.0	0.142343	0.0	0.0	0.0	0.857657	0.0	0.0	0.0	0.0	
131	197	3872.085213683	10351.309	10351.309	0.059791	0.0	64	0	0	0	129	0	0	0	0	0.06399	0.0	0.0	0.0	0.421381	0.0	0.0	0.0	0.0	0.076789	0.0	0.0	0.0	3800.73	0.0	0.0	0.0	0.0	0.0012	0.0	0.0	0.0	29.463	0.0	0.0	0.0	0.0	10	0	0	0	55	0	0	0	0	0	0	0	0	0	0	0	0	0	16	0	0	0	73	0	0	0	0	10	0	0	0	1	0	0	0	0	0	0	0	0	0	0	0	0	0	28	0	0	0	0	0	0	0	0	0.06399	0.0	0.0	0.0	0.421381	0.0	0.0	0.0	0.0	0.131838	0.0	0.0	0.0	0.868162	0.0	0.0	0.0	0.0	
132	198	3890.909076659	10351.309	10351.309	0.05608	0.0	64	0	0	0	130	0	0	0	0	0.06399	0.0	0.0	0.0	0.397112	0.0	0.0	0.0	0.0	0.076789	0.0	0.0	0.0	3819.55	0.0	0.0	0.0	0.0	0.0012	0.0	0.0	0.0	29.3812	0.0	0.0	0.0	0.0	10	0	0	0	55	0	0	0	0	0	0	0	0	0	0	0	0	0	16	0	0	0	74	0	0	0	0	10	0	0	0	1	0	0	0	0	0	0	0	0	0	0	0	0	0	28	0	0	0	0	0	0	0	0	0.06399	0.0	0.0	0.0	0.397112	0.0	0.0	0.0	0.0	0.138777	0.0	0.0	0.0	0.861223	0.0	0.0	0.0	0.0	
133	199	3906.565028502	10351.309	10351.309	0.054076	0.0	64	0	0	0	131	0	0	0	0	0.06399	0.0	0.0	0.0	0.374057	0.0	0.0	0.0	0.0	0.076789	0.0	0.0	0.0	3835.21	0.0	0.0	0.0	0.0	0.0012	0.0	0.0	0.0	29.2764	0.0	0.0	0.0	0.0	10	0	0	0	55	0	0	0	0	0	0	0	0	0	0	0	0	0	16	0	0	0	75	0	0	0	0	10	0	0	0	1	0	0	0	0	0	0	0	0	0	0	0	0	0	28	0	0	0	0	0	0	0	0	0.06399	0.0	0.0	0.0	0.374057	0.0	0.0	0.0	0.0	0.146081	0.0	0.0	0.0	0.853919	0.0	0.0	0.0	0.0	
134	200	3921.476976977	10351.309	10351.309	0.052463	0.0	64	0	0	0	132	0	0	0	0	0.06399	0.0	0.0	0.0	0.352155	0.0	0.0	0.0	0.0	0.076789	0.0	0.0	0.0	3850.12	0.0	0.0	0.0	0.0	0.0012	0.0	0.0	0.0	29.1676	0.0	0.0	0.0	0.0	10	0	0	0	55	0	0	0	0	0	0	0	0	0	0	0	0	0	16	0	0	0	76	0	0	0	0	10	0	0	0	1	0	0	0	0	0	0	0	0	0	0	0	0	0	28	0	0	0	0	0	0	0	0	0.06399	0.0	0.0	0.0	0.352155	0.0	0.0	0.0	0.0	0.153769	0.0	0.0	0.0	0.846231	0.0	0.0	0.0	0.0	
135	201	3941.284222707	10351.309	10351.309	0.050972	0.0	64	0	0	0	133	0	0	0	0	0.06399	0.0	0.0	0.0	0.331347	0.0	0.0	0.0	0.0	0.076789	0.0	0.0	0.0	3869.93	0.0	0.0	0.0	0.0	0.0012	0.0	0.0	0.0	29.0972	0.0	0.0	0.0	0.0	10	0	0	0	55	0	0	0	0	0	0	0	0	0	0	0	0	0	16	0	0	0	77	0	0	0	0	10	0	0	0	1	0	0	0	0	0	0	0	0	0	0	0	0	0	28	0	0	0	0	0	0	0	0	0.06399	0.0	0.0	0.0	0.331347	0.0	0.0	0.0	0.0	0.161862	0.0	0.0	0.0	0.838138	0.0	0.0	0.0	0.0	
136	202	3959.771945096	10351.309	10351.309	0.049057	0.0	64	0	0	0	134	0	0	0	0	0.06399	0.0	0.0	0.0	0.311581	0.0	0.0	0.0	0.0	0.076789	0.0	0.0	0.0	3888.42	0.0	0.0	0.0	0.0	0.0012	0.0	0.0	0.0	29.018	0.0	0.0	0.0	0.0	10	0	0	0	55	0	0	0	0	0	0	0	0	0	0	0	0	0	16	0	0	0	78	0	0	0	0	10	0	0	0	1	0	0	0	0	0	0	0	0	0	0	0	0	0	28	0	0	0	0	0	0	0	0	0.06399	0.0	0.0	0.0	0.311581	0.0	0.0	0.0	0.0	0.170381	0.0	0.0	0.0	0.829619	0.0	0.0	0.0	0.0	
137	203	3992.056987454	10323.088	10323.088	0.047335	0.0	64	0	0	0	135	0	0	0	0	0.06399	0.0	0.0	0.0	0.353071	0.0	0.0	0.0	0.0	0.076789	0.0	0.0	0.0	3920.7	0.0	0.0	0.0	0.0	0.0012	0.0	0.0	0.0	29.0422	0.0	0.0	0.0	0.0	10	0	0	0	56	0	0	0	0	0	0	0	0	0	0	0	0	0	16	0	0	0	78	0	0	0	0	10	0	0	0	1	0	0	0	0	0	0	0	0	0	0	0	0	0	28	0	0	0	0	0	0	0	0	0.06399	0.0	0.0	0.0	0.353071	0.0	0.0	0.0	0.0	0.153431	0.0	0.0	0.0	0.846569	0.0	0.0	0.0	0.0	
138	204	4010.922413416	10323.088	10323.088	0.044471	0.0	64	0	0	0	136	0	0	0	0	0.06399	0.0	0.0	0.0	0.332218	0.0	0.0	0.0	0.0	0.076789	0.0	0.0	0.0	3939.57	0.0	0.0	0.0	0.0	0.0012	0.0	0.0	0.0	28.9674	0.0	0.0	0.0	0.0	10	0	0	0	56	0	0	0	0	0	0	0	0	0	0	0	0	0	16	0	0	0	79	0	0	0	0	10	0	0	0	1	0	0	0	0	0	0	0	0	0	0	0	0	0	28	0	0	0	0	0	0	0	0	0.06399	0.0	0.0	0.0	0.332218	0.0	0.0	0.0	0.0	0.161507	0.0	0.0	0.0	0.838493	0.0	0.0	0.0	0.0	
139	205	4027.604790458	10323.088	10323.088	0.042878	0.0	64	0	0	0	137	0	0	0	0	0.06399	0.0	0.0	0.0	0.312407	0.0	0.0	0.0	0.0	0.076789	0.0	0.0	0.0	3956.25	0.0	0.0	0.0	0.0	0.0012	0.0	0.0	0.0	28.8777	0.0	0.0	0.0	0.0	10	0	0	0	56	0	0	0	0	0	0	0	0	0	0	0	0	0	16	0	0	0	80	0	0	0	0	10	0	0	0	1	0	0	0	0	0	0	0	0	0	0	0	0	0	28	0	0	0	0	0	0	0	0	0.06399	0.0	0.0	0.0	0.312407	0.0	0.0	0.0	0.0	0.170007	0.0	0.0	0.0	0.829993	0.0	0.0	0.0	0.0	
140	206	4048.726058555	10310.074	10310.074	0.041517	0.0	64	0	0	0	138	0	0	0	0	0.06399	0.0	0.0	0.0	0.353829	0.0	0.0	0.0	0.0	0.076789	0.0	0.0	0.0	3977.37	0.0	0.0	0.0	0.0	0.0012	0.0	0.0	0.0	28.8215	0.0	0.0	0.0	0.0	10	0	0	0	57	0	0	0	0	0	0	0	0	0	0	0	0	0	16	0	0	0	80	0	0	0	0	10	0	0	0	1	0	0	0	0	0	0	0	0	0	0	0	0	0	28	0	0	0	0	0	0	0	0	0.06399	0.0	0.0	0.0	0.353829	0.0	0.0	0.0	0.0	0.153153	0.0	0.0	0.0	0.846847	0.0	0.0	0.0	0.0	
141	208	4071.735109294	10310.074	10310.074	0.039856	0.0	65	0	0	0	139	0	0	0	0	0.057591	0.0	0.0	0.0	0.333258	0.0	0.0	0.0	0.0	0.078132	0.0	0.0	0.0	4000.38	0.0	0.0	0.0	0.0	0.001202	0.0	0.0	0.0	28.7797	0.0	0.0	0.0	0.0	10	0	0	0	57	0	0	0	0	0	0	0	0	0	0	0	0	0	16	0	0	0	81	0	0	0	0	11	0	0	0	1	0	0	0	0	0	0	0	0	0	0	0	0	0	28	0	0	0	0	0	0	0	0	0.057591	0.0	0.0	0.0	0.333258	0.0	0.0	0.0	0.0	0.147349	0.0	0.0	0.0	0.852651	0.0	0.0	0.0	0.0	
142	209	4097.726445747	10310.074	10310.074	0.038122	0.0	65	0	0	0	140	0	0	0	0	0.057591	0.0	0.0	0.0	0.313715	0.0	0.0	0.0	0.0	0.078132	0.0	0.0	0.0	4026.37	0.0	0.0	0.0	0.0	0.001202	0.0	0.0	0.0	28.7598	0.0	0.0	0.0	0.0	10	0	0	0	57	0	0	0	0	0	0	0	0	0	0	0	0	0	16	0	0	0	82	0	0	0	0	11	0	0	0	1	0	0	0	0	0	0	0	0	0	0	0	0	0	28	0	0	0	0	0	0	0	0	0.057591	0.0	0.0	0.0	0.313715	0.0	0.0	0.0	0.0	0.155104	0.0	0.0	0.0	0.844896	0.0	0.0	0.0	0.0	
143	210	4113.331507018	10310.074	10310.074	0.036253	0.0	65	0	0	0	141	0	0	0	0	0.057591	0.0	0.0	0.0	0.29515	0.0	0.0	0.0	0.0	0.078132	0.0	0.0	0.0	4041.97	0.0	0.0	0.0	0.0	0.001202	0.0	0.0	0.0	28.6665	0.0	0.0	0.0	0.0	10	0	0	0	57	0	0	0	0	0	0	0	0	0	0	0	0	0	16	0	0	0	83	0	0	0	0	11	0	0	0	1	0	0	0	0	0	0	0	0	0	0	0	0	0	28	0	0	0	0	0	0	0	0	0.057591	0.0	0.0	0.0	0.29515	0.0	0.0	0.0	0.0	0.163267	0.0	0.0	0.0	0.836733	0.0	0.0	0.0	0.0	
144	212	4127.869156618	10310.074	10310.074	0.035176	0.0	66	0	0	0	142	0	0	0	0	0.051832	0.0	0.0	0.0	0.277801	0.0	0.0	0.0	0.0	0.078597	0.0	0.0	0.0	4056.51	0.0	0.0	0.0	0.0	0.001191	0.0	0.0	0.0	28.567	0.0	0.0	0.0	0.0	10	0	0	0	57	0	0	0	0	0	0	0	0	0	0	0	0	0	16	0	0	0	84	0	0	0	0	11	0	0	0	1	0	0	0	0	0	0	0	0	0	0	0	0	0	29	0	0	0	0	0	0	0	0	0.051832	0.0	0.0	0.0	0.277801	0.0	0.0	0.0	0.0	0.157242	0.0	0.0	0.0	0.842758	0.0	0.0	0.0	0.0	
145	213	4151.905814977	10310.074	10310.074	0.034201	0.0	66	0	0	0	143	0	0	0	0	0.051832	0.0	0.0	0.0	0.261319	0.0	0.0	0.0	0.0	0.078597	0.0	0.0	0.0	4080.55	0.0	0.0	0.0	0.0	0.001191	0.0	0.0	0.0	28.5353	0.0	0.0	0.0	0.0	10	0	0	0	57	0	0	0	0	0	0	0	0	0	0	0	0	0	16	0	0	0	85	0	0	0	0	11	0	0	0	1	0	0	0	0	0	0	0	0	0	0	0	0	0	29	0	0	0	0	0	0	0	0	0.051832	0.0	0.0	0.0	0.261319	0.0	0.0	0.0	0.0	0.165518	0.0	0.0	0.0	0.834482	0.0	0.0	0.0	0.0	
146	214	4177.424440301	10310.074	10310.074	0.032648	0.0	66	0	0	0	144	0	0	0	0	0.051832	0.0	0.0	0.0	0.245662	0.0	0.0	0.0	0.0	0.078597	0.0	0.0	0.0	4106.07	0.0	0.0	0.0	0.0	0.001191	0.0	0.0	0.0	28.5144	0.0	0.0	0.0	0.0	10	0	0	0	57	0	0	0	0	0	0	0	0	0	0	0	0	0	16	0	0	0	86	0	0	0	0	11	0	0	0	1	0	0	0	0	0	0	0	0	0	0	0	0	0	29	0	0	0	0	0	0	0	0	0.051832	0.0	0.0	0.0	0.245662	0.0	0.0	0.0	0.0	0.174229	0.0	0.0	0.0	0.825771	0.0	0.0	0.0	0.0	
147	215	4191.995782643	10310.074	10310.074	0.031076	0.0	66	0	0	0	145	0	0	0	0	0.051832	0.0	0.0	0.0	0.230787	0.0	0.0	0.0	0.0	0.078597	0.0	0.0	0.0	4120.64	0.0	0.0	0.0	0.0	0.001191	0.0	0.0	0.0	28.4182	0.0	0.0	0.0	0.0	10	0	0	0	57	0	0	0	0	0	0	0	0	0	0	0	0	0	16	0	0	0	87	0	0	0	0	11	0	0	0	1	0	0	0	0	0	0	0	0	0	0	0	0	0	29	0	0	0	0	0	0	0	0	0.051832	0.0	0.0	0.0	0.230787	0.0	0.0	0.0	0.0	0.183399	0.0	0.0	0.0	0.816601	0.0	0.0	0.0	0.0	
148	216	4206.487323948	10310.074	10310.074	0.030213	0.0	66	0	0	0	146	0	0	0	0	0.051832	0.0	0.0	0.0	0.216656	0.0	0.0	0.0	0.0	0.078597	0.0	0.0	0.0	4135.13	0.0	0.0	0.0	0.0	0.001191	0.0	0.0	0.0	28.3228	0.0	0.0	0.0	0.0	10	0	0	0	57	0	0	0	0	0	0	0	0	0	0	0	0	0	16	0	0	0	88	0	0	0	0	11	0	0	0	1	0	0	0	0	0	0	0	0	0	0	0	0	0	29	0	0	0	0	0	0	0	0	0.051832	0.0	0.0	0.0	0.216656	0.0	0.0	0.0	0.0	0.193052	0.0	0.0	0.0	0.806948	0.0	0.0	0.0	0.0	
149	217	4220.935264279	10310.074	10310.074	0.029378	0.0	66	0	0	0	147	0	0	0	0	0.051832	0.0	0.0	0.0	0.203232	0.0	0.0	0.0	0.0	0.078597	0.0	0.0	0.0	4149.58	0.0	0.0	0.0	0.0	0.001191	0.0	0.0	0.0	28.2284	0.0	0.0	0.0	0.0	10	0	0	0	57	0	0	0	0	0	0	0	0	0	0	0	0	0	16	0	0	0	89	0	0	0	0	11	0	0	0	1	0	0	0	0	0	0	0	0	0	0	0	0	0	29	0	0	0	0	0	0	0	0	0.051832	0.0	0.0	0.0	0.203232	0.0	0.0	0.0	0.0	0.203212	0.0	0.0	0.0	0.796788	0.0	0.0	0.0	0.0	
150	219	4283.061250259	10306.059	10306.059	0.028569	0.0	67	0	0	0	148	0	0	0	0	0.046649	0.0	0.0	0.0	0.252214	0.0	0.0	0.0	0.0	0.078957	0.0	0.0	0.0	4211.7	0.0	0.0	0.0	0.0	0.001178	0.0	0.0	0.0	28.4575	0.0	0.0	0.0	0.0	10	0	0	0	58	0	0	0	0	0	0	0	0	0	0	0	0	0	16	0	0	0	89	0	0	0	0	11	0	0	0	1	0	0	0	0	0	0	0	0	0	0	0	0	0	30	0	0	0	0	0	0	0	0	0.046649	0.0	0.0	0.0	0.252214	0.0	0.0	0.0	0.0	0.156088	0.0	0.0	0.0	0.843912	0.0	0.0	0.0	0.0	
151	221	4297.696250408	10306.059	10306.059	0.025336	0.0	68	0	0	0	149	0	0	0	0	0.041984	0.0	0.0	0.0	0.237504	0.0	0.0	0.0	0.0	0.079391	0.0	0.0	0.0	4226.34	0.0	0.0	0.0	0.0	0.001168	0.0	0.0	0.0	28.3647	0.0	0.0	0.0	0.0	10	0	0	0	58	0	0	0	0	0	0	0	0	0	0	0	0	0	16	0	0	0	90	0	0	0	0	11	0	0	0	1	0	0	0	0	0	0	0	0	0	0	0	0	0	31	0	0	0	0	0	0	0	0	0.041984	0.0	0.0	0.0	0.237504	0.0	0.0	0.0	0.0	0.150217	0.0	0.0	0.0	0.849783	0.0	0.0	0.0	0.0	
152	222	4338.715481797	10306.059	10306.059	0.024629	0.0	68	0	0	0	150	0	0	0	0	0.041984	0.0	0.0	0.0	0.22353	0.0	0.0	0.0	0.0	0.079391	0.0	0.0	0.0	4267.36	0.0	0.0	0.0	0.0	0.001168	0.0	0.0	0.0	28.449	0.0	0.0	0.0	0.0	10	0	0	0	58	0	0	0	0	0	0	0	0	0	0	0	0	0	16	0	0	0	91	0	0	0	0	11	0	0	0	1	0	0	0	0	0	0	0	0	0	0	0	0	0	31	0	0	0	0	0	0	0	0	0.041984	0.0	0.0	0.0	0.22353	0.0	0.0	0.0	0.0	0.158123	0.0	0.0	0.0	0.841877	0.0	0.0	0.0	0.0	
153	223	4357.821005805	10305.559	10305.559	0.022751	0.0	68	0	0	0	151	0	0	0	0	0.041984	0.0	0.0	0.0	0.269645	0.0	0.0	0.0	0.0	0.079391	0.0	0.0	0.0	4286.46	0.0	0.0	0.0	0.0	0.001168	0.0	0.0	0.0	28.3872	0.0	0.0	0.0	0.0	10	0	0	0	59	0	0	0	0	0	0	0	0	0	0	0	0	0	16	0	0	0	91	0	0	0	0	11	0	0	0	1	0	0	0	0	0	0	0	0	0	0	0	0	0	31	0	0	0	0	0	0	0	0	0.041984	0.0	0.0	0.0	0.269645	0.0	0.0	0.0	0.0	0.134724	0.0	0.0	0.0	0.865276	0.0	0.0	0.0	0.0	
154	224	4373.516003815	10305.559	10305.559	0.021926	0.0	68	0	0	0	152	0	0	0	0	0.041984	0.0	0.0	0.0	0.254064	0.0	0.0	0.0	0.0	0.079391	0.0	0.0	0.0	4302.16	0.0	0.0	0.0	0.0	0.001168	0.0	0.0	0.0	28.3037	0.0	0.0	0.0	0.0	10	0	0	0	59	0	0	0	0	0	0	0	0	0	0	0	0	0	16	0	0	0	92	0	0	0	0	11	0	0	0	1	0	0	0	0	0	0	0	0	0	0	0	0	0	31	0	0	0	0	0	0	0	0	0.041984	0.0	0.0	0.0	0.254064	0.0	0.0	0.0	0.0	0.141815	0.0	0.0	0.0	0.858185	0.0	0.0	0.0	0.0	
155	225	4396.37686492	10304.559	10304.559	0.021271	0.0	68	0	0	0	153	0	0	0	0	0.041984	0.0	0.0	0.0	0.297524	0.0	0.0	0.0	0.0	0.079391	0.0	0.0	0.0	4325.02	0.0	0.0	0.0	0.0	0.001168	0.0	0.0	0.0	28.2681	0.0	0.0	0.0	0.0	10	0	0	0	60	0	0	0	0	0	0	0	0	0	0	0	0	0	16	0	0	0	92	0	0	0	0	11	0	0	0	1	0	0	0	0	0	0	0	0	0	0	0	0	0	31	0	0	0	0	0	0	0	0	0.041984	0.0	0.0	0.0	0.297524	0.0	0.0	0.0	0.0	0.123661	0.0	0.0	0.0	0.876339	0.0	0.0	0.0	0.0	
156	226	4412.212134232	10304.559	10304.559	0.020351	0.0	68	0	0	0	154	0	0	0	0	0.041984	0.0	0.0	0.0	0.280549	0.0	0.0	0.0	0.0	0.079391	0.0	0.0	0.0	4340.85	0.0	0.0	0.0	0.0	0.001168	0.0	0.0	0.0	28.1874	0.0	0.0	0.0	0.0	10	0	0	0	60	0	0	0	0	0	0	0	0	0	0	0	0	0	16	0	0	0	93	0	0	0	0	11	0	0	0	1	0	0	0	0	0	0	0	0	0	0	0	0	0	31	0	0	0	0	0	0	0	0	0.041984	0.0	0.0	0.0	0.280549	0.0	0.0	0.0	0.0	0.13017	0.0	0.0	0.0	0.86983	0.0	0.0	0.0	0.0	
157	227	4450.497324171	10304.559	10304.559	0.019737	0.0	68	0	0	0	155	0	0	0	0	0.041984	0.0	0.0	0.0	0.264422	0.0	0.0	0.0	0.0	0.079391	0.0	0.0	0.0	4379.14	0.0	0.0	0.0	0.0	0.001168	0.0	0.0	0.0	28.2525	0.0	0.0	0.0	0.0	10	0	0	0	60	0	0	0	0	0	0	0	0	0	0	0	0	0	16	0	0	0	94	0	0	0	0	11	0	0	0	1	0	0	0	0	0	0	0	0	0	0	0	0	0	31	0	0	0	0	0	0	0	0	0.041984	0.0	0.0	0.0	0.264422	0.0	0.0	0.0	0.0	0.137021	0.0	0.0	0.0	0.862979	0.0	0.0	0.0	0.0	
158	228	4475.04838924	10304.559	10304.559	0.018329	0.0	68	0	0	0	156	0	0	0	0	0.041984	0.0	0.0	0.0	0.249102	0.0	0.0	0.0	0.0	0.079391	0.0	0.0	0.0	4403.69	0.0	0.0	0.0	0.0	0.001168	0.0	0.0	0.0	28.2288	0.0	0.0	0.0	0.0	10	0	0	0	60	0	0	0	0	0	0	0	0	0	0	0	0	0	16	0	0	0	95	0	0	0	0	11	0	0	0	1	0	0	0	0	0	0	0	0	0	0	0	0	0	31	0	0	0	0	0	0	0	0	0.041984	0.0	0.0	0.0	0.249102	0.0	0.0	0.0	0.0	0.144232	0.0	0.0	0.0	0.855768	0.0	0.0	0.0	0.0	
159	229	4493.177896641	10304.559	10304.559	0.01748	0.0	68	0	0	0	157	0	0	0	0	0.041984	0.0	0.0	0.0	0.234547	0.0	0.0	0.0	0.0	0.079391	0.0	0.0	0.0	4421.82	0.0	0.0	0.0	0.0	0.001168	0.0	0.0	0.0	28.1645	0.0	0.0	0.0	0.0	10	0	0	0	60	0	0	0	0	0	0	0	0	0	0	0	0	0	16	0	0	0	96	0	0	0	0	11	0	0	0	1	0	0	0	0	0	0	0	0	0	0	0	0	0	31	0	0	0	0	0	0	0	0	0.041984	0.0	0.0	0.0	0.234547	0.0	0.0	0.0	0.0	0.151823	0.0	0.0	0.0	0.848177	0.0	0.0	0.0	0.0	
160	230	4514.525665786	10304.559	10304.559	0.016878	0.0	68	0	0	0	158	0	0	0	0	0.041984	0.0	0.0	0.0	0.220721	0.0	0.0	0.0	0.0	0.079391	0.0	0.0	0.0	4443.17	0.0	0.0	0.0	0.0	0.001168	0.0	0.0	0.0	28.1213	0.0	0.0	0.0	0.0	10	0	0	0	60	0	0	0	0	0	0	0	0	0	0	0	0	0	16	0	0	0	97	0	0	0	0	11	0	0	0	1	0	0	0	0	0	0	0	0	0	0	0	0	0	31	0	0	0	0	0	0	0	0	0.041984	0.0	0.0	0.0	0.220721	0.0	0.0	0.0	0.0	0.159814	0.0	0.0	0.0	0.840186	0.0	0.0	0.0	0.0	
161	231	4532.785512886	10304.559	10304.559	0.016195	0.0	68	0	0	0	159	0	0	0	0	0.041984	0.0	0.0	0.0	0.207586	0.0	0.0	0.0	0.0	0.079391	0.0	0.0	0.0	4461.43	0.0	0.0	0.0	0.0	0.001168	0.0	0.0	0.0	28.0593	0.0	0.0	0.0	0.0	10	0	0	0	60	0	0	0	0	0	0	0	0	0	0	0	0	0	16	0	0	0	98	0	0	0	0	11	0	0	0	1	0	0	0	0	0	0	0	0	0	0	0	0	0	31	0	0	0	0	0	0	0	0	0.041984	0.0	0.0	0.0	0.207586	0.0	0.0	0.0	0.0	0.168225	0.0	0.0	0.0	0.831775	0.0	0.0	0.0	0.0	
162	232	4558.381327601	10301.559	10301.559	0.015633	0.0	68	0	0	0	160	0	0	0	0	0.041984	0.0	0.0	0.0	0.25522	0.0	0.0	0.0	0.0	0.079391	0.0	0.0	0.0	4487.02	0.0	0.0	0.0	0.0	0.001168	0.0	0.0	0.0	28.0439	0.0	0.0	0.0	0.0	10	0	0	0	61	0	0	0	0	0	0	0	0	0	0	0	0	0	16	0	0	0	98	0	0	0	0	11	0	0	0	1	0	0	0	0	0	0	0	0	0	0	0	0	0	31	0	0	0	0	0	0	0	0	0.041984	0.0	0.0	0.0	0.25522	0.0	0.0	0.0	0.0	0.141263	0.0	0.0	0.0	0.858737	0.0	0.0	0.0	0.0	
163	233	4573.150991111	10301.559	10301.559	0.014878	0.0	68	0	0	0	161	0	0	0	0	0.041984	0.0	0.0	0.0	0.240359	0.0	0.0	0.0	0.0	0.079391	0.0	0.0	0.0	4501.79	0.0	0.0	0.0	0.0	0.001168	0.0	0.0	0.0	27.9614	0.0	0.0	0.0	0.0	10	0	0	0	61	0	0	0	0	0	0	0	0	0	0	0	0	0	16	0	0	0	99	0	0	0	0	11	0	0	0	1	0	0	0	0	0	0	0	0	0	0	0	0	0	31	0	0	0	0	0	0	0	0	0.041984	0.0	0.0	0.0	0.240359	0.0	0.0	0.0	0.0	0.148698	0.0	0.0	0.0	0.851302	0.0	0.0	0.0	0.0	
164	234	4596.235224126	10301.559	10301.559	0.01446	0.0	68	0	0	0	162	0	0	0	0	0.041984	0.0	0.0	0.0	0.226242	0.0	0.0	0.0	0.0	0.079391	0.0	0.0	0.0	4524.88	0.0	0.0	0.0	0.0	0.001168	0.0	0.0	0.0	27.9313	0.0	0.0	0.0	0.0	10	0	0	0	61	0	0	0	0	0	0	0	0	0	0	0	0	0	16	0	0	0	100	0	0	0	0	11	0	0	0	1	0	0	0	0	0	0	0	0	0	0	0	0	0	31	0	0	0	0	0	0	0	0	0.041984	0.0	0.0	0.0	0.226242	0.0	0.0	0.0	0.0	0.156524	0.0	0.0	0.0	0.843476	0.0	0.0	0.0	0.0	
165	235	4631.466562706	10301.559	10301.559	0.013828	0.0	68	0	0	0	163	0	0	0	0	0.041984	0.0	0.0	0.0	0.212831	0.0	0.0	0.0	0.0	0.079391	0.0	0.0	0.0	4560.11	0.0	0.0	0.0	0.0	0.001168	0.0	0.0	0.0	27.9761	0.0	0.0	0.0	0.0	10	0	0	0	61	0	0	0	0	0	0	0	0	0	0	0	0	0	16	0	0	0	101	0	0	0	0	11	0	0	0	1	0	0	0	0	0	0	0	0	0	0	0	0	0	31	0	0	0	0	0	0	0	0	0.041984	0.0	0.0	0.0	0.212831	0.0	0.0	0.0	0.0	0.164763	0.0	0.0	0.0	0.835237	0.0	0.0	0.0	0.0	
166	236	4650.999413078	10301.559	10301.559	0.012918	0.0	68	0	0	0	164	0	0	0	0	0.041984	0.0	0.0	0.0	0.20009	0.0	0.0	0.0	0.0	0.079391	0.0	0.0	0.0	4579.64	0.0	0.0	0.0	0.0	0.001168	0.0	0.0	0.0	27.9246	0.0	0.0	0.0	0.0	10	0	0	0	61	0	0	0	0	0	0	0	0	0	0	0	0	0	16	0	0	0	102	0	0	0	0	11	0	0	0	1	0	0	0	0	0	0	0	0	0	0	0	0	0	31	0	0	0	0	0	0	0	0	0.041984	0.0	0.0	0.0	0.20009	0.0	0.0	0.0	0.0	0.173434	0.0	0.0	0.0	0.826566	0.0	0.0	0.0	0.0	
167	237	4665.92876766	10301.559	10301.559	0.012439	0.0	68	0	0	0	165	0	0	0	0	0.041984	0.0	0.0	0.0	0.187987	0.0	0.0	0.0	0.0	0.079391	0.0	0.0	0.0	4594.57	0.0	0.0	0.0	0.0	0.001168	0.0	0.0	0.0	27.8459	0.0	0.0	0.0	0.0	10	0	0	0	61	0	0	0	0	0	0	0	0	0	0	0	0	0	16	0	0	0	103	0	0	0	0	11	0	0	0	1	0	0	0	0	0	0	0	0	0	0	0	0	0	31	0	0	0	0	0	0	0	0	0.041984	0.0	0.0	0.0	0.187987	0.0	0.0	0.0	0.0	0.182562	0.0	0.0	0.0	0.817438	0.0	0.0	0.0	0.0	
168	239	4703.046543986	10301.559	10301.559	0.012085	0.0	69	0	0	0	166	0	0	0	0	0.037786	0.0	0.0	0.0	0.176698	0.0	0.0	0.0	0.0	0.080062	0.0	0.0	0.0	4631.69	0.0	0.0	0.0	0.0	0.00116	0.0	0.0	0.0	27.9017	0.0	0.0	0.0	0.0	10	0	0	0	61	0	0	0	0	0	0	0	0	0	0	0	0	0	17	0	0	0	104	0	0	0	0	11	0	0	0	1	0	0	0	0	0	0	0	0	0	0	0	0	0	31	0	0	0	0	0	0	0	0	0.037786	0.0	0.0	0.0	0.176698	0.0	0.0	0.0	0.0	0.17617	0.0	0.0	0.0	0.82383	0.0	0.0	0.0	0.0	
169	240	4722.19121927	10301.559	10301.559	0.011248	0.0	69	0	0	0	167	0	0	0	0	0.037786	0.0	0.0	0.0	0.165974	0.0	0.0	0.0	0.0	0.080062	0.0	0.0	0.0	4650.83	0.0	0.0	0.0	0.0	0.00116	0.0	0.0	0.0	27.8493	0.0	0.0	0.0	0.0	10	0	0	0	61	0	0	0	0	0	0	0	0	0	0	0	0	0	17	0	0	0	105	0	0	0	0	11	0	0	0	1	0	0	0	0	0	0	0	0	0	0	0	0	0	31	0	0	0	0	0	0	0	0	0.037786	0.0	0.0	0.0	0.165974	0.0	0.0	0.0	0.0	0.185442	0.0	0.0	0.0	0.814558	0.0	0.0	0.0	0.0	
170	241	4748.554323657	10301.559	10301.559	0.01084	0.0	69	0	0	0	168	0	0	0	0	0.037786	0.0	0.0	0.0	0.155786	0.0	0.0	0.0	0.0	0.080062	0.0	0.0	0.0	4677.19	0.0	0.0	0.0	0.0	0.00116	0.0	0.0	0.0	27.8404	0.0	0.0	0.0	0.0	10	0	0	0	61	0	0	0	0	0	0	0	0	0	0	0	0	0	17	0	0	0	106	0	0	0	0	11	0	0	0	1	0	0	0	0	0	0	0	0	0	0	0	0	0	31	0	0	0	0	0	0	0	0	0.037786	0.0	0.0	0.0	0.155786	0.0	0.0	0.0	0.0	0.195202	0.0	0.0	0.0	0.804798	0.0	0.0	0.0	0.0	
171	242	4765.98089728	10297.559	10297.559	0.010301	0.0	69	0	0	0	169	0	0	0	0	0.037786	0.0	0.0	0.0	0.208235	0.0	0.0	0.0	0.0	0.080062	0.0	0.0	0.0	4694.62	0.0	0.0	0.0	0.0	0.00116	0.0	0.0	0.0	27.7788	0.0	0.0	0.0	0.0	10	0	0	0	62	0	0	0	0	0	0	0	0	0	0	0	0	0	17	0	0	0	106	0	0	0	0	11	0	0	0	1	0	0	0	0	0	0	0	0	0	0	0	0	0	31	0	0	0	0	0	0	0	0	0.037786	0.0	0.0	0.0	0.208235	0.0	0.0	0.0	0.0	0.153587	0.0	0.0	0.0	0.846413	0.0	0.0	0.0	0.0	
172	243	4780.894022796	10297.559	10297.559	0.00996	0.0	69	0	0	0	170	0	0	0	0	0.037786	0.0	0.0	0.0	0.195934	0.0	0.0	0.0	0.0	0.080062	0.0	0.0	0.0	4709.53	0.0	0.0	0.0	0.0	0.00116	0.0	0.0	0.0	27.7031	0.0	0.0	0.0	0.0	10	0	0	0	62	0	0	0	0	0	0	0	0	0	0	0	0	0	17	0	0	0	107	0	0	0	0	11	0	0	0	1	0	0	0	0	0	0	0	0	0	0	0	0	0	31	0	0	0	0	0	0	0	0	0.037786	0.0	0.0	0.0	0.195934	0.0	0.0	0.0	0.0	0.161671	0.0	0.0	0.0	0.838329	0.0	0.0	0.0	0.0	
173	244	4795.679543143	10297.559	10297.559	0.009677	0.0	69	0	0	0	171	0	0	0	0	0.037786	0.0	0.0	0.0	0.184248	0.0	0.0	0.0	0.0	0.080062	0.0	0.0	0.0	4724.32	0.0	0.0	0.0	0.0	0.00116	0.0	0.0	0.0	27.6276	0.0	0.0	0.0	0.0	10	0	0	0	62	0	0	0	0	0	0	0	0	0	0	0	0	0	17	0	0	0	108	0	0	0	0	11	0	0	0	1	0	0	0	0	0	0	0	0	0	0	0	0	0	31	0	0	0	0	0	0	0	0	0.037786	0.0	0.0	0.0	0.184248	0.0	0.0	0.0	0.0	0.17018	0.0	0.0	0.0	0.82982	0.0	0.0	0.0	0.0	
174	245	4819.263340946	10297.559	10297.559	0.009404	0.0	69	0	0	0	172	0	0	0	0	0.037786	0.0	0.0	0.0	0.173146	0.0	0.0	0.0	0.0	0.080062	0.0	0.0	0.0	4747.9	0.0	0.0	0.0	0.0	0.00116	0.0	0.0	0.0	27.6041	0.0	0.0	0.0	0.0	10	0	0	0	62	0	0	0	0	0	0	0	0	0	0	0	0	0	17	0	0	0	109	0	0	0	0	11	0	0	0	1	0	0	0	0	0	0	0	0	0	0	0	0	0	31	0	0	0	0	0	0	0	0	0.037786	0.0	0.0	0.0	0.173146	0.0	0.0	0.0	0.0	0.179137	0.0	0.0	0.0	0.820863	0.0	0.0	0.0	0.0	
175	246	4837.920406515	10297.559	10297.559	0.008985	0.0	69	0	0	0	173	0	0	0	0	0.037786	0.0	0.0	0.0	0.162599	0.0	0.0	0.0	0.0	0.080062	0.0	0.0	0.0	4766.56	0.0	0.0	0.0	0.0	0.00116	0.0	0.0	0.0	27.5524	0.0	0.0	0.0	0.0	10	0	0	0	62	0	0	0	0	0	0	0	0	0	0	0	0	0	17	0	0	0	110	0	0	0	0	11	0	0	0	1	0	0	0	0	0	0	0	0	0	0	0	0	0	31	0	0	0	0	0	0	0	0	0.037786	0.0	0.0	0.0	0.162599	0.0	0.0	0.0	0.0	0.188565	0.0	0.0	0.0	0.811435	0.0	0.0	0.0	0.0	
176	247	4860.864336078	10297.559	10297.559	0.008667	0.0	69	0	0	0	174	0	0	0	0	0.037786	0.0	0.0	0.0	0.15258	0.0	0.0	0.0	0.0	0.080062	0.0	0.0	0.0	4789.5	0.0	0.0	0.0	0.0	0.00116	0.0	0.0	0.0	27.5259	0.0	0.0	0.0	0.0	10	0	0	0	62	0	0	0	0	0	0	0	0	0	0	0	0	0	17	0	0	0	111	0	0	0	0	11	0	0	0	1	0	0	0	0	0	0	0	0	0	0	0	0	0	31	0	0	0	0	0	0	0	0	0.037786	0.0	0.0	0.0	0.15258	0.0	0.0	0.0	0.0	0.198489	0.0	0.0	0.0	0.801511	0.0	0.0	0.0	0.0	
177	248	4875.672528407	10297.559	10297.559	0.00829	0.0	69	0	0	0	175	0	0	0	0	0.037786	0.0	0.0	0.0	0.143062	0.0	0.0	0.0	0.0	0.080062	0.0	0.0	0.0	4804.31	0.0	0.0	0.0	0.0	0.00116	0.0	0.0	0.0	27.4532	0.0	0.0	0.0	0.0	10	0	0	0	62	0	0	0	0	0	0	0	0	0	0	0	0	0	17	0	0	0	112	0	0	0	0	11	0	0	0	1	0	0	0	0	0	0	0	0	0	0	0	0	0	31	0	0	0	0	0	0	0	0	0.037786	0.0	0.0	0.0	0.143062	0.0	0.0	0.0	0.0	0.208936	0.0	0.0	0.0	0.791064	0.0	0.0	0.0	0.0	
178	250	4907.674257432	10297.559	10297.559	0.008056	0.0	70	0	0	0	176	0	0	0	0	0.034007	0.0	0.0	0.0	0.134518	0.0	0.0	0.0	0.0	0.081294	0.0	0.0	0.0	4836.31	0.0	0.0	0.0	0.0	0.001161	0.0	0.0	0.0	27.4791	0.0	0.0	0.0	0.0	10	0	0	0	62	0	0	0	0	0	0	0	0	1	0	0	0	0	18	0	0	0	112	0	0	0	0	11	0	0	0	1	0	0	0	0	0	0	0	0	0	0	0	0	0	31	0	0	0	0	0	0	0	0	0.034007	0.0	0.0	0.0	0.134518	0.0	0.0	0.0	0.0	0.201792	0.0	0.0	0.0	0.798208	0.0	0.0	0.0	0.0	
179	251	4922.361369451	10297.559	10297.559	0.007573	0.0	70	0	0	0	177	0	0	0	0	0.034007	0.0	0.0	0.0	0.126092	0.0	0.0	0.0	0.0	0.081294	0.0	0.0	0.0	4851.0	0.0	0.0	0.0	0.0	0.001161	0.0	0.0	0.0	27.4068	0.0	0.0	0.0	0.0	10	0	0	0	62	0	0	0	0	0	0	0	0	1	0	0	0	0	18	0	0	0	113	0	0	0	0	11	0	0	0	1	0	0	0	0	0	0	0	0	0	0	0	0	0	31	0	0	0	0	0	0	0	0	0.034007	0.0	0.0	0.0	0.126092	0.0	0.0	0.0	0.0	0.212413	0.0	0.0	0.0	0.787587	0.0	0.0	0.0	0.0	
180	253	4947.158228311	10297.559	10297.559	0.007361	0.0	71	0	0	0	178	0	0	0	0	0.030606	0.0	0.0	0.0	0.118257	0.0	0.0	0.0	0.0	0.081765	0.0	0.0	0.0	4875.8	0.0	0.0	0.0	0.0	0.001152	0.0	0.0	0.0	27.3921	0.0	0.0	0.0	0.0	10	0	0	0	62	0	0	0	0	0	0	0	0	1	0	0	0	0	18	0	0	0	114	0	0	0	0	11	0	0	0	1	0	0	0	0	0	0	0	0	0	0	0	0	0	32	0	0	0	0	0	0	0	0	0.030606	0.0	0.0	0.0	0.118257	0.0	0.0	0.0	0.0	0.2056	0.0	0.0	0.0	0.7944	0.0	0.0	0.0	0.0	
181	254	4961.684634292	10297.559	10297.559	0.007017	0.0	71	0	0	0	179	0	0	0	0	0.030606	0.0	0.0	0.0	0.110814	0.0	0.0	0.0	0.0	0.081765	0.0	0.0	0.0	4890.32	0.0	0.0	0.0	0.0	0.001152	0.0	0.0	0.0	27.3202	0.0	0.0	0.0	0.0	10	0	0	0	62	0	0	0	0	0	0	0	0	1	0	0	0	0	18	0	0	0	115	0	0	0	0	11	0	0	0	1	0	0	0	0	0	0	0	0	0	0	0	0	0	32	0	0	0	0	0	0	0	0	0.030606	0.0	0.0	0.0	0.110814	0.0	0.0	0.0	0.0	0.216422	0.0	0.0	0.0	0.783578	0.0	0.0	0.0	0.0	
182	255	4984.016032603	10297.559	10297.559	0.006822	0.0	71	0	0	0	180	0	0	0	0	0.030606	0.0	0.0	0.0	0.103743	0.0	0.0	0.0	0.0	0.081765	0.0	0.0	0.0	4912.65	0.0	0.0	0.0	0.0	0.001152	0.0	0.0	0.0	27.2925	0.0	0.0	0.0	0.0	10	0	0	0	62	0	0	0	0	0	0	0	0	1	0	0	0	0	18	0	0	0	116	0	0	0	0	11	0	0	0	1	0	0	0	0	0	0	0	0	0	0	0	0	0	32	0	0	0	0	0	0	0	0	0.030606	0.0	0.0	0.0	0.103743	0.0	0.0	0.0	0.0	0.227812	0.0	0.0	0.0	0.772188	0.0	0.0	0.0	0.0	
183	256	4998.380631072	10297.559	10297.559	0.006534	0.0	71	0	0	0	181	0	0	0	0	0.030606	0.0	0.0	0.0	0.097025	0.0	0.0	0.0	0.0	0.081765	0.0	0.0	0.0	4927.02	0.0	0.0	0.0	0.0	0.001152	0.0	0.0	0.0	27.2211	0.0	0.0	0.0	0.0	10	0	0	0	62	0	0	0	0	0	0	0	0	1	0	0	0	0	18	0	0	0	117	0	0	0	0	11	0	0	0	1	0	0	0	0	0	0	0	0	0	0	0	0	0	32	0	0	0	0	0	0	0	0	0.030606	0.0	0.0	0.0	0.097025	0.0	0.0	0.0	0.0	0.239802	0.0	0.0	0.0	0.760198	0.0	0.0	0.0	0.0	
184	257	5012.731950732	10297.559	10297.559	0.006355	0.0	71	0	0	0	182	0	0	0	0	0.030606	0.0	0.0	0.0	0.090644	0.0	0.0	0.0	0.0	0.081765	0.0	0.0	0.0	4941.37	0.0	0.0	0.0	0.0	0.001152	0.0	0.0	0.0	27.1504	0.0	0.0	0.0	0.0	10	0	0	0	62	0	0	0	0	0	0	0	0	1	0	0	0	0	18	0	0	0	118	0	0	0	0	11	0	0	0	1	0	0	0	0	0	0	0	0	0	0	0	0	0	32	0	0	0	0	0	0	0	0	0.030606	0.0	0.0	0.0	0.090644	0.0	0.0	0.0	0.0	0.252423	0.0	0.0	0.0	0.747577	0.0	0.0	0.0	0.0	
185	258	5031.110771879	10280.088	10280.088	0.006181	0.0	71	0	0	0	183	0	0	0	0	0.030606	0.0	0.0	0.0	0.151464	0.0	0.0	0.0	0.0	0.081765	0.0	0.0	0.0	4959.75	0.0	0.0	0.0	0.0	0.001152	0.0	0.0	0.0	27.1025	0.0	0.0	0.0	0.0	10	0	0	0	63	0	0	0	0	0	0	0	0	1	0	0	0	0	18	0	0	0	118	0	0	0	0	11	0	0	0	1	0	0	0	0	0	0	0	0	0	0	0	0	0	32	0	0	0	0	0	0	0	0	0.030606	0.0	0.0	0.0	0.151464	0.0	0.0	0.0	0.0	0.168102	0.0	0.0	0.0	0.831898	0.0	0.0	0.0	0.0	
186	261	5048.134092079	10280.088	10280.088	0.005965	0.0	73	0	0	0	184	0	0	0	0	0.024791	0.0	0.0	0.0	0.142651	0.0	0.0	0.0	0.0	0.082817	0.0	0.0	0.0	4976.77	0.0	0.0	0.0	0.0	0.001134	0.0	0.0	0.0	27.0477	0.0	0.0	0.0	0.0	10	0	0	0	63	0	0	0	0	0	0	0	0	1	0	0	0	0	19	0	0	0	119	0	0	0	0	11	0	0	0	1	0	0	0	0	0	0	0	0	0	0	0	0	0	33	0	0	0	0	0	0	0	0	0.024791	0.0	0.0	0.0	0.142651	0.0	0.0	0.0	0.0	0.148058	0.0	0.0	0.0	0.851942	0.0	0.0	0.0	0.0	
187	262	5066.593961674	10280.088	10280.088	0.005772	0.0	73	0	0	0	185	0	0	0	0	0.024791	0.0	0.0	0.0	0.134279	0.0	0.0	0.0	0.0	0.082817	0.0	0.0	0.0	4995.23	0.0	0.0	0.0	0.0	0.001134	0.0	0.0	0.0	27.0012	0.0	0.0	0.0	0.0	10	0	0	0	63	0	0	0	0	0	0	0	0	1	0	0	0	0	19	0	0	0	120	0	0	0	0	11	0	0	0	1	0	0	0	0	0	0	0	0	0	0	0	0	0	33	0	0	0	0	0	0	0	0	0.024791	0.0	0.0	0.0	0.134279	0.0	0.0	0.0	0.0	0.15585	0.0	0.0	0.0	0.84415	0.0	0.0	0.0	0.0	
188	263	5127.075719908	10264.368	10264.368	0.00557	0.0	73	0	0	0	186	0	0	0	0	0.024791	0.0	0.0	0.0	0.185557	0.0	0.0	0.0	0.0	0.082817	0.0	0.0	0.0	5055.71	0.0	0.0	0.0	0.0	0.001134	0.0	0.0	0.0	27.1813	0.0	0.0	0.0	0.0	10	0	0	0	64	0	0	0	0	0	0	0	0	1	0	0	0	0	19	0	0	0	120	0	0	0	0	11	0	0	0	1	0	0	0	0	0	0	0	0	0	0	0	0	0	33	0	0	0	0	0	0	0	0	0.024791	0.0	0.0	0.0	0.185557	0.0	0.0	0.0	0.0	0.117858	0.0	0.0	0.0	0.882142	0.0	0.0	0.0	0.0	
189	264	5151.768535354	10264.368	10264.368	0.004955	0.0	73	0	0	0	187	0	0	0	0	0.024791	0.0	0.0	0.0	0.175039	0.0	0.0	0.0	0.0	0.082817	0.0	0.0	0.0	5080.41	0.0	0.0	0.0	0.0	0.001134	0.0	0.0	0.0	27.1679	0.0	0.0	0.0	0.0	10	0	0	0	64	0	0	0	0	0	0	0	0	1	0	0	0	0	19	0	0	0	121	0	0	0	0	11	0	0	0	1	0	0	0	0	0	0	0	0	0	0	0	0	0	33	0	0	0	0	0	0	0	0	0.024791	0.0	0.0	0.0	0.175039	0.0	0.0	0.0	0.0	0.124061	0.0	0.0	0.0	0.875939	0.0	0.0	0.0	0.0	
190	265	5170.674728475	10264.368	10264.368	0.004724	0.0	73	0	0	0	188	0	0	0	0	0.024791	0.0	0.0	0.0	0.165048	0.0	0.0	0.0	0.0	0.082817	0.0	0.0	0.0	5099.31	0.0	0.0	0.0	0.0	0.001134	0.0	0.0	0.0	27.124	0.0	0.0	0.0	0.0	10	0	0	0	64	0	0	0	0	0	0	0	0	1	0	0	0	0	19	0	0	0	122	0	0	0	0	11	0	0	0	1	0	0	0	0	0	0	0	0	0	0	0	0	0	33	0	0	0	0	0	0	0	0	0.024791	0.0	0.0	0.0	0.165048	0.0	0.0	0.0	0.0	0.13059	0.0	0.0	0.0	0.86941	0.0	0.0	0.0	0.0	
191	267	5200.899563081	10264.358588235296	10264.358588235296	0.004555	0.0	74	0	0	0	189	0	0	0	0	0.122312	0.0	0.0	0.0	0.15068	0.0	0.0	0.0	0.0	0.083842	0.0	0.0	0.0	5129.54	0.0	0.0	0.0	0.0	0.001133	0.0	0.0	0.0	27.1404	0.0	0.0	0.0	0.0	11	0	0	0	64	0	0	0	0	0	0	0	0	1	0	0	0	0	19	0	0	0	122	0	0	0	0	11	0	0	0	2	0	0	0	0	0	0	0	0	0	0	0	0	0	33	0	0	0	0	0	0	0	0	0.122312	0.0	0.0	0.0	0.15068	0.0	0.0	0.0	0.0	0.448043	0.0	0.0	0.0	0.551957	0.0	0.0	0.0	0.0	
192	268	5217.655412368	10264.358588235296	10264.358588235296	0.004296	0.0	74	0	0	0	190	0	0	0	0	0.122312	0.0	0.0	0.0	0.13703	0.0	0.0	0.0	0.0	0.083842	0.0	0.0	0.0	5146.29	0.0	0.0	0.0	0.0	0.001133	0.0	0.0	0.0	27.0857	0.0	0.0	0.0	0.0	11	0	0	0	64	0	0	0	0	0	0	0	0	1	0	0	0	0	19	0	0	0	122	0	0	0	0	11	0	0	0	3	0	0	0	0	0	0	0	0	0	0	0	0	0	33	0	0	0	0	0	0	0	0	0.122312	0.0	0.0	0.0	0.13703	0.0	0.0	0.0	0.0	0.471624	0.0	0.0	0.0	0.528376	0.0	0.0	0.0	0.0	
193	270	5247.334796766	10264.358588235296	10264.358588235296	0.004159	0.0	75	0	0	0	191	0	0	0	0	0.110081	0.0	0.0	0.0	0.124675	0.0	0.0	0.0	0.0	0.084384	0.0	0.0	0.0	5175.97	0.0	0.0	0.0	0.0	0.001125	0.0	0.0	0.0	27.0993	0.0	0.0	0.0	0.0	11	0	0	0	64	0	0	0	0	0	0	0	0	1	0	0	0	0	19	0	0	0	122	0	0	0	0	11	0	0	0	4	0	0	0	0	0	0	0	0	0	0	0	0	0	34	0	0	0	0	0	0	0	0	0.110081	0.0	0.0	0.0	0.124675	0.0	0.0	0.0	0.0	0.468917	0.0	0.0	0.0	0.531083	0.0	0.0	0.0	0.0	
194	273	5274.90024649	10264.358588235296	10264.368	0.003927	0.0	77	0	0	0	192	0	0	0	0	0.089165	0.0	0.0	0.0	0.113983	0.0	0.0	0.0	0.0	0.085165	0.0	0.0	0.0	5203.53	0.0	0.0	0.0	0.0	0.001106	0.0	0.0	0.0	27.1017	0.0	0.0	0.0	0.0	11	0	0	0	64	0	0	0	0	0	0	0	0	1	0	0	0	0	19	0	0	0	123	0	0	0	0	11	0	0	0	4	0	0	0	0	0	0	0	0	0	0	0	0	0	36	0	0	0	0	0	0	0	0	0.089165	0.0	0.0	0.0	0.113983	0.0	0.0	0.0	0.0	0.438918	0.0	0.0	0.0	0.561082	0.0	0.0	0.0	0.0	
195	274	5290.548397612	10264.358588235296	10264.368	0.003723	0.0	77	0	0	0	193	0	0	0	0	0.089165	0.0	0.0	0.0	0.103825	0.0	0.0	0.0	0.0	0.085165	0.0	0.0	0.0	5219.18	0.0	0.0	0.0	0.0	0.001106	0.0	0.0	0.0	27.0424	0.0	0.0	0.0	0.0	11	0	0	0	64	0	0	0	0	0	0	0	0	1	0	0	0	0	19	0	0	0	124	0	0	0	0	11	0	0	0	4	0	0	0	0	0	0	0	0	0	0	0	0	0	36	0	0	0	0	0	0	0	0	0.089165	0.0	0.0	0.0	0.103825	0.0	0.0	0.0	0.0	0.462019	0.0	0.0	0.0	0.537981	0.0	0.0	0.0	0.0	
196	275	5413.325427742	10236.5	10236.5	0.003612	0.0	77	0	0	0	194	0	0	0	0	0.089165	0.0	0.0	0.0	0.187116	0.0	0.0	0.0	0.0	0.085165	0.0	0.0	0.0	5341.96	0.0	0.0	0.0	0.0	0.001106	0.0	0.0	0.0	27.5359	0.0	0.0	0.0	0.0	11	0	0	0	65	0	0	0	0	0	0	0	0	1	0	0	0	0	19	0	0	0	124	0	0	0	0	11	0	0	0	4	0	0	0	0	0	0	0	0	0	0	0	0	0	36	0	0	0	0	0	0	0	0	0.089165	0.0	0.0	0.0	0.187116	0.0	0.0	0.0	0.0	0.322734	0.0	0.0	0.0	0.677266	0.0	0.0	0.0	0.0	
197	276	5440.619503235	10236.5	10236.5	0.002849	0.0	77	0	0	0	195	0	0	0	0	0.089165	0.0	0.0	0.0	0.173302	0.0	0.0	0.0	0.0	0.085165	0.0	0.0	0.0	5369.25	0.0	0.0	0.0	0.0	0.001106	0.0	0.0	0.0	27.5346	0.0	0.0	0.0	0.0	11	0	0	0	65	0	0	0	0	0	0	0	0	1	0	0	0	0	19	0	0	0	125	0	0	0	0	11	0	0	0	4	0	0	0	0	0	0	0	0	0	0	0	0	0	36	0	0	0	0	0	0	0	0	0.089165	0.0	0.0	0.0	0.173302	0.0	0.0	0.0	0.0	0.33972	0.0	0.0	0.0	0.66028	0.0	0.0	0.0	0.0	
198	277	5455.232183258	10236.5	10236.5	0.002703	0.0	77	0	0	0	196	0	0	0	0	0.089165	0.0	0.0	0.0	0.160178	0.0	0.0	0.0	0.0	0.085165	0.0	0.0	0.0	5383.87	0.0	0.0	0.0	0.0	0.001106	0.0	0.0	0.0	27.4687	0.0	0.0	0.0	0.0	11	0	0	0	65	0	0	0	0	0	0	0	0	1	0	0	0	0	19	0	0	0	126	0	0	0	0	11	0	0	0	4	0	0	0	0	0	0	0	0	0	0	0	0	0	36	0	0	0	0	0	0	0	0	0.089165	0.0	0.0	0.0	0.160178	0.0	0.0	0.0	0.0	0.3576	0.0	0.0	0.0	0.6424	0.0	0.0	0.0	0.0	
199	278	5474.535567835	10236.5	10236.5	0.002627	0.0	77	0	0	0	197	0	0	0	0	0.089165	0.0	0.0	0.0	0.147711	0.0	0.0	0.0	0.0	0.085165	0.0	0.0	0.0	5403.17	0.0	0.0	0.0	0.0	0.001106	0.0	0.0	0.0	27.4273	0.0	0.0	0.0	0.0	11	0	0	0	65	0	0	0	0	0	0	0	0	1	0	0	0	0	19	0	0	0	127	0	0	0	0	11	0	0	0	4	0	0	0	0	0	0	0	0	0	0	0	0	0	36	0	0	0	0	0	0	0	0	0.089165	0.0	0.0	0.0	0.147711	0.0	0.0	0.0	0.0	0.376421	0.0	0.0	0.0	0.623579	0.0	0.0	0.0	0.0	
200	279	5496.973657261	10236.5	10236.5	0.002531	0.0	77	0	0	0	198	0	0	0	0	0.089165	0.0	0.0	0.0	0.135867	0.0	0.0	0.0	0.0	0.085165	0.0	0.0	0.0	5425.61	0.0	0.0	0.0	0.0	0.001106	0.0	0.0	0.0	27.4021	0.0	0.0	0.0	0.0	11	0	0	0	65	0	0	0	0	0	0	0	0	1	0	0	0	0	19	0	0	0	128	0	0	0	0	11	0	0	0	4	0	0	0	0	0	0	0	0	0	0	0	0	0	36	0	0	0	0	0	0	0	0	0.089165	0.0	0.0	0.0	0.135867	0.0	0.0	0.0	0.0	0.396233	0.0	0.0	0.0	0.603767	0.0	0.0	0.0	0.0	
201	280	5521.452841665	10236.5	10236.5	0.002424	0.0	77	0	0	0	199	0	0	0	0	0.089165	0.0	0.0	0.0	0.124616	0.0	0.0	0.0	0.0	0.085165	0.0	0.0	0.0	5450.09	0.0	0.0	0.0	0.0	0.001106	0.0	0.0	0.0	27.3874	0.0	0.0	0.0	0.0	11	0	0	0	65	0	0	0	0	0	0	0	0	1	0	0	0	0	19	0	0	0	129	0	0	0	0	11	0	0	0	4	0	0	0	0	0	0	0	0	0	0	0	0	0	36	0	0	0	0	0	0	0	0	0.089165	0.0	0.0	0.0	0.124616	0.0	0.0	0.0	0.0	0.417087	0.0	0.0	0.0	0.582913	0.0	0.0	0.0	0.0	
202	281	5544.643947751	10236.5	10236.5	0.002312	0.0	77	0	0	0	200	0	0	0	0	0.089165	0.0	0.0	0.0	0.113927	0.0	0.0	0.0	0.0	0.085165	0.0	0.0	0.0	5473.28	0.0	0.0	0.0	0.0	0.001106	0.0	0.0	0.0	27.3664	0.0	0.0	0.0	0.0	11	0	0	0	65	0	0	0	0	0	0	0	0	1	0	0	0	0	19	0	0	0	130	0	0	0	0	11	0	0	0	4	0	0	0	0	0	0	0	0	0	0	0	0	0	36	0	0	0	0	0	0	0	0	0.089165	0.0	0.0	0.0	0.113927	0.0	0.0	0.0	0.0	0.439039	0.0	0.0	0.0	0.560961	0.0	0.0	0.0	0.0	
203	282	5559.348851327	10236.5	10236.5	0.00221	0.0	77	0	0	0	201	0	0	0	0	0.089165	0.0	0.0	0.0	0.103772	0.0	0.0	0.0	0.0	0.085165	0.0	0.0	0.0	5487.98	0.0	0.0	0.0	0.0	0.001106	0.0	0.0	0.0	27.3034	0.0	0.0	0.0	0.0	11	0	0	0	65	0	0	0	0	0	0	0	0	1	0	0	0	0	19	0	0	0	131	0	0	0	0	11	0	0	0	4	0	0	0	0	0	0	0	0	0	0	0	0	0	36	0	0	0	0	0	0	0	0	0.089165	0.0	0.0	0.0	0.103772	0.0	0.0	0.0	0.0	0.462147	0.0	0.0	0.0	0.537853	0.0	0.0	0.0	0.0	
204	284	5578.051687381	10236.5	10236.5	0.002148	0.0	78	0	0	0	202	0	0	0	0	0.080249	0.0	0.0	0.0	0.094571	0.0	0.0	0.0	0.0	0.08586	0.0	0.0	0.0	5506.69	0.0	0.0	0.0	0.0	0.001101	0.0	0.0	0.0	27.2608	0.0	0.0	0.0	0.0	11	0	0	0	65	0	0	0	0	0	0	0	0	1	0	0	0	0	20	0	0	0	132	0	0	0	0	11	0	0	0	4	0	0	0	0	0	0	0	0	0	0	0	0	0	36	0	0	0	0	0	0	0	0	0.080249	0.0	0.0	0.0	0.094571	0.0	0.0	0.0	0.0	0.459037	0.0	0.0	0.0	0.540963	0.0	0.0	0.0	0.0	
205	287	5602.224547583	10236.5	10236.5	0.002072	0.0	80	0	0	0	203	0	0	0	0	0.065002	0.0	0.0	0.0	0.086592	0.0	0.0	0.0	0.0	0.086925	0.0	0.0	0.0	5530.86	0.0	0.0	0.0	0.0	0.001087	0.0	0.0	0.0	27.2456	0.0	0.0	0.0	0.0	11	0	0	0	65	0	0	0	0	0	0	0	0	1	0	0	0	0	21	0	0	0	133	0	0	0	0	11	0	0	0	4	0	0	0	0	0	0	0	0	0	0	0	0	0	37	0	0	0	0	0	0	0	0	0.065002	0.0	0.0	0.0	0.086592	0.0	0.0	0.0	0.0	0.428787	0.0	0.0	0.0	0.571213	0.0	0.0	0.0	0.0	
206	288	5620.140709685	10214.0	10214.0	0.001977	0.0	80	0	0	0	204	0	0	0	0	0.065002	0.0	0.0	0.0	0.166546	0.0	0.0	0.0	0.0	0.086925	0.0	0.0	0.0	5548.77	0.0	0.0	0.0	0.0	0.001087	0.0	0.0	0.0	27.1999	0.0	0.0	0.0	0.0	11	0	0	0	66	0	0	0	0	0	0	0	0	1	0	0	0	0	21	0	0	0	133	0	0	0	0	11	0	0	0	4	0	0	0	0	0	0	0	0	0	0	0	0	0	37	0	0	0	0	0	0	0	0	0.065002	0.0	0.0	0.0	0.166546	0.0	0.0	0.0	0.0	0.280727	0.0	0.0	0.0	0.719273	0.0	0.0	0.0	0.0	
207	290	5650.455567229	10214.0	10214.0	0.00191	0.0	81	0	0	0	205	0	0	0	0	0.058502	0.0	0.0	0.0	0.155293	0.0	0.0	0.0	0.0	0.087289	0.0	0.0	0.0	5579.09	0.0	0.0	0.0	0.0	0.001078	0.0	0.0	0.0	27.2151	0.0	0.0	0.0	0.0	11	0	0	0	66	0	0	0	0	0	0	0	0	1	0	0	0	0	21	0	0	0	134	0	0	0	0	11	0	0	0	4	0	0	0	0	0	0	0	0	0	0	0	0	0	38	0	0	0	0	0	0	0	0	0.058502	0.0	0.0	0.0	0.155293	0.0	0.0	0.0	0.0	0.273634	0.0	0.0	0.0	0.726366	0.0	0.0	0.0	0.0	
208	292	5679.945652156	10213.5	10213.5	0.001801	0.0	82	0	0	0	206	0	0	0	0	0.052651	0.0	0.0	0.0	0.211848	0.0	0.0	0.0	0.0	0.088069	0.0	0.0	0.0	5608.58	0.0	0.0	0.0	0.0	0.001074	0.0	0.0	0.0	27.2261	0.0	0.0	0.0	0.0	11	0	0	0	67	0	0	0	0	0	0	0	0	1	0	0	0	0	22	0	0	0	134	0	0	0	0	11	0	0	0	4	0	0	0	0	0	0	0	0	0	0	0	0	0	38	0	0	0	0	0	0	0	0	0.052651	0.0	0.0	0.0	0.211848	0.0	0.0	0.0	0.0	0.19906	0.0	0.0	0.0	0.80094	0.0	0.0	0.0	0.0	
209	293	5694.420933303	10213.5	10213.5	0.001702	0.0	82	0	0	0	207	0	0	0	0	0.052651	0.0	0.0	0.0	0.198623	0.0	0.0	0.0	0.0	0.088069	0.0	0.0	0.0	5623.05	0.0	0.0	0.0	0.0	0.001074	0.0	0.0	0.0	27.1645	0.0	0.0	0.0	0.0	11	0	0	0	67	0	0	0	0	0	0	0	0	1	0	0	0	0	22	0	0	0	135	0	0	0	0	11	0	0	0	4	0	0	0	0	0	0	0	0	0	0	0	0	0	38	0	0	0	0	0	0	0	0	0.052651	0.0	0.0	0.0	0.198623	0.0	0.0	0.0	0.0	0.209537	0.0	0.0	0.0	0.790463	0.0	0.0	0.0	0.0	
210	294	5721.05470683	10208.221	10208.221	0.001655	0.0	82	0	0	0	208	0	0	0	0	0.052651	0.0	0.0	0.0	0.249314	0.0	0.0	0.0	0.0	0.088069	0.0	0.0	0.0	5649.69	0.0	0.0	0.0	0.0	0.001074	0.0	0.0	0.0	27.162	0.0	0.0	0.0	0.0	11	0	0	0	68	0	0	0	0	0	0	0	0	1	0	0	0	0	22	0	0	0	135	0	0	0	0	11	0	0	0	4	0	0	0	0	0	0	0	0	0	0	0	0	0	38	0	0	0	0	0	0	0	0	0.052651	0.0	0.0	0.0	0.249314	0.0	0.0	0.0	0.0	0.174362	0.0	0.0	0.0	0.825638	0.0	0.0	0.0	0.0	
211	295	5743.712844736	10208.221	10208.221	0.001572	0.0	82	0	0	0	209	0	0	0	0	0.052651	0.0	0.0	0.0	0.234215	0.0	0.0	0.0	0.0	0.088069	0.0	0.0	0.0	5672.34	0.0	0.0	0.0	0.0	0.001074	0.0	0.0	0.0	27.1404	0.0	0.0	0.0	0.0	11	0	0	0	68	0	0	0	0	0	0	0	0	1	0	0	0	0	22	0	0	0	136	0	0	0	0	11	0	0	0	4	0	0	0	0	0	0	0	0	0	0	0	0	0	38	0	0	0	0	0	0	0	0	0.052651	0.0	0.0	0.0	0.234215	0.0	0.0	0.0	0.0	0.183539	0.0	0.0	0.0	0.816461	0.0	0.0	0.0	0.0	
212	296	5758.464855132	10208.221	10208.221	0.001504	0.0	82	0	0	0	210	0	0	0	0	0.052651	0.0	0.0	0.0	0.219872	0.0	0.0	0.0	0.0	0.088069	0.0	0.0	0.0	5687.1	0.0	0.0	0.0	0.0	0.001074	0.0	0.0	0.0	27.0814	0.0	0.0	0.0	0.0	11	0	0	0	68	0	0	0	0	0	0	0	0	1	0	0	0	0	22	0	0	0	137	0	0	0	0	11	0	0	0	4	0	0	0	0	0	0	0	0	0	0	0	0	0	38	0	0	0	0	0	0	0	0	0.052651	0.0	0.0	0.0	0.219872	0.0	0.0	0.0	0.0	0.193199	0.0	0.0	0.0	0.806801	0.0	0.0	0.0	0.0	
213	297	5773.049850637	10208.221	10208.221	0.001462	0.0	82	0	0	0	211	0	0	0	0	0.052651	0.0	0.0	0.0	0.206246	0.0	0.0	0.0	0.0	0.088069	0.0	0.0	0.0	5701.68	0.0	0.0	0.0	0.0	0.001074	0.0	0.0	0.0	27.0222	0.0	0.0	0.0	0.0	11	0	0	0	68	0	0	0	0	0	0	0	0	1	0	0	0	0	22	0	0	0	138	0	0	0	0	11	0	0	0	4	0	0	0	0	0	0	0	0	0	0	0	0	0	38	0	0	0	0	0	0	0	0	0.052651	0.0	0.0	0.0	0.206246	0.0	0.0	0.0	0.0	0.203368	0.0	0.0	0.0	0.796632	0.0	0.0	0.0	0.0	
214	298	5787.566463701	10208.221	10208.221	0.001421	0.0	82	0	0	0	212	0	0	0	0	0.052651	0.0	0.0	0.0	0.193301	0.0	0.0	0.0	0.0	0.088069	0.0	0.0	0.0	5716.2	0.0	0.0	0.0	0.0	0.001074	0.0	0.0	0.0	26.9632	0.0	0.0	0.0	0.0	11	0	0	0	68	0	0	0	0	0	0	0	0	1	0	0	0	0	22	0	0	0	139	0	0	0	0	11	0	0	0	4	0	0	0	0	0	0	0	0	0	0	0	0	0	38	0	0	0	0	0	0	0	0	0.052651	0.0	0.0	0.0	0.193301	0.0	0.0	0.0	0.0	0.214071	0.0	0.0	0.0	0.785929	0.0	0.0	0.0	0.0	
215	299	5812.973153692	10199.221	10199.221	0.001382	0.0	82	0	0	0	213	0	0	0	0	0.052651	0.0	0.0	0.0	0.244622	0.0	0.0	0.0	0.0	0.088069	0.0	0.0	0.0	5741.6	0.0	0.0	0.0	0.0	0.001074	0.0	0.0	0.0	26.9559	0.0	0.0	0.0	0.0	11	0	0	0	69	0	0	0	0	0	0	0	0	1	0	0	0	0	22	0	0	0	139	0	0	0	0	11	0	0	0	4	0	0	0	0	0	0	0	0	0	0	0	0	0	38	0	0	0	0	0	0	0	0	0.052651	0.0	0.0	0.0	0.244622	0.0	0.0	0.0	0.0	0.177114	0.0	0.0	0.0	0.822886	0.0	0.0	0.0	0.0	
216	301	5844.31174325	10199.221	10199.221	0.001316	0.0	83	0	0	0	214	0	0	0	0	0.047386	0.0	0.0	0.0	0.23032	0.0	0.0	0.0	0.0	0.089121	0.0	0.0	0.0	5772.94	0.0	0.0	0.0	0.0	0.001074	0.0	0.0	0.0	26.9764	0.0	0.0	0.0	0.0	11	0	0	0	69	0	0	0	0	0	0	0	0	2	0	0	0	0	23	0	0	0	139	0	0	0	0	11	0	0	0	4	0	0	0	0	0	0	0	0	0	0	0	0	0	38	0	0	0	0	0	0	0	0	0.047386	0.0	0.0	0.0	0.23032	0.0	0.0	0.0	0.0	0.170634	0.0	0.0	0.0	0.829366	0.0	0.0	0.0	0.0	
217	303	5866.874479894	10199.221	10199.221	0.001238	0.0	84	0	0	0	215	0	0	0	0	0.042648	0.0	0.0	0.0	0.216672	0.0	0.0	0.0	0.0	0.089741	0.0	0.0	0.0	5795.5	0.0	0.0	0.0	0.0	0.001068	0.0	0.0	0.0	26.9558	0.0	0.0	0.0	0.0	11	0	0	0	69	0	0	0	0	0	0	0	0	2	0	0	0	0	24	0	0	0	140	0	0	0	0	11	0	0	0	4	0	0	0	0	0	0	0	0	0	0	0	0	0	38	0	0	0	0	0	0	0	0	0.042648	0.0	0.0	0.0	0.216672	0.0	0.0	0.0	0.0	0.164459	0.0	0.0	0.0	0.835541	0.0	0.0	0.0	0.0	
218	306	5883.787200409	10199.20982352941	10199.20982352941	0.001185	0.0	86	0	0	0	216	0	0	0	0	0.124545	0.0	0.0	0.0	0.199611	0.0	0.0	0.0	0.0	0.091287	0.0	0.0	0.0	5812.42	0.0	0.0	0.0	0.0	0.001061	0.0	0.0	0.0	26.9093	0.0	0.0	0.0	0.0	12	0	0	0	69	0	0	0	0	0	0	0	0	2	0	0	0	0	25	0	0	0	140	0	0	0	0	11	0	0	0	5	0	0	0	0	0	0	0	0	0	0	0	0	0	38	0	0	0	0	0	0	0	0	0.124545	0.0	0.0	0.0	0.199611	0.0	0.0	0.0	0.0	0.384212	0.0	0.0	0.0	0.615788	0.0	0.0	0.0	0.0	
219	309	5905.757788719	10199.20982352941	10199.20982352941	0.001147	0.0	88	0	0	0	217	0	0	0	0	0.100881	0.0	0.0	0.0	0.184587	0.0	0.0	0.0	0.0	0.091994	0.0	0.0	0.0	5834.39	0.0	0.0	0.0	0.0	0.001045	0.0	0.0	0.0	26.8866	0.0	0.0	0.0	0.0	12	0	0	0	69	0	0	0	0	0	0	0	0	2	0	0	0	0	25	0	0	0	140	0	0	0	0	11	0	0	0	6	0	0	0	0	0	0	0	0	0	0	0	0	0	40	0	0	0	0	0	0	0	0	0.100881	0.0	0.0	0.0	0.184587	0.0	0.0	0.0	0.0	0.353389	0.0	0.0	0.0	0.646611	0.0	0.0	0.0	0.0	
220	310	5925.935354867	10199.20982352941	10199.20982352941	0.0011	0.0	88	0	0	0	218	0	0	0	0	0.100881	0.0	0.0	0.0	0.170313	0.0	0.0	0.0	0.0	0.091994	0.0	0.0	0.0	5854.56	0.0	0.0	0.0	0.0	0.001045	0.0	0.0	0.0	26.8558	0.0	0.0	0.0	0.0	12	0	0	0	69	0	0	0	0	0	0	0	0	2	0	0	0	0	25	0	0	0	140	0	0	0	0	11	0	0	0	7	0	0	0	0	0	0	0	0	0	0	0	0	0	40	0	0	0	0	0	0	0	0	0.100881	0.0	0.0	0.0	0.170313	0.0	0.0	0.0	0.0	0.371988	0.0	0.0	0.0	0.628012	0.0	0.0	0.0	0.0	
221	311	5943.776378859	10199.20982352941	10199.20982352941	0.001058	0.0	88	0	0	0	219	0	0	0	0	0.100881	0.0	0.0	0.0	0.156754	0.0	0.0	0.0	0.0	0.091994	0.0	0.0	0.0	5872.4	0.0	0.0	0.0	0.0	0.001045	0.0	0.0	0.0	26.8146	0.0	0.0	0.0	0.0	12	0	0	0	69	0	0	0	0	0	0	0	0	2	0	0	0	0	25	0	0	0	140	0	0	0	0	11	0	0	0	8	0	0	0	0	0	0	0	0	0	0	0	0	0	40	0	0	0	0	0	0	0	0	0.100881	0.0	0.0	0.0	0.156754	0.0	0.0	0.0	0.0	0.391566	0.0	0.0	0.0	0.608434	0.0	0.0	0.0	0.0	
222	312	6014.28331232	10199.20982352941	10199.20982352941	0.001022	0.0	88	0	0	0	220	0	0	0	0	0.100881	0.0	0.0	0.0	0.143872	0.0	0.0	0.0	0.0	0.091994	0.0	0.0	0.0	5942.91	0.0	0.0	0.0	0.0	0.001045	0.0	0.0	0.0	27.0132	0.0	0.0	0.0	0.0	12	0	0	0	69	0	0	0	0	0	0	0	0	2	0	0	0	0	25	0	0	0	140	0	0	0	0	11	0	0	0	9	0	0	0	0	0	0	0	0	0	0	0	0	0	40	0	0	0	0	0	0	0	0	0.100881	0.0	0.0	0.0	0.143872	0.0	0.0	0.0	0.0	0.412175	0.0	0.0	0.0	0.587825	0.0	0.0	0.0	0.0	
223	314	6032.814612243	10199.20982352941	10199.20982352941	0.000891	0.0	89	0	0	0	221	0	0	0	0	0.090793	0.0	0.0	0.0	0.132139	0.0	0.0	0.0	0.0	0.092379	0.0	0.0	0.0	5961.44	0.0	0.0	0.0	0.0	0.001038	0.0	0.0	0.0	26.9748	0.0	0.0	0.0	0.0	12	0	0	0	69	0	0	0	0	0	0	0	0	2	0	0	0	0	25	0	0	0	140	0	0	0	0	11	0	0	0	10	0	0	0	0	0	0	0	0	0	0	0	0	0	41	0	0	0	0	0	0	0	0	0.090793	0.0	0.0	0.0	0.132139	0.0	0.0	0.0	0.0	0.407268	0.0	0.0	0.0	0.592732	0.0	0.0	0.0	0.0	
224	315	6051.114323747	10199.20982352941	10199.20982352941	0.00086	0.0	89	0	0	0	222	0	0	0	0	0.090793	0.0	0.0	0.0	0.120992	0.0	0.0	0.0	0.0	0.092379	0.0	0.0	0.0	5979.74	0.0	0.0	0.0	0.0	0.001038	0.0	0.0	0.0	26.9358	0.0	0.0	0.0	0.0	12	0	0	0	69	0	0	0	0	0	0	0	0	2	0	0	0	0	25	0	0	0	140	0	0	0	0	11	0	0	0	11	0	0	0	0	0	0	0	0	0	0	0	0	0	41	0	0	0	0	0	0	0	0	0.090793	0.0	0.0	0.0	0.120992	0.0	0.0	0.0	0.0	0.428704	0.0	0.0	0.0	0.571296	0.0	0.0	0.0	0.0	
225	316	6079.651139908	10199.20982352941	10199.20982352941	0.00083	0.0	89	0	0	0	223	0	0	0	0	0.090793	0.0	0.0	0.0	0.110403	0.0	0.0	0.0	0.0	0.092379	0.0	0.0	0.0	6008.28	0.0	0.0	0.0	0.0	0.001038	0.0	0.0	0.0	26.943	0.0	0.0	0.0	0.0	12	0	0	0	69	0	0	0	0	0	0	0	0	2	0	0	0	0	25	0	0	0	140	0	0	0	0	11	0	0	0	12	0	0	0	0	0	0	0	0	0	0	0	0	0	41	0	0	0	0	0	0	0	0	0.090793	0.0	0.0	0.0	0.110403	0.0	0.0	0.0	0.0	0.451267	0.0	0.0	0.0	0.548733	0.0	0.0	0.0	0.0	
226	318	6096.992456653	10199.20982352941	10199.20982352941	0.000786	0.0	90	0	0	0	224	0	0	0	0	0.081714	0.0	0.0	0.0	0.100797	0.0	0.0	0.0	0.0	0.092845	0.0	0.0	0.0	6025.62	0.0	0.0	0.0	0.0	0.001032	0.0	0.0	0.0	26.9001	0.0	0.0	0.0	0.0	12	0	0	0	69	0	0	0	0	0	0	0	0	2	0	0	0	0	25	0	0	0	140	0	0	0	0	11	0	0	0	13	0	0	0	0	0	0	0	0	0	0	0	0	0	42	0	0	0	0	0	0	0	0	0.081714	0.0	0.0	0.0	0.100797	0.0	0.0	0.0	0.0	0.44772	0.0	0.0	0.0	0.55228	0.0	0.0	0.0	0.0	
227	322	6117.45823937	10199.20982352941	10199.20982352941	0.00076	0.0	93	0	0	0	225	0	0	0	0	0.059569	0.0	0.0	0.0	0.092779	0.0	0.0	0.0	0.0	0.094239	0.0	0.0	0.0	6046.08	0.0	0.0	0.0	0.0	0.001013	0.0	0.0	0.0	26.8715	0.0	0.0	0.0	0.0	12	0	0	0	69	0	0	0	0	0	0	0	0	2	0	0	0	0	26	0	0	0	140	0	0	0	0	11	0	0	0	14	0	0	0	0	0	0	0	0	0	0	0	0	0	44	0	0	0	0	0	0	0	0	0.059569	0.0	0.0	0.0	0.092779	0.0	0.0	0.0	0.0	0.391008	0.0	0.0	0.0	0.608992	0.0	0.0	0.0	0.0	
228	323	6141.277013555	10199.20982352941	10199.20982352941	0.00073	0.0	93	0	0	0	226	0	0	0	0	0.059569	0.0	0.0	0.0	0.085161	0.0	0.0	0.0	0.0	0.094239	0.0	0.0	0.0	6069.9	0.0	0.0	0.0	0.0	0.001013	0.0	0.0	0.0	26.858	0.0	0.0	0.0	0.0	12	0	0	0	69	0	0	0	0	0	0	0	0	2	0	0	0	0	26	0	0	0	140	0	0	0	0	11	0	0	0	15	0	0	0	0	0	0	0	0	0	0	0	0	0	44	0	0	0	0	0	0	0	0	0.059569	0.0	0.0	0.0	0.085161	0.0	0.0	0.0	0.0	0.411588	0.0	0.0	0.0	0.588412	0.0	0.0	0.0	0.0	
229	325	6166.872023803	10199.20982352941	10199.20982352941	0.000697	0.0	94	0	0	0	227	0	0	0	0	0.053612	0.0	0.0	0.0	0.078222	0.0	0.0	0.0	0.0	0.094649	0.0	0.0	0.0	6095.5	0.0	0.0	0.0	0.0	0.001007	0.0	0.0	0.0	26.8524	0.0	0.0	0.0	0.0	12	0	0	0	69	0	0	0	0	0	0	0	0	2	0	0	0	0	26	0	0	0	140	0	0	0	0	11	0	0	0	16	0	0	0	0	0	0	0	0	0	0	0	0	0	45	0	0	0	0	0	0	0	0	0.053612	0.0	0.0	0.0	0.078222	0.0	0.0	0.0	0.0	0.406663	0.0	0.0	0.0	0.593337	0.0	0.0	0.0	0.0	
230	327	6196.27045441	10183.529	10183.529	0.000664	0.0	95	0	0	0	228	0	0	0	0	0.048251	0.0	0.0	0.0	0.152741	0.0	0.0	0.0	0.0	0.095801	0.0	0.0	0.0	6124.89	0.0	0.0	0.0	0.0	0.001008	0.0	0.0	0.0	26.8636	0.0	0.0	0.0	0.0	12	0	0	0	70	0	0	0	0	0	0	0	0	2	0	0	0	0	26	0	0	0	140	0	0	0	0	12	0	0	0	16	0	0	0	0	0	0	0	0	0	0	0	0	0	45	0	0	0	0	0	0	0	0	0.048251	0.0	0.0	0.0	0.152741	0.0	0.0	0.0	0.0	0.240065	0.0	0.0	0.0	0.759935	0.0	0.0	0.0	0.0	
231	328	6216.260441593	10183.529	10183.529	0.000627	0.0	95	0	0	0	229	0	0	0	0	0.048251	0.0	0.0	0.0	0.142691	0.0	0.0	0.0	0.0	0.095801	0.0	0.0	0.0	6144.88	0.0	0.0	0.0	0.0	0.001008	0.0	0.0	0.0	26.8336	0.0	0.0	0.0	0.0	12	0	0	0	70	0	0	0	0	0	0	0	0	2	0	0	0	0	26	0	0	0	141	0	0	0	0	12	0	0	0	16	0	0	0	0	0	0	0	0	0	0	0	0	0	45	0	0	0	0	0	0	0	0	0.048251	0.0	0.0	0.0	0.142691	0.0	0.0	0.0	0.0	0.2527	0.0	0.0	0.0	0.7473	0.0	0.0	0.0	0.0	
232	330	6242.570871823	10183.529	10183.529	0.000603	0.0	96	0	0	0	230	0	0	0	0	0.043426	0.0	0.0	0.0	0.133386	0.0	0.0	0.0	0.0	0.097001	0.0	0.0	0.0	6171.19	0.0	0.0	0.0	0.0	0.00101	0.0	0.0	0.0	26.8313	0.0	0.0	0.0	0.0	12	0	0	0	70	0	0	0	0	0	0	0	0	2	0	0	0	0	26	0	0	0	142	0	0	0	0	13	0	0	0	16	0	0	0	0	0	0	0	0	0	0	0	0	0	45	0	0	0	0	0	0	0	0	0.043426	0.0	0.0	0.0	0.133386	0.0	0.0	0.0	0.0	0.245606	0.0	0.0	0.0	0.754394	0.0	0.0	0.0	0.0	
233	332	6257.316705875	10183.529	10183.529	0.000573	0.0	97	0	0	0	231	0	0	0	0	0.039083	0.0	0.0	0.0	0.124762	0.0	0.0	0.0	0.0	0.097454	0.0	0.0	0.0	6185.94	0.0	0.0	0.0	0.0	0.001005	0.0	0.0	0.0	26.779	0.0	0.0	0.0	0.0	12	0	0	0	70	0	0	0	0	0	0	0	0	2	0	0	0	0	26	0	0	0	143	0	0	0	0	13	0	0	0	16	0	0	0	0	0	0	0	0	0	0	0	0	0	46	0	0	0	0	0	0	0	0	0.039083	0.0	0.0	0.0	0.124762	0.0	0.0	0.0	0.0	0.238538	0.0	0.0	0.0	0.761462	0.0	0.0	0.0	0.0	
234	333	6273.662078928	10183.529	10183.529	0.000557	0.0	97	0	0	0	232	0	0	0	0	0.039083	0.0	0.0	0.0	0.11657	0.0	0.0	0.0	0.0	0.097454	0.0	0.0	0.0	6202.28	0.0	0.0	0.0	0.0	0.001005	0.0	0.0	0.0	26.734	0.0	0.0	0.0	0.0	12	0	0	0	70	0	0	0	0	0	0	0	0	2	0	0	0	0	26	0	0	0	144	0	0	0	0	13	0	0	0	16	0	0	0	0	0	0	0	0	0	0	0	0	0	46	0	0	0	0	0	0	0	0	0.039083	0.0	0.0	0.0	0.11657	0.0	0.0	0.0	0.0	0.251093	0.0	0.0	0.0	0.748907	0.0	0.0	0.0	0.0	
235	334	6302.991100342	10183.529	10183.529	0.00054	0.0	97	0	0	0	233	0	0	0	0	0.039083	0.0	0.0	0.0	0.108787	0.0	0.0	0.0	0.0	0.097454	0.0	0.0	0.0	6231.61	0.0	0.0	0.0	0.0	0.001005	0.0	0.0	0.0	26.7451	0.0	0.0	0.0	0.0	12	0	0	0	70	0	0	0	0	0	0	0	0	2	0	0	0	0	26	0	0	0	145	0	0	0	0	13	0	0	0	16	0	0	0	0	0	0	0	0	0	0	0	0	0	46	0	0	0	0	0	0	0	0	0.039083	0.0	0.0	0.0	0.108787	0.0	0.0	0.0	0.0	0.264308	0.0	0.0	0.0	0.735692	0.0	0.0	0.0	0.0	
236	335	6318.571631441	10183.529	10183.529	0.00051	0.0	97	0	0	0	234	0	0	0	0	0.039083	0.0	0.0	0.0	0.101394	0.0	0.0	0.0	0.0	0.097454	0.0	0.0	0.0	6247.19	0.0	0.0	0.0	0.0	0.001005	0.0	0.0	0.0	26.6974	0.0	0.0	0.0	0.0	12	0	0	0	70	0	0	0	0	0	0	0	0	2	0	0	0	0	26	0	0	0	146	0	0	0	0	13	0	0	0	16	0	0	0	0	0	0	0	0	0	0	0	0	0	46	0	0	0	0	0	0	0	0	0.039083	0.0	0.0	0.0	0.101394	0.0	0.0	0.0	0.0	0.278219	0.0	0.0	0.0	0.721781	0.0	0.0	0.0	0.0	
237	337	6340.370658711	10183.529	10183.529	0.000495	0.0	98	0	0	0	235	0	0	0	0	0.035175	0.0	0.0	0.0	0.094565	0.0	0.0	0.0	0.0	0.098548	0.0	0.0	0.0	6268.99	0.0	0.0	0.0	0.0	0.001006	0.0	0.0	0.0	26.6766	0.0	0.0	0.0	0.0	12	0	0	0	70	0	0	0	0	0	0	0	0	2	0	0	0	0	26	0	0	0	147	0	0	0	0	13	0	0	0	16	0	0	0	0	1	0	0	0	0	0	0	0	0	46	0	0	0	0	0	0	0	0	0.035175	0.0	0.0	0.0	0.094565	0.0	0.0	0.0	0.0	0.271119	0.0	0.0	0.0	0.728881	0.0	0.0	0.0	0.0	
238	338	6380.461544046	10183.529	10183.529	0.000475	0.0	98	0	0	0	236	0	0	0	0	0.035175	0.0	0.0	0.0	0.088078	0.0	0.0	0.0	0.0	0.098548	0.0	0.0	0.0	6309.08	0.0	0.0	0.0	0.0	0.001006	0.0	0.0	0.0	26.7334	0.0	0.0	0.0	0.0	12	0	0	0	70	0	0	0	0	0	0	0	0	2	0	0	0	0	26	0	0	0	148	0	0	0	0	13	0	0	0	16	0	0	0	0	1	0	0	0	0	0	0	0	0	46	0	0	0	0	0	0	0	0	0.035175	0.0	0.0	0.0	0.088078	0.0	0.0	0.0	0.0	0.285388	0.0	0.0	0.0	0.714612	0.0	0.0	0.0	0.0	
239	339	6397.798102406	10183.529	10183.529	0.000439	0.0	98	0	0	0	237	0	0	0	0	0.035175	0.0	0.0	0.0	0.081916	0.0	0.0	0.0	0.0	0.098548	0.0	0.0	0.0	6326.42	0.0	0.0	0.0	0.0	0.001006	0.0	0.0	0.0	26.6937	0.0	0.0	0.0	0.0	12	0	0	0	70	0	0	0	0	0	0	0	0	2	0	0	0	0	26	0	0	0	149	0	0	0	0	13	0	0	0	16	0	0	0	0	1	0	0	0	0	0	0	0	0	46	0	0	0	0	0	0	0	0	0.035175	0.0	0.0	0.0	0.081916	0.0	0.0	0.0	0.0	0.300409	0.0	0.0	0.0	0.699591	0.0	0.0	0.0	0.0	
240	340	6417.686677292	10183.529	10183.529	0.000425	0.0	98	0	0	0	238	0	0	0	0	0.035175	0.0	0.0	0.0	0.076061	0.0	0.0	0.0	0.0	0.098548	0.0	0.0	0.0	6346.31	0.0	0.0	0.0	0.0	0.001006	0.0	0.0	0.0	26.6652	0.0	0.0	0.0	0.0	12	0	0	0	70	0	0	0	0	0	0	0	0	2	0	0	0	0	26	0	0	0	150	0	0	0	0	13	0	0	0	16	0	0	0	0	1	0	0	0	0	0	0	0	0	46	0	0	0	0	0	0	0	0	0.035175	0.0	0.0	0.0	0.076061	0.0	0.0	0.0	0.0	0.31622	0.0	0.0	0.0	0.68378	0.0	0.0	0.0	0.0	
241	341	6432.43249856	10183.529	10183.529	0.000409	0.0	98	0	0	0	239	0	0	0	0	0.035175	0.0	0.0	0.0	0.070499	0.0	0.0	0.0	0.0	0.098548	0.0	0.0	0.0	6361.05	0.0	0.0	0.0	0.0	0.001006	0.0	0.0	0.0	26.6153	0.0	0.0	0.0	0.0	12	0	0	0	70	0	0	0	0	0	0	0	0	2	0	0	0	0	26	0	0	0	151	0	0	0	0	13	0	0	0	16	0	0	0	0	1	0	0	0	0	0	0	0	0	46	0	0	0	0	0	0	0	0	0.035175	0.0	0.0	0.0	0.070499	0.0	0.0	0.0	0.0	0.332863	0.0	0.0	0.0	0.667137	0.0	0.0	0.0	0.0	
242	344	6481.050763976	10181.544	10181.544	0.000397	0.0	100	0	0	0	240	0	0	0	0	0.028492	0.0	0.0	0.0	0.135757	0.0	0.0	0.0	0.0	0.100171	0.0	0.0	0.0	6409.67	0.0	0.0	0.0	0.0	0.001002	0.0	0.0	0.0	26.707	0.0	0.0	0.0	0.0	12	0	0	0	71	0	0	0	0	0	0	0	0	2	0	0	0	0	26	0	0	0	151	0	0	0	0	14	0	0	0	16	0	0	0	0	1	0	0	0	0	0	0	0	0	47	0	0	0	0	0	0	0	0	0.028492	0.0	0.0	0.0	0.135757	0.0	0.0	0.0	0.0	0.173467	0.0	0.0	0.0	0.826533	0.0	0.0	0.0	0.0	
243	345	6496.285895418	10181.544	10181.544	0.000362	0.0	100	0	0	0	241	0	0	0	0	0.028492	0.0	0.0	0.0	0.127544	0.0	0.0	0.0	0.0	0.100171	0.0	0.0	0.0	6424.9	0.0	0.0	0.0	0.0	0.001002	0.0	0.0	0.0	26.6594	0.0	0.0	0.0	0.0	12	0	0	0	71	0	0	0	0	0	0	0	0	2	0	0	0	0	26	0	0	0	152	0	0	0	0	14	0	0	0	16	0	0	0	0	1	0	0	0	0	0	0	0	0	47	0	0	0	0	0	0	0	0	0.028492	0.0	0.0	0.0	0.127544	0.0	0.0	0.0	0.0	0.182597	0.0	0.0	0.0	0.817403	0.0	0.0	0.0	0.0	
244	346	6533.09519756	10181.544	10181.544	0.000351	0.0	100	0	0	0	242	0	0	0	0	0.028492	0.0	0.0	0.0	0.119743	0.0	0.0	0.0	0.0	0.100171	0.0	0.0	0.0	6461.71	0.0	0.0	0.0	0.0	0.001002	0.0	0.0	0.0	26.7013	0.0	0.0	0.0	0.0	12	0	0	0	71	0	0	0	0	0	0	0	0	2	0	0	0	0	26	0	0	0	153	0	0	0	0	14	0	0	0	16	0	0	0	0	1	0	0	0	0	0	0	0	0	47	0	0	0	0	0	0	0	0	0.028492	0.0	0.0	0.0	0.119743	0.0	0.0	0.0	0.0	0.192208	0.0	0.0	0.0	0.807792	0.0	0.0	0.0	0.0	
245	347	6556.218500666	10181.544	10181.544	0.000327	0.0	100	0	0	0	243	0	0	0	0	0.028492	0.0	0.0	0.0	0.112331	0.0	0.0	0.0	0.0	0.100171	0.0	0.0	0.0	6484.84	0.0	0.0	0.0	0.0	0.001002	0.0	0.0	0.0	26.6866	0.0	0.0	0.0	0.0	12	0	0	0	71	0	0	0	0	0	0	0	0	2	0	0	0	0	26	0	0	0	154	0	0	0	0	14	0	0	0	16	0	0	0	0	1	0	0	0	0	0	0	0	0	47	0	0	0	0	0	0	0	0	0.028492	0.0	0.0	0.0	0.112331	0.0	0.0	0.0	0.0	0.202324	0.0	0.0	0.0	0.797676	0.0	0.0	0.0	0.0	
246	348	6581.362258876	10179.544	10179.544	0.000313	0.0	100	0	0	0	244	0	0	0	0	0.028492	0.0	0.0	0.0	0.167972	0.0	0.0	0.0	0.0	0.100171	0.0	0.0	0.0	6509.98	0.0	0.0	0.0	0.0	0.001002	0.0	0.0	0.0	26.6802	0.0	0.0	0.0	0.0	12	0	0	0	72	0	0	0	0	0	0	0	0	2	0	0	0	0	26	0	0	0	154	0	0	0	0	14	0	0	0	16	0	0	0	0	1	0	0	0	0	0	0	0	0	47	0	0	0	0	0	0	0	0	0.028492	0.0	0.0	0.0	0.167972	0.0	0.0	0.0	0.0	0.145023	0.0	0.0	0.0	0.854977	0.0	0.0	0.0	0.0	
247	349	6596.150747907	10179.544	10179.544	0.000298	0.0	100	0	0	0	245	0	0	0	0	0.028492	0.0	0.0	0.0	0.158149	0.0	0.0	0.0	0.0	0.100171	0.0	0.0	0.0	6524.77	0.0	0.0	0.0	0.0	0.001002	0.0	0.0	0.0	26.6317	0.0	0.0	0.0	0.0	12	0	0	0	72	0	0	0	0	0	0	0	0	2	0	0	0	0	26	0	0	0	155	0	0	0	0	14	0	0	0	16	0	0	0	0	1	0	0	0	0	0	0	0	0	47	0	0	0	0	0	0	0	0	0.028492	0.0	0.0	0.0	0.158149	0.0	0.0	0.0	0.0	0.152656	0.0	0.0	0.0	0.847344	0.0	0.0	0.0	0.0	
248	350	6622.695057692	10179.544	10179.544	0.000289	0.0	100	0	0	0	246	0	0	0	0	0.028492	0.0	0.0	0.0	0.148817	0.0	0.0	0.0	0.0	0.100171	0.0	0.0	0.0	6551.31	0.0	0.0	0.0	0.0	0.001002	0.0	0.0	0.0	26.6314	0.0	0.0	0.0	0.0	12	0	0	0	72	0	0	0	0	0	0	0	0	2	0	0	0	0	26	0	0	0	156	0	0	0	0	14	0	0	0	16	0	0	0	0	1	0	0	0	0	0	0	0	0	47	0	0	0	0	0	0	0	0	0.028492	0.0	0.0	0.0	0.148817	0.0	0.0	0.0	0.0	0.160691	0.0	0.0	0.0	0.839309	0.0	0.0	0.0	0.0	
249	351	6645.621892829	10179.544	10179.544	0.000275	0.0	100	0	0	0	247	0	0	0	0	0.028492	0.0	0.0	0.0	0.139951	0.0	0.0	0.0	0.0	0.100171	0.0	0.0	0.0	6574.24	0.0	0.0	0.0	0.0	0.001002	0.0	0.0	0.0	26.6164	0.0	0.0	0.0	0.0	12	0	0	0	72	0	0	0	0	0	0	0	0	2	0	0	0	0	26	0	0	0	157	0	0	0	0	14	0	0	0	16	0	0	0	0	1	0	0	0	0	0	0	0	0	47	0	0	0	0	0	0	0	0	0.028492	0.0	0.0	0.0	0.139951	0.0	0.0	0.0	0.0	0.169148	0.0	0.0	0.0	0.830852	0.0	0.0	0.0	0.0	
250	352	6670.801222743	10179.544	10179.544	0.000263	0.0	100	0	0	0	248	0	0	0	0	0.028492	0.0	0.0	0.0	0.131529	0.0	0.0	0.0	0.0	0.100171	0.0	0.0	0.0	6599.42	0.0	0.0	0.0	0.0	0.001002	0.0	0.0	0.0	26.6106	0.0	0.0	0.0	0.0	12	0	0	0	72	0	0	0	0	0	0	0	0	2	0	0	0	0	26	0	0	0	158	0	0	0	0	14	0	0	0	16	0	0	0	0	1	0	0	0	0	0	0	0	0	47	0	0	0	0	0	0	0	0	0.028492	0.0	0.0	0.0	0.131529	0.0	0.0	0.0	0.0	0.178051	0.0	0.0	0.0	0.821949	0.0	0.0	0.0	0.0	
251	353	6703.684187111	10126.544	10126.544	0.000251	0.0	100	0	0	0	249	0	0	0	0	0.028492	0.0	0.0	0.0	0.184359	0.0	0.0	0.0	0.0	0.100171	0.0	0.0	0.0	6632.3	0.0	0.0	0.0	0.0	0.001002	0.0	0.0	0.0	26.6358	0.0	0.0	0.0	0.0	12	0	0	0	73	0	0	0	0	0	0	0	0	2	0	0	0	0	26	0	0	0	158	0	0	0	0	14	0	0	0	16	0	0	0	0	1	0	0	0	0	0	0	0	0	47	0	0	0	0	0	0	0	0	0.028492	0.0	0.0	0.0	0.184359	0.0	0.0	0.0	0.0	0.133858	0.0	0.0	0.0	0.866142	0.0	0.0	0.0	0.0	
252	354	6733.891987984	10126.544	10126.544	0.000235	0.0	100	0	0	0	250	0	0	0	0	0.028492	0.0	0.0	0.0	0.173716	0.0	0.0	0.0	0.0	0.100171	0.0	0.0	0.0	6662.51	0.0	0.0	0.0	0.0	0.001002	0.0	0.0	0.0	26.65	0.0	0.0	0.0	0.0	12	0	0	0	73	0	0	0	0	0	0	0	0	2	0	0	0	0	26	0	0	0	159	0	0	0	0	14	0	0	0	16	0	0	0	0	1	0	0	0	0	0	0	0	0	47	0	0	0	0	0	0	0	0	0.028492	0.0	0.0	0.0	0.173716	0.0	0.0	0.0	0.0	0.140903	0.0	0.0	0.0	0.859097	0.0	0.0	0.0	0.0	
253	355	6751.147468168	10126.544	10126.544	0.000222	0.0	100	0	0	0	251	0	0	0	0	0.028492	0.0	0.0	0.0	0.163606	0.0	0.0	0.0	0.0	0.100171	0.0	0.0	0.0	6679.77	0.0	0.0	0.0	0.0	0.001002	0.0	0.0	0.0	26.6126	0.0	0.0	0.0	0.0	12	0	0	0	73	0	0	0	0	0	0	0	0	2	0	0	0	0	26	0	0	0	160	0	0	0	0	14	0	0	0	16	0	0	0	0	1	0	0	0	0	0	0	0	0	47	0	0	0	0	0	0	0	0	0.028492	0.0	0.0	0.0	0.163606	0.0	0.0	0.0	0.0	0.148319	0.0	0.0	0.0	0.851681	0.0	0.0	0.0	0.0	
254	356	6785.297525655	10126.544	10126.544	0.000214	0.0	100	0	0	0	252	0	0	0	0	0.028492	0.0	0.0	0.0	0.154001	0.0	0.0	0.0	0.0	0.100171	0.0	0.0	0.0	6713.92	0.0	0.0	0.0	0.0	0.001002	0.0	0.0	0.0	26.6425	0.0	0.0	0.0	0.0	12	0	0	0	73	0	0	0	0	0	0	0	0	2	0	0	0	0	26	0	0	0	161	0	0	0	0	14	0	0	0	16	0	0	0	0	1	0	0	0	0	0	0	0	0	47	0	0	0	0	0	0	0	0	0.028492	0.0	0.0	0.0	0.154001	0.0	0.0	0.0	0.0	0.156125	0.0	0.0	0.0	0.843875	0.0	0.0	0.0	0.0	
255	357	6818.535267017	10126.544	10126.544	0.000201	0.0	100	0	0	0	253	0	0	0	0	0.028492	0.0	0.0	0.0	0.144877	0.0	0.0	0.0	0.0	0.100171	0.0	0.0	0.0	6747.15	0.0	0.0	0.0	0.0	0.001002	0.0	0.0	0.0	26.6686	0.0	0.0	0.0	0.0	12	0	0	0	73	0	0	0	0	0	0	0	0	2	0	0	0	0	26	0	0	0	162	0	0	0	0	14	0	0	0	16	0	0	0	0	1	0	0	0	0	0	0	0	0	47	0	0	0	0	0	0	0	0	0.028492	0.0	0.0	0.0	0.144877	0.0	0.0	0.0	0.0	0.164343	0.0	0.0	0.0	0.835657	0.0	0.0	0.0	0.0	
256	358	6837.366201162	10126.544	10126.544	0.000188	0.0	100	0	0	0	254	0	0	0	0	0.028492	0.0	0.0	0.0	0.136208	0.0	0.0	0.0	0.0	0.100171	0.0	0.0	0.0	6765.98	0.0	0.0	0.0	0.0	0.001002	0.0	0.0	0.0	26.6377	0.0	0.0	0.0	0.0	12	0	0	0	73	0	0	0	0	0	0	0	0	2	0	0	0	0	26	0	0	0	163	0	0	0	0	14	0	0	0	16	0	0	0	0	1	0	0	0	0	0	0	0	0	47	0	0	0	0	0	0	0	0	0.028492	0.0	0.0	0.0	0.136208	0.0	0.0	0.0	0.0	0.172992	0.0	0.0	0.0	0.827008	0.0	0.0	0.0	0.0	
257	363	6854.716800729	10126.534588235296	10126.534588235296	0.000182	0.0	104	0	0	0	255	0	0	0	0	0.091594	0.0	0.0	0.0	0.124818	0.0	0.0	0.0	0.0	0.103017	0.0	0.0	0.0	6783.33	0.0	0.0	0.0	0.0	0.000991	0.0	0.0	0.0	26.6013	0.0	0.0	0.0	0.0	13	0	0	0	73	0	0	0	0	0	0	0	0	2	0	0	0	0	26	0	0	0	163	0	0	0	0	15	0	0	0	17	0	0	0	0	1	0	0	0	0	0	0	0	0	49	0	0	0	0	0	0	0	0	0.091594	0.0	0.0	0.0	0.124818	0.0	0.0	0.0	0.0	0.423238	0.0	0.0	0.0	0.576762	0.0	0.0	0.0	0.0	
258	367	6872.299658397	10126.534588235296	10126.534588235296	0.000176	0.0	107	0	0	0	256	0	0	0	0	0.066772	0.0	0.0	0.0	0.115239	0.0	0.0	0.0	0.0	0.105252	0.0	0.0	0.0	6800.91	0.0	0.0	0.0	0.0	0.000984	0.0	0.0	0.0	26.5661	0.0	0.0	0.0	0.0	13	0	0	0	73	0	0	0	0	0	0	0	0	2	0	0	0	0	27	0	0	0	163	0	0	0	0	16	0	0	0	18	0	0	0	0	1	0	0	0	0	0	0	0	0	50	0	0	0	0	0	0	0	0	0.066772	0.0	0.0	0.0	0.115239	0.0	0.0	0.0	0.0	0.366857	0.0	0.0	0.0	0.633143	0.0	0.0	0.0	0.0	
259	368	6898.459374256	10126.534588235296	10126.534588235296	0.00017	0.0	107	0	0	0	257	0	0	0	0	0.066772	0.0	0.0	0.0	0.106138	0.0	0.0	0.0	0.0	0.105252	0.0	0.0	0.0	6827.07	0.0	0.0	0.0	0.0	0.000984	0.0	0.0	0.0	26.5645	0.0	0.0	0.0	0.0	13	0	0	0	73	0	0	0	0	0	0	0	0	2	0	0	0	0	27	0	0	0	163	0	0	0	0	16	0	0	0	19	0	0	0	0	1	0	0	0	0	0	0	0	0	50	0	0	0	0	0	0	0	0	0.066772	0.0	0.0	0.0	0.106138	0.0	0.0	0.0	0.0	0.386165	0.0	0.0	0.0	0.613835	0.0	0.0	0.0	0.0	
260	369	6927.511976778	10126.534588235296	10126.534588235296	0.000161	0.0	107	0	0	0	258	0	0	0	0	0.066772	0.0	0.0	0.0	0.097492	0.0	0.0	0.0	0.0	0.105252	0.0	0.0	0.0	6856.12	0.0	0.0	0.0	0.0	0.000984	0.0	0.0	0.0	26.5741	0.0	0.0	0.0	0.0	13	0	0	0	73	0	0	0	0	0	0	0	0	2	0	0	0	0	27	0	0	0	163	0	0	0	0	16	0	0	0	20	0	0	0	0	1	0	0	0	0	0	0	0	0	50	0	0	0	0	0	0	0	0	0.066772	0.0	0.0	0.0	0.097492	0.0	0.0	0.0	0.0	0.406489	0.0	0.0	0.0	0.593511	0.0	0.0	0.0	0.0	
261	371	6972.95765022	10126.534588235296	10126.534588235296	0.000153	0.0	108	0	0	0	259	0	0	0	0	0.060094	0.0	0.0	0.0	0.089613	0.0	0.0	0.0	0.0	0.105806	0.0	0.0	0.0	6901.57	0.0	0.0	0.0	0.0	0.00098	0.0	0.0	0.0	26.647	0.0	0.0	0.0	0.0	13	0	0	0	73	0	0	0	0	0	0	0	0	2	0	0	0	0	28	0	0	0	163	0	0	0	0	16	0	0	0	21	0	0	0	0	1	0	0	0	0	0	0	0	0	50	0	0	0	0	0	0	0	0	0.060094	0.0	0.0	0.0	0.089613	0.0	0.0	0.0	0.0	0.401412	0.0	0.0	0.0	0.598588	0.0	0.0	0.0	0.0	
262	372	7000.571710996	10126.534588235296	10126.534588235296	0.00014	0.0	108	0	0	0	260	0	0	0	0	0.060094	0.0	0.0	0.0	0.082128	0.0	0.0	0.0	0.0	0.105806	0.0	0.0	0.0	6929.18	0.0	0.0	0.0	0.0	0.00098	0.0	0.0	0.0	26.6507	0.0	0.0	0.0	0.0	13	0	0	0	73	0	0	0	0	0	0	0	0	2	0	0	0	0	28	0	0	0	163	0	0	0	0	16	0	0	0	22	0	0	0	0	1	0	0	0	0	0	0	0	0	50	0	0	0	0	0	0	0	0	0.060094	0.0	0.0	0.0	0.082128	0.0	0.0	0.0	0.0	0.422539	0.0	0.0	0.0	0.577461	0.0	0.0	0.0	0.0	
263	373	7037.01687347	10126.534588235296	10126.534588235296	0.000132	0.0	108	0	0	0	261	0	0	0	0	0.060094	0.0	0.0	0.0	0.075017	0.0	0.0	0.0	0.0	0.105806	0.0	0.0	0.0	6965.63	0.0	0.0	0.0	0.0	0.00098	0.0	0.0	0.0	26.6882	0.0	0.0	0.0	0.0	13	0	0	0	73	0	0	0	0	0	0	0	0	2	0	0	0	0	28	0	0	0	163	0	0	0	0	16	0	0	0	23	0	0	0	0	1	0	0	0	0	0	0	0	0	50	0	0	0	0	0	0	0	0	0.060094	0.0	0.0	0.0	0.075017	0.0	0.0	0.0	0.0	0.444778	0.0	0.0	0.0	0.555222	0.0	0.0	0.0	0.0	
264	376	7085.770162357	10126.534588235296	10126.534588235296	0.000123	0.0	110	0	0	0	262	0	0	0	0	0.048676	0.0	0.0	0.0	0.068832	0.0	0.0	0.0	0.0	0.106472	0.0	0.0	0.0	7014.38	0.0	0.0	0.0	0.0	0.000968	0.0	0.0	0.0	26.7724	0.0	0.0	0.0	0.0	13	0	0	0	73	0	0	0	0	0	0	0	0	2	0	0	0	0	28	0	0	0	163	0	0	0	0	16	0	0	0	24	0	0	0	0	1	0	0	0	0	0	0	0	0	52	0	0	0	0	0	0	0	0	0.048676	0.0	0.0	0.0	0.068832	0.0	0.0	0.0	0.0	0.414238	0.0	0.0	0.0	0.585762	0.0	0.0	0.0	0.0	
265	378	7110.693270618	10126.534588235296	10126.534588235296	0.000112	0.0	111	0	0	0	263	0	0	0	0	0.043809	0.0	0.0	0.0	0.0632	0.0	0.0	0.0	0.0	0.106898	0.0	0.0	0.0	7039.3	0.0	0.0	0.0	0.0	0.000963	0.0	0.0	0.0	26.7654	0.0	0.0	0.0	0.0	13	0	0	0	73	0	0	0	0	0	0	0	0	2	0	0	0	0	28	0	0	0	163	0	0	0	0	16	0	0	0	25	0	0	0	0	1	0	0	0	0	0	0	0	0	53	0	0	0	0	0	0	0	0	0.043809	0.0	0.0	0.0	0.0632	0.0	0.0	0.0	0.0	0.409395	0.0	0.0	0.0	0.590605	0.0	0.0	0.0	0.0	
266	379	7127.663534238	10126.534588235296	10126.534588235296	0.000107	0.0	111	0	0	0	264	0	0	0	0	0.043809	0.0	0.0	0.0	0.05785	0.0	0.0	0.0	0.0	0.106898	0.0	0.0	0.0	7056.27	0.0	0.0	0.0	0.0	0.000963	0.0	0.0	0.0	26.7283	0.0	0.0	0.0	0.0	13	0	0	0	73	0	0	0	0	0	0	0	0	2	0	0	0	0	28	0	0	0	163	0	0	0	0	16	0	0	0	26	0	0	0	0	1	0	0	0	0	0	0	0	0	53	0	0	0	0	0	0	0	0	0.043809	0.0	0.0	0.0	0.05785	0.0	0.0	0.0	0.0	0.430942	0.0	0.0	0.0	0.569058	0.0	0.0	0.0	0.0	
267	382	7146.410815558	10126.534588235296	10126.534588235296	0.000104	0.0	113	0	0	0	265	0	0	0	0	0.035485	0.0	0.0	0.0	0.053183	0.0	0.0	0.0	0.0	0.108279	0.0	0.0	0.0	7075.02	0.0	0.0	0.0	0.0	0.000958	0.0	0.0	0.0	26.6982	0.0	0.0	0.0	0.0	13	0	0	0	73	0	0	0	0	0	0	0	0	2	0	0	0	0	28	0	0	0	163	0	0	0	0	17	0	0	0	27	0	0	0	0	1	0	0	0	0	0	0	0	0	54	0	0	0	0	0	0	0	0	0.035485	0.0	0.0	0.0	0.053183	0.0	0.0	0.0	0.0	0.400203	0.0	0.0	0.0	0.599797	0.0	0.0	0.0	0.0	
268	382	7146.410840158	10126.534588235296	10126.534588235296	0.0001	0.0	113	0	0	0	265	0	0	0	0	0.035485	0.0	0.0	0.0	0.053183	0.0	0.0	0.0	0.0	0.108279	0.0	0.0	0.0	7075.02	0.0	0.0	0.0	0.0	0.000958	0.0	0.0	0.0	26.6982	0.0	0.0	0.0	0.0	13	0	0	0	73	0	0	0	0	0	0	0	0	2	0	0	0	0	28	0	0	0	163	0	0	0	0	17	0	0	0	27	0	0	0	0	1	0	0	0	0	0	0	0	0	54	0	0	0	0	0	0	0	0	0.035485	0.0	0.0	0.0	0.053183	0.0	0.0	0.0	0.0	0.400203	0.0	0.0	0.0	0.599797	0.0	0.0	0.0	0.0	
