indexLine	algoIter	time	best obj	current obj	T	probdelta1	nb uses 1	nb uses 2	nb uses 3	nb uses 4	nb uses 5	nb uses 6	nb uses 7	nb uses 8	nb uses 9	score 1	score 2	score 3	score 4	score 5	score 6	score 7	score 8	score 9	duration 1	duration 2	duration 3	duration 4	duration 5	duration 6	duration 7	duration 8	duration 9	avgDuration 1	avgDuration 2	avgDuration 3	avgDuration 4	avgDuration 5	avgDuration 6	avgDuration 7	avgDuration 8	avgDuration 9	sigmas1 1	sigmas1 2	sigmas1 3	sigmas1 4	sigmas1 5	sigmas1 6	sigmas1 7	sigmas1 8	sigmas1 9	sigmas2 1	sigmas2 2	sigmas2 3	sigmas2 4	sigmas2 5	sigmas2 6	sigmas2 7	sigmas2 8	sigmas2 9	sigmas3 1	sigmas3 2	sigmas3 3	sigmas3 4	sigmas3 5	sigmas3 6	sigmas3 7	sigmas3 8	sigmas3 9	sigmas4 1	sigmas4 2	sigmas4 3	sigmas4 4	sigmas4 5	sigmas4 6	sigmas4 7	sigmas4 8	sigmas4 9	sigmas5 1	sigmas5 2	sigmas5 3	sigmas5 4	sigmas5 5	sigmas5 6	sigmas5 7	sigmas5 8	sigmas5 9	sigmas6 1	sigmas6 2	sigmas6 3	sigmas6 4	sigmas6 5	sigmas6 6	sigmas6 7	sigmas6 8	sigmas6 9	weight 1	weight 2	weight 3	weight 4	weight 5	weight 6	weight 7	weight 8	weight 9	proba 1	proba 2	proba 3	proba 4	proba 5	proba 6	proba 7	proba 8	proba 9	
1	2	97.574743474	6422.722	6422.722	100.0	0.99005	0	0	0	0	0	0	0	0	0	0.0	0.0	0.0	0.0	0.0	0.0	0.0	0.0	0.0	0.0	0.0	0.0	0.0	0.0	0.0	0.0	0.0	0.0	0.0	0.0	0.0	0.0	0.0	0.0	0.0	0.0	0.0	0	0	0	0	0	0	0	0	0	0	0	0	0	0	0	0	0	0	0	0	0	0	0	0	0	0	0	0	0	0	0	0	0	0	0	0	0	0	0	0	0	0	0	0	0	0	0	0	0	0	0	0	0	0	0.0	0.0	0.0	0.0	0.0	0.0	0.0	0.0	0.0	0.0	0.0	0.0	0.0	0.0	0.0	0.0	0.0	0.0	
2	4	121.270463648	5895.194	5895.194	100.0	0.99005	0	0	0	0	0	0	0	0	0	1.0	0.0	0.0	0.0	1.0	0.0	0.0	0.0	0.0	0.0	0.0	0.0	0.0	0.0	0.0	0.0	0.0	0.0	0.000566	0.0	0.0	0.0	23.6951	0.0	0.0	0.0	0.0	0	0	0	0	0	0	0	0	0	0	0	0	0	0	0	0	0	0	0	0	0	0	0	0	0	0	0	0	0	0	0	0	0	0	0	0	0	0	0	0	0	0	0	0	0	0	0	0	0	0	0	0	0	0	1.0	0.0	0.0	0.0	1.0	0.0	0.0	0.0	0.0	0.0	0.0	0.0	0.0	0.0	0.0	0.0	0.0	0.0	
3	7	131.060277354	5674.944	5674.944	79.1895	0.987451	2	0	0	0	1	0	0	0	0	0.81	0.0	0.0	0.0	1.0	0.0	0.0	0.0	0.0	0.000942	0.0	0.0	0.0	9.78884	0.0	0.0	0.0	0.0	0.000471	0.0	0.0	0.0	9.78884	0.0	0.0	0.0	0.0	0	0	0	0	1	0	0	0	0	0	0	0	0	0	0	0	0	0	2	0	0	0	0	0	0	0	0	0	0	0	0	0	0	0	0	0	0	0	0	0	0	0	0	0	0	0	0	0	0	0	0	0	0	0	0.81	0.0	0.0	0.0	1.0	0.0	0.0	0.0	0.0	0.447514	0.0	0.0	0.0	0.552486	0.0	0.0	0.0	0.0	
4	8	160.863037218	4954.639	4954.639	77.712	0.987214	2	0	0	0	2	0	0	0	0	0.81	0.0	0.0	0.0	1.0	0.0	0.0	0.0	0.0	0.000942	0.0	0.0	0.0	39.5916	0.0	0.0	0.0	0.0	0.000471	0.0	0.0	0.0	19.7958	0.0	0.0	0.0	0.0	0	0	0	0	2	0	0	0	0	0	0	0	0	0	0	0	0	0	2	0	0	0	0	0	0	0	0	0	0	0	0	0	0	0	0	0	0	0	0	0	0	0	0	0	0	0	0	0	0	0	0	0	0	0	0.81	0.0	0.0	0.0	1.0	0.0	0.0	0.0	0.0	0.447514	0.0	0.0	0.0	0.552486	0.0	0.0	0.0	0.0	
5	9	173.308721242	4930.639	4930.639	73.3813	0.986465	2	0	0	0	3	0	0	0	0	0.81	0.0	0.0	0.0	1.0	0.0	0.0	0.0	0.0	0.000942	0.0	0.0	0.0	52.0372	0.0	0.0	0.0	0.0	0.000471	0.0	0.0	0.0	17.3457	0.0	0.0	0.0	0.0	0	0	0	0	3	0	0	0	0	0	0	0	0	0	0	0	0	0	2	0	0	0	0	0	0	0	0	0	0	0	0	0	0	0	0	0	0	0	0	0	0	0	0	0	0	0	0	0	0	0	0	0	0	0	0.81	0.0	0.0	0.0	1.0	0.0	0.0	0.0	0.0	0.447514	0.0	0.0	0.0	0.552486	0.0	0.0	0.0	0.0	
6	10	196.339214521	4925.528	4925.528	71.645	0.986139	2	0	0	0	4	0	0	0	0	0.81	0.0	0.0	0.0	1.0	0.0	0.0	0.0	0.0	0.000942	0.0	0.0	0.0	75.0677	0.0	0.0	0.0	0.0	0.000471	0.0	0.0	0.0	18.7669	0.0	0.0	0.0	0.0	0	0	0	0	4	0	0	0	0	0	0	0	0	0	0	0	0	0	2	0	0	0	0	0	0	0	0	0	0	0	0	0	0	0	0	0	0	0	0	0	0	0	0	0	0	0	0	0	0	0	0	0	0	0	0.81	0.0	0.0	0.0	1.0	0.0	0.0	0.0	0.0	0.447514	0.0	0.0	0.0	0.552486	0.0	0.0	0.0	0.0	
7	11	200.554298512	4796.139	4796.139	68.5397	0.985516	2	0	0	0	5	0	0	0	0	0.81	0.0	0.0	0.0	1.0	0.0	0.0	0.0	0.0	0.000942	0.0	0.0	0.0	79.2828	0.0	0.0	0.0	0.0	0.000471	0.0	0.0	0.0	15.8566	0.0	0.0	0.0	0.0	0	0	0	0	5	0	0	0	0	0	0	0	0	0	0	0	0	0	2	0	0	0	0	0	0	0	0	0	0	0	0	0	0	0	0	0	0	0	0	0	0	0	0	0	0	0	0	0	0	0	0	0	0	0	0.81	0.0	0.0	0.0	1.0	0.0	0.0	0.0	0.0	0.447514	0.0	0.0	0.0	0.552486	0.0	0.0	0.0	0.0	
8	12	202.90583017	4796.139	4796.139	67.9861	0.985399	2	0	0	0	6	0	0	0	0	0.81	0.0	0.0	0.0	0.9095	0.0	0.0	0.0	0.0	0.000942	0.0	0.0	0.0	81.6343	0.0	0.0	0.0	0.0	0.000471	0.0	0.0	0.0	13.6057	0.0	0.0	0.0	0.0	0	0	0	0	5	0	0	0	0	0	0	0	0	0	0	0	0	0	2	0	0	0	1	0	0	0	0	0	0	0	0	0	0	0	0	0	0	0	0	0	0	0	0	0	0	0	0	0	0	0	0	0	0	0	0.81	0.0	0.0	0.0	0.9095	0.0	0.0	0.0	0.0	0.471067	0.0	0.0	0.0	0.528933	0.0	0.0	0.0	0.0	
9	13	218.614805537	4773.639	4773.639	67.6792	0.985333	2	0	0	0	7	0	0	0	0	0.81	0.0	0.0	0.0	0.918055	0.0	0.0	0.0	0.0	0.000942	0.0	0.0	0.0	97.3432	0.0	0.0	0.0	0.0	0.000471	0.0	0.0	0.0	13.9062	0.0	0.0	0.0	0.0	0	0	0	0	6	0	0	0	0	0	0	0	0	0	0	0	0	0	2	0	0	0	1	0	0	0	0	0	0	0	0	0	0	0	0	0	0	0	0	0	0	0	0	0	0	0	0	0	0	0	0	0	0	0	0.81	0.0	0.0	0.0	0.918055	0.0	0.0	0.0	0.0	0.468735	0.0	0.0	0.0	0.531265	0.0	0.0	0.0	0.0	
10	14	240.778182682	4753.944	4753.944	65.6643	0.984886	2	0	0	0	8	0	0	0	0	0.81	0.0	0.0	0.0	0.925767	0.0	0.0	0.0	0.0	0.000942	0.0	0.0	0.0	119.507	0.0	0.0	0.0	0.0	0.000471	0.0	0.0	0.0	14.9383	0.0	0.0	0.0	0.0	0	0	0	0	7	0	0	0	0	0	0	0	0	0	0	0	0	0	2	0	0	0	1	0	0	0	0	0	0	0	0	0	0	0	0	0	0	0	0	0	0	0	0	0	0	0	0	0	0	0	0	0	0	0	0.81	0.0	0.0	0.0	0.925767	0.0	0.0	0.0	0.0	0.466652	0.0	0.0	0.0	0.533348	0.0	0.0	0.0	0.0	
11	15	260.80138018	4753.944	4753.944	62.923	0.984233	2	0	0	0	9	0	0	0	0	0.81	0.0	0.0	0.0	0.838979	0.0	0.0	0.0	0.0	0.000942	0.0	0.0	0.0	139.53	0.0	0.0	0.0	0.0	0.000471	0.0	0.0	0.0	15.5033	0.0	0.0	0.0	0.0	0	0	0	0	7	0	0	0	0	0	0	0	0	0	0	0	0	0	2	0	0	0	2	0	0	0	0	0	0	0	0	0	0	0	0	0	0	0	0	0	0	0	0	0	0	0	0	0	0	0	0	0	0	0	0.81	0.0	0.0	0.0	0.838979	0.0	0.0	0.0	0.0	0.491213	0.0	0.0	0.0	0.508787	0.0	0.0	0.0	0.0	
12	16	265.741444656	4753.944	4753.944	60.545	0.983619	2	0	0	0	10	0	0	0	0	0.81	0.0	0.0	0.0	0.75653	0.0	0.0	0.0	0.0	0.000942	0.0	0.0	0.0	144.47	0.0	0.0	0.0	0.0	0.000471	0.0	0.0	0.0	14.447	0.0	0.0	0.0	0.0	0	0	0	0	7	0	0	0	0	0	0	0	0	0	0	0	0	0	2	0	0	0	3	0	0	0	0	0	0	0	0	0	0	0	0	0	0	0	0	0	0	0	0	0	0	0	0	0	0	0	0	0	0	0	0.81	0.0	0.0	0.0	0.75653	0.0	0.0	0.0	0.0	0.517066	0.0	0.0	0.0	0.482934	0.0	0.0	0.0	0.0	
13	17	301.872271961	4651.167	4651.167	59.9723	0.983464	2	0	0	0	11	0	0	0	0	0.81	0.0	0.0	0.0	0.780877	0.0	0.0	0.0	0.0	0.000942	0.0	0.0	0.0	180.601	0.0	0.0	0.0	0.0	0.000471	0.0	0.0	0.0	16.4182	0.0	0.0	0.0	0.0	0	0	0	0	8	0	0	0	0	0	0	0	0	0	0	0	0	0	2	0	0	0	3	0	0	0	0	0	0	0	0	0	0	0	0	0	0	0	0	0	0	0	0	0	0	0	0	0	0	0	0	0	0	0	0.81	0.0	0.0	0.0	0.780877	0.0	0.0	0.0	0.0	0.509153	0.0	0.0	0.0	0.490847	0.0	0.0	0.0	0.0	
14	18	317.837896952	4650.667	4650.667	55.9449	0.982284	2	0	0	0	12	0	0	0	0	0.81	0.0	0.0	0.0	0.802789	0.0	0.0	0.0	0.0	0.000942	0.0	0.0	0.0	196.566	0.0	0.0	0.0	0.0	0.000471	0.0	0.0	0.0	16.3805	0.0	0.0	0.0	0.0	0	0	0	0	9	0	0	0	0	0	0	0	0	0	0	0	0	0	2	0	0	0	3	0	0	0	0	0	0	0	0	0	0	0	0	0	0	0	0	0	0	0	0	0	0	0	0	0	0	0	0	0	0	0	0.81	0.0	0.0	0.0	0.802789	0.0	0.0	0.0	0.0	0.502235	0.0	0.0	0.0	0.497765	0.0	0.0	0.0	0.0	
15	20	352.075571678	4650.667	4702.083	54.2524	0.981736	3	0	0	0	13	0	0	0	0	0.729361	0.0	0.0	0.0	0.726659	0.0	0.0	0.0	0.0	0.001738	0.0	0.0	0.0	230.803	0.0	0.0	0.0	0.0	0.000579	0.0	0.0	0.0	17.7541	0.0	0.0	0.0	0.0	0	0	0	0	9	0	0	0	0	0	0	0	0	1	0	0	0	0	3	0	0	0	3	0	0	0	0	0	0	0	0	0	0	0	0	0	0	0	0	0	0	0	0	0	0	0	0	0	0	0	0	0	0	0	0.729361	0.0	0.0	0.0	0.726659	0.0	0.0	0.0	0.0	0.500928	0.0	0.0	0.0	0.499072	0.0	0.0	0.0	0.0	
16	21	372.542955579	4650.667	4690.583	50.7939	0.980505	3	0	0	0	14	0	0	0	0	0.729361	0.0	0.0	0.0	0.654493	0.0	0.0	0.0	0.0	0.001738	0.0	0.0	0.0	251.27	0.0	0.0	0.0	0.0	0.000579	0.0	0.0	0.0	17.9479	0.0	0.0	0.0	0.0	0	0	0	0	9	0	0	0	0	0	0	0	0	2	0	0	0	0	3	0	0	0	3	0	0	0	0	0	0	0	0	0	0	0	0	0	0	0	0	0	0	0	0	0	0	0	0	0	0	0	0	0	0	0	0.729361	0.0	0.0	0.0	0.654493	0.0	0.0	0.0	0.0	0.52705	0.0	0.0	0.0	0.47295	0.0	0.0	0.0	0.0	
17	23	388.767264389	4630.472	4630.472	48.8325	0.97973	4	0	0	0	15	0	0	0	0	0.660168	0.0	0.0	0.0	0.689044	0.0	0.0	0.0	0.0	0.001995	0.0	0.0	0.0	267.494	0.0	0.0	0.0	0.0	0.000499	0.0	0.0	0.0	17.8329	0.0	0.0	0.0	0.0	0	0	0	0	10	0	0	0	0	0	0	0	0	2	0	0	0	0	3	0	0	0	3	0	0	0	0	0	0	0	0	0	0	0	0	0	0	0	0	0	0	0	0	0	0	1	0	0	0	0	0	0	0	0	0.660168	0.0	0.0	0.0	0.689044	0.0	0.0	0.0	0.0	0.489299	0.0	0.0	0.0	0.510701	0.0	0.0	0.0	0.0	
18	25	402.535014414	4630.472	4630.472	47.3317	0.979094	5	0	0	0	16	0	0	0	0	0.594151	0.0	0.0	0.0	0.624884	0.0	0.0	0.0	0.0	0.002848	0.0	0.0	0.0	281.261	0.0	0.0	0.0	0.0	0.00057	0.0	0.0	0.0	17.5788	0.0	0.0	0.0	0.0	0	0	0	0	10	0	0	0	0	0	0	0	0	2	0	0	0	0	3	0	0	0	4	0	0	0	0	1	0	0	0	0	0	0	0	0	0	0	0	0	0	0	0	0	0	1	0	0	0	0	0	0	0	0	0.594151	0.0	0.0	0.0	0.624884	0.0	0.0	0.0	0.0	0.487395	0.0	0.0	0.0	0.512605	0.0	0.0	0.0	0.0	
19	29	411.809789202	4630.472	4689.722	46.0943	0.978539	8	0	0	0	17	0	0	0	0	0.433136	0.0	0.0	0.0	0.572406	0.0	0.0	0.0	0.0	0.004141	0.0	0.0	0.0	290.534	0.0	0.0	0.0	0.0	0.000518	0.0	0.0	0.0	17.0903	0.0	0.0	0.0	0.0	0	0	0	0	10	0	0	0	0	0	0	0	0	3	0	0	0	0	5	0	0	0	4	0	0	0	0	1	0	0	0	0	0	0	0	0	0	0	0	0	0	0	0	0	0	2	0	0	0	0	0	0	0	0	0.433136	0.0	0.0	0.0	0.572406	0.0	0.0	0.0	0.0	0.430749	0.0	0.0	0.0	0.569251	0.0	0.0	0.0	0.0	
20	30	422.900036019	4630.472	4686.722	45.2792	0.978157	8	0	0	0	18	0	0	0	0	0.433136	0.0	0.0	0.0	0.522568	0.0	0.0	0.0	0.0	0.004141	0.0	0.0	0.0	301.625	0.0	0.0	0.0	0.0	0.000518	0.0	0.0	0.0	16.7569	0.0	0.0	0.0	0.0	0	0	0	0	10	0	0	0	0	0	0	0	0	4	0	0	0	0	5	0	0	0	4	0	0	0	0	1	0	0	0	0	0	0	0	0	0	0	0	0	0	0	0	0	0	2	0	0	0	0	0	0	0	0	0.433136	0.0	0.0	0.0	0.522568	0.0	0.0	0.0	0.0	0.453211	0.0	0.0	0.0	0.546789	0.0	0.0	0.0	0.0	
21	35	442.211832429	4630.472	4699.722	44.3231	0.977691	12	0	0	0	19	0	0	0	0	0.284586	0.0	0.0	0.0	0.482597	0.0	0.0	0.0	0.0	0.005428	0.0	0.0	0.0	320.935	0.0	0.0	0.0	0.0	0.000452	0.0	0.0	0.0	16.8913	0.0	0.0	0.0	0.0	0	0	0	0	10	0	0	0	0	1	0	0	0	5	0	0	0	0	6	0	0	0	4	0	0	0	0	1	0	0	0	0	0	0	0	0	0	0	0	0	0	0	0	0	0	4	0	0	0	0	0	0	0	0	0.284586	0.0	0.0	0.0	0.482597	0.0	0.0	0.0	0.0	0.370949	0.0	0.0	0.0	0.629051	0.0	0.0	0.0	0.0	
22	37	448.10992799	4623.472	4623.472	42.7066	0.976856	13	0	0	0	20	0	0	0	0	0.256127	0.0	0.0	0.0	0.522197	0.0	0.0	0.0	0.0	0.00564	0.0	0.0	0.0	326.833	0.0	0.0	0.0	0.0	0.000434	0.0	0.0	0.0	16.3417	0.0	0.0	0.0	0.0	0	0	0	0	11	0	0	0	0	1	0	0	0	5	0	0	0	0	6	0	0	0	4	0	0	0	0	1	0	0	0	0	0	0	0	0	0	0	0	0	0	0	0	0	0	5	0	0	0	0	0	0	0	0	0.256127	0.0	0.0	0.0	0.522197	0.0	0.0	0.0	0.0	0.329075	0.0	0.0	0.0	0.670925	0.0	0.0	0.0	0.0	
23	38	462.434280917	4535.556	4535.556	42.2247	0.976595	13	0	0	0	21	0	0	0	0	0.256127	0.0	0.0	0.0	0.557805	0.0	0.0	0.0	0.0	0.00564	0.0	0.0	0.0	341.157	0.0	0.0	0.0	0.0	0.000434	0.0	0.0	0.0	16.2456	0.0	0.0	0.0	0.0	0	0	0	0	12	0	0	0	0	1	0	0	0	5	0	0	0	0	6	0	0	0	4	0	0	0	0	1	0	0	0	0	0	0	0	0	0	0	0	0	0	0	0	0	0	5	0	0	0	0	0	0	0	0	0.256127	0.0	0.0	0.0	0.557805	0.0	0.0	0.0	0.0	0.314679	0.0	0.0	0.0	0.685321	0.0	0.0	0.0	0.0	
24	40	473.154491967	4505.944	4505.944	41.0768	0.975949	14	0	0	0	22	0	0	0	0	0.230514	0.0	0.0	0.0	0.589051	0.0	0.0	0.0	0.0	0.006374	0.0	0.0	0.0	351.877	0.0	0.0	0.0	0.0	0.000455	0.0	0.0	0.0	15.9944	0.0	0.0	0.0	0.0	0	0	0	0	13	0	0	0	0	1	0	0	0	5	0	0	0	0	6	0	0	0	4	0	0	0	0	1	0	0	0	0	0	0	0	0	1	0	0	0	0	0	0	0	0	5	0	0	0	0	0	0	0	0	0.230514	0.0	0.0	0.0	0.589051	0.0	0.0	0.0	0.0	0.281264	0.0	0.0	0.0	0.718736	0.0	0.0	0.0	0.0	
25	42	476.038761334	4505.444	4505.444	40.2383	0.975454	15	0	0	0	23	0	0	0	0	0.207463	0.0	0.0	0.0	0.616836	0.0	0.0	0.0	0.0	0.006672	0.0	0.0	0.0	354.761	0.0	0.0	0.0	0.0	0.000445	0.0	0.0	0.0	15.4244	0.0	0.0	0.0	0.0	0	0	0	0	14	0	0	0	0	1	0	0	0	5	0	0	0	0	6	0	0	0	4	0	0	0	0	1	0	0	0	0	0	0	0	0	1	0	0	0	0	0	0	0	0	6	0	0	0	0	0	0	0	0	0.207463	0.0	0.0	0.0	0.616836	0.0	0.0	0.0	0.0	0.251684	0.0	0.0	0.0	0.748316	0.0	0.0	0.0	0.0	
26	43	494.260134328	4452.861	4452.861	40.0156	0.975319	15	0	0	0	24	0	0	0	0	0.207463	0.0	0.0	0.0	0.642437	0.0	0.0	0.0	0.0	0.006672	0.0	0.0	0.0	372.982	0.0	0.0	0.0	0.0	0.000445	0.0	0.0	0.0	15.5409	0.0	0.0	0.0	0.0	0	0	0	0	15	0	0	0	0	1	0	0	0	5	0	0	0	0	6	0	0	0	4	0	0	0	0	1	0	0	0	0	0	0	0	0	1	0	0	0	0	0	0	0	0	6	0	0	0	0	0	0	0	0	0.207463	0.0	0.0	0.0	0.642437	0.0	0.0	0.0	0.0	0.244103	0.0	0.0	0.0	0.755897	0.0	0.0	0.0	0.0	
27	44	497.233118151	4452.861	4452.861	38.6371	0.97445	15	0	0	0	25	0	0	0	0	0.207463	0.0	0.0	0.0	0.599942	0.0	0.0	0.0	0.0	0.006672	0.0	0.0	0.0	375.955	0.0	0.0	0.0	0.0	0.000445	0.0	0.0	0.0	15.0382	0.0	0.0	0.0	0.0	0	0	0	0	15	0	0	0	0	1	0	0	0	5	0	0	0	0	6	0	0	0	5	0	0	0	0	1	0	0	0	0	0	0	0	0	1	0	0	0	0	0	0	0	0	6	0	0	0	0	0	0	0	0	0.207463	0.0	0.0	0.0	0.599942	0.0	0.0	0.0	0.0	0.25695	0.0	0.0	0.0	0.74305	0.0	0.0	0.0	0.0	
28	45	602.966591271	4452.361	4452.361	38.4167	0.974306	15	0	0	0	26	0	0	0	0	0.207463	0.0	0.0	0.0	0.626862	0.0	0.0	0.0	0.0	0.006672	0.0	0.0	0.0	481.689	0.0	0.0	0.0	0.0	0.000445	0.0	0.0	0.0	18.5265	0.0	0.0	0.0	0.0	0	0	0	0	16	0	0	0	0	1	0	0	0	5	0	0	0	0	6	0	0	0	5	0	0	0	0	1	0	0	0	0	0	0	0	0	1	0	0	0	0	0	0	0	0	6	0	0	0	0	0	0	0	0	0.207463	0.0	0.0	0.0	0.626862	0.0	0.0	0.0	0.0	0.24866	0.0	0.0	0.0	0.75134	0.0	0.0	0.0	0.0	
29	46	614.013042637	4452.361	4452.361	31.3452	0.968601	15	0	0	0	27	0	0	0	0	0.207463	0.0	0.0	0.0	0.585146	0.0	0.0	0.0	0.0	0.006672	0.0	0.0	0.0	492.735	0.0	0.0	0.0	0.0	0.000445	0.0	0.0	0.0	18.2494	0.0	0.0	0.0	0.0	0	0	0	0	16	0	0	0	0	1	0	0	0	5	0	0	0	0	6	0	0	0	6	0	0	0	0	1	0	0	0	0	0	0	0	0	1	0	0	0	0	0	0	0	0	6	0	0	0	0	0	0	0	0	0.207463	0.0	0.0	0.0	0.585146	0.0	0.0	0.0	0.0	0.261747	0.0	0.0	0.0	0.738253	0.0	0.0	0.0	0.0	
30	47	620.022053389	4452.361	4452.361	30.686	0.967937	15	0	0	0	28	0	0	0	0	0.207463	0.0	0.0	0.0	0.545516	0.0	0.0	0.0	0.0	0.006672	0.0	0.0	0.0	498.744	0.0	0.0	0.0	0.0	0.000445	0.0	0.0	0.0	17.8123	0.0	0.0	0.0	0.0	0	0	0	0	16	0	0	0	0	1	0	0	0	5	0	0	0	0	6	0	0	0	7	0	0	0	0	1	0	0	0	0	0	0	0	0	1	0	0	0	0	0	0	0	0	6	0	0	0	0	0	0	0	0	0.207463	0.0	0.0	0.0	0.545516	0.0	0.0	0.0	0.0	0.275523	0.0	0.0	0.0	0.724477	0.0	0.0	0.0	0.0	
31	49	622.449878671	4452.361	4452.361	30.3333	0.96757	16	0	0	0	29	0	0	0	0	0.186717	0.0	0.0	0.0	0.508904	0.0	0.0	0.0	0.0	0.006963	0.0	0.0	0.0	501.171	0.0	0.0	0.0	0.0	0.000435	0.0	0.0	0.0	17.2818	0.0	0.0	0.0	0.0	0	0	0	0	16	0	0	0	0	1	0	0	0	5	0	0	0	0	6	0	0	0	8	0	0	0	0	1	0	0	0	0	0	0	0	0	1	0	0	0	0	0	0	0	0	7	0	0	0	0	0	0	0	0	0.186717	0.0	0.0	0.0	0.508904	0.0	0.0	0.0	0.0	0.268417	0.0	0.0	0.0	0.731583	0.0	0.0	0.0	0.0	
32	52	636.634361089	4436.361	4436.361	30.1919	0.967421	18	0	0	0	30	0	0	0	0	0.15124	0.0	0.0	0.0	0.540756	0.0	0.0	0.0	0.0	0.00756	0.0	0.0	0.0	515.355	0.0	0.0	0.0	0.0	0.00042	0.0	0.0	0.0	17.1785	0.0	0.0	0.0	0.0	0	0	0	0	17	0	0	0	0	1	0	0	0	5	0	0	0	0	7	0	0	0	8	0	0	0	0	1	0	0	0	0	0	0	0	0	1	0	0	0	0	0	0	0	0	8	0	0	0	0	0	0	0	0	0.15124	0.0	0.0	0.0	0.540756	0.0	0.0	0.0	0.0	0.218557	0.0	0.0	0.0	0.781443	0.0	0.0	0.0	0.0	
33	53	652.494746609	4435.361	4435.361	29.3791	0.966535	18	0	0	0	31	0	0	0	0	0.15124	0.0	0.0	0.0	0.570141	0.0	0.0	0.0	0.0	0.00756	0.0	0.0	0.0	531.216	0.0	0.0	0.0	0.0	0.00042	0.0	0.0	0.0	17.136	0.0	0.0	0.0	0.0	0	0	0	0	18	0	0	0	0	1	0	0	0	5	0	0	0	0	7	0	0	0	8	0	0	0	0	1	0	0	0	0	0	0	0	0	1	0	0	0	0	0	0	0	0	8	0	0	0	0	0	0	0	0	0.15124	0.0	0.0	0.0	0.570141	0.0	0.0	0.0	0.0	0.209654	0.0	0.0	0.0	0.790346	0.0	0.0	0.0	0.0	
34	54	658.347050829	4435.361	4435.361	28.4961	0.965516	18	0	0	0	32	0	0	0	0	0.15124	0.0	0.0	0.0	0.534071	0.0	0.0	0.0	0.0	0.00756	0.0	0.0	0.0	537.068	0.0	0.0	0.0	0.0	0.00042	0.0	0.0	0.0	16.7834	0.0	0.0	0.0	0.0	0	0	0	0	18	0	0	0	0	1	0	0	0	5	0	0	0	0	7	0	0	0	9	0	0	0	0	1	0	0	0	0	0	0	0	0	1	0	0	0	0	0	0	0	0	8	0	0	0	0	0	0	0	0	0.15124	0.0	0.0	0.0	0.534071	0.0	0.0	0.0	0.0	0.220688	0.0	0.0	0.0	0.779312	0.0	0.0	0.0	0.0	
35	55	663.240832871	4428.361	4428.361	28.1771	0.965133	18	0	0	0	33	0	0	0	0	0.15124	0.0	0.0	0.0	0.563965	0.0	0.0	0.0	0.0	0.00756	0.0	0.0	0.0	541.962	0.0	0.0	0.0	0.0	0.00042	0.0	0.0	0.0	16.4231	0.0	0.0	0.0	0.0	0	0	0	0	19	0	0	0	0	1	0	0	0	5	0	0	0	0	7	0	0	0	9	0	0	0	0	1	0	0	0	0	0	0	0	0	1	0	0	0	0	0	0	0	0	8	0	0	0	0	0	0	0	0	0.15124	0.0	0.0	0.0	0.563965	0.0	0.0	0.0	0.0	0.211464	0.0	0.0	0.0	0.788536	0.0	0.0	0.0	0.0	
36	56	677.385113236	4428.361	4428.361	27.913	0.964809	18	0	0	0	34	0	0	0	0	0.15124	0.0	0.0	0.0	0.528205	0.0	0.0	0.0	0.0	0.00756	0.0	0.0	0.0	556.106	0.0	0.0	0.0	0.0	0.00042	0.0	0.0	0.0	16.3561	0.0	0.0	0.0	0.0	0	0	0	0	19	0	0	0	0	1	0	0	0	5	0	0	0	0	7	0	0	0	10	0	0	0	0	1	0	0	0	0	0	0	0	0	1	0	0	0	0	0	0	0	0	8	0	0	0	0	0	0	0	0	0.15124	0.0	0.0	0.0	0.528205	0.0	0.0	0.0	0.0	0.222594	0.0	0.0	0.0	0.777406	0.0	0.0	0.0	0.0	
37	57	692.757097764	4428.361	4428.361	27.1636	0.963855	18	0	0	0	35	0	0	0	0	0.15124	0.0	0.0	0.0	0.494233	0.0	0.0	0.0	0.0	0.00756	0.0	0.0	0.0	571.478	0.0	0.0	0.0	0.0	0.00042	0.0	0.0	0.0	16.3279	0.0	0.0	0.0	0.0	0	0	0	0	19	0	0	0	0	1	0	0	0	5	0	0	0	0	7	0	0	0	11	0	0	0	0	1	0	0	0	0	0	0	0	0	1	0	0	0	0	0	0	0	0	8	0	0	0	0	0	0	0	0	0.15124	0.0	0.0	0.0	0.494233	0.0	0.0	0.0	0.0	0.23431	0.0	0.0	0.0	0.76569	0.0	0.0	0.0	0.0	
38	58	699.852057471	4408.861	4408.861	26.372	0.962791	18	0	0	0	36	0	0	0	0	0.15124	0.0	0.0	0.0	0.527259	0.0	0.0	0.0	0.0	0.00756	0.0	0.0	0.0	578.573	0.0	0.0	0.0	0.0	0.00042	0.0	0.0	0.0	16.0715	0.0	0.0	0.0	0.0	0	0	0	0	20	0	0	0	0	1	0	0	0	5	0	0	0	0	7	0	0	0	11	0	0	0	0	1	0	0	0	0	0	0	0	0	1	0	0	0	0	0	0	0	0	8	0	0	0	0	0	0	0	0	0.15124	0.0	0.0	0.0	0.527259	0.0	0.0	0.0	0.0	0.222904	0.0	0.0	0.0	0.777096	0.0	0.0	0.0	0.0	
39	59	724.514278942	4408.861	4408.861	26.0145	0.962289	18	0	0	0	37	0	0	0	0	0.15124	0.0	0.0	0.0	0.493334	0.0	0.0	0.0	0.0	0.00756	0.0	0.0	0.0	603.235	0.0	0.0	0.0	0.0	0.00042	0.0	0.0	0.0	16.3037	0.0	0.0	0.0	0.0	0	0	0	0	20	0	0	0	0	1	0	0	0	5	0	0	0	0	7	0	0	0	12	0	0	0	0	1	0	0	0	0	0	0	0	0	1	0	0	0	0	0	0	0	0	8	0	0	0	0	0	0	0	0	0.15124	0.0	0.0	0.0	0.493334	0.0	0.0	0.0	0.0	0.234636	0.0	0.0	0.0	0.765364	0.0	0.0	0.0	0.0	
40	60	735.155465711	4391.889	4391.889	24.8089	0.960493	18	0	0	0	38	0	0	0	0	0.15124	0.0	0.0	0.0	0.526434	0.0	0.0	0.0	0.0	0.00756	0.0	0.0	0.0	613.876	0.0	0.0	0.0	0.0	0.00042	0.0	0.0	0.0	16.1546	0.0	0.0	0.0	0.0	0	0	0	0	21	0	0	0	0	1	0	0	0	5	0	0	0	0	7	0	0	0	12	0	0	0	0	1	0	0	0	0	0	0	0	0	1	0	0	0	0	0	0	0	0	8	0	0	0	0	0	0	0	0	0.15124	0.0	0.0	0.0	0.526434	0.0	0.0	0.0	0.0	0.223176	0.0	0.0	0.0	0.776824	0.0	0.0	0.0	0.0	
41	61	743.900401767	4380.389	4380.389	24.3061	0.959693	18	0	0	0	39	0	0	0	0	0.15124	0.0	0.0	0.0	0.556915	0.0	0.0	0.0	0.0	0.00756	0.0	0.0	0.0	622.621	0.0	0.0	0.0	0.0	0.00042	0.0	0.0	0.0	15.9646	0.0	0.0	0.0	0.0	0	0	0	0	22	0	0	0	0	1	0	0	0	5	0	0	0	0	7	0	0	0	12	0	0	0	0	1	0	0	0	0	0	0	0	0	1	0	0	0	0	0	0	0	0	8	0	0	0	0	0	0	0	0	0.15124	0.0	0.0	0.0	0.556915	0.0	0.0	0.0	0.0	0.21357	0.0	0.0	0.0	0.78643	0.0	0.0	0.0	0.0	
42	62	761.075948336	4363.389	4363.389	23.9006	0.959023	18	0	0	0	40	0	0	0	0	0.15124	0.0	0.0	0.0	0.585086	0.0	0.0	0.0	0.0	0.00756	0.0	0.0	0.0	639.797	0.0	0.0	0.0	0.0	0.00042	0.0	0.0	0.0	15.9949	0.0	0.0	0.0	0.0	0	0	0	0	23	0	0	0	0	1	0	0	0	5	0	0	0	0	7	0	0	0	12	0	0	0	0	1	0	0	0	0	0	0	0	0	1	0	0	0	0	0	0	0	0	8	0	0	0	0	0	0	0	0	0.15124	0.0	0.0	0.0	0.585086	0.0	0.0	0.0	0.0	0.205399	0.0	0.0	0.0	0.794601	0.0	0.0	0.0	0.0	
43	63	770.863513454	4349.278	4349.278	23.1237	0.957676	18	0	0	0	41	0	0	0	0	0.15124	0.0	0.0	0.0	0.611194	0.0	0.0	0.0	0.0	0.00756	0.0	0.0	0.0	649.584	0.0	0.0	0.0	0.0	0.00042	0.0	0.0	0.0	15.8435	0.0	0.0	0.0	0.0	0	0	0	0	24	0	0	0	0	1	0	0	0	5	0	0	0	0	7	0	0	0	12	0	0	0	0	1	0	0	0	0	0	0	0	0	1	0	0	0	0	0	0	0	0	8	0	0	0	0	0	0	0	0	0.15124	0.0	0.0	0.0	0.611194	0.0	0.0	0.0	0.0	0.198365	0.0	0.0	0.0	0.801635	0.0	0.0	0.0	0.0	
44	64	779.31206893	4337.278	4337.278	22.6923	0.956889	18	0	0	0	42	0	0	0	0	0.15124	0.0	0.0	0.0	0.635445	0.0	0.0	0.0	0.0	0.00756	0.0	0.0	0.0	658.033	0.0	0.0	0.0	0.0	0.00042	0.0	0.0	0.0	15.6674	0.0	0.0	0.0	0.0	0	0	0	0	25	0	0	0	0	1	0	0	0	5	0	0	0	0	7	0	0	0	12	0	0	0	0	1	0	0	0	0	0	0	0	0	1	0	0	0	0	0	0	0	0	8	0	0	0	0	0	0	0	0	0.15124	0.0	0.0	0.0	0.635445	0.0	0.0	0.0	0.0	0.19225	0.0	0.0	0.0	0.80775	0.0	0.0	0.0	0.0	
45	65	792.900913602	4337.278	4337.278	22.3264	0.956198	18	0	0	0	43	0	0	0	0	0.15124	0.0	0.0	0.0	0.596111	0.0	0.0	0.0	0.0	0.00756	0.0	0.0	0.0	671.622	0.0	0.0	0.0	0.0	0.00042	0.0	0.0	0.0	15.6191	0.0	0.0	0.0	0.0	0	0	0	0	25	0	0	0	0	1	0	0	0	5	0	0	0	0	7	0	0	0	13	0	0	0	0	1	0	0	0	0	0	0	0	0	1	0	0	0	0	0	0	0	0	8	0	0	0	0	0	0	0	0	0.15124	0.0	0.0	0.0	0.596111	0.0	0.0	0.0	0.0	0.202369	0.0	0.0	0.0	0.797631	0.0	0.0	0.0	0.0	
46	66	809.442105457	4329.667	4329.667	21.7503	0.955064	18	0	0	0	44	0	0	0	0	0.15124	0.0	0.0	0.0	0.621429	0.0	0.0	0.0	0.0	0.00756	0.0	0.0	0.0	688.163	0.0	0.0	0.0	0.0	0.00042	0.0	0.0	0.0	15.6401	0.0	0.0	0.0	0.0	0	0	0	0	26	0	0	0	0	1	0	0	0	5	0	0	0	0	7	0	0	0	13	0	0	0	0	1	0	0	0	0	0	0	0	0	1	0	0	0	0	0	0	0	0	8	0	0	0	0	0	0	0	0	0.15124	0.0	0.0	0.0	0.621429	0.0	0.0	0.0	0.0	0.195738	0.0	0.0	0.0	0.804262	0.0	0.0	0.0	0.0	
47	67	813.156879186	4322.167	4322.167	21.069	0.953646	18	0	0	0	45	0	0	0	0	0.15124	0.0	0.0	0.0	0.644964	0.0	0.0	0.0	0.0	0.00756	0.0	0.0	0.0	691.877	0.0	0.0	0.0	0.0	0.00042	0.0	0.0	0.0	15.3751	0.0	0.0	0.0	0.0	0	0	0	0	27	0	0	0	0	1	0	0	0	5	0	0	0	0	7	0	0	0	13	0	0	0	0	1	0	0	0	0	0	0	0	0	1	0	0	0	0	0	0	0	0	8	0	0	0	0	0	0	0	0	0.15124	0.0	0.0	0.0	0.644964	0.0	0.0	0.0	0.0	0.189952	0.0	0.0	0.0	0.810048	0.0	0.0	0.0	0.0	
48	69	816.461966196	4319.667	4319.667	20.9189	0.953321	19	0	0	0	46	0	0	0	0	0.136116	0.0	0.0	0.0	0.666462	0.0	0.0	0.0	0.0	0.00781	0.0	0.0	0.0	695.182	0.0	0.0	0.0	0.0	0.000411	0.0	0.0	0.0	15.1127	0.0	0.0	0.0	0.0	0	0	0	0	28	0	0	0	0	1	0	0	0	5	0	0	0	0	7	0	0	0	13	0	0	0	0	1	0	0	0	0	0	0	0	0	1	0	0	0	0	0	0	0	0	9	0	0	0	0	0	0	0	0	0.136116	0.0	0.0	0.0	0.666462	0.0	0.0	0.0	0.0	0.169599	0.0	0.0	0.0	0.830401	0.0	0.0	0.0	0.0	
49	70	820.614196237	4319.667	4319.667	20.7863	0.95303	19	0	0	0	47	0	0	0	0	0.136116	0.0	0.0	0.0	0.626333	0.0	0.0	0.0	0.0	0.00781	0.0	0.0	0.0	699.335	0.0	0.0	0.0	0.0	0.000411	0.0	0.0	0.0	14.8795	0.0	0.0	0.0	0.0	0	0	0	0	28	0	0	0	0	1	0	0	0	5	0	0	0	0	7	0	0	0	14	0	0	0	0	1	0	0	0	0	0	0	0	0	1	0	0	0	0	0	0	0	0	9	0	0	0	0	0	0	0	0	0.136116	0.0	0.0	0.0	0.626333	0.0	0.0	0.0	0.0	0.178525	0.0	0.0	0.0	0.821475	0.0	0.0	0.0	0.0	
50	71	823.670299529	4319.667	4319.667	20.6209	0.952663	19	0	0	0	48	0	0	0	0	0.136116	0.0	0.0	0.0	0.588211	0.0	0.0	0.0	0.0	0.00781	0.0	0.0	0.0	702.391	0.0	0.0	0.0	0.0	0.000411	0.0	0.0	0.0	14.6331	0.0	0.0	0.0	0.0	0	0	0	0	28	0	0	0	0	1	0	0	0	5	0	0	0	0	7	0	0	0	15	0	0	0	0	1	0	0	0	0	0	0	0	0	1	0	0	0	0	0	0	0	0	9	0	0	0	0	0	0	0	0	0.136116	0.0	0.0	0.0	0.588211	0.0	0.0	0.0	0.0	0.187921	0.0	0.0	0.0	0.812079	0.0	0.0	0.0	0.0	
51	72	920.780492418	4224.528	4224.528	20.5	0.95239	19	0	0	0	49	0	0	0	0	0.136116	0.0	0.0	0.0	0.613565	0.0	0.0	0.0	0.0	0.00781	0.0	0.0	0.0	799.501	0.0	0.0	0.0	0.0	0.000411	0.0	0.0	0.0	16.3163	0.0	0.0	0.0	0.0	0	0	0	0	29	0	0	0	0	1	0	0	0	5	0	0	0	0	7	0	0	0	15	0	0	0	0	1	0	0	0	0	0	0	0	0	1	0	0	0	0	0	0	0	0	9	0	0	0	0	0	0	0	0	0.136116	0.0	0.0	0.0	0.613565	0.0	0.0	0.0	0.0	0.181566	0.0	0.0	0.0	0.818434	0.0	0.0	0.0	0.0	
52	73	943.206196561	4224.528	4224.528	17.0063	0.942894	19	0	0	0	50	0	0	0	0	0.136116	0.0	0.0	0.0	0.576081	0.0	0.0	0.0	0.0	0.00781	0.0	0.0	0.0	821.926	0.0	0.0	0.0	0.0	0.000411	0.0	0.0	0.0	16.4385	0.0	0.0	0.0	0.0	0	0	0	0	29	0	0	0	0	1	0	0	0	5	0	0	0	0	7	0	0	0	16	0	0	0	0	1	0	0	0	0	0	0	0	0	1	0	0	0	0	0	0	0	0	9	0	0	0	0	0	0	0	0	0.136116	0.0	0.0	0.0	0.576081	0.0	0.0	0.0	0.0	0.191122	0.0	0.0	0.0	0.808878	0.0	0.0	0.0	0.0	
53	75	956.962313907	4213.472	4213.472	16.2882	0.940452	20	0	0	0	51	0	0	0	0	0.122505	0.0	0.0	0.0	0.601784	0.0	0.0	0.0	0.0	0.00846	0.0	0.0	0.0	835.682	0.0	0.0	0.0	0.0	0.000423	0.0	0.0	0.0	16.3859	0.0	0.0	0.0	0.0	0	0	0	0	30	0	0	0	0	1	0	0	0	5	0	0	0	0	8	0	0	0	16	0	0	0	0	1	0	0	0	0	0	0	0	0	1	0	0	0	0	0	0	0	0	9	0	0	0	0	0	0	0	0	0.122505	0.0	0.0	0.0	0.601784	0.0	0.0	0.0	0.0	0.169138	0.0	0.0	0.0	0.830862	0.0	0.0	0.0	0.0	
54	76	960.057346503	4213.472	4213.472	15.8627	0.938905	20	0	0	0	52	0	0	0	0	0.122505	0.0	0.0	0.0	0.56557	0.0	0.0	0.0	0.0	0.00846	0.0	0.0	0.0	838.777	0.0	0.0	0.0	0.0	0.000423	0.0	0.0	0.0	16.1303	0.0	0.0	0.0	0.0	0	0	0	0	30	0	0	0	0	1	0	0	0	5	0	0	0	0	8	0	0	0	17	0	0	0	0	1	0	0	0	0	0	0	0	0	1	0	0	0	0	0	0	0	0	9	0	0	0	0	0	0	0	0	0.122505	0.0	0.0	0.0	0.56557	0.0	0.0	0.0	0.0	0.17804	0.0	0.0	0.0	0.82196	0.0	0.0	0.0	0.0	
55	77	964.515278199	4213.472	4213.472	15.7686	0.938552	20	0	0	0	53	0	0	0	0	0.122505	0.0	0.0	0.0	0.531166	0.0	0.0	0.0	0.0	0.00846	0.0	0.0	0.0	843.235	0.0	0.0	0.0	0.0	0.000423	0.0	0.0	0.0	15.9101	0.0	0.0	0.0	0.0	0	0	0	0	30	0	0	0	0	1	0	0	0	5	0	0	0	0	8	0	0	0	18	0	0	0	0	1	0	0	0	0	0	0	0	0	1	0	0	0	0	0	0	0	0	9	0	0	0	0	0	0	0	0	0.122505	0.0	0.0	0.0	0.531166	0.0	0.0	0.0	0.0	0.187411	0.0	0.0	0.0	0.812589	0.0	0.0	0.0	0.0	
56	78	978.717880614	4213.472	4213.472	15.6339	0.938039	20	0	0	0	54	0	0	0	0	0.122505	0.0	0.0	0.0	0.498482	0.0	0.0	0.0	0.0	0.00846	0.0	0.0	0.0	857.437	0.0	0.0	0.0	0.0	0.000423	0.0	0.0	0.0	15.8785	0.0	0.0	0.0	0.0	0	0	0	0	30	0	0	0	0	1	0	0	0	5	0	0	0	0	8	0	0	0	19	0	0	0	0	1	0	0	0	0	0	0	0	0	1	0	0	0	0	0	0	0	0	9	0	0	0	0	0	0	0	0	0.122505	0.0	0.0	0.0	0.498482	0.0	0.0	0.0	0.0	0.197274	0.0	0.0	0.0	0.802726	0.0	0.0	0.0	0.0	
57	79	981.46239358	4213.472	4213.472	15.2125	0.936378	20	0	0	0	55	0	0	0	0	0.122505	0.0	0.0	0.0	0.467433	0.0	0.0	0.0	0.0	0.00846	0.0	0.0	0.0	860.182	0.0	0.0	0.0	0.0	0.000423	0.0	0.0	0.0	15.6397	0.0	0.0	0.0	0.0	0	0	0	0	30	0	0	0	0	1	0	0	0	5	0	0	0	0	8	0	0	0	20	0	0	0	0	1	0	0	0	0	0	0	0	0	1	0	0	0	0	0	0	0	0	9	0	0	0	0	0	0	0	0	0.122505	0.0	0.0	0.0	0.467433	0.0	0.0	0.0	0.0	0.207657	0.0	0.0	0.0	0.792343	0.0	0.0	0.0	0.0	
58	80	993.451495328	4165.944	4165.944	15.1323	0.936053	20	0	0	0	56	0	0	0	0	0.122505	0.0	0.0	0.0	0.50104	0.0	0.0	0.0	0.0	0.00846	0.0	0.0	0.0	872.171	0.0	0.0	0.0	0.0	0.000423	0.0	0.0	0.0	15.5745	0.0	0.0	0.0	0.0	0	0	0	0	31	0	0	0	0	1	0	0	0	5	0	0	0	0	8	0	0	0	20	0	0	0	0	1	0	0	0	0	0	0	0	0	1	0	0	0	0	0	0	0	0	9	0	0	0	0	0	0	0	0	0.122505	0.0	0.0	0.0	0.50104	0.0	0.0	0.0	0.0	0.196465	0.0	0.0	0.0	0.803535	0.0	0.0	0.0	0.0	
59	82	1006.160539644	4165.944	4165.944	14.7873	0.93461	21	0	0	0	57	0	0	0	0	0.110254	0.0	0.0	0.0	0.470475	0.0	0.0	0.0	0.0	0.008699	0.0	0.0	0.0	884.88	0.0	0.0	0.0	0.0	0.000414	0.0	0.0	0.0	15.5242	0.0	0.0	0.0	0.0	0	0	0	0	31	0	0	0	0	1	0	0	0	5	0	0	0	0	8	0	0	0	21	0	0	0	0	1	0	0	0	0	0	0	0	0	1	0	0	0	0	0	0	0	0	10	0	0	0	0	0	0	0	0	0.110254	0.0	0.0	0.0	0.470475	0.0	0.0	0.0	0.0	0.189855	0.0	0.0	0.0	0.810145	0.0	0.0	0.0	0.0	
60	83	1022.975626687	4165.944	4165.944	14.4301	0.933047	21	0	0	0	58	0	0	0	0	0.110254	0.0	0.0	0.0	0.441439	0.0	0.0	0.0	0.0	0.008699	0.0	0.0	0.0	901.695	0.0	0.0	0.0	0.0	0.000414	0.0	0.0	0.0	15.5465	0.0	0.0	0.0	0.0	0	0	0	0	31	0	0	0	0	1	0	0	0	5	0	0	0	0	8	0	0	0	22	0	0	0	0	1	0	0	0	0	0	0	0	0	1	0	0	0	0	0	0	0	0	10	0	0	0	0	0	0	0	0	0.110254	0.0	0.0	0.0	0.441439	0.0	0.0	0.0	0.0	0.199847	0.0	0.0	0.0	0.800153	0.0	0.0	0.0	0.0	
61	84	1029.65863885	4153.222	4153.222	13.9707	0.930923	21	0	0	0	59	0	0	0	0	0.110254	0.0	0.0	0.0	0.476342	0.0	0.0	0.0	0.0	0.008699	0.0	0.0	0.0	908.378	0.0	0.0	0.0	0.0	0.000414	0.0	0.0	0.0	15.3962	0.0	0.0	0.0	0.0	0	0	0	0	32	0	0	0	0	1	0	0	0	5	0	0	0	0	8	0	0	0	22	0	0	0	0	1	0	0	0	0	0	0	0	0	1	0	0	0	0	0	0	0	0	10	0	0	0	0	0	0	0	0	0.110254	0.0	0.0	0.0	0.476342	0.0	0.0	0.0	0.0	0.187956	0.0	0.0	0.0	0.812044	0.0	0.0	0.0	0.0	
62	85	1040.338728347	4152.722	4152.722	13.7922	0.930061	21	0	0	0	60	0	0	0	0	0.110254	0.0	0.0	0.0	0.508585	0.0	0.0	0.0	0.0	0.008699	0.0	0.0	0.0	919.058	0.0	0.0	0.0	0.0	0.000414	0.0	0.0	0.0	15.3176	0.0	0.0	0.0	0.0	0	0	0	0	33	0	0	0	0	1	0	0	0	5	0	0	0	0	8	0	0	0	22	0	0	0	0	1	0	0	0	0	0	0	0	0	1	0	0	0	0	0	0	0	0	10	0	0	0	0	0	0	0	0	0.110254	0.0	0.0	0.0	0.508585	0.0	0.0	0.0	0.0	0.178163	0.0	0.0	0.0	0.821837	0.0	0.0	0.0	0.0	
63	86	1055.199084234	4152.722	4152.722	13.5117	0.928662	21	0	0	0	61	0	0	0	0	0.110254	0.0	0.0	0.0	0.477643	0.0	0.0	0.0	0.0	0.008699	0.0	0.0	0.0	933.918	0.0	0.0	0.0	0.0	0.000414	0.0	0.0	0.0	15.3101	0.0	0.0	0.0	0.0	0	0	0	0	33	0	0	0	0	1	0	0	0	5	0	0	0	0	8	0	0	0	23	0	0	0	0	1	0	0	0	0	0	0	0	0	1	0	0	0	0	0	0	0	0	10	0	0	0	0	0	0	0	0	0.110254	0.0	0.0	0.0	0.477643	0.0	0.0	0.0	0.0	0.18754	0.0	0.0	0.0	0.81246	0.0	0.0	0.0	0.0	
64	88	1058.385258202	4152.722	4152.722	13.1308	0.926671	22	0	0	0	62	0	0	0	0	0.099229	0.0	0.0	0.0	0.4488	0.0	0.0	0.0	0.0	0.008935	0.0	0.0	0.0	937.104	0.0	0.0	0.0	0.0	0.000406	0.0	0.0	0.0	15.1146	0.0	0.0	0.0	0.0	0	0	0	0	33	0	0	0	0	1	0	0	0	5	0	0	0	0	8	0	0	0	24	0	0	0	0	1	0	0	0	0	0	0	0	0	1	0	0	0	0	0	0	0	0	11	0	0	0	0	0	0	0	0	0.099229	0.0	0.0	0.0	0.4488	0.0	0.0	0.0	0.0	0.181065	0.0	0.0	0.0	0.818935	0.0	0.0	0.0	0.0	
65	89	1060.901134556	4152.722	4152.722	13.0506	0.926237	22	0	0	0	63	0	0	0	0	0.099229	0.0	0.0	0.0	0.421398	0.0	0.0	0.0	0.0	0.008935	0.0	0.0	0.0	939.62	0.0	0.0	0.0	0.0	0.000406	0.0	0.0	0.0	14.9146	0.0	0.0	0.0	0.0	0	0	0	0	33	0	0	0	0	1	0	0	0	5	0	0	0	0	8	0	0	0	25	0	0	0	0	1	0	0	0	0	0	0	0	0	1	0	0	0	0	0	0	0	0	11	0	0	0	0	0	0	0	0	0.099229	0.0	0.0	0.0	0.421398	0.0	0.0	0.0	0.0	0.190595	0.0	0.0	0.0	0.809405	0.0	0.0	0.0	0.0	
66	90	1071.28745687	4150.722	4150.722	12.9876	0.925893	22	0	0	0	64	0	0	0	0	0.099229	0.0	0.0	0.0	0.457141	0.0	0.0	0.0	0.0	0.008935	0.0	0.0	0.0	950.006	0.0	0.0	0.0	0.0	0.000406	0.0	0.0	0.0	14.8438	0.0	0.0	0.0	0.0	0	0	0	0	34	0	0	0	0	1	0	0	0	5	0	0	0	0	8	0	0	0	25	0	0	0	0	1	0	0	0	0	0	0	0	0	1	0	0	0	0	0	0	0	0	11	0	0	0	0	0	0	0	0	0.099229	0.0	0.0	0.0	0.457141	0.0	0.0	0.0	0.0	0.178351	0.0	0.0	0.0	0.821649	0.0	0.0	0.0	0.0	
67	91	1076.681113021	4150.722	4150.722	12.7306	0.924455	22	0	0	0	65	0	0	0	0	0.099229	0.0	0.0	0.0	0.429322	0.0	0.0	0.0	0.0	0.008935	0.0	0.0	0.0	955.4	0.0	0.0	0.0	0.0	0.000406	0.0	0.0	0.0	14.6985	0.0	0.0	0.0	0.0	0	0	0	0	34	0	0	0	0	1	0	0	0	5	0	0	0	0	8	0	0	0	26	0	0	0	0	1	0	0	0	0	0	0	0	0	1	0	0	0	0	0	0	0	0	11	0	0	0	0	0	0	0	0	0.099229	0.0	0.0	0.0	0.429322	0.0	0.0	0.0	0.0	0.187737	0.0	0.0	0.0	0.812263	0.0	0.0	0.0	0.0	
68	92	1079.197752471	4150.722	4150.722	12.5992	0.923698	22	0	0	0	66	0	0	0	0	0.099229	0.0	0.0	0.0	0.402895	0.0	0.0	0.0	0.0	0.008935	0.0	0.0	0.0	957.917	0.0	0.0	0.0	0.0	0.000406	0.0	0.0	0.0	14.5139	0.0	0.0	0.0	0.0	0	0	0	0	34	0	0	0	0	1	0	0	0	5	0	0	0	0	8	0	0	0	27	0	0	0	0	1	0	0	0	0	0	0	0	0	1	0	0	0	0	0	0	0	0	11	0	0	0	0	0	0	0	0	0.099229	0.0	0.0	0.0	0.402895	0.0	0.0	0.0	0.0	0.197618	0.0	0.0	0.0	0.802382	0.0	0.0	0.0	0.0	
69	94	1086.179890508	4150.722	4150.722	12.5383	0.923342	23	0	0	0	67	0	0	0	0	0.089306	0.0	0.0	0.0	0.378285	0.0	0.0	0.0	0.0	0.009152	0.0	0.0	0.0	964.898	0.0	0.0	0.0	0.0	0.000398	0.0	0.0	0.0	14.4015	0.0	0.0	0.0	0.0	0	0	0	0	34	0	0	0	0	1	0	0	0	5	0	0	0	0	8	0	0	0	28	0	0	0	0	1	0	0	0	0	0	0	0	0	1	0	0	0	0	0	0	0	0	12	0	0	0	0	0	0	0	0	0.089306	0.0	0.0	0.0	0.378285	0.0	0.0	0.0	0.0	0.190992	0.0	0.0	0.0	0.809008	0.0	0.0	0.0	0.0	
70	95	1102.394101787	4148.722	4148.722	12.371	0.922347	23	0	0	0	68	0	0	0	0	0.089306	0.0	0.0	0.0	0.416709	0.0	0.0	0.0	0.0	0.009152	0.0	0.0	0.0	981.113	0.0	0.0	0.0	0.0	0.000398	0.0	0.0	0.0	14.4281	0.0	0.0	0.0	0.0	0	0	0	0	35	0	0	0	0	1	0	0	0	5	0	0	0	0	8	0	0	0	28	0	0	0	0	1	0	0	0	0	0	0	0	0	1	0	0	0	0	0	0	0	0	12	0	0	0	0	0	0	0	0	0.089306	0.0	0.0	0.0	0.416709	0.0	0.0	0.0	0.0	0.176489	0.0	0.0	0.0	0.823511	0.0	0.0	0.0	0.0	
71	96	1111.502260007	4148.722	4148.722	11.9911	0.919987	23	0	0	0	69	0	0	0	0	0.089306	0.0	0.0	0.0	0.391409	0.0	0.0	0.0	0.0	0.009152	0.0	0.0	0.0	990.221	0.0	0.0	0.0	0.0	0.000398	0.0	0.0	0.0	14.351	0.0	0.0	0.0	0.0	0	0	0	0	35	0	0	0	0	1	0	0	0	5	0	0	0	0	8	0	0	0	29	0	0	0	0	1	0	0	0	0	0	0	0	0	1	0	0	0	0	0	0	0	0	12	0	0	0	0	0	0	0	0	0.089306	0.0	0.0	0.0	0.391409	0.0	0.0	0.0	0.0	0.185778	0.0	0.0	0.0	0.814222	0.0	0.0	0.0	0.0	
72	97	1117.608315204	4148.722	4148.722	11.7828	0.918632	23	0	0	0	70	0	0	0	0	0.089306	0.0	0.0	0.0	0.367373	0.0	0.0	0.0	0.0	0.009152	0.0	0.0	0.0	996.327	0.0	0.0	0.0	0.0	0.000398	0.0	0.0	0.0	14.2332	0.0	0.0	0.0	0.0	0	0	0	0	35	0	0	0	0	1	0	0	0	5	0	0	0	0	8	0	0	0	30	0	0	0	0	1	0	0	0	0	0	0	0	0	1	0	0	0	0	0	0	0	0	12	0	0	0	0	0	0	0	0	0.089306	0.0	0.0	0.0	0.367373	0.0	0.0	0.0	0.0	0.195555	0.0	0.0	0.0	0.804445	0.0	0.0	0.0	0.0	
73	98	1130.295995272	4123.722	4123.722	11.6451	0.917711	23	0	0	0	71	0	0	0	0	0.089306	0.0	0.0	0.0	0.406694	0.0	0.0	0.0	0.0	0.009152	0.0	0.0	0.0	1009.01	0.0	0.0	0.0	0.0	0.000398	0.0	0.0	0.0	14.2115	0.0	0.0	0.0	0.0	0	0	0	0	36	0	0	0	0	1	0	0	0	5	0	0	0	0	8	0	0	0	30	0	0	0	0	1	0	0	0	0	0	0	0	0	1	0	0	0	0	0	0	0	0	12	0	0	0	0	0	0	0	0	0.089306	0.0	0.0	0.0	0.406694	0.0	0.0	0.0	0.0	0.180053	0.0	0.0	0.0	0.819947	0.0	0.0	0.0	0.0	
74	99	1138.5978608	4123.722	4123.722	11.3643	0.915766	23	0	0	0	72	0	0	0	0	0.089306	0.0	0.0	0.0	0.381894	0.0	0.0	0.0	0.0	0.009152	0.0	0.0	0.0	1017.32	0.0	0.0	0.0	0.0	0.000398	0.0	0.0	0.0	14.1294	0.0	0.0	0.0	0.0	0	0	0	0	36	0	0	0	0	1	0	0	0	5	0	0	0	0	8	0	0	0	31	0	0	0	0	1	0	0	0	0	0	0	0	0	1	0	0	0	0	0	0	0	0	12	0	0	0	0	0	0	0	0	0.089306	0.0	0.0	0.0	0.381894	0.0	0.0	0.0	0.0	0.189529	0.0	0.0	0.0	0.810471	0.0	0.0	0.0	0.0	
75	100	1145.756966153	4123.722	4123.722	11.1842	0.914469	23	0	0	0	73	0	0	0	0	0.089306	0.0	0.0	0.0	0.358334	0.0	0.0	0.0	0.0	0.009152	0.0	0.0	0.0	1024.48	0.0	0.0	0.0	0.0	0.000398	0.0	0.0	0.0	14.0339	0.0	0.0	0.0	0.0	0	0	0	0	36	0	0	0	0	1	0	0	0	5	0	0	0	0	8	0	0	0	32	0	0	0	0	1	0	0	0	0	0	0	0	0	1	0	0	0	0	0	0	0	0	12	0	0	0	0	0	0	0	0	0.089306	0.0	0.0	0.0	0.358334	0.0	0.0	0.0	0.0	0.199504	0.0	0.0	0.0	0.800496	0.0	0.0	0.0	0.0	
76	102	1163.637668289	4123.722	4123.722	11.0312	0.913336	24	0	0	0	74	0	0	0	0	0.080375	0.0	0.0	0.0	0.336398	0.0	0.0	0.0	0.0	0.00942	0.0	0.0	0.0	1042.36	0.0	0.0	0.0	0.0	0.000393	0.0	0.0	0.0	14.0859	0.0	0.0	0.0	0.0	0	0	0	0	36	0	0	0	0	1	0	0	0	5	0	0	0	0	8	0	0	0	33	0	0	0	0	1	0	0	0	0	0	0	0	0	1	0	0	0	0	0	0	0	0	13	0	0	0	0	0	0	0	0	0.080375	0.0	0.0	0.0	0.336398	0.0	0.0	0.0	0.0	0.192851	0.0	0.0	0.0	0.807149	0.0	0.0	0.0	0.0	
77	103	1173.336598455	4123.722	4123.722	10.6582	0.910442	24	0	0	0	75	0	0	0	0	0.080375	0.0	0.0	0.0	0.315559	0.0	0.0	0.0	0.0	0.00942	0.0	0.0	0.0	1052.05	0.0	0.0	0.0	0.0	0.000393	0.0	0.0	0.0	14.0274	0.0	0.0	0.0	0.0	0	0	0	0	36	0	0	0	0	1	0	0	0	5	0	0	0	0	8	0	0	0	34	0	0	0	0	1	0	0	0	0	0	0	0	0	1	0	0	0	0	0	0	0	0	13	0	0	0	0	0	0	0	0	0.080375	0.0	0.0	0.0	0.315559	0.0	0.0	0.0	0.0	0.203002	0.0	0.0	0.0	0.796998	0.0	0.0	0.0	0.0	
78	104	1190.938178542	4117.722	4117.722	10.4611	0.908835	24	0	0	0	76	0	0	0	0	0.080375	0.0	0.0	0.0	0.358498	0.0	0.0	0.0	0.0	0.00942	0.0	0.0	0.0	1069.66	0.0	0.0	0.0	0.0	0.000393	0.0	0.0	0.0	14.0744	0.0	0.0	0.0	0.0	0	0	0	0	37	0	0	0	0	1	0	0	0	5	0	0	0	0	8	0	0	0	34	0	0	0	0	1	0	0	0	0	0	0	0	0	1	0	0	0	0	0	0	0	0	13	0	0	0	0	0	0	0	0	0.080375	0.0	0.0	0.0	0.358498	0.0	0.0	0.0	0.0	0.18314	0.0	0.0	0.0	0.81686	0.0	0.0	0.0	0.0	
79	105	1200.886232096	4117.722	4117.722	10.1128	0.905847	24	0	0	0	77	0	0	0	0	0.080375	0.0	0.0	0.0	0.336554	0.0	0.0	0.0	0.0	0.00942	0.0	0.0	0.0	1079.6	0.0	0.0	0.0	0.0	0.000393	0.0	0.0	0.0	14.0208	0.0	0.0	0.0	0.0	0	0	0	0	37	0	0	0	0	1	0	0	0	5	0	0	0	0	8	0	0	0	35	0	0	0	0	1	0	0	0	0	0	0	0	0	1	0	0	0	0	0	0	0	0	13	0	0	0	0	0	0	0	0	0.080375	0.0	0.0	0.0	0.336554	0.0	0.0	0.0	0.0	0.192779	0.0	0.0	0.0	0.807221	0.0	0.0	0.0	0.0	
80	106	1205.771701907	4117.722	4117.722	9.92108	0.904118	24	0	0	0	78	0	0	0	0	0.080375	0.0	0.0	0.0	0.315708	0.0	0.0	0.0	0.0	0.00942	0.0	0.0	0.0	1084.49	0.0	0.0	0.0	0.0	0.000393	0.0	0.0	0.0	13.9037	0.0	0.0	0.0	0.0	0	0	0	0	37	0	0	0	0	1	0	0	0	5	0	0	0	0	8	0	0	0	36	0	0	0	0	1	0	0	0	0	0	0	0	0	1	0	0	0	0	0	0	0	0	13	0	0	0	0	0	0	0	0	0.080375	0.0	0.0	0.0	0.315708	0.0	0.0	0.0	0.0	0.202925	0.0	0.0	0.0	0.797075	0.0	0.0	0.0	0.0	
81	107	1263.496197423	4117.722	4117.722	9.82827	0.903258	24	0	0	0	79	0	0	0	0	0.080375	0.0	0.0	0.0	0.295904	0.0	0.0	0.0	0.0	0.00942	0.0	0.0	0.0	1142.21	0.0	0.0	0.0	0.0	0.000393	0.0	0.0	0.0	14.4584	0.0	0.0	0.0	0.0	0	0	0	0	37	0	0	0	0	1	0	0	0	5	0	0	0	0	8	0	0	0	37	0	0	0	0	1	0	0	0	0	0	0	0	0	1	0	0	0	0	0	0	0	0	13	0	0	0	0	0	0	0	0	0.080375	0.0	0.0	0.0	0.295904	0.0	0.0	0.0	0.0	0.213606	0.0	0.0	0.0	0.786394	0.0	0.0	0.0	0.0	
82	108	1278.122961889	4117.722	4117.722	8.79515	0.892527	24	0	0	0	80	0	0	0	0	0.080375	0.0	0.0	0.0	0.27709	0.0	0.0	0.0	0.0	0.00942	0.0	0.0	0.0	1156.84	0.0	0.0	0.0	0.0	0.000393	0.0	0.0	0.0	14.4605	0.0	0.0	0.0	0.0	0	0	0	0	37	0	0	0	0	1	0	0	0	5	0	0	0	0	8	0	0	0	38	0	0	0	0	1	0	0	0	0	0	0	0	0	1	0	0	0	0	0	0	0	0	13	0	0	0	0	0	0	0	0	0.080375	0.0	0.0	0.0	0.27709	0.0	0.0	0.0	0.0	0.224848	0.0	0.0	0.0	0.775152	0.0	0.0	0.0	0.0	
83	110	1286.996004102	4117.722	4117.722	8.55108	0.889635	25	0	0	0	81	0	0	0	0	0.072338	0.0	0.0	0.0	0.259618	0.0	0.0	0.0	0.0	0.010001	0.0	0.0	0.0	1165.71	0.0	0.0	0.0	0.0	0.0004	0.0	0.0	0.0	14.3915	0.0	0.0	0.0	0.0	0	0	0	0	37	0	0	0	0	1	0	0	0	5	0	0	0	0	8	0	0	0	39	0	0	0	0	2	0	0	0	0	0	0	0	0	1	0	0	0	0	0	0	0	0	13	0	0	0	0	0	0	0	0	0.072338	0.0	0.0	0.0	0.259618	0.0	0.0	0.0	0.0	0.217914	0.0	0.0	0.0	0.782086	0.0	0.0	0.0	0.0	
84	112	1301.750135782	4117.722	4117.722	8.40634	0.887845	26	0	0	0	82	0	0	0	0	0.065104	0.0	0.0	0.0	0.243382	0.0	0.0	0.0	0.0	0.010368	0.0	0.0	0.0	1180.47	0.0	0.0	0.0	0.0	0.000399	0.0	0.0	0.0	14.3959	0.0	0.0	0.0	0.0	0	0	0	0	37	0	0	0	0	1	0	0	0	5	0	0	0	0	9	0	0	0	40	0	0	0	0	2	0	0	0	0	0	0	0	0	1	0	0	0	0	0	0	0	0	13	0	0	0	0	0	0	0	0	0.065104	0.0	0.0	0.0	0.243382	0.0	0.0	0.0	0.0	0.211044	0.0	0.0	0.0	0.788956	0.0	0.0	0.0	0.0	
85	113	1315.474093373	4117.222	4117.222	8.17107	0.884809	26	0	0	0	83	0	0	0	0	0.065104	0.0	0.0	0.0	0.291333	0.0	0.0	0.0	0.0	0.010368	0.0	0.0	0.0	1194.19	0.0	0.0	0.0	0.0	0.000399	0.0	0.0	0.0	14.3878	0.0	0.0	0.0	0.0	0	0	0	0	38	0	0	0	0	1	0	0	0	5	0	0	0	0	9	0	0	0	40	0	0	0	0	2	0	0	0	0	0	0	0	0	1	0	0	0	0	0	0	0	0	13	0	0	0	0	0	0	0	0	0.065104	0.0	0.0	0.0	0.291333	0.0	0.0	0.0	0.0	0.182652	0.0	0.0	0.0	0.817348	0.0	0.0	0.0	0.0	
86	114	1388.670684196	4117.222	4117.222	7.95814	0.881917	26	0	0	0	84	0	0	0	0	0.065104	0.0	0.0	0.0	0.273511	0.0	0.0	0.0	0.0	0.010368	0.0	0.0	0.0	1267.39	0.0	0.0	0.0	0.0	0.000399	0.0	0.0	0.0	15.0879	0.0	0.0	0.0	0.0	0	0	0	0	38	0	0	0	0	1	0	0	0	5	0	0	0	0	9	0	0	0	41	0	0	0	0	2	0	0	0	0	0	0	0	0	1	0	0	0	0	0	0	0	0	13	0	0	0	0	0	0	0	0	0.065104	0.0	0.0	0.0	0.273511	0.0	0.0	0.0	0.0	0.192266	0.0	0.0	0.0	0.807734	0.0	0.0	0.0	0.0	
87	116	1568.834721667	4108.917	4108.917	6.91272	0.865316	27	0	0	0	85	0	0	0	0	0.058594	0.0	0.0	0.0	0.317617	0.0	0.0	0.0	0.0	0.010855	0.0	0.0	0.0	1447.55	0.0	0.0	0.0	0.0	0.000402	0.0	0.0	0.0	17.03	0.0	0.0	0.0	0.0	0	0	0	0	39	0	0	0	0	1	0	0	0	5	0	0	0	0	9	0	0	0	41	0	0	0	0	3	0	0	0	0	0	0	0	0	1	0	0	0	0	0	0	0	0	13	0	0	0	0	0	0	0	0	0.058594	0.0	0.0	0.0	0.317617	0.0	0.0	0.0	0.0	0.155747	0.0	0.0	0.0	0.844253	0.0	0.0	0.0	0.0	
88	117	1572.436382459	4108.917	4108.917	4.88773	0.814978	27	0	0	0	86	0	0	0	0	0.058594	0.0	0.0	0.0	0.298807	0.0	0.0	0.0	0.0	0.010855	0.0	0.0	0.0	1451.15	0.0	0.0	0.0	0.0	0.000402	0.0	0.0	0.0	16.8739	0.0	0.0	0.0	0.0	0	0	0	0	39	0	0	0	0	1	0	0	0	5	0	0	0	0	9	0	0	0	42	0	0	0	0	3	0	0	0	0	0	0	0	0	1	0	0	0	0	0	0	0	0	13	0	0	0	0	0	0	0	0	0.058594	0.0	0.0	0.0	0.298807	0.0	0.0	0.0	0.0	0.163944	0.0	0.0	0.0	0.836056	0.0	0.0	0.0	0.0	
89	118	1580.210774945	4107.917	4107.917	4.85398	0.81382	27	0	0	0	87	0	0	0	0	0.058594	0.0	0.0	0.0	0.340741	0.0	0.0	0.0	0.0	0.010855	0.0	0.0	0.0	1458.93	0.0	0.0	0.0	0.0	0.000402	0.0	0.0	0.0	16.7693	0.0	0.0	0.0	0.0	0	0	0	0	40	0	0	0	0	1	0	0	0	5	0	0	0	0	9	0	0	0	42	0	0	0	0	3	0	0	0	0	0	0	0	0	1	0	0	0	0	0	0	0	0	13	0	0	0	0	0	0	0	0	0.058594	0.0	0.0	0.0	0.340741	0.0	0.0	0.0	0.0	0.146728	0.0	0.0	0.0	0.853272	0.0	0.0	0.0	0.0	
90	119	1584.005507812	4107.917	4107.917	4.78191	0.811297	27	0	0	0	88	0	0	0	0	0.058594	0.0	0.0	0.0	0.320774	0.0	0.0	0.0	0.0	0.010855	0.0	0.0	0.0	1462.72	0.0	0.0	0.0	0.0	0.000402	0.0	0.0	0.0	16.6218	0.0	0.0	0.0	0.0	0	0	0	0	40	0	0	0	0	1	0	0	0	5	0	0	0	0	9	0	0	0	43	0	0	0	0	3	0	0	0	0	0	0	0	0	1	0	0	0	0	0	0	0	0	13	0	0	0	0	0	0	0	0	0.058594	0.0	0.0	0.0	0.320774	0.0	0.0	0.0	0.0	0.154451	0.0	0.0	0.0	0.845549	0.0	0.0	0.0	0.0	
91	121	1589.294547196	4107.917	4107.917	4.74713	0.810054	28	0	0	0	89	0	0	0	0	0.052734	0.0	0.0	0.0	0.302099	0.0	0.0	0.0	0.0	0.011108	0.0	0.0	0.0	1468.01	0.0	0.0	0.0	0.0	0.000397	0.0	0.0	0.0	16.4945	0.0	0.0	0.0	0.0	0	0	0	0	40	0	0	0	0	1	0	0	0	5	0	0	0	0	9	0	0	0	44	0	0	0	0	3	0	0	0	0	0	0	0	0	1	0	0	0	0	0	0	0	0	14	0	0	0	0	0	0	0	0	0.052734	0.0	0.0	0.0	0.302099	0.0	0.0	0.0	0.0	0.148617	0.0	0.0	0.0	0.851383	0.0	0.0	0.0	0.0	
92	122	1607.882308081	4107.917	4107.917	4.69907	0.808311	28	0	0	0	90	0	0	0	0	0.052734	0.0	0.0	0.0	0.284357	0.0	0.0	0.0	0.0	0.011108	0.0	0.0	0.0	1486.6	0.0	0.0	0.0	0.0	0.000397	0.0	0.0	0.0	16.5178	0.0	0.0	0.0	0.0	0	0	0	0	40	0	0	0	0	1	0	0	0	5	0	0	0	0	9	0	0	0	45	0	0	0	0	3	0	0	0	0	0	0	0	0	1	0	0	0	0	0	0	0	0	14	0	0	0	0	0	0	0	0	0.052734	0.0	0.0	0.0	0.284357	0.0	0.0	0.0	0.0	0.156439	0.0	0.0	0.0	0.843561	0.0	0.0	0.0	0.0	
93	123	1625.819401713	4107.917	4107.917	4.53398	0.802072	28	0	0	0	91	0	0	0	0	0.052734	0.0	0.0	0.0	0.267503	0.0	0.0	0.0	0.0	0.011108	0.0	0.0	0.0	1504.54	0.0	0.0	0.0	0.0	0.000397	0.0	0.0	0.0	16.5334	0.0	0.0	0.0	0.0	0	0	0	0	40	0	0	0	0	1	0	0	0	5	0	0	0	0	9	0	0	0	46	0	0	0	0	3	0	0	0	0	0	0	0	0	1	0	0	0	0	0	0	0	0	14	0	0	0	0	0	0	0	0	0.052734	0.0	0.0	0.0	0.267503	0.0	0.0	0.0	0.0	0.164673	0.0	0.0	0.0	0.835327	0.0	0.0	0.0	0.0	
94	124	1628.817406302	4107.917	4107.917	4.38018	0.795885	28	0	0	0	92	0	0	0	0	0.052734	0.0	0.0	0.0	0.251491	0.0	0.0	0.0	0.0	0.011108	0.0	0.0	0.0	1507.53	0.0	0.0	0.0	0.0	0.000397	0.0	0.0	0.0	16.3862	0.0	0.0	0.0	0.0	0	0	0	0	40	0	0	0	0	1	0	0	0	5	0	0	0	0	9	0	0	0	47	0	0	0	0	3	0	0	0	0	0	0	0	0	1	0	0	0	0	0	0	0	0	14	0	0	0	0	0	0	0	0	0.052734	0.0	0.0	0.0	0.251491	0.0	0.0	0.0	0.0	0.17334	0.0	0.0	0.0	0.82666	0.0	0.0	0.0	0.0	
95	125	1631.969254975	4101.917	4101.917	4.35499	0.794834	28	0	0	0	93	0	0	0	0	0.052734	0.0	0.0	0.0	0.296764	0.0	0.0	0.0	0.0	0.011108	0.0	0.0	0.0	1510.69	0.0	0.0	0.0	0.0	0.000397	0.0	0.0	0.0	16.2439	0.0	0.0	0.0	0.0	0	0	0	0	41	0	0	0	0	1	0	0	0	5	0	0	0	0	9	0	0	0	47	0	0	0	0	3	0	0	0	0	0	0	0	0	1	0	0	0	0	0	0	0	0	14	0	0	0	0	0	0	0	0	0.052734	0.0	0.0	0.0	0.296764	0.0	0.0	0.0	0.0	0.150886	0.0	0.0	0.0	0.849114	0.0	0.0	0.0	0.0	
96	126	1654.849298641	4076.306	4076.306	4.32866	0.793725	28	0	0	0	94	0	0	0	0	0.052734	0.0	0.0	0.0	0.338174	0.0	0.0	0.0	0.0	0.011108	0.0	0.0	0.0	1533.57	0.0	0.0	0.0	0.0	0.000397	0.0	0.0	0.0	16.3145	0.0	0.0	0.0	0.0	0	0	0	0	42	0	0	0	0	1	0	0	0	5	0	0	0	0	9	0	0	0	47	0	0	0	0	3	0	0	0	0	0	0	0	0	1	0	0	0	0	0	0	0	0	14	0	0	0	0	0	0	0	0	0.052734	0.0	0.0	0.0	0.338174	0.0	0.0	0.0	0.0	0.134902	0.0	0.0	0.0	0.865098	0.0	0.0	0.0	0.0	
97	127	1664.646164517	4076.306	4076.306	4.14224	0.785515	28	0	0	0	95	0	0	0	0	0.052734	0.0	0.0	0.0	0.318629	0.0	0.0	0.0	0.0	0.011108	0.0	0.0	0.0	1543.36	0.0	0.0	0.0	0.0	0.000397	0.0	0.0	0.0	16.2459	0.0	0.0	0.0	0.0	0	0	0	0	42	0	0	0	0	1	0	0	0	5	0	0	0	0	9	0	0	0	48	0	0	0	0	3	0	0	0	0	0	0	0	0	1	0	0	0	0	0	0	0	0	14	0	0	0	0	0	0	0	0	0.052734	0.0	0.0	0.0	0.318629	0.0	0.0	0.0	0.0	0.142002	0.0	0.0	0.0	0.857998	0.0	0.0	0.0	0.0	
98	128	1691.034758841	4064.306	4064.306	4.06489	0.781915	28	0	0	0	96	0	0	0	0	0.052734	0.0	0.0	0.0	0.358336	0.0	0.0	0.0	0.0	0.011108	0.0	0.0	0.0	1569.75	0.0	0.0	0.0	0.0	0.000397	0.0	0.0	0.0	16.3516	0.0	0.0	0.0	0.0	0	0	0	0	43	0	0	0	0	1	0	0	0	5	0	0	0	0	9	0	0	0	48	0	0	0	0	3	0	0	0	0	0	0	0	0	1	0	0	0	0	0	0	0	0	14	0	0	0	0	0	0	0	0	0.052734	0.0	0.0	0.0	0.358336	0.0	0.0	0.0	0.0	0.128285	0.0	0.0	0.0	0.871715	0.0	0.0	0.0	0.0	
99	129	1711.09174873	4064.306	4064.306	3.86366	0.771961	28	0	0	0	97	0	0	0	0	0.052734	0.0	0.0	0.0	0.337782	0.0	0.0	0.0	0.0	0.011108	0.0	0.0	0.0	1589.81	0.0	0.0	0.0	0.0	0.000397	0.0	0.0	0.0	16.3898	0.0	0.0	0.0	0.0	0	0	0	0	43	0	0	0	0	1	0	0	0	5	0	0	0	0	9	0	0	0	49	0	0	0	0	3	0	0	0	0	0	0	0	0	1	0	0	0	0	0	0	0	0	14	0	0	0	0	0	0	0	0	0.052734	0.0	0.0	0.0	0.337782	0.0	0.0	0.0	0.0	0.135037	0.0	0.0	0.0	0.864963	0.0	0.0	0.0	0.0	
100	130	1745.236823033	4051.861	4051.861	3.7174	0.76414	28	0	0	0	98	0	0	0	0	0.052734	0.0	0.0	0.0	0.376062	0.0	0.0	0.0	0.0	0.011108	0.0	0.0	0.0	1623.95	0.0	0.0	0.0	0.0	0.000397	0.0	0.0	0.0	16.5709	0.0	0.0	0.0	0.0	0	0	0	0	44	0	0	0	0	1	0	0	0	5	0	0	0	0	9	0	0	0	49	0	0	0	0	3	0	0	0	0	0	0	0	0	1	0	0	0	0	0	0	0	0	14	0	0	0	0	0	0	0	0	0.052734	0.0	0.0	0.0	0.376062	0.0	0.0	0.0	0.0	0.122982	0.0	0.0	0.0	0.877018	0.0	0.0	0.0	0.0	
101	132	1749.473317189	4051.857666666667	4051.861	3.48103	0.750308	29	0	0	0	99	0	0	0	0	0.147461	0.0	0.0	0.0	0.349886	0.0	0.0	0.0	0.0	0.011666	0.0	0.0	0.0	1628.19	0.0	0.0	0.0	0.0	0.000402	0.0	0.0	0.0	16.4464	0.0	0.0	0.0	0.0	1	0	0	0	44	0	0	0	0	1	0	0	0	5	0	0	0	0	9	0	0	0	50	0	0	0	0	3	0	0	0	0	0	0	0	0	1	0	0	0	0	0	0	0	0	14	0	0	0	0	0	0	0	0	0.147461	0.0	0.0	0.0	0.349886	0.0	0.0	0.0	0.0	0.296495	0.0	0.0	0.0	0.703505	0.0	0.0	0.0	0.0	
102	133	1752.372373841	4051.857666666667	4051.861	3.45278	0.748547	29	0	0	0	100	0	0	0	0	0.147461	0.0	0.0	0.0	0.325019	0.0	0.0	0.0	0.0	0.011666	0.0	0.0	0.0	1631.09	0.0	0.0	0.0	0.0	0.000402	0.0	0.0	0.0	16.3109	0.0	0.0	0.0	0.0	1	0	0	0	44	0	0	0	0	1	0	0	0	5	0	0	0	0	9	0	0	0	51	0	0	0	0	3	0	0	0	0	0	0	0	0	1	0	0	0	0	0	0	0	0	14	0	0	0	0	0	0	0	0	0.147461	0.0	0.0	0.0	0.325019	0.0	0.0	0.0	0.0	0.3121	0.0	0.0	0.0	0.6879	0.0	0.0	0.0	0.0	
103	134	1768.937667504	4051.857666666667	4051.861	3.43357	0.747335	29	0	0	0	101	0	0	0	0	0.147461	0.0	0.0	0.0	0.301395	0.0	0.0	0.0	0.0	0.011666	0.0	0.0	0.0	1647.65	0.0	0.0	0.0	0.0	0.000402	0.0	0.0	0.0	16.3134	0.0	0.0	0.0	0.0	1	0	0	0	44	0	0	0	0	1	0	0	0	5	0	0	0	0	9	0	0	0	52	0	0	0	0	3	0	0	0	0	0	0	0	0	1	0	0	0	0	0	0	0	0	14	0	0	0	0	0	0	0	0	0.147461	0.0	0.0	0.0	0.301395	0.0	0.0	0.0	0.0	0.328526	0.0	0.0	0.0	0.671474	0.0	0.0	0.0	0.0	
104	136	1779.231196092	4051.857666666667	4051.861	3.32586	0.740319	30	0	0	0	102	0	0	0	0	0.132715	0.0	0.0	0.0	0.279689	0.0	0.0	0.0	0.0	0.012172	0.0	0.0	0.0	1657.95	0.0	0.0	0.0	0.0	0.000406	0.0	0.0	0.0	16.2544	0.0	0.0	0.0	0.0	1	0	0	0	44	0	0	0	0	1	0	0	0	5	0	0	0	0	9	0	0	0	53	0	0	0	0	4	0	0	0	0	0	0	0	0	1	0	0	0	0	0	0	0	0	14	0	0	0	0	0	0	0	0	0.132715	0.0	0.0	0.0	0.279689	0.0	0.0	0.0	0.0	0.321808	0.0	0.0	0.0	0.678192	0.0	0.0	0.0	0.0	
105	138	1788.717334412	4051.857666666667	4051.861	3.26064	0.73588	31	0	0	0	103	0	0	0	0	0.119443	0.0	0.0	0.0	0.259733	0.0	0.0	0.0	0.0	0.012414	0.0	0.0	0.0	1667.43	0.0	0.0	0.0	0.0	0.0004	0.0	0.0	0.0	16.1887	0.0	0.0	0.0	0.0	1	0	0	0	44	0	0	0	0	1	0	0	0	5	0	0	0	0	9	0	0	0	54	0	0	0	0	4	0	0	0	0	0	0	0	0	1	0	0	0	0	0	0	0	0	15	0	0	0	0	0	0	0	0	0.119443	0.0	0.0	0.0	0.259733	0.0	0.0	0.0	0.0	0.315008	0.0	0.0	0.0	0.684992	0.0	0.0	0.0	0.0	
106	139	1793.154923238	4044.361	4044.361	3.20167	0.731735	31	0	0	0	104	0	0	0	0	0.119443	0.0	0.0	0.0	0.313767	0.0	0.0	0.0	0.0	0.012414	0.0	0.0	0.0	1671.87	0.0	0.0	0.0	0.0	0.0004	0.0	0.0	0.0	16.0757	0.0	0.0	0.0	0.0	1	0	0	0	45	0	0	0	0	1	0	0	0	5	0	0	0	0	9	0	0	0	54	0	0	0	0	4	0	0	0	0	0	0	0	0	1	0	0	0	0	0	0	0	0	15	0	0	0	0	0	0	0	0	0.119443	0.0	0.0	0.0	0.313767	0.0	0.0	0.0	0.0	0.275716	0.0	0.0	0.0	0.724284	0.0	0.0	0.0	0.0	
107	141	1808.305373898	4044.361	4044.361	3.17445	0.729778	32	0	0	0	105	0	0	0	0	0.107499	0.0	0.0	0.0	0.292704	0.0	0.0	0.0	0.0	0.01262	0.0	0.0	0.0	1687.02	0.0	0.0	0.0	0.0	0.000394	0.0	0.0	0.0	16.0669	0.0	0.0	0.0	0.0	1	0	0	0	45	0	0	0	0	1	0	0	0	5	0	0	0	0	9	0	0	0	55	0	0	0	0	4	0	0	0	0	0	0	0	0	1	0	0	0	0	0	0	0	0	16	0	0	0	0	0	0	0	0	0.107499	0.0	0.0	0.0	0.292704	0.0	0.0	0.0	0.0	0.268611	0.0	0.0	0.0	0.731389	0.0	0.0	0.0	0.0	
108	142	1811.236223098	4044.361	4044.361	3.08326	0.72301	32	0	0	0	106	0	0	0	0	0.107499	0.0	0.0	0.0	0.272694	0.0	0.0	0.0	0.0	0.01262	0.0	0.0	0.0	1689.95	0.0	0.0	0.0	0.0	0.000394	0.0	0.0	0.0	15.9429	0.0	0.0	0.0	0.0	1	0	0	0	45	0	0	0	0	1	0	0	0	5	0	0	0	0	9	0	0	0	56	0	0	0	0	4	0	0	0	0	0	0	0	0	1	0	0	0	0	0	0	0	0	16	0	0	0	0	0	0	0	0	0.107499	0.0	0.0	0.0	0.272694	0.0	0.0	0.0	0.0	0.282749	0.0	0.0	0.0	0.717251	0.0	0.0	0.0	0.0	
109	143	1820.845714256	4044.361	4044.361	3.06592	0.721685	32	0	0	0	107	0	0	0	0	0.107499	0.0	0.0	0.0	0.253684	0.0	0.0	0.0	0.0	0.01262	0.0	0.0	0.0	1699.56	0.0	0.0	0.0	0.0	0.000394	0.0	0.0	0.0	15.8837	0.0	0.0	0.0	0.0	1	0	0	0	45	0	0	0	0	1	0	0	0	5	0	0	0	0	9	0	0	0	57	0	0	0	0	4	0	0	0	0	0	0	0	0	1	0	0	0	0	0	0	0	0	16	0	0	0	0	0	0	0	0	0.107499	0.0	0.0	0.0	0.253684	0.0	0.0	0.0	0.0	0.29763	0.0	0.0	0.0	0.70237	0.0	0.0	0.0	0.0	
110	144	1825.095390184	4044.361	4044.361	3.00976	0.717306	32	0	0	0	108	0	0	0	0	0.107499	0.0	0.0	0.0	0.235625	0.0	0.0	0.0	0.0	0.01262	0.0	0.0	0.0	1703.81	0.0	0.0	0.0	0.0	0.000394	0.0	0.0	0.0	15.776	0.0	0.0	0.0	0.0	1	0	0	0	45	0	0	0	0	1	0	0	0	5	0	0	0	0	9	0	0	0	58	0	0	0	0	4	0	0	0	0	0	0	0	0	1	0	0	0	0	0	0	0	0	16	0	0	0	0	0	0	0	0	0.107499	0.0	0.0	0.0	0.235625	0.0	0.0	0.0	0.0	0.313295	0.0	0.0	0.0	0.686705	0.0	0.0	0.0	0.0	
111	145	1828.435214704	4044.361	4044.361	2.98525	0.715352	32	0	0	0	109	0	0	0	0	0.107499	0.0	0.0	0.0	0.218469	0.0	0.0	0.0	0.0	0.01262	0.0	0.0	0.0	1707.15	0.0	0.0	0.0	0.0	0.000394	0.0	0.0	0.0	15.6619	0.0	0.0	0.0	0.0	1	0	0	0	45	0	0	0	0	1	0	0	0	5	0	0	0	0	9	0	0	0	59	0	0	0	0	4	0	0	0	0	0	0	0	0	1	0	0	0	0	0	0	0	0	16	0	0	0	0	0	0	0	0	0.107499	0.0	0.0	0.0	0.218469	0.0	0.0	0.0	0.0	0.329784	0.0	0.0	0.0	0.670216	0.0	0.0	0.0	0.0	
112	146	1838.501640042	4044.361	4044.361	2.96613	0.713809	32	0	0	0	110	0	0	0	0	0.107499	0.0	0.0	0.0	0.202171	0.0	0.0	0.0	0.0	0.01262	0.0	0.0	0.0	1717.22	0.0	0.0	0.0	0.0	0.000394	0.0	0.0	0.0	15.6111	0.0	0.0	0.0	0.0	1	0	0	0	45	0	0	0	0	1	0	0	0	5	0	0	0	0	9	0	0	0	60	0	0	0	0	4	0	0	0	0	0	0	0	0	1	0	0	0	0	0	0	0	0	16	0	0	0	0	0	0	0	0	0.107499	0.0	0.0	0.0	0.202171	0.0	0.0	0.0	0.0	0.347141	0.0	0.0	0.0	0.652859	0.0	0.0	0.0	0.0	
113	148	1844.65630962	4032.361	4032.361	2.90923	0.709118	33	0	0	0	111	0	0	0	0	0.096749	0.0	0.0	0.0	0.261152	0.0	0.0	0.0	0.0	0.01315	0.0	0.0	0.0	1723.37	0.0	0.0	0.0	0.0	0.000398	0.0	0.0	0.0	15.5259	0.0	0.0	0.0	0.0	1	0	0	0	46	0	0	0	0	1	0	0	0	5	0	0	0	0	9	0	0	0	60	0	0	0	0	5	0	0	0	0	0	0	0	0	1	0	0	0	0	0	0	0	0	16	0	0	0	0	0	0	0	0	0.096749	0.0	0.0	0.0	0.261152	0.0	0.0	0.0	0.0	0.270323	0.0	0.0	0.0	0.729677	0.0	0.0	0.0	0.0	
114	150	1853.984928912	4032.361	4032.361	2.87498	0.70622	34	0	0	0	112	0	0	0	0	0.087074	0.0	0.0	0.0	0.243741	0.0	0.0	0.0	0.0	0.013727	0.0	0.0	0.0	1732.7	0.0	0.0	0.0	0.0	0.000404	0.0	0.0	0.0	15.4705	0.0	0.0	0.0	0.0	1	0	0	0	46	0	0	0	0	1	0	0	0	5	0	0	0	0	9	0	0	0	61	0	0	0	0	6	0	0	0	0	0	0	0	0	1	0	0	0	0	0	0	0	0	16	0	0	0	0	0	0	0	0	0.087074	0.0	0.0	0.0	0.243741	0.0	0.0	0.0	0.0	0.263211	0.0	0.0	0.0	0.736789	0.0	0.0	0.0	0.0	
115	151	1858.419991692	4032.361	4032.361	2.82384	0.701786	34	0	0	0	113	0	0	0	0	0.087074	0.0	0.0	0.0	0.2272	0.0	0.0	0.0	0.0	0.013727	0.0	0.0	0.0	1737.13	0.0	0.0	0.0	0.0	0.000404	0.0	0.0	0.0	15.3729	0.0	0.0	0.0	0.0	1	0	0	0	46	0	0	0	0	1	0	0	0	5	0	0	0	0	9	0	0	0	62	0	0	0	0	6	0	0	0	0	0	0	0	0	1	0	0	0	0	0	0	0	0	16	0	0	0	0	0	0	0	0	0.087074	0.0	0.0	0.0	0.2272	0.0	0.0	0.0	0.0	0.277064	0.0	0.0	0.0	0.722936	0.0	0.0	0.0	0.0	
116	152	1874.806556465	3993.528	3993.528	2.79985	0.699659	34	0	0	0	114	0	0	0	0	0.087074	0.0	0.0	0.0	0.280649	0.0	0.0	0.0	0.0	0.013727	0.0	0.0	0.0	1753.52	0.0	0.0	0.0	0.0	0.000404	0.0	0.0	0.0	15.3818	0.0	0.0	0.0	0.0	1	0	0	0	47	0	0	0	0	1	0	0	0	5	0	0	0	0	9	0	0	0	62	0	0	0	0	6	0	0	0	0	0	0	0	0	1	0	0	0	0	0	0	0	0	16	0	0	0	0	0	0	0	0	0.087074	0.0	0.0	0.0	0.280649	0.0	0.0	0.0	0.0	0.236793	0.0	0.0	0.0	0.763207	0.0	0.0	0.0	0.0	
117	153	1885.166015528	3993.528	3993.528	2.71295	0.691701	34	0	0	0	115	0	0	0	0	0.087074	0.0	0.0	0.0	0.262263	0.0	0.0	0.0	0.0	0.013727	0.0	0.0	0.0	1763.88	0.0	0.0	0.0	0.0	0.000404	0.0	0.0	0.0	15.3381	0.0	0.0	0.0	0.0	1	0	0	0	47	0	0	0	0	1	0	0	0	5	0	0	0	0	9	0	0	0	63	0	0	0	0	6	0	0	0	0	0	0	0	0	1	0	0	0	0	0	0	0	0	16	0	0	0	0	0	0	0	0	0.087074	0.0	0.0	0.0	0.262263	0.0	0.0	0.0	0.0	0.249256	0.0	0.0	0.0	0.750744	0.0	0.0	0.0	0.0	
118	154	1892.524969889	3993.528	3993.528	2.65942	0.686587	34	0	0	0	116	0	0	0	0	0.087074	0.0	0.0	0.0	0.244796	0.0	0.0	0.0	0.0	0.013727	0.0	0.0	0.0	1771.24	0.0	0.0	0.0	0.0	0.000404	0.0	0.0	0.0	15.2693	0.0	0.0	0.0	0.0	1	0	0	0	47	0	0	0	0	1	0	0	0	5	0	0	0	0	9	0	0	0	64	0	0	0	0	6	0	0	0	0	0	0	0	0	1	0	0	0	0	0	0	0	0	16	0	0	0	0	0	0	0	0	0.087074	0.0	0.0	0.0	0.244796	0.0	0.0	0.0	0.0	0.262374	0.0	0.0	0.0	0.737626	0.0	0.0	0.0	0.0	
119	155	1894.904089623	3993.528	3993.528	2.62203	0.682915	34	0	0	0	117	0	0	0	0	0.087074	0.0	0.0	0.0	0.228202	0.0	0.0	0.0	0.0	0.013727	0.0	0.0	0.0	1773.62	0.0	0.0	0.0	0.0	0.000404	0.0	0.0	0.0	15.1591	0.0	0.0	0.0	0.0	1	0	0	0	47	0	0	0	0	1	0	0	0	5	0	0	0	0	9	0	0	0	65	0	0	0	0	6	0	0	0	0	0	0	0	0	1	0	0	0	0	0	0	0	0	16	0	0	0	0	0	0	0	0	0.087074	0.0	0.0	0.0	0.228202	0.0	0.0	0.0	0.0	0.276184	0.0	0.0	0.0	0.723816	0.0	0.0	0.0	0.0	
120	156	1899.21442498	3993.528	3993.528	2.61005	0.681721	34	0	0	0	118	0	0	0	0	0.087074	0.0	0.0	0.0	0.212438	0.0	0.0	0.0	0.0	0.013727	0.0	0.0	0.0	1777.93	0.0	0.0	0.0	0.0	0.000404	0.0	0.0	0.0	15.0672	0.0	0.0	0.0	0.0	1	0	0	0	47	0	0	0	0	1	0	0	0	5	0	0	0	0	9	0	0	0	66	0	0	0	0	6	0	0	0	0	0	0	0	0	1	0	0	0	0	0	0	0	0	16	0	0	0	0	0	0	0	0	0.087074	0.0	0.0	0.0	0.212438	0.0	0.0	0.0	0.0	0.290719	0.0	0.0	0.0	0.709281	0.0	0.0	0.0	0.0	
121	158	1901.601831261	3993.528	3993.528	2.5885	0.67955	35	0	0	0	119	0	0	0	0	0.078367	0.0	0.0	0.0	0.197898	0.0	0.0	0.0	0.0	0.013974	0.0	0.0	0.0	1780.31	0.0	0.0	0.0	0.0	0.000399	0.0	0.0	0.0	14.9606	0.0	0.0	0.0	0.0	1	0	0	0	47	0	0	0	0	1	0	0	0	5	0	0	0	0	9	0	0	0	67	0	0	0	0	6	0	0	0	0	0	0	0	0	1	0	0	0	0	0	0	0	0	17	0	0	0	0	0	0	0	0	0.078367	0.0	0.0	0.0	0.197898	0.0	0.0	0.0	0.0	0.283665	0.0	0.0	0.0	0.716335	0.0	0.0	0.0	0.0	
122	159	1904.709577412	3993.528	3993.528	2.57663	0.678342	35	0	0	0	120	0	0	0	0	0.078367	0.0	0.0	0.0	0.184085	0.0	0.0	0.0	0.0	0.013974	0.0	0.0	0.0	1783.42	0.0	0.0	0.0	0.0	0.000399	0.0	0.0	0.0	14.8619	0.0	0.0	0.0	0.0	1	0	0	0	47	0	0	0	0	1	0	0	0	5	0	0	0	0	9	0	0	0	68	0	0	0	0	6	0	0	0	0	0	0	0	0	1	0	0	0	0	0	0	0	0	17	0	0	0	0	0	0	0	0	0.078367	0.0	0.0	0.0	0.184085	0.0	0.0	0.0	0.0	0.298595	0.0	0.0	0.0	0.701405	0.0	0.0	0.0	0.0	
123	160	1909.662362306	3993.528	3993.528	2.56127	0.676765	35	0	0	0	121	0	0	0	0	0.078367	0.0	0.0	0.0	0.170962	0.0	0.0	0.0	0.0	0.013974	0.0	0.0	0.0	1788.38	0.0	0.0	0.0	0.0	0.000399	0.0	0.0	0.0	14.78	0.0	0.0	0.0	0.0	1	0	0	0	47	0	0	0	0	1	0	0	0	5	0	0	0	0	9	0	0	0	69	0	0	0	0	6	0	0	0	0	0	0	0	0	1	0	0	0	0	0	0	0	0	17	0	0	0	0	0	0	0	0	0.078367	0.0	0.0	0.0	0.170962	0.0	0.0	0.0	0.0	0.31431	0.0	0.0	0.0	0.68569	0.0	0.0	0.0	0.0	
124	161	1921.256845576	3993.528	3993.528	2.53698	0.67424	35	0	0	0	122	0	0	0	0	0.078367	0.0	0.0	0.0	0.158496	0.0	0.0	0.0	0.0	0.013974	0.0	0.0	0.0	1799.97	0.0	0.0	0.0	0.0	0.000399	0.0	0.0	0.0	14.7538	0.0	0.0	0.0	0.0	1	0	0	0	47	0	0	0	0	1	0	0	0	5	0	0	0	0	9	0	0	0	70	0	0	0	0	6	0	0	0	0	0	0	0	0	1	0	0	0	0	0	0	0	0	17	0	0	0	0	0	0	0	0	0.078367	0.0	0.0	0.0	0.158496	0.0	0.0	0.0	0.0	0.330853	0.0	0.0	0.0	0.669147	0.0	0.0	0.0	0.0	
125	162	1923.861333397	3993.528	3993.528	2.48101	0.668271	35	0	0	0	123	0	0	0	0	0.078367	0.0	0.0	0.0	0.146653	0.0	0.0	0.0	0.0	0.013974	0.0	0.0	0.0	1802.57	0.0	0.0	0.0	0.0	0.000399	0.0	0.0	0.0	14.6551	0.0	0.0	0.0	0.0	1	0	0	0	47	0	0	0	0	1	0	0	0	5	0	0	0	0	9	0	0	0	71	0	0	0	0	6	0	0	0	0	0	0	0	0	1	0	0	0	0	0	0	0	0	17	0	0	0	0	0	0	0	0	0.078367	0.0	0.0	0.0	0.146653	0.0	0.0	0.0	0.0	0.348266	0.0	0.0	0.0	0.651734	0.0	0.0	0.0	0.0	
126	163	1933.838842183	3993.528	3993.528	2.46861	0.66692	35	0	0	0	124	0	0	0	0	0.078367	0.0	0.0	0.0	0.135402	0.0	0.0	0.0	0.0	0.013974	0.0	0.0	0.0	1812.55	0.0	0.0	0.0	0.0	0.000399	0.0	0.0	0.0	14.6174	0.0	0.0	0.0	0.0	1	0	0	0	47	0	0	0	0	1	0	0	0	5	0	0	0	0	9	0	0	0	72	0	0	0	0	6	0	0	0	0	0	0	0	0	1	0	0	0	0	0	0	0	0	17	0	0	0	0	0	0	0	0	0.078367	0.0	0.0	0.0	0.135402	0.0	0.0	0.0	0.0	0.366596	0.0	0.0	0.0	0.633404	0.0	0.0	0.0	0.0	
127	164	1944.197169183	3989.028	3989.028	2.42168	0.661704	35	0	0	0	125	0	0	0	0	0.078367	0.0	0.0	0.0	0.203652	0.0	0.0	0.0	0.0	0.013974	0.0	0.0	0.0	1822.91	0.0	0.0	0.0	0.0	0.000399	0.0	0.0	0.0	14.5833	0.0	0.0	0.0	0.0	1	0	0	0	48	0	0	0	0	1	0	0	0	5	0	0	0	0	9	0	0	0	72	0	0	0	0	6	0	0	0	0	0	0	0	0	1	0	0	0	0	0	0	0	0	17	0	0	0	0	0	0	0	0	0.078367	0.0	0.0	0.0	0.203652	0.0	0.0	0.0	0.0	0.277878	0.0	0.0	0.0	0.722122	0.0	0.0	0.0	0.0	
128	166	1949.098669775	3989.028	3989.028	2.37389	0.656226	36	0	0	0	126	0	0	0	0	0.07053	0.0	0.0	0.0	0.189943	0.0	0.0	0.0	0.0	0.014238	0.0	0.0	0.0	1827.81	0.0	0.0	0.0	0.0	0.000395	0.0	0.0	0.0	14.5064	0.0	0.0	0.0	0.0	1	0	0	0	48	0	0	0	0	1	0	0	0	5	0	0	0	0	9	0	0	0	73	0	0	0	0	6	0	0	0	0	0	0	0	0	1	0	0	0	0	0	0	0	0	18	0	0	0	0	0	0	0	0	0.07053	0.0	0.0	0.0	0.189943	0.0	0.0	0.0	0.0	0.270777	0.0	0.0	0.0	0.729223	0.0	0.0	0.0	0.0	
129	167	1954.475000411	3989.028	3989.028	2.35161	0.653612	36	0	0	0	127	0	0	0	0	0.07053	0.0	0.0	0.0	0.176919	0.0	0.0	0.0	0.0	0.014238	0.0	0.0	0.0	1833.19	0.0	0.0	0.0	0.0	0.000395	0.0	0.0	0.0	14.4345	0.0	0.0	0.0	0.0	1	0	0	0	48	0	0	0	0	1	0	0	0	5	0	0	0	0	9	0	0	0	74	0	0	0	0	6	0	0	0	0	0	0	0	0	1	0	0	0	0	0	0	0	0	18	0	0	0	0	0	0	0	0	0.07053	0.0	0.0	0.0	0.176919	0.0	0.0	0.0	0.0	0.285028	0.0	0.0	0.0	0.714972	0.0	0.0	0.0	0.0	
130	169	1963.562327135	3989.0246666666667	3989.028	2.32741	0.650729	37	0	0	0	128	0	0	0	0	0.163477	0.0	0.0	0.0	0.159899	0.0	0.0	0.0	0.0	0.014748	0.0	0.0	0.0	1842.27	0.0	0.0	0.0	0.0	0.000399	0.0	0.0	0.0	14.3928	0.0	0.0	0.0	0.0	2	0	0	0	48	0	0	0	0	1	0	0	0	5	0	0	0	0	9	0	0	0	75	0	0	0	0	6	0	0	0	0	0	0	0	0	1	0	0	0	0	0	0	0	0	18	0	0	0	0	0	0	0	0	0.163477	0.0	0.0	0.0	0.159899	0.0	0.0	0.0	0.0	0.505532	0.0	0.0	0.0	0.494468	0.0	0.0	0.0	0.0	
131	170	1970.371053084	3989.0246666666667	3989.028	2.28707	0.645816	37	0	0	0	129	0	0	0	0	0.163477	0.0	0.0	0.0	0.143909	0.0	0.0	0.0	0.0	0.014748	0.0	0.0	0.0	1849.08	0.0	0.0	0.0	0.0	0.000399	0.0	0.0	0.0	14.334	0.0	0.0	0.0	0.0	2	0	0	0	48	0	0	0	0	1	0	0	0	5	0	0	0	0	9	0	0	0	76	0	0	0	0	6	0	0	0	0	0	0	0	0	1	0	0	0	0	0	0	0	0	18	0	0	0	0	0	0	0	0	0.163477	0.0	0.0	0.0	0.143909	0.0	0.0	0.0	0.0	0.531829	0.0	0.0	0.0	0.468171	0.0	0.0	0.0	0.0	
132	171	1979.667942281	3989.0246666666667	3989.028	2.25731	0.642103	37	0	0	0	130	0	0	0	0	0.163477	0.0	0.0	0.0	0.129519	0.0	0.0	0.0	0.0	0.014748	0.0	0.0	0.0	1858.38	0.0	0.0	0.0	0.0	0.000399	0.0	0.0	0.0	14.2952	0.0	0.0	0.0	0.0	2	0	0	0	48	0	0	0	0	1	0	0	0	5	0	0	0	0	9	0	0	0	77	0	0	0	0	6	0	0	0	0	0	0	0	0	1	0	0	0	0	0	0	0	0	18	0	0	0	0	0	0	0	0	0.163477	0.0	0.0	0.0	0.129519	0.0	0.0	0.0	0.0	0.557951	0.0	0.0	0.0	0.442049	0.0	0.0	0.0	0.0	
133	174	1985.30302654	3989.0246666666667	3989.028	2.21728	0.636989	39	0	0	0	131	0	0	0	0	0.13491	0.0	0.0	0.0	0.116567	0.0	0.0	0.0	0.0	0.015473	0.0	0.0	0.0	1864.01	0.0	0.0	0.0	0.0	0.000397	0.0	0.0	0.0	14.2291	0.0	0.0	0.0	0.0	2	0	0	0	48	0	0	0	0	1	0	0	0	5	0	0	0	0	9	0	0	0	78	0	0	0	0	7	0	0	0	0	0	0	0	0	1	0	0	0	0	0	0	0	0	19	0	0	0	0	0	0	0	0	0.13491	0.0	0.0	0.0	0.116567	0.0	0.0	0.0	0.0	0.536471	0.0	0.0	0.0	0.463529	0.0	0.0	0.0	0.0	
134	178	1994.100979185	3989.0246666666667	3989.028	2.19337	0.633866	42	0	0	0	132	0	0	0	0	0.099352	0.0	0.0	0.0	0.105771	0.0	0.0	0.0	0.0	0.016084	0.0	0.0	0.0	1872.81	0.0	0.0	0.0	0.0	0.000383	0.0	0.0	0.0	14.188	0.0	0.0	0.0	0.0	2	0	0	0	48	0	0	0	0	1	0	0	0	5	0	0	0	0	9	0	0	0	79	0	0	0	0	7	0	0	0	0	0	0	0	0	1	0	0	0	0	0	0	0	0	22	0	0	0	0	0	0	0	0	0.099352	0.0	0.0	0.0	0.105771	0.0	0.0	0.0	0.0	0.484354	0.0	0.0	0.0	0.515646	0.0	0.0	0.0	0.0	
135	180	2005.010063025	3989.0246666666667	3989.028	2.15656	0.628951	43	0	0	0	133	0	0	0	0	0.089417	0.0	0.0	0.0	0.096011	0.0	0.0	0.0	0.0	0.016647	0.0	0.0	0.0	1883.72	0.0	0.0	0.0	0.0	0.000387	0.0	0.0	0.0	14.1633	0.0	0.0	0.0	0.0	2	0	0	0	48	0	0	0	0	1	0	0	0	5	0	0	0	0	9	0	0	0	80	0	0	0	0	8	0	0	0	0	0	0	0	0	1	0	0	0	0	0	0	0	0	22	0	0	0	0	0	0	0	0	0.089417	0.0	0.0	0.0	0.096011	0.0	0.0	0.0	0.0	0.482218	0.0	0.0	0.0	0.517782	0.0	0.0	0.0	0.0	
136	182	2016.327194519	3981.528	3981.528	2.11177	0.622796	44	0	0	0	134	0	0	0	0	0.080475	0.0	0.0	0.0	0.179096	0.0	0.0	0.0	0.0	0.016877	0.0	0.0	0.0	1895.04	0.0	0.0	0.0	0.0	0.000384	0.0	0.0	0.0	14.1421	0.0	0.0	0.0	0.0	2	0	0	0	49	0	0	0	0	1	0	0	0	5	0	0	0	0	9	0	0	0	80	0	0	0	0	8	0	0	0	0	0	0	0	0	1	0	0	0	0	0	0	0	0	23	0	0	0	0	0	0	0	0	0.080475	0.0	0.0	0.0	0.179096	0.0	0.0	0.0	0.0	0.310031	0.0	0.0	0.0	0.689969	0.0	0.0	0.0	0.0	
137	183	2022.407403515	3981.528	3981.528	2.06628	0.616338	44	0	0	0	135	0	0	0	0	0.080475	0.0	0.0	0.0	0.166118	0.0	0.0	0.0	0.0	0.016877	0.0	0.0	0.0	1901.12	0.0	0.0	0.0	0.0	0.000384	0.0	0.0	0.0	14.0823	0.0	0.0	0.0	0.0	2	0	0	0	49	0	0	0	0	1	0	0	0	5	0	0	0	0	9	0	0	0	81	0	0	0	0	8	0	0	0	0	0	0	0	0	1	0	0	0	0	0	0	0	0	23	0	0	0	0	0	0	0	0	0.080475	0.0	0.0	0.0	0.166118	0.0	0.0	0.0	0.0	0.326348	0.0	0.0	0.0	0.673652	0.0	0.0	0.0	0.0	
138	184	2035.13811801	3981.528	3981.528	2.04225	0.612838	44	0	0	0	136	0	0	0	0	0.080475	0.0	0.0	0.0	0.153788	0.0	0.0	0.0	0.0	0.016877	0.0	0.0	0.0	1913.85	0.0	0.0	0.0	0.0	0.000384	0.0	0.0	0.0	14.0724	0.0	0.0	0.0	0.0	2	0	0	0	49	0	0	0	0	1	0	0	0	5	0	0	0	0	9	0	0	0	82	0	0	0	0	8	0	0	0	0	0	0	0	0	1	0	0	0	0	0	0	0	0	23	0	0	0	0	0	0	0	0	0.080475	0.0	0.0	0.0	0.153788	0.0	0.0	0.0	0.0	0.343524	0.0	0.0	0.0	0.656476	0.0	0.0	0.0	0.0	
139	185	2038.04976442	3981.528	3981.528	1.99284	0.605442	44	0	0	0	137	0	0	0	0	0.080475	0.0	0.0	0.0	0.142075	0.0	0.0	0.0	0.0	0.016877	0.0	0.0	0.0	1916.76	0.0	0.0	0.0	0.0	0.000384	0.0	0.0	0.0	13.9909	0.0	0.0	0.0	0.0	2	0	0	0	49	0	0	0	0	1	0	0	0	5	0	0	0	0	9	0	0	0	83	0	0	0	0	8	0	0	0	0	0	0	0	0	1	0	0	0	0	0	0	0	0	23	0	0	0	0	0	0	0	0	0.080475	0.0	0.0	0.0	0.142075	0.0	0.0	0.0	0.0	0.361605	0.0	0.0	0.0	0.638395	0.0	0.0	0.0	0.0	
140	187	2218.191771941	3981.528	3981.528	1.9817	0.603737	45	0	0	0	138	0	0	0	0	0.072428	0.0	0.0	0.0	0.13135	0.0	0.0	0.0	0.0	0.01732	0.0	0.0	0.0	2096.9	0.0	0.0	0.0	0.0	0.000385	0.0	0.0	0.0	15.1949	0.0	0.0	0.0	0.0	2	0	0	0	49	0	0	0	0	1	0	0	0	5	0	0	0	0	10	0	0	0	84	0	0	0	0	8	0	0	0	0	0	0	0	0	1	0	0	0	0	0	0	0	0	23	0	0	0	0	0	0	0	0	0.072428	0.0	0.0	0.0	0.13135	0.0	0.0	0.0	0.0	0.355425	0.0	0.0	0.0	0.644575	0.0	0.0	0.0	0.0	
141	189	2227.394406781	3981.528	3981.528	1.40125	0.489853	46	0	0	0	139	0	0	0	0	0.065185	0.0	0.0	0.0	0.121523	0.0	0.0	0.0	0.0	0.017549	0.0	0.0	0.0	2106.1	0.0	0.0	0.0	0.0	0.000382	0.0	0.0	0.0	15.1518	0.0	0.0	0.0	0.0	2	0	0	0	49	0	0	0	0	1	0	0	0	5	0	0	0	0	10	0	0	0	85	0	0	0	0	8	0	0	0	0	0	0	0	0	1	0	0	0	0	0	0	0	0	24	0	0	0	0	0	0	0	0	0.065185	0.0	0.0	0.0	0.121523	0.0	0.0	0.0	0.0	0.349127	0.0	0.0	0.0	0.650873	0.0	0.0	0.0	0.0	
142	190	2236.739348812	3981.528	3981.528	1.37666	0.483648	46	0	0	0	140	0	0	0	0	0.065185	0.0	0.0	0.0	0.112188	0.0	0.0	0.0	0.0	0.017549	0.0	0.0	0.0	2115.45	0.0	0.0	0.0	0.0	0.000382	0.0	0.0	0.0	15.1103	0.0	0.0	0.0	0.0	2	0	0	0	49	0	0	0	0	1	0	0	0	5	0	0	0	0	10	0	0	0	86	0	0	0	0	8	0	0	0	0	0	0	0	0	1	0	0	0	0	0	0	0	0	24	0	0	0	0	0	0	0	0	0.065185	0.0	0.0	0.0	0.112188	0.0	0.0	0.0	0.0	0.367502	0.0	0.0	0.0	0.632498	0.0	0.0	0.0	0.0	
143	193	2240.563148041	3981.528	3981.528	1.35213	0.477316	48	0	0	0	141	0	0	0	0	0.0528	0.0	0.0	0.0	0.103938	0.0	0.0	0.0	0.0	0.017943	0.0	0.0	0.0	2119.27	0.0	0.0	0.0	0.0	0.000374	0.0	0.0	0.0	15.0303	0.0	0.0	0.0	0.0	2	0	0	0	49	0	0	0	0	1	0	0	0	5	0	0	0	0	10	0	0	0	87	0	0	0	0	8	0	0	0	0	0	0	0	0	1	0	0	0	0	0	0	0	0	26	0	0	0	0	0	0	0	0	0.0528	0.0	0.0	0.0	0.103938	0.0	0.0	0.0	0.0	0.336866	0.0	0.0	0.0	0.663134	0.0	0.0	0.0	0.0	
144	195	2263.503259576	3981.5246666666667	3981.528	1.34221	0.474716	49	0	0	0	142	0	0	0	0	0.14752	0.0	0.0	0.0	0.093544	0.0	0.0	0.0	0.0	0.018428	0.0	0.0	0.0	2142.21	0.0	0.0	0.0	0.0	0.000376	0.0	0.0	0.0	15.086	0.0	0.0	0.0	0.0	3	0	0	0	49	0	0	0	0	1	0	0	0	5	0	0	0	0	10	0	0	0	88	0	0	0	0	8	0	0	0	0	0	0	0	0	1	0	0	0	0	0	0	0	0	26	0	0	0	0	0	0	0	0	0.14752	0.0	0.0	0.0	0.093544	0.0	0.0	0.0	0.0	0.611952	0.0	0.0	0.0	0.388048	0.0	0.0	0.0	0.0	
145	196	2276.274773676	3981.5246666666667	3981.528	1.28426	0.459022	49	0	0	0	143	0	0	0	0	0.14752	0.0	0.0	0.0	0.08419	0.0	0.0	0.0	0.0	0.018428	0.0	0.0	0.0	2154.98	0.0	0.0	0.0	0.0	0.000376	0.0	0.0	0.0	15.0698	0.0	0.0	0.0	0.0	3	0	0	0	49	0	0	0	0	1	0	0	0	5	0	0	0	0	10	0	0	0	89	0	0	0	0	8	0	0	0	0	0	0	0	0	1	0	0	0	0	0	0	0	0	26	0	0	0	0	0	0	0	0	0.14752	0.0	0.0	0.0	0.08419	0.0	0.0	0.0	0.0	0.636658	0.0	0.0	0.0	0.363342	0.0	0.0	0.0	0.0	
146	199	2280.041219134	3981.5246666666667	3981.528	1.25309	0.450216	51	0	0	0	144	0	0	0	0	0.124928	0.0	0.0	0.0	0.075771	0.0	0.0	0.0	0.0	0.019024	0.0	0.0	0.0	2158.75	0.0	0.0	0.0	0.0	0.000373	0.0	0.0	0.0	14.9913	0.0	0.0	0.0	0.0	3	0	0	0	49	0	0	0	0	1	0	0	0	5	0	0	0	0	10	0	0	0	90	0	0	0	0	9	0	0	0	0	0	0	0	0	1	0	0	0	0	0	0	0	0	27	0	0	0	0	0	0	0	0	0.124928	0.0	0.0	0.0	0.075771	0.0	0.0	0.0	0.0	0.622465	0.0	0.0	0.0	0.377535	0.0	0.0	0.0	0.0	
147	202	2283.1170736	3981.5246666666667	3981.528	1.24404	0.44761	53	0	0	0	145	0	0	0	0	0.10536	0.0	0.0	0.0	0.068194	0.0	0.0	0.0	0.0	0.019524	0.0	0.0	0.0	2161.82	0.0	0.0	0.0	0.0	0.000368	0.0	0.0	0.0	14.9091	0.0	0.0	0.0	0.0	3	0	0	0	49	0	0	0	0	1	0	0	0	5	0	0	0	0	10	0	0	0	91	0	0	0	0	9	0	0	0	0	0	0	0	0	2	0	0	0	0	0	0	0	0	28	0	0	0	0	0	0	0	0	0.10536	0.0	0.0	0.0	0.068194	0.0	0.0	0.0	0.0	0.607073	0.0	0.0	0.0	0.392927	0.0	0.0	0.0	0.0	
148	203	2289.010151221	3981.5246666666667	3981.528	1.2367	0.44548	53	0	0	0	146	0	0	0	0	0.10536	0.0	0.0	0.0	0.061374	0.0	0.0	0.0	0.0	0.019524	0.0	0.0	0.0	2167.72	0.0	0.0	0.0	0.0	0.000368	0.0	0.0	0.0	14.8474	0.0	0.0	0.0	0.0	3	0	0	0	49	0	0	0	0	1	0	0	0	5	0	0	0	0	10	0	0	0	92	0	0	0	0	9	0	0	0	0	0	0	0	0	2	0	0	0	0	0	0	0	0	28	0	0	0	0	0	0	0	0	0.10536	0.0	0.0	0.0	0.061374	0.0	0.0	0.0	0.0	0.631903	0.0	0.0	0.0	0.368097	0.0	0.0	0.0	0.0	
149	204	2294.404126158	3981.5246666666667	3981.528	1.22276	0.441392	53	0	0	0	147	0	0	0	0	0.10536	0.0	0.0	0.0	0.055237	0.0	0.0	0.0	0.0	0.019524	0.0	0.0	0.0	2173.11	0.0	0.0	0.0	0.0	0.000368	0.0	0.0	0.0	14.7831	0.0	0.0	0.0	0.0	3	0	0	0	49	0	0	0	0	1	0	0	0	5	0	0	0	0	10	0	0	0	93	0	0	0	0	9	0	0	0	0	0	0	0	0	2	0	0	0	0	0	0	0	0	28	0	0	0	0	0	0	0	0	0.10536	0.0	0.0	0.0	0.055237	0.0	0.0	0.0	0.0	0.656052	0.0	0.0	0.0	0.343948	0.0	0.0	0.0	0.0	
150	209	2303.599035597	3981.5246666666667	3981.528	1.21013	0.437641	57	0	0	0	148	0	0	0	0	0.07557	0.0	0.0	0.0	0.049713	0.0	0.0	0.0	0.0	0.020481	0.0	0.0	0.0	2182.3	0.0	0.0	0.0	0.0	0.000359	0.0	0.0	0.0	14.7453	0.0	0.0	0.0	0.0	3	0	0	0	49	0	0	0	0	1	0	0	0	5	0	0	0	0	11	0	0	0	94	0	0	0	0	9	0	0	0	0	0	0	0	0	2	0	0	0	0	0	0	0	0	31	0	0	0	0	0	0	0	0	0.07557	0.0	0.0	0.0	0.049713	0.0	0.0	0.0	0.0	0.603193	0.0	0.0	0.0	0.396807	0.0	0.0	0.0	0.0	
151	210	2315.199304531	3981.5246666666667	3981.528	1.18891	0.431234	57	0	0	0	149	0	0	0	0	0.07557	0.0	0.0	0.0	0.044742	0.0	0.0	0.0	0.0	0.020481	0.0	0.0	0.0	2193.91	0.0	0.0	0.0	0.0	0.000359	0.0	0.0	0.0	14.7242	0.0	0.0	0.0	0.0	3	0	0	0	49	0	0	0	0	1	0	0	0	5	0	0	0	0	11	0	0	0	95	0	0	0	0	9	0	0	0	0	0	0	0	0	2	0	0	0	0	0	0	0	0	31	0	0	0	0	0	0	0	0	0.07557	0.0	0.0	0.0	0.044742	0.0	0.0	0.0	0.0	0.628117	0.0	0.0	0.0	0.371883	0.0	0.0	0.0	0.0	
152	215	2322.103493238	3981.5246666666667	3981.528	1.16267	0.423125	61	0	0	0	150	0	0	0	0	0.053253	0.0	0.0	0.0	0.040268	0.0	0.0	0.0	0.0	0.021174	0.0	0.0	0.0	2200.81	0.0	0.0	0.0	0.0	0.000347	0.0	0.0	0.0	14.6721	0.0	0.0	0.0	0.0	3	0	0	0	49	0	0	0	0	1	0	0	0	5	0	0	0	0	11	0	0	0	96	0	0	0	0	9	0	0	0	0	0	0	0	0	2	0	0	0	0	0	0	0	0	35	0	0	0	0	0	0	0	0	0.053253	0.0	0.0	0.0	0.040268	0.0	0.0	0.0	0.0	0.569424	0.0	0.0	0.0	0.430576	0.0	0.0	0.0	0.0	
153	220	2334.593676301	3981.5246666666667	3981.528	1.14733	0.418286	65	0	0	0	151	0	0	0	0	0.035923	0.0	0.0	0.0	0.036458	0.0	0.0	0.0	0.0	0.02255	0.0	0.0	0.0	2213.3	0.0	0.0	0.0	0.0	0.000347	0.0	0.0	0.0	14.6576	0.0	0.0	0.0	0.0	3	0	0	0	49	0	0	0	0	1	0	0	0	5	0	0	0	0	11	0	0	0	97	0	0	0	0	11	0	0	0	0	0	0	0	0	2	0	0	0	0	0	0	0	0	37	0	0	0	0	0	0	0	0	0.035923	0.0	0.0	0.0	0.036458	0.0	0.0	0.0	0.0	0.496303	0.0	0.0	0.0	0.503697	0.0	0.0	0.0	0.0	
154	221	2338.667630103	3981.5246666666667	3981.528	1.12009	0.409513	65	0	0	0	152	0	0	0	0	0.035923	0.0	0.0	0.0	0.032839	0.0	0.0	0.0	0.0	0.02255	0.0	0.0	0.0	2217.37	0.0	0.0	0.0	0.0	0.000347	0.0	0.0	0.0	14.588	0.0	0.0	0.0	0.0	3	0	0	0	49	0	0	0	0	1	0	0	0	5	0	0	0	0	11	0	0	0	98	0	0	0	0	11	0	0	0	0	0	0	0	0	2	0	0	0	0	0	0	0	0	37	0	0	0	0	0	0	0	0	0.035923	0.0	0.0	0.0	0.032839	0.0	0.0	0.0	0.0	0.522425	0.0	0.0	0.0	0.477575	0.0	0.0	0.0	0.0	
155	222	2363.696428325	3978.028	3978.028	1.11134	0.406646	65	0	0	0	153	0	0	0	0	0.035923	0.0	0.0	0.0	0.129555	0.0	0.0	0.0	0.0	0.02255	0.0	0.0	0.0	2242.4	0.0	0.0	0.0	0.0	0.000347	0.0	0.0	0.0	14.6562	0.0	0.0	0.0	0.0	3	0	0	0	50	0	0	0	0	1	0	0	0	5	0	0	0	0	11	0	0	0	98	0	0	0	0	11	0	0	0	0	0	0	0	0	2	0	0	0	0	0	0	0	0	37	0	0	0	0	0	0	0	0	0.035923	0.0	0.0	0.0	0.129555	0.0	0.0	0.0	0.0	0.217087	0.0	0.0	0.0	0.782913	0.0	0.0	0.0	0.0	
156	223	2378.403684237	3976.528	3976.528	1.05909	0.388989	65	0	0	0	154	0	0	0	0	0.035923	0.0	0.0	0.0	0.185145	0.0	0.0	0.0	0.0	0.02255	0.0	0.0	0.0	2257.11	0.0	0.0	0.0	0.0	0.000347	0.0	0.0	0.0	14.6565	0.0	0.0	0.0	0.0	3	0	0	0	51	0	0	0	0	1	0	0	0	5	0	0	0	0	11	0	0	0	98	0	0	0	0	11	0	0	0	0	0	0	0	0	2	0	0	0	0	0	0	0	0	37	0	0	0	0	0	0	0	0	0.035923	0.0	0.0	0.0	0.185145	0.0	0.0	0.0	0.0	0.162498	0.0	0.0	0.0	0.837502	0.0	0.0	0.0	0.0	
157	224	2382.218341011	3976.528	3976.528	1.02954	0.378589	65	0	0	0	155	0	0	0	0	0.035923	0.0	0.0	0.0	0.174092	0.0	0.0	0.0	0.0	0.02255	0.0	0.0	0.0	2260.92	0.0	0.0	0.0	0.0	0.000347	0.0	0.0	0.0	14.5866	0.0	0.0	0.0	0.0	3	0	0	0	51	0	0	0	0	1	0	0	0	5	0	0	0	0	11	0	0	0	99	0	0	0	0	11	0	0	0	0	0	0	0	0	2	0	0	0	0	0	0	0	0	37	0	0	0	0	0	0	0	0	0.035923	0.0	0.0	0.0	0.174092	0.0	0.0	0.0	0.0	0.17105	0.0	0.0	0.0	0.82895	0.0	0.0	0.0	0.0	
158	225	2393.041264151	3976.528	3976.528	1.02202	0.37589	65	0	0	0	156	0	0	0	0	0.035923	0.0	0.0	0.0	0.163591	0.0	0.0	0.0	0.0	0.02255	0.0	0.0	0.0	2271.74	0.0	0.0	0.0	0.0	0.000347	0.0	0.0	0.0	14.5625	0.0	0.0	0.0	0.0	3	0	0	0	51	0	0	0	0	1	0	0	0	5	0	0	0	0	11	0	0	0	100	0	0	0	0	11	0	0	0	0	0	0	0	0	2	0	0	0	0	0	0	0	0	37	0	0	0	0	0	0	0	0	0.035923	0.0	0.0	0.0	0.163591	0.0	0.0	0.0	0.0	0.180053	0.0	0.0	0.0	0.819947	0.0	0.0	0.0	0.0	
159	227	2573.242972788	3974.528	3974.528	1.00095	0.36823	66	0	0	0	157	0	0	0	0	0.032331	0.0	0.0	0.0	0.213677	0.0	0.0	0.0	0.0	0.022816	0.0	0.0	0.0	2451.95	0.0	0.0	0.0	0.0	0.000346	0.0	0.0	0.0	15.6175	0.0	0.0	0.0	0.0	3	0	0	0	52	0	0	0	0	1	0	0	0	5	0	0	0	0	11	0	0	0	100	0	0	0	0	11	0	0	0	0	0	0	0	0	2	0	0	0	0	0	0	0	0	38	0	0	0	0	0	0	0	0	0.032331	0.0	0.0	0.0	0.213677	0.0	0.0	0.0	0.0	0.131422	0.0	0.0	0.0	0.868578	0.0	0.0	0.0	0.0	
160	228	2576.395528732	3974.528	3974.528	0.707686	0.243398	66	0	0	0	158	0	0	0	0	0.032331	0.0	0.0	0.0	0.201376	0.0	0.0	0.0	0.0	0.022816	0.0	0.0	0.0	2455.1	0.0	0.0	0.0	0.0	0.000346	0.0	0.0	0.0	15.5386	0.0	0.0	0.0	0.0	3	0	0	0	52	0	0	0	0	1	0	0	0	5	0	0	0	0	11	0	0	0	101	0	0	0	0	11	0	0	0	0	0	0	0	0	2	0	0	0	0	0	0	0	0	38	0	0	0	0	0	0	0	0	0.032331	0.0	0.0	0.0	0.201376	0.0	0.0	0.0	0.0	0.138339	0.0	0.0	0.0	0.861661	0.0	0.0	0.0	0.0	
161	229	2582.973792499	3974.528	3974.528	0.703406	0.241315	66	0	0	0	159	0	0	0	0	0.032331	0.0	0.0	0.0	0.189691	0.0	0.0	0.0	0.0	0.022816	0.0	0.0	0.0	2461.68	0.0	0.0	0.0	0.0	0.000346	0.0	0.0	0.0	15.4822	0.0	0.0	0.0	0.0	3	0	0	0	52	0	0	0	0	1	0	0	0	5	0	0	0	0	11	0	0	0	102	0	0	0	0	11	0	0	0	0	0	0	0	0	2	0	0	0	0	0	0	0	0	38	0	0	0	0	0	0	0	0	0.032331	0.0	0.0	0.0	0.189691	0.0	0.0	0.0	0.0	0.14562	0.0	0.0	0.0	0.85438	0.0	0.0	0.0	0.0	
162	230	2588.375255398	3974.528	3974.528	0.69456	0.236984	66	0	0	0	160	0	0	0	0	0.032331	0.0	0.0	0.0	0.17859	0.0	0.0	0.0	0.0	0.022816	0.0	0.0	0.0	2467.08	0.0	0.0	0.0	0.0	0.000346	0.0	0.0	0.0	15.4192	0.0	0.0	0.0	0.0	3	0	0	0	52	0	0	0	0	1	0	0	0	5	0	0	0	0	11	0	0	0	103	0	0	0	0	11	0	0	0	0	0	0	0	0	2	0	0	0	0	0	0	0	0	38	0	0	0	0	0	0	0	0	0.032331	0.0	0.0	0.0	0.17859	0.0	0.0	0.0	0.0	0.153284	0.0	0.0	0.0	0.846716	0.0	0.0	0.0	0.0	
163	231	2602.977076617	3974.528	3974.528	0.687379	0.233447	66	0	0	0	161	0	0	0	0	0.032331	0.0	0.0	0.0	0.168044	0.0	0.0	0.0	0.0	0.022816	0.0	0.0	0.0	2481.68	0.0	0.0	0.0	0.0	0.000346	0.0	0.0	0.0	15.4142	0.0	0.0	0.0	0.0	3	0	0	0	52	0	0	0	0	1	0	0	0	5	0	0	0	0	11	0	0	0	104	0	0	0	0	11	0	0	0	0	0	0	0	0	2	0	0	0	0	0	0	0	0	38	0	0	0	0	0	0	0	0	0.032331	0.0	0.0	0.0	0.168044	0.0	0.0	0.0	0.0	0.161352	0.0	0.0	0.0	0.838648	0.0	0.0	0.0	0.0	
164	232	2606.965821292	3974.528	3974.528	0.668336	0.223968	66	0	0	0	162	0	0	0	0	0.032331	0.0	0.0	0.0	0.158025	0.0	0.0	0.0	0.0	0.022816	0.0	0.0	0.0	2485.67	0.0	0.0	0.0	0.0	0.000346	0.0	0.0	0.0	15.3436	0.0	0.0	0.0	0.0	3	0	0	0	52	0	0	0	0	1	0	0	0	5	0	0	0	0	11	0	0	0	105	0	0	0	0	11	0	0	0	0	0	0	0	0	2	0	0	0	0	0	0	0	0	38	0	0	0	0	0	0	0	0	0.032331	0.0	0.0	0.0	0.158025	0.0	0.0	0.0	0.0	0.169844	0.0	0.0	0.0	0.830156	0.0	0.0	0.0	0.0	
165	233	2630.960078812	3974.528	3974.528	0.663227	0.221401	66	0	0	0	163	0	0	0	0	0.032331	0.0	0.0	0.0	0.148507	0.0	0.0	0.0	0.0	0.022816	0.0	0.0	0.0	2509.66	0.0	0.0	0.0	0.0	0.000346	0.0	0.0	0.0	15.3967	0.0	0.0	0.0	0.0	3	0	0	0	52	0	0	0	0	1	0	0	0	5	0	0	0	0	11	0	0	0	106	0	0	0	0	11	0	0	0	0	0	0	0	0	2	0	0	0	0	0	0	0	0	38	0	0	0	0	0	0	0	0	0.032331	0.0	0.0	0.0	0.148507	0.0	0.0	0.0	0.0	0.178783	0.0	0.0	0.0	0.821217	0.0	0.0	0.0	0.0	
166	234	2634.930584414	3974.528	3974.528	0.633305	0.206177	66	0	0	0	164	0	0	0	0	0.032331	0.0	0.0	0.0	0.139465	0.0	0.0	0.0	0.0	0.022816	0.0	0.0	0.0	2513.63	0.0	0.0	0.0	0.0	0.000346	0.0	0.0	0.0	15.327	0.0	0.0	0.0	0.0	3	0	0	0	52	0	0	0	0	1	0	0	0	5	0	0	0	0	11	0	0	0	107	0	0	0	0	11	0	0	0	0	0	0	0	0	2	0	0	0	0	0	0	0	0	38	0	0	0	0	0	0	0	0	0.032331	0.0	0.0	0.0	0.139465	0.0	0.0	0.0	0.0	0.188193	0.0	0.0	0.0	0.811807	0.0	0.0	0.0	0.0	
167	236	2646.769205362	3974.528	3974.528	0.628485	0.203696	67	0	0	0	165	0	0	0	0	0.029098	0.0	0.0	0.0	0.131037	0.0	0.0	0.0	0.0	0.023072	0.0	0.0	0.0	2525.47	0.0	0.0	0.0	0.0	0.000344	0.0	0.0	0.0	15.3059	0.0	0.0	0.0	0.0	3	0	0	0	52	0	0	0	0	1	0	0	0	5	0	0	0	0	11	0	0	0	108	0	0	0	0	11	0	0	0	0	0	0	0	0	2	0	0	0	0	0	0	0	0	39	0	0	0	0	0	0	0	0	0.029098	0.0	0.0	0.0	0.131037	0.0	0.0	0.0	0.0	0.181708	0.0	0.0	0.0	0.818292	0.0	0.0	0.0	0.0	
168	238	2651.953114328	3974.028	3974.028	0.614331	0.196364	68	0	0	0	166	0	0	0	0	0.026188	0.0	0.0	0.0	0.183169	0.0	0.0	0.0	0.0	0.023477	0.0	0.0	0.0	2530.66	0.0	0.0	0.0	0.0	0.000345	0.0	0.0	0.0	15.2449	0.0	0.0	0.0	0.0	3	0	0	0	53	0	0	0	0	1	0	0	0	5	0	0	0	0	12	0	0	0	108	0	0	0	0	11	0	0	0	0	0	0	0	0	2	0	0	0	0	0	0	0	0	39	0	0	0	0	0	0	0	0	0.026188	0.0	0.0	0.0	0.183169	0.0	0.0	0.0	0.0	0.125088	0.0	0.0	0.0	0.874912	0.0	0.0	0.0	0.0	
169	239	2661.035569168	3974.028	3974.028	0.608235	0.193186	68	0	0	0	167	0	0	0	0	0.026188	0.0	0.0	0.0	0.172701	0.0	0.0	0.0	0.0	0.023477	0.0	0.0	0.0	2539.74	0.0	0.0	0.0	0.0	0.000345	0.0	0.0	0.0	15.208	0.0	0.0	0.0	0.0	3	0	0	0	53	0	0	0	0	1	0	0	0	5	0	0	0	0	12	0	0	0	109	0	0	0	0	11	0	0	0	0	0	0	0	0	2	0	0	0	0	0	0	0	0	39	0	0	0	0	0	0	0	0	0.026188	0.0	0.0	0.0	0.172701	0.0	0.0	0.0	0.0	0.131671	0.0	0.0	0.0	0.868329	0.0	0.0	0.0	0.0	
170	240	2668.85599859	3974.028	3974.028	0.597699	0.187667	68	0	0	0	168	0	0	0	0	0.026188	0.0	0.0	0.0	0.162756	0.0	0.0	0.0	0.0	0.023477	0.0	0.0	0.0	2547.56	0.0	0.0	0.0	0.0	0.000345	0.0	0.0	0.0	15.164	0.0	0.0	0.0	0.0	3	0	0	0	53	0	0	0	0	1	0	0	0	5	0	0	0	0	12	0	0	0	110	0	0	0	0	11	0	0	0	0	0	0	0	0	2	0	0	0	0	0	0	0	0	39	0	0	0	0	0	0	0	0	0.026188	0.0	0.0	0.0	0.162756	0.0	0.0	0.0	0.0	0.138602	0.0	0.0	0.0	0.861398	0.0	0.0	0.0	0.0	
171	242	2761.024730287	3974.028	3974.028	0.588773	0.182967	69	0	0	0	169	0	0	0	0	0.023569	0.0	0.0	0.0	0.15344	0.0	0.0	0.0	0.0	0.023693	0.0	0.0	0.0	2639.73	0.0	0.0	0.0	0.0	0.000343	0.0	0.0	0.0	15.6197	0.0	0.0	0.0	0.0	3	0	0	0	53	0	0	0	0	1	0	0	0	5	0	0	0	0	12	0	0	0	111	0	0	0	0	11	0	0	0	0	0	0	0	0	2	0	0	0	0	0	0	0	0	40	0	0	0	0	0	0	0	0	0.023569	0.0	0.0	0.0	0.15344	0.0	0.0	0.0	0.0	0.133152	0.0	0.0	0.0	0.866848	0.0	0.0	0.0	0.0	
172	243	2764.554335449	3974.028	3974.028	0.493098	0.131599	69	0	0	0	170	0	0	0	0	0.023569	0.0	0.0	0.0	0.14459	0.0	0.0	0.0	0.0	0.023693	0.0	0.0	0.0	2643.26	0.0	0.0	0.0	0.0	0.000343	0.0	0.0	0.0	15.5486	0.0	0.0	0.0	0.0	3	0	0	0	53	0	0	0	0	1	0	0	0	5	0	0	0	0	12	0	0	0	112	0	0	0	0	11	0	0	0	0	0	0	0	0	2	0	0	0	0	0	0	0	0	40	0	0	0	0	0	0	0	0	0.023569	0.0	0.0	0.0	0.14459	0.0	0.0	0.0	0.0	0.14016	0.0	0.0	0.0	0.85984	0.0	0.0	0.0	0.0	
173	245	2779.476969795	3974.0191111111108	3974.028	0.48976	0.129793	70	0	0	0	171	0	0	0	0	0.121212	0.0	0.0	0.0	0.131299	0.0	0.0	0.0	0.0	0.024366	0.0	0.0	0.0	2658.18	0.0	0.0	0.0	0.0	0.000348	0.0	0.0	0.0	15.5449	0.0	0.0	0.0	0.0	4	0	0	0	53	0	0	0	0	1	0	0	0	5	0	0	0	0	12	0	0	0	113	0	0	0	0	11	0	0	0	0	0	0	0	0	2	0	0	0	0	0	0	0	0	40	0	0	0	0	0	0	0	0	0.121212	0.0	0.0	0.0	0.131299	0.0	0.0	0.0	0.0	0.480026	0.0	0.0	0.0	0.519974	0.0	0.0	0.0	0.0	
174	246	2792.380645319	3974.0191111111108	3974.028	0.475899	0.122299	70	0	0	0	172	0	0	0	0	0.121212	0.0	0.0	0.0	0.118674	0.0	0.0	0.0	0.0	0.024366	0.0	0.0	0.0	2671.08	0.0	0.0	0.0	0.0	0.000348	0.0	0.0	0.0	15.5295	0.0	0.0	0.0	0.0	4	0	0	0	53	0	0	0	0	1	0	0	0	5	0	0	0	0	12	0	0	0	114	0	0	0	0	11	0	0	0	0	0	0	0	0	2	0	0	0	0	0	0	0	0	40	0	0	0	0	0	0	0	0	0.121212	0.0	0.0	0.0	0.118674	0.0	0.0	0.0	0.0	0.505291	0.0	0.0	0.0	0.494709	0.0	0.0	0.0	0.0	
175	247	2808.40162998	3974.0191111111108	3974.028	0.464229	0.116007	70	0	0	0	173	0	0	0	0	0.121212	0.0	0.0	0.0	0.106806	0.0	0.0	0.0	0.0	0.024366	0.0	0.0	0.0	2687.1	0.0	0.0	0.0	0.0	0.000348	0.0	0.0	0.0	15.5324	0.0	0.0	0.0	0.0	4	0	0	0	53	0	0	0	0	1	0	0	0	5	0	0	0	0	12	0	0	0	115	0	0	0	0	11	0	0	0	0	0	0	0	0	2	0	0	0	0	0	0	0	0	40	0	0	0	0	0	0	0	0	0.121212	0.0	0.0	0.0	0.106806	0.0	0.0	0.0	0.0	0.531589	0.0	0.0	0.0	0.468411	0.0	0.0	0.0	0.0	
176	249	2814.123087021	3974.0191111111108	3974.028	0.450138	0.108442	71	0	0	0	174	0	0	0	0	0.109811	0.0	0.0	0.0	0.096126	0.0	0.0	0.0	0.0	0.024587	0.0	0.0	0.0	2692.82	0.0	0.0	0.0	0.0	0.000346	0.0	0.0	0.0	15.476	0.0	0.0	0.0	0.0	4	0	0	0	53	0	0	0	0	1	0	0	0	5	0	0	0	0	12	0	0	0	116	0	0	0	0	11	0	0	0	0	0	0	0	0	2	0	0	0	0	0	0	0	0	41	0	0	0	0	0	0	0	0	0.109811	0.0	0.0	0.0	0.096126	0.0	0.0	0.0	0.0	0.533227	0.0	0.0	0.0	0.466773	0.0	0.0	0.0	0.0	
177	250	2817.759057138	3974.0191111111108	3974.028	0.44521	0.105808	71	0	0	0	175	0	0	0	0	0.109811	0.0	0.0	0.0	0.086513	0.0	0.0	0.0	0.0	0.024587	0.0	0.0	0.0	2696.46	0.0	0.0	0.0	0.0	0.000346	0.0	0.0	0.0	15.4083	0.0	0.0	0.0	0.0	4	0	0	0	53	0	0	0	0	1	0	0	0	5	0	0	0	0	12	0	0	0	117	0	0	0	0	11	0	0	0	0	0	0	0	0	2	0	0	0	0	0	0	0	0	41	0	0	0	0	0	0	0	0	0.109811	0.0	0.0	0.0	0.086513	0.0	0.0	0.0	0.0	0.559336	0.0	0.0	0.0	0.440664	0.0	0.0	0.0	0.0	
178	251	2831.541841065	3974.0191111111108	3974.028	0.442106	0.104152	71	0	0	0	176	0	0	0	0	0.109811	0.0	0.0	0.0	0.077862	0.0	0.0	0.0	0.0	0.024587	0.0	0.0	0.0	2710.24	0.0	0.0	0.0	0.0	0.000346	0.0	0.0	0.0	15.3991	0.0	0.0	0.0	0.0	4	0	0	0	53	0	0	0	0	1	0	0	0	5	0	0	0	0	12	0	0	0	118	0	0	0	0	11	0	0	0	0	0	0	0	0	2	0	0	0	0	0	0	0	0	41	0	0	0	0	0	0	0	0	0.109811	0.0	0.0	0.0	0.077862	0.0	0.0	0.0	0.0	0.58512	0.0	0.0	0.0	0.41488	0.0	0.0	0.0	0.0	
179	254	2843.976105887	3974.0191111111108	3974.028	0.430536	0.09801	73	0	0	0	177	0	0	0	0	0.091513	0.0	0.0	0.0	0.070076	0.0	0.0	0.0	0.0	0.025064	0.0	0.0	0.0	2722.68	0.0	0.0	0.0	0.0	0.000343	0.0	0.0	0.0	15.3824	0.0	0.0	0.0	0.0	4	0	0	0	53	0	0	0	0	1	0	0	0	5	0	0	0	0	13	0	0	0	119	0	0	0	0	11	0	0	0	0	0	0	0	0	2	0	0	0	0	0	0	0	0	42	0	0	0	0	0	0	0	0	0.091513	0.0	0.0	0.0	0.070076	0.0	0.0	0.0	0.0	0.566333	0.0	0.0	0.0	0.433667	0.0	0.0	0.0	0.0	
180	255	2853.716508166	3974.0191111111108	3974.028	0.420359	0.092651	73	0	0	0	178	0	0	0	0	0.091513	0.0	0.0	0.0	0.063068	0.0	0.0	0.0	0.0	0.025064	0.0	0.0	0.0	2732.42	0.0	0.0	0.0	0.0	0.000343	0.0	0.0	0.0	15.3507	0.0	0.0	0.0	0.0	4	0	0	0	53	0	0	0	0	1	0	0	0	5	0	0	0	0	13	0	0	0	120	0	0	0	0	11	0	0	0	0	0	0	0	0	2	0	0	0	0	0	0	0	0	42	0	0	0	0	0	0	0	0	0.091513	0.0	0.0	0.0	0.063068	0.0	0.0	0.0	0.0	0.592007	0.0	0.0	0.0	0.407993	0.0	0.0	0.0	0.0	
181	258	2868.985121647	3974.0191111111108	3974.028	0.412554	0.088573	75	0	0	0	179	0	0	0	0	0.076442	0.0	0.0	0.0	0.056761	0.0	0.0	0.0	0.0	0.025639	0.0	0.0	0.0	2747.69	0.0	0.0	0.0	0.0	0.000342	0.0	0.0	0.0	15.3502	0.0	0.0	0.0	0.0	4	0	0	0	53	0	0	0	0	1	0	0	0	5	0	0	0	0	13	0	0	0	121	0	0	0	0	12	0	0	0	0	0	0	0	0	2	0	0	0	0	0	0	0	0	43	0	0	0	0	0	0	0	0	0.076442	0.0	0.0	0.0	0.056761	0.0	0.0	0.0	0.0	0.573873	0.0	0.0	0.0	0.426127	0.0	0.0	0.0	0.0	
182	261	2884.481634775	3973.028	3973.028	0.400611	0.082398	77	0	0	0	180	0	0	0	0	0.063868	0.0	0.0	0.0	0.151085	0.0	0.0	0.0	0.0	0.026407	0.0	0.0	0.0	2763.18	0.0	0.0	0.0	0.0	0.000343	0.0	0.0	0.0	15.351	0.0	0.0	0.0	0.0	4	0	0	0	54	0	0	0	0	2	0	0	0	5	0	0	0	0	13	0	0	0	121	0	0	0	0	12	0	0	0	0	0	0	0	0	2	0	0	0	0	0	0	0	0	44	0	0	0	0	0	0	0	0	0.063868	0.0	0.0	0.0	0.151085	0.0	0.0	0.0	0.0	0.297125	0.0	0.0	0.0	0.702875	0.0	0.0	0.0	0.0	
183	262	2994.008165457	3962.194	3962.194	0.388843	0.076403	77	0	0	0	181	0	0	0	0	0.063868	0.0	0.0	0.0	0.211474	0.0	0.0	0.0	0.0	0.026407	0.0	0.0	0.0	2872.71	0.0	0.0	0.0	0.0	0.000343	0.0	0.0	0.0	15.8713	0.0	0.0	0.0	0.0	4	0	0	0	55	0	0	0	0	2	0	0	0	5	0	0	0	0	13	0	0	0	121	0	0	0	0	12	0	0	0	0	0	0	0	0	2	0	0	0	0	0	0	0	0	44	0	0	0	0	0	0	0	0	0.063868	0.0	0.0	0.0	0.211474	0.0	0.0	0.0	0.0	0.231959	0.0	0.0	0.0	0.768041	0.0	0.0	0.0	0.0	
184	263	2997.294175257	3962.194	3962.194	0.31496	0.041794	77	0	0	0	182	0	0	0	0	0.063868	0.0	0.0	0.0	0.197707	0.0	0.0	0.0	0.0	0.026407	0.0	0.0	0.0	2875.99	0.0	0.0	0.0	0.0	0.000343	0.0	0.0	0.0	15.8022	0.0	0.0	0.0	0.0	4	0	0	0	55	0	0	0	0	2	0	0	0	5	0	0	0	0	13	0	0	0	122	0	0	0	0	12	0	0	0	0	0	0	0	0	2	0	0	0	0	0	0	0	0	44	0	0	0	0	0	0	0	0	0.063868	0.0	0.0	0.0	0.197707	0.0	0.0	0.0	0.0	0.244167	0.0	0.0	0.0	0.755833	0.0	0.0	0.0	0.0	
185	264	3002.311457767	3962.194	3962.194	0.312975	0.040961	77	0	0	0	183	0	0	0	0	0.063868	0.0	0.0	0.0	0.184628	0.0	0.0	0.0	0.0	0.026407	0.0	0.0	0.0	2881.01	0.0	0.0	0.0	0.0	0.000343	0.0	0.0	0.0	15.7432	0.0	0.0	0.0	0.0	4	0	0	0	55	0	0	0	0	2	0	0	0	5	0	0	0	0	13	0	0	0	123	0	0	0	0	12	0	0	0	0	0	0	0	0	2	0	0	0	0	0	0	0	0	44	0	0	0	0	0	0	0	0	0.063868	0.0	0.0	0.0	0.184628	0.0	0.0	0.0	0.0	0.257018	0.0	0.0	0.0	0.742982	0.0	0.0	0.0	0.0	
186	265	3013.328575244	3962.194	3962.194	0.309969	0.039711	77	0	0	0	184	0	0	0	0	0.063868	0.0	0.0	0.0	0.172203	0.0	0.0	0.0	0.0	0.026407	0.0	0.0	0.0	2892.03	0.0	0.0	0.0	0.0	0.000343	0.0	0.0	0.0	15.7175	0.0	0.0	0.0	0.0	4	0	0	0	55	0	0	0	0	2	0	0	0	5	0	0	0	0	13	0	0	0	124	0	0	0	0	12	0	0	0	0	0	0	0	0	2	0	0	0	0	0	0	0	0	44	0	0	0	0	0	0	0	0	0.063868	0.0	0.0	0.0	0.172203	0.0	0.0	0.0	0.0	0.270546	0.0	0.0	0.0	0.729454	0.0	0.0	0.0	0.0	
187	266	3015.581967459	3962.194	3962.194	0.303467	0.037059	77	0	0	0	185	0	0	0	0	0.063868	0.0	0.0	0.0	0.1604	0.0	0.0	0.0	0.0	0.026407	0.0	0.0	0.0	2894.28	0.0	0.0	0.0	0.0	0.000343	0.0	0.0	0.0	15.6448	0.0	0.0	0.0	0.0	4	0	0	0	55	0	0	0	0	2	0	0	0	5	0	0	0	0	13	0	0	0	125	0	0	0	0	12	0	0	0	0	0	0	0	0	2	0	0	0	0	0	0	0	0	44	0	0	0	0	0	0	0	0	0.063868	0.0	0.0	0.0	0.1604	0.0	0.0	0.0	0.0	0.284785	0.0	0.0	0.0	0.715215	0.0	0.0	0.0	0.0	
188	268	3071.527581884	3961.194	3961.194	0.302154	0.036532	78	0	0	0	186	0	0	0	0	0.057481	0.0	0.0	0.0	0.217424	0.0	0.0	0.0	0.0	0.026647	0.0	0.0	0.0	2950.23	0.0	0.0	0.0	0.0	0.000342	0.0	0.0	0.0	15.8614	0.0	0.0	0.0	0.0	4	0	0	0	56	0	0	0	0	2	0	0	0	5	0	0	0	0	13	0	0	0	125	0	0	0	0	12	0	0	0	0	0	0	0	0	2	0	0	0	0	0	0	0	0	45	0	0	0	0	0	0	0	0	0.057481	0.0	0.0	0.0	0.217424	0.0	0.0	0.0	0.0	0.209095	0.0	0.0	0.0	0.790905	0.0	0.0	0.0	0.0	
189	269	3085.387227041	3961.194	3961.194	0.27132	0.02508	78	0	0	0	187	0	0	0	0	0.057481	0.0	0.0	0.0	0.203679	0.0	0.0	0.0	0.0	0.026647	0.0	0.0	0.0	2964.09	0.0	0.0	0.0	0.0	0.000342	0.0	0.0	0.0	15.8507	0.0	0.0	0.0	0.0	4	0	0	0	56	0	0	0	0	2	0	0	0	5	0	0	0	0	13	0	0	0	126	0	0	0	0	12	0	0	0	0	0	0	0	0	2	0	0	0	0	0	0	0	0	45	0	0	0	0	0	0	0	0	0.057481	0.0	0.0	0.0	0.203679	0.0	0.0	0.0	0.0	0.2201	0.0	0.0	0.0	0.7799	0.0	0.0	0.0	0.0	
190	271	3088.996836069	3961.194	3961.194	0.264181	0.022702	79	0	0	0	188	0	0	0	0	0.051733	0.0	0.0	0.0	0.190908	0.0	0.0	0.0	0.0	0.026924	0.0	0.0	0.0	2967.7	0.0	0.0	0.0	0.0	0.000341	0.0	0.0	0.0	15.7856	0.0	0.0	0.0	0.0	4	0	0	0	56	0	0	0	0	2	0	0	0	5	0	0	0	0	13	0	0	0	127	0	0	0	0	12	0	0	0	0	0	0	0	0	2	0	0	0	0	0	0	0	0	46	0	0	0	0	0	0	0	0	0.051733	0.0	0.0	0.0	0.190908	0.0	0.0	0.0	0.0	0.213208	0.0	0.0	0.0	0.786792	0.0	0.0	0.0	0.0	
191	272	3094.915795136	3961.194	3961.194	0.262352	0.022111	79	0	0	0	189	0	0	0	0	0.051733	0.0	0.0	0.0	0.178776	0.0	0.0	0.0	0.0	0.026924	0.0	0.0	0.0	2973.61	0.0	0.0	0.0	0.0	0.000341	0.0	0.0	0.0	15.7334	0.0	0.0	0.0	0.0	4	0	0	0	56	0	0	0	0	2	0	0	0	5	0	0	0	0	13	0	0	0	128	0	0	0	0	12	0	0	0	0	0	0	0	0	2	0	0	0	0	0	0	0	0	46	0	0	0	0	0	0	0	0	0.051733	0.0	0.0	0.0	0.178776	0.0	0.0	0.0	0.0	0.22443	0.0	0.0	0.0	0.77557	0.0	0.0	0.0	0.0	
192	273	3109.700329554	3961.194	3961.194	0.259382	0.021167	79	0	0	0	190	0	0	0	0	0.051733	0.0	0.0	0.0	0.16725	0.0	0.0	0.0	0.0	0.026924	0.0	0.0	0.0	2988.4	0.0	0.0	0.0	0.0	0.000341	0.0	0.0	0.0	15.7284	0.0	0.0	0.0	0.0	4	0	0	0	56	0	0	0	0	2	0	0	0	5	0	0	0	0	13	0	0	0	129	0	0	0	0	12	0	0	0	0	0	0	0	0	2	0	0	0	0	0	0	0	0	46	0	0	0	0	0	0	0	0	0.051733	0.0	0.0	0.0	0.16725	0.0	0.0	0.0	0.0	0.236242	0.0	0.0	0.0	0.763758	0.0	0.0	0.0	0.0	
193	274	3112.785296575	3961.194	3961.194	0.252107	0.018938	79	0	0	0	191	0	0	0	0	0.051733	0.0	0.0	0.0	0.156301	0.0	0.0	0.0	0.0	0.026924	0.0	0.0	0.0	2991.48	0.0	0.0	0.0	0.0	0.000341	0.0	0.0	0.0	15.6622	0.0	0.0	0.0	0.0	4	0	0	0	56	0	0	0	0	2	0	0	0	5	0	0	0	0	13	0	0	0	130	0	0	0	0	12	0	0	0	0	0	0	0	0	2	0	0	0	0	0	0	0	0	46	0	0	0	0	0	0	0	0	0.051733	0.0	0.0	0.0	0.156301	0.0	0.0	0.0	0.0	0.248676	0.0	0.0	0.0	0.751324	0.0	0.0	0.0	0.0	
194	277	3115.685575182	3961.194	3961.194	0.250615	0.018496	81	0	0	0	192	0	0	0	0	0.041904	0.0	0.0	0.0	0.146391	0.0	0.0	0.0	0.0	0.02737	0.0	0.0	0.0	2994.38	0.0	0.0	0.0	0.0	0.000338	0.0	0.0	0.0	15.5957	0.0	0.0	0.0	0.0	4	0	0	0	56	0	0	0	0	2	0	0	0	5	0	0	0	0	13	0	0	0	131	0	0	0	0	12	0	0	0	0	0	0	0	0	2	0	0	0	0	0	0	0	0	48	0	0	0	0	0	0	0	0	0.041904	0.0	0.0	0.0	0.146391	0.0	0.0	0.0	0.0	0.222544	0.0	0.0	0.0	0.777456	0.0	0.0	0.0	0.0	
195	278	3121.698982707	3961.194	3961.194	0.249221	0.018088	81	0	0	0	193	0	0	0	0	0.041904	0.0	0.0	0.0	0.136976	0.0	0.0	0.0	0.0	0.02737	0.0	0.0	0.0	3000.4	0.0	0.0	0.0	0.0	0.000338	0.0	0.0	0.0	15.5461	0.0	0.0	0.0	0.0	4	0	0	0	56	0	0	0	0	2	0	0	0	5	0	0	0	0	13	0	0	0	132	0	0	0	0	12	0	0	0	0	0	0	0	0	2	0	0	0	0	0	0	0	0	48	0	0	0	0	0	0	0	0	0.041904	0.0	0.0	0.0	0.136976	0.0	0.0	0.0	0.0	0.234257	0.0	0.0	0.0	0.765743	0.0	0.0	0.0	0.0	
196	279	3125.056140435	3961.194	3961.194	0.246354	0.017263	81	0	0	0	194	0	0	0	0	0.041904	0.0	0.0	0.0	0.128032	0.0	0.0	0.0	0.0	0.02737	0.0	0.0	0.0	3003.75	0.0	0.0	0.0	0.0	0.000338	0.0	0.0	0.0	15.4833	0.0	0.0	0.0	0.0	4	0	0	0	56	0	0	0	0	2	0	0	0	5	0	0	0	0	13	0	0	0	133	0	0	0	0	12	0	0	0	0	0	0	0	0	2	0	0	0	0	0	0	0	0	48	0	0	0	0	0	0	0	0	0.041904	0.0	0.0	0.0	0.128032	0.0	0.0	0.0	0.0	0.246586	0.0	0.0	0.0	0.753414	0.0	0.0	0.0	0.0	
197	284	3141.082082576	3961.194	3961.194	0.244767	0.016814	85	0	0	0	195	0	0	0	0	0.027493	0.0	0.0	0.0	0.120256	0.0	0.0	0.0	0.0	0.028578	0.0	0.0	0.0	3019.78	0.0	0.0	0.0	0.0	0.000336	0.0	0.0	0.0	15.486	0.0	0.0	0.0	0.0	4	0	0	0	56	0	0	0	0	2	0	0	0	5	0	0	0	0	14	0	0	0	134	0	0	0	0	14	0	0	0	0	0	0	0	0	2	0	0	0	0	0	0	0	0	49	0	0	0	0	0	0	0	0	0.027493	0.0	0.0	0.0	0.120256	0.0	0.0	0.0	0.0	0.18608	0.0	0.0	0.0	0.81392	0.0	0.0	0.0	0.0	
198	286	3162.974440573	3961.194	3961.194	0.237336	0.014795	86	0	0	0	196	0	0	0	0	0.024744	0.0	0.0	0.0	0.113006	0.0	0.0	0.0	0.0	0.028776	0.0	0.0	0.0	3041.67	0.0	0.0	0.0	0.0	0.000335	0.0	0.0	0.0	15.5187	0.0	0.0	0.0	0.0	4	0	0	0	56	0	0	0	0	2	0	0	0	5	0	0	0	0	14	0	0	0	135	0	0	0	0	14	0	0	0	0	0	0	0	0	2	0	0	0	0	0	0	0	0	50	0	0	0	0	0	0	0	0	0.024744	0.0	0.0	0.0	0.113006	0.0	0.0	0.0	0.0	0.179629	0.0	0.0	0.0	0.820371	0.0	0.0	0.0	0.0	
199	287	3169.897507504	3961.194	3961.194	0.227547	0.012342	86	0	0	0	197	0	0	0	0	0.024744	0.0	0.0	0.0	0.106119	0.0	0.0	0.0	0.0	0.028776	0.0	0.0	0.0	3048.59	0.0	0.0	0.0	0.0	0.000335	0.0	0.0	0.0	15.4751	0.0	0.0	0.0	0.0	4	0	0	0	56	0	0	0	0	2	0	0	0	5	0	0	0	0	14	0	0	0	136	0	0	0	0	14	0	0	0	0	0	0	0	0	2	0	0	0	0	0	0	0	0	50	0	0	0	0	0	0	0	0	0.024744	0.0	0.0	0.0	0.106119	0.0	0.0	0.0	0.0	0.189083	0.0	0.0	0.0	0.810917	0.0	0.0	0.0	0.0	
200	289	3177.331972857	3961.194	3961.194	0.224536	0.011636	87	0	0	0	198	0	0	0	0	0.022269	0.0	0.0	0.0	0.099699	0.0	0.0	0.0	0.0	0.028979	0.0	0.0	0.0	3056.03	0.0	0.0	0.0	0.0	0.000333	0.0	0.0	0.0	15.4345	0.0	0.0	0.0	0.0	4	0	0	0	56	0	0	0	0	2	0	0	0	5	0	0	0	0	14	0	0	0	137	0	0	0	0	14	0	0	0	0	0	0	0	0	2	0	0	0	0	0	0	0	0	51	0	0	0	0	0	0	0	0	0.022269	0.0	0.0	0.0	0.099699	0.0	0.0	0.0	0.0	0.182583	0.0	0.0	0.0	0.817417	0.0	0.0	0.0	0.0	
201	290	3184.460265407	3961.194	3961.194	0.221347	0.010913	87	0	0	0	199	0	0	0	0	0.022269	0.0	0.0	0.0	0.093601	0.0	0.0	0.0	0.0	0.028979	0.0	0.0	0.0	3063.16	0.0	0.0	0.0	0.0	0.000333	0.0	0.0	0.0	15.3927	0.0	0.0	0.0	0.0	4	0	0	0	56	0	0	0	0	2	0	0	0	5	0	0	0	0	14	0	0	0	138	0	0	0	0	14	0	0	0	0	0	0	0	0	2	0	0	0	0	0	0	0	0	51	0	0	0	0	0	0	0	0	0.022269	0.0	0.0	0.0	0.093601	0.0	0.0	0.0	0.0	0.192193	0.0	0.0	0.0	0.807807	0.0	0.0	0.0	0.0	
202	291	3192.141154845	3961.194	3961.194	0.218332	0.010253	87	0	0	0	200	0	0	0	0	0.022269	0.0	0.0	0.0	0.087807	0.0	0.0	0.0	0.0	0.028979	0.0	0.0	0.0	3070.84	0.0	0.0	0.0	0.0	0.000333	0.0	0.0	0.0	15.3542	0.0	0.0	0.0	0.0	4	0	0	0	56	0	0	0	0	2	0	0	0	5	0	0	0	0	14	0	0	0	139	0	0	0	0	14	0	0	0	0	0	0	0	0	2	0	0	0	0	0	0	0	0	51	0	0	0	0	0	0	0	0	0.022269	0.0	0.0	0.0	0.087807	0.0	0.0	0.0	0.0	0.202308	0.0	0.0	0.0	0.797692	0.0	0.0	0.0	0.0	
203	292	3196.672694387	3961.194	3961.194	0.215129	0.009577	87	0	0	0	201	0	0	0	0	0.022269	0.0	0.0	0.0	0.082303	0.0	0.0	0.0	0.0	0.028979	0.0	0.0	0.0	3075.37	0.0	0.0	0.0	0.0	0.000333	0.0	0.0	0.0	15.3003	0.0	0.0	0.0	0.0	4	0	0	0	56	0	0	0	0	2	0	0	0	5	0	0	0	0	14	0	0	0	140	0	0	0	0	14	0	0	0	0	0	0	0	0	2	0	0	0	0	0	0	0	0	51	0	0	0	0	0	0	0	0	0.022269	0.0	0.0	0.0	0.082303	0.0	0.0	0.0	0.0	0.212956	0.0	0.0	0.0	0.787044	0.0	0.0	0.0	0.0	
204	293	3213.564425925	3961.194	3961.194	0.213262	0.009195	87	0	0	0	202	0	0	0	0	0.022269	0.0	0.0	0.0	0.077075	0.0	0.0	0.0	0.0	0.028979	0.0	0.0	0.0	3092.26	0.0	0.0	0.0	0.0	0.000333	0.0	0.0	0.0	15.3082	0.0	0.0	0.0	0.0	4	0	0	0	56	0	0	0	0	2	0	0	0	5	0	0	0	0	14	0	0	0	141	0	0	0	0	14	0	0	0	0	0	0	0	0	2	0	0	0	0	0	0	0	0	51	0	0	0	0	0	0	0	0	0.022269	0.0	0.0	0.0	0.077075	0.0	0.0	0.0	0.0	0.224164	0.0	0.0	0.0	0.775836	0.0	0.0	0.0	0.0	
205	295	3223.973437039	3961.194	3961.194	0.206442	0.007876	88	0	0	0	203	0	0	0	0	0.020042	0.0	0.0	0.0	0.072219	0.0	0.0	0.0	0.0	0.029398	0.0	0.0	0.0	3102.67	0.0	0.0	0.0	0.0	0.000334	0.0	0.0	0.0	15.2841	0.0	0.0	0.0	0.0	4	0	0	0	56	0	0	0	0	2	0	0	0	5	0	0	0	0	15	0	0	0	142	0	0	0	0	14	0	0	0	0	0	0	0	0	2	0	0	0	0	0	0	0	0	51	0	0	0	0	0	0	0	0	0.020042	0.0	0.0	0.0	0.072219	0.0	0.0	0.0	0.0	0.217236	0.0	0.0	0.0	0.782764	0.0	0.0	0.0	0.0	
206	296	3227.451489883	3961.194	3961.194	0.202349	0.007141	88	0	0	0	204	0	0	0	0	0.020042	0.0	0.0	0.0	0.067606	0.0	0.0	0.0	0.0	0.029398	0.0	0.0	0.0	3106.15	0.0	0.0	0.0	0.0	0.000334	0.0	0.0	0.0	15.2262	0.0	0.0	0.0	0.0	4	0	0	0	56	0	0	0	0	2	0	0	0	5	0	0	0	0	15	0	0	0	143	0	0	0	0	14	0	0	0	0	0	0	0	0	2	0	0	0	0	0	0	0	0	51	0	0	0	0	0	0	0	0	0.020042	0.0	0.0	0.0	0.067606	0.0	0.0	0.0	0.0	0.228669	0.0	0.0	0.0	0.771331	0.0	0.0	0.0	0.0	
207	297	3237.104181355	3961.194	3961.194	0.200999	0.006908	88	0	0	0	205	0	0	0	0	0.020042	0.0	0.0	0.0	0.063223	0.0	0.0	0.0	0.0	0.029398	0.0	0.0	0.0	3115.8	0.0	0.0	0.0	0.0	0.000334	0.0	0.0	0.0	15.199	0.0	0.0	0.0	0.0	4	0	0	0	56	0	0	0	0	2	0	0	0	5	0	0	0	0	15	0	0	0	144	0	0	0	0	14	0	0	0	0	0	0	0	0	2	0	0	0	0	0	0	0	0	51	0	0	0	0	0	0	0	0	0.020042	0.0	0.0	0.0	0.063223	0.0	0.0	0.0	0.0	0.240705	0.0	0.0	0.0	0.759295	0.0	0.0	0.0	0.0	
208	298	3241.388349901	3961.194	3961.194	0.197301	0.006292	88	0	0	0	206	0	0	0	0	0.020042	0.0	0.0	0.0	0.05906	0.0	0.0	0.0	0.0	0.029398	0.0	0.0	0.0	3120.08	0.0	0.0	0.0	0.0	0.000334	0.0	0.0	0.0	15.146	0.0	0.0	0.0	0.0	4	0	0	0	56	0	0	0	0	2	0	0	0	5	0	0	0	0	15	0	0	0	145	0	0	0	0	14	0	0	0	0	0	0	0	0	2	0	0	0	0	0	0	0	0	51	0	0	0	0	0	0	0	0	0.020042	0.0	0.0	0.0	0.05906	0.0	0.0	0.0	0.0	0.253373	0.0	0.0	0.0	0.746627	0.0	0.0	0.0	0.0	
209	300	3259.727215726	3961.194	3961.194	0.195681	0.006034	89	0	0	0	207	0	0	0	0	0.018038	0.0	0.0	0.0	0.055205	0.0	0.0	0.0	0.0	0.029626	0.0	0.0	0.0	3138.42	0.0	0.0	0.0	0.0	0.000333	0.0	0.0	0.0	15.1615	0.0	0.0	0.0	0.0	4	0	0	0	56	0	0	0	0	2	0	0	0	5	0	0	0	0	15	0	0	0	146	0	0	0	0	14	0	0	0	0	0	0	0	0	2	0	0	0	0	0	0	0	0	52	0	0	0	0	0	0	0	0	0.018038	0.0	0.0	0.0	0.055205	0.0	0.0	0.0	0.0	0.246278	0.0	0.0	0.0	0.753722	0.0	0.0	0.0	0.0	
210	301	3277.980061495	3961.194	3961.194	0.188897	0.005022	89	0	0	0	208	0	0	0	0	0.018038	0.0	0.0	0.0	0.051543	0.0	0.0	0.0	0.0	0.029626	0.0	0.0	0.0	3156.68	0.0	0.0	0.0	0.0	0.000333	0.0	0.0	0.0	15.1763	0.0	0.0	0.0	0.0	4	0	0	0	56	0	0	0	0	2	0	0	0	5	0	0	0	0	15	0	0	0	147	0	0	0	0	14	0	0	0	0	0	0	0	0	2	0	0	0	0	0	0	0	0	52	0	0	0	0	0	0	0	0	0.018038	0.0	0.0	0.0	0.051543	0.0	0.0	0.0	0.0	0.25924	0.0	0.0	0.0	0.74076	0.0	0.0	0.0	0.0	
211	302	3288.71194894	3961.194	3961.194	0.182379	0.004156	89	0	0	0	209	0	0	0	0	0.018038	0.0	0.0	0.0	0.048064	0.0	0.0	0.0	0.0	0.029626	0.0	0.0	0.0	3167.41	0.0	0.0	0.0	0.0	0.000333	0.0	0.0	0.0	15.1551	0.0	0.0	0.0	0.0	4	0	0	0	56	0	0	0	0	2	0	0	0	5	0	0	0	0	15	0	0	0	148	0	0	0	0	14	0	0	0	0	0	0	0	0	2	0	0	0	0	0	0	0	0	52	0	0	0	0	0	0	0	0	0.018038	0.0	0.0	0.0	0.048064	0.0	0.0	0.0	0.0	0.272884	0.0	0.0	0.0	0.727116	0.0	0.0	0.0	0.0	
212	304	3332.098976316	3961.194	3961.194	0.178651	0.003707	90	0	0	0	210	0	0	0	0	0.016234	0.0	0.0	0.0	0.044849	0.0	0.0	0.0	0.0	0.029892	0.0	0.0	0.0	3210.79	0.0	0.0	0.0	0.0	0.000332	0.0	0.0	0.0	15.2895	0.0	0.0	0.0	0.0	4	0	0	0	56	0	0	0	0	2	0	0	0	5	0	0	0	0	15	0	0	0	149	0	0	0	0	14	0	0	0	0	0	0	0	0	2	0	0	0	0	0	0	0	0	53	0	0	0	0	0	0	0	0	0.016234	0.0	0.0	0.0	0.044849	0.0	0.0	0.0	0.0	0.265774	0.0	0.0	0.0	0.734226	0.0	0.0	0.0	0.0	
213	305	3339.778445632	3961.194	3961.194	0.164344	0.002277	90	0	0	0	211	0	0	0	0	0.016234	0.0	0.0	0.0	0.041795	0.0	0.0	0.0	0.0	0.029892	0.0	0.0	0.0	3218.47	0.0	0.0	0.0	0.0	0.000332	0.0	0.0	0.0	15.2534	0.0	0.0	0.0	0.0	4	0	0	0	56	0	0	0	0	2	0	0	0	5	0	0	0	0	15	0	0	0	150	0	0	0	0	14	0	0	0	0	0	0	0	0	2	0	0	0	0	0	0	0	0	53	0	0	0	0	0	0	0	0	0.016234	0.0	0.0	0.0	0.041795	0.0	0.0	0.0	0.0	0.279762	0.0	0.0	0.0	0.720238	0.0	0.0	0.0	0.0	
214	306	3352.730773777	3961.194	3961.194	0.161933	0.00208	90	0	0	0	212	0	0	0	0	0.016234	0.0	0.0	0.0	0.038893	0.0	0.0	0.0	0.0	0.029892	0.0	0.0	0.0	3231.43	0.0	0.0	0.0	0.0	0.000332	0.0	0.0	0.0	15.2426	0.0	0.0	0.0	0.0	4	0	0	0	56	0	0	0	0	2	0	0	0	5	0	0	0	0	15	0	0	0	151	0	0	0	0	14	0	0	0	0	0	0	0	0	2	0	0	0	0	0	0	0	0	53	0	0	0	0	0	0	0	0	0.016234	0.0	0.0	0.0	0.038893	0.0	0.0	0.0	0.0	0.294487	0.0	0.0	0.0	0.705513	0.0	0.0	0.0	0.0	
215	307	3359.0039905	3961.194	3961.194	0.157948	0.00178	90	0	0	0	213	0	0	0	0	0.016234	0.0	0.0	0.0	0.036137	0.0	0.0	0.0	0.0	0.029892	0.0	0.0	0.0	3237.7	0.0	0.0	0.0	0.0	0.000332	0.0	0.0	0.0	15.2005	0.0	0.0	0.0	0.0	4	0	0	0	56	0	0	0	0	2	0	0	0	5	0	0	0	0	15	0	0	0	152	0	0	0	0	14	0	0	0	0	0	0	0	0	2	0	0	0	0	0	0	0	0	53	0	0	0	0	0	0	0	0	0.016234	0.0	0.0	0.0	0.036137	0.0	0.0	0.0	0.0	0.309986	0.0	0.0	0.0	0.690014	0.0	0.0	0.0	0.0	
216	308	3364.548771453	3961.194	3961.194	0.156053	0.001648	90	0	0	0	214	0	0	0	0	0.016234	0.0	0.0	0.0	0.033518	0.0	0.0	0.0	0.0	0.029892	0.0	0.0	0.0	3243.24	0.0	0.0	0.0	0.0	0.000332	0.0	0.0	0.0	15.1553	0.0	0.0	0.0	0.0	4	0	0	0	56	0	0	0	0	2	0	0	0	5	0	0	0	0	15	0	0	0	153	0	0	0	0	14	0	0	0	0	0	0	0	0	2	0	0	0	0	0	0	0	0	53	0	0	0	0	0	0	0	0	0.016234	0.0	0.0	0.0	0.033518	0.0	0.0	0.0	0.0	0.326301	0.0	0.0	0.0	0.673699	0.0	0.0	0.0	0.0	
217	309	3367.708562155	3961.194	3961.194	0.154397	0.001539	90	0	0	0	215	0	0	0	0	0.016234	0.0	0.0	0.0	0.031031	0.0	0.0	0.0	0.0	0.029892	0.0	0.0	0.0	3246.4	0.0	0.0	0.0	0.0	0.000332	0.0	0.0	0.0	15.0996	0.0	0.0	0.0	0.0	4	0	0	0	56	0	0	0	0	2	0	0	0	5	0	0	0	0	15	0	0	0	154	0	0	0	0	14	0	0	0	0	0	0	0	0	2	0	0	0	0	0	0	0	0	53	0	0	0	0	0	0	0	0	0.016234	0.0	0.0	0.0	0.031031	0.0	0.0	0.0	0.0	0.343475	0.0	0.0	0.0	0.656525	0.0	0.0	0.0	0.0	
218	310	3388.328053571	3961.194	3961.194	0.153461	0.001479	90	0	0	0	216	0	0	0	0	0.016234	0.0	0.0	0.0	0.028668	0.0	0.0	0.0	0.0	0.029892	0.0	0.0	0.0	3267.02	0.0	0.0	0.0	0.0	0.000332	0.0	0.0	0.0	15.1251	0.0	0.0	0.0	0.0	4	0	0	0	56	0	0	0	0	2	0	0	0	5	0	0	0	0	15	0	0	0	155	0	0	0	0	14	0	0	0	0	0	0	0	0	2	0	0	0	0	0	0	0	0	53	0	0	0	0	0	0	0	0	0.016234	0.0	0.0	0.0	0.028668	0.0	0.0	0.0	0.0	0.361552	0.0	0.0	0.0	0.638448	0.0	0.0	0.0	0.0	
219	313	3392.1437998	3961.194	3961.194	0.147492	0.001136	92	0	0	0	217	0	0	0	0	0.01315	0.0	0.0	0.0	0.026577	0.0	0.0	0.0	0.0	0.030664	0.0	0.0	0.0	3270.84	0.0	0.0	0.0	0.0	0.000333	0.0	0.0	0.0	15.073	0.0	0.0	0.0	0.0	4	0	0	0	56	0	0	0	0	2	0	0	0	5	0	0	0	0	16	0	0	0	156	0	0	0	0	15	0	0	0	0	0	0	0	0	2	0	0	0	0	0	0	0	0	53	0	0	0	0	0	0	0	0	0.01315	0.0	0.0	0.0	0.026577	0.0	0.0	0.0	0.0	0.33101	0.0	0.0	0.0	0.66899	0.0	0.0	0.0	0.0	
220	314	3396.585768795	3961.194	3961.194	0.146413	0.001081	92	0	0	0	218	0	0	0	0	0.01315	0.0	0.0	0.0	0.02459	0.0	0.0	0.0	0.0	0.030664	0.0	0.0	0.0	3275.28	0.0	0.0	0.0	0.0	0.000333	0.0	0.0	0.0	15.0242	0.0	0.0	0.0	0.0	4	0	0	0	56	0	0	0	0	2	0	0	0	5	0	0	0	0	16	0	0	0	157	0	0	0	0	15	0	0	0	0	0	0	0	0	2	0	0	0	0	0	0	0	0	53	0	0	0	0	0	0	0	0	0.01315	0.0	0.0	0.0	0.02459	0.0	0.0	0.0	0.0	0.348431	0.0	0.0	0.0	0.651569	0.0	0.0	0.0	0.0	
221	315	3420.886512318	3955.194	3955.194	0.145167	0.001019	92	0	0	0	219	0	0	0	0	0.01315	0.0	0.0	0.0	0.099441	0.0	0.0	0.0	0.0	0.030664	0.0	0.0	0.0	3299.58	0.0	0.0	0.0	0.0	0.000333	0.0	0.0	0.0	15.0666	0.0	0.0	0.0	0.0	4	0	0	0	57	0	0	0	0	2	0	0	0	5	0	0	0	0	16	0	0	0	157	0	0	0	0	15	0	0	0	0	0	0	0	0	2	0	0	0	0	0	0	0	0	53	0	0	0	0	0	0	0	0	0.01315	0.0	0.0	0.0	0.099441	0.0	0.0	0.0	0.0	0.116793	0.0	0.0	0.0	0.883207	0.0	0.0	0.0	0.0	
222	316	3423.91038013	3955.194	3955.194	0.138536	0.000733	92	0	0	0	220	0	0	0	0	0.01315	0.0	0.0	0.0	0.093812	0.0	0.0	0.0	0.0	0.030664	0.0	0.0	0.0	3302.6	0.0	0.0	0.0	0.0	0.000333	0.0	0.0	0.0	15.0118	0.0	0.0	0.0	0.0	4	0	0	0	57	0	0	0	0	2	0	0	0	5	0	0	0	0	16	0	0	0	158	0	0	0	0	15	0	0	0	0	0	0	0	0	2	0	0	0	0	0	0	0	0	53	0	0	0	0	0	0	0	0	0.01315	0.0	0.0	0.0	0.093812	0.0	0.0	0.0	0.0	0.12294	0.0	0.0	0.0	0.87706	0.0	0.0	0.0	0.0	
223	317	3431.21463313	3955.194	3955.194	0.137733	0.000703	92	0	0	0	221	0	0	0	0	0.01315	0.0	0.0	0.0	0.088464	0.0	0.0	0.0	0.0	0.030664	0.0	0.0	0.0	3309.91	0.0	0.0	0.0	0.0	0.000333	0.0	0.0	0.0	14.977	0.0	0.0	0.0	0.0	4	0	0	0	57	0	0	0	0	2	0	0	0	5	0	0	0	0	16	0	0	0	159	0	0	0	0	15	0	0	0	0	0	0	0	0	2	0	0	0	0	0	0	0	0	53	0	0	0	0	0	0	0	0	0.01315	0.0	0.0	0.0	0.088464	0.0	0.0	0.0	0.0	0.129411	0.0	0.0	0.0	0.870589	0.0	0.0	0.0	0.0	
224	318	3433.851903479	3955.194	3955.194	0.13581	0.000634	92	0	0	0	222	0	0	0	0	0.01315	0.0	0.0	0.0	0.083383	0.0	0.0	0.0	0.0	0.030664	0.0	0.0	0.0	3312.55	0.0	0.0	0.0	0.0	0.000333	0.0	0.0	0.0	14.9214	0.0	0.0	0.0	0.0	4	0	0	0	57	0	0	0	0	2	0	0	0	5	0	0	0	0	16	0	0	0	160	0	0	0	0	15	0	0	0	0	0	0	0	0	2	0	0	0	0	0	0	0	0	53	0	0	0	0	0	0	0	0	0.01315	0.0	0.0	0.0	0.083383	0.0	0.0	0.0	0.0	0.136222	0.0	0.0	0.0	0.863778	0.0	0.0	0.0	0.0	
225	319	3438.243087547	3955.194	3955.194	0.135123	0.000611	92	0	0	0	223	0	0	0	0	0.01315	0.0	0.0	0.0	0.078556	0.0	0.0	0.0	0.0	0.030664	0.0	0.0	0.0	3316.94	0.0	0.0	0.0	0.0	0.000333	0.0	0.0	0.0	14.8742	0.0	0.0	0.0	0.0	4	0	0	0	57	0	0	0	0	2	0	0	0	5	0	0	0	0	16	0	0	0	161	0	0	0	0	15	0	0	0	0	0	0	0	0	2	0	0	0	0	0	0	0	0	53	0	0	0	0	0	0	0	0	0.01315	0.0	0.0	0.0	0.078556	0.0	0.0	0.0	0.0	0.143391	0.0	0.0	0.0	0.856609	0.0	0.0	0.0	0.0	
226	320	3500.88461437	3955.194	3955.194	0.133986	0.000574	92	0	0	0	224	0	0	0	0	0.01315	0.0	0.0	0.0	0.073971	0.0	0.0	0.0	0.0	0.030664	0.0	0.0	0.0	3379.58	0.0	0.0	0.0	0.0	0.000333	0.0	0.0	0.0	15.0874	0.0	0.0	0.0	0.0	4	0	0	0	57	0	0	0	0	2	0	0	0	5	0	0	0	0	16	0	0	0	162	0	0	0	0	15	0	0	0	0	0	0	0	0	2	0	0	0	0	0	0	0	0	53	0	0	0	0	0	0	0	0	0.01315	0.0	0.0	0.0	0.073971	0.0	0.0	0.0	0.0	0.150938	0.0	0.0	0.0	0.849062	0.0	0.0	0.0	0.0	
227	321	3577.29211226	3955.194	3955.194	0.118773	0.000221	92	0	0	0	225	0	0	0	0	0.01315	0.0	0.0	0.0	0.069615	0.0	0.0	0.0	0.0	0.030664	0.0	0.0	0.0	3455.99	0.0	0.0	0.0	0.0	0.000333	0.0	0.0	0.0	15.3599	0.0	0.0	0.0	0.0	4	0	0	0	57	0	0	0	0	2	0	0	0	5	0	0	0	0	16	0	0	0	163	0	0	0	0	15	0	0	0	0	0	0	0	0	2	0	0	0	0	0	0	0	0	53	0	0	0	0	0	0	0	0	0.01315	0.0	0.0	0.0	0.069615	0.0	0.0	0.0	0.0	0.158882	0.0	0.0	0.0	0.841118	0.0	0.0	0.0	0.0	
228	322	3586.502055327	3955.194	3955.194	0.102535	5.8e-5	92	0	0	0	226	0	0	0	0	0.01315	0.0	0.0	0.0	0.065477	0.0	0.0	0.0	0.0	0.030664	0.0	0.0	0.0	3465.2	0.0	0.0	0.0	0.0	0.000333	0.0	0.0	0.0	15.3327	0.0	0.0	0.0	0.0	4	0	0	0	57	0	0	0	0	2	0	0	0	5	0	0	0	0	16	0	0	0	164	0	0	0	0	15	0	0	0	0	0	0	0	0	2	0	0	0	0	0	0	0	0	53	0	0	0	0	0	0	0	0	0.01315	0.0	0.0	0.0	0.065477	0.0	0.0	0.0	0.0	0.167245	0.0	0.0	0.0	0.832755	0.0	0.0	0.0	0.0	
229	323	3593.654835795	3955.194	3955.194	0.100734	4.9e-5	92	0	0	0	227	0	0	0	0	0.01315	0.0	0.0	0.0	0.061545	0.0	0.0	0.0	0.0	0.030664	0.0	0.0	0.0	3472.35	0.0	0.0	0.0	0.0	0.000333	0.0	0.0	0.0	15.2967	0.0	0.0	0.0	0.0	4	0	0	0	57	0	0	0	0	2	0	0	0	5	0	0	0	0	16	0	0	0	165	0	0	0	0	15	0	0	0	0	0	0	0	0	2	0	0	0	0	0	0	0	0	53	0	0	0	0	0	0	0	0	0.01315	0.0	0.0	0.0	0.061545	0.0	0.0	0.0	0.0	0.176047	0.0	0.0	0.0	0.823953	0.0	0.0	0.0	0.0	
230	324	3612.580953374	3955.194	3955.194	0.099358	4.3e-5	92	0	0	0	228	0	0	0	0	0.01315	0.0	0.0	0.0	0.057811	0.0	0.0	0.0	0.0	0.030664	0.0	0.0	0.0	3491.27	0.0	0.0	0.0	0.0	0.000333	0.0	0.0	0.0	15.3126	0.0	0.0	0.0	0.0	4	0	0	0	57	0	0	0	0	2	0	0	0	5	0	0	0	0	16	0	0	0	166	0	0	0	0	15	0	0	0	0	0	0	0	0	2	0	0	0	0	0	0	0	0	53	0	0	0	0	0	0	0	0	0.01315	0.0	0.0	0.0	0.057811	0.0	0.0	0.0	0.0	0.185313	0.0	0.0	0.0	0.814687	0.0	0.0	0.0	0.0	
231	325	3617.717500261	3955.194	3955.194	0.095805	2.9e-5	92	0	0	0	229	0	0	0	0	0.01315	0.0	0.0	0.0	0.054263	0.0	0.0	0.0	0.0	0.030664	0.0	0.0	0.0	3496.41	0.0	0.0	0.0	0.0	0.000333	0.0	0.0	0.0	15.2682	0.0	0.0	0.0	0.0	4	0	0	0	57	0	0	0	0	2	0	0	0	5	0	0	0	0	16	0	0	0	167	0	0	0	0	15	0	0	0	0	0	0	0	0	2	0	0	0	0	0	0	0	0	53	0	0	0	0	0	0	0	0	0.01315	0.0	0.0	0.0	0.054263	0.0	0.0	0.0	0.0	0.195066	0.0	0.0	0.0	0.804934	0.0	0.0	0.0	0.0	
232	326	3621.34356666	3955.194	3955.194	0.094862	2.6e-5	92	0	0	0	230	0	0	0	0	0.01315	0.0	0.0	0.0	0.050892	0.0	0.0	0.0	0.0	0.030664	0.0	0.0	0.0	3500.04	0.0	0.0	0.0	0.0	0.000333	0.0	0.0	0.0	15.2176	0.0	0.0	0.0	0.0	4	0	0	0	57	0	0	0	0	2	0	0	0	5	0	0	0	0	16	0	0	0	168	0	0	0	0	15	0	0	0	0	0	0	0	0	2	0	0	0	0	0	0	0	0	53	0	0	0	0	0	0	0	0	0.01315	0.0	0.0	0.0	0.050892	0.0	0.0	0.0	0.0	0.205333	0.0	0.0	0.0	0.794667	0.0	0.0	0.0	0.0	
233	327	3634.022573168	3955.194	3955.194	0.094203	2.5e-5	92	0	0	0	231	0	0	0	0	0.01315	0.0	0.0	0.0	0.04769	0.0	0.0	0.0	0.0	0.030664	0.0	0.0	0.0	3512.72	0.0	0.0	0.0	0.0	0.000333	0.0	0.0	0.0	15.2066	0.0	0.0	0.0	0.0	4	0	0	0	57	0	0	0	0	2	0	0	0	5	0	0	0	0	16	0	0	0	169	0	0	0	0	15	0	0	0	0	0	0	0	0	2	0	0	0	0	0	0	0	0	53	0	0	0	0	0	0	0	0	0.01315	0.0	0.0	0.0	0.04769	0.0	0.0	0.0	0.0	0.21614	0.0	0.0	0.0	0.78386	0.0	0.0	0.0	0.0	
234	328	3648.396258101	3955.194	3955.194	0.091933	1.9e-5	92	0	0	0	232	0	0	0	0	0.01315	0.0	0.0	0.0	0.044648	0.0	0.0	0.0	0.0	0.030664	0.0	0.0	0.0	3527.09	0.0	0.0	0.0	0.0	0.000333	0.0	0.0	0.0	15.203	0.0	0.0	0.0	0.0	4	0	0	0	57	0	0	0	0	2	0	0	0	5	0	0	0	0	16	0	0	0	170	0	0	0	0	15	0	0	0	0	0	0	0	0	2	0	0	0	0	0	0	0	0	53	0	0	0	0	0	0	0	0	0.01315	0.0	0.0	0.0	0.044648	0.0	0.0	0.0	0.0	0.227515	0.0	0.0	0.0	0.772485	0.0	0.0	0.0	0.0	
235	329	3667.5331963	3955.194	3955.194	0.089425	1.4e-5	92	0	0	0	233	0	0	0	0	0.01315	0.0	0.0	0.0	0.041758	0.0	0.0	0.0	0.0	0.030664	0.0	0.0	0.0	3546.23	0.0	0.0	0.0	0.0	0.000333	0.0	0.0	0.0	15.2199	0.0	0.0	0.0	0.0	4	0	0	0	57	0	0	0	0	2	0	0	0	5	0	0	0	0	16	0	0	0	171	0	0	0	0	15	0	0	0	0	0	0	0	0	2	0	0	0	0	0	0	0	0	53	0	0	0	0	0	0	0	0	0.01315	0.0	0.0	0.0	0.041758	0.0	0.0	0.0	0.0	0.23949	0.0	0.0	0.0	0.76051	0.0	0.0	0.0	0.0	
236	330	3677.293898641	3955.194	3955.194	0.086192	9.0e-6	92	0	0	0	234	0	0	0	0	0.01315	0.0	0.0	0.0	0.039013	0.0	0.0	0.0	0.0	0.030664	0.0	0.0	0.0	3555.99	0.0	0.0	0.0	0.0	0.000333	0.0	0.0	0.0	15.1965	0.0	0.0	0.0	0.0	4	0	0	0	57	0	0	0	0	2	0	0	0	5	0	0	0	0	16	0	0	0	172	0	0	0	0	15	0	0	0	0	0	0	0	0	2	0	0	0	0	0	0	0	0	53	0	0	0	0	0	0	0	0	0.01315	0.0	0.0	0.0	0.039013	0.0	0.0	0.0	0.0	0.252094	0.0	0.0	0.0	0.747906	0.0	0.0	0.0	0.0	
237	331	3682.732272038	3955.194	3955.194	0.084589	7.0e-6	92	0	0	0	235	0	0	0	0	0.01315	0.0	0.0	0.0	0.036404	0.0	0.0	0.0	0.0	0.030664	0.0	0.0	0.0	3561.43	0.0	0.0	0.0	0.0	0.000333	0.0	0.0	0.0	15.155	0.0	0.0	0.0	0.0	4	0	0	0	57	0	0	0	0	2	0	0	0	5	0	0	0	0	16	0	0	0	173	0	0	0	0	15	0	0	0	0	0	0	0	0	2	0	0	0	0	0	0	0	0	53	0	0	0	0	0	0	0	0	0.01315	0.0	0.0	0.0	0.036404	0.0	0.0	0.0	0.0	0.265363	0.0	0.0	0.0	0.734637	0.0	0.0	0.0	0.0	
238	332	3695.165197543	3955.194	3955.194	0.083708	6.0e-6	92	0	0	0	236	0	0	0	0	0.01315	0.0	0.0	0.0	0.033927	0.0	0.0	0.0	0.0	0.030664	0.0	0.0	0.0	3573.86	0.0	0.0	0.0	0.0	0.000333	0.0	0.0	0.0	15.1435	0.0	0.0	0.0	0.0	4	0	0	0	57	0	0	0	0	2	0	0	0	5	0	0	0	0	16	0	0	0	174	0	0	0	0	15	0	0	0	0	0	0	0	0	2	0	0	0	0	0	0	0	0	53	0	0	0	0	0	0	0	0	0.01315	0.0	0.0	0.0	0.033927	0.0	0.0	0.0	0.0	0.279329	0.0	0.0	0.0	0.720671	0.0	0.0	0.0	0.0	
239	333	3702.514750241	3955.194	3955.194	0.08173	5.0e-6	92	0	0	0	237	0	0	0	0	0.01315	0.0	0.0	0.0	0.031573	0.0	0.0	0.0	0.0	0.030664	0.0	0.0	0.0	3581.21	0.0	0.0	0.0	0.0	0.000333	0.0	0.0	0.0	15.1106	0.0	0.0	0.0	0.0	4	0	0	0	57	0	0	0	0	2	0	0	0	5	0	0	0	0	16	0	0	0	175	0	0	0	0	15	0	0	0	0	0	0	0	0	2	0	0	0	0	0	0	0	0	53	0	0	0	0	0	0	0	0	0.01315	0.0	0.0	0.0	0.031573	0.0	0.0	0.0	0.0	0.294031	0.0	0.0	0.0	0.705969	0.0	0.0	0.0	0.0	
240	334	3795.378034668	3955.194	3955.194	0.080582	4.0e-6	92	0	0	0	238	0	0	0	0	0.01315	0.0	0.0	0.0	0.029337	0.0	0.0	0.0	0.0	0.030664	0.0	0.0	0.0	3674.07	0.0	0.0	0.0	0.0	0.000333	0.0	0.0	0.0	15.4373	0.0	0.0	0.0	0.0	4	0	0	0	57	0	0	0	0	2	0	0	0	5	0	0	0	0	16	0	0	0	176	0	0	0	0	15	0	0	0	0	0	0	0	0	2	0	0	0	0	0	0	0	0	53	0	0	0	0	0	0	0	0	0.01315	0.0	0.0	0.0	0.029337	0.0	0.0	0.0	0.0	0.309506	0.0	0.0	0.0	0.690494	0.0	0.0	0.0	0.0	
241	335	3832.88398789	3955.194	3955.194	0.067398	0.0	92	0	0	0	239	0	0	0	0	0.01315	0.0	0.0	0.0	0.027212	0.0	0.0	0.0	0.0	0.030664	0.0	0.0	0.0	3711.58	0.0	0.0	0.0	0.0	0.000333	0.0	0.0	0.0	15.5296	0.0	0.0	0.0	0.0	4	0	0	0	57	0	0	0	0	2	0	0	0	5	0	0	0	0	16	0	0	0	177	0	0	0	0	15	0	0	0	0	0	0	0	0	2	0	0	0	0	0	0	0	0	53	0	0	0	0	0	0	0	0	0.01315	0.0	0.0	0.0	0.027212	0.0	0.0	0.0	0.0	0.325796	0.0	0.0	0.0	0.674204	0.0	0.0	0.0	0.0	
242	336	3851.991885675	3955.194	3955.194	0.062705	0.0	92	0	0	0	240	0	0	0	0	0.01315	0.0	0.0	0.0	0.025194	0.0	0.0	0.0	0.0	0.030664	0.0	0.0	0.0	3730.69	0.0	0.0	0.0	0.0	0.000333	0.0	0.0	0.0	15.5445	0.0	0.0	0.0	0.0	4	0	0	0	57	0	0	0	0	2	0	0	0	5	0	0	0	0	16	0	0	0	178	0	0	0	0	15	0	0	0	0	0	0	0	0	2	0	0	0	0	0	0	0	0	53	0	0	0	0	0	0	0	0	0.01315	0.0	0.0	0.0	0.025194	0.0	0.0	0.0	0.0	0.342943	0.0	0.0	0.0	0.657057	0.0	0.0	0.0	0.0	
243	337	3860.865015144	3952.694	3952.694	0.060442	0.0	92	0	0	0	241	0	0	0	0	0.01315	0.0	0.0	0.0	0.099374	0.0	0.0	0.0	0.0	0.030664	0.0	0.0	0.0	3739.56	0.0	0.0	0.0	0.0	0.000333	0.0	0.0	0.0	15.5168	0.0	0.0	0.0	0.0	4	0	0	0	58	0	0	0	0	2	0	0	0	5	0	0	0	0	16	0	0	0	178	0	0	0	0	15	0	0	0	0	0	0	0	0	2	0	0	0	0	0	0	0	0	53	0	0	0	0	0	0	0	0	0.01315	0.0	0.0	0.0	0.099374	0.0	0.0	0.0	0.0	0.116863	0.0	0.0	0.0	0.883137	0.0	0.0	0.0	0.0	
244	338	3868.158130812	3952.694	3952.694	0.059419	0.0	92	0	0	0	242	0	0	0	0	0.01315	0.0	0.0	0.0	0.093748	0.0	0.0	0.0	0.0	0.030664	0.0	0.0	0.0	3746.85	0.0	0.0	0.0	0.0	0.000333	0.0	0.0	0.0	15.4829	0.0	0.0	0.0	0.0	4	0	0	0	58	0	0	0	0	2	0	0	0	5	0	0	0	0	16	0	0	0	179	0	0	0	0	15	0	0	0	0	0	0	0	0	2	0	0	0	0	0	0	0	0	53	0	0	0	0	0	0	0	0	0.01315	0.0	0.0	0.0	0.093748	0.0	0.0	0.0	0.0	0.123014	0.0	0.0	0.0	0.876986	0.0	0.0	0.0	0.0	
245	339	3875.989912688	3952.694	3952.694	0.058591	0.0	92	0	0	0	243	0	0	0	0	0.01315	0.0	0.0	0.0	0.088403	0.0	0.0	0.0	0.0	0.030664	0.0	0.0	0.0	3754.68	0.0	0.0	0.0	0.0	0.000333	0.0	0.0	0.0	15.4514	0.0	0.0	0.0	0.0	4	0	0	0	58	0	0	0	0	2	0	0	0	5	0	0	0	0	16	0	0	0	180	0	0	0	0	15	0	0	0	0	0	0	0	0	2	0	0	0	0	0	0	0	0	53	0	0	0	0	0	0	0	0	0.01315	0.0	0.0	0.0	0.088403	0.0	0.0	0.0	0.0	0.129488	0.0	0.0	0.0	0.870512	0.0	0.0	0.0	0.0	
246	340	3894.08553167	3952.694	3952.694	0.057715	0.0	92	0	0	0	244	0	0	0	0	0.01315	0.0	0.0	0.0	0.083325	0.0	0.0	0.0	0.0	0.030664	0.0	0.0	0.0	3772.78	0.0	0.0	0.0	0.0	0.000333	0.0	0.0	0.0	15.4622	0.0	0.0	0.0	0.0	4	0	0	0	58	0	0	0	0	2	0	0	0	5	0	0	0	0	16	0	0	0	181	0	0	0	0	15	0	0	0	0	0	0	0	0	2	0	0	0	0	0	0	0	0	53	0	0	0	0	0	0	0	0	0.01315	0.0	0.0	0.0	0.083325	0.0	0.0	0.0	0.0	0.136303	0.0	0.0	0.0	0.863697	0.0	0.0	0.0	0.0	
247	341	3904.302511125	3952.694	3952.694	0.05574	0.0	92	0	0	0	245	0	0	0	0	0.01315	0.0	0.0	0.0	0.078502	0.0	0.0	0.0	0.0	0.030664	0.0	0.0	0.0	3783.0	0.0	0.0	0.0	0.0	0.000333	0.0	0.0	0.0	15.4408	0.0	0.0	0.0	0.0	4	0	0	0	58	0	0	0	0	2	0	0	0	5	0	0	0	0	16	0	0	0	182	0	0	0	0	15	0	0	0	0	0	0	0	0	2	0	0	0	0	0	0	0	0	53	0	0	0	0	0	0	0	0	0.01315	0.0	0.0	0.0	0.078502	0.0	0.0	0.0	0.0	0.143477	0.0	0.0	0.0	0.856523	0.0	0.0	0.0	0.0	
248	342	3928.596094739	3952.694	3952.694	0.054655	0.0	92	0	0	0	246	0	0	0	0	0.01315	0.0	0.0	0.0	0.073919	0.0	0.0	0.0	0.0	0.030664	0.0	0.0	0.0	3807.29	0.0	0.0	0.0	0.0	0.000333	0.0	0.0	0.0	15.4768	0.0	0.0	0.0	0.0	4	0	0	0	58	0	0	0	0	2	0	0	0	5	0	0	0	0	16	0	0	0	183	0	0	0	0	15	0	0	0	0	0	0	0	0	2	0	0	0	0	0	0	0	0	53	0	0	0	0	0	0	0	0	0.01315	0.0	0.0	0.0	0.073919	0.0	0.0	0.0	0.0	0.151028	0.0	0.0	0.0	0.848972	0.0	0.0	0.0	0.0	
249	343	3931.910304571	3952.694	3952.694	0.052159	0.0	92	0	0	0	247	0	0	0	0	0.01315	0.0	0.0	0.0	0.069566	0.0	0.0	0.0	0.0	0.030664	0.0	0.0	0.0	3810.6	0.0	0.0	0.0	0.0	0.000333	0.0	0.0	0.0	15.4275	0.0	0.0	0.0	0.0	4	0	0	0	58	0	0	0	0	2	0	0	0	5	0	0	0	0	16	0	0	0	184	0	0	0	0	15	0	0	0	0	0	0	0	0	2	0	0	0	0	0	0	0	0	53	0	0	0	0	0	0	0	0	0.01315	0.0	0.0	0.0	0.069566	0.0	0.0	0.0	0.0	0.158977	0.0	0.0	0.0	0.841023	0.0	0.0	0.0	0.0	
250	346	3937.948796771	3952.694	3952.694	0.051827	0.0	94	0	0	0	248	0	0	0	0	0.010651	0.0	0.0	0.0	0.065555	0.0	0.0	0.0	0.0	0.031355	0.0	0.0	0.0	3816.64	0.0	0.0	0.0	0.0	0.000334	0.0	0.0	0.0	15.3897	0.0	0.0	0.0	0.0	4	0	0	0	58	0	0	0	0	2	0	0	0	5	0	0	0	0	17	0	0	0	185	0	0	0	0	15	0	0	0	0	0	0	0	0	2	0	0	0	0	0	0	0	0	54	0	0	0	0	0	0	0	0	0.010651	0.0	0.0	0.0	0.065555	0.0	0.0	0.0	0.0	0.139771	0.0	0.0	0.0	0.860229	0.0	0.0	0.0	0.0	
251	347	3949.075106922	3952.694	3952.694	0.051229	0.0	94	0	0	0	249	0	0	0	0	0.010651	0.0	0.0	0.0	0.061744	0.0	0.0	0.0	0.0	0.031355	0.0	0.0	0.0	3827.77	0.0	0.0	0.0	0.0	0.000334	0.0	0.0	0.0	15.3726	0.0	0.0	0.0	0.0	4	0	0	0	58	0	0	0	0	2	0	0	0	5	0	0	0	0	17	0	0	0	186	0	0	0	0	15	0	0	0	0	0	0	0	0	2	0	0	0	0	0	0	0	0	54	0	0	0	0	0	0	0	0	0.010651	0.0	0.0	0.0	0.061744	0.0	0.0	0.0	0.0	0.147127	0.0	0.0	0.0	0.852873	0.0	0.0	0.0	0.0	
252	349	3957.022840428	3952.694	3952.694	0.050144	0.0	95	0	0	0	250	0	0	0	0	0.009586	0.0	0.0	0.0	0.058178	0.0	0.0	0.0	0.0	0.031552	0.0	0.0	0.0	3835.72	0.0	0.0	0.0	0.0	0.000332	0.0	0.0	0.0	15.3429	0.0	0.0	0.0	0.0	4	0	0	0	58	0	0	0	0	2	0	0	0	5	0	0	0	0	17	0	0	0	187	0	0	0	0	15	0	0	0	0	0	0	0	0	2	0	0	0	0	0	0	0	0	55	0	0	0	0	0	0	0	0	0.009586	0.0	0.0	0.0	0.058178	0.0	0.0	0.0	0.0	0.141465	0.0	0.0	0.0	0.858535	0.0	0.0	0.0	0.0	
253	350	3974.892598708	3952.694	3952.694	0.049383	0.0	95	0	0	0	251	0	0	0	0	0.009586	0.0	0.0	0.0	0.05479	0.0	0.0	0.0	0.0	0.031552	0.0	0.0	0.0	3853.59	0.0	0.0	0.0	0.0	0.000332	0.0	0.0	0.0	15.3529	0.0	0.0	0.0	0.0	4	0	0	0	58	0	0	0	0	2	0	0	0	5	0	0	0	0	17	0	0	0	188	0	0	0	0	15	0	0	0	0	0	0	0	0	2	0	0	0	0	0	0	0	0	55	0	0	0	0	0	0	0	0	0.009586	0.0	0.0	0.0	0.05479	0.0	0.0	0.0	0.0	0.148911	0.0	0.0	0.0	0.851089	0.0	0.0	0.0	0.0	
254	351	3980.54494094	3952.694	3952.694	0.047714	0.0	95	0	0	0	252	0	0	0	0	0.009586	0.0	0.0	0.0	0.051571	0.0	0.0	0.0	0.0	0.031552	0.0	0.0	0.0	3859.24	0.0	0.0	0.0	0.0	0.000332	0.0	0.0	0.0	15.3144	0.0	0.0	0.0	0.0	4	0	0	0	58	0	0	0	0	2	0	0	0	5	0	0	0	0	17	0	0	0	189	0	0	0	0	15	0	0	0	0	0	0	0	0	2	0	0	0	0	0	0	0	0	55	0	0	0	0	0	0	0	0	0.009586	0.0	0.0	0.0	0.051571	0.0	0.0	0.0	0.0	0.156748	0.0	0.0	0.0	0.843252	0.0	0.0	0.0	0.0	
255	352	3983.489618187	3952.694	3952.694	0.047198	0.0	95	0	0	0	253	0	0	0	0	0.009586	0.0	0.0	0.0	0.048513	0.0	0.0	0.0	0.0	0.031552	0.0	0.0	0.0	3862.18	0.0	0.0	0.0	0.0	0.000332	0.0	0.0	0.0	15.2655	0.0	0.0	0.0	0.0	4	0	0	0	58	0	0	0	0	2	0	0	0	5	0	0	0	0	17	0	0	0	190	0	0	0	0	15	0	0	0	0	0	0	0	0	2	0	0	0	0	0	0	0	0	55	0	0	0	0	0	0	0	0	0.009586	0.0	0.0	0.0	0.048513	0.0	0.0	0.0	0.0	0.164998	0.0	0.0	0.0	0.835002	0.0	0.0	0.0	0.0	
256	353	3988.846629877	3952.694	3952.694	0.046931	0.0	95	0	0	0	254	0	0	0	0	0.009586	0.0	0.0	0.0	0.045608	0.0	0.0	0.0	0.0	0.031552	0.0	0.0	0.0	3867.54	0.0	0.0	0.0	0.0	0.000332	0.0	0.0	0.0	15.2265	0.0	0.0	0.0	0.0	4	0	0	0	58	0	0	0	0	2	0	0	0	5	0	0	0	0	17	0	0	0	191	0	0	0	0	15	0	0	0	0	0	0	0	0	2	0	0	0	0	0	0	0	0	55	0	0	0	0	0	0	0	0	0.009586	0.0	0.0	0.0	0.045608	0.0	0.0	0.0	0.0	0.173682	0.0	0.0	0.0	0.826318	0.0	0.0	0.0	0.0	
257	354	3997.344007233	3952.694	3952.694	0.04645	0.0	95	0	0	0	255	0	0	0	0	0.009586	0.0	0.0	0.0	0.042848	0.0	0.0	0.0	0.0	0.031552	0.0	0.0	0.0	3876.04	0.0	0.0	0.0	0.0	0.000332	0.0	0.0	0.0	15.2001	0.0	0.0	0.0	0.0	4	0	0	0	58	0	0	0	0	2	0	0	0	5	0	0	0	0	17	0	0	0	192	0	0	0	0	15	0	0	0	0	0	0	0	0	2	0	0	0	0	0	0	0	0	55	0	0	0	0	0	0	0	0	0.009586	0.0	0.0	0.0	0.042848	0.0	0.0	0.0	0.0	0.182823	0.0	0.0	0.0	0.817177	0.0	0.0	0.0	0.0	
258	356	4003.016677056	3952.694	3952.694	0.045697	0.0	96	0	0	0	256	0	0	0	0	0.008628	0.0	0.0	0.0	0.040274	0.0	0.0	0.0	0.0	0.031777	0.0	0.0	0.0	3881.71	0.0	0.0	0.0	0.0	0.000331	0.0	0.0	0.0	15.1629	0.0	0.0	0.0	0.0	4	0	0	0	58	0	0	0	0	2	0	0	0	5	0	0	0	0	17	0	0	0	193	0	0	0	0	15	0	0	0	0	0	0	0	0	2	0	0	0	0	0	0	0	0	56	0	0	0	0	0	0	0	0	0.008628	0.0	0.0	0.0	0.040274	0.0	0.0	0.0	0.0	0.176426	0.0	0.0	0.0	0.823574	0.0	0.0	0.0	0.0	
259	357	4025.59147805	3944.694	3944.694	0.045201	0.0	96	0	0	0	257	0	0	0	0	0.008628	0.0	0.0	0.0	0.09854	0.0	0.0	0.0	0.0	0.031777	0.0	0.0	0.0	3904.28	0.0	0.0	0.0	0.0	0.000331	0.0	0.0	0.0	15.1918	0.0	0.0	0.0	0.0	4	0	0	0	59	0	0	0	0	2	0	0	0	5	0	0	0	0	17	0	0	0	193	0	0	0	0	15	0	0	0	0	0	0	0	0	2	0	0	0	0	0	0	0	0	56	0	0	0	0	0	0	0	0	0.008628	0.0	0.0	0.0	0.09854	0.0	0.0	0.0	0.0	0.080506	0.0	0.0	0.0	0.919494	0.0	0.0	0.0	0.0	
260	358	4034.323843779	3943.194	3943.194	0.04328	0.0	96	0	0	0	258	0	0	0	0	0.008628	0.0	0.0	0.0	0.14756	0.0	0.0	0.0	0.0	0.031777	0.0	0.0	0.0	3913.02	0.0	0.0	0.0	0.0	0.000331	0.0	0.0	0.0	15.1667	0.0	0.0	0.0	0.0	4	0	0	0	60	0	0	0	0	2	0	0	0	5	0	0	0	0	17	0	0	0	193	0	0	0	0	15	0	0	0	0	0	0	0	0	2	0	0	0	0	0	0	0	0	56	0	0	0	0	0	0	0	0	0.008628	0.0	0.0	0.0	0.14756	0.0	0.0	0.0	0.0	0.055239	0.0	0.0	0.0	0.944761	0.0	0.0	0.0	0.0	
261	359	4040.313827344	3943.194	3943.194	0.042558	0.0	96	0	0	0	259	0	0	0	0	0.008628	0.0	0.0	0.0	0.13975	0.0	0.0	0.0	0.0	0.031777	0.0	0.0	0.0	3919.01	0.0	0.0	0.0	0.0	0.000331	0.0	0.0	0.0	15.1313	0.0	0.0	0.0	0.0	4	0	0	0	60	0	0	0	0	2	0	0	0	5	0	0	0	0	17	0	0	0	194	0	0	0	0	15	0	0	0	0	0	0	0	0	2	0	0	0	0	0	0	0	0	56	0	0	0	0	0	0	0	0	0.008628	0.0	0.0	0.0	0.13975	0.0	0.0	0.0	0.0	0.058146	0.0	0.0	0.0	0.941854	0.0	0.0	0.0	0.0	
262	360	4056.428035305	3943.194	3943.194	0.042071	0.0	96	0	0	0	260	0	0	0	0	0.008628	0.0	0.0	0.0	0.132331	0.0	0.0	0.0	0.0	0.031777	0.0	0.0	0.0	3935.12	0.0	0.0	0.0	0.0	0.000331	0.0	0.0	0.0	15.1351	0.0	0.0	0.0	0.0	4	0	0	0	60	0	0	0	0	2	0	0	0	5	0	0	0	0	17	0	0	0	195	0	0	0	0	15	0	0	0	0	0	0	0	0	2	0	0	0	0	0	0	0	0	56	0	0	0	0	0	0	0	0	0.008628	0.0	0.0	0.0	0.132331	0.0	0.0	0.0	0.0	0.061207	0.0	0.0	0.0	0.938793	0.0	0.0	0.0	0.0	
263	361	4062.052175283	3943.194	3943.194	0.040786	0.0	96	0	0	0	261	0	0	0	0	0.008628	0.0	0.0	0.0	0.125284	0.0	0.0	0.0	0.0	0.031777	0.0	0.0	0.0	3940.74	0.0	0.0	0.0	0.0	0.000331	0.0	0.0	0.0	15.0986	0.0	0.0	0.0	0.0	4	0	0	0	60	0	0	0	0	2	0	0	0	5	0	0	0	0	17	0	0	0	196	0	0	0	0	15	0	0	0	0	0	0	0	0	2	0	0	0	0	0	0	0	0	56	0	0	0	0	0	0	0	0	0.008628	0.0	0.0	0.0	0.125284	0.0	0.0	0.0	0.0	0.064428	0.0	0.0	0.0	0.935572	0.0	0.0	0.0	0.0	
264	362	4067.791130219	3943.194	3943.194	0.040347	0.0	96	0	0	0	262	0	0	0	0	0.008628	0.0	0.0	0.0	0.118588	0.0	0.0	0.0	0.0	0.031777	0.0	0.0	0.0	3946.48	0.0	0.0	0.0	0.0	0.000331	0.0	0.0	0.0	15.0629	0.0	0.0	0.0	0.0	4	0	0	0	60	0	0	0	0	2	0	0	0	5	0	0	0	0	17	0	0	0	197	0	0	0	0	15	0	0	0	0	0	0	0	0	2	0	0	0	0	0	0	0	0	56	0	0	0	0	0	0	0	0	0.008628	0.0	0.0	0.0	0.118588	0.0	0.0	0.0	0.0	0.067819	0.0	0.0	0.0	0.932181	0.0	0.0	0.0	0.0	
265	363	4071.081569735	3943.194	3943.194	0.039904	0.0	96	0	0	0	263	0	0	0	0	0.008628	0.0	0.0	0.0	0.112227	0.0	0.0	0.0	0.0	0.031777	0.0	0.0	0.0	3949.77	0.0	0.0	0.0	0.0	0.000331	0.0	0.0	0.0	15.0182	0.0	0.0	0.0	0.0	4	0	0	0	60	0	0	0	0	2	0	0	0	5	0	0	0	0	17	0	0	0	198	0	0	0	0	15	0	0	0	0	0	0	0	0	2	0	0	0	0	0	0	0	0	56	0	0	0	0	0	0	0	0	0.008628	0.0	0.0	0.0	0.112227	0.0	0.0	0.0	0.0	0.071388	0.0	0.0	0.0	0.928612	0.0	0.0	0.0	0.0	
266	364	4251.22061386	3943.194	3943.194	0.039652	0.0	96	0	0	0	264	0	0	0	0	0.008628	0.0	0.0	0.0	0.106184	0.0	0.0	0.0	0.0	0.031777	0.0	0.0	0.0	4129.91	0.0	0.0	0.0	0.0	0.000331	0.0	0.0	0.0	15.6436	0.0	0.0	0.0	0.0	4	0	0	0	60	0	0	0	0	2	0	0	0	5	0	0	0	0	17	0	0	0	199	0	0	0	0	15	0	0	0	0	0	0	0	0	2	0	0	0	0	0	0	0	0	56	0	0	0	0	0	0	0	0	0.008628	0.0	0.0	0.0	0.106184	0.0	0.0	0.0	0.0	0.075146	0.0	0.0	0.0	0.924854	0.0	0.0	0.0	0.0	
267	365	4259.704795091	3943.194	3943.194	0.028038	0.0	96	0	0	0	265	0	0	0	0	0.008628	0.0	0.0	0.0	0.100444	0.0	0.0	0.0	0.0	0.031777	0.0	0.0	0.0	4138.4	0.0	0.0	0.0	0.0	0.000331	0.0	0.0	0.0	15.6166	0.0	0.0	0.0	0.0	4	0	0	0	60	0	0	0	0	2	0	0	0	5	0	0	0	0	17	0	0	0	200	0	0	0	0	15	0	0	0	0	0	0	0	0	2	0	0	0	0	0	0	0	0	56	0	0	0	0	0	0	0	0	0.008628	0.0	0.0	0.0	0.100444	0.0	0.0	0.0	0.0	0.079101	0.0	0.0	0.0	0.920899	0.0	0.0	0.0	0.0	
268	366	4266.58126822	3943.194	3943.194	0.027584	0.0	96	0	0	0	266	0	0	0	0	0.008628	0.0	0.0	0.0	0.09499	0.0	0.0	0.0	0.0	0.031777	0.0	0.0	0.0	4145.27	0.0	0.0	0.0	0.0	0.000331	0.0	0.0	0.0	15.5837	0.0	0.0	0.0	0.0	4	0	0	0	60	0	0	0	0	2	0	0	0	5	0	0	0	0	17	0	0	0	201	0	0	0	0	15	0	0	0	0	0	0	0	0	2	0	0	0	0	0	0	0	0	56	0	0	0	0	0	0	0	0	0.008628	0.0	0.0	0.0	0.09499	0.0	0.0	0.0	0.0	0.083264	0.0	0.0	0.0	0.916736	0.0	0.0	0.0	0.0	
269	367	4275.854159818	3943.194	3943.194	0.027222	0.0	96	0	0	0	267	0	0	0	0	0.008628	0.0	0.0	0.0	0.089809	0.0	0.0	0.0	0.0	0.031777	0.0	0.0	0.0	4154.55	0.0	0.0	0.0	0.0	0.000331	0.0	0.0	0.0	15.5601	0.0	0.0	0.0	0.0	4	0	0	0	60	0	0	0	0	2	0	0	0	5	0	0	0	0	17	0	0	0	202	0	0	0	0	15	0	0	0	0	0	0	0	0	2	0	0	0	0	0	0	0	0	56	0	0	0	0	0	0	0	0	0.008628	0.0	0.0	0.0	0.089809	0.0	0.0	0.0	0.0	0.087646	0.0	0.0	0.0	0.912354	0.0	0.0	0.0	0.0	
270	368	4299.261962827	3943.194	3943.194	0.02674	0.0	96	0	0	0	268	0	0	0	0	0.008628	0.0	0.0	0.0	0.084888	0.0	0.0	0.0	0.0	0.031777	0.0	0.0	0.0	4177.95	0.0	0.0	0.0	0.0	0.000331	0.0	0.0	0.0	15.5894	0.0	0.0	0.0	0.0	4	0	0	0	60	0	0	0	0	2	0	0	0	5	0	0	0	0	17	0	0	0	203	0	0	0	0	15	0	0	0	0	0	0	0	0	2	0	0	0	0	0	0	0	0	56	0	0	0	0	0	0	0	0	0.008628	0.0	0.0	0.0	0.084888	0.0	0.0	0.0	0.0	0.092259	0.0	0.0	0.0	0.907741	0.0	0.0	0.0	0.0	
271	369	4303.072307268	3943.194	3943.194	0.025563	0.0	96	0	0	0	269	0	0	0	0	0.008628	0.0	0.0	0.0	0.080212	0.0	0.0	0.0	0.0	0.031777	0.0	0.0	0.0	4181.76	0.0	0.0	0.0	0.0	0.000331	0.0	0.0	0.0	15.5456	0.0	0.0	0.0	0.0	4	0	0	0	60	0	0	0	0	2	0	0	0	5	0	0	0	0	17	0	0	0	204	0	0	0	0	15	0	0	0	0	0	0	0	0	2	0	0	0	0	0	0	0	0	56	0	0	0	0	0	0	0	0	0.008628	0.0	0.0	0.0	0.080212	0.0	0.0	0.0	0.0	0.097115	0.0	0.0	0.0	0.902885	0.0	0.0	0.0	0.0	
272	370	4306.995997044	3943.194	3943.194	0.025376	0.0	96	0	0	0	270	0	0	0	0	0.008628	0.0	0.0	0.0	0.07577	0.0	0.0	0.0	0.0	0.031777	0.0	0.0	0.0	4185.69	0.0	0.0	0.0	0.0	0.000331	0.0	0.0	0.0	15.5025	0.0	0.0	0.0	0.0	4	0	0	0	60	0	0	0	0	2	0	0	0	5	0	0	0	0	17	0	0	0	205	0	0	0	0	15	0	0	0	0	0	0	0	0	2	0	0	0	0	0	0	0	0	56	0	0	0	0	0	0	0	0	0.008628	0.0	0.0	0.0	0.07577	0.0	0.0	0.0	0.0	0.102226	0.0	0.0	0.0	0.897774	0.0	0.0	0.0	0.0	
273	371	4312.406672977	3943.194	3943.194	0.025185	0.0	96	0	0	0	271	0	0	0	0	0.008628	0.0	0.0	0.0	0.07155	0.0	0.0	0.0	0.0	0.031777	0.0	0.0	0.0	4191.1	0.0	0.0	0.0	0.0	0.000331	0.0	0.0	0.0	15.4653	0.0	0.0	0.0	0.0	4	0	0	0	60	0	0	0	0	2	0	0	0	5	0	0	0	0	17	0	0	0	206	0	0	0	0	15	0	0	0	0	0	0	0	0	2	0	0	0	0	0	0	0	0	56	0	0	0	0	0	0	0	0	0.008628	0.0	0.0	0.0	0.07155	0.0	0.0	0.0	0.0	0.107607	0.0	0.0	0.0	0.892393	0.0	0.0	0.0	0.0	
274	373	4320.813901442	3943.194	3943.194	0.024924	0.0	97	0	0	0	272	0	0	0	0	0.007765	0.0	0.0	0.0	0.067584	0.0	0.0	0.0	0.0	0.032257	0.0	0.0	0.0	4199.51	0.0	0.0	0.0	0.0	0.000333	0.0	0.0	0.0	15.4394	0.0	0.0	0.0	0.0	4	0	0	0	60	0	0	0	0	2	0	0	0	5	0	0	0	0	17	0	0	0	207	0	0	0	0	16	0	0	0	0	0	0	0	0	2	0	0	0	0	0	0	0	0	56	0	0	0	0	0	0	0	0	0.007765	0.0	0.0	0.0	0.067584	0.0	0.0	0.0	0.0	0.103052	0.0	0.0	0.0	0.896948	0.0	0.0	0.0	0.0	
275	374	4333.152338144	3943.194	3943.194	0.024524	0.0	97	0	0	0	273	0	0	0	0	0.007765	0.0	0.0	0.0	0.063817	0.0	0.0	0.0	0.0	0.032257	0.0	0.0	0.0	4211.84	0.0	0.0	0.0	0.0	0.000333	0.0	0.0	0.0	15.428	0.0	0.0	0.0	0.0	4	0	0	0	60	0	0	0	0	2	0	0	0	5	0	0	0	0	17	0	0	0	208	0	0	0	0	16	0	0	0	0	0	0	0	0	2	0	0	0	0	0	0	0	0	56	0	0	0	0	0	0	0	0	0.007765	0.0	0.0	0.0	0.063817	0.0	0.0	0.0	0.0	0.108476	0.0	0.0	0.0	0.891524	0.0	0.0	0.0	0.0	
276	375	4513.314629255	3943.194	3943.194	0.023949	0.0	97	0	0	0	274	0	0	0	0	0.007765	0.0	0.0	0.0	0.060238	0.0	0.0	0.0	0.0	0.032257	0.0	0.0	0.0	4392.01	0.0	0.0	0.0	0.0	0.000333	0.0	0.0	0.0	16.0292	0.0	0.0	0.0	0.0	4	0	0	0	60	0	0	0	0	2	0	0	0	5	0	0	0	0	17	0	0	0	209	0	0	0	0	16	0	0	0	0	0	0	0	0	2	0	0	0	0	0	0	0	0	56	0	0	0	0	0	0	0	0	0.007765	0.0	0.0	0.0	0.060238	0.0	0.0	0.0	0.0	0.114185	0.0	0.0	0.0	0.885815	0.0	0.0	0.0	0.0	
277	376	4530.688175097	3943.194	3943.194	0.016934	0.0	97	0	0	0	275	0	0	0	0	0.007765	0.0	0.0	0.0	0.056838	0.0	0.0	0.0	0.0	0.032257	0.0	0.0	0.0	4409.38	0.0	0.0	0.0	0.0	0.000333	0.0	0.0	0.0	16.0341	0.0	0.0	0.0	0.0	4	0	0	0	60	0	0	0	0	2	0	0	0	5	0	0	0	0	17	0	0	0	210	0	0	0	0	16	0	0	0	0	0	0	0	0	2	0	0	0	0	0	0	0	0	56	0	0	0	0	0	0	0	0	0.007765	0.0	0.0	0.0	0.056838	0.0	0.0	0.0	0.0	0.120195	0.0	0.0	0.0	0.879805	0.0	0.0	0.0	0.0	
278	377	4539.567108227	3943.194	3943.194	0.016377	0.0	97	0	0	0	276	0	0	0	0	0.007765	0.0	0.0	0.0	0.053607	0.0	0.0	0.0	0.0	0.032257	0.0	0.0	0.0	4418.26	0.0	0.0	0.0	0.0	0.000333	0.0	0.0	0.0	16.0082	0.0	0.0	0.0	0.0	4	0	0	0	60	0	0	0	0	2	0	0	0	5	0	0	0	0	17	0	0	0	211	0	0	0	0	16	0	0	0	0	0	0	0	0	2	0	0	0	0	0	0	0	0	56	0	0	0	0	0	0	0	0	0.007765	0.0	0.0	0.0	0.053607	0.0	0.0	0.0	0.0	0.126521	0.0	0.0	0.0	0.873479	0.0	0.0	0.0	0.0	
279	378	4555.601853312	3943.194	3943.194	0.0161	0.0	97	0	0	0	277	0	0	0	0	0.007765	0.0	0.0	0.0	0.050539	0.0	0.0	0.0	0.0	0.032257	0.0	0.0	0.0	4434.29	0.0	0.0	0.0	0.0	0.000333	0.0	0.0	0.0	16.0083	0.0	0.0	0.0	0.0	4	0	0	0	60	0	0	0	0	2	0	0	0	5	0	0	0	0	17	0	0	0	212	0	0	0	0	16	0	0	0	0	0	0	0	0	2	0	0	0	0	0	0	0	0	56	0	0	0	0	0	0	0	0	0.007765	0.0	0.0	0.0	0.050539	0.0	0.0	0.0	0.0	0.13318	0.0	0.0	0.0	0.86682	0.0	0.0	0.0	0.0	
280	379	4559.382354628	3943.194	3943.194	0.01561	0.0	97	0	0	0	278	0	0	0	0	0.007765	0.0	0.0	0.0	0.047624	0.0	0.0	0.0	0.0	0.032257	0.0	0.0	0.0	4438.07	0.0	0.0	0.0	0.0	0.000333	0.0	0.0	0.0	15.9643	0.0	0.0	0.0	0.0	4	0	0	0	60	0	0	0	0	2	0	0	0	5	0	0	0	0	17	0	0	0	213	0	0	0	0	16	0	0	0	0	0	0	0	0	2	0	0	0	0	0	0	0	0	56	0	0	0	0	0	0	0	0	0.007765	0.0	0.0	0.0	0.047624	0.0	0.0	0.0	0.0	0.140189	0.0	0.0	0.0	0.859811	0.0	0.0	0.0	0.0	
281	380	4579.545591386	3943.194	3943.194	0.015497	0.0	97	0	0	0	279	0	0	0	0	0.007765	0.0	0.0	0.0	0.044854	0.0	0.0	0.0	0.0	0.032257	0.0	0.0	0.0	4458.24	0.0	0.0	0.0	0.0	0.000333	0.0	0.0	0.0	15.9793	0.0	0.0	0.0	0.0	4	0	0	0	60	0	0	0	0	2	0	0	0	5	0	0	0	0	17	0	0	0	214	0	0	0	0	16	0	0	0	0	0	0	0	0	2	0	0	0	0	0	0	0	0	56	0	0	0	0	0	0	0	0	0.007765	0.0	0.0	0.0	0.044854	0.0	0.0	0.0	0.0	0.147568	0.0	0.0	0.0	0.852432	0.0	0.0	0.0	0.0	
282	381	4583.228041932	3943.194	3943.194	0.014908	0.0	97	0	0	0	280	0	0	0	0	0.007765	0.0	0.0	0.0	0.042223	0.0	0.0	0.0	0.0	0.032257	0.0	0.0	0.0	4461.92	0.0	0.0	0.0	0.0	0.000333	0.0	0.0	0.0	15.9354	0.0	0.0	0.0	0.0	4	0	0	0	60	0	0	0	0	2	0	0	0	5	0	0	0	0	17	0	0	0	215	0	0	0	0	16	0	0	0	0	0	0	0	0	2	0	0	0	0	0	0	0	0	56	0	0	0	0	0	0	0	0	0.007765	0.0	0.0	0.0	0.042223	0.0	0.0	0.0	0.0	0.155334	0.0	0.0	0.0	0.844666	0.0	0.0	0.0	0.0	
283	384	4592.816165714	3943.194	3943.194	0.014802	0.0	99	0	0	0	281	0	0	0	0	0.00629	0.0	0.0	0.0	0.039798	0.0	0.0	0.0	0.0	0.032658	0.0	0.0	0.0	4471.51	0.0	0.0	0.0	0.0	0.00033	0.0	0.0	0.0	15.9128	0.0	0.0	0.0	0.0	4	0	0	0	60	0	0	0	0	2	0	0	0	5	0	0	0	0	17	0	0	0	216	0	0	0	0	16	0	0	0	0	0	0	0	0	2	0	0	0	0	0	0	0	0	58	0	0	0	0	0	0	0	0	0.00629	0.0	0.0	0.0	0.039798	0.0	0.0	0.0	0.0	0.136471	0.0	0.0	0.0	0.863529	0.0	0.0	0.0	0.0	
284	385	4620.825389362	3943.194	3943.194	0.014532	0.0	99	0	0	0	282	0	0	0	0	0.00629	0.0	0.0	0.0	0.037493	0.0	0.0	0.0	0.0	0.032658	0.0	0.0	0.0	4499.52	0.0	0.0	0.0	0.0	0.00033	0.0	0.0	0.0	15.9557	0.0	0.0	0.0	0.0	4	0	0	0	60	0	0	0	0	2	0	0	0	5	0	0	0	0	17	0	0	0	217	0	0	0	0	16	0	0	0	0	0	0	0	0	2	0	0	0	0	0	0	0	0	58	0	0	0	0	0	0	0	0	0.00629	0.0	0.0	0.0	0.037493	0.0	0.0	0.0	0.0	0.143653	0.0	0.0	0.0	0.856347	0.0	0.0	0.0	0.0	
285	386	4632.301782785	3943.194	3943.194	0.013769	0.0	99	0	0	0	283	0	0	0	0	0.00629	0.0	0.0	0.0	0.035304	0.0	0.0	0.0	0.0	0.032658	0.0	0.0	0.0	4510.99	0.0	0.0	0.0	0.0	0.00033	0.0	0.0	0.0	15.9399	0.0	0.0	0.0	0.0	4	0	0	0	60	0	0	0	0	2	0	0	0	5	0	0	0	0	17	0	0	0	218	0	0	0	0	16	0	0	0	0	0	0	0	0	2	0	0	0	0	0	0	0	0	58	0	0	0	0	0	0	0	0	0.00629	0.0	0.0	0.0	0.035304	0.0	0.0	0.0	0.0	0.151214	0.0	0.0	0.0	0.848786	0.0	0.0	0.0	0.0	
286	387	4636.595687762	3943.194	3943.194	0.013469	0.0	99	0	0	0	284	0	0	0	0	0.00629	0.0	0.0	0.0	0.033224	0.0	0.0	0.0	0.0	0.032658	0.0	0.0	0.0	4515.29	0.0	0.0	0.0	0.0	0.00033	0.0	0.0	0.0	15.8989	0.0	0.0	0.0	0.0	4	0	0	0	60	0	0	0	0	2	0	0	0	5	0	0	0	0	17	0	0	0	219	0	0	0	0	16	0	0	0	0	0	0	0	0	2	0	0	0	0	0	0	0	0	58	0	0	0	0	0	0	0	0	0.00629	0.0	0.0	0.0	0.033224	0.0	0.0	0.0	0.0	0.159173	0.0	0.0	0.0	0.840827	0.0	0.0	0.0	0.0	
287	388	4644.966975761	3943.194	3943.194	0.013358	0.0	99	0	0	0	285	0	0	0	0	0.00629	0.0	0.0	0.0	0.031249	0.0	0.0	0.0	0.0	0.032658	0.0	0.0	0.0	4523.66	0.0	0.0	0.0	0.0	0.00033	0.0	0.0	0.0	15.8725	0.0	0.0	0.0	0.0	4	0	0	0	60	0	0	0	0	2	0	0	0	5	0	0	0	0	17	0	0	0	220	0	0	0	0	16	0	0	0	0	0	0	0	0	2	0	0	0	0	0	0	0	0	58	0	0	0	0	0	0	0	0	0.00629	0.0	0.0	0.0	0.031249	0.0	0.0	0.0	0.0	0.16755	0.0	0.0	0.0	0.83245	0.0	0.0	0.0	0.0	
288	389	4652.670869446	3943.194	3943.194	0.013144	0.0	99	0	0	0	286	0	0	0	0	0.00629	0.0	0.0	0.0	0.029372	0.0	0.0	0.0	0.0	0.032658	0.0	0.0	0.0	4531.36	0.0	0.0	0.0	0.0	0.00033	0.0	0.0	0.0	15.8439	0.0	0.0	0.0	0.0	4	0	0	0	60	0	0	0	0	2	0	0	0	5	0	0	0	0	17	0	0	0	221	0	0	0	0	16	0	0	0	0	0	0	0	0	2	0	0	0	0	0	0	0	0	58	0	0	0	0	0	0	0	0	0.00629	0.0	0.0	0.0	0.029372	0.0	0.0	0.0	0.0	0.176369	0.0	0.0	0.0	0.823631	0.0	0.0	0.0	0.0	
289	390	4673.023238489	3943.194	3943.194	0.012951	0.0	99	0	0	0	287	0	0	0	0	0.00629	0.0	0.0	0.0	0.027589	0.0	0.0	0.0	0.0	0.032658	0.0	0.0	0.0	4551.71	0.0	0.0	0.0	0.0	0.00033	0.0	0.0	0.0	15.8596	0.0	0.0	0.0	0.0	4	0	0	0	60	0	0	0	0	2	0	0	0	5	0	0	0	0	17	0	0	0	222	0	0	0	0	16	0	0	0	0	0	0	0	0	2	0	0	0	0	0	0	0	0	58	0	0	0	0	0	0	0	0	0.00629	0.0	0.0	0.0	0.027589	0.0	0.0	0.0	0.0	0.185651	0.0	0.0	0.0	0.814349	0.0	0.0	0.0	0.0	
290	391	4678.086908875	3943.194	3943.194	0.012454	0.0	99	0	0	0	288	0	0	0	0	0.00629	0.0	0.0	0.0	0.025895	0.0	0.0	0.0	0.0	0.032658	0.0	0.0	0.0	4556.78	0.0	0.0	0.0	0.0	0.00033	0.0	0.0	0.0	15.8221	0.0	0.0	0.0	0.0	4	0	0	0	60	0	0	0	0	2	0	0	0	5	0	0	0	0	17	0	0	0	223	0	0	0	0	16	0	0	0	0	0	0	0	0	2	0	0	0	0	0	0	0	0	58	0	0	0	0	0	0	0	0	0.00629	0.0	0.0	0.0	0.025895	0.0	0.0	0.0	0.0	0.195422	0.0	0.0	0.0	0.804578	0.0	0.0	0.0	0.0	
291	392	4681.526192674	3943.194	3943.194	0.012333	0.0	99	0	0	0	289	0	0	0	0	0.00629	0.0	0.0	0.0	0.024286	0.0	0.0	0.0	0.0	0.032658	0.0	0.0	0.0	4560.22	0.0	0.0	0.0	0.0	0.00033	0.0	0.0	0.0	15.7793	0.0	0.0	0.0	0.0	4	0	0	0	60	0	0	0	0	2	0	0	0	5	0	0	0	0	17	0	0	0	224	0	0	0	0	16	0	0	0	0	0	0	0	0	2	0	0	0	0	0	0	0	0	58	0	0	0	0	0	0	0	0	0.00629	0.0	0.0	0.0	0.024286	0.0	0.0	0.0	0.0	0.205708	0.0	0.0	0.0	0.794292	0.0	0.0	0.0	0.0	
292	393	4687.376002305	3943.194	3943.194	0.012252	0.0	99	0	0	0	290	0	0	0	0	0.00629	0.0	0.0	0.0	0.022757	0.0	0.0	0.0	0.0	0.032658	0.0	0.0	0.0	4566.07	0.0	0.0	0.0	0.0	0.00033	0.0	0.0	0.0	15.7451	0.0	0.0	0.0	0.0	4	0	0	0	60	0	0	0	0	2	0	0	0	5	0	0	0	0	17	0	0	0	225	0	0	0	0	16	0	0	0	0	0	0	0	0	2	0	0	0	0	0	0	0	0	58	0	0	0	0	0	0	0	0	0.00629	0.0	0.0	0.0	0.022757	0.0	0.0	0.0	0.0	0.216534	0.0	0.0	0.0	0.783466	0.0	0.0	0.0	0.0	
293	394	4697.011860361	3943.194	3943.194	0.012114	0.0	99	0	0	0	291	0	0	0	0	0.00629	0.0	0.0	0.0	0.021304	0.0	0.0	0.0	0.0	0.032658	0.0	0.0	0.0	4575.7	0.0	0.0	0.0	0.0	0.00033	0.0	0.0	0.0	15.7241	0.0	0.0	0.0	0.0	4	0	0	0	60	0	0	0	0	2	0	0	0	5	0	0	0	0	17	0	0	0	226	0	0	0	0	16	0	0	0	0	0	0	0	0	2	0	0	0	0	0	0	0	0	58	0	0	0	0	0	0	0	0	0.00629	0.0	0.0	0.0	0.021304	0.0	0.0	0.0	0.0	0.227931	0.0	0.0	0.0	0.772069	0.0	0.0	0.0	0.0	
294	395	4699.80528345	3943.194	3943.194	0.011892	0.0	99	0	0	0	292	0	0	0	0	0.00629	0.0	0.0	0.0	0.019925	0.0	0.0	0.0	0.0	0.032658	0.0	0.0	0.0	4578.5	0.0	0.0	0.0	0.0	0.00033	0.0	0.0	0.0	15.6798	0.0	0.0	0.0	0.0	4	0	0	0	60	0	0	0	0	2	0	0	0	5	0	0	0	0	17	0	0	0	227	0	0	0	0	16	0	0	0	0	0	0	0	0	2	0	0	0	0	0	0	0	0	58	0	0	0	0	0	0	0	0	0.00629	0.0	0.0	0.0	0.019925	0.0	0.0	0.0	0.0	0.239927	0.0	0.0	0.0	0.760073	0.0	0.0	0.0	0.0	
295	396	4702.962994917	3943.194	3943.194	0.011828	0.0	99	0	0	0	293	0	0	0	0	0.00629	0.0	0.0	0.0	0.018614	0.0	0.0	0.0	0.0	0.032658	0.0	0.0	0.0	4581.65	0.0	0.0	0.0	0.0	0.00033	0.0	0.0	0.0	15.637	0.0	0.0	0.0	0.0	4	0	0	0	60	0	0	0	0	2	0	0	0	5	0	0	0	0	17	0	0	0	228	0	0	0	0	16	0	0	0	0	0	0	0	0	2	0	0	0	0	0	0	0	0	58	0	0	0	0	0	0	0	0	0.00629	0.0	0.0	0.0	0.018614	0.0	0.0	0.0	0.0	0.252555	0.0	0.0	0.0	0.747445	0.0	0.0	0.0	0.0	
296	397	4728.625262716	3943.194	3943.194	0.011757	0.0	99	0	0	0	294	0	0	0	0	0.00629	0.0	0.0	0.0	0.017369	0.0	0.0	0.0	0.0	0.032658	0.0	0.0	0.0	4607.32	0.0	0.0	0.0	0.0	0.00033	0.0	0.0	0.0	15.6711	0.0	0.0	0.0	0.0	4	0	0	0	60	0	0	0	0	2	0	0	0	5	0	0	0	0	17	0	0	0	229	0	0	0	0	16	0	0	0	0	0	0	0	0	2	0	0	0	0	0	0	0	0	58	0	0	0	0	0	0	0	0	0.00629	0.0	0.0	0.0	0.017369	0.0	0.0	0.0	0.0	0.265847	0.0	0.0	0.0	0.734153	0.0	0.0	0.0	0.0	
297	398	4734.793914778	3943.194	3943.194	0.01119	0.0	99	0	0	0	295	0	0	0	0	0.00629	0.0	0.0	0.0	0.016186	0.0	0.0	0.0	0.0	0.032658	0.0	0.0	0.0	4613.48	0.0	0.0	0.0	0.0	0.00033	0.0	0.0	0.0	15.6389	0.0	0.0	0.0	0.0	4	0	0	0	60	0	0	0	0	2	0	0	0	5	0	0	0	0	17	0	0	0	230	0	0	0	0	16	0	0	0	0	0	0	0	0	2	0	0	0	0	0	0	0	0	58	0	0	0	0	0	0	0	0	0.00629	0.0	0.0	0.0	0.016186	0.0	0.0	0.0	0.0	0.279839	0.0	0.0	0.0	0.720161	0.0	0.0	0.0	0.0	
298	401	4805.080481454	3943.194	3943.194	0.011058	0.0	101	0	0	0	296	0	0	0	0	0.005095	0.0	0.0	0.0	0.015122	0.0	0.0	0.0	0.0	0.03304	0.0	0.0	0.0	4683.77	0.0	0.0	0.0	0.0	0.000327	0.0	0.0	0.0	15.8235	0.0	0.0	0.0	0.0	4	0	0	0	60	0	0	0	0	2	0	0	0	5	0	0	0	0	17	0	0	0	231	0	0	0	0	16	0	0	0	0	0	0	0	0	2	0	0	0	0	0	0	0	0	60	0	0	0	0	0	0	0	0	0.005095	0.0	0.0	0.0	0.015122	0.0	0.0	0.0	0.0	0.251998	0.0	0.0	0.0	0.748002	0.0	0.0	0.0	0.0	
299	402	4816.276641407	3943.194	3943.194	0.009659	0.0	101	0	0	0	297	0	0	0	0	0.005095	0.0	0.0	0.0	0.014111	0.0	0.0	0.0	0.0	0.03304	0.0	0.0	0.0	4694.97	0.0	0.0	0.0	0.0	0.000327	0.0	0.0	0.0	15.808	0.0	0.0	0.0	0.0	4	0	0	0	60	0	0	0	0	2	0	0	0	5	0	0	0	0	17	0	0	0	232	0	0	0	0	16	0	0	0	0	0	0	0	0	2	0	0	0	0	0	0	0	0	60	0	0	0	0	0	0	0	0	0.005095	0.0	0.0	0.0	0.014111	0.0	0.0	0.0	0.0	0.265261	0.0	0.0	0.0	0.734739	0.0	0.0	0.0	0.0	
300	403	4820.184084202	3943.194	3943.194	0.009454	0.0	101	0	0	0	298	0	0	0	0	0.005095	0.0	0.0	0.0	0.013151	0.0	0.0	0.0	0.0	0.03304	0.0	0.0	0.0	4698.87	0.0	0.0	0.0	0.0	0.000327	0.0	0.0	0.0	15.768	0.0	0.0	0.0	0.0	4	0	0	0	60	0	0	0	0	2	0	0	0	5	0	0	0	0	17	0	0	0	233	0	0	0	0	16	0	0	0	0	0	0	0	0	2	0	0	0	0	0	0	0	0	60	0	0	0	0	0	0	0	0	0.005095	0.0	0.0	0.0	0.013151	0.0	0.0	0.0	0.0	0.279223	0.0	0.0	0.0	0.720777	0.0	0.0	0.0	0.0	
301	404	4824.287564606	3943.194	3943.194	0.009383	0.0	101	0	0	0	299	0	0	0	0	0.005095	0.0	0.0	0.0	0.012239	0.0	0.0	0.0	0.0	0.03304	0.0	0.0	0.0	4702.98	0.0	0.0	0.0	0.0	0.000327	0.0	0.0	0.0	15.729	0.0	0.0	0.0	0.0	4	0	0	0	60	0	0	0	0	2	0	0	0	5	0	0	0	0	17	0	0	0	234	0	0	0	0	16	0	0	0	0	0	0	0	0	2	0	0	0	0	0	0	0	0	60	0	0	0	0	0	0	0	0	0.005095	0.0	0.0	0.0	0.012239	0.0	0.0	0.0	0.0	0.293919	0.0	0.0	0.0	0.706081	0.0	0.0	0.0	0.0	
302	408	4833.325133527	3943.194	3943.194	0.009309	0.0	104	0	0	0	300	0	0	0	0	0.003714	0.0	0.0	0.0	0.011441	0.0	0.0	0.0	0.0	0.033878	0.0	0.0	0.0	4712.01	0.0	0.0	0.0	0.0	0.000326	0.0	0.0	0.0	15.7067	0.0	0.0	0.0	0.0	4	0	0	0	60	0	0	0	0	2	0	0	0	5	0	0	0	0	18	0	0	0	235	0	0	0	0	17	0	0	0	0	0	0	0	0	2	0	0	0	0	0	0	0	0	61	0	0	0	0	0	0	0	0	0.003714	0.0	0.0	0.0	0.011441	0.0	0.0	0.0	0.0	0.245064	0.0	0.0	0.0	0.754936	0.0	0.0	0.0	0.0	
303	410	4840.532506189	3943.194	3943.194	0.009149	0.0	105	0	0	0	301	0	0	0	0	0.003343	0.0	0.0	0.0	0.010702	0.0	0.0	0.0	0.0	0.034066	0.0	0.0	0.0	4719.22	0.0	0.0	0.0	0.0	0.000324	0.0	0.0	0.0	15.6785	0.0	0.0	0.0	0.0	4	0	0	0	60	0	0	0	0	2	0	0	0	5	0	0	0	0	18	0	0	0	236	0	0	0	0	17	0	0	0	0	0	0	0	0	2	0	0	0	0	0	0	0	0	62	0	0	0	0	0	0	0	0	0.003343	0.0	0.0	0.0	0.010702	0.0	0.0	0.0	0.0	0.237998	0.0	0.0	0.0	0.762002	0.0	0.0	0.0	0.0	
304	411	4853.98376404	3943.194	3943.194	0.009023	0.0	105	0	0	0	302	0	0	0	0	0.003343	0.0	0.0	0.0	0.01	0.0	0.0	0.0	0.0	0.034066	0.0	0.0	0.0	4732.67	0.0	0.0	0.0	0.0	0.000324	0.0	0.0	0.0	15.6711	0.0	0.0	0.0	0.0	4	0	0	0	60	0	0	0	0	2	0	0	0	5	0	0	0	0	18	0	0	0	237	0	0	0	0	17	0	0	0	0	0	0	0	0	2	0	0	0	0	0	0	0	0	62	0	0	0	0	0	0	0	0	0.003343	0.0	0.0	0.0	0.01	0.0	0.0	0.0	0.0	0.250524	0.0	0.0	0.0	0.749476	0.0	0.0	0.0	0.0	
305	420	4874.132790991	3943.1917777777776	3943.194	0.008792	0.0	113	0	0	0	303	0	0	0	0	0.068918	0.0	0.0	0.0	0.009	0.0	0.0	0.0	0.0	0.035816	0.0	0.0	0.0	4752.82	0.0	0.0	0.0	0.0	0.000317	0.0	0.0	0.0	15.6859	0.0	0.0	0.0	0.0	5	0	0	0	60	0	0	0	0	2	0	0	0	5	0	0	0	0	19	0	0	0	238	0	0	0	0	17	0	0	0	0	0	0	0	0	3	0	0	0	0	0	0	0	0	67	0	0	0	0	0	0	0	0	0.068918	0.0	0.0	0.0	0.009	0.0	0.0	0.0	0.0	0.884498	0.0	0.0	0.0	0.115502	0.0	0.0	0.0	0.0	
306	423	4877.092477704	3943.1917777777776	3943.194	0.008458	0.0	115	0	0	0	304	0	0	0	0	0.061321	0.0	0.0	0.0	0.0081	0.0	0.0	0.0	0.0	0.03619	0.0	0.0	0.0	4755.78	0.0	0.0	0.0	0.0	0.000315	0.0	0.0	0.0	15.644	0.0	0.0	0.0	0.0	5	0	0	0	60	0	0	0	0	2	0	0	0	5	0	0	0	0	19	0	0	0	239	0	0	0	0	17	0	0	0	0	0	0	0	0	3	0	0	0	0	0	0	0	0	69	0	0	0	0	0	0	0	0	0.061321	0.0	0.0	0.0	0.0081	0.0	0.0	0.0	0.0	0.883325	0.0	0.0	0.0	0.116675	0.0	0.0	0.0	0.0	
307	426	4882.131630367	3943.1917777777776	3943.194	0.00841	0.0	117	0	0	0	305	0	0	0	0	0.054552	0.0	0.0	0.0	0.00729	0.0	0.0	0.0	0.0	0.036521	0.0	0.0	0.0	4760.82	0.0	0.0	0.0	0.0	0.000312	0.0	0.0	0.0	15.6092	0.0	0.0	0.0	0.0	5	0	0	0	60	0	0	0	0	2	0	0	0	5	0	0	0	0	19	0	0	0	240	0	0	0	0	17	0	0	0	0	0	0	0	0	3	0	0	0	0	0	0	0	0	71	0	0	0	0	0	0	0	0	0.054552	0.0	0.0	0.0	0.00729	0.0	0.0	0.0	0.0	0.882124	0.0	0.0	0.0	0.117876	0.0	0.0	0.0	0.0	
308	430	4921.555787955	3943.1917777777776	3943.194	0.008329	0.0	120	0	0	0	306	0	0	0	0	0.045732	0.0	0.0	0.0	0.006561	0.0	0.0	0.0	0.0	0.037208	0.0	0.0	0.0	4800.24	0.0	0.0	0.0	0.0	0.00031	0.0	0.0	0.0	15.6871	0.0	0.0	0.0	0.0	5	0	0	0	60	0	0	0	0	2	0	0	0	5	0	0	0	0	19	0	0	0	241	0	0	0	0	18	0	0	0	0	0	0	0	0	3	0	0	0	0	0	0	0	0	73	0	0	0	0	0	0	0	0	0.045732	0.0	0.0	0.0	0.006561	0.0	0.0	0.0	0.0	0.874539	0.0	0.0	0.0	0.125461	0.0	0.0	0.0	0.0	
309	438	4931.68929435	3943.1917777777776	3943.194	0.00772	0.0	127	0	0	0	307	0	0	0	0	0.029957	0.0	0.0	0.0	0.005905	0.0	0.0	0.0	0.0	0.03947	0.0	0.0	0.0	4810.37	0.0	0.0	0.0	0.0	0.000311	0.0	0.0	0.0	15.669	0.0	0.0	0.0	0.0	5	0	0	0	60	0	0	0	0	2	0	0	0	5	0	0	0	0	20	0	0	0	242	0	0	0	0	21	0	0	0	0	0	0	0	0	3	0	0	0	0	0	0	0	0	76	0	0	0	0	0	0	0	0	0.029957	0.0	0.0	0.0	0.005905	0.0	0.0	0.0	0.0	0.835351	0.0	0.0	0.0	0.164649	0.0	0.0	0.0	0.0	
310	444	4941.097631116	3943.1917777777776	3943.194	0.007571	0.0	132	0	0	0	308	0	0	0	0	0.021845	0.0	0.0	0.0	0.005314	0.0	0.0	0.0	0.0	0.040597	0.0	0.0	0.0	4819.78	0.0	0.0	0.0	0.0	0.000308	0.0	0.0	0.0	15.6486	0.0	0.0	0.0	0.0	5	0	0	0	60	0	0	0	0	2	0	0	0	5	0	0	0	0	22	0	0	0	243	0	0	0	0	21	0	0	0	0	0	0	0	0	3	0	0	0	0	0	0	0	0	79	0	0	0	0	0	0	0	0	0.021845	0.0	0.0	0.0	0.005314	0.0	0.0	0.0	0.0	0.80433	0.0	0.0	0.0	0.19567	0.0	0.0	0.0	0.0	
311	446	4963.078647298	3943.1917777777776	3943.194	0.007435	0.0	133	0	0	0	309	0	0	0	0	0.020487	0.0	0.0	0.0	0.004783	0.0	0.0	0.0	0.0	0.040826	0.0	0.0	0.0	4841.76	0.0	0.0	0.0	0.0	0.000307	0.0	0.0	0.0	15.6691	0.0	0.0	0.0	0.0	5	0	0	0	60	0	0	0	0	2	0	0	0	5	0	0	0	0	22	0	0	0	244	0	0	0	0	21	0	0	0	0	0	0	0	0	3	0	0	0	0	0	0	0	0	80	0	0	0	0	0	0	0	0	0.020487	0.0	0.0	0.0	0.004783	0.0	0.0	0.0	0.0	0.81073	0.0	0.0	0.0	0.18927	0.0	0.0	0.0	0.0	
312	448	5143.266563874	3943.1917777777776	3943.194	0.007127	0.0	134	0	0	0	310	0	0	0	0	0.019223	0.0	0.0	0.0	0.004304	0.0	0.0	0.0	0.0	0.04106	0.0	0.0	0.0	5021.95	0.0	0.0	0.0	0.0	0.000306	0.0	0.0	0.0	16.1998	0.0	0.0	0.0	0.0	5	0	0	0	60	0	0	0	0	2	0	0	0	5	0	0	0	0	22	0	0	0	245	0	0	0	0	21	0	0	0	0	0	0	0	0	3	0	0	0	0	0	0	0	0	81	0	0	0	0	0	0	0	0	0.019223	0.0	0.0	0.0	0.004304	0.0	0.0	0.0	0.0	0.817046	0.0	0.0	0.0	0.182954	0.0	0.0	0.0	0.0	
313	449	5147.455861213	3943.1917777777776	3943.194	0.005039	0.0	134	0	0	0	311	0	0	0	0	0.019223	0.0	0.0	0.0	0.003874	0.0	0.0	0.0	0.0	0.04106	0.0	0.0	0.0	5026.14	0.0	0.0	0.0	0.0	0.000306	0.0	0.0	0.0	16.1612	0.0	0.0	0.0	0.0	5	0	0	0	60	0	0	0	0	2	0	0	0	5	0	0	0	0	22	0	0	0	246	0	0	0	0	21	0	0	0	0	0	0	0	0	3	0	0	0	0	0	0	0	0	81	0	0	0	0	0	0	0	0	0.019223	0.0	0.0	0.0	0.003874	0.0	0.0	0.0	0.0	0.832273	0.0	0.0	0.0	0.167727	0.0	0.0	0.0	0.0	
314	452	5159.412105344	3943.1917777777776	3943.194	0.004999	0.0	136	0	0	0	312	0	0	0	0	0.016971	0.0	0.0	0.0	0.003487	0.0	0.0	0.0	0.0	0.041613	0.0	0.0	0.0	5038.09	0.0	0.0	0.0	0.0	0.000306	0.0	0.0	0.0	16.1477	0.0	0.0	0.0	0.0	5	0	0	0	60	0	0	0	0	2	0	0	0	5	0	0	0	0	23	0	0	0	247	0	0	0	0	21	0	0	0	0	0	0	0	0	3	0	0	0	0	0	0	0	0	82	0	0	0	0	0	0	0	0	0.016971	0.0	0.0	0.0	0.003487	0.0	0.0	0.0	0.0	0.82957	0.0	0.0	0.0	0.17043	0.0	0.0	0.0	0.0	
315	453	5170.527069147	3943.1917777777776	3943.194	0.004885	0.0	136	0	0	0	313	0	0	0	0	0.016971	0.0	0.0	0.0	0.003138	0.0	0.0	0.0	0.0	0.041613	0.0	0.0	0.0	5049.21	0.0	0.0	0.0	0.0	0.000306	0.0	0.0	0.0	16.1317	0.0	0.0	0.0	0.0	5	0	0	0	60	0	0	0	0	2	0	0	0	5	0	0	0	0	23	0	0	0	248	0	0	0	0	21	0	0	0	0	0	0	0	0	3	0	0	0	0	0	0	0	0	82	0	0	0	0	0	0	0	0	0.016971	0.0	0.0	0.0	0.003138	0.0	0.0	0.0	0.0	0.843954	0.0	0.0	0.0	0.156046	0.0	0.0	0.0	0.0	
316	484	5178.960701174	3943.1884444444445	3943.194	0.004782	0.0	166	0	0	0	314	0	0	0	0	0.018335	0.0	0.0	0.0	0.002824	0.0	0.0	0.0	0.0	0.047861	0.0	0.0	0.0	5057.64	0.0	0.0	0.0	0.0	0.000288	0.0	0.0	0.0	16.1071	0.0	0.0	0.0	0.0	6	0	0	0	60	0	0	0	0	2	0	0	0	5	0	0	0	0	28	0	0	0	249	0	0	0	0	27	0	0	0	0	0	0	0	0	3	0	0	0	0	0	0	0	0	100	0	0	0	0	0	0	0	0	0.018335	0.0	0.0	0.0	0.002824	0.0	0.0	0.0	0.0	0.866524	0.0	0.0	0.0	0.133476	0.0	0.0	0.0	0.0	
317	486	5184.271902945	3943.1884444444445	3943.194	0.004705	0.0	167	0	0	0	315	0	0	0	0	0.017277	0.0	0.0	0.0	0.002542	0.0	0.0	0.0	0.0	0.048096	0.0	0.0	0.0	5062.95	0.0	0.0	0.0	0.0	0.000288	0.0	0.0	0.0	16.0728	0.0	0.0	0.0	0.0	6	0	0	0	60	0	0	0	0	2	0	0	0	5	0	0	0	0	28	0	0	0	250	0	0	0	0	27	0	0	0	0	0	0	0	0	3	0	0	0	0	0	0	0	0	101	0	0	0	0	0	0	0	0	0.017277	0.0	0.0	0.0	0.002542	0.0	0.0	0.0	0.0	0.871747	0.0	0.0	0.0	0.128253	0.0	0.0	0.0	0.0	
318	495	5204.877767223	3943.1884444444445	3943.194	0.004657	0.0	175	0	0	0	316	0	0	0	0	0.010606	0.0	0.0	0.0	0.002288	0.0	0.0	0.0	0.0	0.049667	0.0	0.0	0.0	5083.55	0.0	0.0	0.0	0.0	0.000284	0.0	0.0	0.0	16.0872	0.0	0.0	0.0	0.0	6	0	0	0	60	0	0	0	0	2	0	0	0	5	0	0	0	0	31	0	0	0	251	0	0	0	0	27	0	0	0	0	0	0	0	0	3	0	0	0	0	0	0	0	0	106	0	0	0	0	0	0	0	0	0.010606	0.0	0.0	0.0	0.002288	0.0	0.0	0.0	0.0	0.822582	0.0	0.0	0.0	0.177418	0.0	0.0	0.0	0.0	
319	497	5219.948665918	3942.694	3942.694	0.004476	0.0	176	0	0	0	317	0	0	0	0	0.009962	0.0	0.0	0.0	0.102059	0.0	0.0	0.0	0.0	0.050077	0.0	0.0	0.0	5098.62	0.0	0.0	0.0	0.0	0.000285	0.0	0.0	0.0	16.084	0.0	0.0	0.0	0.0	6	0	0	0	61	0	0	0	0	2	0	0	0	5	0	0	0	0	32	0	0	0	251	0	0	0	0	27	0	0	0	0	0	0	0	0	3	0	0	0	0	0	0	0	0	106	0	0	0	0	0	0	0	0	0.009962	0.0	0.0	0.0	0.102059	0.0	0.0	0.0	0.0	0.088926	0.0	0.0	0.0	0.911074	0.0	0.0	0.0	0.0	
320	498	5226.582827771	3942.694	3942.694	0.004348	0.0	176	0	0	0	318	0	0	0	0	0.009962	0.0	0.0	0.0	0.096458	0.0	0.0	0.0	0.0	0.050077	0.0	0.0	0.0	5105.26	0.0	0.0	0.0	0.0	0.000285	0.0	0.0	0.0	16.0543	0.0	0.0	0.0	0.0	6	0	0	0	61	0	0	0	0	2	0	0	0	5	0	0	0	0	32	0	0	0	252	0	0	0	0	27	0	0	0	0	0	0	0	0	3	0	0	0	0	0	0	0	0	106	0	0	0	0	0	0	0	0	0.009962	0.0	0.0	0.0	0.096458	0.0	0.0	0.0	0.0	0.093606	0.0	0.0	0.0	0.906394	0.0	0.0	0.0	0.0	
321	499	5229.6785647	3942.694	3942.694	0.004293	0.0	176	0	0	0	319	0	0	0	0	0.009962	0.0	0.0	0.0	0.091137	0.0	0.0	0.0	0.0	0.050077	0.0	0.0	0.0	5108.35	0.0	0.0	0.0	0.0	0.000285	0.0	0.0	0.0	16.0136	0.0	0.0	0.0	0.0	6	0	0	0	61	0	0	0	0	2	0	0	0	5	0	0	0	0	32	0	0	0	253	0	0	0	0	27	0	0	0	0	0	0	0	0	3	0	0	0	0	0	0	0	0	106	0	0	0	0	0	0	0	0	0.009962	0.0	0.0	0.0	0.091137	0.0	0.0	0.0	0.0	0.098533	0.0	0.0	0.0	0.901467	0.0	0.0	0.0	0.0	
322	500	5234.963608277	3942.694	3942.694	0.004267	0.0	176	0	0	0	320	0	0	0	0	0.009962	0.0	0.0	0.0	0.086082	0.0	0.0	0.0	0.0	0.050077	0.0	0.0	0.0	5113.64	0.0	0.0	0.0	0.0	0.000285	0.0	0.0	0.0	15.9801	0.0	0.0	0.0	0.0	6	0	0	0	61	0	0	0	0	2	0	0	0	5	0	0	0	0	32	0	0	0	254	0	0	0	0	27	0	0	0	0	0	0	0	0	3	0	0	0	0	0	0	0	0	106	0	0	0	0	0	0	0	0	0.009962	0.0	0.0	0.0	0.086082	0.0	0.0	0.0	0.0	0.103719	0.0	0.0	0.0	0.896281	0.0	0.0	0.0	0.0	
323	501	5237.421725265	3942.694	3942.694	0.004224	0.0	176	0	0	0	321	0	0	0	0	0.009962	0.0	0.0	0.0	0.08128	0.0	0.0	0.0	0.0	0.050077	0.0	0.0	0.0	5116.09	0.0	0.0	0.0	0.0	0.000285	0.0	0.0	0.0	15.938	0.0	0.0	0.0	0.0	6	0	0	0	61	0	0	0	0	2	0	0	0	5	0	0	0	0	32	0	0	0	255	0	0	0	0	27	0	0	0	0	0	0	0	0	3	0	0	0	0	0	0	0	0	106	0	0	0	0	0	0	0	0	0.009962	0.0	0.0	0.0	0.08128	0.0	0.0	0.0	0.0	0.109178	0.0	0.0	0.0	0.890822	0.0	0.0	0.0	0.0	
324	502	5241.959760585	3942.694	3942.694	0.004204	0.0	176	0	0	0	322	0	0	0	0	0.009962	0.0	0.0	0.0	0.076718	0.0	0.0	0.0	0.0	0.050077	0.0	0.0	0.0	5120.63	0.0	0.0	0.0	0.0	0.000285	0.0	0.0	0.0	15.9026	0.0	0.0	0.0	0.0	6	0	0	0	61	0	0	0	0	2	0	0	0	5	0	0	0	0	32	0	0	0	256	0	0	0	0	27	0	0	0	0	0	0	0	0	3	0	0	0	0	0	0	0	0	106	0	0	0	0	0	0	0	0	0.009962	0.0	0.0	0.0	0.076718	0.0	0.0	0.0	0.0	0.114924	0.0	0.0	0.0	0.885076	0.0	0.0	0.0	0.0	
325	503	5249.63521656	3942.194	3942.194	0.004168	0.0	176	0	0	0	323	0	0	0	0	0.009962	0.0	0.0	0.0	0.128876	0.0	0.0	0.0	0.0	0.050077	0.0	0.0	0.0	5128.31	0.0	0.0	0.0	0.0	0.000285	0.0	0.0	0.0	15.8771	0.0	0.0	0.0	0.0	6	0	0	0	62	0	0	0	0	2	0	0	0	5	0	0	0	0	32	0	0	0	256	0	0	0	0	27	0	0	0	0	0	0	0	0	3	0	0	0	0	0	0	0	0	106	0	0	0	0	0	0	0	0	0.009962	0.0	0.0	0.0	0.128876	0.0	0.0	0.0	0.0	0.071749	0.0	0.0	0.0	0.928251	0.0	0.0	0.0	0.0	
326	504	5252.580958237	3942.194	3942.194	0.004107	0.0	176	0	0	0	324	0	0	0	0	0.009962	0.0	0.0	0.0	0.121934	0.0	0.0	0.0	0.0	0.050077	0.0	0.0	0.0	5131.25	0.0	0.0	0.0	0.0	0.000285	0.0	0.0	0.0	15.8372	0.0	0.0	0.0	0.0	6	0	0	0	62	0	0	0	0	2	0	0	0	5	0	0	0	0	32	0	0	0	257	0	0	0	0	27	0	0	0	0	0	0	0	0	3	0	0	0	0	0	0	0	0	106	0	0	0	0	0	0	0	0	0.009962	0.0	0.0	0.0	0.121934	0.0	0.0	0.0	0.0	0.075526	0.0	0.0	0.0	0.924474	0.0	0.0	0.0	0.0	
327	505	5255.604334959	3942.194	3942.194	0.004083	0.0	176	0	0	0	325	0	0	0	0	0.009962	0.0	0.0	0.0	0.115339	0.0	0.0	0.0	0.0	0.050077	0.0	0.0	0.0	5134.28	0.0	0.0	0.0	0.0	0.000285	0.0	0.0	0.0	15.7978	0.0	0.0	0.0	0.0	6	0	0	0	62	0	0	0	0	2	0	0	0	5	0	0	0	0	32	0	0	0	258	0	0	0	0	27	0	0	0	0	0	0	0	0	3	0	0	0	0	0	0	0	0	106	0	0	0	0	0	0	0	0	0.009962	0.0	0.0	0.0	0.115339	0.0	0.0	0.0	0.0	0.079501	0.0	0.0	0.0	0.920499	0.0	0.0	0.0	0.0	
328	506	5259.21352741	3942.194	3942.194	0.00406	0.0	176	0	0	0	326	0	0	0	0	0.009962	0.0	0.0	0.0	0.109074	0.0	0.0	0.0	0.0	0.050077	0.0	0.0	0.0	5137.89	0.0	0.0	0.0	0.0	0.000285	0.0	0.0	0.0	15.7604	0.0	0.0	0.0	0.0	6	0	0	0	62	0	0	0	0	2	0	0	0	5	0	0	0	0	32	0	0	0	259	0	0	0	0	27	0	0	0	0	0	0	0	0	3	0	0	0	0	0	0	0	0	106	0	0	0	0	0	0	0	0	0.009962	0.0	0.0	0.0	0.109074	0.0	0.0	0.0	0.0	0.083685	0.0	0.0	0.0	0.916315	0.0	0.0	0.0	0.0	
329	507	5261.858079141	3942.194	3942.194	0.004032	0.0	176	0	0	0	327	0	0	0	0	0.009962	0.0	0.0	0.0	0.103123	0.0	0.0	0.0	0.0	0.050077	0.0	0.0	0.0	5140.53	0.0	0.0	0.0	0.0	0.000285	0.0	0.0	0.0	15.7203	0.0	0.0	0.0	0.0	6	0	0	0	62	0	0	0	0	2	0	0	0	5	0	0	0	0	32	0	0	0	260	0	0	0	0	27	0	0	0	0	0	0	0	0	3	0	0	0	0	0	0	0	0	106	0	0	0	0	0	0	0	0	0.009962	0.0	0.0	0.0	0.103123	0.0	0.0	0.0	0.0	0.088089	0.0	0.0	0.0	0.911911	0.0	0.0	0.0	0.0	
330	508	5267.724519814	3942.194	3942.194	0.004011	0.0	176	0	0	0	328	0	0	0	0	0.009962	0.0	0.0	0.0	0.097468	0.0	0.0	0.0	0.0	0.050077	0.0	0.0	0.0	5146.4	0.0	0.0	0.0	0.0	0.000285	0.0	0.0	0.0	15.6902	0.0	0.0	0.0	0.0	6	0	0	0	62	0	0	0	0	2	0	0	0	5	0	0	0	0	32	0	0	0	261	0	0	0	0	27	0	0	0	0	0	0	0	0	3	0	0	0	0	0	0	0	0	106	0	0	0	0	0	0	0	0	0.009962	0.0	0.0	0.0	0.097468	0.0	0.0	0.0	0.0	0.092726	0.0	0.0	0.0	0.907274	0.0	0.0	0.0	0.0	
331	509	5277.97041492	3942.194	3942.194	0.003966	0.0	176	0	0	0	329	0	0	0	0	0.009962	0.0	0.0	0.0	0.092097	0.0	0.0	0.0	0.0	0.050077	0.0	0.0	0.0	5156.64	0.0	0.0	0.0	0.0	0.000285	0.0	0.0	0.0	15.6737	0.0	0.0	0.0	0.0	6	0	0	0	62	0	0	0	0	2	0	0	0	5	0	0	0	0	32	0	0	0	262	0	0	0	0	27	0	0	0	0	0	0	0	0	3	0	0	0	0	0	0	0	0	106	0	0	0	0	0	0	0	0	0.009962	0.0	0.0	0.0	0.092097	0.0	0.0	0.0	0.0	0.097606	0.0	0.0	0.0	0.902394	0.0	0.0	0.0	0.0	
332	510	5280.427788577	3942.194	3942.194	0.003889	0.0	176	0	0	0	330	0	0	0	0	0.009962	0.0	0.0	0.0	0.086994	0.0	0.0	0.0	0.0	0.050077	0.0	0.0	0.0	5159.1	0.0	0.0	0.0	0.0	0.000285	0.0	0.0	0.0	15.6336	0.0	0.0	0.0	0.0	6	0	0	0	62	0	0	0	0	2	0	0	0	5	0	0	0	0	32	0	0	0	263	0	0	0	0	27	0	0	0	0	0	0	0	0	3	0	0	0	0	0	0	0	0	106	0	0	0	0	0	0	0	0	0.009962	0.0	0.0	0.0	0.086994	0.0	0.0	0.0	0.0	0.102743	0.0	0.0	0.0	0.897257	0.0	0.0	0.0	0.0	
333	511	5296.001661718	3942.194	3942.194	0.00387	0.0	176	0	0	0	331	0	0	0	0	0.009962	0.0	0.0	0.0	0.082146	0.0	0.0	0.0	0.0	0.050077	0.0	0.0	0.0	5174.67	0.0	0.0	0.0	0.0	0.000285	0.0	0.0	0.0	15.6335	0.0	0.0	0.0	0.0	6	0	0	0	62	0	0	0	0	2	0	0	0	5	0	0	0	0	32	0	0	0	264	0	0	0	0	27	0	0	0	0	0	0	0	0	3	0	0	0	0	0	0	0	0	106	0	0	0	0	0	0	0	0	0.009962	0.0	0.0	0.0	0.082146	0.0	0.0	0.0	0.0	0.108151	0.0	0.0	0.0	0.891849	0.0	0.0	0.0	0.0	
334	512	5303.971516137	3942.194	3942.194	0.003756	0.0	176	0	0	0	332	0	0	0	0	0.009962	0.0	0.0	0.0	0.077541	0.0	0.0	0.0	0.0	0.050077	0.0	0.0	0.0	5182.64	0.0	0.0	0.0	0.0	0.000285	0.0	0.0	0.0	15.6104	0.0	0.0	0.0	0.0	6	0	0	0	62	0	0	0	0	2	0	0	0	5	0	0	0	0	32	0	0	0	265	0	0	0	0	27	0	0	0	0	0	0	0	0	3	0	0	0	0	0	0	0	0	106	0	0	0	0	0	0	0	0	0.009962	0.0	0.0	0.0	0.077541	0.0	0.0	0.0	0.0	0.113843	0.0	0.0	0.0	0.886157	0.0	0.0	0.0	0.0	
335	513	5313.34030606	3942.194	3942.194	0.003699	0.0	176	0	0	0	333	0	0	0	0	0.009962	0.0	0.0	0.0	0.073166	0.0	0.0	0.0	0.0	0.050077	0.0	0.0	0.0	5192.01	0.0	0.0	0.0	0.0	0.000285	0.0	0.0	0.0	15.5916	0.0	0.0	0.0	0.0	6	0	0	0	62	0	0	0	0	2	0	0	0	5	0	0	0	0	32	0	0	0	266	0	0	0	0	27	0	0	0	0	0	0	0	0	3	0	0	0	0	0	0	0	0	106	0	0	0	0	0	0	0	0	0.009962	0.0	0.0	0.0	0.073166	0.0	0.0	0.0	0.0	0.119835	0.0	0.0	0.0	0.880165	0.0	0.0	0.0	0.0	
336	514	5319.158326478	3942.194	3942.194	0.003633	0.0	176	0	0	0	334	0	0	0	0	0.009962	0.0	0.0	0.0	0.069009	0.0	0.0	0.0	0.0	0.050077	0.0	0.0	0.0	5197.83	0.0	0.0	0.0	0.0	0.000285	0.0	0.0	0.0	15.5624	0.0	0.0	0.0	0.0	6	0	0	0	62	0	0	0	0	2	0	0	0	5	0	0	0	0	32	0	0	0	267	0	0	0	0	27	0	0	0	0	0	0	0	0	3	0	0	0	0	0	0	0	0	106	0	0	0	0	0	0	0	0	0.009962	0.0	0.0	0.0	0.069009	0.0	0.0	0.0	0.0	0.126142	0.0	0.0	0.0	0.873858	0.0	0.0	0.0	0.0	
337	515	5322.334989383	3942.194	3942.194	0.003593	0.0	176	0	0	0	335	0	0	0	0	0.009962	0.0	0.0	0.0	0.065061	0.0	0.0	0.0	0.0	0.050077	0.0	0.0	0.0	5201.01	0.0	0.0	0.0	0.0	0.000285	0.0	0.0	0.0	15.5254	0.0	0.0	0.0	0.0	6	0	0	0	62	0	0	0	0	2	0	0	0	5	0	0	0	0	32	0	0	0	268	0	0	0	0	27	0	0	0	0	0	0	0	0	3	0	0	0	0	0	0	0	0	106	0	0	0	0	0	0	0	0	0.009962	0.0	0.0	0.0	0.065061	0.0	0.0	0.0	0.0	0.132781	0.0	0.0	0.0	0.867219	0.0	0.0	0.0	0.0	
338	516	5332.148340867	3942.194	3942.194	0.003571	0.0	176	0	0	0	336	0	0	0	0	0.009962	0.0	0.0	0.0	0.06131	0.0	0.0	0.0	0.0	0.050077	0.0	0.0	0.0	5210.82	0.0	0.0	0.0	0.0	0.000285	0.0	0.0	0.0	15.5084	0.0	0.0	0.0	0.0	6	0	0	0	62	0	0	0	0	2	0	0	0	5	0	0	0	0	32	0	0	0	269	0	0	0	0	27	0	0	0	0	0	0	0	0	3	0	0	0	0	0	0	0	0	106	0	0	0	0	0	0	0	0	0.009962	0.0	0.0	0.0	0.06131	0.0	0.0	0.0	0.0	0.139769	0.0	0.0	0.0	0.860231	0.0	0.0	0.0	0.0	
339	517	5345.986502317	3942.194	3942.194	0.003504	0.0	176	0	0	0	337	0	0	0	0	0.009962	0.0	0.0	0.0	0.057746	0.0	0.0	0.0	0.0	0.050077	0.0	0.0	0.0	5224.66	0.0	0.0	0.0	0.0	0.000285	0.0	0.0	0.0	15.5034	0.0	0.0	0.0	0.0	6	0	0	0	62	0	0	0	0	2	0	0	0	5	0	0	0	0	32	0	0	0	270	0	0	0	0	27	0	0	0	0	0	0	0	0	3	0	0	0	0	0	0	0	0	106	0	0	0	0	0	0	0	0	0.009962	0.0	0.0	0.0	0.057746	0.0	0.0	0.0	0.0	0.147125	0.0	0.0	0.0	0.852875	0.0	0.0	0.0	0.0	
340	518	5355.949771175	3942.194	3942.194	0.003412	0.0	176	0	0	0	338	0	0	0	0	0.009962	0.0	0.0	0.0	0.054361	0.0	0.0	0.0	0.0	0.050077	0.0	0.0	0.0	5234.62	0.0	0.0	0.0	0.0	0.000285	0.0	0.0	0.0	15.487	0.0	0.0	0.0	0.0	6	0	0	0	62	0	0	0	0	2	0	0	0	5	0	0	0	0	32	0	0	0	271	0	0	0	0	27	0	0	0	0	0	0	0	0	3	0	0	0	0	0	0	0	0	106	0	0	0	0	0	0	0	0	0.009962	0.0	0.0	0.0	0.054361	0.0	0.0	0.0	0.0	0.154869	0.0	0.0	0.0	0.845131	0.0	0.0	0.0	0.0	
341	519	5370.494368242	3942.194	3942.194	0.003347	0.0	176	0	0	0	339	0	0	0	0	0.009962	0.0	0.0	0.0	0.051145	0.0	0.0	0.0	0.0	0.050077	0.0	0.0	0.0	5249.17	0.0	0.0	0.0	0.0	0.000285	0.0	0.0	0.0	15.4843	0.0	0.0	0.0	0.0	6	0	0	0	62	0	0	0	0	2	0	0	0	5	0	0	0	0	32	0	0	0	272	0	0	0	0	27	0	0	0	0	0	0	0	0	3	0	0	0	0	0	0	0	0	106	0	0	0	0	0	0	0	0	0.009962	0.0	0.0	0.0	0.051145	0.0	0.0	0.0	0.0	0.16302	0.0	0.0	0.0	0.83698	0.0	0.0	0.0	0.0	
342	520	5389.346222252	3942.194	3942.194	0.003255	0.0	176	0	0	0	340	0	0	0	0	0.009962	0.0	0.0	0.0	0.048089	0.0	0.0	0.0	0.0	0.050077	0.0	0.0	0.0	5268.02	0.0	0.0	0.0	0.0	0.000285	0.0	0.0	0.0	15.4942	0.0	0.0	0.0	0.0	6	0	0	0	62	0	0	0	0	2	0	0	0	5	0	0	0	0	32	0	0	0	273	0	0	0	0	27	0	0	0	0	0	0	0	0	3	0	0	0	0	0	0	0	0	106	0	0	0	0	0	0	0	0	0.009962	0.0	0.0	0.0	0.048089	0.0	0.0	0.0	0.0	0.1716	0.0	0.0	0.0	0.8284	0.0	0.0	0.0	0.0	
343	525	5399.509167018	3942.194	3942.194	0.003139	0.0	180	0	0	0	341	0	0	0	0	0.006536	0.0	0.0	0.0	0.045358	0.0	0.0	0.0	0.0	0.050925	0.0	0.0	0.0	5278.18	0.0	0.0	0.0	0.0	0.000283	0.0	0.0	0.0	15.4785	0.0	0.0	0.0	0.0	6	0	0	0	62	0	0	0	0	2	0	0	0	5	0	0	0	0	33	0	0	0	274	0	0	0	0	27	0	0	0	0	0	0	0	0	3	0	0	0	0	0	0	0	0	109	0	0	0	0	0	0	0	0	0.006536	0.0	0.0	0.0	0.045358	0.0	0.0	0.0	0.0	0.125945	0.0	0.0	0.0	0.874055	0.0	0.0	0.0	0.0	
344	526	5403.611287431	3942.194	3942.194	0.003078	0.0	180	0	0	0	342	0	0	0	0	0.006536	0.0	0.0	0.0	0.042763	0.0	0.0	0.0	0.0	0.050925	0.0	0.0	0.0	5282.28	0.0	0.0	0.0	0.0	0.000283	0.0	0.0	0.0	15.4453	0.0	0.0	0.0	0.0	6	0	0	0	62	0	0	0	0	2	0	0	0	5	0	0	0	0	33	0	0	0	275	0	0	0	0	27	0	0	0	0	0	0	0	0	3	0	0	0	0	0	0	0	0	109	0	0	0	0	0	0	0	0	0.006536	0.0	0.0	0.0	0.042763	0.0	0.0	0.0	0.0	0.132573	0.0	0.0	0.0	0.867427	0.0	0.0	0.0	0.0	
345	527	5515.451554419	3936.694	3936.694	0.003054	0.0	180	0	0	0	343	0	0	0	0	0.006536	0.0	0.0	0.0	0.09794	0.0	0.0	0.0	0.0	0.050925	0.0	0.0	0.0	5394.12	0.0	0.0	0.0	0.0	0.000283	0.0	0.0	0.0	15.7263	0.0	0.0	0.0	0.0	6	0	0	0	63	0	0	0	0	2	0	0	0	5	0	0	0	0	33	0	0	0	275	0	0	0	0	27	0	0	0	0	0	0	0	0	3	0	0	0	0	0	0	0	0	109	0	0	0	0	0	0	0	0	0.006536	0.0	0.0	0.0	0.09794	0.0	0.0	0.0	0.0	0.062557	0.0	0.0	0.0	0.937443	0.0	0.0	0.0	0.0	
346	528	5522.581899758	3936.694	3936.694	0.002463	0.0	180	0	0	0	344	0	0	0	0	0.006536	0.0	0.0	0.0	0.092716	0.0	0.0	0.0	0.0	0.050925	0.0	0.0	0.0	5401.25	0.0	0.0	0.0	0.0	0.000283	0.0	0.0	0.0	15.7013	0.0	0.0	0.0	0.0	6	0	0	0	63	0	0	0	0	2	0	0	0	5	0	0	0	0	33	0	0	0	276	0	0	0	0	27	0	0	0	0	0	0	0	0	3	0	0	0	0	0	0	0	0	109	0	0	0	0	0	0	0	0	0.006536	0.0	0.0	0.0	0.092716	0.0	0.0	0.0	0.0	0.06585	0.0	0.0	0.0	0.93415	0.0	0.0	0.0	0.0	
347	529	5526.256657871	3936.694	3936.694	0.002429	0.0	180	0	0	0	345	0	0	0	0	0.006536	0.0	0.0	0.0	0.087754	0.0	0.0	0.0	0.0	0.050925	0.0	0.0	0.0	5404.93	0.0	0.0	0.0	0.0	0.000283	0.0	0.0	0.0	15.6665	0.0	0.0	0.0	0.0	6	0	0	0	63	0	0	0	0	2	0	0	0	5	0	0	0	0	33	0	0	0	277	0	0	0	0	27	0	0	0	0	0	0	0	0	3	0	0	0	0	0	0	0	0	109	0	0	0	0	0	0	0	0	0.006536	0.0	0.0	0.0	0.087754	0.0	0.0	0.0	0.0	0.069316	0.0	0.0	0.0	0.930684	0.0	0.0	0.0	0.0	
348	530	5531.275155017	3936.694	3936.694	0.002412	0.0	180	0	0	0	346	0	0	0	0	0.006536	0.0	0.0	0.0	0.083039	0.0	0.0	0.0	0.0	0.050925	0.0	0.0	0.0	5409.95	0.0	0.0	0.0	0.0	0.000283	0.0	0.0	0.0	15.6357	0.0	0.0	0.0	0.0	6	0	0	0	63	0	0	0	0	2	0	0	0	5	0	0	0	0	33	0	0	0	278	0	0	0	0	27	0	0	0	0	0	0	0	0	3	0	0	0	0	0	0	0	0	109	0	0	0	0	0	0	0	0	0.006536	0.0	0.0	0.0	0.083039	0.0	0.0	0.0	0.0	0.072964	0.0	0.0	0.0	0.927036	0.0	0.0	0.0	0.0	
349	531	5538.293249016	3936.694	3936.694	0.002389	0.0	180	0	0	0	347	0	0	0	0	0.006536	0.0	0.0	0.0	0.07856	0.0	0.0	0.0	0.0	0.050925	0.0	0.0	0.0	5416.96	0.0	0.0	0.0	0.0	0.000283	0.0	0.0	0.0	15.6108	0.0	0.0	0.0	0.0	6	0	0	0	63	0	0	0	0	2	0	0	0	5	0	0	0	0	33	0	0	0	279	0	0	0	0	27	0	0	0	0	0	0	0	0	3	0	0	0	0	0	0	0	0	109	0	0	0	0	0	0	0	0	0.006536	0.0	0.0	0.0	0.07856	0.0	0.0	0.0	0.0	0.076804	0.0	0.0	0.0	0.923196	0.0	0.0	0.0	0.0	
350	532	5558.190579344	3936.694	3936.694	0.002357	0.0	180	0	0	0	348	0	0	0	0	0.006536	0.0	0.0	0.0	0.074306	0.0	0.0	0.0	0.0	0.050925	0.0	0.0	0.0	5436.86	0.0	0.0	0.0	0.0	0.000283	0.0	0.0	0.0	15.6232	0.0	0.0	0.0	0.0	6	0	0	0	63	0	0	0	0	2	0	0	0	5	0	0	0	0	33	0	0	0	280	0	0	0	0	27	0	0	0	0	0	0	0	0	3	0	0	0	0	0	0	0	0	109	0	0	0	0	0	0	0	0	0.006536	0.0	0.0	0.0	0.074306	0.0	0.0	0.0	0.0	0.080846	0.0	0.0	0.0	0.919154	0.0	0.0	0.0	0.0	
351	533	5587.246084998	3936.694	3936.694	0.002268	0.0	180	0	0	0	349	0	0	0	0	0.006536	0.0	0.0	0.0	0.070264	0.0	0.0	0.0	0.0	0.050925	0.0	0.0	0.0	5465.92	0.0	0.0	0.0	0.0	0.000283	0.0	0.0	0.0	15.6617	0.0	0.0	0.0	0.0	6	0	0	0	63	0	0	0	0	2	0	0	0	5	0	0	0	0	33	0	0	0	281	0	0	0	0	27	0	0	0	0	0	0	0	0	3	0	0	0	0	0	0	0	0	109	0	0	0	0	0	0	0	0	0.006536	0.0	0.0	0.0	0.070264	0.0	0.0	0.0	0.0	0.085102	0.0	0.0	0.0	0.914898	0.0	0.0	0.0	0.0	
352	534	5610.559771056	3936.694	3936.694	0.002145	0.0	180	0	0	0	350	0	0	0	0	0.006536	0.0	0.0	0.0	0.066424	0.0	0.0	0.0	0.0	0.050925	0.0	0.0	0.0	5489.23	0.0	0.0	0.0	0.0	0.000283	0.0	0.0	0.0	15.6835	0.0	0.0	0.0	0.0	6	0	0	0	63	0	0	0	0	2	0	0	0	5	0	0	0	0	33	0	0	0	282	0	0	0	0	27	0	0	0	0	0	0	0	0	3	0	0	0	0	0	0	0	0	109	0	0	0	0	0	0	0	0	0.006536	0.0	0.0	0.0	0.066424	0.0	0.0	0.0	0.0	0.08958	0.0	0.0	0.0	0.910419	0.0	0.0	0.0	0.0	
353	535	5618.1193783	3936.694	3936.694	0.002051	0.0	180	0	0	0	351	0	0	0	0	0.006536	0.0	0.0	0.0	0.062776	0.0	0.0	0.0	0.0	0.050925	0.0	0.0	0.0	5496.79	0.0	0.0	0.0	0.0	0.000283	0.0	0.0	0.0	15.6604	0.0	0.0	0.0	0.0	6	0	0	0	63	0	0	0	0	2	0	0	0	5	0	0	0	0	33	0	0	0	283	0	0	0	0	27	0	0	0	0	0	0	0	0	3	0	0	0	0	0	0	0	0	109	0	0	0	0	0	0	0	0	0.006536	0.0	0.0	0.0	0.062776	0.0	0.0	0.0	0.0	0.094295	0.0	0.0	0.0	0.905705	0.0	0.0	0.0	0.0	
354	536	5625.974209213	3924.694	3924.694	0.002021	0.0	180	0	0	0	352	0	0	0	0	0.006536	0.0	0.0	0.0	0.114516	0.0	0.0	0.0	0.0	0.050925	0.0	0.0	0.0	5504.65	0.0	0.0	0.0	0.0	0.000283	0.0	0.0	0.0	15.6382	0.0	0.0	0.0	0.0	6	0	0	0	64	0	0	0	0	2	0	0	0	5	0	0	0	0	33	0	0	0	283	0	0	0	0	27	0	0	0	0	0	0	0	0	3	0	0	0	0	0	0	0	0	109	0	0	0	0	0	0	0	0	0.006536	0.0	0.0	0.0	0.114516	0.0	0.0	0.0	0.0	0.053991	0.0	0.0	0.0	0.946009	0.0	0.0	0.0	0.0	
355	537	5633.100609836	3924.694	3924.694	0.001991	0.0	180	0	0	0	353	0	0	0	0	0.006536	0.0	0.0	0.0	0.108463	0.0	0.0	0.0	0.0	0.050925	0.0	0.0	0.0	5511.77	0.0	0.0	0.0	0.0	0.000283	0.0	0.0	0.0	15.6141	0.0	0.0	0.0	0.0	6	0	0	0	64	0	0	0	0	2	0	0	0	5	0	0	0	0	33	0	0	0	284	0	0	0	0	27	0	0	0	0	0	0	0	0	3	0	0	0	0	0	0	0	0	109	0	0	0	0	0	0	0	0	0.006536	0.0	0.0	0.0	0.108463	0.0	0.0	0.0	0.0	0.056833	0.0	0.0	0.0	0.943167	0.0	0.0	0.0	0.0	
356	538	5665.635865685	3924.694	3924.694	0.001964	0.0	180	0	0	0	354	0	0	0	0	0.006536	0.0	0.0	0.0	0.102713	0.0	0.0	0.0	0.0	0.050925	0.0	0.0	0.0	5544.31	0.0	0.0	0.0	0.0	0.000283	0.0	0.0	0.0	15.6619	0.0	0.0	0.0	0.0	6	0	0	0	64	0	0	0	0	2	0	0	0	5	0	0	0	0	33	0	0	0	285	0	0	0	0	27	0	0	0	0	0	0	0	0	3	0	0	0	0	0	0	0	0	109	0	0	0	0	0	0	0	0	0.006536	0.0	0.0	0.0	0.102713	0.0	0.0	0.0	0.0	0.059824	0.0	0.0	0.0	0.940176	0.0	0.0	0.0	0.0	
357	539	5679.788205829	3924.694	3924.694	0.001845	0.0	180	0	0	0	355	0	0	0	0	0.006536	0.0	0.0	0.0	0.097251	0.0	0.0	0.0	0.0	0.050925	0.0	0.0	0.0	5558.46	0.0	0.0	0.0	0.0	0.000283	0.0	0.0	0.0	15.6576	0.0	0.0	0.0	0.0	6	0	0	0	64	0	0	0	0	2	0	0	0	5	0	0	0	0	33	0	0	0	286	0	0	0	0	27	0	0	0	0	0	0	0	0	3	0	0	0	0	0	0	0	0	109	0	0	0	0	0	0	0	0	0.006536	0.0	0.0	0.0	0.097251	0.0	0.0	0.0	0.0	0.062973	0.0	0.0	0.0	0.937027	0.0	0.0	0.0	0.0	
358	540	5689.710125508	3924.694	3924.694	0.001795	0.0	180	0	0	0	356	0	0	0	0	0.006536	0.0	0.0	0.0	0.092062	0.0	0.0	0.0	0.0	0.050925	0.0	0.0	0.0	5568.38	0.0	0.0	0.0	0.0	0.000283	0.0	0.0	0.0	15.6415	0.0	0.0	0.0	0.0	6	0	0	0	64	0	0	0	0	2	0	0	0	5	0	0	0	0	33	0	0	0	287	0	0	0	0	27	0	0	0	0	0	0	0	0	3	0	0	0	0	0	0	0	0	109	0	0	0	0	0	0	0	0	0.006536	0.0	0.0	0.0	0.092062	0.0	0.0	0.0	0.0	0.066287	0.0	0.0	0.0	0.933713	0.0	0.0	0.0	0.0	
359	541	5700.45401094	3923.194	3923.194	0.001761	0.0	180	0	0	0	357	0	0	0	0	0.006536	0.0	0.0	0.0	0.140681	0.0	0.0	0.0	0.0	0.050925	0.0	0.0	0.0	5579.13	0.0	0.0	0.0	0.0	0.000283	0.0	0.0	0.0	15.6278	0.0	0.0	0.0	0.0	6	0	0	0	65	0	0	0	0	2	0	0	0	5	0	0	0	0	33	0	0	0	287	0	0	0	0	27	0	0	0	0	0	0	0	0	3	0	0	0	0	0	0	0	0	109	0	0	0	0	0	0	0	0	0.006536	0.0	0.0	0.0	0.140681	0.0	0.0	0.0	0.0	0.044395	0.0	0.0	0.0	0.955605	0.0	0.0	0.0	0.0	
360	542	5709.39010289	3922.194	3922.194	0.001725	0.0	180	0	0	0	358	0	0	0	0	0.006536	0.0	0.0	0.0	0.185643	0.0	0.0	0.0	0.0	0.050925	0.0	0.0	0.0	5588.06	0.0	0.0	0.0	0.0	0.000283	0.0	0.0	0.0	15.6091	0.0	0.0	0.0	0.0	6	0	0	0	66	0	0	0	0	2	0	0	0	5	0	0	0	0	33	0	0	0	287	0	0	0	0	27	0	0	0	0	0	0	0	0	3	0	0	0	0	0	0	0	0	109	0	0	0	0	0	0	0	0	0.006536	0.0	0.0	0.0	0.185643	0.0	0.0	0.0	0.0	0.034009	0.0	0.0	0.0	0.965991	0.0	0.0	0.0	0.0	
361	543	5712.63179393	3922.194	3922.194	0.001696	0.0	180	0	0	0	359	0	0	0	0	0.006536	0.0	0.0	0.0	0.176034	0.0	0.0	0.0	0.0	0.050925	0.0	0.0	0.0	5591.3	0.0	0.0	0.0	0.0	0.000283	0.0	0.0	0.0	15.5747	0.0	0.0	0.0	0.0	6	0	0	0	66	0	0	0	0	2	0	0	0	5	0	0	0	0	33	0	0	0	288	0	0	0	0	27	0	0	0	0	0	0	0	0	3	0	0	0	0	0	0	0	0	109	0	0	0	0	0	0	0	0	0.006536	0.0	0.0	0.0	0.176034	0.0	0.0	0.0	0.0	0.035798	0.0	0.0	0.0	0.964201	0.0	0.0	0.0	0.0	
362	544	5720.066388722	3922.194	3922.194	0.001685	0.0	180	0	0	0	360	0	0	0	0	0.006536	0.0	0.0	0.0	0.166906	0.0	0.0	0.0	0.0	0.050925	0.0	0.0	0.0	5598.74	0.0	0.0	0.0	0.0	0.000283	0.0	0.0	0.0	15.552	0.0	0.0	0.0	0.0	6	0	0	0	66	0	0	0	0	2	0	0	0	5	0	0	0	0	33	0	0	0	289	0	0	0	0	27	0	0	0	0	0	0	0	0	3	0	0	0	0	0	0	0	0	109	0	0	0	0	0	0	0	0	0.006536	0.0	0.0	0.0	0.166906	0.0	0.0	0.0	0.0	0.037683	0.0	0.0	0.0	0.962317	0.0	0.0	0.0	0.0	
363	545	5732.713771743	3921.194	3921.194	0.001661	0.0	180	0	0	0	361	0	0	0	0	0.006536	0.0	0.0	0.0	0.210192	0.0	0.0	0.0	0.0	0.050925	0.0	0.0	0.0	5611.38	0.0	0.0	0.0	0.0	0.000283	0.0	0.0	0.0	15.544	0.0	0.0	0.0	0.0	6	0	0	0	67	0	0	0	0	2	0	0	0	5	0	0	0	0	33	0	0	0	289	0	0	0	0	27	0	0	0	0	0	0	0	0	3	0	0	0	0	0	0	0	0	109	0	0	0	0	0	0	0	0	0.006536	0.0	0.0	0.0	0.210192	0.0	0.0	0.0	0.0	0.030156	0.0	0.0	0.0	0.969843	0.0	0.0	0.0	0.0	
364	546	5743.966706983	3921.194	3921.194	0.001621	0.0	180	0	0	0	362	0	0	0	0	0.006536	0.0	0.0	0.0	0.199355	0.0	0.0	0.0	0.0	0.050925	0.0	0.0	0.0	5622.64	0.0	0.0	0.0	0.0	0.000283	0.0	0.0	0.0	15.5321	0.0	0.0	0.0	0.0	6	0	0	0	67	0	0	0	0	2	0	0	0	5	0	0	0	0	33	0	0	0	290	0	0	0	0	27	0	0	0	0	0	0	0	0	3	0	0	0	0	0	0	0	0	109	0	0	0	0	0	0	0	0	0.006536	0.0	0.0	0.0	0.199355	0.0	0.0	0.0	0.0	0.031744	0.0	0.0	0.0	0.968256	0.0	0.0	0.0	0.0	
365	547	5759.250522391	3921.194	3921.194	0.001586	0.0	180	0	0	0	363	0	0	0	0	0.006536	0.0	0.0	0.0	0.189061	0.0	0.0	0.0	0.0	0.050925	0.0	0.0	0.0	5637.92	0.0	0.0	0.0	0.0	0.000283	0.0	0.0	0.0	15.5315	0.0	0.0	0.0	0.0	6	0	0	0	67	0	0	0	0	2	0	0	0	5	0	0	0	0	33	0	0	0	291	0	0	0	0	27	0	0	0	0	0	0	0	0	3	0	0	0	0	0	0	0	0	109	0	0	0	0	0	0	0	0	0.006536	0.0	0.0	0.0	0.189061	0.0	0.0	0.0	0.0	0.033414	0.0	0.0	0.0	0.966586	0.0	0.0	0.0	0.0	
366	548	5762.148247459	3921.194	3921.194	0.001541	0.0	180	0	0	0	364	0	0	0	0	0.006536	0.0	0.0	0.0	0.179281	0.0	0.0	0.0	0.0	0.050925	0.0	0.0	0.0	5640.82	0.0	0.0	0.0	0.0	0.000283	0.0	0.0	0.0	15.4968	0.0	0.0	0.0	0.0	6	0	0	0	67	0	0	0	0	2	0	0	0	5	0	0	0	0	33	0	0	0	292	0	0	0	0	27	0	0	0	0	0	0	0	0	3	0	0	0	0	0	0	0	0	109	0	0	0	0	0	0	0	0	0.006536	0.0	0.0	0.0	0.179281	0.0	0.0	0.0	0.0	0.035173	0.0	0.0	0.0	0.964827	0.0	0.0	0.0	0.0	
367	549	5793.086231807	3921.194	3921.194	0.001532	0.0	180	0	0	0	365	0	0	0	0	0.006536	0.0	0.0	0.0	0.16999	0.0	0.0	0.0	0.0	0.050925	0.0	0.0	0.0	5671.76	0.0	0.0	0.0	0.0	0.000283	0.0	0.0	0.0	15.5391	0.0	0.0	0.0	0.0	6	0	0	0	67	0	0	0	0	2	0	0	0	5	0	0	0	0	33	0	0	0	293	0	0	0	0	27	0	0	0	0	0	0	0	0	3	0	0	0	0	0	0	0	0	109	0	0	0	0	0	0	0	0	0.006536	0.0	0.0	0.0	0.16999	0.0	0.0	0.0	0.0	0.037024	0.0	0.0	0.0	0.962976	0.0	0.0	0.0	0.0	
368	550	5798.863272968	3921.194	3921.194	0.001443	0.0	180	0	0	0	366	0	0	0	0	0.006536	0.0	0.0	0.0	0.161164	0.0	0.0	0.0	0.0	0.050925	0.0	0.0	0.0	5677.53	0.0	0.0	0.0	0.0	0.000283	0.0	0.0	0.0	15.5124	0.0	0.0	0.0	0.0	6	0	0	0	67	0	0	0	0	2	0	0	0	5	0	0	0	0	33	0	0	0	294	0	0	0	0	27	0	0	0	0	0	0	0	0	3	0	0	0	0	0	0	0	0	109	0	0	0	0	0	0	0	0	0.006536	0.0	0.0	0.0	0.161164	0.0	0.0	0.0	0.0	0.038973	0.0	0.0	0.0	0.961027	0.0	0.0	0.0	0.0	
369	551	5813.893062548	3921.194	3921.194	0.001427	0.0	180	0	0	0	367	0	0	0	0	0.006536	0.0	0.0	0.0	0.152779	0.0	0.0	0.0	0.0	0.050925	0.0	0.0	0.0	5692.56	0.0	0.0	0.0	0.0	0.000283	0.0	0.0	0.0	15.5111	0.0	0.0	0.0	0.0	6	0	0	0	67	0	0	0	0	2	0	0	0	5	0	0	0	0	33	0	0	0	295	0	0	0	0	27	0	0	0	0	0	0	0	0	3	0	0	0	0	0	0	0	0	109	0	0	0	0	0	0	0	0	0.006536	0.0	0.0	0.0	0.152779	0.0	0.0	0.0	0.0	0.041024	0.0	0.0	0.0	0.958976	0.0	0.0	0.0	0.0	
370	552	5819.103219945	3921.194	3921.194	0.001387	0.0	180	0	0	0	368	0	0	0	0	0.006536	0.0	0.0	0.0	0.144813	0.0	0.0	0.0	0.0	0.050925	0.0	0.0	0.0	5697.77	0.0	0.0	0.0	0.0	0.000283	0.0	0.0	0.0	15.4831	0.0	0.0	0.0	0.0	6	0	0	0	67	0	0	0	0	2	0	0	0	5	0	0	0	0	33	0	0	0	296	0	0	0	0	27	0	0	0	0	0	0	0	0	3	0	0	0	0	0	0	0	0	109	0	0	0	0	0	0	0	0	0.006536	0.0	0.0	0.0	0.144813	0.0	0.0	0.0	0.0	0.043183	0.0	0.0	0.0	0.956817	0.0	0.0	0.0	0.0	
371	553	5824.543764901	3921.194	3921.194	0.001373	0.0	180	0	0	0	369	0	0	0	0	0.006536	0.0	0.0	0.0	0.137246	0.0	0.0	0.0	0.0	0.050925	0.0	0.0	0.0	5703.21	0.0	0.0	0.0	0.0	0.000283	0.0	0.0	0.0	15.4559	0.0	0.0	0.0	0.0	6	0	0	0	67	0	0	0	0	2	0	0	0	5	0	0	0	0	33	0	0	0	297	0	0	0	0	27	0	0	0	0	0	0	0	0	3	0	0	0	0	0	0	0	0	109	0	0	0	0	0	0	0	0	0.006536	0.0	0.0	0.0	0.137246	0.0	0.0	0.0	0.0	0.045456	0.0	0.0	0.0	0.954544	0.0	0.0	0.0	0.0	
372	554	5840.958956791	3921.194	3921.194	0.001359	0.0	180	0	0	0	370	0	0	0	0	0.006536	0.0	0.0	0.0	0.130057	0.0	0.0	0.0	0.0	0.050925	0.0	0.0	0.0	5719.63	0.0	0.0	0.0	0.0	0.000283	0.0	0.0	0.0	15.4585	0.0	0.0	0.0	0.0	6	0	0	0	67	0	0	0	0	2	0	0	0	5	0	0	0	0	33	0	0	0	298	0	0	0	0	27	0	0	0	0	0	0	0	0	3	0	0	0	0	0	0	0	0	109	0	0	0	0	0	0	0	0	0.006536	0.0	0.0	0.0	0.130057	0.0	0.0	0.0	0.0	0.047848	0.0	0.0	0.0	0.952151	0.0	0.0	0.0	0.0	
373	555	5853.778097903	3921.194	3921.194	0.001316	0.0	180	0	0	0	371	0	0	0	0	0.006536	0.0	0.0	0.0	0.123227	0.0	0.0	0.0	0.0	0.050925	0.0	0.0	0.0	5732.45	0.0	0.0	0.0	0.0	0.000283	0.0	0.0	0.0	15.4513	0.0	0.0	0.0	0.0	6	0	0	0	67	0	0	0	0	2	0	0	0	5	0	0	0	0	33	0	0	0	299	0	0	0	0	27	0	0	0	0	0	0	0	0	3	0	0	0	0	0	0	0	0	109	0	0	0	0	0	0	0	0	0.006536	0.0	0.0	0.0	0.123227	0.0	0.0	0.0	0.0	0.050367	0.0	0.0	0.0	0.949633	0.0	0.0	0.0	0.0	
374	556	5860.109651118	3921.194	3921.194	0.001284	0.0	180	0	0	0	372	0	0	0	0	0.006536	0.0	0.0	0.0	0.116739	0.0	0.0	0.0	0.0	0.050925	0.0	0.0	0.0	5738.78	0.0	0.0	0.0	0.0	0.000283	0.0	0.0	0.0	15.4268	0.0	0.0	0.0	0.0	6	0	0	0	67	0	0	0	0	2	0	0	0	5	0	0	0	0	33	0	0	0	300	0	0	0	0	27	0	0	0	0	0	0	0	0	3	0	0	0	0	0	0	0	0	109	0	0	0	0	0	0	0	0	0.006536	0.0	0.0	0.0	0.116739	0.0	0.0	0.0	0.0	0.053018	0.0	0.0	0.0	0.946982	0.0	0.0	0.0	0.0	
375	557	5867.316178571	3921.194	3921.194	0.001269	0.0	180	0	0	0	373	0	0	0	0	0.006536	0.0	0.0	0.0	0.110575	0.0	0.0	0.0	0.0	0.050925	0.0	0.0	0.0	5745.99	0.0	0.0	0.0	0.0	0.000283	0.0	0.0	0.0	15.4048	0.0	0.0	0.0	0.0	6	0	0	0	67	0	0	0	0	2	0	0	0	5	0	0	0	0	33	0	0	0	301	0	0	0	0	27	0	0	0	0	0	0	0	0	3	0	0	0	0	0	0	0	0	109	0	0	0	0	0	0	0	0	0.006536	0.0	0.0	0.0	0.110575	0.0	0.0	0.0	0.0	0.055808	0.0	0.0	0.0	0.944192	0.0	0.0	0.0	0.0	
376	558	5871.31342398	3921.194	3921.194	0.001251	0.0	180	0	0	0	374	0	0	0	0	0.006536	0.0	0.0	0.0	0.10472	0.0	0.0	0.0	0.0	0.050925	0.0	0.0	0.0	5749.98	0.0	0.0	0.0	0.0	0.000283	0.0	0.0	0.0	15.3743	0.0	0.0	0.0	0.0	6	0	0	0	67	0	0	0	0	2	0	0	0	5	0	0	0	0	33	0	0	0	302	0	0	0	0	27	0	0	0	0	0	0	0	0	3	0	0	0	0	0	0	0	0	109	0	0	0	0	0	0	0	0	0.006536	0.0	0.0	0.0	0.10472	0.0	0.0	0.0	0.0	0.058746	0.0	0.0	0.0	0.941255	0.0	0.0	0.0	0.0	
377	559	5881.078636321	3921.194	3921.194	0.001242	0.0	180	0	0	0	375	0	0	0	0	0.006536	0.0	0.0	0.0	0.099157	0.0	0.0	0.0	0.0	0.050925	0.0	0.0	0.0	5759.75	0.0	0.0	0.0	0.0	0.000283	0.0	0.0	0.0	15.3593	0.0	0.0	0.0	0.0	6	0	0	0	67	0	0	0	0	2	0	0	0	5	0	0	0	0	33	0	0	0	303	0	0	0	0	27	0	0	0	0	0	0	0	0	3	0	0	0	0	0	0	0	0	109	0	0	0	0	0	0	0	0	0.006536	0.0	0.0	0.0	0.099157	0.0	0.0	0.0	0.0	0.061837	0.0	0.0	0.0	0.938163	0.0	0.0	0.0	0.0	
378	560	5890.567552916	3921.194	3921.194	0.001219	0.0	180	0	0	0	376	0	0	0	0	0.006536	0.0	0.0	0.0	0.093872	0.0	0.0	0.0	0.0	0.050925	0.0	0.0	0.0	5769.24	0.0	0.0	0.0	0.0	0.000283	0.0	0.0	0.0	15.3437	0.0	0.0	0.0	0.0	6	0	0	0	67	0	0	0	0	2	0	0	0	5	0	0	0	0	33	0	0	0	304	0	0	0	0	27	0	0	0	0	0	0	0	0	3	0	0	0	0	0	0	0	0	109	0	0	0	0	0	0	0	0	0.006536	0.0	0.0	0.0	0.093872	0.0	0.0	0.0	0.0	0.065092	0.0	0.0	0.0	0.934908	0.0	0.0	0.0	0.0	
379	561	5898.254149363	3921.194	3921.194	0.001197	0.0	180	0	0	0	377	0	0	0	0	0.006536	0.0	0.0	0.0	0.088852	0.0	0.0	0.0	0.0	0.050925	0.0	0.0	0.0	5776.92	0.0	0.0	0.0	0.0	0.000283	0.0	0.0	0.0	15.3234	0.0	0.0	0.0	0.0	6	0	0	0	67	0	0	0	0	2	0	0	0	5	0	0	0	0	33	0	0	0	305	0	0	0	0	27	0	0	0	0	0	0	0	0	3	0	0	0	0	0	0	0	0	109	0	0	0	0	0	0	0	0	0.006536	0.0	0.0	0.0	0.088852	0.0	0.0	0.0	0.0	0.068518	0.0	0.0	0.0	0.931482	0.0	0.0	0.0	0.0	
380	562	5904.070911915	3921.194	3921.194	0.001179	0.0	180	0	0	0	378	0	0	0	0	0.006536	0.0	0.0	0.0	0.084082	0.0	0.0	0.0	0.0	0.050925	0.0	0.0	0.0	5782.74	0.0	0.0	0.0	0.0	0.000283	0.0	0.0	0.0	15.2983	0.0	0.0	0.0	0.0	6	0	0	0	67	0	0	0	0	2	0	0	0	5	0	0	0	0	33	0	0	0	306	0	0	0	0	27	0	0	0	0	0	0	0	0	3	0	0	0	0	0	0	0	0	109	0	0	0	0	0	0	0	0	0.006536	0.0	0.0	0.0	0.084082	0.0	0.0	0.0	0.0	0.072124	0.0	0.0	0.0	0.927876	0.0	0.0	0.0	0.0	
381	563	5911.80894956	3921.194	3921.194	0.001166	0.0	180	0	0	0	379	0	0	0	0	0.006536	0.0	0.0	0.0	0.079552	0.0	0.0	0.0	0.0	0.050925	0.0	0.0	0.0	5790.48	0.0	0.0	0.0	0.0	0.000283	0.0	0.0	0.0	15.2783	0.0	0.0	0.0	0.0	6	0	0	0	67	0	0	0	0	2	0	0	0	5	0	0	0	0	33	0	0	0	307	0	0	0	0	27	0	0	0	0	0	0	0	0	3	0	0	0	0	0	0	0	0	109	0	0	0	0	0	0	0	0	0.006536	0.0	0.0	0.0	0.079552	0.0	0.0	0.0	0.0	0.07592	0.0	0.0	0.0	0.92408	0.0	0.0	0.0	0.0	
382	564	5975.323246667	3921.194	3921.194	0.001149	0.0	180	0	0	0	380	0	0	0	0	0.006536	0.0	0.0	0.0	0.075247	0.0	0.0	0.0	0.0	0.050925	0.0	0.0	0.0	5853.99	0.0	0.0	0.0	0.0	0.000283	0.0	0.0	0.0	15.4052	0.0	0.0	0.0	0.0	6	0	0	0	67	0	0	0	0	2	0	0	0	5	0	0	0	0	33	0	0	0	308	0	0	0	0	27	0	0	0	0	0	0	0	0	3	0	0	0	0	0	0	0	0	109	0	0	0	0	0	0	0	0	0.006536	0.0	0.0	0.0	0.075247	0.0	0.0	0.0	0.0	0.079916	0.0	0.0	0.0	0.920084	0.0	0.0	0.0	0.0	
383	565	6040.074676277	3921.194	3921.194	0.001017	0.0	180	0	0	0	381	0	0	0	0	0.006536	0.0	0.0	0.0	0.071158	0.0	0.0	0.0	0.0	0.050925	0.0	0.0	0.0	5918.75	0.0	0.0	0.0	0.0	0.000283	0.0	0.0	0.0	15.5348	0.0	0.0	0.0	0.0	6	0	0	0	67	0	0	0	0	2	0	0	0	5	0	0	0	0	33	0	0	0	309	0	0	0	0	27	0	0	0	0	0	0	0	0	3	0	0	0	0	0	0	0	0	109	0	0	0	0	0	0	0	0	0.006536	0.0	0.0	0.0	0.071158	0.0	0.0	0.0	0.0	0.084122	0.0	0.0	0.0	0.915878	0.0	0.0	0.0	0.0	
384	566	6042.76164394	3921.194	3921.194	0.000897	0.0	180	0	0	0	382	0	0	0	0	0.006536	0.0	0.0	0.0	0.067273	0.0	0.0	0.0	0.0	0.050925	0.0	0.0	0.0	5921.43	0.0	0.0	0.0	0.0	0.000283	0.0	0.0	0.0	15.5011	0.0	0.0	0.0	0.0	6	0	0	0	67	0	0	0	0	2	0	0	0	5	0	0	0	0	33	0	0	0	310	0	0	0	0	27	0	0	0	0	0	0	0	0	3	0	0	0	0	0	0	0	0	109	0	0	0	0	0	0	0	0	0.006536	0.0	0.0	0.0	0.067273	0.0	0.0	0.0	0.0	0.088549	0.0	0.0	0.0	0.911451	0.0	0.0	0.0	0.0	
385	567	6051.518671041	3921.194	3921.194	0.000893	0.0	180	0	0	0	383	0	0	0	0	0.006536	0.0	0.0	0.0	0.063583	0.0	0.0	0.0	0.0	0.050925	0.0	0.0	0.0	5930.19	0.0	0.0	0.0	0.0	0.000283	0.0	0.0	0.0	15.4835	0.0	0.0	0.0	0.0	6	0	0	0	67	0	0	0	0	2	0	0	0	5	0	0	0	0	33	0	0	0	311	0	0	0	0	27	0	0	0	0	0	0	0	0	3	0	0	0	0	0	0	0	0	109	0	0	0	0	0	0	0	0	0.006536	0.0	0.0	0.0	0.063583	0.0	0.0	0.0	0.0	0.09321	0.0	0.0	0.0	0.90679	0.0	0.0	0.0	0.0	
386	568	6056.442616437	3921.194	3921.194	0.000878	0.0	180	0	0	0	384	0	0	0	0	0.006536	0.0	0.0	0.0	0.060077	0.0	0.0	0.0	0.0	0.050925	0.0	0.0	0.0	5935.11	0.0	0.0	0.0	0.0	0.000283	0.0	0.0	0.0	15.456	0.0	0.0	0.0	0.0	6	0	0	0	67	0	0	0	0	2	0	0	0	5	0	0	0	0	33	0	0	0	312	0	0	0	0	27	0	0	0	0	0	0	0	0	3	0	0	0	0	0	0	0	0	109	0	0	0	0	0	0	0	0	0.006536	0.0	0.0	0.0	0.060077	0.0	0.0	0.0	0.0	0.098116	0.0	0.0	0.0	0.901884	0.0	0.0	0.0	0.0	
387	569	6060.922946948	3921.194	3921.194	0.00087	0.0	180	0	0	0	385	0	0	0	0	0.006536	0.0	0.0	0.0	0.056746	0.0	0.0	0.0	0.0	0.050925	0.0	0.0	0.0	5939.59	0.0	0.0	0.0	0.0	0.000283	0.0	0.0	0.0	15.4275	0.0	0.0	0.0	0.0	6	0	0	0	67	0	0	0	0	2	0	0	0	5	0	0	0	0	33	0	0	0	313	0	0	0	0	27	0	0	0	0	0	0	0	0	3	0	0	0	0	0	0	0	0	109	0	0	0	0	0	0	0	0	0.006536	0.0	0.0	0.0	0.056746	0.0	0.0	0.0	0.0	0.10328	0.0	0.0	0.0	0.89672	0.0	0.0	0.0	0.0	
388	570	6064.073753461	3921.194	3921.194	0.000862	0.0	180	0	0	0	386	0	0	0	0	0.006536	0.0	0.0	0.0	0.053582	0.0	0.0	0.0	0.0	0.050925	0.0	0.0	0.0	5942.74	0.0	0.0	0.0	0.0	0.000283	0.0	0.0	0.0	15.3957	0.0	0.0	0.0	0.0	6	0	0	0	67	0	0	0	0	2	0	0	0	5	0	0	0	0	33	0	0	0	314	0	0	0	0	27	0	0	0	0	0	0	0	0	3	0	0	0	0	0	0	0	0	109	0	0	0	0	0	0	0	0	0.006536	0.0	0.0	0.0	0.053582	0.0	0.0	0.0	0.0	0.108715	0.0	0.0	0.0	0.891285	0.0	0.0	0.0	0.0	
389	571	6067.899726857	3921.194	3921.194	0.000857	0.0	180	0	0	0	387	0	0	0	0	0.006536	0.0	0.0	0.0	0.050576	0.0	0.0	0.0	0.0	0.050925	0.0	0.0	0.0	5946.57	0.0	0.0	0.0	0.0	0.000283	0.0	0.0	0.0	15.3658	0.0	0.0	0.0	0.0	6	0	0	0	67	0	0	0	0	2	0	0	0	5	0	0	0	0	33	0	0	0	315	0	0	0	0	27	0	0	0	0	0	0	0	0	3	0	0	0	0	0	0	0	0	109	0	0	0	0	0	0	0	0	0.006536	0.0	0.0	0.0	0.050576	0.0	0.0	0.0	0.0	0.114437	0.0	0.0	0.0	0.885563	0.0	0.0	0.0	0.0	
390	572	6082.260665658	3921.194	3921.194	0.000851	0.0	180	0	0	0	388	0	0	0	0	0.006536	0.0	0.0	0.0	0.047721	0.0	0.0	0.0	0.0	0.050925	0.0	0.0	0.0	5960.93	0.0	0.0	0.0	0.0	0.000283	0.0	0.0	0.0	15.3632	0.0	0.0	0.0	0.0	6	0	0	0	67	0	0	0	0	2	0	0	0	5	0	0	0	0	33	0	0	0	316	0	0	0	0	27	0	0	0	0	0	0	0	0	3	0	0	0	0	0	0	0	0	109	0	0	0	0	0	0	0	0	0.006536	0.0	0.0	0.0	0.047721	0.0	0.0	0.0	0.0	0.12046	0.0	0.0	0.0	0.87954	0.0	0.0	0.0	0.0	
391	573	6095.766309258	3921.194	3921.194	0.000827	0.0	180	0	0	0	389	0	0	0	0	0.006536	0.0	0.0	0.0	0.045008	0.0	0.0	0.0	0.0	0.050925	0.0	0.0	0.0	5974.44	0.0	0.0	0.0	0.0	0.000283	0.0	0.0	0.0	15.3584	0.0	0.0	0.0	0.0	6	0	0	0	67	0	0	0	0	2	0	0	0	5	0	0	0	0	33	0	0	0	317	0	0	0	0	27	0	0	0	0	0	0	0	0	3	0	0	0	0	0	0	0	0	109	0	0	0	0	0	0	0	0	0.006536	0.0	0.0	0.0	0.045008	0.0	0.0	0.0	0.0	0.1268	0.0	0.0	0.0	0.8732	0.0	0.0	0.0	0.0	
392	574	6124.340160772	3921.194	3921.194	0.000806	0.0	180	0	0	0	390	0	0	0	0	0.006536	0.0	0.0	0.0	0.042431	0.0	0.0	0.0	0.0	0.050925	0.0	0.0	0.0	6003.01	0.0	0.0	0.0	0.0	0.000283	0.0	0.0	0.0	15.3923	0.0	0.0	0.0	0.0	6	0	0	0	67	0	0	0	0	2	0	0	0	5	0	0	0	0	33	0	0	0	318	0	0	0	0	27	0	0	0	0	0	0	0	0	3	0	0	0	0	0	0	0	0	109	0	0	0	0	0	0	0	0	0.006536	0.0	0.0	0.0	0.042431	0.0	0.0	0.0	0.0	0.133474	0.0	0.0	0.0	0.866526	0.0	0.0	0.0	0.0	
393	575	6145.131708062	3914.0	3914.0	0.000763	0.0	180	0	0	0	391	0	0	0	0	0.006536	0.0	0.0	0.0	0.097684	0.0	0.0	0.0	0.0	0.050925	0.0	0.0	0.0	6023.8	0.0	0.0	0.0	0.0	0.000283	0.0	0.0	0.0	15.4061	0.0	0.0	0.0	0.0	6	0	0	0	68	0	0	0	0	2	0	0	0	5	0	0	0	0	33	0	0	0	318	0	0	0	0	27	0	0	0	0	0	0	0	0	3	0	0	0	0	0	0	0	0	109	0	0	0	0	0	0	0	0	0.006536	0.0	0.0	0.0	0.097684	0.0	0.0	0.0	0.0	0.062711	0.0	0.0	0.0	0.937289	0.0	0.0	0.0	0.0	
394	576	6151.152867878	3914.0	3914.0	0.000733	0.0	180	0	0	0	392	0	0	0	0	0.006536	0.0	0.0	0.0	0.092473	0.0	0.0	0.0	0.0	0.050925	0.0	0.0	0.0	6029.82	0.0	0.0	0.0	0.0	0.000283	0.0	0.0	0.0	15.3822	0.0	0.0	0.0	0.0	6	0	0	0	68	0	0	0	0	2	0	0	0	5	0	0	0	0	33	0	0	0	319	0	0	0	0	27	0	0	0	0	0	0	0	0	3	0	0	0	0	0	0	0	0	109	0	0	0	0	0	0	0	0	0.006536	0.0	0.0	0.0	0.092473	0.0	0.0	0.0	0.0	0.066012	0.0	0.0	0.0	0.933988	0.0	0.0	0.0	0.0	
395	577	6160.479548034	3914.0	3914.0	0.000725	0.0	180	0	0	0	393	0	0	0	0	0.006536	0.0	0.0	0.0	0.087523	0.0	0.0	0.0	0.0	0.050925	0.0	0.0	0.0	6039.15	0.0	0.0	0.0	0.0	0.000283	0.0	0.0	0.0	15.3668	0.0	0.0	0.0	0.0	6	0	0	0	68	0	0	0	0	2	0	0	0	5	0	0	0	0	33	0	0	0	320	0	0	0	0	27	0	0	0	0	0	0	0	0	3	0	0	0	0	0	0	0	0	109	0	0	0	0	0	0	0	0	0.006536	0.0	0.0	0.0	0.087523	0.0	0.0	0.0	0.0	0.069486	0.0	0.0	0.0	0.930514	0.0	0.0	0.0	0.0	
396	579	6166.717044152	3914.0	3914.0	0.000712	0.0	181	0	0	0	394	0	0	0	0	0.005882	0.0	0.0	0.0	0.082852	0.0	0.0	0.0	0.0	0.051379	0.0	0.0	0.0	6045.39	0.0	0.0	0.0	0.0	0.000284	0.0	0.0	0.0	15.3436	0.0	0.0	0.0	0.0	6	0	0	0	68	0	0	0	0	2	0	0	0	5	0	0	0	0	34	0	0	0	321	0	0	0	0	27	0	0	0	0	0	0	0	0	3	0	0	0	0	0	0	0	0	109	0	0	0	0	0	0	0	0	0.005882	0.0	0.0	0.0	0.082852	0.0	0.0	0.0	0.0	0.06629	0.0	0.0	0.0	0.93371	0.0	0.0	0.0	0.0	
397	580	6174.51364907	3911.0	3911.0	0.000703	0.0	181	0	0	0	395	0	0	0	0	0.005882	0.0	0.0	0.0	0.131965	0.0	0.0	0.0	0.0	0.051379	0.0	0.0	0.0	6053.18	0.0	0.0	0.0	0.0	0.000284	0.0	0.0	0.0	15.3245	0.0	0.0	0.0	0.0	6	0	0	0	69	0	0	0	0	2	0	0	0	5	0	0	0	0	34	0	0	0	321	0	0	0	0	27	0	0	0	0	0	0	0	0	3	0	0	0	0	0	0	0	0	109	0	0	0	0	0	0	0	0	0.005882	0.0	0.0	0.0	0.131965	0.0	0.0	0.0	0.0	0.042672	0.0	0.0	0.0	0.957328	0.0	0.0	0.0	0.0	
398	581	6195.910314427	3911.0	3911.0	0.000693	0.0	181	0	0	0	396	0	0	0	0	0.005882	0.0	0.0	0.0	0.125073	0.0	0.0	0.0	0.0	0.051379	0.0	0.0	0.0	6074.58	0.0	0.0	0.0	0.0	0.000284	0.0	0.0	0.0	15.3398	0.0	0.0	0.0	0.0	6	0	0	0	69	0	0	0	0	2	0	0	0	5	0	0	0	0	34	0	0	0	322	0	0	0	0	27	0	0	0	0	0	0	0	0	3	0	0	0	0	0	0	0	0	109	0	0	0	0	0	0	0	0	0.005882	0.0	0.0	0.0	0.125073	0.0	0.0	0.0	0.0	0.044917	0.0	0.0	0.0	0.955083	0.0	0.0	0.0	0.0	
399	582	6202.232656243	3911.0	3911.0	0.000665	0.0	181	0	0	0	397	0	0	0	0	0.005882	0.0	0.0	0.0	0.118525	0.0	0.0	0.0	0.0	0.051379	0.0	0.0	0.0	6080.9	0.0	0.0	0.0	0.0	0.000284	0.0	0.0	0.0	15.3171	0.0	0.0	0.0	0.0	6	0	0	0	69	0	0	0	0	2	0	0	0	5	0	0	0	0	34	0	0	0	323	0	0	0	0	27	0	0	0	0	0	0	0	0	3	0	0	0	0	0	0	0	0	109	0	0	0	0	0	0	0	0	0.005882	0.0	0.0	0.0	0.118525	0.0	0.0	0.0	0.0	0.047282	0.0	0.0	0.0	0.952719	0.0	0.0	0.0	0.0	
400	583	6206.999005331	3911.0	3911.0	0.000657	0.0	181	0	0	0	398	0	0	0	0	0.005882	0.0	0.0	0.0	0.112305	0.0	0.0	0.0	0.0	0.051379	0.0	0.0	0.0	6085.67	0.0	0.0	0.0	0.0	0.000284	0.0	0.0	0.0	15.2906	0.0	0.0	0.0	0.0	6	0	0	0	69	0	0	0	0	2	0	0	0	5	0	0	0	0	34	0	0	0	324	0	0	0	0	27	0	0	0	0	0	0	0	0	3	0	0	0	0	0	0	0	0	109	0	0	0	0	0	0	0	0	0.005882	0.0	0.0	0.0	0.112305	0.0	0.0	0.0	0.0	0.04977	0.0	0.0	0.0	0.95023	0.0	0.0	0.0	0.0	
401	584	6219.373524578	3911.0	3911.0	0.000651	0.0	181	0	0	0	399	0	0	0	0	0.005882	0.0	0.0	0.0	0.106396	0.0	0.0	0.0	0.0	0.051379	0.0	0.0	0.0	6098.04	0.0	0.0	0.0	0.0	0.000284	0.0	0.0	0.0	15.2833	0.0	0.0	0.0	0.0	6	0	0	0	69	0	0	0	0	2	0	0	0	5	0	0	0	0	34	0	0	0	325	0	0	0	0	27	0	0	0	0	0	0	0	0	3	0	0	0	0	0	0	0	0	109	0	0	0	0	0	0	0	0	0.005882	0.0	0.0	0.0	0.106396	0.0	0.0	0.0	0.0	0.05239	0.0	0.0	0.0	0.947611	0.0	0.0	0.0	0.0	
402	585	6223.370303741	3911.0	3911.0	0.000636	0.0	181	0	0	0	400	0	0	0	0	0.005882	0.0	0.0	0.0	0.100782	0.0	0.0	0.0	0.0	0.051379	0.0	0.0	0.0	6102.04	0.0	0.0	0.0	0.0	0.000284	0.0	0.0	0.0	15.2551	0.0	0.0	0.0	0.0	6	0	0	0	69	0	0	0	0	2	0	0	0	5	0	0	0	0	34	0	0	0	326	0	0	0	0	27	0	0	0	0	0	0	0	0	3	0	0	0	0	0	0	0	0	109	0	0	0	0	0	0	0	0	0.005882	0.0	0.0	0.0	0.100782	0.0	0.0	0.0	0.0	0.055147	0.0	0.0	0.0	0.944853	0.0	0.0	0.0	0.0	
403	586	6227.507802273	3911.0	3911.0	0.000631	0.0	181	0	0	0	401	0	0	0	0	0.005882	0.0	0.0	0.0	0.095448	0.0	0.0	0.0	0.0	0.051379	0.0	0.0	0.0	6106.18	0.0	0.0	0.0	0.0	0.000284	0.0	0.0	0.0	15.2274	0.0	0.0	0.0	0.0	6	0	0	0	69	0	0	0	0	2	0	0	0	5	0	0	0	0	34	0	0	0	327	0	0	0	0	27	0	0	0	0	0	0	0	0	3	0	0	0	0	0	0	0	0	109	0	0	0	0	0	0	0	0	0.005882	0.0	0.0	0.0	0.095448	0.0	0.0	0.0	0.0	0.058049	0.0	0.0	0.0	0.941951	0.0	0.0	0.0	0.0	
404	587	6231.284434347	3911.0	3911.0	0.000626	0.0	181	0	0	0	402	0	0	0	0	0.005882	0.0	0.0	0.0	0.090382	0.0	0.0	0.0	0.0	0.051379	0.0	0.0	0.0	6109.95	0.0	0.0	0.0	0.0	0.000284	0.0	0.0	0.0	15.1989	0.0	0.0	0.0	0.0	6	0	0	0	69	0	0	0	0	2	0	0	0	5	0	0	0	0	34	0	0	0	328	0	0	0	0	27	0	0	0	0	0	0	0	0	3	0	0	0	0	0	0	0	0	109	0	0	0	0	0	0	0	0	0.005882	0.0	0.0	0.0	0.090382	0.0	0.0	0.0	0.0	0.061104	0.0	0.0	0.0	0.938896	0.0	0.0	0.0	0.0	
405	588	6234.735633406	3911.0	3911.0	0.000621	0.0	181	0	0	0	403	0	0	0	0	0.005882	0.0	0.0	0.0	0.085569	0.0	0.0	0.0	0.0	0.051379	0.0	0.0	0.0	6113.41	0.0	0.0	0.0	0.0	0.000284	0.0	0.0	0.0	15.1697	0.0	0.0	0.0	0.0	6	0	0	0	69	0	0	0	0	2	0	0	0	5	0	0	0	0	34	0	0	0	329	0	0	0	0	27	0	0	0	0	0	0	0	0	3	0	0	0	0	0	0	0	0	109	0	0	0	0	0	0	0	0	0.005882	0.0	0.0	0.0	0.085569	0.0	0.0	0.0	0.0	0.06432	0.0	0.0	0.0	0.935679	0.0	0.0	0.0	0.0	
406	589	6245.089666673	3911.0	3911.0	0.000617	0.0	181	0	0	0	404	0	0	0	0	0.005882	0.0	0.0	0.0	0.080996	0.0	0.0	0.0	0.0	0.051379	0.0	0.0	0.0	6123.76	0.0	0.0	0.0	0.0	0.000284	0.0	0.0	0.0	15.1578	0.0	0.0	0.0	0.0	6	0	0	0	69	0	0	0	0	2	0	0	0	5	0	0	0	0	34	0	0	0	330	0	0	0	0	27	0	0	0	0	0	0	0	0	3	0	0	0	0	0	0	0	0	109	0	0	0	0	0	0	0	0	0.005882	0.0	0.0	0.0	0.080996	0.0	0.0	0.0	0.0	0.067706	0.0	0.0	0.0	0.932294	0.0	0.0	0.0	0.0	
407	590	6253.224352838	3911.0	3911.0	0.000605	0.0	181	0	0	0	405	0	0	0	0	0.005882	0.0	0.0	0.0	0.076652	0.0	0.0	0.0	0.0	0.051379	0.0	0.0	0.0	6131.89	0.0	0.0	0.0	0.0	0.000284	0.0	0.0	0.0	15.1405	0.0	0.0	0.0	0.0	6	0	0	0	69	0	0	0	0	2	0	0	0	5	0	0	0	0	34	0	0	0	331	0	0	0	0	27	0	0	0	0	0	0	0	0	3	0	0	0	0	0	0	0	0	109	0	0	0	0	0	0	0	0	0.005882	0.0	0.0	0.0	0.076652	0.0	0.0	0.0	0.0	0.071269	0.0	0.0	0.0	0.928731	0.0	0.0	0.0	0.0	
408	591	6256.32348807	3911.0	3911.0	0.000596	0.0	181	0	0	0	406	0	0	0	0	0.005882	0.0	0.0	0.0	0.072526	0.0	0.0	0.0	0.0	0.051379	0.0	0.0	0.0	6134.99	0.0	0.0	0.0	0.0	0.000284	0.0	0.0	0.0	15.1108	0.0	0.0	0.0	0.0	6	0	0	0	69	0	0	0	0	2	0	0	0	5	0	0	0	0	34	0	0	0	332	0	0	0	0	27	0	0	0	0	0	0	0	0	3	0	0	0	0	0	0	0	0	109	0	0	0	0	0	0	0	0	0.005882	0.0	0.0	0.0	0.072526	0.0	0.0	0.0	0.0	0.07502	0.0	0.0	0.0	0.92498	0.0	0.0	0.0	0.0	
409	592	6279.694974991	3911.0	3911.0	0.000592	0.0	181	0	0	0	407	0	0	0	0	0.005882	0.0	0.0	0.0	0.068605	0.0	0.0	0.0	0.0	0.051379	0.0	0.0	0.0	6158.36	0.0	0.0	0.0	0.0	0.000284	0.0	0.0	0.0	15.1311	0.0	0.0	0.0	0.0	6	0	0	0	69	0	0	0	0	2	0	0	0	5	0	0	0	0	34	0	0	0	333	0	0	0	0	27	0	0	0	0	0	0	0	0	3	0	0	0	0	0	0	0	0	109	0	0	0	0	0	0	0	0	0.005882	0.0	0.0	0.0	0.068605	0.0	0.0	0.0	0.0	0.078969	0.0	0.0	0.0	0.921031	0.0	0.0	0.0	0.0	
410	593	6291.161616272	3911.0	3911.0	0.000566	0.0	181	0	0	0	408	0	0	0	0	0.005882	0.0	0.0	0.0	0.064881	0.0	0.0	0.0	0.0	0.051379	0.0	0.0	0.0	6169.83	0.0	0.0	0.0	0.0	0.000284	0.0	0.0	0.0	15.1221	0.0	0.0	0.0	0.0	6	0	0	0	69	0	0	0	0	2	0	0	0	5	0	0	0	0	34	0	0	0	334	0	0	0	0	27	0	0	0	0	0	0	0	0	3	0	0	0	0	0	0	0	0	109	0	0	0	0	0	0	0	0	0.005882	0.0	0.0	0.0	0.064881	0.0	0.0	0.0	0.0	0.083125	0.0	0.0	0.0	0.916875	0.0	0.0	0.0	0.0	
411	594	6296.052827614	3911.0	3911.0	0.000554	0.0	181	0	0	0	409	0	0	0	0	0.005882	0.0	0.0	0.0	0.061343	0.0	0.0	0.0	0.0	0.051379	0.0	0.0	0.0	6174.72	0.0	0.0	0.0	0.0	0.000284	0.0	0.0	0.0	15.0971	0.0	0.0	0.0	0.0	6	0	0	0	69	0	0	0	0	2	0	0	0	5	0	0	0	0	34	0	0	0	335	0	0	0	0	27	0	0	0	0	0	0	0	0	3	0	0	0	0	0	0	0	0	109	0	0	0	0	0	0	0	0	0.005882	0.0	0.0	0.0	0.061343	0.0	0.0	0.0	0.0	0.0875	0.0	0.0	0.0	0.9125	0.0	0.0	0.0	0.0	
412	595	6299.671336007	3911.0	3911.0	0.000548	0.0	181	0	0	0	410	0	0	0	0	0.005882	0.0	0.0	0.0	0.057981	0.0	0.0	0.0	0.0	0.051379	0.0	0.0	0.0	6178.34	0.0	0.0	0.0	0.0	0.000284	0.0	0.0	0.0	15.0691	0.0	0.0	0.0	0.0	6	0	0	0	69	0	0	0	0	2	0	0	0	5	0	0	0	0	34	0	0	0	336	0	0	0	0	27	0	0	0	0	0	0	0	0	3	0	0	0	0	0	0	0	0	109	0	0	0	0	0	0	0	0	0.005882	0.0	0.0	0.0	0.057981	0.0	0.0	0.0	0.0	0.092105	0.0	0.0	0.0	0.907895	0.0	0.0	0.0	0.0	
413	596	6305.266387763	3911.0	3911.0	0.000545	0.0	181	0	0	0	411	0	0	0	0	0.005882	0.0	0.0	0.0	0.054788	0.0	0.0	0.0	0.0	0.051379	0.0	0.0	0.0	6183.94	0.0	0.0	0.0	0.0	0.000284	0.0	0.0	0.0	15.0461	0.0	0.0	0.0	0.0	6	0	0	0	69	0	0	0	0	2	0	0	0	5	0	0	0	0	34	0	0	0	337	0	0	0	0	27	0	0	0	0	0	0	0	0	3	0	0	0	0	0	0	0	0	109	0	0	0	0	0	0	0	0	0.005882	0.0	0.0	0.0	0.054788	0.0	0.0	0.0	0.0	0.096953	0.0	0.0	0.0	0.903047	0.0	0.0	0.0	0.0	
414	597	6312.39671572	3911.0	3911.0	0.000539	0.0	181	0	0	0	412	0	0	0	0	0.005882	0.0	0.0	0.0	0.051755	0.0	0.0	0.0	0.0	0.051379	0.0	0.0	0.0	6191.07	0.0	0.0	0.0	0.0	0.000284	0.0	0.0	0.0	15.0269	0.0	0.0	0.0	0.0	6	0	0	0	69	0	0	0	0	2	0	0	0	5	0	0	0	0	34	0	0	0	338	0	0	0	0	27	0	0	0	0	0	0	0	0	3	0	0	0	0	0	0	0	0	109	0	0	0	0	0	0	0	0	0.005882	0.0	0.0	0.0	0.051755	0.0	0.0	0.0	0.0	0.102056	0.0	0.0	0.0	0.897944	0.0	0.0	0.0	0.0	
415	598	6315.319855502	3911.0	3911.0	0.000531	0.0	181	0	0	0	413	0	0	0	0	0.005882	0.0	0.0	0.0	0.048873	0.0	0.0	0.0	0.0	0.051379	0.0	0.0	0.0	6193.99	0.0	0.0	0.0	0.0	0.000284	0.0	0.0	0.0	14.9976	0.0	0.0	0.0	0.0	6	0	0	0	69	0	0	0	0	2	0	0	0	5	0	0	0	0	34	0	0	0	339	0	0	0	0	27	0	0	0	0	0	0	0	0	3	0	0	0	0	0	0	0	0	109	0	0	0	0	0	0	0	0	0.005882	0.0	0.0	0.0	0.048873	0.0	0.0	0.0	0.0	0.107427	0.0	0.0	0.0	0.892573	0.0	0.0	0.0	0.0	
416	600	6319.140491671	3911.0	3911.0	0.000528	0.0	182	0	0	0	414	0	0	0	0	0.005294	0.0	0.0	0.0	0.046164	0.0	0.0	0.0	0.0	0.051624	0.0	0.0	0.0	6197.81	0.0	0.0	0.0	0.0	0.000284	0.0	0.0	0.0	14.9706	0.0	0.0	0.0	0.0	6	0	0	0	69	0	0	0	0	2	0	0	0	5	0	0	0	0	34	0	0	0	340	0	0	0	0	27	0	0	0	0	0	0	0	0	3	0	0	0	0	0	0	0	0	110	0	0	0	0	0	0	0	0	0.005294	0.0	0.0	0.0	0.046164	0.0	0.0	0.0	0.0	0.102878	0.0	0.0	0.0	0.897122	0.0	0.0	0.0	0.0	
417	601	6321.921846385	3911.0	3911.0	0.000525	0.0	182	0	0	0	415	0	0	0	0	0.005294	0.0	0.0	0.0	0.043592	0.0	0.0	0.0	0.0	0.051624	0.0	0.0	0.0	6200.59	0.0	0.0	0.0	0.0	0.000284	0.0	0.0	0.0	14.9412	0.0	0.0	0.0	0.0	6	0	0	0	69	0	0	0	0	2	0	0	0	5	0	0	0	0	34	0	0	0	341	0	0	0	0	27	0	0	0	0	0	0	0	0	3	0	0	0	0	0	0	0	0	110	0	0	0	0	0	0	0	0	0.005294	0.0	0.0	0.0	0.043592	0.0	0.0	0.0	0.0	0.108293	0.0	0.0	0.0	0.891707	0.0	0.0	0.0	0.0	
418	602	6324.807316374	3911.0	3911.0	0.000522	0.0	182	0	0	0	416	0	0	0	0	0.005294	0.0	0.0	0.0	0.041147	0.0	0.0	0.0	0.0	0.051624	0.0	0.0	0.0	6203.48	0.0	0.0	0.0	0.0	0.000284	0.0	0.0	0.0	14.9122	0.0	0.0	0.0	0.0	6	0	0	0	69	0	0	0	0	2	0	0	0	5	0	0	0	0	34	0	0	0	342	0	0	0	0	27	0	0	0	0	0	0	0	0	3	0	0	0	0	0	0	0	0	110	0	0	0	0	0	0	0	0	0.005294	0.0	0.0	0.0	0.041147	0.0	0.0	0.0	0.0	0.113992	0.0	0.0	0.0	0.886008	0.0	0.0	0.0	0.0	
419	603	6327.279561201	3911.0	3911.0	0.000519	0.0	182	0	0	0	417	0	0	0	0	0.005294	0.0	0.0	0.0	0.038825	0.0	0.0	0.0	0.0	0.051624	0.0	0.0	0.0	6205.95	0.0	0.0	0.0	0.0	0.000284	0.0	0.0	0.0	14.8824	0.0	0.0	0.0	0.0	6	0	0	0	69	0	0	0	0	2	0	0	0	5	0	0	0	0	34	0	0	0	343	0	0	0	0	27	0	0	0	0	0	0	0	0	3	0	0	0	0	0	0	0	0	110	0	0	0	0	0	0	0	0	0.005294	0.0	0.0	0.0	0.038825	0.0	0.0	0.0	0.0	0.119992	0.0	0.0	0.0	0.880008	0.0	0.0	0.0	0.0	
420	604	6333.253642271	3911.0	3911.0	0.000516	0.0	182	0	0	0	418	0	0	0	0	0.005294	0.0	0.0	0.0	0.036619	0.0	0.0	0.0	0.0	0.051624	0.0	0.0	0.0	6211.92	0.0	0.0	0.0	0.0	0.000284	0.0	0.0	0.0	14.8611	0.0	0.0	0.0	0.0	6	0	0	0	69	0	0	0	0	2	0	0	0	5	0	0	0	0	34	0	0	0	344	0	0	0	0	27	0	0	0	0	0	0	0	0	3	0	0	0	0	0	0	0	0	110	0	0	0	0	0	0	0	0	0.005294	0.0	0.0	0.0	0.036619	0.0	0.0	0.0	0.0	0.126307	0.0	0.0	0.0	0.873693	0.0	0.0	0.0	0.0	
421	605	6343.378438668	3911.0	3911.0	0.000511	0.0	182	0	0	0	419	0	0	0	0	0.005294	0.0	0.0	0.0	0.034524	0.0	0.0	0.0	0.0	0.051624	0.0	0.0	0.0	6222.05	0.0	0.0	0.0	0.0	0.000284	0.0	0.0	0.0	14.8498	0.0	0.0	0.0	0.0	6	0	0	0	69	0	0	0	0	2	0	0	0	5	0	0	0	0	34	0	0	0	345	0	0	0	0	27	0	0	0	0	0	0	0	0	3	0	0	0	0	0	0	0	0	110	0	0	0	0	0	0	0	0	0.005294	0.0	0.0	0.0	0.034524	0.0	0.0	0.0	0.0	0.132955	0.0	0.0	0.0	0.867045	0.0	0.0	0.0	0.0	
422	606	6349.23749196	3911.0	3911.0	0.000501	0.0	182	0	0	0	420	0	0	0	0	0.005294	0.0	0.0	0.0	0.032533	0.0	0.0	0.0	0.0	0.051624	0.0	0.0	0.0	6227.91	0.0	0.0	0.0	0.0	0.000284	0.0	0.0	0.0	14.8283	0.0	0.0	0.0	0.0	6	0	0	0	69	0	0	0	0	2	0	0	0	5	0	0	0	0	34	0	0	0	346	0	0	0	0	27	0	0	0	0	0	0	0	0	3	0	0	0	0	0	0	0	0	110	0	0	0	0	0	0	0	0	0.005294	0.0	0.0	0.0	0.032533	0.0	0.0	0.0	0.0	0.139953	0.0	0.0	0.0	0.860047	0.0	0.0	0.0	0.0	
423	608	6358.130533357	3911.0	3911.0	0.000495	0.0	183	0	0	0	421	0	0	0	0	0.004765	0.0	0.0	0.0	0.030668	0.0	0.0	0.0	0.0	0.052132	0.0	0.0	0.0	6236.8	0.0	0.0	0.0	0.0	0.000285	0.0	0.0	0.0	14.8142	0.0	0.0	0.0	0.0	6	0	0	0	69	0	0	0	0	2	0	0	0	5	0	0	0	0	35	0	0	0	347	0	0	0	0	27	0	0	0	0	0	0	0	0	3	0	0	0	0	0	0	0	0	110	0	0	0	0	0	0	0	0	0.004765	0.0	0.0	0.0	0.030668	0.0	0.0	0.0	0.0	0.134469	0.0	0.0	0.0	0.865531	0.0	0.0	0.0	0.0	
424	610	6367.310850442	3911.0	3911.0	0.000487	0.0	184	0	0	0	422	0	0	0	0	0.004288	0.0	0.0	0.0	0.02892	0.0	0.0	0.0	0.0	0.052329	0.0	0.0	0.0	6245.98	0.0	0.0	0.0	0.0	0.000284	0.0	0.0	0.0	14.8009	0.0	0.0	0.0	0.0	6	0	0	0	69	0	0	0	0	2	0	0	0	5	0	0	0	0	35	0	0	0	348	0	0	0	0	27	0	0	0	0	0	0	0	0	3	0	0	0	0	0	0	0	0	111	0	0	0	0	0	0	0	0	0.004288	0.0	0.0	0.0	0.02892	0.0	0.0	0.0	0.0	0.129128	0.0	0.0	0.0	0.870872	0.0	0.0	0.0	0.0	
425	611	6373.559027309	3911.0	3911.0	0.000478	0.0	184	0	0	0	423	0	0	0	0	0.004288	0.0	0.0	0.0	0.02726	0.0	0.0	0.0	0.0	0.052329	0.0	0.0	0.0	6252.23	0.0	0.0	0.0	0.0	0.000284	0.0	0.0	0.0	14.7807	0.0	0.0	0.0	0.0	6	0	0	0	69	0	0	0	0	2	0	0	0	5	0	0	0	0	35	0	0	0	349	0	0	0	0	27	0	0	0	0	0	0	0	0	3	0	0	0	0	0	0	0	0	111	0	0	0	0	0	0	0	0	0.004288	0.0	0.0	0.0	0.02726	0.0	0.0	0.0	0.0	0.135924	0.0	0.0	0.0	0.864076	0.0	0.0	0.0	0.0	
426	612	6392.437240183	3911.0	3911.0	0.000472	0.0	184	0	0	0	424	0	0	0	0	0.004288	0.0	0.0	0.0	0.025682	0.0	0.0	0.0	0.0	0.052329	0.0	0.0	0.0	6271.11	0.0	0.0	0.0	0.0	0.000284	0.0	0.0	0.0	14.7903	0.0	0.0	0.0	0.0	6	0	0	0	69	0	0	0	0	2	0	0	0	5	0	0	0	0	35	0	0	0	350	0	0	0	0	27	0	0	0	0	0	0	0	0	3	0	0	0	0	0	0	0	0	111	0	0	0	0	0	0	0	0	0.004288	0.0	0.0	0.0	0.025682	0.0	0.0	0.0	0.0	0.143078	0.0	0.0	0.0	0.856922	0.0	0.0	0.0	0.0	
427	614	6399.701380174	3911.0	3911.0	0.000456	0.0	185	0	0	0	425	0	0	0	0	0.003859	0.0	0.0	0.0	0.024205	0.0	0.0	0.0	0.0	0.052566	0.0	0.0	0.0	6278.37	0.0	0.0	0.0	0.0	0.000284	0.0	0.0	0.0	14.7726	0.0	0.0	0.0	0.0	6	0	0	0	69	0	0	0	0	2	0	0	0	5	0	0	0	0	35	0	0	0	351	0	0	0	0	27	0	0	0	0	0	0	0	0	3	0	0	0	0	0	0	0	0	112	0	0	0	0	0	0	0	0	0.003859	0.0	0.0	0.0	0.024205	0.0	0.0	0.0	0.0	0.137515	0.0	0.0	0.0	0.862485	0.0	0.0	0.0	0.0	
428	615	6403.053560285	3911.0	3911.0	0.000449	0.0	185	0	0	0	426	0	0	0	0	0.003859	0.0	0.0	0.0	0.022802	0.0	0.0	0.0	0.0	0.052566	0.0	0.0	0.0	6281.72	0.0	0.0	0.0	0.0	0.000284	0.0	0.0	0.0	14.7458	0.0	0.0	0.0	0.0	6	0	0	0	69	0	0	0	0	2	0	0	0	5	0	0	0	0	35	0	0	0	352	0	0	0	0	27	0	0	0	0	0	0	0	0	3	0	0	0	0	0	0	0	0	112	0	0	0	0	0	0	0	0	0.003859	0.0	0.0	0.0	0.022802	0.0	0.0	0.0	0.0	0.144753	0.0	0.0	0.0	0.855247	0.0	0.0	0.0	0.0	
429	616	6413.957484598	3911.0	3911.0	0.000446	0.0	185	0	0	0	427	0	0	0	0	0.003859	0.0	0.0	0.0	0.021469	0.0	0.0	0.0	0.0	0.052566	0.0	0.0	0.0	6292.63	0.0	0.0	0.0	0.0	0.000284	0.0	0.0	0.0	14.7368	0.0	0.0	0.0	0.0	6	0	0	0	69	0	0	0	0	2	0	0	0	5	0	0	0	0	35	0	0	0	353	0	0	0	0	27	0	0	0	0	0	0	0	0	3	0	0	0	0	0	0	0	0	112	0	0	0	0	0	0	0	0	0.003859	0.0	0.0	0.0	0.021469	0.0	0.0	0.0	0.0	0.152371	0.0	0.0	0.0	0.847629	0.0	0.0	0.0	0.0	
430	617	6423.364602631	3911.0	3911.0	0.000437	0.0	185	0	0	0	428	0	0	0	0	0.003859	0.0	0.0	0.0	0.020202	0.0	0.0	0.0	0.0	0.052566	0.0	0.0	0.0	6302.03	0.0	0.0	0.0	0.0	0.000284	0.0	0.0	0.0	14.7244	0.0	0.0	0.0	0.0	6	0	0	0	69	0	0	0	0	2	0	0	0	5	0	0	0	0	35	0	0	0	354	0	0	0	0	27	0	0	0	0	0	0	0	0	3	0	0	0	0	0	0	0	0	112	0	0	0	0	0	0	0	0	0.003859	0.0	0.0	0.0	0.020202	0.0	0.0	0.0	0.0	0.160391	0.0	0.0	0.0	0.839609	0.0	0.0	0.0	0.0	
431	618	6439.673081346	3911.0	3911.0	0.000429	0.0	185	0	0	0	429	0	0	0	0	0.003859	0.0	0.0	0.0	0.018999	0.0	0.0	0.0	0.0	0.052566	0.0	0.0	0.0	6318.34	0.0	0.0	0.0	0.0	0.000284	0.0	0.0	0.0	14.7281	0.0	0.0	0.0	0.0	6	0	0	0	69	0	0	0	0	2	0	0	0	5	0	0	0	0	35	0	0	0	355	0	0	0	0	27	0	0	0	0	0	0	0	0	3	0	0	0	0	0	0	0	0	112	0	0	0	0	0	0	0	0	0.003859	0.0	0.0	0.0	0.018999	0.0	0.0	0.0	0.0	0.168832	0.0	0.0	0.0	0.831168	0.0	0.0	0.0	0.0	
432	619	6447.187636003	3911.0	3911.0	0.000416	0.0	185	0	0	0	430	0	0	0	0	0.003859	0.0	0.0	0.0	0.017856	0.0	0.0	0.0	0.0	0.052566	0.0	0.0	0.0	6325.86	0.0	0.0	0.0	0.0	0.000284	0.0	0.0	0.0	14.7113	0.0	0.0	0.0	0.0	6	0	0	0	69	0	0	0	0	2	0	0	0	5	0	0	0	0	35	0	0	0	356	0	0	0	0	27	0	0	0	0	0	0	0	0	3	0	0	0	0	0	0	0	0	112	0	0	0	0	0	0	0	0	0.003859	0.0	0.0	0.0	0.017856	0.0	0.0	0.0	0.0	0.177718	0.0	0.0	0.0	0.822282	0.0	0.0	0.0	0.0	
433	621	6451.751021644	3911.0	3911.0	0.00041	0.0	186	0	0	0	431	0	0	0	0	0.003473	0.0	0.0	0.0	0.01679	0.0	0.0	0.0	0.0	0.052819	0.0	0.0	0.0	6330.42	0.0	0.0	0.0	0.0	0.000284	0.0	0.0	0.0	14.6877	0.0	0.0	0.0	0.0	6	0	0	0	69	0	0	0	0	2	0	0	0	5	0	0	0	0	35	0	0	0	357	0	0	0	0	27	0	0	0	0	0	0	0	0	3	0	0	0	0	0	0	0	0	113	0	0	0	0	0	0	0	0	0.003473	0.0	0.0	0.0	0.01679	0.0	0.0	0.0	0.0	0.171411	0.0	0.0	0.0	0.828589	0.0	0.0	0.0	0.0	
434	622	6465.136204314	3911.0	3911.0	0.000406	0.0	186	0	0	0	432	0	0	0	0	0.003473	0.0	0.0	0.0	0.015777	0.0	0.0	0.0	0.0	0.052819	0.0	0.0	0.0	6343.8	0.0	0.0	0.0	0.0	0.000284	0.0	0.0	0.0	14.6847	0.0	0.0	0.0	0.0	6	0	0	0	69	0	0	0	0	2	0	0	0	5	0	0	0	0	35	0	0	0	358	0	0	0	0	27	0	0	0	0	0	0	0	0	3	0	0	0	0	0	0	0	0	113	0	0	0	0	0	0	0	0	0.003473	0.0	0.0	0.0	0.015777	0.0	0.0	0.0	0.0	0.180433	0.0	0.0	0.0	0.819567	0.0	0.0	0.0	0.0	
435	623	6468.146591434	3911.0	3911.0	0.000396	0.0	186	0	0	0	433	0	0	0	0	0.003473	0.0	0.0	0.0	0.014814	0.0	0.0	0.0	0.0	0.052819	0.0	0.0	0.0	6346.81	0.0	0.0	0.0	0.0	0.000284	0.0	0.0	0.0	14.6578	0.0	0.0	0.0	0.0	6	0	0	0	69	0	0	0	0	2	0	0	0	5	0	0	0	0	35	0	0	0	359	0	0	0	0	27	0	0	0	0	0	0	0	0	3	0	0	0	0	0	0	0	0	113	0	0	0	0	0	0	0	0	0.003473	0.0	0.0	0.0	0.014814	0.0	0.0	0.0	0.0	0.189929	0.0	0.0	0.0	0.810071	0.0	0.0	0.0	0.0	
436	625	6482.45455482	3911.0	3911.0	0.000394	0.0	187	0	0	0	434	0	0	0	0	0.003126	0.0	0.0	0.0	0.013917	0.0	0.0	0.0	0.0	0.053412	0.0	0.0	0.0	6361.12	0.0	0.0	0.0	0.0	0.000286	0.0	0.0	0.0	14.657	0.0	0.0	0.0	0.0	6	0	0	0	69	0	0	0	0	2	0	0	0	5	0	0	0	0	35	0	0	0	360	0	0	0	0	28	0	0	0	0	0	0	0	0	3	0	0	0	0	0	0	0	0	113	0	0	0	0	0	0	0	0	0.003126	0.0	0.0	0.0	0.013917	0.0	0.0	0.0	0.0	0.183416	0.0	0.0	0.0	0.816584	0.0	0.0	0.0	0.0	
437	626	6490.767040599	3911.0	3911.0	0.000383	0.0	187	0	0	0	435	0	0	0	0	0.003126	0.0	0.0	0.0	0.013065	0.0	0.0	0.0	0.0	0.053412	0.0	0.0	0.0	6369.43	0.0	0.0	0.0	0.0	0.000286	0.0	0.0	0.0	14.6424	0.0	0.0	0.0	0.0	6	0	0	0	69	0	0	0	0	2	0	0	0	5	0	0	0	0	35	0	0	0	361	0	0	0	0	28	0	0	0	0	0	0	0	0	3	0	0	0	0	0	0	0	0	113	0	0	0	0	0	0	0	0	0.003126	0.0	0.0	0.0	0.013065	0.0	0.0	0.0	0.0	0.19307	0.0	0.0	0.0	0.80693	0.0	0.0	0.0	0.0	
438	627	6495.785600707	3911.0	3911.0	0.000377	0.0	187	0	0	0	436	0	0	0	0	0.003126	0.0	0.0	0.0	0.012256	0.0	0.0	0.0	0.0	0.053412	0.0	0.0	0.0	6374.45	0.0	0.0	0.0	0.0	0.000286	0.0	0.0	0.0	14.6203	0.0	0.0	0.0	0.0	6	0	0	0	69	0	0	0	0	2	0	0	0	5	0	0	0	0	35	0	0	0	362	0	0	0	0	28	0	0	0	0	0	0	0	0	3	0	0	0	0	0	0	0	0	113	0	0	0	0	0	0	0	0	0.003126	0.0	0.0	0.0	0.012256	0.0	0.0	0.0	0.0	0.203231	0.0	0.0	0.0	0.796769	0.0	0.0	0.0	0.0	
439	628	6503.995323445	3911.0	3911.0	0.000373	0.0	187	0	0	0	437	0	0	0	0	0.003126	0.0	0.0	0.0	0.011486	0.0	0.0	0.0	0.0	0.053412	0.0	0.0	0.0	6382.66	0.0	0.0	0.0	0.0	0.000286	0.0	0.0	0.0	14.6056	0.0	0.0	0.0	0.0	6	0	0	0	69	0	0	0	0	2	0	0	0	5	0	0	0	0	35	0	0	0	363	0	0	0	0	28	0	0	0	0	0	0	0	0	3	0	0	0	0	0	0	0	0	113	0	0	0	0	0	0	0	0	0.003126	0.0	0.0	0.0	0.011486	0.0	0.0	0.0	0.0	0.213928	0.0	0.0	0.0	0.786072	0.0	0.0	0.0	0.0	
440	630	6521.295752341	3911.0	3911.0	0.000368	0.0	188	0	0	0	438	0	0	0	0	0.002813	0.0	0.0	0.0	0.010772	0.0	0.0	0.0	0.0	0.053657	0.0	0.0	0.0	6399.96	0.0	0.0	0.0	0.0	0.000285	0.0	0.0	0.0	14.6118	0.0	0.0	0.0	0.0	6	0	0	0	69	0	0	0	0	2	0	0	0	5	0	0	0	0	35	0	0	0	364	0	0	0	0	28	0	0	0	0	0	0	0	0	3	0	0	0	0	0	0	0	0	114	0	0	0	0	0	0	0	0	0.002813	0.0	0.0	0.0	0.010772	0.0	0.0	0.0	0.0	0.207099	0.0	0.0	0.0	0.792901	0.0	0.0	0.0	0.0	
441	631	6532.057152194	3911.0	3911.0	0.000356	0.0	188	0	0	0	439	0	0	0	0	0.002813	0.0	0.0	0.0	0.010092	0.0	0.0	0.0	0.0	0.053657	0.0	0.0	0.0	6410.72	0.0	0.0	0.0	0.0	0.000285	0.0	0.0	0.0	14.603	0.0	0.0	0.0	0.0	6	0	0	0	69	0	0	0	0	2	0	0	0	5	0	0	0	0	35	0	0	0	365	0	0	0	0	28	0	0	0	0	0	0	0	0	3	0	0	0	0	0	0	0	0	114	0	0	0	0	0	0	0	0	0.002813	0.0	0.0	0.0	0.010092	0.0	0.0	0.0	0.0	0.217999	0.0	0.0	0.0	0.782001	0.0	0.0	0.0	0.0	
442	634	6535.515579349	3911.0	3911.0	0.000348	0.0	190	0	0	0	440	0	0	0	0	0.002279	0.0	0.0	0.0	0.009474	0.0	0.0	0.0	0.0	0.054521	0.0	0.0	0.0	6414.18	0.0	0.0	0.0	0.0	0.000287	0.0	0.0	0.0	14.5777	0.0	0.0	0.0	0.0	6	0	0	0	69	0	0	0	0	2	0	0	0	5	0	0	0	0	35	0	0	0	366	0	0	0	0	29	0	0	0	0	0	0	0	0	3	0	0	0	0	0	0	0	0	115	0	0	0	0	0	0	0	0	0.002279	0.0	0.0	0.0	0.009474	0.0	0.0	0.0	0.0	0.193904	0.0	0.0	0.0	0.806096	0.0	0.0	0.0	0.0	
443	635	6556.107747145	3911.0	3911.0	0.000346	0.0	190	0	0	0	441	0	0	0	0	0.002279	0.0	0.0	0.0	0.008886	0.0	0.0	0.0	0.0	0.054521	0.0	0.0	0.0	6434.77	0.0	0.0	0.0	0.0	0.000287	0.0	0.0	0.0	14.5913	0.0	0.0	0.0	0.0	6	0	0	0	69	0	0	0	0	2	0	0	0	5	0	0	0	0	35	0	0	0	367	0	0	0	0	29	0	0	0	0	0	0	0	0	3	0	0	0	0	0	0	0	0	115	0	0	0	0	0	0	0	0	0.002279	0.0	0.0	0.0	0.008886	0.0	0.0	0.0	0.0	0.20411	0.0	0.0	0.0	0.79589	0.0	0.0	0.0	0.0	
444	636	6561.924871606	3911.0	3911.0	0.000333	0.0	190	0	0	0	442	0	0	0	0	0.002279	0.0	0.0	0.0	0.008328	0.0	0.0	0.0	0.0	0.054521	0.0	0.0	0.0	6440.59	0.0	0.0	0.0	0.0	0.000287	0.0	0.0	0.0	14.5715	0.0	0.0	0.0	0.0	6	0	0	0	69	0	0	0	0	2	0	0	0	5	0	0	0	0	35	0	0	0	368	0	0	0	0	29	0	0	0	0	0	0	0	0	3	0	0	0	0	0	0	0	0	115	0	0	0	0	0	0	0	0	0.002279	0.0	0.0	0.0	0.008328	0.0	0.0	0.0	0.0	0.214852	0.0	0.0	0.0	0.785148	0.0	0.0	0.0	0.0	
445	637	6584.30568389	3911.0	3911.0	0.000329	0.0	190	0	0	0	443	0	0	0	0	0.002279	0.0	0.0	0.0	0.007798	0.0	0.0	0.0	0.0	0.054521	0.0	0.0	0.0	6462.97	0.0	0.0	0.0	0.0	0.000287	0.0	0.0	0.0	14.5891	0.0	0.0	0.0	0.0	6	0	0	0	69	0	0	0	0	2	0	0	0	5	0	0	0	0	35	0	0	0	369	0	0	0	0	29	0	0	0	0	0	0	0	0	3	0	0	0	0	0	0	0	0	115	0	0	0	0	0	0	0	0	0.002279	0.0	0.0	0.0	0.007798	0.0	0.0	0.0	0.0	0.22616	0.0	0.0	0.0	0.77384	0.0	0.0	0.0	0.0	
446	638	6610.311765635	3911.0	3911.0	0.000315	0.0	190	0	0	0	444	0	0	0	0	0.002279	0.0	0.0	0.0	0.007294	0.0	0.0	0.0	0.0	0.054521	0.0	0.0	0.0	6488.98	0.0	0.0	0.0	0.0	0.000287	0.0	0.0	0.0	14.6148	0.0	0.0	0.0	0.0	6	0	0	0	69	0	0	0	0	2	0	0	0	5	0	0	0	0	35	0	0	0	370	0	0	0	0	29	0	0	0	0	0	0	0	0	3	0	0	0	0	0	0	0	0	115	0	0	0	0	0	0	0	0	0.002279	0.0	0.0	0.0	0.007294	0.0	0.0	0.0	0.0	0.238063	0.0	0.0	0.0	0.761937	0.0	0.0	0.0	0.0	
447	639	6629.901647169	3911.0	3911.0	0.0003	0.0	190	0	0	0	445	0	0	0	0	0.002279	0.0	0.0	0.0	0.006815	0.0	0.0	0.0	0.0	0.054521	0.0	0.0	0.0	6508.57	0.0	0.0	0.0	0.0	0.000287	0.0	0.0	0.0	14.626	0.0	0.0	0.0	0.0	6	0	0	0	69	0	0	0	0	2	0	0	0	5	0	0	0	0	35	0	0	0	371	0	0	0	0	29	0	0	0	0	0	0	0	0	3	0	0	0	0	0	0	0	0	115	0	0	0	0	0	0	0	0	0.002279	0.0	0.0	0.0	0.006815	0.0	0.0	0.0	0.0	0.250593	0.0	0.0	0.0	0.749407	0.0	0.0	0.0	0.0	
448	640	6634.082691131	3911.0	3911.0	0.000289	0.0	190	0	0	0	446	0	0	0	0	0.002279	0.0	0.0	0.0	0.00636	0.0	0.0	0.0	0.0	0.054521	0.0	0.0	0.0	6512.75	0.0	0.0	0.0	0.0	0.000287	0.0	0.0	0.0	14.6026	0.0	0.0	0.0	0.0	6	0	0	0	69	0	0	0	0	2	0	0	0	5	0	0	0	0	35	0	0	0	372	0	0	0	0	29	0	0	0	0	0	0	0	0	3	0	0	0	0	0	0	0	0	115	0	0	0	0	0	0	0	0	0.002279	0.0	0.0	0.0	0.00636	0.0	0.0	0.0	0.0	0.263782	0.0	0.0	0.0	0.736218	0.0	0.0	0.0	0.0	
449	641	6638.394683193	3911.0	3911.0	0.000286	0.0	190	0	0	0	447	0	0	0	0	0.002279	0.0	0.0	0.0	0.005928	0.0	0.0	0.0	0.0	0.054521	0.0	0.0	0.0	6517.06	0.0	0.0	0.0	0.0	0.000287	0.0	0.0	0.0	14.5796	0.0	0.0	0.0	0.0	6	0	0	0	69	0	0	0	0	2	0	0	0	5	0	0	0	0	35	0	0	0	373	0	0	0	0	29	0	0	0	0	0	0	0	0	3	0	0	0	0	0	0	0	0	115	0	0	0	0	0	0	0	0	0.002279	0.0	0.0	0.0	0.005928	0.0	0.0	0.0	0.0	0.277665	0.0	0.0	0.0	0.722335	0.0	0.0	0.0	0.0	
450	642	6642.46693908	3911.0	3911.0	0.000284	0.0	190	0	0	0	448	0	0	0	0	0.002279	0.0	0.0	0.0	0.005518	0.0	0.0	0.0	0.0	0.054521	0.0	0.0	0.0	6521.13	0.0	0.0	0.0	0.0	0.000287	0.0	0.0	0.0	14.5561	0.0	0.0	0.0	0.0	6	0	0	0	69	0	0	0	0	2	0	0	0	5	0	0	0	0	35	0	0	0	374	0	0	0	0	29	0	0	0	0	0	0	0	0	3	0	0	0	0	0	0	0	0	115	0	0	0	0	0	0	0	0	0.002279	0.0	0.0	0.0	0.005518	0.0	0.0	0.0	0.0	0.292279	0.0	0.0	0.0	0.707721	0.0	0.0	0.0	0.0	
451	644	6651.537808021	3911.0	3911.0	0.000282	0.0	191	0	0	0	449	0	0	0	0	0.002051	0.0	0.0	0.0	0.00514	0.0	0.0	0.0	0.0	0.0549	0.0	0.0	0.0	6530.2	0.0	0.0	0.0	0.0	0.000287	0.0	0.0	0.0	14.5439	0.0	0.0	0.0	0.0	6	0	0	0	69	0	0	0	0	2	0	0	0	5	0	0	0	0	36	0	0	0	375	0	0	0	0	29	0	0	0	0	0	0	0	0	3	0	0	0	0	0	0	0	0	115	0	0	0	0	0	0	0	0	0.002051	0.0	0.0	0.0	0.00514	0.0	0.0	0.0	0.0	0.285233	0.0	0.0	0.0	0.714767	0.0	0.0	0.0	0.0	
452	645	6664.78198945	3911.0	3911.0	0.000277	0.0	191	0	0	0	450	0	0	0	0	0.002051	0.0	0.0	0.0	0.00478	0.0	0.0	0.0	0.0	0.0549	0.0	0.0	0.0	6543.45	0.0	0.0	0.0	0.0	0.000287	0.0	0.0	0.0	14.541	0.0	0.0	0.0	0.0	6	0	0	0	69	0	0	0	0	2	0	0	0	5	0	0	0	0	36	0	0	0	376	0	0	0	0	29	0	0	0	0	0	0	0	0	3	0	0	0	0	0	0	0	0	115	0	0	0	0	0	0	0	0	0.002051	0.0	0.0	0.0	0.00478	0.0	0.0	0.0	0.0	0.300245	0.0	0.0	0.0	0.699755	0.0	0.0	0.0	0.0	
453	647	6681.584779369	3911.0	3911.0	0.00027	0.0	192	0	0	0	451	0	0	0	0	0.001846	0.0	0.0	0.0	0.004449	0.0	0.0	0.0	0.0	0.05513	0.0	0.0	0.0	6560.25	0.0	0.0	0.0	0.0	0.000287	0.0	0.0	0.0	14.546	0.0	0.0	0.0	0.0	6	0	0	0	69	0	0	0	0	2	0	0	0	5	0	0	0	0	36	0	0	0	377	0	0	0	0	29	0	0	0	0	0	0	0	0	3	0	0	0	0	0	0	0	0	116	0	0	0	0	0	0	0	0	0.001846	0.0	0.0	0.0	0.004449	0.0	0.0	0.0	0.0	0.293247	0.0	0.0	0.0	0.706753	0.0	0.0	0.0	0.0	
454	648	6684.319738107	3911.0	3911.0	0.000261	0.0	192	0	0	0	452	0	0	0	0	0.001846	0.0	0.0	0.0	0.004134	0.0	0.0	0.0	0.0	0.05513	0.0	0.0	0.0	6562.98	0.0	0.0	0.0	0.0	0.000287	0.0	0.0	0.0	14.5199	0.0	0.0	0.0	0.0	6	0	0	0	69	0	0	0	0	2	0	0	0	5	0	0	0	0	36	0	0	0	378	0	0	0	0	29	0	0	0	0	0	0	0	0	3	0	0	0	0	0	0	0	0	116	0	0	0	0	0	0	0	0	0.001846	0.0	0.0	0.0	0.004134	0.0	0.0	0.0	0.0	0.308681	0.0	0.0	0.0	0.691319	0.0	0.0	0.0	0.0	
455	649	6691.032906503	3911.0	3911.0	0.00026	0.0	192	0	0	0	453	0	0	0	0	0.001846	0.0	0.0	0.0	0.003835	0.0	0.0	0.0	0.0	0.05513	0.0	0.0	0.0	6569.7	0.0	0.0	0.0	0.0	0.000287	0.0	0.0	0.0	14.5026	0.0	0.0	0.0	0.0	6	0	0	0	69	0	0	0	0	2	0	0	0	5	0	0	0	0	36	0	0	0	379	0	0	0	0	29	0	0	0	0	0	0	0	0	3	0	0	0	0	0	0	0	0	116	0	0	0	0	0	0	0	0	0.001846	0.0	0.0	0.0	0.003835	0.0	0.0	0.0	0.0	0.324928	0.0	0.0	0.0	0.675072	0.0	0.0	0.0	0.0	
456	650	6697.874835131	3911.0	3911.0	0.000256	0.0	192	0	0	0	454	0	0	0	0	0.001846	0.0	0.0	0.0	0.003551	0.0	0.0	0.0	0.0	0.05513	0.0	0.0	0.0	6576.54	0.0	0.0	0.0	0.0	0.000287	0.0	0.0	0.0	14.4858	0.0	0.0	0.0	0.0	6	0	0	0	69	0	0	0	0	2	0	0	0	5	0	0	0	0	36	0	0	0	380	0	0	0	0	29	0	0	0	0	0	0	0	0	3	0	0	0	0	0	0	0	0	116	0	0	0	0	0	0	0	0	0.001846	0.0	0.0	0.0	0.003551	0.0	0.0	0.0	0.0	0.342029	0.0	0.0	0.0	0.657971	0.0	0.0	0.0	0.0	
457	652	6702.441414437	3911.0	3911.0	0.000253	0.0	193	0	0	0	455	0	0	0	0	0.001661	0.0	0.0	0.0	0.00329	0.0	0.0	0.0	0.0	0.055367	0.0	0.0	0.0	6581.11	0.0	0.0	0.0	0.0	0.000287	0.0	0.0	0.0	14.464	0.0	0.0	0.0	0.0	6	0	0	0	69	0	0	0	0	2	0	0	0	5	0	0	0	0	36	0	0	0	381	0	0	0	0	29	0	0	0	0	0	0	0	0	3	0	0	0	0	0	0	0	0	117	0	0	0	0	0	0	0	0	0.001661	0.0	0.0	0.0	0.00329	0.0	0.0	0.0	0.0	0.335503	0.0	0.0	0.0	0.664497	0.0	0.0	0.0	0.0	
458	653	6712.399447008	3911.0	3911.0	0.000251	0.0	193	0	0	0	456	0	0	0	0	0.001661	0.0	0.0	0.0	0.003043	0.0	0.0	0.0	0.0	0.055367	0.0	0.0	0.0	6591.06	0.0	0.0	0.0	0.0	0.000287	0.0	0.0	0.0	14.4541	0.0	0.0	0.0	0.0	6	0	0	0	69	0	0	0	0	2	0	0	0	5	0	0	0	0	36	0	0	0	382	0	0	0	0	29	0	0	0	0	0	0	0	0	3	0	0	0	0	0	0	0	0	117	0	0	0	0	0	0	0	0	0.001661	0.0	0.0	0.0	0.003043	0.0	0.0	0.0	0.0	0.353161	0.0	0.0	0.0	0.646839	0.0	0.0	0.0	0.0	
459	657	6718.668716089	3911.0	3911.0	0.000246	0.0	196	0	0	0	457	0	0	0	0	0.001211	0.0	0.0	0.0	0.00283	0.0	0.0	0.0	0.0	0.056428	0.0	0.0	0.0	6597.33	0.0	0.0	0.0	0.0	0.000288	0.0	0.0	0.0	14.4362	0.0	0.0	0.0	0.0	6	0	0	0	69	0	0	0	0	2	0	0	0	5	0	0	0	0	36	0	0	0	383	0	0	0	0	30	0	0	0	0	0	0	0	0	3	0	0	0	0	0	0	0	0	119	0	0	0	0	0	0	0	0	0.001211	0.0	0.0	0.0	0.00283	0.0	0.0	0.0	0.0	0.299686	0.0	0.0	0.0	0.700314	0.0	0.0	0.0	0.0	
460	658	6727.587820883	3911.0	3911.0	0.000243	0.0	196	0	0	0	458	0	0	0	0	0.001211	0.0	0.0	0.0	0.002628	0.0	0.0	0.0	0.0	0.056428	0.0	0.0	0.0	6606.25	0.0	0.0	0.0	0.0	0.000288	0.0	0.0	0.0	14.4241	0.0	0.0	0.0	0.0	6	0	0	0	69	0	0	0	0	2	0	0	0	5	0	0	0	0	36	0	0	0	384	0	0	0	0	30	0	0	0	0	0	0	0	0	3	0	0	0	0	0	0	0	0	119	0	0	0	0	0	0	0	0	0.001211	0.0	0.0	0.0	0.002628	0.0	0.0	0.0	0.0	0.315459	0.0	0.0	0.0	0.684541	0.0	0.0	0.0	0.0	
461	660	6730.38639066	3911.0	3911.0	0.000239	0.0	197	0	0	0	459	0	0	0	0	0.00109	0.0	0.0	0.0	0.002442	0.0	0.0	0.0	0.0	0.056944	0.0	0.0	0.0	6609.05	0.0	0.0	0.0	0.0	0.000289	0.0	0.0	0.0	14.3988	0.0	0.0	0.0	0.0	6	0	0	0	69	0	0	0	0	2	0	0	0	5	0	0	0	0	36	0	0	0	385	0	0	0	0	31	0	0	0	0	0	0	0	0	3	0	0	0	0	0	0	0	0	119	0	0	0	0	0	0	0	0	0.00109	0.0	0.0	0.0	0.002442	0.0	0.0	0.0	0.0	0.308591	0.0	0.0	0.0	0.691409	0.0	0.0	0.0	0.0	
462	661	6733.073767172	3911.0	3911.0	0.000238	0.0	197	0	0	0	460	0	0	0	0	0.00109	0.0	0.0	0.0	0.002266	0.0	0.0	0.0	0.0	0.056944	0.0	0.0	0.0	6611.74	0.0	0.0	0.0	0.0	0.000289	0.0	0.0	0.0	14.3733	0.0	0.0	0.0	0.0	6	0	0	0	69	0	0	0	0	2	0	0	0	5	0	0	0	0	36	0	0	0	386	0	0	0	0	31	0	0	0	0	0	0	0	0	3	0	0	0	0	0	0	0	0	119	0	0	0	0	0	0	0	0	0.00109	0.0	0.0	0.0	0.002266	0.0	0.0	0.0	0.0	0.324832	0.0	0.0	0.0	0.675168	0.0	0.0	0.0	0.0	
463	662	6735.708487803	3911.0	3911.0	0.000237	0.0	197	0	0	0	461	0	0	0	0	0.00109	0.0	0.0	0.0	0.002098	0.0	0.0	0.0	0.0	0.056944	0.0	0.0	0.0	6614.37	0.0	0.0	0.0	0.0	0.000289	0.0	0.0	0.0	14.3479	0.0	0.0	0.0	0.0	6	0	0	0	69	0	0	0	0	2	0	0	0	5	0	0	0	0	36	0	0	0	387	0	0	0	0	31	0	0	0	0	0	0	0	0	3	0	0	0	0	0	0	0	0	119	0	0	0	0	0	0	0	0	0.00109	0.0	0.0	0.0	0.002098	0.0	0.0	0.0	0.0	0.341929	0.0	0.0	0.0	0.658071	0.0	0.0	0.0	0.0	
464	663	6758.502467879	3911.0	3911.0	0.000235	0.0	197	0	0	0	462	0	0	0	0	0.00109	0.0	0.0	0.0	0.001938	0.0	0.0	0.0	0.0	0.056944	0.0	0.0	0.0	6637.17	0.0	0.0	0.0	0.0	0.000289	0.0	0.0	0.0	14.3662	0.0	0.0	0.0	0.0	6	0	0	0	69	0	0	0	0	2	0	0	0	5	0	0	0	0	36	0	0	0	388	0	0	0	0	31	0	0	0	0	0	0	0	0	3	0	0	0	0	0	0	0	0	119	0	0	0	0	0	0	0	0	0.00109	0.0	0.0	0.0	0.001938	0.0	0.0	0.0	0.0	0.359925	0.0	0.0	0.0	0.640075	0.0	0.0	0.0	0.0	
465	664	6768.597010856	3911.0	3911.0	0.000225	0.0	197	0	0	0	463	0	0	0	0	0.00109	0.0	0.0	0.0	0.001787	0.0	0.0	0.0	0.0	0.056944	0.0	0.0	0.0	6647.26	0.0	0.0	0.0	0.0	0.000289	0.0	0.0	0.0	14.3569	0.0	0.0	0.0	0.0	6	0	0	0	69	0	0	0	0	2	0	0	0	5	0	0	0	0	36	0	0	0	389	0	0	0	0	31	0	0	0	0	0	0	0	0	3	0	0	0	0	0	0	0	0	119	0	0	0	0	0	0	0	0	0.00109	0.0	0.0	0.0	0.001787	0.0	0.0	0.0	0.0	0.378868	0.0	0.0	0.0	0.621132	0.0	0.0	0.0	0.0	
466	668	6776.604393479	3911.0	3911.0	0.000221	0.0	200	0	0	0	464	0	0	0	0	0.000795	0.0	0.0	0.0	0.001658	0.0	0.0	0.0	0.0	0.058042	0.0	0.0	0.0	6655.27	0.0	0.0	0.0	0.0	0.00029	0.0	0.0	0.0	14.3432	0.0	0.0	0.0	0.0	6	0	0	0	69	0	0	0	0	2	0	0	0	5	0	0	0	0	36	0	0	0	390	0	0	0	0	33	0	0	0	0	0	0	0	0	3	0	0	0	0	0	0	0	0	120	0	0	0	0	0	0	0	0	0.000795	0.0	0.0	0.0	0.001658	0.0	0.0	0.0	0.0	0.323997	0.0	0.0	0.0	0.676003	0.0	0.0	0.0	0.0	
467	669	6791.983681587	3911.0	3911.0	0.000218	0.0	200	0	0	0	465	0	0	0	0	0.000795	0.0	0.0	0.0	0.001535	0.0	0.0	0.0	0.0	0.058042	0.0	0.0	0.0	6670.65	0.0	0.0	0.0	0.0	0.00029	0.0	0.0	0.0	14.3455	0.0	0.0	0.0	0.0	6	0	0	0	69	0	0	0	0	2	0	0	0	5	0	0	0	0	36	0	0	0	391	0	0	0	0	33	0	0	0	0	0	0	0	0	3	0	0	0	0	0	0	0	0	120	0	0	0	0	0	0	0	0	0.000795	0.0	0.0	0.0	0.001535	0.0	0.0	0.0	0.0	0.34105	0.0	0.0	0.0	0.65895	0.0	0.0	0.0	0.0	
468	670	6798.301778048	3911.0	3911.0	0.000211	0.0	200	0	0	0	466	0	0	0	0	0.000795	0.0	0.0	0.0	0.001419	0.0	0.0	0.0	0.0	0.058042	0.0	0.0	0.0	6676.96	0.0	0.0	0.0	0.0	0.00029	0.0	0.0	0.0	14.3282	0.0	0.0	0.0	0.0	6	0	0	0	69	0	0	0	0	2	0	0	0	5	0	0	0	0	36	0	0	0	392	0	0	0	0	33	0	0	0	0	0	0	0	0	3	0	0	0	0	0	0	0	0	120	0	0	0	0	0	0	0	0	0.000795	0.0	0.0	0.0	0.001419	0.0	0.0	0.0	0.0	0.358999	0.0	0.0	0.0	0.641001	0.0	0.0	0.0	0.0	
469	671	6805.711631946	3911.0	3911.0	0.000209	0.0	200	0	0	0	467	0	0	0	0	0.000795	0.0	0.0	0.0	0.001308	0.0	0.0	0.0	0.0	0.058042	0.0	0.0	0.0	6684.37	0.0	0.0	0.0	0.0	0.00029	0.0	0.0	0.0	14.3134	0.0	0.0	0.0	0.0	6	0	0	0	69	0	0	0	0	2	0	0	0	5	0	0	0	0	36	0	0	0	393	0	0	0	0	33	0	0	0	0	0	0	0	0	3	0	0	0	0	0	0	0	0	120	0	0	0	0	0	0	0	0	0.000795	0.0	0.0	0.0	0.001308	0.0	0.0	0.0	0.0	0.377894	0.0	0.0	0.0	0.622106	0.0	0.0	0.0	0.0	
470	672	6811.738094788	3911.0	3911.0	0.000206	0.0	200	0	0	0	468	0	0	0	0	0.000795	0.0	0.0	0.0	0.001203	0.0	0.0	0.0	0.0	0.058042	0.0	0.0	0.0	6690.4	0.0	0.0	0.0	0.0	0.00029	0.0	0.0	0.0	14.2957	0.0	0.0	0.0	0.0	6	0	0	0	69	0	0	0	0	2	0	0	0	5	0	0	0	0	36	0	0	0	394	0	0	0	0	33	0	0	0	0	0	0	0	0	3	0	0	0	0	0	0	0	0	120	0	0	0	0	0	0	0	0	0.000795	0.0	0.0	0.0	0.001203	0.0	0.0	0.0	0.0	0.397783	0.0	0.0	0.0	0.602217	0.0	0.0	0.0	0.0	
471	673	6823.358449582	3911.0	3911.0	0.000203	0.0	200	0	0	0	469	0	0	0	0	0.000795	0.0	0.0	0.0	0.001103	0.0	0.0	0.0	0.0	0.058042	0.0	0.0	0.0	6702.02	0.0	0.0	0.0	0.0	0.00029	0.0	0.0	0.0	14.29	0.0	0.0	0.0	0.0	6	0	0	0	69	0	0	0	0	2	0	0	0	5	0	0	0	0	36	0	0	0	395	0	0	0	0	33	0	0	0	0	0	0	0	0	3	0	0	0	0	0	0	0	0	120	0	0	0	0	0	0	0	0	0.000795	0.0	0.0	0.0	0.001103	0.0	0.0	0.0	0.0	0.418719	0.0	0.0	0.0	0.581281	0.0	0.0	0.0	0.0	
472	674	6833.229678549	3911.0	3911.0	0.000199	0.0	200	0	0	0	470	0	0	0	0	0.000795	0.0	0.0	0.0	0.001008	0.0	0.0	0.0	0.0	0.058042	0.0	0.0	0.0	6711.89	0.0	0.0	0.0	0.0	0.00029	0.0	0.0	0.0	14.2806	0.0	0.0	0.0	0.0	6	0	0	0	69	0	0	0	0	2	0	0	0	5	0	0	0	0	36	0	0	0	396	0	0	0	0	33	0	0	0	0	0	0	0	0	3	0	0	0	0	0	0	0	0	120	0	0	0	0	0	0	0	0	0.000795	0.0	0.0	0.0	0.001008	0.0	0.0	0.0	0.0	0.440756	0.0	0.0	0.0	0.559244	0.0	0.0	0.0	0.0	
473	677	6880.706905418	3911.0	3911.0	0.000195	0.0	202	0	0	0	471	0	0	0	0	0.000644	0.0	0.0	0.0	0.000926	0.0	0.0	0.0	0.0	0.058445	0.0	0.0	0.0	6759.37	0.0	0.0	0.0	0.0	0.000289	0.0	0.0	0.0	14.3511	0.0	0.0	0.0	0.0	6	0	0	0	69	0	0	0	0	2	0	0	0	5	0	0	0	0	36	0	0	0	397	0	0	0	0	33	0	0	0	0	0	0	0	0	3	0	0	0	0	0	0	0	0	122	0	0	0	0	0	0	0	0	0.000644	0.0	0.0	0.0	0.000926	0.0	0.0	0.0	0.0	0.41015	0.0	0.0	0.0	0.58985	0.0	0.0	0.0	0.0	
474	678	6887.636511649	3911.0	3911.0	0.000178	0.0	202	0	0	0	472	0	0	0	0	0.000644	0.0	0.0	0.0	0.000847	0.0	0.0	0.0	0.0	0.058445	0.0	0.0	0.0	6766.3	0.0	0.0	0.0	0.0	0.000289	0.0	0.0	0.0	14.3354	0.0	0.0	0.0	0.0	6	0	0	0	69	0	0	0	0	2	0	0	0	5	0	0	0	0	36	0	0	0	398	0	0	0	0	33	0	0	0	0	0	0	0	0	3	0	0	0	0	0	0	0	0	122	0	0	0	0	0	0	0	0	0.000644	0.0	0.0	0.0	0.000847	0.0	0.0	0.0	0.0	0.431737	0.0	0.0	0.0	0.568263	0.0	0.0	0.0	0.0	
475	679	6901.191210063	3911.0	3911.0	0.000176	0.0	202	0	0	0	473	0	0	0	0	0.000644	0.0	0.0	0.0	0.000773	0.0	0.0	0.0	0.0	0.058445	0.0	0.0	0.0	6779.85	0.0	0.0	0.0	0.0	0.000289	0.0	0.0	0.0	14.3337	0.0	0.0	0.0	0.0	6	0	0	0	69	0	0	0	0	2	0	0	0	5	0	0	0	0	36	0	0	0	399	0	0	0	0	33	0	0	0	0	0	0	0	0	3	0	0	0	0	0	0	0	0	122	0	0	0	0	0	0	0	0	0.000644	0.0	0.0	0.0	0.000773	0.0	0.0	0.0	0.0	0.454459	0.0	0.0	0.0	0.545541	0.0	0.0	0.0	0.0	
476	681	6905.638900936	3911.0	3911.0	0.000171	0.0	203	0	0	0	474	0	0	0	0	0.000579	0.0	0.0	0.0	0.000705	0.0	0.0	0.0	0.0	0.05869	0.0	0.0	0.0	6784.3	0.0	0.0	0.0	0.0	0.000289	0.0	0.0	0.0	14.3129	0.0	0.0	0.0	0.0	6	0	0	0	69	0	0	0	0	2	0	0	0	5	0	0	0	0	36	0	0	0	400	0	0	0	0	33	0	0	0	0	0	0	0	0	3	0	0	0	0	0	0	0	0	123	0	0	0	0	0	0	0	0	0.000579	0.0	0.0	0.0	0.000705	0.0	0.0	0.0	0.0	0.451038	0.0	0.0	0.0	0.548962	0.0	0.0	0.0	0.0	
477	682	6908.63075904	3911.0	3911.0	0.00017	0.0	203	0	0	0	475	0	0	0	0	0.000579	0.0	0.0	0.0	0.000641	0.0	0.0	0.0	0.0	0.05869	0.0	0.0	0.0	6787.29	0.0	0.0	0.0	0.0	0.000289	0.0	0.0	0.0	14.289	0.0	0.0	0.0	0.0	6	0	0	0	69	0	0	0	0	2	0	0	0	5	0	0	0	0	36	0	0	0	401	0	0	0	0	33	0	0	0	0	0	0	0	0	3	0	0	0	0	0	0	0	0	123	0	0	0	0	0	0	0	0	0.000579	0.0	0.0	0.0	0.000641	0.0	0.0	0.0	0.0	0.474777	0.0	0.0	0.0	0.525223	0.0	0.0	0.0	0.0	
478	683	6913.703199031	3911.0	3911.0	0.000169	0.0	203	0	0	0	476	0	0	0	0	0.000579	0.0	0.0	0.0	0.00058	0.0	0.0	0.0	0.0	0.05869	0.0	0.0	0.0	6792.36	0.0	0.0	0.0	0.0	0.000289	0.0	0.0	0.0	14.2697	0.0	0.0	0.0	0.0	6	0	0	0	69	0	0	0	0	2	0	0	0	5	0	0	0	0	36	0	0	0	402	0	0	0	0	33	0	0	0	0	0	0	0	0	3	0	0	0	0	0	0	0	0	123	0	0	0	0	0	0	0	0	0.000579	0.0	0.0	0.0	0.00058	0.0	0.0	0.0	0.0	0.499764	0.0	0.0	0.0	0.500236	0.0	0.0	0.0	0.0	
479	685	6920.895058018	3911.0	3911.0	0.000167	0.0	204	0	0	0	477	0	0	0	0	0.000521	0.0	0.0	0.0	0.000525	0.0	0.0	0.0	0.0	0.05889	0.0	0.0	0.0	6799.56	0.0	0.0	0.0	0.0	0.000289	0.0	0.0	0.0	14.2548	0.0	0.0	0.0	0.0	6	0	0	0	69	0	0	0	0	2	0	0	0	5	0	0	0	0	36	0	0	0	403	0	0	0	0	33	0	0	0	0	0	0	0	0	3	0	0	0	0	0	0	0	0	124	0	0	0	0	0	0	0	0	0.000521	0.0	0.0	0.0	0.000525	0.0	0.0	0.0	0.0	0.498367	0.0	0.0	0.0	0.501633	0.0	0.0	0.0	0.0	
480	688	6930.907505062	3911.0	3911.0	0.000165	0.0	206	0	0	0	478	0	0	0	0	0.000422	0.0	0.0	0.0	0.000477	0.0	0.0	0.0	0.0	0.059496	0.0	0.0	0.0	6809.57	0.0	0.0	0.0	0.0	0.000289	0.0	0.0	0.0	14.246	0.0	0.0	0.0	0.0	6	0	0	0	69	0	0	0	0	2	0	0	0	5	0	0	0	0	36	0	0	0	404	0	0	0	0	34	0	0	0	0	0	0	0	0	3	0	0	0	0	0	0	0	0	125	0	0	0	0	0	0	0	0	0.000422	0.0	0.0	0.0	0.000477	0.0	0.0	0.0	0.0	0.469368	0.0	0.0	0.0	0.530632	0.0	0.0	0.0	0.0	
481	690	6937.027725617	3911.0	3911.0	0.000162	0.0	207	0	0	0	479	0	0	0	0	0.00038	0.0	0.0	0.0	0.000435	0.0	0.0	0.0	0.0	0.059752	0.0	0.0	0.0	6815.69	0.0	0.0	0.0	0.0	0.000289	0.0	0.0	0.0	14.229	0.0	0.0	0.0	0.0	6	0	0	0	69	0	0	0	0	2	0	0	0	5	0	0	0	0	36	0	0	0	405	0	0	0	0	34	0	0	0	0	0	0	0	0	3	0	0	0	0	0	0	0	0	126	0	0	0	0	0	0	0	0	0.00038	0.0	0.0	0.0	0.000435	0.0	0.0	0.0	0.0	0.466562	0.0	0.0	0.0	0.533438	0.0	0.0	0.0	0.0	
482	691	6941.455417921	3911.0	3911.0	0.00016	0.0	207	0	0	0	480	0	0	0	0	0.00038	0.0	0.0	0.0	0.000394	0.0	0.0	0.0	0.0	0.059752	0.0	0.0	0.0	6820.12	0.0	0.0	0.0	0.0	0.000289	0.0	0.0	0.0	14.2086	0.0	0.0	0.0	0.0	6	0	0	0	69	0	0	0	0	2	0	0	0	5	0	0	0	0	36	0	0	0	406	0	0	0	0	34	0	0	0	0	0	0	0	0	3	0	0	0	0	0	0	0	0	126	0	0	0	0	0	0	0	0	0.00038	0.0	0.0	0.0	0.000394	0.0	0.0	0.0	0.0	0.491118	0.0	0.0	0.0	0.508882	0.0	0.0	0.0	0.0	
483	692	6950.191377799	3911.0	3911.0	0.000158	0.0	207	0	0	0	481	0	0	0	0	0.00038	0.0	0.0	0.0	0.000355	0.0	0.0	0.0	0.0	0.059752	0.0	0.0	0.0	6828.85	0.0	0.0	0.0	0.0	0.000289	0.0	0.0	0.0	14.1972	0.0	0.0	0.0	0.0	6	0	0	0	69	0	0	0	0	2	0	0	0	5	0	0	0	0	36	0	0	0	407	0	0	0	0	34	0	0	0	0	0	0	0	0	3	0	0	0	0	0	0	0	0	126	0	0	0	0	0	0	0	0	0.00038	0.0	0.0	0.0	0.000355	0.0	0.0	0.0	0.0	0.516965	0.0	0.0	0.0	0.483035	0.0	0.0	0.0	0.0	
484	693	6954.164906733	3911.0	3911.0	0.000156	0.0	207	0	0	0	482	0	0	0	0	0.00038	0.0	0.0	0.0	0.00032	0.0	0.0	0.0	0.0	0.059752	0.0	0.0	0.0	6832.82	0.0	0.0	0.0	0.0	0.000289	0.0	0.0	0.0	14.176	0.0	0.0	0.0	0.0	6	0	0	0	69	0	0	0	0	2	0	0	0	5	0	0	0	0	36	0	0	0	408	0	0	0	0	34	0	0	0	0	0	0	0	0	3	0	0	0	0	0	0	0	0	126	0	0	0	0	0	0	0	0	0.00038	0.0	0.0	0.0	0.00032	0.0	0.0	0.0	0.0	0.543203	0.0	0.0	0.0	0.456797	0.0	0.0	0.0	0.0	
485	760	6971.767890522	3910.9977777777776	3910.9977777777776	0.000155	0.0	273	0	0	0	483	0	0	0	0	0.003654	0.0	0.0	0.0	0.000288	0.0	0.0	0.0	0.0	0.075061	0.0	0.0	0.0	6850.41	0.0	0.0	0.0	0.0	0.000275	0.0	0.0	0.0	14.183	0.0	0.0	0.0	0.0	7	0	0	0	69	0	0	0	0	2	0	0	0	5	0	0	0	0	46	0	0	0	408	0	0	0	0	50	0	0	0	1	0	0	0	0	3	0	0	0	0	0	0	0	0	165	0	0	0	0	0	0	0	0	0.003654	0.0	0.0	0.0	0.000288	0.0	0.0	0.0	0.0	0.927026	0.0	0.0	0.0	0.072974	0.0	0.0	0.0	0.0	
486	763	6979.54303586	3910.9977777777776	3910.9977777777776	0.000149	0.0	275	0	0	0	484	0	0	0	0	0.00327	0.0	0.0	0.0	0.000259	0.0	0.0	0.0	0.0	0.075561	0.0	0.0	0.0	6858.19	0.0	0.0	0.0	0.0	0.000275	0.0	0.0	0.0	14.1698	0.0	0.0	0.0	0.0	7	0	0	0	69	0	0	0	0	2	0	0	0	5	0	0	0	0	47	0	0	0	408	0	0	0	0	50	0	0	0	2	0	0	0	0	3	0	0	0	0	0	0	0	0	166	0	0	0	0	0	0	0	0	0.00327	0.0	0.0	0.0	0.000259	0.0	0.0	0.0	0.0	0.926635	0.0	0.0	0.0	0.073365	0.0	0.0	0.0	0.0	
487	771	6997.153545209	3910.9977777777776	3910.9977777777776	0.000147	0.0	282	0	0	0	485	0	0	0	0	0.002205	0.0	0.0	0.0	0.000233	0.0	0.0	0.0	0.0	0.077583	0.0	0.0	0.0	6875.8	0.0	0.0	0.0	0.0	0.000275	0.0	0.0	0.0	14.1769	0.0	0.0	0.0	0.0	7	0	0	0	69	0	0	0	0	2	0	0	0	5	0	0	0	0	47	0	0	0	408	0	0	0	0	53	0	0	0	3	0	0	0	0	3	0	0	0	0	0	0	0	0	170	0	0	0	0	0	0	0	0	0.002205	0.0	0.0	0.0	0.000233	0.0	0.0	0.0	0.0	0.904445	0.0	0.0	0.0	0.095555	0.0	0.0	0.0	0.0	
488	788	7007.878459285	3910.9977777777776	3910.9977777777776	0.000142	0.0	298	0	0	0	486	0	0	0	0	0.00084	0.0	0.0	0.0	0.00021	0.0	0.0	0.0	0.0	0.080319	0.0	0.0	0.0	6886.52	0.0	0.0	0.0	0.0	0.00027	0.0	0.0	0.0	14.1698	0.0	0.0	0.0	0.0	7	0	0	0	69	0	0	0	0	2	0	0	0	5	0	0	0	0	49	0	0	0	408	0	0	0	0	55	0	0	0	4	0	0	0	0	3	0	0	0	0	0	0	0	0	182	0	0	0	0	0	0	0	0	0.00084	0.0	0.0	0.0	0.00021	0.0	0.0	0.0	0.0	0.800267	0.0	0.0	0.0	0.199733	0.0	0.0	0.0	0.0	
489	799	7038.853786128	3910.9977777777776	3910.9977777777776	0.000139	0.0	308	0	0	0	487	0	0	0	0	0.000419	0.0	0.0	0.0	0.000189	0.0	0.0	0.0	0.0	0.082048	0.0	0.0	0.0	6917.49	0.0	0.0	0.0	0.0	0.000266	0.0	0.0	0.0	14.2043	0.0	0.0	0.0	0.0	7	0	0	0	69	0	0	0	0	2	0	0	0	5	0	0	0	0	51	0	0	0	408	0	0	0	0	56	0	0	0	5	0	0	0	0	3	0	0	0	0	0	0	0	0	189	0	0	0	0	0	0	0	0	0.000419	0.0	0.0	0.0	0.000189	0.0	0.0	0.0	0.0	0.689408	0.0	0.0	0.0	0.310592	0.0	0.0	0.0	0.0	
490	800	7074.109392814	3910.9977777777776	3910.9977777777776	0.000131	0.0	308	0	0	0	488	0	0	0	0	0.000419	0.0	0.0	0.0	0.00017	0.0	0.0	0.0	0.0	0.082048	0.0	0.0	0.0	6952.75	0.0	0.0	0.0	0.0	0.000266	0.0	0.0	0.0	14.2474	0.0	0.0	0.0	0.0	7	0	0	0	69	0	0	0	0	2	0	0	0	5	0	0	0	0	51	0	0	0	408	0	0	0	0	56	0	0	0	6	0	0	0	0	3	0	0	0	0	0	0	0	0	189	0	0	0	0	0	0	0	0	0.000419	0.0	0.0	0.0	0.00017	0.0	0.0	0.0	0.0	0.711507	0.0	0.0	0.0	0.288493	0.0	0.0	0.0	0.0	
491	801	7083.85611673	3910.9977777777776	3910.9977777777776	0.000123	0.0	308	0	0	0	489	0	0	0	0	0.000419	0.0	0.0	0.0	0.000153	0.0	0.0	0.0	0.0	0.082048	0.0	0.0	0.0	6962.49	0.0	0.0	0.0	0.0	0.000266	0.0	0.0	0.0	14.2382	0.0	0.0	0.0	0.0	7	0	0	0	69	0	0	0	0	2	0	0	0	5	0	0	0	0	51	0	0	0	408	0	0	0	0	56	0	0	0	7	0	0	0	0	3	0	0	0	0	0	0	0	0	189	0	0	0	0	0	0	0	0	0.000419	0.0	0.0	0.0	0.000153	0.0	0.0	0.0	0.0	0.732643	0.0	0.0	0.0	0.267357	0.0	0.0	0.0	0.0	
492	804	7097.709882498	3910.9977777777776	3910.9977777777776	0.00012	0.0	310	0	0	0	490	0	0	0	0	0.000363	0.0	0.0	0.0	0.000138	0.0	0.0	0.0	0.0	0.082678	0.0	0.0	0.0	6976.35	0.0	0.0	0.0	0.0	0.000267	0.0	0.0	0.0	14.2374	0.0	0.0	0.0	0.0	7	0	0	0	69	0	0	0	0	2	0	0	0	5	0	0	0	0	52	0	0	0	408	0	0	0	0	56	0	0	0	8	0	0	0	0	3	0	0	0	0	0	0	0	0	190	0	0	0	0	0	0	0	0	0.000363	0.0	0.0	0.0	0.000138	0.0	0.0	0.0	0.0	0.725245	0.0	0.0	0.0	0.274755	0.0	0.0	0.0	0.0	
493	805	7103.002322752	3910.9977777777776	3910.9977777777776	0.000117	0.0	310	0	0	0	491	0	0	0	0	0.000363	0.0	0.0	0.0	0.000124	0.0	0.0	0.0	0.0	0.082678	0.0	0.0	0.0	6981.64	0.0	0.0	0.0	0.0	0.000267	0.0	0.0	0.0	14.2192	0.0	0.0	0.0	0.0	7	0	0	0	69	0	0	0	0	2	0	0	0	5	0	0	0	0	52	0	0	0	408	0	0	0	0	56	0	0	0	9	0	0	0	0	3	0	0	0	0	0	0	0	0	190	0	0	0	0	0	0	0	0	0.000363	0.0	0.0	0.0	0.000124	0.0	0.0	0.0	0.0	0.745734	0.0	0.0	0.0	0.254266	0.0	0.0	0.0	0.0	
494	811	7105.899975369	3910.9977777777776	3910.9977777777776	0.000116	0.0	315	0	0	0	492	0	0	0	0	0.000253	0.0	0.0	0.0	0.000111	0.0	0.0	0.0	0.0	0.083942	0.0	0.0	0.0	6984.54	0.0	0.0	0.0	0.0	0.000266	0.0	0.0	0.0	14.1962	0.0	0.0	0.0	0.0	7	0	0	0	69	0	0	0	0	2	0	0	0	5	0	0	0	0	55	0	0	0	408	0	0	0	0	57	0	0	0	10	0	0	0	0	3	0	0	0	0	0	0	0	0	191	0	0	0	0	0	0	0	0	0.000253	0.0	0.0	0.0	0.000111	0.0	0.0	0.0	0.0	0.694212	0.0	0.0	0.0	0.305788	0.0	0.0	0.0	0.0	
495	815	7109.670999273	3910.9977777777776	3910.9977777777776	0.000115	0.0	318	0	0	0	493	0	0	0	0	0.000201	0.0	0.0	0.0	0.0001	0.0	0.0	0.0	0.0	0.084582	0.0	0.0	0.0	6988.31	0.0	0.0	0.0	0.0	0.000266	0.0	0.0	0.0	14.1751	0.0	0.0	0.0	0.0	7	0	0	0	69	0	0	0	0	2	0	0	0	5	0	0	0	0	56	0	0	0	408	0	0	0	0	57	0	0	0	11	0	0	0	0	3	0	0	0	0	0	0	0	0	193	0	0	0	0	0	0	0	0	0.000201	0.0	0.0	0.0	0.0001	0.0	0.0	0.0	0.0	0.667138	0.0	0.0	0.0	0.332862	0.0	0.0	0.0	0.0	
496	816	7112.618495551	3910.9977777777776	3910.9977777777776	0.000115	0.0	318	0	0	0	494	0	0	0	0	0.000201	0.0	0.0	0.0	9.0e-5	0.0	0.0	0.0	0.0	0.084582	0.0	0.0	0.0	6991.25	0.0	0.0	0.0	0.0	0.000266	0.0	0.0	0.0	14.1523	0.0	0.0	0.0	0.0	7	0	0	0	69	0	0	0	0	2	0	0	0	5	0	0	0	0	56	0	0	0	408	0	0	0	0	57	0	0	0	12	0	0	0	0	3	0	0	0	0	0	0	0	0	193	0	0	0	0	0	0	0	0	0.000201	0.0	0.0	0.0	9.0e-5	0.0	0.0	0.0	0.0	0.69011	0.0	0.0	0.0	0.30989	0.0	0.0	0.0	0.0	
497	821	7129.85423081	3910.9977777777776	3910.9977777777776	0.000114	0.0	322	0	0	0	495	0	0	0	0	0.000147	0.0	0.0	0.0	8.1e-5	0.0	0.0	0.0	0.0	0.08565	0.0	0.0	0.0	7008.49	0.0	0.0	0.0	0.0	0.000266	0.0	0.0	0.0	14.1586	0.0	0.0	0.0	0.0	7	0	0	0	69	0	0	0	0	2	0	0	0	5	0	0	0	0	57	0	0	0	408	0	0	0	0	58	0	0	0	13	0	0	0	0	3	0	0	0	0	0	0	0	0	195	0	0	0	0	0	0	0	0	0.000147	0.0	0.0	0.0	8.1e-5	0.0	0.0	0.0	0.0	0.64404	0.0	0.0	0.0	0.35596	0.0	0.0	0.0	0.0	
498	822	7139.671796142	3910.9977777777776	3910.9977777777776	0.00011	0.0	322	0	0	0	496	0	0	0	0	0.000147	0.0	0.0	0.0	7.3e-5	0.0	0.0	0.0	0.0	0.08565	0.0	0.0	0.0	7018.31	0.0	0.0	0.0	0.0	0.000266	0.0	0.0	0.0	14.1498	0.0	0.0	0.0	0.0	7	0	0	0	69	0	0	0	0	2	0	0	0	5	0	0	0	0	57	0	0	0	408	0	0	0	0	58	0	0	0	14	0	0	0	0	3	0	0	0	0	0	0	0	0	195	0	0	0	0	0	0	0	0	0.000147	0.0	0.0	0.0	7.3e-5	0.0	0.0	0.0	0.0	0.667812	0.0	0.0	0.0	0.332188	0.0	0.0	0.0	0.0	
499	823	7143.944504335	3910.9977777777776	3910.9977777777776	0.000108	0.0	322	0	0	0	497	0	0	0	0	0.000147	0.0	0.0	0.0	6.6e-5	0.0	0.0	0.0	0.0	0.08565	0.0	0.0	0.0	7022.58	0.0	0.0	0.0	0.0	0.000266	0.0	0.0	0.0	14.1299	0.0	0.0	0.0	0.0	7	0	0	0	69	0	0	0	0	2	0	0	0	5	0	0	0	0	57	0	0	0	408	0	0	0	0	58	0	0	0	15	0	0	0	0	3	0	0	0	0	0	0	0	0	195	0	0	0	0	0	0	0	0	0.000147	0.0	0.0	0.0	6.6e-5	0.0	0.0	0.0	0.0	0.690758	0.0	0.0	0.0	0.309242	0.0	0.0	0.0	0.0	
500	828	7153.637684692	3910.9977777777776	3910.9977777777776	0.000107	0.0	326	0	0	0	498	0	0	0	0	0.000108	0.0	0.0	0.0	5.9e-5	0.0	0.0	0.0	0.0	0.086967	0.0	0.0	0.0	7032.27	0.0	0.0	0.0	0.0	0.000267	0.0	0.0	0.0	14.121	0.0	0.0	0.0	0.0	7	0	0	0	69	0	0	0	0	2	0	0	0	5	0	0	0	0	57	0	0	0	408	0	0	0	0	61	0	0	0	16	0	0	0	0	3	0	0	0	0	0	0	0	0	196	0	0	0	0	0	0	0	0	0.000108	0.0	0.0	0.0	5.9e-5	0.0	0.0	0.0	0.0	0.644813	0.0	0.0	0.0	0.355187	0.0	0.0	0.0	0.0	
501	830	7160.673622064	3910.9977777777776	3910.9977777777776	0.000105	0.0	327	0	0	0	499	0	0	0	0	9.9e-5	0.0	0.0	0.0	5.3e-5	0.0	0.0	0.0	0.0	0.087195	0.0	0.0	0.0	7039.31	0.0	0.0	0.0	0.0	0.000267	0.0	0.0	0.0	14.1068	0.0	0.0	0.0	0.0	7	0	0	0	69	0	0	0	0	2	0	0	0	5	0	0	0	0	57	0	0	0	408	0	0	0	0	61	0	0	0	17	0	0	0	0	3	0	0	0	0	0	0	0	0	197	0	0	0	0	0	0	0	0	9.9e-5	0.0	0.0	0.0	5.3e-5	0.0	0.0	0.0	0.0	0.650438	0.0	0.0	0.0	0.349562	0.0	0.0	0.0	0.0	
502	834	7167.964352012	3910.9977777777776	3910.9977777777776	0.000104	0.0	330	0	0	0	500	0	0	0	0	7.7e-5	0.0	0.0	0.0	4.8e-5	0.0	0.0	0.0	0.0	0.088064	0.0	0.0	0.0	7046.6	0.0	0.0	0.0	0.0	0.000267	0.0	0.0	0.0	14.0932	0.0	0.0	0.0	0.0	7	0	0	0	69	0	0	0	0	2	0	0	0	5	0	0	0	0	58	0	0	0	408	0	0	0	0	62	0	0	0	18	0	0	0	0	3	0	0	0	0	0	0	0	0	198	0	0	0	0	0	0	0	0	7.7e-5	0.0	0.0	0.0	4.8e-5	0.0	0.0	0.0	0.0	0.617465	0.0	0.0	0.0	0.382535	0.0	0.0	0.0	0.0	
503	836	7179.064415509	3910.9977777777776	3910.9977777777776	0.000102	0.0	331	0	0	0	501	0	0	0	0	7.1e-5	0.0	0.0	0.0	4.3e-5	0.0	0.0	0.0	0.0	0.088386	0.0	0.0	0.0	7057.7	0.0	0.0	0.0	0.0	0.000267	0.0	0.0	0.0	14.0872	0.0	0.0	0.0	0.0	7	0	0	0	69	0	0	0	0	2	0	0	0	5	0	0	0	0	58	0	0	0	408	0	0	0	0	63	0	0	0	19	0	0	0	0	3	0	0	0	0	0	0	0	0	198	0	0	0	0	0	0	0	0	7.1e-5	0.0	0.0	0.0	4.3e-5	0.0	0.0	0.0	0.0	0.622393	0.0	0.0	0.0	0.377607	0.0	0.0	0.0	0.0	
504	837	7189.062276631	3910.9977777777776	3910.9977777777776	0.0001	0.0	331	0	0	0	502	0	0	0	0	7.1e-5	0.0	0.0	0.0	3.9e-5	0.0	0.0	0.0	0.0	0.088386	0.0	0.0	0.0	7067.69	0.0	0.0	0.0	0.0	0.000267	0.0	0.0	0.0	14.0791	0.0	0.0	0.0	0.0	7	0	0	0	69	0	0	0	0	2	0	0	0	5	0	0	0	0	58	0	0	0	408	0	0	0	0	63	0	0	0	20	0	0	0	0	3	0	0	0	0	0	0	0	0	198	0	0	0	0	0	0	0	0	7.1e-5	0.0	0.0	0.0	3.9e-5	0.0	0.0	0.0	0.0	0.646818	0.0	0.0	0.0	0.353182	0.0	0.0	0.0	0.0	
505	837	7189.062300147	3910.9977777777776	3910.9977777777776	9.8e-5	0.0	331	0	0	0	502	0	0	0	0	7.1e-5	0.0	0.0	0.0	3.9e-5	0.0	0.0	0.0	0.0	0.088386	0.0	0.0	0.0	7067.69	0.0	0.0	0.0	0.0	0.000267	0.0	0.0	0.0	14.0791	0.0	0.0	0.0	0.0	7	0	0	0	69	0	0	0	0	2	0	0	0	5	0	0	0	0	58	0	0	0	408	0	0	0	0	63	0	0	0	20	0	0	0	0	3	0	0	0	0	0	0	0	0	198	0	0	0	0	0	0	0	0	7.1e-5	0.0	0.0	0.0	3.9e-5	0.0	0.0	0.0	0.0	0.646818	0.0	0.0	0.0	0.353182	0.0	0.0	0.0	0.0	
